lat,lon,sst
37.26,-76.51,27.501
37.26,-76.41,27.578
37.26,-76.36,27.617
37.26,-76.31,27.652
37.26,-76.26,27.676
37.26,-76.21,27.687
37.26,-76.16,27.7
37.26,-76.11,27.696
37.26,-76.06,27.617
37.26,-75.91,27.292
37.26,-75.81,26.97
37.26,-75.76,26.612
37.26,-75.71,26.065
37.26,-75.66,26.085
37.26,-75.61,26.176
37.26,-75.56,26.201
37.26,-75.51,26.243
37.26,-75.46,26.355
37.26,-75.41,26.537
37.26,-75.36,26.766
37.26,-75.31,27.011
37.26,-75.26,27.082
37.26,-75.21,27.186
37.26,-75.16,27.356
37.26,-75.11,27.461
37.26,-75.06,27.42
37.26,-75.01,27.341
37.26,-74.96,27.359
37.26,-74.91,27.372
37.26,-74.86,27.433
37.26,-74.81,27.406
37.26,-74.76,27.416
37.26,-74.71,27.441
37.26,-74.66,27.358
37.26,-74.61,27.264
37.26,-74.56,27.245
37.26,-74.51,27.305
37.26,-74.46,27.27
37.26,-74.41,27.321
37.26,-74.36,27.42
37.26,-74.31,27.378
37.26,-74.26,27.33
37.26,-74.21,27.449
37.26,-74.16,27.484
37.26,-74.11,27.412
37.26,-74.06,27.248
37.26,-74.01,27.175
37.26,-73.96,26.97
37.26,-73.91,26.636
37.26,-73.86,26.458
37.26,-73.81,26.388
37.26,-73.76,26.487
37.26,-73.71,26.584
37.26,-73.66,26.682
37.26,-73.61,26.824
37.26,-73.56,26.915
37.26,-73.51,26.926
37.26,-73.46,26.911
37.26,-73.41,26.927
37.26,-73.36,26.985
37.26,-73.31,27.057
37.26,-73.26,27.098
37.26,-73.21,27.125
37.26,-73.16,27.099
37.26,-73.11,27.08
37.26,-73.06,27.209
37.26,-73.01,27.319
37.26,-72.96,27.447
37.26,-72.91,27.512
37.26,-72.86,27.554
37.26,-72.81,27.533
37.26,-72.76,27.567
37.26,-72.71,27.403
37.26,-72.66,27.314
37.26,-72.61,27.26
37.26,-72.56,27.372
37.26,-72.51,27.594
37.26,-72.46,27.8
37.26,-72.41,27.959
37.26,-72.36,28.038
37.26,-72.31,28.053
37.26,-72.26,28.027
37.26,-72.21,27.982
37.26,-72.16,27.943
37.26,-72.11,27.921
37.26,-72.06,27.919
37.26,-72.01,27.94
37.26,-71.96,27.975
37.26,-71.91,28.003
37.26,-71.86,28.017
37.26,-71.81,28.017
37.26,-71.76,28.008
37.26,-71.71,27.998
37.26,-71.66,27.995
37.26,-71.61,28.014
37.26,-71.56,28.089
37.26,-71.51,28.218
37.26,-71.46,28.316
37.26,-71.41,28.304
37.26,-71.36,28.134
37.26,-71.31,27.869
37.26,-71.26,27.629
37.26,-71.21,27.487
37.26,-71.16,27.445
37.26,-71.11,27.445
37.26,-71.06,27.449
37.26,-71.01,27.427
37.26,-70.96,27.371
37.26,-70.91,27.272
37.26,-70.86,27.173
37.26,-70.81,27.052
37.26,-70.76,26.868
37.26,-70.71,26.72
37.26,-70.66,26.634
37.26,-70.61,26.716
37.26,-70.56,26.822
37.26,-70.51,26.903
37.26,-70.46,26.954
37.26,-70.41,27.002
37.26,-70.36,27.051
37.26,-70.31,27.1
37.26,-70.26,27.147
37.26,-70.21,27.22
37.26,-70.16,27.332
37.26,-70.11,27.433
37.26,-70.06,27.525
37.26,-70.01,27.612
37.26,-69.96,27.701
37.26,-69.91,27.791
37.26,-69.86,27.883
37.26,-69.81,27.983
37.26,-69.76,28.092
37.26,-69.71,28.201
37.26,-69.66,28.299
37.26,-69.61,28.381
37.26,-69.56,28.451
37.26,-69.51,28.517
37.26,-69.46,28.585
37.26,-69.41,28.665
37.26,-69.36,28.771
37.26,-69.31,28.887
37.26,-69.26,28.982
37.26,-69.21,29.037
37.26,-69.16,28.984
37.26,-69.11,28.89
37.26,-69.06,28.79
37.26,-69.01,28.7
37.31,-76.61,27.396
37.31,-76.36,27.596
37.31,-76.31,27.637
37.31,-76.26,27.673
37.31,-76.21,27.702
37.31,-76.16,27.722
37.31,-76.11,27.729
37.31,-76.06,27.689
37.31,-76.01,27.672
37.31,-75.86,27.608
37.31,-75.81,27.328
37.31,-75.76,26.535
37.31,-75.71,26.04
37.31,-75.66,25.976
37.31,-75.61,26.029
37.31,-75.56,26.089
37.31,-75.51,26.149
37.31,-75.46,26.261
37.31,-75.41,26.392
37.31,-75.36,26.557
37.31,-75.31,26.772
37.31,-75.26,26.822
37.31,-75.21,26.948
37.31,-75.16,27.141
37.31,-75.11,27.13
37.31,-75.06,27.187
37.31,-75.01,27.263
37.31,-74.96,27.301
37.31,-74.91,27.359
37.31,-74.86,27.316
37.31,-74.81,27.223
37.31,-74.76,27.35
37.31,-74.71,27.44
37.31,-74.66,27.351
37.31,-74.61,27.239
37.31,-74.56,27.306
37.31,-74.51,27.299
37.31,-74.46,27.322
37.31,-74.41,27.366
37.31,-74.36,27.4
37.31,-74.31,27.349
37.31,-74.26,27.29
37.31,-74.21,27.399
37.31,-74.16,27.384
37.31,-74.11,27.302
37.31,-74.06,27.225
37.31,-74.01,27.054
37.31,-73.96,26.759
37.31,-73.91,26.559
37.31,-73.86,26.443
37.31,-73.81,26.445
37.31,-73.76,26.548
37.31,-73.71,26.615
37.31,-73.66,26.693
37.31,-73.61,26.804
37.31,-73.56,26.93
37.31,-73.51,26.961
37.31,-73.46,26.854
37.31,-73.41,26.798
37.31,-73.36,26.79
37.31,-73.31,26.933
37.31,-73.26,26.984
37.31,-73.21,27.029
37.31,-73.16,27.112
37.31,-73.11,27.113
37.31,-73.06,27.099
37.31,-73.01,27.018
37.31,-72.96,27.095
37.31,-72.91,27.292
37.31,-72.86,27.38
37.31,-72.81,27.42
37.31,-72.76,27.378
37.31,-72.71,27.431
37.31,-72.66,27.381
37.31,-72.61,27.334
37.31,-72.56,27.26
37.31,-72.51,27.206
37.31,-72.46,27.413
37.31,-72.41,27.572
37.31,-72.36,27.646
37.31,-72.31,27.656
37.31,-72.26,27.637
37.31,-72.21,27.595
37.31,-72.16,27.553
37.31,-72.11,27.525
37.31,-72.06,27.515
37.31,-72.01,27.539
37.31,-71.96,27.583
37.31,-71.91,27.622
37.31,-71.86,27.647
37.31,-71.81,27.658
37.31,-71.76,27.657
37.31,-71.71,27.648
37.31,-71.66,27.639
37.31,-71.61,27.64
37.31,-71.56,27.661
37.31,-71.51,27.691
37.31,-71.46,27.691
37.31,-71.41,27.632
37.31,-71.36,27.476
37.31,-71.31,27.252
37.31,-71.26,27.016
37.31,-71.21,27.002
37.31,-71.16,27.072
37.31,-71.11,27.138
37.31,-71.06,27.188
37.31,-71.01,27.214
37.31,-70.96,27.212
37.31,-70.91,27.175
37.31,-70.86,27.16
37.31,-70.81,27.053
37.31,-70.76,26.77
37.31,-70.71,26.578
37.31,-70.66,26.511
37.31,-70.61,26.561
37.31,-70.56,26.658
37.31,-70.51,26.733
37.31,-70.46,26.764
37.31,-70.41,26.799
37.31,-70.36,26.839
37.31,-70.31,26.88
37.31,-70.26,26.939
37.31,-70.21,27.027
37.31,-70.16,27.154
37.31,-70.11,27.263
37.31,-70.06,27.352
37.31,-70.01,27.426
37.31,-69.96,27.492
37.31,-69.91,27.557
37.31,-69.86,27.632
37.31,-69.81,27.725
37.31,-69.76,27.829
37.31,-69.71,27.933
37.31,-69.66,28.029
37.31,-69.61,28.112
37.31,-69.56,28.186
37.31,-69.51,28.257
37.31,-69.46,28.327
37.31,-69.41,28.393
37.31,-69.36,28.514
37.31,-69.31,28.675
37.31,-69.26,28.8
37.31,-69.21,28.878
37.31,-69.16,28.882
37.31,-69.11,28.834
37.31,-69.06,28.781
37.31,-69.01,28.763
37.36,-76.41,27.517
37.36,-76.36,27.561
37.36,-76.21,27.686
37.36,-76.16,27.72
37.36,-76.11,27.75
37.36,-76.06,27.758
37.36,-76.01,27.743
37.36,-75.86,27.755
37.36,-75.81,27.587
37.36,-75.76,26.846
37.36,-75.71,26.169
37.36,-75.66,26.01
37.36,-75.61,26.0
37.36,-75.56,26.036
37.36,-75.51,26.061
37.36,-75.46,26.178
37.36,-75.41,26.282
37.36,-75.36,26.334
37.36,-75.31,26.446
37.36,-75.26,26.72
37.36,-75.21,26.803
37.36,-75.16,26.892
37.36,-75.11,26.979
37.36,-75.06,26.995
37.36,-75.01,27.134
37.36,-74.96,27.184
37.36,-74.91,27.196
37.36,-74.86,27.183
37.36,-74.81,27.178
37.36,-74.76,27.261
37.36,-74.71,27.302
37.36,-74.66,27.208
37.36,-74.61,27.326
37.36,-74.56,27.303
37.36,-74.51,27.275
37.36,-74.46,27.255
37.36,-74.41,27.269
37.36,-74.36,27.33
37.36,-74.31,27.407
37.36,-74.26,27.391
37.36,-74.21,27.484
37.36,-74.16,27.415
37.36,-74.11,27.321
37.36,-74.06,27.257
37.36,-74.01,26.928
37.36,-73.96,26.707
37.36,-73.91,26.516
37.36,-73.86,26.57
37.36,-73.81,26.587
37.36,-73.76,26.613
37.36,-73.71,26.598
37.36,-73.66,26.572
37.36,-73.61,26.659
37.36,-73.56,26.727
37.36,-73.51,26.745
37.36,-73.46,26.751
37.36,-73.41,26.818
37.36,-73.36,26.788
37.36,-73.31,26.848
37.36,-73.26,26.894
37.36,-73.21,26.846
37.36,-73.16,26.872
37.36,-73.11,26.939
37.36,-73.06,26.931
37.36,-73.01,26.889
37.36,-72.96,26.926
37.36,-72.91,27.015
37.36,-72.86,27.143
37.36,-72.81,27.21
37.36,-72.76,27.267
37.36,-72.71,27.284
37.36,-72.66,27.292
37.36,-72.61,27.278
37.36,-72.56,27.25
37.36,-72.51,27.188
37.36,-72.46,27.125
37.36,-72.41,27.15
37.36,-72.36,27.138
37.36,-72.31,27.166
37.36,-72.26,27.192
37.36,-72.21,27.187
37.36,-72.16,27.168
37.36,-72.11,27.143
37.36,-72.06,27.13
37.36,-72.01,27.143
37.36,-71.96,27.185
37.36,-71.91,27.235
37.36,-71.86,27.277
37.36,-71.81,27.302
37.36,-71.76,27.31
37.36,-71.71,27.301
37.36,-71.66,27.283
37.36,-71.61,27.256
37.36,-71.56,27.207
37.36,-71.51,27.127
37.36,-71.46,27.037
37.36,-71.41,27.005
37.36,-71.36,26.953
37.36,-71.31,26.737
37.36,-71.26,26.597
37.36,-71.21,26.604
37.36,-71.16,26.748
37.36,-71.11,26.826
37.36,-71.06,26.896
37.36,-71.01,26.999
37.36,-70.96,27.089
37.36,-70.91,27.18
37.36,-70.86,27.299
37.36,-70.81,27.176
37.36,-70.76,26.813
37.36,-70.71,26.601
37.36,-70.66,26.541
37.36,-70.61,26.551
37.36,-70.56,26.58
37.36,-70.51,26.595
37.36,-70.46,26.599
37.36,-70.41,26.618
37.36,-70.36,26.644
37.36,-70.31,26.702
37.36,-70.26,26.785
37.36,-70.21,26.884
37.36,-70.16,27.022
37.36,-70.11,27.129
37.36,-70.06,27.211
37.36,-70.01,27.269
37.36,-69.96,27.303
37.36,-69.91,27.322
37.36,-69.86,27.369
37.36,-69.81,27.469
37.36,-69.76,27.58
37.36,-69.71,27.679
37.36,-69.66,27.765
37.36,-69.61,27.841
37.36,-69.56,27.913
37.36,-69.51,27.983
37.36,-69.46,28.055
37.36,-69.41,28.135
37.36,-69.36,28.243
37.36,-69.31,28.396
37.36,-69.26,28.552
37.36,-69.21,28.661
37.36,-69.16,28.689
37.36,-69.11,28.658
37.36,-69.06,28.614
37.36,-69.01,28.595
37.41,-76.66,27.28
37.41,-76.41,27.472
37.41,-76.21,27.644
37.41,-76.16,27.68
37.41,-76.11,27.705
37.41,-76.06,27.715
37.41,-76.01,27.709
37.41,-75.76,27.348
37.41,-75.71,26.934
37.41,-75.66,26.279
37.41,-75.61,25.953
37.41,-75.56,25.927
37.41,-75.51,25.981
37.41,-75.46,26.122
37.41,-75.41,26.259
37.41,-75.36,26.328
37.41,-75.31,26.385
37.41,-75.26,26.397
37.41,-75.21,26.411
37.41,-75.16,26.503
37.41,-75.11,26.511
37.41,-75.06,26.528
37.41,-75.01,26.585
37.41,-74.96,26.684
37.41,-74.91,26.969
37.41,-74.86,27.105
37.41,-74.81,27.063
37.41,-74.76,27.114
37.41,-74.71,27.116
37.41,-74.66,27.078
37.41,-74.61,27.207
37.41,-74.56,27.285
37.41,-74.51,27.246
37.41,-74.46,27.289
37.41,-74.41,27.36
37.41,-74.36,27.417
37.41,-74.31,27.455
37.41,-74.26,27.411
37.41,-74.21,27.442
37.41,-74.16,27.513
37.41,-74.11,27.454
37.41,-74.06,27.346
37.41,-74.01,26.884
37.41,-73.96,26.728
37.41,-73.91,26.615
37.41,-73.86,26.665
37.41,-73.81,26.567
37.41,-73.76,26.398
37.41,-73.71,26.456
37.41,-73.66,26.474
37.41,-73.61,26.426
37.41,-73.56,26.554
37.41,-73.51,26.524
37.41,-73.46,26.603
37.41,-73.41,26.638
37.41,-73.36,26.667
37.41,-73.31,26.664
37.41,-73.26,26.686
37.41,-73.21,26.655
37.41,-73.16,26.666
37.41,-73.11,26.698
37.41,-73.06,26.672
37.41,-73.01,26.753
37.41,-72.96,26.756
37.41,-72.91,26.795
37.41,-72.86,26.857
37.41,-72.81,26.944
37.41,-72.76,27.078
37.41,-72.71,27.195
37.41,-72.66,27.185
37.41,-72.61,27.193
37.41,-72.56,27.184
37.41,-72.51,27.132
37.41,-72.46,27.053
37.41,-72.41,26.949
37.41,-72.36,26.868
37.41,-72.31,26.83
37.41,-72.26,26.821
37.41,-72.21,26.847
37.41,-72.16,26.835
37.41,-72.11,26.801
37.41,-72.06,26.745
37.41,-72.01,26.725
37.41,-71.96,26.777
37.41,-71.91,26.858
37.41,-71.86,26.926
37.41,-71.81,26.968
37.41,-71.76,26.986
37.41,-71.71,26.983
37.41,-71.66,26.96
37.41,-71.61,26.915
37.41,-71.56,26.838
37.41,-71.51,26.724
37.41,-71.46,26.594
37.41,-71.41,26.605
37.41,-71.36,26.655
37.41,-71.31,26.49
37.41,-71.26,26.39
37.41,-71.21,26.448
37.41,-71.16,26.624
37.41,-71.11,26.679
37.41,-71.06,26.703
37.41,-71.01,26.8
37.41,-70.96,26.941
37.41,-70.91,27.064
37.41,-70.86,27.131
37.41,-70.81,27.038
37.41,-70.76,26.825
37.41,-70.71,26.68
37.41,-70.66,26.616
37.41,-70.61,26.55
37.41,-70.56,26.503
37.41,-70.51,26.49
37.41,-70.46,26.482
37.41,-70.41,26.481
37.41,-70.36,26.503
37.41,-70.31,26.564
37.41,-70.26,26.674
37.41,-70.21,26.807
37.41,-70.16,26.936
37.41,-70.11,27.036
37.41,-70.06,27.107
37.41,-70.01,27.148
37.41,-69.96,27.155
37.41,-69.91,27.122
37.41,-69.86,27.121
37.41,-69.81,27.254
37.41,-69.76,27.37
37.41,-69.71,27.463
37.41,-69.66,27.538
37.41,-69.61,27.605
37.41,-69.56,27.669
37.41,-69.51,27.733
37.41,-69.46,27.801
37.41,-69.41,27.874
37.41,-69.36,27.969
37.41,-69.31,28.101
37.41,-69.26,28.241
37.41,-69.21,28.338
37.41,-69.16,28.378
37.41,-69.11,28.373
37.41,-69.06,28.334
37.41,-69.01,28.276
37.46,-76.26,27.543
37.46,-76.21,27.58
37.46,-76.16,27.611
37.46,-76.11,27.632
37.46,-76.06,27.643
37.46,-76.01,27.652
37.46,-75.81,27.525
37.46,-75.76,27.4
37.46,-75.71,27.088
37.46,-75.61,26.012
37.46,-75.56,25.899
37.46,-75.51,25.927
37.46,-75.46,26.022
37.46,-75.41,26.118
37.46,-75.36,26.182
37.46,-75.31,26.194
37.46,-75.26,26.242
37.46,-75.21,26.327
37.46,-75.16,26.389
37.46,-75.11,26.374
37.46,-75.06,26.39
37.46,-75.01,26.476
37.46,-74.96,26.628
37.46,-74.91,26.878
37.46,-74.86,27.035
37.46,-74.81,27.125
37.46,-74.76,27.239
37.46,-74.71,27.099
37.46,-74.66,26.986
37.46,-74.61,26.948
37.46,-74.56,27.021
37.46,-74.51,27.231
37.46,-74.46,27.187
37.46,-74.41,27.179
37.46,-74.36,27.331
37.46,-74.31,27.426
37.46,-74.26,27.396
37.46,-74.21,27.388
37.46,-74.16,27.361
37.46,-74.11,27.298
37.46,-74.06,27.055
37.46,-74.01,26.749
37.46,-73.96,26.674
37.46,-73.91,26.513
37.46,-73.86,26.543
37.46,-73.81,26.484
37.46,-73.76,26.416
37.46,-73.71,26.316
37.46,-73.66,26.208
37.46,-73.61,26.273
37.46,-73.56,26.443
37.46,-73.51,26.414
37.46,-73.46,26.308
37.46,-73.41,26.31
37.46,-73.36,26.357
37.46,-73.31,26.429
37.46,-73.26,26.439
37.46,-73.21,26.394
37.46,-73.16,26.394
37.46,-73.11,26.453
37.46,-73.06,26.475
37.46,-73.01,26.473
37.46,-72.96,26.51
37.46,-72.91,26.579
37.46,-72.86,26.757
37.46,-72.81,26.778
37.46,-72.76,26.834
37.46,-72.71,27.013
37.46,-72.66,27.081
37.46,-72.61,27.041
37.46,-72.56,26.983
37.46,-72.51,26.924
37.46,-72.46,26.861
37.46,-72.41,26.776
37.46,-72.36,26.716
37.46,-72.31,26.653
37.46,-72.26,26.644
37.46,-72.21,26.624
37.46,-72.16,26.647
37.46,-72.11,26.585
37.46,-72.06,26.404
37.46,-72.01,26.291
37.46,-71.96,26.402
37.46,-71.91,26.537
37.46,-71.86,26.626
37.46,-71.81,26.68
37.46,-71.76,26.708
37.46,-71.71,26.713
37.46,-71.66,26.693
37.46,-71.61,26.651
37.46,-71.56,26.586
37.46,-71.51,26.505
37.46,-71.46,26.424
37.46,-71.41,26.38
37.46,-71.36,26.36
37.46,-71.31,26.378
37.46,-71.26,26.429
37.46,-71.21,26.569
37.46,-71.16,26.755
37.46,-71.11,26.727
37.46,-71.06,26.584
37.46,-71.01,26.648
37.46,-70.96,26.833
37.46,-70.91,26.922
37.46,-70.86,26.945
37.46,-70.81,26.903
37.46,-70.76,26.804
37.46,-70.71,26.693
37.46,-70.66,26.639
37.46,-70.61,26.538
37.46,-70.56,26.476
37.46,-70.51,26.45
37.46,-70.46,26.467
37.46,-70.41,26.503
37.46,-70.36,26.494
37.46,-70.31,26.549
37.46,-70.26,26.604
37.46,-70.21,26.749
37.46,-70.16,26.895
37.46,-70.11,26.989
37.46,-70.06,27.05
37.46,-70.01,27.078
37.46,-69.96,27.077
37.46,-69.91,27.053
37.46,-69.86,27.041
37.46,-69.81,27.132
37.46,-69.76,27.227
37.46,-69.71,27.302
37.46,-69.66,27.363
37.46,-69.61,27.416
37.46,-69.56,27.468
37.46,-69.51,27.521
37.46,-69.46,27.582
37.46,-69.41,27.653
37.46,-69.36,27.735
37.46,-69.31,27.822
37.46,-69.26,27.908
37.46,-69.21,27.983
37.46,-69.16,28.038
37.46,-69.11,28.064
37.46,-69.06,28.037
37.46,-69.01,27.968
37.51,-76.31,27.433
37.51,-76.26,27.467
37.51,-76.21,27.498
37.51,-76.16,27.523
37.51,-76.11,27.54
37.51,-76.06,27.546
37.51,-76.01,27.542
37.51,-75.96,27.538
37.51,-75.71,26.81
37.51,-75.66,26.414
37.51,-75.61,26.066
37.51,-75.56,25.905
37.51,-75.51,25.877
37.51,-75.46,25.944
37.51,-75.41,26.019
37.51,-75.36,26.062
37.51,-75.31,26.142
37.51,-75.26,26.287
37.51,-75.21,26.407
37.51,-75.16,26.554
37.51,-75.11,26.572
37.51,-75.06,26.544
37.51,-75.01,26.481
37.51,-74.96,26.768
37.51,-74.91,26.95
37.51,-74.86,27.036
37.51,-74.81,27.027
37.51,-74.76,27.089
37.51,-74.71,27.034
37.51,-74.66,27.052
37.51,-74.61,27.003
37.51,-74.56,26.986
37.51,-74.51,27.117
37.51,-74.46,27.12
37.51,-74.41,27.059
37.51,-74.36,27.153
37.51,-74.31,27.359
37.51,-74.26,27.349
37.51,-74.21,27.368
37.51,-74.16,27.336
37.51,-74.11,27.047
37.51,-74.06,26.868
37.51,-74.01,26.854
37.51,-73.96,26.778
37.51,-73.91,26.566
37.51,-73.86,26.464
37.51,-73.81,26.438
37.51,-73.76,26.385
37.51,-73.71,26.311
37.51,-73.66,26.274
37.51,-73.61,26.267
37.51,-73.56,26.335
37.51,-73.51,26.29
37.51,-73.46,26.133
37.51,-73.41,26.153
37.51,-73.36,26.189
37.51,-73.31,26.181
37.51,-73.26,26.146
37.51,-73.21,26.177
37.51,-73.16,26.21
37.51,-73.11,26.296
37.51,-73.06,26.308
37.51,-73.01,26.358
37.51,-72.96,26.393
37.51,-72.91,26.506
37.51,-72.86,26.612
37.51,-72.81,26.724
37.51,-72.76,26.666
37.51,-72.71,26.674
37.51,-72.66,26.773
37.51,-72.61,26.882
37.51,-72.56,26.933
37.51,-72.51,26.902
37.51,-72.46,26.925
37.51,-72.41,26.868
37.51,-72.36,26.801
37.51,-72.31,26.714
37.51,-72.26,26.66
37.51,-72.21,26.711
37.51,-72.16,26.689
37.51,-72.11,26.555
37.51,-72.06,26.243
37.51,-72.01,26.113
37.51,-71.96,26.226
37.51,-71.91,26.333
37.51,-71.86,26.404
37.51,-71.81,26.453
37.51,-71.76,26.487
37.51,-71.71,26.499
37.51,-71.66,26.491
37.51,-71.61,26.465
37.51,-71.56,26.428
37.51,-71.51,26.385
37.51,-71.46,26.344
37.51,-71.41,26.316
37.51,-71.36,26.32
37.51,-71.31,26.361
37.51,-71.26,26.455
37.51,-71.21,26.61
37.51,-71.16,26.732
37.51,-71.11,26.771
37.51,-71.06,26.621
37.51,-71.01,26.703
37.51,-70.96,26.809
37.51,-70.91,26.856
37.51,-70.86,26.855
37.51,-70.81,26.871
37.51,-70.76,26.814
37.51,-70.71,26.73
37.51,-70.66,26.642
37.51,-70.61,26.579
37.51,-70.56,26.525
37.51,-70.51,26.499
37.51,-70.46,26.545
37.51,-70.41,26.689
37.51,-70.36,26.772
37.51,-70.31,26.759
37.51,-70.26,26.718
37.51,-70.21,26.772
37.51,-70.16,26.906
37.51,-70.11,27.002
37.51,-70.06,27.047
37.51,-70.01,27.061
37.51,-69.96,27.059
37.51,-69.91,27.05
37.51,-69.86,27.062
37.51,-69.81,27.104
37.51,-69.76,27.15
37.51,-69.71,27.198
37.51,-69.66,27.242
37.51,-69.61,27.281
37.51,-69.56,27.317
37.51,-69.51,27.355
37.51,-69.46,27.401
37.51,-69.41,27.458
37.51,-69.36,27.52
37.51,-69.31,27.585
37.51,-69.26,27.649
37.51,-69.21,27.721
37.51,-69.16,27.791
37.51,-69.11,27.813
37.51,-69.06,27.824
37.51,-69.01,27.791
37.56,-76.26,27.383
37.56,-76.21,27.406
37.56,-76.16,27.423
37.56,-76.11,27.435
37.56,-76.06,27.437
37.56,-76.01,27.426
37.56,-75.96,27.402
37.56,-75.66,26.327
37.56,-75.56,25.881
37.56,-75.51,25.842
37.56,-75.46,25.853
37.56,-75.41,25.9
37.56,-75.36,25.971
37.56,-75.31,26.113
37.56,-75.26,26.27
37.56,-75.21,26.5
37.56,-75.16,26.823
37.56,-75.11,26.908
37.56,-75.06,26.613
37.56,-75.01,26.398
37.56,-74.96,26.652
37.56,-74.91,26.999
37.56,-74.86,26.989
37.56,-74.81,27.055
37.56,-74.76,27.1
37.56,-74.71,27.062
37.56,-74.66,27.061
37.56,-74.61,27.107
37.56,-74.56,27.139
37.56,-74.51,27.068
37.56,-74.46,27.144
37.56,-74.41,27.054
37.56,-74.36,27.136
37.56,-74.31,27.268
37.56,-74.26,27.217
37.56,-74.21,27.194
37.56,-74.16,27.06
37.56,-74.11,26.94
37.56,-74.06,26.892
37.56,-74.01,26.831
37.56,-73.96,26.794
37.56,-73.91,26.635
37.56,-73.86,26.48
37.56,-73.81,26.494
37.56,-73.76,26.358
37.56,-73.71,26.238
37.56,-73.66,26.155
37.56,-73.61,26.108
37.56,-73.56,26.159
37.56,-73.51,26.241
37.56,-73.46,26.191
37.56,-73.41,26.142
37.56,-73.36,26.103
37.56,-73.31,26.052
37.56,-73.26,26.006
37.56,-73.21,26.052
37.56,-73.16,26.083
37.56,-73.11,26.088
37.56,-73.06,26.156
37.56,-73.01,26.238
37.56,-72.96,26.336
37.56,-72.91,26.445
37.56,-72.86,26.562
37.56,-72.81,26.67
37.56,-72.76,26.665
37.56,-72.71,26.646
37.56,-72.66,26.68
37.56,-72.61,26.715
37.56,-72.56,26.82
37.56,-72.51,26.724
37.56,-72.46,26.68
37.56,-72.41,26.664
37.56,-72.36,26.711
37.56,-72.31,26.751
37.56,-72.26,26.767
37.56,-72.21,26.8
37.56,-72.16,26.806
37.56,-72.11,26.521
37.56,-72.06,26.171
37.56,-72.01,26.21
37.56,-71.96,26.242
37.56,-71.91,26.231
37.56,-71.86,26.256
37.56,-71.81,26.289
37.56,-71.76,26.321
37.56,-71.71,26.339
37.56,-71.66,26.343
37.56,-71.61,26.339
37.56,-71.56,26.332
37.56,-71.51,26.328
37.56,-71.46,26.33
37.56,-71.41,26.336
37.56,-71.36,26.345
37.56,-71.31,26.363
37.56,-71.26,26.39
37.56,-71.21,26.394
37.56,-71.16,26.356
37.56,-71.11,26.431
37.56,-71.06,26.51
37.56,-71.01,26.619
37.56,-70.96,26.747
37.56,-70.91,26.894
37.56,-70.86,26.941
37.56,-70.81,26.922
37.56,-70.76,26.858
37.56,-70.71,26.815
37.56,-70.66,26.799
37.56,-70.61,26.814
37.56,-70.56,26.781
37.56,-70.51,26.693
37.56,-70.46,26.739
37.56,-70.41,26.822
37.56,-70.36,26.887
37.56,-70.31,26.934
37.56,-70.26,26.887
37.56,-70.21,26.921
37.56,-70.16,27.059
37.56,-70.11,27.098
37.56,-70.06,27.103
37.56,-70.01,27.091
37.56,-69.96,27.077
37.56,-69.91,27.068
37.56,-69.86,27.077
37.56,-69.81,27.097
37.56,-69.76,27.113
37.56,-69.71,27.141
37.56,-69.66,27.17
37.56,-69.61,27.194
37.56,-69.56,27.214
37.56,-69.51,27.236
37.56,-69.46,27.264
37.56,-69.41,27.303
37.56,-69.36,27.35
37.56,-69.31,27.407
37.56,-69.26,27.478
37.56,-69.21,27.554
37.56,-69.16,27.62
37.56,-69.11,27.653
37.56,-69.06,27.701
37.56,-69.01,27.743
37.61,-76.41,27.232
37.61,-76.31,27.279
37.61,-76.26,27.297
37.61,-76.21,27.31
37.61,-76.16,27.319
37.61,-76.11,27.323
37.61,-76.06,27.322
37.61,-76.01,27.309
37.61,-75.96,27.277
37.61,-75.66,26.286
37.61,-75.61,26.03
37.61,-75.56,25.849
37.61,-75.51,25.797
37.61,-75.46,25.802
37.61,-75.41,25.854
37.61,-75.36,25.986
37.61,-75.31,26.157
37.61,-75.26,26.241
37.61,-75.21,26.409
37.61,-75.16,26.743
37.61,-75.11,26.893
37.61,-75.06,26.868
37.61,-75.01,26.696
37.61,-74.96,26.807
37.61,-74.91,26.978
37.61,-74.86,27.015
37.61,-74.81,27.078
37.61,-74.76,27.129
37.61,-74.71,27.115
37.61,-74.66,27.172
37.61,-74.61,27.152
37.61,-74.56,27.152
37.61,-74.51,27.102
37.61,-74.46,27.214
37.61,-74.41,27.048
37.61,-74.36,26.978
37.61,-74.31,27.016
37.61,-74.26,27.02
37.61,-74.21,26.946
37.61,-74.16,26.908
37.61,-74.11,26.916
37.61,-74.06,26.886
37.61,-74.01,26.787
37.61,-73.96,26.699
37.61,-73.91,26.617
37.61,-73.86,26.552
37.61,-73.81,26.462
37.61,-73.76,26.363
37.61,-73.71,26.12
37.61,-73.66,26.12
37.61,-73.61,26.114
37.61,-73.56,26.193
37.61,-73.51,26.208
37.61,-73.46,26.203
37.61,-73.41,26.152
37.61,-73.36,26.07
37.61,-73.31,26.021
37.61,-73.26,25.997
37.61,-73.21,26.0
37.61,-73.16,26.008
37.61,-73.11,26.019
37.61,-73.06,26.077
37.61,-73.01,26.164
37.61,-72.96,26.269
37.61,-72.91,26.39
37.61,-72.86,26.554
37.61,-72.81,26.77
37.61,-72.76,26.879
37.61,-72.71,26.851
37.61,-72.66,26.749
37.61,-72.61,26.64
37.61,-72.56,26.619
37.61,-72.51,26.515
37.61,-72.46,26.558
37.61,-72.41,26.619
37.61,-72.36,26.648
37.61,-72.31,26.699
37.61,-72.26,26.723
37.61,-72.21,26.672
37.61,-72.16,26.565
37.61,-72.11,26.394
37.61,-72.06,26.185
37.61,-72.01,26.207
37.61,-71.96,26.182
37.61,-71.91,26.143
37.61,-71.86,26.153
37.61,-71.81,26.179
37.61,-71.76,26.208
37.61,-71.71,26.229
37.61,-71.66,26.244
37.61,-71.61,26.258
37.61,-71.56,26.277
37.61,-71.51,26.304
37.61,-71.46,26.337
37.61,-71.41,26.365
37.61,-71.36,26.371
37.61,-71.31,26.365
37.61,-71.26,26.346
37.61,-71.21,26.293
37.61,-71.16,26.21
37.61,-71.11,26.197
37.61,-71.06,26.329
37.61,-71.01,26.467
37.61,-70.96,26.592
37.61,-70.91,26.704
37.61,-70.86,26.813
37.61,-70.81,26.862
37.61,-70.76,26.804
37.61,-70.71,26.856
37.61,-70.66,26.852
37.61,-70.61,26.912
37.61,-70.56,26.859
37.61,-70.51,26.842
37.61,-70.46,26.841
37.61,-70.41,26.861
37.61,-70.36,26.94
37.61,-70.31,27.106
37.61,-70.26,27.203
37.61,-70.21,27.291
37.61,-70.16,27.284
37.61,-70.11,27.24
37.61,-70.06,27.205
37.61,-70.01,27.161
37.61,-69.96,27.122
37.61,-69.91,27.093
37.61,-69.86,27.082
37.61,-69.81,27.087
37.61,-69.76,27.103
37.61,-69.71,27.124
37.61,-69.66,27.145
37.61,-69.61,27.157
37.61,-69.56,27.162
37.61,-69.51,27.167
37.61,-69.46,27.178
37.61,-69.41,27.201
37.61,-69.36,27.236
37.61,-69.31,27.291
37.61,-69.26,27.37
37.61,-69.21,27.455
37.61,-69.16,27.512
37.61,-69.11,27.548
37.61,-69.06,27.567
37.61,-69.01,27.552
37.66,-76.56,27.089
37.66,-76.31,27.202
37.66,-76.26,27.211
37.66,-76.21,27.214
37.66,-76.16,27.212
37.66,-76.11,27.209
37.66,-76.06,27.204
37.66,-76.01,27.195
37.66,-75.96,27.175
37.66,-75.91,27.135
37.66,-75.61,26.04
37.66,-75.56,25.817
37.66,-75.51,25.732
37.66,-75.46,25.729
37.66,-75.41,25.78
37.66,-75.36,25.894
37.66,-75.31,26.087
37.66,-75.26,26.275
37.66,-75.21,26.538
37.66,-75.16,26.718
37.66,-75.11,26.673
37.66,-75.06,26.787
37.66,-75.01,27.006
37.66,-74.96,27.066
37.66,-74.91,27.231
37.66,-74.86,27.229
37.66,-74.81,27.179
37.66,-74.76,27.212
37.66,-74.71,27.216
37.66,-74.66,27.164
37.66,-74.61,27.101
37.66,-74.56,27.074
37.66,-74.51,27.158
37.66,-74.46,27.084
37.66,-74.41,27.111
37.66,-74.36,26.952
37.66,-74.31,26.963
37.66,-74.26,26.949
37.66,-74.21,26.917
37.66,-74.16,26.826
37.66,-74.11,26.878
37.66,-74.06,26.875
37.66,-74.01,26.888
37.66,-73.96,26.701
37.66,-73.91,26.581
37.66,-73.86,26.604
37.66,-73.81,26.514
37.66,-73.76,26.33
37.66,-73.71,26.1
37.66,-73.66,26.042
37.66,-73.61,25.74
37.66,-73.56,25.714
37.66,-73.51,26.009
37.66,-73.46,26.163
37.66,-73.41,26.133
37.66,-73.36,26.055
37.66,-73.31,26.011
37.66,-73.26,25.993
37.66,-73.21,25.986
37.66,-73.16,25.974
37.66,-73.11,25.981
37.66,-73.06,26.023
37.66,-73.01,26.1
37.66,-72.96,26.202
37.66,-72.91,26.324
37.66,-72.86,26.484
37.66,-72.81,26.663
37.66,-72.76,26.815
37.66,-72.71,26.834
37.66,-72.66,26.703
37.66,-72.61,26.569
37.66,-72.56,26.525
37.66,-72.51,26.507
37.66,-72.46,26.455
37.66,-72.41,26.514
37.66,-72.36,26.57
37.66,-72.31,26.56
37.66,-72.26,26.49
37.66,-72.21,26.44
37.66,-72.16,26.423
37.66,-72.11,26.396
37.66,-72.06,26.332
37.66,-72.01,26.147
37.66,-71.96,26.037
37.66,-71.91,26.056
37.66,-71.86,26.082
37.66,-71.81,26.115
37.66,-71.76,26.144
37.66,-71.71,26.168
37.66,-71.66,26.191
37.66,-71.61,26.216
37.66,-71.56,26.245
37.66,-71.51,26.281
37.66,-71.46,26.322
37.66,-71.41,26.363
37.66,-71.36,26.37
37.66,-71.31,26.363
37.66,-71.26,26.345
37.66,-71.21,26.307
37.66,-71.16,26.257
37.66,-71.11,26.235
37.66,-71.06,26.274
37.66,-71.01,26.433
37.66,-70.96,26.521
37.66,-70.91,26.517
37.66,-70.86,26.62
37.66,-70.81,26.63
37.66,-70.76,26.685
37.66,-70.71,26.739
37.66,-70.66,26.811
37.66,-70.61,26.911
37.66,-70.56,27.018
37.66,-70.51,27.093
37.66,-70.46,27.116
37.66,-70.41,27.096
37.66,-70.36,27.125
37.66,-70.31,27.263
37.66,-70.26,27.41
37.66,-70.21,27.502
37.66,-70.16,27.428
37.66,-70.11,27.398
37.66,-70.06,27.348
37.66,-70.01,27.269
37.66,-69.96,27.196
37.66,-69.91,27.143
37.66,-69.86,27.113
37.66,-69.81,27.107
37.66,-69.76,27.123
37.66,-69.71,27.148
37.66,-69.66,27.17
37.66,-69.61,27.176
37.66,-69.56,27.167
37.66,-69.51,27.153
37.66,-69.46,27.146
37.66,-69.41,27.155
37.66,-69.36,27.18
37.66,-69.31,27.231
37.66,-69.26,27.318
37.66,-69.21,27.424
37.66,-69.16,27.492
37.66,-69.11,27.513
37.66,-69.06,27.494
37.66,-69.01,27.446
37.71,-76.56,27.033
37.71,-76.26,27.13
37.71,-76.21,27.122
37.71,-76.16,27.109
37.71,-76.11,27.094
37.71,-76.06,27.085
37.71,-76.01,27.085
37.71,-75.96,27.095
37.71,-75.91,27.106
37.71,-75.86,27.091
37.71,-75.56,25.816
37.71,-75.51,25.681
37.71,-75.46,25.657
37.71,-75.41,25.697
37.71,-75.36,25.794
37.71,-75.31,25.948
37.71,-75.26,26.118
37.71,-75.21,26.336
37.71,-75.16,26.468
37.71,-75.11,26.525
37.71,-75.06,26.722
37.71,-75.01,26.933
37.71,-74.96,26.973
37.71,-74.91,26.892
37.71,-74.86,27.08
37.71,-74.81,27.147
37.71,-74.76,27.11
37.71,-74.71,27.025
37.71,-74.66,26.97
37.71,-74.61,26.934
37.71,-74.56,27.014
37.71,-74.51,27.069
37.71,-74.46,27.006
37.71,-74.41,27.027
37.71,-74.36,27.03
37.71,-74.31,26.982
37.71,-74.26,26.876
37.71,-74.21,26.76
37.71,-74.16,26.752
37.71,-74.11,26.689
37.71,-74.06,26.71
37.71,-74.01,26.766
37.71,-73.96,26.615
37.71,-73.91,26.528
37.71,-73.86,26.545
37.71,-73.81,26.508
37.71,-73.76,26.353
37.71,-73.71,26.147
37.71,-73.66,26.049
37.71,-73.61,25.728
37.71,-73.56,25.575
37.71,-73.51,25.976
37.71,-73.46,26.172
37.71,-73.41,26.173
37.71,-73.36,26.139
37.71,-73.31,26.041
37.71,-73.26,26.046
37.71,-73.21,26.017
37.71,-73.16,25.962
37.71,-73.11,25.938
37.71,-73.06,25.961
37.71,-73.01,26.031
37.71,-72.96,26.131
37.71,-72.91,26.246
37.71,-72.86,26.367
37.71,-72.81,26.481
37.71,-72.76,26.532
37.71,-72.71,26.635
37.71,-72.66,26.529
37.71,-72.61,26.404
37.71,-72.56,26.408
37.71,-72.51,26.52
37.71,-72.46,26.545
37.71,-72.41,26.486
37.71,-72.36,26.461
37.71,-72.31,26.471
37.71,-72.26,26.461
37.71,-72.21,26.469
37.71,-72.16,26.402
37.71,-72.11,26.402
37.71,-72.06,26.382
37.71,-72.01,26.329
37.71,-71.96,26.146
37.71,-71.91,26.032
37.71,-71.86,26.057
37.71,-71.81,26.093
37.71,-71.76,26.126
37.71,-71.71,26.152
37.71,-71.66,26.179
37.71,-71.61,26.206
37.71,-71.56,26.231
37.71,-71.51,26.255
37.71,-71.46,26.284
37.71,-71.41,26.32
37.71,-71.36,26.339
37.71,-71.31,26.329
37.71,-71.26,26.345
37.71,-71.21,26.377
37.71,-71.16,26.388
37.71,-71.11,26.38
37.71,-71.06,26.419
37.71,-71.01,26.548
37.71,-70.96,26.748
37.71,-70.91,26.87
37.71,-70.86,26.851
37.71,-70.81,26.835
37.71,-70.76,26.885
37.71,-70.71,27.002
37.71,-70.66,27.137
37.71,-70.61,27.211
37.71,-70.56,27.249
37.71,-70.51,27.294
37.71,-70.46,27.333
37.71,-70.41,27.378
37.71,-70.36,27.382
37.71,-70.31,27.491
37.71,-70.26,27.55
37.71,-70.21,27.581
37.71,-70.16,27.551
37.71,-70.11,27.529
37.71,-70.06,27.479
37.71,-70.01,27.403
37.71,-69.96,27.325
37.71,-69.91,27.256
37.71,-69.86,27.205
37.71,-69.81,27.166
37.71,-69.76,27.179
37.71,-69.71,27.218
37.71,-69.66,27.249
37.71,-69.61,27.253
37.71,-69.56,27.227
37.71,-69.51,27.19
37.71,-69.46,27.164
37.71,-69.41,27.157
37.71,-69.36,27.171
37.71,-69.31,27.212
37.71,-69.26,27.295
37.71,-69.21,27.413
37.71,-69.16,27.507
37.71,-69.11,27.536
37.71,-69.06,27.507
37.71,-69.01,27.447
37.76,-76.66,26.926
37.76,-76.61,26.952
37.76,-76.26,27.058
37.76,-76.21,27.041
37.76,-76.16,27.016
37.76,-76.11,26.985
37.76,-76.06,26.961
37.76,-76.01,26.969
37.76,-75.96,27.026
37.76,-75.91,27.124
37.76,-75.86,27.196
37.76,-75.81,27.175
37.76,-75.51,25.727
37.76,-75.46,25.634
37.76,-75.41,25.646
37.76,-75.36,25.723
37.76,-75.31,25.827
37.76,-75.26,25.944
37.76,-75.21,26.151
37.76,-75.16,26.356
37.76,-75.11,26.523
37.76,-75.06,26.688
37.76,-75.01,26.77
37.76,-74.96,26.741
37.76,-74.91,26.754
37.76,-74.86,26.698
37.76,-74.81,26.727
37.76,-74.76,26.779
37.76,-74.71,26.707
37.76,-74.66,26.692
37.76,-74.61,26.78
37.76,-74.56,26.971
37.76,-74.51,26.892
37.76,-74.46,26.921
37.76,-74.41,26.889
37.76,-74.36,26.835
37.76,-74.31,26.745
37.76,-74.26,26.655
37.76,-74.21,26.693
37.76,-74.16,26.597
37.76,-74.11,26.712
37.76,-74.06,26.799
37.76,-74.01,26.861
37.76,-73.96,26.703
37.76,-73.91,26.564
37.76,-73.86,26.605
37.76,-73.81,26.625
37.76,-73.76,26.479
37.76,-73.71,26.359
37.76,-73.66,26.189
37.76,-73.61,26.039
37.76,-73.56,25.96
37.76,-73.51,26.215
37.76,-73.46,26.201
37.76,-73.41,26.13
37.76,-73.36,26.104
37.76,-73.31,26.059
37.76,-73.26,26.063
37.76,-73.21,26.013
37.76,-73.16,25.912
37.76,-73.11,25.858
37.76,-73.06,25.87
37.76,-73.01,25.948
37.76,-72.96,26.063
37.76,-72.91,26.177
37.76,-72.86,26.273
37.76,-72.81,26.339
37.76,-72.76,26.434
37.76,-72.71,26.504
37.76,-72.66,26.511
37.76,-72.61,26.441
37.76,-72.56,26.369
37.76,-72.51,26.427
37.76,-72.46,26.497
37.76,-72.41,26.568
37.76,-72.36,26.621
37.76,-72.31,26.639
37.76,-72.26,26.587
37.76,-72.21,26.604
37.76,-72.16,26.608
37.76,-72.11,26.471
37.76,-72.06,26.325
37.76,-72.01,26.33
37.76,-71.96,26.341
37.76,-71.91,26.13
37.76,-71.86,26.075
37.76,-71.81,26.111
37.76,-71.76,26.146
37.76,-71.71,26.175
37.76,-71.66,26.199
37.76,-71.61,26.222
37.76,-71.56,26.233
37.76,-71.51,26.235
37.76,-71.46,26.244
37.76,-71.41,26.264
37.76,-71.36,26.273
37.76,-71.31,26.194
37.76,-71.26,26.308
37.76,-71.21,26.489
37.76,-71.16,26.564
37.76,-71.11,26.551
37.76,-71.06,26.541
37.76,-71.01,26.612
37.76,-70.96,26.877
37.76,-70.91,27.166
37.76,-70.86,27.157
37.76,-70.81,27.134
37.76,-70.76,27.2
37.76,-70.71,27.24
37.76,-70.66,27.173
37.76,-70.61,27.171
37.76,-70.56,27.261
37.76,-70.51,27.384
37.76,-70.46,27.427
37.76,-70.41,27.5
37.76,-70.36,27.516
37.76,-70.31,27.553
37.76,-70.26,27.589
37.76,-70.21,27.576
37.76,-70.16,27.591
37.76,-70.11,27.593
37.76,-70.06,27.582
37.76,-70.01,27.567
37.76,-69.96,27.533
37.76,-69.91,27.48
37.76,-69.86,27.41
37.76,-69.81,27.313
37.76,-69.76,27.297
37.76,-69.71,27.353
37.76,-69.66,27.379
37.76,-69.61,27.375
37.76,-69.56,27.322
37.76,-69.51,27.266
37.76,-69.46,27.224
37.76,-69.41,27.201
37.76,-69.36,27.2
37.76,-69.31,27.228
37.76,-69.26,27.295
37.76,-69.21,27.385
37.76,-69.16,27.466
37.76,-69.11,27.51
37.76,-69.06,27.505
37.76,-69.01,27.462
37.81,-76.71,26.847
37.81,-76.26,27.0
37.81,-76.21,26.981
37.81,-76.16,26.949
37.81,-76.11,26.897
37.81,-76.06,26.839
37.81,-76.01,26.823
37.81,-75.96,26.927
37.81,-75.91,27.151
37.81,-75.86,27.363
37.81,-75.81,27.362
37.81,-75.76,27.223
37.81,-75.46,25.704
37.81,-75.41,25.671
37.81,-75.36,25.729
37.81,-75.31,25.817
37.81,-75.26,25.932
37.81,-75.21,26.105
37.81,-75.16,26.219
37.81,-75.11,26.319
37.81,-75.06,26.331
37.81,-75.01,26.481
37.81,-74.96,26.525
37.81,-74.91,26.625
37.81,-74.86,26.525
37.81,-74.81,26.539
37.81,-74.76,26.542
37.81,-74.71,26.665
37.81,-74.66,26.731
37.81,-74.61,26.809
37.81,-74.56,26.832
37.81,-74.51,26.735
37.81,-74.46,26.741
37.81,-74.41,26.719
37.81,-74.36,26.638
37.81,-74.31,26.585
37.81,-74.26,26.736
37.81,-74.21,26.86
37.81,-74.16,26.814
37.81,-74.11,26.77
37.81,-74.06,26.813
37.81,-74.01,26.723
37.81,-73.96,26.634
37.81,-73.91,26.519
37.81,-73.86,26.512
37.81,-73.81,26.547
37.81,-73.76,26.531
37.81,-73.71,26.52
37.81,-73.66,26.386
37.81,-73.61,26.043
37.81,-73.56,25.996
37.81,-73.51,26.166
37.81,-73.46,26.189
37.81,-73.41,26.053
37.81,-73.36,26.044
37.81,-73.31,25.996
37.81,-73.26,25.955
37.81,-73.21,25.863
37.81,-73.16,25.805
37.81,-73.11,25.792
37.81,-73.06,25.789
37.81,-73.01,25.892
37.81,-72.96,26.062
37.81,-72.91,26.162
37.81,-72.86,26.226
37.81,-72.81,26.311
37.81,-72.76,26.381
37.81,-72.71,26.415
37.81,-72.66,26.535
37.81,-72.61,26.527
37.81,-72.56,26.418
37.81,-72.51,26.439
37.81,-72.46,26.504
37.81,-72.41,26.554
37.81,-72.36,26.547
37.81,-72.31,26.552
37.81,-72.26,26.596
37.81,-72.21,26.7
37.81,-72.16,26.627
37.81,-72.11,26.396
37.81,-72.06,26.172
37.81,-72.01,26.253
37.81,-71.96,26.379
37.81,-71.91,26.233
37.81,-71.86,26.161
37.81,-71.81,26.176
37.81,-71.76,26.202
37.81,-71.71,26.225
37.81,-71.66,26.241
37.81,-71.61,26.252
37.81,-71.56,26.25
37.81,-71.51,26.235
37.81,-71.46,26.222
37.81,-71.41,26.195
37.81,-71.36,26.122
37.81,-71.31,26.02
37.81,-71.26,26.261
37.81,-71.21,26.661
37.81,-71.16,26.715
37.81,-71.11,26.729
37.81,-71.06,26.714
37.81,-71.01,26.73
37.81,-70.96,27.019
37.81,-70.91,27.256
37.81,-70.86,27.135
37.81,-70.81,27.147
37.81,-70.76,27.143
37.81,-70.71,27.154
37.81,-70.66,27.051
37.81,-70.61,27.132
37.81,-70.56,27.335
37.81,-70.51,27.42
37.81,-70.46,27.492
37.81,-70.41,27.551
37.81,-70.36,27.528
37.81,-70.31,27.523
37.81,-70.26,27.55
37.81,-70.21,27.604
37.81,-70.16,27.678
37.81,-70.11,27.694
37.81,-70.06,27.719
37.81,-70.01,27.759
37.81,-69.96,27.788
37.81,-69.91,27.776
37.81,-69.86,27.716
37.81,-69.81,27.632
37.81,-69.76,27.585
37.81,-69.71,27.569
37.81,-69.66,27.538
37.81,-69.61,27.489
37.81,-69.56,27.427
37.81,-69.51,27.368
37.81,-69.46,27.319
37.81,-69.41,27.284
37.81,-69.36,27.269
37.81,-69.31,27.279
37.81,-69.26,27.32
37.81,-69.21,27.379
37.81,-69.16,27.434
37.81,-69.11,27.444
37.81,-69.06,27.438
37.81,-69.01,27.45
37.86,-76.76,26.769
37.86,-76.21,26.947
37.86,-76.16,26.919
37.86,-76.11,26.858
37.86,-76.06,26.768
37.86,-76.01,26.664
37.86,-75.96,26.806
37.86,-75.91,27.086
37.86,-75.86,27.364
37.86,-75.81,27.434
37.86,-75.76,27.403
37.86,-75.71,27.202
37.86,-75.41,25.815
37.86,-75.36,25.842
37.86,-75.31,25.901
37.86,-75.26,25.938
37.86,-75.21,25.912
37.86,-75.16,25.896
37.86,-75.11,25.921
37.86,-75.06,25.958
37.86,-75.01,25.982
37.86,-74.96,26.11
37.86,-74.91,26.271
37.86,-74.86,26.346
37.86,-74.81,26.381
37.86,-74.76,26.501
37.86,-74.71,26.585
37.86,-74.66,26.699
37.86,-74.61,26.807
37.86,-74.56,26.786
37.86,-74.51,26.665
37.86,-74.46,26.601
37.86,-74.41,26.602
37.86,-74.36,26.741
37.86,-74.31,26.805
37.86,-74.26,26.871
37.86,-74.21,26.888
37.86,-74.16,26.839
37.86,-74.11,26.808
37.86,-74.06,26.772
37.86,-74.01,26.655
37.86,-73.96,26.543
37.86,-73.91,26.468
37.86,-73.86,26.471
37.86,-73.81,26.439
37.86,-73.76,26.447
37.86,-73.71,26.468
37.86,-73.66,26.481
37.86,-73.61,26.28
37.86,-73.56,26.036
37.86,-73.51,26.205
37.86,-73.46,26.145
37.86,-73.41,26.053
37.86,-73.36,26.009
37.86,-73.31,25.958
37.86,-73.26,25.922
37.86,-73.21,25.854
37.86,-73.16,25.831
37.86,-73.11,25.829
37.86,-73.06,25.848
37.86,-73.01,25.989
37.86,-72.96,26.226
37.86,-72.91,26.228
37.86,-72.86,26.177
37.86,-72.81,26.235
37.86,-72.76,26.258
37.86,-72.71,26.246
37.86,-72.66,26.363
37.86,-72.61,26.47
37.86,-72.56,26.496
37.86,-72.51,26.452
37.86,-72.46,26.496
37.86,-72.41,26.449
37.86,-72.36,26.382
37.86,-72.31,26.415
37.86,-72.26,26.576
37.86,-72.21,26.65
37.86,-72.16,26.591
37.86,-72.11,26.354
37.86,-72.06,26.078
37.86,-72.01,26.265
37.86,-71.96,26.435
37.86,-71.91,26.397
37.86,-71.86,26.315
37.86,-71.81,26.287
37.86,-71.76,26.294
37.86,-71.71,26.29
37.86,-71.66,26.287
37.86,-71.61,26.288
37.86,-71.56,26.28
37.86,-71.51,26.264
37.86,-71.46,26.247
37.86,-71.41,26.228
37.86,-71.36,26.205
37.86,-71.31,26.227
37.86,-71.26,26.393
37.86,-71.21,26.659
37.86,-71.16,26.871
37.86,-71.11,26.927
37.86,-71.06,27.023
37.86,-71.01,27.129
37.86,-70.96,27.172
37.86,-70.91,27.181
37.86,-70.86,27.137
37.86,-70.81,27.11
37.86,-70.76,27.229
37.86,-70.71,27.288
37.86,-70.66,27.302
37.86,-70.61,27.318
37.86,-70.56,27.416
37.86,-70.51,27.381
37.86,-70.46,27.432
37.86,-70.41,27.513
37.86,-70.36,27.545
37.86,-70.31,27.575
37.86,-70.26,27.58
37.86,-70.21,27.597
37.86,-70.16,27.688
37.86,-70.11,27.751
37.86,-70.06,27.816
37.86,-70.01,27.902
37.86,-69.96,27.979
37.86,-69.91,28.028
37.86,-69.86,28.003
37.86,-69.81,27.951
37.86,-69.76,27.882
37.86,-69.71,27.797
37.86,-69.66,27.705
37.86,-69.61,27.619
37.86,-69.56,27.549
37.86,-69.51,27.499
37.86,-69.46,27.457
37.86,-69.41,27.415
37.86,-69.36,27.38
37.86,-69.31,27.363
37.86,-69.26,27.375
37.86,-69.21,27.408
37.86,-69.16,27.448
37.86,-69.11,27.46
37.86,-69.06,27.46
37.86,-69.01,27.473
37.91,-76.81,26.691
37.91,-76.21,26.935
37.91,-76.16,26.925
37.91,-76.11,26.888
37.91,-76.06,26.826
37.91,-76.01,26.792
37.91,-75.96,26.872
37.91,-75.91,27.043
37.91,-75.86,27.202
37.91,-75.81,27.304
37.91,-75.76,27.349
37.91,-75.41,26.012
37.91,-75.31,26.115
37.91,-75.26,26.101
37.91,-75.21,26.028
37.91,-75.16,25.931
37.91,-75.11,25.844
37.91,-75.06,25.812
37.91,-75.01,25.815
37.91,-74.96,25.867
37.91,-74.91,25.928
37.91,-74.86,25.977
37.91,-74.81,26.061
37.91,-74.76,26.263
37.91,-74.71,26.358
37.91,-74.66,26.496
37.91,-74.61,26.546
37.91,-74.56,26.611
37.91,-74.51,26.621
37.91,-74.46,26.687
37.91,-74.41,26.787
37.91,-74.36,26.801
37.91,-74.31,26.845
37.91,-74.26,26.861
37.91,-74.21,26.832
37.91,-74.16,26.809
37.91,-74.11,26.716
37.91,-74.06,26.653
37.91,-74.01,26.578
37.91,-73.96,26.591
37.91,-73.91,26.527
37.91,-73.86,26.476
37.91,-73.81,26.537
37.91,-73.76,26.516
37.91,-73.71,26.459
37.91,-73.66,26.545
37.91,-73.61,26.373
37.91,-73.56,26.266
37.91,-73.51,26.223
37.91,-73.46,26.09
37.91,-73.41,26.048
37.91,-73.36,26.017
37.91,-73.31,25.955
37.91,-73.26,25.85
37.91,-73.21,25.885
37.91,-73.16,25.894
37.91,-73.11,25.895
37.91,-73.06,25.972
37.91,-73.01,26.134
37.91,-72.96,26.322
37.91,-72.91,26.379
37.91,-72.86,26.265
37.91,-72.81,26.2
37.91,-72.76,26.156
37.91,-72.71,26.091
37.91,-72.66,26.187
37.91,-72.61,26.319
37.91,-72.56,26.332
37.91,-72.51,26.405
37.91,-72.46,26.45
37.91,-72.41,26.403
37.91,-72.36,26.38
37.91,-72.31,26.413
37.91,-72.26,26.588
37.91,-72.21,26.62
37.91,-72.16,26.569
37.91,-72.11,26.296
37.91,-72.06,26.136
37.91,-72.01,26.302
37.91,-71.96,26.438
37.91,-71.91,26.474
37.91,-71.86,26.512
37.91,-71.81,26.492
37.91,-71.76,26.403
37.91,-71.71,26.338
37.91,-71.66,26.322
37.91,-71.61,26.32
37.91,-71.56,26.316
37.91,-71.51,26.31
37.91,-71.46,26.309
37.91,-71.41,26.318
37.91,-71.36,26.347
37.91,-71.31,26.413
37.91,-71.26,26.526
37.91,-71.21,26.659
37.91,-71.16,26.813
37.91,-71.11,26.996
37.91,-71.06,27.196
37.91,-71.01,27.295
37.91,-70.96,27.195
37.91,-70.91,27.099
37.91,-70.86,27.021
37.91,-70.81,27.107
37.91,-70.76,27.291
37.91,-70.71,27.345
37.91,-70.66,27.445
37.91,-70.61,27.469
37.91,-70.56,27.446
37.91,-70.51,27.428
37.91,-70.46,27.493
37.91,-70.41,27.534
37.91,-70.36,27.548
37.91,-70.31,27.538
37.91,-70.26,27.528
37.91,-70.21,27.477
37.91,-70.16,27.587
37.91,-70.11,27.706
37.91,-70.06,27.821
37.91,-70.01,27.944
37.91,-69.96,28.055
37.91,-69.91,28.117
37.91,-69.86,28.121
37.91,-69.81,28.069
37.91,-69.76,27.988
37.91,-69.71,27.896
37.91,-69.66,27.809
37.91,-69.61,27.748
37.91,-69.56,27.67
37.91,-69.51,27.653
37.91,-69.46,27.654
37.91,-69.41,27.606
37.91,-69.36,27.542
37.91,-69.31,27.478
37.91,-69.26,27.451
37.91,-69.21,27.464
37.91,-69.16,27.505
37.91,-69.11,27.548
37.91,-69.06,27.565
37.91,-69.01,27.54
37.96,-76.86,26.614
37.96,-76.36,26.87
37.96,-76.31,26.894
37.96,-76.26,26.915
37.96,-76.21,26.932
37.96,-76.16,26.944
37.96,-76.11,26.946
37.96,-76.06,26.942
37.96,-76.01,26.955
37.96,-75.96,27.004
37.96,-75.91,27.089
37.96,-75.76,27.296
37.96,-75.71,27.212
37.96,-75.66,27.045
37.96,-75.41,26.26
37.96,-75.36,26.466
37.96,-75.26,26.384
37.96,-75.21,26.255
37.96,-75.16,26.123
37.96,-75.11,26.0
37.96,-75.06,25.902
37.96,-75.01,25.836
37.96,-74.96,25.795
37.96,-74.91,25.782
37.96,-74.86,25.793
37.96,-74.81,25.834
37.96,-74.76,25.893
37.96,-74.71,26.036
37.96,-74.66,26.317
37.96,-74.61,26.482
37.96,-74.56,26.567
37.96,-74.51,26.544
37.96,-74.46,26.641
37.96,-74.41,26.805
37.96,-74.36,26.79
37.96,-74.31,26.846
37.96,-74.26,26.76
37.96,-74.21,26.674
37.96,-74.16,26.738
37.96,-74.11,26.766
37.96,-74.06,26.772
37.96,-74.01,26.752
37.96,-73.96,26.654
37.96,-73.91,26.538
37.96,-73.86,26.497
37.96,-73.81,26.502
37.96,-73.76,26.46
37.96,-73.71,26.412
37.96,-73.66,26.506
37.96,-73.61,26.341
37.96,-73.56,25.954
37.96,-73.51,25.77
37.96,-73.46,25.823
37.96,-73.41,25.828
37.96,-73.36,25.87
37.96,-73.31,25.853
37.96,-73.26,25.811
37.96,-73.21,25.791
37.96,-73.16,25.817
37.96,-73.11,25.877
37.96,-73.06,25.988
37.96,-73.01,26.124
37.96,-72.96,26.248
37.96,-72.91,26.284
37.96,-72.86,26.245
37.96,-72.81,26.072
37.96,-72.76,25.981
37.96,-72.71,25.946
37.96,-72.66,26.029
37.96,-72.61,26.231
37.96,-72.56,26.271
37.96,-72.51,26.314
37.96,-72.46,26.355
37.96,-72.41,26.436
37.96,-72.36,26.481
37.96,-72.31,26.478
37.96,-72.26,26.506
37.96,-72.21,26.423
37.96,-72.16,26.4
37.96,-72.11,26.335
37.96,-72.06,26.397
37.96,-72.01,26.415
37.96,-71.96,26.382
37.96,-71.91,26.491
37.96,-71.86,26.609
37.96,-71.81,26.571
37.96,-71.76,26.466
37.96,-71.71,26.406
37.96,-71.66,26.354
37.96,-71.61,26.344
37.96,-71.56,26.344
37.96,-71.51,26.356
37.96,-71.46,26.376
37.96,-71.41,26.408
37.96,-71.36,26.455
37.96,-71.31,26.52
37.96,-71.26,26.604
37.96,-71.21,26.694
37.96,-71.16,26.806
37.96,-71.11,26.961
37.96,-71.06,27.106
37.96,-71.01,27.177
37.96,-70.96,27.176
37.96,-70.91,27.143
37.96,-70.86,27.073
37.96,-70.81,27.03
37.96,-70.76,27.255
37.96,-70.71,27.371
37.96,-70.66,27.456
37.96,-70.61,27.478
37.96,-70.56,27.445
37.96,-70.51,27.369
37.96,-70.46,27.449
37.96,-70.41,27.415
37.96,-70.36,27.402
37.96,-70.31,27.453
37.96,-70.26,27.463
37.96,-70.21,27.444
37.96,-70.16,27.462
37.96,-70.11,27.618
37.96,-70.06,27.796
37.96,-70.01,27.947
37.96,-69.96,28.059
37.96,-69.91,28.129
37.96,-69.86,28.143
37.96,-69.81,28.088
37.96,-69.76,27.998
37.96,-69.71,27.902
37.96,-69.66,27.826
37.96,-69.61,27.762
37.96,-69.56,27.712
37.96,-69.51,27.714
37.96,-69.46,27.766
37.96,-69.41,27.815
37.96,-69.36,27.741
37.96,-69.31,27.602
37.96,-69.26,27.531
37.96,-69.21,27.525
37.96,-69.16,27.574
37.96,-69.11,27.658
37.96,-69.06,27.733
37.96,-69.01,27.694
38.01,-76.41,26.797
38.01,-76.36,26.827
38.01,-76.31,26.859
38.01,-76.26,26.891
38.01,-76.21,26.925
38.01,-76.16,26.96
38.01,-76.11,26.995
38.01,-76.06,27.032
38.01,-75.96,27.073
38.01,-75.91,27.118
38.01,-75.36,26.986
38.01,-75.31,26.856
38.01,-75.21,26.501
38.01,-75.16,26.318
38.01,-75.11,26.151
38.01,-75.06,26.006
38.01,-75.01,25.886
38.01,-74.96,25.797
38.01,-74.91,25.742
38.01,-74.86,25.738
38.01,-74.81,25.774
38.01,-74.76,25.847
38.01,-74.71,26.0
38.01,-74.66,26.138
38.01,-74.61,26.361
38.01,-74.56,26.516
38.01,-74.51,26.526
38.01,-74.46,26.625
38.01,-74.41,26.793
38.01,-74.36,26.756
38.01,-74.31,26.671
38.01,-74.26,26.557
38.01,-74.21,26.505
38.01,-74.16,26.583
38.01,-74.11,26.611
38.01,-74.06,26.604
38.01,-74.01,26.653
38.01,-73.96,26.649
38.01,-73.91,26.583
38.01,-73.86,26.598
38.01,-73.81,26.61
38.01,-73.76,26.6
38.01,-73.71,26.607
38.01,-73.66,26.482
38.01,-73.61,26.486
38.01,-73.56,26.132
38.01,-73.51,25.755
38.01,-73.46,25.595
38.01,-73.41,25.618
38.01,-73.36,25.737
38.01,-73.31,25.8
38.01,-73.26,25.694
38.01,-73.21,25.638
38.01,-73.16,25.708
38.01,-73.11,25.829
38.01,-73.06,25.953
38.01,-73.01,26.061
38.01,-72.96,26.151
38.01,-72.91,26.177
38.01,-72.86,26.072
38.01,-72.81,25.954
38.01,-72.76,25.792
38.01,-72.71,25.782
38.01,-72.66,25.932
38.01,-72.61,26.07
38.01,-72.56,26.285
38.01,-72.51,26.292
38.01,-72.46,26.368
38.01,-72.41,26.518
38.01,-72.36,26.583
38.01,-72.31,26.552
38.01,-72.26,26.491
38.01,-72.21,26.366
38.01,-72.16,26.486
38.01,-72.11,26.54
38.01,-72.06,26.409
38.01,-72.01,26.287
38.01,-71.96,26.374
38.01,-71.91,26.513
38.01,-71.86,26.606
38.01,-71.81,26.493
38.01,-71.76,26.368
38.01,-71.71,26.377
38.01,-71.66,26.348
38.01,-71.61,26.338
38.01,-71.56,26.349
38.01,-71.51,26.378
38.01,-71.46,26.418
38.01,-71.41,26.466
38.01,-71.36,26.522
38.01,-71.31,26.589
38.01,-71.26,26.664
38.01,-71.21,26.751
38.01,-71.16,26.841
38.01,-71.11,26.955
38.01,-71.06,27.042
38.01,-71.01,27.136
38.01,-70.96,27.173
38.01,-70.91,27.153
38.01,-70.86,27.175
38.01,-70.81,27.21
38.01,-70.76,27.31
38.01,-70.71,27.318
38.01,-70.66,27.162
38.01,-70.61,27.266
38.01,-70.56,27.323
38.01,-70.51,27.165
38.01,-70.46,27.321
38.01,-70.41,27.356
38.01,-70.36,27.35
38.01,-70.31,27.441
38.01,-70.26,27.487
38.01,-70.21,27.472
38.01,-70.16,27.522
38.01,-70.11,27.618
38.01,-70.06,27.798
38.01,-70.01,27.942
38.01,-69.96,28.042
38.01,-69.91,28.097
38.01,-69.86,28.111
38.01,-69.81,28.068
38.01,-69.76,27.961
38.01,-69.71,27.842
38.01,-69.66,27.758
38.01,-69.61,27.696
38.01,-69.56,27.669
38.01,-69.51,27.695
38.01,-69.46,27.766
38.01,-69.41,27.837
38.01,-69.36,27.795
38.01,-69.31,27.685
38.01,-69.26,27.595
38.01,-69.21,27.573
38.01,-69.16,27.632
38.01,-69.11,27.76
38.01,-69.06,27.909
38.01,-69.01,27.897
38.06,-76.51,26.687
38.06,-76.46,26.717
38.06,-76.41,26.748
38.06,-76.31,26.819
38.06,-76.26,26.858
38.06,-76.21,26.903
38.06,-76.16,26.954
38.06,-76.11,27.016
38.06,-76.06,27.068
38.06,-76.01,27.068
38.06,-75.96,27.08
38.06,-75.91,27.107
38.06,-75.86,27.129
38.06,-75.81,27.132
38.06,-75.31,27.025
38.06,-75.26,26.913
38.06,-75.21,26.675
38.06,-75.16,26.459
38.06,-75.11,26.255
38.06,-75.06,26.075
38.06,-75.01,25.924
38.06,-74.96,25.808
38.06,-74.91,25.735
38.06,-74.86,25.706
38.06,-74.81,25.721
38.06,-74.76,25.781
38.06,-74.71,25.893
38.06,-74.66,26.118
38.06,-74.61,26.273
38.06,-74.56,26.402
38.06,-74.51,26.452
38.06,-74.46,26.468
38.06,-74.41,26.519
38.06,-74.36,26.503
38.06,-74.31,26.376
38.06,-74.26,26.301
38.06,-74.21,26.296
38.06,-74.16,26.326
38.06,-74.11,26.545
38.06,-74.06,26.576
38.06,-74.01,26.649
38.06,-73.96,26.688
38.06,-73.91,26.634
38.06,-73.86,26.553
38.06,-73.81,26.551
38.06,-73.76,26.442
38.06,-73.71,26.31
38.06,-73.66,26.311
38.06,-73.61,26.39
38.06,-73.56,26.149
38.06,-73.51,25.748
38.06,-73.46,25.444
38.06,-73.41,25.483
38.06,-73.36,25.535
38.06,-73.31,25.481
38.06,-73.26,25.369
38.06,-73.21,25.391
38.06,-73.16,25.582
38.06,-73.11,25.804
38.06,-73.06,25.952
38.06,-73.01,26.039
38.06,-72.96,26.091
38.06,-72.91,26.06
38.06,-72.86,25.972
38.06,-72.81,25.821
38.06,-72.76,25.629
38.06,-72.71,25.65
38.06,-72.66,25.82
38.06,-72.61,26.034
38.06,-72.56,26.23
38.06,-72.51,26.327
38.06,-72.46,26.374
38.06,-72.41,26.531
38.06,-72.36,26.58
38.06,-72.31,26.585
38.06,-72.26,26.489
38.06,-72.21,26.432
38.06,-72.16,26.511
38.06,-72.11,26.562
38.06,-72.06,26.525
38.06,-72.01,26.507
38.06,-71.96,26.547
38.06,-71.91,26.586
38.06,-71.86,26.653
38.06,-71.81,26.471
38.06,-71.76,26.326
38.06,-71.71,26.288
38.06,-71.66,26.273
38.06,-71.61,26.284
38.06,-71.56,26.315
38.06,-71.51,26.363
38.06,-71.46,26.423
38.06,-71.41,26.487
38.06,-71.36,26.554
38.06,-71.31,26.627
38.06,-71.26,26.708
38.06,-71.21,26.804
38.06,-71.16,26.903
38.06,-71.11,27.086
38.06,-71.06,27.231
38.06,-71.01,27.179
38.06,-70.96,27.187
38.06,-70.91,27.196
38.06,-70.86,27.189
38.06,-70.81,27.255
38.06,-70.76,27.319
38.06,-70.71,27.344
38.06,-70.66,27.432
38.06,-70.61,27.433
38.06,-70.56,27.373
38.06,-70.51,27.27
38.06,-70.46,27.175
38.06,-70.41,27.134
38.06,-70.36,27.259
38.06,-70.31,27.406
38.06,-70.26,27.457
38.06,-70.21,27.504
38.06,-70.16,27.589
38.06,-70.11,27.618
38.06,-70.06,27.744
38.06,-70.01,27.881
38.06,-69.96,27.986
38.06,-69.91,28.04
38.06,-69.86,28.039
38.06,-69.81,27.986
38.06,-69.76,27.851
38.06,-69.71,27.685
38.06,-69.66,27.559
38.06,-69.61,27.517
38.06,-69.56,27.549
38.06,-69.51,27.616
38.06,-69.46,27.709
38.06,-69.41,27.816
38.06,-69.36,27.866
38.06,-69.31,27.766
38.06,-69.26,27.645
38.06,-69.21,27.602
38.06,-69.16,27.645
38.06,-69.11,27.747
38.06,-69.06,27.838
38.06,-69.01,27.845
38.11,-76.56,26.604
38.11,-76.51,26.633
38.11,-76.46,26.664
38.11,-76.31,26.771
38.11,-76.26,26.813
38.11,-76.21,26.86
38.11,-76.16,26.911
38.11,-76.11,26.963
38.11,-76.06,27.003
38.11,-76.01,27.025
38.11,-75.96,27.039
38.11,-75.91,27.051
38.11,-75.86,27.047
38.11,-75.26,26.92
38.11,-75.21,26.737
38.11,-75.16,26.519
38.11,-75.11,26.292
38.11,-75.06,26.087
38.11,-75.01,25.918
38.11,-74.96,25.788
38.11,-74.91,25.701
38.11,-74.86,25.661
38.11,-74.81,25.664
38.11,-74.76,25.706
38.11,-74.71,25.796
38.11,-74.66,25.922
38.11,-74.61,26.114
38.11,-74.56,26.334
38.11,-74.51,26.466
38.11,-74.46,26.46
38.11,-74.41,26.375
38.11,-74.36,26.368
38.11,-74.31,26.252
38.11,-74.26,26.089
38.11,-74.21,26.021
38.11,-74.16,25.949
38.11,-74.11,26.275
38.11,-74.06,26.532
38.11,-74.01,26.47
38.11,-73.96,26.49
38.11,-73.91,26.548
38.11,-73.86,26.45
38.11,-73.81,26.306
38.11,-73.76,26.204
38.11,-73.71,26.245
38.11,-73.66,26.348
38.11,-73.61,26.211
38.11,-73.56,25.929
38.11,-73.51,25.75
38.11,-73.46,25.601
38.11,-73.41,25.56
38.11,-73.36,25.477
38.11,-73.31,25.314
38.11,-73.26,25.128
38.11,-73.21,25.162
38.11,-73.16,25.458
38.11,-73.11,25.724
38.11,-73.06,25.877
38.11,-73.01,26.055
38.11,-72.96,26.098
38.11,-72.91,26.059
38.11,-72.86,26.014
38.11,-72.81,25.967
38.11,-72.76,25.777
38.11,-72.71,25.755
38.11,-72.66,25.939
38.11,-72.61,26.157
38.11,-72.56,26.367
38.11,-72.51,26.379
38.11,-72.46,26.448
38.11,-72.41,26.49
38.11,-72.36,26.54
38.11,-72.31,26.507
38.11,-72.26,26.491
38.11,-72.21,26.533
38.11,-72.16,26.602
38.11,-72.11,26.62
38.11,-72.06,26.68
38.11,-72.01,26.615
38.11,-71.96,26.6
38.11,-71.91,26.591
38.11,-71.86,26.595
38.11,-71.81,26.485
38.11,-71.76,26.334
38.11,-71.71,26.179
38.11,-71.66,26.154
38.11,-71.61,26.175
38.11,-71.56,26.228
38.11,-71.51,26.304
38.11,-71.46,26.392
38.11,-71.41,26.478
38.11,-71.36,26.558
38.11,-71.31,26.64
38.11,-71.26,26.731
38.11,-71.21,26.833
38.11,-71.16,26.92
38.11,-71.11,27.069
38.11,-71.06,27.164
38.11,-71.01,27.168
38.11,-70.96,27.136
38.11,-70.91,27.131
38.11,-70.86,27.219
38.11,-70.81,27.369
38.11,-70.76,27.428
38.11,-70.71,27.448
38.11,-70.66,27.412
38.11,-70.61,27.33
38.11,-70.56,27.112
38.11,-70.51,27.037
38.11,-70.46,27.05
38.11,-70.41,27.124
38.11,-70.36,27.31
38.11,-70.31,27.445
38.11,-70.26,27.477
38.11,-70.21,27.555
38.11,-70.16,27.609
38.11,-70.11,27.564
38.11,-70.06,27.608
38.11,-70.01,27.711
38.11,-69.96,27.877
38.11,-69.91,27.945
38.11,-69.86,27.898
38.11,-69.81,27.779
38.11,-69.76,27.629
38.11,-69.71,27.466
38.11,-69.66,27.289
38.11,-69.61,27.275
38.11,-69.56,27.396
38.11,-69.51,27.497
38.11,-69.46,27.602
38.11,-69.41,27.738
38.11,-69.36,27.897
38.11,-69.31,27.766
38.11,-69.26,27.639
38.11,-69.21,27.596
38.11,-69.16,27.619
38.11,-69.11,27.676
38.11,-69.06,27.73
38.11,-69.01,27.751
38.16,-76.71,26.469
38.16,-76.66,26.495
38.16,-76.61,26.521
38.16,-76.56,26.548
38.16,-76.31,26.714
38.16,-76.26,26.756
38.16,-76.21,26.799
38.16,-76.16,26.843
38.16,-76.11,26.885
38.16,-76.01,26.946
38.16,-75.96,26.96
38.16,-75.26,26.862
38.16,-75.21,26.692
38.16,-75.16,26.466
38.16,-75.11,26.224
38.16,-75.06,26.002
38.16,-75.01,25.828
38.16,-74.96,25.707
38.16,-74.91,25.632
38.16,-74.86,25.597
38.16,-74.81,25.599
38.16,-74.76,25.651
38.16,-74.71,25.763
38.16,-74.66,25.91
38.16,-74.61,26.058
38.16,-74.56,26.216
38.16,-74.51,26.436
38.16,-74.46,26.473
38.16,-74.41,26.328
38.16,-74.36,26.276
38.16,-74.31,26.222
38.16,-74.26,26.178
38.16,-74.21,25.938
38.16,-74.16,25.83
38.16,-74.11,26.179
38.16,-74.06,26.508
38.16,-74.01,26.493
38.16,-73.96,26.452
38.16,-73.91,26.294
38.16,-73.86,26.215
38.16,-73.81,26.201
38.16,-73.76,26.253
38.16,-73.71,26.288
38.16,-73.66,26.215
38.16,-73.61,25.945
38.16,-73.56,25.866
38.16,-73.51,25.902
38.16,-73.46,25.72
38.16,-73.41,25.432
38.16,-73.36,25.437
38.16,-73.31,25.255
38.16,-73.26,25.181
38.16,-73.21,25.246
38.16,-73.16,25.429
38.16,-73.11,25.644
38.16,-73.06,25.863
38.16,-73.01,26.105
38.16,-72.96,26.073
38.16,-72.91,25.997
38.16,-72.86,26.065
38.16,-72.81,26.07
38.16,-72.76,25.961
38.16,-72.71,25.824
38.16,-72.66,26.006
38.16,-72.61,26.228
38.16,-72.56,26.49
38.16,-72.51,26.497
38.16,-72.46,26.483
38.16,-72.41,26.533
38.16,-72.36,26.557
38.16,-72.31,26.548
38.16,-72.26,26.566
38.16,-72.21,26.557
38.16,-72.16,26.53
38.16,-72.11,26.52
38.16,-72.06,26.526
38.16,-72.01,26.517
38.16,-71.96,26.489
38.16,-71.91,26.482
38.16,-71.86,26.487
38.16,-71.81,26.388
38.16,-71.76,26.176
38.16,-71.71,26.036
38.16,-71.66,26.017
38.16,-71.61,26.004
38.16,-71.56,26.081
38.16,-71.51,26.212
38.16,-71.46,26.336
38.16,-71.41,26.442
38.16,-71.36,26.536
38.16,-71.31,26.629
38.16,-71.26,26.729
38.16,-71.21,26.847
38.16,-71.16,26.944
38.16,-71.11,26.997
38.16,-71.06,27.083
38.16,-71.01,27.137
38.16,-70.96,27.174
38.16,-70.91,27.221
38.16,-70.86,27.284
38.16,-70.81,27.339
38.16,-70.76,27.328
38.16,-70.71,27.307
38.16,-70.66,27.218
38.16,-70.61,27.091
38.16,-70.56,27.001
38.16,-70.51,26.952
38.16,-70.46,26.943
38.16,-70.41,27.134
38.16,-70.36,27.367
38.16,-70.31,27.478
38.16,-70.26,27.535
38.16,-70.21,27.56
38.16,-70.16,27.548
38.16,-70.11,27.504
38.16,-70.06,27.488
38.16,-70.01,27.584
38.16,-69.96,27.695
38.16,-69.91,27.696
38.16,-69.86,27.627
38.16,-69.81,27.511
38.16,-69.76,27.381
38.16,-69.71,27.269
38.16,-69.66,27.209
38.16,-69.61,27.209
38.16,-69.56,27.282
38.16,-69.51,27.37
38.16,-69.46,27.437
38.16,-69.41,27.468
38.16,-69.36,27.497
38.16,-69.31,27.589
38.16,-69.26,27.59
38.16,-69.21,27.582
38.16,-69.16,27.604
38.16,-69.11,27.644
38.16,-69.06,27.68
38.16,-69.01,27.7
38.21,-76.91,26.318
38.21,-76.86,26.341
38.21,-76.81,26.365
38.21,-76.76,26.388
38.21,-76.71,26.412
38.21,-76.66,26.437
38.21,-76.61,26.463
38.21,-76.36,26.614
38.21,-76.31,26.65
38.21,-76.26,26.687
38.21,-76.21,26.724
38.21,-76.16,26.761
38.21,-76.11,26.795
38.21,-76.06,26.824
38.21,-76.01,26.845
38.21,-75.96,26.856
38.21,-75.91,26.856
38.21,-75.21,26.488
38.21,-75.16,26.298
38.21,-75.11,26.046
38.21,-75.06,25.805
38.21,-75.01,25.638
38.21,-74.96,25.563
38.21,-74.91,25.532
38.21,-74.86,25.521
38.21,-74.81,25.535
38.21,-74.76,25.593
38.21,-74.71,25.766
38.21,-74.66,25.922
38.21,-74.61,26.033
38.21,-74.56,26.098
38.21,-74.51,26.339
38.21,-74.46,26.368
38.21,-74.41,26.247
38.21,-74.36,26.242
38.21,-74.31,26.209
38.21,-74.26,26.015
38.21,-74.21,25.858
38.21,-74.16,25.911
38.21,-74.11,26.424
38.21,-74.06,26.538
38.21,-74.01,26.44
38.21,-73.96,26.285
38.21,-73.91,26.14
38.21,-73.86,26.104
38.21,-73.81,26.161
38.21,-73.76,26.092
38.21,-73.71,26.036
38.21,-73.66,25.966
38.21,-73.61,25.819
38.21,-73.56,25.87
38.21,-73.51,25.82
38.21,-73.46,25.751
38.21,-73.41,25.68
38.21,-73.36,25.288
38.21,-73.31,25.158
38.21,-73.26,25.262
38.21,-73.21,25.361
38.21,-73.16,25.462
38.21,-73.11,25.6
38.21,-73.06,25.775
38.21,-73.01,25.952
38.21,-72.96,25.908
38.21,-72.91,25.821
38.21,-72.86,25.851
38.21,-72.81,25.928
38.21,-72.76,25.927
38.21,-72.71,25.787
38.21,-72.66,25.828
38.21,-72.61,26.175
38.21,-72.56,26.47
38.21,-72.51,26.6
38.21,-72.46,26.659
38.21,-72.41,26.578
38.21,-72.36,26.561
38.21,-72.31,26.675
38.21,-72.26,26.694
38.21,-72.21,26.658
38.21,-72.16,26.557
38.21,-72.11,26.456
38.21,-72.06,26.452
38.21,-72.01,26.487
38.21,-71.96,26.492
38.21,-71.91,26.464
38.21,-71.86,26.487
38.21,-71.81,26.321
38.21,-71.76,26.12
38.21,-71.71,26.116
38.21,-71.66,26.025
38.21,-71.61,25.846
38.21,-71.56,25.943
38.21,-71.51,26.123
38.21,-71.46,26.265
38.21,-71.41,26.38
38.21,-71.36,26.483
38.21,-71.31,26.587
38.21,-71.26,26.691
38.21,-71.21,26.8
38.21,-71.16,26.887
38.21,-71.11,26.997
38.21,-71.06,27.073
38.21,-71.01,27.139
38.21,-70.96,27.22
38.21,-70.91,27.292
38.21,-70.86,27.34
38.21,-70.81,27.36
38.21,-70.76,27.328
38.21,-70.71,27.228
38.21,-70.66,27.067
38.21,-70.61,26.921
38.21,-70.56,26.965
38.21,-70.51,26.968
38.21,-70.46,27.01
38.21,-70.41,27.122
38.21,-70.36,27.257
38.21,-70.31,27.421
38.21,-70.26,27.523
38.21,-70.21,27.575
38.21,-70.16,27.583
38.21,-70.11,27.533
38.21,-70.06,27.453
38.21,-70.01,27.364
38.21,-69.96,27.348
38.21,-69.91,27.309
38.21,-69.86,27.285
38.21,-69.81,27.233
38.21,-69.76,27.144
38.21,-69.71,27.066
38.21,-69.66,27.09
38.21,-69.61,27.125
38.21,-69.56,27.199
38.21,-69.51,27.268
38.21,-69.46,27.308
38.21,-69.41,27.307
38.21,-69.36,27.393
38.21,-69.31,27.564
38.21,-69.26,27.571
38.21,-69.21,27.593
38.21,-69.16,27.625
38.21,-69.11,27.658
38.21,-69.06,27.674
38.21,-69.01,27.676
38.26,-76.91,26.262
38.26,-76.86,26.285
38.26,-76.81,26.308
38.26,-76.36,26.547
38.26,-76.31,26.579
38.26,-76.26,26.611
38.26,-76.21,26.642
38.26,-76.16,26.67
38.26,-76.11,26.696
38.26,-76.01,26.732
38.26,-75.11,25.836
38.26,-75.06,25.577
38.26,-75.01,25.424
38.26,-74.96,25.423
38.26,-74.91,25.44
38.26,-74.86,25.461
38.26,-74.81,25.527
38.26,-74.76,25.686
38.26,-74.71,25.885
38.26,-74.66,26.031
38.26,-74.61,26.055
38.26,-74.56,26.082
38.26,-74.51,26.19
38.26,-74.46,26.089
38.26,-74.41,26.121
38.26,-74.36,26.151
38.26,-74.31,26.005
38.26,-74.26,25.893
38.26,-74.21,25.967
38.26,-74.16,26.147
38.26,-74.11,26.538
38.26,-74.06,26.496
38.26,-74.01,26.295
38.26,-73.96,26.148
38.26,-73.91,25.982
38.26,-73.86,25.82
38.26,-73.81,25.926
38.26,-73.76,25.983
38.26,-73.71,25.936
38.26,-73.66,25.855
38.26,-73.61,25.834
38.26,-73.56,25.825
38.26,-73.51,25.821
38.26,-73.46,25.754
38.26,-73.41,25.742
38.26,-73.36,25.203
38.26,-73.31,24.892
38.26,-73.26,25.2
38.26,-73.21,25.407
38.26,-73.16,25.48
38.26,-73.11,25.521
38.26,-73.06,25.596
38.26,-73.01,25.657
38.26,-72.96,25.696
38.26,-72.91,25.685
38.26,-72.86,25.644
38.26,-72.81,25.767
38.26,-72.76,25.834
38.26,-72.71,25.759
38.26,-72.66,25.773
38.26,-72.61,26.008
38.26,-72.56,26.437
38.26,-72.51,26.645
38.26,-72.46,26.71
38.26,-72.41,26.65
38.26,-72.36,26.601
38.26,-72.31,26.761
38.26,-72.26,26.747
38.26,-72.21,26.693
38.26,-72.16,26.634
38.26,-72.11,26.552
38.26,-72.06,26.475
38.26,-72.01,26.516
38.26,-71.96,26.513
38.26,-71.91,26.471
38.26,-71.86,26.456
38.26,-71.81,26.393
38.26,-71.76,26.345
38.26,-71.71,26.303
38.26,-71.66,26.277
38.26,-71.61,26.114
38.26,-71.56,26.0
38.26,-71.51,26.051
38.26,-71.46,26.161
38.26,-71.41,26.281
38.26,-71.36,26.389
38.26,-71.31,26.498
38.26,-71.26,26.633
38.26,-71.21,26.802
38.26,-71.16,26.875
38.26,-71.11,26.98
38.26,-71.06,27.115
38.26,-71.01,27.209
38.26,-70.96,27.327
38.26,-70.91,27.388
38.26,-70.86,27.408
38.26,-70.81,27.421
38.26,-70.76,27.399
38.26,-70.71,27.253
38.26,-70.66,27.151
38.26,-70.61,27.129
38.26,-70.56,27.028
38.26,-70.51,26.982
38.26,-70.46,26.994
38.26,-70.41,27.069
38.26,-70.36,27.188
38.26,-70.31,27.329
38.26,-70.26,27.477
38.26,-70.21,27.574
38.26,-70.16,27.519
38.26,-70.11,27.498
38.26,-70.06,27.351
38.26,-70.01,27.058
38.26,-69.96,26.801
38.26,-69.91,26.912
38.26,-69.86,27.014
38.26,-69.81,27.033
38.26,-69.76,26.985
38.26,-69.71,26.908
38.26,-69.66,26.921
38.26,-69.61,27.044
38.26,-69.56,27.142
38.26,-69.51,27.21
38.26,-69.46,27.249
38.26,-69.41,27.311
38.26,-69.36,27.432
38.26,-69.31,27.46
38.26,-69.26,27.561
38.26,-69.21,27.629
38.26,-69.16,27.691
38.26,-69.11,27.733
38.26,-69.06,27.73
38.26,-69.01,27.681
38.31,-77.01,26.163
38.31,-76.96,26.184
38.31,-76.46,26.421
38.31,-76.41,26.449
38.31,-76.36,26.477
38.31,-76.31,26.505
38.31,-76.26,26.532
38.31,-76.21,26.556
38.31,-76.16,26.577
38.31,-75.91,26.625
38.31,-75.06,25.46
38.31,-75.01,25.346
38.31,-74.96,25.338
38.31,-74.91,25.393
38.31,-74.86,25.49
38.31,-74.81,25.577
38.31,-74.76,25.775
38.31,-74.71,26.038
38.31,-74.66,26.04
38.31,-74.61,26.12
38.31,-74.56,25.992
38.31,-74.51,25.915
38.31,-74.46,25.897
38.31,-74.41,25.872
38.31,-74.36,25.873
38.31,-74.31,25.848
38.31,-74.26,26.042
38.31,-74.21,26.322
38.31,-74.16,26.417
38.31,-74.11,26.475
38.31,-74.06,26.346
38.31,-74.01,26.127
38.31,-73.96,26.033
38.31,-73.91,25.94
38.31,-73.86,25.861
38.31,-73.81,25.88
38.31,-73.76,25.875
38.31,-73.71,25.943
38.31,-73.66,25.838
38.31,-73.61,25.8
38.31,-73.56,25.732
38.31,-73.51,25.711
38.31,-73.46,25.756
38.31,-73.41,25.644
38.31,-73.36,25.194
38.31,-73.31,24.849
38.31,-73.26,24.947
38.31,-73.21,24.999
38.31,-73.16,25.182
38.31,-73.11,25.374
38.31,-73.06,25.405
38.31,-73.01,25.393
38.31,-72.96,25.447
38.31,-72.91,25.547
38.31,-72.86,25.552
38.31,-72.81,25.663
38.31,-72.76,25.679
38.31,-72.71,25.618
38.31,-72.66,25.659
38.31,-72.61,25.822
38.31,-72.56,26.25
38.31,-72.51,26.514
38.31,-72.46,26.598
38.31,-72.41,26.638
38.31,-72.36,26.65
38.31,-72.31,26.684
38.31,-72.26,26.673
38.31,-72.21,26.616
38.31,-72.16,26.607
38.31,-72.11,26.527
38.31,-72.06,26.504
38.31,-72.01,26.516
38.31,-71.96,26.474
38.31,-71.91,26.444
38.31,-71.86,26.462
38.31,-71.81,26.479
38.31,-71.76,26.479
38.31,-71.71,26.451
38.31,-71.66,26.389
38.31,-71.61,26.237
38.31,-71.56,25.975
38.31,-71.51,25.911
38.31,-71.46,25.997
38.31,-71.41,26.142
38.31,-71.36,26.263
38.31,-71.31,26.344
38.31,-71.26,26.462
38.31,-71.21,26.762
38.31,-71.16,26.889
38.31,-71.11,27.067
38.31,-71.06,27.271
38.31,-71.01,27.347
38.31,-70.96,27.38
38.31,-70.91,27.419
38.31,-70.86,27.475
38.31,-70.81,27.536
38.31,-70.76,27.443
38.31,-70.71,27.311
38.31,-70.66,27.238
38.31,-70.61,27.184
38.31,-70.56,27.079
38.31,-70.51,26.971
38.31,-70.46,26.914
38.31,-70.41,26.998
38.31,-70.36,27.131
38.31,-70.31,27.26
38.31,-70.26,27.374
38.31,-70.21,27.47
38.31,-70.16,27.497
38.31,-70.11,27.507
38.31,-70.06,27.378
38.31,-70.01,27.047
38.31,-69.96,26.786
38.31,-69.91,26.811
38.31,-69.86,26.895
38.31,-69.81,26.939
38.31,-69.76,26.942
38.31,-69.71,26.942
38.31,-69.66,26.98
38.31,-69.61,27.063
38.31,-69.56,27.148
38.31,-69.51,27.21
38.31,-69.46,27.26
38.31,-69.41,27.361
38.31,-69.36,27.55
38.31,-69.31,27.501
38.31,-69.26,27.567
38.31,-69.21,27.666
38.31,-69.16,27.77
38.31,-69.11,27.862
38.31,-69.06,27.867
38.31,-69.01,27.682
38.36,-77.26,26.007
38.36,-77.16,26.047
38.36,-77.01,26.107
38.36,-76.36,26.405
38.36,-76.31,26.429
38.36,-76.26,26.451
38.36,-76.21,26.471
38.36,-75.86,26.513
38.36,-75.06,25.337
38.36,-75.01,25.241
38.36,-74.96,25.251
38.36,-74.91,25.342
38.36,-74.86,25.496
38.36,-74.81,25.592
38.36,-74.76,25.692
38.36,-74.71,25.8
38.36,-74.66,25.671
38.36,-74.61,25.715
38.36,-74.56,25.704
38.36,-74.51,25.649
38.36,-74.46,25.66
38.36,-74.41,25.707
38.36,-74.36,25.763
38.36,-74.31,26.049
38.36,-74.26,26.424
38.36,-74.21,26.421
38.36,-74.16,26.422
38.36,-74.11,26.479
38.36,-74.06,26.32
38.36,-74.01,26.12
38.36,-73.96,25.961
38.36,-73.91,25.931
38.36,-73.86,25.978
38.36,-73.81,25.961
38.36,-73.76,25.829
38.36,-73.71,25.843
38.36,-73.66,25.851
38.36,-73.61,25.794
38.36,-73.56,25.707
38.36,-73.51,25.74
38.36,-73.46,25.716
38.36,-73.41,25.684
38.36,-73.36,25.643
38.36,-73.31,25.454
38.36,-73.26,25.347
38.36,-73.21,25.166
38.36,-73.16,25.058
38.36,-73.11,25.205
38.36,-73.06,25.357
38.36,-73.01,25.38
38.36,-72.96,25.384
38.36,-72.91,25.483
38.36,-72.86,25.472
38.36,-72.81,25.463
38.36,-72.76,25.467
38.36,-72.71,25.423
38.36,-72.66,25.51
38.36,-72.61,25.729
38.36,-72.56,26.153
38.36,-72.51,26.419
38.36,-72.46,26.546
38.36,-72.41,26.581
38.36,-72.36,26.558
38.36,-72.31,26.561
38.36,-72.26,26.515
38.36,-72.21,26.498
38.36,-72.16,26.392
38.36,-72.11,26.328
38.36,-72.06,26.385
38.36,-72.01,26.424
38.36,-71.96,26.448
38.36,-71.91,26.483
38.36,-71.86,26.511
38.36,-71.81,26.533
38.36,-71.76,26.532
38.36,-71.71,26.522
38.36,-71.66,26.446
38.36,-71.61,26.253
38.36,-71.56,25.869
38.36,-71.51,25.699
38.36,-71.46,25.786
38.36,-71.41,25.998
38.36,-71.36,26.181
38.36,-71.31,26.288
38.36,-71.26,26.422
38.36,-71.21,26.669
38.36,-71.16,26.822
38.36,-71.11,27.144
38.36,-71.06,27.428
38.36,-71.01,27.44
38.36,-70.96,27.337
38.36,-70.91,27.401
38.36,-70.86,27.518
38.36,-70.81,27.59
38.36,-70.76,27.529
38.36,-70.71,27.411
38.36,-70.66,27.307
38.36,-70.61,27.226
38.36,-70.56,27.146
38.36,-70.51,27.059
38.36,-70.46,26.96
38.36,-70.41,27.008
38.36,-70.36,27.122
38.36,-70.31,27.2
38.36,-70.26,27.239
38.36,-70.21,27.274
38.36,-70.16,27.319
38.36,-70.11,27.283
38.36,-70.06,27.124
38.36,-70.01,26.975
38.36,-69.96,26.873
38.36,-69.91,26.862
38.36,-69.86,26.891
38.36,-69.81,26.928
38.36,-69.76,26.964
38.36,-69.71,27.01
38.36,-69.66,27.072
38.36,-69.61,27.151
38.36,-69.56,27.223
38.36,-69.51,27.279
38.36,-69.46,27.314
38.36,-69.41,27.341
38.36,-69.36,27.395
38.36,-69.31,27.381
38.36,-69.26,27.509
38.36,-69.21,27.652
38.36,-69.16,27.788
38.36,-69.11,27.925
38.36,-69.06,28.061
38.36,-69.01,27.695
38.41,-77.31,25.936
38.41,-77.06,26.031
38.41,-77.01,26.051
38.41,-76.41,26.309
38.41,-76.36,26.331
38.41,-76.31,26.352
38.41,-75.16,25.521
38.41,-75.01,25.122
38.41,-74.96,25.143
38.41,-74.91,25.216
38.41,-74.86,25.357
38.41,-74.81,25.435
38.41,-74.76,25.477
38.41,-74.71,25.55
38.41,-74.66,25.531
38.41,-74.61,25.475
38.41,-74.56,25.497
38.41,-74.51,25.584
38.41,-74.46,25.692
38.41,-74.41,25.779
38.41,-74.36,25.859
38.41,-74.31,26.236
38.41,-74.26,26.391
38.41,-74.21,26.455
38.41,-74.16,26.502
38.41,-74.11,26.482
38.41,-74.06,26.34
38.41,-74.01,26.286
38.41,-73.96,26.137
38.41,-73.91,26.028
38.41,-73.86,26.039
38.41,-73.81,26.01
38.41,-73.76,25.896
38.41,-73.71,25.828
38.41,-73.66,25.756
38.41,-73.61,25.675
38.41,-73.56,25.691
38.41,-73.51,25.761
38.41,-73.46,25.691
38.41,-73.41,25.667
38.41,-73.36,25.654
38.41,-73.31,25.716
38.41,-73.26,25.56
38.41,-73.21,25.371
38.41,-73.16,24.994
38.41,-73.11,25.037
38.41,-73.06,25.056
38.41,-73.01,25.224
38.41,-72.96,25.376
38.41,-72.91,25.459
38.41,-72.86,25.441
38.41,-72.81,25.454
38.41,-72.76,25.477
38.41,-72.71,25.442
38.41,-72.66,25.556
38.41,-72.61,25.873
38.41,-72.56,26.245
38.41,-72.51,26.398
38.41,-72.46,26.403
38.41,-72.41,26.446
38.41,-72.36,26.495
38.41,-72.31,26.5
38.41,-72.26,26.469
38.41,-72.21,26.445
38.41,-72.16,26.459
38.41,-72.11,26.473
38.41,-72.06,26.506
38.41,-72.01,26.499
38.41,-71.96,26.456
38.41,-71.91,26.484
38.41,-71.86,26.525
38.41,-71.81,26.523
38.41,-71.76,26.498
38.41,-71.71,26.505
38.41,-71.66,26.468
38.41,-71.61,26.382
38.41,-71.56,26.136
38.41,-71.51,25.785
38.41,-71.46,25.71
38.41,-71.41,25.903
38.41,-71.36,26.166
38.41,-71.31,26.457
38.41,-71.26,26.673
38.41,-71.21,26.479
38.41,-71.16,26.526
38.41,-71.11,26.894
38.41,-71.06,27.365
38.41,-71.01,27.397
38.41,-70.96,27.296
38.41,-70.91,27.387
38.41,-70.86,27.529
38.41,-70.81,27.589
38.41,-70.76,27.55
38.41,-70.71,27.418
38.41,-70.66,27.322
38.41,-70.61,27.27
38.41,-70.56,27.243
38.41,-70.51,27.245
38.41,-70.46,27.225
38.41,-70.41,27.174
38.41,-70.36,27.18
38.41,-70.31,27.206
38.41,-70.26,27.223
38.41,-70.21,27.262
38.41,-70.16,27.31
38.41,-70.11,27.252
38.41,-70.06,27.09
38.41,-70.01,26.891
38.41,-69.96,26.891
38.41,-69.91,26.912
38.41,-69.86,26.934
38.41,-69.81,26.962
38.41,-69.76,27.012
38.41,-69.71,27.082
38.41,-69.66,27.164
38.41,-69.61,27.252
38.41,-69.56,27.338
38.41,-69.51,27.4
38.41,-69.46,27.391
38.41,-69.41,27.288
38.41,-69.36,27.198
38.41,-69.31,27.27
38.41,-69.26,27.424
38.41,-69.21,27.582
38.41,-69.16,27.71
38.41,-69.11,27.802
38.41,-69.06,27.802
38.41,-69.01,27.658
38.46,-77.31,25.883
38.46,-76.41,26.237
38.46,-76.36,26.257
38.46,-75.01,25.068
38.46,-74.96,25.068
38.46,-74.91,25.095
38.46,-74.86,25.166
38.46,-74.81,25.283
38.46,-74.76,25.269
38.46,-74.71,25.336
38.46,-74.66,25.388
38.46,-74.61,25.443
38.46,-74.56,25.522
38.46,-74.51,25.64
38.46,-74.46,25.812
38.46,-74.41,26.007
38.46,-74.36,26.176
38.46,-74.31,26.304
38.46,-74.26,26.333
38.46,-74.21,26.428
38.46,-74.16,26.551
38.46,-74.11,26.417
38.46,-74.06,26.3
38.46,-74.01,26.176
38.46,-73.96,26.011
38.46,-73.91,25.99
38.46,-73.86,25.954
38.46,-73.81,25.92
38.46,-73.76,25.914
38.46,-73.71,25.793
38.46,-73.66,25.798
38.46,-73.61,25.698
38.46,-73.56,25.684
38.46,-73.51,25.652
38.46,-73.46,25.679
38.46,-73.41,25.696
38.46,-73.36,25.645
38.46,-73.31,25.676
38.46,-73.26,25.552
38.46,-73.21,25.472
38.46,-73.16,25.296
38.46,-73.11,25.161
38.46,-73.06,25.273
38.46,-73.01,25.282
38.46,-72.96,25.325
38.46,-72.91,25.452
38.46,-72.86,25.427
38.46,-72.81,25.429
38.46,-72.76,25.44
38.46,-72.71,25.428
38.46,-72.66,25.517
38.46,-72.61,25.905
38.46,-72.56,26.223
38.46,-72.51,26.325
38.46,-72.46,26.353
38.46,-72.41,26.451
38.46,-72.36,26.559
38.46,-72.31,26.599
38.46,-72.26,26.561
38.46,-72.21,26.567
38.46,-72.16,26.607
38.46,-72.11,26.572
38.46,-72.06,26.555
38.46,-72.01,26.486
38.46,-71.96,26.424
38.46,-71.91,26.475
38.46,-71.86,26.542
38.46,-71.81,26.511
38.46,-71.76,26.539
38.46,-71.71,26.551
38.46,-71.66,26.538
38.46,-71.61,26.581
38.46,-71.56,26.347
38.46,-71.51,25.837
38.46,-71.46,25.679
38.46,-71.41,25.833
38.46,-71.36,26.101
38.46,-71.31,26.427
38.46,-71.26,26.678
38.46,-71.21,26.51
38.46,-71.16,26.305
38.46,-71.11,26.554
38.46,-71.06,27.216
38.46,-71.01,27.388
38.46,-70.96,27.31
38.46,-70.91,27.421
38.46,-70.86,27.525
38.46,-70.81,27.542
38.46,-70.76,27.494
38.46,-70.71,27.37
38.46,-70.66,27.291
38.46,-70.61,27.29
38.46,-70.56,27.301
38.46,-70.51,27.282
38.46,-70.46,27.277
38.46,-70.41,27.26
38.46,-70.36,27.248
38.46,-70.31,27.248
38.46,-70.26,27.261
38.46,-70.21,27.291
38.46,-70.16,27.326
38.46,-70.11,27.343
38.46,-70.06,27.251
38.46,-70.01,27.014
38.46,-69.96,26.97
38.46,-69.91,27.027
38.46,-69.86,27.006
38.46,-69.81,27.018
38.46,-69.76,27.066
38.46,-69.71,27.141
38.46,-69.66,27.231
38.46,-69.61,27.335
38.46,-69.56,27.456
38.46,-69.51,27.554
38.46,-69.46,27.492
38.46,-69.41,27.264
38.46,-69.36,27.113
38.46,-69.31,27.161
38.46,-69.26,27.32
38.46,-69.21,27.473
38.46,-69.16,27.582
38.46,-69.11,27.637
38.46,-69.06,27.636
38.46,-69.01,27.574
38.51,-76.46,26.147
38.51,-76.41,26.166
38.51,-76.36,26.183
38.51,-76.31,26.199
38.51,-75.01,24.973
38.51,-74.96,25.004
38.51,-74.91,25.064
38.51,-74.86,25.16
38.51,-74.81,25.234
38.51,-74.76,25.206
38.51,-74.71,25.245
38.51,-74.66,25.35
38.51,-74.61,25.499
38.51,-74.56,25.625
38.51,-74.51,25.72
38.51,-74.46,25.922
38.51,-74.41,26.099
38.51,-74.36,26.329
38.51,-74.31,26.478
38.51,-74.26,26.489
38.51,-74.21,26.512
38.51,-74.16,26.398
38.51,-74.11,26.324
38.51,-74.06,26.199
38.51,-74.01,25.983
38.51,-73.96,25.939
38.51,-73.91,25.897
38.51,-73.86,25.793
38.51,-73.81,25.813
38.51,-73.76,25.868
38.51,-73.71,25.777
38.51,-73.66,25.718
38.51,-73.61,25.652
38.51,-73.56,25.635
38.51,-73.51,25.659
38.51,-73.46,25.72
38.51,-73.41,25.648
38.51,-73.36,25.588
38.51,-73.31,25.57
38.51,-73.26,25.509
38.51,-73.21,25.374
38.51,-73.16,25.317
38.51,-73.11,25.341
38.51,-73.06,25.386
38.51,-73.01,25.416
38.51,-72.96,25.438
38.51,-72.91,25.452
38.51,-72.86,25.408
38.51,-72.81,25.453
38.51,-72.76,25.476
38.51,-72.71,25.404
38.51,-72.66,25.518
38.51,-72.61,25.88
38.51,-72.56,26.092
38.51,-72.51,26.218
38.51,-72.46,26.301
38.51,-72.41,26.435
38.51,-72.36,26.596
38.51,-72.31,26.585
38.51,-72.26,26.492
38.51,-72.21,26.587
38.51,-72.16,26.624
38.51,-72.11,26.583
38.51,-72.06,26.513
38.51,-72.01,26.495
38.51,-71.96,26.5
38.51,-71.91,26.506
38.51,-71.86,26.495
38.51,-71.81,26.473
38.51,-71.76,26.484
38.51,-71.71,26.473
38.51,-71.66,26.498
38.51,-71.61,26.522
38.51,-71.56,26.271
38.51,-71.51,25.93
38.51,-71.46,25.751
38.51,-71.41,25.79
38.51,-71.36,25.965
38.51,-71.31,26.175
38.51,-71.26,26.42
38.51,-71.21,26.454
38.51,-71.16,26.372
38.51,-71.11,26.393
38.51,-71.06,26.748
38.51,-71.01,27.174
38.51,-70.96,27.308
38.51,-70.91,27.432
38.51,-70.86,27.494
38.51,-70.81,27.436
38.51,-70.76,27.329
38.51,-70.71,27.326
38.51,-70.66,27.278
38.51,-70.61,27.306
38.51,-70.56,27.333
38.51,-70.51,27.315
38.51,-70.46,27.331
38.51,-70.41,27.323
38.51,-70.36,27.3
38.51,-70.31,27.279
38.51,-70.26,27.27
38.51,-70.21,27.276
38.51,-70.16,27.289
38.51,-70.11,27.291
38.51,-70.06,27.244
38.51,-70.01,27.165
38.51,-69.96,27.149
38.51,-69.91,27.128
38.51,-69.86,27.084
38.51,-69.81,27.083
38.51,-69.76,27.117
38.51,-69.71,27.173
38.51,-69.66,27.244
38.51,-69.61,27.338
38.51,-69.56,27.452
38.51,-69.51,27.534
38.51,-69.46,27.403
38.51,-69.41,27.123
38.51,-69.36,26.974
38.51,-69.31,26.99
38.51,-69.26,27.19
38.51,-69.21,27.353
38.51,-69.16,27.451
38.51,-69.11,27.49
38.51,-69.06,27.486
38.51,-69.01,27.463
38.56,-77.26,25.793
38.56,-77.21,25.811
38.56,-76.51,26.062
38.56,-76.46,26.079
38.56,-76.41,26.095
38.56,-76.36,26.11
38.56,-76.31,26.124
38.56,-75.01,24.916
38.56,-74.96,24.946
38.56,-74.91,25.0
38.56,-74.86,25.085
38.56,-74.81,25.113
38.56,-74.76,25.11
38.56,-74.71,25.163
38.56,-74.66,25.346
38.56,-74.61,25.687
38.56,-74.56,25.937
38.56,-74.51,26.057
38.56,-74.46,26.062
38.56,-74.41,26.237
38.56,-74.36,26.386
38.56,-74.31,26.509
38.56,-74.26,26.595
38.56,-74.21,26.456
38.56,-74.16,26.398
38.56,-74.11,26.265
38.56,-74.06,26.166
38.56,-74.01,26.116
38.56,-73.96,25.963
38.56,-73.91,25.907
38.56,-73.86,25.862
38.56,-73.81,25.811
38.56,-73.76,25.775
38.56,-73.71,25.781
38.56,-73.66,25.724
38.56,-73.61,25.648
38.56,-73.56,25.574
38.56,-73.51,25.528
38.56,-73.46,25.623
38.56,-73.41,25.642
38.56,-73.36,25.617
38.56,-73.31,25.526
38.56,-73.26,25.431
38.56,-73.21,25.425
38.56,-73.16,25.449
38.56,-73.11,25.398
38.56,-73.06,25.438
38.56,-73.01,25.5
38.56,-72.96,25.378
38.56,-72.91,25.196
38.56,-72.86,25.143
38.56,-72.81,25.442
38.56,-72.76,25.529
38.56,-72.71,25.508
38.56,-72.66,25.477
38.56,-72.61,25.718
38.56,-72.56,25.959
38.56,-72.51,26.08
38.56,-72.46,26.198
38.56,-72.41,26.407
38.56,-72.36,26.487
38.56,-72.31,26.494
38.56,-72.26,26.508
38.56,-72.21,26.542
38.56,-72.16,26.619
38.56,-72.11,26.624
38.56,-72.06,26.579
38.56,-72.01,26.566
38.56,-71.96,26.496
38.56,-71.91,26.481
38.56,-71.86,26.446
38.56,-71.81,26.501
38.56,-71.76,26.459
38.56,-71.71,26.505
38.56,-71.66,26.536
38.56,-71.61,26.502
38.56,-71.56,26.347
38.56,-71.51,26.04
38.56,-71.46,25.885
38.56,-71.41,25.888
38.56,-71.36,25.86
38.56,-71.31,25.903
38.56,-71.26,26.152
38.56,-71.21,26.267
38.56,-71.16,26.264
38.56,-71.11,26.297
38.56,-71.06,26.457
38.56,-71.01,26.782
38.56,-70.96,27.307
38.56,-70.91,27.459
38.56,-70.86,27.411
38.56,-70.81,27.277
38.56,-70.76,27.245
38.56,-70.71,27.272
38.56,-70.66,27.366
38.56,-70.61,27.401
38.56,-70.56,27.293
38.56,-70.51,27.365
38.56,-70.46,27.416
38.56,-70.41,27.406
38.56,-70.36,27.334
38.56,-70.31,27.278
38.56,-70.26,27.246
38.56,-70.21,27.233
38.56,-70.16,27.233
38.56,-70.11,27.246
38.56,-70.06,27.247
38.56,-70.01,27.245
38.56,-69.96,27.218
38.56,-69.91,27.18
38.56,-69.86,27.159
38.56,-69.81,27.157
38.56,-69.76,27.165
38.56,-69.71,27.174
38.56,-69.66,27.192
38.56,-69.61,27.23
38.56,-69.56,27.287
38.56,-69.51,27.281
38.56,-69.46,27.169
38.56,-69.41,27.013
38.56,-69.36,26.923
38.56,-69.31,26.934
38.56,-69.26,27.097
38.56,-69.21,27.26
38.56,-69.16,27.348
38.56,-69.11,27.362
38.56,-69.06,27.325
38.56,-69.01,27.299
38.61,-77.21,25.756
38.61,-76.51,25.996
38.61,-76.46,26.011
38.61,-76.41,26.025
38.61,-76.36,26.039
38.61,-76.31,26.051
38.61,-76.16,26.077
38.61,-76.11,26.082
38.61,-75.11,24.934
38.61,-75.01,24.833
38.61,-74.96,24.873
38.61,-74.91,24.936
38.61,-74.86,24.983
38.61,-74.81,25.01
38.61,-74.76,25.049
38.61,-74.71,25.231
38.61,-74.66,25.639
38.61,-74.61,26.099
38.61,-74.56,26.38
38.61,-74.51,26.294
38.61,-74.46,26.207
38.61,-74.41,26.447
38.61,-74.36,26.582
38.61,-74.31,26.581
38.61,-74.26,26.532
38.61,-74.21,26.462
38.61,-74.16,26.42
38.61,-74.11,26.345
38.61,-74.06,26.277
38.61,-74.01,26.258
38.61,-73.96,26.274
38.61,-73.91,26.182
38.61,-73.86,25.923
38.61,-73.81,25.849
38.61,-73.76,25.813
38.61,-73.71,25.754
38.61,-73.66,25.718
38.61,-73.61,25.578
38.61,-73.56,25.629
38.61,-73.51,25.559
38.61,-73.46,25.586
38.61,-73.41,25.57
38.61,-73.36,25.62
38.61,-73.31,25.515
38.61,-73.26,25.429
38.61,-73.21,25.568
38.61,-73.16,25.591
38.61,-73.11,25.6
38.61,-73.06,25.592
38.61,-73.01,25.581
38.61,-72.96,25.499
38.61,-72.91,25.478
38.61,-72.86,25.406
38.61,-72.81,25.357
38.61,-72.76,25.409
38.61,-72.71,25.406
38.61,-72.66,25.417
38.61,-72.61,25.503
38.61,-72.56,25.796
38.61,-72.51,26.015
38.61,-72.46,26.264
38.61,-72.41,26.4
38.61,-72.36,26.425
38.61,-72.31,26.419
38.61,-72.26,26.464
38.61,-72.21,26.45
38.61,-72.16,26.543
38.61,-72.11,26.587
38.61,-72.06,26.531
38.61,-72.01,26.462
38.61,-71.96,26.488
38.61,-71.91,26.469
38.61,-71.86,26.431
38.61,-71.81,26.459
38.61,-71.76,26.457
38.61,-71.71,26.574
38.61,-71.66,26.641
38.61,-71.61,26.586
38.61,-71.56,26.504
38.61,-71.51,26.273
38.61,-71.46,26.096
38.61,-71.41,26.14
38.61,-71.36,25.942
38.61,-71.31,25.821
38.61,-71.26,25.977
38.61,-71.21,26.151
38.61,-71.16,26.231
38.61,-71.11,26.323
38.61,-71.06,26.522
38.61,-71.01,26.659
38.61,-70.96,27.012
38.61,-70.91,27.327
38.61,-70.86,27.329
38.61,-70.81,27.274
38.61,-70.76,27.265
38.61,-70.71,27.337
38.61,-70.66,27.43
38.61,-70.61,27.465
38.61,-70.56,27.403
38.61,-70.51,27.408
38.61,-70.46,27.476
38.61,-70.41,27.469
38.61,-70.36,27.299
38.61,-70.31,27.231
38.61,-70.26,27.182
38.61,-70.21,27.159
38.61,-70.16,27.165
38.61,-70.11,27.191
38.61,-70.06,27.223
38.61,-70.01,27.246
38.61,-69.96,27.25
38.61,-69.91,27.239
38.61,-69.86,27.226
38.61,-69.81,27.212
38.61,-69.76,27.186
38.61,-69.71,27.145
38.61,-69.66,27.102
38.61,-69.61,27.066
38.61,-69.56,27.089
38.61,-69.51,27.094
38.61,-69.46,27.012
38.61,-69.41,26.917
38.61,-69.36,26.824
38.61,-69.31,26.842
38.61,-69.26,27.021
38.61,-69.21,27.192
38.61,-69.16,27.283
38.61,-69.11,27.283
38.61,-69.06,27.203
38.61,-69.01,27.112
38.66,-76.51,25.93
38.66,-76.46,25.944
38.66,-76.41,25.957
38.66,-76.36,25.969
38.66,-76.31,25.98
38.66,-76.26,25.989
38.66,-76.21,25.997
38.66,-76.16,26.003
38.66,-75.11,24.879
38.66,-75.06,24.839
38.66,-75.01,24.8
38.66,-74.96,24.834
38.66,-74.91,24.98
38.66,-74.86,25.015
38.66,-74.81,25.017
38.66,-74.76,25.056
38.66,-74.71,25.52
38.66,-74.66,26.135
38.66,-74.61,26.509
38.66,-74.56,26.58
38.66,-74.51,26.552
38.66,-74.46,26.44
38.66,-74.41,26.493
38.66,-74.36,26.517
38.66,-74.31,26.456
38.66,-74.26,26.358
38.66,-74.21,26.269
38.66,-74.16,26.198
38.66,-74.11,26.182
38.66,-74.06,26.161
38.66,-74.01,26.061
38.66,-73.96,26.165
38.66,-73.91,26.144
38.66,-73.86,26.158
38.66,-73.81,26.035
38.66,-73.76,25.971
38.66,-73.71,25.882
38.66,-73.66,25.656
38.66,-73.61,25.596
38.66,-73.56,25.61
38.66,-73.51,25.542
38.66,-73.46,25.611
38.66,-73.41,25.585
38.66,-73.36,25.546
38.66,-73.31,25.449
38.66,-73.26,25.488
38.66,-73.21,25.486
38.66,-73.16,25.398
38.66,-73.11,25.436
38.66,-73.06,25.523
38.66,-73.01,25.604
38.66,-72.96,25.585
38.66,-72.91,25.646
38.66,-72.86,25.641
38.66,-72.81,25.399
38.66,-72.76,25.392
38.66,-72.71,25.415
38.66,-72.66,25.518
38.66,-72.61,25.597
38.66,-72.56,25.837
38.66,-72.51,26.066
38.66,-72.46,26.27
38.66,-72.41,26.354
38.66,-72.36,26.402
38.66,-72.31,26.41
38.66,-72.26,26.437
38.66,-72.21,26.473
38.66,-72.16,26.494
38.66,-72.11,26.535
38.66,-72.06,26.6
38.66,-72.01,26.561
38.66,-71.96,26.553
38.66,-71.91,26.539
38.66,-71.86,26.456
38.66,-71.81,26.478
38.66,-71.76,26.481
38.66,-71.71,26.513
38.66,-71.66,26.539
38.66,-71.61,26.521
38.66,-71.56,26.517
38.66,-71.51,26.476
38.66,-71.46,26.211
38.66,-71.41,26.091
38.66,-71.36,26.027
38.66,-71.31,25.965
38.66,-71.26,26.029
38.66,-71.21,26.152
38.66,-71.16,26.279
38.66,-71.11,26.427
38.66,-71.06,26.654
38.66,-71.01,27.018
38.66,-70.96,27.203
38.66,-70.91,27.264
38.66,-70.86,27.295
38.66,-70.81,27.23
38.66,-70.76,27.279
38.66,-70.71,27.402
38.66,-70.66,27.353
38.66,-70.61,27.325
38.66,-70.56,27.344
38.66,-70.51,27.354
38.66,-70.46,27.373
38.66,-70.41,27.346
38.66,-70.36,27.267
38.66,-70.31,27.177
38.66,-70.26,27.092
38.66,-70.21,27.052
38.66,-70.16,27.087
38.66,-70.11,27.156
38.66,-70.06,27.217
38.66,-70.01,27.262
38.66,-69.96,27.291
38.66,-69.91,27.302
38.66,-69.86,27.29
38.66,-69.81,27.253
38.66,-69.76,27.191
38.66,-69.71,27.11
38.66,-69.66,27.016
38.66,-69.61,26.93
38.66,-69.56,26.872
38.66,-69.51,26.9
38.66,-69.46,26.919
38.66,-69.41,26.894
38.66,-69.36,26.843
38.66,-69.31,26.839
38.66,-69.26,26.994
38.66,-69.21,27.149
38.66,-69.16,27.246
38.66,-69.11,27.273
38.66,-69.06,27.249
38.66,-69.01,27.242
38.71,-76.51,25.866
38.71,-76.46,25.879
38.71,-76.41,25.891
38.71,-76.36,25.902
38.71,-76.31,25.912
38.71,-76.26,25.92
38.71,-75.06,24.823
38.71,-75.01,24.776
38.71,-74.96,24.772
38.71,-74.91,24.919
38.71,-74.86,25.075
38.71,-74.81,25.164
38.71,-74.76,25.211
38.71,-74.71,25.795
38.71,-74.66,26.32
38.71,-74.61,26.541
38.71,-74.56,26.626
38.71,-74.51,26.587
38.71,-74.46,26.514
38.71,-74.41,26.452
38.71,-74.36,26.313
38.71,-74.31,26.235
38.71,-74.26,26.08
38.71,-74.21,25.949
38.71,-74.16,25.895
38.71,-74.11,25.948
38.71,-74.06,25.901
38.71,-74.01,25.838
38.71,-73.96,25.9
38.71,-73.91,25.842
38.71,-73.86,25.852
38.71,-73.81,25.921
38.71,-73.76,25.875
38.71,-73.71,25.807
38.71,-73.66,25.607
38.71,-73.61,25.48
38.71,-73.56,25.642
38.71,-73.51,25.606
38.71,-73.46,25.619
38.71,-73.41,25.616
38.71,-73.36,25.59
38.71,-73.31,25.439
38.71,-73.26,25.449
38.71,-73.21,25.398
38.71,-73.16,25.355
38.71,-73.11,25.309
38.71,-73.06,25.529
38.71,-73.01,25.788
38.71,-72.96,25.827
38.71,-72.91,25.713
38.71,-72.86,25.608
38.71,-72.81,25.599
38.71,-72.76,25.499
38.71,-72.71,25.352
38.71,-72.66,25.48
38.71,-72.61,25.715
38.71,-72.56,25.88
38.71,-72.51,26.015
38.71,-72.46,26.076
38.71,-72.41,26.15
38.71,-72.36,26.33
38.71,-72.31,26.449
38.71,-72.26,26.516
38.71,-72.21,26.512
38.71,-72.16,26.464
38.71,-72.11,26.52
38.71,-72.06,26.58
38.71,-72.01,26.617
38.71,-71.96,26.579
38.71,-71.91,26.544
38.71,-71.86,26.496
38.71,-71.81,26.431
38.71,-71.76,26.453
38.71,-71.71,26.572
38.71,-71.66,26.651
38.71,-71.61,26.573
38.71,-71.56,26.548
38.71,-71.51,26.479
38.71,-71.46,26.208
38.71,-71.41,25.972
38.71,-71.36,26.021
38.71,-71.31,25.993
38.71,-71.26,26.061
38.71,-71.21,26.189
38.71,-71.16,26.333
38.71,-71.11,26.507
38.71,-71.06,26.788
38.71,-71.01,27.089
38.71,-70.96,27.311
38.71,-70.91,27.296
38.71,-70.86,27.31
38.71,-70.81,27.277
38.71,-70.76,27.316
38.71,-70.71,27.407
38.71,-70.66,27.426
38.71,-70.61,27.245
38.71,-70.56,27.242
38.71,-70.51,27.246
38.71,-70.46,27.253
38.71,-70.41,27.264
38.71,-70.36,27.257
38.71,-70.31,27.179
38.71,-70.26,27.073
38.71,-70.21,26.939
38.71,-70.16,27.057
38.71,-70.11,27.161
38.71,-70.06,27.244
38.71,-70.01,27.31
38.71,-69.96,27.362
38.71,-69.91,27.392
38.71,-69.86,27.382
38.71,-69.81,27.324
38.71,-69.76,27.229
38.71,-69.71,27.113
38.71,-69.66,26.982
38.71,-69.61,26.843
38.71,-69.56,26.742
38.71,-69.51,26.817
38.71,-69.46,26.933
38.71,-69.41,26.973
38.71,-69.36,26.95
38.71,-69.31,26.94
38.71,-69.26,27.029
38.71,-69.21,27.159
38.71,-69.16,27.247
38.71,-69.11,27.293
38.71,-69.06,27.315
38.71,-69.01,27.331
38.76,-76.51,25.802
38.76,-76.46,25.815
38.76,-76.41,25.826
38.76,-76.36,25.837
38.76,-75.06,24.677
38.76,-75.01,24.647
38.76,-74.96,24.698
38.76,-74.91,24.87
38.76,-74.86,25.158
38.76,-74.81,25.428
38.76,-74.76,25.51
38.76,-74.71,25.846
38.76,-74.66,26.21
38.76,-74.61,26.356
38.76,-74.56,26.277
38.76,-74.51,26.243
38.76,-74.46,26.202
38.76,-74.41,26.153
38.76,-74.36,26.051
38.76,-74.31,26.036
38.76,-74.26,25.988
38.76,-74.21,25.849
38.76,-74.16,25.711
38.76,-74.11,25.812
38.76,-74.06,25.792
38.76,-74.01,25.751
38.76,-73.96,25.781
38.76,-73.91,25.727
38.76,-73.86,25.726
38.76,-73.81,25.756
38.76,-73.76,25.661
38.76,-73.71,25.48
38.76,-73.66,25.44
38.76,-73.61,25.398
38.76,-73.56,25.612
38.76,-73.51,25.612
38.76,-73.46,25.565
38.76,-73.41,25.562
38.76,-73.36,25.574
38.76,-73.31,25.503
38.76,-73.26,25.443
38.76,-73.21,25.383
38.76,-73.16,25.277
38.76,-73.11,25.254
38.76,-73.06,25.423
38.76,-73.01,25.793
38.76,-72.96,25.887
38.76,-72.91,25.87
38.76,-72.86,25.628
38.76,-72.81,25.667
38.76,-72.76,25.649
38.76,-72.71,25.583
38.76,-72.66,25.474
38.76,-72.61,25.51
38.76,-72.56,25.701
38.76,-72.51,25.836
38.76,-72.46,25.896
38.76,-72.41,25.951
38.76,-72.36,26.225
38.76,-72.31,26.341
38.76,-72.26,26.432
38.76,-72.21,26.442
38.76,-72.16,26.438
38.76,-72.11,26.415
38.76,-72.06,26.513
38.76,-72.01,26.428
38.76,-71.96,26.57
38.76,-71.91,26.56
38.76,-71.86,26.461
38.76,-71.81,26.393
38.76,-71.76,26.406
38.76,-71.71,26.542
38.76,-71.66,26.651
38.76,-71.61,26.658
38.76,-71.56,26.656
38.76,-71.51,26.624
38.76,-71.46,26.422
38.76,-71.41,26.084
38.76,-71.36,25.836
38.76,-71.31,25.885
38.76,-71.26,26.026
38.76,-71.21,26.207
38.76,-71.16,26.371
38.76,-71.11,26.515
38.76,-71.06,26.663
38.76,-71.01,26.962
38.76,-70.96,27.188
38.76,-70.91,27.234
38.76,-70.86,27.294
38.76,-70.81,27.337
38.76,-70.76,27.395
38.76,-70.71,27.307
38.76,-70.66,27.079
38.76,-70.61,27.158
38.76,-70.56,27.172
38.76,-70.51,27.18
38.76,-70.46,27.178
38.76,-70.41,27.244
38.76,-70.36,27.326
38.76,-70.31,27.39
38.76,-70.26,27.337
38.76,-70.21,27.199
38.76,-70.16,27.158
38.76,-70.11,27.22
38.76,-70.06,27.304
38.76,-70.01,27.389
38.76,-69.96,27.463
38.76,-69.91,27.515
38.76,-69.86,27.511
38.76,-69.81,27.431
38.76,-69.76,27.3
38.76,-69.71,27.162
38.76,-69.66,27.017
38.76,-69.61,26.864
38.76,-69.56,26.743
38.76,-69.51,26.882
38.76,-69.46,27.047
38.76,-69.41,27.116
38.76,-69.36,27.078
38.76,-69.31,26.965
38.76,-69.26,27.084
38.76,-69.21,27.211
38.76,-69.16,27.279
38.76,-69.11,27.313
38.76,-69.06,27.335
38.76,-69.01,27.347
38.81,-76.46,25.752
38.81,-76.41,25.763
38.81,-76.36,25.773
38.81,-76.21,25.797
38.81,-75.16,24.818
38.81,-75.11,24.602
38.81,-75.06,24.555
38.81,-75.01,24.6
38.81,-74.96,24.703
38.81,-74.91,24.877
38.81,-74.86,25.094
38.81,-74.81,25.29
38.81,-74.76,25.577
38.81,-74.71,25.828
38.81,-74.66,25.9
38.81,-74.61,25.813
38.81,-74.56,25.808
38.81,-74.51,25.843
38.81,-74.46,25.818
38.81,-74.41,25.947
38.81,-74.36,26.011
38.81,-74.31,26.0
38.81,-74.26,25.977
38.81,-74.21,25.887
38.81,-74.16,25.721
38.81,-74.11,25.726
38.81,-74.06,25.703
38.81,-74.01,25.668
38.81,-73.96,25.741
38.81,-73.91,25.605
38.81,-73.86,25.449
38.81,-73.81,25.317
38.81,-73.76,25.309
38.81,-73.71,25.297
38.81,-73.66,25.188
38.81,-73.61,25.428
38.81,-73.56,25.624
38.81,-73.51,25.637
38.81,-73.46,25.588
38.81,-73.41,25.651
38.81,-73.36,25.574
38.81,-73.31,25.462
38.81,-73.26,25.451
38.81,-73.21,25.424
38.81,-73.16,25.334
38.81,-73.11,25.225
38.81,-73.06,25.289
38.81,-73.01,25.591
38.81,-72.96,25.653
38.81,-72.91,25.739
38.81,-72.86,25.846
38.81,-72.81,25.926
38.81,-72.76,26.01
38.81,-72.71,26.02
38.81,-72.66,25.706
38.81,-72.61,25.457
38.81,-72.56,25.395
38.81,-72.51,25.7
38.81,-72.46,25.816
38.81,-72.41,25.923
38.81,-72.36,25.893
38.81,-72.31,26.169
38.81,-72.26,26.054
38.81,-72.21,25.794
38.81,-72.16,25.848
38.81,-72.11,26.218
38.81,-72.06,26.408
38.81,-72.01,26.589
38.81,-71.96,26.648
38.81,-71.91,26.593
38.81,-71.86,26.529
38.81,-71.81,26.414
38.81,-71.76,26.376
38.81,-71.71,26.441
38.81,-71.66,26.542
38.81,-71.61,26.7
38.81,-71.56,26.728
38.81,-71.51,26.796
38.81,-71.46,26.707
38.81,-71.41,26.534
38.81,-71.36,26.243
38.81,-71.31,26.052
38.81,-71.26,26.069
38.81,-71.21,26.262
38.81,-71.16,26.414
38.81,-71.11,26.531
38.81,-71.06,26.674
38.81,-71.01,26.943
38.81,-70.96,27.097
38.81,-70.91,27.178
38.81,-70.86,27.236
38.81,-70.81,27.306
38.81,-70.76,27.419
38.81,-70.71,27.362
38.81,-70.66,27.146
38.81,-70.61,27.213
38.81,-70.56,27.19
38.81,-70.51,27.15
38.81,-70.46,27.029
38.81,-70.41,27.332
38.81,-70.36,27.421
38.81,-70.31,27.424
38.81,-70.26,27.404
38.81,-70.21,27.306
38.81,-70.16,27.25
38.81,-70.11,27.283
38.81,-70.06,27.391
38.81,-70.01,27.491
38.81,-69.96,27.571
38.81,-69.91,27.635
38.81,-69.86,27.657
38.81,-69.81,27.517
38.81,-69.76,27.372
38.81,-69.71,27.236
38.81,-69.66,27.115
38.81,-69.61,27.015
38.81,-69.56,26.977
38.81,-69.51,27.074
38.81,-69.46,27.194
38.81,-69.41,27.248
38.81,-69.36,27.229
38.81,-69.31,27.197
38.81,-69.26,27.221
38.81,-69.21,27.279
38.81,-69.16,27.31
38.81,-69.11,27.322
38.81,-69.06,27.326
38.81,-69.01,27.322
38.86,-76.51,25.678
38.86,-76.46,25.689
38.86,-76.41,25.7
38.86,-76.31,25.72
38.86,-76.21,25.736
38.86,-75.21,25.352
38.86,-75.16,25.023
38.86,-75.11,24.674
38.86,-75.06,24.58
38.86,-75.01,24.586
38.86,-74.96,24.703
38.86,-74.91,24.862
38.86,-74.86,25.007
38.86,-74.81,25.115
38.86,-74.76,25.224
38.86,-74.71,25.32
38.86,-74.66,25.321
38.86,-74.61,25.252
38.86,-74.56,25.461
38.86,-74.51,25.606
38.86,-74.46,25.65
38.86,-74.41,25.963
38.86,-74.36,26.165
38.86,-74.31,26.148
38.86,-74.26,26.029
38.86,-74.21,25.898
38.86,-74.16,25.676
38.86,-74.11,25.531
38.86,-74.06,25.619
38.86,-74.01,25.586
38.86,-73.96,25.609
38.86,-73.91,25.597
38.86,-73.86,25.433
38.86,-73.81,25.272
38.86,-73.76,25.243
38.86,-73.71,25.197
38.86,-73.66,25.128
38.86,-73.61,25.284
38.86,-73.56,25.501
38.86,-73.51,25.619
38.86,-73.46,25.517
38.86,-73.41,25.57
38.86,-73.36,25.578
38.86,-73.31,25.449
38.86,-73.26,25.439
38.86,-73.21,25.487
38.86,-73.16,25.445
38.86,-73.11,25.292
38.86,-73.06,25.239
38.86,-73.01,25.221
38.86,-72.96,25.22
38.86,-72.91,25.498
38.86,-72.86,25.829
38.86,-72.81,26.089
38.86,-72.76,26.08
38.86,-72.71,25.973
38.86,-72.66,25.893
38.86,-72.61,25.882
38.86,-72.56,25.801
38.86,-72.51,25.502
38.86,-72.46,25.7
38.86,-72.41,25.747
38.86,-72.36,26.019
38.86,-72.31,26.156
38.86,-72.26,26.048
38.86,-72.21,25.978
38.86,-72.16,25.863
38.86,-72.11,26.148
38.86,-72.06,26.445
38.86,-72.01,26.57
38.86,-71.96,26.603
38.86,-71.91,26.714
38.86,-71.86,26.587
38.86,-71.81,26.446
38.86,-71.76,26.295
38.86,-71.71,26.345
38.86,-71.66,26.468
38.86,-71.61,26.622
38.86,-71.56,26.795
38.86,-71.51,26.849
38.86,-71.46,26.79
38.86,-71.41,26.781
38.86,-71.36,26.697
38.86,-71.31,26.456
38.86,-71.26,26.312
38.86,-71.21,26.369
38.86,-71.16,26.499
38.86,-71.11,26.613
38.86,-71.06,26.756
38.86,-71.01,27.037
38.86,-70.96,27.214
38.86,-70.91,27.137
38.86,-70.86,27.191
38.86,-70.81,27.249
38.86,-70.76,27.352
38.86,-70.71,27.389
38.86,-70.66,27.332
38.86,-70.61,27.3
38.86,-70.56,27.247
38.86,-70.51,27.229
38.86,-70.46,27.326
38.86,-70.41,27.407
38.86,-70.36,27.519
38.86,-70.31,27.547
38.86,-70.26,27.514
38.86,-70.21,27.424
38.86,-70.16,27.365
38.86,-70.11,27.414
38.86,-70.06,27.523
38.86,-70.01,27.633
38.86,-69.96,27.691
38.86,-69.91,27.677
38.86,-69.86,27.614
38.86,-69.81,27.52
38.86,-69.76,27.405
38.86,-69.71,27.294
38.86,-69.66,27.207
38.86,-69.61,27.166
38.86,-69.56,27.178
38.86,-69.51,27.231
38.86,-69.46,27.286
38.86,-69.41,27.311
38.86,-69.36,27.305
38.86,-69.31,27.286
38.86,-69.26,27.287
38.86,-69.21,27.298
38.86,-69.16,27.306
38.86,-69.11,27.303
38.86,-69.06,27.291
38.86,-69.01,27.275
38.91,-76.46,25.628
38.91,-76.41,25.639
38.91,-76.31,25.659
38.91,-76.26,25.668
38.91,-76.21,25.676
38.91,-75.26,26.065
38.91,-75.21,25.652
38.91,-75.16,25.306
38.91,-75.11,25.084
38.91,-75.06,24.726
38.91,-75.01,24.601
38.91,-74.96,24.742
38.91,-74.91,24.924
38.91,-74.86,25.102
38.91,-74.81,25.289
38.91,-74.76,25.307
38.91,-74.71,25.228
38.91,-74.66,25.177
38.91,-74.61,25.215
38.91,-74.56,25.338
38.91,-74.51,25.45
38.91,-74.46,25.626
38.91,-74.41,25.905
38.91,-74.36,25.995
38.91,-74.31,26.076
38.91,-74.26,25.982
38.91,-74.21,25.874
38.91,-74.16,25.777
38.91,-74.11,25.637
38.91,-74.06,25.555
38.91,-74.01,25.461
38.91,-73.96,25.387
38.91,-73.91,25.457
38.91,-73.86,25.415
38.91,-73.81,25.249
38.91,-73.76,25.235
38.91,-73.71,25.164
38.91,-73.66,25.096
38.91,-73.61,25.219
38.91,-73.56,25.424
38.91,-73.51,25.478
38.91,-73.46,25.522
38.91,-73.41,25.633
38.91,-73.36,25.634
38.91,-73.31,25.535
38.91,-73.26,25.536
38.91,-73.21,25.596
38.91,-73.16,25.55
38.91,-73.11,25.454
38.91,-73.06,25.335
38.91,-73.01,25.174
38.91,-72.96,25.128
38.91,-72.91,25.393
38.91,-72.86,25.646
38.91,-72.81,25.915
38.91,-72.76,25.856
38.91,-72.71,25.741
38.91,-72.66,25.683
38.91,-72.61,25.727
38.91,-72.56,25.941
38.91,-72.51,25.869
38.91,-72.46,25.778
38.91,-72.41,25.751
38.91,-72.36,25.952
38.91,-72.31,26.232
38.91,-72.26,26.282
38.91,-72.21,26.154
38.91,-72.16,25.991
38.91,-72.11,25.963
38.91,-72.06,26.41
38.91,-72.01,26.475
38.91,-71.96,26.345
38.91,-71.91,26.429
38.91,-71.86,26.455
38.91,-71.81,26.445
38.91,-71.76,26.352
38.91,-71.71,26.365
38.91,-71.66,26.471
38.91,-71.61,26.641
38.91,-71.56,26.812
38.91,-71.51,26.921
38.91,-71.46,26.891
38.91,-71.41,26.866
38.91,-71.36,26.69
38.91,-71.31,26.461
38.91,-71.26,26.302
38.91,-71.21,26.455
38.91,-71.16,26.628
38.91,-71.11,26.788
38.91,-71.06,27.043
38.91,-71.01,27.384
38.91,-70.96,27.393
38.91,-70.91,27.184
38.91,-70.86,27.146
38.91,-70.81,27.269
38.91,-70.76,27.405
38.91,-70.71,27.431
38.91,-70.66,27.398
38.91,-70.61,27.31
38.91,-70.56,27.29
38.91,-70.51,27.352
38.91,-70.46,27.399
38.91,-70.41,27.324
38.91,-70.36,27.443
38.91,-70.31,27.682
38.91,-70.26,27.683
38.91,-70.21,27.532
38.91,-70.16,27.446
38.91,-70.11,27.512
38.91,-70.06,27.663
38.91,-70.01,27.815
38.91,-69.96,27.872
38.91,-69.91,27.704
38.91,-69.86,27.561
38.91,-69.81,27.478
38.91,-69.76,27.389
38.91,-69.71,27.301
38.91,-69.66,27.232
38.91,-69.61,27.208
38.91,-69.56,27.227
38.91,-69.51,27.265
38.91,-69.46,27.293
38.91,-69.41,27.303
38.91,-69.36,27.298
38.91,-69.31,27.285
38.91,-69.26,27.274
38.91,-69.21,27.267
38.91,-69.16,27.26
38.91,-69.11,27.249
38.91,-69.06,27.232
38.91,-69.01,27.213
38.96,-76.46,25.568
38.96,-76.41,25.579
38.96,-76.36,25.589
38.96,-75.31,26.044
38.96,-75.26,25.989
38.96,-75.21,25.663
38.96,-75.16,25.427
38.96,-75.11,25.268
38.96,-75.06,24.953
38.96,-75.01,24.753
38.96,-74.81,25.188
38.96,-74.76,25.194
38.96,-74.71,25.3
38.96,-74.66,25.337
38.96,-74.61,25.373
38.96,-74.56,25.433
38.96,-74.51,25.607
38.96,-74.46,25.828
38.96,-74.41,25.987
38.96,-74.36,26.045
38.96,-74.31,25.966
38.96,-74.26,25.895
38.96,-74.21,25.889
38.96,-74.16,25.834
38.96,-74.11,25.654
38.96,-74.06,25.448
38.96,-74.01,25.429
38.96,-73.96,25.328
38.96,-73.91,25.325
38.96,-73.86,25.245
38.96,-73.81,25.271
38.96,-73.76,25.29
38.96,-73.71,25.211
38.96,-73.66,25.165
38.96,-73.61,25.069
38.96,-73.56,25.217
38.96,-73.51,25.361
38.96,-73.46,25.479
38.96,-73.41,25.547
38.96,-73.36,25.604
38.96,-73.31,25.607
38.96,-73.26,25.652
38.96,-73.21,25.632
38.96,-73.16,25.574
38.96,-73.11,25.546
38.96,-73.06,25.42
38.96,-73.01,25.314
38.96,-72.96,25.139
38.96,-72.91,25.215
38.96,-72.86,25.355
38.96,-72.81,25.529
38.96,-72.76,25.684
38.96,-72.71,25.769
38.96,-72.66,25.606
38.96,-72.61,25.661
38.96,-72.56,25.856
38.96,-72.51,25.987
38.96,-72.46,25.992
38.96,-72.41,25.901
38.96,-72.36,25.93
38.96,-72.31,26.241
38.96,-72.26,26.39
38.96,-72.21,26.334
38.96,-72.16,25.932
38.96,-72.11,26.035
38.96,-72.06,26.273
38.96,-72.01,26.484
38.96,-71.96,26.491
38.96,-71.91,26.365
38.96,-71.86,26.22
38.96,-71.81,26.273
38.96,-71.76,26.394
38.96,-71.71,26.432
38.96,-71.66,26.385
38.96,-71.61,26.553
38.96,-71.56,26.767
38.96,-71.51,26.939
38.96,-71.46,26.935
38.96,-71.41,26.844
38.96,-71.36,26.723
38.96,-71.31,26.558
38.96,-71.26,26.514
38.96,-71.21,26.659
38.96,-71.16,26.786
38.96,-71.11,26.924
38.96,-71.06,27.129
38.96,-71.01,27.355
38.96,-70.96,27.262
38.96,-70.91,27.028
38.96,-70.86,26.972
38.96,-70.81,27.205
38.96,-70.76,27.446
38.96,-70.71,27.477
38.96,-70.66,27.383
38.96,-70.61,27.291
38.96,-70.56,27.321
38.96,-70.51,27.361
38.96,-70.46,27.4
38.96,-70.41,27.112
38.96,-70.36,27.372
38.96,-70.31,27.739
38.96,-70.26,27.765
38.96,-70.21,27.525
38.96,-70.16,27.385
38.96,-70.11,27.54
38.96,-70.06,27.734
38.96,-70.01,27.885
38.96,-69.96,27.95
38.96,-69.91,27.687
38.96,-69.86,27.488
38.96,-69.81,27.414
38.96,-69.76,27.336
38.96,-69.71,27.245
38.96,-69.66,27.16
38.96,-69.61,27.126
38.96,-69.56,27.147
38.96,-69.51,27.198
38.96,-69.46,27.238
38.96,-69.41,27.254
38.96,-69.36,27.255
38.96,-69.31,27.246
38.96,-69.26,27.232
38.96,-69.21,27.215
38.96,-69.16,27.198
38.96,-69.11,27.18
38.96,-69.06,27.161
38.96,-69.01,27.143
39.01,-76.51,25.496
39.01,-76.36,25.53
39.01,-76.26,25.55
39.01,-76.21,25.559
39.01,-75.31,25.927
39.01,-75.26,25.862
39.01,-75.21,25.759
39.01,-75.16,25.77
39.01,-75.11,25.368
39.01,-75.06,25.281
39.01,-75.01,25.342
39.01,-74.96,25.285
39.01,-74.76,25.094
39.01,-74.71,25.343
39.01,-74.66,25.512
39.01,-74.61,25.616
39.01,-74.56,25.625
39.01,-74.51,25.69
39.01,-74.46,25.782
39.01,-74.41,25.801
39.01,-74.36,25.742
39.01,-74.31,25.743
39.01,-74.26,25.85
39.01,-74.21,25.9
39.01,-74.16,25.851
39.01,-74.11,25.554
39.01,-74.06,25.468
39.01,-74.01,25.487
39.01,-73.96,25.349
39.01,-73.91,25.256
39.01,-73.86,25.292
39.01,-73.81,25.213
39.01,-73.76,25.161
39.01,-73.71,25.162
39.01,-73.66,25.126
39.01,-73.61,25.093
39.01,-73.56,25.154
39.01,-73.51,25.29
39.01,-73.46,25.478
39.01,-73.41,25.533
39.01,-73.36,25.59
39.01,-73.31,25.597
39.01,-73.26,25.56
39.01,-73.21,25.492
39.01,-73.16,25.504
39.01,-73.11,25.519
39.01,-73.06,25.529
39.01,-73.01,25.368
39.01,-72.96,25.147
39.01,-72.91,25.151
39.01,-72.86,25.323
39.01,-72.81,25.501
39.01,-72.76,25.59
39.01,-72.71,25.646
39.01,-72.66,25.638
39.01,-72.61,25.845
39.01,-72.56,25.747
39.01,-72.51,25.835
39.01,-72.46,25.942
39.01,-72.41,26.021
39.01,-72.36,26.045
39.01,-72.31,26.209
39.01,-72.26,26.36
39.01,-72.21,26.356
39.01,-72.16,26.101
39.01,-72.11,26.188
39.01,-72.06,26.424
39.01,-72.01,26.262
39.01,-71.96,26.481
39.01,-71.91,26.458
39.01,-71.86,26.3
39.01,-71.81,26.213
39.01,-71.76,26.314
39.01,-71.71,26.358
39.01,-71.66,26.304
39.01,-71.61,26.431
39.01,-71.56,26.62
39.01,-71.51,26.818
39.01,-71.46,27.002
39.01,-71.41,26.856
39.01,-71.36,26.747
39.01,-71.31,26.89
39.01,-71.26,27.085
39.01,-71.21,27.016
39.01,-71.16,26.865
39.01,-71.11,26.895
39.01,-71.06,27.076
39.01,-71.01,27.361
39.01,-70.96,27.352
39.01,-70.91,27.062
39.01,-70.86,26.935
39.01,-70.81,27.272
39.01,-70.76,27.514
39.01,-70.71,27.4
39.01,-70.66,27.247
39.01,-70.61,27.324
39.01,-70.56,27.36
39.01,-70.51,27.405
39.01,-70.46,27.415
39.01,-70.41,27.421
39.01,-70.36,27.517
39.01,-70.31,27.72
39.01,-70.26,27.812
39.01,-70.21,27.754
39.01,-70.16,27.604
39.01,-70.11,27.576
39.01,-70.06,27.726
39.01,-70.01,27.737
39.01,-69.96,27.762
39.01,-69.91,27.615
39.01,-69.86,27.42
39.01,-69.81,27.336
39.01,-69.76,27.255
39.01,-69.71,27.134
39.01,-69.66,26.986
39.01,-69.61,26.911
39.01,-69.56,26.976
39.01,-69.51,27.083
39.01,-69.46,27.165
39.01,-69.41,27.202
39.01,-69.36,27.21
39.01,-69.31,27.205
39.01,-69.26,27.188
39.01,-69.21,27.164
39.01,-69.16,27.139
39.01,-69.11,27.115
39.01,-69.06,27.094
39.01,-69.01,27.077
39.06,-76.56,25.425
39.06,-76.41,25.46
39.06,-76.36,25.471
39.06,-76.31,25.481
39.06,-76.26,25.491
39.06,-76.16,25.51
39.06,-75.36,25.924
39.06,-75.31,25.864
39.06,-75.26,25.766
39.06,-75.21,25.789
39.06,-75.16,25.867
39.06,-75.11,25.842
39.06,-75.06,25.894
39.06,-75.01,25.846
39.06,-74.96,25.713
39.06,-74.71,25.194
39.06,-74.66,25.341
39.06,-74.61,25.582
39.06,-74.56,25.724
39.06,-74.51,25.809
39.06,-74.46,25.845
39.06,-74.41,25.865
39.06,-74.36,25.858
39.06,-74.31,25.818
39.06,-74.26,25.772
39.06,-74.21,25.797
39.06,-74.16,25.682
39.06,-74.11,25.555
39.06,-74.06,25.492
39.06,-74.01,25.552
39.06,-73.96,25.421
39.06,-73.91,25.263
39.06,-73.86,25.212
39.06,-73.81,25.163
39.06,-73.76,25.081
39.06,-73.71,25.117
39.06,-73.66,25.089
39.06,-73.61,25.073
39.06,-73.56,25.007
39.06,-73.51,25.095
39.06,-73.46,25.283
39.06,-73.41,25.437
39.06,-73.36,25.442
39.06,-73.31,25.417
39.06,-73.26,25.478
39.06,-73.21,25.456
39.06,-73.16,25.472
39.06,-73.11,25.526
39.06,-73.06,25.597
39.06,-73.01,25.411
39.06,-72.96,25.13
39.06,-72.91,25.095
39.06,-72.86,25.258
39.06,-72.81,25.39
39.06,-72.76,25.487
39.06,-72.71,25.369
39.06,-72.66,25.495
39.06,-72.61,25.585
39.06,-72.56,25.763
39.06,-72.51,25.811
39.06,-72.46,25.944
39.06,-72.41,26.06
39.06,-72.36,26.201
39.06,-72.31,26.217
39.06,-72.26,26.135
39.06,-72.21,26.156
39.06,-72.16,26.175
39.06,-72.11,26.121
39.06,-72.06,26.288
39.06,-72.01,26.366
39.06,-71.96,26.469
39.06,-71.91,26.477
39.06,-71.86,26.352
39.06,-71.81,26.391
39.06,-71.76,26.363
39.06,-71.71,26.245
39.06,-71.66,26.144
39.06,-71.61,26.307
39.06,-71.56,26.473
39.06,-71.51,26.688
39.06,-71.46,26.906
39.06,-71.41,26.997
39.06,-71.36,26.963
39.06,-71.31,26.973
39.06,-71.26,27.041
39.06,-71.21,26.895
39.06,-71.16,26.767
39.06,-71.11,26.644
39.06,-71.06,26.821
39.06,-71.01,27.179
39.06,-70.96,27.315
39.06,-70.91,27.129
39.06,-70.86,27.05
39.06,-70.81,27.194
39.06,-70.76,27.367
39.06,-70.71,27.376
39.06,-70.66,27.381
39.06,-70.61,27.538
39.06,-70.56,27.65
39.06,-70.51,27.689
39.06,-70.46,27.664
39.06,-70.41,27.583
39.06,-70.36,27.54
39.06,-70.31,27.608
39.06,-70.26,27.803
39.06,-70.21,27.848
39.06,-70.16,27.739
39.06,-70.11,27.604
39.06,-70.06,27.695
39.06,-70.01,27.782
39.06,-69.96,27.895
39.06,-69.91,27.731
39.06,-69.86,27.398
39.06,-69.81,27.281
39.06,-69.76,27.169
39.06,-69.71,27.019
39.06,-69.66,26.817
39.06,-69.61,26.68
39.06,-69.56,26.85
39.06,-69.51,27.017
39.06,-69.46,27.141
39.06,-69.41,27.186
39.06,-69.36,27.187
39.06,-69.31,27.177
39.06,-69.26,27.154
39.06,-69.21,27.124
39.06,-69.16,27.093
39.06,-69.11,27.064
39.06,-69.06,27.041
39.06,-69.01,27.028
39.11,-76.41,25.401
39.11,-76.36,25.412
39.11,-76.31,25.422
39.11,-76.26,25.433
39.11,-75.36,25.955
39.11,-75.31,25.913
39.11,-75.26,25.856
39.11,-75.21,25.868
39.11,-75.16,25.913
39.11,-75.11,25.974
39.11,-75.06,26.031
39.11,-75.01,25.941
39.11,-74.96,25.768
39.11,-74.91,25.571
39.11,-74.71,25.168
39.11,-74.66,25.341
39.11,-74.61,25.54
39.11,-74.56,25.67
39.11,-74.51,25.827
39.11,-74.46,25.792
39.11,-74.41,25.839
39.11,-74.36,25.822
39.11,-74.31,25.682
39.11,-74.26,25.448
39.11,-74.21,25.465
39.11,-74.16,25.488
39.11,-74.11,25.498
39.11,-74.06,25.476
39.11,-74.01,25.412
39.11,-73.96,25.272
39.11,-73.91,25.113
39.11,-73.86,25.004
39.11,-73.81,24.964
39.11,-73.76,24.993
39.11,-73.71,24.991
39.11,-73.66,25.074
39.11,-73.61,25.185
39.11,-73.56,25.196
39.11,-73.51,25.176
39.11,-73.46,25.115
39.11,-73.41,25.154
39.11,-73.36,25.128
39.11,-73.31,25.223
39.11,-73.26,25.285
39.11,-73.21,25.365
39.11,-73.16,25.498
39.11,-73.11,25.536
39.11,-73.06,25.624
39.11,-73.01,25.433
39.11,-72.96,25.176
39.11,-72.91,25.163
39.11,-72.86,25.391
39.11,-72.81,25.57
39.11,-72.76,25.418
39.11,-72.71,25.228
39.11,-72.66,25.204
39.11,-72.61,25.344
39.11,-72.56,25.418
39.11,-72.51,25.399
39.11,-72.46,25.447
39.11,-72.41,25.767
39.11,-72.36,26.18
39.11,-72.31,26.21
39.11,-72.26,26.202
39.11,-72.21,26.174
39.11,-72.16,26.213
39.11,-72.11,26.061
39.11,-72.06,25.946
39.11,-72.01,26.18
39.11,-71.96,26.312
39.11,-71.91,26.311
39.11,-71.86,26.475
39.11,-71.81,26.603
39.11,-71.76,26.543
39.11,-71.71,26.197
39.11,-71.66,25.925
39.11,-71.61,26.052
39.11,-71.56,26.261
39.11,-71.51,26.503
39.11,-71.46,26.803
39.11,-71.41,27.067
39.11,-71.36,27.178
39.11,-71.31,27.038
39.11,-71.26,26.69
39.11,-71.21,26.801
39.11,-71.16,26.785
39.11,-71.11,26.546
39.11,-71.06,26.591
39.11,-71.01,27.102
39.11,-70.96,27.305
39.11,-70.91,27.125
39.11,-70.86,26.882
39.11,-70.81,26.919
39.11,-70.76,27.264
39.11,-70.71,27.485
39.11,-70.66,27.72
39.11,-70.61,27.79
39.11,-70.56,27.825
39.11,-70.51,27.792
39.11,-70.46,27.732
39.11,-70.41,27.662
39.11,-70.36,27.559
39.11,-70.31,27.51
39.11,-70.26,27.619
39.11,-70.21,27.752
39.11,-70.16,27.793
39.11,-70.11,27.64
39.11,-70.06,27.66
39.11,-70.01,27.795
39.11,-69.96,27.876
39.11,-69.91,27.748
39.11,-69.86,27.472
39.11,-69.81,27.285
39.11,-69.76,27.058
39.11,-69.71,26.934
39.11,-69.66,26.809
39.11,-69.61,26.738
39.11,-69.56,26.868
39.11,-69.51,27.053
39.11,-69.46,27.167
39.11,-69.41,27.199
39.11,-69.36,27.187
39.11,-69.31,27.163
39.11,-69.26,27.131
39.11,-69.21,27.095
39.11,-69.16,27.059
39.11,-69.11,27.028
39.11,-69.06,27.005
39.11,-69.01,26.995
39.16,-76.46,25.331
39.16,-76.41,25.342
39.16,-76.36,25.353
39.16,-76.31,25.364
39.16,-75.36,25.924
39.16,-75.31,25.926
39.16,-75.26,25.883
39.16,-75.21,25.893
39.16,-75.16,25.92
39.16,-75.11,25.945
39.16,-75.06,25.913
39.16,-75.01,25.823
39.16,-74.96,25.716
39.16,-74.91,25.586
39.16,-74.66,25.372
39.16,-74.61,25.573
39.16,-74.56,25.606
39.16,-74.51,25.667
39.16,-74.46,25.635
39.16,-74.41,25.582
39.16,-74.36,25.428
39.16,-74.31,25.254
39.16,-74.26,25.307
39.16,-74.21,25.391
39.16,-74.16,25.416
39.16,-74.11,25.474
39.16,-74.06,25.501
39.16,-74.01,25.352
39.16,-73.96,25.189
39.16,-73.91,24.97
39.16,-73.86,24.89
39.16,-73.81,24.843
39.16,-73.76,24.844
39.16,-73.71,24.997
39.16,-73.66,25.137
39.16,-73.61,25.224
39.16,-73.56,25.228
39.16,-73.51,25.114
39.16,-73.46,25.025
39.16,-73.41,24.975
39.16,-73.36,25.095
39.16,-73.31,25.227
39.16,-73.26,25.305
39.16,-73.21,25.497
39.16,-73.16,25.589
39.16,-73.11,25.593
39.16,-73.06,25.5
39.16,-73.01,25.29
39.16,-72.96,25.159
39.16,-72.91,25.077
39.16,-72.86,25.294
39.16,-72.81,25.426
39.16,-72.76,25.112
39.16,-72.71,24.901
39.16,-72.66,24.964
39.16,-72.61,25.061
39.16,-72.56,25.092
39.16,-72.51,25.03
39.16,-72.46,25.186
39.16,-72.41,25.568
39.16,-72.36,25.971
39.16,-72.31,26.243
39.16,-72.26,26.224
39.16,-72.21,26.162
39.16,-72.16,25.968
39.16,-72.11,25.768
39.16,-72.06,25.738
39.16,-72.01,26.103
39.16,-71.96,26.238
39.16,-71.91,26.345
39.16,-71.86,26.521
39.16,-71.81,26.475
39.16,-71.76,26.451
39.16,-71.71,26.166
39.16,-71.66,26.094
39.16,-71.61,25.986
39.16,-71.56,26.02
39.16,-71.51,26.262
39.16,-71.46,26.61
39.16,-71.41,26.94
39.16,-71.36,27.167
39.16,-71.31,27.204
39.16,-71.26,26.962
39.16,-71.21,26.831
39.16,-71.16,26.852
39.16,-71.11,26.643
39.16,-71.06,26.525
39.16,-71.01,26.93
39.16,-70.96,27.165
39.16,-70.91,27.051
39.16,-70.86,26.919
39.16,-70.81,27.03
39.16,-70.76,27.405
39.16,-70.71,27.653
39.16,-70.66,27.787
39.16,-70.61,27.81
39.16,-70.56,27.788
39.16,-70.51,27.687
39.16,-70.46,27.54
39.16,-70.41,27.517
39.16,-70.36,27.489
39.16,-70.31,27.418
39.16,-70.26,27.355
39.16,-70.21,27.308
39.16,-70.16,27.551
39.16,-70.11,27.679
39.16,-70.06,27.66
39.16,-70.01,27.754
39.16,-69.96,27.841
39.16,-69.91,27.9
39.16,-69.86,27.676
39.16,-69.81,27.385
39.16,-69.76,27.046
39.16,-69.71,26.911
39.16,-69.66,26.842
39.16,-69.61,26.852
39.16,-69.56,27.005
39.16,-69.51,27.188
39.16,-69.46,27.267
39.16,-69.41,27.244
39.16,-69.36,27.201
39.16,-69.31,27.157
39.16,-69.26,27.114
39.16,-69.21,27.072
39.16,-69.16,27.034
39.16,-69.11,27.002
39.16,-69.06,26.98
39.16,-69.01,26.974
39.21,-76.51,25.261
39.21,-76.46,25.272
39.21,-76.41,25.283
39.21,-76.36,25.294
39.21,-76.31,25.305
39.21,-76.26,25.316
39.21,-75.36,25.816
39.21,-75.31,25.839
39.21,-75.26,25.842
39.21,-75.21,25.843
39.21,-75.06,25.786
39.21,-74.61,25.445
39.21,-74.56,25.476
39.21,-74.51,25.493
39.21,-74.46,25.559
39.21,-74.41,25.545
39.21,-74.36,25.288
39.21,-74.31,25.064
39.21,-74.26,25.124
39.21,-74.21,25.254
39.21,-74.16,25.317
39.21,-74.11,25.438
39.21,-74.06,25.499
39.21,-74.01,25.515
39.21,-73.96,25.5
39.21,-73.91,25.183
39.21,-73.86,25.053
39.21,-73.81,24.99
39.21,-73.76,25.095
39.21,-73.71,25.093
39.21,-73.66,25.141
39.21,-73.61,25.215
39.21,-73.56,25.211
39.21,-73.51,25.057
39.21,-73.46,24.882
39.21,-73.41,24.942
39.21,-73.36,25.02
39.21,-73.31,25.256
39.21,-73.26,25.429
39.21,-73.21,25.496
39.21,-73.16,25.444
39.21,-73.11,25.476
39.21,-73.06,25.367
39.21,-73.01,25.233
39.21,-72.96,25.121
39.21,-72.91,25.099
39.21,-72.86,25.27
39.21,-72.81,25.225
39.21,-72.76,24.899
39.21,-72.71,24.807
39.21,-72.66,24.711
39.21,-72.61,24.745
39.21,-72.56,24.844
39.21,-72.51,24.999
39.21,-72.46,25.025
39.21,-72.41,25.354
39.21,-72.36,25.732
39.21,-72.31,26.073
39.21,-72.26,26.179
39.21,-72.21,26.153
39.21,-72.16,25.852
39.21,-72.11,25.61
39.21,-72.06,25.647
39.21,-72.01,25.917
39.21,-71.96,26.038
39.21,-71.91,26.174
39.21,-71.86,26.374
39.21,-71.81,26.184
39.21,-71.76,26.239
39.21,-71.71,26.28
39.21,-71.66,26.24
39.21,-71.61,26.0
39.21,-71.56,25.883
39.21,-71.51,26.054
39.21,-71.46,26.457
39.21,-71.41,26.838
39.21,-71.36,27.114
39.21,-71.31,27.268
39.21,-71.26,27.209
39.21,-71.21,27.061
39.21,-71.16,27.003
39.21,-71.11,26.807
39.21,-71.06,26.711
39.21,-71.01,26.821
39.21,-70.96,26.954
39.21,-70.91,26.962
39.21,-70.86,27.002
39.21,-70.81,27.141
39.21,-70.76,27.353
39.21,-70.71,27.576
39.21,-70.66,27.717
39.21,-70.61,27.716
39.21,-70.56,27.635
39.21,-70.51,27.54
39.21,-70.46,27.451
39.21,-70.41,27.445
39.21,-70.36,27.522
39.21,-70.31,27.563
39.21,-70.26,27.462
39.21,-70.21,27.151
39.21,-70.16,27.198
39.21,-70.11,27.529
39.21,-70.06,27.601
39.21,-70.01,27.592
39.21,-69.96,27.701
39.21,-69.91,27.693
39.21,-69.86,27.553
39.21,-69.81,27.316
39.21,-69.76,27.046
39.21,-69.71,26.943
39.21,-69.66,26.888
39.21,-69.61,26.835
39.21,-69.56,27.014
39.21,-69.51,27.208
39.21,-69.46,27.304
39.21,-69.41,27.268
39.21,-69.36,27.198
39.21,-69.31,27.143
39.21,-69.26,27.096
39.21,-69.21,27.053
39.21,-69.16,27.014
39.21,-69.11,26.984
39.21,-69.06,26.964
39.21,-69.01,26.962
39.26,-76.36,25.235
39.26,-76.31,25.246
39.26,-76.26,25.257
39.26,-75.36,25.698
39.26,-75.31,25.719
39.26,-75.26,25.73
39.26,-75.21,25.736
39.26,-74.56,25.254
39.26,-74.51,25.27
39.26,-74.46,25.36
39.26,-74.41,25.428
39.26,-74.36,25.4
39.26,-74.31,25.284
39.26,-74.26,25.135
39.26,-74.21,25.082
39.26,-74.16,25.08
39.26,-74.11,25.171
39.26,-74.06,25.318
39.26,-74.01,25.42
39.26,-73.96,25.45
39.26,-73.91,25.357
39.26,-73.86,25.264
39.26,-73.81,25.082
39.26,-73.76,25.037
39.26,-73.71,24.992
39.26,-73.66,24.956
39.26,-73.61,25.0
39.26,-73.56,24.973
39.26,-73.51,24.856
39.26,-73.46,24.738
39.26,-73.41,24.79
39.26,-73.36,25.073
39.26,-73.31,25.284
39.26,-73.26,25.324
39.26,-73.21,25.339
39.26,-73.16,25.385
39.26,-73.11,25.366
39.26,-73.06,25.224
39.26,-73.01,25.183
39.26,-72.96,25.162
39.26,-72.91,25.155
39.26,-72.86,25.16
39.26,-72.81,25.025
39.26,-72.76,24.94
39.26,-72.71,24.868
39.26,-72.66,24.859
39.26,-72.61,24.791
39.26,-72.56,24.881
39.26,-72.51,24.955
39.26,-72.46,24.973
39.26,-72.41,25.077
39.26,-72.36,25.32
39.26,-72.31,25.646
39.26,-72.26,25.853
39.26,-72.21,25.977
39.26,-72.16,25.894
39.26,-72.11,25.51
39.26,-72.06,25.462
39.26,-72.01,25.579
39.26,-71.96,25.692
39.26,-71.91,26.018
39.26,-71.86,26.322
39.26,-71.81,26.38
39.26,-71.76,26.401
39.26,-71.71,26.36
39.26,-71.66,26.192
39.26,-71.61,26.038
39.26,-71.56,25.963
39.26,-71.51,26.069
39.26,-71.46,26.473
39.26,-71.41,26.853
39.26,-71.36,27.149
39.26,-71.31,27.297
39.26,-71.26,27.249
39.26,-71.21,27.105
39.26,-71.16,27.058
39.26,-71.11,26.869
39.26,-71.06,26.73
39.26,-71.01,26.668
39.26,-70.96,26.693
39.26,-70.91,26.837
39.26,-70.86,26.901
39.26,-70.81,27.08
39.26,-70.76,27.301
39.26,-70.71,27.443
39.26,-70.66,27.57
39.26,-70.61,27.643
39.26,-70.56,27.65
39.26,-70.51,27.454
39.26,-70.46,27.285
39.26,-70.41,27.397
39.26,-70.36,27.428
39.26,-70.31,27.468
39.26,-70.26,27.515
39.26,-70.21,27.271
39.26,-70.16,27.089
39.26,-70.11,27.439
39.26,-70.06,27.643
39.26,-70.01,27.588
39.26,-69.96,27.538
39.26,-69.91,27.489
39.26,-69.86,27.394
39.26,-69.81,27.273
39.26,-69.76,27.134
39.26,-69.71,27.063
39.26,-69.66,27.025
39.26,-69.61,27.039
39.26,-69.56,27.118
39.26,-69.51,27.199
39.26,-69.46,27.2
39.26,-69.41,27.171
39.26,-69.36,27.144
39.26,-69.31,27.114
39.26,-69.26,27.076
39.26,-69.21,27.034
39.26,-69.16,26.998
39.26,-69.11,26.969
39.26,-69.06,26.953
39.26,-69.01,26.954
39.31,-76.41,25.166
39.31,-76.36,25.177
39.31,-76.31,25.187
39.31,-76.26,25.198
39.31,-76.21,25.209
39.31,-75.41,25.56
39.31,-75.36,25.582
39.31,-74.56,25.033
39.31,-74.51,25.065
39.31,-74.46,25.192
39.31,-74.41,25.225
39.31,-74.36,25.242
39.31,-74.31,25.25
39.31,-74.26,25.155
39.31,-74.21,25.044
39.31,-74.16,24.978
39.31,-74.11,24.972
39.31,-74.06,25.141
39.31,-74.01,25.194
39.31,-73.96,25.22
39.31,-73.91,25.347
39.31,-73.86,25.338
39.31,-73.81,25.218
39.31,-73.76,25.059
39.31,-73.71,24.999
39.31,-73.66,24.982
39.31,-73.61,25.035
39.31,-73.56,24.946
39.31,-73.51,24.946
39.31,-73.46,25.013
39.31,-73.41,25.138
39.31,-73.36,25.282
39.31,-73.31,25.339
39.31,-73.26,25.283
39.31,-73.21,25.352
39.31,-73.16,25.395
39.31,-73.11,25.342
39.31,-73.06,25.234
39.31,-73.01,25.121
39.31,-72.96,25.134
39.31,-72.91,25.099
39.31,-72.86,25.035
39.31,-72.81,24.939
39.31,-72.76,24.889
39.31,-72.71,24.858
39.31,-72.66,24.817
39.31,-72.61,24.749
39.31,-72.56,24.834
39.31,-72.51,24.928
39.31,-72.46,24.91
39.31,-72.41,24.967
39.31,-72.36,25.05
39.31,-72.31,25.192
39.31,-72.26,25.43
39.31,-72.21,25.75
39.31,-72.16,25.882
39.31,-72.11,25.593
39.31,-72.06,25.447
39.31,-72.01,25.338
39.31,-71.96,25.245
39.31,-71.91,25.559
39.31,-71.86,26.13
39.31,-71.81,26.395
39.31,-71.76,26.498
39.31,-71.71,26.382
39.31,-71.66,26.259
39.31,-71.61,26.344
39.31,-71.56,26.416
39.31,-71.51,26.398
39.31,-71.46,26.547
39.31,-71.41,26.849
39.31,-71.36,27.153
39.31,-71.31,27.244
39.31,-71.26,27.136
39.31,-71.21,26.918
39.31,-71.16,26.861
39.31,-71.11,26.738
39.31,-71.06,26.596
39.31,-71.01,26.488
39.31,-70.96,26.414
39.31,-70.91,26.535
39.31,-70.86,26.678
39.31,-70.81,26.864
39.31,-70.76,27.169
39.31,-70.71,27.252
39.31,-70.66,27.466
39.31,-70.61,27.638
39.31,-70.56,27.647
39.31,-70.51,27.412
39.31,-70.46,27.238
39.31,-70.41,27.34
39.31,-70.36,27.446
39.31,-70.31,27.564
39.31,-70.26,27.613
39.31,-70.21,27.476
39.31,-70.16,27.287
39.31,-70.11,27.486
39.31,-70.06,27.666
39.31,-70.01,27.628
39.31,-69.96,27.513
39.31,-69.91,27.438
39.31,-69.86,27.373
39.31,-69.81,27.328
39.31,-69.76,27.281
39.31,-69.71,27.209
39.31,-69.66,27.163
39.31,-69.61,27.155
39.31,-69.56,27.195
39.31,-69.51,27.241
39.31,-69.46,26.996
39.31,-69.41,27.039
39.31,-69.36,27.091
39.31,-69.31,27.089
39.31,-69.26,27.06
39.31,-69.21,27.019
39.31,-69.16,26.983
39.31,-69.11,26.955
39.31,-69.06,26.94
39.31,-69.01,26.942
39.36,-76.21,25.15
39.36,-76.16,25.161
39.36,-75.46,25.431
39.36,-75.41,25.454
39.36,-74.51,24.883
39.36,-74.41,24.988
39.36,-74.36,25.127
39.36,-74.31,24.957
39.36,-74.26,24.973
39.36,-74.21,24.899
39.36,-74.16,24.802
39.36,-74.11,24.849
39.36,-74.06,25.083
39.36,-74.01,25.191
39.36,-73.96,25.206
39.36,-73.91,25.35
39.36,-73.86,25.355
39.36,-73.81,25.195
39.36,-73.76,25.106
39.36,-73.71,25.02
39.36,-73.66,25.057
39.36,-73.61,25.219
39.36,-73.56,25.23
39.36,-73.51,25.19
39.36,-73.46,25.265
39.36,-73.41,25.254
39.36,-73.36,25.189
39.36,-73.31,25.226
39.36,-73.26,25.272
39.36,-73.21,25.221
39.36,-73.16,25.23
39.36,-73.11,25.252
39.36,-73.06,25.112
39.36,-73.01,25.079
39.36,-72.96,25.081
39.36,-72.91,25.066
39.36,-72.86,25.03
39.36,-72.81,24.921
39.36,-72.76,24.908
39.36,-72.71,24.892
39.36,-72.66,24.881
39.36,-72.61,24.794
39.36,-72.56,24.785
39.36,-72.51,24.866
39.36,-72.46,24.867
39.36,-72.41,24.93
39.36,-72.36,24.887
39.36,-72.31,24.99
39.36,-72.26,25.184
39.36,-72.21,25.626
39.36,-72.16,25.74
39.36,-72.11,25.569
39.36,-72.06,25.495
39.36,-72.01,25.221
39.36,-71.96,24.966
39.36,-71.91,25.122
39.36,-71.86,25.707
39.36,-71.81,26.067
39.36,-71.76,26.387
39.36,-71.71,26.471
39.36,-71.66,26.36
39.36,-71.61,26.331
39.36,-71.56,26.576
39.36,-71.51,26.277
39.36,-71.46,26.37
39.36,-71.41,26.663
39.36,-71.36,26.865
39.36,-71.31,26.93
39.36,-71.26,26.847
39.36,-71.21,26.639
39.36,-71.16,26.435
39.36,-71.11,26.426
39.36,-71.06,26.393
39.36,-71.01,26.374
39.36,-70.96,26.382
39.36,-70.91,26.483
39.36,-70.86,26.614
39.36,-70.81,26.784
39.36,-70.76,26.986
39.36,-70.71,27.149
39.36,-70.66,27.406
39.36,-70.61,27.474
39.36,-70.56,27.366
39.36,-70.51,27.091
39.36,-70.46,26.835
39.36,-70.41,27.043
39.36,-70.36,27.43
39.36,-70.31,27.674
39.36,-70.26,27.718
39.36,-70.21,27.687
39.36,-70.16,27.483
39.36,-70.11,27.467
39.36,-70.06,27.725
39.36,-70.01,27.758
39.36,-69.96,27.654
39.36,-69.91,27.557
39.36,-69.86,27.469
39.36,-69.81,27.393
39.36,-69.76,27.351
39.36,-69.71,27.306
39.36,-69.66,27.265
39.36,-69.61,27.228
39.36,-69.56,27.167
39.36,-69.51,27.181
39.36,-69.46,27.11
39.36,-69.41,27.099
39.36,-69.36,27.108
39.36,-69.31,27.095
39.36,-69.26,27.058
39.36,-69.21,27.011
39.36,-69.16,26.968
39.36,-69.11,26.936
39.36,-69.06,26.918
39.36,-69.01,26.919
39.41,-76.26,25.08
39.41,-76.11,25.113
39.41,-76.06,25.125
39.41,-75.51,25.315
39.41,-75.46,25.333
39.41,-74.46,24.598
39.41,-74.41,24.561
39.41,-74.31,24.304
39.41,-74.26,24.335
39.41,-74.21,24.522
39.41,-74.16,24.623
39.41,-74.11,24.821
39.41,-74.06,24.891
39.41,-74.01,25.069
39.41,-73.96,25.262
39.41,-73.91,25.401
39.41,-73.86,25.457
39.41,-73.81,25.325
39.41,-73.76,25.104
39.41,-73.71,25.024
39.41,-73.66,25.098
39.41,-73.61,25.171
39.41,-73.56,25.241
39.41,-73.51,25.207
39.41,-73.46,25.235
39.41,-73.41,25.214
39.41,-73.36,25.192
39.41,-73.31,25.213
39.41,-73.26,25.174
39.41,-73.21,25.15
39.41,-73.16,25.123
39.41,-73.11,25.19
39.41,-73.06,25.16
39.41,-73.01,25.187
39.41,-72.96,25.115
39.41,-72.91,25.102
39.41,-72.86,25.061
39.41,-72.81,24.988
39.41,-72.76,24.965
39.41,-72.71,24.967
39.41,-72.66,24.841
39.41,-72.61,24.796
39.41,-72.56,24.84
39.41,-72.51,24.868
39.41,-72.46,24.841
39.41,-72.41,24.83
39.41,-72.36,24.928
39.41,-72.31,25.037
39.41,-72.26,25.184
39.41,-72.21,25.403
39.41,-72.16,25.46
39.41,-72.11,25.411
39.41,-72.06,25.297
39.41,-72.01,25.167
39.41,-71.96,24.921
39.41,-71.91,25.01
39.41,-71.86,25.441
39.41,-71.81,25.671
39.41,-71.76,25.89
39.41,-71.71,26.033
39.41,-71.66,26.16
39.41,-71.61,26.246
39.41,-71.56,26.272
39.41,-71.51,26.089
39.41,-71.46,26.282
39.41,-71.41,26.516
39.41,-71.36,26.65
39.41,-71.31,26.715
39.41,-71.26,26.719
39.41,-71.21,26.596
39.41,-71.16,26.236
39.41,-71.11,26.059
39.41,-71.06,26.187
39.41,-71.01,26.299
39.41,-70.96,26.392
39.41,-70.91,26.5
39.41,-70.86,26.672
39.41,-70.81,26.866
39.41,-70.76,26.974
39.41,-70.71,27.147
39.41,-70.66,27.23
39.41,-70.61,27.128
39.41,-70.56,26.831
39.41,-70.51,26.517
39.41,-70.46,26.673
39.41,-70.41,27.112
39.41,-70.36,27.452
39.41,-70.31,27.613
39.41,-70.26,27.597
39.41,-70.21,27.481
39.41,-70.16,27.458
39.41,-70.11,27.537
39.41,-70.06,27.581
39.41,-70.01,27.697
39.41,-69.96,27.746
39.41,-69.91,27.792
39.41,-69.86,27.58
39.41,-69.81,27.381
39.41,-69.76,27.36
39.41,-69.71,27.365
39.41,-69.66,27.358
39.41,-69.61,27.344
39.41,-69.56,27.326
39.41,-69.51,27.24
39.41,-69.46,27.189
39.41,-69.41,27.202
39.41,-69.36,27.176
39.41,-69.31,27.134
39.41,-69.26,27.074
39.41,-69.21,27.01
39.41,-69.16,26.952
39.41,-69.11,26.908
39.41,-69.06,26.884
39.41,-69.01,26.878
39.46,-76.06,25.064
39.46,-75.56,25.212
39.46,-74.26,24.051
39.46,-74.21,24.271
39.46,-74.16,24.447
39.46,-74.11,24.373
39.46,-74.06,24.475
39.46,-74.01,24.888
39.46,-73.96,25.217
39.46,-73.91,25.284
39.46,-73.86,25.342
39.46,-73.81,25.249
39.46,-73.76,25.285
39.46,-73.71,25.293
39.46,-73.66,25.271
39.46,-73.61,25.134
39.46,-73.56,25.087
39.46,-73.51,25.143
39.46,-73.46,25.096
39.46,-73.41,25.135
39.46,-73.36,25.187
39.46,-73.31,25.168
39.46,-73.26,25.158
39.46,-73.21,25.134
39.46,-73.16,25.115
39.46,-73.11,25.074
39.46,-73.06,25.037
39.46,-73.01,25.062
39.46,-72.96,25.166
39.46,-72.91,25.173
39.46,-72.86,25.066
39.46,-72.81,25.017
39.46,-72.76,25.01
39.46,-72.71,24.943
39.46,-72.66,24.832
39.46,-72.61,24.814
39.46,-72.56,24.802
39.46,-72.51,24.809
39.46,-72.46,24.863
39.46,-72.41,24.81
39.46,-72.36,24.903
39.46,-72.31,25.077
39.46,-72.26,25.2
39.46,-72.21,25.157
39.46,-72.16,25.108
39.46,-72.11,24.999
39.46,-72.06,24.897
39.46,-72.01,24.827
39.46,-71.96,24.938
39.46,-71.91,24.91
39.46,-71.86,25.094
39.46,-71.81,25.344
39.46,-71.76,25.613
39.46,-71.71,25.752
39.46,-71.66,25.956
39.46,-71.61,26.154
39.46,-71.56,26.35
39.46,-71.51,26.448
39.46,-71.46,26.464
39.46,-71.41,26.498
39.46,-71.36,26.534
39.46,-71.31,26.606
39.46,-71.26,26.592
39.46,-71.21,26.517
39.46,-71.16,26.286
39.46,-71.11,26.057
39.46,-71.06,26.139
39.46,-71.01,26.264
39.46,-70.96,26.364
39.46,-70.91,26.447
39.46,-70.86,26.532
39.46,-70.81,26.622
39.46,-70.76,26.717
39.46,-70.71,26.925
39.46,-70.66,27.019
39.46,-70.61,26.821
39.46,-70.56,26.559
39.46,-70.51,26.55
39.46,-70.46,27.065
39.46,-70.41,27.575
39.46,-70.36,27.655
39.46,-70.31,27.53
39.46,-70.26,27.501
39.46,-70.21,27.424
39.46,-70.16,27.457
39.46,-70.11,27.579
39.46,-70.06,27.692
39.46,-70.01,27.645
39.46,-69.96,27.703
39.46,-69.91,27.817
39.46,-69.86,27.717
39.46,-69.81,27.479
39.46,-69.76,27.434
39.46,-69.71,27.433
39.46,-69.66,27.438
39.46,-69.61,27.46
39.46,-69.56,27.512
39.46,-69.51,27.514
39.46,-69.46,27.387
39.46,-69.41,27.326
39.46,-69.36,27.267
39.46,-69.31,27.196
39.46,-69.26,27.11
39.46,-69.21,27.02
39.46,-69.16,26.939
39.46,-69.11,26.879
39.46,-69.06,26.845
39.46,-69.01,26.83
39.51,-76.11,24.991
39.51,-76.06,25.002
39.51,-76.01,25.013
39.51,-75.91,25.037
39.51,-75.56,25.128
39.51,-74.36,24.243
39.51,-74.26,24.061
39.51,-74.21,24.084
39.51,-74.16,24.171
39.51,-74.11,24.246
39.51,-74.06,24.36
39.51,-74.01,24.589
39.51,-73.96,24.989
39.51,-73.91,25.262
39.51,-73.86,25.355
39.51,-73.81,25.323
39.51,-73.76,25.334
39.51,-73.71,25.237
39.51,-73.66,25.188
39.51,-73.61,25.242
39.51,-73.56,25.16
39.51,-73.51,25.096
39.51,-73.46,25.119
39.51,-73.41,25.189
39.51,-73.36,25.175
39.51,-73.31,25.154
39.51,-73.26,25.035
39.51,-73.21,25.042
39.51,-73.16,24.883
39.51,-73.11,24.734
39.51,-73.06,24.64
39.51,-73.01,24.8
39.51,-72.96,24.953
39.51,-72.91,25.024
39.51,-72.86,25.069
39.51,-72.81,25.067
39.51,-72.76,25.074
39.51,-72.71,24.971
39.51,-72.66,24.882
39.51,-72.61,24.823
39.51,-72.56,24.796
39.51,-72.51,24.699
39.51,-72.46,24.808
39.51,-72.41,24.81
39.51,-72.36,24.795
39.51,-72.31,24.92
39.51,-72.26,24.984
39.51,-72.21,24.976
39.51,-72.16,24.946
39.51,-72.11,24.885
39.51,-72.06,24.842
39.51,-72.01,24.767
39.51,-71.96,24.761
39.51,-71.91,24.831
39.51,-71.86,24.832
39.51,-71.81,24.915
39.51,-71.76,25.348
39.51,-71.71,25.787
39.51,-71.66,26.054
39.51,-71.61,26.344
39.51,-71.56,26.418
39.51,-71.51,26.416
39.51,-71.46,26.517
39.51,-71.41,26.488
39.51,-71.36,26.453
39.51,-71.31,26.404
39.51,-71.26,26.376
39.51,-71.21,26.311
39.51,-71.16,26.28
39.51,-71.11,26.2
39.51,-71.06,26.217
39.51,-71.01,26.268
39.51,-70.96,26.321
39.51,-70.91,26.352
39.51,-70.86,26.36
39.51,-70.81,26.368
39.51,-70.76,26.46
39.51,-70.71,26.638
39.51,-70.66,26.687
39.51,-70.61,26.486
39.51,-70.56,26.615
39.51,-70.51,26.929
39.51,-70.46,27.27
39.51,-70.41,27.594
39.51,-70.36,27.707
39.51,-70.31,27.566
39.51,-70.26,27.497
39.51,-70.21,27.516
39.51,-70.16,27.536
39.51,-70.11,27.526
39.51,-70.06,27.662
39.51,-70.01,27.726
39.51,-69.96,27.689
39.51,-69.91,27.658
39.51,-69.86,27.578
39.51,-69.81,27.544
39.51,-69.76,27.526
39.51,-69.71,27.506
39.51,-69.66,27.503
39.51,-69.61,27.527
39.51,-69.56,27.671
39.51,-69.51,27.658
39.51,-69.46,27.506
39.51,-69.41,27.443
39.51,-69.36,27.364
39.51,-69.31,27.274
39.51,-69.26,27.164
39.51,-69.21,27.047
39.51,-69.16,26.94
39.51,-69.11,26.86
39.51,-69.06,26.812
39.51,-69.01,26.79
39.56,-74.31,24.288
39.56,-74.26,24.197
39.56,-74.21,24.082
39.56,-74.16,24.15
39.56,-74.11,24.28
39.56,-74.06,24.205
39.56,-74.01,24.253
39.56,-73.96,24.344
39.56,-73.91,24.974
39.56,-73.86,25.27
39.56,-73.81,25.23
39.56,-73.76,25.257
39.56,-73.71,25.238
39.56,-73.66,25.214
39.56,-73.61,25.187
39.56,-73.56,25.146
39.56,-73.51,25.108
39.56,-73.46,25.109
39.56,-73.41,25.22
39.56,-73.36,25.141
39.56,-73.31,24.933
39.56,-73.26,24.822
39.56,-73.21,24.756
39.56,-73.16,24.621
39.56,-73.11,24.337
39.56,-73.06,24.154
39.56,-73.01,24.224
39.56,-72.96,24.398
39.56,-72.91,24.546
39.56,-72.86,24.821
39.56,-72.81,24.986
39.56,-72.76,24.963
39.56,-72.71,24.92
39.56,-72.66,24.893
39.56,-72.61,24.781
39.56,-72.56,24.738
39.56,-72.51,24.739
39.56,-72.46,24.756
39.56,-72.41,24.69
39.56,-72.36,24.683
39.56,-72.31,24.707
39.56,-72.26,24.841
39.56,-72.21,24.914
39.56,-72.16,24.883
39.56,-72.11,24.864
39.56,-72.06,24.908
39.56,-72.01,24.943
39.56,-71.96,24.931
39.56,-71.91,24.863
39.56,-71.86,24.797
39.56,-71.81,24.851
39.56,-71.76,25.243
39.56,-71.71,25.774
39.56,-71.66,26.004
39.56,-71.61,26.423
39.56,-71.56,26.424
39.56,-71.51,26.252
39.56,-71.46,26.426
39.56,-71.41,26.447
39.56,-71.36,26.424
39.56,-71.31,26.451
39.56,-71.26,26.383
39.56,-71.21,26.289
39.56,-71.16,26.26
39.56,-71.11,26.244
39.56,-71.06,26.248
39.56,-71.01,26.257
39.56,-70.96,26.262
39.56,-70.91,26.251
39.56,-70.86,26.217
39.56,-70.81,26.165
39.56,-70.76,26.262
39.56,-70.71,26.406
39.56,-70.66,26.407
39.56,-70.61,26.344
39.56,-70.56,26.759
39.56,-70.51,27.271
39.56,-70.46,27.353
39.56,-70.41,27.48
39.56,-70.36,27.603
39.56,-70.31,27.638
39.56,-70.26,27.612
39.56,-70.21,27.535
39.56,-70.16,27.471
39.56,-70.11,27.459
39.56,-70.06,27.526
39.56,-70.01,27.564
39.56,-69.96,27.651
39.56,-69.91,27.644
39.56,-69.86,27.5
39.56,-69.81,27.608
39.56,-69.76,27.661
39.56,-69.71,27.554
39.56,-69.66,27.546
39.56,-69.61,27.617
39.56,-69.56,27.729
39.56,-69.51,27.794
39.56,-69.46,27.642
39.56,-69.41,27.561
39.56,-69.36,27.467
39.56,-69.31,27.369
39.56,-69.26,27.237
39.56,-69.21,27.093
39.56,-69.16,26.963
39.56,-69.11,26.863
39.56,-69.06,26.8
39.56,-69.01,26.768
39.61,-74.26,24.104
39.61,-74.16,24.058
39.61,-74.11,24.208
39.61,-74.06,24.119
39.61,-74.01,24.324
39.61,-73.96,24.373
39.61,-73.91,24.644
39.61,-73.86,25.204
39.61,-73.81,25.213
39.61,-73.76,25.242
39.61,-73.71,25.185
39.61,-73.66,25.117
39.61,-73.61,25.048
39.61,-73.56,25.052
39.61,-73.51,24.995
39.61,-73.46,24.943
39.61,-73.41,24.983
39.61,-73.36,24.995
39.61,-73.31,25.013
39.61,-73.26,24.89
39.61,-73.21,24.711
39.61,-73.16,24.717
39.61,-73.11,24.461
39.61,-73.06,24.271
39.61,-73.01,24.224
39.61,-72.96,24.081
39.61,-72.91,24.149
39.61,-72.86,24.335
39.61,-72.81,24.681
39.61,-72.76,24.915
39.61,-72.71,24.875
39.61,-72.66,24.902
39.61,-72.61,24.802
39.61,-72.56,24.745
39.61,-72.51,24.722
39.61,-72.46,24.737
39.61,-72.41,24.678
39.61,-72.36,24.651
39.61,-72.31,24.645
39.61,-72.26,24.58
39.61,-72.21,24.657
39.61,-72.16,24.716
39.61,-72.11,24.725
39.61,-72.06,24.812
39.61,-72.01,24.82
39.61,-71.96,24.822
39.61,-71.91,24.843
39.61,-71.86,24.749
39.61,-71.81,24.7
39.61,-71.76,25.005
39.61,-71.71,25.76
39.61,-71.66,26.157
39.61,-71.61,26.458
39.61,-71.56,26.507
39.61,-71.51,26.258
39.61,-71.46,26.407
39.61,-71.41,26.394
39.61,-71.36,26.275
39.61,-71.31,26.176
39.61,-71.26,26.122
39.61,-71.21,26.138
39.61,-71.16,26.203
39.61,-71.11,26.224
39.61,-71.06,26.225
39.61,-71.01,26.21
39.61,-70.96,26.182
39.61,-70.91,26.143
39.61,-70.86,26.106
39.61,-70.81,26.114
39.61,-70.76,26.217
39.61,-70.71,26.447
39.61,-70.66,26.385
39.61,-70.61,26.135
39.61,-70.56,26.846
39.61,-70.51,27.373
39.61,-70.46,27.33
39.61,-70.41,27.288
39.61,-70.36,27.343
39.61,-70.31,27.635
39.61,-70.26,27.775
39.61,-70.21,27.729
39.61,-70.16,27.665
39.61,-70.11,27.626
39.61,-70.06,27.527
39.61,-70.01,27.559
39.61,-69.96,27.593
39.61,-69.91,27.644
39.61,-69.86,27.638
39.61,-69.81,27.66
39.61,-69.76,27.54
39.61,-69.71,27.423
39.61,-69.66,27.559
39.61,-69.61,27.697
39.61,-69.56,27.834
39.61,-69.51,27.851
39.61,-69.46,27.787
39.61,-69.41,27.706
39.61,-69.36,27.592
39.61,-69.31,27.471
39.61,-69.26,27.318
39.61,-69.21,27.156
39.61,-69.16,27.01
39.61,-69.11,26.894
39.61,-69.06,26.814
39.61,-69.01,26.77
39.66,-74.11,24.164
39.66,-74.06,24.229
39.66,-74.01,24.284
39.66,-73.96,24.25
39.66,-73.91,24.272
39.66,-73.86,24.958
39.66,-73.81,25.237
39.66,-73.76,25.173
39.66,-73.71,25.124
39.66,-73.66,25.068
39.66,-73.61,25.073
39.66,-73.56,25.029
39.66,-73.51,24.906
39.66,-73.46,24.772
39.66,-73.41,24.66
39.66,-73.36,24.666
39.66,-73.31,24.429
39.66,-73.26,24.181
39.66,-73.21,24.239
39.66,-73.16,24.464
39.66,-73.11,24.507
39.66,-73.06,24.369
39.66,-73.01,24.234
39.66,-72.96,23.946
39.66,-72.91,23.937
39.66,-72.86,24.019
39.66,-72.81,24.294
39.66,-72.76,24.745
39.66,-72.71,24.877
39.66,-72.66,24.851
39.66,-72.61,24.816
39.66,-72.56,24.708
39.66,-72.51,24.67
39.66,-72.46,24.651
39.66,-72.41,24.634
39.66,-72.36,24.598
39.66,-72.31,24.616
39.66,-72.26,24.545
39.66,-72.21,24.482
39.66,-72.16,24.631
39.66,-72.11,24.777
39.66,-72.06,24.978
39.66,-72.01,24.898
39.66,-71.96,24.675
39.66,-71.91,24.745
39.66,-71.86,24.701
39.66,-71.81,24.695
39.66,-71.76,24.835
39.66,-71.71,25.509
39.66,-71.66,26.047
39.66,-71.61,26.311
39.66,-71.56,26.465
39.66,-71.51,26.362
39.66,-71.46,26.379
39.66,-71.41,26.274
39.66,-71.36,26.021
39.66,-71.31,25.896
39.66,-71.26,26.025
39.66,-71.21,26.216
39.66,-71.16,26.221
39.66,-71.11,26.222
39.66,-71.06,26.201
39.66,-71.01,26.145
39.66,-70.96,26.07
39.66,-70.91,25.993
39.66,-70.86,25.946
39.66,-70.81,25.959
39.66,-70.76,25.999
39.66,-70.71,26.09
39.66,-70.66,26.286
39.66,-70.61,26.445
39.66,-70.56,26.932
39.66,-70.51,27.291
39.66,-70.46,27.319
39.66,-70.41,27.294
39.66,-70.36,27.283
39.66,-70.31,27.393
39.66,-70.26,27.535
39.66,-70.21,27.74
39.66,-70.16,27.784
39.66,-70.11,27.649
39.66,-70.06,27.564
39.66,-70.01,27.654
39.66,-69.96,27.651
39.66,-69.91,27.67
39.66,-69.86,27.651
39.66,-69.81,27.564
39.66,-69.76,27.442
39.66,-69.71,27.458
39.66,-69.66,27.6
39.66,-69.61,27.749
39.66,-69.56,27.883
39.66,-69.51,27.96
39.66,-69.46,27.946
39.66,-69.41,27.849
39.66,-69.36,27.68
39.66,-69.31,27.535
39.66,-69.26,27.381
39.66,-69.21,27.222
39.66,-69.16,27.07
39.66,-69.11,26.941
39.66,-69.06,26.847
39.66,-69.01,26.791
39.71,-74.16,24.081
39.71,-74.11,24.126
39.71,-74.06,24.261
39.71,-74.01,24.417
39.71,-73.96,24.361
39.71,-73.91,24.163
39.71,-73.86,24.458
39.71,-73.81,25.066
39.71,-73.76,25.279
39.71,-73.71,25.234
39.71,-73.66,25.179
39.71,-73.61,25.116
39.71,-73.56,25.115
39.71,-73.51,24.942
39.71,-73.46,24.796
39.71,-73.41,24.854
39.71,-73.36,24.615
39.71,-73.31,24.578
39.71,-73.26,24.244
39.71,-73.21,24.064
39.71,-73.16,24.286
39.71,-73.11,24.284
39.71,-73.06,24.239
39.71,-73.01,24.207
39.71,-72.96,23.946
39.71,-72.91,23.775
39.71,-72.86,23.911
39.71,-72.81,24.204
39.71,-72.76,24.601
39.71,-72.71,24.675
39.71,-72.66,24.744
39.71,-72.61,24.712
39.71,-72.56,24.62
39.71,-72.51,24.622
39.71,-72.46,24.671
39.71,-72.41,24.693
39.71,-72.36,24.657
39.71,-72.31,24.576
39.71,-72.26,24.556
39.71,-72.21,24.527
39.71,-72.16,24.639
39.71,-72.11,24.819
39.71,-72.06,24.913
39.71,-72.01,24.908
39.71,-71.96,24.724
39.71,-71.91,24.721
39.71,-71.86,24.702
39.71,-71.81,24.732
39.71,-71.76,24.845
39.71,-71.71,25.257
39.71,-71.66,25.844
39.71,-71.61,26.097
39.71,-71.56,26.151
39.71,-71.51,26.259
39.71,-71.46,26.385
39.71,-71.41,26.235
39.71,-71.36,25.875
39.71,-71.31,25.687
39.71,-71.26,25.932
39.71,-71.21,26.196
39.71,-71.16,26.253
39.71,-71.11,26.255
39.71,-71.06,26.227
39.71,-71.01,26.122
39.71,-70.96,25.927
39.71,-70.91,25.729
39.71,-70.86,25.742
39.71,-70.81,25.795
39.71,-70.76,25.847
39.71,-70.71,25.923
39.71,-70.66,26.048
39.71,-70.61,26.302
39.71,-70.56,26.755
39.71,-70.51,27.166
39.71,-70.46,27.205
39.71,-70.41,27.203
39.71,-70.36,27.229
39.71,-70.31,27.159
39.71,-70.26,27.148
39.71,-70.21,27.482
39.71,-70.16,27.781
39.71,-70.11,27.707
39.71,-70.06,27.597
39.71,-70.01,27.666
39.71,-69.96,27.701
39.71,-69.91,27.625
39.71,-69.86,27.569
39.71,-69.81,27.388
39.71,-69.76,27.447
39.71,-69.71,27.553
39.71,-69.66,27.647
39.71,-69.61,27.739
39.71,-69.56,27.831
39.71,-69.51,27.94
39.71,-69.46,27.964
39.71,-69.41,27.902
39.71,-69.36,27.775
39.71,-69.31,27.608
39.71,-69.26,27.431
39.71,-69.21,27.274
39.71,-69.16,27.127
39.71,-69.11,26.995
39.71,-69.06,26.892
39.71,-69.01,26.829
39.76,-74.16,24.153
39.76,-74.11,24.147
39.76,-74.06,24.168
39.76,-74.01,24.411
39.76,-73.96,24.371
39.76,-73.91,24.256
39.76,-73.86,24.111
39.76,-73.81,24.715
39.76,-73.76,25.106
39.76,-73.71,25.182
39.76,-73.66,25.16
39.76,-73.61,25.124
39.76,-73.56,25.042
39.76,-73.51,24.998
39.76,-73.46,24.926
39.76,-73.41,24.852
39.76,-73.36,24.865
39.76,-73.31,24.882
39.76,-73.26,24.77
39.76,-73.21,24.348
39.76,-73.16,24.071
39.76,-73.11,23.969
39.76,-73.06,23.98
39.76,-73.01,24.044
39.76,-72.96,23.82
39.76,-72.91,23.601
39.76,-72.86,23.634
39.76,-72.81,23.924
39.76,-72.76,24.378
39.76,-72.71,24.551
39.76,-72.66,24.548
39.76,-72.61,24.506
39.76,-72.56,24.536
39.76,-72.51,24.53
39.76,-72.46,24.639
39.76,-72.41,24.608
39.76,-72.36,24.562
39.76,-72.31,24.532
39.76,-72.26,24.58
39.76,-72.21,24.674
39.76,-72.16,24.667
39.76,-72.11,24.767
39.76,-72.06,24.865
39.76,-72.01,24.815
39.76,-71.96,24.756
39.76,-71.91,24.718
39.76,-71.86,24.788
39.76,-71.81,24.844
39.76,-71.76,24.794
39.76,-71.71,25.25
39.76,-71.66,25.918
39.76,-71.61,26.142
39.76,-71.56,26.217
39.76,-71.51,26.375
39.76,-71.46,26.353
39.76,-71.41,26.361
39.76,-71.36,26.09
39.76,-71.31,25.719
39.76,-71.26,26.128
39.76,-71.21,26.237
39.76,-71.16,26.223
39.76,-71.11,26.284
39.76,-71.06,26.366
39.76,-71.01,26.27
39.76,-70.96,26.013
39.76,-70.91,25.721
39.76,-70.86,25.613
39.76,-70.81,25.669
39.76,-70.76,25.766
39.76,-70.71,25.869
39.76,-70.66,25.975
39.76,-70.61,26.415
39.76,-70.56,26.937
39.76,-70.51,27.133
39.76,-70.46,27.132
39.76,-70.41,27.198
39.76,-70.36,27.24
39.76,-70.31,27.266
39.76,-70.26,27.204
39.76,-70.21,27.335
39.76,-70.16,27.626
39.76,-70.11,27.706
39.76,-70.06,27.636
39.76,-70.01,27.601
39.76,-69.96,27.61
39.76,-69.91,27.602
39.76,-69.86,27.43
39.76,-69.81,27.352
39.76,-69.76,27.474
39.76,-69.71,27.579
39.76,-69.66,27.651
39.76,-69.61,27.688
39.76,-69.56,27.761
39.76,-69.51,27.878
39.76,-69.46,27.922
39.76,-69.41,27.937
39.76,-69.36,27.844
39.76,-69.31,27.58
39.76,-69.26,27.433
39.76,-69.21,27.298
39.76,-69.16,27.166
39.76,-69.11,27.044
39.76,-69.06,26.945
39.76,-69.01,26.881
39.81,-74.16,24.019
39.81,-74.11,23.945
39.81,-74.06,23.875
39.81,-74.01,24.067
39.81,-73.96,24.163
39.81,-73.91,24.146
39.81,-73.86,23.885
39.81,-73.81,23.771
39.81,-73.76,23.904
39.81,-73.71,23.999
39.81,-73.66,24.186
39.81,-73.61,24.253
39.81,-73.56,24.466
39.81,-73.51,24.312
39.81,-73.46,24.045
39.81,-73.41,24.117
39.81,-73.36,24.096
39.81,-73.31,24.407
39.81,-73.26,24.572
39.81,-73.21,24.302
39.81,-73.16,24.074
39.81,-73.11,23.933
39.81,-73.06,23.83
39.81,-73.01,23.668
39.81,-72.96,23.621
39.81,-72.91,23.655
39.81,-72.86,23.582
39.81,-72.81,23.554
39.81,-72.76,23.852
39.81,-72.71,24.298
39.81,-72.66,24.417
39.81,-72.61,24.407
39.81,-72.56,24.474
39.81,-72.51,24.474
39.81,-72.46,24.544
39.81,-72.41,24.498
39.81,-72.36,24.482
39.81,-72.31,24.498
39.81,-72.26,24.523
39.81,-72.21,24.583
39.81,-72.16,24.768
39.81,-72.11,24.874
39.81,-72.06,24.951
39.81,-72.01,24.984
39.81,-71.96,24.98
39.81,-71.91,25.023
39.81,-71.86,24.984
39.81,-71.81,24.956
39.81,-71.76,24.916
39.81,-71.71,25.18
39.81,-71.66,25.762
39.81,-71.61,26.029
39.81,-71.56,26.246
39.81,-71.51,26.211
39.81,-71.46,26.255
39.81,-71.41,26.352
39.81,-71.36,26.356
39.81,-71.31,26.283
39.81,-71.26,25.993
39.81,-71.21,25.891
39.81,-71.16,26.041
39.81,-71.11,26.279
39.81,-71.06,26.43
39.81,-71.01,26.479
39.81,-70.96,26.286
39.81,-70.91,25.816
39.81,-70.86,25.5
39.81,-70.81,25.572
39.81,-70.76,25.731
39.81,-70.71,25.911
39.81,-70.66,26.09
39.81,-70.61,26.381
39.81,-70.56,26.656
39.81,-70.51,26.783
39.81,-70.46,26.912
39.81,-70.41,26.993
39.81,-70.36,27.098
39.81,-70.31,27.084
39.81,-70.26,27.171
39.81,-70.21,27.17
39.81,-70.16,27.283
39.81,-70.11,27.449
39.81,-70.06,27.544
39.81,-70.01,27.545
39.81,-69.96,27.551
39.81,-69.91,27.547
39.81,-69.86,27.474
39.81,-69.81,27.461
39.81,-69.76,27.581
39.81,-69.71,27.627
39.81,-69.66,27.651
39.81,-69.61,27.632
39.81,-69.56,27.666
39.81,-69.51,27.795
39.81,-69.46,27.824
39.81,-69.41,27.778
39.81,-69.36,27.72
39.81,-69.31,27.576
39.81,-69.26,27.424
39.81,-69.21,27.298
39.81,-69.16,27.179
39.81,-69.11,27.073
39.81,-69.06,26.987
39.81,-69.01,26.926
39.86,-74.11,23.745
39.86,-74.06,23.695
39.86,-74.01,23.841
39.86,-73.96,24.051
39.86,-73.91,23.917
39.86,-73.86,23.749
39.86,-73.81,23.733
39.86,-73.76,23.813
39.86,-73.71,23.922
39.86,-73.66,23.85
39.86,-73.61,23.762
39.86,-73.56,23.765
39.86,-73.51,23.831
39.86,-73.46,23.875
39.86,-73.41,23.879
39.86,-73.36,24.001
39.86,-73.31,24.133
39.86,-73.26,24.247
39.86,-73.21,24.002
39.86,-73.16,23.85
39.86,-73.11,24.172
39.86,-73.06,23.996
39.86,-73.01,23.662
39.86,-72.96,23.521
39.86,-72.91,23.544
39.86,-72.86,23.612
39.86,-72.81,23.585
39.86,-72.76,23.593
39.86,-72.71,24.178
39.86,-72.66,24.306
39.86,-72.61,24.294
39.86,-72.56,24.293
39.86,-72.51,24.388
39.86,-72.46,24.461
39.86,-72.41,24.397
39.86,-72.36,24.425
39.86,-72.31,24.478
39.86,-72.26,24.48
39.86,-72.21,24.666
39.86,-72.16,24.757
39.86,-72.11,24.9
39.86,-72.06,24.962
39.86,-72.01,25.035
39.86,-71.96,24.979
39.86,-71.91,24.933
39.86,-71.86,24.935
39.86,-71.81,24.967
39.86,-71.76,24.919
39.86,-71.71,24.96
39.86,-71.66,25.231
39.86,-71.61,25.425
39.86,-71.56,25.887
39.86,-71.51,26.001
39.86,-71.46,26.051
39.86,-71.41,26.181
39.86,-71.36,26.312
39.86,-71.31,26.288
39.86,-71.26,26.194
39.86,-71.21,26.361
39.86,-71.16,26.415
39.86,-71.11,26.29
39.86,-71.06,26.345
39.86,-71.01,26.405
39.86,-70.96,26.329
39.86,-70.91,25.932
39.86,-70.86,25.503
39.86,-70.81,25.552
39.86,-70.76,25.687
39.86,-70.71,25.911
39.86,-70.66,26.18
39.86,-70.61,26.097
39.86,-70.56,25.931
39.86,-70.51,26.254
39.86,-70.46,26.646
39.86,-70.41,26.913
39.86,-70.36,27.022
39.86,-70.31,27.037
39.86,-70.26,27.027
39.86,-70.21,27.008
39.86,-70.16,27.081
39.86,-70.11,27.182
39.86,-70.06,27.238
39.86,-70.01,27.249
39.86,-69.96,27.287
39.86,-69.91,27.412
39.86,-69.86,27.482
39.86,-69.81,27.502
39.86,-69.76,27.608
39.86,-69.71,27.676
39.86,-69.66,27.633
39.86,-69.61,27.607
39.86,-69.56,27.632
39.86,-69.51,27.729
39.86,-69.46,27.799
39.86,-69.41,27.732
39.86,-69.36,27.645
39.86,-69.31,27.503
39.86,-69.26,27.387
39.86,-69.21,27.27
39.86,-69.16,27.159
39.86,-69.11,27.064
39.86,-69.06,26.991
39.86,-69.01,26.935
39.91,-74.11,23.689
39.91,-74.06,23.638
39.91,-74.01,23.875
39.91,-73.96,24.104
39.91,-73.91,23.982
39.91,-73.86,23.719
39.91,-73.81,23.645
39.91,-73.76,23.597
39.91,-73.71,23.667
39.91,-73.66,23.613
39.91,-73.61,23.602
39.91,-73.56,23.5
39.91,-73.51,23.49
39.91,-73.46,23.57
39.91,-73.41,23.635
39.91,-73.36,23.667
39.91,-73.31,23.598
39.91,-73.26,23.732
39.91,-73.21,23.59
39.91,-73.16,23.822
39.91,-73.11,24.067
39.91,-73.06,24.071
39.91,-73.01,23.846
39.91,-72.96,23.539
39.91,-72.91,23.485
39.91,-72.86,23.48
39.91,-72.81,23.478
39.91,-72.76,23.509
39.91,-72.71,23.616
39.91,-72.66,24.055
39.91,-72.61,24.278
39.91,-72.56,24.314
39.91,-72.51,24.4
39.91,-72.46,24.399
39.91,-72.41,24.365
39.91,-72.36,24.304
39.91,-72.31,24.333
39.91,-72.26,24.466
39.91,-72.21,24.741
39.91,-72.16,24.808
39.91,-72.11,24.862
39.91,-72.06,24.875
39.91,-72.01,24.92
39.91,-71.96,24.89
39.91,-71.91,24.838
39.91,-71.86,24.933
39.91,-71.81,24.848
39.91,-71.76,24.891
39.91,-71.71,24.874
39.91,-71.66,24.864
39.91,-71.61,24.988
39.91,-71.56,25.188
39.91,-71.51,25.481
39.91,-71.46,25.765
39.91,-71.41,25.994
39.91,-71.36,26.201
39.91,-71.31,26.28
39.91,-71.26,26.332
39.91,-71.21,26.384
39.91,-71.16,26.258
39.91,-71.11,26.273
39.91,-71.06,26.263
39.91,-71.01,26.342
39.91,-70.96,26.345
39.91,-70.91,26.135
39.91,-70.86,25.796
39.91,-70.81,25.592
39.91,-70.76,25.549
39.91,-70.71,25.78
39.91,-70.66,25.942
39.91,-70.61,25.774
39.91,-70.56,25.581
39.91,-70.51,25.67
39.91,-70.46,26.097
39.91,-70.41,26.52
39.91,-70.36,26.678
39.91,-70.31,26.832
39.91,-70.26,26.927
39.91,-70.21,26.916
39.91,-70.16,26.955
39.91,-70.11,27.131
39.91,-70.06,27.146
39.91,-70.01,27.066
39.91,-69.96,27.001
39.91,-69.91,26.92
39.91,-69.86,26.985
39.91,-69.81,27.183
39.91,-69.76,27.442
39.91,-69.71,27.504
39.91,-69.66,27.527
39.91,-69.61,27.532
39.91,-69.56,27.553
39.91,-69.51,27.675
39.91,-69.46,27.687
39.91,-69.41,27.607
39.91,-69.36,27.521
39.91,-69.31,27.425
39.91,-69.26,27.314
39.91,-69.21,27.205
39.91,-69.16,27.098
39.91,-69.11,27.007
39.91,-69.06,26.937
39.91,-69.01,26.885
39.96,-74.01,24.034
39.96,-73.96,23.979
39.96,-73.91,23.908
39.96,-73.86,23.854
39.96,-73.81,23.825
39.96,-73.76,23.661
39.96,-73.71,23.52
39.96,-73.66,23.437
39.96,-73.61,23.441
39.96,-73.56,23.397
39.96,-73.51,23.37
39.96,-73.46,23.558
39.96,-73.41,23.464
39.96,-73.36,23.363
39.96,-73.31,23.371
39.96,-73.26,23.406
39.96,-73.21,23.654
39.96,-73.16,23.906
39.96,-73.11,24.093
39.96,-73.06,24.004
39.96,-73.01,23.705
39.96,-72.96,23.436
39.96,-72.91,23.243
39.96,-72.86,23.463
39.96,-72.81,23.525
39.96,-72.76,23.382
39.96,-72.71,23.557
39.96,-72.66,23.962
39.96,-72.61,24.188
39.96,-72.56,24.282
39.96,-72.51,24.372
39.96,-72.46,24.374
39.96,-72.41,24.264
39.96,-72.36,24.214
39.96,-72.31,24.377
39.96,-72.26,24.495
39.96,-72.21,24.65
39.96,-72.16,24.698
39.96,-72.11,24.666
39.96,-72.06,24.534
39.96,-72.01,24.535
39.96,-71.96,24.605
39.96,-71.91,24.779
39.96,-71.86,24.839
39.96,-71.81,24.658
39.96,-71.76,24.728
39.96,-71.71,24.854
39.96,-71.66,24.907
39.96,-71.61,24.927
39.96,-71.56,25.039
39.96,-71.51,25.326
39.96,-71.46,25.533
39.96,-71.41,25.813
39.96,-71.36,26.09
39.96,-71.31,26.131
39.96,-71.26,26.195
39.96,-71.21,26.271
39.96,-71.16,26.059
39.96,-71.11,26.03
39.96,-71.06,26.074
39.96,-71.01,26.165
39.96,-70.96,26.176
39.96,-70.91,26.034
39.96,-70.86,25.792
39.96,-70.81,25.615
39.96,-70.76,25.651
39.96,-70.71,25.861
39.96,-70.66,25.869
39.96,-70.61,25.489
39.96,-70.56,25.415
39.96,-70.51,25.617
39.96,-70.46,25.94
39.96,-70.41,25.984
39.96,-70.36,26.314
39.96,-70.31,26.545
39.96,-70.26,26.708
39.96,-70.21,26.752
39.96,-70.16,26.835
39.96,-70.11,26.863
39.96,-70.06,26.85
39.96,-70.01,26.75
39.96,-69.96,26.632
39.96,-69.91,26.49
39.96,-69.86,26.597
39.96,-69.81,26.851
39.96,-69.76,27.175
39.96,-69.71,27.338
39.96,-69.66,27.387
39.96,-69.61,27.435
39.96,-69.56,27.474
39.96,-69.51,27.539
39.96,-69.46,27.564
39.96,-69.41,27.508
39.96,-69.36,27.408
39.96,-69.31,27.313
39.96,-69.26,27.206
39.96,-69.21,27.095
39.96,-69.16,26.99
39.96,-69.11,26.898
39.96,-69.06,26.828
39.96,-69.01,26.777
40.01,-74.01,23.918
40.01,-73.96,24.07
40.01,-73.91,24.097
40.01,-73.86,24.044
40.01,-73.81,23.876
40.01,-73.76,23.56
40.01,-73.71,23.365
40.01,-73.66,23.337
40.01,-73.61,23.398
40.01,-73.56,23.38
40.01,-73.51,23.362
40.01,-73.46,23.338
40.01,-73.41,23.256
40.01,-73.36,23.169
40.01,-73.31,23.244
40.01,-73.26,23.469
40.01,-73.21,23.722
40.01,-73.16,23.963
40.01,-73.11,24.01
40.01,-73.06,23.85
40.01,-73.01,23.53
40.01,-72.96,23.261
40.01,-72.91,23.227
40.01,-72.86,23.42
40.01,-72.81,23.454
40.01,-72.76,23.421
40.01,-72.71,23.484
40.01,-72.66,23.711
40.01,-72.61,23.928
40.01,-72.56,24.153
40.01,-72.51,24.259
40.01,-72.46,24.289
40.01,-72.41,24.059
40.01,-72.36,24.108
40.01,-72.31,24.324
40.01,-72.26,24.485
40.01,-72.21,24.614
40.01,-72.16,24.624
40.01,-72.11,24.454
40.01,-72.06,24.255
40.01,-72.01,24.318
40.01,-71.96,24.484
40.01,-71.91,24.515
40.01,-71.86,24.476
40.01,-71.81,24.408
40.01,-71.76,24.609
40.01,-71.71,24.825
40.01,-71.66,24.943
40.01,-71.61,24.951
40.01,-71.56,25.146
40.01,-71.51,25.179
40.01,-71.46,25.286
40.01,-71.41,25.486
40.01,-71.36,25.725
40.01,-71.31,25.873
40.01,-71.26,25.906
40.01,-71.21,26.041
40.01,-71.16,25.838
40.01,-71.11,25.599
40.01,-71.06,25.645
40.01,-71.01,25.762
40.01,-70.96,25.751
40.01,-70.91,25.692
40.01,-70.86,25.543
40.01,-70.81,25.511
40.01,-70.76,25.696
40.01,-70.71,25.91
40.01,-70.66,25.793
40.01,-70.61,25.66
40.01,-70.56,25.74
40.01,-70.51,25.966
40.01,-70.46,26.014
40.01,-70.41,25.994
40.01,-70.36,25.905
40.01,-70.31,26.072
40.01,-70.26,26.057
40.01,-70.21,25.909
40.01,-70.16,26.342
40.01,-70.11,26.372
40.01,-70.06,26.35
40.01,-70.01,26.429
40.01,-69.96,26.413
40.01,-69.91,26.281
40.01,-69.86,26.283
40.01,-69.81,26.478
40.01,-69.76,26.707
40.01,-69.71,26.869
40.01,-69.66,27.077
40.01,-69.61,27.247
40.01,-69.56,27.322
40.01,-69.51,27.345
40.01,-69.46,27.35
40.01,-69.41,27.313
40.01,-69.36,27.26
40.01,-69.31,27.161
40.01,-69.26,27.046
40.01,-69.21,26.932
40.01,-69.16,26.827
40.01,-69.11,26.737
40.01,-69.06,26.667
40.01,-69.01,26.615
40.06,-74.06,23.758
40.06,-74.01,23.821
40.06,-73.96,23.972
40.06,-73.91,24.054
40.06,-73.86,24.135
40.06,-73.81,23.779
40.06,-73.76,23.314
40.06,-73.71,23.189
40.06,-73.66,23.294
40.06,-73.61,23.389
40.06,-73.56,23.453
40.06,-73.51,23.385
40.06,-73.46,23.329
40.06,-73.41,23.245
40.06,-73.36,23.194
40.06,-73.31,23.295
40.06,-73.26,23.606
40.06,-73.21,23.932
40.06,-73.16,23.969
40.06,-73.11,23.862
40.06,-73.06,23.673
40.06,-73.01,23.401
40.06,-72.96,23.467
40.06,-72.91,23.456
40.06,-72.86,23.393
40.06,-72.81,23.462
40.06,-72.76,23.414
40.06,-72.71,23.441
40.06,-72.66,23.803
40.06,-72.61,24.104
40.06,-72.56,24.222
40.06,-72.51,24.256
40.06,-72.46,24.051
40.06,-72.41,23.916
40.06,-72.36,24.003
40.06,-72.31,24.195
40.06,-72.26,24.421
40.06,-72.21,24.579
40.06,-72.16,24.583
40.06,-72.11,24.422
40.06,-72.06,24.278
40.06,-72.01,24.231
40.06,-71.96,24.246
40.06,-71.91,24.249
40.06,-71.86,24.255
40.06,-71.81,24.335
40.06,-71.76,24.561
40.06,-71.71,24.825
40.06,-71.66,24.942
40.06,-71.61,24.949
40.06,-71.56,25.021
40.06,-71.51,25.19
40.06,-71.46,25.12
40.06,-71.41,24.998
40.06,-71.36,25.237
40.06,-71.31,25.258
40.06,-71.26,25.238
40.06,-71.21,25.316
40.06,-71.16,25.042
40.06,-71.11,24.891
40.06,-71.06,25.134
40.06,-71.01,25.302
40.06,-70.96,25.385
40.06,-70.91,25.381
40.06,-70.86,25.321
40.06,-70.81,25.373
40.06,-70.76,25.451
40.06,-70.71,25.482
40.06,-70.66,25.471
40.06,-70.61,25.588
40.06,-70.56,25.856
40.06,-70.51,25.859
40.06,-70.46,25.984
40.06,-70.41,26.027
40.06,-70.36,25.788
40.06,-70.31,25.712
40.06,-70.26,25.858
40.06,-70.21,25.873
40.06,-70.16,25.933
40.06,-70.11,26.016
40.06,-70.06,26.042
40.06,-70.01,26.258
40.06,-69.96,26.319
40.06,-69.91,26.291
40.06,-69.86,26.228
40.06,-69.81,26.368
40.06,-69.76,26.35
40.06,-69.71,26.353
40.06,-69.66,26.498
40.06,-69.61,26.76
40.06,-69.56,26.894
40.06,-69.51,26.963
40.06,-69.46,27.013
40.06,-69.41,27.038
40.06,-69.36,27.022
40.06,-69.31,26.925
40.06,-69.26,26.812
40.06,-69.21,26.704
40.06,-69.16,26.605
40.06,-69.11,26.521
40.06,-69.06,26.453
40.06,-69.01,26.402
40.11,-74.01,23.448
40.11,-73.96,23.577
40.11,-73.91,23.816
40.11,-73.86,23.689
40.11,-73.81,23.393
40.11,-73.76,23.203
40.11,-73.71,23.272
40.11,-73.66,23.252
40.11,-73.61,23.324
40.11,-73.56,23.354
40.11,-73.51,23.581
40.11,-73.46,23.752
40.11,-73.41,23.369
40.11,-73.36,23.439
40.11,-73.31,23.589
40.11,-73.26,23.695
40.11,-73.21,23.786
40.11,-73.16,23.77
40.11,-73.11,23.618
40.11,-73.06,23.205
40.11,-73.01,23.494
40.11,-72.96,23.513
40.11,-72.91,23.29
40.11,-72.86,23.226
40.11,-72.81,23.219
40.11,-72.76,23.314
40.11,-72.71,23.576
40.11,-72.66,23.922
40.11,-72.61,24.072
40.11,-72.56,24.207
40.11,-72.51,24.063
40.11,-72.46,23.925
40.11,-72.41,23.942
40.11,-72.36,23.994
40.11,-72.31,24.027
40.11,-72.26,24.179
40.11,-72.21,24.204
40.11,-72.16,24.26
40.11,-72.11,24.202
40.11,-72.06,24.109
40.11,-72.01,23.965
40.11,-71.96,24.08
40.11,-71.91,24.104
40.11,-71.86,24.176
40.11,-71.81,24.36
40.11,-71.76,24.579
40.11,-71.71,24.812
40.11,-71.66,24.892
40.11,-71.61,24.89
40.11,-71.56,24.976
40.11,-71.51,24.989
40.11,-71.46,24.867
40.11,-71.41,24.433
40.11,-71.36,24.615
40.11,-71.31,24.913
40.11,-71.26,24.928
40.11,-71.21,24.98
40.11,-71.16,24.975
40.11,-71.11,24.92
40.11,-71.06,24.908
40.11,-71.01,24.99
40.11,-70.96,25.077
40.11,-70.91,25.118
40.11,-70.86,25.137
40.11,-70.81,25.156
40.11,-70.76,25.146
40.11,-70.71,25.136
40.11,-70.66,25.189
40.11,-70.61,25.316
40.11,-70.56,25.47
40.11,-70.51,25.49
40.11,-70.46,25.795
40.11,-70.41,25.922
40.11,-70.36,25.8
40.11,-70.31,25.601
40.11,-70.26,25.505
40.11,-70.21,25.62
40.11,-70.16,25.78
40.11,-70.11,25.811
40.11,-70.06,25.85
40.11,-70.01,25.966
40.11,-69.96,26.076
40.11,-69.91,26.245
40.11,-69.86,26.353
40.11,-69.81,26.379
40.11,-69.76,26.376
40.11,-69.71,26.315
40.11,-69.66,26.244
40.11,-69.61,26.333
40.11,-69.56,26.452
40.11,-69.51,26.535
40.11,-69.46,26.594
40.11,-69.41,26.683
40.11,-69.36,26.655
40.11,-69.31,26.574
40.11,-69.26,26.487
40.11,-69.21,26.401
40.11,-69.16,26.318
40.11,-69.11,26.243
40.11,-69.06,26.18
40.11,-69.01,26.13
40.16,-74.01,23.167
40.16,-73.96,23.322
40.16,-73.91,23.701
40.16,-73.86,23.54
40.16,-73.81,23.369
40.16,-73.76,23.395
40.16,-73.71,23.21
40.16,-73.66,23.287
40.16,-73.61,23.192
40.16,-73.56,23.248
40.16,-73.51,23.589
40.16,-73.46,23.812
40.16,-73.41,23.88
40.16,-73.36,23.97
40.16,-73.31,23.869
40.16,-73.26,23.778
40.16,-73.21,23.625
40.16,-73.16,23.491
40.16,-73.11,23.366
40.16,-73.06,23.216
40.16,-73.01,23.263
40.16,-72.96,23.478
40.16,-72.91,23.531
40.16,-72.86,23.576
40.16,-72.81,23.653
40.16,-72.76,23.698
40.16,-72.71,23.628
40.16,-72.66,23.8
40.16,-72.61,24.07
40.16,-72.56,23.984
40.16,-72.51,23.884
40.16,-72.46,24.089
40.16,-72.41,24.154
40.16,-72.36,24.206
40.16,-72.31,24.141
40.16,-72.26,24.029
40.16,-72.21,23.952
40.16,-72.16,23.903
40.16,-72.11,23.831
40.16,-72.06,23.846
40.16,-72.01,23.869
40.16,-71.96,23.975
40.16,-71.91,24.034
40.16,-71.86,24.146
40.16,-71.81,24.497
40.16,-71.76,24.727
40.16,-71.71,24.846
40.16,-71.66,24.838
40.16,-71.61,24.845
40.16,-71.56,24.818
40.16,-71.51,24.861
40.16,-71.46,24.756
40.16,-71.41,24.455
40.16,-71.36,24.506
40.16,-71.31,24.864
40.16,-71.26,24.986
40.16,-71.21,24.964
40.16,-71.16,24.952
40.16,-71.11,24.991
40.16,-71.06,24.816
40.16,-71.01,24.814
40.16,-70.96,24.882
40.16,-70.91,24.931
40.16,-70.86,24.944
40.16,-70.81,24.93
40.16,-70.76,24.901
40.16,-70.71,24.892
40.16,-70.66,24.933
40.16,-70.61,25.043
40.16,-70.56,25.109
40.16,-70.51,25.228
40.16,-70.46,25.408
40.16,-70.41,25.496
40.16,-70.36,25.595
40.16,-70.31,25.558
40.16,-70.26,25.382
40.16,-70.21,25.346
40.16,-70.16,25.646
40.16,-70.11,25.725
40.16,-70.06,25.832
40.16,-70.01,25.939
40.16,-69.96,25.917
40.16,-69.91,25.979
40.16,-69.86,26.091
40.16,-69.81,26.16
40.16,-69.76,26.169
40.16,-69.71,26.232
40.16,-69.66,26.174
40.16,-69.61,26.177
40.16,-69.56,26.292
40.16,-69.51,26.401
40.16,-69.46,26.325
40.16,-69.41,26.303
40.16,-69.36,26.246
40.16,-69.31,26.14
40.16,-69.26,26.089
40.16,-69.21,26.031
40.16,-69.16,25.969
40.16,-69.11,25.906
40.16,-69.06,25.85
40.16,-69.01,25.801
40.21,-73.96,23.232
40.21,-73.91,23.711
40.21,-73.86,23.799
40.21,-73.81,23.571
40.21,-73.76,23.243
40.21,-73.71,23.23
40.21,-73.66,23.339
40.21,-73.61,23.129
40.21,-73.56,23.084
40.21,-73.51,23.277
40.21,-73.46,23.368
40.21,-73.41,23.417
40.21,-73.36,23.487
40.21,-73.31,23.469
40.21,-73.26,23.391
40.21,-73.21,23.404
40.21,-73.16,23.32
40.21,-73.11,23.507
40.21,-73.06,23.614
40.21,-73.01,23.671
40.21,-72.96,23.46
40.21,-72.91,23.376
40.21,-72.86,23.42
40.21,-72.81,23.504
40.21,-72.76,23.656
40.21,-72.71,23.732
40.21,-72.66,23.932
40.21,-72.61,23.875
40.21,-72.56,23.642
40.21,-72.51,23.683
40.21,-72.46,23.962
40.21,-72.41,24.09
40.21,-72.36,24.072
40.21,-72.31,24.054
40.21,-72.26,24.011
40.21,-72.21,23.943
40.21,-72.16,23.803
40.21,-72.11,23.873
40.21,-72.06,23.932
40.21,-72.01,23.84
40.21,-71.96,23.754
40.21,-71.91,23.828
40.21,-71.86,24.377
40.21,-71.81,24.679
40.21,-71.76,24.732
40.21,-71.71,24.806
40.21,-71.66,24.842
40.21,-71.61,24.9
40.21,-71.56,24.839
40.21,-71.51,24.765
40.21,-71.46,24.762
40.21,-71.41,24.607
40.21,-71.36,24.636
40.21,-71.31,24.887
40.21,-71.26,25.081
40.21,-71.21,24.978
40.21,-71.16,24.935
40.21,-71.11,24.925
40.21,-71.06,24.912
40.21,-71.01,24.779
40.21,-70.96,24.8
40.21,-70.91,24.787
40.21,-70.86,24.772
40.21,-70.81,24.761
40.21,-70.76,24.744
40.21,-70.71,24.71
40.21,-70.66,24.747
40.21,-70.61,25.064
40.21,-70.56,25.084
40.21,-70.51,25.181
40.21,-70.46,25.38
40.21,-70.41,25.373
40.21,-70.36,25.217
40.21,-70.31,25.178
40.21,-70.26,25.234
40.21,-70.21,25.381
40.21,-70.16,25.476
40.21,-70.11,25.57
40.21,-70.06,25.716
40.21,-70.01,25.83
40.21,-69.96,25.826
40.21,-69.91,25.858
40.21,-69.86,25.92
40.21,-69.81,26.077
40.21,-69.76,26.165
40.21,-69.71,26.167
40.21,-69.66,26.082
40.21,-69.61,26.05
40.21,-69.56,26.075
40.21,-69.51,26.087
40.21,-69.46,26.035
40.21,-69.41,25.929
40.21,-69.36,25.83
40.21,-69.31,25.714
40.21,-69.26,25.663
40.21,-69.21,25.614
40.21,-69.16,25.566
40.21,-69.11,25.516
40.21,-69.06,25.467
40.21,-69.01,25.42
40.26,-73.96,23.557
40.26,-73.91,23.911
40.26,-73.86,23.868
40.26,-73.81,23.547
40.26,-73.76,23.176
40.26,-73.71,23.073
40.26,-73.66,23.195
40.26,-73.61,23.004
40.26,-73.56,22.957
40.26,-73.51,23.093
40.26,-73.46,23.336
40.26,-73.41,23.459
40.26,-73.36,23.583
40.26,-73.31,23.68
40.26,-73.26,23.624
40.26,-73.21,23.677
40.26,-73.16,23.622
40.26,-73.11,23.509
40.26,-73.06,23.449
40.26,-73.01,23.421
40.26,-72.96,23.325
40.26,-72.91,23.044
40.26,-72.86,23.019
40.26,-72.81,23.103
40.26,-72.76,23.162
40.26,-72.71,23.378
40.26,-72.66,23.497
40.26,-72.61,23.356
40.26,-72.56,23.28
40.26,-72.51,23.514
40.26,-72.46,23.708
40.26,-72.41,23.929
40.26,-72.36,24.006
40.26,-72.31,24.011
40.26,-72.26,24.029
40.26,-72.21,24.014
40.26,-72.16,24.004
40.26,-72.11,23.916
40.26,-72.06,23.912
40.26,-72.01,23.781
40.26,-71.96,23.644
40.26,-71.91,23.792
40.26,-71.86,24.431
40.26,-71.81,24.628
40.26,-71.76,24.541
40.26,-71.71,24.561
40.26,-71.66,24.663
40.26,-71.61,24.755
40.26,-71.56,24.865
40.26,-71.51,24.885
40.26,-71.46,24.846
40.26,-71.41,24.5
40.26,-71.36,24.563
40.26,-71.31,24.585
40.26,-71.26,24.636
40.26,-71.21,24.768
40.26,-71.16,24.856
40.26,-71.11,24.799
40.26,-71.06,24.74
40.26,-71.01,24.906
40.26,-70.96,24.855
40.26,-70.91,24.709
40.26,-70.86,24.617
40.26,-70.81,24.664
40.26,-70.76,24.67
40.26,-70.71,24.661
40.26,-70.66,24.754
40.26,-70.61,25.004
40.26,-70.56,25.142
40.26,-70.51,25.117
40.26,-70.46,25.22
40.26,-70.41,25.167
40.26,-70.36,25.186
40.26,-70.31,25.435
40.26,-70.26,25.511
40.26,-70.21,25.482
40.26,-70.16,25.455
40.26,-70.11,25.488
40.26,-70.06,25.563
40.26,-70.01,25.657
40.26,-69.96,25.765
40.26,-69.91,25.881
40.26,-69.86,25.976
40.26,-69.81,26.043
40.26,-69.76,26.048
40.26,-69.71,25.994
40.26,-69.66,25.861
40.26,-69.61,25.788
40.26,-69.56,25.766
40.26,-69.51,25.752
40.26,-69.46,25.66
40.26,-69.41,25.534
40.26,-69.36,25.395
40.26,-69.31,25.274
40.26,-69.26,25.196
40.26,-69.21,25.15
40.26,-69.16,25.115
40.26,-69.11,25.078
40.26,-69.06,25.036
40.26,-69.01,24.992
40.31,-73.96,23.752
40.31,-73.91,23.811
40.31,-73.86,23.811
40.31,-73.81,23.686
40.31,-73.76,23.171
40.31,-73.71,23.001
40.31,-73.66,23.008
40.31,-73.61,22.959
40.31,-73.56,22.829
40.31,-73.51,22.923
40.31,-73.46,23.094
40.31,-73.41,23.172
40.31,-73.36,23.256
40.31,-73.31,23.424
40.31,-73.26,23.376
40.31,-73.21,23.238
40.31,-73.16,23.174
40.31,-73.11,23.074
40.31,-73.06,23.053
40.31,-73.01,23.091
40.31,-72.96,22.932
40.31,-72.91,22.796
40.31,-72.86,22.812
40.31,-72.81,22.966
40.31,-72.76,23.005
40.31,-72.71,23.084
40.31,-72.66,23.112
40.31,-72.61,23.145
40.31,-72.56,23.23
40.31,-72.51,23.385
40.31,-72.46,23.718
40.31,-72.41,23.793
40.31,-72.36,23.775
40.31,-72.31,23.731
40.31,-72.26,23.698
40.31,-72.21,23.734
40.31,-72.16,23.693
40.31,-72.11,23.651
40.31,-72.06,23.74
40.31,-72.01,23.635
40.31,-71.96,23.472
40.31,-71.91,23.868
40.31,-71.86,24.239
40.31,-71.81,23.853
40.31,-71.76,23.638
40.31,-71.71,23.921
40.31,-71.66,24.477
40.31,-71.61,24.795
40.31,-71.56,24.884
40.31,-71.51,24.873
40.31,-71.46,24.506
40.31,-71.41,24.09
40.31,-71.36,24.04
40.31,-71.31,24.011
40.31,-71.26,24.138
40.31,-71.21,24.489
40.31,-71.16,24.777
40.31,-71.11,24.728
40.31,-71.06,24.673
40.31,-71.01,24.856
40.31,-70.96,24.906
40.31,-70.91,24.464
40.31,-70.86,24.555
40.31,-70.81,24.662
40.31,-70.76,24.613
40.31,-70.71,24.512
40.31,-70.66,24.433
40.31,-70.61,24.45
40.31,-70.56,24.598
40.31,-70.51,24.753
40.31,-70.46,24.946
40.31,-70.41,25.123
40.31,-70.36,25.294
40.31,-70.31,25.351
40.31,-70.26,25.508
40.31,-70.21,25.503
40.31,-70.16,25.419
40.31,-70.11,25.407
40.31,-70.06,25.451
40.31,-70.01,25.542
40.31,-69.96,25.669
40.31,-69.91,25.79
40.31,-69.86,25.883
40.31,-69.81,25.885
40.31,-69.76,25.803
40.31,-69.71,25.697
40.31,-69.66,25.527
40.31,-69.61,25.409
40.31,-69.56,25.346
40.31,-69.51,25.263
40.31,-69.46,25.136
40.31,-69.41,24.978
40.31,-69.36,24.82
40.31,-69.31,24.701
40.31,-69.26,24.647
40.31,-69.21,24.633
40.31,-69.16,24.621
40.31,-69.11,24.598
40.31,-69.06,24.563
40.31,-69.01,24.523
40.36,-73.96,23.663
40.36,-73.91,23.783
40.36,-73.86,24.025
40.36,-73.81,23.788
40.36,-73.76,23.202
40.36,-73.71,22.99
40.36,-73.66,22.932
40.36,-73.61,22.911
40.36,-73.56,22.898
40.36,-73.51,22.901
40.36,-73.46,22.965
40.36,-73.41,23.123
40.36,-73.36,23.273
40.36,-73.31,23.227
40.36,-73.26,23.171
40.36,-73.21,23.275
40.36,-73.16,23.553
40.36,-73.11,23.385
40.36,-73.06,23.317
40.36,-73.01,23.277
40.36,-72.96,23.143
40.36,-72.91,22.97
40.36,-72.86,22.95
40.36,-72.81,23.077
40.36,-72.76,23.026
40.36,-72.71,23.101
40.36,-72.66,23.206
40.36,-72.61,23.256
40.36,-72.56,23.345
40.36,-72.51,23.491
40.36,-72.46,23.537
40.36,-72.41,23.616
40.36,-72.36,23.606
40.36,-72.31,23.639
40.36,-72.26,23.663
40.36,-72.21,23.613
40.36,-72.16,23.61
40.36,-72.11,23.627
40.36,-72.06,23.695
40.36,-72.01,23.868
40.36,-71.96,24.08
40.36,-71.91,24.342
40.36,-71.86,24.059
40.36,-71.81,23.782
40.36,-71.76,23.609
40.36,-71.71,23.422
40.36,-71.66,23.946
40.36,-71.61,24.668
40.36,-71.56,24.859
40.36,-71.51,24.727
40.36,-71.46,24.203
40.36,-71.41,23.744
40.36,-71.36,23.732
40.36,-71.31,23.55
40.36,-71.26,23.615
40.36,-71.21,24.154
40.36,-71.16,24.748
40.36,-71.11,24.872
40.36,-71.06,24.76
40.36,-71.01,24.467
40.36,-70.96,24.163
40.36,-70.91,24.837
40.36,-70.86,24.85
40.36,-70.81,24.665
40.36,-70.76,24.516
40.36,-70.71,24.355
40.36,-70.66,24.191
40.36,-70.61,24.083
40.36,-70.56,24.184
40.36,-70.51,24.49
40.36,-70.46,24.824
40.36,-70.41,25.079
40.36,-70.36,25.21
40.36,-70.31,25.198
40.36,-70.26,25.209
40.36,-70.21,25.329
40.36,-70.16,25.275
40.36,-70.11,25.256
40.36,-70.06,25.309
40.36,-70.01,25.419
40.36,-69.96,25.548
40.36,-69.91,25.669
40.36,-69.86,25.727
40.36,-69.81,25.683
40.36,-69.76,25.514
40.36,-69.71,25.299
40.36,-69.66,25.071
40.36,-69.61,24.909
40.36,-69.56,24.794
40.36,-69.51,24.667
40.36,-69.46,24.512
40.36,-69.41,24.329
40.36,-69.36,24.126
40.36,-69.31,23.991
40.36,-69.26,24.024
40.36,-69.21,24.078
40.36,-69.16,24.094
40.36,-69.11,24.08
40.36,-69.06,24.052
40.36,-69.01,24.018
40.41,-73.96,23.811
40.41,-73.91,23.825
40.41,-73.86,23.792
40.41,-73.81,23.544
40.41,-73.76,22.98
40.41,-73.71,22.651
40.41,-73.66,22.641
40.41,-73.61,22.774
40.41,-73.56,22.658
40.41,-73.51,22.67
40.41,-73.46,22.918
40.41,-73.41,23.118
40.41,-73.36,23.223
40.41,-73.31,23.232
40.41,-73.26,23.309
40.41,-73.21,23.475
40.41,-73.16,23.526
40.41,-73.11,23.477
40.41,-73.06,23.463
40.41,-73.01,23.429
40.41,-72.96,23.431
40.41,-72.91,23.39
40.41,-72.86,23.265
40.41,-72.81,23.15
40.41,-72.76,23.078
40.41,-72.71,23.087
40.41,-72.66,23.004
40.41,-72.61,23.186
40.41,-72.56,23.397
40.41,-72.51,23.412
40.41,-72.46,23.46
40.41,-72.41,23.458
40.41,-72.36,23.522
40.41,-72.31,23.713
40.41,-72.26,23.701
40.41,-72.21,23.577
40.41,-72.16,23.473
40.41,-72.11,23.494
40.41,-72.06,23.522
40.41,-72.01,23.53
40.41,-71.96,23.635
40.41,-71.91,23.796
40.41,-71.86,23.911
40.41,-71.81,23.737
40.41,-71.76,23.508
40.41,-71.71,23.325
40.41,-71.66,23.593
40.41,-71.61,24.52
40.41,-71.56,24.816
40.41,-71.51,24.798
40.41,-71.46,24.424
40.41,-71.41,24.249
40.41,-71.36,24.295
40.41,-71.31,23.631
40.41,-71.26,23.458
40.41,-71.21,23.9
40.41,-71.16,24.533
40.41,-71.11,24.858
40.41,-71.06,24.885
40.41,-71.01,24.338
40.41,-70.96,24.074
40.41,-70.91,24.648
40.41,-70.86,24.87
40.41,-70.81,24.591
40.41,-70.76,24.409
40.41,-70.71,24.241
40.41,-70.66,24.118
40.41,-70.61,24.072
40.41,-70.56,24.179
40.41,-70.51,24.491
40.41,-70.46,24.83
40.41,-70.41,25.114
40.41,-70.36,25.246
40.41,-70.31,25.401
40.41,-70.26,25.337
40.41,-70.21,25.132
40.41,-70.16,24.984
40.41,-70.11,24.944
40.41,-70.06,25.042
40.41,-70.01,25.206
40.41,-69.96,25.301
40.41,-69.91,25.396
40.41,-69.86,25.457
40.41,-69.81,25.389
40.41,-69.76,25.161
40.41,-69.71,24.86
40.41,-69.66,24.563
40.41,-69.61,24.327
40.41,-69.56,24.149
40.41,-69.51,23.999
40.41,-69.46,23.844
40.41,-69.41,23.664
40.41,-69.36,23.451
40.41,-69.31,23.362
40.41,-69.26,23.471
40.41,-69.21,23.533
40.41,-69.16,23.543
40.41,-69.11,23.528
40.41,-69.06,23.506
40.41,-69.01,23.482
40.46,-74.21,24.356
40.46,-74.16,24.384
40.46,-74.11,24.386
40.46,-74.06,24.277
40.46,-74.01,24.09
40.46,-73.96,23.868
40.46,-73.91,23.83
40.46,-73.86,23.658
40.46,-73.81,23.364
40.46,-73.76,22.846
40.46,-73.71,22.88
40.46,-73.66,22.776
40.46,-73.61,22.817
40.46,-73.56,22.973
40.46,-73.51,22.799
40.46,-73.46,22.718
40.46,-73.41,22.936
40.46,-73.36,23.066
40.46,-73.31,23.104
40.46,-73.26,23.118
40.46,-73.21,23.062
40.46,-73.16,23.136
40.46,-73.11,23.221
40.46,-73.06,23.309
40.46,-73.01,23.36
40.46,-72.96,23.51
40.46,-72.91,23.482
40.46,-72.86,23.375
40.46,-72.81,23.378
40.46,-72.76,23.45
40.46,-72.71,23.269
40.46,-72.66,23.092
40.46,-72.61,23.139
40.46,-72.56,23.247
40.46,-72.51,23.369
40.46,-72.46,23.431
40.46,-72.41,23.384
40.46,-72.36,23.365
40.46,-72.31,23.409
40.46,-72.26,23.387
40.46,-72.21,23.457
40.46,-72.16,23.373
40.46,-72.11,23.344
40.46,-72.06,23.402
40.46,-72.01,23.543
40.46,-71.96,23.405
40.46,-71.91,23.293
40.46,-71.86,23.342
40.46,-71.81,23.388
40.46,-71.76,23.465
40.46,-71.71,23.376
40.46,-71.66,23.818
40.46,-71.61,24.562
40.46,-71.56,24.88
40.46,-71.51,24.892
40.46,-71.46,24.75
40.46,-71.41,24.66
40.46,-71.36,24.449
40.46,-71.31,23.673
40.46,-71.26,23.445
40.46,-71.21,23.676
40.46,-71.16,24.247
40.46,-71.11,24.732
40.46,-71.06,24.855
40.46,-71.01,24.547
40.46,-70.96,24.319
40.46,-70.91,24.454
40.46,-70.86,24.593
40.46,-70.81,24.477
40.46,-70.76,24.271
40.46,-70.71,24.106
40.46,-70.66,24.04
40.46,-70.61,24.119
40.46,-70.56,24.325
40.46,-70.51,24.734
40.46,-70.46,25.026
40.46,-70.41,25.132
40.46,-70.36,25.211
40.46,-70.31,25.314
40.46,-70.26,25.062
40.46,-70.21,24.787
40.46,-70.16,24.507
40.46,-70.11,24.431
40.46,-70.06,24.545
40.46,-70.01,24.688
40.46,-69.96,24.805
40.46,-69.91,24.896
40.46,-69.86,24.941
40.46,-69.81,24.866
40.46,-69.76,24.644
40.46,-69.71,24.339
40.46,-69.66,24.02
40.46,-69.61,23.738
40.46,-69.56,23.51
40.46,-69.51,23.329
40.46,-69.46,23.174
40.46,-69.41,23.03
40.46,-69.36,22.921
40.46,-69.31,22.893
40.46,-69.26,22.946
40.46,-69.21,22.955
40.46,-69.16,22.947
40.46,-69.11,22.936
40.46,-69.06,22.926
40.46,-69.01,22.917
40.51,-74.26,24.261
40.51,-74.16,24.34
40.51,-74.11,24.311
40.51,-74.06,24.143
40.51,-74.01,24.11
40.51,-73.96,23.999
40.51,-73.91,23.821
40.51,-73.86,23.583
40.51,-73.81,23.408
40.51,-73.76,23.007
40.51,-73.71,23.192
40.51,-73.66,23.365
40.51,-73.61,23.429
40.51,-73.56,23.56
40.51,-73.51,23.447
40.51,-73.46,22.682
40.51,-73.41,22.568
40.51,-73.36,22.504
40.51,-73.31,22.466
40.51,-73.26,22.484
40.51,-73.21,22.654
40.51,-73.16,22.723
40.51,-73.11,22.763
40.51,-73.06,22.668
40.51,-73.01,22.674
40.51,-72.96,23.13
40.51,-72.91,23.272
40.51,-72.86,23.191
40.51,-72.81,23.314
40.51,-72.76,23.284
40.51,-72.71,23.297
40.51,-72.66,23.221
40.51,-72.61,23.202
40.51,-72.56,23.291
40.51,-72.51,23.257
40.51,-72.46,23.257
40.51,-72.41,23.2
40.51,-72.36,23.271
40.51,-72.31,23.242
40.51,-72.26,23.188
40.51,-72.21,23.191
40.51,-72.16,23.164
40.51,-72.11,23.084
40.51,-72.06,23.287
40.51,-72.01,23.444
40.51,-71.96,23.586
40.51,-71.91,23.658
40.51,-71.86,23.669
40.51,-71.81,23.835
40.51,-71.76,23.884
40.51,-71.71,23.648
40.51,-71.66,23.769
40.51,-71.61,24.047
40.51,-71.56,24.466
40.51,-71.51,24.713
40.51,-71.46,24.807
40.51,-71.41,24.723
40.51,-71.36,24.171
40.51,-71.31,23.583
40.51,-71.26,23.527
40.51,-71.21,23.613
40.51,-71.16,23.864
40.51,-71.11,24.347
40.51,-71.06,24.649
40.51,-71.01,24.702
40.51,-70.96,24.863
40.51,-70.91,24.586
40.51,-70.86,24.443
40.51,-70.81,24.304
40.51,-70.76,24.132
40.51,-70.71,23.958
40.51,-70.66,23.925
40.51,-70.61,24.127
40.51,-70.56,24.571
40.51,-70.51,24.834
40.51,-70.46,24.987
40.51,-70.41,25.025
40.51,-70.36,25.019
40.51,-70.31,24.999
40.51,-70.26,24.615
40.51,-70.21,24.132
40.51,-70.16,23.912
40.51,-70.11,23.854
40.51,-70.06,23.916
40.51,-70.01,24.03
40.51,-69.96,24.145
40.51,-69.91,24.233
40.51,-69.86,24.265
40.51,-69.81,24.207
40.51,-69.76,24.031
40.51,-69.71,23.768
40.51,-69.66,23.456
40.51,-69.61,23.151
40.51,-69.56,22.887
40.51,-69.51,22.668
40.51,-69.46,22.496
40.51,-69.41,22.373
40.51,-69.36,22.301
40.51,-69.31,22.277
40.51,-69.26,22.28
40.51,-69.21,22.288
40.51,-69.16,22.298
40.51,-69.11,22.309
40.51,-69.06,22.32
40.51,-69.01,22.334
40.56,-74.21,24.209
40.56,-74.06,24.036
40.56,-74.01,23.992
40.56,-73.96,24.006
40.56,-73.86,23.553
40.56,-73.81,23.678
40.56,-73.76,23.75
40.56,-73.71,23.699
40.56,-73.66,23.762
40.56,-73.61,23.925
40.56,-73.56,23.751
40.56,-73.51,23.177
40.56,-73.46,23.049
40.56,-73.41,22.862
40.56,-73.36,22.699
40.56,-73.31,22.479
40.56,-73.26,22.438
40.56,-73.21,22.392
40.56,-73.16,22.48
40.56,-73.11,22.431
40.56,-73.06,22.404
40.56,-73.01,22.492
40.56,-72.96,22.538
40.56,-72.91,23.021
40.56,-72.86,23.208
40.56,-72.81,23.04
40.56,-72.76,22.799
40.56,-72.71,22.892
40.56,-72.66,23.149
40.56,-72.61,23.222
40.56,-72.56,23.21
40.56,-72.51,23.254
40.56,-72.46,23.237
40.56,-72.41,23.167
40.56,-72.36,23.073
40.56,-72.31,22.92
40.56,-72.26,22.808
40.56,-72.21,22.833
40.56,-72.16,22.904
40.56,-72.11,22.938
40.56,-72.06,23.037
40.56,-72.01,23.288
40.56,-71.96,23.741
40.56,-71.91,24.121
40.56,-71.86,24.062
40.56,-71.81,23.848
40.56,-71.76,24.005
40.56,-71.71,24.133
40.56,-71.66,23.819
40.56,-71.61,23.601
40.56,-71.56,23.606
40.56,-71.51,23.954
40.56,-71.46,24.176
40.56,-71.41,24.275
40.56,-71.36,24.004
40.56,-71.31,23.774
40.56,-71.26,23.582
40.56,-71.21,23.587
40.56,-71.16,23.893
40.56,-71.11,24.317
40.56,-71.06,24.492
40.56,-71.01,24.611
40.56,-70.96,24.82
40.56,-70.91,24.616
40.56,-70.86,24.358
40.56,-70.81,24.151
40.56,-70.76,24.012
40.56,-70.71,23.989
40.56,-70.66,23.715
40.56,-70.61,23.877
40.56,-70.56,24.189
40.56,-70.51,24.597
40.56,-70.46,24.781
40.56,-70.41,24.964
40.56,-70.36,24.941
40.56,-70.31,24.496
40.56,-70.26,23.46
40.56,-70.21,23.028
40.56,-70.16,23.112
40.56,-70.11,23.173
40.56,-70.06,23.267
40.56,-70.01,23.378
40.56,-69.96,23.481
40.56,-69.91,23.556
40.56,-69.86,23.587
40.56,-69.81,23.571
40.56,-69.76,23.491
40.56,-69.71,23.235
40.56,-69.66,22.873
40.56,-69.61,22.531
40.56,-69.56,22.232
40.56,-69.51,21.982
40.56,-69.46,21.79
40.56,-69.41,21.664
40.56,-69.36,21.595
40.56,-69.31,21.569
40.56,-69.26,21.571
40.56,-69.21,21.591
40.56,-69.16,21.624
40.56,-69.11,21.663
40.56,-69.06,21.704
40.56,-69.01,21.748
40.61,-73.86,23.73
40.61,-73.81,23.775
40.61,-73.71,23.849
40.61,-73.66,23.86
40.61,-73.61,23.789
40.61,-73.56,23.559
40.61,-73.51,23.24
40.61,-73.41,23.105
40.61,-73.36,23.079
40.61,-73.31,22.754
40.61,-73.26,22.417
40.61,-73.21,22.346
40.61,-73.16,22.342
40.61,-73.11,22.28
40.61,-73.06,22.298
40.61,-73.01,22.392
40.61,-72.96,22.489
40.61,-72.91,22.654
40.61,-72.86,22.841
40.61,-72.81,22.715
40.61,-72.76,22.491
40.61,-72.71,22.713
40.61,-72.66,22.869
40.61,-72.61,22.736
40.61,-72.56,22.63
40.61,-72.51,22.674
40.61,-72.46,22.657
40.61,-72.41,23.009
40.61,-72.36,23.014
40.61,-72.31,22.853
40.61,-72.26,22.693
40.61,-72.21,22.668
40.61,-72.16,22.7
40.61,-72.11,22.775
40.61,-72.06,23.034
40.61,-72.01,23.392
40.61,-71.96,23.603
40.61,-71.91,23.258
40.61,-71.86,23.139
40.61,-71.81,22.914
40.61,-71.76,22.923
40.61,-71.71,23.824
40.61,-71.66,24.177
40.61,-71.61,23.956
40.61,-71.56,23.746
40.61,-71.51,23.64
40.61,-71.46,23.748
40.61,-71.41,23.884
40.61,-71.36,23.805
40.61,-71.31,23.601
40.61,-71.26,23.321
40.61,-71.21,23.51
40.61,-71.16,23.651
40.61,-71.11,24.077
40.61,-71.06,24.326
40.61,-71.01,24.514
40.61,-70.96,24.747
40.61,-70.91,24.431
40.61,-70.86,24.11
40.61,-70.81,23.904
40.61,-70.76,23.769
40.61,-70.71,23.677
40.61,-70.66,23.672
40.61,-70.61,24.005
40.61,-70.56,24.531
40.61,-70.51,24.856
40.61,-70.46,25.01
40.61,-70.41,24.974
40.61,-70.36,24.74
40.61,-70.31,23.809
40.61,-70.26,23.028
40.61,-70.21,22.591
40.61,-70.16,22.472
40.61,-70.11,22.566
40.61,-70.06,22.696
40.61,-70.01,22.806
40.61,-69.96,22.891
40.61,-69.91,22.945
40.61,-69.86,22.963
40.61,-69.81,22.939
40.61,-69.76,22.85
40.61,-69.71,22.601
40.61,-69.66,22.221
40.61,-69.61,21.854
40.61,-69.56,21.53
40.61,-69.51,21.26
40.61,-69.46,21.056
40.61,-69.41,20.924
40.61,-69.36,20.852
40.61,-69.31,20.83
40.61,-69.26,20.846
40.61,-69.21,20.891
40.61,-69.16,20.952
40.61,-69.11,21.022
40.61,-69.06,21.097
40.61,-69.01,21.176
40.66,-74.06,23.931
40.66,-73.36,23.042
40.66,-73.31,22.82
40.66,-73.26,22.605
40.66,-73.21,22.49
40.66,-73.16,22.422
40.66,-73.06,22.39
40.66,-73.01,22.483
40.66,-72.96,22.465
40.66,-72.91,22.459
40.66,-72.86,22.542
40.66,-72.81,22.533
40.66,-72.76,22.463
40.66,-72.71,22.466
40.66,-72.66,22.461
40.66,-72.61,22.381
40.66,-72.56,22.36
40.66,-72.51,22.399
40.66,-72.46,22.452
40.66,-72.41,22.507
40.66,-72.36,22.494
40.66,-72.31,22.56
40.66,-72.26,22.487
40.66,-72.21,22.536
40.66,-72.16,22.607
40.66,-72.11,22.834
40.66,-72.06,23.277
40.66,-72.01,23.387
40.66,-71.96,22.986
40.66,-71.91,22.823
40.66,-71.86,22.821
40.66,-71.81,22.893
40.66,-71.76,22.983
40.66,-71.71,23.663
40.66,-71.66,24.018
40.66,-71.61,24.006
40.66,-71.56,24.016
40.66,-71.51,23.859
40.66,-71.46,23.917
40.66,-71.41,23.834
40.66,-71.36,23.696
40.66,-71.31,23.514
40.66,-71.26,23.492
40.66,-71.21,23.55
40.66,-71.16,23.722
40.66,-71.11,23.872
40.66,-71.06,24.218
40.66,-71.01,24.621
40.66,-70.96,24.315
40.66,-70.91,23.992
40.66,-70.86,23.686
40.66,-70.81,23.55
40.66,-70.76,23.491
40.66,-70.71,23.487
40.66,-70.66,23.546
40.66,-70.61,24.317
40.66,-70.56,24.91
40.66,-70.51,24.72
40.66,-70.46,24.603
40.66,-70.41,24.432
40.66,-70.36,23.967
40.66,-70.31,23.313
40.66,-70.26,22.744
40.66,-70.21,22.304
40.66,-70.16,22.166
40.66,-70.11,22.217
40.66,-70.06,22.301
40.66,-70.01,22.367
40.66,-69.96,22.416
40.66,-69.91,22.439
40.66,-69.86,22.42
40.66,-69.81,22.335
40.66,-69.76,22.156
40.66,-69.71,21.869
40.66,-69.66,21.503
40.66,-69.61,21.127
40.66,-69.56,20.788
40.66,-69.51,20.509
40.66,-69.46,20.304
40.66,-69.41,20.178
40.66,-69.36,20.118
40.66,-69.31,20.111
40.66,-69.26,20.148
40.66,-69.21,20.218
40.66,-69.16,20.308
40.66,-69.11,20.411
40.66,-69.06,20.521
40.66,-69.01,20.635
40.71,-74.11,23.897
40.71,-73.11,22.509
40.71,-73.06,22.504
40.71,-73.01,22.513
40.71,-72.91,22.383
40.71,-72.86,22.384
40.71,-72.81,22.363
40.71,-72.76,22.287
40.71,-72.71,22.266
40.71,-72.66,22.285
40.71,-72.61,22.281
40.71,-72.56,22.266
40.71,-72.51,22.243
40.71,-72.46,22.227
40.71,-72.41,22.194
40.71,-72.36,22.206
40.71,-72.31,22.329
40.71,-72.26,22.422
40.71,-72.21,22.435
40.71,-72.16,22.51
40.71,-72.11,22.622
40.71,-72.06,22.867
40.71,-72.01,22.687
40.71,-71.96,22.499
40.71,-71.91,22.415
40.71,-71.86,22.602
40.71,-71.81,22.803
40.71,-71.76,22.887
40.71,-71.71,23.447
40.71,-71.66,23.947
40.71,-71.61,24.136
40.71,-71.56,24.022
40.71,-71.51,23.889
40.71,-71.46,23.767
40.71,-71.41,23.659
40.71,-71.36,23.54
40.71,-71.31,23.648
40.71,-71.26,23.759
40.71,-71.21,23.846
40.71,-71.16,23.862
40.71,-71.11,23.958
40.71,-71.06,24.339
40.71,-71.01,24.445
40.71,-70.96,24.105
40.71,-70.91,23.687
40.71,-70.86,23.31
40.71,-70.81,23.274
40.71,-70.76,23.291
40.71,-70.71,23.372
40.71,-70.66,23.643
40.71,-70.61,24.096
40.71,-70.56,24.457
40.71,-70.51,24.292
40.71,-70.46,24.07
40.71,-70.41,23.718
40.71,-70.36,23.473
40.71,-70.31,23.127
40.71,-70.26,22.745
40.71,-70.21,22.342
40.71,-70.16,22.153
40.71,-70.11,22.069
40.71,-70.06,22.045
40.71,-70.01,22.033
40.71,-69.96,22.027
40.71,-69.91,22.009
40.71,-69.86,21.952
40.71,-69.81,21.842
40.71,-69.76,21.625
40.71,-69.71,21.264
40.71,-69.66,20.821
40.71,-69.61,20.399
40.71,-69.56,20.041
40.71,-69.51,19.764
40.71,-69.46,19.571
40.71,-69.41,19.462
40.71,-69.36,19.423
40.71,-69.31,19.44
40.71,-69.26,19.503
40.71,-69.21,19.599
40.71,-69.16,19.72
40.71,-69.11,19.856
40.71,-69.06,19.999
40.71,-69.01,20.146
40.76,-74.01,23.775
40.76,-72.81,22.371
40.76,-72.71,22.254
40.76,-72.66,22.276
40.76,-72.61,22.262
40.76,-72.56,22.22
40.76,-72.51,22.183
40.76,-72.46,22.112
40.76,-72.41,22.038
40.76,-72.36,22.042
40.76,-72.31,22.13
40.76,-72.26,22.354
40.76,-72.21,22.539
40.76,-72.16,22.597
40.76,-72.11,22.5
40.76,-72.06,22.383
40.76,-72.01,22.33
40.76,-71.96,22.381
40.76,-71.91,22.299
40.76,-71.86,22.638
40.76,-71.81,22.976
40.76,-71.76,23.07
40.76,-71.71,23.427
40.76,-71.66,23.721
40.76,-71.61,23.958
40.76,-71.56,23.915
40.76,-71.51,23.851
40.76,-71.46,23.827
40.76,-71.41,23.695
40.76,-71.36,23.628
40.76,-71.31,23.753
40.76,-71.26,23.807
40.76,-71.21,24.028
40.76,-71.16,24.198
40.76,-71.11,24.448
40.76,-71.06,24.376
40.76,-71.01,24.203
40.76,-70.96,23.828
40.76,-70.91,23.306
40.76,-70.86,23.196
40.76,-70.81,23.37
40.76,-70.76,23.361
40.76,-70.71,23.279
40.76,-70.66,23.576
40.76,-70.61,23.689
40.76,-70.56,23.27
40.76,-70.51,23.364
40.76,-70.46,23.243
40.76,-70.41,23.778
40.76,-70.36,23.593
40.76,-70.31,23.202
40.76,-70.26,23.168
40.76,-70.21,22.663
40.76,-70.16,22.254
40.76,-70.11,22.005
40.76,-70.06,21.849
40.76,-70.01,21.75
40.76,-69.96,21.682
40.76,-69.91,21.621
40.76,-69.86,21.525
40.76,-69.81,21.468
40.76,-69.76,21.237
40.76,-69.71,20.763
40.76,-69.66,20.187
40.76,-69.61,19.7
40.76,-69.56,19.327
40.76,-69.51,19.063
40.76,-69.46,18.896
40.76,-69.41,18.814
40.76,-69.36,18.801
40.76,-69.31,18.846
40.76,-69.26,18.937
40.76,-69.21,19.063
40.76,-69.16,19.215
40.76,-69.11,19.381
40.76,-69.06,19.554
40.76,-69.01,19.728
40.81,-73.86,23.596
40.81,-73.81,23.514
40.81,-73.71,23.625
40.81,-72.56,22.281
40.81,-72.51,22.173
40.81,-72.46,22.154
40.81,-72.41,22.042
40.81,-72.36,22.008
40.81,-72.31,22.006
40.81,-72.26,22.065
40.81,-72.21,22.196
40.81,-72.16,22.263
40.81,-72.11,22.219
40.81,-72.06,22.139
40.81,-72.01,22.191
40.81,-71.96,22.175
40.81,-71.91,22.181
40.81,-71.86,22.454
40.81,-71.81,22.802
40.81,-71.76,22.842
40.81,-71.71,22.857
40.81,-71.66,23.124
40.81,-71.61,23.408
40.81,-71.56,23.513
40.81,-71.51,23.605
40.81,-71.46,23.671
40.81,-71.41,23.698
40.81,-71.36,23.557
40.81,-71.31,23.415
40.81,-71.26,23.521
40.81,-71.21,23.769
40.81,-71.16,24.081
40.81,-71.11,24.194
40.81,-71.06,24.139
40.81,-71.01,24.055
40.81,-70.96,23.814
40.81,-70.91,23.513
40.81,-70.86,23.514
40.81,-70.81,23.59
40.81,-70.76,23.54
40.81,-70.71,23.343
40.81,-70.66,23.691
40.81,-70.61,23.899
40.81,-70.56,23.51
40.81,-70.51,23.167
40.81,-70.46,22.947
40.81,-70.41,23.209
40.81,-70.36,23.041
40.81,-70.31,22.924
40.81,-70.26,22.868
40.81,-70.21,22.57
40.81,-70.16,22.2
40.81,-70.11,21.885
40.81,-70.06,21.645
40.81,-70.01,21.466
40.81,-69.96,21.332
40.81,-69.91,21.217
40.81,-69.86,21.102
40.81,-69.81,20.928
40.81,-69.76,20.602
40.81,-69.71,20.113
40.81,-69.66,19.549
40.81,-69.61,19.036
40.81,-69.56,18.662
40.81,-69.51,18.451
40.81,-69.46,18.331
40.81,-69.41,18.278
40.81,-69.36,18.289
40.81,-69.31,18.36
40.81,-69.26,18.48
40.81,-69.21,18.637
40.81,-69.16,18.819
40.81,-69.11,19.012
40.81,-69.06,19.207
40.81,-69.01,19.401
40.86,-73.81,23.61
40.86,-73.76,23.667
40.86,-73.66,23.693
40.86,-72.46,22.27
40.86,-72.41,22.168
40.86,-72.36,22.105
40.86,-72.31,22.026
40.86,-72.26,21.927
40.86,-72.21,21.949
40.86,-72.16,22.024
40.86,-72.11,22.015
40.86,-72.06,22.051
40.86,-72.01,22.046
40.86,-71.96,22.006
40.86,-71.91,22.092
40.86,-71.86,22.369
40.86,-71.81,22.813
40.86,-71.76,22.825
40.86,-71.71,22.611
40.86,-71.66,22.685
40.86,-71.61,22.745
40.86,-71.56,23.206
40.86,-71.51,23.466
40.86,-71.46,23.733
40.86,-71.41,23.62
40.86,-71.36,23.442
40.86,-71.31,23.267
40.86,-71.26,23.079
40.86,-71.21,23.235
40.86,-71.16,23.66
40.86,-71.11,23.789
40.86,-71.06,23.803
40.86,-71.01,23.78
40.86,-70.96,23.888
40.86,-70.91,23.906
40.86,-70.86,23.949
40.86,-70.81,23.917
40.86,-70.76,23.814
40.86,-70.71,23.801
40.86,-70.66,23.806
40.86,-70.61,23.816
40.86,-70.56,23.695
40.86,-70.51,23.467
40.86,-70.46,23.232
40.86,-70.41,23.04
40.86,-70.36,22.87
40.86,-70.31,22.912
40.86,-70.26,22.711
40.86,-70.21,22.38
40.86,-70.16,22.014
40.86,-70.11,21.68
40.86,-70.06,21.391
40.86,-70.01,21.152
40.86,-69.96,20.949
40.86,-69.91,20.759
40.86,-69.86,20.543
40.86,-69.81,20.269
40.86,-69.76,19.909
40.86,-69.71,19.472
40.86,-69.66,18.993
40.86,-69.61,18.516
40.86,-69.56,18.157
40.86,-69.51,18.006
40.86,-69.46,17.917
40.86,-69.41,17.885
40.86,-69.36,17.915
40.86,-69.31,18.008
40.86,-69.26,18.152
40.86,-69.21,18.335
40.86,-69.16,18.542
40.86,-69.11,18.757
40.86,-69.06,18.967
40.86,-69.01,19.171
40.91,-73.76,23.703
40.91,-73.71,23.712
40.91,-73.66,23.702
40.91,-73.61,23.694
40.91,-73.51,23.608
40.91,-73.41,23.561
40.91,-73.36,23.544
40.91,-72.61,22.912
40.91,-72.51,22.704
40.91,-72.46,22.594
40.91,-72.26,22.116
40.91,-72.21,22.052
40.91,-72.16,22.029
40.91,-72.11,22.019
40.91,-72.06,22.06
40.91,-72.01,22.007
40.91,-71.96,21.934
40.91,-71.91,22.102
40.91,-71.86,22.399
40.91,-71.81,22.659
40.91,-71.76,22.733
40.91,-71.71,22.741
40.91,-71.66,22.616
40.91,-71.61,22.557
40.91,-71.56,22.82
40.91,-71.51,23.466
40.91,-71.46,23.619
40.91,-71.41,23.593
40.91,-71.36,23.447
40.91,-71.31,22.909
40.91,-71.26,22.848
40.91,-71.21,23.308
40.91,-71.16,23.624
40.91,-71.11,23.741
40.91,-71.06,23.714
40.91,-71.01,23.864
40.91,-70.96,23.951
40.91,-70.91,23.973
40.91,-70.86,23.973
40.91,-70.81,23.953
40.91,-70.76,24.097
40.91,-70.71,24.02
40.91,-70.66,23.883
40.91,-70.61,23.841
40.91,-70.56,23.839
40.91,-70.51,23.837
40.91,-70.46,23.356
40.91,-70.41,23.14
40.91,-70.36,23.148
40.91,-70.31,23.02
40.91,-70.26,22.671
40.91,-70.21,22.226
40.91,-70.16,21.794
40.91,-70.11,21.398
40.91,-70.06,21.059
40.91,-70.01,20.795
40.91,-69.96,20.568
40.91,-69.91,20.287
40.91,-69.86,20.004
40.91,-69.81,19.707
40.91,-69.76,19.371
40.91,-69.71,19.003
40.91,-69.66,18.621
40.91,-69.61,18.259
40.91,-69.56,17.967
40.91,-69.51,17.777
40.91,-69.46,17.676
40.91,-69.41,17.65
40.91,-69.36,17.693
40.91,-69.31,17.798
40.91,-69.26,17.959
40.91,-69.21,18.159
40.91,-69.16,18.383
40.91,-69.11,18.611
40.91,-69.06,18.829
40.91,-69.01,19.037
40.96,-73.66,23.73
40.96,-73.61,23.765
40.96,-73.56,23.653
40.96,-73.51,23.57
40.96,-73.46,23.602
40.96,-73.41,23.635
40.96,-73.36,23.626
40.96,-73.31,23.642
40.96,-73.26,23.673
40.96,-73.21,23.521
40.96,-73.16,23.416
40.96,-72.51,23.043
40.96,-72.46,22.94
40.96,-72.41,22.842
40.96,-72.11,22.127
40.96,-72.06,22.003
40.96,-72.01,22.104
40.96,-71.96,22.014
40.96,-71.91,21.966
40.96,-71.86,22.051
40.96,-71.81,22.231
40.96,-71.76,22.352
40.96,-71.71,22.269
40.96,-71.66,22.153
40.96,-71.61,22.184
40.96,-71.56,22.389
40.96,-71.51,22.573
40.96,-71.46,22.799
40.96,-71.41,23.078
40.96,-71.36,23.224
40.96,-71.31,22.912
40.96,-71.26,22.609
40.96,-71.21,22.696
40.96,-71.16,23.342
40.96,-71.11,23.469
40.96,-71.06,23.265
40.96,-71.01,23.299
40.96,-70.96,23.86
40.96,-70.91,24.038
40.96,-70.86,23.926
40.96,-70.81,23.967
40.96,-70.76,23.923
40.96,-70.71,23.698
40.96,-70.66,23.685
40.96,-70.61,23.725
40.96,-70.56,23.788
40.96,-70.51,23.761
40.96,-70.46,23.504
40.96,-70.41,23.158
40.96,-70.36,23.236
40.96,-70.31,22.978
40.96,-70.26,22.517
40.96,-70.21,22.018
40.96,-70.16,21.528
40.96,-70.11,21.063
40.96,-70.06,20.61
40.96,-70.01,20.397
40.96,-69.96,20.196
40.96,-69.91,19.791
40.96,-69.86,19.531
40.96,-69.81,19.265
40.96,-69.76,18.983
40.96,-69.71,18.687
40.96,-69.66,18.39
40.96,-69.61,18.113
40.96,-69.56,17.877
40.96,-69.51,17.699
40.96,-69.46,17.596
40.96,-69.41,17.578
40.96,-69.36,17.63
40.96,-69.31,17.742
40.96,-69.26,17.909
40.96,-69.21,18.114
40.96,-69.16,18.34
40.96,-69.11,18.569
40.96,-69.06,18.788
40.96,-69.01,18.993
41.01,-73.61,23.563
41.01,-73.56,23.511
41.01,-73.51,23.5
41.01,-73.46,23.624
41.01,-73.41,23.706
41.01,-73.36,23.673
41.01,-73.31,23.669
41.01,-73.26,23.669
41.01,-73.21,23.654
41.01,-73.16,23.535
41.01,-73.11,23.473
41.01,-73.06,23.401
41.01,-73.01,23.24
41.01,-72.96,23.277
41.01,-72.91,23.223
41.01,-72.86,23.291
41.01,-72.81,23.466
41.01,-72.76,23.658
41.01,-72.71,23.614
41.01,-72.66,23.454
41.01,-72.61,23.465
41.01,-72.41,23.124
41.01,-72.36,23.049
41.01,-72.11,22.467
41.01,-71.96,22.207
41.01,-71.91,22.128
41.01,-71.86,21.961
41.01,-71.81,21.966
41.01,-71.76,22.002
41.01,-71.71,21.984
41.01,-71.66,21.992
41.01,-71.61,21.995
41.01,-71.56,22.035
41.01,-71.51,22.054
41.01,-71.46,22.063
41.01,-71.41,22.107
41.01,-71.36,22.232
41.01,-71.31,22.337
41.01,-71.26,22.333
41.01,-71.21,22.556
41.01,-71.16,22.79
41.01,-71.11,22.556
41.01,-71.06,22.532
41.01,-71.01,22.797
41.01,-70.96,23.192
41.01,-70.91,23.488
41.01,-70.86,23.524
41.01,-70.81,23.177
41.01,-70.76,23.004
41.01,-70.71,23.184
41.01,-70.66,23.305
41.01,-70.61,23.418
41.01,-70.56,23.542
41.01,-70.51,23.704
41.01,-70.46,23.61
41.01,-70.41,23.273
41.01,-70.36,23.056
41.01,-70.31,22.673
41.01,-70.26,22.193
41.01,-70.21,21.702
41.01,-70.16,21.228
41.01,-70.11,20.773
41.01,-70.06,20.427
41.01,-70.01,20.325
41.01,-69.96,20.184
41.01,-69.91,19.601
41.01,-69.86,19.248
41.01,-69.81,18.958
41.01,-69.76,18.717
41.01,-69.71,18.488
41.01,-69.66,18.257
41.01,-69.61,18.044
41.01,-69.56,17.864
41.01,-69.51,17.73
41.01,-69.46,17.661
41.01,-69.41,17.663
41.01,-69.36,17.727
41.01,-69.31,17.843
41.01,-69.26,18.005
41.01,-69.21,18.2
41.01,-69.16,18.413
41.01,-69.11,18.63
41.01,-69.06,18.839
41.01,-69.01,19.036
41.06,-73.41,23.564
41.06,-73.36,23.558
41.06,-73.31,23.62
41.06,-73.26,23.614
41.06,-73.21,23.652
41.06,-73.16,23.598
41.06,-73.11,23.521
41.06,-73.06,23.377
41.06,-73.01,23.379
41.06,-72.96,23.428
41.06,-72.91,23.486
41.06,-72.86,23.52
41.06,-72.81,23.615
41.06,-72.76,23.628
41.06,-72.71,23.648
41.06,-72.66,23.544
41.06,-72.61,23.57
41.06,-72.56,23.641
41.06,-72.51,23.627
41.06,-72.41,23.259
41.06,-72.26,23.423
41.06,-72.21,23.436
41.06,-72.16,23.411
41.06,-72.11,22.978
41.06,-72.06,22.138
41.06,-72.01,22.107
41.06,-71.96,22.057
41.06,-71.86,21.914
41.06,-71.81,21.808
41.06,-71.76,21.798
41.06,-71.71,21.85
41.06,-71.66,21.842
41.06,-71.61,21.85
41.06,-71.56,21.866
41.06,-71.51,21.873
41.06,-71.46,21.875
41.06,-71.41,21.898
41.06,-71.36,22.008
41.06,-71.31,22.245
41.06,-71.26,22.402
41.06,-71.21,22.534
41.06,-71.16,22.445
41.06,-71.11,22.437
41.06,-71.06,22.28
41.06,-71.01,22.188
41.06,-70.96,22.264
41.06,-70.91,22.355
41.06,-70.86,22.456
41.06,-70.81,22.568
41.06,-70.76,22.633
41.06,-70.71,22.743
41.06,-70.66,22.869
41.06,-70.61,22.975
41.06,-70.56,23.063
41.06,-70.51,23.102
41.06,-70.46,23.04
41.06,-70.41,22.875
41.06,-70.36,22.624
41.06,-70.31,22.231
41.06,-70.26,21.772
41.06,-70.21,21.314
41.06,-70.16,20.913
41.06,-70.11,20.647
41.06,-70.06,20.517
41.06,-70.01,20.272
41.06,-69.96,20.081
41.06,-69.91,19.719
41.06,-69.86,19.175
41.06,-69.81,18.748
41.06,-69.76,18.607
41.06,-69.71,18.402
41.06,-69.66,18.222
41.06,-69.61,18.068
41.06,-69.56,17.945
41.06,-69.51,17.872
41.06,-69.46,17.852
41.06,-69.41,17.886
41.06,-69.36,17.966
41.06,-69.31,18.088
41.06,-69.26,18.241
41.06,-69.21,18.416
41.06,-69.16,18.605
41.06,-69.11,18.799
41.06,-69.06,18.989
41.06,-69.01,19.168
41.11,-73.31,23.477
41.11,-73.26,23.54
41.11,-73.21,23.571
41.11,-73.16,23.577
41.11,-73.11,23.547
41.11,-73.06,23.516
41.11,-73.01,23.554
41.11,-72.96,23.618
41.11,-72.91,23.591
41.11,-72.86,23.479
41.11,-72.81,23.568
41.11,-72.76,23.579
41.11,-72.71,23.618
41.11,-72.66,23.62
41.11,-72.61,23.617
41.11,-72.56,23.573
41.11,-72.51,23.498
41.11,-72.46,23.263
41.11,-72.41,23.127
41.11,-72.31,23.181
41.11,-72.26,23.224
41.11,-72.21,23.244
41.11,-72.16,22.902
41.11,-72.11,22.408
41.11,-72.06,21.833
41.11,-72.01,21.827
41.11,-71.96,21.9
41.11,-71.91,21.807
41.11,-71.86,21.685
41.11,-71.81,21.677
41.11,-71.76,21.693
41.11,-71.71,21.7
41.11,-71.66,21.752
41.11,-71.61,21.778
41.11,-71.56,21.792
41.11,-71.51,21.809
41.11,-71.46,21.799
41.11,-71.41,21.841
41.11,-71.36,21.962
41.11,-71.31,22.159
41.11,-71.26,22.366
41.11,-71.21,22.696
41.11,-71.16,22.511
41.11,-71.11,22.383
41.11,-71.06,22.151
41.11,-71.01,22.0
41.11,-70.96,21.94
41.11,-70.91,21.945
41.11,-70.86,22.001
41.11,-70.81,22.116
41.11,-70.76,22.244
41.11,-70.71,22.352
41.11,-70.66,22.434
41.11,-70.61,22.491
41.11,-70.56,22.516
41.11,-70.51,22.498
41.11,-70.46,22.417
41.11,-70.41,22.26
41.11,-70.36,22.023
41.11,-70.31,21.7
41.11,-70.26,21.314
41.11,-70.21,20.909
41.11,-70.16,20.552
41.11,-70.11,20.482
41.11,-70.06,20.364
41.11,-70.01,20.057
41.11,-69.96,19.869
41.11,-69.91,19.706
41.11,-69.86,19.239
41.11,-69.81,18.812
41.11,-69.76,18.551
41.11,-69.71,18.404
41.11,-69.66,18.288
41.11,-69.61,18.196
41.11,-69.56,18.135
41.11,-69.51,18.121
41.11,-69.46,18.155
41.11,-69.41,18.228
41.11,-69.36,18.335
41.11,-69.31,18.466
41.11,-69.26,18.611
41.11,-69.21,18.764
41.11,-69.16,18.924
41.11,-69.11,19.087
41.11,-69.06,19.247
41.11,-69.01,19.396
41.16,-73.16,23.523
41.16,-73.11,23.505
41.16,-73.06,23.49
41.16,-73.01,23.59
41.16,-72.96,23.609
41.16,-72.91,23.576
41.16,-72.86,23.532
41.16,-72.81,23.537
41.16,-72.76,23.564
41.16,-72.71,23.583
41.16,-72.66,23.554
41.16,-72.61,23.521
41.16,-72.56,23.489
41.16,-72.51,23.199
41.16,-72.46,22.974
41.16,-72.41,22.884
41.16,-72.36,22.807
41.16,-72.31,22.912
41.16,-72.21,22.329
41.16,-72.16,21.938
41.16,-72.11,21.792
41.16,-72.06,21.654
41.16,-72.01,21.716
41.16,-71.96,21.68
41.16,-71.91,21.629
41.16,-71.86,21.627
41.16,-71.81,21.628
41.16,-71.76,21.66
41.16,-71.71,21.665
41.16,-71.66,21.774
41.16,-71.51,21.713
41.16,-71.46,21.732
41.16,-71.41,21.799
41.16,-71.36,21.926
41.16,-71.31,22.124
41.16,-71.26,22.374
41.16,-71.21,22.617
41.16,-71.16,22.387
41.16,-71.11,22.196
41.16,-71.06,22.025
41.16,-71.01,21.869
41.16,-70.96,21.771
41.16,-70.91,21.738
41.16,-70.86,21.767
41.16,-70.81,21.837
41.16,-70.76,21.92
41.16,-70.71,21.993
41.16,-70.66,22.039
41.16,-70.61,22.051
41.16,-70.56,22.021
41.16,-70.51,21.96
41.16,-70.46,21.866
41.16,-70.41,21.72
41.16,-70.36,21.509
41.16,-70.31,21.221
41.16,-70.26,20.895
41.16,-70.21,20.593
41.16,-70.16,20.399
41.16,-70.11,20.393
41.16,-70.06,20.238
41.16,-70.01,20.054
41.16,-69.96,19.949
41.16,-69.91,19.782
41.16,-69.86,19.508
41.16,-69.81,19.132
41.16,-69.76,18.697
41.16,-69.71,18.544
41.16,-69.66,18.47
41.16,-69.61,18.43
41.16,-69.56,18.424
41.16,-69.51,18.463
41.16,-69.46,18.55
41.16,-69.41,18.678
41.16,-69.36,18.824
41.16,-69.31,18.977
41.16,-69.26,19.12
41.16,-69.21,19.253
41.16,-69.16,19.381
41.16,-69.11,19.504
41.16,-69.06,19.619
41.16,-69.01,19.72
41.21,-72.96,23.534
41.21,-72.91,23.516
41.21,-72.86,23.505
41.21,-72.81,23.502
41.21,-72.76,23.512
41.21,-72.71,23.522
41.21,-72.66,23.45
41.21,-72.61,23.413
41.21,-72.56,23.367
41.21,-72.51,23.18
41.21,-72.46,22.852
41.21,-72.41,22.355
41.21,-72.36,22.145
41.21,-72.31,22.305
41.21,-72.26,22.508
41.21,-72.21,22.306
41.21,-72.16,22.025
41.21,-72.11,21.755
41.21,-72.06,21.786
41.21,-72.01,21.69
41.21,-71.96,21.562
41.21,-71.91,21.565
41.21,-71.86,21.564
41.21,-71.81,21.593
41.21,-71.76,21.585
41.21,-71.71,21.646
41.21,-71.66,21.768
41.21,-71.61,21.756
41.21,-71.51,21.608
41.21,-71.46,21.63
41.21,-71.41,21.745
41.21,-71.36,21.793
41.21,-71.31,21.901
41.21,-71.26,22.029
41.21,-71.21,22.161
41.21,-71.16,22.125
41.21,-71.11,21.982
41.21,-71.06,21.846
41.21,-71.01,21.72
41.21,-70.96,21.627
41.21,-70.91,21.588
41.21,-70.86,21.598
41.21,-70.81,21.643
41.21,-70.76,21.667
41.21,-70.71,21.698
41.21,-70.66,21.736
41.21,-70.61,21.729
41.21,-70.56,21.657
41.21,-70.51,21.557
41.21,-70.46,21.464
41.21,-70.41,21.337
41.21,-70.36,21.142
41.21,-70.31,20.883
41.21,-70.26,20.662
41.21,-70.21,20.582
41.21,-70.16,20.538
41.21,-70.11,20.401
41.21,-70.06,20.24
41.21,-70.01,20.214
41.21,-69.96,20.22
41.21,-69.91,19.845
41.21,-69.86,19.263
41.21,-69.81,19.032
41.21,-69.76,18.859
41.21,-69.71,18.773
41.21,-69.66,18.744
41.21,-69.61,18.75
41.21,-69.56,18.789
41.21,-69.51,18.87
41.21,-69.46,19.005
41.21,-69.41,19.196
41.21,-69.36,19.416
41.21,-69.31,19.59
41.21,-69.26,19.722
41.21,-69.21,19.841
41.21,-69.16,19.939
41.21,-69.11,20.019
41.21,-69.06,20.082
41.21,-69.01,20.126
41.26,-72.91,23.437
41.26,-72.76,23.384
41.26,-72.66,23.217
41.26,-72.61,23.182
41.26,-72.46,22.213
41.26,-72.41,22.154
41.26,-72.36,22.174
41.26,-72.31,21.845
41.26,-72.26,21.68
41.26,-72.21,21.703
41.26,-72.16,21.696
41.26,-72.11,21.646
41.26,-72.06,21.6
41.26,-71.96,21.52
41.26,-71.91,21.57
41.26,-71.86,21.586
41.26,-71.81,21.565
41.26,-71.76,21.61
41.26,-71.71,21.656
41.26,-71.66,21.766
41.26,-71.61,21.7
41.26,-71.56,21.692
41.26,-71.51,21.783
41.26,-71.46,21.754
41.26,-71.41,21.655
41.26,-71.36,21.64
41.26,-71.31,21.681
41.26,-71.26,21.781
41.26,-71.21,21.848
41.26,-71.16,21.85
41.26,-71.11,21.771
41.26,-71.06,21.675
41.26,-71.01,21.584
41.26,-70.96,21.51
41.26,-70.91,21.461
41.26,-70.86,21.458
41.26,-70.76,21.507
41.26,-70.71,21.506
41.26,-70.66,21.569
41.26,-70.61,21.629
41.26,-70.56,21.573
41.26,-70.51,21.417
41.26,-70.46,21.312
41.26,-70.41,21.15
41.26,-70.36,20.947
41.26,-70.31,20.827
41.26,-70.26,20.873
41.26,-70.21,20.828
41.26,-69.96,20.238
41.26,-69.91,19.923
41.26,-69.86,19.54
41.26,-69.81,19.174
41.26,-69.76,19.05
41.26,-69.71,19.047
41.26,-69.66,19.072
41.26,-69.61,19.12
41.26,-69.56,19.195
41.26,-69.51,19.305
41.26,-69.46,19.467
41.26,-69.41,19.688
41.26,-69.36,19.94
41.26,-69.31,20.142
41.26,-69.26,20.305
41.26,-69.21,20.437
41.26,-69.16,20.515
41.26,-69.11,20.559
41.26,-69.06,20.585
41.26,-69.01,20.58
41.31,-72.16,21.681
41.31,-72.06,21.539
41.31,-71.96,21.547
41.31,-71.91,21.586
41.31,-71.81,21.683
41.31,-71.76,21.739
41.31,-71.71,21.804
41.31,-71.66,21.865
41.31,-71.61,21.769
41.31,-71.56,21.743
41.31,-71.51,21.966
41.31,-71.46,21.912
41.31,-71.41,21.785
41.31,-71.36,21.663
41.31,-71.31,21.66
41.31,-71.26,21.675
41.31,-71.21,21.763
41.31,-71.16,21.711
41.31,-71.11,21.611
41.31,-71.06,21.548
41.31,-71.01,21.485
41.31,-70.96,21.432
41.31,-70.91,21.392
41.31,-70.86,21.38
41.31,-70.81,21.386
41.31,-70.76,21.508
41.31,-70.71,21.602
41.31,-70.66,21.629
41.31,-70.61,21.776
41.31,-70.56,21.935
41.31,-70.51,21.797
41.31,-70.46,21.469
41.31,-70.41,21.191
41.31,-70.36,20.957
41.31,-70.31,20.847
41.31,-70.26,21.222
41.31,-70.21,21.215
41.31,-70.16,21.056
41.31,-70.11,20.9
41.31,-70.06,20.759
41.31,-69.96,20.313
41.31,-69.91,19.935
41.31,-69.86,19.498
41.31,-69.81,19.315
41.31,-69.76,19.31
41.31,-69.71,19.353
41.31,-69.66,19.421
41.31,-69.61,19.505
41.31,-69.56,19.61
41.31,-69.51,19.739
41.31,-69.46,19.902
41.31,-69.41,20.109
41.31,-69.36,20.351
41.31,-69.31,20.557
41.31,-69.26,20.763
41.31,-69.21,20.93
41.31,-69.16,21.015
41.31,-69.11,21.05
41.31,-69.06,21.061
41.31,-69.01,21.021
41.36,-71.61,21.928
41.36,-71.56,22.007
41.36,-71.51,21.788
41.36,-71.46,21.784
41.36,-71.41,21.844
41.36,-71.36,21.863
41.36,-71.31,21.9
41.36,-71.26,21.71
41.36,-71.21,21.771
41.36,-71.16,21.668
41.36,-71.11,21.628
41.36,-71.06,21.557
41.36,-71.01,21.447
41.36,-70.96,21.411
41.36,-70.91,21.415
41.36,-70.86,21.339
41.36,-70.81,21.319
41.36,-70.51,22.016
41.36,-70.41,21.404
41.36,-70.36,21.31
41.36,-70.31,21.554
41.36,-70.26,21.887
41.36,-70.21,21.601
41.36,-70.16,21.323
41.36,-70.11,21.147
41.36,-70.06,21.042
41.36,-70.01,20.91
41.36,-69.96,20.58
41.36,-69.91,20.14
41.36,-69.86,19.756
41.36,-69.81,19.592
41.36,-69.76,19.603
41.36,-69.71,19.666
41.36,-69.66,19.759
41.36,-69.61,19.879
41.36,-69.56,20.015
41.36,-69.51,20.153
41.36,-69.46,20.292
41.36,-69.41,20.444
41.36,-69.36,20.616
41.36,-69.31,20.804
41.36,-69.26,21.057
41.36,-69.21,21.244
41.36,-69.16,21.358
41.36,-69.11,21.414
41.36,-69.06,21.429
41.36,-69.01,21.384
41.41,-71.41,22.154
41.41,-71.36,21.868
41.41,-71.31,21.74
41.41,-71.26,21.782
41.41,-71.21,21.813
41.41,-71.16,21.803
41.41,-71.11,21.769
41.41,-71.06,21.712
41.41,-71.01,21.536
41.41,-70.96,21.485
41.41,-70.91,21.438
41.41,-70.86,21.339
41.41,-70.81,21.434
41.41,-70.76,21.76
41.41,-70.51,22.18
41.41,-70.41,21.825
41.41,-70.36,21.741
41.41,-70.31,22.056
41.41,-70.26,21.957
41.41,-70.21,21.691
41.41,-70.16,21.425
41.41,-70.11,21.263
41.41,-70.06,21.185
41.41,-70.01,21.125
41.41,-69.96,20.78
41.41,-69.91,20.368
41.41,-69.86,20.088
41.41,-69.81,19.933
41.41,-69.76,19.899
41.41,-69.71,19.948
41.41,-69.66,20.057
41.41,-69.61,20.217
41.41,-69.56,20.402
41.41,-69.51,20.567
41.41,-69.46,20.66
41.41,-69.41,20.683
41.41,-69.36,20.77
41.41,-69.31,20.979
41.41,-69.26,21.242
41.41,-69.21,21.429
41.41,-69.16,21.514
41.41,-69.11,21.553
41.41,-69.06,21.593
41.41,-69.01,21.603
41.46,-71.41,22.265
41.46,-71.36,22.066
41.46,-71.31,21.912
41.46,-71.26,21.977
41.46,-71.21,21.784
41.46,-71.16,21.537
41.46,-71.11,21.725
41.46,-71.06,22.003
41.46,-71.01,22.175
41.46,-70.96,22.183
41.46,-70.91,21.576
41.46,-70.86,21.76
41.46,-70.81,21.943
41.46,-70.76,22.395
41.46,-70.71,22.288
41.46,-70.66,21.955
41.46,-70.51,22.322
41.46,-70.46,22.231
41.46,-70.41,22.088
41.46,-70.36,21.982
41.46,-70.31,21.924
41.46,-70.26,21.8
41.46,-70.21,21.587
41.46,-70.16,21.381
41.46,-70.11,21.225
41.46,-70.06,21.1
41.46,-70.01,20.945
41.46,-69.96,20.714
41.46,-69.91,20.455
41.46,-69.86,20.259
41.46,-69.81,20.137
41.46,-69.76,20.101
41.46,-69.71,20.146
41.46,-69.66,20.273
41.46,-69.61,20.475
41.46,-69.56,20.739
41.46,-69.51,20.98
41.46,-69.46,21.045
41.46,-69.41,20.817
41.46,-69.36,20.689
41.46,-69.31,21.087
41.46,-69.26,21.42
41.46,-69.21,21.532
41.46,-69.16,21.486
41.46,-69.11,21.432
41.46,-69.06,21.524
41.46,-69.01,21.696
41.51,-71.41,22.482
41.51,-71.36,22.242
41.51,-71.21,21.893
41.51,-71.01,22.239
41.51,-70.96,22.602
41.51,-70.91,22.754
41.51,-70.86,22.581
41.51,-70.81,22.159
41.51,-70.76,22.259
41.51,-70.66,22.093
41.51,-70.61,22.181
41.51,-70.56,22.252
41.51,-70.51,22.225
41.51,-70.46,22.13
41.51,-70.41,22.007
41.51,-70.36,21.881
41.51,-70.31,21.739
41.51,-70.26,21.58
41.51,-70.21,21.41
41.51,-70.16,21.244
41.51,-70.11,21.09
41.51,-70.06,20.939
41.51,-70.01,20.782
41.51,-69.96,20.614
41.51,-69.91,20.449
41.51,-69.86,20.31
41.51,-69.81,20.214
41.51,-69.76,20.173
41.51,-69.71,20.202
41.51,-69.66,20.341
41.51,-69.61,20.59
41.51,-69.56,20.847
41.51,-69.51,21.09
41.51,-69.46,21.146
41.51,-69.41,20.931
41.51,-69.36,20.646
41.51,-69.31,20.925
41.51,-69.26,21.186
41.51,-69.21,21.235
41.51,-69.16,21.272
41.51,-69.11,21.325
41.51,-69.06,21.46
41.51,-69.01,21.578
