lat,lon,sst
35.03,-75.37,28.75
35.01,-75.39,28.82
34.91,-75.77,28.14
34.91,-75.75,28.16
34.91,-75.73,28.13
34.89,-75.81,27.98
34.89,-75.79,28.13
34.89,-75.77,28.25
34.89,-75.75,28.26
34.89,-75.73,28.15
34.87,-75.83,27.95
34.87,-75.81,28.07
34.87,-75.79,28.37
34.87,-75.77,28.35
34.87,-75.75,28.26
34.85,-75.85,28.14
34.85,-75.83,28.17
34.85,-75.81,28.28
34.85,-75.79,28.42
34.85,-75.77,28.38
34.83,-75.83,28.36
34.83,-75.81,28.34
34.83,-75.79,28.31
34.79,-75.85,28.26
34.77,-75.87,28.17
34.75,-75.51,29.85
34.75,-75.49,29.84
34.73,-75.53,29.79
34.73,-75.51,29.83
34.71,-75.55,29.7
34.71,-75.53,29.7
34.71,-75.51,29.72
34.71,-75.45,30.01
34.71,-75.43,30.1
34.69,-75.55,29.63
34.69,-75.53,29.67
34.69,-75.45,30.02
34.67,-75.51,29.92
34.67,-75.49,29.94
34.65,-76.71,28.72
34.63,-76.71,28.73
34.63,-76.69,28.7
34.61,-76.37,28.14
34.61,-76.35,28.17
34.61,-76.33,28.2
34.59,-76.37,28.15
34.59,-76.35,28.18
34.59,-75.37,29.8
34.53,-76.51,28.42
34.53,-76.49,28.43
34.51,-76.51,28.41
34.51,-76.49,28.46
34.51,-75.29,29.73
34.51,-75.25,29.7
34.51,-75.23,29.71
34.51,-75.21,29.7
34.49,-75.37,29.84
34.49,-75.29,29.81
34.49,-75.27,29.8
34.49,-75.25,29.76
34.49,-75.23,29.7
34.49,-75.21,29.7
34.47,-75.33,29.83
34.47,-75.31,29.86
34.47,-75.29,29.88
34.47,-75.27,29.84
34.47,-75.23,29.79
34.47,-75.21,29.79
34.45,-75.33,29.89
34.45,-75.31,29.88
34.45,-75.25,29.84
34.45,-75.23,29.82
34.45,-75.21,29.85
34.43,-75.35,29.9
34.43,-75.33,29.9
34.41,-75.43,29.61
34.41,-75.39,29.67
34.41,-75.37,29.73
34.41,-75.35,29.89
34.39,-75.49,29.56
34.39,-75.47,29.64
34.39,-75.45,29.48
34.39,-75.39,29.89
34.39,-75.37,29.91
34.39,-75.35,29.92
34.39,-75.33,29.83
34.39,-75.31,29.81
34.39,-75.29,29.83
34.37,-75.57,29.63
34.37,-75.41,29.8
34.37,-75.39,29.78
34.37,-75.37,29.65
34.37,-75.31,29.75
34.37,-75.27,29.8
34.37,-75.21,29.94
34.35,-75.51,29.65
34.35,-75.49,29.67
34.35,-75.45,29.58
34.35,-75.43,29.66
34.35,-75.41,29.74
34.35,-75.39,29.63
34.35,-75.37,29.6
34.35,-75.31,29.71
34.35,-75.25,29.85
34.35,-75.23,29.92
34.35,-75.21,29.91
34.33,-75.49,29.62
34.33,-75.47,29.59
34.33,-75.45,29.59
34.33,-75.43,29.8
34.33,-75.41,29.74
34.33,-75.39,29.67
34.33,-75.33,29.72
34.33,-75.25,29.84
34.31,-75.45,29.67
34.31,-75.43,29.69
34.31,-75.41,29.67
34.31,-75.37,29.53
34.31,-75.31,29.85
34.31,-75.29,29.87
34.29,-75.51,29.77
34.29,-75.49,29.74
34.29,-75.47,29.72
34.29,-75.45,29.7
34.29,-75.43,29.67
34.29,-75.41,29.59
34.29,-75.39,29.53
34.29,-75.33,29.9
34.29,-75.31,29.94
34.29,-75.29,29.89
34.29,-75.23,29.98
34.27,-75.57,29.65
34.27,-75.55,29.66
34.27,-75.53,29.71
34.27,-75.51,29.8
34.27,-75.49,29.75
34.27,-75.47,29.69
34.27,-75.33,29.92
34.27,-75.21,30.08
34.25,-75.55,29.63
34.25,-75.53,29.74
34.25,-75.51,29.8
34.25,-75.29,29.86
34.25,-75.23,30.2
34.25,-75.21,30.27
34.23,-75.23,30.16
34.23,-75.21,30.31
34.21,-75.37,29.77
34.21,-75.25,30.1
34.21,-75.23,30.16
34.19,-75.41,29.73
34.19,-75.39,29.82
34.19,-75.27,29.77
34.17,-75.41,29.71
34.15,-75.25,29.97
34.13,-75.29,29.84
34.13,-75.27,29.86
34.13,-75.25,29.87
34.11,-75.21,29.73
34.07,-75.43,29.89
34.05,-75.53,29.71
34.05,-75.43,29.88
34.03,-75.61,29.77
34.03,-75.55,29.77
34.03,-75.43,29.85
34.03,-75.31,30.05
34.01,-75.61,29.74
34.01,-75.59,29.73
34.01,-75.57,29.88
34.01,-75.55,29.83
34.01,-75.51,29.68
34.01,-75.49,29.66
34.01,-75.47,29.81
34.01,-75.41,30.05
33.99,-75.61,29.76
33.99,-75.53,29.69
33.99,-75.51,29.7
33.99,-75.41,30.02
33.99,-75.35,30.14
33.99,-75.33,30.14
33.97,-75.41,30.01
33.95,-75.43,30.12
33.93,-75.59,29.96
33.93,-75.57,29.95
33.91,-78.29,29.65
33.91,-78.27,29.6
33.91,-78.25,29.5
33.91,-78.23,29.65
33.91,-78.21,29.64
33.91,-78.19,29.63
33.91,-78.17,29.66
33.91,-78.15,29.8
33.91,-75.65,29.79
33.91,-75.63,29.82
33.91,-75.61,29.9
33.91,-75.59,29.96
33.91,-75.47,29.85
33.91,-75.45,29.9
33.91,-75.43,29.94
33.89,-78.33,29.57
33.89,-78.31,29.63
33.89,-78.29,29.67
33.89,-78.27,29.65
33.89,-78.25,29.62
33.89,-78.23,29.68
33.89,-78.21,29.8
33.89,-78.19,29.64
33.89,-78.17,29.6
33.89,-75.63,29.89
33.89,-75.61,29.91
33.89,-75.53,29.78
33.89,-75.47,29.88
33.89,-75.45,29.89
33.89,-75.39,29.56
33.89,-75.37,29.62
33.89,-75.23,29.33
33.87,-78.37,29.52
33.87,-78.35,29.52
33.87,-78.33,29.51
33.87,-78.31,29.62
33.87,-78.29,29.71
33.87,-78.27,29.71
33.87,-78.25,29.76
33.87,-78.23,29.74
33.87,-78.21,29.67
33.85,-78.53,29.48
33.85,-78.51,29.44
33.85,-78.49,29.43
33.85,-78.47,29.45
33.85,-78.39,29.46
33.85,-78.37,29.45
33.85,-78.35,29.47
33.85,-78.33,29.5
33.85,-78.31,29.58
33.85,-78.29,29.65
33.85,-78.27,29.73
33.85,-78.25,29.71
33.85,-78.23,29.64
33.85,-78.01,29.38
33.85,-77.99,29.46
33.85,-75.57,29.65
33.85,-75.39,29.91
33.83,-78.61,29.43
33.83,-78.59,29.45
33.83,-78.57,29.63
33.83,-78.55,29.64
33.83,-78.53,29.53
33.83,-78.51,29.46
33.83,-78.49,29.41
33.83,-78.47,29.4
33.83,-78.39,29.38
33.83,-78.37,29.38
33.83,-78.35,29.43
33.83,-78.33,29.5
33.83,-78.31,29.59
33.83,-78.29,29.66
33.83,-78.27,29.7
33.83,-78.25,29.64
33.83,-78.03,29.3
33.83,-78.01,29.43
33.83,-77.99,29.52
33.83,-77.97,29.52
33.83,-75.53,29.84
33.83,-75.41,29.94
33.83,-75.39,29.96
33.81,-78.69,29.42
33.81,-78.67,29.41
33.81,-78.65,29.38
33.81,-78.63,29.44
33.81,-78.61,29.49
33.81,-78.59,29.46
33.81,-78.57,29.5
33.81,-78.55,29.48
33.81,-78.53,29.46
33.81,-78.51,29.43
33.81,-78.43,29.37
33.81,-78.41,29.39
33.81,-78.37,29.34
33.81,-78.35,29.38
33.81,-78.33,29.45
33.81,-78.31,29.52
33.81,-78.29,29.58
33.81,-78.27,29.58
33.81,-78.25,29.6
33.81,-78.09,29.33
33.81,-78.07,29.34
33.81,-78.05,29.44
33.81,-78.03,29.47
33.81,-78.01,29.44
33.81,-77.99,29.46
33.81,-77.97,29.53
33.81,-77.95,29.44
33.81,-75.59,29.72
33.81,-75.45,29.92
33.81,-75.43,29.91
33.81,-75.41,29.88
33.79,-78.69,29.38
33.79,-78.67,29.4
33.79,-78.63,29.45
33.79,-78.61,29.45
33.79,-78.43,29.33
33.79,-78.41,29.37
33.79,-78.39,29.37
33.79,-78.37,29.31
33.79,-78.35,29.37
33.79,-78.33,29.4
33.79,-78.31,29.4
33.79,-78.29,29.48
33.79,-78.27,29.48
33.79,-78.11,29.25
33.79,-78.09,29.29
33.79,-78.07,29.4
33.79,-78.05,29.42
33.79,-78.03,29.49
33.79,-78.01,29.41
33.79,-77.99,29.39
33.79,-77.97,29.36
33.79,-75.25,29.29
33.79,-75.23,29.28
33.77,-78.61,29.36
33.77,-78.43,29.28
33.77,-78.41,29.34
33.77,-78.39,29.37
33.77,-78.37,29.31
33.77,-78.35,29.32
33.77,-78.33,29.23
33.77,-78.31,29.23
33.77,-78.29,29.35
33.77,-78.27,29.38
33.77,-78.13,29.14
33.77,-78.11,29.24
33.77,-78.09,29.33
33.77,-78.07,29.34
33.77,-78.05,29.32
33.77,-78.03,29.37
33.77,-78.01,29.39
33.77,-77.99,29.24
33.77,-75.23,29.26
33.77,-75.21,29.24
33.75,-78.43,29.26
33.75,-78.41,29.28
33.75,-78.39,29.25
33.75,-78.37,29.19
33.75,-78.35,29.23
33.75,-78.33,29.24
33.75,-78.17,29.17
33.75,-78.15,29.16
33.75,-78.13,29.16
33.75,-78.11,29.27
33.75,-78.09,29.36
33.75,-78.07,29.41
33.75,-78.05,29.44
33.73,-78.19,29.14
33.73,-78.17,29.18
33.73,-78.15,29.25
33.73,-78.13,29.24
33.73,-78.11,29.16
33.73,-78.09,29.2
33.73,-78.07,29.28
33.73,-78.05,29.35
33.73,-78.03,29.33
33.73,-77.83,28.95
33.73,-75.63,29.6
33.73,-75.61,29.86
33.73,-75.31,29.38
33.71,-78.21,29.08
33.71,-78.19,29.07
33.71,-78.17,29.14
33.71,-78.15,29.03
33.71,-78.13,29.1
33.71,-78.11,29.13
33.71,-78.09,29.22
33.71,-78.07,29.27
33.71,-78.05,29.35
33.69,-78.19,29.01
33.69,-78.17,29.02
33.69,-78.15,29.06
33.69,-78.13,29.06
33.69,-78.11,29.08
33.69,-78.09,29.17
33.69,-78.07,29.18
33.69,-75.63,29.95
33.69,-75.61,29.99
33.67,-75.63,29.99
33.67,-75.61,30.01
33.63,-75.63,30.37
33.61,-75.63,30.44
33.61,-75.61,30.41
33.61,-75.25,29.39
33.61,-75.21,29.24
33.59,-75.65,30.34
33.59,-75.63,30.38
33.57,-78.11,28.6
33.57,-78.09,28.67
33.57,-78.07,28.71
33.57,-75.25,29.51
33.55,-78.13,28.6
33.55,-78.11,28.61
33.55,-78.09,28.7
33.55,-78.07,28.73
33.55,-77.97,28.77
33.55,-75.27,29.45
33.55,-75.25,29.47
33.53,-78.13,28.61
33.53,-78.11,28.6
33.53,-78.09,28.74
33.53,-78.07,28.76
33.53,-78.01,28.81
33.53,-77.99,28.82
33.53,-77.97,28.77
33.53,-77.95,28.78
33.53,-75.25,29.46
33.53,-75.23,29.45
33.51,-78.13,28.61
33.51,-78.11,28.71
33.51,-78.09,28.78
33.51,-78.07,28.8
33.51,-78.03,28.84
33.51,-78.01,28.84
33.51,-77.99,28.81
33.51,-77.97,28.77
33.51,-75.33,29.4
33.51,-75.31,29.49
33.51,-75.29,29.49
33.49,-78.15,28.54
33.49,-78.13,28.59
33.49,-78.11,28.67
33.49,-78.03,28.9
33.49,-78.01,28.91
33.49,-77.99,28.9
33.49,-75.33,29.34
33.49,-75.31,29.35
33.49,-75.27,29.36
33.47,-78.15,28.62
33.47,-78.13,28.65
33.47,-78.11,28.65
33.47,-75.37,29.58
33.47,-75.27,29.41
33.45,-78.17,28.62
33.45,-78.15,28.63
33.45,-78.13,28.62
33.45,-78.11,28.66
33.43,-78.17,28.65
33.43,-78.15,28.62
33.43,-78.13,28.61
33.41,-78.05,28.85
33.41,-75.53,29.85
33.39,-75.31,29.55
33.37,-75.71,29.87
33.37,-75.69,29.85
33.37,-75.61,29.77
33.37,-75.33,29.56
33.37,-75.31,29.53
33.33,-75.61,29.81
33.33,-75.25,29.1
33.33,-75.23,29.09
33.31,-79.99,30.08
33.31,-75.73,29.95
33.31,-75.63,29.8
33.31,-75.61,29.8
33.31,-75.27,29.2
33.31,-75.25,29.12
33.29,-79.99,30.11
33.29,-75.67,29.82
33.29,-75.65,29.76
33.29,-75.27,29.19
33.23,-75.89,29.91
33.23,-75.31,29.12
33.21,-75.31,29.11
33.21,-75.29,29.13
33.19,-76.89,29.93
33.19,-75.31,29.25
33.19,-75.29,29.23
33.17,-76.95,29.76
33.17,-76.93,29.78
33.17,-76.91,29.96
33.17,-76.89,29.96
33.15,-76.95,29.79
33.15,-76.93,29.87
33.15,-76.83,29.91
33.13,-76.95,29.84
33.13,-76.93,29.85
33.11,-76.97,29.87
33.11,-76.95,29.88
33.11,-76.93,29.88
33.09,-76.97,29.89
33.09,-76.95,29.88
33.09,-76.91,29.86
33.07,-76.97,29.9
33.07,-76.95,30.02
33.07,-76.93,30.03
33.05,-76.99,29.88
33.05,-76.97,29.9
32.87,-75.77,29.67
32.87,-75.71,29.32
32.81,-76.15,29.92
32.79,-76.15,29.94
32.77,-76.77,30.19
32.75,-76.81,29.9
32.75,-76.79,29.96
32.75,-76.77,30.27
32.75,-76.75,30.29
32.73,-76.81,29.98
32.73,-76.79,30.01
32.73,-76.77,30.18
32.73,-76.67,29.99
32.71,-76.85,29.92
32.71,-76.83,29.95
32.71,-76.81,30.11
32.71,-76.79,30.15
32.71,-76.77,30.14
32.71,-76.69,29.92
32.71,-76.67,29.92
32.69,-76.85,29.97
32.69,-76.83,29.97
32.69,-76.81,30.22
32.69,-76.79,30.25
32.69,-76.73,30.0
32.69,-76.71,30.08
32.69,-76.69,30.07
32.67,-76.85,29.95
32.67,-76.83,30.34
32.67,-76.81,30.35
32.67,-76.75,29.98
32.67,-76.73,29.97
32.67,-76.71,29.98
32.67,-76.69,29.97
32.65,-76.85,30.01
32.65,-76.83,30.29
32.65,-76.75,30.0
32.65,-76.73,30.02
32.65,-76.71,30.06
32.63,-76.87,30.03
32.63,-76.85,30.12
32.63,-76.83,30.32
32.63,-76.77,30.11
32.63,-76.75,30.13
32.63,-76.73,30.07
32.63,-76.71,30.05
32.61,-76.89,30.24
32.61,-76.87,30.28
32.61,-76.85,30.3
32.61,-76.77,30.27
32.61,-76.75,30.31
32.61,-76.33,29.84
32.61,-76.31,29.85
32.59,-78.77,29.15
32.59,-77.57,29.24
32.59,-77.55,29.3
32.59,-76.91,30.3
32.59,-76.89,30.6
32.59,-76.87,30.59
32.59,-76.81,30.16
32.59,-76.79,30.17
32.59,-76.69,30.27
32.59,-76.33,29.84
32.57,-78.77,29.17
32.57,-76.91,29.84
32.57,-76.89,30.65
32.57,-76.81,30.11
32.57,-76.35,29.85
32.57,-76.33,29.84
32.57,-76.23,29.76
32.55,-76.91,29.88
32.55,-76.33,29.87
32.47,-77.25,29.7
32.45,-77.09,29.68
32.45,-77.07,29.67
32.29,-78.25,29.31
32.27,-78.29,29.19
32.27,-78.27,29.27
32.27,-78.25,29.27
32.27,-78.23,29.22
32.27,-78.07,29.22
32.27,-78.05,29.28
32.27,-78.03,29.25
32.25,-78.33,29.01
32.25,-78.31,29.05
32.25,-78.29,29.15
32.25,-78.27,29.1
32.25,-78.25,29.03
32.25,-78.09,29.14
32.25,-78.07,29.12
32.25,-78.05,29.23
32.23,-78.31,29.03
32.23,-78.29,29.04
32.21,-77.45,29.54
32.21,-77.43,29.61
32.21,-77.41,29.78
32.21,-77.39,29.79
32.19,-77.55,29.67
32.19,-77.47,29.64
32.19,-77.45,29.66
32.19,-77.43,29.85
32.19,-77.41,29.9
32.19,-77.39,29.87
32.17,-77.55,29.75
32.17,-77.51,29.77
32.17,-77.49,29.75
32.17,-77.47,29.9
32.17,-77.45,29.92
32.17,-77.43,29.88
32.17,-77.41,29.9
32.15,-77.63,29.86
32.15,-77.61,29.77
32.15,-77.55,29.97
32.15,-77.53,29.95
32.15,-77.51,29.91
32.15,-77.49,30.02
32.15,-77.47,30.01
32.15,-77.45,29.99
32.13,-77.67,29.95
32.13,-77.65,29.91
32.13,-77.63,29.89
32.13,-77.61,29.82
32.13,-77.59,29.88
32.13,-77.57,29.94
32.13,-77.55,30.01
32.13,-77.53,30.02
32.13,-77.51,29.98
32.13,-77.49,29.97
32.13,-77.47,29.96
32.11,-77.73,29.95
32.11,-77.71,29.95
32.11,-77.69,29.97
32.11,-77.67,29.95
32.11,-77.65,29.86
32.11,-77.63,29.82
32.11,-77.61,29.77
32.11,-77.59,29.84
32.11,-77.57,29.9
32.11,-77.55,29.93
32.11,-77.53,29.99
32.11,-77.51,30.03
32.11,-77.49,29.86
32.09,-77.77,29.74
32.09,-77.75,29.88
32.09,-77.73,29.91
32.09,-77.71,29.95
32.09,-77.69,29.89
32.09,-77.67,29.88
32.09,-77.65,29.83
32.09,-77.63,29.8
32.09,-77.61,29.87
32.09,-77.59,29.86
32.09,-77.57,29.72
32.09,-77.55,29.77
32.09,-77.53,30.04
32.09,-77.51,30.03
32.07,-77.79,29.67
32.07,-77.77,29.68
32.07,-77.75,29.86
32.07,-77.73,29.84
32.07,-77.71,29.86
32.07,-77.69,29.79
32.07,-77.67,29.84
32.07,-77.65,29.89
32.07,-77.63,29.84
32.07,-77.61,29.85
32.07,-77.59,29.82
32.07,-77.57,29.75
32.05,-78.05,29.59
32.05,-78.03,29.75
32.05,-78.01,29.79
32.05,-77.99,29.71
32.05,-77.87,29.6
32.05,-77.85,29.58
32.05,-77.83,29.54
32.05,-77.81,29.63
32.05,-77.79,29.66
32.05,-77.77,29.64
32.05,-77.75,29.72
32.05,-77.73,29.78
32.05,-77.71,29.85
32.05,-77.69,29.86
32.05,-77.67,29.85
32.05,-77.65,29.9
32.05,-77.63,29.9
32.05,-77.61,29.86
32.05,-77.59,29.81
32.03,-78.23,29.48
32.03,-78.21,29.54
32.03,-78.19,29.62
32.03,-78.17,29.61
32.03,-78.07,29.59
32.03,-78.05,29.63
32.03,-78.03,29.84
32.03,-78.01,29.81
32.03,-77.89,29.56
32.03,-77.87,29.61
32.03,-77.85,29.66
32.03,-77.83,29.58
32.03,-77.81,29.65
32.03,-77.79,29.55
32.03,-77.77,29.63
32.03,-77.75,29.74
32.03,-77.73,29.74
32.03,-77.71,29.75
32.03,-77.69,29.85
32.03,-77.67,29.91
32.03,-77.65,29.91
32.03,-77.63,29.89
32.03,-77.61,29.81
32.01,-78.27,29.47
32.01,-78.25,29.52
32.01,-78.23,29.56
32.01,-78.21,29.61
32.01,-78.19,29.63
32.01,-78.17,29.62
32.01,-78.15,29.64
32.01,-78.13,29.6
32.01,-78.09,29.56
32.01,-78.07,29.61
32.01,-78.05,29.65
32.01,-78.03,29.55
32.01,-77.91,29.48
32.01,-77.89,29.6
32.01,-77.87,29.65
32.01,-77.85,29.62
32.01,-77.81,29.62
32.01,-77.79,29.53
32.01,-77.77,29.65
32.01,-77.75,29.75
32.01,-77.71,29.84
32.01,-77.69,29.83
32.01,-77.67,29.93
32.01,-77.65,29.93
32.01,-77.63,29.92
31.99,-78.27,29.52
31.99,-78.25,29.58
31.99,-78.23,29.68
31.99,-78.21,29.69
31.99,-78.19,29.67
31.99,-78.17,29.67
31.99,-78.15,29.67
31.99,-78.13,29.67
31.99,-78.11,29.68
31.99,-78.09,29.53
31.99,-78.07,29.45
31.99,-78.01,29.57
31.99,-77.99,29.6
31.99,-77.91,29.49
31.99,-77.89,29.4
31.99,-77.87,29.43
31.99,-77.85,29.41
31.99,-77.81,29.68
31.99,-77.79,29.63
31.99,-77.73,29.79
31.99,-77.69,29.81
31.99,-76.17,29.76
31.97,-78.31,29.63
31.97,-78.29,29.53
31.97,-78.27,29.71
31.97,-78.25,29.78
31.97,-78.23,29.73
31.97,-78.21,29.78
31.97,-78.19,29.78
31.97,-78.17,29.84
31.97,-78.15,29.82
31.97,-78.13,29.78
31.97,-78.11,29.75
31.97,-78.01,29.57
31.97,-77.99,29.66
31.97,-77.97,29.75
31.97,-77.91,29.36
31.97,-77.89,29.37
31.97,-77.87,29.39
31.97,-77.85,29.48
31.97,-77.83,29.47
31.97,-77.73,29.78
31.95,-78.37,29.69
31.95,-78.35,29.77
31.95,-78.33,29.78
31.95,-78.31,29.73
31.95,-78.29,29.66
31.95,-78.27,29.7
31.95,-78.25,29.67
31.95,-78.23,29.66
31.95,-78.21,29.72
31.95,-78.19,29.75
31.95,-78.17,29.84
31.95,-78.15,29.79
31.95,-78.09,29.45
31.95,-78.07,29.48
31.95,-78.05,29.56
31.95,-78.03,29.64
31.95,-77.99,29.71
31.95,-77.97,29.66
31.95,-77.85,29.36
31.95,-77.83,29.42
31.95,-77.75,29.72
31.95,-77.73,29.73
31.93,-78.39,29.54
31.93,-78.37,29.73
31.93,-78.35,29.86
31.93,-78.33,29.81
31.93,-78.31,29.76
31.93,-78.29,29.57
31.93,-78.27,29.57
31.93,-78.25,29.59
31.93,-78.23,29.57
31.93,-78.21,29.6
31.93,-78.19,29.6
31.93,-78.17,29.43
31.93,-78.15,29.33
31.93,-78.13,29.27
31.93,-78.11,29.26
31.93,-78.09,29.45
31.93,-78.07,29.47
31.93,-78.05,29.5
31.93,-78.03,29.51
31.93,-77.97,29.42
31.93,-77.95,29.44
31.93,-77.93,29.46
31.93,-77.85,29.36
31.91,-78.41,29.5
31.91,-78.39,29.51
31.91,-78.37,29.8
31.91,-78.35,29.88
31.91,-78.33,29.72
31.91,-78.31,29.64
31.91,-78.29,29.54
31.91,-78.27,29.54
31.91,-78.21,29.4
31.91,-78.19,29.38
31.91,-78.17,29.41
31.91,-78.15,29.35
31.91,-77.97,29.37
31.91,-77.75,29.62
31.91,-77.73,29.57
31.91,-77.71,29.55
31.89,-78.43,29.46
31.89,-78.41,29.51
31.89,-78.39,29.56
31.89,-78.37,29.66
31.89,-78.35,29.66
31.89,-78.33,29.65
31.89,-78.21,29.28
31.89,-78.19,29.27
31.89,-78.17,29.28
31.89,-78.15,29.32
31.89,-77.99,29.39
31.89,-77.97,29.47
31.89,-77.95,29.49
31.89,-77.91,29.71
31.89,-77.73,29.57
31.89,-77.71,29.56
31.89,-77.65,29.6
31.87,-78.39,29.55
31.87,-78.37,29.53
31.87,-78.35,29.53
31.87,-78.33,29.54
31.87,-78.05,29.25
31.87,-78.03,29.2
31.87,-78.01,29.35
31.87,-77.99,29.47
31.87,-77.97,29.65
31.87,-77.95,29.69
31.87,-77.93,29.72
31.87,-77.91,29.71
31.87,-77.89,29.71
31.85,-78.01,29.41
31.85,-77.99,29.42
31.85,-77.97,29.71
31.85,-77.95,29.73
31.85,-77.69,29.58
31.85,-77.67,29.63
31.83,-78.01,29.43
31.83,-77.99,29.44
31.83,-77.97,29.75
31.83,-77.95,29.69
31.83,-77.93,29.61
31.83,-77.91,29.49
31.83,-77.71,29.57
31.83,-77.69,29.58
31.83,-77.67,29.81
31.83,-77.65,29.92
31.81,-78.15,28.86
31.81,-78.03,29.56
31.81,-78.01,29.57
31.81,-77.99,29.6
31.81,-77.97,29.68
31.81,-77.95,29.64
31.81,-77.93,29.57
31.79,-78.05,29.29
31.79,-78.03,29.55
31.79,-78.01,29.66
31.79,-77.97,29.66
31.79,-77.95,29.65
31.79,-77.93,29.48
31.79,-76.37,29.53
31.77,-78.07,29.33
31.77,-78.05,29.34
31.77,-78.03,29.71
31.77,-78.01,29.7
31.77,-77.99,29.68
31.77,-77.97,29.62
31.77,-77.95,29.57
31.77,-77.93,29.54
31.77,-76.47,29.43
31.77,-76.41,29.57
31.77,-76.39,29.57
31.77,-76.37,29.56
31.75,-78.07,29.56
31.75,-78.05,29.68
31.75,-78.03,29.75
31.75,-78.01,29.63
31.75,-77.99,29.66
31.75,-76.43,29.49
31.75,-76.41,29.53
31.73,-80.71,29.79
31.73,-78.07,29.57
31.73,-78.05,29.67
31.73,-78.03,29.61
31.73,-78.01,29.56
31.73,-76.41,29.53
31.73,-76.39,29.74
31.71,-78.11,29.44
31.71,-78.09,29.54
31.71,-78.07,29.59
31.71,-78.05,29.57
31.71,-78.03,29.51
31.71,-78.01,29.51
31.71,-76.41,29.76
31.71,-76.39,29.8
31.71,-76.37,29.78
31.69,-80.11,28.88
31.69,-80.09,28.89
31.69,-80.07,28.91
31.69,-80.05,28.93
31.69,-78.11,29.38
31.69,-78.09,29.49
31.69,-76.41,29.64
31.69,-76.39,29.77
31.69,-76.37,29.66
31.69,-76.35,29.73
31.69,-76.33,29.83
31.69,-76.31,29.86
31.67,-80.15,28.93
31.67,-80.13,28.92
31.67,-80.11,28.93
31.67,-80.09,29.01
31.67,-80.07,29.03
31.67,-80.05,29.0
31.67,-80.03,29.0
31.67,-78.11,29.35
31.67,-76.41,29.59
31.67,-76.39,29.79
31.67,-76.37,29.7
31.67,-76.35,29.74
31.67,-76.33,29.95
31.67,-76.31,29.97
31.67,-76.29,29.91
31.67,-76.03,29.94
31.67,-76.01,29.87
31.67,-75.99,29.86
31.67,-75.97,29.89
31.65,-80.79,29.81
31.65,-80.77,29.8
31.65,-80.67,29.42
31.65,-80.17,28.81
31.65,-80.15,28.9
31.65,-80.13,28.95
31.65,-80.11,28.99
31.65,-80.09,29.04
31.65,-80.07,29.07
31.65,-80.05,29.09
31.65,-80.03,29.11
31.65,-80.01,28.95
31.65,-79.53,29.21
31.65,-79.51,29.2
31.65,-76.41,29.81
31.65,-76.39,29.84
31.65,-76.37,29.78
31.65,-76.35,29.94
31.65,-76.33,29.99
31.65,-76.31,30.05
31.65,-76.13,30.27
31.65,-76.03,29.93
31.65,-76.01,29.9
31.65,-75.99,29.87
31.63,-80.15,28.86
31.63,-80.13,28.99
31.63,-80.11,29.03
31.63,-80.09,29.05
31.63,-80.07,29.12
31.63,-80.05,29.09
31.63,-80.03,29.01
31.63,-76.41,30.01
31.63,-76.39,29.86
31.63,-76.35,30.0
31.63,-76.33,30.03
31.63,-76.31,30.08
31.63,-76.03,29.91
31.63,-75.99,29.91
31.63,-75.97,29.86
31.63,-75.95,29.85
31.61,-80.87,30.1
31.61,-80.85,30.08
31.61,-80.69,29.18
31.61,-80.15,28.92
31.61,-80.13,29.04
31.61,-80.11,29.02
31.61,-80.09,29.03
31.61,-80.07,29.08
31.61,-80.05,29.05
31.61,-79.61,29.08
31.61,-79.59,29.1
31.61,-76.45,29.86
31.61,-76.43,29.99
31.61,-76.41,30.12
31.61,-76.39,30.0
31.61,-76.37,29.97
31.61,-76.35,30.04
31.61,-76.33,30.08
31.61,-76.13,29.85
31.61,-76.01,29.97
31.61,-75.99,29.9
31.61,-75.97,29.84
31.61,-75.95,29.84
31.61,-75.93,29.92
31.61,-75.79,29.98
31.61,-75.77,29.95
31.61,-75.75,29.92
31.61,-75.73,29.9
31.59,-81.11,30.38
31.59,-81.09,30.37
31.59,-80.87,30.01
31.59,-80.85,29.97
31.59,-80.83,29.93
31.59,-80.69,29.13
31.59,-80.67,29.1
31.59,-80.17,28.84
31.59,-80.15,28.87
31.59,-80.13,28.89
31.59,-80.11,28.91
31.59,-80.09,28.92
31.59,-80.07,28.98
31.59,-79.61,29.12
31.59,-79.59,29.2
31.59,-79.57,29.21
31.59,-76.47,29.7
31.59,-76.45,29.98
31.59,-76.43,30.09
31.59,-76.41,30.04
31.59,-76.39,30.04
31.59,-76.13,29.87
31.59,-76.07,29.85
31.59,-76.05,29.88
31.59,-76.03,29.87
31.59,-76.01,29.95
31.59,-75.99,29.91
31.59,-75.97,29.84
31.59,-75.95,29.82
31.59,-75.93,29.92
31.59,-75.91,30.01
31.59,-75.79,30.0
31.59,-75.77,29.96
31.59,-75.75,29.93
31.59,-75.73,29.95
31.57,-81.11,30.41
31.57,-81.09,30.4
31.57,-80.85,29.92
31.57,-80.83,29.9
31.57,-80.69,29.09
31.57,-80.67,29.06
31.57,-80.15,28.87
31.57,-80.13,28.9
31.57,-80.11,28.87
31.57,-79.65,29.19
31.57,-79.63,29.23
31.57,-79.61,29.21
31.57,-79.59,29.22
31.57,-76.47,29.81
31.57,-76.45,29.99
31.57,-76.43,30.03
31.57,-76.41,30.01
31.57,-76.39,29.98
31.57,-76.37,29.92
31.57,-76.07,29.91
31.57,-76.05,30.05
31.57,-76.03,30.14
31.57,-76.01,29.98
31.57,-75.99,29.9
31.57,-75.97,29.82
31.57,-75.95,29.82
31.57,-75.93,29.85
31.57,-75.91,30.1
31.57,-75.79,30.01
31.57,-75.77,30.05
31.55,-81.11,30.38
31.55,-81.09,30.36
31.55,-80.89,30.12
31.55,-80.87,30.03
31.55,-80.85,29.96
31.55,-80.73,29.11
31.55,-80.71,29.08
31.55,-80.69,29.05
31.55,-80.67,28.96
31.55,-80.15,28.87
31.55,-80.13,28.9
31.55,-80.11,28.88
31.55,-80.09,28.9
31.55,-79.67,29.23
31.55,-79.65,29.29
31.55,-79.63,29.32
31.55,-79.61,29.29
31.55,-79.59,29.23
31.55,-76.45,30.02
31.55,-76.43,30.01
31.55,-76.41,30.04
31.55,-76.39,30.04
31.55,-76.37,29.93
31.55,-76.09,30.1
31.55,-76.07,30.08
31.55,-76.05,30.05
31.55,-76.03,30.07
31.55,-76.01,30.02
31.55,-75.99,29.88
31.55,-75.97,29.82
31.55,-75.95,29.82
31.55,-75.93,29.85
31.55,-75.91,30.25
31.55,-75.89,30.3
31.55,-75.79,30.0
31.55,-75.77,30.19
31.55,-75.75,30.18
31.55,-75.69,30.18
31.53,-81.13,30.22
31.53,-81.11,30.22
31.53,-81.09,30.18
31.53,-80.91,30.09
31.53,-80.89,30.12
31.53,-80.87,30.02
31.53,-80.85,29.92
31.53,-80.71,29.09
31.53,-80.69,29.05
31.53,-80.15,28.89
31.53,-80.13,28.92
31.53,-80.11,28.89
31.53,-80.09,28.89
31.53,-80.07,28.97
31.53,-80.05,28.94
31.53,-80.03,28.88
31.53,-79.95,28.36
31.53,-79.93,28.41
31.53,-79.91,28.42
31.53,-79.89,28.58
31.53,-79.87,28.58
31.53,-79.85,28.52
31.53,-79.69,29.3
31.53,-79.67,29.38
31.53,-79.65,29.34
31.53,-79.63,29.25
31.53,-79.61,29.17
31.53,-76.47,30.04
31.53,-76.45,30.03
31.53,-76.43,30.11
31.53,-76.41,30.22
31.53,-76.39,30.2
31.53,-76.37,30.13
31.53,-76.15,29.88
31.53,-76.13,29.9
31.53,-76.11,30.06
31.53,-76.09,30.13
31.53,-76.07,30.18
31.53,-76.05,30.13
31.53,-76.03,30.04
31.53,-76.01,30.01
31.53,-75.99,29.99
31.53,-75.97,29.87
31.53,-75.95,29.85
31.53,-75.93,29.92
31.53,-75.91,30.18
31.53,-75.89,30.23
31.53,-75.81,30.05
31.53,-75.79,30.1
31.53,-75.77,30.19
31.53,-75.71,30.06
31.53,-75.69,30.09
31.51,-81.13,30.32
31.51,-81.11,30.33
31.51,-81.09,30.18
31.51,-80.97,30.11
31.51,-80.95,30.14
31.51,-80.93,30.12
31.51,-80.91,30.07
31.51,-80.89,30.07
31.51,-80.87,29.88
31.51,-80.85,29.82
31.51,-80.17,28.8
31.51,-80.15,28.83
31.51,-80.13,28.92
31.51,-80.11,28.91
31.51,-80.09,28.9
31.51,-80.07,28.97
31.51,-80.05,29.0
31.51,-80.03,28.97
31.51,-80.01,28.95
31.51,-79.99,28.94
31.51,-79.95,28.42
31.51,-79.93,28.48
31.51,-79.91,28.51
31.51,-79.89,28.69
31.51,-79.87,28.64
31.51,-79.73,28.69
31.51,-79.71,29.02
31.51,-79.69,29.4
31.51,-79.67,29.37
31.51,-79.65,29.27
31.51,-79.63,29.14
31.51,-79.61,29.08
31.51,-79.57,29.07
31.51,-79.55,29.1
31.51,-76.45,30.02
31.51,-76.43,30.18
31.51,-76.41,30.22
31.51,-76.39,30.14
31.51,-76.37,30.08
31.51,-76.15,29.93
31.51,-76.13,29.96
31.51,-76.11,30.01
31.51,-76.09,30.16
31.51,-76.07,30.3
31.51,-76.05,30.24
31.51,-76.03,30.04
31.51,-76.01,29.98
31.51,-75.99,30.05
31.51,-75.97,29.93
31.51,-75.95,29.89
31.51,-75.93,29.89
31.51,-75.91,29.99
31.51,-75.89,30.04
31.51,-75.85,30.11
31.51,-75.83,30.11
31.51,-75.81,30.06
31.51,-75.79,30.07
31.51,-75.77,30.17
31.51,-75.71,29.9
31.51,-75.69,29.93
31.49,-81.13,30.29
31.49,-81.11,30.23
31.49,-80.99,30.21
31.49,-80.97,30.24
31.49,-80.95,30.17
31.49,-80.93,30.07
31.49,-80.91,29.98
31.49,-80.89,29.99
31.49,-80.87,29.75
31.49,-80.19,28.64
31.49,-80.17,28.75
31.49,-80.15,28.82
31.49,-80.13,28.86
31.49,-80.11,28.85
31.49,-80.09,28.91
31.49,-80.07,28.96
31.49,-80.05,28.98
31.49,-80.03,28.98
31.49,-80.01,28.96
31.49,-79.99,28.92
31.49,-79.97,28.71
31.49,-79.95,28.64
31.49,-79.93,28.67
31.49,-79.91,28.72
31.49,-79.89,28.76
31.49,-79.87,28.65
31.49,-79.73,28.92
31.49,-79.71,29.21
31.49,-79.69,29.32
31.49,-79.67,29.33
31.49,-79.63,29.05
31.49,-79.61,29.05
31.49,-79.59,29.1
31.49,-79.57,29.12
31.49,-76.47,29.95
31.49,-76.45,30.2
31.49,-76.43,30.23
31.49,-76.41,30.25
31.49,-76.39,30.08
31.49,-76.37,30.08
31.49,-76.15,30.23
31.49,-76.13,30.19
31.49,-76.09,30.14
31.49,-76.07,30.21
31.49,-76.05,30.1
31.49,-76.03,29.99
31.49,-76.01,29.96
31.49,-75.99,30.02
31.49,-75.97,29.92
31.49,-75.95,29.9
31.49,-75.93,29.9
31.49,-75.91,29.91
31.49,-75.89,29.9
31.49,-75.87,29.96
31.49,-75.85,30.02
31.49,-75.83,30.16
31.49,-75.79,30.18
31.49,-75.77,30.36
31.47,-81.15,30.29
31.47,-81.13,30.28
31.47,-81.11,30.27
31.47,-80.99,30.18
31.47,-80.97,30.16
31.47,-80.95,30.1
31.47,-80.93,30.01
31.47,-80.91,29.88
31.47,-80.89,29.85
31.47,-80.87,29.64
31.47,-80.21,28.68
31.47,-80.19,28.7
31.47,-80.17,28.74
31.47,-80.15,28.84
31.47,-80.13,28.92
31.47,-80.11,28.93
31.47,-80.09,28.95
31.47,-80.07,28.95
31.47,-80.05,28.94
31.47,-80.03,28.95
31.47,-80.01,28.92
31.47,-79.99,28.89
31.47,-79.97,28.77
31.47,-79.95,28.82
31.47,-79.93,28.9
31.47,-79.91,28.89
31.47,-79.89,28.86
31.47,-79.87,28.82
31.47,-79.73,29.22
31.47,-79.71,29.27
31.47,-79.69,29.31
31.47,-79.67,29.28
31.47,-79.65,29.17
31.47,-79.63,29.02
31.47,-79.61,29.05
31.47,-79.59,29.09
31.47,-79.57,29.09
31.47,-76.51,29.74
31.47,-76.49,29.83
31.47,-76.47,29.91
31.47,-76.45,30.05
31.47,-76.43,30.22
31.47,-76.41,30.32
31.47,-76.39,30.37
31.47,-76.29,29.93
31.47,-76.27,29.82
31.47,-76.07,30.06
31.47,-76.05,30.04
31.47,-76.01,30.15
31.47,-75.99,30.09
31.47,-75.97,30.06
31.47,-75.95,29.95
31.47,-75.93,29.92
31.47,-75.91,29.92
31.47,-75.89,29.91
31.47,-75.87,30.05
31.47,-75.85,30.02
31.47,-75.79,30.19
31.47,-75.77,30.2
31.47,-75.75,30.18
31.45,-81.15,30.22
31.45,-81.13,30.28
31.45,-81.11,30.34
31.45,-81.09,30.18
31.45,-80.99,30.09
31.45,-80.97,30.09
31.45,-80.95,29.95
31.45,-80.93,29.77
31.45,-80.91,29.74
31.45,-80.89,29.69
31.45,-80.23,28.72
31.45,-80.21,28.75
31.45,-80.19,28.79
31.45,-80.17,28.83
31.45,-80.15,28.9
31.45,-80.13,28.9
31.45,-80.11,28.94
31.45,-80.09,28.96
31.45,-80.07,28.93
31.45,-80.05,28.91
31.45,-80.03,28.96
31.45,-80.01,28.94
31.45,-79.99,28.91
31.45,-79.97,28.92
31.45,-79.95,28.96
31.45,-79.93,28.94
31.45,-79.91,28.89
31.45,-79.89,28.92
31.45,-79.87,28.83
31.45,-79.83,28.64
31.45,-79.81,28.63
31.45,-79.73,29.01
31.45,-79.71,29.18
31.45,-79.69,29.28
31.45,-79.67,29.14
31.45,-79.65,29.1
31.45,-79.63,29.04
31.45,-79.61,29.09
31.45,-79.59,29.1
31.45,-77.91,29.42
31.45,-76.67,29.79
31.45,-76.51,29.72
31.45,-76.49,29.77
31.45,-76.47,30.03
31.45,-76.45,30.06
31.45,-76.43,30.0
31.45,-76.41,30.2
31.45,-76.39,30.24
31.45,-76.31,30.02
31.45,-76.29,29.99
31.45,-76.27,29.96
31.45,-76.25,29.81
31.45,-76.23,29.86
31.45,-76.21,29.89
31.45,-76.19,30.26
31.45,-76.17,30.23
31.45,-76.15,30.16
31.45,-76.13,30.14
31.45,-76.11,30.2
31.45,-76.09,30.32
31.45,-76.07,30.2
31.45,-76.05,29.98
31.45,-76.01,30.13
31.45,-75.99,30.07
31.45,-75.97,30.06
31.45,-75.95,29.99
31.45,-75.87,30.04
31.45,-75.85,30.06
31.45,-75.83,30.12
31.45,-75.81,30.12
31.45,-75.79,30.13
31.45,-75.77,30.19
31.43,-81.17,30.07
31.43,-81.15,30.13
31.43,-81.13,30.21
31.43,-81.11,30.24
31.43,-81.09,30.14
31.43,-81.07,30.02
31.43,-81.01,29.95
31.43,-80.99,30.08
31.43,-80.97,30.0
31.43,-80.95,29.79
31.43,-80.93,29.69
31.43,-80.21,28.81
31.43,-80.19,28.89
31.43,-80.17,28.89
31.43,-80.15,28.92
31.43,-80.13,28.93
31.43,-80.11,28.96
31.43,-80.09,28.96
31.43,-80.07,28.96
31.43,-80.05,28.93
31.43,-80.03,28.96
31.43,-80.01,28.96
31.43,-79.99,28.91
31.43,-79.97,28.94
31.43,-79.95,29.0
31.43,-79.93,29.0
31.43,-79.91,28.96
31.43,-79.89,28.9
31.43,-79.87,28.97
31.43,-79.85,28.67
31.43,-79.73,29.18
31.43,-79.71,29.28
31.43,-79.69,29.2
31.43,-79.67,29.08
31.43,-79.65,29.14
31.43,-79.63,29.07
31.43,-79.61,29.04
31.43,-77.95,29.58
31.43,-77.93,29.53
31.43,-77.91,29.44
31.43,-76.49,29.87
31.43,-76.43,30.03
31.43,-76.39,30.07
31.43,-76.37,30.05
31.43,-76.35,30.0
31.43,-76.31,30.07
31.43,-76.29,30.04
31.43,-76.27,30.03
31.43,-76.25,30.15
31.43,-76.23,30.09
31.43,-76.17,30.24
31.43,-76.15,30.18
31.43,-76.09,30.17
31.43,-76.07,30.18
31.43,-76.01,30.18
31.43,-75.99,30.12
31.43,-75.97,30.07
31.43,-75.95,30.04
31.43,-75.89,29.78
31.43,-75.87,29.91
31.43,-75.85,29.98
31.43,-75.83,30.05
31.43,-75.81,30.08
31.43,-75.79,30.08
31.43,-75.77,30.06
31.41,-81.17,30.08
31.41,-81.15,30.12
31.41,-81.13,30.16
31.41,-81.11,30.01
31.41,-81.09,29.98
31.41,-81.07,29.92
31.41,-81.03,29.82
31.41,-81.01,29.87
31.41,-80.99,29.98
31.41,-80.97,29.91
31.41,-80.95,29.79
31.41,-80.21,28.88
31.41,-80.19,28.91
31.41,-80.17,28.9
31.41,-80.15,28.95
31.41,-80.13,28.97
31.41,-80.11,28.96
31.41,-80.09,28.98
31.41,-80.07,28.98
31.41,-80.05,28.93
31.41,-80.03,28.94
31.41,-80.01,28.92
31.41,-79.99,28.85
31.41,-79.97,28.87
31.41,-79.95,28.99
31.41,-79.93,28.99
31.41,-79.91,28.94
31.41,-79.89,28.87
31.41,-79.87,29.02
31.41,-79.85,28.82
31.41,-79.73,29.26
31.41,-79.71,29.29
31.41,-79.69,29.09
31.41,-79.67,29.13
31.41,-79.65,29.15
31.41,-79.63,29.1
31.41,-78.01,29.34
31.41,-77.99,29.38
31.41,-77.97,29.43
31.41,-77.95,29.62
31.41,-77.93,29.64
31.41,-76.53,29.77
31.41,-76.51,29.79
31.41,-76.49,29.99
31.41,-76.47,30.02
31.41,-76.37,30.05
31.41,-76.35,29.99
31.41,-76.33,29.87
31.41,-76.31,29.92
31.41,-76.29,30.03
31.41,-76.27,30.06
31.41,-76.25,30.2
31.41,-76.23,30.26
31.41,-76.17,30.16
31.41,-76.15,30.17
31.41,-76.09,30.14
31.41,-76.07,30.15
31.41,-76.05,30.13
31.41,-76.03,30.22
31.41,-76.01,30.22
31.41,-75.99,30.15
31.41,-75.97,30.08
31.41,-75.89,29.77
31.41,-75.85,29.93
31.41,-75.83,29.93
31.41,-75.81,29.98
31.41,-75.79,30.0
31.39,-81.21,30.04
31.39,-81.19,30.14
31.39,-81.17,30.15
31.39,-81.15,30.13
31.39,-81.13,30.05
31.39,-81.11,29.97
31.39,-81.09,29.99
31.39,-81.07,29.97
31.39,-81.01,29.86
31.39,-80.99,29.75
31.39,-80.97,29.68
31.39,-80.23,28.74
31.39,-80.21,28.83
31.39,-80.19,28.86
31.39,-80.17,28.89
31.39,-80.15,28.87
31.39,-80.13,28.95
31.39,-80.11,28.96
31.39,-80.09,28.99
31.39,-80.07,28.91
31.39,-80.05,28.87
31.39,-80.03,28.92
31.39,-80.01,28.97
31.39,-79.99,28.82
31.39,-79.97,28.89
31.39,-79.95,28.92
31.39,-79.93,28.93
31.39,-79.91,28.93
31.39,-79.89,28.97
31.39,-79.87,28.87
31.39,-79.77,29.15
31.39,-79.73,29.1
31.39,-79.71,29.08
31.39,-79.69,29.09
31.39,-79.67,29.1
31.39,-79.65,29.06
31.39,-79.63,29.06
31.39,-79.55,29.34
31.39,-78.01,29.33
31.39,-77.99,29.36
31.39,-77.97,29.66
31.39,-77.95,29.63
31.39,-77.93,29.62
31.39,-76.53,29.77
31.39,-76.51,29.78
31.39,-76.41,30.09
31.39,-76.39,30.06
31.39,-76.35,29.93
31.39,-76.33,29.91
31.39,-76.31,29.93
31.39,-76.29,30.07
31.39,-76.27,30.11
31.39,-76.25,30.28
31.39,-76.23,30.32
31.39,-76.17,30.13
31.39,-76.15,30.12
31.39,-76.13,30.13
31.39,-76.11,30.16
31.39,-76.05,30.27
31.39,-76.03,30.26
31.39,-76.01,30.32
31.39,-75.21,29.84
31.37,-81.21,30.06
31.37,-81.19,30.12
31.37,-81.17,30.02
31.37,-81.15,30.03
31.37,-81.13,29.97
31.37,-81.11,29.94
31.37,-81.09,29.97
31.37,-81.07,29.98
31.37,-80.99,29.74
31.37,-80.97,29.65
31.37,-80.23,28.72
31.37,-80.21,28.81
31.37,-80.19,28.84
31.37,-80.17,28.87
31.37,-80.15,28.88
31.37,-80.13,28.9
31.37,-80.11,28.89
31.37,-80.09,28.93
31.37,-80.07,28.89
31.37,-80.05,28.83
31.37,-80.03,28.86
31.37,-80.01,28.96
31.37,-79.99,29.09
31.37,-79.97,28.86
31.37,-79.95,28.8
31.37,-79.93,28.84
31.37,-79.91,28.9
31.37,-79.89,28.98
31.37,-79.87,29.01
31.37,-79.79,29.04
31.37,-79.73,29.09
31.37,-79.71,29.09
31.37,-79.69,29.11
31.37,-79.67,29.06
31.37,-79.57,29.33
31.37,-79.55,29.35
31.37,-78.01,29.34
31.37,-77.99,29.45
31.37,-77.97,29.57
31.37,-77.25,29.48
31.37,-77.23,29.5
31.37,-77.21,29.52
31.37,-76.55,29.86
31.37,-76.53,30.03
31.37,-76.51,29.93
31.37,-76.39,30.05
31.37,-76.37,30.03
31.37,-76.35,30.03
31.37,-76.33,29.94
31.37,-76.31,29.96
31.37,-76.29,30.05
31.37,-76.27,30.07
31.37,-76.25,30.25
31.37,-76.23,30.27
31.37,-76.15,30.05
31.37,-76.13,30.11
31.37,-76.11,30.12
31.37,-76.03,30.26
31.37,-75.99,30.4
31.37,-75.91,29.78
31.37,-75.23,29.86
31.37,-75.21,30.07
31.35,-81.21,30.17
31.35,-81.19,30.23
31.35,-81.17,30.17
31.35,-81.15,30.05
31.35,-81.09,29.99
31.35,-81.07,30.02
31.35,-80.99,29.79
31.35,-80.97,29.7
31.35,-80.23,28.63
31.35,-80.21,28.68
31.35,-80.19,28.76
31.35,-80.17,28.8
31.35,-80.15,28.84
31.35,-80.13,28.82
31.35,-80.11,28.85
31.35,-80.09,28.86
31.35,-80.07,28.9
31.35,-80.05,28.98
31.35,-80.03,28.99
31.35,-80.01,29.0
31.35,-79.99,28.96
31.35,-79.95,28.81
31.35,-79.93,28.89
31.35,-79.91,28.96
31.35,-79.89,29.03
31.35,-79.87,29.06
31.35,-79.75,29.02
31.35,-79.73,29.05
31.35,-79.71,29.1
31.35,-79.69,29.14
31.35,-79.67,29.05
31.35,-79.57,29.33
31.35,-78.01,29.34
31.35,-77.91,29.44
31.35,-77.89,29.38
31.35,-77.87,29.38
31.35,-77.27,29.47
31.35,-77.25,29.51
31.35,-77.23,29.54
31.35,-77.21,29.52
31.35,-76.43,29.96
31.35,-76.41,29.98
31.35,-76.39,30.06
31.35,-76.37,30.01
31.35,-76.35,29.97
31.35,-76.33,30.05
31.35,-76.31,29.98
31.35,-76.29,30.01
31.35,-76.27,30.15
31.35,-76.25,30.19
31.35,-76.09,30.15
31.35,-76.01,30.26
31.35,-75.99,30.22
31.35,-75.89,29.76
31.35,-75.25,29.72
31.35,-75.23,29.78
31.35,-75.21,29.88
31.33,-81.23,30.25
31.33,-81.21,30.3
31.33,-81.19,30.33
31.33,-81.17,30.23
31.33,-81.15,30.1
31.33,-81.13,29.99
31.33,-81.11,29.96
31.33,-81.09,29.99
31.33,-81.07,30.04
31.33,-81.03,29.9
31.33,-81.01,29.84
31.33,-80.99,29.77
31.33,-80.97,29.71
31.33,-80.23,28.65
31.33,-80.21,28.69
31.33,-80.19,28.76
31.33,-80.17,28.79
31.33,-80.13,28.82
31.33,-80.11,28.84
31.33,-80.09,28.83
31.33,-80.07,28.86
31.33,-80.05,28.84
31.33,-80.03,28.86
31.33,-80.01,29.01
31.33,-79.99,28.96
31.33,-79.91,28.9
31.33,-79.89,28.9
31.33,-79.57,29.42
31.33,-79.55,29.52
31.33,-78.33,29.49
31.33,-78.31,29.61
31.33,-77.95,29.4
31.33,-77.93,29.42
31.33,-77.27,29.44
31.33,-77.25,29.5
31.33,-77.23,29.54
31.33,-76.61,29.99
31.33,-76.59,29.85
31.33,-76.55,30.05
31.33,-76.43,29.97
31.33,-76.41,29.99
31.33,-76.39,30.03
31.33,-76.37,30.06
31.33,-76.35,30.1
31.33,-76.33,30.09
31.33,-76.31,30.04
31.33,-76.29,30.0
31.33,-76.27,30.08
31.33,-76.25,30.16
31.33,-76.09,30.15
31.33,-76.01,30.2
31.33,-75.99,30.22
31.33,-75.89,29.8
31.33,-75.29,29.83
31.33,-75.27,29.79
31.33,-75.25,29.78
31.33,-75.23,29.78
31.33,-75.21,29.83
31.31,-81.25,30.0
31.31,-81.23,30.27
31.31,-81.21,30.36
31.31,-81.19,30.33
31.31,-81.17,30.19
31.31,-81.15,30.05
31.31,-81.13,29.84
31.31,-81.11,29.89
31.31,-81.09,29.95
31.31,-81.07,29.89
31.31,-81.05,29.76
31.31,-81.01,29.73
31.31,-80.23,28.7
31.31,-80.21,28.72
31.31,-80.19,28.78
31.31,-80.17,28.75
31.31,-80.15,28.73
31.31,-80.13,28.83
31.31,-80.11,28.78
31.31,-80.09,28.81
31.31,-80.07,28.98
31.31,-80.05,29.08
31.31,-80.03,29.03
31.31,-80.01,28.92
31.31,-79.97,28.95
31.31,-79.95,29.1
31.31,-79.91,28.91
31.31,-79.89,28.93
31.31,-79.83,29.09
31.31,-79.81,29.04
31.31,-78.45,29.43
31.31,-78.43,29.39
31.31,-78.41,29.4
31.31,-78.39,29.48
31.31,-78.37,29.53
31.31,-78.33,29.46
31.31,-78.31,29.74
31.31,-78.29,29.74
31.31,-78.25,29.37
31.31,-77.95,29.45
31.31,-77.93,29.47
31.31,-77.27,29.45
31.31,-77.25,29.45
31.31,-77.23,29.47
31.31,-76.61,29.99
31.31,-76.59,29.89
31.31,-76.57,29.82
31.31,-76.55,29.96
31.31,-76.53,30.05
31.31,-76.43,30.06
31.31,-76.41,30.08
31.31,-76.39,30.08
31.31,-76.37,30.08
31.31,-76.35,30.05
31.31,-76.33,30.03
31.31,-76.31,30.01
31.31,-76.29,30.11
31.31,-76.27,30.09
31.31,-76.01,30.14
31.31,-75.99,30.19
31.31,-75.97,30.21
31.31,-75.29,29.87
31.31,-75.27,29.83
31.31,-75.25,29.85
31.31,-75.23,29.8
31.31,-75.21,29.78
31.29,-81.27,29.94
31.29,-81.25,29.99
31.29,-81.23,30.23
31.29,-81.21,30.35
31.29,-81.19,30.27
31.29,-81.17,30.14
31.29,-81.15,29.97
31.29,-81.13,29.85
31.29,-81.11,29.9
31.29,-81.09,29.95
31.29,-81.07,29.82
31.29,-81.05,29.73
31.29,-80.99,29.65
31.29,-80.97,29.6
31.29,-80.21,28.73
31.29,-80.19,28.74
31.29,-80.17,28.75
31.29,-80.15,28.86
31.29,-80.13,28.89
31.29,-80.11,28.94
31.29,-80.09,28.99
31.29,-80.07,29.05
31.29,-80.05,29.15
31.29,-80.03,29.18
31.29,-80.01,28.94
31.29,-79.97,28.88
31.29,-79.81,29.12
31.29,-78.49,29.31
31.29,-78.47,29.36
31.29,-78.45,29.5
31.29,-78.43,29.43
31.29,-78.41,29.46
31.29,-78.39,29.61
31.29,-78.37,29.65
31.29,-78.33,29.72
31.29,-78.31,29.74
31.29,-78.29,29.63
31.29,-78.27,29.57
31.29,-78.01,29.44
31.29,-77.99,29.46
31.29,-77.97,29.57
31.29,-77.95,29.52
31.29,-77.93,29.56
31.29,-77.91,29.58
31.29,-76.69,29.82
31.29,-76.67,29.81
31.29,-76.61,29.87
31.29,-76.59,29.81
31.29,-76.57,29.88
31.29,-76.55,29.92
31.29,-76.53,30.1
31.29,-76.51,30.21
31.29,-76.49,30.19
31.29,-76.47,30.11
31.29,-76.45,30.15
31.29,-76.43,30.2
31.29,-76.41,30.19
31.29,-76.35,30.1
31.29,-76.33,30.09
31.29,-76.31,30.19
31.29,-76.29,30.21
31.29,-76.03,30.17
31.29,-76.01,30.16
31.29,-75.99,30.15
31.29,-75.89,29.83
31.29,-75.87,29.81
31.29,-75.33,29.75
31.29,-75.31,29.87
31.29,-75.29,29.89
31.29,-75.27,29.81
31.29,-75.25,29.88
31.29,-75.23,29.79
31.27,-81.25,30.21
31.27,-81.23,30.29
31.27,-81.21,30.33
31.27,-81.19,30.24
31.27,-81.17,30.12
31.27,-81.15,29.96
31.27,-81.13,29.9
31.27,-81.11,29.92
31.27,-81.09,29.91
31.27,-81.07,29.79
31.27,-80.23,28.53
31.27,-80.21,28.54
31.27,-80.19,28.76
31.27,-80.17,28.83
31.27,-80.15,28.91
31.27,-80.13,28.92
31.27,-80.11,28.99
31.27,-80.09,29.05
31.27,-80.07,29.16
31.27,-80.05,29.25
31.27,-80.03,29.27
31.27,-80.01,28.94
31.27,-79.99,28.92
31.27,-79.95,29.2
31.27,-79.93,29.06
31.27,-79.91,29.15
31.27,-79.85,29.32
31.27,-79.83,29.31
31.27,-79.81,29.16
31.27,-79.79,29.13
31.27,-78.51,29.41
31.27,-78.49,29.56
31.27,-78.47,29.5
31.27,-78.45,29.51
31.27,-78.43,29.45
31.27,-78.41,29.54
31.27,-78.39,29.63
31.27,-78.37,29.76
31.27,-78.35,29.83
31.27,-78.33,29.72
31.27,-78.31,29.72
31.27,-78.29,29.4
31.27,-78.27,29.39
31.27,-78.01,29.48
31.27,-77.99,29.57
31.27,-77.97,29.59
31.27,-77.95,29.56
31.27,-77.93,29.59
31.27,-76.71,29.84
31.27,-76.69,29.86
31.27,-76.67,29.89
31.27,-76.63,29.84
31.27,-76.59,29.84
31.27,-76.57,29.89
31.27,-76.55,29.96
31.27,-76.53,30.05
31.27,-76.51,30.17
31.27,-76.49,30.24
31.27,-76.47,30.18
31.27,-76.45,30.19
31.27,-76.43,30.18
31.27,-76.41,30.13
31.27,-76.39,30.14
31.27,-76.37,30.13
31.27,-76.35,30.11
31.27,-76.33,30.1
31.27,-76.31,30.16
31.27,-76.03,30.23
31.27,-76.01,30.33
31.27,-75.99,30.22
31.27,-75.87,29.87
31.27,-75.35,29.8
31.27,-75.33,29.78
31.27,-75.31,29.84
31.27,-75.29,29.94
31.27,-75.27,29.77
31.27,-75.25,29.69
31.27,-75.23,29.69
31.25,-81.27,30.24
31.25,-81.25,30.31
31.25,-81.23,30.37
31.25,-81.21,30.31
31.25,-81.19,30.13
31.25,-81.17,30.01
31.25,-81.15,30.0
31.25,-81.13,29.86
31.25,-81.11,29.75
31.25,-81.09,29.67
31.25,-81.07,29.65
31.25,-80.23,28.51
31.25,-80.21,28.6
31.25,-80.19,28.73
31.25,-80.17,28.91
31.25,-80.15,28.97
31.25,-80.13,28.93
31.25,-80.11,28.91
31.25,-80.09,28.96
31.25,-80.07,29.18
31.25,-80.05,29.23
31.25,-80.03,29.16
31.25,-80.01,28.85
31.25,-79.91,29.28
31.25,-79.89,29.34
31.25,-79.87,29.32
31.25,-79.85,29.23
31.25,-79.83,29.23
31.25,-79.79,29.14
31.25,-78.53,29.46
31.25,-78.51,29.4
31.25,-78.49,29.58
31.25,-78.47,29.55
31.25,-78.45,29.48
31.25,-78.43,29.45
31.25,-78.41,29.54
31.25,-78.39,29.61
31.25,-78.37,29.7
31.25,-78.35,29.79
31.25,-78.29,29.33
31.25,-78.09,29.36
31.25,-78.07,29.6
31.25,-78.01,29.61
31.25,-77.99,29.66
31.25,-76.69,29.97
31.25,-76.67,30.0
31.25,-76.65,29.92
31.25,-76.63,29.9
31.25,-76.59,29.93
31.25,-76.57,29.96
31.25,-76.55,30.02
31.25,-76.53,30.06
31.25,-76.51,30.13
31.25,-76.49,30.21
31.25,-76.47,30.19
31.25,-76.45,30.2
31.25,-76.43,30.2
31.25,-76.41,30.2
31.25,-76.39,30.2
31.25,-76.37,30.16
31.25,-76.35,30.22
31.25,-76.33,30.27
31.25,-76.05,30.16
31.25,-76.03,30.26
31.25,-76.01,30.38
31.25,-75.99,30.42
31.25,-75.91,29.97
31.25,-75.35,29.92
31.25,-75.33,29.97
31.25,-75.31,29.87
31.25,-75.29,29.84
31.25,-75.27,29.78
31.25,-75.25,29.64
31.25,-75.23,29.65
31.23,-81.27,30.24
31.23,-81.25,30.4
31.23,-81.23,30.4
31.23,-81.21,30.23
31.23,-81.19,30.07
31.23,-81.17,29.97
31.23,-81.15,29.84
31.23,-81.13,29.72
31.23,-81.11,29.65
31.23,-81.09,29.64
31.23,-80.21,28.68
31.23,-80.19,28.76
31.23,-80.17,28.85
31.23,-80.15,28.9
31.23,-80.13,28.93
31.23,-80.11,28.99
31.23,-80.09,29.02
31.23,-80.07,29.07
31.23,-80.05,29.0
31.23,-80.03,28.94
31.23,-79.93,29.21
31.23,-79.91,29.29
31.23,-79.87,29.29
31.23,-79.85,29.24
31.23,-79.83,29.25
31.23,-79.81,29.11
31.23,-79.79,29.14
31.23,-78.53,29.52
31.23,-78.51,29.5
31.23,-78.49,29.43
31.23,-78.47,29.53
31.23,-78.45,29.53
31.23,-78.43,29.42
31.23,-78.41,29.53
31.23,-78.39,29.61
31.23,-78.37,29.65
31.23,-78.35,29.65
31.23,-78.33,29.54
31.23,-78.11,29.36
31.23,-78.09,29.58
31.23,-78.07,29.7
31.23,-78.01,29.52
31.23,-77.99,29.59
31.23,-77.97,29.63
31.23,-77.91,29.59
31.23,-76.87,29.69
31.23,-76.85,29.69
31.23,-76.77,29.82
31.23,-76.75,29.79
31.23,-76.69,30.11
31.23,-76.67,30.12
31.23,-76.65,29.93
31.23,-76.63,29.91
31.23,-76.59,30.03
31.23,-76.53,30.06
31.23,-76.51,30.1
31.23,-76.49,30.16
31.23,-76.47,30.24
31.23,-76.45,30.24
31.23,-76.43,30.21
31.23,-76.41,30.24
31.23,-76.39,30.24
31.23,-76.37,30.22
31.23,-76.35,30.32
31.23,-76.33,30.33
31.23,-76.31,30.33
31.23,-76.09,30.04
31.23,-76.07,30.04
31.23,-76.05,30.15
31.23,-76.03,30.27
31.23,-75.41,29.77
31.23,-75.39,29.89
31.23,-75.37,29.94
31.23,-75.35,29.99
31.23,-75.33,29.96
31.23,-75.31,29.8
31.23,-75.29,29.65
31.23,-75.27,29.69
31.23,-75.25,29.78
31.23,-75.23,29.74
31.23,-75.21,29.76
31.21,-81.31,30.18
31.21,-81.29,30.18
31.21,-81.27,30.28
31.21,-81.25,30.34
31.21,-81.23,30.3
31.21,-81.21,30.12
31.21,-81.19,29.98
31.21,-81.17,29.83
31.21,-81.13,29.67
31.21,-81.11,29.65
31.21,-80.19,28.77
31.21,-80.17,28.79
31.21,-80.15,28.81
31.21,-80.13,28.87
31.21,-80.11,29.0
31.21,-80.09,29.02
31.21,-80.07,29.08
31.21,-80.05,29.05
31.21,-80.03,28.94
31.21,-80.01,28.87
31.21,-79.97,29.3
31.21,-79.95,29.09
31.21,-79.93,29.13
31.21,-79.91,29.32
31.21,-79.89,29.4
31.21,-79.87,29.3
31.21,-79.85,29.3
31.21,-79.83,29.27
31.21,-79.81,29.13
31.21,-78.59,29.29
31.21,-78.57,29.36
31.21,-78.55,29.51
31.21,-78.53,29.52
31.21,-78.51,29.48
31.21,-78.49,29.45
31.21,-78.47,29.35
31.21,-78.45,29.39
31.21,-78.43,29.4
31.21,-78.41,29.56
31.21,-78.39,29.6
31.21,-78.37,29.62
31.21,-78.35,29.61
31.21,-78.33,29.53
31.21,-78.11,29.3
31.21,-78.09,29.4
31.21,-78.07,29.73
31.21,-78.01,29.49
31.21,-77.99,29.49
31.21,-77.97,29.52
31.21,-76.77,29.81
31.21,-76.75,29.81
31.21,-76.67,30.13
31.21,-76.65,29.99
31.21,-76.55,29.98
31.21,-76.53,29.99
31.21,-76.51,30.11
31.21,-76.49,30.1
31.21,-76.47,30.16
31.21,-76.45,30.3
31.21,-76.43,30.28
31.21,-76.41,30.3
31.21,-76.39,30.21
31.21,-76.35,30.22
31.21,-76.15,30.01
31.21,-76.13,30.03
31.21,-76.09,30.03
31.21,-76.07,30.05
31.21,-76.05,30.16
31.21,-76.03,30.25
31.21,-75.97,30.34
31.21,-75.95,30.36
31.21,-75.43,29.81
31.21,-75.41,29.83
31.21,-75.39,29.91
31.21,-75.37,29.95
31.21,-75.35,29.92
31.21,-75.33,29.92
31.21,-75.31,29.75
31.21,-75.29,29.72
31.21,-75.27,29.81
31.21,-75.25,29.8
31.21,-75.23,29.74
31.21,-75.21,29.83
31.19,-81.33,30.1
31.19,-81.31,30.21
31.19,-81.29,30.23
31.19,-81.27,30.22
31.19,-81.25,30.22
31.19,-81.23,30.08
31.19,-81.21,29.94
31.19,-81.19,29.77
31.19,-81.17,29.74
31.19,-81.15,29.6
31.19,-81.13,29.61
31.19,-81.11,29.62
31.19,-80.17,28.8
31.19,-80.15,28.88
31.19,-80.13,28.99
31.19,-80.11,29.08
31.19,-80.09,29.1
31.19,-80.07,29.21
31.19,-80.05,29.19
31.19,-80.03,29.13
31.19,-80.01,29.03
31.19,-79.99,29.32
31.19,-79.97,29.32
31.19,-79.95,29.16
31.19,-79.91,29.23
31.19,-79.89,29.16
31.19,-79.87,29.28
31.19,-79.85,29.23
31.19,-79.83,29.17
31.19,-78.61,29.24
31.19,-78.59,29.42
31.19,-78.57,29.51
31.19,-78.55,29.5
31.19,-78.53,29.49
31.19,-78.51,29.47
31.19,-78.49,29.42
31.19,-78.47,29.33
31.19,-78.45,29.38
31.19,-78.43,29.46
31.19,-78.41,29.54
31.19,-78.39,29.44
31.19,-78.11,29.27
31.19,-78.09,29.36
31.19,-78.07,29.41
31.19,-78.05,29.34
31.19,-78.03,29.36
31.19,-78.01,29.69
31.19,-77.99,29.69
31.19,-76.89,29.78
31.19,-76.87,29.77
31.19,-76.85,29.77
31.19,-76.83,29.78
31.19,-76.77,29.82
31.19,-76.75,29.84
31.19,-76.63,30.12
31.19,-76.61,30.02
31.19,-76.57,30.08
31.19,-76.55,30.04
31.19,-76.53,29.99
31.19,-76.51,30.15
31.19,-76.49,30.13
31.19,-76.47,30.13
31.19,-76.45,30.19
31.19,-76.43,30.29
31.19,-76.41,30.33
31.19,-76.39,30.16
31.19,-76.35,30.21
31.19,-76.33,30.2
31.19,-76.13,29.99
31.19,-76.11,29.99
31.19,-76.09,30.02
31.19,-76.07,30.06
31.19,-76.05,30.16
31.19,-76.03,30.24
31.19,-76.01,30.28
31.19,-75.97,30.26
31.19,-75.95,30.32
31.19,-75.93,30.31
31.19,-75.43,29.84
31.19,-75.41,29.95
31.19,-75.39,29.95
31.19,-75.37,29.93
31.19,-75.35,29.92
31.19,-75.33,29.91
31.19,-75.31,29.89
31.19,-75.29,29.87
31.19,-75.27,29.81
31.19,-75.25,29.82
31.19,-75.23,29.89
31.19,-75.21,29.96
31.17,-81.35,30.14
31.17,-81.33,30.15
31.17,-81.31,30.17
31.17,-81.29,30.23
31.17,-81.27,30.18
31.17,-81.25,30.18
31.17,-81.23,29.9
31.17,-81.21,29.65
31.17,-81.19,29.67
31.17,-81.17,29.69
31.17,-81.15,29.62
31.17,-81.13,29.54
31.17,-81.11,29.52
31.17,-80.19,28.67
31.17,-80.17,28.78
31.17,-80.15,29.03
31.17,-80.13,29.13
31.17,-80.11,29.18
31.17,-80.09,29.21
31.17,-80.03,29.34
31.17,-80.01,29.15
31.17,-79.99,29.27
31.17,-79.97,29.29
31.17,-79.85,29.2
31.17,-78.71,29.18
31.17,-78.61,29.31
31.17,-78.59,29.53
31.17,-78.57,29.54
31.17,-78.55,29.51
31.17,-78.53,29.49
31.17,-78.51,29.51
31.17,-78.49,29.38
31.17,-78.47,29.27
31.17,-78.45,29.37
31.17,-78.43,29.45
31.17,-78.41,29.39
31.17,-78.39,29.31
31.17,-78.37,29.25
31.17,-78.07,29.38
31.17,-78.05,29.4
31.17,-78.03,29.4
31.17,-78.01,29.71
31.17,-76.93,29.63
31.17,-76.89,29.8
31.17,-76.87,29.85
31.17,-76.85,29.87
31.17,-76.83,29.77
31.17,-76.77,29.94
31.17,-76.63,30.13
31.17,-76.61,30.1
31.17,-76.59,30.02
31.17,-76.57,30.01
31.17,-76.55,29.97
31.17,-76.53,30.04
31.17,-76.51,30.07
31.17,-76.49,30.01
31.17,-76.47,30.06
31.17,-76.45,30.16
31.17,-76.43,30.04
31.17,-76.41,30.12
31.17,-76.39,30.1
31.17,-76.23,30.06
31.17,-76.21,30.09
31.17,-76.19,30.1
31.17,-76.13,29.96
31.17,-76.11,30.03
31.17,-76.09,30.09
31.17,-76.07,30.16
31.17,-76.05,30.24
31.17,-76.03,30.26
31.17,-76.01,30.32
31.17,-75.45,29.83
31.17,-75.43,29.85
31.17,-75.41,29.9
31.17,-75.39,29.92
31.17,-75.37,29.95
31.17,-75.35,29.95
31.17,-75.33,29.95
31.17,-75.31,29.92
31.17,-75.29,29.9
31.17,-75.27,29.92
31.17,-75.25,29.9
31.17,-75.23,29.89
31.17,-75.21,29.98
31.15,-81.35,30.16
31.15,-81.33,30.2
31.15,-81.31,30.18
31.15,-81.29,30.05
31.15,-81.27,30.12
31.15,-81.21,29.67
31.15,-81.19,29.67
31.15,-81.17,29.68
31.15,-81.15,29.62
31.15,-81.13,29.48
31.15,-81.11,29.43
31.15,-80.19,28.66
31.15,-80.17,28.97
31.15,-80.15,29.19
31.15,-80.13,29.22
31.15,-80.11,29.24
31.15,-80.09,29.21
31.15,-80.07,29.13
31.15,-80.03,29.18
31.15,-80.01,29.18
31.15,-79.99,29.12
31.15,-79.97,29.17
31.15,-79.95,29.04
31.15,-78.73,29.18
31.15,-78.71,29.19
31.15,-78.61,29.42
31.15,-78.59,29.56
31.15,-78.57,29.52
31.15,-78.55,29.49
31.15,-78.53,29.46
31.15,-78.51,29.47
31.15,-78.49,29.31
31.15,-78.47,29.26
31.15,-78.45,29.44
31.15,-78.43,29.46
31.15,-78.41,29.33
31.15,-78.39,29.23
31.15,-78.37,29.2
31.15,-78.13,29.33
31.15,-78.11,29.4
31.15,-78.03,29.58
31.15,-78.01,29.63
31.15,-76.95,29.6
31.15,-76.93,29.63
31.15,-76.91,29.68
31.15,-76.89,29.74
31.15,-76.87,29.93
31.15,-76.85,29.92
31.15,-76.83,29.73
31.15,-76.79,30.02
31.15,-76.77,30.09
31.15,-76.67,30.12
31.15,-76.65,30.17
31.15,-76.63,30.25
31.15,-76.61,30.11
31.15,-76.59,30.07
31.15,-76.57,30.04
31.15,-76.55,30.03
31.15,-76.53,30.04
31.15,-76.51,30.03
31.15,-76.49,30.04
31.15,-76.47,30.06
31.15,-76.45,30.11
31.15,-76.43,30.12
31.15,-76.41,30.18
31.15,-76.39,30.17
31.15,-76.23,30.1
31.15,-76.15,30.02
31.15,-76.13,30.03
31.15,-76.11,30.04
31.15,-76.09,30.09
31.15,-76.07,30.14
31.15,-76.05,30.15
31.15,-75.47,29.89
31.15,-75.45,29.91
31.15,-75.43,29.95
31.15,-75.41,29.9
31.15,-75.39,29.89
31.15,-75.37,29.97
31.15,-75.35,29.93
31.15,-75.33,29.88
31.15,-75.31,29.91
31.15,-75.29,29.91
31.15,-75.27,29.97
31.15,-75.25,29.97
31.15,-75.23,30.05
31.15,-75.21,30.08
31.13,-81.39,29.99
31.13,-81.37,30.04
31.13,-81.35,30.2
31.13,-81.33,30.23
31.13,-81.17,29.62
31.13,-81.15,29.5
31.13,-81.13,29.45
31.13,-80.15,29.19
31.13,-80.13,29.19
31.13,-80.11,29.22
31.13,-80.09,29.12
31.13,-80.07,29.02
31.13,-80.05,29.02
31.13,-80.03,29.06
31.13,-80.01,29.03
31.13,-79.99,29.0
31.13,-78.71,29.17
31.13,-78.61,29.46
31.13,-78.59,29.54
31.13,-78.57,29.42
31.13,-78.55,29.39
31.13,-78.53,29.43
31.13,-78.49,29.26
31.13,-78.47,29.26
31.13,-78.45,29.35
31.13,-78.43,29.36
31.13,-78.41,29.29
31.13,-78.11,29.43
31.13,-78.09,29.45
31.13,-76.95,29.61
31.13,-76.93,29.63
31.13,-76.91,29.71
31.13,-76.89,29.78
31.13,-76.87,29.93
31.13,-76.85,29.86
31.13,-76.83,29.77
31.13,-76.79,30.03
31.13,-76.77,30.19
31.13,-76.65,30.06
31.13,-76.63,30.26
31.13,-76.61,30.29
31.13,-76.53,30.07
31.13,-76.51,30.1
31.13,-76.49,30.03
31.13,-76.47,29.98
31.13,-76.45,30.03
31.13,-76.43,30.1
31.13,-76.41,30.27
31.13,-76.13,30.05
31.13,-76.11,30.12
31.13,-76.09,30.18
31.13,-76.07,30.13
31.13,-76.05,30.09
31.13,-76.03,30.11
31.13,-76.01,30.14
31.13,-75.99,30.1
31.13,-75.97,30.07
31.13,-75.47,29.94
31.13,-75.45,29.91
31.13,-75.43,29.96
31.13,-75.41,29.97
31.13,-75.39,29.95
31.13,-75.37,29.94
31.13,-75.35,29.96
31.13,-75.33,29.96
31.13,-75.31,29.98
31.13,-75.29,30.03
31.13,-75.27,30.05
31.13,-75.25,30.18
31.13,-75.23,30.29
31.13,-75.21,30.29
31.11,-81.47,30.26
31.11,-81.45,30.26
31.11,-81.43,30.19
31.11,-81.39,29.97
31.11,-81.37,30.03
31.11,-81.35,30.04
31.11,-81.33,30.03
31.11,-80.15,28.94
31.11,-80.11,29.01
31.11,-80.09,28.99
31.11,-80.05,28.88
31.11,-80.03,28.94
31.11,-78.63,29.39
31.11,-78.61,29.4
31.11,-78.59,29.37
31.11,-78.57,29.36
31.11,-78.55,29.38
31.11,-78.53,29.46
31.11,-78.51,29.34
31.11,-78.49,29.27
31.11,-78.47,29.28
31.11,-78.45,29.32
31.11,-78.43,29.32
31.11,-78.41,29.25
31.11,-78.17,29.32
31.11,-78.11,29.53
31.11,-78.09,29.66
31.11,-76.99,29.54
31.11,-76.97,29.57
31.11,-76.95,29.64
31.11,-76.93,29.67
31.11,-76.91,29.75
31.11,-76.89,29.83
31.11,-76.87,29.94
31.11,-76.85,29.89
31.11,-76.83,29.82
31.11,-76.79,29.98
31.11,-76.77,30.04
31.11,-76.69,29.98
31.11,-76.67,30.03
31.11,-76.65,30.16
31.11,-76.63,30.24
31.11,-76.47,29.95
31.11,-76.45,30.04
31.11,-76.41,30.26
31.11,-76.13,30.04
31.11,-76.11,30.09
31.11,-76.09,30.15
31.11,-76.07,30.17
31.11,-76.05,30.18
31.11,-76.03,30.13
31.11,-76.01,30.18
31.11,-75.99,30.23
31.11,-75.97,30.16
31.11,-75.95,30.07
31.11,-75.93,30.05
31.11,-75.49,29.99
31.11,-75.47,30.02
31.11,-75.45,30.1
31.11,-75.43,30.06
31.11,-75.41,30.02
31.11,-75.39,30.02
31.11,-75.37,30.0
31.11,-75.35,29.99
31.11,-75.33,29.95
31.11,-75.31,29.96
31.11,-75.29,30.03
31.11,-75.27,30.07
31.11,-75.25,30.18
31.11,-75.23,30.23
31.09,-81.45,30.29
31.09,-81.39,29.91
31.09,-81.37,29.92
31.09,-81.35,29.96
31.09,-81.33,29.97
31.09,-80.17,28.95
31.09,-80.15,28.91
31.09,-80.13,28.91
31.09,-78.61,29.33
31.09,-78.59,29.31
31.09,-78.53,29.54
31.09,-78.51,29.35
31.09,-78.49,29.39
31.09,-78.47,29.49
31.09,-78.45,29.49
31.09,-78.17,29.39
31.09,-78.15,29.37
31.09,-78.11,29.57
31.09,-78.09,29.63
31.09,-77.03,29.56
31.09,-77.01,29.54
31.09,-76.99,29.54
31.09,-76.97,29.57
31.09,-76.91,29.76
31.09,-76.89,29.86
31.09,-76.87,29.95
31.09,-76.85,29.83
31.09,-76.83,29.81
31.09,-76.81,29.71
31.09,-76.69,29.95
31.09,-76.67,30.06
31.09,-76.65,30.16
31.09,-76.63,30.25
31.09,-76.61,30.26
31.09,-76.59,29.96
31.09,-76.29,30.16
31.09,-76.23,30.04
31.09,-76.15,30.19
31.09,-76.13,30.2
31.09,-76.11,30.27
31.09,-76.09,30.24
31.09,-76.07,30.2
31.09,-76.05,30.2
31.09,-76.03,30.13
31.09,-76.01,30.2
31.09,-75.99,30.27
31.09,-75.97,30.21
31.09,-75.95,30.04
31.09,-75.93,30.07
31.09,-75.51,30.06
31.09,-75.49,30.04
31.09,-75.47,29.99
31.09,-75.45,30.15
31.09,-75.43,30.12
31.09,-75.41,30.11
31.09,-75.39,30.12
31.09,-75.37,30.06
31.09,-75.35,30.04
31.09,-75.33,30.0
31.09,-75.31,29.96
31.09,-75.29,30.06
31.09,-75.27,29.99
31.09,-75.25,29.92
31.09,-75.23,29.89
31.07,-81.39,29.61
31.07,-81.37,29.63
31.07,-81.35,29.87
31.07,-80.23,28.65
31.07,-80.21,28.84
31.07,-80.19,28.91
31.07,-80.17,28.94
31.07,-80.15,28.91
31.07,-78.63,29.33
31.07,-78.61,29.3
31.07,-78.59,29.27
31.07,-78.57,29.38
31.07,-78.55,29.62
31.07,-78.53,29.52
31.07,-78.51,29.45
31.07,-78.49,29.42
31.07,-78.47,29.45
31.07,-78.45,29.39
31.07,-78.17,29.4
31.07,-77.03,29.57
31.07,-77.01,29.6
31.07,-76.99,29.63
31.07,-76.91,30.01
31.07,-76.89,30.01
31.07,-76.87,29.93
31.07,-76.85,29.77
31.07,-76.83,29.77
31.07,-76.81,29.76
31.07,-76.71,30.08
31.07,-76.69,29.96
31.07,-76.67,30.09
31.07,-76.65,30.18
31.07,-76.61,29.88
31.07,-76.59,29.9
31.07,-76.43,29.92
31.07,-76.35,29.98
31.07,-76.33,30.03
31.07,-76.17,30.03
31.07,-76.15,30.04
31.07,-76.13,30.06
31.07,-76.11,30.11
31.07,-76.09,30.16
31.07,-76.03,30.05
31.07,-76.01,30.17
31.07,-75.99,30.25
31.07,-75.97,30.23
31.07,-75.95,30.0
31.07,-75.93,30.05
31.07,-75.51,29.98
31.07,-75.49,29.99
31.07,-75.47,30.02
31.07,-75.45,29.99
31.07,-75.43,29.99
31.07,-75.41,30.12
31.07,-75.39,30.15
31.07,-75.37,30.06
31.07,-75.35,30.04
31.07,-75.33,30.05
31.07,-75.31,30.02
31.07,-75.29,29.99
31.07,-75.27,29.97
31.07,-75.25,29.93
31.07,-75.23,29.92
31.07,-75.21,30.14
31.05,-81.39,29.56
31.05,-80.25,28.74
31.05,-80.23,28.71
31.05,-80.21,28.87
31.05,-80.19,28.88
31.05,-80.17,28.86
31.05,-79.31,29.61
31.05,-78.63,29.33
31.05,-78.61,29.33
31.05,-78.59,29.47
31.05,-78.57,29.51
31.05,-78.55,29.64
31.05,-78.53,29.52
31.05,-78.51,29.47
31.05,-78.49,29.44
31.05,-78.47,29.39
31.05,-78.45,29.35
31.05,-78.15,29.4
31.05,-77.03,29.63
31.05,-77.01,29.61
31.05,-76.99,29.6
31.05,-76.95,29.64
31.05,-76.93,29.77
31.05,-76.91,29.95
31.05,-76.89,29.9
31.05,-76.87,29.94
31.05,-76.85,29.9
31.05,-76.83,29.71
31.05,-76.73,30.22
31.05,-76.71,30.23
31.05,-76.69,30.21
31.05,-76.67,30.19
31.05,-76.65,30.16
31.05,-76.59,30.16
31.05,-76.57,30.18
31.05,-76.43,29.9
31.05,-76.21,30.04
31.05,-76.19,30.07
31.05,-76.17,30.05
31.05,-76.15,29.99
31.05,-76.13,30.06
31.05,-76.11,30.15
31.05,-76.09,30.16
31.05,-76.05,29.82
31.05,-76.03,29.95
31.05,-76.01,30.01
31.05,-75.99,30.07
31.05,-75.97,30.11
31.05,-75.95,30.13
31.05,-75.67,30.51
31.05,-75.65,30.69
31.05,-75.47,29.96
31.05,-75.45,29.91
31.05,-75.43,30.08
31.05,-75.41,30.08
31.05,-75.39,30.11
31.05,-75.37,30.13
31.05,-75.35,30.14
31.05,-75.33,30.1
31.05,-75.31,30.11
31.05,-75.29,30.03
31.05,-75.27,29.97
31.05,-75.25,29.92
31.05,-75.23,29.98
31.05,-75.21,30.02
31.03,-80.27,28.73
31.03,-80.25,28.79
31.03,-80.23,28.82
31.03,-78.65,29.31
31.03,-78.63,29.39
31.03,-78.61,29.38
31.03,-78.59,29.54
31.03,-78.57,29.62
31.03,-78.55,29.64
31.03,-78.53,29.6
31.03,-78.51,29.66
31.03,-78.49,29.52
31.03,-78.47,29.48
31.03,-77.03,29.58
31.03,-77.01,29.6
31.03,-76.93,29.86
31.03,-76.91,29.97
31.03,-76.89,29.92
31.03,-76.87,29.93
31.03,-76.85,29.93
31.03,-76.83,29.65
31.03,-76.73,30.26
31.03,-76.71,30.23
31.03,-76.65,30.19
31.03,-76.63,30.19
31.03,-76.61,30.19
31.03,-76.37,30.11
31.03,-76.25,30.07
31.03,-76.23,30.06
31.03,-76.21,30.05
31.03,-76.19,30.05
31.03,-76.17,30.03
31.03,-76.15,29.97
31.03,-76.13,30.1
31.03,-76.11,30.08
31.03,-76.09,30.02
31.03,-76.07,29.8
31.03,-76.05,29.7
31.03,-76.03,29.77
31.03,-76.01,30.01
31.03,-75.99,30.08
31.03,-75.97,30.09
31.03,-75.67,30.46
31.03,-75.65,30.56
31.03,-75.47,30.04
31.03,-75.45,30.04
31.03,-75.43,30.12
31.03,-75.41,30.13
31.03,-75.39,30.11
31.03,-75.37,30.13
31.03,-75.35,30.12
31.03,-75.33,30.08
31.03,-75.31,30.0
31.03,-75.27,29.9
31.03,-75.25,29.93
31.03,-75.23,29.99
31.03,-75.21,29.94
31.01,-80.27,28.71
31.01,-80.25,28.81
31.01,-80.23,28.72
31.01,-78.65,29.3
31.01,-78.63,29.3
31.01,-78.55,29.58
31.01,-78.53,29.6
31.01,-78.51,29.46
31.01,-78.49,29.5
31.01,-77.05,29.57
31.01,-77.03,29.53
31.01,-77.01,29.46
31.01,-76.95,29.68
31.01,-76.93,29.79
31.01,-76.91,29.93
31.01,-76.89,29.85
31.01,-76.87,29.82
31.01,-76.85,29.7
31.01,-76.75,30.23
31.01,-76.73,30.28
31.01,-76.39,30.14
31.01,-76.37,30.16
31.01,-76.35,30.14
31.01,-76.27,30.0
31.01,-76.25,30.03
31.01,-76.23,30.0
31.01,-76.21,30.06
31.01,-76.19,30.03
31.01,-76.17,30.02
31.01,-76.15,30.06
31.01,-76.13,30.08
31.01,-76.11,30.01
31.01,-76.09,29.93
31.01,-76.01,30.02
31.01,-75.99,30.09
31.01,-75.67,30.19
31.01,-75.65,30.22
31.01,-75.47,30.03
31.01,-75.45,30.05
31.01,-75.43,30.13
31.01,-75.41,30.12
31.01,-75.39,30.06
31.01,-75.37,30.09
31.01,-75.35,30.17
31.01,-75.33,30.15
31.01,-75.27,29.93
31.01,-75.25,30.0
31.01,-75.23,30.0
31.01,-75.21,30.0
30.99,-80.29,28.74
30.99,-80.27,28.73
30.99,-80.25,28.79
30.99,-80.23,28.74
30.99,-78.63,29.3
30.99,-78.61,29.44
30.99,-78.59,29.56
30.99,-78.53,29.45
30.99,-78.51,29.44
30.99,-78.49,29.42
30.99,-77.07,29.66
30.99,-77.05,29.6
30.99,-77.03,29.45
30.99,-76.97,29.53
30.99,-76.95,29.56
30.99,-76.93,29.67
30.99,-76.91,29.84
30.99,-76.89,29.85
30.99,-76.77,30.04
30.99,-76.75,30.09
30.99,-76.39,30.15
30.99,-76.37,30.15
30.99,-76.31,29.87
30.99,-76.29,29.93
30.99,-76.27,30.02
30.99,-76.25,30.05
30.99,-76.23,29.98
30.99,-76.21,29.97
30.99,-76.19,29.99
30.99,-76.17,30.11
30.99,-76.15,30.11
30.99,-76.11,30.02
30.99,-76.09,30.13
30.99,-76.03,30.01
30.99,-76.01,30.06
30.99,-75.99,30.03
30.99,-75.77,30.03
30.99,-75.75,30.02
30.99,-75.73,29.98
30.99,-75.67,30.18
30.99,-75.65,30.17
30.99,-75.63,30.11
30.99,-75.49,29.96
30.99,-75.47,30.02
30.99,-75.45,30.06
30.99,-75.43,30.1
30.99,-75.41,30.11
30.99,-75.39,30.08
30.99,-75.37,30.16
30.99,-75.35,30.2
30.99,-75.33,30.16
30.99,-75.29,29.89
30.99,-75.27,29.97
30.99,-75.25,29.97
30.99,-75.23,29.99
30.99,-75.21,29.98
30.97,-80.43,28.82
30.97,-80.27,28.72
30.97,-80.25,28.74
30.97,-80.23,28.72
30.97,-79.31,29.74
30.97,-79.29,29.75
30.97,-78.63,29.35
30.97,-78.61,29.43
30.97,-78.59,29.46
30.97,-78.55,29.54
30.97,-78.53,29.44
30.97,-78.51,29.46
30.97,-77.05,29.65
30.97,-76.93,29.79
30.97,-76.91,29.82
30.97,-76.89,29.84
30.97,-76.79,29.86
30.97,-76.77,30.03
30.97,-76.75,30.08
30.97,-76.73,30.16
30.97,-76.71,30.27
30.97,-76.69,30.31
30.97,-76.61,30.03
30.97,-76.51,29.7
30.97,-76.43,29.95
30.97,-76.41,30.0
30.97,-76.39,30.03
30.97,-76.37,30.1
30.97,-76.35,30.01
30.97,-76.31,29.99
30.97,-76.29,29.97
30.97,-76.27,29.97
30.97,-76.25,30.02
30.97,-76.23,29.97
30.97,-76.17,30.18
30.97,-76.15,30.18
30.97,-76.11,30.15
30.97,-76.09,30.16
30.97,-76.07,30.16
30.97,-76.05,29.95
30.97,-76.03,29.92
30.97,-76.01,30.0
30.97,-75.77,30.01
30.97,-75.75,30.01
30.97,-75.73,30.0
30.97,-75.69,30.11
30.97,-75.67,30.3
30.97,-75.65,30.24
30.97,-75.51,30.01
30.97,-75.49,30.0
30.97,-75.47,30.05
30.97,-75.45,30.07
30.97,-75.43,29.97
30.97,-75.41,30.15
30.97,-75.39,30.13
30.97,-75.37,30.16
30.97,-75.35,30.18
30.97,-75.27,29.9
30.97,-75.25,29.92
30.97,-75.23,29.93
30.97,-75.21,29.97
30.95,-80.47,28.86
30.95,-80.45,28.87
30.95,-80.43,28.83
30.95,-78.65,29.15
30.95,-78.63,29.33
30.95,-78.61,29.37
30.95,-78.59,29.47
30.95,-78.55,29.57
30.95,-78.53,29.53
30.95,-77.47,29.32
30.95,-77.45,29.32
30.95,-76.97,29.54
30.95,-76.95,29.58
30.95,-76.93,29.77
30.95,-76.91,29.7
30.95,-76.89,29.74
30.95,-76.83,29.59
30.95,-76.81,29.65
30.95,-76.79,29.72
30.95,-76.77,30.09
30.95,-76.75,30.1
30.95,-76.73,30.01
30.95,-76.71,30.11
30.95,-76.69,30.17
30.95,-76.67,30.13
30.95,-76.63,29.96
30.95,-76.61,29.95
30.95,-76.59,29.79
30.95,-76.51,29.69
30.95,-76.45,29.85
30.95,-76.43,29.97
30.95,-76.41,30.0
30.95,-76.39,30.01
30.95,-76.37,30.05
30.95,-76.35,29.94
30.95,-76.33,29.99
30.95,-76.31,30.07
30.95,-76.29,30.02
30.95,-76.27,30.07
30.95,-76.25,30.08
30.95,-76.19,29.99
30.95,-76.17,30.05
30.95,-76.15,30.19
30.95,-76.13,30.19
30.95,-76.11,30.17
30.95,-76.09,30.11
30.95,-76.07,30.15
30.95,-76.05,30.04
30.95,-75.95,29.87
30.95,-75.93,29.99
30.95,-75.85,30.09
30.95,-75.83,30.11
30.95,-75.81,30.16
30.95,-75.79,30.07
30.95,-75.77,30.03
30.95,-75.73,30.24
30.95,-75.71,30.21
30.95,-75.69,30.16
30.95,-75.67,30.38
30.95,-75.65,30.35
30.95,-75.51,29.91
30.95,-75.49,29.97
30.95,-75.47,29.95
30.95,-75.45,30.07
30.95,-75.43,30.08
30.95,-75.41,30.12
30.95,-75.39,30.1
30.95,-75.37,30.08
30.95,-75.35,30.06
30.95,-75.33,30.08
30.93,-80.49,28.85
30.93,-80.47,28.87
30.93,-80.45,28.89
30.93,-80.43,28.85
30.93,-79.33,29.75
30.93,-79.25,29.86
30.93,-79.23,29.61
30.93,-78.67,29.24
30.93,-78.65,29.24
30.93,-78.61,29.36
30.93,-78.59,29.5
30.93,-78.55,29.52
30.93,-77.21,29.53
30.93,-76.97,29.53
30.93,-76.95,29.57
30.93,-76.93,29.68
30.93,-76.91,29.7
30.93,-76.85,29.63
30.93,-76.83,29.6
30.93,-76.81,29.71
30.93,-76.79,29.76
30.93,-76.77,29.85
30.93,-76.75,30.06
30.93,-76.71,30.03
30.93,-76.69,30.12
30.93,-76.61,29.97
30.93,-76.59,29.73
30.93,-76.57,29.72
30.93,-76.51,29.68
30.93,-76.45,29.79
30.93,-76.43,30.02
30.93,-76.41,30.07
30.93,-76.37,29.99
30.93,-76.35,29.95
30.93,-76.33,29.92
30.93,-76.31,30.04
30.93,-76.29,30.02
30.93,-76.27,29.97
30.93,-76.25,30.11
30.93,-76.23,30.13
30.93,-76.21,30.1
30.93,-76.19,30.07
30.93,-76.17,30.02
30.93,-76.15,30.08
30.93,-76.13,30.13
30.93,-76.11,30.19
30.93,-76.09,30.09
30.93,-76.07,30.1
30.93,-75.97,29.79
30.93,-75.95,29.94
30.93,-75.93,29.99
30.93,-75.87,30.17
30.93,-75.85,30.07
30.93,-75.83,30.04
30.93,-75.81,30.13
30.93,-75.79,30.18
30.93,-75.75,30.05
30.93,-75.73,30.21
30.93,-75.71,30.4
30.93,-75.69,30.45
30.93,-75.51,29.79
30.93,-75.49,29.78
30.93,-75.47,29.82
30.93,-75.45,29.94
30.93,-75.43,30.03
30.93,-75.41,30.1
30.93,-75.39,30.1
30.93,-75.35,30.05
30.93,-75.33,30.11
30.91,-80.47,28.9
30.91,-80.45,28.89
30.91,-80.43,28.87
30.91,-80.41,28.84
30.91,-79.55,29.45
30.91,-79.51,29.54
30.91,-79.27,29.85
30.91,-79.25,29.87
30.91,-79.23,29.62
30.91,-78.65,29.31
30.91,-78.63,29.33
30.91,-78.61,29.45
30.91,-78.59,29.47
30.91,-78.57,29.36
30.91,-77.53,29.29
30.91,-77.47,29.25
30.91,-76.97,29.52
30.91,-76.95,29.55
30.91,-76.87,29.79
30.91,-76.85,29.77
30.91,-76.83,29.83
30.91,-76.81,29.82
30.91,-76.79,29.76
30.91,-76.77,30.04
30.91,-76.75,30.02
30.91,-76.69,30.15
30.91,-76.67,30.3
30.91,-76.65,30.34
30.91,-76.51,29.66
30.91,-76.49,29.63
30.91,-76.47,29.68
30.91,-76.45,29.79
30.91,-76.43,29.91
30.91,-76.41,29.88
30.91,-76.37,30.01
30.91,-76.35,29.98
30.91,-76.33,30.02
30.91,-76.31,30.08
30.91,-76.29,30.05
30.91,-76.27,30.0
30.91,-76.25,29.96
30.91,-76.23,30.08
30.91,-76.21,30.09
30.91,-76.19,30.05
30.91,-76.17,30.03
30.91,-76.15,30.14
30.91,-76.13,30.13
30.91,-76.11,30.17
30.91,-76.09,30.15
30.91,-76.07,30.13
30.91,-75.97,29.94
30.91,-75.95,30.01
30.91,-75.93,30.0
30.91,-75.91,30.06
30.91,-75.89,30.19
30.91,-75.87,30.22
30.91,-75.85,30.15
30.91,-75.83,30.12
30.91,-75.81,30.16
30.91,-75.79,30.18
30.91,-75.75,29.96
30.91,-75.73,29.97
30.91,-75.71,30.2
30.91,-75.69,30.42
30.91,-75.49,29.81
30.91,-75.47,29.97
30.91,-75.45,29.96
30.91,-75.43,30.03
30.91,-75.41,30.16
30.91,-75.39,30.15
30.91,-75.37,30.15
30.89,-80.73,28.54
30.89,-80.71,28.53
30.89,-80.57,28.9
30.89,-80.55,28.93
30.89,-80.47,28.93
30.89,-80.45,28.87
30.89,-80.43,28.86
30.89,-79.75,29.84
30.89,-79.57,29.58
30.89,-79.55,29.56
30.89,-79.53,29.45
30.89,-79.51,29.53
30.89,-79.49,29.39
30.89,-79.47,29.38
30.89,-79.41,29.64
30.89,-79.39,29.68
30.89,-78.67,29.24
30.89,-78.65,29.4
30.89,-78.63,29.44
30.89,-78.61,29.41
30.89,-78.59,29.4
30.89,-78.57,29.32
30.89,-77.53,29.38
30.89,-77.47,29.27
30.89,-77.15,29.41
30.89,-77.13,29.41
30.89,-77.11,29.46
30.89,-77.09,29.62
30.89,-77.07,29.44
30.89,-76.89,29.72
30.89,-76.87,29.78
30.89,-76.85,29.84
30.89,-76.83,29.85
30.89,-76.81,29.78
30.89,-76.69,30.15
30.89,-76.67,30.37
30.89,-76.65,30.23
30.89,-76.51,29.67
30.89,-76.49,29.67
30.89,-76.47,29.73
30.89,-76.43,29.88
30.89,-76.41,29.86
30.89,-76.37,30.04
30.89,-76.35,30.05
30.89,-76.33,30.09
30.89,-76.31,29.94
30.89,-76.29,29.97
30.89,-76.27,30.02
30.89,-76.25,30.06
30.89,-76.23,30.08
30.89,-76.21,30.09
30.89,-76.19,30.02
30.89,-76.17,30.05
30.89,-76.11,30.13
30.89,-76.09,30.17
30.89,-76.01,29.86
30.89,-75.97,30.07
30.89,-75.95,30.09
30.89,-75.93,30.08
30.89,-75.91,30.07
30.89,-75.89,30.13
30.89,-75.87,30.04
30.89,-75.85,30.0
30.89,-75.83,30.12
30.89,-75.81,30.13
30.89,-75.69,30.22
30.89,-75.47,30.01
30.89,-75.45,30.01
30.89,-75.43,30.04
30.89,-75.41,30.15
30.89,-75.39,30.1
30.87,-80.71,28.52
30.87,-80.57,28.92
30.87,-80.55,28.9
30.87,-80.49,28.9
30.87,-80.47,28.94
30.87,-80.43,28.83
30.87,-80.41,28.8
30.87,-79.75,29.87
30.87,-79.73,29.86
30.87,-79.59,29.66
30.87,-79.57,29.67
30.87,-79.55,29.59
30.87,-79.53,29.61
30.87,-79.49,29.38
30.87,-79.47,29.43
30.87,-79.45,29.51
30.87,-79.43,29.66
30.87,-79.41,29.66
30.87,-79.37,29.79
30.87,-79.35,29.75
30.87,-78.69,29.35
30.87,-78.67,29.42
30.87,-78.65,29.39
30.87,-78.63,29.4
30.87,-78.61,29.32
30.87,-78.59,29.33
30.87,-77.55,29.56
30.87,-77.47,29.28
30.87,-77.15,29.47
30.87,-77.13,29.48
30.87,-77.11,29.54
30.87,-77.09,29.63
30.87,-77.07,29.57
30.87,-77.05,29.64
30.87,-77.03,29.55
30.87,-76.89,29.76
30.87,-76.87,29.77
30.87,-76.85,29.62
30.87,-76.83,29.69
30.87,-76.71,29.95
30.87,-76.69,29.94
30.87,-76.67,29.99
30.87,-76.65,29.99
30.87,-76.55,29.69
30.87,-76.49,29.78
30.87,-76.47,29.79
30.87,-76.45,29.77
30.87,-76.43,29.74
30.87,-76.41,29.82
30.87,-76.39,29.88
30.87,-76.37,30.05
30.87,-76.35,30.08
30.87,-76.33,30.01
30.87,-76.31,29.97
30.87,-76.29,29.97
30.87,-76.27,29.96
30.87,-76.01,29.85
30.87,-75.97,30.14
30.87,-75.95,30.16
30.87,-75.93,30.05
30.87,-75.91,30.08
30.87,-75.89,30.04
30.87,-75.87,30.03
30.87,-75.85,30.02
30.87,-75.83,30.12
30.87,-75.81,30.26
30.87,-75.79,30.07
30.87,-75.65,30.51
30.87,-75.47,29.99
30.87,-75.45,30.05
30.87,-75.43,30.03
30.87,-75.39,30.03
30.85,-80.55,28.89
30.85,-80.49,28.89
30.85,-80.47,28.87
30.85,-80.45,28.79
30.85,-80.43,28.75
30.85,-80.41,28.74
30.85,-79.79,29.97
30.85,-79.59,29.66
30.85,-79.57,29.68
30.85,-79.55,29.75
30.85,-79.53,29.79
30.85,-79.51,29.68
30.85,-79.49,29.71
30.85,-79.47,29.66
30.85,-79.45,29.69
30.85,-79.43,29.67
30.85,-79.41,29.63
30.85,-79.39,29.67
30.85,-79.37,29.73
30.85,-79.35,29.73
30.85,-78.71,29.29
30.85,-78.69,29.38
30.85,-78.67,29.28
30.85,-78.65,29.35
30.85,-78.63,29.35
30.85,-78.61,29.46
30.85,-78.59,29.47
30.85,-77.71,29.24
30.85,-77.57,29.43
30.85,-77.55,29.48
30.85,-77.35,29.44
30.85,-77.15,29.59
30.85,-77.13,29.57
30.85,-77.11,29.51
30.85,-77.09,29.58
30.85,-77.07,29.61
30.85,-77.05,29.62
30.85,-77.03,29.48
30.85,-76.73,29.97
30.85,-76.71,30.0
30.85,-76.69,29.94
30.85,-76.67,29.82
30.85,-76.55,29.65
30.85,-76.53,29.73
30.85,-76.51,29.86
30.85,-76.49,29.9
30.85,-76.47,29.85
30.85,-76.45,29.85
30.85,-76.43,29.82
30.85,-76.41,29.73
30.85,-76.39,29.79
30.85,-76.37,29.91
30.85,-76.35,30.09
30.85,-76.33,30.05
30.85,-76.03,29.86
30.85,-76.01,29.86
30.85,-75.99,29.9
30.85,-75.97,30.0
30.85,-75.95,30.07
30.85,-75.93,30.08
30.85,-75.91,30.01
30.85,-75.89,29.95
30.85,-75.87,30.0
30.85,-75.85,29.98
30.85,-75.83,30.02
30.85,-75.81,30.03
30.85,-75.47,30.02
30.85,-75.45,30.04
30.85,-75.39,30.03
30.85,-75.27,29.83
30.85,-75.21,29.8
30.83,-80.47,28.75
30.83,-80.45,28.73
30.83,-79.79,29.97
30.83,-79.69,29.58
30.83,-79.63,29.71
30.83,-79.61,29.74
30.83,-79.59,29.88
30.83,-79.57,29.87
30.83,-79.55,29.81
30.83,-79.53,29.78
30.83,-79.51,29.76
30.83,-79.49,29.75
30.83,-79.47,29.66
30.83,-79.45,29.8
30.83,-79.43,29.82
30.83,-79.39,29.74
30.83,-79.37,29.71
30.83,-79.35,29.72
30.83,-79.33,29.74
30.83,-79.27,29.5
30.83,-79.25,29.52
30.83,-78.71,29.27
30.83,-78.69,29.28
30.83,-78.67,29.32
30.83,-78.65,29.35
30.83,-78.63,29.43
30.83,-78.61,29.3
30.83,-77.73,29.32
30.83,-77.71,29.34
30.83,-77.57,29.39
30.83,-77.51,29.33
30.83,-77.49,29.33
30.83,-77.37,29.49
30.83,-77.35,29.46
30.83,-77.27,29.64
30.83,-77.25,29.61
30.83,-77.17,29.48
30.83,-77.15,29.53
30.83,-77.13,29.51
30.83,-77.11,29.49
30.83,-77.09,29.56
30.83,-77.07,29.65
30.83,-77.05,29.68
30.83,-77.03,29.49
30.83,-77.01,29.37
30.83,-76.75,29.97
30.83,-76.73,29.95
30.83,-76.71,29.95
30.83,-76.69,29.86
30.83,-76.53,29.83
30.83,-76.51,29.95
30.83,-76.49,29.88
30.83,-76.47,29.81
30.83,-76.45,29.8
30.83,-76.43,29.84
30.83,-76.41,29.7
30.83,-76.39,29.74
30.83,-76.37,29.86
30.83,-76.05,30.03
30.83,-76.03,29.85
30.83,-76.01,29.88
30.83,-75.99,29.91
30.83,-75.97,29.96
30.83,-75.95,30.02
30.83,-75.93,29.94
30.83,-75.91,29.91
30.83,-75.89,30.02
30.83,-75.87,29.99
30.83,-75.85,29.99
30.83,-75.83,30.02
30.83,-75.81,30.01
30.83,-75.65,30.37
30.83,-75.41,30.01
30.83,-75.39,30.01
30.83,-75.29,29.84
30.83,-75.27,29.89
30.83,-75.21,29.83
30.81,-80.59,28.86
30.81,-80.23,28.78
30.81,-80.21,28.67
30.81,-79.87,29.75
30.81,-79.85,29.75
30.81,-79.79,29.72
30.81,-79.77,29.66
30.81,-79.69,29.62
30.81,-79.63,29.73
30.81,-79.61,29.81
30.81,-79.59,29.86
30.81,-79.57,29.82
30.81,-79.55,29.81
30.81,-79.53,29.8
30.81,-79.51,29.73
30.81,-79.49,29.75
30.81,-79.47,29.75
30.81,-79.45,29.8
30.81,-79.43,29.85
30.81,-79.41,29.83
30.81,-79.37,29.7
30.81,-79.35,29.69
30.81,-79.33,29.69
30.81,-78.71,29.17
30.81,-78.69,29.32
30.81,-78.67,29.36
30.81,-78.63,29.19
30.81,-78.61,29.17
30.81,-77.73,29.28
30.81,-77.71,29.32
30.81,-77.61,29.33
30.81,-77.57,29.42
30.81,-77.55,29.4
30.81,-77.29,29.58
30.81,-77.27,29.61
30.81,-77.15,29.52
30.81,-77.13,29.71
30.81,-77.11,29.56
30.81,-77.09,29.66
30.81,-77.07,29.66
30.81,-77.05,29.78
30.81,-77.03,29.78
30.81,-76.87,29.65
30.81,-76.85,29.65
30.81,-76.83,29.49
30.81,-76.81,29.5
30.81,-76.79,29.89
30.81,-76.77,29.99
30.81,-76.75,30.13
30.81,-76.73,30.04
30.81,-76.71,29.98
30.81,-76.55,29.85
30.81,-76.53,29.83
30.81,-76.51,29.76
30.81,-76.49,29.81
30.81,-76.47,29.67
30.81,-76.45,29.59
30.81,-76.43,29.64
30.81,-76.37,29.67
30.81,-76.13,30.02
30.81,-76.11,30.13
30.81,-76.09,30.03
30.81,-76.07,30.06
30.81,-76.05,30.04
30.81,-76.03,29.97
30.81,-76.01,29.91
30.81,-75.99,29.96
30.81,-75.97,29.95
30.81,-75.95,30.02
30.81,-75.93,29.99
30.81,-75.91,29.91
30.81,-75.89,29.97
30.81,-75.73,30.08
30.81,-75.59,30.17
30.81,-75.57,30.15
30.81,-75.55,30.12
30.81,-75.53,30.12
30.81,-75.51,30.25
30.81,-75.41,29.99
30.81,-75.39,30.01
30.81,-75.21,29.81
30.79,-81.13,28.71
30.79,-81.11,28.74
30.79,-80.61,28.95
30.79,-80.59,28.9
30.79,-80.57,28.79
30.79,-80.23,28.75
30.79,-80.21,28.65
30.79,-79.87,29.81
30.79,-79.83,29.78
30.79,-79.77,29.58
30.79,-79.69,29.65
30.79,-79.63,29.8
30.79,-79.61,29.82
30.79,-79.59,29.8
30.79,-79.57,29.77
30.79,-79.55,29.84
30.79,-79.53,29.83
30.79,-79.51,29.79
30.79,-79.49,29.62
30.79,-79.47,29.72
30.79,-79.45,29.87
30.79,-79.43,29.87
30.79,-79.31,29.7
30.79,-78.69,29.33
30.79,-78.65,29.32
30.79,-78.63,29.29
30.79,-78.61,29.17
30.79,-77.59,29.41
30.79,-77.57,29.45
30.79,-77.51,29.31
30.79,-77.49,29.25
30.79,-77.29,29.58
30.79,-77.15,29.71
30.79,-77.13,29.73
30.79,-77.11,29.73
30.79,-77.09,29.75
30.79,-77.07,29.75
30.79,-77.05,29.84
30.79,-77.03,29.77
30.79,-76.91,29.79
30.79,-76.89,29.6
30.79,-76.87,29.7
30.79,-76.85,29.75
30.79,-76.83,29.51
30.79,-76.81,29.47
30.79,-76.79,29.81
30.79,-76.77,30.0
30.79,-76.75,30.1
30.79,-76.73,30.05
30.79,-76.57,29.89
30.79,-76.55,29.93
30.79,-76.53,29.87
30.79,-76.49,29.78
30.79,-76.47,29.72
30.79,-76.15,30.07
30.79,-76.13,30.12
30.79,-76.11,30.13
30.79,-76.09,30.11
30.79,-76.07,29.98
30.79,-76.05,29.91
30.79,-76.01,29.93
30.79,-75.99,29.93
30.79,-75.97,29.84
30.79,-75.95,29.95
30.79,-75.93,29.88
30.79,-75.91,29.84
30.79,-75.77,30.17
30.79,-75.75,30.09
30.79,-75.73,30.13
30.79,-75.59,30.14
30.79,-75.57,30.11
30.79,-75.55,30.05
30.79,-75.53,30.1
30.79,-75.51,30.19
30.79,-75.49,30.21
30.79,-75.41,30.01
30.79,-75.21,29.87
30.77,-81.13,28.68
30.77,-80.63,28.84
30.77,-80.61,28.87
30.77,-80.23,28.86
30.77,-79.89,29.91
30.77,-79.87,29.92
30.77,-79.69,29.75
30.77,-79.67,29.77
30.77,-79.63,29.88
30.77,-79.61,29.81
30.77,-79.59,29.78
30.77,-79.57,29.84
30.77,-79.55,29.81
30.77,-79.53,29.77
30.77,-79.51,29.73
30.77,-79.47,29.71
30.77,-79.45,29.64
30.77,-79.43,29.64
30.77,-79.39,29.64
30.77,-79.37,29.65
30.77,-78.85,29.29
30.77,-78.69,29.4
30.77,-78.65,29.33
30.77,-78.63,29.28
30.77,-77.73,29.36
30.77,-77.53,29.43
30.77,-77.51,29.37
30.77,-77.49,29.25
30.77,-77.43,29.73
30.77,-77.41,29.75
30.77,-77.39,29.66
30.77,-77.31,29.74
30.77,-77.29,29.71
30.77,-77.21,29.84
30.77,-77.19,29.85
30.77,-77.17,29.85
30.77,-77.15,29.84
30.77,-77.13,29.88
30.77,-77.11,29.83
30.77,-77.09,29.8
30.77,-77.07,29.9
30.77,-77.05,29.9
30.77,-77.03,29.83
30.77,-76.97,29.83
30.77,-76.93,29.83
30.77,-76.91,29.83
30.77,-76.89,29.75
30.77,-76.87,29.76
30.77,-76.85,29.72
30.77,-76.83,29.6
30.77,-76.81,29.55
30.77,-76.79,29.78
30.77,-76.77,29.76
30.77,-76.75,30.08
30.77,-76.59,29.9
30.77,-76.57,29.92
30.77,-76.55,29.97
30.77,-76.29,29.84
30.77,-76.27,29.88
30.77,-76.17,30.09
30.77,-76.15,30.11
30.77,-76.13,30.12
30.77,-76.11,30.07
30.77,-76.09,30.01
30.77,-76.07,29.73
30.77,-76.05,29.77
30.77,-76.03,29.98
30.77,-76.01,30.01
30.77,-75.99,30.09
30.77,-75.97,30.06
30.77,-75.95,29.99
30.77,-75.93,29.9
30.77,-75.91,29.89
30.77,-75.77,30.2
30.77,-75.65,30.14
30.77,-75.63,30.13
30.77,-75.59,30.07
30.77,-75.57,30.09
30.77,-75.55,30.05
30.77,-75.53,30.08
30.77,-75.51,30.18
30.77,-75.49,30.3
30.77,-75.25,29.85
30.77,-75.23,29.9
30.77,-75.21,29.89
30.75,-80.63,28.85
30.75,-80.25,28.9
30.75,-80.23,28.88
30.75,-79.93,29.78
30.75,-79.87,29.76
30.75,-79.73,29.75
30.75,-79.71,29.77
30.75,-79.69,29.84
30.75,-79.67,29.83
30.75,-79.65,29.76
30.75,-79.63,29.75
30.75,-79.61,29.8
30.75,-79.59,29.77
30.75,-79.57,29.76
30.75,-79.55,29.8
30.75,-79.53,29.69
30.75,-79.51,29.72
30.75,-79.41,29.55
30.75,-79.39,29.57
30.75,-79.37,29.58
30.75,-78.85,29.37
30.75,-78.83,29.42
30.75,-78.69,29.38
30.75,-78.67,29.36
30.75,-78.65,29.31
30.75,-77.77,29.46
30.75,-77.75,29.4
30.75,-77.73,29.35
30.75,-77.63,29.73
30.75,-77.55,29.46
30.75,-77.45,29.81
30.75,-77.43,29.87
30.75,-77.41,29.82
30.75,-77.39,29.78
30.75,-77.35,29.91
30.75,-77.33,29.89
30.75,-77.31,29.78
30.75,-77.29,29.73
30.75,-77.23,29.88
30.75,-77.21,29.9
30.75,-77.19,29.84
30.75,-77.17,29.82
30.75,-77.15,29.84
30.75,-77.13,29.92
30.75,-77.11,29.89
30.75,-77.05,29.8
30.75,-77.03,29.79
30.75,-76.99,29.86
30.75,-76.97,29.91
30.75,-76.91,29.76
30.75,-76.89,29.83
30.75,-76.87,29.75
30.75,-76.85,29.66
30.75,-76.83,29.62
30.75,-76.81,29.59
30.75,-76.79,29.82
30.75,-76.77,29.84
30.75,-76.61,29.93
30.75,-76.59,29.96
30.75,-76.57,30.04
30.75,-76.37,29.54
30.75,-76.35,29.56
30.75,-76.33,29.64
30.75,-76.31,29.7
30.75,-76.29,29.79
30.75,-76.27,29.81
30.75,-76.19,30.11
30.75,-76.17,30.08
30.75,-76.15,30.08
30.75,-76.13,30.05
30.75,-76.11,30.01
30.75,-76.09,30.0
30.75,-76.07,29.72
30.75,-76.05,29.82
30.75,-76.03,30.05
30.75,-76.01,30.05
30.75,-75.99,30.09
30.75,-75.97,30.08
30.75,-75.95,30.06
30.75,-75.93,30.08
30.75,-75.91,30.05
30.75,-75.87,29.76
30.75,-75.79,30.18
30.75,-75.77,30.23
30.75,-75.65,30.1
30.75,-75.63,30.1
30.75,-75.59,29.96
30.75,-75.57,29.96
30.75,-75.55,30.0
30.75,-75.53,30.33
30.75,-75.51,30.42
30.75,-75.49,30.74
30.75,-75.47,30.3
30.75,-75.25,29.84
30.75,-75.23,29.89
30.75,-75.21,29.9
30.73,-80.31,29.02
30.73,-80.29,28.99
30.73,-80.27,28.94
30.73,-80.25,28.89
30.73,-80.23,28.81
30.73,-79.93,29.81
30.73,-79.91,29.86
30.73,-79.75,29.53
30.73,-79.71,29.7
30.73,-79.69,29.86
30.73,-79.67,29.81
30.73,-79.65,29.85
30.73,-79.63,29.75
30.73,-79.61,29.77
30.73,-79.59,29.81
30.73,-79.57,29.75
30.73,-79.55,29.75
30.73,-79.53,29.63
30.73,-79.51,29.63
30.73,-79.43,29.59
30.73,-79.41,29.59
30.73,-79.39,29.52
30.73,-78.85,29.33
30.73,-78.83,29.35
30.73,-78.69,29.4
30.73,-78.67,29.31
30.73,-77.77,29.38
30.73,-77.75,29.41
30.73,-77.63,29.68
30.73,-77.57,29.57
30.73,-77.55,29.52
30.73,-77.49,29.69
30.73,-77.47,29.85
30.73,-77.45,29.9
30.73,-77.43,29.94
30.73,-77.41,29.97
30.73,-77.39,29.94
30.73,-77.35,29.91
30.73,-77.33,29.94
30.73,-77.31,29.83
30.73,-77.27,29.81
30.73,-77.25,29.86
30.73,-77.23,29.89
30.73,-77.21,29.86
30.73,-77.19,29.77
30.73,-77.17,29.63
30.73,-77.15,29.88
30.73,-77.13,29.9
30.73,-77.11,29.84
30.73,-77.09,29.65
30.73,-77.07,29.72
30.73,-77.05,29.67
30.73,-77.03,29.67
30.73,-76.99,29.88
30.73,-76.97,29.94
30.73,-76.91,29.76
30.73,-76.89,29.85
30.73,-76.87,29.75
30.73,-76.85,29.71
30.73,-76.83,29.65
30.73,-76.81,29.59
30.73,-76.79,29.82
30.73,-76.77,29.81
30.73,-76.37,29.57
30.73,-76.35,29.59
30.73,-76.33,29.57
30.73,-76.31,29.63
30.73,-76.29,29.75
30.73,-76.27,29.77
30.73,-76.25,29.81
30.73,-76.19,29.98
30.73,-76.17,29.98
30.73,-76.15,30.05
30.73,-76.13,30.05
30.73,-76.11,29.97
30.73,-76.09,29.77
30.73,-76.07,29.71
30.73,-76.05,29.88
30.73,-76.03,29.94
30.73,-76.01,30.09
30.73,-75.99,30.19
30.73,-75.97,30.27
30.73,-75.95,30.18
30.73,-75.93,30.12
30.73,-75.79,30.21
30.73,-75.77,30.18
30.73,-75.75,30.24
30.73,-75.57,29.97
30.73,-75.55,30.08
30.73,-75.53,30.3
30.73,-75.51,30.67
30.73,-75.49,30.82
30.73,-75.33,29.81
30.73,-75.31,29.82
30.73,-75.29,29.81
30.73,-75.27,29.82
30.73,-75.25,29.84
30.73,-75.23,29.89
30.73,-75.21,29.94
30.71,-80.51,28.93
30.71,-80.49,28.9
30.71,-80.33,28.98
30.71,-80.31,29.0
30.71,-80.29,28.98
30.71,-80.27,28.87
30.71,-79.85,29.77
30.71,-79.73,29.71
30.71,-79.71,29.75
30.71,-79.69,29.84
30.71,-79.67,29.85
30.71,-79.65,29.89
30.71,-79.63,29.75
30.71,-79.61,29.78
30.71,-79.59,29.76
30.71,-79.57,29.83
30.71,-79.55,29.8
30.71,-79.49,29.63
30.71,-79.45,29.64
30.71,-79.43,29.58
30.71,-78.83,29.24
30.71,-78.71,29.3
30.71,-78.69,29.33
30.71,-78.67,29.27
30.71,-77.77,29.4
30.71,-77.75,29.48
30.71,-77.73,29.47
30.71,-77.53,29.79
30.71,-77.51,29.82
30.71,-77.49,29.77
30.71,-77.47,29.87
30.71,-77.45,29.9
30.71,-77.43,29.94
30.71,-77.41,29.96
30.71,-77.33,29.8
30.71,-77.31,29.77
30.71,-77.27,29.96
30.71,-77.25,30.07
30.71,-77.23,29.94
30.71,-77.21,29.87
30.71,-77.19,29.86
30.71,-77.17,29.71
30.71,-77.15,29.69
30.71,-77.13,29.73
30.71,-77.11,29.73
30.71,-77.09,29.72
30.71,-77.07,29.69
30.71,-77.05,29.57
30.71,-76.99,29.9
30.71,-76.97,29.9
30.71,-76.95,29.88
30.71,-76.91,29.91
30.71,-76.89,29.9
30.71,-76.87,29.83
30.71,-76.85,29.78
30.71,-76.83,29.7
30.71,-76.81,29.69
30.71,-76.79,29.76
30.71,-76.77,29.72
30.71,-76.59,29.82
30.71,-76.49,29.66
30.71,-76.47,29.6
30.71,-76.37,29.58
30.71,-76.35,29.56
30.71,-76.33,29.53
30.71,-76.31,29.54
30.71,-76.29,29.71
30.71,-76.27,29.71
30.71,-76.25,29.78
30.71,-76.19,30.07
30.71,-76.17,30.09
30.71,-76.15,30.08
30.71,-76.13,30.05
30.71,-76.11,29.9
30.71,-76.09,29.7
30.71,-76.07,29.65
30.71,-76.05,29.84
30.71,-76.03,29.88
30.71,-76.01,30.09
30.71,-75.99,30.24
30.71,-75.97,30.33
30.71,-75.95,30.38
30.71,-75.79,30.14
30.71,-75.77,30.11
30.71,-75.51,30.7
30.71,-75.49,30.79
30.71,-75.47,30.8
30.71,-75.33,29.8
30.71,-75.31,29.78
30.71,-75.29,29.73
30.71,-75.27,29.77
30.71,-75.25,29.84
30.71,-75.23,29.87
30.71,-75.21,29.84
30.69,-81.17,28.41
30.69,-81.15,28.48
30.69,-81.13,28.61
30.69,-80.57,29.03
30.69,-80.55,28.97
30.69,-80.51,28.9
30.69,-80.35,28.95
30.69,-80.33,28.95
30.69,-80.31,28.98
30.69,-80.29,28.91
30.69,-80.27,28.86
30.69,-79.95,29.78
30.69,-79.93,29.89
30.69,-79.91,29.89
30.69,-79.73,29.86
30.69,-79.71,29.89
30.69,-79.69,29.86
30.69,-79.67,29.79
30.69,-79.65,29.82
30.69,-79.63,29.77
30.69,-79.61,29.73
30.69,-79.59,29.79
30.69,-79.57,29.82
30.69,-79.51,29.68
30.69,-79.49,29.64
30.69,-79.43,29.45
30.69,-78.85,29.4
30.69,-78.83,29.44
30.69,-78.71,29.19
30.69,-78.69,29.25
30.69,-77.77,29.47
30.69,-77.75,29.5
30.69,-77.73,29.46
30.69,-77.71,29.47
30.69,-77.69,29.52
30.69,-77.55,29.68
30.69,-77.51,29.83
30.69,-77.49,29.81
30.69,-77.47,29.87
30.69,-77.45,29.75
30.69,-77.43,29.89
30.69,-77.37,29.88
30.69,-77.35,29.93
30.69,-77.33,29.93
30.69,-77.31,29.96
30.69,-77.29,30.02
30.69,-77.27,30.04
30.69,-77.25,30.08
30.69,-77.23,29.95
30.69,-77.21,29.94
30.69,-77.19,29.96
30.69,-77.17,29.79
30.69,-77.15,29.7
30.69,-77.13,29.68
30.69,-77.11,29.76
30.69,-77.09,29.66
30.69,-77.07,29.64
30.69,-77.01,29.89
30.69,-76.99,29.85
30.69,-76.97,29.81
30.69,-76.95,29.89
30.69,-76.91,29.79
30.69,-76.89,29.85
30.69,-76.87,29.79
30.69,-76.85,29.72
30.69,-76.83,29.58
30.69,-76.81,29.48
30.69,-76.79,29.7
30.69,-76.77,29.64
30.69,-76.51,29.64
30.69,-76.49,29.66
30.69,-76.47,29.62
30.69,-76.43,29.54
30.69,-76.41,29.56
30.69,-76.39,29.56
30.69,-76.37,29.58
30.69,-76.35,29.54
30.69,-76.33,29.48
30.69,-76.31,29.57
30.69,-76.29,29.65
30.69,-76.27,29.7
30.69,-76.25,29.9
30.69,-76.23,29.97
30.69,-76.19,30.07
30.69,-76.17,30.14
30.69,-76.15,30.06
30.69,-76.13,29.97
30.69,-76.11,29.76
30.69,-76.09,29.7
30.69,-76.07,29.66
30.69,-76.05,29.86
30.69,-76.03,29.97
30.69,-76.01,30.08
30.69,-75.99,30.17
30.69,-75.97,30.34
30.69,-75.95,30.42
30.69,-75.81,29.95
30.69,-75.79,29.93
30.69,-75.77,29.96
30.69,-75.75,29.97
30.69,-75.71,30.11
30.69,-75.49,30.71
30.69,-75.31,29.77
30.69,-75.29,29.76
30.69,-75.27,29.8
30.69,-75.25,29.78
30.69,-75.23,29.78
30.69,-75.21,29.88
30.67,-81.17,28.38
30.67,-81.15,28.45
30.67,-81.13,28.57
30.67,-81.11,28.58
30.67,-80.57,28.96
30.67,-80.55,28.94
30.67,-80.53,28.95
30.67,-80.39,28.83
30.67,-80.35,28.95
30.67,-80.33,28.96
30.67,-80.27,28.8
30.67,-80.17,28.64
30.67,-80.15,28.67
30.67,-80.13,28.68
30.67,-80.11,28.76
30.67,-80.09,28.79
30.67,-80.07,28.79
30.67,-79.99,29.52
30.67,-79.97,29.82
30.67,-79.95,29.87
30.67,-79.93,29.85
30.67,-79.91,29.76
30.67,-79.89,29.7
30.67,-79.87,29.7
30.67,-79.85,29.83
30.67,-79.83,29.95
30.67,-79.73,29.77
30.67,-79.71,29.79
30.67,-79.67,29.86
30.67,-79.65,29.69
30.67,-79.63,29.72
30.67,-79.61,29.72
30.67,-79.59,29.8
30.67,-79.57,29.82
30.67,-79.53,29.73
30.67,-79.51,29.71
30.67,-79.49,29.37
30.67,-79.47,29.49
30.67,-79.45,29.45
30.67,-79.43,29.45
30.67,-78.91,29.32
30.67,-78.85,29.45
30.67,-78.83,29.46
30.67,-77.79,29.36
30.67,-77.77,29.41
30.67,-77.75,29.51
30.67,-77.71,29.54
30.67,-77.55,29.79
30.67,-77.53,29.83
30.67,-77.51,29.8
30.67,-77.49,29.7
30.67,-77.47,29.7
30.67,-77.45,29.65
30.67,-77.37,29.79
30.67,-77.35,29.85
30.67,-77.33,29.93
30.67,-77.31,29.99
30.67,-77.29,30.04
30.67,-77.27,29.98
30.67,-77.25,30.05
30.67,-77.23,30.03
30.67,-77.21,30.03
30.67,-77.19,29.82
30.67,-77.17,29.8
30.67,-77.15,29.81
30.67,-77.13,29.61
30.67,-77.11,29.69
30.67,-77.09,29.64
30.67,-77.01,29.88
30.67,-76.99,29.82
30.67,-76.89,29.77
30.67,-76.85,29.55
30.67,-76.83,29.54
30.67,-76.81,29.43
30.67,-76.73,29.91
30.67,-76.71,29.94
30.67,-76.57,29.58
30.67,-76.53,29.61
30.67,-76.51,29.61
30.67,-76.49,29.63
30.67,-76.47,29.59
30.67,-76.45,29.55
30.67,-76.43,29.55
30.67,-76.41,29.53
30.67,-76.39,29.53
30.67,-76.37,29.53
30.67,-76.35,29.47
30.67,-76.33,29.48
30.67,-76.31,29.55
30.67,-76.29,29.67
30.67,-76.27,29.8
30.67,-76.25,29.85
30.67,-76.23,30.01
30.67,-76.21,30.02
30.67,-76.19,30.03
30.67,-76.17,30.04
30.67,-76.15,30.02
30.67,-76.13,29.95
30.67,-76.11,29.75
30.67,-76.09,29.65
30.67,-76.07,29.66
30.67,-76.05,29.82
30.67,-76.03,29.98
30.67,-76.01,30.14
30.67,-75.99,30.2
30.67,-75.97,30.33
30.67,-75.81,30.01
30.67,-75.79,29.98
30.67,-75.77,30.02
30.67,-75.71,30.05
30.67,-75.69,30.04
30.67,-75.67,30.0
30.67,-75.65,29.99
30.67,-75.63,29.91
30.67,-75.61,29.98
30.67,-75.59,30.05
30.67,-75.57,30.12
30.67,-75.29,29.83
30.67,-75.27,29.8
30.67,-75.25,29.75
30.67,-75.23,29.78
30.67,-75.21,29.87
30.65,-81.17,28.34
30.65,-81.15,28.37
30.65,-81.13,28.38
30.65,-81.11,28.46
30.65,-81.09,28.51
30.65,-80.61,28.95
30.65,-80.59,29.01
30.65,-80.57,28.99
30.65,-80.47,28.69
30.65,-80.41,28.89
30.65,-80.39,28.89
30.65,-80.37,28.9
30.65,-80.27,28.72
30.65,-80.25,28.69
30.65,-80.23,28.62
30.65,-80.21,28.64
30.65,-80.19,28.59
30.65,-80.17,28.64
30.65,-80.15,28.67
30.65,-80.13,28.72
30.65,-80.11,28.77
30.65,-80.09,28.76
30.65,-80.01,29.44
30.65,-79.99,29.7
30.65,-79.97,29.85
30.65,-79.95,29.89
30.65,-79.93,29.8
30.65,-79.91,29.8
30.65,-79.89,29.85
30.65,-79.75,29.67
30.65,-79.73,29.74
30.65,-79.71,29.77
30.65,-79.69,29.82
30.65,-79.67,29.81
30.65,-79.65,29.72
30.65,-79.59,29.8
30.65,-79.53,29.68
30.65,-79.51,29.65
30.65,-79.49,29.34
30.65,-79.47,29.56
30.65,-78.91,29.28
30.65,-78.89,29.28
30.65,-78.87,29.41
30.65,-78.81,29.27
30.65,-77.79,29.33
30.65,-77.77,29.36
30.65,-77.75,29.42
30.65,-77.73,29.48
30.65,-77.71,29.5
30.65,-77.53,29.85
30.65,-77.39,29.72
30.65,-77.37,29.71
30.65,-77.35,29.68
30.65,-77.33,29.86
30.65,-77.31,29.94
30.65,-77.29,30.04
30.65,-77.27,30.09
30.65,-77.25,30.06
30.65,-77.23,29.97
30.65,-77.21,29.97
30.65,-77.19,29.79
30.65,-77.17,29.76
30.65,-77.15,29.6
30.65,-77.13,29.77
30.65,-77.07,29.76
30.65,-77.05,29.86
30.65,-77.03,29.89
30.65,-77.01,29.9
30.65,-76.97,29.88
30.65,-76.83,29.46
30.65,-76.81,29.52
30.65,-76.75,29.83
30.65,-76.73,29.93
30.65,-76.67,29.63
30.65,-76.61,29.72
30.65,-76.59,29.59
30.65,-76.57,29.63
30.65,-76.55,29.61
30.65,-76.53,29.6
30.65,-76.51,29.57
30.65,-76.49,29.63
30.65,-76.47,29.63
30.65,-76.45,29.51
30.65,-76.43,29.48
30.65,-76.41,29.51
30.65,-76.39,29.52
30.65,-76.37,29.47
30.65,-76.35,29.41
30.65,-76.33,29.52
30.65,-76.31,29.56
30.65,-76.29,29.61
30.65,-76.27,29.84
30.65,-76.25,29.93
30.65,-76.23,29.99
30.65,-76.21,30.08
30.65,-76.19,30.02
30.65,-76.17,30.0
30.65,-76.15,30.01
30.65,-76.13,29.89
30.65,-76.11,29.74
30.65,-76.09,29.56
30.65,-76.07,29.78
30.65,-76.05,29.96
30.65,-76.03,29.99
30.65,-76.01,30.12
30.65,-75.91,29.98
30.65,-75.89,29.98
30.65,-75.81,29.96
30.65,-75.71,29.98
30.65,-75.69,30.0
30.65,-75.67,30.01
30.65,-75.65,30.0
30.65,-75.63,29.93
30.65,-75.61,29.94
30.65,-75.59,30.03
30.65,-75.57,30.15
30.65,-75.55,30.1
30.65,-75.33,29.69
30.65,-75.29,29.81
30.65,-75.27,29.8
30.65,-75.25,29.73
30.65,-75.23,29.75
30.65,-75.21,29.77
30.63,-81.15,28.28
30.63,-81.13,28.28
30.63,-81.11,28.35
30.63,-80.63,28.91
30.63,-80.61,28.92
30.63,-80.59,29.02
30.63,-80.57,28.99
30.63,-80.55,28.93
30.63,-80.53,28.9
30.63,-80.51,28.83
30.63,-80.41,28.88
30.63,-80.39,28.9
30.63,-80.37,28.93
30.63,-80.31,28.82
30.63,-80.29,28.79
30.63,-80.27,28.72
30.63,-80.25,28.67
30.63,-80.23,28.62
30.63,-80.21,28.59
30.63,-80.19,28.62
30.63,-80.17,28.65
30.63,-80.15,28.67
30.63,-80.13,28.75
30.63,-80.11,28.79
30.63,-80.09,28.75
30.63,-80.01,29.47
30.63,-79.99,29.82
30.63,-79.97,29.94
30.63,-79.95,29.92
30.63,-79.93,29.87
30.63,-79.91,29.93
30.63,-79.89,30.01
30.63,-79.87,30.03
30.63,-79.75,29.67
30.63,-79.73,29.72
30.63,-79.71,29.75
30.63,-79.69,29.82
30.63,-79.67,29.81
30.63,-79.65,29.85
30.63,-79.63,29.82
30.63,-79.59,29.67
30.63,-79.53,29.74
30.63,-79.51,29.69
30.63,-79.49,29.53
30.63,-79.47,29.52
30.63,-79.35,29.46
30.63,-79.33,29.48
30.63,-79.31,29.52
30.63,-77.83,29.25
30.63,-77.81,29.29
30.63,-77.79,29.29
30.63,-77.77,29.32
30.63,-77.75,29.38
30.63,-77.73,29.38
30.63,-77.71,29.38
30.63,-77.69,29.37
30.63,-77.43,29.7
30.63,-77.41,29.66
30.63,-77.39,29.6
30.63,-77.37,29.61
30.63,-77.35,29.65
30.63,-77.33,29.72
30.63,-77.31,29.76
30.63,-77.29,29.94
30.63,-77.27,29.98
30.63,-77.25,29.9
30.63,-77.23,29.68
30.63,-77.21,29.65
30.63,-77.19,29.9
30.63,-77.17,29.83
30.63,-77.15,29.74
30.63,-77.13,29.73
30.63,-77.09,29.74
30.63,-77.07,29.74
30.63,-77.05,29.89
30.63,-77.03,29.85
30.63,-77.01,29.83
30.63,-76.99,29.88
30.63,-76.97,29.92
30.63,-76.95,29.96
30.63,-76.85,29.42
30.63,-76.83,29.47
30.63,-76.81,29.58
30.63,-76.79,29.63
30.63,-76.77,29.7
30.63,-76.75,29.72
30.63,-76.73,29.78
30.63,-76.71,29.68
30.63,-76.67,29.68
30.63,-76.65,29.76
30.63,-76.63,29.81
30.63,-76.61,29.74
30.63,-76.59,29.66
30.63,-76.57,29.68
30.63,-76.55,29.5
30.63,-76.53,29.54
30.63,-76.51,29.55
30.63,-76.49,29.59
30.63,-76.47,29.57
30.63,-76.45,29.5
30.63,-76.43,29.42
30.63,-76.41,29.48
30.63,-76.39,29.47
30.63,-76.37,29.45
30.63,-76.35,29.45
30.63,-76.33,29.5
30.63,-76.31,29.58
30.63,-76.29,29.75
30.63,-76.27,29.89
30.63,-76.25,29.84
30.63,-76.23,29.92
30.63,-76.21,30.0
30.63,-76.19,30.04
30.63,-76.17,30.01
30.63,-76.15,29.94
30.63,-76.13,29.77
30.63,-76.11,29.69
30.63,-76.09,29.78
30.63,-76.07,29.79
30.63,-76.05,30.03
30.63,-76.03,30.03
30.63,-76.01,30.06
30.63,-75.99,30.06
30.63,-75.97,30.08
30.63,-75.95,30.07
30.63,-75.93,30.03
30.63,-75.91,30.06
30.63,-75.89,30.01
30.63,-75.87,30.03
30.63,-75.83,29.77
30.63,-75.81,29.79
30.63,-75.71,29.86
30.63,-75.69,29.91
30.63,-75.67,29.99
30.63,-75.65,29.94
30.63,-75.63,29.96
30.63,-75.61,29.9
30.63,-75.59,29.89
30.63,-75.57,29.95
30.63,-75.55,29.95
30.63,-75.37,29.73
30.63,-75.35,29.72
30.63,-75.33,29.69
30.63,-75.31,29.69
30.63,-75.29,29.78
30.63,-75.27,29.82
30.63,-75.25,29.79
30.63,-75.23,29.74
30.61,-81.23,28.48
30.61,-81.21,28.45
30.61,-81.19,28.44
30.61,-81.17,28.3
30.61,-81.15,28.28
30.61,-81.13,28.27
30.61,-81.11,28.27
30.61,-81.01,28.38
30.61,-80.99,28.4
30.61,-80.61,28.91
30.61,-80.59,28.99
30.61,-80.57,28.94
30.61,-80.55,28.94
30.61,-80.53,28.87
30.61,-80.51,28.77
30.61,-80.49,28.71
30.61,-80.43,28.96
30.61,-80.41,28.93
30.61,-80.39,28.93
30.61,-80.33,28.75
30.61,-80.31,28.79
30.61,-80.29,28.75
30.61,-80.27,28.73
30.61,-80.25,28.65
30.61,-80.23,28.61
30.61,-80.21,28.62
30.61,-80.19,28.64
30.61,-80.17,28.66
30.61,-80.15,28.69
30.61,-80.13,28.73
30.61,-80.11,28.76
30.61,-80.03,29.54
30.61,-80.01,29.64
30.61,-79.99,29.88
30.61,-79.97,29.96
30.61,-79.95,29.75
30.61,-79.93,30.01
30.61,-79.91,30.01
30.61,-79.89,29.97
30.61,-79.75,29.7
30.61,-79.73,29.74
30.61,-79.71,29.77
30.61,-79.69,29.82
30.61,-79.67,29.84
30.61,-79.65,29.87
30.61,-79.37,29.68
30.61,-79.35,29.64
30.61,-79.33,29.64
30.61,-79.31,29.59
30.61,-78.91,29.3
30.61,-77.83,29.3
30.61,-77.81,29.33
30.61,-77.79,29.33
30.61,-77.77,29.36
30.61,-77.75,29.38
30.61,-77.73,29.35
30.61,-77.71,29.35
30.61,-77.69,29.52
30.61,-77.67,29.56
30.61,-77.65,29.6
30.61,-77.43,29.6
30.61,-77.41,29.65
30.61,-77.39,29.6
30.61,-77.37,29.59
30.61,-77.35,29.64
30.61,-77.33,29.63
30.61,-77.31,29.66
30.61,-77.29,29.68
30.61,-77.27,29.77
30.61,-77.25,29.89
30.61,-77.23,29.93
30.61,-77.21,29.92
30.61,-77.19,29.9
30.61,-77.17,29.84
30.61,-77.15,29.69
30.61,-77.13,29.55
30.61,-77.11,29.72
30.61,-77.09,29.71
30.61,-77.03,29.94
30.61,-77.01,29.85
30.61,-76.99,29.86
30.61,-76.97,29.95
30.61,-76.95,29.98
30.61,-76.93,29.93
30.61,-76.85,29.32
30.61,-76.83,29.4
30.61,-76.81,29.57
30.61,-76.79,29.69
30.61,-76.77,29.77
30.61,-76.75,29.69
30.61,-76.73,29.53
30.61,-76.71,29.61
30.61,-76.69,29.65
30.61,-76.67,29.78
30.61,-76.65,29.82
30.61,-76.63,29.85
30.61,-76.61,29.82
30.61,-76.59,29.74
30.61,-76.57,29.69
30.61,-76.55,29.61
30.61,-76.53,29.56
30.61,-76.51,29.6
30.61,-76.49,29.63
30.61,-76.47,29.48
30.61,-76.45,29.46
30.61,-76.43,29.4
30.61,-76.41,29.44
30.61,-76.39,29.45
30.61,-76.37,29.46
30.61,-76.35,29.45
30.61,-76.33,29.47
30.61,-76.31,29.59
30.61,-76.29,29.77
30.61,-76.21,29.93
30.61,-76.19,29.95
30.61,-76.17,29.96
30.61,-76.15,29.91
30.61,-76.09,29.76
30.61,-76.07,29.99
30.61,-76.05,30.02
30.61,-76.03,30.0
30.61,-76.01,30.13
30.61,-75.99,30.11
30.61,-75.97,30.04
30.61,-75.95,30.03
30.61,-75.93,30.04
30.61,-75.91,30.02
30.61,-75.89,30.0
30.61,-75.87,30.02
30.61,-75.85,29.99
30.61,-75.83,29.97
30.61,-75.71,29.82
30.61,-75.69,29.82
30.61,-75.67,29.91
30.61,-75.65,29.89
30.61,-75.63,29.94
30.61,-75.61,29.9
30.61,-75.59,29.86
30.61,-75.57,29.87
30.61,-75.55,29.9
30.61,-75.53,29.82
30.61,-75.35,29.77
30.61,-75.33,29.83
30.61,-75.31,29.59
30.61,-75.29,29.61
30.61,-75.27,29.61
30.61,-75.25,29.61
30.61,-75.23,29.64
30.59,-81.27,28.48
30.59,-81.25,28.52
30.59,-81.23,28.53
30.59,-81.21,28.48
30.59,-81.19,28.45
30.59,-81.15,28.3
30.59,-81.13,28.31
30.59,-81.11,28.29
30.59,-81.01,28.4
30.59,-80.99,28.35
30.59,-80.97,28.32
30.59,-80.65,28.72
30.59,-80.57,28.94
30.59,-80.55,28.94
30.59,-80.53,28.89
30.59,-80.51,28.74
30.59,-80.45,29.01
30.59,-80.43,29.0
30.59,-80.41,28.95
30.59,-80.39,28.92
30.59,-80.37,28.77
30.59,-80.35,28.74
30.59,-80.33,28.73
30.59,-80.31,28.76
30.59,-80.29,28.67
30.59,-80.27,28.68
30.59,-80.25,28.61
30.59,-80.23,28.65
30.59,-80.21,28.63
30.59,-80.19,28.65
30.59,-80.17,28.64
30.59,-80.15,28.65
30.59,-80.13,28.7
30.59,-80.11,28.72
30.59,-80.03,29.66
30.59,-80.01,29.78
30.59,-79.99,30.01
30.59,-79.97,30.0
30.59,-79.95,29.88
30.59,-79.91,30.04
30.59,-79.83,29.74
30.59,-79.73,29.81
30.59,-79.71,29.78
30.59,-79.59,29.7
30.59,-79.43,29.63
30.59,-79.41,29.71
30.59,-79.39,29.76
30.59,-79.35,29.67
30.59,-79.31,30.04
30.59,-78.91,29.25
30.59,-77.87,29.4
30.59,-77.85,29.52
30.59,-77.83,29.53
30.59,-77.81,29.46
30.59,-77.79,29.44
30.59,-77.77,29.41
30.59,-77.75,29.37
30.59,-77.73,29.46
30.59,-77.71,29.54
30.59,-77.69,29.55
30.59,-77.67,29.56
30.59,-77.65,29.44
30.59,-77.63,29.42
30.59,-77.61,29.63
30.59,-77.59,29.64
30.59,-77.57,29.51
30.59,-77.43,29.57
30.59,-77.41,29.61
30.59,-77.39,29.63
30.59,-77.37,29.64
30.59,-77.35,29.68
30.59,-77.33,29.62
30.59,-77.31,29.59
30.59,-77.29,29.61
30.59,-77.27,29.63
30.59,-77.25,29.69
30.59,-77.23,29.71
30.59,-77.21,29.8
30.59,-77.15,29.91
30.59,-77.13,30.0
30.59,-77.11,29.89
30.59,-77.09,29.86
30.59,-77.03,29.87
30.59,-77.01,29.88
30.59,-76.99,29.97
30.59,-76.97,30.03
30.59,-76.95,30.01
30.59,-76.93,29.96
30.59,-76.85,29.31
30.59,-76.83,29.34
30.59,-76.81,29.57
30.59,-76.79,29.77
30.59,-76.77,29.83
30.59,-76.69,29.78
30.59,-76.67,29.81
30.59,-76.65,29.84
30.59,-76.63,29.84
30.59,-76.61,29.8
30.59,-76.59,29.73
30.59,-76.57,29.64
30.59,-76.55,29.63
30.59,-76.53,29.58
30.59,-76.51,29.52
30.59,-76.49,29.48
30.59,-76.47,29.51
30.59,-76.45,29.48
30.59,-76.43,29.36
30.59,-76.41,29.36
30.59,-76.39,29.36
30.59,-76.37,29.36
30.59,-76.35,29.36
30.59,-76.33,29.37
30.59,-76.31,29.47
30.59,-76.29,29.8
30.59,-76.21,29.88
30.59,-76.19,29.89
30.59,-76.17,29.83
30.59,-76.15,29.76
30.59,-76.13,29.7
30.59,-76.11,29.74
30.59,-76.09,29.81
30.59,-76.07,30.02
30.59,-76.05,30.14
30.59,-76.03,30.09
30.59,-76.01,30.09
30.59,-75.99,30.08
30.59,-75.97,30.05
30.59,-75.95,29.99
30.59,-75.93,30.04
30.59,-75.91,30.02
30.59,-75.89,29.99
30.59,-75.87,30.05
30.59,-75.85,30.15
30.59,-75.83,30.01
30.59,-75.81,29.96
30.59,-75.71,29.85
30.59,-75.69,29.81
30.59,-75.67,29.89
30.59,-75.65,29.84
30.59,-75.63,29.86
30.59,-75.61,29.85
30.59,-75.59,29.93
30.59,-75.57,29.91
30.59,-75.55,29.89
30.59,-75.53,29.67
30.59,-75.49,29.61
30.59,-75.35,29.65
30.59,-75.33,29.69
30.59,-75.31,29.75
30.59,-75.29,29.63
30.59,-75.27,29.57
30.59,-75.25,29.58
30.59,-75.23,29.62
30.59,-75.21,29.69
30.57,-81.25,28.56
30.57,-81.23,28.6
30.57,-81.21,28.53
30.57,-81.19,28.44
30.57,-81.15,28.34
30.57,-81.13,28.34
30.57,-81.03,28.42
30.57,-81.01,28.4
30.57,-80.99,28.35
30.57,-80.97,28.28
30.57,-80.91,28.51
30.57,-80.89,28.58
30.57,-80.77,28.72
30.57,-80.75,28.69
30.57,-80.65,28.76
30.57,-80.63,28.82
30.57,-80.61,28.82
30.57,-80.57,28.76
30.57,-80.55,28.85
30.57,-80.53,28.9
30.57,-80.45,28.95
30.57,-80.43,28.98
30.57,-80.41,28.96
30.57,-80.39,28.83
30.57,-80.37,28.8
30.57,-80.35,28.77
30.57,-80.33,28.69
30.57,-80.31,28.65
30.57,-80.29,28.65
30.57,-80.27,28.65
30.57,-80.25,28.61
30.57,-80.23,28.66
30.57,-80.21,28.63
30.57,-80.19,28.63
30.57,-80.17,28.64
30.57,-80.15,28.58
30.57,-80.13,28.57
30.57,-80.11,28.48
30.57,-80.09,28.53
30.57,-80.05,29.34
30.57,-80.03,29.68
30.57,-80.01,29.85
30.57,-79.99,30.03
30.57,-79.95,29.89
30.57,-79.93,30.05
30.57,-79.91,30.02
30.57,-79.79,29.88
30.57,-79.73,29.86
30.57,-79.71,29.72
30.57,-79.69,29.76
30.57,-79.59,29.74
30.57,-79.47,29.49
30.57,-79.45,29.65
30.57,-79.43,29.59
30.57,-79.41,29.77
30.57,-79.39,29.77
30.57,-79.37,29.52
30.57,-79.33,29.91
30.57,-79.31,29.96
30.57,-78.87,29.16
30.57,-78.85,29.11
30.57,-77.93,29.27
30.57,-77.91,29.39
30.57,-77.89,29.54
30.57,-77.87,29.6
30.57,-77.85,29.67
30.57,-77.83,29.58
30.57,-77.81,29.57
30.57,-77.79,29.44
30.57,-77.77,29.42
30.57,-77.75,29.46
30.57,-77.73,29.56
30.57,-77.65,29.52
30.57,-77.63,29.59
30.57,-77.61,29.67
30.57,-77.59,29.65
30.57,-77.57,29.54
30.57,-77.43,29.58
30.57,-77.41,29.62
30.57,-77.39,29.66
30.57,-77.37,29.65
30.57,-77.35,29.67
30.57,-77.33,29.64
30.57,-77.31,29.59
30.57,-77.29,29.52
30.57,-77.27,29.5
30.57,-77.25,29.46
30.57,-77.19,29.52
30.57,-77.17,29.95
30.57,-77.15,30.04
30.57,-77.13,30.03
30.57,-77.11,30.0
30.57,-77.09,29.87
30.57,-77.07,29.83
30.57,-77.05,29.81
30.57,-77.03,29.91
30.57,-77.01,29.96
30.57,-76.99,30.01
30.57,-76.97,29.94
30.57,-76.95,29.89
30.57,-76.85,29.33
30.57,-76.83,29.38
30.57,-76.81,29.63
30.57,-76.79,29.69
30.57,-76.71,29.64
30.57,-76.69,29.73
30.57,-76.67,29.78
30.57,-76.65,29.74
30.57,-76.63,29.81
30.57,-76.61,29.79
30.57,-76.59,29.7
30.57,-76.57,29.7
30.57,-76.55,29.65
30.57,-76.53,29.57
30.57,-76.51,29.56
30.57,-76.49,29.44
30.57,-76.47,29.5
30.57,-76.45,29.38
30.57,-76.43,29.37
30.57,-76.39,29.32
30.57,-76.37,29.34
30.57,-76.35,29.3
30.57,-76.33,29.3
30.57,-76.31,29.39
30.57,-76.29,29.64
30.57,-76.23,29.87
30.57,-76.21,29.86
30.57,-76.19,29.94
30.57,-76.17,29.89
30.57,-76.15,29.81
30.57,-76.13,29.82
30.57,-76.11,29.78
30.57,-76.09,29.88
30.57,-76.07,30.01
30.57,-76.05,30.1
30.57,-76.03,30.1
30.57,-76.01,30.08
30.57,-75.99,30.08
30.57,-75.97,30.16
30.57,-75.95,30.18
30.57,-75.93,30.09
30.57,-75.91,29.97
30.57,-75.89,29.9
30.57,-75.87,30.05
30.57,-75.85,30.19
30.57,-75.83,30.21
30.57,-75.79,29.71
30.57,-75.73,29.93
30.57,-75.71,29.85
30.57,-75.69,29.84
30.57,-75.67,29.87
30.57,-75.65,29.82
30.57,-75.63,29.81
30.57,-75.61,29.78
30.57,-75.59,29.9
30.57,-75.57,29.82
30.57,-75.55,29.71
30.57,-75.53,29.68
30.57,-75.51,29.73
30.57,-75.49,29.65
30.57,-75.47,29.62
30.57,-75.33,29.68
30.57,-75.31,29.76
30.57,-75.29,29.77
30.57,-75.27,29.77
30.57,-75.25,29.73
30.57,-75.23,29.67
30.57,-75.21,29.64
30.55,-81.43,28.53
30.55,-81.27,28.42
30.55,-81.25,28.47
30.55,-81.23,28.54
30.55,-81.21,28.51
30.55,-81.13,28.33
30.55,-81.05,28.42
30.55,-81.03,28.45
30.55,-81.01,28.48
30.55,-80.99,28.4
30.55,-80.91,28.54
30.55,-80.89,28.59
30.55,-80.83,28.72
30.55,-80.81,28.77
30.55,-80.79,28.78
30.55,-80.77,28.66
30.55,-80.75,28.64
30.55,-80.65,28.85
30.55,-80.63,28.86
30.55,-80.61,28.83
30.55,-80.57,28.79
30.55,-80.55,28.87
30.55,-80.53,28.87
30.55,-80.47,28.91
30.55,-80.45,28.93
30.55,-80.43,28.9
30.55,-80.41,28.84
30.55,-80.39,28.82
30.55,-80.37,28.81
30.55,-80.35,28.77
30.55,-80.33,28.7
30.55,-80.31,28.65
30.55,-80.29,28.65
30.55,-80.27,28.63
30.55,-80.25,28.62
30.55,-80.23,28.61
30.55,-80.21,28.61
30.55,-80.19,28.59
30.55,-80.17,28.53
30.55,-80.15,28.43
30.55,-80.13,28.59
30.55,-80.11,28.62
30.55,-80.09,28.63
30.55,-80.05,29.38
30.55,-80.03,29.76
30.55,-80.01,29.85
30.55,-79.99,29.89
30.55,-79.97,29.91
30.55,-79.91,29.84
30.55,-79.89,29.76
30.55,-79.87,29.71
30.55,-79.85,29.75
30.55,-79.81,29.82
30.55,-79.79,29.85
30.55,-79.77,29.85
30.55,-79.73,29.96
30.55,-79.71,29.97
30.55,-79.53,29.54
30.55,-79.51,29.57
30.55,-79.49,29.63
30.55,-79.47,29.65
30.55,-79.41,29.54
30.55,-79.39,29.55
30.55,-79.37,29.53
30.55,-78.05,29.29
30.55,-77.95,29.34
30.55,-77.93,29.34
30.55,-77.91,29.54
30.55,-77.89,29.65
30.55,-77.87,29.61
30.55,-77.85,29.64
30.55,-77.83,29.68
30.55,-77.81,29.58
30.55,-77.79,29.52
30.55,-77.77,29.42
30.55,-77.75,29.48
30.55,-77.73,29.61
30.55,-77.71,29.59
30.55,-77.63,29.63
30.55,-77.61,29.64
30.55,-77.59,29.55
30.55,-77.57,29.54
30.55,-77.47,29.63
30.55,-77.45,29.65
30.55,-77.43,29.65
30.55,-77.41,29.62
30.55,-77.39,29.66
30.55,-77.37,29.67
30.55,-77.35,29.65
30.55,-77.33,29.63
30.55,-77.31,29.57
30.55,-77.29,29.52
30.55,-77.27,29.38
30.55,-77.25,29.35
30.55,-77.21,29.53
30.55,-77.19,29.6
30.55,-77.17,29.9
30.55,-77.15,30.04
30.55,-77.13,30.08
30.55,-77.09,29.8
30.55,-77.07,29.76
30.55,-77.05,29.91
30.55,-77.03,29.97
30.55,-77.01,29.97
30.55,-76.97,29.87
30.55,-76.95,29.78
30.55,-76.85,29.26
30.55,-76.79,29.44
30.55,-76.77,29.25
30.55,-76.67,29.74
30.55,-76.65,29.75
30.55,-76.63,29.79
30.55,-76.61,29.76
30.55,-76.59,29.7
30.55,-76.57,29.74
30.55,-76.55,29.64
30.55,-76.53,29.59
30.55,-76.51,29.45
30.55,-76.49,29.44
30.55,-76.47,29.42
30.55,-76.43,29.38
30.55,-76.41,29.26
30.55,-76.39,29.23
30.55,-76.37,29.37
30.55,-76.31,29.4
30.55,-76.29,29.68
30.55,-76.27,29.65
30.55,-76.25,29.66
30.55,-76.23,29.72
30.55,-76.21,29.8
30.55,-76.19,29.86
30.55,-76.17,29.87
30.55,-76.15,29.82
30.55,-76.13,29.96
30.55,-76.11,30.04
30.55,-76.09,30.02
30.55,-76.07,30.03
30.55,-76.05,30.04
30.55,-76.03,30.02
30.55,-76.01,30.08
30.55,-75.99,30.11
30.55,-75.97,30.09
30.55,-75.95,30.11
30.55,-75.93,29.81
30.55,-75.91,29.73
30.55,-75.87,30.21
30.55,-75.85,30.2
30.55,-75.83,30.17
30.55,-75.79,29.65
30.55,-75.75,29.98
30.55,-75.73,29.97
30.55,-75.71,29.91
30.55,-75.69,29.83
30.55,-75.67,29.85
30.55,-75.65,29.81
30.55,-75.63,29.78
30.55,-75.61,29.79
30.55,-75.59,29.86
30.55,-75.57,29.83
30.55,-75.55,29.81
30.55,-75.53,29.81
30.55,-75.51,29.82
30.55,-75.49,29.84
30.55,-75.47,29.66
30.55,-75.45,29.63
30.55,-75.31,29.79
30.55,-75.29,29.81
30.55,-75.27,29.82
30.55,-75.25,29.81
30.55,-75.23,29.6
30.55,-75.21,29.57
30.53,-81.43,28.57
30.53,-81.25,28.4
30.53,-81.23,28.41
30.53,-81.21,28.33
30.53,-81.05,28.44
30.53,-81.03,28.44
30.53,-81.01,28.48
30.53,-80.95,28.58
30.53,-80.89,28.67
30.53,-80.87,28.67
30.53,-80.85,28.69
30.53,-80.83,28.75
30.53,-80.81,28.77
30.53,-80.79,28.75
30.53,-80.77,28.69
30.53,-80.75,28.68
30.53,-80.69,28.61
30.53,-80.67,28.67
30.53,-80.65,28.82
30.53,-80.63,28.8
30.53,-80.61,28.75
30.53,-80.59,28.72
30.53,-80.57,28.78
30.53,-80.55,28.85
30.53,-80.53,28.85
30.53,-80.49,28.82
30.53,-80.47,28.85
30.53,-80.45,28.94
30.53,-80.43,28.91
30.53,-80.41,28.88
30.53,-80.39,28.82
30.53,-80.37,28.78
30.53,-80.35,28.75
30.53,-80.33,28.71
30.53,-80.31,28.66
30.53,-80.29,28.66
30.53,-80.27,28.63
30.53,-80.25,28.68
30.53,-80.23,28.65
30.53,-80.21,28.44
30.53,-80.19,28.52
30.53,-80.17,28.33
30.53,-80.15,28.41
30.53,-80.13,28.67
30.53,-80.11,28.64
30.53,-80.09,28.58
30.53,-80.07,29.26
30.53,-80.05,29.48
30.53,-80.03,29.79
30.53,-80.01,29.93
30.53,-79.99,29.88
30.53,-79.97,29.93
30.53,-79.89,29.74
30.53,-79.87,29.73
30.53,-79.85,29.74
30.53,-79.77,29.97
30.53,-79.73,29.89
30.53,-79.71,29.89
30.53,-79.61,29.66
30.53,-79.59,29.62
30.53,-79.51,29.62
30.53,-79.49,29.68
30.53,-79.47,29.88
30.53,-79.45,29.69
30.53,-79.41,29.62
30.53,-79.39,29.59
30.53,-79.37,29.52
30.53,-79.35,29.51
30.53,-78.07,29.2
30.53,-78.05,29.24
30.53,-77.97,29.43
30.53,-77.95,29.52
30.53,-77.93,29.61
30.53,-77.91,29.63
30.53,-77.89,29.73
30.53,-77.87,29.72
30.53,-77.85,29.65
30.53,-77.83,29.59
30.53,-77.81,29.54
30.53,-77.79,29.57
30.53,-77.69,29.48
30.53,-77.63,29.68
30.53,-77.61,29.63
30.53,-77.59,29.51
30.53,-77.47,29.52
30.53,-77.45,29.65
30.53,-77.43,29.71
30.53,-77.41,29.66
30.53,-77.39,29.65
30.53,-77.37,29.61
30.53,-77.35,29.69
30.53,-77.33,29.72
30.53,-77.31,29.72
30.53,-77.21,29.5
30.53,-77.19,29.59
30.53,-77.17,29.81
30.53,-77.15,29.87
30.53,-77.13,29.97
30.53,-77.11,29.98
30.53,-77.09,29.72
30.53,-77.07,29.72
30.53,-77.05,29.87
30.53,-77.03,29.94
30.53,-77.01,29.72
30.53,-76.99,29.66
30.53,-76.97,29.62
30.53,-76.95,29.55
30.53,-76.93,29.46
30.53,-76.91,29.38
30.53,-76.85,29.26
30.53,-76.81,29.28
30.53,-76.79,29.26
30.53,-76.77,29.22
30.53,-76.75,29.28
30.53,-76.69,29.7
30.53,-76.67,29.69
30.53,-76.65,29.67
30.53,-76.63,29.72
30.53,-76.61,29.69
30.53,-76.59,29.7
30.53,-76.57,29.72
30.53,-76.55,29.62
30.53,-76.51,29.45
30.53,-76.49,29.38
30.53,-76.47,29.4
30.53,-76.39,29.27
30.53,-76.37,29.31
30.53,-76.29,29.73
30.53,-76.27,29.68
30.53,-76.25,29.67
30.53,-76.23,29.76
30.53,-76.21,29.81
30.53,-76.19,29.75
30.53,-76.17,29.85
30.53,-76.15,29.84
30.53,-76.13,30.03
30.53,-76.11,30.02
30.53,-76.09,29.99
30.53,-76.07,30.01
30.53,-76.05,29.98
30.53,-76.03,30.01
30.53,-76.01,30.04
30.53,-75.99,30.04
30.53,-75.97,30.03
30.53,-75.95,30.0
30.53,-75.93,29.86
30.53,-75.89,30.11
30.53,-75.87,30.13
30.53,-75.85,30.12
30.53,-75.83,30.08
30.53,-75.81,30.04
30.53,-75.75,30.02
30.53,-75.73,29.97
30.53,-75.71,29.86
30.53,-75.69,29.83
30.53,-75.67,29.8
30.53,-75.63,29.82
30.53,-75.61,29.82
30.53,-75.59,29.84
30.53,-75.57,29.85
30.53,-75.55,29.88
30.53,-75.51,29.93
30.53,-75.49,29.94
30.53,-75.39,29.76
30.53,-75.37,29.73
30.53,-75.35,29.56
30.53,-75.33,29.55
30.53,-75.31,29.75
30.53,-75.29,29.87
30.53,-75.27,29.85
30.53,-75.25,29.8
30.53,-75.23,29.55
30.53,-75.21,29.51
30.51,-81.21,28.29
30.51,-81.19,28.31
30.51,-81.09,28.32
30.51,-81.05,28.39
30.51,-80.97,28.49
30.51,-80.95,28.55
30.51,-80.93,28.6
30.51,-80.91,28.62
30.51,-80.89,28.67
30.51,-80.87,28.72
30.51,-80.85,28.73
30.51,-80.83,28.78
30.51,-80.81,28.75
30.51,-80.79,28.63
30.51,-80.77,28.64
30.51,-80.75,28.74
30.51,-80.73,28.63
30.51,-80.69,28.64
30.51,-80.67,28.7
30.51,-80.65,28.81
30.51,-80.63,28.78
30.51,-80.61,28.76
30.51,-80.59,28.76
30.51,-80.57,28.76
30.51,-80.55,28.81
30.51,-80.49,28.88
30.51,-80.47,28.88
30.51,-80.45,28.85
30.51,-80.43,28.84
30.51,-80.41,28.83
30.51,-80.39,28.78
30.51,-80.37,28.77
30.51,-80.35,28.66
30.51,-80.33,28.65
30.51,-80.31,28.65
30.51,-80.29,28.61
30.51,-80.27,28.56
30.51,-80.25,28.59
30.51,-80.23,28.58
30.51,-80.21,28.47
30.51,-80.19,28.2
30.51,-80.17,28.44
30.51,-80.15,28.69
30.51,-80.13,28.74
30.51,-80.11,28.66
30.51,-80.09,28.61
30.51,-80.07,29.37
30.51,-80.05,29.47
30.51,-80.03,29.68
30.51,-80.01,29.96
30.51,-79.99,29.97
30.51,-79.91,29.84
30.51,-79.89,29.84
30.51,-79.87,29.72
30.51,-79.85,30.0
30.51,-79.83,29.99
30.51,-79.79,29.82
30.51,-79.77,29.97
30.51,-79.51,29.65
30.51,-79.49,29.73
30.51,-79.47,29.85
30.51,-78.07,29.16
30.51,-77.97,29.51
30.51,-77.95,29.66
30.51,-77.93,29.74
30.51,-77.91,29.75
30.51,-77.89,29.76
30.51,-77.87,29.71
30.51,-77.85,29.65
30.51,-77.83,29.61
30.51,-77.81,29.54
30.51,-77.77,29.46
30.51,-77.75,29.51
30.51,-77.73,29.57
30.51,-77.63,29.7
30.51,-77.61,29.71
30.51,-77.47,29.53
30.51,-77.45,29.57
30.51,-77.43,29.62
30.51,-77.41,29.63
30.51,-77.39,29.64
30.51,-77.37,29.66
30.51,-77.35,29.65
30.51,-77.33,29.59
30.51,-77.23,29.55
30.51,-77.21,29.55
30.51,-77.19,29.58
30.51,-77.17,29.61
30.51,-77.15,29.8
30.51,-77.13,29.75
30.51,-77.11,29.9
30.51,-77.09,29.89
30.51,-77.07,29.93
30.51,-77.05,30.03
30.51,-77.03,29.88
30.51,-77.01,29.69
30.51,-76.99,29.66
30.51,-76.97,29.75
30.51,-76.95,29.51
30.51,-76.93,29.38
30.51,-76.69,29.68
30.51,-76.67,29.7
30.51,-76.65,29.63
30.51,-76.63,29.69
30.51,-76.61,29.64
30.51,-76.59,29.65
30.51,-76.57,29.63
30.51,-76.55,29.58
30.51,-76.53,29.55
30.51,-76.51,29.52
30.51,-76.49,29.39
30.51,-76.47,29.34
30.51,-76.45,29.31
30.51,-76.43,29.31
30.51,-76.33,29.55
30.51,-76.27,29.83
30.51,-76.25,29.83
30.51,-76.23,29.87
30.51,-76.21,29.88
30.51,-76.19,29.7
30.51,-76.17,29.79
30.51,-76.15,29.92
30.51,-76.13,30.01
30.51,-76.11,30.03
30.51,-76.09,29.98
30.51,-76.07,29.98
30.51,-76.05,29.99
30.51,-76.03,30.08
30.51,-76.01,30.02
30.51,-75.99,29.99
30.51,-75.97,29.99
30.51,-75.95,30.06
30.51,-75.93,29.93
30.51,-75.89,30.1
30.51,-75.87,30.12
30.51,-75.85,30.08
30.51,-75.83,30.07
30.51,-75.81,30.03
30.51,-75.79,29.91
30.51,-75.75,29.98
30.51,-75.65,29.78
30.51,-75.63,29.79
30.51,-75.61,29.82
30.51,-75.59,29.84
30.51,-75.57,29.82
30.51,-75.55,29.82
30.51,-75.53,29.76
30.51,-75.51,29.78
30.51,-75.49,29.82
30.51,-75.39,29.72
30.51,-75.37,29.73
30.51,-75.35,29.72
30.51,-75.33,29.8
30.51,-75.31,29.76
30.51,-75.29,29.86
30.51,-75.27,29.8
30.51,-75.25,29.71
30.51,-75.21,29.53
30.49,-81.21,28.29
30.49,-81.19,28.3
30.49,-80.99,28.52
30.49,-80.97,28.54
30.49,-80.95,28.52
30.49,-80.93,28.56
30.49,-80.91,28.62
30.49,-80.89,28.65
30.49,-80.87,28.68
30.49,-80.85,28.68
30.49,-80.83,28.72
30.49,-80.81,28.7
30.49,-80.79,28.54
30.49,-80.77,28.56
30.49,-80.75,28.58
30.49,-80.73,28.58
30.49,-80.69,28.64
30.49,-80.67,28.72
30.49,-80.65,28.8
30.49,-80.63,28.76
30.49,-80.59,28.77
30.49,-80.57,28.75
30.49,-80.55,28.78
30.49,-80.53,28.79
30.49,-80.51,28.84
30.49,-80.49,28.81
30.49,-80.47,28.69
30.49,-80.45,28.77
30.49,-80.43,28.8
30.49,-80.41,28.78
30.49,-80.39,28.77
30.49,-80.37,28.72
30.49,-80.35,28.69
30.49,-80.33,28.7
30.49,-80.31,28.68
30.49,-80.29,28.65
30.49,-80.27,28.53
30.49,-80.25,28.57
30.49,-80.23,28.44
30.49,-80.21,28.3
30.49,-80.19,28.33
30.49,-80.17,28.55
30.49,-80.15,28.76
30.49,-80.13,28.67
30.49,-80.11,28.37
30.49,-80.01,29.7
30.49,-79.99,29.65
30.49,-79.91,29.8
30.49,-79.89,29.86
30.49,-79.79,29.88
30.49,-79.77,29.87
30.49,-79.15,29.25
30.49,-78.01,29.35
30.49,-77.99,29.52
30.49,-77.97,29.81
30.49,-77.95,29.78
30.49,-77.93,29.74
30.49,-77.91,29.78
30.49,-77.89,29.75
30.49,-77.87,29.59
30.49,-77.85,29.71
30.49,-77.83,29.72
30.49,-77.79,29.53
30.49,-77.77,29.58
30.49,-77.75,29.6
30.49,-77.73,29.55
30.49,-77.69,29.52
30.49,-77.67,29.55
30.49,-77.63,29.7
30.49,-77.61,29.72
30.49,-77.49,29.56
30.49,-77.47,29.53
30.49,-77.45,29.56
30.49,-77.43,29.61
30.49,-77.41,29.67
30.49,-77.39,29.67
30.49,-77.37,29.69
30.49,-77.27,29.49
30.49,-77.25,29.56
30.49,-77.23,29.6
30.49,-77.21,29.59
30.49,-77.19,29.56
30.49,-77.17,29.54
30.49,-77.15,29.62
30.49,-77.13,29.66
30.49,-77.11,29.77
30.49,-77.09,29.91
30.49,-77.07,29.99
30.49,-77.05,30.0
30.49,-77.03,29.81
30.49,-77.01,29.76
30.49,-76.99,29.61
30.49,-76.69,29.65
30.49,-76.67,29.62
30.49,-76.65,29.57
30.49,-76.63,29.67
30.49,-76.61,29.62
30.49,-76.59,29.63
30.49,-76.57,29.64
30.49,-76.55,29.63
30.49,-76.53,29.52
30.49,-76.51,29.45
30.49,-76.49,29.4
30.49,-76.47,29.3
30.49,-76.45,29.29
30.49,-76.43,29.3
30.49,-76.39,29.26
30.49,-76.37,29.27
30.49,-76.29,29.85
30.49,-76.27,29.86
30.49,-76.25,29.83
30.49,-76.23,29.83
30.49,-76.21,29.98
30.49,-76.19,29.74
30.49,-76.17,29.72
30.49,-76.15,29.95
30.49,-76.13,30.02
30.49,-76.11,30.05
30.49,-76.09,29.91
30.49,-76.07,29.86
30.49,-76.05,29.84
30.49,-76.03,29.93
30.49,-76.01,29.93
30.49,-75.99,29.92
30.49,-75.97,29.99
30.49,-75.95,29.95
30.49,-75.93,29.88
30.49,-75.91,29.93
30.49,-75.89,30.07
30.49,-75.87,30.14
30.49,-75.85,30.12
30.49,-75.83,30.07
30.49,-75.81,30.2
30.49,-75.79,30.24
30.49,-75.65,29.75
30.49,-75.63,29.74
30.49,-75.61,29.85
30.49,-75.59,29.87
30.49,-75.57,29.85
30.49,-75.55,29.83
30.49,-75.53,29.78
30.49,-75.51,29.79
30.49,-75.41,29.75
30.49,-75.39,29.78
30.49,-75.37,29.85
30.49,-75.35,29.71
30.49,-75.33,29.79
30.49,-75.31,29.53
30.49,-75.29,29.53
30.49,-75.27,29.55
30.49,-75.21,29.5
30.47,-80.99,28.51
30.47,-80.97,28.52
30.47,-80.95,28.47
30.47,-80.93,28.51
30.47,-80.91,28.53
30.47,-80.89,28.59
30.47,-80.87,28.64
30.47,-80.85,28.6
30.47,-80.83,28.65
30.47,-80.81,28.64
30.47,-80.69,28.56
30.47,-80.67,28.68
30.47,-80.65,28.79
30.47,-80.63,28.8
30.47,-80.61,28.84
30.47,-80.59,28.87
30.47,-80.57,28.84
30.47,-80.55,28.82
30.47,-80.53,28.77
30.47,-80.51,28.8
30.47,-80.49,28.79
30.47,-80.47,28.75
30.47,-80.45,28.77
30.47,-80.43,28.8
30.47,-80.41,28.77
30.47,-80.39,28.73
30.47,-80.37,28.72
30.47,-80.35,28.73
30.47,-80.33,28.65
30.47,-80.31,28.62
30.47,-80.29,28.49
30.47,-80.27,28.47
30.47,-80.25,28.35
30.47,-80.23,28.25
30.47,-80.21,28.39
30.47,-80.19,28.4
30.47,-80.17,28.63
30.47,-80.15,28.74
30.47,-80.13,28.57
30.47,-80.11,28.48
30.47,-80.05,29.43
30.47,-80.03,29.6
30.47,-80.01,29.67
30.47,-79.99,29.71
30.47,-79.93,29.68
30.47,-79.91,29.77
30.47,-79.89,29.8
30.47,-79.87,29.83
30.47,-79.85,29.85
30.47,-79.83,29.88
30.47,-79.79,29.91
30.47,-79.77,30.04
30.47,-79.75,30.08
30.47,-79.49,29.47
30.47,-79.47,29.54
30.47,-79.45,29.57
30.47,-79.17,29.26
30.47,-78.95,29.28
30.47,-78.93,29.24
30.47,-78.03,29.4
30.47,-78.01,29.43
30.47,-77.99,29.67
30.47,-77.97,29.84
30.47,-77.95,29.83
30.47,-77.93,29.71
30.47,-77.91,29.77
30.47,-77.89,29.69
30.47,-77.87,29.59
30.47,-77.85,29.69
30.47,-77.83,29.77
30.47,-77.79,29.58
30.47,-77.77,29.65
30.47,-77.75,29.63
30.47,-77.73,29.59
30.47,-77.65,29.53
30.47,-77.63,29.64
30.47,-77.61,29.49
30.47,-77.53,29.42
30.47,-77.51,29.5
30.47,-77.49,29.62
30.47,-77.47,29.61
30.47,-77.45,29.67
30.47,-77.43,29.61
30.47,-77.41,29.65
30.47,-77.39,29.63
30.47,-77.37,29.66
30.47,-77.35,29.71
30.47,-77.29,29.42
30.47,-77.27,29.51
30.47,-77.25,29.57
30.47,-77.23,29.57
30.47,-77.21,29.54
30.47,-77.19,29.54
30.47,-77.17,29.55
30.47,-77.15,29.62
30.47,-77.13,29.57
30.47,-77.11,29.59
30.47,-77.09,29.72
30.47,-77.07,29.87
30.47,-77.05,29.89
30.47,-77.03,29.89
30.47,-77.01,29.9
30.47,-76.99,29.65
30.47,-76.69,29.61
30.47,-76.67,29.6
30.47,-76.65,29.6
30.47,-76.63,29.62
30.47,-76.61,29.65
30.47,-76.59,29.66
30.47,-76.57,29.63
30.47,-76.55,29.58
30.47,-76.53,29.45
30.47,-76.51,29.44
30.47,-76.49,29.36
30.47,-76.47,29.3
30.47,-76.45,29.28
30.47,-76.43,29.35
30.47,-76.41,29.29
30.47,-76.39,29.38
30.47,-76.37,29.4
30.47,-76.29,29.85
30.47,-76.27,29.79
30.47,-76.25,29.87
30.47,-76.23,29.88
30.47,-76.21,30.01
30.47,-76.19,29.95
30.47,-76.15,29.93
30.47,-76.13,29.93
30.47,-76.11,29.94
30.47,-76.09,29.9
30.47,-76.07,29.81
30.47,-76.05,29.86
30.47,-76.03,29.92
30.47,-76.01,29.93
30.47,-75.99,29.99
30.47,-75.97,29.95
30.47,-75.95,29.87
30.47,-75.93,29.86
30.47,-75.91,29.95
30.47,-75.89,30.08
30.47,-75.87,30.11
30.47,-75.85,30.11
30.47,-75.83,30.1
30.47,-75.81,30.05
30.47,-75.79,30.09
30.47,-75.77,30.12
30.47,-75.67,29.79
30.47,-75.65,29.75
30.47,-75.63,29.85
30.47,-75.61,29.88
30.47,-75.45,29.71
30.47,-75.43,29.78
30.47,-75.41,29.78
30.47,-75.39,29.74
30.47,-75.37,29.66
30.47,-75.35,29.54
30.47,-75.33,29.51
30.47,-75.31,29.48
30.47,-75.29,29.49
30.47,-75.23,29.55
30.47,-75.21,29.53
30.45,-80.99,28.44
30.45,-80.97,28.47
30.45,-80.95,28.46
30.45,-80.93,28.51
30.45,-80.91,28.49
30.45,-80.89,28.51
30.45,-80.87,28.55
30.45,-80.85,28.51
30.45,-80.69,28.57
30.45,-80.67,28.63
30.45,-80.65,28.87
30.45,-80.63,28.88
30.45,-80.61,28.85
30.45,-80.59,28.89
30.45,-80.57,28.89
30.45,-80.55,28.82
30.45,-80.53,28.76
30.45,-80.51,28.77
30.45,-80.49,28.75
30.45,-80.47,28.73
30.45,-80.45,28.77
30.45,-80.43,28.78
30.45,-80.41,28.77
30.45,-80.39,28.74
30.45,-80.37,28.7
30.45,-80.35,28.68
30.45,-80.33,28.61
30.45,-80.31,28.48
30.45,-80.27,28.43
30.45,-80.25,28.5
30.45,-80.23,28.54
30.45,-80.21,28.51
30.45,-80.19,28.5
30.45,-80.17,28.65
30.45,-80.15,28.74
30.45,-80.13,28.62
30.45,-80.07,29.41
30.45,-80.05,29.43
30.45,-80.03,29.65
30.45,-80.01,29.69
30.45,-79.99,29.71
30.45,-79.93,29.69
30.45,-79.91,29.67
30.45,-79.89,29.92
30.45,-79.87,29.9
30.45,-79.85,29.9
30.45,-79.83,29.91
30.45,-79.81,29.94
30.45,-79.79,30.02
30.45,-79.77,30.05
30.45,-79.75,30.12
30.45,-79.17,29.31
30.45,-79.15,29.25
30.45,-79.11,29.27
30.45,-78.03,29.54
30.45,-78.01,29.69
30.45,-77.99,29.83
30.45,-77.97,29.84
30.45,-77.95,29.77
30.45,-77.93,29.75
30.45,-77.91,29.7
30.45,-77.89,29.64
30.45,-77.87,29.63
30.45,-77.85,29.6
30.45,-77.83,29.64
30.45,-77.79,29.58
30.45,-77.77,29.64
30.45,-77.75,29.66
30.45,-77.73,29.66
30.45,-77.71,29.45
30.45,-77.69,29.45
30.45,-77.67,29.41
30.45,-77.65,29.37
30.45,-77.63,29.35
30.45,-77.49,29.57
30.45,-77.47,29.56
30.45,-77.45,29.6
30.45,-77.43,29.61
30.45,-77.41,29.57
30.45,-77.39,29.64
30.45,-77.37,29.7
30.45,-77.31,29.4
30.45,-77.29,29.37
30.45,-77.27,29.49
30.45,-77.25,29.49
30.45,-77.23,29.51
30.45,-77.21,29.57
30.45,-77.19,29.54
30.45,-77.17,29.54
30.45,-77.15,29.55
30.45,-77.13,29.56
30.45,-77.11,29.62
30.45,-77.09,29.64
30.45,-77.07,29.62
30.45,-77.05,29.65
30.45,-77.03,29.69
30.45,-77.01,29.79
30.45,-76.99,29.63
30.45,-76.73,29.41
30.45,-76.71,29.45
30.45,-76.69,29.63
30.45,-76.67,29.6
30.45,-76.65,29.59
30.45,-76.63,29.61
30.45,-76.61,29.62
30.45,-76.59,29.62
30.45,-76.57,29.62
30.45,-76.55,29.54
30.45,-76.53,29.55
30.45,-76.51,29.45
30.45,-76.49,29.37
30.45,-76.47,29.3
30.45,-76.45,29.3
30.45,-76.43,29.34
30.45,-76.39,29.66
30.45,-76.25,29.94
30.45,-76.23,29.94
30.45,-76.21,29.92
30.45,-76.19,29.86
30.45,-76.13,29.8
30.45,-76.11,29.83
30.45,-76.09,29.88
30.45,-76.07,29.91
30.45,-76.05,29.9
30.45,-76.03,29.86
30.45,-76.01,29.93
30.45,-75.99,29.99
30.45,-75.97,30.0
30.45,-75.95,29.77
30.45,-75.93,29.79
30.45,-75.91,29.98
30.45,-75.89,30.07
30.45,-75.87,30.05
30.45,-75.85,30.05
30.45,-75.83,30.13
30.45,-75.81,30.12
30.45,-75.79,30.06
30.45,-75.77,30.09
30.45,-75.67,29.32
30.45,-75.65,29.3
30.45,-75.49,29.79
30.45,-75.47,29.69
30.45,-75.45,29.66
30.45,-75.43,29.74
30.45,-75.41,29.7
30.45,-75.39,29.65
30.45,-75.37,29.57
30.45,-75.35,29.52
30.45,-75.33,29.51
30.45,-75.31,29.38
30.45,-75.29,29.45
30.45,-75.23,29.57
30.45,-75.21,29.53
30.43,-81.61,28.84
30.43,-80.99,28.39
30.43,-80.97,28.41
30.43,-80.95,28.43
30.43,-80.93,28.47
30.43,-80.91,28.44
30.43,-80.89,28.48
30.43,-80.87,28.53
30.43,-80.71,28.59
30.43,-80.69,28.72
30.43,-80.67,28.77
30.43,-80.65,28.84
30.43,-80.63,28.85
30.43,-80.61,28.89
30.43,-80.59,28.9
30.43,-80.57,28.89
30.43,-80.55,28.84
30.43,-80.53,28.79
30.43,-80.51,28.77
30.43,-80.49,28.75
30.43,-80.47,28.74
30.43,-80.45,28.73
30.43,-80.43,28.71
30.43,-80.41,28.71
30.43,-80.39,28.67
30.43,-80.37,28.64
30.43,-80.35,28.66
30.43,-80.33,28.65
30.43,-80.31,28.63
30.43,-80.29,28.64
30.43,-80.27,28.61
30.43,-80.25,28.56
30.43,-80.23,28.56
30.43,-80.21,28.56
30.43,-80.19,28.52
30.43,-80.17,28.71
30.43,-80.15,28.65
30.43,-80.13,28.62
30.43,-80.09,29.28
30.43,-80.07,29.41
30.43,-80.05,29.51
30.43,-80.03,29.69
30.43,-80.01,29.52
30.43,-79.99,29.48
30.43,-79.93,29.76
30.43,-79.91,29.71
30.43,-79.89,29.81
30.43,-79.87,29.93
30.43,-79.85,29.94
30.43,-79.83,29.89
30.43,-79.81,29.91
30.43,-79.19,29.4
30.43,-79.17,29.35
30.43,-79.15,29.27
30.43,-79.13,29.32
30.43,-78.05,29.64
30.43,-78.03,29.67
30.43,-78.01,29.8
30.43,-77.99,29.83
30.43,-77.97,29.8
30.43,-77.95,29.76
30.43,-77.93,29.76
30.43,-77.91,29.63
30.43,-77.89,29.73
30.43,-77.87,29.74
30.43,-77.85,29.57
30.43,-77.77,29.66
30.43,-77.75,29.65
30.43,-77.73,29.62
30.43,-77.71,29.45
30.43,-77.69,29.43
30.43,-77.67,29.45
30.43,-77.63,29.23
30.43,-77.51,29.53
30.43,-77.49,29.6
30.43,-77.47,29.6
30.43,-77.45,29.58
30.43,-77.43,29.61
30.43,-77.41,29.6
30.43,-77.39,29.53
30.43,-77.37,29.6
30.43,-77.27,29.62
30.43,-77.25,29.62
30.43,-77.23,29.55
30.43,-77.21,29.49
30.43,-77.19,29.55
30.43,-77.17,29.55
30.43,-77.15,29.49
30.43,-77.09,29.43
30.43,-77.07,29.42
30.43,-77.05,29.44
30.43,-77.03,29.52
30.43,-76.75,29.29
30.43,-76.73,29.38
30.43,-76.71,29.39
30.43,-76.67,29.53
30.43,-76.65,29.56
30.43,-76.63,29.58
30.43,-76.61,29.6
30.43,-76.59,29.57
30.43,-76.57,29.47
30.43,-76.55,29.47
30.43,-76.53,29.54
30.43,-76.51,29.41
30.43,-76.49,29.39
30.43,-76.47,29.32
30.43,-76.45,29.25
30.43,-76.39,29.71
30.43,-76.37,29.72
30.43,-76.25,29.97
30.43,-76.23,29.96
30.43,-76.21,29.9
30.43,-76.17,29.69
30.43,-76.15,29.75
30.43,-76.13,29.73
30.43,-76.11,29.79
30.43,-76.09,29.87
30.43,-76.07,29.94
30.43,-76.05,29.89
30.43,-76.03,29.84
30.43,-76.01,29.84
30.43,-75.99,29.89
30.43,-75.97,29.91
30.43,-75.95,29.82
30.43,-75.93,29.79
30.43,-75.89,29.96
30.43,-75.87,30.01
30.43,-75.85,30.04
30.43,-75.83,30.02
30.43,-75.81,29.96
30.43,-75.79,29.91
30.43,-75.77,29.93
30.43,-75.67,29.24
30.43,-75.65,29.27
30.43,-75.63,29.35
30.43,-75.61,29.37
30.43,-75.59,29.78
30.43,-75.51,29.64
30.43,-75.49,29.7
30.43,-75.47,29.68
30.43,-75.45,29.65
30.43,-75.43,29.67
30.43,-75.41,29.54
30.43,-75.39,29.49
30.43,-75.37,29.46
30.43,-75.35,29.52
30.43,-75.33,29.51
30.43,-75.31,29.42
30.43,-75.29,29.42
30.43,-75.27,29.52
30.43,-75.25,29.52
30.43,-75.23,29.55
30.43,-75.21,29.57
30.41,-81.61,28.93
30.41,-81.59,29.35
30.41,-81.31,28.45
30.41,-81.29,28.43
30.41,-81.01,28.38
30.41,-80.99,28.42
30.41,-80.97,28.45
30.41,-80.95,28.47
30.41,-80.93,28.48
30.41,-80.91,28.46
30.41,-80.89,28.47
30.41,-80.71,28.6
30.41,-80.69,28.78
30.41,-80.67,28.83
30.41,-80.65,28.86
30.41,-80.63,28.81
30.41,-80.61,28.84
30.41,-80.59,28.87
30.41,-80.57,28.88
30.41,-80.55,28.86
30.41,-80.53,28.85
30.41,-80.51,28.83
30.41,-80.49,28.84
30.41,-80.47,28.79
30.41,-80.45,28.75
30.41,-80.43,28.68
30.41,-80.41,28.63
30.41,-80.39,28.62
30.41,-80.37,28.6
30.41,-80.35,28.6
30.41,-80.33,28.62
30.41,-80.31,28.64
30.41,-80.29,28.63
30.41,-80.27,28.58
30.41,-80.25,28.59
30.41,-80.23,28.46
30.41,-80.21,28.44
30.41,-80.19,28.51
30.41,-80.17,28.69
30.41,-80.15,28.68
30.41,-80.13,28.65
30.41,-80.11,28.92
30.41,-80.09,29.44
30.41,-80.07,29.47
30.41,-80.05,29.48
30.41,-80.03,29.69
30.41,-80.01,29.61
30.41,-79.99,29.67
30.41,-79.97,29.68
30.41,-79.95,29.78
30.41,-79.93,29.82
30.41,-79.91,29.9
30.41,-79.89,29.96
30.41,-79.87,29.97
30.41,-79.85,29.94
30.41,-79.83,29.79
30.41,-79.81,29.88
30.41,-79.79,29.96
30.41,-79.75,29.88
30.41,-79.17,29.36
30.41,-79.15,29.35
30.41,-79.13,29.41
30.41,-79.11,29.43
30.41,-78.11,29.46
30.41,-78.09,29.56
30.41,-78.07,29.75
30.41,-78.05,29.77
30.41,-78.03,29.78
30.41,-78.01,29.77
30.41,-77.99,29.81
30.41,-77.97,29.73
30.41,-77.95,29.69
30.41,-77.93,29.68
30.41,-77.91,29.6
30.41,-77.89,29.79
30.41,-77.87,29.72
30.41,-77.85,29.61
30.41,-77.77,29.81
30.41,-77.75,29.82
30.41,-77.73,29.72
30.41,-77.71,29.69
30.41,-77.69,29.68
30.41,-77.59,29.54
30.41,-77.51,29.57
30.41,-77.49,29.58
30.41,-77.47,29.62
30.41,-77.45,29.62
30.41,-77.43,29.62
30.41,-77.41,29.62
30.41,-77.39,29.57
30.41,-77.37,29.56
30.41,-77.35,29.57
30.41,-77.29,29.54
30.41,-77.27,29.5
30.41,-77.25,29.48
30.41,-77.23,29.45
30.41,-77.21,29.42
30.41,-77.19,29.53
30.41,-77.17,29.5
30.41,-77.15,29.48
30.41,-77.11,29.49
30.41,-77.09,29.46
30.41,-77.07,29.47
30.41,-77.05,29.43
30.41,-77.01,29.42
30.41,-76.73,29.31
30.41,-76.71,29.3
30.41,-76.67,29.47
30.41,-76.65,29.52
30.41,-76.63,29.51
30.41,-76.61,29.52
30.41,-76.59,29.51
30.41,-76.57,29.49
30.41,-76.55,29.44
30.41,-76.53,29.37
30.41,-76.51,29.38
30.41,-76.49,29.4
30.41,-76.39,29.64
30.41,-76.37,29.69
30.41,-76.35,30.01
30.41,-76.33,30.04
30.41,-76.23,29.88
30.41,-76.21,29.76
30.41,-76.13,29.58
30.41,-76.11,29.58
30.41,-76.09,29.86
30.41,-76.07,29.95
30.41,-76.05,29.91
30.41,-76.03,29.74
30.41,-76.01,29.74
30.41,-75.99,29.86
30.41,-75.97,29.86
30.41,-75.95,29.79
30.41,-75.93,29.85
30.41,-75.91,29.97
30.41,-75.89,29.94
30.41,-75.87,29.97
30.41,-75.85,30.01
30.41,-75.83,30.03
30.41,-75.81,30.05
30.41,-75.79,29.96
30.41,-75.77,29.9
30.41,-75.65,29.38
30.41,-75.63,29.4
30.41,-75.57,29.83
30.41,-75.49,29.63
30.41,-75.47,29.64
30.41,-75.45,29.61
30.41,-75.43,29.63
30.41,-75.41,29.57
30.41,-75.39,29.46
30.41,-75.37,29.42
30.41,-75.35,29.58
30.41,-75.33,29.63
30.41,-75.31,29.46
30.41,-75.29,29.54
30.41,-75.27,29.61
30.41,-75.25,29.57
30.41,-75.21,29.52
30.39,-81.63,29.06
30.39,-81.61,29.01
30.39,-81.59,29.34
30.39,-81.57,29.2
30.39,-81.55,29.2
30.39,-81.31,28.47
30.39,-81.29,28.46
30.39,-81.01,28.41
30.39,-80.99,28.46
30.39,-80.97,28.48
30.39,-80.95,28.46
30.39,-80.93,28.48
30.39,-80.91,28.46
30.39,-80.73,28.51
30.39,-80.71,28.7
30.39,-80.69,28.77
30.39,-80.67,28.78
30.39,-80.65,28.8
30.39,-80.63,28.82
30.39,-80.61,28.79
30.39,-80.59,28.81
30.39,-80.57,28.82
30.39,-80.55,28.82
30.39,-80.53,28.82
30.39,-80.51,28.79
30.39,-80.49,28.82
30.39,-80.47,28.85
30.39,-80.45,28.82
30.39,-80.43,28.77
30.39,-80.41,28.67
30.39,-80.39,28.61
30.39,-80.37,28.68
30.39,-80.35,28.64
30.39,-80.33,28.64
30.39,-80.31,28.6
30.39,-80.29,28.63
30.39,-80.27,28.6
30.39,-80.25,28.54
30.39,-80.23,28.45
30.39,-80.21,28.38
30.39,-80.19,28.52
30.39,-80.17,28.67
30.39,-80.15,28.64
30.39,-80.11,29.06
30.39,-80.09,29.73
30.39,-80.07,29.71
30.39,-79.95,29.81
30.39,-79.93,29.83
30.39,-79.91,29.83
30.39,-79.89,29.91
30.39,-79.87,29.9
30.39,-79.85,29.93
30.39,-79.81,29.92
30.39,-79.79,30.08
30.39,-79.19,29.48
30.39,-79.17,29.4
30.39,-79.15,29.44
30.39,-79.13,29.53
30.39,-79.11,29.57
30.39,-78.11,29.43
30.39,-78.09,29.55
30.39,-78.07,29.76
30.39,-78.05,29.8
30.39,-78.03,29.85
30.39,-78.01,29.82
30.39,-77.99,29.83
30.39,-77.97,29.77
30.39,-77.95,29.72
30.39,-77.93,29.68
30.39,-77.91,29.67
30.39,-77.89,29.77
30.39,-77.87,29.77
30.39,-77.79,29.62
30.39,-77.73,29.77
30.39,-77.71,29.73
30.39,-77.69,29.63
30.39,-77.63,29.38
30.39,-77.59,29.6
30.39,-77.57,29.62
30.39,-77.51,29.66
30.39,-77.49,29.61
30.39,-77.47,29.54
30.39,-77.45,29.64
30.39,-77.43,29.63
30.39,-77.41,29.56
30.39,-77.39,29.55
30.39,-77.37,29.58
30.39,-77.35,29.51
30.39,-77.33,29.54
30.39,-77.31,29.57
30.39,-77.29,29.61
30.39,-77.27,29.59
30.39,-77.25,29.48
30.39,-77.23,29.49
30.39,-77.21,29.44
30.39,-77.19,29.48
30.39,-77.17,29.49
30.39,-77.15,29.53
30.39,-77.13,29.44
30.39,-77.11,29.45
30.39,-77.09,29.46
30.39,-77.07,29.46
30.39,-77.05,29.56
30.39,-77.03,29.54
30.39,-76.91,29.28
30.39,-76.69,29.42
30.39,-76.67,29.49
30.39,-76.65,29.44
30.39,-76.63,29.44
30.39,-76.61,29.41
30.39,-76.59,29.41
30.39,-76.57,29.47
30.39,-76.55,29.49
30.39,-76.37,29.76
30.39,-76.35,29.9
30.39,-76.33,29.9
30.39,-76.31,29.95
30.39,-76.17,29.85
30.39,-76.15,29.77
30.39,-76.13,29.8
30.39,-76.11,29.84
30.39,-76.09,29.9
30.39,-76.07,29.9
30.39,-76.05,29.86
30.39,-76.03,29.83
30.39,-76.01,29.79
30.39,-75.99,29.89
30.39,-75.97,29.85
30.39,-75.95,29.81
30.39,-75.93,29.89
30.39,-75.91,29.9
30.39,-75.89,29.92
30.39,-75.87,29.9
30.39,-75.85,29.89
30.39,-75.83,29.98
30.39,-75.81,30.03
30.39,-75.79,30.04
30.39,-75.63,29.74
30.39,-75.61,29.76
30.39,-75.51,29.45
30.39,-75.49,29.64
30.39,-75.45,29.61
30.39,-75.43,29.6
30.39,-75.35,29.62
30.39,-75.33,29.62
30.39,-75.31,29.62
30.39,-75.29,29.61
30.39,-75.27,29.54
30.39,-75.25,29.58
30.39,-75.23,29.59
30.39,-75.21,29.66
30.37,-81.57,29.22
30.37,-81.55,29.2
30.37,-81.53,28.85
30.37,-81.31,28.43
30.37,-81.27,28.34
30.37,-81.25,28.31
30.37,-81.01,28.44
30.37,-80.97,28.45
30.37,-80.95,28.52
30.37,-80.93,28.49
30.37,-80.73,28.46
30.37,-80.71,28.65
30.37,-80.69,28.72
30.37,-80.67,28.79
30.37,-80.65,28.8
30.37,-80.63,28.78
30.37,-80.61,28.79
30.37,-80.59,28.78
30.37,-80.57,28.8
30.37,-80.55,28.81
30.37,-80.53,28.81
30.37,-80.51,28.77
30.37,-80.49,28.76
30.37,-80.47,28.75
30.37,-80.45,28.73
30.37,-80.43,28.74
30.37,-80.41,28.7
30.37,-80.39,28.68
30.37,-80.37,28.75
30.37,-80.35,28.74
30.37,-80.33,28.76
30.37,-80.31,28.71
30.37,-80.29,28.66
30.37,-80.27,28.53
30.37,-80.25,28.55
30.37,-80.23,28.37
30.37,-80.21,28.41
30.37,-80.19,28.58
30.37,-80.17,28.67
30.37,-80.15,28.64
30.37,-80.11,29.35
30.37,-80.09,29.72
30.37,-80.07,29.9
30.37,-80.01,29.82
30.37,-79.99,29.75
30.37,-79.97,29.83
30.37,-79.95,29.83
30.37,-79.93,29.85
30.37,-79.91,29.81
30.37,-79.89,29.86
30.37,-79.87,29.93
30.37,-79.85,30.01
30.37,-79.79,30.05
30.37,-79.21,29.56
30.37,-79.19,29.57
30.37,-79.15,29.47
30.37,-79.13,29.53
30.37,-79.11,29.6
30.37,-79.09,29.7
30.37,-78.75,29.16
30.37,-78.09,29.71
30.37,-78.07,29.77
30.37,-78.05,29.78
30.37,-78.03,29.83
30.37,-78.01,29.82
30.37,-77.99,29.8
30.37,-77.97,29.76
30.37,-77.95,29.77
30.37,-77.93,29.71
30.37,-77.91,29.74
30.37,-77.89,29.68
30.37,-77.87,29.76
30.37,-77.85,29.75
30.37,-77.81,29.64
30.37,-77.79,29.64
30.37,-77.77,29.7
30.37,-77.71,29.54
30.37,-77.69,29.49
30.37,-77.65,29.41
30.37,-77.63,29.41
30.37,-77.61,29.51
30.37,-77.53,29.65
30.37,-77.51,29.66
30.37,-77.49,29.58
30.37,-77.47,29.28
30.37,-77.45,29.55
30.37,-77.43,29.49
30.37,-77.41,29.35
30.37,-77.39,29.52
30.37,-77.37,29.61
30.37,-77.35,29.52
30.37,-77.33,29.52
30.37,-77.31,29.52
30.37,-77.29,29.63
30.37,-77.27,29.62
30.37,-77.25,29.51
30.37,-77.23,29.54
30.37,-77.21,29.54
30.37,-77.19,29.53
30.37,-77.17,29.47
30.37,-77.15,29.51
30.37,-77.13,29.44
30.37,-77.11,29.38
30.37,-77.09,29.5
30.37,-76.93,29.37
30.37,-76.69,29.43
30.37,-76.67,29.4
30.37,-76.65,29.35
30.37,-76.63,29.4
30.37,-76.61,29.4
30.37,-76.59,29.38
30.37,-76.57,29.47
30.37,-76.49,29.49
30.37,-76.47,29.5
30.37,-76.39,29.98
30.37,-76.37,29.95
30.37,-76.35,30.05
30.37,-76.33,29.95
30.37,-76.31,29.97
30.37,-76.29,30.01
30.37,-76.23,29.84
30.37,-76.21,29.89
30.37,-76.19,29.86
30.37,-76.17,29.89
30.37,-76.15,29.81
30.37,-76.13,29.8
30.37,-76.11,29.83
30.37,-76.09,29.9
30.37,-76.07,29.87
30.37,-76.05,29.82
30.37,-76.03,29.79
30.37,-76.01,29.89
30.37,-75.99,29.81
30.37,-75.97,29.83
30.37,-75.95,29.73
30.37,-75.93,29.84
30.37,-75.91,29.84
30.37,-75.89,29.92
30.37,-75.87,29.87
30.37,-75.85,29.89
30.37,-75.83,29.97
30.37,-75.81,29.96
30.37,-75.79,29.96
30.37,-75.77,29.71
30.37,-75.75,29.72
30.37,-75.73,29.67
30.37,-75.63,29.87
30.37,-75.61,29.89
30.37,-75.51,29.37
30.37,-75.49,29.44
30.37,-75.47,29.47
30.37,-75.45,29.44
30.37,-75.43,29.43
30.37,-75.41,29.48
30.37,-75.39,29.57
30.37,-75.37,29.49
30.37,-75.33,29.56
30.37,-75.31,29.61
30.37,-75.29,29.63
30.37,-75.27,29.68
30.37,-75.23,29.51
30.37,-75.21,29.48
30.35,-81.61,29.04
30.35,-81.27,28.34
30.35,-80.95,28.44
30.35,-80.93,28.4
30.35,-80.73,28.7
30.35,-80.71,28.74
30.35,-80.69,28.78
30.35,-80.67,28.8
30.35,-80.65,28.79
30.35,-80.63,28.81
30.35,-80.61,28.81
30.35,-80.59,28.76
30.35,-80.57,28.84
30.35,-80.55,28.83
30.35,-80.53,28.81
30.35,-80.51,28.78
30.35,-80.49,28.79
30.35,-80.47,28.73
30.35,-80.45,28.72
30.35,-80.43,28.71
30.35,-80.41,28.72
30.35,-80.39,28.69
30.35,-80.37,28.62
30.35,-80.35,28.7
30.35,-80.33,28.78
30.35,-80.31,28.74
30.35,-80.29,28.65
30.35,-80.27,28.63
30.35,-80.25,28.55
30.35,-80.23,28.37
30.35,-80.21,28.47
30.35,-80.19,28.64
30.35,-80.17,28.64
30.35,-80.15,28.64
30.35,-80.13,29.02
30.35,-80.11,29.42
30.35,-80.09,29.74
30.35,-80.07,29.89
30.35,-80.03,29.89
30.35,-80.01,29.91
30.35,-79.99,29.92
30.35,-79.95,29.79
30.35,-79.93,29.85
30.35,-79.91,29.92
30.35,-79.89,29.91
30.35,-79.87,29.79
30.35,-79.85,29.87
30.35,-79.79,29.93
30.35,-79.21,29.56
30.35,-79.19,29.55
30.35,-79.15,29.53
30.35,-79.13,29.65
30.35,-78.81,29.14
30.35,-78.79,29.14
30.35,-78.77,29.18
30.35,-78.75,29.19
30.35,-78.73,29.22
30.35,-78.71,29.26
30.35,-78.13,29.77
30.35,-78.11,29.83
30.35,-78.09,29.81
30.35,-78.07,29.82
30.35,-78.05,29.84
30.35,-78.03,29.84
30.35,-78.01,29.76
30.35,-77.99,29.74
30.35,-77.97,29.66
30.35,-77.95,29.6
30.35,-77.93,29.59
30.35,-77.91,29.61
30.35,-77.89,29.68
30.35,-77.87,29.79
30.35,-77.77,29.78
30.35,-77.73,29.57
30.35,-77.71,29.59
30.35,-77.69,29.6
30.35,-77.65,29.45
30.35,-77.63,29.5
30.35,-77.61,29.55
30.35,-77.59,29.63
30.35,-77.57,29.4
30.35,-77.55,29.48
30.35,-77.53,29.65
30.35,-77.51,29.75
30.35,-77.49,29.74
30.35,-77.45,29.25
30.35,-77.43,29.27
30.35,-77.41,29.37
30.35,-77.39,29.53
30.35,-77.37,29.6
30.35,-77.35,29.58
30.35,-77.33,29.57
30.35,-77.31,29.53
30.35,-77.29,29.54
30.35,-77.27,29.51
30.35,-77.25,29.49
30.35,-77.23,29.5
30.35,-77.21,29.5
30.35,-77.19,29.45
30.35,-77.17,29.48
30.35,-77.15,29.44
30.35,-77.13,29.48
30.35,-77.11,29.46
30.35,-77.09,29.52
30.35,-77.07,29.51
30.35,-77.01,29.2
30.35,-76.93,29.42
30.35,-76.69,29.45
30.35,-76.67,29.3
30.35,-76.65,29.3
30.35,-76.63,29.38
30.35,-76.61,29.43
30.35,-76.59,29.5
30.35,-76.57,29.51
30.35,-76.55,29.5
30.35,-76.49,29.4
30.35,-76.47,29.39
30.35,-76.39,29.97
30.35,-76.37,29.97
30.35,-76.35,29.98
30.35,-76.29,29.97
30.35,-76.19,29.82
30.35,-76.17,29.84
30.35,-76.15,29.79
30.35,-76.13,29.77
30.35,-76.11,29.87
30.35,-76.09,29.87
30.35,-76.07,29.81
30.35,-76.05,29.92
30.35,-76.03,29.9
30.35,-76.01,29.86
30.35,-75.99,29.76
30.35,-75.97,29.77
30.35,-75.95,29.86
30.35,-75.93,29.89
30.35,-75.91,29.82
30.35,-75.89,29.88
30.35,-75.87,29.93
30.35,-75.85,29.94
30.35,-75.83,29.94
30.35,-75.81,29.86
30.35,-75.79,29.94
30.35,-75.77,30.06
30.35,-75.69,29.76
30.35,-75.65,29.87
30.35,-75.63,29.7
30.35,-75.61,29.83
30.35,-75.51,29.38
30.35,-75.49,29.44
30.35,-75.47,29.44
30.35,-75.45,29.49
30.35,-75.43,29.47
30.35,-75.41,29.67
30.35,-75.39,29.63
30.35,-75.37,29.47
30.35,-75.35,29.5
30.35,-75.33,29.55
30.35,-75.27,29.48
30.35,-75.25,29.46
30.35,-75.21,29.49
30.33,-81.61,28.06
30.33,-80.75,28.7
30.33,-80.73,28.73
30.33,-80.71,28.73
30.33,-80.69,28.77
30.33,-80.67,28.8
30.33,-80.65,28.82
30.33,-80.63,28.81
30.33,-80.61,28.83
30.33,-80.59,28.83
30.33,-80.57,28.83
30.33,-80.55,28.82
30.33,-80.53,28.82
30.33,-80.51,28.83
30.33,-80.49,28.85
30.33,-80.47,28.81
30.33,-80.45,28.77
30.33,-80.43,28.75
30.33,-80.41,28.7
30.33,-80.39,28.69
30.33,-80.37,28.69
30.33,-80.35,28.67
30.33,-80.33,28.65
30.33,-80.31,28.55
30.33,-80.29,28.56
30.33,-80.27,28.54
30.33,-80.25,28.5
30.33,-80.23,28.37
30.33,-80.21,28.63
30.33,-80.19,28.78
30.33,-80.17,28.68
30.33,-80.13,29.09
30.33,-80.11,29.6
30.33,-80.09,29.75
30.33,-80.01,29.91
30.33,-79.99,29.95
30.33,-79.95,29.86
30.33,-79.93,29.89
30.33,-79.91,29.8
30.33,-79.89,29.81
30.33,-79.87,29.86
30.33,-79.85,29.85
30.33,-79.79,29.91
30.33,-79.23,29.57
30.33,-79.21,29.54
30.33,-79.19,29.51
30.33,-79.17,29.47
30.33,-79.15,29.45
30.33,-79.13,29.45
30.33,-78.83,29.17
30.33,-78.81,29.17
30.33,-78.77,29.21
30.33,-78.75,29.24
30.33,-78.73,29.32
30.33,-78.71,29.28
30.33,-78.69,29.26
30.33,-78.15,29.83
30.33,-78.13,29.77
30.33,-78.11,29.86
30.33,-78.09,29.88
30.33,-78.07,29.87
30.33,-78.05,29.83
30.33,-78.03,29.67
30.33,-78.01,29.53
30.33,-77.99,29.45
30.33,-77.97,29.59
30.33,-77.95,29.52
30.33,-77.93,29.61
30.33,-77.91,29.66
30.33,-77.89,29.69
30.33,-77.87,29.68
30.33,-77.85,29.81
30.33,-77.83,29.93
30.33,-77.77,29.9
30.33,-77.71,29.53
30.33,-77.69,29.48
30.33,-77.67,29.31
30.33,-77.65,29.45
30.33,-77.63,29.54
30.33,-77.61,29.56
30.33,-77.59,29.55
30.33,-77.57,29.38
30.33,-77.55,29.58
30.33,-77.53,29.64
30.33,-77.51,29.69
30.33,-77.49,29.68
30.33,-77.41,29.48
30.33,-77.39,29.53
30.33,-77.37,29.58
30.33,-77.35,29.55
30.33,-77.33,29.59
30.33,-77.31,29.59
30.33,-77.29,29.52
30.33,-77.27,29.28
30.33,-77.25,29.42
30.33,-77.23,29.43
30.33,-77.21,29.44
30.33,-77.19,29.47
30.33,-77.17,29.45
30.33,-77.15,29.51
30.33,-77.13,29.52
30.33,-77.11,29.38
30.33,-77.09,29.38
30.33,-77.07,29.42
30.33,-77.01,29.24
30.33,-76.99,29.12
30.33,-76.71,29.35
30.33,-76.67,29.2
30.33,-76.65,29.26
30.33,-76.63,29.4
30.33,-76.61,29.54
30.33,-76.59,29.61
30.33,-76.57,29.5
30.33,-76.49,29.39
30.33,-76.47,29.43
30.33,-76.45,29.55
30.33,-76.43,29.75
30.33,-76.41,29.83
30.33,-76.39,29.93
30.33,-76.37,29.97
30.33,-76.17,29.81
30.33,-76.15,29.81
30.33,-76.13,29.88
30.33,-76.11,29.87
30.33,-76.09,29.83
30.33,-76.07,29.78
30.33,-76.05,29.95
30.33,-76.03,29.97
30.33,-76.01,29.93
30.33,-75.99,29.93
30.33,-75.97,29.93
30.33,-75.95,29.97
30.33,-75.93,29.95
30.33,-75.91,29.93
30.33,-75.89,29.93
30.33,-75.87,29.99
30.33,-75.85,29.93
30.33,-75.83,29.85
30.33,-75.81,29.9
30.33,-75.79,29.91
30.33,-75.77,29.96
30.33,-75.75,30.02
30.33,-75.69,29.76
30.33,-75.67,29.76
30.33,-75.51,29.42
30.33,-75.49,29.5
30.33,-75.47,29.49
30.33,-75.45,29.61
30.33,-75.43,29.68
30.33,-75.41,29.63
30.33,-75.29,29.43
30.33,-75.27,29.47
30.33,-75.25,29.46
30.33,-75.23,29.35
30.33,-75.21,29.43
30.31,-81.67,30.09
30.31,-81.65,29.66
30.31,-80.75,28.71
30.31,-80.73,28.76
30.31,-80.71,28.79
30.31,-80.69,28.76
30.31,-80.67,28.77
30.31,-80.65,28.83
30.31,-80.63,28.83
30.31,-80.61,28.85
30.31,-80.59,28.86
30.31,-80.57,28.82
30.31,-80.55,28.8
30.31,-80.53,28.82
30.31,-80.51,28.86
30.31,-80.49,28.82
30.31,-80.47,28.82
30.31,-80.45,28.81
30.31,-80.43,28.79
30.31,-80.41,28.7
30.31,-80.39,28.77
30.31,-80.37,28.74
30.31,-80.35,28.72
30.31,-80.33,28.6
30.31,-80.31,28.56
30.31,-80.29,28.54
30.31,-80.27,28.48
30.31,-80.25,28.32
30.31,-80.23,28.35
30.31,-80.21,28.65
30.31,-80.19,28.72
30.31,-80.17,28.72
30.31,-80.13,29.45
30.31,-80.11,29.66
30.31,-80.09,29.66
30.31,-80.01,29.89
30.31,-79.99,29.87
30.31,-79.93,29.89
30.31,-79.91,29.83
30.31,-79.89,29.86
30.31,-79.87,29.87
30.31,-79.85,29.97
30.31,-79.23,29.72
30.31,-79.19,29.61
30.31,-79.17,29.53
30.31,-79.15,29.44
30.31,-79.13,29.46
30.31,-78.87,29.14
30.31,-78.83,29.28
30.31,-78.77,29.33
30.31,-78.75,29.35
30.31,-78.73,29.37
30.31,-78.71,29.33
30.31,-78.69,29.44
30.31,-78.21,29.64
30.31,-78.19,29.71
30.31,-78.17,29.81
30.31,-78.15,29.93
30.31,-78.13,29.84
30.31,-78.11,29.87
30.31,-78.09,29.91
30.31,-78.07,29.79
30.31,-78.05,29.62
30.31,-78.03,29.76
30.31,-78.01,29.58
30.31,-77.99,29.71
30.31,-77.97,29.59
30.31,-77.95,29.48
30.31,-77.93,29.68
30.31,-77.91,29.61
30.31,-77.89,29.56
30.31,-77.87,29.73
30.31,-77.85,29.88
30.31,-77.83,29.94
30.31,-77.75,29.62
30.31,-77.73,29.6
30.31,-77.71,29.59
30.31,-77.67,29.31
30.31,-77.65,29.44
30.31,-77.63,29.52
30.31,-77.61,29.55
30.31,-77.59,29.39
30.31,-77.57,29.47
30.31,-77.55,29.56
30.31,-77.53,29.6
30.31,-77.51,29.65
30.31,-77.49,29.59
30.31,-77.47,29.53
30.31,-77.45,29.45
30.31,-77.43,29.47
30.31,-77.41,29.53
30.31,-77.39,29.53
30.31,-77.37,29.56
30.31,-77.35,29.54
30.31,-77.33,29.56
30.31,-77.31,29.54
30.31,-77.29,29.5
30.31,-77.27,29.46
30.31,-77.25,29.2
30.31,-77.23,29.29
30.31,-77.21,29.47
30.31,-77.19,29.45
30.31,-77.17,29.45
30.31,-77.15,29.36
30.31,-77.13,29.38
30.31,-77.11,29.45
30.31,-77.09,29.38
30.31,-77.07,29.33
30.31,-77.05,29.25
30.31,-77.03,29.27
30.31,-76.93,29.51
30.31,-76.73,29.24
30.31,-76.71,29.21
30.31,-76.65,29.38
30.31,-76.63,29.47
30.31,-76.61,29.42
30.31,-76.59,29.39
30.31,-76.53,29.48
30.31,-76.51,29.44
30.31,-76.49,29.41
30.31,-76.47,29.47
30.31,-76.45,29.6
30.31,-76.43,29.89
30.31,-76.41,29.9
30.31,-76.39,29.9
30.31,-76.33,29.84
30.31,-76.15,29.89
30.31,-76.13,29.85
30.31,-76.11,29.88
30.31,-76.09,29.79
30.31,-76.07,29.74
30.31,-76.05,29.91
30.31,-76.03,30.01
30.31,-76.01,29.94
30.31,-75.99,29.91
30.31,-75.97,29.94
30.31,-75.95,29.94
30.31,-75.93,29.97
30.31,-75.91,30.02
30.31,-75.89,29.97
30.31,-75.87,29.99
30.31,-75.85,29.89
30.31,-75.83,29.88
30.31,-75.81,29.89
30.31,-75.79,29.73
30.31,-75.77,29.84
30.31,-75.75,29.87
30.31,-75.51,29.46
30.31,-75.49,29.59
30.31,-75.47,29.64
30.31,-75.45,29.76
30.31,-75.43,29.86
30.31,-75.41,29.99
30.31,-75.29,29.44
30.31,-75.27,29.44
30.31,-75.25,29.47
30.31,-75.23,29.37
30.31,-75.21,29.39
30.29,-81.69,30.06
30.29,-81.67,30.05
30.29,-81.37,28.46
30.29,-81.35,28.49
30.29,-80.75,28.63
30.29,-80.73,28.75
30.29,-80.71,28.77
30.29,-80.69,28.78
30.29,-80.67,28.76
30.29,-80.65,28.81
30.29,-80.63,28.81
30.29,-80.61,28.87
30.29,-80.59,28.87
30.29,-80.57,28.81
30.29,-80.55,28.77
30.29,-80.53,28.75
30.29,-80.51,28.79
30.29,-80.49,28.79
30.29,-80.47,28.77
30.29,-80.45,28.79
30.29,-80.43,28.74
30.29,-80.41,28.71
30.29,-80.39,28.66
30.29,-80.37,28.71
30.29,-80.35,28.7
30.29,-80.33,28.43
30.29,-80.31,28.52
30.29,-80.29,28.57
30.29,-80.27,28.38
30.29,-80.25,28.38
30.29,-80.23,28.45
30.29,-80.21,28.68
30.29,-80.19,28.77
30.29,-80.17,28.69
30.29,-80.13,29.52
30.29,-80.11,29.66
30.29,-80.09,29.71
30.29,-79.99,29.81
30.29,-79.97,29.81
30.29,-79.93,29.76
30.29,-79.91,29.71
30.29,-79.89,29.75
30.29,-79.21,29.5
30.29,-79.19,29.63
30.29,-79.17,29.56
30.29,-79.15,29.56
30.29,-79.13,29.56
30.29,-78.77,29.37
30.29,-78.75,29.38
30.29,-78.73,29.36
30.29,-78.71,29.37
30.29,-78.69,29.64
30.29,-78.49,29.49
30.29,-78.23,29.72
30.29,-78.21,29.65
30.29,-78.19,29.73
30.29,-78.15,29.75
30.29,-78.13,29.73
30.29,-78.11,29.73
30.29,-78.09,29.82
30.29,-78.07,29.74
30.29,-78.05,29.65
30.29,-78.03,29.73
30.29,-78.01,29.58
30.29,-77.99,29.64
30.29,-77.97,29.63
30.29,-77.95,29.55
30.29,-77.93,29.71
30.29,-77.91,29.6
30.29,-77.89,29.56
30.29,-77.87,29.72
30.29,-77.85,29.64
30.29,-77.83,29.95
30.29,-77.75,29.66
30.29,-77.73,29.61
30.29,-77.71,29.62
30.29,-77.65,29.42
30.29,-77.63,29.49
30.29,-77.61,29.49
30.29,-77.59,29.37
30.29,-77.57,29.47
30.29,-77.55,29.61
30.29,-77.53,29.57
30.29,-77.51,29.63
30.29,-77.49,29.53
30.29,-77.47,29.56
30.29,-77.45,29.47
30.29,-77.43,29.48
30.29,-77.41,29.55
30.29,-77.39,29.51
30.29,-77.37,29.5
30.29,-77.35,29.56
30.29,-77.33,29.57
30.29,-77.31,29.5
30.29,-77.29,29.54
30.29,-77.27,29.51
30.29,-77.25,29.27
30.29,-77.23,29.43
30.29,-77.21,29.35
30.29,-77.19,29.42
30.29,-77.17,29.36
30.29,-77.15,29.31
30.29,-77.13,29.37
30.29,-77.11,29.47
30.29,-77.09,29.46
30.29,-77.03,29.22
30.29,-77.01,29.19
30.29,-76.99,29.15
30.29,-76.93,29.47
30.29,-76.77,29.25
30.29,-76.75,29.38
30.29,-76.73,29.35
30.29,-76.71,29.27
30.29,-76.69,29.35
30.29,-76.67,29.39
30.29,-76.65,29.39
30.29,-76.63,29.39
30.29,-76.61,29.4
30.29,-76.55,29.36
30.29,-76.53,29.43
30.29,-76.51,29.43
30.29,-76.49,29.48
30.29,-76.47,29.66
30.29,-76.45,29.89
30.29,-76.43,30.03
30.29,-76.17,29.82
30.29,-76.15,29.76
30.29,-76.13,29.82
30.29,-76.11,29.76
30.29,-76.09,29.76
30.29,-76.07,29.71
30.29,-76.05,29.92
30.29,-76.03,29.98
30.29,-76.01,29.95
30.29,-75.99,29.97
30.29,-75.97,29.95
30.29,-75.95,29.97
30.29,-75.93,29.99
30.29,-75.91,29.97
30.29,-75.89,29.98
30.29,-75.87,29.96
30.29,-75.85,29.9
30.29,-75.83,29.82
30.29,-75.81,29.74
30.29,-75.79,29.65
30.29,-75.77,29.67
30.29,-75.75,29.78
30.29,-75.73,29.79
30.29,-75.71,29.74
30.29,-75.51,29.51
30.29,-75.49,29.57
30.29,-75.47,29.67
30.29,-75.45,29.75
30.29,-75.43,29.97
30.29,-75.41,30.14
30.29,-75.29,29.47
30.29,-75.27,29.4
30.29,-75.25,29.37
30.29,-75.23,29.35
30.29,-75.21,29.34
30.27,-81.69,30.06
30.27,-81.67,30.12
30.27,-81.37,28.48
30.27,-81.35,28.51
30.27,-81.33,28.51
30.27,-80.83,28.6
30.27,-80.81,28.58
30.27,-80.79,28.62
30.27,-80.77,28.67
30.27,-80.75,28.7
30.27,-80.73,28.72
30.27,-80.71,28.77
30.27,-80.69,28.82
30.27,-80.67,28.74
30.27,-80.65,28.72
30.27,-80.63,28.74
30.27,-80.61,28.78
30.27,-80.59,28.8
30.27,-80.57,28.78
30.27,-80.55,28.72
30.27,-80.53,28.69
30.27,-80.51,28.68
30.27,-80.49,28.69
30.27,-80.47,28.72
30.27,-80.45,28.74
30.27,-80.43,28.72
30.27,-80.41,28.75
30.27,-80.39,28.79
30.27,-80.37,28.76
30.27,-80.35,28.66
30.27,-80.33,28.53
30.27,-80.31,28.45
30.27,-80.27,28.36
30.27,-80.25,28.38
30.27,-80.23,28.59
30.27,-80.21,28.8
30.27,-80.19,28.81
30.27,-80.17,28.75
30.27,-80.15,29.04
30.27,-80.13,29.51
30.27,-80.11,29.94
30.27,-80.09,29.94
30.27,-79.95,29.7
30.27,-79.93,29.76
30.27,-79.91,29.74
30.27,-79.89,29.69
30.27,-79.87,29.77
30.27,-79.23,29.35
30.27,-79.21,29.45
30.27,-79.19,29.49
30.27,-79.15,29.68
30.27,-79.13,29.64
30.27,-79.11,29.66
30.27,-78.85,29.27
30.27,-78.81,29.48
30.27,-78.79,29.55
30.27,-78.75,29.27
30.27,-78.73,29.29
30.27,-78.71,29.35
30.27,-78.23,29.76
30.27,-78.21,29.79
30.27,-78.19,29.81
30.27,-78.17,29.8
30.27,-78.13,29.68
30.27,-78.11,29.68
30.27,-78.09,29.71
30.27,-78.05,29.72
30.27,-78.01,29.52
30.27,-77.99,29.51
30.27,-77.97,29.58
30.27,-77.95,29.58
30.27,-77.93,29.63
30.27,-77.91,29.59
30.27,-77.89,29.53
30.27,-77.87,29.55
30.27,-77.85,29.82
30.27,-77.83,29.91
30.27,-77.81,29.88
30.27,-77.77,29.51
30.27,-77.75,29.5
30.27,-77.73,29.54
30.27,-77.71,29.39
30.27,-77.69,29.4
30.27,-77.67,29.43
30.27,-77.65,29.45
30.27,-77.63,29.56
30.27,-77.61,29.55
30.27,-77.57,29.64
30.27,-77.55,29.6
30.27,-77.53,29.59
30.27,-77.51,29.61
30.27,-77.49,29.53
30.27,-77.47,29.59
30.27,-77.45,29.57
30.27,-77.43,29.53
30.27,-77.41,29.56
30.27,-77.39,29.54
30.27,-77.37,29.51
30.27,-77.35,29.54
30.27,-77.33,29.51
30.27,-77.31,29.54
30.27,-77.29,29.58
30.27,-77.27,29.53
30.27,-77.25,29.41
30.27,-77.23,29.44
30.27,-77.21,29.46
30.27,-77.19,29.37
30.27,-77.17,29.37
30.27,-77.15,29.42
30.27,-77.13,29.48
30.27,-77.11,29.5
30.27,-77.09,29.44
30.27,-77.07,29.35
30.27,-77.03,29.23
30.27,-77.01,29.18
30.27,-76.99,29.11
30.27,-76.95,29.51
30.27,-76.93,29.51
30.27,-76.77,29.19
30.27,-76.75,29.27
30.27,-76.73,29.36
30.27,-76.71,29.41
30.27,-76.69,29.37
30.27,-76.67,29.42
30.27,-76.65,29.42
30.27,-76.63,29.47
30.27,-76.59,29.37
30.27,-76.57,29.34
30.27,-76.55,29.36
30.27,-76.53,29.39
30.27,-76.51,29.43
30.27,-76.49,29.54
30.27,-76.47,29.69
30.27,-76.45,29.86
30.27,-76.41,30.25
30.27,-76.17,29.74
30.27,-76.15,29.72
30.27,-76.13,29.74
30.27,-76.11,29.77
30.27,-76.09,29.78
30.27,-76.07,29.83
30.27,-76.05,29.85
30.27,-76.03,29.89
30.27,-76.01,29.93
30.27,-75.99,29.95
30.27,-75.97,29.96
30.27,-75.95,29.96
30.27,-75.93,29.92
30.27,-75.91,29.96
30.27,-75.89,29.95
30.27,-75.87,29.93
30.27,-75.85,29.87
30.27,-75.83,29.77
30.27,-75.81,29.74
30.27,-75.79,29.78
30.27,-75.77,29.67
30.27,-75.75,29.74
30.27,-75.73,29.72
30.27,-75.67,29.38
30.27,-75.65,29.45
30.27,-75.51,29.49
30.27,-75.49,29.51
30.27,-75.47,29.55
30.27,-75.45,29.67
30.27,-75.43,29.75
30.27,-75.41,29.74
30.27,-75.33,29.42
30.27,-75.31,29.38
30.27,-75.29,29.38
30.27,-75.27,29.38
30.27,-75.25,29.32
30.27,-75.23,29.24
30.27,-75.21,29.26
30.25,-81.67,30.13
30.25,-81.65,30.14
30.25,-81.37,28.43
30.25,-81.35,28.47
30.25,-81.33,28.44
30.25,-80.83,28.64
30.25,-80.81,28.66
30.25,-80.79,28.66
30.25,-80.77,28.66
30.25,-80.75,28.7
30.25,-80.73,28.72
30.25,-80.71,28.74
30.25,-80.69,28.76
30.25,-80.67,28.72
30.25,-80.63,28.73
30.25,-80.61,28.76
30.25,-80.59,28.78
30.25,-80.57,28.76
30.25,-80.55,28.74
30.25,-80.53,28.72
30.25,-80.51,28.66
30.25,-80.49,28.69
30.25,-80.47,28.71
30.25,-80.45,28.73
30.25,-80.43,28.73
30.25,-80.41,28.79
30.25,-80.39,28.75
30.25,-80.37,28.74
30.25,-80.35,28.62
30.25,-80.33,28.51
30.25,-80.31,28.47
30.25,-80.27,28.35
30.25,-80.25,28.4
30.25,-80.23,28.61
30.25,-80.21,28.83
30.25,-80.19,28.83
30.25,-80.15,29.04
30.25,-80.13,29.7
30.25,-80.11,29.88
30.25,-80.09,29.96
30.25,-80.05,29.94
30.25,-79.93,29.77
30.25,-79.91,29.83
30.25,-79.89,29.81
30.25,-79.83,29.56
30.25,-79.23,29.52
30.25,-79.21,29.61
30.25,-79.19,29.61
30.25,-79.17,29.61
30.25,-79.15,29.64
30.25,-79.13,29.62
30.25,-79.11,29.56
30.25,-78.85,29.38
30.25,-78.83,29.46
30.25,-78.81,29.47
30.25,-78.79,29.55
30.25,-78.75,29.35
30.25,-78.73,29.33
30.25,-78.71,29.35
30.25,-78.69,29.38
30.25,-78.23,29.71
30.25,-78.11,29.58
30.25,-78.09,29.36
30.25,-78.07,29.61
30.25,-78.05,29.53
30.25,-77.99,29.56
30.25,-77.97,29.64
30.25,-77.95,29.57
30.25,-77.93,29.59
30.25,-77.91,29.61
30.25,-77.89,29.66
30.25,-77.87,29.73
30.25,-77.85,29.8
30.25,-77.83,29.79
30.25,-77.81,29.79
30.25,-77.79,29.82
30.25,-77.77,29.72
30.25,-77.75,29.48
30.25,-77.73,29.41
30.25,-77.71,29.41
30.25,-77.69,29.34
30.25,-77.67,29.31
30.25,-77.65,29.57
30.25,-77.63,29.6
30.25,-77.61,29.56
30.25,-77.59,29.59
30.25,-77.57,29.63
30.25,-77.55,29.61
30.25,-77.53,29.55
30.25,-77.51,29.54
30.25,-77.49,29.52
30.25,-77.47,29.52
30.25,-77.45,29.56
30.25,-77.43,29.56
30.25,-77.41,29.57
30.25,-77.39,29.5
30.25,-77.37,29.52
30.25,-77.35,29.53
30.25,-77.33,29.51
30.25,-77.31,29.53
30.25,-77.29,29.58
30.25,-77.27,29.53
30.25,-77.25,29.44
30.25,-77.23,29.43
30.25,-77.21,29.45
30.25,-77.15,29.44
30.25,-77.13,29.65
30.25,-77.11,29.57
30.25,-77.09,29.49
30.25,-77.03,29.18
30.25,-77.01,29.19
30.25,-76.99,29.2
30.25,-76.97,29.2
30.25,-76.95,29.35
30.25,-76.83,29.12
30.25,-76.77,29.21
30.25,-76.75,29.26
30.25,-76.73,29.35
30.25,-76.71,29.35
30.25,-76.67,29.51
30.25,-76.65,29.46
30.25,-76.59,29.41
30.25,-76.57,29.44
30.25,-76.55,29.48
30.25,-76.53,29.53
30.25,-76.51,29.4
30.25,-76.49,29.47
30.25,-76.47,29.74
30.25,-76.45,29.76
30.25,-76.43,29.66
30.25,-76.15,29.76
30.25,-76.13,29.81
30.25,-76.09,29.82
30.25,-76.07,29.9
30.25,-76.05,29.95
30.25,-76.03,29.88
30.25,-76.01,29.85
30.25,-75.99,29.97
30.25,-75.97,29.95
30.25,-75.95,29.95
30.25,-75.93,29.92
30.25,-75.91,29.95
30.25,-75.89,29.88
30.25,-75.87,29.92
30.25,-75.85,29.9
30.25,-75.83,29.79
30.25,-75.81,29.67
30.25,-75.79,29.64
30.25,-75.77,29.58
30.25,-75.75,29.64
30.25,-75.73,29.65
30.25,-75.71,29.6
30.25,-75.67,29.41
30.25,-75.65,29.44
30.25,-75.63,29.63
30.25,-75.61,29.69
30.25,-75.51,29.3
30.25,-75.49,29.41
30.25,-75.47,29.47
30.25,-75.45,29.49
30.25,-75.43,29.54
30.25,-75.41,29.62
30.25,-75.33,29.4
30.25,-75.31,29.4
30.25,-75.29,29.32
30.25,-75.27,29.29
30.25,-75.25,29.31
30.25,-75.23,29.26
30.23,-81.65,30.05
30.23,-81.63,29.88
30.23,-81.37,28.45
30.23,-81.35,28.44
30.23,-81.33,28.38
30.23,-80.81,28.7
30.23,-80.79,28.7
30.23,-80.77,28.69
30.23,-80.75,28.71
30.23,-80.73,28.67
30.23,-80.71,28.71
30.23,-80.69,28.71
30.23,-80.67,28.72
30.23,-80.65,28.66
30.23,-80.63,28.58
30.23,-80.61,28.64
30.23,-80.59,28.6
30.23,-80.57,28.69
30.23,-80.55,28.68
30.23,-80.53,28.71
30.23,-80.51,28.72
30.23,-80.49,28.71
30.23,-80.47,28.71
30.23,-80.45,28.7
30.23,-80.43,28.71
30.23,-80.41,28.73
30.23,-80.39,28.73
30.23,-80.37,28.68
30.23,-80.35,28.57
30.23,-80.33,28.5
30.23,-80.27,28.3
30.23,-80.25,28.54
30.23,-80.23,28.66
30.23,-80.21,28.86
30.23,-80.19,28.85
30.23,-80.17,28.93
30.23,-80.15,29.48
30.23,-80.13,29.67
30.23,-80.11,29.95
30.23,-80.09,30.08
30.23,-79.93,29.47
30.23,-79.91,29.83
30.23,-79.89,29.86
30.23,-79.21,29.61
30.23,-79.19,29.59
30.23,-79.17,29.55
30.23,-79.15,29.54
30.23,-79.13,29.64
30.23,-79.11,29.66
30.23,-78.83,29.45
30.23,-78.81,29.47
30.23,-78.79,29.48
30.23,-78.77,29.45
30.23,-78.75,29.33
30.23,-78.73,29.28
30.23,-78.71,29.31
30.23,-78.69,29.38
30.23,-78.13,29.76
30.23,-78.11,29.72
30.23,-78.09,29.37
30.23,-78.07,29.41
30.23,-78.05,29.52
30.23,-77.99,29.67
30.23,-77.97,29.66
30.23,-77.95,29.6
30.23,-77.93,29.68
30.23,-77.91,29.86
30.23,-77.89,29.71
30.23,-77.87,29.69
30.23,-77.85,29.75
30.23,-77.83,29.83
30.23,-77.81,29.7
30.23,-77.79,29.76
30.23,-77.77,29.71
30.23,-77.73,29.28
30.23,-77.71,29.42
30.23,-77.69,29.42
30.23,-77.67,29.27
30.23,-77.65,29.45
30.23,-77.59,29.6
30.23,-77.57,29.6
30.23,-77.55,29.57
30.23,-77.53,29.53
30.23,-77.51,29.49
30.23,-77.49,29.52
30.23,-77.47,29.45
30.23,-77.45,29.57
30.23,-77.43,29.52
30.23,-77.41,29.51
30.23,-77.39,29.49
30.23,-77.37,29.48
30.23,-77.35,29.53
30.23,-77.33,29.55
30.23,-77.31,29.5
30.23,-77.29,29.51
30.23,-77.27,29.49
30.23,-77.23,29.54
30.23,-77.21,29.59
30.23,-77.19,29.51
30.23,-77.15,29.45
30.23,-77.13,29.47
30.23,-77.05,29.07
30.23,-77.03,29.07
30.23,-77.01,29.11
30.23,-76.99,29.16
30.23,-76.93,29.34
30.23,-76.85,29.07
30.23,-76.83,29.06
30.23,-76.77,29.27
30.23,-76.75,29.38
30.23,-76.73,29.41
30.23,-76.67,29.36
30.23,-76.65,29.32
30.23,-76.61,29.42
30.23,-76.59,29.44
30.23,-76.57,29.36
30.23,-76.55,29.56
30.23,-76.53,29.54
30.23,-76.51,29.42
30.23,-76.49,29.36
30.23,-76.47,29.43
30.23,-76.45,29.55
30.23,-76.43,29.68
30.23,-76.41,29.77
30.23,-76.39,29.8
30.23,-76.37,29.73
30.23,-76.31,29.51
30.23,-76.15,29.87
30.23,-76.13,29.85
30.23,-76.11,29.8
30.23,-76.09,29.61
30.23,-76.07,29.69
30.23,-76.05,29.71
30.23,-76.03,29.89
30.23,-76.01,29.93
30.23,-75.99,29.95
30.23,-75.97,29.91
30.23,-75.95,29.89
30.23,-75.93,29.93
30.23,-75.91,29.98
30.23,-75.89,29.84
30.23,-75.87,29.81
30.23,-75.85,29.81
30.23,-75.83,29.79
30.23,-75.81,29.65
30.23,-75.79,29.6
30.23,-75.77,29.54
30.23,-75.75,29.6
30.23,-75.73,29.6
30.23,-75.71,29.57
30.23,-75.69,29.55
30.23,-75.65,29.42
30.23,-75.63,29.46
30.23,-75.61,29.63
30.23,-75.43,29.42
30.23,-75.41,29.36
30.23,-75.39,29.28
30.23,-75.35,29.32
30.23,-75.33,29.32
30.23,-75.31,29.31
30.23,-75.29,29.2
30.23,-75.27,29.2
30.23,-75.25,29.21
30.23,-75.23,29.22
30.23,-75.21,29.25
30.21,-81.65,30.01
30.21,-81.63,29.96
30.21,-81.35,28.44
30.21,-81.33,28.42
30.21,-80.83,28.69
30.21,-80.81,28.75
30.21,-80.79,28.7
30.21,-80.77,28.72
30.21,-80.75,28.7
30.21,-80.73,28.68
30.21,-80.71,28.69
30.21,-80.69,28.67
30.21,-80.67,28.69
30.21,-80.65,28.66
30.21,-80.63,28.63
30.21,-80.59,28.59
30.21,-80.57,28.62
30.21,-80.55,28.64
30.21,-80.53,28.62
30.21,-80.51,28.61
30.21,-80.49,28.61
30.21,-80.47,28.64
30.21,-80.45,28.66
30.21,-80.43,28.73
30.21,-80.41,28.67
30.21,-80.39,28.62
30.21,-80.37,28.6
30.21,-80.35,28.58
30.21,-80.33,28.45
30.21,-80.29,28.34
30.21,-80.27,28.36
30.21,-80.25,28.43
30.21,-80.23,28.76
30.21,-80.21,28.87
30.21,-80.19,28.84
30.21,-80.17,29.39
30.21,-80.15,29.7
30.21,-80.11,30.01
30.21,-80.09,30.06
30.21,-79.93,29.45
30.21,-79.91,29.71
30.21,-79.19,29.54
30.21,-79.17,29.53
30.21,-79.15,29.6
30.21,-79.13,29.72
30.21,-79.11,29.81
30.21,-78.95,29.27
30.21,-78.83,29.52
30.21,-78.81,29.49
30.21,-78.77,29.38
30.21,-78.75,29.31
30.21,-78.73,29.29
30.21,-78.71,29.2
30.21,-78.69,29.16
30.21,-78.13,29.7
30.21,-78.11,29.43
30.21,-78.01,29.72
30.21,-77.99,29.83
30.21,-77.97,29.83
30.21,-77.95,29.57
30.21,-77.93,29.66
30.21,-77.91,29.81
30.21,-77.89,29.86
30.21,-77.87,29.71
30.21,-77.85,29.83
30.21,-77.83,29.78
30.21,-77.81,29.7
30.21,-77.77,29.49
30.21,-77.75,29.58
30.21,-77.73,29.43
30.21,-77.71,29.44
30.21,-77.69,29.5
30.21,-77.67,29.49
30.21,-77.65,29.39
30.21,-77.63,29.39
30.21,-77.61,29.51
30.21,-77.59,29.56
30.21,-77.57,29.6
30.21,-77.55,29.5
30.21,-77.53,29.52
30.21,-77.51,29.53
30.21,-77.49,29.51
30.21,-77.47,29.5
30.21,-77.45,29.51
30.21,-77.43,29.53
30.21,-77.41,29.48
30.21,-77.39,29.49
30.21,-77.37,29.5
30.21,-77.35,29.53
30.21,-77.33,29.55
30.21,-77.31,29.59
30.21,-77.29,29.55
30.21,-77.27,29.51
30.21,-77.25,29.41
30.21,-77.23,29.54
30.21,-77.21,29.59
30.21,-77.19,29.58
30.21,-77.13,29.38
30.21,-77.09,29.26
30.21,-77.07,29.17
30.21,-77.05,29.1
30.21,-77.03,29.14
30.21,-76.99,29.23
30.21,-76.89,29.17
30.21,-76.87,29.14
30.21,-76.79,29.35
30.21,-76.77,29.35
30.21,-76.75,29.4
30.21,-76.73,29.43
30.21,-76.67,29.25
30.21,-76.65,29.32
30.21,-76.63,29.38
30.21,-76.61,29.39
30.21,-76.59,29.45
30.21,-76.57,29.47
30.21,-76.55,29.52
30.21,-76.53,29.45
30.21,-76.51,29.42
30.21,-76.49,29.36
30.21,-76.47,29.38
30.21,-76.39,29.71
30.21,-76.37,29.63
30.21,-76.23,29.79
30.21,-76.09,29.61
30.21,-76.07,29.66
30.21,-76.05,29.68
30.21,-76.03,29.92
30.21,-76.01,29.92
30.21,-75.99,29.93
30.21,-75.97,29.93
30.21,-75.95,29.9
30.21,-75.93,29.88
30.21,-75.91,29.89
30.21,-75.89,29.81
30.21,-75.87,29.78
30.21,-75.85,29.77
30.21,-75.83,29.7
30.21,-75.81,29.62
30.21,-75.79,29.59
30.21,-75.77,29.57
30.21,-75.75,29.57
30.21,-75.73,29.56
30.21,-75.71,29.62
30.21,-75.69,29.58
30.21,-75.67,29.43
30.21,-75.65,29.45
30.21,-75.63,29.52
30.21,-75.61,29.51
30.21,-75.59,29.55
30.21,-75.51,29.49
30.21,-75.45,29.23
30.21,-75.39,29.22
30.21,-75.37,29.21
30.21,-75.35,29.26
30.21,-75.33,29.22
30.21,-75.31,29.21
30.21,-75.29,29.19
30.21,-75.27,29.16
30.21,-75.25,29.17
30.21,-75.23,29.17
30.21,-75.21,29.24
30.19,-81.67,29.98
30.19,-81.65,29.89
30.19,-81.63,29.62
30.19,-81.35,28.42
30.19,-81.33,28.4
30.19,-80.85,28.57
30.19,-80.83,28.64
30.19,-80.81,28.67
30.19,-80.79,28.65
30.19,-80.77,28.65
30.19,-80.75,28.67
30.19,-80.73,28.69
30.19,-80.71,28.64
30.19,-80.69,28.61
30.19,-80.67,28.61
30.19,-80.65,28.6
30.19,-80.63,28.5
30.19,-80.61,28.47
30.19,-80.59,28.52
30.19,-80.57,28.53
30.19,-80.55,28.55
30.19,-80.53,28.54
30.19,-80.51,28.54
30.19,-80.49,28.58
30.19,-80.47,28.6
30.19,-80.45,28.64
30.19,-80.43,28.67
30.19,-80.41,28.63
30.19,-80.39,28.46
30.19,-80.37,28.56
30.19,-80.35,28.54
30.19,-80.33,28.39
30.19,-80.31,28.16
30.19,-80.29,28.32
30.19,-80.27,28.39
30.19,-80.25,28.52
30.19,-80.23,28.8
30.19,-80.21,28.83
30.19,-80.17,29.25
30.19,-80.15,29.75
30.19,-80.13,29.79
30.19,-80.11,30.02
30.19,-80.09,30.1
30.19,-80.03,30.09
30.19,-79.27,29.6
30.19,-79.23,29.61
30.19,-79.21,29.65
30.19,-79.19,29.64
30.19,-79.17,29.53
30.19,-79.15,29.62
30.19,-79.13,29.76
30.19,-79.11,29.8
30.19,-79.03,29.28
30.19,-78.95,29.28
30.19,-78.93,29.28
30.19,-78.91,29.34
30.19,-78.77,29.34
30.19,-78.75,29.29
30.19,-78.73,29.16
30.19,-78.71,29.17
30.19,-78.69,29.16
30.19,-78.67,29.17
30.19,-78.65,29.21
30.19,-78.13,29.39
30.19,-78.11,29.37
30.19,-77.99,29.71
30.19,-77.97,29.76
30.19,-77.95,29.75
30.19,-77.93,29.67
30.19,-77.91,29.8
30.19,-77.89,29.78
30.19,-77.77,29.45
30.19,-77.75,29.42
30.19,-77.73,29.39
30.19,-77.71,29.48
30.19,-77.69,29.52
30.19,-77.67,29.4
30.19,-77.65,29.4
30.19,-77.63,29.42
30.19,-77.61,29.52
30.19,-77.59,29.57
30.19,-77.57,29.53
30.19,-77.55,29.53
30.19,-77.53,29.48
30.19,-77.51,29.48
30.19,-77.49,29.49
30.19,-77.47,29.58
30.19,-77.45,29.54
30.19,-77.43,29.52
30.19,-77.41,29.52
30.19,-77.39,29.58
30.19,-77.37,29.48
30.19,-77.35,29.42
30.19,-77.33,29.53
30.19,-77.31,29.55
30.19,-77.29,29.48
30.19,-77.27,29.42
30.19,-77.25,29.44
30.19,-77.23,29.56
30.19,-77.21,29.61
30.19,-77.19,29.64
30.19,-77.05,29.13
30.19,-77.03,29.17
30.19,-77.01,29.21
30.19,-76.99,29.2
30.19,-76.89,29.24
30.19,-76.87,29.22
30.19,-76.77,29.35
30.19,-76.75,29.37
30.19,-76.67,29.28
30.19,-76.65,29.37
30.19,-76.63,29.4
30.19,-76.61,29.42
30.19,-76.59,29.48
30.19,-76.57,29.5
30.19,-76.55,29.51
30.19,-76.53,29.49
30.19,-76.51,29.5
30.19,-76.49,29.49
30.19,-76.39,29.63
30.19,-76.37,29.63
30.19,-76.29,29.86
30.19,-76.15,29.63
30.19,-76.13,29.64
30.19,-76.09,29.66
30.19,-76.07,29.81
30.19,-76.05,29.92
30.19,-76.03,29.91
30.19,-76.01,29.82
30.19,-75.99,29.88
30.19,-75.97,29.87
30.19,-75.95,29.86
30.19,-75.93,29.83
30.19,-75.91,29.76
30.19,-75.89,29.78
30.19,-75.87,29.77
30.19,-75.85,29.74
30.19,-75.83,29.69
30.19,-75.81,29.66
30.19,-75.79,29.62
30.19,-75.77,29.58
30.19,-75.75,29.6
30.19,-75.67,29.49
30.19,-75.65,29.54
30.19,-75.63,29.53
30.19,-75.61,29.51
30.19,-75.59,29.53
30.19,-75.57,29.54
30.19,-75.55,29.42
30.19,-75.53,29.14
30.19,-75.51,29.48
30.19,-75.49,29.54
30.19,-75.47,29.52
30.19,-75.39,29.31
30.19,-75.37,29.3
30.19,-75.35,29.29
30.19,-75.33,29.2
30.19,-75.31,29.2
30.19,-75.29,29.19
30.19,-75.27,29.15
30.19,-75.25,29.21
30.19,-75.23,29.18
30.19,-75.21,29.19
30.17,-81.69,29.93
30.17,-81.67,29.95
30.17,-81.65,29.89
30.17,-81.35,28.26
30.17,-81.33,28.26
30.17,-80.87,28.55
30.17,-80.85,28.58
30.17,-80.83,28.63
30.17,-80.81,28.63
30.17,-80.79,28.66
30.17,-80.77,28.66
30.17,-80.75,28.62
30.17,-80.73,28.62
30.17,-80.71,28.58
30.17,-80.69,28.6
30.17,-80.67,28.58
30.17,-80.65,28.52
30.17,-80.63,28.48
30.17,-80.61,28.46
30.17,-80.59,28.5
30.17,-80.57,28.5
30.17,-80.55,28.46
30.17,-80.53,28.48
30.17,-80.51,28.47
30.17,-80.49,28.49
30.17,-80.47,28.57
30.17,-80.45,28.66
30.17,-80.43,28.63
30.17,-80.41,28.71
30.17,-80.39,28.46
30.17,-80.37,28.46
30.17,-80.35,28.45
30.17,-80.33,28.19
30.17,-80.31,28.14
30.17,-80.29,28.16
30.17,-80.27,28.36
30.17,-80.25,28.51
30.17,-80.23,28.79
30.17,-80.21,28.81
30.17,-80.17,29.39
30.17,-80.15,29.69
30.17,-80.13,29.86
30.17,-80.11,30.04
30.17,-79.97,29.69
30.17,-79.95,29.66
30.17,-79.89,29.71
30.17,-79.23,29.65
30.17,-79.21,29.65
30.17,-79.19,29.62
30.17,-79.17,29.53
30.17,-79.15,29.45
30.17,-79.13,29.46
30.17,-79.11,29.48
30.17,-78.97,29.22
30.17,-78.89,29.28
30.17,-78.87,29.29
30.17,-78.77,29.36
30.17,-78.75,29.21
30.17,-78.73,29.14
30.17,-78.71,29.15
30.17,-78.69,29.17
30.17,-78.67,29.3
30.17,-78.65,29.27
30.17,-78.47,29.74
30.17,-78.45,29.71
30.17,-78.13,29.46
30.17,-78.01,29.72
30.17,-77.99,29.79
30.17,-77.97,29.82
30.17,-77.95,29.77
30.17,-77.93,29.81
30.17,-77.91,29.87
30.17,-77.89,30.02
30.17,-77.77,29.36
30.17,-77.75,29.35
30.17,-77.73,29.28
30.17,-77.71,29.56
30.17,-77.69,29.44
30.17,-77.67,29.4
30.17,-77.65,29.39
30.17,-77.63,29.46
30.17,-77.61,29.49
30.17,-77.59,29.53
30.17,-77.57,29.49
30.17,-77.55,29.47
30.17,-77.53,29.56
30.17,-77.51,29.53
30.17,-77.49,29.52
30.17,-77.47,29.54
30.17,-77.45,29.52
30.17,-77.43,29.47
30.17,-77.41,29.52
30.17,-77.39,29.49
30.17,-77.37,29.39
30.17,-77.35,29.43
30.17,-77.33,29.46
30.17,-77.31,29.54
30.17,-77.29,29.5
30.17,-77.27,29.44
30.17,-77.25,29.4
30.17,-77.23,29.6
30.17,-77.21,29.59
30.17,-77.19,29.61
30.17,-77.05,29.16
30.17,-77.03,29.23
30.17,-77.01,29.28
30.17,-76.99,29.25
30.17,-76.91,29.31
30.17,-76.89,29.31
30.17,-76.87,29.33
30.17,-76.85,29.25
30.17,-76.83,29.21
30.17,-76.81,29.25
30.17,-76.79,29.31
30.17,-76.69,29.22
30.17,-76.67,29.25
30.17,-76.65,29.37
30.17,-76.63,29.42
30.17,-76.61,29.48
30.17,-76.59,29.51
30.17,-76.57,29.5
30.17,-76.55,29.51
30.17,-76.53,29.55
30.17,-76.51,29.55
30.17,-76.39,29.64
30.17,-76.37,29.67
30.17,-76.35,29.6
30.17,-76.33,29.59
30.17,-76.31,29.74
30.17,-76.29,29.85
30.17,-76.27,29.86
30.17,-76.25,29.83
30.17,-76.13,29.63
30.17,-76.11,29.64
30.17,-76.09,29.78
30.17,-76.07,29.83
30.17,-76.05,29.89
30.17,-76.03,29.57
30.17,-76.01,29.8
30.17,-75.99,29.83
30.17,-75.97,29.76
30.17,-75.95,29.84
30.17,-75.93,29.76
30.17,-75.91,29.72
30.17,-75.89,29.73
30.17,-75.87,29.71
30.17,-75.85,29.7
30.17,-75.83,29.7
30.17,-75.81,29.63
30.17,-75.79,29.62
30.17,-75.77,29.56
30.17,-75.75,29.59
30.17,-75.73,29.77
30.17,-75.65,29.48
30.17,-75.63,29.58
30.17,-75.61,29.56
30.17,-75.59,29.51
30.17,-75.57,29.51
30.17,-75.55,29.48
30.17,-75.53,29.4
30.17,-75.51,29.42
30.17,-75.49,29.47
30.17,-75.47,29.46
30.17,-75.45,29.37
30.17,-75.39,29.26
30.17,-75.37,29.28
30.17,-75.35,29.17
30.17,-75.33,29.16
30.17,-75.31,29.26
30.17,-75.29,29.33
30.17,-75.27,29.18
30.17,-75.25,29.22
30.17,-75.21,29.19
30.15,-81.69,29.76
30.15,-81.67,29.72
30.15,-81.35,28.19
30.15,-81.33,28.21
30.15,-80.89,28.52
30.15,-80.87,28.55
30.15,-80.85,28.6
30.15,-80.83,28.62
30.15,-80.81,28.63
30.15,-80.77,28.6
30.15,-80.75,28.58
30.15,-80.73,28.53
30.15,-80.71,28.51
30.15,-80.69,28.56
30.15,-80.67,28.54
30.15,-80.65,28.52
30.15,-80.63,28.44
30.15,-80.61,28.4
30.15,-80.59,28.44
30.15,-80.55,28.43
30.15,-80.53,28.44
30.15,-80.51,28.43
30.15,-80.49,28.51
30.15,-80.47,28.56
30.15,-80.45,28.61
30.15,-80.43,28.63
30.15,-80.41,28.59
30.15,-80.39,28.53
30.15,-80.37,28.39
30.15,-80.35,28.21
30.15,-80.33,28.13
30.15,-80.31,28.15
30.15,-80.29,28.2
30.15,-80.27,28.25
30.15,-80.25,28.64
30.15,-80.23,28.79
30.15,-80.21,28.8
30.15,-80.17,29.12
30.15,-80.15,29.7
30.15,-80.13,29.84
30.15,-80.11,29.91
30.15,-80.09,30.02
30.15,-80.07,30.0
30.15,-79.95,29.84
30.15,-79.89,29.72
30.15,-79.85,29.76
30.15,-79.55,29.36
30.15,-79.21,29.62
30.15,-79.19,29.62
30.15,-79.17,29.55
30.15,-79.15,29.34
30.15,-79.13,29.34
30.15,-79.11,29.31
30.15,-78.99,29.29
30.15,-78.97,29.24
30.15,-78.89,29.26
30.15,-78.87,29.31
30.15,-78.85,29.35
30.15,-78.83,29.37
30.15,-78.79,29.29
30.15,-78.77,29.3
30.15,-78.71,29.15
30.15,-78.69,29.14
30.15,-78.67,29.26
30.15,-78.65,29.24
30.15,-78.49,29.72
30.15,-78.47,29.74
30.15,-78.13,29.65
30.15,-78.03,29.56
30.15,-78.01,29.76
30.15,-77.99,29.73
30.15,-77.97,29.78
30.15,-77.95,29.8
30.15,-77.93,29.85
30.15,-77.91,29.87
30.15,-77.89,30.01
30.15,-77.77,29.47
30.15,-77.75,29.48
30.15,-77.73,29.4
30.15,-77.71,29.44
30.15,-77.69,29.29
30.15,-77.67,29.26
30.15,-77.65,29.43
30.15,-77.63,29.5
30.15,-77.61,29.49
30.15,-77.59,29.47
30.15,-77.57,29.51
30.15,-77.55,29.52
30.15,-77.53,29.56
30.15,-77.51,29.49
30.15,-77.49,29.51
30.15,-77.47,29.47
30.15,-77.45,29.45
30.15,-77.43,29.47
30.15,-77.41,29.45
30.15,-77.39,29.39
30.15,-77.37,29.46
30.15,-77.35,29.48
30.15,-77.33,29.52
30.15,-77.31,29.56
30.15,-77.29,29.69
30.15,-77.27,29.23
30.15,-77.25,29.2
30.15,-77.23,29.48
30.15,-77.05,29.23
30.15,-77.03,29.26
30.15,-76.93,29.26
30.15,-76.91,29.23
30.15,-76.89,29.34
30.15,-76.87,29.25
30.15,-76.83,29.21
30.15,-76.81,29.26
30.15,-76.79,29.26
30.15,-76.77,29.21
30.15,-76.75,29.23
30.15,-76.73,29.26
30.15,-76.71,29.26
30.15,-76.69,29.22
30.15,-76.67,29.29
30.15,-76.65,29.36
30.15,-76.63,29.42
30.15,-76.61,29.48
30.15,-76.59,29.46
30.15,-76.57,29.47
30.15,-76.55,29.47
30.15,-76.39,29.63
30.15,-76.37,29.69
30.15,-76.35,29.65
30.15,-76.33,29.58
30.15,-76.31,29.72
30.15,-76.29,29.71
30.15,-76.27,29.79
30.15,-76.25,29.81
30.15,-76.11,29.75
30.15,-76.09,29.78
30.15,-76.07,29.72
30.15,-76.05,29.74
30.15,-76.03,29.75
30.15,-76.01,29.73
30.15,-75.99,29.72
30.15,-75.97,29.7
30.15,-75.95,29.73
30.15,-75.93,29.73
30.15,-75.91,29.68
30.15,-75.89,29.69
30.15,-75.87,29.62
30.15,-75.85,29.62
30.15,-75.83,29.56
30.15,-75.81,29.6
30.15,-75.79,29.69
30.15,-75.77,29.61
30.15,-75.75,29.68
30.15,-75.73,29.84
30.15,-75.67,29.55
30.15,-75.65,29.56
30.15,-75.63,29.6
30.15,-75.61,29.59
30.15,-75.59,29.54
30.15,-75.57,29.57
30.15,-75.55,29.47
30.15,-75.53,29.43
30.15,-75.51,29.38
30.15,-75.49,29.32
30.15,-75.47,29.37
30.15,-75.45,29.37
30.15,-75.35,29.13
30.15,-75.33,29.16
30.15,-75.31,29.21
30.15,-75.29,29.41
30.15,-75.27,29.36
30.15,-75.25,29.28
30.13,-81.67,29.81
30.13,-81.65,29.91
30.13,-81.63,29.89
30.13,-80.87,28.57
30.13,-80.85,28.62
30.13,-80.83,28.63
30.13,-80.81,28.61
30.13,-80.79,28.6
30.13,-80.75,28.52
30.13,-80.73,28.48
30.13,-80.71,28.51
30.13,-80.69,28.56
30.13,-80.67,28.58
30.13,-80.65,28.56
30.13,-80.63,28.42
30.13,-80.61,28.37
30.13,-80.59,28.41
30.13,-80.55,28.41
30.13,-80.53,28.39
30.13,-80.51,28.38
30.13,-80.49,28.44
30.13,-80.47,28.48
30.13,-80.45,28.59
30.13,-80.43,28.48
30.13,-80.41,28.59
30.13,-80.39,28.46
30.13,-80.37,28.39
30.13,-80.33,28.12
30.13,-80.31,28.17
30.13,-80.29,28.17
30.13,-80.27,28.27
30.13,-80.25,28.69
30.13,-80.23,28.78
30.13,-80.21,28.73
30.13,-80.17,29.22
30.13,-80.15,29.73
30.13,-80.13,29.87
30.13,-80.11,29.97
30.13,-80.09,30.0
30.13,-80.07,30.01
30.13,-79.95,29.81
30.13,-79.87,29.75
30.13,-79.85,29.81
30.13,-79.81,29.96
30.13,-79.47,29.42
30.13,-79.21,29.65
30.13,-79.19,29.7
30.13,-79.17,29.53
30.13,-79.15,29.43
30.13,-79.13,29.5
30.13,-79.11,29.39
30.13,-78.91,29.28
30.13,-78.87,29.38
30.13,-78.85,29.34
30.13,-78.83,29.32
30.13,-78.79,29.22
30.13,-78.77,29.23
30.13,-78.69,29.14
30.13,-78.67,29.26
30.13,-78.65,29.26
30.13,-78.51,29.6
30.13,-78.49,29.65
30.13,-78.47,29.71
30.13,-78.27,29.62
30.13,-78.25,29.63
30.13,-78.13,29.71
30.13,-78.11,29.71
30.13,-78.03,29.54
30.13,-77.99,29.73
30.13,-77.97,29.78
30.13,-77.95,29.77
30.13,-77.93,29.81
30.13,-77.91,29.86
30.13,-77.89,30.0
30.13,-77.87,30.03
30.13,-77.77,29.48
30.13,-77.75,29.52
30.13,-77.73,29.5
30.13,-77.71,29.35
30.13,-77.69,29.26
30.13,-77.65,29.36
30.13,-77.63,29.44
30.13,-77.61,29.46
30.13,-77.59,29.47
30.13,-77.57,29.51
30.13,-77.55,29.5
30.13,-77.53,29.52
30.13,-77.51,29.52
30.13,-77.49,29.52
30.13,-77.47,29.43
30.13,-77.45,29.4
30.13,-77.43,29.5
30.13,-77.41,29.41
30.13,-77.39,29.43
30.13,-77.37,29.46
30.13,-77.35,29.44
30.13,-77.31,29.59
30.13,-77.29,29.63
30.13,-77.27,29.55
30.13,-77.25,29.46
30.13,-77.23,29.44
30.13,-77.21,29.41
30.13,-77.19,29.4
30.13,-77.17,29.3
30.13,-77.15,29.38
30.13,-77.13,29.4
30.13,-77.11,29.35
30.13,-77.05,29.27
30.13,-77.03,29.26
30.13,-76.97,29.26
30.13,-76.93,29.26
30.13,-76.91,29.27
30.13,-76.89,29.33
30.13,-76.87,29.31
30.13,-76.83,29.16
30.13,-76.81,29.2
30.13,-76.79,29.25
30.13,-76.77,29.24
30.13,-76.75,29.26
30.13,-76.73,29.27
30.13,-76.71,29.25
30.13,-76.69,29.32
30.13,-76.67,29.3
30.13,-76.65,29.35
30.13,-76.63,29.41
30.13,-76.61,29.4
30.13,-76.59,29.41
30.13,-76.57,29.52
30.13,-76.55,29.68
30.13,-76.53,29.7
30.13,-76.47,29.43
30.13,-76.41,29.48
30.13,-76.39,29.64
30.13,-76.37,29.55
30.13,-76.35,29.48
30.13,-76.33,29.49
30.13,-76.31,29.68
30.13,-76.29,29.82
30.13,-76.27,29.66
30.13,-76.25,29.63
30.13,-76.11,29.64
30.13,-76.09,29.67
30.13,-76.07,29.58
30.13,-76.05,29.62
30.13,-76.03,29.71
30.13,-76.01,29.69
30.13,-75.99,29.66
30.13,-75.97,29.66
30.13,-75.95,29.71
30.13,-75.93,29.68
30.13,-75.91,29.62
30.13,-75.89,29.62
30.13,-75.87,29.6
30.13,-75.85,29.54
30.13,-75.83,29.42
30.13,-75.81,29.54
30.13,-75.79,29.69
30.13,-75.77,29.66
30.13,-75.75,29.7
30.13,-75.73,29.71
30.13,-75.69,29.66
30.13,-75.67,29.6
30.13,-75.65,29.57
30.13,-75.63,29.55
30.13,-75.61,29.51
30.13,-75.59,29.42
30.13,-75.57,29.38
30.13,-75.55,29.38
30.13,-75.53,29.33
30.13,-75.51,29.16
30.13,-75.49,29.19
30.13,-75.47,29.32
30.13,-75.45,29.34
30.13,-75.39,29.16
30.13,-75.37,29.12
30.13,-75.33,29.24
30.13,-75.31,29.27
30.13,-75.29,29.33
30.13,-75.27,29.36
30.11,-81.67,29.88
30.11,-81.65,29.9
30.11,-80.85,28.66
30.11,-80.83,28.63
30.11,-80.81,28.59
30.11,-80.79,28.59
30.11,-80.77,28.54
30.11,-80.75,28.49
30.11,-80.71,28.51
30.11,-80.69,28.56
30.11,-80.67,28.58
30.11,-80.65,28.54
30.11,-80.63,28.46
30.11,-80.59,28.41
30.11,-80.57,28.37
30.11,-80.55,28.36
30.11,-80.53,28.38
30.11,-80.51,28.39
30.11,-80.47,28.48
30.11,-80.45,28.5
30.11,-80.43,28.51
30.11,-80.41,28.5
30.11,-80.39,28.46
30.11,-80.37,28.38
30.11,-80.29,28.26
30.11,-80.27,28.59
30.11,-80.25,28.77
30.11,-80.23,28.75
30.11,-80.21,28.64
30.11,-80.19,29.13
30.11,-80.17,29.41
30.11,-80.15,29.73
30.11,-80.13,29.94
30.11,-80.11,29.95
30.11,-80.09,29.91
30.11,-80.07,29.98
30.11,-80.05,29.94
30.11,-80.03,29.97
30.11,-79.99,29.67
30.11,-79.97,29.68
30.11,-79.95,29.71
30.11,-79.93,29.73
30.11,-79.87,29.74
30.11,-79.85,29.83
30.11,-79.83,29.94
30.11,-79.81,29.96
30.11,-79.47,29.47
30.11,-79.27,29.7
30.11,-79.25,29.72
30.11,-79.23,29.65
30.11,-79.21,29.64
30.11,-79.19,29.59
30.11,-79.17,29.53
30.11,-79.15,29.39
30.11,-79.13,29.37
30.11,-79.11,29.39
30.11,-79.09,29.41
30.11,-78.89,29.36
30.11,-78.87,29.34
30.11,-78.85,29.33
30.11,-78.83,29.36
30.11,-78.81,29.27
30.11,-78.79,29.23
30.11,-78.77,29.25
30.11,-78.67,29.21
30.11,-78.65,29.27
30.11,-78.61,29.5
30.11,-78.59,29.55
30.11,-78.57,29.58
30.11,-78.51,29.63
30.11,-78.25,29.6
30.11,-78.11,29.64
30.11,-77.99,29.69
30.11,-77.97,29.72
30.11,-77.95,29.73
30.11,-77.93,29.78
30.11,-77.91,29.77
30.11,-77.89,29.92
30.11,-77.87,29.97
30.11,-77.75,29.53
30.11,-77.73,29.52
30.11,-77.69,29.23
30.11,-77.67,29.23
30.11,-77.65,29.35
30.11,-77.63,29.46
30.11,-77.61,29.4
30.11,-77.59,29.45
30.11,-77.57,29.5
30.11,-77.55,29.51
30.11,-77.53,29.49
30.11,-77.51,29.39
30.11,-77.49,29.42
30.11,-77.47,29.51
30.11,-77.45,29.45
30.11,-77.43,29.44
30.11,-77.41,29.4
30.11,-77.39,29.48
30.11,-77.37,29.58
30.11,-77.35,29.51
30.11,-77.31,29.56
30.11,-77.29,29.61
30.11,-77.25,29.45
30.11,-77.23,29.45
30.11,-77.21,29.39
30.11,-77.19,29.35
30.11,-77.17,29.32
30.11,-77.15,29.35
30.11,-77.13,29.38
30.11,-77.11,29.29
30.11,-77.05,29.37
30.11,-77.03,29.52
30.11,-76.99,29.39
30.11,-76.97,29.36
30.11,-76.95,29.22
30.11,-76.93,29.2
30.11,-76.91,29.25
30.11,-76.89,29.27
30.11,-76.87,29.26
30.11,-76.85,29.13
30.11,-76.83,29.15
30.11,-76.81,29.17
30.11,-76.79,29.23
30.11,-76.77,29.22
30.11,-76.75,29.22
30.11,-76.73,29.25
30.11,-76.71,29.32
30.11,-76.69,29.39
30.11,-76.67,29.37
30.11,-76.65,29.43
30.11,-76.63,29.4
30.11,-76.61,29.42
30.11,-76.59,29.52
30.11,-76.57,29.61
30.11,-76.55,29.69
30.11,-76.53,29.68
30.11,-76.47,29.42
30.11,-76.41,29.45
30.11,-76.39,29.46
30.11,-76.37,29.48
30.11,-76.35,29.47
30.11,-76.33,29.63
30.11,-76.31,29.68
30.11,-76.29,29.67
30.11,-76.27,29.62
30.11,-76.21,29.45
30.11,-76.19,29.41
30.11,-76.17,29.46
30.11,-76.15,29.5
30.11,-76.13,29.49
30.11,-76.11,29.57
30.11,-76.09,29.61
30.11,-76.07,29.62
30.11,-76.05,29.64
30.11,-76.03,29.65
30.11,-76.01,29.71
30.11,-75.99,29.67
30.11,-75.97,29.65
30.11,-75.95,29.61
30.11,-75.93,29.49
30.11,-75.91,29.48
30.11,-75.89,29.45
30.11,-75.87,29.43
30.11,-75.85,29.53
30.11,-75.83,29.57
30.11,-75.81,29.54
30.11,-75.79,29.6
30.11,-75.77,29.61
30.11,-75.75,29.6
30.11,-75.73,29.45
30.11,-75.71,29.43
30.11,-75.69,29.58
30.11,-75.67,29.58
30.11,-75.65,29.56
30.11,-75.63,29.4
30.11,-75.61,29.38
30.11,-75.59,29.35
30.11,-75.57,29.36
30.11,-75.55,29.32
30.11,-75.53,29.24
30.11,-75.51,29.17
30.11,-75.49,29.16
30.11,-75.47,29.17
30.11,-75.41,29.24
30.11,-75.35,29.21
30.11,-75.33,29.26
30.11,-75.31,29.24
30.11,-75.29,29.25
30.11,-75.27,29.31
30.09,-81.69,29.63
30.09,-81.67,29.59
30.09,-81.65,29.54
30.09,-80.93,28.22
30.09,-80.91,28.44
30.09,-80.89,28.5
30.09,-80.85,28.62
30.09,-80.83,28.56
30.09,-80.81,28.58
30.09,-80.79,28.58
30.09,-80.77,28.57
30.09,-80.75,28.61
30.09,-80.73,28.56
30.09,-80.69,28.51
30.09,-80.67,28.48
30.09,-80.65,28.44
30.09,-80.63,28.4
30.09,-80.61,28.38
30.09,-80.59,28.38
30.09,-80.57,28.34
30.09,-80.55,28.31
30.09,-80.53,28.41
30.09,-80.51,28.43
30.09,-80.49,28.44
30.09,-80.43,28.46
30.09,-80.41,28.48
30.09,-80.39,28.39
30.09,-80.37,28.3
30.09,-80.35,28.22
30.09,-80.33,28.06
30.09,-80.31,28.12
30.09,-80.29,28.31
30.09,-80.27,28.66
30.09,-80.25,28.86
30.09,-80.23,28.73
30.09,-80.21,28.55
30.09,-80.19,29.09
30.09,-80.17,29.48
30.09,-80.15,29.8
30.09,-80.13,29.9
30.09,-80.11,30.02
30.09,-80.09,29.87
30.09,-80.07,29.95
30.09,-80.05,29.98
30.09,-79.83,29.92
30.09,-79.81,29.93
30.09,-79.47,29.5
30.09,-79.39,29.52
30.09,-79.37,29.69
30.09,-79.29,29.82
30.09,-79.25,29.72
30.09,-79.23,29.7
30.09,-79.21,29.64
30.09,-79.19,29.55
30.09,-79.17,29.41
30.09,-79.15,29.4
30.09,-79.13,29.39
30.09,-79.11,29.39
30.09,-79.09,29.42
30.09,-78.89,29.26
30.09,-78.87,29.28
30.09,-78.81,29.25
30.09,-78.67,29.22
30.09,-78.65,29.33
30.09,-78.61,29.49
30.09,-78.59,29.55
30.09,-78.05,29.69
30.09,-78.03,29.74
30.09,-78.01,29.77
30.09,-77.99,29.75
30.09,-77.97,29.8
30.09,-77.95,29.82
30.09,-77.93,29.82
30.09,-77.91,29.87
30.09,-77.89,29.89
30.09,-77.87,29.85
30.09,-77.81,29.41
30.09,-77.79,29.5
30.09,-77.75,29.41
30.09,-77.69,29.43
30.09,-77.65,29.35
30.09,-77.63,29.4
30.09,-77.61,29.4
30.09,-77.59,29.42
30.09,-77.57,29.43
30.09,-77.55,29.45
30.09,-77.53,29.45
30.09,-77.51,29.44
30.09,-77.49,29.48
30.09,-77.47,29.48
30.09,-77.45,29.49
30.09,-77.43,29.42
30.09,-77.41,29.39
30.09,-77.39,29.46
30.09,-77.37,29.5
30.09,-77.35,29.41
30.09,-77.33,29.56
30.09,-77.31,29.57
30.09,-77.29,29.54
30.09,-77.27,29.38
30.09,-77.25,29.37
30.09,-77.23,29.37
30.09,-77.19,29.29
30.09,-77.17,29.34
30.09,-77.15,29.36
30.09,-77.13,29.27
30.09,-77.11,29.22
30.09,-77.09,29.24
30.09,-77.07,29.35
30.09,-77.05,29.51
30.09,-77.03,29.57
30.09,-76.99,29.44
30.09,-76.97,29.43
30.09,-76.93,29.25
30.09,-76.91,29.25
30.09,-76.89,29.23
30.09,-76.87,29.24
30.09,-76.85,29.07
30.09,-76.83,29.13
30.09,-76.81,29.15
30.09,-76.79,29.14
30.09,-76.77,29.22
30.09,-76.75,29.24
30.09,-76.73,29.28
30.09,-76.71,29.32
30.09,-76.69,29.32
30.09,-76.67,29.39
30.09,-76.65,29.39
30.09,-76.63,29.38
30.09,-76.61,29.53
30.09,-76.59,29.51
30.09,-76.57,29.69
30.09,-76.55,29.54
30.09,-76.53,29.56
30.09,-76.39,29.45
30.09,-76.37,29.52
30.09,-76.35,29.59
30.09,-76.33,29.59
30.09,-76.31,29.6
30.09,-76.29,29.6
30.09,-76.27,29.56
30.09,-76.25,29.55
30.09,-76.15,29.46
30.09,-76.13,29.48
30.09,-76.11,29.51
30.09,-76.09,29.58
30.09,-76.07,29.62
30.09,-76.05,29.61
30.09,-76.03,29.56
30.09,-76.01,29.53
30.09,-75.99,29.51
30.09,-75.97,29.39
30.09,-75.95,29.38
30.09,-75.93,29.35
30.09,-75.91,29.44
30.09,-75.89,29.31
30.09,-75.87,29.43
30.09,-75.85,29.45
30.09,-75.83,29.52
30.09,-75.81,29.45
30.09,-75.79,29.4
30.09,-75.77,29.41
30.09,-75.75,29.42
30.09,-75.73,29.42
30.09,-75.71,29.39
30.09,-75.69,29.46
30.09,-75.67,29.38
30.09,-75.65,29.34
30.09,-75.63,29.29
30.09,-75.61,29.23
30.09,-75.59,29.21
30.09,-75.57,29.2
30.09,-75.55,29.11
30.09,-75.53,29.1
30.09,-75.49,29.14
30.09,-75.35,29.26
30.09,-75.33,29.24
30.09,-75.31,29.25
30.09,-75.29,29.29
30.09,-75.27,29.37
30.09,-75.25,29.36
30.07,-81.69,29.58
30.07,-81.67,29.56
30.07,-80.95,28.28
30.07,-80.93,28.39
30.07,-80.91,28.51
30.07,-80.89,28.63
30.07,-80.87,28.6
30.07,-80.85,28.51
30.07,-80.83,28.48
30.07,-80.81,28.56
30.07,-80.79,28.6
30.07,-80.77,28.58
30.07,-80.75,28.58
30.07,-80.73,28.57
30.07,-80.71,28.52
30.07,-80.69,28.5
30.07,-80.67,28.48
30.07,-80.65,28.41
30.07,-80.63,28.39
30.07,-80.61,28.42
30.07,-80.59,28.36
30.07,-80.57,28.29
30.07,-80.55,28.3
30.07,-80.53,28.35
30.07,-80.51,28.42
30.07,-80.49,28.43
30.07,-80.43,28.49
30.07,-80.41,28.46
30.07,-80.39,28.38
30.07,-80.37,28.33
30.07,-80.35,28.22
30.07,-80.33,28.09
30.07,-80.31,28.11
30.07,-80.29,28.18
30.07,-80.27,28.7
30.07,-80.25,28.87
30.07,-80.23,28.76
30.07,-80.21,28.47
30.07,-80.19,29.02
30.07,-80.17,29.58
30.07,-80.15,29.81
30.07,-80.13,29.84
30.07,-80.11,30.03
30.07,-80.09,30.02
30.07,-80.07,29.84
30.07,-80.05,29.92
30.07,-79.93,29.43
30.07,-79.89,29.71
30.07,-79.87,29.74
30.07,-79.83,29.68
30.07,-79.81,29.72
30.07,-79.37,29.67
30.07,-79.29,29.8
30.07,-79.27,29.82
30.07,-79.25,29.69
30.07,-79.23,29.6
30.07,-79.21,29.51
30.07,-79.19,29.53
30.07,-79.17,29.34
30.07,-79.15,29.38
30.07,-79.13,29.37
30.07,-79.11,29.36
30.07,-79.05,29.57
30.07,-78.91,29.41
30.07,-78.69,29.42
30.07,-78.67,29.38
30.07,-78.65,29.36
30.07,-78.27,29.63
30.07,-78.17,29.52
30.07,-78.09,29.7
30.07,-78.07,29.68
30.07,-78.05,29.7
30.07,-78.03,29.75
30.07,-78.01,29.82
30.07,-77.99,29.82
30.07,-77.97,29.86
30.07,-77.95,29.84
30.07,-77.93,29.94
30.07,-77.91,29.92
30.07,-77.83,29.33
30.07,-77.81,29.36
30.07,-77.79,29.5
30.07,-77.73,29.35
30.07,-77.71,29.31
30.07,-77.69,29.38
30.07,-77.67,29.51
30.07,-77.65,29.46
30.07,-77.63,29.34
30.07,-77.61,29.36
30.07,-77.59,29.43
30.07,-77.57,29.44
30.07,-77.55,29.44
30.07,-77.53,29.44
30.07,-77.51,29.42
30.07,-77.49,29.46
30.07,-77.47,29.48
30.07,-77.45,29.44
30.07,-77.43,29.46
30.07,-77.41,29.43
30.07,-77.39,29.41
30.07,-77.37,29.32
30.07,-77.35,29.41
30.07,-77.33,29.58
30.07,-77.31,29.62
30.07,-77.27,29.41
30.07,-77.25,29.39
30.07,-77.23,29.35
30.07,-77.21,29.32
30.07,-77.17,29.29
30.07,-77.15,29.29
30.07,-77.13,29.23
30.07,-77.11,29.16
30.07,-77.09,29.2
30.07,-77.07,29.26
30.07,-77.05,29.46
30.07,-77.03,29.45
30.07,-77.01,29.42
30.07,-76.99,29.39
30.07,-76.97,29.4
30.07,-76.95,29.32
30.07,-76.93,29.23
30.07,-76.91,29.15
30.07,-76.89,29.14
30.07,-76.87,29.15
30.07,-76.85,29.14
30.07,-76.83,29.15
30.07,-76.79,29.18
30.07,-76.77,29.18
30.07,-76.75,29.22
30.07,-76.73,29.27
30.07,-76.71,29.33
30.07,-76.69,29.37
30.07,-76.67,29.4
30.07,-76.65,29.4
30.07,-76.63,29.45
30.07,-76.61,29.6
30.07,-76.55,29.57
30.07,-76.41,29.36
30.07,-76.39,29.46
30.07,-76.37,29.5
30.07,-76.35,29.6
30.07,-76.33,29.55
30.07,-76.31,29.53
30.07,-76.29,29.51
30.07,-76.27,29.49
30.07,-76.25,29.56
30.07,-76.23,29.54
30.07,-76.13,29.37
30.07,-76.11,29.43
30.07,-76.09,29.46
30.07,-76.07,29.51
30.07,-76.05,29.53
30.07,-76.03,29.41
30.07,-76.01,29.38
30.07,-75.99,29.39
30.07,-75.97,29.29
30.07,-75.95,29.32
30.07,-75.93,29.25
30.07,-75.91,29.28
30.07,-75.89,29.27
30.07,-75.87,29.28
30.07,-75.85,29.35
30.07,-75.83,29.36
30.07,-75.81,29.4
30.07,-75.79,29.43
30.07,-75.77,29.36
30.07,-75.75,29.35
30.07,-75.73,29.34
30.07,-75.71,29.36
30.07,-75.69,29.29
30.07,-75.67,29.24
30.07,-75.65,29.22
30.07,-75.63,29.24
30.07,-75.61,29.19
30.07,-75.59,29.11
30.07,-75.57,29.08
30.07,-75.55,29.11
30.07,-75.53,29.09
30.07,-75.37,29.16
30.07,-75.35,29.16
30.07,-75.33,29.21
30.07,-75.31,29.22
30.07,-75.29,29.36
30.07,-75.27,29.43
30.07,-75.25,29.39
30.05,-81.71,29.68
30.05,-81.69,29.69
30.05,-81.67,29.71
30.05,-80.97,28.3
30.05,-80.95,28.35
30.05,-80.93,28.49
30.05,-80.91,28.56
30.05,-80.89,28.53
30.05,-80.87,28.57
30.05,-80.85,28.53
30.05,-80.83,28.49
30.05,-80.81,28.56
30.05,-80.79,28.61
30.05,-80.77,28.63
30.05,-80.75,28.63
30.05,-80.73,28.63
30.05,-80.71,28.57
30.05,-80.69,28.58
30.05,-80.67,28.58
30.05,-80.65,28.56
30.05,-80.63,28.36
30.05,-80.61,28.37
30.05,-80.59,28.39
30.05,-80.57,28.37
30.05,-80.55,28.36
30.05,-80.53,28.35
30.05,-80.51,28.35
30.05,-80.49,28.35
30.05,-80.47,28.2
30.05,-80.45,28.09
30.05,-80.43,28.21
30.05,-80.41,28.33
30.05,-80.39,28.27
30.05,-80.37,28.13
30.05,-80.35,28.0
30.05,-80.33,28.01
30.05,-80.31,27.96
30.05,-80.29,28.34
30.05,-80.27,28.66
30.05,-80.25,28.81
30.05,-80.23,28.82
30.05,-80.21,28.38
30.05,-80.19,28.95
30.05,-80.17,29.58
30.05,-80.15,29.74
30.05,-80.13,29.84
30.05,-80.11,29.96
30.05,-80.09,29.99
30.05,-80.05,30.03
30.05,-80.03,30.04
30.05,-79.91,29.52
30.05,-79.89,29.59
30.05,-79.87,29.69
30.05,-79.85,29.57
30.05,-79.83,29.7
30.05,-79.81,29.7
30.05,-79.35,29.87
30.05,-79.33,29.84
30.05,-79.29,29.73
30.05,-79.27,29.77
30.05,-79.25,29.59
30.05,-79.23,29.43
30.05,-79.21,29.44
30.05,-79.19,29.4
30.05,-79.17,29.33
30.05,-79.15,29.34
30.05,-79.13,29.31
30.05,-78.93,29.48
30.05,-78.91,29.41
30.05,-78.77,29.15
30.05,-78.75,29.16
30.05,-78.73,29.16
30.05,-78.69,29.53
30.05,-78.67,29.52
30.05,-78.63,29.67
30.05,-78.57,29.76
30.05,-78.55,29.8
30.05,-78.09,29.76
30.05,-78.05,29.7
30.05,-78.03,29.75
30.05,-78.01,29.82
30.05,-77.99,29.83
30.05,-77.97,29.93
30.05,-77.95,29.8
30.05,-77.93,29.6
30.05,-77.79,29.47
30.05,-77.77,29.5
30.05,-77.75,29.41
30.05,-77.73,29.39
30.05,-77.71,29.36
30.05,-77.69,29.4
30.05,-77.67,29.48
30.05,-77.65,29.42
30.05,-77.63,29.37
30.05,-77.61,29.42
30.05,-77.59,29.45
30.05,-77.57,29.4
30.05,-77.55,29.39
30.05,-77.53,29.41
30.05,-77.51,29.47
30.05,-77.49,29.46
30.05,-77.47,29.46
30.05,-77.45,29.45
30.05,-77.43,29.45
30.05,-77.41,29.46
30.05,-77.39,29.37
30.05,-77.37,29.41
30.05,-77.35,29.48
30.05,-77.33,29.52
30.05,-77.29,29.41
30.05,-77.27,29.42
30.05,-77.25,29.45
30.05,-77.17,29.4
30.05,-77.15,29.41
30.05,-77.13,29.43
30.05,-77.11,29.37
30.05,-77.09,29.21
30.05,-77.07,29.23
30.05,-77.05,29.62
30.05,-77.03,29.49
30.05,-77.01,29.38
30.05,-76.99,29.28
30.05,-76.97,29.33
30.05,-76.95,29.29
30.05,-76.93,29.19
30.05,-76.91,29.18
30.05,-76.89,29.09
30.05,-76.81,29.28
30.05,-76.79,29.26
30.05,-76.77,29.24
30.05,-76.75,29.25
30.05,-76.73,29.29
30.05,-76.71,29.29
30.05,-76.69,29.38
30.05,-76.67,29.37
30.05,-76.65,29.43
30.05,-76.63,29.48
30.05,-76.61,29.75
30.05,-76.59,29.74
30.05,-76.43,29.35
30.05,-76.41,29.44
30.05,-76.39,29.43
30.05,-76.37,29.42
30.05,-76.35,29.44
30.05,-76.33,29.39
30.05,-76.31,29.39
30.05,-76.29,29.36
30.05,-76.27,29.38
30.05,-76.25,29.41
30.05,-76.23,29.38
30.05,-76.15,29.2
30.05,-76.13,29.19
30.05,-76.11,29.29
30.05,-76.09,29.33
30.05,-76.07,29.29
30.05,-76.05,29.32
30.05,-76.03,29.3
30.05,-76.01,29.23
30.05,-75.99,29.19
30.05,-75.97,29.18
30.05,-75.95,29.29
30.05,-75.93,29.15
30.05,-75.91,29.21
30.05,-75.89,29.26
30.05,-75.87,29.23
30.05,-75.85,29.23
30.05,-75.83,29.3
30.05,-75.81,29.38
30.05,-75.79,29.37
30.05,-75.77,28.8
30.05,-75.75,28.85
30.05,-75.73,29.2
30.05,-75.71,29.26
30.05,-75.69,29.24
30.05,-75.67,29.15
30.05,-75.65,29.23
30.05,-75.63,29.17
30.05,-75.61,29.1
30.05,-75.59,29.09
30.05,-75.57,29.07
30.05,-75.55,29.1
30.05,-75.53,29.12
30.05,-75.51,29.05
30.05,-75.45,29.12
30.05,-75.43,29.1
30.05,-75.39,29.15
30.05,-75.37,29.17
30.05,-75.35,29.19
30.05,-75.33,29.26
30.05,-75.31,29.3
30.05,-75.29,29.27
30.05,-75.27,29.38
30.03,-81.69,29.69
30.03,-81.67,29.82
30.03,-80.99,28.26
30.03,-80.97,28.33
30.03,-80.95,28.46
30.03,-80.93,28.53
30.03,-80.91,28.53
30.03,-80.89,28.52
30.03,-80.87,28.5
30.03,-80.85,28.45
30.03,-80.83,28.53
30.03,-80.81,28.61
30.03,-80.79,28.58
30.03,-80.77,28.61
30.03,-80.75,28.64
30.03,-80.73,28.65
30.03,-80.71,28.65
30.03,-80.69,28.65
30.03,-80.67,28.59
30.03,-80.65,28.58
30.03,-80.63,28.48
30.03,-80.59,28.38
30.03,-80.57,28.32
30.03,-80.55,28.28
30.03,-80.53,28.36
30.03,-80.51,28.43
30.03,-80.49,28.31
30.03,-80.47,28.08
30.03,-80.45,28.1
30.03,-80.43,28.2
30.03,-80.41,28.21
30.03,-80.39,28.18
30.03,-80.37,28.09
30.03,-80.35,27.89
30.03,-80.33,27.9
30.03,-80.31,28.09
30.03,-80.29,28.37
30.03,-80.27,28.73
30.03,-80.25,28.77
30.03,-80.23,28.65
30.03,-80.21,28.3
30.03,-80.19,28.99
30.03,-80.17,29.55
30.03,-80.15,29.74
30.03,-80.13,29.88
30.03,-80.11,30.02
30.03,-80.09,30.02
30.03,-80.05,30.0
30.03,-80.03,30.01
30.03,-80.01,29.84
30.03,-79.99,29.79
30.03,-79.95,29.57
30.03,-79.93,29.56
30.03,-79.91,29.51
30.03,-79.89,29.55
30.03,-79.87,29.53
30.03,-79.85,29.57
30.03,-79.83,29.7
30.03,-79.55,29.58
30.03,-79.35,29.66
30.03,-79.31,29.51
30.03,-79.29,29.59
30.03,-79.27,29.76
30.03,-79.25,29.6
30.03,-79.23,29.38
30.03,-79.21,29.38
30.03,-79.19,29.37
30.03,-79.17,29.33
30.03,-79.13,29.36
30.03,-79.11,29.34
30.03,-78.97,29.33
30.03,-78.95,29.4
30.03,-78.93,29.45
30.03,-78.77,29.38
30.03,-78.75,29.45
30.03,-78.73,29.36
30.03,-78.71,29.53
30.03,-78.69,29.64
30.03,-78.67,29.65
30.03,-78.63,29.41
30.03,-78.61,29.36
30.03,-78.57,29.75
30.03,-78.55,29.77
30.03,-78.09,29.65
30.03,-78.07,29.73
30.03,-78.05,29.78
30.03,-78.03,29.72
30.03,-78.01,29.83
30.03,-77.99,29.82
30.03,-77.97,29.84
30.03,-77.95,29.77
30.03,-77.93,29.61
30.03,-77.91,29.76
30.03,-77.89,29.72
30.03,-77.79,29.47
30.03,-77.77,29.53
30.03,-77.75,29.43
30.03,-77.73,29.41
30.03,-77.71,29.43
30.03,-77.69,29.42
30.03,-77.67,29.44
30.03,-77.65,29.4
30.03,-77.63,29.36
30.03,-77.61,29.41
30.03,-77.59,29.42
30.03,-77.57,29.38
30.03,-77.55,29.39
30.03,-77.53,29.39
30.03,-77.51,29.47
30.03,-77.49,29.41
30.03,-77.47,29.41
30.03,-77.45,29.41
30.03,-77.43,29.48
30.03,-77.41,29.5
30.03,-77.39,29.46
30.03,-77.37,29.44
30.03,-77.35,29.45
30.03,-77.27,29.36
30.03,-77.25,29.3
30.03,-77.23,29.28
30.03,-77.21,29.36
30.03,-77.19,29.34
30.03,-77.17,29.29
30.03,-77.15,29.47
30.03,-77.13,29.56
30.03,-77.11,29.48
30.03,-77.07,29.49
30.03,-77.05,29.53
30.03,-77.03,29.49
30.03,-77.01,29.38
30.03,-76.99,29.3
30.03,-76.97,29.25
30.03,-76.95,29.26
30.03,-76.93,29.18
30.03,-76.91,29.19
30.03,-76.81,29.28
30.03,-76.79,29.26
30.03,-76.77,29.18
30.03,-76.75,29.24
30.03,-76.73,29.27
30.03,-76.71,29.29
30.03,-76.69,29.39
30.03,-76.67,29.37
30.03,-76.65,29.53
30.03,-76.63,29.62
30.03,-76.61,29.67
30.03,-76.59,29.7
30.03,-76.41,29.24
30.03,-76.39,29.36
30.03,-76.37,29.35
30.03,-76.35,29.22
30.03,-76.33,29.36
30.03,-76.31,29.23
30.03,-76.29,29.17
30.03,-76.27,29.2
30.03,-76.25,29.23
30.03,-76.23,29.24
30.03,-76.15,29.14
30.03,-76.13,29.17
30.03,-76.11,29.24
30.03,-76.09,29.23
30.03,-76.07,29.18
30.03,-76.05,29.21
30.03,-76.03,29.22
30.03,-76.01,29.25
30.03,-75.97,29.27
30.03,-75.95,29.3
30.03,-75.93,29.27
30.03,-75.91,29.26
30.03,-75.89,29.25
30.03,-75.87,29.08
30.03,-75.85,29.06
30.03,-75.83,29.24
30.03,-75.81,29.35
30.03,-75.77,28.86
30.03,-75.75,29.2
30.03,-75.73,29.19
30.03,-75.71,29.23
30.03,-75.69,29.22
30.03,-75.67,29.23
30.03,-75.65,29.21
30.03,-75.63,29.16
30.03,-75.61,29.12
30.03,-75.59,29.14
30.03,-75.57,29.11
30.03,-75.55,29.12
30.03,-75.53,29.08
30.03,-75.51,29.08
30.03,-75.43,29.1
30.03,-75.41,29.16
30.03,-75.39,29.17
30.03,-75.37,29.17
30.03,-75.35,29.26
30.03,-75.33,29.22
30.03,-75.31,29.28
30.03,-75.29,29.26
30.03,-75.27,29.35
30.03,-75.25,29.37
30.03,-75.23,29.75
30.01,-81.67,29.77
30.01,-81.65,29.93
30.01,-81.63,30.08
30.01,-81.01,28.25
30.01,-80.99,28.31
30.01,-80.97,28.42
30.01,-80.95,28.49
30.01,-80.93,28.52
30.01,-80.91,28.48
30.01,-80.89,28.5
30.01,-80.87,28.51
30.01,-80.85,28.47
30.01,-80.83,28.46
30.01,-80.81,28.51
30.01,-80.79,28.56
30.01,-80.77,28.58
30.01,-80.75,28.61
30.01,-80.73,28.65
30.01,-80.69,28.67
30.01,-80.67,28.52
30.01,-80.65,28.41
30.01,-80.63,28.4
30.01,-80.57,28.3
30.01,-80.55,28.28
30.01,-80.53,28.36
30.01,-80.51,28.4
30.01,-80.49,28.39
30.01,-80.47,28.19
30.01,-80.43,28.12
30.01,-80.41,28.17
30.01,-80.39,28.17
30.01,-80.37,28.15
30.01,-80.35,27.99
30.01,-80.33,27.93
30.01,-80.31,28.12
30.01,-80.29,28.37
30.01,-80.27,28.69
30.01,-80.25,28.8
30.01,-80.23,28.72
30.01,-80.21,28.33
30.01,-80.19,29.3
30.01,-80.17,29.64
30.01,-80.15,29.75
30.01,-80.13,29.98
30.01,-80.11,30.1
30.01,-80.05,29.93
30.01,-80.03,29.95
30.01,-80.01,29.97
30.01,-79.93,29.61
30.01,-79.91,29.58
30.01,-79.89,29.6
30.01,-79.87,29.58
30.01,-79.85,29.63
30.01,-79.63,29.64
30.01,-79.55,29.46
30.01,-79.53,29.46
30.01,-79.45,29.57
30.01,-79.43,29.57
30.01,-79.41,29.65
30.01,-79.35,29.66
30.01,-79.33,29.66
30.01,-79.31,29.48
30.01,-79.29,29.59
30.01,-79.27,29.73
30.01,-79.25,29.69
30.01,-79.23,29.43
30.01,-79.13,29.39
30.01,-79.11,29.42
30.01,-78.95,29.34
30.01,-78.93,29.32
30.01,-78.91,29.29
30.01,-78.77,29.34
30.01,-78.75,29.49
30.01,-78.73,29.51
30.01,-78.71,29.58
30.01,-78.69,29.61
30.01,-78.67,29.84
30.01,-78.61,29.37
30.01,-78.59,29.43
30.01,-78.57,29.58
30.01,-78.21,29.77
30.01,-78.19,29.77
30.01,-78.15,29.66
30.01,-78.13,29.62
30.01,-78.11,29.59
30.01,-78.09,29.65
30.01,-78.07,29.68
30.01,-78.05,29.64
30.01,-78.03,29.64
30.01,-78.01,29.66
30.01,-77.99,29.66
30.01,-77.97,29.84
30.01,-77.95,29.74
30.01,-77.93,29.61
30.01,-77.91,29.74
30.01,-77.89,29.65
30.01,-77.87,29.34
30.01,-77.79,29.44
30.01,-77.77,29.44
30.01,-77.75,29.36
30.01,-77.73,29.37
30.01,-77.71,29.46
30.01,-77.69,29.42
30.01,-77.67,29.38
30.01,-77.65,29.39
30.01,-77.63,29.33
30.01,-77.61,29.43
30.01,-77.59,29.46
30.01,-77.57,29.45
30.01,-77.55,29.31
30.01,-77.53,29.4
30.01,-77.51,29.37
30.01,-77.49,29.35
30.01,-77.47,29.43
30.01,-77.45,29.46
30.01,-77.43,29.47
30.01,-77.41,29.4
30.01,-77.39,29.44
30.01,-77.25,29.26
30.01,-77.23,29.23
30.01,-77.21,29.38
30.01,-77.19,29.42
30.01,-77.17,29.34
30.01,-77.15,29.39
30.01,-77.13,29.45
30.01,-77.07,29.42
30.01,-77.05,29.43
30.01,-77.03,29.38
30.01,-77.01,29.4
30.01,-76.99,29.36
30.01,-76.97,29.28
30.01,-76.85,29.19
30.01,-76.83,29.15
30.01,-76.81,29.18
30.01,-76.79,29.2
30.01,-76.77,29.23
30.01,-76.75,29.27
30.01,-76.73,29.29
30.01,-76.71,29.36
30.01,-76.69,29.35
30.01,-76.67,29.39
30.01,-76.65,29.62
30.01,-76.63,29.57
30.01,-76.61,29.46
30.01,-76.59,29.46
30.01,-76.57,29.4
30.01,-76.41,29.14
30.01,-76.39,29.16
30.01,-76.37,29.17
30.01,-76.35,29.21
30.01,-76.33,29.2
30.01,-76.31,29.14
30.01,-76.25,29.16
30.01,-76.19,29.13
30.01,-76.15,29.13
30.01,-76.13,29.14
30.01,-76.11,29.21
30.01,-76.09,29.26
30.01,-76.07,29.24
30.01,-76.05,29.24
30.01,-76.03,29.2
30.01,-76.01,29.23
30.01,-75.99,29.14
30.01,-75.97,29.15
30.01,-75.95,29.29
30.01,-75.93,29.2
30.01,-75.91,29.29
30.01,-75.89,29.23
30.01,-75.87,28.93
30.01,-75.85,29.01
30.01,-75.83,29.09
30.01,-75.79,29.18
30.01,-75.77,29.16
30.01,-75.75,29.15
30.01,-75.73,29.29
30.01,-75.71,29.34
30.01,-75.69,29.3
30.01,-75.67,29.28
30.01,-75.65,29.22
30.01,-75.63,29.17
30.01,-75.61,29.23
30.01,-75.59,29.26
30.01,-75.57,29.22
30.01,-75.55,29.2
30.01,-75.53,29.17
30.01,-75.51,29.12
30.01,-75.45,29.1
30.01,-75.43,29.12
30.01,-75.41,29.18
30.01,-75.39,29.19
30.01,-75.37,29.24
30.01,-75.35,29.33
30.01,-75.33,29.29
30.01,-75.31,29.29
30.01,-75.29,29.29
30.01,-75.27,29.37
30.01,-75.25,29.58
30.01,-75.23,29.63
29.99,-81.67,29.69
29.99,-81.65,29.88
29.99,-81.63,29.95
29.99,-81.61,29.54
29.99,-81.01,28.04
29.99,-80.99,28.23
29.99,-80.97,28.38
29.99,-80.95,28.37
29.99,-80.93,28.43
29.99,-80.91,28.47
29.99,-80.89,28.51
29.99,-80.87,28.5
29.99,-80.85,28.53
29.99,-80.83,28.48
29.99,-80.81,28.43
29.99,-80.79,28.52
29.99,-80.77,28.54
29.99,-80.75,28.61
29.99,-80.73,28.64
29.99,-80.71,28.64
29.99,-80.69,28.63
29.99,-80.67,28.58
29.99,-80.65,28.47
29.99,-80.63,28.41
29.99,-80.57,28.27
29.99,-80.55,28.24
29.99,-80.53,28.32
29.99,-80.51,28.33
29.99,-80.49,28.39
29.99,-80.47,28.36
29.99,-80.45,28.22
29.99,-80.43,28.18
29.99,-80.41,28.2
29.99,-80.39,28.19
29.99,-80.37,28.09
29.99,-80.35,27.87
29.99,-80.33,27.84
29.99,-80.31,28.05
29.99,-80.29,28.49
29.99,-80.27,28.74
29.99,-80.25,28.83
29.99,-80.23,28.61
29.99,-80.21,28.84
29.99,-80.19,29.37
29.99,-80.17,29.7
29.99,-80.15,29.85
29.99,-80.13,30.01
29.99,-80.11,30.13
29.99,-80.09,30.04
29.99,-80.05,29.78
29.99,-80.03,29.98
29.99,-80.01,29.96
29.99,-79.93,29.69
29.99,-79.87,29.7
29.99,-79.85,29.64
29.99,-79.45,29.53
29.99,-79.43,29.55
29.99,-79.41,29.55
29.99,-79.39,29.49
29.99,-79.37,29.65
29.99,-79.35,29.79
29.99,-79.33,29.82
29.99,-79.31,29.9
29.99,-79.29,29.7
29.99,-79.27,29.69
29.99,-79.25,29.53
29.99,-79.23,29.4
29.99,-79.21,29.34
29.99,-78.77,29.53
29.99,-78.75,29.53
29.99,-78.71,29.86
29.99,-78.69,29.95
29.99,-78.67,30.04
29.99,-78.59,29.51
29.99,-78.57,29.59
29.99,-78.55,29.7
29.99,-78.39,29.96
29.99,-78.35,29.77
29.99,-78.21,29.71
29.99,-78.19,29.71
29.99,-78.17,29.68
29.99,-78.13,29.66
29.99,-78.11,29.55
29.99,-78.09,29.68
29.99,-78.07,29.75
29.99,-78.05,29.84
29.99,-78.03,29.78
29.99,-78.01,29.79
29.99,-77.99,29.79
29.99,-77.97,29.82
29.99,-77.95,29.74
29.99,-77.93,29.66
29.99,-77.91,29.62
29.99,-77.87,29.21
29.99,-77.79,29.4
29.99,-77.77,29.46
29.99,-77.75,29.46
29.99,-77.73,29.32
29.99,-77.71,29.38
29.99,-77.69,29.44
29.99,-77.67,29.42
29.99,-77.65,29.37
29.99,-77.63,29.39
29.99,-77.61,29.41
29.99,-77.59,29.46
29.99,-77.57,29.46
29.99,-77.55,29.45
29.99,-77.53,29.28
29.99,-77.51,29.28
29.99,-77.49,29.35
29.99,-77.47,29.39
29.99,-77.45,29.4
29.99,-77.43,29.38
29.99,-77.41,29.33
29.99,-77.33,29.29
29.99,-77.25,29.46
29.99,-77.23,29.22
29.99,-77.21,29.27
29.99,-77.19,29.35
29.99,-77.17,29.42
29.99,-77.07,29.36
29.99,-77.05,29.32
29.99,-77.03,29.32
29.99,-77.01,29.14
29.99,-76.99,29.25
29.99,-76.97,29.25
29.99,-76.87,29.16
29.99,-76.85,29.19
29.99,-76.83,29.2
29.99,-76.81,29.19
29.99,-76.79,29.22
29.99,-76.77,29.25
29.99,-76.75,29.24
29.99,-76.73,29.23
29.99,-76.71,29.34
29.99,-76.69,29.34
29.99,-76.65,29.53
29.99,-76.63,29.47
29.99,-76.61,29.44
29.99,-76.59,29.47
29.99,-76.57,29.37
29.99,-76.51,29.31
29.99,-76.49,29.38
29.99,-76.39,29.18
29.99,-76.37,29.17
29.99,-76.35,29.17
29.99,-76.33,29.11
29.99,-76.31,29.16
29.99,-76.25,29.11
29.99,-76.23,29.11
29.99,-76.21,29.2
29.99,-76.19,29.19
29.99,-76.17,29.12
29.99,-76.15,29.12
29.99,-76.13,29.17
29.99,-76.11,29.25
29.99,-76.09,29.28
29.99,-76.07,29.38
29.99,-76.05,29.36
29.99,-76.03,29.34
29.99,-76.01,29.22
29.99,-75.99,29.2
29.99,-75.97,29.3
29.99,-75.95,29.28
29.99,-75.93,29.06
29.99,-75.91,29.19
29.99,-75.89,29.03
29.99,-75.87,29.03
29.99,-75.85,29.07
29.99,-75.83,29.0
29.99,-75.81,28.94
29.99,-75.79,29.13
29.99,-75.77,29.15
29.99,-75.75,29.3
29.99,-75.73,29.31
29.99,-75.71,29.43
29.99,-75.69,29.31
29.99,-75.67,29.31
29.99,-75.65,29.3
29.99,-75.63,29.2
29.99,-75.61,29.19
29.99,-75.59,29.24
29.99,-75.57,29.26
29.99,-75.55,29.26
29.99,-75.53,29.21
29.99,-75.51,29.16
29.99,-75.45,29.13
29.99,-75.43,29.19
29.99,-75.41,29.18
29.99,-75.39,29.16
29.99,-75.37,29.21
29.99,-75.35,29.26
29.99,-75.33,29.35
29.99,-75.31,29.36
29.99,-75.29,29.34
29.99,-75.27,29.4
29.99,-75.25,29.43
29.97,-81.61,29.9
29.97,-81.59,29.92
29.97,-81.57,29.81
29.97,-81.01,28.07
29.97,-80.99,28.23
29.97,-80.97,28.38
29.97,-80.95,28.34
29.97,-80.93,28.34
29.97,-80.91,28.38
29.97,-80.89,28.49
29.97,-80.87,28.53
29.97,-80.85,28.52
29.97,-80.83,28.48
29.97,-80.81,28.45
29.97,-80.79,28.47
29.97,-80.77,28.53
29.97,-80.75,28.59
29.97,-80.73,28.6
29.97,-80.71,28.58
29.97,-80.69,28.61
29.97,-80.67,28.61
29.97,-80.65,28.52
29.97,-80.63,28.44
29.97,-80.61,28.41
29.97,-80.59,28.35
29.97,-80.53,28.35
29.97,-80.51,28.25
29.97,-80.49,28.26
29.97,-80.47,28.25
29.97,-80.45,28.24
29.97,-80.43,28.18
29.97,-80.41,28.14
29.97,-80.39,28.08
29.97,-80.37,27.97
29.97,-80.35,27.95
29.97,-80.31,28.19
29.97,-80.29,28.58
29.97,-80.27,28.74
29.97,-80.25,28.73
29.97,-80.23,28.64
29.97,-80.21,28.52
29.97,-80.19,29.58
29.97,-80.17,29.75
29.97,-80.15,29.87
29.97,-80.13,30.01
29.97,-80.11,30.08
29.97,-80.09,30.04
29.97,-80.05,29.88
29.97,-80.03,29.93
29.97,-79.89,29.8
29.97,-79.87,29.79
29.97,-79.51,29.58
29.97,-79.43,29.48
29.97,-79.41,29.44
29.97,-79.39,29.42
29.97,-79.37,29.78
29.97,-79.35,29.79
29.97,-79.29,29.81
29.97,-79.27,29.66
29.97,-79.25,29.55
29.97,-79.23,29.37
29.97,-78.95,29.14
29.97,-78.93,29.23
29.97,-78.91,29.25
29.97,-78.89,29.28
29.97,-78.85,29.38
29.97,-78.83,29.42
29.97,-78.81,29.45
29.97,-78.79,29.46
29.97,-78.77,29.53
29.97,-78.75,29.58
29.97,-78.71,29.9
29.97,-78.69,30.04
29.97,-78.67,30.14
29.97,-78.57,29.78
29.97,-78.55,29.82
29.97,-78.39,29.98
29.97,-78.37,30.0
29.97,-78.21,29.67
29.97,-78.19,29.66
29.97,-78.17,29.57
29.97,-78.15,29.72
29.97,-78.13,29.64
29.97,-78.11,29.66
29.97,-78.09,29.75
29.97,-78.07,29.79
29.97,-78.05,29.83
29.97,-78.03,29.85
29.97,-78.01,29.87
29.97,-77.99,29.76
29.97,-77.97,29.59
29.97,-77.95,29.61
29.97,-77.93,29.62
29.97,-77.91,29.58
29.97,-77.89,29.33
29.97,-77.87,29.3
29.97,-77.77,29.3
29.97,-77.75,29.37
29.97,-77.71,29.38
29.97,-77.69,29.43
29.97,-77.67,29.45
29.97,-77.65,29.39
29.97,-77.63,29.38
29.97,-77.61,29.47
29.97,-77.59,29.44
29.97,-77.57,29.43
29.97,-77.55,29.47
29.97,-77.53,29.37
29.97,-77.51,29.26
29.97,-77.49,29.37
29.97,-77.47,29.4
29.97,-77.45,29.31
29.97,-77.43,29.36
29.97,-77.35,29.28
29.97,-77.25,29.47
29.97,-77.19,29.27
29.97,-77.17,29.27
29.97,-77.03,29.18
29.97,-77.01,29.17
29.97,-76.99,29.22
29.97,-76.85,29.2
29.97,-76.83,29.26
29.97,-76.81,29.24
29.97,-76.77,29.18
29.97,-76.75,29.23
29.97,-76.73,29.26
29.97,-76.65,29.25
29.97,-76.63,29.33
29.97,-76.61,29.39
29.97,-76.59,29.34
29.97,-76.57,29.28
29.97,-76.53,29.26
29.97,-76.51,29.26
29.97,-76.49,29.26
29.97,-76.47,29.17
29.97,-76.45,29.12
29.97,-76.43,29.09
29.97,-76.41,29.13
29.97,-76.39,29.15
29.97,-76.37,29.16
29.97,-76.35,29.16
29.97,-76.33,29.16
29.97,-76.31,29.18
29.97,-76.29,29.21
29.97,-76.27,29.18
29.97,-76.25,29.17
29.97,-76.23,29.17
29.97,-76.21,29.16
29.97,-76.19,29.16
29.97,-76.17,29.16
29.97,-76.15,29.19
29.97,-76.13,29.25
29.97,-76.11,29.35
29.97,-76.09,29.33
29.97,-76.07,29.32
29.97,-76.05,29.31
29.97,-76.03,29.34
29.97,-76.01,29.27
29.97,-75.99,29.22
29.97,-75.97,29.31
29.97,-75.95,29.18
29.97,-75.93,28.9
29.97,-75.91,29.23
29.97,-75.89,29.08
29.97,-75.87,29.1
29.97,-75.85,29.12
29.97,-75.83,29.05
29.97,-75.81,29.01
29.97,-75.79,29.25
29.97,-75.77,29.24
29.97,-75.75,29.32
29.97,-75.73,29.32
29.97,-75.71,29.37
29.97,-75.69,29.34
29.97,-75.67,29.32
29.97,-75.65,29.32
29.97,-75.63,29.18
29.97,-75.61,29.25
29.97,-75.59,29.24
29.97,-75.57,29.29
29.97,-75.55,29.32
29.97,-75.53,29.22
29.97,-75.43,29.24
29.97,-75.41,29.26
29.97,-75.39,29.27
29.97,-75.37,29.3
29.97,-75.35,29.31
29.97,-75.33,29.35
29.97,-75.31,29.41
29.97,-75.29,29.44
29.97,-75.27,29.49
29.97,-75.25,29.49
29.95,-81.59,29.8
29.95,-81.03,27.95
29.95,-81.01,28.14
29.95,-80.99,28.21
29.95,-80.97,28.29
29.95,-80.95,28.3
29.95,-80.93,28.32
29.95,-80.91,28.34
29.95,-80.89,28.4
29.95,-80.87,28.48
29.95,-80.85,28.53
29.95,-80.83,28.49
29.95,-80.81,28.46
29.95,-80.79,28.43
29.95,-80.77,28.42
29.95,-80.75,28.55
29.95,-80.73,28.59
29.95,-80.71,28.58
29.95,-80.69,28.57
29.95,-80.67,28.49
29.95,-80.65,28.48
29.95,-80.63,28.44
29.95,-80.61,28.43
29.95,-80.59,28.38
29.95,-80.57,28.37
29.95,-80.51,28.3
29.95,-80.49,28.32
29.95,-80.47,28.3
29.95,-80.45,28.28
29.95,-80.43,28.21
29.95,-80.41,28.1
29.95,-80.39,28.13
29.95,-80.37,28.07
29.95,-80.35,27.96
29.95,-80.33,27.91
29.95,-80.31,28.28
29.95,-80.29,28.62
29.95,-80.27,28.81
29.95,-80.25,28.8
29.95,-80.23,28.63
29.95,-80.21,28.9
29.95,-80.19,29.46
29.95,-80.17,29.76
29.95,-80.15,29.9
29.95,-80.13,30.03
29.95,-80.11,30.14
29.95,-80.09,30.14
29.95,-80.05,29.91
29.95,-80.03,29.98
29.95,-79.87,29.83
29.95,-79.85,29.83
29.95,-79.51,29.6
29.95,-79.43,29.63
29.95,-79.41,29.66
29.95,-79.39,29.64
29.95,-79.37,29.76
29.95,-79.35,29.77
29.95,-79.33,29.73
29.95,-79.31,29.72
29.95,-79.29,29.62
29.95,-79.27,29.37
29.95,-79.25,29.39
29.95,-79.23,29.39
29.95,-79.21,29.42
29.95,-78.95,29.18
29.95,-78.93,29.28
29.95,-78.91,29.32
29.95,-78.89,29.45
29.95,-78.87,29.45
29.95,-78.85,29.41
29.95,-78.83,29.39
29.95,-78.81,29.43
29.95,-78.79,29.42
29.95,-78.77,29.58
29.95,-78.75,29.57
29.95,-78.73,29.75
29.95,-78.71,29.93
29.95,-78.69,30.0
29.95,-78.59,29.76
29.95,-78.25,29.59
29.95,-78.19,29.64
29.95,-78.17,29.7
29.95,-78.15,29.7
29.95,-78.13,29.67
29.95,-78.11,29.73
29.95,-78.09,29.78
29.95,-78.07,29.81
29.95,-78.05,29.84
29.95,-78.03,29.83
29.95,-78.01,29.67
29.95,-77.99,29.64
29.95,-77.97,29.58
29.95,-77.95,29.57
29.95,-77.93,29.57
29.95,-77.91,29.53
29.95,-77.89,29.29
29.95,-77.87,29.31
29.95,-77.85,29.15
29.95,-77.79,29.26
29.95,-77.77,29.33
29.95,-77.75,29.34
29.95,-77.73,29.28
29.95,-77.71,29.39
29.95,-77.69,29.45
29.95,-77.67,29.44
29.95,-77.65,29.47
29.95,-77.63,29.37
29.95,-77.61,29.43
29.95,-77.59,29.45
29.95,-77.57,29.42
29.95,-77.55,29.43
29.95,-77.53,29.45
29.95,-77.51,29.44
29.95,-77.49,29.36
29.95,-77.47,29.28
29.95,-77.45,29.27
29.95,-77.43,29.27
29.95,-77.37,29.24
29.95,-77.35,29.24
29.95,-77.33,29.25
29.95,-76.99,29.62
29.95,-76.97,29.62
29.95,-76.81,29.25
29.95,-76.75,29.27
29.95,-76.73,29.28
29.95,-76.65,29.25
29.95,-76.63,29.29
29.95,-76.61,29.35
29.95,-76.59,29.33
29.95,-76.57,29.29
29.95,-76.55,29.28
29.95,-76.53,29.19
29.95,-76.51,29.23
29.95,-76.49,29.28
29.95,-76.47,29.11
29.95,-76.45,29.09
29.95,-76.43,29.1
29.95,-76.41,29.11
29.95,-76.39,29.15
29.95,-76.37,29.18
29.95,-76.35,29.26
29.95,-76.33,29.21
29.95,-76.31,29.2
29.95,-76.29,29.23
29.95,-76.27,29.19
29.95,-76.25,29.18
29.95,-76.23,29.19
29.95,-76.21,29.22
29.95,-76.19,29.22
29.95,-76.17,29.18
29.95,-76.15,29.18
29.95,-76.13,29.22
29.95,-76.11,29.31
29.95,-76.09,29.35
29.95,-76.07,29.27
29.95,-76.05,29.27
29.95,-76.03,29.28
29.95,-76.01,29.26
29.95,-75.99,29.34
29.95,-75.97,29.32
29.95,-75.95,29.17
29.95,-75.93,28.92
29.95,-75.91,29.16
29.95,-75.89,29.35
29.95,-75.87,29.39
29.95,-75.85,29.35
29.95,-75.83,29.21
29.95,-75.81,29.25
29.95,-75.79,29.42
29.95,-75.77,29.38
29.95,-75.75,29.33
29.95,-75.73,29.49
29.95,-75.71,29.44
29.95,-75.69,29.38
29.95,-75.67,29.34
29.95,-75.65,29.33
29.95,-75.63,29.32
29.95,-75.61,29.3
29.95,-75.59,29.3
29.95,-75.57,29.35
29.95,-75.55,29.41
29.95,-75.53,29.4
29.95,-75.45,29.11
29.95,-75.43,29.16
29.95,-75.41,29.37
29.95,-75.39,29.39
29.95,-75.37,29.31
29.95,-75.35,29.33
29.95,-75.33,29.3
29.95,-75.31,29.31
29.95,-75.29,29.36
29.95,-75.27,29.43
29.93,-81.59,29.3
29.93,-81.03,28.0
29.93,-81.01,28.07
29.93,-80.99,28.16
29.93,-80.97,28.16
29.93,-80.95,28.21
29.93,-80.93,28.27
29.93,-80.91,28.33
29.93,-80.89,28.44
29.93,-80.87,28.45
29.93,-80.85,28.45
29.93,-80.83,28.41
29.93,-80.81,28.44
29.93,-80.79,28.43
29.93,-80.77,28.42
29.93,-80.75,28.49
29.93,-80.73,28.6
29.93,-80.71,28.6
29.93,-80.69,28.55
29.93,-80.67,28.54
29.93,-80.65,28.48
29.93,-80.63,28.48
29.93,-80.61,28.42
29.93,-80.59,28.37
29.93,-80.57,28.38
29.93,-80.55,28.33
29.93,-80.51,28.16
29.93,-80.49,28.19
29.93,-80.47,28.18
29.93,-80.45,28.18
29.93,-80.43,28.15
29.93,-80.41,28.09
29.93,-80.39,28.12
29.93,-80.37,28.09
29.93,-80.35,27.99
29.93,-80.33,27.97
29.93,-80.31,28.12
29.93,-80.29,28.64
29.93,-80.27,28.81
29.93,-80.25,28.83
29.93,-80.23,28.74
29.93,-80.21,28.94
29.93,-80.19,29.46
29.93,-80.17,29.79
29.93,-80.15,29.94
29.93,-80.13,30.03
29.93,-80.11,30.11
29.93,-80.05,29.94
29.93,-80.03,29.95
29.93,-79.89,29.69
29.93,-79.87,29.76
29.93,-79.43,29.59
29.93,-79.41,29.49
29.93,-79.39,29.71
29.93,-79.37,29.81
29.93,-79.31,29.67
29.93,-79.23,29.39
29.93,-79.21,29.4
29.93,-78.97,29.45
29.93,-78.95,29.47
29.93,-78.93,29.33
29.93,-78.89,29.5
29.93,-78.87,29.53
29.93,-78.83,29.36
29.93,-78.81,29.44
29.93,-78.79,29.47
29.93,-78.77,29.56
29.93,-78.75,29.58
29.93,-78.73,29.79
29.93,-78.71,29.97
29.93,-78.69,30.01
29.93,-78.65,29.68
29.93,-78.63,29.68
29.93,-78.19,29.66
29.93,-78.17,29.69
29.93,-78.15,29.54
29.93,-78.13,29.76
29.93,-78.11,29.75
29.93,-78.09,29.75
29.93,-78.07,29.84
29.93,-78.05,29.77
29.93,-78.03,29.71
29.93,-78.01,29.66
29.93,-77.99,29.7
29.93,-77.97,29.52
29.93,-77.95,29.42
29.93,-77.89,29.28
29.93,-77.87,29.31
29.93,-77.85,29.21
29.93,-77.83,29.23
29.93,-77.81,29.28
29.93,-77.79,29.25
29.93,-77.77,29.31
29.93,-77.75,29.35
29.93,-77.73,29.3
29.93,-77.71,29.4
29.93,-77.69,29.41
29.93,-77.67,29.38
29.93,-77.65,29.46
29.93,-77.63,29.46
29.93,-77.61,29.46
29.93,-77.59,29.46
29.93,-77.57,29.47
29.93,-77.55,29.45
29.93,-77.53,29.44
29.93,-77.51,29.66
29.93,-77.49,29.68
29.93,-77.37,29.26
29.93,-77.35,29.25
29.93,-77.33,29.25
29.93,-77.29,29.44
29.93,-77.27,29.41
29.93,-76.99,29.63
29.93,-76.83,29.16
29.93,-76.75,29.31
29.93,-76.73,29.36
29.93,-76.71,29.31
29.93,-76.69,29.21
29.93,-76.67,29.23
29.93,-76.59,29.31
29.93,-76.53,29.12
29.93,-76.51,29.16
29.93,-76.49,29.22
29.93,-76.47,29.16
29.93,-76.45,29.15
29.93,-76.43,29.22
29.93,-76.41,29.22
29.93,-76.39,29.25
29.93,-76.37,29.29
29.93,-76.35,29.25
29.93,-76.33,29.14
29.93,-76.31,29.17
29.93,-76.29,29.19
29.93,-76.27,29.16
29.93,-76.25,29.17
29.93,-76.23,29.17
29.93,-76.21,29.22
29.93,-76.19,29.18
29.93,-76.17,29.12
29.93,-76.15,29.11
29.93,-76.13,29.17
29.93,-76.11,29.21
29.93,-76.09,29.27
29.93,-76.07,29.24
29.93,-76.05,29.2
29.93,-76.03,29.26
29.93,-76.01,29.36
29.93,-75.99,29.36
29.93,-75.97,29.35
29.93,-75.95,29.18
29.93,-75.93,29.04
29.93,-75.91,29.26
29.93,-75.89,29.42
29.93,-75.87,29.46
29.93,-75.85,29.45
29.93,-75.83,29.34
29.93,-75.81,29.37
29.93,-75.79,29.47
29.93,-75.77,29.4
29.93,-75.75,29.36
29.93,-75.73,29.42
29.93,-75.71,29.44
29.93,-75.69,29.44
29.93,-75.67,29.36
29.93,-75.65,29.38
29.93,-75.63,29.32
29.93,-75.61,29.32
29.93,-75.59,29.32
29.93,-75.57,29.23
29.93,-75.55,29.31
29.93,-75.53,29.37
29.93,-75.51,29.34
29.93,-75.45,29.12
29.93,-75.43,29.27
29.93,-75.41,29.35
29.93,-75.39,29.33
29.93,-75.37,29.32
29.93,-75.35,29.3
29.93,-75.33,29.34
29.93,-75.31,29.32
29.93,-75.29,29.33
29.93,-75.27,29.35
29.93,-75.25,29.35
29.91,-81.61,29.31
29.91,-81.59,29.3
29.91,-81.03,27.89
29.91,-81.01,27.95
29.91,-80.99,27.98
29.91,-80.97,27.99
29.91,-80.95,28.15
29.91,-80.93,28.21
29.91,-80.91,28.27
29.91,-80.89,28.31
29.91,-80.87,28.36
29.91,-80.85,28.34
29.91,-80.83,28.33
29.91,-80.81,28.37
29.91,-80.79,28.37
29.91,-80.77,28.47
29.91,-80.75,28.53
29.91,-80.73,28.59
29.91,-80.71,28.6
29.91,-80.69,28.55
29.91,-80.67,28.56
29.91,-80.65,28.59
29.91,-80.63,28.5
29.91,-80.61,28.43
29.91,-80.59,28.39
29.91,-80.57,28.35
29.91,-80.55,28.21
29.91,-80.53,28.05
29.91,-80.51,28.01
29.91,-80.49,28.07
29.91,-80.47,28.22
29.91,-80.45,28.19
29.91,-80.43,28.16
29.91,-80.41,28.17
29.91,-80.39,28.17
29.91,-80.37,28.04
29.91,-80.35,27.93
29.91,-80.33,28.02
29.91,-80.31,28.33
29.91,-80.29,28.74
29.91,-80.27,28.84
29.91,-80.25,28.85
29.91,-80.23,28.83
29.91,-80.21,28.9
29.91,-80.19,29.58
29.91,-80.17,29.78
29.91,-80.15,29.94
29.91,-80.13,30.04
29.91,-80.11,30.02
29.91,-80.09,30.01
29.91,-80.03,29.82
29.91,-80.01,29.85
29.91,-79.87,29.84
29.91,-79.85,29.82
29.91,-79.83,30.01
29.91,-79.81,30.03
29.91,-79.43,29.62
29.91,-79.41,29.59
29.91,-79.39,29.75
29.91,-79.37,29.88
29.91,-79.35,29.93
29.91,-79.33,29.62
29.91,-79.21,29.28
29.91,-79.17,29.43
29.91,-79.15,29.54
29.91,-78.99,29.52
29.91,-78.97,29.48
29.91,-78.95,29.52
29.91,-78.93,29.44
29.91,-78.91,29.47
29.91,-78.89,29.47
29.91,-78.87,29.49
29.91,-78.81,29.35
29.91,-78.79,29.42
29.91,-78.77,29.44
29.91,-78.75,29.69
29.91,-78.73,29.88
29.91,-78.71,29.99
29.91,-78.69,30.03
29.91,-78.65,29.62
29.91,-78.63,29.58
29.91,-78.45,29.51
29.91,-78.33,29.61
29.91,-78.31,29.75
29.91,-78.19,29.63
29.91,-78.17,29.6
29.91,-78.15,29.64
29.91,-78.13,29.74
29.91,-78.11,29.75
29.91,-78.09,29.8
29.91,-78.07,29.81
29.91,-78.05,29.75
29.91,-78.03,29.77
29.91,-78.01,29.48
29.91,-77.99,29.46
29.91,-77.97,29.62
29.91,-77.89,29.24
29.91,-77.87,29.25
29.91,-77.83,29.3
29.91,-77.79,29.19
29.91,-77.75,29.14
29.91,-77.73,29.3
29.91,-77.71,29.41
29.91,-77.69,29.4
29.91,-77.67,29.4
29.91,-77.65,29.37
29.91,-77.63,29.45
29.91,-77.61,29.49
29.91,-77.59,29.45
29.91,-77.57,29.51
29.91,-77.55,29.47
29.91,-77.53,29.48
29.91,-77.51,29.33
29.91,-77.49,29.39
29.91,-77.47,29.38
29.91,-77.35,29.2
29.91,-77.33,29.23
29.91,-77.31,29.39
29.91,-77.29,29.44
29.91,-77.27,29.39
29.91,-77.21,29.39
29.91,-77.05,29.32
29.91,-77.03,29.34
29.91,-76.87,29.24
29.91,-76.85,29.27
29.91,-76.83,29.21
29.91,-76.79,29.14
29.91,-76.75,29.27
29.91,-76.73,29.29
29.91,-76.71,29.2
29.91,-76.69,29.21
29.91,-76.67,29.29
29.91,-76.65,29.37
29.91,-76.51,29.26
29.91,-76.49,29.26
29.91,-76.47,29.28
29.91,-76.45,29.27
29.91,-76.43,29.25
29.91,-76.41,29.25
29.91,-76.39,29.24
29.91,-76.37,29.24
29.91,-76.35,29.16
29.91,-76.33,29.11
29.91,-76.31,29.12
29.91,-76.29,29.12
29.91,-76.27,29.1
29.91,-76.25,29.1
29.91,-76.23,29.11
29.91,-76.21,29.12
29.91,-76.19,29.15
29.91,-76.17,29.18
29.91,-76.15,29.12
29.91,-76.13,29.14
29.91,-76.11,29.19
29.91,-76.09,29.19
29.91,-76.07,29.25
29.91,-76.05,29.24
29.91,-76.03,29.24
29.91,-76.01,29.27
29.91,-75.99,29.31
29.91,-75.97,29.38
29.91,-75.95,29.16
29.91,-75.93,28.97
29.91,-75.91,29.25
29.91,-75.89,29.35
29.91,-75.87,29.44
29.91,-75.85,29.36
29.91,-75.83,29.41
29.91,-75.81,29.51
29.91,-75.79,29.47
29.91,-75.77,29.41
29.91,-75.75,29.35
29.91,-75.73,29.33
29.91,-75.71,29.33
29.91,-75.69,29.34
29.91,-75.67,29.32
29.91,-75.65,29.31
29.91,-75.63,29.21
29.91,-75.61,29.2
29.91,-75.59,29.21
29.91,-75.57,29.17
29.91,-75.55,29.17
29.91,-75.53,29.28
29.91,-75.51,29.29
29.91,-75.45,29.13
29.91,-75.43,29.22
29.91,-75.41,29.26
29.91,-75.39,29.26
29.91,-75.37,29.22
29.91,-75.35,29.23
29.91,-75.33,29.33
29.91,-75.31,29.29
29.91,-75.29,29.29
29.91,-75.27,29.27
29.91,-75.25,29.3
29.91,-75.23,29.32
29.89,-81.61,29.3
29.89,-81.59,29.32
29.89,-80.99,27.86
29.89,-80.97,27.91
29.89,-80.95,28.09
29.89,-80.93,28.2
29.89,-80.91,28.22
29.89,-80.89,28.23
29.89,-80.87,28.24
29.89,-80.83,28.28
29.89,-80.81,28.33
29.89,-80.79,28.33
29.89,-80.77,28.37
29.89,-80.75,28.51
29.89,-80.73,28.54
29.89,-80.71,28.56
29.89,-80.69,28.57
29.89,-80.67,28.53
29.89,-80.65,28.54
29.89,-80.63,28.46
29.89,-80.61,28.34
29.89,-80.59,28.38
29.89,-80.55,28.09
29.89,-80.51,28.09
29.89,-80.49,28.12
29.89,-80.47,28.21
29.89,-80.45,28.21
29.89,-80.43,28.16
29.89,-80.41,28.13
29.89,-80.39,28.13
29.89,-80.37,27.91
29.89,-80.35,27.89
29.89,-80.33,28.05
29.89,-80.31,28.27
29.89,-80.29,28.66
29.89,-80.27,28.83
29.89,-80.25,28.82
29.89,-80.23,28.51
29.89,-80.21,28.93
29.89,-80.19,29.47
29.89,-80.17,29.76
29.89,-80.15,29.93
29.89,-80.13,29.99
29.89,-80.11,30.01
29.89,-80.09,30.03
29.89,-79.89,29.74
29.89,-79.87,29.78
29.89,-79.85,29.79
29.89,-79.53,29.72
29.89,-79.51,29.73
29.89,-79.43,29.55
29.89,-79.39,29.76
29.89,-79.37,29.84
29.89,-79.35,29.57
29.89,-79.33,29.58
29.89,-79.25,29.34
29.89,-79.23,29.21
29.89,-79.15,29.56
29.89,-79.13,29.59
29.89,-78.93,29.45
29.89,-78.91,29.44
29.89,-78.89,29.5
29.89,-78.79,29.43
29.89,-78.77,29.6
29.89,-78.75,29.82
29.89,-78.73,29.96
29.89,-78.71,30.08
29.89,-78.65,29.68
29.89,-78.63,29.64
29.89,-78.61,29.49
29.89,-78.45,29.54
29.89,-78.33,29.55
29.89,-78.31,29.68
29.89,-78.23,29.43
29.89,-78.21,29.4
29.89,-78.17,29.52
29.89,-78.15,29.69
29.89,-78.13,29.68
29.89,-78.11,29.84
29.89,-78.09,29.78
29.89,-78.07,29.74
29.89,-78.05,29.66
29.89,-78.03,29.7
29.89,-78.01,29.59
29.89,-77.99,29.57
29.89,-77.97,29.6
29.89,-77.95,29.35
29.89,-77.93,29.21
29.89,-77.87,29.26
29.89,-77.85,29.31
29.89,-77.83,29.33
29.89,-77.75,29.33
29.89,-77.73,29.33
29.89,-77.71,29.42
29.89,-77.69,29.47
29.89,-77.67,29.45
29.89,-77.65,29.47
29.89,-77.63,29.44
29.89,-77.61,29.43
29.89,-77.59,29.47
29.89,-77.57,29.44
29.89,-77.55,29.44
29.89,-77.53,29.4
29.89,-77.51,29.31
29.89,-77.49,29.39
29.89,-77.47,29.36
29.89,-77.45,29.22
29.89,-77.43,29.24
29.89,-77.41,29.22
29.89,-77.27,29.33
29.89,-77.07,29.2
29.89,-77.05,29.3
29.89,-77.03,29.34
29.89,-77.01,29.47
29.89,-76.89,29.27
29.89,-76.81,29.25
29.89,-76.77,29.28
29.89,-76.75,29.28
29.89,-76.73,29.33
29.89,-76.71,29.24
29.89,-76.69,29.25
29.89,-76.67,29.27
29.89,-76.65,29.27
29.89,-76.55,29.24
29.89,-76.53,29.34
29.89,-76.51,29.33
29.89,-76.49,29.3
29.89,-76.47,29.3
29.89,-76.45,29.36
29.89,-76.43,29.4
29.89,-76.41,29.3
29.89,-76.39,29.21
29.89,-76.37,29.13
29.89,-76.31,29.1
29.89,-76.29,29.11
29.89,-76.27,29.07
29.89,-76.23,29.09
29.89,-76.21,29.14
29.89,-76.19,29.22
29.89,-76.17,29.26
29.89,-76.15,29.23
29.89,-76.13,29.15
29.89,-76.09,29.18
29.89,-76.07,29.17
29.89,-76.05,29.18
29.89,-76.03,29.28
29.89,-76.01,29.31
29.89,-75.99,29.33
29.89,-75.97,29.39
29.89,-75.95,29.36
29.89,-75.91,29.24
29.89,-75.89,29.3
29.89,-75.87,29.4
29.89,-75.85,29.44
29.89,-75.83,29.46
29.89,-75.81,29.38
29.89,-75.79,29.39
29.89,-75.77,29.36
29.89,-75.75,29.34
29.89,-75.73,29.41
29.89,-75.71,29.44
29.89,-75.69,29.39
29.89,-75.67,29.38
29.89,-75.65,29.38
29.89,-75.63,29.26
29.89,-75.61,29.27
29.89,-75.59,29.25
29.89,-75.57,29.37
29.89,-75.55,29.42
29.89,-75.53,29.42
29.89,-75.51,29.42
29.89,-75.49,29.35
29.89,-75.45,29.25
29.89,-75.43,29.3
29.89,-75.41,29.27
29.89,-75.39,29.43
29.89,-75.37,29.43
29.89,-75.35,29.34
29.89,-75.33,29.41
29.89,-75.31,29.34
29.89,-75.29,29.42
29.89,-75.27,29.43
29.89,-75.25,29.32
29.89,-75.23,29.32
29.89,-75.21,29.41
29.87,-81.61,29.29
29.87,-81.59,29.36
29.87,-80.99,27.8
29.87,-80.97,27.99
29.87,-80.95,28.08
29.87,-80.93,28.2
29.87,-80.91,28.24
29.87,-80.89,28.22
29.87,-80.87,28.23
29.87,-80.85,28.2
29.87,-80.83,28.22
29.87,-80.81,28.26
29.87,-80.79,28.37
29.87,-80.77,28.45
29.87,-80.75,28.45
29.87,-80.73,28.46
29.87,-80.71,28.47
29.87,-80.69,28.51
29.87,-80.67,28.42
29.87,-80.65,28.43
29.87,-80.63,28.4
29.87,-80.57,28.13
29.87,-80.55,28.17
29.87,-80.53,28.15
29.87,-80.51,28.23
29.87,-80.49,28.27
29.87,-80.47,28.16
29.87,-80.45,28.27
29.87,-80.43,28.19
29.87,-80.41,28.19
29.87,-80.39,28.14
29.87,-80.37,28.0
29.87,-80.35,27.86
29.87,-80.33,27.98
29.87,-80.31,28.4
29.87,-80.29,28.77
29.87,-80.27,28.91
29.87,-80.25,28.89
29.87,-80.23,28.51
29.87,-80.21,28.85
29.87,-80.19,29.65
29.87,-80.17,29.76
29.87,-80.15,29.88
29.87,-80.13,30.02
29.87,-80.11,30.03
29.87,-80.09,30.05
29.87,-80.03,29.92
29.87,-79.97,29.82
29.87,-79.95,29.8
29.87,-79.87,29.87
29.87,-79.79,30.04
29.87,-79.53,29.72
29.87,-79.51,29.57
29.87,-79.39,29.58
29.87,-79.37,29.62
29.87,-79.33,29.46
29.87,-79.31,29.41
29.87,-79.01,29.37
29.87,-78.97,29.47
29.87,-78.79,29.66
29.87,-78.77,29.62
29.87,-78.75,29.8
29.87,-78.73,29.83
29.87,-78.71,30.11
29.87,-78.65,29.73
29.87,-78.59,29.46
29.87,-78.57,29.35
29.87,-78.55,29.34
29.87,-78.53,29.31
29.87,-78.47,29.49
29.87,-78.45,29.52
29.87,-78.43,29.5
29.87,-78.33,29.42
29.87,-78.29,29.75
29.87,-78.17,29.59
29.87,-78.15,29.63
29.87,-78.13,29.68
29.87,-78.11,29.77
29.87,-78.09,29.78
29.87,-78.07,29.74
29.87,-78.05,29.72
29.87,-78.03,29.67
29.87,-78.01,29.63
29.87,-77.99,29.54
29.87,-77.97,29.35
29.87,-77.95,29.31
29.87,-77.83,29.35
29.87,-77.81,29.32
29.87,-77.77,29.4
29.87,-77.75,29.37
29.87,-77.73,29.32
29.87,-77.71,29.42
29.87,-77.69,29.49
29.87,-77.67,29.43
29.87,-77.65,29.46
29.87,-77.63,29.44
29.87,-77.61,29.37
29.87,-77.59,29.42
29.87,-77.57,29.43
29.87,-77.55,29.4
29.87,-77.53,29.19
29.87,-77.51,29.15
29.87,-77.49,29.23
29.87,-77.47,29.17
29.87,-77.27,29.36
29.87,-77.25,29.34
29.87,-77.05,29.31
29.87,-77.03,29.37
29.87,-77.01,29.45
29.87,-76.91,29.26
29.87,-76.89,29.25
29.87,-76.87,29.21
29.87,-76.85,29.2
29.87,-76.83,29.27
29.87,-76.81,29.26
29.87,-76.79,29.27
29.87,-76.77,29.42
29.87,-76.75,29.44
29.87,-76.73,29.37
29.87,-76.65,29.2
29.87,-76.57,29.18
29.87,-76.55,29.21
29.87,-76.53,29.27
29.87,-76.51,29.3
29.87,-76.49,29.35
29.87,-76.47,29.37
29.87,-76.45,29.35
29.87,-76.43,29.34
29.87,-76.41,29.33
29.87,-76.39,29.13
29.87,-76.37,28.98
29.87,-76.29,29.07
29.87,-76.23,29.26
29.87,-76.21,29.28
29.87,-76.19,29.3
29.87,-76.17,29.26
29.87,-76.15,29.26
29.87,-76.13,29.2
29.87,-76.11,29.21
29.87,-76.07,29.17
29.87,-76.05,29.17
29.87,-76.03,29.2
29.87,-76.01,29.32
29.87,-75.99,29.38
29.87,-75.97,29.36
29.87,-75.95,29.37
29.87,-75.93,29.32
29.87,-75.91,29.34
29.87,-75.89,29.33
29.87,-75.87,29.41
29.87,-75.85,29.43
29.87,-75.83,29.4
29.87,-75.81,29.35
29.87,-75.79,29.43
29.87,-75.77,29.46
29.87,-75.75,29.45
29.87,-75.73,29.51
29.87,-75.71,29.47
29.87,-75.69,29.41
29.87,-75.67,29.36
29.87,-75.65,29.39
29.87,-75.63,29.29
29.87,-75.61,29.32
29.87,-75.59,29.32
29.87,-75.57,29.31
29.87,-75.55,29.37
29.87,-75.53,29.45
29.87,-75.51,29.51
29.87,-75.49,29.51
29.87,-75.45,29.36
29.87,-75.43,29.41
29.87,-75.41,29.42
29.87,-75.39,29.47
29.87,-75.37,29.47
29.87,-75.35,29.48
29.87,-75.33,29.47
29.87,-75.31,29.44
29.87,-75.29,29.43
29.87,-75.27,29.44
29.87,-75.25,29.37
29.87,-75.23,29.4
29.87,-75.21,29.5
29.85,-81.59,29.37
29.85,-81.57,29.68
29.85,-81.01,27.72
29.85,-80.99,27.83
29.85,-80.97,27.95
29.85,-80.95,28.09
29.85,-80.93,28.12
29.85,-80.91,28.14
29.85,-80.89,28.18
29.85,-80.87,28.22
29.85,-80.85,28.19
29.85,-80.83,28.18
29.85,-80.81,28.21
29.85,-80.79,28.31
29.85,-80.77,28.35
29.85,-80.75,28.31
29.85,-80.71,28.35
29.85,-80.69,28.38
29.85,-80.59,28.11
29.85,-80.57,28.17
29.85,-80.55,28.23
29.85,-80.53,28.26
29.85,-80.51,28.27
29.85,-80.49,28.29
29.85,-80.47,28.18
29.85,-80.45,28.25
29.85,-80.43,28.28
29.85,-80.41,28.23
29.85,-80.39,28.17
29.85,-80.37,28.04
29.85,-80.35,27.94
29.85,-80.33,28.08
29.85,-80.31,28.48
29.85,-80.29,28.83
29.85,-80.27,28.87
29.85,-80.25,28.89
29.85,-80.23,28.47
29.85,-80.21,29.08
29.85,-80.19,29.65
29.85,-80.17,29.75
29.85,-80.15,29.91
29.85,-80.13,29.98
29.85,-80.11,30.12
29.85,-80.09,30.19
29.85,-79.95,29.72
29.85,-79.93,29.6
29.85,-79.81,30.11
29.85,-79.79,30.1
29.85,-79.55,29.8
29.85,-79.53,29.79
29.85,-79.51,29.67
29.85,-79.37,29.76
29.85,-79.35,29.8
29.85,-79.33,29.38
29.85,-79.21,29.41
29.85,-79.19,29.59
29.85,-79.11,29.64
29.85,-79.03,29.46
29.85,-78.99,29.41
29.85,-78.97,29.43
29.85,-78.95,29.46
29.85,-78.93,29.32
29.85,-78.81,29.44
29.85,-78.79,29.61
29.85,-78.77,29.68
29.85,-78.73,29.75
29.85,-78.71,29.79
29.85,-78.43,29.49
29.85,-78.41,29.53
29.85,-78.35,29.54
29.85,-78.23,29.69
29.85,-78.21,29.73
29.85,-78.19,29.7
29.85,-78.15,29.76
29.85,-78.13,29.78
29.85,-78.11,29.76
29.85,-78.09,29.74
29.85,-78.07,29.78
29.85,-78.05,29.73
29.85,-78.03,29.63
29.85,-78.01,29.57
29.85,-77.99,29.46
29.85,-77.97,29.35
29.85,-77.95,29.11
29.85,-77.81,29.34
29.85,-77.79,29.38
29.85,-77.77,29.45
29.85,-77.75,29.48
29.85,-77.73,29.49
29.85,-77.71,29.39
29.85,-77.69,29.46
29.85,-77.67,29.43
29.85,-77.65,29.4
29.85,-77.63,29.41
29.85,-77.61,29.35
29.85,-77.59,29.36
29.85,-77.57,29.33
29.85,-77.55,29.34
29.85,-77.53,29.13
29.85,-77.51,29.13
29.85,-77.49,29.13
29.85,-77.47,29.14
29.85,-77.39,29.42
29.85,-77.29,29.4
29.85,-77.27,29.39
29.85,-77.25,29.33
29.85,-77.23,29.35
29.85,-77.21,29.32
29.85,-77.19,29.29
29.85,-77.05,29.36
29.85,-77.03,29.38
29.85,-76.93,29.31
29.85,-76.91,29.3
29.85,-76.89,29.23
29.85,-76.87,29.23
29.85,-76.85,29.26
29.85,-76.83,29.29
29.85,-76.81,29.41
29.85,-76.79,29.51
29.85,-76.77,29.58
29.85,-76.75,29.7
29.85,-76.59,29.2
29.85,-76.57,29.2
29.85,-76.55,29.26
29.85,-76.53,29.23
29.85,-76.51,29.24
29.85,-76.49,29.29
29.85,-76.47,29.26
29.85,-76.45,29.3
29.85,-76.43,29.18
29.85,-76.41,29.17
29.85,-76.39,28.95
29.85,-76.37,28.86
29.85,-76.35,28.69
29.85,-76.31,28.85
29.85,-76.29,28.93
29.85,-76.27,29.02
29.85,-76.25,29.19
29.85,-76.23,29.24
29.85,-76.21,29.28
29.85,-76.19,29.25
29.85,-76.17,29.29
29.85,-76.15,29.26
29.85,-76.13,29.26
29.85,-76.11,29.24
29.85,-75.99,29.35
29.85,-75.97,29.32
29.85,-75.95,29.31
29.85,-75.93,29.28
29.85,-75.91,29.3
29.85,-75.89,29.36
29.85,-75.87,29.47
29.85,-75.85,29.45
29.85,-75.83,29.45
29.85,-75.81,29.46
29.85,-75.79,29.43
29.85,-75.77,29.44
29.85,-75.75,29.43
29.85,-75.73,29.48
29.85,-75.71,29.39
29.85,-75.69,29.4
29.85,-75.67,29.44
29.85,-75.65,29.33
29.85,-75.63,29.26
29.85,-75.61,29.27
29.85,-75.59,29.28
29.85,-75.57,29.31
29.85,-75.55,29.34
29.85,-75.53,29.41
29.85,-75.51,29.63
29.85,-75.49,29.63
29.85,-75.45,29.33
29.85,-75.43,29.32
29.85,-75.41,29.38
29.85,-75.39,29.42
29.85,-75.37,29.41
29.85,-75.35,29.45
29.85,-75.33,29.42
29.85,-75.31,29.44
29.85,-75.29,29.49
29.85,-75.27,29.51
29.85,-75.25,29.52
29.85,-75.23,29.52
29.85,-75.21,29.68
29.83,-81.59,29.39
29.83,-81.57,29.53
29.83,-81.03,27.51
29.83,-81.01,27.65
29.83,-80.99,27.85
29.83,-80.97,27.96
29.83,-80.95,27.99
29.83,-80.93,28.02
29.83,-80.91,28.07
29.83,-80.89,28.03
29.83,-80.87,28.05
29.83,-80.85,28.17
29.83,-80.83,28.15
29.83,-80.81,28.15
29.83,-80.79,28.13
29.83,-80.77,28.29
29.83,-80.75,28.32
29.83,-80.73,28.3
29.83,-80.71,28.27
29.83,-80.69,28.16
29.83,-80.63,27.84
29.83,-80.61,27.91
29.83,-80.59,27.97
29.83,-80.57,28.21
29.83,-80.55,28.23
29.83,-80.53,28.24
29.83,-80.51,28.26
29.83,-80.49,28.18
29.83,-80.47,28.02
29.83,-80.45,28.19
29.83,-80.43,28.25
29.83,-80.41,28.22
29.83,-80.39,28.13
29.83,-80.37,27.96
29.83,-80.35,27.81
29.83,-80.33,27.97
29.83,-80.31,28.46
29.83,-80.29,28.82
29.83,-80.27,28.91
29.83,-80.25,28.9
29.83,-80.23,28.6
29.83,-80.21,29.09
29.83,-80.19,29.59
29.83,-80.17,29.82
29.83,-80.15,29.91
29.83,-80.13,30.0
29.83,-80.11,30.02
29.83,-80.09,30.12
29.83,-80.05,29.85
29.83,-79.95,29.64
29.83,-79.93,29.62
29.83,-79.91,29.72
29.83,-79.89,29.89
29.83,-79.73,30.01
29.83,-79.71,30.01
29.83,-79.61,29.61
29.83,-79.59,29.61
29.83,-79.57,29.69
29.83,-79.53,29.79
29.83,-79.51,29.8
29.83,-79.41,29.54
29.83,-79.23,29.52
29.83,-79.21,29.42
29.83,-79.19,29.62
29.83,-79.17,29.7
29.83,-79.03,29.36
29.83,-78.99,29.3
29.83,-78.97,29.34
29.83,-78.93,29.28
29.83,-78.91,29.29
29.83,-78.83,29.37
29.83,-78.81,29.38
29.83,-78.79,29.53
29.83,-78.77,29.6
29.83,-78.75,29.68
29.83,-78.73,29.75
29.83,-78.71,29.82
29.83,-78.69,29.82
29.83,-78.67,29.85
29.83,-78.57,29.7
29.83,-78.43,29.74
29.83,-78.41,29.74
29.83,-78.39,29.59
29.83,-78.37,29.56
29.83,-78.27,29.45
29.83,-78.25,29.47
29.83,-78.23,29.53
29.83,-78.21,29.72
29.83,-78.19,29.73
29.83,-78.17,29.71
29.83,-78.15,29.74
29.83,-78.13,29.67
29.83,-78.11,29.79
29.83,-78.09,29.73
29.83,-78.07,29.75
29.83,-78.05,29.72
29.83,-78.03,29.59
29.83,-78.01,29.48
29.83,-77.99,29.45
29.83,-77.97,29.42
29.83,-77.85,29.34
29.83,-77.83,29.32
29.83,-77.81,29.38
29.83,-77.79,29.37
29.83,-77.77,29.31
29.83,-77.75,29.44
29.83,-77.73,29.39
29.83,-77.71,29.38
29.83,-77.69,29.45
29.83,-77.67,29.4
29.83,-77.65,29.34
29.83,-77.63,29.38
29.83,-77.61,29.31
29.83,-77.59,29.35
29.83,-77.57,29.28
29.83,-77.55,29.29
29.83,-77.53,29.3
29.83,-77.51,29.24
29.83,-77.49,29.29
29.83,-77.47,29.19
29.83,-77.27,29.37
29.83,-77.25,29.33
29.83,-77.23,29.37
29.83,-77.21,29.36
29.83,-77.19,29.35
29.83,-77.17,29.39
29.83,-77.07,29.38
29.83,-77.05,29.38
29.83,-77.03,29.38
29.83,-76.93,29.28
29.83,-76.91,29.27
29.83,-76.89,29.19
29.83,-76.87,29.21
29.83,-76.85,29.31
29.83,-76.83,29.47
29.83,-76.81,29.52
29.83,-76.79,29.54
29.83,-76.77,29.64
29.83,-76.75,29.91
29.83,-76.59,29.21
29.83,-76.57,29.21
29.83,-76.55,29.23
29.83,-76.53,29.23
29.83,-76.51,29.2
29.83,-76.49,29.16
29.83,-76.47,29.18
29.83,-76.45,29.2
29.83,-76.43,29.12
29.83,-76.41,29.02
29.83,-76.39,28.98
29.83,-76.37,28.93
29.83,-76.35,28.75
29.83,-76.31,28.79
29.83,-76.29,28.92
29.83,-76.27,29.06
29.83,-76.25,29.14
29.83,-76.23,29.17
29.83,-76.21,29.17
29.83,-76.19,29.18
29.83,-76.17,29.22
29.83,-76.15,29.21
29.83,-76.13,29.18
29.83,-76.11,29.25
29.83,-76.09,29.31
29.83,-76.07,29.24
29.83,-76.05,29.28
29.83,-76.03,29.19
29.83,-76.01,29.17
29.83,-75.99,29.12
29.83,-75.97,29.21
29.83,-75.95,29.33
29.83,-75.93,29.32
29.83,-75.91,29.35
29.83,-75.89,29.37
29.83,-75.87,29.49
29.83,-75.85,29.47
29.83,-75.83,29.45
29.83,-75.81,29.39
29.83,-75.79,29.37
29.83,-75.77,29.36
29.83,-75.75,29.43
29.83,-75.73,29.45
29.83,-75.71,29.37
29.83,-75.69,29.33
29.83,-75.67,29.29
29.83,-75.65,29.28
29.83,-75.63,29.33
29.83,-75.61,29.29
29.83,-75.59,29.33
29.83,-75.57,29.31
29.83,-75.55,29.3
29.83,-75.53,29.39
29.83,-75.51,29.78
29.83,-75.49,29.75
29.83,-75.43,29.35
29.83,-75.41,29.37
29.83,-75.39,29.43
29.83,-75.37,29.47
29.83,-75.35,29.42
29.83,-75.33,29.41
29.83,-75.31,29.54
29.83,-75.29,29.56
29.83,-75.27,29.61
29.83,-75.25,29.66
29.83,-75.23,29.81
29.83,-75.21,29.81
29.81,-81.57,29.57
29.81,-81.55,29.55
29.81,-81.29,28.31
29.81,-81.03,27.51
29.81,-81.01,27.58
29.81,-80.99,27.82
29.81,-80.97,27.86
29.81,-80.95,27.81
29.81,-80.93,27.82
29.81,-80.91,27.89
29.81,-80.89,27.78
29.81,-80.87,27.96
29.81,-80.85,28.09
29.81,-80.83,28.13
29.81,-80.81,28.12
29.81,-80.79,28.09
29.81,-80.77,28.22
29.81,-80.75,28.29
29.81,-80.73,28.22
29.81,-80.71,28.11
29.81,-80.69,28.05
29.81,-80.67,27.96
29.81,-80.65,27.87
29.81,-80.63,27.86
29.81,-80.61,27.91
29.81,-80.59,28.09
29.81,-80.57,28.2
29.81,-80.55,28.24
29.81,-80.53,28.23
29.81,-80.51,28.25
29.81,-80.49,28.25
29.81,-80.47,28.06
29.81,-80.45,28.19
29.81,-80.43,28.3
29.81,-80.41,28.26
29.81,-80.39,28.02
29.81,-80.37,27.89
29.81,-80.35,27.82
29.81,-80.33,28.1
29.81,-80.31,28.54
29.81,-80.29,28.8
29.81,-80.27,28.86
29.81,-80.25,28.91
29.81,-80.23,28.48
29.81,-80.21,28.99
29.81,-80.19,29.64
29.81,-80.17,29.8
29.81,-80.15,29.89
29.81,-80.13,30.03
29.81,-80.11,30.01
29.81,-80.09,30.05
29.81,-79.97,29.75
29.81,-79.93,29.86
29.81,-79.91,29.94
29.81,-79.89,29.97
29.81,-79.87,30.08
29.81,-79.79,29.99
29.81,-79.61,29.68
29.81,-79.59,29.51
29.81,-79.57,29.51
29.81,-79.51,29.83
29.81,-79.21,29.44
29.81,-79.19,29.63
29.81,-79.17,29.64
29.81,-79.15,29.54
29.81,-79.03,29.32
29.81,-79.01,29.26
29.81,-78.99,29.21
29.81,-78.95,29.26
29.81,-78.91,29.3
29.81,-78.83,29.4
29.81,-78.81,29.42
29.81,-78.79,29.39
29.81,-78.77,29.6
29.81,-78.75,29.75
29.81,-78.73,29.75
29.81,-78.69,29.73
29.81,-78.67,29.82
29.81,-78.65,29.91
29.81,-78.57,29.71
29.81,-78.37,29.53
29.81,-78.35,29.52
29.81,-78.31,29.54
29.81,-78.29,29.54
29.81,-78.27,29.51
29.81,-78.25,29.57
29.81,-78.23,29.67
29.81,-78.21,29.69
29.81,-78.19,29.72
29.81,-78.17,29.69
29.81,-78.15,29.62
29.81,-78.13,29.78
29.81,-78.11,29.78
29.81,-78.09,29.7
29.81,-78.07,29.72
29.81,-78.05,29.57
29.81,-78.03,29.52
29.81,-78.01,29.43
29.81,-77.99,29.39
29.81,-77.91,29.33
29.81,-77.85,29.35
29.81,-77.83,29.33
29.81,-77.81,29.38
29.81,-77.79,29.4
29.81,-77.77,29.2
29.81,-77.75,29.42
29.81,-77.73,29.44
29.81,-77.71,29.42
29.81,-77.69,29.5
29.81,-77.67,29.39
29.81,-77.65,29.39
29.81,-77.63,29.33
29.81,-77.61,29.22
29.81,-77.59,29.19
29.81,-77.57,29.28
29.81,-77.55,29.26
29.81,-77.53,29.29
29.81,-77.51,29.34
29.81,-77.49,29.37
29.81,-77.27,29.42
29.81,-77.25,29.34
29.81,-77.23,29.43
29.81,-77.21,29.45
29.81,-77.19,29.42
29.81,-77.17,29.4
29.81,-76.87,29.27
29.81,-76.85,29.32
29.81,-76.83,29.48
29.81,-76.81,29.66
29.81,-76.79,29.84
29.81,-76.61,29.17
29.81,-76.59,29.22
29.81,-76.57,29.25
29.81,-76.55,29.33
29.81,-76.53,29.2
29.81,-76.51,29.18
29.81,-76.49,29.16
29.81,-76.47,29.17
29.81,-76.45,29.03
29.81,-76.43,29.05
29.81,-76.41,29.0
29.81,-76.39,28.97
29.81,-76.37,28.8
29.81,-76.35,28.81
29.81,-76.33,28.99
29.81,-76.31,28.96
29.81,-76.29,28.99
29.81,-76.27,29.15
29.81,-76.25,29.18
29.81,-76.23,29.23
29.81,-76.21,29.21
29.81,-76.19,29.19
29.81,-76.17,29.2
29.81,-76.15,29.3
29.81,-76.13,29.23
29.81,-76.11,29.28
29.81,-76.09,29.36
29.81,-76.07,29.35
29.81,-76.05,29.36
29.81,-76.03,29.33
29.81,-76.01,29.17
29.81,-75.99,29.15
29.81,-75.97,29.23
29.81,-75.95,29.3
29.81,-75.93,29.26
29.81,-75.91,29.24
29.81,-75.89,29.37
29.81,-75.87,29.43
29.81,-75.85,29.39
29.81,-75.83,29.36
29.81,-75.81,29.4
29.81,-75.79,29.39
29.81,-75.77,29.41
29.81,-75.75,29.39
29.81,-75.73,29.4
29.81,-75.71,29.48
29.81,-75.69,29.4
29.81,-75.67,29.37
29.81,-75.65,29.33
29.81,-75.63,29.35
29.81,-75.61,29.28
29.81,-75.59,29.29
29.81,-75.57,29.32
29.81,-75.55,29.31
29.81,-75.53,29.36
29.81,-75.51,29.76
29.81,-75.49,29.76
29.81,-75.43,29.3
29.81,-75.41,29.34
29.81,-75.39,29.37
29.81,-75.37,29.39
29.81,-75.35,29.46
29.81,-75.33,29.44
29.81,-75.31,29.55
29.81,-75.29,29.59
29.81,-75.27,29.67
29.81,-75.25,29.8
