lat,lon,sst
27.47,-79.95,30.0
27.47,-79.93,30.09
27.47,-79.91,30.21
27.47,-79.89,30.1
27.47,-79.87,30.07
27.47,-79.85,30.08
27.47,-79.83,30.08
27.47,-79.81,30.13
27.47,-79.79,30.24
27.47,-79.73,30.15
27.47,-79.71,30.14
27.47,-79.69,30.09
27.47,-79.67,30.11
27.47,-79.65,30.14
27.47,-79.57,30.17
27.47,-79.55,30.21
27.47,-79.53,30.22
27.47,-79.51,30.37
27.47,-79.49,30.31
27.47,-79.47,30.3
27.47,-79.45,30.29
27.47,-79.43,30.22
27.47,-79.41,30.24
27.47,-79.39,30.19
27.47,-79.37,30.14
27.47,-79.35,30.11
27.47,-79.33,30.09
27.47,-79.13,30.22
27.47,-79.11,30.21
27.47,-79.09,30.19
27.47,-79.07,30.18
27.47,-79.05,30.24
27.47,-79.03,30.36
27.47,-79.01,30.43
27.45,-79.95,30.05
27.45,-79.93,30.1
27.45,-79.91,30.15
27.45,-79.89,30.1
27.45,-79.87,30.07
27.45,-79.85,30.09
27.45,-79.83,30.08
27.45,-79.81,30.1
27.45,-79.79,30.19
27.45,-79.73,30.26
27.45,-79.71,30.19
27.45,-79.69,30.14
27.45,-79.59,30.12
27.45,-79.57,30.14
27.45,-79.55,30.2
27.45,-79.53,30.27
27.45,-79.51,30.32
27.45,-79.49,30.29
27.45,-79.47,30.28
27.45,-79.45,30.31
27.45,-79.43,30.21
27.45,-79.41,30.2
27.45,-79.39,30.17
27.45,-79.37,30.14
27.45,-79.35,30.12
27.45,-79.33,30.13
27.45,-79.31,30.15
27.45,-79.11,30.22
27.45,-79.05,30.25
27.45,-79.03,30.4
27.45,-79.01,30.44
27.43,-79.95,30.02
27.43,-79.93,30.06
27.43,-79.91,30.16
27.43,-79.89,30.1
27.43,-79.87,30.09
27.43,-79.85,30.11
27.43,-79.83,30.06
27.43,-79.81,30.1
27.43,-79.79,30.14
27.43,-79.77,30.2
27.43,-79.73,30.19
27.43,-79.71,30.22
27.43,-79.69,30.24
27.43,-79.63,30.13
27.43,-79.59,30.14
27.43,-79.57,30.13
27.43,-79.53,30.26
27.43,-79.51,30.16
27.43,-79.49,30.19
27.43,-79.47,30.2
27.43,-79.45,30.23
27.43,-79.43,30.18
27.43,-79.41,30.18
27.43,-79.39,30.17
27.43,-79.37,30.16
27.43,-79.35,30.13
27.43,-79.33,30.15
27.43,-79.31,30.17
27.43,-79.29,30.2
27.43,-79.19,30.27
27.43,-79.17,30.27
27.43,-79.11,30.23
27.41,-79.95,30.08
27.41,-79.93,30.1
27.41,-79.91,30.19
27.41,-79.89,30.16
27.41,-79.87,30.1
27.41,-79.85,30.07
27.41,-79.83,30.08
27.41,-79.81,30.14
27.41,-79.79,30.24
27.41,-79.77,30.24
27.41,-79.75,30.23
27.41,-79.73,30.16
27.41,-79.71,30.14
27.41,-79.69,30.08
27.41,-79.67,30.07
27.41,-79.65,30.13
27.41,-79.49,30.14
27.41,-79.47,30.14
27.41,-79.43,30.14
27.41,-79.41,30.13
27.41,-79.39,30.15
27.41,-79.37,30.17
27.41,-79.35,30.19
27.41,-79.33,30.22
27.41,-79.31,30.23
27.41,-79.29,30.21
27.39,-79.95,30.22
27.39,-79.93,30.23
27.39,-79.91,30.24
27.39,-79.89,30.19
27.39,-79.87,30.13
27.39,-79.85,30.13
27.39,-79.83,30.16
27.39,-79.81,30.28
27.39,-79.79,30.21
27.39,-79.77,30.19
27.39,-79.73,30.12
27.39,-79.71,30.11
27.39,-79.69,30.12
27.39,-79.67,30.09
27.39,-79.65,30.13
27.39,-79.63,30.14
27.39,-79.47,29.74
27.39,-79.41,30.14
27.39,-79.39,30.2
27.39,-79.37,30.32
27.39,-79.35,30.33
27.39,-79.33,30.28
27.39,-79.31,30.2
27.37,-79.95,30.41
27.37,-79.93,30.41
27.37,-79.91,30.24
27.37,-79.89,30.13
27.37,-79.87,30.1
27.37,-79.85,30.22
27.37,-79.83,30.27
27.37,-79.81,30.33
27.37,-79.79,30.26
27.37,-79.77,30.19
27.37,-79.75,30.21
27.37,-79.73,30.16
27.37,-79.71,30.13
27.37,-79.69,30.19
27.37,-79.67,30.14
27.37,-79.65,30.16
27.37,-79.63,30.12
27.37,-79.61,30.09
27.37,-79.59,29.96
27.37,-79.57,29.9
27.37,-79.55,29.89
27.37,-79.53,29.85
27.37,-79.51,29.88
27.37,-79.49,29.81
27.37,-79.47,29.75
27.37,-79.45,29.78
27.37,-79.43,30.03
27.37,-79.41,30.2
27.37,-79.39,30.29
27.37,-79.37,30.42
27.37,-79.35,30.34
27.37,-79.33,30.26
27.37,-79.31,30.18
27.37,-78.27,30.28
27.37,-78.21,30.22
27.37,-78.19,30.2
27.35,-79.95,30.4
27.35,-79.93,30.45
27.35,-79.91,30.4
27.35,-79.89,30.3
27.35,-79.87,30.18
27.35,-79.85,30.21
27.35,-79.83,30.29
27.35,-79.81,30.3
27.35,-79.79,30.27
27.35,-79.77,30.26
27.35,-79.75,30.28
27.35,-79.73,30.26
27.35,-79.71,30.29
27.35,-79.69,30.28
27.35,-79.67,30.21
27.35,-79.65,30.21
27.35,-79.63,30.21
27.35,-79.61,30.19
27.35,-79.59,30.03
27.35,-79.57,29.93
27.35,-79.55,29.91
27.35,-79.53,29.91
27.35,-79.51,29.89
27.35,-79.49,29.85
27.35,-79.47,29.84
27.35,-79.45,29.99
27.35,-79.43,30.1
27.35,-79.41,30.19
27.35,-79.39,30.29
27.35,-79.37,30.38
27.35,-79.35,30.34
27.35,-78.27,30.28
27.35,-78.25,30.27
27.35,-78.23,30.26
27.33,-79.99,30.03
27.33,-79.97,30.11
27.33,-79.95,30.4
27.33,-79.93,30.49
27.33,-79.91,30.57
27.33,-79.89,30.43
27.33,-79.87,30.36
27.33,-79.85,30.25
27.33,-79.83,30.31
27.33,-79.81,30.31
27.33,-79.79,30.29
27.33,-79.77,30.32
27.33,-79.75,30.34
27.33,-79.73,30.31
27.33,-79.71,30.29
27.33,-79.69,30.26
27.33,-79.67,30.29
27.33,-79.65,30.32
27.33,-79.63,30.28
27.33,-79.61,30.3
27.33,-79.59,30.21
27.33,-79.57,30.12
27.33,-79.55,30.03
27.33,-79.53,30.08
27.33,-79.51,30.01
27.33,-79.49,29.98
27.33,-79.47,30.12
27.33,-79.45,30.21
27.33,-79.43,30.19
27.33,-79.41,30.2
27.33,-79.39,30.18
27.33,-79.37,30.27
27.33,-79.35,30.19
27.31,-79.99,29.99
27.31,-79.97,30.06
27.31,-79.95,30.33
27.31,-79.93,30.46
27.31,-79.91,30.49
27.31,-79.89,30.48
27.31,-79.87,30.45
27.31,-79.85,30.38
27.31,-79.83,30.45
27.31,-79.81,30.44
27.31,-79.79,30.37
27.31,-79.77,30.38
27.31,-79.75,30.4
27.31,-79.73,30.38
27.31,-79.71,30.35
27.31,-79.69,30.35
27.31,-79.67,30.38
27.31,-79.65,30.4
27.31,-79.63,30.33
27.31,-79.61,30.32
27.31,-79.59,30.25
27.31,-79.57,30.22
27.31,-79.55,30.18
27.31,-79.53,30.14
27.31,-79.51,30.18
27.31,-79.49,30.28
27.31,-79.47,30.26
27.31,-79.45,30.32
27.31,-79.43,30.38
27.31,-79.41,30.31
27.31,-79.39,30.31
27.31,-79.37,30.3
27.31,-79.35,30.2
27.29,-80.01,29.95
27.29,-79.99,29.95
27.29,-79.97,30.06
27.29,-79.95,30.26
27.29,-79.93,30.44
27.29,-79.91,30.4
27.29,-79.89,30.45
27.29,-79.87,30.51
27.29,-79.85,30.62
27.29,-79.83,30.61
27.29,-79.81,30.56
27.29,-79.79,30.48
27.29,-79.77,30.46
27.29,-79.75,30.48
27.29,-79.73,30.5
27.29,-79.71,30.5
27.29,-79.69,30.5
27.29,-79.67,30.46
27.29,-79.65,30.46
27.29,-79.63,30.45
27.29,-79.61,30.39
27.29,-79.59,30.3
27.29,-79.57,30.32
27.29,-79.55,30.38
27.29,-79.53,30.31
27.29,-79.51,30.3
27.29,-79.49,30.4
27.29,-79.47,30.42
27.29,-79.45,30.36
27.29,-79.43,30.34
27.29,-79.41,30.32
27.29,-79.39,30.35
27.29,-79.37,30.35
27.29,-79.35,30.27
27.29,-79.33,30.15
27.29,-79.11,30.48
27.29,-79.09,30.54
27.27,-80.03,29.98
27.27,-80.01,29.99
27.27,-79.99,30.06
27.27,-79.97,30.06
27.27,-79.95,30.25
27.27,-79.91,30.47
27.27,-79.89,30.52
27.27,-79.87,30.59
27.27,-79.85,30.7
27.27,-79.83,30.57
27.27,-79.81,30.55
27.27,-79.79,30.53
27.27,-79.77,30.54
27.27,-79.75,30.65
27.27,-79.73,30.63
27.27,-79.71,30.62
27.27,-79.69,30.59
27.27,-79.67,30.55
27.27,-79.65,30.52
27.27,-79.63,30.51
27.27,-79.61,30.5
27.27,-79.59,30.44
27.27,-79.57,30.41
27.27,-79.55,30.43
27.27,-79.53,30.42
27.27,-79.51,30.46
27.27,-79.49,30.53
27.27,-79.47,30.46
27.27,-79.45,30.38
27.27,-79.43,30.35
27.27,-79.41,30.37
27.27,-79.39,30.27
27.27,-79.37,30.17
27.27,-79.35,30.2
27.27,-79.33,30.16
27.27,-79.31,30.12
27.27,-79.11,30.46
27.27,-79.09,30.49
27.27,-79.07,30.57
27.25,-80.03,30.03
27.25,-80.01,30.1
27.25,-79.99,30.14
27.25,-79.97,30.08
27.25,-79.95,30.21
27.25,-79.91,30.57
27.25,-79.89,30.62
27.25,-79.87,30.63
27.25,-79.85,30.71
27.25,-79.83,30.72
27.25,-79.81,30.61
27.25,-79.79,30.63
27.25,-79.77,30.61
27.25,-79.75,30.69
27.25,-79.73,30.73
27.25,-79.71,30.69
27.25,-79.69,30.61
27.25,-79.67,30.56
27.25,-79.65,30.57
27.25,-79.63,30.58
27.25,-79.61,30.58
27.25,-79.59,30.57
27.25,-79.57,30.56
27.25,-79.55,30.54
27.25,-79.53,30.52
27.25,-79.51,30.53
27.25,-79.49,30.53
27.25,-79.47,30.43
27.25,-79.45,30.34
27.25,-79.43,30.27
27.25,-79.41,30.24
27.25,-79.39,30.24
27.25,-79.37,30.17
27.25,-79.35,30.22
27.25,-79.33,30.18
27.25,-79.31,30.12
27.25,-79.09,30.42
27.25,-79.07,30.53
27.25,-79.05,30.49
27.23,-80.01,30.18
27.23,-79.99,30.2
27.23,-79.89,30.6
27.23,-79.87,30.62
27.23,-79.85,30.68
27.23,-79.83,30.72
27.23,-79.81,30.72
27.23,-79.79,30.67
27.23,-79.77,30.66
27.23,-79.75,30.69
27.23,-79.73,30.73
27.23,-79.71,30.74
27.23,-79.69,30.68
27.23,-79.67,30.58
27.23,-79.65,30.58
27.23,-79.63,30.6
27.23,-79.61,30.64
27.23,-79.59,30.67
27.23,-79.57,30.67
27.23,-79.55,30.63
27.23,-79.53,30.62
27.23,-79.51,30.51
27.23,-79.49,30.45
27.23,-79.47,30.24
27.23,-79.45,30.3
27.23,-79.43,30.23
27.23,-79.41,30.21
27.23,-79.39,30.18
27.23,-79.37,30.2
27.23,-79.35,30.25
27.23,-79.33,30.13
27.23,-78.99,30.54
27.21,-80.01,30.17
27.21,-79.99,30.2
27.21,-79.87,30.58
27.21,-79.85,30.62
27.21,-79.83,30.7
27.21,-79.81,30.73
27.21,-79.79,30.74
27.21,-79.77,30.69
27.21,-79.75,30.69
27.21,-79.73,30.69
27.21,-79.71,30.73
27.21,-79.69,30.69
27.21,-79.67,30.64
27.21,-79.65,30.64
27.21,-79.63,30.66
27.21,-79.61,30.75
27.21,-79.59,30.75
27.21,-79.57,30.74
27.21,-79.55,30.69
27.21,-79.53,30.69
27.21,-79.51,30.6
27.21,-79.49,30.3
27.21,-79.47,30.31
27.21,-79.45,30.33
27.21,-79.43,30.32
27.21,-79.41,30.26
27.21,-79.39,30.22
27.21,-79.37,30.24
27.21,-79.35,30.27
27.21,-79.33,30.17
27.21,-79.25,30.22
27.21,-79.23,30.21
27.21,-78.99,30.55
27.19,-79.99,30.22
27.19,-79.85,30.6
27.19,-79.83,30.62
27.19,-79.81,30.65
27.19,-79.79,30.65
27.19,-79.77,30.66
27.19,-79.75,30.71
27.19,-79.73,30.76
27.19,-79.71,30.75
27.19,-79.69,30.73
27.19,-79.67,30.78
27.19,-79.65,30.69
27.19,-79.63,30.7
27.19,-79.61,30.76
27.19,-79.59,30.75
27.19,-79.57,30.74
27.19,-79.55,30.68
27.19,-79.53,30.61
27.19,-79.51,30.59
27.19,-79.49,30.47
27.19,-79.47,30.4
27.19,-79.45,30.43
27.19,-79.43,30.38
27.19,-79.41,30.32
27.19,-79.39,30.33
27.19,-79.37,30.25
27.19,-79.35,30.23
27.19,-79.33,30.12
27.19,-79.31,29.91
27.19,-79.29,29.89
27.19,-79.27,30.03
27.19,-79.25,30.18
27.19,-79.23,30.23
27.19,-79.21,30.24
27.17,-79.83,30.52
27.17,-79.81,30.59
27.17,-79.79,30.62
27.17,-79.77,30.7
27.17,-79.75,30.75
27.17,-79.73,30.81
27.17,-79.71,30.76
27.17,-79.69,30.79
27.17,-79.67,30.84
27.17,-79.65,30.78
27.17,-79.63,30.65
27.17,-79.61,30.7
27.17,-79.59,30.75
27.17,-79.57,30.68
27.17,-79.55,30.61
27.17,-79.53,30.59
27.17,-79.51,30.63
27.17,-79.49,30.5
27.17,-79.47,30.46
27.17,-79.45,30.36
27.17,-79.43,30.3
27.17,-79.41,30.36
27.17,-79.39,30.41
27.17,-79.37,30.24
27.17,-79.35,30.25
27.17,-79.33,30.01
27.17,-79.31,29.9
27.17,-79.29,29.89
27.17,-79.27,30.01
27.17,-79.25,30.15
27.17,-79.23,30.2
27.17,-79.21,30.22
27.17,-79.19,30.09
27.17,-79.15,30.18
27.15,-79.83,30.47
27.15,-79.81,30.52
27.15,-79.79,30.7
27.15,-79.77,30.84
27.15,-79.75,30.86
27.15,-79.73,30.84
27.15,-79.71,30.76
27.15,-79.69,30.72
27.15,-79.67,30.89
27.15,-79.65,30.85
27.15,-79.63,30.64
27.15,-79.61,30.67
27.15,-79.59,30.71
27.15,-79.57,30.67
27.15,-79.55,30.6
27.15,-79.53,30.59
27.15,-79.51,30.64
27.15,-79.49,30.54
27.15,-79.47,30.47
27.15,-79.45,30.39
27.15,-79.43,30.34
27.15,-79.41,30.24
27.15,-79.39,30.27
27.15,-79.37,30.26
27.15,-79.33,29.93
27.15,-79.31,30.03
27.15,-79.29,30.03
27.15,-79.27,30.09
27.15,-79.25,30.22
27.15,-79.23,30.24
27.15,-79.21,30.04
27.15,-79.19,29.95
27.15,-79.15,30.19
27.13,-79.95,30.33
27.13,-79.83,30.53
27.13,-79.81,30.54
27.13,-79.79,30.77
27.13,-79.77,30.87
27.13,-79.75,30.93
27.13,-79.73,30.91
27.13,-79.71,30.83
27.13,-79.69,30.79
27.13,-79.67,30.88
27.13,-79.65,30.75
27.13,-79.63,30.58
27.13,-79.61,30.6
27.13,-79.59,30.68
27.13,-79.57,30.63
27.13,-79.55,30.63
27.13,-79.53,30.62
27.13,-79.51,30.57
27.13,-79.49,30.55
27.13,-79.47,30.53
27.13,-79.45,30.42
27.13,-79.43,30.3
27.13,-79.35,29.9
27.13,-79.33,29.92
27.13,-79.31,30.08
27.13,-79.29,30.17
27.13,-79.27,30.24
27.13,-79.25,30.26
27.13,-79.23,30.25
27.13,-79.21,30.08
27.13,-79.19,30.0
27.13,-79.15,30.22
27.13,-79.13,30.24
27.11,-79.85,30.68
27.11,-79.83,30.72
27.11,-79.81,30.74
27.11,-79.79,30.76
27.11,-79.77,30.86
27.11,-79.75,30.89
27.11,-79.73,30.94
27.11,-79.71,30.86
27.11,-79.69,30.85
27.11,-79.67,30.83
27.11,-79.65,30.71
27.11,-79.63,30.64
27.11,-79.61,30.6
27.11,-79.59,30.63
27.11,-79.57,30.63
27.11,-79.55,30.68
27.11,-79.53,30.62
27.11,-79.51,30.57
27.11,-79.49,30.59
27.11,-79.47,30.56
27.11,-79.45,30.5
27.11,-79.43,30.37
27.11,-79.41,30.37
27.11,-79.33,30.03
27.11,-79.31,30.27
27.11,-79.29,30.29
27.11,-79.27,30.3
27.11,-79.25,30.3
27.11,-79.23,30.24
27.11,-79.21,30.12
27.11,-79.19,30.03
27.09,-79.87,30.64
27.09,-79.85,30.67
27.09,-79.83,30.75
27.09,-79.81,30.77
27.09,-79.79,30.81
27.09,-79.77,30.84
27.09,-79.75,30.89
27.09,-79.73,30.93
27.09,-79.71,30.85
27.09,-79.69,30.79
27.09,-79.67,30.78
27.09,-79.65,30.72
27.09,-79.63,30.69
27.09,-79.61,30.61
27.09,-79.59,30.6
27.09,-79.57,30.68
27.09,-79.55,30.7
27.09,-79.53,30.65
27.09,-79.51,30.62
27.09,-79.49,30.56
27.09,-79.47,30.6
27.09,-79.45,30.53
27.09,-79.43,30.43
27.09,-79.41,30.39
27.09,-79.33,30.24
27.09,-79.31,30.3
27.09,-79.29,30.34
27.09,-79.27,30.29
27.09,-79.25,30.28
27.09,-79.23,30.2
27.09,-79.21,30.17
27.09,-79.19,30.21
27.07,-79.93,30.34
27.07,-79.91,30.42
27.07,-79.89,30.5
27.07,-79.87,30.6
27.07,-79.85,30.67
27.07,-79.83,30.76
27.07,-79.81,30.77
27.07,-79.79,30.77
27.07,-79.77,30.8
27.07,-79.75,30.87
27.07,-79.73,30.87
27.07,-79.71,30.84
27.07,-79.69,30.83
27.07,-79.67,30.79
27.07,-79.65,30.68
27.07,-79.63,30.63
27.07,-79.61,30.66
27.07,-79.59,30.7
27.07,-79.57,30.7
27.07,-79.55,30.67
27.07,-79.53,30.69
27.07,-79.51,30.64
27.07,-79.49,30.55
27.07,-79.47,30.64
27.07,-79.45,30.53
27.07,-79.43,30.43
27.07,-79.41,30.49
27.07,-79.39,30.53
27.07,-79.35,30.26
27.07,-79.33,30.33
27.07,-79.31,30.27
27.07,-79.29,30.37
27.07,-79.27,30.28
27.07,-79.25,30.24
27.07,-79.23,30.2
27.07,-79.21,30.18
27.05,-79.89,30.52
27.05,-79.87,30.57
27.05,-79.85,30.68
27.05,-79.83,30.87
27.05,-79.81,30.73
27.05,-79.79,30.62
27.05,-79.77,30.7
27.05,-79.75,30.82
27.05,-79.73,30.84
27.05,-79.71,30.79
27.05,-79.69,30.74
27.05,-79.67,30.74
27.05,-79.65,30.73
27.05,-79.63,30.79
27.05,-79.61,30.78
27.05,-79.59,30.74
27.05,-79.57,30.62
27.05,-79.55,30.58
27.05,-79.53,30.68
27.05,-79.51,30.7
27.05,-79.49,30.63
27.05,-79.47,30.63
27.05,-79.45,30.31
27.05,-79.43,30.45
27.05,-79.41,30.45
27.05,-79.39,30.54
27.05,-79.37,30.46
27.05,-79.35,30.42
27.05,-79.33,30.34
27.05,-79.31,30.36
27.05,-79.29,30.28
27.05,-79.27,30.2
27.05,-79.25,30.15
27.05,-79.23,30.14
27.05,-79.21,30.14
27.05,-79.19,30.23
27.03,-83.15,30.74
27.03,-79.87,30.68
27.03,-79.85,30.69
27.03,-79.83,30.75
27.03,-79.81,30.82
27.03,-79.79,30.77
27.03,-79.77,30.76
27.03,-79.75,30.79
27.03,-79.73,30.81
27.03,-79.71,30.75
27.03,-79.69,30.69
27.03,-79.67,30.73
27.03,-79.65,30.8
27.03,-79.63,30.82
27.03,-79.61,30.74
27.03,-79.59,30.67
27.03,-79.57,30.57
27.03,-79.55,30.61
27.03,-79.53,30.71
27.03,-79.51,30.7
27.03,-79.49,30.52
27.03,-79.47,30.46
27.03,-79.45,30.41
27.03,-79.43,30.47
27.03,-79.41,30.44
27.03,-79.39,30.45
27.03,-79.37,30.48
27.03,-79.35,30.46
27.03,-79.33,30.33
27.03,-79.31,30.3
27.03,-79.29,30.21
27.03,-79.27,30.12
27.03,-79.25,30.04
27.03,-79.23,30.04
27.03,-79.21,30.14
27.03,-79.19,30.24
27.03,-79.17,30.28
27.01,-83.15,30.76
27.01,-83.13,30.81
27.01,-79.87,30.71
27.01,-79.85,30.73
27.01,-79.83,30.73
27.01,-79.81,30.76
27.01,-79.79,30.8
27.01,-79.77,30.75
27.01,-79.75,30.82
27.01,-79.73,30.84
27.01,-79.71,30.71
27.01,-79.69,30.6
27.01,-79.67,30.75
27.01,-79.65,30.8
27.01,-79.63,30.78
27.01,-79.61,30.71
27.01,-79.59,30.49
27.01,-79.57,30.55
27.01,-79.55,30.62
27.01,-79.53,30.67
27.01,-79.51,30.66
27.01,-79.49,30.53
27.01,-79.47,30.41
27.01,-79.45,30.27
27.01,-79.43,30.56
27.01,-79.41,30.5
27.01,-79.39,30.43
27.01,-79.37,30.48
27.01,-79.35,30.45
27.01,-79.33,30.22
27.01,-79.31,30.28
27.01,-79.29,30.2
27.01,-79.27,30.03
27.01,-79.25,29.95
27.01,-79.23,29.95
27.01,-79.21,30.06
27.01,-79.19,30.26
27.01,-79.17,30.32
27.01,-79.15,30.26
26.99,-79.87,30.71
26.99,-79.85,30.75
26.99,-79.83,30.74
26.99,-79.81,30.74
26.99,-79.79,30.81
26.99,-79.77,30.76
26.99,-79.75,30.78
26.99,-79.73,30.79
26.99,-79.71,30.66
26.99,-79.69,30.7
26.99,-79.67,30.8
26.99,-79.65,30.8
26.99,-79.63,30.67
26.99,-79.61,30.59
26.99,-79.59,30.45
26.99,-79.57,30.56
26.99,-79.55,30.59
26.99,-79.53,30.63
26.99,-79.51,30.66
26.99,-79.49,30.51
26.99,-79.47,30.42
26.99,-79.45,30.56
26.99,-79.43,30.57
26.99,-79.41,30.52
26.99,-79.39,30.46
26.99,-79.37,30.43
26.99,-79.35,30.33
26.99,-79.33,30.29
26.99,-79.31,30.3
26.99,-79.29,30.2
26.99,-79.27,29.9
26.99,-79.25,29.89
26.99,-79.23,29.93
26.99,-79.21,30.05
26.99,-79.19,30.25
26.99,-79.17,30.31
26.99,-79.15,30.28
26.99,-76.25,30.49
26.99,-76.23,30.53
26.97,-82.03,32.06
26.97,-82.01,32.08
26.97,-79.85,30.71
26.97,-79.83,30.74
26.97,-79.81,30.76
26.97,-79.79,30.78
26.97,-79.77,30.73
26.97,-79.75,30.72
26.97,-79.73,30.72
26.97,-79.71,30.64
26.97,-79.69,30.67
26.97,-79.67,30.8
26.97,-79.65,30.81
26.97,-79.63,30.6
26.97,-79.61,30.45
26.97,-79.59,30.44
26.97,-79.57,30.56
26.97,-79.55,30.55
26.97,-79.53,30.59
26.97,-79.51,30.67
26.97,-79.49,30.59
26.97,-79.47,30.61
26.97,-79.45,30.5
26.97,-79.43,30.53
26.97,-79.41,30.54
26.97,-79.39,30.41
26.97,-79.37,30.42
26.97,-79.35,30.49
26.97,-79.33,30.17
26.97,-79.31,30.13
26.97,-79.29,30.08
26.97,-79.27,29.88
26.97,-79.25,29.81
26.97,-79.23,29.91
26.97,-79.21,30.1
26.97,-79.19,30.22
26.97,-79.17,30.28
26.97,-79.15,30.28
26.97,-76.27,30.34
26.97,-76.25,30.34
26.95,-82.11,31.5
26.95,-82.09,31.56
26.95,-82.07,31.62
26.95,-82.05,31.98
26.95,-79.89,30.72
26.95,-79.87,30.72
26.95,-79.85,30.76
26.95,-79.83,30.77
26.95,-79.81,30.76
26.95,-79.79,30.75
26.95,-79.77,30.71
26.95,-79.75,30.66
26.95,-79.73,30.65
26.95,-79.71,30.52
26.95,-79.69,30.57
26.95,-79.67,30.77
26.95,-79.65,30.81
26.95,-79.63,30.61
26.95,-79.61,30.4
26.95,-79.59,30.42
26.95,-79.57,30.49
26.95,-79.55,30.49
26.95,-79.53,30.59
26.95,-79.51,30.7
26.95,-79.49,30.72
26.95,-79.47,30.68
26.95,-79.45,30.61
26.95,-79.43,30.62
26.95,-79.41,30.58
26.95,-79.39,30.2
26.95,-79.37,30.43
26.95,-79.35,30.6
26.95,-79.33,30.33
26.95,-79.31,30.16
26.95,-79.29,30.1
26.95,-79.27,29.84
26.95,-79.25,29.85
26.95,-79.23,29.95
26.95,-79.21,30.09
26.95,-79.19,30.2
26.95,-79.17,30.23
26.95,-76.27,30.34
26.93,-82.13,31.48
26.93,-82.11,31.56
26.93,-82.09,31.57
26.93,-82.07,31.61
26.93,-79.93,30.48
26.93,-79.91,30.56
26.93,-79.89,30.74
26.93,-79.87,30.79
26.93,-79.85,30.85
26.93,-79.83,30.84
26.93,-79.81,30.74
26.93,-79.79,30.72
26.93,-79.77,30.71
26.93,-79.75,30.69
26.93,-79.73,30.61
26.93,-79.71,30.42
26.93,-79.69,30.33
26.93,-79.67,30.65
26.93,-79.65,30.75
26.93,-79.63,30.6
26.93,-79.61,30.56
26.93,-79.59,30.47
26.93,-79.57,30.39
26.93,-79.55,30.59
26.93,-79.53,30.64
26.93,-79.51,30.73
26.93,-79.49,30.79
26.93,-79.47,30.78
26.93,-79.45,30.72
26.93,-79.43,30.66
26.93,-79.41,30.51
26.93,-79.39,30.51
26.93,-79.37,30.35
26.93,-79.35,30.37
26.93,-79.31,30.13
26.93,-79.29,29.99
26.93,-79.27,29.99
26.93,-79.25,29.97
26.93,-79.23,29.97
26.93,-79.21,30.18
26.93,-79.19,30.24
26.93,-79.17,30.3
26.93,-79.15,30.28
26.91,-82.15,31.17
26.91,-82.13,31.26
26.91,-82.11,31.55
26.91,-79.91,30.53
26.91,-79.89,30.61
26.91,-79.87,30.84
26.91,-79.85,30.92
26.91,-79.83,30.89
26.91,-79.81,30.8
26.91,-79.79,30.72
26.91,-79.77,30.75
26.91,-79.75,30.74
26.91,-79.73,30.66
26.91,-79.71,30.31
26.91,-79.69,30.3
26.91,-79.67,30.62
26.91,-79.65,30.59
26.91,-79.63,30.53
26.91,-79.61,30.58
26.91,-79.59,30.57
26.91,-79.57,30.53
26.91,-79.55,30.62
26.91,-79.53,30.68
26.91,-79.51,30.75
26.91,-79.49,30.8
26.91,-79.47,30.77
26.91,-79.45,30.78
26.91,-79.43,30.77
26.91,-79.41,30.69
26.91,-79.39,30.56
26.91,-79.37,30.17
26.91,-79.35,30.1
26.91,-79.33,30.12
26.91,-79.31,30.12
26.91,-79.29,30.26
26.91,-79.27,30.15
26.91,-79.25,30.11
26.91,-79.23,30.17
26.91,-79.21,30.26
26.91,-79.19,30.29
26.91,-79.17,30.35
26.91,-79.15,30.28
26.89,-82.13,31.25
26.89,-82.11,31.65
26.89,-82.09,31.74
26.89,-79.89,30.6
26.89,-79.87,30.78
26.89,-79.85,30.85
26.89,-79.83,30.88
26.89,-79.81,30.85
26.89,-79.79,30.84
26.89,-79.77,30.75
26.89,-79.75,30.61
26.89,-79.73,30.4
26.89,-79.71,30.41
26.89,-79.69,30.61
26.89,-79.67,30.64
26.89,-79.65,30.59
26.89,-79.63,30.58
26.89,-79.61,30.56
26.89,-79.59,30.53
26.89,-79.57,30.63
26.89,-79.55,30.66
26.89,-79.53,30.75
26.89,-79.51,30.82
26.89,-79.49,30.84
26.89,-79.47,30.77
26.89,-79.45,30.84
26.89,-79.43,30.81
26.89,-79.41,30.72
26.89,-79.39,30.5
26.89,-79.37,30.35
26.89,-79.35,30.6
26.89,-79.31,30.31
26.89,-79.29,30.33
26.89,-79.27,30.38
26.89,-79.25,30.29
26.89,-79.23,30.3
26.89,-79.21,30.26
26.89,-79.19,30.29
26.89,-79.17,30.3
26.89,-79.15,30.3
26.87,-82.13,31.38
26.87,-82.11,31.64
26.87,-82.09,31.72
26.87,-82.07,31.7
26.87,-79.87,30.7
26.87,-79.85,30.75
26.87,-79.83,30.73
26.87,-79.81,30.77
26.87,-79.79,30.83
26.87,-79.77,30.79
26.87,-79.75,30.63
26.87,-79.73,30.52
26.87,-79.71,30.54
26.87,-79.69,30.64
26.87,-79.67,30.68
26.87,-79.65,30.65
26.87,-79.63,30.62
26.87,-79.61,30.57
26.87,-79.59,30.57
26.87,-79.57,30.62
26.87,-79.55,30.75
26.87,-79.53,30.79
26.87,-79.51,30.89
26.87,-79.49,30.89
26.87,-79.47,30.81
26.87,-79.45,30.89
26.87,-79.43,30.81
26.87,-79.41,30.73
26.87,-79.39,30.67
26.87,-79.37,30.61
26.87,-79.35,30.6
26.87,-79.33,30.55
26.87,-79.31,30.25
26.87,-79.29,30.23
26.87,-79.27,30.44
26.87,-79.25,30.37
26.87,-79.23,30.27
26.87,-79.21,30.26
26.87,-79.19,30.25
26.87,-79.17,30.26
26.87,-79.15,30.31
26.85,-79.87,30.6
26.85,-79.85,30.64
26.85,-79.83,30.61
26.85,-79.81,30.7
26.85,-79.79,30.75
26.85,-79.77,30.76
26.85,-79.75,30.66
26.85,-79.73,30.61
26.85,-79.71,30.63
26.85,-79.69,30.63
26.85,-79.67,30.65
26.85,-79.65,30.71
26.85,-79.63,30.66
26.85,-79.61,30.58
26.85,-79.59,30.64
26.85,-79.57,30.7
26.85,-79.55,30.79
26.85,-79.53,30.83
26.85,-79.51,30.87
26.85,-79.49,30.91
26.85,-79.47,30.84
26.85,-79.45,30.84
26.85,-79.43,30.8
26.85,-79.41,30.72
26.85,-79.39,30.71
26.85,-79.37,30.66
26.85,-79.35,30.6
26.85,-79.33,30.46
26.85,-79.31,30.49
26.85,-79.29,30.5
26.85,-79.27,30.43
26.85,-79.25,30.27
26.85,-79.23,30.23
26.85,-79.21,30.24
26.85,-79.19,30.23
26.85,-79.17,30.2
26.85,-79.15,30.26
26.83,-79.87,30.47
26.83,-79.85,30.46
26.83,-79.83,30.53
26.83,-79.81,30.64
26.83,-79.79,30.75
26.83,-79.77,30.69
26.83,-79.75,30.66
26.83,-79.73,30.67
26.83,-79.71,30.64
26.83,-79.69,30.62
26.83,-79.67,30.63
26.83,-79.65,30.63
26.83,-79.63,30.56
26.83,-79.61,30.61
26.83,-79.59,30.65
26.83,-79.57,30.72
26.83,-79.55,30.82
26.83,-79.53,30.89
26.83,-79.51,30.91
26.83,-79.49,30.9
26.83,-79.47,30.87
26.83,-79.45,30.82
26.83,-79.43,30.79
26.83,-79.41,30.79
26.83,-79.39,30.72
26.83,-79.37,30.55
26.83,-79.35,30.59
26.83,-79.33,30.53
26.83,-79.31,30.53
26.83,-79.29,30.7
26.83,-79.27,30.35
26.83,-79.25,30.33
26.83,-79.23,30.32
26.83,-79.21,30.21
26.83,-79.19,30.18
26.83,-79.17,30.18
26.83,-79.15,30.19
26.81,-82.09,31.34
26.81,-82.07,31.39
26.81,-79.85,30.32
26.81,-79.83,30.45
26.81,-79.81,30.49
26.81,-79.79,30.62
26.81,-79.77,30.62
26.81,-79.75,30.64
26.81,-79.73,30.67
26.81,-79.71,30.65
26.81,-79.69,30.69
26.81,-79.67,30.64
26.81,-79.65,30.48
26.81,-79.63,30.56
26.81,-79.61,30.62
26.81,-79.59,30.64
26.81,-79.57,30.69
26.81,-79.55,30.79
26.81,-79.53,30.83
26.81,-79.51,30.9
26.81,-79.49,30.91
26.81,-79.47,30.87
26.81,-79.45,30.81
26.81,-79.43,30.78
26.81,-79.41,30.84
26.81,-79.39,30.61
26.81,-79.37,30.54
26.81,-79.35,30.37
26.81,-79.29,30.49
26.81,-79.27,30.45
26.81,-79.25,30.49
26.81,-79.23,30.36
26.81,-79.21,30.23
26.81,-79.19,30.19
26.79,-82.09,31.33
26.79,-79.79,30.52
26.79,-79.77,30.55
26.79,-79.75,30.59
26.79,-79.73,30.62
26.79,-79.71,30.62
26.79,-79.69,30.69
26.79,-79.67,30.56
26.79,-79.65,30.5
26.79,-79.63,30.54
26.79,-79.61,30.57
26.79,-79.59,30.54
26.79,-79.57,30.61
26.79,-79.55,30.79
26.79,-79.53,30.85
26.79,-79.51,30.92
26.79,-79.49,30.87
26.79,-79.47,30.85
26.79,-79.45,30.78
26.79,-79.43,30.75
26.79,-79.41,30.84
26.79,-79.39,30.73
26.79,-79.37,30.33
26.79,-79.35,30.39
26.79,-79.33,30.54
26.79,-79.31,30.38
26.79,-79.29,30.54
26.79,-79.27,30.49
26.79,-79.25,30.41
26.79,-79.23,30.33
26.79,-79.21,30.28
26.79,-79.19,30.21
26.79,-79.17,30.19
26.79,-79.15,30.19
26.79,-79.13,30.2
26.77,-82.09,31.1
26.77,-82.07,31.42
26.77,-79.75,30.61
26.77,-79.73,30.6
26.77,-79.71,30.63
26.77,-79.69,30.64
26.77,-79.67,30.45
26.77,-79.65,30.5
26.77,-79.63,30.6
26.77,-79.61,30.55
26.77,-79.59,30.49
26.77,-79.57,30.55
26.77,-79.55,30.69
26.77,-79.53,30.84
26.77,-79.51,30.91
26.77,-79.49,30.8
26.77,-79.47,30.79
26.77,-79.45,30.78
26.77,-79.43,30.81
26.77,-79.41,30.88
26.77,-79.37,30.44
26.77,-79.35,30.42
26.77,-79.33,30.56
26.77,-79.31,30.45
26.77,-79.29,30.47
26.77,-79.27,30.46
26.77,-79.25,30.37
26.77,-79.23,30.3
26.77,-79.21,30.31
26.77,-79.19,30.25
26.77,-79.17,30.23
26.77,-79.15,30.23
26.77,-79.13,30.22
26.75,-82.11,31.11
26.75,-82.09,31.2
26.75,-82.07,31.4
26.75,-79.77,30.54
26.75,-79.75,30.58
26.75,-79.73,30.62
26.75,-79.71,30.62
26.75,-79.69,30.52
26.75,-79.67,30.39
26.75,-79.65,30.55
26.75,-79.63,30.6
26.75,-79.61,30.51
26.75,-79.59,30.48
26.75,-79.57,30.56
26.75,-79.55,30.68
26.75,-79.53,30.75
26.75,-79.51,30.83
26.75,-79.49,30.77
26.75,-79.47,30.67
26.75,-79.45,30.84
26.75,-79.43,30.74
26.75,-79.41,30.67
26.75,-79.39,30.46
26.75,-79.37,30.51
26.75,-79.35,30.49
26.75,-79.33,30.43
26.75,-79.31,30.41
26.75,-79.29,30.33
26.75,-79.27,30.41
26.75,-79.25,30.31
26.75,-79.23,30.21
26.75,-79.21,30.22
26.75,-79.19,30.25
26.75,-79.15,30.21
26.75,-79.13,30.22
26.73,-82.13,31.12
26.73,-82.11,31.15
26.73,-82.09,31.38
26.73,-79.77,30.42
26.73,-79.75,30.51
26.73,-79.73,30.57
26.73,-79.71,30.56
26.73,-79.69,30.45
26.73,-79.67,30.44
26.73,-79.65,30.49
26.73,-79.63,30.45
26.73,-79.61,30.49
26.73,-79.59,30.54
26.73,-79.57,30.62
26.73,-79.55,30.67
26.73,-79.53,30.7
26.73,-79.51,30.79
26.73,-79.49,30.79
26.73,-79.47,30.71
26.73,-79.45,30.77
26.73,-79.43,30.77
26.73,-79.41,30.47
26.73,-79.39,30.49
26.73,-79.37,30.69
26.73,-79.35,30.51
26.73,-79.33,30.42
26.73,-79.31,30.31
26.73,-79.29,30.22
26.73,-79.27,30.38
26.73,-79.25,30.22
26.73,-79.23,30.21
26.73,-79.21,30.18
26.73,-76.75,30.06
26.73,-76.73,30.08
26.73,-76.71,30.11
26.71,-82.11,31.3
26.71,-82.09,31.42
26.71,-79.77,30.43
26.71,-79.75,30.5
26.71,-79.73,30.55
26.71,-79.71,30.5
26.71,-79.69,30.36
26.71,-79.67,30.34
26.71,-79.65,30.38
26.71,-79.63,30.37
26.71,-79.61,30.48
26.71,-79.59,30.55
26.71,-79.57,30.65
26.71,-79.55,30.69
26.71,-79.53,30.75
26.71,-79.51,30.8
26.71,-79.49,30.78
26.71,-79.47,30.74
26.71,-79.45,30.76
26.71,-79.39,30.36
26.71,-79.37,30.42
26.71,-79.33,30.37
26.71,-79.31,30.29
26.71,-79.29,30.23
26.71,-79.27,30.31
26.71,-79.25,30.29
26.71,-79.23,30.27
26.71,-76.77,30.07
26.71,-76.75,30.08
26.71,-76.73,30.2
26.71,-76.39,30.31
26.71,-76.37,30.37
26.69,-82.11,31.56
26.69,-82.09,31.75
26.69,-79.75,30.51
26.69,-79.73,30.57
26.69,-79.71,30.48
26.69,-79.69,30.4
26.69,-79.67,30.39
26.69,-79.65,30.39
26.69,-79.63,30.39
26.69,-79.61,30.42
26.69,-79.59,30.52
26.69,-79.57,30.69
26.69,-79.55,30.75
26.69,-79.53,30.76
26.69,-79.51,30.76
26.69,-79.49,30.73
26.69,-79.47,30.77
26.69,-79.45,30.77
26.69,-79.39,30.33
26.69,-79.37,30.34
26.69,-79.33,30.5
26.69,-79.31,30.49
26.69,-79.29,30.31
26.69,-79.27,30.33
26.69,-79.25,30.21
26.69,-79.23,30.16
26.69,-79.21,30.15
26.69,-76.77,30.15
26.69,-76.75,30.17
26.69,-76.73,30.14
26.69,-76.71,30.12
26.69,-76.39,30.3
26.69,-76.37,30.36
26.69,-76.21,30.29
26.69,-76.19,30.3
26.67,-79.73,30.51
26.67,-79.71,30.54
26.67,-79.69,30.54
26.67,-79.67,30.42
26.67,-79.65,30.48
26.67,-79.63,30.51
26.67,-79.61,30.54
26.67,-79.59,30.67
26.67,-79.57,30.84
26.67,-79.55,30.84
26.67,-79.53,30.85
26.67,-79.51,30.81
26.67,-79.49,30.7
26.67,-79.47,30.84
26.67,-79.45,30.84
26.67,-79.31,30.32
26.67,-79.29,30.25
26.67,-79.27,30.17
26.67,-79.25,30.15
26.67,-79.23,30.14
26.67,-79.21,30.14
26.67,-76.77,30.2
26.67,-76.75,30.2
26.67,-76.73,30.16
26.67,-76.59,30.15
26.67,-76.57,30.17
26.67,-76.55,30.15
26.67,-76.41,30.29
26.67,-76.39,30.28
26.67,-76.37,30.28
26.67,-76.21,30.28
26.65,-82.09,31.9
26.65,-79.75,30.44
26.65,-79.73,30.54
26.65,-79.71,30.55
26.65,-79.69,30.46
26.65,-79.67,30.37
26.65,-79.65,30.4
26.65,-79.63,30.41
26.65,-79.61,30.45
26.65,-79.59,30.56
26.65,-79.57,30.83
26.65,-79.55,30.91
26.65,-79.53,30.89
26.65,-79.51,30.73
26.65,-79.49,30.76
26.65,-79.47,30.87
26.65,-79.45,30.81
26.65,-79.43,30.82
26.65,-79.41,30.54
26.65,-76.77,30.2
26.65,-76.75,30.22
26.65,-76.73,30.18
26.65,-76.59,30.14
26.65,-76.57,30.15
26.65,-76.55,30.14
26.65,-76.53,30.14
26.63,-81.91,32.2
26.63,-79.75,30.46
26.63,-79.73,30.53
26.63,-79.71,30.53
26.63,-79.69,30.48
26.63,-79.67,30.54
26.63,-79.65,30.57
26.63,-79.63,30.54
26.63,-79.61,30.5
26.63,-79.49,30.74
26.63,-79.47,30.84
26.63,-79.45,30.72
26.63,-79.43,30.79
26.63,-79.41,30.65
26.63,-79.39,30.62
26.63,-76.75,30.2
26.63,-76.73,30.18
26.63,-76.55,30.13
26.61,-82.05,31.99
26.61,-81.91,32.3
26.61,-79.75,30.4
26.61,-79.73,30.47
26.61,-79.71,30.56
26.61,-79.69,30.61
26.61,-79.67,30.68
26.61,-79.65,30.66
26.61,-79.63,30.65
26.61,-79.49,30.8
26.61,-79.47,30.78
26.61,-79.45,30.74
26.61,-79.43,30.8
26.61,-79.41,30.63
26.61,-79.39,30.86
26.61,-79.37,30.52
26.61,-76.75,30.24
26.61,-76.73,30.18
26.59,-82.07,31.96
26.59,-82.05,32.0
26.59,-81.91,32.32
26.59,-79.75,30.42
26.59,-79.73,30.46
26.59,-79.71,30.54
26.59,-79.69,30.63
26.59,-79.67,30.67
26.59,-79.65,30.7
26.59,-79.63,30.73
26.59,-79.53,30.73
26.59,-79.51,30.81
26.59,-79.49,30.66
26.59,-79.47,30.68
26.59,-79.45,30.63
26.59,-79.43,30.56
26.59,-79.41,30.62
26.59,-79.39,30.45
26.59,-79.37,30.28
26.59,-76.75,30.12
26.59,-76.73,30.12
26.59,-76.61,30.07
26.59,-76.59,30.09
26.59,-76.43,30.3
26.59,-76.41,30.29
26.57,-82.07,31.95
26.57,-81.93,32.29
26.57,-81.91,32.29
26.57,-79.75,30.43
26.57,-79.73,30.46
26.57,-79.71,30.51
26.57,-79.69,30.62
26.57,-79.67,30.65
26.57,-79.65,30.66
26.57,-79.63,30.67
26.57,-79.51,30.65
26.57,-79.49,30.6
26.57,-79.47,30.56
26.57,-79.45,30.51
26.57,-79.43,30.54
26.57,-79.41,30.45
26.57,-79.39,30.35
26.57,-79.37,30.22
26.57,-76.69,30.12
26.57,-76.67,30.15
26.57,-76.65,30.14
26.57,-76.61,30.08
26.57,-76.59,30.1
26.57,-76.49,30.24
26.57,-76.47,30.26
26.57,-76.43,30.27
26.57,-76.41,30.27
26.55,-82.13,31.29
26.55,-82.07,31.93
26.55,-79.73,30.44
26.55,-79.71,30.49
26.55,-79.69,30.58
26.55,-79.67,30.72
26.55,-79.65,30.71
26.55,-79.63,30.66
26.55,-79.45,30.59
26.55,-79.43,30.49
26.55,-79.41,30.32
26.55,-79.39,30.32
26.55,-76.69,30.13
26.55,-76.67,30.25
26.55,-76.65,30.23
26.55,-76.63,30.14
26.53,-82.13,31.24
26.53,-82.07,31.8
26.53,-82.05,31.81
26.53,-82.01,31.79
26.53,-81.99,32.11
26.53,-81.97,32.34
26.53,-79.75,30.41
26.53,-79.73,30.43
26.53,-79.71,30.44
26.53,-79.69,30.52
26.53,-79.67,30.57
26.53,-79.65,30.55
26.53,-79.63,30.48
26.53,-79.61,30.5
26.53,-79.59,30.73
26.53,-79.57,30.8
26.53,-79.43,30.42
26.53,-79.41,30.28
26.53,-76.87,30.37
26.53,-76.81,30.29
26.53,-76.79,30.29
26.53,-76.69,30.09
26.53,-76.67,30.11
26.53,-76.65,30.17
26.53,-76.63,30.12
26.51,-82.05,31.78
26.51,-82.03,31.85
26.51,-82.01,31.85
26.51,-79.77,30.42
26.51,-79.75,30.42
26.51,-79.73,30.44
26.51,-79.71,30.45
26.51,-79.69,30.5
26.51,-79.67,30.48
26.51,-79.65,30.46
26.51,-79.63,30.4
26.51,-79.61,30.46
26.51,-79.59,30.77
26.51,-79.57,30.82
26.51,-79.55,30.79
26.51,-79.53,30.67
26.51,-79.51,30.83
26.51,-79.49,30.88
26.51,-79.41,30.32
26.51,-76.67,30.05
26.51,-76.65,30.06
26.51,-76.63,30.06
26.51,-76.33,30.28
26.51,-76.31,30.25
26.49,-82.13,31.2
26.49,-82.07,31.73
26.49,-82.03,32.02
26.49,-79.77,30.42
26.49,-79.75,30.44
26.49,-79.73,30.42
26.49,-79.71,30.45
26.49,-79.69,30.48
26.49,-79.67,30.51
26.49,-79.55,30.73
26.49,-79.53,30.72
26.49,-79.51,30.82
26.49,-79.49,30.88
26.49,-79.47,30.56
26.49,-79.45,30.34
26.49,-77.19,31.4
26.49,-77.05,30.57
26.49,-77.03,30.52
26.49,-76.67,30.04
26.49,-76.65,30.13
26.49,-76.63,30.12
26.47,-82.05,31.76
26.47,-82.01,32.52
26.47,-81.99,32.63
26.47,-81.97,32.64
26.47,-79.83,30.45
26.47,-79.81,30.4
26.47,-79.79,30.36
26.47,-79.77,30.37
26.47,-79.75,30.38
26.47,-79.73,30.47
26.47,-79.71,30.45
26.47,-79.69,30.42
26.47,-79.67,30.47
26.47,-79.55,30.74
26.47,-79.53,30.79
26.47,-79.51,30.69
26.47,-79.49,30.64
26.47,-79.47,30.4
26.47,-79.45,30.38
26.47,-79.43,30.32
26.47,-77.05,30.56
26.47,-77.03,30.51
26.47,-76.69,30.09
26.47,-76.67,30.12
26.47,-76.65,30.12
26.47,-76.63,30.17
26.47,-76.61,30.13
26.45,-82.01,32.39
26.45,-81.99,32.34
26.45,-81.97,32.65
26.45,-79.89,30.6
26.45,-79.87,30.54
26.45,-79.85,30.56
26.45,-79.83,30.51
26.45,-79.81,30.47
26.45,-79.79,30.41
26.45,-79.77,30.38
26.45,-79.75,30.36
26.45,-79.73,30.4
26.45,-79.71,30.37
26.45,-79.69,30.37
26.45,-79.67,30.43
26.45,-79.55,30.48
26.45,-79.53,30.5
26.45,-79.51,30.59
26.45,-79.49,30.58
26.45,-79.47,30.47
26.45,-79.45,30.31
26.45,-79.43,30.3
26.45,-77.03,30.54
26.45,-77.01,30.5
26.45,-76.71,30.17
26.45,-76.69,30.14
26.45,-76.67,30.15
26.45,-76.65,30.1
26.45,-76.63,30.13
26.45,-76.61,30.13
26.43,-82.05,32.14
26.43,-82.03,32.21
26.43,-82.01,32.21
26.43,-81.99,32.27
26.43,-81.97,32.3
26.43,-81.95,32.28
26.43,-79.91,30.71
26.43,-79.89,30.72
26.43,-79.87,30.65
26.43,-79.85,30.65
26.43,-79.83,30.69
26.43,-79.81,30.51
26.43,-79.79,30.51
26.43,-79.77,30.48
26.43,-79.75,30.36
26.43,-79.73,30.3
26.43,-79.71,30.3
26.43,-79.49,30.57
26.43,-79.47,30.49
26.43,-79.45,30.42
26.43,-76.99,30.47
26.43,-76.77,30.23
26.43,-76.75,30.26
26.43,-76.71,30.24
26.43,-76.69,30.18
26.43,-76.67,30.12
26.43,-76.65,30.07
26.43,-76.63,30.1
26.43,-76.61,30.16
26.41,-82.05,32.07
26.41,-82.03,32.17
26.41,-82.01,32.18
26.41,-81.99,32.23
26.41,-81.97,32.24
26.41,-79.95,30.49
26.41,-79.93,30.59
26.41,-79.91,30.78
26.41,-79.89,30.74
26.41,-79.87,30.72
26.41,-79.85,30.78
26.41,-79.83,30.77
26.41,-79.81,30.6
26.41,-79.79,30.64
26.41,-79.77,30.7
26.41,-79.75,30.43
26.41,-79.73,30.3
26.41,-79.51,30.37
26.41,-79.49,30.49
26.41,-79.47,30.47
26.41,-79.45,30.42
26.41,-76.77,30.25
26.41,-76.75,30.27
26.41,-76.63,30.12
26.39,-82.05,31.56
26.39,-82.03,31.88
26.39,-79.95,30.62
26.39,-79.93,30.73
26.39,-79.91,30.81
26.39,-79.89,30.85
26.39,-79.87,30.82
26.39,-79.85,30.82
26.39,-79.83,30.71
26.39,-79.81,30.68
26.39,-79.79,30.72
26.39,-79.77,30.72
26.39,-79.75,30.6
26.39,-79.51,30.28
26.39,-79.49,30.3
26.39,-79.47,30.29
26.39,-79.45,30.28
26.39,-79.37,30.2
26.39,-79.35,30.18
26.39,-76.85,30.13
26.39,-76.83,30.19
26.39,-76.75,30.15
26.39,-76.73,30.16
26.39,-76.71,30.15
26.37,-82.07,31.39
26.37,-82.05,31.4
26.37,-79.97,30.73
26.37,-79.95,30.78
26.37,-79.93,30.82
26.37,-79.91,30.86
26.37,-79.89,30.91
26.37,-79.87,30.9
26.37,-79.85,30.81
26.37,-79.83,30.69
26.37,-79.81,30.67
26.37,-79.79,30.75
26.37,-79.77,30.68
26.37,-79.47,30.18
26.37,-79.45,30.18
26.37,-79.35,30.19
26.37,-76.91,30.06
26.37,-76.87,30.02
26.37,-76.85,30.11
26.37,-76.83,30.19
26.37,-76.75,30.12
26.37,-76.73,30.13
26.37,-76.43,30.39
26.37,-76.41,30.45
26.37,-76.15,30.37
26.35,-80.01,30.73
26.35,-79.99,30.72
26.35,-79.97,30.78
26.35,-79.95,30.77
26.35,-79.93,30.82
26.35,-79.91,30.86
26.35,-79.89,30.9
26.35,-79.87,30.93
26.35,-79.85,30.82
26.35,-79.83,30.7
26.35,-79.81,30.51
26.35,-79.79,30.57
26.35,-79.77,30.55
26.35,-79.37,30.26
26.35,-79.35,30.26
26.35,-76.91,30.05
26.35,-76.89,30.04
26.35,-76.85,30.07
26.35,-76.77,29.99
26.35,-76.75,30.02
26.35,-76.69,30.03
26.35,-76.67,30.03
26.35,-76.43,30.34
26.35,-76.41,30.41
26.35,-76.17,30.33
26.35,-76.15,30.42
26.33,-80.03,30.74
26.33,-80.01,30.8
26.33,-79.99,30.86
26.33,-79.97,30.94
26.33,-79.95,30.9
26.33,-79.93,30.89
26.33,-79.91,30.88
26.33,-79.89,30.89
26.33,-79.87,30.84
26.33,-79.85,30.78
26.33,-79.83,30.69
26.33,-79.81,30.57
26.33,-79.79,30.57
26.33,-76.95,30.2
26.33,-76.93,30.13
26.33,-76.91,30.21
26.33,-76.89,30.2
26.33,-76.77,29.99
26.33,-76.73,29.99
26.33,-76.71,30.02
26.33,-76.69,30.05
26.33,-76.67,30.09
26.33,-76.65,30.04
26.33,-76.63,30.0
26.33,-76.61,29.99
26.31,-80.07,30.65
26.31,-80.05,30.65
26.31,-80.03,30.77
26.31,-80.01,31.01
26.31,-79.99,31.07
26.31,-79.97,31.05
26.31,-79.95,31.04
26.31,-79.93,31.01
26.31,-79.91,30.94
26.31,-79.89,30.91
26.31,-79.87,30.9
26.31,-79.85,30.79
26.31,-79.83,30.58
26.31,-79.81,30.5
26.31,-79.79,30.57
26.31,-78.53,30.13
26.31,-78.51,30.17
26.31,-78.49,30.19
26.31,-78.47,30.21
26.31,-77.97,30.56
26.31,-76.99,30.28
26.31,-76.97,30.22
26.31,-76.95,30.27
26.31,-76.93,30.33
26.31,-76.91,30.31
26.31,-76.89,30.33
26.31,-76.77,29.99
26.31,-76.73,29.99
26.31,-76.71,30.05
26.31,-76.69,30.09
26.31,-76.67,30.2
26.31,-76.65,30.21
26.31,-76.63,30.02
26.31,-76.61,30.01
26.31,-76.59,29.99
26.31,-76.57,30.03
26.31,-76.15,30.41
26.29,-80.07,30.64
26.29,-80.05,30.65
26.29,-80.03,30.8
26.29,-80.01,31.17
26.29,-79.99,31.19
26.29,-79.97,31.14
26.29,-79.95,31.13
26.29,-79.93,31.08
26.29,-79.91,31.05
26.29,-79.89,30.96
26.29,-79.87,30.9
26.29,-79.85,30.79
26.29,-79.83,30.61
26.29,-79.81,30.51
26.29,-78.85,30.3
26.29,-78.83,30.27
26.29,-78.67,29.99
26.29,-78.51,30.07
26.29,-77.03,30.23
26.29,-77.01,30.27
26.29,-76.99,30.33
26.29,-76.97,30.31
26.29,-76.95,30.33
26.29,-76.93,30.3
26.29,-76.91,30.34
26.29,-76.89,30.35
26.29,-76.87,30.19
26.29,-76.81,30.1
26.29,-76.79,30.05
26.29,-76.77,30.02
26.29,-76.71,30.04
26.29,-76.69,30.13
26.29,-76.67,30.21
26.29,-76.65,30.2
26.29,-76.63,30.09
26.29,-76.61,30.14
26.29,-76.59,30.11
26.29,-76.57,30.07
26.29,-76.15,30.36
26.27,-80.07,30.61
26.27,-80.05,30.64
26.27,-80.03,30.81
26.27,-80.01,31.23
26.27,-79.99,31.27
26.27,-79.97,31.21
26.27,-79.95,31.16
26.27,-79.93,31.12
26.27,-79.91,31.11
26.27,-79.89,31.0
26.27,-79.87,30.87
26.27,-79.85,30.78
26.27,-79.83,30.75
26.27,-79.81,30.64
26.27,-79.65,30.34
26.27,-78.97,30.12
26.27,-78.95,30.06
26.27,-78.93,29.99
26.27,-78.91,30.12
26.27,-78.89,30.15
26.27,-78.87,30.08
26.27,-78.85,30.16
26.27,-78.83,29.98
26.27,-78.81,30.02
26.27,-78.79,29.98
26.27,-78.57,29.96
26.27,-78.55,30.0
26.27,-78.53,30.02
26.27,-77.01,30.3
26.27,-76.99,30.31
26.27,-76.97,30.26
26.27,-76.95,30.3
26.27,-76.93,30.26
26.27,-76.91,30.34
26.27,-76.89,30.35
26.27,-76.87,30.16
26.27,-76.85,30.09
26.27,-76.83,30.13
26.27,-76.81,30.07
26.27,-76.79,30.04
26.27,-76.77,30.01
26.27,-76.75,29.97
26.27,-76.73,29.96
26.27,-76.71,29.99
26.27,-76.69,30.14
26.27,-76.67,30.19
26.27,-76.65,30.19
26.27,-76.63,30.19
26.27,-76.61,30.19
26.27,-76.59,30.19
26.27,-76.57,30.15
26.27,-76.55,30.11
26.27,-76.51,30.23
26.27,-76.17,30.3
26.27,-76.15,30.33
26.25,-80.07,30.66
26.25,-80.05,30.65
26.25,-80.03,30.83
26.25,-80.01,31.25
26.25,-79.99,31.28
26.25,-79.97,31.22
26.25,-79.95,31.19
26.25,-79.93,31.1
26.25,-79.91,31.06
26.25,-79.89,30.99
26.25,-79.87,30.82
26.25,-79.85,30.76
26.25,-79.83,30.77
26.25,-79.81,30.72
26.25,-79.67,30.46
26.25,-79.65,30.4
26.25,-79.63,30.43
26.25,-79.61,30.55
26.25,-79.59,30.64
26.25,-79.57,30.67
26.25,-78.99,30.09
26.25,-78.97,30.15
26.25,-78.95,30.15
26.25,-78.93,30.07
26.25,-78.91,30.08
26.25,-78.89,30.13
26.25,-78.87,30.13
26.25,-78.85,30.1
26.25,-78.83,29.99
26.25,-78.63,29.84
26.25,-78.61,29.85
26.25,-78.59,29.86
26.25,-78.57,29.97
26.25,-78.55,30.02
26.25,-77.01,30.27
26.25,-76.99,30.29
26.25,-76.97,30.17
26.25,-76.95,30.23
26.25,-76.93,30.22
26.25,-76.91,30.39
26.25,-76.89,30.34
26.25,-76.87,30.2
26.25,-76.85,30.12
26.25,-76.83,30.18
26.25,-76.81,30.19
26.25,-76.79,30.07
26.25,-76.77,30.07
26.25,-76.75,30.0
26.25,-76.73,29.97
26.25,-76.71,30.0
26.25,-76.69,30.13
26.25,-76.67,30.06
26.25,-76.65,30.13
26.25,-76.63,30.27
26.25,-76.61,30.28
26.25,-76.59,30.22
26.25,-76.57,30.14
26.25,-76.55,30.11
26.25,-76.53,30.17
26.25,-76.51,30.23
26.25,-76.49,30.23
26.25,-76.39,30.3
26.23,-80.07,30.56
26.23,-80.05,30.6
26.23,-80.03,30.75
26.23,-80.01,31.28
26.23,-79.99,31.29
26.23,-79.97,31.23
26.23,-79.95,31.2
26.23,-79.93,31.08
26.23,-79.91,30.98
26.23,-79.89,30.9
26.23,-79.87,30.81
26.23,-79.85,30.72
26.23,-79.83,30.7
26.23,-79.67,30.61
26.23,-79.65,30.51
26.23,-79.63,30.6
26.23,-79.61,30.66
26.23,-79.59,30.74
26.23,-79.57,30.75
26.23,-79.55,30.71
26.23,-78.99,30.15
26.23,-78.97,30.2
26.23,-78.95,30.29
26.23,-78.93,30.22
26.23,-78.91,30.11
26.23,-78.89,30.12
26.23,-78.87,30.11
26.23,-78.85,30.08
26.23,-78.83,30.15
26.23,-78.81,29.86
26.23,-78.79,29.72
26.23,-78.75,29.79
26.23,-78.73,29.92
26.23,-78.71,29.83
26.23,-78.69,29.68
26.23,-78.67,29.64
26.23,-78.65,29.68
26.23,-78.63,29.76
26.23,-78.61,29.78
26.23,-78.59,29.84
26.23,-78.57,29.82
26.23,-77.03,30.37
26.23,-77.01,30.36
26.23,-76.99,30.33
26.23,-76.97,30.18
26.23,-76.95,30.22
26.23,-76.93,30.34
26.23,-76.91,30.4
26.23,-76.89,30.35
26.23,-76.87,30.38
26.23,-76.85,30.31
26.23,-76.83,30.34
26.23,-76.81,30.26
26.23,-76.79,30.2
26.23,-76.77,30.18
26.23,-76.75,30.07
26.23,-76.73,30.02
26.23,-76.71,30.04
26.23,-76.69,30.04
26.23,-76.67,30.04
26.23,-76.65,30.12
26.23,-76.63,30.15
26.23,-76.61,30.23
26.23,-76.59,30.32
26.23,-76.57,30.29
26.23,-76.55,30.28
26.23,-76.53,30.23
26.23,-76.51,30.27
26.23,-76.49,30.23
26.23,-76.47,30.17
26.23,-76.15,30.3
26.21,-80.09,30.45
26.21,-80.07,30.47
26.21,-80.05,30.54
26.21,-80.03,31.04
26.21,-80.01,31.26
26.21,-79.99,31.27
26.21,-79.97,31.18
26.21,-79.95,31.16
26.21,-79.93,31.1
26.21,-79.91,30.98
26.21,-79.89,30.9
26.21,-79.87,30.81
26.21,-79.85,30.76
26.21,-79.69,30.74
26.21,-79.67,30.7
26.21,-79.65,30.66
26.21,-79.63,30.68
26.21,-79.61,30.65
26.21,-79.59,30.72
26.21,-79.57,30.67
26.21,-79.55,30.58
26.21,-79.53,30.48
26.21,-78.99,30.21
26.21,-78.97,30.25
26.21,-78.95,30.32
26.21,-78.93,30.32
26.21,-78.91,30.24
26.21,-78.89,30.22
26.21,-78.87,30.18
26.21,-78.85,30.01
26.21,-78.83,29.96
26.21,-78.81,29.79
26.21,-78.79,29.77
26.21,-78.77,29.76
26.21,-78.75,29.8
26.21,-78.73,29.99
26.21,-78.71,29.9
26.21,-78.69,29.64
26.21,-78.67,29.58
26.21,-78.65,29.6
26.21,-78.63,29.72
26.21,-78.61,29.76
26.21,-78.59,29.82
26.21,-78.57,29.83
26.21,-77.03,30.44
26.21,-77.01,30.45
26.21,-76.99,30.35
26.21,-76.97,30.35
26.21,-76.95,30.26
26.21,-76.93,30.34
26.21,-76.91,30.34
26.21,-76.89,30.33
26.21,-76.87,30.36
26.21,-76.85,30.45
26.21,-76.83,30.32
26.21,-76.81,30.26
26.21,-76.79,30.21
26.21,-76.77,30.19
26.21,-76.75,30.2
26.21,-76.73,30.04
26.21,-76.71,30.04
26.21,-76.69,30.04
26.21,-76.67,29.97
26.21,-76.65,29.98
26.21,-76.63,30.02
26.21,-76.61,30.23
26.21,-76.59,30.32
26.21,-76.57,30.48
26.21,-76.55,30.37
26.21,-76.53,30.3
26.21,-76.51,30.33
26.21,-76.49,30.16
26.21,-76.47,30.16
26.21,-76.45,30.17
26.21,-76.37,30.21
26.21,-76.35,30.21
26.19,-80.09,30.41
26.19,-80.07,30.45
26.19,-80.05,30.54
26.19,-80.03,31.18
26.19,-80.01,31.23
26.19,-79.99,31.22
26.19,-79.97,31.19
26.19,-79.95,31.16
26.19,-79.93,31.11
26.19,-79.91,31.01
26.19,-79.89,30.98
26.19,-79.87,30.96
26.19,-79.85,30.96
26.19,-79.83,30.96
26.19,-79.75,30.74
26.19,-79.73,30.89
26.19,-79.71,30.89
26.19,-79.69,30.82
26.19,-79.67,30.73
26.19,-79.65,30.64
26.19,-79.63,30.68
26.19,-79.61,30.63
26.19,-79.59,30.62
26.19,-79.57,30.61
26.19,-79.55,30.5
26.19,-79.53,30.41
26.19,-78.99,30.32
26.19,-78.97,30.27
26.19,-78.95,30.38
26.19,-78.93,30.39
26.19,-78.91,30.34
26.19,-78.89,30.28
26.19,-78.87,30.13
26.19,-78.85,30.01
26.19,-78.83,29.92
26.19,-78.81,29.87
26.19,-78.79,29.91
26.19,-78.77,29.9
26.19,-78.75,29.94
26.19,-78.73,30.03
26.19,-78.71,29.89
26.19,-78.69,29.68
26.19,-78.67,29.63
26.19,-78.65,29.64
26.19,-78.63,29.75
26.19,-78.61,29.73
26.19,-78.59,29.79
26.19,-77.87,30.62
26.19,-77.83,30.66
26.19,-77.03,30.39
26.19,-77.01,30.44
26.19,-76.99,30.42
26.19,-76.97,30.44
26.19,-76.95,30.33
26.19,-76.93,30.25
26.19,-76.91,30.3
26.19,-76.89,30.32
26.19,-76.87,30.33
26.19,-76.85,30.27
26.19,-76.83,30.23
26.19,-76.81,30.23
26.19,-76.79,30.18
26.19,-76.77,30.15
26.19,-76.75,30.15
26.19,-76.73,30.09
26.19,-76.71,30.02
26.19,-76.69,30.0
26.19,-76.67,29.93
26.19,-76.65,29.9
26.19,-76.63,29.93
26.19,-76.61,30.16
26.19,-76.59,30.31
26.19,-76.57,30.4
26.19,-76.55,30.34
26.19,-76.53,30.31
26.19,-76.51,30.32
26.19,-76.49,30.22
26.19,-76.47,30.27
26.19,-76.45,30.23
26.19,-76.41,30.23
26.19,-76.37,30.22
26.19,-76.29,30.27
26.19,-76.27,30.28
26.17,-80.09,30.32
26.17,-80.07,30.42
26.17,-80.05,30.63
26.17,-80.03,31.15
26.17,-80.01,31.28
26.17,-79.99,31.25
26.17,-79.97,31.19
26.17,-79.95,31.18
26.17,-79.93,31.18
26.17,-79.91,31.12
26.17,-79.89,31.08
26.17,-79.87,31.03
26.17,-79.85,31.02
26.17,-79.83,31.04
26.17,-79.81,31.06
26.17,-79.77,30.77
26.17,-79.75,30.74
26.17,-79.71,30.91
26.17,-79.69,30.89
26.17,-79.67,30.82
26.17,-79.65,30.6
26.17,-79.63,30.6
26.17,-79.61,30.6
26.17,-79.59,30.54
26.17,-79.57,30.51
26.17,-79.55,30.37
26.17,-79.01,30.22
26.17,-78.99,30.26
26.17,-78.97,30.38
26.17,-78.95,30.43
26.17,-78.93,30.48
26.17,-78.91,30.42
26.17,-78.89,30.31
26.17,-78.87,30.14
26.17,-78.85,30.0
26.17,-78.83,29.91
26.17,-78.81,29.96
26.17,-78.79,29.98
26.17,-78.77,30.0
26.17,-78.75,30.05
26.17,-78.73,30.04
26.17,-78.71,29.88
26.17,-78.69,29.73
26.17,-78.67,29.73
26.17,-78.65,29.55
26.17,-78.63,29.55
26.17,-78.61,29.86
26.17,-78.59,29.9
26.17,-77.89,30.56
26.17,-77.87,30.61
26.17,-77.85,30.67
26.17,-77.83,30.67
26.17,-77.81,30.65
26.17,-77.79,30.68
26.17,-77.77,30.7
26.17,-77.05,30.38
26.17,-77.03,30.37
26.17,-77.01,30.4
26.17,-76.99,30.48
26.17,-76.97,30.47
26.17,-76.95,30.39
26.17,-76.93,30.29
26.17,-76.91,30.29
26.17,-76.89,30.32
26.17,-76.87,30.34
26.17,-76.85,30.15
26.17,-76.83,30.07
26.17,-76.81,30.11
26.17,-76.79,30.15
26.17,-76.77,30.16
26.17,-76.75,30.16
26.17,-76.73,30.18
26.17,-76.71,30.03
26.17,-76.69,29.91
26.17,-76.67,29.83
26.17,-76.65,29.87
26.17,-76.63,30.0
26.17,-76.61,30.1
26.17,-76.59,30.2
26.17,-76.57,30.25
26.17,-76.55,30.25
26.17,-76.53,30.26
26.17,-76.51,30.36
26.17,-76.49,30.43
26.17,-76.47,30.32
26.17,-76.45,30.26
26.17,-76.43,30.22
26.17,-76.41,30.26
26.17,-76.39,30.26
26.17,-76.37,30.26
26.17,-76.35,30.25
26.17,-76.29,30.29
26.15,-80.09,30.29
26.15,-80.07,30.45
26.15,-80.05,30.92
26.15,-80.03,31.08
26.15,-80.01,31.31
26.15,-79.99,31.28
26.15,-79.97,31.22
26.15,-79.95,31.19
26.15,-79.93,31.19
26.15,-79.91,31.17
26.15,-79.89,31.14
26.15,-79.87,31.11
26.15,-79.85,31.05
26.15,-79.83,31.04
26.15,-79.81,31.08
26.15,-79.79,31.04
26.15,-79.77,30.92
26.15,-79.75,30.87
26.15,-79.73,30.78
26.15,-79.71,30.91
26.15,-79.69,30.87
26.15,-79.67,30.74
26.15,-79.65,30.62
26.15,-79.63,30.52
26.15,-79.61,30.51
26.15,-79.59,30.45
26.15,-79.57,30.37
26.15,-79.49,30.33
26.15,-79.47,30.31
26.15,-78.99,30.18
26.15,-78.97,30.4
26.15,-78.95,30.52
26.15,-78.93,30.5
26.15,-78.91,30.4
26.15,-78.89,30.32
26.15,-78.87,30.19
26.15,-78.85,30.07
26.15,-78.83,30.0
26.15,-78.81,29.96
26.15,-78.79,29.99
26.15,-78.77,30.0
26.15,-78.75,30.04
26.15,-78.73,30.01
26.15,-78.71,29.94
26.15,-78.69,29.87
26.15,-78.67,29.85
26.15,-78.65,29.74
26.15,-78.63,29.8
26.15,-78.61,29.9
26.15,-78.59,29.93
26.15,-77.91,30.51
26.15,-77.89,30.55
26.15,-77.87,30.58
26.15,-77.85,30.68
26.15,-77.83,30.66
26.15,-77.81,30.64
26.15,-77.79,30.66
26.15,-77.77,30.67
26.15,-77.05,30.36
26.15,-77.03,30.36
26.15,-77.01,30.41
26.15,-76.99,30.43
26.15,-76.97,30.42
26.15,-76.95,30.38
26.15,-76.93,30.32
26.15,-76.91,30.37
26.15,-76.89,30.38
26.15,-76.87,30.24
26.15,-76.85,29.99
26.15,-76.83,30.0
26.15,-76.81,30.09
26.15,-76.79,30.16
26.15,-76.77,30.27
26.15,-76.75,30.25
26.15,-76.73,30.19
26.15,-76.69,29.91
26.15,-76.67,29.83
26.15,-76.65,29.87
26.15,-76.63,30.09
26.15,-76.61,30.11
26.15,-76.59,30.08
26.15,-76.57,30.19
26.15,-76.55,30.26
26.15,-76.53,30.31
26.15,-76.51,30.3
26.15,-76.49,30.35
26.15,-76.47,30.32
26.15,-76.45,30.28
26.15,-76.43,30.21
26.15,-76.41,30.36
26.15,-76.39,30.38
26.15,-76.37,30.36
26.15,-76.35,30.26
26.15,-76.33,30.25
26.15,-76.31,30.37
26.13,-80.09,30.32
26.13,-80.07,30.44
26.13,-80.05,31.01
26.13,-80.03,31.14
26.13,-80.01,31.3
26.13,-79.99,31.27
26.13,-79.97,31.25
26.13,-79.95,31.22
26.13,-79.93,31.24
26.13,-79.91,31.19
26.13,-79.89,31.16
26.13,-79.87,31.16
26.13,-79.85,31.1
26.13,-79.83,31.05
26.13,-79.81,31.06
26.13,-79.79,31.07
26.13,-79.77,31.01
26.13,-79.75,30.92
26.13,-79.73,30.76
26.13,-79.71,30.83
26.13,-79.69,30.8
26.13,-79.67,30.69
26.13,-79.65,30.49
26.13,-79.63,30.4
26.13,-79.61,30.35
26.13,-79.59,30.35
26.13,-79.53,30.32
26.13,-79.51,30.4
26.13,-79.49,30.46
26.13,-79.47,30.39
26.13,-79.45,30.35
26.13,-78.99,30.18
26.13,-78.97,30.34
26.13,-78.95,30.45
26.13,-78.93,30.42
26.13,-78.91,30.38
26.13,-78.89,30.35
26.13,-78.87,30.27
26.13,-78.85,30.2
26.13,-78.83,30.06
26.13,-78.81,30.06
26.13,-78.79,30.01
26.13,-78.77,30.03
26.13,-78.75,30.07
26.13,-78.73,30.04
26.13,-78.71,29.99
26.13,-78.69,29.9
26.13,-78.67,29.88
26.13,-78.65,29.84
26.13,-78.63,29.88
26.13,-78.61,29.98
26.13,-78.59,30.06
26.13,-78.57,30.09
26.13,-77.89,30.52
26.13,-77.87,30.59
26.13,-77.85,30.7
26.13,-77.83,30.71
26.13,-77.81,30.62
26.13,-77.77,30.65
26.13,-77.75,30.68
26.13,-77.17,30.48
26.13,-77.05,30.34
26.13,-77.03,30.34
26.13,-77.01,30.34
26.13,-76.99,30.32
26.13,-76.97,30.33
26.13,-76.95,30.34
26.13,-76.93,30.33
26.13,-76.91,30.36
26.13,-76.89,30.34
26.13,-76.87,30.19
26.13,-76.85,30.04
26.13,-76.83,30.08
26.13,-76.81,30.16
26.13,-76.79,30.24
26.13,-76.77,30.33
26.13,-76.75,30.3
26.13,-76.73,30.27
26.13,-76.63,30.09
26.13,-76.61,30.13
26.13,-76.59,30.09
26.13,-76.57,30.14
26.13,-76.55,30.23
26.13,-76.53,30.3
26.13,-76.51,30.27
26.13,-76.49,30.25
26.13,-76.47,30.15
26.13,-76.45,30.17
26.13,-76.43,30.23
26.13,-76.41,30.33
26.13,-76.39,30.44
26.13,-76.37,30.44
26.13,-76.35,30.39
26.13,-76.33,30.35
26.13,-76.31,30.46
26.13,-76.29,30.46
26.11,-80.09,30.75
26.11,-80.07,30.65
26.11,-80.05,31.01
26.11,-80.03,31.3
26.11,-80.01,31.31
26.11,-79.99,31.27
26.11,-79.97,31.26
26.11,-79.95,31.3
26.11,-79.93,31.31
26.11,-79.91,31.27
26.11,-79.89,31.23
26.11,-79.87,31.16
26.11,-79.85,31.15
26.11,-79.83,31.15
26.11,-79.81,31.08
26.11,-79.79,31.07
26.11,-79.77,31.01
26.11,-79.75,30.97
26.11,-79.73,30.79
26.11,-79.71,30.65
26.11,-79.69,30.45
26.11,-79.67,30.61
26.11,-79.65,30.59
26.11,-79.63,30.46
26.11,-79.61,30.33
26.11,-79.55,30.31
26.11,-79.53,30.37
26.11,-79.51,30.43
26.11,-79.49,30.47
26.11,-79.47,30.42
26.11,-79.45,30.38
26.11,-79.41,30.42
26.11,-79.39,30.42
26.11,-78.95,30.36
26.11,-78.93,30.38
26.11,-78.91,30.38
26.11,-78.89,30.36
26.11,-78.87,30.26
26.11,-78.85,30.2
26.11,-78.61,30.14
26.11,-78.59,30.14
26.11,-78.15,30.53
26.11,-77.87,30.54
26.11,-77.85,30.62
26.11,-77.83,30.69
26.11,-77.81,30.64
26.11,-77.79,30.6
26.11,-77.77,30.62
26.11,-77.17,30.45
26.11,-77.05,30.34
26.11,-77.03,30.36
26.11,-77.01,30.31
26.11,-76.99,30.16
26.11,-76.97,30.2
26.11,-76.95,30.23
26.11,-76.93,30.33
26.11,-76.91,30.35
26.11,-76.89,30.28
26.11,-76.87,30.19
26.11,-76.85,30.13
26.11,-76.83,30.16
26.11,-76.81,30.22
26.11,-76.79,30.3
26.11,-76.77,30.41
26.11,-76.75,30.33
26.11,-76.73,30.26
26.11,-76.63,30.12
26.11,-76.61,30.12
26.11,-76.57,30.07
26.11,-76.55,30.1
26.11,-76.53,30.23
26.11,-76.51,30.22
26.11,-76.49,30.23
26.11,-76.47,30.09
26.11,-76.45,30.08
26.11,-76.41,30.27
26.11,-76.39,30.33
26.11,-76.37,30.43
26.11,-76.35,30.48
26.11,-76.33,30.54
26.11,-76.31,30.52
26.09,-80.09,30.48
26.09,-80.07,30.73
26.09,-80.05,31.2
26.09,-80.03,31.27
26.09,-80.01,31.33
26.09,-79.99,31.27
26.09,-79.97,31.27
26.09,-79.95,31.36
26.09,-79.93,31.34
26.09,-79.91,31.34
26.09,-79.89,31.32
26.09,-79.87,31.23
26.09,-79.85,31.22
26.09,-79.83,31.22
26.09,-79.81,31.16
26.09,-79.79,31.11
26.09,-79.77,31.02
26.09,-79.75,30.98
26.09,-79.73,30.76
26.09,-79.71,30.61
26.09,-79.69,30.49
26.09,-79.67,30.45
26.09,-79.65,30.53
26.09,-79.63,30.47
26.09,-79.61,30.34
26.09,-79.59,30.29
26.09,-79.57,30.29
26.09,-79.55,30.34
26.09,-79.53,30.46
26.09,-79.51,30.55
26.09,-79.49,30.51
26.09,-79.47,30.43
26.09,-79.45,30.37
26.09,-79.43,30.39
26.09,-79.41,30.39
26.09,-79.39,30.38
26.09,-78.93,30.37
26.09,-78.91,30.38
26.09,-78.61,30.2
26.09,-78.59,30.25
26.09,-78.09,30.56
26.09,-77.51,30.94
26.09,-77.45,31.01
26.09,-77.43,31.0
26.09,-77.41,30.89
26.09,-77.17,30.43
26.09,-77.15,30.38
26.09,-77.05,30.3
26.09,-77.03,30.29
26.09,-77.01,30.22
26.09,-76.99,29.96
26.09,-76.97,30.08
26.09,-76.95,30.17
26.09,-76.93,30.2
26.09,-76.91,30.26
26.09,-76.89,30.21
26.09,-76.87,30.19
26.09,-76.85,30.15
26.09,-76.83,30.21
26.09,-76.81,30.25
26.09,-76.79,30.3
26.09,-76.77,30.42
26.09,-76.75,30.27
26.09,-76.73,30.19
26.09,-76.71,30.16
26.09,-76.69,30.18
26.09,-76.67,30.17
26.09,-76.65,30.08
26.09,-76.63,30.09
26.09,-76.61,30.1
26.09,-76.55,30.09
26.09,-76.53,30.18
26.09,-76.51,30.14
26.09,-76.49,30.11
26.09,-76.47,30.09
26.09,-76.39,30.32
26.09,-76.37,30.37
26.09,-76.35,30.49
26.09,-76.33,30.64
26.09,-76.31,30.63
26.07,-80.11,30.48
26.07,-80.09,30.49
26.07,-80.07,30.72
26.07,-80.05,31.14
26.07,-80.03,31.31
26.07,-80.01,31.39
26.07,-79.99,31.27
26.07,-79.97,31.26
26.07,-79.95,31.33
26.07,-79.93,31.34
26.07,-79.91,31.41
26.07,-79.89,31.34
26.07,-79.87,31.28
26.07,-79.85,31.3
26.07,-79.83,31.3
26.07,-79.81,31.25
26.07,-79.79,31.19
26.07,-79.77,31.07
26.07,-79.75,30.95
26.07,-79.73,30.61
26.07,-79.71,30.5
26.07,-79.69,30.45
26.07,-79.67,30.36
26.07,-79.65,30.46
26.07,-79.63,30.51
26.07,-79.61,30.48
26.07,-79.59,30.54
26.07,-79.57,30.52
26.07,-79.55,30.5
26.07,-79.53,30.52
26.07,-79.51,30.57
26.07,-79.49,30.47
26.07,-79.47,30.42
26.07,-79.45,30.34
26.07,-79.43,30.4
26.07,-79.41,30.4
26.07,-79.39,30.36
26.07,-79.15,30.39
26.07,-77.79,30.55
26.07,-77.77,30.56
26.07,-77.53,30.98
26.07,-77.51,30.94
26.07,-77.49,30.85
26.07,-77.47,30.89
26.07,-77.45,30.96
26.07,-77.43,31.15
26.07,-77.41,31.07
26.07,-77.39,31.02
26.07,-77.17,30.43
26.07,-77.15,30.37
26.07,-77.05,30.16
26.07,-77.03,30.18
26.07,-77.01,30.16
26.07,-76.99,29.87
26.07,-76.97,29.85
26.07,-76.95,30.14
26.07,-76.93,30.13
26.07,-76.91,30.22
26.07,-76.89,30.22
26.07,-76.87,30.18
26.07,-76.85,30.18
26.07,-76.83,30.21
26.07,-76.81,30.25
26.07,-76.79,30.28
26.07,-76.77,30.39
26.07,-76.75,30.33
26.07,-76.73,30.29
26.07,-76.71,30.09
26.07,-76.69,30.12
26.07,-76.67,30.21
26.07,-76.65,30.16
26.07,-76.63,30.1
26.07,-76.59,30.05
26.07,-76.57,30.07
26.07,-76.55,30.1
26.07,-76.53,30.1
26.07,-76.51,30.08
26.07,-76.39,30.26
26.07,-76.37,30.28
26.07,-76.35,30.42
26.07,-76.33,30.55
26.07,-76.31,30.5
26.05,-80.11,30.54
26.05,-80.09,30.57
26.05,-80.07,30.62
26.05,-80.05,31.1
26.05,-80.03,31.24
26.05,-80.01,31.36
26.05,-79.99,31.31
26.05,-79.97,31.29
26.05,-79.95,31.3
26.05,-79.93,31.28
26.05,-79.91,31.31
26.05,-79.89,31.34
26.05,-79.87,31.31
26.05,-79.85,31.33
26.05,-79.83,31.35
26.05,-79.81,31.3
26.05,-79.79,31.22
26.05,-79.77,31.09
26.05,-79.75,30.93
26.05,-79.73,30.83
26.05,-79.71,30.83
26.05,-79.69,30.49
26.05,-79.67,30.47
26.05,-79.65,30.46
26.05,-79.63,30.53
26.05,-79.61,30.51
26.05,-79.59,30.63
26.05,-79.57,30.64
26.05,-79.55,30.66
26.05,-79.53,30.63
26.05,-79.51,30.57
26.05,-79.49,30.5
26.05,-79.47,30.45
26.05,-79.43,30.41
26.05,-79.41,30.4
26.05,-79.39,30.37
26.05,-79.17,30.36
26.05,-79.15,30.42
26.05,-77.79,30.54
26.05,-77.77,30.56
26.05,-77.75,30.57
26.05,-77.55,30.8
26.05,-77.53,30.81
26.05,-77.51,30.78
26.05,-77.45,30.88
26.05,-77.43,31.34
26.05,-77.41,31.39
26.05,-77.39,31.21
26.05,-77.37,31.17
26.05,-77.19,30.45
26.05,-77.15,30.34
26.05,-77.13,30.24
26.05,-77.11,30.19
26.05,-77.09,30.19
26.05,-77.07,30.15
26.05,-77.05,30.15
26.05,-77.03,30.11
26.05,-77.01,30.13
26.05,-76.99,29.88
26.05,-76.97,29.76
26.05,-76.95,29.84
26.05,-76.93,30.1
26.05,-76.91,30.17
26.05,-76.89,30.15
26.05,-76.87,30.17
26.05,-76.85,30.19
26.05,-76.83,30.21
26.05,-76.81,30.25
26.05,-76.79,30.25
26.05,-76.77,30.36
26.05,-76.75,30.33
26.05,-76.73,30.38
26.05,-76.71,30.17
26.05,-76.69,30.2
26.05,-76.67,30.15
26.05,-76.65,30.14
26.05,-76.63,30.12
26.05,-76.61,30.08
26.05,-76.59,30.06
26.05,-76.57,30.09
26.05,-76.55,30.11
26.05,-76.53,30.09
26.05,-76.39,30.27
26.05,-76.37,30.35
26.05,-76.35,30.35
26.05,-76.33,30.32
26.05,-76.31,30.37
26.05,-76.29,30.31
26.03,-80.11,30.55
26.03,-80.09,30.58
26.03,-80.07,30.75
26.03,-80.05,31.12
26.03,-80.03,31.3
26.03,-80.01,31.37
26.03,-79.99,31.32
26.03,-79.97,31.3
26.03,-79.95,31.27
26.03,-79.93,31.22
26.03,-79.91,31.17
26.03,-79.89,31.26
26.03,-79.87,31.36
26.03,-79.85,31.43
26.03,-79.83,31.4
26.03,-79.81,31.27
26.03,-79.79,31.25
26.03,-79.77,31.07
26.03,-79.75,30.79
26.03,-79.73,30.76
26.03,-79.71,30.81
26.03,-79.69,30.71
26.03,-79.67,30.63
26.03,-79.65,30.61
26.03,-79.63,30.61
26.03,-79.61,30.66
26.03,-79.59,30.75
26.03,-79.57,30.8
26.03,-79.55,30.76
26.03,-79.53,30.7
26.03,-79.51,30.64
26.03,-79.49,30.64
26.03,-79.47,30.5
26.03,-79.45,30.43
26.03,-79.43,30.38
26.03,-77.89,30.55
26.03,-77.87,30.56
26.03,-77.85,30.56
26.03,-77.81,30.52
26.03,-77.79,30.53
26.03,-77.77,30.55
26.03,-77.57,30.71
26.03,-77.55,30.77
26.03,-77.53,30.85
26.03,-77.51,30.8
26.03,-77.43,30.96
26.03,-77.41,31.25
26.03,-77.39,31.74
26.03,-77.37,31.34
26.03,-77.19,30.3
26.03,-77.15,30.23
26.03,-77.13,30.21
26.03,-77.11,30.16
26.03,-77.09,30.2
26.03,-77.07,30.18
26.03,-77.05,30.17
26.03,-77.03,30.17
26.03,-77.01,30.08
26.03,-76.97,29.76
26.03,-76.95,29.93
26.03,-76.93,30.02
26.03,-76.91,30.08
26.03,-76.89,30.09
26.03,-76.87,30.13
26.03,-76.85,30.16
26.03,-76.83,30.18
26.03,-76.81,30.24
26.03,-76.79,30.24
26.03,-76.77,30.38
26.03,-76.75,30.31
26.03,-76.73,30.17
26.03,-76.71,30.23
26.03,-76.69,30.25
26.03,-76.67,30.16
26.03,-76.65,30.23
26.03,-76.63,30.2
26.03,-76.61,30.15
26.03,-76.59,30.12
26.03,-76.57,30.13
26.03,-76.55,30.17
26.03,-76.53,30.13
26.03,-76.41,30.18
26.03,-76.39,30.2
26.03,-76.37,30.32
26.03,-76.33,30.24
26.03,-76.27,30.28
26.03,-76.21,30.56
26.01,-80.11,30.68
26.01,-80.09,30.75
26.01,-80.07,30.78
26.01,-80.05,31.17
26.01,-80.03,31.3
26.01,-80.01,31.34
26.01,-79.99,31.36
26.01,-79.97,31.32
26.01,-79.95,31.25
26.01,-79.93,31.14
26.01,-79.91,31.14
26.01,-79.89,31.24
26.01,-79.87,31.33
26.01,-79.85,31.43
26.01,-79.83,31.39
26.01,-79.81,31.34
26.01,-79.79,31.29
26.01,-79.77,31.07
26.01,-79.75,30.96
26.01,-79.73,30.92
26.01,-79.71,30.7
26.01,-79.69,30.65
26.01,-79.67,30.71
26.01,-79.65,30.83
26.01,-79.63,30.85
26.01,-79.61,30.77
26.01,-79.59,30.88
26.01,-79.57,30.9
26.01,-79.55,30.79
26.01,-79.53,30.74
26.01,-79.51,30.67
26.01,-79.49,30.66
26.01,-79.47,30.6
26.01,-79.45,30.52
26.01,-79.43,30.42
26.01,-79.39,30.39
26.01,-79.37,30.39
26.01,-77.87,30.55
26.01,-77.85,30.55
26.01,-77.83,30.57
26.01,-77.81,30.56
26.01,-77.79,30.55
26.01,-77.77,30.53
26.01,-77.57,30.68
26.01,-77.55,30.73
26.01,-77.53,30.79
26.01,-77.51,30.8
26.01,-77.49,30.72
26.01,-77.47,30.67
26.01,-77.43,30.8
26.01,-77.41,30.99
26.01,-77.19,30.29
26.01,-77.17,30.27
26.01,-77.15,30.27
26.01,-77.13,30.26
26.01,-77.11,30.21
26.01,-77.09,30.29
26.01,-77.07,30.29
26.01,-77.05,30.16
26.01,-77.03,30.17
26.01,-77.01,30.06
26.01,-76.99,29.81
26.01,-76.97,29.87
26.01,-76.95,30.12
26.01,-76.93,30.0
26.01,-76.91,29.97
26.01,-76.89,30.06
26.01,-76.87,30.08
26.01,-76.85,30.12
26.01,-76.83,30.15
26.01,-76.81,30.18
26.01,-76.79,30.23
26.01,-76.77,30.29
26.01,-76.75,30.33
26.01,-76.73,30.3
26.01,-76.71,30.22
26.01,-76.69,30.26
26.01,-76.67,30.24
26.01,-76.65,30.33
26.01,-76.63,30.24
26.01,-76.61,30.26
26.01,-76.59,30.33
26.01,-76.57,30.2
26.01,-76.55,30.13
26.01,-76.53,30.16
26.01,-76.33,30.24
26.01,-76.31,30.26
26.01,-76.29,30.33
26.01,-76.27,30.42
26.01,-76.25,30.35
26.01,-76.23,30.42
26.01,-76.21,30.54
25.99,-80.11,31.11
25.99,-80.09,30.85
25.99,-80.07,31.16
25.99,-80.05,31.24
25.99,-80.03,31.25
25.99,-80.01,31.3
25.99,-79.99,31.36
25.99,-79.97,31.31
25.99,-79.95,31.27
25.99,-79.93,31.24
25.99,-79.91,31.22
25.99,-79.89,31.26
25.99,-79.87,31.29
25.99,-79.85,31.4
25.99,-79.83,31.39
25.99,-79.81,31.4
25.99,-79.79,31.3
25.99,-79.77,31.07
25.99,-79.75,30.98
25.99,-79.73,30.94
25.99,-79.71,30.71
25.99,-79.69,30.75
25.99,-79.67,30.9
25.99,-79.65,30.91
25.99,-79.63,30.87
25.99,-79.61,30.83
25.99,-79.59,31.05
25.99,-79.57,31.05
25.99,-79.53,30.7
25.99,-79.51,30.59
25.99,-79.49,30.58
25.99,-79.47,30.65
25.99,-79.45,30.57
25.99,-79.43,30.39
25.99,-79.41,30.39
25.99,-79.39,30.4
25.99,-77.85,30.57
25.99,-77.83,30.59
25.99,-77.81,30.58
25.99,-77.79,30.56
25.99,-77.55,30.69
25.99,-77.53,30.76
25.99,-77.51,30.72
25.99,-77.49,30.71
25.99,-77.47,30.69
25.99,-77.45,30.67
25.99,-77.43,30.77
25.99,-77.41,30.84
25.99,-77.35,31.05
25.99,-77.31,31.15
25.99,-77.17,30.34
25.99,-77.15,30.31
25.99,-77.13,30.34
25.99,-77.11,30.53
25.99,-77.09,30.32
25.99,-77.07,30.34
25.99,-77.05,30.18
25.99,-77.03,30.11
25.99,-77.01,30.06
25.99,-76.99,30.0
25.99,-76.97,29.89
25.99,-76.95,29.9
25.99,-76.93,30.03
25.99,-76.91,30.03
25.99,-76.89,30.06
25.99,-76.87,30.02
25.99,-76.85,30.03
25.99,-76.83,30.07
25.99,-76.81,30.13
25.99,-76.79,30.21
25.99,-76.77,30.22
25.99,-76.75,30.35
25.99,-76.73,30.34
25.99,-76.71,30.36
25.99,-76.69,30.34
25.99,-76.67,30.32
25.99,-76.65,30.39
25.99,-76.63,30.36
25.99,-76.61,30.43
25.99,-76.59,30.43
25.99,-76.57,30.27
25.99,-76.55,30.16
25.99,-76.53,30.12
25.99,-76.47,30.4
25.99,-76.45,30.36
25.99,-76.39,30.3
25.99,-76.37,30.27
25.99,-76.35,30.24
25.99,-76.33,30.25
25.99,-76.31,30.27
25.99,-76.29,30.27
25.99,-76.27,30.37
25.99,-76.25,30.45
25.99,-76.23,30.52
25.99,-76.21,30.58
25.99,-76.15,30.31
25.97,-80.11,31.42
25.97,-80.09,31.12
25.97,-80.07,31.22
25.97,-80.05,31.25
25.97,-80.03,31.23
25.97,-80.01,31.3
25.97,-79.99,31.33
25.97,-79.97,31.31
25.97,-79.95,31.31
25.97,-79.93,31.29
25.97,-79.91,31.28
25.97,-79.89,31.3
25.97,-79.87,31.38
25.97,-79.85,31.44
25.97,-79.83,31.5
25.97,-79.81,31.46
25.97,-79.79,31.43
25.97,-79.77,31.09
25.97,-79.75,31.03
25.97,-79.73,30.85
25.97,-79.71,30.78
25.97,-79.69,30.91
25.97,-79.67,30.94
25.97,-79.65,30.87
25.97,-79.63,30.78
25.97,-79.61,30.78
25.97,-79.59,31.03
25.97,-79.57,31.06
25.97,-79.55,30.64
25.97,-79.53,30.66
25.97,-79.51,30.52
25.97,-79.49,30.52
25.97,-79.47,30.61
25.97,-79.43,30.47
25.97,-79.41,30.46
25.97,-79.39,30.45
25.97,-77.85,30.57
25.97,-77.83,30.57
25.97,-77.55,30.62
25.97,-77.53,30.68
25.97,-77.51,30.68
25.97,-77.49,30.69
25.97,-77.47,30.67
25.97,-77.45,30.63
25.97,-77.33,31.08
25.97,-77.31,31.12
25.97,-77.29,31.06
25.97,-77.19,30.3
25.97,-77.17,30.33
25.97,-77.15,30.37
25.97,-77.13,30.27
25.97,-77.11,30.33
25.97,-77.09,30.39
25.97,-77.07,30.21
25.97,-77.05,30.16
25.97,-77.03,30.15
25.97,-77.01,30.13
25.97,-76.99,30.04
25.97,-76.97,29.9
25.97,-76.95,29.94
25.97,-76.93,30.0
25.97,-76.91,30.1
25.97,-76.89,30.07
25.97,-76.87,30.01
25.97,-76.85,30.01
25.97,-76.83,30.05
25.97,-76.81,30.14
25.97,-76.79,30.17
25.97,-76.77,30.23
25.97,-76.75,30.31
25.97,-76.73,30.38
25.97,-76.71,30.41
25.97,-76.69,30.39
25.97,-76.67,30.38
25.97,-76.65,30.42
25.97,-76.63,30.58
25.97,-76.61,30.53
25.97,-76.59,30.46
25.97,-76.57,30.34
25.97,-76.55,30.24
25.97,-76.53,30.21
25.97,-76.51,30.22
25.97,-76.49,30.29
25.97,-76.47,30.44
25.97,-76.45,30.35
25.97,-76.43,30.29
25.97,-76.41,30.26
25.97,-76.39,30.29
25.97,-76.37,30.28
25.97,-76.35,30.25
25.97,-76.33,30.28
25.97,-76.27,30.34
25.97,-76.25,30.4
25.97,-76.23,30.35
25.97,-76.21,30.39
25.95,-80.11,31.37
25.95,-80.09,31.07
25.95,-80.07,31.18
25.95,-80.05,31.29
25.95,-80.03,31.34
25.95,-80.01,31.31
25.95,-79.99,31.3
25.95,-79.97,31.31
25.95,-79.95,31.34
25.95,-79.93,31.34
25.95,-79.91,31.33
25.95,-79.89,31.35
25.95,-79.87,31.45
25.95,-79.85,31.55
25.95,-79.83,31.5
25.95,-79.81,31.47
25.95,-79.79,31.38
25.95,-79.77,31.21
25.95,-79.75,31.12
25.95,-79.73,30.95
25.95,-79.71,30.88
25.95,-79.69,30.94
25.95,-79.67,31.01
25.95,-79.65,30.89
25.95,-79.63,30.85
25.95,-79.61,30.81
25.95,-79.53,30.67
25.95,-79.51,30.67
25.95,-79.49,30.63
25.95,-79.47,30.66
25.95,-79.45,30.63
25.95,-79.43,30.49
25.95,-79.41,30.46
25.95,-79.39,30.43
25.95,-77.55,30.56
25.95,-77.53,30.61
25.95,-77.51,30.61
25.95,-77.49,30.6
25.95,-77.47,30.58
25.95,-77.45,30.5
25.95,-77.43,30.41
25.95,-77.41,30.3
25.95,-77.39,30.22
25.95,-77.37,29.91
25.95,-77.35,30.01
25.95,-77.33,30.33
25.95,-77.31,30.92
25.95,-77.29,31.03
25.95,-77.17,30.3
25.95,-77.15,30.26
25.95,-77.13,30.25
25.95,-77.11,30.28
25.95,-77.09,30.43
25.95,-77.07,30.35
25.95,-77.05,30.22
25.95,-77.03,30.28
25.95,-77.01,30.21
25.95,-76.99,30.09
25.95,-76.97,29.93
25.95,-76.95,29.99
25.95,-76.93,30.01
25.95,-76.91,30.07
25.95,-76.89,30.01
25.95,-76.87,29.89
25.95,-76.85,29.98
25.95,-76.83,30.03
25.95,-76.81,30.15
25.95,-76.79,30.19
25.95,-76.77,30.19
25.95,-76.75,30.24
25.95,-76.73,30.39
25.95,-76.71,30.42
25.95,-76.69,30.45
25.95,-76.67,30.41
25.95,-76.65,30.45
25.95,-76.63,30.56
25.95,-76.61,30.48
25.95,-76.59,30.37
25.95,-76.57,30.31
25.95,-76.55,30.28
25.95,-76.53,30.2
25.95,-76.51,30.28
25.95,-76.49,30.39
25.95,-76.47,30.41
25.95,-76.45,30.38
25.95,-76.43,30.44
25.95,-76.41,30.34
25.95,-76.39,30.21
25.95,-76.37,30.22
25.95,-76.35,30.26
25.95,-76.33,30.32
25.93,-80.11,31.33
25.93,-80.09,31.23
25.93,-80.07,31.1
25.93,-80.05,31.24
25.93,-80.03,31.32
25.93,-80.01,31.36
25.93,-79.99,31.32
25.93,-79.97,31.33
25.93,-79.95,31.34
25.93,-79.93,31.4
25.93,-79.91,31.44
25.93,-79.89,31.42
25.93,-79.87,31.44
25.93,-79.85,31.51
25.93,-79.83,31.51
25.93,-79.81,31.47
25.93,-79.79,31.43
25.93,-79.77,31.35
25.93,-79.75,31.22
25.93,-79.73,30.99
25.93,-79.71,30.87
25.93,-79.69,30.99
25.93,-79.67,31.16
25.93,-79.65,31.1
25.93,-79.63,31.08
25.93,-79.61,30.93
25.93,-79.59,30.66
25.93,-79.57,30.59
25.93,-79.55,30.8
25.93,-79.53,30.83
25.93,-79.51,30.7
25.93,-79.49,30.7
25.93,-79.47,30.78
25.93,-79.45,30.7
25.93,-79.43,30.5
25.93,-79.41,30.47
25.93,-79.39,30.49
25.93,-79.05,30.82
25.93,-78.93,30.97
25.93,-78.37,29.63
25.93,-78.35,29.66
25.93,-78.33,29.77
25.93,-77.67,30.26
25.93,-77.65,30.28
25.93,-77.63,30.27
25.93,-77.61,30.39
25.93,-77.59,30.45
25.93,-77.57,30.43
25.93,-77.55,30.42
25.93,-77.53,30.5
25.93,-77.51,30.55
25.93,-77.49,30.56
25.93,-77.47,30.53
25.93,-77.45,30.45
25.93,-77.43,30.34
25.93,-77.41,30.33
25.93,-77.39,30.42
25.93,-77.37,30.15
25.93,-77.35,30.13
25.93,-77.33,30.46
25.93,-77.31,30.46
25.93,-77.29,30.78
25.93,-77.17,30.46
25.93,-77.15,30.32
25.93,-77.13,30.3
25.93,-77.11,30.32
25.93,-77.09,30.31
25.93,-77.07,30.37
25.93,-77.05,30.35
25.93,-77.03,30.28
25.93,-77.01,30.18
25.93,-76.99,30.03
25.93,-76.97,30.01
25.93,-76.95,30.03
25.93,-76.93,29.99
25.93,-76.91,30.07
25.93,-76.89,29.99
25.93,-76.87,29.97
25.93,-76.85,30.0
25.93,-76.83,30.01
25.93,-76.81,30.09
25.93,-76.79,30.19
25.93,-76.77,30.24
25.93,-76.75,30.34
25.93,-76.73,30.39
25.93,-76.71,30.49
25.93,-76.69,30.5
25.93,-76.67,30.43
25.93,-76.65,30.4
25.93,-76.63,30.48
25.93,-76.61,30.35
25.93,-76.59,30.28
25.93,-76.57,30.36
25.93,-76.55,30.34
25.93,-76.53,30.35
25.93,-76.51,30.42
25.93,-76.49,30.45
25.93,-76.47,30.47
25.93,-76.45,30.46
25.93,-76.43,30.47
25.93,-76.41,30.44
25.93,-76.39,30.35
25.93,-76.37,30.24
25.93,-76.35,30.27
25.93,-76.33,30.43
25.93,-76.31,30.44
25.91,-80.13,31.6
25.91,-80.11,31.55
25.91,-80.09,31.36
25.91,-80.07,31.14
25.91,-80.05,31.19
25.91,-80.03,31.27
25.91,-80.01,31.34
25.91,-79.99,31.33
25.91,-79.97,31.33
25.91,-79.95,31.35
25.91,-79.93,31.43
25.91,-79.91,31.56
25.91,-79.89,31.48
25.91,-79.87,31.41
25.91,-79.85,31.48
25.91,-79.83,31.56
25.91,-79.81,31.52
25.91,-79.79,31.49
25.91,-79.77,31.29
25.91,-79.75,31.06
25.91,-79.73,31.0
25.91,-79.71,30.89
25.91,-79.69,31.08
25.91,-79.67,31.14
25.91,-79.65,31.16
25.91,-79.63,31.13
25.91,-79.61,31.07
25.91,-79.59,30.7
25.91,-79.57,30.61
25.91,-79.55,30.79
25.91,-79.53,30.79
25.91,-79.51,30.7
25.91,-79.49,30.8
25.91,-79.47,30.81
25.91,-79.45,30.67
25.91,-79.43,30.53
25.91,-79.41,30.52
25.91,-79.39,30.57
25.91,-79.37,30.53
25.91,-79.07,30.82
25.91,-79.05,30.8
25.91,-78.43,29.56
25.91,-78.41,29.55
25.91,-78.39,29.63
25.91,-78.37,29.66
25.91,-78.35,29.75
25.91,-78.33,29.8
25.91,-78.31,29.71
25.91,-77.69,30.24
25.91,-77.67,30.28
25.91,-77.65,30.32
25.91,-77.63,30.32
25.91,-77.61,30.41
25.91,-77.59,30.4
25.91,-77.57,30.37
25.91,-77.55,30.38
25.91,-77.53,30.4
25.91,-77.51,30.46
25.91,-77.49,30.53
25.91,-77.47,30.52
25.91,-77.45,30.46
25.91,-77.43,30.46
25.91,-77.41,30.52
25.91,-77.39,30.52
25.91,-77.37,30.27
25.91,-77.35,30.19
25.91,-77.33,30.63
25.91,-77.31,30.49
25.91,-77.29,30.7
25.91,-77.27,30.84
25.91,-77.17,30.4
25.91,-77.15,30.34
25.91,-77.13,30.28
25.91,-77.11,30.27
25.91,-77.09,30.34
25.91,-77.07,30.4
25.91,-77.05,30.36
25.91,-77.03,30.3
25.91,-77.01,30.14
25.91,-76.99,30.01
25.91,-76.97,30.05
25.91,-76.95,30.19
25.91,-76.93,30.06
25.91,-76.91,30.04
25.91,-76.89,30.09
25.91,-76.87,30.16
25.91,-76.85,30.06
25.91,-76.83,29.9
25.91,-76.81,30.07
25.91,-76.79,30.16
25.91,-76.77,30.28
25.91,-76.75,30.37
25.91,-76.73,30.42
25.91,-76.71,30.49
25.91,-76.69,30.49
25.91,-76.67,30.45
25.91,-76.65,30.38
25.91,-76.63,30.39
25.91,-76.61,30.39
25.91,-76.59,30.39
25.91,-76.57,30.4
25.91,-76.55,30.37
25.91,-76.53,30.42
25.91,-76.51,30.5
25.91,-76.49,30.55
25.91,-76.47,30.53
25.91,-76.45,30.53
25.91,-76.43,30.49
25.91,-76.41,30.47
25.91,-76.39,30.45
25.91,-76.37,30.43
25.91,-76.35,30.36
25.91,-76.33,30.45
25.91,-76.31,30.43
25.89,-80.11,31.6
25.89,-80.09,30.95
25.89,-80.07,31.14
25.89,-80.05,31.21
25.89,-80.03,31.24
25.89,-80.01,31.32
25.89,-79.99,31.35
25.89,-79.97,31.38
25.89,-79.95,31.39
25.89,-79.93,31.46
25.89,-79.91,31.5
25.89,-79.89,31.46
25.89,-79.87,31.43
25.89,-79.85,31.57
25.89,-79.83,31.58
25.89,-79.81,31.47
25.89,-79.79,31.32
25.89,-79.77,31.36
25.89,-79.75,31.15
25.89,-79.73,30.99
25.89,-79.71,30.98
25.89,-79.69,31.08
25.89,-79.67,31.16
25.89,-79.65,31.17
25.89,-79.63,31.13
25.89,-79.61,31.11
25.89,-79.59,30.95
25.89,-79.57,30.77
25.89,-79.55,30.71
25.89,-79.53,30.75
25.89,-79.51,30.76
25.89,-79.49,30.77
25.89,-79.47,30.74
25.89,-79.45,30.68
25.89,-79.43,30.59
25.89,-79.41,30.59
25.89,-79.39,30.62
25.89,-79.37,30.57
25.89,-79.09,30.9
25.89,-79.07,30.93
25.89,-79.05,30.91
25.89,-78.43,29.62
25.89,-78.41,29.61
25.89,-78.39,29.67
25.89,-78.37,29.74
25.89,-78.35,29.81
25.89,-78.33,29.76
25.89,-78.31,29.76
25.89,-77.77,30.58
25.89,-77.75,30.59
25.89,-77.69,30.3
25.89,-77.67,30.33
25.89,-77.65,30.37
25.89,-77.63,30.36
25.89,-77.61,30.37
25.89,-77.59,30.37
25.89,-77.57,30.37
25.89,-77.55,30.37
25.89,-77.53,30.42
25.89,-77.51,30.5
25.89,-77.49,30.56
25.89,-77.47,30.54
25.89,-77.45,30.6
25.89,-77.43,30.62
25.89,-77.41,30.63
25.89,-77.39,30.63
25.89,-77.37,30.59
25.89,-77.35,30.65
25.89,-77.33,30.65
25.89,-77.31,30.59
25.89,-77.29,30.57
25.89,-77.27,30.85
25.89,-77.25,30.92
25.89,-77.17,30.3
25.89,-77.15,30.27
25.89,-77.13,30.28
25.89,-77.11,30.31
25.89,-77.09,30.36
25.89,-77.07,30.41
25.89,-77.05,30.38
25.89,-77.03,30.27
25.89,-77.01,30.14
25.89,-76.99,29.99
25.89,-76.97,29.97
25.89,-76.95,30.11
25.89,-76.93,30.09
25.89,-76.91,30.0
25.89,-76.89,29.99
25.89,-76.87,30.04
25.89,-76.85,30.09
25.89,-76.83,30.05
25.89,-76.81,30.12
25.89,-76.79,30.2
25.89,-76.77,30.34
25.89,-76.75,30.39
25.89,-76.73,30.41
25.89,-76.71,30.44
25.89,-76.69,30.48
25.89,-76.67,30.4
25.89,-76.65,30.33
25.89,-76.63,30.38
25.89,-76.61,30.35
25.89,-76.59,30.37
25.89,-76.57,30.43
25.89,-76.55,30.47
25.89,-76.53,30.53
25.89,-76.51,30.58
25.89,-76.49,30.6
25.89,-76.47,30.59
25.89,-76.45,30.55
25.89,-76.43,30.52
25.89,-76.41,30.46
25.89,-76.39,30.46
25.89,-76.37,30.48
25.89,-76.35,30.49
25.89,-76.33,30.52
25.89,-76.31,30.44
25.89,-76.29,30.36
25.89,-76.27,30.32
25.87,-80.11,31.62
25.87,-80.09,31.03
25.87,-80.07,31.04
25.87,-80.05,31.23
25.87,-80.03,31.25
25.87,-80.01,31.33
25.87,-79.99,31.44
25.87,-79.97,31.39
25.87,-79.95,31.36
25.87,-79.93,31.44
25.87,-79.91,31.48
25.87,-79.89,31.45
25.87,-79.87,31.39
25.87,-79.85,31.53
25.87,-79.83,31.5
25.87,-79.81,31.4
25.87,-79.79,31.43
25.87,-79.77,31.43
25.87,-79.75,30.94
25.87,-79.73,30.94
25.87,-79.71,31.02
25.87,-79.69,31.11
25.87,-79.67,31.18
25.87,-79.65,31.06
25.87,-79.63,31.06
25.87,-79.61,31.14
25.87,-79.59,30.88
25.87,-79.57,30.81
25.87,-79.55,30.8
25.87,-79.53,30.83
25.87,-79.51,30.79
25.87,-79.49,30.74
25.87,-79.47,30.72
25.87,-79.45,30.67
25.87,-79.43,30.6
25.87,-79.41,30.6
25.87,-79.39,30.59
25.87,-79.37,30.57
25.87,-79.09,30.95
25.87,-79.07,30.94
25.87,-78.41,29.72
25.87,-78.39,29.83
25.87,-78.37,29.7
25.87,-78.35,29.72
25.87,-78.33,29.8
25.87,-78.31,29.84
25.87,-77.71,30.6
25.87,-77.69,30.61
25.87,-77.67,30.45
25.87,-77.65,30.42
25.87,-77.63,30.42
25.87,-77.61,30.4
25.87,-77.59,30.41
25.87,-77.57,30.42
25.87,-77.55,30.38
25.87,-77.53,30.48
25.87,-77.51,30.59
25.87,-77.49,30.57
25.87,-77.47,30.61
25.87,-77.45,30.67
25.87,-77.43,30.71
25.87,-77.41,30.72
25.87,-77.39,30.74
25.87,-77.37,30.73
25.87,-77.35,30.69
25.87,-77.33,30.64
25.87,-77.31,30.62
25.87,-77.29,30.73
25.87,-77.27,30.76
25.87,-77.25,30.79
25.87,-77.17,30.26
25.87,-77.15,30.31
25.87,-77.13,30.33
25.87,-77.11,30.35
25.87,-77.09,30.34
25.87,-77.07,30.42
25.87,-77.05,30.36
25.87,-77.03,30.25
25.87,-77.01,30.04
25.87,-76.99,30.0
25.87,-76.97,29.96
25.87,-76.95,30.0
25.87,-76.93,30.0
25.87,-76.91,29.99
25.87,-76.89,30.01
25.87,-76.87,30.1
25.87,-76.85,30.1
25.87,-76.83,30.09
25.87,-76.81,30.15
25.87,-76.79,30.23
25.87,-76.77,30.34
25.87,-76.75,30.42
25.87,-76.73,30.42
25.87,-76.71,30.44
25.87,-76.69,30.41
25.87,-76.67,30.36
25.87,-76.65,30.29
25.87,-76.63,30.23
25.87,-76.61,30.3
25.87,-76.59,30.39
25.87,-76.57,30.47
25.87,-76.55,30.54
25.87,-76.53,30.59
25.87,-76.51,30.63
25.87,-76.49,30.63
25.87,-76.47,30.61
25.87,-76.45,30.57
25.87,-76.43,30.51
25.87,-76.41,30.45
25.87,-76.39,30.5
25.87,-76.37,30.52
25.87,-76.35,30.52
25.87,-76.33,30.54
25.87,-76.31,30.52
25.87,-76.29,30.46
25.87,-76.27,30.46
25.85,-80.11,31.71
25.85,-80.09,31.41
25.85,-80.07,31.0
25.85,-80.05,31.19
25.85,-80.03,31.24
25.85,-80.01,31.31
25.85,-79.99,31.42
25.85,-79.97,31.46
25.85,-79.95,31.39
25.85,-79.93,31.4
25.85,-79.91,31.45
25.85,-79.89,31.41
25.85,-79.87,31.36
25.85,-79.85,31.46
25.85,-79.83,31.39
25.85,-79.81,31.24
25.85,-79.79,31.34
25.85,-79.77,31.22
25.85,-79.75,31.06
25.85,-79.73,31.01
25.85,-79.71,31.02
25.85,-79.69,31.15
25.85,-79.67,31.17
25.85,-79.65,31.06
25.85,-79.63,31.01
25.85,-79.61,31.09
25.85,-79.59,30.99
25.85,-79.57,30.9
25.85,-79.55,30.9
25.85,-79.53,30.92
25.85,-79.51,30.85
25.85,-79.49,30.76
25.85,-79.47,30.75
25.85,-79.45,30.71
25.85,-79.43,30.53
25.85,-79.41,30.52
25.85,-79.39,30.56
25.85,-79.37,30.6
25.85,-79.35,30.59
25.85,-79.09,30.96
25.85,-78.41,29.96
25.85,-78.39,29.91
25.85,-78.37,29.75
25.85,-78.35,29.77
25.85,-78.33,29.83
25.85,-77.73,30.61
25.85,-77.71,30.63
25.85,-77.69,30.62
25.85,-77.67,30.59
25.85,-77.65,30.58
25.85,-77.63,30.54
25.85,-77.61,30.55
25.85,-77.59,30.47
25.85,-77.57,30.48
25.85,-77.55,30.47
25.85,-77.53,30.57
25.85,-77.51,30.65
25.85,-77.49,30.54
25.85,-77.47,30.63
25.85,-77.45,30.75
25.85,-77.43,30.74
25.85,-77.41,30.75
25.85,-77.39,30.81
25.85,-77.37,30.81
25.85,-77.35,30.73
25.85,-77.33,30.71
25.85,-77.31,30.7
25.85,-77.29,30.77
25.85,-77.27,30.78
25.85,-77.25,30.72
25.85,-77.23,30.76
25.85,-77.19,30.27
25.85,-77.17,30.28
25.85,-77.15,30.36
25.85,-77.13,30.39
25.85,-77.11,30.42
25.85,-77.09,30.45
25.85,-77.07,30.48
25.85,-77.05,30.32
25.85,-77.03,30.15
25.85,-77.01,30.05
25.85,-76.99,30.05
25.85,-76.97,29.98
25.85,-76.95,29.95
25.85,-76.93,29.93
25.85,-76.91,30.01
25.85,-76.89,30.03
25.85,-76.87,30.04
25.85,-76.85,30.09
25.85,-76.83,30.13
25.85,-76.81,30.19
25.85,-76.79,30.28
25.85,-76.77,30.32
25.85,-76.75,30.35
25.85,-76.73,30.38
25.85,-76.71,30.42
25.85,-76.69,30.39
25.85,-76.67,30.35
25.85,-76.65,30.27
25.85,-76.63,30.31
25.85,-76.61,30.32
25.85,-76.59,30.36
25.85,-76.57,30.44
25.85,-76.55,30.52
25.85,-76.53,30.6
25.85,-76.51,30.64
25.85,-76.49,30.69
25.85,-76.47,30.67
25.85,-76.45,30.56
25.85,-76.43,30.46
25.85,-76.41,30.54
25.85,-76.39,30.56
25.85,-76.37,30.51
25.85,-76.35,30.5
25.85,-76.33,30.52
25.85,-76.31,30.57
25.85,-76.29,30.6
25.85,-76.27,30.6
25.83,-80.17,32.44
25.83,-80.15,32.34
25.83,-80.11,31.64
25.83,-80.09,31.16
25.83,-80.07,30.98
25.83,-80.05,31.11
25.83,-80.03,31.2
25.83,-80.01,31.29
25.83,-79.99,31.35
25.83,-79.97,31.39
25.83,-79.95,31.41
25.83,-79.93,31.36
25.83,-79.91,31.36
25.83,-79.89,31.38
25.83,-79.87,31.38
25.83,-79.85,31.43
25.83,-79.83,31.19
25.83,-79.81,31.22
25.83,-79.79,31.19
25.83,-79.77,31.21
25.83,-79.75,31.13
25.83,-79.73,31.09
25.83,-79.71,31.07
25.83,-79.69,31.11
25.83,-79.67,31.08
25.83,-79.65,31.02
25.83,-79.63,30.84
25.83,-79.61,31.04
25.83,-79.59,31.05
25.83,-79.57,30.99
25.83,-79.55,30.99
25.83,-79.53,30.98
25.83,-79.51,30.92
25.83,-79.49,30.82
25.83,-79.47,30.78
25.83,-79.45,30.67
25.83,-79.43,30.53
25.83,-79.41,30.51
25.83,-79.39,30.6
25.83,-79.37,30.66
25.83,-79.35,30.67
25.83,-79.33,30.7
25.83,-79.09,30.96
25.83,-78.41,30.15
25.83,-78.39,30.05
25.83,-78.37,29.78
25.83,-78.35,29.8
25.83,-77.73,30.6
25.83,-77.71,30.63
25.83,-77.69,30.6
25.83,-77.67,30.58
25.83,-77.65,30.57
25.83,-77.63,30.53
25.83,-77.61,30.52
25.83,-77.59,30.47
25.83,-77.57,30.47
25.83,-77.55,30.52
25.83,-77.53,30.59
25.83,-77.51,30.66
25.83,-77.49,30.61
25.83,-77.47,30.67
25.83,-77.45,30.74
25.83,-77.43,30.76
25.83,-77.41,30.77
25.83,-77.39,30.78
25.83,-77.37,30.79
25.83,-77.35,30.81
25.83,-77.33,30.83
25.83,-77.31,30.77
25.83,-77.29,30.78
25.83,-77.27,30.85
25.83,-77.25,30.86
25.83,-77.23,30.77
25.83,-77.21,30.6
25.83,-77.19,30.43
25.83,-77.17,30.38
25.83,-77.15,30.43
25.83,-77.13,30.43
25.83,-77.11,30.47
25.83,-77.09,30.47
25.83,-77.07,30.47
25.83,-77.05,30.24
25.83,-77.03,30.05
25.83,-77.01,30.1
25.83,-76.99,30.12
25.83,-76.97,29.98
25.83,-76.95,30.0
25.83,-76.93,29.94
25.83,-76.91,30.0
25.83,-76.89,30.03
25.83,-76.87,30.04
25.83,-76.85,30.1
25.83,-76.83,30.16
25.83,-76.81,30.17
25.83,-76.79,30.23
25.83,-76.77,30.28
25.83,-76.75,30.3
25.83,-76.73,30.38
25.83,-76.71,30.37
25.83,-76.69,30.34
25.83,-76.67,30.34
25.83,-76.65,30.3
25.83,-76.63,30.28
25.83,-76.61,30.3
25.83,-76.59,30.35
25.83,-76.57,30.39
25.83,-76.55,30.47
25.83,-76.53,30.58
25.83,-76.51,30.6
25.83,-76.49,30.67
25.83,-76.47,30.66
25.83,-76.45,30.57
25.83,-76.43,30.55
25.83,-76.41,30.56
25.83,-76.39,30.56
25.83,-76.37,30.51
25.83,-76.35,30.51
25.83,-76.33,30.48
25.83,-76.31,30.51
25.83,-76.29,30.46
25.83,-76.27,30.49
25.81,-80.17,32.48
25.81,-80.15,32.35
25.81,-80.11,31.54
25.81,-80.09,30.82
25.81,-80.07,30.83
25.81,-80.05,31.16
25.81,-80.03,31.18
25.81,-80.01,31.24
25.81,-79.99,31.33
25.81,-79.97,31.3
25.81,-79.95,31.34
25.81,-79.93,31.32
25.81,-79.91,31.33
25.81,-79.89,31.32
25.81,-79.87,31.33
25.81,-79.85,31.34
25.81,-79.83,31.25
25.81,-79.81,31.26
25.81,-79.79,31.09
25.81,-79.77,31.04
25.81,-79.75,31.09
25.81,-79.73,31.17
25.81,-79.71,31.08
25.81,-79.69,31.07
25.81,-79.67,31.13
25.81,-79.65,30.98
25.81,-79.63,30.85
25.81,-79.61,30.95
25.81,-79.59,30.98
25.81,-79.57,31.02
25.81,-79.55,31.0
25.81,-79.53,30.98
25.81,-79.51,30.96
25.81,-79.49,30.88
25.81,-79.47,30.74
25.81,-79.45,30.6
25.81,-79.43,30.54
25.81,-79.41,30.51
25.81,-79.39,30.62
25.81,-79.37,30.7
25.81,-79.35,30.74
25.81,-79.33,30.71
25.81,-78.41,30.12
25.81,-78.39,30.1
25.81,-78.37,30.05
25.81,-77.85,30.66
25.81,-77.83,30.67
25.81,-77.81,30.63
25.81,-77.79,30.6
25.81,-77.77,30.59
25.81,-77.71,30.58
25.81,-77.69,30.57
25.81,-77.67,30.61
25.81,-77.65,30.58
25.81,-77.61,30.47
25.81,-77.59,30.46
25.81,-77.57,30.52
25.81,-77.55,30.56
25.81,-77.53,30.44
25.81,-77.51,30.46
25.81,-77.47,30.74
25.81,-77.45,30.71
25.81,-77.43,30.78
25.81,-77.41,30.77
25.81,-77.39,30.76
25.81,-77.37,30.84
25.81,-77.35,30.9
25.81,-77.33,30.9
25.81,-77.31,30.88
25.81,-77.29,30.87
25.81,-77.27,30.92
25.81,-77.25,30.87
25.81,-77.23,30.73
25.81,-77.21,30.55
25.81,-77.19,30.5
25.81,-77.17,30.43
25.81,-77.15,30.46
25.81,-77.13,30.47
25.81,-77.11,30.51
25.81,-77.09,30.56
25.81,-77.07,30.44
25.81,-77.05,30.3
25.81,-77.03,30.05
25.81,-77.01,30.25
25.81,-76.99,30.23
25.81,-76.97,29.98
25.81,-76.95,30.0
25.81,-76.91,30.0
25.81,-76.89,30.03
25.81,-76.87,30.09
25.81,-76.85,30.15
25.81,-76.83,30.18
25.81,-76.81,30.18
25.81,-76.79,30.2
25.81,-76.77,30.24
25.81,-76.75,30.28
25.81,-76.73,30.32
25.81,-76.71,30.33
25.81,-76.69,30.29
25.81,-76.67,30.37
25.81,-76.65,30.33
25.81,-76.63,30.34
25.81,-76.61,30.34
25.81,-76.59,30.38
25.81,-76.57,30.39
25.81,-76.55,30.45
25.81,-76.53,30.52
25.81,-76.51,30.51
25.81,-76.49,30.59
25.81,-76.47,30.5
25.81,-76.45,30.48
25.81,-76.43,30.51
25.81,-76.41,30.56
25.81,-76.39,30.54
25.81,-76.37,30.5
25.81,-76.35,30.46
25.81,-76.33,30.41
25.81,-76.31,30.42
25.81,-76.29,30.42
25.81,-76.27,30.46
25.81,-76.25,30.39
25.81,-76.17,30.33
25.79,-80.11,31.39
25.79,-80.09,30.94
25.79,-80.07,30.83
25.79,-80.05,31.08
25.79,-80.03,31.11
25.79,-80.01,31.18
25.79,-79.99,31.3
25.79,-79.97,31.33
25.79,-79.95,31.29
25.79,-79.93,31.26
25.79,-79.91,31.3
25.79,-79.89,31.29
25.79,-79.87,31.31
25.79,-79.85,31.28
25.79,-79.83,31.28
25.79,-79.81,31.14
25.79,-79.79,30.98
25.79,-79.77,31.06
25.79,-79.75,31.12
25.79,-79.73,31.12
25.79,-79.71,31.11
25.79,-79.69,31.24
25.79,-79.67,31.2
25.79,-79.65,31.02
25.79,-79.63,30.97
25.79,-79.61,31.04
25.79,-79.59,31.02
25.79,-79.57,31.01
25.79,-79.55,31.0
25.79,-79.53,31.07
25.79,-79.51,31.0
25.79,-79.49,30.8
25.79,-79.47,30.7
25.79,-79.45,30.64
25.79,-79.43,30.58
25.79,-79.41,30.58
25.79,-79.39,30.65
25.79,-79.37,30.74
25.79,-79.35,30.73
25.79,-79.33,30.72
25.79,-78.45,30.26
25.79,-78.43,30.14
25.79,-78.41,30.05
25.79,-78.39,30.1
25.79,-78.37,30.1
25.79,-78.35,30.09
25.79,-77.83,30.71
25.79,-77.81,30.68
25.79,-77.79,30.6
25.79,-77.77,30.58
25.79,-77.75,30.51
25.79,-77.73,30.5
25.79,-77.71,30.51
25.79,-77.69,30.47
25.79,-77.67,30.51
25.79,-77.55,30.5
25.79,-77.53,30.36
25.79,-77.51,30.31
25.79,-77.47,30.71
25.79,-77.45,30.74
25.79,-77.43,30.75
25.79,-77.41,30.75
25.79,-77.39,30.77
25.79,-77.37,30.83
25.79,-77.35,30.89
25.79,-77.33,30.92
25.79,-77.31,30.92
25.79,-77.29,30.96
25.79,-77.27,30.87
25.79,-77.25,30.86
25.79,-77.23,30.79
25.79,-77.21,30.62
25.79,-77.19,30.58
25.79,-77.17,30.55
25.79,-77.15,30.52
25.79,-77.13,30.51
25.79,-77.11,30.55
25.79,-77.09,30.62
25.79,-77.07,30.52
25.79,-77.05,30.33
25.79,-77.03,30.24
25.79,-77.01,30.31
25.79,-76.99,30.37
25.79,-76.97,30.24
25.79,-76.95,30.2
25.79,-76.85,30.18
25.79,-76.83,30.18
25.79,-76.81,30.17
25.79,-76.79,30.21
25.79,-76.77,30.22
25.79,-76.75,30.26
25.79,-76.73,30.27
25.79,-76.71,30.31
25.79,-76.69,30.37
25.79,-76.67,30.42
25.79,-76.65,30.38
25.79,-76.63,30.37
25.79,-76.61,30.38
25.79,-76.59,30.39
25.79,-76.57,30.41
25.79,-76.55,30.46
25.79,-76.53,30.46
25.79,-76.51,30.44
25.79,-76.49,30.47
25.79,-76.47,30.44
25.79,-76.45,30.44
25.79,-76.43,30.46
25.79,-76.41,30.49
25.79,-76.39,30.5
25.79,-76.37,30.47
25.79,-76.35,30.44
25.79,-76.33,30.41
25.79,-76.31,30.29
25.79,-76.29,30.36
25.79,-76.27,30.38
25.79,-76.25,30.3
25.79,-76.23,30.26
25.79,-76.17,30.35
25.79,-76.15,30.36
25.77,-80.17,31.58
25.77,-80.13,31.4
25.77,-80.11,31.31
25.77,-80.09,30.88
25.77,-80.07,30.91
25.77,-80.05,31.0
25.77,-80.03,31.06
25.77,-80.01,31.16
25.77,-79.99,31.25
25.77,-79.97,31.32
25.77,-79.95,31.25
25.77,-79.93,31.26
25.77,-79.91,31.29
25.77,-79.89,31.28
25.77,-79.87,31.28
25.77,-79.85,31.3
25.77,-79.83,31.31
25.77,-79.81,31.01
25.77,-79.79,30.86
25.77,-79.77,30.97
25.77,-79.75,31.06
25.77,-79.73,31.07
25.77,-79.71,31.05
25.77,-79.69,31.27
25.77,-79.67,31.27
25.77,-79.65,31.05
25.77,-79.63,30.96
25.77,-79.61,31.0
25.77,-79.59,31.05
25.77,-79.57,31.01
25.77,-79.55,31.07
25.77,-79.53,31.12
25.77,-79.51,31.09
25.77,-79.49,30.85
25.77,-79.47,30.71
25.77,-79.45,30.64
25.77,-79.43,30.6
25.77,-79.41,30.63
25.77,-79.39,30.65
25.77,-79.37,30.68
25.77,-79.35,30.77
25.77,-79.33,30.73
25.77,-78.47,30.39
25.77,-78.45,30.32
25.77,-78.43,30.3
25.77,-78.41,30.14
25.77,-78.39,30.19
25.77,-78.37,30.24
25.77,-78.35,30.15
25.77,-77.91,31.07
25.77,-77.83,30.88
25.77,-77.81,30.75
25.77,-77.79,30.66
25.77,-77.77,30.57
25.77,-77.75,30.52
25.77,-77.73,30.52
25.77,-77.71,30.52
25.77,-77.69,30.45
25.77,-77.67,30.42
25.77,-77.65,30.4
25.77,-77.53,30.49
25.77,-77.51,30.44
25.77,-77.47,30.69
25.77,-77.45,30.7
25.77,-77.43,30.65
25.77,-77.41,30.73
25.77,-77.39,30.77
25.77,-77.37,30.83
25.77,-77.35,30.88
25.77,-77.33,30.93
25.77,-77.31,30.96
25.77,-77.29,30.91
25.77,-77.27,30.84
25.77,-77.25,30.85
25.77,-77.23,30.83
25.77,-77.21,30.66
25.77,-77.19,30.69
25.77,-77.17,30.65
25.77,-77.15,30.56
25.77,-77.13,30.51
25.77,-77.11,30.6
25.77,-77.09,30.63
25.77,-77.07,30.48
25.77,-77.05,30.3
25.77,-77.03,30.3
25.77,-76.99,30.2
25.77,-76.97,30.23
25.77,-76.85,30.32
25.77,-76.83,30.23
25.77,-76.77,30.23
25.77,-76.75,30.24
25.77,-76.73,30.25
25.77,-76.71,30.32
25.77,-76.69,30.38
25.77,-76.67,30.41
25.77,-76.65,30.44
25.77,-76.63,30.45
25.77,-76.61,30.43
25.77,-76.59,30.43
25.77,-76.57,30.41
25.77,-76.55,30.44
25.77,-76.53,30.38
25.77,-76.51,30.39
25.77,-76.49,30.44
25.77,-76.47,30.43
25.77,-76.45,30.38
25.77,-76.43,30.41
25.77,-76.41,30.42
25.77,-76.39,30.4
25.77,-76.37,30.42
25.77,-76.35,30.43
25.77,-76.33,30.4
25.77,-76.31,30.39
25.77,-76.29,30.33
25.77,-76.27,30.3
25.77,-76.25,30.36
25.77,-76.23,30.43
25.77,-76.21,30.38
25.77,-76.17,30.38
25.77,-76.15,30.43
25.75,-81.37,31.85
25.75,-80.19,31.67
25.75,-80.13,31.59
25.75,-80.11,31.22
25.75,-80.09,30.96
25.75,-80.07,30.97
25.75,-80.05,30.98
25.75,-80.03,31.02
25.75,-80.01,31.13
25.75,-79.99,31.23
25.75,-79.97,31.24
25.75,-79.95,31.26
25.75,-79.93,31.25
25.75,-79.91,31.26
25.75,-79.89,31.28
25.75,-79.87,31.34
25.75,-79.85,31.38
25.75,-79.83,31.24
25.75,-79.81,30.99
25.75,-79.79,30.83
25.75,-79.77,30.9
25.75,-79.75,30.99
25.75,-79.73,31.01
25.75,-79.71,31.09
25.75,-79.69,31.14
25.75,-79.67,31.2
25.75,-79.65,31.07
25.75,-79.63,30.97
25.75,-79.61,31.02
25.75,-79.59,31.11
25.75,-79.57,31.07
25.75,-79.55,31.06
25.75,-79.53,31.03
25.75,-79.51,31.01
25.75,-79.49,30.88
25.75,-79.47,30.74
25.75,-79.45,30.64
25.75,-79.43,30.55
25.75,-79.41,30.63
25.75,-79.39,30.66
25.75,-79.37,30.67
25.75,-79.35,30.71
25.75,-78.47,30.51
25.75,-78.45,30.43
25.75,-78.43,30.5
25.75,-78.41,30.47
25.75,-78.39,30.26
25.75,-78.37,30.25
25.75,-78.35,30.23
25.75,-77.93,30.85
25.75,-77.91,30.95
25.75,-77.89,30.99
25.75,-77.83,30.83
25.75,-77.81,30.77
25.75,-77.79,30.62
25.75,-77.77,30.64
25.75,-77.75,30.66
25.75,-77.73,30.61
25.75,-77.71,30.56
25.75,-77.69,30.51
25.75,-77.67,30.53
25.75,-77.65,30.55
25.75,-77.53,30.53
25.75,-77.51,30.6
25.75,-77.49,30.55
25.75,-77.47,30.41
25.75,-77.45,30.54
25.75,-77.43,30.7
25.75,-77.41,30.75
25.75,-77.39,30.75
25.75,-77.37,30.79
25.75,-77.35,30.91
25.75,-77.33,30.95
25.75,-77.31,30.93
25.75,-77.29,30.88
25.75,-77.27,30.84
25.75,-77.25,30.87
25.75,-77.23,30.87
25.75,-77.21,30.78
25.75,-77.19,30.72
25.75,-77.17,30.63
25.75,-77.15,30.55
25.75,-77.13,30.57
25.75,-77.11,30.66
25.75,-77.09,30.67
25.75,-77.07,30.55
25.75,-77.05,30.36
25.75,-77.03,30.29
25.75,-76.97,30.25
25.75,-76.95,30.25
25.75,-76.85,30.33
25.75,-76.77,30.23
25.75,-76.75,30.23
25.75,-76.73,30.25
25.75,-76.71,30.33
25.75,-76.69,30.37
25.75,-76.67,30.45
25.75,-76.65,30.52
25.75,-76.63,30.52
25.75,-76.61,30.51
25.75,-76.59,30.49
25.75,-76.57,30.39
25.75,-76.55,30.34
25.75,-76.53,30.41
25.75,-76.51,30.43
25.75,-76.49,30.39
25.75,-76.47,30.34
25.75,-76.45,30.3
25.75,-76.43,30.34
25.75,-76.41,30.37
25.75,-76.39,30.38
25.75,-76.37,30.39
25.75,-76.35,30.41
25.75,-76.33,30.47
25.75,-76.31,30.43
25.75,-76.29,30.33
25.75,-76.27,30.26
25.75,-76.25,30.42
25.75,-76.23,30.45
25.75,-76.21,30.36
25.75,-76.17,30.41
25.75,-76.15,30.37
25.73,-81.37,31.88
25.73,-81.35,31.9
25.73,-80.23,31.97
25.73,-80.21,31.84
25.73,-80.19,31.72
25.73,-80.17,31.75
25.73,-80.15,31.76
25.73,-80.13,31.55
25.73,-80.11,31.18
25.73,-80.09,31.1
25.73,-80.07,30.95
25.73,-80.05,30.98
25.73,-80.03,31.05
25.73,-80.01,31.11
25.73,-79.99,31.21
25.73,-79.97,31.23
25.73,-79.95,31.27
25.73,-79.93,31.28
25.73,-79.91,31.21
25.73,-79.89,31.26
25.73,-79.87,31.34
25.73,-79.85,31.32
25.73,-79.83,31.19
25.73,-79.81,30.81
25.73,-79.79,30.81
25.73,-79.77,30.91
25.73,-79.75,30.91
25.73,-79.73,30.94
25.73,-79.71,30.96
25.73,-79.69,31.01
25.73,-79.67,31.07
25.73,-79.65,31.05
25.73,-79.63,30.98
25.73,-79.61,31.05
25.73,-79.59,31.1
25.73,-79.57,31.11
25.73,-79.55,31.07
25.73,-79.53,31.02
25.73,-79.51,31.0
25.73,-79.49,30.95
25.73,-79.47,30.88
25.73,-79.45,30.7
25.73,-79.43,30.57
25.73,-79.41,30.66
25.73,-79.39,30.66
25.73,-79.37,30.66
25.73,-78.47,30.56
25.73,-78.45,30.59
25.73,-78.43,30.67
25.73,-78.41,30.55
25.73,-78.39,30.41
25.73,-78.37,30.29
25.73,-78.35,30.29
25.73,-77.91,30.66
25.73,-77.89,30.65
25.73,-77.87,30.86
25.73,-77.81,30.63
25.73,-77.79,30.6
25.73,-77.77,30.68
25.73,-77.75,30.77
25.73,-77.73,30.75
25.73,-77.71,30.63
25.73,-77.69,30.6
25.73,-77.67,30.65
25.73,-77.65,30.61
25.73,-77.55,30.39
25.73,-77.53,30.56
25.73,-77.51,30.65
25.73,-77.49,30.55
25.73,-77.47,30.54
25.73,-77.45,30.61
25.73,-77.43,30.63
25.73,-77.41,30.68
25.73,-77.39,30.74
25.73,-77.37,30.77
25.73,-77.35,30.83
25.73,-77.33,30.9
25.73,-77.31,30.91
25.73,-77.29,30.91
25.73,-77.27,30.84
25.73,-77.25,30.85
25.73,-77.23,30.83
25.73,-77.21,30.79
25.73,-77.19,30.8
25.73,-77.17,30.75
25.73,-77.15,30.56
25.73,-77.13,30.5
25.73,-77.11,30.64
25.73,-77.09,30.69
25.73,-77.07,30.58
25.73,-77.05,30.45
25.73,-77.03,30.28
25.73,-76.97,30.23
25.73,-76.95,30.24
25.73,-76.73,30.23
25.73,-76.71,30.29
25.73,-76.69,30.38
25.73,-76.67,30.45
25.73,-76.65,30.54
25.73,-76.63,30.56
25.73,-76.61,30.58
25.73,-76.59,30.62
25.73,-76.57,30.49
25.73,-76.55,30.39
25.73,-76.53,30.42
25.73,-76.51,30.41
25.73,-76.49,30.35
25.73,-76.47,30.24
25.73,-76.45,30.24
25.73,-76.43,30.29
25.73,-76.41,30.33
25.73,-76.39,30.34
25.73,-76.37,30.42
25.73,-76.35,30.44
25.73,-76.33,30.46
25.73,-76.31,30.49
25.73,-76.29,30.42
25.73,-76.27,30.36
25.73,-76.25,30.41
25.73,-76.23,30.36
25.73,-76.21,30.24
25.73,-76.19,30.19
25.73,-76.17,30.36
25.73,-76.15,30.37
25.71,-81.39,31.95
25.71,-81.37,31.95
25.71,-81.35,31.95
25.71,-80.23,31.9
25.71,-80.21,31.85
25.71,-80.19,31.8
25.71,-80.15,31.35
25.71,-80.13,31.25
25.71,-80.11,31.23
25.71,-80.09,31.03
25.71,-80.07,31.06
25.71,-80.05,31.13
25.71,-80.03,31.17
25.71,-80.01,31.04
25.71,-79.99,30.94
25.71,-79.97,31.18
25.71,-79.95,31.16
25.71,-79.93,31.2
25.71,-79.91,31.13
25.71,-79.89,31.18
25.71,-79.87,31.18
25.71,-79.85,30.98
25.71,-79.83,30.83
25.71,-79.81,30.84
25.71,-79.79,30.89
25.71,-79.77,30.9
25.71,-79.75,30.85
25.71,-79.73,30.82
25.71,-79.71,30.84
25.71,-79.69,30.95
25.71,-79.67,31.02
25.71,-79.65,31.05
25.71,-79.63,31.07
25.71,-79.61,31.1
25.71,-79.59,31.1
25.71,-79.57,31.1
25.71,-79.55,31.08
25.71,-79.53,31.04
25.71,-79.51,31.01
25.71,-79.49,30.95
25.71,-79.47,30.89
25.71,-79.45,30.71
25.71,-79.43,30.64
25.71,-79.41,30.73
25.71,-79.39,30.8
25.71,-79.37,30.78
25.71,-79.35,30.73
25.71,-78.45,30.66
25.71,-78.43,30.7
25.71,-78.41,30.64
25.71,-78.39,30.61
25.71,-77.91,30.7
25.71,-77.89,30.7
25.71,-77.85,30.9
25.71,-77.81,30.64
25.71,-77.79,30.63
25.71,-77.77,30.63
25.71,-77.75,30.73
25.71,-77.73,30.77
25.71,-77.71,30.74
25.71,-77.69,30.67
25.71,-77.67,30.54
25.71,-77.65,30.41
25.71,-77.63,30.38
25.71,-77.61,30.39
25.71,-77.59,30.36
25.71,-77.57,30.42
25.71,-77.55,30.38
25.71,-77.53,30.49
25.71,-77.51,30.65
25.71,-77.49,30.6
25.71,-77.47,30.6
25.71,-77.45,30.62
25.71,-77.43,30.67
25.71,-77.41,30.62
25.71,-77.39,30.68
25.71,-77.37,30.75
25.71,-77.35,30.8
25.71,-77.33,30.89
25.71,-77.31,30.92
25.71,-77.29,30.93
25.71,-77.27,30.85
25.71,-77.25,30.8
25.71,-77.23,30.79
25.71,-77.21,30.83
25.71,-77.19,30.78
25.71,-77.17,30.73
25.71,-77.15,30.66
25.71,-77.13,30.44
25.71,-77.11,30.43
25.71,-77.09,30.5
25.71,-77.07,30.49
25.71,-77.05,30.5
25.71,-77.03,30.3
25.71,-77.01,30.24
25.71,-76.99,30.24
25.71,-76.97,30.25
25.71,-76.95,30.25
25.71,-76.93,30.23
25.71,-76.73,30.27
25.71,-76.71,30.32
25.71,-76.69,30.39
25.71,-76.67,30.46
25.71,-76.65,30.57
25.71,-76.63,30.57
25.71,-76.61,30.57
25.71,-76.59,30.62
25.71,-76.57,30.59
25.71,-76.55,30.47
25.71,-76.53,30.42
25.71,-76.51,30.39
25.71,-76.49,30.37
25.71,-76.47,30.28
25.71,-76.45,30.19
25.71,-76.43,30.15
25.71,-76.41,30.25
25.71,-76.39,30.31
25.71,-76.37,30.42
25.71,-76.35,30.46
25.71,-76.33,30.46
25.71,-76.31,30.41
25.71,-76.29,30.44
25.71,-76.27,30.44
25.71,-76.25,30.38
25.71,-76.23,30.36
25.71,-76.21,30.27
25.71,-76.19,30.19
25.71,-76.17,30.29
25.71,-76.15,30.29
25.69,-81.41,31.99
25.69,-81.39,31.99
25.69,-81.37,32.03
25.69,-81.35,31.95
25.69,-81.33,31.92
25.69,-80.25,31.72
25.69,-80.23,31.74
25.69,-80.21,31.65
25.69,-80.19,31.62
25.69,-80.15,31.34
25.69,-80.13,31.26
25.69,-80.11,31.24
25.69,-80.09,31.12
25.69,-80.07,31.09
25.69,-80.05,31.09
25.69,-80.03,31.11
25.69,-80.01,31.07
25.69,-79.99,31.09
25.69,-79.97,31.14
25.69,-79.95,31.04
25.69,-79.93,31.09
25.69,-79.91,31.13
25.69,-79.89,31.07
25.69,-79.87,30.97
25.69,-79.85,30.81
25.69,-79.83,30.7
25.69,-79.81,30.75
25.69,-79.79,30.94
25.69,-79.77,30.73
25.69,-79.75,30.72
25.69,-79.73,30.82
25.69,-79.71,30.84
25.69,-79.69,30.95
25.69,-79.67,30.96
25.69,-79.65,31.01
25.69,-79.63,31.1
25.69,-79.61,31.12
25.69,-79.59,31.11
25.69,-79.57,31.12
25.69,-79.55,31.1
25.69,-79.53,31.07
25.69,-79.51,31.0
25.69,-79.49,30.93
25.69,-79.47,30.89
25.69,-79.45,30.88
25.69,-79.43,30.84
25.69,-79.41,30.79
25.69,-79.39,30.8
25.69,-79.37,30.83
25.69,-79.35,30.77
25.69,-78.43,30.62
25.69,-78.41,30.59
25.69,-78.39,30.58
25.69,-77.93,30.75
25.69,-77.91,30.77
25.69,-77.89,30.74
25.69,-77.85,30.89
25.69,-77.81,30.63
25.69,-77.79,30.6
25.69,-77.77,30.61
25.69,-77.75,30.64
25.69,-77.73,30.68
25.69,-77.71,30.73
25.69,-77.69,30.6
25.69,-77.67,30.5
25.69,-77.65,30.32
25.69,-77.63,30.32
25.69,-77.61,30.35
25.69,-77.59,30.43
25.69,-77.57,30.46
25.69,-77.55,30.42
25.69,-77.53,30.58
25.69,-77.51,30.63
25.69,-77.49,30.63
25.69,-77.47,30.65
25.69,-77.45,30.68
25.69,-77.43,30.69
25.69,-77.41,30.67
25.69,-77.39,30.73
25.69,-77.37,30.78
25.69,-77.35,30.81
25.69,-77.33,30.87
25.69,-77.31,30.88
25.69,-77.29,30.89
25.69,-77.27,30.77
25.69,-77.25,30.75
25.69,-77.23,30.79
25.69,-77.21,30.8
25.69,-77.19,30.78
25.69,-77.17,30.72
25.69,-77.15,30.63
25.69,-77.13,30.42
25.69,-77.11,30.12
25.69,-77.09,30.24
25.69,-77.07,30.29
25.69,-77.05,30.43
25.69,-77.03,30.43
25.69,-77.01,30.38
25.69,-76.99,30.38
25.69,-76.97,30.44
25.69,-76.95,30.38
25.69,-76.93,30.45
25.69,-76.73,30.3
25.69,-76.71,30.29
25.69,-76.69,30.39
25.69,-76.67,30.45
25.69,-76.65,30.57
25.69,-76.63,30.6
25.69,-76.61,30.59
25.69,-76.59,30.6
25.69,-76.57,30.58
25.69,-76.55,30.5
25.69,-76.53,30.38
25.69,-76.51,30.37
25.69,-76.49,30.39
25.69,-76.47,30.31
25.69,-76.45,30.13
25.69,-76.43,30.11
25.69,-76.41,30.2
25.69,-76.39,30.32
25.69,-76.37,30.4
25.69,-76.35,30.43
25.69,-76.33,30.44
25.69,-76.31,30.36
25.69,-76.29,30.35
25.69,-76.27,30.39
25.69,-76.25,30.37
25.69,-76.23,30.36
25.69,-76.21,30.32
25.69,-76.19,30.29
25.69,-76.17,30.29
25.69,-76.15,30.24
25.67,-81.41,32.0
25.67,-81.39,32.02
25.67,-81.37,31.97
25.67,-81.35,31.93
25.67,-81.33,31.86
25.67,-80.25,31.46
25.67,-80.23,31.47
25.67,-80.21,31.56
25.67,-80.19,31.58
25.67,-80.17,31.58
25.67,-80.15,31.59
25.67,-80.13,31.4
25.67,-80.11,31.25
25.67,-80.09,31.11
25.67,-80.07,31.18
25.67,-80.05,31.11
25.67,-80.03,31.02
25.67,-80.01,31.06
25.67,-79.99,31.19
25.67,-79.97,31.21
25.67,-79.95,31.18
25.67,-79.93,31.17
25.67,-79.89,30.91
25.67,-79.87,30.91
25.67,-79.85,30.87
25.67,-79.83,30.38
25.67,-79.81,30.42
25.67,-79.75,30.73
25.67,-79.73,30.81
25.67,-79.71,30.84
25.67,-79.69,30.93
25.67,-79.67,30.98
25.67,-79.65,31.06
25.67,-79.63,31.1
25.67,-79.61,31.12
25.67,-79.59,31.11
25.67,-79.57,31.09
25.67,-79.55,31.07
25.67,-79.53,31.09
25.67,-79.51,31.08
25.67,-79.49,30.96
25.67,-79.47,30.91
25.67,-79.45,30.92
25.67,-79.43,30.91
25.67,-79.41,30.93
25.67,-79.39,30.92
25.67,-79.37,30.91
25.67,-79.35,30.82
25.67,-78.41,30.57
25.67,-77.95,30.76
25.67,-77.93,30.8
25.67,-77.91,30.8
25.67,-77.89,30.71
25.67,-77.87,30.76
25.67,-77.85,31.2
25.67,-77.77,30.6
25.67,-77.75,30.72
25.67,-77.73,30.63
25.67,-77.71,30.58
25.67,-77.69,30.46
25.67,-77.67,30.46
25.67,-77.65,30.42
25.67,-77.63,30.36
25.67,-77.61,30.33
25.67,-77.59,30.41
25.67,-77.57,30.46
25.67,-77.55,30.49
25.67,-77.53,30.56
25.67,-77.51,30.62
25.67,-77.49,30.68
25.67,-77.47,30.74
25.67,-77.45,30.7
25.67,-77.43,30.67
25.67,-77.41,30.73
25.67,-77.39,30.82
25.67,-77.37,30.84
25.67,-77.35,30.85
25.67,-77.33,30.86
25.67,-77.31,30.86
25.67,-77.29,30.87
25.67,-77.27,30.71
25.67,-77.25,30.71
25.67,-77.23,30.78
25.67,-77.21,30.67
25.67,-77.19,30.64
25.67,-77.17,30.65
25.67,-77.15,30.61
25.67,-77.13,30.36
25.67,-77.11,30.12
25.67,-77.09,30.2
25.67,-77.07,30.29
25.67,-77.05,30.41
25.67,-77.03,30.44
25.67,-77.01,30.44
25.67,-76.99,30.43
25.67,-76.95,30.58
25.67,-76.93,30.53
25.67,-76.91,30.53
25.67,-76.71,30.31
25.67,-76.69,30.39
25.67,-76.67,30.49
25.67,-76.65,30.52
25.67,-76.63,30.55
25.67,-76.61,30.6
25.67,-76.59,30.67
25.67,-76.57,30.56
25.67,-76.55,30.51
25.67,-76.53,30.46
25.67,-76.51,30.37
25.67,-76.49,30.32
25.67,-76.47,30.22
25.67,-76.45,30.19
25.67,-76.43,30.2
25.67,-76.41,30.2
25.67,-76.39,30.21
25.67,-76.37,30.33
25.67,-76.35,30.42
25.67,-76.33,30.42
25.67,-76.31,30.36
25.67,-76.29,30.31
25.67,-76.27,30.32
25.67,-76.25,30.29
25.67,-76.23,30.27
25.67,-76.21,30.27
25.67,-76.19,30.35
25.67,-76.17,30.42
25.67,-76.15,30.27
25.65,-81.37,31.94
25.65,-81.35,31.92
25.65,-81.31,31.82
25.65,-81.29,31.89
25.65,-80.25,31.22
25.65,-80.23,31.33
25.65,-80.21,31.37
25.65,-80.19,31.54
25.65,-80.17,31.61
25.65,-80.15,31.59
25.65,-80.13,31.5
25.65,-80.11,30.92
25.65,-80.09,30.85
25.65,-80.07,31.2
25.65,-80.05,31.08
25.65,-80.03,31.07
25.65,-80.01,31.25
25.65,-79.99,31.32
25.65,-79.93,31.32
25.65,-79.75,30.73
25.65,-79.73,30.87
25.65,-79.71,30.92
25.65,-79.69,30.94
25.65,-79.67,31.0
25.65,-79.65,31.05
25.65,-79.63,31.09
25.65,-79.61,31.12
25.65,-79.59,31.07
25.65,-79.57,31.03
25.65,-79.55,31.03
25.65,-79.53,31.1
25.65,-79.51,31.1
25.65,-79.49,31.04
25.65,-79.47,30.97
25.65,-79.45,30.93
25.65,-79.43,30.93
25.65,-79.41,30.91
25.65,-79.39,30.79
25.65,-79.37,30.78
25.65,-79.35,30.76
25.65,-77.91,30.75
25.65,-77.81,30.41
25.65,-77.79,30.32
25.65,-77.77,30.36
25.65,-77.73,30.6
25.65,-77.71,30.49
25.65,-77.69,30.43
25.65,-77.67,30.4
25.65,-77.63,30.36
25.65,-77.61,30.37
25.65,-77.59,30.36
25.65,-77.57,30.35
25.65,-77.55,30.4
25.65,-77.53,30.55
25.65,-77.51,30.66
25.65,-77.49,30.75
25.65,-77.47,30.75
25.65,-77.45,30.73
25.65,-77.43,30.75
25.65,-77.41,30.81
25.65,-77.39,30.88
25.65,-77.37,30.87
25.65,-77.35,30.89
25.65,-77.33,30.87
25.65,-77.31,30.85
25.65,-77.29,30.81
25.65,-77.27,30.66
25.65,-77.25,30.64
25.65,-77.23,30.8
25.65,-77.21,30.71
25.65,-77.19,30.66
25.65,-77.17,30.61
25.65,-77.15,30.55
25.65,-77.13,30.18
25.65,-77.11,30.08
25.65,-77.09,30.13
25.65,-77.07,30.3
25.65,-77.05,30.46
25.65,-77.03,30.5
25.65,-77.01,30.57
25.65,-76.99,30.55
25.65,-76.95,30.77
25.65,-76.93,30.63
25.65,-76.91,30.6
25.65,-76.89,30.58
25.65,-76.71,30.36
25.65,-76.69,30.38
25.65,-76.67,30.46
25.65,-76.65,30.52
25.65,-76.63,30.57
25.65,-76.61,30.57
25.65,-76.59,30.55
25.65,-76.57,30.58
25.65,-76.55,30.55
25.65,-76.53,30.45
25.65,-76.51,30.35
25.65,-76.49,30.29
25.65,-76.47,30.23
25.65,-76.45,30.21
25.65,-76.43,30.18
25.65,-76.41,30.23
25.65,-76.39,30.25
25.65,-76.37,30.31
25.65,-76.35,30.4
25.65,-76.33,30.36
25.65,-76.31,30.33
25.65,-76.29,30.37
25.65,-76.27,30.31
25.65,-76.25,30.21
25.65,-76.23,30.19
25.65,-76.21,30.23
25.65,-76.19,30.24
25.65,-76.17,30.38
25.65,-76.15,30.32
25.63,-81.57,32.03
25.63,-81.39,31.93
25.63,-81.37,31.91
25.63,-81.35,31.85
25.63,-81.33,31.84
25.63,-81.31,31.85
25.63,-81.29,31.96
25.63,-80.29,31.05
25.63,-80.27,31.1
25.63,-80.25,31.19
25.63,-80.23,31.21
25.63,-80.21,31.39
25.63,-80.19,31.61
25.63,-80.17,31.81
25.63,-80.15,31.58
25.63,-80.13,31.45
25.63,-80.11,31.29
25.63,-80.09,30.76
25.63,-80.07,31.14
25.63,-80.05,30.98
25.63,-80.03,31.16
25.63,-80.01,31.32
25.63,-79.99,31.32
25.63,-79.97,31.32
25.63,-79.75,30.87
25.63,-79.73,30.91
25.63,-79.71,30.91
25.63,-79.69,30.95
25.63,-79.67,31.01
25.63,-79.65,31.08
25.63,-79.63,31.1
25.63,-79.61,31.04
25.63,-79.59,30.94
25.63,-79.57,30.92
25.63,-79.55,31.0
25.63,-79.53,31.07
25.63,-79.51,31.09
25.63,-79.49,31.1
25.63,-79.47,30.98
25.63,-79.45,30.93
25.63,-79.43,30.91
25.63,-79.41,30.81
25.63,-79.39,30.73
25.63,-79.37,30.67
25.63,-78.53,30.54
25.63,-77.91,30.73
25.63,-77.83,31.24
25.63,-77.81,30.53
25.63,-77.79,30.32
25.63,-77.77,30.58
25.63,-77.75,30.54
25.63,-77.73,30.51
25.63,-77.71,30.48
25.63,-77.67,30.18
25.63,-77.65,30.15
25.63,-77.63,30.31
25.63,-77.61,30.39
25.63,-77.59,30.39
25.63,-77.57,30.22
25.63,-77.55,30.26
25.63,-77.53,30.51
25.63,-77.51,30.67
25.63,-77.49,30.71
25.63,-77.47,30.76
25.63,-77.45,30.79
25.63,-77.43,30.85
25.63,-77.41,30.86
25.63,-77.39,30.92
25.63,-77.37,30.9
25.63,-77.35,30.93
25.63,-77.33,30.95
25.63,-77.31,30.86
25.63,-77.29,30.74
25.63,-77.27,30.65
25.63,-77.25,30.61
25.63,-77.23,30.59
25.63,-77.21,30.66
25.63,-77.19,30.61
25.63,-77.17,30.55
25.63,-77.15,30.55
25.63,-77.13,30.25
25.63,-77.11,30.12
25.63,-77.09,30.07
25.63,-77.07,30.28
25.63,-77.05,30.44
25.63,-77.03,30.51
25.63,-77.01,30.55
25.63,-76.99,30.66
25.63,-76.97,30.71
25.63,-76.95,30.74
25.63,-76.93,30.79
25.63,-76.91,30.75
25.63,-76.89,30.65
25.63,-76.69,30.4
25.63,-76.67,30.49
25.63,-76.65,30.53
25.63,-76.63,30.53
25.63,-76.61,30.52
25.63,-76.59,30.48
25.63,-76.57,30.5
25.63,-76.55,30.49
25.63,-76.53,30.43
25.63,-76.51,30.33
25.63,-76.49,30.3
25.63,-76.47,30.27
25.63,-76.45,30.23
25.63,-76.43,30.24
25.63,-76.41,30.24
25.63,-76.39,30.24
25.63,-76.37,30.25
25.63,-76.35,30.33
25.63,-76.33,30.31
25.63,-76.31,30.23
25.63,-76.29,30.35
25.63,-76.27,30.37
25.63,-76.25,30.29
25.63,-76.23,30.21
25.63,-76.21,30.26
25.63,-76.19,30.18
25.63,-76.17,30.24
25.63,-76.15,30.26
25.61,-81.59,32.2
25.61,-81.57,32.19
25.61,-81.55,32.21
25.61,-81.53,32.23
25.61,-81.51,32.27
25.61,-81.49,32.67
25.61,-81.41,31.89
25.61,-81.39,31.85
25.61,-81.37,31.79
25.61,-81.35,31.84
25.61,-81.33,31.94
25.61,-81.31,31.99
25.61,-81.29,32.05
25.61,-81.27,31.98
25.61,-80.29,31.02
25.61,-80.27,31.03
25.61,-80.25,30.97
25.61,-80.23,30.95
25.61,-80.21,31.4
25.61,-80.19,31.46
25.61,-80.17,31.7
25.61,-80.15,31.55
25.61,-80.13,31.47
25.61,-80.11,31.02
25.61,-80.09,30.97
25.61,-80.07,31.09
25.61,-80.05,31.04
25.61,-80.03,31.2
25.61,-80.01,31.32
25.61,-79.99,31.33
25.61,-79.97,31.35
25.61,-79.95,31.42
25.61,-79.93,31.43
25.61,-79.91,31.32
25.61,-79.89,31.38
25.61,-79.75,30.82
25.61,-79.73,30.94
25.61,-79.71,30.95
25.61,-79.69,30.99
25.61,-79.67,31.05
25.61,-79.65,31.05
25.61,-79.63,31.04
25.61,-79.61,30.99
25.61,-79.59,30.93
25.61,-79.57,30.86
25.61,-79.55,30.92
25.61,-79.53,30.97
25.61,-79.51,31.05
25.61,-79.49,31.04
25.61,-79.47,30.94
25.61,-79.45,30.91
25.61,-79.43,30.88
25.61,-79.41,30.74
25.61,-79.39,30.66
25.61,-79.37,30.67
25.61,-77.93,30.72
25.61,-77.91,30.71
25.61,-77.87,30.42
25.61,-77.85,30.48
25.61,-77.83,31.48
25.61,-77.81,30.71
25.61,-77.79,30.62
25.61,-77.77,30.56
25.61,-77.75,30.31
25.61,-77.69,30.19
25.61,-77.67,30.19
25.61,-77.61,30.37
25.61,-77.59,30.37
25.61,-77.57,30.27
25.61,-77.55,30.39
25.61,-77.53,30.51
25.61,-77.51,30.56
25.61,-77.49,30.75
25.61,-77.47,30.77
25.61,-77.45,30.86
25.61,-77.43,30.9
25.61,-77.41,30.87
25.61,-77.39,30.89
25.61,-77.37,30.91
25.61,-77.35,30.93
25.61,-77.33,30.94
25.61,-77.31,30.92
25.61,-77.29,30.73
25.61,-77.27,30.61
25.61,-77.25,30.64
25.61,-77.23,30.62
25.61,-77.21,30.62
25.61,-77.19,30.57
25.61,-77.17,30.46
25.61,-77.15,30.41
25.61,-77.13,30.26
25.61,-77.11,30.24
25.61,-77.09,30.27
25.61,-77.07,30.32
25.61,-77.05,30.43
25.61,-77.03,30.5
25.61,-77.01,30.58
25.61,-76.99,30.68
25.61,-76.97,30.68
25.61,-76.95,30.71
25.61,-76.93,30.94
25.61,-76.91,30.9
25.61,-76.89,30.62
25.61,-76.87,30.92
25.61,-76.85,30.98
25.61,-76.71,30.35
25.61,-76.69,30.44
25.61,-76.67,30.49
25.61,-76.65,30.51
25.61,-76.63,30.45
25.61,-76.61,30.45
25.61,-76.59,30.41
25.61,-76.57,30.46
25.61,-76.55,30.44
25.61,-76.53,30.39
25.61,-76.51,30.35
25.61,-76.49,30.27
25.61,-76.47,30.31
25.61,-76.45,30.29
25.61,-76.43,30.31
25.61,-76.41,30.26
25.61,-76.39,30.14
25.61,-76.37,30.22
25.61,-76.35,30.29
25.61,-76.33,30.3
25.61,-76.31,30.32
25.61,-76.29,30.28
25.61,-76.27,30.31
25.61,-76.25,30.28
25.61,-76.23,30.24
25.61,-76.21,30.24
25.61,-76.19,30.24
25.61,-76.17,30.14
25.61,-76.15,30.13
25.59,-81.59,32.15
25.59,-81.57,32.06
25.59,-81.55,32.08
25.59,-81.53,32.13
25.59,-81.51,32.19
25.59,-81.49,32.19
25.59,-81.43,31.98
25.59,-81.41,31.92
25.59,-81.39,31.86
25.59,-81.37,31.83
25.59,-81.35,31.94
25.59,-81.33,32.05
25.59,-81.31,32.04
25.59,-81.29,32.02
25.59,-80.29,31.01
25.59,-80.27,31.01
25.59,-80.25,31.05
25.59,-80.23,31.15
25.59,-80.21,31.39
25.59,-80.19,31.33
25.59,-80.17,31.43
25.59,-80.15,31.54
25.59,-80.13,31.56
25.59,-80.11,30.94
25.59,-80.09,30.94
25.59,-80.07,31.14
25.59,-80.05,31.09
25.59,-80.03,31.27
25.59,-80.01,31.33
25.59,-79.99,31.36
25.59,-79.97,31.34
25.59,-79.95,31.37
25.59,-79.93,31.41
25.59,-79.91,31.33
25.59,-79.89,31.33
25.59,-79.81,30.73
25.59,-79.79,30.78
25.59,-79.77,30.74
25.59,-79.75,30.78
25.59,-79.73,30.93
25.59,-79.71,31.01
25.59,-79.69,31.08
25.59,-79.67,31.06
25.59,-79.65,31.05
25.59,-79.63,31.03
25.59,-79.61,30.93
25.59,-79.59,30.86
25.59,-79.57,30.83
25.59,-79.55,30.87
25.59,-79.53,30.92
25.59,-79.51,30.97
25.59,-79.49,30.95
25.59,-79.47,30.94
25.59,-79.45,30.93
25.59,-79.43,30.78
25.59,-79.41,30.63
25.59,-79.39,30.62
25.59,-77.99,30.57
25.59,-77.97,30.58
25.59,-77.93,30.7
25.59,-77.91,30.68
25.59,-77.89,30.45
25.59,-77.87,30.44
25.59,-77.85,30.49
25.59,-77.83,30.76
25.59,-77.81,30.63
25.59,-77.79,30.51
25.59,-77.77,30.43
25.59,-77.75,30.4
25.59,-77.71,30.44
25.59,-77.69,30.42
25.59,-77.57,30.35
25.59,-77.55,30.41
25.59,-77.53,30.5
25.59,-77.51,30.56
25.59,-77.49,30.69
25.59,-77.47,30.77
25.59,-77.45,30.89
25.59,-77.43,30.97
25.59,-77.41,30.9
25.59,-77.39,30.86
25.59,-77.37,30.92
25.59,-77.35,30.89
25.59,-77.33,30.91
25.59,-77.31,30.93
25.59,-77.29,30.69
25.59,-77.27,30.55
25.59,-77.25,30.56
25.59,-77.23,30.64
25.59,-77.21,30.69
25.59,-77.19,30.62
25.59,-77.17,30.48
25.59,-77.15,30.37
25.59,-77.13,30.33
25.59,-77.11,30.45
25.59,-77.09,30.4
25.59,-77.07,30.45
25.59,-77.05,30.54
25.59,-77.03,30.54
25.59,-77.01,30.57
25.59,-76.99,30.6
25.59,-76.97,30.64
25.59,-76.95,30.71
25.59,-76.93,30.78
25.59,-76.91,30.93
25.59,-76.89,31.04
25.59,-76.87,31.02
25.59,-76.85,31.1
25.59,-76.83,31.05
25.59,-76.71,30.36
25.59,-76.69,30.38
25.59,-76.67,30.41
25.59,-76.65,30.49
25.59,-76.63,30.53
25.59,-76.61,30.41
25.59,-76.59,30.38
25.59,-76.57,30.39
25.59,-76.55,30.38
25.59,-76.53,30.39
25.59,-76.51,30.35
25.59,-76.49,30.3
25.59,-76.47,30.3
25.59,-76.45,30.32
25.59,-76.43,30.31
25.59,-76.41,30.21
25.59,-76.39,30.1
25.59,-76.37,30.2
25.59,-76.35,30.24
25.59,-76.33,30.33
25.59,-76.31,30.4
25.59,-76.29,30.3
25.59,-76.27,30.23
25.59,-76.25,30.24
25.59,-76.23,30.22
25.59,-76.21,30.19
25.59,-76.19,30.21
25.59,-76.17,30.06
25.59,-76.15,30.0
25.57,-81.63,32.06
25.57,-81.57,32.04
25.57,-81.55,32.07
25.57,-81.53,32.15
25.57,-81.51,32.16
25.57,-81.43,31.95
25.57,-81.35,32.05
25.57,-81.33,32.03
25.57,-81.31,32.02
25.57,-80.29,30.96
25.57,-80.27,31.04
25.57,-80.25,31.1
25.57,-80.23,31.08
25.57,-80.21,31.19
25.57,-80.19,31.34
25.57,-80.17,31.55
25.57,-80.15,31.62
25.57,-80.13,31.35
25.57,-80.09,31.04
25.57,-80.07,31.18
25.57,-80.05,31.1
25.57,-80.03,31.31
25.57,-80.01,31.3
25.57,-79.99,31.36
25.57,-79.97,31.35
25.57,-79.95,31.35
25.57,-79.93,31.45
25.57,-79.91,31.35
25.57,-79.89,31.1
25.57,-79.85,30.71
25.57,-79.83,30.75
25.57,-79.81,30.7
25.57,-79.79,30.73
25.57,-79.77,30.69
25.57,-79.75,30.77
25.57,-79.73,30.93
25.57,-79.71,31.03
25.57,-79.69,31.07
25.57,-79.67,31.07
25.57,-79.65,31.08
25.57,-79.63,31.06
25.57,-79.61,30.97
25.57,-79.59,30.82
25.57,-79.57,30.64
25.57,-79.55,30.71
25.57,-79.53,30.84
25.57,-79.51,30.94
25.57,-79.49,31.04
25.57,-79.47,31.01
25.57,-79.45,30.97
25.57,-79.43,30.68
25.57,-79.41,30.66
25.57,-79.39,30.66
25.57,-78.03,30.53
25.57,-78.01,30.54
25.57,-77.93,30.55
25.57,-77.89,30.43
25.57,-77.87,30.41
25.57,-77.85,30.44
25.57,-77.83,30.44
25.57,-77.81,30.17
25.57,-77.79,30.11
25.57,-77.77,30.26
25.57,-77.75,30.26
25.57,-77.71,30.5
25.57,-77.69,30.44
25.57,-77.67,30.42
25.57,-77.57,30.33
25.57,-77.55,30.37
25.57,-77.53,30.46
25.57,-77.51,30.58
25.57,-77.49,30.7
25.57,-77.47,30.78
25.57,-77.45,30.9
25.57,-77.43,30.91
25.57,-77.41,30.9
25.57,-77.39,30.95
25.57,-77.37,30.93
25.57,-77.35,30.88
25.57,-77.33,30.89
25.57,-77.31,30.93
25.57,-77.29,30.68
25.57,-77.27,30.54
25.57,-77.25,30.51
25.57,-77.23,30.53
25.57,-77.21,30.6
25.57,-77.19,30.69
25.57,-77.17,30.6
25.57,-77.15,30.59
25.57,-77.13,30.58
25.57,-77.11,30.57
25.57,-77.09,30.47
25.57,-77.07,30.49
25.57,-77.05,30.76
25.57,-77.03,30.72
25.57,-77.01,30.7
25.57,-76.99,30.61
25.57,-76.97,30.51
25.57,-76.95,30.61
25.57,-76.93,30.7
25.57,-76.91,30.87
25.57,-76.89,30.89
25.57,-76.87,31.04
25.57,-76.85,31.2
25.57,-76.83,31.14
25.57,-76.81,31.12
25.57,-76.71,30.39
25.57,-76.67,30.39
25.57,-76.65,30.44
25.57,-76.63,30.48
25.57,-76.61,30.39
25.57,-76.59,30.39
25.57,-76.57,30.41
25.57,-76.55,30.38
25.57,-76.53,30.37
25.57,-76.51,30.34
25.57,-76.49,30.26
25.57,-76.47,30.27
25.57,-76.45,30.29
25.57,-76.43,30.28
25.57,-76.41,30.24
25.57,-76.39,30.11
25.57,-76.37,30.13
25.57,-76.35,30.24
25.57,-76.33,30.36
25.57,-76.31,30.37
25.57,-76.29,30.34
25.57,-76.27,30.25
25.57,-76.25,30.23
25.57,-76.23,30.19
25.57,-76.21,30.14
25.57,-76.19,30.13
25.57,-76.17,30.13
25.57,-76.15,30.08
25.55,-81.57,32.05
25.55,-81.53,32.08
25.55,-81.35,32.01
25.55,-81.33,31.99
25.55,-80.31,30.95
25.55,-80.29,30.94
25.55,-80.27,31.03
25.55,-80.25,31.14
25.55,-80.23,31.12
25.55,-80.21,31.16
25.55,-80.19,31.29
25.55,-80.17,31.55
25.55,-80.15,31.51
25.55,-80.11,30.82
25.55,-80.09,31.0
25.55,-80.07,31.21
25.55,-80.05,31.16
25.55,-80.03,31.2
25.55,-80.01,31.17
25.55,-79.99,31.3
25.55,-79.97,31.32
25.55,-79.95,31.34
25.55,-79.93,31.38
25.55,-79.85,30.79
25.55,-79.83,30.84
25.55,-79.81,30.75
25.55,-79.79,30.81
25.55,-79.77,30.77
25.55,-79.75,30.8
25.55,-79.73,30.85
25.55,-79.71,30.96
25.55,-79.69,31.05
25.55,-79.67,31.02
25.55,-79.65,31.09
25.55,-79.63,31.1
25.55,-79.57,30.52
25.55,-79.55,30.58
25.55,-79.53,30.67
25.55,-79.51,30.84
25.55,-79.49,30.99
25.55,-79.47,30.91
25.55,-79.45,30.89
25.55,-79.43,30.82
25.55,-79.41,30.76
25.55,-79.39,30.7
25.55,-79.37,30.65
25.55,-77.99,30.54
25.55,-77.95,30.57
25.55,-77.93,30.53
25.55,-77.89,30.42
25.55,-77.87,30.4
25.55,-77.81,30.05
25.55,-77.79,30.06
25.55,-77.77,30.19
25.55,-77.75,30.26
25.55,-77.73,30.59
25.55,-77.71,30.55
25.55,-77.69,30.46
25.55,-77.59,30.44
25.55,-77.57,30.43
25.55,-77.55,30.51
25.55,-77.53,30.58
25.55,-77.51,30.61
25.55,-77.49,30.69
25.55,-77.47,30.81
25.55,-77.45,30.88
25.55,-77.43,30.87
25.55,-77.41,30.85
25.55,-77.39,30.96
25.55,-77.37,30.96
25.55,-77.35,30.9
25.55,-77.33,30.87
25.55,-77.31,30.86
25.55,-77.29,30.67
25.55,-77.27,30.5
25.55,-77.25,30.44
25.55,-77.23,30.52
25.55,-77.21,30.59
25.55,-77.19,30.67
25.55,-77.17,30.72
25.55,-77.15,30.7
25.55,-77.13,30.68
25.55,-77.11,30.64
25.55,-77.09,30.58
25.55,-77.07,30.62
25.55,-77.05,30.71
25.55,-77.03,30.81
25.55,-77.01,30.74
25.55,-76.99,30.6
25.55,-76.97,30.54
25.55,-76.95,30.6
25.55,-76.93,30.73
25.55,-76.91,30.76
25.55,-76.89,30.78
25.55,-76.87,30.94
25.55,-76.85,31.17
25.55,-76.83,31.21
25.55,-76.81,31.28
25.55,-76.79,31.45
25.55,-76.65,31.06
25.55,-76.63,30.73
25.55,-76.61,30.41
25.55,-76.59,30.52
25.55,-76.57,30.41
25.55,-76.55,30.33
25.55,-76.53,30.36
25.55,-76.51,30.34
25.55,-76.49,30.24
25.55,-76.47,30.25
25.55,-76.45,30.22
25.55,-76.43,30.24
25.55,-76.41,30.24
25.55,-76.37,30.21
25.55,-76.35,30.23
25.55,-76.33,30.26
25.55,-76.31,30.3
25.55,-76.29,30.34
25.55,-76.27,30.26
25.55,-76.25,30.24
25.55,-76.23,30.26
25.55,-76.21,30.23
25.55,-76.19,30.22
25.55,-76.17,30.07
25.55,-76.15,29.93
25.53,-81.59,32.05
25.53,-81.35,31.91
25.53,-81.33,31.97
25.53,-81.31,31.95
25.53,-81.29,31.91
25.53,-80.33,31.11
25.53,-80.31,31.12
25.53,-80.29,31.11
25.53,-80.27,31.07
25.53,-80.25,31.04
25.53,-80.23,31.12
25.53,-80.21,31.21
25.53,-80.19,31.34
25.53,-80.17,31.55
25.53,-80.15,31.38
25.53,-80.13,31.2
25.53,-80.11,30.78
25.53,-80.09,31.04
25.53,-80.07,31.1
25.53,-80.05,31.14
25.53,-80.03,31.12
25.53,-80.01,31.11
25.53,-79.99,31.28
25.53,-79.97,31.29
25.53,-79.89,31.04
25.53,-79.87,30.84
25.53,-79.85,30.94
25.53,-79.83,30.94
25.53,-79.81,30.84
25.53,-79.79,30.86
25.53,-79.77,30.83
25.53,-79.75,30.82
25.53,-79.73,30.86
25.53,-79.71,30.89
25.53,-79.69,30.89
25.53,-79.67,30.91
25.53,-79.65,30.92
25.53,-79.63,31.09
25.53,-79.57,30.58
25.53,-79.49,30.59
25.53,-79.47,30.67
25.53,-79.45,30.73
25.53,-79.43,30.76
25.53,-79.41,30.76
25.53,-79.39,30.7
25.53,-79.37,30.67
25.53,-78.07,30.9
25.53,-78.05,30.93
25.53,-78.01,30.6
25.53,-77.99,30.57
25.53,-77.97,30.55
25.53,-77.95,30.57
25.53,-77.93,30.51
25.53,-77.89,30.4
25.53,-77.81,30.01
25.53,-77.79,30.05
25.53,-77.77,30.13
25.53,-77.75,30.09
25.53,-77.55,30.61
25.53,-77.53,30.61
25.53,-77.51,30.67
25.53,-77.47,30.8
25.53,-77.45,30.86
25.53,-77.43,30.83
25.53,-77.41,30.84
25.53,-77.39,30.9
25.53,-77.37,30.95
25.53,-77.35,30.92
25.53,-77.33,30.87
25.53,-77.31,30.76
25.53,-77.29,30.66
25.53,-77.27,30.53
25.53,-77.25,30.44
25.53,-77.23,30.55
25.53,-77.21,30.61
25.53,-77.19,30.66
25.53,-77.17,30.71
25.53,-77.15,30.74
25.53,-77.13,30.76
25.53,-77.11,30.74
25.53,-77.09,30.68
25.53,-77.07,30.68
25.53,-77.05,30.71
25.53,-77.03,30.77
25.53,-77.01,30.74
25.53,-76.99,30.63
25.53,-76.97,30.64
25.53,-76.95,30.68
25.53,-76.93,30.77
25.53,-76.91,30.79
25.53,-76.89,30.93
25.53,-76.87,31.34
25.53,-76.85,32.22
25.53,-76.83,32.3
25.53,-76.79,31.8
25.53,-76.77,31.69
25.53,-76.75,31.69
25.53,-76.67,31.0
25.53,-76.65,31.06
25.53,-76.63,31.07
25.53,-76.61,30.41
25.53,-76.59,30.42
25.53,-76.57,30.37
25.53,-76.55,30.34
25.53,-76.53,30.34
25.53,-76.51,30.28
25.53,-76.49,30.24
25.53,-76.47,30.26
25.53,-76.45,30.24
25.53,-76.33,30.21
25.53,-76.31,30.28
25.53,-76.29,30.32
25.53,-76.27,30.25
25.53,-76.25,30.26
25.53,-76.23,30.33
25.53,-76.21,30.36
25.53,-76.19,30.23
25.53,-76.17,30.06
25.53,-76.15,29.89
25.51,-81.61,32.06
25.51,-81.37,31.93
25.51,-81.35,31.88
25.51,-81.33,31.88
25.51,-81.31,31.84
25.51,-80.33,31.18
25.51,-80.31,31.14
25.51,-80.29,31.13
25.51,-80.27,31.06
25.51,-80.25,31.01
25.51,-80.23,31.07
25.51,-80.21,31.25
25.51,-80.19,31.29
25.51,-80.17,31.56
25.51,-80.15,31.31
25.51,-80.13,31.11
25.51,-80.11,30.85
25.51,-80.09,31.03
25.51,-80.07,31.03
25.51,-80.01,31.1
25.51,-79.91,31.13
25.51,-79.89,31.17
25.51,-79.87,31.02
25.51,-79.85,31.04
25.51,-79.83,30.91
25.51,-79.81,30.87
25.51,-79.79,30.88
25.51,-79.77,30.84
25.51,-79.75,30.85
25.51,-79.73,30.86
25.51,-79.71,30.86
25.51,-79.69,30.7
25.51,-79.67,30.76
25.51,-79.65,30.75
25.51,-79.63,30.79
25.51,-79.59,30.59
25.51,-79.57,30.67
25.51,-79.55,30.63
25.51,-79.49,30.58
25.51,-79.47,30.73
25.51,-79.45,30.73
25.51,-79.43,30.75
25.51,-79.41,30.74
25.51,-79.39,30.69
25.51,-79.37,30.64
25.51,-79.27,30.93
25.51,-78.09,30.85
25.51,-78.07,30.94
25.51,-78.05,30.96
25.51,-78.03,30.85
25.51,-78.01,30.82
25.51,-77.95,30.51
25.51,-77.93,30.42
25.51,-77.81,30.62
25.51,-77.79,30.5
25.51,-77.77,30.21
25.51,-77.75,30.13
25.51,-77.71,30.49
25.51,-77.69,30.47
25.51,-77.67,30.43
25.51,-77.65,30.35
25.51,-77.59,30.41
25.51,-77.53,30.56
25.51,-77.51,30.6
25.51,-77.47,30.81
25.51,-77.45,30.86
25.51,-77.43,30.82
25.51,-77.41,30.75
25.51,-77.39,30.86
25.51,-77.37,30.88
25.51,-77.35,30.87
25.51,-77.33,30.92
25.51,-77.31,30.71
25.51,-77.29,30.6
25.51,-77.27,30.51
25.51,-77.25,30.51
25.51,-77.23,30.64
25.51,-77.21,30.7
25.51,-77.19,30.67
25.51,-77.17,30.67
25.51,-77.15,30.72
25.51,-77.13,30.83
25.51,-77.11,30.79
25.51,-77.09,30.64
25.51,-77.07,30.57
25.51,-77.05,30.69
25.51,-77.03,30.73
25.51,-77.01,30.74
25.51,-76.99,30.72
25.51,-76.97,30.74
25.51,-76.95,30.71
25.51,-76.93,30.69
25.51,-76.91,30.75
25.51,-76.89,31.06
25.51,-76.87,31.8
25.51,-76.85,31.58
25.51,-76.83,31.36
25.51,-76.81,31.55
25.51,-76.79,31.74
25.51,-76.77,31.79
25.51,-76.75,31.81
25.51,-76.63,30.63
25.51,-76.61,30.55
25.51,-76.47,30.26
25.51,-76.31,30.28
25.51,-76.29,30.29
25.51,-76.27,30.3
25.51,-76.25,30.31
25.51,-76.23,30.33
25.51,-76.21,30.37
25.51,-76.19,30.36
25.51,-76.17,30.09
25.51,-76.15,29.97
25.49,-81.39,31.96
25.49,-81.37,31.9
25.49,-81.35,31.88
25.49,-81.33,31.88
25.49,-81.31,31.85
25.49,-81.29,31.9
25.49,-80.33,31.24
25.49,-80.31,31.23
25.49,-80.29,31.18
25.49,-80.17,31.22
25.49,-80.15,31.12
25.49,-80.13,30.97
25.49,-79.93,31.03
25.49,-79.91,31.1
25.49,-79.89,31.14
25.49,-79.87,31.09
25.49,-79.85,30.97
25.49,-79.83,30.84
25.49,-79.81,30.88
25.49,-79.79,30.88
25.49,-79.77,30.84
25.49,-79.75,30.9
25.49,-79.73,30.89
25.49,-79.71,30.8
25.49,-79.69,30.84
25.49,-79.67,30.79
25.49,-79.65,30.8
25.49,-79.61,30.59
25.49,-79.59,30.58
25.49,-79.57,30.61
25.49,-79.55,30.59
25.49,-79.49,30.74
25.49,-79.47,30.74
25.49,-79.45,30.62
25.49,-79.43,30.77
25.49,-79.41,30.85
25.49,-79.39,30.59
25.49,-79.37,30.59
25.49,-78.07,31.08
25.49,-78.05,31.15
25.49,-78.03,31.15
25.49,-78.01,31.16
25.49,-77.95,30.6
25.49,-77.93,30.39
25.49,-77.91,30.38
25.49,-77.89,30.37
25.49,-77.81,29.33
25.49,-77.79,30.89
25.49,-77.77,30.19
25.49,-77.75,30.22
25.49,-77.63,30.36
25.49,-77.61,30.37
25.49,-77.59,30.37
25.49,-77.47,30.84
25.49,-77.45,30.89
25.49,-77.43,30.82
25.49,-77.41,30.74
25.49,-77.39,30.75
25.49,-77.37,30.8
25.49,-77.35,30.77
25.49,-77.33,30.84
25.49,-77.31,30.78
25.49,-77.29,30.68
25.49,-77.27,30.48
25.49,-77.25,30.47
25.49,-77.23,30.66
25.49,-77.21,30.66
25.49,-77.19,30.67
25.49,-77.17,30.71
25.49,-77.15,30.75
25.49,-77.13,30.81
25.49,-77.11,30.76
25.49,-77.09,30.55
25.49,-77.07,30.56
25.49,-77.05,30.6
25.49,-77.03,30.69
25.49,-77.01,30.72
25.49,-76.99,30.72
25.49,-76.97,30.77
25.49,-76.95,30.58
25.49,-76.93,30.57
25.49,-76.91,30.67
25.49,-76.89,30.82
25.49,-76.87,31.02
25.49,-76.85,31.28
25.49,-76.83,31.33
25.49,-76.81,31.43
25.49,-76.79,31.38
25.49,-76.77,31.7
25.49,-76.61,30.53
25.49,-76.27,30.35
25.49,-76.25,30.4
25.49,-76.23,30.39
25.49,-76.21,30.37
25.49,-76.17,30.07
25.49,-76.15,30.0
25.47,-81.67,31.98
25.47,-81.39,31.96
25.47,-81.37,31.92
25.47,-81.35,31.94
25.47,-81.33,32.0
25.47,-81.31,31.9
25.47,-81.29,31.94
25.47,-80.33,31.28
25.47,-80.31,31.26
25.47,-80.29,31.22
25.47,-80.27,31.21
25.47,-79.99,31.03
25.47,-79.97,30.99
25.47,-79.95,30.97
25.47,-79.93,30.94
25.47,-79.91,30.96
25.47,-79.89,31.02
25.47,-79.87,31.0
25.47,-79.85,30.89
25.47,-79.83,30.85
25.47,-79.81,30.87
25.47,-79.79,30.84
25.47,-79.77,30.83
25.47,-79.75,30.9
25.47,-79.73,30.89
25.47,-79.71,30.87
25.47,-79.69,30.88
25.47,-79.67,30.72
25.47,-79.65,30.84
25.47,-79.61,30.69
25.47,-79.59,30.64
25.47,-79.57,30.69
25.47,-79.55,30.64
25.47,-79.49,30.71
25.47,-79.47,30.64
25.47,-79.45,30.57
25.47,-79.43,30.87
25.47,-79.41,30.86
25.47,-78.05,31.06
25.47,-78.03,31.02
25.47,-78.01,31.35
25.47,-77.97,31.1
25.47,-77.89,30.4
25.47,-77.83,29.88
25.47,-77.81,29.41
25.47,-77.79,29.71
25.47,-77.77,30.01
25.47,-77.75,30.13
25.47,-77.61,30.33
25.47,-77.59,30.36
25.47,-77.51,30.65
25.47,-77.49,30.65
25.47,-77.47,30.73
25.47,-77.45,30.76
25.47,-77.43,30.77
25.47,-77.41,30.67
25.47,-77.39,30.69
25.47,-77.37,30.73
25.47,-77.35,30.79
25.47,-77.33,30.74
25.47,-77.31,30.73
25.47,-77.29,30.68
25.47,-77.27,30.63
25.47,-77.25,30.56
25.47,-77.23,30.61
25.47,-77.21,30.62
25.47,-77.19,30.63
25.47,-77.17,30.69
25.47,-77.15,30.73
25.47,-77.13,30.8
25.47,-77.11,30.76
25.47,-77.09,30.68
25.47,-77.07,30.65
25.47,-77.05,30.64
25.47,-77.03,30.67
25.47,-77.01,30.68
25.47,-76.99,30.7
25.47,-76.97,30.77
25.47,-76.95,30.71
25.47,-76.93,30.61
25.47,-76.91,30.7
25.47,-76.89,30.69
25.47,-76.87,30.75
25.47,-76.85,31.02
25.47,-76.83,31.16
25.47,-76.81,31.12
25.47,-76.79,31.26
25.47,-76.77,31.55
25.47,-76.27,30.38
25.47,-76.25,30.41
25.47,-76.23,30.43
25.45,-81.69,31.94
25.45,-81.67,31.96
25.45,-81.41,31.98
25.45,-81.39,31.97
25.45,-81.37,31.96
25.45,-81.35,32.0
25.45,-81.33,32.08
25.45,-81.31,31.91
25.45,-81.29,31.92
25.45,-80.33,31.1
25.45,-80.31,31.15
25.45,-80.29,31.21
25.45,-79.99,31.01
25.45,-79.97,31.04
25.45,-79.95,30.89
25.45,-79.93,30.91
25.45,-79.91,31.01
25.45,-79.89,31.03
25.45,-79.87,31.03
25.45,-79.85,30.91
25.45,-79.83,30.9
25.45,-79.81,30.88
25.45,-79.79,30.84
25.45,-79.77,30.85
25.45,-79.75,30.89
25.45,-79.73,30.9
25.45,-79.71,30.95
25.45,-79.69,30.93
25.45,-79.67,30.9
25.45,-79.61,30.85
25.45,-79.59,30.87
25.45,-79.57,30.87
25.45,-79.49,30.74
25.45,-79.47,30.69
25.45,-79.45,30.62
25.45,-79.43,30.81
25.45,-79.41,30.83
25.45,-79.39,30.8
25.45,-79.35,30.7
25.45,-77.97,31.05
25.45,-77.87,30.51
25.45,-77.85,30.62
25.45,-77.83,30.24
25.45,-77.81,29.99
25.45,-77.79,30.1
25.45,-77.77,30.2
25.45,-77.75,30.2
25.45,-77.73,30.18
25.45,-77.63,30.33
25.45,-77.61,30.35
25.45,-77.55,30.54
25.45,-77.53,30.61
25.45,-77.51,30.64
25.45,-77.49,30.7
25.45,-77.47,30.71
25.45,-77.45,30.73
25.45,-77.43,30.7
25.45,-77.41,30.61
25.45,-77.39,30.67
25.45,-77.37,30.69
25.45,-77.35,30.71
25.45,-77.33,30.66
25.45,-77.31,30.71
25.45,-77.29,30.66
25.45,-77.27,30.6
25.45,-77.25,30.65
25.45,-77.23,30.71
25.45,-77.21,30.63
25.45,-77.19,30.58
25.45,-77.17,30.6
25.45,-77.15,30.65
25.45,-77.13,30.72
25.45,-77.11,30.83
25.45,-77.09,30.66
25.45,-77.07,30.61
25.45,-77.05,30.55
25.45,-77.03,30.55
25.45,-77.01,30.59
25.45,-76.99,30.67
25.45,-76.97,30.76
25.45,-76.95,30.76
25.45,-76.93,30.7
25.45,-76.91,30.7
25.45,-76.89,30.73
25.45,-76.87,30.62
25.45,-76.85,30.72
25.45,-76.83,30.87
25.45,-76.81,30.95
25.45,-76.79,30.99
25.45,-76.77,31.47
25.45,-76.27,30.38
25.45,-76.25,30.39
25.43,-81.69,31.91
25.43,-81.67,31.94
25.43,-81.41,32.01
25.43,-81.39,32.05
25.43,-81.37,32.05
25.43,-81.35,32.1
25.43,-81.33,32.06
25.43,-81.31,31.98
25.43,-80.31,31.17
25.43,-80.29,31.18
25.43,-80.27,31.2
25.43,-80.11,31.1
25.43,-80.09,31.13
25.43,-79.99,30.88
25.43,-79.97,30.81
25.43,-79.95,30.86
25.43,-79.93,31.0
25.43,-79.91,31.06
25.43,-79.89,30.92
25.43,-79.87,30.88
25.43,-79.85,30.92
25.43,-79.83,30.92
25.43,-79.81,30.96
25.43,-79.79,30.9
25.43,-79.77,30.84
25.43,-79.75,30.86
25.43,-79.73,30.87
25.43,-79.71,30.97
25.43,-79.69,30.99
25.43,-79.67,30.95
25.43,-79.65,30.98
25.43,-79.59,31.0
25.43,-79.57,30.98
25.43,-79.49,30.73
25.43,-79.47,30.74
25.43,-79.45,30.54
25.43,-79.43,30.74
25.43,-79.41,30.84
25.43,-79.37,30.73
25.43,-79.35,30.7
25.43,-79.33,30.68
25.43,-77.89,30.58
25.43,-77.87,30.88
25.43,-77.85,30.88
25.43,-77.83,30.13
25.43,-77.81,29.78
25.43,-77.79,29.96
25.43,-77.77,30.46
25.43,-77.75,30.12
25.43,-77.73,30.1
25.43,-77.63,30.31
25.43,-77.57,30.32
25.43,-77.55,30.4
25.43,-77.53,30.54
25.43,-77.51,30.63
25.43,-77.49,30.7
25.43,-77.47,30.67
25.43,-77.45,30.68
25.43,-77.43,30.65
25.43,-77.41,30.63
25.43,-77.39,30.66
25.43,-77.37,30.66
25.43,-77.35,30.68
25.43,-77.33,30.62
25.43,-77.31,30.69
25.43,-77.29,30.65
25.43,-77.27,30.62
25.43,-77.25,30.65
25.43,-77.23,30.64
25.43,-77.21,30.66
25.43,-77.19,30.6
25.43,-77.17,30.54
25.43,-77.15,30.6
25.43,-77.13,30.65
25.43,-77.11,30.7
25.43,-77.09,30.74
25.43,-77.07,30.76
25.43,-77.05,30.52
25.43,-77.03,30.49
25.43,-77.01,30.58
25.43,-76.99,30.74
25.43,-76.97,30.79
25.43,-76.95,30.76
25.43,-76.93,30.8
25.43,-76.91,30.76
25.43,-76.89,30.69
25.43,-76.83,30.63
25.43,-76.81,30.75
25.43,-76.79,30.8
25.43,-76.75,30.92
25.43,-76.73,31.02
25.43,-76.71,31.03
25.43,-76.69,31.07
25.43,-76.67,31.13
25.43,-76.65,31.3
25.43,-76.63,31.28
25.43,-76.61,31.28
25.43,-76.23,30.39
25.43,-76.15,29.99
25.41,-82.25,31.69
25.41,-81.69,31.93
25.41,-81.41,32.05
25.41,-81.39,32.07
25.41,-81.37,32.16
25.41,-81.35,32.15
25.41,-81.33,32.11
25.41,-80.29,31.29
25.41,-80.27,31.23
25.41,-80.11,30.89
25.41,-80.09,31.09
25.41,-79.99,30.97
25.41,-79.97,30.99
25.41,-79.95,31.06
25.41,-79.93,31.07
25.41,-79.91,30.99
25.41,-79.89,30.95
25.41,-79.87,30.9
25.41,-79.85,30.89
25.41,-79.83,30.87
25.41,-79.81,30.9
25.41,-79.79,30.93
25.41,-79.77,30.86
25.41,-79.75,30.75
25.41,-79.73,30.78
25.41,-79.71,30.86
25.41,-79.69,30.96
25.41,-79.67,30.94
25.41,-79.65,30.96
25.41,-79.63,30.9
25.41,-79.61,30.96
25.41,-79.59,30.92
25.41,-79.57,30.93
25.41,-79.49,30.69
25.41,-79.47,30.58
25.41,-79.45,30.61
25.41,-79.43,30.92
25.41,-79.41,30.96
25.41,-79.39,30.89
25.41,-79.37,30.83
25.41,-79.35,30.73
25.41,-77.89,29.99
25.41,-77.83,30.13
25.41,-77.81,29.84
25.41,-77.79,30.18
25.41,-77.77,30.18
25.41,-77.75,29.88
25.41,-77.73,29.9
25.41,-77.57,30.27
25.41,-77.55,30.36
25.41,-77.53,30.43
25.41,-77.51,30.59
25.41,-77.49,30.7
25.41,-77.47,30.67
25.41,-77.45,30.64
25.41,-77.43,30.61
25.41,-77.41,30.56
25.41,-77.39,30.59
25.41,-77.37,30.62
25.41,-77.35,30.61
25.41,-77.33,30.51
25.41,-77.31,30.56
25.41,-77.29,30.61
25.41,-77.27,30.61
25.41,-77.25,30.65
25.41,-77.23,30.67
25.41,-77.21,30.66
25.41,-77.19,30.58
25.41,-77.17,30.51
25.41,-77.15,30.58
25.41,-77.13,30.62
25.41,-77.11,30.65
25.41,-77.09,30.68
25.41,-77.07,30.7
25.41,-77.05,30.54
25.41,-77.03,30.49
25.41,-77.01,30.59
25.41,-76.99,30.66
25.41,-76.97,30.77
25.41,-76.95,30.79
25.41,-76.93,30.81
25.41,-76.91,30.7
25.41,-76.89,30.63
25.41,-76.77,30.84
25.41,-76.75,30.87
25.41,-76.73,30.97
25.41,-76.71,31.05
25.41,-76.69,31.06
25.41,-76.67,31.13
25.41,-76.65,31.24
25.41,-76.63,31.24
25.41,-76.61,31.24
25.39,-81.95,31.68
25.39,-81.93,31.74
25.39,-81.91,31.78
25.39,-81.89,31.79
25.39,-81.87,31.84
25.39,-81.85,31.79
25.39,-81.83,31.76
25.39,-81.81,31.77
25.39,-81.79,31.78
25.39,-81.77,31.73
25.39,-81.41,32.05
25.39,-81.39,32.1
25.39,-81.37,32.19
25.39,-81.35,32.17
25.39,-80.29,31.47
25.39,-80.27,31.32
25.39,-80.21,31.74
25.39,-80.19,31.17
25.39,-80.17,30.98
25.39,-80.15,30.79
25.39,-80.13,30.81
25.39,-80.11,30.84
25.39,-80.09,30.86
25.39,-80.07,30.95
25.39,-79.97,31.0
25.39,-79.95,31.08
25.39,-79.93,31.04
25.39,-79.91,30.96
25.39,-79.89,30.95
25.39,-79.87,30.93
25.39,-79.85,30.85
25.39,-79.83,30.87
25.39,-79.81,30.95
25.39,-79.79,31.01
25.39,-79.77,30.88
25.39,-79.75,30.88
25.39,-79.73,30.86
25.39,-79.71,30.82
25.39,-79.69,30.91
25.39,-79.67,30.97
25.39,-79.65,30.95
25.39,-79.63,30.9
25.39,-79.61,31.09
25.39,-79.59,31.04
25.39,-79.57,31.02
25.39,-79.49,30.8
25.39,-79.47,30.68
25.39,-79.45,30.66
25.39,-79.43,30.87
25.39,-79.41,30.92
25.39,-79.39,30.86
25.39,-79.37,30.93
25.39,-79.35,31.0
25.39,-77.87,29.9
25.39,-77.85,30.02
25.39,-77.83,29.98
25.39,-77.81,29.87
25.39,-77.79,29.94
25.39,-77.77,29.85
25.39,-77.75,29.84
25.39,-77.73,29.71
25.39,-77.71,29.69
25.39,-77.55,30.34
25.39,-77.53,30.45
25.39,-77.51,30.59
25.39,-77.49,30.62
25.39,-77.47,30.67
25.39,-77.45,30.61
25.39,-77.43,30.6
25.39,-77.41,30.53
25.39,-77.39,30.53
25.39,-77.37,30.57
25.39,-77.35,30.57
25.39,-77.33,30.55
25.39,-77.31,30.49
25.39,-77.29,30.55
25.39,-77.27,30.53
25.39,-77.25,30.57
25.39,-77.23,30.63
25.39,-77.21,30.69
25.39,-77.19,30.52
25.39,-77.17,30.58
25.39,-77.15,30.61
25.39,-77.13,30.62
25.39,-77.11,30.6
25.39,-77.09,30.67
25.39,-77.07,30.63
25.39,-77.05,30.62
25.39,-77.03,30.65
25.39,-77.01,30.65
25.39,-76.99,30.63
25.39,-76.97,30.7
25.39,-76.95,30.68
25.39,-76.93,30.64
25.39,-76.91,30.64
25.39,-76.89,30.55
25.39,-76.87,30.53
25.39,-76.77,30.87
25.39,-76.75,30.93
25.39,-76.73,30.91
25.39,-76.71,31.0
25.39,-76.69,31.08
25.39,-76.67,31.07
25.39,-76.65,31.11
25.39,-76.63,31.14
25.39,-76.61,31.19
25.39,-76.59,31.24
25.39,-76.57,31.11
25.37,-81.95,31.69
25.37,-81.93,31.74
25.37,-81.91,31.82
25.37,-81.89,31.8
25.37,-81.87,31.82
25.37,-81.85,31.87
25.37,-81.83,31.83
25.37,-81.81,31.78
25.37,-81.79,31.86
25.37,-81.77,31.8
25.37,-81.75,31.85
25.37,-81.45,32.15
25.37,-81.43,32.2
25.37,-81.41,32.24
25.37,-81.39,32.39
25.37,-81.37,32.46
25.37,-80.31,31.26
25.37,-80.29,31.3
25.37,-80.27,31.33
25.37,-80.25,31.74
25.37,-80.23,31.32
25.37,-80.21,31.76
25.37,-80.19,31.26
25.37,-80.17,30.97
25.37,-80.15,30.76
25.37,-80.13,30.86
25.37,-80.11,30.93
25.37,-80.09,31.08
25.37,-80.07,31.08
25.37,-79.97,30.97
25.37,-79.95,30.97
25.37,-79.93,31.06
25.37,-79.91,30.98
25.37,-79.89,30.9
25.37,-79.87,30.89
25.37,-79.85,30.88
25.37,-79.83,30.95
25.37,-79.81,30.98
25.37,-79.75,30.84
25.37,-79.73,30.8
25.37,-79.71,30.78
25.37,-79.69,30.84
25.37,-79.67,30.96
25.37,-79.65,30.87
25.37,-79.63,30.91
25.37,-79.61,31.06
25.37,-79.59,31.12
25.37,-79.57,31.13
25.37,-79.55,31.12
25.37,-79.51,31.0
25.37,-79.49,31.01
25.37,-79.47,30.81
25.37,-79.45,30.65
25.37,-79.43,30.79
25.37,-79.41,30.92
25.37,-79.39,30.91
25.37,-79.37,30.97
25.37,-77.85,29.92
25.37,-77.83,29.89
25.37,-77.81,29.9
25.37,-77.79,29.94
25.37,-77.77,29.89
25.37,-77.75,29.66
25.37,-77.73,29.64
25.37,-77.71,29.59
25.37,-77.69,29.56
25.37,-77.57,30.26
25.37,-77.55,30.28
25.37,-77.53,30.38
25.37,-77.51,30.57
25.37,-77.49,30.6
25.37,-77.47,30.64
25.37,-77.45,30.6
25.37,-77.43,30.64
25.37,-77.41,30.54
25.37,-77.39,30.49
25.37,-77.37,30.45
25.37,-77.35,30.51
25.37,-77.33,30.53
25.37,-77.31,30.55
25.37,-77.29,30.5
25.37,-77.27,30.47
25.37,-77.25,30.55
25.37,-77.23,30.6
25.37,-77.21,30.62
25.37,-77.19,30.49
25.37,-77.17,30.56
25.37,-77.15,30.6
25.37,-77.13,30.62
25.37,-77.11,30.58
25.37,-77.09,30.6
25.37,-77.07,30.6
25.37,-77.05,30.63
25.37,-77.03,30.66
25.37,-77.01,30.67
25.37,-76.99,30.71
25.37,-76.97,30.66
25.37,-76.95,30.6
25.37,-76.93,30.65
25.37,-76.91,30.74
25.37,-76.89,30.55
25.37,-76.87,30.48
25.37,-76.77,30.86
25.37,-76.75,30.99
25.37,-76.73,30.87
25.37,-76.71,30.83
25.37,-76.69,30.93
25.37,-76.67,30.94
25.37,-76.65,31.07
25.37,-76.63,31.02
25.37,-76.61,31.03
25.37,-76.59,30.9
25.37,-76.57,31.02
25.37,-76.55,31.12
25.35,-81.95,31.69
25.35,-81.93,31.78
25.35,-81.91,31.8
25.35,-81.89,31.8
25.35,-81.87,31.77
25.35,-81.85,31.89
25.35,-81.83,31.87
25.35,-81.81,31.82
25.35,-81.79,31.88
25.35,-81.77,31.99
25.35,-81.75,31.94
25.35,-81.73,31.93
25.35,-81.49,32.07
25.35,-81.47,32.04
25.35,-81.45,32.12
25.35,-81.43,32.21
25.35,-81.41,32.2
25.35,-81.39,32.35
25.35,-80.33,31.18
25.35,-80.31,31.29
25.35,-80.29,31.36
25.35,-80.27,31.32
25.35,-80.23,31.4
25.35,-80.21,31.35
25.35,-80.19,31.18
25.35,-80.17,30.86
25.35,-80.15,30.72
25.35,-80.13,30.86
25.35,-80.11,31.01
25.35,-80.09,31.09
25.35,-80.07,31.18
25.35,-80.05,31.19
25.35,-79.97,30.9
25.35,-79.95,30.91
25.35,-79.93,30.94
25.35,-79.91,30.97
25.35,-79.89,30.99
25.35,-79.87,30.85
25.35,-79.85,30.95
25.35,-79.83,30.99
25.35,-79.81,31.05
25.35,-79.75,30.88
25.35,-79.69,30.88
25.35,-79.67,30.94
25.35,-79.65,30.82
25.35,-79.63,30.87
25.35,-79.61,31.08
25.35,-79.59,31.09
25.35,-79.57,31.01
25.35,-79.55,31.12
25.35,-79.53,31.07
25.35,-79.51,31.01
25.35,-79.49,31.0
25.35,-79.47,30.78
25.35,-79.45,30.68
25.35,-79.43,30.8
25.35,-79.41,30.99
25.35,-79.39,30.95
25.35,-79.37,30.92
25.35,-79.35,30.86
25.35,-77.83,29.93
25.35,-77.81,29.96
25.35,-77.79,29.9
25.35,-77.77,29.79
25.35,-77.75,29.67
25.35,-77.73,29.61
25.35,-77.71,29.56
25.35,-77.69,29.49
25.35,-77.67,29.54
25.35,-77.65,29.69
25.35,-77.63,29.88
25.35,-77.61,30.05
25.35,-77.59,30.1
25.35,-77.57,30.11
25.35,-77.55,30.22
25.35,-77.53,30.36
25.35,-77.51,30.57
25.35,-77.49,30.53
25.35,-77.47,30.53
25.35,-77.45,30.48
25.35,-77.43,30.56
25.35,-77.41,30.55
25.35,-77.39,30.55
25.35,-77.37,30.49
25.35,-77.35,30.49
25.35,-77.33,30.52
25.35,-77.31,30.53
25.35,-77.29,30.55
25.35,-77.27,30.52
25.35,-77.25,30.55
25.35,-77.23,30.58
25.35,-77.21,30.53
25.35,-77.19,30.51
25.35,-77.17,30.54
25.35,-77.15,30.55
25.35,-77.13,30.56
25.35,-77.11,30.58
25.35,-77.09,30.59
25.35,-77.07,30.57
25.35,-77.05,30.53
25.35,-77.03,30.58
25.35,-77.01,30.61
25.35,-76.99,30.62
25.35,-76.97,30.6
25.35,-76.95,30.57
25.35,-76.93,30.65
25.35,-76.91,30.74
25.35,-76.89,30.65
25.35,-76.81,30.91
25.35,-76.79,30.94
25.35,-76.73,30.87
25.35,-76.69,30.81
25.35,-76.67,30.81
25.35,-76.65,30.9
25.35,-76.63,30.94
25.35,-76.61,30.95
25.35,-76.59,30.85
25.35,-76.57,30.77
25.35,-76.55,30.81
25.35,-76.53,30.94
25.35,-76.51,31.06
25.33,-81.99,31.72
25.33,-81.93,31.76
25.33,-81.91,31.71
25.33,-81.89,31.69
25.33,-81.87,31.74
25.33,-81.83,31.81
25.33,-81.81,31.82
25.33,-81.79,31.89
25.33,-81.77,32.0
25.33,-81.75,31.96
25.33,-81.73,31.94
25.33,-81.71,31.91
25.33,-81.69,31.92
25.33,-81.67,31.82
25.33,-81.47,32.04
25.33,-81.45,32.06
25.33,-81.43,32.09
25.33,-81.41,32.1
25.33,-80.35,31.68
25.33,-80.29,31.38
25.33,-80.25,31.74
25.33,-80.23,31.49
25.33,-80.21,31.11
25.33,-80.19,30.98
25.33,-80.17,30.87
25.33,-80.15,30.81
25.33,-80.13,31.06
25.33,-80.11,31.03
25.33,-80.09,31.19
25.33,-80.07,31.23
25.33,-79.99,31.18
25.33,-79.97,31.02
25.33,-79.91,31.01
25.33,-79.89,31.05
25.33,-79.87,30.93
25.33,-79.85,30.95
25.33,-79.83,30.9
25.33,-79.81,30.93
25.33,-79.79,30.85
25.33,-79.77,30.85
25.33,-79.75,30.92
25.33,-79.73,30.92
25.33,-79.67,30.97
25.33,-79.65,30.87
25.33,-79.59,30.98
25.33,-79.57,31.03
25.33,-79.55,31.14
25.33,-79.53,31.08
25.33,-79.51,31.03
25.33,-79.49,30.97
25.33,-79.47,30.83
25.33,-79.45,30.85
25.33,-79.43,30.98
25.33,-79.41,31.05
25.33,-77.83,30.01
25.33,-77.81,29.92
25.33,-77.79,29.79
25.33,-77.77,29.67
25.33,-77.75,29.68
25.33,-77.73,29.69
25.33,-77.71,29.54
25.33,-77.69,29.41
25.33,-77.55,30.22
25.33,-77.53,30.29
25.33,-77.51,30.41
25.33,-77.49,30.42
25.33,-77.47,30.44
25.33,-77.45,30.45
25.33,-77.43,30.4
25.33,-77.41,30.48
25.33,-77.39,30.56
25.33,-77.37,30.53
25.33,-77.35,30.52
25.33,-77.33,30.54
25.33,-77.31,30.55
25.33,-77.29,30.53
25.33,-77.27,30.57
25.33,-77.25,30.54
25.33,-77.23,30.62
25.33,-77.21,30.54
25.33,-77.19,30.51
25.33,-77.17,30.51
25.33,-77.15,30.56
25.33,-77.13,30.55
25.33,-77.11,30.57
25.33,-77.09,30.5
25.33,-77.07,30.52
25.33,-77.05,30.5
25.33,-77.03,30.54
25.33,-77.01,30.56
25.33,-76.99,30.54
25.33,-76.97,30.5
25.33,-76.95,30.44
25.33,-76.93,30.57
25.33,-76.91,30.59
25.33,-76.89,30.65
25.33,-76.85,31.0
25.33,-76.83,30.83
25.33,-76.81,30.81
25.33,-76.79,30.83
25.33,-76.77,30.84
25.33,-76.65,30.87
25.33,-76.63,30.89
25.33,-76.61,30.89
25.33,-76.59,30.83
25.33,-76.57,30.81
25.33,-76.55,30.87
25.33,-76.53,30.96
25.33,-76.51,31.02
25.33,-76.49,30.77
25.33,-76.47,30.83
25.33,-76.45,30.8
25.33,-76.43,30.72
25.33,-76.41,30.85
25.31,-82.07,31.73
25.31,-81.99,31.8
25.31,-81.97,31.73
25.31,-81.95,31.79
25.31,-81.93,31.83
25.31,-81.91,31.79
25.31,-81.89,31.77
25.31,-81.87,31.78
25.31,-81.77,32.02
25.31,-81.75,31.98
25.31,-81.73,31.97
25.31,-81.71,31.89
25.31,-81.69,31.84
25.31,-81.67,31.82
25.31,-81.65,31.87
25.31,-81.53,32.09
25.31,-81.51,32.06
25.31,-81.49,32.02
25.31,-81.47,32.04
25.31,-81.45,32.03
25.31,-81.43,32.13
25.31,-81.41,32.12
25.31,-80.37,31.67
25.31,-80.35,31.72
25.31,-80.27,31.54
25.31,-80.25,31.48
25.31,-80.23,31.21
25.31,-80.21,31.09
25.31,-80.19,30.91
25.31,-80.17,30.87
25.31,-80.15,31.04
25.31,-80.13,31.07
25.31,-80.11,31.07
25.31,-80.09,31.18
25.31,-80.07,31.27
25.31,-80.05,31.27
25.31,-80.03,31.19
25.31,-80.01,31.11
25.31,-79.99,31.2
25.31,-79.97,31.07
25.31,-79.95,31.0
25.31,-79.91,30.87
25.31,-79.89,30.99
25.31,-79.87,30.81
25.31,-79.85,30.84
25.31,-79.83,30.78
25.31,-79.81,30.89
25.31,-79.79,30.85
25.31,-79.77,30.87
25.31,-79.75,30.83
25.31,-79.73,30.83
25.31,-79.71,30.91
25.31,-79.69,30.99
25.31,-79.67,31.0
25.31,-79.65,30.99
25.31,-79.59,31.08
25.31,-79.57,31.08
25.31,-79.55,31.12
25.31,-79.53,31.12
25.31,-79.51,30.99
25.31,-79.49,30.79
25.31,-79.47,30.88
25.31,-79.45,30.96
25.31,-79.43,31.04
25.31,-79.41,31.07
25.31,-77.83,29.99
25.31,-77.81,29.96
25.31,-77.79,29.9
25.31,-77.77,29.73
25.31,-77.75,29.68
25.31,-77.73,29.67
25.31,-77.55,30.2
25.31,-77.53,30.23
25.31,-77.51,30.31
25.31,-77.49,30.32
25.31,-77.47,30.4
25.31,-77.45,30.39
25.31,-77.43,30.32
25.31,-77.41,30.37
25.31,-77.39,30.47
25.31,-77.37,30.53
25.31,-77.35,30.55
25.31,-77.33,30.55
25.31,-77.31,30.56
25.31,-77.29,30.5
25.31,-77.27,30.6
25.31,-77.25,30.58
25.31,-77.23,30.49
25.31,-77.21,30.52
25.31,-77.19,30.56
25.31,-77.17,30.51
25.31,-77.15,30.51
25.31,-77.13,30.5
25.31,-77.11,30.59
25.31,-77.09,30.59
25.31,-77.07,30.49
25.31,-77.05,30.49
25.31,-77.03,30.51
25.31,-77.01,30.46
25.31,-76.99,30.46
25.31,-76.97,30.44
25.31,-76.87,30.81
25.31,-76.85,30.94
25.31,-76.83,30.86
25.31,-76.81,30.82
25.31,-76.79,30.85
25.31,-76.77,30.87
25.31,-76.75,30.87
25.31,-76.61,30.87
25.31,-76.59,30.86
25.31,-76.57,30.81
25.31,-76.55,30.84
25.31,-76.53,30.86
25.31,-76.51,30.87
25.31,-76.49,30.8
25.31,-76.47,30.74
25.31,-76.45,30.69
25.31,-76.43,30.71
25.31,-76.41,30.81
25.31,-76.39,30.94
25.31,-76.37,30.91
25.29,-82.15,31.75
25.29,-82.13,31.75
25.29,-82.09,31.74
25.29,-82.07,31.75
25.29,-82.01,31.88
25.29,-81.99,31.88
25.29,-81.97,31.74
25.29,-81.95,31.78
25.29,-81.93,31.84
25.29,-81.91,31.9
25.29,-81.89,31.98
25.29,-81.87,31.9
25.29,-81.85,31.79
25.29,-81.77,31.94
25.29,-81.75,32.09
25.29,-81.73,32.02
25.29,-81.71,31.9
25.29,-81.69,31.83
25.29,-81.67,31.89
25.29,-81.65,31.91
25.29,-81.63,31.96
25.29,-81.61,31.91
25.29,-81.59,31.92
25.29,-81.57,31.9
25.29,-81.55,32.04
25.29,-81.53,32.13
25.29,-81.51,32.08
25.29,-81.49,32.04
25.29,-81.47,32.04
25.29,-81.45,32.07
25.29,-81.43,32.15
25.29,-81.41,32.1
25.29,-80.39,31.59
25.29,-80.37,31.69
25.29,-80.35,31.72
25.29,-80.27,31.6
25.29,-80.25,31.45
25.29,-80.23,31.14
25.29,-80.21,31.03
25.29,-80.19,30.93
25.29,-80.17,30.96
25.29,-80.15,31.28
25.29,-80.13,31.22
25.29,-80.11,31.07
25.29,-80.09,31.11
25.29,-80.07,31.24
25.29,-80.05,31.28
25.29,-80.03,31.14
25.29,-80.01,31.13
25.29,-79.99,31.26
25.29,-79.97,31.08
25.29,-79.95,31.03
25.29,-79.93,30.94
25.29,-79.91,30.88
25.29,-79.89,30.89
25.29,-79.87,30.76
25.29,-79.85,30.78
25.29,-79.83,30.81
25.29,-79.81,30.77
25.29,-79.77,30.93
25.29,-79.75,30.91
25.29,-79.73,30.86
25.29,-79.71,30.93
25.29,-79.69,31.05
25.29,-79.67,31.07
25.29,-79.65,31.13
25.29,-79.57,31.1
25.29,-79.55,31.14
25.29,-79.53,31.18
25.29,-79.51,31.07
25.29,-79.49,30.88
25.29,-79.47,30.97
25.29,-79.45,31.03
25.29,-79.43,30.99
25.29,-79.41,31.01
25.29,-79.37,30.59
25.29,-79.35,30.64
25.29,-79.33,30.7
25.29,-77.81,30.06
25.29,-77.79,30.06
25.29,-77.77,29.73
25.29,-77.75,29.66
25.29,-77.53,30.15
25.29,-77.51,30.19
25.29,-77.49,30.22
25.29,-77.47,30.28
25.29,-77.45,30.22
25.29,-77.43,30.23
25.29,-77.41,30.31
25.29,-77.39,30.35
25.29,-77.37,30.46
25.29,-77.35,30.55
25.29,-77.33,30.51
25.29,-77.31,30.57
25.29,-77.29,30.56
25.29,-77.27,30.6
25.29,-77.25,30.59
25.29,-77.23,30.43
25.29,-77.21,30.51
25.29,-77.19,30.54
25.29,-77.17,30.5
25.29,-77.15,30.45
25.29,-77.13,30.45
25.29,-77.11,30.59
25.29,-77.09,30.61
25.29,-77.07,30.51
25.29,-77.05,30.45
25.29,-77.03,30.42
25.29,-77.01,30.38
25.29,-76.99,30.39
25.29,-76.97,30.44
25.29,-76.85,30.84
25.29,-76.83,30.94
25.29,-76.81,30.93
25.29,-76.79,30.89
25.29,-76.77,30.92
25.29,-76.75,30.94
25.29,-76.59,30.88
25.29,-76.51,30.82
25.29,-76.49,30.78
25.29,-76.39,30.99
25.29,-76.37,30.96
25.27,-82.21,31.71
25.27,-82.19,31.75
25.27,-82.15,31.71
25.27,-82.13,31.68
25.27,-82.09,31.72
25.27,-82.07,31.75
25.27,-82.03,31.68
25.27,-82.01,31.79
25.27,-81.99,31.78
25.27,-81.97,31.81
25.27,-81.95,31.86
25.27,-81.93,31.86
25.27,-81.91,31.83
25.27,-81.89,31.93
25.27,-81.87,31.91
25.27,-81.85,31.81
25.27,-81.83,31.91
25.27,-81.81,31.91
25.27,-81.79,31.91
25.27,-81.77,31.97
25.27,-81.75,31.88
25.27,-81.73,31.9
25.27,-81.71,31.91
25.27,-81.69,31.93
25.27,-81.67,31.96
25.27,-81.65,31.92
25.27,-81.63,31.95
25.27,-81.61,31.95
25.27,-81.59,31.97
25.27,-81.57,32.13
25.27,-81.55,32.1
25.27,-81.51,32.12
25.27,-81.49,32.13
25.27,-81.47,32.06
25.27,-81.45,32.07
25.27,-81.43,32.18
25.27,-81.41,32.13
25.27,-80.97,32.08
25.27,-80.41,31.64
25.27,-80.39,31.47
25.27,-80.37,31.56
25.27,-80.35,31.73
25.27,-80.29,31.68
25.27,-80.27,31.62
25.27,-80.25,31.39
25.27,-80.23,31.13
25.27,-80.21,30.99
25.27,-80.19,31.03
25.27,-80.17,31.21
25.27,-80.15,31.35
25.27,-80.13,31.28
25.27,-80.11,31.09
25.27,-80.09,31.12
25.27,-80.07,31.18
25.27,-80.05,31.27
25.27,-80.03,31.23
25.27,-80.01,31.32
25.27,-79.99,31.38
25.27,-79.97,31.21
25.27,-79.95,31.16
25.27,-79.93,31.09
25.27,-79.91,31.0
25.27,-79.89,31.05
25.27,-79.87,30.99
25.27,-79.85,30.89
25.27,-79.83,30.89
25.27,-79.75,30.91
25.27,-79.73,30.92
25.27,-79.71,30.94
25.27,-79.69,31.1
25.27,-79.67,31.09
25.27,-79.65,31.17
25.27,-79.63,31.07
25.27,-79.57,31.24
25.27,-79.55,31.22
25.27,-79.53,31.32
25.27,-79.51,31.33
25.27,-79.47,31.09
25.27,-79.45,30.88
25.27,-79.43,30.77
25.27,-79.41,30.69
25.27,-79.39,30.65
25.27,-79.37,30.61
25.27,-79.35,30.65
25.27,-79.33,30.68
25.27,-77.81,30.29
25.27,-77.79,30.31
25.27,-77.51,30.15
25.27,-77.49,30.16
25.27,-77.47,30.13
25.27,-77.45,30.16
25.27,-77.43,30.22
25.27,-77.41,30.3
25.27,-77.39,30.37
25.27,-77.37,30.47
25.27,-77.35,30.55
25.27,-77.31,30.54
25.27,-77.29,30.58
25.27,-77.27,30.59
25.27,-77.25,30.57
25.27,-77.23,30.49
25.27,-77.21,30.46
25.27,-77.19,30.46
25.27,-77.17,30.5
25.27,-77.15,30.42
25.27,-77.13,30.43
25.27,-77.11,30.56
25.27,-77.09,30.65
25.27,-77.07,30.52
25.27,-77.05,30.51
25.27,-77.03,30.42
25.27,-77.01,30.36
25.27,-76.97,30.47
25.27,-76.85,30.76
25.27,-76.83,30.91
25.27,-76.81,30.91
25.27,-76.79,30.89
25.27,-76.77,30.95
25.27,-76.75,30.96
25.27,-76.73,31.01
25.25,-82.21,31.74
25.25,-82.19,31.75
25.25,-82.09,31.79
25.25,-82.07,31.81
25.25,-82.05,31.69
25.25,-82.03,31.67
25.25,-81.99,31.7
25.25,-81.97,31.74
25.25,-81.95,31.89
25.25,-81.93,31.91
25.25,-81.91,31.7
25.25,-81.89,31.91
25.25,-81.87,31.98
25.25,-81.85,32.05
25.25,-81.83,32.16
25.25,-81.81,32.04
25.25,-81.79,31.91
25.25,-81.77,31.79
25.25,-81.75,31.83
25.25,-81.73,31.91
25.25,-81.71,31.88
25.25,-81.69,31.93
25.25,-81.67,32.01
25.25,-81.65,32.02
25.25,-81.63,31.93
25.25,-81.61,32.03
25.25,-81.59,32.03
25.25,-81.57,32.0
25.25,-81.55,32.05
25.25,-81.51,32.08
25.25,-81.49,32.11
25.25,-81.47,32.07
25.25,-81.45,32.08
25.25,-81.43,32.18
25.25,-81.41,32.18
25.25,-81.39,32.12
25.25,-80.95,32.23
25.25,-80.41,31.7
25.25,-80.39,31.43
25.25,-80.37,31.49
25.25,-80.35,31.74
25.25,-80.31,31.57
25.25,-80.29,31.61
25.25,-80.27,31.41
25.25,-80.25,31.3
25.25,-80.23,30.98
25.25,-80.21,31.09
25.25,-80.19,31.13
25.25,-80.17,31.25
25.25,-80.15,31.42
25.25,-80.13,31.39
25.25,-80.11,31.19
25.25,-80.09,31.18
25.25,-80.07,31.29
25.25,-80.05,31.31
25.25,-80.03,31.29
25.25,-80.01,31.41
25.25,-79.99,31.42
25.25,-79.97,31.32
25.25,-79.95,31.33
25.25,-79.93,31.26
25.25,-79.91,31.09
25.25,-79.89,31.14
25.25,-79.87,31.12
25.25,-79.85,30.94
25.25,-79.83,31.05
25.25,-79.81,31.06
25.25,-79.79,30.88
25.25,-79.77,30.84
25.25,-79.75,30.86
25.25,-79.73,31.03
25.25,-79.71,31.0
25.25,-79.69,31.06
25.25,-79.67,31.07
25.25,-79.65,31.02
25.25,-79.63,31.04
25.25,-79.55,31.16
25.25,-79.53,31.1
25.25,-79.51,31.04
25.25,-79.49,30.93
25.25,-79.47,31.01
25.25,-79.45,31.07
25.25,-79.43,30.94
25.25,-79.41,30.85
25.25,-79.39,30.76
25.25,-79.37,30.7
25.25,-79.35,30.7
25.25,-77.81,30.37
25.25,-77.79,30.37
25.25,-77.51,30.22
25.25,-77.49,30.21
25.25,-77.47,30.11
25.25,-77.45,30.14
25.25,-77.43,30.19
25.25,-77.41,30.32
25.25,-77.39,30.39
25.25,-77.33,30.59
25.25,-77.31,30.56
25.25,-77.29,30.51
25.25,-77.27,30.49
25.25,-77.25,30.55
25.25,-77.23,30.51
25.25,-77.21,30.47
25.25,-77.19,30.46
25.25,-77.17,30.51
25.25,-77.15,30.5
25.25,-77.13,30.47
25.25,-77.11,30.5
25.25,-77.09,30.54
25.25,-77.07,30.56
25.25,-77.05,30.62
25.25,-77.03,30.48
25.25,-76.87,30.64
25.25,-76.85,30.74
25.25,-76.83,30.87
25.25,-76.81,30.88
25.25,-76.77,30.97
25.25,-76.75,30.97
25.25,-76.73,30.97
25.25,-76.71,31.04
25.25,-76.69,31.07
25.23,-82.23,31.8
25.23,-82.21,31.86
25.23,-82.07,31.86
25.23,-82.05,31.77
25.23,-81.95,31.98
25.23,-81.93,31.99
25.23,-81.91,31.94
25.23,-81.89,31.9
25.23,-81.87,32.0
25.23,-81.85,32.13
25.23,-81.83,32.16
25.23,-81.81,32.08
25.23,-81.79,31.99
25.23,-81.77,31.95
25.23,-81.75,31.96
25.23,-81.73,31.99
25.23,-81.71,32.04
25.23,-81.69,32.02
25.23,-81.67,32.04
25.23,-81.65,32.04
25.23,-81.63,31.95
25.23,-81.61,31.98
25.23,-81.59,31.94
25.23,-81.57,31.97
25.23,-81.55,32.02
25.23,-81.53,32.05
25.23,-81.51,32.03
25.23,-81.49,32.06
25.23,-81.47,32.05
25.23,-81.45,32.01
25.23,-81.43,32.07
25.23,-81.41,32.07
25.23,-81.39,32.11
25.23,-81.37,32.07
25.23,-80.55,32.15
25.23,-80.45,32.08
25.23,-80.41,31.68
25.23,-80.39,31.54
25.23,-80.37,31.49
25.23,-80.35,31.78
25.23,-80.31,31.54
25.23,-80.29,31.45
25.23,-80.27,31.37
25.23,-80.25,31.07
25.23,-80.23,31.05
25.23,-80.21,31.06
25.23,-80.19,31.22
25.23,-80.17,31.33
25.23,-80.15,31.37
25.23,-80.13,31.29
25.23,-80.11,31.26
25.23,-80.09,31.34
25.23,-80.07,31.42
25.23,-80.05,31.48
25.23,-80.03,31.44
25.23,-80.01,31.42
25.23,-79.99,31.48
25.23,-79.97,31.43
25.23,-79.95,31.42
25.23,-79.93,31.38
25.23,-79.91,31.23
25.23,-79.89,31.19
25.23,-79.87,31.21
25.23,-79.85,31.24
25.23,-79.83,31.14
25.23,-79.81,31.08
25.23,-79.79,30.95
25.23,-79.77,30.93
25.23,-79.75,30.95
25.23,-79.73,31.03
25.23,-79.71,31.02
25.23,-79.69,30.97
25.23,-79.67,31.07
25.23,-79.53,30.93
25.23,-79.51,30.94
25.23,-79.49,30.91
25.23,-79.47,31.06
25.23,-79.45,31.05
25.23,-79.43,30.85
25.23,-79.41,30.83
25.23,-79.39,30.78
25.23,-79.37,30.74
25.23,-77.81,30.36
25.23,-77.79,30.34
25.23,-77.77,30.32
25.23,-77.51,30.23
25.23,-77.49,30.22
25.23,-77.47,30.14
25.23,-77.45,30.17
25.23,-77.43,30.25
25.23,-77.41,30.29
25.23,-77.39,30.36
25.23,-77.27,30.46
25.23,-77.25,30.48
25.23,-77.23,30.45
25.23,-77.21,30.47
25.23,-77.19,30.5
25.23,-77.17,30.49
25.23,-77.15,30.48
25.23,-77.13,30.54
25.23,-77.11,30.46
25.23,-77.09,30.46
25.23,-77.07,30.55
25.23,-77.05,30.6
25.23,-77.03,30.57
25.23,-77.01,30.54
25.23,-76.99,30.6
25.23,-76.97,30.63
25.23,-76.95,30.63
25.23,-76.93,30.64
25.23,-76.91,30.63
25.23,-76.85,30.7
25.23,-76.83,30.82
25.23,-76.77,31.0
25.23,-76.75,31.02
25.23,-76.73,31.01
25.23,-76.71,31.08
25.23,-76.39,30.83
25.23,-76.37,30.89
25.23,-76.35,30.92
25.23,-76.33,30.89
25.21,-82.23,31.78
25.21,-82.21,31.87
25.21,-82.07,31.9
25.21,-81.95,31.93
25.21,-81.93,31.96
25.21,-81.91,31.99
25.21,-81.89,31.96
25.21,-81.87,32.0
25.21,-81.85,32.06
25.21,-81.83,32.07
25.21,-81.81,32.15
25.21,-81.79,32.08
25.21,-81.77,32.07
25.21,-81.75,32.06
25.21,-81.73,32.04
25.21,-81.71,32.16
25.21,-81.69,32.14
25.21,-81.67,32.11
25.21,-81.65,32.05
25.21,-81.63,32.02
25.21,-81.61,31.97
25.21,-81.59,31.99
25.21,-81.57,32.07
25.21,-81.55,32.03
25.21,-81.53,32.02
25.21,-81.51,31.99
25.21,-81.49,31.98
25.21,-81.47,31.97
25.21,-81.45,31.99
25.21,-81.43,32.0
25.21,-81.41,32.0
25.21,-81.39,32.03
25.21,-81.37,32.02
25.21,-80.57,32.05
25.21,-80.55,32.13
25.21,-80.51,31.83
25.21,-80.47,31.98
25.21,-80.45,31.87
25.21,-80.43,31.8
25.21,-80.41,31.85
25.21,-80.39,31.63
25.21,-80.33,31.56
25.21,-80.31,31.52
25.21,-80.29,31.37
25.21,-80.27,31.03
25.21,-80.25,31.04
25.21,-80.23,31.0
25.21,-80.21,31.14
25.21,-80.19,31.21
25.21,-80.17,31.34
25.21,-80.15,31.4
25.21,-80.13,31.37
25.21,-80.11,31.33
25.21,-80.09,31.33
25.21,-80.07,31.49
25.21,-80.05,31.59
25.21,-80.03,31.61
25.21,-80.01,31.56
25.21,-79.99,31.57
25.21,-79.97,31.62
25.21,-79.95,31.44
25.21,-79.93,31.37
25.21,-79.91,31.32
25.21,-79.89,31.33
25.21,-79.87,31.35
25.21,-79.85,31.36
25.21,-79.83,31.28
25.21,-79.81,31.19
25.21,-79.79,31.11
25.21,-79.77,31.09
25.21,-79.75,31.09
25.21,-79.73,31.0
25.21,-79.71,31.0
25.21,-79.69,31.1
25.21,-79.61,31.07
25.21,-79.51,31.11
25.21,-79.49,31.18
25.21,-79.45,31.02
25.21,-79.43,30.86
25.21,-79.41,30.79
25.21,-77.81,30.31
25.21,-77.79,30.35
25.21,-77.77,30.36
25.21,-77.75,30.26
25.21,-77.73,30.16
25.21,-77.47,30.14
25.21,-77.45,30.19
25.21,-77.43,30.25
25.21,-77.41,30.26
25.21,-77.29,30.55
25.21,-77.27,30.48
25.21,-77.25,30.47
25.21,-77.23,30.49
25.21,-77.21,30.46
25.21,-77.19,30.47
25.21,-77.15,30.52
25.21,-77.13,30.48
25.21,-77.11,30.39
25.21,-77.09,30.42
25.21,-77.07,30.45
25.21,-77.05,30.51
25.21,-77.03,30.48
25.21,-77.01,30.58
25.21,-76.99,30.76
25.21,-76.97,30.83
25.21,-76.95,30.81
25.21,-76.93,30.79
25.21,-76.91,30.65
25.21,-76.75,31.01
25.21,-76.73,31.01
25.21,-76.39,30.84
25.21,-76.37,30.98
25.21,-76.35,30.91
25.21,-76.33,30.89
25.21,-76.31,30.98
25.21,-76.29,30.94
25.19,-82.25,31.75
25.19,-82.19,31.95
25.19,-82.17,31.94
25.19,-82.09,31.87
25.19,-82.07,31.93
25.19,-82.05,31.89
25.19,-82.01,31.79
25.19,-81.99,31.89
25.19,-81.97,31.92
25.19,-81.95,31.93
25.19,-81.93,31.92
25.19,-81.91,31.99
25.19,-81.89,31.98
25.19,-81.87,31.97
25.19,-81.81,32.05
25.19,-81.79,32.15
25.19,-81.77,32.16
25.19,-81.75,32.09
25.19,-81.73,32.02
25.19,-81.71,32.11
25.19,-81.69,32.16
25.19,-81.67,32.18
25.19,-81.65,32.09
25.19,-81.63,32.01
25.19,-81.61,32.02
25.19,-81.59,32.08
25.19,-81.57,32.11
25.19,-81.55,31.94
25.19,-81.49,32.03
25.19,-81.47,32.0
25.19,-81.45,31.99
25.19,-81.43,31.99
25.19,-81.41,32.0
25.19,-81.39,32.02
25.19,-80.65,32.06
25.19,-80.63,32.02
25.19,-80.61,31.94
25.19,-80.59,32.0
25.19,-80.57,32.01
25.19,-80.55,32.14
25.19,-80.53,32.11
25.19,-80.51,31.81
25.19,-80.49,31.84
25.19,-80.47,31.91
25.19,-80.45,31.85
25.19,-80.43,31.7
25.19,-80.41,31.8
25.19,-80.33,31.52
25.19,-80.31,31.52
25.19,-80.29,31.44
25.19,-80.27,31.08
25.19,-80.25,31.01
25.19,-80.23,31.01
25.19,-80.21,31.12
25.19,-80.19,31.19
25.19,-80.17,31.27
25.19,-80.15,31.37
25.19,-80.13,31.41
25.19,-80.11,31.47
25.19,-80.09,31.51
25.19,-80.07,31.53
25.19,-80.05,31.59
25.19,-80.03,31.75
25.19,-80.01,31.71
25.19,-79.99,31.7
25.19,-79.97,31.74
25.19,-79.95,31.58
25.19,-79.93,31.5
25.19,-79.91,31.48
25.19,-79.89,31.44
25.19,-79.87,31.51
25.19,-79.85,31.49
25.19,-79.83,31.44
25.19,-79.81,31.32
25.19,-79.79,31.23
25.19,-79.77,31.14
25.19,-79.75,31.19
25.19,-79.73,31.11
25.19,-79.71,31.04
25.19,-79.69,31.07
25.19,-79.63,30.88
25.19,-79.61,31.06
25.19,-79.59,31.14
25.19,-79.57,31.18
25.19,-79.55,31.08
25.19,-79.53,31.04
25.19,-79.51,31.15
25.19,-79.49,31.25
25.19,-77.83,30.49
25.19,-77.81,30.4
25.19,-77.79,30.38
25.19,-77.77,30.46
25.19,-77.75,30.39
25.19,-77.73,30.3
25.19,-77.71,30.19
25.19,-77.69,30.15
25.19,-77.45,30.18
25.19,-77.43,30.29
25.19,-77.41,30.3
25.19,-77.29,30.58
25.19,-77.27,30.47
25.19,-77.25,30.46
25.19,-77.23,30.47
25.19,-77.21,30.49
25.19,-77.19,30.49
25.19,-77.13,30.44
25.19,-77.11,30.38
25.19,-77.09,30.41
25.19,-77.07,30.48
25.19,-77.05,30.56
25.19,-77.03,30.63
25.19,-77.01,30.78
25.19,-76.99,30.91
25.19,-76.97,30.95
25.19,-76.95,31.03
25.19,-76.93,31.01
25.19,-76.91,30.83
25.19,-76.37,30.86
25.19,-76.35,30.84
25.19,-76.33,30.9
25.19,-76.31,30.98
25.19,-76.29,31.05
25.19,-76.27,31.04
25.17,-82.25,31.79
25.17,-82.23,31.85
25.17,-82.19,31.99
25.17,-82.17,31.99
25.17,-82.15,31.88
25.17,-82.09,31.84
25.17,-82.07,31.93
25.17,-82.05,31.85
25.17,-82.03,31.78
25.17,-82.01,31.79
25.17,-81.99,31.82
25.17,-81.97,31.93
25.17,-81.95,31.97
25.17,-81.93,31.97
25.17,-81.91,32.0
25.17,-81.89,31.91
25.17,-81.87,31.87
25.17,-81.83,31.97
25.17,-81.81,32.06
25.17,-81.79,32.14
25.17,-81.77,32.1
25.17,-81.75,32.07
25.17,-81.73,32.05
25.17,-81.71,32.09
25.17,-81.69,32.15
25.17,-81.67,32.13
25.17,-81.65,32.12
25.17,-81.63,32.11
25.17,-81.61,32.06
25.17,-81.59,32.05
25.17,-81.57,32.08
25.17,-81.55,31.99
25.17,-81.53,31.99
25.17,-81.49,32.01
25.17,-81.47,32.0
25.17,-81.45,32.06
25.17,-81.41,32.01
25.17,-80.87,33.65
25.17,-80.85,33.68
25.17,-80.67,32.41
25.17,-80.63,32.04
25.17,-80.61,31.92
25.17,-80.57,32.03
25.17,-80.55,32.06
25.17,-80.53,31.86
25.17,-80.51,31.78
25.17,-80.49,31.79
25.17,-80.47,31.89
25.17,-80.45,31.87
25.17,-80.43,31.72
25.17,-80.41,31.71
25.17,-80.39,31.45
25.17,-80.35,31.64
25.17,-80.33,31.6
25.17,-80.31,31.59
25.17,-80.29,31.26
25.17,-80.27,31.06
25.17,-80.25,31.02
25.17,-80.23,31.11
25.17,-80.21,31.19
25.17,-80.19,31.22
25.17,-80.17,31.26
25.17,-80.15,31.32
25.17,-80.13,31.37
25.17,-80.11,31.47
25.17,-80.09,31.61
25.17,-80.07,31.57
25.17,-80.05,31.73
25.17,-80.03,31.83
25.17,-80.01,31.79
25.17,-79.99,31.79
25.17,-79.97,31.77
25.17,-79.95,31.67
25.17,-79.93,31.64
25.17,-79.91,31.55
25.17,-79.89,31.52
25.17,-79.87,31.58
25.17,-79.85,31.56
25.17,-79.83,31.49
25.17,-79.81,31.31
25.17,-79.79,31.28
25.17,-79.77,31.37
25.17,-79.75,31.35
25.17,-79.73,31.15
25.17,-79.71,31.2
25.17,-79.69,31.2
25.17,-79.63,30.91
25.17,-79.61,31.2
25.17,-79.59,31.24
25.17,-79.57,31.24
25.17,-79.55,31.18
25.17,-79.53,31.03
25.17,-79.51,31.12
25.17,-79.49,31.23
25.17,-79.47,31.24
25.17,-77.99,30.56
25.17,-77.97,30.55
25.17,-77.83,30.47
25.17,-77.81,30.42
25.17,-77.79,30.38
25.17,-77.77,30.52
25.17,-77.75,30.54
25.17,-77.73,30.45
25.17,-77.71,30.4
25.17,-77.69,30.31
25.17,-77.67,30.39
25.17,-77.33,30.59
25.17,-77.31,30.6
25.17,-77.29,30.48
25.17,-77.27,30.49
25.17,-77.25,30.42
25.17,-77.23,30.45
25.17,-77.21,30.49
25.17,-77.19,30.53
25.17,-77.09,30.42
25.17,-77.07,30.48
25.17,-77.05,30.66
25.17,-77.03,30.88
25.17,-77.01,31.04
25.17,-76.99,31.0
25.17,-76.97,30.92
25.17,-76.95,30.93
25.17,-76.93,31.05
25.17,-76.91,30.9
25.17,-76.89,30.81
25.17,-76.85,30.81
25.17,-76.83,30.85
25.17,-76.69,31.08
25.17,-76.67,31.08
25.17,-76.35,30.84
25.17,-76.33,30.91
25.17,-76.31,30.88
25.17,-76.29,30.94
25.17,-76.27,31.07
25.17,-76.25,31.12
25.17,-76.23,31.13
25.15,-82.23,31.84
25.15,-82.21,31.93
25.15,-82.19,31.95
25.15,-82.17,31.95
25.15,-82.15,31.88
25.15,-82.13,31.86
25.15,-82.09,31.88
25.15,-82.07,31.88
25.15,-82.05,31.95
25.15,-82.03,31.92
25.15,-82.01,31.88
25.15,-81.99,31.9
25.15,-81.97,31.96
25.15,-81.95,31.97
25.15,-81.93,32.0
25.15,-81.91,31.99
25.15,-81.89,31.87
25.15,-81.87,31.89
25.15,-81.85,31.97
25.15,-81.83,32.0
25.15,-81.81,32.14
25.15,-81.79,32.18
25.15,-81.77,32.15
25.15,-81.75,32.11
25.15,-81.73,32.16
25.15,-81.71,32.16
25.15,-81.69,32.03
25.15,-81.67,32.04
25.15,-81.65,32.13
25.15,-81.63,32.13
25.15,-81.61,32.08
25.15,-81.59,32.05
25.15,-81.57,32.1
25.15,-81.55,32.14
25.15,-81.53,32.05
25.15,-81.47,32.01
25.15,-81.45,32.04
25.15,-81.41,32.06
25.15,-81.39,32.06
25.15,-80.89,33.51
25.15,-80.87,33.53
25.15,-80.85,32.95
25.15,-80.83,32.59
25.15,-80.81,32.49
25.15,-80.79,32.56
25.15,-80.69,32.47
25.15,-80.67,32.32
25.15,-80.65,32.2
25.15,-80.63,32.14
25.15,-80.61,31.91
25.15,-80.59,31.86
25.15,-80.57,32.0
25.15,-80.55,31.92
25.15,-80.53,31.87
25.15,-80.49,31.99
25.15,-80.47,32.1
25.15,-80.43,31.75
25.15,-80.41,31.51
25.15,-80.37,31.6
25.15,-80.35,31.57
25.15,-80.33,31.55
25.15,-80.31,31.58
25.15,-80.29,31.24
25.15,-80.27,31.06
25.15,-80.25,31.13
25.15,-80.23,31.15
25.15,-80.21,31.19
25.15,-80.19,30.97
25.15,-80.17,31.2
25.15,-80.15,31.29
25.15,-80.13,31.36
25.15,-80.11,31.54
25.15,-80.09,31.57
25.15,-80.07,31.58
25.15,-80.05,31.7
25.15,-80.03,31.77
25.15,-80.01,31.74
25.15,-79.99,31.77
25.15,-79.97,31.76
25.15,-79.95,31.69
25.15,-79.93,31.68
25.15,-79.91,31.69
25.15,-79.89,31.65
25.15,-79.87,31.61
25.15,-79.85,31.58
25.15,-79.83,31.4
25.15,-79.81,31.37
25.15,-79.79,31.54
25.15,-79.77,31.54
25.15,-79.75,31.46
25.15,-79.73,31.28
25.15,-79.71,31.32
25.15,-79.69,31.3
25.15,-79.67,31.26
25.15,-79.63,31.14
25.15,-79.61,31.09
25.15,-79.59,31.21
25.15,-79.57,31.23
25.15,-79.49,31.25
25.15,-79.47,31.29
25.15,-77.99,30.63
25.15,-77.97,30.55
25.15,-77.81,30.44
25.15,-77.79,30.47
25.15,-77.77,30.58
25.15,-77.75,30.58
25.15,-77.73,30.64
25.15,-77.71,30.55
25.15,-77.69,30.5
25.15,-77.67,30.49
25.15,-77.35,30.37
25.15,-77.33,30.5
25.15,-77.31,30.56
25.15,-77.29,30.4
25.15,-77.27,30.45
25.15,-77.25,30.43
25.15,-77.11,30.47
25.15,-77.09,30.47
25.15,-77.05,30.72
25.15,-77.03,31.03
25.15,-77.01,31.04
25.15,-76.99,31.01
25.15,-76.97,30.93
25.15,-76.95,30.63
25.15,-76.93,30.58
25.15,-76.87,30.82
25.15,-76.85,30.8
25.15,-76.83,30.79
25.15,-76.69,31.03
25.15,-76.67,31.03
25.15,-76.35,30.8
25.15,-76.33,30.85
25.15,-76.31,30.92
25.15,-76.29,30.94
25.15,-76.27,30.95
25.15,-76.25,30.97
25.15,-76.23,31.04
25.15,-76.21,31.06
25.15,-76.19,31.09
25.13,-82.31,31.57
25.13,-82.29,31.6
25.13,-82.27,31.62
25.13,-82.21,31.91
25.13,-82.19,31.97
25.13,-82.17,31.92
25.13,-82.15,31.87
25.13,-82.13,31.91
25.13,-82.11,31.97
25.13,-82.09,31.96
25.13,-82.07,31.91
25.13,-82.05,31.97
25.13,-82.03,31.99
25.13,-82.01,31.99
25.13,-81.99,32.0
25.13,-81.97,32.08
25.13,-81.95,32.04
25.13,-81.93,32.04
25.13,-81.91,32.01
25.13,-81.89,31.88
25.13,-81.87,31.98
25.13,-81.85,32.03
25.13,-81.83,32.1
25.13,-81.81,32.2
25.13,-81.79,32.25
25.13,-81.77,32.23
25.13,-81.75,32.22
25.13,-81.73,32.24
25.13,-81.71,32.24
25.13,-81.69,32.12
25.13,-81.67,32.04
25.13,-81.65,32.04
25.13,-81.63,32.09
25.13,-81.61,32.11
25.13,-81.59,32.11
25.13,-81.57,32.05
25.13,-81.55,32.09
25.13,-81.53,32.04
25.13,-81.51,32.02
25.13,-81.45,32.02
25.13,-81.43,32.04
25.13,-81.41,32.04
25.13,-81.39,32.01
25.13,-81.37,32.03
25.13,-80.89,32.26
25.13,-80.87,32.94
25.13,-80.85,32.64
25.13,-80.83,32.67
25.13,-80.81,32.26
25.13,-80.77,32.31
25.13,-80.75,32.16
25.13,-80.73,32.16
25.13,-80.71,32.54
25.13,-80.69,32.52
25.13,-80.67,32.31
25.13,-80.65,32.31
25.13,-80.63,32.2
25.13,-80.61,31.92
25.13,-80.59,31.92
25.13,-80.57,32.09
25.13,-80.55,31.98
25.13,-80.53,31.9
25.13,-80.49,32.13
25.13,-80.47,32.2
25.13,-80.45,32.2
25.13,-80.37,31.48
25.13,-80.35,31.51
25.13,-80.33,31.53
25.13,-80.31,31.45
25.13,-80.29,31.21
25.13,-80.27,31.12
25.13,-80.25,31.18
25.13,-80.23,31.02
25.13,-80.21,30.88
25.13,-80.19,31.02
25.13,-80.17,31.12
25.13,-80.15,31.26
25.13,-80.13,31.34
25.13,-80.11,31.41
25.13,-80.09,31.47
25.13,-80.07,31.53
25.13,-80.05,31.66
25.13,-80.03,31.7
25.13,-80.01,31.69
25.13,-79.99,31.75
25.13,-79.97,31.73
25.13,-79.95,31.65
25.13,-79.93,31.63
25.13,-79.91,31.7
25.13,-79.89,31.69
25.13,-79.87,31.64
25.13,-79.85,31.59
25.13,-79.83,31.32
25.13,-79.81,31.36
25.13,-79.79,31.5
25.13,-79.77,31.54
25.13,-79.75,31.53
25.13,-79.73,31.48
25.13,-79.71,31.46
25.13,-79.69,31.43
25.13,-79.67,31.33
25.13,-79.65,31.25
25.13,-79.63,31.35
25.13,-79.61,31.25
25.13,-79.59,31.16
25.13,-79.57,31.2
25.13,-79.55,31.16
25.13,-77.99,30.63
25.13,-77.97,30.56
25.13,-77.83,30.45
25.13,-77.77,30.5
25.13,-77.75,30.54
25.13,-77.73,30.63
25.13,-77.71,30.67
25.13,-77.69,30.68
25.13,-77.67,30.67
25.13,-77.33,30.52
25.13,-77.31,30.67
25.13,-77.09,30.53
25.13,-77.07,30.58
25.13,-77.05,30.71
25.13,-77.03,30.99
25.13,-77.01,31.06
25.13,-76.99,30.98
25.13,-76.97,30.88
25.13,-76.95,30.75
25.13,-76.91,30.86
25.13,-76.89,30.88
25.13,-76.87,30.76
25.13,-76.85,30.76
25.13,-76.83,30.72
25.13,-76.67,31.04
25.13,-76.33,30.8
25.13,-76.31,30.87
25.13,-76.29,30.97
25.13,-76.27,31.02
25.13,-76.25,30.93
25.13,-76.23,30.78
25.13,-76.21,30.86
25.13,-76.19,30.9
25.11,-82.31,31.58
25.11,-82.29,31.61
25.11,-82.27,31.71
25.11,-82.21,31.91
25.11,-82.19,32.01
25.11,-82.17,31.97
25.11,-82.15,31.92
25.11,-82.13,32.05
25.11,-82.11,32.08
25.11,-82.09,32.04
25.11,-82.07,31.97
25.11,-82.05,31.99
25.11,-82.03,32.04
25.11,-82.01,32.05
25.11,-81.99,32.05
25.11,-81.97,32.16
25.11,-81.95,32.13
25.11,-81.93,32.08
25.11,-81.91,32.05
25.11,-81.89,32.05
25.11,-81.87,32.11
25.11,-81.85,32.11
25.11,-81.83,32.16
25.11,-81.81,32.22
25.11,-81.79,32.29
25.11,-81.77,32.3
25.11,-81.75,32.27
25.11,-81.73,32.26
25.11,-81.71,32.27
25.11,-81.69,32.2
25.11,-81.67,32.09
25.11,-81.65,32.04
25.11,-81.63,32.13
25.11,-81.61,32.17
25.11,-81.59,32.03
25.11,-81.57,32.09
25.11,-81.55,32.07
25.11,-81.53,32.05
25.11,-81.51,32.06
25.11,-81.49,32.08
25.11,-81.45,32.0
25.11,-81.43,32.02
25.11,-81.41,32.02
25.11,-81.37,31.99
25.11,-80.93,31.98
25.11,-80.91,32.27
25.11,-80.89,32.12
25.11,-80.87,32.57
25.11,-80.85,33.03
25.11,-80.83,33.15
25.11,-80.81,32.36
25.11,-80.79,32.52
25.11,-80.77,32.5
25.11,-80.75,32.38
25.11,-80.73,32.23
25.11,-80.71,32.61
25.11,-80.69,32.81
25.11,-80.67,32.52
25.11,-80.65,32.22
25.11,-80.63,31.92
25.11,-80.61,31.83
25.11,-80.59,32.01
25.11,-80.57,32.12
25.11,-80.55,31.97
25.11,-80.53,31.9
25.11,-80.51,31.92
25.11,-80.47,32.21
25.11,-80.45,32.07
25.11,-80.39,31.48
25.11,-80.37,31.49
25.11,-80.35,31.41
25.11,-80.33,31.41
25.11,-80.31,31.22
25.11,-80.29,31.0
25.11,-80.27,31.19
25.11,-80.25,31.12
25.11,-80.23,30.98
25.11,-80.21,31.05
25.11,-80.19,31.11
25.11,-80.17,31.08
25.11,-80.15,31.25
25.11,-80.13,31.37
25.11,-80.11,31.32
25.11,-80.09,31.38
25.11,-80.07,31.47
25.11,-80.05,31.54
25.11,-80.03,31.63
25.11,-80.01,31.62
25.11,-79.99,31.71
25.11,-79.97,31.63
25.11,-79.95,31.55
25.11,-79.93,31.57
25.11,-79.91,31.69
25.11,-79.89,31.75
25.11,-79.87,31.61
25.11,-79.85,31.55
25.11,-79.83,31.34
25.11,-79.81,31.28
25.11,-79.79,31.42
25.11,-79.77,31.55
25.11,-79.75,31.54
25.11,-79.73,31.63
25.11,-79.71,31.61
25.11,-79.69,31.58
25.11,-79.67,31.48
25.11,-79.65,31.57
25.11,-79.63,31.61
25.11,-79.61,31.52
25.11,-79.59,31.26
25.11,-79.57,31.16
25.11,-79.55,31.06
25.11,-77.99,30.68
25.11,-77.97,30.65
25.11,-77.95,30.57
25.11,-77.75,30.26
25.11,-77.73,30.45
25.11,-77.71,30.64
25.11,-77.69,30.64
25.11,-77.67,30.82
25.11,-77.65,30.77
25.11,-77.15,31.07
25.11,-77.13,31.1
25.11,-77.11,31.11
25.11,-77.09,30.98
25.11,-77.07,30.71
25.11,-77.05,30.88
25.11,-77.03,30.92
25.11,-77.01,31.05
25.11,-76.99,31.01
25.11,-76.97,30.88
25.11,-76.95,30.78
25.11,-76.93,30.64
25.11,-76.91,30.93
25.11,-76.89,30.78
25.11,-76.87,30.7
25.11,-76.85,30.73
25.11,-76.83,30.69
25.11,-76.81,30.62
25.11,-76.31,30.83
25.11,-76.29,30.96
25.11,-76.27,30.91
25.11,-76.25,30.92
25.11,-76.23,30.8
25.11,-76.21,30.7
25.11,-76.19,30.75
25.11,-76.17,30.85
25.09,-82.31,31.9
25.09,-82.29,31.93
25.09,-82.27,31.97
25.09,-82.25,32.05
25.09,-82.19,32.02
25.09,-82.17,32.03
25.09,-82.15,31.96
25.09,-82.13,32.05
25.09,-82.11,32.1
25.09,-82.09,32.1
25.09,-82.07,32.03
25.09,-82.05,32.05
25.09,-82.03,32.04
25.09,-82.01,32.12
25.09,-81.99,32.13
25.09,-81.97,32.12
25.09,-81.95,32.11
25.09,-81.93,32.14
25.09,-81.91,32.14
25.09,-81.89,32.16
25.09,-81.87,32.19
25.09,-81.85,32.19
25.09,-81.83,32.21
25.09,-81.81,32.26
25.09,-81.79,32.29
25.09,-81.77,32.33
25.09,-81.75,32.31
25.09,-81.73,32.29
25.09,-81.71,32.29
25.09,-81.69,32.26
25.09,-81.67,32.2
25.09,-81.65,32.14
25.09,-81.63,32.21
25.09,-81.61,32.19
25.09,-81.59,32.11
25.09,-81.57,32.13
25.09,-81.55,32.07
25.09,-81.53,32.06
25.09,-81.51,32.05
25.09,-81.49,31.96
25.09,-81.47,31.96
25.09,-81.43,31.91
25.09,-81.41,31.86
25.09,-80.93,31.94
25.09,-80.91,32.02
25.09,-80.89,32.08
25.09,-80.87,32.58
25.09,-80.85,32.57
25.09,-80.83,32.28
25.09,-80.81,32.28
25.09,-80.79,32.46
25.09,-80.77,32.3
25.09,-80.75,32.34
25.09,-80.73,32.5
25.09,-80.71,33.02
25.09,-80.69,32.89
25.09,-80.67,32.55
25.09,-80.65,32.53
25.09,-80.63,31.83
25.09,-80.61,31.71
25.09,-80.59,31.77
25.09,-80.57,31.84
25.09,-80.55,31.83
25.09,-80.53,31.88
25.09,-80.51,31.87
25.09,-80.49,32.09
25.09,-80.47,32.21
25.09,-80.41,31.7
25.09,-80.39,31.53
25.09,-80.37,31.32
25.09,-80.35,31.14
25.09,-80.33,31.11
25.09,-80.31,31.08
25.09,-80.29,31.19
25.09,-80.27,31.21
25.09,-80.25,31.18
25.09,-80.23,31.11
25.09,-80.21,31.09
25.09,-80.19,31.11
25.09,-80.17,31.13
25.09,-80.15,31.19
25.09,-80.13,31.26
25.09,-80.11,31.3
25.09,-80.09,31.39
25.09,-80.07,31.5
25.09,-80.05,31.54
25.09,-80.03,31.5
25.09,-80.01,31.48
25.09,-79.99,31.54
25.09,-79.97,31.53
25.09,-79.95,31.43
25.09,-79.93,31.5
25.09,-79.91,31.66
25.09,-79.89,31.67
25.09,-79.87,31.63
25.09,-79.85,31.41
25.09,-79.83,31.35
25.09,-79.81,31.27
25.09,-79.79,31.39
25.09,-79.77,31.55
25.09,-79.75,31.51
25.09,-79.73,31.59
25.09,-79.71,31.59
25.09,-79.69,31.58
25.09,-79.67,31.57
25.09,-79.65,31.6
25.09,-79.63,31.69
25.09,-79.61,31.58
25.09,-79.59,31.39
25.09,-79.57,31.23
25.09,-79.55,31.02
25.09,-79.53,31.0
25.09,-79.51,30.97
25.09,-78.01,30.77
25.09,-77.95,30.67
25.09,-77.75,30.3
25.09,-77.73,30.43
25.09,-77.71,30.63
25.09,-77.69,30.69
25.09,-77.67,30.73
25.09,-77.65,30.68
25.09,-77.63,30.72
25.09,-77.15,31.05
25.09,-77.13,31.09
25.09,-77.11,30.9
25.09,-77.09,30.88
25.09,-77.07,30.94
25.09,-77.05,30.93
25.09,-77.03,30.98
25.09,-77.01,31.18
25.09,-76.99,31.12
25.09,-76.97,30.96
25.09,-76.95,30.62
25.09,-76.93,30.76
25.09,-76.91,30.94
25.09,-76.89,30.87
25.09,-76.87,30.91
25.09,-76.85,30.84
25.09,-76.83,30.78
25.09,-76.81,30.58
25.09,-76.31,30.75
25.09,-76.29,30.88
25.09,-76.27,30.84
25.09,-76.25,30.86
25.09,-76.23,30.82
25.09,-76.21,30.72
25.09,-76.19,30.73
25.09,-76.17,30.87
25.09,-76.15,30.86
25.07,-82.35,31.78
25.07,-82.33,31.83
25.07,-82.31,31.9
25.07,-82.29,31.92
25.07,-82.27,31.94
25.07,-82.25,32.05
25.07,-82.23,31.97
25.07,-82.21,31.84
25.07,-82.19,31.86
25.07,-82.17,31.96
25.07,-82.15,32.01
25.07,-82.13,32.06
25.07,-82.11,32.07
25.07,-82.09,32.08
25.07,-82.07,32.04
25.07,-82.05,32.16
25.07,-82.03,32.16
25.07,-82.01,32.21
25.07,-81.99,32.15
25.07,-81.97,32.11
25.07,-81.95,32.09
25.07,-81.93,32.21
25.07,-81.91,32.21
25.07,-81.89,32.22
25.07,-81.87,32.24
25.07,-81.85,32.25
25.07,-81.83,32.25
25.07,-81.81,32.31
25.07,-81.79,32.33
25.07,-81.77,32.35
25.07,-81.75,32.33
25.07,-81.73,32.31
25.07,-81.71,32.33
25.07,-81.69,32.29
25.07,-81.67,32.26
25.07,-81.65,32.25
25.07,-81.63,32.24
25.07,-81.61,32.23
25.07,-81.59,32.2
25.07,-81.57,32.18
25.07,-81.55,32.06
25.07,-81.53,32.06
25.07,-81.51,32.02
25.07,-81.49,31.97
25.07,-81.47,32.03
25.07,-80.91,31.96
25.07,-80.89,32.42
25.07,-80.87,32.73
25.07,-80.85,32.4
25.07,-80.83,32.13
25.07,-80.81,32.16
25.07,-80.77,32.14
25.07,-80.75,32.17
25.07,-80.71,32.61
25.07,-80.69,32.32
25.07,-80.67,32.01
25.07,-80.65,32.22
25.07,-80.63,32.33
25.07,-80.59,31.77
25.07,-80.57,31.9
25.07,-80.55,31.81
25.07,-80.53,31.86
25.07,-80.51,31.92
25.07,-80.49,32.08
25.07,-80.45,32.03
25.07,-80.43,31.78
25.07,-80.41,31.67
25.07,-80.39,31.5
25.07,-80.37,31.13
25.07,-80.35,31.03
25.07,-80.33,31.0
25.07,-80.31,31.11
25.07,-80.29,31.2
25.07,-80.27,31.27
25.07,-80.25,31.22
25.07,-80.23,31.21
25.07,-80.21,31.22
25.07,-80.19,31.14
25.07,-80.17,31.23
25.07,-80.15,31.26
25.07,-80.13,31.21
25.07,-80.11,31.26
25.07,-80.09,31.32
25.07,-80.07,31.45
25.07,-80.05,31.44
25.07,-80.03,31.42
25.07,-80.01,31.42
25.07,-79.99,31.45
25.07,-79.97,31.46
25.07,-79.95,31.47
25.07,-79.93,31.57
25.07,-79.91,31.57
25.07,-79.89,31.45
25.07,-79.87,31.49
25.07,-79.85,31.48
25.07,-79.83,31.41
25.07,-79.81,31.32
25.07,-79.79,31.38
25.07,-79.77,31.51
25.07,-79.75,31.48
25.07,-79.73,31.5
25.07,-79.71,31.69
25.07,-79.69,31.66
25.07,-79.67,31.63
25.07,-79.65,31.67
25.07,-79.63,31.75
25.07,-79.61,31.67
25.07,-79.59,31.45
25.07,-79.57,31.28
25.07,-79.55,31.18
25.07,-79.53,31.0
25.07,-79.51,30.96
25.07,-77.95,30.7
25.07,-77.93,30.62
25.07,-77.77,30.46
25.07,-77.75,30.39
25.07,-77.73,30.47
25.07,-77.71,30.43
25.07,-77.69,30.36
25.07,-77.67,30.55
25.07,-77.65,30.63
25.07,-77.63,30.72
25.07,-77.61,30.72
25.07,-77.15,30.97
25.07,-77.13,31.0
25.07,-77.11,30.86
25.07,-77.09,30.86
25.07,-77.07,30.93
25.07,-77.05,30.97
25.07,-77.03,30.99
25.07,-77.01,31.05
25.07,-76.99,31.07
25.07,-76.97,30.97
25.07,-76.95,30.85
25.07,-76.93,30.9
25.07,-76.91,30.96
25.07,-76.89,30.96
25.07,-76.87,30.92
25.07,-76.85,30.88
25.07,-76.83,30.93
25.07,-76.81,30.91
25.07,-76.29,30.68
25.07,-76.27,30.67
25.07,-76.25,30.79
25.07,-76.23,30.79
25.07,-76.21,30.71
25.07,-76.19,30.7
25.07,-76.17,30.86
25.07,-76.15,30.86
25.05,-82.41,31.45
25.05,-82.39,31.49
25.05,-82.35,31.86
25.05,-82.33,31.95
25.05,-82.31,31.91
25.05,-82.29,31.8
25.05,-82.27,31.83
25.05,-82.25,31.95
25.05,-82.23,31.98
25.05,-82.21,31.9
25.05,-82.19,31.89
25.05,-82.17,31.91
25.05,-82.15,31.95
25.05,-82.13,32.03
25.05,-82.11,32.09
25.05,-82.09,32.1
25.05,-82.07,32.1
25.05,-82.05,32.14
25.05,-82.03,32.2
25.05,-82.01,32.23
25.05,-81.99,32.18
25.05,-81.97,32.12
25.05,-81.95,32.14
25.05,-81.93,32.24
25.05,-81.91,32.27
25.05,-81.89,32.28
25.05,-81.87,32.27
25.05,-81.85,32.27
25.05,-81.83,32.29
25.05,-81.81,32.37
25.05,-81.79,32.34
25.05,-81.77,32.36
25.05,-81.75,32.33
25.05,-81.73,32.34
25.05,-81.71,32.34
25.05,-81.69,32.33
25.05,-81.67,32.32
25.05,-81.65,32.31
25.05,-81.63,32.3
25.05,-81.61,32.28
25.05,-81.59,32.22
25.05,-81.57,32.21
25.05,-81.55,32.1
25.05,-81.53,32.08
25.05,-81.51,32.06
25.05,-81.49,32.03
25.05,-81.47,32.08
25.05,-81.45,32.06
25.05,-80.89,32.34
25.05,-80.87,32.38
25.05,-80.85,32.08
25.05,-80.83,32.01
25.05,-80.81,31.97
25.05,-80.79,32.09
25.05,-80.77,32.33
25.05,-80.75,32.56
25.05,-80.73,32.42
25.05,-80.71,32.74
25.05,-80.69,32.73
25.05,-80.67,32.0
25.05,-80.65,32.51
25.05,-80.63,32.13
25.05,-80.61,31.96
25.05,-80.59,32.04
25.05,-80.57,32.0
25.05,-80.55,32.09
25.05,-80.53,32.07
25.05,-80.51,32.31
25.05,-80.47,32.23
25.05,-80.45,32.08
25.05,-80.43,31.86
25.05,-80.41,31.63
25.05,-80.39,31.06
25.05,-80.37,31.05
25.05,-80.35,31.03
25.05,-80.33,31.11
25.05,-80.31,31.13
25.05,-80.29,31.19
25.05,-80.27,31.26
25.05,-80.25,31.3
25.05,-80.23,31.26
25.05,-80.21,31.24
25.05,-80.19,31.23
25.05,-80.17,31.23
25.05,-80.15,31.27
25.05,-80.13,31.24
25.05,-80.11,31.24
25.05,-80.09,31.3
25.05,-80.07,31.4
25.05,-80.05,31.36
25.05,-80.03,31.31
25.05,-80.01,31.3
25.05,-79.99,31.32
25.05,-79.97,31.38
25.05,-79.95,31.48
25.05,-79.93,31.62
25.05,-79.91,31.51
25.05,-79.89,31.4
25.05,-79.87,31.36
25.05,-79.85,31.35
25.05,-79.83,31.45
25.05,-79.81,31.4
25.05,-79.79,31.4
25.05,-79.77,31.44
25.05,-79.75,31.48
25.05,-79.73,31.68
25.05,-79.71,31.77
25.05,-79.69,31.73
25.05,-79.67,31.72
25.05,-79.65,31.72
25.05,-79.63,31.71
25.05,-79.61,31.64
25.05,-79.59,31.54
25.05,-79.57,31.5
25.05,-79.55,31.5
25.05,-79.53,31.42
25.05,-77.97,30.86
25.05,-77.95,30.67
25.05,-77.93,30.56
25.05,-77.91,30.44
25.05,-77.79,30.47
25.05,-77.77,30.51
25.05,-77.73,30.48
25.05,-77.71,30.31
25.05,-77.69,30.21
25.05,-77.67,30.45
25.05,-77.65,30.55
25.05,-77.63,30.68
25.05,-77.61,30.72
25.05,-77.59,30.68
25.05,-77.19,30.89
25.05,-77.15,30.97
25.05,-77.13,30.94
25.05,-77.11,30.92
25.05,-77.09,30.95
25.05,-77.07,30.92
25.05,-77.05,30.9
25.05,-77.03,30.99
25.05,-77.01,31.02
25.05,-76.99,30.97
25.05,-76.97,30.9
25.05,-76.95,30.88
25.05,-76.93,31.03
25.05,-76.91,30.99
25.05,-76.89,31.03
25.05,-76.87,31.05
25.05,-76.85,30.97
25.05,-76.83,30.99
25.05,-76.81,31.03
25.05,-76.79,30.92
25.05,-76.47,30.92
25.05,-76.45,30.92
25.05,-76.27,30.66
25.05,-76.25,30.73
25.05,-76.23,30.86
25.05,-76.21,30.71
25.05,-76.19,30.68
25.05,-76.17,30.75
25.05,-76.15,30.91
25.03,-82.41,31.48
25.03,-82.39,31.49
25.03,-82.35,31.94
25.03,-82.33,31.92
25.03,-82.31,31.83
25.03,-82.29,31.86
25.03,-82.27,31.88
25.03,-82.25,31.94
25.03,-82.23,31.93
25.03,-82.21,31.88
25.03,-82.19,31.94
25.03,-82.17,31.93
25.03,-82.15,31.97
25.03,-82.13,32.0
25.03,-82.11,32.07
25.03,-82.09,32.15
25.03,-82.07,32.2
25.03,-82.05,32.16
25.03,-82.03,32.2
25.03,-82.01,32.21
25.03,-81.99,32.18
25.03,-81.97,32.15
25.03,-81.95,32.17
25.03,-81.93,32.24
25.03,-81.91,32.31
25.03,-81.89,32.31
25.03,-81.87,32.3
25.03,-81.85,32.32
25.03,-81.83,32.32
25.03,-81.81,32.36
25.03,-81.79,32.34
25.03,-81.77,32.36
25.03,-81.75,32.39
25.03,-81.73,32.35
25.03,-81.71,32.34
25.03,-81.69,32.33
25.03,-81.67,32.35
25.03,-81.65,32.34
25.03,-81.63,32.35
25.03,-81.61,32.38
25.03,-81.59,32.27
25.03,-81.57,32.24
25.03,-81.55,32.18
25.03,-81.53,32.15
25.03,-81.51,32.11
25.03,-81.49,32.09
25.03,-81.47,32.07
25.03,-81.45,32.11
25.03,-81.43,32.09
25.03,-81.31,32.05
25.03,-81.29,32.03
25.03,-81.27,32.02
25.03,-80.89,32.14
25.03,-80.87,32.0
25.03,-80.85,31.99
25.03,-80.83,31.96
25.03,-80.81,32.01
25.03,-80.79,32.4
25.03,-80.77,32.41
25.03,-80.73,32.61
25.03,-80.71,32.64
25.03,-80.69,32.92
25.03,-80.67,32.71
25.03,-80.65,32.72
25.03,-80.63,32.25
25.03,-80.61,31.98
25.03,-80.59,32.02
25.03,-80.57,32.09
25.03,-80.55,32.07
25.03,-80.53,32.17
25.03,-80.47,32.21
25.03,-80.45,32.06
25.03,-80.43,31.76
25.03,-80.41,31.35
25.03,-80.39,30.99
25.03,-80.37,31.03
25.03,-80.35,31.16
25.03,-80.33,31.15
25.03,-80.31,31.14
25.03,-80.29,31.22
25.03,-80.27,31.26
25.03,-80.25,31.28
25.03,-80.23,31.27
25.03,-80.21,31.3
25.03,-80.19,31.28
25.03,-80.17,31.24
25.03,-80.15,31.25
25.03,-80.13,31.25
25.03,-80.11,31.23
25.03,-80.09,31.3
25.03,-80.07,31.35
25.03,-80.05,31.32
25.03,-80.03,31.29
25.03,-80.01,31.23
25.03,-79.99,31.19
25.03,-79.97,31.3
25.03,-79.95,31.45
25.03,-79.93,31.48
25.03,-79.91,31.44
25.03,-79.89,31.38
25.03,-79.87,31.23
25.03,-79.85,31.24
25.03,-79.83,31.37
25.03,-79.81,31.34
25.03,-79.79,31.36
25.03,-79.77,31.41
25.03,-79.75,31.56
25.03,-79.73,31.72
25.03,-79.71,31.7
25.03,-79.69,31.72
25.03,-79.67,31.97
25.03,-79.65,31.94
25.03,-79.63,31.73
25.03,-79.61,31.67
25.03,-79.59,31.79
25.03,-79.57,31.72
25.03,-79.55,31.65
25.03,-79.53,31.67
25.03,-77.97,31.3
25.03,-77.95,31.08
25.03,-77.83,30.41
25.03,-77.81,30.46
25.03,-77.79,30.5
25.03,-77.77,30.5
25.03,-77.75,30.46
25.03,-77.69,30.21
25.03,-77.67,30.36
25.03,-77.65,30.49
25.03,-77.63,30.54
25.03,-77.61,30.57
25.03,-77.59,30.62
25.03,-77.57,30.78
25.03,-77.19,30.89
25.03,-77.11,30.93
25.03,-77.09,30.98
25.03,-77.07,30.93
25.03,-77.05,30.82
25.03,-77.03,30.93
25.03,-77.01,30.98
25.03,-76.99,30.93
25.03,-76.97,30.87
25.03,-76.95,30.98
25.03,-76.93,31.04
25.03,-76.91,31.03
25.03,-76.89,31.08
25.03,-76.87,31.15
25.03,-76.85,31.13
25.03,-76.83,31.16
25.03,-76.81,31.11
25.03,-76.79,30.96
25.03,-76.77,30.91
25.03,-76.71,31.03
25.03,-76.47,30.95
25.03,-76.45,30.97
25.03,-76.25,30.75
25.03,-76.23,30.82
25.03,-76.21,30.78
25.03,-76.19,30.75
25.03,-76.17,30.94
25.03,-76.15,30.96
25.01,-82.69,31.32
25.01,-82.67,31.27
25.01,-82.65,31.18
25.01,-82.61,31.22
25.01,-82.59,31.26
25.01,-82.41,31.53
25.01,-82.39,31.56
25.01,-82.35,31.82
25.01,-82.33,31.78
25.01,-82.31,31.88
25.01,-82.29,31.9
25.01,-82.27,31.89
25.01,-82.25,31.87
25.01,-82.23,31.88
25.01,-82.21,31.87
25.01,-82.19,31.89
25.01,-82.17,31.96
25.01,-82.15,31.96
25.01,-82.13,31.95
25.01,-82.11,32.1
25.01,-82.09,32.21
25.01,-82.07,32.21
25.01,-82.05,32.15
25.01,-82.03,32.17
25.01,-82.01,32.16
25.01,-81.99,32.17
25.01,-81.97,32.14
25.01,-81.95,32.16
25.01,-81.93,32.25
25.01,-81.91,32.3
25.01,-81.89,32.31
25.01,-81.87,32.37
25.01,-81.85,32.34
25.01,-81.83,32.36
25.01,-81.81,32.38
25.01,-81.79,32.35
25.01,-81.77,32.31
25.01,-81.75,32.36
25.01,-81.73,32.35
25.01,-81.71,32.34
25.01,-81.69,32.36
25.01,-81.67,32.38
25.01,-81.65,32.35
25.01,-81.63,32.32
25.01,-81.61,32.35
25.01,-81.59,32.32
25.01,-81.57,32.3
25.01,-81.55,32.29
25.01,-81.53,32.25
25.01,-81.51,32.17
25.01,-81.49,32.09
25.01,-81.47,32.03
25.01,-81.45,32.12
25.01,-81.33,31.93
25.01,-81.31,32.05
25.01,-81.29,32.01
25.01,-81.27,31.99
25.01,-80.87,31.91
25.01,-80.85,32.06
25.01,-80.83,32.1
25.01,-80.81,32.39
25.01,-80.79,32.47
25.01,-80.77,32.42
25.01,-80.75,32.59
25.01,-80.73,32.79
25.01,-80.71,32.55
25.01,-80.69,32.52
25.01,-80.67,32.52
25.01,-80.65,32.18
25.01,-80.63,32.17
25.01,-80.61,32.33
25.01,-80.59,32.16
25.01,-80.57,32.19
25.01,-80.55,32.12
25.01,-80.51,32.32
25.01,-80.49,32.28
25.01,-80.47,32.19
25.01,-80.45,31.82
25.01,-80.43,31.43
25.01,-80.41,31.24
25.01,-80.39,31.12
25.01,-80.37,31.1
25.01,-80.35,31.19
25.01,-80.33,31.17
25.01,-80.31,31.2
25.01,-80.29,31.23
25.01,-80.27,31.26
25.01,-80.25,31.26
25.01,-80.23,31.28
25.01,-80.21,31.36
25.01,-80.19,31.34
25.01,-80.17,31.3
25.01,-80.15,31.28
25.01,-80.13,31.26
25.01,-80.11,31.26
25.01,-80.09,31.28
25.01,-80.07,31.27
25.01,-80.05,31.3
25.01,-80.03,31.28
25.01,-80.01,31.27
25.01,-79.99,31.31
25.01,-79.97,31.34
25.01,-79.95,31.41
25.01,-79.93,31.42
25.01,-79.91,31.33
25.01,-79.89,31.19
25.01,-79.87,31.13
25.01,-79.85,31.19
25.01,-79.83,31.34
25.01,-79.81,31.28
25.01,-79.79,31.25
25.01,-79.77,31.38
25.01,-79.75,31.54
25.01,-79.73,31.64
25.01,-79.71,31.66
25.01,-79.69,31.65
25.01,-79.67,31.84
25.01,-79.65,31.93
25.01,-79.63,31.87
25.01,-79.61,31.91
25.01,-79.59,31.88
25.01,-79.57,31.75
25.01,-79.55,31.72
25.01,-79.53,31.76
25.01,-79.51,31.65
25.01,-77.81,30.45
25.01,-77.79,30.5
25.01,-77.77,30.47
25.01,-77.75,30.48
25.01,-77.69,30.35
25.01,-77.67,30.41
25.01,-77.65,30.52
25.01,-77.63,30.51
25.01,-77.61,30.52
25.01,-77.59,30.49
25.01,-77.57,30.64
25.01,-77.19,30.89
25.01,-77.11,30.94
25.01,-77.09,30.96
25.01,-77.07,31.01
25.01,-77.05,30.92
25.01,-77.03,30.89
25.01,-77.01,30.96
25.01,-76.99,30.99
25.01,-76.97,30.99
25.01,-76.95,31.04
25.01,-76.93,30.95
25.01,-76.91,31.06
25.01,-76.89,31.13
25.01,-76.87,31.21
25.01,-76.85,31.23
25.01,-76.83,31.16
25.01,-76.81,31.13
25.01,-76.79,31.08
25.01,-76.77,31.02
25.01,-76.75,31.02
25.01,-76.73,31.01
25.01,-76.71,31.01
25.01,-76.25,30.68
25.01,-76.23,30.81
25.01,-76.21,30.89
25.01,-76.19,30.97
25.01,-76.17,31.01
25.01,-76.15,31.0
24.99,-82.89,30.91
24.99,-82.87,30.92
24.99,-82.85,31.05
24.99,-82.83,31.17
24.99,-82.81,31.21
24.99,-82.71,31.35
24.99,-82.69,31.34
24.99,-82.67,31.23
24.99,-82.63,31.26
24.99,-82.61,31.25
24.99,-82.59,31.27
24.99,-82.57,31.31
24.99,-82.43,31.46
24.99,-82.41,31.57
24.99,-82.39,31.62
24.99,-82.35,31.75
24.99,-82.33,31.79
24.99,-82.31,31.87
24.99,-82.29,31.9
24.99,-82.27,31.88
24.99,-82.25,31.83
24.99,-82.23,31.83
24.99,-82.21,31.85
24.99,-82.19,31.89
24.99,-82.17,31.91
24.99,-82.15,31.95
24.99,-82.13,31.98
24.99,-82.11,32.06
24.99,-82.09,32.19
24.99,-82.07,32.17
24.99,-82.05,32.16
24.99,-82.03,32.12
24.99,-82.01,32.12
24.99,-81.99,32.14
24.99,-81.97,32.12
24.99,-81.95,32.15
24.99,-81.93,32.21
24.99,-81.91,32.27
24.99,-81.89,32.31
24.99,-81.87,32.32
24.99,-81.85,32.32
24.99,-81.83,32.34
24.99,-81.81,32.4
24.99,-81.79,32.43
24.99,-81.77,32.32
24.99,-81.75,32.3
24.99,-81.73,32.32
24.99,-81.71,32.33
24.99,-81.69,32.32
24.99,-81.67,32.31
24.99,-81.65,32.33
24.99,-81.63,32.34
24.99,-81.61,32.33
24.99,-81.59,32.32
24.99,-81.57,32.36
24.99,-81.55,32.41
24.99,-81.53,32.34
24.99,-81.51,32.22
24.99,-81.49,32.16
24.99,-81.47,32.1
24.99,-81.45,32.08
24.99,-81.43,31.84
24.99,-81.41,31.8
24.99,-81.35,31.9
24.99,-81.33,31.93
24.99,-81.31,32.04
24.99,-81.29,31.95
24.99,-80.87,31.89
24.99,-80.85,32.01
24.99,-80.81,32.34
24.99,-80.79,32.39
24.99,-80.77,32.28
24.99,-80.75,32.27
24.99,-80.73,32.6
24.99,-80.71,32.51
24.99,-80.69,32.41
24.99,-80.65,32.32
24.99,-80.63,32.02
24.99,-80.61,32.01
24.99,-80.59,31.98
24.99,-80.57,32.15
24.99,-80.53,32.21
24.99,-80.51,31.98
24.99,-80.49,31.86
24.99,-80.47,31.71
24.99,-80.45,31.6
24.99,-80.43,31.28
24.99,-80.41,31.27
24.99,-80.39,31.25
24.99,-80.37,31.19
24.99,-80.35,31.13
24.99,-80.33,31.18
24.99,-80.31,31.24
24.99,-80.29,31.28
24.99,-80.27,31.27
24.99,-80.25,31.23
24.99,-80.23,31.29
24.99,-80.21,31.3
24.99,-80.19,31.35
24.99,-80.17,31.32
24.99,-80.15,31.36
24.99,-80.13,31.36
24.99,-80.11,31.31
24.99,-80.09,31.27
24.99,-80.07,31.28
24.99,-80.05,31.29
24.99,-80.03,31.25
24.99,-80.01,31.3
24.99,-79.99,31.32
24.99,-79.97,31.31
24.99,-79.95,31.35
24.99,-79.93,31.32
24.99,-79.91,31.16
24.99,-79.89,31.12
24.99,-79.87,31.2
24.99,-79.85,31.2
24.99,-79.83,31.24
24.99,-79.81,31.24
24.99,-79.79,31.22
24.99,-79.77,31.32
24.99,-79.75,31.38
24.99,-79.73,31.6
24.99,-79.71,31.6
24.99,-79.69,31.57
24.99,-79.67,31.72
24.99,-79.65,31.84
24.99,-79.63,31.86
24.99,-79.61,31.95
24.99,-79.59,31.91
24.99,-79.57,31.87
24.99,-79.55,31.62
24.99,-79.53,31.74
24.99,-79.51,31.6
24.99,-79.49,31.55
24.99,-77.99,31.45
24.99,-77.81,30.46
24.99,-77.79,30.49
24.99,-77.77,30.57
24.99,-77.75,30.58
24.99,-77.71,30.52
24.99,-77.69,30.39
24.99,-77.67,30.5
24.99,-77.65,30.58
24.99,-77.63,30.51
24.99,-77.61,30.45
24.99,-77.59,30.38
24.99,-77.57,30.45
24.99,-77.55,30.52
24.99,-77.53,30.77
24.99,-77.51,30.78
24.99,-77.49,30.68
24.99,-77.35,30.58
24.99,-77.19,30.96
24.99,-77.11,31.01
24.99,-77.09,31.03
24.99,-77.07,30.92
24.99,-77.05,30.9
24.99,-77.03,30.92
24.99,-77.01,30.96
24.99,-76.99,30.99
24.99,-76.97,31.03
24.99,-76.95,31.1
24.99,-76.93,31.05
24.99,-76.91,31.1
24.99,-76.89,31.15
24.99,-76.87,31.16
24.99,-76.85,31.21
24.99,-76.83,31.16
24.99,-76.81,31.12
24.99,-76.79,31.1
24.99,-76.77,31.18
24.99,-76.75,31.22
24.99,-76.73,31.02
24.99,-76.71,30.96
24.99,-76.23,30.87
24.99,-76.21,30.97
24.99,-76.19,31.04
24.99,-76.17,31.08
24.97,-82.85,31.12
24.97,-82.83,31.21
24.97,-82.81,31.26
24.97,-82.79,31.23
24.97,-82.77,31.16
24.97,-82.75,31.16
24.97,-82.73,31.25
24.97,-82.71,31.31
24.97,-82.69,31.28
24.97,-82.67,31.25
24.97,-82.63,31.35
24.97,-82.61,31.31
24.97,-82.59,31.38
24.97,-82.57,31.33
24.97,-82.53,31.44
24.97,-82.51,31.43
24.97,-82.45,31.45
24.97,-82.43,31.41
24.97,-82.41,31.69
24.97,-82.39,31.69
24.97,-82.35,31.83
24.97,-82.33,31.92
24.97,-82.31,31.87
24.97,-82.29,31.97
24.97,-82.27,31.84
24.97,-82.25,31.85
24.97,-82.23,31.83
24.97,-82.21,31.89
24.97,-82.19,31.93
24.97,-82.17,31.93
24.97,-82.15,31.91
24.97,-82.13,32.01
24.97,-82.11,32.13
24.97,-82.09,32.12
24.97,-82.07,32.09
24.97,-82.05,32.1
24.97,-82.03,32.06
24.97,-82.01,32.12
24.97,-81.99,32.13
24.97,-81.97,32.12
24.97,-81.95,32.1
24.97,-81.93,32.14
24.97,-81.91,32.17
24.97,-81.89,32.21
24.97,-81.87,32.24
24.97,-81.85,32.23
24.97,-81.83,32.27
24.97,-81.81,32.31
24.97,-81.79,32.31
24.97,-81.77,32.26
24.97,-81.75,32.28
24.97,-81.73,32.33
24.97,-81.71,32.35
24.97,-81.69,32.3
24.97,-81.67,32.24
24.97,-81.65,32.3
24.97,-81.63,32.33
24.97,-81.61,32.29
24.97,-81.59,32.32
24.97,-81.57,32.38
24.97,-81.55,32.39
24.97,-81.53,32.34
24.97,-81.51,32.31
24.97,-81.49,32.29
24.97,-81.47,32.23
24.97,-81.45,32.1
24.97,-81.43,31.88
24.97,-81.41,31.82
24.97,-81.31,31.94
24.97,-81.29,31.94
24.97,-80.91,31.87
24.97,-80.89,31.96
24.97,-80.87,31.89
24.97,-80.85,31.99
24.97,-80.83,32.06
24.97,-80.81,32.23
24.97,-80.79,32.28
24.97,-80.77,32.09
24.97,-80.75,32.12
24.97,-80.73,32.06
24.97,-80.71,32.03
24.97,-80.69,32.25
24.97,-80.67,32.28
24.97,-80.65,32.21
24.97,-80.63,32.22
24.97,-80.61,31.98
24.97,-80.59,32.04
24.97,-80.57,32.12
24.97,-80.55,32.21
24.97,-80.53,31.98
24.97,-80.51,31.91
24.97,-80.49,31.78
24.97,-80.47,31.48
24.97,-80.45,31.45
24.97,-80.43,31.33
24.97,-80.41,31.31
24.97,-80.39,31.3
24.97,-80.37,31.18
24.97,-80.35,31.17
24.97,-80.33,31.28
24.97,-80.31,31.31
24.97,-80.29,31.34
24.97,-80.27,31.28
24.97,-80.25,31.29
24.97,-80.23,31.33
24.97,-80.21,31.33
24.97,-80.19,31.33
24.97,-80.17,31.32
24.97,-80.15,31.43
24.97,-80.13,31.38
24.97,-80.11,31.3
24.97,-80.09,31.29
24.97,-80.07,31.29
24.97,-80.05,31.28
24.97,-80.03,31.31
24.97,-80.01,31.34
24.97,-79.99,31.34
24.97,-79.97,31.28
24.97,-79.95,31.23
24.97,-79.93,31.21
24.97,-79.91,31.2
24.97,-79.89,31.13
24.97,-79.87,31.15
24.97,-79.85,31.19
24.97,-79.83,31.25
24.97,-79.81,31.18
24.97,-79.79,31.15
24.97,-79.77,31.28
24.97,-79.75,31.38
24.97,-79.73,31.43
24.97,-79.71,31.62
24.97,-79.69,31.63
24.97,-79.67,31.66
24.97,-79.65,31.78
24.97,-79.63,31.88
24.97,-79.61,31.84
24.97,-79.59,31.79
24.97,-79.57,31.68
24.97,-79.55,31.63
24.97,-79.53,31.68
24.97,-79.51,31.52
24.97,-77.81,30.45
24.97,-77.79,30.47
24.97,-77.77,30.58
24.97,-77.75,30.63
24.97,-77.73,30.55
24.97,-77.71,30.53
24.97,-77.69,30.49
24.97,-77.67,30.52
24.97,-77.65,30.6
24.97,-77.63,30.54
24.97,-77.61,30.39
24.97,-77.59,30.33
24.97,-77.57,30.33
24.97,-77.55,30.44
24.97,-77.53,30.46
24.97,-77.51,30.62
24.97,-77.49,30.64
24.97,-77.47,30.69
24.97,-77.45,30.78
24.97,-77.43,30.7
24.97,-77.41,30.79
24.97,-77.39,30.71
24.97,-77.37,30.67
24.97,-77.35,30.57
24.97,-77.19,31.0
24.97,-77.17,30.98
24.97,-77.15,30.97
24.97,-77.13,31.04
24.97,-77.11,30.99
24.97,-77.09,30.89
24.97,-77.07,30.88
24.97,-77.05,30.91
24.97,-77.03,30.95
24.97,-77.01,30.98
24.97,-76.99,31.0
24.97,-76.97,30.99
24.97,-76.95,31.06
24.97,-76.93,31.12
24.97,-76.91,31.18
24.97,-76.89,31.13
24.97,-76.87,31.12
24.97,-76.85,31.14
24.97,-76.83,31.13
24.97,-76.81,31.08
24.97,-76.79,31.13
24.97,-76.77,31.29
24.97,-76.75,31.22
24.97,-76.73,30.94
24.97,-76.71,30.77
24.97,-76.21,30.96
24.95,-82.93,30.95
24.95,-82.91,30.99
24.95,-82.89,30.97
24.95,-82.83,31.08
24.95,-82.81,31.09
24.95,-82.79,31.14
24.95,-82.77,31.21
24.95,-82.75,31.22
24.95,-82.73,31.27
24.95,-82.71,31.3
24.95,-82.69,31.34
24.95,-82.67,31.31
24.95,-82.65,31.43
24.95,-82.63,31.45
24.95,-82.61,31.45
24.95,-82.59,31.44
24.95,-82.51,31.41
24.95,-82.45,31.51
24.95,-82.39,31.79
24.95,-82.33,31.92
24.95,-82.31,31.99
24.95,-82.29,32.02
24.95,-82.27,32.0
24.95,-82.25,31.87
24.95,-82.23,31.86
24.95,-82.21,31.91
24.95,-82.19,31.94
24.95,-82.17,31.93
24.95,-82.15,31.95
24.95,-82.13,32.03
24.95,-82.11,32.12
24.95,-82.09,32.12
24.95,-82.07,32.06
24.95,-82.05,32.08
24.95,-82.03,32.04
24.95,-82.01,32.05
24.95,-81.99,32.09
24.95,-81.97,32.14
24.95,-81.95,32.12
24.95,-81.93,32.09
24.95,-81.91,32.09
24.95,-81.89,32.13
24.95,-81.87,32.19
24.95,-81.85,32.16
24.95,-81.83,32.15
24.95,-81.81,32.19
24.95,-81.79,32.22
24.95,-81.77,32.21
24.95,-81.75,32.2
24.95,-81.73,32.23
24.95,-81.71,32.3
24.95,-81.69,32.25
24.95,-81.67,32.22
24.95,-81.65,32.25
24.95,-81.63,32.21
24.95,-81.61,32.27
24.95,-81.59,32.31
24.95,-81.57,32.37
24.95,-81.55,32.36
24.95,-81.53,32.34
24.95,-81.51,32.33
24.95,-81.49,32.32
24.95,-81.47,32.32
24.95,-81.45,32.19
24.95,-81.43,32.12
24.95,-81.41,31.91
24.95,-81.35,31.78
24.95,-80.91,31.96
24.95,-80.89,32.05
24.95,-80.87,32.03
24.95,-80.85,32.09
24.95,-80.83,32.1
24.95,-80.81,32.08
24.95,-80.79,32.06
24.95,-80.75,32.18
24.95,-80.73,32.15
24.95,-80.71,32.14
24.95,-80.69,32.19
24.95,-80.67,32.23
24.95,-80.65,32.11
24.95,-80.63,32.26
24.95,-80.57,32.17
24.95,-80.55,32.15
24.95,-80.53,31.87
24.95,-80.51,31.73
24.95,-80.49,31.74
24.95,-80.47,31.61
24.95,-80.45,31.53
24.95,-80.43,31.44
24.95,-80.41,31.34
24.95,-80.39,31.23
24.95,-80.37,31.19
24.95,-80.35,31.27
24.95,-80.33,31.39
24.95,-80.31,31.45
24.95,-80.29,31.37
24.95,-80.27,31.31
24.95,-80.25,31.35
24.95,-80.23,31.36
24.95,-80.21,31.37
24.95,-80.19,31.34
24.95,-80.17,31.36
24.95,-80.15,31.43
24.95,-80.13,31.43
24.95,-80.11,31.4
24.95,-80.09,31.34
24.95,-80.07,31.33
24.95,-80.05,31.3
24.95,-80.03,31.37
24.95,-80.01,31.35
24.95,-79.99,31.31
24.95,-79.97,31.25
24.95,-79.95,31.24
24.95,-79.93,31.22
24.95,-79.91,31.14
24.95,-79.89,31.16
24.95,-79.87,31.09
24.95,-79.85,31.14
24.95,-79.83,31.25
24.95,-79.81,31.25
24.95,-79.79,31.18
24.95,-79.77,31.26
24.95,-79.75,31.33
24.95,-79.73,31.27
24.95,-79.71,31.33
24.95,-79.69,31.48
24.95,-79.67,31.57
24.95,-79.65,31.8
24.95,-79.63,31.85
24.95,-79.61,31.74
24.95,-79.59,31.73
24.95,-79.57,31.73
24.95,-79.55,31.64
24.95,-79.53,31.59
24.95,-79.51,31.17
24.95,-77.79,30.43
24.95,-77.77,30.5
24.95,-77.73,30.46
24.95,-77.71,30.47
24.95,-77.69,30.43
24.95,-77.67,30.57
24.95,-77.65,30.67
24.95,-77.63,30.57
24.95,-77.61,30.41
24.95,-77.59,30.3
24.95,-77.57,30.3
24.95,-77.55,30.43
24.95,-77.53,30.31
24.95,-77.51,30.6
24.95,-77.49,30.6
24.95,-77.47,30.68
24.95,-77.45,30.72
24.95,-77.43,30.74
24.95,-77.41,30.76
24.95,-77.39,30.71
24.95,-77.13,31.12
24.95,-77.11,31.11
24.95,-77.09,30.97
24.95,-77.07,30.99
24.95,-77.05,30.98
24.95,-77.03,31.03
24.95,-77.01,30.98
24.95,-76.99,31.01
24.95,-76.97,31.05
24.95,-76.95,31.06
24.95,-76.93,31.08
24.95,-76.91,31.08
24.95,-76.89,31.06
24.95,-76.87,31.1
24.95,-76.85,31.11
24.95,-76.83,31.1
24.95,-76.81,31.04
24.95,-76.79,31.06
24.95,-76.77,31.3
24.95,-76.75,31.04
24.95,-76.73,30.87
24.95,-76.71,30.67
24.95,-76.69,30.68
24.95,-76.43,30.88
24.95,-76.37,30.78
24.95,-76.35,30.87
24.95,-76.33,30.97
24.95,-76.15,30.37
24.93,-82.95,30.96
24.93,-82.93,31.01
24.93,-82.91,31.07
24.93,-82.89,31.05
24.93,-82.87,31.16
24.93,-82.85,31.11
24.93,-82.83,31.06
24.93,-82.81,31.1
24.93,-82.79,31.17
24.93,-82.77,31.24
24.93,-82.75,31.32
24.93,-82.73,31.29
24.93,-82.71,31.33
24.93,-82.69,31.41
24.93,-82.65,31.53
24.93,-82.63,31.53
24.93,-82.61,31.54
24.93,-82.59,31.48
24.93,-82.51,31.43
24.93,-82.49,31.44
24.93,-82.45,31.49
24.93,-82.39,31.8
24.93,-82.37,31.78
24.93,-82.35,31.61
24.93,-82.33,31.8
24.93,-82.31,31.93
24.93,-82.29,31.96
24.93,-82.27,32.04
24.93,-82.25,31.88
24.93,-82.23,31.8
24.93,-82.21,31.89
24.93,-82.19,31.89
24.93,-82.17,31.91
24.93,-82.15,31.94
24.93,-82.13,32.03
24.93,-82.11,32.05
24.93,-82.09,32.11
24.93,-82.07,32.09
24.93,-82.05,32.11
24.93,-82.03,32.03
24.93,-82.01,31.99
24.93,-81.99,32.05
24.93,-81.97,32.11
24.93,-81.95,32.1
24.93,-81.93,32.06
24.93,-81.91,32.08
24.93,-81.89,32.1
24.93,-81.87,32.11
24.93,-81.85,32.07
24.93,-81.83,32.07
24.93,-81.81,32.12
24.93,-81.79,32.11
24.93,-81.77,32.11
24.93,-81.75,32.14
24.93,-81.73,32.12
24.93,-81.71,32.19
24.93,-81.69,32.19
24.93,-81.67,32.18
24.93,-81.65,32.25
24.93,-81.63,32.19
24.93,-81.61,32.2
24.93,-81.59,32.23
24.93,-81.57,32.35
24.93,-81.55,32.38
24.93,-81.53,32.32
24.93,-81.51,32.3
24.93,-81.49,32.31
24.93,-81.47,32.29
24.93,-81.45,32.23
24.93,-81.43,32.12
24.93,-81.41,32.06
24.93,-81.39,32.02
24.93,-80.89,32.06
24.93,-80.87,31.68
24.93,-80.85,32.0
24.93,-80.81,32.47
24.93,-80.79,32.63
24.93,-80.77,32.63
24.93,-80.75,32.26
24.93,-80.73,32.03
24.93,-80.71,32.05
24.93,-80.69,32.05
24.93,-80.67,32.15
24.93,-80.65,32.11
24.93,-80.63,32.24
24.93,-80.61,32.62
24.93,-80.59,32.65
24.93,-80.57,32.16
24.93,-80.55,32.05
24.93,-80.53,31.68
24.93,-80.51,31.65
24.93,-80.49,31.66
24.93,-80.47,31.61
24.93,-80.45,31.6
24.93,-80.43,31.56
24.93,-80.41,31.41
24.93,-80.39,31.46
24.93,-80.37,31.4
24.93,-80.35,31.39
24.93,-80.33,31.5
24.93,-80.31,31.46
24.93,-80.29,31.41
24.93,-80.27,31.39
24.93,-80.25,31.46
24.93,-80.23,31.43
24.93,-80.21,31.33
24.93,-80.19,31.39
24.93,-80.17,31.38
24.93,-80.15,31.47
24.93,-80.13,31.49
24.93,-80.11,31.49
24.93,-80.09,31.38
24.93,-80.07,31.4
24.93,-80.05,31.38
24.93,-80.03,31.44
24.93,-80.01,31.36
24.93,-79.99,31.27
24.93,-79.97,31.25
24.93,-79.95,31.26
24.93,-79.93,31.21
24.93,-79.91,31.09
24.93,-79.89,31.16
24.93,-79.87,31.17
24.93,-79.85,31.23
24.93,-79.83,31.29
24.93,-79.81,31.26
24.93,-79.79,31.3
24.93,-79.77,31.32
24.93,-79.75,31.29
24.93,-79.73,31.26
24.93,-79.71,31.29
24.93,-79.69,31.38
24.93,-79.67,31.32
24.93,-79.65,31.53
24.93,-79.63,31.57
24.93,-79.61,31.61
24.93,-79.59,31.7
24.93,-79.57,31.72
24.93,-79.55,31.5
24.93,-79.53,31.2
24.93,-79.51,31.01
24.93,-77.75,30.43
24.93,-77.73,30.4
24.93,-77.71,30.39
24.93,-77.69,30.46
24.93,-77.67,30.52
24.93,-77.65,30.57
24.93,-77.63,30.56
24.93,-77.61,30.47
24.93,-77.59,30.4
24.93,-77.57,30.35
24.93,-77.55,30.37
24.93,-77.53,30.25
24.93,-77.51,30.43
24.93,-77.49,30.52
24.93,-77.47,30.67
24.93,-77.45,30.68
24.93,-77.43,30.67
24.93,-77.41,30.7
24.93,-77.39,30.82
24.93,-77.37,30.8
24.93,-77.09,30.94
24.93,-77.07,31.01
24.93,-77.05,31.14
24.93,-77.03,31.12
24.93,-77.01,31.05
24.93,-76.99,30.95
24.93,-76.97,31.05
24.93,-76.95,31.13
24.93,-76.93,31.16
24.93,-76.91,31.07
24.93,-76.89,31.02
24.93,-76.87,31.04
24.93,-76.85,31.07
24.93,-76.83,31.06
24.93,-76.81,30.88
24.93,-76.79,30.9
24.93,-76.77,31.09
24.93,-76.75,31.05
24.93,-76.73,30.88
24.93,-76.71,30.75
24.93,-76.69,30.71
24.93,-76.67,30.63
24.93,-76.35,30.8
24.93,-76.33,30.87
24.93,-76.31,30.79
24.93,-76.29,30.73
24.91,-83.09,30.97
24.91,-82.97,30.97
24.91,-82.95,31.06
24.91,-82.93,31.1
24.91,-82.91,31.17
24.91,-82.89,31.24
24.91,-82.87,31.36
24.91,-82.85,31.32
24.91,-82.83,31.2
24.91,-82.81,31.17
24.91,-82.79,31.2
24.91,-82.77,31.26
24.91,-82.75,31.31
24.91,-82.73,31.36
24.91,-82.71,31.36
24.91,-82.69,31.38
24.91,-82.67,31.38
24.91,-82.65,31.55
24.91,-82.63,31.59
24.91,-82.61,31.53
24.91,-82.55,31.46
24.91,-82.53,31.52
24.91,-82.51,31.55
24.91,-82.49,31.52
24.91,-82.47,31.46
24.91,-82.43,31.59
24.91,-82.41,31.7
24.91,-82.39,31.79
24.91,-82.37,31.85
24.91,-82.35,31.86
24.91,-82.33,31.83
24.91,-82.31,31.84
24.91,-82.29,31.88
24.91,-82.27,31.89
24.91,-82.25,31.91
24.91,-82.23,31.87
24.91,-82.21,31.88
24.91,-82.19,31.9
24.91,-82.17,31.88
24.91,-82.15,31.99
24.91,-82.13,32.04
24.91,-82.11,32.02
24.91,-82.09,32.07
24.91,-82.07,32.08
24.91,-82.05,32.08
24.91,-82.03,32.11
24.91,-82.01,32.04
24.91,-81.99,32.04
24.91,-81.97,32.08
24.91,-81.95,32.07
24.91,-81.93,32.08
24.91,-81.91,32.09
24.91,-81.89,32.06
24.91,-81.87,32.05
24.91,-81.85,32.06
24.91,-81.83,32.05
24.91,-81.81,32.07
24.91,-81.79,32.04
24.91,-81.77,32.01
24.91,-81.75,32.07
24.91,-81.73,32.1
24.91,-81.71,32.13
24.91,-81.69,32.13
24.91,-81.67,32.12
24.91,-81.65,32.17
24.91,-81.63,32.19
24.91,-81.61,32.15
24.91,-81.59,32.17
24.91,-81.57,32.27
24.91,-81.55,32.36
24.91,-81.53,32.28
24.91,-81.51,32.21
24.91,-81.49,32.28
24.91,-81.47,32.27
24.91,-81.45,32.22
24.91,-81.43,32.19
24.91,-81.41,32.15
24.91,-81.39,32.09
24.91,-81.03,32.05
24.91,-80.87,31.61
24.91,-80.85,31.73
24.91,-80.83,31.94
24.91,-80.81,31.94
24.91,-80.79,32.23
24.91,-80.77,32.51
24.91,-80.75,32.23
24.91,-80.73,32.04
24.91,-80.71,32.0
24.91,-80.69,32.26
24.91,-80.67,32.53
24.91,-80.65,32.59
24.91,-80.63,32.3
24.91,-80.61,32.25
24.91,-80.59,32.08
24.91,-80.57,31.95
24.91,-80.55,31.78
24.91,-80.53,31.59
24.91,-80.51,31.59
24.91,-80.49,31.62
24.91,-80.47,31.63
24.91,-80.45,31.63
24.91,-80.43,31.67
24.91,-80.41,31.63
24.91,-80.39,31.71
24.91,-80.37,31.58
24.91,-80.35,31.54
24.91,-80.33,31.56
24.91,-80.31,31.46
24.91,-80.29,31.44
24.91,-80.27,31.45
24.91,-80.25,31.46
24.91,-80.23,31.43
24.91,-80.21,31.38
24.91,-80.19,31.4
24.91,-80.17,31.42
24.91,-80.15,31.54
24.91,-80.13,31.55
24.91,-80.11,31.46
24.91,-80.09,31.39
24.91,-80.07,31.44
24.91,-80.05,31.46
24.91,-80.03,31.48
24.91,-80.01,31.4
24.91,-79.99,31.38
24.91,-79.97,31.35
24.91,-79.95,31.22
24.91,-79.93,31.12
24.91,-79.91,31.12
24.91,-79.89,31.19
24.91,-79.87,31.26
24.91,-79.85,31.29
24.91,-79.83,31.31
24.91,-79.81,31.28
24.91,-79.79,31.31
24.91,-79.77,31.28
24.91,-79.75,31.27
24.91,-79.73,31.31
24.91,-79.71,31.25
24.91,-79.69,31.4
24.91,-79.67,31.43
24.91,-79.65,31.48
24.91,-79.63,31.46
24.91,-79.61,31.53
24.91,-79.59,31.54
24.91,-79.57,31.48
24.91,-79.55,31.3
24.91,-77.75,30.5
24.91,-77.73,30.45
24.91,-77.71,30.44
24.91,-77.69,30.45
24.91,-77.67,30.49
24.91,-77.65,30.51
24.91,-77.63,30.56
24.91,-77.61,30.52
24.91,-77.59,30.42
24.91,-77.57,30.41
24.91,-77.55,30.47
24.91,-77.53,30.34
24.91,-77.51,30.36
24.91,-77.49,30.52
24.91,-77.47,30.57
24.91,-77.45,30.62
24.91,-77.43,30.58
24.91,-77.41,30.68
24.91,-77.39,30.83
24.91,-77.37,30.81
24.91,-77.09,30.94
24.91,-77.07,31.0
24.91,-77.05,31.06
24.91,-77.03,31.14
24.91,-77.01,31.12
24.91,-76.99,31.09
24.91,-76.97,31.04
24.91,-76.95,31.08
24.91,-76.93,31.09
24.91,-76.91,31.11
24.91,-76.89,31.11
24.91,-76.87,31.14
24.91,-76.85,31.05
24.91,-76.83,30.88
24.91,-76.81,30.72
24.91,-76.79,30.71
24.91,-76.77,30.92
24.91,-76.75,30.93
24.91,-76.73,30.81
24.91,-76.71,30.84
24.91,-76.69,30.78
24.91,-76.67,30.64
24.91,-76.33,30.81
24.91,-76.31,30.8
24.91,-76.29,30.77
24.91,-76.27,30.89
24.91,-76.25,30.85
24.89,-83.11,31.01
24.89,-83.09,31.0
24.89,-83.07,30.98
24.89,-83.05,30.99
24.89,-83.03,31.01
24.89,-83.01,30.97
24.89,-82.99,30.98
24.89,-82.97,30.99
24.89,-82.95,31.09
24.89,-82.93,31.19
24.89,-82.91,31.3
24.89,-82.89,31.36
24.89,-82.87,31.42
24.89,-82.85,31.36
24.89,-82.83,31.33
24.89,-82.81,31.24
24.89,-82.79,31.25
24.89,-82.77,31.33
24.89,-82.75,31.32
24.89,-82.73,31.36
24.89,-82.71,31.36
24.89,-82.69,31.43
24.89,-82.67,31.4
24.89,-82.63,31.5
24.89,-82.61,31.46
24.89,-82.57,31.5
24.89,-82.55,31.56
24.89,-82.53,31.58
24.89,-82.51,31.59
24.89,-82.49,31.61
24.89,-82.47,31.52
24.89,-82.45,31.53
24.89,-82.43,31.67
24.89,-82.41,31.82
24.89,-82.39,31.85
24.89,-82.37,31.88
24.89,-82.35,31.89
24.89,-82.33,31.83
24.89,-82.31,31.83
24.89,-82.29,31.82
24.89,-82.27,31.85
24.89,-82.25,31.96
24.89,-82.23,31.87
24.89,-82.21,31.91
24.89,-82.19,31.88
24.89,-82.17,31.91
24.89,-82.15,32.03
24.89,-82.13,32.08
24.89,-82.11,32.06
24.89,-82.09,32.04
24.89,-82.07,32.05
24.89,-82.05,32.09
24.89,-82.03,32.09
24.89,-82.01,32.08
24.89,-81.99,32.08
24.89,-81.97,32.01
24.89,-81.95,32.08
24.89,-81.93,32.12
24.89,-81.91,32.07
24.89,-81.89,32.03
24.89,-81.87,32.01
24.89,-81.85,32.05
24.89,-81.83,32.03
24.89,-81.81,32.05
24.89,-81.79,32.01
24.89,-81.77,32.04
24.89,-81.75,32.04
24.89,-81.73,32.05
24.89,-81.71,32.08
24.89,-81.69,32.08
24.89,-81.67,32.07
24.89,-81.65,32.15
24.89,-81.63,32.13
24.89,-81.61,32.15
24.89,-81.59,32.16
24.89,-81.57,32.19
24.89,-81.55,32.24
24.89,-81.53,32.23
24.89,-81.51,32.21
24.89,-81.49,32.2
24.89,-81.47,32.22
24.89,-81.45,32.21
24.89,-81.43,32.24
24.89,-81.41,32.14
24.89,-81.39,32.09
24.89,-81.03,32.06
24.89,-81.01,32.02
24.89,-80.97,31.94
24.89,-80.89,31.59
24.89,-80.87,31.59
24.89,-80.85,31.6
24.89,-80.83,31.89
24.89,-80.81,31.97
24.89,-80.79,31.98
24.89,-80.77,32.18
24.89,-80.75,32.16
24.89,-80.73,32.0
24.89,-80.71,32.3
24.89,-80.69,32.79
24.89,-80.67,32.78
24.89,-80.65,32.3
24.89,-80.63,32.2
24.89,-80.61,31.88
24.89,-80.59,31.87
24.89,-80.57,31.62
24.89,-80.55,31.51
24.89,-80.53,31.52
24.89,-80.51,31.54
24.89,-80.49,31.61
24.89,-80.47,31.63
24.89,-80.45,31.66
24.89,-80.43,31.71
24.89,-80.41,31.73
24.89,-80.39,31.85
24.89,-80.37,31.77
24.89,-80.35,31.69
24.89,-80.33,31.59
24.89,-80.31,31.54
24.89,-80.29,31.51
24.89,-80.27,31.46
24.89,-80.25,31.45
24.89,-80.23,31.48
24.89,-80.21,31.41
24.89,-80.19,31.4
24.89,-80.17,31.42
24.89,-80.15,31.5
24.89,-80.13,31.57
24.89,-80.11,31.55
24.89,-80.09,31.51
24.89,-80.07,31.53
24.89,-80.05,31.56
24.89,-80.03,31.65
24.89,-80.01,31.63
24.89,-79.99,31.63
24.89,-79.97,31.47
24.89,-79.95,31.35
24.89,-79.93,31.17
24.89,-79.91,31.1
24.89,-79.89,31.22
24.89,-79.87,31.34
24.89,-79.85,31.31
24.89,-79.83,31.29
24.89,-79.81,31.27
24.89,-79.79,31.27
24.89,-79.77,31.28
24.89,-79.75,31.27
24.89,-79.73,31.29
24.89,-79.71,31.27
24.89,-79.69,31.34
24.89,-79.67,31.45
24.89,-79.65,31.45
24.89,-79.63,31.4
24.89,-79.61,31.33
24.89,-79.59,31.32
24.89,-77.75,30.55
24.89,-77.73,30.49
24.89,-77.71,30.51
24.89,-77.69,30.46
24.89,-77.67,30.44
24.89,-77.65,30.45
24.89,-77.63,30.49
24.89,-77.61,30.48
24.89,-77.59,30.46
24.89,-77.57,30.39
24.89,-77.55,30.41
24.89,-77.53,30.5
24.89,-77.51,30.42
24.89,-77.49,30.44
24.89,-77.47,30.52
24.89,-77.45,30.54
24.89,-77.43,30.62
24.89,-77.41,30.64
24.89,-77.39,30.79
24.89,-77.37,30.8
24.89,-77.35,30.78
24.89,-77.25,30.88
24.89,-77.23,30.88
24.89,-77.21,30.93
24.89,-77.19,30.95
24.89,-77.15,31.06
24.89,-77.13,31.12
24.89,-77.11,31.16
24.89,-77.07,30.96
24.89,-77.05,31.05
24.89,-77.03,31.1
24.89,-77.01,31.1
24.89,-76.99,31.09
24.89,-76.97,31.13
24.89,-76.95,31.04
24.89,-76.93,31.08
24.89,-76.91,31.19
24.89,-76.89,31.2
24.89,-76.87,31.09
24.89,-76.85,31.06
24.89,-76.83,30.9
24.89,-76.81,30.72
24.89,-76.79,30.75
24.89,-76.77,30.77
24.89,-76.75,30.72
24.89,-76.73,30.71
24.89,-76.71,30.78
24.89,-76.69,30.8
24.89,-76.67,30.71
24.89,-76.65,30.6
24.89,-76.29,30.77
24.89,-76.27,30.94
24.89,-76.25,30.94
24.89,-76.23,30.92
24.87,-83.11,31.0
24.87,-83.09,31.07
24.87,-83.07,31.04
24.87,-83.05,31.05
24.87,-83.03,31.07
24.87,-83.01,31.05
24.87,-82.99,31.06
24.87,-82.97,31.1
24.87,-82.95,31.14
24.87,-82.93,31.19
24.87,-82.91,31.41
24.87,-82.89,31.53
24.87,-82.87,31.52
24.87,-82.85,31.35
24.87,-82.83,31.33
24.87,-82.81,31.32
24.87,-82.79,31.28
24.87,-82.77,31.39
24.87,-82.75,31.35
24.87,-82.73,31.37
24.87,-82.71,31.42
24.87,-82.69,31.49
24.87,-82.67,31.46
24.87,-82.63,31.51
24.87,-82.61,31.44
24.87,-82.59,31.38
24.87,-82.57,31.51
24.87,-82.55,31.55
24.87,-82.53,31.55
24.87,-82.51,31.6
24.87,-82.49,31.64
24.87,-82.47,31.6
24.87,-82.45,31.68
24.87,-82.43,31.79
24.87,-82.41,31.84
24.87,-82.39,31.88
24.87,-82.37,31.94
24.87,-82.35,31.91
24.87,-82.33,31.85
24.87,-82.31,31.85
24.87,-82.29,31.8
24.87,-82.27,31.8
24.87,-82.25,31.88
24.87,-82.23,31.89
24.87,-82.21,31.93
24.87,-82.19,31.93
24.87,-82.17,31.93
24.87,-82.15,32.02
24.87,-82.13,32.09
24.87,-82.11,32.04
24.87,-82.09,32.08
24.87,-82.07,32.02
24.87,-82.05,32.05
24.87,-82.03,32.03
24.87,-82.01,32.09
24.87,-81.99,32.11
24.87,-81.97,32.01
24.87,-81.95,32.02
24.87,-81.93,32.08
24.87,-81.91,32.08
24.87,-81.89,32.07
24.87,-81.87,32.04
24.87,-81.85,32.04
24.87,-81.83,32.02
24.87,-81.81,32.06
24.87,-81.79,32.0
24.87,-81.77,31.99
24.87,-81.75,32.05
24.87,-81.73,32.05
24.87,-81.71,32.0
24.87,-81.69,31.96
24.87,-81.67,32.07
24.87,-81.65,32.1
24.87,-81.63,32.09
24.87,-81.61,32.14
24.87,-81.59,32.17
24.87,-81.57,32.18
24.87,-81.55,32.19
24.87,-81.53,32.17
24.87,-81.51,32.12
24.87,-81.49,32.16
24.87,-81.47,32.31
24.87,-81.45,32.27
24.87,-81.43,32.3
24.87,-81.41,32.15
24.87,-81.39,32.1
24.87,-81.05,31.99
24.87,-81.03,32.04
24.87,-81.01,32.01
24.87,-80.89,31.59
24.87,-80.87,31.58
24.87,-80.85,31.6
24.87,-80.83,31.82
24.87,-80.81,31.89
24.87,-80.79,31.99
24.87,-80.77,31.99
24.87,-80.75,32.04
24.87,-80.73,32.05
24.87,-80.69,32.02
24.87,-80.67,32.18
24.87,-80.65,31.93
24.87,-80.63,31.91
24.87,-80.61,31.86
24.87,-80.59,31.63
24.87,-80.57,31.43
24.87,-80.55,31.46
24.87,-80.53,31.47
24.87,-80.51,31.43
24.87,-80.49,31.61
24.87,-80.47,31.6
24.87,-80.45,31.72
24.87,-80.43,31.8
24.87,-80.41,31.89
24.87,-80.39,31.94
24.87,-80.37,31.85
24.87,-80.35,31.79
24.87,-80.33,31.67
24.87,-80.31,31.64
24.87,-80.29,31.53
24.87,-80.27,31.46
24.87,-80.25,31.47
24.87,-80.23,31.45
24.87,-80.21,31.37
24.87,-80.19,31.38
24.87,-80.17,31.39
24.87,-80.15,31.4
24.87,-80.13,31.61
24.87,-80.11,31.75
24.87,-80.09,31.62
24.87,-80.07,31.64
24.87,-80.05,31.66
24.87,-80.03,31.63
24.87,-80.01,31.64
24.87,-79.99,31.78
24.87,-79.97,31.78
24.87,-79.95,31.51
24.87,-79.93,31.28
24.87,-79.91,31.17
24.87,-79.89,31.3
24.87,-79.87,31.44
24.87,-79.85,31.42
24.87,-79.83,31.31
24.87,-79.81,31.3
24.87,-79.79,31.28
24.87,-79.77,31.26
24.87,-79.75,31.24
24.87,-79.73,31.21
24.87,-79.71,31.29
24.87,-79.69,31.34
24.87,-79.67,31.34
24.87,-79.65,31.36
24.87,-79.63,31.29
24.87,-79.61,31.24
24.87,-79.59,31.29
24.87,-77.73,30.51
24.87,-77.71,30.54
24.87,-77.69,30.48
24.87,-77.67,30.49
24.87,-77.65,30.45
24.87,-77.63,30.43
24.87,-77.61,30.44
24.87,-77.59,30.53
24.87,-77.57,30.5
24.87,-77.55,30.43
24.87,-77.53,30.4
24.87,-77.51,30.32
24.87,-77.49,30.33
24.87,-77.47,30.47
24.87,-77.45,30.54
24.87,-77.43,30.56
24.87,-77.41,30.62
24.87,-77.39,30.61
24.87,-77.37,30.81
24.87,-77.35,30.83
24.87,-77.23,30.88
24.87,-77.21,30.93
24.87,-77.19,30.95
24.87,-77.17,31.03
24.87,-77.15,31.05
24.87,-77.13,31.1
24.87,-77.11,31.1
24.87,-77.09,31.07
24.87,-77.07,30.96
24.87,-77.05,31.03
24.87,-77.03,31.05
24.87,-77.01,31.05
24.87,-76.99,31.06
24.87,-76.97,31.07
24.87,-76.95,31.1
24.87,-76.93,31.11
24.87,-76.91,31.2
24.87,-76.89,31.19
24.87,-76.87,31.05
24.87,-76.85,31.0
24.87,-76.83,30.95
24.87,-76.81,30.87
24.87,-76.79,30.8
24.87,-76.77,30.68
24.87,-76.75,30.67
24.87,-76.73,30.69
24.87,-76.71,30.73
24.87,-76.69,30.72
24.87,-76.67,30.7
24.87,-76.65,30.64
24.87,-76.27,30.71
24.87,-76.25,30.7
24.87,-76.23,31.01
24.87,-76.19,31.28
24.87,-76.17,31.28
24.85,-83.13,30.97
24.85,-83.11,31.07
24.85,-83.09,31.15
24.85,-83.07,31.11
24.85,-83.05,31.09
24.85,-83.03,31.1
24.85,-83.01,31.12
24.85,-82.99,31.15
24.85,-82.97,31.17
24.85,-82.95,31.25
24.85,-82.93,31.31
24.85,-82.91,31.45
24.85,-82.89,31.56
24.85,-82.87,31.61
24.85,-82.85,31.51
24.85,-82.83,31.38
24.85,-82.81,31.4
24.85,-82.79,31.41
24.85,-82.77,31.38
24.85,-82.75,31.38
24.85,-82.73,31.39
24.85,-82.71,31.46
24.85,-82.69,31.51
24.85,-82.67,31.5
24.85,-82.65,31.46
24.85,-82.63,31.51
24.85,-82.61,31.45
24.85,-82.59,31.45
24.85,-82.57,31.54
24.85,-82.55,31.57
24.85,-82.53,31.56
24.85,-82.51,31.63
24.85,-82.49,31.65
24.85,-82.47,31.75
24.85,-82.45,31.74
24.85,-82.43,31.82
24.85,-82.41,31.86
24.85,-82.39,31.94
24.85,-82.37,31.95
24.85,-82.35,31.92
24.85,-82.33,31.86
24.85,-82.31,31.87
24.85,-82.29,31.88
24.85,-82.27,31.79
24.85,-82.25,31.8
24.85,-82.23,31.84
24.85,-82.21,31.95
24.85,-82.19,31.95
24.85,-82.17,31.93
24.85,-82.15,31.97
24.85,-82.13,32.08
24.85,-82.11,32.06
24.85,-82.09,32.08
24.85,-82.07,32.0
24.85,-82.05,32.03
24.85,-82.03,32.04
24.85,-82.01,32.09
24.85,-81.99,32.11
24.85,-81.97,31.99
24.85,-81.95,32.02
24.85,-81.93,32.07
24.85,-81.91,32.07
24.85,-81.89,32.1
24.85,-81.87,32.09
24.85,-81.85,32.06
24.85,-81.83,32.05
24.85,-81.81,32.09
24.85,-81.79,32.04
24.85,-81.77,31.94
24.85,-81.75,32.0
24.85,-81.73,32.08
24.85,-81.71,31.97
24.85,-81.69,31.92
24.85,-81.67,32.03
24.85,-81.65,32.06
24.85,-81.63,32.03
24.85,-81.61,32.09
24.85,-81.59,32.17
24.85,-81.57,32.15
24.85,-81.55,32.16
24.85,-81.53,32.17
24.85,-81.51,32.11
24.85,-81.49,32.2
24.85,-81.47,32.35
24.85,-81.45,32.32
24.85,-81.43,32.39
24.85,-81.41,32.39
24.85,-81.39,32.13
24.85,-81.37,32.02
24.85,-81.11,31.93
24.85,-81.05,32.02
24.85,-81.03,32.05
24.85,-81.01,31.97
24.85,-80.99,31.89
24.85,-80.97,31.82
24.85,-80.95,31.81
24.85,-80.93,31.77
24.85,-80.91,31.72
24.85,-80.89,31.6
24.85,-80.87,31.58
24.85,-80.85,31.69
24.85,-80.83,31.85
24.85,-80.81,31.9
24.85,-80.79,31.99
24.85,-80.77,31.96
24.85,-80.75,32.08
24.85,-80.73,32.06
24.85,-80.71,31.89
24.85,-80.69,31.7
24.85,-80.67,31.62
24.85,-80.65,31.41
24.85,-80.63,31.52
24.85,-80.61,31.55
24.85,-80.59,31.51
24.85,-80.57,31.47
24.85,-80.55,31.44
24.85,-80.53,31.46
24.85,-80.51,31.47
24.85,-80.49,31.58
24.85,-80.47,31.61
24.85,-80.45,31.84
24.85,-80.43,31.89
24.85,-80.41,31.87
24.85,-80.39,31.9
24.85,-80.37,32.0
24.85,-80.35,31.89
24.85,-80.33,31.81
24.85,-80.31,31.75
24.85,-80.29,31.62
24.85,-80.27,31.43
24.85,-80.25,31.46
24.85,-80.23,31.45
24.85,-80.21,31.35
24.85,-80.19,31.29
24.85,-80.17,31.25
24.85,-80.15,31.3
24.85,-80.13,31.76
24.85,-80.11,31.85
24.85,-80.09,31.82
24.85,-80.07,31.8
24.85,-80.05,31.56
24.85,-80.03,31.57
24.85,-80.01,31.67
24.85,-79.99,31.76
24.85,-79.97,31.69
24.85,-79.95,31.59
24.85,-79.93,31.45
24.85,-79.91,31.33
24.85,-79.89,31.37
24.85,-79.87,31.54
24.85,-79.85,31.47
24.85,-79.83,31.39
24.85,-79.81,31.37
24.85,-79.79,31.32
24.85,-79.77,31.25
24.85,-79.75,31.2
24.85,-79.73,31.11
24.85,-79.71,31.15
24.85,-79.69,31.19
24.85,-79.67,31.2
24.85,-79.65,31.2
24.85,-79.63,31.28
24.85,-79.61,31.33
24.85,-79.59,31.37
24.85,-77.73,30.51
24.85,-77.71,30.56
24.85,-77.69,30.41
24.85,-77.67,30.4
24.85,-77.65,30.45
24.85,-77.63,30.49
24.85,-77.61,30.5
24.85,-77.59,30.51
24.85,-77.57,30.44
24.85,-77.55,30.36
24.85,-77.53,30.34
24.85,-77.51,30.28
24.85,-77.47,30.53
24.85,-77.45,30.54
24.85,-77.43,30.49
24.85,-77.39,30.63
24.85,-77.37,30.8
24.85,-77.35,30.81
24.85,-77.17,31.0
24.85,-77.15,31.03
24.85,-77.13,31.07
24.85,-77.11,31.06
24.85,-77.09,31.08
24.85,-77.07,31.0
24.85,-77.05,30.94
24.85,-77.03,30.9
24.85,-77.01,31.07
24.85,-76.99,31.08
24.85,-76.97,31.02
24.85,-76.95,31.1
24.85,-76.93,31.15
24.85,-76.91,31.15
24.85,-76.89,31.02
24.85,-76.87,30.89
24.85,-76.85,30.94
24.85,-76.83,31.08
24.85,-76.79,30.86
24.85,-76.77,30.69
24.85,-76.75,30.63
24.85,-76.73,30.6
24.85,-76.71,30.68
24.85,-76.69,30.71
24.85,-76.67,30.69
24.85,-76.65,30.67
24.85,-76.25,30.55
24.85,-76.23,30.51
24.85,-76.21,30.7
24.85,-76.19,31.04
24.85,-76.17,31.22
24.83,-83.13,31.01
24.83,-83.11,31.07
24.83,-83.09,31.2
24.83,-83.07,31.15
24.83,-83.05,31.09
24.83,-83.03,31.13
24.83,-83.01,31.18
24.83,-82.99,31.22
24.83,-82.97,31.22
24.83,-82.95,31.36
24.83,-82.93,31.44
24.83,-82.91,31.55
24.83,-82.89,31.59
24.83,-82.87,31.58
24.83,-82.85,31.6
24.83,-82.83,31.63
24.83,-82.81,31.55
24.83,-82.79,31.49
24.83,-82.77,31.47
24.83,-82.75,31.47
24.83,-82.73,31.49
24.83,-82.71,31.49
24.83,-82.69,31.54
24.83,-82.67,31.58
24.83,-82.65,31.54
24.83,-82.63,31.59
24.83,-82.61,31.61
24.83,-82.59,31.53
24.83,-82.57,31.54
24.83,-82.55,31.65
24.83,-82.53,31.64
24.83,-82.51,31.71
24.83,-82.49,31.67
24.83,-82.47,31.79
24.83,-82.45,31.81
24.83,-82.43,31.83
24.83,-82.41,31.81
24.83,-82.39,31.9
24.83,-82.37,31.92
24.83,-82.35,31.88
24.83,-82.33,31.86
24.83,-82.31,31.89
24.83,-82.29,31.87
24.83,-82.27,31.86
24.83,-82.25,31.8
24.83,-82.23,31.86
24.83,-82.21,31.91
24.83,-82.19,31.96
24.83,-82.17,31.95
24.83,-82.15,31.92
24.83,-82.13,32.02
24.83,-82.11,32.06
24.83,-82.09,32.04
24.83,-82.07,32.02
24.83,-82.05,31.93
24.83,-82.03,32.02
24.83,-82.01,32.07
24.83,-81.99,32.09
24.83,-81.97,32.0
24.83,-81.95,32.01
24.83,-81.93,32.07
24.83,-81.91,32.11
24.83,-81.89,32.1
24.83,-81.87,32.1
24.83,-81.85,32.08
24.83,-81.83,32.09
24.83,-81.81,32.1
24.83,-81.79,32.02
24.83,-81.77,31.94
24.83,-81.75,31.92
24.83,-81.73,32.06
24.83,-81.71,31.95
24.83,-81.69,31.98
24.83,-81.67,31.96
24.83,-81.65,32.04
24.83,-81.63,32.02
24.83,-81.61,32.0
24.83,-81.59,32.07
24.83,-81.57,32.1
24.83,-81.55,32.17
24.83,-81.53,32.18
24.83,-81.51,32.17
24.83,-81.49,32.24
24.83,-81.47,32.34
24.83,-81.45,32.47
24.83,-81.43,32.42
24.83,-81.41,32.38
24.83,-81.39,32.15
24.83,-81.37,31.87
24.83,-81.15,31.87
24.83,-81.11,31.86
24.83,-81.05,32.01
24.83,-81.03,32.0
24.83,-81.01,31.91
24.83,-80.99,31.86
24.83,-80.97,31.77
24.83,-80.95,31.76
24.83,-80.93,31.77
24.83,-80.91,31.73
24.83,-80.89,31.7
24.83,-80.87,31.71
24.83,-80.85,31.78
24.83,-80.83,32.0
24.83,-80.79,32.25
24.83,-80.77,32.25
24.83,-80.75,32.13
24.83,-80.73,31.99
24.83,-80.71,31.82
24.83,-80.69,31.57
24.83,-80.67,31.39
24.83,-80.65,31.25
24.83,-80.63,31.36
24.83,-80.61,31.49
24.83,-80.59,31.51
24.83,-80.57,31.47
24.83,-80.55,31.49
24.83,-80.53,31.48
24.83,-80.51,31.49
24.83,-80.49,31.66
24.83,-80.47,31.76
24.83,-80.45,31.87
24.83,-80.43,31.89
24.83,-80.41,31.87
24.83,-80.39,31.9
24.83,-80.37,32.09
24.83,-80.35,32.08
24.83,-80.33,32.06
24.83,-80.31,31.89
24.83,-80.29,31.54
24.83,-80.27,31.44
24.83,-80.25,31.46
24.83,-80.23,31.46
24.83,-80.21,31.36
24.83,-80.19,31.25
24.83,-80.17,31.24
24.83,-80.15,31.21
24.83,-80.13,31.55
24.83,-80.11,31.91
24.83,-80.09,31.83
24.83,-80.07,31.63
24.83,-80.05,31.48
24.83,-80.03,31.64
24.83,-80.01,31.69
24.83,-79.99,31.67
24.83,-79.97,31.66
24.83,-79.95,31.6
24.83,-79.93,31.54
24.83,-79.91,31.45
24.83,-79.89,31.5
24.83,-79.87,31.62
24.83,-79.85,31.51
24.83,-79.83,31.45
24.83,-79.81,31.4
24.83,-79.79,31.31
24.83,-79.77,31.26
24.83,-79.75,31.27
24.83,-79.73,31.2
24.83,-79.71,31.15
24.83,-79.69,31.08
24.83,-79.67,30.99
24.83,-79.65,31.05
24.83,-79.63,31.41
24.83,-79.61,31.37
24.83,-79.59,31.3
24.83,-79.57,30.96
24.83,-77.75,30.51
24.83,-77.73,30.61
24.83,-77.71,30.63
24.83,-77.69,30.37
24.83,-77.67,30.29
24.83,-77.65,30.41
24.83,-77.63,30.54
24.83,-77.61,30.53
24.83,-77.59,30.48
24.83,-77.57,30.39
24.83,-77.55,30.33
24.83,-77.39,30.66
24.83,-77.37,30.7
24.83,-77.35,30.72
24.83,-77.27,30.89
24.83,-77.25,30.93
24.83,-77.23,30.98
24.83,-77.21,30.98
24.83,-77.13,31.04
24.83,-77.11,31.04
24.83,-77.09,31.06
24.83,-77.07,31.01
24.83,-77.05,30.91
24.83,-77.03,30.91
24.83,-77.01,31.04
24.83,-76.99,31.07
24.83,-76.97,30.97
24.83,-76.95,31.03
24.83,-76.93,31.06
24.83,-76.91,31.02
24.83,-76.89,30.88
24.83,-76.87,30.89
24.83,-76.85,30.97
24.83,-76.83,30.98
24.83,-76.81,30.94
24.83,-76.79,30.8
24.83,-76.77,30.72
24.83,-76.75,30.68
24.83,-76.73,30.7
24.83,-76.71,30.66
24.83,-76.69,30.69
24.83,-76.67,30.7
24.83,-76.65,30.71
24.83,-76.25,30.6
24.83,-76.23,30.64
24.83,-76.21,30.67
24.83,-76.19,30.8
24.83,-76.17,31.16
24.81,-83.13,31.1
24.81,-83.11,31.23
24.81,-83.09,31.26
24.81,-83.07,31.2
24.81,-83.05,31.13
24.81,-83.03,31.13
24.81,-83.01,31.19
24.81,-82.99,31.26
24.81,-82.97,31.36
24.81,-82.95,31.48
24.81,-82.93,31.53
24.81,-82.91,31.59
24.81,-82.89,31.61
24.81,-82.87,31.57
24.81,-82.85,31.64
24.81,-82.83,31.68
24.81,-82.81,31.59
24.81,-82.79,31.59
24.81,-82.77,31.57
24.81,-82.75,31.58
24.81,-82.73,31.58
24.81,-82.71,31.61
24.81,-82.69,31.63
24.81,-82.67,31.65
24.81,-82.65,31.64
24.81,-82.63,31.67
24.81,-82.61,31.67
24.81,-82.59,31.64
24.81,-82.57,31.7
24.81,-82.55,31.72
24.81,-82.53,31.72
24.81,-82.51,31.78
24.81,-82.49,31.77
24.81,-82.47,31.79
24.81,-82.45,31.76
24.81,-82.43,31.83
24.81,-82.41,31.81
24.81,-82.39,31.83
24.81,-82.37,31.86
24.81,-82.35,31.86
24.81,-82.33,31.84
24.81,-82.31,31.87
24.81,-82.29,31.86
24.81,-82.27,31.88
24.81,-82.25,31.92
24.81,-82.23,31.84
24.81,-82.21,31.89
24.81,-82.19,31.96
24.81,-82.17,31.97
24.81,-82.15,31.97
24.81,-82.13,32.01
24.81,-82.11,32.04
24.81,-82.09,32.01
24.81,-82.07,32.01
24.81,-82.05,31.97
24.81,-82.03,32.0
24.81,-82.01,32.05
24.81,-81.99,32.13
24.81,-81.97,32.07
24.81,-81.93,32.1
24.81,-81.91,32.17
24.81,-81.89,32.15
24.81,-81.87,32.13
24.81,-81.85,32.06
24.81,-81.83,32.06
24.81,-81.81,32.07
24.81,-81.79,31.99
24.81,-81.77,31.92
24.81,-81.75,32.01
24.81,-81.73,32.06
24.81,-81.71,31.98
24.81,-81.69,31.92
24.81,-81.67,31.95
24.81,-81.65,32.01
24.81,-81.63,31.96
24.81,-81.61,32.01
24.81,-81.59,32.13
24.81,-81.57,32.11
24.81,-81.55,32.1
24.81,-81.53,32.07
24.81,-81.51,32.13
24.81,-81.49,32.34
24.81,-81.47,32.42
24.81,-81.45,32.85
24.81,-81.43,32.5
24.81,-81.41,32.21
24.81,-81.39,31.92
24.81,-81.37,31.86
24.81,-81.15,31.88
24.81,-81.13,31.88
24.81,-81.11,31.87
24.81,-81.05,31.98
24.81,-81.03,32.0
24.81,-81.01,31.87
24.81,-80.99,31.73
24.81,-80.97,31.75
24.81,-80.95,31.78
24.81,-80.93,31.78
24.81,-80.91,31.76
24.81,-80.89,31.81
24.81,-80.87,32.0
24.81,-80.85,32.33
24.81,-80.81,32.29
24.81,-80.79,32.15
24.81,-80.77,32.11
24.81,-80.75,31.92
24.81,-80.73,31.74
24.81,-80.71,31.49
24.81,-80.69,31.27
24.81,-80.67,31.16
24.81,-80.65,31.27
24.81,-80.63,31.34
24.81,-80.61,31.38
24.81,-80.59,31.52
24.81,-80.57,31.46
24.81,-80.55,31.51
24.81,-80.53,31.55
24.81,-80.51,31.66
24.81,-80.49,31.75
24.81,-80.47,31.82
24.81,-80.45,31.86
24.81,-80.43,31.89
24.81,-80.41,31.97
24.81,-80.39,32.0
24.81,-80.37,32.11
24.81,-80.35,32.1
24.81,-80.33,32.05
24.81,-80.31,31.83
24.81,-80.29,31.62
24.81,-80.27,31.48
24.81,-80.25,31.42
24.81,-80.23,31.41
24.81,-80.21,31.36
24.81,-80.19,31.33
24.81,-80.17,31.3
24.81,-80.15,31.35
24.81,-80.13,31.39
24.81,-80.11,31.63
24.81,-80.09,31.85
24.81,-80.07,31.69
24.81,-80.05,31.65
24.81,-80.03,31.7
24.81,-80.01,31.68
24.81,-79.99,31.6
24.81,-79.97,31.65
24.81,-79.95,31.59
24.81,-79.93,31.56
24.81,-79.91,31.53
24.81,-79.89,31.59
24.81,-79.87,31.64
24.81,-79.85,31.51
24.81,-79.83,31.46
24.81,-79.81,31.4
24.81,-79.79,31.31
24.81,-79.77,31.22
24.81,-79.75,31.24
24.81,-79.73,31.3
24.81,-79.71,31.09
24.81,-79.69,31.01
24.81,-79.67,31.05
24.81,-79.65,31.14
24.81,-79.63,31.38
24.81,-79.61,31.29
24.81,-79.59,30.95
24.81,-79.57,30.93
24.81,-77.75,30.51
24.81,-77.73,30.67
24.81,-77.71,30.59
24.81,-77.69,30.43
24.81,-77.67,30.39
24.81,-77.65,30.43
24.81,-77.63,30.62
24.81,-77.61,30.5
24.81,-77.59,30.44
24.81,-77.57,30.38
24.81,-77.55,30.27
24.81,-77.35,30.72
24.81,-77.23,30.98
24.81,-77.21,30.99
24.81,-77.09,31.01
24.81,-77.07,30.94
24.81,-77.05,30.94
24.81,-77.03,30.96
24.81,-77.01,31.02
24.81,-76.99,30.97
24.81,-76.97,30.85
24.81,-76.95,30.92
24.81,-76.93,30.93
24.81,-76.91,30.9
24.81,-76.89,30.92
24.81,-76.87,30.92
24.81,-76.85,30.93
24.81,-76.83,30.97
24.81,-76.81,30.75
24.81,-76.79,30.66
24.81,-76.77,30.69
24.81,-76.75,30.69
24.81,-76.73,30.83
24.81,-76.71,30.9
24.81,-76.69,30.79
24.81,-76.67,30.76
24.81,-76.65,30.7
24.81,-76.63,30.7
24.81,-76.23,30.85
24.81,-76.21,30.89
24.81,-76.15,30.28
24.79,-83.15,31.25
24.79,-83.13,31.34
24.79,-83.11,31.34
24.79,-83.09,31.37
24.79,-83.07,31.34
24.79,-83.05,31.2
24.79,-83.03,31.15
24.79,-83.01,31.18
24.79,-82.99,31.25
24.79,-82.97,31.38
24.79,-82.95,31.59
24.79,-82.93,31.61
24.79,-82.91,31.67
24.79,-82.89,31.7
24.79,-82.87,31.66
24.79,-82.85,31.68
24.79,-82.83,31.69
24.79,-82.81,31.64
24.79,-82.79,31.59
24.79,-82.77,31.62
24.79,-82.75,31.62
24.79,-82.73,31.57
24.79,-82.71,31.65
24.79,-82.69,31.72
24.79,-82.67,31.7
24.79,-82.65,31.74
24.79,-82.63,31.75
24.79,-82.61,31.71
24.79,-82.59,31.75
24.79,-82.57,31.76
24.79,-82.55,31.78
24.79,-82.53,31.77
24.79,-82.51,31.82
24.79,-82.49,31.8
24.79,-82.47,31.75
24.79,-82.45,31.77
24.79,-82.43,31.79
24.79,-82.41,31.79
24.79,-82.39,31.79
24.79,-82.37,31.82
24.79,-82.35,31.86
24.79,-82.33,31.85
24.79,-82.31,31.87
24.79,-82.29,31.88
24.79,-82.27,31.95
24.79,-82.25,31.96
24.79,-82.23,31.9
24.79,-82.21,31.96
24.79,-82.19,31.96
24.79,-82.17,32.0
24.79,-82.15,32.03
24.79,-82.13,32.01
24.79,-82.11,31.96
24.79,-82.09,32.0
24.79,-82.07,32.1
24.79,-82.05,32.08
24.79,-82.03,32.1
24.79,-82.01,32.13
24.79,-81.99,32.12
24.79,-81.93,32.05
24.79,-81.91,32.12
24.79,-81.89,32.11
24.79,-81.87,32.12
24.79,-81.85,32.01
24.79,-81.83,32.03
24.79,-81.81,32.04
24.79,-81.79,32.01
24.79,-81.77,31.96
24.79,-81.75,31.98
24.79,-81.73,32.02
24.79,-81.71,31.9
24.79,-81.69,31.88
24.79,-81.67,31.9
24.79,-81.65,32.0
24.79,-81.63,31.95
24.79,-81.61,32.03
24.79,-81.59,32.18
24.79,-81.57,32.1
24.79,-81.55,32.1
24.79,-81.53,32.29
24.79,-81.51,32.54
24.79,-81.47,32.89
24.79,-81.45,32.3
24.79,-81.43,31.96
24.79,-81.39,31.6
24.79,-81.19,31.61
24.79,-81.17,31.63
24.79,-81.15,31.88
24.79,-81.13,31.89
24.79,-81.11,31.9
24.79,-81.09,31.93
24.79,-81.05,31.9
24.79,-81.03,31.9
24.79,-81.01,31.91
24.79,-80.99,31.86
24.79,-80.97,31.77
24.79,-80.95,31.82
24.79,-80.93,31.79
24.79,-80.91,31.84
24.79,-80.87,32.15
24.79,-80.85,32.03
24.79,-80.83,32.01
24.79,-80.81,32.21
24.79,-80.79,32.19
24.79,-80.77,32.06
24.79,-80.75,31.91
24.79,-80.73,31.71
24.79,-80.71,31.33
24.79,-80.69,31.23
24.79,-80.67,31.16
24.79,-80.65,31.25
24.79,-80.63,31.35
24.79,-80.61,31.43
24.79,-80.59,31.6
24.79,-80.57,31.6
24.79,-80.55,31.57
24.79,-80.53,31.59
24.79,-80.51,31.67
24.79,-80.49,31.74
24.79,-80.47,31.81
24.79,-80.45,31.85
24.79,-80.43,31.95
24.79,-80.41,32.06
24.79,-80.39,32.1
24.79,-80.37,32.17
24.79,-80.35,32.21
24.79,-80.33,32.05
24.79,-80.31,31.84
24.79,-80.29,31.7
24.79,-80.27,31.51
24.79,-80.25,31.39
24.79,-80.23,31.37
24.79,-80.21,31.4
24.79,-80.19,31.39
24.79,-80.17,31.28
24.79,-80.15,31.27
24.79,-80.13,31.47
24.79,-80.11,31.85
24.79,-80.09,31.99
24.79,-80.07,31.82
24.79,-80.05,31.65
24.79,-80.03,31.64
24.79,-80.01,31.67
24.79,-79.99,31.65
24.79,-79.97,31.63
24.79,-79.95,31.64
24.79,-79.93,31.6
24.79,-79.91,31.59
24.79,-79.89,31.6
24.79,-79.87,31.55
24.79,-79.85,31.48
24.79,-79.83,31.47
24.79,-79.81,31.38
24.79,-79.79,31.29
24.79,-79.77,31.23
24.79,-79.75,31.21
24.79,-79.73,31.29
24.79,-79.71,31.12
24.79,-79.69,31.1
24.79,-79.67,31.12
24.79,-79.65,31.09
24.79,-79.63,31.34
24.79,-79.61,31.18
24.79,-79.59,30.91
24.79,-77.75,30.52
24.79,-77.73,30.57
24.79,-77.71,30.61
24.79,-77.69,30.56
24.79,-77.67,30.45
24.79,-77.65,30.45
24.79,-77.63,30.54
24.79,-77.61,30.49
24.79,-77.59,30.42
24.79,-77.57,30.39
24.79,-77.55,30.31
24.79,-77.53,30.25
24.79,-77.23,31.01
24.79,-77.21,31.02
24.79,-77.09,30.82
24.79,-77.07,30.93
24.79,-77.05,30.98
24.79,-77.03,30.97
24.79,-77.01,30.97
24.79,-76.99,30.97
24.79,-76.97,30.86
24.79,-76.95,30.7
24.79,-76.93,30.76
24.79,-76.91,30.77
24.79,-76.89,30.88
24.79,-76.87,31.01
24.79,-76.85,31.05
24.79,-76.81,30.68
24.79,-76.79,30.49
24.79,-76.77,30.58
24.79,-76.75,30.67
24.79,-76.73,30.81
24.79,-76.71,30.9
24.79,-76.69,30.9
24.79,-76.67,30.82
24.79,-76.65,30.71
24.79,-76.63,30.72
24.79,-76.61,30.77
24.79,-76.15,30.27
24.77,-83.15,31.41
24.77,-83.13,31.44
24.77,-83.11,31.41
24.77,-83.09,31.46
24.77,-83.07,31.43
24.77,-83.05,31.22
24.77,-83.03,31.2
24.77,-83.01,31.29
24.77,-82.99,31.38
24.77,-82.97,31.5
24.77,-82.95,31.66
24.77,-82.93,31.65
24.77,-82.91,31.71
24.77,-82.89,31.73
24.77,-82.87,31.72
24.77,-82.85,31.74
24.77,-82.83,31.73
24.77,-82.81,31.7
24.77,-82.79,31.64
24.77,-82.77,31.65
24.77,-82.75,31.62
24.77,-82.73,31.61
24.77,-82.71,31.66
24.77,-82.69,31.69
24.77,-82.67,31.73
24.77,-82.65,31.73
24.77,-82.63,31.78
24.77,-82.61,31.82
24.77,-82.59,31.85
24.77,-82.57,31.86
24.77,-82.55,31.82
24.77,-82.53,31.84
24.77,-82.51,31.82
24.77,-82.49,31.79
24.77,-82.47,31.7
24.77,-82.45,31.77
24.77,-82.43,31.75
24.77,-82.41,31.74
24.77,-82.39,31.73
24.77,-82.37,31.8
24.77,-82.35,31.89
24.77,-82.33,31.91
24.77,-82.31,31.91
24.77,-82.29,31.87
24.77,-82.27,31.94
24.77,-82.25,31.97
24.77,-82.23,32.0
24.77,-82.21,31.97
24.77,-82.19,32.03
24.77,-82.17,32.04
24.77,-82.15,32.02
24.77,-82.13,32.02
24.77,-82.11,32.0
24.77,-82.09,32.02
24.77,-82.07,32.12
24.77,-82.05,32.1
24.77,-82.03,32.11
24.77,-82.01,32.1
24.77,-81.99,32.09
24.77,-81.95,32.06
24.77,-81.93,32.08
24.77,-81.91,32.06
24.77,-81.89,32.07
24.77,-81.87,32.08
24.77,-81.85,32.01
24.77,-81.83,31.97
24.77,-81.81,31.98
24.77,-81.79,32.02
24.77,-81.77,32.04
24.77,-81.75,32.0
24.77,-81.73,31.98
24.77,-81.71,31.87
24.77,-81.69,31.88
24.77,-81.67,31.94
24.77,-81.65,32.01
24.77,-81.63,31.98
24.77,-81.61,32.08
24.77,-81.59,32.25
24.77,-81.57,32.27
24.77,-81.55,32.36
24.77,-81.53,32.55
24.77,-81.51,32.6
24.77,-81.49,32.56
24.77,-81.47,32.19
24.77,-81.45,31.85
24.77,-81.43,31.7
24.77,-81.39,31.54
24.77,-81.37,31.61
24.77,-81.27,31.51
24.77,-81.25,31.5
24.77,-81.23,31.49
24.77,-81.21,31.54
24.77,-81.19,31.57
24.77,-81.17,31.69
24.77,-81.15,31.77
24.77,-81.13,31.88
24.77,-81.11,31.9
24.77,-81.09,31.92
24.77,-81.05,31.92
24.77,-81.03,31.81
24.77,-81.01,31.87
24.77,-80.89,31.98
24.77,-80.87,31.89
24.77,-80.85,31.59
24.77,-80.83,31.82
24.77,-80.81,32.05
24.77,-80.79,31.76
24.77,-80.77,31.68
24.77,-80.75,31.6
24.77,-80.73,31.48
24.77,-80.71,31.25
24.77,-80.69,31.25
24.77,-80.67,31.22
24.77,-80.65,31.28
24.77,-80.63,31.42
24.77,-80.61,31.5
24.77,-80.59,31.57
24.77,-80.57,31.61
24.77,-80.55,31.62
24.77,-80.53,31.67
24.77,-80.51,31.67
24.77,-80.49,31.68
24.77,-80.47,31.78
24.77,-80.45,31.83
24.77,-80.43,32.02
24.77,-80.41,32.13
24.77,-80.39,32.32
24.77,-80.37,32.24
24.77,-80.35,32.21
24.77,-80.33,32.08
24.77,-80.31,31.92
24.77,-80.29,31.68
24.77,-80.27,31.58
24.77,-80.25,31.45
24.77,-80.23,31.47
24.77,-80.21,31.5
24.77,-80.19,31.39
24.77,-80.17,31.31
24.77,-80.15,31.34
24.77,-80.13,31.44
24.77,-80.11,31.46
24.77,-80.09,32.01
24.77,-80.07,31.65
24.77,-80.05,31.71
24.77,-80.03,31.68
24.77,-80.01,31.63
24.77,-79.99,31.61
24.77,-79.97,31.62
24.77,-79.95,31.71
24.77,-79.93,31.62
24.77,-79.91,31.59
24.77,-79.89,31.5
24.77,-79.87,31.51
24.77,-79.85,31.54
24.77,-79.83,31.42
24.77,-79.81,31.35
24.77,-79.79,31.27
24.77,-79.77,31.2
24.77,-79.75,31.22
24.77,-79.73,31.28
24.77,-79.71,31.12
24.77,-79.69,31.1
24.77,-79.67,31.09
24.77,-79.65,31.1
24.77,-79.63,31.23
24.77,-79.61,31.17
24.77,-77.73,30.51
24.77,-77.71,30.61
24.77,-77.69,30.47
24.77,-77.67,30.47
24.77,-77.65,30.47
24.77,-77.63,30.47
24.77,-77.61,30.46
24.77,-77.59,30.38
24.77,-77.57,30.42
24.77,-77.55,30.41
24.77,-77.53,30.3
24.77,-77.21,31.0
24.77,-77.09,30.79
24.77,-77.07,30.86
24.77,-77.05,30.95
24.77,-77.03,30.88
24.77,-77.01,30.8
24.77,-76.99,30.85
24.77,-76.97,30.85
24.77,-76.95,30.78
24.77,-76.93,30.76
24.77,-76.91,30.78
24.77,-76.89,30.85
24.77,-76.87,30.93
24.77,-76.85,30.98
24.77,-76.83,31.1
24.77,-76.81,30.51
24.77,-76.79,30.54
24.77,-76.77,30.6
24.77,-76.75,30.72
24.77,-76.73,30.82
24.77,-76.71,30.85
24.77,-76.69,30.85
24.77,-76.67,30.77
24.77,-76.65,30.68
24.77,-76.63,30.65
24.77,-76.17,30.35
24.77,-76.15,30.35
24.75,-83.15,31.39
24.75,-83.13,31.36
24.75,-83.11,31.39
24.75,-83.09,31.43
24.75,-83.07,31.42
24.75,-83.05,31.32
24.75,-83.03,31.28
24.75,-83.01,31.43
24.75,-82.99,31.51
24.75,-82.97,31.57
24.75,-82.95,31.63
24.75,-82.93,31.68
24.75,-82.91,31.73
24.75,-82.89,31.71
24.75,-82.87,31.72
24.75,-82.85,31.81
24.75,-82.83,31.76
24.75,-82.81,31.73
24.75,-82.79,31.69
24.75,-82.77,31.7
24.75,-82.75,31.71
24.75,-82.73,31.7
24.75,-82.71,31.67
24.75,-82.69,31.71
24.75,-82.67,31.72
24.75,-82.65,31.75
24.75,-82.63,31.84
24.75,-82.61,31.87
24.75,-82.59,31.87
24.75,-82.57,31.88
24.75,-82.55,31.92
24.75,-82.53,31.84
24.75,-82.51,31.78
24.75,-82.49,31.67
24.75,-82.47,31.66
24.75,-82.45,31.72
24.75,-82.43,31.73
24.75,-82.41,31.75
24.75,-82.39,31.76
24.75,-82.37,31.83
24.75,-82.35,31.86
24.75,-82.33,31.94
24.75,-82.31,31.97
24.75,-82.29,31.93
24.75,-82.27,31.91
24.75,-82.25,31.96
24.75,-82.23,31.99
24.75,-82.21,32.01
24.75,-82.19,32.02
24.75,-82.17,32.0
24.75,-82.15,32.03
24.75,-82.13,32.04
24.75,-82.11,32.03
24.75,-82.09,32.06
24.75,-82.07,32.09
24.75,-82.05,32.13
24.75,-82.03,32.07
24.75,-82.01,32.03
24.75,-81.99,32.03
24.75,-81.97,32.02
24.75,-81.95,32.03
24.75,-81.93,31.98
24.75,-81.91,32.03
24.75,-81.89,31.98
24.75,-81.87,32.06
24.75,-81.85,32.0
24.75,-81.83,31.92
24.75,-81.81,31.93
24.75,-81.79,32.0
24.75,-81.77,32.07
24.75,-81.75,32.04
24.75,-81.73,31.96
24.75,-81.71,31.88
24.75,-81.69,31.89
24.75,-81.67,31.95
24.75,-81.65,32.07
24.75,-81.63,32.06
24.75,-81.61,32.18
24.75,-81.59,32.58
24.75,-81.57,32.61
24.75,-81.55,32.55
24.75,-81.53,32.44
24.75,-81.51,32.34
24.75,-81.49,31.93
24.75,-81.47,31.84
24.75,-81.45,32.13
24.75,-81.43,32.26
24.75,-81.37,31.71
24.75,-81.35,31.56
24.75,-81.29,31.63
24.75,-81.27,31.74
24.75,-81.25,31.54
24.75,-81.23,31.53
24.75,-81.21,31.64
24.75,-81.19,31.7
24.75,-81.17,31.77
24.75,-81.15,31.78
24.75,-81.13,31.9
24.75,-81.11,31.78
24.75,-81.09,31.79
24.75,-81.05,32.2
24.75,-81.03,32.24
24.75,-80.95,32.01
24.75,-80.93,31.88
24.75,-80.91,31.87
24.75,-80.89,31.86
24.75,-80.87,31.84
24.75,-80.85,31.78
24.75,-80.83,31.71
24.75,-80.81,31.65
24.75,-80.79,31.62
24.75,-80.77,31.5
24.75,-80.75,31.45
24.75,-80.73,31.3
24.75,-80.71,31.21
24.75,-80.69,31.23
24.75,-80.67,31.25
24.75,-80.65,31.39
24.75,-80.63,31.48
24.75,-80.61,31.52
24.75,-80.59,31.56
24.75,-80.57,31.62
24.75,-80.55,31.61
24.75,-80.53,31.64
24.75,-80.51,31.68
24.75,-80.49,31.6
24.75,-80.47,31.6
24.75,-80.45,31.84
24.75,-80.43,32.03
24.75,-80.41,32.1
24.75,-80.39,32.31
24.75,-80.37,32.3
24.75,-80.35,32.21
24.75,-80.33,32.15
24.75,-80.31,31.79
24.75,-80.29,31.72
24.75,-80.27,31.74
24.75,-80.25,31.61
24.75,-80.23,31.6
24.75,-80.21,31.61
24.75,-80.19,31.5
24.75,-80.17,31.44
24.75,-80.15,31.4
24.75,-80.13,31.44
24.75,-80.11,31.56
24.75,-80.07,31.33
24.75,-80.05,31.5
24.75,-80.03,31.58
24.75,-80.01,31.57
24.75,-79.99,31.65
24.75,-79.97,31.6
24.75,-79.95,31.63
24.75,-79.93,31.56
24.75,-79.91,31.49
24.75,-79.89,31.46
24.75,-79.87,31.48
24.75,-79.85,31.51
24.75,-79.83,31.4
24.75,-79.81,31.34
24.75,-79.79,31.28
24.75,-79.77,31.15
24.75,-79.75,31.19
24.75,-79.73,31.21
24.75,-79.71,31.11
24.75,-79.69,31.09
24.75,-79.67,31.06
24.75,-79.65,31.17
24.75,-79.63,31.26
24.75,-79.61,31.21
24.75,-77.71,30.47
24.75,-77.69,30.48
24.75,-77.67,30.42
24.75,-77.65,30.45
24.75,-77.63,30.46
24.75,-77.61,30.5
24.75,-77.59,30.51
24.75,-77.57,30.48
24.75,-77.55,30.44
24.75,-77.53,30.33
24.75,-77.51,30.28
24.75,-77.11,30.78
24.75,-77.09,30.8
24.75,-77.07,30.84
24.75,-77.05,30.85
24.75,-77.03,30.72
24.75,-77.01,30.74
24.75,-76.99,30.74
24.75,-76.97,30.78
24.75,-76.95,30.82
24.75,-76.93,30.8
24.75,-76.91,30.83
24.75,-76.89,30.81
24.75,-76.87,30.77
24.75,-76.85,30.86
24.75,-76.83,30.97
24.75,-76.81,30.65
24.75,-76.79,30.63
24.75,-76.77,30.67
24.75,-76.75,30.7
24.75,-76.73,30.78
24.75,-76.71,30.8
24.75,-76.69,30.81
24.75,-76.67,30.76
24.75,-76.65,30.62
24.75,-76.63,30.57
24.75,-76.61,30.6
24.75,-76.19,30.49
24.75,-76.17,30.43
24.75,-76.15,30.3
24.73,-83.15,31.34
24.73,-83.13,31.32
24.73,-83.11,31.32
24.73,-83.09,31.31
24.73,-83.07,31.3
24.73,-83.05,31.3
24.73,-83.03,31.35
24.73,-83.01,31.5
24.73,-82.99,31.49
24.73,-82.97,31.56
24.73,-82.95,31.58
24.73,-82.93,31.63
24.73,-82.91,31.73
24.73,-82.89,31.69
24.73,-82.87,31.75
24.73,-82.85,31.78
24.73,-82.83,31.76
24.73,-82.81,31.74
24.73,-82.79,31.72
24.73,-82.77,31.76
24.73,-82.75,31.76
24.73,-82.73,31.72
24.73,-82.71,31.73
24.73,-82.69,31.76
24.73,-82.67,31.79
24.73,-82.65,31.8
24.73,-82.63,31.86
24.73,-82.61,31.93
24.73,-82.59,31.88
24.73,-82.57,31.84
24.73,-82.55,31.9
24.73,-82.53,31.77
24.73,-82.51,31.65
24.73,-82.49,31.62
24.73,-82.47,31.66
24.73,-82.45,31.71
24.73,-82.43,31.72
24.73,-82.41,31.77
24.73,-82.39,31.8
24.73,-82.37,31.84
24.73,-82.35,31.85
24.73,-82.33,31.89
24.73,-82.31,31.92
24.73,-82.29,31.94
24.73,-82.27,31.94
24.73,-82.25,31.94
24.73,-82.23,32.01
24.73,-82.21,32.01
24.73,-82.19,31.96
24.73,-82.17,31.99
24.73,-82.15,32.07
24.73,-82.13,32.05
24.73,-82.11,32.0
24.73,-82.09,32.02
24.73,-82.07,32.09
24.73,-82.05,32.08
24.73,-82.03,32.07
24.73,-82.01,32.0
24.73,-81.99,31.97
24.73,-81.97,31.96
24.73,-81.95,31.98
24.73,-81.93,32.0
24.73,-81.91,31.99
24.73,-81.89,31.92
24.73,-81.87,32.0
24.73,-81.85,31.98
24.73,-81.83,31.9
24.73,-81.81,31.96
24.73,-81.79,32.02
24.73,-81.77,32.03
24.73,-81.75,32.0
24.73,-81.73,31.96
24.73,-81.71,31.93
24.73,-81.69,31.98
24.73,-81.67,32.06
24.73,-81.65,32.28
24.73,-81.63,32.38
24.73,-81.61,32.59
24.73,-81.59,32.64
24.73,-81.57,32.56
24.73,-81.55,32.49
24.73,-81.53,32.41
24.73,-81.51,32.24
24.73,-81.49,32.08
24.73,-81.47,31.92
24.73,-81.43,32.24
24.73,-81.37,31.97
24.73,-81.35,31.88
24.73,-81.29,31.76
24.73,-81.27,31.8
24.73,-81.25,31.88
24.73,-81.23,31.62
24.73,-81.21,31.75
24.73,-81.19,31.83
24.73,-81.17,31.95
24.73,-81.13,31.83
24.73,-81.11,31.96
24.73,-80.99,31.78
24.73,-80.97,31.83
24.73,-80.95,31.84
24.73,-80.93,31.74
24.73,-80.91,31.77
24.73,-80.89,31.7
24.73,-80.87,31.7
24.73,-80.85,31.7
24.73,-80.83,31.54
24.73,-80.81,31.55
24.73,-80.79,31.6
24.73,-80.77,31.49
24.73,-80.75,31.25
24.73,-80.73,31.18
24.73,-80.71,31.26
24.73,-80.69,31.24
24.73,-80.67,31.31
24.73,-80.65,31.43
24.73,-80.63,31.55
24.73,-80.61,31.52
24.73,-80.59,31.53
24.73,-80.57,31.6
24.73,-80.55,31.61
24.73,-80.53,31.59
24.73,-80.51,31.53
24.73,-80.49,31.51
24.73,-80.47,31.6
24.73,-80.45,31.71
24.73,-80.43,31.99
24.73,-80.41,32.09
24.73,-80.39,32.27
24.73,-80.37,32.33
24.73,-80.35,32.12
24.73,-80.33,31.88
24.73,-80.31,31.86
24.73,-80.29,31.84
24.73,-80.27,31.83
24.73,-80.25,31.73
24.73,-80.23,31.79
24.73,-80.21,31.7
24.73,-80.19,31.55
24.73,-80.17,31.52
24.73,-80.15,31.46
24.73,-80.13,31.38
24.73,-80.11,31.5
24.73,-80.09,31.22
24.73,-80.07,31.17
24.73,-80.05,31.29
24.73,-80.03,31.5
24.73,-80.01,31.51
24.73,-79.99,31.53
24.73,-79.97,31.44
24.73,-79.95,31.48
24.73,-79.93,31.49
24.73,-79.91,31.44
24.73,-79.89,31.43
24.73,-79.87,31.47
24.73,-79.85,31.41
24.73,-79.83,31.34
24.73,-79.81,31.31
24.73,-79.79,31.27
24.73,-79.77,31.23
24.73,-79.75,31.17
24.73,-79.73,31.17
24.73,-79.71,31.1
24.73,-79.69,31.05
24.73,-79.67,31.01
24.73,-79.65,31.19
24.73,-79.63,31.22
24.73,-77.69,30.49
24.73,-77.67,30.45
24.73,-77.65,30.41
24.73,-77.63,30.42
24.73,-77.61,30.5
24.73,-77.59,30.53
24.73,-77.57,30.53
24.73,-77.55,30.49
24.73,-77.53,30.41
24.73,-77.51,30.36
24.73,-77.11,30.8
24.73,-77.09,30.81
24.73,-77.07,30.81
24.73,-77.05,30.73
24.73,-77.03,30.77
24.73,-77.01,30.72
24.73,-76.99,30.66
24.73,-76.97,30.66
24.73,-76.95,30.68
24.73,-76.93,30.68
24.73,-76.91,30.78
24.73,-76.89,30.8
24.73,-76.87,30.83
24.73,-76.85,30.8
24.73,-76.83,30.81
24.73,-76.81,30.72
24.73,-76.79,30.6
24.73,-76.77,30.61
24.73,-76.75,30.64
24.73,-76.73,30.68
24.73,-76.71,30.7
24.73,-76.69,30.73
24.73,-76.67,30.76
24.73,-76.65,30.65
24.73,-76.63,30.55
24.73,-76.19,30.62
24.73,-76.17,30.56
24.73,-76.15,30.32
24.71,-83.15,31.16
24.71,-83.13,31.15
24.71,-83.11,31.17
24.71,-83.09,31.18
24.71,-83.07,31.25
24.71,-83.05,31.27
24.71,-83.03,31.36
24.71,-83.01,31.46
24.71,-82.99,31.5
24.71,-82.97,31.58
24.71,-82.95,31.59
24.71,-82.93,31.65
24.71,-82.91,31.68
24.71,-82.89,31.66
24.71,-82.87,31.7
24.71,-82.85,31.67
24.71,-82.83,31.7
24.71,-82.81,31.71
24.71,-82.79,31.72
24.71,-82.77,31.78
24.71,-82.75,31.8
24.71,-82.73,31.77
24.71,-82.71,31.77
24.71,-82.69,31.82
24.71,-82.67,31.82
24.71,-82.65,31.84
24.71,-82.63,31.89
24.71,-82.61,31.97
24.71,-82.59,31.89
24.71,-82.57,31.84
24.71,-82.55,31.82
24.71,-82.53,31.63
24.71,-82.51,31.58
24.71,-82.49,31.61
24.71,-82.47,31.69
24.71,-82.45,31.73
24.71,-82.43,31.74
24.71,-82.41,31.82
24.71,-82.39,31.87
24.71,-82.37,31.89
24.71,-82.35,31.81
24.71,-82.33,31.85
24.71,-82.31,31.91
24.71,-82.29,31.92
24.71,-82.27,31.9
24.71,-82.25,31.97
24.71,-82.23,32.03
24.71,-82.21,32.0
24.71,-82.19,31.98
24.71,-82.17,31.98
24.71,-82.15,32.01
24.71,-82.13,32.01
24.71,-82.11,32.03
24.71,-82.09,32.06
24.71,-82.07,32.07
24.71,-82.05,31.98
24.71,-82.03,31.98
24.71,-82.01,31.99
24.71,-81.99,32.01
24.71,-81.97,31.99
24.71,-81.95,31.99
24.71,-81.93,32.01
24.71,-81.87,32.02
24.71,-81.85,32.0
24.71,-81.83,32.03
24.71,-81.81,32.05
24.71,-81.79,32.03
24.71,-81.77,32.02
24.71,-81.75,32.09
24.71,-81.73,31.98
24.71,-81.71,31.97
24.71,-81.69,32.12
24.71,-81.67,32.33
24.71,-81.65,32.83
24.71,-81.63,32.77
24.71,-81.61,32.53
24.71,-81.59,32.13
24.71,-81.57,32.27
24.71,-81.55,32.25
24.71,-81.53,32.45
24.71,-81.51,32.4
24.71,-81.49,32.36
24.71,-81.47,32.04
24.71,-81.45,32.08
24.71,-81.41,32.33
24.71,-81.37,32.0
24.71,-81.35,31.89
24.71,-81.33,31.61
24.71,-81.31,31.65
24.71,-81.29,31.81
24.71,-81.27,31.82
24.71,-81.25,31.88
24.71,-81.23,31.79
24.71,-81.21,31.75
24.71,-81.19,31.87
24.71,-81.17,31.97
24.71,-81.13,31.91
24.71,-81.05,32.27
24.71,-81.03,31.99
24.71,-81.01,31.79
24.71,-80.99,31.72
24.71,-80.97,31.67
24.71,-80.95,31.58
24.71,-80.93,31.59
24.71,-80.91,31.74
24.71,-80.89,31.68
24.71,-80.87,31.63
24.71,-80.85,31.54
24.71,-80.83,31.54
24.71,-80.81,31.62
24.71,-80.79,31.5
24.71,-80.77,31.39
24.71,-80.75,31.25
24.71,-80.73,31.22
24.71,-80.71,31.26
24.71,-80.69,31.27
24.71,-80.67,31.36
24.71,-80.65,31.44
24.71,-80.63,31.59
24.71,-80.61,31.56
24.71,-80.59,31.56
24.71,-80.57,31.52
24.71,-80.55,31.52
24.71,-80.53,31.45
24.71,-80.51,31.4
24.71,-80.49,31.42
24.71,-80.47,31.59
24.71,-80.45,31.66
24.71,-80.43,31.79
24.71,-80.41,31.94
24.71,-80.39,32.24
24.71,-80.37,32.25
24.71,-80.35,31.9
24.71,-80.33,31.92
24.71,-80.31,31.96
24.71,-80.29,31.88
24.71,-80.27,31.84
24.71,-80.25,31.82
24.71,-80.23,31.86
24.71,-80.21,31.73
24.71,-80.19,31.6
24.71,-80.17,31.49
24.71,-80.15,31.47
24.71,-80.13,31.37
24.71,-80.11,31.42
24.71,-80.09,31.2
24.71,-80.07,31.21
24.71,-80.05,31.29
24.71,-80.03,31.35
24.71,-80.01,31.36
24.71,-79.99,31.32
24.71,-79.97,31.3
24.71,-79.95,31.34
24.71,-79.93,31.38
24.71,-79.91,31.36
24.71,-79.89,31.37
24.71,-79.87,31.44
24.71,-79.85,31.35
24.71,-79.83,31.28
24.71,-79.81,31.28
24.71,-79.79,31.24
24.71,-79.77,31.19
24.71,-79.75,31.17
24.71,-79.73,31.17
24.71,-79.71,31.15
24.71,-79.69,31.04
24.71,-79.67,31.0
24.71,-79.65,31.02
24.71,-79.63,31.08
24.71,-77.69,30.46
24.71,-77.67,30.5
24.71,-77.65,30.43
24.71,-77.63,30.43
24.71,-77.61,30.59
24.71,-77.59,30.54
24.71,-77.57,30.53
24.71,-77.55,30.51
24.71,-77.53,30.45
24.71,-77.51,30.39
24.71,-77.09,30.73
24.71,-77.07,30.8
24.71,-77.05,30.79
24.71,-77.03,30.78
24.71,-77.01,30.72
24.71,-76.99,30.66
24.71,-76.97,30.56
24.71,-76.95,30.57
24.71,-76.93,30.68
24.71,-76.91,30.69
24.71,-76.89,30.69
24.71,-76.87,30.72
24.71,-76.85,30.71
24.71,-76.83,30.77
24.71,-76.81,30.7
24.71,-76.79,30.46
24.71,-76.77,30.48
24.71,-76.75,30.49
24.71,-76.73,30.53
24.71,-76.71,30.58
24.71,-76.69,30.67
24.71,-76.67,30.64
24.71,-76.65,30.56
24.71,-76.63,30.45
24.71,-76.61,30.42
24.71,-76.19,30.6
24.71,-76.17,30.58
24.71,-76.15,30.47
24.69,-83.15,31.18
24.69,-83.13,31.15
24.69,-83.11,31.15
24.69,-83.09,31.27
24.69,-83.07,31.38
24.69,-83.05,31.33
24.69,-83.03,31.39
24.69,-83.01,31.45
24.69,-82.99,31.42
24.69,-82.97,31.45
24.69,-82.95,31.57
24.69,-82.93,31.71
24.69,-82.91,31.68
24.69,-82.89,31.68
24.69,-82.87,31.71
24.69,-82.85,31.74
24.69,-82.83,31.74
24.69,-82.81,31.69
24.69,-82.79,31.63
24.69,-82.77,31.72
24.69,-82.75,31.77
24.69,-82.73,31.8
24.69,-82.71,31.79
24.69,-82.69,31.77
24.69,-82.67,31.79
24.69,-82.65,31.83
24.69,-82.63,31.87
24.69,-82.61,31.95
24.69,-82.59,31.91
24.69,-82.57,31.79
24.69,-82.55,31.61
24.69,-82.53,31.6
24.69,-82.51,31.64
24.69,-82.49,31.6
24.69,-82.47,31.69
24.69,-82.45,31.79
24.69,-82.43,31.82
24.69,-82.41,31.84
24.69,-82.39,31.88
24.69,-82.37,31.88
24.69,-82.35,31.86
24.69,-82.33,31.84
24.69,-82.31,31.89
24.69,-82.29,31.89
24.69,-82.27,31.92
24.69,-82.25,31.99
24.69,-82.23,32.05
24.69,-82.21,32.04
24.69,-82.19,32.06
24.69,-82.17,32.0
24.69,-82.15,31.97
24.69,-82.13,32.01
24.69,-82.11,32.06
24.69,-82.09,32.08
24.69,-82.07,32.05
24.69,-82.05,31.98
24.69,-82.03,32.07
24.69,-82.01,32.05
24.69,-81.99,32.01
24.69,-81.97,32.02
24.69,-81.95,31.99
24.69,-81.91,31.68
24.69,-81.89,31.91
24.69,-81.87,32.0
24.69,-81.85,32.04
24.69,-81.83,32.04
24.69,-81.81,32.04
24.69,-81.79,32.08
24.69,-81.77,32.13
24.69,-81.75,32.16
24.69,-81.73,32.16
24.69,-81.71,32.36
24.69,-81.69,32.62
24.69,-81.65,32.58
24.69,-81.63,32.4
24.69,-81.61,32.03
24.69,-81.59,32.02
24.69,-81.57,32.02
24.69,-81.55,32.23
24.69,-81.45,32.37
24.69,-81.43,32.33
24.69,-81.31,31.74
24.69,-81.29,31.81
24.69,-81.27,31.83
24.69,-81.25,31.78
24.69,-81.23,31.85
24.69,-81.21,31.84
24.69,-81.19,31.84
24.69,-81.17,31.87
24.69,-81.15,31.97
24.69,-81.13,31.95
24.69,-81.07,32.22
24.69,-81.05,32.2
24.69,-81.03,31.83
24.69,-81.01,31.65
24.69,-80.99,31.58
24.69,-80.97,31.54
24.69,-80.95,31.57
24.69,-80.93,31.58
24.69,-80.91,31.63
24.69,-80.89,31.66
24.69,-80.87,31.6
24.69,-80.85,31.6
24.69,-80.83,31.61
24.69,-80.81,31.66
24.69,-80.79,31.5
24.69,-80.77,31.4
24.69,-80.75,31.31
24.69,-80.73,31.28
24.69,-80.71,31.27
24.69,-80.69,31.29
24.69,-80.67,31.38
24.69,-80.65,31.44
24.69,-80.63,31.64
24.69,-80.61,31.66
24.69,-80.59,31.57
24.69,-80.57,31.32
24.69,-80.55,31.31
24.69,-80.53,31.35
24.69,-80.51,31.35
24.69,-80.49,31.3
24.69,-80.47,31.38
24.69,-80.45,31.44
24.69,-80.43,31.74
24.69,-80.41,31.78
24.69,-80.39,31.88
24.69,-80.37,31.89
24.69,-80.35,31.77
24.69,-80.33,32.03
24.69,-80.31,32.04
24.69,-80.29,31.87
24.69,-80.27,31.82
24.69,-80.25,31.85
24.69,-80.23,31.87
24.69,-80.21,31.78
24.69,-80.19,31.67
24.69,-80.17,31.66
24.69,-80.15,31.59
24.69,-80.13,31.46
24.69,-80.11,31.42
24.69,-80.09,31.45
24.69,-80.07,31.26
24.69,-80.05,31.29
24.69,-80.03,31.25
24.69,-80.01,31.22
24.69,-79.99,31.27
24.69,-79.97,31.28
24.69,-79.95,31.32
24.69,-79.93,31.3
24.69,-79.91,31.32
24.69,-79.89,31.33
24.69,-79.87,31.37
24.69,-79.85,31.33
24.69,-79.83,31.21
24.69,-79.81,31.2
24.69,-79.79,31.16
24.69,-79.77,31.15
24.69,-79.75,31.17
24.69,-79.73,31.17
24.69,-79.71,31.1
24.69,-79.69,30.98
24.69,-79.67,31.0
24.69,-79.65,31.11
24.69,-79.63,31.05
24.69,-79.41,30.57
24.69,-79.39,30.54
24.69,-79.37,30.54
24.69,-79.35,30.51
24.69,-79.33,30.5
24.69,-77.67,30.42
24.69,-77.65,30.44
24.69,-77.63,30.45
24.69,-77.61,30.51
24.69,-77.59,30.55
24.69,-77.57,30.53
24.69,-77.55,30.56
24.69,-77.53,30.5
24.69,-77.51,30.42
24.69,-77.09,30.68
24.69,-77.07,30.7
24.69,-77.05,30.74
24.69,-77.03,30.77
24.69,-77.01,30.73
24.69,-76.99,30.65
24.69,-76.97,30.62
24.69,-76.95,30.63
24.69,-76.93,30.64
24.69,-76.91,30.6
24.69,-76.89,30.63
24.69,-76.87,30.71
24.69,-76.85,30.77
24.69,-76.83,30.88
24.69,-76.81,30.78
24.69,-76.79,30.4
24.69,-76.77,30.38
24.69,-76.75,30.38
24.69,-76.73,30.37
24.69,-76.71,30.47
24.69,-76.69,30.49
24.69,-76.67,30.46
24.69,-76.65,30.32
24.69,-76.63,30.27
24.69,-76.61,30.39
24.69,-76.59,30.19
24.69,-76.27,30.31
24.69,-76.25,30.33
24.69,-76.17,30.58
24.69,-76.15,30.5
24.67,-83.15,31.42
24.67,-83.13,31.36
24.67,-83.11,31.51
24.67,-83.09,31.54
24.67,-83.07,31.51
24.67,-83.05,31.37
24.67,-83.03,31.33
24.67,-83.01,31.44
24.67,-82.99,31.42
24.67,-82.97,31.45
24.67,-82.95,31.6
24.67,-82.93,31.68
24.67,-82.91,31.7
24.67,-82.89,31.67
24.67,-82.87,31.72
24.67,-82.85,31.71
24.67,-82.83,31.78
24.67,-82.81,31.78
24.67,-82.79,31.54
24.67,-82.77,31.64
24.67,-82.75,31.74
24.67,-82.73,31.81
24.67,-82.71,31.79
24.67,-82.69,31.77
24.67,-82.67,31.78
24.67,-82.65,31.81
24.67,-82.63,31.83
24.67,-82.61,31.84
24.67,-82.59,31.82
24.67,-82.57,31.68
24.67,-82.55,31.58
24.67,-82.53,31.62
24.67,-82.51,31.72
24.67,-82.49,31.7
24.67,-82.47,31.82
24.67,-82.45,31.89
24.67,-82.43,31.86
24.67,-82.41,31.87
24.67,-82.39,31.87
24.67,-82.37,31.85
24.67,-82.35,31.85
24.67,-82.33,31.88
24.67,-82.31,31.96
24.67,-82.29,31.97
24.67,-82.27,31.99
24.67,-82.25,32.0
24.67,-82.23,32.01
24.67,-82.21,32.03
24.67,-82.19,32.09
24.67,-82.17,32.06
24.67,-82.15,32.02
24.67,-82.13,32.1
24.67,-82.11,32.14
24.67,-82.09,32.13
24.67,-82.07,32.05
24.67,-82.05,32.05
24.67,-82.03,32.09
24.67,-82.01,32.06
24.67,-81.99,32.09
24.67,-81.97,32.07
24.67,-81.95,32.13
24.67,-81.93,32.14
24.67,-81.91,32.0
24.67,-81.89,31.96
24.67,-81.87,31.98
24.67,-81.85,32.03
24.67,-81.83,32.08
24.67,-81.81,32.08
24.67,-81.79,32.13
24.67,-81.77,32.31
24.67,-81.75,32.3
24.67,-81.73,32.53
24.67,-81.71,32.55
24.67,-81.69,32.36
24.67,-81.67,32.03
24.67,-81.65,32.18
24.67,-81.61,32.11
24.67,-81.59,32.08
24.67,-81.43,32.43
24.67,-81.33,32.03
24.67,-81.31,31.73
24.67,-81.29,31.74
24.67,-81.27,31.8
24.67,-81.23,31.69
24.67,-81.19,31.91
24.67,-81.17,31.86
24.67,-81.15,31.85
24.67,-81.13,31.92
24.67,-81.11,32.04
24.67,-81.09,31.94
24.67,-81.07,31.93
24.67,-81.05,31.9
24.67,-81.03,31.73
24.67,-81.01,31.57
24.67,-80.99,31.51
24.67,-80.97,31.52
24.67,-80.95,31.53
24.67,-80.93,31.61
24.67,-80.91,31.58
24.67,-80.89,31.64
24.67,-80.87,31.67
24.67,-80.85,31.74
24.67,-80.83,31.64
24.67,-80.81,31.58
24.67,-80.79,31.52
24.67,-80.77,31.39
24.67,-80.75,31.39
24.67,-80.73,31.31
24.67,-80.71,31.28
24.67,-80.69,31.32
24.67,-80.67,31.45
24.67,-80.65,31.55
24.67,-80.63,31.64
24.67,-80.61,31.63
24.67,-80.59,31.52
24.67,-80.57,31.25
24.67,-80.55,31.26
24.67,-80.53,31.22
24.67,-80.51,31.3
24.67,-80.49,31.26
24.67,-80.47,31.32
24.67,-80.45,31.47
24.67,-80.43,31.59
24.67,-80.41,31.64
24.67,-80.39,31.53
24.67,-80.37,31.45
24.67,-80.35,31.62
24.67,-80.33,31.81
24.67,-80.31,31.85
24.67,-80.29,31.88
24.67,-80.27,31.85
24.67,-80.25,31.87
24.67,-80.23,31.87
24.67,-80.21,31.82
24.67,-80.19,31.81
24.67,-80.17,31.74
24.67,-80.15,31.66
24.67,-80.13,31.58
24.67,-80.11,31.46
24.67,-80.09,31.52
24.67,-80.07,31.33
24.67,-80.05,31.21
24.67,-80.03,31.21
24.67,-80.01,31.15
24.67,-79.99,31.17
24.67,-79.97,31.18
24.67,-79.95,31.3
24.67,-79.93,31.31
24.67,-79.91,31.34
24.67,-79.89,31.32
24.67,-79.87,31.3
24.67,-79.85,31.26
24.67,-79.83,31.15
24.67,-79.81,31.13
24.67,-79.79,31.13
24.67,-79.77,31.11
24.67,-79.75,31.13
24.67,-79.73,31.07
24.67,-79.71,31.01
24.67,-79.69,30.89
24.67,-79.67,30.92
24.67,-79.65,31.06
24.67,-79.63,31.05
24.67,-79.43,30.73
24.67,-79.41,30.65
24.67,-79.39,30.56
24.67,-79.37,30.57
24.67,-79.35,30.57
24.67,-79.33,30.66
24.67,-79.31,30.73
24.67,-79.29,30.74
24.67,-77.63,30.45
24.67,-77.61,30.49
24.67,-77.59,30.58
24.67,-77.57,30.57
24.67,-77.55,30.48
24.67,-77.53,30.54
24.67,-77.09,30.67
24.67,-77.07,30.66
24.67,-77.05,30.72
24.67,-77.03,30.69
24.67,-77.01,30.67
24.67,-76.99,30.57
24.67,-76.97,30.62
24.67,-76.95,30.68
24.67,-76.93,30.65
24.67,-76.91,30.59
24.67,-76.89,30.6
24.67,-76.87,30.66
24.67,-76.85,30.6
24.67,-76.83,30.83
24.67,-76.79,30.31
24.67,-76.77,30.35
24.67,-76.75,30.26
24.67,-76.73,30.24
24.67,-76.71,30.3
24.67,-76.69,30.31
24.67,-76.67,30.25
24.67,-76.65,30.2
24.67,-76.63,30.14
24.67,-76.61,30.21
24.67,-76.59,30.12
24.67,-76.57,30.06
24.67,-76.55,30.14
24.67,-76.47,30.07
24.67,-76.45,29.95
24.67,-76.37,30.33
24.67,-76.35,30.33
24.67,-76.33,30.34
24.67,-76.31,30.36
24.67,-76.29,30.38
24.67,-76.27,30.32
24.67,-76.25,30.3
24.67,-76.21,30.5
24.67,-76.15,30.45
24.65,-83.15,31.47
24.65,-83.13,31.52
24.65,-83.11,31.58
24.65,-83.09,31.66
24.65,-83.07,31.59
24.65,-83.05,31.48
24.65,-83.03,31.3
24.65,-83.01,31.34
24.65,-82.99,31.43
24.65,-82.97,31.5
24.65,-82.95,31.64
24.65,-82.93,31.66
24.65,-82.91,31.68
24.65,-82.89,31.68
24.65,-82.87,31.71
24.65,-82.85,31.67
24.65,-82.83,31.73
24.65,-82.81,31.8
24.65,-82.79,31.52
24.65,-82.77,31.58
24.65,-82.75,31.68
24.65,-82.73,31.71
24.65,-82.71,31.7
24.65,-82.69,31.77
24.65,-82.67,31.79
24.65,-82.65,31.82
24.65,-82.63,31.78
24.65,-82.61,31.64
24.65,-82.59,31.65
24.65,-82.57,31.61
24.65,-82.55,31.6
24.65,-82.53,31.71
24.65,-82.51,31.77
24.65,-82.49,31.81
24.65,-82.47,32.04
24.65,-82.45,31.94
24.65,-82.43,31.93
24.65,-82.41,31.93
24.65,-82.39,31.96
24.65,-82.37,31.88
24.65,-82.35,31.85
24.65,-82.33,31.92
24.65,-82.31,32.01
24.65,-82.29,32.13
24.65,-82.27,32.12
24.65,-82.25,32.06
24.65,-82.23,32.04
24.65,-82.21,31.98
24.65,-82.19,32.14
24.65,-82.17,32.12
24.65,-82.15,32.12
24.65,-82.13,32.13
24.65,-82.11,32.07
24.65,-82.09,32.13
24.65,-82.07,32.09
24.65,-82.05,32.08
24.65,-82.03,32.09
24.65,-82.01,32.05
24.65,-81.99,32.06
24.65,-81.97,32.22
24.65,-81.95,32.28
24.65,-81.93,32.16
24.65,-81.91,32.06
24.65,-81.89,32.03
24.65,-81.87,32.07
24.65,-81.85,32.12
24.65,-81.83,32.21
24.65,-81.81,32.32
24.65,-81.79,32.54
24.65,-81.77,32.69
24.65,-81.75,32.47
24.65,-81.71,32.23
24.65,-81.69,32.0
24.65,-81.67,31.98
24.65,-81.65,32.18
24.65,-81.63,32.11
24.65,-81.55,32.31
24.65,-81.51,32.23
24.65,-81.49,32.3
24.65,-81.47,32.5
24.65,-81.45,32.51
24.65,-81.43,32.62
24.65,-81.39,32.43
24.65,-81.37,32.46
24.65,-81.35,32.16
24.65,-81.29,31.66
24.65,-81.27,31.69
24.65,-81.25,31.63
24.65,-81.21,31.9
24.65,-81.19,31.9
24.65,-81.17,31.85
24.65,-81.15,31.79
24.65,-81.13,31.64
24.65,-81.11,31.66
24.65,-81.09,31.69
24.65,-81.07,31.73
24.65,-81.05,31.59
24.65,-81.03,31.52
24.65,-81.01,31.49
24.65,-80.99,31.49
24.65,-80.97,31.48
24.65,-80.95,31.43
24.65,-80.93,31.62
24.65,-80.91,31.63
24.65,-80.89,31.58
24.65,-80.87,31.69
24.65,-80.85,31.76
24.65,-80.83,31.72
24.65,-80.81,31.69
24.65,-80.79,31.55
24.65,-80.77,31.4
24.65,-80.75,31.48
24.65,-80.73,31.43
24.65,-80.71,31.36
24.65,-80.69,31.39
24.65,-80.67,31.53
24.65,-80.65,31.54
24.65,-80.63,31.59
24.65,-80.61,31.62
24.65,-80.59,31.48
24.65,-80.57,31.25
24.65,-80.55,31.24
24.65,-80.53,31.25
24.65,-80.51,31.26
24.65,-80.49,31.25
24.65,-80.47,31.33
24.65,-80.45,31.46
24.65,-80.43,31.45
24.65,-80.41,31.45
24.65,-80.39,31.43
24.65,-80.37,31.39
24.65,-80.35,31.49
24.65,-80.33,31.62
24.65,-80.31,31.76
24.65,-80.29,31.82
24.65,-80.27,31.81
24.65,-80.25,31.82
24.65,-80.23,31.84
24.65,-80.21,31.82
24.65,-80.19,31.9
24.65,-80.17,31.64
24.65,-80.15,31.58
24.65,-80.13,31.58
24.65,-80.11,31.3
24.65,-80.09,31.38
24.65,-80.07,31.5
24.65,-80.05,31.17
24.65,-80.03,31.08
24.65,-80.01,31.02
24.65,-79.99,31.0
24.65,-79.97,31.11
24.65,-79.95,31.3
24.65,-79.93,31.32
24.65,-79.91,31.28
24.65,-79.89,31.29
24.65,-79.87,31.31
24.65,-79.85,31.25
24.65,-79.83,31.09
24.65,-79.81,31.11
24.65,-79.79,31.12
24.65,-79.77,31.11
24.65,-79.75,31.05
24.65,-79.73,31.12
24.65,-79.71,30.97
24.65,-79.69,30.88
24.65,-79.67,30.85
24.65,-79.65,30.84
24.65,-79.63,30.82
24.65,-79.45,31.02
24.65,-79.43,30.89
24.65,-79.41,30.82
24.65,-79.39,30.64
24.65,-79.37,30.67
24.65,-79.35,30.74
24.65,-79.33,30.8
24.65,-79.31,30.96
24.65,-79.29,31.0
24.65,-77.63,30.43
24.65,-77.61,30.5
24.65,-77.59,30.58
24.65,-77.57,30.6
24.65,-77.55,30.44
24.65,-77.53,30.4
24.65,-77.09,30.58
24.65,-77.07,30.58
24.65,-77.05,30.69
24.65,-77.03,30.66
24.65,-77.01,30.63
24.65,-76.99,30.6
24.65,-76.97,30.74
24.65,-76.95,30.67
24.65,-76.93,30.56
24.65,-76.91,30.53
24.65,-76.89,30.55
24.65,-76.87,30.59
24.65,-76.85,30.53
24.65,-76.83,30.56
24.65,-76.79,30.21
24.65,-76.77,30.26
24.65,-76.75,30.2
24.65,-76.73,30.17
24.65,-76.71,30.08
24.65,-76.69,30.09
24.65,-76.67,30.04
24.65,-76.65,30.07
24.65,-76.63,30.14
24.65,-76.61,30.13
24.65,-76.59,30.09
24.65,-76.57,30.01
24.65,-76.55,30.1
24.65,-76.49,30.02
24.65,-76.47,30.04
24.65,-76.45,30.0
24.65,-76.43,29.98
24.65,-76.37,30.29
24.65,-76.35,30.34
24.65,-76.33,30.38
24.65,-76.31,30.41
24.65,-76.29,30.45
24.65,-76.27,30.39
24.65,-76.25,30.27
24.65,-76.23,30.29
24.65,-76.21,30.4
24.65,-76.19,30.44
24.65,-76.15,30.5
24.63,-83.15,31.67
24.63,-83.13,31.65
24.63,-83.11,31.71
24.63,-83.09,31.75
24.63,-83.07,31.63
24.63,-83.05,31.52
24.63,-83.03,31.44
24.63,-83.01,31.48
24.63,-82.99,31.49
24.63,-82.97,31.5
24.63,-82.95,31.58
24.63,-82.93,31.65
24.63,-82.89,31.85
24.63,-82.87,31.88
24.63,-82.85,31.68
24.63,-82.83,31.64
24.63,-82.81,31.66
24.63,-82.79,31.55
24.63,-82.77,31.56
24.63,-82.75,31.61
24.63,-82.73,31.62
24.63,-82.71,31.57
24.63,-82.69,31.65
24.63,-82.67,31.73
24.63,-82.65,31.77
24.63,-82.63,31.66
24.63,-82.61,31.51
24.63,-82.59,31.56
24.63,-82.57,31.6
24.63,-82.55,31.67
24.63,-82.53,31.7
24.63,-82.51,31.8
24.63,-82.49,32.0
24.63,-82.47,32.06
24.63,-82.45,32.19
24.63,-82.43,32.1
24.63,-82.41,31.99
24.63,-82.39,32.03
24.63,-82.37,31.94
24.63,-82.35,31.97
24.63,-82.33,32.12
24.63,-82.31,32.19
24.63,-82.29,32.2
24.63,-82.27,32.15
24.63,-82.25,32.13
24.63,-82.23,32.08
24.63,-82.21,32.08
24.63,-82.19,32.28
24.63,-82.17,32.26
24.63,-82.15,32.24
24.63,-82.13,32.22
24.63,-82.11,32.04
24.63,-82.09,32.0
24.63,-82.07,32.0
24.63,-82.05,32.04
24.63,-82.03,32.09
24.63,-82.01,32.17
24.63,-81.99,32.3
24.63,-81.97,32.27
24.63,-81.95,32.23
24.63,-81.93,32.19
24.63,-81.91,32.17
24.63,-81.89,32.1
24.63,-81.87,32.18
24.63,-81.85,32.32
24.63,-81.83,32.36
24.63,-81.81,32.64
24.63,-81.79,32.72
24.63,-81.77,32.61
24.63,-81.75,32.35
24.63,-81.73,32.28
24.63,-81.71,32.29
24.63,-81.69,32.13
24.63,-81.67,32.11
24.63,-81.65,32.18
24.63,-81.63,32.18
24.63,-81.49,32.34
24.63,-81.47,32.38
24.63,-81.45,32.31
24.63,-81.43,32.09
24.63,-81.41,32.2
24.63,-81.39,32.21
24.63,-81.35,31.7
24.63,-81.33,31.5
24.63,-81.31,31.5
24.63,-81.29,31.43
24.63,-81.27,31.48
24.63,-81.21,31.38
24.63,-81.19,31.5
24.63,-81.17,31.53
24.63,-81.15,31.55
24.63,-81.13,31.58
24.63,-81.11,31.56
24.63,-81.09,31.52
24.63,-81.07,31.66
24.63,-81.05,31.55
24.63,-81.03,31.47
24.63,-81.01,31.48
24.63,-80.99,31.48
24.63,-80.97,31.45
24.63,-80.95,31.45
24.63,-80.93,31.53
24.63,-80.91,31.62
24.63,-80.89,31.63
24.63,-80.87,31.65
24.63,-80.85,31.72
24.63,-80.83,31.78
24.63,-80.81,31.76
24.63,-80.79,31.63
24.63,-80.77,31.45
24.63,-80.75,31.52
24.63,-80.73,31.5
24.63,-80.71,31.49
24.63,-80.69,31.47
24.63,-80.67,31.58
24.63,-80.65,31.55
24.63,-80.63,31.56
24.63,-80.61,31.66
24.63,-80.59,31.41
24.63,-80.57,31.24
24.63,-80.55,31.24
24.63,-80.53,31.26
24.63,-80.51,31.27
24.63,-80.49,31.26
24.63,-80.47,31.28
24.63,-80.45,31.32
24.63,-80.43,31.35
24.63,-80.41,31.41
24.63,-80.39,31.41
24.63,-80.37,31.36
24.63,-80.35,31.41
24.63,-80.33,31.5
24.63,-80.31,31.65
24.63,-80.29,31.74
24.63,-80.27,31.75
24.63,-80.25,31.77
24.63,-80.23,31.82
24.63,-80.21,31.83
24.63,-80.19,31.85
24.63,-80.17,31.72
24.63,-80.15,31.5
24.63,-80.13,31.5
24.63,-80.11,31.22
24.63,-80.09,31.22
24.63,-80.07,31.32
24.63,-80.05,31.15
24.63,-80.03,31.09
24.63,-80.01,31.04
24.63,-79.99,30.91
24.63,-79.97,30.93
24.63,-79.95,31.12
24.63,-79.93,31.29
24.63,-79.91,31.34
24.63,-79.89,31.31
24.63,-79.87,31.35
24.63,-79.85,31.29
24.63,-79.83,31.1
24.63,-79.81,31.07
24.63,-79.79,31.09
24.63,-79.77,31.11
24.63,-79.75,31.04
24.63,-79.73,31.12
24.63,-79.71,31.03
24.63,-79.69,30.92
24.63,-79.67,30.83
24.63,-79.65,30.82
24.63,-79.63,30.63
24.63,-79.61,30.86
24.63,-79.59,31.3
24.63,-79.47,31.25
24.63,-79.45,31.25
24.63,-79.43,31.05
24.63,-79.41,30.85
24.63,-79.39,30.64
24.63,-79.37,30.69
24.63,-79.35,30.74
24.63,-79.33,30.93
24.63,-79.31,31.1
24.63,-79.29,31.17
24.63,-77.61,30.43
24.63,-77.55,30.42
24.63,-77.53,30.4
24.63,-77.09,30.56
24.63,-77.07,30.57
24.63,-77.05,30.68
24.63,-77.03,30.71
24.63,-77.01,30.62
24.63,-76.99,30.73
24.63,-76.97,30.75
24.63,-76.95,30.65
24.63,-76.93,30.55
24.63,-76.91,30.49
24.63,-76.89,30.48
24.63,-76.87,30.48
24.63,-76.85,30.4
24.63,-76.83,30.41
24.63,-76.79,30.14
24.63,-76.77,30.13
24.63,-76.75,30.02
24.63,-76.73,30.07
24.63,-76.71,30.03
24.63,-76.69,29.9
24.63,-76.67,29.94
24.63,-76.65,30.03
24.63,-76.63,30.13
24.63,-76.61,30.08
24.63,-76.59,30.03
24.63,-76.57,30.02
24.63,-76.55,30.09
24.63,-76.53,29.98
24.63,-76.51,30.04
24.63,-76.49,30.11
24.63,-76.47,30.1
24.63,-76.45,30.17
24.63,-76.43,30.15
24.63,-76.41,30.22
24.63,-76.39,30.26
24.63,-76.37,30.27
24.63,-76.35,30.27
24.63,-76.33,30.27
24.63,-76.31,30.3
24.63,-76.29,30.38
24.63,-76.27,30.4
24.63,-76.25,30.27
24.63,-76.23,30.34
24.63,-76.21,30.36
24.63,-76.19,30.4
24.61,-83.15,31.74
24.61,-83.13,31.74
24.61,-83.11,31.74
24.61,-83.09,31.76
24.61,-83.07,31.72
24.61,-83.05,31.68
24.61,-83.03,31.56
24.61,-83.01,31.51
24.61,-82.99,31.51
24.61,-82.97,31.53
24.61,-82.95,31.58
24.61,-82.93,31.72
24.61,-82.91,31.71
24.61,-82.89,31.75
24.61,-82.87,31.7
24.61,-82.85,31.7
24.61,-82.83,31.66
24.61,-82.81,31.66
24.61,-82.79,31.64
24.61,-82.77,31.61
24.61,-82.75,31.58
24.61,-82.73,31.51
24.61,-82.71,31.51
24.61,-82.69,31.5
24.61,-82.67,31.49
24.61,-82.65,31.54
24.61,-82.63,31.54
24.61,-82.61,31.5
24.61,-82.59,31.49
24.61,-82.57,31.57
24.61,-82.55,31.61
24.61,-82.53,31.67
24.61,-82.51,31.86
24.61,-82.49,32.03
24.61,-82.47,32.18
24.61,-82.45,32.24
24.61,-82.43,32.22
24.61,-82.41,32.09
24.61,-82.39,32.11
24.61,-82.37,32.17
24.61,-82.35,32.14
24.61,-82.33,32.21
24.61,-82.31,32.29
24.61,-82.29,32.29
24.61,-82.27,32.23
24.61,-82.25,32.21
24.61,-82.23,32.16
24.61,-82.21,32.16
24.61,-82.19,32.36
24.61,-82.17,32.48
24.61,-82.15,32.32
24.61,-82.13,32.25
24.61,-82.11,32.31
24.61,-82.09,31.94
24.61,-82.07,31.87
24.61,-82.05,32.09
24.61,-82.03,32.22
24.61,-82.01,32.4
24.61,-81.99,32.39
24.61,-81.97,32.16
24.61,-81.95,32.22
24.61,-81.93,32.19
24.61,-81.91,32.63
24.61,-81.89,32.54
24.61,-81.87,32.33
24.61,-81.85,32.23
24.61,-81.83,32.76
24.61,-81.81,32.64
24.61,-81.79,32.22
24.61,-81.77,32.06
24.61,-81.75,32.06
24.61,-81.73,32.16
24.61,-81.71,32.28
24.61,-81.69,32.15
24.61,-81.67,32.16
24.61,-81.55,32.08
24.61,-81.53,32.1
24.61,-81.51,32.03
24.61,-81.49,32.16
24.61,-81.45,31.8
24.61,-81.43,31.72
24.61,-81.41,31.73
24.61,-81.39,31.7
24.61,-81.37,31.58
24.61,-81.35,31.52
24.61,-81.33,31.23
24.61,-81.31,31.26
24.61,-81.29,31.23
24.61,-81.23,31.21
24.61,-81.21,31.27
24.61,-81.19,31.36
24.61,-81.17,31.37
24.61,-81.15,31.43
24.61,-81.13,31.41
24.61,-81.11,31.42
24.61,-81.09,31.46
24.61,-81.07,31.56
24.61,-81.05,31.51
24.61,-81.03,31.46
24.61,-81.01,31.5
24.61,-80.99,31.49
24.61,-80.97,31.46
24.61,-80.95,31.48
24.61,-80.93,31.54
24.61,-80.91,31.57
24.61,-80.89,31.55
24.61,-80.87,31.56
24.61,-80.85,31.71
24.61,-80.83,31.81
24.61,-80.81,31.78
24.61,-80.79,31.64
24.61,-80.77,31.52
24.61,-80.75,31.57
24.61,-80.73,31.54
24.61,-80.71,31.54
24.61,-80.69,31.5
24.61,-80.67,31.51
24.61,-80.65,31.58
24.61,-80.63,31.65
24.61,-80.61,31.73
24.61,-80.59,31.64
24.61,-80.57,31.34
24.61,-80.55,31.24
24.61,-80.53,31.28
24.61,-80.51,31.3
24.61,-80.49,31.27
24.61,-80.47,31.26
24.61,-80.45,31.26
24.61,-80.43,31.26
24.61,-80.41,31.37
24.61,-80.39,31.42
24.61,-80.37,31.36
24.61,-80.35,31.37
24.61,-80.33,31.42
24.61,-80.31,31.59
24.61,-80.29,31.7
24.61,-80.27,31.73
24.61,-80.25,31.73
24.61,-80.23,31.71
24.61,-80.21,31.72
24.61,-80.19,31.71
24.61,-80.17,31.68
24.61,-80.15,31.39
24.61,-80.13,31.37
24.61,-80.11,31.19
24.61,-80.09,31.06
24.61,-80.07,31.27
24.61,-80.05,31.21
24.61,-80.03,31.11
24.61,-80.01,31.03
24.61,-79.99,30.94
24.61,-79.97,30.93
24.61,-79.95,31.06
24.61,-79.93,31.22
24.61,-79.91,31.46
24.61,-79.89,31.41
24.61,-79.87,31.46
24.61,-79.85,31.36
24.61,-79.83,31.13
24.61,-79.81,31.0
24.61,-79.79,31.01
24.61,-79.77,31.1
24.61,-79.75,31.03
24.61,-79.73,31.04
24.61,-79.71,31.06
24.61,-79.69,31.03
24.61,-79.67,30.93
24.61,-79.65,30.79
24.61,-79.63,30.67
24.61,-79.61,31.17
24.61,-79.59,31.41
24.61,-79.57,31.42
24.61,-79.55,31.27
24.61,-79.53,31.2
24.61,-79.51,31.22
24.61,-79.49,31.29
24.61,-79.47,31.26
24.61,-79.45,31.29
24.61,-79.43,31.11
24.61,-79.41,30.85
24.61,-79.39,30.62
24.61,-79.37,30.66
24.61,-79.35,30.88
24.61,-79.33,31.24
24.61,-79.31,31.38
24.61,-79.29,31.4
24.61,-77.07,30.57
24.61,-77.05,30.65
24.61,-77.03,30.72
24.61,-77.01,30.68
24.61,-76.99,30.75
24.61,-76.97,30.69
24.61,-76.95,30.63
24.61,-76.93,30.55
24.61,-76.91,30.42
24.61,-76.89,30.41
24.61,-76.87,30.42
24.61,-76.85,30.43
24.61,-76.83,30.43
24.61,-76.79,30.48
24.61,-76.77,30.06
24.61,-76.75,29.91
24.61,-76.73,29.88
24.61,-76.71,29.99
24.61,-76.69,29.93
24.61,-76.67,29.98
24.61,-76.65,30.0
24.61,-76.63,30.07
24.61,-76.61,30.16
24.61,-76.59,30.02
24.61,-76.57,29.99
24.61,-76.55,29.98
24.61,-76.53,29.93
24.61,-76.51,30.11
24.61,-76.49,30.08
24.61,-76.47,30.14
24.61,-76.45,30.19
24.61,-76.43,30.23
24.61,-76.41,30.27
24.61,-76.39,30.31
24.61,-76.37,30.33
24.61,-76.35,30.27
24.61,-76.33,30.24
24.61,-76.31,30.25
24.61,-76.29,30.25
24.61,-76.23,30.29
24.61,-76.21,30.28
24.61,-76.19,30.32
24.61,-76.17,30.4
24.61,-76.15,30.49
24.59,-83.15,31.76
24.59,-83.13,31.81
24.59,-83.11,31.84
24.59,-83.09,31.83
24.59,-83.07,31.84
24.59,-83.05,31.82
24.59,-83.03,31.68
24.59,-83.01,31.47
24.59,-82.99,31.41
24.59,-82.97,31.43
24.59,-82.95,31.57
24.59,-82.93,31.76
24.59,-82.91,31.78
24.59,-82.89,31.65
24.59,-82.87,31.63
24.59,-82.85,31.69
24.59,-82.83,31.69
24.59,-82.81,31.66
24.59,-82.79,31.64
24.59,-82.77,31.6
24.59,-82.75,31.57
24.59,-82.73,31.49
24.59,-82.71,31.48
24.59,-82.69,31.44
24.59,-82.67,31.4
24.59,-82.65,31.43
24.59,-82.63,31.47
24.59,-82.61,31.44
24.59,-82.59,31.42
24.59,-82.57,31.55
24.59,-82.55,31.53
24.59,-82.53,31.68
24.59,-82.51,31.85
24.59,-82.49,32.1
24.59,-82.47,32.2
24.59,-82.45,32.19
24.59,-82.43,32.18
24.59,-82.41,32.1
24.59,-82.39,32.09
24.59,-82.37,32.19
24.59,-82.35,32.17
24.59,-82.33,32.16
24.59,-82.31,32.26
24.59,-82.29,32.25
24.59,-82.27,32.22
24.59,-82.25,32.29
24.59,-82.23,32.25
24.59,-82.21,32.28
24.59,-82.19,32.42
24.59,-82.17,32.42
24.59,-82.15,32.39
24.59,-82.09,31.99
24.59,-82.07,32.12
24.59,-82.05,32.16
24.59,-82.03,32.27
24.59,-82.01,32.32
24.59,-81.99,32.23
24.59,-81.97,32.38
24.59,-81.95,32.5
24.59,-81.93,32.93
24.59,-81.91,32.6
24.59,-81.89,32.61
24.59,-81.87,32.78
24.59,-81.85,32.33
24.59,-81.83,32.11
24.59,-81.81,32.47
24.59,-81.79,32.29
24.59,-81.77,32.19
24.59,-81.75,32.15
24.59,-81.73,32.17
24.59,-81.59,31.86
24.59,-81.57,31.89
24.59,-81.55,31.96
24.59,-81.53,32.06
24.59,-81.51,31.87
24.59,-81.49,31.92
24.59,-81.47,31.65
24.59,-81.45,31.26
24.59,-81.43,31.7
24.59,-81.41,31.75
24.59,-81.39,31.6
24.59,-81.37,31.38
24.59,-81.35,31.06
24.59,-81.33,30.87
24.59,-81.31,30.86
24.59,-81.25,31.2
24.59,-81.23,31.23
24.59,-81.21,31.28
24.59,-81.19,31.31
24.59,-81.17,31.33
24.59,-81.15,31.42
24.59,-81.13,31.43
24.59,-81.11,31.44
24.59,-81.09,31.48
24.59,-81.07,31.47
24.59,-81.05,31.49
24.59,-81.03,31.54
24.59,-81.01,31.55
24.59,-80.99,31.52
24.59,-80.97,31.52
24.59,-80.95,31.53
24.59,-80.93,31.53
24.59,-80.91,31.56
24.59,-80.89,31.63
24.59,-80.87,31.49
24.59,-80.85,31.64
24.59,-80.83,31.83
24.59,-80.81,31.78
24.59,-80.79,31.69
24.59,-80.77,31.54
24.59,-80.75,31.58
24.59,-80.73,31.51
24.59,-80.71,31.53
24.59,-80.69,31.53
24.59,-80.67,31.5
24.59,-80.65,31.63
24.59,-80.63,31.7
24.59,-80.61,31.72
24.59,-80.59,31.62
24.59,-80.57,31.45
24.59,-80.55,31.36
24.59,-80.53,31.33
24.59,-80.51,31.28
24.59,-80.49,31.31
24.59,-80.47,31.33
24.59,-80.45,31.29
24.59,-80.43,31.28
24.59,-80.41,31.34
24.59,-80.39,31.28
24.59,-80.37,31.26
24.59,-80.35,31.32
24.59,-80.33,31.4
24.59,-80.31,31.57
24.59,-80.29,31.65
24.59,-80.27,31.67
24.59,-80.25,31.68
24.59,-80.23,31.6
24.59,-80.21,31.64
24.59,-80.19,31.65
24.59,-80.17,31.6
24.59,-80.15,31.34
24.59,-80.13,31.19
24.59,-80.11,31.12
24.59,-80.09,31.02
24.59,-80.07,31.08
24.59,-80.05,31.21
24.59,-80.03,31.16
24.59,-80.01,31.01
24.59,-79.99,30.96
24.59,-79.97,30.97
24.59,-79.95,31.08
24.59,-79.93,31.2
24.59,-79.91,31.53
24.59,-79.89,31.53
24.59,-79.87,31.64
24.59,-79.85,31.55
24.59,-79.83,31.22
24.59,-79.81,31.08
24.59,-79.79,30.97
24.59,-79.77,30.95
24.59,-79.75,31.0
24.59,-79.73,31.04
24.59,-79.71,31.02
24.59,-79.69,31.01
24.59,-79.67,31.02
24.59,-79.65,30.91
24.59,-79.63,30.92
24.59,-79.61,31.32
24.59,-79.59,31.44
24.59,-79.57,31.37
24.59,-79.55,31.28
24.59,-79.53,31.25
24.59,-79.51,31.26
24.59,-79.49,31.26
24.59,-79.47,31.22
24.59,-79.45,31.21
24.59,-79.43,30.98
24.59,-79.41,30.87
24.59,-79.39,30.76
24.59,-79.37,30.69
24.59,-79.35,30.76
24.59,-79.33,31.32
24.59,-79.31,31.38
24.59,-76.93,30.52
24.59,-76.91,30.39
24.59,-76.89,30.38
24.59,-76.87,30.42
24.59,-76.85,30.47
24.59,-76.83,30.54
24.59,-76.79,30.36
24.59,-76.77,30.03
24.59,-76.75,29.78
24.59,-76.73,30.0
24.59,-76.71,30.08
24.59,-76.69,30.07
24.59,-76.67,30.03
24.59,-76.65,30.01
24.59,-76.63,29.99
24.59,-76.61,30.1
24.59,-76.59,30.08
24.59,-76.57,29.97
24.59,-76.55,30.05
24.59,-76.53,30.08
24.59,-76.51,30.13
24.59,-76.49,30.12
24.59,-76.47,30.14
24.59,-76.45,30.2
24.59,-76.43,30.28
24.59,-76.41,30.3
24.59,-76.39,30.32
24.59,-76.37,30.39
24.59,-76.35,30.28
24.59,-76.33,30.26
24.57,-83.15,31.77
24.57,-83.13,31.9
24.57,-83.11,31.94
24.57,-83.09,31.86
24.57,-83.07,31.81
24.57,-83.05,31.84
24.57,-83.03,31.77
24.57,-83.01,31.68
24.57,-82.99,31.33
24.57,-82.97,31.12
24.57,-82.95,31.47
24.57,-82.93,31.66
24.57,-82.91,31.69
24.57,-82.89,31.63
24.57,-82.87,31.64
24.57,-82.85,31.67
24.57,-82.83,31.62
24.57,-82.81,31.56
24.57,-82.79,31.6
24.57,-82.77,31.57
24.57,-82.75,31.54
24.57,-82.73,31.53
24.57,-82.71,31.47
24.57,-82.69,31.41
24.57,-82.67,31.41
24.57,-82.65,31.44
24.57,-82.63,31.5
24.57,-82.61,31.34
24.57,-82.59,31.41
24.57,-82.57,31.5
24.57,-82.55,31.52
24.57,-82.53,31.71
24.57,-82.51,31.85
24.57,-82.49,32.11
24.57,-82.47,32.21
24.57,-82.45,32.11
24.57,-82.43,32.04
24.57,-82.41,31.98
24.57,-82.39,32.05
24.57,-82.37,32.16
24.57,-82.35,32.09
24.57,-82.33,32.04
24.57,-82.31,32.16
24.57,-82.29,32.21
24.57,-82.27,32.11
24.57,-82.25,32.12
24.57,-82.23,32.21
24.57,-82.21,32.29
24.57,-82.19,32.49
24.57,-82.17,32.48
24.57,-82.15,32.76
24.57,-82.13,32.76
24.57,-82.09,32.33
24.57,-82.07,32.19
24.57,-82.05,32.19
24.57,-82.03,32.29
24.57,-82.01,32.32
24.57,-81.99,32.23
24.57,-81.97,32.45
24.57,-81.95,32.68
24.57,-81.93,32.5
24.57,-81.91,32.4
24.57,-81.89,32.36
24.57,-81.87,32.17
24.57,-81.85,32.04
24.57,-81.83,31.96
24.57,-81.65,31.95
24.57,-81.63,31.94
24.57,-81.61,31.86
24.57,-81.59,31.86
24.57,-81.57,31.81
24.57,-81.55,31.81
24.57,-81.53,31.84
24.57,-81.51,31.77
24.57,-81.49,31.79
24.57,-81.47,31.69
24.57,-81.45,31.27
24.57,-81.43,31.37
24.57,-81.41,31.56
24.57,-81.39,31.54
24.57,-81.37,31.21
24.57,-81.35,30.95
24.57,-81.33,30.8
24.57,-81.29,31.14
24.57,-81.27,31.2
24.57,-81.25,31.24
24.57,-81.23,31.23
24.57,-81.21,31.32
24.57,-81.19,31.32
24.57,-81.17,31.36
24.57,-81.15,31.43
24.57,-81.13,31.46
24.57,-81.11,31.49
24.57,-81.09,31.52
24.57,-81.07,31.49
24.57,-81.05,31.5
24.57,-81.03,31.58
24.57,-81.01,31.66
24.57,-80.99,31.57
24.57,-80.97,31.57
24.57,-80.95,31.58
24.57,-80.93,31.52
24.57,-80.91,31.59
24.57,-80.89,31.7
24.57,-80.87,31.57
24.57,-80.85,31.63
24.57,-80.83,31.8
24.57,-80.81,31.7
24.57,-80.79,31.73
24.57,-80.77,31.55
24.57,-80.75,31.55
24.57,-80.73,31.48
24.57,-80.71,31.6
24.57,-80.69,31.61
24.57,-80.67,31.56
24.57,-80.65,31.62
24.57,-80.63,31.72
24.57,-80.61,31.67
24.57,-80.59,31.6
24.57,-80.57,31.51
24.57,-80.55,31.38
24.57,-80.53,31.44
24.57,-80.51,31.38
24.57,-80.49,31.32
24.57,-80.47,31.32
24.57,-80.45,31.29
24.57,-80.43,31.35
24.57,-80.41,31.32
24.57,-80.39,31.27
24.57,-80.37,31.25
24.57,-80.35,31.23
24.57,-80.33,31.36
24.57,-80.31,31.54
24.57,-80.29,31.59
24.57,-80.27,31.6
24.57,-80.25,31.54
24.57,-80.23,31.51
24.57,-80.21,31.6
24.57,-80.19,31.62
24.57,-80.17,31.46
24.57,-80.15,31.29
24.57,-80.13,31.04
24.57,-80.11,30.98
24.57,-80.09,30.97
24.57,-80.07,30.97
24.57,-80.03,31.14
24.57,-80.01,31.01
24.57,-79.99,30.98
24.57,-79.97,30.98
24.57,-79.95,31.17
24.57,-79.93,31.37
24.57,-79.91,31.65
24.57,-79.89,31.68
24.57,-79.87,31.68
24.57,-79.85,31.53
24.57,-79.83,31.27
24.57,-79.81,31.12
24.57,-79.79,30.98
24.57,-79.77,30.96
24.57,-79.75,31.03
24.57,-79.73,31.02
24.57,-79.71,31.02
24.57,-79.69,31.01
24.57,-79.67,31.07
24.57,-79.65,31.02
24.57,-79.63,31.0
24.57,-79.61,31.18
24.57,-79.59,31.31
24.57,-79.57,31.29
24.57,-79.55,31.22
24.57,-79.53,31.17
24.57,-79.51,31.18
24.57,-79.49,31.17
24.57,-79.47,31.14
24.57,-79.45,31.11
24.57,-79.43,31.11
24.57,-79.41,31.0
24.57,-79.39,30.95
24.57,-79.37,30.78
24.57,-79.35,30.83
24.57,-79.33,31.08
24.57,-79.31,31.26
24.57,-77.57,30.43
24.57,-77.55,30.42
24.57,-76.81,30.54
24.57,-76.79,30.32
24.57,-76.77,29.96
24.57,-76.75,29.87
24.57,-76.73,30.03
24.57,-76.71,30.13
24.57,-76.69,30.14
24.57,-76.67,30.01
24.57,-76.65,30.01
24.57,-76.63,30.0
24.57,-76.61,30.09
24.57,-76.59,30.06
24.57,-76.57,30.09
24.57,-76.55,30.12
24.57,-76.53,30.14
24.57,-76.51,30.13
24.57,-76.49,30.12
24.57,-76.47,30.2
24.57,-76.45,30.3
24.57,-76.43,30.29
24.57,-76.41,30.3
24.57,-76.39,30.26
24.57,-76.37,30.32
24.57,-76.35,30.31
24.57,-76.33,30.25
24.57,-76.31,30.01
24.57,-76.29,29.98
24.57,-76.27,30.02
24.57,-76.25,30.05
24.55,-83.15,31.77
24.55,-83.13,31.85
24.55,-83.11,31.91
24.55,-83.09,31.84
24.55,-83.07,31.81
24.55,-83.05,31.85
24.55,-83.03,31.86
24.55,-83.01,31.72
24.55,-82.99,31.47
24.55,-82.97,31.29
24.55,-82.95,31.08
24.55,-82.93,31.28
24.55,-82.91,31.57
24.55,-82.89,31.48
24.55,-82.87,31.47
24.55,-82.85,31.56
24.55,-82.83,31.51
24.55,-82.81,31.49
24.55,-82.79,31.53
24.55,-82.77,31.53
24.55,-82.75,31.52
24.55,-82.73,31.5
24.55,-82.71,31.46
24.55,-82.69,31.45
24.55,-82.67,31.48
24.55,-82.65,31.45
24.55,-82.63,31.44
24.55,-82.61,31.44
24.55,-82.59,31.42
24.55,-82.57,31.5
24.55,-82.55,31.65
24.55,-82.53,31.73
24.55,-82.51,31.81
24.55,-82.49,32.03
24.55,-82.47,32.1
24.55,-82.45,32.01
24.55,-82.43,31.94
24.55,-82.41,31.93
24.55,-82.39,31.97
24.55,-82.37,31.99
24.55,-82.35,31.99
24.55,-82.33,31.94
24.55,-82.31,31.98
24.55,-82.29,31.95
24.55,-82.27,31.8
24.55,-82.25,31.87
24.55,-82.23,31.98
24.55,-82.21,32.03
24.55,-82.19,32.2
24.55,-82.17,32.31
24.55,-82.15,32.88
24.55,-82.11,32.52
24.55,-82.09,32.35
24.55,-82.07,32.36
24.55,-82.05,32.32
24.55,-82.03,32.3
24.55,-82.01,32.56
24.55,-81.99,32.42
24.55,-81.97,32.28
24.55,-81.95,32.37
24.55,-81.93,32.39
24.55,-81.91,32.08
24.55,-81.89,32.08
24.55,-81.87,31.96
24.55,-81.85,32.03
24.55,-81.83,31.76
24.55,-81.77,31.96
24.55,-81.75,32.05
24.55,-81.73,32.1
24.55,-81.71,31.9
24.55,-81.69,31.89
24.55,-81.67,32.04
24.55,-81.65,31.92
24.55,-81.63,31.89
24.55,-81.61,31.89
24.55,-81.57,31.81
24.55,-81.55,31.72
24.55,-81.53,31.7
24.55,-81.51,31.7
24.55,-81.49,31.71
24.55,-81.47,31.62
24.55,-81.45,31.29
24.55,-81.43,31.41
24.55,-81.41,31.3
24.55,-81.39,31.31
24.55,-81.37,31.14
24.55,-81.35,30.94
24.55,-81.29,31.14
24.55,-81.27,31.17
24.55,-81.25,31.1
24.55,-81.23,31.19
24.55,-81.21,31.33
24.55,-81.19,31.38
24.55,-81.17,31.43
24.55,-81.15,31.5
24.55,-81.13,31.53
24.55,-81.11,31.52
24.55,-81.09,31.52
24.55,-81.07,31.49
24.55,-81.05,31.49
24.55,-81.03,31.61
24.55,-81.01,31.7
24.55,-80.99,31.61
24.55,-80.97,31.65
24.55,-80.95,31.62
24.55,-80.93,31.54
24.55,-80.91,31.56
24.55,-80.89,31.66
24.55,-80.87,31.72
24.55,-80.85,31.61
24.55,-80.83,31.54
24.55,-80.81,31.8
24.55,-80.77,31.6
24.55,-80.75,31.58
24.55,-80.73,31.51
24.55,-80.71,31.57
24.55,-80.69,31.55
24.55,-80.67,31.51
24.55,-80.65,31.58
24.55,-80.63,31.63
24.55,-80.61,31.56
24.55,-80.59,31.61
24.55,-80.57,31.52
24.55,-80.55,31.43
24.55,-80.53,31.44
24.55,-80.51,31.46
24.55,-80.49,31.38
24.55,-80.47,31.3
24.55,-80.45,31.36
24.55,-80.43,31.35
24.55,-80.41,31.26
24.55,-80.39,31.27
24.55,-80.37,31.23
24.55,-80.35,31.21
24.55,-80.33,31.36
24.55,-80.31,31.47
24.55,-80.29,31.51
24.55,-80.27,31.52
24.55,-80.25,31.54
24.55,-80.23,31.5
24.55,-80.21,31.51
24.55,-80.19,31.54
24.55,-80.17,31.32
24.55,-80.15,31.16
24.55,-80.13,30.92
24.55,-80.11,30.89
24.55,-80.09,30.92
24.55,-80.07,31.06
24.55,-80.05,31.16
24.55,-80.03,31.38
24.55,-80.01,31.1
24.55,-79.99,31.03
24.55,-79.97,30.99
24.55,-79.95,31.11
24.55,-79.93,31.61
24.55,-79.91,31.86
24.55,-79.89,31.83
24.55,-79.87,31.7
24.55,-79.85,31.47
24.55,-79.83,31.3
24.55,-79.81,31.16
24.55,-79.79,30.98
24.55,-79.77,30.93
24.55,-79.75,30.98
24.55,-79.73,30.97
24.55,-79.71,31.03
24.55,-79.69,31.05
24.55,-79.67,31.07
24.55,-79.65,31.12
24.55,-79.63,31.09
24.55,-79.61,31.12
24.55,-79.59,31.21
24.55,-79.57,31.2
24.55,-79.55,31.16
24.55,-79.53,31.18
24.55,-79.51,31.02
24.55,-79.49,30.97
24.55,-79.47,31.0
24.55,-79.45,31.1
24.55,-79.43,31.08
24.55,-79.41,30.93
24.55,-79.39,30.91
24.55,-79.37,30.92
24.55,-79.35,30.84
24.55,-79.33,30.86
24.55,-76.79,30.35
24.55,-76.77,30.0
24.55,-76.75,29.91
24.55,-76.73,30.03
24.55,-76.71,30.08
24.55,-76.69,30.07
24.55,-76.67,30.01
24.55,-76.65,30.02
24.55,-76.63,29.98
24.55,-76.61,30.13
24.55,-76.59,30.1
24.55,-76.57,30.08
24.55,-76.55,30.18
24.55,-76.53,30.21
24.55,-76.51,30.22
24.55,-76.49,30.2
24.55,-76.47,30.3
24.55,-76.45,30.33
24.55,-76.43,30.24
24.55,-76.41,30.19
24.55,-76.39,30.17
24.55,-76.37,30.28
24.55,-76.35,30.3
24.55,-76.33,30.13
24.55,-76.31,30.0
24.55,-76.29,30.04
24.55,-76.27,30.03
24.55,-76.25,29.93
24.55,-76.23,29.95
24.55,-76.21,29.96
24.53,-83.15,31.67
24.53,-83.13,31.73
24.53,-83.11,31.78
24.53,-83.09,31.79
24.53,-83.07,31.79
24.53,-83.05,31.79
24.53,-83.03,31.79
24.53,-83.01,31.73
24.53,-82.99,31.56
24.53,-82.97,31.49
24.53,-82.95,31.19
24.53,-82.93,31.12
24.53,-82.91,31.13
24.53,-82.89,31.24
24.53,-82.87,31.24
24.53,-82.85,31.35
24.53,-82.83,31.33
24.53,-82.81,31.34
24.53,-82.79,31.46
24.53,-82.77,31.51
24.53,-82.75,31.5
24.53,-82.73,31.45
24.53,-82.71,31.43
24.53,-82.69,31.48
24.53,-82.67,31.57
24.53,-82.65,31.52
24.53,-82.63,31.48
24.53,-82.61,31.5
24.53,-82.59,31.53
24.53,-82.57,31.62
24.53,-82.55,31.73
24.53,-82.53,31.8
24.53,-82.51,31.84
24.53,-82.49,32.0
24.53,-82.47,31.96
24.53,-82.45,31.9
24.53,-82.43,31.91
24.53,-82.41,31.89
24.53,-82.39,31.93
24.53,-82.37,31.91
24.53,-82.35,31.91
24.53,-82.33,31.8
24.53,-82.31,31.81
24.53,-82.29,31.79
24.53,-82.27,31.79
24.53,-82.25,31.82
24.53,-82.23,31.83
24.53,-82.21,31.88
24.53,-82.19,31.93
24.53,-82.17,32.16
24.53,-82.15,32.15
24.53,-82.13,32.38
24.53,-82.11,32.29
24.53,-82.09,32.31
24.53,-82.07,32.35
24.53,-82.05,32.06
24.53,-82.03,32.13
24.53,-82.01,32.3
24.53,-81.99,32.53
24.53,-81.97,32.49
24.53,-81.95,32.33
24.53,-81.93,32.26
24.53,-81.91,32.06
24.53,-81.89,31.89
24.53,-81.87,31.85
24.53,-81.85,31.8
24.53,-81.83,31.74
24.53,-81.81,31.82
24.53,-81.79,31.83
24.53,-81.77,31.76
24.53,-81.75,31.51
24.53,-81.73,31.63
24.53,-81.71,31.63
24.53,-81.69,31.75
24.53,-81.67,31.8
24.53,-81.65,31.85
24.53,-81.63,31.8
24.53,-81.61,31.7
24.53,-81.59,31.62
24.53,-81.57,31.57
24.53,-81.55,31.59
24.53,-81.53,31.34
24.53,-81.51,31.46
24.53,-81.49,31.58
24.53,-81.47,31.49
24.53,-81.45,31.37
24.53,-81.43,31.34
24.53,-81.41,31.32
24.53,-81.39,31.18
24.53,-81.37,30.78
24.53,-81.35,30.63
24.53,-81.33,30.61
24.53,-81.29,30.71
24.53,-81.27,31.02
24.53,-81.25,30.76
24.53,-81.23,31.03
24.53,-81.21,31.36
24.53,-81.19,31.44
24.53,-81.17,31.5
24.53,-81.15,31.53
24.53,-81.13,31.49
24.53,-81.11,31.5
24.53,-81.09,31.46
24.53,-81.07,31.48
24.53,-81.05,31.55
24.53,-81.03,31.63
24.53,-81.01,31.69
24.53,-80.99,31.67
24.53,-80.97,31.69
24.53,-80.95,31.66
24.53,-80.93,31.63
24.53,-80.91,31.6
24.53,-80.89,31.65
24.53,-80.87,31.79
24.53,-80.85,31.65
24.53,-80.83,31.51
24.53,-80.81,31.72
24.53,-80.77,31.69
24.53,-80.75,31.85
24.53,-80.73,31.65
24.53,-80.71,31.6
24.53,-80.69,31.47
24.53,-80.67,31.54
24.53,-80.65,31.61
24.53,-80.63,31.6
24.53,-80.61,31.57
24.53,-80.59,31.54
24.53,-80.57,31.47
24.53,-80.55,31.42
24.53,-80.53,31.48
24.53,-80.51,31.5
24.53,-80.49,31.42
24.53,-80.47,31.38
24.53,-80.45,31.4
24.53,-80.43,31.34
24.53,-80.41,31.28
24.53,-80.39,31.2
24.53,-80.37,31.19
24.53,-80.35,31.15
24.53,-80.33,31.37
24.53,-80.31,31.41
24.53,-80.29,31.43
24.53,-80.27,31.47
24.53,-80.25,31.47
24.53,-80.23,31.44
24.53,-80.21,31.44
24.53,-80.19,31.43
24.53,-80.17,31.24
24.53,-80.15,31.08
24.53,-80.13,30.93
24.53,-80.11,30.92
24.53,-80.09,30.94
24.53,-80.07,31.05
24.53,-80.05,31.12
24.53,-80.03,31.33
24.53,-80.01,31.42
24.53,-79.99,31.17
24.53,-79.97,31.12
24.53,-79.95,31.2
24.53,-79.93,31.53
24.53,-79.91,31.86
24.53,-79.89,31.93
24.53,-79.87,31.71
24.53,-79.85,31.48
24.53,-79.83,31.33
24.53,-79.81,31.19
24.53,-79.79,30.99
24.53,-79.77,30.97
24.53,-79.75,31.02
24.53,-79.73,30.97
24.53,-79.71,30.96
24.53,-79.69,30.95
24.53,-79.67,31.05
24.53,-79.65,31.11
24.53,-79.63,31.12
24.53,-79.61,31.16
24.53,-79.59,31.16
24.53,-79.57,31.13
24.53,-79.55,31.0
24.53,-79.53,30.99
24.53,-79.51,30.91
24.53,-79.49,30.87
24.53,-79.43,30.94
24.53,-79.41,30.68
24.53,-79.39,30.73
24.53,-79.37,30.9
24.53,-76.77,30.15
24.53,-76.75,30.11
24.53,-76.73,30.03
24.53,-76.71,30.06
24.53,-76.69,30.07
24.53,-76.67,30.0
24.53,-76.65,30.03
24.53,-76.63,30.04
24.53,-76.61,30.07
24.53,-76.59,30.16
24.53,-76.57,30.17
24.53,-76.55,30.19
24.53,-76.53,30.18
24.53,-76.51,30.3
24.53,-76.49,30.3
24.53,-76.47,30.31
24.53,-76.45,30.32
24.53,-76.43,30.23
24.53,-76.41,30.2
24.53,-76.39,30.11
24.53,-76.37,30.13
24.53,-76.35,30.14
24.53,-76.33,30.08
24.53,-76.31,29.97
24.53,-76.29,29.98
24.53,-76.27,29.99
24.53,-76.25,29.84
24.53,-76.23,29.85
24.53,-76.21,29.8
24.53,-76.19,29.88
24.51,-83.15,31.67
24.51,-83.13,31.69
24.51,-83.11,31.75
24.51,-83.09,31.54
24.51,-83.07,31.76
24.51,-83.05,31.72
24.51,-83.03,31.66
24.51,-83.01,31.63
24.51,-82.99,31.58
24.51,-82.97,31.46
24.51,-82.95,31.3
24.51,-82.93,31.24
24.51,-82.91,31.13
24.51,-82.89,30.98
24.51,-82.87,30.95
24.51,-82.85,30.95
24.51,-82.83,31.02
24.51,-82.81,31.14
24.51,-82.79,31.33
24.51,-82.77,31.46
24.51,-82.75,31.46
24.51,-82.73,31.42
24.51,-82.71,31.45
24.51,-82.69,31.51
24.51,-82.67,31.56
24.51,-82.65,31.57
24.51,-82.63,31.58
24.51,-82.61,31.6
24.51,-82.59,31.67
24.51,-82.57,31.78
24.51,-82.55,31.77
24.51,-82.53,31.88
24.51,-82.51,31.84
24.51,-82.49,31.89
24.51,-82.47,31.89
24.51,-82.45,31.89
24.51,-82.43,31.86
24.51,-82.41,31.87
24.51,-82.39,31.87
24.51,-82.37,31.82
24.51,-82.35,31.82
24.51,-82.33,31.77
24.51,-82.31,31.75
24.51,-82.29,31.75
24.51,-82.27,31.75
24.51,-82.25,31.74
24.51,-82.23,31.75
24.51,-82.21,31.84
24.51,-82.19,31.93
24.51,-82.17,31.97
24.51,-82.15,31.92
24.51,-82.13,31.94
24.51,-82.11,31.97
24.51,-82.09,32.19
24.51,-82.07,32.13
24.51,-82.05,31.89
24.51,-82.03,32.02
24.51,-82.01,32.31
24.51,-81.99,32.29
24.51,-81.97,32.17
24.51,-81.95,32.16
24.51,-81.93,32.07
24.51,-81.91,31.86
24.51,-81.89,31.76
24.51,-81.87,31.5
24.51,-81.85,31.39
24.51,-81.83,31.5
24.51,-81.81,31.36
24.51,-81.79,30.91
24.51,-81.77,31.13
24.51,-81.75,31.24
24.51,-81.73,31.36
24.51,-81.71,31.44
24.51,-81.69,31.39
24.51,-81.67,31.34
24.51,-81.65,31.41
24.51,-81.63,31.31
24.51,-81.61,31.45
24.51,-81.59,31.37
24.51,-81.57,31.39
24.51,-81.55,31.41
24.51,-81.53,31.39
24.51,-81.51,31.27
24.51,-81.49,31.27
24.51,-81.47,31.38
24.51,-81.45,31.33
24.51,-81.43,31.32
24.51,-81.41,31.36
24.51,-81.39,31.33
24.51,-81.37,31.26
24.51,-81.27,31.01
24.51,-81.25,31.02
24.51,-81.23,31.0
24.51,-81.21,31.32
24.51,-81.19,31.41
24.51,-81.17,31.51
24.51,-81.15,31.49
24.51,-81.13,31.42
24.51,-81.11,31.44
24.51,-81.09,31.45
24.51,-81.07,31.43
24.51,-81.05,31.6
24.51,-81.03,31.64
24.51,-81.01,31.72
24.51,-80.99,31.73
24.51,-80.97,31.72
24.51,-80.95,31.73
24.51,-80.93,31.63
24.51,-80.91,31.67
24.51,-80.89,31.75
24.51,-80.87,31.84
24.51,-80.85,31.76
24.51,-80.83,31.65
24.51,-80.81,31.71
24.51,-80.79,31.64
24.51,-80.77,31.68
24.51,-80.75,31.84
24.51,-80.73,31.65
24.51,-80.71,31.6
24.51,-80.69,31.58
24.51,-80.67,31.58
24.51,-80.65,31.57
24.51,-80.63,31.59
24.51,-80.61,31.56
24.51,-80.59,31.52
24.51,-80.57,31.51
24.51,-80.55,31.47
24.51,-80.53,31.52
24.51,-80.51,31.51
24.51,-80.49,31.5
24.51,-80.47,31.44
24.51,-80.45,31.39
24.51,-80.43,31.35
24.51,-80.41,31.36
24.51,-80.39,31.18
24.51,-80.37,31.1
24.51,-80.35,31.2
24.51,-80.33,31.33
24.51,-80.31,31.33
24.51,-80.29,31.31
24.51,-80.27,31.36
24.51,-80.25,31.36
24.51,-80.23,31.36
24.51,-80.21,31.34
24.51,-80.19,31.3
24.51,-80.17,31.21
24.51,-80.15,31.05
24.51,-80.13,30.93
24.51,-80.11,30.9
24.51,-80.09,30.9
24.51,-80.07,30.97
24.51,-80.05,31.11
24.51,-79.99,31.21
24.51,-79.97,31.22
24.51,-79.95,31.28
24.51,-79.93,31.49
24.51,-79.91,31.8
24.51,-79.89,31.8
24.51,-79.87,31.64
24.51,-79.85,31.47
24.51,-79.83,31.35
24.51,-79.81,31.28
24.51,-79.79,30.89
24.51,-79.77,31.06
24.51,-79.75,31.01
24.51,-79.73,30.99
24.51,-79.71,30.95
24.51,-79.69,30.89
24.51,-79.67,31.09
24.51,-79.65,31.05
24.51,-79.63,31.0
24.51,-79.61,31.23
24.51,-79.59,31.27
24.51,-79.57,31.23
24.51,-79.55,31.11
24.51,-79.53,30.94
24.51,-79.43,30.43
24.51,-79.41,30.47
24.51,-79.39,30.48
24.51,-77.53,30.49
24.51,-77.41,30.58
24.51,-77.39,30.54
24.51,-76.79,31.04
24.51,-76.75,30.13
24.51,-76.73,30.11
24.51,-76.71,30.07
24.51,-76.69,30.07
24.51,-76.67,30.04
24.51,-76.65,30.09
24.51,-76.63,30.11
24.51,-76.61,30.13
24.51,-76.59,30.16
24.51,-76.57,30.15
24.51,-76.55,30.15
24.51,-76.53,30.23
24.51,-76.51,30.26
24.51,-76.49,30.28
24.51,-76.47,30.24
24.51,-76.45,30.24
24.51,-76.43,30.24
24.51,-76.41,30.14
24.51,-76.39,30.11
24.51,-76.37,30.08
24.51,-76.35,30.0
24.51,-76.33,29.9
24.51,-76.31,29.88
24.51,-76.29,29.89
24.51,-76.27,29.9
24.51,-76.25,29.86
24.51,-76.23,29.87
24.51,-76.21,29.71
24.51,-76.19,29.76
24.49,-83.15,31.6
24.49,-83.13,31.73
24.49,-83.11,31.76
24.49,-83.09,31.68
24.49,-83.07,31.71
24.49,-83.05,31.64
24.49,-83.03,31.62
24.49,-83.01,31.58
24.49,-82.99,31.51
24.49,-82.97,31.41
24.49,-82.95,31.29
24.49,-82.93,31.28
24.49,-82.91,31.18
24.49,-82.89,30.98
24.49,-82.87,30.91
24.49,-82.85,30.89
24.49,-82.83,30.83
24.49,-82.81,30.82
24.49,-82.79,30.86
24.49,-82.77,31.37
24.49,-82.75,31.44
24.49,-82.73,31.4
24.49,-82.71,31.38
24.49,-82.69,31.45
24.49,-82.67,31.51
24.49,-82.65,31.58
24.49,-82.63,31.69
24.49,-82.61,31.73
24.49,-82.59,31.77
24.49,-82.57,31.86
24.49,-82.55,31.87
24.49,-82.53,31.97
24.49,-82.51,31.88
24.49,-82.49,31.83
24.49,-82.47,31.81
24.49,-82.45,31.8
24.49,-82.43,31.74
24.49,-82.41,31.8
24.49,-82.39,31.74
24.49,-82.37,31.74
24.49,-82.35,31.81
24.49,-82.33,31.75
24.49,-82.31,31.73
24.49,-82.29,31.73
24.49,-82.27,31.75
24.49,-82.25,31.73
24.49,-82.23,31.64
24.49,-82.21,31.65
24.49,-82.19,31.7
24.49,-82.17,31.71
24.49,-82.15,31.64
24.49,-82.13,31.68
24.49,-82.11,31.84
24.49,-82.09,31.89
24.49,-82.07,31.93
24.49,-82.05,31.91
24.49,-82.03,31.98
24.49,-82.01,32.09
24.49,-81.99,32.09
24.49,-81.97,31.94
24.49,-81.95,31.72
24.49,-81.93,31.1
24.49,-81.91,31.06
24.49,-81.89,30.99
24.49,-81.87,30.8
24.49,-81.85,30.81
24.49,-81.83,31.12
24.49,-81.81,30.97
24.49,-81.79,30.66
24.49,-81.77,30.95
24.49,-81.75,31.06
24.49,-81.73,31.12
24.49,-81.71,31.07
24.49,-81.69,30.84
24.49,-81.67,31.0
24.49,-81.65,31.17
24.49,-81.63,31.09
24.49,-81.61,31.14
24.49,-81.59,31.16
24.49,-81.57,31.24
24.49,-81.55,31.36
24.49,-81.53,31.37
24.49,-81.51,31.23
24.49,-81.49,31.24
24.49,-81.47,31.35
24.49,-81.45,31.26
24.49,-81.43,31.28
24.49,-81.41,31.32
24.49,-81.39,31.36
24.49,-81.37,31.33
24.49,-81.35,31.29
24.49,-81.33,31.23
24.49,-81.31,31.15
24.49,-81.29,31.1
24.49,-81.27,31.13
24.49,-81.25,31.16
24.49,-81.23,31.22
24.49,-81.21,31.25
24.49,-81.19,31.35
24.49,-81.17,31.41
24.49,-81.15,31.47
24.49,-81.13,31.43
24.49,-81.11,31.47
24.49,-81.09,31.47
24.49,-81.07,31.49
24.49,-81.05,31.65
24.49,-81.03,31.7
24.49,-81.01,31.75
24.49,-80.99,31.78
24.49,-80.97,31.77
24.49,-80.95,31.79
24.49,-80.93,31.61
24.49,-80.91,31.64
24.49,-80.89,31.73
24.49,-80.87,31.84
24.49,-80.85,31.8
24.49,-80.83,31.76
24.49,-80.81,31.76
24.49,-80.79,31.73
24.49,-80.77,31.76
24.49,-80.75,31.81
24.49,-80.73,31.72
24.49,-80.71,31.62
24.49,-80.69,31.66
24.49,-80.67,31.63
24.49,-80.65,31.53
24.49,-80.63,31.54
24.49,-80.61,31.6
24.49,-80.59,31.5
24.49,-80.57,31.54
24.49,-80.55,31.56
24.49,-80.53,31.53
24.49,-80.51,31.43
24.49,-80.49,31.41
24.49,-80.47,31.46
24.49,-80.45,31.4
24.49,-80.43,31.38
24.49,-80.41,31.39
24.49,-80.39,31.22
24.49,-80.37,31.12
24.49,-80.35,31.12
24.49,-80.33,31.26
24.49,-80.31,31.26
24.49,-80.29,31.24
24.49,-80.27,31.24
24.49,-80.25,31.18
24.49,-80.23,31.23
24.49,-80.21,31.2
24.49,-80.19,31.16
24.49,-80.17,31.17
24.49,-80.15,31.05
24.49,-80.13,30.97
24.49,-80.11,30.94
24.49,-80.09,30.99
24.49,-80.07,31.03
24.49,-80.05,31.1
24.49,-80.03,31.83
24.49,-80.01,31.89
24.49,-79.99,31.2
24.49,-79.97,31.21
24.49,-79.95,31.24
24.49,-79.93,31.35
24.49,-79.91,31.43
24.49,-79.89,31.62
24.49,-79.87,31.48
24.49,-79.85,31.46
24.49,-79.83,31.46
24.49,-79.81,31.41
24.49,-79.79,31.12
24.49,-79.77,31.16
24.49,-79.75,30.97
24.49,-79.73,30.99
24.49,-79.71,30.92
24.49,-79.69,30.88
24.49,-79.67,31.06
24.49,-79.65,31.07
24.49,-79.63,31.06
24.49,-79.61,31.24
24.49,-79.59,31.33
24.49,-79.57,31.34
24.49,-79.55,31.33
24.49,-77.43,30.47
24.49,-77.37,30.51
24.49,-76.79,31.04
24.49,-76.65,30.12
24.49,-76.63,30.1
24.49,-76.61,30.17
24.49,-76.59,30.23
24.49,-76.57,30.1
24.49,-76.55,30.11
24.49,-76.53,30.19
24.49,-76.51,30.22
24.49,-76.49,30.21
24.49,-76.47,30.19
24.49,-76.45,30.23
24.49,-76.43,30.17
24.49,-76.41,30.01
24.49,-76.39,30.0
24.49,-76.37,29.98
24.49,-76.35,29.96
24.49,-76.33,29.92
24.49,-76.31,29.82
24.49,-76.29,29.86
24.49,-76.27,29.8
24.49,-76.25,29.78
24.49,-76.23,29.83
24.49,-76.21,29.66
24.47,-83.15,31.67
24.47,-83.13,31.79
24.47,-83.11,31.78
24.47,-83.09,31.76
24.47,-83.07,31.73
24.47,-83.05,31.68
24.47,-83.03,31.65
24.47,-83.01,31.58
24.47,-82.99,31.51
24.47,-82.97,31.44
24.47,-82.95,31.35
24.47,-82.93,31.34
24.47,-82.91,31.27
24.47,-82.89,30.94
24.47,-82.87,30.87
24.47,-82.85,30.93
24.47,-82.83,30.92
24.47,-82.81,30.76
24.47,-82.79,30.73
24.47,-82.77,30.98
24.47,-82.75,31.26
24.47,-82.73,31.32
24.47,-82.71,31.34
24.47,-82.69,31.45
24.47,-82.67,31.52
24.47,-82.65,31.52
24.47,-82.63,31.63
24.47,-82.61,31.73
24.47,-82.59,31.83
24.47,-82.57,31.9
24.47,-82.55,31.87
24.47,-82.53,31.94
24.47,-82.51,31.93
24.47,-82.49,31.86
24.47,-82.47,31.77
24.47,-82.45,31.73
24.47,-82.43,31.64
24.47,-82.41,31.71
24.47,-82.39,31.65
24.47,-82.37,31.58
24.47,-82.35,31.67
24.47,-82.33,31.6
24.47,-82.31,31.59
24.47,-82.29,31.68
24.47,-82.27,31.74
24.47,-82.25,31.76
24.47,-82.23,31.64
24.47,-82.21,31.57
24.47,-82.19,31.64
24.47,-82.17,31.64
24.47,-82.15,31.63
24.47,-82.13,31.64
24.47,-82.11,31.69
24.47,-82.09,31.68
24.47,-82.07,31.61
24.47,-82.05,31.69
24.47,-82.03,31.83
24.47,-82.01,31.6
24.47,-81.99,31.44
24.47,-81.97,31.23
24.47,-81.95,30.97
24.47,-81.93,31.0
24.47,-81.91,30.98
24.47,-81.89,30.84
24.47,-81.87,30.71
24.47,-81.85,30.89
24.47,-81.83,31.27
24.47,-81.81,30.92
24.47,-81.79,30.7
24.47,-81.77,30.81
24.47,-81.75,30.87
24.47,-81.73,30.94
24.47,-81.71,30.98
24.47,-81.69,30.94
24.47,-81.67,30.97
24.47,-81.65,30.95
24.47,-81.63,30.97
24.47,-81.61,30.97
24.47,-81.59,31.05
24.47,-81.57,31.03
24.47,-81.55,31.23
24.47,-81.53,31.25
24.47,-81.51,31.22
24.47,-81.49,31.15
24.47,-81.47,31.19
24.47,-81.45,31.18
24.47,-81.43,31.23
24.47,-81.41,31.31
24.47,-81.39,31.37
24.47,-81.37,31.37
24.47,-81.35,31.32
24.47,-81.33,31.28
24.47,-81.31,31.23
24.47,-81.29,31.18
24.47,-81.27,31.19
24.47,-81.25,31.22
24.47,-81.23,31.23
24.47,-81.21,31.16
24.47,-81.19,31.28
24.47,-81.17,31.39
24.47,-81.15,31.45
24.47,-81.13,31.52
24.47,-81.11,31.51
24.47,-81.09,31.51
24.47,-81.07,31.62
24.47,-81.05,31.77
24.47,-81.03,31.84
24.47,-81.01,31.9
24.47,-80.99,31.83
24.47,-80.97,31.76
24.47,-80.95,31.79
24.47,-80.93,31.61
24.47,-80.91,31.68
24.47,-80.89,31.73
24.47,-80.87,31.78
24.47,-80.85,31.83
24.47,-80.83,31.8
24.47,-80.81,31.77
24.47,-80.79,31.76
24.47,-80.77,31.69
24.47,-80.75,31.69
24.47,-80.73,31.69
24.47,-80.71,31.72
24.47,-80.69,31.72
24.47,-80.67,31.67
24.47,-80.65,31.61
24.47,-80.63,31.6
24.47,-80.61,31.64
24.47,-80.59,31.52
24.47,-80.57,31.56
24.47,-80.55,31.54
24.47,-80.53,31.51
24.47,-80.51,31.43
24.47,-80.49,31.36
24.47,-80.47,31.4
24.47,-80.45,31.49
24.47,-80.43,31.4
24.47,-80.41,31.34
24.47,-80.39,31.24
24.47,-80.37,31.15
24.47,-80.35,31.13
24.47,-80.33,31.17
24.47,-80.31,31.17
24.47,-80.29,31.14
24.47,-80.27,31.06
24.47,-80.25,31.02
24.47,-80.23,31.09
24.47,-80.21,31.12
24.47,-80.19,31.13
24.47,-80.17,31.12
24.47,-80.15,31.04
24.47,-80.13,31.0
24.47,-80.11,30.98
24.47,-80.09,31.03
24.47,-80.07,31.05
24.47,-80.05,31.17
24.47,-80.03,31.34
24.47,-80.01,31.65
24.47,-79.99,31.16
24.47,-79.97,31.11
24.47,-79.95,31.1
24.47,-79.93,31.16
24.47,-79.91,31.2
24.47,-79.89,31.31
24.47,-79.87,31.4
24.47,-79.85,31.45
24.47,-79.83,31.44
24.47,-79.81,31.55
24.47,-79.79,31.24
24.47,-79.77,31.16
24.47,-79.75,30.98
24.47,-79.73,30.97
24.47,-79.71,30.84
24.47,-79.69,30.86
24.47,-79.67,31.11
24.47,-79.65,31.12
24.47,-79.63,31.14
24.47,-79.61,31.2
24.47,-79.59,31.23
24.47,-79.57,31.36
24.47,-79.55,31.36
24.47,-77.45,30.43
24.47,-77.43,30.43
24.47,-77.41,30.49
24.47,-77.39,30.55
24.47,-77.37,30.54
24.47,-77.35,30.52
24.47,-76.49,30.16
24.47,-76.47,30.18
24.47,-76.45,30.19
24.47,-76.43,30.05
24.47,-76.41,29.89
24.47,-76.39,29.89
24.47,-76.37,29.86
24.47,-76.35,29.87
24.47,-76.33,29.91
24.47,-76.31,29.85
24.47,-76.29,29.87
24.47,-76.27,29.81
24.47,-76.25,29.61
24.47,-76.23,29.71
24.47,-76.21,29.61
24.47,-76.19,29.62
24.47,-76.17,29.92
24.45,-83.15,31.73
24.45,-83.13,31.76
24.45,-83.11,31.77
24.45,-83.09,31.75
24.45,-83.07,31.65
24.45,-83.05,31.67
24.45,-83.03,31.68
24.45,-83.01,31.62
24.45,-82.99,31.59
24.45,-82.97,31.51
24.45,-82.95,31.45
24.45,-82.93,31.4
24.45,-82.91,31.34
24.45,-82.89,31.2
24.45,-82.87,30.9
24.45,-82.85,30.88
24.45,-82.83,30.88
24.45,-82.81,30.81
24.45,-82.79,30.84
24.45,-82.77,30.94
24.45,-82.75,30.94
24.45,-82.73,30.96
24.45,-82.71,31.25
24.45,-82.69,31.4
24.45,-82.67,31.51
24.45,-82.65,31.54
24.45,-82.63,31.6
24.45,-82.61,31.66
24.45,-82.59,31.77
24.45,-82.57,31.88
24.45,-82.55,31.86
24.45,-82.53,31.86
24.45,-82.51,31.86
24.45,-82.49,31.78
24.45,-82.47,31.72
24.45,-82.45,31.68
24.45,-82.43,31.62
24.45,-82.41,31.63
24.45,-82.39,31.55
24.45,-82.37,31.5
24.45,-82.35,31.55
24.45,-82.33,31.54
24.45,-82.31,31.54
24.45,-82.29,31.54
24.45,-82.27,31.55
24.45,-82.25,31.6
24.45,-82.23,31.62
24.45,-82.21,31.58
24.45,-82.19,31.62
24.45,-82.17,31.58
24.45,-82.15,31.6
24.45,-82.13,31.57
24.45,-82.11,31.6
24.45,-82.09,31.51
24.45,-82.07,31.45
24.45,-82.05,31.39
24.45,-82.03,31.28
24.45,-82.01,31.31
24.45,-81.99,31.24
24.45,-81.97,30.97
24.45,-81.95,30.89
24.45,-81.93,30.95
24.45,-81.91,30.72
24.45,-81.89,30.62
24.45,-81.87,30.76
24.45,-81.85,30.79
24.45,-81.83,30.83
24.45,-81.81,30.76
24.45,-81.79,30.76
24.45,-81.77,30.8
24.45,-81.75,30.86
24.45,-81.73,30.89
24.45,-81.71,30.88
24.45,-81.69,30.92
24.45,-81.67,30.94
24.45,-81.65,30.94
24.45,-81.63,30.95
24.45,-81.61,30.93
24.45,-81.59,30.98
24.45,-81.57,30.98
24.45,-81.55,31.04
24.45,-81.53,31.12
24.45,-81.51,31.15
24.45,-81.49,31.09
24.45,-81.47,31.11
24.45,-81.45,31.15
24.45,-81.43,31.2
24.45,-81.41,31.25
24.45,-81.39,31.34
24.45,-81.37,31.37
24.45,-81.35,31.35
24.45,-81.33,31.33
24.45,-81.31,31.27
24.45,-81.29,31.16
24.45,-81.27,31.2
24.45,-81.25,31.27
24.45,-81.23,31.24
24.45,-81.21,31.26
24.45,-81.19,31.31
24.45,-81.17,31.37
24.45,-81.15,31.49
24.45,-81.13,31.51
24.45,-81.11,31.48
24.45,-81.09,31.7
24.45,-81.07,31.78
24.45,-81.05,31.87
24.45,-81.03,32.0
24.45,-81.01,32.03
24.45,-80.99,31.84
24.45,-80.97,31.77
24.45,-80.95,31.81
24.45,-80.93,31.62
24.45,-80.91,31.68
24.45,-80.89,31.69
24.45,-80.87,31.74
24.45,-80.85,31.81
24.45,-80.83,31.82
24.45,-80.81,31.77
24.45,-80.79,31.73
24.45,-80.77,31.66
24.45,-80.75,31.61
24.45,-80.73,31.66
24.45,-80.71,31.73
24.45,-80.69,31.75
24.45,-80.67,31.7
24.45,-80.65,31.67
24.45,-80.63,31.66
24.45,-80.61,31.68
24.45,-80.59,31.57
24.45,-80.57,31.53
24.45,-80.55,31.59
24.45,-80.53,31.59
24.45,-80.51,31.45
24.45,-80.49,31.38
24.45,-80.47,31.47
24.45,-80.45,31.48
24.45,-80.43,31.3
24.45,-80.41,31.26
24.45,-80.39,31.18
24.45,-80.37,31.17
24.45,-80.35,31.19
24.45,-80.33,31.13
24.45,-80.31,31.01
24.45,-80.29,31.05
24.45,-80.27,30.91
24.45,-80.25,30.88
24.45,-80.23,30.97
24.45,-80.21,31.07
24.45,-80.19,31.07
24.45,-80.17,31.06
24.45,-80.15,31.08
24.45,-80.13,31.02
24.45,-80.11,31.04
24.45,-80.09,31.03
24.45,-80.07,31.08
24.45,-80.05,31.16
24.45,-80.03,31.28
24.45,-80.01,31.34
24.45,-79.99,31.19
24.45,-79.97,31.07
24.45,-79.95,31.05
24.45,-79.93,31.07
24.45,-79.91,31.02
24.45,-79.89,30.98
24.45,-79.87,31.04
24.45,-79.85,31.35
24.45,-79.83,31.45
24.45,-79.81,31.58
24.45,-79.79,31.26
24.45,-79.77,31.13
24.45,-79.75,31.08
24.45,-79.73,30.97
24.45,-79.71,30.95
24.45,-79.69,30.96
24.45,-79.67,31.05
24.45,-79.65,31.1
24.45,-79.63,31.16
24.45,-79.61,31.17
24.45,-79.59,31.21
24.45,-79.57,31.37
24.45,-79.55,31.32
24.45,-79.53,31.04
24.45,-79.51,30.96
24.45,-77.59,30.51
24.45,-77.57,30.49
24.45,-77.55,30.51
24.45,-77.53,30.45
24.45,-77.49,30.44
24.45,-77.43,30.41
24.45,-77.41,30.44
24.45,-77.39,30.51
24.45,-77.37,30.61
24.45,-77.35,30.58
24.45,-76.45,30.12
24.45,-76.43,29.99
24.45,-76.41,29.88
24.45,-76.39,29.8
24.45,-76.37,29.82
24.45,-76.35,29.81
24.45,-76.33,29.89
24.45,-76.31,29.83
24.45,-76.29,29.79
24.45,-76.27,29.7
24.45,-76.25,29.61
24.45,-76.23,29.68
24.45,-76.21,29.72
24.45,-76.19,29.73
24.45,-76.17,29.8
24.43,-83.15,31.66
24.43,-83.13,31.72
24.43,-83.11,31.79
24.43,-83.09,31.77
24.43,-83.07,31.65
24.43,-83.05,31.59
24.43,-83.03,31.62
24.43,-83.01,31.58
24.43,-82.99,31.59
24.43,-82.97,31.56
24.43,-82.95,31.52
24.43,-82.93,31.46
24.43,-82.91,31.45
24.43,-82.89,31.42
24.43,-82.87,31.13
24.43,-82.85,30.94
24.43,-82.83,30.86
24.43,-82.81,30.87
24.43,-82.79,30.86
24.43,-82.77,30.87
24.43,-82.75,30.86
24.43,-82.73,30.82
24.43,-82.71,30.85
24.43,-82.69,31.1
24.43,-82.67,31.36
24.43,-82.65,31.4
24.43,-82.63,31.53
24.43,-82.61,31.66
24.43,-82.59,31.62
24.43,-82.57,31.72
24.43,-82.55,31.8
24.43,-82.53,31.81
24.43,-82.51,31.75
24.43,-82.49,31.63
24.43,-82.47,31.62
24.43,-82.45,31.59
24.43,-82.43,31.53
24.43,-82.41,31.49
24.43,-82.39,31.42
24.43,-82.37,31.42
24.43,-82.35,31.46
24.43,-82.33,31.53
24.43,-82.31,31.51
24.43,-82.29,31.52
24.43,-82.27,31.5
24.43,-82.25,31.45
24.43,-82.23,31.46
24.43,-82.21,31.49
24.43,-82.19,31.53
24.43,-82.17,31.48
24.43,-82.15,31.51
24.43,-82.13,31.5
24.43,-82.11,31.49
24.43,-82.09,31.42
24.43,-82.07,31.32
24.43,-82.05,31.23
24.43,-82.03,31.21
24.43,-82.01,31.14
24.43,-81.99,31.0
24.43,-81.97,30.81
24.43,-81.95,30.72
24.43,-81.93,30.78
24.43,-81.91,30.74
24.43,-81.89,30.76
24.43,-81.87,30.84
24.43,-81.85,30.8
24.43,-81.83,30.7
24.43,-81.81,30.63
24.43,-81.79,30.71
24.43,-81.77,30.79
24.43,-81.75,30.8
24.43,-81.73,30.88
24.43,-81.71,30.96
24.43,-81.69,30.93
24.43,-81.67,30.95
24.43,-81.65,30.97
24.43,-81.63,30.95
24.43,-81.61,30.93
24.43,-81.59,30.95
24.43,-81.57,30.98
24.43,-81.55,30.98
24.43,-81.53,31.07
24.43,-81.51,31.12
24.43,-81.49,31.09
24.43,-81.47,31.11
24.43,-81.45,31.11
24.43,-81.43,31.21
24.43,-81.41,31.24
24.43,-81.39,31.27
24.43,-81.37,31.38
24.43,-81.35,31.42
24.43,-81.33,31.36
24.43,-81.31,31.23
24.43,-81.29,31.13
24.43,-81.27,31.15
24.43,-81.25,31.23
24.43,-81.23,31.24
24.43,-81.21,31.27
24.43,-81.19,31.32
24.43,-81.17,31.42
24.43,-81.15,31.53
24.43,-81.13,31.6
24.43,-81.11,31.6
24.43,-81.09,31.82
24.43,-81.07,31.9
24.43,-81.05,31.92
24.43,-81.03,32.01
24.43,-81.01,32.06
24.43,-80.99,32.03
24.43,-80.97,31.8
24.43,-80.95,31.78
24.43,-80.93,31.73
24.43,-80.91,31.65
24.43,-80.89,31.65
24.43,-80.87,31.69
24.43,-80.85,31.78
24.43,-80.83,31.85
24.43,-80.81,31.73
24.43,-80.79,31.71
24.43,-80.77,31.64
24.43,-80.75,31.64
24.43,-80.73,31.68
24.43,-80.71,31.72
24.43,-80.69,31.7
24.43,-80.67,31.71
24.43,-80.65,31.74
24.43,-80.63,31.69
24.43,-80.61,31.62
24.43,-80.59,31.55
24.43,-80.57,31.7
24.43,-80.55,31.72
24.43,-80.53,31.56
24.43,-80.51,31.43
24.43,-80.49,31.41
24.43,-80.47,31.44
24.43,-80.45,31.39
24.43,-80.43,31.25
24.43,-80.41,31.12
24.43,-80.39,31.12
24.43,-80.37,31.16
24.43,-80.35,31.08
24.43,-80.33,31.04
24.43,-80.31,30.97
24.43,-80.29,31.0
24.43,-80.27,30.89
24.43,-80.25,30.84
24.43,-80.23,30.92
24.43,-80.21,31.04
24.43,-80.19,31.05
24.43,-80.17,31.04
24.43,-80.15,31.05
24.43,-80.13,31.02
24.43,-80.11,31.07
24.43,-80.09,31.15
24.43,-80.07,31.14
24.43,-80.05,31.12
24.43,-80.03,31.24
24.43,-80.01,31.27
24.43,-79.99,31.12
24.43,-79.97,31.07
24.43,-79.95,31.02
24.43,-79.93,31.01
24.43,-79.91,30.97
24.43,-79.89,30.91
24.43,-79.87,30.97
24.43,-79.85,31.16
24.43,-79.83,31.41
24.43,-79.81,31.44
24.43,-79.79,31.15
24.43,-79.77,31.09
24.43,-79.75,31.07
24.43,-79.73,31.02
24.43,-79.71,31.02
24.43,-79.69,31.05
24.43,-79.67,31.05
24.43,-79.65,31.12
24.43,-79.63,31.24
24.43,-79.61,31.3
24.43,-79.59,31.38
24.43,-79.57,31.43
24.43,-79.55,31.31
24.43,-79.53,31.09
24.43,-77.59,30.53
24.43,-77.57,30.53
24.43,-77.55,30.55
24.43,-77.51,30.43
24.43,-77.49,30.43
24.43,-77.47,30.4
24.43,-77.45,30.45
24.43,-77.43,30.47
24.43,-77.41,30.49
24.43,-77.39,30.49
24.43,-77.17,30.72
24.43,-76.41,29.78
24.43,-76.39,29.79
24.43,-76.37,29.81
24.43,-76.35,29.79
24.43,-76.33,29.84
24.43,-76.31,29.88
24.43,-76.29,29.79
24.43,-76.27,29.65
24.43,-76.25,29.67
24.43,-76.23,29.82
24.43,-76.21,29.85
24.43,-76.19,29.8
24.43,-76.17,29.77
24.41,-83.15,31.54
24.41,-83.13,31.59
24.41,-83.11,31.72
24.41,-83.09,31.79
24.41,-83.07,31.74
24.41,-83.05,31.63
24.41,-83.03,31.52
24.41,-83.01,31.47
24.41,-82.99,31.51
24.41,-82.97,31.51
24.41,-82.95,31.5
24.41,-82.93,31.5
24.41,-82.91,31.53
24.41,-82.89,31.5
24.41,-82.87,31.3
24.41,-82.85,31.12
24.41,-82.83,31.05
24.41,-82.81,31.01
24.41,-82.79,30.97
24.41,-82.77,30.95
24.41,-82.75,30.93
24.41,-82.73,30.87
24.41,-82.71,30.83
24.41,-82.69,30.85
24.41,-82.67,30.99
24.41,-82.65,31.03
24.41,-82.63,31.22
24.41,-82.61,31.47
24.41,-82.59,31.54
24.41,-82.57,31.53
24.41,-82.55,31.64
24.41,-82.53,31.62
24.41,-82.51,31.49
24.41,-82.49,31.57
24.41,-82.47,31.59
24.41,-82.45,31.47
24.41,-82.43,31.4
24.41,-82.41,31.38
24.41,-82.39,31.36
24.41,-82.37,31.4
24.41,-82.35,31.46
24.41,-82.33,31.52
24.41,-82.31,31.52
24.41,-82.29,31.51
24.41,-82.27,31.43
24.41,-82.25,31.37
24.41,-82.23,31.36
24.41,-82.21,31.37
24.41,-82.19,31.39
24.41,-82.17,31.41
24.41,-82.15,31.47
24.41,-82.13,31.42
24.41,-82.11,31.32
24.41,-82.09,31.27
24.41,-82.07,31.16
24.41,-82.05,31.13
24.41,-82.03,31.13
24.41,-82.01,31.06
24.41,-81.99,30.96
24.41,-81.97,30.88
24.41,-81.95,30.84
24.41,-81.93,30.79
24.41,-81.91,30.82
24.41,-81.89,30.81
24.41,-81.87,30.68
24.41,-81.85,30.66
24.41,-81.83,30.7
24.41,-81.81,30.69
24.41,-81.79,30.8
24.41,-81.77,30.82
24.41,-81.75,30.82
24.41,-81.73,30.89
24.41,-81.71,30.95
24.41,-81.69,30.92
24.41,-81.67,30.92
24.41,-81.65,30.99
24.41,-81.63,30.9
24.41,-81.61,30.92
24.41,-81.59,31.0
24.41,-81.57,31.04
24.41,-81.55,31.01
24.41,-81.53,31.06
24.41,-81.51,31.09
24.41,-81.49,31.1
24.41,-81.47,31.11
24.41,-81.45,31.09
24.41,-81.43,31.18
24.41,-81.41,31.25
24.41,-81.39,31.23
24.41,-81.37,31.36
24.41,-81.35,31.43
24.41,-81.33,31.38
24.41,-81.31,31.28
24.41,-81.29,31.21
24.41,-81.27,31.26
24.41,-81.25,31.23
24.41,-81.23,31.23
24.41,-81.21,31.3
24.41,-81.19,31.31
24.41,-81.17,31.41
24.41,-81.15,31.52
24.41,-81.13,31.64
24.41,-81.11,31.72
24.41,-81.09,31.89
24.41,-81.07,31.96
24.41,-81.05,31.96
24.41,-81.03,32.0
24.41,-81.01,32.01
24.41,-80.99,32.03
24.41,-80.97,31.81
24.41,-80.95,31.73
24.41,-80.93,31.75
24.41,-80.91,31.59
24.41,-80.89,31.55
24.41,-80.87,31.67
24.41,-80.85,31.76
24.41,-80.83,31.76
24.41,-80.81,31.71
24.41,-80.79,31.67
24.41,-80.77,31.64
24.41,-80.75,31.67
24.41,-80.73,31.76
24.41,-80.71,31.73
24.41,-80.69,31.68
24.41,-80.67,31.64
24.41,-80.65,31.72
24.41,-80.63,31.72
24.41,-80.61,31.63
24.41,-80.59,31.59
24.41,-80.57,31.7
24.41,-80.55,31.74
24.41,-80.53,31.63
24.41,-80.51,31.51
24.41,-80.49,31.43
24.41,-80.47,31.3
24.41,-80.45,31.27
24.41,-80.43,31.21
24.41,-80.41,31.02
24.41,-80.39,31.09
24.41,-80.37,31.09
24.41,-80.35,31.0
24.41,-80.33,30.92
24.41,-80.31,30.9
24.41,-80.29,30.9
24.41,-80.27,30.89
24.41,-80.25,30.86
24.41,-80.23,30.9
24.41,-80.21,30.94
24.41,-80.19,31.03
24.41,-80.17,31.03
24.41,-80.15,31.04
24.41,-80.13,31.05
24.41,-80.11,31.14
24.41,-80.09,31.19
24.41,-80.07,31.18
24.41,-80.05,31.18
24.41,-80.03,31.18
24.41,-80.01,31.26
24.41,-79.99,31.05
24.41,-79.97,31.04
24.41,-79.95,31.0
24.41,-79.93,30.97
24.41,-79.91,30.96
24.41,-79.89,30.97
24.41,-79.87,30.96
24.41,-79.85,31.09
24.41,-79.83,31.22
24.41,-79.81,31.1
24.41,-79.79,31.1
24.41,-79.77,31.01
24.41,-79.75,31.01
24.41,-79.73,31.01
24.41,-79.71,31.04
24.41,-79.69,31.08
24.41,-79.67,31.08
24.41,-79.65,31.19
24.41,-79.63,31.28
24.41,-79.61,31.35
24.41,-79.59,31.42
24.41,-79.57,31.49
24.41,-79.55,31.41
24.41,-79.53,31.38
24.41,-77.57,30.47
24.41,-77.55,30.46
24.41,-77.49,30.4
24.41,-77.47,30.39
24.41,-77.45,30.46
24.41,-77.43,30.51
24.41,-77.41,30.49
24.41,-77.39,30.46
24.41,-77.37,30.46
24.41,-77.19,30.7
24.41,-77.15,30.81
24.41,-76.39,29.78
24.41,-76.37,29.8
24.41,-76.35,29.81
24.41,-76.33,29.83
24.41,-76.31,29.94
24.41,-76.29,29.94
24.41,-76.27,29.77
24.41,-76.25,29.84
24.41,-76.23,29.89
24.41,-76.21,29.92
24.41,-76.19,29.91
24.41,-76.17,29.8
24.41,-76.15,29.81
24.39,-83.15,31.67
24.39,-83.13,31.64
24.39,-83.11,31.68
24.39,-83.09,31.75
24.39,-83.07,31.71
24.39,-83.05,31.67
24.39,-83.03,31.53
24.39,-83.01,31.42
24.39,-82.99,31.5
24.39,-82.97,31.54
24.39,-82.95,31.48
24.39,-82.93,31.51
24.39,-82.91,31.52
24.39,-82.89,31.45
24.39,-82.87,31.36
24.39,-82.85,31.28
24.39,-82.83,31.24
24.39,-82.81,31.14
24.39,-82.79,31.06
24.39,-82.77,31.1
24.39,-82.75,31.09
24.39,-82.73,31.03
24.39,-82.71,30.96
24.39,-82.69,30.85
24.39,-82.67,30.82
24.39,-82.65,30.83
24.39,-82.63,31.03
24.39,-82.61,31.07
24.39,-82.59,31.14
24.39,-82.57,31.26
24.39,-82.55,31.34
24.39,-82.53,31.38
24.39,-82.51,31.41
24.39,-82.49,31.41
24.39,-82.47,31.39
24.39,-82.45,31.39
24.39,-82.43,31.34
24.39,-82.41,31.34
24.39,-82.39,31.31
24.39,-82.37,31.26
24.39,-82.35,31.37
24.39,-82.33,31.45
24.39,-82.31,31.45
24.39,-82.29,31.41
24.39,-82.27,31.38
24.39,-82.25,31.34
24.39,-82.23,31.32
24.39,-82.21,31.31
24.39,-82.19,31.35
24.39,-82.17,31.37
24.39,-82.15,31.36
24.39,-82.13,31.25
24.39,-82.11,31.2
24.39,-82.09,31.17
24.39,-82.07,31.12
24.39,-82.05,31.05
24.39,-82.03,31.08
24.39,-82.01,31.1
24.39,-81.99,31.04
24.39,-81.97,31.01
24.39,-81.95,30.94
24.39,-81.93,30.91
24.39,-81.91,30.95
24.39,-81.89,30.96
24.39,-81.87,30.98
24.39,-81.85,30.94
24.39,-81.83,30.93
24.39,-81.81,30.99
24.39,-81.79,31.08
24.39,-81.77,31.08
24.39,-81.75,31.01
24.39,-81.73,30.97
24.39,-81.71,30.95
24.39,-81.69,30.94
24.39,-81.67,30.98
24.39,-81.65,31.03
24.39,-81.63,30.96
24.39,-81.61,30.98
24.39,-81.59,30.99
24.39,-81.57,31.02
24.39,-81.55,30.96
24.39,-81.53,31.02
24.39,-81.51,31.05
24.39,-81.49,31.05
24.39,-81.47,31.06
24.39,-81.45,31.05
24.39,-81.43,31.13
24.39,-81.41,31.17
24.39,-81.39,31.25
24.39,-81.37,31.33
24.39,-81.35,31.43
24.39,-81.33,31.41
24.39,-81.31,31.41
24.39,-81.29,31.29
24.39,-81.27,31.3
24.39,-81.25,31.28
24.39,-81.23,31.27
24.39,-81.21,31.36
24.39,-81.19,31.38
24.39,-81.17,31.48
24.39,-81.15,31.6
24.39,-81.13,31.68
24.39,-81.11,31.76
24.39,-81.09,31.87
24.39,-81.07,31.95
24.39,-81.05,32.04
24.39,-81.03,32.04
24.39,-81.01,32.07
24.39,-80.99,32.04
24.39,-80.97,31.78
24.39,-80.95,31.73
24.39,-80.93,31.75
24.39,-80.91,31.41
24.39,-80.89,31.5
24.39,-80.87,31.66
24.39,-80.85,31.69
24.39,-80.83,31.71
24.39,-80.81,31.72
24.39,-80.79,31.66
24.39,-80.77,31.67
24.39,-80.75,31.7
24.39,-80.73,31.74
24.39,-80.71,31.72
24.39,-80.69,31.59
24.39,-80.67,31.62
24.39,-80.65,31.68
24.39,-80.63,31.73
24.39,-80.61,31.63
24.39,-80.59,31.62
24.39,-80.57,31.67
24.39,-80.55,31.65
24.39,-80.53,31.62
24.39,-80.51,31.48
24.39,-80.49,31.32
24.39,-80.47,31.25
24.39,-80.45,31.12
24.39,-80.43,31.09
24.39,-80.41,31.08
24.39,-80.39,31.02
24.39,-80.37,31.03
24.39,-80.35,30.96
24.39,-80.33,30.86
24.39,-80.31,30.91
24.39,-80.29,30.87
24.39,-80.27,30.85
24.39,-80.25,30.87
24.39,-80.23,30.9
24.39,-80.21,30.92
24.39,-80.19,31.0
24.39,-80.17,31.04
24.39,-80.15,30.97
24.39,-80.13,31.1
24.39,-80.11,31.16
24.39,-80.09,31.23
24.39,-80.07,31.21
24.39,-80.05,31.21
24.39,-80.03,31.21
24.39,-80.01,31.3
24.39,-79.99,31.0
24.39,-79.97,30.96
24.39,-79.95,30.97
24.39,-79.93,30.93
24.39,-79.91,30.91
24.39,-79.89,30.92
24.39,-79.87,30.96
24.39,-79.85,31.01
24.39,-79.83,31.0
24.39,-79.81,30.97
24.39,-79.79,30.99
24.39,-79.77,31.0
24.39,-79.75,30.99
24.39,-79.73,30.98
24.39,-79.71,31.12
24.39,-79.69,31.2
24.39,-79.67,31.18
24.39,-79.65,31.2
24.39,-79.63,31.19
24.39,-79.61,31.26
24.39,-79.59,31.33
24.39,-79.57,31.41
24.39,-79.55,31.48
24.39,-77.57,30.47
24.39,-77.55,30.44
24.39,-77.53,30.42
24.39,-77.51,30.41
24.39,-77.49,30.42
24.39,-77.47,30.43
24.39,-77.45,30.48
24.39,-77.43,30.55
24.39,-77.41,30.53
24.39,-77.39,30.56
24.39,-77.37,30.45
24.39,-77.29,30.39
24.39,-77.27,30.43
24.39,-77.17,30.81
24.39,-76.37,29.85
24.39,-76.35,29.88
24.39,-76.33,29.9
24.39,-76.31,29.93
24.39,-76.29,29.93
24.39,-76.27,29.96
24.39,-76.25,29.91
24.39,-76.23,29.86
24.39,-76.21,29.89
24.39,-76.19,29.96
24.39,-76.17,29.89
24.39,-76.15,29.94
24.37,-83.15,31.72
24.37,-83.13,31.74
24.37,-83.11,31.75
24.37,-83.09,31.73
24.37,-83.07,31.65
24.37,-83.05,31.57
24.37,-83.03,31.53
24.37,-83.01,31.48
24.37,-82.99,31.53
24.37,-82.97,31.6
24.37,-82.95,31.54
24.37,-82.93,31.5
24.37,-82.91,31.51
24.37,-82.89,31.51
24.37,-82.87,31.42
24.37,-82.85,31.37
24.37,-82.83,31.33
24.37,-82.81,31.24
24.37,-82.79,31.18
24.37,-82.77,31.2
24.37,-82.75,31.25
24.37,-82.73,31.14
24.37,-82.71,31.08
24.37,-82.69,30.96
24.37,-82.67,30.95
24.37,-82.65,30.94
24.37,-82.63,30.95
24.37,-82.61,30.99
24.37,-82.59,30.97
24.37,-82.57,31.03
24.37,-82.55,31.16
24.37,-82.53,31.25
24.37,-82.51,31.28
24.37,-82.49,31.29
24.37,-82.47,31.31
24.37,-82.45,31.31
24.37,-82.43,31.3
24.37,-82.41,31.29
24.37,-82.39,31.32
24.37,-82.37,31.27
24.37,-82.35,31.24
24.37,-82.33,31.3
24.37,-82.31,31.3
24.37,-82.29,31.27
24.37,-82.27,31.35
24.37,-82.25,31.35
24.37,-82.23,31.3
24.37,-82.21,31.23
24.37,-82.19,31.27
24.37,-82.17,31.28
24.37,-82.15,31.28
24.37,-82.13,31.2
24.37,-82.11,31.15
24.37,-82.09,31.15
24.37,-82.07,31.08
24.37,-82.05,31.07
24.37,-82.03,31.18
24.37,-82.01,31.19
24.37,-81.99,31.17
24.37,-81.97,31.07
24.37,-81.95,30.97
24.37,-81.93,30.98
24.37,-81.91,31.05
24.37,-81.89,31.09
24.37,-81.87,31.11
24.37,-81.85,31.13
24.37,-81.83,31.08
24.37,-81.81,31.1
24.37,-81.79,31.11
24.37,-81.77,31.14
24.37,-81.75,31.09
24.37,-81.73,30.95
24.37,-81.71,31.0
24.37,-81.69,31.05
24.37,-81.67,31.1
24.37,-81.65,31.08
24.37,-81.63,31.01
24.37,-81.61,31.01
24.37,-81.59,30.95
24.37,-81.57,31.0
24.37,-81.55,30.98
24.37,-81.53,30.96
24.37,-81.51,31.0
24.37,-81.49,31.0
24.37,-81.47,31.01
24.37,-81.45,31.0
24.37,-81.43,31.06
24.37,-81.41,31.15
24.37,-81.39,31.17
24.37,-81.37,31.3
24.37,-81.35,31.41
24.37,-81.33,31.51
24.37,-81.31,31.52
24.37,-81.29,31.4
24.37,-81.27,31.41
24.37,-81.25,31.34
24.37,-81.23,31.34
24.37,-81.21,31.42
24.37,-81.19,31.52
24.37,-81.17,31.55
24.37,-81.15,31.61
24.37,-81.13,31.68
24.37,-81.11,31.82
24.37,-81.09,31.93
24.37,-81.07,32.02
24.37,-81.05,32.04
24.37,-81.03,32.08
24.37,-81.01,32.1
24.37,-80.99,32.15
24.37,-80.97,31.8
24.37,-80.95,31.64
24.37,-80.93,31.48
24.37,-80.91,31.5
24.37,-80.89,31.65
24.37,-80.87,31.7
24.37,-80.85,31.65
24.37,-80.83,31.72
24.37,-80.81,31.76
24.37,-80.79,31.68
24.37,-80.77,31.63
24.37,-80.75,31.7
24.37,-80.73,31.65
24.37,-80.71,31.63
24.37,-80.69,31.59
24.37,-80.67,31.66
24.37,-80.65,31.71
24.37,-80.63,31.65
24.37,-80.61,31.61
24.37,-80.59,31.6
24.37,-80.57,31.55
24.37,-80.55,31.52
24.37,-80.53,31.46
24.37,-80.51,31.32
24.37,-80.49,31.24
24.37,-80.47,31.22
24.37,-80.45,31.04
24.37,-80.43,31.02
24.37,-80.41,31.05
24.37,-80.39,30.98
24.37,-80.37,30.94
24.37,-80.35,30.83
24.37,-80.33,30.85
24.37,-80.31,30.89
24.37,-80.29,30.79
24.37,-80.27,30.82
24.37,-80.25,30.86
24.37,-80.23,30.92
24.37,-80.21,30.99
24.37,-80.19,31.07
24.37,-80.17,31.15
24.37,-80.15,31.12
24.37,-80.13,31.15
24.37,-80.11,31.18
24.37,-80.09,31.19
24.37,-80.07,31.19
24.37,-80.05,31.22
24.37,-80.03,31.23
24.37,-80.01,31.25
24.37,-79.99,31.03
24.37,-79.97,30.93
24.37,-79.95,30.9
24.37,-79.93,30.86
24.37,-79.91,30.88
24.37,-79.89,30.91
24.37,-79.87,30.92
24.37,-79.85,30.89
24.37,-79.83,30.88
24.37,-79.81,30.91
24.37,-79.79,30.9
24.37,-79.77,30.92
24.37,-79.75,30.96
24.37,-79.73,31.04
24.37,-79.71,31.21
24.37,-79.69,31.34
24.37,-79.67,31.24
24.37,-79.65,31.24
24.37,-79.63,31.28
24.37,-79.61,31.27
24.37,-79.59,31.34
24.37,-79.57,31.31
24.37,-79.55,31.29
24.37,-77.57,30.45
24.37,-77.55,30.48
24.37,-77.53,30.43
24.37,-77.51,30.4
24.37,-77.49,30.38
24.37,-77.47,30.42
24.37,-77.45,30.5
24.37,-77.43,30.6
24.37,-77.41,30.61
24.37,-77.39,30.46
24.37,-77.37,30.36
24.37,-77.27,30.42
24.37,-76.37,29.93
24.37,-76.35,29.96
24.37,-76.33,29.96
24.37,-76.31,29.98
24.37,-76.29,29.99
24.37,-76.27,30.05
24.37,-76.25,29.97
24.37,-76.23,29.92
24.37,-76.21,29.87
24.37,-76.19,29.84
24.37,-76.17,29.91
24.37,-76.15,29.99
24.35,-83.15,31.79
24.35,-83.13,31.82
24.35,-83.11,31.81
24.35,-83.09,31.71
24.35,-83.07,31.62
24.35,-83.05,31.56
24.35,-83.03,31.6
24.35,-83.01,31.52
24.35,-82.99,31.55
24.35,-82.97,31.66
24.35,-82.95,31.62
24.35,-82.93,31.54
24.35,-82.91,31.53
24.35,-82.89,31.55
24.35,-82.87,31.46
24.35,-82.85,31.43
24.35,-82.83,31.39
24.35,-82.81,31.38
24.35,-82.79,31.29
24.35,-82.77,31.25
24.35,-82.75,31.24
24.35,-82.73,31.15
24.35,-82.71,31.12
24.35,-82.69,31.03
24.35,-82.67,30.99
24.35,-82.65,31.03
24.35,-82.63,31.0
24.35,-82.61,30.98
24.35,-82.59,30.89
24.35,-82.57,30.91
24.35,-82.55,31.0
24.35,-82.53,31.1
24.35,-82.51,31.24
24.35,-82.49,31.3
24.35,-82.47,31.3
24.35,-82.45,31.22
24.35,-82.43,31.21
24.35,-82.41,31.27
24.35,-82.39,31.26
24.35,-82.37,31.28
24.35,-82.35,31.23
24.35,-82.33,31.19
24.35,-82.31,31.21
24.35,-82.29,31.21
24.35,-82.27,31.26
24.35,-82.25,31.26
24.35,-82.23,31.27
24.35,-82.21,31.25
24.35,-82.19,31.16
24.35,-82.17,31.24
24.35,-82.15,31.21
24.35,-82.13,31.15
24.35,-82.11,31.16
24.35,-82.09,31.15
24.35,-82.07,31.07
24.35,-82.05,31.07
24.35,-82.03,31.13
24.35,-82.01,31.18
24.35,-81.99,31.19
24.35,-81.97,31.16
24.35,-81.95,31.13
24.35,-81.93,31.13
24.35,-81.91,31.17
24.35,-81.89,31.19
24.35,-81.87,31.18
24.35,-81.85,31.18
24.35,-81.83,31.09
24.35,-81.81,31.14
24.35,-81.79,31.18
24.35,-81.77,31.2
24.35,-81.75,31.11
24.35,-81.73,30.97
24.35,-81.71,31.03
24.35,-81.69,31.08
24.35,-81.67,31.13
24.35,-81.65,31.11
24.35,-81.63,31.05
24.35,-81.61,31.06
24.35,-81.59,30.99
24.35,-81.57,30.94
24.35,-81.55,30.94
24.35,-81.53,31.0
24.35,-81.51,30.98
24.35,-81.49,30.99
24.35,-81.47,30.96
24.35,-81.45,30.93
24.35,-81.43,30.95
24.35,-81.41,31.06
24.35,-81.39,31.11
24.35,-81.37,31.29
24.35,-81.35,31.47
24.35,-81.33,31.5
24.35,-81.31,31.52
24.35,-81.29,31.51
24.35,-81.27,31.48
24.35,-81.25,31.38
24.35,-81.23,31.41
24.35,-81.21,31.52
24.35,-81.19,31.6
24.35,-81.17,31.59
24.35,-81.15,31.62
24.35,-81.13,31.69
24.35,-81.11,31.76
24.35,-81.09,32.01
24.35,-81.07,32.13
24.35,-81.05,32.14
24.35,-81.03,32.15
24.35,-81.01,32.22
24.35,-80.99,32.25
24.35,-80.97,31.81
24.35,-80.95,31.73
24.35,-80.89,31.71
24.35,-80.87,31.77
24.35,-80.85,31.79
24.35,-80.83,31.73
24.35,-80.81,31.75
24.35,-80.79,31.77
24.35,-80.77,31.65
24.35,-80.75,31.62
24.35,-80.73,31.58
24.35,-80.71,31.57
24.35,-80.69,31.59
24.35,-80.67,31.62
24.35,-80.65,31.7
24.35,-80.63,31.6
24.35,-80.61,31.54
24.35,-80.59,31.55
24.35,-80.57,31.43
24.35,-80.55,31.27
24.35,-80.53,31.19
24.35,-80.51,31.23
24.35,-80.49,31.17
24.35,-80.47,31.1
24.35,-80.45,31.03
24.35,-80.43,31.03
24.35,-80.41,30.97
24.35,-80.39,30.94
24.35,-80.37,30.87
24.35,-80.35,30.78
24.35,-80.33,30.78
24.35,-80.31,30.8
24.35,-80.29,30.8
24.35,-80.27,30.81
24.35,-80.25,30.83
24.35,-80.23,30.95
24.35,-80.21,31.08
24.35,-80.19,31.08
24.35,-80.17,31.19
24.35,-80.15,31.17
24.35,-80.13,31.14
24.35,-80.11,31.19
24.35,-80.09,31.21
24.35,-80.07,31.24
24.35,-80.05,31.25
24.35,-80.03,31.11
24.35,-80.01,31.07
24.35,-79.99,31.01
24.35,-79.97,30.89
24.35,-79.95,30.78
24.35,-79.93,30.76
24.35,-79.91,30.85
24.35,-79.89,30.84
24.35,-79.87,30.85
24.35,-79.85,30.81
24.35,-79.83,30.79
24.35,-79.81,30.79
24.35,-79.79,30.84
24.35,-79.77,30.92
24.35,-79.75,30.99
24.35,-79.73,31.07
24.35,-79.71,31.25
24.35,-79.69,31.35
24.35,-79.67,31.27
24.35,-79.65,31.25
24.35,-79.63,31.29
24.35,-79.61,31.28
24.35,-77.53,30.41
24.35,-77.51,30.41
24.35,-77.47,30.44
24.35,-77.45,30.58
24.35,-77.43,30.6
24.35,-77.41,30.55
24.35,-77.39,30.53
24.35,-77.37,30.36
24.35,-77.35,30.35
24.35,-77.29,30.4
24.35,-77.27,30.44
24.35,-76.37,29.91
24.35,-76.35,29.93
24.35,-76.33,30.12
24.35,-76.31,30.0
24.35,-76.29,29.98
24.35,-76.27,30.02
24.35,-76.25,30.1
24.35,-76.23,30.06
24.35,-76.21,29.93
24.35,-76.19,29.89
24.35,-76.17,29.9
24.35,-76.15,29.97
24.33,-83.15,31.88
24.33,-83.13,31.86
24.33,-83.11,31.84
24.33,-83.09,31.72
24.33,-83.07,31.64
24.33,-83.05,31.6
24.33,-83.03,31.62
24.33,-83.01,31.54
24.33,-82.99,31.55
24.33,-82.97,31.64
24.33,-82.95,31.65
24.33,-82.93,31.59
24.33,-82.91,31.55
24.33,-82.89,31.55
24.33,-82.87,31.56
24.33,-82.85,31.52
24.33,-82.83,31.45
24.33,-82.81,31.45
24.33,-82.79,31.46
24.33,-82.77,31.37
24.33,-82.75,31.28
24.33,-82.73,31.22
24.33,-82.71,31.18
24.33,-82.69,31.1
24.33,-82.67,31.01
24.33,-82.65,31.05
24.33,-82.63,31.09
24.33,-82.61,31.12
24.33,-82.59,31.06
24.33,-82.57,30.93
24.33,-82.55,30.95
24.33,-82.53,31.03
24.33,-82.51,31.14
24.33,-82.49,31.16
24.33,-82.47,31.21
24.33,-82.45,31.2
24.33,-82.43,31.23
24.33,-82.41,31.27
24.33,-82.39,31.27
24.33,-82.37,31.23
24.33,-82.35,31.22
24.33,-82.33,31.23
24.33,-82.31,31.23
24.33,-82.29,31.23
24.33,-82.27,31.19
24.33,-82.25,31.1
24.33,-82.23,31.21
24.33,-82.21,31.19
24.33,-82.19,31.23
24.33,-82.17,31.24
24.33,-82.15,31.3
24.33,-82.13,31.16
24.33,-82.11,31.09
24.33,-82.09,31.12
24.33,-82.07,31.15
24.33,-82.05,31.14
24.33,-82.03,31.16
24.33,-82.01,31.22
24.33,-81.99,31.28
24.33,-81.97,31.25
24.33,-81.95,31.22
24.33,-81.93,31.2
24.33,-81.91,31.2
24.33,-81.89,31.24
24.33,-81.87,31.24
24.33,-81.85,31.24
24.33,-81.83,31.15
24.33,-81.81,31.16
24.33,-81.79,31.22
24.33,-81.77,31.23
24.33,-81.75,31.21
24.33,-81.73,31.14
24.33,-81.71,31.11
24.33,-81.69,31.09
24.33,-81.67,31.09
24.33,-81.65,31.08
24.33,-81.63,31.09
24.33,-81.61,31.1
24.33,-81.59,31.01
24.33,-81.57,30.92
24.33,-81.55,30.94
24.33,-81.53,31.01
24.33,-81.51,30.99
24.33,-81.49,31.0
24.33,-81.47,30.97
24.33,-81.45,30.92
24.33,-81.43,30.96
24.33,-81.41,30.99
24.33,-81.39,31.08
24.33,-81.37,31.27
24.33,-81.35,31.47
24.33,-81.33,31.52
24.33,-81.31,31.59
24.33,-81.29,31.58
24.33,-81.27,31.55
24.33,-81.25,31.44
24.33,-81.23,31.44
24.33,-81.21,31.52
24.33,-81.19,31.63
24.33,-81.17,31.64
24.33,-81.15,31.63
24.33,-81.13,31.71
24.33,-81.11,31.79
24.33,-81.09,31.97
24.33,-81.07,32.1
24.33,-81.05,32.18
24.33,-81.03,32.23
24.33,-81.01,32.26
24.33,-80.99,32.21
24.33,-80.97,31.9
24.33,-80.95,31.75
24.33,-80.89,31.73
24.33,-80.87,31.7
24.33,-80.85,31.8
24.33,-80.83,31.79
24.33,-80.81,31.78
24.33,-80.79,31.82
24.33,-80.77,31.66
24.33,-80.75,31.54
24.33,-80.73,31.57
24.33,-80.71,31.54
24.33,-80.69,31.55
24.33,-80.67,31.57
24.33,-80.65,31.55
24.33,-80.63,31.54
24.33,-80.61,31.53
24.33,-80.59,31.46
24.33,-80.57,31.25
24.33,-80.55,31.04
24.33,-80.53,31.06
24.33,-80.51,31.06
24.33,-80.49,31.03
24.33,-80.47,30.98
24.33,-80.45,30.99
24.33,-80.43,31.02
24.33,-80.41,30.92
24.33,-80.39,30.87
24.33,-80.37,30.82
24.33,-80.35,30.72
24.33,-80.33,30.72
24.33,-80.31,30.79
24.33,-80.29,30.83
24.33,-80.27,30.82
24.33,-80.25,30.8
24.33,-80.23,30.93
24.33,-80.21,31.09
24.33,-80.19,31.12
24.33,-80.17,31.16
24.33,-80.15,31.2
24.33,-80.13,31.18
24.33,-80.11,31.14
24.33,-80.09,31.19
24.33,-80.07,31.17
24.33,-80.05,31.1
24.33,-80.03,31.02
24.33,-80.01,31.06
24.33,-79.99,30.92
24.33,-79.97,30.73
24.33,-79.95,30.67
24.33,-79.93,30.72
24.33,-79.91,30.74
24.33,-79.89,30.67
24.33,-79.87,30.79
24.33,-79.85,30.76
24.33,-79.83,30.74
24.33,-79.81,30.76
24.33,-79.79,30.82
24.33,-79.77,30.87
24.33,-79.75,30.97
24.33,-79.73,31.03
24.33,-79.71,31.22
24.33,-79.69,31.36
24.33,-79.67,31.34
24.33,-79.65,31.31
24.33,-79.63,31.4
24.33,-79.61,31.31
24.33,-77.47,30.48
24.33,-77.45,30.62
24.33,-77.43,30.57
24.33,-77.41,30.5
24.33,-77.39,30.47
24.33,-77.37,30.32
24.33,-77.35,30.29
24.33,-77.33,30.39
24.33,-77.29,30.44
24.33,-77.27,30.47
24.33,-76.35,29.87
24.33,-76.33,29.95
24.33,-76.31,30.06
24.33,-76.29,29.97
24.33,-76.27,29.94
24.33,-76.25,30.01
24.33,-76.23,30.08
24.33,-76.21,30.04
24.33,-76.19,30.0
24.33,-76.17,29.96
24.33,-76.15,29.93
24.31,-83.15,31.91
24.31,-83.13,31.89
24.31,-83.11,31.76
24.31,-83.09,31.67
24.31,-83.07,31.64
24.31,-83.05,31.6
24.31,-83.03,31.62
24.31,-83.01,31.59
24.31,-82.99,31.54
24.31,-82.97,31.59
24.31,-82.95,31.62
24.31,-82.93,31.61
24.31,-82.91,31.53
24.31,-82.89,31.5
24.31,-82.87,31.56
24.31,-82.85,31.53
24.31,-82.83,31.55
24.31,-82.81,31.57
24.31,-82.79,31.52
24.31,-82.77,31.43
24.31,-82.75,31.38
24.31,-82.73,31.34
24.31,-82.71,31.28
24.31,-82.69,31.24
24.31,-82.67,31.15
24.31,-82.65,31.1
24.31,-82.63,31.1
24.31,-82.61,31.17
24.31,-82.59,31.2
24.31,-82.57,31.15
24.31,-82.55,31.12
24.31,-82.53,31.03
24.31,-82.51,31.05
24.31,-82.49,31.11
24.31,-82.47,31.14
24.31,-82.45,31.19
24.31,-82.43,31.21
24.31,-82.41,31.24
24.31,-82.39,31.26
24.31,-82.37,31.25
24.31,-82.35,31.26
24.31,-82.33,31.28
24.31,-82.31,31.24
24.31,-82.29,31.2
24.31,-82.27,31.18
24.31,-82.25,31.16
24.31,-82.23,31.13
24.31,-82.21,31.12
24.31,-82.19,31.11
24.31,-82.17,31.15
24.31,-82.15,31.19
24.31,-82.13,31.3
24.31,-82.11,31.34
24.31,-82.09,31.22
24.31,-82.07,31.23
24.31,-82.05,31.19
24.31,-82.03,31.19
24.31,-82.01,31.2
24.31,-81.99,31.3
24.31,-81.97,31.29
24.31,-81.95,31.25
24.31,-81.93,31.23
24.31,-81.91,31.2
24.31,-81.89,31.23
24.31,-81.87,31.23
24.31,-81.85,31.27
24.31,-81.83,31.21
24.31,-81.81,31.18
24.31,-81.79,31.21
24.31,-81.77,31.24
24.31,-81.75,31.26
24.31,-81.73,31.25
24.31,-81.71,31.19
24.31,-81.69,31.19
24.31,-81.67,31.17
24.31,-81.65,31.15
24.31,-81.63,31.1
24.31,-81.61,31.07
24.31,-81.59,30.99
24.31,-81.57,30.96
24.31,-81.55,30.92
24.31,-81.53,30.97
24.31,-81.51,30.97
24.31,-81.49,31.04
24.31,-81.47,31.01
24.31,-81.45,30.91
24.31,-81.43,30.92
24.31,-81.41,30.97
24.31,-81.39,31.09
24.31,-81.37,31.24
24.31,-81.35,31.46
24.31,-81.33,31.51
24.31,-81.31,31.6
24.31,-81.29,31.67
24.31,-81.27,31.6
24.31,-81.25,31.54
24.31,-81.23,31.48
24.31,-81.21,31.5
24.31,-81.19,31.64
24.31,-81.17,31.65
24.31,-81.15,31.65
24.31,-81.13,31.71
24.31,-81.11,31.84
24.31,-81.09,31.95
24.31,-81.07,32.06
24.31,-81.05,32.19
24.31,-81.03,32.21
24.31,-81.01,32.23
24.31,-80.99,32.11
24.31,-80.97,32.05
24.31,-80.91,31.78
24.31,-80.89,31.85
24.31,-80.87,31.65
24.31,-80.85,31.75
24.31,-80.83,31.82
24.31,-80.81,31.78
24.31,-80.79,31.75
24.31,-80.77,31.57
24.31,-80.75,31.52
24.31,-80.73,31.54
24.31,-80.71,31.53
24.31,-80.69,31.54
24.31,-80.67,31.54
24.31,-80.65,31.47
24.31,-80.63,31.47
24.31,-80.61,31.41
24.31,-80.59,31.34
24.31,-80.57,31.11
24.31,-80.55,30.95
24.31,-80.53,30.96
24.31,-80.51,30.97
24.31,-80.49,30.96
24.31,-80.47,30.82
24.31,-80.45,30.79
24.31,-80.43,31.01
24.31,-80.41,30.92
24.31,-80.39,30.81
24.31,-80.37,30.77
24.31,-80.35,30.65
24.31,-80.33,30.61
24.31,-80.31,30.72
24.31,-80.29,30.77
24.31,-80.27,30.78
24.31,-80.25,30.87
24.31,-80.23,31.0
24.31,-80.21,31.05
24.31,-80.19,31.1
24.31,-80.17,31.11
24.31,-80.15,31.2
24.31,-80.13,31.15
24.31,-80.11,31.04
24.31,-80.09,31.04
24.31,-80.07,31.04
24.31,-80.05,31.05
24.31,-80.03,31.0
24.31,-80.01,30.93
24.31,-79.99,30.89
24.31,-79.97,30.6
24.31,-79.95,30.56
24.31,-79.93,30.59
24.31,-79.91,30.62
24.31,-79.89,30.6
24.31,-79.87,30.71
24.31,-79.85,30.75
24.31,-79.83,30.71
24.31,-79.81,30.78
24.31,-79.79,30.87
24.31,-79.77,30.91
24.31,-79.75,30.91
24.31,-79.73,30.91
24.31,-79.71,31.22
24.31,-79.69,31.35
24.31,-79.67,31.44
24.31,-79.65,31.42
24.31,-79.63,31.39
24.31,-79.61,31.28
24.31,-77.47,30.5
24.31,-77.45,30.63
24.31,-77.43,30.49
24.31,-77.41,30.45
24.31,-77.39,30.44
24.31,-77.37,30.43
24.31,-77.35,30.47
24.31,-77.33,30.29
24.31,-77.31,30.35
24.31,-77.29,30.47
24.31,-76.35,29.82
24.31,-76.33,29.85
24.31,-76.31,29.94
24.31,-76.29,29.97
24.31,-76.27,29.94
24.31,-76.25,29.98
24.31,-76.23,30.02
24.31,-76.21,30.05
24.31,-76.19,30.06
24.31,-76.17,30.03
24.31,-76.15,29.95
24.29,-83.15,31.87
24.29,-83.13,31.85
24.29,-83.11,31.69
24.29,-83.09,31.61
24.29,-83.07,31.6
24.29,-83.05,31.57
24.29,-83.03,31.6
24.29,-83.01,31.62
24.29,-82.99,31.56
24.29,-82.97,31.55
24.29,-82.95,31.57
24.29,-82.93,31.54
24.29,-82.91,31.49
24.29,-82.89,31.54
24.29,-82.87,31.57
24.29,-82.85,31.59
24.29,-82.83,31.6
24.29,-82.81,31.59
24.29,-82.79,31.54
24.29,-82.77,31.47
24.29,-82.75,31.42
24.29,-82.73,31.37
24.29,-82.71,31.35
24.29,-82.69,31.35
24.29,-82.67,31.34
24.29,-82.65,31.19
24.29,-82.63,31.07
24.29,-82.61,31.17
24.29,-82.59,31.28
24.29,-82.57,31.26
24.29,-82.55,31.22
24.29,-82.53,31.29
24.29,-82.51,31.3
24.29,-82.49,31.12
24.29,-82.47,31.12
24.29,-82.45,31.1
24.29,-82.43,31.12
24.29,-82.41,31.21
24.29,-82.39,31.22
24.29,-82.37,31.28
24.29,-82.35,31.26
24.29,-82.33,31.25
24.29,-82.31,31.25
24.29,-82.29,31.25
24.29,-82.27,31.2
24.29,-82.25,31.17
24.29,-82.23,31.19
24.29,-82.21,31.19
24.29,-82.19,31.18
24.29,-82.17,31.17
24.29,-82.15,31.14
24.29,-82.13,31.22
24.29,-82.11,31.36
24.29,-82.09,31.28
24.29,-82.07,31.21
24.29,-82.05,31.23
24.29,-82.03,31.22
24.29,-82.01,31.15
24.29,-81.99,31.23
24.29,-81.97,31.28
24.29,-81.95,31.25
24.29,-81.93,31.21
24.29,-81.91,31.2
24.29,-81.89,31.27
24.29,-81.87,31.28
24.29,-81.85,31.26
24.29,-81.83,31.26
24.29,-81.81,31.19
24.29,-81.79,31.23
24.29,-81.77,31.26
24.29,-81.75,31.28
24.29,-81.73,31.29
24.29,-81.71,31.25
24.29,-81.69,31.26
24.29,-81.67,31.26
24.29,-81.65,31.24
24.29,-81.63,31.19
24.29,-81.61,31.15
24.29,-81.59,31.06
24.29,-81.57,30.98
24.29,-81.55,30.88
24.29,-81.53,30.85
24.29,-81.51,30.96
24.29,-81.49,31.0
24.29,-81.47,31.01
24.29,-81.45,30.97
24.29,-81.43,30.97
24.29,-81.41,30.98
24.29,-81.39,31.1
24.29,-81.37,31.27
24.29,-81.35,31.47
24.29,-81.33,31.47
24.29,-81.31,31.66
24.29,-81.29,31.72
24.29,-81.27,31.68
24.29,-81.25,31.59
24.29,-81.23,31.59
24.29,-81.21,31.57
24.29,-81.19,31.64
24.29,-81.17,31.67
24.29,-81.15,31.74
24.29,-81.13,31.77
24.29,-81.11,31.86
24.29,-81.09,31.85
24.29,-81.07,31.95
24.29,-81.05,32.11
24.29,-81.03,32.17
24.29,-81.01,32.19
24.29,-80.99,32.03
24.29,-80.97,32.04
24.29,-80.93,31.81
24.29,-80.91,31.76
24.29,-80.89,31.81
24.29,-80.87,31.79
24.29,-80.85,31.81
24.29,-80.83,31.85
24.29,-80.81,31.77
24.29,-80.79,31.65
24.29,-80.77,31.58
24.29,-80.75,31.43
24.29,-80.73,31.41
24.29,-80.71,31.42
24.29,-80.69,31.43
24.29,-80.67,31.46
24.29,-80.65,31.4
24.29,-80.63,31.3
24.29,-80.61,31.37
24.29,-80.59,31.29
24.29,-80.57,31.07
24.29,-80.55,30.96
24.29,-80.53,30.96
24.29,-80.51,30.91
24.29,-80.49,30.87
24.29,-80.47,30.79
24.29,-80.45,30.74
24.29,-80.43,30.9
24.29,-80.41,30.87
24.29,-80.39,30.79
24.29,-80.37,30.79
24.29,-80.35,30.67
24.29,-80.33,30.64
24.29,-80.31,30.63
24.29,-80.27,30.81
24.29,-80.25,30.89
24.29,-80.23,31.02
24.29,-80.21,31.04
24.29,-80.19,31.08
24.29,-80.17,31.1
24.29,-80.15,31.09
24.29,-80.13,31.08
24.29,-80.11,30.92
24.29,-80.09,30.94
24.29,-80.07,31.02
24.29,-80.05,31.07
24.29,-80.03,30.97
24.29,-80.01,30.81
24.29,-79.99,30.81
24.29,-79.97,30.53
24.29,-79.95,30.45
24.29,-79.93,30.49
24.29,-79.91,30.54
24.29,-79.89,30.54
24.29,-79.87,30.64
24.29,-79.85,30.79
24.29,-79.83,30.74
24.29,-79.81,30.82
24.29,-79.79,30.88
24.29,-79.77,30.88
24.29,-79.75,30.9
24.29,-79.73,30.91
24.29,-79.71,31.05
24.29,-79.69,31.45
24.29,-79.67,31.57
24.29,-79.65,31.47
24.29,-79.63,31.34
24.29,-77.47,30.46
24.29,-77.45,30.57
24.29,-77.43,30.5
24.29,-77.41,30.41
24.29,-77.39,30.37
24.29,-77.37,30.42
24.29,-77.35,30.55
24.29,-77.33,30.39
24.29,-77.31,30.37
24.29,-77.29,30.5
24.29,-76.33,29.85
24.29,-76.31,29.9
24.29,-76.29,29.9
24.29,-76.27,29.89
24.29,-76.25,29.89
24.29,-76.23,29.89
24.29,-76.21,29.88
24.29,-76.19,29.97
24.29,-76.17,30.0
24.29,-76.15,29.93
24.27,-83.15,31.82
24.27,-83.13,31.76
24.27,-83.11,31.67
24.27,-83.09,31.59
24.27,-83.07,31.57
24.27,-83.05,31.57
24.27,-83.03,31.57
24.27,-83.01,31.58
24.27,-82.99,31.52
24.27,-82.97,31.51
24.27,-82.95,31.55
24.27,-82.93,31.52
24.27,-82.91,31.48
24.27,-82.89,31.54
24.27,-82.87,31.56
24.27,-82.85,31.56
24.27,-82.83,31.59
24.27,-82.81,31.65
24.27,-82.79,31.56
24.27,-82.77,31.51
24.27,-82.75,31.47
24.27,-82.73,31.38
24.27,-82.71,31.35
24.27,-82.69,31.39
24.27,-82.67,31.43
24.27,-82.65,31.34
24.27,-82.63,31.22
24.27,-82.61,31.21
24.27,-82.59,31.3
24.27,-82.57,31.33
24.27,-82.55,31.3
24.27,-82.53,31.31
24.27,-82.51,31.38
24.27,-82.49,31.37
24.27,-82.47,31.29
24.27,-82.45,31.26
24.27,-82.43,31.2
24.27,-82.41,31.18
24.27,-82.39,31.14
24.27,-82.37,31.22
24.27,-82.35,31.26
24.27,-82.33,31.3
24.27,-82.31,31.25
24.27,-82.29,31.28
24.27,-82.27,31.27
24.27,-82.25,31.21
24.27,-82.23,31.16
24.27,-82.21,31.14
24.27,-82.19,31.22
24.27,-82.17,31.3
24.27,-82.15,31.22
24.27,-82.13,31.21
24.27,-82.11,31.27
24.27,-82.09,31.22
24.27,-82.07,31.2
24.27,-82.05,31.22
24.27,-82.03,31.21
24.27,-82.01,31.14
24.27,-81.99,31.23
24.27,-81.97,31.25
24.27,-81.95,31.21
24.27,-81.93,31.16
24.27,-81.91,31.27
24.27,-81.89,31.28
24.27,-81.87,31.31
24.27,-81.85,31.31
24.27,-81.83,31.28
24.27,-81.81,31.25
24.27,-81.79,31.24
24.27,-81.77,31.27
24.27,-81.75,31.29
24.27,-81.73,31.28
24.27,-81.71,31.28
24.27,-81.69,31.28
24.27,-81.67,31.24
24.27,-81.65,31.24
24.27,-81.63,31.2
24.27,-81.61,31.1
24.27,-81.59,31.09
24.27,-81.57,30.98
24.27,-81.55,30.94
24.27,-81.53,30.92
24.27,-81.51,30.93
24.27,-81.49,30.94
24.27,-81.47,30.98
24.27,-81.45,30.96
24.27,-81.43,30.92
24.27,-81.41,30.98
24.27,-81.39,31.06
24.27,-81.37,31.19
24.27,-81.35,31.41
24.27,-81.33,31.6
24.27,-81.31,31.66
24.27,-81.29,31.69
24.27,-81.27,31.74
24.27,-81.25,31.68
24.27,-81.23,31.65
24.27,-81.21,31.67
24.27,-81.19,31.62
24.27,-81.17,31.67
24.27,-81.15,31.73
24.27,-81.13,31.79
24.27,-81.11,31.82
24.27,-81.09,31.83
24.27,-81.07,32.01
24.27,-81.05,32.07
24.27,-81.03,32.06
24.27,-81.01,32.12
24.27,-80.99,32.01
24.27,-80.93,31.74
24.27,-80.91,31.73
24.27,-80.89,31.9
24.27,-80.87,31.79
24.27,-80.85,31.79
24.27,-80.83,31.87
24.27,-80.81,31.71
24.27,-80.79,31.69
24.27,-80.75,31.46
24.27,-80.73,31.51
24.27,-80.71,31.31
24.27,-80.69,31.29
24.27,-80.67,31.33
24.27,-80.65,31.33
24.27,-80.63,31.25
24.27,-80.61,31.26
24.27,-80.59,31.16
24.27,-80.57,31.05
24.27,-80.55,31.01
24.27,-80.53,30.95
24.27,-80.51,30.89
24.27,-80.49,30.84
24.27,-80.47,30.75
24.27,-80.45,30.75
24.27,-80.43,30.85
24.27,-80.41,30.82
24.27,-80.39,30.74
24.27,-80.37,30.73
24.27,-80.35,30.78
24.27,-80.23,30.98
24.27,-80.21,31.05
24.27,-80.19,31.15
24.27,-80.17,31.05
24.27,-80.15,31.05
24.27,-80.13,31.05
24.27,-80.09,31.13
24.27,-80.07,31.05
24.27,-80.05,31.03
24.27,-80.03,30.81
24.27,-80.01,30.69
24.27,-79.99,30.54
24.27,-79.97,30.37
24.27,-79.95,30.32
24.27,-79.93,30.5
24.27,-79.91,30.52
24.27,-79.89,30.5
24.27,-79.87,30.6
24.27,-79.85,30.73
24.27,-79.83,30.82
24.27,-79.81,30.84
24.27,-79.79,30.84
24.27,-79.77,30.8
24.27,-79.75,30.92
24.27,-79.73,30.95
24.27,-79.71,31.03
24.27,-79.69,31.34
24.27,-79.67,31.75
24.27,-79.65,31.61
24.27,-79.63,31.3
24.27,-77.47,30.47
24.27,-77.45,30.5
24.27,-77.43,30.44
24.27,-77.41,30.34
24.27,-77.39,30.37
24.27,-77.37,30.42
24.27,-77.35,30.44
24.27,-77.33,30.38
24.27,-77.31,30.43
24.27,-77.29,30.47
24.27,-76.29,29.86
24.27,-76.27,29.84
24.27,-76.25,29.81
24.27,-76.23,29.79
24.27,-76.21,29.74
24.27,-76.19,29.81
24.27,-76.17,29.84
24.27,-76.15,29.75
24.25,-83.15,31.84
24.25,-83.13,31.8
24.25,-83.11,31.68
24.25,-83.09,31.59
24.25,-83.07,31.58
24.25,-83.05,31.6
24.25,-83.03,31.56
24.25,-83.01,31.51
24.25,-82.99,31.47
24.25,-82.97,31.51
24.25,-82.95,31.54
24.25,-82.93,31.49
24.25,-82.91,31.51
24.25,-82.89,31.5
24.25,-82.87,31.53
24.25,-82.85,31.54
24.25,-82.83,31.58
24.25,-82.81,31.65
24.25,-82.79,31.56
24.25,-82.77,31.52
24.25,-82.75,31.49
24.25,-82.73,31.38
24.25,-82.71,31.31
24.25,-82.69,31.37
24.25,-82.67,31.44
24.25,-82.65,31.4
24.25,-82.63,31.34
24.25,-82.61,31.32
24.25,-82.59,31.32
24.25,-82.57,31.34
24.25,-82.55,31.29
24.25,-82.53,31.31
24.25,-82.51,31.38
24.25,-82.49,31.4
24.25,-82.47,31.35
24.25,-82.45,31.32
24.25,-82.43,31.32
24.25,-82.41,31.27
24.25,-82.39,31.27
24.25,-82.37,31.27
24.25,-82.35,31.28
24.25,-82.33,31.28
24.25,-82.31,31.32
24.25,-82.29,31.25
24.25,-82.27,31.26
24.25,-82.25,31.19
24.25,-82.23,31.17
24.25,-82.21,31.13
24.25,-82.19,31.2
24.25,-82.17,31.25
24.25,-82.15,31.19
24.25,-82.13,31.18
24.25,-82.11,31.23
24.25,-82.09,31.23
24.25,-82.07,31.21
24.25,-82.05,31.17
24.25,-82.03,31.15
24.25,-82.01,31.11
24.25,-81.99,31.17
24.25,-81.97,31.2
24.25,-81.95,31.18
24.25,-81.93,31.17
24.25,-81.91,31.28
24.25,-81.89,31.3
24.25,-81.87,31.33
24.25,-81.85,31.35
24.25,-81.83,31.34
24.25,-81.81,31.3
24.25,-81.79,31.27
24.25,-81.77,31.32
24.25,-81.75,31.33
24.25,-81.73,31.36
24.25,-81.71,31.3
24.25,-81.69,31.27
24.25,-81.67,31.24
24.25,-81.65,31.22
24.25,-81.63,31.14
24.25,-81.61,30.98
24.25,-81.59,30.97
24.25,-81.57,31.05
24.25,-81.55,31.0
24.25,-81.53,30.95
24.25,-81.51,30.87
24.25,-81.49,30.89
24.25,-81.47,30.92
24.25,-81.45,30.92
24.25,-81.43,30.97
24.25,-81.41,31.01
24.25,-81.39,31.03
24.25,-81.37,31.03
24.25,-81.35,31.38
24.25,-81.33,31.57
24.25,-81.31,31.71
24.25,-81.29,31.75
24.25,-81.27,31.77
24.25,-81.25,31.72
24.25,-81.23,31.71
24.25,-81.21,31.7
24.25,-81.19,31.61
24.25,-81.17,31.64
24.25,-81.15,31.71
24.25,-81.13,31.83
24.25,-81.11,31.83
24.25,-81.09,31.83
24.25,-81.07,31.96
24.25,-81.05,32.09
24.25,-81.03,32.05
24.25,-81.01,32.06
24.25,-80.99,32.07
24.25,-80.97,31.45
24.25,-80.95,31.48
24.25,-80.93,31.64
24.25,-80.91,31.66
24.25,-80.89,31.87
24.25,-80.87,31.74
24.25,-80.85,31.73
24.25,-80.83,31.82
24.25,-80.81,31.73
24.25,-80.75,31.44
24.25,-80.73,31.32
24.25,-80.71,31.24
24.25,-80.69,31.24
24.25,-80.67,31.34
24.25,-80.65,31.36
24.25,-80.63,31.28
24.25,-80.61,31.15
24.25,-80.59,31.09
24.25,-80.57,31.01
24.25,-80.55,30.99
24.25,-80.53,30.94
24.25,-80.51,30.9
24.25,-80.49,30.84
24.25,-80.47,30.8
24.25,-80.45,30.78
24.25,-80.43,30.82
24.25,-80.41,30.81
24.25,-80.39,30.65
24.25,-80.37,30.64
24.25,-80.35,30.67
24.25,-80.23,30.9
24.25,-80.21,31.04
24.25,-80.19,31.04
24.25,-80.17,30.98
24.25,-80.15,31.03
24.25,-80.09,31.18
24.25,-80.07,31.14
24.25,-80.05,31.02
24.25,-80.03,30.7
24.25,-80.01,30.54
24.25,-79.99,30.32
24.25,-79.97,30.29
24.25,-79.95,30.29
24.25,-79.91,30.36
24.25,-79.89,30.41
24.25,-79.87,30.51
24.25,-79.85,30.52
24.25,-79.83,30.73
24.25,-79.81,30.89
24.25,-79.79,30.86
24.25,-79.77,30.79
24.25,-79.75,30.82
24.25,-79.73,30.95
24.25,-79.71,31.06
24.25,-79.69,31.23
24.25,-79.67,31.55
24.25,-79.65,31.44
24.25,-79.63,31.31
24.25,-77.45,30.43
24.25,-77.43,30.33
24.25,-77.41,30.3
24.25,-77.39,30.24
24.25,-77.37,30.39
24.25,-77.35,30.45
24.25,-77.33,30.43
24.25,-76.21,29.72
24.25,-76.19,29.73
24.25,-76.17,29.74
24.25,-76.15,29.69
24.23,-83.15,31.82
24.23,-83.13,31.79
24.23,-83.11,31.75
24.23,-83.09,31.72
24.23,-83.07,31.65
24.23,-83.05,31.63
24.23,-83.03,31.59
24.23,-83.01,31.56
24.23,-82.99,31.51
24.23,-82.97,31.53
24.23,-82.95,31.5
24.23,-82.93,31.45
24.23,-82.91,31.47
24.23,-82.89,31.46
24.23,-82.87,31.48
24.23,-82.85,31.5
24.23,-82.83,31.53
24.23,-82.81,31.59
24.23,-82.79,31.54
24.23,-82.77,31.51
24.23,-82.75,31.47
24.23,-82.73,31.39
24.23,-82.71,31.36
24.23,-82.69,31.38
24.23,-82.67,31.39
24.23,-82.65,31.35
24.23,-82.63,31.34
24.23,-82.61,31.35
24.23,-82.59,31.35
24.23,-82.57,31.34
24.23,-82.55,31.33
24.23,-82.53,31.38
24.23,-82.51,31.4
24.23,-82.49,31.32
24.23,-82.47,31.29
24.23,-82.45,31.33
24.23,-82.43,31.32
24.23,-82.41,31.3
24.23,-82.39,31.32
24.23,-82.37,31.32
24.23,-82.35,31.33
24.23,-82.33,31.36
24.23,-82.31,31.31
24.23,-82.29,31.26
24.23,-82.27,31.22
24.23,-82.25,31.17
24.23,-82.23,31.18
24.23,-82.21,31.24
24.23,-82.19,31.23
24.23,-82.17,31.22
24.23,-82.15,31.19
24.23,-82.13,31.15
24.23,-82.11,31.18
24.23,-82.09,31.19
24.23,-82.07,31.18
24.23,-82.05,31.1
24.23,-82.03,31.13
24.23,-82.01,31.15
24.23,-81.99,31.14
24.23,-81.97,31.2
24.23,-81.95,31.17
24.23,-81.93,31.18
24.23,-81.91,31.23
24.23,-81.89,31.3
24.23,-81.87,31.35
24.23,-81.85,31.36
24.23,-81.83,31.35
24.23,-81.81,31.35
24.23,-81.79,31.35
24.23,-81.77,31.35
24.23,-81.75,31.37
24.23,-81.73,31.35
24.23,-81.71,31.4
24.23,-81.69,31.33
24.23,-81.67,31.25
24.23,-81.65,31.19
24.23,-81.63,31.07
24.23,-81.61,30.95
24.23,-81.59,30.99
24.23,-81.57,31.09
24.23,-81.55,31.05
24.23,-81.53,30.96
24.23,-81.51,30.93
24.23,-81.49,30.89
24.23,-81.47,30.89
24.23,-81.45,30.88
24.23,-81.43,30.96
24.23,-81.41,31.09
24.23,-81.39,31.01
24.23,-81.37,31.06
24.23,-81.35,31.34
24.23,-81.33,31.52
24.23,-81.31,31.65
24.23,-81.29,31.67
24.23,-81.27,31.68
24.23,-81.25,31.69
24.23,-81.23,31.75
24.23,-81.21,31.77
24.23,-81.19,31.65
24.23,-81.17,31.65
24.23,-81.15,31.76
24.23,-81.13,31.82
24.23,-81.11,31.85
24.23,-81.09,31.83
24.23,-81.07,31.92
24.23,-81.05,32.0
24.23,-81.03,32.01
24.23,-81.01,32.01
24.23,-80.97,31.52
24.23,-80.95,31.45
24.23,-80.93,31.4
24.23,-80.91,31.55
24.23,-80.89,31.72
24.23,-80.87,31.79
24.23,-80.85,31.63
24.23,-80.83,31.58
24.23,-80.81,31.54
24.23,-80.75,31.34
24.23,-80.73,31.39
24.23,-80.71,31.29
24.23,-80.69,31.23
24.23,-80.67,31.28
24.23,-80.65,31.35
24.23,-80.63,31.28
24.23,-80.61,31.14
24.23,-80.59,31.08
24.23,-80.57,31.04
24.23,-80.55,30.97
24.23,-80.53,30.9
24.23,-80.51,30.86
24.23,-80.49,30.87
24.23,-80.47,30.82
24.23,-80.45,30.76
24.23,-80.43,30.79
24.23,-80.41,30.79
24.23,-80.39,30.65
24.23,-80.37,30.58
24.23,-80.25,30.89
24.23,-80.23,30.81
24.23,-80.21,30.84
24.23,-80.19,30.93
24.23,-80.17,30.88
24.23,-80.09,31.04
24.23,-80.07,30.98
24.23,-80.05,30.93
24.23,-80.03,30.51
24.23,-80.01,30.37
24.23,-79.99,30.25
24.23,-79.97,30.29
24.23,-79.95,30.3
24.23,-79.93,30.33
24.23,-79.91,30.25
24.23,-79.89,30.29
24.23,-79.87,30.44
24.23,-79.85,30.45
24.23,-79.83,30.61
24.23,-79.81,30.83
24.23,-79.79,30.82
24.23,-79.77,30.73
24.23,-79.75,30.8
24.23,-79.73,30.96
24.23,-79.71,31.06
24.23,-79.69,31.18
24.23,-79.67,31.27
24.23,-79.65,31.39
24.23,-79.63,31.25
24.23,-79.61,31.16
24.23,-77.47,30.41
24.23,-77.45,30.25
24.23,-77.43,30.24
24.23,-77.41,30.34
24.23,-77.39,30.24
24.23,-77.37,30.23
24.23,-77.35,30.4
24.23,-77.33,30.38
24.21,-83.15,31.77
24.21,-83.13,31.78
24.21,-83.11,31.74
24.21,-83.09,31.74
24.21,-83.07,31.74
24.21,-83.05,31.74
24.21,-83.03,31.68
24.21,-83.01,31.6
24.21,-82.99,31.58
24.21,-82.97,31.59
24.21,-82.95,31.55
24.21,-82.93,31.5
24.21,-82.91,31.45
24.21,-82.89,31.4
24.21,-82.87,31.43
24.21,-82.85,31.47
24.21,-82.83,31.49
24.21,-82.81,31.51
24.21,-82.79,31.49
24.21,-82.77,31.45
24.21,-82.75,31.44
24.21,-82.73,31.35
24.21,-82.71,31.31
24.21,-82.69,31.32
24.21,-82.67,31.33
24.21,-82.65,31.3
24.21,-82.63,31.33
24.21,-82.61,31.35
24.21,-82.59,31.37
24.21,-82.57,31.37
24.21,-82.55,31.39
24.21,-82.53,31.35
24.21,-82.51,31.38
24.21,-82.49,31.35
24.21,-82.47,31.31
24.21,-82.45,31.33
24.21,-82.43,31.3
24.21,-82.41,31.27
24.21,-82.39,31.26
24.21,-82.37,31.28
24.21,-82.35,31.32
24.21,-82.33,31.36
24.21,-82.31,31.34
24.21,-82.29,31.3
24.21,-82.27,31.25
24.21,-82.25,31.19
24.21,-82.23,31.19
24.21,-82.21,31.25
24.21,-82.19,31.24
24.21,-82.17,31.18
24.21,-82.15,31.22
24.21,-82.13,31.18
24.21,-82.11,31.11
24.21,-82.09,31.11
24.21,-82.07,31.19
24.21,-82.05,31.14
24.21,-82.03,31.14
24.21,-82.01,31.16
24.21,-81.99,31.14
24.21,-81.97,31.18
24.21,-81.95,31.19
24.21,-81.93,31.22
24.21,-81.91,31.28
24.21,-81.89,31.33
24.21,-81.87,31.36
24.21,-81.85,31.36
24.21,-81.83,31.36
24.21,-81.81,31.39
24.21,-81.79,31.43
24.21,-81.77,31.37
24.21,-81.75,31.35
24.21,-81.73,31.39
24.21,-81.71,31.44
24.21,-81.69,31.34
24.21,-81.67,31.24
24.21,-81.65,31.18
24.21,-81.63,31.03
24.21,-81.61,30.96
24.21,-81.59,31.0
24.21,-81.57,31.13
24.21,-81.55,31.09
24.21,-81.53,30.98
24.21,-81.51,30.94
24.21,-81.49,30.93
24.21,-81.47,30.92
24.21,-81.45,30.9
24.21,-81.43,30.94
24.21,-81.41,31.0
24.21,-81.39,31.04
24.21,-81.37,31.09
24.21,-81.35,31.31
24.21,-81.33,31.55
24.21,-81.31,31.62
24.21,-81.29,31.61
24.21,-81.27,31.63
24.21,-81.25,31.59
24.21,-81.23,31.7
24.21,-81.21,31.75
24.21,-81.19,31.7
24.21,-81.17,31.72
24.21,-81.15,31.75
24.21,-81.13,31.83
24.21,-81.11,31.86
24.21,-81.09,31.86
24.21,-81.07,31.94
24.21,-81.05,31.98
24.21,-81.03,31.92
24.21,-81.01,31.92
24.21,-80.95,31.36
24.21,-80.93,31.39
24.21,-80.91,31.52
24.21,-80.89,31.58
24.21,-80.87,31.61
24.21,-80.85,31.57
24.21,-80.83,31.54
24.21,-80.81,31.54
24.21,-80.77,31.36
24.21,-80.75,31.39
24.21,-80.73,31.44
24.21,-80.71,31.33
24.21,-80.69,31.27
24.21,-80.67,31.3
24.21,-80.65,31.31
24.21,-80.63,31.2
24.21,-80.61,31.07
24.21,-80.59,31.11
24.21,-80.57,31.1
24.21,-80.55,30.99
24.21,-80.53,30.92
24.21,-80.51,30.86
24.21,-80.49,30.85
24.21,-80.47,30.81
24.21,-80.45,30.75
24.21,-80.43,30.73
24.21,-80.41,30.7
24.21,-80.39,30.67
24.21,-80.37,30.61
24.21,-80.35,30.56
24.21,-80.25,30.89
24.21,-80.23,30.9
24.21,-80.21,30.84
24.21,-80.07,30.8
24.21,-80.05,30.78
24.21,-80.03,30.41
24.21,-80.01,30.38
24.21,-79.99,30.59
24.21,-79.97,30.41
24.21,-79.95,30.27
24.21,-79.93,30.29
24.21,-79.91,30.25
24.21,-79.89,30.29
24.21,-79.87,30.32
24.21,-79.85,30.38
24.21,-79.83,30.67
24.21,-79.81,30.75
24.21,-79.79,30.73
24.21,-79.77,30.7
24.21,-79.75,30.82
24.21,-79.73,30.93
24.21,-79.71,31.02
24.21,-79.69,30.95
24.21,-79.67,30.98
24.21,-79.65,31.13
24.21,-79.63,31.09
24.21,-77.43,30.32
24.21,-77.41,30.41
24.21,-77.39,30.26
24.21,-77.37,30.22
24.21,-77.35,30.32
24.21,-77.33,30.33
24.19,-83.15,31.74
24.19,-83.13,31.73
24.19,-83.11,31.72
24.19,-83.09,31.74
24.19,-83.07,31.76
24.19,-83.05,31.77
24.19,-83.03,31.71
24.19,-83.01,31.66
24.19,-82.99,31.68
24.19,-82.97,31.68
24.19,-82.95,31.62
24.19,-82.93,31.57
24.19,-82.91,31.49
24.19,-82.89,31.47
24.19,-82.87,31.44
24.19,-82.85,31.46
24.19,-82.83,31.45
24.19,-82.81,31.39
24.19,-82.79,31.4
24.19,-82.77,31.45
24.19,-82.75,31.39
24.19,-82.73,31.33
24.19,-82.71,31.34
24.19,-82.69,31.32
24.19,-82.67,31.23
24.19,-82.65,31.17
24.19,-82.63,31.12
24.19,-82.61,31.21
24.19,-82.59,31.31
24.19,-82.57,31.33
24.19,-82.55,31.4
24.19,-82.53,31.37
24.19,-82.51,31.35
24.19,-82.49,31.34
24.19,-82.47,31.32
24.19,-82.45,31.31
24.19,-82.43,31.31
24.19,-82.41,31.29
24.19,-82.39,31.29
24.19,-82.37,31.23
24.19,-82.35,31.27
24.19,-82.33,31.31
24.19,-82.31,31.32
24.19,-82.29,31.3
24.19,-82.27,31.25
24.19,-82.25,31.21
24.19,-82.23,31.22
24.19,-82.21,31.25
24.19,-82.19,31.29
24.19,-82.17,31.16
24.19,-82.15,31.19
24.19,-82.13,31.22
24.19,-82.11,31.19
24.19,-82.09,31.13
24.19,-82.07,31.12
24.19,-82.05,31.19
24.19,-82.03,31.19
24.19,-82.01,31.14
24.19,-81.99,31.14
24.19,-81.97,31.2
24.19,-81.95,31.22
24.19,-81.93,31.24
24.19,-81.91,31.3
24.19,-81.89,31.31
24.19,-81.87,31.34
24.19,-81.85,31.36
24.19,-81.83,31.37
24.19,-81.81,31.39
24.19,-81.79,31.43
24.19,-81.77,31.33
24.19,-81.75,31.34
24.19,-81.73,31.42
24.19,-81.71,31.47
24.19,-81.69,31.34
24.19,-81.67,31.23
24.19,-81.65,31.11
24.19,-81.63,31.09
24.19,-81.61,31.09
24.19,-81.59,31.14
24.19,-81.57,31.14
24.19,-81.55,31.11
24.19,-81.53,31.04
24.19,-81.51,30.99
24.19,-81.49,30.97
24.19,-81.47,30.94
24.19,-81.45,30.94
24.19,-81.43,30.89
24.19,-81.41,30.92
24.19,-81.39,31.03
24.19,-81.37,31.07
24.19,-81.35,31.2
24.19,-81.33,31.43
24.19,-81.31,31.59
24.19,-81.29,31.63
24.19,-81.27,31.61
24.19,-81.25,31.59
24.19,-81.23,31.66
24.19,-81.21,31.74
24.19,-81.19,31.75
24.19,-81.17,31.71
24.19,-81.15,31.77
24.19,-81.13,31.84
24.19,-81.11,31.9
24.19,-81.09,31.89
24.19,-81.07,31.88
24.19,-81.05,31.93
24.19,-81.03,31.91
24.19,-81.01,31.88
24.19,-80.95,31.61
24.19,-80.93,31.58
24.19,-80.91,31.55
24.19,-80.89,31.54
24.19,-80.87,31.52
24.19,-80.85,31.45
24.19,-80.83,31.32
24.19,-80.81,31.47
24.19,-80.77,31.39
24.19,-80.75,31.36
24.19,-80.73,31.36
24.19,-80.71,31.31
24.19,-80.69,31.26
24.19,-80.67,31.29
24.19,-80.65,31.29
24.19,-80.63,31.25
24.19,-80.61,31.1
24.19,-80.59,31.11
24.19,-80.57,31.1
24.19,-80.55,31.01
24.19,-80.53,30.93
24.19,-80.51,30.88
24.19,-80.49,30.86
24.19,-80.47,30.8
24.19,-80.45,30.76
24.19,-80.43,30.75
24.19,-80.41,30.68
24.19,-80.39,30.69
24.19,-80.37,30.69
24.19,-80.35,30.58
24.19,-80.25,30.87
24.19,-80.23,30.94
24.19,-80.21,30.89
24.19,-80.01,30.79
24.19,-79.99,30.57
24.19,-79.97,30.45
24.19,-79.91,30.24
24.19,-79.89,30.25
24.19,-79.87,30.26
24.19,-79.85,30.31
24.19,-79.83,30.56
24.19,-79.81,30.68
24.19,-79.79,30.71
24.19,-79.77,30.74
24.19,-79.75,30.84
24.19,-79.73,30.91
24.19,-79.71,30.88
24.19,-79.69,30.87
24.19,-79.67,30.86
24.19,-79.65,30.91
24.19,-77.43,30.36
24.19,-77.41,30.37
24.19,-77.39,30.28
24.19,-77.29,30.53
24.19,-77.27,30.55
24.19,-77.19,30.65
24.17,-83.15,31.67
24.17,-83.13,31.69
24.17,-83.11,31.68
24.17,-83.09,31.72
24.17,-83.07,31.74
24.17,-83.05,31.75
24.17,-83.03,31.71
24.17,-83.01,31.69
24.17,-82.99,31.69
24.17,-82.97,31.7
24.17,-82.95,31.68
24.17,-82.93,31.63
24.17,-82.91,31.55
24.17,-82.89,31.48
24.17,-82.87,31.45
24.17,-82.85,31.48
24.17,-82.83,31.42
24.17,-82.81,31.38
24.17,-82.79,31.42
24.17,-82.77,31.48
24.17,-82.75,31.42
24.17,-82.73,31.35
24.17,-82.71,31.33
24.17,-82.69,31.31
24.17,-82.67,31.22
24.17,-82.65,31.12
24.17,-82.63,31.09
24.17,-82.61,31.12
24.17,-82.59,31.2
24.17,-82.57,31.27
24.17,-82.55,31.3
24.17,-82.53,31.33
24.17,-82.51,31.32
24.17,-82.49,31.29
24.17,-82.47,31.27
24.17,-82.45,31.3
24.17,-82.43,31.33
24.17,-82.41,31.31
24.17,-82.39,31.27
24.17,-82.37,31.2
24.17,-82.35,31.24
24.17,-82.33,31.29
24.17,-82.31,31.28
24.17,-82.29,31.28
24.17,-82.27,31.25
24.17,-82.25,31.24
24.17,-82.23,31.2
24.17,-82.21,31.22
24.17,-82.19,31.25
24.17,-82.17,31.19
24.17,-82.15,31.23
24.17,-82.13,31.26
24.17,-82.11,31.26
24.17,-82.09,31.16
24.17,-82.07,31.13
24.17,-82.05,31.21
24.17,-82.03,31.24
24.17,-82.01,31.15
24.17,-81.99,31.21
24.17,-81.97,31.23
24.17,-81.95,31.23
24.17,-81.93,31.25
24.17,-81.91,31.31
24.17,-81.89,31.33
24.17,-81.87,31.33
24.17,-81.85,31.34
24.17,-81.83,31.37
24.17,-81.81,31.39
24.17,-81.79,31.39
24.17,-81.77,31.33
24.17,-81.75,31.37
24.17,-81.73,31.41
24.17,-81.71,31.41
24.17,-81.69,31.33
24.17,-81.67,31.3
24.17,-81.65,31.19
24.17,-81.63,31.1
24.17,-81.61,31.11
24.17,-81.59,31.14
24.17,-81.57,31.15
24.17,-81.55,31.11
24.17,-81.53,31.04
24.17,-81.51,31.02
24.17,-81.49,31.01
24.17,-81.47,30.96
24.17,-81.45,30.95
24.17,-81.43,30.93
24.17,-81.41,30.93
24.17,-81.39,30.96
24.17,-81.37,30.97
24.17,-81.35,31.06
24.17,-81.33,31.22
24.17,-81.31,31.47
24.17,-81.29,31.6
24.17,-81.27,31.64
24.17,-81.25,31.67
24.17,-81.23,31.7
24.17,-81.21,31.78
24.17,-81.19,31.77
24.17,-81.17,31.71
24.17,-81.15,31.71
24.17,-81.13,31.87
24.17,-81.11,31.91
24.17,-81.09,31.87
24.17,-81.07,31.84
24.17,-81.05,31.82
24.17,-81.03,31.94
24.17,-81.01,31.93
24.17,-80.99,31.79
24.17,-80.97,31.69
24.17,-80.95,31.67
24.17,-80.93,31.63
24.17,-80.91,31.61
24.17,-80.89,31.52
24.17,-80.87,31.43
24.17,-80.85,31.34
24.17,-80.83,31.22
24.17,-80.81,31.22
24.17,-80.77,31.37
24.17,-80.75,31.4
24.17,-80.73,31.27
24.17,-80.71,31.27
24.17,-80.69,31.24
24.17,-80.67,31.28
24.17,-80.65,31.3
24.17,-80.63,31.29
24.17,-80.61,31.17
24.17,-80.59,31.13
24.17,-80.57,31.08
24.17,-80.55,31.03
24.17,-80.53,30.92
24.17,-80.51,30.89
24.17,-80.49,30.88
24.17,-80.47,30.83
24.17,-80.45,30.77
24.17,-80.43,30.73
24.17,-80.41,30.71
24.17,-80.39,30.68
24.17,-80.37,30.74
24.17,-80.35,30.65
24.17,-79.99,30.46
24.17,-79.91,30.24
24.17,-79.89,30.26
24.17,-79.85,30.35
24.17,-79.83,30.43
24.17,-79.81,30.64
24.17,-79.79,30.67
24.17,-79.77,30.72
24.17,-79.75,30.79
24.17,-79.73,30.85
24.17,-79.71,30.78
24.17,-79.69,30.73
24.17,-79.67,30.79
24.17,-79.65,30.83
24.17,-79.63,30.87
24.17,-77.43,30.35
24.17,-77.41,30.31
24.17,-77.39,30.24
24.17,-77.37,30.24
24.17,-77.29,30.5
24.17,-77.27,30.56
24.15,-83.15,31.59
24.15,-83.13,31.61
24.15,-83.11,31.64
24.15,-83.09,31.68
24.15,-83.07,31.66
24.15,-83.05,31.63
24.15,-83.03,31.66
24.15,-83.01,31.67
24.15,-82.99,31.71
24.15,-82.97,31.71
24.15,-82.95,31.67
24.15,-82.93,31.67
24.15,-82.91,31.66
24.15,-82.89,31.57
24.15,-82.87,31.5
24.15,-82.85,31.43
24.15,-82.83,31.4
24.15,-82.81,31.37
24.15,-82.79,31.41
24.15,-82.77,31.48
24.15,-82.75,31.45
24.15,-82.73,31.39
24.15,-82.71,31.33
24.15,-82.69,31.29
24.15,-82.67,31.25
24.15,-82.65,31.18
24.15,-82.63,31.07
24.15,-82.61,31.1
24.15,-82.59,31.12
24.15,-82.57,31.2
24.15,-82.55,31.22
24.15,-82.53,31.23
24.15,-82.51,31.23
24.15,-82.49,31.23
24.15,-82.47,31.2
24.15,-82.45,31.27
24.15,-82.43,31.34
24.15,-82.41,31.3
24.15,-82.39,31.25
24.15,-82.37,31.19
24.15,-82.35,31.18
24.15,-82.33,31.23
24.15,-82.31,31.18
24.15,-82.29,31.25
24.15,-82.27,31.25
24.15,-82.25,31.23
24.15,-82.23,31.19
24.15,-82.21,31.2
24.15,-82.19,31.24
24.15,-82.17,31.28
24.15,-82.15,31.31
24.15,-82.13,31.31
24.15,-82.11,31.29
24.15,-82.09,31.23
24.15,-82.07,31.19
24.15,-82.05,31.21
24.15,-82.03,31.26
24.15,-82.01,31.24
24.15,-81.99,31.28
24.15,-81.97,31.3
24.15,-81.95,31.25
24.15,-81.93,31.23
24.15,-81.91,31.28
24.15,-81.89,31.3
24.15,-81.87,31.35
24.15,-81.85,31.31
24.15,-81.83,31.33
24.15,-81.81,31.42
24.15,-81.79,31.39
24.15,-81.77,31.33
24.15,-81.75,31.35
24.15,-81.73,31.4
24.15,-81.71,31.36
24.15,-81.69,31.35
24.15,-81.67,31.35
24.15,-81.65,31.23
24.15,-81.63,31.18
24.15,-81.61,31.14
24.15,-81.59,31.09
24.15,-81.57,31.07
24.15,-81.55,31.02
24.15,-81.53,30.94
24.15,-81.51,31.01
24.15,-81.49,30.95
24.15,-81.47,30.94
24.15,-81.45,30.95
24.15,-81.43,30.93
24.15,-81.41,30.95
24.15,-81.39,30.97
24.15,-81.37,30.93
24.15,-81.35,30.81
24.15,-81.33,31.04
24.15,-81.31,31.29
24.15,-81.29,31.46
24.15,-81.27,31.57
24.15,-81.25,31.68
24.15,-81.23,31.74
24.15,-81.21,31.78
24.15,-81.19,31.76
24.15,-81.17,31.75
24.15,-81.15,31.75
24.15,-81.13,31.81
24.15,-81.11,31.9
24.15,-81.09,31.86
24.15,-81.07,31.77
24.15,-81.05,31.74
24.15,-81.03,31.85
24.15,-81.01,31.85
24.15,-80.99,31.66
24.15,-80.97,31.73
24.15,-80.95,31.69
24.15,-80.93,31.67
24.15,-80.91,31.57
24.15,-80.89,31.52
24.15,-80.87,31.48
24.15,-80.85,31.38
24.15,-80.83,31.23
24.15,-80.81,31.15
24.15,-80.77,31.37
24.15,-80.75,31.45
24.15,-80.73,31.35
24.15,-80.71,31.26
24.15,-80.69,31.25
24.15,-80.67,31.34
24.15,-80.65,31.39
24.15,-80.63,31.36
24.15,-80.61,31.27
24.15,-80.59,31.19
24.15,-80.57,31.11
24.15,-80.55,31.06
24.15,-80.53,30.91
24.15,-80.51,30.89
24.15,-80.49,30.93
24.15,-80.47,30.89
24.15,-80.45,30.79
24.15,-80.43,30.74
24.15,-80.41,30.73
24.15,-80.39,30.71
24.15,-80.37,30.75
24.15,-80.35,30.73
24.15,-80.31,30.67
24.15,-80.29,30.67
24.15,-80.27,30.7
24.15,-79.89,30.3
24.15,-79.87,30.31
24.15,-79.85,30.28
24.15,-79.83,30.42
24.15,-79.81,30.6
24.15,-79.79,30.66
24.15,-79.77,30.66
24.15,-79.75,30.66
24.15,-79.73,30.69
24.15,-79.71,30.69
24.15,-79.69,30.71
24.15,-79.67,30.78
24.15,-79.65,30.78
24.15,-79.63,31.06
24.15,-77.43,30.34
24.15,-77.41,30.31
24.15,-77.39,30.31
24.15,-77.37,30.26
24.15,-77.35,30.28
24.15,-77.33,30.24
24.15,-77.31,30.46
24.15,-77.29,30.49
24.15,-77.27,30.54
24.13,-83.15,31.52
24.13,-83.13,31.56
24.13,-83.11,31.63
24.13,-83.09,31.6
24.13,-83.07,31.53
24.13,-83.05,31.55
24.13,-83.03,31.58
24.13,-83.01,31.6
24.13,-82.99,31.6
24.13,-82.97,31.63
24.13,-82.95,31.66
24.13,-82.93,31.68
24.13,-82.91,31.67
24.13,-82.89,31.64
24.13,-82.87,31.59
24.13,-82.85,31.46
24.13,-82.83,31.43
24.13,-82.81,31.4
24.13,-82.79,31.41
24.13,-82.77,31.42
24.13,-82.75,31.4
24.13,-82.73,31.35
24.13,-82.71,31.33
24.13,-82.69,31.36
24.13,-82.67,31.3
24.13,-82.65,31.26
24.13,-82.63,31.15
24.13,-82.61,31.07
24.13,-82.59,31.03
24.13,-82.57,31.18
24.13,-82.55,31.21
24.13,-82.53,31.23
24.13,-82.51,31.17
24.13,-82.49,31.14
24.13,-82.47,31.19
24.13,-82.45,31.29
24.13,-82.43,31.32
24.13,-82.41,31.28
24.13,-82.39,31.23
24.13,-82.37,31.25
24.13,-82.35,31.18
24.13,-82.33,31.16
24.13,-82.31,31.15
24.13,-82.29,31.22
24.13,-82.27,31.26
24.13,-82.25,31.25
24.13,-82.23,31.2
24.13,-82.21,31.13
24.13,-82.19,31.26
24.13,-82.17,31.32
24.13,-82.15,31.39
24.13,-82.13,31.32
24.13,-82.11,31.27
24.13,-82.09,31.22
24.13,-82.07,31.26
24.13,-82.05,31.25
24.13,-82.03,31.26
24.13,-82.01,31.28
24.13,-81.99,31.29
24.13,-81.97,31.33
24.13,-81.95,31.26
24.13,-81.93,31.23
24.13,-81.91,31.26
24.13,-81.89,31.27
24.13,-81.87,31.24
24.13,-81.85,31.28
24.13,-81.83,31.3
24.13,-81.81,31.33
24.13,-81.79,31.38
24.13,-81.77,31.34
24.13,-81.75,31.32
24.13,-81.73,31.4
24.13,-81.71,31.34
24.13,-81.69,31.29
24.13,-81.67,31.31
24.13,-81.65,31.24
24.13,-81.63,31.2
24.13,-81.61,31.1
24.13,-81.59,31.02
24.13,-81.57,30.96
24.13,-81.55,30.85
24.13,-81.53,30.76
24.13,-81.51,30.73
24.13,-81.49,30.83
24.13,-81.47,30.87
24.13,-81.45,30.84
24.13,-81.43,30.85
24.13,-81.41,30.86
24.13,-81.39,30.88
24.13,-81.37,30.77
24.13,-81.35,30.66
24.13,-81.33,30.71
24.13,-81.31,31.09
24.13,-81.29,31.37
24.13,-81.27,31.49
24.13,-81.25,31.61
24.13,-81.23,31.73
24.13,-81.21,31.75
24.13,-81.19,31.8
24.13,-81.17,31.74
24.13,-81.15,31.75
24.13,-81.13,31.76
24.13,-81.11,31.78
24.13,-81.09,31.73
24.13,-81.07,31.7
24.13,-81.05,31.72
24.13,-81.03,31.74
24.13,-81.01,31.81
24.13,-80.99,31.76
24.13,-80.97,31.72
24.13,-80.95,31.66
24.13,-80.93,31.67
24.13,-80.91,31.6
24.13,-80.89,31.54
24.13,-80.87,31.46
24.13,-80.85,31.45
24.13,-80.83,31.35
24.13,-80.77,31.35
24.13,-80.75,31.45
24.13,-80.73,31.33
24.13,-80.71,31.24
24.13,-80.69,31.27
24.13,-80.67,31.36
24.13,-80.65,31.44
24.13,-80.63,31.4
24.13,-80.61,31.35
24.13,-80.59,31.3
24.13,-80.57,31.22
24.13,-80.55,31.09
24.13,-80.53,30.95
24.13,-80.51,30.95
24.13,-80.49,30.92
24.13,-80.47,30.87
24.13,-80.45,30.82
24.13,-80.43,30.78
24.13,-80.41,30.71
24.13,-80.39,30.73
24.13,-80.37,30.72
24.13,-80.35,30.57
24.13,-80.31,30.68
24.13,-80.29,30.63
24.13,-80.27,30.61
24.13,-80.25,30.36
24.13,-80.15,30.73
24.13,-80.13,30.71
24.13,-79.87,30.32
24.13,-79.85,30.3
24.13,-79.83,30.37
24.13,-79.81,30.61
24.13,-79.79,30.66
24.13,-79.77,30.59
24.13,-79.75,30.49
24.13,-79.73,30.46
24.13,-79.71,30.58
24.13,-79.69,30.66
24.13,-79.67,30.67
24.13,-79.65,30.7
24.13,-79.63,31.17
24.13,-79.61,31.14
24.13,-77.43,30.22
24.13,-77.41,30.27
24.13,-77.39,30.33
24.13,-77.37,30.29
24.13,-77.35,30.26
24.13,-77.33,30.28
24.13,-77.31,30.3
24.13,-77.29,30.43
24.11,-83.15,31.53
24.11,-83.13,31.53
24.11,-83.11,31.56
24.11,-83.09,31.52
24.11,-83.07,31.47
24.11,-83.05,31.5
24.11,-83.03,31.55
24.11,-83.01,31.53
24.11,-82.99,31.5
24.11,-82.97,31.5
24.11,-82.95,31.61
24.11,-82.93,31.63
24.11,-82.91,31.64
24.11,-82.89,31.6
24.11,-82.87,31.56
24.11,-82.85,31.54
24.11,-82.83,31.5
24.11,-82.81,31.39
24.11,-82.79,31.37
24.11,-82.77,31.34
24.11,-82.75,31.35
24.11,-82.73,31.33
24.11,-82.71,31.35
24.11,-82.69,31.34
24.11,-82.67,31.34
24.11,-82.65,31.3
24.11,-82.63,31.24
24.11,-82.61,31.18
24.11,-82.59,31.04
24.11,-82.57,31.05
24.11,-82.55,31.17
24.11,-82.53,31.25
24.11,-82.51,31.21
24.11,-82.49,31.13
24.11,-82.47,31.21
24.11,-82.45,31.3
24.11,-82.43,31.33
24.11,-82.41,31.31
24.11,-82.39,31.24
24.11,-82.37,31.14
24.11,-82.35,31.18
24.11,-82.33,31.23
24.11,-82.31,31.28
24.11,-82.29,31.11
24.11,-82.27,31.18
24.11,-82.25,31.28
24.11,-82.23,31.25
24.11,-82.21,31.23
24.11,-82.19,31.29
24.11,-82.17,31.31
24.11,-82.15,31.4
24.11,-82.13,31.37
24.11,-82.11,31.34
24.11,-82.09,31.24
24.11,-82.07,31.24
24.11,-82.05,31.27
24.11,-82.03,31.24
24.11,-82.01,31.25
24.11,-81.99,31.29
24.11,-81.97,31.31
24.11,-81.95,31.3
24.11,-81.93,31.23
24.11,-81.91,31.24
24.11,-81.89,31.22
24.11,-81.87,31.19
24.11,-81.85,31.23
24.11,-81.83,31.3
24.11,-81.81,31.29
24.11,-81.79,31.3
24.11,-81.77,31.33
24.11,-81.75,31.32
24.11,-81.73,31.28
24.11,-81.71,31.24
24.11,-81.69,31.16
24.11,-81.67,31.11
24.11,-81.65,31.08
24.11,-81.63,31.1
24.11,-81.61,30.99
24.11,-81.59,30.86
24.11,-81.57,30.88
24.11,-81.55,30.89
24.11,-81.53,30.83
24.11,-81.51,30.53
24.11,-81.49,30.66
24.11,-81.47,30.85
24.11,-81.45,30.82
24.11,-81.43,30.77
24.11,-81.41,30.81
24.11,-81.39,30.82
24.11,-81.37,30.79
24.11,-81.35,30.65
24.11,-81.33,30.66
24.11,-81.31,30.96
24.11,-81.29,31.31
24.11,-81.27,31.39
24.11,-81.25,31.53
24.11,-81.23,31.63
24.11,-81.21,31.71
24.11,-81.19,31.71
24.11,-81.17,31.69
24.11,-81.15,31.72
24.11,-81.13,31.76
24.11,-81.11,31.78
24.11,-81.09,31.69
24.11,-81.07,31.63
24.11,-81.05,31.64
24.11,-81.03,31.72
24.11,-81.01,31.75
24.11,-80.99,31.72
24.11,-80.97,31.64
24.11,-80.95,31.62
24.11,-80.93,31.64
24.11,-80.91,31.55
24.11,-80.89,31.56
24.11,-80.87,31.45
24.11,-80.85,31.39
24.11,-80.81,31.1
24.11,-80.79,31.15
24.11,-80.77,31.24
24.11,-80.75,31.31
24.11,-80.73,31.3
24.11,-80.71,31.22
24.11,-80.69,31.29
24.11,-80.67,31.38
24.11,-80.65,31.51
24.11,-80.63,31.49
24.11,-80.61,31.39
24.11,-80.59,31.39
24.11,-80.57,31.27
24.11,-80.55,31.17
24.11,-80.53,30.94
24.11,-80.51,30.97
24.11,-80.49,30.97
24.11,-80.47,30.92
24.11,-80.45,30.84
24.11,-80.43,30.77
24.11,-80.41,30.72
24.11,-80.39,30.69
24.11,-80.37,30.67
24.11,-80.35,30.47
24.11,-80.33,30.44
24.11,-80.31,30.42
24.11,-80.29,30.46
24.11,-80.27,30.37
24.11,-80.25,30.37
24.11,-80.23,30.38
24.11,-80.13,30.6
24.11,-80.11,30.6
24.11,-80.09,30.62
24.11,-80.05,31.26
24.11,-79.91,30.56
24.11,-79.87,30.37
24.11,-79.85,30.41
24.11,-79.83,30.43
24.11,-79.81,30.58
24.11,-79.79,30.77
24.11,-79.77,30.64
24.11,-79.75,30.45
24.11,-79.73,30.38
24.11,-79.71,30.35
24.11,-79.69,30.45
24.11,-79.67,30.53
24.11,-79.65,30.57
24.11,-79.63,30.69
24.11,-79.61,31.03
24.11,-77.41,30.22
24.11,-77.39,30.22
24.11,-77.37,30.24
24.11,-77.33,30.27
24.11,-77.31,30.26
24.11,-77.29,30.39
24.11,-77.27,30.42
24.09,-83.15,31.57
24.09,-83.13,31.5
24.09,-83.11,31.51
24.09,-83.09,31.46
24.09,-83.07,31.46
24.09,-83.05,31.49
24.09,-83.03,31.45
24.09,-83.01,31.45
24.09,-82.99,31.39
24.09,-82.97,31.41
24.09,-82.95,31.43
24.09,-82.93,31.52
24.09,-82.91,31.54
24.09,-82.89,31.52
24.09,-82.87,31.49
24.09,-82.85,31.52
24.09,-82.83,31.51
24.09,-82.81,31.46
24.09,-82.79,31.39
24.09,-82.77,31.32
24.09,-82.75,31.35
24.09,-82.73,31.32
24.09,-82.71,31.31
24.09,-82.69,31.27
24.09,-82.67,31.27
24.09,-82.65,31.27
24.09,-82.63,31.26
24.09,-82.61,31.25
24.09,-82.59,31.24
24.09,-82.57,31.18
24.09,-82.55,31.15
24.09,-82.53,31.19
24.09,-82.51,31.19
24.09,-82.49,31.15
24.09,-82.47,31.24
24.09,-82.45,31.31
24.09,-82.43,31.33
24.09,-82.41,31.31
24.09,-82.39,31.23
24.09,-82.37,31.18
24.09,-82.35,31.15
24.09,-82.33,31.23
24.09,-82.31,31.24
24.09,-82.29,31.25
24.09,-82.27,31.15
24.09,-82.25,31.22
24.09,-82.23,31.22
24.09,-82.21,31.3
24.09,-82.19,31.31
24.09,-82.17,31.29
24.09,-82.15,31.34
24.09,-82.13,31.38
24.09,-82.11,31.37
24.09,-82.09,31.33
24.09,-82.07,31.29
24.09,-82.05,31.28
24.09,-82.03,31.28
24.09,-82.01,31.24
24.09,-81.99,31.26
24.09,-81.97,31.29
24.09,-81.95,31.29
24.09,-81.93,31.22
24.09,-81.91,31.17
24.09,-81.89,31.2
24.09,-81.87,31.17
24.09,-81.85,31.25
24.09,-81.83,31.32
24.09,-81.81,31.3
24.09,-81.79,31.31
24.09,-81.77,31.34
24.09,-81.75,31.31
24.09,-81.73,31.25
24.09,-81.71,31.21
24.09,-81.69,31.16
24.09,-81.67,31.1
24.09,-81.65,31.01
24.09,-81.63,31.02
24.09,-81.61,30.98
24.09,-81.59,30.95
24.09,-81.57,30.92
24.09,-81.55,30.93
24.09,-81.53,30.75
24.09,-81.51,30.37
24.09,-81.49,30.65
24.09,-81.47,30.8
24.09,-81.45,30.8
24.09,-81.43,30.76
24.09,-81.41,30.81
24.09,-81.39,30.89
24.09,-81.37,30.88
24.09,-81.35,30.84
24.09,-81.33,30.79
24.09,-81.31,31.01
24.09,-81.29,31.22
24.09,-81.27,31.3
24.09,-81.25,31.43
24.09,-81.23,31.56
24.09,-81.21,31.61
24.09,-81.19,31.62
24.09,-81.17,31.61
24.09,-81.15,31.64
24.09,-81.13,31.72
24.09,-81.11,31.75
24.09,-81.09,31.68
24.09,-81.07,31.61
24.09,-81.05,31.62
24.09,-81.03,31.65
24.09,-81.01,31.71
24.09,-80.99,31.63
24.09,-80.97,31.53
24.09,-80.95,31.54
24.09,-80.93,31.59
24.09,-80.91,31.58
24.09,-80.89,31.57
24.09,-80.87,31.51
24.09,-80.85,31.32
24.09,-80.79,31.12
24.09,-80.77,31.12
24.09,-80.75,31.22
24.09,-80.73,31.22
24.09,-80.71,31.15
24.09,-80.69,31.3
24.09,-80.67,31.46
24.09,-80.65,31.54
24.09,-80.63,31.56
24.09,-80.61,31.4
24.09,-80.59,31.33
24.09,-80.57,31.27
24.09,-80.55,31.24
24.09,-80.53,31.1
24.09,-80.51,30.96
24.09,-80.49,31.0
24.09,-80.47,30.97
24.09,-80.45,30.86
24.09,-80.43,30.77
24.09,-80.41,30.77
24.09,-80.39,30.73
24.09,-80.37,30.67
24.09,-80.35,30.56
24.09,-80.33,30.52
24.09,-80.31,30.39
24.09,-80.29,30.42
24.09,-80.27,30.71
24.09,-80.25,30.7
24.09,-80.13,30.45
24.09,-80.11,30.41
24.09,-80.09,30.6
24.09,-80.07,31.07
24.09,-80.05,31.15
24.09,-80.03,31.09
24.09,-80.01,30.98
24.09,-79.95,30.72
24.09,-79.93,30.55
24.09,-79.91,30.51
24.09,-79.89,30.59
24.09,-79.87,30.73
24.09,-79.85,30.49
24.09,-79.83,30.49
24.09,-79.81,30.54
24.09,-79.79,30.7
24.09,-79.77,30.68
24.09,-79.75,30.58
24.09,-79.69,30.47
24.09,-79.67,30.6
24.09,-79.65,30.62
24.09,-79.63,30.69
24.09,-79.61,30.75
24.09,-77.41,30.2
24.09,-77.39,30.23
24.09,-77.37,30.24
24.09,-77.35,30.28
24.09,-77.33,30.28
24.09,-77.31,30.26
24.09,-77.29,30.41
24.09,-77.27,30.41
24.07,-83.15,31.6
24.07,-83.13,31.55
24.07,-83.11,31.5
24.07,-83.09,31.46
24.07,-83.07,31.47
24.07,-83.05,31.47
24.07,-83.03,31.38
24.07,-83.01,31.38
24.07,-82.99,31.32
24.07,-82.97,31.3
24.07,-82.95,31.32
24.07,-82.93,31.3
24.07,-82.91,31.3
24.07,-82.89,31.42
24.07,-82.87,31.46
24.07,-82.85,31.42
24.07,-82.83,31.41
24.07,-82.81,31.45
24.07,-82.79,31.47
24.07,-82.77,31.41
24.07,-82.75,31.35
24.07,-82.73,31.32
24.07,-82.71,31.29
24.07,-82.69,31.26
24.07,-82.67,31.23
24.07,-82.65,31.24
24.07,-82.63,31.3
24.07,-82.61,31.25
24.07,-82.59,31.26
24.07,-82.57,31.25
24.07,-82.55,31.29
24.07,-82.53,31.26
24.07,-82.51,31.27
24.07,-82.49,31.25
24.07,-82.47,31.23
24.07,-82.45,31.29
24.07,-82.43,31.3
24.07,-82.41,31.28
24.07,-82.39,31.25
24.07,-82.37,31.23
24.07,-82.35,31.21
24.07,-82.33,31.18
24.07,-82.31,31.23
24.07,-82.29,31.25
24.07,-82.27,31.3
24.07,-82.25,31.28
24.07,-82.23,31.19
24.07,-82.21,31.22
24.07,-82.19,31.3
24.07,-82.17,31.23
24.07,-82.15,31.25
24.07,-82.13,31.31
24.07,-82.11,31.34
24.07,-82.09,31.36
24.07,-82.07,31.3
24.07,-82.05,31.31
24.07,-82.03,31.33
24.07,-82.01,31.33
24.07,-81.99,31.29
24.07,-81.97,31.24
24.07,-81.95,31.2
24.07,-81.93,31.16
24.07,-81.91,31.15
24.07,-81.89,31.19
24.07,-81.87,31.2
24.07,-81.85,31.18
24.07,-81.83,31.29
24.07,-81.81,31.31
24.07,-81.79,31.32
24.07,-81.77,31.3
24.07,-81.75,31.31
24.07,-81.73,31.27
24.07,-81.71,31.28
24.07,-81.69,31.33
24.07,-81.67,31.27
24.07,-81.65,31.14
24.07,-81.63,31.05
24.07,-81.61,31.04
24.07,-81.59,31.03
24.07,-81.57,31.03
24.07,-81.55,31.08
24.07,-81.53,30.99
24.07,-81.51,30.6
24.07,-81.49,30.51
24.07,-81.47,30.76
24.07,-81.45,30.8
24.07,-81.43,30.77
24.07,-81.41,30.8
24.07,-81.39,30.83
24.07,-81.37,30.95
24.07,-81.35,31.02
24.07,-81.33,31.02
24.07,-81.31,31.07
24.07,-81.29,31.18
24.07,-81.27,31.25
24.07,-81.25,31.36
24.07,-81.23,31.5
24.07,-81.21,31.57
24.07,-81.19,31.59
24.07,-81.17,31.6
24.07,-81.15,31.56
24.07,-81.13,31.6
24.07,-81.11,31.63
24.07,-81.09,31.64
24.07,-81.07,31.56
24.07,-81.05,31.53
24.07,-81.03,31.54
24.07,-81.01,31.57
24.07,-80.99,31.55
24.07,-80.97,31.46
24.07,-80.95,31.44
24.07,-80.93,31.41
24.07,-80.91,31.55
24.07,-80.89,31.58
24.07,-80.87,31.54
24.07,-80.79,31.04
24.07,-80.77,31.04
24.07,-80.75,31.19
24.07,-80.73,31.24
24.07,-80.71,31.25
24.07,-80.69,31.31
24.07,-80.67,31.45
24.07,-80.65,31.57
24.07,-80.63,31.59
24.07,-80.61,31.44
24.07,-80.59,31.27
24.07,-80.57,31.3
24.07,-80.55,31.25
24.07,-80.53,31.13
24.07,-80.51,31.03
24.07,-80.49,31.01
24.07,-80.47,30.99
24.07,-80.45,30.89
24.07,-80.43,30.78
24.07,-80.41,30.73
24.07,-80.39,30.76
24.07,-80.37,30.7
24.07,-80.35,30.65
24.07,-80.33,30.57
24.07,-80.31,31.18
24.07,-80.29,31.57
24.07,-80.27,31.57
24.07,-80.17,30.47
24.07,-80.13,30.4
24.07,-80.11,30.42
24.07,-80.09,30.61
24.07,-80.07,31.05
24.07,-80.05,31.18
24.07,-80.03,31.1
24.07,-80.01,31.04
24.07,-79.99,31.0
24.07,-79.97,30.94
24.07,-79.95,30.96
24.07,-79.93,30.74
24.07,-79.91,30.42
24.07,-79.89,30.62
24.07,-79.87,30.76
24.07,-79.85,30.62
24.07,-79.83,30.62
24.07,-79.81,30.52
24.07,-79.79,30.61
24.07,-79.77,30.63
24.07,-79.75,30.52
24.07,-79.67,30.61
24.07,-79.65,30.65
24.07,-79.63,30.68
24.07,-79.61,30.63
24.07,-77.39,30.25
24.07,-77.37,30.25
24.07,-77.35,30.27
24.07,-77.33,30.3
24.07,-77.31,30.29
24.07,-77.29,30.44
24.07,-77.27,30.42
24.05,-83.15,31.56
24.05,-83.13,31.56
24.05,-83.11,31.51
24.05,-83.09,31.48
24.05,-83.07,31.49
24.05,-83.05,31.46
24.05,-83.03,31.35
24.05,-83.01,31.32
24.05,-82.99,31.28
24.05,-82.97,31.24
24.05,-82.95,31.21
24.05,-82.93,31.14
24.05,-82.91,31.12
24.05,-82.89,31.19
24.05,-82.87,31.32
24.05,-82.85,31.3
24.05,-82.83,31.32
24.05,-82.81,31.42
24.05,-82.79,31.44
24.05,-82.77,31.45
24.05,-82.75,31.36
24.05,-82.73,31.31
24.05,-82.71,31.28
24.05,-82.69,31.27
24.05,-82.67,31.24
24.05,-82.65,31.26
24.05,-82.63,31.32
24.05,-82.61,31.33
24.05,-82.59,31.26
24.05,-82.57,31.26
24.05,-82.55,31.26
24.05,-82.53,31.28
24.05,-82.51,31.27
24.05,-82.49,31.35
24.05,-82.47,31.29
24.05,-82.45,31.28
24.05,-82.43,31.33
24.05,-82.41,31.33
24.05,-82.39,31.3
24.05,-82.37,31.25
24.05,-82.35,31.25
24.05,-82.33,31.23
24.05,-82.31,31.3
24.05,-82.29,31.33
24.05,-82.27,31.29
24.05,-82.25,31.3
24.05,-82.23,31.21
24.05,-82.21,31.15
24.05,-82.19,31.16
24.05,-82.17,31.17
24.05,-82.15,31.19
24.05,-82.13,31.25
24.05,-82.11,31.29
24.05,-82.09,31.34
24.05,-82.07,31.3
24.05,-82.05,31.31
24.05,-82.03,31.38
24.05,-82.01,31.4
24.05,-81.99,31.34
24.05,-81.97,31.2
24.05,-81.95,31.14
24.05,-81.93,31.15
24.05,-81.91,31.15
24.05,-81.89,31.21
24.05,-81.87,31.21
24.05,-81.85,31.18
24.05,-81.83,31.19
24.05,-81.81,31.24
24.05,-81.79,31.29
24.05,-81.77,31.32
24.05,-81.75,31.3
24.05,-81.73,31.26
24.05,-81.71,31.34
24.05,-81.69,31.33
24.05,-81.67,31.32
24.05,-81.65,31.31
24.05,-81.63,31.28
24.05,-81.61,31.28
24.05,-81.59,31.22
24.05,-81.57,31.18
24.05,-81.55,31.2
24.05,-81.53,31.21
24.05,-81.51,30.97
24.05,-81.49,30.68
24.05,-81.47,30.68
24.05,-81.45,30.73
24.05,-81.43,30.88
24.05,-81.41,30.94
24.05,-81.39,31.0
24.05,-81.37,31.04
24.05,-81.35,31.19
24.05,-81.33,31.17
24.05,-81.31,31.12
24.05,-81.29,31.14
24.05,-81.27,31.18
24.05,-81.25,31.32
24.05,-81.23,31.45
24.05,-81.21,31.52
24.05,-81.19,31.57
24.05,-81.17,31.59
24.05,-81.15,31.55
24.05,-81.13,31.54
24.05,-81.11,31.55
24.05,-81.09,31.57
24.05,-81.07,31.52
24.05,-81.05,31.44
24.05,-81.03,31.42
24.05,-81.01,31.45
24.05,-80.99,31.44
24.05,-80.97,31.38
24.05,-80.95,31.32
24.05,-80.93,31.34
24.05,-80.91,31.42
24.05,-80.89,31.48
24.05,-80.87,31.38
24.05,-80.85,31.33
24.05,-80.77,31.06
24.05,-80.75,31.16
24.05,-80.73,31.25
24.05,-80.71,31.3
24.05,-80.69,31.31
24.05,-80.67,31.34
24.05,-80.65,31.48
24.05,-80.63,31.57
24.05,-80.61,31.48
24.05,-80.59,31.39
24.05,-80.57,31.35
24.05,-80.55,31.29
24.05,-80.53,31.14
24.05,-80.51,31.05
24.05,-80.49,31.03
24.05,-80.47,31.02
24.05,-80.45,30.95
24.05,-80.43,30.77
24.05,-80.41,30.64
24.05,-80.39,30.67
24.05,-80.37,30.65
24.05,-80.35,30.43
24.05,-80.33,30.41
24.05,-80.31,31.24
24.05,-80.29,31.42
24.05,-80.27,31.56
24.05,-80.25,31.58
24.05,-80.13,30.49
24.05,-80.11,30.48
24.05,-80.09,30.64
24.05,-80.07,31.04
24.05,-80.05,31.13
24.05,-80.03,31.07
24.05,-80.01,31.09
24.05,-79.99,31.04
24.05,-79.97,30.94
24.05,-79.95,30.93
24.05,-79.93,30.78
24.05,-79.91,30.74
24.05,-79.89,30.68
24.05,-79.87,30.69
24.05,-79.85,30.66
24.05,-79.83,30.63
24.05,-79.81,30.5
24.05,-79.79,30.48
24.05,-79.77,30.52
24.05,-79.75,30.4
24.05,-79.73,30.38
24.05,-79.71,30.34
24.05,-79.69,30.31
24.05,-79.67,30.4
24.05,-79.65,30.67
24.05,-79.63,30.63
24.05,-79.61,30.63
24.05,-79.59,30.69
24.05,-77.35,30.28
24.05,-77.33,30.29
24.05,-77.31,30.36
24.05,-77.29,30.41
24.05,-77.27,30.36
24.03,-83.15,31.53
24.03,-83.13,31.52
24.03,-83.11,31.47
24.03,-83.09,31.46
24.03,-83.07,31.48
24.03,-83.05,31.5
24.03,-83.03,31.34
24.03,-83.01,31.24
24.03,-82.99,31.24
24.03,-82.97,31.25
24.03,-82.95,31.18
24.03,-82.93,31.08
24.03,-82.91,31.01
24.03,-82.89,31.04
24.03,-82.87,31.09
24.03,-82.85,31.21
24.03,-82.83,31.26
24.03,-82.81,31.32
24.03,-82.79,31.4
24.03,-82.77,31.4
24.03,-82.75,31.39
24.03,-82.73,31.34
24.03,-82.71,31.3
24.03,-82.69,31.27
24.03,-82.67,31.25
24.03,-82.65,31.26
24.03,-82.63,31.3
24.03,-82.61,31.33
24.03,-82.59,31.31
24.03,-82.57,31.3
24.03,-82.55,31.27
24.03,-82.53,31.26
24.03,-82.51,31.26
24.03,-82.49,31.3
24.03,-82.47,31.35
24.03,-82.45,31.28
24.03,-82.43,31.26
24.03,-82.41,31.33
24.03,-82.39,31.32
24.03,-82.37,31.29
24.03,-82.35,31.27
24.03,-82.33,31.36
24.03,-82.31,31.35
24.03,-82.29,31.33
24.03,-82.27,31.34
24.03,-82.25,31.29
24.03,-82.23,31.21
24.03,-82.21,31.18
24.03,-82.19,31.1
24.03,-82.17,31.09
24.03,-82.15,31.16
24.03,-82.13,31.23
24.03,-82.11,31.23
24.03,-82.09,31.27
24.03,-82.07,31.31
24.03,-82.05,31.3
24.03,-82.03,31.35
24.03,-82.01,31.35
24.03,-81.99,31.32
24.03,-81.97,31.21
24.03,-81.95,31.17
24.03,-81.93,31.15
24.03,-81.91,31.14
24.03,-81.89,31.16
24.03,-81.87,31.16
24.03,-81.85,31.15
24.03,-81.83,31.18
24.03,-81.81,31.22
24.03,-81.79,31.26
24.03,-81.77,31.34
24.03,-81.75,31.28
24.03,-81.73,31.29
24.03,-81.71,31.34
24.03,-81.69,31.32
24.03,-81.67,31.29
24.03,-81.65,31.3
24.03,-81.63,31.29
24.03,-81.61,31.24
24.03,-81.59,31.28
24.03,-81.57,31.3
24.03,-81.55,31.34
24.03,-81.53,31.34
24.03,-81.51,31.23
24.03,-81.49,31.02
24.03,-81.47,30.63
24.03,-81.45,30.69
24.03,-81.43,30.91
24.03,-81.41,30.93
24.03,-81.39,30.89
24.03,-81.37,30.76
24.03,-81.35,30.91
24.03,-81.33,31.0
24.03,-81.31,31.07
24.03,-81.29,31.09
24.03,-81.27,31.16
24.03,-81.25,31.38
24.03,-81.23,31.45
24.03,-81.21,31.48
24.03,-81.19,31.49
24.03,-81.17,31.5
24.03,-81.15,31.48
24.03,-81.13,31.49
24.03,-81.11,31.53
24.03,-81.09,31.48
24.03,-81.07,31.43
24.03,-81.05,31.33
24.03,-81.03,31.34
24.03,-81.01,31.34
24.03,-80.99,31.33
24.03,-80.97,31.27
24.03,-80.95,31.23
24.03,-80.93,31.3
24.03,-80.91,31.3
24.03,-80.89,31.34
24.03,-80.87,31.26
24.03,-80.85,31.21
24.03,-80.77,31.03
24.03,-80.75,31.07
24.03,-80.73,31.2
24.03,-80.71,31.32
24.03,-80.69,31.39
24.03,-80.67,31.38
24.03,-80.65,31.39
24.03,-80.63,31.46
24.03,-80.61,31.5
24.03,-80.59,31.5
24.03,-80.57,31.44
24.03,-80.55,31.32
24.03,-80.53,31.22
24.03,-80.51,31.09
24.03,-80.49,31.0
24.03,-80.47,30.96
24.03,-80.45,30.94
24.03,-80.43,30.78
24.03,-80.41,30.63
24.03,-80.39,30.58
24.03,-80.37,30.55
24.03,-80.35,30.5
24.03,-80.33,30.63
24.03,-80.31,30.83
24.03,-80.29,30.85
24.03,-80.27,31.13
24.03,-80.25,30.9
24.03,-80.23,30.54
24.03,-80.21,30.62
24.03,-80.13,30.56
24.03,-80.11,30.53
24.03,-80.09,30.87
24.03,-80.07,31.04
24.03,-80.05,31.07
24.03,-80.03,31.22
24.03,-80.01,31.13
24.03,-79.99,31.11
24.03,-79.97,31.02
24.03,-79.95,30.89
24.03,-79.93,30.83
24.03,-79.91,30.85
24.03,-79.89,30.78
24.03,-79.87,30.69
24.03,-79.85,30.63
24.03,-79.83,30.52
24.03,-79.81,30.46
24.03,-79.79,30.44
24.03,-79.75,30.41
24.03,-79.73,30.4
24.03,-79.71,30.39
24.03,-79.69,30.35
24.03,-79.67,30.51
24.03,-79.65,30.7
24.03,-79.63,30.7
24.03,-79.61,30.63
24.03,-77.31,30.34
24.03,-77.29,30.34
24.03,-77.27,30.32
24.01,-83.15,31.43
24.01,-83.13,31.45
24.01,-83.11,31.4
24.01,-83.09,31.37
24.01,-83.07,31.4
24.01,-83.05,31.42
24.01,-83.03,31.35
24.01,-83.01,31.24
24.01,-82.99,31.2
24.01,-82.97,31.21
24.01,-82.95,31.16
24.01,-82.93,31.06
24.01,-82.91,31.03
24.01,-82.89,31.02
24.01,-82.87,31.06
24.01,-82.85,31.06
24.01,-82.83,31.18
24.01,-82.81,31.23
24.01,-82.79,31.28
24.01,-82.77,31.33
24.01,-82.75,31.37
24.01,-82.73,31.38
24.01,-82.71,31.33
24.01,-82.69,31.3
24.01,-82.67,31.29
24.01,-82.65,31.28
24.01,-82.63,31.28
24.01,-82.61,31.3
24.01,-82.59,31.3
24.01,-82.57,31.28
24.01,-82.55,31.27
24.01,-82.53,31.24
24.01,-82.51,31.27
24.01,-82.49,31.26
24.01,-82.47,31.31
24.01,-82.45,31.29
24.01,-82.43,31.25
24.01,-82.41,31.29
24.01,-82.39,31.33
24.01,-82.37,31.32
24.01,-82.35,31.33
24.01,-82.33,31.37
24.01,-82.31,31.35
24.01,-82.29,31.29
24.01,-82.27,31.36
24.01,-82.25,31.29
24.01,-82.23,31.16
24.01,-82.21,31.16
24.01,-82.19,31.08
24.01,-82.17,31.11
24.01,-82.15,31.14
24.01,-82.13,31.21
24.01,-82.11,31.25
24.01,-82.09,31.26
24.01,-82.07,31.28
24.01,-82.05,31.24
24.01,-82.03,31.25
24.01,-82.01,31.26
24.01,-81.99,31.24
24.01,-81.97,31.22
24.01,-81.95,31.16
24.01,-81.93,31.19
24.01,-81.91,31.18
24.01,-81.89,31.16
24.01,-81.87,31.11
24.01,-81.85,31.11
24.01,-81.83,31.11
24.01,-81.81,31.2
24.01,-81.79,31.22
24.01,-81.77,31.29
24.01,-81.75,31.27
24.01,-81.73,31.28
24.01,-81.71,31.35
24.01,-81.69,31.36
24.01,-81.67,31.27
24.01,-81.65,31.28
24.01,-81.63,31.29
24.01,-81.61,31.23
24.01,-81.59,31.25
24.01,-81.57,31.32
24.01,-81.55,31.35
24.01,-81.53,31.33
24.01,-81.51,31.31
24.01,-81.49,31.03
24.01,-81.47,30.87
24.01,-81.45,30.94
24.01,-81.43,30.99
24.01,-81.41,30.93
24.01,-81.39,30.77
24.01,-81.37,30.8
24.01,-81.35,30.8
24.01,-81.33,30.91
24.01,-81.31,30.95
24.01,-81.29,31.03
24.01,-81.27,31.11
24.01,-81.25,31.33
24.01,-81.23,31.36
24.01,-81.21,31.4
24.01,-81.19,31.44
24.01,-81.17,31.4
24.01,-81.15,31.32
24.01,-81.13,31.35
24.01,-81.11,31.41
24.01,-81.09,31.37
24.01,-81.07,31.35
24.01,-81.05,31.29
24.01,-81.03,31.29
24.01,-81.01,31.25
24.01,-80.99,31.22
24.01,-80.97,31.18
24.01,-80.95,31.17
24.01,-80.93,31.14
24.01,-80.91,31.18
24.01,-80.89,31.2
24.01,-80.87,31.18
24.01,-80.85,31.12
24.01,-80.77,30.97
24.01,-80.75,30.99
24.01,-80.73,31.13
24.01,-80.71,31.26
24.01,-80.69,31.42
24.01,-80.67,31.46
24.01,-80.65,31.41
24.01,-80.63,31.43
24.01,-80.61,31.51
24.01,-80.59,31.48
24.01,-80.57,31.38
24.01,-80.55,31.34
24.01,-80.53,31.28
24.01,-80.51,31.11
24.01,-80.49,31.01
24.01,-80.47,30.94
24.01,-80.45,30.91
24.01,-80.43,30.76
24.01,-80.41,30.52
24.01,-80.39,30.51
24.01,-80.37,30.58
24.01,-80.35,30.63
24.01,-80.33,30.71
24.01,-80.31,30.3
24.01,-80.27,30.41
24.01,-80.25,30.49
24.01,-80.23,30.52
24.01,-80.21,30.64
24.01,-80.19,30.62
24.01,-80.13,30.62
24.01,-80.11,30.63
24.01,-80.09,30.86
24.01,-80.07,31.09
24.01,-80.05,31.08
24.01,-80.03,31.24
24.01,-80.01,31.22
24.01,-79.99,31.14
24.01,-79.97,31.07
24.01,-79.95,30.97
24.01,-79.93,30.92
24.01,-79.91,30.96
24.01,-79.89,30.79
24.01,-79.87,30.67
24.01,-79.85,30.59
24.01,-79.83,30.44
24.01,-79.81,30.45
24.01,-79.79,30.48
24.01,-79.71,30.39
24.01,-79.69,30.39
24.01,-79.67,30.52
24.01,-79.65,30.69
24.01,-79.63,30.7
24.01,-79.61,30.65
24.01,-79.57,30.96
24.01,-79.55,31.01
23.99,-83.15,31.4
23.99,-83.13,31.39
23.99,-83.11,31.33
23.99,-83.09,31.3
23.99,-83.07,31.3
23.99,-83.05,31.3
23.99,-83.03,31.26
23.99,-83.01,31.22
23.99,-82.99,31.16
23.99,-82.97,31.09
23.99,-82.95,31.1
23.99,-82.93,31.08
23.99,-82.91,31.06
23.99,-82.89,31.03
23.99,-82.87,31.04
23.99,-82.85,31.05
23.99,-82.83,31.06
23.99,-82.81,31.14
23.99,-82.79,31.17
23.99,-82.77,31.23
23.99,-82.75,31.33
23.99,-82.73,31.4
23.99,-82.71,31.4
23.99,-82.69,31.33
23.99,-82.67,31.3
23.99,-82.65,31.31
23.99,-82.63,31.27
23.99,-82.61,31.29
23.99,-82.59,31.29
23.99,-82.57,31.27
23.99,-82.55,31.28
23.99,-82.53,31.27
23.99,-82.51,31.26
23.99,-82.49,31.27
23.99,-82.47,31.3
23.99,-82.45,31.25
23.99,-82.43,31.25
23.99,-82.41,31.28
23.99,-82.39,31.3
23.99,-82.37,31.33
23.99,-82.35,31.4
23.99,-82.33,31.34
23.99,-82.31,31.34
23.99,-82.29,31.32
23.99,-82.27,31.32
23.99,-82.25,31.31
23.99,-82.23,31.15
23.99,-82.21,31.08
23.99,-82.19,31.02
23.99,-82.17,31.07
23.99,-82.15,31.15
23.99,-82.13,31.22
23.99,-82.11,31.25
23.99,-82.09,31.24
23.99,-82.07,31.23
23.99,-82.05,31.16
23.99,-82.03,31.15
23.99,-82.01,31.19
23.99,-81.99,31.2
23.99,-81.97,31.21
23.99,-81.95,31.19
23.99,-81.93,31.15
23.99,-81.91,31.16
23.99,-81.89,31.17
23.99,-81.87,31.15
23.99,-81.85,31.08
23.99,-81.83,31.08
23.99,-81.81,31.11
23.99,-81.79,31.15
23.99,-81.77,31.23
23.99,-81.75,31.26
23.99,-81.73,31.27
23.99,-81.71,31.3
23.99,-81.69,31.3
23.99,-81.67,31.28
23.99,-81.65,31.31
23.99,-81.63,31.35
23.99,-81.61,31.32
23.99,-81.59,31.27
23.99,-81.57,31.3
23.99,-81.55,31.3
23.99,-81.53,31.26
23.99,-81.51,31.25
23.99,-81.49,31.17
23.99,-81.47,31.06
23.99,-81.45,31.0
23.99,-81.43,31.01
23.99,-81.41,30.97
23.99,-81.39,30.93
23.99,-81.37,30.84
23.99,-81.35,30.85
23.99,-81.33,30.96
23.99,-81.31,30.98
23.99,-81.29,30.99
23.99,-81.27,31.03
23.99,-81.25,31.14
23.99,-81.23,31.22
23.99,-81.21,31.24
23.99,-81.19,31.25
23.99,-81.17,31.29
23.99,-81.15,31.3
23.99,-81.13,31.31
23.99,-81.11,31.21
23.99,-81.09,31.13
23.99,-81.07,31.22
23.99,-81.05,31.26
23.99,-81.03,31.22
23.99,-81.01,31.18
23.99,-80.99,31.14
23.99,-80.97,31.19
23.99,-80.95,31.12
23.99,-80.93,31.03
23.99,-80.91,31.12
23.99,-80.89,31.07
23.99,-80.87,31.1
23.99,-80.85,31.08
23.99,-80.83,31.12
23.99,-80.75,31.06
23.99,-80.73,31.15
23.99,-80.71,31.25
23.99,-80.69,31.39
23.99,-80.67,31.47
23.99,-80.65,31.52
23.99,-80.63,31.43
23.99,-80.61,31.52
23.99,-80.59,31.45
23.99,-80.57,31.38
23.99,-80.55,31.32
23.99,-80.53,31.3
23.99,-80.51,31.19
23.99,-80.49,31.12
23.99,-80.47,31.02
23.99,-80.45,30.87
23.99,-80.43,30.37
23.99,-80.41,30.3
23.99,-80.39,30.61
23.99,-80.37,30.54
23.99,-80.35,30.42
23.99,-80.33,30.22
23.99,-80.31,30.19
23.99,-80.29,30.12
23.99,-80.27,30.33
23.99,-80.25,30.25
23.99,-80.23,30.34
23.99,-80.21,30.3
23.99,-80.19,30.3
23.99,-80.15,30.48
23.99,-80.13,30.53
23.99,-80.11,30.62
23.99,-80.09,30.72
23.99,-80.07,31.05
23.99,-80.05,31.15
23.99,-80.03,31.31
23.99,-80.01,31.33
23.99,-79.99,31.28
23.99,-79.97,31.15
23.99,-79.95,31.01
23.99,-79.93,30.96
23.99,-79.91,30.92
23.99,-79.89,30.8
23.99,-79.87,30.67
23.99,-79.85,30.6
23.99,-79.83,30.45
23.99,-79.81,30.38
23.99,-79.79,30.42
23.99,-79.67,30.51
23.99,-79.65,30.64
23.99,-79.63,30.66
23.99,-79.61,30.67
23.99,-79.59,30.68
23.99,-79.57,30.75
23.99,-79.55,30.88
23.97,-83.15,31.32
23.97,-83.13,31.31
23.97,-83.11,31.27
23.97,-83.09,31.26
23.97,-83.07,31.24
23.97,-83.05,31.23
23.97,-83.03,31.18
23.97,-83.01,31.13
23.97,-82.99,31.08
23.97,-82.97,31.06
23.97,-82.95,31.05
23.97,-82.93,31.04
23.97,-82.91,31.06
23.97,-82.89,31.04
23.97,-82.87,31.02
23.97,-82.85,31.05
23.97,-82.83,31.04
23.97,-82.81,31.04
23.97,-82.79,31.09
23.97,-82.77,31.14
23.97,-82.75,31.29
23.97,-82.73,31.43
23.97,-82.71,31.43
23.97,-82.69,31.39
23.97,-82.67,31.36
23.97,-82.65,31.33
23.97,-82.63,31.31
23.97,-82.61,31.3
23.97,-82.59,31.29
23.97,-82.57,31.32
23.97,-82.55,31.28
23.97,-82.53,31.31
23.97,-82.51,31.33
23.97,-82.49,31.3
23.97,-82.47,31.28
23.97,-82.45,31.24
23.97,-82.43,31.26
23.97,-82.41,31.34
23.97,-82.39,31.31
23.97,-82.37,31.31
23.97,-82.35,31.35
23.97,-82.33,31.32
23.97,-82.31,31.33
23.97,-82.29,31.35
23.97,-82.27,31.3
23.97,-82.25,31.28
23.97,-82.23,31.16
23.97,-82.21,31.08
23.97,-82.19,31.03
23.97,-82.17,31.03
23.97,-82.15,31.11
23.97,-82.13,31.15
23.97,-82.11,31.16
23.97,-82.09,31.16
23.97,-82.07,31.18
23.97,-82.05,31.13
23.97,-82.03,31.11
23.97,-82.01,31.13
23.97,-81.99,31.11
23.97,-81.97,31.11
23.97,-81.95,31.12
23.97,-81.93,31.12
23.97,-81.91,31.14
23.97,-81.89,31.21
23.97,-81.87,31.11
23.97,-81.85,31.01
23.97,-81.83,31.04
23.97,-81.81,31.1
23.97,-81.79,31.13
23.97,-81.77,31.19
23.97,-81.75,31.2
23.97,-81.73,31.24
23.97,-81.71,31.28
23.97,-81.69,31.27
23.97,-81.67,31.27
23.97,-81.65,31.28
23.97,-81.63,31.39
23.97,-81.61,31.37
23.97,-81.59,31.31
23.97,-81.57,31.28
23.97,-81.55,31.23
23.97,-81.53,31.16
23.97,-81.51,31.17
23.97,-81.49,31.15
23.97,-81.47,31.1
23.97,-81.45,31.06
23.97,-81.43,31.03
23.97,-81.41,31.02
23.97,-81.39,31.0
23.97,-81.37,31.01
23.97,-81.35,31.01
23.97,-81.33,31.01
23.97,-81.31,31.05
23.97,-81.29,31.03
23.97,-81.27,31.06
23.97,-81.25,31.08
23.97,-81.23,31.08
23.97,-81.21,31.12
23.97,-81.19,31.18
23.97,-81.17,31.21
23.97,-81.15,31.25
23.97,-81.13,31.32
23.97,-81.11,31.09
23.97,-81.09,31.12
23.97,-81.07,31.16
23.97,-81.05,31.16
23.97,-81.03,31.12
23.97,-81.01,31.06
23.97,-80.99,31.09
23.97,-80.97,31.11
23.97,-80.95,30.97
23.97,-80.93,31.01
23.97,-80.91,31.2
23.97,-80.89,31.03
23.97,-80.87,31.07
23.97,-80.85,31.11
23.97,-80.83,31.17
23.97,-80.75,31.1
23.97,-80.73,31.15
23.97,-80.71,31.37
23.97,-80.69,31.46
23.97,-80.67,31.55
23.97,-80.65,31.56
23.97,-80.63,31.49
23.97,-80.61,31.48
23.97,-80.59,31.44
23.97,-80.57,31.35
23.97,-80.55,31.31
23.97,-80.53,31.28
23.97,-80.51,31.2
23.97,-80.49,31.19
23.97,-80.47,31.08
23.97,-80.45,30.91
23.97,-80.43,30.34
23.97,-80.41,30.37
23.97,-80.37,30.3
23.97,-80.35,30.28
23.97,-80.33,30.19
23.97,-80.31,30.21
23.97,-80.29,30.18
23.97,-80.27,30.29
23.97,-80.25,30.25
23.97,-80.23,30.24
23.97,-80.21,30.25
23.97,-80.19,30.34
23.97,-80.17,30.36
23.97,-80.15,30.44
23.97,-80.13,30.53
23.97,-80.11,30.61
23.97,-80.09,30.79
23.97,-80.07,31.05
23.97,-80.05,31.21
23.97,-80.03,31.32
23.97,-80.01,31.36
23.97,-79.99,31.37
23.97,-79.97,31.28
23.97,-79.95,31.02
23.97,-79.93,30.96
23.97,-79.91,30.87
23.97,-79.89,30.71
23.97,-79.87,30.65
23.97,-79.85,30.59
23.97,-79.83,30.52
23.97,-79.81,30.38
23.97,-79.79,30.34
23.97,-79.77,30.31
23.97,-79.69,30.42
23.97,-79.67,30.43
23.97,-79.65,30.56
23.97,-79.63,30.58
23.97,-79.61,30.69
23.97,-79.59,30.74
23.97,-79.57,30.65
23.97,-79.55,30.65
23.95,-83.15,31.27
23.95,-83.13,31.24
23.95,-83.11,31.22
23.95,-83.09,31.24
23.95,-83.07,31.21
23.95,-83.05,31.2
23.95,-83.03,31.18
23.95,-83.01,31.09
23.95,-82.99,31.02
23.95,-82.97,31.02
23.95,-82.95,31.03
23.95,-82.93,31.04
23.95,-82.91,31.07
23.95,-82.89,31.03
23.95,-82.87,31.0
23.95,-82.85,31.02
23.95,-82.83,31.03
23.95,-82.81,31.03
23.95,-82.79,31.02
23.95,-82.77,31.07
23.95,-82.75,31.19
23.95,-82.73,31.28
23.95,-82.71,31.37
23.95,-82.69,31.37
23.95,-82.67,31.43
23.95,-82.65,31.42
23.95,-82.63,31.41
23.95,-82.61,31.38
23.95,-82.59,31.36
23.95,-82.57,31.35
23.95,-82.55,31.3
23.95,-82.53,31.33
23.95,-82.51,31.37
23.95,-82.49,31.42
23.95,-82.47,31.37
23.95,-82.45,31.29
23.95,-82.43,31.39
23.95,-82.41,31.31
23.95,-82.39,31.29
23.95,-82.37,31.32
23.95,-82.35,31.32
23.95,-82.33,31.32
23.95,-82.31,31.32
23.95,-82.29,31.33
23.95,-82.27,31.28
23.95,-82.25,31.22
23.95,-82.23,31.2
23.95,-82.21,31.11
23.95,-82.19,31.04
23.95,-82.17,30.94
23.95,-82.15,30.98
23.95,-82.13,31.08
23.95,-82.11,31.11
23.95,-82.09,31.14
23.95,-82.07,31.1
23.95,-82.05,31.07
23.95,-82.03,31.06
23.95,-82.01,31.06
23.95,-81.99,31.06
23.95,-81.97,31.04
23.95,-81.95,31.02
23.95,-81.93,31.03
23.95,-81.91,31.03
23.95,-81.89,31.05
23.95,-81.87,31.06
23.95,-81.85,30.99
23.95,-81.83,30.98
23.95,-81.81,31.1
23.95,-81.79,31.13
23.95,-81.77,31.17
23.95,-81.75,31.18
23.95,-81.73,31.18
23.95,-81.71,31.25
23.95,-81.69,31.27
23.95,-81.67,31.24
23.95,-81.65,31.23
23.95,-81.63,31.29
23.95,-81.61,31.3
23.95,-81.59,31.3
23.95,-81.57,31.28
23.95,-81.55,31.16
23.95,-81.53,31.0
23.95,-81.51,31.08
23.95,-81.49,31.11
23.95,-81.47,31.11
23.95,-81.45,31.1
23.95,-81.43,31.08
23.95,-81.41,31.05
23.95,-81.39,31.03
23.95,-81.37,31.02
23.95,-81.35,31.02
23.95,-81.33,31.04
23.95,-81.31,31.06
23.95,-81.29,31.06
23.95,-81.27,31.09
23.95,-81.25,31.08
23.95,-81.23,31.09
23.95,-81.21,31.07
23.95,-81.19,31.15
23.95,-81.17,31.17
23.95,-81.15,31.2
23.95,-81.13,31.19
23.95,-81.11,31.11
23.95,-81.09,31.14
23.95,-81.07,31.13
23.95,-81.05,31.1
23.95,-81.03,31.05
23.95,-81.01,30.96
23.95,-80.99,30.91
23.95,-80.97,30.91
23.95,-80.95,30.6
23.95,-80.93,30.87
23.95,-80.91,31.12
23.95,-80.89,31.1
23.95,-80.87,31.1
23.95,-80.85,31.1
23.95,-80.83,31.27
23.95,-80.81,31.32
23.95,-80.73,31.24
23.95,-80.71,31.51
23.95,-80.69,31.56
23.95,-80.67,31.56
23.95,-80.65,31.59
23.95,-80.63,31.51
23.95,-80.61,31.48
23.95,-80.59,31.58
23.95,-80.57,31.46
23.95,-80.55,31.3
23.95,-80.53,31.27
23.95,-80.51,31.21
23.95,-80.49,31.18
23.95,-80.47,30.95
23.95,-80.45,30.8
23.95,-80.43,30.47
23.95,-80.41,30.33
23.95,-80.39,30.3
23.95,-80.37,30.35
23.95,-80.35,30.34
23.95,-80.33,30.31
23.95,-80.31,30.26
23.95,-80.29,30.25
23.95,-80.27,30.24
23.95,-80.25,30.25
23.95,-80.23,30.26
23.95,-80.21,30.32
23.95,-80.19,30.36
23.95,-80.17,30.39
23.95,-80.15,30.45
23.95,-80.13,30.32
23.95,-80.11,30.45
23.95,-80.09,30.99
23.95,-80.07,31.02
23.95,-80.05,31.1
23.95,-80.03,31.26
23.95,-80.01,31.33
23.95,-79.99,31.33
23.95,-79.97,31.28
23.95,-79.95,31.15
23.95,-79.93,31.02
23.95,-79.91,30.88
23.95,-79.89,30.73
23.95,-79.87,30.65
23.95,-79.85,30.64
23.95,-79.83,30.6
23.95,-79.81,30.51
23.95,-79.79,30.3
23.95,-79.77,30.32
23.95,-79.75,30.59
23.95,-79.73,30.55
23.95,-79.67,30.43
23.95,-79.65,30.45
23.95,-79.63,30.46
23.95,-79.61,30.52
23.95,-79.59,30.65
23.95,-79.57,30.66
23.95,-79.55,30.68
23.93,-83.15,31.19
23.93,-83.13,31.19
23.93,-83.11,31.19
23.93,-83.09,31.19
23.93,-83.07,31.23
23.93,-83.05,31.23
23.93,-83.03,31.19
23.93,-83.01,31.11
23.93,-82.99,31.06
23.93,-82.97,31.05
23.93,-82.95,31.04
23.93,-82.93,31.07
23.93,-82.91,31.07
23.93,-82.89,31.04
23.93,-82.87,31.03
23.93,-82.85,31.02
23.93,-82.83,31.05
23.93,-82.81,31.03
23.93,-82.79,30.97
23.93,-82.77,30.99
23.93,-82.75,31.06
23.93,-82.73,31.17
23.93,-82.71,31.26
23.93,-82.69,31.32
23.93,-82.67,31.4
23.93,-82.65,31.44
23.93,-82.63,31.45
23.93,-82.61,31.44
23.93,-82.59,31.43
23.93,-82.57,31.41
23.93,-82.55,31.4
23.93,-82.53,31.4
23.93,-82.51,31.36
23.93,-82.49,31.45
23.93,-82.47,31.46
23.93,-82.45,31.41
23.93,-82.43,31.41
23.93,-82.41,31.47
23.93,-82.39,31.39
23.93,-82.37,31.35
23.93,-82.35,31.3
23.93,-82.33,31.33
23.93,-82.31,31.38
23.93,-82.29,31.37
23.93,-82.27,31.28
23.93,-82.25,31.27
23.93,-82.23,31.26
23.93,-82.21,31.19
23.93,-82.19,31.1
23.93,-82.17,30.94
23.93,-82.15,30.9
23.93,-82.13,31.0
23.93,-82.11,31.04
23.93,-82.09,31.06
23.93,-82.07,31.04
23.93,-82.05,31.09
23.93,-82.03,31.06
23.93,-82.01,31.06
23.93,-81.99,31.04
23.93,-81.97,30.94
23.93,-81.95,30.92
23.93,-81.93,30.96
23.93,-81.91,30.96
23.93,-81.89,30.9
23.93,-81.87,30.95
23.93,-81.85,30.97
23.93,-81.83,30.87
23.93,-81.81,30.95
23.93,-81.79,31.08
23.93,-81.77,31.13
23.93,-81.75,31.13
23.93,-81.73,31.14
23.93,-81.71,31.18
23.93,-81.69,31.27
23.93,-81.67,31.24
23.93,-81.65,31.2
23.93,-81.63,31.23
23.93,-81.61,31.21
23.93,-81.59,31.18
23.93,-81.57,31.17
23.93,-81.55,31.14
23.93,-81.53,31.09
23.93,-81.51,31.08
23.93,-81.49,31.06
23.93,-81.47,31.07
23.93,-81.45,31.11
23.93,-81.43,31.09
23.93,-81.41,31.05
23.93,-81.39,31.05
23.93,-81.37,31.04
23.93,-81.35,31.04
23.93,-81.33,31.05
23.93,-81.31,31.05
23.93,-81.29,31.05
23.93,-81.27,31.07
23.93,-81.25,31.08
23.93,-81.23,31.09
23.93,-81.21,31.1
23.93,-81.19,31.12
23.93,-81.17,31.14
23.93,-81.15,31.17
23.93,-81.13,31.17
23.93,-81.11,31.11
23.93,-81.09,31.1
23.93,-81.07,31.13
23.93,-81.05,31.08
23.93,-81.03,31.06
23.93,-81.01,30.96
23.93,-80.99,30.73
23.93,-80.97,30.77
23.93,-80.95,30.47
23.93,-80.93,30.6
23.93,-80.89,31.09
23.93,-80.87,31.06
23.93,-80.83,31.29
23.93,-80.81,31.3
23.93,-80.73,31.4
23.93,-80.71,31.53
23.93,-80.69,31.58
23.93,-80.67,31.56
23.93,-80.65,31.53
23.93,-80.63,31.46
23.93,-80.61,31.34
23.93,-80.57,31.56
23.93,-80.55,31.35
23.93,-80.53,31.31
23.93,-80.51,31.2
23.93,-80.49,31.2
23.93,-80.47,30.66
23.93,-80.45,30.5
23.93,-80.43,30.38
23.93,-80.41,30.32
23.93,-80.39,30.27
23.93,-80.37,30.31
23.93,-80.35,30.29
23.93,-80.33,30.31
23.93,-80.31,30.35
23.93,-80.29,30.26
23.93,-80.27,30.17
23.93,-80.25,30.27
23.93,-80.23,30.26
23.93,-80.21,30.36
23.93,-80.19,30.31
23.93,-80.17,30.34
23.93,-80.15,30.44
23.93,-80.13,30.47
23.93,-80.11,30.54
23.93,-80.09,30.9
23.93,-80.07,31.02
23.93,-80.05,31.09
23.93,-80.03,31.24
23.93,-80.01,31.22
23.93,-79.99,31.29
23.93,-79.97,31.2
23.93,-79.95,31.11
23.93,-79.93,31.11
23.93,-79.91,31.07
23.93,-79.89,30.83
23.93,-79.87,30.63
23.93,-79.85,30.72
23.93,-79.83,30.74
23.93,-79.81,30.62
23.93,-79.79,30.42
23.93,-79.77,30.33
23.93,-79.75,30.52
23.93,-79.73,30.53
23.93,-79.63,30.54
23.93,-79.61,30.51
23.93,-79.59,30.52
23.93,-79.57,30.53
23.93,-79.55,30.63
23.91,-83.15,31.15
23.91,-83.13,31.12
23.91,-83.11,31.14
23.91,-83.09,31.18
23.91,-83.07,31.24
23.91,-83.05,31.26
23.91,-83.03,31.2
23.91,-83.01,31.13
23.91,-82.99,31.07
23.91,-82.97,31.06
23.91,-82.95,31.08
23.91,-82.93,31.07
23.91,-82.91,31.07
23.91,-82.89,31.07
23.91,-82.87,31.03
23.91,-82.85,31.04
23.91,-82.83,31.05
23.91,-82.81,31.08
23.91,-82.79,31.0
23.91,-82.77,30.98
23.91,-82.75,31.01
23.91,-82.73,31.07
23.91,-82.71,31.15
23.91,-82.69,31.25
23.91,-82.67,31.33
23.91,-82.65,31.4
23.91,-82.63,31.43
23.91,-82.61,31.43
23.91,-82.59,31.44
23.91,-82.57,31.44
23.91,-82.55,31.49
23.91,-82.53,31.47
23.91,-82.51,31.43
23.91,-82.49,31.44
23.91,-82.47,31.45
23.91,-82.45,31.45
23.91,-82.43,31.47
23.91,-82.41,31.54
23.91,-82.39,31.52
23.91,-82.37,31.45
23.91,-82.35,31.38
23.91,-82.33,31.38
23.91,-82.31,31.44
23.91,-82.29,31.44
23.91,-82.27,31.38
23.91,-82.25,31.27
23.91,-82.23,31.28
23.91,-82.21,31.26
23.91,-82.19,31.22
23.91,-82.17,31.08
23.91,-82.15,31.0
23.91,-82.13,30.92
23.91,-82.11,30.97
23.91,-82.09,30.99
23.91,-82.07,30.98
23.91,-82.05,31.01
23.91,-82.03,31.03
23.91,-82.01,31.05
23.91,-81.99,31.01
23.91,-81.97,30.98
23.91,-81.95,30.94
23.91,-81.93,30.98
23.91,-81.91,30.93
23.91,-81.89,30.83
23.91,-81.87,30.86
23.91,-81.85,30.95
23.91,-81.83,30.86
23.91,-81.81,30.85
23.91,-81.79,30.95
23.91,-81.77,31.0
23.91,-81.75,31.03
23.91,-81.73,31.06
23.91,-81.71,31.07
23.91,-81.69,31.16
23.91,-81.67,31.18
23.91,-81.65,31.13
23.91,-81.63,31.18
23.91,-81.61,31.17
23.91,-81.59,31.09
23.91,-81.57,30.99
23.91,-81.55,31.11
23.91,-81.53,31.06
23.91,-81.51,31.09
23.91,-81.49,31.08
23.91,-81.47,31.09
23.91,-81.45,31.1
23.91,-81.43,31.09
23.91,-81.41,31.05
23.91,-81.39,31.03
23.91,-81.37,31.01
23.91,-81.35,31.04
23.91,-81.33,31.05
23.91,-81.31,31.05
23.91,-81.29,31.03
23.91,-81.27,31.06
23.91,-81.25,31.08
23.91,-81.23,31.07
23.91,-81.21,31.07
23.91,-81.19,31.1
23.91,-81.17,31.15
23.91,-81.15,31.19
23.91,-81.13,31.16
23.91,-81.11,31.13
23.91,-81.09,31.11
23.91,-81.07,31.13
23.91,-81.05,31.07
23.91,-81.03,31.04
23.91,-81.01,30.97
23.91,-80.99,30.83
23.91,-80.97,30.92
23.91,-80.83,31.15
23.91,-80.81,31.17
23.91,-80.73,31.47
23.91,-80.71,31.63
23.91,-80.69,31.56
23.91,-80.67,31.51
23.91,-80.65,31.42
23.91,-80.63,31.2
23.91,-80.61,31.29
23.91,-80.59,31.41
23.91,-80.57,31.53
23.91,-80.55,31.53
23.91,-80.53,31.38
23.91,-80.51,31.12
23.91,-80.49,30.49
23.91,-80.47,30.32
23.91,-80.45,30.35
23.91,-80.43,30.37
23.91,-80.41,30.36
23.91,-80.39,30.34
23.91,-80.37,30.31
23.91,-80.35,30.26
23.91,-80.33,30.2
23.91,-80.31,30.37
23.91,-80.29,30.34
23.91,-80.27,30.26
23.91,-80.25,30.28
23.91,-80.23,30.26
23.91,-80.21,30.33
23.91,-80.19,30.3
23.91,-80.17,30.19
23.91,-80.15,30.38
23.91,-80.13,30.61
23.91,-80.11,30.78
23.91,-80.09,30.92
23.91,-80.07,31.0
23.91,-80.05,31.11
23.91,-80.03,31.17
23.91,-80.01,31.15
23.91,-79.99,31.14
23.91,-79.97,31.15
23.91,-79.95,31.11
23.91,-79.93,31.1
23.91,-79.91,31.1
23.91,-79.89,31.01
23.91,-79.87,30.73
23.91,-79.85,30.73
23.91,-79.83,30.88
23.91,-79.81,30.72
23.91,-79.79,30.59
23.91,-79.77,30.32
23.91,-79.75,30.44
23.91,-79.73,30.53
23.91,-79.71,30.52
23.91,-79.69,30.5
23.91,-79.55,30.52
23.91,-79.53,30.49
23.89,-83.15,31.17
23.89,-83.13,31.2
23.89,-83.11,31.17
23.89,-83.09,31.18
23.89,-83.07,31.21
23.89,-83.05,31.25
23.89,-83.03,31.19
23.89,-83.01,31.11
23.89,-82.99,31.09
23.89,-82.97,31.06
23.89,-82.95,31.07
23.89,-82.93,31.08
23.89,-82.91,31.1
23.89,-82.89,31.07
23.89,-82.87,31.03
23.89,-82.85,31.07
23.89,-82.83,31.06
23.89,-82.81,31.08
23.89,-82.79,31.02
23.89,-82.77,30.97
23.89,-82.75,31.0
23.89,-82.73,31.04
23.89,-82.71,31.12
23.89,-82.69,31.16
23.89,-82.67,31.26
23.89,-82.65,31.33
23.89,-82.63,31.4
23.89,-82.61,31.41
23.89,-82.59,31.42
23.89,-82.57,31.44
23.89,-82.55,31.51
23.89,-82.53,31.49
23.89,-82.51,31.45
23.89,-82.49,31.45
23.89,-82.47,31.44
23.89,-82.45,31.5
23.89,-82.43,31.55
23.89,-82.41,31.56
23.89,-82.39,31.5
23.89,-82.37,31.48
23.89,-82.35,31.49
23.89,-82.33,31.49
23.89,-82.31,31.45
23.89,-82.29,31.48
23.89,-82.27,31.47
23.89,-82.25,31.4
23.89,-82.23,31.3
23.89,-82.21,31.24
23.89,-82.19,31.25
23.89,-82.17,31.17
23.89,-82.15,31.07
23.89,-82.13,30.96
23.89,-82.11,30.93
23.89,-82.09,30.96
23.89,-82.07,30.93
23.89,-82.05,30.95
23.89,-82.03,30.93
23.89,-82.01,30.99
23.89,-81.99,30.97
23.89,-81.97,30.94
23.89,-81.95,30.93
23.89,-81.93,30.95
23.89,-81.91,30.95
23.89,-81.89,30.85
23.89,-81.87,30.84
23.89,-81.85,30.9
23.89,-81.83,30.92
23.89,-81.81,30.88
23.89,-81.79,30.9
23.89,-81.77,30.91
23.89,-81.75,30.91
23.89,-81.73,30.92
23.89,-81.71,30.93
23.89,-81.69,31.0
23.89,-81.67,31.03
23.89,-81.65,31.04
23.89,-81.63,31.12
23.89,-81.61,31.1
23.89,-81.59,31.0
23.89,-81.57,31.05
23.89,-81.55,31.05
23.89,-81.53,31.04
23.89,-81.51,31.04
23.89,-81.49,31.02
23.89,-81.47,31.05
23.89,-81.45,31.1
23.89,-81.43,31.08
23.89,-81.41,31.02
23.89,-81.39,30.98
23.89,-81.37,31.03
23.89,-81.35,31.04
23.89,-81.33,31.05
23.89,-81.31,31.03
23.89,-81.29,30.99
23.89,-81.27,31.02
23.89,-81.25,31.08
23.89,-81.23,31.06
23.89,-81.21,31.06
23.89,-81.19,31.07
23.89,-81.17,31.15
23.89,-81.15,31.2
23.89,-81.13,31.16
23.89,-81.11,31.13
23.89,-81.09,31.11
23.89,-81.07,31.08
23.89,-81.05,31.08
23.89,-81.03,31.0
23.89,-81.01,30.92
23.89,-80.99,30.92
23.89,-80.97,31.01
23.89,-80.95,30.94
23.89,-80.93,30.94
23.89,-80.91,30.95
23.89,-80.89,30.92
23.89,-80.87,30.94
23.89,-80.85,31.03
23.89,-80.83,31.13
23.89,-80.81,31.12
23.89,-80.79,31.17
23.89,-80.73,31.37
23.89,-80.71,31.53
23.89,-80.69,31.52
23.89,-80.67,31.43
23.89,-80.65,31.34
23.89,-80.63,31.3
23.89,-80.61,31.44
23.89,-80.59,31.5
23.89,-80.57,31.52
23.89,-80.55,31.59
23.89,-80.53,31.34
23.89,-80.51,31.11
23.89,-80.49,30.76
23.89,-80.47,30.37
23.89,-80.45,30.28
23.89,-80.43,30.34
23.89,-80.41,30.41
23.89,-80.39,30.39
23.89,-80.37,30.3
23.89,-80.35,30.23
23.89,-80.33,30.26
23.89,-80.31,30.28
23.89,-80.29,30.27
23.89,-80.27,30.36
23.89,-80.25,30.39
23.89,-80.23,30.35
23.89,-80.21,30.31
23.89,-80.19,30.25
23.89,-80.17,30.15
23.89,-80.15,30.45
23.89,-80.13,30.6
23.89,-80.11,30.81
23.89,-80.09,30.95
23.89,-80.07,30.98
23.89,-80.05,31.06
23.89,-80.03,31.1
23.89,-80.01,31.15
23.89,-79.99,31.05
23.89,-79.97,31.03
23.89,-79.95,31.1
23.89,-79.93,31.0
23.89,-79.91,30.98
23.89,-79.89,31.04
23.89,-79.87,30.93
23.89,-79.85,30.8
23.89,-79.83,30.88
23.89,-79.81,30.78
23.89,-79.79,30.75
23.89,-79.77,30.44
23.89,-79.75,30.51
23.89,-79.73,30.54
23.89,-79.71,30.55
23.89,-79.69,30.54
23.89,-79.67,30.5
23.89,-79.55,30.54
23.89,-79.53,30.48
23.89,-79.51,30.4
23.87,-83.15,31.16
23.87,-83.13,31.22
23.87,-83.11,31.2
23.87,-83.09,31.21
23.87,-83.07,31.18
23.87,-83.05,31.14
23.87,-83.03,31.16
23.87,-83.01,31.12
23.87,-82.99,31.09
23.87,-82.97,31.07
23.87,-82.95,31.08
23.87,-82.93,31.09
23.87,-82.91,31.11
23.87,-82.89,31.1
23.87,-82.87,31.06
23.87,-82.85,31.03
23.87,-82.83,31.06
23.87,-82.81,31.09
23.87,-82.79,31.03
23.87,-82.77,30.96
23.87,-82.75,30.97
23.87,-82.73,31.07
23.87,-82.71,31.13
23.87,-82.69,31.12
23.87,-82.67,31.17
23.87,-82.65,31.26
23.87,-82.63,31.32
23.87,-82.61,31.38
23.87,-82.59,31.38
23.87,-82.57,31.41
23.87,-82.55,31.44
23.87,-82.53,31.38
23.87,-82.51,31.39
23.87,-82.49,31.41
23.87,-82.47,31.38
23.87,-82.45,31.46
23.87,-82.43,31.56
23.87,-82.41,31.53
23.87,-82.39,31.52
23.87,-82.37,31.49
23.87,-82.35,31.5
23.87,-82.33,31.49
23.87,-82.31,31.51
23.87,-82.29,31.5
23.87,-82.27,31.49
23.87,-82.25,31.45
23.87,-82.23,31.43
23.87,-82.21,31.38
23.87,-82.19,31.3
23.87,-82.17,31.26
23.87,-82.15,31.18
23.87,-82.13,31.06
23.87,-82.11,31.01
23.87,-82.09,30.97
23.87,-82.07,30.92
23.87,-82.05,30.91
23.87,-82.03,30.92
23.87,-82.01,30.94
23.87,-81.99,30.88
23.87,-81.97,30.86
23.87,-81.95,30.91
23.87,-81.93,30.92
23.87,-81.91,30.87
23.87,-81.89,30.84
23.87,-81.87,30.83
23.87,-81.85,30.87
23.87,-81.83,30.93
23.87,-81.81,30.93
23.87,-81.79,30.92
23.87,-81.77,30.91
23.87,-81.75,30.87
23.87,-81.73,30.9
23.87,-81.71,30.9
23.87,-81.69,30.89
23.87,-81.67,30.92
23.87,-81.65,30.91
23.87,-81.63,30.96
23.87,-81.61,30.96
23.87,-81.59,30.92
23.87,-81.57,30.98
23.87,-81.55,31.01
23.87,-81.53,30.97
23.87,-81.51,30.95
23.87,-81.49,31.0
23.87,-81.47,31.03
23.87,-81.45,31.04
23.87,-81.43,31.02
23.87,-81.41,31.0
23.87,-81.39,31.04
23.87,-81.37,31.05
23.87,-81.35,31.04
23.87,-81.33,31.04
23.87,-81.31,30.97
23.87,-81.29,30.87
23.87,-81.27,30.98
23.87,-81.25,31.05
23.87,-81.23,31.07
23.87,-81.21,31.08
23.87,-81.19,31.07
23.87,-81.17,31.13
23.87,-81.15,31.18
23.87,-81.13,31.11
23.87,-81.11,31.07
23.87,-81.09,31.1
23.87,-81.07,31.07
23.87,-81.05,31.05
23.87,-81.03,31.01
23.87,-81.01,30.86
23.87,-80.99,30.84
23.87,-80.97,30.97
23.87,-80.95,30.95
23.87,-80.93,30.94
23.87,-80.91,31.01
23.87,-80.89,30.99
23.87,-80.87,31.05
23.87,-80.85,31.11
23.87,-80.83,31.12
23.87,-80.81,31.1
23.87,-80.77,31.1
23.87,-80.75,31.15
23.87,-80.73,31.41
23.87,-80.71,31.44
23.87,-80.69,31.41
23.87,-80.67,31.4
23.87,-80.65,31.33
23.87,-80.63,31.26
23.87,-80.61,31.43
23.87,-80.59,31.43
23.87,-80.57,31.51
23.87,-80.55,31.56
23.87,-80.51,31.1
23.87,-80.49,30.74
23.87,-80.47,30.38
23.87,-80.45,30.27
23.87,-80.43,30.41
23.87,-80.41,30.52
23.87,-80.39,30.53
23.87,-80.35,30.28
23.87,-80.33,30.33
23.87,-80.31,30.4
23.87,-80.29,30.32
23.87,-80.27,30.49
23.87,-80.25,30.54
23.87,-80.23,30.45
23.87,-80.21,30.47
23.87,-80.19,30.29
23.87,-80.17,30.39
23.87,-80.15,30.53
23.87,-80.13,30.74
23.87,-80.11,30.84
23.87,-80.09,30.84
23.87,-80.07,30.86
23.87,-80.05,30.93
23.87,-80.03,30.98
23.87,-80.01,31.1
23.87,-79.99,31.11
23.87,-79.97,31.02
23.87,-79.95,30.97
23.87,-79.93,30.95
23.87,-79.91,30.95
23.87,-79.89,31.03
23.87,-79.87,31.05
23.87,-79.85,30.89
23.87,-79.83,30.9
23.87,-79.81,30.87
23.87,-79.77,30.72
23.87,-79.75,30.46
23.87,-79.73,30.58
23.87,-79.71,30.6
23.87,-79.69,30.6
23.87,-79.67,30.53
23.87,-79.65,30.51
23.87,-79.63,30.49
23.87,-79.61,30.48
23.87,-79.59,30.47
23.87,-79.57,30.45
23.87,-79.55,30.46
23.87,-79.53,30.37
23.87,-79.51,30.33
23.85,-83.15,31.15
23.85,-83.13,31.15
23.85,-83.11,31.15
23.85,-83.09,31.19
23.85,-83.07,31.19
23.85,-83.05,31.13
23.85,-83.03,31.11
23.85,-83.01,31.08
23.85,-82.99,31.08
23.85,-82.97,31.1
23.85,-82.95,31.13
23.85,-82.93,31.11
23.85,-82.91,31.14
23.85,-82.89,31.14
23.85,-82.87,31.1
23.85,-82.85,31.07
23.85,-82.83,31.07
23.85,-82.81,31.08
23.85,-82.79,31.06
23.85,-82.77,30.98
23.85,-82.75,30.95
23.85,-82.73,31.03
23.85,-82.71,31.12
23.85,-82.69,31.13
23.85,-82.67,31.14
23.85,-82.65,31.21
23.85,-82.63,31.26
23.85,-82.61,31.35
23.85,-82.59,31.37
23.85,-82.57,31.36
23.85,-82.55,31.35
23.85,-82.53,31.3
23.85,-82.51,31.28
23.85,-82.49,31.33
23.85,-82.47,31.32
23.85,-82.45,31.38
23.85,-82.43,31.43
23.85,-82.41,31.46
23.85,-82.39,31.46
23.85,-82.37,31.46
23.85,-82.35,31.46
23.85,-82.33,31.46
23.85,-82.31,31.48
23.85,-82.29,31.48
23.85,-82.27,31.46
23.85,-82.25,31.43
23.85,-82.23,31.41
23.85,-82.21,31.39
23.85,-82.19,31.37
23.85,-82.17,31.31
23.85,-82.15,31.22
23.85,-82.13,31.12
23.85,-82.11,31.09
23.85,-82.09,31.12
23.85,-82.07,30.99
23.85,-82.05,30.94
23.85,-82.03,30.93
23.85,-82.01,30.9
23.85,-81.99,30.85
23.85,-81.97,30.82
23.85,-81.95,30.82
23.85,-81.93,30.83
23.85,-81.91,30.78
23.85,-81.89,30.79
23.85,-81.87,30.8
23.85,-81.85,30.79
23.85,-81.83,30.82
23.85,-81.81,30.85
23.85,-81.79,30.92
23.85,-81.77,30.91
23.85,-81.75,30.86
23.85,-81.73,30.89
23.85,-81.71,30.94
23.85,-81.69,30.9
23.85,-81.67,30.91
23.85,-81.65,30.91
23.85,-81.63,30.92
23.85,-81.61,30.85
23.85,-81.59,30.8
23.85,-81.57,30.86
23.85,-81.55,30.92
23.85,-81.53,30.91
23.85,-81.51,30.9
23.85,-81.49,30.95
23.85,-81.47,30.98
23.85,-81.45,30.99
23.85,-81.43,31.02
23.85,-81.41,30.96
23.85,-81.39,31.02
23.85,-81.37,31.02
23.85,-81.35,31.01
23.85,-81.33,31.03
23.85,-81.31,30.98
23.85,-81.29,30.95
23.85,-81.27,30.9
23.85,-81.25,30.99
23.85,-81.23,31.03
23.85,-81.21,31.06
23.85,-81.19,31.03
23.85,-81.17,31.12
23.85,-81.15,31.1
23.85,-81.13,31.08
23.85,-81.11,31.07
23.85,-81.09,31.06
23.85,-81.07,31.04
23.85,-81.05,30.99
23.85,-81.03,30.92
23.85,-81.01,30.88
23.85,-80.99,30.98
23.85,-80.97,31.04
23.85,-80.95,30.99
23.85,-80.93,30.97
23.85,-80.91,31.0
23.85,-80.89,31.06
23.85,-80.87,31.12
23.85,-80.85,31.13
23.85,-80.83,31.1
23.85,-80.81,31.09
23.85,-80.79,31.19
23.85,-80.77,31.19
23.85,-80.75,31.15
23.85,-80.73,31.27
23.85,-80.71,31.35
23.85,-80.69,31.34
23.85,-80.67,31.35
23.85,-80.65,31.33
23.85,-80.63,31.3
23.85,-80.61,31.37
23.85,-80.59,31.37
23.85,-80.57,31.53
23.85,-80.55,31.52
23.85,-80.51,31.1
23.85,-80.49,31.04
23.85,-80.47,30.62
23.85,-80.45,30.3
23.85,-80.43,30.45
23.85,-80.41,30.51
23.85,-80.39,30.55
23.85,-80.31,30.44
23.85,-80.29,30.45
23.85,-80.27,30.47
23.85,-80.25,30.53
23.85,-80.23,30.56
23.85,-80.21,30.41
23.85,-80.19,30.36
23.85,-80.17,30.44
23.85,-80.15,30.68
23.85,-80.13,30.83
23.85,-80.11,30.79
23.85,-80.09,30.79
23.85,-80.07,30.81
23.85,-80.05,30.86
23.85,-80.03,30.96
23.85,-80.01,31.06
23.85,-79.99,31.15
23.85,-79.97,31.13
23.85,-79.93,31.0
23.85,-79.91,30.96
23.85,-79.89,30.97
23.85,-79.83,30.84
23.85,-79.81,30.77
23.85,-79.79,30.88
23.85,-79.77,30.79
23.85,-79.75,30.56
23.85,-79.73,30.6
23.85,-79.71,30.62
23.85,-79.69,30.71
23.85,-79.67,30.6
23.85,-79.65,30.55
23.85,-79.63,30.57
23.85,-79.61,30.56
23.85,-79.59,30.5
23.85,-79.57,30.42
23.85,-79.55,30.38
23.85,-79.53,30.37
23.85,-79.51,30.28
23.85,-79.49,30.26
23.83,-83.15,31.18
23.83,-83.13,31.14
23.83,-83.11,31.11
23.83,-83.09,31.11
23.83,-83.07,31.14
23.83,-83.05,31.13
23.83,-83.03,31.09
23.83,-83.01,31.08
23.83,-82.99,31.08
23.83,-82.97,31.1
23.83,-82.95,31.14
23.83,-82.93,31.14
23.83,-82.91,31.17
23.83,-82.89,31.14
23.83,-82.87,31.11
23.83,-82.85,31.1
23.83,-82.83,31.1
23.83,-82.81,31.06
23.83,-82.79,31.07
23.83,-82.77,31.04
23.83,-82.75,31.02
23.83,-82.73,31.04
23.83,-82.71,31.1
23.83,-82.69,31.12
23.83,-82.67,31.14
23.83,-82.65,31.19
23.83,-82.63,31.26
23.83,-82.61,31.31
23.83,-82.59,31.32
23.83,-82.57,31.32
23.83,-82.55,31.28
23.83,-82.53,31.25
23.83,-82.51,31.17
23.83,-82.49,31.23
23.83,-82.47,31.24
23.83,-82.45,31.25
23.83,-82.43,31.27
23.83,-82.41,31.34
23.83,-82.39,31.34
23.83,-82.37,31.36
23.83,-82.35,31.31
23.83,-82.33,31.29
23.83,-82.31,31.37
23.83,-82.29,31.35
23.83,-82.27,31.34
23.83,-82.25,31.34
23.83,-82.23,31.38
23.83,-82.21,31.38
23.83,-82.19,31.42
23.83,-82.17,31.37
23.83,-82.15,31.27
23.83,-82.13,31.16
23.83,-82.11,31.09
23.83,-82.09,31.2
23.83,-82.07,31.11
23.83,-82.05,31.01
23.83,-82.03,30.94
23.83,-82.01,30.91
23.83,-81.99,30.87
23.83,-81.97,30.79
23.83,-81.95,30.76
23.83,-81.93,30.75
23.83,-81.91,30.75
23.83,-81.89,30.76
23.83,-81.87,30.78
23.83,-81.85,30.75
23.83,-81.83,30.77
23.83,-81.81,30.79
23.83,-81.79,30.8
23.83,-81.77,30.82
23.83,-81.75,30.82
23.83,-81.73,30.82
23.83,-81.71,30.84
23.83,-81.69,30.91
23.83,-81.67,30.92
23.83,-81.65,30.92
23.83,-81.63,30.93
23.83,-81.61,30.81
23.83,-81.59,30.79
23.83,-81.57,30.81
23.83,-81.55,30.84
23.83,-81.53,30.88
23.83,-81.51,30.87
23.83,-81.49,30.88
23.83,-81.47,30.91
23.83,-81.45,30.95
23.83,-81.43,30.99
23.83,-81.41,30.92
23.83,-81.39,31.0
23.83,-81.37,30.98
23.83,-81.35,30.94
23.83,-81.33,30.97
23.83,-81.31,30.99
23.83,-81.29,30.97
23.83,-81.27,30.94
23.83,-81.25,30.93
23.83,-81.23,31.01
23.83,-81.21,31.01
23.83,-81.19,30.99
23.83,-81.17,31.05
23.83,-81.15,31.04
23.83,-81.13,31.04
23.83,-81.11,31.04
23.83,-81.09,31.02
23.83,-81.07,31.0
23.83,-81.05,30.97
23.83,-81.03,30.91
23.83,-81.01,30.96
23.83,-80.99,31.02
23.83,-80.97,31.04
23.83,-80.95,31.03
23.83,-80.93,30.99
23.83,-80.91,31.09
23.83,-80.89,31.13
23.83,-80.87,31.15
23.83,-80.85,31.16
23.83,-80.83,31.23
23.83,-80.81,31.18
23.83,-80.79,31.19
23.83,-80.77,31.18
23.83,-80.75,31.18
23.83,-80.73,31.2
23.83,-80.71,31.28
23.83,-80.69,31.28
23.83,-80.67,31.32
23.83,-80.65,31.32
23.83,-80.63,31.3
23.83,-80.61,31.31
23.83,-80.59,31.3
23.83,-80.57,31.33
23.83,-80.55,31.47
23.83,-80.53,31.42
23.83,-80.51,31.12
23.83,-80.49,31.03
23.83,-80.47,30.74
23.83,-80.45,30.4
23.83,-80.43,30.51
23.83,-80.41,30.59
23.83,-80.39,30.59
23.83,-80.37,30.65
23.83,-80.29,30.62
23.83,-80.27,30.58
23.83,-80.25,30.54
23.83,-80.23,30.67
23.83,-80.21,30.44
23.83,-80.19,30.42
23.83,-80.17,30.61
23.83,-80.15,30.82
23.83,-80.13,30.84
23.83,-80.11,30.83
23.83,-80.09,30.82
23.83,-80.07,30.84
23.83,-80.05,30.88
23.83,-80.03,30.97
23.83,-80.01,31.07
23.83,-79.99,31.18
23.83,-79.97,31.17
23.83,-79.95,31.12
23.83,-79.93,31.2
23.83,-79.91,31.24
23.83,-79.79,30.84
23.83,-79.77,30.77
23.83,-79.75,30.72
23.83,-79.73,30.68
23.83,-79.71,30.74
23.83,-79.69,30.82
23.83,-79.67,30.84
23.83,-79.65,30.56
23.83,-79.63,30.59
23.83,-79.61,30.63
23.83,-79.59,30.54
23.83,-79.57,30.47
23.83,-79.55,30.41
23.83,-79.53,30.36
23.83,-79.51,30.29
23.81,-83.15,31.15
23.81,-83.13,31.17
23.81,-83.11,31.12
23.81,-83.09,31.09
23.81,-83.07,31.07
23.81,-83.05,31.1
23.81,-83.03,31.11
23.81,-83.01,31.1
23.81,-82.99,31.11
23.81,-82.97,31.12
23.81,-82.95,31.18
23.81,-82.93,31.14
23.81,-82.91,31.19
23.81,-82.89,31.19
23.81,-82.87,31.13
23.81,-82.85,31.12
23.81,-82.83,31.11
23.81,-82.81,31.09
23.81,-82.79,31.08
23.81,-82.77,31.06
23.81,-82.75,31.04
23.81,-82.73,31.05
23.81,-82.71,31.09
23.81,-82.69,31.16
23.81,-82.67,31.17
23.81,-82.65,31.17
23.81,-82.63,31.25
23.81,-82.61,31.28
23.81,-82.59,31.3
23.81,-82.57,31.3
23.81,-82.55,31.28
23.81,-82.53,31.25
23.81,-82.51,31.17
23.81,-82.49,31.18
23.81,-82.47,31.17
23.81,-82.45,31.14
23.81,-82.43,31.09
23.81,-82.41,31.17
23.81,-82.39,31.25
23.81,-82.37,31.27
23.81,-82.35,31.16
23.81,-82.33,31.12
23.81,-82.31,31.19
23.81,-82.29,31.15
23.81,-82.27,31.19
23.81,-82.25,31.28
23.81,-82.23,31.29
23.81,-82.21,31.31
23.81,-82.19,31.35
23.81,-82.17,31.36
23.81,-82.15,31.29
23.81,-82.13,31.23
23.81,-82.11,31.17
23.81,-82.09,31.16
23.81,-82.07,31.18
23.81,-82.05,31.07
23.81,-82.03,31.01
23.81,-82.01,30.92
23.81,-81.99,30.88
23.81,-81.97,30.76
23.81,-81.95,30.73
23.81,-81.93,30.69
23.81,-81.91,30.72
23.81,-81.89,30.75
23.81,-81.87,30.75
23.81,-81.85,30.77
23.81,-81.83,30.75
23.81,-81.81,30.74
23.81,-81.79,30.74
23.81,-81.77,30.74
23.81,-81.75,30.73
23.81,-81.73,30.7
23.81,-81.71,30.74
23.81,-81.69,30.82
23.81,-81.67,30.84
23.81,-81.65,30.88
23.81,-81.63,30.88
23.81,-81.61,30.86
23.81,-81.59,30.84
23.81,-81.57,30.8
23.81,-81.55,30.83
23.81,-81.53,30.88
23.81,-81.51,30.86
23.81,-81.49,30.82
23.81,-81.47,30.84
23.81,-81.45,30.94
23.81,-81.43,30.94
23.81,-81.41,30.9
23.81,-81.39,30.93
23.81,-81.37,30.91
23.81,-81.35,30.88
23.81,-81.33,30.98
23.81,-81.31,31.0
23.81,-81.29,30.95
23.81,-81.27,30.94
23.81,-81.25,30.93
23.81,-81.23,30.97
23.81,-81.21,31.0
23.81,-81.19,30.97
23.81,-81.17,30.99
23.81,-81.15,31.01
23.81,-81.13,31.0
23.81,-81.11,30.99
23.81,-81.09,30.98
23.81,-81.07,30.98
23.81,-81.05,30.94
23.81,-81.03,30.96
23.81,-81.01,31.04
23.81,-80.99,31.08
23.81,-80.97,31.08
23.81,-80.95,31.05
23.81,-80.93,31.11
23.81,-80.91,31.14
23.81,-80.89,31.19
23.81,-80.87,31.15
23.81,-80.85,31.19
23.81,-80.83,31.24
23.81,-80.81,31.25
23.81,-80.79,31.21
23.81,-80.77,31.2
23.81,-80.75,31.17
23.81,-80.73,31.16
23.81,-80.71,31.17
23.81,-80.69,31.23
23.81,-80.67,31.27
23.81,-80.65,31.24
23.81,-80.63,31.23
23.81,-80.61,31.23
23.81,-80.59,31.24
23.81,-80.57,31.27
23.81,-80.55,31.31
23.81,-80.53,31.34
23.81,-80.51,31.26
23.81,-80.49,31.02
23.81,-80.47,30.87
23.81,-80.45,30.38
23.81,-80.43,30.58
23.81,-80.41,30.74
23.81,-80.39,30.68
23.81,-80.37,30.7
23.81,-80.35,30.71
23.81,-80.33,30.67
23.81,-80.31,30.71
23.81,-80.29,30.7
23.81,-80.27,30.67
23.81,-80.25,30.63
23.81,-80.23,30.57
23.81,-80.21,30.46
23.81,-80.19,30.55
23.81,-80.17,30.79
23.81,-80.15,30.83
23.81,-80.13,30.76
23.81,-80.11,30.85
23.81,-80.09,30.91
23.81,-80.07,30.86
23.81,-80.05,30.88
23.81,-80.03,30.94
23.81,-80.01,31.03
23.81,-79.99,31.21
23.81,-79.97,31.24
23.81,-79.95,31.17
23.81,-79.93,31.26
23.81,-79.91,31.36
23.81,-79.79,30.85
23.81,-79.77,30.84
23.81,-79.75,30.81
23.81,-79.73,30.68
23.81,-79.71,30.78
23.81,-79.69,30.85
23.81,-79.67,30.82
23.81,-79.65,30.63
23.81,-79.63,30.6
23.81,-79.61,30.62
23.81,-79.59,30.64
23.81,-79.57,30.55
23.81,-79.55,30.41
23.81,-79.53,30.35
23.79,-83.15,31.08
23.79,-83.13,31.11
23.79,-83.11,31.12
23.79,-83.09,31.08
23.79,-83.07,31.06
23.79,-83.05,31.1
23.79,-83.03,31.12
23.79,-83.01,31.11
23.79,-82.99,31.13
23.79,-82.97,31.16
23.79,-82.95,31.17
23.79,-82.93,31.17
23.79,-82.91,31.2
23.79,-82.89,31.23
23.79,-82.87,31.2
23.79,-82.85,31.17
23.79,-82.83,31.16
23.79,-82.81,31.1
23.79,-82.79,31.11
23.79,-82.77,31.1
23.79,-82.75,31.07
23.79,-82.73,31.08
23.79,-82.71,31.11
23.79,-82.69,31.18
23.79,-82.67,31.21
23.79,-82.65,31.23
23.79,-82.63,31.26
23.79,-82.61,31.25
23.79,-82.59,31.27
23.79,-82.57,31.27
23.79,-82.55,31.25
23.79,-82.53,31.22
23.79,-82.51,31.19
23.79,-82.49,31.18
23.79,-82.47,31.18
23.79,-82.45,31.13
23.79,-82.43,31.08
23.79,-82.41,31.11
23.79,-82.39,31.17
23.79,-82.37,31.17
23.79,-82.35,31.12
23.79,-82.33,31.07
23.79,-82.31,31.12
23.79,-82.29,31.08
23.79,-82.27,30.99
23.79,-82.25,31.01
23.79,-82.23,31.16
23.79,-82.21,31.23
23.79,-82.19,31.3
23.79,-82.17,31.29
23.79,-82.15,31.24
23.79,-82.13,31.18
23.79,-82.11,31.19
23.79,-82.09,31.18
23.79,-82.07,31.09
23.79,-82.05,31.05
23.79,-82.03,31.07
23.79,-82.01,30.97
23.79,-81.99,30.89
23.79,-81.97,30.76
23.79,-81.95,30.6
23.79,-81.93,30.63
23.79,-81.91,30.63
23.79,-81.89,30.7
23.79,-81.87,30.73
23.79,-81.85,30.75
23.79,-81.83,30.74
23.79,-81.81,30.72
23.79,-81.79,30.72
23.79,-81.77,30.7
23.79,-81.75,30.68
23.79,-81.73,30.67
23.79,-81.71,30.63
23.79,-81.69,30.66
23.79,-81.67,30.76
23.79,-81.65,30.82
23.79,-81.63,30.83
23.79,-81.61,30.85
23.79,-81.59,30.83
23.79,-81.57,30.83
23.79,-81.55,30.88
23.79,-81.53,30.88
23.79,-81.51,30.82
23.79,-81.49,30.8
23.79,-81.47,30.83
23.79,-81.45,30.88
23.79,-81.43,30.88
23.79,-81.41,30.88
23.79,-81.39,30.92
23.79,-81.37,30.88
23.79,-81.35,30.82
23.79,-81.33,30.94
23.79,-81.31,30.92
23.79,-81.29,30.89
23.79,-81.27,30.92
23.79,-81.25,30.92
23.79,-81.23,30.93
23.79,-81.21,30.97
23.79,-81.19,31.01
23.79,-81.17,30.99
23.79,-81.15,30.98
23.79,-81.13,30.98
23.79,-81.11,30.97
23.79,-81.09,30.97
23.79,-81.07,30.95
23.79,-81.05,30.97
23.79,-81.03,31.03
23.79,-81.01,31.08
23.79,-80.99,31.13
23.79,-80.97,31.13
23.79,-80.95,31.13
23.79,-80.93,31.17
23.79,-80.91,31.24
23.79,-80.89,31.23
23.79,-80.87,31.18
23.79,-80.85,31.18
23.79,-80.83,31.16
23.79,-80.81,31.22
23.79,-80.79,31.24
23.79,-80.77,31.24
23.79,-80.75,31.2
23.79,-80.73,31.17
23.79,-80.71,31.13
23.79,-80.69,31.16
23.79,-80.67,31.15
23.79,-80.65,31.15
23.79,-80.63,31.21
23.79,-80.61,31.14
23.79,-80.59,31.14
23.79,-80.57,31.21
23.79,-80.55,31.29
23.79,-80.53,31.37
23.79,-80.51,31.3
23.79,-80.49,31.22
23.79,-80.47,30.77
23.79,-80.45,30.41
23.79,-80.43,30.64
23.79,-80.41,30.88
23.79,-80.39,30.91
23.79,-80.37,30.89
23.79,-80.35,30.83
23.79,-80.33,30.78
23.79,-80.31,30.75
23.79,-80.29,30.75
23.79,-80.27,30.67
23.79,-80.25,30.64
23.79,-80.23,30.61
23.79,-80.21,30.59
23.79,-80.19,30.65
23.79,-80.17,30.84
23.79,-80.15,30.79
23.79,-80.13,30.73
23.79,-80.11,30.79
23.79,-80.09,30.88
23.79,-80.07,30.9
23.79,-80.05,30.89
23.79,-80.03,30.91
23.79,-80.01,31.02
23.79,-79.99,31.16
23.79,-79.97,31.24
23.79,-79.95,31.25
23.79,-79.93,31.28
23.79,-79.91,31.34
23.79,-79.89,31.29
23.79,-79.77,30.87
23.79,-79.63,30.6
23.79,-79.61,30.59
23.79,-79.59,30.62
23.79,-79.57,30.53
23.79,-79.55,30.42
23.79,-79.53,30.37
23.79,-79.51,30.34
23.79,-79.49,30.32
23.79,-79.47,30.29
23.79,-79.45,30.29
23.79,-79.43,30.32
23.79,-79.41,30.19
23.79,-79.39,30.2
23.77,-83.15,31.08
23.77,-83.13,31.09
23.77,-83.11,31.12
23.77,-83.09,31.09
23.77,-83.07,31.05
23.77,-83.05,31.06
23.77,-83.03,31.11
23.77,-83.01,31.15
23.77,-82.99,31.16
23.77,-82.97,31.17
23.77,-82.95,31.18
23.77,-82.93,31.18
23.77,-82.91,31.21
23.77,-82.89,31.23
23.77,-82.87,31.22
23.77,-82.85,31.2
23.77,-82.83,31.17
23.77,-82.81,31.16
23.77,-82.79,31.13
23.77,-82.77,31.15
23.77,-82.75,31.14
23.77,-82.73,31.14
23.77,-82.71,31.18
23.77,-82.69,31.23
23.77,-82.67,31.26
23.77,-82.65,31.3
23.77,-82.63,31.31
23.77,-82.61,31.29
23.77,-82.59,31.27
23.77,-82.57,31.26
23.77,-82.55,31.24
23.77,-82.53,31.2
23.77,-82.51,31.2
23.77,-82.49,31.16
23.77,-82.47,31.16
23.77,-82.45,31.08
23.77,-82.43,31.08
23.77,-82.41,31.13
23.77,-82.39,31.16
23.77,-82.37,31.17
23.77,-82.35,31.09
23.77,-82.33,31.06
23.77,-82.31,31.11
23.77,-82.29,31.08
23.77,-82.27,31.0
23.77,-82.25,30.98
23.77,-82.23,31.01
23.77,-82.21,31.07
23.77,-82.19,31.17
23.77,-82.17,31.17
23.77,-82.15,31.11
23.77,-82.13,31.06
23.77,-82.11,31.15
23.77,-82.09,31.14
23.77,-82.07,31.05
23.77,-82.05,31.0
23.77,-82.03,31.03
23.77,-82.01,30.96
23.77,-81.99,30.9
23.77,-81.97,30.82
23.77,-81.95,30.66
23.77,-81.93,30.62
23.77,-81.91,30.62
23.77,-81.89,30.67
23.77,-81.87,30.71
23.77,-81.85,30.66
23.77,-81.83,30.65
23.77,-81.81,30.71
23.77,-81.79,30.7
23.77,-81.77,30.66
23.77,-81.75,30.65
23.77,-81.73,30.64
23.77,-81.71,30.62
23.77,-81.69,30.61
23.77,-81.67,30.65
23.77,-81.65,30.76
23.77,-81.63,30.79
23.77,-81.61,30.76
23.77,-81.59,30.74
23.77,-81.57,30.82
23.77,-81.55,30.89
23.77,-81.53,30.88
23.77,-81.51,30.8
23.77,-81.49,30.81
23.77,-81.47,30.81
23.77,-81.45,30.79
23.77,-81.43,30.84
23.77,-81.41,30.9
23.77,-81.39,30.89
23.77,-81.37,30.87
23.77,-81.35,30.81
23.77,-81.33,30.84
23.77,-81.31,30.86
23.77,-81.29,30.86
23.77,-81.27,30.91
23.77,-81.25,30.88
23.77,-81.23,30.86
23.77,-81.21,30.92
23.77,-81.19,30.98
23.77,-81.17,30.99
23.77,-81.15,30.95
23.77,-81.13,30.97
23.77,-81.11,30.97
23.77,-81.09,30.97
23.77,-81.07,30.99
23.77,-81.05,30.99
23.77,-81.03,31.05
23.77,-81.01,31.1
23.77,-80.99,31.14
23.77,-80.97,31.18
23.77,-80.95,31.17
23.77,-80.93,31.23
23.77,-80.91,31.27
23.77,-80.89,31.24
23.77,-80.87,31.16
23.77,-80.85,31.16
23.77,-80.83,31.2
23.77,-80.81,31.21
23.77,-80.79,31.22
23.77,-80.77,31.24
23.77,-80.75,31.2
23.77,-80.73,31.17
23.77,-80.71,31.16
23.77,-80.69,31.13
23.77,-80.67,31.07
23.77,-80.65,31.04
23.77,-80.63,31.16
23.77,-80.61,31.12
23.77,-80.59,31.13
23.77,-80.57,31.16
23.77,-80.55,31.26
23.77,-80.53,31.4
23.77,-80.51,31.33
23.77,-80.49,31.24
23.77,-80.47,30.85
23.77,-80.45,30.45
23.77,-80.43,30.78
23.77,-80.41,30.97
23.77,-80.39,31.04
23.77,-80.37,30.98
23.77,-80.35,30.91
23.77,-80.33,30.9
23.77,-80.31,30.83
23.77,-80.29,30.79
23.77,-80.27,30.73
23.77,-80.25,30.66
23.77,-80.23,30.63
23.77,-80.21,30.78
23.77,-80.19,30.88
23.77,-80.17,30.83
23.77,-80.15,30.77
23.77,-80.13,30.72
23.77,-80.11,30.76
23.77,-80.09,30.84
23.77,-80.07,30.91
23.77,-80.05,30.89
23.77,-80.03,30.84
23.77,-80.01,31.06
23.77,-79.99,31.13
23.77,-79.97,31.21
23.77,-79.95,31.25
23.77,-79.93,31.29
23.77,-79.91,31.26
23.77,-79.89,31.23
23.77,-79.77,30.82
23.77,-79.65,30.78
23.77,-79.63,30.69
23.77,-79.61,30.59
23.77,-79.59,30.59
23.77,-79.57,30.49
23.77,-79.55,30.4
23.77,-79.51,30.44
23.77,-79.49,30.4
23.77,-79.47,30.34
23.77,-79.45,30.3
23.77,-79.43,30.31
23.77,-79.41,30.18
23.77,-79.39,30.16
23.77,-79.37,30.16
23.75,-83.15,31.08
23.75,-83.13,31.09
23.75,-83.11,31.13
23.75,-83.09,31.13
23.75,-83.07,31.12
23.75,-83.05,31.08
23.75,-83.03,31.11
23.75,-83.01,31.16
23.75,-82.99,31.19
23.75,-82.97,31.22
23.75,-82.95,31.23
23.75,-82.93,31.19
23.75,-82.91,31.22
23.75,-82.89,31.27
23.75,-82.87,31.26
23.75,-82.85,31.2
23.75,-82.83,31.16
23.75,-82.81,31.17
23.75,-82.79,31.16
23.75,-82.77,31.18
23.75,-82.75,31.21
23.75,-82.73,31.2
23.75,-82.71,31.2
23.75,-82.69,31.25
23.75,-82.67,31.32
23.75,-82.65,31.33
23.75,-82.63,31.34
23.75,-82.61,31.36
23.75,-82.59,31.34
23.75,-82.57,31.29
23.75,-82.55,31.29
23.75,-82.53,31.21
23.75,-82.51,31.22
23.75,-82.49,31.15
23.75,-82.47,31.11
23.75,-82.45,31.11
23.75,-82.43,31.15
23.75,-82.41,31.13
23.75,-82.39,31.16
23.75,-82.37,31.2
23.75,-82.35,31.13
23.75,-82.33,31.06
23.75,-82.31,31.08
23.75,-82.29,31.07
23.75,-82.27,31.05
23.75,-82.25,30.99
23.75,-82.23,31.01
23.75,-82.21,31.0
23.75,-82.19,31.06
23.75,-82.17,31.11
23.75,-82.15,31.04
23.75,-82.13,30.96
23.75,-82.11,30.97
23.75,-82.09,31.03
23.75,-82.07,30.99
23.75,-82.05,30.91
23.75,-82.03,30.89
23.75,-82.01,30.89
23.75,-81.99,30.85
23.75,-81.97,30.83
23.75,-81.95,30.74
23.75,-81.93,30.68
23.75,-81.91,30.65
23.75,-81.89,30.65
23.75,-81.87,30.61
23.75,-81.85,30.59
23.75,-81.83,30.66
23.75,-81.81,30.74
23.75,-81.79,30.68
23.75,-81.77,30.62
23.75,-81.75,30.61
23.75,-81.73,30.66
23.75,-81.71,30.62
23.75,-81.69,30.59
23.75,-81.67,30.63
23.75,-81.65,30.73
23.75,-81.63,30.76
23.75,-81.61,30.72
23.75,-81.59,30.67
23.75,-81.57,30.76
23.75,-81.55,30.83
23.75,-81.53,30.84
23.75,-81.51,30.81
23.75,-81.49,30.77
23.75,-81.47,30.79
23.75,-81.45,30.8
23.75,-81.43,30.79
23.75,-81.41,30.87
23.75,-81.39,30.9
23.75,-81.37,30.87
23.75,-81.35,30.83
23.75,-81.33,30.82
23.75,-81.31,30.83
23.75,-81.29,30.82
23.75,-81.27,30.87
23.75,-81.25,30.87
23.75,-81.23,30.87
23.75,-81.21,30.9
23.75,-81.19,30.91
23.75,-81.17,30.94
23.75,-81.15,30.93
23.75,-81.13,30.95
23.75,-81.11,30.97
23.75,-81.09,30.99
23.75,-81.07,31.0
23.75,-81.05,31.0
23.75,-81.03,31.05
23.75,-81.01,31.1
23.75,-80.99,31.18
23.75,-80.97,31.24
23.75,-80.95,31.21
23.75,-80.93,31.22
23.75,-80.91,31.21
23.75,-80.89,31.19
23.75,-80.87,31.14
23.75,-80.85,31.17
23.75,-80.83,31.24
23.75,-80.81,31.23
23.75,-80.79,31.23
23.75,-80.77,31.25
23.75,-80.75,31.2
23.75,-80.73,31.17
23.75,-80.71,31.12
23.75,-80.69,31.06
23.75,-80.67,30.98
23.75,-80.65,30.97
23.75,-80.63,31.05
23.75,-80.61,31.08
23.75,-80.59,31.12
23.75,-80.57,31.15
23.75,-80.55,31.16
23.75,-80.53,31.2
23.75,-80.51,31.31
23.75,-80.49,31.21
23.75,-80.47,31.17
23.75,-80.45,30.76
23.75,-80.43,30.6
23.75,-80.41,30.97
23.75,-80.39,31.01
23.75,-80.37,31.01
23.75,-80.35,30.93
23.75,-80.33,30.93
23.75,-80.31,30.92
23.75,-80.29,30.84
23.75,-80.27,30.8
23.75,-80.25,30.7
23.75,-80.23,30.74
23.75,-80.21,30.96
23.75,-80.19,30.91
23.75,-80.17,30.82
23.75,-80.15,30.79
23.75,-80.13,30.74
23.75,-80.11,30.76
23.75,-80.09,30.83
23.75,-80.07,30.88
23.75,-80.05,30.9
23.75,-80.03,30.9
23.75,-80.01,31.01
23.75,-79.99,31.06
23.75,-79.97,31.18
23.75,-79.95,31.22
23.75,-79.93,31.18
23.75,-79.91,31.14
23.75,-79.89,31.11
23.75,-79.87,31.23
23.75,-79.73,30.56
23.75,-79.71,30.61
23.75,-79.69,30.7
23.75,-79.67,30.93
23.75,-79.65,30.95
23.75,-79.63,30.84
23.75,-79.61,30.7
23.75,-79.59,30.57
23.75,-79.57,30.48
23.75,-79.55,30.39
23.75,-79.53,30.42
23.75,-79.51,30.53
23.75,-79.49,30.47
23.75,-79.47,30.43
23.75,-79.45,30.41
23.75,-79.43,30.39
23.75,-79.41,30.24
23.75,-79.39,30.18
23.75,-79.37,30.25
23.75,-79.35,30.36
23.73,-83.15,31.07
23.73,-83.13,31.06
23.73,-83.11,31.09
23.73,-83.09,31.12
23.73,-83.07,31.11
23.73,-83.05,31.12
23.73,-83.03,31.15
23.73,-83.01,31.18
23.73,-82.99,31.24
23.73,-82.97,31.26
23.73,-82.95,31.28
23.73,-82.93,31.23
23.73,-82.91,31.26
23.73,-82.89,31.28
23.73,-82.87,31.31
23.73,-82.85,31.26
23.73,-82.83,31.23
23.73,-82.81,31.21
23.73,-82.79,31.24
23.73,-82.77,31.26
23.73,-82.75,31.25
23.73,-82.73,31.27
23.73,-82.71,31.24
23.73,-82.69,31.25
23.73,-82.67,31.32
23.73,-82.65,31.34
23.73,-82.63,31.37
23.73,-82.61,31.4
23.73,-82.59,31.37
23.73,-82.57,31.37
23.73,-82.55,31.37
23.73,-82.53,31.29
23.73,-82.51,31.26
23.73,-82.49,31.18
23.73,-82.47,31.15
23.73,-82.45,31.19
23.73,-82.43,31.21
23.73,-82.41,31.18
23.73,-82.39,31.17
23.73,-82.37,31.22
23.73,-82.35,31.17
23.73,-82.33,31.09
23.73,-82.31,31.03
23.73,-82.29,31.1
23.73,-82.27,31.06
23.73,-82.25,31.0
23.73,-82.23,31.03
23.73,-82.21,31.01
23.73,-82.19,31.02
23.73,-82.17,31.02
23.73,-82.15,31.0
23.73,-82.13,30.88
23.73,-82.11,30.91
23.73,-82.09,30.93
23.73,-82.07,30.89
23.73,-82.05,30.8
23.73,-82.03,30.79
23.73,-82.01,30.78
23.73,-81.99,30.79
23.73,-81.97,30.81
23.73,-81.95,30.73
23.73,-81.93,30.73
23.73,-81.91,30.66
23.73,-81.89,30.65
23.73,-81.87,30.64
23.73,-81.85,30.63
23.73,-81.83,30.59
23.73,-81.81,30.66
23.73,-81.79,30.69
23.73,-81.77,30.66
23.73,-81.75,30.57
23.73,-81.73,30.62
23.73,-81.71,30.65
23.73,-81.69,30.62
23.73,-81.67,30.59
23.73,-81.65,30.66
23.73,-81.63,30.75
23.73,-81.61,30.78
23.73,-81.59,30.67
23.73,-81.57,30.69
23.73,-81.55,30.75
23.73,-81.53,30.81
23.73,-81.51,30.81
23.73,-81.49,30.76
23.73,-81.47,30.77
23.73,-81.45,30.79
23.73,-81.43,30.78
23.73,-81.41,30.81
23.73,-81.39,30.87
23.73,-81.37,30.87
23.73,-81.35,30.81
23.73,-81.33,30.81
23.73,-81.31,30.86
23.73,-81.29,30.83
23.73,-81.27,30.87
23.73,-81.25,30.86
23.73,-81.23,30.88
23.73,-81.21,30.9
23.73,-81.19,30.88
23.73,-81.17,30.89
23.73,-81.15,30.91
23.73,-81.13,30.94
23.73,-81.11,30.98
23.73,-81.09,31.0
23.73,-81.07,31.03
23.73,-81.05,31.02
23.73,-81.03,31.06
23.73,-81.01,31.14
23.73,-80.99,31.23
23.73,-80.97,31.24
23.73,-80.95,31.21
23.73,-80.93,31.16
23.73,-80.91,31.14
23.73,-80.89,31.15
23.73,-80.87,31.13
23.73,-80.85,31.16
23.73,-80.83,31.2
23.73,-80.81,31.21
23.73,-80.79,31.25
23.73,-80.77,31.24
23.73,-80.75,31.14
23.73,-80.73,31.12
23.73,-80.71,31.11
23.73,-80.69,31.01
23.73,-80.67,30.94
23.73,-80.65,30.9
23.73,-80.63,30.98
23.73,-80.61,31.03
23.73,-80.59,31.09
23.73,-80.57,31.11
23.73,-80.55,31.13
23.73,-80.53,31.11
23.73,-80.51,31.1
23.73,-80.49,31.13
23.73,-80.47,31.17
23.73,-80.45,31.03
23.73,-80.43,30.69
23.73,-80.41,30.87
23.73,-80.39,30.97
23.73,-80.37,30.98
23.73,-80.35,30.95
23.73,-80.33,30.88
23.73,-80.31,30.88
23.73,-80.29,30.93
23.73,-80.27,30.9
23.73,-80.25,30.83
23.73,-80.23,30.94
23.73,-80.21,30.94
23.73,-80.19,30.81
23.73,-80.17,30.79
23.73,-80.15,30.77
23.73,-80.13,30.71
23.73,-80.11,30.74
23.73,-80.09,30.8
23.73,-80.07,30.91
23.73,-80.05,30.92
23.73,-80.03,30.9
23.73,-80.01,30.9
23.73,-79.99,31.01
23.73,-79.97,31.17
23.73,-79.95,31.19
23.73,-79.93,31.18
23.73,-79.91,31.09
23.73,-79.89,31.09
23.73,-79.87,31.23
23.73,-79.85,31.26
23.73,-79.83,31.28
23.73,-79.73,30.53
23.73,-79.71,30.58
23.73,-79.69,30.68
23.73,-79.67,30.85
23.73,-79.65,30.82
23.73,-79.63,30.82
23.73,-79.61,30.8
23.73,-79.59,30.69
23.73,-79.57,30.52
23.73,-79.55,30.4
23.73,-79.53,30.4
23.73,-79.51,30.47
23.73,-79.49,30.5
23.73,-79.47,30.54
23.73,-79.45,30.52
23.73,-79.43,30.48
23.73,-79.41,30.36
23.73,-79.39,30.22
23.73,-79.37,30.28
23.73,-79.35,30.38
23.73,-79.33,30.35
23.73,-79.31,30.28
23.71,-83.15,31.14
23.71,-83.13,31.15
23.71,-83.11,31.14
23.71,-83.09,31.1
23.71,-83.07,31.08
23.71,-83.05,31.08
23.71,-83.03,31.14
23.71,-83.01,31.19
23.71,-82.99,31.26
23.71,-82.97,31.26
23.71,-82.95,31.26
23.71,-82.93,31.29
23.71,-82.91,31.3
23.71,-82.89,31.3
23.71,-82.87,31.33
23.71,-82.85,31.29
23.71,-82.83,31.31
23.71,-82.81,31.3
23.71,-82.79,31.3
23.71,-82.77,31.37
23.71,-82.75,31.41
23.71,-82.73,31.36
23.71,-82.71,31.27
23.71,-82.69,31.24
23.71,-82.67,31.23
23.71,-82.65,31.3
23.71,-82.63,31.43
23.71,-82.61,31.47
23.71,-82.59,31.44
23.71,-82.57,31.44
23.71,-82.55,31.45
23.71,-82.53,31.35
23.71,-82.51,31.34
23.71,-82.49,31.26
23.71,-82.47,31.19
23.71,-82.45,31.24
23.71,-82.43,31.29
23.71,-82.41,31.22
23.71,-82.39,31.2
23.71,-82.37,31.25
23.71,-82.35,31.2
23.71,-82.33,31.11
23.71,-82.31,31.06
23.71,-82.29,31.08
23.71,-82.27,31.05
23.71,-82.25,30.99
23.71,-82.23,31.0
23.71,-82.21,31.0
23.71,-82.19,31.0
23.71,-82.17,31.0
23.71,-82.15,30.93
23.71,-82.13,30.88
23.71,-82.11,30.85
23.71,-82.09,30.84
23.71,-82.07,30.78
23.71,-82.05,30.72
23.71,-82.03,30.73
23.71,-82.01,30.72
23.71,-81.99,30.73
23.71,-81.97,30.76
23.71,-81.95,30.69
23.71,-81.93,30.67
23.71,-81.91,30.62
23.71,-81.89,30.65
23.71,-81.87,30.67
23.71,-81.85,30.64
23.71,-81.83,30.58
23.71,-81.81,30.6
23.71,-81.79,30.64
23.71,-81.77,30.65
23.71,-81.75,30.61
23.71,-81.73,30.59
23.71,-81.71,30.67
23.71,-81.69,30.67
23.71,-81.67,30.61
23.71,-81.65,30.62
23.71,-81.63,30.66
23.71,-81.61,30.73
23.71,-81.59,30.71
23.71,-81.57,30.65
23.71,-81.55,30.68
23.71,-81.53,30.73
23.71,-81.51,30.73
23.71,-81.49,30.77
23.71,-81.47,30.75
23.71,-81.45,30.79
23.71,-81.43,30.83
23.71,-81.41,30.82
23.71,-81.39,30.83
23.71,-81.37,30.84
23.71,-81.35,30.82
23.71,-81.33,30.82
23.71,-81.31,30.89
23.71,-81.29,30.89
23.71,-81.27,30.89
23.71,-81.25,30.86
23.71,-81.23,30.92
23.71,-81.21,30.92
23.71,-81.19,30.84
23.71,-81.17,30.87
23.71,-81.15,30.89
23.71,-81.13,30.94
23.71,-81.11,30.97
23.71,-81.09,30.99
23.71,-81.07,31.04
23.71,-81.05,31.07
23.71,-81.03,31.12
23.71,-81.01,31.21
23.71,-80.99,31.22
23.71,-80.97,31.18
23.71,-80.95,31.17
23.71,-80.93,31.12
23.71,-80.91,31.07
23.71,-80.89,31.07
23.71,-80.87,31.09
23.71,-80.85,31.13
23.71,-80.83,31.2
23.71,-80.81,31.16
23.71,-80.79,31.12
23.71,-80.77,31.12
23.71,-80.75,31.03
23.71,-80.73,31.0
23.71,-80.71,31.01
23.71,-80.69,30.98
23.71,-80.67,30.91
23.71,-80.65,30.9
23.71,-80.63,30.91
23.71,-80.61,31.0
23.71,-80.59,31.02
23.71,-80.57,31.04
23.71,-80.55,31.05
23.71,-80.53,31.06
23.71,-80.51,31.05
23.71,-80.49,31.06
23.71,-80.47,31.1
23.71,-80.45,31.02
23.71,-80.43,30.94
23.71,-80.39,30.8
23.71,-80.37,30.86
23.71,-80.35,30.9
23.71,-80.33,30.79
23.71,-80.31,30.85
23.71,-80.29,30.96
23.71,-80.27,30.98
23.71,-80.25,31.02
23.71,-80.23,30.94
23.71,-80.21,30.91
23.71,-80.19,30.82
23.71,-80.17,30.75
23.71,-80.15,30.7
23.71,-80.13,30.68
23.71,-80.11,30.69
23.71,-80.09,30.76
23.71,-80.07,30.88
23.71,-80.05,30.92
23.71,-80.03,30.87
23.71,-80.01,30.85
23.71,-79.99,30.96
23.71,-79.97,31.12
23.71,-79.95,31.17
23.71,-79.93,31.15
23.71,-79.91,31.1
23.71,-79.89,31.15
23.71,-79.87,31.21
23.71,-79.85,31.19
23.71,-79.83,31.21
23.71,-79.81,31.44
23.71,-79.79,31.44
23.71,-79.77,31.47
23.71,-79.71,30.56
23.71,-79.69,30.66
23.71,-79.67,30.71
23.71,-79.65,30.76
23.71,-79.63,30.81
23.71,-79.61,30.81
23.71,-79.59,30.7
23.71,-79.57,30.56
23.71,-79.55,30.44
23.71,-79.53,30.42
23.71,-79.51,30.5
23.71,-79.49,30.57
23.71,-79.47,30.56
23.71,-79.45,30.53
23.71,-79.43,30.54
23.71,-79.41,30.47
23.71,-79.39,30.43
23.71,-79.37,30.39
23.71,-79.35,30.37
23.71,-79.33,30.38
23.71,-79.31,30.36
23.71,-79.23,30.19
23.69,-83.15,31.16
23.69,-83.13,31.22
23.69,-83.11,31.21
23.69,-83.09,31.19
23.69,-83.07,31.15
23.69,-83.05,31.09
23.69,-83.03,31.12
23.69,-83.01,31.17
23.69,-82.99,31.23
23.69,-82.97,31.27
23.69,-82.95,31.26
23.69,-82.93,31.28
23.69,-82.91,31.31
23.69,-82.89,31.36
23.69,-82.87,31.39
23.69,-82.85,31.34
23.69,-82.83,31.37
23.69,-82.81,31.37
23.69,-82.79,31.42
23.69,-82.77,31.51
23.69,-82.75,31.54
23.69,-82.73,31.5
23.69,-82.71,31.39
23.69,-82.69,31.31
23.69,-82.67,31.24
23.69,-82.65,31.3
23.69,-82.63,31.46
23.69,-82.61,31.58
23.69,-82.59,31.59
23.69,-82.57,31.58
23.69,-82.55,31.61
23.69,-82.53,31.51
23.69,-82.51,31.44
23.69,-82.49,31.37
23.69,-82.47,31.26
23.69,-82.45,31.28
23.69,-82.43,31.36
23.69,-82.41,31.3
23.69,-82.39,31.22
23.69,-82.37,31.25
23.69,-82.35,31.23
23.69,-82.33,31.12
23.69,-82.31,31.08
23.69,-82.29,31.04
23.69,-82.27,31.03
23.69,-82.25,30.96
23.69,-82.23,30.98
23.69,-82.21,30.93
23.69,-82.19,30.95
23.69,-82.17,30.98
23.69,-82.15,30.91
23.69,-82.13,30.86
23.69,-82.11,30.81
23.69,-82.09,30.76
23.69,-82.07,30.72
23.69,-82.05,30.69
23.69,-82.03,30.72
23.69,-82.01,30.72
23.69,-81.99,30.71
23.69,-81.97,30.68
23.69,-81.95,30.68
23.69,-81.93,30.63
23.69,-81.91,30.61
23.69,-81.89,30.65
23.69,-81.87,30.65
23.69,-81.85,30.62
23.69,-81.83,30.57
23.69,-81.81,30.56
23.69,-81.79,30.6
23.69,-81.77,30.64
23.69,-81.75,30.58
23.69,-81.73,30.54
23.69,-81.71,30.66
23.69,-81.69,30.69
23.69,-81.67,30.67
23.69,-81.65,30.65
23.69,-81.63,30.64
23.69,-81.61,30.66
23.69,-81.59,30.65
23.69,-81.57,30.65
23.69,-81.55,30.67
23.69,-81.53,30.68
23.69,-81.51,30.69
23.69,-81.49,30.74
23.69,-81.47,30.73
23.69,-81.45,30.79
23.69,-81.43,30.85
23.69,-81.41,30.84
23.69,-81.39,30.84
23.69,-81.37,30.85
23.69,-81.35,30.85
23.69,-81.33,30.83
23.69,-81.31,30.89
23.69,-81.29,30.93
23.69,-81.27,30.89
23.69,-81.25,30.9
23.69,-81.23,30.91
23.69,-81.21,30.95
23.69,-81.19,30.84
23.69,-81.17,30.91
23.69,-81.15,30.92
23.69,-81.13,30.94
23.69,-81.11,30.98
23.69,-81.09,31.03
23.69,-81.07,31.04
23.69,-81.05,31.06
23.69,-81.03,31.09
23.69,-81.01,31.15
23.69,-80.99,31.13
23.69,-80.97,31.13
23.69,-80.95,31.09
23.69,-80.93,31.09
23.69,-80.91,31.06
23.69,-80.89,31.04
23.69,-80.87,31.08
23.69,-80.85,31.11
23.69,-80.83,31.14
23.69,-80.81,31.13
23.69,-80.79,31.07
23.69,-80.77,30.96
23.69,-80.75,30.61
23.69,-80.73,30.8
23.69,-80.71,30.93
23.69,-80.69,30.97
23.69,-80.67,30.89
23.69,-80.65,30.84
23.69,-80.63,30.87
23.69,-80.61,30.94
23.69,-80.59,30.97
23.69,-80.57,31.02
23.69,-80.55,30.98
23.69,-80.53,30.97
23.69,-80.51,30.96
23.69,-80.49,30.98
23.69,-80.47,30.97
23.69,-80.45,30.96
23.69,-80.43,30.97
23.69,-80.41,30.98
23.69,-80.39,30.58
23.69,-80.37,30.66
23.69,-80.35,30.67
23.69,-80.33,30.68
23.69,-80.31,30.9
23.69,-80.29,31.03
23.69,-80.27,31.03
23.69,-80.25,30.98
23.69,-80.23,30.96
23.69,-80.21,30.91
23.69,-80.19,30.84
23.69,-80.17,30.81
23.69,-80.15,30.69
23.69,-80.13,30.66
23.69,-80.11,30.67
23.69,-80.09,30.72
23.69,-80.07,30.78
23.69,-80.05,30.81
23.69,-80.03,30.82
23.69,-80.01,30.93
23.69,-79.99,30.96
23.69,-79.97,31.07
23.69,-79.95,31.12
23.69,-79.93,31.16
23.69,-79.91,31.12
23.69,-79.89,31.13
23.69,-79.87,31.18
23.69,-79.85,31.17
23.69,-79.83,31.15
23.69,-79.81,31.41
23.69,-79.79,31.5
23.69,-79.77,31.52
23.69,-79.71,30.72
23.69,-79.69,30.72
23.69,-79.67,30.72
23.69,-79.65,30.6
23.69,-79.63,30.7
23.69,-79.61,30.66
23.69,-79.59,30.6
23.69,-79.57,30.55
23.69,-79.55,30.53
23.69,-79.53,30.58
23.69,-79.51,30.6
23.69,-79.49,30.6
23.69,-79.47,30.59
23.69,-79.45,30.59
23.69,-79.43,30.6
23.69,-79.41,30.59
23.69,-79.39,30.55
23.69,-79.37,30.5
23.69,-79.35,30.46
23.69,-79.33,30.47
23.69,-79.31,30.44
23.69,-79.29,30.37
23.69,-79.27,30.24
23.69,-79.25,30.2
23.69,-79.23,30.21
23.67,-83.15,31.21
23.67,-83.13,31.25
23.67,-83.11,31.23
23.67,-83.09,31.21
23.67,-83.07,31.2
23.67,-83.05,31.15
23.67,-83.03,31.16
23.67,-83.01,31.18
23.67,-82.99,31.2
23.67,-82.97,31.22
23.67,-82.95,31.25
23.67,-82.93,31.31
23.67,-82.91,31.33
23.67,-82.89,31.36
23.67,-82.87,31.4
23.67,-82.85,31.41
23.67,-82.83,31.4
23.67,-82.81,31.46
23.67,-82.79,31.53
23.67,-82.77,31.58
23.67,-82.75,31.6
23.67,-82.73,31.62
23.67,-82.71,31.54
23.67,-82.69,31.42
23.67,-82.67,31.3
23.67,-82.65,31.38
23.67,-82.63,31.5
23.67,-82.61,31.72
23.67,-82.59,31.79
23.67,-82.57,31.79
23.67,-82.55,31.82
23.67,-82.53,31.75
23.67,-82.51,31.64
23.67,-82.49,31.49
23.67,-82.47,31.38
23.67,-82.45,31.35
23.67,-82.43,31.35
23.67,-82.41,31.37
23.67,-82.39,31.28
23.67,-82.37,31.28
23.67,-82.35,31.25
23.67,-82.33,31.17
23.67,-82.31,31.09
23.67,-82.29,31.04
23.67,-82.27,31.02
23.67,-82.25,30.99
23.67,-82.23,30.97
23.67,-82.21,30.86
23.67,-82.19,30.88
23.67,-82.17,30.89
23.67,-82.15,30.86
23.67,-82.13,30.83
23.67,-82.11,30.8
23.67,-82.09,30.73
23.67,-82.07,30.71
23.67,-82.05,30.69
23.67,-82.03,30.71
23.67,-82.01,30.68
23.67,-81.99,30.66
23.67,-81.97,30.65
23.67,-81.95,30.66
23.67,-81.93,30.64
23.67,-81.91,30.64
23.67,-81.89,30.59
23.67,-81.87,30.64
23.67,-81.85,30.63
23.67,-81.83,30.57
23.67,-81.81,30.54
23.67,-81.79,30.56
23.67,-81.77,30.57
23.67,-81.75,30.57
23.67,-81.73,30.53
23.67,-81.71,30.61
23.67,-81.69,30.7
23.67,-81.67,30.66
23.67,-81.65,30.65
23.67,-81.63,30.63
23.67,-81.61,30.64
23.67,-81.59,30.64
23.67,-81.57,30.61
23.67,-81.55,30.65
23.67,-81.53,30.68
23.67,-81.51,30.71
23.67,-81.49,30.75
23.67,-81.47,30.73
23.67,-81.45,30.74
23.67,-81.43,30.83
23.67,-81.41,30.88
23.67,-81.39,30.9
23.67,-81.37,30.9
23.67,-81.35,30.89
23.67,-81.33,30.86
23.67,-81.31,30.89
23.67,-81.29,30.92
23.67,-81.27,30.93
23.67,-81.25,30.99
23.67,-81.23,31.01
23.67,-81.21,30.97
23.67,-81.19,30.9
23.67,-81.17,30.96
23.67,-81.15,30.95
23.67,-81.13,30.95
23.67,-81.11,31.01
23.67,-81.09,31.02
23.67,-81.07,31.04
23.67,-81.05,31.05
23.67,-81.03,31.03
23.67,-81.01,31.07
23.67,-80.99,31.04
23.67,-80.97,31.03
23.67,-80.95,31.01
23.67,-80.93,30.99
23.67,-80.91,31.03
23.67,-80.89,31.02
23.67,-80.87,31.08
23.67,-80.85,31.11
23.67,-80.83,31.13
23.67,-80.81,31.11
23.67,-80.79,31.07
23.67,-80.75,30.54
23.67,-80.73,30.7
23.67,-80.71,30.77
23.67,-80.69,30.85
23.67,-80.67,30.82
23.67,-80.65,30.78
23.67,-80.63,30.78
23.67,-80.61,30.8
23.67,-80.59,30.89
23.67,-80.57,30.93
23.67,-80.55,30.9
23.67,-80.53,30.89
23.67,-80.51,30.88
23.67,-80.49,30.89
23.67,-80.47,30.9
23.67,-80.45,30.85
23.67,-80.43,30.78
23.67,-80.41,30.74
23.67,-80.39,30.62
23.67,-80.37,30.7
23.67,-80.35,30.68
23.67,-80.33,30.77
23.67,-80.31,30.86
23.67,-80.29,30.97
23.67,-80.27,30.95
23.67,-80.25,30.97
23.67,-80.23,30.96
23.67,-80.21,30.93
23.67,-80.19,30.85
23.67,-80.17,30.82
23.67,-80.15,30.74
23.67,-80.13,30.66
23.67,-80.11,30.67
23.67,-80.09,30.73
23.67,-80.07,30.71
23.67,-80.05,30.66
23.67,-80.03,30.75
23.67,-80.01,30.92
23.67,-79.99,30.96
23.67,-79.97,31.04
23.67,-79.95,31.09
23.67,-79.93,31.14
23.67,-79.91,31.13
23.67,-79.89,31.09
23.67,-79.87,31.15
23.67,-79.85,31.09
23.67,-79.83,31.01
23.67,-79.81,31.25
23.67,-79.79,31.46
23.67,-79.77,31.5
23.67,-79.69,30.72
23.67,-79.65,30.57
23.67,-79.63,30.55
23.67,-79.61,30.59
23.67,-79.59,30.6
23.67,-79.57,30.62
23.67,-79.55,30.6
23.67,-79.53,30.58
23.67,-79.51,30.72
23.67,-79.49,30.74
23.67,-79.47,30.65
23.67,-79.45,30.61
23.67,-79.43,30.65
23.67,-79.41,30.65
23.67,-79.39,30.66
23.67,-79.37,30.66
23.67,-79.35,30.66
23.67,-79.33,30.57
23.67,-79.31,30.47
23.67,-79.29,30.48
23.67,-79.27,30.29
23.67,-79.25,30.21
23.65,-83.15,31.26
23.65,-83.13,31.27
23.65,-83.11,31.23
23.65,-83.09,31.21
23.65,-83.07,31.23
23.65,-83.05,31.21
23.65,-83.03,31.2
23.65,-83.01,31.19
23.65,-82.99,31.2
23.65,-82.97,31.21
23.65,-82.95,31.28
23.65,-82.93,31.37
23.65,-82.91,31.34
23.65,-82.89,31.33
23.65,-82.87,31.4
23.65,-82.85,31.47
23.65,-82.83,31.51
23.65,-82.81,31.58
23.65,-82.79,31.6
23.65,-82.77,31.64
23.65,-82.75,31.64
23.65,-82.73,31.68
23.65,-82.71,31.64
23.65,-82.69,31.51
23.65,-82.67,31.48
23.65,-82.65,31.54
23.65,-82.63,31.72
23.65,-82.61,31.84
23.65,-82.59,31.96
23.65,-82.57,32.05
23.65,-82.55,32.11
23.65,-82.53,32.01
23.65,-82.51,31.73
23.65,-82.49,31.61
23.65,-82.47,31.49
23.65,-82.45,31.44
23.65,-82.43,31.41
23.65,-82.41,31.38
23.65,-82.39,31.28
23.65,-82.37,31.3
23.65,-82.35,31.28
23.65,-82.33,31.18
23.65,-82.31,31.1
23.65,-82.29,31.04
23.65,-82.27,31.0
23.65,-82.25,31.03
23.65,-82.23,30.99
23.65,-82.21,30.86
23.65,-82.19,30.81
23.65,-82.17,30.81
23.65,-82.15,30.78
23.65,-82.13,30.77
23.65,-82.11,30.79
23.65,-82.09,30.75
23.65,-82.07,30.72
23.65,-82.05,30.69
23.65,-82.03,30.71
23.65,-82.01,30.69
23.65,-81.99,30.66
23.65,-81.97,30.65
23.65,-81.95,30.66
23.65,-81.93,30.6
23.65,-81.91,30.65
23.65,-81.89,30.6
23.65,-81.87,30.65
23.65,-81.85,30.63
23.65,-81.83,30.56
23.65,-81.81,30.54
23.65,-81.79,30.54
23.65,-81.77,30.56
23.65,-81.75,30.54
23.65,-81.73,30.53
23.65,-81.71,30.61
23.65,-81.69,30.65
23.65,-81.67,30.61
23.65,-81.65,30.59
23.65,-81.63,30.61
23.65,-81.61,30.63
23.65,-81.59,30.61
23.65,-81.57,30.6
23.65,-81.55,30.65
23.65,-81.53,30.68
23.65,-81.51,30.73
23.65,-81.49,30.74
23.65,-81.47,30.74
23.65,-81.45,30.78
23.65,-81.43,30.83
23.65,-81.41,30.87
23.65,-81.39,30.92
23.65,-81.37,30.95
23.65,-81.35,30.95
23.65,-81.33,30.95
23.65,-81.31,30.92
23.65,-81.29,30.94
23.65,-81.27,30.99
23.65,-81.25,31.01
23.65,-81.23,31.0
23.65,-81.21,31.01
23.65,-81.19,30.99
23.65,-81.17,30.99
23.65,-81.15,31.0
23.65,-81.13,30.98
23.65,-81.11,30.99
23.65,-81.09,30.99
23.65,-81.07,31.0
23.65,-81.05,31.02
23.65,-81.03,31.04
23.65,-81.01,31.01
23.65,-80.99,30.95
23.65,-80.97,30.92
23.65,-80.95,30.92
23.65,-80.93,30.93
23.65,-80.91,30.97
23.65,-80.89,30.98
23.65,-80.87,31.04
23.65,-80.85,31.04
23.65,-80.83,31.05
23.65,-80.81,31.07
23.65,-80.79,31.0
23.65,-80.73,30.62
23.65,-80.71,30.69
23.65,-80.69,30.76
23.65,-80.67,30.8
23.65,-80.65,30.76
23.65,-80.63,30.71
23.65,-80.61,30.71
23.65,-80.59,30.77
23.65,-80.57,30.8
23.65,-80.55,30.78
23.65,-80.53,30.74
23.65,-80.51,30.77
23.65,-80.49,30.79
23.65,-80.47,30.76
23.65,-80.45,30.75
23.65,-80.43,30.67
23.65,-80.41,30.56
23.65,-80.39,30.67
23.65,-80.37,30.86
23.65,-80.35,30.94
23.65,-80.33,31.03
23.65,-80.31,30.95
23.65,-80.29,30.94
23.65,-80.27,31.0
23.65,-80.25,31.0
23.65,-80.23,31.0
23.65,-80.21,31.0
23.65,-80.19,30.86
23.65,-80.17,30.76
23.65,-80.15,30.74
23.65,-80.13,30.69
23.65,-80.11,30.7
23.65,-80.09,30.75
23.65,-80.07,30.68
23.65,-80.05,30.6
23.65,-80.03,30.66
23.65,-80.01,30.79
23.65,-79.99,30.92
23.65,-79.97,31.0
23.65,-79.95,31.0
23.65,-79.93,31.1
23.65,-79.91,31.16
23.65,-79.89,31.07
23.65,-79.87,31.12
23.65,-79.85,31.08
23.65,-79.83,30.93
23.65,-79.81,31.02
23.65,-79.79,31.35
23.65,-79.77,31.33
23.65,-79.63,30.45
23.65,-79.61,30.51
23.65,-79.59,30.6
23.65,-79.57,30.62
23.65,-79.55,30.66
23.65,-79.53,30.68
23.65,-79.51,30.75
23.65,-79.49,30.82
23.65,-79.47,30.78
23.65,-79.45,30.61
23.65,-79.43,30.64
23.65,-79.41,30.73
23.65,-79.39,30.77
23.65,-79.37,30.71
23.65,-79.35,30.72
23.65,-79.33,30.68
23.65,-79.31,30.55
23.65,-79.29,30.52
23.65,-79.27,30.45
23.63,-83.15,31.3
23.63,-83.13,31.3
23.63,-83.11,31.28
23.63,-83.09,31.26
23.63,-83.07,31.24
23.63,-83.05,31.23
23.63,-83.03,31.2
23.63,-83.01,31.17
23.63,-82.99,31.18
23.63,-82.97,31.22
23.63,-82.95,31.29
23.63,-82.93,31.39
23.63,-82.91,31.35
23.63,-82.89,31.31
23.63,-82.87,31.4
23.63,-82.85,31.47
23.63,-82.83,31.52
23.63,-82.81,31.65
23.63,-82.79,31.68
23.63,-82.77,31.65
23.63,-82.75,31.65
23.63,-82.73,31.69
23.63,-82.71,31.66
23.63,-82.69,31.65
23.63,-82.67,31.61
23.63,-82.65,31.71
23.63,-82.63,31.76
23.63,-82.61,31.95
23.63,-82.59,32.14
23.63,-82.57,32.23
23.63,-82.55,32.28
23.63,-82.53,32.19
23.63,-82.51,31.85
23.63,-82.49,31.66
23.63,-82.47,31.58
23.63,-82.45,31.54
23.63,-82.43,31.45
23.63,-82.41,31.4
23.63,-82.39,31.31
23.63,-82.37,31.32
23.63,-82.35,31.31
23.63,-82.33,31.23
23.63,-82.31,31.11
23.63,-82.29,31.05
23.63,-82.27,30.97
23.63,-82.25,30.97
23.63,-82.23,30.97
23.63,-82.21,30.93
23.63,-82.19,30.84
23.63,-82.17,30.79
23.63,-82.15,30.75
23.63,-82.13,30.74
23.63,-82.11,30.8
23.63,-82.09,30.77
23.63,-82.07,30.77
23.63,-82.05,30.75
23.63,-82.03,30.73
23.63,-82.01,30.68
23.63,-81.99,30.65
23.63,-81.97,30.64
23.63,-81.95,30.66
23.63,-81.93,30.63
23.63,-81.91,30.67
23.63,-81.89,30.63
23.63,-81.87,30.67
23.63,-81.85,30.6
23.63,-81.83,30.56
23.63,-81.81,30.57
23.63,-81.79,30.58
23.63,-81.77,30.56
23.63,-81.75,30.53
23.63,-81.73,30.51
23.63,-81.71,30.6
23.63,-81.69,30.62
23.63,-81.67,30.59
23.63,-81.65,30.59
23.63,-81.63,30.6
23.63,-81.61,30.59
23.63,-81.59,30.6
23.63,-81.57,30.65
23.63,-81.55,30.68
23.63,-81.53,30.69
23.63,-81.51,30.73
23.63,-81.49,30.75
23.63,-81.47,30.78
23.63,-81.45,30.79
23.63,-81.43,30.85
23.63,-81.41,30.88
23.63,-81.39,30.91
23.63,-81.37,30.94
23.63,-81.35,30.93
23.63,-81.33,30.97
23.63,-81.31,30.97
23.63,-81.29,30.98
23.63,-81.27,31.05
23.63,-81.25,31.06
23.63,-81.23,31.05
23.63,-81.21,31.04
23.63,-81.19,31.02
23.63,-81.17,31.0
23.63,-81.15,31.03
23.63,-81.13,31.03
23.63,-81.11,30.98
23.63,-81.09,30.95
23.63,-81.07,30.97
23.63,-81.05,31.02
23.63,-81.03,30.88
23.63,-81.01,30.88
23.63,-80.99,30.91
23.63,-80.97,30.91
23.63,-80.95,30.9
23.63,-80.93,30.92
23.63,-80.91,30.95
23.63,-80.89,30.97
23.63,-80.87,31.0
23.63,-80.85,31.01
23.63,-80.83,30.97
23.63,-80.81,30.95
23.63,-80.79,30.48
23.63,-80.77,30.44
23.63,-80.69,30.71
23.63,-80.67,30.75
23.63,-80.65,30.74
23.63,-80.63,30.75
23.63,-80.61,30.71
23.63,-80.59,30.69
23.63,-80.57,30.68
23.63,-80.55,30.7
23.63,-80.53,30.65
23.63,-80.51,30.6
23.63,-80.49,30.58
23.63,-80.47,30.56
23.63,-80.45,30.59
23.63,-80.43,30.64
23.63,-80.41,30.52
23.63,-80.39,30.61
23.63,-80.37,30.69
23.63,-80.35,30.82
23.63,-80.33,30.93
23.63,-80.31,30.86
23.63,-80.29,30.88
23.63,-80.27,31.03
23.63,-80.25,31.04
23.63,-80.23,31.06
23.63,-80.21,31.03
23.63,-80.19,30.89
23.63,-80.17,30.78
23.63,-80.15,30.74
23.63,-80.13,30.75
23.63,-80.11,30.8
23.63,-80.09,30.8
23.63,-80.07,30.69
23.63,-80.05,30.61
23.63,-80.03,30.61
23.63,-80.01,30.71
23.63,-79.99,30.9
23.63,-79.97,30.96
23.63,-79.95,30.95
23.63,-79.93,31.06
23.63,-79.91,31.14
23.63,-79.89,31.06
23.63,-79.87,31.03
23.63,-79.85,30.92
23.63,-79.83,30.85
23.63,-79.81,30.83
23.63,-79.79,30.87
23.63,-79.77,31.01
23.63,-79.67,30.52
23.63,-79.65,30.48
23.63,-79.63,30.4
23.63,-79.61,30.4
23.63,-79.59,30.47
23.63,-79.57,30.63
23.63,-79.55,30.76
23.63,-79.53,30.76
23.63,-79.51,30.73
23.63,-79.49,30.8
23.63,-79.47,30.82
23.63,-79.45,30.65
23.63,-79.43,30.69
23.63,-79.41,30.74
23.63,-79.39,30.73
23.63,-79.37,30.75
23.63,-79.35,30.72
23.63,-79.33,30.71
23.63,-79.31,30.65
23.63,-79.29,30.56
23.63,-79.27,30.4
23.61,-83.15,31.33
23.61,-83.13,31.3
23.61,-83.11,31.27
23.61,-83.09,31.26
23.61,-83.07,31.27
23.61,-83.05,31.22
23.61,-83.03,31.21
23.61,-83.01,31.22
23.61,-82.99,31.23
23.61,-82.97,31.25
23.61,-82.95,31.35
23.61,-82.93,31.4
23.61,-82.91,31.43
23.61,-82.89,31.41
23.61,-82.87,31.47
23.61,-82.85,31.47
23.61,-82.83,31.51
23.61,-82.81,31.67
23.61,-82.79,31.75
23.61,-82.77,31.73
23.61,-82.75,31.72
23.61,-82.73,31.7
23.61,-82.71,31.69
23.61,-82.69,31.76
23.61,-82.67,31.83
23.61,-82.65,31.82
23.61,-82.63,31.96
23.61,-82.61,32.1
23.61,-82.59,32.15
23.61,-82.57,32.25
23.61,-82.55,32.26
23.61,-82.53,32.26
23.61,-82.51,31.84
23.61,-82.49,31.71
23.61,-82.47,31.62
23.61,-82.45,31.56
23.61,-82.43,31.51
23.61,-82.41,31.43
23.61,-82.39,31.34
23.61,-82.37,31.35
23.61,-82.35,31.29
23.61,-82.33,31.23
23.61,-82.31,31.15
23.61,-82.29,31.08
23.61,-82.27,31.01
23.61,-82.25,30.96
23.61,-82.23,30.95
23.61,-82.21,30.95
23.61,-82.19,30.92
23.61,-82.17,30.82
23.61,-82.15,30.78
23.61,-82.13,30.75
23.61,-82.11,30.8
23.61,-82.09,30.8
23.61,-82.07,30.78
23.61,-82.05,30.78
23.61,-82.03,30.77
23.61,-82.01,30.71
23.61,-81.99,30.68
23.61,-81.97,30.65
23.61,-81.95,30.68
23.61,-81.93,30.69
23.61,-81.91,30.67
23.61,-81.89,30.65
23.61,-81.87,30.66
23.61,-81.85,30.6
23.61,-81.83,30.6
23.61,-81.81,30.57
23.61,-81.79,30.56
23.61,-81.77,30.61
23.61,-81.75,30.63
23.61,-81.73,30.51
23.61,-81.71,30.55
23.61,-81.69,30.58
23.61,-81.67,30.58
23.61,-81.65,30.59
23.61,-81.63,30.62
23.61,-81.61,30.59
23.61,-81.59,30.59
23.61,-81.57,30.65
23.61,-81.55,30.7
23.61,-81.53,30.76
23.61,-81.51,30.76
23.61,-81.49,30.79
23.61,-81.47,30.78
23.61,-81.45,30.75
23.61,-81.43,30.84
23.61,-81.41,30.9
23.61,-81.39,30.9
23.61,-81.37,30.92
23.61,-81.35,30.91
23.61,-81.33,30.94
23.61,-81.31,30.96
23.61,-81.29,31.01
23.61,-81.27,31.11
23.61,-81.25,31.08
23.61,-81.23,31.11
23.61,-81.21,31.12
23.61,-81.19,31.07
23.61,-81.17,31.02
23.61,-81.15,31.02
23.61,-81.13,31.0
23.61,-81.11,30.95
23.61,-81.09,30.93
23.61,-81.07,30.88
23.61,-81.05,30.8
23.61,-81.03,30.81
23.61,-81.01,30.84
23.61,-80.99,30.87
23.61,-80.97,30.87
23.61,-80.95,30.88
23.61,-80.93,30.95
23.61,-80.91,30.93
23.61,-80.89,30.92
23.61,-80.87,30.98
23.61,-80.85,31.05
23.61,-80.83,30.9
23.61,-80.81,30.79
23.61,-80.79,30.68
23.61,-80.77,30.44
23.61,-80.65,30.71
23.61,-80.63,30.74
23.61,-80.61,30.72
23.61,-80.59,30.67
23.61,-80.57,30.65
23.61,-80.55,30.64
23.61,-80.53,30.62
23.61,-80.51,30.56
23.61,-80.49,30.49
23.61,-80.47,30.45
23.61,-80.45,30.49
23.61,-80.43,30.52
23.61,-80.41,30.45
23.61,-80.39,30.48
23.61,-80.37,30.59
23.61,-80.35,30.57
23.61,-80.33,30.67
23.61,-80.31,30.79
23.61,-80.29,30.81
23.61,-80.27,30.93
23.61,-80.25,31.08
23.61,-80.23,31.11
23.61,-80.21,31.01
23.61,-80.19,30.88
23.61,-80.17,30.81
23.61,-80.15,30.81
23.61,-80.13,30.81
23.61,-80.11,30.86
23.61,-80.09,30.87
23.61,-80.07,30.79
23.61,-80.05,30.67
23.61,-80.03,30.6
23.61,-80.01,30.69
23.61,-79.99,30.85
23.61,-79.97,30.89
23.61,-79.95,30.88
23.61,-79.93,31.03
23.61,-79.91,31.11
23.61,-79.89,31.06
23.61,-79.87,30.95
23.61,-79.85,30.86
23.61,-79.83,30.72
23.61,-79.81,30.72
23.61,-79.79,30.92
23.61,-79.77,31.1
23.61,-79.67,30.54
23.61,-79.65,30.54
23.61,-79.63,30.47
23.61,-79.61,30.39
23.61,-79.59,30.41
23.61,-79.57,30.57
23.61,-79.55,30.74
23.61,-79.53,30.78
23.61,-79.51,30.73
23.61,-79.49,30.8
23.61,-79.47,30.87
23.61,-79.45,30.69
23.61,-79.43,30.63
23.61,-79.41,30.7
23.61,-79.39,30.68
23.61,-79.37,30.72
23.61,-79.35,30.72
23.61,-79.33,30.7
23.61,-79.31,30.66
23.61,-79.29,30.62
23.61,-79.27,30.38
23.61,-79.13,30.28
23.61,-79.11,30.23
23.59,-83.15,31.32
23.59,-83.13,31.31
23.59,-83.11,31.29
23.59,-83.09,31.26
23.59,-83.07,31.24
23.59,-83.05,31.19
23.59,-83.03,31.21
23.59,-83.01,31.23
23.59,-82.99,31.25
23.59,-82.97,31.25
23.59,-82.95,31.32
23.59,-82.93,31.38
23.59,-82.91,31.44
23.59,-82.89,31.49
23.59,-82.87,31.56
23.59,-82.85,31.59
23.59,-82.83,31.6
23.59,-82.81,31.65
23.59,-82.79,31.73
23.59,-82.77,31.82
23.59,-82.75,31.78
23.59,-82.73,31.74
23.59,-82.71,31.81
23.59,-82.69,31.94
23.59,-82.67,31.94
23.59,-82.65,31.97
23.59,-82.63,32.07
23.59,-82.61,32.15
23.59,-82.59,32.26
23.59,-82.57,32.3
23.59,-82.55,32.25
23.59,-82.53,32.2
23.59,-82.51,31.99
23.59,-82.49,31.77
23.59,-82.47,31.59
23.59,-82.45,31.56
23.59,-82.43,31.52
23.59,-82.41,31.44
23.59,-82.39,31.39
23.59,-82.37,31.34
23.59,-82.35,31.25
23.59,-82.33,31.24
23.59,-82.31,31.17
23.59,-82.29,31.11
23.59,-82.27,31.03
23.59,-82.25,30.98
23.59,-82.23,30.95
23.59,-82.21,31.01
23.59,-82.19,31.0
23.59,-82.17,30.91
23.59,-82.15,30.89
23.59,-82.13,30.77
23.59,-82.11,30.78
23.59,-82.09,30.85
23.59,-82.07,30.8
23.59,-82.05,30.75
23.59,-82.03,30.75
23.59,-82.01,30.7
23.59,-81.99,30.7
23.59,-81.97,30.69
23.59,-81.95,30.69
23.59,-81.93,30.71
23.59,-81.91,30.69
23.59,-81.89,30.71
23.59,-81.87,30.63
23.59,-81.85,30.59
23.59,-81.83,30.6
23.59,-81.81,30.57
23.59,-81.79,30.55
23.59,-81.77,30.6
23.59,-81.75,30.6
23.59,-81.73,30.55
23.59,-81.71,30.56
23.59,-81.69,30.62
23.59,-81.67,30.56
23.59,-81.65,30.58
23.59,-81.63,30.64
23.59,-81.61,30.64
23.59,-81.59,30.64
23.59,-81.57,30.69
23.59,-81.55,30.72
23.59,-81.53,30.78
23.59,-81.51,30.79
23.59,-81.49,30.81
23.59,-81.47,30.77
23.59,-81.45,30.76
23.59,-81.43,30.84
23.59,-81.41,30.87
23.59,-81.39,30.86
23.59,-81.37,30.9
23.59,-81.35,30.92
23.59,-81.33,30.95
23.59,-81.31,30.95
23.59,-81.29,30.98
23.59,-81.27,31.08
23.59,-81.25,31.07
23.59,-81.23,31.1
23.59,-81.21,31.13
23.59,-81.19,31.14
23.59,-81.17,31.06
23.59,-81.15,30.99
23.59,-81.13,30.97
23.59,-81.11,30.98
23.59,-81.09,30.85
23.59,-81.07,30.66
23.59,-81.05,30.7
23.59,-81.03,30.77
23.59,-81.01,30.81
23.59,-80.99,30.84
23.59,-80.97,30.85
23.59,-80.95,30.84
23.59,-80.93,30.9
23.59,-80.91,30.96
23.59,-80.89,30.95
23.59,-80.87,30.97
23.59,-80.85,30.97
23.59,-80.83,30.83
23.59,-80.81,30.77
23.59,-80.79,30.7
23.59,-80.77,30.66
23.59,-80.61,30.66
23.59,-80.59,30.64
23.59,-80.57,30.59
23.59,-80.55,30.57
23.59,-80.53,30.55
23.59,-80.51,30.48
23.59,-80.49,30.47
23.59,-80.47,30.46
23.59,-80.45,30.44
23.59,-80.43,30.46
23.59,-80.41,30.36
23.59,-80.39,30.32
23.59,-80.37,30.37
23.59,-80.35,30.5
23.59,-80.33,30.63
23.59,-80.31,30.75
23.59,-80.29,30.79
23.59,-80.27,30.85
23.59,-80.25,31.07
23.59,-80.23,31.01
23.59,-80.21,30.9
23.59,-80.19,30.84
23.59,-80.17,30.8
23.59,-80.15,30.83
23.59,-80.13,30.87
23.59,-80.11,30.91
23.59,-80.09,30.91
23.59,-80.07,30.82
23.59,-80.05,30.69
23.59,-80.03,30.65
23.59,-80.01,30.69
23.59,-79.99,30.76
23.59,-79.97,30.83
23.59,-79.95,30.84
23.59,-79.93,30.92
23.59,-79.91,31.08
23.59,-79.89,31.02
23.59,-79.87,30.95
23.59,-79.85,30.83
23.59,-79.83,30.73
23.59,-79.81,30.65
23.59,-79.79,30.75
23.59,-79.77,31.03
23.59,-79.75,31.05
23.59,-79.73,31.03
23.59,-79.71,30.82
23.59,-79.69,30.66
23.59,-79.61,30.62
23.59,-79.59,30.71
23.59,-79.57,30.75
23.59,-79.55,30.76
23.59,-79.53,30.76
23.59,-79.51,30.74
23.59,-79.49,30.78
23.59,-79.47,30.84
23.59,-79.45,30.71
23.59,-79.43,30.6
23.59,-79.41,30.69
23.59,-79.39,30.7
23.59,-79.37,30.68
23.59,-79.35,30.64
23.59,-79.33,30.67
23.59,-79.31,30.67
23.59,-79.29,30.67
23.59,-79.15,30.21
23.59,-79.13,30.26
23.59,-79.11,30.27
23.57,-83.15,31.32
23.57,-83.13,31.32
23.57,-83.11,31.32
23.57,-83.09,31.31
23.57,-83.07,31.28
23.57,-83.05,31.21
23.57,-83.03,31.16
23.57,-83.01,31.2
23.57,-82.99,31.24
23.57,-82.97,31.28
23.57,-82.95,31.35
23.57,-82.93,31.43
23.57,-82.91,31.47
23.57,-82.89,31.54
23.57,-82.87,31.58
23.57,-82.85,31.63
23.57,-82.83,31.65
23.57,-82.81,31.73
23.57,-82.79,31.82
23.57,-82.77,31.84
23.57,-82.75,31.82
23.57,-82.73,31.83
23.57,-82.71,31.96
23.57,-82.69,32.06
23.57,-82.67,32.13
23.57,-82.65,32.11
23.57,-82.63,32.11
23.57,-82.61,32.14
23.57,-82.59,32.26
23.57,-82.57,32.26
23.57,-82.55,32.22
23.57,-82.53,32.19
23.57,-82.51,31.97
23.57,-82.49,31.73
23.57,-82.47,31.66
23.57,-82.45,31.56
23.57,-82.43,31.5
23.57,-82.41,31.52
23.57,-82.39,31.43
23.57,-82.37,31.31
23.57,-82.35,31.2
23.57,-82.33,31.22
23.57,-82.31,31.22
23.57,-82.29,31.13
23.57,-82.27,31.05
23.57,-82.25,30.97
23.57,-82.23,30.98
23.57,-82.21,31.01
23.57,-82.19,31.04
23.57,-82.17,30.98
23.57,-82.15,30.97
23.57,-82.13,30.87
23.57,-82.11,30.77
23.57,-82.09,30.84
23.57,-82.07,30.83
23.57,-82.05,30.76
23.57,-82.03,30.77
23.57,-82.01,30.72
23.57,-81.99,30.7
23.57,-81.97,30.73
23.57,-81.95,30.7
23.57,-81.93,30.71
23.57,-81.91,30.67
23.57,-81.89,30.72
23.57,-81.87,30.64
23.57,-81.85,30.62
23.57,-81.83,30.63
23.57,-81.81,30.61
23.57,-81.79,30.6
23.57,-81.77,30.6
23.57,-81.75,30.61
23.57,-81.73,30.6
23.57,-81.71,30.58
23.57,-81.69,30.63
23.57,-81.67,30.61
23.57,-81.65,30.6
23.57,-81.63,30.67
23.57,-81.61,30.65
23.57,-81.59,30.68
23.57,-81.57,30.73
23.57,-81.55,30.75
23.57,-81.53,30.8
23.57,-81.51,30.79
23.57,-81.49,30.81
23.57,-81.47,30.8
23.57,-81.45,30.8
23.57,-81.43,30.82
23.57,-81.41,30.85
23.57,-81.39,30.82
23.57,-81.37,30.81
23.57,-81.35,30.89
23.57,-81.33,30.92
23.57,-81.31,30.97
23.57,-81.29,31.02
23.57,-81.27,31.09
23.57,-81.25,31.06
23.57,-81.23,31.07
23.57,-81.21,31.1
23.57,-81.19,31.12
23.57,-81.17,31.07
23.57,-81.15,30.89
23.57,-81.13,30.92
23.57,-81.11,30.96
23.57,-81.09,30.59
23.57,-81.07,30.59
23.57,-81.05,30.7
23.57,-81.03,30.75
23.57,-81.01,30.74
23.57,-80.99,30.8
23.57,-80.97,30.82
23.57,-80.95,30.85
23.57,-80.93,30.87
23.57,-80.91,30.92
23.57,-80.89,30.91
23.57,-80.87,30.88
23.57,-80.85,30.86
23.57,-80.83,30.84
23.57,-80.81,30.82
23.57,-80.79,30.81
23.57,-80.77,30.86
23.57,-80.75,30.89
23.57,-80.57,30.53
23.57,-80.55,30.55
23.57,-80.53,30.54
23.57,-80.45,30.35
23.57,-80.43,30.34
23.57,-80.41,30.32
23.57,-80.33,30.62
23.57,-80.31,30.61
23.57,-80.29,30.63
23.57,-80.23,30.74
23.57,-80.21,30.73
23.57,-80.19,30.75
23.57,-80.17,30.74
23.57,-80.15,30.73
23.57,-80.13,30.86
23.57,-80.11,31.0
23.57,-80.09,30.88
23.57,-80.07,30.8
23.57,-80.05,30.75
23.57,-80.03,30.58
23.57,-80.01,30.65
23.57,-79.99,30.76
23.57,-79.97,30.76
23.57,-79.95,30.75
23.57,-79.93,30.88
23.57,-79.91,31.0
23.57,-79.89,30.99
23.57,-79.87,30.87
23.57,-79.85,30.73
23.57,-79.83,30.74
23.57,-79.81,30.69
23.57,-79.79,30.81
23.57,-79.77,30.87
23.57,-79.75,30.98
23.57,-79.73,31.0
23.57,-79.71,30.79
23.57,-79.69,30.6
23.57,-79.67,30.54
23.57,-79.65,30.54
23.57,-79.57,30.8
23.57,-79.55,30.77
23.57,-79.53,30.74
23.57,-79.51,30.77
23.57,-79.49,30.77
23.57,-79.47,30.74
23.57,-79.45,30.72
23.57,-79.43,30.69
23.57,-79.41,30.7
23.57,-79.39,30.7
23.57,-79.37,30.74
23.57,-79.35,30.69
23.57,-79.33,30.6
23.57,-79.31,30.58
23.57,-79.29,30.59
23.57,-79.27,30.53
23.57,-79.25,30.4
23.57,-79.23,30.32
23.57,-79.19,30.08
23.57,-79.13,30.25
23.57,-79.05,30.23
23.57,-79.03,30.37
23.57,-79.01,30.35
23.57,-77.79,30.83
23.57,-77.63,30.58
23.57,-77.57,30.43
23.57,-77.55,30.35
23.55,-83.15,31.31
23.55,-83.13,31.32
23.55,-83.11,31.29
23.55,-83.09,31.28
23.55,-83.07,31.28
23.55,-83.05,31.23
23.55,-83.03,31.18
23.55,-83.01,31.19
23.55,-82.99,31.2
23.55,-82.97,31.26
23.55,-82.95,31.34
23.55,-82.93,31.41
23.55,-82.91,31.46
23.55,-82.89,31.51
23.55,-82.87,31.6
23.55,-82.85,31.71
23.55,-82.83,31.77
23.55,-82.81,31.83
23.55,-82.79,31.89
23.55,-82.77,31.96
23.55,-82.75,31.95
23.55,-82.73,32.01
23.55,-82.71,32.11
23.55,-82.69,32.2
23.55,-82.67,32.19
23.55,-82.65,32.16
23.55,-82.63,32.14
23.55,-82.61,32.16
23.55,-82.59,32.21
23.55,-82.57,32.19
23.55,-82.55,32.17
23.55,-82.53,32.12
23.55,-82.51,31.91
23.55,-82.49,31.75
23.55,-82.47,31.68
23.55,-82.45,31.62
23.55,-82.43,31.49
23.55,-82.41,31.52
23.55,-82.39,31.41
23.55,-82.37,31.33
23.55,-82.35,31.26
23.55,-82.33,31.21
23.55,-82.31,31.24
23.55,-82.29,31.16
23.55,-82.27,31.08
23.55,-82.25,30.99
23.55,-82.23,31.0
23.55,-82.21,30.99
23.55,-82.19,31.06
23.55,-82.17,31.0
23.55,-82.15,30.97
23.55,-82.13,30.93
23.55,-82.11,30.82
23.55,-82.09,30.81
23.55,-82.07,30.82
23.55,-82.05,30.79
23.55,-82.03,30.8
23.55,-82.01,30.75
23.55,-81.99,30.74
23.55,-81.97,30.74
23.55,-81.95,30.7
23.55,-81.93,30.71
23.55,-81.91,30.63
23.55,-81.89,30.65
23.55,-81.87,30.65
23.55,-81.85,30.64
23.55,-81.83,30.65
23.55,-81.81,30.58
23.55,-81.79,30.59
23.55,-81.77,30.64
23.55,-81.75,30.71
23.55,-81.73,30.7
23.55,-81.71,30.66
23.55,-81.69,30.66
23.55,-81.67,30.64
23.55,-81.65,30.62
23.55,-81.63,30.68
23.55,-81.61,30.7
23.55,-81.59,30.69
23.55,-81.57,30.76
23.55,-81.55,30.8
23.55,-81.53,30.8
23.55,-81.51,30.79
23.55,-81.49,30.83
23.55,-81.47,30.82
23.55,-81.45,30.76
23.55,-81.43,30.78
23.55,-81.41,30.83
23.55,-81.39,30.83
23.55,-81.37,30.82
23.55,-81.35,30.86
23.55,-81.33,30.9
23.55,-81.31,30.95
23.55,-81.29,31.01
23.55,-81.27,31.05
23.55,-81.25,31.08
23.55,-81.23,31.04
23.55,-81.21,31.01
23.55,-81.19,31.0
23.55,-81.17,30.93
23.55,-81.15,30.84
23.55,-81.13,30.79
23.55,-81.11,30.66
23.55,-81.09,30.65
23.55,-81.07,30.63
23.55,-81.05,30.62
23.55,-81.03,30.69
23.55,-81.01,30.7
23.55,-80.99,30.75
23.55,-80.97,30.74
23.55,-80.95,30.78
23.55,-80.93,30.83
23.55,-80.91,30.8
23.55,-80.89,30.83
23.55,-80.87,30.86
23.55,-80.85,30.84
23.55,-80.83,30.78
23.55,-80.81,30.84
23.55,-80.79,30.87
23.55,-80.77,30.92
23.55,-80.75,30.93
23.55,-80.73,30.86
23.55,-80.43,30.23
23.55,-80.31,30.56
23.55,-80.29,30.59
23.55,-80.27,30.62
23.55,-80.25,30.6
23.55,-80.23,30.58
23.55,-80.21,30.61
23.55,-80.19,30.68
23.55,-80.17,30.68
23.55,-80.15,30.68
23.55,-80.13,30.8
23.55,-80.11,30.9
23.55,-80.09,30.85
23.55,-80.07,30.75
23.55,-80.05,30.69
23.55,-80.03,30.6
23.55,-80.01,30.64
23.55,-79.99,30.7
23.55,-79.97,30.72
23.55,-79.95,30.69
23.55,-79.93,30.81
23.55,-79.91,30.9
23.55,-79.89,30.9
23.55,-79.87,30.77
23.55,-79.85,30.71
23.55,-79.83,30.67
23.55,-79.81,30.73
23.55,-79.79,30.78
23.55,-79.77,30.85
23.55,-79.75,30.93
23.55,-79.73,30.78
23.55,-79.71,30.75
23.55,-79.69,30.56
23.55,-79.67,30.42
23.55,-79.65,30.44
23.55,-79.63,30.51
23.55,-79.61,30.51
23.55,-79.59,30.54
23.55,-79.57,30.74
23.55,-79.55,30.76
23.55,-79.53,30.74
23.55,-79.51,30.74
23.55,-79.49,30.75
23.55,-79.47,30.69
23.55,-79.45,30.69
23.55,-79.43,30.73
23.55,-79.41,30.69
23.55,-79.39,30.68
23.55,-79.37,30.71
23.55,-79.35,30.78
23.55,-79.33,30.68
23.55,-79.31,30.6
23.55,-79.29,30.55
23.55,-79.27,30.49
23.55,-79.25,30.38
23.55,-79.23,30.23
23.55,-79.21,30.16
23.55,-79.19,30.12
23.55,-79.07,30.18
23.55,-79.05,30.2
23.55,-79.03,30.43
23.55,-79.01,30.45
23.55,-77.79,30.68
23.55,-77.77,30.66
23.55,-77.63,30.55
23.55,-77.61,30.53
23.55,-77.57,30.41
23.55,-77.55,30.38
23.53,-83.15,31.34
23.53,-83.13,31.3
23.53,-83.11,31.27
23.53,-83.09,31.27
23.53,-83.07,31.28
23.53,-83.05,31.24
23.53,-83.03,31.21
23.53,-83.01,31.24
23.53,-82.99,31.24
23.53,-82.97,31.23
23.53,-82.95,31.27
23.53,-82.93,31.34
23.53,-82.91,31.46
23.53,-82.89,31.52
23.53,-82.87,31.64
23.53,-82.85,31.73
23.53,-82.83,31.84
23.53,-82.81,31.88
23.53,-82.79,31.99
23.53,-82.77,32.07
23.53,-82.75,32.05
23.53,-82.73,32.13
23.53,-82.71,32.19
23.53,-82.69,32.27
23.53,-82.67,32.22
23.53,-82.65,32.26
23.53,-82.63,32.21
23.53,-82.61,32.21
23.53,-82.59,32.17
23.53,-82.57,32.1
23.53,-82.55,32.08
23.53,-82.53,32.01
23.53,-82.51,31.82
23.53,-82.49,31.66
23.53,-82.47,31.66
23.53,-82.45,31.69
23.53,-82.43,31.5
23.53,-82.41,31.46
23.53,-82.39,31.45
23.53,-82.37,31.37
23.53,-82.35,31.27
23.53,-82.33,31.24
23.53,-82.31,31.25
23.53,-82.29,31.18
23.53,-82.27,31.13
23.53,-82.25,31.02
23.53,-82.23,31.01
23.53,-82.21,30.99
23.53,-82.19,31.05
23.53,-82.17,31.0
23.53,-82.15,30.96
23.53,-82.13,30.9
23.53,-82.11,30.88
23.53,-82.09,30.86
23.53,-82.07,30.81
23.53,-82.05,30.81
23.53,-82.03,30.85
23.53,-82.01,30.79
23.53,-81.99,30.8
23.53,-81.97,30.76
23.53,-81.95,30.72
23.53,-81.93,30.69
23.53,-81.91,30.6
23.53,-81.89,30.64
23.53,-81.87,30.67
23.53,-81.85,30.63
23.53,-81.83,30.64
23.53,-81.81,30.58
23.53,-81.79,30.63
23.53,-81.77,30.67
23.53,-81.75,30.73
23.53,-81.73,30.76
23.53,-81.71,30.76
23.53,-81.69,30.73
23.53,-81.67,30.71
23.53,-81.65,30.7
23.53,-81.63,30.72
23.53,-81.61,30.74
23.53,-81.59,30.71
23.53,-81.57,30.76
23.53,-81.55,30.83
23.53,-81.53,30.8
23.53,-81.51,30.79
23.53,-81.49,30.76
23.53,-81.47,30.76
23.53,-81.45,30.76
23.53,-81.43,30.79
23.53,-81.41,30.81
23.53,-81.39,30.81
23.53,-81.37,30.78
23.53,-81.35,30.83
23.53,-81.33,30.89
23.53,-81.31,30.91
23.53,-81.29,30.97
23.53,-81.27,30.98
23.53,-81.25,31.02
23.53,-81.23,31.02
23.53,-81.21,30.92
23.53,-81.19,30.85
23.53,-81.17,30.86
23.53,-81.15,30.72
23.53,-81.13,30.46
23.53,-81.11,30.57
23.53,-81.09,30.61
23.53,-81.07,30.57
23.53,-81.05,30.58
23.53,-81.03,30.59
23.53,-81.01,30.59
23.53,-80.99,30.63
23.53,-80.97,30.68
23.53,-80.95,30.7
23.53,-80.93,30.79
23.53,-80.91,30.78
23.53,-80.89,30.8
23.53,-80.87,30.82
23.53,-80.85,30.81
23.53,-80.83,30.76
23.53,-80.81,30.89
23.53,-80.79,30.92
23.53,-80.77,31.05
23.53,-80.75,30.97
23.53,-80.73,30.94
23.53,-80.71,30.92
23.53,-80.29,30.58
23.53,-80.27,30.58
23.53,-80.25,30.57
23.53,-80.23,30.52
23.53,-80.15,30.67
23.53,-80.13,30.69
23.53,-80.11,30.8
23.53,-80.09,30.85
23.53,-80.07,30.78
23.53,-80.05,30.62
23.53,-80.03,30.59
23.53,-80.01,30.66
23.53,-79.99,30.76
23.53,-79.97,30.75
23.53,-79.95,30.7
23.53,-79.93,30.72
23.53,-79.91,30.79
23.53,-79.89,30.8
23.53,-79.87,30.76
23.53,-79.85,30.72
23.53,-79.83,30.67
23.53,-79.81,30.67
23.53,-79.79,30.64
23.53,-79.73,30.86
23.53,-79.71,30.63
23.53,-79.69,30.48
23.53,-79.67,30.39
23.53,-79.65,30.37
23.53,-79.63,30.48
23.53,-79.61,30.52
23.53,-79.59,30.49
23.53,-79.57,30.54
23.53,-79.55,30.75
23.53,-79.53,30.75
23.53,-79.51,30.77
23.53,-79.49,30.73
23.53,-79.47,30.68
23.53,-79.45,30.68
23.53,-79.43,30.71
23.53,-79.41,30.63
23.53,-79.39,30.61
23.53,-79.37,30.65
23.53,-79.35,30.72
23.53,-79.33,30.69
23.53,-79.31,30.63
23.53,-79.29,30.6
23.53,-79.27,30.48
23.53,-79.25,30.35
23.53,-79.23,30.26
23.53,-79.21,30.24
23.53,-79.19,30.19
23.53,-79.07,30.16
23.53,-79.05,30.2
23.53,-79.03,30.49
23.53,-79.01,30.57
23.53,-77.85,30.51
23.53,-77.67,30.49
23.53,-77.65,30.45
23.53,-77.61,30.54
23.53,-77.43,30.48
23.53,-77.41,30.43
23.53,-77.39,30.42
23.53,-77.37,30.37
23.53,-77.35,30.31
23.53,-77.33,30.33
23.53,-77.31,30.32
23.53,-77.29,30.37
23.53,-77.27,30.46
23.51,-83.15,31.34
23.51,-83.13,31.3
23.51,-83.11,31.29
23.51,-83.09,31.29
23.51,-83.07,31.31
23.51,-83.05,31.31
23.51,-83.03,31.27
23.51,-83.01,31.28
23.51,-82.99,31.3
23.51,-82.97,31.29
23.51,-82.95,31.32
23.51,-82.93,31.36
23.51,-82.91,31.39
23.51,-82.89,31.5
23.51,-82.87,31.61
23.51,-82.85,31.7
23.51,-82.83,31.85
23.51,-82.81,31.96
23.51,-82.79,32.02
23.51,-82.77,32.07
23.51,-82.75,32.14
23.51,-82.73,32.15
23.51,-82.71,32.19
23.51,-82.69,32.25
23.51,-82.67,32.27
23.51,-82.65,32.29
23.51,-82.63,32.28
23.51,-82.61,32.26
23.51,-82.59,32.2
23.51,-82.57,32.08
23.51,-82.55,31.9
23.51,-82.53,31.82
23.51,-82.51,31.79
23.51,-82.49,31.59
23.51,-82.47,31.6
23.51,-82.45,31.61
23.51,-82.43,31.51
23.51,-82.41,31.45
23.51,-82.39,31.49
23.51,-82.37,31.41
23.51,-82.35,31.3
23.51,-82.33,31.21
23.51,-82.31,31.26
23.51,-82.29,31.19
23.51,-82.27,31.13
23.51,-82.25,31.08
23.51,-82.23,31.03
23.51,-82.21,31.04
23.51,-82.19,31.03
23.51,-82.17,31.0
23.51,-82.15,30.91
23.51,-82.13,30.9
23.51,-82.11,30.88
23.51,-82.09,30.9
23.51,-82.07,30.83
23.51,-82.05,30.8
23.51,-82.03,30.85
23.51,-82.01,30.81
23.51,-81.99,30.77
23.51,-81.97,30.76
23.51,-81.95,30.73
23.51,-81.93,30.69
23.51,-81.91,30.61
23.51,-81.89,30.63
23.51,-81.87,30.7
23.51,-81.85,30.64
23.51,-81.83,30.63
23.51,-81.81,30.61
23.51,-81.79,30.7
23.51,-81.77,30.71
23.51,-81.75,30.73
23.51,-81.73,30.78
23.51,-81.71,30.8
23.51,-81.69,30.79
23.51,-81.67,30.77
23.51,-81.65,30.78
23.51,-81.63,30.78
23.51,-81.61,30.77
23.51,-81.59,30.74
23.51,-81.57,30.77
23.51,-81.55,30.81
23.51,-81.53,30.77
23.51,-81.51,30.78
23.51,-81.49,30.73
23.51,-81.47,30.74
23.51,-81.45,30.74
23.51,-81.43,30.79
23.51,-81.41,30.79
23.51,-81.39,30.73
23.51,-81.37,30.74
23.51,-81.35,30.81
23.51,-81.33,30.88
23.51,-81.31,30.88
23.51,-81.29,30.9
23.51,-81.27,30.95
23.51,-81.25,30.93
23.51,-81.23,30.88
23.51,-81.21,30.81
23.51,-81.19,30.81
23.51,-81.17,30.66
23.51,-81.15,30.49
23.51,-81.13,30.5
23.51,-81.11,30.56
23.51,-81.09,30.58
23.51,-81.07,30.58
23.51,-81.05,30.55
23.51,-81.03,30.54
23.51,-81.01,30.53
23.51,-80.99,30.55
23.51,-80.97,30.52
23.51,-80.95,30.62
23.51,-80.93,30.76
23.51,-80.91,30.85
23.51,-80.89,30.82
23.51,-80.87,30.81
23.51,-80.85,30.83
23.51,-80.83,30.84
23.51,-80.81,30.92
23.51,-80.77,31.13
23.51,-80.75,31.1
23.51,-80.73,31.07
23.51,-80.71,30.95
23.51,-80.27,30.46
23.51,-80.25,30.48
23.51,-80.23,30.51
23.51,-80.21,30.36
23.51,-80.19,30.38
23.51,-80.17,30.58
23.51,-80.15,30.68
23.51,-80.13,30.69
23.51,-80.11,30.77
23.51,-80.09,30.81
23.51,-80.07,30.76
23.51,-80.05,30.69
23.51,-80.03,30.53
23.51,-80.01,30.63
23.51,-79.99,30.76
23.51,-79.97,30.73
23.51,-79.95,30.69
23.51,-79.93,30.71
23.51,-79.91,30.79
23.51,-79.89,30.75
23.51,-79.87,30.7
23.51,-79.85,30.62
23.51,-79.83,30.53
23.51,-79.81,30.48
23.51,-79.79,30.47
23.51,-79.73,30.7
23.51,-79.71,30.64
23.51,-79.69,30.53
23.51,-79.67,30.39
23.51,-79.65,30.34
23.51,-79.63,30.41
23.51,-79.61,30.44
23.51,-79.59,30.52
23.51,-79.57,30.54
23.51,-79.55,30.51
23.51,-79.53,30.69
23.51,-79.51,30.79
23.51,-79.49,30.79
23.51,-79.47,30.75
23.51,-79.45,30.73
23.51,-79.43,30.69
23.51,-79.41,30.59
23.51,-79.39,30.5
23.51,-79.37,30.52
23.51,-79.35,30.58
23.51,-79.33,30.63
23.51,-79.31,30.63
23.51,-79.29,30.58
23.51,-79.27,30.46
23.51,-79.25,30.35
23.51,-79.23,30.36
23.51,-79.21,30.3
23.51,-79.19,30.14
23.51,-79.17,30.09
23.51,-79.07,30.16
23.51,-79.05,30.27
23.51,-79.03,30.43
23.51,-79.01,30.47
23.51,-78.99,30.48
23.51,-77.69,30.46
23.51,-77.67,30.46
23.51,-77.65,30.42
23.51,-77.63,30.43
23.51,-77.55,30.5
23.51,-77.43,30.44
23.51,-77.41,30.43
23.51,-77.33,30.43
23.51,-77.31,30.39
23.51,-77.29,30.4
23.51,-77.27,30.48
23.51,-77.25,30.43
23.49,-83.15,31.35
23.49,-83.13,31.35
23.49,-83.11,31.32
23.49,-83.09,31.32
23.49,-83.07,31.32
23.49,-83.05,31.3
23.49,-83.03,31.29
23.49,-83.01,31.34
23.49,-82.99,31.31
23.49,-82.97,31.33
23.49,-82.95,31.34
23.49,-82.93,31.36
23.49,-82.91,31.43
23.49,-82.89,31.49
23.49,-82.87,31.65
23.49,-82.85,31.72
23.49,-82.83,31.81
23.49,-82.81,31.95
23.49,-82.79,32.03
23.49,-82.77,32.06
23.49,-82.75,32.14
23.49,-82.73,32.13
23.49,-82.71,32.17
23.49,-82.69,32.2
23.49,-82.67,32.25
23.49,-82.65,32.25
23.49,-82.63,32.3
23.49,-82.61,32.26
23.49,-82.59,32.19
23.49,-82.57,32.08
23.49,-82.55,31.89
23.49,-82.53,31.79
23.49,-82.51,31.78
23.49,-82.49,31.63
23.49,-82.47,31.59
23.49,-82.45,31.55
23.49,-82.43,31.5
23.49,-82.41,31.45
23.49,-82.39,31.45
23.49,-82.37,31.46
23.49,-82.35,31.33
23.49,-82.33,31.26
23.49,-82.31,31.26
23.49,-82.29,31.17
23.49,-82.27,31.12
23.49,-82.25,31.06
23.49,-82.23,31.07
23.49,-82.21,31.06
23.49,-82.19,31.04
23.49,-82.17,30.98
23.49,-82.15,30.9
23.49,-82.13,30.9
23.49,-82.11,30.9
23.49,-82.09,30.93
23.49,-82.07,30.86
23.49,-82.05,30.8
23.49,-82.03,30.87
23.49,-82.01,30.79
23.49,-81.99,30.74
23.49,-81.97,30.75
23.49,-81.95,30.74
23.49,-81.93,30.72
23.49,-81.91,30.64
23.49,-81.89,30.69
23.49,-81.87,30.73
23.49,-81.85,30.68
23.49,-81.83,30.67
23.49,-81.81,30.73
23.49,-81.79,30.75
23.49,-81.77,30.73
23.49,-81.75,30.77
23.49,-81.73,30.83
23.49,-81.71,30.78
23.49,-81.69,30.87
23.49,-81.67,30.82
23.49,-81.65,30.81
23.49,-81.63,30.79
23.49,-81.61,30.82
23.49,-81.59,30.78
23.49,-81.57,30.77
23.49,-81.55,30.74
23.49,-81.53,30.71
23.49,-81.51,30.73
23.49,-81.49,30.76
23.49,-81.47,30.74
23.49,-81.45,30.74
23.49,-81.43,30.77
23.49,-81.41,30.75
23.49,-81.39,30.66
23.49,-81.37,30.71
23.49,-81.35,30.77
23.49,-81.33,30.83
23.49,-81.31,30.84
23.49,-81.29,30.82
23.49,-81.27,30.87
23.49,-81.25,30.75
23.49,-81.23,30.7
23.49,-81.21,30.75
23.49,-81.19,30.5
23.49,-81.17,30.48
23.49,-81.15,30.55
23.49,-81.13,30.54
23.49,-81.11,30.55
23.49,-81.09,30.61
23.49,-81.07,30.61
23.49,-81.05,30.56
23.49,-81.03,30.54
23.49,-81.01,30.54
23.49,-80.97,30.48
23.49,-80.95,30.63
23.49,-80.93,30.55
23.49,-80.91,30.47
23.49,-80.89,30.79
23.49,-80.87,30.78
23.49,-80.85,30.78
23.49,-80.83,30.84
23.49,-80.81,30.9
23.49,-80.77,31.1
23.49,-80.75,31.07
23.49,-80.33,30.44
23.49,-80.31,30.66
23.49,-80.29,30.68
23.49,-80.27,30.51
23.49,-80.25,30.56
23.49,-80.23,30.54
23.49,-80.21,30.35
23.49,-80.19,30.33
23.49,-80.17,30.53
23.49,-80.15,30.59
23.49,-80.13,30.63
23.49,-80.11,30.73
23.49,-80.09,30.78
23.49,-80.07,30.74
23.49,-80.05,30.66
23.49,-80.01,30.65
23.49,-79.99,30.71
23.49,-79.97,30.66
23.49,-79.95,30.64
23.49,-79.93,30.65
23.49,-79.91,30.73
23.49,-79.89,30.72
23.49,-79.73,30.66
23.49,-79.71,30.59
23.49,-79.69,30.51
23.49,-79.67,30.43
23.49,-79.65,30.4
23.49,-79.63,30.34
23.49,-79.61,30.26
23.49,-79.59,30.4
23.49,-79.57,30.53
23.49,-79.55,30.59
23.49,-79.53,30.62
23.49,-79.51,30.82
23.49,-79.49,30.88
23.49,-79.47,30.82
23.49,-79.45,30.73
23.49,-79.43,30.68
23.49,-79.41,30.53
23.49,-79.39,30.48
23.49,-79.37,30.5
23.49,-79.35,30.49
23.49,-79.33,30.58
23.49,-79.31,30.6
23.49,-79.29,30.52
23.49,-79.27,30.45
23.49,-79.25,30.37
23.49,-79.23,30.27
23.49,-79.21,30.14
23.49,-79.19,30.09
23.49,-79.17,30.05
23.49,-79.13,30.03
23.49,-79.11,30.04
23.49,-79.09,30.06
23.49,-79.07,30.21
23.49,-79.05,30.3
23.49,-79.03,30.47
23.49,-79.01,30.49
23.49,-78.99,30.49
23.49,-77.69,30.47
23.49,-77.67,30.42
23.49,-77.65,30.37
23.49,-77.63,30.35
23.49,-77.59,30.58
23.49,-77.57,30.52
23.49,-77.55,30.48
23.49,-77.41,30.39
23.49,-77.39,30.41
23.49,-77.37,30.4
23.49,-77.35,30.48
23.49,-77.33,30.49
23.49,-77.31,30.56
23.49,-77.29,30.49
23.49,-77.27,30.46
23.49,-77.25,30.43
23.47,-83.15,31.36
23.47,-83.13,31.39
23.47,-83.11,31.36
23.47,-83.09,31.35
23.47,-83.07,31.36
23.47,-83.05,31.33
23.47,-83.03,31.31
23.47,-83.01,31.34
23.47,-82.99,31.32
23.47,-82.97,31.32
23.47,-82.95,31.33
23.47,-82.93,31.38
23.47,-82.91,31.46
23.47,-82.89,31.54
23.47,-82.87,31.68
23.47,-82.85,31.72
23.47,-82.83,31.81
23.47,-82.81,31.92
23.47,-82.79,31.95
23.47,-82.77,32.0
23.47,-82.75,32.03
23.47,-82.73,32.04
23.47,-82.71,32.09
23.47,-82.69,32.16
23.47,-82.67,32.2
23.47,-82.65,32.21
23.47,-82.63,32.27
23.47,-82.61,32.23
23.47,-82.59,32.11
23.47,-82.57,31.95
23.47,-82.55,31.89
23.47,-82.53,31.83
23.47,-82.51,31.75
23.47,-82.49,31.62
23.47,-82.47,31.59
23.47,-82.45,31.58
23.47,-82.43,31.51
23.47,-82.41,31.38
23.47,-82.39,31.41
23.47,-82.37,31.41
23.47,-82.35,31.36
23.47,-82.33,31.3
23.47,-82.31,31.3
23.47,-82.29,31.22
23.47,-82.27,31.12
23.47,-82.25,31.03
23.47,-82.23,31.01
23.47,-82.21,31.05
23.47,-82.19,31.03
23.47,-82.17,30.98
23.47,-82.15,30.92
23.47,-82.13,30.92
23.47,-82.11,30.91
23.47,-82.09,30.94
23.47,-82.07,30.91
23.47,-82.05,30.8
23.47,-82.03,30.81
23.47,-82.01,30.79
23.47,-81.99,30.77
23.47,-81.97,30.72
23.47,-81.95,30.75
23.47,-81.93,30.74
23.47,-81.91,30.66
23.47,-81.89,30.71
23.47,-81.87,30.72
23.47,-81.85,30.72
23.47,-81.83,30.78
23.47,-81.81,30.78
23.47,-81.79,30.82
23.47,-81.77,30.82
23.47,-81.75,30.81
23.47,-81.73,30.86
23.47,-81.71,30.86
23.47,-81.69,30.85
23.47,-81.67,30.85
23.47,-81.65,30.81
23.47,-81.63,30.81
23.47,-81.61,30.83
23.47,-81.59,30.77
23.47,-81.57,30.75
23.47,-81.55,30.74
23.47,-81.53,30.7
23.47,-81.51,30.71
23.47,-81.49,30.73
23.47,-81.47,30.73
23.47,-81.45,30.69
23.47,-81.43,30.76
23.47,-81.41,30.73
23.47,-81.39,30.65
23.47,-81.37,30.62
23.47,-81.35,30.69
23.47,-81.33,30.75
23.47,-81.31,30.73
23.47,-81.29,30.78
23.47,-81.27,30.74
23.47,-81.25,30.68
23.47,-81.23,30.64
23.47,-81.21,30.49
23.47,-81.19,30.45
23.47,-81.17,30.44
23.47,-81.15,30.5
23.47,-81.13,30.53
23.47,-81.11,30.48
23.47,-81.09,30.54
23.47,-81.07,30.56
23.47,-81.05,30.55
23.47,-81.03,30.52
23.47,-81.01,30.6
23.47,-80.97,30.54
23.47,-80.95,30.53
23.47,-80.93,30.57
23.47,-80.91,30.48
23.47,-80.89,30.42
23.47,-80.85,30.56
23.47,-80.83,30.7
23.47,-80.79,31.07
23.47,-80.77,31.13
23.47,-80.75,31.08
23.47,-80.33,30.46
23.47,-80.31,30.64
23.47,-80.29,30.67
23.47,-80.27,30.63
23.47,-80.25,30.59
23.47,-80.23,30.58
23.47,-80.21,30.29
23.47,-80.19,30.28
23.47,-80.17,30.33
23.47,-80.15,30.42
23.47,-80.13,30.63
23.47,-80.11,30.44
23.47,-80.05,30.55
23.47,-80.03,30.72
23.47,-80.01,30.75
23.47,-79.99,30.71
23.47,-79.97,30.6
23.47,-79.95,30.6
23.47,-79.93,30.61
23.47,-79.91,30.61
23.47,-79.89,30.6
23.47,-79.87,30.57
23.47,-79.85,30.57
23.47,-79.79,30.27
23.47,-79.77,30.22
23.47,-79.75,30.23
23.47,-79.73,30.62
23.47,-79.71,30.58
23.47,-79.69,30.52
23.47,-79.67,30.45
23.47,-79.65,30.44
23.47,-79.63,30.43
23.47,-79.61,30.27
23.47,-79.59,30.37
23.47,-79.57,30.44
23.47,-79.55,30.58
23.47,-79.53,30.69
23.47,-79.51,30.7
23.47,-79.49,30.89
23.47,-79.47,30.81
23.47,-79.45,30.77
23.47,-79.43,30.61
23.47,-79.41,30.5
23.47,-79.39,30.47
23.47,-79.37,30.43
23.47,-79.35,30.5
23.47,-79.33,30.53
23.47,-79.31,30.53
23.47,-79.29,30.46
23.47,-79.27,30.38
23.47,-79.25,30.37
23.47,-79.23,30.13
23.47,-79.21,30.09
23.47,-79.19,30.01
23.47,-79.17,29.98
23.47,-79.15,29.98
23.47,-79.13,30.01
23.47,-79.11,30.07
23.47,-79.09,30.06
23.47,-79.07,30.09
23.47,-79.05,30.24
23.47,-79.03,30.45
23.47,-79.01,30.49
23.47,-78.99,30.52
23.47,-78.01,30.71
23.47,-77.95,30.71
23.47,-77.67,30.42
23.47,-77.65,30.42
23.47,-77.63,30.41
23.47,-77.61,30.42
23.47,-77.59,30.56
23.47,-77.57,30.65
23.47,-77.55,30.52
23.47,-77.53,30.49
23.47,-77.39,30.42
23.47,-77.37,30.51
23.47,-77.35,30.54
23.47,-77.33,30.54
23.47,-77.31,30.54
23.47,-77.29,30.49
23.47,-77.27,30.48
23.45,-83.15,31.4
23.45,-83.13,31.4
23.45,-83.11,31.42
23.45,-83.09,31.45
23.45,-83.07,31.38
23.45,-83.05,31.35
23.45,-83.03,31.31
23.45,-83.01,31.34
23.45,-82.99,31.35
23.45,-82.97,31.35
23.45,-82.95,31.35
23.45,-82.93,31.4
23.45,-82.91,31.49
23.45,-82.89,31.56
23.45,-82.87,31.66
23.45,-82.85,31.72
23.45,-82.83,31.85
23.45,-82.81,31.92
23.45,-82.79,31.91
23.45,-82.77,31.93
23.45,-82.75,31.9
23.45,-82.73,31.91
23.45,-82.71,32.03
23.45,-82.69,32.13
23.45,-82.67,32.17
23.45,-82.65,32.19
23.45,-82.63,32.23
23.45,-82.61,32.19
23.45,-82.59,32.07
23.45,-82.57,31.94
23.45,-82.55,31.86
23.45,-82.53,31.8
23.45,-82.51,31.7
23.45,-82.49,31.62
23.45,-82.47,31.61
23.45,-82.45,31.6
23.45,-82.43,31.47
23.45,-82.41,31.35
23.45,-82.39,31.39
23.45,-82.37,31.4
23.45,-82.35,31.31
23.45,-82.33,31.24
23.45,-82.31,31.26
23.45,-82.29,31.18
23.45,-82.27,31.12
23.45,-82.25,31.07
23.45,-82.23,31.05
23.45,-82.21,31.07
23.45,-82.19,31.01
23.45,-82.17,31.0
23.45,-82.15,30.99
23.45,-82.13,30.91
23.45,-82.11,30.89
23.45,-82.09,30.97
23.45,-82.07,30.97
23.45,-82.05,30.82
23.45,-82.03,30.79
23.45,-82.01,30.8
23.45,-81.99,30.77
23.45,-81.97,30.78
23.45,-81.95,30.77
23.45,-81.93,30.76
23.45,-81.91,30.7
23.45,-81.89,30.71
23.45,-81.87,30.73
23.45,-81.85,30.74
23.45,-81.83,30.79
23.45,-81.81,30.8
23.45,-81.79,30.89
23.45,-81.77,30.87
23.45,-81.75,30.82
23.45,-81.73,30.91
23.45,-81.71,30.92
23.45,-81.69,30.89
23.45,-81.67,30.86
23.45,-81.65,30.84
23.45,-81.63,30.85
23.45,-81.61,30.8
23.45,-81.59,30.72
23.45,-81.57,30.7
23.45,-81.55,30.72
23.45,-81.53,30.66
23.45,-81.51,30.65
23.45,-81.49,30.69
23.45,-81.47,30.74
23.45,-81.45,30.64
23.45,-81.43,30.65
23.45,-81.41,30.62
23.45,-81.39,30.59
23.45,-81.37,30.52
23.45,-81.35,30.52
23.45,-81.33,30.53
23.45,-81.31,30.61
23.45,-81.29,30.6
23.45,-81.27,30.57
23.45,-81.25,30.5
23.45,-81.23,30.39
23.45,-81.21,30.38
23.45,-81.19,30.42
23.45,-81.17,30.44
23.45,-81.15,30.46
23.45,-81.13,30.49
23.45,-81.11,30.44
23.45,-81.09,30.38
23.45,-81.07,30.41
23.45,-81.05,30.5
23.45,-81.03,30.48
23.45,-81.01,30.48
23.45,-80.99,30.45
23.45,-80.97,30.57
23.45,-80.95,30.7
23.45,-80.93,30.69
23.45,-80.91,30.57
23.45,-80.89,30.41
23.45,-80.85,30.37
23.45,-80.83,30.52
23.45,-80.79,30.92
23.45,-80.77,31.01
23.45,-80.75,31.11
23.45,-80.73,31.03
23.45,-80.71,31.03
23.45,-80.69,31.01
23.45,-80.47,30.62
23.45,-80.37,30.53
23.45,-80.35,30.64
23.45,-80.33,30.65
23.45,-80.31,30.67
23.45,-80.29,30.68
23.45,-80.27,30.54
23.45,-80.25,30.47
23.45,-80.23,30.48
23.45,-80.21,30.63
23.45,-80.19,30.65
23.45,-80.17,30.59
23.45,-80.15,30.23
23.45,-80.13,30.72
23.45,-80.11,30.37
23.45,-80.09,30.37
23.45,-80.05,30.47
23.45,-80.03,30.5
23.45,-79.95,30.58
23.45,-79.93,30.59
23.45,-79.91,30.62
23.45,-79.89,30.58
23.45,-79.87,30.54
23.45,-79.85,30.53
23.45,-79.79,30.19
23.45,-79.77,30.36
23.45,-79.75,30.34
23.45,-79.73,30.33
23.45,-79.71,30.36
23.45,-79.69,30.44
23.45,-79.67,30.46
23.45,-79.65,30.48
23.45,-79.63,30.45
23.45,-79.61,30.4
23.45,-79.59,30.36
23.45,-79.57,30.38
23.45,-79.55,30.46
23.45,-79.53,30.64
23.45,-79.51,30.65
23.45,-79.49,30.68
23.45,-79.47,30.69
23.45,-79.45,30.7
23.45,-79.43,30.58
23.45,-79.41,30.47
23.45,-79.39,30.41
23.45,-79.37,30.39
23.45,-79.35,30.43
23.45,-79.33,30.5
23.45,-79.31,30.48
23.45,-79.29,30.38
23.45,-79.27,30.27
23.45,-79.25,30.22
23.45,-79.23,30.09
23.45,-79.21,30.07
23.45,-79.19,30.08
23.45,-79.17,30.03
23.45,-79.15,29.99
23.45,-79.13,29.99
23.45,-79.11,30.03
23.45,-79.09,30.07
23.45,-79.07,30.08
23.45,-79.05,30.16
23.45,-79.03,30.3
23.45,-79.01,30.35
23.45,-78.93,30.43
23.45,-77.97,30.68
23.45,-77.95,30.71
23.45,-77.65,30.38
23.45,-77.63,30.43
23.45,-77.61,30.47
23.45,-77.59,30.58
23.45,-77.57,30.64
23.45,-77.55,30.62
23.45,-77.53,30.58
23.45,-77.39,30.46
23.45,-77.37,30.57
23.45,-77.35,30.67
23.45,-77.33,30.63
23.43,-83.15,31.47
23.43,-83.13,31.49
23.43,-83.11,31.5
23.43,-83.09,31.45
23.43,-83.07,31.43
23.43,-83.05,31.36
23.43,-83.03,31.36
23.43,-83.01,31.37
23.43,-82.99,31.37
23.43,-82.97,31.36
23.43,-82.95,31.43
23.43,-82.93,31.47
23.43,-82.91,31.54
23.43,-82.89,31.61
23.43,-82.87,31.67
23.43,-82.85,31.71
23.43,-82.83,31.74
23.43,-82.81,31.82
23.43,-82.79,31.83
23.43,-82.77,31.87
23.43,-82.75,31.86
23.43,-82.73,31.88
23.43,-82.71,31.98
23.43,-82.69,32.06
23.43,-82.67,32.11
23.43,-82.65,32.13
23.43,-82.63,32.16
23.43,-82.61,32.15
23.43,-82.59,32.04
23.43,-82.57,31.95
23.43,-82.55,31.85
23.43,-82.53,31.79
23.43,-82.51,31.71
23.43,-82.49,31.66
23.43,-82.47,31.59
23.43,-82.45,31.54
23.43,-82.43,31.44
23.43,-82.41,31.36
23.43,-82.39,31.44
23.43,-82.37,31.37
23.43,-82.35,31.28
23.43,-82.33,31.23
23.43,-82.31,31.2
23.43,-82.29,31.12
23.43,-82.27,31.13
23.43,-82.25,31.07
23.43,-82.23,31.05
23.43,-82.21,31.06
23.43,-82.19,31.05
23.43,-82.17,31.03
23.43,-82.15,30.95
23.43,-82.13,30.95
23.43,-82.11,30.9
23.43,-82.09,30.93
23.43,-82.07,30.98
23.43,-82.05,30.91
23.43,-82.03,30.84
23.43,-82.01,30.82
23.43,-81.99,30.79
23.43,-81.97,30.85
23.43,-81.95,30.79
23.43,-81.93,30.77
23.43,-81.91,30.73
23.43,-81.89,30.74
23.43,-81.87,30.76
23.43,-81.85,30.8
23.43,-81.83,30.84
23.43,-81.81,30.88
23.43,-81.79,30.9
23.43,-81.77,30.88
23.43,-81.75,30.86
23.43,-81.73,31.0
23.43,-81.71,30.95
23.43,-81.69,30.89
23.43,-81.67,30.88
23.43,-81.65,30.88
23.43,-81.63,30.83
23.43,-81.61,30.8
23.43,-81.59,30.74
23.43,-81.57,30.65
23.43,-81.55,30.66
23.43,-81.53,30.64
23.43,-81.51,30.62
23.43,-81.49,30.63
23.43,-81.47,30.69
23.43,-81.45,30.59
23.43,-81.43,30.53
23.43,-81.41,30.43
23.43,-81.39,30.39
23.43,-81.37,30.28
23.43,-81.35,30.38
23.43,-81.33,30.42
23.43,-81.31,30.36
23.43,-81.29,30.36
23.43,-81.27,30.34
23.43,-81.25,30.32
23.43,-81.23,30.32
23.43,-81.21,30.35
23.43,-81.19,30.39
23.43,-81.17,30.41
23.43,-81.15,30.39
23.43,-81.13,30.4
23.43,-81.11,30.42
23.43,-81.09,30.34
23.43,-81.07,30.29
23.43,-81.05,30.41
23.43,-81.03,30.41
23.43,-81.01,30.44
23.43,-80.99,30.51
23.43,-80.97,30.56
23.43,-80.95,30.64
23.43,-80.93,30.72
23.43,-80.91,30.72
23.43,-80.89,30.7
23.43,-80.87,30.58
23.43,-80.85,30.59
23.43,-80.81,30.83
23.43,-80.79,30.9
23.43,-80.77,30.99
23.43,-80.75,30.98
23.43,-80.73,31.04
23.43,-80.71,31.04
23.43,-80.69,31.01
23.43,-80.67,31.01
23.43,-80.65,31.06
23.43,-80.55,30.79
23.43,-80.53,30.72
23.43,-80.49,30.73
23.43,-80.47,30.75
23.43,-80.45,30.63
23.43,-80.39,30.61
23.43,-80.37,30.6
23.43,-80.35,30.69
23.43,-80.33,30.73
23.43,-80.31,30.73
23.43,-80.29,30.67
23.43,-80.27,30.57
23.43,-80.25,30.56
23.43,-80.23,30.69
23.43,-80.21,30.69
23.43,-80.19,30.68
23.43,-80.17,30.7
23.43,-80.15,30.72
23.43,-80.13,30.71
23.43,-80.11,30.48
23.43,-80.05,30.59
23.43,-80.03,30.64
23.43,-79.95,30.59
23.43,-79.93,30.63
23.43,-79.91,30.62
23.43,-79.89,30.58
23.43,-79.87,30.53
23.43,-79.85,30.57
23.43,-79.83,30.54
23.43,-79.81,30.38
23.43,-79.79,30.44
23.43,-79.77,30.48
23.43,-79.75,30.48
23.43,-79.73,30.51
23.43,-79.71,30.46
23.43,-79.69,30.41
23.43,-79.67,30.43
23.43,-79.65,30.45
23.43,-79.63,30.45
23.43,-79.61,30.48
23.43,-79.59,30.43
23.43,-79.57,30.19
23.43,-79.55,30.37
23.43,-79.53,30.52
23.43,-79.51,30.41
23.43,-79.49,30.53
23.43,-79.47,30.6
23.43,-79.45,30.52
23.43,-79.43,30.49
23.43,-79.41,30.44
23.43,-79.39,30.38
23.43,-79.37,30.3
23.43,-79.35,30.33
23.43,-79.33,30.38
23.43,-79.31,30.37
23.43,-79.29,30.34
23.43,-79.27,30.26
23.43,-79.25,30.24
23.43,-79.23,30.21
23.43,-79.21,30.16
23.43,-79.19,30.18
23.43,-79.17,30.09
23.43,-79.15,29.97
23.43,-79.13,29.96
23.43,-79.11,29.96
23.43,-79.09,30.05
23.43,-79.07,30.07
23.43,-79.05,30.13
23.43,-78.99,30.36
23.43,-78.97,30.48
23.43,-78.95,30.37
23.43,-78.93,30.38
23.43,-77.65,30.52
23.43,-77.63,30.64
23.43,-77.59,30.76
23.43,-77.57,30.62
23.43,-77.55,30.75
23.43,-77.53,30.77
23.43,-77.51,30.57
23.43,-77.49,30.63
23.43,-77.47,30.64
23.43,-77.39,30.53
23.43,-77.37,30.63
23.43,-77.35,30.67
23.43,-77.33,30.61
23.41,-83.15,31.45
23.41,-83.13,31.5
23.41,-83.11,31.51
23.41,-83.09,31.47
23.41,-83.07,31.43
23.41,-83.05,31.39
23.41,-83.03,31.39
23.41,-83.01,31.42
23.41,-82.99,31.41
23.41,-82.97,31.41
23.41,-82.95,31.45
23.41,-82.93,31.51
23.41,-82.91,31.57
23.41,-82.89,31.6
23.41,-82.87,31.63
23.41,-82.85,31.68
23.41,-82.83,31.69
23.41,-82.81,31.73
23.41,-82.79,31.71
23.41,-82.77,31.78
23.41,-82.75,31.86
23.41,-82.73,31.92
23.41,-82.71,31.93
23.41,-82.69,32.0
23.41,-82.67,32.08
23.41,-82.65,32.09
23.41,-82.63,32.07
23.41,-82.61,32.06
23.41,-82.59,32.04
23.41,-82.57,31.93
23.41,-82.55,31.82
23.41,-82.53,31.78
23.41,-82.51,31.73
23.41,-82.49,31.7
23.41,-82.47,31.55
23.41,-82.45,31.55
23.41,-82.43,31.5
23.41,-82.41,31.43
23.41,-82.39,31.32
23.41,-82.37,31.26
23.41,-82.35,31.24
23.41,-82.33,31.25
23.41,-82.31,31.22
23.41,-82.29,31.14
23.41,-82.27,31.13
23.41,-82.25,31.05
23.41,-82.23,31.03
23.41,-82.21,31.08
23.41,-82.19,31.07
23.41,-82.17,31.01
23.41,-82.15,30.99
23.41,-82.13,30.96
23.41,-82.11,30.93
23.41,-82.09,30.95
23.41,-82.07,30.97
23.41,-82.05,30.91
23.41,-82.03,30.87
23.41,-82.01,30.86
23.41,-81.99,30.78
23.41,-81.97,30.86
23.41,-81.95,30.83
23.41,-81.93,30.79
23.41,-81.91,30.79
23.41,-81.89,30.74
23.41,-81.87,30.74
23.41,-81.85,30.83
23.41,-81.83,30.9
23.41,-81.81,30.87
23.41,-81.79,30.93
23.41,-81.77,30.93
23.41,-81.75,30.88
23.41,-81.73,30.95
23.41,-81.71,30.99
23.41,-81.69,30.94
23.41,-81.67,30.9
23.41,-81.65,30.85
23.41,-81.63,30.81
23.41,-81.61,30.78
23.41,-81.59,30.76
23.41,-81.57,30.66
23.41,-81.55,30.62
23.41,-81.53,30.58
23.41,-81.51,30.52
23.41,-81.49,30.53
23.41,-81.47,30.61
23.41,-81.45,30.44
23.41,-81.43,30.31
23.41,-81.41,30.09
23.41,-81.39,30.12
23.41,-81.37,30.1
23.41,-81.35,30.1
23.41,-81.33,30.15
23.41,-81.31,30.22
23.41,-81.29,30.25
23.41,-81.27,30.23
23.41,-81.25,30.26
23.41,-81.23,30.29
23.41,-81.21,30.3
23.41,-81.19,30.29
23.41,-81.17,30.33
23.41,-81.15,30.31
23.41,-81.13,30.33
23.41,-81.11,30.34
23.41,-81.09,30.27
23.41,-81.07,30.28
23.41,-81.05,30.33
23.41,-81.03,30.3
23.41,-81.01,30.41
23.41,-80.99,30.48
23.41,-80.97,30.49
23.41,-80.95,30.58
23.41,-80.93,30.68
23.41,-80.91,30.76
23.41,-80.89,30.79
23.41,-80.87,30.69
23.41,-80.85,30.68
23.41,-80.83,30.6
23.41,-80.81,30.71
23.41,-80.79,30.94
23.41,-80.77,30.97
23.41,-80.75,30.95
23.41,-80.73,31.0
23.41,-80.71,31.01
23.41,-80.69,31.01
23.41,-80.67,31.0
23.41,-80.65,31.09
23.41,-80.63,31.08
23.41,-80.61,31.03
23.41,-80.59,31.03
23.41,-80.57,31.0
23.41,-80.55,30.88
23.41,-80.53,30.82
23.41,-80.51,30.82
23.41,-80.49,30.8
23.41,-80.47,30.84
23.41,-80.45,30.73
23.41,-80.43,30.73
23.41,-80.41,30.75
23.41,-80.39,30.77
23.41,-80.37,30.66
23.41,-80.35,30.7
23.41,-80.33,30.78
23.41,-80.31,30.76
23.41,-80.29,30.73
23.41,-80.27,30.69
23.41,-80.25,30.68
23.41,-80.23,30.72
23.41,-80.21,30.73
23.41,-80.15,30.66
23.41,-80.13,30.66
23.41,-80.05,30.58
23.41,-80.03,30.64
23.41,-80.01,30.71
23.41,-79.99,30.72
23.41,-79.97,30.71
23.41,-79.95,30.63
23.41,-79.93,30.65
23.41,-79.91,30.65
23.41,-79.87,30.5
23.41,-79.85,30.51
23.41,-79.83,30.53
23.41,-79.81,30.51
23.41,-79.79,30.51
23.41,-79.77,30.47
23.41,-79.75,30.54
23.41,-79.73,30.58
23.41,-79.71,30.54
23.41,-79.69,30.49
23.41,-79.67,30.49
23.41,-79.65,30.43
23.41,-79.63,30.44
23.41,-79.61,30.47
23.41,-79.59,30.38
23.41,-79.57,30.26
23.41,-79.55,30.34
23.41,-79.53,30.33
23.41,-79.51,30.27
23.41,-79.49,30.14
23.41,-79.45,30.24
23.41,-79.43,30.35
23.41,-79.41,30.39
23.41,-79.39,30.34
23.41,-79.37,30.32
23.41,-79.35,30.31
23.41,-79.33,30.32
23.41,-79.31,30.32
23.41,-79.29,30.31
23.41,-79.27,30.28
23.41,-79.25,30.28
23.41,-79.23,30.27
23.41,-79.21,30.25
23.41,-79.19,30.22
23.41,-79.17,30.11
23.41,-79.15,30.01
23.41,-79.13,29.95
23.41,-79.11,29.96
23.41,-79.09,30.02
23.41,-79.07,30.06
23.41,-79.05,30.15
23.41,-79.03,30.36
23.41,-79.01,30.42
23.41,-78.99,30.4
23.41,-78.97,30.48
23.41,-78.95,30.48
23.41,-77.65,30.68
23.41,-77.63,30.77
23.41,-77.61,30.7
23.41,-77.59,30.85
23.41,-77.57,30.79
23.41,-77.55,30.74
23.41,-77.53,30.75
23.41,-77.51,30.61
23.41,-77.49,30.74
23.41,-77.47,30.72
23.41,-77.41,30.5
23.41,-77.37,30.58
23.41,-77.35,30.63
23.39,-83.15,31.49
23.39,-83.13,31.5
23.39,-83.11,31.49
23.39,-83.09,31.46
23.39,-83.07,31.42
23.39,-83.05,31.4
23.39,-83.03,31.41
23.39,-83.01,31.43
23.39,-82.99,31.45
23.39,-82.97,31.45
23.39,-82.95,31.47
23.39,-82.93,31.5
23.39,-82.91,31.54
23.39,-82.89,31.55
23.39,-82.87,31.59
23.39,-82.85,31.63
23.39,-82.83,31.64
23.39,-82.81,31.67
23.39,-82.79,31.68
23.39,-82.77,31.73
23.39,-82.75,31.85
23.39,-82.73,31.87
23.39,-82.71,31.91
23.39,-82.69,31.98
23.39,-82.67,32.03
23.39,-82.65,31.99
23.39,-82.63,31.93
23.39,-82.61,31.99
23.39,-82.59,32.0
23.39,-82.57,31.92
23.39,-82.55,31.81
23.39,-82.53,31.76
23.39,-82.51,31.76
23.39,-82.49,31.69
23.39,-82.47,31.61
23.39,-82.45,31.58
23.39,-82.43,31.54
23.39,-82.41,31.4
23.39,-82.39,31.3
23.39,-82.37,31.3
23.39,-82.35,31.25
23.39,-82.33,31.22
23.39,-82.31,31.25
23.39,-82.29,31.16
23.39,-82.27,31.11
23.39,-82.25,31.06
23.39,-82.23,31.01
23.39,-82.21,31.06
23.39,-82.19,31.12
23.39,-82.17,31.04
23.39,-82.15,31.03
23.39,-82.13,31.0
23.39,-82.11,30.97
23.39,-82.09,30.97
23.39,-82.07,30.99
23.39,-82.05,30.89
23.39,-82.03,30.86
23.39,-82.01,30.91
23.39,-81.99,30.86
23.39,-81.97,30.83
23.39,-81.95,30.81
23.39,-81.93,30.82
23.39,-81.91,30.82
23.39,-81.89,30.79
23.39,-81.87,30.8
23.39,-81.85,30.86
23.39,-81.83,30.9
23.39,-81.81,30.9
23.39,-81.79,30.91
23.39,-81.77,30.91
23.39,-81.75,30.92
23.39,-81.73,30.95
23.39,-81.71,30.95
23.39,-81.69,30.93
23.39,-81.67,30.88
23.39,-81.65,30.86
23.39,-81.63,30.82
23.39,-81.61,30.76
23.39,-81.59,30.7
23.39,-81.57,30.64
23.39,-81.55,30.59
23.39,-81.53,30.52
23.39,-81.51,30.46
23.39,-81.49,30.48
23.39,-81.47,30.3
23.39,-81.45,30.03
23.39,-81.43,29.95
23.39,-81.41,30.0
23.39,-81.39,30.05
23.39,-81.37,30.01
23.39,-81.35,30.03
23.39,-81.33,30.12
23.39,-81.31,30.16
23.39,-81.29,30.18
23.39,-81.27,30.13
23.39,-81.25,30.18
23.39,-81.23,30.24
23.39,-81.21,30.23
23.39,-81.19,30.24
23.39,-81.17,30.26
23.39,-81.15,30.28
23.39,-81.13,30.25
23.39,-81.11,30.27
23.39,-81.09,30.25
23.39,-81.07,30.22
23.39,-81.05,30.25
23.39,-81.03,30.31
23.39,-81.01,30.39
23.39,-80.99,30.47
23.39,-80.97,30.43
23.39,-80.95,30.25
23.39,-80.93,30.61
23.39,-80.91,30.8
23.39,-80.89,30.84
23.39,-80.87,30.7
23.39,-80.85,30.66
23.39,-80.83,30.66
23.39,-80.81,30.84
23.39,-80.79,30.93
23.39,-80.77,30.92
23.39,-80.75,30.97
23.39,-80.73,30.97
23.39,-80.71,30.96
23.39,-80.69,30.95
23.39,-80.67,30.95
23.39,-80.65,31.01
23.39,-80.63,31.04
23.39,-80.61,30.99
23.39,-80.59,31.0
23.39,-80.57,31.01
23.39,-80.55,31.0
23.39,-80.53,30.96
23.39,-80.51,30.95
23.39,-80.49,30.95
23.39,-80.47,30.94
23.39,-80.45,30.9
23.39,-80.43,30.82
23.39,-80.41,30.8
23.39,-80.39,30.79
23.39,-80.37,30.71
23.39,-80.35,30.78
23.39,-80.33,30.83
23.39,-80.31,30.82
23.39,-80.29,30.79
23.39,-80.27,30.77
23.39,-80.25,30.74
23.39,-80.23,30.71
23.39,-80.21,30.62
23.39,-80.19,30.59
23.39,-80.13,30.64
23.39,-80.01,30.75
23.39,-79.99,30.78
23.39,-79.97,30.78
23.39,-79.95,30.69
23.39,-79.93,30.66
23.39,-79.91,30.66
23.39,-79.83,30.52
23.39,-79.81,30.58
23.39,-79.79,30.59
23.39,-79.77,30.55
23.39,-79.75,30.57
23.39,-79.73,30.57
23.39,-79.71,30.56
23.39,-79.69,30.53
23.39,-79.67,30.52
23.39,-79.65,30.52
23.39,-79.63,30.4
23.39,-79.61,30.39
23.39,-79.59,30.42
23.39,-79.57,30.28
23.39,-79.55,30.24
23.39,-79.53,30.23
23.39,-79.51,30.16
23.39,-79.43,30.2
23.39,-79.41,30.24
23.39,-79.39,30.28
23.39,-79.37,30.32
23.39,-79.35,30.33
23.39,-79.33,30.37
23.39,-79.31,30.38
23.39,-79.29,30.31
23.39,-79.27,30.29
23.39,-79.25,30.31
23.39,-79.23,30.31
23.39,-79.21,30.31
23.39,-79.19,30.25
23.39,-79.17,30.16
23.39,-79.15,30.04
23.39,-79.13,29.99
23.39,-79.09,30.01
23.39,-79.07,30.04
23.39,-79.05,30.25
23.39,-79.03,30.42
23.39,-79.01,30.49
23.39,-78.99,30.48
23.39,-78.97,30.4
23.39,-78.95,30.38
23.39,-77.97,30.61
23.39,-77.65,30.75
23.39,-77.63,30.77
23.39,-77.61,30.8
23.39,-77.59,30.89
23.39,-77.57,30.82
23.39,-77.55,30.75
23.39,-77.53,30.65
23.39,-77.51,30.62
23.39,-77.49,30.68
23.39,-77.47,30.67
23.39,-77.41,30.5
23.39,-77.39,30.53
23.39,-77.37,30.56
23.39,-77.35,30.59
23.37,-83.15,31.57
23.37,-83.13,31.56
23.37,-83.11,31.49
23.37,-83.09,31.48
23.37,-83.07,31.5
23.37,-83.05,31.46
23.37,-83.03,31.43
23.37,-83.01,31.42
23.37,-82.99,31.44
23.37,-82.97,31.46
23.37,-82.95,31.48
23.37,-82.93,31.48
23.37,-82.91,31.48
23.37,-82.89,31.5
23.37,-82.87,31.5
23.37,-82.85,31.5
23.37,-82.83,31.57
23.37,-82.81,31.64
23.37,-82.79,31.67
23.37,-82.77,31.69
23.37,-82.75,31.75
23.37,-82.73,31.8
23.37,-82.71,31.9
23.37,-82.69,31.92
23.37,-82.67,31.97
23.37,-82.65,31.96
23.37,-82.63,31.89
23.37,-82.61,31.91
23.37,-82.59,31.95
23.37,-82.57,31.89
23.37,-82.55,31.84
23.37,-82.53,31.78
23.37,-82.51,31.74
23.37,-82.49,31.68
23.37,-82.47,31.59
23.37,-82.45,31.53
23.37,-82.43,31.48
23.37,-82.41,31.41
23.37,-82.39,31.3
23.37,-82.37,31.31
23.37,-82.35,31.29
23.37,-82.33,31.28
23.37,-82.31,31.22
23.37,-82.29,31.14
23.37,-82.27,31.1
23.37,-82.25,31.1
23.37,-82.23,30.99
23.37,-82.21,31.05
23.37,-82.19,31.08
23.37,-82.17,31.03
23.37,-82.15,31.02
23.37,-82.13,31.07
23.37,-82.11,31.04
23.37,-82.09,31.04
23.37,-82.07,30.95
23.37,-82.05,30.88
23.37,-82.03,30.85
23.37,-82.01,30.92
23.37,-81.99,30.83
23.37,-81.97,30.86
23.37,-81.95,30.82
23.37,-81.93,30.81
23.37,-81.91,30.83
23.37,-81.89,30.8
23.37,-81.87,30.83
23.37,-81.85,30.87
23.37,-81.83,30.87
23.37,-81.81,30.88
23.37,-81.79,30.92
23.37,-81.77,30.94
23.37,-81.75,30.88
23.37,-81.73,30.91
23.37,-81.71,30.92
23.37,-81.69,30.89
23.37,-81.67,30.87
23.37,-81.65,30.83
23.37,-81.63,30.79
23.37,-81.61,30.71
23.37,-81.59,30.62
23.37,-81.57,30.57
23.37,-81.55,30.46
23.37,-81.53,30.41
23.37,-81.51,30.32
23.37,-81.49,30.12
23.37,-81.47,30.01
23.37,-81.45,29.94
23.37,-81.43,29.91
23.37,-81.41,29.93
23.37,-81.39,29.97
23.37,-81.37,29.94
23.37,-81.35,30.0
23.37,-81.33,30.05
23.37,-81.31,30.08
23.37,-81.29,30.13
23.37,-81.27,30.1
23.37,-81.25,30.13
23.37,-81.23,30.18
23.37,-81.21,30.2
23.37,-81.19,30.16
23.37,-81.17,30.14
23.37,-81.15,30.21
23.37,-81.13,30.19
23.37,-81.11,30.25
23.37,-81.09,30.3
23.37,-81.07,30.23
23.37,-81.05,30.22
23.37,-81.03,30.22
23.37,-81.01,30.25
23.37,-80.99,30.41
23.37,-80.97,30.46
23.37,-80.95,30.52
23.37,-80.93,30.4
23.37,-80.91,30.59
23.37,-80.89,30.7
23.37,-80.87,30.6
23.37,-80.85,30.64
23.37,-80.83,30.74
23.37,-80.81,30.79
23.37,-80.79,30.87
23.37,-80.77,30.86
23.37,-80.75,30.88
23.37,-80.73,30.92
23.37,-80.71,30.94
23.37,-80.69,30.92
23.37,-80.67,30.9
23.37,-80.65,30.93
23.37,-80.63,30.9
23.37,-80.61,30.95
23.37,-80.59,30.99
23.37,-80.57,31.02
23.37,-80.55,31.02
23.37,-80.53,31.03
23.37,-80.51,31.08
23.37,-80.49,31.08
23.37,-80.47,31.06
23.37,-80.45,30.96
23.37,-80.43,30.87
23.37,-80.41,30.88
23.37,-80.39,30.94
23.37,-80.37,30.89
23.37,-80.35,30.87
23.37,-80.33,30.88
23.37,-80.31,30.87
23.37,-80.29,30.85
23.37,-80.27,30.83
23.37,-80.25,30.8
23.37,-80.23,30.67
23.37,-80.21,30.61
23.37,-80.19,30.57
23.37,-80.13,30.62
23.37,-80.11,30.61
23.37,-80.03,30.8
23.37,-80.01,30.8
23.37,-79.99,30.83
23.37,-79.97,30.82
23.37,-79.95,30.71
23.37,-79.93,30.67
23.37,-79.91,30.6
23.37,-79.89,30.56
23.37,-79.81,30.61
23.37,-79.79,30.61
23.37,-79.77,30.56
23.37,-79.75,30.57
23.37,-79.73,30.53
23.37,-79.71,30.51
23.37,-79.69,30.5
23.37,-79.67,30.49
23.37,-79.65,30.48
23.37,-79.63,30.4
23.37,-79.61,30.42
23.37,-79.59,30.44
23.37,-79.57,30.3
23.37,-79.55,30.09
23.37,-79.49,29.86
23.37,-79.47,29.81
23.37,-79.41,30.23
23.37,-79.39,30.26
23.37,-79.37,30.34
23.37,-79.35,30.32
23.37,-79.33,30.34
23.37,-79.31,30.36
23.37,-79.29,30.29
23.37,-79.27,30.31
23.37,-79.25,30.33
23.37,-79.23,30.32
23.37,-79.21,30.3
23.37,-79.19,30.26
23.37,-79.17,30.23
23.37,-79.15,30.18
23.37,-79.13,30.06
23.37,-79.11,30.01
23.37,-79.09,30.0
23.37,-79.03,30.46
23.37,-79.01,30.46
23.37,-78.99,30.51
23.37,-78.97,30.47
23.37,-78.95,30.44
23.37,-78.93,30.38
23.37,-77.63,30.62
23.37,-77.61,30.71
23.37,-77.59,30.75
23.37,-77.57,30.66
23.37,-77.55,30.61
23.37,-77.53,30.7
23.37,-77.51,30.69
23.37,-77.49,30.68
23.37,-77.47,30.63
23.37,-77.45,30.53
23.37,-77.43,30.49
23.37,-77.41,30.5
23.37,-77.39,30.53
23.35,-83.15,31.55
23.35,-83.13,31.51
23.35,-83.11,31.51
23.35,-83.09,31.48
23.35,-83.07,31.44
23.35,-83.05,31.44
23.35,-83.03,31.47
23.35,-83.01,31.45
23.35,-82.99,31.43
23.35,-82.97,31.46
23.35,-82.95,31.44
23.35,-82.93,31.43
23.35,-82.91,31.44
23.35,-82.89,31.47
23.35,-82.87,31.45
23.35,-82.85,31.42
23.35,-82.83,31.51
23.35,-82.81,31.63
23.35,-82.79,31.66
23.35,-82.77,31.68
23.35,-82.75,31.74
23.35,-82.73,31.76
23.35,-82.71,31.81
23.35,-82.69,31.84
23.35,-82.67,31.86
23.35,-82.65,31.87
23.35,-82.63,31.87
23.35,-82.61,31.88
23.35,-82.59,31.93
23.35,-82.57,31.89
23.35,-82.55,31.81
23.35,-82.53,31.75
23.35,-82.51,31.69
23.35,-82.49,31.68
23.35,-82.47,31.61
23.35,-82.45,31.51
23.35,-82.43,31.48
23.35,-82.41,31.39
23.35,-82.39,31.3
23.35,-82.37,31.29
23.35,-82.35,31.29
23.35,-82.33,31.23
23.35,-82.31,31.21
23.35,-82.29,31.13
23.35,-82.27,31.08
23.35,-82.25,31.08
23.35,-82.23,31.03
23.35,-82.21,31.02
23.35,-82.19,31.03
23.35,-82.17,31.08
23.35,-82.15,31.13
23.35,-82.13,31.03
23.35,-82.11,31.08
23.35,-82.09,31.02
23.35,-82.07,30.94
23.35,-82.05,30.89
23.35,-82.03,30.87
23.35,-82.01,30.85
23.35,-81.99,30.85
23.35,-81.97,30.87
23.35,-81.95,30.82
23.35,-81.93,30.81
23.35,-81.91,30.83
23.35,-81.89,30.81
23.35,-81.87,30.77
23.35,-81.85,30.86
23.35,-81.83,30.91
23.35,-81.81,30.85
23.35,-81.79,30.86
23.35,-81.77,30.87
23.35,-81.75,30.82
23.35,-81.73,30.9
23.35,-81.71,30.84
23.35,-81.69,30.84
23.35,-81.67,30.82
23.35,-81.65,30.77
23.35,-81.63,30.73
23.35,-81.61,30.62
23.35,-81.59,30.56
23.35,-81.57,30.46
23.35,-81.55,30.42
23.35,-81.53,30.29
23.35,-81.51,29.98
23.35,-81.49,29.95
23.35,-81.47,29.9
23.35,-81.45,29.91
23.35,-81.43,29.92
23.35,-81.41,29.87
23.35,-81.39,29.9
23.35,-81.37,29.93
23.35,-81.35,29.97
23.35,-81.33,30.01
23.35,-81.31,30.04
23.35,-81.29,30.07
23.35,-81.27,30.06
23.35,-81.25,30.09
23.35,-81.23,30.14
23.35,-81.21,30.11
23.35,-81.19,30.09
23.35,-81.17,30.07
23.35,-81.15,30.12
23.35,-81.13,30.17
23.35,-81.11,30.22
23.35,-81.09,30.27
23.35,-81.07,30.27
23.35,-81.05,30.24
23.35,-81.03,30.18
23.35,-81.01,30.09
23.35,-80.99,30.2
23.35,-80.97,30.4
23.35,-80.95,30.49
23.35,-80.93,30.53
23.35,-80.91,30.52
23.35,-80.89,30.47
23.35,-80.87,30.46
23.35,-80.83,30.75
23.35,-80.81,30.81
23.35,-80.79,30.81
23.35,-80.77,30.83
23.35,-80.75,30.84
23.35,-80.73,30.84
23.35,-80.71,30.85
23.35,-80.69,30.85
23.35,-80.67,30.88
23.35,-80.65,30.88
23.35,-80.63,30.82
23.35,-80.61,30.87
23.35,-80.59,30.98
23.35,-80.57,31.03
23.35,-80.55,31.07
23.35,-80.53,31.05
23.35,-80.51,31.09
23.35,-80.49,31.1
23.35,-80.47,31.08
23.35,-80.45,31.05
23.35,-80.43,30.99
23.35,-80.41,30.99
23.35,-80.39,30.94
23.35,-80.37,30.9
23.35,-80.35,30.89
23.35,-80.33,30.89
23.35,-80.31,30.88
23.35,-80.29,30.85
23.35,-80.27,30.82
23.35,-80.25,30.81
23.35,-80.23,30.64
23.35,-80.21,30.61
23.35,-80.19,30.5
23.35,-80.17,30.52
23.35,-80.13,30.57
23.35,-80.11,30.58
23.35,-80.09,30.57
23.35,-80.03,30.81
23.35,-80.01,30.81
23.35,-79.99,30.79
23.35,-79.97,30.83
23.35,-79.95,30.81
23.35,-79.93,30.67
23.35,-79.91,30.59
23.35,-79.89,30.62
23.35,-79.79,30.47
23.35,-79.77,30.49
23.35,-79.75,30.52
23.35,-79.73,30.5
23.35,-79.71,30.44
23.35,-79.69,30.43
23.35,-79.67,30.45
23.35,-79.65,30.43
23.35,-79.63,30.41
23.35,-79.61,30.45
23.35,-79.59,30.42
23.35,-79.57,30.24
23.35,-79.55,30.05
23.35,-79.49,29.87
23.35,-79.47,29.85
23.35,-79.41,30.17
23.35,-79.33,30.17
23.35,-79.31,30.16
23.35,-79.29,30.17
23.35,-79.27,30.22
23.35,-79.25,30.25
23.35,-79.23,30.26
23.35,-79.21,30.28
23.35,-79.19,30.26
23.35,-79.17,30.26
23.35,-79.15,30.32
23.35,-79.13,30.32
23.35,-79.11,30.13
23.35,-79.09,30.05
23.35,-79.03,30.48
23.35,-79.01,30.48
23.35,-78.99,30.51
23.35,-78.97,30.51
23.35,-78.95,30.45
23.35,-78.93,30.34
23.35,-78.91,30.28
23.35,-77.63,30.64
23.35,-77.61,30.64
23.35,-77.59,30.61
23.35,-77.57,30.57
23.35,-77.55,30.57
23.35,-77.53,30.68
23.35,-77.51,30.66
23.35,-77.45,30.5
23.35,-77.43,30.49
23.35,-77.41,30.58
23.35,-77.39,30.66
23.35,-77.37,30.62
23.35,-77.35,30.62
23.35,-77.33,30.65
23.33,-83.15,31.5
23.33,-83.13,31.47
23.33,-83.11,31.48
23.33,-83.09,31.42
23.33,-83.07,31.4
23.33,-83.05,31.44
23.33,-83.03,31.44
23.33,-83.01,31.44
23.33,-82.99,31.41
23.33,-82.97,31.44
23.33,-82.95,31.44
23.33,-82.93,31.41
23.33,-82.91,31.41
23.33,-82.89,31.39
23.33,-82.87,31.36
23.33,-82.85,31.35
23.33,-82.83,31.43
23.33,-82.81,31.55
23.33,-82.79,31.62
23.33,-82.77,31.64
23.33,-82.75,31.74
23.33,-82.73,31.72
23.33,-82.71,31.77
23.33,-82.69,31.8
23.33,-82.67,31.81
23.33,-82.65,31.84
23.33,-82.63,31.88
23.33,-82.61,31.9
23.33,-82.59,31.9
23.33,-82.57,31.88
23.33,-82.55,31.8
23.33,-82.53,31.75
23.33,-82.51,31.69
23.33,-82.49,31.68
23.33,-82.47,31.64
23.33,-82.45,31.6
23.33,-82.43,31.51
23.33,-82.41,31.41
23.33,-82.39,31.32
23.33,-82.37,31.25
23.33,-82.35,31.23
23.33,-82.33,31.2
23.33,-82.31,31.18
23.33,-82.29,31.2
23.33,-82.27,31.1
23.33,-82.25,31.06
23.33,-82.23,30.99
23.33,-82.21,30.92
23.33,-82.19,31.02
23.33,-82.17,31.09
23.33,-82.15,31.01
23.33,-82.13,31.05
23.33,-82.11,31.03
23.33,-82.09,30.99
23.33,-82.07,30.94
23.33,-82.05,30.91
23.33,-82.03,30.85
23.33,-82.01,30.78
23.33,-81.99,30.8
23.33,-81.97,30.84
23.33,-81.95,30.82
23.33,-81.93,30.82
23.33,-81.91,30.87
23.33,-81.89,30.79
23.33,-81.87,30.77
23.33,-81.85,30.82
23.33,-81.83,30.86
23.33,-81.81,30.8
23.33,-81.79,30.81
23.33,-81.77,30.76
23.33,-81.75,30.75
23.33,-81.73,30.85
23.33,-81.71,30.81
23.33,-81.69,30.78
23.33,-81.67,30.75
23.33,-81.65,30.68
23.33,-81.63,30.62
23.33,-81.61,30.49
23.33,-81.59,30.28
23.33,-81.57,30.28
23.33,-81.55,30.21
23.33,-81.53,29.98
23.33,-81.51,29.96
23.33,-81.49,29.96
23.33,-81.47,29.89
23.33,-81.45,29.87
23.33,-81.43,29.88
23.33,-81.41,29.89
23.33,-81.39,29.85
23.33,-81.37,29.91
23.33,-81.35,29.96
23.33,-81.33,29.93
23.33,-81.31,29.92
23.33,-81.29,30.01
23.33,-81.27,29.99
23.33,-81.25,30.04
23.33,-81.23,30.06
23.33,-81.21,30.06
23.33,-81.19,30.04
23.33,-81.17,30.03
23.33,-81.15,30.06
23.33,-81.13,30.17
23.33,-81.11,30.22
23.33,-81.09,30.24
23.33,-81.07,30.26
23.33,-81.05,30.26
23.33,-81.03,30.32
23.33,-81.01,30.37
23.33,-80.99,30.18
23.33,-80.97,30.3
23.33,-80.95,30.4
23.33,-80.93,30.53
23.33,-80.91,30.48
23.33,-80.89,30.44
23.33,-80.87,30.58
23.33,-80.85,30.8
23.33,-80.83,30.74
23.33,-80.81,30.71
23.33,-80.79,30.76
23.33,-80.77,30.82
23.33,-80.75,30.83
23.33,-80.73,30.81
23.33,-80.71,30.82
23.33,-80.69,30.81
23.33,-80.67,30.78
23.33,-80.65,30.74
23.33,-80.63,30.64
23.33,-80.61,30.84
23.33,-80.59,30.89
23.33,-80.57,30.97
23.33,-80.55,31.03
23.33,-80.53,31.04
23.33,-80.51,31.05
23.33,-80.49,31.12
23.33,-80.47,31.13
23.33,-80.45,31.08
23.33,-80.43,31.04
23.33,-80.41,31.01
23.33,-80.39,31.01
23.33,-80.37,30.95
23.33,-80.35,30.88
23.33,-80.33,30.86
23.33,-80.31,30.7
23.33,-80.29,30.72
23.33,-80.17,30.52
23.33,-80.15,30.53
23.33,-80.13,30.52
23.33,-80.11,30.56
23.33,-80.09,30.5
23.33,-80.07,30.49
23.33,-80.05,30.47
23.33,-80.03,30.66
23.33,-80.01,30.7
23.33,-79.99,30.68
23.33,-79.97,30.69
23.33,-79.95,30.86
23.33,-79.93,30.74
23.33,-79.91,30.56
23.33,-79.89,30.46
23.33,-79.87,30.37
23.33,-79.79,30.38
23.33,-79.77,30.4
23.33,-79.75,30.44
23.33,-79.73,30.43
23.33,-79.71,30.39
23.33,-79.69,30.39
23.33,-79.67,30.44
23.33,-79.65,30.47
23.33,-79.63,30.44
23.33,-79.61,30.5
23.33,-79.59,30.52
23.33,-79.57,30.42
23.33,-79.55,30.27
23.33,-79.47,30.09
23.33,-79.45,30.09
23.33,-79.27,30.08
23.33,-79.25,30.15
23.33,-79.23,30.21
23.33,-79.21,30.28
23.33,-79.19,30.28
23.33,-79.17,30.35
23.33,-79.15,30.37
23.33,-79.13,30.29
23.33,-79.11,30.17
23.33,-79.09,30.17
23.33,-79.07,30.23
23.33,-79.03,30.41
23.33,-79.01,30.46
23.33,-78.99,30.52
23.33,-78.97,30.52
23.33,-78.95,30.36
23.33,-78.93,30.3
23.33,-78.91,30.35
23.33,-78.89,30.33
23.33,-77.49,30.58
23.33,-77.45,30.54
23.33,-77.43,30.6
23.33,-77.41,30.66
23.33,-77.39,30.65
23.33,-77.37,30.65
23.33,-77.35,30.63
23.33,-77.33,30.7
23.31,-83.15,31.44
23.31,-83.13,31.43
23.31,-83.11,31.41
23.31,-83.09,31.39
23.31,-83.07,31.36
23.31,-83.05,31.38
23.31,-83.03,31.39
23.31,-83.01,31.4
23.31,-82.99,31.4
23.31,-82.97,31.42
23.31,-82.95,31.42
23.31,-82.93,31.42
23.31,-82.91,31.44
23.31,-82.89,31.4
23.31,-82.87,31.35
23.31,-82.85,31.35
23.31,-82.83,31.38
23.31,-82.81,31.49
23.31,-82.79,31.56
23.31,-82.77,31.61
23.31,-82.75,31.64
23.31,-82.73,31.68
23.31,-82.71,31.72
23.31,-82.69,31.77
23.31,-82.67,31.85
23.31,-82.65,31.84
23.31,-82.63,31.82
23.31,-82.61,31.83
23.31,-82.59,31.87
23.31,-82.57,31.86
23.31,-82.55,31.81
23.31,-82.53,31.76
23.31,-82.51,31.72
23.31,-82.49,31.69
23.31,-82.47,31.69
23.31,-82.45,31.65
23.31,-82.43,31.49
23.31,-82.41,31.37
23.31,-82.39,31.34
23.31,-82.37,31.23
23.31,-82.35,31.13
23.31,-82.33,31.13
23.31,-82.31,31.16
23.31,-82.29,31.1
23.31,-82.27,31.07
23.31,-82.25,31.07
23.31,-82.23,31.02
23.31,-82.21,30.95
23.31,-82.19,30.99
23.31,-82.17,31.04
23.31,-82.15,30.99
23.31,-82.13,30.96
23.31,-82.11,30.93
23.31,-82.09,30.91
23.31,-82.07,30.92
23.31,-82.05,30.94
23.31,-82.03,30.83
23.31,-82.01,30.82
23.31,-81.99,30.8
23.31,-81.97,30.78
23.31,-81.95,30.75
23.31,-81.93,30.8
23.31,-81.91,30.91
23.31,-81.89,30.82
23.31,-81.87,30.73
23.31,-81.85,30.85
23.31,-81.83,30.79
23.31,-81.81,30.72
23.31,-81.79,30.71
23.31,-81.77,30.65
23.31,-81.75,30.64
23.31,-81.73,30.74
23.31,-81.71,30.77
23.31,-81.69,30.72
23.31,-81.67,30.69
23.31,-81.65,30.62
23.31,-81.63,30.53
23.31,-81.61,30.38
23.31,-81.59,30.15
23.31,-81.57,30.14
23.31,-81.55,29.96
23.31,-81.53,29.89
23.31,-81.51,29.95
23.31,-81.49,29.98
23.31,-81.47,29.89
23.31,-81.45,29.88
23.31,-81.43,29.9
23.31,-81.41,29.9
23.31,-81.39,29.85
23.31,-81.37,29.87
23.31,-81.35,29.94
23.31,-81.33,29.92
23.31,-81.31,29.83
23.31,-81.29,29.9
23.31,-81.27,29.94
23.31,-81.25,29.92
23.31,-81.23,29.9
23.31,-81.21,29.96
23.31,-81.19,29.97
23.31,-81.17,29.99
23.31,-81.15,30.06
23.31,-81.13,30.13
23.31,-81.11,30.15
23.31,-81.09,30.16
23.31,-81.07,30.25
23.31,-81.05,30.31
23.31,-81.03,30.49
23.31,-81.01,30.54
23.31,-80.99,30.57
23.31,-80.97,30.62
23.31,-80.95,30.58
23.31,-80.93,30.65
23.31,-80.91,30.39
23.31,-80.89,30.46
23.31,-80.87,31.74
23.31,-80.85,30.83
23.31,-80.83,30.61
23.31,-80.81,30.66
23.31,-80.79,30.7
23.31,-80.77,30.73
23.31,-80.75,30.77
23.31,-80.73,30.8
23.31,-80.71,30.77
23.31,-80.69,30.73
23.31,-80.67,30.59
23.31,-80.65,30.67
23.31,-80.63,30.66
23.31,-80.61,30.63
23.31,-80.59,30.81
23.31,-80.57,30.92
23.31,-80.55,31.0
23.31,-80.53,31.01
23.31,-80.51,31.02
23.31,-80.49,31.07
23.31,-80.47,31.12
23.31,-80.45,31.07
23.31,-80.43,31.03
23.31,-80.41,30.97
23.31,-80.39,30.93
23.31,-80.37,30.92
23.31,-80.35,30.86
23.31,-80.33,30.81
23.31,-80.31,30.68
23.31,-80.13,30.43
23.31,-80.11,30.41
23.31,-80.09,30.4
23.31,-80.07,30.41
23.31,-80.05,30.37
23.31,-80.03,30.39
23.31,-79.99,30.64
23.31,-79.97,30.7
23.31,-79.93,30.69
23.31,-79.89,30.27
23.31,-79.87,30.18
23.31,-79.77,30.3
23.31,-79.75,30.34
23.31,-79.73,30.38
23.31,-79.71,30.43
23.31,-79.69,30.45
23.31,-79.67,30.44
23.31,-79.65,30.51
23.31,-79.63,30.54
23.31,-79.61,30.6
23.31,-79.59,30.63
23.31,-79.57,30.59
23.31,-79.55,30.4
23.31,-79.53,30.34
23.31,-79.45,30.15
23.31,-79.29,30.21
23.31,-79.27,30.15
23.31,-79.25,30.12
23.31,-79.23,30.18
23.31,-79.21,30.34
23.31,-79.19,30.33
23.31,-79.17,30.27
23.31,-79.15,30.28
23.31,-79.13,30.28
23.31,-79.11,30.32
23.31,-79.09,30.26
23.31,-79.07,30.32
23.31,-79.05,30.42
23.31,-79.03,30.44
23.31,-79.01,30.43
23.31,-78.99,30.38
23.31,-78.97,30.27
23.31,-78.95,30.27
23.31,-78.93,30.28
23.31,-78.91,30.37
23.31,-78.89,30.33
23.31,-77.63,30.68
23.31,-77.61,30.7
23.31,-77.41,30.61
23.31,-77.39,30.6
23.31,-77.37,30.56
23.29,-83.15,31.38
23.29,-83.13,31.42
23.29,-83.11,31.42
23.29,-83.09,31.37
23.29,-83.07,31.31
23.29,-83.05,31.32
23.29,-83.03,31.32
23.29,-83.01,31.33
23.29,-82.99,31.35
23.29,-82.97,31.38
23.29,-82.95,31.38
23.29,-82.93,31.38
23.29,-82.91,31.38
23.29,-82.89,31.36
23.29,-82.87,31.31
23.29,-82.85,31.34
23.29,-82.83,31.38
23.29,-82.81,31.43
23.29,-82.79,31.48
23.29,-82.77,31.59
23.29,-82.75,31.59
23.29,-82.73,31.63
23.29,-82.71,31.66
23.29,-82.69,31.75
23.29,-82.67,31.84
23.29,-82.65,31.81
23.29,-82.63,31.78
23.29,-82.61,31.81
23.29,-82.59,31.89
23.29,-82.57,31.87
23.29,-82.55,31.84
23.29,-82.53,31.8
23.29,-82.51,31.69
23.29,-82.49,31.7
23.29,-82.47,31.72
23.29,-82.45,31.65
23.29,-82.43,31.58
23.29,-82.41,31.37
23.29,-82.39,31.31
23.29,-82.37,31.19
23.29,-82.35,31.11
23.29,-82.33,31.08
23.29,-82.31,31.06
23.29,-82.29,31.07
23.29,-82.27,31.04
23.29,-82.25,31.05
23.29,-82.23,30.95
23.29,-82.21,30.94
23.29,-82.19,30.99
23.29,-82.17,30.96
23.29,-82.15,30.95
23.29,-82.13,30.92
23.29,-82.11,30.86
23.29,-82.09,30.82
23.29,-82.07,30.89
23.29,-82.05,30.84
23.29,-82.03,30.7
23.29,-82.01,30.84
23.29,-81.99,30.87
23.29,-81.97,30.76
23.29,-81.95,30.65
23.29,-81.93,30.71
23.29,-81.91,30.81
23.29,-81.89,30.73
23.29,-81.87,30.66
23.29,-81.85,30.76
23.29,-81.83,30.74
23.29,-81.81,30.67
23.29,-81.79,30.67
23.29,-81.77,30.61
23.29,-81.75,30.55
23.29,-81.73,30.66
23.29,-81.71,30.66
23.29,-81.69,30.66
23.29,-81.67,30.6
23.29,-81.65,30.55
23.29,-81.63,30.46
23.29,-81.61,30.28
23.29,-81.59,30.13
23.29,-81.57,30.0
23.29,-81.55,29.8
23.29,-81.53,29.85
23.29,-81.51,29.9
23.29,-81.49,29.9
23.29,-81.47,29.86
23.29,-81.45,29.85
23.29,-81.43,29.89
23.29,-81.41,29.89
23.29,-81.39,29.88
23.29,-81.37,29.82
23.29,-81.35,29.93
23.29,-81.33,29.92
23.29,-81.31,29.8
23.29,-81.29,29.81
23.29,-81.27,29.87
23.29,-81.25,29.87
23.29,-81.23,29.8
23.29,-81.21,29.87
23.29,-81.19,29.95
23.29,-81.17,30.04
23.29,-81.15,30.04
23.29,-81.13,30.07
23.29,-81.11,30.1
23.29,-81.09,30.2
23.29,-81.07,30.26
23.29,-81.05,30.28
23.29,-81.03,30.46
23.29,-81.01,30.95
23.29,-80.99,30.95
23.29,-80.97,30.62
23.29,-80.95,30.56
23.29,-80.93,30.94
23.29,-80.91,31.27
23.29,-80.89,31.15
23.29,-80.87,31.41
23.29,-80.85,30.5
23.29,-80.83,30.53
23.29,-80.81,30.55
23.29,-80.79,30.59
23.29,-80.77,30.56
23.29,-80.75,30.62
23.29,-80.73,30.65
23.29,-80.71,30.69
23.29,-80.69,30.67
23.29,-80.67,30.69
23.29,-80.65,30.71
23.29,-80.63,30.7
23.29,-80.61,30.59
23.29,-80.59,30.58
23.29,-80.57,30.75
23.29,-80.55,30.8
23.29,-80.53,30.89
23.29,-80.51,30.96
23.29,-80.49,31.0
23.29,-80.47,30.97
23.29,-80.43,30.8
23.29,-80.41,30.82
23.29,-80.39,30.79
23.29,-80.37,30.81
23.29,-80.35,30.79
23.29,-80.33,30.77
23.29,-80.11,30.26
23.29,-80.09,30.34
23.29,-80.07,30.38
23.29,-80.05,30.41
23.29,-80.03,30.56
23.29,-80.01,30.52
23.29,-79.99,30.67
23.29,-79.97,30.81
23.29,-79.95,30.93
23.29,-79.93,30.76
23.29,-79.91,30.76
23.29,-79.71,30.4
23.29,-79.69,30.57
23.29,-79.67,30.55
23.29,-79.65,30.64
23.29,-79.63,30.76
23.29,-79.61,30.69
23.29,-79.59,30.67
23.29,-79.57,30.63
23.29,-79.55,30.53
23.29,-79.53,30.51
23.29,-79.51,30.29
23.29,-79.49,30.17
23.29,-79.47,30.28
23.29,-79.45,30.25
23.29,-79.39,30.01
23.29,-79.29,30.26
23.29,-79.27,30.33
23.29,-79.25,30.31
23.29,-79.23,30.26
23.29,-79.21,30.3
23.29,-79.19,30.35
23.29,-79.17,30.26
23.29,-79.15,30.27
23.29,-79.13,30.42
23.29,-79.11,30.38
23.29,-79.09,30.3
23.29,-79.07,30.31
23.29,-79.05,30.35
23.29,-79.03,30.39
23.29,-79.01,30.34
23.29,-78.99,30.27
23.29,-78.97,30.17
23.29,-78.95,30.19
23.29,-78.93,30.23
23.29,-78.91,30.24
23.29,-78.89,30.24
23.29,-77.65,30.64
23.29,-77.63,30.67
23.29,-77.61,30.69
23.29,-77.41,30.59
23.29,-77.39,30.61
23.29,-77.37,30.66
23.29,-77.35,30.62
23.29,-77.33,30.63
23.29,-76.59,30.33
23.29,-76.57,30.31
23.27,-83.15,31.49
23.27,-83.13,31.48
23.27,-83.11,31.38
23.27,-83.09,31.32
23.27,-83.07,31.31
23.27,-83.05,31.29
23.27,-83.03,31.25
23.27,-83.01,31.28
23.27,-82.99,31.3
23.27,-82.97,31.32
23.27,-82.95,31.31
23.27,-82.93,31.33
23.27,-82.91,31.35
23.27,-82.89,31.3
23.27,-82.87,31.27
23.27,-82.85,31.32
23.27,-82.83,31.37
23.27,-82.81,31.4
23.27,-82.79,31.44
23.27,-82.77,31.51
23.27,-82.75,31.56
23.27,-82.73,31.61
23.27,-82.71,31.6
23.27,-82.69,31.73
23.27,-82.67,31.8
23.27,-82.65,31.75
23.27,-82.63,31.73
23.27,-82.61,31.78
23.27,-82.59,31.88
23.27,-82.57,31.95
23.27,-82.55,31.92
23.27,-82.53,31.87
23.27,-82.51,31.75
23.27,-82.49,31.69
23.27,-82.47,31.76
23.27,-82.45,31.61
23.27,-82.43,31.48
23.27,-82.41,31.33
23.27,-82.39,31.25
23.27,-82.37,31.17
23.27,-82.35,31.1
23.27,-82.33,31.06
23.27,-82.31,31.0
23.27,-82.29,31.0
23.27,-82.27,30.99
23.27,-82.25,30.97
23.27,-82.23,31.01
23.27,-82.21,30.93
23.27,-82.19,30.86
23.27,-82.17,30.88
23.27,-82.15,30.94
23.27,-82.13,30.87
23.27,-82.11,30.79
23.27,-82.09,30.75
23.27,-82.07,30.78
23.27,-82.05,30.81
23.27,-82.03,30.7
23.27,-82.01,30.73
23.27,-81.99,30.77
23.27,-81.97,30.71
23.27,-81.95,30.67
23.27,-81.93,30.63
23.27,-81.91,30.69
23.27,-81.89,30.64
23.27,-81.87,30.67
23.27,-81.85,30.7
23.27,-81.83,30.65
23.27,-81.81,30.51
23.27,-81.79,30.57
23.27,-81.77,30.55
23.27,-81.75,30.52
23.27,-81.73,30.61
23.27,-81.71,30.6
23.27,-81.69,30.55
23.27,-81.67,30.53
23.27,-81.65,30.51
23.27,-81.63,30.36
23.27,-81.61,30.21
23.27,-81.59,30.06
23.27,-81.57,29.82
23.27,-81.55,29.79
23.27,-81.53,29.87
23.27,-81.51,29.88
23.27,-81.49,29.86
23.27,-81.47,29.78
23.27,-81.45,29.79
23.27,-81.43,29.86
23.27,-81.41,29.91
23.27,-81.39,29.84
23.27,-81.37,29.79
23.27,-81.35,29.85
23.27,-81.33,29.81
23.27,-81.31,29.79
23.27,-81.29,29.78
23.27,-81.27,29.84
23.27,-81.25,29.83
23.27,-81.23,29.8
23.27,-81.21,29.86
23.27,-81.19,29.88
23.27,-81.17,29.97
23.27,-81.15,30.04
23.27,-81.13,30.04
23.27,-81.11,30.18
23.27,-81.09,30.27
23.27,-81.07,30.3
23.27,-81.05,30.33
23.27,-81.03,30.44
23.27,-81.01,30.81
23.27,-80.99,30.94
23.27,-80.97,30.85
23.27,-80.95,31.04
23.27,-80.93,31.44
23.27,-80.89,31.27
23.27,-80.87,31.05
23.27,-80.85,30.38
23.27,-80.83,30.2
23.27,-80.81,30.3
23.27,-80.79,30.54
23.27,-80.77,30.45
23.27,-80.75,30.39
23.27,-80.73,30.45
23.27,-80.71,30.63
23.27,-80.69,30.67
23.27,-80.67,30.67
23.27,-80.65,30.68
23.27,-80.63,30.68
23.27,-80.61,30.72
23.27,-80.59,30.71
23.27,-80.57,30.75
23.27,-80.55,30.75
23.27,-80.53,30.76
23.27,-80.51,30.78
23.27,-80.49,30.79
23.27,-80.47,30.83
23.27,-80.45,30.75
23.27,-80.43,30.75
23.27,-80.39,30.65
23.27,-80.37,30.64
23.27,-80.35,30.62
23.27,-80.05,30.41
23.27,-80.03,30.51
23.27,-80.01,30.48
23.27,-79.99,30.55
23.27,-79.97,30.76
23.27,-79.95,30.84
23.27,-79.93,30.71
23.27,-79.91,30.72
23.27,-79.89,30.66
23.27,-79.85,29.89
23.27,-79.71,30.62
23.27,-79.69,30.58
23.27,-79.67,30.64
23.27,-79.65,30.82
23.27,-79.63,30.82
23.27,-79.61,30.8
23.27,-79.59,30.77
23.27,-79.57,30.81
23.27,-79.55,30.77
23.27,-79.53,30.72
23.27,-79.51,30.49
23.27,-79.49,30.38
23.27,-79.47,30.36
23.27,-79.41,29.87
23.27,-79.39,30.03
23.27,-79.37,29.99
23.27,-79.29,30.25
23.27,-79.27,30.32
23.27,-79.25,30.37
23.27,-79.23,30.32
23.27,-79.21,30.29
23.27,-79.19,30.34
23.27,-79.17,30.33
23.27,-79.15,30.4
23.27,-79.13,30.51
23.27,-79.11,30.36
23.27,-79.09,30.38
23.27,-79.07,30.39
23.27,-79.05,30.27
23.27,-79.03,30.45
23.27,-79.01,30.43
23.27,-78.99,30.34
23.27,-78.95,30.26
23.27,-78.93,30.28
23.27,-78.91,30.28
23.27,-78.89,30.27
23.27,-77.47,30.74
23.27,-77.45,30.74
23.27,-77.37,30.62
23.27,-77.35,30.59
23.27,-77.33,30.62
23.27,-77.31,30.71
23.27,-77.29,30.68
23.27,-76.61,30.3
23.27,-76.59,30.33
23.27,-76.57,30.31
23.25,-83.15,31.48
23.25,-83.13,31.51
23.25,-83.11,31.43
23.25,-83.09,31.4
23.25,-83.07,31.4
23.25,-83.05,31.32
23.25,-83.03,31.32
23.25,-83.01,31.34
23.25,-82.99,31.26
23.25,-82.97,31.25
23.25,-82.95,31.28
23.25,-82.93,31.27
23.25,-82.91,31.25
23.25,-82.89,31.28
23.25,-82.87,31.32
23.25,-82.85,31.32
23.25,-82.83,31.33
23.25,-82.81,31.38
23.25,-82.79,31.39
23.25,-82.77,31.47
23.25,-82.75,31.53
23.25,-82.73,31.59
23.25,-82.71,31.57
23.25,-82.69,31.62
23.25,-82.67,31.65
23.25,-82.65,31.73
23.25,-82.63,31.74
23.25,-82.61,31.78
23.25,-82.59,31.92
23.25,-82.57,32.0
23.25,-82.55,31.98
23.25,-82.53,31.91
23.25,-82.51,31.77
23.25,-82.49,31.71
23.25,-82.47,31.74
23.25,-82.45,31.53
23.25,-82.43,31.35
23.25,-82.41,31.36
23.25,-82.39,31.28
23.25,-82.37,31.12
23.25,-82.35,31.13
23.25,-82.33,31.11
23.25,-82.31,31.06
23.25,-82.29,30.83
23.25,-82.27,30.91
23.25,-82.25,30.89
23.25,-82.23,30.93
23.25,-82.21,30.86
23.25,-82.19,30.81
23.25,-82.17,30.79
23.25,-82.15,30.85
23.25,-82.13,30.76
23.25,-82.11,30.77
23.25,-82.09,30.79
23.25,-82.07,30.72
23.25,-82.05,30.71
23.25,-82.03,30.67
23.25,-82.01,30.58
23.25,-81.99,30.55
23.25,-81.97,30.57
23.25,-81.95,30.51
23.25,-81.93,30.5
23.25,-81.91,30.52
23.25,-81.89,30.54
23.25,-81.87,30.53
23.25,-81.85,30.54
23.25,-81.83,30.55
23.25,-81.81,30.43
23.25,-81.79,30.39
23.25,-81.77,30.45
23.25,-81.75,30.46
23.25,-81.73,30.51
23.25,-81.71,30.53
23.25,-81.69,30.49
23.25,-81.67,30.44
23.25,-81.65,30.41
23.25,-81.63,30.23
23.25,-81.61,30.09
23.25,-81.59,29.83
23.25,-81.57,29.76
23.25,-81.55,29.81
23.25,-81.53,29.88
23.25,-81.51,29.88
23.25,-81.49,29.8
23.25,-81.47,29.79
23.25,-81.45,29.8
23.25,-81.43,29.87
23.25,-81.41,29.91
23.25,-81.39,29.84
23.25,-81.37,29.77
23.25,-81.35,29.75
23.25,-81.33,29.73
23.25,-81.31,29.77
23.25,-81.29,29.78
23.25,-81.27,29.8
23.25,-81.25,29.83
23.25,-81.23,29.87
23.25,-81.21,29.9
23.25,-81.19,29.92
23.25,-81.17,30.05
23.25,-81.15,30.16
23.25,-81.13,30.31
23.25,-81.11,30.36
23.25,-81.09,30.56
23.25,-81.07,30.83
23.25,-81.05,30.55
23.25,-81.03,30.54
23.25,-81.01,30.86
23.25,-80.99,30.92
23.25,-80.89,31.37
23.25,-80.85,30.82
23.25,-80.83,30.54
23.25,-80.81,30.45
23.25,-80.79,30.55
23.25,-80.77,30.47
23.25,-80.75,30.27
23.25,-80.73,30.18
23.25,-80.71,30.33
23.25,-80.69,30.56
23.25,-80.67,30.56
23.25,-80.65,30.66
23.25,-80.63,30.75
23.25,-80.61,30.71
23.25,-80.59,30.66
23.25,-80.57,30.66
23.25,-80.55,30.71
23.25,-80.53,30.68
23.25,-80.51,30.69
23.25,-80.39,30.53
23.25,-80.37,30.59
23.25,-80.05,30.39
23.25,-80.03,30.43
23.25,-80.01,30.46
23.25,-79.99,30.58
23.25,-79.97,30.61
23.25,-79.95,30.77
23.25,-79.93,30.75
23.25,-79.91,30.77
23.25,-79.89,30.7
23.25,-79.69,30.76
23.25,-79.67,30.86
23.25,-79.65,30.91
23.25,-79.63,30.89
23.25,-79.61,30.92
23.25,-79.59,30.9
23.25,-79.57,30.93
23.25,-79.55,30.96
23.25,-79.53,30.85
23.25,-79.51,30.69
23.25,-79.49,30.65
23.25,-79.47,30.41
23.25,-79.45,30.42
23.25,-79.41,29.99
23.25,-79.39,30.02
23.25,-79.37,29.98
23.25,-79.29,30.21
23.25,-79.27,30.23
23.25,-79.25,30.29
23.25,-79.23,30.26
23.25,-79.21,30.29
23.25,-79.19,30.35
23.25,-79.17,30.37
23.25,-79.15,30.42
23.25,-79.13,30.43
23.25,-79.11,30.42
23.25,-79.09,30.41
23.25,-79.07,30.36
23.25,-79.05,30.31
23.25,-79.03,30.39
23.25,-79.01,30.37
23.25,-78.99,30.24
23.25,-78.97,30.16
23.25,-78.95,30.21
23.25,-77.59,30.7
23.25,-77.57,30.68
23.25,-77.55,30.67
23.25,-77.45,30.67
23.25,-77.33,30.62
23.25,-77.31,30.63
23.25,-77.29,30.63
23.25,-76.61,30.29
23.23,-83.15,31.45
23.23,-83.13,31.49
23.23,-83.11,31.5
23.23,-83.09,31.52
23.23,-83.07,31.5
23.23,-83.05,31.47
23.23,-83.03,31.41
23.23,-83.01,31.34
23.23,-82.99,31.3
23.23,-82.97,31.26
23.23,-82.95,31.22
23.23,-82.93,31.27
23.23,-82.91,31.28
23.23,-82.89,31.25
23.23,-82.87,31.26
23.23,-82.85,31.3
23.23,-82.83,31.29
23.23,-82.81,31.33
23.23,-82.79,31.37
23.23,-82.77,31.44
23.23,-82.75,31.46
23.23,-82.73,31.52
23.23,-82.71,31.6
23.23,-82.69,31.6
23.23,-82.67,31.58
23.23,-82.65,31.64
23.23,-82.63,31.71
23.23,-82.61,31.72
23.23,-82.59,31.87
23.23,-82.57,32.0
23.23,-82.55,32.05
23.23,-82.53,32.02
23.23,-82.51,31.87
23.23,-82.49,31.64
23.23,-82.47,31.57
23.23,-82.45,31.39
23.23,-82.43,31.37
23.23,-82.41,31.42
23.23,-82.39,31.32
23.23,-82.37,31.06
23.23,-82.35,31.07
23.23,-82.33,31.01
23.23,-82.31,30.84
23.23,-82.29,30.81
23.23,-82.27,30.8
23.23,-82.25,30.71
23.23,-82.23,30.74
23.23,-82.21,30.76
23.23,-82.19,30.72
23.23,-82.17,30.65
23.23,-82.15,30.82
23.23,-82.13,30.78
23.23,-82.11,30.65
23.23,-82.09,30.72
23.23,-82.07,30.72
23.23,-82.05,30.64
23.23,-82.03,30.56
23.23,-82.01,30.54
23.23,-81.99,30.51
23.23,-81.97,30.47
23.23,-81.95,30.44
23.23,-81.93,30.47
23.23,-81.91,30.45
23.23,-81.89,30.35
23.23,-81.87,30.42
23.23,-81.85,30.45
23.23,-81.83,30.41
23.23,-81.81,30.4
23.23,-81.79,30.38
23.23,-81.77,30.39
23.23,-81.75,30.42
23.23,-81.73,30.43
23.23,-81.71,30.44
23.23,-81.69,30.4
23.23,-81.67,30.33
23.23,-81.65,30.29
23.23,-81.63,30.18
23.23,-81.61,29.84
23.23,-81.59,29.8
23.23,-81.57,29.8
23.23,-81.55,29.8
23.23,-81.53,29.86
23.23,-81.51,29.89
23.23,-81.49,29.84
23.23,-81.47,29.8
23.23,-81.45,29.79
23.23,-81.43,29.85
23.23,-81.41,29.9
23.23,-81.39,29.81
23.23,-81.37,29.76
23.23,-81.35,29.71
23.23,-81.33,29.7
23.23,-81.31,29.72
23.23,-81.29,29.78
23.23,-81.27,29.84
23.23,-81.25,29.91
23.23,-81.23,29.89
23.23,-81.21,29.85
23.23,-81.19,29.95
23.23,-81.17,30.1
23.23,-81.15,30.61
23.23,-81.13,30.57
23.23,-81.11,30.76
23.23,-81.09,30.76
23.23,-81.07,30.91
23.23,-81.05,30.95
23.23,-81.03,31.03
23.23,-80.99,31.52
23.23,-80.97,31.63
23.23,-80.95,31.68
23.23,-80.93,31.74
23.23,-80.91,31.79
23.23,-80.89,31.83
23.23,-80.85,31.51
23.23,-80.83,31.06
23.23,-80.81,30.98
23.23,-80.79,30.94
23.23,-80.77,30.89
23.23,-80.75,30.66
23.23,-80.73,30.51
23.23,-80.71,30.54
23.23,-80.69,30.58
23.23,-80.67,30.71
23.23,-80.65,30.89
23.23,-80.63,30.9
23.23,-80.61,30.9
23.23,-80.59,30.65
23.23,-80.57,30.55
23.23,-80.55,30.6
23.23,-80.53,30.6
23.23,-80.51,30.71
23.23,-80.39,30.47
23.23,-80.03,30.36
23.23,-80.01,30.51
23.23,-79.99,30.47
23.23,-79.97,30.39
23.23,-79.95,30.67
23.23,-79.93,30.72
23.23,-79.91,30.72
23.23,-79.89,30.63
23.23,-79.69,30.87
23.23,-79.67,30.93
23.23,-79.65,30.98
23.23,-79.63,30.97
23.23,-79.61,31.03
23.23,-79.59,31.01
23.23,-79.57,31.05
23.23,-79.55,31.01
23.23,-79.53,30.92
23.23,-79.51,30.82
23.23,-79.49,30.7
23.23,-79.47,30.69
23.23,-79.45,30.45
23.23,-79.43,30.21
23.23,-79.41,30.22
23.23,-79.39,30.24
23.23,-79.37,30.14
23.23,-79.35,30.1
23.23,-79.19,30.26
23.23,-79.17,30.3
23.23,-79.15,30.3
23.23,-79.13,30.34
23.23,-79.11,30.39
23.23,-79.09,30.42
23.23,-79.07,30.38
23.23,-79.03,30.37
23.23,-79.01,30.37
23.23,-78.99,30.34
23.23,-77.59,30.64
23.23,-77.57,30.63
23.21,-83.15,31.43
23.21,-83.13,31.49
23.21,-83.11,31.5
23.21,-83.09,31.54
23.21,-83.07,31.55
23.21,-83.05,31.5
23.21,-83.03,31.49
23.21,-83.01,31.4
23.21,-82.99,31.37
23.21,-82.97,31.3
23.21,-82.95,31.18
23.21,-82.93,31.18
23.21,-82.91,31.22
23.21,-82.89,31.23
23.21,-82.87,31.28
23.21,-82.85,31.29
23.21,-82.83,31.25
23.21,-82.81,31.26
23.21,-82.79,31.31
23.21,-82.77,31.39
23.21,-82.75,31.44
23.21,-82.73,31.49
23.21,-82.71,31.52
23.21,-82.69,31.54
23.21,-82.67,31.54
23.21,-82.65,31.57
23.21,-82.63,31.67
23.21,-82.61,31.7
23.21,-82.59,31.73
23.21,-82.57,31.93
23.21,-82.55,31.99
23.21,-82.53,32.02
23.21,-82.51,31.93
23.21,-82.49,31.72
23.21,-82.47,31.58
23.21,-82.45,31.61
23.21,-82.43,31.38
23.21,-82.41,31.26
23.21,-82.39,31.08
23.21,-82.37,31.07
23.21,-82.35,30.96
23.21,-82.33,30.88
23.21,-82.31,30.74
23.21,-82.29,30.73
23.21,-82.27,30.68
23.21,-82.25,30.57
23.21,-82.23,30.63
23.21,-82.21,30.66
23.21,-82.19,30.63
23.21,-82.17,30.53
23.21,-82.15,30.64
23.21,-82.13,30.67
23.21,-82.11,30.7
23.21,-82.09,30.66
23.21,-82.07,30.63
23.21,-82.05,30.59
23.21,-82.03,30.51
23.21,-82.01,30.48
23.21,-81.99,30.39
23.21,-81.97,30.41
23.21,-81.95,30.38
23.21,-81.93,30.37
23.21,-81.91,30.35
23.21,-81.89,30.38
23.21,-81.87,30.41
23.21,-81.85,30.36
23.21,-81.83,30.35
23.21,-81.81,30.37
23.21,-81.79,30.39
23.21,-81.77,30.35
23.21,-81.75,30.3
23.21,-81.73,30.39
23.21,-81.71,30.4
23.21,-81.69,30.34
23.21,-81.67,30.27
23.21,-81.65,30.25
23.21,-81.63,29.88
23.21,-81.61,29.85
23.21,-81.59,29.87
23.21,-81.57,29.79
23.21,-81.55,29.77
23.21,-81.53,29.88
23.21,-81.51,29.89
23.21,-81.49,29.9
23.21,-81.47,29.86
23.21,-81.45,29.8
23.21,-81.43,29.87
23.21,-81.41,29.8
23.21,-81.39,29.75
23.21,-81.37,29.72
23.21,-81.35,29.7
23.21,-81.33,29.68
23.21,-81.31,29.72
23.21,-81.29,29.82
23.21,-81.27,29.87
23.21,-81.25,29.87
23.21,-81.23,29.8
23.21,-81.21,29.92
23.21,-81.19,30.04
23.21,-81.17,30.55
23.21,-81.15,30.84
23.21,-81.13,30.86
23.21,-81.11,30.82
23.21,-81.09,30.87
23.21,-81.07,31.05
23.21,-81.05,31.21
23.21,-81.01,31.49
23.21,-80.99,31.5
23.21,-80.97,31.6
23.21,-80.95,31.56
23.21,-80.93,31.67
23.21,-80.91,31.73
23.21,-80.89,31.85
23.21,-80.87,31.92
23.21,-80.79,31.4
23.21,-80.77,31.21
23.21,-80.75,31.08
23.21,-80.73,31.14
23.21,-80.71,31.7
23.21,-80.69,31.23
23.21,-80.65,31.28
23.21,-80.59,31.01
23.21,-80.57,30.57
23.21,-80.55,30.75
23.21,-80.53,30.69
23.21,-80.51,30.75
23.21,-80.49,30.81
23.21,-80.47,31.0
23.21,-80.45,30.89
23.21,-80.43,30.83
23.21,-80.41,30.78
23.21,-80.39,30.63
23.21,-79.91,30.47
23.21,-79.89,30.48
23.21,-79.87,30.58
23.21,-79.69,30.91
23.21,-79.67,31.03
23.21,-79.65,31.02
23.21,-79.63,30.95
23.21,-79.61,31.0
23.21,-79.59,31.12
23.21,-79.57,31.15
23.21,-79.55,31.04
23.21,-79.53,30.91
23.21,-79.51,30.87
23.21,-79.49,30.63
23.21,-79.47,30.72
23.21,-79.45,30.75
23.21,-79.43,30.52
23.21,-79.41,30.51
23.21,-79.39,30.26
23.21,-79.37,30.17
23.21,-79.35,30.15
23.21,-79.19,30.1
23.21,-79.17,30.0
23.21,-79.15,30.06
23.21,-79.13,30.26
23.21,-79.11,30.37
23.21,-79.09,30.44
23.19,-83.15,31.45
23.19,-83.13,31.45
23.19,-83.11,31.5
23.19,-83.09,31.54
23.19,-83.07,31.54
23.19,-83.05,31.49
23.19,-83.03,31.49
23.19,-83.01,31.45
23.19,-82.99,31.4
23.19,-82.97,31.33
23.19,-82.95,31.26
23.19,-82.93,31.2
23.19,-82.91,31.2
23.19,-82.89,31.22
23.19,-82.87,31.26
23.19,-82.85,31.33
23.19,-82.83,31.28
23.19,-82.81,31.27
23.19,-82.79,31.28
23.19,-82.77,31.39
23.19,-82.75,31.4
23.19,-82.73,31.42
23.19,-82.71,31.48
23.19,-82.69,31.48
23.19,-82.67,31.5
23.19,-82.65,31.56
23.19,-82.63,31.61
23.19,-82.61,31.61
23.19,-82.59,31.65
23.19,-82.57,31.8
23.19,-82.55,31.9
23.19,-82.53,31.89
23.19,-82.51,31.81
23.19,-82.49,31.73
23.19,-82.47,31.53
23.19,-82.45,31.31
23.19,-82.43,31.13
23.19,-82.41,31.12
23.19,-82.39,31.05
23.19,-82.37,30.97
23.19,-82.35,30.84
23.19,-82.33,30.84
23.19,-82.31,30.7
23.19,-82.29,30.75
23.19,-82.27,30.75
23.19,-82.25,30.68
23.19,-82.23,30.65
23.19,-82.21,30.63
23.19,-82.19,30.56
23.19,-82.17,30.6
23.19,-82.15,30.71
23.19,-82.13,30.68
23.19,-82.11,30.72
23.19,-82.09,30.66
23.19,-82.07,30.57
23.19,-82.05,30.59
23.19,-82.03,30.55
23.19,-82.01,30.5
23.19,-81.95,30.19
23.19,-81.93,30.16
23.19,-81.91,30.29
23.19,-81.89,30.38
23.19,-81.87,30.4
23.19,-81.85,30.37
23.19,-81.83,30.3
23.19,-81.81,30.34
23.19,-81.79,30.34
23.19,-81.77,30.34
23.19,-81.75,30.27
23.19,-81.73,30.33
23.19,-81.71,30.42
23.19,-81.69,30.3
23.19,-81.67,29.99
23.19,-81.65,29.82
23.19,-81.63,29.81
23.19,-81.61,29.73
23.19,-81.59,29.82
23.19,-81.57,29.76
23.19,-81.55,29.81
23.19,-81.53,29.89
23.19,-81.51,29.89
23.19,-81.49,29.92
23.19,-81.47,29.89
23.19,-81.45,29.86
23.19,-81.43,29.85
23.19,-81.41,29.83
23.19,-81.39,29.7
23.19,-81.37,29.67
23.19,-81.35,29.7
23.19,-81.33,29.77
23.19,-81.31,29.77
23.19,-81.29,29.74
23.19,-81.27,29.77
23.19,-81.25,29.8
23.19,-81.23,30.0
23.19,-81.21,30.09
23.19,-81.19,30.42
23.19,-81.15,31.25
23.19,-81.13,31.15
23.19,-81.11,31.1
23.19,-81.09,31.22
23.19,-81.07,31.39
23.19,-81.05,31.46
23.19,-81.03,31.72
23.19,-81.01,31.67
23.19,-80.99,31.45
23.19,-80.97,31.42
23.19,-80.95,31.43
23.19,-80.93,31.77
23.19,-80.91,31.75
23.19,-80.89,31.77
23.19,-80.87,31.96
23.19,-80.85,31.65
23.19,-80.83,31.51
23.19,-80.81,31.59
23.19,-80.79,31.53
23.19,-80.77,31.62
23.19,-80.73,31.92
23.19,-80.63,31.71
23.19,-80.53,30.82
23.19,-80.51,30.77
23.19,-80.49,30.78
23.19,-80.47,31.0
23.19,-80.45,30.97
23.19,-80.43,30.96
23.19,-80.41,30.79
23.19,-80.39,30.65
23.19,-80.31,30.92
23.19,-79.89,30.5
23.19,-79.87,30.6
23.19,-79.85,30.64
23.19,-79.83,30.62
23.19,-79.69,30.89
23.19,-79.67,30.88
23.19,-79.65,31.0
23.19,-79.63,30.99
23.19,-79.61,31.0
23.19,-79.59,31.19
23.19,-79.57,31.24
23.19,-79.55,31.24
23.19,-79.53,30.92
23.19,-79.51,30.84
23.19,-79.49,30.63
23.19,-79.47,30.82
23.19,-79.45,30.74
23.19,-79.43,30.67
23.19,-79.41,30.71
23.19,-79.39,30.27
23.19,-79.37,30.13
23.19,-79.11,30.32
23.19,-79.09,30.31
23.19,-77.77,30.6
23.19,-76.37,30.29
23.17,-83.15,31.51
23.17,-83.13,31.48
23.17,-83.11,31.5
23.17,-83.09,31.49
23.17,-83.07,31.44
23.17,-83.05,31.42
23.17,-83.03,31.41
23.17,-83.01,31.37
23.17,-82.99,31.34
23.17,-82.97,31.32
23.17,-82.95,31.28
23.17,-82.93,31.25
23.17,-82.91,31.22
23.17,-82.89,31.2
23.17,-82.87,31.23
23.17,-82.85,31.24
23.17,-82.83,31.23
23.17,-82.81,31.25
23.17,-82.79,31.28
23.17,-82.77,31.43
23.17,-82.75,31.44
23.17,-82.73,31.46
23.17,-82.71,31.44
23.17,-82.69,31.45
23.17,-82.67,31.42
23.17,-82.65,31.45
23.17,-82.63,31.55
23.17,-82.61,31.57
23.17,-82.59,31.6
23.17,-82.57,31.68
23.17,-82.55,31.79
23.17,-82.53,31.78
23.17,-82.51,31.69
23.17,-82.49,31.61
23.17,-82.47,31.24
23.17,-82.45,31.16
23.17,-82.43,31.1
23.17,-82.41,30.93
23.17,-82.39,30.8
23.17,-82.37,30.81
23.17,-82.35,30.94
23.17,-82.33,30.84
23.17,-81.95,30.1
23.17,-81.93,30.2
23.17,-81.91,30.21
23.17,-81.89,30.29
23.17,-81.87,30.29
23.17,-81.85,30.31
23.17,-81.83,30.32
23.17,-81.81,30.28
23.17,-81.79,30.36
23.17,-81.77,30.45
23.17,-81.75,30.2
23.17,-81.73,30.21
23.17,-81.71,30.35
23.17,-81.69,30.37
23.17,-81.67,29.8
23.17,-81.65,29.68
23.17,-81.63,29.69
23.17,-81.61,29.67
23.17,-81.59,29.83
23.17,-81.57,29.79
23.17,-81.55,29.86
23.17,-81.53,29.95
23.17,-81.51,29.95
23.17,-81.49,29.92
23.17,-81.47,29.85
23.17,-81.45,29.89
23.17,-81.43,29.87
23.17,-81.41,29.79
23.17,-81.39,29.73
23.17,-81.37,29.72
23.17,-81.35,29.74
23.17,-81.33,29.71
23.17,-81.31,29.71
23.17,-81.29,29.7
23.17,-81.27,29.77
23.17,-81.25,29.92
23.17,-81.23,30.16
23.17,-81.21,31.59
23.17,-81.19,31.63
23.17,-81.17,31.39
23.17,-81.15,31.27
23.17,-81.13,31.22
23.17,-81.11,31.26
23.17,-81.09,31.32
23.17,-81.07,31.3
23.17,-81.05,31.65
23.17,-81.03,31.74
23.17,-81.01,31.7
23.17,-80.99,31.53
23.17,-80.97,31.39
23.17,-80.95,31.32
23.17,-80.93,31.36
23.17,-80.91,31.47
23.17,-80.89,31.6
23.17,-80.83,31.6
23.17,-80.81,31.61
23.17,-80.79,31.71
23.17,-80.75,31.76
23.17,-80.73,31.79
23.17,-80.71,31.69
23.17,-80.69,31.65
23.17,-80.67,31.7
23.17,-80.63,31.69
23.17,-80.61,31.4
23.17,-80.59,31.3
23.17,-80.53,31.9
23.17,-80.47,32.03
23.17,-80.45,31.87
23.17,-80.43,31.68
23.17,-80.41,31.19
23.17,-80.39,30.84
23.17,-80.31,30.93
23.17,-79.89,30.5
23.17,-79.87,30.52
23.17,-79.85,30.64
23.17,-79.83,30.58
23.17,-79.81,30.54
23.17,-79.69,30.79
23.17,-79.67,30.78
23.17,-79.65,30.94
23.17,-79.63,31.05
23.17,-79.61,30.98
23.17,-79.59,31.06
23.17,-79.57,31.21
23.17,-79.55,31.34
23.17,-79.53,31.2
23.17,-79.51,30.9
23.17,-79.47,30.97
23.17,-79.45,30.83
23.17,-79.43,30.73
23.17,-79.41,30.63
23.17,-79.39,30.32
23.17,-79.37,30.15
23.17,-79.09,30.16
23.17,-79.07,30.14
23.17,-76.37,30.31
23.15,-83.15,31.66
23.15,-83.13,31.59
23.15,-83.11,31.61
23.15,-83.09,31.46
23.15,-83.07,31.44
23.15,-83.05,31.46
23.15,-83.03,31.38
23.15,-83.01,31.28
23.15,-82.99,31.2
23.15,-82.97,31.23
23.15,-82.95,31.27
23.15,-82.93,31.28
23.15,-82.91,31.27
23.15,-82.89,31.19
23.15,-82.87,31.16
23.15,-82.85,31.11
23.15,-82.83,31.05
23.15,-82.81,31.11
23.15,-82.79,31.17
23.15,-82.77,31.29
23.15,-82.75,31.44
23.15,-82.73,31.46
23.15,-82.71,31.44
23.15,-82.69,31.45
23.15,-82.67,31.43
23.15,-82.65,31.42
23.15,-82.63,31.45
23.15,-82.61,31.49
23.15,-82.59,31.54
23.15,-82.57,31.61
23.15,-82.55,31.66
23.15,-82.53,31.69
23.15,-82.51,31.65
23.15,-82.49,31.51
23.15,-82.47,31.25
23.15,-82.45,31.15
23.15,-82.43,31.03
23.15,-82.41,30.91
23.15,-82.39,30.67
23.15,-82.37,30.8
23.15,-81.79,30.33
23.15,-81.77,30.38
23.15,-81.75,30.2
23.15,-81.73,30.2
23.15,-81.69,30.33
23.15,-81.67,29.81
23.15,-81.57,29.81
23.15,-81.55,29.87
23.15,-81.53,30.05
23.15,-81.51,30.06
23.15,-81.49,30.01
23.15,-81.47,29.89
23.15,-81.45,29.93
23.15,-81.43,29.9
23.15,-81.41,29.83
23.15,-81.39,29.74
23.15,-81.37,29.76
23.15,-81.35,29.73
23.15,-81.33,29.7
23.15,-81.31,29.75
23.15,-81.29,29.77
23.15,-81.27,29.88
23.15,-81.25,31.59
23.15,-81.23,31.57
23.15,-81.21,31.66
23.15,-81.19,31.5
23.15,-81.17,31.41
23.15,-81.15,31.37
23.15,-81.13,31.33
23.15,-81.11,31.35
23.15,-81.09,31.44
23.15,-81.07,31.58
23.15,-81.05,31.56
23.15,-81.03,31.67
23.15,-81.01,31.65
23.15,-80.99,31.49
23.15,-80.97,31.39
23.15,-80.95,31.36
23.15,-80.93,31.3
23.15,-80.91,31.36
23.15,-80.89,31.54
23.15,-80.81,31.73
23.15,-80.79,31.77
23.15,-80.77,31.77
23.15,-80.75,31.6
23.15,-80.73,31.66
23.15,-80.71,31.63
23.15,-80.69,31.61
23.15,-80.67,31.58
23.15,-80.63,31.65
23.15,-80.61,31.42
23.15,-80.59,31.62
23.15,-80.57,31.9
23.15,-80.55,31.81
23.15,-80.53,31.81
23.15,-80.51,31.84
23.15,-80.49,32.25
23.15,-80.47,32.38
23.15,-80.31,30.93
23.15,-79.87,30.45
23.15,-79.85,30.47
23.15,-79.83,30.53
23.15,-79.81,30.57
23.15,-79.79,30.58
23.15,-79.69,30.8
23.15,-79.67,30.81
23.15,-79.65,30.85
23.15,-79.63,30.96
23.15,-79.61,30.94
23.15,-79.59,30.99
23.15,-79.57,31.18
23.15,-79.55,31.26
23.15,-79.53,31.28
23.15,-79.51,31.12
23.15,-79.49,31.07
23.15,-79.47,30.81
23.15,-79.45,30.55
23.15,-79.43,30.59
23.15,-79.41,30.56
23.15,-79.09,30.16
23.13,-83.15,32.04
23.13,-83.13,31.85
23.13,-83.11,31.74
23.13,-83.09,31.56
23.13,-83.07,31.42
23.13,-83.05,31.29
23.13,-83.03,31.21
23.13,-83.01,31.23
23.13,-82.99,31.22
23.13,-82.95,31.23
23.13,-82.93,31.19
23.13,-82.91,31.23
23.13,-82.89,31.21
23.13,-82.87,31.08
23.13,-82.85,31.08
23.13,-82.83,30.93
23.13,-82.81,30.94
23.13,-82.79,31.0
23.13,-82.77,31.08
23.13,-82.75,31.33
23.13,-82.73,31.38
23.13,-82.71,31.4
23.13,-82.69,31.41
23.13,-82.67,31.35
23.13,-82.65,31.34
23.13,-82.63,31.35
23.13,-82.61,31.34
23.13,-82.59,31.44
23.13,-82.57,31.51
23.13,-82.55,31.53
23.13,-82.53,31.55
23.13,-82.51,31.47
23.13,-82.49,31.18
23.13,-82.47,31.09
23.13,-82.45,31.01
23.13,-81.53,30.18
23.13,-81.51,30.17
23.13,-81.49,30.01
23.13,-81.47,29.97
23.13,-81.45,29.95
23.13,-81.43,29.96
23.13,-81.41,29.89
23.13,-81.39,29.78
23.13,-81.37,29.72
23.13,-81.35,29.61
23.13,-81.25,31.71
23.13,-81.23,31.6
23.13,-81.21,31.53
23.13,-81.19,31.59
23.13,-81.17,31.55
23.13,-81.15,31.43
23.13,-81.13,31.38
23.13,-81.11,31.4
23.13,-81.09,31.39
23.13,-81.07,31.45
23.13,-81.05,31.54
23.13,-81.03,31.73
23.13,-81.01,31.7
23.13,-80.99,31.6
23.13,-80.97,31.47
23.13,-80.95,31.49
23.13,-80.93,31.34
23.13,-80.87,31.38
23.13,-80.81,31.4
23.13,-80.79,31.52
23.13,-80.77,31.6
23.13,-80.75,31.69
23.13,-80.73,31.8
23.13,-80.71,31.73
23.13,-80.69,31.7
23.13,-80.67,31.58
23.13,-80.65,31.6
23.13,-80.63,31.67
23.13,-80.59,31.98
23.13,-80.53,31.58
23.13,-80.51,31.61
23.13,-80.49,31.71
23.13,-80.47,32.36
23.13,-80.43,31.09
23.13,-80.39,31.39
23.13,-79.85,30.41
23.13,-79.83,30.44
23.13,-79.81,30.52
23.13,-79.79,30.67
23.13,-79.77,30.68
23.13,-79.75,30.48
23.13,-79.73,30.45
23.13,-79.71,30.58
23.13,-79.69,30.58
23.13,-79.67,30.8
23.13,-79.65,30.85
23.13,-79.63,30.9
23.13,-79.61,30.86
23.13,-79.59,30.96
23.13,-79.57,31.14
23.13,-79.55,31.22
23.13,-79.53,31.23
23.13,-79.51,31.17
23.13,-79.49,30.85
23.13,-79.47,30.18
23.13,-79.45,29.91
23.13,-79.13,30.07
23.13,-79.11,30.11
23.13,-79.09,30.1
23.11,-83.15,31.92
23.11,-83.13,31.88
23.11,-83.11,31.49
23.11,-83.09,31.21
23.11,-83.07,31.19
23.11,-83.05,31.18
23.11,-83.03,31.23
23.11,-83.01,31.22
23.11,-82.99,31.16
23.11,-82.97,31.16
23.11,-82.95,31.15
23.11,-82.93,31.08
23.11,-82.91,31.17
23.11,-82.89,31.08
23.11,-82.87,31.0
23.11,-82.85,30.88
23.11,-82.83,30.83
23.11,-82.81,30.83
23.11,-82.79,30.84
23.11,-82.77,30.91
23.11,-82.75,31.07
23.11,-82.73,31.12
23.11,-82.71,31.2
23.11,-82.69,31.29
23.11,-82.67,31.31
23.11,-82.65,31.31
23.11,-82.63,31.28
23.11,-82.61,31.21
23.11,-82.59,31.38
23.11,-82.57,31.57
23.11,-82.55,31.53
23.11,-82.53,31.43
23.11,-82.51,31.36
23.11,-82.49,31.12
23.11,-82.47,31.01
23.11,-82.45,30.92
23.11,-81.53,30.29
23.11,-81.51,30.2
23.11,-81.49,30.06
23.11,-81.47,29.97
23.11,-81.45,29.98
23.11,-81.43,29.91
23.11,-81.41,29.89
23.11,-81.39,29.83
23.11,-81.25,31.74
23.11,-81.23,31.74
23.11,-81.21,31.62
23.11,-81.19,31.68
23.11,-81.17,31.62
23.11,-81.15,31.49
23.11,-81.13,31.44
23.11,-81.11,31.33
23.11,-81.09,31.34
23.11,-81.07,31.39
23.11,-81.05,31.44
23.11,-81.03,31.61
23.11,-81.01,31.82
23.11,-80.99,31.69
23.11,-80.97,31.57
23.11,-80.95,31.45
23.11,-80.93,31.19
23.11,-80.91,31.09
23.11,-80.89,31.08
23.11,-80.87,31.15
23.11,-80.85,31.21
23.11,-80.83,31.17
23.11,-80.81,31.24
23.11,-80.79,31.53
23.11,-80.77,31.64
23.11,-80.75,31.71
23.11,-80.73,31.68
23.11,-80.71,31.34
23.11,-80.69,31.53
23.11,-80.67,31.69
23.11,-80.65,31.71
23.11,-80.59,31.7
23.11,-80.57,31.54
23.11,-80.53,31.29
23.11,-80.51,31.29
23.11,-80.49,31.28
23.11,-80.43,30.89
23.11,-80.41,31.14
23.11,-79.85,30.27
23.11,-79.83,30.41
23.11,-79.81,30.49
23.11,-79.79,30.37
23.11,-79.77,30.41
23.11,-79.75,30.35
23.11,-79.73,30.43
23.11,-79.71,30.57
23.11,-79.69,30.67
23.11,-79.67,30.78
23.11,-79.65,30.85
23.11,-79.63,30.98
23.11,-79.61,31.02
23.11,-79.59,30.95
23.11,-79.57,31.22
23.11,-79.55,31.37
23.11,-79.53,31.29
23.11,-79.51,31.05
23.11,-79.49,30.91
23.11,-79.47,30.24
23.11,-79.17,29.86
23.11,-79.15,29.96
23.11,-79.13,30.31
23.11,-79.11,30.47
23.11,-79.09,30.49
23.11,-77.81,30.53
23.11,-77.69,30.54
23.09,-83.15,31.35
23.09,-83.13,31.29
23.09,-83.11,31.28
23.09,-83.09,31.2
23.09,-83.07,31.14
23.09,-83.05,31.12
23.09,-83.03,31.14
23.09,-83.01,31.21
23.09,-82.99,31.08
23.09,-82.97,31.11
23.09,-82.95,31.04
23.09,-82.93,30.98
23.09,-82.91,31.12
23.09,-82.89,30.82
23.09,-82.87,30.83
23.09,-82.79,30.69
23.09,-82.77,30.7
23.09,-82.75,30.78
23.09,-82.73,30.99
23.09,-82.71,31.11
23.09,-82.69,31.21
23.09,-82.67,31.24
23.09,-82.65,31.25
23.09,-82.63,31.18
23.09,-82.61,31.15
23.09,-82.59,31.35
23.09,-82.57,31.45
23.09,-82.55,31.49
23.09,-82.51,31.38
23.09,-81.51,30.2
23.09,-81.49,30.18
23.09,-81.45,29.93
23.09,-81.23,31.79
23.09,-81.21,31.72
23.09,-81.19,31.7
23.09,-81.17,31.64
23.09,-81.15,31.49
23.09,-81.13,31.44
23.09,-81.11,31.4
23.09,-81.09,31.49
23.09,-81.07,31.48
23.09,-80.97,31.5
23.09,-80.95,31.42
23.09,-80.93,31.26
23.09,-80.91,31.19
23.09,-80.89,31.07
23.09,-80.87,31.08
23.09,-80.85,31.1
23.09,-80.83,31.11
23.09,-80.81,31.14
23.09,-80.79,31.33
23.09,-80.77,31.46
23.09,-80.73,31.63
23.09,-80.71,31.35
23.09,-80.69,31.44
23.09,-80.67,31.59
23.09,-80.65,31.7
23.09,-80.63,31.47
23.09,-80.61,31.4
23.09,-80.59,31.38
23.09,-80.57,31.51
23.09,-80.55,31.59
23.09,-80.53,31.3
23.09,-80.51,31.25
23.09,-80.49,31.19
23.09,-80.45,30.88
23.09,-80.43,30.81
23.09,-80.41,30.8
23.09,-79.85,30.28
23.09,-79.83,30.4
23.09,-79.81,30.43
23.09,-79.79,30.34
23.09,-79.77,30.35
23.09,-79.75,30.3
23.09,-79.73,30.52
23.09,-79.71,30.6
23.09,-79.69,30.64
23.09,-79.67,30.85
23.09,-79.65,30.92
23.09,-79.63,31.04
23.09,-79.61,31.07
23.09,-79.59,31.01
23.09,-79.57,30.97
23.09,-79.55,31.26
23.09,-79.53,31.21
23.09,-79.51,31.19
23.09,-79.45,30.62
23.09,-79.43,30.47
23.09,-79.41,30.21
23.09,-79.23,30.11
23.09,-77.87,30.3
23.09,-77.85,30.31
23.09,-77.83,30.41
23.09,-77.81,30.51
23.09,-77.79,30.53
23.09,-77.17,30.64
23.09,-77.15,30.63
23.07,-83.13,31.18
23.07,-83.03,31.08
23.07,-83.01,31.01
23.07,-82.99,30.98
23.07,-82.97,30.93
23.07,-82.95,30.78
23.07,-82.93,30.81
23.07,-82.91,30.87
23.07,-82.89,30.82
23.07,-82.75,30.64
23.07,-82.67,31.18
23.07,-82.65,31.17
23.07,-81.53,30.42
23.07,-81.51,30.24
23.07,-81.49,30.22
23.07,-81.21,31.75
23.07,-81.19,31.7
23.07,-81.17,31.66
23.07,-81.15,31.47
23.07,-81.13,31.44
23.07,-81.11,31.56
23.07,-81.09,31.6
23.07,-80.97,31.51
23.07,-80.95,31.44
23.07,-80.93,31.34
23.07,-80.91,31.25
23.07,-80.89,31.11
23.07,-80.61,31.41
23.07,-80.59,31.36
23.07,-80.57,31.36
23.07,-80.55,31.36
23.07,-80.53,31.32
23.07,-80.51,31.21
23.07,-80.49,31.15
23.07,-80.47,31.03
23.07,-80.45,30.96
23.07,-80.43,30.86
23.07,-79.85,30.35
23.07,-79.83,30.4
23.07,-79.81,30.34
23.07,-79.79,30.32
23.07,-79.77,30.3
23.07,-79.75,30.42
23.07,-79.73,30.5
23.07,-79.71,30.57
23.07,-79.69,30.72
23.07,-79.67,30.83
23.07,-79.65,30.83
23.07,-79.63,31.03
23.07,-79.61,31.08
23.07,-79.59,31.08
23.07,-79.57,30.8
23.07,-79.55,30.82
23.07,-79.53,31.3
23.07,-79.51,31.2
23.07,-79.49,30.8
23.07,-79.47,30.87
23.07,-79.45,30.74
23.07,-79.43,30.5
23.07,-79.41,30.31
23.07,-79.39,30.33
23.07,-79.37,30.49
23.07,-79.35,30.55
23.07,-79.33,30.63
23.07,-79.31,30.63
23.07,-79.25,30.35
23.07,-79.23,30.2
23.07,-79.21,30.27
23.07,-77.89,30.29
23.07,-77.87,30.3
23.07,-77.85,30.3
23.07,-77.83,30.33
23.07,-77.81,30.38
23.07,-77.17,30.62
23.07,-77.15,30.61
23.05,-82.99,30.82
23.05,-82.97,30.81
23.05,-82.95,30.76
23.05,-82.93,30.76
23.05,-82.91,30.82
23.05,-82.89,30.79
23.05,-81.55,30.44
23.05,-81.53,30.41
23.05,-81.51,30.41
23.05,-81.19,31.84
23.05,-81.17,31.72
23.05,-81.15,31.67
23.05,-81.13,31.62
23.05,-81.11,31.61
23.05,-80.95,31.46
23.05,-80.57,31.12
23.05,-80.55,31.26
23.05,-80.53,31.2
23.05,-80.51,31.08
23.05,-80.49,31.09
23.05,-80.35,31.36
23.05,-80.11,30.7
23.05,-79.83,30.26
23.05,-79.81,30.32
23.05,-79.79,30.3
23.05,-79.77,30.18
23.05,-79.75,30.29
23.05,-79.73,30.39
23.05,-79.71,30.59
23.05,-79.69,30.68
23.05,-79.67,30.81
23.05,-79.65,30.8
23.05,-79.63,30.93
23.05,-79.61,30.96
23.05,-79.59,30.97
23.05,-79.57,30.77
23.05,-79.55,30.84
23.05,-79.53,31.21
23.05,-79.51,31.24
23.05,-79.49,31.06
23.05,-79.47,30.89
23.05,-79.45,30.81
23.05,-79.43,30.66
23.05,-79.41,30.55
23.05,-79.39,30.85
23.05,-79.37,30.62
23.05,-79.35,30.57
23.05,-79.33,30.58
23.05,-79.31,30.62
23.05,-79.25,30.4
23.05,-79.23,30.35
23.05,-79.21,30.32
23.05,-77.89,30.33
23.05,-77.87,30.28
23.05,-77.85,30.28
23.05,-77.83,30.3
23.05,-77.81,30.25
23.05,-77.17,30.58
23.03,-82.95,30.72
23.03,-82.93,30.81
23.03,-82.91,30.78
23.03,-82.89,30.72
23.03,-81.17,31.79
23.03,-81.15,31.73
23.03,-81.13,31.68
23.03,-80.55,30.99
23.03,-80.53,30.98
23.03,-80.51,30.97
23.03,-80.49,31.04
23.03,-80.47,31.12
23.03,-80.45,31.07
23.03,-80.15,30.92
23.03,-80.11,30.92
23.03,-79.81,30.34
23.03,-79.79,30.26
23.03,-79.77,30.24
23.03,-79.75,30.39
23.03,-79.73,30.41
23.03,-79.71,30.53
23.03,-79.69,30.59
23.03,-79.67,30.67
23.03,-79.65,30.75
23.03,-79.63,30.78
23.03,-79.61,30.79
23.03,-79.59,30.92
23.03,-79.57,30.77
23.03,-79.55,30.78
23.03,-79.53,30.94
23.03,-79.51,31.09
23.03,-79.49,31.05
23.03,-79.45,31.05
23.03,-79.43,30.86
23.03,-79.41,30.78
23.03,-79.39,30.74
23.03,-79.37,30.65
23.03,-79.35,30.57
23.03,-79.33,30.53
23.03,-79.31,30.55
23.03,-79.29,30.51
23.03,-79.27,30.28
23.03,-79.25,30.3
23.03,-79.23,30.35
23.03,-79.21,30.16
23.03,-79.19,30.07
23.03,-77.89,30.26
23.03,-77.87,30.29
23.03,-77.85,30.31
23.03,-77.83,30.36
23.03,-77.81,30.19
23.03,-77.17,30.57
23.01,-80.53,31.02
23.01,-80.51,31.04
23.01,-80.47,31.12
23.01,-80.45,31.07
23.01,-80.43,31.08
23.01,-80.17,31.69
23.01,-79.81,30.29
23.01,-79.79,30.26
23.01,-79.77,30.39
23.01,-79.75,30.45
23.01,-79.73,30.46
23.01,-79.71,30.51
23.01,-79.69,30.57
23.01,-79.67,30.63
23.01,-79.65,30.7
23.01,-79.63,30.75
23.01,-79.61,30.74
23.01,-79.59,30.77
23.01,-79.57,30.91
23.01,-79.55,30.68
23.01,-79.53,30.92
23.01,-79.51,31.02
23.01,-79.49,30.99
23.01,-79.45,30.87
23.01,-79.43,30.88
23.01,-79.41,30.92
23.01,-79.39,30.86
23.01,-79.37,30.77
23.01,-79.35,30.54
23.01,-79.33,30.4
23.01,-79.31,30.29
23.01,-79.29,30.46
23.01,-79.27,30.33
23.01,-79.25,30.29
23.01,-79.23,30.28
23.01,-79.21,30.04
23.01,-78.87,30.04
23.01,-78.85,30.03
23.01,-77.89,30.24
23.01,-77.87,30.27
23.01,-77.85,30.4
23.01,-77.83,30.42
23.01,-77.81,30.24
23.01,-77.19,30.55
23.01,-77.17,30.59
23.01,-76.33,30.22
22.99,-80.53,31.08
22.99,-80.51,31.07
22.99,-80.47,31.11
22.99,-80.45,31.13
22.99,-80.41,31.19
22.99,-80.13,30.95
22.99,-80.11,30.97
22.99,-80.09,30.91
22.99,-80.07,30.85
22.99,-79.77,30.39
22.99,-79.75,30.45
22.99,-79.73,30.49
22.99,-79.71,30.5
22.99,-79.69,30.55
22.99,-79.67,30.56
22.99,-79.65,30.57
22.99,-79.63,30.65
22.99,-79.61,30.69
22.99,-79.59,30.66
22.99,-79.57,30.74
22.99,-79.55,30.69
22.99,-79.53,30.75
22.99,-79.51,30.85
22.99,-79.49,30.88
22.99,-79.45,30.76
22.99,-79.43,30.72
22.99,-79.41,30.94
22.99,-79.39,30.99
22.99,-79.37,30.91
22.99,-79.35,30.68
22.99,-79.33,30.4
22.99,-79.31,30.4
22.99,-79.29,30.53
22.99,-79.27,30.67
22.99,-79.21,30.04
22.99,-78.91,29.97
22.99,-78.89,29.99
22.99,-78.87,30.04
22.99,-78.85,30.07
22.99,-78.83,30.05
22.99,-77.87,30.31
22.99,-77.85,30.37
22.99,-77.83,30.39
22.99,-77.81,30.35
22.99,-77.79,30.31
22.99,-76.33,30.22
22.97,-80.45,31.1
22.97,-80.43,31.09
22.97,-79.77,30.37
22.97,-79.75,30.47
22.97,-79.73,30.49
22.97,-79.71,30.56
22.97,-79.69,30.57
22.97,-79.67,30.53
22.97,-79.65,30.49
22.97,-79.63,30.53
22.97,-79.61,30.59
22.97,-79.59,30.59
22.97,-79.57,30.67
22.97,-79.55,30.69
22.97,-79.53,30.61
22.97,-79.51,30.68
22.97,-79.49,30.82
22.97,-79.43,30.74
22.97,-79.41,30.87
22.97,-79.39,30.84
22.97,-79.37,30.76
22.97,-79.35,30.77
22.97,-79.33,30.67
22.97,-79.29,30.64
22.97,-79.27,30.64
22.97,-78.87,30.04
22.97,-78.85,30.11
22.97,-78.83,30.11
22.97,-78.69,30.25
22.97,-77.87,30.29
22.97,-77.85,30.36
22.97,-77.83,30.33
22.97,-77.81,30.39
22.97,-77.79,30.33
22.97,-77.19,30.52
22.95,-80.43,30.91
22.95,-80.41,31.02
22.95,-80.39,31.07
22.95,-80.05,30.94
22.95,-79.81,30.35
22.95,-79.75,30.48
22.95,-79.73,30.49
22.95,-79.71,30.54
22.95,-79.69,30.52
22.95,-79.67,30.49
22.95,-79.65,30.44
22.95,-79.63,30.47
22.95,-79.61,30.52
22.95,-79.59,30.52
22.95,-79.57,30.61
22.95,-79.55,30.71
22.95,-79.53,30.63
22.95,-79.51,30.57
22.95,-79.49,30.65
22.95,-79.43,30.65
22.95,-79.41,30.73
22.95,-79.39,30.74
22.95,-79.37,30.76
22.95,-79.35,30.72
22.95,-79.33,30.58
22.95,-79.29,30.58
22.95,-79.27,30.55
22.95,-78.79,30.07
22.95,-78.77,30.16
22.95,-78.75,30.1
22.95,-78.73,30.11
22.95,-78.71,30.13
22.95,-78.69,30.16
22.95,-77.87,30.27
22.95,-77.85,30.38
22.95,-77.83,30.37
22.95,-77.81,30.41
22.95,-77.79,30.38
22.95,-77.37,30.13
22.95,-76.39,30.22
22.95,-76.37,30.21
22.93,-79.81,30.45
22.93,-79.71,30.51
22.93,-79.69,30.4
22.93,-79.67,30.35
22.93,-79.65,30.37
22.93,-79.63,30.43
22.93,-79.61,30.52
22.93,-79.59,30.43
22.93,-79.57,30.5
22.93,-79.55,30.64
22.93,-79.53,30.68
22.93,-79.51,30.48
22.93,-79.49,30.32
22.93,-79.47,30.32
22.93,-79.45,30.52
22.93,-79.43,30.65
22.93,-79.41,30.61
22.93,-79.39,30.73
22.93,-79.37,30.7
22.93,-79.35,30.66
22.93,-79.33,30.54
22.93,-79.31,30.25
22.93,-78.79,30.11
22.93,-78.77,30.22
22.93,-78.75,30.24
22.93,-78.73,30.23
22.93,-78.71,30.22
22.93,-78.69,30.15
22.93,-78.67,30.14
22.93,-78.65,30.12
22.93,-78.63,30.06
22.93,-78.61,30.03
22.93,-78.51,30.2
22.93,-78.49,30.23
22.93,-78.41,30.39
22.93,-78.39,30.41
22.93,-78.37,30.42
22.93,-77.85,30.4
22.93,-77.83,30.39
22.93,-77.39,30.22
22.93,-77.37,30.15
22.93,-77.35,30.13
22.91,-79.65,30.33
22.91,-79.63,30.36
22.91,-79.61,30.35
22.91,-79.59,30.32
22.91,-79.57,30.32
22.91,-79.55,30.52
22.91,-79.53,30.57
22.91,-79.51,30.38
22.91,-79.45,30.47
22.91,-79.43,30.57
22.91,-79.41,30.66
22.91,-79.39,30.68
22.91,-79.37,30.65
22.91,-79.35,30.56
22.91,-79.33,30.43
22.91,-79.31,30.21
22.91,-79.29,30.38
22.91,-78.79,30.05
22.91,-78.77,30.24
22.91,-78.75,30.32
22.91,-78.73,30.34
22.91,-78.71,30.29
22.91,-78.69,30.21
22.91,-78.67,30.2
22.91,-78.65,30.11
22.91,-78.63,30.05
22.91,-78.51,30.27
22.91,-78.49,30.28
22.91,-78.45,30.3
22.91,-78.43,30.37
22.91,-78.41,30.36
22.91,-78.39,30.39
22.91,-78.37,30.37
22.91,-78.35,30.4
22.91,-78.33,30.44
22.91,-78.31,30.41
22.91,-77.87,30.37
22.91,-77.85,30.39
22.91,-77.39,30.26
22.91,-77.37,30.18
22.91,-77.35,30.11
22.89,-79.41,30.66
22.89,-79.39,30.69
22.89,-79.37,30.67
22.89,-79.35,30.47
22.89,-79.33,30.14
22.89,-79.31,30.2
22.89,-79.29,30.43
22.89,-78.81,29.99
22.89,-78.79,30.11
22.89,-78.77,30.2
22.89,-78.75,30.29
22.89,-78.73,30.37
22.89,-78.71,30.37
22.89,-78.69,30.28
22.89,-78.67,30.24
22.89,-78.65,30.19
22.89,-78.63,30.24
22.89,-78.59,30.09
22.89,-78.57,30.07
22.89,-78.55,30.1
22.89,-78.53,30.15
22.89,-78.49,30.16
22.89,-78.47,30.18
22.89,-78.45,30.3
22.89,-78.43,30.39
22.89,-78.41,30.4
22.89,-78.39,30.34
22.89,-78.37,30.37
22.89,-78.35,30.47
22.89,-78.33,30.49
22.89,-78.31,30.44
22.89,-77.85,30.42
22.89,-77.83,30.42
22.89,-77.39,30.24
22.87,-79.63,30.48
22.87,-79.61,30.54
22.87,-79.57,30.25
22.87,-79.53,30.28
22.87,-79.51,30.35
22.87,-79.49,30.31
22.87,-79.41,30.48
22.87,-79.39,30.63
22.87,-79.37,30.63
22.87,-79.35,30.41
22.87,-79.33,30.26
22.87,-79.31,30.37
22.87,-79.29,30.4
22.87,-79.27,30.32
22.87,-79.25,30.29
22.87,-78.83,30.02
22.87,-78.81,30.06
22.87,-78.79,29.98
22.87,-78.77,30.17
22.87,-78.75,30.32
22.87,-78.73,30.35
22.87,-78.71,30.4
22.87,-78.69,30.35
22.87,-78.67,30.28
22.87,-78.65,30.25
22.87,-78.63,30.28
22.87,-78.59,30.12
22.87,-78.57,30.1
22.87,-78.55,30.12
22.87,-78.53,30.21
22.87,-78.49,30.13
22.87,-78.47,30.15
22.87,-78.45,30.23
22.87,-78.43,30.46
22.87,-78.41,30.47
22.87,-78.39,30.45
22.87,-78.37,30.31
22.87,-78.35,30.38
22.87,-78.33,30.47
22.87,-78.31,30.37
22.87,-78.29,30.33
22.87,-77.87,30.38
22.87,-77.85,30.41
22.87,-77.83,30.39
22.85,-79.65,30.91
22.85,-79.63,30.92
22.85,-79.61,30.63
22.85,-79.59,30.34
22.85,-79.57,30.31
22.85,-79.55,30.29
22.85,-79.53,30.35
22.85,-79.51,30.51
22.85,-79.49,30.3
22.85,-79.47,30.11
22.85,-79.45,30.03
22.85,-79.43,30.08
22.85,-79.41,30.3
22.85,-79.39,30.6
22.85,-79.37,30.58
22.85,-79.35,30.51
22.85,-79.33,30.47
22.85,-79.31,30.47
22.85,-79.29,30.4
22.85,-79.27,30.36
22.85,-79.25,30.36
22.85,-79.23,30.31
22.85,-79.21,30.14
22.85,-79.19,30.13
22.85,-78.83,30.01
22.85,-78.81,29.99
22.85,-78.79,29.94
22.85,-78.77,30.27
22.85,-78.75,30.33
22.85,-78.73,30.33
22.85,-78.71,30.38
22.85,-78.69,30.4
22.85,-78.67,30.3
22.85,-78.65,30.25
22.85,-78.63,30.23
22.85,-78.61,30.23
22.85,-78.47,30.2
22.85,-78.45,30.17
22.85,-78.43,30.18
22.85,-78.41,30.36
22.85,-78.39,30.51
22.85,-78.37,30.43
22.85,-78.35,30.32
22.85,-78.33,30.4
22.85,-78.31,30.36
22.85,-78.29,30.33
22.83,-79.67,31.28
22.83,-79.65,31.35
22.83,-79.63,31.29
22.83,-79.61,31.1
22.83,-79.59,30.99
22.83,-79.57,30.48
22.83,-79.55,30.38
22.83,-79.53,30.37
22.83,-79.51,30.4
22.83,-79.49,30.35
22.83,-79.47,30.19
22.83,-79.45,30.04
22.83,-79.43,30.18
22.83,-79.41,30.24
22.83,-79.39,30.59
22.83,-79.37,30.56
22.83,-79.35,30.52
22.83,-79.33,30.48
22.83,-79.31,30.43
22.83,-79.29,30.41
22.83,-79.27,30.43
22.83,-79.25,30.37
22.83,-79.23,30.26
22.83,-79.21,30.21
22.83,-79.19,30.21
22.83,-79.17,30.12
22.83,-79.15,30.06
22.83,-78.81,30.04
22.83,-78.79,30.05
22.83,-78.73,30.29
22.83,-78.71,30.31
22.83,-78.69,30.33
22.83,-78.67,30.31
22.83,-78.65,30.22
22.83,-78.63,30.18
22.83,-78.61,30.13
22.83,-78.45,30.21
22.83,-78.43,30.24
22.83,-78.41,30.36
22.83,-78.39,30.33
22.83,-78.37,30.22
22.83,-78.35,30.16
22.83,-78.33,30.29
22.83,-78.31,30.27
22.83,-78.29,30.28
22.83,-78.19,30.35
22.83,-78.17,30.4
22.81,-79.71,31.54
22.81,-79.69,31.6
22.81,-79.67,31.63
22.81,-79.65,31.52
22.81,-79.63,31.54
22.81,-79.61,31.6
22.81,-79.57,31.18
22.81,-79.55,30.74
22.81,-79.53,30.72
22.81,-79.51,30.42
22.81,-79.49,30.44
22.81,-79.47,30.43
22.81,-79.45,30.31
22.81,-79.43,30.11
22.81,-79.41,30.26
22.81,-79.39,30.54
22.81,-79.37,30.54
22.81,-79.35,30.48
22.81,-79.33,30.44
22.81,-79.31,30.42
22.81,-79.29,30.42
22.81,-79.27,30.4
22.81,-79.25,30.39
22.81,-79.23,30.42
22.81,-79.21,30.42
22.81,-79.19,30.34
22.81,-79.17,30.23
22.81,-79.15,30.14
22.81,-78.73,30.07
22.81,-78.71,30.1
22.81,-78.69,30.26
22.81,-78.67,30.28
22.81,-78.65,30.16
22.81,-78.63,30.22
22.81,-78.61,30.13
22.81,-78.59,30.15
22.81,-78.57,30.19
22.81,-78.47,30.23
22.81,-78.45,30.23
22.81,-78.43,30.26
22.81,-78.41,30.31
22.81,-78.39,30.3
22.81,-78.37,30.16
22.81,-78.35,30.18
22.81,-78.33,30.18
22.81,-78.31,30.25
22.81,-78.29,30.26
22.79,-79.75,31.51
22.79,-79.73,31.68
22.79,-79.71,31.89
22.79,-79.69,31.85
22.79,-79.67,31.83
22.79,-79.65,31.77
22.79,-79.59,31.74
22.79,-79.57,31.76
22.79,-79.55,31.18
22.79,-79.53,31.02
22.79,-79.51,30.6
22.79,-79.49,30.59
22.79,-79.47,30.56
22.79,-79.45,30.25
22.79,-79.43,30.25
22.79,-79.41,30.32
22.79,-79.39,30.44
22.79,-79.37,30.47
22.79,-79.35,30.45
22.79,-79.33,30.41
22.79,-79.31,30.41
22.79,-79.29,30.43
22.79,-79.27,30.42
22.79,-79.25,30.42
22.79,-79.23,30.49
22.79,-79.21,30.51
22.79,-79.19,30.47
22.79,-79.17,30.19
22.79,-79.15,30.14
22.79,-78.69,30.2
22.79,-78.67,30.15
22.79,-78.61,30.13
22.79,-78.59,30.18
22.79,-78.47,30.34
22.79,-78.45,30.32
22.79,-78.43,30.24
22.79,-78.41,30.24
22.79,-78.39,30.32
22.79,-78.37,30.27
22.79,-78.35,30.25
22.79,-78.33,30.16
22.77,-79.73,31.65
22.77,-79.71,31.69
22.77,-79.69,31.97
22.77,-79.67,31.93
22.77,-79.65,31.77
22.77,-79.63,31.8
22.77,-79.61,31.77
22.77,-79.59,31.68
22.77,-79.57,31.73
22.77,-79.53,30.87
22.77,-79.51,30.8
22.77,-79.49,30.74
22.77,-79.47,30.66
22.77,-79.45,30.35
22.77,-79.43,30.37
22.77,-79.41,30.31
22.77,-79.39,30.34
22.77,-79.37,30.41
22.77,-79.35,30.44
22.77,-79.33,30.39
22.77,-79.31,30.46
22.77,-79.29,30.6
22.77,-79.27,30.54
22.77,-79.25,30.49
22.77,-79.23,30.5
22.77,-79.21,30.5
22.77,-79.19,30.4
22.77,-79.17,30.23
22.77,-79.15,30.2
22.77,-78.47,30.26
22.77,-78.45,30.28
22.77,-78.43,30.29
22.77,-78.41,30.31
22.77,-78.39,30.35
22.77,-78.37,30.31
22.77,-78.35,30.3
22.77,-78.33,30.21
22.77,-78.31,30.12
22.77,-78.29,30.2
22.77,-78.09,30.39
22.77,-77.37,30.43
22.75,-79.63,31.84
22.75,-79.61,31.81
22.75,-79.59,31.78
22.75,-79.57,31.72
22.75,-79.55,31.72
22.75,-79.51,31.05
22.75,-79.49,31.04
22.75,-79.47,31.0
22.75,-79.45,30.94
22.75,-79.43,30.85
22.75,-79.41,30.45
22.75,-79.39,30.28
22.75,-79.37,30.31
22.75,-79.35,30.37
22.75,-79.33,30.36
22.75,-79.31,30.4
22.75,-79.29,30.6
22.75,-79.27,30.6
22.75,-79.25,30.5
22.75,-79.23,30.46
22.75,-79.21,30.51
22.75,-79.19,30.46
22.75,-79.17,30.33
22.75,-79.15,30.23
22.75,-79.13,30.13
22.75,-79.11,30.08
22.75,-78.53,30.23
22.75,-78.47,30.2
22.75,-78.45,30.21
22.75,-78.43,30.28
22.75,-78.41,30.36
22.75,-78.39,30.35
22.75,-78.37,30.37
22.75,-78.35,30.36
22.75,-78.33,30.32
22.75,-78.31,30.19
22.75,-78.29,30.22
22.75,-78.27,30.21
22.75,-77.37,30.45
22.75,-77.35,30.4
22.73,-79.63,31.8
22.73,-79.61,31.8
22.73,-79.59,31.83
22.73,-79.57,31.65
22.73,-79.55,31.7
22.73,-79.47,31.15
22.73,-79.45,31.02
22.73,-79.43,30.91
22.73,-79.41,30.78
22.73,-79.39,30.69
22.73,-79.37,30.6
22.73,-79.35,30.44
22.73,-79.33,30.38
22.73,-79.31,30.23
22.73,-79.29,30.45
22.73,-79.27,30.5
22.73,-79.25,30.46
22.73,-79.23,30.4
22.73,-79.21,30.41
22.73,-79.19,30.46
22.73,-79.17,30.45
22.73,-79.15,30.43
22.73,-79.13,30.34
22.73,-79.11,30.23
22.73,-79.09,30.13
22.73,-79.07,30.12
22.73,-78.97,30.33
22.73,-78.45,30.2
22.73,-78.43,30.28
22.73,-78.41,30.3
22.73,-78.39,30.39
22.73,-78.37,30.39
22.73,-78.35,30.38
22.73,-78.33,30.34
22.73,-78.31,30.22
22.73,-78.29,30.13
22.73,-78.27,30.08
22.73,-77.37,30.35
22.73,-77.35,30.38
22.71,-79.63,31.66
22.71,-79.61,31.69
22.71,-79.59,31.57
22.71,-79.57,31.41
22.71,-79.55,31.64
22.71,-79.53,31.69
22.71,-79.51,31.81
22.71,-79.43,30.96
22.71,-79.41,30.86
22.71,-79.39,30.72
22.71,-79.37,30.71
22.71,-79.35,30.56
22.71,-79.33,30.39
22.71,-79.31,30.2
22.71,-79.29,30.2
22.71,-79.27,30.35
22.71,-79.25,30.38
22.71,-79.23,30.38
22.71,-79.21,30.41
22.71,-79.19,30.4
22.71,-79.17,30.38
22.71,-79.15,30.31
22.71,-79.13,30.29
22.71,-79.11,30.29
22.71,-79.09,30.26
22.71,-79.07,30.15
22.71,-78.99,30.32
22.71,-78.97,30.37
22.71,-78.95,30.42
22.71,-78.45,30.23
22.71,-78.43,30.23
22.71,-78.41,30.28
22.71,-78.39,30.35
22.71,-78.37,30.43
22.71,-78.35,30.33
22.71,-78.33,30.32
22.71,-78.31,30.23
22.71,-78.29,30.14
22.71,-78.27,30.1
22.71,-77.57,30.38
22.71,-77.45,30.4
22.71,-77.41,30.43
22.71,-77.39,30.46
22.71,-77.37,30.38
22.71,-77.35,30.38
22.69,-82.71,31.6
22.69,-82.69,31.8
22.69,-82.67,32.05
22.69,-79.59,31.46
22.69,-79.53,31.72
22.69,-79.51,31.81
22.69,-79.49,32.16
22.69,-79.39,30.59
22.69,-79.37,30.51
22.69,-79.35,30.42
22.69,-79.33,30.35
22.69,-79.31,30.29
22.69,-79.23,30.35
22.69,-79.21,30.33
22.69,-79.19,30.33
22.69,-79.17,30.33
22.69,-79.15,30.25
22.69,-79.13,30.24
22.69,-79.11,30.21
22.69,-79.09,30.14
22.69,-79.07,30.14
22.69,-78.95,30.48
22.69,-78.45,30.18
22.69,-78.43,30.2
22.69,-78.41,30.25
22.69,-78.39,30.29
22.69,-78.37,30.36
22.69,-78.35,30.34
22.69,-78.33,30.31
22.69,-78.31,30.23
22.69,-78.29,30.2
22.69,-78.27,30.13
22.69,-78.25,30.11
22.69,-77.69,30.18
22.69,-77.45,30.43
22.69,-77.43,30.41
22.69,-77.41,30.45
22.69,-77.39,30.55
22.69,-77.37,30.36
22.69,-77.35,30.34
22.69,-77.33,30.41
22.67,-82.71,31.82
22.67,-82.69,31.98
22.67,-82.67,32.09
22.67,-82.65,32.09
22.67,-82.63,32.11
22.67,-82.61,32.22
22.67,-82.59,32.07
22.67,-82.57,32.01
22.67,-82.53,31.84
22.67,-82.51,32.14
22.67,-82.49,32.23
22.67,-82.47,32.43
22.67,-82.45,32.65
22.67,-82.43,33.07
22.67,-82.41,33.08
22.67,-82.39,33.01
22.67,-82.37,33.09
22.67,-82.35,33.1
22.67,-82.33,33.04
22.67,-82.31,33.06
22.67,-82.29,33.05
22.67,-82.27,32.99
22.67,-82.25,33.04
22.67,-82.23,33.15
22.67,-82.21,33.2
22.67,-82.19,33.18
22.67,-82.17,33.15
22.67,-82.15,32.92
22.67,-82.01,33.63
22.67,-81.99,33.64
22.67,-81.97,33.68
22.67,-81.95,33.66
22.67,-81.93,33.65
22.67,-81.91,33.56
22.67,-81.89,33.4
22.67,-81.87,33.2
22.67,-81.85,32.97
22.67,-79.49,32.16
22.67,-79.47,32.13
22.67,-79.45,31.96
22.67,-79.41,31.71
22.67,-79.37,30.42
22.67,-79.35,30.38
22.67,-79.33,30.37
22.67,-79.31,30.32
22.67,-79.13,30.28
22.67,-79.11,30.26
22.67,-78.95,30.42
22.67,-78.45,30.18
22.67,-78.43,30.2
22.67,-78.41,30.22
22.67,-78.39,30.22
22.67,-78.37,30.28
22.67,-78.35,30.29
22.67,-78.33,30.28
22.67,-78.31,30.23
22.67,-78.29,30.2
22.67,-78.27,30.17
22.67,-78.25,30.08
22.67,-78.17,30.13
22.67,-77.85,30.34
22.67,-77.71,30.18
22.67,-77.69,30.2
22.67,-77.61,30.32
22.67,-77.41,30.51
22.67,-77.39,30.5
22.67,-77.37,30.38
22.67,-77.35,30.31
22.65,-82.71,32.01
22.65,-82.69,32.09
22.65,-82.67,32.1
22.65,-82.65,32.14
22.65,-82.63,32.15
22.65,-82.61,32.13
22.65,-82.59,32.11
22.65,-82.57,32.01
22.65,-82.55,32.01
22.65,-82.49,32.17
22.65,-82.47,32.34
22.65,-82.45,32.66
22.65,-82.43,33.04
22.65,-82.41,33.09
22.65,-82.39,33.08
22.65,-82.37,33.1
22.65,-82.35,33.15
22.65,-82.33,33.23
22.65,-82.31,33.21
22.65,-82.29,33.2
22.65,-82.27,33.19
22.65,-82.25,33.23
22.65,-82.23,33.26
22.65,-82.21,33.29
22.65,-82.19,33.21
22.65,-82.17,32.91
22.65,-82.15,32.78
22.65,-82.13,32.78
22.65,-82.11,32.85
22.65,-82.09,32.97
22.65,-82.07,33.18
22.65,-82.05,33.32
22.65,-82.03,33.36
22.65,-82.01,33.58
22.65,-81.99,33.57
22.65,-81.97,33.58
22.65,-81.95,33.64
22.65,-81.93,33.59
22.65,-81.91,33.54
22.65,-81.89,33.41
22.65,-81.87,33.22
22.65,-81.85,33.0
22.65,-81.83,32.79
22.65,-81.81,32.59
22.65,-81.79,32.44
22.65,-79.57,32.14
22.65,-79.53,31.46
22.65,-79.47,32.08
22.65,-79.43,31.94
22.65,-79.41,31.69
22.65,-79.39,31.72
22.65,-79.33,30.83
22.65,-79.31,30.53
22.65,-79.29,30.46
22.65,-79.17,30.97
22.65,-79.13,30.47
22.65,-79.11,30.49
22.65,-78.41,30.22
22.65,-78.39,30.21
22.65,-78.37,30.25
22.65,-78.35,30.26
22.65,-78.33,30.27
22.65,-78.31,30.23
22.65,-78.29,30.21
22.65,-78.27,30.14
22.65,-78.25,30.12
22.65,-78.17,29.96
22.65,-78.15,30.01
22.65,-78.13,29.95
22.65,-78.11,29.91
22.65,-78.09,29.89
22.65,-78.07,29.95
22.65,-77.85,30.29
22.65,-77.71,30.17
22.65,-77.69,30.21
22.65,-77.65,30.28
22.65,-77.63,30.27
22.65,-77.61,30.3
22.65,-77.59,30.33
22.65,-77.57,30.46
22.65,-77.39,30.43
22.65,-77.37,30.34
22.65,-77.35,30.29
22.63,-82.73,32.03
22.63,-82.71,32.09
22.63,-82.69,32.08
22.63,-82.67,32.07
22.63,-82.65,32.12
22.63,-82.63,32.14
22.63,-82.61,32.18
22.63,-82.59,32.24
22.63,-82.57,32.2
22.63,-82.55,32.08
22.63,-82.53,32.07
22.63,-82.51,32.05
22.63,-82.49,32.14
22.63,-82.47,32.32
22.63,-82.45,32.5
22.63,-82.43,33.1
22.63,-82.41,33.18
22.63,-82.39,33.22
22.63,-82.37,33.19
22.63,-82.35,33.2
22.63,-82.33,33.27
22.63,-82.31,33.3
22.63,-82.29,33.43
22.63,-82.27,33.39
22.63,-82.25,33.39
22.63,-82.23,33.47
22.63,-82.21,33.49
22.63,-82.19,33.4
22.63,-82.17,32.97
22.63,-82.15,32.65
22.63,-82.13,32.63
22.63,-82.11,32.69
22.63,-82.09,32.83
22.63,-82.07,32.99
22.63,-82.05,33.22
22.63,-82.03,33.27
22.63,-82.01,33.33
22.63,-81.99,33.35
22.63,-81.97,33.27
22.63,-81.95,33.41
22.63,-81.93,33.47
22.63,-81.91,33.38
22.63,-81.89,33.25
22.63,-81.87,33.19
22.63,-81.85,32.96
22.63,-81.83,32.79
22.63,-81.81,32.64
22.63,-81.79,32.49
22.63,-81.77,32.35
22.63,-81.75,32.34
22.63,-79.57,32.0
22.63,-79.55,31.65
22.63,-79.53,31.5
22.63,-79.51,31.5
22.63,-79.49,31.5
22.63,-79.47,31.57
22.63,-79.45,31.99
22.63,-79.43,31.73
22.63,-79.41,31.67
22.63,-79.39,31.68
22.63,-79.37,31.69
22.63,-79.35,31.72
22.63,-79.31,31.16
22.63,-79.29,30.68
22.63,-79.27,30.83
22.63,-79.25,31.03
22.63,-79.23,31.51
22.63,-79.17,31.02
22.63,-79.09,31.85
22.63,-79.07,31.83
22.63,-79.03,30.9
22.63,-79.01,30.89
22.63,-78.33,30.24
22.63,-78.31,30.25
22.63,-78.29,30.22
22.63,-78.27,30.12
22.63,-78.17,29.79
22.63,-78.15,29.84
22.63,-78.13,29.93
22.63,-78.11,29.98
22.63,-78.09,30.0
22.63,-78.07,29.95
22.63,-77.69,30.14
22.63,-77.65,30.28
22.63,-77.63,30.27
22.63,-77.59,30.31
22.63,-77.57,30.37
22.63,-76.99,30.25
22.61,-82.71,32.0
22.61,-82.69,32.03
22.61,-82.67,32.09
22.61,-82.65,32.12
22.61,-82.63,32.12
22.61,-82.61,32.23
22.61,-82.59,32.25
22.61,-82.57,32.24
22.61,-82.55,32.21
22.61,-82.53,32.16
22.61,-82.49,32.1
22.61,-82.47,32.35
22.61,-82.45,32.74
22.61,-82.43,33.2
22.61,-82.41,33.29
22.61,-82.39,33.29
22.61,-82.37,33.33
22.61,-82.35,33.32
22.61,-82.33,33.32
22.61,-82.31,33.43
22.61,-82.29,33.51
22.61,-82.27,33.57
22.61,-82.25,33.54
22.61,-82.23,33.53
22.61,-82.21,33.51
22.61,-82.19,33.41
22.61,-82.17,33.27
22.61,-82.15,32.78
22.61,-82.13,32.67
22.61,-82.11,32.61
22.61,-82.09,32.62
22.61,-82.07,32.81
22.61,-82.05,33.05
22.61,-82.03,33.07
22.61,-82.01,33.0
22.61,-81.99,32.89
22.61,-81.97,32.82
22.61,-81.95,32.88
22.61,-81.93,32.96
22.61,-81.91,32.92
22.61,-81.89,33.02
22.61,-81.87,32.98
22.61,-81.85,32.84
22.61,-81.83,32.66
22.61,-81.81,32.63
22.61,-81.79,32.52
22.61,-81.77,32.39
22.61,-81.75,32.39
22.61,-81.73,32.46
22.61,-79.55,31.51
22.61,-79.53,31.46
22.61,-79.51,31.53
22.61,-79.49,31.51
22.61,-79.47,31.5
22.61,-79.45,31.59
22.61,-79.43,31.62
22.61,-79.41,31.62
22.61,-79.37,31.58
22.61,-79.35,31.46
22.61,-79.33,31.44
22.61,-79.29,31.31
22.61,-79.27,31.39
22.61,-79.25,31.52
22.61,-79.23,31.6
22.61,-79.15,32.04
22.61,-79.11,32.02
22.61,-79.09,31.65
22.61,-79.07,31.32
22.61,-79.01,30.95
22.61,-78.29,30.17
22.61,-78.27,30.12
22.61,-78.25,30.12
22.61,-78.17,29.87
22.61,-78.15,29.84
22.61,-78.13,29.83
22.61,-78.11,29.88
22.61,-78.09,30.01
22.61,-78.07,30.04
22.61,-78.05,29.98
22.61,-77.65,30.21
22.61,-77.63,30.21
22.61,-77.61,30.24
22.61,-77.59,30.28
22.61,-77.57,30.3
22.61,-77.43,30.28
22.61,-77.41,30.28
22.61,-77.39,30.29
22.61,-77.37,30.23
22.61,-77.03,30.34
22.61,-77.01,30.3
22.61,-76.99,30.26
22.59,-82.71,32.07
22.59,-82.67,32.12
22.59,-82.65,32.12
22.59,-82.63,32.17
22.59,-82.61,32.28
22.59,-82.59,32.28
22.59,-82.57,32.35
22.59,-82.55,32.33
22.59,-82.53,32.22
22.59,-82.49,32.14
22.59,-82.47,32.31
22.59,-82.45,32.53
22.59,-82.43,32.95
22.59,-82.41,33.3
22.59,-82.39,33.32
22.59,-82.37,33.45
22.59,-82.35,33.54
22.59,-82.33,33.52
22.59,-82.31,33.58
22.59,-82.29,33.6
22.59,-82.27,33.62
22.59,-82.25,33.6
22.59,-82.23,33.51
22.59,-82.21,33.45
22.59,-82.19,33.49
22.59,-82.17,33.26
22.59,-82.15,32.85
22.59,-82.13,32.66
22.59,-82.11,32.51
22.59,-82.09,32.48
22.59,-82.07,32.62
22.59,-82.05,32.76
22.59,-82.03,32.79
22.59,-82.01,32.76
22.59,-81.99,32.63
22.59,-81.97,32.55
22.59,-81.95,32.6
22.59,-81.93,32.63
22.59,-81.91,32.67
22.59,-81.89,32.73
22.59,-81.87,32.66
22.59,-81.85,32.53
22.59,-81.83,32.53
22.59,-81.81,32.54
22.59,-81.79,32.43
22.59,-81.77,32.35
22.59,-81.75,32.43
22.59,-81.73,32.44
22.59,-81.71,32.31
22.59,-81.69,32.41
22.59,-79.53,31.5
22.59,-79.47,31.32
22.59,-79.45,31.17
22.59,-79.43,31.06
22.59,-79.41,30.99
22.59,-79.39,31.22
22.59,-79.37,31.5
22.59,-79.35,31.47
22.59,-79.33,31.41
22.59,-79.31,31.41
22.59,-79.29,31.47
22.59,-79.27,31.63
22.59,-79.15,32.7
22.59,-79.13,32.17
22.59,-79.11,32.09
22.59,-79.09,31.4
22.59,-78.29,30.17
22.59,-78.27,30.15
22.59,-78.25,30.14
22.59,-78.15,29.84
22.59,-78.13,29.8
22.59,-78.11,29.92
22.59,-78.09,29.98
22.59,-78.07,29.99
22.59,-78.05,29.94
22.59,-78.03,29.83
22.59,-77.65,30.2
22.59,-77.63,30.2
22.59,-77.61,30.21
22.59,-77.59,30.26
22.59,-77.57,30.23
22.59,-77.55,30.22
22.59,-77.43,30.25
22.59,-77.41,30.26
22.59,-77.39,30.24
22.59,-77.27,30.4
22.59,-77.05,30.24
22.59,-77.03,30.27
22.59,-77.01,30.29
22.59,-76.99,30.24
22.59,-76.97,30.16
22.57,-82.71,32.04
22.57,-82.67,32.16
22.57,-82.65,32.17
22.57,-82.63,32.14
22.57,-82.61,32.27
22.57,-82.59,32.33
22.57,-82.57,32.28
22.57,-82.55,32.26
22.57,-82.53,32.29
22.57,-82.51,32.2
22.57,-82.49,32.17
22.57,-82.47,32.19
22.57,-82.45,32.31
22.57,-82.43,32.48
22.57,-82.41,33.13
22.57,-82.39,33.36
22.57,-82.37,33.48
22.57,-82.35,33.62
22.57,-82.33,33.59
22.57,-82.31,33.6
22.57,-82.29,33.68
22.57,-82.27,33.67
22.57,-82.25,33.56
22.57,-82.23,33.49
22.57,-82.21,33.42
22.57,-82.19,33.3
22.57,-82.17,33.0
22.57,-82.15,32.74
22.57,-82.13,32.51
22.57,-82.11,32.28
22.57,-82.09,32.31
22.57,-82.07,32.34
22.57,-82.05,32.44
22.57,-82.03,32.47
22.57,-82.01,32.55
22.57,-81.99,32.47
22.57,-81.97,32.36
22.57,-81.95,32.35
22.57,-81.93,32.39
22.57,-81.91,32.36
22.57,-81.89,32.26
22.57,-81.87,32.41
22.57,-81.85,32.26
22.57,-81.83,32.25
22.57,-81.81,32.22
22.57,-81.79,32.31
22.57,-81.77,32.29
22.57,-81.75,32.37
22.57,-81.73,32.4
22.57,-81.71,32.39
22.57,-81.69,32.54
22.57,-81.67,32.8
22.57,-81.65,32.88
22.57,-79.53,31.39
22.57,-79.51,31.45
22.57,-79.43,30.87
22.57,-79.41,31.02
22.57,-79.39,31.25
22.57,-79.37,31.56
22.57,-79.35,31.5
22.57,-79.33,31.38
22.57,-79.31,31.37
22.57,-79.29,31.55
22.57,-79.27,31.72
22.57,-79.25,31.93
22.57,-79.23,32.27
22.57,-79.19,32.38
22.57,-79.17,32.48
22.57,-79.15,32.67
22.57,-79.11,32.07
22.57,-79.09,31.57
22.57,-78.27,30.18
22.57,-78.15,29.77
22.57,-78.13,29.82
22.57,-78.11,29.96
22.57,-78.09,30.01
22.57,-78.07,29.97
22.57,-78.05,29.91
22.57,-78.03,29.82
22.57,-77.93,29.81
22.57,-77.65,30.24
22.57,-77.63,30.22
22.57,-77.61,30.18
22.57,-77.59,30.17
22.57,-77.57,30.19
22.57,-77.55,30.22
22.57,-77.45,30.2
22.57,-77.35,30.32
22.57,-77.27,30.37
22.57,-77.25,30.38
22.57,-77.23,30.37
22.57,-77.21,30.32
22.57,-77.19,30.22
22.57,-77.17,30.18
22.57,-77.15,30.31
22.57,-77.13,30.19
22.57,-77.11,30.19
22.57,-77.09,30.19
22.57,-77.07,30.18
22.57,-77.05,30.27
22.57,-77.03,30.26
22.57,-77.01,30.31
22.57,-76.99,30.3
22.57,-76.97,30.18
22.55,-82.71,32.08
22.55,-82.69,32.2
22.55,-82.67,32.23
22.55,-82.65,32.28
22.55,-82.63,32.12
22.55,-82.61,32.14
22.55,-82.59,32.34
22.55,-82.57,32.36
22.55,-82.55,32.31
22.55,-82.53,32.42
22.55,-82.51,32.18
22.55,-82.49,32.16
22.55,-82.47,32.23
22.55,-82.45,32.27
22.55,-82.43,32.32
22.55,-82.41,32.4
22.55,-82.39,32.99
22.55,-82.37,33.36
22.55,-82.35,33.36
22.55,-82.33,33.39
22.55,-82.31,33.5
22.55,-82.29,33.7
22.55,-82.27,33.65
22.55,-82.25,33.57
22.55,-82.23,33.51
22.55,-82.21,33.41
22.55,-82.19,33.11
22.55,-82.17,32.72
22.55,-82.15,32.49
22.55,-82.13,32.19
22.55,-82.11,32.03
22.55,-82.09,32.15
22.55,-82.07,32.16
22.55,-82.05,32.12
22.55,-82.03,32.2
22.55,-82.01,32.24
22.55,-81.99,32.21
22.55,-81.97,32.17
22.55,-81.95,32.08
22.55,-81.93,32.04
22.55,-81.91,32.12
22.55,-81.89,32.05
22.55,-81.87,32.13
22.55,-81.85,32.07
22.55,-81.83,32.08
22.55,-81.81,32.08
22.55,-81.79,31.96
22.55,-81.77,32.06
22.55,-81.75,32.39
22.55,-81.73,32.4
22.55,-81.71,32.38
22.55,-81.69,32.32
22.55,-81.67,32.74
22.55,-81.65,32.83
22.55,-79.39,31.31
22.55,-79.37,31.49
22.55,-79.35,31.49
22.55,-79.33,31.45
22.55,-79.31,31.56
22.55,-79.29,31.66
22.55,-79.23,32.42
22.55,-79.21,32.42
22.55,-79.19,32.35
22.55,-79.17,32.46
22.55,-79.15,32.64
22.55,-79.11,32.15
22.55,-78.15,29.81
22.55,-78.13,29.9
22.55,-78.11,30.0
22.55,-78.09,29.95
22.55,-78.07,29.89
22.55,-78.05,29.9
22.55,-78.03,29.81
22.55,-78.01,29.76
22.55,-77.95,29.79
22.55,-77.93,29.81
22.55,-77.91,29.81
22.55,-77.89,29.84
22.55,-77.87,29.92
22.55,-77.65,30.23
22.55,-77.63,30.29
22.55,-77.61,30.19
22.55,-77.59,30.13
22.55,-77.57,30.17
22.55,-77.55,30.17
22.55,-77.47,30.23
22.55,-77.45,30.19
22.55,-77.43,30.18
22.55,-77.27,30.28
22.55,-77.25,30.43
22.55,-77.23,30.44
22.55,-77.21,30.31
22.55,-77.19,30.22
22.55,-77.17,30.11
22.55,-77.15,30.3
22.55,-77.13,30.3
22.55,-77.11,30.28
22.55,-77.09,30.25
22.55,-77.07,30.24
22.55,-77.05,30.32
22.55,-77.03,30.26
22.55,-77.01,30.29
22.55,-76.99,30.29
22.55,-76.97,30.23
22.55,-76.95,30.12
22.55,-76.93,30.06
22.53,-82.71,32.07
22.53,-82.69,32.12
22.53,-82.67,32.19
22.53,-82.65,32.2
22.53,-82.63,32.15
22.53,-82.61,32.14
22.53,-82.59,32.22
22.53,-82.57,32.24
22.53,-82.55,32.36
22.53,-82.53,32.45
22.53,-82.51,32.46
22.53,-82.49,32.18
22.53,-82.47,32.26
22.53,-82.45,32.34
22.53,-82.43,32.35
22.53,-82.41,32.36
22.53,-82.39,32.33
22.53,-82.37,32.72
22.53,-82.35,33.0
22.53,-82.33,32.97
22.53,-82.31,33.37
22.53,-82.29,33.54
22.53,-82.27,33.73
22.53,-82.25,33.62
22.53,-82.23,33.53
22.53,-82.21,33.35
22.53,-82.19,33.01
22.53,-82.17,32.57
22.53,-82.15,32.35
22.53,-82.13,32.15
22.53,-82.11,31.89
22.53,-82.09,31.95
22.53,-82.07,31.98
22.53,-82.05,31.93
22.53,-82.03,31.93
22.53,-82.01,31.88
22.53,-81.99,31.81
22.53,-81.97,31.8
22.53,-81.95,31.71
22.53,-81.93,31.65
22.53,-81.91,31.71
22.53,-81.89,31.89
22.53,-81.87,31.92
22.53,-81.85,31.95
22.53,-81.83,31.88
22.53,-81.81,31.82
22.53,-81.79,31.8
22.53,-81.77,31.95
22.53,-81.75,32.15
22.53,-81.73,32.16
22.53,-81.71,32.13
22.53,-81.69,32.29
22.53,-81.67,32.34
22.53,-79.37,31.4
22.53,-79.35,31.44
22.53,-79.33,31.59
22.53,-79.31,31.66
22.53,-79.27,31.33
22.53,-79.25,31.35
22.53,-79.23,31.71
22.53,-79.21,31.86
22.53,-79.19,31.75
22.53,-79.17,31.66
22.53,-79.15,31.67
22.53,-78.15,29.91
22.53,-78.13,29.95
22.53,-78.11,29.98
22.53,-78.09,29.92
22.53,-78.07,29.89
22.53,-78.05,29.88
22.53,-78.03,29.77
22.53,-78.01,29.72
22.53,-77.99,29.76
22.53,-77.97,29.81
22.53,-77.95,29.81
22.53,-77.93,29.84
22.53,-77.89,29.86
22.53,-77.87,29.83
22.53,-77.85,29.83
22.53,-77.69,30.09
22.53,-77.67,30.09
22.53,-77.65,30.1
22.53,-77.63,30.12
22.53,-77.61,30.12
22.53,-77.59,30.11
22.53,-77.57,30.16
22.53,-77.47,30.28
22.53,-77.45,30.25
22.53,-77.43,30.17
22.53,-77.27,30.13
22.53,-77.25,30.32
22.53,-77.23,30.47
22.53,-77.21,30.53
22.53,-77.19,30.21
22.53,-77.17,30.05
22.53,-77.15,30.27
22.53,-77.13,30.21
22.53,-77.11,30.27
22.53,-77.09,30.24
22.53,-77.07,30.3
22.53,-77.05,30.35
22.53,-77.03,30.29
22.53,-77.01,30.29
22.53,-76.99,30.28
22.53,-76.97,30.26
22.53,-76.95,30.12
22.53,-76.93,30.06
22.53,-76.91,30.03
22.51,-82.71,32.01
22.51,-82.69,32.09
22.51,-82.67,32.15
22.51,-82.65,32.14
22.51,-82.63,32.16
22.51,-82.61,32.15
22.51,-82.59,32.13
22.51,-82.57,32.21
22.51,-82.55,32.28
22.51,-82.53,32.42
22.51,-82.51,32.47
22.51,-82.49,32.4
22.51,-82.47,32.24
22.51,-82.45,32.25
22.51,-82.43,32.32
22.51,-82.41,32.32
22.51,-82.39,32.29
22.51,-82.37,32.26
22.51,-82.35,32.47
22.51,-82.31,32.89
22.51,-82.29,33.07
22.51,-82.27,33.47
22.51,-82.25,33.62
22.51,-82.23,33.58
22.51,-82.21,33.27
22.51,-82.19,32.95
22.51,-82.17,32.43
22.51,-82.15,32.38
22.51,-82.13,32.2
22.51,-82.11,31.98
22.51,-82.09,31.9
22.51,-82.07,31.94
22.51,-82.05,31.78
22.51,-82.03,31.58
22.51,-82.01,31.61
22.51,-81.99,31.58
22.51,-81.97,31.41
22.51,-81.95,31.5
22.51,-81.93,31.49
22.51,-81.91,31.53
22.51,-81.89,31.68
22.51,-81.87,31.67
22.51,-81.85,31.79
22.51,-81.83,31.73
22.51,-81.81,31.75
22.51,-81.79,31.75
22.51,-81.77,31.67
22.51,-81.75,31.74
22.51,-81.73,31.81
22.51,-81.71,31.9
22.51,-81.69,31.9
22.51,-81.67,32.03
22.51,-79.43,31.79
22.51,-79.37,32.18
22.51,-79.35,32.02
22.51,-79.33,31.58
22.51,-79.25,31.27
22.51,-79.23,31.54
22.51,-79.21,31.4
22.51,-79.19,31.26
22.51,-79.17,31.18
22.51,-79.15,31.13
22.51,-78.13,29.92
22.51,-78.11,29.9
22.51,-78.09,29.91
22.51,-78.07,29.9
22.51,-78.05,29.82
22.51,-78.03,29.73
22.51,-78.01,29.68
22.51,-77.99,29.74
22.51,-77.97,29.81
22.51,-77.95,29.82
22.51,-77.93,29.83
22.51,-77.91,29.75
22.51,-77.89,29.83
22.51,-77.87,29.78
22.51,-77.67,30.09
22.51,-77.65,30.05
22.51,-77.63,30.07
22.51,-77.61,30.05
22.51,-77.59,30.05
22.51,-77.53,30.09
22.51,-77.45,30.18
22.51,-77.43,30.15
22.51,-77.41,30.17
22.51,-77.27,30.16
22.51,-77.25,30.12
22.51,-77.23,30.4
22.51,-77.21,30.41
22.51,-77.19,30.35
22.51,-77.17,30.24
22.51,-77.15,30.18
22.51,-77.13,30.1
22.51,-77.11,30.28
22.51,-77.09,30.17
22.51,-77.07,30.21
22.51,-77.05,30.29
22.51,-77.03,30.27
22.51,-77.01,30.35
22.51,-76.99,30.33
22.51,-76.97,30.29
22.51,-76.95,30.19
22.51,-76.93,30.14
22.51,-76.91,30.07
22.51,-76.89,30.03
22.49,-82.73,32.01
22.49,-82.71,32.05
22.49,-82.69,32.1
22.49,-82.67,32.13
22.49,-82.65,32.18
22.49,-82.63,32.19
22.49,-82.61,32.13
22.49,-82.59,32.12
22.49,-82.57,32.2
22.49,-82.55,32.24
22.49,-82.53,32.32
22.49,-82.51,32.38
22.49,-82.49,32.31
22.49,-82.47,32.12
22.49,-82.43,32.21
22.49,-82.41,32.3
22.49,-82.39,32.34
22.49,-82.35,32.39
22.49,-82.33,32.35
22.49,-82.29,32.87
22.49,-82.27,32.86
22.49,-82.25,33.14
22.49,-82.23,33.49
22.49,-82.21,33.21
22.49,-82.19,32.99
22.49,-82.17,32.58
22.49,-82.15,32.38
22.49,-82.13,32.21
22.49,-82.11,32.14
22.49,-82.09,31.9
22.49,-82.07,31.88
22.49,-82.05,31.75
22.49,-82.03,31.49
22.49,-82.01,31.39
22.49,-81.99,31.34
22.49,-81.87,31.52
22.49,-81.85,31.59
22.49,-81.83,31.63
22.49,-81.81,31.65
22.49,-81.79,31.58
22.49,-81.77,31.4
22.49,-81.75,31.4
22.49,-81.73,31.55
22.49,-81.71,31.57
22.49,-81.69,31.65
22.49,-81.67,31.84
22.49,-79.41,31.8
22.49,-79.39,32.01
22.49,-79.37,32.16
22.49,-79.35,31.63
22.49,-79.33,31.54
22.49,-79.31,31.45
22.49,-79.29,31.45
22.49,-79.27,31.16
22.49,-79.25,31.1
22.49,-79.23,31.31
22.49,-79.21,31.5
22.49,-79.19,31.47
22.49,-78.17,30.32
22.49,-78.15,30.33
22.49,-78.13,29.89
22.49,-78.11,29.85
22.49,-78.09,29.84
22.49,-78.07,29.84
22.49,-78.05,29.7
22.49,-78.03,29.67
22.49,-78.01,29.64
22.49,-77.99,29.74
22.49,-77.97,29.82
22.49,-77.95,29.82
22.49,-77.93,29.76
22.49,-77.91,29.74
22.49,-77.89,29.79
22.49,-77.87,29.73
22.49,-77.85,29.64
22.49,-77.83,29.68
22.49,-77.81,29.77
22.49,-77.67,30.1
22.49,-77.65,30.07
22.49,-77.63,30.09
22.49,-77.61,29.99
22.49,-77.59,30.0
22.49,-77.57,30.03
22.49,-77.43,30.15
22.49,-77.41,30.22
22.49,-77.27,30.27
22.49,-77.25,30.22
22.49,-77.23,30.29
22.49,-77.21,30.28
22.49,-77.19,30.29
22.49,-77.17,30.18
22.49,-77.15,30.14
22.49,-77.13,30.2
22.49,-77.11,30.22
22.49,-77.09,30.12
22.49,-77.07,30.08
22.49,-77.05,30.14
22.49,-77.03,30.35
22.49,-77.01,30.34
22.49,-76.99,30.31
22.49,-76.97,30.3
22.49,-76.95,30.19
22.49,-76.93,30.14
22.49,-76.91,30.1
22.49,-76.89,30.02
22.47,-82.79,31.76
22.47,-82.77,32.01
22.47,-82.75,32.08
22.47,-82.73,32.05
22.47,-82.71,32.06
22.47,-82.69,32.11
22.47,-82.67,32.18
22.47,-82.65,32.3
22.47,-82.63,32.27
22.47,-82.61,32.17
22.47,-82.59,32.18
22.47,-82.57,32.2
22.47,-82.55,32.25
22.47,-82.53,32.28
22.47,-82.51,32.27
22.47,-82.49,32.31
22.47,-82.47,32.21
22.47,-82.45,32.31
22.47,-82.43,32.24
22.47,-82.41,32.3
22.47,-82.39,32.28
22.47,-82.37,32.27
22.47,-82.35,32.27
22.47,-82.33,32.23
22.47,-82.31,32.21
22.47,-82.27,32.47
22.47,-82.25,32.46
22.47,-82.23,32.48
22.47,-82.21,32.96
22.47,-82.19,32.81
22.47,-82.17,32.56
22.47,-82.15,32.43
22.47,-82.13,32.33
22.47,-82.11,32.06
22.47,-82.09,31.9
22.47,-82.07,31.96
22.47,-82.05,31.64
22.47,-82.03,31.54
22.47,-81.85,31.29
22.47,-81.83,31.12
22.47,-81.81,31.19
22.47,-81.79,31.34
22.47,-81.77,31.25
22.47,-81.75,31.29
22.47,-81.73,31.29
22.47,-81.71,31.45
22.47,-81.69,31.42
22.47,-79.41,31.84
22.47,-79.39,32.05
22.47,-79.37,31.82
22.47,-79.35,31.49
22.47,-79.33,31.45
22.47,-79.29,31.48
22.47,-79.27,31.19
22.47,-79.25,31.15
22.47,-79.23,31.44
22.47,-79.21,31.58
22.47,-79.19,31.59
22.47,-78.25,30.79
22.47,-78.23,30.53
22.47,-78.21,30.52
22.47,-78.19,30.62
22.47,-78.17,30.65
22.47,-78.13,29.92
22.47,-78.11,29.94
22.47,-78.09,29.87
22.47,-78.07,29.81
22.47,-78.05,29.65
22.47,-78.03,29.6
22.47,-78.01,29.63
22.47,-77.99,29.74
22.47,-77.97,29.82
22.47,-77.95,29.76
22.47,-77.93,29.71
22.47,-77.91,29.74
22.47,-77.89,29.77
22.47,-77.87,29.69
22.47,-77.85,29.64
22.47,-77.83,29.81
22.47,-77.81,29.8
22.47,-77.79,29.75
22.47,-77.67,30.01
22.47,-77.65,30.03
22.47,-77.63,30.08
22.47,-77.61,30.03
22.47,-77.59,30.05
22.47,-77.57,30.01
22.47,-77.41,30.14
22.47,-77.39,30.07
22.47,-77.37,30.06
22.47,-77.35,30.11
22.47,-77.33,29.96
22.47,-77.29,30.22
22.47,-77.27,30.24
22.47,-77.25,30.3
22.47,-77.23,30.3
22.47,-77.21,30.31
22.47,-77.19,30.32
22.47,-77.17,30.19
22.47,-77.15,30.1
22.47,-77.11,29.97
22.47,-77.09,30.07
22.47,-77.07,30.22
22.47,-77.05,30.13
22.47,-77.03,30.31
22.47,-77.01,30.35
22.47,-76.99,30.26
22.47,-76.97,30.29
22.47,-76.95,30.24
22.47,-76.93,30.27
22.47,-76.91,30.05
22.47,-76.89,29.92
22.47,-76.87,30.01
22.47,-76.85,29.95
22.45,-82.81,31.79
22.45,-82.79,31.83
22.45,-82.77,32.08
22.45,-82.75,32.11
22.45,-82.73,32.07
22.45,-82.71,32.14
22.45,-82.69,32.21
22.45,-82.67,32.25
22.45,-82.65,32.31
22.45,-82.63,32.31
22.45,-82.61,32.27
22.45,-82.59,32.25
22.45,-82.57,32.24
22.45,-82.55,32.28
22.45,-82.53,32.34
22.45,-82.51,32.33
22.45,-82.49,32.33
22.45,-82.47,32.29
22.45,-82.45,32.3
22.45,-82.43,32.27
22.45,-82.41,32.29
22.45,-82.39,32.29
22.45,-82.37,32.3
22.45,-82.35,32.26
22.45,-82.33,32.23
22.45,-82.31,32.24
22.45,-82.29,32.37
22.45,-82.27,32.35
22.45,-82.25,32.36
22.45,-82.23,32.29
22.45,-82.21,32.33
22.45,-82.19,32.4
22.45,-82.17,32.43
22.45,-82.15,32.5
22.45,-82.13,32.36
22.45,-82.11,32.02
22.45,-82.09,31.7
22.45,-82.07,31.77
22.45,-82.05,31.66
22.45,-81.81,30.74
22.45,-81.79,31.0
22.45,-81.77,31.3
22.45,-79.37,31.83
22.45,-79.35,31.46
22.45,-79.25,31.23
22.45,-79.23,31.42
22.45,-79.21,31.5
22.45,-79.19,31.44
22.45,-78.25,30.86
22.45,-78.23,30.91
22.45,-78.15,31.54
22.45,-78.13,30.59
22.45,-78.11,30.63
22.45,-78.09,30.18
22.45,-78.07,29.93
22.45,-78.05,29.7
22.45,-78.03,29.61
22.45,-78.01,29.64
22.45,-77.99,29.72
22.45,-77.97,29.77
22.45,-77.95,29.77
22.45,-77.93,29.71
22.45,-77.91,29.7
22.45,-77.89,29.7
22.45,-77.87,29.63
22.45,-77.85,29.65
22.45,-77.83,29.79
22.45,-77.81,29.81
22.45,-77.79,29.76
22.45,-77.77,29.73
22.45,-77.67,29.96
22.45,-77.65,30.03
22.45,-77.63,30.01
22.45,-77.61,30.06
22.45,-77.59,30.02
22.45,-77.57,29.99
22.45,-77.55,30.03
22.45,-77.41,30.1
22.45,-77.39,30.08
22.45,-77.37,30.02
22.45,-77.35,30.07
22.45,-77.33,30.0
22.45,-77.31,30.03
22.45,-77.29,30.15
22.45,-77.27,30.22
22.45,-77.25,30.21
22.45,-77.23,30.34
22.45,-77.21,30.28
22.45,-77.19,30.09
22.45,-77.17,30.19
22.45,-77.11,30.06
22.45,-77.09,30.07
22.45,-77.07,30.06
22.45,-77.05,30.07
22.45,-77.03,30.23
22.45,-77.01,30.25
22.45,-76.99,30.25
22.45,-76.97,30.23
22.45,-76.95,30.23
22.45,-76.93,30.21
22.45,-76.91,30.15
22.45,-76.89,30.04
22.45,-76.87,30.03
22.45,-76.85,29.95
22.45,-76.83,29.9
22.43,-82.79,31.99
22.43,-82.77,32.07
22.43,-82.75,32.11
22.43,-82.73,32.12
22.43,-82.71,32.19
22.43,-82.69,32.22
22.43,-82.67,32.25
22.43,-82.65,32.28
22.43,-82.63,32.36
22.43,-82.61,32.34
22.43,-82.59,32.31
22.43,-82.57,32.29
22.43,-82.55,32.3
22.43,-82.53,32.39
22.43,-82.51,32.4
22.43,-82.49,32.28
22.43,-82.47,32.12
22.43,-82.45,32.22
22.43,-82.43,32.24
22.43,-82.41,32.26
22.43,-82.39,32.29
22.43,-82.37,32.27
22.43,-82.35,32.28
22.43,-82.33,32.29
22.43,-82.31,32.31
22.43,-82.29,32.36
22.43,-82.27,32.24
22.43,-82.25,32.25
22.43,-82.23,32.25
22.43,-82.21,32.16
22.43,-82.19,32.02
22.43,-82.17,32.01
22.43,-82.15,32.47
22.43,-82.13,32.37
22.43,-82.09,31.65
22.43,-79.17,31.09
22.43,-78.15,31.56
22.43,-78.11,31.35
22.43,-78.09,30.55
22.43,-78.07,30.25
22.43,-78.05,29.95
22.43,-78.03,29.78
22.43,-78.01,29.69
22.43,-77.99,29.72
22.43,-77.97,29.75
22.43,-77.95,29.75
22.43,-77.93,29.74
22.43,-77.91,29.78
22.43,-77.89,29.67
22.43,-77.87,29.63
22.43,-77.85,29.6
22.43,-77.83,29.72
22.43,-77.81,29.72
22.43,-77.79,29.77
22.43,-77.77,29.71
22.43,-77.67,29.93
22.43,-77.65,30.0
22.43,-77.63,29.99
22.43,-77.61,29.96
22.43,-77.59,29.91
22.43,-77.57,29.93
22.43,-77.55,29.97
22.43,-77.53,29.93
22.43,-77.51,29.94
22.43,-77.47,29.89
22.43,-77.41,29.88
22.43,-77.39,29.94
22.43,-77.37,30.05
22.43,-77.35,30.06
22.43,-77.33,30.09
22.43,-77.31,30.1
22.43,-77.29,30.04
22.43,-77.27,30.03
22.43,-77.25,30.08
22.43,-77.23,30.24
22.43,-77.21,30.24
22.43,-77.19,30.21
22.43,-77.17,30.35
22.43,-77.09,30.1
22.43,-77.07,30.08
22.43,-77.05,30.09
22.43,-77.03,30.11
22.43,-77.01,30.18
22.43,-76.99,30.19
22.43,-76.97,30.2
22.43,-76.95,30.26
22.43,-76.93,30.21
22.43,-76.91,30.1
22.43,-76.89,30.06
22.43,-76.87,30.03
22.43,-76.85,29.94
22.43,-76.83,29.89
22.41,-82.77,32.13
22.41,-82.75,32.15
22.41,-82.73,32.14
22.41,-82.71,32.2
22.41,-82.69,32.21
22.41,-82.67,32.25
22.41,-82.65,32.29
22.41,-82.63,32.33
22.41,-82.61,32.35
22.41,-82.59,32.31
22.41,-82.57,32.29
22.41,-82.55,32.35
22.41,-82.53,32.42
22.41,-82.51,32.36
22.41,-82.49,32.31
22.41,-82.47,32.1
22.41,-82.45,32.17
22.41,-82.43,32.25
22.41,-82.41,32.24
22.41,-82.39,32.23
22.41,-82.37,32.24
22.41,-82.35,32.26
22.41,-82.33,32.28
22.41,-82.31,32.36
22.41,-82.29,32.35
22.41,-82.27,32.19
22.41,-82.25,32.21
22.41,-82.23,32.2
22.41,-82.21,32.13
22.41,-82.19,31.99
22.41,-82.17,32.01
22.41,-78.09,31.21
22.41,-78.07,31.22
22.41,-78.05,30.36
22.41,-78.03,30.15
22.41,-78.01,30.02
22.41,-77.99,29.8
22.41,-77.97,29.79
22.41,-77.95,29.69
22.41,-77.93,29.81
22.41,-77.91,29.83
22.41,-77.89,29.81
22.41,-77.87,29.61
22.41,-77.85,29.56
22.41,-77.83,29.63
22.41,-77.81,29.67
22.41,-77.79,29.71
22.41,-77.77,29.71
22.41,-77.75,29.65
22.41,-77.73,29.65
22.41,-77.71,29.7
22.41,-77.69,29.65
22.41,-77.67,29.84
22.41,-77.65,29.85
22.41,-77.63,29.88
22.41,-77.61,29.93
22.41,-77.59,29.89
22.41,-77.57,29.9
22.41,-77.55,29.93
22.41,-77.53,29.88
22.41,-77.51,29.93
22.41,-77.49,29.82
22.41,-77.47,29.82
22.41,-77.43,29.87
22.41,-77.41,29.84
22.41,-77.39,29.88
22.41,-77.37,29.99
22.41,-77.35,30.0
22.41,-77.33,30.02
22.41,-77.31,30.08
22.41,-77.29,30.1
22.41,-77.27,30.07
22.41,-77.21,30.18
22.41,-77.19,30.21
22.41,-77.17,30.33
22.41,-77.09,29.99
22.41,-77.07,30.02
22.41,-77.05,30.19
22.41,-77.03,30.03
22.41,-77.01,30.02
22.41,-76.99,30.14
22.41,-76.97,30.09
22.41,-76.95,30.17
22.41,-76.93,30.19
22.41,-76.91,30.12
22.41,-76.89,30.12
22.41,-76.87,30.07
22.41,-76.85,30.01
22.41,-76.83,29.97
22.41,-76.81,29.9
22.39,-82.77,32.08
22.39,-82.75,32.16
22.39,-82.73,32.15
22.39,-82.71,32.22
22.39,-82.69,32.23
22.39,-82.67,32.25
22.39,-82.65,32.29
22.39,-82.63,32.34
22.39,-82.61,32.33
22.39,-82.59,32.31
22.39,-82.57,32.27
22.39,-82.55,32.34
22.39,-82.53,32.34
22.39,-82.51,32.34
22.39,-82.49,32.34
22.39,-82.47,32.24
22.39,-82.45,32.2
22.39,-82.43,32.2
22.39,-82.41,32.24
22.39,-82.39,32.24
22.39,-82.37,32.24
22.39,-82.35,32.24
22.39,-82.33,32.23
22.39,-82.31,32.31
22.39,-82.29,32.35
22.39,-82.27,32.23
22.39,-82.25,32.19
22.39,-82.23,32.15
22.39,-82.21,32.1
22.39,-82.19,32.05
22.39,-82.17,32.13
22.39,-78.03,30.32
22.39,-78.01,30.24
22.39,-77.99,30.11
22.39,-77.97,30.11
22.39,-77.95,29.83
22.39,-77.93,29.85
22.39,-77.91,29.9
22.39,-77.89,29.82
22.39,-77.87,29.61
22.39,-77.85,29.61
22.39,-77.83,29.59
22.39,-77.81,29.62
22.39,-77.79,29.65
22.39,-77.77,29.69
22.39,-77.75,29.67
22.39,-77.73,29.67
22.39,-77.71,29.67
22.39,-77.69,29.67
22.39,-77.67,29.75
22.39,-77.65,29.78
22.39,-77.63,29.86
22.39,-77.61,29.88
22.39,-77.59,29.9
22.39,-77.57,29.94
22.39,-77.55,29.92
22.39,-77.53,29.89
22.39,-77.51,29.84
22.39,-77.49,29.8
22.39,-77.43,29.81
22.39,-77.41,29.85
22.39,-77.39,29.88
22.39,-77.37,30.01
22.39,-77.35,30.04
22.39,-77.33,29.94
22.39,-77.31,30.1
22.39,-77.29,30.1
22.39,-77.27,30.09
22.39,-77.25,30.06
22.39,-77.21,30.23
22.39,-77.19,30.23
22.39,-77.17,30.23
22.39,-77.15,30.19
22.39,-77.13,29.9
22.39,-77.11,30.0
22.39,-77.09,29.94
22.39,-77.07,30.01
22.39,-77.05,30.03
22.39,-77.03,29.97
22.39,-77.01,29.96
22.39,-76.99,30.04
22.39,-76.97,29.95
22.39,-76.95,29.92
22.39,-76.93,30.1
22.39,-76.91,30.19
22.39,-76.89,30.24
22.39,-76.87,30.14
22.39,-76.85,30.05
22.39,-76.83,30.01
22.39,-76.81,29.92
22.37,-82.85,32.05
22.37,-82.77,32.05
22.37,-82.75,32.13
22.37,-82.73,32.21
22.37,-82.71,32.24
22.37,-82.69,32.26
22.37,-82.67,32.3
22.37,-82.65,32.32
22.37,-82.63,32.33
22.37,-82.61,32.36
22.37,-82.59,32.38
22.37,-82.57,32.35
22.37,-82.55,32.4
22.37,-82.53,32.33
22.37,-82.51,32.32
22.37,-82.49,32.29
22.37,-82.47,32.16
22.37,-82.45,32.18
22.37,-82.43,32.3
22.37,-82.41,32.23
22.37,-82.39,32.24
22.37,-82.37,32.24
22.37,-82.35,32.23
22.37,-82.33,32.18
22.37,-82.31,32.25
22.37,-82.29,32.31
22.37,-82.27,32.28
22.37,-82.25,32.13
22.37,-82.23,32.07
22.37,-82.21,32.12
22.37,-82.19,32.11
22.37,-82.17,32.19
22.37,-82.15,32.21
22.37,-82.11,32.43
22.37,-78.07,30.98
22.37,-78.05,30.79
22.37,-78.03,30.66
22.37,-78.01,30.42
22.37,-77.99,30.59
22.37,-77.97,30.65
22.37,-77.95,30.57
22.37,-77.93,30.4
22.37,-77.91,30.07
22.37,-77.89,29.72
22.37,-77.87,29.5
22.37,-77.85,29.54
22.37,-77.83,29.61
22.37,-77.81,29.61
22.37,-77.79,29.63
22.37,-77.77,29.66
22.37,-77.75,29.68
22.37,-77.73,29.69
22.37,-77.71,29.7
22.37,-77.69,29.71
22.37,-77.67,29.73
22.37,-77.65,29.76
22.37,-77.63,29.84
22.37,-77.61,29.89
22.37,-77.59,29.89
22.37,-77.57,29.97
22.37,-77.55,29.94
22.37,-77.53,29.87
22.37,-77.51,29.76
22.37,-77.49,29.81
22.37,-77.41,29.97
22.37,-77.39,29.94
22.37,-77.37,30.02
22.37,-77.35,30.06
22.37,-77.33,29.93
22.37,-77.31,30.05
22.37,-77.29,30.1
22.37,-77.27,30.11
22.37,-77.25,30.04
22.37,-77.23,29.83
22.37,-77.19,30.21
22.37,-77.17,30.23
22.37,-77.15,30.15
22.37,-77.13,29.86
22.37,-77.11,30.03
22.37,-77.09,29.99
22.37,-77.07,29.93
22.37,-77.05,29.38
22.37,-77.01,29.82
22.37,-76.99,29.87
22.37,-76.97,30.01
22.37,-76.95,30.02
22.37,-76.93,29.91
22.37,-76.91,29.96
22.37,-76.89,30.17
22.37,-76.87,30.09
22.37,-76.85,30.05
22.37,-76.83,30.02
22.37,-76.81,29.98
22.37,-76.79,29.9
22.37,-76.77,29.91
22.37,-76.75,29.89
22.37,-76.73,29.87
22.35,-82.87,32.02
22.35,-82.85,32.04
22.35,-82.83,31.97
22.35,-82.79,32.12
22.35,-82.77,32.11
22.35,-82.75,32.18
22.35,-82.73,32.26
22.35,-82.71,32.35
22.35,-82.69,32.39
22.35,-82.67,32.31
22.35,-82.65,32.3
22.35,-82.63,32.32
22.35,-82.61,32.34
22.35,-82.59,32.35
22.35,-82.57,32.35
22.35,-82.55,32.35
22.35,-82.53,32.32
22.35,-82.51,32.27
22.35,-82.49,32.21
22.35,-82.47,32.2
22.35,-82.45,32.23
22.35,-82.43,32.24
22.35,-82.41,32.23
22.35,-82.39,32.26
22.35,-82.37,32.27
22.35,-82.35,32.25
22.35,-82.33,32.25
22.35,-82.31,32.23
22.35,-82.29,32.24
22.35,-82.27,32.29
22.35,-82.25,32.29
22.35,-82.23,32.16
22.35,-82.21,32.16
22.35,-82.19,32.16
22.35,-82.17,32.19
22.35,-82.15,32.17
22.35,-82.13,32.16
22.35,-78.07,30.82
22.35,-78.05,30.78
22.35,-78.03,30.59
22.35,-78.01,30.94
22.35,-77.97,31.37
22.35,-77.95,31.13
22.35,-77.91,30.29
22.35,-77.89,29.86
22.35,-77.87,29.72
22.35,-77.85,29.62
22.35,-77.83,29.64
22.35,-77.81,29.61
22.35,-77.79,29.63
22.35,-77.77,29.66
22.35,-77.75,29.73
22.35,-77.73,29.77
22.35,-77.71,29.8
22.35,-77.69,29.77
22.35,-77.67,29.73
22.35,-77.65,29.72
22.35,-77.63,29.74
22.35,-77.61,29.85
22.35,-77.59,29.89
22.35,-77.57,29.89
22.35,-77.55,29.9
22.35,-77.53,29.89
22.35,-77.51,29.73
22.35,-77.49,29.75
22.35,-77.45,29.17
22.35,-77.41,29.83
22.35,-77.39,29.94
22.35,-77.37,29.99
22.35,-77.35,30.01
22.35,-77.33,29.96
22.35,-77.31,29.96
22.35,-77.29,29.99
22.35,-77.27,30.06
22.35,-77.25,29.97
22.35,-77.23,29.84
22.35,-77.21,29.85
22.35,-77.19,29.91
22.35,-77.17,29.91
22.35,-77.15,30.03
22.35,-77.13,29.89
22.35,-77.11,29.91
22.35,-77.09,29.93
22.35,-77.07,29.9
22.35,-77.05,29.48
22.35,-77.03,29.67
22.35,-77.01,29.73
22.35,-76.99,29.9
22.35,-76.97,29.91
22.35,-76.95,29.85
22.35,-76.93,29.87
22.35,-76.91,29.9
22.35,-76.89,29.98
22.35,-76.87,29.99
22.35,-76.85,30.06
22.35,-76.83,30.05
22.35,-76.81,29.95
22.35,-76.79,29.92
22.35,-76.77,29.99
22.35,-76.75,29.94
22.35,-76.73,29.89
22.35,-76.71,29.81
22.33,-82.93,31.76
22.33,-82.91,31.86
22.33,-82.89,31.92
22.33,-82.87,32.04
22.33,-82.85,32.06
22.33,-82.83,31.99
22.33,-82.79,31.85
22.33,-82.77,32.13
22.33,-82.75,32.3
22.33,-82.71,32.4
22.33,-82.69,32.38
22.33,-82.67,32.3
22.33,-82.65,32.27
22.33,-82.63,32.32
22.33,-82.61,32.35
22.33,-82.59,32.36
22.33,-82.57,32.37
22.33,-82.55,32.37
22.33,-82.53,32.38
22.33,-82.51,32.39
22.33,-82.49,32.32
22.33,-82.47,32.27
22.33,-82.45,32.28
22.33,-82.43,32.27
22.33,-82.41,32.25
22.33,-82.39,32.27
22.33,-82.37,32.28
22.33,-82.35,32.28
22.33,-82.33,32.28
22.33,-82.31,32.31
22.33,-82.29,32.29
22.33,-82.27,32.26
22.33,-82.25,32.25
22.33,-82.23,32.2
22.33,-82.21,32.21
22.33,-82.19,32.21
22.33,-82.17,32.18
22.33,-82.15,32.08
22.33,-82.13,32.02
22.33,-82.11,32.17
22.33,-82.09,32.16
22.33,-78.05,30.81
22.33,-78.03,30.79
22.33,-77.99,31.03
22.33,-77.97,31.66
22.33,-77.95,31.72
22.33,-77.93,31.59
22.33,-77.89,30.41
22.33,-77.87,30.31
22.33,-77.85,29.94
22.33,-77.83,29.57
22.33,-77.81,29.67
22.33,-77.79,29.69
22.33,-77.77,29.65
22.33,-77.75,29.69
22.33,-77.73,29.76
22.33,-77.71,29.81
22.33,-77.69,29.79
22.33,-77.67,29.75
22.33,-77.65,29.64
22.33,-77.63,29.65
22.33,-77.61,29.66
22.33,-77.59,29.85
22.33,-77.57,29.84
22.33,-77.55,29.79
22.33,-77.53,29.74
22.33,-77.51,29.66
22.33,-77.45,29.17
22.33,-77.43,29.21
22.33,-77.41,29.7
22.33,-77.39,29.71
22.33,-77.37,29.94
22.33,-77.35,29.92
22.33,-77.33,29.92
22.33,-77.31,29.92
22.33,-77.29,29.91
22.33,-77.27,29.99
22.33,-77.25,29.93
22.33,-77.23,29.88
22.33,-77.21,29.88
22.33,-77.19,29.9
22.33,-77.17,29.97
22.33,-77.15,29.92
22.33,-77.13,29.82
22.33,-77.11,29.57
22.33,-77.09,29.58
22.33,-77.07,29.69
22.33,-77.05,29.54
22.33,-77.03,29.74
22.33,-77.01,29.79
22.33,-76.99,29.83
22.33,-76.97,29.87
22.33,-76.95,29.67
22.33,-76.93,29.81
22.33,-76.91,29.79
22.33,-76.89,29.88
22.33,-76.87,29.83
22.33,-76.85,29.95
22.33,-76.83,29.99
22.33,-76.81,29.95
22.33,-76.79,29.94
22.33,-76.77,30.07
22.33,-76.75,30.0
22.33,-76.73,29.96
22.33,-76.71,29.81
22.33,-76.69,29.74
22.33,-76.67,29.82
22.33,-76.65,29.85
22.33,-76.61,29.59
22.33,-76.59,29.59
22.31,-82.93,31.86
22.31,-82.91,32.04
22.31,-82.89,32.12
22.31,-82.87,32.14
22.31,-82.85,32.13
22.31,-82.83,32.14
22.31,-82.79,32.08
22.31,-82.77,32.25
22.31,-82.75,32.34
22.31,-82.73,32.32
22.31,-82.71,32.35
22.31,-82.69,32.3
22.31,-82.67,32.28
22.31,-82.65,32.28
22.31,-82.63,32.33
22.31,-82.61,32.37
22.31,-82.59,32.39
22.31,-82.57,32.38
22.31,-82.55,32.4
22.31,-82.53,32.38
22.31,-82.51,32.41
22.31,-82.49,32.42
22.31,-82.47,32.34
22.31,-82.45,32.33
22.31,-82.43,32.35
22.31,-82.41,32.31
22.31,-82.39,32.3
22.31,-82.37,32.33
22.31,-82.35,32.33
22.31,-82.33,32.29
22.31,-82.31,32.31
22.31,-82.29,32.35
22.31,-82.27,32.29
22.31,-82.25,32.23
22.31,-82.23,32.2
22.31,-82.21,32.21
22.31,-82.19,32.23
22.31,-82.17,32.23
22.31,-82.15,32.16
22.31,-82.13,32.09
22.31,-82.11,32.08
22.31,-82.09,32.03
22.31,-82.07,31.97
22.31,-78.05,31.11
22.31,-78.03,31.18
22.31,-78.01,31.18
22.31,-77.99,30.86
22.31,-77.97,30.88
22.31,-77.95,30.74
22.31,-77.93,31.01
22.31,-77.91,31.01
22.31,-77.89,31.26
22.31,-77.85,30.3
22.31,-77.83,29.92
22.31,-77.81,29.81
22.31,-77.79,29.78
22.31,-77.77,29.79
22.31,-77.75,29.66
22.31,-77.73,29.67
22.31,-77.71,29.68
22.31,-77.69,29.79
22.31,-77.67,29.79
22.31,-77.65,29.64
22.31,-77.63,29.63
22.31,-77.61,29.57
22.31,-77.59,29.75
22.31,-77.57,29.78
22.31,-77.55,29.65
22.31,-77.53,29.55
22.31,-77.51,29.47
22.31,-77.43,29.37
22.31,-77.41,29.54
22.31,-77.39,29.6
22.31,-77.37,29.78
22.31,-77.35,29.81
22.31,-77.33,29.81
22.31,-77.31,29.8
22.31,-77.29,29.9
22.31,-77.27,30.02
22.31,-77.25,29.9
22.31,-77.23,29.86
22.31,-77.21,29.81
22.31,-77.19,29.82
22.31,-77.17,29.89
22.31,-77.15,29.85
22.31,-77.13,29.6
22.31,-77.11,29.48
22.31,-77.09,29.41
22.31,-77.07,29.32
22.31,-77.05,29.64
22.31,-77.03,29.74
22.31,-77.01,29.83
22.31,-76.99,29.86
22.31,-76.97,29.72
22.31,-76.95,29.68
22.31,-76.93,29.83
22.31,-76.91,29.73
22.31,-76.89,29.7
22.31,-76.87,29.82
22.31,-76.85,29.67
22.31,-76.83,29.76
22.31,-76.81,29.85
22.31,-76.79,29.91
22.31,-76.77,29.97
22.31,-76.75,30.08
22.31,-76.73,30.1
22.31,-76.71,29.96
22.31,-76.69,29.84
22.31,-76.67,29.84
22.31,-76.65,29.87
22.31,-76.63,29.75
22.31,-76.61,29.61
22.31,-76.59,29.57
22.31,-76.57,29.3
22.29,-82.93,32.02
22.29,-82.91,32.18
22.29,-82.89,32.24
22.29,-82.87,32.16
22.29,-82.85,32.17
22.29,-82.83,32.25
22.29,-82.81,32.22
22.29,-82.79,32.17
22.29,-82.77,32.39
22.29,-82.75,32.27
22.29,-82.73,32.15
22.29,-82.71,32.28
22.29,-82.69,32.27
22.29,-82.67,32.27
22.29,-82.65,32.29
22.29,-82.63,32.34
22.29,-82.61,32.41
22.29,-82.59,32.42
22.29,-82.57,32.41
22.29,-82.55,32.43
22.29,-82.53,32.41
22.29,-82.51,32.41
22.29,-82.49,32.44
22.29,-82.47,32.38
22.29,-82.45,32.37
22.29,-82.43,32.36
22.29,-82.41,32.36
22.29,-82.39,32.32
22.29,-82.37,32.35
22.29,-82.35,32.35
22.29,-82.33,32.3
22.29,-82.31,32.34
22.29,-82.29,32.35
22.29,-82.27,32.31
22.29,-82.25,32.28
22.29,-82.23,32.29
22.29,-82.21,32.27
22.29,-82.19,32.23
22.29,-82.17,32.24
22.29,-82.15,32.21
22.29,-82.13,32.16
22.29,-82.11,32.13
22.29,-82.09,32.09
22.29,-82.07,32.02
22.29,-82.05,32.01
22.29,-78.21,31.13
22.29,-78.19,31.32
22.29,-78.17,31.67
22.29,-78.15,31.79
22.29,-78.11,31.48
22.29,-78.07,31.57
22.29,-78.03,31.55
22.29,-77.97,30.87
22.29,-77.95,30.82
22.29,-77.93,31.03
22.29,-77.91,31.39
22.29,-77.89,31.17
22.29,-77.87,30.74
22.29,-77.85,30.82
22.29,-77.83,30.45
22.29,-77.81,30.15
22.29,-77.79,29.93
22.29,-77.77,29.75
22.29,-77.75,29.62
22.29,-77.73,29.71
22.29,-77.71,29.66
22.29,-77.69,29.6
22.29,-77.67,29.71
22.29,-77.65,29.59
22.29,-77.63,29.6
22.29,-77.61,29.52
22.29,-77.59,29.53
22.29,-77.57,29.59
22.29,-77.55,29.57
22.29,-77.53,29.5
22.29,-77.41,29.51
22.29,-77.39,29.73
22.29,-77.37,29.75
22.29,-77.35,29.74
22.29,-77.33,29.7
22.29,-77.31,29.68
22.29,-77.29,29.68
22.29,-77.27,29.87
22.29,-77.25,29.88
22.29,-77.23,29.82
22.29,-77.21,29.77
22.29,-77.19,29.82
22.29,-77.17,29.81
22.29,-77.15,29.72
22.29,-77.13,29.52
22.29,-77.11,29.37
22.29,-77.09,29.37
22.29,-77.07,29.52
22.29,-77.05,29.76
22.29,-77.03,29.7
22.29,-77.01,29.73
22.29,-76.99,29.8
22.29,-76.97,29.68
22.29,-76.95,29.66
22.29,-76.93,29.73
22.29,-76.91,29.67
22.29,-76.89,29.65
22.29,-76.87,29.67
22.29,-76.85,29.64
22.29,-76.83,29.58
22.29,-76.81,29.71
22.29,-76.79,29.8
22.29,-76.77,29.78
22.29,-76.75,29.75
22.29,-76.73,29.92
22.29,-76.71,29.9
22.29,-76.69,29.9
22.29,-76.67,29.92
22.29,-76.65,29.94
22.29,-76.63,29.9
22.29,-76.61,29.88
22.29,-76.59,29.72
22.29,-76.57,29.65
22.29,-76.55,29.64
22.29,-76.53,29.6
22.27,-83.05,32.03
22.27,-83.03,32.06
22.27,-83.01,32.12
22.27,-82.99,32.13
22.27,-82.95,32.23
22.27,-82.93,32.27
22.27,-82.91,32.25
22.27,-82.89,32.24
22.27,-82.87,32.25
22.27,-82.85,32.36
22.27,-82.83,32.3
22.27,-82.81,32.18
22.27,-82.79,32.13
22.27,-82.77,32.22
22.27,-82.75,32.23
22.27,-82.73,32.22
22.27,-82.71,32.25
22.27,-82.69,32.25
22.27,-82.67,32.28
22.27,-82.65,32.34
22.27,-82.63,32.4
22.27,-82.61,32.45
22.27,-82.57,32.41
22.27,-82.55,32.44
22.27,-82.53,32.42
22.27,-82.51,32.43
22.27,-82.49,32.48
22.27,-82.47,32.45
22.27,-82.45,32.4
22.27,-82.43,32.35
22.27,-82.41,32.4
22.27,-82.39,32.36
22.27,-82.37,32.37
22.27,-82.35,32.36
22.27,-82.33,32.34
22.27,-82.31,32.38
22.27,-82.29,32.37
22.27,-82.27,32.33
22.27,-82.25,32.34
22.27,-82.23,32.36
22.27,-82.21,32.31
22.27,-82.19,32.28
22.27,-82.17,32.24
22.27,-82.15,32.25
22.27,-82.13,32.23
22.27,-82.11,32.18
22.27,-82.09,32.16
22.27,-82.07,32.15
22.27,-82.05,32.05
22.27,-82.03,31.9
22.27,-78.23,30.87
22.27,-78.19,31.11
22.27,-78.17,31.29
22.27,-78.15,31.73
22.27,-78.11,31.49
22.27,-78.09,31.34
22.27,-78.07,31.57
22.27,-77.95,31.46
22.27,-77.93,31.39
22.27,-77.89,31.18
22.27,-77.87,30.64
22.27,-77.85,30.86
22.27,-77.81,30.16
22.27,-77.79,30.1
22.27,-77.77,29.9
22.27,-77.75,29.6
22.27,-77.73,29.67
22.27,-77.71,29.69
22.27,-77.69,29.57
22.27,-77.67,29.62
22.27,-77.65,29.55
22.27,-77.63,29.53
22.27,-77.61,29.44
22.27,-77.59,29.42
22.27,-77.57,29.56
22.27,-77.55,29.63
22.27,-77.53,29.44
22.27,-77.39,29.7
22.27,-77.37,29.71
22.27,-77.35,29.75
22.27,-77.33,29.69
22.27,-77.31,29.57
22.27,-77.29,29.63
22.27,-77.27,29.76
22.27,-77.25,29.71
22.27,-77.23,29.69
22.27,-77.21,29.73
22.27,-77.19,29.74
22.27,-77.17,29.72
22.27,-77.15,29.61
22.27,-77.13,29.46
22.27,-77.11,29.12
22.27,-77.09,29.22
22.27,-77.07,29.64
22.27,-77.05,29.66
22.27,-77.03,29.63
22.27,-77.01,29.65
22.27,-76.99,29.61
22.27,-76.97,29.68
22.27,-76.95,29.64
22.27,-76.93,29.57
22.27,-76.91,29.64
22.27,-76.89,29.63
22.27,-76.87,29.61
22.27,-76.85,29.56
22.27,-76.83,29.44
22.27,-76.81,29.74
22.27,-76.79,29.75
22.27,-76.77,29.65
22.27,-76.75,29.68
22.27,-76.73,29.76
22.27,-76.71,29.86
22.27,-76.69,29.86
22.27,-76.67,29.95
22.27,-76.65,29.97
22.27,-76.63,29.96
22.27,-76.61,29.94
22.27,-76.59,29.87
22.27,-76.57,29.76
22.27,-76.55,29.66
22.27,-76.53,29.59
22.27,-76.51,29.55
22.25,-83.09,31.97
22.25,-83.07,31.97
22.25,-83.05,32.03
22.25,-83.03,32.12
22.25,-83.01,32.18
22.25,-82.99,32.19
22.25,-82.97,32.14
22.25,-82.95,32.17
22.25,-82.93,32.31
22.25,-82.91,32.35
22.25,-82.89,32.28
22.25,-82.87,32.3
22.25,-82.85,32.34
22.25,-82.83,32.29
22.25,-82.81,32.25
22.25,-82.77,32.21
22.25,-82.75,32.17
22.25,-82.73,32.19
22.25,-82.71,32.26
22.25,-82.69,32.27
22.25,-82.67,32.3
22.25,-82.65,32.38
22.25,-82.63,32.42
22.25,-82.61,32.46
22.25,-82.59,32.41
22.25,-82.57,32.41
22.25,-82.55,32.47
22.25,-82.53,32.44
22.25,-82.51,32.44
22.25,-82.49,32.44
22.25,-82.47,32.45
22.25,-82.45,32.46
22.25,-82.43,32.43
22.25,-82.41,32.42
22.25,-82.39,32.41
22.25,-82.37,32.41
22.25,-82.35,32.37
22.25,-82.33,32.36
22.25,-82.31,32.37
22.25,-82.29,32.38
22.25,-82.27,32.36
22.25,-82.25,32.38
22.25,-82.23,32.37
22.25,-82.21,32.3
22.25,-82.19,32.31
22.25,-82.17,32.28
22.25,-82.15,32.28
22.25,-82.13,32.27
22.25,-82.11,32.22
22.25,-82.09,32.16
22.25,-82.07,32.13
22.25,-82.05,32.11
22.25,-82.03,31.95
22.25,-82.01,31.87
22.25,-78.21,31.14
22.25,-78.19,31.26
22.25,-78.17,31.22
22.25,-78.15,31.42
22.25,-78.13,31.59
22.25,-78.11,32.01
22.25,-78.09,31.6
22.25,-78.07,31.82
22.25,-77.99,31.2
22.25,-77.97,31.14
22.25,-77.91,31.11
22.25,-77.89,30.74
22.25,-77.87,30.51
22.25,-77.85,30.91
22.25,-77.81,30.19
22.25,-77.79,30.16
22.25,-77.77,29.94
22.25,-77.75,29.83
22.25,-77.73,29.7
22.25,-77.71,29.6
22.25,-77.69,29.48
22.25,-77.67,29.53
22.25,-77.65,29.44
22.25,-77.63,29.54
22.25,-77.61,29.42
22.25,-77.57,29.6
22.25,-77.55,29.59
22.25,-77.39,29.69
22.25,-77.37,29.7
22.25,-77.35,29.71
22.25,-77.33,29.69
22.25,-77.31,29.5
22.25,-77.29,29.43
22.25,-77.27,29.57
22.25,-77.25,29.62
22.25,-77.23,29.65
22.25,-77.21,29.67
22.25,-77.19,29.64
22.25,-77.17,29.65
22.25,-77.15,29.58
22.25,-77.13,29.55
22.25,-77.11,29.5
22.25,-77.07,29.67
22.25,-77.05,29.65
22.25,-77.03,29.65
22.25,-77.01,29.51
22.25,-76.99,29.58
22.25,-76.97,29.62
22.25,-76.95,29.66
22.25,-76.93,29.56
22.25,-76.91,29.56
22.25,-76.89,29.56
22.25,-76.87,29.62
22.25,-76.85,29.57
22.25,-76.83,29.4
22.25,-76.81,29.45
22.25,-76.79,29.57
22.25,-76.77,29.58
22.25,-76.75,29.63
22.25,-76.73,29.79
22.25,-76.71,29.81
22.25,-76.69,29.79
22.25,-76.67,29.92
22.25,-76.65,29.96
22.25,-76.63,29.85
22.25,-76.61,29.88
22.25,-76.59,29.92
22.25,-76.57,29.87
22.25,-76.55,29.74
22.25,-76.53,29.62
22.25,-76.51,29.64
22.25,-76.49,29.7
22.23,-83.13,31.87
22.23,-83.09,32.1
22.23,-83.07,32.17
22.23,-83.05,32.19
22.23,-83.03,32.27
22.23,-83.01,32.36
22.23,-82.99,32.34
22.23,-82.97,32.25
22.23,-82.95,32.26
22.23,-82.93,32.33
22.23,-82.91,32.38
22.23,-82.89,32.33
22.23,-82.87,32.26
22.23,-82.85,32.27
22.23,-82.83,32.29
22.23,-82.81,32.31
22.23,-82.79,32.3
22.23,-82.77,32.19
22.23,-82.75,32.08
22.23,-82.73,32.16
22.23,-82.71,32.28
22.23,-82.69,32.3
22.23,-82.67,32.31
22.23,-82.65,32.34
22.23,-82.63,32.42
22.23,-82.61,32.46
22.23,-82.59,32.5
22.23,-82.57,32.47
22.23,-82.55,32.44
22.23,-82.53,32.47
22.23,-82.51,32.49
22.23,-82.49,32.51
22.23,-82.47,32.52
22.23,-82.45,32.51
22.23,-82.43,32.49
22.23,-82.41,32.46
22.23,-82.39,32.42
22.23,-82.37,32.43
22.23,-82.35,32.43
22.23,-82.33,32.42
22.23,-82.31,32.41
22.23,-82.29,32.39
22.23,-82.27,32.38
22.23,-82.25,32.39
22.23,-82.23,32.38
22.23,-82.21,32.32
22.23,-82.19,32.31
22.23,-82.17,32.25
22.23,-82.15,32.19
22.23,-82.13,32.37
22.23,-82.11,32.24
22.23,-82.09,32.17
22.23,-82.07,32.12
22.23,-82.05,32.09
22.23,-82.03,32.09
22.23,-82.01,31.99
22.23,-81.19,31.14
22.23,-81.17,31.15
22.23,-78.21,31.08
22.23,-78.19,31.25
22.23,-78.17,31.31
22.23,-78.15,31.35
22.23,-78.13,31.55
22.23,-78.11,31.93
22.23,-78.07,32.2
22.23,-78.05,32.95
22.23,-77.97,31.29
22.23,-77.95,31.95
22.23,-77.91,31.17
22.23,-77.89,31.25
22.23,-77.87,30.8
22.23,-77.85,31.17
22.23,-77.79,30.35
22.23,-77.77,30.06
22.23,-77.75,29.98
22.23,-77.73,29.9
22.23,-77.71,29.72
22.23,-77.69,29.43
22.23,-77.67,29.0
22.23,-77.65,29.36
22.23,-77.63,29.51
22.23,-77.61,29.51
22.23,-77.41,29.62
22.23,-77.39,29.66
22.23,-77.37,29.67
22.23,-77.35,29.71
22.23,-77.33,29.68
22.23,-77.29,29.42
22.23,-77.27,29.3
22.23,-77.25,29.61
22.23,-77.23,29.64
22.23,-77.21,29.65
22.23,-77.19,29.68
22.23,-77.17,29.65
22.23,-77.15,29.51
22.23,-77.13,29.59
22.23,-77.11,29.56
22.23,-77.09,29.59
22.23,-77.07,29.59
22.23,-77.05,29.53
22.23,-77.03,29.52
22.23,-77.01,29.49
22.23,-76.99,29.54
22.23,-76.97,29.55
22.23,-76.95,29.58
22.23,-76.93,29.59
22.23,-76.91,29.54
22.23,-76.89,29.55
22.23,-76.87,29.6
22.23,-76.85,29.48
22.23,-76.83,29.31
22.23,-76.81,29.19
22.23,-76.79,29.44
22.23,-76.77,29.49
22.23,-76.75,29.54
22.23,-76.73,29.63
22.23,-76.71,29.69
22.23,-76.69,29.72
22.23,-76.67,29.84
22.23,-76.65,29.84
22.23,-76.63,29.82
22.23,-76.61,29.82
22.23,-76.59,29.86
22.23,-76.57,29.88
22.23,-76.55,29.8
22.23,-76.53,29.73
22.23,-76.51,29.76
22.23,-76.49,29.67
22.23,-76.47,29.71
22.23,-76.45,29.73
22.21,-83.15,31.91
22.21,-83.03,32.39
22.21,-83.01,32.49
22.21,-82.99,32.44
22.21,-82.97,32.33
22.21,-82.95,32.34
22.21,-82.93,32.41
22.21,-82.91,32.39
22.21,-82.89,32.32
22.21,-82.87,32.21
22.21,-82.85,32.18
22.21,-82.83,32.25
22.21,-82.81,32.31
22.21,-82.79,32.26
22.21,-82.77,32.22
22.21,-82.75,32.17
22.21,-82.73,32.19
22.21,-82.71,32.26
22.21,-82.69,32.33
22.21,-82.67,32.31
22.21,-82.65,32.36
22.21,-82.63,32.37
22.21,-82.61,32.46
22.21,-82.59,32.53
22.21,-82.57,32.56
22.21,-82.55,32.57
22.21,-82.53,32.51
22.21,-82.51,32.52
22.21,-82.45,32.53
22.21,-82.43,32.54
22.21,-82.41,32.49
22.21,-82.39,32.43
22.21,-82.37,32.47
22.21,-82.35,32.44
22.21,-82.33,32.43
22.21,-82.31,32.43
22.21,-82.29,32.42
22.21,-82.27,32.38
22.21,-82.25,32.42
22.21,-82.23,32.4
22.21,-82.21,32.28
22.21,-82.19,32.3
22.21,-82.17,32.27
22.21,-82.15,32.21
22.21,-82.13,32.28
22.21,-82.11,32.27
22.21,-82.09,32.15
22.21,-82.07,32.09
22.21,-82.05,32.14
22.21,-82.03,32.09
22.21,-82.01,32.08
22.21,-81.99,32.03
22.21,-81.97,31.98
22.21,-81.87,31.73
22.21,-81.19,31.39
22.21,-81.17,31.29
22.21,-81.15,31.21
22.21,-78.23,31.21
22.21,-78.21,31.32
22.21,-78.19,31.39
22.21,-78.17,31.35
22.21,-78.15,31.39
22.21,-78.13,31.44
22.21,-78.11,31.82
22.21,-78.09,32.82
22.21,-78.05,33.33
22.21,-77.85,30.94
22.21,-77.83,31.07
22.21,-77.81,31.18
22.21,-77.79,30.5
22.21,-77.77,30.38
22.21,-77.75,30.15
22.21,-77.73,30.08
22.21,-77.71,29.82
22.21,-77.69,29.53
22.21,-77.67,29.0
22.21,-77.65,29.01
22.21,-77.63,29.38
22.21,-77.61,29.41
22.21,-77.59,29.47
22.21,-77.39,29.7
22.21,-77.37,29.69
22.21,-77.35,29.69
22.21,-77.29,29.26
22.21,-77.27,29.22
22.21,-77.25,29.54
22.21,-77.23,29.63
22.21,-77.21,29.64
22.21,-77.19,29.64
22.21,-77.17,29.71
22.21,-77.15,29.59
22.21,-77.13,29.56
22.21,-77.11,29.54
22.21,-77.09,29.52
22.21,-77.07,29.46
22.21,-77.05,29.5
22.21,-77.03,29.41
22.21,-77.01,29.54
22.21,-76.99,29.53
22.21,-76.97,29.47
22.21,-76.95,29.52
22.21,-76.93,29.51
22.21,-76.91,29.52
22.21,-76.89,29.54
22.21,-76.87,29.56
22.21,-76.85,29.54
22.21,-76.83,29.41
22.21,-76.81,29.29
22.21,-76.79,29.41
22.21,-76.77,29.38
22.21,-76.75,29.45
22.21,-76.73,29.6
22.21,-76.71,29.6
22.21,-76.69,29.54
22.21,-76.67,29.72
22.21,-76.65,29.78
22.21,-76.63,29.74
22.21,-76.61,29.78
22.21,-76.59,29.81
22.21,-76.57,29.91
22.21,-76.55,29.86
22.21,-76.53,29.74
22.21,-76.51,29.74
22.21,-76.49,29.74
22.21,-76.47,29.74
22.21,-76.45,29.73
22.21,-76.43,29.72
22.21,-76.41,29.69
22.21,-76.39,29.6
22.19,-83.03,32.42
22.19,-83.01,32.5
22.19,-82.99,32.45
22.19,-82.97,32.33
22.19,-82.95,32.39
22.19,-82.93,32.4
22.19,-82.91,32.31
22.19,-82.89,32.22
22.19,-82.87,32.16
22.19,-82.85,32.16
22.19,-82.83,32.3
22.19,-82.81,32.38
22.19,-82.79,32.31
22.19,-82.77,32.24
22.19,-82.75,32.2
22.19,-82.73,32.2
22.19,-82.71,32.29
22.19,-82.69,32.35
22.19,-82.67,32.36
22.19,-82.65,32.38
22.19,-82.63,32.43
22.19,-82.57,32.54
22.19,-82.45,32.61
22.19,-82.43,32.59
22.19,-82.41,32.56
22.19,-82.39,32.51
22.19,-82.37,32.53
22.19,-82.35,32.52
22.19,-82.33,32.51
22.19,-82.31,32.51
22.19,-82.29,32.46
22.19,-82.27,32.44
22.19,-82.25,32.47
22.19,-82.23,32.39
22.19,-82.21,32.31
22.19,-82.19,32.29
22.19,-82.17,32.28
22.19,-82.15,32.33
22.19,-82.13,32.24
22.19,-82.11,32.21
22.19,-82.09,32.16
22.19,-82.07,32.11
22.19,-82.05,32.09
22.19,-82.03,32.05
22.19,-82.01,32.04
22.19,-81.99,31.99
22.19,-81.97,31.95
22.19,-81.95,31.87
22.19,-81.93,31.86
22.19,-81.89,31.64
22.19,-81.87,31.73
22.19,-81.85,31.8
22.19,-81.83,31.9
22.19,-81.73,32.37
22.19,-81.71,32.39
22.19,-81.67,32.56
22.19,-81.65,32.57
22.19,-81.53,32.22
22.19,-81.51,32.08
22.19,-81.49,32.01
22.19,-81.19,31.41
22.19,-81.17,31.35
22.19,-81.15,31.23
22.19,-78.23,31.56
22.19,-78.21,31.39
22.19,-78.19,31.44
22.19,-78.17,31.43
22.19,-78.15,31.45
22.19,-78.13,31.48
22.19,-78.11,31.54
22.19,-78.09,32.94
22.19,-78.07,33.99
22.19,-77.85,30.73
22.19,-77.83,30.8
22.19,-77.81,30.77
22.19,-77.79,31.1
22.19,-77.75,30.27
22.19,-77.73,30.04
22.19,-77.71,29.81
22.19,-77.69,29.33
22.19,-77.67,29.37
22.19,-77.65,29.39
22.19,-77.63,29.28
22.19,-77.61,29.28
22.19,-77.39,29.68
22.19,-77.37,29.7
22.19,-77.29,29.2
22.19,-77.27,29.37
22.19,-77.25,29.55
22.19,-77.23,29.69
22.19,-77.21,29.61
22.19,-77.19,29.67
22.19,-77.17,29.78
22.19,-77.15,29.71
22.19,-77.13,29.65
22.19,-77.11,29.58
22.19,-77.09,29.47
22.19,-77.07,29.44
22.19,-77.05,29.41
22.19,-77.03,29.44
22.19,-77.01,29.57
22.19,-76.99,29.47
22.19,-76.97,29.43
22.19,-76.95,29.49
22.19,-76.93,29.53
22.19,-76.91,29.54
22.19,-76.89,29.49
22.19,-76.87,29.41
22.19,-76.85,29.5
22.19,-76.83,29.49
22.19,-76.81,29.29
22.19,-76.79,29.2
22.19,-76.77,29.29
22.19,-76.75,29.45
22.19,-76.73,29.55
22.19,-76.71,29.59
22.19,-76.69,29.45
22.19,-76.67,29.43
22.19,-76.65,29.6
22.19,-76.63,29.73
22.19,-76.61,29.67
22.19,-76.59,29.75
22.19,-76.57,29.89
22.19,-76.55,29.89
22.19,-76.53,29.74
22.19,-76.51,29.74
22.19,-76.49,29.67
22.19,-76.47,29.73
22.19,-76.45,29.74
22.19,-76.43,29.77
22.19,-76.41,29.77
22.19,-76.39,29.64
22.17,-83.09,32.36
22.17,-83.07,32.39
22.17,-83.05,32.38
22.17,-83.01,32.44
22.17,-82.99,32.4
22.17,-82.97,32.35
22.17,-82.95,32.35
22.17,-82.93,32.31
22.17,-82.91,32.3
22.17,-82.89,32.25
22.17,-82.87,32.2
22.17,-82.85,32.18
22.17,-82.83,32.27
22.17,-82.81,32.33
22.17,-82.79,32.33
22.17,-82.77,32.3
22.17,-82.75,32.25
22.17,-82.73,32.25
22.17,-82.71,32.25
22.17,-82.69,32.3
22.17,-82.67,32.36
22.17,-82.65,32.38
22.17,-82.63,32.4
22.17,-82.61,32.39
22.17,-82.43,32.61
22.17,-82.41,32.6
22.17,-82.39,32.6
22.17,-82.37,32.6
22.17,-82.35,32.6
22.17,-82.33,32.59
22.17,-82.31,32.56
22.17,-82.29,32.54
22.17,-82.27,32.5
22.17,-82.25,32.47
22.17,-82.23,32.43
22.17,-82.21,32.41
22.17,-82.19,32.39
22.17,-82.17,32.29
22.17,-82.15,32.29
22.17,-82.13,32.24
22.17,-82.11,32.15
22.17,-82.09,32.16
22.17,-82.07,32.11
22.17,-82.05,32.06
22.17,-82.03,32.07
22.17,-82.01,31.99
22.17,-81.99,31.95
22.17,-81.97,31.92
22.17,-81.95,31.82
22.17,-81.93,31.79
22.17,-81.91,31.64
22.17,-81.89,31.61
22.17,-81.87,31.65
22.17,-81.85,31.86
22.17,-81.83,31.9
22.17,-81.81,32.07
22.17,-81.79,32.32
22.17,-81.77,32.26
22.17,-81.75,32.22
22.17,-81.73,32.24
22.17,-81.69,32.32
22.17,-81.61,31.87
22.17,-81.59,31.85
22.17,-81.57,32.02
22.17,-81.55,32.31
22.17,-81.53,32.32
22.17,-81.51,32.08
22.17,-81.49,31.99
22.17,-81.47,32.07
22.17,-81.45,32.1
22.17,-81.43,32.18
22.17,-81.41,32.44
22.17,-81.19,31.49
22.17,-81.17,31.35
22.17,-81.15,31.31
22.17,-78.25,31.82
22.17,-78.21,31.1
22.17,-78.19,31.59
22.17,-78.17,31.58
22.17,-78.15,31.66
22.17,-78.13,31.54
22.17,-78.11,31.54
22.17,-78.09,31.68
22.17,-77.87,31.32
22.17,-77.83,31.03
22.17,-77.79,31.58
22.17,-77.77,31.86
22.17,-77.73,30.62
22.17,-77.71,29.86
22.17,-77.69,29.56
22.17,-77.67,29.49
22.17,-77.61,29.18
22.17,-77.39,29.67
22.17,-77.29,29.36
22.17,-77.27,29.5
22.17,-77.25,29.54
22.17,-77.23,29.6
22.17,-77.21,29.52
22.17,-77.19,29.61
22.17,-77.17,29.66
22.17,-77.15,29.67
22.17,-77.13,29.65
22.17,-77.11,29.66
22.17,-77.09,29.57
22.17,-77.07,29.52
22.17,-77.05,29.39
22.17,-77.03,29.35
22.17,-77.01,29.41
22.17,-76.99,29.4
22.17,-76.97,29.42
22.17,-76.95,29.49
22.17,-76.93,29.53
22.17,-76.91,29.51
22.17,-76.89,29.49
22.17,-76.87,29.37
22.17,-76.85,29.44
22.17,-76.83,29.34
22.17,-76.81,29.31
22.17,-76.79,29.27
22.17,-76.77,29.33
22.17,-76.75,29.43
22.17,-76.73,29.49
22.17,-76.71,29.53
22.17,-76.69,29.48
22.17,-76.67,29.39
22.17,-76.65,29.45
22.17,-76.63,29.58
22.17,-76.61,29.61
22.17,-76.59,29.68
22.17,-76.57,29.84
22.17,-76.55,29.81
22.17,-76.53,29.76
22.17,-76.51,29.73
22.17,-76.49,29.68
22.17,-76.47,29.66
22.17,-76.45,29.74
22.17,-76.43,29.76
22.17,-76.41,29.7
22.17,-76.39,29.6
22.15,-83.09,31.96
22.15,-83.07,32.26
22.15,-83.05,32.26
22.15,-83.01,32.25
22.15,-82.99,32.24
22.15,-82.97,32.22
22.15,-82.95,32.2
22.15,-82.93,32.25
22.15,-82.91,32.27
22.15,-82.89,32.22
22.15,-82.87,32.18
22.15,-82.85,32.23
22.15,-82.83,32.28
22.15,-82.81,32.33
22.15,-82.79,32.36
22.15,-82.77,32.34
22.15,-82.75,32.31
22.15,-82.73,32.28
22.15,-82.71,32.28
22.15,-82.69,32.3
22.15,-82.67,32.33
22.15,-82.65,32.34
22.15,-82.63,32.38
22.15,-82.43,32.65
22.15,-82.41,32.64
22.15,-82.39,32.63
22.15,-82.37,32.63
22.15,-82.35,32.67
22.15,-82.33,32.63
22.15,-82.31,32.59
22.15,-82.29,32.57
22.15,-82.27,32.51
22.15,-82.25,32.5
22.15,-82.23,32.48
22.15,-82.21,32.46
22.15,-82.19,32.46
22.15,-82.17,32.32
22.15,-82.15,32.29
22.15,-82.13,32.28
22.15,-82.11,32.22
22.15,-82.09,32.18
22.15,-82.07,32.15
22.15,-82.05,32.06
22.15,-82.03,32.08
22.15,-82.01,32.02
22.15,-81.99,31.95
22.15,-81.97,31.92
22.15,-81.95,31.84
22.15,-81.93,31.76
22.15,-81.91,31.78
22.15,-81.89,31.92
22.15,-81.87,32.03
22.15,-81.85,32.11
22.15,-81.83,32.02
22.15,-81.81,31.99
22.15,-81.77,32.22
22.15,-81.73,32.14
22.15,-81.71,32.25
22.15,-81.69,32.28
22.15,-81.67,32.3
22.15,-81.65,32.48
22.15,-81.59,31.86
22.15,-81.57,31.83
22.15,-81.55,31.95
22.15,-81.53,32.06
22.15,-81.51,32.08
22.15,-81.49,32.1
22.15,-81.47,32.1
22.15,-81.45,31.9
22.15,-81.43,31.97
22.15,-81.41,32.21
22.15,-81.39,32.77
22.15,-81.19,31.61
22.15,-81.17,31.38
22.15,-81.15,31.32
22.15,-78.25,31.8
22.15,-78.23,31.83
22.15,-78.21,31.59
22.15,-78.19,32.84
22.15,-78.17,31.73
22.15,-78.15,31.68
22.15,-78.13,31.73
22.15,-78.11,31.66
22.15,-78.09,31.63
22.15,-78.07,31.6
22.15,-78.05,31.63
22.15,-77.83,31.45
22.15,-77.81,30.95
22.15,-77.79,30.91
22.15,-77.77,30.79
22.15,-77.75,30.85
22.15,-77.73,30.54
22.15,-77.71,30.14
22.15,-77.69,29.67
22.15,-77.67,29.58
22.15,-77.65,29.29
22.15,-77.63,29.28
22.15,-77.35,29.66
22.15,-77.27,29.51
22.15,-77.25,29.56
22.15,-77.23,29.61
22.15,-77.21,29.55
22.15,-77.19,29.63
22.15,-77.17,29.62
22.15,-77.15,29.63
22.15,-77.13,29.61
22.15,-77.11,29.62
22.15,-77.09,29.59
22.15,-77.07,29.61
22.15,-77.05,29.51
22.15,-77.03,29.48
22.15,-77.01,29.35
22.15,-76.99,29.3
22.15,-76.97,29.4
22.15,-76.95,29.48
22.15,-76.93,29.43
22.15,-76.91,29.43
22.15,-76.89,29.43
22.15,-76.87,29.39
22.15,-76.85,29.34
22.15,-76.83,29.36
22.15,-76.79,29.34
22.15,-76.77,29.36
22.15,-76.75,29.35
22.15,-76.73,29.43
22.15,-76.71,29.56
22.15,-76.69,29.5
22.15,-76.67,29.4
22.15,-76.65,29.43
22.15,-76.63,29.54
22.15,-76.61,29.56
22.15,-76.59,29.61
22.15,-76.57,29.73
22.15,-76.55,29.71
22.15,-76.53,29.67
22.15,-76.51,29.66
22.15,-76.49,29.76
22.15,-76.47,29.75
22.15,-76.45,29.72
22.15,-76.43,29.72
22.15,-76.41,29.68
22.15,-76.39,29.54
22.15,-76.37,29.54
