lat,lon,sst
38.99,-75.13,14.55
38.99,-75.11,14.58
38.99,-75.09,14.65
38.99,-75.07,14.76
38.99,-75.05,14.81
38.99,-75.03,15.18
38.99,-75.01,15.29
38.99,-74.99,15.4
38.99,-74.97,15.77
38.99,-74.17,11.79
38.99,-74.15,11.81
38.99,-74.13,11.82
38.99,-74.11,11.83
38.99,-74.09,11.84
38.97,-75.07,14.66
38.97,-75.05,14.79
38.97,-75.03,15.19
38.97,-75.01,15.26
38.97,-74.99,15.33
38.97,-74.83,12.86
38.97,-74.17,11.87
38.97,-74.15,11.89
38.97,-74.13,11.91
38.97,-74.11,11.91
38.97,-74.09,11.92
38.95,-75.05,14.82
38.95,-75.03,15.15
38.95,-75.01,15.27
38.95,-74.99,15.3
38.95,-74.83,12.86
38.95,-74.81,12.87
38.95,-74.17,11.83
38.95,-74.15,11.89
38.95,-74.13,11.9
38.95,-74.11,11.9
38.95,-74.09,11.89
38.93,-76.29,17.77
38.93,-75.09,14.3
38.93,-75.01,14.91
38.93,-74.99,14.91
38.93,-74.97,14.92
38.93,-74.95,14.13
38.93,-74.91,13.86
38.93,-74.89,13.21
38.93,-74.87,12.84
38.93,-74.85,12.82
38.93,-74.83,12.84
38.93,-74.81,12.8
38.93,-74.71,11.93
38.93,-74.19,11.79
38.93,-74.17,11.8
38.93,-74.15,11.84
38.93,-74.13,11.81
38.93,-74.11,11.8
38.93,-74.09,11.8
38.91,-76.45,16.97
38.91,-76.43,16.84
38.91,-76.27,17.61
38.91,-75.03,14.38
38.91,-75.01,14.55
38.91,-74.99,14.63
38.91,-74.97,14.25
38.91,-74.95,14.14
38.91,-74.93,14.04
38.91,-74.91,13.92
38.91,-74.89,13.21
38.91,-74.87,12.9
38.91,-74.85,12.68
38.91,-74.83,12.44
38.91,-74.81,12.4
38.91,-74.79,12.35
38.91,-74.77,12.33
38.91,-74.71,11.9
38.91,-74.69,11.89
38.91,-74.19,11.76
38.91,-74.17,11.76
38.91,-74.15,11.77
38.91,-74.13,11.77
38.91,-74.11,11.76
38.91,-74.09,11.77
38.89,-76.49,17.07
38.89,-76.47,17.07
38.89,-76.39,16.89
38.89,-76.37,17.02
38.89,-76.25,17.29
38.89,-76.23,17.33
38.89,-76.21,17.35
38.89,-75.03,13.93
38.89,-75.01,13.94
38.89,-74.99,14.01
38.89,-74.97,14.21
38.89,-74.95,14.13
38.89,-74.93,13.94
38.89,-74.91,13.89
38.89,-74.89,13.6
38.89,-74.87,13.24
38.89,-74.85,12.67
38.89,-74.83,12.17
38.89,-74.81,12.17
38.89,-74.79,12.21
38.89,-74.77,12.08
38.89,-74.75,11.9
38.89,-74.73,11.89
38.89,-74.71,11.9
38.89,-74.63,12.16
38.89,-74.61,12.32
38.89,-74.43,12.82
38.89,-74.41,12.95
38.89,-74.39,12.96
38.89,-74.37,12.88
38.89,-74.15,11.73
38.89,-74.13,11.78
38.89,-74.11,11.81
38.89,-74.09,11.8
38.87,-76.47,17.04
38.87,-76.25,17.32
38.87,-76.23,17.36
38.87,-75.03,13.36
38.87,-75.01,13.35
38.87,-74.99,13.48
38.87,-74.97,13.76
38.87,-74.95,13.76
38.87,-74.93,13.72
38.87,-74.91,13.72
38.87,-74.89,13.61
38.87,-74.87,12.78
38.87,-74.85,12.25
38.87,-74.83,12.07
38.87,-74.81,12.0
38.87,-74.79,12.03
38.87,-74.77,11.86
38.87,-74.75,11.74
38.87,-74.63,12.26
38.87,-74.61,12.33
38.87,-74.59,12.39
38.87,-74.45,12.54
38.87,-74.43,12.63
38.87,-74.41,12.7
38.87,-74.39,12.79
38.87,-74.37,12.77
38.87,-74.15,11.72
38.87,-74.13,11.75
38.87,-74.11,11.75
38.87,-74.09,11.76
38.85,-76.47,16.98
38.85,-76.45,16.88
38.85,-75.09,13.57
38.85,-75.07,13.52
38.85,-75.01,13.56
38.85,-74.99,13.56
38.85,-74.97,13.62
38.85,-74.95,13.74
38.85,-74.93,13.69
38.85,-74.91,13.17
38.85,-74.89,12.52
38.85,-74.87,12.34
38.85,-74.85,12.15
38.85,-74.83,12.01
38.85,-74.81,11.88
38.85,-74.79,11.81
38.85,-74.77,11.64
38.85,-74.75,11.57
38.85,-74.73,11.56
38.85,-74.63,12.32
38.85,-74.61,12.36
38.85,-74.59,12.43
38.85,-74.57,12.48
38.85,-74.49,12.61
38.85,-74.47,12.63
38.85,-74.45,12.57
38.85,-74.43,12.49
38.85,-74.41,12.43
38.85,-74.39,12.58
38.85,-74.37,12.63
38.85,-74.29,12.47
38.83,-76.49,17.06
38.83,-76.47,17.17
38.83,-76.45,16.98
38.83,-75.05,13.06
38.83,-75.03,13.03
38.83,-74.97,13.14
38.83,-74.95,13.2
38.83,-74.93,13.23
38.83,-74.91,12.34
38.83,-74.89,12.06
38.83,-74.87,12.07
38.83,-74.85,12.07
38.83,-74.83,11.93
38.83,-74.81,11.8
38.83,-74.79,11.67
38.83,-74.77,11.58
38.83,-74.75,11.59
38.83,-74.73,11.88
38.83,-74.71,12.07
38.83,-74.69,12.12
38.83,-74.67,12.18
38.83,-74.59,12.43
38.83,-74.57,12.47
38.83,-74.55,12.49
38.83,-74.53,12.45
38.83,-74.51,12.45
38.83,-74.49,12.51
38.83,-74.47,12.58
38.83,-74.45,12.57
38.83,-74.43,12.5
38.83,-74.41,12.49
38.83,-74.39,12.51
38.83,-74.37,12.48
38.83,-74.35,12.45
38.83,-74.33,12.49
38.83,-74.31,12.54
38.83,-74.29,12.48
38.83,-74.27,12.44
38.81,-76.49,17.05
38.81,-76.47,17.02
38.81,-76.33,17.66
38.81,-75.07,13.45
38.81,-75.05,13.08
38.81,-75.03,13.02
38.81,-74.97,13.01
38.81,-74.95,12.81
38.81,-74.93,12.39
38.81,-74.91,12.09
38.81,-74.89,12.04
38.81,-74.87,11.97
38.81,-74.85,11.86
38.81,-74.83,11.85
38.81,-74.81,11.81
38.81,-74.79,11.64
38.81,-74.77,11.67
38.81,-74.75,11.75
38.81,-74.73,11.98
38.81,-74.71,12.15
38.81,-74.69,12.22
38.81,-74.67,12.3
38.81,-74.65,12.35
38.81,-74.63,12.36
38.81,-74.61,12.34
38.81,-74.59,12.39
38.81,-74.57,12.43
38.81,-74.55,12.45
38.81,-74.53,12.46
38.81,-74.51,12.47
38.81,-74.49,12.51
38.81,-74.47,12.52
38.81,-74.45,12.51
38.81,-74.43,12.47
38.81,-74.41,12.46
38.81,-74.39,12.49
38.81,-74.37,12.38
38.81,-74.35,12.3
38.81,-74.33,12.37
38.81,-74.31,12.36
38.81,-74.29,12.25
38.81,-74.27,12.09
38.79,-76.51,16.64
38.79,-75.07,13.33
38.79,-75.05,13.08
38.79,-75.03,12.73
38.79,-75.01,12.66
38.79,-74.99,13.01
38.79,-74.97,12.98
38.79,-74.95,12.77
38.79,-74.93,11.92
38.79,-74.91,11.87
38.79,-74.89,11.85
38.79,-74.87,11.82
38.79,-74.85,11.79
38.79,-74.83,11.75
38.79,-74.81,11.71
38.79,-74.79,11.68
38.79,-74.77,11.69
38.79,-74.75,11.75
38.79,-74.73,11.98
38.79,-74.71,12.31
38.79,-74.69,12.41
38.79,-74.67,12.35
38.79,-74.65,12.38
38.79,-74.63,12.41
38.79,-74.61,12.42
38.79,-74.59,12.44
38.79,-74.57,12.45
38.79,-74.55,12.44
38.79,-74.53,12.4
38.79,-74.51,12.41
38.79,-74.49,12.52
38.79,-74.47,12.52
38.79,-74.45,12.49
38.79,-74.43,12.44
38.79,-74.41,12.41
38.79,-74.39,12.38
38.79,-74.37,12.27
38.79,-74.35,12.27
38.79,-74.33,12.31
38.79,-74.31,12.26
38.79,-74.29,12.09
38.79,-74.27,12.03
38.79,-74.25,12.1
38.77,-76.55,16.81
38.77,-76.41,17.01
38.77,-76.39,17.03
38.77,-76.35,17.8
38.77,-75.07,13.18
38.77,-75.05,12.97
38.77,-75.03,12.75
38.77,-75.01,12.67
38.77,-74.99,12.67
38.77,-74.97,12.87
38.77,-74.95,12.46
38.77,-74.93,11.95
38.77,-74.91,11.87
38.77,-74.89,11.8
38.77,-74.85,11.77
38.77,-74.83,11.8
38.77,-74.81,11.75
38.77,-74.79,11.67
38.77,-74.77,11.73
38.77,-74.75,12.0
38.77,-74.73,12.17
38.77,-74.71,12.33
38.77,-74.69,12.39
38.77,-74.67,12.42
38.77,-74.65,12.53
38.77,-74.63,12.55
38.77,-74.61,12.51
38.77,-74.59,12.5
38.77,-74.57,12.52
38.77,-74.55,12.46
38.77,-74.53,12.41
38.77,-74.51,12.42
38.77,-74.49,12.48
38.77,-74.47,12.46
38.77,-74.45,12.41
38.77,-74.43,12.34
38.77,-74.41,12.27
38.77,-74.39,12.22
38.77,-74.37,12.24
38.77,-74.35,12.31
38.77,-74.33,12.33
38.77,-74.31,12.21
38.77,-74.29,12.11
38.77,-74.27,12.04
38.77,-74.25,12.03
38.77,-74.23,12.01
38.77,-74.21,11.7
38.77,-74.19,11.73
38.77,-74.17,11.7
38.77,-74.15,11.56
38.75,-76.55,17.08
38.75,-76.53,16.99
38.75,-76.51,16.91
38.75,-76.47,16.92
38.75,-76.45,16.87
38.75,-76.43,16.89
38.75,-76.41,17.01
38.75,-76.39,17.12
38.75,-76.35,16.89
38.75,-74.99,12.58
38.75,-74.97,12.39
38.75,-74.95,12.41
38.75,-74.93,12.21
38.75,-74.91,11.95
38.75,-74.83,11.83
38.75,-74.81,11.85
38.75,-74.79,11.84
38.75,-74.77,11.87
38.75,-74.75,12.24
38.75,-74.73,12.24
38.75,-74.71,12.33
38.75,-74.69,12.34
38.75,-74.67,12.42
38.75,-74.65,12.57
38.75,-74.63,12.57
38.75,-74.61,12.57
38.75,-74.59,12.48
38.75,-74.57,12.48
38.75,-74.55,12.47
38.75,-74.53,12.45
38.75,-74.51,12.42
38.75,-74.49,12.4
38.75,-74.47,12.36
38.75,-74.45,12.22
38.75,-74.43,12.17
38.75,-74.41,12.19
38.75,-74.39,12.17
38.75,-74.37,12.19
38.75,-74.35,12.21
38.75,-74.33,12.32
38.75,-74.31,12.33
38.75,-74.29,12.29
38.75,-74.27,12.04
38.75,-74.25,11.89
38.75,-74.23,11.92
38.75,-74.21,11.78
38.75,-74.19,11.72
38.75,-74.17,11.61
38.75,-74.15,11.63
38.75,-74.13,11.65
38.75,-74.11,11.63
38.75,-74.09,11.63
38.75,-74.07,11.79
38.73,-76.53,17.14
38.73,-76.51,17.03
38.73,-76.49,16.97
38.73,-76.45,16.88
38.73,-76.43,16.87
38.73,-76.41,16.95
38.73,-76.39,16.99
38.73,-76.37,17.0
38.73,-76.35,17.25
38.73,-76.25,18.13
38.73,-75.01,12.63
38.73,-74.97,12.19
38.73,-74.95,12.19
38.73,-74.93,12.06
38.73,-74.91,11.9
38.73,-74.85,11.82
38.73,-74.83,11.86
38.73,-74.81,12.05
38.73,-74.79,12.24
38.73,-74.77,12.22
38.73,-74.75,12.22
38.73,-74.73,12.22
38.73,-74.71,12.23
38.73,-74.69,12.29
38.73,-74.67,12.42
38.73,-74.65,12.58
38.73,-74.63,12.62
38.73,-74.61,12.63
38.73,-74.59,12.57
38.73,-74.57,12.46
38.73,-74.55,12.37
38.73,-74.53,12.35
38.73,-74.51,12.34
38.73,-74.49,12.31
38.73,-74.47,12.23
38.73,-74.45,12.17
38.73,-74.43,12.14
38.73,-74.41,12.13
38.73,-74.39,12.13
38.73,-74.37,12.15
38.73,-74.35,12.13
38.73,-74.33,12.15
38.73,-74.31,12.22
38.73,-74.29,12.18
38.73,-74.27,12.01
38.73,-74.25,11.93
38.73,-74.23,11.92
38.73,-74.21,11.9
38.73,-74.19,11.77
38.73,-74.17,11.67
38.73,-74.15,11.68
38.73,-74.13,11.72
38.73,-74.11,11.72
38.73,-74.09,11.72
38.73,-74.07,11.78
38.71,-76.51,17.04
38.71,-76.45,16.79
38.71,-76.43,16.86
38.71,-76.41,17.02
38.71,-76.39,17.01
38.71,-76.37,17.07
38.71,-76.35,17.26
38.71,-76.31,17.77
38.71,-76.29,17.82
38.71,-76.27,17.93
38.71,-76.25,18.07
38.71,-74.95,12.1
38.71,-74.93,12.04
38.71,-74.91,11.88
38.71,-74.89,11.83
38.71,-74.87,11.86
38.71,-74.85,11.87
38.71,-74.83,12.11
38.71,-74.81,12.11
38.71,-74.79,12.45
38.71,-74.77,12.35
38.71,-74.75,12.14
38.71,-74.73,12.15
38.71,-74.71,12.26
38.71,-74.69,12.45
38.71,-74.67,12.54
38.71,-74.65,12.68
38.71,-74.63,12.66
38.71,-74.61,12.6
38.71,-74.59,12.58
38.71,-74.57,12.53
38.71,-74.55,12.38
38.71,-74.53,12.34
38.71,-74.51,12.27
38.71,-74.49,12.18
38.71,-74.47,12.1
38.71,-74.45,12.07
38.71,-74.43,12.03
38.71,-74.41,12.02
38.71,-74.39,12.02
38.71,-74.37,11.99
38.71,-74.35,12.08
38.71,-74.33,12.14
38.71,-74.31,12.18
38.71,-74.29,12.12
38.71,-74.27,12.06
38.71,-74.25,11.95
38.71,-74.23,11.93
38.71,-74.21,11.92
38.71,-74.19,11.79
38.71,-74.17,11.77
38.71,-74.15,11.72
38.71,-74.13,11.73
38.71,-74.11,11.75
38.71,-74.09,11.75
38.71,-74.07,11.76
38.69,-76.51,16.95
38.69,-76.47,16.93
38.69,-76.45,16.79
38.69,-76.43,16.78
38.69,-76.41,16.79
38.69,-76.39,17.05
38.69,-76.37,17.12
38.69,-76.35,17.24
38.69,-76.27,17.51
38.69,-76.25,17.5
38.69,-76.23,17.59
38.69,-74.97,12.23
38.69,-74.95,12.18
38.69,-74.93,12.14
38.69,-74.91,12.06
38.69,-74.89,11.83
38.69,-74.85,11.88
38.69,-74.83,12.09
38.69,-74.81,12.46
38.69,-74.79,12.57
38.69,-74.77,12.51
38.69,-74.75,12.31
38.69,-74.73,12.3
38.69,-74.71,12.36
38.69,-74.69,12.48
38.69,-74.67,12.53
38.69,-74.65,12.67
38.69,-74.63,12.66
38.69,-74.61,12.58
38.69,-74.59,12.56
38.69,-74.57,12.53
38.69,-74.55,12.42
38.69,-74.53,12.29
38.69,-74.51,12.17
38.69,-74.49,12.08
38.69,-74.47,11.98
38.69,-74.45,11.96
38.69,-74.43,11.98
38.69,-74.41,12.02
38.69,-74.39,12.02
38.69,-74.37,11.99
38.69,-74.35,12.05
38.69,-74.33,12.1
38.69,-74.31,12.11
38.69,-74.29,12.15
38.69,-74.27,12.17
38.69,-74.25,12.12
38.69,-74.23,11.92
38.69,-74.21,11.93
38.69,-74.19,11.86
38.69,-74.17,11.8
38.69,-74.15,11.77
38.69,-74.13,11.78
38.69,-74.11,11.79
38.69,-74.09,11.79
38.69,-74.07,11.8
38.67,-76.51,16.93
38.67,-76.49,16.95
38.67,-76.47,16.98
38.67,-76.45,17.01
38.67,-76.43,17.07
38.67,-76.41,17.07
38.67,-76.39,17.02
38.67,-76.27,17.5
38.67,-76.25,17.62
38.67,-76.23,17.7
38.67,-76.21,17.69
38.67,-76.19,17.74
38.67,-74.85,12.18
38.67,-74.83,12.21
38.67,-74.81,12.53
38.67,-74.79,12.63
38.67,-74.77,12.5
38.67,-74.75,12.29
38.67,-74.73,12.39
38.67,-74.71,12.48
38.67,-74.69,12.49
38.67,-74.67,12.5
38.67,-74.65,12.63
38.67,-74.63,12.64
38.67,-74.61,12.61
38.67,-74.59,12.5
38.67,-74.57,12.45
38.67,-74.55,12.4
38.67,-74.53,12.3
38.67,-74.51,12.13
38.67,-74.49,12.06
38.67,-74.47,12.01
38.67,-74.45,11.96
38.67,-74.43,12.0
38.67,-74.41,12.03
38.67,-74.39,12.01
38.67,-74.37,12.02
38.67,-74.35,12.06
38.67,-74.33,12.11
38.67,-74.31,12.11
38.67,-74.29,12.11
38.67,-74.27,12.1
38.67,-74.25,12.11
38.67,-74.23,11.97
38.67,-74.21,11.87
38.67,-74.19,11.81
38.67,-74.17,11.77
38.67,-74.15,11.76
38.67,-74.13,11.77
38.67,-74.11,11.81
38.67,-74.09,11.81
38.67,-74.07,11.81
38.65,-77.21,18.82
38.65,-76.51,17.11
38.65,-76.49,16.95
38.65,-76.43,17.09
38.65,-76.41,17.1
38.65,-76.39,17.14
38.65,-76.29,17.43
38.65,-76.27,17.44
38.65,-76.25,17.65
38.65,-76.23,17.96
38.65,-76.21,17.74
38.65,-76.19,17.74
38.65,-76.17,17.7
38.65,-74.89,12.23
38.65,-74.87,12.29
38.65,-74.85,12.42
38.65,-74.83,12.5
38.65,-74.81,12.62
38.65,-74.79,12.71
38.65,-74.77,12.56
38.65,-74.75,12.4
38.65,-74.73,12.45
38.65,-74.71,12.5
38.65,-74.69,12.49
38.65,-74.67,12.5
38.65,-74.65,12.55
38.65,-74.63,12.53
38.65,-74.61,12.41
38.65,-74.59,12.41
38.65,-74.57,12.42
38.65,-74.55,12.36
38.65,-74.53,12.36
38.65,-74.51,12.12
38.65,-74.49,12.05
38.65,-74.47,12.04
38.65,-74.45,12.09
38.65,-74.43,12.05
38.65,-74.41,12.0
38.65,-74.39,11.98
38.65,-74.37,11.93
38.65,-74.35,12.05
38.65,-74.33,12.16
38.65,-74.31,12.15
38.65,-74.29,12.12
38.65,-74.27,12.09
38.65,-74.25,12.06
38.65,-74.23,11.97
38.65,-74.21,11.93
38.65,-74.19,11.83
38.65,-74.17,11.79
38.65,-74.15,11.77
38.65,-74.13,11.75
38.65,-74.11,11.79
38.65,-74.09,11.79
38.65,-74.07,11.79
38.63,-77.23,18.76
38.63,-76.51,17.2
38.63,-76.49,17.16
38.63,-76.47,16.85
38.63,-76.45,16.97
38.63,-76.43,17.1
38.63,-76.41,17.11
38.63,-76.39,17.17
38.63,-76.37,17.43
38.63,-76.35,17.43
38.63,-76.33,17.41
38.63,-76.31,17.44
38.63,-76.27,17.47
38.63,-76.25,17.71
38.63,-76.23,17.76
38.63,-76.21,17.75
38.63,-76.19,17.73
38.63,-76.17,17.68
38.63,-76.15,17.64
38.63,-76.13,17.64
38.63,-74.93,12.55
38.63,-74.91,12.49
38.63,-74.89,12.29
38.63,-74.87,12.39
38.63,-74.85,12.61
38.63,-74.83,12.76
38.63,-74.81,12.73
38.63,-74.79,12.78
38.63,-74.77,12.66
38.63,-74.75,12.63
38.63,-74.73,12.59
38.63,-74.71,12.55
38.63,-74.69,12.5
38.63,-74.67,12.45
38.63,-74.65,12.4
38.63,-74.63,12.35
38.63,-74.61,12.38
38.63,-74.59,12.43
38.63,-74.57,12.38
38.63,-74.55,12.32
38.63,-74.53,12.16
38.63,-74.51,12.07
38.63,-74.49,11.98
38.63,-74.47,12.03
38.63,-74.45,12.1
38.63,-74.43,12.08
38.63,-74.41,11.97
38.63,-74.39,12.03
38.63,-74.37,12.03
38.63,-74.35,12.19
38.63,-74.33,12.19
38.63,-74.31,12.17
38.63,-74.29,12.15
38.63,-74.27,12.11
38.63,-74.25,12.07
38.63,-74.23,12.1
38.63,-74.21,11.95
38.63,-74.19,11.91
38.63,-74.17,11.79
38.63,-74.15,11.76
38.63,-74.13,11.75
38.63,-74.11,11.72
38.63,-74.09,11.7
38.63,-74.07,11.69
38.61,-77.25,18.74
38.61,-77.23,18.74
38.61,-77.21,18.73
38.61,-76.51,17.18
38.61,-76.49,17.04
38.61,-76.47,16.98
38.61,-76.45,16.99
38.61,-76.43,17.07
38.61,-76.41,17.1
38.61,-76.39,17.19
38.61,-76.37,17.42
38.61,-76.35,17.59
38.61,-76.33,17.47
38.61,-76.31,17.49
38.61,-76.29,17.6
38.61,-76.21,17.78
38.61,-76.15,17.7
38.61,-76.13,17.71
38.61,-76.11,18.09
38.61,-76.09,18.31
38.61,-74.91,12.55
38.61,-74.89,12.55
38.61,-74.87,12.66
38.61,-74.85,13.01
38.61,-74.83,12.94
38.61,-74.81,12.88
38.61,-74.79,12.76
38.61,-74.77,12.64
38.61,-74.75,12.61
38.61,-74.73,12.64
38.61,-74.71,12.65
38.61,-74.69,12.58
38.61,-74.67,12.47
38.61,-74.65,12.39
38.61,-74.63,12.37
38.61,-74.61,12.37
38.61,-74.59,12.32
38.61,-74.57,12.27
38.61,-74.55,12.17
38.61,-74.53,12.11
38.61,-74.51,12.05
38.61,-74.49,12.0
38.61,-74.47,11.99
38.61,-74.45,12.04
38.61,-74.43,12.02
38.61,-74.41,11.99
38.61,-74.39,12.0
38.61,-74.37,12.08
38.61,-74.35,12.19
38.61,-74.33,12.23
38.61,-74.31,12.21
38.61,-74.29,12.18
38.61,-74.27,12.17
38.61,-74.25,12.15
38.61,-74.23,12.1
38.61,-74.21,12.01
38.61,-74.19,11.95
38.61,-74.17,11.88
38.61,-74.15,11.83
38.61,-74.13,11.76
38.61,-74.11,11.67
38.61,-74.09,11.66
38.61,-74.07,11.65
38.59,-77.25,18.65
38.59,-77.23,18.73
38.59,-77.21,18.84
38.59,-76.51,16.85
38.59,-76.49,16.84
38.59,-76.47,16.87
38.59,-76.45,16.94
38.59,-76.39,17.34
38.59,-76.37,18.07
38.59,-76.35,17.94
38.59,-76.33,17.82
38.59,-76.31,17.79
38.59,-76.29,17.79
38.59,-76.27,17.8
38.59,-76.11,18.2
38.59,-76.07,18.27
38.59,-76.05,18.34
38.59,-74.89,12.66
38.59,-74.87,12.97
38.59,-74.85,13.12
38.59,-74.83,12.99
38.59,-74.81,12.88
38.59,-74.79,12.63
38.59,-74.77,12.58
38.59,-74.75,12.62
38.59,-74.73,12.67
38.59,-74.71,12.62
38.59,-74.69,12.54
38.59,-74.67,12.45
38.59,-74.65,12.38
38.59,-74.63,12.37
38.59,-74.61,12.29
38.59,-74.59,12.22
38.59,-74.57,12.15
38.59,-74.55,12.1
38.59,-74.53,12.05
38.59,-74.51,12.0
38.59,-74.49,12.0
38.59,-74.47,11.95
38.59,-74.45,11.96
38.59,-74.43,12.04
38.59,-74.41,12.05
38.59,-74.39,12.06
38.59,-74.37,12.16
38.59,-74.35,12.26
38.59,-74.33,12.27
38.59,-74.31,12.25
38.59,-74.29,12.17
38.59,-74.27,12.14
38.59,-74.25,12.12
38.59,-74.23,12.09
38.59,-74.21,12.04
38.59,-74.19,11.98
38.59,-74.17,11.94
38.59,-74.15,11.89
38.59,-74.13,11.78
38.59,-74.11,11.67
38.59,-74.09,11.7
38.59,-74.07,11.71
38.57,-77.25,18.87
38.57,-77.23,18.91
38.57,-76.51,16.84
38.57,-76.49,16.84
38.57,-76.37,18.27
38.57,-76.35,18.27
38.57,-76.33,18.54
38.57,-76.31,18.18
38.57,-76.05,18.35
38.57,-76.03,18.36
38.57,-74.93,12.92
38.57,-74.91,12.99
38.57,-74.89,12.98
38.57,-74.87,13.0
38.57,-74.85,13.02
38.57,-74.83,12.82
38.57,-74.81,12.58
38.57,-74.79,12.63
38.57,-74.77,12.61
38.57,-74.75,12.6
38.57,-74.73,12.61
38.57,-74.71,12.61
38.57,-74.69,12.45
38.57,-74.67,12.32
38.57,-74.65,12.31
38.57,-74.63,12.3
38.57,-74.61,12.24
38.57,-74.59,12.16
38.57,-74.57,12.1
38.57,-74.55,12.03
38.57,-74.53,11.97
38.57,-74.51,11.95
38.57,-74.49,11.96
38.57,-74.47,11.96
38.57,-74.45,12.02
38.57,-74.43,12.07
38.57,-74.41,12.13
38.57,-74.39,12.2
38.57,-74.37,12.24
38.57,-74.35,12.24
38.57,-74.33,12.19
38.57,-74.31,12.15
38.57,-74.29,12.1
38.57,-74.27,12.14
38.57,-74.25,12.16
38.57,-74.23,12.09
38.57,-74.21,12.11
38.57,-74.19,12.0
38.57,-74.17,11.94
38.57,-74.15,11.82
38.57,-74.13,11.79
38.57,-74.11,11.79
38.57,-74.09,11.8
38.57,-74.07,11.82
38.55,-77.27,19.08
38.55,-77.25,19.01
38.55,-76.35,19.02
38.55,-76.33,19.02
38.55,-76.31,18.43
38.55,-76.29,18.79
38.55,-74.93,12.9
38.55,-74.91,12.95
38.55,-74.89,12.91
38.55,-74.87,12.78
38.55,-74.85,12.74
38.55,-74.83,12.78
38.55,-74.81,12.7
38.55,-74.79,12.7
38.55,-74.77,12.73
38.55,-74.75,12.65
38.55,-74.73,12.56
38.55,-74.71,12.36
38.55,-74.69,12.26
38.55,-74.67,12.2
38.55,-74.65,12.27
38.55,-74.63,12.3
38.55,-74.61,12.18
38.55,-74.59,12.09
38.55,-74.57,12.09
38.55,-74.55,12.05
38.55,-74.53,11.98
38.55,-74.51,11.98
38.55,-74.49,12.0
38.55,-74.47,12.07
38.55,-74.45,12.1
38.55,-74.43,12.1
38.55,-74.41,12.14
38.55,-74.39,12.12
38.55,-74.37,12.11
38.55,-74.35,12.13
38.55,-74.33,12.18
38.55,-74.31,12.14
38.55,-74.29,12.05
38.55,-74.27,12.03
38.55,-74.25,12.01
38.55,-74.23,12.06
38.55,-74.21,12.09
38.55,-74.19,12.02
38.55,-74.17,11.91
38.55,-74.15,11.84
38.55,-74.13,11.86
38.55,-74.11,11.89
38.55,-74.09,11.91
38.55,-74.07,11.91
38.53,-77.27,19.12
38.53,-76.51,17.34
38.53,-76.37,18.84
38.53,-76.35,18.9
38.53,-76.33,19.34
38.53,-76.31,18.97
38.53,-76.29,19.01
38.53,-76.25,18.76
38.53,-76.23,18.25
38.53,-74.93,12.83
38.53,-74.91,12.83
38.53,-74.89,12.71
38.53,-74.87,12.68
38.53,-74.85,12.74
38.53,-74.83,12.77
38.53,-74.81,12.75
38.53,-74.79,12.73
38.53,-74.77,12.7
38.53,-74.75,12.63
38.53,-74.73,12.55
38.53,-74.71,12.4
38.53,-74.69,12.32
38.53,-74.67,12.26
38.53,-74.65,12.23
38.53,-74.63,12.14
38.53,-74.61,11.96
38.53,-74.59,11.94
38.53,-74.57,12.02
38.53,-74.55,12.03
38.53,-74.53,12.02
38.53,-74.51,12.09
38.53,-74.49,12.17
38.53,-74.47,12.13
38.53,-74.45,12.09
38.53,-74.43,12.12
38.53,-74.41,12.18
38.53,-74.39,12.12
38.53,-74.37,12.12
38.53,-74.35,12.18
38.53,-74.33,12.22
38.53,-74.31,12.11
38.53,-74.29,11.93
38.53,-74.27,11.92
38.53,-74.25,11.96
38.53,-74.23,12.07
38.53,-74.21,12.07
38.53,-74.19,12.02
38.53,-74.17,11.98
38.53,-74.15,11.88
38.53,-74.13,11.84
38.53,-74.11,11.83
38.53,-74.09,11.82
38.53,-74.07,11.85
38.53,-74.05,11.83
38.51,-77.29,19.19
38.51,-77.27,19.17
38.51,-76.49,17.17
38.51,-76.41,18.21
38.51,-76.39,18.21
38.51,-76.37,18.69
38.51,-76.35,18.77
38.51,-76.33,18.85
38.51,-76.31,19.37
38.51,-76.29,19.27
38.51,-74.89,12.68
38.51,-74.87,12.57
38.51,-74.85,12.6
38.51,-74.83,12.65
38.51,-74.81,12.66
38.51,-74.79,12.62
38.51,-74.77,12.57
38.51,-74.75,12.45
38.51,-74.73,12.45
38.51,-74.71,12.43
38.51,-74.69,12.38
38.51,-74.67,12.28
38.51,-74.65,12.15
38.51,-74.63,12.03
38.51,-74.61,11.96
38.51,-74.59,11.96
38.51,-74.57,12.0
38.51,-74.55,12.04
38.51,-74.53,12.06
38.51,-74.51,12.15
38.51,-74.49,12.2
38.51,-74.47,12.18
38.51,-74.45,12.15
38.51,-74.43,12.14
38.51,-74.41,12.17
38.51,-74.39,12.13
38.51,-74.37,12.14
38.51,-74.35,12.13
38.51,-74.33,12.12
38.51,-74.31,11.96
38.51,-74.29,11.72
38.51,-74.27,11.7
38.51,-74.25,11.73
38.51,-74.23,11.87
38.51,-74.21,12.02
38.51,-74.19,12.02
38.51,-74.17,12.0
38.51,-74.15,11.9
38.51,-74.13,11.84
38.51,-74.11,11.74
38.51,-74.09,11.71
38.51,-74.07,11.71
38.51,-74.05,11.82
38.49,-77.31,19.13
38.49,-77.29,19.13
38.49,-76.39,18.18
38.49,-76.37,18.46
38.49,-76.35,18.49
38.49,-74.89,12.72
38.49,-74.87,12.69
38.49,-74.85,12.65
38.49,-74.83,12.61
38.49,-74.81,12.56
38.49,-74.79,12.53
38.49,-74.77,12.46
38.49,-74.75,12.42
38.49,-74.73,12.4
38.49,-74.71,12.39
38.49,-74.69,12.34
38.49,-74.67,12.18
38.49,-74.65,12.06
38.49,-74.63,11.99
38.49,-74.61,11.96
38.49,-74.59,11.98
38.49,-74.57,12.01
38.49,-74.55,12.05
38.49,-74.53,12.1
38.49,-74.51,12.21
38.49,-74.49,12.22
38.49,-74.47,12.2
38.49,-74.45,12.18
38.49,-74.43,12.17
38.49,-74.41,12.21
38.49,-74.39,12.12
38.49,-74.37,12.1
38.49,-74.35,12.08
38.49,-74.33,12.03
38.49,-74.31,11.83
38.49,-74.29,11.75
38.49,-74.27,11.81
38.49,-74.25,11.59
38.49,-74.23,11.59
38.49,-74.21,11.74
38.49,-74.19,11.87
38.49,-74.17,11.88
38.49,-74.15,11.8
38.49,-74.13,11.79
38.49,-74.11,11.79
38.49,-74.09,11.77
38.49,-74.07,11.73
38.49,-74.05,11.74
38.47,-77.31,18.99
38.47,-77.29,19.04
38.47,-76.45,17.09
38.47,-76.41,17.03
38.47,-76.39,17.79
38.47,-76.37,18.04
38.47,-76.35,17.99
38.47,-74.85,12.59
38.47,-74.83,12.54
38.47,-74.81,12.48
38.47,-74.79,12.5
38.47,-74.77,12.46
38.47,-74.75,12.43
38.47,-74.73,12.41
38.47,-74.71,12.38
38.47,-74.69,12.25
38.47,-74.67,12.16
38.47,-74.65,12.07
38.47,-74.63,12.03
38.47,-74.61,12.0
38.47,-74.59,11.97
38.47,-74.57,11.98
38.47,-74.55,12.09
38.47,-74.53,12.17
38.47,-74.51,12.23
38.47,-74.49,12.19
38.47,-74.47,12.18
38.47,-74.45,12.17
38.47,-74.43,12.17
38.47,-74.41,12.19
38.47,-74.39,12.08
38.47,-74.37,12.08
38.47,-74.35,12.07
38.47,-74.33,12.02
38.47,-74.31,11.93
38.47,-74.29,11.81
38.47,-74.27,11.87
38.47,-74.25,11.85
38.47,-74.23,11.63
38.47,-74.21,11.59
38.47,-74.19,11.59
38.47,-74.17,11.62
38.47,-74.15,11.68
38.47,-74.13,11.73
38.47,-74.11,11.74
38.47,-74.09,11.72
38.47,-74.07,11.64
38.47,-74.05,11.57
38.45,-77.31,18.97
38.45,-77.29,19.09
38.45,-77.27,19.18
38.45,-77.03,18.4
38.45,-76.43,17.01
38.45,-76.41,17.05
38.45,-76.39,17.53
38.45,-76.37,17.7
38.45,-76.35,17.73
38.45,-76.33,18.09
38.45,-74.87,12.62
38.45,-74.85,12.58
38.45,-74.83,12.54
38.45,-74.81,12.48
38.45,-74.79,12.48
38.45,-74.77,12.38
38.45,-74.75,12.38
38.45,-74.73,12.34
38.45,-74.71,12.32
38.45,-74.69,12.23
38.45,-74.67,12.15
38.45,-74.65,12.05
38.45,-74.63,11.99
38.45,-74.61,11.97
38.45,-74.59,12.07
38.45,-74.57,12.11
38.45,-74.55,12.17
38.45,-74.53,12.26
38.45,-74.51,12.17
38.45,-74.49,12.13
38.45,-74.47,12.13
38.45,-74.45,12.11
38.45,-74.43,12.07
38.45,-74.41,12.08
38.45,-74.39,12.06
38.45,-74.37,12.05
38.45,-74.35,12.07
38.45,-74.33,12.02
38.45,-74.31,11.94
38.45,-74.29,11.88
38.45,-74.27,11.87
38.45,-74.25,11.93
38.45,-74.23,11.65
38.45,-74.21,11.57
38.45,-74.19,11.6
38.45,-74.17,11.54
38.45,-74.15,11.52
38.45,-74.13,11.5
38.45,-74.11,11.51
38.45,-74.09,11.52
38.45,-74.07,11.52
38.45,-74.05,11.52
38.43,-77.31,18.96
38.43,-77.29,18.85
38.43,-77.27,18.88
38.43,-77.05,18.43
38.43,-77.03,18.43
38.43,-76.41,17.17
38.43,-76.39,17.12
38.43,-76.37,17.23
38.43,-76.35,17.74
38.43,-76.33,18.13
38.43,-76.31,18.12
38.43,-74.89,12.84
38.43,-74.87,12.64
38.43,-74.83,12.58
38.43,-74.81,12.37
38.43,-74.79,12.33
38.43,-74.77,12.29
38.43,-74.75,12.32
38.43,-74.73,12.32
38.43,-74.71,12.26
38.43,-74.69,12.16
38.43,-74.67,12.08
38.43,-74.65,12.01
38.43,-74.63,12.02
38.43,-74.61,12.04
38.43,-74.59,12.08
38.43,-74.57,12.17
38.43,-74.55,12.16
38.43,-74.53,12.01
38.43,-74.51,11.93
38.43,-74.49,12.04
38.43,-74.47,12.1
38.43,-74.45,12.12
38.43,-74.43,12.05
38.43,-74.41,12.06
38.43,-74.39,12.07
38.43,-74.37,12.03
38.43,-74.35,11.92
38.43,-74.33,11.94
38.43,-74.31,11.93
38.43,-74.29,11.88
38.43,-74.27,11.85
38.43,-74.25,11.74
38.43,-74.23,11.73
38.43,-74.21,11.83
38.43,-74.19,11.55
38.43,-74.17,11.5
38.43,-74.15,11.46
38.43,-74.13,11.47
38.43,-74.11,11.49
38.43,-74.09,11.49
38.43,-74.07,11.49
38.43,-74.05,11.49
38.41,-77.31,18.86
38.41,-77.29,18.86
38.41,-77.27,18.87
38.41,-77.09,18.18
38.41,-77.07,18.14
38.41,-77.05,18.22
38.41,-77.03,18.19
38.41,-77.01,18.36
38.41,-76.39,17.22
38.41,-76.37,17.19
38.41,-76.35,17.21
38.41,-76.31,18.43
38.41,-76.29,18.43
38.41,-74.81,12.43
38.41,-74.79,12.28
38.41,-74.77,12.23
38.41,-74.75,12.27
38.41,-74.73,12.3
38.41,-74.71,12.2
38.41,-74.69,12.1
38.41,-74.67,12.05
38.41,-74.65,12.04
38.41,-74.63,12.06
38.41,-74.61,12.05
38.41,-74.59,12.05
38.41,-74.57,12.11
38.41,-74.55,12.07
38.41,-74.53,11.99
38.41,-74.51,11.92
38.41,-74.49,11.9
38.41,-74.47,12.04
38.41,-74.45,12.07
38.41,-74.43,12.08
38.41,-74.41,12.11
38.41,-74.39,12.12
38.41,-74.37,11.98
38.41,-74.35,11.96
38.41,-74.33,11.97
38.41,-74.31,11.95
38.41,-74.29,11.9
38.41,-74.27,11.84
38.41,-74.25,11.77
38.41,-74.23,11.73
38.41,-74.21,11.74
38.41,-74.19,11.66
38.41,-74.17,11.59
38.41,-74.15,11.55
38.41,-74.13,11.44
38.41,-74.11,11.42
38.41,-74.09,11.43
38.41,-74.07,11.43
38.41,-74.05,11.44
38.39,-77.31,18.96
38.39,-77.29,18.83
38.39,-77.27,18.69
38.39,-77.13,18.54
38.39,-77.11,18.57
38.39,-77.09,18.48
38.39,-77.07,18.1
38.39,-77.01,18.36
38.39,-76.39,17.32
38.39,-76.37,17.27
38.39,-76.35,17.24
38.39,-76.29,19.03
38.39,-74.87,12.83
38.39,-74.85,12.76
38.39,-74.83,12.81
38.39,-74.81,12.71
38.39,-74.79,12.61
38.39,-74.77,12.45
38.39,-74.75,12.35
38.39,-74.73,12.26
38.39,-74.71,12.19
38.39,-74.69,12.12
38.39,-74.67,12.1
38.39,-74.65,12.08
38.39,-74.63,12.05
38.39,-74.61,12.04
38.39,-74.59,12.05
38.39,-74.57,12.05
38.39,-74.55,11.99
38.39,-74.53,11.91
38.39,-74.51,11.91
38.39,-74.49,11.93
38.39,-74.47,12.01
38.39,-74.45,12.07
38.39,-74.43,12.07
38.39,-74.41,12.05
38.39,-74.39,12.0
38.39,-74.37,11.93
38.39,-74.35,11.91
38.39,-74.33,11.94
38.39,-74.31,11.88
38.39,-74.29,11.79
38.39,-74.27,11.81
38.39,-74.25,11.86
38.39,-74.23,11.87
38.39,-74.21,11.82
38.39,-74.19,11.76
38.39,-74.17,11.65
38.39,-74.15,11.49
38.39,-74.13,11.43
38.39,-74.11,11.41
38.39,-74.09,11.4
38.39,-74.07,11.4
38.39,-74.05,11.4
38.37,-77.29,18.94
38.37,-77.27,18.69
38.37,-77.25,18.68
38.37,-77.23,18.66
38.37,-77.17,18.54
38.37,-77.15,18.5
38.37,-77.13,18.5
38.37,-77.09,18.53
38.37,-77.01,18.38
38.37,-76.99,18.39
38.37,-76.37,17.57
38.37,-76.35,17.58
38.37,-76.33,17.97
38.37,-76.27,18.84
38.37,-74.89,13.02
38.37,-74.87,13.02
38.37,-74.85,12.95
38.37,-74.83,12.91
38.37,-74.81,12.86
38.37,-74.79,12.73
38.37,-74.77,12.58
38.37,-74.75,12.41
38.37,-74.73,12.26
38.37,-74.71,12.21
38.37,-74.69,12.17
38.37,-74.67,12.12
38.37,-74.65,12.08
38.37,-74.63,12.07
38.37,-74.61,12.06
38.37,-74.59,12.08
38.37,-74.57,12.07
38.37,-74.55,12.01
38.37,-74.53,11.96
38.37,-74.51,11.95
38.37,-74.49,11.94
38.37,-74.47,11.94
38.37,-74.45,11.94
38.37,-74.43,11.93
38.37,-74.41,11.93
38.37,-74.39,11.92
38.37,-74.37,11.89
38.37,-74.35,11.84
38.37,-74.33,11.83
38.37,-74.31,11.84
38.37,-74.29,11.85
38.37,-74.27,11.92
38.37,-74.25,11.93
38.37,-74.23,11.9
38.37,-74.21,11.77
38.37,-74.19,11.71
38.37,-74.17,11.54
38.37,-74.15,11.44
38.37,-74.13,11.44
38.37,-74.11,11.45
38.37,-74.09,11.45
38.37,-74.07,11.46
38.37,-74.05,11.46
38.35,-77.27,18.84
38.35,-77.25,18.78
38.35,-77.23,18.57
38.35,-77.21,18.3
38.35,-77.19,18.42
38.35,-77.17,18.52
38.35,-77.01,18.38
38.35,-76.99,18.37
38.35,-76.39,17.27
38.35,-76.37,17.29
38.35,-76.35,17.53
38.35,-76.33,17.9
38.35,-76.31,18.05
38.35,-76.21,18.1
38.35,-76.19,18.1
38.35,-75.99,18.42
38.35,-75.97,18.51
38.35,-74.83,12.9
38.35,-74.81,12.88
38.35,-74.79,12.87
38.35,-74.77,12.67
38.35,-74.75,12.43
38.35,-74.73,12.32
38.35,-74.71,12.27
38.35,-74.69,12.2
38.35,-74.67,12.12
38.35,-74.65,12.13
38.35,-74.63,12.13
38.35,-74.61,12.13
38.35,-74.59,12.13
38.35,-74.57,12.11
38.35,-74.55,12.02
38.35,-74.53,11.98
38.35,-74.51,11.95
38.35,-74.49,11.96
38.35,-74.47,11.91
38.35,-74.45,11.88
38.35,-74.43,11.87
38.35,-74.41,11.82
38.35,-74.39,11.85
38.35,-74.37,11.83
38.35,-74.35,11.81
38.35,-74.33,11.82
38.35,-74.31,11.82
38.35,-74.29,11.81
38.35,-74.27,11.83
38.35,-74.25,11.9
38.35,-74.23,11.88
38.35,-74.21,11.67
38.35,-74.19,11.6
38.35,-74.17,11.52
38.35,-74.15,11.51
38.35,-74.13,11.56
38.35,-74.11,11.55
38.35,-74.09,11.46
38.35,-74.07,11.43
38.35,-74.05,11.43
38.33,-77.01,18.12
38.33,-76.99,18.01
38.33,-76.97,18.15
38.33,-76.95,18.16
38.33,-76.41,17.17
38.33,-76.39,17.19
38.33,-76.37,17.18
38.33,-76.35,17.43
38.33,-76.33,17.53
38.33,-76.31,17.83
38.33,-76.29,17.96
38.33,-76.27,18.88
38.33,-76.25,18.91
38.33,-76.21,18.06
38.33,-74.91,13.56
38.33,-74.89,13.62
38.33,-74.87,13.51
38.33,-74.85,13.23
38.33,-74.83,13.0
38.33,-74.81,12.84
38.33,-74.79,12.83
38.33,-74.77,12.72
38.33,-74.75,12.46
38.33,-74.73,12.37
38.33,-74.71,12.33
38.33,-74.69,12.19
38.33,-74.67,12.11
38.33,-74.65,12.19
38.33,-74.63,12.13
38.33,-74.61,12.14
38.33,-74.59,12.13
38.33,-74.57,12.09
38.33,-74.55,12.04
38.33,-74.53,11.97
38.33,-74.51,11.92
38.33,-74.49,11.89
38.33,-74.47,11.87
38.33,-74.45,11.87
38.33,-74.43,11.85
38.33,-74.41,11.83
38.33,-74.39,11.82
38.33,-74.37,11.82
38.33,-74.35,11.8
38.33,-74.33,11.81
38.33,-74.31,11.75
38.33,-74.29,11.75
38.33,-74.27,11.76
38.33,-74.25,11.8
38.33,-74.23,11.79
38.33,-74.21,11.7
38.33,-74.19,11.65
38.33,-74.17,11.53
38.33,-74.15,11.49
38.33,-74.13,11.5
38.33,-74.11,11.47
38.33,-74.09,11.43
38.33,-74.07,11.43
38.33,-74.05,11.42
38.31,-77.01,18.22
38.31,-76.99,18.2
38.31,-76.97,18.19
38.31,-76.95,18.15
38.31,-76.93,18.37
38.31,-76.43,17.15
38.31,-76.41,17.05
38.31,-76.39,17.09
38.31,-76.37,17.14
38.31,-76.35,17.02
38.31,-76.33,16.93
38.31,-76.31,17.13
38.31,-76.29,17.88
38.31,-76.27,17.87
38.31,-76.25,18.18
38.31,-76.23,17.92
38.31,-76.21,18.06
38.31,-76.19,18.14
38.31,-76.17,18.18
38.31,-76.03,18.25
38.31,-75.91,18.57
38.31,-74.91,13.5
38.31,-74.89,13.54
38.31,-74.87,13.52
38.31,-74.85,13.16
38.31,-74.83,12.94
38.31,-74.81,12.87
38.31,-74.79,12.81
38.31,-74.77,12.67
38.31,-74.75,12.54
38.31,-74.73,12.39
38.31,-74.71,12.22
38.31,-74.69,12.13
38.31,-74.67,12.13
38.31,-74.65,12.16
38.31,-74.63,12.2
38.31,-74.61,12.13
38.31,-74.59,12.04
38.31,-74.57,11.99
38.31,-74.55,12.02
38.31,-74.53,12.02
38.31,-74.51,11.97
38.31,-74.49,11.94
38.31,-74.47,11.93
38.31,-74.45,11.89
38.31,-74.43,11.87
38.31,-74.41,11.83
38.31,-74.39,11.8
38.31,-74.37,11.81
38.31,-74.35,11.78
38.31,-74.33,11.79
38.31,-74.31,11.77
38.31,-74.29,11.72
38.31,-74.27,11.67
38.31,-74.25,11.68
38.31,-74.23,11.75
38.31,-74.21,11.78
38.31,-74.19,11.76
38.31,-74.17,11.52
38.31,-74.15,11.37
38.31,-74.13,11.35
38.31,-74.11,11.33
38.31,-74.09,11.36
38.31,-74.07,11.37
38.31,-74.05,11.37
38.29,-77.01,18.26
38.29,-76.99,18.22
38.29,-76.97,18.17
38.29,-76.95,18.08
38.29,-76.93,17.97
38.29,-76.35,17.0
38.29,-76.33,16.66
38.29,-76.31,16.96
38.29,-76.29,17.19
38.29,-76.27,17.69
38.29,-76.25,17.8
38.29,-76.23,17.85
38.29,-76.21,17.87
38.29,-76.17,18.14
38.29,-76.15,18.11
38.29,-76.01,18.11
38.29,-74.87,13.13
38.29,-74.85,13.1
38.29,-74.83,13.0
38.29,-74.81,12.9
38.29,-74.79,12.85
38.29,-74.77,12.69
38.29,-74.75,12.54
38.29,-74.73,12.38
38.29,-74.71,12.21
38.29,-74.69,12.1
38.29,-74.67,12.06
38.29,-74.65,12.08
38.29,-74.63,12.15
38.29,-74.61,12.12
38.29,-74.59,12.07
38.29,-74.57,12.02
38.29,-74.55,12.02
38.29,-74.53,12.04
38.29,-74.51,12.03
38.29,-74.49,12.0
38.29,-74.47,11.96
38.29,-74.45,11.9
38.29,-74.43,11.83
38.29,-74.41,11.82
38.29,-74.39,11.77
38.29,-74.37,11.81
38.29,-74.35,11.78
38.29,-74.33,11.76
38.29,-74.31,11.74
38.29,-74.29,11.71
38.29,-74.27,11.64
38.29,-74.25,11.61
38.29,-74.23,11.71
38.29,-74.21,11.72
38.29,-74.19,11.63
38.29,-74.17,11.48
38.29,-74.15,11.36
38.29,-74.13,11.31
38.29,-74.11,11.28
38.29,-74.09,11.35
38.29,-74.07,11.37
38.29,-74.05,11.38
38.27,-76.95,17.99
38.27,-76.93,18.0
38.27,-76.91,18.01
38.27,-76.89,17.94
38.27,-76.87,17.91
38.27,-76.81,18.29
38.27,-76.31,16.9
38.27,-76.29,16.91
38.27,-76.27,17.18
38.27,-76.25,17.24
38.27,-76.23,17.88
38.27,-76.21,18.19
38.27,-76.15,18.19
38.27,-76.13,17.68
38.27,-76.11,17.72
38.27,-76.09,17.76
38.27,-76.01,18.09
38.27,-75.99,18.12
38.27,-75.93,17.78
38.27,-74.85,13.11
38.27,-74.83,13.18
38.27,-74.81,13.09
38.27,-74.79,12.81
38.27,-74.77,12.63
38.27,-74.75,12.47
38.27,-74.73,12.43
38.27,-74.71,12.36
38.27,-74.69,12.14
38.27,-74.67,12.06
38.27,-74.65,12.09
38.27,-74.63,12.13
38.27,-74.61,12.1
38.27,-74.59,12.09
38.27,-74.57,12.1
38.27,-74.55,12.07
38.27,-74.53,12.06
38.27,-74.51,12.02
38.27,-74.49,11.95
38.27,-74.47,11.95
38.27,-74.45,11.87
38.27,-74.43,11.83
38.27,-74.41,11.79
38.27,-74.39,11.78
38.27,-74.37,11.82
38.27,-74.35,11.78
38.27,-74.33,11.78
38.27,-74.31,11.79
38.27,-74.29,11.72
38.27,-74.27,11.7
38.27,-74.25,11.61
38.27,-74.23,11.6
38.27,-74.21,11.53
38.27,-74.19,11.44
38.27,-74.17,11.39
38.27,-74.15,11.38
38.27,-74.13,11.37
38.27,-74.11,11.36
38.27,-74.09,11.46
38.27,-74.07,11.5
38.27,-74.05,11.51
38.25,-76.95,18.25
38.25,-76.93,18.08
38.25,-76.91,18.0
38.25,-76.89,17.94
38.25,-76.87,17.93
38.25,-76.85,17.94
38.25,-76.83,18.07
38.25,-76.81,18.06
38.25,-76.79,18.14
38.25,-76.29,16.85
38.25,-76.27,17.01
38.25,-76.25,17.24
38.25,-76.23,17.78
38.25,-76.21,18.1
38.25,-76.19,18.36
38.25,-76.13,17.69
38.25,-76.11,17.69
38.25,-76.09,17.67
38.25,-76.03,17.49
38.25,-76.01,17.65
38.25,-75.99,18.03
38.25,-75.97,17.77
38.25,-75.93,17.82
38.25,-75.91,17.83
38.25,-74.85,13.19
38.25,-74.83,13.2
38.25,-74.81,13.14
38.25,-74.79,12.85
38.25,-74.77,12.69
38.25,-74.75,12.61
38.25,-74.73,12.61
38.25,-74.71,12.47
38.25,-74.69,12.23
38.25,-74.67,12.16
38.25,-74.65,12.11
38.25,-74.63,12.09
38.25,-74.61,12.08
38.25,-74.59,12.11
38.25,-74.57,12.13
38.25,-74.55,12.09
38.25,-74.53,12.04
38.25,-74.51,12.01
38.25,-74.49,11.98
38.25,-74.47,11.94
38.25,-74.45,11.84
38.25,-74.43,11.76
38.25,-74.41,11.75
38.25,-74.39,11.8
38.25,-74.37,11.87
38.25,-74.35,11.86
38.25,-74.33,11.8
38.25,-74.31,11.75
38.25,-74.29,11.72
38.25,-74.27,11.68
38.25,-74.25,11.63
38.25,-74.23,11.56
38.25,-74.21,11.45
38.25,-74.19,11.35
38.25,-74.17,11.34
38.25,-74.15,11.47
38.25,-74.13,11.6
38.25,-74.11,11.47
38.25,-74.09,11.49
38.25,-74.07,11.5
38.25,-74.05,11.51
38.23,-76.95,18.05
38.23,-76.93,17.99
38.23,-76.91,17.92
38.23,-76.89,17.88
38.23,-76.87,17.85
38.23,-76.85,17.82
38.23,-76.83,17.81
38.23,-76.81,17.79
38.23,-76.79,17.75
38.23,-76.73,17.89
38.23,-76.71,17.94
38.23,-76.69,17.98
38.23,-76.67,17.73
38.23,-76.25,17.25
38.23,-76.23,17.72
38.23,-76.21,17.64
38.23,-76.19,17.59
38.23,-76.17,17.94
38.23,-76.15,17.93
38.23,-76.13,17.32
38.23,-76.11,17.34
38.23,-76.09,17.51
38.23,-76.07,17.62
38.23,-76.03,17.47
38.23,-76.01,17.54
38.23,-75.99,17.61
38.23,-75.97,17.6
38.23,-75.95,17.64
38.23,-75.93,17.85
38.23,-75.91,17.91
38.23,-74.95,12.79
38.23,-74.93,12.73
38.23,-74.91,12.71
38.23,-74.89,12.71
38.23,-74.87,12.77
38.23,-74.85,13.01
38.23,-74.83,13.06
38.23,-74.81,13.04
38.23,-74.79,12.97
38.23,-74.77,12.88
38.23,-74.75,12.74
38.23,-74.73,12.69
38.23,-74.71,12.59
38.23,-74.69,12.32
38.23,-74.67,12.16
38.23,-74.65,12.09
38.23,-74.63,12.06
38.23,-74.61,12.09
38.23,-74.59,12.09
38.23,-74.57,12.02
38.23,-74.55,11.97
38.23,-74.53,11.97
38.23,-74.51,12.01
38.23,-74.49,12.01
38.23,-74.47,12.0
38.23,-74.45,11.92
38.23,-74.43,11.79
38.23,-74.41,11.73
38.23,-74.39,11.74
38.23,-74.37,11.85
38.23,-74.35,11.9
38.23,-74.33,11.85
38.23,-74.31,11.79
38.23,-74.29,11.77
38.23,-74.27,11.69
38.23,-74.25,11.63
38.23,-74.23,11.54
38.23,-74.21,11.37
38.23,-74.19,11.33
38.23,-74.17,11.36
38.23,-74.15,11.61
38.23,-74.13,11.65
38.23,-74.11,11.45
38.23,-74.09,11.44
38.23,-74.07,11.52
38.23,-74.05,11.54
38.23,-74.03,10.89
38.21,-76.95,18.03
38.21,-76.93,18.03
38.21,-76.91,17.93
38.21,-76.89,17.85
38.21,-76.87,17.84
38.21,-76.85,17.8
38.21,-76.83,17.78
38.21,-76.81,17.75
38.21,-76.79,17.72
38.21,-76.77,17.72
38.21,-76.75,17.88
38.21,-76.73,17.81
38.21,-76.71,17.73
38.21,-76.69,17.77
38.21,-76.67,17.67
38.21,-76.65,17.49
38.21,-76.63,17.51
38.21,-76.61,17.49
38.21,-76.59,17.85
38.21,-76.37,17.23
38.21,-76.35,17.2
38.21,-76.25,17.39
38.21,-76.23,17.57
38.21,-76.21,17.61
38.21,-76.19,17.66
38.21,-76.17,17.66
38.21,-76.15,17.41
38.21,-76.13,17.23
38.21,-76.11,17.45
38.21,-76.09,17.57
38.21,-76.07,17.65
38.21,-76.05,17.49
38.21,-76.03,17.45
38.21,-76.01,17.52
38.21,-75.99,17.56
38.21,-75.97,17.57
38.21,-75.95,17.71
38.21,-75.93,17.81
38.21,-75.91,17.81
38.21,-75.89,17.76
38.21,-74.93,12.74
38.21,-74.91,12.74
38.21,-74.89,12.77
38.21,-74.81,13.0
38.21,-74.79,12.96
38.21,-74.77,12.94
38.21,-74.75,12.87
38.21,-74.73,12.74
38.21,-74.71,12.67
38.21,-74.69,12.39
38.21,-74.67,12.16
38.21,-74.65,12.16
38.21,-74.63,12.17
38.21,-74.61,12.2
38.21,-74.59,12.13
38.21,-74.57,11.98
38.21,-74.55,11.89
38.21,-74.53,11.84
38.21,-74.51,11.89
38.21,-74.49,11.87
38.21,-74.47,11.93
38.21,-74.45,11.9
38.21,-74.43,11.87
38.21,-74.41,11.85
38.21,-74.39,11.82
38.21,-74.37,11.83
38.21,-74.35,11.84
38.21,-74.33,11.86
38.21,-74.31,11.87
38.21,-74.29,11.81
38.21,-74.27,11.79
38.21,-74.25,11.72
38.21,-74.23,11.7
38.21,-74.21,11.68
38.21,-74.19,11.42
38.21,-74.17,11.46
38.21,-74.15,11.52
38.21,-74.13,11.48
38.21,-74.11,11.37
38.21,-74.09,11.35
38.21,-74.07,11.34
38.21,-74.05,11.34
38.21,-74.03,10.93
38.19,-76.89,17.89
38.19,-76.87,17.88
38.19,-76.85,17.8
38.19,-76.83,17.74
38.19,-76.81,17.68
38.19,-76.79,17.7
38.19,-76.77,17.8
38.19,-76.75,17.81
38.19,-76.73,17.7
38.19,-76.71,17.69
38.19,-76.69,17.72
38.19,-76.67,17.68
38.19,-76.65,17.66
38.19,-76.63,17.7
38.19,-76.61,17.45
38.19,-76.59,17.66
38.19,-76.57,17.66
38.19,-76.23,17.56
38.19,-76.21,17.65
38.19,-76.19,17.62
38.19,-76.17,17.51
38.19,-76.15,17.35
38.19,-76.13,17.22
38.19,-76.11,17.49
38.19,-76.03,17.47
38.19,-76.01,17.52
38.19,-75.99,17.52
38.19,-75.97,17.61
38.19,-75.95,17.76
38.19,-74.77,12.85
38.19,-74.75,12.82
38.19,-74.73,12.74
38.19,-74.71,12.64
38.19,-74.69,12.36
38.19,-74.67,12.16
38.19,-74.65,12.17
38.19,-74.63,12.23
38.19,-74.61,12.22
38.19,-74.59,12.17
38.19,-74.57,12.1
38.19,-74.55,11.85
38.19,-74.53,11.75
38.19,-74.51,11.79
38.19,-74.49,11.81
38.19,-74.47,11.84
38.19,-74.45,11.84
38.19,-74.43,11.87
38.19,-74.41,11.91
38.19,-74.39,11.8
38.19,-74.37,11.8
38.19,-74.35,11.84
38.19,-74.33,11.86
38.19,-74.31,11.9
38.19,-74.29,11.86
38.19,-74.27,11.8
38.19,-74.25,11.76
38.19,-74.23,11.74
38.19,-74.21,11.74
38.19,-74.19,11.54
38.19,-74.17,11.53
38.19,-74.15,11.53
38.19,-74.13,11.4
38.19,-74.11,11.08
38.19,-74.09,11.0
38.19,-74.07,11.0
38.19,-74.05,11.0
38.19,-74.03,10.99
38.17,-76.85,17.74
38.17,-76.83,17.71
38.17,-76.81,17.75
38.17,-76.77,17.9
38.17,-76.75,17.89
38.17,-76.73,17.94
38.17,-76.71,17.74
38.17,-76.69,17.8
38.17,-76.67,17.8
38.17,-76.65,17.68
38.17,-76.63,17.52
38.17,-76.61,17.51
38.17,-76.59,17.52
38.17,-76.57,17.6
38.17,-76.55,17.64
38.17,-76.33,17.27
38.17,-76.25,17.26
38.17,-76.19,17.61
38.17,-76.17,17.58
38.17,-76.15,17.34
38.17,-76.13,17.23
38.17,-76.11,17.39
38.17,-76.01,17.96
38.17,-75.99,17.49
38.17,-75.97,17.53
38.17,-75.95,17.79
38.17,-74.83,12.75
38.17,-74.81,12.74
38.17,-74.79,12.82
38.17,-74.77,12.83
38.17,-74.75,12.78
38.17,-74.73,12.58
38.17,-74.71,12.45
38.17,-74.69,12.36
38.17,-74.67,12.27
38.17,-74.65,12.19
38.17,-74.63,12.16
38.17,-74.61,12.13
38.17,-74.59,12.09
38.17,-74.57,12.02
38.17,-74.55,11.89
38.17,-74.53,11.79
38.17,-74.51,11.84
38.17,-74.49,11.88
38.17,-74.47,11.85
38.17,-74.45,11.84
38.17,-74.43,11.84
38.17,-74.41,11.81
38.17,-74.39,11.79
38.17,-74.37,11.81
38.17,-74.35,11.84
38.17,-74.33,11.89
38.17,-74.31,11.91
38.17,-74.29,11.91
38.17,-74.27,11.91
38.17,-74.25,11.71
38.17,-74.23,11.67
38.17,-74.21,11.67
38.17,-74.19,11.63
38.17,-74.17,11.59
38.17,-74.15,11.54
38.17,-74.13,11.2
38.17,-74.11,10.98
38.17,-74.09,11.01
38.17,-74.07,11.03
38.17,-74.05,11.03
38.17,-74.03,11.03
38.15,-76.73,18.03
38.15,-76.71,17.94
38.15,-76.65,17.59
38.15,-76.59,17.52
38.15,-76.57,17.54
38.15,-76.55,17.58
38.15,-76.45,18.54
38.15,-76.31,17.31
38.15,-76.29,17.27
38.15,-76.27,17.21
38.15,-76.25,17.2
38.15,-76.23,17.33
38.15,-76.21,17.47
38.15,-76.19,17.56
38.15,-76.17,17.54
38.15,-76.15,17.3
38.15,-76.13,17.31
38.15,-76.11,17.46
38.15,-76.07,18.83
38.15,-76.01,17.39
38.15,-75.99,17.45
38.15,-75.97,17.54
38.15,-74.87,12.79
38.15,-74.85,12.83
38.15,-74.83,12.81
38.15,-74.81,12.77
38.15,-74.79,12.87
38.15,-74.77,12.87
38.15,-74.75,12.68
38.15,-74.73,12.57
38.15,-74.71,12.47
38.15,-74.69,12.43
38.15,-74.67,12.35
38.15,-74.65,12.24
38.15,-74.63,12.17
38.15,-74.61,12.08
38.15,-74.59,11.97
38.15,-74.57,11.89
38.15,-74.55,11.96
38.15,-74.53,11.99
38.15,-74.51,11.98
38.15,-74.49,11.92
38.15,-74.47,11.88
38.15,-74.45,11.87
38.15,-74.43,11.83
38.15,-74.41,11.81
38.15,-74.39,11.79
38.15,-74.37,11.8
38.15,-74.35,11.82
38.15,-74.33,11.83
38.15,-74.31,11.88
38.15,-74.29,11.9
38.15,-74.27,11.85
38.15,-74.25,11.71
38.15,-74.23,11.62
38.15,-74.21,11.62
38.15,-74.19,11.6
38.15,-74.17,11.6
38.15,-74.15,11.45
38.15,-74.13,11.12
38.15,-74.11,10.99
38.15,-74.09,11.05
38.15,-74.07,11.05
38.15,-74.05,11.05
38.15,-74.03,11.05
38.13,-76.59,17.51
38.13,-76.57,17.38
38.13,-76.55,17.36
38.13,-76.53,17.51
38.13,-76.51,17.56
38.13,-76.49,17.56
38.13,-76.47,18.6
38.13,-76.45,18.58
38.13,-76.31,17.32
38.13,-76.29,17.04
38.13,-76.27,17.1
38.13,-76.25,17.02
38.13,-76.23,16.98
38.13,-76.21,17.23
38.13,-76.19,17.22
38.13,-76.17,17.03
38.13,-76.15,17.06
38.13,-76.13,17.2
38.13,-76.11,17.21
38.13,-76.07,17.19
38.13,-76.05,16.84
38.13,-76.03,17.44
38.13,-76.01,17.23
38.13,-75.99,17.35
38.13,-75.97,17.57
38.13,-75.91,17.65
38.13,-75.89,17.63
38.13,-75.87,17.68
38.13,-75.85,17.75
38.13,-74.85,12.86
38.13,-74.83,12.86
38.13,-74.81,13.17
38.13,-74.79,13.22
38.13,-74.77,13.02
38.13,-74.75,12.71
38.13,-74.73,12.69
38.13,-74.71,12.53
38.13,-74.69,12.52
38.13,-74.67,12.41
38.13,-74.65,12.34
38.13,-74.63,12.19
38.13,-74.61,12.08
38.13,-74.59,11.96
38.13,-74.57,11.93
38.13,-74.55,12.01
38.13,-74.53,12.03
38.13,-74.51,12.01
38.13,-74.49,11.92
38.13,-74.47,11.89
38.13,-74.45,11.85
38.13,-74.43,11.83
38.13,-74.41,11.9
38.13,-74.39,11.92
38.13,-74.37,11.84
38.13,-74.35,11.78
38.13,-74.33,11.79
38.13,-74.31,11.83
38.13,-74.29,11.88
38.13,-74.27,11.85
38.13,-74.25,11.74
38.13,-74.23,11.63
38.13,-74.21,11.6
38.13,-74.19,11.6
38.13,-74.17,11.59
38.13,-74.15,11.28
38.13,-74.13,11.14
38.13,-74.11,11.08
38.13,-74.09,11.09
38.13,-74.07,11.08
38.13,-74.05,11.08
38.13,-74.03,11.08
38.11,-76.59,17.32
38.11,-76.57,17.3
38.11,-76.55,17.51
38.11,-76.53,17.52
38.11,-76.51,17.51
38.11,-76.49,17.33
38.11,-76.45,18.21
38.11,-76.43,17.62
38.11,-76.41,17.66
38.11,-76.33,17.04
38.11,-76.31,16.96
38.11,-76.29,16.93
38.11,-76.27,16.96
38.11,-76.25,16.98
38.11,-76.23,16.89
38.11,-76.21,16.86
38.11,-76.19,16.85
38.11,-76.17,16.79
38.11,-76.15,16.78
38.11,-76.13,16.94
38.11,-76.11,17.25
38.11,-76.09,17.34
38.11,-76.07,17.12
38.11,-76.01,17.39
38.11,-75.99,17.38
38.11,-75.97,17.45
38.11,-75.95,17.49
38.11,-75.93,17.48
38.11,-75.91,17.49
38.11,-75.89,17.5
38.11,-75.87,17.66
38.11,-75.85,17.71
38.11,-74.83,13.17
38.11,-74.81,13.2
38.11,-74.79,13.2
38.11,-74.77,13.12
38.11,-74.75,12.79
38.11,-74.73,12.78
38.11,-74.71,12.75
38.11,-74.69,12.66
38.11,-74.67,12.65
38.11,-74.65,12.41
38.11,-74.63,12.37
38.11,-74.61,12.18
38.11,-74.59,12.05
38.11,-74.57,12.05
38.11,-74.55,12.04
38.11,-74.53,12.06
38.11,-74.51,12.01
38.11,-74.49,11.96
38.11,-74.47,11.89
38.11,-74.45,11.86
38.11,-74.43,11.9
38.11,-74.41,11.96
38.11,-74.39,11.95
38.11,-74.37,11.9
38.11,-74.35,11.84
38.11,-74.33,11.82
38.11,-74.31,11.85
38.11,-74.29,11.88
38.11,-74.27,11.8
38.11,-74.25,11.73
38.11,-74.23,11.63
38.11,-74.21,11.59
38.11,-74.19,11.56
38.11,-74.17,11.54
38.11,-74.15,11.27
38.11,-74.13,11.22
38.11,-74.11,11.2
38.11,-74.09,11.17
38.11,-74.07,11.14
38.11,-74.05,11.14
38.11,-74.03,11.15
38.09,-76.55,17.62
38.09,-76.53,17.6
38.09,-76.51,17.51
38.09,-76.49,17.44
38.09,-76.47,17.3
38.09,-76.45,17.22
38.09,-76.43,17.19
38.09,-76.41,17.36
38.09,-76.39,17.35
38.09,-76.31,16.88
38.09,-76.29,16.87
38.09,-76.27,16.89
38.09,-76.25,16.83
38.09,-76.23,16.84
38.09,-76.21,16.82
38.09,-76.19,16.82
38.09,-76.17,16.79
38.09,-76.15,16.74
38.09,-76.13,16.83
38.09,-76.11,17.04
38.09,-76.09,17.09
38.09,-76.07,17.11
38.09,-75.99,17.3
38.09,-75.97,17.34
38.09,-75.95,17.43
38.09,-75.93,17.39
38.09,-75.91,17.39
38.09,-75.89,17.37
38.09,-74.79,13.15
38.09,-74.77,13.09
38.09,-74.75,12.85
38.09,-74.73,12.92
38.09,-74.71,12.9
38.09,-74.69,12.8
38.09,-74.67,12.76
38.09,-74.65,12.63
38.09,-74.63,12.46
38.09,-74.61,12.43
38.09,-74.59,12.09
38.09,-74.57,12.09
38.09,-74.55,12.3
38.09,-74.53,12.27
38.09,-74.51,12.13
38.09,-74.49,11.97
38.09,-74.47,11.96
38.09,-74.45,11.94
38.09,-74.43,11.94
38.09,-74.41,11.94
38.09,-74.39,11.86
38.09,-74.37,11.89
38.09,-74.35,11.87
38.09,-74.33,11.84
38.09,-74.31,11.82
38.09,-74.29,11.81
38.09,-74.27,11.77
38.09,-74.25,11.69
38.09,-74.23,11.65
38.09,-74.21,11.62
38.09,-74.19,11.59
38.09,-74.17,11.55
38.09,-74.15,11.42
38.09,-74.13,11.32
38.09,-74.11,11.25
38.09,-74.09,11.22
38.09,-74.07,11.22
38.09,-74.05,11.23
38.09,-74.03,11.22
38.07,-76.53,17.58
38.07,-76.51,17.53
38.07,-76.49,17.51
38.07,-76.47,17.54
38.07,-76.45,17.26
38.07,-76.43,17.21
38.07,-76.41,17.29
38.07,-76.39,17.44
38.07,-76.37,17.62
38.07,-76.31,16.92
38.07,-76.29,16.97
38.07,-76.27,16.97
38.07,-76.25,16.89
38.07,-76.23,16.98
38.07,-76.21,16.96
38.07,-76.19,16.87
38.07,-76.17,16.66
38.07,-76.15,16.61
38.07,-76.13,16.7
38.07,-76.11,16.87
38.07,-76.09,16.98
38.07,-76.07,16.95
38.07,-76.05,16.93
38.07,-76.03,16.96
38.07,-76.01,17.12
38.07,-75.99,17.18
38.07,-75.97,17.29
38.07,-75.95,17.33
38.07,-75.93,17.19
38.07,-75.91,17.11
38.07,-75.89,17.11
38.07,-74.79,13.02
38.07,-74.77,12.99
38.07,-74.75,13.05
38.07,-74.73,13.05
38.07,-74.71,12.96
38.07,-74.69,12.91
38.07,-74.67,12.88
38.07,-74.65,12.73
38.07,-74.63,12.61
38.07,-74.61,12.5
38.07,-74.59,12.44
38.07,-74.57,12.4
38.07,-74.55,12.38
38.07,-74.53,12.37
38.07,-74.51,12.22
38.07,-74.49,12.07
38.07,-74.47,12.0
38.07,-74.45,11.98
38.07,-74.43,11.96
38.07,-74.41,11.94
38.07,-74.39,11.9
38.07,-74.37,11.94
38.07,-74.35,11.87
38.07,-74.33,11.81
38.07,-74.31,11.79
38.07,-74.29,11.75
38.07,-74.27,11.65
38.07,-74.25,11.63
38.07,-74.23,11.64
38.07,-74.21,11.65
38.07,-74.19,11.61
38.07,-74.17,11.56
38.07,-74.15,11.51
38.07,-74.13,11.43
38.07,-74.11,11.37
38.07,-74.09,11.33
38.07,-74.07,11.28
38.07,-74.05,11.26
38.07,-74.03,11.25
38.05,-76.51,17.48
38.05,-76.49,17.42
38.05,-76.47,17.34
38.05,-76.45,17.32
38.05,-76.43,17.35
38.05,-76.41,17.33
38.05,-76.39,17.38
38.05,-76.37,17.35
38.05,-76.35,17.27
38.05,-76.29,16.98
38.05,-76.27,17.04
38.05,-76.25,16.96
38.05,-76.23,16.99
38.05,-76.21,16.99
38.05,-76.19,16.95
38.05,-76.17,16.81
38.05,-76.15,16.73
38.05,-76.13,16.76
38.05,-76.11,16.74
38.05,-76.09,16.72
38.05,-76.07,16.75
38.05,-76.05,16.77
38.05,-76.03,17.0
38.05,-76.01,17.2
38.05,-75.99,17.25
38.05,-75.97,17.3
38.05,-75.95,17.16
38.05,-75.93,17.17
38.05,-75.91,17.18
38.05,-75.89,17.28
38.05,-75.87,17.69
38.05,-75.85,17.88
38.05,-75.83,17.97
38.05,-74.81,13.02
38.05,-74.79,13.08
38.05,-74.77,13.11
38.05,-74.75,13.16
38.05,-74.73,13.18
38.05,-74.71,13.16
38.05,-74.69,13.04
38.05,-74.67,12.95
38.05,-74.65,12.83
38.05,-74.63,12.74
38.05,-74.61,12.76
38.05,-74.59,12.78
38.05,-74.57,12.59
38.05,-74.55,12.45
38.05,-74.53,12.4
38.05,-74.51,12.34
38.05,-74.49,12.1
38.05,-74.47,12.09
38.05,-74.45,12.03
38.05,-74.43,12.02
38.05,-74.41,11.99
38.05,-74.39,12.02
38.05,-74.37,12.04
38.05,-74.35,11.99
38.05,-74.33,11.72
38.05,-74.31,11.7
38.05,-74.29,11.67
38.05,-74.27,11.64
38.05,-74.25,11.59
38.05,-74.23,11.61
38.05,-74.21,11.63
38.05,-74.19,11.61
38.05,-74.17,11.57
38.05,-74.15,11.54
38.05,-74.13,11.53
38.05,-74.11,11.46
38.05,-74.09,11.36
38.05,-74.07,11.22
38.05,-74.05,11.21
38.05,-74.03,11.21
38.03,-76.51,17.67
38.03,-76.49,17.63
38.03,-76.47,17.49
38.03,-76.45,17.4
38.03,-76.43,17.35
38.03,-76.41,17.3
38.03,-76.39,17.26
38.03,-76.37,17.12
38.03,-76.35,17.05
38.03,-76.33,17.03
38.03,-76.31,17.04
38.03,-76.29,17.01
38.03,-76.27,17.04
38.03,-76.25,16.95
38.03,-76.23,16.89
38.03,-76.21,16.91
38.03,-76.19,16.92
38.03,-76.17,16.81
38.03,-76.15,16.81
38.03,-76.13,16.86
38.03,-76.11,16.86
38.03,-76.09,16.96
38.03,-76.07,17.01
38.03,-76.01,17.4
38.03,-75.99,17.42
38.03,-75.97,17.42
38.03,-75.95,17.38
38.03,-75.93,17.22
38.03,-75.91,17.22
38.03,-75.89,17.51
38.03,-75.87,17.93
38.03,-74.85,12.81
38.03,-74.83,12.77
38.03,-74.81,12.76
38.03,-74.79,13.02
38.03,-74.75,13.18
38.03,-74.73,13.31
38.03,-74.71,13.33
38.03,-74.69,13.3
38.03,-74.67,13.07
38.03,-74.65,13.18
38.03,-74.63,13.07
38.03,-74.61,12.97
38.03,-74.59,12.92
38.03,-74.57,12.7
38.03,-74.55,12.63
38.03,-74.53,12.39
38.03,-74.51,12.36
38.03,-74.49,12.24
38.03,-74.47,12.2
38.03,-74.45,12.1
38.03,-74.43,11.95
38.03,-74.41,11.9
38.03,-74.39,11.97
38.03,-74.37,12.04
38.03,-74.35,12.07
38.03,-74.33,11.58
38.03,-74.31,11.63
38.03,-74.29,11.69
38.03,-74.27,11.74
38.03,-74.25,11.68
38.03,-74.23,11.58
38.03,-74.21,11.58
38.03,-74.19,11.57
38.03,-74.17,11.55
38.03,-74.15,11.55
38.03,-74.13,11.56
38.03,-74.11,11.47
38.03,-74.09,11.3
38.03,-74.07,11.24
38.03,-74.05,11.21
38.03,-74.03,11.21
38.01,-76.47,17.59
38.01,-76.45,17.5
38.01,-76.43,17.34
38.01,-76.41,17.3
38.01,-76.39,17.23
38.01,-76.37,17.18
38.01,-76.35,16.98
38.01,-76.33,16.97
38.01,-76.31,16.98
38.01,-76.29,17.03
38.01,-76.27,17.1
38.01,-76.25,17.06
38.01,-76.23,16.94
38.01,-76.21,16.89
38.01,-76.19,16.9
38.01,-76.17,16.94
38.01,-76.15,16.89
38.01,-76.13,16.98
38.01,-76.11,17.01
38.01,-76.09,17.04
38.01,-76.07,17.15
38.01,-75.95,17.36
38.01,-75.93,17.26
38.01,-75.91,17.35
38.01,-75.89,17.58
38.01,-74.81,12.64
38.01,-74.79,12.71
38.01,-74.77,12.82
38.01,-74.75,12.87
38.01,-74.73,13.28
38.01,-74.71,13.44
38.01,-74.69,13.55
38.01,-74.67,13.58
38.01,-74.65,13.48
38.01,-74.63,13.4
38.01,-74.61,13.05
38.01,-74.59,12.88
38.01,-74.57,12.82
38.01,-74.55,12.73
38.01,-74.53,12.67
38.01,-74.51,12.41
38.01,-74.49,12.25
38.01,-74.47,12.16
38.01,-74.45,12.06
38.01,-74.43,11.97
38.01,-74.41,11.82
38.01,-74.39,11.81
38.01,-74.37,11.74
38.01,-74.35,11.72
38.01,-74.33,11.63
38.01,-74.31,11.65
38.01,-74.29,11.69
38.01,-74.27,11.68
38.01,-74.25,11.65
38.01,-74.23,11.6
38.01,-74.21,11.59
38.01,-74.19,11.6
38.01,-74.17,11.56
38.01,-74.15,11.56
38.01,-74.13,11.51
38.01,-74.11,11.27
38.01,-74.09,11.21
38.01,-74.07,11.25
38.01,-74.05,11.24
38.01,-74.03,11.24
38.01,-74.01,11.21
37.99,-76.47,17.68
37.99,-76.45,17.52
37.99,-76.43,17.38
37.99,-76.41,17.36
37.99,-76.39,17.17
37.99,-76.37,17.2
37.99,-76.35,17.2
37.99,-76.33,17.03
37.99,-76.31,17.01
37.99,-76.29,17.02
37.99,-76.27,17.03
37.99,-76.25,17.05
37.99,-76.23,17.07
37.99,-76.21,17.0
37.99,-76.19,16.95
37.99,-76.17,17.0
37.99,-76.15,16.96
37.99,-76.13,16.94
37.99,-76.11,17.0
37.99,-76.09,17.0
37.99,-76.07,17.11
37.99,-75.97,17.5
37.99,-75.95,17.33
37.99,-75.93,17.34
37.99,-75.91,17.43
37.99,-75.89,17.55
37.99,-74.83,12.45
37.99,-74.81,12.48
37.99,-74.79,12.73
37.99,-74.77,12.74
37.99,-74.75,12.8
37.99,-74.73,12.85
37.99,-74.71,12.86
37.99,-74.69,13.02
37.99,-74.67,13.38
37.99,-74.65,13.52
37.99,-74.63,13.63
37.99,-74.61,13.57
37.99,-74.59,13.24
37.99,-74.57,12.93
37.99,-74.55,12.85
37.99,-74.53,12.62
37.99,-74.51,12.29
37.99,-74.49,12.25
37.99,-74.47,12.14
37.99,-74.45,12.04
37.99,-74.43,11.96
37.99,-74.41,11.91
37.99,-74.39,11.88
37.99,-74.37,11.69
37.99,-74.35,11.59
37.99,-74.33,11.59
37.99,-74.31,11.58
37.99,-74.29,11.63
37.99,-74.27,11.66
37.99,-74.25,11.63
37.99,-74.23,11.59
37.99,-74.21,11.59
37.99,-74.19,11.58
37.99,-74.17,11.54
37.99,-74.15,11.49
37.99,-74.13,11.32
37.99,-74.11,11.25
37.99,-74.09,11.22
37.99,-74.07,11.22
37.99,-74.05,11.23
37.99,-74.03,11.23
37.99,-74.01,11.2
37.97,-76.41,17.51
37.97,-76.39,17.52
37.97,-76.37,17.55
37.97,-76.35,17.53
37.97,-76.33,17.32
37.97,-76.31,17.22
37.97,-76.29,17.12
37.97,-76.27,16.99
37.97,-76.25,16.94
37.97,-76.23,17.05
37.97,-76.21,17.05
37.97,-76.19,16.99
37.97,-76.17,16.98
37.97,-76.15,16.96
37.97,-76.13,16.93
37.97,-76.11,16.97
37.97,-76.09,16.98
37.97,-76.07,17.06
37.97,-76.05,17.08
37.97,-75.99,17.54
37.97,-75.97,17.5
37.97,-75.95,17.35
37.97,-75.93,17.37
37.97,-75.91,17.47
37.97,-75.87,17.75
37.97,-75.77,17.93
37.97,-75.71,18.31
37.97,-75.39,17.62
37.97,-75.27,14.61
37.97,-75.23,14.31
37.97,-75.21,14.21
37.97,-75.19,14.24
37.97,-75.17,14.22
37.97,-74.87,12.39
37.97,-74.85,12.36
37.97,-74.83,12.37
37.97,-74.81,12.44
37.97,-74.79,12.57
37.97,-74.77,12.73
37.97,-74.75,12.71
37.97,-74.73,12.72
37.97,-74.71,12.74
37.97,-74.69,12.76
37.97,-74.67,12.82
37.97,-74.65,12.95
37.97,-74.63,13.09
37.97,-74.61,13.14
37.97,-74.59,13.22
37.97,-74.57,13.16
37.97,-74.55,12.91
37.97,-74.53,12.58
37.97,-74.51,12.4
37.97,-74.49,12.3
37.97,-74.47,12.18
37.97,-74.45,12.1
37.97,-74.43,11.96
37.97,-74.41,11.93
37.97,-74.39,11.9
37.97,-74.37,11.83
37.97,-74.35,11.73
37.97,-74.33,11.67
37.97,-74.31,11.57
37.97,-74.29,11.6
37.97,-74.27,11.64
37.97,-74.25,11.59
37.97,-74.23,11.54
37.97,-74.21,11.55
37.97,-74.19,11.53
37.97,-74.17,11.44
37.97,-74.15,11.34
37.97,-74.13,11.3
37.97,-74.11,11.24
37.97,-74.09,11.19
37.97,-74.07,11.18
37.97,-74.05,11.18
37.97,-74.03,11.18
37.97,-74.01,11.02
37.95,-76.87,19.68
37.95,-76.33,17.36
37.95,-76.31,17.32
37.95,-76.29,17.21
37.95,-76.27,17.04
37.95,-76.25,16.99
37.95,-76.23,16.97
37.95,-76.21,16.95
37.95,-76.19,16.97
37.95,-76.17,16.98
37.95,-76.15,16.99
37.95,-76.13,16.93
37.95,-76.11,16.97
37.95,-76.09,17.01
37.95,-76.07,17.11
37.95,-76.05,17.12
37.95,-75.99,17.57
37.95,-75.97,17.51
37.95,-75.95,17.35
37.95,-75.93,17.33
37.95,-75.91,17.37
37.95,-75.81,17.63
37.95,-75.79,17.83
37.95,-75.77,17.89
37.95,-75.75,17.91
37.95,-75.73,17.9
37.95,-75.71,18.28
37.95,-75.69,18.27
37.95,-75.67,18.3
37.95,-75.65,18.29
37.95,-75.37,17.51
37.95,-75.23,14.31
37.95,-75.21,14.3
37.95,-75.19,14.32
37.95,-75.17,14.22
37.95,-75.15,14.15
37.95,-74.85,12.4
37.95,-74.83,12.42
37.95,-74.81,12.65
37.95,-74.79,12.81
37.95,-74.77,12.81
37.95,-74.75,12.68
37.95,-74.73,12.66
37.95,-74.71,12.62
37.95,-74.69,12.6
37.95,-74.67,12.68
37.95,-74.65,12.77
37.95,-74.63,12.76
37.95,-74.61,12.73
37.95,-74.59,12.69
37.95,-74.57,12.73
37.95,-74.55,12.72
37.95,-74.53,12.65
37.95,-74.51,12.59
37.95,-74.49,12.39
37.95,-74.47,12.26
37.95,-74.45,12.18
37.95,-74.43,12.06
37.95,-74.41,11.95
37.95,-74.39,11.93
37.95,-74.37,11.91
37.95,-74.35,11.86
37.95,-74.33,11.66
37.95,-74.31,11.58
37.95,-74.29,11.57
37.95,-74.27,11.56
37.95,-74.25,11.55
37.95,-74.23,11.51
37.95,-74.21,11.5
37.95,-74.19,11.43
37.95,-74.17,11.36
37.95,-74.15,11.35
37.95,-74.13,11.32
37.95,-74.11,11.22
37.95,-74.09,11.2
37.95,-74.07,11.05
37.95,-74.05,11.01
37.95,-74.03,11.0
37.95,-74.01,10.91
37.93,-76.29,17.18
37.93,-76.27,17.04
37.93,-76.25,17.01
37.93,-76.23,17.03
37.93,-76.21,17.04
37.93,-76.19,17.05
37.93,-76.17,17.01
37.93,-76.15,16.96
37.93,-76.13,17.02
37.93,-76.11,16.99
37.93,-76.09,16.98
37.93,-76.07,17.12
37.93,-76.05,17.3
37.93,-76.01,17.86
37.93,-75.99,17.7
37.93,-75.97,17.57
37.93,-75.95,17.42
37.93,-75.93,17.37
37.93,-75.91,17.47
37.93,-75.83,17.64
37.93,-75.81,17.65
37.93,-75.79,17.63
37.93,-75.77,17.71
37.93,-75.75,17.85
37.93,-75.73,17.87
37.93,-75.31,15.31
37.93,-75.29,15.27
37.93,-75.23,14.36
37.93,-75.21,14.35
37.93,-75.19,14.38
37.93,-75.17,14.33
37.93,-75.15,14.18
37.93,-74.85,12.72
37.93,-74.83,12.71
37.93,-74.81,12.75
37.93,-74.79,12.71
37.93,-74.77,12.69
37.93,-74.75,12.66
37.93,-74.73,12.6
37.93,-74.71,12.63
37.93,-74.69,12.68
37.93,-74.67,12.7
37.93,-74.65,12.74
37.93,-74.63,12.69
37.93,-74.61,12.59
37.93,-74.59,12.48
37.93,-74.57,12.31
37.93,-74.55,12.27
37.93,-74.53,12.52
37.93,-74.51,12.5
37.93,-74.49,12.42
37.93,-74.47,12.35
37.93,-74.45,12.26
37.93,-74.43,12.13
37.93,-74.41,11.94
37.93,-74.39,11.84
37.93,-74.37,11.66
37.93,-74.35,11.6
37.93,-74.33,11.6
37.93,-74.31,11.59
37.93,-74.29,11.57
37.93,-74.27,11.56
37.93,-74.25,11.52
37.93,-74.23,11.47
37.93,-74.21,11.44
37.93,-74.19,11.38
37.93,-74.17,11.32
37.93,-74.15,11.34
37.93,-74.13,11.34
37.93,-74.11,11.23
37.93,-74.09,11.19
37.93,-74.07,10.93
37.93,-74.05,10.89
37.93,-74.03,10.89
37.93,-74.01,10.89
37.91,-76.81,19.52
37.91,-76.79,19.39
37.91,-76.25,17.14
37.91,-76.23,17.13
37.91,-76.21,17.1
37.91,-76.19,17.13
37.91,-76.17,17.08
37.91,-76.15,17.03
37.91,-76.13,17.03
37.91,-76.11,17.13
37.91,-76.09,17.15
37.91,-76.07,17.21
37.91,-76.05,17.32
37.91,-76.01,17.94
37.91,-75.99,17.76
37.91,-75.97,17.57
37.91,-75.95,17.57
37.91,-75.93,17.5
37.91,-75.91,17.96
37.91,-75.89,18.43
37.91,-75.87,17.91
37.91,-75.85,17.77
37.91,-75.83,17.64
37.91,-75.81,17.63
37.91,-75.79,17.62
37.91,-75.77,17.68
37.91,-75.75,17.72
37.91,-75.47,16.22
37.91,-75.31,15.18
37.91,-75.29,14.98
37.91,-75.27,14.91
37.91,-75.25,14.45
37.91,-75.23,14.4
37.91,-75.21,14.37
37.91,-75.19,14.35
37.91,-75.17,14.32
37.91,-74.83,12.69
37.91,-74.81,12.66
37.91,-74.79,12.66
37.91,-74.77,12.66
37.91,-74.75,12.64
37.91,-74.73,12.59
37.91,-74.71,12.55
37.91,-74.69,12.73
37.91,-74.67,12.67
37.91,-74.65,12.59
37.91,-74.63,12.61
37.91,-74.61,12.56
37.91,-74.59,12.26
37.91,-74.57,12.24
37.91,-74.55,12.2
37.91,-74.53,12.23
37.91,-74.51,12.39
37.91,-74.49,12.4
37.91,-74.47,12.33
37.91,-74.45,12.1
37.91,-74.43,11.81
37.91,-74.41,11.81
37.91,-74.39,11.68
37.91,-74.37,11.61
37.91,-74.35,11.57
37.91,-74.33,11.53
37.91,-74.31,11.53
37.91,-74.29,11.51
37.91,-74.27,11.48
37.91,-74.25,11.4
37.91,-74.23,11.38
37.91,-74.21,11.4
37.91,-74.19,11.39
37.91,-74.17,11.26
37.91,-74.15,11.24
37.91,-74.13,11.29
37.91,-74.11,11.29
37.91,-74.09,11.17
37.91,-74.07,10.91
37.91,-74.05,10.89
37.91,-74.03,10.89
37.91,-74.01,10.89
37.89,-76.79,19.38
37.89,-76.77,19.28
37.89,-76.23,17.38
37.89,-76.21,17.2
37.89,-76.19,17.07
37.89,-76.17,17.04
37.89,-76.15,17.06
37.89,-76.13,17.09
37.89,-76.11,17.12
37.89,-76.09,17.16
37.89,-76.07,17.2
37.89,-76.05,17.57
37.89,-76.03,18.46
37.89,-76.01,18.4
37.89,-75.99,17.67
37.89,-75.97,17.6
37.89,-75.95,17.53
37.89,-75.93,17.46
37.89,-75.91,17.72
37.89,-75.89,18.44
37.89,-75.87,17.76
37.89,-75.85,17.7
37.89,-75.83,17.64
37.89,-75.81,17.51
37.89,-75.79,17.53
37.89,-75.77,17.72
37.89,-75.75,17.78
37.89,-75.73,17.78
37.89,-75.71,17.82
37.89,-75.39,16.93
37.89,-75.37,15.55
37.89,-75.31,15.23
37.89,-75.29,14.95
37.89,-75.27,14.91
37.89,-75.19,14.27
37.89,-74.83,12.69
37.89,-74.81,12.68
37.89,-74.79,12.66
37.89,-74.77,12.68
37.89,-74.75,12.69
37.89,-74.73,12.64
37.89,-74.71,12.57
37.89,-74.69,12.66
37.89,-74.67,12.62
37.89,-74.65,12.5
37.89,-74.63,12.56
37.89,-74.61,12.54
37.89,-74.59,12.4
37.89,-74.57,12.25
37.89,-74.55,12.18
37.89,-74.53,12.17
37.89,-74.51,12.21
37.89,-74.49,12.33
37.89,-74.47,12.12
37.89,-74.45,12.01
37.89,-74.43,11.76
37.89,-74.41,11.68
37.89,-74.39,11.59
37.89,-74.37,11.6
37.89,-74.35,11.61
37.89,-74.33,11.55
37.89,-74.31,11.48
37.89,-74.29,11.43
37.89,-74.27,11.37
37.89,-74.25,11.33
37.89,-74.23,11.35
37.89,-74.21,11.32
37.89,-74.19,11.29
37.89,-74.17,11.25
37.89,-74.15,11.2
37.89,-74.13,11.21
37.89,-74.11,11.23
37.89,-74.09,11.1
37.89,-74.07,10.96
37.89,-74.05,10.98
37.89,-74.03,10.99
37.89,-74.01,10.98
37.87,-76.77,19.17
37.87,-76.75,19.16
37.87,-76.23,17.4
37.87,-76.21,17.32
37.87,-76.19,17.11
37.87,-76.17,17.11
37.87,-76.15,17.16
37.87,-76.13,17.11
37.87,-76.11,17.06
37.87,-76.09,16.95
37.87,-76.07,17.05
37.87,-76.05,17.23
37.87,-76.03,18.07
37.87,-75.99,18.14
37.87,-75.97,17.55
37.87,-75.95,17.51
37.87,-75.93,17.47
37.87,-75.91,17.57
37.87,-75.89,17.66
37.87,-75.87,17.62
37.87,-75.85,17.61
37.87,-75.83,17.53
37.87,-75.81,17.5
37.87,-75.79,17.7
37.87,-75.77,17.68
37.87,-75.75,17.7
37.87,-75.73,17.76
37.87,-75.71,17.89
37.87,-75.69,17.93
37.87,-75.43,16.22
37.87,-75.35,15.54
37.87,-75.33,15.43
37.87,-75.31,15.39
37.87,-75.29,14.62
37.87,-75.27,14.62
37.87,-75.25,13.71
37.87,-74.97,12.9
37.87,-74.95,12.85
37.87,-74.93,12.89
37.87,-74.83,12.72
37.87,-74.81,12.78
37.87,-74.79,12.76
37.87,-74.77,12.7
37.87,-74.75,12.65
37.87,-74.73,12.6
37.87,-74.71,12.54
37.87,-74.69,12.52
37.87,-74.67,12.55
37.87,-74.65,12.49
37.87,-74.63,12.5
37.87,-74.61,12.5
37.87,-74.59,12.41
37.87,-74.57,12.37
37.87,-74.55,12.2
37.87,-74.53,12.11
37.87,-74.51,12.05
37.87,-74.49,11.94
37.87,-74.47,11.87
37.87,-74.45,11.81
37.87,-74.43,11.78
37.87,-74.41,11.76
37.87,-74.39,11.69
37.87,-74.37,11.59
37.87,-74.35,11.55
37.87,-74.33,11.48
37.87,-74.31,11.38
37.87,-74.29,11.37
37.87,-74.27,11.35
37.87,-74.25,11.29
37.87,-74.23,11.28
37.87,-74.21,11.26
37.87,-74.19,11.17
37.87,-74.17,11.16
37.87,-74.15,11.18
37.87,-74.13,11.16
37.87,-74.11,11.19
37.87,-74.09,11.16
37.87,-74.07,11.03
37.87,-74.05,11.03
37.87,-74.03,11.05
37.87,-74.01,11.05
37.85,-76.75,19.05
37.85,-76.23,17.35
37.85,-76.21,17.27
37.85,-76.19,17.24
37.85,-76.17,17.22
37.85,-76.15,17.16
37.85,-76.13,17.07
37.85,-76.11,17.01
37.85,-76.09,16.95
37.85,-76.07,17.09
37.85,-76.05,17.31
37.85,-76.03,17.65
37.85,-76.01,17.82
37.85,-75.99,18.13
37.85,-75.97,17.49
37.85,-75.95,17.5
37.85,-75.93,17.48
37.85,-75.91,17.47
37.85,-75.89,17.64
37.85,-75.87,17.65
37.85,-75.85,17.61
37.85,-75.83,17.57
37.85,-75.81,17.59
37.85,-75.79,17.69
37.85,-75.77,17.67
37.85,-75.75,17.56
37.85,-75.73,17.66
37.85,-75.71,17.91
37.85,-75.69,17.91
37.85,-75.45,16.14
37.85,-75.43,16.16
37.85,-75.41,16.03
37.85,-75.29,14.31
37.85,-75.27,13.99
37.85,-75.25,13.57
37.85,-75.23,13.5
37.85,-75.07,13.36
37.85,-75.05,13.36
37.85,-75.03,13.37
37.85,-74.95,12.88
37.85,-74.93,12.91
37.85,-74.91,12.89
37.85,-74.89,12.8
37.85,-74.87,12.7
37.85,-74.85,12.65
37.85,-74.83,12.72
37.85,-74.81,12.71
37.85,-74.79,12.69
37.85,-74.77,12.56
37.85,-74.75,12.6
37.85,-74.73,12.62
37.85,-74.71,12.65
37.85,-74.69,12.62
37.85,-74.67,12.53
37.85,-74.65,12.47
37.85,-74.63,12.42
37.85,-74.61,12.42
37.85,-74.59,12.36
37.85,-74.57,12.34
37.85,-74.55,12.13
37.85,-74.53,11.98
37.85,-74.51,11.91
37.85,-74.49,11.81
37.85,-74.47,11.8
37.85,-74.45,11.69
37.85,-74.43,11.66
37.85,-74.41,11.75
37.85,-74.39,11.68
37.85,-74.37,11.56
37.85,-74.35,11.51
37.85,-74.33,11.44
37.85,-74.31,11.46
37.85,-74.29,11.45
37.85,-74.27,11.54
37.85,-74.25,11.73
37.85,-74.23,13.66
37.85,-74.21,17.1
37.85,-74.19,17.15
37.85,-74.15,11.57
37.85,-74.13,11.51
37.85,-74.11,11.23
37.83,-76.75,19.0
37.83,-76.73,19.01
37.83,-76.25,17.89
37.83,-76.23,17.39
37.83,-76.21,17.25
37.83,-76.19,17.16
37.83,-76.17,17.11
37.83,-76.15,17.06
37.83,-76.13,17.04
37.83,-76.11,17.05
37.83,-76.09,17.0
37.83,-76.07,17.01
37.83,-76.05,17.11
37.83,-76.03,17.39
37.83,-75.97,17.38
37.83,-75.95,17.39
37.83,-75.93,17.42
37.83,-75.91,17.41
37.83,-75.89,17.44
37.83,-75.87,17.62
37.83,-75.85,17.66
37.83,-75.83,17.59
37.83,-75.81,17.55
37.83,-75.79,17.69
37.83,-75.77,17.74
37.83,-75.75,17.64
37.83,-75.73,17.67
37.83,-75.47,16.15
37.83,-75.45,15.83
37.83,-75.43,15.68
37.83,-75.41,15.68
37.83,-75.39,15.66
37.83,-75.37,15.61
37.83,-75.31,13.95
37.83,-75.29,13.87
37.83,-75.27,13.94
37.83,-75.25,13.59
37.83,-75.23,13.56
37.83,-75.13,13.35
37.83,-75.07,13.39
37.83,-75.05,13.37
37.83,-75.03,13.27
37.83,-74.95,12.94
37.83,-74.93,12.94
37.83,-74.91,12.91
37.83,-74.89,12.8
37.83,-74.87,12.75
37.83,-74.85,12.76
37.83,-74.83,12.77
37.83,-74.81,12.7
37.83,-74.79,12.65
37.83,-74.77,12.63
37.83,-74.75,12.63
37.83,-74.73,12.59
37.83,-74.71,12.63
37.83,-74.69,12.59
37.83,-74.67,12.5
37.83,-74.65,12.44
37.83,-74.63,12.37
37.83,-74.61,12.48
37.83,-74.59,12.46
37.83,-74.57,12.16
37.83,-74.55,11.99
37.83,-74.53,11.9
37.83,-74.51,11.58
37.83,-74.49,11.6
37.83,-74.47,11.63
37.83,-74.45,11.47
37.83,-74.43,11.47
37.83,-74.41,11.7
37.83,-74.39,11.65
37.83,-74.37,11.56
37.83,-74.35,11.52
37.83,-74.33,11.49
37.83,-74.25,19.18
37.83,-74.23,20.15
37.83,-74.21,20.23
37.83,-74.19,20.59
37.81,-76.73,18.92
37.81,-76.71,18.76
37.81,-76.69,18.79
37.81,-76.67,18.78
37.81,-76.29,18.04
37.81,-76.27,18.02
37.81,-76.25,17.5
37.81,-76.23,17.32
37.81,-76.21,17.24
37.81,-76.19,17.04
37.81,-76.17,17.01
37.81,-76.15,17.02
37.81,-76.13,16.99
37.81,-76.11,16.94
37.81,-76.09,16.9
37.81,-76.07,16.92
37.81,-76.05,17.01
37.81,-76.03,17.05
37.81,-76.01,17.13
37.81,-75.99,17.41
37.81,-75.97,17.37
37.81,-75.95,17.27
37.81,-75.93,17.28
37.81,-75.91,17.3
37.81,-75.89,17.4
37.81,-75.87,17.53
37.81,-75.85,17.65
37.81,-75.83,17.73
37.81,-75.81,17.66
37.81,-75.79,18.0
37.81,-75.77,18.04
37.81,-75.75,18.09
37.81,-75.73,17.67
37.81,-75.49,15.99
37.81,-75.47,15.84
37.81,-75.45,15.74
37.81,-75.43,15.55
37.81,-75.41,15.49
37.81,-75.39,15.65
37.81,-75.33,14.33
37.81,-75.31,14.15
37.81,-75.29,13.84
37.81,-75.27,13.86
37.81,-75.25,13.56
37.81,-75.23,13.4
37.81,-75.21,13.43
37.81,-75.15,13.37
37.81,-75.13,13.41
37.81,-75.11,13.38
37.81,-75.09,13.36
37.81,-75.05,13.25
37.81,-75.03,13.23
37.81,-75.01,13.21
37.81,-74.99,13.18
37.81,-74.97,13.16
37.81,-74.95,13.14
37.81,-74.93,13.08
37.81,-74.91,13.05
37.81,-74.89,13.03
37.81,-74.87,12.86
37.81,-74.85,12.78
37.81,-74.83,12.76
37.81,-74.81,12.74
37.81,-74.79,12.66
37.81,-74.77,12.61
37.81,-74.75,12.59
37.81,-74.73,12.56
37.81,-74.71,12.57
37.81,-74.69,12.48
37.81,-74.67,12.45
37.81,-74.65,12.48
37.81,-74.63,12.52
37.81,-74.61,12.53
37.81,-74.59,12.33
37.81,-74.57,12.14
37.81,-74.55,11.96
37.81,-74.53,11.63
37.81,-74.51,11.55
37.81,-74.49,11.58
37.81,-74.47,11.53
37.81,-74.45,11.51
37.81,-74.43,11.52
37.81,-74.41,11.69
37.81,-74.39,11.98
37.81,-74.37,12.06
37.81,-74.35,12.07
37.81,-74.33,13.31
37.81,-74.31,13.82
37.81,-74.29,15.09
37.81,-74.27,17.08
37.81,-74.25,19.34
37.81,-74.23,20.12
37.81,-74.21,20.5
37.79,-76.71,18.83
37.79,-76.69,18.76
37.79,-76.67,18.61
37.79,-76.65,18.61
37.79,-76.29,18.09
37.79,-76.27,17.71
37.79,-76.25,17.47
37.79,-76.23,16.94
37.79,-76.21,16.64
37.79,-76.19,15.71
37.79,-76.17,15.85
37.79,-76.15,17.02
37.79,-76.13,16.97
37.79,-76.11,16.84
37.79,-76.09,16.82
37.79,-76.07,16.85
37.79,-76.05,16.92
37.79,-76.03,17.0
37.79,-76.01,17.12
37.79,-75.99,17.46
37.79,-75.97,17.15
37.79,-75.95,17.25
37.79,-75.93,17.29
37.79,-75.91,17.24
37.79,-75.89,17.49
37.79,-75.87,17.56
37.79,-75.85,17.73
37.79,-75.83,17.82
37.79,-75.81,18.08
37.79,-75.51,15.89
37.79,-75.49,15.84
37.79,-75.47,15.77
37.79,-75.45,15.41
37.79,-75.43,15.22
37.79,-75.41,15.02
37.79,-75.33,14.15
37.79,-75.31,14.08
37.79,-75.29,13.8
37.79,-75.27,13.65
37.79,-75.25,13.59
37.79,-75.23,13.56
37.79,-75.21,13.5
37.79,-75.19,13.46
37.79,-75.13,13.44
37.79,-75.11,13.38
37.79,-75.09,13.37
37.79,-75.03,13.23
37.79,-75.01,13.26
37.79,-74.99,13.24
37.79,-74.97,13.23
37.79,-74.95,13.21
37.79,-74.93,13.2
37.79,-74.91,13.15
37.79,-74.89,13.06
37.79,-74.87,12.91
37.79,-74.85,12.85
37.79,-74.83,12.81
37.79,-74.81,12.8
37.79,-74.79,12.74
37.79,-74.77,12.63
37.79,-74.75,12.59
37.79,-74.73,12.55
37.79,-74.71,12.48
37.79,-74.69,12.39
37.79,-74.67,12.43
37.79,-74.65,12.46
37.79,-74.63,12.44
37.79,-74.61,12.41
37.79,-74.59,12.11
37.79,-74.57,12.03
37.79,-74.55,11.84
37.79,-74.53,11.59
37.79,-74.51,11.61
37.79,-74.49,11.62
37.79,-74.47,11.62
37.79,-74.45,11.75
37.79,-74.43,11.86
37.79,-74.41,11.97
37.79,-74.39,12.37
37.79,-74.37,13.54
37.79,-74.35,13.55
37.79,-74.33,12.85
37.79,-74.31,13.35
37.79,-74.29,15.07
37.79,-74.27,18.46
37.79,-74.25,20.1
37.79,-74.23,20.5
37.77,-76.67,18.58
37.77,-76.65,18.52
37.77,-76.63,18.51
37.77,-76.61,18.51
37.77,-76.59,18.43
37.77,-76.29,18.56
37.77,-76.27,18.23
37.77,-76.25,17.46
37.77,-76.23,17.03
37.77,-76.21,16.89
37.77,-76.19,16.93
37.77,-76.17,16.25
37.77,-76.15,15.67
37.77,-76.13,16.07
37.77,-76.11,16.78
37.77,-76.09,16.79
37.77,-76.07,16.83
37.77,-76.05,16.86
37.77,-76.03,16.89
37.77,-76.01,17.04
37.77,-75.99,17.11
37.77,-75.97,17.14
37.77,-75.95,17.31
37.77,-75.93,17.43
37.77,-75.91,17.28
37.77,-75.89,17.59
37.77,-75.87,17.58
37.77,-75.85,17.83
37.77,-75.83,17.84
37.77,-75.81,18.31
37.77,-75.53,15.89
37.77,-75.51,15.68
37.77,-75.49,15.57
37.77,-75.47,15.26
37.77,-75.45,14.88
37.77,-75.43,14.88
37.77,-75.41,14.9
37.77,-75.39,14.88
37.77,-75.37,14.56
37.77,-75.35,14.31
37.77,-75.33,14.06
37.77,-75.31,13.97
37.77,-75.29,13.78
37.77,-75.27,13.67
37.77,-75.25,13.62
37.77,-75.23,13.56
37.77,-75.21,13.52
37.77,-75.11,13.31
37.77,-75.09,13.23
37.77,-75.07,13.21
37.77,-75.05,13.25
37.77,-75.03,13.19
37.77,-75.01,13.19
37.77,-74.99,13.23
37.77,-74.97,13.23
37.77,-74.95,13.17
37.77,-74.93,13.17
37.77,-74.91,13.15
37.77,-74.89,13.02
37.77,-74.87,12.95
37.77,-74.85,12.93
37.77,-74.83,12.94
37.77,-74.81,12.94
37.77,-74.79,12.84
37.77,-74.77,12.73
37.77,-74.75,12.63
37.77,-74.73,12.54
37.77,-74.71,12.43
37.77,-74.69,12.34
37.77,-74.67,12.34
37.77,-74.65,12.34
37.77,-74.63,12.28
37.77,-74.61,12.11
37.77,-74.59,12.04
37.77,-74.57,11.85
37.77,-74.55,11.7
37.77,-74.53,11.75
37.77,-74.51,11.79
37.77,-74.49,11.72
37.77,-74.47,11.75
37.77,-74.45,11.83
37.77,-74.43,11.86
37.77,-74.41,12.07
37.77,-74.39,13.54
37.77,-74.37,14.36
37.77,-74.35,12.79
37.77,-74.33,12.73
37.77,-74.31,13.97
37.77,-74.29,18.33
37.77,-74.27,19.63
37.77,-74.25,20.24
37.75,-76.61,18.55
37.75,-76.59,18.41
37.75,-76.31,18.25
37.75,-76.29,18.24
37.75,-76.27,18.02
37.75,-76.25,17.55
37.75,-76.23,17.16
37.75,-76.21,17.15
37.75,-76.19,17.22
37.75,-76.17,17.21
37.75,-76.15,17.12
37.75,-76.13,16.84
37.75,-76.11,16.0
37.75,-76.09,16.6
37.75,-76.07,16.84
37.75,-76.05,17.0
37.75,-76.03,17.01
37.75,-76.01,17.08
37.75,-75.99,17.04
37.75,-75.97,17.24
37.75,-75.95,17.27
37.75,-75.93,17.41
37.75,-75.91,17.33
37.75,-75.89,17.46
37.75,-75.87,17.58
37.75,-75.85,17.7
37.75,-75.83,17.79
37.75,-75.53,15.65
37.75,-75.51,15.34
37.75,-75.49,15.19
37.75,-75.47,15.05
37.75,-75.45,14.79
37.75,-75.43,14.65
37.75,-75.41,14.55
37.75,-75.39,14.5
37.75,-75.37,14.37
37.75,-75.35,14.19
37.75,-75.33,14.05
37.75,-75.31,13.89
37.75,-75.29,13.85
37.75,-75.27,13.74
37.75,-75.25,13.55
37.75,-75.23,13.51
37.75,-75.21,13.49
37.75,-75.19,13.31
37.75,-75.17,13.17
37.75,-75.15,13.16
37.75,-75.13,13.21
37.75,-75.11,13.33
37.75,-75.09,13.35
37.75,-75.07,13.3
37.75,-75.05,13.27
37.75,-75.03,13.24
37.75,-75.01,13.23
37.75,-74.99,13.2
37.75,-74.97,13.18
37.75,-74.95,13.16
37.75,-74.93,13.09
37.75,-74.91,13.06
37.75,-74.89,13.12
37.75,-74.87,13.04
37.75,-74.85,13.01
37.75,-74.83,12.98
37.75,-74.81,13.0
37.75,-74.79,12.94
37.75,-74.77,12.83
37.75,-74.75,12.74
37.75,-74.73,12.58
37.75,-74.71,12.4
37.75,-74.69,12.32
37.75,-74.67,12.31
37.75,-74.65,12.27
37.75,-74.63,12.11
37.75,-74.61,12.08
37.75,-74.59,12.01
37.75,-74.57,11.77
37.75,-74.55,11.73
37.75,-74.53,11.79
37.75,-74.51,11.81
37.75,-74.49,11.79
37.75,-74.47,11.81
37.75,-74.45,11.91
37.75,-74.43,12.09
37.75,-74.41,12.85
37.75,-74.39,14.45
37.75,-74.37,13.29
37.75,-74.35,12.81
37.75,-74.33,13.29
37.75,-74.31,16.66
37.75,-74.29,20.23
37.75,-74.27,20.27
37.73,-76.61,18.42
37.73,-76.59,18.44
37.73,-76.57,18.46
37.73,-76.33,18.26
37.73,-76.31,18.24
37.73,-76.29,18.03
37.73,-76.27,17.84
37.73,-76.25,17.5
37.73,-76.23,17.16
37.73,-76.21,17.13
37.73,-76.19,17.19
37.73,-76.17,17.19
37.73,-76.15,17.15
37.73,-76.13,17.1
37.73,-76.11,16.97
37.73,-76.09,16.84
37.73,-76.07,17.12
37.73,-76.05,17.05
37.73,-76.03,17.07
37.73,-76.01,17.14
37.73,-75.99,17.14
37.73,-75.97,17.24
37.73,-75.95,17.25
37.73,-75.93,17.23
37.73,-75.91,17.15
37.73,-75.89,17.51
37.73,-75.87,17.65
37.73,-75.85,18.19
37.73,-75.55,15.45
37.73,-75.53,15.37
37.73,-75.51,14.96
37.73,-75.49,14.99
37.73,-75.47,14.97
37.73,-75.45,14.87
37.73,-75.43,14.67
37.73,-75.41,14.39
37.73,-75.39,14.01
37.73,-75.37,14.01
37.73,-75.35,13.9
37.73,-75.33,13.79
37.73,-75.31,13.75
37.73,-75.29,13.83
37.73,-75.27,13.7
37.73,-75.25,13.53
37.73,-75.23,13.46
37.73,-75.21,13.42
37.73,-75.19,13.37
37.73,-75.17,13.16
37.73,-75.15,13.16
37.73,-75.13,13.17
37.73,-75.11,13.39
37.73,-75.09,13.38
37.73,-75.07,13.31
37.73,-75.05,13.26
37.73,-75.03,13.24
37.73,-75.01,13.22
37.73,-74.99,13.22
37.73,-74.97,13.22
37.73,-74.95,13.19
37.73,-74.93,13.11
37.73,-74.91,13.1
37.73,-74.89,13.13
37.73,-74.87,13.07
37.73,-74.85,13.07
37.73,-74.83,13.02
37.73,-74.81,13.03
37.73,-74.79,13.03
37.73,-74.77,13.01
37.73,-74.75,12.75
37.73,-74.73,12.57
37.73,-74.71,12.42
37.73,-74.69,12.36
37.73,-74.67,12.31
37.73,-74.65,12.22
37.73,-74.63,12.06
37.73,-74.61,12.05
37.73,-74.59,11.95
37.73,-74.57,11.85
37.73,-74.55,11.76
37.73,-74.53,11.77
37.73,-74.51,11.77
37.73,-74.49,11.73
37.73,-74.47,11.83
37.73,-74.45,11.91
37.73,-74.43,12.79
37.73,-74.41,14.39
37.73,-74.39,14.46
37.73,-74.31,20.89
37.73,-74.29,20.9
37.71,-76.59,18.41
37.71,-76.57,18.32
37.71,-76.55,18.4
37.71,-76.29,17.7
37.71,-76.27,17.58
37.71,-76.25,17.47
37.71,-76.23,17.26
37.71,-76.21,17.08
37.71,-76.19,17.03
37.71,-76.17,17.1
37.71,-76.15,17.18
37.71,-76.13,17.19
37.71,-76.11,17.17
37.71,-76.09,17.15
37.71,-76.07,17.17
37.71,-76.05,17.12
37.71,-76.03,17.14
37.71,-76.01,17.26
37.71,-75.99,17.34
37.71,-75.97,17.27
37.71,-75.95,17.24
37.71,-75.93,17.24
37.71,-75.91,17.24
37.71,-75.89,17.66
37.71,-75.87,17.76
37.71,-75.85,18.45
37.71,-75.57,15.99
37.71,-75.55,15.6
37.71,-75.53,15.08
37.71,-75.51,15.01
37.71,-75.49,15.04
37.71,-75.47,14.87
37.71,-75.45,14.79
37.71,-75.43,14.32
37.71,-75.41,14.18
37.71,-75.39,14.07
37.71,-75.37,14.07
37.71,-75.35,13.91
37.71,-75.33,13.77
37.71,-75.31,13.64
37.71,-75.29,13.64
37.71,-75.27,13.64
37.71,-75.25,13.58
37.71,-75.23,13.47
37.71,-75.21,13.4
37.71,-75.19,13.41
37.71,-75.17,13.13
37.71,-75.15,13.17
37.71,-75.13,13.26
37.71,-75.11,13.39
37.71,-75.09,13.24
37.71,-75.07,13.2
37.71,-75.05,13.19
37.71,-75.03,13.23
37.71,-75.01,13.2
37.71,-74.99,13.24
37.71,-74.97,13.24
37.71,-74.95,13.17
37.71,-74.93,13.14
37.71,-74.91,13.15
37.71,-74.89,13.12
37.71,-74.87,13.07
37.71,-74.85,13.08
37.71,-74.83,13.1
37.71,-74.81,13.1
37.71,-74.79,13.06
37.71,-74.77,13.02
37.71,-74.75,12.79
37.71,-74.73,12.63
37.71,-74.71,12.47
37.71,-74.69,12.46
37.71,-74.67,12.29
37.71,-74.65,12.13
37.71,-74.63,12.0
37.71,-74.61,11.99
37.71,-74.59,11.97
37.71,-74.57,11.92
37.71,-74.55,11.81
37.71,-74.53,11.69
37.71,-74.51,11.68
37.71,-74.49,11.7
37.71,-74.47,11.79
37.71,-74.45,12.41
37.71,-74.43,13.34
37.71,-74.41,14.76
37.71,-74.39,14.79
37.71,-74.37,19.13
37.71,-74.35,21.13
37.71,-74.33,21.38
37.71,-74.31,21.38
37.69,-76.59,18.35
37.69,-76.57,18.34
37.69,-76.55,18.47
37.69,-76.47,18.29
37.69,-76.29,18.04
37.69,-76.27,17.55
37.69,-76.25,17.4
37.69,-76.23,17.36
37.69,-76.21,17.2
37.69,-76.19,17.11
37.69,-76.17,17.13
37.69,-76.15,17.17
37.69,-76.13,17.18
37.69,-76.11,17.23
37.69,-76.09,17.22
37.69,-76.07,17.24
37.69,-76.05,17.2
37.69,-76.03,17.18
37.69,-76.01,17.22
37.69,-75.99,17.34
37.69,-75.97,17.31
37.69,-75.95,17.3
37.69,-75.93,17.49
37.69,-75.91,17.56
37.69,-75.89,17.79
37.69,-75.87,18.26
37.69,-75.85,18.47
37.69,-75.57,16.06
37.69,-75.55,15.5
37.69,-75.53,15.1
37.69,-75.51,14.93
37.69,-75.49,14.99
37.69,-75.47,14.86
37.69,-75.45,14.69
37.69,-75.43,14.45
37.69,-75.41,14.36
37.69,-75.39,14.22
37.69,-75.37,14.12
37.69,-75.35,13.79
37.69,-75.33,13.75
37.69,-75.31,13.59
37.69,-75.29,13.53
37.69,-75.27,13.41
37.69,-75.25,13.44
37.69,-75.23,13.49
37.69,-75.21,13.34
37.69,-75.19,13.32
37.69,-75.17,13.25
37.69,-75.15,13.25
37.69,-75.13,13.36
37.69,-75.11,13.34
37.69,-75.09,13.21
37.69,-75.07,13.17
37.69,-75.05,13.21
37.69,-75.03,13.23
37.69,-75.01,13.25
37.69,-74.99,13.27
37.69,-74.97,13.26
37.69,-74.95,13.23
37.69,-74.93,13.19
37.69,-74.91,13.19
37.69,-74.89,13.13
37.69,-74.87,13.05
37.69,-74.85,13.04
37.69,-74.83,13.14
37.69,-74.81,13.17
37.69,-74.79,13.16
37.69,-74.77,13.01
37.69,-74.75,12.75
37.69,-74.73,12.76
37.69,-74.71,12.52
37.69,-74.69,12.47
37.69,-74.67,12.19
37.69,-74.65,12.01
37.69,-74.63,11.95
37.69,-74.61,11.94
37.69,-74.59,11.91
37.69,-74.57,11.89
37.69,-74.55,11.79
37.69,-74.53,11.68
37.69,-74.51,11.61
37.69,-74.49,11.61
37.69,-74.47,11.93
37.69,-74.45,12.95
37.69,-74.43,13.86
37.69,-74.41,14.75
37.69,-74.39,17.35
37.69,-74.37,20.61
37.69,-74.35,21.39
37.69,-74.33,21.47
37.67,-76.57,18.31
37.67,-76.55,18.35
37.67,-76.33,18.14
37.67,-76.31,18.07
37.67,-76.29,17.94
37.67,-76.27,17.51
37.67,-76.25,17.35
37.67,-76.23,17.27
37.67,-76.21,17.26
37.67,-76.19,17.21
37.67,-76.17,17.2
37.67,-76.15,17.21
37.67,-76.13,17.21
37.67,-76.11,17.25
37.67,-76.09,17.25
37.67,-76.07,17.26
37.67,-76.05,17.28
37.67,-76.03,17.22
37.67,-76.01,17.16
37.67,-75.99,17.22
37.67,-75.97,17.36
37.67,-75.95,17.45
37.67,-75.93,17.53
37.67,-75.91,17.6
37.67,-75.89,17.75
37.67,-75.87,18.28
37.67,-75.57,16.11
37.67,-75.55,15.54
37.67,-75.53,15.09
37.67,-75.51,14.95
37.67,-75.49,14.91
37.67,-75.47,14.82
37.67,-75.45,14.69
37.67,-75.43,14.51
37.67,-75.41,14.36
37.67,-75.39,14.13
37.67,-75.37,14.05
37.67,-75.35,13.95
37.67,-75.33,13.65
37.67,-75.31,13.57
37.67,-75.29,13.45
37.67,-75.27,13.35
37.67,-75.25,13.3
37.67,-75.23,13.25
37.67,-75.21,13.18
37.67,-75.19,13.14
37.67,-75.17,13.18
37.67,-75.15,13.29
37.67,-75.13,13.36
37.67,-75.11,13.21
37.67,-75.09,13.21
37.67,-75.07,13.23
37.67,-75.05,13.2
37.67,-75.03,13.2
37.67,-75.01,13.24
37.67,-74.99,13.25
37.67,-74.97,13.24
37.67,-74.95,13.28
37.67,-74.93,13.32
37.67,-74.91,13.23
37.67,-74.89,13.19
37.67,-74.87,13.11
37.67,-74.85,13.07
37.67,-74.83,13.09
37.67,-74.81,13.09
37.67,-74.79,13.02
37.67,-74.77,12.97
37.67,-74.75,12.86
37.67,-74.73,12.85
37.67,-74.71,12.57
37.67,-74.69,12.37
37.67,-74.67,12.24
37.67,-74.65,12.1
37.67,-74.63,11.96
37.67,-74.61,11.92
37.67,-74.59,11.83
37.67,-74.57,11.76
37.67,-74.55,11.7
37.67,-74.53,11.61
37.67,-74.51,11.54
37.67,-74.49,11.79
37.67,-74.47,12.52
37.67,-74.45,13.49
37.67,-74.43,14.0
37.67,-74.41,17.37
37.67,-74.39,20.63
37.67,-74.37,21.27
37.67,-74.35,21.68
37.67,-74.33,21.69
37.65,-76.57,18.28
37.65,-76.55,18.23
37.65,-76.53,18.12
37.65,-76.49,17.99
37.65,-76.47,18.01
37.65,-76.31,18.16
37.65,-76.29,17.55
37.65,-76.27,17.32
37.65,-76.25,17.3
37.65,-76.23,17.28
37.65,-76.21,17.36
37.65,-76.19,17.33
37.65,-76.17,17.32
37.65,-76.15,17.29
37.65,-76.13,17.2
37.65,-76.11,17.2
37.65,-76.09,17.3
37.65,-76.07,17.32
37.65,-76.05,17.3
37.65,-76.03,17.3
37.65,-76.01,17.17
37.65,-75.99,17.23
37.65,-75.97,17.26
37.65,-75.95,17.4
37.65,-75.93,17.66
37.65,-75.91,17.72
37.65,-75.59,16.51
37.65,-75.57,15.99
37.65,-75.55,15.17
37.65,-75.53,15.03
37.65,-75.51,14.91
37.65,-75.49,14.71
37.65,-75.47,14.56
37.65,-75.45,14.52
37.65,-75.43,14.5
37.65,-75.41,14.37
37.65,-75.39,14.26
37.65,-75.37,14.04
37.65,-75.35,13.87
37.65,-75.33,13.68
37.65,-75.31,13.5
37.65,-75.29,13.39
37.65,-75.27,13.32
37.65,-75.25,13.28
37.65,-75.23,13.24
37.65,-75.21,13.15
37.65,-75.19,13.2
37.65,-75.17,13.22
37.65,-75.15,13.16
37.65,-75.13,13.18
37.65,-75.11,13.19
37.65,-75.09,13.15
37.65,-75.07,13.14
37.65,-75.05,13.17
37.65,-75.03,13.21
37.65,-75.01,13.25
37.65,-74.99,13.25
37.65,-74.97,13.22
37.65,-74.95,13.3
37.65,-74.93,13.32
37.65,-74.91,13.25
37.65,-74.89,13.21
37.65,-74.87,13.16
37.65,-74.85,13.1
37.65,-74.83,13.08
37.65,-74.81,13.05
37.65,-74.79,12.94
37.65,-74.77,12.9
37.65,-74.75,12.84
37.65,-74.73,12.79
37.65,-74.71,12.41
37.65,-74.69,12.31
37.65,-74.67,12.18
37.65,-74.65,12.15
37.65,-74.63,12.07
37.65,-74.61,11.96
37.65,-74.59,11.89
37.65,-74.57,11.83
37.65,-74.55,11.71
37.65,-74.53,11.69
37.65,-74.51,11.8
37.65,-74.49,11.91
37.65,-74.47,13.32
37.65,-74.45,13.45
37.65,-74.43,16.76
37.65,-74.41,20.6
37.65,-74.39,21.47
37.65,-74.37,21.84
37.65,-74.35,21.89
37.63,-76.55,18.15
37.63,-76.53,18.13
37.63,-76.51,18.06
37.63,-76.49,17.97
37.63,-76.47,18.0
37.63,-76.45,18.16
37.63,-76.43,18.21
37.63,-76.41,18.29
37.63,-76.27,17.55
37.63,-76.25,17.36
37.63,-76.23,17.4
37.63,-76.21,17.42
37.63,-76.19,17.35
37.63,-76.17,17.34
37.63,-76.15,17.34
37.63,-76.13,17.3
37.63,-76.11,17.23
37.63,-76.09,17.25
37.63,-76.07,17.25
37.63,-76.05,17.22
37.63,-76.03,17.19
37.63,-76.01,17.11
37.63,-75.99,17.17
37.63,-75.97,17.22
37.63,-75.95,17.45
37.63,-75.93,17.77
37.63,-75.91,18.01
37.63,-75.89,18.07
37.63,-75.65,17.47
37.63,-75.59,16.01
37.63,-75.57,15.63
37.63,-75.55,15.13
37.63,-75.53,15.05
37.63,-75.51,14.69
37.63,-75.49,14.58
37.63,-75.47,14.5
37.63,-75.45,14.45
37.63,-75.43,14.3
37.63,-75.41,14.18
37.63,-75.39,14.15
37.63,-75.37,14.01
37.63,-75.35,13.77
37.63,-75.33,13.61
37.63,-75.31,13.53
37.63,-75.29,13.45
37.63,-75.27,13.34
37.63,-75.25,13.27
37.63,-75.23,13.22
37.63,-75.21,13.18
37.63,-75.19,13.17
37.63,-75.17,13.17
37.63,-75.15,13.13
37.63,-75.13,13.1
37.63,-75.11,13.1
37.63,-75.09,13.11
37.63,-75.07,13.09
37.63,-75.05,13.11
37.63,-75.03,13.24
37.63,-75.01,13.25
37.63,-74.99,13.17
37.63,-74.97,13.22
37.63,-74.95,13.33
37.63,-74.93,13.35
37.63,-74.91,13.25
37.63,-74.89,13.22
37.63,-74.87,13.15
37.63,-74.85,13.06
37.63,-74.83,13.1
37.63,-74.81,13.04
37.63,-74.79,12.92
37.63,-74.77,12.87
37.63,-74.75,12.79
37.63,-74.73,12.65
37.63,-74.71,12.43
37.63,-74.69,12.22
37.63,-74.67,12.12
37.63,-74.65,12.14
37.63,-74.63,12.08
37.63,-74.61,12.0
37.63,-74.59,11.97
37.63,-74.57,11.95
37.63,-74.55,11.89
37.63,-74.53,11.91
37.63,-74.51,11.95
37.63,-74.49,12.42
37.63,-74.47,13.3
37.63,-74.45,14.92
37.63,-74.43,18.39
37.63,-74.41,21.16
37.63,-74.39,21.86
37.63,-74.37,22.06
37.63,-74.35,22.16
37.63,-74.03,23.15
37.63,-74.01,23.13
37.63,-73.99,23.11
37.61,-76.43,18.31
37.61,-76.41,18.27
37.61,-76.39,18.24
37.61,-76.37,18.27
37.61,-76.35,18.29
37.61,-76.33,18.28
37.61,-76.31,17.82
37.61,-76.29,17.78
37.61,-76.27,17.49
37.61,-76.25,17.35
37.61,-76.23,17.39
37.61,-76.21,17.46
37.61,-76.19,17.39
37.61,-76.17,17.32
37.61,-76.15,17.34
37.61,-76.13,17.32
37.61,-76.11,17.26
37.61,-76.09,17.19
37.61,-76.07,17.19
37.61,-76.05,17.19
37.61,-76.03,17.13
37.61,-76.01,17.1
37.61,-75.99,17.21
37.61,-75.97,17.28
37.61,-75.95,17.77
37.61,-75.93,17.94
37.61,-75.61,16.38
37.61,-75.59,16.0
37.61,-75.57,14.94
37.61,-75.55,14.84
37.61,-75.53,14.64
37.61,-75.51,14.55
37.61,-75.49,14.35
37.61,-75.47,14.27
37.61,-75.45,14.23
37.61,-75.43,14.15
37.61,-75.41,14.1
37.61,-75.39,14.05
37.61,-75.37,13.88
37.61,-75.35,13.74
37.61,-75.33,13.54
37.61,-75.31,13.45
37.61,-75.29,13.44
37.61,-75.27,13.4
37.61,-75.25,13.33
37.61,-75.23,13.29
37.61,-75.21,13.26
37.61,-75.19,13.22
37.61,-75.17,13.11
37.61,-75.15,13.1
37.61,-75.13,13.09
37.61,-75.11,13.04
37.61,-75.09,13.07
37.61,-75.07,13.2
37.61,-75.05,13.2
37.61,-75.03,13.18
37.61,-75.01,13.18
37.61,-74.99,13.22
37.61,-74.97,13.3
37.61,-74.95,13.27
37.61,-74.93,13.28
37.61,-74.91,13.25
37.61,-74.89,13.24
37.61,-74.87,13.2
37.61,-74.85,13.07
37.61,-74.83,13.05
37.61,-74.81,12.95
37.61,-74.79,12.92
37.61,-74.77,12.82
37.61,-74.75,12.84
37.61,-74.73,12.74
37.61,-74.71,12.56
37.61,-74.69,12.2
37.61,-74.67,12.14
37.61,-74.65,12.18
37.61,-74.63,12.14
37.61,-74.61,12.07
37.61,-74.59,12.02
37.61,-74.57,11.97
37.61,-74.55,11.95
37.61,-74.53,11.98
37.61,-74.51,12.04
37.61,-74.49,12.48
37.61,-74.47,12.97
37.61,-74.45,15.35
37.61,-74.43,19.65
37.61,-74.41,21.93
37.61,-74.39,22.25
37.61,-74.37,22.43
37.61,-74.35,22.69
37.61,-74.33,22.75
37.61,-74.19,23.4
37.61,-74.17,23.38
37.61,-74.13,23.29
37.61,-74.11,23.26
37.61,-74.09,23.29
37.61,-74.07,23.36
37.61,-74.05,23.37
37.61,-74.03,23.28
37.61,-74.01,23.24
37.61,-73.99,23.24
37.59,-76.41,18.36
37.59,-76.39,18.24
37.59,-76.37,18.14
37.59,-76.35,18.18
37.59,-76.33,18.19
37.59,-76.31,18.06
37.59,-76.29,17.87
37.59,-76.27,17.77
37.59,-76.25,17.53
37.59,-76.23,17.39
37.59,-76.21,17.36
37.59,-76.19,17.45
37.59,-76.17,17.4
37.59,-76.15,17.34
37.59,-76.13,17.37
37.59,-76.11,17.32
37.59,-76.09,17.14
37.59,-76.07,17.16
37.59,-76.05,17.22
37.59,-76.03,17.2
37.59,-76.01,17.29
37.59,-75.99,17.3
37.59,-75.97,17.34
37.59,-75.95,17.63
37.59,-75.93,17.71
37.59,-75.61,16.38
37.59,-75.59,16.15
37.59,-75.57,15.67
37.59,-75.55,14.51
37.59,-75.53,14.51
37.59,-75.51,13.84
37.59,-75.49,13.98
37.59,-75.47,13.93
37.59,-75.45,13.77
37.59,-75.43,13.98
37.59,-75.41,14.01
37.59,-75.39,13.99
37.59,-75.37,13.77
37.59,-75.35,13.8
37.59,-75.33,13.64
37.59,-75.31,13.44
37.59,-75.29,13.44
37.59,-75.27,13.44
37.59,-75.25,13.39
37.59,-75.23,13.3
37.59,-75.21,13.25
37.59,-75.19,13.22
37.59,-75.17,13.13
37.59,-75.15,13.1
37.59,-75.13,13.12
37.59,-75.11,13.14
37.59,-75.09,13.15
37.59,-75.07,13.12
37.59,-75.05,13.06
37.59,-75.03,13.15
37.59,-75.01,13.3
37.59,-74.99,13.23
37.59,-74.97,13.24
37.59,-74.95,13.3
37.59,-74.93,13.34
37.59,-74.91,13.32
37.59,-74.89,13.21
37.59,-74.87,13.14
37.59,-74.85,13.08
37.59,-74.83,12.99
37.59,-74.81,12.95
37.59,-74.79,12.93
37.59,-74.77,12.84
37.59,-74.75,12.82
37.59,-74.73,12.73
37.59,-74.71,12.58
37.59,-74.69,12.29
37.59,-74.67,12.25
37.59,-74.65,12.17
37.59,-74.63,12.12
37.59,-74.61,12.01
37.59,-74.59,11.98
37.59,-74.57,11.99
37.59,-74.55,12.03
37.59,-74.53,12.02
37.59,-74.51,12.0
37.59,-74.49,12.14
37.59,-74.47,12.9
37.59,-74.45,21.06
37.59,-74.43,21.87
37.59,-74.41,22.36
37.59,-74.39,22.59
37.59,-74.37,22.76
37.59,-74.35,22.97
37.59,-74.33,23.05
37.59,-74.27,23.5
37.59,-74.25,23.52
37.59,-74.23,23.53
37.59,-74.21,23.51
37.59,-74.19,23.46
37.59,-74.17,23.44
37.59,-74.15,23.41
37.59,-74.13,23.4
37.59,-74.11,23.45
37.59,-74.09,23.28
37.59,-74.07,23.27
37.59,-74.05,23.3
37.59,-74.03,23.31
37.59,-74.01,23.32
37.59,-73.99,23.31
37.57,-76.33,18.24
37.57,-76.31,18.17
37.57,-76.29,18.03
37.57,-76.27,17.88
37.57,-76.25,17.45
37.57,-76.23,17.44
37.57,-76.21,17.39
37.57,-76.19,17.39
37.57,-76.17,17.44
37.57,-76.15,17.4
37.57,-76.13,17.36
37.57,-76.11,17.38
37.57,-76.09,17.32
37.57,-76.07,17.18
37.57,-76.05,17.17
37.57,-76.03,17.27
37.57,-76.01,17.32
37.57,-75.99,17.34
37.57,-75.97,17.33
37.57,-75.95,17.94
37.57,-75.59,16.34
37.57,-75.57,15.75
37.57,-75.55,15.04
37.57,-75.53,14.95
37.57,-75.51,14.45
37.57,-75.49,14.14
37.57,-75.47,13.36
37.57,-75.45,13.49
37.57,-75.43,13.84
37.57,-75.41,13.85
37.57,-75.39,13.77
37.57,-75.37,13.69
37.57,-75.35,13.61
37.57,-75.33,13.63
37.57,-75.31,13.53
37.57,-75.29,13.5
37.57,-75.27,13.49
37.57,-75.25,13.35
37.57,-75.23,13.34
37.57,-75.21,13.25
37.57,-75.19,13.26
37.57,-75.17,13.19
37.57,-75.15,13.09
37.57,-75.13,12.99
37.57,-75.11,13.02
37.57,-75.09,13.07
37.57,-75.07,12.99
37.57,-75.05,13.02
37.57,-75.03,13.11
37.57,-75.01,13.27
37.57,-74.99,13.26
37.57,-74.97,13.32
37.57,-74.95,13.28
37.57,-74.93,13.17
37.57,-74.91,13.09
37.57,-74.89,13.06
37.57,-74.87,13.06
37.57,-74.85,13.02
37.57,-74.83,12.94
37.57,-74.81,12.94
37.57,-74.79,12.94
37.57,-74.77,12.93
37.57,-74.75,12.91
37.57,-74.73,12.75
37.57,-74.71,12.66
37.57,-74.69,12.49
37.57,-74.67,12.3
37.57,-74.65,12.25
37.57,-74.63,12.17
37.57,-74.61,11.97
37.57,-74.59,12.0
37.57,-74.57,12.04
37.57,-74.55,12.24
37.57,-74.53,12.29
37.57,-74.47,21.82
37.57,-74.45,22.14
37.57,-74.43,22.16
37.57,-74.41,22.56
37.57,-74.39,22.69
37.57,-74.37,22.95
37.57,-74.35,23.21
37.57,-74.33,23.31
37.57,-74.31,23.53
37.57,-74.29,23.55
37.57,-74.27,23.57
37.57,-74.25,23.57
37.57,-74.23,23.54
37.57,-74.21,23.54
37.57,-74.19,23.56
37.57,-74.17,23.6
37.57,-74.15,23.6
37.57,-74.13,23.45
37.57,-74.11,23.44
37.57,-74.09,23.38
37.57,-74.07,23.29
37.57,-74.05,23.29
37.57,-74.03,23.23
37.57,-74.01,23.22
37.57,-73.99,23.2
37.55,-76.29,18.14
37.55,-76.27,17.83
37.55,-76.25,17.57
37.55,-76.23,17.63
37.55,-76.21,17.37
37.55,-76.19,17.3
37.55,-76.17,17.25
37.55,-76.15,17.25
37.55,-76.13,17.3
37.55,-76.11,17.38
37.55,-76.09,17.42
37.55,-76.07,17.39
37.55,-76.05,17.37
37.55,-76.03,17.32
37.55,-76.01,17.29
37.55,-75.99,17.28
37.55,-75.97,17.34
37.55,-75.95,18.06
37.55,-75.67,17.64
37.55,-75.61,16.27
37.55,-75.59,16.25
37.55,-75.57,15.72
37.55,-75.55,15.06
37.55,-75.53,14.73
37.55,-75.51,14.61
37.55,-75.49,14.57
37.55,-75.47,14.15
37.55,-75.45,13.49
37.55,-75.43,13.64
37.55,-75.41,13.7
37.55,-75.39,13.75
37.55,-75.37,13.75
37.55,-75.35,13.74
37.55,-75.33,13.61
37.55,-75.31,13.59
37.55,-75.29,13.62
37.55,-75.27,13.47
37.55,-75.25,13.33
37.55,-75.23,13.26
37.55,-75.21,13.23
37.55,-75.19,13.24
37.55,-75.17,13.21
37.55,-75.15,13.11
37.55,-75.13,13.02
37.55,-75.11,13.01
37.55,-75.09,13.03
37.55,-75.07,13.03
37.55,-75.05,13.11
37.55,-75.03,13.16
37.55,-75.01,13.2
37.55,-74.99,13.32
37.55,-74.97,13.38
37.55,-74.95,13.09
37.55,-74.93,13.06
37.55,-74.91,13.09
37.55,-74.89,13.07
37.55,-74.87,13.05
37.55,-74.85,13.03
37.55,-74.83,13.0
37.55,-74.81,12.97
37.55,-74.79,12.94
37.55,-74.77,12.92
37.55,-74.75,12.77
37.55,-74.73,12.7
37.55,-74.71,12.61
37.55,-74.69,12.56
37.55,-74.67,12.45
37.55,-74.65,12.29
37.55,-74.63,12.04
37.55,-74.61,12.01
37.55,-74.59,12.26
37.55,-74.57,12.81
37.55,-74.55,15.99
37.55,-74.53,19.57
37.55,-74.51,21.5
37.55,-74.49,21.76
37.55,-74.47,22.01
37.55,-74.45,22.52
37.55,-74.43,22.69
37.55,-74.41,22.73
37.55,-74.39,23.1
37.55,-74.37,23.29
37.55,-74.35,23.39
37.55,-74.33,23.48
37.55,-74.31,23.53
37.55,-74.29,23.53
37.55,-74.27,23.6
37.55,-74.25,23.57
37.55,-74.23,23.56
37.55,-74.21,23.64
37.55,-74.19,23.69
37.55,-74.17,23.72
37.55,-74.15,23.7
37.55,-74.13,23.7
37.55,-74.07,23.51
37.55,-74.05,23.46
37.55,-74.03,23.17
37.55,-74.01,23.16
37.55,-73.99,23.09
37.53,-76.35,18.65
37.53,-76.31,18.68
37.53,-76.29,18.18
37.53,-76.27,17.86
37.53,-76.25,17.73
37.53,-76.23,17.66
37.53,-76.21,17.44
37.53,-76.19,17.28
37.53,-76.17,17.24
37.53,-76.15,17.17
37.53,-76.13,17.19
37.53,-76.11,17.36
37.53,-76.09,17.53
37.53,-76.07,17.44
37.53,-76.05,17.29
37.53,-76.03,17.34
37.53,-76.01,17.51
37.53,-75.99,17.19
37.53,-75.97,17.4
37.53,-75.95,17.99
37.53,-75.73,20.28
37.53,-75.61,16.08
37.53,-75.59,15.84
37.53,-75.57,15.23
37.53,-75.55,14.88
37.53,-75.53,14.74
37.53,-75.51,14.6
37.53,-75.49,14.4
37.53,-75.47,13.94
37.53,-75.45,13.69
37.53,-75.43,13.68
37.53,-75.41,13.63
37.53,-75.39,13.64
37.53,-75.37,13.68
37.53,-75.35,13.71
37.53,-75.33,13.57
37.53,-75.31,13.56
37.53,-75.29,13.59
37.53,-75.27,13.55
37.53,-75.25,13.39
37.53,-75.23,13.3
37.53,-75.21,13.25
37.53,-75.19,13.21
37.53,-75.17,13.18
37.53,-75.15,13.13
37.53,-75.13,13.09
37.53,-75.11,13.05
37.53,-75.09,13.04
37.53,-75.07,13.13
37.53,-75.05,13.19
37.53,-75.03,13.23
37.53,-75.01,13.24
37.53,-74.99,13.32
37.53,-74.97,13.33
37.53,-74.95,13.13
37.53,-74.93,13.06
37.53,-74.91,13.07
37.53,-74.89,13.04
37.53,-74.87,12.95
37.53,-74.85,12.93
37.53,-74.83,12.96
37.53,-74.81,12.95
37.53,-74.79,12.89
37.53,-74.77,12.84
37.53,-74.75,12.73
37.53,-74.73,12.68
37.53,-74.71,12.61
37.53,-74.69,12.55
37.53,-74.67,12.48
37.53,-74.65,12.27
37.53,-74.63,12.03
37.53,-74.61,12.69
37.53,-74.59,13.52
37.53,-74.57,15.29
37.53,-74.55,17.66
37.53,-74.53,21.38
37.53,-74.51,21.79
37.53,-74.49,22.18
37.53,-74.47,22.68
37.53,-74.45,22.73
37.53,-74.43,22.87
37.53,-74.41,23.22
37.53,-74.39,23.33
37.53,-74.37,23.45
37.53,-74.35,23.47
37.53,-74.33,23.49
37.53,-74.31,23.54
37.53,-74.29,23.56
37.53,-74.27,23.6
37.53,-74.25,23.59
37.53,-74.23,23.61
37.53,-74.21,23.66
37.53,-74.19,23.69
37.53,-74.17,23.68
37.53,-74.15,23.71
37.53,-74.13,23.71
37.53,-74.11,23.75
37.53,-74.05,23.19
37.53,-74.03,22.94
37.53,-74.01,22.93
37.53,-73.99,22.92
37.51,-76.35,18.94
37.51,-76.33,18.49
37.51,-76.31,18.35
37.51,-76.27,17.76
37.51,-76.25,17.73
37.51,-76.23,17.57
37.51,-76.21,17.44
37.51,-76.19,17.32
37.51,-76.17,17.3
37.51,-76.15,17.18
37.51,-76.13,17.17
37.51,-76.11,17.34
37.51,-76.09,17.43
37.51,-76.07,17.36
37.51,-76.05,17.27
37.51,-76.03,17.17
37.51,-76.01,17.05
37.51,-75.99,17.17
37.51,-75.97,17.39
37.51,-75.75,20.26
37.51,-75.63,16.2
37.51,-75.61,15.89
37.51,-75.59,15.52
37.51,-75.57,15.16
37.51,-75.55,14.78
37.51,-75.53,14.66
37.51,-75.51,14.54
37.51,-75.49,14.39
37.51,-75.47,13.97
37.51,-75.45,13.72
37.51,-75.43,13.67
37.51,-75.41,13.6
37.51,-75.39,13.56
37.51,-75.37,13.57
37.51,-75.35,13.7
37.51,-75.33,13.73
37.51,-75.31,13.63
37.51,-75.29,13.59
37.51,-75.27,13.5
37.51,-75.25,13.43
37.51,-75.23,13.42
37.51,-75.21,13.35
37.51,-75.19,13.33
37.51,-75.17,13.29
37.51,-75.15,13.26
37.51,-75.13,13.2
37.51,-75.11,13.1
37.51,-75.09,13.06
37.51,-75.07,13.16
37.51,-75.05,13.23
37.51,-75.03,13.26
37.51,-75.01,13.28
37.51,-74.99,13.32
37.51,-74.97,13.32
37.51,-74.95,13.31
37.51,-74.93,13.18
37.51,-74.91,13.04
37.51,-74.89,13.0
37.51,-74.87,12.94
37.51,-74.85,12.81
37.51,-74.83,12.8
37.51,-74.81,12.79
37.51,-74.79,12.76
37.51,-74.77,12.73
37.51,-74.75,12.56
37.51,-74.73,12.53
37.51,-74.71,12.53
37.51,-74.69,12.54
37.51,-74.67,12.59
37.51,-74.65,12.54
37.51,-74.63,12.82
37.51,-74.61,13.66
37.51,-74.59,15.3
37.51,-74.57,15.99
37.51,-74.55,20.39
37.51,-74.53,21.69
37.51,-74.51,22.45
37.51,-74.49,22.58
37.51,-74.47,22.92
37.51,-74.45,23.04
37.51,-74.43,23.2
37.51,-74.41,23.35
37.51,-74.39,23.46
37.51,-74.37,23.56
37.51,-74.35,23.55
37.51,-74.33,23.59
37.51,-74.31,23.6
37.51,-74.29,23.58
37.51,-74.27,23.54
37.51,-74.25,23.54
37.51,-74.23,23.59
37.51,-74.21,23.64
37.51,-74.19,23.71
37.51,-74.17,23.67
37.51,-74.15,23.68
37.51,-74.13,23.67
37.51,-74.11,23.66
37.51,-74.09,23.44
37.51,-74.07,23.26
37.51,-74.05,23.13
37.51,-74.03,22.61
37.51,-74.01,22.6
37.51,-73.99,22.32
37.49,-76.27,17.85
37.49,-76.25,17.8
37.49,-76.23,17.62
37.49,-76.21,17.44
37.49,-76.19,17.35
37.49,-76.17,17.39
37.49,-76.15,17.33
37.49,-76.13,17.25
37.49,-76.11,17.27
37.49,-76.09,17.31
37.49,-76.07,17.29
37.49,-76.05,17.14
37.49,-76.03,17.09
37.49,-76.01,17.2
37.49,-75.99,17.26
37.49,-75.97,17.35
37.49,-75.77,19.57
37.49,-75.65,16.36
37.49,-75.63,15.93
37.49,-75.61,15.87
37.49,-75.59,15.52
37.49,-75.57,15.46
37.49,-75.55,14.57
37.49,-75.53,14.36
37.49,-75.51,14.28
37.49,-75.49,14.29
37.49,-75.47,14.19
37.49,-75.45,13.95
37.49,-75.43,13.88
37.49,-75.41,13.72
37.49,-75.39,13.56
37.49,-75.37,13.49
37.49,-75.35,13.46
37.49,-75.33,13.71
37.49,-75.31,13.73
37.49,-75.29,13.65
37.49,-75.27,13.53
37.49,-75.25,13.49
37.49,-75.23,13.51
37.49,-75.21,13.45
37.49,-75.19,13.41
37.49,-75.17,13.37
37.49,-75.15,13.39
37.49,-75.13,13.39
37.49,-75.11,13.1
37.49,-75.09,13.08
37.49,-75.07,13.2
37.49,-75.05,13.28
37.49,-75.03,13.33
37.49,-75.01,13.31
37.49,-74.99,13.19
37.49,-74.97,13.17
37.49,-74.95,13.18
37.49,-74.93,13.21
37.49,-74.91,13.09
37.49,-74.89,12.97
37.49,-74.87,12.92
37.49,-74.85,12.8
37.49,-74.83,12.64
37.49,-74.81,12.57
37.49,-74.79,12.47
37.49,-74.77,12.44
37.49,-74.75,12.5
37.49,-74.73,12.53
37.49,-74.71,12.53
37.49,-74.69,12.57
37.49,-74.67,12.87
37.49,-74.65,13.42
37.49,-74.63,13.74
37.49,-74.61,14.18
37.49,-74.59,15.06
37.49,-74.57,15.68
37.49,-74.55,19.85
37.49,-74.53,22.11
37.49,-74.51,22.53
37.49,-74.49,22.81
37.49,-74.47,23.22
37.49,-74.45,23.32
37.49,-74.43,23.44
37.49,-74.41,23.53
37.49,-74.39,23.62
37.49,-74.37,23.63
37.49,-74.35,23.59
37.49,-74.33,23.59
37.49,-74.31,23.6
37.49,-74.29,23.58
37.49,-74.27,23.59
37.49,-74.25,23.6
37.49,-74.23,23.6
37.49,-74.21,23.6
37.49,-74.19,23.56
37.49,-74.17,23.54
37.49,-74.15,23.59
37.49,-74.13,23.58
37.49,-74.11,23.59
37.49,-74.09,23.48
37.49,-74.07,23.25
37.49,-74.05,22.98
37.49,-74.03,22.31
37.49,-74.01,22.24
37.49,-73.99,22.18
37.47,-76.75,20.01
37.47,-76.27,18.36
37.47,-76.25,17.94
37.47,-76.23,17.63
37.47,-76.21,17.34
37.47,-76.19,17.21
37.47,-76.17,17.4
37.47,-76.15,17.39
37.47,-76.13,17.3
37.47,-76.11,17.14
37.47,-76.09,17.14
37.47,-76.07,17.23
37.47,-76.05,17.16
37.47,-76.03,17.1
37.47,-76.01,17.13
37.47,-75.99,17.32
37.47,-75.97,17.37
37.47,-75.79,20.5
37.47,-75.77,19.09
37.47,-75.75,19.02
37.47,-75.73,18.99
37.47,-75.65,16.4
37.47,-75.63,16.38
37.47,-75.61,15.59
37.47,-75.59,15.07
37.47,-75.57,15.0
37.47,-75.55,14.45
37.47,-75.53,14.37
37.47,-75.51,14.15
37.47,-75.49,14.17
37.47,-75.47,14.14
37.47,-75.45,14.09
37.47,-75.43,14.11
37.47,-75.41,14.16
37.47,-75.39,14.11
37.47,-75.37,14.13
37.47,-75.35,13.99
37.47,-75.33,13.52
37.47,-75.31,13.71
37.47,-75.29,13.94
37.47,-75.27,13.81
37.47,-75.25,13.71
37.47,-75.23,13.65
37.47,-75.21,13.55
37.47,-75.19,13.42
37.47,-75.17,13.37
37.47,-75.15,13.41
37.47,-75.13,13.36
37.47,-75.11,13.1
37.47,-75.09,13.0
37.47,-75.07,13.15
37.47,-75.05,13.3
37.47,-75.03,13.26
37.47,-75.01,13.24
37.47,-74.99,13.22
37.47,-74.97,13.19
37.47,-74.95,13.17
37.47,-74.93,13.12
37.47,-74.91,12.95
37.47,-74.89,12.84
37.47,-74.87,12.76
37.47,-74.85,12.69
37.47,-74.83,12.55
37.47,-74.81,12.47
37.47,-74.79,12.29
37.47,-74.77,12.25
37.47,-74.75,12.49
37.47,-74.73,12.51
37.47,-74.71,12.57
37.47,-74.69,12.79
37.47,-74.67,13.29
37.47,-74.65,13.38
37.47,-74.63,13.8
37.47,-74.61,14.39
37.47,-74.59,15.07
37.47,-74.57,15.41
37.47,-74.55,19.85
37.47,-74.53,22.42
37.47,-74.51,22.81
37.47,-74.49,23.18
37.47,-74.47,23.29
37.47,-74.45,23.43
37.47,-74.43,23.54
37.47,-74.41,23.55
37.47,-74.39,23.61
37.47,-74.37,23.62
37.47,-74.35,23.59
37.47,-74.33,23.58
37.47,-74.31,23.59
37.47,-74.29,23.61
37.47,-74.27,23.57
37.47,-74.25,23.54
37.47,-74.23,23.48
37.47,-74.21,23.25
37.47,-74.19,23.35
37.47,-74.17,23.45
37.47,-74.15,23.52
37.47,-74.13,23.46
37.47,-74.11,23.15
37.47,-74.09,22.85
37.47,-74.07,22.13
37.47,-74.05,21.97
37.45,-76.73,19.77
37.45,-76.25,18.37
37.45,-76.23,17.76
37.45,-76.21,17.43
37.45,-76.19,17.38
37.45,-76.17,17.4
37.45,-76.15,17.4
37.45,-76.13,17.2
37.45,-76.11,17.09
37.45,-76.09,17.05
37.45,-76.07,16.98
37.45,-76.05,17.15
37.45,-76.03,17.03
37.45,-76.01,16.94
37.45,-75.99,17.0
37.45,-75.81,20.56
37.45,-75.79,20.56
37.45,-75.77,19.0
37.45,-75.75,18.36
37.45,-75.73,18.33
37.45,-75.71,18.33
37.45,-75.65,16.71
37.45,-75.63,16.38
37.45,-75.61,15.51
37.45,-75.59,14.68
37.45,-75.57,14.45
37.45,-75.55,14.39
37.45,-75.53,14.35
37.45,-75.51,14.28
37.45,-75.49,14.2
37.45,-75.47,14.2
37.45,-75.45,14.34
37.45,-75.43,14.43
37.45,-75.41,14.35
37.45,-75.39,14.27
37.45,-75.37,14.25
37.45,-75.35,14.16
37.45,-75.33,13.93
37.45,-75.31,13.44
37.45,-75.29,13.53
37.45,-75.27,13.47
37.45,-75.25,13.74
37.45,-75.23,13.64
37.45,-75.21,13.56
37.45,-75.19,13.47
37.45,-75.17,13.42
37.45,-75.15,13.37
37.45,-75.13,13.29
37.45,-75.11,13.17
37.45,-75.09,13.06
37.45,-75.07,13.05
37.45,-75.05,13.16
37.45,-75.03,13.13
37.45,-75.01,13.08
37.45,-74.99,13.08
37.45,-74.97,13.05
37.45,-74.95,13.07
37.45,-74.93,13.02
37.45,-74.91,12.93
37.45,-74.89,12.72
37.45,-74.87,12.61
37.45,-74.85,12.51
37.45,-74.83,12.46
37.45,-74.81,12.43
37.45,-74.79,12.41
37.45,-74.77,12.41
37.45,-74.75,12.46
37.45,-74.73,12.46
37.45,-74.71,12.57
37.45,-74.69,13.06
37.45,-74.67,13.04
37.45,-74.65,12.87
37.45,-74.63,13.25
37.45,-74.61,13.82
37.45,-74.59,14.6
37.45,-74.55,22.41
37.45,-74.53,22.8
37.45,-74.51,23.15
37.45,-74.49,23.28
37.45,-74.47,23.4
37.45,-74.45,23.52
37.45,-74.43,23.63
37.45,-74.41,23.64
37.45,-74.39,23.65
37.45,-74.37,23.61
37.45,-74.35,23.61
37.45,-74.33,23.62
37.45,-74.31,23.63
37.45,-74.29,23.53
37.45,-74.27,23.53
37.45,-74.25,23.53
37.45,-74.23,23.15
37.45,-74.21,23.22
37.45,-74.19,23.31
37.45,-74.17,23.27
37.45,-74.15,23.07
37.45,-74.13,22.95
37.45,-74.11,22.81
37.45,-74.09,22.43
37.45,-74.07,21.85
37.45,-74.05,21.56
37.45,-74.03,21.13
37.45,-74.01,21.14
37.45,-73.99,21.1
37.45,-73.97,21.07
37.43,-76.71,19.77
37.43,-76.41,20.05
37.43,-76.23,17.81
37.43,-76.21,17.52
37.43,-76.19,17.35
37.43,-76.17,17.31
37.43,-76.15,17.27
37.43,-76.13,17.21
37.43,-76.11,16.95
37.43,-76.09,16.92
37.43,-76.07,16.91
37.43,-76.05,16.86
37.43,-76.03,16.8
37.43,-76.01,16.79
37.43,-75.99,17.0
37.43,-75.81,20.55
37.43,-75.79,19.82
37.43,-75.77,19.85
37.43,-75.75,18.37
37.43,-75.71,18.3
37.43,-75.67,16.77
37.43,-75.65,16.5
37.43,-75.63,15.78
37.43,-75.61,14.68
37.43,-75.59,14.45
37.43,-75.57,14.45
37.43,-75.55,14.48
37.43,-75.53,14.46
37.43,-75.51,14.38
37.43,-75.49,14.4
37.43,-75.47,14.39
37.43,-75.45,14.43
37.43,-75.43,14.46
37.43,-75.41,14.48
37.43,-75.39,14.31
37.43,-75.37,14.17
37.43,-75.35,14.02
37.43,-75.33,13.77
37.43,-75.31,13.67
37.43,-75.29,13.6
37.43,-75.27,13.55
37.43,-75.25,13.57
37.43,-75.23,13.54
37.43,-75.21,13.48
37.43,-75.19,13.48
37.43,-75.17,13.44
37.43,-75.15,13.33
37.43,-75.13,13.28
37.43,-75.11,13.23
37.43,-75.09,13.1
37.43,-75.07,13.02
37.43,-75.05,13.1
37.43,-75.03,13.08
37.43,-75.01,13.02
37.43,-74.99,13.04
37.43,-74.97,13.01
37.43,-74.95,12.87
37.43,-74.93,12.88
37.43,-74.91,12.63
37.43,-74.89,12.6
37.43,-74.87,12.6
37.43,-74.85,12.58
37.43,-74.83,12.48
37.43,-74.81,12.43
37.43,-74.79,12.45
37.43,-74.77,12.5
37.43,-74.75,12.54
37.43,-74.73,12.56
37.43,-74.71,12.64
37.43,-74.69,12.93
37.43,-74.67,12.91
37.43,-74.65,12.85
37.43,-74.63,12.83
37.43,-74.61,13.54
37.43,-74.59,13.74
37.43,-74.57,22.31
37.43,-74.55,22.67
37.43,-74.53,22.87
37.43,-74.51,23.2
37.43,-74.49,23.39
37.43,-74.47,23.53
37.43,-74.45,23.66
37.43,-74.43,23.68
37.43,-74.41,23.68
37.43,-74.39,23.68
37.43,-74.37,23.64
37.43,-74.35,23.64
37.43,-74.33,23.64
37.43,-74.31,23.66
37.43,-74.29,23.64
37.43,-74.27,23.58
37.43,-74.25,23.45
37.43,-74.23,22.81
37.43,-74.21,22.89
37.43,-74.19,22.84
37.43,-74.17,22.61
37.43,-74.15,22.71
37.43,-74.13,22.82
37.43,-74.03,21.01
37.43,-74.01,21.01
37.43,-73.99,20.98
37.43,-73.97,20.98
37.41,-76.67,19.71
37.41,-76.23,17.62
37.41,-76.21,17.3
37.41,-76.19,17.24
37.41,-76.17,17.24
37.41,-76.15,17.23
37.41,-76.13,17.16
37.41,-76.11,17.06
37.41,-76.09,16.85
37.41,-76.07,16.81
37.41,-76.05,16.82
37.41,-76.03,16.85
37.41,-76.01,17.04
37.41,-75.99,17.41
37.41,-75.79,19.18
37.41,-75.77,18.4
37.41,-75.75,18.38
37.41,-75.73,18.32
37.41,-75.71,18.25
37.41,-75.69,16.55
37.41,-75.67,16.51
37.41,-75.65,16.49
37.41,-75.63,15.33
37.41,-75.61,14.62
37.41,-75.59,14.46
37.41,-75.57,14.51
37.41,-75.55,14.61
37.41,-75.53,14.47
37.41,-75.51,14.52
37.41,-75.49,14.52
37.41,-75.47,14.52
37.41,-75.45,14.46
37.41,-75.43,14.45
37.41,-75.41,14.5
37.41,-75.39,14.38
37.41,-75.37,14.17
37.41,-75.35,13.92
37.41,-75.33,13.78
37.41,-75.31,13.69
37.41,-75.29,13.67
37.41,-75.27,13.66
37.41,-75.25,13.64
37.41,-75.23,13.64
37.41,-75.21,13.66
37.41,-75.19,13.49
37.41,-75.17,13.4
37.41,-75.15,13.3
37.41,-75.13,13.26
37.41,-75.11,13.22
37.41,-75.09,13.17
37.41,-75.07,13.14
37.41,-75.05,13.13
37.41,-75.03,13.16
37.41,-75.01,13.1
37.41,-74.99,12.98
37.41,-74.97,12.7
37.41,-74.95,12.65
37.41,-74.93,12.63
37.41,-74.91,12.6
37.41,-74.89,12.62
37.41,-74.87,12.68
37.41,-74.85,12.81
37.41,-74.83,12.69
37.41,-74.81,12.43
37.41,-74.79,12.53
37.41,-74.77,12.69
37.41,-74.75,12.65
37.41,-74.73,12.63
37.41,-74.71,12.73
37.41,-74.69,12.83
37.41,-74.67,12.78
37.41,-74.65,12.81
37.41,-74.57,22.71
37.41,-74.55,22.9
37.41,-74.53,23.14
37.41,-74.51,23.43
37.41,-74.49,23.56
37.41,-74.47,23.66
37.41,-74.45,23.71
37.41,-74.43,23.72
37.41,-74.41,23.74
37.41,-74.39,23.73
37.41,-74.37,23.69
37.41,-74.35,23.65
37.41,-74.33,23.66
37.41,-74.31,23.73
37.41,-74.29,23.66
37.41,-74.27,23.6
37.41,-74.25,23.05
37.41,-74.23,22.73
37.41,-74.21,22.44
37.41,-74.19,22.02
37.41,-74.17,21.67
37.41,-74.15,21.68
37.41,-73.99,20.94
37.41,-73.97,20.94
37.39,-76.67,19.38
37.39,-76.65,19.04
37.39,-76.41,19.46
37.39,-76.23,17.87
37.39,-76.21,17.32
37.39,-76.19,16.89
37.39,-76.17,17.11
37.39,-76.15,17.2
37.39,-76.13,17.16
37.39,-76.11,17.12
37.39,-76.09,17.1
37.39,-76.07,16.88
37.39,-76.05,16.85
37.39,-76.03,16.92
37.39,-76.01,17.43
37.39,-75.99,17.68
37.39,-75.81,19.7
37.39,-75.79,18.42
37.39,-75.77,17.96
37.39,-75.75,17.67
37.39,-75.69,16.24
37.39,-75.67,15.97
37.39,-75.65,15.88
37.39,-75.63,15.11
37.39,-75.61,14.64
37.39,-75.59,14.35
37.39,-75.57,14.31
37.39,-75.55,14.6
37.39,-75.53,14.78
37.39,-75.51,14.83
37.39,-75.49,14.82
37.39,-75.47,14.63
37.39,-75.45,14.54
37.39,-75.43,14.52
37.39,-75.41,14.42
37.39,-75.39,14.28
37.39,-75.37,14.09
37.39,-75.35,13.82
37.39,-75.33,13.76
37.39,-75.31,13.69
37.39,-75.29,13.64
37.39,-75.27,13.67
37.39,-75.25,13.64
37.39,-75.23,13.59
37.39,-75.21,13.59
37.39,-75.19,13.36
37.39,-75.17,13.33
37.39,-75.15,13.32
37.39,-75.13,13.35
37.39,-75.11,13.14
37.39,-75.09,13.14
37.39,-75.07,13.32
37.39,-75.05,13.12
37.39,-75.03,13.15
37.39,-75.01,13.09
37.39,-74.99,13.03
37.39,-74.97,12.9
37.39,-74.95,12.69
37.39,-74.93,12.7
37.39,-74.91,12.63
37.39,-74.89,12.64
37.39,-74.87,12.81
37.39,-74.85,12.81
37.39,-74.83,12.74
37.39,-74.81,12.7
37.39,-74.79,12.66
37.39,-74.77,12.59
37.39,-74.75,12.47
37.39,-74.73,12.66
37.39,-74.71,12.71
37.39,-74.69,12.81
37.39,-74.67,12.84
37.39,-74.65,16.96
37.39,-74.63,21.97
37.39,-74.61,22.21
37.39,-74.59,22.54
37.39,-74.57,22.93
37.39,-74.55,23.09
37.39,-74.53,23.28
37.39,-74.51,23.5
37.39,-74.49,23.6
37.39,-74.47,23.67
37.39,-74.45,23.73
37.39,-74.43,23.75
37.39,-74.41,23.77
37.39,-74.39,23.77
37.39,-74.37,23.69
37.39,-74.35,23.66
37.39,-74.33,23.68
37.39,-74.31,23.69
37.39,-74.29,23.62
37.39,-74.27,23.42
37.39,-74.25,22.9
37.39,-74.23,22.26
37.39,-74.21,22.04
37.39,-74.19,21.66
37.39,-74.17,20.82
37.39,-74.15,20.9
37.39,-74.13,21.05
37.39,-74.11,21.2
37.37,-76.65,18.87
37.37,-76.63,18.89
37.37,-76.45,19.52
37.37,-76.43,19.52
37.37,-76.39,19.06
37.37,-76.37,18.98
37.37,-76.35,18.89
37.37,-76.25,19.11
37.37,-76.23,17.99
37.37,-76.21,17.45
37.37,-76.19,16.92
37.37,-76.17,16.82
37.37,-76.15,16.75
37.37,-76.13,16.92
37.37,-76.11,17.09
37.37,-76.09,17.19
37.37,-76.07,16.86
37.37,-76.05,16.9
37.37,-76.03,16.96
37.37,-76.01,17.03
37.37,-75.99,17.71
37.37,-75.85,19.15
37.37,-75.83,19.13
37.37,-75.81,19.1
37.37,-75.79,19.67
37.37,-75.77,18.79
37.37,-75.75,17.68
37.37,-75.73,17.35
37.37,-75.71,16.94
37.37,-75.69,16.39
37.37,-75.67,15.57
37.37,-75.65,15.16
37.37,-75.63,14.51
37.37,-75.61,14.36
37.37,-75.59,14.38
37.37,-75.57,14.49
37.37,-75.55,14.7
37.37,-75.53,14.67
37.37,-75.51,14.92
37.37,-75.49,14.87
37.37,-75.47,14.77
37.37,-75.45,14.74
37.37,-75.43,14.48
37.37,-75.41,14.36
37.37,-75.39,14.09
37.37,-75.37,13.92
37.37,-75.35,13.79
37.37,-75.33,13.8
37.37,-75.31,13.77
37.37,-75.29,13.64
37.37,-75.27,13.62
37.37,-75.25,13.59
37.37,-75.23,13.52
37.37,-75.21,13.46
37.37,-75.19,13.39
37.37,-75.17,13.34
37.37,-75.15,13.3
37.37,-75.13,13.24
37.37,-75.11,13.08
37.37,-75.09,13.08
37.37,-75.07,13.07
37.37,-75.05,13.06
37.37,-75.03,13.1
37.37,-75.01,13.11
37.37,-74.99,13.11
37.37,-74.97,12.98
37.37,-74.95,12.99
37.37,-74.93,12.84
37.37,-74.91,12.73
37.37,-74.89,12.62
37.37,-74.87,12.66
37.37,-74.85,12.73
37.37,-74.83,12.76
37.37,-74.81,12.86
37.37,-74.79,12.88
37.37,-74.77,12.77
37.37,-74.75,12.69
37.37,-74.73,12.67
37.37,-74.71,12.67
37.37,-74.69,12.68
37.37,-74.67,14.05
37.37,-74.65,21.59
37.37,-74.63,22.15
37.37,-74.61,22.31
37.37,-74.59,22.79
37.37,-74.57,23.04
37.37,-74.55,23.3
37.37,-74.53,23.38
37.37,-74.51,23.63
37.37,-74.49,23.65
37.37,-74.47,23.66
37.37,-74.45,23.64
37.37,-74.43,23.66
37.37,-74.41,23.7
37.37,-74.39,23.73
37.37,-74.37,23.72
37.37,-74.35,23.69
37.37,-74.33,23.65
37.37,-74.31,23.65
37.37,-74.29,23.44
37.37,-74.27,23.17
37.37,-74.25,22.78
37.37,-74.23,22.13
37.37,-74.21,21.98
37.37,-74.19,21.62
37.37,-74.17,20.82
37.37,-74.15,20.76
37.37,-74.13,20.89
37.37,-74.11,21.07
37.35,-76.65,18.94
37.35,-76.63,18.92
37.35,-76.41,18.89
37.35,-76.39,18.88
37.35,-76.37,18.79
37.35,-76.35,18.8
37.35,-76.33,18.79
37.35,-76.27,19.33
37.35,-76.25,18.15
37.35,-76.23,17.73
37.35,-76.21,17.52
37.35,-76.19,17.44
37.35,-76.17,17.24
37.35,-76.15,16.8
37.35,-76.13,16.79
37.35,-76.11,16.95
37.35,-76.09,16.93
37.35,-76.07,16.93
37.35,-76.05,16.96
37.35,-76.03,16.97
37.35,-76.01,17.05
37.35,-75.85,19.05
37.35,-75.83,18.95
37.35,-75.81,18.77
37.35,-75.79,19.66
37.35,-75.77,19.62
37.35,-75.75,17.63
37.35,-75.71,16.82
37.35,-75.69,16.58
37.35,-75.67,15.28
37.35,-75.65,14.8
37.35,-75.63,14.47
37.35,-75.61,14.38
37.35,-75.59,14.38
37.35,-75.57,14.54
37.35,-75.55,14.78
37.35,-75.53,14.81
37.35,-75.51,14.75
37.35,-75.49,14.77
37.35,-75.47,14.75
37.35,-75.45,14.7
37.35,-75.43,14.54
37.35,-75.41,14.37
37.35,-75.39,14.08
37.35,-75.37,13.91
37.35,-75.35,13.9
37.35,-75.33,13.93
37.35,-75.31,13.84
37.35,-75.29,13.62
37.35,-75.27,13.62
37.35,-75.25,13.62
37.35,-75.23,13.59
37.35,-75.21,13.56
37.35,-75.19,13.59
37.35,-75.17,13.53
37.35,-75.15,13.29
37.35,-75.13,13.28
37.35,-75.11,13.12
37.35,-75.09,13.02
37.35,-75.07,12.96
37.35,-75.05,13.01
37.35,-75.03,13.06
37.35,-75.01,13.07
37.35,-74.99,13.05
37.35,-74.97,13.04
37.35,-74.95,12.98
37.35,-74.93,12.86
37.35,-74.91,12.72
37.35,-74.89,12.7
37.35,-74.87,12.85
37.35,-74.85,12.8
37.35,-74.83,12.82
37.35,-74.81,12.89
37.35,-74.79,12.9
37.35,-74.77,12.82
37.35,-74.75,12.72
37.35,-74.73,12.7
37.35,-74.71,12.72
37.35,-74.69,12.74
37.35,-74.63,22.2
37.35,-74.61,22.55
37.35,-74.59,22.97
37.35,-74.57,23.2
37.35,-74.55,23.45
37.35,-74.53,23.58
37.35,-74.51,23.66
37.35,-74.49,23.66
37.35,-74.47,23.62
37.35,-74.45,23.61
37.35,-74.43,23.67
37.35,-74.41,23.68
37.35,-74.39,23.68
37.35,-74.37,23.7
37.35,-74.35,23.65
37.35,-74.33,23.57
37.35,-74.31,23.54
37.35,-74.29,23.25
37.35,-74.27,22.82
37.35,-74.25,22.55
37.35,-74.23,22.02
37.35,-74.21,21.65
37.35,-74.19,21.47
37.35,-74.17,21.22
37.35,-74.15,20.85
37.35,-74.13,20.88
37.35,-74.11,20.99
37.35,-74.09,21.1
37.33,-76.63,18.95
37.33,-76.61,18.95
37.33,-76.41,19.69
37.33,-76.39,18.79
37.33,-76.37,18.7
37.33,-76.35,18.55
37.33,-76.33,18.53
37.33,-76.31,18.5
37.33,-76.27,18.17
37.33,-76.25,17.94
37.33,-76.23,17.53
37.33,-76.21,17.28
37.33,-76.19,17.3
37.33,-76.17,17.34
37.33,-76.15,17.16
37.33,-76.13,16.74
37.33,-76.11,16.42
37.33,-76.09,16.83
37.33,-76.07,16.92
37.33,-76.05,16.92
37.33,-76.03,16.94
37.33,-75.83,18.96
37.33,-75.81,18.96
37.33,-75.73,16.81
37.33,-75.71,16.63
37.33,-75.69,16.2
37.33,-75.67,14.75
37.33,-75.65,14.53
37.33,-75.63,14.43
37.33,-75.61,14.41
37.33,-75.59,14.47
37.33,-75.57,14.59
37.33,-75.55,14.72
37.33,-75.53,14.85
37.33,-75.51,14.72
37.33,-75.49,14.67
37.33,-75.47,14.63
37.33,-75.45,14.52
37.33,-75.43,14.43
37.33,-75.41,14.38
37.33,-75.39,14.16
37.33,-75.37,14.08
37.33,-75.35,14.06
37.33,-75.33,14.07
37.33,-75.31,14.08
37.33,-75.29,14.06
37.33,-75.27,13.83
37.33,-75.25,13.58
37.33,-75.23,13.52
37.33,-75.21,13.39
37.33,-75.19,13.33
37.33,-75.17,13.33
37.33,-75.15,13.28
37.33,-75.13,13.28
37.33,-75.11,13.16
37.33,-75.09,13.06
37.33,-75.07,13.05
37.33,-75.05,13.08
37.33,-75.03,13.12
37.33,-75.01,13.03
37.33,-74.99,12.99
37.33,-74.97,12.93
37.33,-74.95,12.88
37.33,-74.93,12.77
37.33,-74.91,12.74
37.33,-74.89,12.89
37.33,-74.87,12.92
37.33,-74.85,12.96
37.33,-74.83,12.93
37.33,-74.81,12.95
37.33,-74.79,12.95
37.33,-74.77,12.86
37.33,-74.75,12.79
37.33,-74.73,12.75
37.33,-74.71,12.7
37.33,-74.69,12.71
37.33,-74.67,16.89
37.33,-74.65,21.62
37.33,-74.63,22.09
37.33,-74.61,22.83
37.33,-74.59,23.23
37.33,-74.57,23.4
37.33,-74.55,23.56
37.33,-74.53,23.64
37.33,-74.51,23.66
37.33,-74.49,23.66
37.33,-74.47,23.63
37.33,-74.45,23.68
37.33,-74.43,23.69
37.33,-74.41,23.62
37.33,-74.39,23.61
37.33,-74.37,23.64
37.33,-74.35,23.66
37.33,-74.33,23.59
37.33,-74.31,23.52
37.33,-74.29,23.06
37.33,-74.27,22.59
37.33,-74.25,22.31
37.33,-74.23,21.78
37.33,-74.21,21.64
37.33,-74.19,21.21
37.33,-74.17,21.04
37.33,-74.15,21.04
37.33,-74.13,21.02
37.33,-74.11,21.02
37.33,-73.97,20.1
37.31,-76.61,18.9
37.31,-76.59,18.84
37.31,-76.57,18.83
37.31,-76.37,18.62
37.31,-76.35,18.52
37.31,-76.33,18.2
37.31,-76.31,18.2
37.31,-76.29,18.43
37.31,-76.27,17.56
37.31,-76.25,17.36
37.31,-76.23,17.15
37.31,-76.21,17.08
37.31,-76.19,17.12
37.31,-76.17,17.04
37.31,-76.15,16.96
37.31,-76.13,16.82
37.31,-76.11,16.49
37.31,-76.09,16.53
37.31,-76.07,16.69
37.31,-76.05,17.01
37.31,-76.03,17.48
37.31,-75.85,19.12
37.31,-75.83,18.29
37.31,-75.81,17.73
37.31,-75.79,18.16
37.31,-75.77,18.05
37.31,-75.75,16.33
37.31,-75.73,16.34
37.31,-75.71,16.26
37.31,-75.69,15.75
37.31,-75.67,14.78
37.31,-75.65,14.45
37.31,-75.63,14.41
37.31,-75.61,14.48
37.31,-75.59,14.59
37.31,-75.57,14.53
37.31,-75.55,14.68
37.31,-75.53,14.76
37.31,-75.51,14.76
37.31,-75.49,14.78
37.31,-75.47,14.63
37.31,-75.45,14.53
37.31,-75.43,14.44
37.31,-75.41,14.34
37.31,-75.39,14.24
37.31,-75.37,14.24
37.31,-75.35,14.22
37.31,-75.33,14.16
37.31,-75.31,14.23
37.31,-75.29,14.07
37.31,-75.27,14.0
37.31,-75.25,13.78
37.31,-75.23,13.46
37.31,-75.21,13.26
37.31,-75.19,13.21
37.31,-75.17,13.23
37.31,-75.15,13.23
37.31,-75.13,13.23
37.31,-75.11,13.17
37.31,-75.09,13.09
37.31,-75.07,13.02
37.31,-75.05,13.05
37.31,-75.03,13.1
37.31,-75.01,13.0
37.31,-74.99,12.93
37.31,-74.97,12.91
37.31,-74.95,12.91
37.31,-74.93,12.92
37.31,-74.91,12.97
37.31,-74.89,12.98
37.31,-74.87,12.99
37.31,-74.85,12.85
37.31,-74.83,13.0
37.31,-74.81,13.02
37.31,-74.79,12.92
37.31,-74.77,12.86
37.31,-74.75,12.85
37.31,-74.67,22.17
37.31,-74.65,22.19
37.31,-74.63,22.12
37.31,-74.61,22.84
37.31,-74.59,23.39
37.31,-74.57,23.45
37.31,-74.55,23.64
37.31,-74.53,23.72
37.31,-74.51,23.7
37.31,-74.49,23.67
37.31,-74.47,23.68
37.31,-74.45,23.67
37.31,-74.43,23.64
37.31,-74.41,23.59
37.31,-74.39,23.56
37.31,-74.37,23.59
37.31,-74.35,23.62
37.31,-74.33,23.58
37.31,-74.31,23.29
37.31,-74.29,22.88
37.31,-74.27,22.53
37.31,-74.19,20.96
37.31,-74.17,20.77
37.31,-74.15,20.78
37.31,-74.13,20.96
37.31,-74.11,20.97
37.31,-74.01,20.02
37.31,-73.99,19.46
37.31,-73.97,20.02
37.29,-76.59,18.85
37.29,-76.57,18.76
37.29,-76.55,18.72
37.29,-76.37,18.67
37.29,-76.35,18.5
37.29,-76.33,18.13
37.29,-76.31,17.88
37.29,-76.29,17.78
37.29,-76.27,17.47
37.29,-76.25,17.15
37.29,-76.23,17.03
37.29,-76.21,17.12
37.29,-76.19,17.16
37.29,-76.17,16.99
37.29,-76.15,16.95
37.29,-76.13,16.86
37.29,-76.11,16.9
37.29,-76.09,16.85
37.29,-76.07,16.76
37.29,-76.05,17.64
37.29,-76.03,17.65
37.29,-75.85,17.78
37.29,-75.83,17.76
37.29,-75.81,17.69
37.29,-75.79,17.72
37.29,-75.77,16.96
37.29,-75.75,16.27
37.29,-75.73,15.87
37.29,-75.71,15.56
37.29,-75.69,15.33
37.29,-75.67,14.87
37.29,-75.65,14.4
37.29,-75.63,14.36
37.29,-75.61,14.52
37.29,-75.59,14.57
37.29,-75.57,14.61
37.29,-75.55,14.72
37.29,-75.53,14.75
37.29,-75.51,14.87
37.29,-75.49,14.85
37.29,-75.47,14.68
37.29,-75.45,14.62
37.29,-75.43,14.46
37.29,-75.41,14.39
37.29,-75.39,14.32
37.29,-75.37,14.31
37.29,-75.35,14.3
37.29,-75.33,14.42
37.29,-75.31,14.45
37.29,-75.29,14.41
37.29,-75.27,14.16
37.29,-75.25,13.93
37.29,-75.23,13.59
37.29,-75.21,13.38
37.29,-75.19,13.29
37.29,-75.17,13.08
37.29,-75.15,13.21
37.29,-75.13,13.23
37.29,-75.11,13.22
37.29,-75.09,13.14
37.29,-75.07,13.04
37.29,-75.05,13.09
37.29,-75.03,13.12
37.29,-75.01,13.04
37.29,-74.99,12.99
37.29,-74.97,12.9
37.29,-74.95,12.92
37.29,-74.93,12.96
37.29,-74.91,12.98
37.29,-74.89,12.97
37.29,-74.87,12.97
37.29,-74.85,12.92
37.29,-74.83,12.93
37.29,-74.81,13.09
37.29,-74.79,13.11
37.29,-74.77,12.99
37.29,-74.75,15.57
37.29,-74.73,20.73
37.29,-74.71,21.67
37.29,-74.69,22.13
37.29,-74.67,22.2
37.29,-74.65,22.29
37.29,-74.63,22.49
37.29,-74.61,23.05
37.29,-74.59,23.37
37.29,-74.57,23.49
37.29,-74.55,23.69
37.29,-74.53,23.73
37.29,-74.51,23.75
37.29,-74.49,23.76
37.29,-74.47,23.73
37.29,-74.45,23.66
37.29,-74.43,23.63
37.29,-74.41,23.58
37.29,-74.39,23.54
37.29,-74.37,23.54
37.29,-74.35,23.1
37.29,-74.33,23.14
37.29,-74.31,22.91
37.29,-74.29,22.88
37.29,-74.17,20.72
37.29,-74.15,20.87
37.27,-76.55,18.67
37.27,-76.53,18.64
37.27,-76.37,19.85
37.27,-76.35,19.32
37.27,-76.33,18.37
37.27,-76.31,17.92
37.27,-76.29,17.78
37.27,-76.27,17.43
37.27,-76.25,17.19
37.27,-76.23,17.03
37.27,-76.21,17.02
37.27,-76.19,17.22
37.27,-76.17,17.14
37.27,-76.15,16.99
37.27,-76.13,16.87
37.27,-76.11,16.87
37.27,-76.09,16.81
37.27,-76.07,16.66
37.27,-76.05,16.83
37.27,-76.03,17.72
37.27,-75.81,19.07
37.27,-75.79,17.09
37.27,-75.77,16.92
37.27,-75.75,16.28
37.27,-75.73,15.63
37.27,-75.71,15.29
37.27,-75.69,14.98
37.27,-75.67,14.43
37.27,-75.65,14.25
37.27,-75.63,14.29
37.27,-75.61,14.5
37.27,-75.59,14.5
37.27,-75.57,14.63
37.27,-75.55,14.8
37.27,-75.53,14.84
37.27,-75.51,14.84
37.27,-75.49,14.84
37.27,-75.47,14.73
37.27,-75.45,14.59
37.27,-75.43,14.47
37.27,-75.41,14.35
37.27,-75.39,14.37
37.27,-75.37,14.51
37.27,-75.35,14.54
37.27,-75.33,14.58
37.27,-75.31,14.57
37.27,-75.29,14.48
37.27,-75.27,14.03
37.27,-75.25,13.98
37.27,-75.23,13.93
37.27,-75.21,13.38
37.27,-75.19,13.3
37.27,-75.17,13.18
37.27,-75.15,13.16
37.27,-75.13,13.0
37.27,-75.11,13.17
37.27,-75.09,13.24
37.27,-75.07,13.25
37.27,-75.05,13.18
37.27,-75.03,13.15
37.27,-75.01,13.1
37.27,-74.99,13.01
37.27,-74.97,12.98
37.27,-74.95,12.98
37.27,-74.93,13.03
37.27,-74.91,13.09
37.27,-74.89,12.95
37.27,-74.87,12.91
37.27,-74.85,12.92
37.27,-74.83,12.93
37.27,-74.81,13.0
37.27,-74.79,13.02
37.27,-74.77,14.33
37.27,-74.75,16.89
37.27,-74.73,20.61
37.27,-74.71,21.68
37.27,-74.69,22.25
37.27,-74.67,22.37
37.27,-74.65,22.44
37.27,-74.63,22.67
37.27,-74.61,23.17
37.27,-74.59,23.5
37.27,-74.57,23.63
37.27,-74.55,23.77
37.27,-74.53,23.78
37.27,-74.51,23.79
37.27,-74.49,23.79
37.27,-74.47,23.74
37.27,-74.45,23.7
37.27,-74.43,23.66
37.27,-74.41,23.61
37.27,-74.39,23.57
37.27,-74.37,23.2
37.27,-74.35,23.06
37.27,-74.33,23.02
37.27,-74.11,20.32
37.27,-74.09,20.11
37.27,-74.07,20.02
37.25,-76.97,21.02
37.25,-76.89,20.04
37.25,-76.49,18.5
37.25,-76.47,18.09
37.25,-76.45,17.75
37.25,-76.43,17.79
37.25,-76.41,17.93
37.25,-76.39,18.1
37.25,-76.37,18.03
37.25,-76.35,18.13
37.25,-76.33,18.09
37.25,-76.31,17.91
37.25,-76.29,17.76
37.25,-76.27,17.64
37.25,-76.25,17.26
37.25,-76.23,16.95
37.25,-76.21,17.11
37.25,-76.19,17.31
37.25,-76.17,17.21
37.25,-76.15,17.21
37.25,-76.13,17.07
37.25,-76.11,16.83
37.25,-76.09,16.7
37.25,-76.07,16.62
37.25,-76.05,16.79
37.25,-76.03,17.27
37.25,-75.87,20.02
37.25,-75.85,19.67
37.25,-75.83,19.61
37.25,-75.81,19.6
37.25,-75.79,17.15
37.25,-75.77,16.96
37.25,-75.75,16.45
37.25,-75.73,15.56
37.25,-75.71,14.9
37.25,-75.69,14.61
37.25,-75.67,14.26
37.25,-75.65,14.24
37.25,-75.63,14.52
37.25,-75.61,14.5
37.25,-75.59,14.56
37.25,-75.57,14.65
37.25,-75.55,14.79
37.25,-75.53,14.81
37.25,-75.51,14.82
37.25,-75.49,14.76
37.25,-75.47,14.63
37.25,-75.45,14.54
37.25,-75.43,14.47
37.25,-75.41,14.33
37.25,-75.39,14.48
37.25,-75.37,14.65
37.25,-75.35,14.7
37.25,-75.33,14.69
37.25,-75.31,14.68
37.25,-75.29,14.55
37.25,-75.27,14.32
37.25,-75.25,14.01
37.25,-75.23,13.92
37.25,-75.21,13.62
37.25,-75.19,13.55
37.25,-75.17,13.18
37.25,-75.15,13.12
37.25,-75.13,13.01
37.25,-75.11,13.25
37.25,-75.09,13.41
37.25,-75.07,13.43
37.25,-75.05,13.27
37.25,-75.03,13.22
37.25,-75.01,13.17
37.25,-74.99,13.11
37.25,-74.97,13.08
37.25,-74.95,13.04
37.25,-74.93,13.06
37.25,-74.91,13.13
37.25,-74.89,12.93
37.25,-74.87,12.83
37.25,-74.85,12.91
37.25,-74.83,13.0
37.25,-74.81,13.12
37.25,-74.79,13.47
37.25,-74.77,14.92
37.25,-74.75,18.86
37.25,-74.73,20.56
37.25,-74.71,22.0
37.25,-74.69,22.51
37.25,-74.67,22.53
37.25,-74.65,22.58
37.25,-74.63,22.88
37.25,-74.61,23.45
37.25,-74.59,23.55
37.25,-74.57,23.75
37.25,-74.55,23.79
37.25,-74.53,23.78
37.25,-74.51,23.8
37.25,-74.49,23.8
37.25,-74.47,23.73
37.25,-74.45,23.69
37.25,-74.43,23.65
37.25,-74.41,23.64
37.25,-74.39,23.6
37.25,-74.37,23.54
37.25,-74.33,23.03
37.25,-74.31,22.45
37.25,-74.09,20.4
37.23,-76.91,20.1
37.23,-76.89,20.09
37.23,-76.87,20.04
37.23,-76.85,20.04
37.23,-76.83,20.0
37.23,-76.81,20.02
37.23,-76.47,18.46
37.23,-76.45,18.43
37.23,-76.43,17.8
37.23,-76.41,17.91
37.23,-76.39,18.05
37.23,-76.37,18.08
37.23,-76.35,18.07
37.23,-76.33,18.06
37.23,-76.31,18.09
37.23,-76.29,17.73
37.23,-76.27,17.6
37.23,-76.25,17.52
37.23,-76.23,17.26
37.23,-76.21,17.26
37.23,-76.19,17.34
37.23,-76.17,17.35
37.23,-76.15,17.31
37.23,-76.13,17.19
37.23,-76.11,17.07
37.23,-76.09,16.9
37.23,-76.07,16.82
37.23,-76.05,16.88
37.23,-76.03,17.31
37.23,-75.87,19.29
37.23,-75.85,20.1
37.23,-75.83,19.58
37.23,-75.79,17.34
37.23,-75.77,17.2
37.23,-75.75,16.23
37.23,-75.73,15.57
37.23,-75.71,14.98
37.23,-75.69,14.69
37.23,-75.67,14.58
37.23,-75.65,14.48
37.23,-75.63,14.49
37.23,-75.61,14.53
37.23,-75.59,14.57
37.23,-75.57,14.63
37.23,-75.55,14.66
37.23,-75.53,14.67
37.23,-75.51,14.75
37.23,-75.49,14.76
37.23,-75.47,14.67
37.23,-75.45,14.62
37.23,-75.43,14.5
37.23,-75.41,14.41
37.23,-75.39,14.48
37.23,-75.37,14.54
37.23,-75.35,14.62
37.23,-75.33,14.59
37.23,-75.31,14.58
37.23,-75.29,14.51
37.23,-75.27,14.41
37.23,-75.25,14.23
37.23,-75.23,13.99
37.23,-75.21,13.91
37.23,-75.19,13.62
37.23,-75.17,13.46
37.23,-75.15,13.32
37.23,-75.13,13.36
37.23,-75.11,13.58
37.23,-75.09,13.59
37.23,-75.07,13.55
37.23,-75.05,13.46
37.23,-75.03,13.34
37.23,-75.01,13.26
37.23,-74.99,13.14
37.23,-74.97,13.06
37.23,-74.95,13.03
37.23,-74.93,13.02
37.23,-74.91,12.98
37.23,-74.89,12.98
37.23,-74.87,12.91
37.23,-74.85,13.0
37.23,-74.83,13.25
37.23,-74.81,14.05
37.23,-74.79,15.18
37.23,-74.77,18.94
37.23,-74.75,20.5
37.23,-74.73,21.71
37.23,-74.71,22.34
37.23,-74.69,22.66
37.23,-74.67,22.65
37.23,-74.65,22.72
37.23,-74.63,23.13
37.23,-74.61,23.47
37.23,-74.59,23.73
37.23,-74.57,23.76
37.23,-74.55,23.79
37.23,-74.53,23.77
37.23,-74.51,23.77
37.23,-74.49,23.8
37.23,-74.47,23.73
37.23,-74.45,23.56
37.23,-74.43,23.56
37.23,-74.41,23.55
37.23,-74.39,23.52
37.23,-74.37,23.33
37.23,-74.35,23.13
37.23,-74.33,22.71
37.23,-74.31,22.33
37.23,-74.17,20.68
37.23,-74.15,20.96
37.23,-74.13,20.95
37.23,-74.11,21.02
37.23,-74.09,20.87
37.21,-76.91,20.07
37.21,-76.89,20.08
37.21,-76.87,20.04
37.21,-76.85,19.95
37.21,-76.83,19.96
37.21,-76.81,20.0
37.21,-76.79,19.99
37.21,-76.73,20.32
37.21,-76.71,20.33
37.21,-76.69,20.32
37.21,-76.67,20.31
37.21,-76.65,20.21
37.21,-76.39,18.7
37.21,-76.37,18.56
37.21,-76.35,18.0
37.21,-76.33,17.97
37.21,-76.31,18.15
37.21,-76.29,18.14
37.21,-76.27,17.72
37.21,-76.25,17.55
37.21,-76.23,17.54
37.21,-76.21,17.5
37.21,-76.19,17.38
37.21,-76.17,17.42
37.21,-76.15,17.29
37.21,-76.13,17.24
37.21,-76.11,17.11
37.21,-76.09,16.96
37.21,-76.07,16.93
37.21,-76.05,16.97
37.21,-76.03,17.42
37.21,-75.87,19.22
37.21,-75.85,19.25
37.21,-75.81,16.71
37.21,-75.79,16.66
37.21,-75.77,16.6
37.21,-75.75,15.7
37.21,-75.73,15.2
37.21,-75.71,14.93
37.21,-75.69,14.74
37.21,-75.67,14.69
37.21,-75.65,14.64
37.21,-75.63,14.63
37.21,-75.61,14.61
37.21,-75.59,14.56
37.21,-75.57,14.55
37.21,-75.55,14.6
37.21,-75.53,14.62
37.21,-75.51,14.64
37.21,-75.49,14.71
37.21,-75.47,14.76
37.21,-75.45,14.74
37.21,-75.43,14.68
37.21,-75.41,14.66
37.21,-75.39,14.62
37.21,-75.37,14.59
37.21,-75.35,14.49
37.21,-75.33,14.51
37.21,-75.31,14.55
37.21,-75.29,14.46
37.21,-75.27,14.36
37.21,-75.25,14.21
37.21,-75.23,14.14
37.21,-75.21,14.08
37.21,-75.19,13.87
37.21,-75.17,13.73
37.21,-75.15,13.66
37.21,-75.13,13.6
37.21,-75.11,13.62
37.21,-75.09,13.62
37.21,-75.07,13.6
37.21,-75.05,13.52
37.21,-75.03,13.42
37.21,-75.01,13.28
37.21,-74.99,13.18
37.21,-74.97,13.13
37.21,-74.95,13.09
37.21,-74.93,13.09
37.21,-74.91,13.02
37.21,-74.89,13.01
37.21,-74.87,13.11
37.21,-74.85,13.31
37.21,-74.83,14.03
37.21,-74.81,16.5
37.21,-74.79,18.43
37.21,-74.77,21.03
37.21,-74.75,21.73
37.21,-74.73,22.46
37.21,-74.71,22.76
37.21,-74.69,22.87
37.21,-74.67,22.85
37.21,-74.65,22.87
37.21,-74.63,23.4
37.21,-74.61,23.69
37.21,-74.59,23.75
37.21,-74.57,23.78
37.21,-74.55,23.79
37.21,-74.53,23.73
37.21,-74.51,23.73
37.21,-74.49,23.75
37.21,-74.47,23.69
37.21,-74.45,23.54
37.21,-74.43,23.5
37.21,-74.41,23.46
37.21,-74.39,23.34
37.21,-74.37,23.18
37.21,-74.35,22.84
37.21,-74.33,22.71
37.21,-74.31,22.11
37.21,-74.29,22.05
37.19,-76.79,20.15
37.19,-76.77,20.15
37.19,-76.73,20.27
37.19,-76.71,20.35
37.19,-76.67,20.28
37.19,-76.65,20.12
37.19,-76.63,20.12
37.19,-76.39,18.8
37.19,-76.37,18.47
37.19,-76.35,18.36
37.19,-76.33,18.34
37.19,-76.31,18.17
37.19,-76.29,18.01
37.19,-76.27,18.03
37.19,-76.25,17.45
37.19,-76.23,17.46
37.19,-76.21,17.49
37.19,-76.19,17.36
37.19,-76.17,17.31
37.19,-76.15,17.3
37.19,-76.13,17.28
37.19,-76.11,17.02
37.19,-76.09,16.89
37.19,-76.07,16.91
37.19,-76.05,16.97
37.19,-76.03,17.14
37.19,-76.01,17.13
37.19,-75.93,19.37
37.19,-75.81,16.74
37.19,-75.79,16.55
37.19,-75.77,16.2
37.19,-75.75,15.69
37.19,-75.73,15.25
37.19,-75.71,15.03
37.19,-75.69,14.73
37.19,-75.67,14.7
37.19,-75.65,14.74
37.19,-75.63,14.71
37.19,-75.61,14.69
37.19,-75.59,14.65
37.19,-75.57,14.59
37.19,-75.55,14.59
37.19,-75.53,14.62
37.19,-75.51,14.67
37.19,-75.49,14.72
37.19,-75.47,14.68
37.19,-75.45,14.65
37.19,-75.43,14.65
37.19,-75.41,14.6
37.19,-75.39,14.64
37.19,-75.37,14.66
37.19,-75.35,14.6
37.19,-75.33,14.56
37.19,-75.31,14.53
37.19,-75.29,14.45
37.19,-75.27,14.29
37.19,-75.25,14.23
37.19,-75.23,14.16
37.19,-75.21,14.1
37.19,-75.19,13.91
37.19,-75.17,13.84
37.19,-75.15,13.78
37.19,-75.13,13.72
37.19,-75.11,13.64
37.19,-75.09,13.61
37.19,-75.07,13.62
37.19,-75.05,13.57
37.19,-75.03,13.39
37.19,-75.01,13.27
37.19,-74.99,13.21
37.19,-74.97,13.17
37.19,-74.95,13.09
37.19,-74.93,13.04
37.19,-74.91,13.0
37.19,-74.89,12.98
37.19,-74.87,13.33
37.19,-74.85,14.94
37.19,-74.83,16.07
37.19,-74.81,18.0
37.19,-74.79,20.59
37.19,-74.77,21.72
37.19,-74.75,22.37
37.19,-74.73,22.52
37.19,-74.71,22.83
37.19,-74.69,22.88
37.19,-74.67,22.93
37.19,-74.65,23.31
37.19,-74.63,23.51
37.19,-74.61,23.75
37.19,-74.59,23.81
37.19,-74.57,23.81
37.19,-74.55,23.79
37.19,-74.53,23.7
37.19,-74.51,23.68
37.19,-74.49,23.7
37.19,-74.47,23.73
37.19,-74.45,23.62
37.19,-74.43,23.52
37.19,-74.41,23.47
37.19,-74.39,23.26
37.19,-74.37,23.15
37.19,-74.35,22.79
37.19,-74.33,22.43
37.19,-74.31,21.81
37.19,-74.23,20.97
37.17,-76.75,20.27
37.17,-76.73,20.27
37.17,-76.71,20.29
37.17,-76.65,20.19
37.17,-76.63,20.17
37.17,-76.39,19.17
37.17,-76.37,18.66
37.17,-76.33,18.59
37.17,-76.31,18.29
37.17,-76.29,17.79
37.17,-76.27,17.8
37.17,-76.25,17.87
37.17,-76.23,17.48
37.17,-76.21,17.5
37.17,-76.19,17.68
37.17,-76.17,17.37
37.17,-76.15,17.2
37.17,-76.13,17.16
37.17,-76.11,16.89
37.17,-76.09,16.88
37.17,-76.07,16.92
37.17,-76.05,16.81
37.17,-76.03,16.81
37.17,-76.01,17.03
37.17,-75.99,17.03
37.17,-75.93,19.25
37.17,-75.83,16.55
37.17,-75.81,16.49
37.17,-75.79,16.39
37.17,-75.77,15.61
37.17,-75.75,15.16
37.17,-75.73,15.1
37.17,-75.71,14.94
37.17,-75.69,14.77
37.17,-75.67,14.64
37.17,-75.65,14.74
37.17,-75.63,14.76
37.17,-75.61,14.75
37.17,-75.59,14.71
37.17,-75.57,14.65
37.17,-75.55,14.64
37.17,-75.53,14.67
37.17,-75.51,14.64
37.17,-75.49,14.65
37.17,-75.47,14.68
37.17,-75.45,14.68
37.17,-75.43,14.64
37.17,-75.41,14.62
37.17,-75.39,14.64
37.17,-75.37,14.65
37.17,-75.35,14.34
37.17,-75.33,14.31
37.17,-75.31,14.24
37.17,-75.29,14.35
37.17,-75.27,14.33
37.17,-75.25,14.34
37.17,-75.23,14.18
37.17,-75.21,14.07
37.17,-75.19,14.02
37.17,-75.17,13.93
37.17,-75.15,13.72
37.17,-75.13,13.72
37.17,-75.11,13.74
37.17,-75.09,13.74
37.17,-75.07,13.67
37.17,-75.05,13.56
37.17,-75.03,13.34
37.17,-75.01,13.22
37.17,-74.99,13.17
37.17,-74.97,13.15
37.17,-74.95,13.03
37.17,-74.93,13.0
37.17,-74.91,12.97
37.17,-74.89,12.9
37.17,-74.87,13.7
37.17,-74.85,15.25
37.17,-74.83,15.86
37.17,-74.81,18.02
37.17,-74.79,20.92
37.17,-74.77,21.8
37.17,-74.75,22.5
37.17,-74.73,22.64
37.17,-74.71,22.93
37.17,-74.69,22.98
37.17,-74.67,23.02
37.17,-74.65,23.37
37.17,-74.63,23.57
37.17,-74.61,23.74
37.17,-74.59,23.86
37.17,-74.57,23.84
37.17,-74.55,23.78
37.17,-74.53,23.72
37.17,-74.51,23.68
37.17,-74.49,23.7
37.17,-74.47,23.65
37.17,-74.45,23.63
37.17,-74.43,23.49
37.17,-74.41,23.14
37.17,-74.39,23.11
37.15,-76.65,20.12
37.15,-76.63,20.11
37.15,-76.33,18.55
37.15,-76.31,18.53
37.15,-76.29,18.14
37.15,-76.27,17.76
37.15,-76.25,17.62
37.15,-76.23,17.78
37.15,-76.21,17.81
37.15,-76.19,17.77
37.15,-76.17,17.52
37.15,-76.15,17.33
37.15,-76.13,17.19
37.15,-76.11,16.71
37.15,-76.09,16.65
37.15,-76.07,16.76
37.15,-76.05,16.73
37.15,-76.03,16.67
37.15,-76.01,16.74
37.15,-75.99,16.81
37.15,-75.93,19.18
37.15,-75.91,19.23
37.15,-75.89,19.24
37.15,-75.85,16.44
37.15,-75.83,16.08
37.15,-75.81,16.12
37.15,-75.79,15.46
37.15,-75.77,15.18
37.15,-75.75,15.06
37.15,-75.73,15.05
37.15,-75.71,14.96
37.15,-75.69,14.74
37.15,-75.67,14.49
37.15,-75.65,14.61
37.15,-75.63,14.72
37.15,-75.61,14.71
37.15,-75.59,14.74
37.15,-75.57,14.79
37.15,-75.55,14.76
37.15,-75.53,14.68
37.15,-75.51,14.66
37.15,-75.49,14.62
37.15,-75.47,14.61
37.15,-75.45,14.64
37.15,-75.43,14.65
37.15,-75.41,14.63
37.15,-75.39,14.33
37.15,-75.37,14.21
37.15,-75.35,14.19
37.15,-75.33,14.17
37.15,-75.31,14.18
37.15,-75.29,14.23
37.15,-75.27,14.23
37.15,-75.25,14.17
37.15,-75.23,14.11
37.15,-75.21,14.05
37.15,-75.19,14.15
37.15,-75.17,14.06
37.15,-75.15,13.93
37.15,-75.13,14.0
37.15,-75.11,14.01
37.15,-75.09,13.89
37.15,-75.07,13.63
37.15,-75.05,13.46
37.15,-75.03,13.27
37.15,-75.01,13.22
37.15,-74.99,13.1
37.15,-74.97,13.01
37.15,-74.95,12.95
37.15,-74.93,12.83
37.15,-74.91,12.8
37.15,-74.89,12.84
37.15,-74.87,14.07
37.15,-74.85,15.06
37.15,-74.83,15.6
37.15,-74.81,18.39
37.15,-74.79,20.8
37.15,-74.77,21.81
37.15,-74.75,22.48
37.15,-74.73,22.83
37.15,-74.71,23.01
37.15,-74.69,23.08
37.15,-74.67,23.22
37.15,-74.65,23.46
37.15,-74.63,23.58
37.15,-74.61,23.7
37.15,-74.59,23.78
37.15,-74.57,23.78
37.15,-74.55,23.7
37.15,-74.53,23.69
37.15,-74.51,23.65
37.15,-74.49,23.58
37.15,-74.47,23.54
37.15,-74.45,23.54
37.15,-74.43,23.34
37.15,-74.41,22.96
37.15,-74.39,22.69
37.15,-74.37,22.35
37.15,-74.09,20.68
37.15,-74.05,20.4
37.13,-76.65,20.03
37.13,-76.63,20.04
37.13,-76.29,18.55
37.13,-76.27,17.84
37.13,-76.25,17.67
37.13,-76.23,17.36
37.13,-76.21,17.72
37.13,-76.19,17.72
37.13,-76.17,17.52
37.13,-76.15,17.34
37.13,-76.13,17.05
37.13,-76.11,17.01
37.13,-76.09,16.64
37.13,-76.07,16.58
37.13,-76.05,16.54
37.13,-76.03,16.6
37.13,-76.01,16.68
37.13,-75.99,16.73
37.13,-75.87,16.23
37.13,-75.85,15.77
37.13,-75.83,15.59
37.13,-75.81,15.25
37.13,-75.79,15.26
37.13,-75.77,15.18
37.13,-75.75,15.05
37.13,-75.73,15.03
37.13,-75.71,14.91
37.13,-75.69,14.68
37.13,-75.67,14.48
37.13,-75.65,14.45
37.13,-75.63,14.54
37.13,-75.61,14.65
37.13,-75.59,14.7
37.13,-75.57,14.82
37.13,-75.55,14.82
37.13,-75.53,14.73
37.13,-75.51,14.69
37.13,-75.49,14.64
37.13,-75.47,14.61
37.13,-75.45,14.56
37.13,-75.43,14.51
37.13,-75.41,14.37
37.13,-75.39,14.22
37.13,-75.37,14.17
37.13,-75.35,14.01
37.13,-75.33,13.95
37.13,-75.31,13.99
37.13,-75.29,14.02
37.13,-75.27,13.99
37.13,-75.25,14.04
37.13,-75.23,14.1
37.13,-75.21,14.11
37.13,-75.19,14.1
37.13,-75.17,14.08
37.13,-75.15,14.09
37.13,-75.13,14.06
37.13,-75.11,13.98
37.13,-75.09,13.79
37.13,-75.07,13.52
37.13,-75.05,13.36
37.13,-75.03,13.21
37.13,-75.01,13.12
37.13,-74.99,13.08
37.13,-74.97,13.01
37.13,-74.95,12.92
37.13,-74.93,12.79
37.13,-74.91,12.71
37.13,-74.89,12.77
37.13,-74.87,13.69
37.13,-74.85,14.78
37.13,-74.83,15.57
37.13,-74.81,19.89
37.13,-74.79,20.91
37.13,-74.77,21.72
37.13,-74.75,22.25
37.13,-74.73,22.93
37.13,-74.71,23.04
37.13,-74.69,23.14
37.13,-74.67,23.29
37.13,-74.65,23.54
37.13,-74.63,23.67
37.13,-74.61,23.73
37.13,-74.59,23.72
37.13,-74.57,23.67
37.13,-74.55,23.62
37.13,-74.53,23.63
37.13,-74.51,23.6
37.13,-74.49,23.47
37.13,-74.47,23.48
37.13,-74.45,23.33
37.13,-74.43,23.06
37.13,-74.41,22.71
37.13,-74.39,22.33
37.13,-74.37,22.04
37.13,-74.35,21.73
37.13,-74.33,21.14
37.13,-74.31,21.11
37.13,-74.11,20.86
37.13,-74.09,20.88
37.13,-74.07,20.49
37.11,-76.65,19.81
37.11,-76.63,19.72
37.11,-76.61,19.49
37.11,-76.27,18.38
37.11,-76.25,17.87
37.11,-76.23,17.33
37.11,-76.21,17.31
37.11,-76.19,17.73
37.11,-76.17,17.63
37.11,-76.15,17.4
37.11,-76.13,17.12
37.11,-76.11,16.85
37.11,-76.09,16.62
37.11,-76.07,16.62
37.11,-76.05,16.49
37.11,-76.03,16.43
37.11,-76.01,16.57
37.11,-75.99,16.78
37.11,-75.97,16.81
37.11,-75.93,17.62
37.11,-75.91,17.15
37.11,-75.89,17.11
37.11,-75.87,16.42
37.11,-75.85,15.54
37.11,-75.83,15.46
37.11,-75.81,15.2
37.11,-75.79,15.09
37.11,-75.77,14.98
37.11,-75.75,14.93
37.11,-75.73,14.84
37.11,-75.71,14.72
37.11,-75.69,14.64
37.11,-75.67,14.47
37.11,-75.65,14.32
37.11,-75.63,14.38
37.11,-75.61,14.65
37.11,-75.59,14.69
37.11,-75.57,14.74
37.11,-75.55,14.78
37.11,-75.53,14.78
37.11,-75.51,14.78
37.11,-75.49,14.79
37.11,-75.47,14.69
37.11,-75.45,14.39
37.11,-75.43,14.1
37.11,-75.41,13.93
37.11,-75.39,13.98
37.11,-75.37,14.02
37.11,-75.35,14.0
37.11,-75.33,13.94
37.11,-75.31,13.82
37.11,-75.29,13.78
37.11,-75.27,13.83
37.11,-75.25,13.93
37.11,-75.23,14.11
37.11,-75.21,14.16
37.11,-75.19,14.13
37.11,-75.17,14.06
37.11,-75.15,14.0
37.11,-75.13,13.95
37.11,-75.11,13.7
37.11,-75.09,13.64
37.11,-75.07,13.47
37.11,-75.05,13.28
37.11,-75.03,13.14
37.11,-75.01,13.05
37.11,-74.99,13.03
37.11,-74.97,12.96
37.11,-74.95,12.84
37.11,-74.93,12.79
37.11,-74.91,12.76
37.11,-74.89,12.78
37.11,-74.87,13.57
37.11,-74.85,14.84
37.11,-74.83,17.86
37.11,-74.81,20.95
37.11,-74.79,21.59
37.11,-74.77,21.84
37.11,-74.75,22.55
37.11,-74.73,22.85
37.11,-74.71,22.99
37.11,-74.69,23.09
37.11,-74.67,23.28
37.11,-74.65,23.46
37.11,-74.63,23.65
37.11,-74.61,23.71
37.11,-74.59,23.69
37.11,-74.57,23.59
37.11,-74.55,23.57
37.11,-74.53,23.63
37.11,-74.51,23.62
37.11,-74.49,23.51
37.11,-74.47,23.35
37.11,-74.45,23.3
37.11,-74.43,22.93
37.11,-74.41,22.41
37.11,-74.39,22.13
37.11,-74.37,21.72
37.11,-74.35,21.58
37.11,-74.33,21.25
37.11,-74.11,20.88
37.11,-74.09,20.91
37.11,-74.07,20.84
37.11,-74.05,20.48
37.09,-76.65,19.34
37.09,-76.63,19.39
37.09,-76.61,19.34
37.09,-76.59,19.27
37.09,-76.27,18.18
37.09,-76.25,17.85
37.09,-76.23,17.35
37.09,-76.21,17.27
37.09,-76.19,17.45
37.09,-76.17,17.53
37.09,-76.15,17.48
37.09,-76.13,17.35
37.09,-76.11,16.87
37.09,-76.09,16.49
37.09,-76.07,16.47
37.09,-76.05,16.45
37.09,-76.03,16.45
37.09,-76.01,16.62
37.09,-75.99,16.8
37.09,-75.93,16.98
37.09,-75.91,16.65
37.09,-75.89,16.17
37.09,-75.87,16.13
37.09,-75.85,15.97
37.09,-75.83,15.29
37.09,-75.81,15.17
37.09,-75.79,15.07
37.09,-75.77,14.99
37.09,-75.75,14.95
37.09,-75.73,14.87
37.09,-75.71,14.6
37.09,-75.69,14.53
37.09,-75.67,14.47
37.09,-75.65,14.44
37.09,-75.63,14.56
37.09,-75.61,14.66
37.09,-75.59,14.68
37.09,-75.57,14.66
37.09,-75.55,14.68
37.09,-75.53,14.75
37.09,-75.51,14.7
37.09,-75.49,14.67
37.09,-75.47,14.41
37.09,-75.45,14.15
37.09,-75.43,14.09
37.09,-75.41,14.01
37.09,-75.39,13.91
37.09,-75.37,13.85
37.09,-75.35,13.98
37.09,-75.33,13.98
37.09,-75.31,13.88
37.09,-75.29,13.88
37.09,-75.27,13.86
37.09,-75.25,13.9
37.09,-75.23,14.06
37.09,-75.21,14.11
37.09,-75.19,14.09
37.09,-75.17,13.86
37.09,-75.15,13.67
37.09,-75.13,13.52
37.09,-75.11,13.44
37.09,-75.09,13.44
37.09,-75.07,13.4
37.09,-75.05,13.26
37.09,-75.03,13.1
37.09,-75.01,13.11
37.09,-74.99,13.0
37.09,-74.97,12.94
37.09,-74.95,12.8
37.09,-74.93,12.85
37.09,-74.91,13.03
37.09,-74.89,13.18
37.09,-74.87,14.36
37.09,-74.85,16.77
37.09,-74.83,18.83
37.09,-74.81,21.82
37.09,-74.79,22.13
37.09,-74.77,22.34
37.09,-74.75,22.67
37.09,-74.73,22.82
37.09,-74.71,22.96
37.09,-74.69,23.11
37.09,-74.67,23.27
37.09,-74.65,23.45
37.09,-74.63,23.57
37.09,-74.61,23.67
37.09,-74.59,23.66
37.09,-74.57,23.58
37.09,-74.55,23.53
37.09,-74.53,23.69
37.09,-74.51,23.69
37.09,-74.49,23.57
37.09,-74.47,23.38
37.09,-74.45,23.14
37.09,-74.43,22.92
37.09,-74.41,22.1
37.09,-74.39,21.72
37.09,-74.37,21.68
37.09,-74.35,21.58
37.09,-74.33,21.52
37.07,-76.65,19.31
37.07,-76.63,19.26
37.07,-76.61,19.3
37.07,-76.59,19.28
37.07,-76.57,19.24
37.07,-76.55,19.27
37.07,-76.53,19.25
37.07,-76.27,18.16
37.07,-76.25,17.84
37.07,-76.23,17.42
37.07,-76.21,17.28
37.07,-76.19,17.22
37.07,-76.17,17.2
37.07,-76.15,17.24
37.07,-76.13,17.27
37.07,-76.11,17.29
37.07,-76.09,16.68
37.07,-76.07,16.49
37.07,-76.05,16.48
37.07,-76.03,16.59
37.07,-76.01,16.56
37.07,-75.99,16.54
37.07,-75.97,16.52
37.07,-75.95,16.42
37.07,-75.93,16.33
37.07,-75.91,16.23
37.07,-75.89,15.95
37.07,-75.87,15.86
37.07,-75.85,15.57
37.07,-75.83,15.33
37.07,-75.81,15.19
37.07,-75.79,15.11
37.07,-75.77,14.99
37.07,-75.75,14.89
37.07,-75.73,14.82
37.07,-75.71,14.66
37.07,-75.69,14.54
37.07,-75.67,14.58
37.07,-75.65,14.63
37.07,-75.63,14.66
37.07,-75.61,14.72
37.07,-75.59,14.69
37.07,-75.57,14.56
37.07,-75.55,14.64
37.07,-75.53,14.7
37.07,-75.51,14.7
37.07,-75.49,14.62
37.07,-75.47,14.38
37.07,-75.45,14.15
37.07,-75.43,14.11
37.07,-75.41,14.12
37.07,-75.39,14.09
37.07,-75.37,13.9
37.07,-75.35,13.88
37.07,-75.33,13.91
37.07,-75.31,13.88
37.07,-75.29,13.9
37.07,-75.27,13.88
37.07,-75.25,13.9
37.07,-75.23,13.96
37.07,-75.21,13.9
37.07,-75.19,13.65
37.07,-75.17,13.52
37.07,-75.15,13.44
37.07,-75.13,13.35
37.07,-75.11,13.41
37.07,-75.09,13.45
37.07,-75.07,13.41
37.07,-75.05,13.19
37.07,-75.03,13.04
37.07,-75.01,12.72
37.07,-74.99,12.96
37.07,-74.97,12.8
37.07,-74.95,12.79
37.07,-74.93,12.89
37.07,-74.91,13.14
37.07,-74.89,14.12
37.07,-74.87,15.47
37.07,-74.85,18.13
37.07,-74.83,20.69
37.07,-74.81,21.84
37.07,-74.79,22.14
37.07,-74.77,22.43
37.07,-74.75,22.86
37.07,-74.73,22.96
37.07,-74.71,23.06
37.07,-74.69,23.15
37.07,-74.67,23.3
37.07,-74.65,23.44
37.07,-74.63,23.56
37.07,-74.61,23.66
37.07,-74.59,23.65
37.07,-74.57,23.58
37.07,-74.55,23.56
37.07,-74.53,23.63
37.07,-74.51,23.66
37.07,-74.49,23.57
37.07,-74.47,23.33
37.07,-74.45,23.07
37.07,-74.43,22.48
37.07,-74.41,21.24
37.07,-74.39,20.66
37.07,-74.37,21.07
37.07,-74.35,21.06
37.07,-74.33,21.07
37.05,-76.65,19.44
37.05,-76.63,19.47
37.05,-76.61,19.39
37.05,-76.59,19.36
37.05,-76.57,19.27
37.05,-76.55,19.2
37.05,-76.53,19.22
37.05,-76.51,19.28
37.05,-76.27,18.23
37.05,-76.25,17.97
37.05,-76.23,17.61
37.05,-76.21,17.37
37.05,-76.19,17.11
37.05,-76.17,17.1
37.05,-76.15,17.01
37.05,-76.13,16.9
37.05,-76.11,17.25
37.05,-76.09,17.29
37.05,-76.07,17.18
37.05,-76.05,16.72
37.05,-76.03,16.52
37.05,-76.01,16.51
37.05,-75.99,16.52
37.05,-75.97,16.48
37.05,-75.95,16.27
37.05,-75.93,16.25
37.05,-75.91,16.16
37.05,-75.89,15.73
37.05,-75.87,15.62
37.05,-75.85,15.36
37.05,-75.83,15.27
37.05,-75.81,15.21
37.05,-75.79,15.15
37.05,-75.77,15.05
37.05,-75.75,14.92
37.05,-75.73,14.81
37.05,-75.71,14.7
37.05,-75.69,14.68
37.05,-75.67,14.72
37.05,-75.65,14.7
37.05,-75.63,14.7
37.05,-75.61,14.78
37.05,-75.59,14.68
37.05,-75.57,14.56
37.05,-75.55,14.61
37.05,-75.53,14.62
37.05,-75.51,14.6
37.05,-75.49,14.48
37.05,-75.47,14.34
37.05,-75.45,14.31
37.05,-75.43,14.26
37.05,-75.41,14.26
37.05,-75.39,14.21
37.05,-75.37,13.92
37.05,-75.35,13.81
37.05,-75.33,13.85
37.05,-75.31,13.85
37.05,-75.29,13.86
37.05,-75.27,13.9
37.05,-75.25,13.97
37.05,-75.23,13.96
37.05,-75.21,13.41
37.05,-75.19,13.03
37.05,-75.17,13.13
37.05,-75.15,13.33
37.05,-75.13,13.31
37.05,-75.11,13.2
37.05,-75.09,13.21
37.05,-75.07,13.18
37.05,-75.05,13.08
37.05,-75.03,12.86
37.05,-75.01,12.65
37.05,-74.99,12.48
37.05,-74.97,12.71
37.05,-74.95,12.69
37.05,-74.93,12.91
37.05,-74.91,13.57
37.05,-74.89,14.68
37.05,-74.87,16.31
37.05,-74.85,19.39
37.05,-74.83,20.83
37.05,-74.81,21.57
37.05,-74.79,21.98
37.05,-74.77,22.42
37.05,-74.75,22.87
37.05,-74.73,23.01
37.05,-74.71,23.17
37.05,-74.69,23.24
37.05,-74.67,23.38
37.05,-74.65,23.47
37.05,-74.63,23.59
37.05,-74.61,23.66
37.05,-74.59,23.63
37.05,-74.57,23.54
37.05,-74.55,23.22
37.05,-74.53,23.53
37.05,-74.51,23.5
37.05,-74.49,23.4
37.05,-74.47,23.13
37.05,-74.45,22.81
37.05,-74.43,22.35
37.05,-74.41,21.32
37.05,-74.39,20.28
37.05,-74.37,20.49
37.05,-74.35,20.87
37.05,-74.33,20.84
37.03,-76.57,19.34
37.03,-76.55,19.34
37.03,-76.53,19.26
37.03,-76.51,19.09
37.03,-76.49,18.9
37.03,-76.29,18.33
37.03,-76.27,18.28
37.03,-76.25,17.96
37.03,-76.23,17.96
37.03,-76.21,17.85
37.03,-76.19,17.48
37.03,-76.17,17.14
37.03,-76.15,16.93
37.03,-76.13,16.86
37.03,-76.11,16.98
37.03,-76.09,17.13
37.03,-76.07,17.15
37.03,-76.05,16.87
37.03,-76.03,16.47
37.03,-76.01,16.55
37.03,-75.99,16.57
37.03,-75.97,16.52
37.03,-75.95,16.48
37.03,-75.93,16.27
37.03,-75.91,15.98
37.03,-75.89,15.72
37.03,-75.87,15.52
37.03,-75.85,15.38
37.03,-75.83,15.22
37.03,-75.81,15.19
37.03,-75.79,15.19
37.03,-75.77,14.98
37.03,-75.75,14.87
37.03,-75.73,14.72
37.03,-75.71,14.69
37.03,-75.69,14.86
37.03,-75.67,14.91
37.03,-75.65,14.85
37.03,-75.63,14.78
37.03,-75.61,14.66
37.03,-75.59,14.67
37.03,-75.57,14.63
37.03,-75.55,14.55
37.03,-75.53,14.51
37.03,-75.51,14.44
37.03,-75.49,14.38
37.03,-75.47,14.38
37.03,-75.45,14.39
37.03,-75.43,14.43
37.03,-75.41,14.42
37.03,-75.39,14.31
37.03,-75.37,14.09
37.03,-75.35,13.85
37.03,-75.33,13.79
37.03,-75.31,13.91
37.03,-75.29,13.98
37.03,-75.27,13.92
37.03,-75.25,13.86
37.03,-75.23,13.71
37.03,-75.21,13.38
37.03,-75.19,12.83
37.03,-75.17,12.6
37.03,-75.15,12.96
37.03,-75.13,13.05
37.03,-75.11,13.08
37.03,-75.09,13.06
37.03,-75.07,13.01
37.03,-75.05,12.88
37.03,-75.03,12.77
37.03,-75.01,12.55
37.03,-74.99,12.42
37.03,-74.97,12.44
37.03,-74.95,12.7
37.03,-74.93,12.93
37.03,-74.91,14.46
37.03,-74.89,16.14
37.03,-74.87,18.95
37.03,-74.85,19.38
37.03,-74.83,20.8
37.03,-74.81,21.33
37.03,-74.79,22.36
37.03,-74.77,22.53
37.03,-74.75,22.99
37.03,-74.73,23.15
37.03,-74.71,23.18
37.03,-74.69,23.28
37.03,-74.67,23.46
37.03,-74.65,23.52
37.03,-74.63,23.58
37.03,-74.61,23.64
37.03,-74.59,23.61
37.03,-74.57,23.53
37.03,-74.55,23.45
37.03,-74.53,23.41
37.03,-74.51,23.33
37.03,-74.49,22.97
37.03,-74.47,22.62
37.03,-74.45,22.27
37.03,-74.43,21.52
37.03,-74.41,21.39
37.03,-74.39,20.18
37.03,-74.37,20.4
37.03,-74.35,20.61
37.03,-74.33,20.55
37.03,-74.31,20.85
37.03,-74.29,20.88
37.01,-76.57,19.36
37.01,-76.55,19.33
37.01,-76.53,19.22
37.01,-76.51,19.1
37.01,-76.49,18.94
37.01,-76.47,19.15
37.01,-76.33,18.22
37.01,-76.29,18.28
37.01,-76.27,18.12
37.01,-76.25,17.91
37.01,-76.23,17.84
37.01,-76.21,17.72
37.01,-76.19,17.64
37.01,-76.17,17.34
37.01,-76.15,17.02
37.01,-76.13,16.87
37.01,-76.11,16.91
37.01,-76.09,16.94
37.01,-76.07,16.78
37.01,-76.05,16.78
37.01,-76.03,16.54
37.01,-76.01,16.53
37.01,-75.99,16.54
37.01,-75.97,16.51
37.01,-75.95,16.45
37.01,-75.93,16.37
37.01,-75.91,16.18
37.01,-75.89,15.8
37.01,-75.87,15.55
37.01,-75.85,15.36
37.01,-75.83,15.16
37.01,-75.81,15.05
37.01,-75.79,14.98
37.01,-75.77,14.89
37.01,-75.75,14.82
37.01,-75.73,14.72
37.01,-75.71,14.71
37.01,-75.69,14.81
37.01,-75.67,14.82
37.01,-75.65,14.8
37.01,-75.63,14.67
37.01,-75.61,14.46
37.01,-75.59,14.51
37.01,-75.57,14.68
37.01,-75.55,14.65
37.01,-75.53,14.47
37.01,-75.51,14.45
37.01,-75.49,14.44
37.01,-75.47,14.46
37.01,-75.45,14.46
37.01,-75.43,14.45
37.01,-75.41,14.4
37.01,-75.39,14.3
37.01,-75.37,14.18
37.01,-75.35,13.93
37.01,-75.33,13.8
37.01,-75.31,13.95
37.01,-75.29,14.01
37.01,-75.27,14.01
37.01,-75.25,13.95
37.01,-75.23,13.58
37.01,-75.21,13.53
37.01,-75.19,13.14
37.01,-75.17,12.32
37.01,-75.13,12.7
37.01,-75.11,12.69
37.01,-75.09,12.83
37.01,-75.07,12.81
37.01,-75.05,12.75
37.01,-75.03,12.7
37.01,-75.01,12.55
37.01,-74.99,12.48
37.01,-74.97,12.5
37.01,-74.95,12.85
37.01,-74.93,13.88
37.01,-74.91,15.26
37.01,-74.89,17.76
37.01,-74.87,18.92
37.01,-74.85,19.14
37.01,-74.83,20.71
37.01,-74.81,21.84
37.01,-74.79,22.59
37.01,-74.77,22.89
37.01,-74.75,23.02
37.01,-74.73,23.2
37.01,-74.71,23.24
37.01,-74.69,23.3
37.01,-74.67,23.46
37.01,-74.65,23.63
37.01,-74.63,23.63
37.01,-74.61,23.57
37.01,-74.59,23.45
37.01,-74.57,23.39
37.01,-74.55,23.21
37.01,-74.53,23.22
37.01,-74.51,23.27
37.01,-74.45,22.19
37.01,-74.43,21.51
36.99,-76.53,19.24
36.99,-76.51,19.09
36.99,-76.49,19.01
36.99,-76.47,18.74
36.99,-76.45,19.13
36.99,-76.37,17.83
36.99,-76.35,17.88
36.99,-76.33,18.24
36.99,-76.31,18.91
36.99,-76.29,17.95
36.99,-76.27,17.63
36.99,-76.25,17.53
36.99,-76.23,17.53
36.99,-76.21,17.54
36.99,-76.19,17.49
36.99,-76.17,17.29
36.99,-76.15,17.14
36.99,-76.13,17.05
36.99,-76.11,17.08
36.99,-76.09,16.89
36.99,-76.07,16.76
36.99,-76.05,16.73
36.99,-76.03,16.68
36.99,-76.01,16.57
36.99,-75.99,16.54
36.99,-75.97,16.55
36.99,-75.95,16.47
36.99,-75.93,16.31
36.99,-75.91,16.2
36.99,-75.89,15.79
36.99,-75.87,15.67
36.99,-75.85,15.31
36.99,-75.83,15.15
36.99,-75.81,15.01
36.99,-75.79,14.82
36.99,-75.77,14.8
36.99,-75.75,14.8
36.99,-75.73,14.75
36.99,-75.71,14.81
36.99,-75.69,14.82
36.99,-75.67,14.72
36.99,-75.65,14.67
36.99,-75.63,14.52
36.99,-75.61,14.39
36.99,-75.59,14.42
36.99,-75.57,14.55
36.99,-75.55,14.36
36.99,-75.53,14.4
36.99,-75.51,14.53
36.99,-75.49,14.65
36.99,-75.47,14.54
36.99,-75.45,14.43
36.99,-75.43,14.41
36.99,-75.41,14.35
36.99,-75.39,14.21
36.99,-75.37,14.17
36.99,-75.35,14.14
36.99,-75.33,14.09
36.99,-75.31,14.28
36.99,-75.29,14.23
36.99,-75.27,14.15
36.99,-75.25,14.04
36.99,-75.23,13.73
36.99,-75.21,13.55
36.99,-75.19,13.3
36.99,-75.17,13.12
36.99,-75.15,13.13
36.99,-75.13,12.75
36.99,-75.11,12.72
36.99,-75.09,12.76
36.99,-75.07,12.83
36.99,-75.05,12.84
36.99,-75.03,12.74
36.99,-75.01,12.6
36.99,-74.99,12.52
36.99,-74.97,12.58
36.99,-74.95,12.84
36.99,-74.93,13.72
36.99,-74.91,14.43
36.99,-74.89,16.92
36.99,-74.87,18.39
36.99,-74.85,20.43
36.99,-74.83,21.76
36.99,-74.81,22.39
36.99,-74.79,22.72
36.99,-74.77,22.92
36.99,-74.75,23.06
36.99,-74.73,23.19
36.99,-74.71,23.23
36.99,-74.69,23.32
36.99,-74.67,23.42
36.99,-74.65,23.6
36.99,-74.63,23.67
36.99,-74.61,23.61
36.99,-74.59,23.43
36.99,-74.57,23.32
36.99,-74.55,23.23
36.99,-74.53,23.34
36.99,-74.51,23.38
36.97,-76.51,19.11
36.97,-76.49,19.0
36.97,-76.47,18.72
36.97,-76.45,18.68
36.97,-76.39,17.84
36.97,-76.37,17.61
36.97,-76.35,17.84
36.97,-76.33,18.0
36.97,-76.31,18.1
36.97,-76.27,17.76
36.97,-76.25,17.82
36.97,-76.23,17.82
36.97,-76.21,17.48
36.97,-76.19,17.34
36.97,-76.17,17.33
36.97,-76.15,17.33
36.97,-76.13,17.17
36.97,-76.11,17.2
36.97,-76.09,17.03
36.97,-76.07,16.96
36.97,-76.05,16.87
36.97,-76.03,16.83
36.97,-76.01,16.82
36.97,-75.99,16.64
36.97,-75.97,16.59
36.97,-75.95,16.46
36.97,-75.93,16.27
36.97,-75.91,16.21
36.97,-75.89,15.68
36.97,-75.87,15.5
36.97,-75.85,15.22
36.97,-75.83,15.16
36.97,-75.81,14.96
36.97,-75.79,14.88
36.97,-75.77,15.04
36.97,-75.75,14.99
36.97,-75.73,14.79
36.97,-75.71,14.78
36.97,-75.69,14.77
36.97,-75.67,14.63
36.97,-75.65,14.53
36.97,-75.63,14.48
36.97,-75.61,14.4
36.97,-75.59,14.37
36.97,-75.57,14.35
36.97,-75.55,14.37
36.97,-75.53,14.43
36.97,-75.51,14.48
36.97,-75.49,14.6
36.97,-75.47,14.53
36.97,-75.45,14.44
36.97,-75.43,14.41
36.97,-75.41,14.37
36.97,-75.39,14.21
36.97,-75.37,14.16
36.97,-75.35,14.16
36.97,-75.33,14.23
36.97,-75.31,14.39
36.97,-75.29,14.4
36.97,-75.27,14.37
36.97,-75.25,14.0
36.97,-75.23,13.92
36.97,-75.21,13.9
36.97,-75.19,13.68
36.97,-75.17,13.37
36.97,-75.15,13.25
36.97,-75.13,13.25
36.97,-75.11,12.85
36.97,-75.09,12.69
36.97,-75.07,12.83
36.97,-75.05,12.87
36.97,-75.03,12.84
36.97,-75.01,12.72
36.97,-74.99,12.66
36.97,-74.97,12.65
36.97,-74.95,12.68
36.97,-74.93,12.93
36.97,-74.91,13.01
36.97,-74.89,15.33
36.97,-74.87,20.05
36.97,-74.85,21.54
36.97,-74.83,22.0
36.97,-74.81,22.49
36.97,-74.79,22.76
36.97,-74.77,22.9
36.97,-74.75,23.08
36.97,-74.73,23.15
36.97,-74.71,23.25
36.97,-74.69,23.34
36.97,-74.67,23.43
36.97,-74.65,23.52
36.97,-74.63,23.61
36.97,-74.61,23.64
36.97,-74.59,23.53
36.97,-74.57,23.2
36.97,-74.55,23.12
36.97,-74.53,23.39
36.97,-74.51,23.43
36.97,-74.49,23.41
36.95,-76.47,18.94
36.95,-76.45,18.71
36.95,-76.43,18.57
36.95,-76.41,18.23
36.95,-76.39,18.0
36.95,-76.37,17.93
36.95,-76.35,17.95
36.95,-76.29,18.1
36.95,-76.23,18.06
36.95,-76.21,17.89
36.95,-76.19,17.56
36.95,-76.17,17.33
36.95,-76.15,17.3
36.95,-76.13,17.29
36.95,-76.11,17.37
36.95,-76.09,17.28
36.95,-76.07,17.17
36.95,-76.05,17.16
36.95,-76.03,17.08
36.95,-76.01,16.97
36.95,-75.99,16.83
36.95,-75.97,16.64
36.95,-75.95,16.52
36.95,-75.93,16.35
36.95,-75.91,16.15
36.95,-75.89,16.04
36.95,-75.87,15.52
36.95,-75.85,15.22
36.95,-75.83,15.03
36.95,-75.81,14.85
36.95,-75.79,14.86
36.95,-75.77,15.08
36.95,-75.75,15.11
36.95,-75.73,15.05
36.95,-75.71,14.87
36.95,-75.69,14.8
36.95,-75.67,14.57
36.95,-75.65,14.45
36.95,-75.63,14.46
36.95,-75.61,14.39
36.95,-75.59,14.34
36.95,-75.57,14.3
36.95,-75.55,14.25
36.95,-75.53,14.38
36.95,-75.51,14.45
36.95,-75.49,14.46
36.95,-75.47,14.49
36.95,-75.45,14.45
36.95,-75.43,14.4
36.95,-75.41,14.37
36.95,-75.39,14.32
36.95,-75.37,14.23
36.95,-75.35,14.22
36.95,-75.33,14.23
36.95,-75.31,14.24
36.95,-75.29,14.32
36.95,-75.27,14.36
36.95,-75.25,14.19
36.95,-75.23,14.12
36.95,-75.21,13.99
36.95,-75.19,13.7
36.95,-75.17,13.55
36.95,-75.15,13.38
36.95,-75.13,13.33
36.95,-75.11,13.26
36.95,-75.09,13.03
36.95,-75.07,12.91
36.95,-75.05,12.86
36.95,-75.03,12.86
36.95,-75.01,12.7
36.95,-74.99,12.65
36.95,-74.97,12.63
36.95,-74.95,12.62
36.95,-74.93,12.67
36.95,-74.91,12.76
36.95,-74.89,15.28
36.95,-74.87,21.6
36.95,-74.85,21.94
36.95,-74.83,22.27
36.95,-74.81,22.63
36.95,-74.79,22.8
36.95,-74.77,22.94
36.95,-74.75,23.12
36.95,-74.73,23.19
36.95,-74.71,23.32
36.95,-74.69,23.38
36.95,-74.67,23.42
36.95,-74.65,23.46
36.95,-74.63,23.48
36.95,-74.61,23.45
36.95,-74.59,23.36
36.95,-74.57,23.17
36.95,-74.55,23.01
36.95,-74.53,22.94
36.95,-74.51,23.41
36.95,-74.49,23.43
36.95,-74.47,23.26
36.95,-74.45,22.91
36.95,-74.43,22.16
36.95,-74.41,21.49
36.93,-76.47,19.04
36.93,-76.45,18.76
36.93,-76.43,18.57
36.93,-76.41,18.56
36.93,-76.39,18.23
36.93,-76.37,17.98
36.93,-76.35,18.75
36.93,-76.17,17.33
36.93,-76.15,17.36
36.93,-76.13,17.41
36.93,-76.11,17.44
36.93,-76.09,17.35
36.93,-76.07,17.42
36.93,-76.05,17.42
36.93,-75.99,17.17
36.93,-75.97,17.17
36.93,-75.95,16.67
36.93,-75.93,16.55
36.93,-75.91,16.42
36.93,-75.89,16.19
36.93,-75.87,15.7
36.93,-75.85,15.39
36.93,-75.83,15.07
36.93,-75.81,14.9
36.93,-75.79,14.92
36.93,-75.77,15.03
36.93,-75.75,15.02
36.93,-75.73,14.96
36.93,-75.71,14.85
36.93,-75.69,14.79
36.93,-75.67,14.66
36.93,-75.65,14.63
36.93,-75.63,14.58
36.93,-75.61,14.31
36.93,-75.59,14.22
36.93,-75.57,14.21
36.93,-75.55,14.24
36.93,-75.53,14.44
36.93,-75.51,14.48
36.93,-75.49,14.44
36.93,-75.47,14.47
36.93,-75.45,14.5
36.93,-75.43,14.4
36.93,-75.41,14.33
36.93,-75.39,14.31
36.93,-75.37,14.35
36.93,-75.35,14.39
36.93,-75.33,14.35
36.93,-75.31,14.2
36.93,-75.29,14.08
36.93,-75.27,14.05
36.93,-75.25,14.08
36.93,-75.23,14.07
36.93,-75.21,13.79
36.93,-75.19,13.69
36.93,-75.17,13.61
36.93,-75.15,13.51
36.93,-75.13,13.5
36.93,-75.11,13.5
36.93,-75.09,13.42
36.93,-75.07,13.29
36.93,-75.05,13.0
36.93,-75.03,12.85
36.93,-75.01,12.71
36.93,-74.99,12.62
36.93,-74.97,12.57
36.93,-74.95,12.6
36.93,-74.87,21.41
36.93,-74.85,21.7
36.93,-74.83,22.28
36.93,-74.81,22.55
36.93,-74.79,22.73
36.93,-74.77,22.83
36.93,-74.75,23.11
36.93,-74.73,23.22
36.93,-74.71,23.33
36.93,-74.69,23.42
36.93,-74.67,23.46
36.93,-74.65,23.48
36.93,-74.63,23.46
36.93,-74.61,23.39
36.93,-74.59,23.3
36.93,-74.57,23.15
36.93,-74.55,22.96
36.93,-74.53,23.11
36.93,-74.51,23.23
36.93,-74.49,23.2
36.91,-76.47,19.53
36.91,-76.45,19.44
36.91,-76.43,19.4
36.91,-76.41,18.82
36.91,-76.35,19.2
36.91,-76.33,19.2
36.91,-76.31,19.23
36.91,-75.99,17.3
36.91,-75.97,17.19
36.91,-75.95,17.15
36.91,-75.93,16.92
36.91,-75.91,16.61
36.91,-75.89,16.43
36.91,-75.87,15.7
36.91,-75.85,15.53
36.91,-75.83,15.29
36.91,-75.81,14.96
36.91,-75.79,14.96
36.91,-75.77,15.15
36.91,-75.75,15.15
36.91,-75.73,14.98
36.91,-75.71,14.87
36.91,-75.69,14.72
36.91,-75.67,14.71
36.91,-75.65,14.71
36.91,-75.63,14.62
36.91,-75.61,14.43
36.91,-75.59,14.26
36.91,-75.57,14.3
36.91,-75.55,14.38
36.91,-75.53,14.55
36.91,-75.51,14.56
36.91,-75.49,14.45
36.91,-75.47,14.45
36.91,-75.45,14.46
36.91,-75.43,14.45
36.91,-75.41,14.42
36.91,-75.39,14.32
36.91,-75.37,14.3
36.91,-75.35,14.3
36.91,-75.33,14.31
36.91,-75.31,14.23
36.91,-75.29,14.11
36.91,-75.27,14.04
36.91,-75.25,14.0
36.91,-75.23,13.89
36.91,-75.21,13.79
36.91,-75.19,13.7
36.91,-75.17,13.62
36.91,-75.15,13.6
36.91,-75.13,13.52
36.91,-75.11,13.51
36.91,-75.09,13.51
36.91,-75.07,13.38
36.91,-75.05,13.29
36.91,-75.03,12.95
36.91,-75.01,12.69
36.91,-74.99,12.63
36.91,-74.97,12.6
36.91,-74.91,14.94
36.91,-74.89,14.94
36.91,-74.87,19.02
36.91,-74.85,21.62
36.91,-74.83,22.27
36.91,-74.81,22.56
36.91,-74.79,22.74
36.91,-74.77,22.88
36.91,-74.75,23.09
36.91,-74.73,23.32
36.91,-74.71,23.33
36.91,-74.69,23.4
36.91,-74.67,23.43
36.91,-74.65,23.55
36.91,-74.63,23.53
36.91,-74.61,23.43
36.91,-74.59,23.34
36.91,-74.57,23.13
36.91,-74.55,23.08
36.91,-74.53,23.14
36.91,-74.51,23.27
36.91,-74.49,23.25
36.91,-74.47,23.2
36.89,-76.47,19.46
36.89,-75.97,17.05
36.89,-75.95,16.8
36.89,-75.93,16.99
36.89,-75.91,16.82
36.89,-75.89,16.65
36.89,-75.87,16.27
36.89,-75.85,15.6
36.89,-75.83,15.51
36.89,-75.81,15.05
36.89,-75.79,15.06
36.89,-75.77,15.16
36.89,-75.75,15.17
36.89,-75.73,15.16
36.89,-75.71,15.11
36.89,-75.69,14.94
36.89,-75.67,14.89
36.89,-75.65,14.83
36.89,-75.63,14.6
36.89,-75.61,14.46
36.89,-75.59,14.43
36.89,-75.57,14.51
36.89,-75.55,14.61
36.89,-75.53,14.65
36.89,-75.51,14.67
36.89,-75.49,14.47
36.89,-75.47,14.46
36.89,-75.45,14.45
36.89,-75.43,14.45
36.89,-75.41,14.44
36.89,-75.39,14.3
36.89,-75.37,14.29
36.89,-75.35,14.23
36.89,-75.33,14.16
36.89,-75.31,14.09
36.89,-75.29,14.02
36.89,-75.27,13.99
36.89,-75.25,13.95
36.89,-75.23,13.84
36.89,-75.21,13.82
36.89,-75.19,13.78
36.89,-75.17,13.75
36.89,-75.15,13.7
36.89,-75.13,13.62
36.89,-75.11,13.55
36.89,-75.09,13.57
36.89,-75.07,13.46
36.89,-75.05,13.3
36.89,-75.03,13.02
36.89,-75.01,12.86
36.89,-74.99,12.69
36.89,-74.89,14.96
36.89,-74.87,16.28
36.89,-74.85,21.27
36.89,-74.83,22.34
36.89,-74.81,22.34
36.89,-74.79,22.92
36.89,-74.77,23.0
36.89,-74.75,23.35
36.89,-74.73,23.33
36.89,-74.71,23.3
36.89,-74.69,23.33
36.89,-74.67,23.33
36.89,-74.65,23.39
36.89,-74.63,23.53
36.89,-74.61,23.48
36.89,-74.59,23.37
36.89,-74.57,23.14
36.89,-74.55,23.15
36.89,-74.53,23.18
36.89,-74.51,23.24
36.89,-74.49,23.25
36.89,-74.47,23.13
36.87,-76.33,19.24
36.87,-75.97,16.66
36.87,-75.95,16.66
36.87,-75.93,16.9
36.87,-75.91,16.87
36.87,-75.89,16.55
36.87,-75.87,16.1
36.87,-75.85,15.74
36.87,-75.83,15.57
36.87,-75.81,15.28
36.87,-75.79,15.03
36.87,-75.77,15.12
36.87,-75.75,15.18
36.87,-75.73,15.21
36.87,-75.71,15.22
36.87,-75.69,15.07
36.87,-75.67,14.98
36.87,-75.65,14.91
36.87,-75.63,14.77
36.87,-75.61,14.77
36.87,-75.59,14.64
36.87,-75.57,14.72
36.87,-75.55,14.75
36.87,-75.53,14.74
36.87,-75.51,14.69
36.87,-75.49,14.51
36.87,-75.47,14.5
36.87,-75.45,14.46
36.87,-75.43,14.29
36.87,-75.41,14.32
36.87,-75.39,14.3
36.87,-75.37,14.33
36.87,-75.35,14.22
36.87,-75.33,13.99
36.87,-75.31,13.88
36.87,-75.29,13.8
36.87,-75.27,13.82
36.87,-75.25,13.9
36.87,-75.23,13.86
36.87,-75.21,13.81
36.87,-75.19,13.78
36.87,-75.17,13.82
36.87,-75.15,13.83
36.87,-75.13,13.68
36.87,-75.11,13.62
36.87,-75.09,13.6
36.87,-75.07,13.38
36.87,-75.05,13.25
36.87,-75.03,13.03
36.87,-75.01,12.83
36.87,-74.99,12.72
36.87,-74.87,16.25
36.87,-74.85,18.12
36.87,-74.83,20.04
36.87,-74.81,21.61
36.87,-74.79,22.66
36.87,-74.77,22.98
36.87,-74.75,23.18
36.87,-74.73,23.33
36.87,-74.71,23.32
36.87,-74.69,23.3
36.87,-74.67,23.34
36.87,-74.65,23.39
36.87,-74.63,23.41
36.87,-74.61,23.36
36.87,-74.59,23.0
36.87,-74.57,23.0
36.87,-74.55,23.13
36.87,-74.53,23.24
36.87,-74.51,23.25
36.87,-74.49,23.22
36.87,-74.47,22.91
36.87,-74.45,22.77
36.85,-75.97,16.6
36.85,-75.95,16.58
36.85,-75.93,16.2
36.85,-75.91,16.24
36.85,-75.89,16.19
36.85,-75.87,15.9
36.85,-75.85,15.85
36.85,-75.83,15.85
36.85,-75.81,15.33
36.85,-75.79,15.06
36.85,-75.77,15.03
36.85,-75.75,15.11
36.85,-75.73,15.21
36.85,-75.71,15.23
36.85,-75.69,15.11
36.85,-75.67,15.05
36.85,-75.65,15.04
36.85,-75.63,15.02
36.85,-75.61,15.01
36.85,-75.59,15.03
36.85,-75.57,15.02
36.85,-75.55,14.96
36.85,-75.53,14.77
36.85,-75.51,14.55
36.85,-75.49,14.5
36.85,-75.47,14.62
36.85,-75.45,14.5
36.85,-75.43,14.4
36.85,-75.41,14.34
36.85,-75.39,14.22
36.85,-75.37,14.15
36.85,-75.35,14.15
36.85,-75.33,14.06
36.85,-75.31,14.02
36.85,-75.29,13.77
36.85,-75.27,13.65
36.85,-75.25,13.66
36.85,-75.23,13.73
36.85,-75.21,13.76
36.85,-75.19,13.8
36.85,-75.17,13.79
36.85,-75.15,13.64
36.85,-75.13,13.56
36.85,-75.11,13.54
36.85,-75.09,13.45
36.85,-75.07,13.33
36.85,-75.05,13.21
36.85,-75.03,13.05
36.85,-75.01,12.82
36.85,-74.87,15.73
36.85,-74.85,15.75
36.85,-74.83,18.39
36.85,-74.81,21.25
36.85,-74.79,22.19
36.85,-74.77,22.57
36.85,-74.75,23.05
36.85,-74.73,23.1
36.85,-74.71,23.28
36.85,-74.69,23.26
36.85,-74.67,23.27
36.85,-74.65,23.38
36.85,-74.63,23.32
36.85,-74.61,23.31
36.85,-74.55,22.78
36.85,-74.53,23.07
36.85,-74.51,23.09
36.85,-74.49,23.1
36.85,-74.47,22.87
36.85,-74.45,22.6
36.83,-75.97,16.61
36.83,-75.95,16.27
36.83,-75.93,16.11
36.83,-75.91,16.05
36.83,-75.89,16.09
36.83,-75.87,16.06
36.83,-75.85,15.93
36.83,-75.83,15.85
36.83,-75.81,15.55
36.83,-75.79,15.14
36.83,-75.77,15.11
36.83,-75.75,15.14
36.83,-75.73,15.2
36.83,-75.71,15.22
36.83,-75.69,15.23
36.83,-75.67,15.18
36.83,-75.65,15.18
36.83,-75.63,15.13
36.83,-75.61,15.13
36.83,-75.59,15.14
36.83,-75.57,15.15
36.83,-75.55,14.95
36.83,-75.53,14.81
36.83,-75.51,14.61
36.83,-75.49,14.57
36.83,-75.47,14.53
36.83,-75.45,14.47
36.83,-75.43,14.43
36.83,-75.41,14.29
36.83,-75.39,14.19
36.83,-75.37,14.1
36.83,-75.35,14.13
36.83,-75.33,14.09
36.83,-75.31,13.88
36.83,-75.29,13.7
36.83,-75.27,13.54
36.83,-75.25,13.53
36.83,-75.23,13.52
36.83,-75.21,13.53
36.83,-75.19,13.68
36.83,-75.17,13.73
36.83,-75.15,13.59
36.83,-75.13,13.37
36.83,-75.11,13.22
36.83,-75.09,13.23
36.83,-75.07,13.21
36.83,-75.05,12.94
36.83,-75.03,12.9
36.83,-75.01,12.84
36.83,-74.83,21.1
36.83,-74.81,21.45
36.83,-74.79,22.07
36.83,-74.77,22.45
36.83,-74.75,22.8
36.83,-74.73,23.08
36.83,-74.71,23.12
36.83,-74.69,23.22
36.83,-74.67,23.33
36.83,-74.65,23.32
36.83,-74.63,23.24
36.83,-74.61,23.28
36.83,-74.55,22.66
36.83,-74.53,22.65
36.83,-74.51,23.04
36.83,-74.49,23.12
36.81,-75.95,16.21
36.81,-75.93,16.14
36.81,-75.91,16.09
36.81,-75.89,16.08
36.81,-75.87,16.05
36.81,-75.85,15.9
36.81,-75.83,15.74
36.81,-75.81,15.35
36.81,-75.79,15.23
36.81,-75.77,15.24
36.81,-75.75,15.25
36.81,-75.73,15.23
36.81,-75.71,15.27
36.81,-75.69,15.3
36.81,-75.67,15.27
36.81,-75.65,15.25
36.81,-75.63,15.23
36.81,-75.61,15.24
36.81,-75.59,15.23
36.81,-75.57,15.1
36.81,-75.55,14.91
36.81,-75.53,14.83
36.81,-75.51,14.71
36.81,-75.49,14.52
36.81,-75.47,14.48
36.81,-75.45,14.47
36.81,-75.43,14.46
36.81,-75.41,14.36
36.81,-75.39,14.27
36.81,-75.37,14.21
36.81,-75.35,14.1
36.81,-75.33,14.01
36.81,-75.31,13.88
36.81,-75.29,13.79
36.81,-75.27,13.73
36.81,-75.25,13.65
36.81,-75.23,13.64
36.81,-75.21,13.58
36.81,-75.19,13.58
36.81,-75.17,13.54
36.81,-75.15,13.46
36.81,-75.13,13.24
36.81,-75.11,13.15
36.81,-75.09,13.06
36.81,-75.07,12.97
36.81,-75.05,12.92
36.81,-75.03,12.91
36.81,-74.87,16.29
36.81,-74.85,18.83
36.81,-74.83,21.13
36.81,-74.81,21.67
36.81,-74.79,22.09
36.81,-74.77,22.36
36.81,-74.75,22.77
36.81,-74.73,23.08
36.81,-74.71,23.14
36.81,-74.69,23.26
36.81,-74.67,23.27
36.81,-74.55,22.68
36.81,-74.53,22.61
36.81,-74.45,22.51
36.79,-75.95,16.17
36.79,-75.93,16.09
36.79,-75.91,16.01
36.79,-75.89,16.07
36.79,-75.87,16.07
36.79,-75.85,15.91
36.79,-75.83,15.45
36.79,-75.81,15.26
36.79,-75.79,15.29
36.79,-75.77,15.36
36.79,-75.75,15.36
36.79,-75.73,15.36
36.79,-75.71,15.37
36.79,-75.69,15.36
36.79,-75.67,15.35
36.79,-75.65,15.28
36.79,-75.63,15.22
36.79,-75.61,15.21
36.79,-75.59,15.12
36.79,-75.57,15.06
36.79,-75.55,14.81
36.79,-75.53,14.63
36.79,-75.51,14.63
36.79,-75.49,14.56
36.79,-75.47,14.52
36.79,-75.45,14.61
36.79,-75.43,14.55
36.79,-75.41,14.49
36.79,-75.39,14.44
36.79,-75.37,14.22
36.79,-75.35,14.21
36.79,-75.33,14.14
36.79,-75.31,13.88
36.79,-75.29,13.79
36.79,-75.27,13.77
36.79,-75.25,13.72
36.79,-75.23,13.63
36.79,-75.21,13.56
36.79,-75.19,13.51
36.79,-75.17,13.44
36.79,-75.15,13.37
36.79,-75.13,13.22
36.79,-75.11,13.13
36.79,-75.09,13.08
36.79,-75.07,12.96
36.79,-75.05,12.89
36.79,-75.03,12.86
36.79,-74.87,16.01
36.79,-74.85,18.84
36.79,-74.83,21.27
36.79,-74.81,21.64
36.79,-74.79,22.05
36.79,-74.77,22.56
36.79,-74.75,22.84
36.79,-74.73,23.05
36.79,-74.71,23.08
36.79,-74.69,23.39
36.79,-74.67,23.37
36.77,-75.93,16.16
36.77,-75.91,15.93
36.77,-75.89,15.91
36.77,-75.87,16.02
36.77,-75.85,15.91
36.77,-75.83,15.73
36.77,-75.81,15.29
36.77,-75.79,15.32
36.77,-75.77,15.43
36.77,-75.75,15.48
36.77,-75.73,15.48
36.77,-75.71,15.41
36.77,-75.69,15.36
36.77,-75.67,15.3
36.77,-75.65,15.25
36.77,-75.63,15.16
36.77,-75.61,15.06
36.77,-75.59,15.01
36.77,-75.57,14.96
36.77,-75.55,14.8
36.77,-75.53,14.74
36.77,-75.51,14.7
36.77,-75.49,14.65
36.77,-75.47,14.67
36.77,-75.45,14.59
36.77,-75.43,14.46
36.77,-75.41,14.41
36.77,-75.39,14.34
36.77,-75.37,14.42
36.77,-75.35,14.4
36.77,-75.33,14.24
36.77,-75.31,14.06
36.77,-75.29,13.82
36.77,-75.27,13.81
36.77,-75.25,13.77
36.77,-75.23,13.66
36.77,-75.21,13.57
36.77,-75.19,13.47
36.77,-75.17,13.37
36.77,-75.15,13.28
36.77,-75.13,13.22
36.77,-75.11,13.15
36.77,-75.09,13.07
36.77,-75.07,13.01
36.77,-75.05,12.93
36.77,-75.03,12.91
36.77,-74.87,16.26
36.77,-74.85,19.36
36.77,-74.83,20.39
36.77,-74.81,21.35
36.77,-74.79,22.21
36.77,-74.77,22.59
36.77,-74.75,22.87
36.77,-74.73,23.05
36.77,-74.71,23.25
36.77,-74.69,23.47
36.77,-74.67,23.58
36.77,-74.65,23.54
36.75,-75.93,16.11
36.75,-75.91,16.02
36.75,-75.89,15.93
36.75,-75.87,15.97
36.75,-75.85,15.92
36.75,-75.83,15.55
36.75,-75.81,15.29
36.75,-75.79,15.45
36.75,-75.77,15.5
36.75,-75.75,15.53
36.75,-75.73,15.49
36.75,-75.71,15.38
36.75,-75.69,15.34
36.75,-75.67,15.29
36.75,-75.65,15.19
36.75,-75.63,15.09
36.75,-75.61,15.02
36.75,-75.59,15.01
36.75,-75.57,15.0
36.75,-75.55,14.87
36.75,-75.53,14.76
36.75,-75.51,14.65
36.75,-75.49,14.62
36.75,-75.47,14.69
36.75,-75.45,14.67
36.75,-75.43,14.61
36.75,-75.41,14.45
36.75,-75.39,14.42
36.75,-75.37,14.42
36.75,-75.35,14.34
36.75,-75.33,14.24
36.75,-75.31,14.04
36.75,-75.29,13.94
36.75,-75.27,13.89
36.75,-75.25,13.77
36.75,-75.23,13.63
36.75,-75.21,13.56
36.75,-75.19,13.39
36.75,-75.17,13.33
36.75,-75.15,13.3
36.75,-75.13,13.23
36.75,-75.11,13.14
36.75,-75.09,13.05
36.75,-75.07,13.04
36.75,-75.05,12.95
36.75,-74.87,17.65
36.75,-74.85,18.48
36.75,-74.83,19.56
36.75,-74.81,20.8
36.75,-74.79,22.05
36.75,-74.77,22.47
36.75,-74.75,22.71
36.75,-74.73,23.03
36.75,-74.71,23.17
36.75,-74.69,23.38
36.75,-74.67,23.48
36.75,-74.65,23.46
36.75,-74.63,23.4
36.75,-74.61,23.31
36.75,-74.59,23.1
36.75,-74.57,22.81
36.73,-75.93,16.09
36.73,-75.91,15.98
36.73,-75.89,15.93
36.73,-75.87,15.91
36.73,-75.85,15.75
36.73,-75.83,15.42
36.73,-75.81,15.31
36.73,-75.79,15.45
36.73,-75.77,15.46
36.73,-75.75,15.46
36.73,-75.73,15.4
36.73,-75.71,15.34
36.73,-75.69,15.27
36.73,-75.67,15.21
36.73,-75.65,15.17
36.73,-75.63,15.08
36.73,-75.61,15.06
36.73,-75.59,15.05
36.73,-75.57,15.05
36.73,-75.55,14.98
36.73,-75.53,14.78
36.73,-75.51,14.69
36.73,-75.49,14.65
36.73,-75.47,14.69
36.73,-75.45,14.71
36.73,-75.43,14.65
36.73,-75.41,14.56
36.73,-75.39,14.46
36.73,-75.37,14.48
36.73,-75.35,14.35
36.73,-75.33,14.26
36.73,-75.31,14.08
36.73,-75.29,13.87
36.73,-75.27,13.87
36.73,-75.25,13.72
36.73,-75.23,13.63
36.73,-75.21,13.51
36.73,-75.19,13.3
36.73,-75.17,13.23
36.73,-75.15,13.17
36.73,-75.13,13.09
36.73,-75.11,13.08
36.73,-75.09,13.09
36.73,-75.07,13.05
36.73,-75.05,12.99
36.73,-75.03,12.98
36.73,-74.89,17.2
36.73,-74.87,17.24
36.73,-74.85,18.46
36.73,-74.83,18.88
36.73,-74.81,20.15
36.73,-74.79,21.87
36.73,-74.77,22.38
36.73,-74.75,22.55
36.73,-74.73,22.92
36.73,-74.71,23.1
36.73,-74.69,23.26
36.73,-74.67,23.38
36.73,-74.65,23.43
36.73,-74.63,23.41
36.73,-74.61,23.39
36.73,-74.59,23.19
36.73,-74.57,22.83
36.71,-75.91,16.0
36.71,-75.89,15.96
36.71,-75.87,15.86
36.71,-75.85,15.43
36.71,-75.83,15.35
36.71,-75.81,15.34
36.71,-75.79,15.48
36.71,-75.77,15.45
36.71,-75.75,15.37
36.71,-75.73,15.32
36.71,-75.71,15.27
36.71,-75.69,15.22
36.71,-75.67,15.2
36.71,-75.65,15.16
36.71,-75.63,15.08
36.71,-75.61,15.1
36.71,-75.59,15.16
36.71,-75.57,15.1
36.71,-75.55,14.95
36.71,-75.53,14.75
36.71,-75.51,14.66
36.71,-75.49,14.6
36.71,-75.47,14.64
36.71,-75.45,14.72
36.71,-75.43,14.69
36.71,-75.41,14.54
36.71,-75.39,14.43
36.71,-75.37,14.42
36.71,-75.35,14.36
36.71,-75.33,14.26
36.71,-75.31,14.08
36.71,-75.29,13.97
36.71,-75.27,13.81
36.71,-75.25,13.66
36.71,-75.23,13.56
36.71,-75.21,13.26
36.71,-75.19,13.21
36.71,-75.17,13.2
36.71,-75.15,13.1
36.71,-75.13,13.03
36.71,-75.11,13.01
36.71,-75.09,13.01
36.71,-75.07,12.94
36.71,-75.05,12.94
36.71,-75.03,12.99
36.71,-74.89,16.43
36.71,-74.87,17.52
36.71,-74.85,17.53
36.71,-74.83,17.54
36.71,-74.81,20.13
36.71,-74.79,21.29
36.71,-74.77,22.22
36.71,-74.75,22.66
36.71,-74.73,22.8
36.71,-74.71,23.02
36.71,-74.69,23.22
36.71,-74.67,23.3
36.71,-74.65,23.36
36.71,-74.63,23.42
36.71,-74.61,23.24
36.71,-74.59,23.14
36.71,-74.57,22.92
36.69,-75.95,17.05
36.69,-75.91,16.01
36.69,-75.89,15.57
36.69,-75.87,15.36
36.69,-75.85,15.33
36.69,-75.83,15.26
36.69,-75.81,15.24
36.69,-75.79,15.33
36.69,-75.77,15.34
36.69,-75.75,15.31
36.69,-75.73,15.27
36.69,-75.71,15.27
36.69,-75.69,15.28
36.69,-75.67,15.18
36.69,-75.65,15.14
36.69,-75.63,15.14
36.69,-75.61,15.19
36.69,-75.59,15.2
36.69,-75.57,15.12
36.69,-75.55,14.84
36.69,-75.53,14.7
36.69,-75.51,14.6
36.69,-75.49,14.59
36.69,-75.47,14.64
36.69,-75.45,14.64
36.69,-75.43,14.66
36.69,-75.41,14.57
36.69,-75.39,14.46
36.69,-75.37,14.42
36.69,-75.35,14.22
36.69,-75.33,14.04
36.69,-75.31,14.0
36.69,-75.29,13.95
36.69,-75.27,13.7
36.69,-75.25,13.63
36.69,-75.23,13.43
36.69,-75.21,13.11
36.69,-75.19,13.15
36.69,-75.17,13.13
36.69,-75.15,13.06
36.69,-75.13,13.07
36.69,-75.11,13.04
36.69,-75.09,13.0
36.69,-75.07,12.91
36.69,-75.05,12.88
36.69,-74.87,16.89
36.69,-74.85,16.9
36.69,-74.83,19.08
36.69,-74.81,20.73
36.69,-74.79,21.37
36.69,-74.77,22.16
36.69,-74.75,22.54
36.69,-74.73,22.62
36.69,-74.71,22.8
36.69,-74.69,22.96
36.69,-74.67,23.3
36.69,-74.63,23.26
36.69,-74.61,23.22
36.69,-74.59,23.22
36.69,-74.57,22.98
36.69,-74.55,22.75
36.69,-74.41,20.79
36.67,-75.89,15.76
36.67,-75.87,15.37
36.67,-75.85,15.32
36.67,-75.83,15.2
36.67,-75.81,15.19
36.67,-75.79,15.27
36.67,-75.77,15.29
36.67,-75.75,15.32
36.67,-75.73,15.3
36.67,-75.71,15.34
36.67,-75.69,15.37
36.67,-75.67,15.35
36.67,-75.65,15.27
36.67,-75.63,15.22
36.67,-75.61,15.15
36.67,-75.59,15.08
36.67,-75.57,14.93
36.67,-75.55,14.75
36.67,-75.53,14.59
36.67,-75.51,14.56
36.67,-75.49,14.65
36.67,-75.47,14.7
36.67,-75.45,14.65
36.67,-75.43,14.61
36.67,-75.41,14.56
36.67,-75.39,14.47
36.67,-75.37,14.37
36.67,-75.35,14.17
36.67,-75.33,13.93
36.67,-75.31,13.8
36.67,-75.29,13.76
36.67,-75.27,13.59
36.67,-75.25,13.51
36.67,-75.23,13.41
36.67,-75.21,13.28
36.67,-75.19,13.28
36.67,-75.17,13.28
36.67,-75.15,13.14
36.67,-75.13,13.0
36.67,-75.11,12.96
36.67,-75.09,12.95
36.67,-75.07,12.91
36.67,-75.05,12.89
36.67,-74.85,19.05
36.67,-74.83,20.86
36.67,-74.81,21.46
36.67,-74.79,21.76
36.67,-74.77,22.09
36.67,-74.75,22.37
36.67,-74.73,22.59
36.67,-74.71,22.75
36.67,-74.69,23.12
36.67,-74.67,23.33
36.67,-74.65,23.36
36.67,-74.63,23.29
36.67,-74.61,23.24
36.67,-74.59,23.17
36.67,-74.57,22.69
36.67,-74.55,22.7
36.67,-74.53,21.78
36.67,-74.51,21.47
36.65,-75.89,15.8
36.65,-75.87,15.42
36.65,-75.85,15.38
36.65,-75.83,15.27
36.65,-75.81,15.21
36.65,-75.79,15.23
36.65,-75.77,15.28
36.65,-75.75,15.36
36.65,-75.73,15.31
36.65,-75.71,15.35
36.65,-75.69,15.4
36.65,-75.67,15.44
36.65,-75.65,15.46
36.65,-75.63,15.29
36.65,-75.61,14.97
36.65,-75.59,14.91
36.65,-75.57,14.92
36.65,-75.55,14.81
36.65,-75.53,14.64
36.65,-75.51,14.55
36.65,-75.49,14.6
36.65,-75.47,14.68
36.65,-75.45,14.71
36.65,-75.43,14.56
36.65,-75.41,14.48
36.65,-75.39,14.44
36.65,-75.37,14.36
36.65,-75.35,14.13
36.65,-75.33,14.08
36.65,-75.31,13.83
36.65,-75.29,13.82
36.65,-75.27,13.77
36.65,-75.25,13.52
36.65,-75.23,13.34
36.65,-75.21,13.22
36.65,-75.19,13.3
36.65,-75.17,13.36
36.65,-75.15,13.3
36.65,-75.13,13.0
36.65,-75.11,12.9
36.65,-75.09,12.88
36.65,-75.07,12.89
36.65,-74.87,18.06
36.65,-74.85,19.58
36.65,-74.83,20.81
36.65,-74.81,21.54
36.65,-74.79,21.79
36.65,-74.77,22.11
36.65,-74.75,22.37
36.65,-74.73,22.56
36.65,-74.71,22.77
36.65,-74.69,23.07
36.65,-74.67,23.15
36.65,-74.65,23.26
36.65,-74.63,23.26
36.65,-74.61,23.24
36.65,-74.59,22.96
36.65,-74.57,22.78
36.65,-74.55,22.1
36.65,-74.53,21.79
36.65,-74.51,21.51
36.65,-74.49,21.43
36.65,-74.47,20.87
36.65,-74.45,20.86
36.65,-74.43,20.85
36.65,-74.41,20.43
36.63,-75.97,19.55
36.63,-75.89,16.04
36.63,-75.87,15.99
36.63,-75.85,15.58
36.63,-75.83,15.31
36.63,-75.81,15.24
36.63,-75.79,15.26
36.63,-75.77,15.44
36.63,-75.75,15.46
36.63,-75.73,15.39
36.63,-75.71,15.31
36.63,-75.69,15.29
36.63,-75.67,15.37
36.63,-75.65,15.44
36.63,-75.63,15.11
36.63,-75.61,14.8
36.63,-75.59,14.8
36.63,-75.57,14.83
36.63,-75.55,14.75
36.63,-75.53,14.7
36.63,-75.51,14.59
36.63,-75.49,14.57
36.63,-75.47,14.74
36.63,-75.45,14.7
36.63,-75.43,14.57
36.63,-75.41,14.44
36.63,-75.39,14.41
36.63,-75.37,14.29
36.63,-75.35,14.15
36.63,-75.33,14.14
36.63,-75.31,14.11
36.63,-75.29,14.0
36.63,-75.27,13.65
36.63,-75.25,13.52
36.63,-75.23,13.41
36.63,-75.21,13.26
36.63,-75.19,13.4
36.63,-75.17,13.42
36.63,-75.15,13.31
36.63,-75.13,13.07
36.63,-75.11,12.99
36.63,-75.09,12.84
36.63,-75.07,12.79
36.63,-74.89,17.07
36.63,-74.87,18.73
36.63,-74.85,19.9
36.63,-74.83,20.81
36.63,-74.81,21.53
36.63,-74.79,21.94
36.63,-74.77,22.14
36.63,-74.75,22.45
36.63,-74.73,22.47
36.63,-74.71,22.66
36.63,-74.69,22.87
36.63,-74.67,23.14
36.63,-74.65,23.23
36.63,-74.63,23.28
36.63,-74.61,23.31
36.63,-74.59,22.8
36.63,-74.57,22.79
36.63,-74.47,20.92
36.63,-74.45,20.9
36.63,-74.43,20.69
36.63,-74.41,20.52
36.61,-75.97,19.31
36.61,-75.95,19.27
36.61,-75.93,19.72
36.61,-75.91,19.83
36.61,-75.87,15.96
36.61,-75.85,15.62
36.61,-75.83,15.38
36.61,-75.81,15.32
36.61,-75.79,15.26
36.61,-75.77,15.27
36.61,-75.75,15.31
36.61,-75.73,15.52
36.61,-75.71,15.4
36.61,-75.69,15.31
36.61,-75.67,15.27
36.61,-75.65,15.27
36.61,-75.63,14.93
36.61,-75.61,14.76
36.61,-75.59,14.8
36.61,-75.57,14.82
36.61,-75.55,14.74
36.61,-75.53,14.68
36.61,-75.51,14.61
36.61,-75.49,14.58
36.61,-75.47,14.68
36.61,-75.45,14.66
36.61,-75.43,14.59
36.61,-75.41,14.52
36.61,-75.39,14.45
36.61,-75.37,14.32
36.61,-75.35,14.23
36.61,-75.33,14.25
36.61,-75.31,14.23
36.61,-75.29,14.0
36.61,-75.27,13.69
36.61,-75.25,13.53
36.61,-75.23,13.4
36.61,-75.21,13.39
36.61,-75.19,13.44
36.61,-75.17,13.45
36.61,-75.15,13.37
36.61,-75.13,13.14
36.61,-75.11,13.07
36.61,-75.09,12.86
36.61,-75.07,12.79
36.61,-74.91,18.3
36.61,-74.89,18.74
36.61,-74.87,19.97
36.61,-74.85,20.52
36.61,-74.83,20.64
36.61,-74.81,21.74
36.61,-74.79,22.03
36.61,-74.77,22.24
36.61,-74.75,22.46
36.61,-74.73,22.54
36.61,-74.71,22.6
36.61,-74.69,22.75
36.61,-74.67,23.04
36.61,-74.65,23.17
36.61,-74.63,23.24
36.61,-74.61,22.89
36.61,-74.59,22.8
36.59,-75.97,19.32
36.59,-75.95,19.22
36.59,-75.93,19.29
36.59,-75.91,19.77
36.59,-75.87,15.78
36.59,-75.85,15.69
36.59,-75.83,15.3
36.59,-75.81,15.37
36.59,-75.79,15.41
36.59,-75.77,15.4
36.59,-75.75,15.29
36.59,-75.73,15.41
36.59,-75.71,15.39
36.59,-75.69,15.35
36.59,-75.67,15.22
36.59,-75.65,15.1
36.59,-75.63,15.0
36.59,-75.61,14.83
36.59,-75.59,14.86
36.59,-75.57,14.79
36.59,-75.55,14.72
36.59,-75.53,14.7
36.59,-75.51,14.64
36.59,-75.49,14.63
36.59,-75.47,14.69
36.59,-75.45,14.61
36.59,-75.43,14.55
36.59,-75.41,14.53
36.59,-75.39,14.44
36.59,-75.37,14.33
36.59,-75.35,14.22
36.59,-75.33,14.24
36.59,-75.31,14.2
36.59,-75.29,13.97
36.59,-75.27,13.7
36.59,-75.25,13.55
36.59,-75.23,13.44
36.59,-75.21,13.45
36.59,-75.19,13.54
36.59,-75.17,13.47
36.59,-75.15,13.37
36.59,-75.13,13.2
36.59,-75.11,13.1
36.59,-75.09,12.89
36.59,-75.07,12.87
36.59,-74.93,17.11
36.59,-74.91,18.3
36.59,-74.89,19.24
36.59,-74.87,19.88
36.59,-74.85,20.34
36.59,-74.83,21.18
36.59,-74.81,21.41
36.59,-74.79,21.96
36.59,-74.77,22.11
36.59,-74.75,22.42
36.59,-74.73,22.56
36.59,-74.71,22.62
36.59,-74.69,22.79
36.59,-74.67,23.04
36.59,-74.65,23.05
36.59,-74.63,23.1
36.59,-74.61,22.94
36.59,-74.59,22.89
36.57,-75.95,19.32
36.57,-75.93,19.28
36.57,-75.91,19.25
36.57,-75.87,15.8
36.57,-75.85,15.74
36.57,-75.83,15.47
36.57,-75.81,15.54
36.57,-75.79,15.51
36.57,-75.77,15.38
36.57,-75.75,15.37
36.57,-75.73,15.42
36.57,-75.71,15.44
36.57,-75.69,15.4
36.57,-75.67,15.35
36.57,-75.65,15.42
36.57,-75.63,15.04
36.57,-75.61,15.04
36.57,-75.59,14.98
36.57,-75.57,14.89
36.57,-75.55,14.73
36.57,-75.53,14.72
36.57,-75.51,14.73
36.57,-75.49,14.68
36.57,-75.47,14.66
36.57,-75.45,14.6
36.57,-75.43,14.53
36.57,-75.41,14.52
36.57,-75.39,14.47
36.57,-75.37,14.35
36.57,-75.35,14.27
36.57,-75.33,14.26
36.57,-75.31,14.06
36.57,-75.29,13.95
36.57,-75.27,13.73
36.57,-75.25,13.6
36.57,-75.23,13.46
36.57,-75.21,13.56
36.57,-75.19,13.61
36.57,-75.17,13.47
36.57,-75.15,13.38
36.57,-75.13,13.21
36.57,-75.11,13.02
36.57,-75.09,12.99
36.57,-75.07,12.93
36.57,-75.05,13.01
36.57,-74.93,17.27
36.57,-74.91,18.96
36.57,-74.89,19.13
36.57,-74.87,19.61
36.57,-74.85,20.09
36.57,-74.83,20.93
36.57,-74.81,21.44
36.57,-74.79,21.67
36.57,-74.77,22.13
36.57,-74.75,22.37
36.57,-74.73,22.57
36.57,-74.71,22.66
36.57,-74.69,22.85
36.57,-74.67,22.95
36.57,-74.65,23.1
36.57,-74.63,23.14
36.57,-74.61,23.27
36.57,-74.59,23.38
36.55,-75.85,15.77
36.55,-75.83,15.45
36.55,-75.81,15.49
36.55,-75.79,15.46
36.55,-75.77,15.39
36.55,-75.75,15.38
36.55,-75.73,15.4
36.55,-75.71,15.4
36.55,-75.69,15.36
36.55,-75.67,15.35
36.55,-75.65,15.45
36.55,-75.63,15.32
36.55,-75.61,15.25
36.55,-75.59,15.16
36.55,-75.57,14.9
36.55,-75.55,14.66
36.55,-75.53,14.68
36.55,-75.51,14.69
36.55,-75.49,14.7
36.55,-75.47,14.69
36.55,-75.45,14.61
36.55,-75.43,14.52
36.55,-75.41,14.49
36.55,-75.39,14.41
36.55,-75.37,14.28
36.55,-75.35,14.28
36.55,-75.33,14.23
36.55,-75.31,14.05
36.55,-75.29,13.91
36.55,-75.27,13.74
36.55,-75.25,13.61
36.55,-75.23,13.52
36.55,-75.21,13.57
36.55,-75.19,13.65
36.55,-75.17,13.66
36.55,-75.15,13.38
36.55,-75.13,13.19
36.55,-75.11,13.07
36.55,-75.09,13.09
36.55,-75.07,13.04
36.55,-75.05,13.03
36.55,-74.93,17.28
36.55,-74.91,18.62
36.55,-74.89,18.68
36.55,-74.87,19.07
36.55,-74.85,19.51
36.55,-74.83,20.75
36.55,-74.81,21.41
36.55,-74.79,21.74
36.55,-74.77,22.0
36.55,-74.75,22.22
36.55,-74.73,22.37
36.55,-74.71,22.57
36.55,-74.69,22.72
36.55,-74.67,22.85
36.55,-74.65,23.02
36.55,-74.63,23.2
36.55,-74.61,23.31
36.55,-74.59,23.35
36.53,-76.01,19.67
36.53,-75.85,15.73
36.53,-75.83,15.33
36.53,-75.81,15.28
36.53,-75.79,15.32
36.53,-75.77,15.28
36.53,-75.75,15.31
36.53,-75.73,15.32
36.53,-75.71,15.28
36.53,-75.69,15.29
36.53,-75.67,15.28
36.53,-75.65,15.3
36.53,-75.63,15.3
36.53,-75.61,15.31
36.53,-75.59,15.18
36.53,-75.57,14.94
36.53,-75.55,14.78
36.53,-75.53,14.78
36.53,-75.51,14.72
36.53,-75.49,14.67
36.53,-75.47,14.65
36.53,-75.45,14.61
36.53,-75.43,14.59
36.53,-75.41,14.57
36.53,-75.39,14.4
36.53,-75.37,14.35
36.53,-75.35,14.31
36.53,-75.33,14.18
36.53,-75.31,14.0
36.53,-75.29,13.91
36.53,-75.27,13.82
36.53,-75.25,13.65
36.53,-75.23,13.66
36.53,-75.21,13.7
36.53,-75.19,13.64
36.53,-75.17,13.56
36.53,-75.15,13.44
36.53,-75.13,13.14
36.53,-75.11,13.07
36.53,-75.09,13.1
36.53,-75.07,13.12
36.53,-75.05,13.08
36.53,-74.95,15.66
36.53,-74.93,16.75
36.53,-74.91,17.39
36.53,-74.89,18.13
36.53,-74.87,18.55
36.53,-74.85,19.19
36.53,-74.83,20.33
36.53,-74.81,21.36
36.53,-74.79,21.67
36.53,-74.77,22.03
36.53,-74.75,22.11
36.53,-74.73,22.38
36.53,-74.71,22.52
36.53,-74.69,22.63
36.53,-74.67,22.8
36.53,-74.65,22.94
36.53,-74.63,23.06
36.53,-74.61,23.02
36.53,-74.59,23.31
36.51,-76.03,19.76
36.51,-76.01,19.75
36.51,-75.99,19.73
36.51,-75.83,15.3
36.51,-75.81,15.24
36.51,-75.79,15.33
36.51,-75.77,15.25
36.51,-75.75,15.22
36.51,-75.73,15.21
36.51,-75.71,15.19
36.51,-75.69,15.16
36.51,-75.67,15.09
36.51,-75.65,15.08
36.51,-75.63,15.08
36.51,-75.61,15.11
36.51,-75.59,15.09
36.51,-75.57,15.03
36.51,-75.55,15.02
36.51,-75.53,14.93
36.51,-75.51,14.89
36.51,-75.49,14.76
36.51,-75.47,14.7
36.51,-75.45,14.63
36.51,-75.43,14.61
36.51,-75.41,14.61
36.51,-75.39,14.52
36.51,-75.37,14.42
36.51,-75.35,14.3
36.51,-75.33,14.19
36.51,-75.31,14.05
36.51,-75.29,13.98
36.51,-75.27,13.86
36.51,-75.25,13.68
36.51,-75.23,13.69
36.51,-75.21,13.69
36.51,-75.19,13.65
36.51,-75.17,13.6
36.51,-75.15,13.38
36.51,-75.13,13.08
36.51,-75.11,13.04
36.51,-75.09,13.12
36.51,-75.07,13.2
36.51,-75.05,13.14
36.51,-74.95,15.07
36.51,-74.93,15.71
36.51,-74.91,16.56
36.51,-74.89,17.83
36.51,-74.87,18.05
36.51,-74.85,18.78
36.51,-74.83,20.53
36.51,-74.81,21.43
36.51,-74.79,21.74
36.51,-74.77,22.11
36.51,-74.75,22.24
36.51,-74.73,22.42
36.51,-74.71,22.59
36.51,-74.69,22.59
36.51,-74.67,22.6
36.51,-74.65,22.68
36.51,-74.63,22.9
36.51,-74.61,22.93
36.49,-76.03,19.75
36.49,-76.01,19.73
36.49,-75.99,19.71
36.49,-75.95,19.72
36.49,-75.83,15.11
36.49,-75.79,15.26
36.49,-75.77,15.27
36.49,-75.75,15.02
36.49,-75.73,15.04
36.49,-75.71,15.04
36.49,-75.69,15.06
36.49,-75.67,15.04
36.49,-75.65,14.97
36.49,-75.63,14.98
36.49,-75.61,15.03
36.49,-75.59,15.05
36.49,-75.57,15.08
36.49,-75.55,15.07
36.49,-75.53,15.0
36.49,-75.51,14.88
36.49,-75.49,14.81
36.49,-75.47,14.81
36.49,-75.45,14.68
36.49,-75.43,14.62
36.49,-75.41,14.57
36.49,-75.39,14.54
36.49,-75.37,14.45
36.49,-75.35,14.3
36.49,-75.33,14.18
36.49,-75.31,14.07
36.49,-75.29,13.99
36.49,-75.27,13.92
36.49,-75.25,13.85
36.49,-75.23,13.74
36.49,-75.21,13.69
36.49,-75.19,13.57
36.49,-75.17,13.41
36.49,-75.15,13.23
36.49,-75.13,13.1
36.49,-75.11,13.13
36.49,-75.09,13.18
36.49,-75.07,13.25
36.49,-75.05,13.25
36.49,-74.95,15.28
36.49,-74.93,15.46
36.49,-74.91,16.57
36.49,-74.89,17.77
36.49,-74.87,17.95
36.49,-74.85,18.77
36.49,-74.83,20.83
36.49,-74.81,21.72
36.49,-74.79,22.15
36.49,-74.77,22.24
36.49,-74.75,22.29
36.49,-74.73,22.54
36.49,-74.71,22.57
36.49,-74.69,22.57
36.49,-74.67,22.64
36.49,-74.65,22.75
36.49,-74.63,22.86
36.49,-74.61,22.94
36.47,-76.01,19.67
36.47,-75.99,19.65
36.47,-75.97,19.65
36.47,-75.95,19.72
36.47,-75.93,19.7
36.47,-75.91,19.76
36.47,-75.77,15.16
36.47,-75.75,14.99
36.47,-75.73,15.0
36.47,-75.71,14.96
36.47,-75.69,14.98
36.47,-75.67,14.97
36.47,-75.65,15.0
36.47,-75.63,15.0
36.47,-75.61,14.97
36.47,-75.59,14.99
36.47,-75.57,15.04
36.47,-75.55,15.05
36.47,-75.53,14.98
36.47,-75.51,14.84
36.47,-75.49,14.75
36.47,-75.47,14.74
36.47,-75.45,14.82
36.47,-75.43,14.81
36.47,-75.41,14.68
36.47,-75.39,14.52
36.47,-75.37,14.46
36.47,-75.35,14.38
36.47,-75.33,14.22
36.47,-75.31,14.11
36.47,-75.29,14.0
36.47,-75.27,13.96
36.47,-75.25,13.93
36.47,-75.23,13.89
36.47,-75.21,13.73
36.47,-75.19,13.69
36.47,-75.17,13.4
36.47,-75.15,13.18
36.47,-75.13,13.08
36.47,-75.11,13.11
36.47,-75.09,13.19
36.47,-75.07,13.29
36.47,-75.05,13.32
36.47,-74.95,15.23
36.47,-74.93,15.78
36.47,-74.91,16.57
36.47,-74.89,17.79
36.47,-74.87,17.91
36.47,-74.85,18.87
36.47,-74.83,21.18
36.47,-74.81,21.78
36.47,-74.79,22.14
36.47,-74.77,22.26
36.47,-74.75,22.33
36.47,-74.73,22.31
36.47,-74.71,22.25
36.47,-74.69,22.21
36.47,-74.67,22.45
36.47,-74.65,22.41
36.47,-74.63,22.56
36.45,-75.99,19.62
36.45,-75.97,19.6
36.45,-75.95,19.69
36.45,-75.93,19.67
36.45,-75.91,20.18
36.45,-75.89,20.0
36.45,-75.83,14.92
36.45,-75.81,14.91
36.45,-75.79,14.93
36.45,-75.77,15.02
36.45,-75.75,14.92
36.45,-75.73,14.91
36.45,-75.71,14.96
36.45,-75.69,14.98
36.45,-75.67,14.99
36.45,-75.65,15.0
36.45,-75.63,14.96
36.45,-75.61,14.88
36.45,-75.59,14.88
36.45,-75.57,14.94
36.45,-75.55,14.93
36.45,-75.53,14.88
36.45,-75.51,14.76
36.45,-75.49,14.64
36.45,-75.47,14.8
36.45,-75.45,14.93
36.45,-75.43,14.88
36.45,-75.41,14.55
36.45,-75.39,14.45
36.45,-75.37,14.38
36.45,-75.35,14.35
36.45,-75.33,14.31
36.45,-75.31,14.25
36.45,-75.29,14.07
36.45,-75.27,13.97
36.45,-75.25,13.95
36.45,-75.23,13.89
36.45,-75.21,13.76
36.45,-75.19,13.73
36.45,-75.17,13.5
36.45,-75.15,13.26
36.45,-75.13,13.1
36.45,-75.11,13.08
36.45,-75.09,13.2
36.45,-75.07,13.4
36.45,-75.05,13.36
36.45,-74.99,14.35
36.45,-74.97,14.71
36.45,-74.95,15.79
36.45,-74.93,16.58
36.45,-74.91,17.35
36.45,-74.89,18.05
36.45,-74.87,18.91
36.45,-74.85,20.62
36.45,-74.83,21.59
36.45,-74.81,21.95
36.45,-74.79,21.99
36.45,-74.77,22.16
36.45,-74.75,22.32
36.45,-74.73,22.33
36.45,-74.71,22.35
36.45,-74.69,22.53
36.45,-74.67,22.49
36.43,-75.93,19.85
36.43,-75.91,19.95
36.43,-75.89,19.82
36.43,-75.87,19.9
36.43,-75.83,14.97
36.43,-75.81,14.96
36.43,-75.79,14.97
36.43,-75.77,14.83
36.43,-75.75,14.91
36.43,-75.73,14.96
36.43,-75.71,14.95
36.43,-75.69,14.97
36.43,-75.67,15.01
36.43,-75.65,15.01
36.43,-75.63,14.89
36.43,-75.61,14.82
36.43,-75.59,14.8
36.43,-75.57,14.8
36.43,-75.55,14.78
36.43,-75.53,14.85
36.43,-75.51,14.81
36.43,-75.49,14.71
36.43,-75.47,14.75
36.43,-75.45,14.84
36.43,-75.43,15.04
36.43,-75.41,14.48
36.43,-75.39,14.36
36.43,-75.37,14.33
36.43,-75.35,14.25
36.43,-75.33,14.29
36.43,-75.31,14.32
36.43,-75.29,14.18
36.43,-75.27,14.03
36.43,-75.25,13.99
36.43,-75.23,13.89
36.43,-75.21,13.84
36.43,-75.19,13.74
36.43,-75.17,13.59
36.43,-75.15,13.35
36.43,-75.13,13.22
36.43,-75.11,13.14
36.43,-75.09,13.33
36.43,-75.07,13.52
36.43,-75.05,13.42
36.43,-75.03,13.41
36.43,-75.01,14.45
36.43,-74.99,14.43
36.43,-74.97,15.38
36.43,-74.95,16.46
36.43,-74.93,17.98
36.43,-74.91,18.9
36.43,-74.89,19.22
36.43,-74.87,19.5
36.43,-74.85,21.36
36.43,-74.83,21.58
36.43,-74.81,21.77
36.43,-74.79,21.94
36.43,-74.77,22.12
36.43,-74.75,22.3
36.43,-74.73,22.31
36.43,-74.71,22.42
36.43,-74.69,22.5
36.43,-74.67,22.57
36.43,-74.65,22.66
36.43,-74.63,22.66
36.43,-74.61,22.67
36.43,-74.59,22.7
36.41,-75.91,19.8
36.41,-75.89,19.26
36.41,-75.87,19.31
36.41,-75.85,19.61
36.41,-75.81,15.12
36.41,-75.79,15.14
36.41,-75.77,15.2
36.41,-75.75,15.0
36.41,-75.73,14.94
36.41,-75.71,14.94
36.41,-75.69,14.98
36.41,-75.67,15.03
36.41,-75.65,15.01
36.41,-75.63,15.0
36.41,-75.61,14.82
36.41,-75.59,14.75
36.41,-75.57,14.7
36.41,-75.55,14.75
36.41,-75.53,14.85
36.41,-75.51,14.85
36.41,-75.49,14.84
36.41,-75.47,14.81
36.41,-75.45,14.75
36.41,-75.43,14.52
36.41,-75.41,14.41
36.41,-75.39,14.28
36.41,-75.37,14.28
36.41,-75.35,14.3
36.41,-75.33,14.31
36.41,-75.31,14.3
36.41,-75.29,14.17
36.41,-75.27,14.02
36.41,-75.25,13.91
36.41,-75.23,13.85
36.41,-75.21,13.8
36.41,-75.19,13.74
36.41,-75.17,13.53
36.41,-75.15,13.4
36.41,-75.13,13.33
36.41,-75.11,13.35
36.41,-75.09,13.87
36.41,-75.07,13.87
36.41,-75.05,13.81
36.41,-75.03,14.31
36.41,-75.01,15.35
36.41,-74.99,15.89
36.41,-74.97,16.17
36.41,-74.95,17.2
36.41,-74.93,18.84
36.41,-74.91,19.32
36.41,-74.89,19.55
36.41,-74.87,20.34
36.41,-74.85,21.34
36.41,-74.83,21.76
36.41,-74.81,21.84
36.41,-74.79,21.98
36.41,-74.77,22.19
36.41,-74.75,22.36
36.41,-74.73,22.46
36.41,-74.71,22.54
36.41,-74.69,22.63
36.41,-74.67,22.66
36.41,-74.65,22.68
36.41,-74.63,22.66
36.41,-74.61,22.71
36.41,-74.59,22.73
36.41,-74.57,22.88
36.39,-75.91,19.28
36.39,-75.89,19.24
36.39,-75.87,19.38
36.39,-75.85,19.5
36.39,-75.81,15.37
36.39,-75.79,15.38
36.39,-75.77,15.23
36.39,-75.75,15.05
36.39,-75.73,14.97
36.39,-75.71,14.95
36.39,-75.69,14.98
36.39,-75.67,15.05
36.39,-75.65,15.04
36.39,-75.63,15.04
36.39,-75.61,14.92
36.39,-75.59,14.8
36.39,-75.57,14.77
36.39,-75.55,14.93
36.39,-75.53,14.93
36.39,-75.51,14.89
36.39,-75.49,14.86
36.39,-75.47,14.79
36.39,-75.45,14.68
36.39,-75.43,14.62
36.39,-75.41,14.35
36.39,-75.39,14.13
36.39,-75.37,14.04
36.39,-75.35,14.17
36.39,-75.33,14.21
36.39,-75.31,14.18
36.39,-75.29,14.15
36.39,-75.27,14.09
36.39,-75.25,13.92
36.39,-75.23,13.71
36.39,-75.21,13.63
36.39,-75.19,13.48
36.39,-75.17,13.43
36.39,-75.15,13.43
36.39,-75.13,13.53
36.39,-75.11,13.61
36.39,-75.09,14.31
36.39,-75.07,14.3
36.39,-75.05,14.37
36.39,-75.03,15.01
36.39,-75.01,15.7
36.39,-74.99,16.51
36.39,-74.97,16.87
36.39,-74.95,18.66
36.39,-74.93,19.58
36.39,-74.91,19.8
36.39,-74.89,20.22
36.39,-74.87,20.79
36.39,-74.85,21.43
36.39,-74.83,21.75
36.39,-74.81,21.84
36.39,-74.79,22.0
36.39,-74.77,22.31
36.39,-74.75,22.46
36.39,-74.73,22.54
36.39,-74.71,22.6
36.39,-74.69,22.65
36.39,-74.67,22.7
36.39,-74.65,22.73
36.39,-74.63,22.89
36.39,-74.61,22.64
36.39,-74.59,22.75
36.39,-74.57,22.85
36.39,-74.55,22.93
36.37,-75.87,19.05
36.37,-75.85,19.36
36.37,-75.79,15.39
36.37,-75.77,15.23
36.37,-75.75,15.05
36.37,-75.73,14.96
36.37,-75.71,14.93
36.37,-75.69,14.96
36.37,-75.67,15.04
36.37,-75.65,15.08
36.37,-75.63,15.07
36.37,-75.61,14.98
36.37,-75.59,14.9
36.37,-75.57,14.92
36.37,-75.55,15.08
36.37,-75.53,15.07
36.37,-75.51,14.97
36.37,-75.49,14.97
36.37,-75.47,14.83
36.37,-75.45,14.76
36.37,-75.43,14.68
36.37,-75.41,14.31
36.37,-75.39,14.07
36.37,-75.37,13.85
36.37,-75.35,14.04
36.37,-75.33,14.12
36.37,-75.31,14.04
36.37,-75.29,13.96
36.37,-75.27,13.95
36.37,-75.25,13.9
36.37,-75.23,13.7
36.37,-75.21,13.48
36.37,-75.19,13.46
36.37,-75.17,13.47
36.37,-75.15,13.53
36.37,-75.13,13.61
36.37,-75.11,13.95
36.37,-75.09,13.97
36.37,-75.07,14.07
36.37,-75.05,14.17
36.37,-75.03,15.19
36.37,-75.01,16.01
36.37,-74.99,16.87
36.37,-74.97,17.59
36.37,-74.95,19.82
36.37,-74.93,20.15
36.37,-74.91,20.81
36.37,-74.89,20.8
36.37,-74.87,20.95
36.37,-74.85,21.29
36.37,-74.83,21.53
36.37,-74.81,21.74
36.37,-74.79,22.02
36.37,-74.77,22.29
36.37,-74.75,22.47
36.37,-74.73,22.59
36.37,-74.71,22.59
36.37,-74.69,22.55
36.37,-74.67,22.72
36.37,-74.65,22.8
36.37,-74.63,22.81
36.37,-74.59,22.63
36.37,-74.57,22.62
36.37,-74.55,22.84
36.35,-75.85,19.2
36.35,-75.73,15.0
36.35,-75.71,15.0
36.35,-75.69,14.98
36.35,-75.67,14.96
36.35,-75.65,15.04
36.35,-75.63,15.05
36.35,-75.61,15.03
36.35,-75.59,14.96
36.35,-75.57,14.94
36.35,-75.55,15.13
36.35,-75.53,15.14
36.35,-75.51,15.08
36.35,-75.49,15.03
36.35,-75.47,15.02
36.35,-75.45,14.86
36.35,-75.43,14.79
36.35,-75.41,14.56
36.35,-75.39,14.26
36.35,-75.37,14.02
36.35,-75.35,13.97
36.35,-75.33,14.03
36.35,-75.31,13.9
36.35,-75.29,13.84
36.35,-75.27,13.76
36.35,-75.25,13.71
36.35,-75.23,13.7
36.35,-75.21,13.52
36.35,-75.19,13.52
36.35,-75.17,13.45
36.35,-75.15,13.6
36.35,-75.13,13.92
36.35,-75.11,13.99
36.35,-75.09,14.04
36.35,-75.07,14.14
36.35,-75.05,14.19
36.35,-75.03,15.33
36.35,-75.01,16.49
36.35,-74.99,17.15
36.35,-74.97,19.35
36.35,-74.95,20.16
36.35,-74.93,20.64
36.35,-74.91,20.96
36.35,-74.89,21.02
36.35,-74.87,21.09
36.35,-74.85,21.2
36.35,-74.83,21.49
36.35,-74.81,21.65
36.35,-74.79,22.06
36.35,-74.77,22.11
36.35,-74.75,22.3
36.35,-74.73,22.51
36.35,-74.71,22.59
36.35,-74.69,22.75
36.35,-74.67,22.87
36.35,-74.65,22.87
36.35,-74.63,22.85
36.35,-74.61,22.8
36.35,-74.59,22.71
36.33,-75.71,15.08
36.33,-75.69,15.05
36.33,-75.67,15.05
36.33,-75.65,15.07
36.33,-75.63,15.05
36.33,-75.61,14.98
36.33,-75.59,14.99
36.33,-75.57,14.96
36.33,-75.55,15.0
36.33,-75.53,15.13
36.33,-75.51,15.08
36.33,-75.49,15.02
36.33,-75.47,14.97
36.33,-75.45,14.86
36.33,-75.43,14.79
36.33,-75.41,14.61
36.33,-75.39,14.49
36.33,-75.37,14.24
36.33,-75.35,14.16
36.33,-75.33,14.03
36.33,-75.31,13.94
36.33,-75.29,13.93
36.33,-75.27,13.7
36.33,-75.25,13.62
36.33,-75.23,13.56
36.33,-75.21,13.51
36.33,-75.19,13.56
36.33,-75.17,13.59
36.33,-75.15,13.63
36.33,-75.13,13.87
36.33,-75.11,14.11
36.33,-75.09,14.3
36.33,-75.07,14.49
36.33,-75.05,14.85
36.33,-75.03,15.84
36.33,-75.01,16.8
36.33,-74.99,17.64
36.33,-74.97,19.35
36.33,-74.95,20.59
36.33,-74.93,21.07
36.33,-74.91,21.12
36.33,-74.89,21.15
36.33,-74.87,21.21
36.33,-74.85,21.26
36.33,-74.83,21.41
36.33,-74.81,21.48
36.33,-74.79,21.99
36.33,-74.77,22.1
36.33,-74.75,22.29
36.33,-74.73,22.51
36.33,-74.71,22.67
36.33,-74.69,22.74
36.33,-74.67,22.82
36.33,-74.65,22.88
36.33,-74.63,22.85
36.33,-74.61,22.91
36.33,-74.59,22.87
36.33,-74.57,22.79
36.31,-75.71,15.1
36.31,-75.69,15.1
36.31,-75.67,15.09
36.31,-75.65,15.09
36.31,-75.63,15.09
36.31,-75.61,15.08
36.31,-75.59,15.05
36.31,-75.57,15.03
36.31,-75.55,15.05
36.31,-75.53,15.07
36.31,-75.51,14.98
36.31,-75.49,14.86
36.31,-75.47,14.84
36.31,-75.45,14.85
36.31,-75.43,14.76
36.31,-75.41,14.67
36.31,-75.39,14.58
36.31,-75.37,14.39
36.31,-75.35,14.3
36.31,-75.33,14.0
36.31,-75.31,13.98
36.31,-75.29,13.99
36.31,-75.27,13.98
36.31,-75.25,13.82
36.31,-75.23,13.64
36.31,-75.21,13.54
36.31,-75.19,13.52
36.31,-75.17,13.71
36.31,-75.15,13.69
36.31,-75.13,13.69
36.31,-75.11,13.94
36.31,-75.09,14.34
36.31,-75.07,15.07
36.31,-75.05,15.8
36.31,-75.03,16.36
36.31,-75.01,16.95
36.31,-74.99,18.06
36.31,-74.97,19.0
36.31,-74.95,20.58
36.31,-74.93,21.12
36.31,-74.91,21.33
36.31,-74.89,21.45
36.31,-74.87,21.44
36.31,-74.85,21.39
36.31,-74.83,21.19
36.31,-74.81,21.14
36.31,-74.79,21.59
36.31,-74.77,22.01
36.31,-74.75,22.2
36.31,-74.73,22.49
36.31,-74.71,22.64
36.31,-74.69,22.69
36.31,-74.67,22.82
36.31,-74.65,22.82
36.31,-74.63,22.88
36.31,-74.61,22.89
36.31,-74.59,22.85
36.31,-74.57,22.79
36.31,-74.55,22.79
36.29,-75.69,15.12
36.29,-75.67,15.1
36.29,-75.65,15.1
36.29,-75.63,15.1
36.29,-75.61,15.1
36.29,-75.59,15.08
36.29,-75.57,15.07
36.29,-75.55,15.05
36.29,-75.53,15.03
36.29,-75.51,14.94
36.29,-75.49,14.85
36.29,-75.47,14.81
36.29,-75.45,14.83
36.29,-75.43,14.75
36.29,-75.41,14.68
36.29,-75.39,14.6
36.29,-75.37,14.51
36.29,-75.35,14.39
36.29,-75.33,14.22
36.29,-75.31,14.08
36.29,-75.29,14.07
36.29,-75.27,14.2
36.29,-75.25,14.08
36.29,-75.23,13.79
36.29,-75.21,13.67
36.29,-75.19,13.67
36.29,-75.17,13.74
36.29,-75.15,13.78
36.29,-75.13,13.71
36.29,-75.11,13.62
36.29,-75.09,14.06
36.29,-75.07,14.87
36.29,-75.05,16.42
36.29,-75.03,17.03
36.29,-75.01,17.46
36.29,-74.99,18.42
36.29,-74.97,19.31
36.29,-74.95,20.56
36.29,-74.93,20.88
36.29,-74.91,21.18
36.29,-74.89,21.43
36.29,-74.87,21.49
36.29,-74.85,20.83
36.29,-74.83,19.93
36.29,-74.81,19.72
36.29,-74.79,19.82
36.29,-74.77,21.35
36.29,-74.75,21.95
36.29,-74.73,22.38
36.29,-74.71,22.59
36.29,-74.69,22.73
36.29,-74.67,22.87
36.29,-74.65,22.86
36.29,-74.63,22.91
36.29,-74.61,22.95
36.29,-74.59,22.86
36.29,-74.57,22.76
36.27,-76.15,20.51
36.27,-76.13,20.55
36.27,-76.11,20.63
36.27,-75.69,15.06
36.27,-75.67,15.02
36.27,-75.65,15.06
36.27,-75.63,15.08
36.27,-75.61,15.05
36.27,-75.59,15.01
36.27,-75.57,15.01
36.27,-75.55,15.02
36.27,-75.53,15.03
36.27,-75.51,14.97
36.27,-75.49,14.93
36.27,-75.47,14.88
36.27,-75.45,14.83
36.27,-75.43,14.8
36.27,-75.41,14.78
36.27,-75.39,14.63
36.27,-75.37,14.57
36.27,-75.35,14.45
36.27,-75.33,14.39
36.27,-75.31,14.22
36.27,-75.29,14.22
36.27,-75.27,14.35
36.27,-75.25,14.33
36.27,-75.23,13.97
36.27,-75.21,13.77
36.27,-75.19,13.73
36.27,-75.17,13.75
36.27,-75.15,13.77
36.27,-75.13,13.89
36.27,-75.11,13.87
36.27,-75.09,13.8
36.27,-75.07,14.61
36.27,-75.05,15.26
36.27,-75.03,16.6
36.27,-75.01,17.5
36.27,-74.99,18.51
36.27,-74.97,19.17
36.27,-74.95,19.63
36.27,-74.93,19.85
36.27,-74.91,20.56
36.27,-74.89,20.46
36.27,-74.87,20.57
36.27,-74.85,19.91
36.27,-74.83,19.69
36.27,-74.81,19.7
36.27,-74.79,19.66
36.27,-74.77,19.91
36.27,-74.75,20.74
36.27,-74.73,21.71
36.27,-74.71,22.38
36.27,-74.69,22.58
36.27,-74.67,22.83
36.27,-74.65,22.88
36.27,-74.63,22.9
36.27,-74.61,22.93
36.27,-74.59,22.91
36.27,-74.57,22.83
36.25,-76.13,20.66
36.25,-76.11,20.7
36.25,-75.69,15.06
36.25,-75.67,15.01
36.25,-75.65,15.05
36.25,-75.63,15.03
36.25,-75.61,15.02
36.25,-75.59,15.02
36.25,-75.57,14.99
36.25,-75.55,14.98
36.25,-75.53,14.96
36.25,-75.51,14.88
36.25,-75.49,14.87
36.25,-75.47,14.85
36.25,-75.45,14.8
36.25,-75.43,14.84
36.25,-75.41,14.82
36.25,-75.39,14.76
36.25,-75.37,14.63
36.25,-75.35,14.61
36.25,-75.33,14.43
36.25,-75.31,14.37
36.25,-75.29,14.36
36.25,-75.27,14.41
36.25,-75.25,14.27
36.25,-75.23,13.92
36.25,-75.21,13.84
36.25,-75.19,13.85
36.25,-75.17,13.92
36.25,-75.15,13.96
36.25,-75.13,14.03
36.25,-75.11,13.96
36.25,-75.09,13.94
36.25,-75.07,14.15
36.25,-75.05,15.32
36.25,-75.03,15.95
36.25,-75.01,18.11
36.25,-74.99,18.94
36.25,-74.97,18.97
36.25,-74.95,19.03
36.25,-74.93,19.02
36.25,-74.91,19.43
36.25,-74.89,19.72
36.25,-74.87,19.88
36.25,-74.85,19.93
36.25,-74.83,19.9
36.25,-74.81,19.9
36.25,-74.79,19.87
36.25,-74.77,19.76
36.25,-74.75,19.92
36.25,-74.73,20.24
36.25,-74.71,22.1
36.25,-74.69,22.51
36.25,-74.67,22.76
36.25,-74.65,22.81
36.25,-74.63,22.9
36.25,-74.61,22.95
36.25,-74.59,22.92
36.25,-74.57,22.9
36.23,-76.11,20.6
36.23,-76.07,20.32
36.23,-75.63,15.03
36.23,-75.61,15.06
36.23,-75.59,15.05
36.23,-75.57,14.96
36.23,-75.55,14.97
36.23,-75.53,14.95
36.23,-75.51,14.83
36.23,-75.49,14.83
36.23,-75.47,14.86
36.23,-75.45,14.86
36.23,-75.43,14.85
36.23,-75.41,14.79
36.23,-75.39,14.73
36.23,-75.37,14.67
36.23,-75.35,14.62
36.23,-75.33,14.51
36.23,-75.31,14.5
36.23,-75.29,14.47
36.23,-75.27,14.35
36.23,-75.25,14.21
36.23,-75.23,13.93
36.23,-75.21,13.87
36.23,-75.19,13.98
36.23,-75.17,14.09
36.23,-75.15,14.15
36.23,-75.13,14.24
36.23,-75.11,14.19
36.23,-75.09,14.15
36.23,-75.07,14.44
36.23,-75.05,15.49
36.23,-75.03,17.08
36.23,-75.01,18.65
36.23,-74.99,18.79
36.23,-74.97,18.79
36.23,-74.95,18.75
36.23,-74.93,18.84
36.23,-74.91,18.86
36.23,-74.89,19.1
36.23,-74.87,19.77
36.23,-74.85,20.29
36.23,-74.83,20.44
36.23,-74.81,20.58
36.23,-74.79,20.26
36.23,-74.77,19.76
36.23,-74.75,19.73
36.23,-74.73,20.07
36.23,-74.71,21.05
36.23,-74.69,22.39
36.23,-74.67,22.71
36.23,-74.65,22.8
36.23,-74.63,22.82
36.23,-74.61,22.8
36.23,-74.59,22.85
36.23,-74.57,22.9
36.21,-76.05,20.17
36.21,-75.65,15.02
36.21,-75.63,14.98
36.21,-75.61,14.93
36.21,-75.59,14.95
36.21,-75.57,14.91
36.21,-75.55,14.89
36.21,-75.53,14.85
36.21,-75.51,14.82
36.21,-75.49,14.83
36.21,-75.47,14.86
36.21,-75.45,14.87
36.21,-75.43,14.89
36.21,-75.41,14.85
36.21,-75.39,14.85
36.21,-75.37,14.79
36.21,-75.35,14.61
36.21,-75.33,14.53
36.21,-75.23,14.1
36.21,-75.21,14.17
36.21,-75.19,14.14
36.21,-75.17,14.19
36.21,-75.15,14.25
36.21,-75.13,14.25
36.21,-75.11,14.29
36.21,-75.09,14.56
36.21,-75.07,15.09
36.21,-75.05,16.64
36.21,-75.03,18.76
36.21,-75.01,18.72
36.21,-74.99,18.71
36.21,-74.97,18.61
36.21,-74.95,18.48
36.21,-74.93,18.69
36.21,-74.91,18.98
36.21,-74.89,19.29
36.21,-74.87,19.96
36.21,-74.85,20.43
36.21,-74.83,20.65
36.21,-74.81,20.83
36.21,-74.79,20.53
36.21,-74.77,20.35
36.21,-74.75,20.24
36.21,-74.73,20.14
36.21,-74.71,20.66
36.21,-74.69,21.91
36.21,-74.67,22.54
36.21,-74.65,22.81
36.21,-74.63,22.85
36.21,-74.61,22.89
36.21,-74.59,22.89
36.21,-74.57,22.89
36.21,-74.55,22.92
36.19,-76.45,21.32
36.19,-75.65,14.92
36.19,-75.63,14.8
36.19,-75.61,14.83
36.19,-75.59,14.89
36.19,-75.49,14.76
36.19,-75.47,14.78
36.19,-75.45,14.91
36.19,-75.43,14.93
36.19,-75.41,14.91
36.19,-75.39,14.95
36.19,-75.37,14.94
36.19,-75.35,14.81
36.19,-75.23,14.36
36.19,-75.21,14.49
36.19,-75.19,14.34
36.19,-75.17,14.25
36.19,-75.15,14.32
36.19,-75.13,14.26
36.19,-75.11,14.43
36.19,-75.09,15.53
36.19,-75.07,18.09
36.19,-75.05,18.79
36.19,-75.03,19.19
36.19,-75.01,19.42
36.19,-74.99,19.0
36.19,-74.97,18.95
36.19,-74.95,18.9
36.19,-74.93,19.73
36.19,-74.91,20.35
36.19,-74.89,20.32
36.19,-74.87,20.41
36.19,-74.85,20.51
36.19,-74.83,20.9
36.19,-74.81,20.91
36.19,-74.79,20.78
36.19,-74.77,20.51
36.19,-74.75,20.27
36.19,-74.73,20.11
36.19,-74.71,20.52
36.19,-74.69,21.73
36.19,-74.67,22.26
36.19,-74.65,22.69
36.19,-74.63,22.85
36.19,-74.61,22.89
36.19,-74.59,22.78
36.19,-74.57,22.81
36.19,-74.55,22.83
36.17,-76.41,21.26
36.17,-76.03,19.99
36.17,-75.97,20.19
36.17,-75.91,19.58
36.17,-75.77,18.83
36.17,-75.63,14.83
36.17,-75.61,14.82
36.17,-75.59,14.7
36.17,-75.47,14.82
36.17,-75.45,14.83
36.17,-75.43,14.89
36.17,-75.41,14.99
36.17,-75.39,15.05
36.17,-75.37,15.0
36.17,-75.35,14.88
36.17,-75.33,14.87
36.17,-75.23,14.54
36.17,-75.21,14.54
36.17,-75.19,14.57
36.17,-75.17,14.54
36.17,-75.15,14.35
36.17,-75.13,14.22
36.17,-75.11,15.36
36.17,-75.09,16.93
36.17,-75.07,18.76
36.17,-75.05,19.04
36.17,-75.03,19.22
36.17,-75.01,19.47
36.17,-74.99,19.6
36.17,-74.97,19.67
36.17,-74.95,20.03
36.17,-74.93,20.39
36.17,-74.91,20.43
36.17,-74.89,20.57
36.17,-74.87,20.6
36.17,-74.85,20.71
36.17,-74.83,20.74
36.17,-74.81,20.81
36.17,-74.79,20.8
36.17,-74.77,20.6
36.17,-74.75,20.29
36.17,-74.73,20.03
36.17,-74.71,21.11
36.17,-74.69,21.65
36.17,-74.67,22.2
36.17,-74.65,22.57
36.17,-74.63,22.71
36.17,-74.61,22.86
36.17,-74.59,22.91
36.17,-74.57,22.77
36.17,-74.55,22.72
36.17,-74.53,22.71
36.15,-76.05,20.0
36.15,-75.63,14.87
36.15,-75.61,14.88
36.15,-75.59,14.92
36.15,-75.57,14.59
36.15,-75.55,14.64
36.15,-75.49,14.66
36.15,-75.41,15.0
36.15,-75.39,15.1
36.15,-75.37,15.07
36.15,-75.35,14.96
36.15,-75.33,14.93
36.15,-75.31,14.94
36.15,-75.23,14.63
36.15,-75.21,14.57
36.15,-75.19,14.54
36.15,-75.17,14.5
36.15,-75.15,14.47
36.15,-75.13,14.68
36.15,-75.11,16.33
36.15,-75.09,17.93
36.15,-75.07,18.38
36.15,-75.05,18.61
36.15,-75.03,18.27
36.15,-75.01,18.25
36.15,-74.99,18.74
36.15,-74.97,19.1
36.15,-74.95,19.63
36.15,-74.93,20.16
36.15,-74.91,20.39
36.15,-74.89,20.54
36.15,-74.87,20.57
36.15,-74.85,20.7
36.15,-74.83,20.75
36.15,-74.81,20.8
36.15,-74.79,20.79
36.15,-74.77,20.4
36.15,-74.75,20.05
36.15,-74.73,19.99
36.15,-74.71,20.45
36.15,-74.69,21.59
36.15,-74.67,21.98
36.15,-74.65,22.5
36.15,-74.63,22.75
36.15,-74.61,22.84
36.15,-74.59,22.84
36.15,-74.57,22.83
36.15,-74.55,22.78
36.15,-74.53,22.72
36.15,-74.51,22.69
36.13,-76.33,20.42
36.13,-76.13,20.03
36.13,-76.11,19.98
36.13,-76.09,19.92
36.13,-75.91,19.54
36.13,-75.89,19.53
36.13,-75.87,19.54
36.13,-75.61,14.88
36.13,-75.59,15.0
36.13,-75.49,14.66
36.13,-75.47,14.75
36.13,-75.35,14.96
36.13,-75.33,14.94
36.13,-75.23,14.78
36.13,-75.21,14.79
36.13,-75.19,14.74
36.13,-75.17,14.82
36.13,-75.15,15.57
36.13,-75.13,16.47
36.13,-75.11,17.52
36.13,-75.09,17.86
36.13,-75.07,18.3
36.13,-75.05,18.2
36.13,-75.03,18.05
36.13,-75.01,18.03
36.13,-74.99,18.01
36.13,-74.97,19.03
36.13,-74.95,19.56
36.13,-74.93,20.06
36.13,-74.91,20.38
36.13,-74.89,20.69
36.13,-74.87,20.63
36.13,-74.85,20.68
36.13,-74.83,20.65
36.13,-74.81,20.65
36.13,-74.79,20.39
36.13,-74.77,20.4
36.13,-74.75,20.02
36.13,-74.73,19.82
36.13,-74.71,20.48
36.13,-74.69,21.26
36.13,-74.67,21.97
36.13,-74.65,22.29
36.13,-74.63,22.35
36.13,-74.61,22.73
36.13,-74.59,22.73
36.13,-74.57,22.71
36.13,-74.55,22.73
36.13,-74.53,22.69
36.13,-74.51,22.63
36.13,-74.49,22.6
36.11,-76.71,20.97
36.11,-76.69,20.88
36.11,-76.31,20.44
36.11,-76.29,20.5
36.11,-76.17,20.1
36.11,-76.15,20.09
36.11,-76.13,20.01
36.11,-76.11,19.94
36.11,-76.09,19.87
36.11,-75.89,19.5
36.11,-75.87,19.49
36.11,-75.21,14.84
36.11,-75.19,14.87
36.11,-75.17,15.43
36.11,-75.15,16.43
36.11,-75.13,17.23
36.11,-75.11,17.73
36.11,-75.09,17.97
36.11,-75.07,18.05
36.11,-75.05,17.93
36.11,-75.03,17.89
36.11,-75.01,17.79
36.11,-74.99,17.85
36.11,-74.97,19.16
36.11,-74.95,20.01
36.11,-74.93,20.34
36.11,-74.91,20.46
36.11,-74.89,20.55
36.11,-74.87,20.49
36.11,-74.85,20.24
36.11,-74.83,20.21
36.11,-74.81,20.15
36.11,-74.79,20.06
36.11,-74.77,19.81
36.11,-74.75,19.44
36.11,-74.73,19.4
36.11,-74.71,19.79
36.11,-74.69,20.53
36.11,-74.67,21.34
36.11,-74.65,21.91
36.11,-74.63,22.25
36.11,-74.61,22.38
36.11,-74.59,22.43
36.11,-74.57,22.37
36.11,-74.55,22.38
36.11,-74.53,22.49
36.11,-74.51,22.6
36.11,-74.49,22.62
36.11,-74.47,22.59
36.09,-76.71,20.8
36.09,-76.31,20.37
36.09,-76.29,20.37
36.09,-76.23,20.1
36.09,-76.21,20.1
36.09,-76.19,20.1
36.09,-76.17,19.92
36.09,-76.15,19.91
36.09,-76.13,19.89
36.09,-76.11,19.84
36.09,-76.09,19.82
36.09,-76.01,19.65
36.09,-75.99,19.56
36.09,-75.93,19.47
36.09,-75.91,19.61
36.09,-75.89,19.58
36.09,-75.19,15.05
36.09,-75.17,16.17
36.09,-75.15,17.31
36.09,-75.13,17.57
36.09,-75.11,17.71
36.09,-75.09,17.84
36.09,-75.07,17.88
36.09,-75.05,17.86
36.09,-75.03,17.8
36.09,-75.01,17.79
36.09,-74.99,18.84
36.09,-74.97,19.55
36.09,-74.95,19.93
36.09,-74.93,20.4
36.09,-74.91,20.45
36.09,-74.89,20.4
36.09,-74.87,19.81
36.09,-74.85,19.81
36.09,-74.83,19.96
36.09,-74.81,20.03
36.09,-74.79,19.99
36.09,-74.77,19.48
36.09,-74.75,19.33
36.09,-74.73,19.33
36.09,-74.71,19.64
36.09,-74.69,20.08
36.09,-74.67,20.79
36.09,-74.65,21.67
36.09,-74.63,21.79
36.09,-74.61,21.68
36.09,-74.59,21.92
36.09,-74.57,22.1
36.09,-74.55,22.51
36.09,-74.53,22.54
36.09,-74.51,22.57
36.09,-74.49,22.56
36.09,-74.47,22.43
36.09,-74.45,21.95
36.07,-76.71,20.81
36.07,-76.41,20.25
36.07,-76.39,20.33
36.07,-76.37,20.2
36.07,-76.35,20.14
36.07,-76.33,20.12
36.07,-76.31,20.16
36.07,-76.29,20.11
36.07,-76.27,19.98
36.07,-76.21,19.96
36.07,-76.19,19.91
36.07,-76.17,19.86
36.07,-76.15,19.87
36.07,-76.13,19.9
36.07,-76.11,19.84
36.07,-76.09,19.79
36.07,-76.03,19.72
36.07,-76.01,19.7
36.07,-75.99,19.41
36.07,-75.97,19.34
36.07,-75.95,19.32
36.07,-75.93,19.38
36.07,-75.91,19.63
36.07,-75.89,19.22
36.07,-75.87,19.15
36.07,-75.85,19.15
36.07,-75.79,19.59
36.07,-75.77,19.61
36.07,-75.59,15.1
36.07,-75.17,16.46
36.07,-75.15,16.9
36.07,-75.13,16.58
36.07,-75.11,16.9
36.07,-75.09,17.6
36.07,-75.07,17.8
36.07,-75.05,17.77
36.07,-75.03,17.71
36.07,-75.01,18.54
36.07,-74.99,19.37
36.07,-74.97,19.81
36.07,-74.95,19.89
36.07,-74.93,20.43
36.07,-74.91,20.41
36.07,-74.89,20.15
36.07,-74.87,19.94
36.07,-74.85,19.78
36.07,-74.83,19.72
36.07,-74.81,19.72
36.07,-74.79,19.71
36.07,-74.77,19.4
36.07,-74.75,19.31
36.07,-74.73,19.45
36.07,-74.71,19.87
36.07,-74.69,20.11
36.07,-74.67,20.69
36.07,-74.65,20.88
36.07,-74.63,20.69
36.07,-74.61,21.21
36.07,-74.59,22.04
36.07,-74.57,22.36
36.07,-74.55,22.39
36.07,-74.53,22.17
36.07,-74.51,22.13
36.07,-74.49,22.09
36.07,-74.47,22.07
36.07,-74.45,21.57
36.07,-74.43,21.44
36.05,-76.71,20.72
36.05,-76.69,20.74
36.05,-76.43,20.18
36.05,-76.41,20.15
36.05,-76.39,20.13
36.05,-76.37,19.9
36.05,-76.35,20.09
36.05,-76.33,20.08
36.05,-76.29,19.9
36.05,-76.27,19.9
36.05,-76.25,19.89
36.05,-76.21,19.79
36.05,-76.19,19.9
36.05,-76.17,19.91
36.05,-76.15,19.75
36.05,-76.09,19.71
36.05,-76.07,19.67
36.05,-76.05,19.64
36.05,-76.03,19.73
36.05,-76.01,19.69
36.05,-75.99,19.56
36.05,-75.97,19.39
36.05,-75.95,19.37
36.05,-75.77,19.69
36.05,-75.75,19.37
36.05,-75.17,16.53
36.05,-75.15,16.72
36.05,-75.13,16.89
36.05,-75.11,17.07
36.05,-75.09,17.91
36.05,-75.07,17.9
36.05,-75.05,17.53
36.05,-75.03,17.73
36.05,-75.01,19.34
36.05,-74.99,19.68
36.05,-74.97,20.28
36.05,-74.95,20.35
36.05,-74.93,20.46
36.05,-74.91,20.48
36.05,-74.89,20.49
36.05,-74.87,20.37
36.05,-74.85,20.06
36.05,-74.83,19.92
36.05,-74.81,19.57
36.05,-74.79,19.47
36.05,-74.77,19.34
36.05,-74.75,19.38
36.05,-74.73,19.84
36.05,-74.71,19.88
36.05,-74.69,20.12
36.05,-74.67,20.68
36.05,-74.65,20.98
36.05,-74.63,21.38
36.05,-74.61,22.32
36.05,-74.59,22.45
36.05,-74.57,22.32
36.05,-74.55,21.97
36.05,-74.53,21.85
36.05,-74.51,21.85
36.05,-74.49,21.9
36.05,-74.47,20.7
36.05,-74.45,20.58
36.05,-74.43,22.0
36.05,-74.41,22.93
36.05,-74.39,23.04
36.03,-76.69,20.74
36.03,-76.67,20.18
36.03,-76.65,20.16
36.03,-76.63,20.25
36.03,-76.61,20.3
36.03,-76.45,20.15
36.03,-76.43,20.15
36.03,-76.41,20.13
36.03,-76.39,20.11
36.03,-76.37,20.05
36.03,-76.35,20.06
36.03,-76.33,20.09
36.03,-76.27,20.0
36.03,-76.25,19.76
36.03,-76.23,19.72
36.03,-76.21,19.77
36.03,-76.19,19.78
36.03,-76.17,19.72
36.03,-76.15,19.73
36.03,-76.09,19.77
36.03,-76.07,19.74
36.03,-76.05,19.74
36.03,-76.03,19.76
36.03,-76.01,19.74
36.03,-75.99,19.72
36.03,-75.97,19.64
36.03,-75.95,19.5
36.03,-75.93,19.55
36.03,-75.91,19.55
36.03,-75.77,19.76
36.03,-75.75,19.74
36.03,-75.51,15.03
36.03,-75.17,16.66
36.03,-75.15,16.67
36.03,-75.13,17.1
36.03,-75.11,17.55
36.03,-75.09,17.66
36.03,-75.07,17.47
36.03,-75.05,16.85
36.03,-75.03,17.76
36.03,-75.01,18.76
36.03,-74.99,19.57
36.03,-74.97,20.22
36.03,-74.95,20.31
36.03,-74.93,20.4
36.03,-74.91,20.49
36.03,-74.89,20.52
36.03,-74.87,20.48
36.03,-74.85,20.44
36.03,-74.83,20.33
36.03,-74.81,20.1
36.03,-74.79,19.97
36.03,-74.77,19.47
36.03,-74.75,19.53
36.03,-74.73,19.93
36.03,-74.71,20.83
36.03,-74.69,21.05
36.03,-74.67,21.53
36.03,-74.65,21.58
36.03,-74.63,22.08
36.03,-74.61,22.2
36.03,-74.59,22.11
36.03,-74.57,21.94
36.03,-74.55,21.83
36.03,-74.53,21.76
36.03,-74.51,21.68
36.03,-74.49,21.19
36.03,-74.47,20.45
36.03,-74.45,22.06
36.03,-74.43,22.93
36.03,-74.41,23.06
36.03,-74.39,23.59
36.03,-74.37,24.73
36.03,-74.35,25.51
36.03,-74.33,25.56
36.01,-76.69,20.33
36.01,-76.67,20.2
36.01,-76.65,20.48
36.01,-76.63,20.27
36.01,-76.61,20.23
36.01,-76.59,20.27
36.01,-76.55,20.37
36.01,-76.51,20.52
36.01,-76.49,20.25
36.01,-76.47,20.35
36.01,-76.45,20.4
36.01,-76.43,20.19
36.01,-76.41,20.3
36.01,-76.39,20.3
36.01,-76.37,20.04
36.01,-76.35,20.08
36.01,-76.33,20.08
36.01,-76.31,19.96
36.01,-76.29,20.05
36.01,-76.27,20.11
36.01,-76.25,20.1
36.01,-76.23,20.1
36.01,-76.21,20.09
36.01,-76.19,19.95
36.01,-76.17,19.91
36.01,-76.15,19.91
36.01,-76.13,20.01
36.01,-76.11,19.98
36.01,-76.09,19.91
36.01,-76.07,19.8
36.01,-76.05,19.78
36.01,-76.03,19.75
36.01,-76.01,19.75
36.01,-75.99,19.76
36.01,-75.97,19.7
36.01,-75.95,19.53
36.01,-75.93,19.53
36.01,-75.91,19.54
36.01,-75.89,19.59
36.01,-75.83,19.65
36.01,-75.81,19.69
36.01,-75.79,19.78
36.01,-75.77,19.9
36.01,-75.75,19.99
36.01,-75.51,15.04
36.01,-75.17,16.94
36.01,-75.15,17.09
36.01,-75.13,17.15
36.01,-75.11,17.59
36.01,-75.09,16.84
36.01,-75.07,16.52
36.01,-75.05,16.64
36.01,-75.03,17.78
36.01,-75.01,19.09
36.01,-74.99,19.47
36.01,-74.97,19.83
36.01,-74.95,20.29
36.01,-74.93,20.44
36.01,-74.91,20.51
36.01,-74.89,20.5
36.01,-74.87,20.5
36.01,-74.85,20.55
36.01,-74.83,20.56
36.01,-74.81,20.58
36.01,-74.79,20.43
36.01,-74.77,19.69
36.01,-74.75,19.72
36.01,-74.73,19.91
36.01,-74.71,20.91
36.01,-74.69,21.62
36.01,-74.67,21.97
36.01,-74.65,22.17
36.01,-74.63,22.25
36.01,-74.61,22.14
36.01,-74.59,22.04
36.01,-74.57,21.85
36.01,-74.55,21.71
36.01,-74.53,21.66
36.01,-74.51,21.57
36.01,-74.49,21.05
36.01,-74.47,21.02
36.01,-74.45,22.58
36.01,-74.43,23.23
36.01,-74.41,23.88
36.01,-74.39,24.61
36.01,-74.37,25.56
36.01,-74.35,25.65
36.01,-74.33,25.62
35.99,-76.67,20.55
35.99,-76.65,20.38
35.99,-76.63,20.47
35.99,-76.61,20.43
35.99,-76.59,20.43
35.99,-76.57,20.49
35.99,-76.55,20.33
35.99,-76.53,20.38
35.99,-76.51,20.39
35.99,-76.49,20.32
35.99,-76.47,20.36
35.99,-76.41,20.32
35.99,-76.39,20.39
35.99,-76.37,20.1
35.99,-76.35,20.07
35.99,-76.33,20.1
35.99,-76.31,20.07
35.99,-76.29,20.04
35.99,-76.27,20.11
35.99,-76.25,20.15
35.99,-76.23,20.16
35.99,-76.21,20.13
35.99,-76.03,19.74
35.99,-76.01,19.73
35.99,-75.99,19.78
35.99,-75.97,19.77
35.99,-75.95,19.62
35.99,-75.93,19.52
35.99,-75.91,19.64
35.99,-75.89,19.66
35.99,-75.87,20.06
35.99,-75.85,19.77
35.99,-75.83,19.64
35.99,-75.81,19.49
35.99,-75.79,19.48
35.99,-75.77,19.63
35.99,-75.75,20.13
35.99,-75.73,20.1
35.99,-75.71,20.05
35.99,-75.69,20.15
35.99,-75.17,16.85
35.99,-75.15,16.62
35.99,-75.13,16.3
35.99,-75.11,16.19
35.99,-75.09,16.34
35.99,-75.07,16.44
35.99,-75.05,16.66
35.99,-75.03,18.0
35.99,-75.01,19.25
35.99,-74.99,19.42
35.99,-74.97,19.83
35.99,-74.95,20.27
35.99,-74.93,20.4
35.99,-74.91,20.46
35.99,-74.89,20.46
35.99,-74.87,20.46
35.99,-74.85,20.83
35.99,-74.83,20.93
35.99,-74.81,20.82
35.99,-74.79,20.57
35.99,-74.77,20.53
35.99,-74.75,19.99
35.99,-74.73,19.9
35.99,-74.71,20.69
35.99,-74.69,21.6
35.99,-74.67,22.05
35.99,-74.65,22.16
35.99,-74.63,22.2
35.99,-74.61,22.08
35.99,-74.59,22.05
35.99,-74.57,21.98
35.99,-74.55,21.71
35.99,-74.53,21.44
35.99,-74.51,21.21
35.99,-74.49,21.13
35.99,-74.47,22.75
35.99,-74.45,23.5
35.99,-74.43,23.85
35.99,-74.41,24.58
35.99,-74.39,25.51
35.99,-74.37,25.67
35.99,-74.35,25.72
35.99,-74.33,25.64
35.97,-76.71,21.15
35.97,-76.69,20.47
35.97,-76.67,20.45
35.97,-76.65,20.45
35.97,-76.63,20.5
35.97,-76.61,20.5
35.97,-76.59,20.39
35.97,-76.57,20.42
35.97,-76.55,20.37
35.97,-76.53,20.4
35.97,-76.51,20.53
35.97,-76.49,20.48
35.97,-76.47,20.38
35.97,-76.37,20.36
35.97,-76.35,20.37
35.97,-76.33,20.25
35.97,-76.31,20.27
35.97,-76.29,20.14
35.97,-76.01,19.84
35.97,-75.99,19.79
35.97,-75.97,19.87
35.97,-75.95,19.88
35.97,-75.93,19.67
35.97,-75.83,19.81
35.97,-75.81,19.58
35.97,-75.79,19.52
35.97,-75.77,19.72
35.97,-75.75,19.8
35.97,-75.73,19.79
35.97,-75.71,19.73
35.97,-75.69,20.14
35.97,-75.67,20.19
35.97,-75.17,16.21
35.97,-75.15,16.18
35.97,-75.13,16.02
35.97,-75.11,16.05
35.97,-75.09,16.16
35.97,-75.07,16.62
35.97,-75.05,17.3
35.97,-75.03,18.7
35.97,-75.01,19.36
35.97,-74.99,19.55
35.97,-74.97,19.99
35.97,-74.95,20.33
35.97,-74.93,20.38
35.97,-74.91,20.43
35.97,-74.89,20.53
35.97,-74.87,20.81
35.97,-74.85,20.94
35.97,-74.83,20.96
35.97,-74.81,20.95
35.97,-74.79,20.83
35.97,-74.77,20.72
35.97,-74.75,19.99
35.97,-74.73,19.88
35.97,-74.71,19.6
35.97,-74.69,21.56
35.97,-74.67,21.77
35.97,-74.65,22.15
35.97,-74.63,22.21
35.97,-74.61,22.12
35.97,-74.59,22.11
35.97,-74.57,22.09
35.97,-74.55,21.7
35.97,-74.53,21.16
35.97,-74.51,20.95
35.97,-74.49,22.17
35.97,-74.47,23.24
35.97,-74.45,24.56
35.97,-74.43,25.31
35.97,-74.41,25.42
35.97,-74.39,25.77
35.97,-74.37,25.75
35.97,-74.35,25.83
35.95,-76.71,21.14
35.95,-76.69,21.08
35.95,-76.67,20.59
35.95,-76.65,20.57
35.95,-76.63,20.62
35.95,-76.61,20.46
35.95,-76.59,20.45
35.95,-76.57,20.45
35.95,-76.55,20.43
35.95,-76.37,20.35
35.95,-76.35,20.36
35.95,-76.33,20.37
35.95,-76.01,19.99
35.95,-75.99,19.99
35.95,-75.97,19.99
35.95,-75.95,20.03
35.95,-75.79,19.56
35.95,-75.77,19.65
35.95,-75.75,19.69
35.95,-75.73,19.72
35.95,-75.71,19.84
35.95,-75.69,20.03
35.95,-75.67,20.14
35.95,-75.65,20.43
35.95,-75.37,16.12
35.95,-75.35,16.08
35.95,-75.15,15.8
35.95,-75.13,15.8
35.95,-75.11,15.97
35.95,-75.09,16.31
35.95,-75.07,17.22
35.95,-75.05,18.48
35.95,-75.03,19.24
35.95,-75.01,19.6
35.95,-74.99,19.99
35.95,-74.97,20.41
35.95,-74.95,20.46
35.95,-74.93,20.66
35.95,-74.91,20.75
35.95,-74.89,20.88
35.95,-74.87,20.9
35.95,-74.85,20.95
35.95,-74.83,20.95
35.95,-74.81,20.97
35.95,-74.79,20.83
35.95,-74.77,20.78
35.95,-74.75,20.47
35.95,-74.73,19.98
35.95,-74.71,19.64
35.95,-74.69,20.47
35.95,-74.67,21.53
35.95,-74.65,21.97
35.95,-74.63,22.17
35.95,-74.61,22.15
35.95,-74.59,22.11
35.95,-74.57,22.11
35.95,-74.55,21.79
35.95,-74.53,21.67
35.95,-74.51,22.02
35.95,-74.49,23.21
35.95,-74.47,24.15
35.95,-74.45,25.24
35.95,-74.43,25.53
35.95,-74.41,25.7
35.95,-74.39,25.83
35.95,-74.37,25.88
35.95,-74.35,25.88
35.95,-74.33,26.09
35.95,-74.31,25.96
35.93,-76.27,20.19
35.93,-76.05,21.18
35.93,-76.03,21.19
35.93,-76.01,20.83
35.93,-75.99,20.14
35.93,-75.97,19.95
35.93,-75.77,19.61
35.93,-75.75,19.62
35.93,-75.73,19.67
35.93,-75.67,20.18
35.93,-75.65,20.46
35.93,-75.63,20.57
35.93,-75.39,16.37
35.93,-75.37,16.29
35.93,-75.35,16.14
35.93,-75.33,16.09
35.93,-75.15,15.74
35.93,-75.13,15.74
35.93,-75.11,16.03
35.93,-75.09,16.39
35.93,-75.07,18.66
35.93,-75.05,19.87
35.93,-75.03,20.06
35.93,-75.01,20.32
35.93,-74.99,20.57
35.93,-74.97,20.64
35.93,-74.95,20.72
35.93,-74.93,20.73
35.93,-74.91,21.0
35.93,-74.89,20.96
35.93,-74.87,20.93
35.93,-74.85,20.93
35.93,-74.83,20.98
35.93,-74.81,20.91
35.93,-74.79,20.7
35.93,-74.77,20.78
35.93,-74.75,20.67
35.93,-74.73,20.55
35.93,-74.71,20.21
35.93,-74.69,19.9
35.93,-74.67,19.86
35.93,-74.65,20.3
35.93,-74.63,20.92
35.93,-74.61,21.49
35.93,-74.59,21.89
35.93,-74.57,21.89
35.93,-74.55,22.54
35.93,-74.53,22.71
35.93,-74.51,23.15
35.93,-74.49,23.93
35.93,-74.47,25.13
35.93,-74.45,25.41
35.93,-74.43,25.54
35.93,-74.41,25.67
35.93,-74.39,25.76
35.93,-74.37,25.85
35.93,-74.31,26.07
35.93,-74.29,26.06
35.93,-74.27,26.01
35.91,-76.01,20.45
35.91,-75.99,20.23
35.91,-75.97,19.92
35.91,-75.75,19.62
35.91,-75.73,19.95
35.91,-75.71,20.02
35.91,-75.63,20.49
35.91,-75.41,16.41
35.91,-75.39,16.42
35.91,-75.37,16.36
35.91,-75.35,16.24
35.91,-75.33,16.13
35.91,-75.13,15.89
35.91,-75.11,17.17
35.91,-75.09,18.84
35.91,-75.07,20.09
35.91,-75.05,20.24
35.91,-75.03,20.29
35.91,-75.01,20.55
35.91,-74.99,20.54
35.91,-74.97,20.69
35.91,-74.95,20.8
35.91,-74.93,20.93
35.91,-74.91,21.05
35.91,-74.89,20.99
35.91,-74.87,20.91
35.91,-74.85,20.85
35.91,-74.83,20.82
35.91,-74.81,20.74
35.91,-74.79,20.67
35.91,-74.77,20.67
35.91,-74.75,20.65
35.91,-74.73,20.62
35.91,-74.71,20.64
35.91,-74.69,20.66
35.91,-74.67,20.38
35.91,-74.65,20.14
35.91,-74.63,20.63
35.91,-74.61,20.99
35.91,-74.59,21.89
35.91,-74.57,22.76
35.91,-74.55,22.9
35.91,-74.53,22.94
35.91,-74.51,23.43
35.91,-74.49,24.95
35.91,-74.47,25.26
35.91,-74.45,25.46
35.91,-74.43,25.51
35.91,-74.41,25.72
35.91,-74.39,25.76
35.91,-74.37,25.8
35.91,-74.35,26.03
35.91,-74.33,26.06
35.89,-75.41,16.83
35.89,-75.39,16.73
35.89,-75.37,16.52
35.89,-75.35,16.28
35.89,-75.33,16.2
35.89,-75.13,17.23
35.89,-75.11,18.25
35.89,-75.09,20.06
35.89,-75.07,20.25
35.89,-75.05,20.46
35.89,-75.03,20.52
35.89,-75.01,20.4
35.89,-74.99,20.28
35.89,-74.97,20.32
35.89,-74.95,20.77
35.89,-74.93,21.01
35.89,-74.91,21.09
35.89,-74.89,21.04
35.89,-74.87,20.98
35.89,-74.85,20.89
35.89,-74.83,20.88
35.89,-74.81,20.83
35.89,-74.79,20.73
35.89,-74.77,20.61
35.89,-74.75,20.61
35.89,-74.73,20.56
35.89,-74.71,20.64
35.89,-74.69,20.64
35.89,-74.67,20.52
35.89,-74.65,20.62
35.89,-74.63,20.91
35.89,-74.61,22.27
35.89,-74.59,22.75
35.89,-74.57,22.91
35.89,-74.55,23.02
35.89,-74.53,23.57
35.89,-74.51,25.02
35.89,-74.49,25.22
35.89,-74.47,25.48
35.89,-74.45,25.49
35.89,-74.43,25.48
35.89,-74.41,25.47
35.89,-74.39,25.73
35.89,-74.37,26.01
35.89,-74.35,26.18
35.89,-74.33,26.02
35.89,-74.31,26.01
35.87,-76.03,20.38
35.87,-76.01,20.41
35.87,-75.99,20.62
35.87,-75.41,16.69
35.87,-75.39,16.7
35.87,-75.37,16.57
35.87,-75.35,16.3
35.87,-75.33,16.2
35.87,-75.31,16.12
35.87,-75.29,15.97
35.87,-75.27,15.91
35.87,-75.25,15.98
35.87,-75.23,16.03
35.87,-75.21,16.02
35.87,-75.19,16.2
35.87,-75.17,16.24
35.87,-75.13,17.34
35.87,-75.11,18.23
35.87,-75.09,20.14
35.87,-75.07,20.32
35.87,-75.05,20.5
35.87,-75.03,20.46
35.87,-75.01,20.26
35.87,-74.99,20.15
35.87,-74.97,20.17
35.87,-74.95,20.61
35.87,-74.93,20.97
35.87,-74.91,21.05
35.87,-74.89,20.92
35.87,-74.87,18.85
35.87,-74.85,19.11
35.87,-74.83,19.73
35.87,-74.81,20.39
35.87,-74.79,20.79
35.87,-74.77,20.8
35.87,-74.75,20.63
35.87,-74.73,20.36
35.87,-74.71,20.1
35.87,-74.69,20.05
35.87,-74.67,20.19
35.87,-74.65,20.95
35.87,-74.63,22.0
35.87,-74.61,22.51
35.87,-74.59,22.79
35.87,-74.57,23.09
35.87,-74.55,23.91
35.87,-74.53,24.93
35.87,-74.51,25.19
35.87,-74.49,25.34
35.87,-74.47,25.47
35.87,-74.45,25.54
35.87,-74.43,25.66
35.87,-74.41,25.72
35.87,-74.39,26.03
35.87,-74.37,26.09
35.87,-74.35,26.19
35.87,-74.33,26.05
35.85,-76.05,20.42
35.85,-76.03,20.41
35.85,-76.01,20.48
35.85,-75.99,20.61
35.85,-75.43,16.51
35.85,-75.41,16.7
35.85,-75.39,16.63
35.85,-75.37,16.45
35.85,-75.35,16.37
35.85,-75.33,16.29
35.85,-75.31,16.26
35.85,-75.29,16.22
35.85,-75.27,16.19
35.85,-75.25,16.25
35.85,-75.23,16.37
35.85,-75.21,16.34
35.85,-75.19,16.28
35.85,-75.17,16.27
35.85,-75.15,16.73
35.85,-75.13,17.25
35.85,-75.11,18.45
35.85,-75.09,19.84
35.85,-75.07,20.25
35.85,-75.05,20.38
35.85,-75.03,20.27
35.85,-75.01,20.09
35.85,-74.99,20.05
35.85,-74.97,20.14
35.85,-74.95,20.5
35.85,-74.93,20.9
35.85,-74.91,20.09
35.85,-74.89,17.9
35.85,-74.87,18.03
35.85,-74.85,18.11
35.85,-74.83,18.2
35.85,-74.81,18.66
35.85,-74.79,18.62
35.85,-74.77,20.45
35.85,-74.75,20.35
35.85,-74.73,19.55
35.85,-74.71,19.36
35.85,-74.69,19.3
35.85,-74.67,20.13
35.85,-74.65,21.94
35.85,-74.63,22.81
35.85,-74.61,22.92
35.85,-74.59,23.07
35.85,-74.57,24.06
35.85,-74.55,24.95
35.85,-74.53,25.31
35.85,-74.51,25.37
35.85,-74.49,25.63
35.85,-74.47,25.66
35.85,-74.45,25.69
35.85,-74.43,25.68
35.85,-74.41,25.91
35.85,-74.39,26.12
35.85,-74.23,25.31
35.83,-76.05,20.43
35.83,-76.03,20.42
35.83,-76.01,20.56
35.83,-75.99,20.65
35.83,-75.61,20.91
35.83,-75.59,20.92
35.83,-75.53,15.94
35.83,-75.51,15.92
35.83,-75.45,15.65
35.83,-75.43,15.98
35.83,-75.41,16.72
35.83,-75.39,16.61
35.83,-75.37,16.38
35.83,-75.35,16.31
35.83,-75.33,16.36
35.83,-75.31,16.4
35.83,-75.29,16.43
35.83,-75.27,16.31
35.83,-75.25,16.25
35.83,-75.23,16.22
35.83,-75.21,16.33
35.83,-75.19,16.53
35.83,-75.17,16.53
35.83,-75.15,16.62
35.83,-75.13,17.27
35.83,-75.11,18.48
35.83,-75.09,19.53
35.83,-75.07,19.99
35.83,-75.05,20.11
35.83,-75.03,20.06
35.83,-75.01,19.95
35.83,-74.99,19.49
35.83,-74.97,19.99
35.83,-74.95,20.28
35.83,-74.93,20.49
35.83,-74.91,18.5
35.83,-74.89,17.77
35.83,-74.87,17.58
35.83,-74.85,17.65
35.83,-74.83,17.82
35.83,-74.73,19.01
35.83,-74.71,19.06
35.83,-74.69,19.34
35.83,-74.67,21.87
35.83,-74.65,22.53
35.83,-74.63,22.72
35.83,-74.61,22.91
35.83,-74.59,23.2
35.83,-74.57,24.34
35.83,-74.55,24.85
35.83,-74.53,25.5
35.83,-74.51,25.51
35.83,-74.49,25.75
35.83,-74.47,25.81
35.83,-74.45,25.66
35.83,-74.43,25.46
35.81,-76.05,20.62
35.81,-76.03,20.62
35.81,-76.01,20.66
35.81,-75.53,15.95
35.81,-75.51,15.95
35.81,-75.47,15.44
35.81,-75.45,15.48
35.81,-75.43,15.69
35.81,-75.41,16.16
35.81,-75.39,16.6
35.81,-75.37,16.47
35.81,-75.35,16.28
35.81,-75.33,16.4
35.81,-75.31,16.66
35.81,-75.29,16.67
35.81,-75.27,16.44
35.81,-75.25,16.19
35.81,-75.23,16.18
35.81,-75.21,16.25
35.81,-75.19,16.42
35.81,-75.17,16.61
35.81,-75.15,16.62
35.81,-75.13,16.65
35.81,-75.11,17.94
35.81,-75.09,18.81
35.81,-75.07,19.22
35.81,-75.05,19.03
35.81,-75.03,18.94
35.81,-75.01,18.74
35.81,-74.99,18.75
35.81,-74.97,18.96
35.81,-74.95,20.22
35.81,-74.93,20.23
35.81,-74.91,19.64
35.81,-74.87,17.69
35.81,-74.85,17.71
35.81,-74.73,19.54
35.81,-74.71,19.98
35.81,-74.69,22.06
35.81,-74.67,22.88
35.81,-74.65,23.07
35.81,-74.63,23.2
35.81,-74.61,23.47
35.81,-74.59,24.09
35.81,-74.57,24.26
35.81,-74.55,24.85
35.81,-74.53,25.15
35.81,-74.51,25.56
35.81,-74.49,25.75
35.81,-74.47,25.81
35.81,-74.45,25.42
35.81,-74.43,25.74
35.79,-76.03,20.7
35.79,-76.01,20.71
35.79,-75.99,20.73
35.79,-75.53,17.45
35.79,-75.51,17.05
35.79,-75.49,16.39
35.79,-75.47,15.82
35.79,-75.45,15.72
35.79,-75.43,15.73
35.79,-75.41,16.06
35.79,-75.39,16.23
35.79,-75.37,16.29
35.79,-75.35,16.3
35.79,-75.33,16.44
35.79,-75.31,16.83
35.79,-75.29,16.77
35.79,-75.27,16.65
35.79,-75.25,16.44
35.79,-75.23,16.24
35.79,-75.21,16.26
35.79,-75.19,16.4
35.79,-75.17,16.62
35.79,-75.15,16.66
35.79,-75.13,16.66
35.79,-75.11,17.14
35.79,-75.09,18.06
35.79,-75.07,18.25
35.79,-75.05,18.4
35.79,-75.03,18.38
35.79,-75.01,17.94
35.79,-74.99,17.83
35.79,-74.97,18.74
35.79,-74.95,20.19
35.79,-74.93,20.19
35.79,-74.87,17.77
35.79,-74.85,17.86
35.79,-74.83,18.05
35.79,-74.77,21.33
35.79,-74.73,22.2
35.79,-74.71,22.56
35.79,-74.69,22.9
35.79,-74.67,23.1
35.79,-74.65,23.34
35.79,-74.63,23.55
35.79,-74.61,24.97
35.79,-74.59,25.18
35.79,-74.57,25.49
35.79,-74.55,25.35
35.79,-74.53,25.38
35.79,-74.51,25.42
35.79,-74.49,25.43
35.79,-74.47,25.67
35.79,-74.45,25.79
35.79,-74.43,25.9
35.79,-74.41,26.01
35.79,-74.39,26.07
35.77,-76.03,20.68
35.77,-76.01,20.75
35.77,-75.99,20.77
35.77,-75.73,19.98
35.77,-75.71,19.85
35.77,-75.69,19.93
35.77,-75.67,19.98
35.77,-75.61,20.22
35.77,-75.57,20.11
35.77,-75.55,19.61
35.77,-75.51,17.08
35.77,-75.49,16.5
35.77,-75.47,16.37
35.77,-75.45,15.86
35.77,-75.43,15.85
35.77,-75.41,15.9
35.77,-75.39,16.05
35.77,-75.37,16.11
35.77,-75.35,16.44
35.77,-75.33,16.86
35.77,-75.31,17.06
35.77,-75.29,17.0
35.77,-75.27,16.9
35.77,-75.25,16.7
35.77,-75.23,16.48
35.77,-75.21,16.29
35.77,-75.19,16.34
35.77,-75.17,16.55
35.77,-75.15,16.73
35.77,-75.13,16.76
35.77,-75.11,16.78
35.77,-75.09,16.95
35.77,-75.07,17.32
35.77,-75.05,17.69
35.77,-75.03,17.57
35.77,-75.01,17.29
35.77,-74.99,17.29
35.77,-74.97,18.06
35.77,-74.95,19.95
35.77,-74.93,20.06
35.77,-74.91,19.17
35.77,-74.87,17.89
35.77,-74.85,18.07
35.77,-74.83,18.09
35.77,-74.81,18.76
35.77,-74.77,22.18
35.77,-74.75,22.41
35.77,-74.73,22.43
35.77,-74.71,22.86
35.77,-74.69,23.2
35.77,-74.67,23.28
35.77,-74.65,23.37
35.77,-74.63,24.95
35.77,-74.61,25.17
35.77,-74.59,25.45
35.77,-74.57,25.45
35.77,-74.55,25.43
35.77,-74.51,25.49
35.77,-74.49,25.52
35.77,-74.47,25.72
35.77,-74.45,25.83
35.77,-74.43,25.9
35.77,-74.41,25.94
35.75,-76.03,20.89
35.75,-76.01,20.64
35.75,-75.73,20.15
35.75,-75.71,20.19
35.75,-75.69,20.27
35.75,-75.67,20.11
35.75,-75.61,20.31
35.75,-75.59,20.3
35.75,-75.57,20.11
35.75,-75.55,19.7
35.75,-75.49,16.28
35.75,-75.47,16.14
35.75,-75.45,16.08
35.75,-75.43,16.01
35.75,-75.41,15.99
35.75,-75.39,16.15
35.75,-75.37,16.49
35.75,-75.35,16.74
35.75,-75.33,16.88
35.75,-75.31,17.16
35.75,-75.29,17.32
35.75,-75.27,17.13
35.75,-75.25,16.92
35.75,-75.23,16.86
35.75,-75.21,16.46
35.75,-75.19,16.32
35.75,-75.17,16.33
35.75,-75.15,16.52
35.75,-75.13,16.86
35.75,-75.11,16.88
35.75,-75.09,16.96
35.75,-75.07,17.04
35.75,-75.05,17.11
35.75,-75.03,17.17
35.75,-75.01,17.21
35.75,-74.99,17.24
35.75,-74.97,17.35
35.75,-74.95,19.76
35.75,-74.93,19.82
35.75,-74.91,18.88
35.75,-74.89,17.79
35.75,-74.87,17.86
35.75,-74.85,17.98
35.75,-74.83,18.82
35.75,-74.81,20.2
35.75,-74.79,21.78
35.75,-74.77,22.28
35.75,-74.75,22.57
35.75,-74.73,22.7
35.75,-74.71,22.96
35.75,-74.69,23.28
35.75,-74.67,23.55
35.75,-74.65,24.62
35.75,-74.63,25.21
35.75,-74.61,25.22
35.75,-74.59,25.46
35.75,-74.57,25.38
35.75,-74.55,25.36
35.75,-74.49,25.72
35.75,-74.47,25.76
35.75,-74.45,25.84
35.75,-74.43,25.94
35.73,-76.05,21.07
35.73,-76.03,20.7
35.73,-76.01,20.75
35.73,-75.71,20.22
35.73,-75.69,20.26
35.73,-75.67,20.07
35.73,-75.65,20.05
35.73,-75.63,20.26
35.73,-75.57,19.34
35.73,-75.55,19.32
35.73,-75.53,19.62
35.73,-75.49,16.14
35.73,-75.47,16.13
35.73,-75.45,16.12
35.73,-75.43,16.08
35.73,-75.41,16.35
35.73,-75.39,16.46
35.73,-75.37,16.74
35.73,-75.35,16.87
35.73,-75.33,17.3
35.73,-75.31,17.69
35.73,-75.29,17.68
35.73,-75.27,17.37
35.73,-75.25,17.08
35.73,-75.23,17.02
35.73,-75.21,16.93
35.73,-75.19,16.57
35.73,-75.17,16.34
35.73,-75.15,16.34
35.73,-75.13,16.7
35.73,-75.11,16.78
35.73,-75.09,16.92
35.73,-75.07,16.95
35.73,-75.05,17.02
35.73,-75.03,17.07
35.73,-75.01,17.25
35.73,-74.99,17.65
35.73,-74.97,17.48
35.73,-74.95,18.71
35.73,-74.93,19.18
35.73,-74.91,19.21
35.73,-74.85,18.04
35.73,-74.83,18.53
35.73,-74.81,20.14
35.73,-74.79,21.73
35.73,-74.77,22.25
35.73,-74.75,22.6
35.73,-74.73,22.82
35.73,-74.71,23.24
35.73,-74.69,23.56
35.73,-74.67,24.68
35.73,-74.65,25.11
35.73,-74.63,25.23
35.73,-74.61,25.17
35.73,-74.59,25.27
35.73,-74.57,25.39
35.73,-74.55,25.4
35.73,-74.53,25.69
35.73,-74.51,25.95
35.73,-74.49,26.03
35.73,-74.47,26.03
35.73,-74.45,25.97
35.73,-74.43,26.01
35.73,-74.41,26.05
35.71,-76.05,21.09
35.71,-76.03,21.03
35.71,-76.01,20.99
35.71,-75.69,20.27
35.71,-75.67,20.03
35.71,-75.59,20.19
35.71,-75.57,19.72
35.71,-75.55,19.55
35.71,-75.53,19.62
35.71,-75.47,16.31
35.71,-75.45,16.3
35.71,-75.43,16.41
35.71,-75.41,16.59
35.71,-75.39,16.66
35.71,-75.37,16.89
35.71,-75.35,17.21
35.71,-75.33,17.67
35.71,-75.31,17.78
35.71,-75.29,17.77
35.71,-75.27,17.51
35.71,-75.25,17.27
35.71,-75.23,17.1
35.71,-75.21,17.07
35.71,-75.19,16.89
35.71,-75.17,16.73
35.71,-75.15,16.53
35.71,-75.13,16.7
35.71,-75.11,16.81
35.71,-75.09,17.01
35.71,-75.07,17.01
35.71,-75.05,17.0
35.71,-75.03,17.04
35.71,-75.01,17.2
35.71,-74.99,17.42
35.71,-74.97,17.56
35.71,-74.95,17.74
35.71,-74.93,17.78
35.71,-74.91,17.79
35.71,-74.89,17.75
35.71,-74.87,17.98
35.71,-74.85,18.53
35.71,-74.83,19.07
35.71,-74.81,20.28
35.71,-74.79,21.96
35.71,-74.77,22.63
35.71,-74.75,22.75
35.71,-74.73,23.03
35.71,-74.71,23.47
35.71,-74.69,24.76
35.71,-74.67,25.08
35.71,-74.65,25.21
35.71,-74.63,25.21
35.71,-74.61,25.2
35.71,-74.59,25.34
35.71,-74.57,25.44
35.71,-74.55,25.48
35.71,-74.53,25.52
35.71,-74.51,25.98
35.71,-74.47,26.05
35.71,-74.45,26.01
35.71,-74.43,25.98
35.71,-74.41,26.03
35.71,-74.39,25.65
35.69,-76.03,21.09
35.69,-76.01,21.08
35.69,-75.77,20.95
35.69,-75.75,20.92
35.69,-75.71,20.48
35.69,-75.69,20.4
35.69,-75.67,20.06
35.69,-75.65,19.98
35.69,-75.63,19.96
35.69,-75.61,19.93
35.69,-75.57,20.0
35.69,-75.55,19.94
35.69,-75.53,19.79
35.69,-75.51,19.74
35.69,-75.47,16.29
35.69,-75.45,16.29
35.69,-75.43,16.5
35.69,-75.41,16.92
35.69,-75.39,17.01
35.69,-75.37,17.15
35.69,-75.35,17.45
35.69,-75.33,17.8
35.69,-75.31,17.9
35.69,-75.29,17.88
35.69,-75.27,17.63
35.69,-75.25,17.39
35.69,-75.23,17.13
35.69,-75.21,17.11
35.69,-75.19,17.13
35.69,-75.17,17.1
35.69,-75.15,16.89
35.69,-75.13,17.0
35.69,-75.11,17.22
35.69,-75.09,17.24
35.69,-75.07,17.23
35.69,-75.05,17.28
35.69,-75.03,17.42
35.69,-75.01,17.35
35.69,-74.99,17.4
35.69,-74.97,17.71
35.69,-74.95,17.82
35.69,-74.93,17.8
35.69,-74.91,17.76
35.69,-74.89,17.78
35.69,-74.87,18.04
35.69,-74.85,18.67
35.69,-74.83,20.24
35.69,-74.81,21.86
35.69,-74.79,22.41
35.69,-74.77,22.94
35.69,-74.75,23.07
35.69,-74.73,23.47
35.69,-74.71,24.38
35.69,-74.69,24.89
35.69,-74.67,24.89
35.69,-74.65,24.78
35.69,-74.63,24.75
35.69,-74.45,26.04
35.69,-74.43,26.06
35.69,-74.41,25.97
35.69,-74.39,25.74
35.67,-76.03,21.2
35.67,-75.75,20.85
35.67,-75.73,20.72
35.67,-75.71,20.53
35.67,-75.69,20.45
35.67,-75.67,20.38
35.67,-75.65,20.03
35.67,-75.63,19.93
35.67,-75.61,19.86
35.67,-75.55,19.94
35.67,-75.53,19.91
35.67,-75.51,19.84
35.67,-75.45,16.45
35.67,-75.43,16.63
35.67,-75.41,16.95
35.67,-75.39,17.13
35.67,-75.37,17.53
35.67,-75.35,17.7
35.67,-75.33,17.77
35.67,-75.31,18.04
35.67,-75.29,18.02
35.67,-75.27,17.73
35.67,-75.25,17.51
35.67,-75.23,17.43
35.67,-75.21,17.18
35.67,-75.19,17.2
35.67,-75.17,17.15
35.67,-75.15,17.19
35.67,-75.13,17.3
35.67,-75.11,17.37
35.67,-75.09,17.36
35.67,-75.07,17.41
35.67,-75.05,17.49
35.67,-75.03,17.49
35.67,-75.01,17.76
35.67,-74.99,17.86
35.67,-74.97,17.84
35.67,-74.95,17.95
35.67,-74.93,17.86
35.67,-74.91,17.83
35.67,-74.89,18.11
35.67,-74.87,18.19
35.67,-74.85,19.85
35.67,-74.83,21.99
35.67,-74.81,22.57
35.67,-74.79,22.8
35.67,-74.77,22.96
35.67,-74.75,23.44
35.67,-74.73,24.47
35.67,-74.71,24.93
35.67,-74.69,25.1
35.67,-74.67,25.06
35.67,-74.65,25.05
35.67,-74.63,25.0
35.67,-74.61,24.97
35.67,-74.41,25.91
35.67,-74.39,25.71
35.65,-75.73,20.6
35.65,-75.71,20.45
35.65,-75.69,20.44
35.65,-75.67,20.44
35.65,-75.65,20.12
35.65,-75.63,19.92
35.65,-75.61,19.82
35.65,-75.45,16.59
35.65,-75.43,16.66
35.65,-75.41,17.04
35.65,-75.39,17.45
35.65,-75.37,17.69
35.65,-75.35,17.74
35.65,-75.33,17.78
35.65,-75.31,18.32
35.65,-75.29,18.45
35.65,-75.27,17.9
35.65,-75.25,17.69
35.65,-75.23,17.58
35.65,-75.21,17.64
35.65,-75.19,17.63
35.65,-75.17,17.4
35.65,-75.15,17.35
35.65,-75.13,17.4
35.65,-75.11,17.38
35.65,-75.09,17.45
35.65,-75.07,17.57
35.65,-75.05,17.7
35.65,-75.03,17.83
35.65,-75.01,18.06
35.65,-74.99,18.1
35.65,-74.97,18.16
35.65,-74.95,18.23
35.65,-74.93,18.05
35.65,-74.91,17.99
35.65,-74.89,18.18
35.65,-74.87,20.23
35.65,-74.85,22.34
35.65,-74.83,22.51
35.65,-74.81,22.79
35.65,-74.79,22.85
35.65,-74.77,22.92
35.65,-74.75,24.2
35.65,-74.73,24.67
35.65,-74.71,24.93
35.65,-74.69,25.03
35.65,-74.67,25.05
35.65,-74.65,25.06
35.65,-74.63,25.04
35.65,-74.61,25.02
35.63,-75.73,20.43
35.63,-75.71,20.36
35.63,-75.69,20.34
35.63,-75.67,20.28
35.63,-75.65,20.14
35.63,-75.63,19.86
35.63,-75.61,19.71
35.63,-75.59,19.62
35.63,-75.57,19.39
35.63,-75.55,19.31
35.63,-75.53,19.38
35.63,-75.51,19.53
35.63,-75.45,16.64
35.63,-75.43,16.7
35.63,-75.41,17.11
35.63,-75.39,17.42
35.63,-75.37,17.62
35.63,-75.35,17.68
35.63,-75.33,17.8
35.63,-75.31,18.14
35.63,-75.29,18.43
35.63,-75.27,18.25
35.63,-75.25,17.92
35.63,-75.23,17.84
35.63,-75.21,17.81
35.63,-75.19,17.77
35.63,-75.17,17.82
35.63,-75.15,17.83
35.63,-75.13,17.78
35.63,-75.11,17.68
35.63,-75.09,17.79
35.63,-75.07,17.92
35.63,-75.05,18.03
35.63,-75.03,18.15
35.63,-75.01,18.31
35.63,-74.99,18.79
35.63,-74.97,20.93
35.63,-74.95,20.83
35.63,-74.93,20.7
35.63,-74.91,22.19
35.63,-74.89,22.52
35.63,-74.87,22.56
35.63,-74.85,22.59
35.63,-74.83,22.75
35.63,-74.81,22.82
35.63,-74.79,23.03
35.63,-74.77,23.88
35.63,-74.75,24.68
35.63,-74.73,24.83
35.63,-74.71,24.94
35.63,-74.69,25.02
35.63,-74.67,25.09
35.63,-74.65,25.01
35.63,-74.63,25.02
35.63,-74.61,25.05
35.61,-75.73,20.42
35.61,-75.71,20.34
35.61,-75.69,20.27
35.61,-75.67,20.12
35.61,-75.65,20.04
35.61,-75.63,19.96
35.61,-75.61,19.71
35.61,-75.59,19.62
35.61,-75.57,19.52
35.61,-75.55,19.3
35.61,-75.53,19.48
35.61,-75.51,19.56
35.61,-75.49,19.53
35.61,-75.45,16.73
35.61,-75.43,16.93
35.61,-75.41,16.95
35.61,-75.39,17.09
35.61,-75.37,17.52
35.61,-75.35,17.58
35.61,-75.33,17.68
35.61,-75.31,17.8
35.61,-75.29,18.05
35.61,-75.27,18.59
35.61,-75.25,18.75
35.61,-75.23,18.47
35.61,-75.21,18.77
35.61,-75.19,19.41
35.61,-75.17,19.26
35.61,-75.15,19.11
35.61,-75.13,18.87
35.61,-75.11,18.89
35.61,-75.09,19.19
35.61,-75.07,19.53
35.61,-75.05,19.76
35.61,-75.03,20.66
35.61,-75.01,21.79
35.61,-74.99,22.02
35.61,-74.97,22.2
35.61,-74.95,22.25
35.61,-74.93,22.38
35.61,-74.91,22.45
35.61,-74.89,22.57
35.61,-74.87,22.58
35.61,-74.85,22.64
35.61,-74.83,22.81
35.61,-74.81,22.96
35.61,-74.79,23.28
35.61,-74.77,24.62
35.61,-74.75,24.88
35.61,-74.73,25.01
35.61,-74.71,25.07
35.61,-74.69,25.19
35.61,-74.67,25.16
35.61,-74.65,25.14
35.61,-74.63,25.17
35.61,-74.61,25.18
35.59,-75.87,20.92
35.59,-75.77,20.51
35.59,-75.75,20.51
35.59,-75.73,20.45
35.59,-75.71,20.36
35.59,-75.67,20.06
35.59,-75.65,20.0
35.59,-75.63,19.86
35.59,-75.61,19.73
35.59,-75.59,19.61
35.59,-75.57,19.51
35.59,-75.55,19.4
35.59,-75.53,19.39
35.59,-75.51,19.53
35.59,-75.49,19.54
35.59,-75.45,16.77
35.59,-75.43,16.73
35.59,-75.41,16.81
35.59,-75.39,17.05
35.59,-75.37,17.36
35.59,-75.35,17.61
35.59,-75.33,17.7
35.59,-75.31,17.77
35.59,-75.29,17.94
35.59,-75.27,18.42
35.59,-75.25,18.93
35.59,-75.23,19.18
35.59,-75.21,19.43
35.59,-75.19,19.49
35.59,-75.17,19.05
35.59,-75.15,18.87
35.59,-75.13,18.86
35.59,-75.11,18.92
35.59,-75.09,19.3
35.59,-75.07,19.57
35.59,-75.05,20.68
35.59,-75.03,21.8
35.59,-75.01,22.08
35.59,-74.99,22.21
35.59,-74.97,22.3
35.59,-74.95,22.33
35.59,-74.93,22.39
35.59,-74.91,22.41
35.59,-74.89,22.56
35.59,-74.87,22.62
35.59,-74.85,22.7
35.59,-74.83,22.82
35.59,-74.81,22.91
35.59,-74.79,24.05
35.59,-74.77,24.7
35.59,-74.75,24.94
35.59,-74.73,25.01
35.59,-74.71,25.03
35.59,-74.69,25.04
35.59,-74.67,25.2
35.59,-74.65,25.14
35.59,-74.63,25.36
35.57,-75.89,20.74
35.57,-75.87,20.89
35.57,-75.85,20.9
35.57,-75.81,20.47
35.57,-75.79,20.27
35.57,-75.77,20.26
35.57,-75.75,20.46
35.57,-75.73,20.4
35.57,-75.71,20.37
35.57,-75.69,20.22
35.57,-75.67,20.16
35.57,-75.65,19.75
35.57,-75.63,19.66
35.57,-75.61,19.5
35.57,-75.59,19.49
35.57,-75.57,19.62
35.57,-75.55,19.5
35.57,-75.53,19.43
35.57,-75.51,19.46
35.57,-75.49,19.64
35.57,-75.45,16.71
35.57,-75.43,16.68
35.57,-75.41,16.75
35.57,-75.39,17.11
35.57,-75.37,17.36
35.57,-75.35,17.63
35.57,-75.33,17.82
35.57,-75.31,17.99
35.57,-75.29,18.09
35.57,-75.27,18.75
35.57,-75.25,19.12
35.57,-75.23,19.28
35.57,-75.21,19.46
35.57,-75.19,19.36
35.57,-75.17,19.03
35.57,-75.15,18.89
35.57,-75.13,19.01
35.57,-75.11,19.17
35.57,-75.09,19.54
35.57,-75.07,20.38
35.57,-75.05,21.79
35.57,-75.03,22.11
35.57,-75.01,22.18
35.57,-74.99,22.24
35.57,-74.97,22.27
35.57,-74.95,22.28
35.57,-74.93,22.37
35.57,-74.91,22.49
35.57,-74.89,22.56
35.57,-74.87,22.56
35.57,-74.85,22.73
35.57,-74.83,22.79
35.57,-74.81,23.7
35.57,-74.79,24.62
35.57,-74.77,25.03
35.57,-74.75,25.08
35.57,-74.73,25.08
35.57,-74.71,25.08
35.57,-74.69,25.13
35.57,-74.67,25.32
35.57,-74.65,25.38
35.57,-74.63,25.49
35.57,-74.61,25.62
35.57,-74.59,25.69
35.57,-74.57,25.78
35.57,-74.55,25.8
35.55,-76.65,22.17
35.55,-75.91,20.4
35.55,-75.89,20.41
35.55,-75.87,20.43
35.55,-75.85,20.39
35.55,-75.83,20.28
35.55,-75.81,20.24
35.55,-75.79,20.1
35.55,-75.77,20.11
35.55,-75.75,20.28
35.55,-75.73,20.33
35.55,-75.71,20.32
35.55,-75.69,20.31
35.55,-75.67,20.24
35.55,-75.65,20.05
35.55,-75.63,19.63
35.55,-75.61,19.47
35.55,-75.59,19.48
35.55,-75.57,19.6
35.55,-75.55,19.63
35.55,-75.53,19.62
35.55,-75.51,19.64
35.55,-75.49,19.67
35.55,-75.45,16.72
35.55,-75.43,16.68
35.55,-75.41,16.74
35.55,-75.39,17.13
35.55,-75.37,17.61
35.55,-75.35,17.75
35.55,-75.33,17.87
35.55,-75.31,18.05
35.55,-75.29,18.18
35.55,-75.27,19.02
35.55,-75.25,19.18
35.55,-75.23,19.28
35.55,-75.21,19.24
35.55,-75.19,19.15
35.55,-75.17,19.1
35.55,-75.15,18.99
35.55,-75.13,19.06
35.55,-75.11,19.25
35.55,-75.09,22.05
35.55,-75.07,22.09
35.55,-75.05,22.15
35.55,-75.03,22.09
35.55,-75.01,22.14
35.55,-74.99,22.17
35.55,-74.97,22.19
35.55,-74.95,22.23
35.55,-74.93,22.43
35.55,-74.91,22.56
35.55,-74.89,22.58
35.55,-74.87,22.54
35.55,-74.85,23.1
35.55,-74.83,23.66
35.55,-74.81,24.47
35.55,-74.79,24.82
35.55,-74.77,25.14
35.55,-74.75,25.17
35.55,-74.73,25.24
35.55,-74.71,25.36
35.55,-74.69,25.42
35.55,-74.67,25.48
35.55,-74.65,25.55
35.55,-74.63,25.56
35.55,-74.61,25.67
35.55,-74.59,25.74
35.55,-74.57,25.82
35.55,-74.55,25.87
35.55,-74.53,25.98
35.55,-74.51,26.05
35.53,-76.61,21.92
35.53,-76.59,21.79
35.53,-76.57,22.06
35.53,-76.55,22.03
35.53,-76.53,21.95
35.53,-76.51,21.92
35.53,-76.49,21.91
35.53,-75.95,20.67
35.53,-75.93,20.61
35.53,-75.91,20.44
35.53,-75.89,20.44
35.53,-75.87,20.49
35.53,-75.85,20.41
35.53,-75.83,20.31
35.53,-75.81,20.22
35.53,-75.79,20.21
35.53,-75.77,20.18
35.53,-75.75,20.21
35.53,-75.73,20.13
35.53,-75.71,20.13
35.53,-75.69,20.14
35.53,-75.67,20.21
35.53,-75.65,19.91
35.53,-75.63,19.8
35.53,-75.61,19.72
35.53,-75.59,19.65
35.53,-75.57,19.65
35.53,-75.55,19.64
35.53,-75.53,19.74
35.53,-75.51,19.86
35.53,-75.49,19.96
35.53,-75.45,16.8
35.53,-75.43,16.68
35.53,-75.41,16.9
35.53,-75.39,17.33
35.53,-75.37,17.64
35.53,-75.35,17.75
35.53,-75.33,17.96
35.53,-75.31,18.61
35.53,-75.29,18.62
35.53,-75.27,19.24
35.53,-75.25,19.2
35.53,-75.23,19.12
35.53,-75.21,19.07
35.53,-75.19,19.13
35.53,-75.17,19.19
35.53,-75.15,19.6
35.53,-75.13,21.78
35.53,-75.11,21.86
35.53,-75.09,21.96
35.53,-75.07,22.15
35.53,-75.05,22.13
35.53,-75.03,22.04
35.53,-75.01,22.02
35.53,-74.99,21.99
35.53,-74.97,22.13
35.53,-74.95,22.2
35.53,-74.93,22.31
35.53,-74.91,22.51
35.53,-74.89,22.6
35.53,-74.87,22.72
35.53,-74.85,23.23
35.53,-74.83,23.86
35.53,-74.81,24.47
35.53,-74.79,25.04
35.53,-74.77,25.2
35.53,-74.75,25.26
35.53,-74.73,25.4
35.53,-74.71,25.55
35.53,-74.69,25.56
35.53,-74.67,25.56
35.53,-74.65,25.62
35.53,-74.63,25.73
35.53,-74.61,25.73
35.53,-74.59,25.8
35.53,-74.57,25.82
35.53,-74.55,25.97
35.53,-74.53,26.02
35.53,-74.51,26.05
35.53,-74.49,26.01
35.53,-74.47,25.92
35.53,-74.19,25.38
35.53,-74.11,25.46
35.53,-74.09,25.28
35.53,-74.07,25.18
35.53,-74.05,24.69
35.53,-74.03,24.67
35.53,-74.01,24.68
35.53,-73.99,24.66
35.53,-73.97,24.4
35.51,-76.63,22.03
35.51,-76.61,21.94
35.51,-76.59,21.99
35.51,-76.57,22.08
35.51,-76.55,22.02
35.51,-76.53,21.95
35.51,-76.51,21.9
35.51,-76.49,21.87
35.51,-75.97,20.96
35.51,-75.95,20.67
35.51,-75.93,20.51
35.51,-75.87,20.19
35.51,-75.85,20.33
35.51,-75.83,20.32
35.51,-75.81,20.26
35.51,-75.79,20.21
35.51,-75.77,20.15
35.51,-75.75,20.0
35.51,-75.73,20.0
35.51,-75.71,20.1
35.51,-75.69,20.01
35.51,-75.67,19.97
35.51,-75.65,19.94
35.51,-75.63,19.83
35.51,-75.61,19.76
35.51,-75.59,19.72
35.51,-75.57,19.74
35.51,-75.55,19.71
35.51,-75.53,19.63
35.51,-75.51,19.61
35.51,-75.47,17.29
35.51,-75.45,16.84
35.51,-75.43,16.78
35.51,-75.41,16.94
35.51,-75.39,17.57
35.51,-75.37,17.67
35.51,-75.35,18.02
35.51,-75.33,18.45
35.51,-75.31,18.84
35.51,-75.29,18.87
35.51,-75.27,18.89
35.51,-75.25,18.89
35.51,-75.23,18.88
35.51,-75.21,19.03
35.51,-75.19,19.28
35.51,-75.17,20.52
35.51,-75.15,21.75
35.51,-75.13,21.94
35.51,-75.11,21.9
35.51,-75.09,21.87
35.51,-75.07,21.06
35.51,-75.05,21.64
35.51,-75.03,21.95
35.51,-75.01,21.82
35.51,-74.99,21.75
35.51,-74.97,22.03
35.51,-74.95,22.29
35.51,-74.93,22.45
35.51,-74.91,23.11
35.51,-74.89,23.52
35.51,-74.87,23.78
35.51,-74.85,24.08
35.51,-74.83,24.47
35.51,-74.81,25.03
35.51,-74.79,25.28
35.51,-74.77,25.34
35.51,-74.75,25.47
35.51,-74.73,25.64
35.51,-74.71,25.61
35.51,-74.69,25.64
35.51,-74.67,25.66
35.51,-74.65,25.67
35.51,-74.63,25.76
35.51,-74.61,25.79
35.51,-74.59,25.81
35.51,-74.57,25.97
35.51,-74.55,25.99
35.51,-74.53,25.96
35.51,-74.51,25.89
35.51,-74.49,25.81
35.51,-74.47,25.8
35.51,-74.45,25.92
35.51,-74.41,25.68
35.51,-74.39,25.66
35.51,-74.25,25.46
35.51,-74.23,25.45
35.51,-74.21,25.48
35.51,-74.19,25.46
35.51,-74.17,25.43
35.51,-74.15,25.42
35.51,-74.13,25.44
35.51,-74.11,25.43
35.51,-74.09,25.26
35.51,-74.07,25.19
35.51,-74.05,24.62
35.51,-74.03,24.65
35.51,-74.01,24.64
35.51,-73.99,24.59
35.49,-76.99,22.07
35.49,-76.61,21.96
35.49,-76.59,21.98
35.49,-76.57,21.96
35.49,-75.97,20.94
35.49,-75.95,20.62
35.49,-75.93,20.42
35.49,-75.91,20.31
35.49,-75.89,20.04
35.49,-75.87,20.0
35.49,-75.85,20.04
35.49,-75.83,20.21
35.49,-75.81,20.12
35.49,-75.79,20.11
35.49,-75.77,20.11
35.49,-75.75,19.99
35.49,-75.73,20.0
35.49,-75.71,20.02
35.49,-75.69,19.99
35.49,-75.67,19.96
35.49,-75.65,19.94
35.49,-75.63,19.82
35.49,-75.61,19.69
35.49,-75.59,19.65
35.49,-75.57,19.79
35.49,-75.55,20.07
35.49,-75.53,20.11
35.49,-75.51,19.72
35.49,-75.49,20.03
35.49,-75.47,17.36
35.49,-75.45,16.9
35.49,-75.43,16.88
35.49,-75.41,17.34
35.49,-75.39,18.14
35.49,-75.37,18.17
35.49,-75.35,18.49
35.49,-75.33,18.66
35.49,-75.31,18.6
35.49,-75.29,18.78
35.49,-75.27,18.86
35.49,-75.25,18.98
35.49,-75.23,19.21
35.49,-75.21,19.38
35.49,-75.19,21.03
35.49,-75.17,21.69
35.49,-75.15,21.98
35.49,-75.13,22.0
35.49,-75.11,21.98
35.49,-75.09,21.99
35.49,-75.07,22.01
35.49,-75.05,21.5
35.49,-75.03,21.56
35.49,-75.01,21.8
35.49,-74.99,22.11
35.49,-74.97,22.49
35.49,-74.95,22.83
35.49,-74.93,23.22
35.49,-74.91,23.24
35.49,-74.89,23.84
35.49,-74.87,24.31
35.49,-74.85,24.79
35.49,-74.83,25.24
35.49,-74.81,25.32
35.49,-74.79,25.36
35.49,-74.77,25.44
35.49,-74.75,25.53
35.49,-74.73,25.56
35.49,-74.71,25.61
35.49,-74.69,25.69
35.49,-74.67,25.71
35.49,-74.65,25.74
35.49,-74.63,25.8
35.49,-74.61,25.83
35.49,-74.59,25.89
35.49,-74.57,25.92
35.49,-74.55,25.99
35.49,-74.53,25.97
35.49,-74.51,25.95
35.49,-74.49,25.92
35.49,-74.47,25.94
35.49,-74.45,25.95
35.49,-74.43,25.93
35.49,-74.41,25.78
35.49,-74.39,25.68
35.49,-74.37,25.46
35.49,-74.35,25.46
35.49,-74.33,25.44
35.49,-74.31,25.43
35.49,-74.29,25.48
35.49,-74.27,25.51
35.49,-74.25,25.5
35.49,-74.23,25.55
35.49,-74.21,25.58
35.49,-74.19,25.63
35.49,-74.17,25.51
35.49,-74.15,25.42
35.49,-74.13,25.38
35.49,-74.11,25.2
35.49,-74.09,25.19
35.49,-74.01,24.38
35.47,-76.97,21.99
35.47,-76.95,21.97
35.47,-76.93,21.94
35.47,-76.59,21.93
35.47,-76.57,21.69
35.47,-75.99,20.67
35.47,-75.97,20.84
35.47,-75.95,20.68
35.47,-75.93,20.42
35.47,-75.91,20.38
35.47,-75.89,20.06
35.47,-75.87,19.98
35.47,-75.85,19.94
35.47,-75.83,20.2
35.47,-75.81,19.99
35.47,-75.79,20.04
35.47,-75.77,20.13
35.47,-75.75,20.08
35.47,-75.73,20.05
35.47,-75.71,20.05
35.47,-75.69,20.01
35.47,-75.67,19.95
35.47,-75.65,19.92
35.47,-75.63,19.92
35.47,-75.61,19.81
35.47,-75.59,19.63
35.47,-75.57,19.67
35.47,-75.55,19.7
35.47,-75.53,20.23
35.47,-75.51,20.11
35.47,-75.49,20.02
35.47,-75.47,17.04
35.47,-75.45,16.94
35.47,-75.43,16.96
35.47,-75.41,17.32
35.47,-75.39,18.36
35.47,-75.37,18.49
35.47,-75.35,18.49
35.47,-75.33,18.54
35.47,-75.31,18.57
35.47,-75.29,18.79
35.47,-75.27,19.11
35.47,-75.25,19.28
35.47,-75.23,19.56
35.47,-75.21,21.1
35.47,-75.19,21.69
35.47,-75.17,21.86
35.47,-75.15,21.96
35.47,-75.13,21.92
35.47,-75.11,21.91
35.47,-75.09,21.93
35.47,-75.07,21.96
35.47,-75.05,21.96
35.47,-75.03,22.17
35.47,-75.01,22.28
35.47,-74.99,22.35
35.47,-74.97,22.93
35.47,-74.95,23.35
35.47,-74.93,23.45
35.47,-74.91,23.76
35.47,-74.89,24.12
35.47,-74.87,24.72
35.47,-74.85,24.88
35.47,-74.83,25.24
35.47,-74.81,25.34
35.47,-74.79,25.37
35.47,-74.77,25.42
35.47,-74.75,25.57
35.47,-74.73,25.68
35.47,-74.71,25.66
35.47,-74.69,25.69
35.47,-74.67,25.74
35.47,-74.65,25.8
35.47,-74.63,25.9
35.47,-74.61,25.86
35.47,-74.59,25.91
35.47,-74.57,26.0
35.47,-74.55,26.03
35.47,-74.53,26.08
35.47,-74.51,25.99
35.47,-74.49,25.93
35.47,-74.47,25.99
35.47,-74.45,25.98
35.47,-74.43,25.85
35.47,-74.41,25.79
35.47,-74.39,25.46
35.47,-74.37,25.43
35.47,-74.35,25.48
35.47,-74.33,25.48
35.47,-74.31,25.42
35.47,-74.29,25.44
35.47,-74.27,25.55
35.47,-74.25,25.52
35.47,-74.23,25.58
35.47,-74.21,25.65
35.47,-74.19,25.61
35.47,-74.17,25.5
35.47,-74.15,25.45
35.47,-74.13,25.4
35.47,-74.11,25.17
35.47,-74.09,25.12
35.47,-74.01,24.24
35.47,-73.99,23.8
35.45,-76.97,22.02
35.45,-76.95,22.01
35.45,-76.93,21.97
35.45,-76.91,21.74
35.45,-76.89,21.65
35.45,-76.87,21.46
35.45,-76.85,21.51
35.45,-76.59,21.64
35.45,-76.57,21.58
35.45,-75.99,20.61
35.45,-75.97,20.39
35.45,-75.95,20.17
35.45,-75.93,20.18
35.45,-75.91,20.18
35.45,-75.89,20.06
35.45,-75.87,19.96
35.45,-75.85,19.99
35.45,-75.83,19.97
35.45,-75.81,19.83
35.45,-75.79,19.9
35.45,-75.77,20.02
35.45,-75.75,20.06
35.45,-75.73,20.04
35.45,-75.71,20.04
35.45,-75.69,19.92
35.45,-75.67,19.89
35.45,-75.65,19.9
35.45,-75.63,19.91
35.45,-75.61,19.83
35.45,-75.59,19.72
35.45,-75.57,19.69
35.45,-75.55,19.63
35.45,-75.53,19.85
35.45,-75.51,20.32
35.45,-75.49,19.79
35.45,-75.47,17.09
35.45,-75.45,16.86
35.45,-75.43,17.12
35.45,-75.41,17.46
35.45,-75.39,18.37
35.45,-75.37,18.44
35.45,-75.35,18.52
35.45,-75.33,18.64
35.45,-75.31,18.92
35.45,-75.29,19.21
35.45,-75.27,19.98
35.45,-75.25,20.65
35.45,-75.23,21.54
35.45,-75.21,21.88
35.45,-75.19,21.94
35.45,-75.17,21.95
35.45,-75.15,21.93
35.45,-75.13,21.94
35.45,-75.11,22.0
35.45,-75.09,21.98
35.45,-75.07,22.0
35.45,-75.05,22.36
35.45,-75.03,22.41
35.45,-75.01,22.72
35.45,-74.99,23.34
35.45,-74.97,23.41
35.45,-74.95,23.53
35.45,-74.93,23.64
35.45,-74.91,24.33
35.45,-74.89,24.71
35.45,-74.87,24.99
35.45,-74.85,25.26
35.45,-74.83,25.33
35.45,-74.81,25.38
35.45,-74.79,25.4
35.45,-74.77,25.45
35.45,-74.75,25.57
35.45,-74.73,25.76
35.45,-74.71,25.76
35.45,-74.69,25.77
35.45,-74.67,25.81
35.45,-74.65,25.89
35.45,-74.63,25.92
35.45,-74.61,25.87
35.45,-74.59,25.99
35.45,-74.57,26.11
35.45,-74.55,26.13
35.45,-74.53,26.11
35.45,-74.51,26.12
35.45,-74.49,26.06
35.45,-74.47,26.04
35.45,-74.45,25.98
35.45,-74.43,25.91
35.45,-74.41,25.77
35.45,-74.39,25.62
35.45,-74.37,25.55
35.45,-74.35,25.62
35.45,-74.33,25.56
35.45,-74.31,25.54
35.45,-74.29,25.61
35.45,-74.27,25.6
35.45,-74.25,25.52
35.45,-74.23,25.56
35.45,-74.17,25.41
35.45,-74.15,25.34
35.45,-74.13,25.19
35.45,-74.11,25.19
35.45,-74.03,24.13
35.45,-74.01,23.66
35.43,-76.87,21.45
35.43,-76.85,21.5
35.43,-76.83,21.5
35.43,-76.81,21.46
35.43,-76.79,21.48
35.43,-76.77,21.44
35.43,-76.59,21.53
35.43,-76.57,21.5
35.43,-76.55,21.48
35.43,-76.05,21.3
35.43,-76.01,20.65
35.43,-75.99,20.41
35.43,-75.97,20.31
35.43,-75.95,20.2
35.43,-75.93,20.15
35.43,-75.91,20.27
35.43,-75.89,20.11
35.43,-75.87,19.97
35.43,-75.85,20.07
35.43,-75.83,20.0
35.43,-75.81,19.94
35.43,-75.79,19.9
35.43,-75.77,19.89
35.43,-75.75,19.93
35.43,-75.73,19.87
35.43,-75.71,19.86
35.43,-75.69,19.85
35.43,-75.67,19.84
35.43,-75.65,19.81
35.43,-75.63,19.79
35.43,-75.61,19.77
35.43,-75.59,19.74
35.43,-75.57,19.61
35.43,-75.55,19.71
35.43,-75.53,19.78
35.43,-75.51,19.83
35.43,-75.47,17.37
35.43,-75.45,17.35
35.43,-75.43,17.65
35.43,-75.41,17.68
35.43,-75.39,18.43
35.43,-75.37,18.43
35.43,-75.35,18.69
35.43,-75.33,19.42
35.43,-75.31,19.49
35.43,-75.29,19.92
35.43,-75.27,20.96
35.43,-75.25,21.54
35.43,-75.23,21.67
35.43,-75.21,21.77
35.43,-75.19,21.96
35.43,-75.17,21.96
35.43,-75.15,22.09
35.43,-75.13,22.2
35.43,-75.11,22.26
35.43,-75.09,22.53
35.43,-75.07,22.74
35.43,-75.05,23.02
35.43,-75.03,23.24
35.43,-75.01,23.68
35.43,-74.99,23.8
35.43,-74.97,23.98
35.43,-74.95,24.12
35.43,-74.93,24.5
35.43,-74.91,24.85
35.43,-74.89,25.06
35.43,-74.87,25.4
35.43,-74.85,25.41
35.43,-74.83,25.46
35.43,-74.81,25.59
35.43,-74.79,25.65
35.43,-74.77,25.72
35.43,-74.75,25.75
35.43,-74.73,25.82
35.43,-74.71,25.82
35.43,-74.69,25.81
35.43,-74.67,25.84
35.43,-74.65,25.88
35.43,-74.63,25.93
35.43,-74.61,26.01
35.43,-74.59,26.04
35.43,-74.57,26.09
35.43,-74.55,26.1
35.43,-74.53,26.02
35.43,-74.51,26.05
35.43,-74.49,26.08
35.43,-74.47,26.06
35.43,-74.45,26.04
35.43,-74.43,25.92
35.43,-74.41,25.7
35.43,-74.39,25.51
35.43,-74.37,25.5
35.43,-74.35,25.57
35.43,-74.33,25.6
35.43,-74.31,25.56
35.43,-74.27,25.55
35.43,-74.25,25.54
35.43,-74.23,25.62
35.43,-74.21,25.7
35.43,-74.19,25.62
35.43,-74.15,25.25
35.43,-74.13,25.25
35.43,-74.11,24.93
35.43,-74.09,24.77
35.43,-74.07,24.53
35.43,-74.03,23.65
35.43,-74.01,23.61
35.43,-73.99,23.59
35.41,-76.81,21.54
35.41,-76.79,21.48
35.41,-76.77,21.46
35.41,-76.75,21.44
35.41,-76.73,21.41
35.41,-76.71,21.31
35.41,-76.69,21.29
35.41,-76.67,21.14
35.41,-76.57,21.51
35.41,-76.55,21.5
35.41,-76.41,21.61
35.41,-76.39,21.63
35.41,-76.05,21.26
35.41,-76.03,21.19
35.41,-76.01,20.56
35.41,-75.99,20.15
35.41,-75.97,20.14
35.41,-75.95,20.2
35.41,-75.93,20.11
35.41,-75.91,20.16
35.41,-75.89,20.13
35.41,-75.87,20.09
35.41,-75.85,19.98
35.41,-75.83,19.97
35.41,-75.81,20.08
35.41,-75.79,19.96
35.41,-75.77,19.89
35.41,-75.75,19.89
35.41,-75.73,19.89
35.41,-75.71,19.86
35.41,-75.69,19.84
35.41,-75.67,19.73
35.41,-75.65,19.66
35.41,-75.63,19.65
35.41,-75.61,19.6
35.41,-75.59,19.58
35.41,-75.57,19.56
35.41,-75.55,19.63
35.41,-75.53,19.72
35.41,-75.51,19.78
35.41,-75.47,17.61
35.41,-75.45,17.66
35.41,-75.43,17.9
35.41,-75.41,18.37
35.41,-75.39,18.62
35.41,-75.37,18.92
35.41,-75.35,19.45
35.41,-75.33,20.26
35.41,-75.31,20.8
35.41,-75.29,21.08
35.41,-75.27,21.24
35.41,-75.25,21.35
35.41,-75.23,21.57
35.41,-75.21,21.72
35.41,-75.19,21.91
35.41,-75.17,22.14
35.41,-75.15,22.27
35.41,-75.13,22.34
35.41,-75.11,22.55
35.41,-75.09,22.81
35.41,-75.07,22.86
35.41,-75.05,23.16
35.41,-75.03,23.55
35.41,-75.01,23.96
35.41,-74.99,23.96
35.41,-74.97,24.14
35.41,-74.95,24.43
35.41,-74.93,24.8
35.41,-74.91,25.0
35.41,-74.89,25.29
35.41,-74.87,25.38
35.41,-74.85,25.48
35.41,-74.83,25.67
35.41,-74.81,25.75
35.41,-74.79,25.79
35.41,-74.77,25.87
35.41,-74.75,25.84
35.41,-74.73,25.82
35.41,-74.71,25.87
35.41,-74.69,25.84
35.41,-74.67,25.85
35.41,-74.65,25.94
35.41,-74.63,25.98
35.41,-74.61,25.97
35.41,-74.59,25.97
35.41,-74.57,26.01
35.41,-74.55,26.07
35.41,-74.53,25.95
35.41,-74.51,25.96
35.41,-74.49,26.01
35.41,-74.47,25.82
35.41,-74.45,25.76
35.41,-74.43,25.75
35.41,-74.41,25.61
35.41,-74.39,25.38
35.41,-74.37,25.35
35.41,-74.35,25.55
35.41,-74.33,25.52
35.41,-74.31,25.49
35.41,-74.29,25.59
35.41,-74.27,25.6
35.41,-74.25,25.59
35.41,-74.23,25.66
35.41,-74.21,25.66
35.41,-74.19,25.51
35.41,-74.17,25.33
35.41,-74.15,25.23
35.41,-74.13,25.19
35.41,-74.11,25.0
35.41,-74.09,24.58
35.41,-74.07,24.44
35.39,-76.77,21.45
35.39,-76.75,21.44
35.39,-76.73,21.45
35.39,-76.71,21.32
35.39,-76.69,21.25
35.39,-76.67,21.14
35.39,-76.65,21.21
35.39,-76.63,21.21
35.39,-76.61,21.24
35.39,-76.57,21.54
35.39,-76.55,21.17
35.39,-76.53,21.14
35.39,-76.51,21.13
35.39,-76.47,21.26
35.39,-76.43,21.39
35.39,-76.41,21.34
35.39,-76.39,21.29
35.39,-76.07,21.17
35.39,-76.05,21.05
35.39,-76.03,20.73
35.39,-76.01,20.53
35.39,-75.99,20.29
35.39,-75.97,20.26
35.39,-75.95,20.14
35.39,-75.93,20.0
35.39,-75.91,19.85
35.39,-75.89,19.78
35.39,-75.87,19.96
35.39,-75.85,20.03
35.39,-75.83,20.02
35.39,-75.81,20.03
35.39,-75.79,20.0
35.39,-75.77,19.88
35.39,-75.75,19.86
35.39,-75.73,19.86
35.39,-75.71,19.71
35.39,-75.69,19.63
35.39,-75.67,19.63
35.39,-75.65,19.66
35.39,-75.63,19.64
35.39,-75.61,19.56
35.39,-75.59,19.51
35.39,-75.57,19.46
35.39,-75.55,19.71
35.39,-75.53,19.83
35.39,-75.51,19.89
35.39,-75.47,18.16
35.39,-75.45,18.18
35.39,-75.43,18.41
35.39,-75.41,18.87
35.39,-75.39,19.39
35.39,-75.37,19.6
35.39,-75.35,20.35
35.39,-75.33,20.72
35.39,-75.31,20.82
35.39,-75.29,21.11
35.39,-75.27,21.07
35.39,-75.25,21.04
35.39,-75.23,21.42
35.39,-75.21,21.73
35.39,-75.19,22.06
35.39,-75.17,22.45
35.39,-75.15,22.5
35.39,-75.13,22.78
35.39,-75.11,22.94
35.39,-75.09,23.15
35.39,-75.07,23.63
35.39,-75.05,23.7
35.39,-75.03,24.02
35.39,-75.01,24.09
35.39,-74.99,23.94
35.39,-74.97,24.75
35.39,-74.95,24.82
35.39,-74.93,25.17
35.39,-74.91,25.35
35.39,-74.89,25.36
35.39,-74.87,25.39
35.39,-74.85,25.61
35.39,-74.83,25.77
35.39,-74.81,25.84
35.39,-74.79,25.86
35.39,-74.77,25.92
35.39,-74.75,25.93
35.39,-74.73,25.97
35.39,-74.71,25.98
35.39,-74.69,26.04
35.39,-74.67,25.95
35.39,-74.65,25.96
35.39,-74.63,25.98
35.39,-74.61,25.96
35.39,-74.59,25.96
35.39,-74.57,25.98
35.39,-74.55,26.03
35.39,-74.53,26.03
35.39,-74.51,26.01
35.39,-74.49,26.01
35.39,-74.47,25.95
35.39,-74.45,25.83
35.39,-74.43,25.87
35.39,-74.41,25.75
35.39,-74.39,25.63
35.39,-74.37,25.64
35.39,-74.35,25.67
35.39,-74.33,25.7
35.39,-74.31,25.51
35.39,-74.29,25.56
35.39,-74.27,25.65
35.39,-74.25,25.64
35.39,-74.23,25.64
35.39,-74.21,25.54
35.39,-74.19,25.39
35.39,-74.17,25.17
35.39,-74.15,25.1
35.39,-74.13,24.89
35.39,-74.11,24.78
35.39,-74.09,24.42
35.39,-74.07,24.3
35.39,-74.05,23.28
35.39,-74.03,23.05
35.37,-76.71,21.69
35.37,-76.69,21.65
35.37,-76.67,21.43
35.37,-76.65,21.31
35.37,-76.63,21.1
35.37,-76.61,21.1
35.37,-76.59,21.23
35.37,-76.57,21.08
35.37,-76.55,21.06
35.37,-76.53,21.04
35.37,-76.51,21.08
35.37,-76.49,21.16
35.37,-76.47,21.22
35.37,-76.45,21.22
35.37,-76.43,21.2
35.37,-76.35,21.91
35.37,-76.33,21.72
35.37,-76.07,21.0
35.37,-76.05,20.79
35.37,-76.03,20.56
35.37,-76.01,20.35
35.37,-75.99,20.26
35.37,-75.97,20.25
35.37,-75.95,20.14
35.37,-75.93,20.09
35.37,-75.91,20.1
35.37,-75.89,19.95
35.37,-75.87,19.96
35.37,-75.85,20.0
35.37,-75.83,20.01
35.37,-75.81,19.95
35.37,-75.79,19.97
35.37,-75.77,19.79
35.37,-75.75,19.77
35.37,-75.73,19.73
35.37,-75.71,19.68
35.37,-75.69,19.58
35.37,-75.67,19.57
35.37,-75.65,19.58
35.37,-75.63,19.55
35.37,-75.61,19.58
35.37,-75.59,19.6
35.37,-75.57,19.77
35.37,-75.55,20.28
35.37,-75.53,19.79
35.37,-75.51,19.81
35.37,-75.49,18.17
35.37,-75.47,18.18
35.37,-75.45,18.37
35.37,-75.43,18.82
35.37,-75.41,19.46
35.37,-75.39,19.67
35.37,-75.37,20.01
35.37,-75.35,20.4
35.37,-75.33,20.54
35.37,-75.31,20.59
35.37,-75.29,20.62
35.37,-75.27,20.85
35.37,-75.25,21.36
35.37,-75.23,21.92
35.37,-75.21,22.37
35.37,-75.19,22.81
35.37,-75.17,22.96
35.37,-75.15,23.18
35.37,-75.13,23.32
35.37,-75.11,23.66
35.37,-75.09,23.85
35.37,-75.07,23.99
35.37,-75.05,24.01
35.37,-75.03,23.98
35.37,-75.01,24.09
35.37,-74.99,24.45
35.37,-74.97,25.09
35.37,-74.95,25.28
35.37,-74.93,25.66
35.37,-74.91,25.64
35.37,-74.89,25.63
35.37,-74.87,25.76
35.37,-74.85,25.88
35.37,-74.83,25.96
35.37,-74.81,25.96
35.37,-74.79,25.96
35.37,-74.77,25.98
35.37,-74.75,26.01
35.37,-74.73,26.03
35.37,-74.71,26.0
35.37,-74.69,26.05
35.37,-74.67,26.07
35.37,-74.65,26.03
35.37,-74.63,26.05
35.37,-74.61,26.07
35.37,-74.59,26.05
35.37,-74.57,26.01
35.37,-74.55,25.98
35.37,-74.53,26.01
35.37,-74.51,26.02
35.37,-74.49,26.04
35.37,-74.47,26.13
35.37,-74.45,26.07
35.37,-74.43,26.08
35.37,-74.41,25.79
35.37,-74.39,25.82
35.37,-74.37,25.94
35.37,-74.35,25.96
35.37,-74.33,25.72
35.37,-74.31,25.64
35.37,-74.29,25.63
35.37,-74.27,25.67
35.37,-74.25,25.69
35.37,-74.23,25.58
35.37,-74.21,25.53
35.37,-74.19,25.1
35.37,-74.17,25.11
35.37,-74.15,24.93
35.37,-74.13,24.85
35.37,-74.11,24.57
35.37,-74.09,24.28
35.37,-74.07,23.8
35.37,-74.05,23.24
35.37,-74.03,22.82
35.35,-76.69,21.71
35.35,-76.67,21.72
35.35,-76.65,21.56
35.35,-76.63,21.27
35.35,-76.61,21.34
35.35,-76.59,21.36
35.35,-76.57,21.18
35.35,-76.55,21.11
35.35,-76.53,21.13
35.35,-76.51,21.17
35.35,-76.49,21.2
35.35,-76.47,21.2
35.35,-76.45,21.12
35.35,-76.43,21.13
35.35,-76.39,21.21
35.35,-76.37,21.13
35.35,-76.33,21.58
35.35,-76.31,21.49
35.35,-76.25,21.27
35.35,-76.23,21.09
35.35,-76.13,21.24
35.35,-76.11,20.79
35.35,-76.09,20.64
35.35,-76.07,20.6
35.35,-76.05,20.32
35.35,-76.03,20.34
35.35,-76.01,20.17
35.35,-75.99,20.13
35.35,-75.97,20.08
35.35,-75.95,20.08
35.35,-75.93,20.05
35.35,-75.91,20.12
35.35,-75.89,20.1
35.35,-75.87,20.06
35.35,-75.85,20.14
35.35,-75.83,20.19
35.35,-75.81,20.14
35.35,-75.79,19.79
35.35,-75.77,19.74
35.35,-75.75,19.74
35.35,-75.73,19.64
35.35,-75.71,19.64
35.35,-75.69,19.64
35.35,-75.67,19.62
35.35,-75.65,19.62
35.35,-75.63,19.63
35.35,-75.61,19.59
35.35,-75.59,20.08
35.35,-75.57,20.26
35.35,-75.55,19.88
35.35,-75.53,19.87
35.35,-75.49,18.18
35.35,-75.47,18.32
35.35,-75.45,18.54
35.35,-75.43,18.86
35.35,-75.41,19.16
35.35,-75.39,19.72
35.35,-75.37,19.98
35.35,-75.35,20.03
35.35,-75.33,20.11
35.35,-75.31,20.27
35.35,-75.29,20.87
35.35,-75.27,21.24
35.35,-75.25,21.7
35.35,-75.23,22.29
35.35,-75.21,22.79
35.35,-75.19,22.94
35.35,-75.17,23.07
35.35,-75.15,23.47
35.35,-75.13,23.78
35.35,-75.11,23.82
35.35,-75.09,23.96
35.35,-75.07,23.99
35.35,-75.05,23.99
35.35,-75.03,23.99
35.35,-75.01,24.54
35.35,-74.99,24.88
35.35,-74.97,25.22
35.35,-74.95,25.29
35.35,-74.93,25.15
35.35,-74.91,25.47
35.35,-74.89,25.67
35.35,-74.87,25.79
35.35,-74.85,25.9
35.35,-74.83,26.0
35.35,-74.81,25.99
35.35,-74.79,26.0
35.35,-74.77,26.04
35.35,-74.75,26.05
35.35,-74.73,26.03
35.35,-74.71,25.99
35.35,-74.69,26.0
35.35,-74.67,26.04
35.35,-74.65,26.03
35.35,-74.63,26.03
35.35,-74.61,26.01
35.35,-74.59,26.03
35.35,-74.57,25.98
35.35,-74.55,25.93
35.35,-74.53,25.96
35.35,-74.51,26.03
35.35,-74.49,26.18
35.35,-74.47,26.12
35.35,-74.45,26.07
35.35,-74.43,25.9
35.35,-74.41,25.74
35.35,-74.39,25.79
35.35,-74.37,25.82
35.35,-74.35,26.01
35.35,-74.33,25.99
35.35,-74.31,25.67
35.35,-74.29,25.71
35.35,-74.27,25.73
35.35,-74.25,25.63
35.35,-74.23,25.48
35.35,-74.21,25.46
35.35,-74.19,25.32
35.35,-74.17,24.99
35.35,-74.15,24.85
35.35,-74.13,24.6
35.35,-74.11,24.17
35.35,-74.09,23.91
35.35,-74.07,23.71
35.35,-74.05,23.31
35.35,-74.03,22.78
35.33,-76.57,21.32
35.33,-76.55,21.36
35.33,-76.53,21.14
35.33,-76.51,21.14
35.33,-76.49,21.21
35.33,-76.47,21.15
35.33,-76.45,21.1
35.33,-76.43,21.2
35.33,-76.41,21.1
35.33,-76.39,20.97
35.33,-76.37,21.04
35.33,-76.35,21.17
35.33,-76.33,21.3
35.33,-76.31,21.19
35.33,-76.29,21.3
35.33,-76.27,21.17
35.33,-76.25,21.0
35.33,-76.23,21.08
35.33,-76.21,21.16
35.33,-76.19,21.06
35.33,-76.17,21.06
35.33,-76.13,21.15
35.33,-76.11,20.45
35.33,-76.09,19.88
35.33,-76.07,19.37
35.33,-76.05,19.85
35.33,-76.03,20.07
35.33,-76.01,20.08
35.33,-75.99,20.0
35.33,-75.97,20.01
35.33,-75.95,19.97
35.33,-75.93,19.97
35.33,-75.91,20.05
35.33,-75.89,20.08
35.33,-75.87,20.13
35.33,-75.85,20.24
35.33,-75.83,20.27
35.33,-75.81,20.19
35.33,-75.79,19.88
35.33,-75.77,19.73
35.33,-75.75,19.75
35.33,-75.73,19.77
35.33,-75.71,19.72
35.33,-75.69,19.74
35.33,-75.67,19.73
35.33,-75.65,19.7
35.33,-75.63,19.82
35.33,-75.61,19.93
35.33,-75.59,20.77
35.33,-75.57,20.16
35.33,-75.55,20.02
35.33,-75.53,20.15
35.33,-75.49,18.38
35.33,-75.47,18.74
35.33,-75.45,18.77
35.33,-75.43,18.85
35.33,-75.41,19.3
35.33,-75.39,19.66
35.33,-75.37,19.91
35.33,-75.35,19.99
35.33,-75.33,20.07
35.33,-75.31,21.02
35.33,-75.29,21.25
35.33,-75.27,21.79
35.33,-75.25,22.41
35.33,-75.23,23.08
35.33,-75.21,23.14
35.33,-75.19,23.15
35.33,-75.17,23.3
35.33,-75.15,23.44
35.33,-75.13,23.48
35.33,-75.11,23.69
35.33,-75.09,23.79
35.33,-75.07,23.89
35.33,-75.05,24.05
35.33,-75.03,24.6
35.33,-75.01,24.99
35.33,-74.99,25.26
35.33,-74.97,25.33
35.33,-74.95,25.34
35.33,-74.93,25.28
35.33,-74.91,25.29
35.33,-74.89,25.65
35.33,-74.87,25.78
35.33,-74.85,25.85
35.33,-74.83,25.93
35.33,-74.81,25.85
35.33,-74.79,25.9
35.33,-74.77,25.96
35.33,-74.75,25.96
35.33,-74.73,26.0
35.33,-74.71,26.03
35.33,-74.69,26.07
35.33,-74.67,26.03
35.33,-74.65,25.98
35.33,-74.63,26.04
35.33,-74.61,26.06
35.33,-74.59,26.02
35.33,-74.57,25.94
35.33,-74.55,25.99
35.33,-74.53,26.03
35.33,-74.51,26.12
35.33,-74.49,26.09
35.33,-74.47,26.0
35.33,-74.45,26.02
35.33,-74.43,25.9
35.33,-74.41,25.76
35.33,-74.39,25.74
35.33,-74.37,25.73
35.33,-74.35,25.68
35.33,-74.33,25.59
35.33,-74.31,25.66
35.33,-74.29,25.72
35.33,-74.27,25.77
35.33,-74.25,25.61
35.33,-74.23,25.41
35.33,-74.21,25.39
35.33,-74.19,25.02
35.33,-74.17,24.72
35.33,-74.15,24.59
35.33,-74.13,24.32
35.33,-74.11,23.96
35.33,-74.09,23.38
35.33,-74.07,22.83
35.33,-74.05,22.77
35.31,-76.47,21.21
35.31,-76.45,21.26
35.31,-76.43,21.22
35.31,-76.41,20.96
35.31,-76.39,20.94
35.31,-76.37,20.98
35.31,-76.35,21.13
35.31,-76.33,21.09
35.31,-76.31,21.01
35.31,-76.29,21.03
35.31,-76.25,21.16
35.31,-76.23,21.0
35.31,-76.21,20.9
35.31,-76.19,20.87
35.31,-76.17,20.86
35.31,-76.15,20.91
35.31,-76.13,21.09
35.31,-76.11,20.53
35.31,-76.09,20.25
35.31,-76.07,19.58
35.31,-76.05,20.02
35.31,-76.03,20.16
35.31,-76.01,20.19
35.31,-75.99,20.12
35.31,-75.97,20.07
35.31,-75.95,20.06
35.31,-75.93,20.04
35.31,-75.91,20.05
35.31,-75.89,20.13
35.31,-75.87,20.07
35.31,-75.85,20.13
35.31,-75.83,20.04
35.31,-75.81,19.93
35.31,-75.79,19.89
35.31,-75.77,19.9
35.31,-75.75,19.64
35.31,-75.73,19.87
35.31,-75.71,19.87
35.31,-75.69,19.96
35.31,-75.67,20.02
35.31,-75.65,20.04
35.31,-75.63,20.12
35.31,-75.61,20.39
35.31,-75.59,20.45
35.31,-75.57,20.2
35.31,-75.55,20.3
35.31,-75.53,20.37
35.31,-75.49,18.67
35.31,-75.47,18.76
35.31,-75.45,18.89
35.31,-75.43,18.96
35.31,-75.41,19.31
35.31,-75.39,19.85
35.31,-75.37,19.96
35.31,-75.35,20.01
35.31,-75.33,20.84
35.31,-75.31,21.68
35.31,-75.29,21.82
35.31,-75.27,22.79
35.31,-75.25,23.17
35.31,-75.23,23.26
35.31,-75.21,23.26
35.31,-75.19,23.33
35.31,-75.17,23.68
35.31,-75.15,23.58
35.31,-75.13,23.58
35.31,-75.11,23.59
35.31,-75.09,23.69
35.31,-75.07,23.89
35.31,-75.05,24.4
35.31,-75.03,24.65
35.31,-75.01,25.25
35.31,-74.99,25.49
35.31,-74.97,25.32
35.31,-74.95,25.31
35.31,-74.93,25.34
35.31,-74.91,25.51
35.31,-74.89,25.7
35.31,-74.87,25.77
35.31,-74.85,25.9
35.31,-74.83,25.88
35.31,-74.81,25.87
35.31,-74.79,25.91
35.31,-74.77,25.92
35.31,-74.75,25.9
35.31,-74.73,25.86
35.31,-74.71,25.89
35.31,-74.69,26.04
35.31,-74.67,25.95
35.31,-74.65,25.96
35.31,-74.63,26.04
35.31,-74.61,26.07
35.31,-74.59,26.05
35.31,-74.57,26.08
35.31,-74.55,26.07
35.31,-74.53,26.06
35.31,-74.51,26.02
35.31,-74.49,26.0
35.31,-74.47,26.01
35.31,-74.45,25.96
35.31,-74.43,25.64
35.31,-74.41,25.66
35.31,-74.39,25.73
35.31,-74.37,25.78
35.31,-74.35,25.81
35.31,-74.33,25.65
35.31,-74.31,25.67
35.31,-74.29,25.74
35.31,-74.27,25.68
35.31,-74.25,25.47
35.31,-74.23,25.25
35.31,-74.21,25.08
35.31,-74.19,24.92
35.31,-74.17,24.68
35.31,-74.15,24.42
35.31,-74.13,24.3
35.31,-74.11,23.86
35.31,-74.09,23.35
35.31,-74.07,23.23
35.29,-76.47,21.35
35.29,-76.45,21.37
35.29,-76.43,21.27
35.29,-76.41,20.94
35.29,-76.39,20.89
35.29,-76.37,20.86
35.29,-76.35,20.93
35.29,-76.33,20.99
35.29,-76.31,20.99
35.29,-76.29,21.0
35.29,-76.27,20.9
35.29,-76.25,20.91
35.29,-76.23,20.95
35.29,-76.21,20.9
35.29,-76.19,20.72
35.29,-76.17,20.67
35.29,-76.15,20.69
35.29,-76.13,20.56
35.29,-76.11,19.71
35.29,-76.07,19.88
35.29,-76.05,20.02
35.29,-76.03,20.13
35.29,-76.01,20.17
35.29,-75.99,20.25
35.29,-75.97,20.16
35.29,-75.95,20.11
35.29,-75.93,20.09
35.29,-75.91,20.12
35.29,-75.89,20.12
35.29,-75.87,19.92
35.29,-75.85,19.86
35.29,-75.83,19.92
35.29,-75.81,19.92
35.29,-75.79,19.85
35.29,-75.77,19.67
35.29,-75.75,19.65
35.29,-75.73,19.82
35.29,-75.71,20.29
35.29,-75.69,20.28
35.29,-75.67,21.95
35.29,-75.65,21.39
35.29,-75.63,21.41
35.29,-75.61,20.85
35.29,-75.59,20.44
35.29,-75.57,20.25
35.29,-75.55,20.25
35.29,-75.53,20.31
35.29,-75.51,19.35
35.29,-75.49,18.97
35.29,-75.47,18.97
35.29,-75.45,19.3
35.29,-75.43,19.37
35.29,-75.41,19.74
35.29,-75.39,19.85
35.29,-75.37,19.96
35.29,-75.35,20.56
35.29,-75.33,21.37
35.29,-75.31,21.96
35.29,-75.29,22.44
35.29,-75.27,22.97
35.29,-75.25,23.27
35.29,-75.23,23.31
35.29,-75.21,23.18
35.29,-75.19,23.36
35.29,-75.17,23.5
35.29,-75.15,23.62
35.29,-75.13,23.63
35.29,-75.11,23.68
35.29,-75.09,23.85
35.29,-75.07,24.0
35.29,-75.05,24.38
35.29,-75.03,24.73
35.29,-75.01,25.09
35.29,-74.99,25.25
35.29,-74.97,25.26
35.29,-74.95,25.33
35.29,-74.93,25.49
35.29,-74.91,25.58
35.29,-74.89,25.63
35.29,-74.87,25.72
35.29,-74.85,25.77
35.29,-74.83,25.83
35.29,-74.81,25.69
35.29,-74.79,25.64
35.29,-74.77,25.88
35.29,-74.75,25.68
35.29,-74.73,25.78
35.29,-74.71,25.8
35.29,-74.69,25.85
35.29,-74.67,25.82
35.29,-74.65,25.83
35.29,-74.63,25.92
35.29,-74.61,25.98
35.29,-74.59,25.97
35.29,-74.57,25.94
35.29,-74.55,25.98
35.29,-74.53,25.96
35.29,-74.51,25.98
35.29,-74.49,25.96
35.29,-74.47,25.91
35.29,-74.45,25.79
35.29,-74.43,25.63
35.29,-74.41,25.6
35.29,-74.39,25.68
35.29,-74.37,25.72
35.29,-74.35,25.71
35.29,-74.33,25.62
35.29,-74.31,25.59
35.29,-74.29,25.7
35.29,-74.27,25.69
35.29,-74.25,25.45
35.29,-74.23,25.19
35.29,-74.21,25.02
35.29,-74.19,24.76
35.29,-74.17,24.45
35.29,-74.15,23.87
35.29,-74.13,23.71
35.29,-74.11,23.48
35.27,-76.47,21.45
35.27,-76.45,21.42
35.27,-76.43,21.26
35.27,-76.41,21.06
35.27,-76.39,20.94
35.27,-76.37,20.82
35.27,-76.35,20.81
35.27,-76.33,20.84
35.27,-76.31,20.86
35.27,-76.29,20.86
35.27,-76.27,20.78
35.27,-76.25,20.77
35.27,-76.23,20.83
35.27,-76.21,20.79
35.27,-76.19,20.67
35.27,-76.17,20.6
35.27,-76.15,20.35
35.27,-76.13,20.09
35.27,-76.11,19.75
35.27,-76.09,19.69
35.27,-76.07,19.87
35.27,-76.05,20.12
35.27,-76.03,20.16
35.27,-76.01,20.16
35.27,-75.99,20.18
35.27,-75.97,20.16
35.27,-75.95,20.22
35.27,-75.93,20.22
35.27,-75.91,20.17
35.27,-75.89,20.1
35.27,-75.87,19.99
35.27,-75.85,19.8
35.27,-75.83,19.75
35.27,-75.81,19.71
35.27,-75.79,19.68
35.27,-75.77,19.64
35.27,-75.75,19.79
35.27,-75.73,19.91
35.27,-75.71,19.93
35.27,-75.69,20.35
35.27,-75.67,19.91
35.27,-75.65,20.04
35.27,-75.63,20.08
35.27,-75.61,20.3
35.27,-75.59,20.24
35.27,-75.57,20.2
35.27,-75.55,20.31
35.27,-75.51,19.11
35.27,-75.49,19.11
35.27,-75.47,19.18
35.27,-75.45,19.46
35.27,-75.43,19.6
35.27,-75.41,19.65
35.27,-75.39,19.7
35.27,-75.37,20.12
35.27,-75.35,20.92
35.27,-75.33,21.6
35.27,-75.31,22.18
35.27,-75.29,22.86
35.27,-75.27,23.22
35.27,-75.25,23.39
35.27,-75.23,23.32
35.27,-75.21,23.23
35.27,-75.19,23.29
35.27,-75.17,23.37
35.27,-75.15,23.66
35.27,-75.13,23.73
35.27,-75.11,23.87
35.27,-75.09,24.07
35.27,-75.07,24.29
35.27,-75.05,24.48
35.27,-75.03,24.84
35.27,-75.01,25.0
35.27,-74.99,25.06
35.27,-74.97,25.13
35.27,-74.95,25.26
35.27,-74.93,25.38
35.27,-74.91,25.5
35.27,-74.89,25.63
35.27,-74.87,25.8
35.27,-74.85,25.81
35.27,-74.83,25.82
35.27,-74.81,25.8
35.27,-74.79,25.92
35.27,-74.77,25.96
35.27,-74.75,25.89
35.27,-74.73,25.88
35.27,-74.71,25.83
35.27,-74.69,25.84
35.27,-74.67,25.86
35.27,-74.65,25.85
35.27,-74.63,25.89
35.27,-74.61,25.92
35.27,-74.59,25.93
35.27,-74.57,25.92
35.27,-74.55,25.97
35.27,-74.53,25.91
35.27,-74.51,25.81
35.27,-74.49,25.79
35.27,-74.47,25.8
35.27,-74.45,25.7
35.27,-74.43,25.66
35.27,-74.41,25.68
35.27,-74.39,25.69
35.27,-74.37,25.64
35.27,-74.35,25.63
35.27,-74.33,25.61
35.27,-74.31,25.57
35.27,-74.29,25.52
35.27,-74.27,25.43
35.27,-74.25,25.36
35.27,-74.23,25.13
35.27,-74.21,25.03
35.27,-74.19,24.77
35.25,-76.47,21.49
35.25,-76.45,21.46
35.25,-76.43,21.01
35.25,-76.41,21.05
35.25,-76.39,20.74
35.25,-76.37,20.8
35.25,-76.35,20.96
35.25,-76.33,20.73
35.25,-76.31,20.74
35.25,-76.29,20.72
35.25,-76.27,20.68
35.25,-76.25,20.64
35.25,-76.23,20.75
35.25,-76.21,20.68
35.25,-76.19,20.38
35.25,-76.17,20.16
35.25,-76.15,20.17
35.25,-76.13,20.3
35.25,-76.11,20.34
35.25,-76.09,20.23
35.25,-76.07,19.99
35.25,-76.05,19.99
35.25,-76.03,20.11
35.25,-76.01,20.23
35.25,-75.99,20.22
35.25,-75.97,20.2
35.25,-75.95,20.2
35.25,-75.93,20.2
35.25,-75.91,20.15
35.25,-75.89,20.11
35.25,-75.87,19.99
35.25,-75.85,19.68
35.25,-75.83,19.63
35.25,-75.81,19.7
35.25,-75.79,19.63
35.25,-75.77,19.7
35.25,-75.75,19.89
35.25,-75.73,19.95
35.25,-75.71,20.16
35.25,-75.69,20.29
35.25,-75.67,20.08
35.25,-75.65,20.16
35.25,-75.63,20.19
35.25,-75.51,19.46
35.25,-75.49,19.17
35.25,-75.47,19.59
35.25,-75.45,19.73
35.25,-75.43,19.74
35.25,-75.41,19.77
35.25,-75.39,19.84
35.25,-75.37,20.1
35.25,-75.35,21.25
35.25,-75.33,22.14
35.25,-75.31,22.74
35.25,-75.29,22.9
35.25,-75.27,23.17
35.25,-75.25,23.19
35.25,-75.23,23.29
35.25,-75.21,23.37
35.25,-75.19,23.43
35.25,-75.17,23.67
35.25,-75.15,23.65
35.25,-75.13,23.71
35.25,-75.11,23.99
35.25,-75.09,24.09
35.25,-75.07,24.3
35.25,-75.05,24.53
35.25,-75.03,24.8
35.25,-75.01,24.94
35.25,-74.99,25.05
35.25,-74.97,25.12
35.25,-74.95,25.28
35.25,-74.93,25.44
35.25,-74.91,25.5
35.25,-74.89,25.54
35.25,-74.87,25.87
35.25,-74.85,25.81
35.25,-74.83,25.78
35.25,-74.81,25.78
35.25,-74.79,25.8
35.25,-74.77,25.79
35.25,-74.75,25.83
35.25,-74.73,25.85
35.25,-74.71,25.82
35.25,-74.69,25.84
35.25,-74.67,25.84
35.25,-74.65,25.81
35.25,-74.63,25.83
35.25,-74.61,25.85
35.25,-74.59,25.87
35.25,-74.57,25.83
35.25,-74.55,25.89
35.25,-74.53,25.84
35.25,-74.51,25.81
35.25,-74.49,25.8
35.25,-74.47,25.76
35.25,-74.45,25.62
35.25,-74.43,25.54
35.25,-74.41,25.54
35.25,-74.39,25.6
35.25,-74.37,25.68
35.25,-74.35,25.62
35.25,-74.33,25.61
35.25,-74.31,25.56
35.25,-74.29,25.46
35.25,-74.27,25.39
35.25,-74.25,25.32
35.25,-74.23,25.08
35.25,-74.21,24.84
35.23,-76.55,22.36
35.23,-76.49,21.49
35.23,-76.47,21.4
35.23,-76.45,21.3
35.23,-76.43,20.92
35.23,-76.41,20.84
35.23,-76.39,20.76
35.23,-76.37,20.78
35.23,-76.35,20.86
35.23,-76.33,20.74
35.23,-76.31,20.68
35.23,-76.29,20.66
35.23,-76.27,20.6
35.23,-76.25,20.53
35.23,-76.23,20.46
35.23,-76.21,20.41
35.23,-76.19,20.38
35.23,-76.17,20.27
35.23,-76.15,20.39
35.23,-76.13,20.44
35.23,-76.11,20.47
35.23,-76.09,20.41
35.23,-76.07,20.02
35.23,-76.05,20.04
35.23,-76.03,20.2
35.23,-76.01,20.16
35.23,-75.99,20.14
35.23,-75.97,20.11
35.23,-75.95,20.14
35.23,-75.93,20.14
35.23,-75.91,20.1
35.23,-75.89,20.19
35.23,-75.87,19.87
35.23,-75.85,19.58
35.23,-75.83,19.43
35.23,-75.81,19.48
35.23,-75.79,19.71
35.23,-75.77,19.83
35.23,-75.75,20.26
35.23,-75.73,20.6
35.23,-75.71,20.61
35.23,-75.67,20.55
35.23,-75.65,20.32
35.23,-75.59,19.89
35.23,-75.57,19.95
35.23,-75.55,19.97
35.23,-75.51,19.7
35.23,-75.49,19.68
35.23,-75.47,19.7
35.23,-75.45,19.84
35.23,-75.43,19.78
35.23,-75.41,19.83
35.23,-75.39,20.01
35.23,-75.37,21.04
35.23,-75.35,22.01
35.23,-75.33,22.58
35.23,-75.31,22.99
35.23,-75.29,23.02
35.23,-75.27,23.03
35.23,-75.25,23.05
35.23,-75.23,23.26
35.23,-75.21,23.4
35.23,-75.19,23.44
35.23,-75.17,23.59
35.23,-75.15,23.63
35.23,-75.13,23.65
35.23,-75.11,23.77
35.23,-75.09,24.27
35.23,-75.07,24.48
35.23,-75.05,24.6
35.23,-75.03,24.6
35.23,-75.01,24.74
35.23,-74.99,25.33
35.23,-74.97,25.35
35.23,-74.95,25.35
35.23,-74.93,25.48
35.23,-74.91,25.53
35.23,-74.89,25.62
35.23,-74.87,25.7
35.23,-74.85,25.73
35.23,-74.83,25.71
35.23,-74.81,25.7
35.23,-74.79,25.67
35.23,-74.77,25.69
35.23,-74.75,25.66
35.23,-74.73,25.66
35.23,-74.71,25.67
35.23,-74.69,25.65
35.23,-74.67,25.73
35.23,-74.65,25.75
35.23,-74.63,25.68
35.23,-74.61,25.7
35.23,-74.59,25.75
35.23,-74.57,25.75
35.23,-74.55,25.81
35.23,-74.53,25.82
35.23,-74.51,25.77
35.23,-74.49,25.66
35.23,-74.47,25.63
35.23,-74.45,25.58
35.23,-74.43,25.54
35.23,-74.41,25.57
35.23,-74.39,25.54
35.23,-74.37,25.59
35.23,-74.35,25.63
35.23,-74.33,25.7
35.23,-74.31,25.62
35.23,-74.29,25.28
35.23,-74.27,24.99
35.23,-74.25,24.75
35.23,-74.23,24.72
35.23,-74.19,23.82
35.23,-74.17,23.4
35.23,-74.15,23.4
35.21,-76.53,21.59
35.21,-76.51,21.56
35.21,-76.49,21.24
35.21,-76.47,21.22
35.21,-76.45,21.22
35.21,-76.43,21.07
35.21,-76.41,20.76
35.21,-76.39,20.79
35.21,-76.37,20.72
35.21,-76.35,20.73
35.21,-76.33,20.71
35.21,-76.31,20.68
35.21,-76.29,20.65
35.21,-76.27,20.57
35.21,-76.25,20.5
35.21,-76.23,20.47
35.21,-76.21,20.49
35.21,-76.19,20.42
35.21,-76.17,20.38
35.21,-76.15,20.46
35.21,-76.13,20.46
35.21,-76.11,20.44
35.21,-76.09,20.53
35.21,-76.07,20.44
35.21,-76.05,20.24
35.21,-76.03,20.26
35.21,-76.01,20.15
35.21,-75.99,20.13
35.21,-75.97,20.16
35.21,-75.95,20.09
35.21,-75.93,20.07
35.21,-75.91,20.08
35.21,-75.89,20.22
35.21,-75.87,20.17
35.21,-75.85,19.74
35.21,-75.83,19.64
35.21,-75.81,19.65
35.21,-75.79,19.78
35.21,-75.77,20.63
35.21,-75.75,20.58
35.21,-75.73,20.63
35.21,-75.67,20.66
35.21,-75.65,20.28
35.21,-75.63,20.09
35.21,-75.61,20.0
35.21,-75.59,19.91
35.21,-75.57,19.93
35.21,-75.55,19.86
35.21,-75.53,19.95
35.21,-75.51,20.0
35.21,-75.49,19.93
35.21,-75.47,19.8
35.21,-75.45,20.05
35.21,-75.43,20.14
35.21,-75.41,20.22
35.21,-75.39,20.55
35.21,-75.37,21.35
35.21,-75.35,22.42
35.21,-75.33,22.76
35.21,-75.31,22.88
35.21,-75.29,23.04
35.21,-75.27,23.11
35.21,-75.25,23.09
35.21,-75.23,23.26
35.21,-75.21,23.35
35.21,-75.19,23.59
35.21,-75.17,23.76
35.21,-75.15,23.78
35.21,-75.13,23.65
35.21,-75.11,23.99
35.21,-75.09,24.36
35.21,-75.07,24.5
35.21,-75.05,24.66
35.21,-75.03,25.13
35.21,-75.01,25.29
35.21,-74.99,25.51
35.21,-74.97,25.51
35.21,-74.95,25.47
35.21,-74.93,25.52
35.21,-74.91,25.59
35.21,-74.89,25.65
35.21,-74.87,25.64
35.21,-74.85,25.66
35.21,-74.83,25.66
35.21,-74.81,25.65
35.21,-74.79,25.67
35.21,-74.77,25.71
35.21,-74.75,25.67
35.21,-74.73,25.69
35.21,-74.71,25.69
35.21,-74.69,25.63
35.21,-74.67,25.58
35.21,-74.65,25.65
35.21,-74.63,25.64
35.21,-74.61,25.66
35.21,-74.59,25.7
35.21,-74.57,25.73
35.21,-74.55,25.79
35.21,-74.53,25.74
35.21,-74.51,25.68
35.21,-74.49,25.59
35.21,-74.47,25.4
35.21,-74.45,25.33
35.21,-74.43,25.32
35.21,-74.41,25.37
35.21,-74.39,25.5
35.21,-74.37,25.5
35.21,-74.35,25.45
35.21,-74.33,25.42
35.21,-74.31,25.41
35.21,-74.29,25.14
35.21,-74.27,24.98
35.21,-74.25,24.53
35.21,-74.23,24.5
35.21,-74.17,23.3
35.19,-76.59,22.12
35.19,-76.57,22.15
35.19,-76.55,22.12
35.19,-76.51,21.27
35.19,-76.49,20.98
35.19,-76.47,21.01
35.19,-76.45,20.93
35.19,-76.43,20.88
35.19,-76.41,20.83
35.19,-76.39,20.75
35.19,-76.37,20.67
35.19,-76.35,20.69
35.19,-76.33,20.71
35.19,-76.31,20.67
35.19,-76.29,20.61
35.19,-76.27,20.53
35.19,-76.25,20.46
35.19,-76.23,20.5
35.19,-76.21,20.49
35.19,-76.19,20.44
35.19,-76.17,20.46
35.19,-76.15,20.49
35.19,-76.13,20.53
35.19,-76.11,20.54
35.19,-76.09,20.56
35.19,-76.07,20.52
35.19,-76.05,20.26
35.19,-76.03,20.25
35.19,-76.01,20.22
35.19,-75.99,20.11
35.19,-75.97,20.17
35.19,-75.95,20.11
35.19,-75.93,20.16
35.19,-75.91,20.27
35.19,-75.89,20.24
35.19,-75.87,20.24
35.19,-75.81,20.68
35.19,-75.79,20.67
35.19,-75.77,20.55
35.19,-75.75,20.55
35.19,-75.73,20.97
35.19,-75.71,19.81
35.19,-75.69,19.94
35.19,-75.67,19.99
35.19,-75.65,20.0
35.19,-75.63,20.02
35.19,-75.61,20.04
35.19,-75.59,20.07
35.19,-75.57,20.0
35.19,-75.55,20.0
35.19,-75.53,19.98
35.19,-75.51,19.99
35.19,-75.49,20.09
35.19,-75.47,20.07
35.19,-75.45,20.08
35.19,-75.43,20.23
35.19,-75.41,20.31
35.19,-75.39,21.21
35.19,-75.37,21.9
35.19,-75.35,22.31
35.19,-75.33,22.6
35.19,-75.31,22.63
35.19,-75.29,22.67
35.19,-75.27,23.05
35.19,-75.25,23.24
35.19,-75.23,23.27
35.19,-75.21,23.48
35.19,-75.19,23.63
35.19,-75.17,23.68
35.19,-75.15,23.84
35.19,-75.13,23.93
35.19,-75.11,24.18
35.19,-75.09,24.29
35.19,-75.07,24.6
35.19,-75.05,25.11
35.19,-75.03,25.23
35.19,-75.01,25.33
35.19,-74.99,25.41
35.19,-74.97,25.51
35.19,-74.95,25.54
35.19,-74.93,25.58
35.19,-74.91,25.64
35.19,-74.89,25.65
35.19,-74.87,25.62
35.19,-74.85,25.63
35.19,-74.83,25.66
35.19,-74.81,25.68
35.19,-74.79,25.7
35.19,-74.77,25.7
35.19,-74.75,25.68
35.19,-74.73,25.66
35.19,-74.71,25.66
35.19,-74.69,25.65
35.19,-74.67,25.62
35.19,-74.65,25.68
35.19,-74.63,25.67
35.19,-74.61,25.65
35.19,-74.59,25.63
35.19,-74.57,25.62
35.19,-74.55,25.66
35.19,-74.53,25.61
35.19,-74.51,25.43
35.19,-74.49,25.4
35.19,-74.47,25.35
35.19,-74.45,25.31
35.19,-74.43,25.4
35.19,-74.41,25.45
35.19,-74.39,25.4
35.19,-74.37,25.36
35.19,-74.35,25.41
35.19,-74.33,25.46
35.19,-74.31,25.12
35.19,-74.29,24.95
35.19,-74.27,24.79
35.19,-74.25,24.55
35.19,-74.23,24.21
35.17,-76.61,22.1
35.17,-76.59,22.17
35.17,-76.55,21.69
35.17,-76.53,21.4
35.17,-76.51,21.25
35.17,-76.49,21.04
35.17,-76.47,20.92
35.17,-76.45,20.85
35.17,-76.43,20.84
35.17,-76.41,20.8
35.17,-76.39,20.75
35.17,-76.37,20.57
35.17,-76.35,20.53
35.17,-76.33,20.64
35.17,-76.31,20.6
35.17,-76.29,20.54
35.17,-76.27,20.52
35.17,-76.25,20.49
35.17,-76.23,20.5
35.17,-76.21,20.52
35.17,-76.19,20.48
35.17,-76.17,20.45
35.17,-76.15,20.71
35.17,-76.13,20.63
35.17,-76.11,20.6
35.17,-76.09,20.6
35.17,-76.07,20.46
35.17,-76.05,20.37
35.17,-76.03,20.29
35.17,-76.01,20.24
35.17,-75.99,20.14
35.17,-75.97,20.06
35.17,-75.95,20.09
35.17,-75.93,20.21
35.17,-75.91,20.3
35.17,-75.89,20.18
35.17,-75.87,19.94
35.17,-75.85,19.94
35.17,-75.77,19.87
35.17,-75.75,19.9
35.17,-75.73,19.66
35.17,-75.71,19.73
35.17,-75.69,19.83
35.17,-75.67,19.94
35.17,-75.65,20.01
35.17,-75.63,20.0
35.17,-75.61,20.07
35.17,-75.59,20.18
35.17,-75.57,20.17
35.17,-75.55,20.1
35.17,-75.53,20.04
35.17,-75.51,20.03
35.17,-75.49,20.03
35.17,-75.47,20.15
35.17,-75.45,20.38
35.17,-75.43,20.94
35.17,-75.41,21.44
35.17,-75.39,21.86
35.17,-75.37,22.06
35.17,-75.35,22.31
35.17,-75.33,22.47
35.17,-75.31,22.56
35.17,-75.29,22.64
35.17,-75.27,23.07
35.17,-75.25,23.48
35.17,-75.23,23.65
35.17,-75.21,23.68
35.17,-75.19,23.67
35.17,-75.17,23.68
35.17,-75.15,23.78
35.17,-75.13,24.14
35.17,-75.11,24.29
35.17,-75.09,24.39
35.17,-75.07,24.9
35.17,-75.05,25.27
35.17,-75.03,25.24
35.17,-75.01,25.31
35.17,-74.99,25.38
35.17,-74.97,25.43
35.17,-74.95,25.42
35.17,-74.93,25.41
35.17,-74.91,25.48
35.17,-74.89,25.5
35.17,-74.87,25.55
35.17,-74.85,25.58
35.17,-74.83,25.65
35.17,-74.81,25.67
35.17,-74.79,25.7
35.17,-74.77,25.65
35.17,-74.75,25.74
35.17,-74.73,25.68
35.17,-74.71,25.74
35.17,-74.69,25.73
35.17,-74.67,25.74
35.17,-74.65,25.79
35.17,-74.63,25.8
35.17,-74.61,25.71
35.17,-74.59,25.62
35.17,-74.57,25.65
35.17,-74.55,25.74
35.17,-74.53,25.55
35.17,-74.51,25.36
35.17,-74.49,25.34
35.17,-74.47,25.32
35.17,-74.45,25.38
35.17,-74.43,25.47
35.17,-74.41,25.53
35.17,-74.39,25.46
35.17,-74.37,25.45
35.17,-74.35,25.48
35.17,-74.33,25.24
35.17,-74.31,25.16
35.17,-74.29,24.84
35.17,-74.27,24.75
35.17,-74.25,24.67
35.17,-74.23,24.14
35.17,-73.97,21.03
35.15,-76.53,21.4
35.15,-76.51,21.32
35.15,-76.49,21.28
35.15,-76.47,21.24
35.15,-76.45,21.26
35.15,-76.43,20.86
35.15,-76.41,20.76
35.15,-76.39,20.64
35.15,-76.37,20.56
35.15,-76.35,20.56
35.15,-76.33,20.68
35.15,-76.31,20.61
35.15,-76.29,20.42
35.15,-76.27,20.37
35.15,-76.25,20.37
35.15,-76.23,20.43
35.15,-76.21,20.52
35.15,-76.19,20.51
35.15,-76.17,20.61
35.15,-76.15,20.93
35.15,-76.13,21.02
35.15,-76.11,20.66
35.15,-76.09,20.51
35.15,-76.07,20.38
35.15,-76.05,20.35
35.15,-76.03,20.31
35.15,-76.01,20.23
35.15,-75.99,20.18
35.15,-75.97,20.63
35.15,-75.95,20.81
35.15,-75.93,21.04
35.15,-75.91,21.05
35.15,-75.89,21.03
35.15,-75.85,19.9
35.15,-75.83,19.91
35.15,-75.81,19.94
35.15,-75.79,19.89
35.15,-75.77,19.85
35.15,-75.75,19.98
35.15,-75.73,19.95
35.15,-75.71,19.84
35.15,-75.69,19.86
35.15,-75.67,19.91
35.15,-75.65,20.01
35.15,-75.63,20.15
35.15,-75.61,20.31
35.15,-75.59,20.37
35.15,-75.57,20.64
35.15,-75.55,21.01
35.15,-75.53,21.23
35.15,-75.51,21.23
35.15,-75.49,21.35
35.15,-75.47,21.46
35.15,-75.45,21.55
35.15,-75.43,21.71
35.15,-75.41,21.9
35.15,-75.39,22.1
35.15,-75.37,22.25
35.15,-75.35,22.42
35.15,-75.33,22.48
35.15,-75.31,22.62
35.15,-75.29,22.77
35.15,-75.27,23.38
35.15,-75.25,23.6
35.15,-75.23,23.66
35.15,-75.21,23.74
35.15,-75.19,23.8
35.15,-75.17,23.91
35.15,-75.15,24.14
35.15,-75.13,24.37
35.15,-75.11,25.26
35.15,-75.09,25.43
35.15,-75.07,25.38
35.15,-75.05,25.36
35.15,-75.03,25.4
35.15,-75.01,25.48
35.15,-74.99,25.53
35.15,-74.97,25.43
35.15,-74.95,25.43
35.15,-74.93,25.45
35.15,-74.91,25.58
35.15,-74.89,25.58
35.15,-74.87,25.63
35.15,-74.85,25.63
35.15,-74.83,25.66
35.15,-74.81,25.75
35.15,-74.79,25.77
35.15,-74.77,25.83
35.15,-74.75,25.83
35.15,-74.73,25.84
35.15,-74.71,25.9
35.15,-74.69,25.79
35.15,-74.67,25.73
35.15,-74.65,25.74
35.15,-74.63,25.82
35.15,-74.61,25.85
35.15,-74.59,25.79
35.15,-74.57,25.78
35.15,-74.55,25.81
35.15,-74.53,25.43
35.15,-74.51,25.46
35.15,-74.49,25.49
35.15,-74.47,25.45
35.15,-74.45,25.46
35.15,-74.43,25.49
35.15,-74.41,25.44
35.15,-74.39,25.27
35.15,-74.37,25.28
35.15,-74.35,25.24
35.15,-74.33,25.21
35.15,-74.31,24.92
35.15,-74.29,24.82
35.15,-74.05,21.25
35.13,-76.55,21.43
35.13,-76.51,21.17
35.13,-76.49,21.2
35.13,-76.47,21.27
35.13,-76.45,21.12
35.13,-76.43,21.05
35.13,-76.41,20.93
35.13,-76.39,20.72
35.13,-76.37,20.71
35.13,-76.35,20.72
35.13,-76.33,20.74
35.13,-76.31,20.64
35.13,-76.29,20.42
35.13,-76.27,20.36
35.13,-76.25,20.44
35.13,-76.23,20.54
35.13,-76.21,20.53
35.13,-76.19,20.6
35.13,-76.17,20.62
35.13,-76.15,20.61
35.13,-76.13,20.84
35.13,-76.11,20.82
35.13,-76.09,20.69
35.13,-76.07,20.46
35.13,-76.05,20.27
35.13,-76.03,20.32
35.13,-76.01,20.33
35.13,-75.99,20.92
35.13,-75.97,21.21
35.13,-75.95,21.65
35.13,-75.87,19.69
35.13,-75.85,19.8
35.13,-75.83,19.84
35.13,-75.81,19.85
35.13,-75.79,19.85
35.13,-75.77,19.9
35.13,-75.75,19.88
35.13,-75.73,19.84
35.13,-75.71,19.8
35.13,-75.69,19.86
35.13,-75.67,19.96
35.13,-75.65,20.1
35.13,-75.63,20.23
35.13,-75.61,20.28
35.13,-75.59,20.41
35.13,-75.57,20.76
35.13,-75.55,21.24
35.13,-75.53,21.83
35.13,-75.51,22.02
35.13,-75.49,22.04
35.13,-75.47,22.04
35.13,-75.45,22.21
35.13,-75.43,22.21
35.13,-75.41,22.24
35.13,-75.39,22.26
35.13,-75.37,22.29
35.13,-75.35,22.38
35.13,-75.33,22.6
35.13,-75.31,22.68
35.13,-75.29,23.2
35.13,-75.27,23.75
35.13,-75.25,23.76
35.13,-75.23,23.75
35.13,-75.21,23.7
35.13,-75.19,23.85
35.13,-75.17,24.09
35.13,-75.15,25.16
35.13,-75.13,25.25
35.13,-75.11,25.41
35.13,-75.09,25.5
35.13,-75.07,25.59
35.13,-75.05,25.64
35.13,-75.03,25.5
35.13,-75.01,25.49
35.13,-74.99,25.52
35.13,-74.97,25.54
35.13,-74.95,25.66
35.13,-74.93,25.74
35.13,-74.91,25.64
35.13,-74.89,25.69
35.13,-74.87,25.69
35.13,-74.85,25.71
35.13,-74.83,25.69
35.13,-74.81,25.73
35.13,-74.79,25.76
35.13,-74.77,25.71
35.13,-74.75,25.69
35.13,-74.73,25.7
35.13,-74.71,25.69
35.13,-74.69,25.68
35.13,-74.67,25.62
35.13,-74.65,25.63
35.13,-74.63,25.81
35.13,-74.61,25.83
35.13,-74.59,25.82
35.13,-74.57,25.74
35.13,-74.55,25.43
35.13,-74.53,25.32
35.13,-74.51,25.34
35.13,-74.49,25.35
35.13,-74.47,25.36
35.13,-74.45,25.48
35.13,-74.43,25.42
35.13,-74.41,25.26
35.13,-74.39,25.26
35.13,-74.37,25.33
35.13,-74.35,25.28
35.13,-74.33,25.19
35.13,-74.01,20.99
35.13,-73.99,20.88
35.13,-73.97,20.82
35.13,-73.95,20.74
35.13,-73.89,20.47
35.11,-76.55,21.28
35.11,-76.53,21.05
35.11,-76.51,20.94
35.11,-76.49,21.01
35.11,-76.47,21.05
35.11,-76.45,21.07
35.11,-76.43,21.09
35.11,-76.41,20.89
35.11,-76.39,20.84
35.11,-76.37,20.84
35.11,-76.35,20.79
35.11,-76.33,20.79
35.11,-76.31,20.73
35.11,-76.29,20.6
35.11,-76.27,20.65
35.11,-76.25,20.7
35.11,-76.23,20.77
35.11,-76.21,20.84
35.11,-76.19,20.8
35.11,-76.17,20.67
35.11,-76.15,20.52
35.11,-76.13,20.49
35.11,-76.11,20.56
35.11,-76.09,20.75
35.11,-76.07,20.77
35.11,-76.05,20.61
35.11,-76.03,20.62
35.11,-76.01,20.44
35.11,-75.93,20.21
35.11,-75.91,19.78
35.11,-75.87,19.72
35.11,-75.85,19.81
35.11,-75.83,19.92
35.11,-75.81,19.95
35.11,-75.79,19.86
35.11,-75.77,19.9
35.11,-75.75,20.0
35.11,-75.73,20.11
35.11,-75.71,20.18
35.11,-75.69,20.2
35.11,-75.67,20.37
35.11,-75.65,20.53
35.11,-75.63,21.2
35.11,-75.61,21.19
35.11,-75.59,21.25
35.11,-75.57,21.39
35.11,-75.55,21.75
35.11,-75.53,22.1
35.11,-75.51,22.24
35.11,-75.49,22.33
35.11,-75.47,22.47
35.11,-75.45,22.67
35.11,-75.43,22.72
35.11,-75.41,22.62
35.11,-75.39,22.54
35.11,-75.37,22.43
35.11,-75.35,22.51
35.11,-75.33,22.71
35.11,-75.31,23.0
35.11,-75.29,23.57
35.11,-75.27,23.74
35.11,-75.25,23.92
35.11,-75.23,24.08
35.11,-75.21,24.42
35.11,-75.19,25.24
35.11,-75.17,25.39
35.11,-75.15,25.53
35.11,-75.13,25.52
35.11,-75.11,25.63
35.11,-75.09,25.66
35.11,-75.07,25.67
35.11,-75.05,25.63
35.11,-75.03,25.61
35.11,-75.01,25.61
35.11,-74.99,25.65
35.11,-74.97,25.61
35.11,-74.95,25.6
35.11,-74.93,25.62
35.11,-74.91,25.62
35.11,-74.89,25.69
35.11,-74.87,25.71
35.11,-74.85,25.68
35.11,-74.83,25.66
35.11,-74.81,25.66
35.11,-74.79,25.67
35.11,-74.77,25.61
35.11,-74.75,25.66
35.11,-74.73,25.68
35.11,-74.71,25.71
35.11,-74.69,25.61
35.11,-74.67,25.56
35.11,-74.65,25.59
35.11,-74.63,25.78
35.11,-74.61,25.8
35.11,-74.59,25.79
35.11,-74.57,25.48
35.11,-74.55,25.42
35.11,-74.53,25.38
35.11,-74.51,25.36
35.11,-74.49,25.2
35.11,-74.47,25.23
35.11,-74.45,25.3
35.11,-74.43,25.34
35.11,-74.41,25.33
35.11,-74.39,25.32
35.11,-74.37,25.35
35.11,-74.35,25.31
35.11,-74.33,25.18
35.11,-74.29,24.09
35.11,-74.27,23.39
35.11,-74.25,22.85
35.11,-74.23,22.84
35.11,-74.09,21.3
35.11,-74.07,21.24
35.11,-74.05,21.17
35.11,-74.03,21.06
35.11,-73.99,20.79
35.11,-73.97,20.77
35.11,-73.95,20.73
35.11,-73.93,20.44
35.11,-73.91,20.44
35.11,-73.89,20.45
35.11,-73.87,20.45
35.09,-76.59,21.32
35.09,-76.57,21.32
35.09,-76.55,21.23
35.09,-76.53,20.98
35.09,-76.51,20.79
35.09,-76.49,21.12
35.09,-76.47,21.17
35.09,-76.45,21.13
35.09,-76.43,21.08
35.09,-76.41,20.98
35.09,-76.39,21.0
35.09,-76.37,20.97
35.09,-76.35,20.93
35.09,-76.33,21.02
35.09,-76.31,20.88
35.09,-76.29,20.81
35.09,-76.27,20.74
35.09,-76.25,20.77
35.09,-76.23,20.85
35.09,-76.21,20.99
35.09,-76.19,20.81
35.09,-76.17,20.69
35.09,-76.15,20.62
35.09,-76.13,20.72
35.09,-76.11,20.76
35.09,-76.09,20.86
35.09,-76.07,20.92
35.09,-76.05,20.91
35.09,-76.03,20.91
35.09,-76.01,20.93
35.09,-75.95,20.16
35.09,-75.93,20.18
35.09,-75.87,20.29
35.09,-75.85,20.28
35.09,-75.83,20.31
35.09,-75.81,20.31
35.09,-75.79,20.21
35.09,-75.77,20.24
35.09,-75.75,20.24
35.09,-75.73,20.29
35.09,-75.71,20.3
35.09,-75.69,20.29
35.09,-75.67,20.41
35.09,-75.65,20.89
35.09,-75.63,21.35
35.09,-75.61,21.78
35.09,-75.59,21.48
35.09,-75.57,21.57
35.09,-75.55,22.32
35.09,-75.53,22.36
35.09,-75.51,22.49
35.09,-75.49,22.79
35.09,-75.47,22.77
35.09,-75.45,22.78
35.09,-75.43,22.82
35.09,-75.41,22.81
35.09,-75.39,22.66
35.09,-75.37,22.64
35.09,-75.35,22.68
35.09,-75.33,22.94
35.09,-75.31,23.36
35.09,-75.29,23.65
35.09,-75.27,23.96
35.09,-75.25,25.02
35.09,-75.23,25.53
35.09,-75.21,25.55
35.09,-75.19,25.55
35.09,-75.17,25.47
35.09,-75.15,25.47
35.09,-75.13,25.52
35.09,-75.11,25.56
35.09,-75.09,25.59
35.09,-75.07,25.63
35.09,-75.05,25.59
35.09,-75.03,25.55
35.09,-75.01,25.59
35.09,-74.99,25.62
35.09,-74.97,25.59
35.09,-74.95,25.59
35.09,-74.93,25.58
35.09,-74.91,25.61
35.09,-74.89,25.6
35.09,-74.87,25.68
35.09,-74.85,25.54
35.09,-74.83,25.55
35.09,-74.81,25.58
35.09,-74.79,25.58
35.09,-74.77,25.57
35.09,-74.75,25.61
35.09,-74.73,25.61
35.09,-74.71,25.61
35.09,-74.69,25.61
35.09,-74.67,25.57
35.09,-74.65,25.56
35.09,-74.63,25.52
35.09,-74.61,25.5
35.09,-74.59,25.46
35.09,-74.57,25.45
35.09,-74.55,25.43
35.09,-74.53,25.42
35.09,-74.51,25.2
35.09,-74.49,25.18
35.09,-74.47,25.19
35.09,-74.45,25.31
35.09,-74.43,25.33
35.09,-74.41,25.26
35.09,-74.39,25.2
35.09,-74.37,25.19
35.09,-74.35,25.14
35.09,-74.29,24.06
35.09,-74.27,23.6
35.09,-74.25,22.87
35.09,-74.23,22.82
35.07,-76.59,21.37
35.07,-76.57,21.25
35.07,-76.55,21.11
35.07,-76.53,21.08
35.07,-76.51,21.06
35.07,-76.49,21.22
35.07,-76.45,21.42
35.07,-76.43,21.48
35.07,-76.41,21.25
35.07,-76.39,21.19
35.07,-76.37,21.1
35.07,-76.35,21.15
35.07,-76.33,21.16
35.07,-76.31,21.2
35.07,-76.29,21.19
35.07,-76.27,20.95
35.07,-76.25,20.95
35.07,-76.23,20.96
35.07,-76.21,20.92
35.07,-76.19,20.86
35.07,-76.17,20.78
35.07,-76.15,20.74
35.07,-76.13,20.93
35.07,-76.11,20.9
35.07,-76.09,20.91
35.07,-76.03,20.96
35.07,-75.99,20.58
35.07,-75.97,20.36
35.07,-75.87,20.79
35.07,-75.85,20.88
35.07,-75.83,20.84
35.07,-75.81,20.84
35.07,-75.79,20.83
35.07,-75.77,20.5
35.07,-75.75,20.3
35.07,-75.73,20.37
35.07,-75.71,20.45
35.07,-75.69,20.64
35.07,-75.67,20.99
35.07,-75.65,21.38
35.07,-75.63,21.81
35.07,-75.61,22.06
35.07,-75.59,22.31
35.07,-75.57,22.4
35.07,-75.55,22.48
35.07,-75.53,22.56
35.07,-75.51,22.83
35.07,-75.49,22.66
35.07,-75.47,22.74
35.07,-75.45,22.78
35.07,-75.43,22.69
35.07,-75.41,22.73
35.07,-75.39,22.78
35.07,-75.37,23.08
35.07,-75.35,23.32
35.07,-75.33,23.56
35.07,-75.31,23.6
35.07,-75.29,24.08
35.07,-75.27,25.03
35.07,-75.25,25.39
35.07,-75.23,25.49
35.07,-75.21,25.49
35.07,-75.19,25.54
35.07,-75.17,25.57
35.07,-75.15,25.56
35.07,-75.13,25.53
35.07,-75.11,25.52
35.07,-75.09,25.52
35.07,-75.07,25.55
35.07,-75.05,25.57
35.07,-75.03,25.55
35.07,-75.01,25.53
35.07,-74.99,25.53
35.07,-74.97,25.55
35.07,-74.95,25.52
35.07,-74.93,25.54
35.07,-74.91,25.54
35.07,-74.89,25.53
35.07,-74.87,25.46
35.07,-74.85,25.45
35.07,-74.83,25.45
35.07,-74.81,25.45
35.07,-74.79,25.47
35.07,-74.77,25.47
35.07,-74.75,25.5
35.07,-74.73,25.52
35.07,-74.71,25.54
35.07,-74.65,25.51
35.07,-74.63,25.49
35.07,-74.61,25.57
35.07,-74.59,25.59
35.07,-74.57,25.5
35.07,-74.55,25.43
35.07,-74.53,25.18
35.07,-74.51,25.16
35.07,-74.49,25.17
35.07,-74.47,25.36
35.07,-74.45,25.35
35.07,-74.43,25.29
35.07,-74.41,25.26
35.07,-74.39,25.4
35.07,-74.37,25.19
35.07,-74.35,24.82
35.07,-74.33,24.71
35.07,-74.31,24.28
35.07,-74.29,24.07
35.07,-74.27,23.62
35.07,-74.25,23.3
35.05,-76.99,22.67
35.05,-76.97,22.61
35.05,-76.95,22.63
35.05,-76.63,21.63
35.05,-76.61,21.23
35.05,-76.59,21.23
35.05,-76.57,21.1
35.05,-76.55,21.08
35.05,-76.53,21.05
35.05,-76.51,21.08
35.05,-76.49,21.17
35.05,-76.47,21.32
35.05,-76.41,21.13
35.05,-76.39,21.11
35.05,-76.37,21.16
35.05,-76.35,21.21
35.05,-76.33,21.25
35.05,-76.31,21.27
35.05,-76.29,21.23
35.05,-76.27,21.21
35.05,-76.25,21.09
35.05,-76.23,21.07
35.05,-76.21,20.96
35.05,-76.19,20.93
35.05,-76.17,20.91
35.05,-76.15,20.85
35.05,-76.13,20.87
35.05,-76.11,21.17
35.05,-76.09,21.19
35.05,-75.89,20.8
35.05,-75.87,21.06
35.05,-75.85,21.15
35.05,-75.83,21.19
35.05,-75.81,21.37
35.05,-75.79,21.42
35.05,-75.77,21.55
35.05,-75.75,21.66
35.05,-75.73,21.47
35.05,-75.71,21.36
35.05,-75.69,21.26
35.05,-75.67,21.43
35.05,-75.65,21.82
35.05,-75.63,22.09
35.05,-75.61,22.44
35.05,-75.59,22.57
35.05,-75.57,22.49
35.05,-75.55,22.55
35.05,-75.53,22.6
35.05,-75.51,22.64
35.05,-75.49,22.73
35.05,-75.47,22.79
35.05,-75.45,22.75
35.05,-75.43,22.74
35.05,-75.41,22.92
35.05,-75.39,23.22
35.05,-75.37,23.44
35.05,-75.35,23.58
35.05,-75.33,23.82
35.05,-75.31,24.39
35.05,-75.29,25.02
35.05,-75.27,25.38
35.05,-75.25,25.4
35.05,-75.23,25.5
35.05,-75.21,25.57
35.05,-75.19,25.6
35.05,-75.17,25.62
35.05,-75.15,25.71
35.05,-75.13,25.69
35.05,-75.11,25.6
35.05,-75.09,25.55
35.05,-75.07,25.55
35.05,-75.05,25.56
35.05,-75.03,25.51
35.05,-75.01,25.53
35.05,-74.99,25.53
35.05,-74.97,25.52
35.05,-74.95,25.48
35.05,-74.93,25.45
35.05,-74.91,25.46
35.05,-74.89,25.48
35.05,-74.87,25.43
35.05,-74.85,25.43
35.05,-74.83,25.43
35.05,-74.81,25.46
35.05,-74.75,25.43
35.05,-74.71,25.43
35.05,-74.69,25.47
35.05,-74.67,25.48
35.05,-74.65,25.48
35.05,-74.63,25.46
35.05,-74.61,25.43
35.05,-74.59,25.4
35.05,-74.57,25.51
35.05,-74.55,25.36
35.05,-74.53,25.18
35.05,-74.51,25.14
35.05,-74.45,25.11
35.05,-74.43,25.12
35.05,-74.41,25.11
35.05,-74.39,25.39
35.05,-74.37,25.08
35.05,-74.35,24.84
35.05,-74.33,24.68
35.05,-74.31,24.3
35.05,-74.29,23.75
35.05,-74.27,23.65
35.03,-76.97,22.59
35.03,-76.95,22.57
35.03,-76.93,22.29
35.03,-76.67,21.43
35.03,-76.65,21.45
35.03,-76.63,21.35
35.03,-76.61,21.17
35.03,-76.59,21.13
35.03,-76.57,21.04
35.03,-76.55,20.97
35.03,-76.53,20.97
35.03,-76.51,21.1
35.03,-76.41,21.36
35.03,-76.39,21.37
35.03,-76.37,21.54
35.03,-76.35,21.87
35.03,-76.33,21.25
35.03,-76.31,21.19
35.03,-76.29,21.27
35.03,-76.27,21.32
35.03,-76.25,21.28
35.03,-76.23,21.23
35.03,-76.21,21.0
35.03,-76.19,20.94
35.03,-76.17,20.92
35.03,-76.15,20.88
35.03,-76.13,20.88
35.03,-75.91,20.74
35.03,-75.89,20.97
35.03,-75.87,21.16
35.03,-75.85,21.22
35.03,-75.83,21.29
35.03,-75.81,21.51
35.03,-75.79,21.66
35.03,-75.77,21.76
35.03,-75.75,21.95
35.03,-75.73,21.97
35.03,-75.71,21.67
35.03,-75.69,21.64
35.03,-75.67,21.78
35.03,-75.65,21.99
35.03,-75.63,22.14
35.03,-75.61,22.5
35.03,-75.59,22.75
35.03,-75.57,22.81
35.03,-75.55,22.72
35.03,-75.53,22.64
35.03,-75.51,22.56
35.03,-75.49,22.61
35.03,-75.47,22.88
35.03,-75.45,22.99
35.03,-75.43,23.14
35.03,-75.41,23.19
35.03,-75.39,23.35
35.03,-75.37,23.54
35.03,-75.35,24.13
35.03,-75.33,24.83
35.03,-75.31,25.15
35.03,-75.29,25.32
35.03,-75.27,25.36
35.03,-75.25,25.09
35.03,-75.23,25.41
35.03,-75.21,25.59
35.03,-75.19,25.59
35.03,-75.17,25.59
35.03,-75.15,25.62
35.03,-75.13,25.67
35.03,-75.11,25.57
35.03,-75.09,25.49
35.03,-75.07,25.49
35.03,-75.05,25.47
35.03,-75.03,25.42
35.03,-75.01,25.42
35.03,-74.99,25.44
35.03,-74.97,25.56
35.03,-74.95,25.55
35.03,-74.93,25.52
35.03,-74.91,25.55
35.03,-74.89,25.53
35.03,-74.87,25.48
35.03,-74.85,25.44
35.03,-74.83,25.41
35.03,-74.81,25.41
35.03,-74.79,25.37
35.03,-74.75,25.46
35.03,-74.73,25.44
35.03,-74.65,25.42
35.03,-74.63,25.39
35.03,-74.61,25.38
35.03,-74.59,25.38
35.03,-74.57,25.4
35.03,-74.55,25.37
35.03,-74.49,25.37
35.03,-74.47,25.33
35.03,-74.45,25.22
35.03,-74.43,25.19
35.03,-74.41,25.11
35.03,-74.39,25.12
35.03,-74.37,24.9
35.03,-74.35,24.75
35.03,-74.33,24.48
35.03,-74.31,24.24
35.03,-74.29,23.69
35.03,-74.09,21.15
35.01,-76.97,22.3
35.01,-76.95,22.2
35.01,-76.93,22.17
35.01,-76.91,21.98
35.01,-76.89,21.89
35.01,-76.69,21.45
35.01,-76.67,21.36
35.01,-76.65,21.31
35.01,-76.63,21.19
35.01,-76.61,21.13
35.01,-76.59,21.2
35.01,-76.57,21.19
35.01,-76.55,21.15
35.01,-76.53,21.15
35.01,-76.51,21.19
35.01,-76.43,21.44
35.01,-76.41,21.44
35.01,-76.39,21.48
35.01,-76.37,21.54
35.01,-76.35,21.59
35.01,-76.27,21.36
35.01,-76.25,21.32
35.01,-76.23,21.27
35.01,-76.21,20.95
35.01,-76.19,21.29
35.01,-76.17,21.32
35.01,-76.15,21.36
35.01,-75.91,20.91
35.01,-75.89,21.19
35.01,-75.87,21.4
35.01,-75.85,21.73
35.01,-75.83,21.84
35.01,-75.81,21.84
35.01,-75.79,21.77
35.01,-75.77,21.78
35.01,-75.75,21.94
35.01,-75.73,21.99
35.01,-75.71,22.04
35.01,-75.69,21.81
35.01,-75.67,21.95
35.01,-75.65,22.09
35.01,-75.63,22.35
35.01,-75.61,22.55
35.01,-75.59,22.78
35.01,-75.57,22.8
35.01,-75.55,22.76
35.01,-75.53,22.79
35.01,-75.51,22.77
35.01,-75.49,22.77
35.01,-75.47,22.93
35.01,-75.45,23.12
35.01,-75.43,23.3
35.01,-75.41,23.43
35.01,-75.39,23.51
35.01,-75.37,24.39
35.01,-75.35,24.63
35.01,-75.33,24.97
35.01,-75.31,25.26
35.01,-75.29,25.34
35.01,-75.27,25.36
35.01,-75.25,25.13
35.01,-75.23,25.37
35.01,-75.21,25.5
35.01,-75.19,25.59
35.01,-75.17,25.62
35.01,-75.15,25.59
35.01,-75.13,25.69
35.01,-75.11,25.76
35.01,-75.09,25.51
35.01,-75.07,25.53
35.01,-75.05,25.48
35.01,-75.03,25.44
35.01,-74.85,25.44
35.01,-74.83,25.42
35.01,-74.53,25.34
35.01,-74.51,25.33
35.01,-74.49,25.37
35.01,-74.47,25.37
35.01,-74.45,25.3
35.01,-74.43,25.3
35.01,-74.41,25.42
35.01,-74.39,25.08
35.01,-74.37,24.85
35.01,-74.35,24.68
35.01,-74.33,24.19
35.01,-74.31,23.89
35.01,-74.29,23.45
35.01,-74.09,21.14
34.99,-76.95,22.2
34.99,-76.93,21.99
34.99,-76.91,21.72
34.99,-76.89,21.78
34.99,-76.87,21.76
34.99,-76.85,21.71
34.99,-76.75,21.44
34.99,-76.73,21.5
34.99,-76.71,21.48
34.99,-76.69,21.35
34.99,-76.67,21.35
34.99,-76.65,21.36
34.99,-76.63,21.18
34.99,-76.61,21.24
34.99,-76.59,21.28
34.99,-76.41,21.57
34.99,-76.39,21.51
34.99,-76.37,21.43
34.99,-76.35,21.64
34.99,-76.29,21.94
34.99,-76.23,21.53
34.99,-76.21,21.27
34.99,-76.19,21.34
34.99,-76.17,21.33
34.99,-75.93,21.16
34.99,-75.91,21.16
34.99,-75.89,21.44
34.99,-75.87,21.55
34.99,-75.85,21.86
34.99,-75.83,22.11
34.99,-75.81,22.27
34.99,-75.79,22.08
34.99,-75.77,22.08
34.99,-75.75,22.18
34.99,-75.73,22.22
34.99,-75.71,22.2
34.99,-75.69,22.2
34.99,-75.67,22.09
34.99,-75.65,22.34
34.99,-75.63,22.51
34.99,-75.61,22.61
34.99,-75.59,22.76
34.99,-75.57,22.8
34.99,-75.55,22.85
34.99,-75.53,22.91
34.99,-75.51,22.72
34.99,-75.49,22.88
34.99,-75.47,23.11
34.99,-75.45,23.23
34.99,-75.43,23.34
34.99,-75.41,23.63
34.99,-75.39,24.47
34.99,-75.37,24.93
34.99,-75.35,24.93
34.99,-75.33,25.33
34.99,-75.31,25.33
34.99,-75.29,25.24
34.99,-75.25,25.66
34.99,-75.23,25.65
34.99,-75.21,25.49
34.99,-75.15,25.66
34.99,-75.13,25.8
34.99,-75.11,25.83
34.99,-74.85,25.42
34.99,-74.47,25.29
34.99,-74.45,25.26
34.99,-74.43,25.29
34.99,-74.41,25.19
34.99,-74.39,24.96
34.99,-74.31,23.91
34.97,-76.91,21.74
34.97,-76.89,21.71
34.97,-76.87,21.63
34.97,-76.85,21.73
34.97,-76.83,21.85
34.97,-76.79,21.88
34.97,-76.77,21.82
34.97,-76.75,21.46
34.97,-76.73,21.46
34.97,-76.71,21.47
34.97,-76.69,21.46
34.97,-76.43,21.78
34.97,-76.41,21.76
34.97,-76.39,21.59
34.97,-76.27,21.45
34.97,-76.25,21.4
34.97,-76.23,21.31
34.97,-76.21,21.45
34.97,-76.19,21.65
34.97,-75.93,21.21
34.97,-75.91,21.28
34.97,-75.89,21.46
34.97,-75.87,21.57
34.97,-75.85,21.83
34.97,-75.83,22.13
34.97,-75.81,22.32
34.97,-75.79,22.37
34.97,-75.77,22.4
34.97,-75.75,22.52
34.97,-75.73,22.6
34.97,-75.71,22.53
34.97,-75.69,22.38
34.97,-75.67,22.36
34.97,-75.65,22.6
34.97,-75.63,22.66
34.97,-75.61,22.79
34.97,-75.59,22.85
34.97,-75.57,22.85
34.97,-75.55,22.85
34.97,-75.53,22.85
34.97,-75.51,22.87
34.97,-75.49,23.04
34.97,-75.47,23.3
34.97,-75.45,23.33
34.97,-75.43,23.46
34.97,-75.41,24.85
34.97,-75.39,25.07
34.97,-75.37,25.34
34.97,-75.35,25.36
34.97,-75.33,25.34
34.97,-75.31,25.38
34.97,-75.29,25.64
34.97,-75.27,25.63
34.97,-75.25,25.65
34.97,-75.23,25.67
34.97,-75.21,25.67
34.97,-75.09,25.86
34.97,-75.07,25.83
34.97,-75.05,25.87
34.97,-75.03,25.94
34.95,-76.89,21.83
34.95,-76.87,21.86
34.95,-76.85,21.86
34.95,-76.83,21.89
34.95,-76.81,21.92
34.95,-76.79,21.82
34.95,-76.77,21.67
34.95,-76.75,21.52
34.95,-76.73,21.59
34.95,-76.27,21.46
34.95,-76.25,21.39
34.95,-76.23,21.28
34.95,-76.21,21.29
34.95,-76.19,21.44
34.95,-75.93,21.25
34.95,-75.91,21.31
34.95,-75.89,21.37
34.95,-75.87,21.67
34.95,-75.85,21.91
34.95,-75.83,22.25
34.95,-75.81,22.47
34.95,-75.79,22.67
34.95,-75.77,22.73
34.95,-75.75,22.79
34.95,-75.73,22.79
34.95,-75.71,22.8
34.95,-75.69,22.73
34.95,-75.67,22.68
34.95,-75.65,22.73
34.95,-75.63,22.79
34.95,-75.61,22.9
34.95,-75.59,22.9
34.95,-75.57,22.84
34.95,-75.55,22.83
34.95,-75.53,23.09
34.95,-75.51,22.98
34.95,-75.49,23.09
34.95,-75.47,23.44
34.95,-75.45,23.53
34.95,-75.43,25.01
34.95,-75.41,25.17
34.95,-75.39,25.24
34.95,-75.37,25.25
34.95,-75.35,25.28
34.95,-75.33,25.34
34.95,-75.31,25.39
34.95,-75.29,25.63
34.95,-75.27,25.57
34.95,-75.25,25.59
34.95,-75.23,25.64
34.95,-75.05,25.93
34.95,-75.03,25.91
34.95,-75.01,25.7
34.95,-74.99,25.71
34.93,-76.77,21.66
34.93,-76.75,21.68
34.93,-76.73,21.76
34.93,-76.33,21.68
34.93,-76.29,21.67
34.93,-76.27,21.62
34.93,-76.25,21.48
34.93,-76.23,21.43
34.93,-75.93,21.38
34.93,-75.91,21.43
34.93,-75.89,21.58
34.93,-75.87,21.91
34.93,-75.85,22.22
34.93,-75.83,22.23
34.93,-75.81,22.71
34.93,-75.79,22.76
34.93,-75.77,22.85
34.93,-75.75,22.91
34.93,-75.73,22.94
34.93,-75.71,22.93
34.93,-75.69,22.93
34.93,-75.67,22.95
34.93,-75.65,22.93
34.93,-75.63,22.89
34.93,-75.61,22.86
34.93,-75.59,22.9
34.93,-75.57,22.85
34.93,-75.55,22.81
34.93,-75.53,22.89
34.93,-75.51,22.91
34.93,-75.49,23.21
34.93,-75.47,23.99
34.93,-75.45,24.99
34.93,-75.43,25.09
34.93,-75.41,25.26
34.93,-75.39,25.25
34.93,-75.37,25.18
34.93,-75.35,25.27
34.93,-75.33,25.43
34.93,-75.31,25.67
34.93,-75.29,25.96
34.93,-75.27,25.82
34.93,-75.25,25.73
34.93,-75.23,25.62
34.93,-75.21,25.63
34.93,-75.19,25.66
34.93,-75.01,25.72
34.93,-74.99,25.71
34.93,-74.97,25.67
34.93,-74.95,25.64
34.91,-76.33,21.67
34.91,-76.31,21.65
34.91,-76.29,21.6
34.91,-76.27,21.63
34.91,-76.25,21.62
34.91,-76.03,21.36
34.91,-76.01,21.35
34.91,-75.99,21.43
34.91,-75.97,21.81
34.91,-75.95,21.99
34.91,-75.93,22.21
34.91,-75.91,22.21
34.91,-75.89,22.14
34.91,-75.87,22.24
34.91,-75.85,22.12
34.91,-75.83,22.14
34.91,-75.81,22.64
34.91,-75.79,22.76
34.91,-75.77,22.89
34.91,-75.75,23.02
34.91,-75.73,23.06
34.91,-75.71,23.11
34.91,-75.69,23.13
34.91,-75.67,23.11
34.91,-75.65,23.11
34.91,-75.63,23.06
34.91,-75.61,22.94
34.91,-75.59,22.95
34.91,-75.57,22.96
34.91,-75.55,22.91
34.91,-75.53,23.03
34.91,-75.51,23.46
34.91,-75.49,24.86
34.91,-75.47,25.07
34.91,-75.45,25.09
34.91,-75.43,25.2
34.91,-75.41,25.3
34.91,-75.39,25.12
34.91,-75.37,25.14
34.91,-75.35,25.45
34.91,-75.33,25.55
34.91,-75.31,25.72
34.91,-75.29,25.88
34.91,-75.27,25.94
34.91,-75.25,25.82
34.91,-75.23,25.65
34.91,-75.21,25.62
34.91,-75.19,25.65
34.89,-76.31,21.62
34.89,-76.29,21.5
34.89,-76.05,21.45
34.89,-76.03,21.49
34.89,-76.01,21.61
34.89,-75.99,21.71
34.89,-75.97,22.05
34.89,-75.95,22.26
34.89,-75.93,22.35
34.89,-75.91,22.36
34.89,-75.89,22.44
34.89,-75.87,22.45
34.89,-75.85,22.49
34.89,-75.83,22.54
34.89,-75.81,22.64
34.89,-75.79,22.73
34.89,-75.77,22.96
34.89,-75.75,23.05
34.89,-75.73,23.16
34.89,-75.71,23.22
34.89,-75.69,23.21
34.89,-75.67,23.16
34.89,-75.65,23.09
34.89,-75.63,23.12
34.89,-75.61,22.96
34.89,-75.59,22.88
34.89,-75.57,23.04
34.89,-75.55,23.27
34.89,-75.53,24.17
34.89,-75.51,24.99
34.89,-75.49,25.07
34.89,-75.47,25.18
34.89,-75.45,25.25
34.89,-75.43,25.16
34.89,-75.41,25.15
34.89,-75.39,25.19
34.89,-75.37,25.35
34.89,-75.35,25.5
34.89,-75.33,25.64
34.89,-75.31,25.77
34.89,-75.29,25.81
34.89,-75.27,25.86
34.89,-75.25,25.87
34.89,-75.23,25.9
34.89,-75.21,25.7
34.89,-75.19,25.73
34.89,-75.17,25.75
34.89,-74.83,25.41
34.87,-76.37,21.74
34.87,-76.35,21.52
34.87,-76.33,21.75
34.87,-76.31,21.69
34.87,-76.07,21.67
34.87,-76.05,21.74
34.87,-76.03,21.95
34.87,-76.01,22.12
34.87,-75.99,22.26
34.87,-75.97,22.33
34.87,-75.95,22.43
34.87,-75.93,22.45
34.87,-75.91,22.44
34.87,-75.89,22.47
34.87,-75.87,22.5
34.87,-75.85,22.53
34.87,-75.83,22.61
34.87,-75.81,22.67
34.87,-75.79,22.76
34.87,-75.77,22.95
34.87,-75.75,23.11
34.87,-75.73,23.21
34.87,-75.71,23.26
34.87,-75.69,23.3
34.87,-75.67,23.27
34.87,-75.65,23.2
34.87,-75.63,23.11
34.87,-75.61,23.1
34.87,-75.59,23.19
34.87,-75.57,24.09
34.87,-75.55,24.65
34.87,-75.53,25.09
34.87,-75.51,25.16
34.87,-75.49,25.24
34.87,-75.47,25.26
34.87,-75.45,25.17
34.87,-75.43,25.09
34.87,-75.41,25.17
34.87,-75.39,25.31
34.87,-75.37,25.58
34.87,-75.35,25.6
34.87,-75.33,25.72
34.87,-75.31,25.79
34.87,-75.29,25.82
34.87,-75.27,25.81
34.87,-75.25,25.85
34.87,-75.23,25.84
34.87,-75.21,25.73
34.87,-75.19,25.71
34.87,-75.17,25.72
34.87,-75.15,25.71
34.85,-76.39,22.03
34.85,-76.37,22.0
34.85,-76.35,21.81
34.85,-76.33,21.81
34.85,-76.31,21.09
34.85,-76.15,21.64
34.85,-76.13,21.33
34.85,-76.11,21.59
34.85,-76.09,21.66
34.85,-76.07,22.05
34.85,-76.05,22.18
34.85,-76.03,22.24
34.85,-76.01,22.39
34.85,-75.99,22.44
34.85,-75.97,22.44
34.85,-75.95,22.44
34.85,-75.93,22.46
34.85,-75.91,22.49
34.85,-75.89,22.51
34.85,-75.87,22.53
34.85,-75.85,22.55
34.85,-75.83,22.68
34.85,-75.81,22.73
34.85,-75.79,22.78
34.85,-75.77,22.9
34.85,-75.75,23.03
34.85,-75.73,23.08
34.85,-75.71,23.16
34.85,-75.69,23.31
34.85,-75.67,23.37
34.85,-75.65,23.92
34.85,-75.63,23.8
34.85,-75.61,24.63
34.85,-75.59,24.92
34.85,-75.57,24.96
34.85,-75.55,25.31
34.85,-75.53,25.17
34.85,-75.51,25.12
34.85,-75.49,25.06
34.85,-75.47,24.92
34.85,-75.45,25.03
34.85,-75.43,25.25
34.85,-75.41,25.52
34.85,-75.39,25.63
34.85,-75.37,25.68
34.85,-75.35,25.67
34.85,-75.33,25.68
34.85,-75.31,25.78
34.85,-75.29,25.81
34.85,-75.27,25.8
34.85,-75.25,25.82
34.85,-75.23,25.84
34.85,-75.21,25.75
34.85,-75.19,25.77
34.85,-75.17,25.69
34.85,-75.15,25.65
34.85,-75.13,25.65
34.85,-75.11,25.62
34.85,-75.09,25.62
34.83,-76.43,22.25
34.83,-76.41,22.17
34.83,-76.39,21.84
34.83,-76.37,21.9
34.83,-76.35,21.95
34.83,-76.33,20.95
34.83,-76.31,20.71
34.83,-76.29,20.68
34.83,-76.21,21.18
34.83,-76.19,21.62
34.83,-76.17,21.65
34.83,-76.15,21.67
34.83,-76.13,21.95
34.83,-76.11,22.05
34.83,-76.09,22.25
34.83,-76.07,22.39
34.83,-76.05,22.31
34.83,-76.03,22.35
34.83,-76.01,22.46
34.83,-75.99,22.49
34.83,-75.97,22.47
34.83,-75.95,22.43
34.83,-75.93,22.42
34.83,-75.91,22.44
34.83,-75.89,22.49
34.83,-75.87,22.52
34.83,-75.85,22.57
34.83,-75.83,22.68
34.83,-75.81,22.73
34.83,-75.79,22.78
34.83,-75.77,22.87
34.83,-75.75,22.99
34.83,-75.73,23.05
34.83,-75.71,23.31
34.83,-75.69,23.87
34.83,-75.67,23.92
34.83,-75.65,24.1
34.83,-75.63,24.62
34.83,-75.61,25.04
34.83,-75.59,24.98
34.83,-75.57,24.98
34.83,-75.55,24.98
34.83,-75.53,24.98
34.83,-75.51,24.96
34.83,-75.49,24.77
34.83,-75.47,24.94
34.83,-75.45,25.33
34.83,-75.43,25.44
34.83,-75.41,25.67
34.83,-75.39,25.74
34.83,-75.37,25.72
34.83,-75.35,25.75
34.83,-75.33,25.75
34.83,-75.31,25.78
34.83,-75.29,25.8
34.83,-75.27,25.84
34.83,-75.25,25.85
34.83,-75.23,25.81
34.83,-75.21,25.79
34.83,-75.19,25.76
34.83,-75.17,25.76
34.83,-75.15,25.73
34.83,-75.13,25.63
34.83,-75.11,25.62
34.83,-75.09,25.66
34.83,-75.07,25.66
34.81,-76.45,21.77
34.81,-76.43,21.85
34.81,-76.41,21.77
34.81,-76.39,21.75
34.81,-76.35,20.2
34.81,-76.33,20.62
34.81,-76.31,20.61
34.81,-76.25,21.56
34.81,-76.23,21.65
34.81,-76.21,21.76
34.81,-76.19,21.86
34.81,-76.17,22.04
34.81,-76.15,22.21
34.81,-76.13,22.26
34.81,-76.11,22.31
34.81,-76.09,22.44
34.81,-76.07,22.47
34.81,-76.05,22.4
34.81,-76.03,22.34
34.81,-76.01,22.39
34.81,-75.99,22.42
34.81,-75.97,22.41
34.81,-75.95,22.38
34.81,-75.93,22.37
34.81,-75.91,22.38
34.81,-75.89,22.49
34.81,-75.87,22.56
34.81,-75.85,22.63
34.81,-75.83,22.67
34.81,-75.81,22.72
34.81,-75.79,22.81
34.81,-75.77,22.84
34.81,-75.75,23.37
34.81,-75.73,23.77
34.81,-75.71,23.97
34.81,-75.69,24.24
34.81,-75.67,24.93
34.81,-75.65,25.04
34.81,-75.63,25.3
34.81,-75.61,25.23
34.81,-75.59,25.17
34.81,-75.57,25.01
34.81,-75.55,24.96
34.81,-75.53,24.85
34.81,-75.51,24.86
34.81,-75.49,25.01
34.81,-75.47,25.24
34.81,-75.45,25.37
34.81,-75.43,25.64
34.81,-75.41,25.75
34.81,-75.39,25.85
34.81,-75.37,25.81
34.81,-75.35,25.79
34.81,-75.33,25.79
34.81,-75.31,25.8
34.81,-75.29,25.77
34.81,-75.27,25.79
34.81,-75.25,25.77
34.81,-75.23,25.79
34.81,-75.21,25.72
34.81,-75.19,25.65
34.81,-75.17,25.7
34.81,-75.15,25.63
34.81,-75.13,25.59
34.81,-75.11,25.5
34.81,-75.09,25.62
34.79,-76.45,21.63
34.79,-76.43,21.74
34.79,-76.41,22.03
34.79,-76.37,20.05
34.79,-76.35,20.05
34.79,-76.33,20.42
34.79,-76.31,20.56
34.79,-76.29,21.42
34.79,-76.27,21.75
34.79,-76.25,21.85
34.79,-76.23,21.88
34.79,-76.21,22.03
34.79,-76.19,22.14
34.79,-76.17,22.3
34.79,-76.15,22.37
34.79,-76.13,22.38
34.79,-76.11,22.4
34.79,-76.09,22.42
34.79,-76.07,22.5
34.79,-76.05,22.47
34.79,-76.03,22.38
34.79,-76.01,22.38
34.79,-75.99,22.39
34.79,-75.97,22.38
34.79,-75.95,22.33
34.79,-75.93,22.41
34.79,-75.91,22.5
34.79,-75.89,22.58
34.79,-75.87,22.65
34.79,-75.85,22.67
34.79,-75.83,22.7
34.79,-75.81,22.84
34.79,-75.79,23.3
34.79,-75.77,23.93
34.79,-75.75,24.11
34.79,-75.73,24.36
34.79,-75.71,25.17
34.79,-75.69,25.35
34.79,-75.67,25.4
34.79,-75.65,25.33
34.79,-75.63,25.32
34.79,-75.61,25.21
34.79,-75.59,25.04
34.79,-75.57,24.88
34.79,-75.55,24.73
34.79,-75.53,24.75
34.79,-75.51,25.07
34.79,-75.49,25.24
34.79,-75.47,25.31
34.79,-75.45,25.57
34.79,-75.43,25.79
34.79,-75.41,25.86
34.79,-75.39,25.96
34.79,-75.37,25.77
34.79,-75.35,25.87
34.79,-75.33,25.85
34.79,-75.31,25.7
34.79,-75.29,25.73
34.79,-75.27,25.72
34.79,-75.25,25.72
34.79,-75.23,25.7
34.79,-75.21,25.66
34.79,-75.19,25.65
34.79,-75.17,25.72
34.79,-75.15,25.61
34.79,-75.13,25.43
34.79,-75.11,25.39
34.79,-75.09,25.42
34.79,-75.03,25.51
34.77,-76.71,23.63
34.77,-76.69,23.66
34.77,-76.61,22.78
34.77,-76.59,22.77
34.77,-76.47,21.54
34.77,-76.45,21.52
34.77,-76.43,22.09
34.77,-76.39,20.06
34.77,-76.37,19.96
34.77,-76.35,19.96
34.77,-76.33,21.05
34.77,-76.31,21.51
34.77,-76.29,21.78
34.77,-76.27,22.09
34.77,-76.25,22.12
34.77,-76.23,22.17
34.77,-76.21,22.25
34.77,-76.19,22.31
34.77,-76.17,22.17
34.77,-76.15,22.29
34.77,-76.13,22.43
34.77,-76.11,22.44
34.77,-76.09,22.39
34.77,-76.07,22.45
34.77,-76.05,22.45
34.77,-76.03,22.44
34.77,-76.01,22.59
34.77,-75.99,22.64
34.77,-75.97,22.61
34.77,-75.95,22.51
34.77,-75.93,22.5
34.77,-75.91,22.66
34.77,-75.89,22.71
34.77,-75.87,22.73
34.77,-75.85,22.77
34.77,-75.83,23.63
34.77,-75.81,23.89
34.77,-75.79,23.89
34.77,-75.77,24.27
34.77,-75.75,24.98
34.77,-75.73,25.28
34.77,-75.71,25.39
34.77,-75.69,25.48
34.77,-75.67,25.46
34.77,-75.65,25.42
34.77,-75.63,25.11
34.77,-75.61,24.98
34.77,-75.59,24.89
34.77,-75.57,24.83
34.77,-75.55,24.88
34.77,-75.53,24.94
34.77,-75.51,25.08
34.77,-75.49,25.17
34.77,-75.47,25.58
34.77,-75.45,25.84
34.77,-75.43,25.91
34.77,-75.41,25.98
34.77,-75.39,26.04
34.77,-75.37,26.02
34.77,-75.35,25.87
34.77,-75.33,25.82
34.77,-75.31,25.82
34.77,-75.29,25.8
34.77,-75.27,25.78
34.77,-75.25,25.77
34.77,-75.23,25.75
34.77,-75.21,25.73
34.77,-75.19,25.71
34.77,-75.17,25.63
34.77,-75.15,25.61
34.77,-75.13,25.56
34.77,-75.11,25.43
34.77,-75.09,25.48
34.77,-75.07,25.51
34.77,-75.05,25.51
34.77,-75.03,25.53
34.75,-76.69,23.19
34.75,-76.67,23.19
34.75,-76.61,22.75
34.75,-76.59,22.71
34.75,-76.51,21.76
34.75,-76.49,21.49
34.75,-76.47,21.46
34.75,-76.45,21.6
34.75,-76.41,19.98
34.75,-76.39,19.93
34.75,-76.37,19.97
34.75,-76.35,20.94
34.75,-76.33,21.43
34.75,-76.31,21.75
34.75,-76.29,21.98
34.75,-76.27,22.11
34.75,-76.25,22.12
34.75,-76.23,22.22
34.75,-76.21,22.33
34.75,-76.19,22.33
34.75,-76.17,22.21
34.75,-76.15,22.23
34.75,-76.13,22.23
34.75,-76.11,22.24
34.75,-76.09,22.21
34.75,-76.07,22.35
34.75,-76.05,22.44
34.75,-76.03,22.9
34.75,-76.01,23.04
34.75,-75.99,23.07
34.75,-75.97,22.99
34.75,-75.95,22.89
34.75,-75.93,22.88
34.75,-75.91,23.03
34.75,-75.89,23.03
34.75,-75.87,23.22
34.75,-75.85,23.57
34.75,-75.83,23.78
34.75,-75.81,23.98
34.75,-75.79,24.58
34.75,-75.77,24.93
34.75,-75.75,25.08
34.75,-75.73,25.34
34.75,-75.71,25.36
34.75,-75.69,25.3
34.75,-75.67,25.23
34.75,-75.65,25.06
34.75,-75.63,24.95
34.75,-75.61,24.89
34.75,-75.59,24.82
34.75,-75.57,24.88
34.75,-75.55,24.96
34.75,-75.53,25.0
34.75,-75.51,25.06
34.75,-75.49,25.4
34.75,-75.47,25.72
34.75,-75.45,25.92
34.75,-75.43,26.0
34.75,-75.41,26.13
34.75,-75.39,26.08
34.75,-75.37,25.9
34.75,-75.35,25.81
34.75,-75.33,25.78
34.75,-75.31,25.79
34.75,-75.29,25.78
34.75,-75.27,25.81
34.75,-75.25,25.79
34.75,-75.23,25.8
34.75,-75.21,25.83
34.75,-75.19,25.76
34.75,-75.17,25.64
34.75,-75.15,25.57
34.75,-75.13,25.58
34.75,-75.11,25.53
34.75,-75.09,25.49
34.75,-75.07,25.47
34.75,-75.05,25.47
34.75,-75.03,25.53
34.75,-75.01,25.54
34.73,-76.59,22.79
34.73,-76.49,21.54
34.73,-76.47,21.53
34.73,-76.45,21.63
34.73,-76.43,19.99
34.73,-76.41,19.8
34.73,-76.39,19.77
34.73,-76.37,20.16
34.73,-76.35,21.27
34.73,-76.33,21.55
34.73,-76.31,21.82
34.73,-76.29,21.96
34.73,-76.27,22.06
34.73,-76.25,22.15
34.73,-76.23,22.22
34.73,-76.21,22.28
34.73,-76.19,22.29
34.73,-76.17,22.18
34.73,-76.15,22.15
34.73,-76.13,22.14
34.73,-76.11,22.28
34.73,-76.09,22.46
34.73,-76.07,22.52
34.73,-76.05,22.84
34.73,-76.03,23.02
34.73,-76.01,23.12
34.73,-75.99,23.28
34.73,-75.97,23.28
34.73,-75.95,23.16
34.73,-75.93,23.17
34.73,-75.91,23.4
34.73,-75.89,23.56
34.73,-75.87,23.57
34.73,-75.85,23.7
34.73,-75.83,23.93
34.73,-75.81,24.6
34.73,-75.79,24.88
34.73,-75.77,25.05
34.73,-75.75,25.05
34.73,-75.73,25.11
34.73,-75.71,25.2
34.73,-75.69,25.09
34.73,-75.67,25.0
34.73,-75.65,24.99
34.73,-75.63,24.94
34.73,-75.61,24.87
34.73,-75.59,24.96
34.73,-75.57,25.02
34.73,-75.55,25.11
34.73,-75.53,25.09
34.73,-75.51,25.21
34.73,-75.49,25.53
34.73,-75.47,25.68
34.73,-75.45,25.95
34.73,-75.43,26.04
34.73,-75.41,26.12
34.73,-75.39,26.03
34.73,-75.37,25.94
34.73,-75.35,25.85
34.73,-75.33,25.79
34.73,-75.31,25.74
34.73,-75.29,25.72
34.73,-75.27,25.8
34.73,-75.25,25.83
34.73,-75.23,25.84
34.73,-75.21,25.76
34.73,-75.19,25.68
34.73,-75.17,25.6
34.73,-75.15,25.57
34.73,-75.13,25.62
34.73,-75.11,25.66
34.73,-75.09,25.56
34.73,-75.07,25.53
34.73,-75.05,25.63
34.73,-75.03,25.65
34.73,-75.01,25.66
34.73,-74.99,25.65
34.73,-74.97,25.54
34.73,-74.95,25.55
34.73,-74.93,25.66
34.73,-74.91,25.57
34.73,-74.89,25.48
34.73,-74.87,25.45
34.73,-74.85,25.42
34.73,-74.83,25.44
34.73,-74.81,25.47
34.71,-76.93,22.44
34.71,-76.91,23.27
34.71,-76.89,23.31
34.71,-76.87,22.45
34.71,-76.85,22.13
34.71,-76.83,22.17
34.71,-76.81,21.93
34.71,-76.79,21.88
34.71,-76.77,21.79
34.71,-76.61,22.59
34.71,-76.59,22.75
34.71,-76.51,21.12
34.71,-76.49,21.42
34.71,-76.47,21.76
34.71,-76.45,20.13
34.71,-76.43,19.84
34.71,-76.41,19.81
34.71,-76.39,20.36
34.71,-76.37,20.92
34.71,-76.35,21.31
34.71,-76.33,21.51
34.71,-76.31,21.87
34.71,-76.29,21.94
34.71,-76.27,22.02
34.71,-76.25,22.05
34.71,-76.23,22.06
34.71,-76.21,22.1
34.71,-76.19,22.15
34.71,-76.17,22.23
34.71,-76.15,22.41
34.71,-76.13,22.52
34.71,-76.11,22.61
34.71,-76.09,22.8
34.71,-76.07,22.85
34.71,-76.05,22.91
34.71,-76.03,22.98
34.71,-76.01,23.3
34.71,-75.99,23.37
34.71,-75.97,23.38
34.71,-75.95,23.45
34.71,-75.93,23.41
34.71,-75.91,23.45
34.71,-75.89,23.64
34.71,-75.87,24.06
34.71,-75.85,24.68
34.71,-75.83,25.03
34.71,-75.81,25.16
34.71,-75.79,25.19
34.71,-75.77,25.16
34.71,-75.75,25.0
34.71,-75.73,24.98
34.71,-75.71,24.95
34.71,-75.69,24.77
34.71,-75.67,24.81
34.71,-75.65,24.84
34.71,-75.63,24.95
34.71,-75.61,25.1
34.71,-75.59,25.16
34.71,-75.57,25.15
34.71,-75.55,25.21
34.71,-75.53,25.34
34.71,-75.51,25.34
34.71,-75.49,25.32
34.71,-75.47,25.35
34.71,-75.45,26.0
34.71,-75.43,26.03
34.71,-75.41,26.11
34.71,-75.39,26.03
34.71,-75.37,25.95
34.71,-75.35,25.85
34.71,-75.33,25.85
34.71,-75.31,25.74
34.71,-75.29,25.7
34.71,-75.27,25.61
34.71,-75.25,25.61
34.71,-75.23,25.85
34.71,-75.21,25.96
34.71,-75.19,25.69
34.71,-75.17,25.55
34.71,-75.15,25.58
34.71,-75.13,25.59
34.71,-75.11,25.65
34.71,-75.09,25.63
34.71,-75.07,25.59
34.71,-75.05,25.58
34.71,-75.03,25.76
34.71,-75.01,25.76
34.71,-74.99,25.73
34.71,-74.97,25.66
34.71,-74.95,25.63
34.71,-74.93,25.68
34.71,-74.91,25.73
34.71,-74.89,25.64
34.71,-74.87,25.59
34.71,-74.85,25.6
34.71,-74.83,25.59
34.71,-74.81,25.58
34.71,-74.79,25.59
34.71,-74.77,25.6
34.69,-76.99,22.89
34.69,-76.97,22.92
34.69,-76.95,22.93
34.69,-76.93,22.45
34.69,-76.91,23.16
34.69,-76.83,20.3
34.69,-76.81,20.33
34.69,-76.79,20.29
34.69,-76.77,20.32
34.69,-76.75,20.44
34.69,-76.73,20.48
34.69,-76.71,20.78
34.69,-76.69,20.79
34.69,-76.67,20.85
34.69,-76.65,21.59
34.69,-76.63,21.76
34.69,-76.59,22.09
34.69,-76.57,22.11
34.69,-76.55,21.77
34.69,-76.51,21.42
34.69,-76.49,21.08
34.69,-76.47,20.69
34.69,-76.45,19.97
34.69,-76.43,19.77
34.69,-76.41,20.3
34.69,-76.39,20.84
34.69,-76.37,21.14
34.69,-76.35,21.25
34.69,-76.33,21.65
34.69,-76.31,21.79
34.69,-76.29,21.9
34.69,-76.27,21.95
34.69,-76.25,22.0
34.69,-76.23,22.12
34.69,-76.21,22.23
34.69,-76.19,22.4
34.69,-76.17,22.6
34.69,-76.15,22.67
34.69,-76.13,22.82
34.69,-76.11,22.87
34.69,-76.09,22.92
34.69,-76.07,22.97
34.69,-76.05,23.01
34.69,-76.03,23.16
34.69,-76.01,23.3
34.69,-75.99,23.37
34.69,-75.97,23.51
34.69,-75.95,23.58
34.69,-75.93,23.58
34.69,-75.91,23.64
34.69,-75.89,24.26
34.69,-75.87,24.68
34.69,-75.85,25.02
34.69,-75.83,25.26
34.69,-75.81,25.21
34.69,-75.79,25.13
34.69,-75.77,25.13
34.69,-75.75,24.96
34.69,-75.73,24.88
34.69,-75.71,24.66
34.69,-75.69,24.71
34.69,-75.67,24.85
34.69,-75.65,24.92
34.69,-75.63,25.08
34.69,-75.61,25.12
34.69,-75.59,25.44
34.69,-75.57,25.56
34.69,-75.55,25.56
34.69,-75.53,25.44
34.69,-75.51,25.33
34.69,-75.49,25.33
34.69,-75.47,25.35
34.69,-75.45,25.86
34.69,-75.43,25.96
34.69,-75.41,25.98
34.69,-75.39,25.94
34.69,-75.37,25.87
34.69,-75.35,25.8
34.69,-75.33,25.73
34.69,-75.31,25.69
34.69,-75.29,25.71
34.69,-75.27,25.65
34.69,-75.25,25.84
34.69,-75.23,25.94
34.69,-75.21,25.93
34.69,-75.19,25.86
34.69,-75.17,25.51
34.69,-75.15,25.52
34.69,-75.13,25.6
34.69,-75.11,25.67
34.69,-75.09,25.65
34.69,-75.07,25.66
34.69,-75.05,25.67
34.69,-75.03,25.73
34.69,-75.01,25.61
34.69,-74.99,25.72
34.69,-74.97,25.76
34.69,-74.95,25.71
34.69,-74.93,25.6
34.69,-74.91,25.58
34.69,-74.89,25.64
34.69,-74.87,25.68
34.69,-74.85,25.65
34.69,-74.83,25.61
34.69,-74.81,25.57
34.69,-74.79,25.57
34.69,-74.77,25.58
34.69,-74.75,25.53
34.69,-74.73,25.46
34.69,-74.71,25.46
34.67,-76.99,21.24
34.67,-76.97,21.33
34.67,-76.95,20.05
34.67,-76.93,20.22
34.67,-76.91,21.72
34.67,-76.89,21.66
34.67,-76.87,20.22
34.67,-76.85,20.22
34.67,-76.83,20.26
34.67,-76.81,20.19
34.67,-76.79,20.22
34.67,-76.77,20.31
34.67,-76.75,20.4
34.67,-76.73,20.47
34.67,-76.71,20.63
34.67,-76.69,20.4
34.67,-76.67,20.4
34.67,-76.65,20.23
34.67,-76.63,20.24
34.67,-76.61,21.83
34.67,-76.57,21.79
34.67,-76.55,21.8
34.67,-76.53,21.65
34.67,-76.51,21.71
34.67,-76.47,19.79
34.67,-76.45,19.77
34.67,-76.43,19.67
34.67,-76.41,20.52
34.67,-76.39,20.89
34.67,-76.37,21.04
34.67,-76.35,21.24
34.67,-76.33,21.43
34.67,-76.31,21.66
34.67,-76.29,21.72
34.67,-76.27,21.83
34.67,-76.25,22.13
34.67,-76.23,22.49
34.67,-76.21,22.55
34.67,-76.19,22.65
34.67,-76.17,22.8
34.67,-76.15,22.97
34.67,-76.13,22.97
34.67,-76.11,22.95
34.67,-76.09,22.97
34.67,-76.07,23.01
34.67,-76.05,23.05
34.67,-76.03,23.13
34.67,-76.01,23.38
34.67,-75.99,23.4
34.67,-75.97,23.55
34.67,-75.95,23.66
34.67,-75.93,23.8
34.67,-75.91,24.37
34.67,-75.89,24.86
34.67,-75.87,25.09
34.67,-75.85,25.25
34.67,-75.83,25.25
34.67,-75.81,25.21
34.67,-75.79,25.04
34.67,-75.77,24.93
34.67,-75.75,24.75
34.67,-75.73,24.67
34.67,-75.71,24.68
34.67,-75.69,24.75
34.67,-75.67,24.93
34.67,-75.65,24.99
34.67,-75.63,24.98
34.67,-75.61,25.01
34.67,-75.59,25.07
34.67,-75.57,25.71
34.67,-75.55,25.73
34.67,-75.53,25.74
34.67,-75.51,25.6
34.67,-75.49,25.29
34.67,-75.47,25.47
34.67,-75.45,25.88
34.67,-75.43,25.9
34.67,-75.41,25.87
34.67,-75.39,25.83
34.67,-75.37,25.89
34.67,-75.35,25.82
34.67,-75.33,25.71
34.67,-75.31,25.7
34.67,-75.29,25.69
34.67,-75.27,25.71
34.67,-75.25,25.83
34.67,-75.23,25.86
34.67,-75.21,25.85
34.67,-75.19,25.77
34.67,-75.17,25.52
34.67,-75.15,25.59
34.67,-75.13,25.59
34.67,-75.11,25.62
34.67,-75.09,25.63
34.67,-75.07,25.68
34.67,-75.05,25.72
34.67,-75.03,25.64
34.67,-75.01,25.62
34.67,-74.99,25.69
34.67,-74.97,25.73
34.67,-74.95,25.74
34.67,-74.93,25.61
34.67,-74.91,25.58
34.67,-74.89,25.62
34.67,-74.87,25.6
34.67,-74.85,25.6
34.67,-74.83,25.61
34.67,-74.81,25.59
34.67,-74.79,25.62
34.67,-74.77,25.62
34.67,-74.75,25.49
34.67,-74.73,25.48
34.67,-74.71,25.46
34.67,-74.69,25.52
34.67,-74.67,25.52
34.67,-74.65,25.54
34.67,-74.61,25.66
34.65,-77.07,20.22
34.65,-77.05,20.16
34.65,-77.03,20.13
34.65,-77.01,20.17
34.65,-76.99,20.27
34.65,-76.97,20.98
34.65,-76.95,20.13
34.65,-76.93,20.21
34.65,-76.91,21.74
34.65,-76.89,21.63
34.65,-76.87,20.34
34.65,-76.85,20.28
34.65,-76.83,20.25
34.65,-76.81,20.37
34.65,-76.79,20.29
34.65,-76.77,20.53
34.65,-76.75,20.45
34.65,-76.73,20.45
34.65,-76.71,20.51
34.65,-76.69,20.34
34.65,-76.67,20.34
34.65,-76.65,20.28
34.65,-76.63,20.24
34.65,-76.61,20.33
34.65,-76.59,20.29
34.65,-76.57,20.27
34.65,-76.51,21.66
34.65,-76.49,19.87
34.65,-76.47,19.67
34.65,-76.45,19.71
34.65,-76.43,20.45
34.65,-76.41,20.7
34.65,-76.39,20.81
34.65,-76.37,20.9
34.65,-76.35,21.24
34.65,-76.33,21.38
34.65,-76.31,21.57
34.65,-76.29,21.68
34.65,-76.27,21.88
34.65,-76.25,22.49
34.65,-76.23,22.56
34.65,-76.21,22.77
34.65,-76.19,22.85
34.65,-76.17,22.99
34.65,-76.15,23.03
34.65,-76.13,23.16
34.65,-76.11,23.2
34.65,-76.09,23.17
34.65,-76.07,23.17
34.65,-76.05,23.19
34.65,-76.03,23.34
34.65,-76.01,23.4
34.65,-75.99,23.43
34.65,-75.97,23.49
34.65,-75.95,23.8
34.65,-75.93,24.5
34.65,-75.91,25.01
34.65,-75.89,25.16
34.65,-75.87,25.13
34.65,-75.85,25.23
34.65,-75.83,25.14
34.65,-75.81,25.08
34.65,-75.79,24.84
34.65,-75.77,24.79
34.65,-75.75,24.71
34.65,-75.73,24.73
34.65,-75.71,24.74
34.65,-75.69,24.72
34.65,-75.67,24.94
34.65,-75.65,24.94
34.65,-75.63,24.88
34.65,-75.61,24.8
34.65,-75.59,25.28
34.65,-75.57,25.44
34.65,-75.55,25.6
34.65,-75.53,25.63
34.65,-75.51,25.55
34.65,-75.49,25.44
34.65,-75.47,25.62
34.65,-75.45,25.82
34.65,-75.43,25.8
34.65,-75.41,25.78
34.65,-75.39,25.78
34.65,-75.37,25.78
34.65,-75.35,25.81
34.65,-75.33,25.75
34.65,-75.31,25.73
34.65,-75.29,25.68
34.65,-75.27,25.67
34.65,-75.25,25.7
34.65,-75.23,25.68
34.65,-75.21,25.65
34.65,-75.19,25.57
34.65,-75.17,25.47
34.65,-75.15,25.52
34.65,-75.13,25.52
34.65,-75.11,25.51
34.65,-75.09,25.6
34.65,-75.07,25.62
34.65,-75.05,25.62
34.65,-75.03,25.62
34.65,-75.01,25.67
34.65,-74.99,25.75
34.65,-74.97,25.73
34.65,-74.95,25.57
34.65,-74.93,25.54
34.65,-74.91,25.54
34.65,-74.89,25.59
34.65,-74.87,25.62
34.65,-74.85,25.58
34.65,-74.83,25.58
34.65,-74.81,25.56
34.65,-74.79,25.59
34.65,-74.77,25.57
34.65,-74.75,25.53
34.65,-74.73,25.5
34.65,-74.71,25.41
34.65,-74.69,25.46
34.65,-74.67,25.55
34.65,-74.65,25.6
34.65,-74.63,25.66
34.65,-74.61,25.68
34.65,-74.59,25.7
34.65,-74.57,25.64
34.65,-74.55,25.49
34.65,-74.53,25.45
34.65,-74.51,25.32
34.65,-74.49,25.06
34.65,-74.47,24.32
34.63,-77.13,21.93
34.63,-77.11,20.61
34.63,-77.09,20.14
34.63,-77.07,20.2
34.63,-77.05,20.32
34.63,-77.03,20.32
34.63,-77.01,20.31
34.63,-76.99,20.28
34.63,-76.97,22.5
34.63,-76.95,20.55
34.63,-76.93,20.27
34.63,-76.91,21.76
34.63,-76.89,21.67
34.63,-76.87,20.39
34.63,-76.85,20.28
34.63,-76.83,20.3
34.63,-76.81,20.34
34.63,-76.79,20.46
34.63,-76.77,20.55
34.63,-76.75,20.47
34.63,-76.73,20.44
34.63,-76.71,20.49
34.63,-76.69,20.52
34.63,-76.67,20.56
34.63,-76.65,20.57
34.63,-76.63,20.39
34.63,-76.61,20.36
34.63,-76.59,20.24
34.63,-76.57,20.28
34.63,-76.51,19.78
34.63,-76.49,19.76
34.63,-76.47,19.73
34.63,-76.45,20.1
34.63,-76.43,20.56
34.63,-76.41,20.76
34.63,-76.39,20.79
34.63,-76.37,20.8
34.63,-76.35,21.18
34.63,-76.33,21.35
34.63,-76.31,21.56
34.63,-76.29,21.94
34.63,-76.27,22.08
34.63,-76.25,22.57
34.63,-76.23,22.73
34.63,-76.21,22.91
34.63,-76.19,22.99
34.63,-76.17,23.04
34.63,-76.15,23.16
34.63,-76.13,23.24
34.63,-76.11,23.27
34.63,-76.09,23.31
34.63,-76.07,23.42
34.63,-76.05,23.43
34.63,-76.03,23.36
34.63,-76.01,23.25
34.63,-75.99,23.35
34.63,-75.97,23.77
34.63,-75.95,24.42
34.63,-75.93,24.78
34.63,-75.91,24.97
34.63,-75.89,25.09
34.63,-75.87,25.12
34.63,-75.85,25.11
34.63,-75.83,24.96
34.63,-75.81,24.75
34.63,-75.79,24.75
34.63,-75.77,24.72
34.63,-75.75,24.66
34.63,-75.73,24.71
34.63,-75.71,24.81
34.63,-75.69,24.89
34.63,-75.67,24.97
34.63,-75.65,24.97
34.63,-75.63,24.85
34.63,-75.61,24.82
34.63,-75.59,25.29
34.63,-75.57,25.42
34.63,-75.55,25.68
34.63,-75.53,25.67
34.63,-75.51,25.55
34.63,-75.49,25.67
34.63,-75.47,25.81
34.63,-75.45,25.85
34.63,-75.43,25.78
34.63,-75.41,25.79
34.63,-75.39,25.8
34.63,-75.37,25.79
34.63,-75.35,25.81
34.63,-75.33,25.78
34.63,-75.31,25.7
34.63,-75.29,25.56
34.63,-75.27,25.57
34.63,-75.25,25.58
34.63,-75.23,25.61
34.63,-75.21,25.63
34.63,-75.19,25.58
34.63,-75.17,25.27
34.63,-75.15,25.32
34.63,-75.13,25.41
34.63,-75.11,25.43
34.63,-75.09,25.39
34.63,-75.07,25.46
34.63,-75.05,25.56
34.63,-75.03,25.64
34.63,-75.01,25.64
34.63,-74.99,25.65
34.63,-74.97,25.7
34.63,-74.95,25.64
34.63,-74.93,25.62
34.63,-74.91,25.56
34.63,-74.89,25.63
34.63,-74.87,25.58
34.63,-74.85,25.61
34.63,-74.83,25.6
34.63,-74.81,25.58
34.63,-74.79,25.58
34.63,-74.77,25.64
34.63,-74.75,25.66
34.63,-74.73,25.59
34.63,-74.71,25.4
34.63,-74.69,25.46
34.63,-74.67,25.55
34.63,-74.65,25.63
34.63,-74.63,25.69
34.63,-74.61,25.66
34.63,-74.59,25.69
34.63,-74.57,25.6
34.63,-74.55,25.49
34.63,-74.53,25.44
34.63,-74.51,25.13
34.63,-74.49,24.57
34.63,-74.47,23.76
34.61,-77.19,20.87
34.61,-77.17,22.85
34.61,-77.15,22.95
34.61,-77.13,22.11
34.61,-77.11,20.9
34.61,-77.09,20.24
34.61,-77.07,20.35
34.61,-77.05,20.41
34.61,-77.03,20.44
34.61,-77.01,20.37
34.61,-76.99,21.19
34.61,-76.97,21.92
34.61,-76.95,20.44
34.61,-76.93,20.38
34.61,-76.91,21.43
34.61,-76.89,20.41
34.61,-76.87,20.22
34.61,-76.85,20.2
34.61,-76.83,20.25
34.61,-76.81,20.33
34.61,-76.79,20.39
34.61,-76.77,20.37
34.61,-76.75,20.39
34.61,-76.73,20.48
34.61,-76.71,20.43
34.61,-76.69,20.43
34.61,-76.67,20.81
34.61,-76.65,20.72
34.61,-76.63,20.32
34.61,-76.61,20.23
34.61,-76.59,20.21
34.61,-76.57,20.17
34.61,-76.51,19.61
34.61,-76.49,19.67
34.61,-76.47,19.77
34.61,-76.45,20.27
34.61,-76.43,20.6
34.61,-76.41,20.77
34.61,-76.39,20.91
34.61,-76.37,21.07
34.61,-76.35,21.27
34.61,-76.33,21.44
34.61,-76.31,21.94
34.61,-76.29,22.1
34.61,-76.27,22.32
34.61,-76.25,22.63
34.61,-76.23,22.79
34.61,-76.21,23.04
34.61,-76.19,23.03
34.61,-76.17,23.09
34.61,-76.15,23.34
34.61,-76.13,23.36
34.61,-76.11,23.37
34.61,-76.09,23.47
34.61,-76.07,23.46
34.61,-76.05,23.39
34.61,-76.03,23.77
34.61,-76.01,24.06
34.61,-75.99,24.56
34.61,-75.97,24.78
34.61,-75.95,24.93
34.61,-75.93,24.99
34.61,-75.91,25.02
34.61,-75.89,24.97
34.61,-75.87,24.94
34.61,-75.85,24.86
34.61,-75.83,24.76
34.61,-75.81,24.8
34.61,-75.79,24.78
34.61,-75.77,24.69
34.61,-75.75,24.64
34.61,-75.73,24.66
34.61,-75.71,24.77
34.61,-75.69,24.9
34.61,-75.67,24.92
34.61,-75.65,24.77
34.61,-75.63,24.59
34.61,-75.61,24.78
34.61,-75.59,25.08
34.61,-75.57,25.55
34.61,-75.55,25.69
34.61,-75.53,25.66
34.61,-75.51,25.58
34.61,-75.49,25.67
34.61,-75.47,25.81
34.61,-75.45,25.8
34.61,-75.43,25.75
34.61,-75.41,25.83
34.61,-75.39,25.8
34.61,-75.37,25.76
34.61,-75.35,25.77
34.61,-75.33,25.68
34.61,-75.31,25.65
34.61,-75.29,25.62
34.61,-75.27,25.57
34.61,-75.25,25.55
34.61,-75.23,25.62
34.61,-75.21,25.74
34.61,-75.19,25.76
34.61,-75.17,25.39
34.61,-75.15,25.05
34.61,-75.13,25.08
34.61,-75.11,25.25
34.61,-75.09,25.35
34.61,-75.07,25.42
34.61,-75.05,25.5
34.61,-75.03,25.56
34.61,-75.01,25.64
34.61,-74.99,25.63
34.61,-74.97,25.67
34.61,-74.95,25.68
34.61,-74.93,25.66
34.61,-74.91,25.64
34.61,-74.89,25.68
34.61,-74.87,25.69
34.61,-74.85,25.71
34.61,-74.83,25.67
34.61,-74.81,25.63
34.61,-74.79,25.63
34.61,-74.77,25.69
34.61,-74.75,25.7
34.61,-74.73,25.67
34.61,-74.71,25.58
34.61,-74.69,25.6
34.61,-74.67,25.66
34.61,-74.65,25.65
34.61,-74.63,25.66
34.61,-74.61,25.64
34.61,-74.59,25.64
34.61,-74.57,25.61
34.61,-74.55,25.61
34.61,-74.53,25.58
34.61,-74.51,25.11
34.61,-74.49,24.55
34.61,-74.47,23.58
34.61,-74.33,21.24
34.61,-74.29,21.05
34.61,-74.23,20.61
34.61,-74.13,20.22
34.61,-74.11,20.25
34.61,-74.09,20.27
34.61,-74.03,20.24
34.61,-74.01,20.15
34.61,-73.93,20.06
34.61,-73.91,20.08
34.61,-73.89,20.06
34.59,-77.23,20.42
34.59,-77.21,20.32
34.59,-77.19,20.46
34.59,-77.17,24.17
34.59,-77.15,22.97
34.59,-77.13,22.94
34.59,-77.11,20.42
34.59,-77.09,20.26
34.59,-77.07,20.24
34.59,-77.05,20.23
34.59,-77.03,20.21
34.59,-77.01,20.2
34.59,-76.99,21.38
34.59,-76.97,21.43
34.59,-76.95,20.4
34.59,-76.93,20.36
34.59,-76.89,20.13
34.59,-76.87,20.07
34.59,-76.85,20.25
34.59,-76.83,20.26
34.59,-76.81,20.29
34.59,-76.79,20.32
34.59,-76.77,20.39
34.59,-76.75,20.49
34.59,-76.73,20.41
34.59,-76.71,20.4
34.59,-76.69,20.39
34.59,-76.67,20.45
34.59,-76.65,20.27
34.59,-76.63,20.24
34.59,-76.61,20.23
34.59,-76.59,20.24
34.59,-76.57,20.24
34.59,-76.51,19.61
34.59,-76.49,19.63
34.59,-76.47,19.91
34.59,-76.45,20.45
34.59,-76.43,20.61
34.59,-76.41,20.91
34.59,-76.39,21.26
34.59,-76.37,21.44
34.59,-76.35,21.71
34.59,-76.33,21.98
34.59,-76.31,22.14
34.59,-76.29,22.2
34.59,-76.27,22.42
34.59,-76.25,22.56
34.59,-76.23,22.9
34.59,-76.21,22.95
34.59,-76.19,23.01
34.59,-76.17,23.17
34.59,-76.15,23.33
34.59,-76.13,23.38
34.59,-76.11,23.39
34.59,-76.09,23.47
34.59,-76.07,23.51
34.59,-76.05,23.61
34.59,-76.03,24.07
34.59,-76.01,24.58
34.59,-75.99,24.67
34.59,-75.97,24.78
34.59,-75.95,24.96
34.59,-75.93,24.94
34.59,-75.91,25.03
34.59,-75.89,24.97
34.59,-75.87,24.8
34.59,-75.85,24.69
34.59,-75.83,24.75
34.59,-75.81,24.85
34.59,-75.79,24.72
34.59,-75.77,24.72
34.59,-75.75,24.7
34.59,-75.73,24.68
34.59,-75.71,24.75
34.59,-75.69,24.85
34.59,-75.67,24.9
34.59,-75.65,24.85
34.59,-75.63,24.72
34.59,-75.61,24.68
34.59,-75.59,24.97
34.59,-75.57,25.33
34.59,-75.55,25.8
34.59,-75.53,25.78
34.59,-75.51,25.64
34.59,-75.49,25.67
34.59,-75.47,25.79
34.59,-75.45,25.81
34.59,-75.43,25.74
34.59,-75.41,25.79
34.59,-75.39,25.79
34.59,-75.37,25.76
34.59,-75.35,25.74
34.59,-75.33,25.7
34.59,-75.31,25.71
34.59,-75.29,25.73
34.59,-75.27,25.6
34.59,-75.25,25.63
34.59,-75.23,25.74
34.59,-75.21,25.8
34.59,-75.19,25.91
34.59,-75.17,25.78
34.59,-75.15,25.65
34.59,-75.13,25.33
34.59,-75.11,25.29
34.59,-75.09,25.6
34.59,-75.07,25.62
34.59,-75.05,25.63
34.59,-75.03,25.65
34.59,-75.01,25.68
34.59,-74.99,25.71
34.59,-74.97,25.72
34.59,-74.95,25.72
34.59,-74.93,25.68
34.59,-74.91,25.65
34.59,-74.89,25.66
34.59,-74.87,25.67
34.59,-74.85,25.65
34.59,-74.83,25.65
34.59,-74.81,25.63
34.59,-74.79,25.67
34.59,-74.77,25.71
34.59,-74.75,25.7
34.59,-74.73,25.69
34.59,-74.71,25.64
34.59,-74.69,25.64
34.59,-74.67,25.7
34.59,-74.65,25.75
34.59,-74.63,25.67
34.59,-74.61,25.71
34.59,-74.59,25.64
34.59,-74.57,25.61
34.59,-74.55,25.71
34.59,-74.53,25.31
34.59,-74.51,25.06
34.59,-74.49,24.55
34.59,-74.13,20.19
34.59,-74.11,20.23
34.59,-74.09,20.25
34.59,-74.07,20.21
34.59,-74.05,20.17
34.59,-74.03,20.2
34.59,-74.01,20.14
34.59,-73.99,20.01
34.59,-73.97,19.97
34.59,-73.95,20.02
34.59,-73.93,20.07
34.59,-73.91,20.05
34.59,-73.89,20.04
34.59,-73.87,20.06
34.57,-77.37,22.67
34.57,-77.25,20.48
34.57,-77.23,20.46
34.57,-77.21,20.4
34.57,-77.19,21.14
34.57,-77.17,23.67
34.57,-77.15,22.34
34.57,-77.13,22.43
34.57,-77.11,20.67
34.57,-77.09,20.32
34.57,-77.07,20.29
34.57,-77.05,20.26
34.57,-77.03,20.23
34.57,-77.01,20.21
34.57,-76.95,20.6
34.57,-76.93,20.69
34.57,-76.91,20.24
34.57,-76.89,20.11
34.57,-76.87,20.08
34.57,-76.85,20.12
34.57,-76.83,20.17
34.57,-76.81,20.24
34.57,-76.79,20.31
34.57,-76.77,20.35
34.57,-76.75,20.21
34.57,-76.73,20.19
34.57,-76.67,20.31
34.57,-76.65,20.28
34.57,-76.63,20.26
34.57,-76.61,20.22
34.57,-76.59,20.21
34.57,-76.57,20.05
34.57,-76.55,20.0
34.57,-76.51,19.58
34.57,-76.49,19.55
34.57,-76.47,19.9
34.57,-76.45,20.31
34.57,-76.43,20.76
34.57,-76.41,21.1
34.57,-76.39,21.45
34.57,-76.37,21.8
34.57,-76.35,21.99
34.57,-76.33,22.31
34.57,-76.31,22.3
34.57,-76.29,22.22
34.57,-76.27,22.42
34.57,-76.25,22.76
34.57,-76.23,22.9
34.57,-76.21,22.93
34.57,-76.19,23.03
34.57,-76.17,23.16
34.57,-76.15,23.28
34.57,-76.13,23.37
34.57,-76.11,23.42
34.57,-76.09,23.51
34.57,-76.07,23.92
34.57,-76.05,24.34
34.57,-76.03,24.7
34.57,-76.01,24.81
34.57,-75.99,24.79
34.57,-75.97,24.8
34.57,-75.95,24.83
34.57,-75.93,24.87
34.57,-75.91,24.77
34.57,-75.89,24.78
34.57,-75.87,24.7
34.57,-75.85,24.72
34.57,-75.83,24.81
34.57,-75.81,24.84
34.57,-75.79,24.77
34.57,-75.77,24.75
34.57,-75.75,24.73
34.57,-75.73,24.68
34.57,-75.71,24.76
34.57,-75.69,24.84
34.57,-75.67,24.93
34.57,-75.65,24.93
34.57,-75.63,24.78
34.57,-75.61,24.78
34.57,-75.59,24.96
34.57,-75.57,25.41
34.57,-75.55,25.7
34.57,-75.53,25.68
34.57,-75.51,25.68
34.57,-75.49,25.84
34.57,-75.47,25.8
34.57,-75.45,25.77
34.57,-75.43,25.76
34.57,-75.41,25.73
34.57,-75.39,25.75
34.57,-75.37,25.77
34.57,-75.35,25.73
34.57,-75.33,25.69
34.57,-75.31,25.69
34.57,-75.29,25.73
34.57,-75.27,25.75
34.57,-75.25,25.75
34.57,-75.23,25.75
34.57,-75.21,25.81
34.57,-75.19,25.89
34.57,-75.17,25.82
34.57,-75.15,25.76
34.57,-75.13,25.73
34.57,-75.11,25.7
34.57,-75.09,25.59
34.57,-75.07,25.58
34.57,-75.05,25.61
34.57,-75.03,25.63
34.57,-75.01,25.63
34.57,-74.99,25.67
34.57,-74.97,25.68
34.57,-74.95,25.68
34.57,-74.93,25.62
34.57,-74.91,25.59
34.57,-74.89,25.59
34.57,-74.87,25.57
34.57,-74.85,25.56
34.57,-74.83,25.62
34.57,-74.81,25.65
34.57,-74.79,25.62
34.57,-74.77,25.55
34.57,-74.75,25.7
34.57,-74.73,25.71
34.57,-74.71,25.63
34.57,-74.69,25.64
34.57,-74.65,25.65
34.57,-74.63,25.63
34.57,-74.61,25.68
34.57,-74.59,25.65
34.57,-74.57,25.53
34.57,-74.55,25.12
34.57,-74.53,25.06
34.57,-74.11,20.13
34.57,-74.09,20.13
34.57,-74.07,20.1
34.57,-74.05,20.13
34.57,-74.03,20.14
34.57,-74.01,20.09
34.57,-73.99,19.98
34.57,-73.97,20.04
34.57,-73.95,20.02
34.57,-73.93,20.01
34.57,-73.91,20.01
34.57,-73.89,20.05
34.55,-77.29,20.46
34.55,-77.27,20.35
34.55,-77.25,20.42
34.55,-77.23,20.5
34.55,-77.21,20.47
34.55,-77.19,23.32
34.55,-77.17,22.6
34.55,-77.15,22.23
34.55,-77.13,20.87
34.55,-77.11,20.32
34.55,-77.09,20.21
34.55,-77.07,20.17
34.55,-77.05,20.19
34.55,-77.03,20.18
34.55,-76.97,20.44
34.55,-76.95,20.52
34.55,-76.93,20.6
34.55,-76.91,20.21
34.55,-76.89,20.15
34.55,-76.87,20.03
34.55,-76.85,20.09
34.55,-76.83,20.13
34.55,-76.81,20.09
34.55,-76.79,20.25
34.55,-76.77,20.3
34.55,-76.75,20.27
34.55,-76.73,20.27
34.55,-76.69,20.42
34.55,-76.67,20.3
34.55,-76.65,20.26
34.55,-76.63,20.26
34.55,-76.61,20.25
34.55,-76.59,20.18
34.55,-76.57,20.12
34.55,-76.55,20.15
34.55,-76.53,20.12
34.55,-76.51,19.75
34.55,-76.49,19.69
34.55,-76.47,19.94
34.55,-76.45,20.2
34.55,-76.43,20.85
34.55,-76.41,21.13
34.55,-76.39,21.77
34.55,-76.37,22.02
34.55,-76.35,22.31
34.55,-76.33,22.43
34.55,-76.31,22.44
34.55,-76.29,22.48
34.55,-76.27,22.54
34.55,-76.25,22.67
34.55,-76.23,22.9
34.55,-76.21,22.89
34.55,-76.19,22.9
34.55,-76.17,23.18
34.55,-76.15,23.27
34.55,-76.13,23.25
34.55,-76.11,23.49
34.55,-76.09,24.46
34.55,-76.07,24.58
34.55,-76.05,24.64
34.55,-76.03,24.79
34.55,-76.01,24.79
34.55,-75.99,24.75
34.55,-75.97,24.91
34.55,-75.95,24.78
34.55,-75.93,24.78
34.55,-75.91,24.61
34.55,-75.89,24.67
34.55,-75.87,24.75
34.55,-75.85,24.8
34.55,-75.83,24.85
34.55,-75.81,24.85
34.55,-75.79,25.01
34.55,-75.77,24.88
34.55,-75.75,24.75
34.55,-75.73,24.74
34.55,-75.71,24.82
34.55,-75.69,24.86
34.55,-75.67,24.87
34.55,-75.65,24.91
34.55,-75.63,24.85
34.55,-75.61,24.9
34.55,-75.59,24.98
34.55,-75.57,25.38
34.55,-75.55,25.63
34.55,-75.53,25.71
34.55,-75.51,25.7
34.55,-75.49,25.79
34.55,-75.47,25.84
34.55,-75.45,25.73
34.55,-75.43,25.67
34.55,-75.41,25.71
34.55,-75.39,25.76
34.55,-75.37,25.78
34.55,-75.35,25.75
34.55,-75.33,25.7
34.55,-75.31,25.73
34.55,-75.29,25.75
34.55,-75.27,25.73
34.55,-75.25,25.73
34.55,-75.23,25.79
34.55,-75.21,25.86
34.55,-75.19,25.89
34.55,-75.17,25.87
34.55,-75.15,25.81
34.55,-75.13,25.8
34.55,-75.11,25.74
34.55,-75.09,25.44
34.55,-75.07,25.56
34.55,-75.05,25.61
34.55,-75.03,25.61
34.55,-75.01,25.64
34.55,-74.99,25.67
34.55,-74.97,25.67
34.55,-74.95,25.64
34.55,-74.93,25.59
34.55,-74.91,25.53
34.55,-74.89,25.52
34.55,-74.87,25.52
34.55,-74.85,25.54
34.55,-74.83,25.63
34.55,-74.81,25.61
34.55,-74.79,25.57
34.55,-74.77,25.55
34.55,-74.75,25.67
34.55,-74.73,25.69
34.55,-74.71,25.66
34.55,-74.69,25.71
34.55,-74.67,25.74
34.55,-74.65,25.72
34.55,-74.63,25.58
34.55,-74.61,25.59
34.55,-74.59,25.6
34.55,-74.57,25.34
34.55,-74.55,25.15
34.55,-74.53,24.98
34.55,-74.05,20.18
34.55,-74.03,20.19
34.55,-74.01,20.12
34.55,-73.99,20.05
34.55,-73.97,20.05
34.55,-73.95,20.0
34.55,-73.93,19.94
34.55,-73.91,20.01
34.55,-73.89,20.08
34.53,-77.33,20.63
34.53,-77.31,20.6
34.53,-77.29,20.59
34.53,-77.27,20.49
34.53,-77.25,20.59
34.53,-77.23,20.48
34.53,-77.21,20.9
34.53,-77.19,24.49
34.53,-77.17,22.58
34.53,-77.15,22.54
34.53,-77.13,20.2
34.53,-77.11,20.2
34.53,-77.09,20.16
34.53,-77.07,20.19
34.53,-77.05,20.22
34.53,-77.03,20.29
34.53,-77.01,20.44
34.53,-76.97,20.46
34.53,-76.95,20.47
34.53,-76.87,20.14
34.53,-76.85,20.18
34.53,-76.83,20.17
34.53,-76.81,20.14
34.53,-76.79,20.14
34.53,-76.77,20.19
34.53,-76.75,20.56
34.53,-76.73,21.28
34.53,-76.71,20.69
34.53,-76.69,20.43
34.53,-76.67,20.31
34.53,-76.65,20.32
34.53,-76.63,20.3
34.53,-76.61,20.24
34.53,-76.59,20.24
34.53,-76.57,20.3
34.53,-76.55,20.25
34.53,-76.53,20.27
34.53,-76.51,20.05
34.53,-76.49,20.03
34.53,-76.47,19.97
34.53,-76.45,20.08
34.53,-76.43,20.83
34.53,-76.41,21.19
34.53,-76.39,21.9
34.53,-76.37,22.11
34.53,-76.35,22.58
34.53,-76.33,22.53
34.53,-76.31,22.52
34.53,-76.29,22.67
34.53,-76.27,22.71
34.53,-76.25,22.65
34.53,-76.23,22.62
34.53,-76.21,22.83
34.53,-76.19,22.91
34.53,-76.17,23.16
34.53,-76.15,23.22
34.53,-76.13,23.52
34.53,-76.11,24.42
34.53,-76.09,24.67
34.53,-76.07,24.72
34.53,-76.05,24.89
34.53,-76.03,24.89
34.53,-76.01,24.75
34.53,-75.99,24.72
34.53,-75.97,24.81
34.53,-75.95,24.74
34.53,-75.93,24.73
34.53,-75.91,24.55
34.53,-75.89,24.63
34.53,-75.87,24.71
34.53,-75.85,24.75
34.53,-75.83,24.92
34.53,-75.81,25.02
34.53,-75.79,24.91
34.53,-75.77,24.91
34.53,-75.75,24.86
34.53,-75.73,24.84
34.53,-75.71,24.87
34.53,-75.69,24.89
34.53,-75.67,24.94
34.53,-75.65,24.99
34.53,-75.63,24.95
34.53,-75.61,24.99
34.53,-75.59,25.37
34.53,-75.57,25.55
34.53,-75.55,25.61
34.53,-75.53,25.63
34.53,-75.51,25.72
34.53,-75.49,25.76
34.53,-75.47,25.66
34.53,-75.45,25.63
34.53,-75.43,25.68
34.53,-75.41,25.7
34.53,-75.39,25.79
34.53,-75.37,25.83
34.53,-75.35,25.75
34.53,-75.33,25.67
34.53,-75.31,25.74
34.53,-75.29,25.73
34.53,-75.27,25.75
34.53,-75.25,25.78
34.53,-75.23,25.89
34.53,-75.21,25.93
34.53,-75.19,25.96
34.53,-75.17,25.92
34.53,-75.15,25.86
34.53,-75.13,25.8
34.53,-75.11,25.76
34.53,-75.09,25.53
34.53,-75.07,25.55
34.53,-75.05,25.63
34.53,-75.03,25.66
34.53,-75.01,25.67
34.53,-74.99,25.66
34.53,-74.97,25.66
34.53,-74.95,25.66
34.53,-74.93,25.69
34.53,-74.91,25.65
34.53,-74.89,25.62
34.53,-74.87,25.56
34.53,-74.85,25.61
34.53,-74.83,25.66
34.53,-74.81,25.64
34.53,-74.79,25.66
34.53,-74.77,25.7
34.53,-74.75,25.7
34.53,-74.73,25.63
34.53,-74.71,25.67
34.53,-74.69,25.74
34.53,-74.67,25.75
34.53,-74.65,25.78
34.53,-74.63,25.83
34.53,-74.61,25.45
34.53,-74.59,25.48
34.53,-74.57,25.38
34.53,-74.55,25.35
34.53,-74.53,24.96
34.53,-73.99,20.11
34.53,-73.97,20.06
34.53,-73.95,20.07
34.51,-77.37,20.3
34.51,-77.35,20.44
34.51,-77.33,20.51
34.51,-77.31,20.41
34.51,-77.29,20.49
34.51,-77.27,20.52
34.51,-77.25,20.52
34.51,-77.23,20.45
34.51,-77.21,20.99
34.51,-77.19,24.34
34.51,-77.17,23.68
34.51,-77.15,22.53
34.51,-77.13,20.31
34.51,-77.11,20.17
34.51,-77.09,20.18
34.51,-77.07,20.35
34.51,-77.05,20.39
34.51,-77.03,20.62
34.51,-77.01,20.73
34.51,-76.99,20.39
34.51,-76.97,20.49
34.51,-76.91,20.22
34.51,-76.89,20.15
34.51,-76.87,20.12
34.51,-76.85,20.13
34.51,-76.83,20.15
34.51,-76.81,20.3
34.51,-76.79,20.24
34.51,-76.77,20.34
34.51,-76.75,20.69
34.51,-76.73,21.07
34.51,-76.71,20.3
34.51,-76.69,20.31
34.51,-76.67,20.31
34.51,-76.65,20.36
34.51,-76.63,20.33
34.51,-76.61,20.26
34.51,-76.59,20.34
34.51,-76.57,20.18
34.51,-76.55,20.13
34.51,-76.53,20.52
34.51,-76.51,20.51
34.51,-76.49,20.01
34.51,-76.47,19.99
34.51,-76.45,20.03
34.51,-76.43,20.63
34.51,-76.41,21.14
34.51,-76.39,21.91
34.51,-76.37,22.23
34.51,-76.35,22.51
34.51,-76.33,22.51
34.51,-76.31,22.66
34.51,-76.29,22.63
34.51,-76.27,22.41
34.51,-76.25,22.53
34.51,-76.23,22.64
34.51,-76.21,22.74
34.51,-76.19,23.0
34.51,-76.17,23.2
34.51,-76.15,23.49
34.51,-76.13,24.09
34.51,-76.11,24.44
34.51,-76.09,24.63
34.51,-76.07,24.85
34.51,-76.05,24.91
34.51,-76.03,24.87
34.51,-76.01,24.74
34.51,-75.99,24.73
34.51,-75.97,24.73
34.51,-75.95,24.69
34.51,-75.93,24.5
34.51,-75.91,24.5
34.51,-75.89,24.73
34.51,-75.87,24.83
34.51,-75.85,24.91
34.51,-75.83,24.95
34.51,-75.81,24.99
34.51,-75.79,25.0
34.51,-75.77,24.98
34.51,-75.75,24.97
34.51,-75.73,24.98
34.51,-75.71,24.82
34.51,-75.69,24.88
34.51,-75.67,25.03
34.51,-75.65,25.12
34.51,-75.63,25.13
34.51,-75.61,25.36
34.51,-75.59,25.57
34.51,-75.57,25.54
34.51,-75.55,25.59
34.51,-75.53,25.63
34.51,-75.51,25.88
34.51,-75.49,25.87
34.51,-75.47,25.74
34.51,-75.45,25.6
34.51,-75.43,25.61
34.51,-75.41,25.65
34.51,-75.39,25.77
34.51,-75.37,25.81
34.51,-75.35,25.72
34.51,-75.33,25.71
34.51,-75.31,25.74
34.51,-75.29,25.73
34.51,-75.27,25.72
34.51,-75.25,25.76
34.51,-75.23,25.93
34.51,-75.21,25.97
34.51,-75.19,26.0
34.51,-75.17,25.98
34.51,-75.15,25.89
34.51,-75.13,25.82
34.51,-75.11,25.78
34.51,-75.09,25.69
34.51,-75.07,25.66
34.51,-75.05,25.76
34.51,-75.03,25.8
34.51,-75.01,25.73
34.51,-74.99,25.71
34.51,-74.97,25.64
34.51,-74.95,25.62
34.51,-74.93,25.6
34.51,-74.91,25.53
34.51,-74.89,25.5
34.51,-74.87,25.53
34.51,-74.85,25.63
34.51,-74.83,25.68
34.51,-74.81,25.73
34.51,-74.79,25.77
34.51,-74.77,25.71
34.51,-74.75,25.52
34.51,-74.73,25.58
34.51,-74.71,25.71
34.51,-74.69,25.69
34.51,-74.67,25.75
34.51,-74.65,25.79
34.51,-74.63,25.7
34.51,-74.61,25.39
34.51,-74.59,25.56
34.51,-74.57,25.58
34.51,-74.55,24.92
34.51,-74.53,23.45
34.51,-74.51,21.76
34.51,-73.99,20.1
34.51,-73.97,20.08
34.49,-77.41,21.57
34.49,-77.39,22.27
34.49,-77.37,20.44
34.49,-77.35,20.57
34.49,-77.33,20.53
34.49,-77.31,20.34
34.49,-77.29,20.36
34.49,-77.27,20.42
34.49,-77.25,20.4
34.49,-77.23,20.31
34.49,-77.21,20.71
34.49,-77.19,23.65
34.49,-77.13,20.19
34.49,-77.11,20.13
34.49,-77.09,20.11
34.49,-77.07,20.13
34.49,-77.05,20.38
34.49,-77.03,20.38
34.49,-76.99,20.36
34.49,-76.97,20.37
34.49,-76.91,20.2
34.49,-76.89,20.17
34.49,-76.87,20.18
34.49,-76.85,20.09
34.49,-76.83,20.14
34.49,-76.81,20.16
34.49,-76.79,20.19
34.49,-76.73,20.29
34.49,-76.71,20.31
34.49,-76.69,20.29
34.49,-76.67,20.34
34.49,-76.65,20.33
34.49,-76.63,20.34
34.49,-76.61,20.34
34.49,-76.59,20.34
34.49,-76.57,20.29
34.49,-76.51,20.18
34.49,-76.49,20.11
34.49,-76.47,20.04
34.49,-76.45,20.38
34.49,-76.43,20.72
34.49,-76.41,20.89
34.49,-76.39,21.59
34.49,-76.37,22.26
34.49,-76.35,22.4
34.49,-76.33,22.52
34.49,-76.31,22.56
34.49,-76.29,22.59
34.49,-76.27,22.55
34.49,-76.25,22.56
34.49,-76.23,22.82
34.49,-76.21,22.9
34.49,-76.19,23.05
34.49,-76.17,23.37
34.49,-76.15,23.67
34.49,-76.13,24.12
34.49,-76.11,24.28
34.49,-76.09,24.51
34.49,-76.07,24.84
34.49,-76.05,24.9
34.49,-76.03,24.9
34.49,-76.01,24.8
34.49,-75.99,24.68
34.49,-75.97,24.68
34.49,-75.95,24.7
34.49,-75.93,24.59
34.49,-75.91,24.56
34.49,-75.89,24.77
34.49,-75.87,24.85
34.49,-75.85,24.91
34.49,-75.83,24.91
34.49,-75.81,24.7
34.49,-75.79,24.48
34.49,-75.77,24.4
34.49,-75.75,24.46
34.49,-75.73,24.74
34.49,-75.71,24.66
34.49,-75.69,25.22
34.49,-75.67,25.17
34.49,-75.65,25.18
34.49,-75.63,25.25
34.49,-75.61,25.52
34.49,-75.59,25.6
34.49,-75.57,25.61
34.49,-75.55,25.6
34.49,-75.53,25.63
34.49,-75.51,25.9
34.49,-75.49,25.9
34.49,-75.47,25.74
34.49,-75.45,25.53
34.49,-75.43,25.52
34.49,-75.41,25.63
34.49,-75.39,25.83
34.49,-75.37,25.81
34.49,-75.35,25.75
34.49,-75.33,25.73
34.49,-75.31,25.74
34.49,-75.29,25.79
34.49,-75.27,25.76
34.49,-75.25,25.75
34.49,-75.23,25.96
34.49,-75.21,26.03
34.49,-75.19,26.0
34.49,-75.17,26.01
34.49,-75.15,25.94
34.49,-75.13,25.89
34.49,-75.11,25.8
34.49,-75.09,25.7
34.49,-75.07,25.68
34.49,-75.05,25.71
34.49,-75.03,25.7
34.49,-75.01,25.64
34.49,-74.99,25.73
34.49,-74.97,25.76
34.49,-74.95,25.67
34.49,-74.93,25.64
34.49,-74.91,25.54
34.49,-74.89,25.47
34.49,-74.87,25.55
34.49,-74.85,25.62
34.49,-74.77,25.74
34.49,-74.75,25.69
34.49,-74.73,25.72
34.49,-74.71,25.74
34.49,-74.69,25.82
34.49,-74.67,25.67
34.49,-74.65,25.65
34.49,-74.63,25.64
34.49,-74.61,25.4
34.49,-74.59,25.35
34.49,-74.57,25.0
34.49,-74.55,24.57
34.49,-74.53,22.67
34.49,-74.51,21.24
34.49,-74.49,21.1
34.49,-74.47,20.64
34.49,-74.39,20.85
34.47,-77.45,20.76
34.47,-77.43,20.62
34.47,-77.41,20.59
34.47,-77.39,22.31
34.47,-77.37,20.72
34.47,-77.35,20.63
34.47,-77.33,20.49
34.47,-77.31,20.46
34.47,-77.29,20.46
34.47,-77.27,20.39
34.47,-77.25,20.39
34.47,-77.23,20.31
34.47,-77.13,20.18
34.47,-77.11,20.19
34.47,-77.09,20.19
34.47,-77.07,20.1
34.47,-77.05,20.45
34.47,-76.91,20.23
34.47,-76.89,20.19
34.47,-76.87,20.19
34.47,-76.85,20.27
34.47,-76.83,20.19
34.47,-76.77,20.31
34.47,-76.75,20.32
34.47,-76.73,20.33
34.47,-76.71,20.34
34.47,-76.69,20.29
34.47,-76.67,20.35
34.47,-76.65,20.36
34.47,-76.63,20.33
34.47,-76.61,20.35
34.47,-76.59,20.5
34.47,-76.57,20.59
34.47,-76.55,21.44
34.47,-76.53,21.03
34.47,-76.51,20.54
34.47,-76.49,20.21
34.47,-76.47,20.24
34.47,-76.45,20.27
34.47,-76.43,20.29
34.47,-76.41,20.84
34.47,-76.39,21.1
34.47,-76.37,22.14
34.47,-76.35,22.22
34.47,-76.33,22.46
34.47,-76.31,22.44
34.47,-76.29,22.47
34.47,-76.27,22.62
34.47,-76.25,22.67
34.47,-76.23,22.95
34.47,-76.21,22.89
34.47,-76.19,22.96
34.47,-76.17,23.27
34.47,-76.15,23.49
34.47,-76.13,23.64
34.47,-76.11,23.83
34.47,-76.09,24.43
34.47,-76.07,24.71
34.47,-76.05,24.76
34.47,-76.03,24.81
34.47,-76.01,24.82
34.47,-75.99,24.84
34.47,-75.97,24.95
34.47,-75.95,24.94
34.47,-75.93,24.93
34.47,-75.91,24.89
34.47,-75.89,24.71
34.47,-75.87,24.68
34.47,-75.85,24.68
34.47,-75.83,24.65
34.47,-75.81,24.42
34.47,-75.79,24.36
34.47,-75.77,24.41
34.47,-75.75,24.52
34.47,-75.73,24.95
34.47,-75.71,25.12
34.47,-75.69,25.2
34.47,-75.67,25.31
34.47,-75.65,25.37
34.47,-75.63,25.38
34.47,-75.61,25.52
34.47,-75.59,25.56
34.47,-75.57,25.64
34.47,-75.55,25.74
34.47,-75.53,25.79
34.47,-75.51,25.86
34.47,-75.49,25.7
34.47,-75.47,25.63
34.47,-75.45,25.47
34.47,-75.43,25.45
34.47,-75.41,25.6
34.47,-75.39,25.71
34.47,-75.37,25.74
34.47,-75.35,25.7
34.47,-75.33,25.8
34.47,-75.31,25.83
34.47,-75.29,25.8
34.47,-75.27,25.77
34.47,-75.25,25.79
34.47,-75.23,25.87
34.47,-75.21,25.93
34.47,-75.19,25.99
34.47,-75.17,26.01
34.47,-75.15,25.97
34.47,-75.13,25.88
34.47,-75.11,25.78
34.47,-75.09,25.62
34.47,-75.07,25.69
34.47,-75.05,25.7
34.47,-75.03,25.69
34.47,-74.99,25.78
34.47,-74.97,25.78
34.47,-74.95,25.68
34.47,-74.93,25.68
34.47,-74.91,25.59
34.47,-74.89,25.45
34.47,-74.87,25.52
34.47,-74.73,25.62
34.47,-74.71,25.63
34.47,-74.69,25.6
34.47,-74.67,25.61
34.47,-74.65,25.64
34.47,-74.63,25.5
34.47,-74.61,25.36
34.47,-74.59,25.29
34.47,-74.57,25.16
34.47,-74.55,24.32
34.47,-74.53,21.84
34.47,-74.51,21.14
34.47,-74.49,21.02
34.47,-74.47,20.67
34.47,-74.45,20.95
34.47,-74.39,20.85
34.47,-74.37,20.89
34.45,-77.49,20.84
34.45,-77.47,20.83
34.45,-77.45,20.69
34.45,-77.43,20.64
34.45,-77.41,20.79
34.45,-77.39,21.88
34.45,-77.37,20.53
34.45,-77.35,20.53
34.45,-77.33,20.55
34.45,-77.31,20.53
34.45,-77.29,20.49
34.45,-77.27,20.47
34.45,-77.25,20.45
34.45,-77.23,20.49
34.45,-77.17,21.75
34.45,-77.15,20.8
34.45,-77.13,20.52
34.45,-77.11,20.56
34.45,-77.09,20.65
34.45,-77.07,20.52
34.45,-77.05,20.46
34.45,-76.99,20.42
34.45,-76.97,20.5
34.45,-76.95,21.11
34.45,-76.93,20.37
34.45,-76.91,20.26
34.45,-76.89,20.29
34.45,-76.87,20.22
34.45,-76.85,20.33
34.45,-76.83,20.44
34.45,-76.77,20.33
34.45,-76.75,20.37
34.45,-76.73,20.37
34.45,-76.71,20.36
34.45,-76.69,20.34
34.45,-76.67,20.34
34.45,-76.65,20.35
34.45,-76.63,20.33
34.45,-76.61,20.39
34.45,-76.59,20.91
34.45,-76.57,21.54
34.45,-76.55,21.42
34.45,-76.53,21.04
34.45,-76.51,20.47
34.45,-76.49,20.46
34.45,-76.47,20.38
34.45,-76.45,20.24
34.45,-76.43,20.2
34.45,-76.41,20.47
34.45,-76.39,21.09
34.45,-76.37,21.78
34.45,-76.35,22.05
34.45,-76.33,22.37
34.45,-76.31,22.24
34.45,-76.29,22.5
34.45,-76.27,22.71
34.45,-76.25,22.88
34.45,-76.23,22.89
34.45,-76.21,22.85
34.45,-76.19,22.78
34.45,-76.17,22.68
34.45,-76.15,23.29
34.45,-76.13,23.31
34.45,-76.11,23.2
34.45,-76.09,23.26
34.45,-76.07,23.52
34.45,-76.05,24.25
34.45,-76.03,24.54
34.45,-76.01,24.73
34.45,-75.99,24.8
34.45,-75.97,24.9
34.45,-75.95,24.9
34.45,-75.93,25.02
34.45,-75.91,25.05
34.45,-75.89,24.91
34.45,-75.87,24.84
34.45,-75.85,24.82
34.45,-75.83,24.59
34.45,-75.81,24.52
34.45,-75.79,24.51
34.45,-75.77,24.83
34.45,-75.75,24.93
34.45,-75.73,25.06
34.45,-75.71,25.05
34.45,-75.69,25.13
34.45,-75.67,25.38
34.45,-75.65,25.39
34.45,-75.63,25.42
34.45,-75.61,25.45
34.45,-75.59,25.47
34.45,-75.57,25.66
34.45,-75.55,25.79
34.45,-75.53,25.81
34.45,-75.51,25.82
34.45,-75.49,25.72
34.45,-75.47,25.55
34.45,-75.45,25.48
34.45,-75.43,25.45
34.45,-75.41,25.45
34.45,-75.39,25.53
34.45,-75.37,25.64
34.45,-75.35,25.73
34.45,-75.33,25.75
34.45,-75.31,25.8
34.45,-75.29,25.82
34.45,-75.27,25.82
34.45,-75.25,25.88
34.45,-75.23,25.92
34.45,-75.21,25.95
34.45,-75.19,25.98
34.45,-75.17,26.01
34.45,-75.15,25.89
34.45,-75.13,25.73
34.45,-75.11,25.62
34.45,-75.09,25.6
34.45,-75.07,25.6
34.45,-75.05,25.6
34.45,-75.03,25.61
34.45,-75.01,25.67
34.45,-74.99,25.71
34.45,-74.97,25.77
34.45,-74.95,25.75
34.45,-74.93,25.69
34.45,-74.91,25.66
34.45,-74.89,25.59
34.45,-74.87,25.55
34.45,-74.75,25.57
34.45,-74.73,25.61
34.45,-74.71,25.62
34.45,-74.69,25.54
34.45,-74.67,25.56
34.45,-74.65,25.55
34.45,-74.63,25.5
34.45,-74.53,21.19
34.45,-74.51,21.16
34.45,-74.41,20.81
34.45,-74.39,20.87
34.45,-74.37,20.91
34.45,-74.35,20.95
34.45,-74.33,20.76
34.45,-74.31,20.72
34.45,-74.29,20.74
34.45,-74.27,20.82
34.45,-74.25,20.79
34.45,-74.23,20.73
34.45,-74.21,20.65
34.45,-74.19,20.57
34.45,-74.17,20.51
34.45,-74.15,20.39
34.45,-74.13,20.38
34.43,-77.53,20.83
34.43,-77.51,20.86
34.43,-77.49,20.81
34.43,-77.47,20.81
34.43,-77.45,20.66
34.43,-77.43,20.77
34.43,-77.41,21.88
34.43,-77.39,21.89
34.43,-77.37,20.51
34.43,-77.35,20.41
34.43,-77.33,20.59
34.43,-77.31,20.57
34.43,-77.29,20.49
34.43,-77.27,20.49
34.43,-77.25,20.5
34.43,-77.23,20.46
34.43,-77.19,21.77
34.43,-77.17,21.84
34.43,-77.15,20.87
34.43,-77.13,20.49
34.43,-77.11,20.8
34.43,-77.09,20.83
34.43,-77.07,20.52
34.43,-77.05,20.46
34.43,-77.01,20.48
34.43,-76.99,20.79
34.43,-76.97,20.85
34.43,-76.95,21.06
34.43,-76.93,20.44
34.43,-76.91,20.51
34.43,-76.89,20.5
34.43,-76.87,20.44
34.43,-76.85,20.72
34.43,-76.83,20.66
34.43,-76.81,20.42
34.43,-76.59,21.35
34.43,-76.57,21.56
34.43,-76.51,20.56
34.43,-76.49,20.54
34.43,-76.41,20.57
34.43,-76.39,20.73
34.43,-76.37,21.2
34.43,-76.35,22.08
34.43,-76.33,22.13
34.43,-76.31,22.16
34.43,-76.29,22.38
34.43,-76.27,22.65
34.43,-76.25,22.74
34.43,-76.23,22.79
34.43,-76.21,22.82
34.43,-76.19,22.68
34.43,-76.17,22.6
34.43,-76.15,22.62
34.43,-76.13,22.61
34.43,-76.11,22.62
34.43,-76.09,22.41
34.43,-76.07,21.87
34.43,-76.05,21.47
34.43,-76.03,21.66
34.43,-76.01,23.89
34.43,-75.99,24.73
34.43,-75.97,24.78
34.43,-75.95,24.76
34.43,-75.93,24.61
34.43,-75.91,24.82
34.43,-75.89,24.98
34.43,-75.87,24.96
34.43,-75.85,24.89
34.43,-75.83,24.83
34.43,-75.81,24.78
34.43,-75.79,24.74
34.43,-75.77,24.82
34.43,-75.75,24.85
34.43,-75.73,24.91
34.43,-75.71,25.07
34.43,-75.69,25.33
34.43,-75.67,25.37
34.43,-75.65,25.4
34.43,-75.63,25.45
34.43,-75.61,25.48
34.43,-75.59,25.62
34.43,-75.57,25.73
34.43,-75.55,25.79
34.43,-75.53,25.74
34.43,-75.51,25.67
34.43,-75.49,25.66
34.43,-75.47,25.6
34.43,-75.45,25.6
34.43,-75.43,25.42
34.43,-75.41,25.38
34.43,-75.39,25.47
34.43,-75.37,25.52
34.43,-75.35,25.57
34.43,-75.33,25.69
34.43,-75.31,25.75
34.43,-75.29,25.8
34.43,-75.27,25.81
34.43,-75.25,25.89
34.43,-75.23,25.92
34.43,-75.21,25.94
34.43,-75.19,25.88
34.43,-75.17,25.88
34.43,-75.15,25.86
34.43,-75.13,25.76
34.43,-75.11,25.62
34.43,-75.09,25.56
34.43,-75.07,25.63
34.43,-75.05,25.62
34.43,-75.03,25.63
34.43,-75.01,25.61
34.43,-74.99,25.64
34.43,-74.97,25.68
34.43,-74.95,25.75
34.43,-74.93,25.71
34.43,-74.91,25.71
34.43,-74.89,25.57
34.43,-74.87,25.51
34.43,-74.85,25.49
34.43,-74.83,25.54
34.43,-74.81,25.67
34.43,-74.79,25.68
34.43,-74.75,25.51
34.43,-74.73,25.55
34.43,-74.71,25.63
34.43,-74.69,25.52
34.43,-74.67,25.49
34.43,-74.65,25.51
34.43,-74.63,25.53
34.43,-74.61,25.14
34.43,-74.59,24.97
34.43,-74.57,21.98
34.43,-74.55,21.86
34.43,-74.53,21.23
34.43,-74.49,21.16
34.43,-74.47,21.14
34.43,-74.45,21.17
34.43,-74.43,21.17
34.43,-74.41,21.04
34.43,-74.39,20.98
34.43,-74.37,20.89
34.43,-74.35,20.83
34.43,-74.33,20.69
34.43,-74.31,20.65
34.43,-74.29,20.69
34.43,-74.27,20.77
34.43,-74.25,20.8
34.43,-74.23,20.77
34.43,-74.21,20.69
34.43,-74.19,20.6
34.41,-77.55,21.0
34.41,-77.53,20.8
34.41,-77.51,20.82
34.41,-77.49,20.81
34.41,-77.47,20.8
34.41,-77.45,20.77
34.41,-77.43,20.76
34.41,-77.41,21.5
34.41,-77.39,21.49
34.41,-77.37,20.56
34.41,-77.35,20.53
34.41,-77.33,20.55
34.41,-77.31,20.56
34.41,-77.29,20.57
34.41,-77.27,20.63
34.41,-77.25,20.61
34.41,-77.23,20.56
34.41,-77.19,21.8
34.41,-77.15,20.63
34.41,-77.13,20.65
34.41,-77.11,21.0
34.41,-77.09,21.04
34.41,-77.07,21.06
34.41,-77.05,21.12
34.41,-77.03,21.49
34.41,-77.01,21.14
34.41,-76.99,21.14
34.41,-76.97,21.19
34.41,-76.95,21.46
34.41,-76.93,21.01
34.41,-76.91,20.77
34.41,-76.89,20.62
34.41,-76.87,20.56
34.41,-76.85,20.81
34.41,-76.39,20.77
34.41,-76.37,20.97
34.41,-76.35,21.45
34.41,-76.33,21.69
34.41,-76.31,21.91
34.41,-76.29,22.01
34.41,-76.27,22.12
34.41,-76.25,22.39
34.41,-76.23,22.52
34.41,-76.21,22.54
34.41,-76.19,22.55
34.41,-76.17,22.51
34.41,-76.15,22.49
34.41,-76.13,22.35
34.41,-76.11,21.9
34.41,-76.09,21.49
34.41,-76.07,20.99
34.41,-76.05,21.35
34.41,-76.03,21.8
34.41,-76.01,22.3
34.41,-75.99,24.44
34.41,-75.97,24.89
34.41,-75.95,24.93
34.41,-75.93,24.66
34.41,-75.91,24.69
34.41,-75.89,24.97
34.41,-75.87,24.99
34.41,-75.85,24.95
34.41,-75.83,24.84
34.41,-75.81,24.81
34.41,-75.79,24.89
34.41,-75.77,24.9
34.41,-75.75,24.89
34.41,-75.73,25.15
34.41,-75.71,25.27
34.41,-75.69,25.34
34.41,-75.67,25.41
34.41,-75.65,25.41
34.41,-75.63,25.41
34.41,-75.61,25.67
34.41,-75.59,25.77
34.41,-75.57,25.8
34.41,-75.55,25.73
34.41,-75.53,25.71
34.41,-75.51,25.64
34.41,-75.49,25.55
34.41,-75.47,25.44
34.41,-75.45,25.45
34.41,-75.43,25.41
34.41,-75.41,25.42
34.41,-75.39,25.46
34.41,-75.37,25.51
34.41,-75.35,25.51
34.41,-75.33,25.71
34.41,-75.31,25.7
34.41,-75.29,25.78
34.41,-75.27,25.83
34.41,-75.25,25.93
34.41,-75.23,25.89
34.41,-75.21,25.87
34.41,-75.19,25.84
34.41,-75.17,25.78
34.41,-75.15,25.7
34.41,-75.13,25.7
34.41,-75.11,25.59
34.41,-75.09,25.56
34.41,-75.07,25.55
34.41,-75.05,25.52
34.41,-75.03,25.66
34.41,-75.01,25.69
34.41,-74.99,25.69
34.41,-74.97,25.65
34.41,-74.95,25.64
34.41,-74.93,25.71
34.41,-74.91,25.76
34.41,-74.89,25.77
34.41,-74.87,25.62
34.41,-74.85,25.5
34.41,-74.83,25.58
34.41,-74.81,25.66
34.41,-74.79,25.68
34.41,-74.73,25.57
34.41,-74.71,25.68
34.41,-74.69,25.59
34.41,-74.67,25.47
34.41,-74.65,25.48
34.41,-74.63,25.59
34.41,-74.61,25.12
34.41,-74.59,24.22
34.41,-74.57,22.06
34.41,-74.49,21.24
34.41,-74.47,21.21
34.41,-74.45,21.23
34.41,-74.43,21.23
34.41,-74.41,21.22
34.41,-74.39,21.19
34.41,-74.37,21.1
34.41,-74.35,21.03
34.41,-74.31,21.27
34.41,-74.29,21.12
34.41,-74.27,20.94
34.39,-77.59,21.09
34.39,-77.57,21.07
34.39,-77.55,21.06
34.39,-77.53,20.74
34.39,-77.51,20.7
34.39,-77.49,20.69
34.39,-77.47,20.71
34.39,-77.45,20.68
34.39,-77.43,20.86
34.39,-77.41,20.85
34.39,-77.37,20.65
34.39,-77.35,20.56
34.39,-77.33,20.52
34.39,-77.31,20.55
34.39,-77.29,20.58
34.39,-77.27,20.55
34.39,-77.25,20.57
34.39,-77.23,20.65
34.39,-77.15,20.78
34.39,-77.13,20.94
34.39,-77.11,21.46
34.39,-77.09,21.64
34.39,-77.07,21.76
34.39,-77.05,21.9
34.39,-77.01,21.87
34.39,-76.99,21.89
34.39,-76.97,21.91
34.39,-76.95,21.93
34.39,-76.93,21.48
34.39,-76.91,21.41
34.39,-76.89,21.35
34.39,-76.87,21.18
34.39,-76.85,20.86
34.39,-76.39,20.66
34.39,-76.37,20.81
34.39,-76.35,21.01
34.39,-76.33,21.47
34.39,-76.31,21.53
34.39,-76.29,21.57
34.39,-76.27,21.67
34.39,-76.25,21.77
34.39,-76.23,22.19
34.39,-76.21,22.36
34.39,-76.19,22.38
34.39,-76.17,22.17
34.39,-76.15,22.01
34.39,-76.13,21.59
34.39,-76.11,21.21
34.39,-76.09,20.79
34.39,-76.07,21.0
34.39,-76.05,21.52
34.39,-76.03,22.25
34.39,-76.01,22.88
34.39,-75.99,23.15
34.39,-75.97,24.43
34.39,-75.95,24.78
34.39,-75.93,24.86
34.39,-75.91,24.91
34.39,-75.89,24.97
34.39,-75.87,25.03
34.39,-75.85,25.03
34.39,-75.83,25.04
34.39,-75.81,25.05
34.39,-75.79,25.09
34.39,-75.77,25.18
34.39,-75.75,25.19
34.39,-75.73,25.47
34.39,-75.71,25.55
34.39,-75.69,25.47
34.39,-75.67,25.42
34.39,-75.65,25.67
34.39,-75.63,25.73
34.39,-75.61,25.76
34.39,-75.59,25.84
34.39,-75.57,25.82
34.39,-75.55,25.68
34.39,-75.53,25.63
34.39,-75.51,25.55
34.39,-75.49,25.52
34.39,-75.47,25.49
34.39,-75.45,25.49
34.39,-75.43,25.41
34.39,-75.41,25.56
34.39,-75.39,25.59
34.39,-75.37,25.55
34.39,-75.35,25.57
34.39,-75.33,25.65
34.39,-75.31,25.56
34.39,-75.29,25.62
34.39,-75.27,25.83
34.39,-75.25,25.83
34.39,-75.23,25.87
34.39,-75.21,25.86
34.39,-75.19,25.84
34.39,-75.17,25.72
34.39,-75.15,25.62
34.39,-75.13,25.53
34.39,-75.11,25.38
34.39,-75.09,25.45
34.39,-75.07,25.49
34.39,-75.05,25.5
34.39,-75.03,25.56
34.39,-75.01,25.6
34.39,-74.99,25.62
34.39,-74.97,25.54
34.39,-74.95,25.53
34.39,-74.93,25.66
34.39,-74.91,25.75
34.39,-74.89,25.76
34.39,-74.87,25.78
34.39,-74.85,25.67
34.39,-74.81,25.67
34.39,-74.73,25.68
34.39,-74.71,25.7
34.39,-74.69,25.62
34.39,-74.67,25.45
34.39,-74.65,25.38
34.39,-74.63,25.21
34.39,-74.61,24.81
34.39,-74.59,23.14
34.39,-74.57,21.41
34.39,-74.55,21.42
34.39,-74.47,21.22
34.39,-74.45,21.21
34.39,-74.41,21.31
34.39,-74.39,21.21
34.39,-74.37,21.17
34.39,-74.35,21.22
34.39,-74.33,21.3
34.39,-74.31,21.32
34.39,-74.29,21.28
34.39,-74.27,21.19
34.39,-74.25,20.96
34.37,-77.61,21.03
34.37,-77.59,20.86
34.37,-77.57,20.92
34.37,-77.55,20.99
34.37,-77.53,20.75
34.37,-77.51,20.7
34.37,-77.49,20.71
34.37,-77.47,20.71
34.37,-77.45,20.69
34.37,-77.43,20.73
34.37,-77.41,20.77
34.37,-77.37,20.59
34.37,-77.35,20.55
34.37,-77.33,20.54
34.37,-77.31,20.59
34.37,-77.29,20.54
34.37,-77.27,20.51
34.37,-77.25,20.56
34.37,-77.23,20.66
34.37,-77.19,21.67
34.37,-77.15,21.27
34.37,-77.13,21.43
34.37,-77.11,21.9
34.37,-77.09,22.08
34.37,-77.07,22.17
34.37,-77.05,22.23
34.37,-77.01,22.5
34.37,-76.99,22.51
34.37,-76.95,22.06
34.37,-76.93,21.9
34.37,-76.91,21.75
34.37,-76.89,21.72
34.37,-76.87,21.65
34.37,-76.85,21.28
34.37,-76.65,21.46
34.37,-76.63,21.4
34.37,-76.35,21.51
34.37,-76.33,21.59
34.37,-76.31,21.49
34.37,-76.29,21.21
34.37,-76.27,21.17
34.37,-76.25,21.16
34.37,-76.23,21.36
34.37,-76.21,21.57
34.37,-76.19,21.91
34.37,-76.17,21.97
34.37,-76.15,21.63
34.37,-76.13,21.12
34.37,-76.11,20.71
34.37,-76.09,21.25
34.37,-76.07,21.98
34.37,-76.05,22.85
34.37,-76.03,23.13
34.37,-76.01,23.17
34.37,-75.99,23.49
34.37,-75.97,24.04
34.37,-75.95,24.29
34.37,-75.93,24.68
34.37,-75.91,24.96
34.37,-75.89,25.17
34.37,-75.87,25.1
34.37,-75.85,25.14
34.37,-75.83,25.14
34.37,-75.81,25.14
34.37,-75.79,25.15
34.37,-75.77,25.3
34.37,-75.75,25.41
34.37,-75.73,25.54
34.37,-75.71,25.61
34.37,-75.69,25.59
34.37,-75.67,25.77
34.37,-75.65,25.78
34.37,-75.63,25.99
34.37,-75.61,25.95
34.37,-75.59,25.88
34.37,-75.57,25.8
34.37,-75.55,25.67
34.37,-75.53,25.48
34.37,-75.51,25.48
34.37,-75.49,25.49
34.37,-75.47,25.54
34.37,-75.45,25.53
34.37,-75.43,25.55
34.37,-75.41,25.53
34.37,-75.39,25.52
34.37,-75.37,25.56
34.37,-75.35,25.58
34.37,-75.33,25.57
34.37,-75.31,25.91
34.37,-75.29,25.91
34.37,-75.27,25.95
34.37,-75.25,25.85
34.37,-75.23,25.82
34.37,-75.21,25.89
34.37,-75.19,25.73
34.37,-75.17,25.7
34.37,-75.15,25.6
34.37,-75.13,25.51
34.37,-75.11,25.36
34.37,-75.09,25.41
34.37,-75.07,25.52
34.37,-75.05,25.57
34.37,-75.03,25.56
34.37,-75.01,25.57
34.37,-74.99,25.58
34.37,-74.97,25.53
34.37,-74.95,25.53
34.37,-74.93,25.55
34.37,-74.91,25.56
34.37,-74.89,25.61
34.37,-74.87,25.64
34.37,-74.85,25.64
34.37,-74.81,25.61
34.37,-74.79,25.61
34.37,-74.69,25.39
34.37,-74.67,25.39
34.37,-74.61,23.14
34.37,-74.59,21.83
34.37,-74.57,21.33
34.37,-74.55,21.25
34.37,-74.49,21.13
34.37,-74.47,21.15
34.37,-74.45,21.32
34.37,-74.43,21.45
34.37,-74.41,21.42
34.37,-74.39,21.4
34.37,-74.37,21.41
34.37,-74.35,21.33
34.37,-74.33,21.2
34.37,-74.31,21.24
34.37,-74.25,20.89
34.37,-74.23,20.7
34.37,-74.21,20.68
34.35,-77.63,20.83
34.35,-77.61,20.83
34.35,-77.59,20.85
34.35,-77.57,20.85
34.35,-77.55,20.87
34.35,-77.53,20.74
34.35,-77.51,20.65
34.35,-77.49,20.66
34.35,-77.47,20.66
34.35,-77.45,20.71
34.35,-77.43,20.83
34.35,-77.41,20.85
34.35,-77.37,20.75
34.35,-77.35,20.73
34.35,-77.33,20.6
34.35,-77.31,20.57
34.35,-77.29,20.59
34.35,-77.27,20.58
34.35,-77.25,20.59
34.35,-77.17,21.6
34.35,-77.15,21.5
34.35,-77.13,21.67
34.35,-77.11,22.02
34.35,-77.09,22.12
34.35,-77.07,22.26
34.35,-77.05,22.3
34.35,-77.03,22.86
34.35,-77.01,22.56
34.35,-76.99,22.79
34.35,-76.95,22.38
34.35,-76.93,22.05
34.35,-76.89,22.59
34.35,-76.87,22.4
34.35,-76.85,21.78
34.35,-76.83,21.35
34.35,-76.81,21.49
34.35,-76.79,21.59
34.35,-76.77,22.35
34.35,-76.67,21.71
34.35,-76.65,21.58
34.35,-76.63,21.56
34.35,-76.61,21.77
34.35,-76.35,21.29
34.35,-76.33,21.35
34.35,-76.31,21.28
34.35,-76.27,21.11
34.35,-76.25,21.07
34.35,-76.23,21.04
34.35,-76.21,21.0
34.35,-76.19,21.13
34.35,-76.17,21.11
34.35,-76.15,21.06
34.35,-76.13,20.85
34.35,-76.11,20.74
34.35,-76.09,21.22
34.35,-76.07,22.46
34.35,-76.05,23.14
34.35,-76.03,23.29
34.35,-76.01,23.5
34.35,-75.99,24.09
34.35,-75.97,24.76
34.35,-75.95,25.15
34.35,-75.93,25.14
34.35,-75.91,25.27
34.35,-75.89,25.38
34.35,-75.87,25.42
34.35,-75.85,25.38
34.35,-75.83,25.36
34.35,-75.81,25.3
34.35,-75.79,25.27
34.35,-75.77,25.68
34.35,-75.75,25.41
34.35,-75.73,25.54
34.35,-75.71,25.67
34.35,-75.69,25.91
34.35,-75.67,25.74
34.35,-75.65,25.74
34.35,-75.63,26.0
34.35,-75.61,25.99
34.35,-75.59,25.92
34.35,-75.57,25.77
34.35,-75.55,25.6
34.35,-75.53,25.46
34.35,-75.51,25.48
34.35,-75.49,25.53
34.35,-75.47,25.56
34.35,-75.45,25.6
34.35,-75.43,25.54
34.35,-75.41,25.53
34.35,-75.39,25.48
34.35,-75.37,25.51
34.35,-75.35,25.67
34.35,-75.33,25.75
34.35,-75.31,25.79
34.35,-75.29,25.85
34.35,-75.27,25.79
34.35,-75.25,25.72
34.35,-75.23,25.76
34.35,-75.21,25.84
34.35,-75.19,25.77
34.35,-75.17,25.74
34.35,-75.15,25.66
34.35,-75.13,25.48
34.35,-75.11,25.37
34.35,-75.09,25.35
34.35,-75.07,25.49
34.35,-75.05,25.58
34.35,-75.03,25.62
34.35,-74.97,25.66
34.35,-74.93,25.61
34.35,-74.91,25.66
34.35,-74.89,25.65
34.35,-74.87,25.57
34.35,-74.85,25.67
34.35,-74.83,25.8
34.35,-74.81,25.71
34.35,-74.79,25.65
34.35,-74.77,25.65
34.35,-74.75,25.62
34.35,-74.59,21.44
34.35,-74.57,21.35
34.35,-74.51,21.3
34.35,-74.49,21.27
34.35,-74.47,21.43
34.35,-74.45,21.42
34.35,-74.43,21.56
34.35,-74.41,21.53
34.35,-74.39,21.52
34.35,-74.37,21.54
34.35,-74.35,21.49
34.35,-74.33,21.38
34.35,-74.31,21.28
34.35,-74.29,21.23
34.35,-74.27,21.15
34.35,-74.25,20.92
34.35,-74.23,20.78
34.35,-74.21,20.78
34.35,-74.19,20.72
34.35,-74.17,20.61
34.35,-74.15,20.56
34.35,-74.01,20.25
34.35,-73.99,20.26
34.33,-77.67,21.06
34.33,-77.65,20.69
34.33,-77.63,20.67
34.33,-77.61,20.73
34.33,-77.59,20.84
34.33,-77.57,20.69
34.33,-77.55,20.68
34.33,-77.53,20.68
34.33,-77.51,20.61
34.33,-77.49,20.62
34.33,-77.47,20.61
34.33,-77.45,20.61
34.33,-77.43,20.78
34.33,-77.41,20.85
34.33,-77.37,20.66
34.33,-77.35,20.59
34.33,-77.33,20.58
34.33,-77.31,20.61
34.33,-77.29,20.64
34.33,-77.27,20.66
34.33,-77.25,20.64
34.33,-77.17,21.6
34.33,-77.15,21.63
34.33,-77.13,21.84
34.33,-77.11,22.14
34.33,-77.09,22.32
34.33,-77.07,22.42
34.33,-77.05,22.5
34.33,-77.03,22.9
34.33,-77.01,22.78
34.33,-76.99,23.02
34.33,-76.97,23.17
34.33,-76.89,22.62
34.33,-76.87,22.44
34.33,-76.85,22.23
34.33,-76.83,22.24
34.33,-76.81,22.39
34.33,-76.79,22.5
34.33,-76.77,22.46
34.33,-76.75,22.13
34.33,-76.73,22.12
34.33,-76.69,21.82
34.33,-76.67,21.85
34.33,-76.65,22.59
34.33,-76.63,22.6
34.33,-76.61,22.52
34.33,-76.59,22.28
34.33,-76.57,22.36
34.33,-76.27,20.71
34.33,-76.25,20.67
34.33,-76.23,20.69
34.33,-76.21,20.66
34.33,-76.19,20.81
34.33,-76.17,20.97
34.33,-76.15,20.84
34.33,-76.13,20.87
34.33,-76.11,21.22
34.33,-76.09,22.15
34.33,-76.07,22.99
34.33,-76.05,23.19
34.33,-76.03,23.68
34.33,-76.01,24.04
34.33,-75.99,25.31
34.33,-75.97,25.39
34.33,-75.95,25.32
34.33,-75.93,25.29
34.33,-75.91,25.38
34.33,-75.89,25.46
34.33,-75.87,25.46
34.33,-75.85,25.4
34.33,-75.83,25.32
34.33,-75.81,25.34
34.33,-75.79,25.39
34.33,-75.77,25.67
34.33,-75.75,25.67
34.33,-75.73,25.66
34.33,-75.71,25.77
34.33,-75.69,25.86
34.33,-75.67,25.93
34.33,-75.65,25.79
34.33,-75.63,25.83
34.33,-75.61,25.83
34.33,-75.59,25.68
34.33,-75.57,25.64
34.33,-75.55,25.56
34.33,-75.53,25.56
34.33,-75.51,25.57
34.33,-75.49,25.51
34.33,-75.47,25.5
34.33,-75.45,25.54
34.33,-75.43,25.55
34.33,-75.41,25.56
34.33,-75.39,25.51
34.33,-75.37,25.49
34.33,-75.35,25.7
34.33,-75.33,25.81
34.33,-75.31,25.83
34.33,-75.29,25.78
34.33,-75.27,25.79
34.33,-75.25,25.83
34.33,-75.23,25.86
34.33,-75.21,25.72
34.33,-75.19,25.72
34.33,-75.17,25.7
34.33,-75.15,25.41
34.33,-75.03,25.64
34.33,-75.01,25.53
34.33,-74.99,25.51
34.33,-74.97,25.51
34.33,-74.91,25.64
34.33,-74.89,25.62
34.33,-74.87,25.58
34.33,-74.85,25.72
34.33,-74.83,25.86
34.33,-74.81,25.63
34.33,-74.79,25.65
34.33,-74.77,25.56
34.33,-74.75,25.58
34.33,-74.73,25.49
34.33,-74.71,25.31
34.33,-74.69,25.25
34.33,-74.47,21.48
34.33,-74.45,21.49
34.33,-74.43,21.58
34.33,-74.41,21.52
34.33,-74.39,21.5
34.33,-74.37,21.63
34.33,-74.35,21.73
34.33,-74.33,21.46
34.33,-74.31,21.31
34.33,-74.29,21.21
34.33,-74.27,21.15
34.33,-74.25,21.02
34.33,-74.23,20.77
34.33,-74.21,20.79
34.33,-74.19,20.75
34.33,-74.17,20.61
34.33,-74.15,20.6
34.33,-73.99,20.26
34.31,-77.69,20.77
34.31,-77.67,20.68
34.31,-77.65,20.7
34.31,-77.63,20.76
34.31,-77.61,20.74
34.31,-77.59,20.69
34.31,-77.57,20.62
34.31,-77.55,20.6
34.31,-77.53,20.64
34.31,-77.51,20.65
34.31,-77.49,20.64
34.31,-77.47,20.59
34.31,-77.45,20.56
34.31,-77.43,20.65
34.31,-77.41,20.98
34.31,-77.39,20.72
34.31,-77.37,20.7
34.31,-77.35,20.71
34.31,-77.33,20.67
34.31,-77.31,20.62
34.31,-77.29,20.63
34.31,-77.27,20.67
34.31,-77.21,22.31
34.31,-77.19,22.27
34.31,-77.17,22.2
34.31,-77.15,21.95
34.31,-77.13,22.03
34.31,-77.11,22.16
34.31,-77.09,22.36
34.31,-77.07,22.52
34.31,-77.05,22.56
34.31,-77.03,22.76
34.31,-77.01,22.67
34.31,-76.99,23.07
34.31,-76.97,23.6
34.31,-76.93,23.51
34.31,-76.89,22.76
34.31,-76.87,22.64
34.31,-76.85,22.67
34.31,-76.83,22.73
34.31,-76.81,22.76
34.31,-76.79,22.86
34.31,-76.77,22.81
34.31,-76.75,22.69
34.31,-76.73,22.48
34.31,-76.71,22.21
34.31,-76.69,22.12
34.31,-76.67,22.36
34.31,-76.65,22.93
34.31,-76.63,22.92
34.31,-76.61,22.65
34.31,-76.59,22.54
34.31,-76.57,22.61
34.31,-76.55,22.6
34.31,-76.53,22.51
34.31,-76.51,22.1
34.31,-76.49,21.95
34.31,-76.35,22.0
34.31,-76.33,22.02
34.31,-76.31,22.33
34.31,-76.29,22.93
34.31,-76.27,22.93
34.31,-76.25,22.02
34.31,-76.23,23.11
34.31,-76.21,23.06
34.31,-76.19,22.98
34.31,-76.17,22.98
34.31,-76.15,23.0
34.31,-76.13,23.02
34.31,-76.11,23.06
34.31,-76.09,23.0
34.31,-76.07,23.29
34.31,-76.05,24.16
34.31,-76.03,25.08
34.31,-76.01,25.18
34.31,-75.99,25.35
34.31,-75.97,25.39
34.31,-75.95,25.37
34.31,-75.93,25.43
34.31,-75.91,25.44
34.31,-75.89,25.53
34.31,-75.87,25.53
34.31,-75.85,25.44
34.31,-75.83,25.44
34.31,-75.81,25.59
34.31,-75.79,25.72
34.31,-75.77,25.73
34.31,-75.75,25.86
34.31,-75.73,25.91
34.31,-75.71,25.93
34.31,-75.69,26.05
34.31,-75.67,25.99
34.31,-75.65,25.94
34.31,-75.63,25.85
34.31,-75.61,25.59
34.31,-75.59,25.48
34.31,-75.57,25.48
34.31,-75.55,25.46
34.31,-75.53,25.43
34.31,-75.51,25.49
34.31,-75.49,25.51
34.31,-75.47,25.52
34.31,-75.45,25.54
34.31,-75.43,25.47
34.31,-75.41,25.48
34.31,-75.39,25.48
34.31,-75.37,25.51
34.31,-75.35,25.69
34.31,-75.33,25.8
34.31,-75.31,25.83
34.31,-75.29,25.78
34.31,-75.27,25.73
34.31,-75.25,25.81
34.31,-75.23,25.7
34.31,-75.21,25.63
34.31,-75.19,25.56
34.31,-75.17,25.45
34.31,-75.15,25.33
34.31,-75.13,25.32
34.31,-75.11,25.39
34.31,-75.09,25.41
34.31,-75.03,25.68
34.31,-75.01,25.62
34.31,-74.99,25.53
34.31,-74.97,25.55
34.31,-74.95,25.62
34.31,-74.93,25.63
34.31,-74.91,25.59
34.31,-74.89,25.57
34.31,-74.87,25.55
34.31,-74.85,25.56
34.31,-74.83,25.57
34.31,-74.81,25.52
34.31,-74.79,25.53
34.31,-74.77,25.43
34.31,-74.75,25.63
34.31,-74.73,25.42
34.31,-74.71,25.28
34.31,-74.69,25.23
34.31,-74.67,24.83
34.31,-74.65,24.05
34.31,-74.63,23.22
34.31,-74.53,21.51
34.31,-74.51,21.64
34.31,-74.49,21.63
34.31,-74.47,21.66
34.31,-74.45,21.63
34.31,-74.43,21.63
34.31,-74.41,21.63
34.31,-74.39,21.5
34.31,-74.31,21.34
34.31,-74.13,20.76
34.31,-74.11,20.84
34.29,-77.69,20.74
34.29,-77.67,20.69
34.29,-77.65,20.73
34.29,-77.63,20.72
34.29,-77.61,20.71
34.29,-77.59,20.64
34.29,-77.57,20.71
34.29,-77.55,20.66
34.29,-77.53,20.63
34.29,-77.51,20.68
34.29,-77.49,20.73
34.29,-77.47,20.8
34.29,-77.45,20.84
34.29,-77.43,20.94
34.29,-77.39,20.75
34.29,-77.37,20.78
34.29,-77.35,20.86
34.29,-77.33,20.77
34.29,-77.31,20.68
34.29,-77.29,20.78
34.29,-77.27,21.08
34.29,-77.23,21.95
34.29,-77.21,22.1
34.29,-77.19,22.08
34.29,-77.17,22.03
34.29,-77.15,22.09
34.29,-77.13,22.06
34.29,-77.11,22.05
34.29,-77.09,22.15
34.29,-77.07,22.2
34.29,-77.05,22.66
34.29,-77.03,22.73
34.29,-77.01,22.76
34.29,-76.99,23.11
34.29,-76.97,23.6
34.29,-76.95,23.6
34.29,-76.93,23.51
34.29,-76.91,23.42
34.29,-76.89,23.05
34.29,-76.87,22.99
34.29,-76.85,22.97
34.29,-76.83,22.95
34.29,-76.81,22.95
34.29,-76.79,23.11
34.29,-76.77,23.11
34.29,-76.75,22.82
34.29,-76.73,22.73
34.29,-76.71,22.52
34.29,-76.69,22.49
34.29,-76.67,22.91
34.29,-76.65,23.06
34.29,-76.63,23.04
34.29,-76.61,23.06
34.29,-76.59,23.02
34.29,-76.57,22.9
34.29,-76.55,22.87
34.29,-76.53,22.66
34.29,-76.51,22.67
34.29,-76.49,22.29
34.29,-76.47,22.27
34.29,-76.45,21.96
34.29,-76.43,22.49
34.29,-76.41,22.22
34.29,-76.39,22.12
34.29,-76.37,22.16
34.29,-76.35,22.31
34.29,-76.33,22.32
34.29,-76.31,23.08
34.29,-76.29,23.17
34.29,-76.27,23.54
34.29,-76.25,23.56
34.29,-76.23,23.59
34.29,-76.21,23.55
34.29,-76.19,23.45
34.29,-76.17,23.38
34.29,-76.15,23.41
34.29,-76.13,23.27
34.29,-76.11,23.24
34.29,-76.09,24.34
34.29,-76.07,25.14
34.29,-76.05,25.35
34.29,-76.03,25.42
34.29,-76.01,25.49
34.29,-75.99,25.39
34.29,-75.97,25.38
34.29,-75.95,25.46
34.29,-75.93,25.5
34.29,-75.91,25.39
34.29,-75.89,25.78
34.29,-75.87,25.7
34.29,-75.85,25.67
34.29,-75.83,25.77
34.29,-75.81,25.82
34.29,-75.79,25.82
34.29,-75.77,25.8
34.29,-75.75,25.87
34.29,-75.73,25.86
34.29,-75.71,25.87
34.29,-75.69,25.98
34.29,-75.67,26.1
34.29,-75.65,25.83
34.29,-75.63,25.67
34.29,-75.61,25.47
34.29,-75.59,25.42
34.29,-75.57,25.4
34.29,-75.55,25.47
34.29,-75.53,25.49
34.29,-75.51,25.51
34.29,-75.49,25.54
34.29,-75.47,25.56
34.29,-75.45,25.51
34.29,-75.43,25.5
34.29,-75.41,25.51
34.29,-75.39,25.51
34.29,-75.37,25.5
34.29,-75.35,25.58
34.29,-75.33,25.66
34.29,-75.31,25.74
34.29,-75.29,25.76
34.29,-75.27,25.72
34.29,-75.25,25.75
34.29,-75.23,25.69
34.29,-75.21,25.66
34.29,-75.19,25.62
34.29,-75.17,25.56
34.29,-75.15,25.44
34.29,-75.13,25.47
34.29,-75.11,25.47
34.29,-75.09,25.44
34.29,-75.07,25.45
34.29,-75.03,25.54
34.29,-75.01,25.71
34.29,-74.99,25.8
34.29,-74.97,25.86
34.29,-74.95,25.64
34.29,-74.93,25.62
34.29,-74.91,25.65
34.29,-74.89,25.7
34.29,-74.87,25.68
34.29,-74.85,25.59
34.29,-74.83,25.51
34.29,-74.81,25.53
34.29,-74.79,25.58
34.29,-74.77,25.46
34.29,-74.75,25.43
34.29,-74.73,25.66
34.29,-74.71,25.22
34.29,-74.69,25.18
34.29,-74.67,24.38
34.29,-74.65,23.67
34.29,-74.55,21.44
34.29,-74.53,21.47
34.29,-74.41,21.37
34.27,-77.73,20.92
34.27,-77.71,20.89
34.27,-77.69,20.73
34.27,-77.67,20.67
34.27,-77.65,20.64
34.27,-77.63,20.64
34.27,-77.61,20.66
34.27,-77.59,20.66
34.27,-77.57,20.73
34.27,-77.55,20.69
34.27,-77.53,20.69
34.27,-77.51,20.68
34.27,-77.49,20.6
34.27,-77.47,20.87
34.27,-77.45,20.77
34.27,-77.43,20.85
34.27,-77.41,20.88
34.27,-77.39,20.66
34.27,-77.37,20.66
34.27,-77.35,20.76
34.27,-77.33,20.73
34.27,-77.31,20.83
34.27,-77.29,21.16
34.27,-77.27,21.41
34.27,-77.25,21.57
34.27,-77.23,21.83
34.27,-77.21,22.05
34.27,-77.19,22.15
34.27,-77.17,22.04
34.27,-77.15,22.08
34.27,-77.13,22.09
34.27,-77.11,22.18
34.27,-77.09,22.3
34.27,-77.07,22.52
34.27,-77.05,22.66
34.27,-77.03,22.94
34.27,-77.01,23.01
34.27,-76.99,23.31
34.27,-76.97,23.46
34.27,-76.95,23.44
34.27,-76.93,23.51
34.27,-76.91,23.47
34.27,-76.89,23.44
34.27,-76.87,23.43
34.27,-76.85,23.47
34.27,-76.83,23.25
34.27,-76.81,23.25
34.27,-76.79,23.31
34.27,-76.77,23.2
34.27,-76.75,22.98
34.27,-76.73,22.9
34.27,-76.71,23.1
34.27,-76.69,23.14
34.27,-76.67,23.34
34.27,-76.65,23.32
34.27,-76.63,23.3
34.27,-76.61,23.18
34.27,-76.59,23.17
34.27,-76.57,23.16
34.27,-76.55,23.25
34.27,-76.53,23.28
34.27,-76.51,23.32
34.27,-76.49,23.02
34.27,-76.47,22.96
34.27,-76.45,22.85
34.27,-76.43,22.87
34.27,-76.41,22.85
34.27,-76.39,22.43
34.27,-76.37,22.42
34.27,-76.35,22.74
34.27,-76.33,23.22
34.27,-76.31,23.41
34.27,-76.29,23.53
34.27,-76.27,23.5
34.27,-76.25,23.59
34.27,-76.23,23.62
34.27,-76.21,23.53
34.27,-76.19,23.52
34.27,-76.17,23.42
34.27,-76.15,23.39
34.27,-76.13,23.4
34.27,-76.11,24.83
34.27,-76.09,25.26
34.27,-76.07,25.27
34.27,-76.05,25.32
34.27,-76.03,25.25
34.27,-76.01,25.26
34.27,-75.99,25.46
34.27,-75.97,25.49
34.27,-75.95,25.62
34.27,-75.93,25.84
34.27,-75.91,25.86
34.27,-75.89,25.84
34.27,-75.87,25.84
34.27,-75.85,25.98
34.27,-75.83,25.88
34.27,-75.81,25.87
34.27,-75.79,25.86
34.27,-75.77,25.89
34.27,-75.75,25.9
34.27,-75.73,25.92
34.27,-75.71,25.92
34.27,-75.69,25.87
34.27,-75.67,25.87
34.27,-75.65,25.74
34.27,-75.63,25.55
34.27,-75.61,25.61
34.27,-75.59,25.57
34.27,-75.57,25.48
34.27,-75.55,25.43
34.27,-75.53,25.45
34.27,-75.51,25.52
34.27,-75.49,25.57
34.27,-75.47,25.58
34.27,-75.45,25.51
34.27,-75.43,25.52
34.27,-75.41,25.58
34.27,-75.39,25.56
34.27,-75.37,25.51
34.27,-75.35,25.54
34.27,-75.33,25.62
34.27,-75.31,25.65
34.27,-75.29,25.78
34.27,-75.27,25.81
34.27,-75.25,25.78
34.27,-75.23,25.74
34.27,-75.21,25.66
34.27,-75.19,25.55
34.27,-75.17,25.48
34.27,-75.15,25.46
34.27,-75.13,25.47
34.27,-75.11,25.44
34.27,-75.09,25.39
34.27,-75.07,25.36
34.27,-75.05,25.36
34.27,-75.03,25.45
34.27,-75.01,25.48
34.27,-74.99,25.75
34.27,-74.97,25.85
34.27,-74.95,25.64
34.27,-74.93,25.63
34.27,-74.91,25.74
34.27,-74.89,25.75
34.27,-74.87,25.72
34.27,-74.85,25.66
34.27,-74.83,25.6
34.27,-74.81,25.59
34.27,-74.79,25.59
34.27,-74.77,25.43
34.27,-74.75,25.35
34.27,-74.73,25.41
34.27,-74.71,25.42
34.27,-74.69,25.16
34.27,-74.67,24.37
34.27,-74.65,23.17
34.27,-74.51,21.13
34.27,-74.49,21.3
34.27,-74.47,21.46
34.27,-74.45,21.46
34.27,-74.43,21.44
34.27,-74.41,21.39
34.27,-74.39,21.37
34.27,-74.37,21.37
34.27,-74.35,21.44
34.27,-74.33,21.53
34.25,-77.75,20.9
34.25,-77.73,20.89
34.25,-77.71,20.85
34.25,-77.69,20.75
34.25,-77.67,20.64
34.25,-77.65,20.61
34.25,-77.63,20.58
34.25,-77.61,20.63
34.25,-77.59,20.65
34.25,-77.57,20.68
34.25,-77.55,20.65
34.25,-77.53,20.63
34.25,-77.51,20.63
34.25,-77.49,20.64
34.25,-77.47,20.69
34.25,-77.45,20.71
34.25,-77.43,20.69
34.25,-77.41,20.72
34.25,-77.39,20.73
34.25,-77.37,20.72
34.25,-77.35,20.79
34.25,-77.33,20.98
34.25,-77.31,21.23
34.25,-77.29,21.36
34.25,-77.27,21.51
34.25,-77.25,21.64
34.25,-77.23,22.07
34.25,-77.21,22.18
34.25,-77.19,22.23
34.25,-77.17,22.3
34.25,-77.15,22.31
34.25,-77.13,22.3
34.25,-77.11,22.39
34.25,-77.09,22.61
34.25,-77.07,22.64
34.25,-77.05,22.91
34.25,-77.03,23.03
34.25,-77.01,23.19
34.25,-76.99,23.31
34.25,-76.97,23.33
34.25,-76.95,23.37
34.25,-76.93,23.48
34.25,-76.91,23.54
34.25,-76.89,23.57
34.25,-76.87,23.59
34.25,-76.85,23.57
34.25,-76.83,23.49
34.25,-76.81,23.41
34.25,-76.79,23.37
34.25,-76.77,23.25
34.25,-76.75,23.42
34.25,-76.73,23.39
34.25,-76.71,23.36
34.25,-76.69,23.41
34.25,-76.67,23.44
34.25,-76.65,23.49
34.25,-76.63,23.33
34.25,-76.61,23.23
34.25,-76.59,23.26
34.25,-76.57,23.35
34.25,-76.55,23.47
34.25,-76.53,23.47
34.25,-76.51,23.41
34.25,-76.49,23.34
34.25,-76.47,23.28
34.25,-76.45,23.14
34.25,-76.43,23.24
34.25,-76.41,23.2
34.25,-76.39,23.4
34.25,-76.37,23.46
34.25,-76.35,23.51
34.25,-76.33,23.56
34.25,-76.31,23.58
34.25,-76.29,23.59
34.25,-76.27,23.55
34.25,-76.25,23.52
34.25,-76.23,23.56
34.25,-76.21,23.51
34.25,-76.19,23.58
34.25,-76.17,23.65
34.25,-76.15,24.58
34.25,-76.13,25.24
34.25,-76.11,25.33
34.25,-76.09,25.56
34.25,-76.07,25.58
34.25,-76.05,25.57
34.25,-76.03,25.57
34.25,-76.01,25.55
34.25,-75.99,25.56
34.25,-75.97,25.87
34.25,-75.95,26.02
34.25,-75.93,26.02
34.25,-75.91,25.99
34.25,-75.89,25.97
34.25,-75.87,25.97
34.25,-75.85,25.99
34.25,-75.83,25.91
34.25,-75.81,25.9
34.25,-75.79,25.94
34.25,-75.77,25.93
34.25,-75.75,25.93
34.25,-75.73,25.95
34.25,-75.71,25.95
34.25,-75.69,25.79
34.25,-75.67,25.67
34.25,-75.65,25.58
34.25,-75.63,25.57
34.25,-75.61,25.55
34.25,-75.59,25.52
34.25,-75.57,25.53
34.25,-75.55,25.4
34.25,-75.53,25.39
34.25,-75.51,25.53
34.25,-75.49,25.6
34.25,-75.47,25.56
34.25,-75.45,25.57
34.25,-75.43,25.62
34.25,-75.41,25.52
34.25,-75.39,25.49
34.25,-75.37,25.68
34.25,-75.35,25.72
34.25,-75.33,25.71
34.25,-75.31,25.75
34.25,-75.29,25.82
34.25,-75.27,25.83
34.25,-75.25,25.76
34.25,-75.23,25.62
34.25,-75.21,25.54
34.25,-75.19,25.47
34.25,-75.17,25.44
34.25,-75.15,25.43
34.25,-75.13,25.49
34.25,-75.11,25.51
34.25,-75.09,25.53
34.25,-75.07,25.43
34.25,-75.05,25.35
34.25,-75.03,25.44
34.25,-75.01,25.49
34.25,-74.97,25.87
34.25,-74.95,25.82
34.25,-74.93,25.5
34.25,-74.91,25.52
34.25,-74.89,25.59
34.25,-74.87,25.59
34.25,-74.85,25.56
34.25,-74.83,25.55
34.25,-74.81,25.56
34.25,-74.79,25.56
34.25,-74.77,25.54
34.25,-74.75,25.35
34.25,-74.73,25.37
34.25,-74.71,25.36
34.25,-74.69,25.33
34.25,-74.55,21.14
34.25,-74.53,21.15
34.25,-74.51,21.18
34.25,-74.49,21.22
34.25,-74.47,21.33
34.25,-74.43,21.43
34.25,-74.41,21.45
34.25,-74.39,21.44
34.25,-74.37,21.47
34.25,-74.35,21.54
34.25,-74.33,21.56
34.25,-74.31,21.54
34.25,-74.29,21.72
34.25,-74.27,21.61
34.25,-74.11,21.61
34.25,-74.09,21.54
34.25,-74.07,21.54
34.25,-74.05,21.54
34.23,-77.77,20.83
34.23,-77.75,20.78
34.23,-77.73,20.72
34.23,-77.71,20.67
34.23,-77.69,20.68
34.23,-77.67,20.68
34.23,-77.65,20.63
34.23,-77.63,20.65
34.23,-77.61,20.64
34.23,-77.59,20.61
34.23,-77.57,20.63
34.23,-77.55,20.6
34.23,-77.53,20.65
34.23,-77.51,20.67
34.23,-77.49,20.68
34.23,-77.47,20.69
34.23,-77.45,20.73
34.23,-77.43,20.73
34.23,-77.41,20.72
34.23,-77.39,20.81
34.23,-77.37,20.99
34.23,-77.35,21.11
34.23,-77.33,21.22
34.23,-77.31,21.32
34.23,-77.29,21.37
34.23,-77.27,21.47
34.23,-77.25,21.64
34.23,-77.23,22.02
34.23,-77.21,22.41
34.23,-77.19,22.48
34.23,-77.17,22.51
34.23,-77.15,22.56
34.23,-77.13,22.57
34.23,-77.11,22.6
34.23,-77.09,22.74
34.23,-77.07,22.86
34.23,-77.05,22.99
34.23,-77.03,23.14
34.23,-77.01,23.26
34.23,-76.99,23.37
34.23,-76.97,23.42
34.23,-76.95,23.46
34.23,-76.93,23.48
34.23,-76.91,23.54
34.23,-76.89,23.58
34.23,-76.87,23.58
34.23,-76.85,23.58
34.23,-76.83,23.54
34.23,-76.81,23.45
34.23,-76.79,23.44
34.23,-76.77,23.43
34.23,-76.75,23.38
34.23,-76.73,23.48
34.23,-76.71,23.5
34.23,-76.69,23.65
34.23,-76.67,23.53
34.23,-76.65,23.55
34.23,-76.63,23.41
34.23,-76.61,23.44
34.23,-76.59,23.44
34.23,-76.57,23.46
34.23,-76.55,23.53
34.23,-76.53,23.59
34.23,-76.51,23.49
34.23,-76.49,23.47
34.23,-76.47,23.51
34.23,-76.45,23.44
34.23,-76.43,23.44
34.23,-76.41,23.45
34.23,-76.39,23.43
34.23,-76.37,23.44
34.23,-76.35,23.51
34.23,-76.33,23.63
34.23,-76.31,23.64
34.23,-76.29,23.55
34.23,-76.27,23.59
34.23,-76.25,23.66
34.23,-76.23,23.68
34.23,-76.21,23.91
34.23,-76.19,23.99
34.23,-76.17,24.62
34.23,-76.15,25.53
34.23,-76.13,25.52
34.23,-76.11,25.49
34.23,-76.09,25.64
34.23,-76.07,25.65
34.23,-76.05,25.66
34.23,-76.03,25.64
34.23,-76.01,25.77
34.23,-75.99,26.02
34.23,-75.97,26.13
34.23,-75.95,26.11
34.23,-75.93,26.05
34.23,-75.91,26.03
34.23,-75.89,26.02
34.23,-75.87,26.0
34.23,-75.85,25.98
34.23,-75.83,25.93
34.23,-75.81,25.97
34.23,-75.79,25.97
34.23,-75.77,25.96
34.23,-75.75,25.92
34.23,-75.73,25.97
34.23,-75.71,25.87
34.23,-75.69,25.74
34.23,-75.67,25.7
34.23,-75.65,25.69
34.23,-75.63,25.77
34.23,-75.61,25.69
34.23,-75.59,25.55
34.23,-75.57,25.55
34.23,-75.55,25.57
34.23,-75.53,25.5
34.23,-75.51,25.53
34.23,-75.49,25.57
34.23,-75.47,25.55
34.23,-75.45,25.57
34.23,-75.43,25.54
34.23,-75.41,25.52
34.23,-75.39,25.6
34.23,-75.37,25.65
34.23,-75.35,25.75
34.23,-75.33,25.79
34.23,-75.31,25.8
34.23,-75.29,25.77
34.23,-75.27,25.77
34.23,-75.25,25.8
34.23,-75.23,25.63
34.23,-75.21,25.54
34.23,-75.19,25.5
34.23,-75.17,25.46
34.23,-75.15,25.37
34.23,-75.13,25.45
34.23,-75.11,25.44
34.23,-75.09,25.51
34.23,-75.07,25.47
34.23,-75.05,25.44
34.23,-75.03,25.4
34.23,-74.73,25.25
34.23,-74.71,25.21
34.23,-74.69,25.18
34.23,-74.53,21.12
34.23,-74.51,21.15
34.23,-74.49,21.18
34.23,-74.47,21.31
34.23,-74.45,21.38
34.23,-74.43,21.37
34.23,-74.41,21.32
34.23,-74.37,21.4
34.23,-74.35,21.43
34.23,-74.33,21.55
34.23,-74.31,21.63
34.23,-74.29,21.76
34.23,-74.27,21.62
34.23,-74.25,21.6
34.23,-74.23,21.75
34.23,-74.21,21.79
34.23,-74.19,21.76
34.23,-74.11,21.62
34.23,-74.09,21.56
34.23,-74.07,21.54
34.23,-74.05,21.47
34.23,-74.01,21.09
34.23,-73.99,21.12
34.21,-77.77,20.8
34.21,-77.75,20.74
34.21,-77.73,20.64
34.21,-77.71,20.56
34.21,-77.69,20.6
34.21,-77.67,20.68
34.21,-77.65,20.69
34.21,-77.63,20.7
34.21,-77.61,20.69
34.21,-77.59,20.66
34.21,-77.57,20.66
34.21,-77.55,20.67
34.21,-77.53,20.72
34.21,-77.51,20.75
34.21,-77.49,20.78
34.21,-77.47,20.76
34.21,-77.45,20.76
34.21,-77.43,20.8
34.21,-77.41,20.9
34.21,-77.39,21.08
34.21,-77.37,21.22
34.21,-77.35,21.31
34.21,-77.33,21.34
34.21,-77.31,21.36
34.21,-77.29,21.36
34.21,-77.27,21.5
34.21,-77.25,21.67
34.21,-77.23,21.96
34.21,-77.21,22.41
34.21,-77.19,22.71
34.21,-77.17,22.79
34.21,-77.15,22.81
34.21,-77.13,22.86
34.21,-77.11,22.87
34.21,-77.09,22.95
34.21,-77.07,23.05
34.21,-77.05,23.2
34.21,-77.03,23.27
34.21,-77.01,23.32
34.21,-76.99,23.42
34.21,-76.97,23.48
34.21,-76.95,23.46
34.21,-76.93,23.45
34.21,-76.91,23.49
34.21,-76.89,23.51
34.21,-76.87,23.5
34.21,-76.85,23.53
34.21,-76.83,23.54
34.21,-76.81,23.49
34.21,-76.79,23.46
34.21,-76.77,23.43
34.21,-76.75,23.49
34.21,-76.73,23.56
34.21,-76.71,23.56
34.21,-76.69,23.66
34.21,-76.67,23.51
34.21,-76.65,23.57
34.21,-76.63,23.49
34.21,-76.61,23.44
34.21,-76.59,23.45
34.21,-76.57,23.5
34.21,-76.55,23.55
34.21,-76.53,23.61
34.21,-76.51,23.6
34.21,-76.49,23.61
34.21,-76.47,23.58
34.21,-76.45,23.53
34.21,-76.43,23.51
34.21,-76.41,23.46
34.21,-76.39,23.41
34.21,-76.37,23.53
34.21,-76.35,23.69
34.21,-76.33,23.66
34.21,-76.31,23.74
34.21,-76.29,23.77
34.21,-76.27,23.86
34.21,-76.25,23.93
34.21,-76.23,24.22
34.21,-76.21,25.19
34.21,-76.19,25.26
34.21,-76.17,25.51
34.21,-76.15,25.56
34.21,-76.13,25.81
34.21,-76.11,25.66
34.21,-76.09,25.67
34.21,-76.07,25.77
34.21,-76.05,25.89
34.21,-76.03,26.02
34.21,-76.01,26.14
34.21,-75.99,26.04
34.21,-75.97,26.03
34.21,-75.95,26.11
34.21,-75.93,26.08
34.21,-75.91,26.07
34.21,-75.89,26.08
34.21,-75.87,26.01
34.21,-75.85,26.0
34.21,-75.83,25.96
34.21,-75.81,25.96
34.21,-75.79,25.96
34.21,-75.77,25.87
34.21,-75.75,25.83
34.21,-75.73,25.86
34.21,-75.71,25.83
34.21,-75.69,25.7
34.21,-75.67,25.76
34.21,-75.65,25.79
34.21,-75.63,25.81
34.21,-75.61,25.7
34.21,-75.59,25.65
34.21,-75.57,25.61
34.21,-75.55,25.63
34.21,-75.53,25.63
34.21,-75.51,25.61
34.21,-75.49,25.59
34.21,-75.47,25.52
34.21,-75.45,25.51
34.21,-75.43,25.55
34.21,-75.41,25.6
34.21,-75.39,25.61
34.21,-75.37,25.63
34.21,-75.35,25.71
34.21,-75.33,25.71
34.21,-75.31,25.69
34.21,-75.29,25.72
34.21,-75.27,25.67
34.21,-75.25,25.58
34.21,-75.23,25.53
34.21,-75.21,25.43
34.21,-75.19,25.35
34.21,-75.17,25.34
34.21,-75.15,25.35
34.21,-75.13,25.37
34.21,-75.11,25.43
34.21,-75.09,25.42
34.21,-75.07,25.45
34.21,-75.03,25.42
34.21,-74.87,25.53
34.21,-74.85,25.51
34.21,-74.83,25.47
34.21,-74.81,25.43
34.21,-74.79,25.4
34.21,-74.77,25.27
34.21,-74.75,25.3
34.21,-74.71,25.2
34.21,-74.69,25.19
34.21,-74.53,21.13
34.21,-74.51,21.16
34.21,-74.49,21.22
34.21,-74.47,21.32
34.21,-74.45,21.3
34.21,-74.43,21.27
34.21,-74.41,21.29
34.21,-74.39,21.33
34.21,-74.37,21.38
34.21,-74.35,21.38
34.21,-74.33,21.51
34.21,-74.31,21.63
34.21,-74.27,21.48
34.21,-74.25,21.57
34.21,-74.23,21.75
34.21,-74.21,21.81
34.21,-74.19,21.76
34.21,-74.01,21.11
34.21,-73.99,21.12
34.21,-73.97,21.13
34.21,-73.95,21.04
34.19,-77.79,21.0
34.19,-77.77,20.75
34.19,-77.75,20.66
34.19,-77.73,20.56
34.19,-77.71,20.51
34.19,-77.69,20.56
34.19,-77.67,20.65
34.19,-77.65,20.69
34.19,-77.63,20.73
34.19,-77.61,20.72
34.19,-77.59,20.74
34.19,-77.57,20.78
34.19,-77.55,20.81
34.19,-77.53,20.86
34.19,-77.51,20.91
34.19,-77.49,20.92
34.19,-77.47,20.91
34.19,-77.45,20.96
34.19,-77.43,20.95
34.19,-77.41,21.11
34.19,-77.39,21.29
34.19,-77.37,21.39
34.19,-77.35,21.45
34.19,-77.33,21.46
34.19,-77.31,21.42
34.19,-77.29,21.48
34.19,-77.27,21.7
34.19,-77.25,21.83
34.19,-77.23,22.0
34.19,-77.21,22.56
34.19,-77.19,22.89
34.19,-77.17,22.92
34.19,-77.15,23.03
34.19,-77.13,23.04
34.19,-77.11,23.04
34.19,-77.09,23.13
34.19,-77.07,23.21
34.19,-77.05,23.26
34.19,-77.03,23.33
34.19,-77.01,23.38
34.19,-76.99,23.41
34.19,-76.97,23.47
34.19,-76.95,23.46
34.19,-76.93,23.43
34.19,-76.91,23.42
34.19,-76.89,23.39
34.19,-76.87,23.39
34.19,-76.85,23.43
34.19,-76.83,23.47
34.19,-76.81,23.48
34.19,-76.79,23.5
34.19,-76.77,23.51
34.19,-76.75,23.54
34.19,-76.73,23.58
34.19,-76.71,23.56
34.19,-76.69,23.52
34.19,-76.67,23.53
34.19,-76.65,23.53
34.19,-76.63,23.48
34.19,-76.61,23.46
34.19,-76.59,23.49
34.19,-76.57,23.54
34.19,-76.55,23.6
34.19,-76.53,23.64
34.19,-76.51,23.63
34.19,-76.49,23.62
34.19,-76.47,23.59
34.19,-76.45,23.55
34.19,-76.43,23.52
34.19,-76.41,23.49
34.19,-76.39,23.48
34.19,-76.37,23.61
34.19,-76.35,23.79
34.19,-76.33,23.9
34.19,-76.31,24.2
34.19,-76.29,24.51
34.19,-76.27,24.69
34.19,-76.25,25.09
34.19,-76.23,25.26
34.19,-76.21,25.41
34.19,-76.19,25.48
34.19,-76.17,25.51
34.19,-76.15,25.51
34.19,-76.13,25.71
34.19,-76.11,25.7
34.19,-76.09,25.87
34.19,-76.07,25.96
34.19,-76.05,25.95
34.19,-76.03,25.97
34.19,-76.01,25.97
34.19,-75.99,26.07
34.19,-75.97,26.14
34.19,-75.95,26.03
34.19,-75.93,26.03
34.19,-75.91,26.04
34.19,-75.89,26.03
34.19,-75.87,26.0
34.19,-75.85,25.97
34.19,-75.83,25.95
34.19,-75.81,26.03
34.19,-75.79,25.98
34.19,-75.77,25.78
34.19,-75.75,25.77
34.19,-75.73,25.73
34.19,-75.71,25.74
34.19,-75.69,25.77
34.19,-75.67,25.83
34.19,-75.65,25.78
34.19,-75.63,25.77
34.19,-75.61,25.82
34.19,-75.59,25.78
34.19,-75.57,25.73
34.19,-75.55,25.68
34.19,-75.53,25.63
34.19,-75.51,25.61
34.19,-75.49,25.62
34.19,-75.47,25.57
34.19,-75.45,25.57
34.19,-75.43,25.56
34.19,-75.41,25.61
34.19,-75.39,25.69
34.19,-75.37,25.72
34.19,-75.35,25.69
34.19,-75.33,25.69
34.19,-75.31,25.7
34.19,-75.29,25.67
34.19,-75.27,25.63
34.19,-75.25,25.57
34.19,-75.23,25.51
34.19,-75.21,25.48
34.19,-75.19,25.35
34.19,-75.17,25.35
34.19,-75.15,25.38
34.19,-75.13,25.39
34.19,-75.11,25.39
34.19,-75.09,25.36
34.19,-75.07,25.32
34.19,-75.05,25.43
34.19,-75.03,25.49
34.19,-75.01,25.52
34.19,-74.99,25.5
34.19,-74.97,25.48
34.19,-74.95,25.66
34.19,-74.83,25.48
34.19,-74.81,25.42
34.19,-74.79,25.31
34.19,-74.77,25.17
34.19,-74.75,25.08
34.19,-74.51,21.08
34.19,-74.49,21.07
34.19,-74.47,21.09
34.19,-74.39,21.22
34.19,-74.37,21.19
34.19,-74.35,21.22
34.19,-74.27,21.52
34.19,-74.19,21.9
34.19,-74.15,21.51
34.19,-74.13,21.51
34.19,-74.11,21.55
34.19,-74.09,21.69
34.19,-74.07,21.68
34.19,-74.05,21.29
34.19,-74.03,21.19
34.19,-74.01,21.16
34.19,-73.99,21.17
34.19,-73.97,21.09
34.17,-77.81,21.01
34.17,-77.79,20.87
34.17,-77.77,20.76
34.17,-77.75,20.73
34.17,-77.73,20.59
34.17,-77.71,20.63
34.17,-77.69,20.64
34.17,-77.67,20.64
34.17,-77.65,20.68
34.17,-77.63,20.83
34.17,-77.61,20.8
34.17,-77.59,20.79
34.17,-77.57,20.85
34.17,-77.55,20.89
34.17,-77.53,21.0
34.17,-77.51,21.08
34.17,-77.49,21.13
34.17,-77.47,21.16
34.17,-77.45,21.18
34.17,-77.43,21.23
34.17,-77.41,21.33
34.17,-77.39,21.43
34.17,-77.37,21.46
34.17,-77.35,21.51
34.17,-77.33,21.54
34.17,-77.31,21.59
34.17,-77.29,21.97
34.17,-77.27,21.93
34.17,-77.25,21.98
34.17,-77.23,22.36
34.17,-77.21,22.72
34.17,-77.19,22.87
34.17,-77.17,22.97
34.17,-77.15,23.03
34.17,-77.13,23.09
34.17,-77.11,23.17
34.17,-77.09,23.2
34.17,-77.07,23.24
34.17,-77.05,23.27
34.17,-77.03,23.31
34.17,-77.01,23.34
34.17,-76.99,23.4
34.17,-76.97,23.47
34.17,-76.95,23.47
34.17,-76.93,23.35
34.17,-76.91,23.34
34.17,-76.89,23.33
34.17,-76.87,23.36
34.17,-76.85,23.38
34.17,-76.83,23.41
34.17,-76.81,23.42
34.17,-76.79,23.41
34.17,-76.77,23.51
34.17,-76.75,23.56
34.17,-76.73,23.55
34.17,-76.71,23.52
34.17,-76.69,23.48
34.17,-76.67,23.5
34.17,-76.65,23.55
34.17,-76.63,23.53
34.17,-76.61,23.5
34.17,-76.59,23.48
34.17,-76.57,23.52
34.17,-76.55,23.58
34.17,-76.53,23.65
34.17,-76.51,23.67
34.17,-76.49,23.74
34.17,-76.47,23.73
34.17,-76.45,23.57
34.17,-76.43,23.97
34.17,-76.41,24.01
34.17,-76.39,24.34
34.17,-76.37,24.44
34.17,-76.35,24.57
34.17,-76.33,24.55
34.17,-76.31,25.04
34.17,-76.29,25.07
34.17,-76.27,25.26
34.17,-76.25,25.28
34.17,-76.23,25.41
34.17,-76.21,25.53
34.17,-76.19,25.44
34.17,-76.17,25.59
34.17,-76.15,25.68
34.17,-76.13,25.91
34.17,-76.11,26.08
34.17,-76.09,26.05
34.17,-76.07,26.01
34.17,-76.05,25.92
34.17,-76.03,25.95
34.17,-76.01,25.95
34.17,-75.99,26.0
34.17,-75.97,26.05
34.17,-75.95,26.05
34.17,-75.93,25.94
34.17,-75.91,25.95
34.17,-75.89,26.01
34.17,-75.87,25.96
34.17,-75.85,25.9
34.17,-75.83,25.88
34.17,-75.81,25.88
34.17,-75.79,25.72
34.17,-75.77,25.74
34.17,-75.75,25.77
34.17,-75.73,25.75
34.17,-75.71,25.79
34.17,-75.69,25.84
34.17,-75.67,25.82
34.17,-75.65,25.78
34.17,-75.63,25.76
34.17,-75.61,25.78
34.17,-75.59,25.8
34.17,-75.57,25.83
34.17,-75.55,25.75
34.17,-75.53,25.69
34.17,-75.51,25.62
34.17,-75.49,25.62
34.17,-75.47,25.66
34.17,-75.45,25.59
34.17,-75.43,25.56
34.17,-75.41,25.61
34.17,-75.39,25.67
34.17,-75.37,25.73
34.17,-75.35,25.77
34.17,-75.33,25.81
34.17,-75.31,25.76
34.17,-75.29,25.68
34.17,-75.27,25.59
34.17,-75.25,25.52
34.17,-75.23,25.59
34.17,-75.21,25.5
34.17,-75.19,25.25
34.17,-75.17,25.29
34.17,-75.15,25.35
34.17,-75.13,25.4
34.17,-75.11,25.42
34.17,-75.09,25.38
34.17,-75.07,25.33
34.17,-75.05,25.44
34.17,-75.03,25.5
34.17,-75.01,25.52
34.17,-74.99,25.58
34.17,-74.97,25.7
34.17,-74.95,25.74
34.17,-74.71,24.75
34.17,-74.51,20.89
34.17,-74.49,20.78
34.17,-74.47,20.8
34.17,-74.41,21.06
34.17,-74.39,21.12
34.17,-74.37,21.13
34.17,-74.35,21.18
34.17,-74.33,21.51
34.17,-74.31,21.48
34.17,-74.29,21.6
34.17,-74.27,21.61
34.17,-74.25,21.53
34.17,-74.23,21.86
34.17,-74.21,21.86
34.17,-74.19,21.86
34.17,-74.17,21.5
34.17,-74.15,21.51
34.17,-74.13,21.51
34.17,-74.11,21.55
34.17,-74.09,21.64
34.17,-74.07,21.64
34.17,-74.05,21.28
34.17,-74.03,21.24
34.17,-74.01,21.18
34.17,-73.99,21.09
34.17,-73.97,21.03
34.17,-73.95,20.92
34.17,-73.93,20.64
34.17,-73.91,20.64
34.17,-73.69,21.06
34.15,-77.83,21.0
34.15,-77.81,21.03
34.15,-77.79,20.89
34.15,-77.77,20.83
34.15,-77.75,20.74
34.15,-77.73,20.69
34.15,-77.71,20.65
34.15,-77.69,20.76
34.15,-77.67,20.79
34.15,-77.65,20.8
34.15,-77.63,20.86
34.15,-77.61,20.91
34.15,-77.59,20.94
34.15,-77.57,20.97
34.15,-77.55,21.01
34.15,-77.53,21.13
34.15,-77.51,21.26
34.15,-77.49,21.3
34.15,-77.47,21.38
34.15,-77.45,21.38
34.15,-77.43,21.38
34.15,-77.41,21.45
34.15,-77.39,21.51
34.15,-77.37,21.55
34.15,-77.35,21.68
34.15,-77.33,22.11
34.15,-77.31,22.29
34.15,-77.29,22.36
34.15,-77.27,22.43
34.15,-77.25,22.48
34.15,-77.23,22.52
34.15,-77.21,22.66
34.15,-77.19,22.84
34.15,-77.17,22.94
34.15,-77.15,23.03
34.15,-77.13,23.14
34.15,-77.11,23.17
34.15,-77.09,23.17
34.15,-77.07,23.21
34.15,-77.05,23.26
34.15,-77.03,23.28
34.15,-77.01,23.33
34.15,-76.99,23.35
34.15,-76.97,23.37
34.15,-76.95,23.34
34.15,-76.93,23.31
34.15,-76.91,23.32
34.15,-76.89,23.37
34.15,-76.87,23.39
34.15,-76.85,23.37
34.15,-76.83,23.31
34.15,-76.81,23.3
34.15,-76.79,23.43
34.15,-76.77,23.52
34.15,-76.75,23.52
34.15,-76.73,23.51
34.15,-76.71,23.47
34.15,-76.69,23.44
34.15,-76.67,23.47
34.15,-76.65,23.53
34.15,-76.63,23.5
34.15,-76.61,23.45
34.15,-76.59,23.51
34.15,-76.57,23.52
34.15,-76.55,23.49
34.15,-76.53,23.65
34.15,-76.51,23.95
34.15,-76.49,24.25
34.15,-76.47,24.34
34.15,-76.45,24.43
34.15,-76.43,24.4
34.15,-76.41,24.47
34.15,-76.39,24.51
34.15,-76.37,24.68
34.15,-76.35,25.0
34.15,-76.33,25.12
34.15,-76.31,25.18
34.15,-76.29,25.22
34.15,-76.27,25.43
34.15,-76.25,25.52
34.15,-76.23,25.51
34.15,-76.21,25.57
34.15,-76.19,25.6
34.15,-76.17,25.83
34.15,-76.15,25.88
34.15,-76.13,25.97
34.15,-76.11,26.05
34.15,-76.09,26.07
34.15,-76.07,26.09
34.15,-76.05,26.08
34.15,-76.03,26.09
34.15,-76.01,26.1
34.15,-75.99,26.05
34.15,-75.97,25.97
34.15,-75.95,26.03
34.15,-75.93,26.02
34.15,-75.91,25.99
34.15,-75.89,25.93
34.15,-75.87,25.9
34.15,-75.85,25.87
34.15,-75.83,25.88
34.15,-75.81,25.87
34.15,-75.79,25.84
34.15,-75.77,25.81
34.15,-75.75,25.8
34.15,-75.73,25.79
34.15,-75.71,25.79
34.15,-75.69,25.78
34.15,-75.67,25.8
34.15,-75.65,25.83
34.15,-75.63,25.79
34.15,-75.61,25.78
34.15,-75.59,25.84
34.15,-75.57,25.85
34.15,-75.55,25.78
34.15,-75.53,25.7
34.15,-75.51,25.73
34.15,-75.49,25.66
34.15,-75.47,25.62
34.15,-75.45,25.61
34.15,-75.43,25.57
34.15,-75.41,25.58
34.15,-75.39,25.69
34.15,-75.37,25.79
34.15,-75.35,25.83
34.15,-75.33,25.83
34.15,-75.31,25.74
34.15,-75.29,25.66
34.15,-75.27,25.63
34.15,-75.25,25.54
34.15,-75.23,25.4
34.15,-75.21,25.22
34.15,-75.19,25.23
34.15,-75.17,25.26
34.15,-75.15,25.28
34.15,-75.13,25.34
34.15,-75.11,25.37
34.15,-75.09,25.36
34.15,-75.07,25.31
34.15,-75.05,25.42
34.15,-75.03,25.45
34.15,-75.01,25.51
34.15,-74.99,25.56
34.15,-74.97,25.67
34.15,-74.95,25.58
34.15,-74.93,25.54
34.15,-74.85,25.51
34.15,-74.83,25.49
34.15,-74.81,25.34
34.15,-74.77,25.2
34.15,-74.53,20.85
34.15,-74.51,20.79
34.15,-74.49,20.76
34.15,-74.47,20.8
34.15,-74.45,20.86
34.15,-74.43,21.01
34.15,-74.41,21.07
34.15,-74.39,21.19
34.15,-74.37,21.25
34.15,-74.35,21.36
34.15,-74.33,21.43
34.15,-74.31,21.42
34.15,-74.29,21.64
34.15,-74.27,21.76
34.15,-74.25,21.74
34.15,-74.23,21.68
34.15,-74.21,21.74
34.15,-74.19,21.84
34.15,-74.17,21.83
34.15,-74.15,21.55
34.15,-74.13,21.52
34.15,-74.11,21.53
34.15,-74.09,21.54
34.15,-74.07,21.6
34.15,-74.05,21.36
34.15,-74.03,21.35
34.15,-74.01,21.26
34.15,-73.99,21.08
34.15,-73.97,21.04
34.15,-73.95,20.81
34.15,-73.93,20.68
34.15,-73.91,20.66
34.15,-73.89,20.67
34.15,-73.87,20.73
34.15,-73.85,20.82
34.15,-73.83,20.81
34.15,-73.69,20.98
34.13,-77.83,20.95
34.13,-77.81,20.74
34.13,-77.79,20.7
34.13,-77.77,20.71
34.13,-77.75,20.69
34.13,-77.73,20.69
34.13,-77.71,20.79
34.13,-77.69,20.8
34.13,-77.67,20.83
34.13,-77.65,20.94
34.13,-77.63,20.98
34.13,-77.61,21.06
34.13,-77.59,21.1
34.13,-77.57,21.12
34.13,-77.55,21.16
34.13,-77.53,21.24
34.13,-77.51,21.38
34.13,-77.49,21.46
34.13,-77.47,21.51
34.13,-77.45,21.52
34.13,-77.43,21.53
34.13,-77.41,21.7
34.13,-77.39,21.76
34.13,-77.37,22.36
34.13,-77.35,22.69
34.13,-77.33,22.68
34.13,-77.31,22.64
34.13,-77.29,22.68
34.13,-77.27,22.68
34.13,-77.25,22.63
34.13,-77.23,22.64
34.13,-77.21,22.67
34.13,-77.19,22.84
34.13,-77.17,22.93
34.13,-77.15,23.06
34.13,-77.13,23.11
34.13,-77.11,23.18
34.13,-77.09,23.18
34.13,-77.07,23.18
34.13,-77.05,23.21
34.13,-77.03,23.26
34.13,-77.01,23.34
34.13,-76.99,23.3
34.13,-76.97,23.27
34.13,-76.95,23.23
34.13,-76.93,23.3
34.13,-76.91,23.34
34.13,-76.89,23.36
34.13,-76.87,23.36
34.13,-76.85,23.34
34.13,-76.83,23.25
34.13,-76.81,23.32
34.13,-76.79,23.38
34.13,-76.77,23.46
34.13,-76.75,23.5
34.13,-76.73,23.46
34.13,-76.71,23.4
34.13,-76.69,23.36
34.13,-76.67,23.43
34.13,-76.65,23.46
34.13,-76.63,23.5
34.13,-76.61,23.54
34.13,-76.59,23.82
34.13,-76.57,24.17
34.13,-76.55,24.5
34.13,-76.53,24.67
34.13,-76.51,24.78
34.13,-76.49,24.83
34.13,-76.47,25.0
34.13,-76.45,24.89
34.13,-76.43,25.01
34.13,-76.41,25.05
34.13,-76.39,25.03
34.13,-76.37,25.03
34.13,-76.35,25.11
34.13,-76.33,25.26
34.13,-76.31,25.33
34.13,-76.29,25.39
34.13,-76.27,25.48
34.13,-76.25,25.53
34.13,-76.23,25.57
34.13,-76.21,25.79
34.13,-76.19,26.07
34.13,-76.17,26.05
34.13,-76.15,25.97
34.13,-76.13,26.02
34.13,-76.11,26.08
34.13,-76.09,26.07
34.13,-76.07,26.12
34.13,-76.05,26.15
34.13,-76.03,26.18
34.13,-76.01,26.13
34.13,-75.99,26.09
34.13,-75.97,26.06
34.13,-75.95,26.07
34.13,-75.93,26.04
34.13,-75.91,25.92
34.13,-75.89,25.89
34.13,-75.87,25.89
34.13,-75.85,25.83
34.13,-75.83,25.87
34.13,-75.81,25.92
34.13,-75.79,25.92
34.13,-75.77,25.9
34.13,-75.75,25.84
34.13,-75.73,25.83
34.13,-75.71,25.82
34.13,-75.69,25.86
34.13,-75.67,25.84
34.13,-75.65,25.84
34.13,-75.63,25.82
34.13,-75.61,25.79
34.13,-75.59,25.81
34.13,-75.57,25.83
34.13,-75.55,25.87
34.13,-75.53,25.89
34.13,-75.51,25.8
34.13,-75.49,25.7
34.13,-75.47,25.65
34.13,-75.45,25.65
34.13,-75.43,25.63
34.13,-75.41,25.65
34.13,-75.39,25.66
34.13,-75.37,25.69
34.13,-75.35,25.73
34.13,-75.33,25.83
34.13,-75.31,25.81
34.13,-75.29,25.66
34.13,-75.27,25.57
34.13,-75.25,25.51
34.13,-75.23,25.41
34.13,-75.21,25.22
34.13,-75.19,25.26
34.13,-75.17,25.29
34.13,-75.15,25.27
34.13,-75.13,25.26
34.13,-75.11,25.29
34.13,-75.09,25.36
34.13,-75.07,25.35
34.13,-75.05,25.31
34.13,-75.03,25.33
34.13,-75.01,25.4
34.13,-74.99,25.44
34.13,-74.97,25.52
34.13,-74.95,25.56
34.13,-74.93,25.61
34.13,-74.91,25.67
34.13,-74.89,25.56
34.13,-74.87,25.5
34.13,-74.85,25.49
34.13,-74.51,20.65
34.13,-74.49,20.67
34.13,-74.47,20.73
34.13,-74.45,20.83
34.13,-74.43,20.94
34.13,-74.41,21.04
34.13,-74.39,21.05
34.13,-74.37,21.09
34.13,-74.35,21.32
34.13,-74.33,21.45
34.13,-74.31,21.22
34.13,-74.29,21.56
34.13,-74.27,21.68
34.13,-74.25,21.74
34.13,-74.23,21.71
34.13,-74.21,21.71
34.13,-74.19,21.73
34.13,-74.17,21.55
34.13,-74.15,21.51
34.13,-74.13,21.47
34.13,-74.11,21.39
34.13,-74.09,21.48
34.13,-74.07,21.59
34.13,-74.05,21.54
34.13,-74.03,21.33
34.13,-74.01,21.26
34.13,-73.99,21.09
34.13,-73.97,21.04
34.13,-73.91,20.75
34.13,-73.89,20.8
34.13,-73.87,20.78
34.13,-73.85,20.96
34.13,-73.75,20.78
34.13,-73.73,20.85
34.13,-73.71,20.87
34.13,-73.69,20.88
34.11,-77.85,20.82
34.11,-77.83,20.74
34.11,-77.81,20.64
34.11,-77.79,20.69
34.11,-77.77,20.67
34.11,-77.75,20.64
34.11,-77.73,20.7
34.11,-77.71,20.78
34.11,-77.69,20.82
34.11,-77.67,20.87
34.11,-77.65,20.98
34.11,-77.63,21.02
34.11,-77.61,21.21
34.11,-77.59,21.3
34.11,-77.57,21.31
34.11,-77.55,21.33
34.11,-77.53,21.45
34.11,-77.51,21.64
34.11,-77.49,22.0
34.11,-77.47,22.15
34.11,-77.45,22.24
34.11,-77.43,22.44
34.11,-77.41,22.46
34.11,-77.39,22.57
34.11,-77.37,22.78
34.11,-77.35,22.86
34.11,-77.33,22.84
34.11,-77.31,22.78
34.11,-77.29,22.8
34.11,-77.27,22.76
34.11,-77.25,22.73
34.11,-77.23,22.8
34.11,-77.21,22.87
34.11,-77.19,22.87
34.11,-77.17,22.93
34.11,-77.15,23.09
34.11,-77.13,23.12
34.11,-77.11,23.15
34.11,-77.09,23.18
34.11,-77.07,23.15
34.11,-77.05,23.19
34.11,-77.03,23.21
34.11,-77.01,23.24
34.11,-76.99,23.28
34.11,-76.97,23.28
34.11,-76.95,23.29
34.11,-76.93,23.34
34.11,-76.91,23.33
34.11,-76.89,23.32
34.11,-76.87,23.33
34.11,-76.85,23.25
34.11,-76.83,23.23
34.11,-76.81,23.35
34.11,-76.79,23.33
34.11,-76.77,23.31
34.11,-76.75,23.38
34.11,-76.73,23.39
34.11,-76.71,23.37
34.11,-76.69,23.35
34.11,-76.67,23.44
34.11,-76.65,23.51
34.11,-76.63,23.71
34.11,-76.61,24.16
34.11,-76.59,24.71
34.11,-76.57,24.85
34.11,-76.55,24.95
34.11,-76.53,25.07
34.11,-76.51,25.2
34.11,-76.49,25.27
34.11,-76.47,25.33
34.11,-76.45,25.34
34.11,-76.43,25.3
34.11,-76.41,25.23
34.11,-76.39,25.22
34.11,-76.37,25.38
34.11,-76.35,25.52
34.11,-76.33,25.54
34.11,-76.31,25.44
34.11,-76.29,25.5
34.11,-76.27,25.54
34.11,-76.25,25.83
34.11,-76.23,25.99
34.11,-76.21,26.11
34.11,-76.19,26.16
34.11,-76.17,26.11
34.11,-76.15,26.07
34.11,-76.13,26.06
34.11,-76.11,26.1
34.11,-76.09,26.09
34.11,-76.07,26.08
34.11,-76.05,26.14
34.11,-76.03,26.15
34.11,-76.01,26.13
34.11,-75.99,26.18
34.11,-75.97,26.14
34.11,-75.95,26.03
34.11,-75.93,26.02
34.11,-75.91,25.95
34.11,-75.89,25.92
34.11,-75.87,25.91
34.11,-75.85,25.92
34.11,-75.83,25.92
34.11,-75.81,25.9
34.11,-75.79,25.91
34.11,-75.77,25.93
34.11,-75.75,25.84
34.11,-75.73,25.88
34.11,-75.71,25.93
34.11,-75.69,25.93
34.11,-75.67,25.88
34.11,-75.65,25.87
34.11,-75.63,25.85
34.11,-75.61,25.82
34.11,-75.59,25.82
34.11,-75.57,25.8
34.11,-75.55,25.82
34.11,-75.53,25.91
34.11,-75.51,25.81
34.11,-75.49,25.75
34.11,-75.47,25.74
34.11,-75.45,25.78
34.11,-75.43,25.83
34.11,-75.41,25.76
34.11,-75.39,25.7
34.11,-75.37,25.72
34.11,-75.35,25.81
34.11,-75.33,25.81
34.11,-75.31,25.66
34.11,-75.29,25.6
34.11,-75.27,25.54
34.11,-75.25,25.46
34.11,-75.23,25.28
34.11,-75.21,25.19
34.11,-75.19,25.21
34.11,-75.17,25.18
34.11,-75.15,25.29
34.11,-75.13,25.32
34.11,-75.11,25.31
34.11,-75.09,25.39
34.11,-75.07,25.44
34.11,-75.05,25.38
34.11,-75.03,25.43
34.11,-75.01,25.55
34.11,-74.99,25.57
34.11,-74.97,25.57
34.11,-74.95,25.57
34.11,-74.93,25.58
34.11,-74.91,25.75
34.11,-74.89,25.58
34.11,-74.87,25.54
34.11,-74.85,25.42
34.11,-74.83,25.35
34.11,-74.81,25.28
34.11,-74.79,25.19
34.11,-74.49,20.6
34.11,-74.47,20.6
34.11,-74.45,20.74
34.11,-74.43,20.78
34.11,-74.41,20.91
34.11,-74.39,20.93
34.11,-74.37,21.1
34.11,-74.35,21.17
34.11,-74.33,21.23
34.11,-74.31,21.31
34.11,-74.29,21.38
34.11,-74.27,21.44
34.11,-74.25,21.5
34.11,-74.23,21.65
34.11,-74.21,21.69
34.11,-74.19,21.66
34.11,-74.17,21.59
34.11,-74.15,21.54
34.11,-74.09,21.7
34.11,-74.07,21.63
34.11,-73.95,21.45
34.11,-73.93,21.39
34.11,-73.91,21.19
34.11,-73.89,21.12
34.11,-73.87,21.39
34.11,-73.85,21.19
34.11,-73.83,21.09
34.11,-73.81,20.88
34.11,-73.79,20.79
34.11,-73.77,20.71
34.11,-73.75,20.71
34.11,-73.73,20.65
34.11,-73.71,20.82
34.11,-73.69,20.86
34.09,-77.85,20.82
34.09,-77.83,20.67
34.09,-77.81,20.6
34.09,-77.79,20.66
34.09,-77.77,20.67
34.09,-77.75,20.65
34.09,-77.73,20.71
34.09,-77.71,20.79
34.09,-77.69,20.88
34.09,-77.67,20.91
34.09,-77.65,21.08
34.09,-77.63,21.13
34.09,-77.61,21.29
34.09,-77.59,21.48
34.09,-77.57,21.57
34.09,-77.55,21.77
34.09,-77.53,22.24
34.09,-77.51,22.33
34.09,-77.49,22.43
34.09,-77.47,22.56
34.09,-77.45,22.64
34.09,-77.43,22.73
34.09,-77.41,22.74
34.09,-77.39,22.73
34.09,-77.37,22.87
34.09,-77.35,22.92
34.09,-77.33,22.91
34.09,-77.31,22.84
34.09,-77.29,22.82
34.09,-77.27,22.85
34.09,-77.25,22.88
34.09,-77.23,22.91
34.09,-77.21,23.0
34.09,-77.19,23.01
34.09,-77.17,23.08
34.09,-77.15,23.11
34.09,-77.13,23.18
34.09,-77.11,23.18
34.09,-77.09,23.15
34.09,-77.07,23.22
34.09,-77.05,23.22
34.09,-77.03,23.19
34.09,-77.01,23.21
34.09,-76.99,23.27
34.09,-76.97,23.3
34.09,-76.95,23.32
34.09,-76.93,23.35
34.09,-76.91,23.34
34.09,-76.89,23.3
34.09,-76.87,23.31
34.09,-76.85,23.26
34.09,-76.83,23.23
34.09,-76.81,23.28
34.09,-76.79,23.3
34.09,-76.77,23.3
34.09,-76.75,23.31
34.09,-76.73,23.31
34.09,-76.71,23.37
34.09,-76.69,23.49
34.09,-76.67,23.64
34.09,-76.65,24.0
34.09,-76.63,24.51
34.09,-76.61,24.82
34.09,-76.59,25.0
34.09,-76.57,25.08
34.09,-76.55,25.2
34.09,-76.53,25.33
34.09,-76.51,25.39
34.09,-76.49,25.52
34.09,-76.47,25.54
34.09,-76.45,25.49
34.09,-76.43,25.49
34.09,-76.41,25.5
34.09,-76.39,25.52
34.09,-76.37,25.56
34.09,-76.35,25.55
34.09,-76.33,25.63
34.09,-76.31,25.63
34.09,-76.29,25.6
34.09,-76.27,26.03
34.09,-76.25,26.03
34.09,-76.23,26.06
34.09,-76.21,26.16
34.09,-76.19,26.18
34.09,-76.17,26.16
34.09,-76.15,26.12
34.09,-76.13,26.12
34.09,-76.11,26.15
34.09,-76.09,26.14
34.09,-76.07,26.13
34.09,-76.05,26.1
34.09,-76.03,26.13
34.09,-76.01,26.14
34.09,-75.99,26.1
34.09,-75.97,26.08
34.09,-75.95,26.06
34.09,-75.93,26.03
34.09,-75.91,26.0
34.09,-75.89,25.93
34.09,-75.87,25.97
34.09,-75.85,25.93
34.09,-75.83,25.93
34.09,-75.81,25.94
34.09,-75.79,25.94
34.09,-75.77,25.9
34.09,-75.75,25.88
34.09,-75.73,25.93
34.09,-75.71,25.98
34.09,-75.69,25.98
34.09,-75.67,25.93
34.09,-75.65,25.92
34.09,-75.63,25.94
34.09,-75.61,25.88
34.09,-75.59,25.83
34.09,-75.57,25.77
34.09,-75.55,25.82
34.09,-75.53,25.88
34.09,-75.51,25.87
34.09,-75.49,25.83
34.09,-75.47,25.83
34.09,-75.45,25.82
34.09,-75.43,25.83
34.09,-75.41,25.85
34.09,-75.39,25.82
34.09,-75.37,25.72
34.09,-75.35,25.7
34.09,-75.33,25.66
34.09,-75.31,25.66
34.09,-75.29,25.7
34.09,-75.27,25.63
34.09,-75.25,25.32
34.09,-75.23,25.26
34.09,-75.21,25.26
34.09,-75.19,25.24
34.09,-75.17,25.28
34.09,-75.15,25.31
34.09,-75.13,25.3
34.09,-75.11,25.34
34.09,-75.09,25.39
34.09,-75.07,25.41
34.09,-75.05,25.38
34.09,-75.03,25.39
34.09,-75.01,25.48
34.09,-74.99,25.6
34.09,-74.97,25.57
34.09,-74.95,25.55
34.09,-74.93,25.54
34.09,-74.91,25.5
34.09,-74.89,25.55
34.09,-74.87,25.52
34.09,-74.85,25.38
34.09,-74.83,25.35
34.09,-74.81,25.28
34.09,-74.79,25.21
34.09,-74.77,25.17
34.09,-74.75,25.14
34.09,-74.73,24.6
34.09,-74.49,20.61
34.09,-74.47,20.64
34.09,-74.39,20.96
34.09,-74.37,21.09
34.09,-74.35,21.17
34.09,-74.33,21.22
34.09,-74.31,21.26
34.09,-74.29,21.36
34.09,-74.27,21.42
34.09,-74.25,21.48
34.09,-74.23,21.5
34.09,-74.21,21.51
34.09,-74.19,21.57
34.09,-74.17,21.58
34.09,-74.15,21.62
34.09,-74.13,21.56
34.09,-74.11,21.53
34.09,-74.09,21.55
34.09,-74.07,21.44
34.09,-74.05,21.42
34.09,-74.03,21.49
34.09,-73.99,21.51
34.09,-73.97,21.47
34.09,-73.95,21.41
34.09,-73.93,21.4
34.09,-73.91,21.32
34.09,-73.89,21.43
34.09,-73.87,21.47
34.09,-73.85,21.23
34.09,-73.83,21.13
34.09,-73.81,20.86
34.09,-73.79,20.83
34.09,-73.77,20.82
34.09,-73.75,20.75
34.09,-73.73,20.74
34.09,-73.71,20.79
34.09,-73.69,20.82
34.07,-77.87,20.92
34.07,-77.85,20.8
34.07,-77.83,20.68
34.07,-77.81,20.62
34.07,-77.79,20.62
34.07,-77.77,20.64
34.07,-77.75,20.68
34.07,-77.73,20.73
34.07,-77.71,20.79
34.07,-77.69,21.03
34.07,-77.67,21.19
34.07,-77.65,21.3
34.07,-77.63,21.38
34.07,-77.61,21.53
34.07,-77.59,21.71
34.07,-77.57,21.84
34.07,-77.55,22.3
34.07,-77.53,22.5
34.07,-77.51,22.59
34.07,-77.49,22.62
34.07,-77.47,22.68
34.07,-77.45,22.72
34.07,-77.43,22.78
34.07,-77.41,22.82
34.07,-77.39,22.83
34.07,-77.37,22.89
34.07,-77.35,22.93
34.07,-77.33,22.95
34.07,-77.31,22.9
34.07,-77.29,22.84
34.07,-77.27,22.88
34.07,-77.25,22.86
34.07,-77.23,22.93
34.07,-77.21,23.09
34.07,-77.19,23.09
34.07,-77.17,23.13
34.07,-77.15,23.16
34.07,-77.13,23.17
34.07,-77.11,23.23
34.07,-77.09,23.27
34.07,-77.07,23.3
34.07,-77.05,23.32
34.07,-77.03,23.3
34.07,-77.01,23.26
34.07,-76.99,23.31
34.07,-76.97,23.33
34.07,-76.95,23.36
34.07,-76.93,23.34
34.07,-76.91,23.32
34.07,-76.89,23.3
34.07,-76.87,23.35
34.07,-76.85,23.31
34.07,-76.83,23.29
34.07,-76.81,23.3
34.07,-76.79,23.28
34.07,-76.77,23.3
34.07,-76.75,23.36
34.07,-76.73,23.43
34.07,-76.71,23.59
34.07,-76.69,23.71
34.07,-76.67,24.23
34.07,-76.65,24.86
34.07,-76.63,24.99
34.07,-76.61,25.2
34.07,-76.59,25.27
34.07,-76.57,25.34
34.07,-76.55,25.43
34.07,-76.53,25.52
34.07,-76.51,25.55
34.07,-76.49,25.53
34.07,-76.47,25.59
34.07,-76.45,25.61
34.07,-76.43,25.58
34.07,-76.41,25.61
34.07,-76.39,25.63
34.07,-76.37,25.66
34.07,-76.35,25.66
34.07,-76.33,25.79
34.07,-76.31,26.08
34.07,-76.29,26.05
34.07,-76.27,26.11
34.07,-76.25,26.18
34.07,-76.23,26.2
34.07,-76.21,26.23
34.07,-76.19,26.22
34.07,-76.17,26.25
34.07,-76.15,26.18
34.07,-76.13,26.17
34.07,-76.11,26.19
34.07,-76.09,26.2
34.07,-76.07,26.21
34.07,-76.05,26.15
34.07,-76.03,26.11
34.07,-76.01,26.1
34.07,-75.99,25.99
34.07,-75.97,26.02
34.07,-75.95,26.06
34.07,-75.93,26.07
34.07,-75.91,26.01
34.07,-75.89,26.02
34.07,-75.87,26.01
34.07,-75.85,25.93
34.07,-75.83,25.97
34.07,-75.81,25.98
34.07,-75.79,25.97
34.07,-75.77,25.95
34.07,-75.75,25.93
34.07,-75.73,25.95
34.07,-75.71,26.0
34.07,-75.69,25.96
34.07,-75.67,25.95
34.07,-75.65,25.96
34.07,-75.63,25.89
34.07,-75.61,25.89
34.07,-75.59,25.89
34.07,-75.57,25.85
34.07,-75.55,25.83
34.07,-75.53,25.86
34.07,-75.51,25.84
34.07,-75.49,25.79
34.07,-75.47,25.85
34.07,-75.45,25.89
34.07,-75.43,25.85
34.07,-75.41,25.84
34.07,-75.39,25.88
34.07,-75.37,25.85
34.07,-75.35,25.68
34.07,-75.33,25.63
34.07,-75.31,25.66
34.07,-75.29,25.53
34.07,-75.27,25.37
34.07,-75.25,25.29
34.07,-75.23,25.33
34.07,-75.21,25.3
34.07,-75.19,25.3
34.07,-75.17,25.33
34.07,-75.15,25.32
34.07,-75.13,25.31
34.07,-75.11,25.29
34.07,-75.09,25.33
34.07,-75.07,25.34
34.07,-75.05,25.41
34.07,-75.03,25.47
34.07,-75.01,25.48
34.07,-74.99,25.53
34.07,-74.97,25.56
34.07,-74.95,25.59
34.07,-74.93,25.56
34.07,-74.91,25.45
34.07,-74.89,25.35
34.07,-74.87,25.36
34.07,-74.85,25.38
34.07,-74.83,25.34
34.07,-74.81,25.33
34.07,-74.79,25.25
34.07,-74.77,25.16
34.07,-74.75,25.03
34.07,-74.73,24.65
34.07,-74.55,20.49
34.07,-74.53,20.51
34.07,-74.51,20.49
34.07,-74.49,20.41
34.07,-74.47,20.44
34.07,-74.45,20.61
34.07,-74.43,20.64
34.07,-74.41,20.73
34.07,-74.39,20.85
34.07,-74.37,20.92
34.07,-74.35,20.98
34.07,-74.33,20.97
34.07,-74.31,21.04
34.07,-74.29,21.11
34.07,-74.27,21.18
34.07,-74.25,21.08
34.07,-74.23,21.21
34.07,-74.21,21.27
34.07,-74.19,21.39
34.07,-74.17,21.53
34.07,-74.15,21.62
34.07,-74.13,21.57
34.07,-74.11,21.52
34.07,-74.09,21.54
34.07,-74.07,21.5
34.07,-74.05,21.48
34.07,-74.03,21.54
34.07,-74.01,21.54
34.07,-73.99,21.6
34.07,-73.97,21.46
34.07,-73.95,21.39
34.07,-73.93,21.43
34.07,-73.91,21.45
34.07,-73.89,21.44
34.07,-73.87,21.4
34.07,-73.85,21.15
34.07,-73.83,21.2
34.07,-73.81,20.97
34.07,-73.79,21.03
34.07,-73.77,21.06
34.07,-73.75,20.88
34.07,-73.73,20.87
34.07,-73.71,20.87
34.07,-73.69,20.86
34.05,-77.87,20.9
34.05,-77.85,20.79
34.05,-77.83,20.78
34.05,-77.81,20.75
34.05,-77.79,20.69
34.05,-77.77,20.71
34.05,-77.75,20.77
34.05,-77.73,20.81
34.05,-77.71,20.87
34.05,-77.69,21.16
34.05,-77.67,21.37
34.05,-77.65,21.56
34.05,-77.63,21.6
34.05,-77.61,21.93
34.05,-77.59,21.99
34.05,-77.57,22.3
34.05,-77.55,22.57
34.05,-77.53,22.63
34.05,-77.51,22.67
34.05,-77.49,22.63
34.05,-77.47,22.67
34.05,-77.45,22.75
34.05,-77.43,22.84
34.05,-77.41,22.88
34.05,-77.39,22.86
34.05,-77.37,22.87
34.05,-77.35,22.89
34.05,-77.33,22.92
34.05,-77.31,22.89
34.05,-77.29,22.9
34.05,-77.27,22.95
34.05,-77.25,22.94
34.05,-77.23,22.97
34.05,-77.21,23.04
34.05,-77.19,23.06
34.05,-77.17,23.12
34.05,-77.15,23.16
34.05,-77.13,23.19
34.05,-77.11,23.26
34.05,-77.09,23.3
34.05,-77.07,23.37
34.05,-77.05,23.41
34.05,-77.03,23.41
34.05,-77.01,23.45
34.05,-76.99,23.43
34.05,-76.97,23.43
34.05,-76.95,23.41
34.05,-76.93,23.4
34.05,-76.91,23.35
34.05,-76.89,23.38
34.05,-76.87,23.41
34.05,-76.85,23.45
34.05,-76.83,23.42
34.05,-76.81,23.37
34.05,-76.79,23.43
34.05,-76.77,23.54
34.05,-76.75,23.82
34.05,-76.73,23.95
34.05,-76.71,24.58
34.05,-76.69,24.99
34.05,-76.67,25.05
34.05,-76.65,25.19
34.05,-76.63,25.3
34.05,-76.61,25.38
34.05,-76.59,25.43
34.05,-76.57,25.52
34.05,-76.55,25.49
34.05,-76.53,25.53
34.05,-76.51,25.53
34.05,-76.49,25.57
34.05,-76.47,25.6
34.05,-76.45,25.58
34.05,-76.43,25.56
34.05,-76.41,25.63
34.05,-76.39,25.85
34.05,-76.37,25.94
34.05,-76.35,25.93
34.05,-76.33,26.08
34.05,-76.31,26.18
34.05,-76.29,26.2
34.05,-76.27,26.24
34.05,-76.25,26.3
34.05,-76.23,26.28
34.05,-76.21,26.3
34.05,-76.19,26.29
34.05,-76.17,26.24
34.05,-76.15,26.17
34.05,-76.13,26.23
34.05,-76.11,26.23
34.05,-76.09,26.22
34.05,-76.07,26.19
34.05,-76.05,26.18
34.05,-76.03,26.18
34.05,-76.01,26.09
34.05,-75.99,26.01
34.05,-75.97,26.02
34.05,-75.95,26.0
34.05,-75.93,25.99
34.05,-75.91,26.0
34.05,-75.89,26.09
34.05,-75.87,26.07
34.05,-75.85,26.01
34.05,-75.83,25.98
34.05,-75.81,26.04
34.05,-75.79,26.03
34.05,-75.77,25.99
34.05,-75.75,25.98
34.05,-75.73,26.0
34.05,-75.71,25.96
34.05,-75.69,25.97
34.05,-75.67,25.95
34.05,-75.65,25.93
34.05,-75.63,25.9
34.05,-75.61,25.92
34.05,-75.59,25.87
34.05,-75.57,25.84
34.05,-75.55,25.82
34.05,-75.53,25.82
34.05,-75.51,25.82
34.05,-75.49,25.85
34.05,-75.47,25.84
34.05,-75.45,25.82
34.05,-75.43,25.86
34.05,-75.41,25.87
34.05,-75.39,25.83
34.05,-75.37,25.79
34.05,-75.35,25.71
34.05,-75.33,25.59
34.05,-75.31,25.59
34.05,-75.29,25.51
34.05,-75.27,25.28
34.05,-75.25,25.25
34.05,-75.23,25.3
34.05,-75.21,25.27
34.05,-75.19,25.34
34.05,-75.17,25.37
34.05,-75.15,25.36
34.05,-75.13,25.31
34.05,-75.11,25.3
34.05,-75.09,25.35
34.05,-75.07,25.35
34.05,-75.05,25.39
34.05,-75.03,25.48
34.05,-75.01,25.48
34.05,-74.99,25.47
34.05,-74.97,25.5
34.05,-74.95,25.49
34.05,-74.93,25.53
34.05,-74.91,25.48
34.05,-74.89,25.38
34.05,-74.87,25.37
34.05,-74.85,25.4
34.05,-74.83,25.4
34.05,-74.81,25.39
34.05,-74.79,25.21
34.05,-74.77,25.18
34.05,-74.75,24.85
34.05,-74.55,20.35
34.05,-74.53,20.38
34.05,-74.51,20.39
34.05,-74.49,20.38
34.05,-74.47,20.43
34.05,-74.45,20.48
34.05,-74.43,20.52
34.05,-74.41,20.69
34.05,-74.39,20.83
34.05,-74.37,20.82
34.05,-74.35,20.77
34.05,-74.33,20.76
34.05,-74.31,20.89
34.05,-74.29,20.84
34.05,-74.27,20.82
34.05,-74.25,20.75
34.05,-74.23,20.72
34.05,-74.21,20.76
34.05,-74.19,20.78
34.05,-74.11,21.4
34.05,-74.09,21.34
34.05,-74.07,21.25
34.05,-74.05,21.5
34.05,-74.03,21.48
34.05,-74.01,21.31
34.05,-73.99,21.37
34.05,-73.97,21.43
34.05,-73.95,21.44
34.05,-73.91,21.44
34.05,-73.89,21.49
34.05,-73.87,21.49
34.05,-73.85,21.53
34.05,-73.83,21.6
34.05,-73.81,21.17
34.05,-73.79,21.23
34.05,-73.77,21.25
34.05,-73.75,20.98
34.05,-73.73,20.96
34.05,-73.71,20.95
34.05,-73.69,20.94
34.03,-77.93,22.76
34.03,-77.89,21.0
34.03,-77.87,20.91
34.03,-77.85,20.76
34.03,-77.83,20.75
34.03,-77.81,20.85
34.03,-77.79,20.78
34.03,-77.77,20.85
34.03,-77.75,20.9
34.03,-77.73,20.93
34.03,-77.71,21.12
34.03,-77.69,21.3
34.03,-77.67,21.47
34.03,-77.65,21.78
34.03,-77.63,21.95
34.03,-77.61,22.12
34.03,-77.59,22.33
34.03,-77.57,22.51
34.03,-77.55,22.65
34.03,-77.53,22.65
34.03,-77.51,22.67
34.03,-77.49,22.61
34.03,-77.47,22.63
34.03,-77.45,22.75
34.03,-77.43,22.81
34.03,-77.41,22.86
34.03,-77.39,22.87
34.03,-77.37,22.92
34.03,-77.35,22.94
34.03,-77.33,22.93
34.03,-77.31,22.92
34.03,-77.29,22.92
34.03,-77.27,22.95
34.03,-77.25,22.95
34.03,-77.23,22.95
34.03,-77.21,22.98
34.03,-77.19,23.08
34.03,-77.17,23.15
34.03,-77.15,23.16
34.03,-77.13,23.19
34.03,-77.11,23.3
34.03,-77.09,23.4
34.03,-77.07,23.44
34.03,-77.05,23.47
34.03,-77.03,23.5
34.03,-77.01,23.54
34.03,-76.99,23.55
34.03,-76.97,23.5
34.03,-76.95,23.47
34.03,-76.93,23.47
34.03,-76.91,23.45
34.03,-76.89,23.55
34.03,-76.87,23.57
34.03,-76.85,23.59
34.03,-76.83,23.58
34.03,-76.81,23.58
34.03,-76.79,23.68
34.03,-76.77,23.83
34.03,-76.75,24.11
34.03,-76.73,24.79
34.03,-76.71,24.97
34.03,-76.69,25.04
34.03,-76.67,25.23
34.03,-76.65,25.41
34.03,-76.63,25.48
34.03,-76.61,25.47
34.03,-76.59,25.46
34.03,-76.57,25.52
34.03,-76.55,25.49
34.03,-76.53,25.46
34.03,-76.51,25.44
34.03,-76.49,25.45
34.03,-76.47,25.54
34.03,-76.45,25.72
34.03,-76.43,25.84
34.03,-76.41,25.99
34.03,-76.39,26.01
34.03,-76.37,26.05
34.03,-76.35,26.26
34.03,-76.33,26.23
34.03,-76.31,26.17
34.03,-76.29,26.34
34.03,-76.27,26.34
34.03,-76.25,26.29
34.03,-76.23,26.31
34.03,-76.21,26.34
34.03,-76.19,26.32
34.03,-76.17,26.28
34.03,-76.15,26.27
34.03,-76.13,26.28
34.03,-76.11,26.23
34.03,-76.09,26.32
34.03,-76.07,26.21
34.03,-76.05,26.04
34.03,-76.03,26.12
34.03,-76.01,26.12
34.03,-75.99,26.1
34.03,-75.97,25.96
34.03,-75.95,25.94
34.03,-75.93,25.98
34.03,-75.91,26.05
34.03,-75.89,26.12
34.03,-75.87,26.15
34.03,-75.85,26.02
34.03,-75.83,26.03
34.03,-75.81,26.02
34.03,-75.79,25.96
34.03,-75.77,26.01
34.03,-75.75,26.02
34.03,-75.73,26.02
34.03,-75.71,25.94
34.03,-75.69,25.9
34.03,-75.67,25.94
34.03,-75.65,25.97
34.03,-75.63,25.94
34.03,-75.61,25.94
34.03,-75.59,25.87
34.03,-75.57,25.87
34.03,-75.55,25.85
34.03,-75.53,25.81
34.03,-75.51,25.81
34.03,-75.49,25.83
34.03,-75.47,25.85
34.03,-75.45,25.78
34.03,-75.43,25.82
34.03,-75.41,25.85
34.03,-75.39,25.75
34.03,-75.37,25.69
34.03,-75.35,25.66
34.03,-75.33,25.69
34.03,-75.31,25.62
34.03,-75.29,25.21
34.03,-75.27,25.2
34.03,-75.25,25.34
34.03,-75.23,25.39
34.03,-75.21,25.35
34.03,-75.19,25.32
34.03,-75.17,25.38
34.03,-75.15,25.39
34.03,-75.13,25.39
34.03,-75.11,25.39
34.03,-75.09,25.36
34.03,-75.07,25.39
34.03,-75.05,25.36
34.03,-75.03,25.4
34.03,-75.01,25.46
34.03,-74.99,25.49
34.03,-74.97,25.46
34.03,-74.95,25.46
34.03,-74.93,25.46
34.03,-74.91,25.47
34.03,-74.89,25.49
34.03,-74.87,25.49
34.03,-74.85,25.36
34.03,-74.83,25.29
34.03,-74.81,25.21
34.03,-74.79,25.17
34.03,-74.77,24.95
34.03,-74.75,24.07
34.03,-74.73,21.55
34.03,-74.71,20.8
34.03,-74.69,20.43
34.03,-74.67,20.44
34.03,-74.65,20.37
34.03,-74.63,20.25
34.03,-74.61,20.2
34.03,-74.59,20.22
34.03,-74.57,20.21
34.03,-74.55,20.22
34.03,-74.53,20.21
34.03,-74.51,20.22
34.03,-74.49,20.38
34.03,-74.47,20.4
34.03,-74.45,20.39
34.03,-74.43,20.41
34.03,-74.41,20.47
34.03,-74.39,20.52
34.03,-74.37,20.74
34.03,-74.35,20.75
34.03,-74.33,20.69
34.03,-74.31,20.66
34.03,-74.29,20.65
34.03,-74.27,20.57
34.03,-74.25,20.54
34.03,-74.23,20.42
34.03,-74.21,20.31
34.03,-74.19,20.34
34.03,-74.17,20.44
34.03,-74.09,20.89
34.03,-74.07,20.97
34.03,-74.05,21.04
34.03,-74.03,21.11
34.03,-74.01,21.28
34.03,-73.99,21.35
34.03,-73.97,21.36
34.03,-73.95,21.12
34.03,-73.93,21.07
34.03,-73.91,21.36
34.03,-73.89,21.5
34.03,-73.87,21.46
34.03,-73.85,21.59
34.03,-73.83,21.68
34.03,-73.81,21.62
34.03,-73.79,21.37
34.03,-73.77,21.28
34.03,-73.75,21.08
34.03,-73.73,21.11
34.03,-73.71,21.16
34.03,-73.69,21.13
34.01,-77.95,22.8
34.01,-77.93,22.81
34.01,-77.89,21.0
34.01,-77.87,20.9
34.01,-77.85,20.81
34.01,-77.83,20.87
34.01,-77.81,20.96
34.01,-77.79,21.01
34.01,-77.77,20.93
34.01,-77.75,20.98
34.01,-77.73,21.11
34.01,-77.71,21.34
34.01,-77.69,21.53
34.01,-77.67,21.79
34.01,-77.65,21.94
34.01,-77.63,22.25
34.01,-77.61,22.32
34.01,-77.59,22.4
34.01,-77.57,22.5
34.01,-77.55,22.62
34.01,-77.53,22.64
34.01,-77.51,22.61
34.01,-77.49,22.59
34.01,-77.47,22.65
34.01,-77.45,22.71
34.01,-77.43,22.82
34.01,-77.41,22.88
34.01,-77.39,22.91
34.01,-77.37,22.95
34.01,-77.35,22.98
34.01,-77.33,22.98
34.01,-77.31,22.95
34.01,-77.29,22.97
34.01,-77.27,23.04
34.01,-77.25,23.08
34.01,-77.23,23.08
34.01,-77.21,23.01
34.01,-77.19,23.03
34.01,-77.17,23.14
34.01,-77.15,23.24
34.01,-77.13,23.24
34.01,-77.11,23.31
34.01,-77.09,23.44
34.01,-77.07,23.5
34.01,-77.05,23.59
34.01,-77.03,23.6
34.01,-77.01,23.61
34.01,-76.99,23.6
34.01,-76.97,23.59
34.01,-76.95,23.57
34.01,-76.93,23.57
34.01,-76.91,23.64
34.01,-76.89,23.72
34.01,-76.87,23.74
34.01,-76.85,23.75
34.01,-76.83,23.77
34.01,-76.81,23.86
34.01,-76.79,24.14
34.01,-76.77,24.43
34.01,-76.75,24.61
34.01,-76.73,25.06
34.01,-76.71,25.23
34.01,-76.69,25.32
34.01,-76.67,25.37
34.01,-76.65,25.48
34.01,-76.63,25.52
34.01,-76.61,25.52
34.01,-76.59,25.45
34.01,-76.57,25.39
34.01,-76.55,25.31
34.01,-76.53,25.22
34.01,-76.51,25.36
34.01,-76.49,25.49
34.01,-76.47,25.85
34.01,-76.45,26.04
34.01,-76.43,26.11
34.01,-76.41,26.19
34.01,-76.39,26.21
34.01,-76.37,26.22
34.01,-76.35,26.34
34.01,-76.33,26.34
34.01,-76.31,26.32
34.01,-76.29,26.3
34.01,-76.27,26.35
34.01,-76.25,26.33
34.01,-76.23,26.4
34.01,-76.21,26.38
34.01,-76.19,26.35
34.01,-76.17,26.34
34.01,-76.15,26.28
34.01,-76.13,26.25
34.01,-76.11,26.19
34.01,-76.09,26.2
34.01,-76.07,26.21
34.01,-76.05,26.11
34.01,-76.03,26.08
34.01,-76.01,26.16
34.01,-75.99,26.12
34.01,-75.97,26.02
34.01,-75.95,25.97
34.01,-75.93,26.02
34.01,-75.91,26.11
34.01,-75.89,26.11
34.01,-75.87,26.14
34.01,-75.85,26.06
34.01,-75.83,25.98
34.01,-75.81,26.02
34.01,-75.79,26.04
34.01,-75.77,26.03
34.01,-75.75,26.03
34.01,-75.73,25.96
34.01,-75.71,25.9
34.01,-75.69,25.91
34.01,-75.67,25.93
34.01,-75.65,25.9
34.01,-75.63,25.91
34.01,-75.61,25.9
34.01,-75.59,25.89
34.01,-75.57,25.86
34.01,-75.55,25.85
34.01,-75.53,25.87
34.01,-75.51,25.85
34.01,-75.49,25.82
34.01,-75.47,25.85
34.01,-75.45,25.82
34.01,-75.43,25.79
34.01,-75.41,25.83
34.01,-75.39,25.8
34.01,-75.37,25.59
34.01,-75.35,25.54
34.01,-75.33,25.56
34.01,-75.31,25.48
34.01,-75.29,25.21
34.01,-75.27,25.17
34.01,-75.25,25.26
34.01,-75.23,25.35
34.01,-75.21,25.31
34.01,-75.19,25.32
34.01,-75.17,25.41
34.01,-75.15,25.4
34.01,-75.13,25.35
34.01,-75.11,25.35
34.01,-75.09,25.4
34.01,-75.07,25.39
34.01,-75.05,25.4
34.01,-75.03,25.46
34.01,-75.01,25.48
34.01,-74.99,25.51
34.01,-74.97,25.46
34.01,-74.95,25.51
34.01,-74.93,25.55
34.01,-74.91,25.57
34.01,-74.89,25.55
34.01,-74.87,25.5
34.01,-74.85,25.32
34.01,-74.83,25.29
34.01,-74.81,25.25
34.01,-74.79,25.17
34.01,-74.77,24.96
34.01,-74.75,23.33
34.01,-74.73,20.83
34.01,-74.71,20.41
34.01,-74.69,20.4
34.01,-74.67,20.4
34.01,-74.65,20.36
34.01,-74.63,20.29
34.01,-74.61,20.27
34.01,-74.59,20.3
34.01,-74.57,20.23
34.01,-74.55,20.21
34.01,-74.53,20.2
34.01,-74.51,20.22
34.01,-74.49,20.3
34.01,-74.47,20.35
34.01,-74.45,20.42
34.01,-74.43,20.42
34.01,-74.41,20.41
34.01,-74.39,20.44
34.01,-74.37,20.59
34.01,-74.35,20.64
34.01,-74.33,20.48
34.01,-74.31,20.43
34.01,-74.29,20.41
34.01,-74.27,20.37
34.01,-74.25,20.33
34.01,-74.23,20.4
34.01,-74.21,20.43
34.01,-74.19,20.24
34.01,-74.17,20.15
34.01,-74.15,20.15
34.01,-74.13,20.52
34.01,-74.11,20.47
34.01,-73.97,20.99
34.01,-73.95,21.02
34.01,-73.93,20.99
34.01,-73.91,20.91
34.01,-73.89,21.04
34.01,-73.87,21.42
34.01,-73.85,21.63
34.01,-73.83,21.69
34.01,-73.81,21.56
34.01,-73.79,21.51
34.01,-73.77,21.55
34.01,-73.75,21.66
34.01,-73.73,21.6
34.01,-73.71,21.29
34.01,-73.69,21.26
33.99,-77.95,22.7
33.99,-77.93,22.7
33.99,-77.89,20.9
33.99,-77.87,20.84
33.99,-77.85,20.87
33.99,-77.83,20.91
33.99,-77.81,21.0
33.99,-77.79,21.13
33.99,-77.77,21.19
33.99,-77.75,21.19
33.99,-77.73,21.34
33.99,-77.71,21.54
33.99,-77.69,21.74
33.99,-77.67,21.92
33.99,-77.65,22.1
33.99,-77.63,22.29
33.99,-77.61,22.36
33.99,-77.59,22.43
33.99,-77.57,22.48
33.99,-77.55,22.55
33.99,-77.53,22.58
33.99,-77.51,22.64
33.99,-77.49,22.63
33.99,-77.47,22.71
33.99,-77.45,22.78
33.99,-77.43,22.91
33.99,-77.41,22.94
33.99,-77.39,22.95
33.99,-77.37,23.02
33.99,-77.35,23.05
33.99,-77.33,23.04
33.99,-77.31,23.0
33.99,-77.29,23.03
33.99,-77.27,23.17
33.99,-77.25,23.2
33.99,-77.23,23.15
33.99,-77.21,23.11
33.99,-77.19,23.11
33.99,-77.17,23.24
33.99,-77.15,23.3
33.99,-77.13,23.3
33.99,-77.11,23.32
33.99,-77.09,23.47
33.99,-77.07,23.54
33.99,-77.05,23.59
33.99,-77.03,23.61
33.99,-77.01,23.65
33.99,-76.99,23.64
33.99,-76.97,23.64
33.99,-76.95,23.62
33.99,-76.93,23.71
33.99,-76.91,23.81
33.99,-76.89,23.82
33.99,-76.87,23.85
33.99,-76.85,23.81
33.99,-76.83,23.83
33.99,-76.81,23.96
33.99,-76.79,24.76
33.99,-76.77,24.96
33.99,-76.75,25.15
33.99,-76.73,25.2
33.99,-76.71,25.36
33.99,-76.69,25.39
33.99,-76.67,25.47
33.99,-76.65,25.5
33.99,-76.63,25.48
33.99,-76.61,25.44
33.99,-76.59,25.31
33.99,-76.57,24.97
33.99,-76.55,25.0
33.99,-76.53,25.26
33.99,-76.51,25.48
33.99,-76.49,25.93
33.99,-76.47,25.99
33.99,-76.45,26.04
33.99,-76.43,26.27
33.99,-76.41,26.36
33.99,-76.39,26.33
33.99,-76.37,26.35
33.99,-76.35,26.35
33.99,-76.33,26.31
33.99,-76.31,26.33
33.99,-76.29,26.32
33.99,-76.27,26.29
33.99,-76.25,26.37
33.99,-76.23,26.4
33.99,-76.21,26.35
33.99,-76.19,26.37
33.99,-76.17,26.3
33.99,-76.15,26.28
33.99,-76.13,26.28
33.99,-76.11,26.23
33.99,-76.09,26.18
33.99,-76.07,26.15
33.99,-76.05,26.15
33.99,-76.03,26.18
33.99,-76.01,26.12
33.99,-75.99,26.11
33.99,-75.97,26.08
33.99,-75.95,25.99
33.99,-75.93,25.99
33.99,-75.91,26.05
33.99,-75.89,26.05
33.99,-75.87,26.06
33.99,-75.85,26.11
33.99,-75.83,26.08
33.99,-75.81,26.0
33.99,-75.79,26.02
33.99,-75.77,26.05
33.99,-75.75,26.03
33.99,-75.73,25.98
33.99,-75.71,25.95
33.99,-75.69,25.89
33.99,-75.67,25.84
33.99,-75.65,25.85
33.99,-75.63,25.91
33.99,-75.61,25.87
33.99,-75.59,25.82
33.99,-75.57,25.83
33.99,-75.55,25.87
33.99,-75.53,25.86
33.99,-75.51,25.84
33.99,-75.49,25.78
33.99,-75.47,25.82
33.99,-75.45,25.9
33.99,-75.43,25.85
33.99,-75.41,25.84
33.99,-75.39,25.83
33.99,-75.37,25.65
33.99,-75.35,25.62
33.99,-75.33,25.4
33.99,-75.31,25.2
33.99,-75.29,25.26
33.99,-75.27,25.22
33.99,-75.25,25.26
33.99,-75.23,25.39
33.99,-75.21,25.34
33.99,-75.19,25.3
33.99,-75.17,25.37
33.99,-75.15,25.37
33.99,-75.13,25.38
33.99,-75.11,25.36
33.99,-75.09,25.37
33.99,-75.07,25.4
33.99,-75.05,25.42
33.99,-75.03,25.43
33.99,-75.01,25.48
33.99,-74.99,25.48
33.99,-74.97,25.49
33.99,-74.95,25.52
33.99,-74.93,25.49
33.99,-74.91,25.49
33.99,-74.89,25.46
33.99,-74.87,25.48
33.99,-74.85,25.39
33.99,-74.83,25.3
33.99,-74.81,25.22
33.99,-74.79,25.16
33.99,-74.77,25.01
33.99,-74.75,22.54
33.99,-74.73,20.93
33.99,-74.71,20.52
33.99,-74.69,20.2
33.99,-74.67,20.34
33.99,-74.65,20.35
33.99,-74.63,20.29
33.99,-74.61,20.28
33.99,-74.59,20.32
33.99,-74.57,20.28
33.99,-74.55,20.33
33.99,-74.53,20.26
33.99,-74.51,20.19
33.99,-74.49,20.2
33.99,-74.47,20.24
33.99,-74.45,20.24
33.99,-74.43,20.4
33.99,-74.41,20.42
33.99,-74.39,20.39
33.99,-74.37,20.33
33.99,-74.35,20.3
33.99,-74.33,20.37
33.99,-74.31,20.41
33.99,-74.29,20.38
33.99,-74.27,20.37
33.99,-74.25,20.37
33.99,-74.23,20.42
33.99,-74.21,20.46
33.99,-74.19,20.48
33.99,-74.17,20.14
33.99,-74.15,20.39
33.99,-74.13,20.4
33.99,-74.11,20.35
33.99,-73.85,20.93
33.99,-73.83,21.04
33.99,-73.81,21.17
33.99,-73.79,21.33
33.99,-73.77,21.56
33.99,-73.75,21.54
33.99,-73.73,21.54
33.97,-77.95,22.66
33.97,-77.91,20.94
33.97,-77.89,20.79
33.97,-77.87,20.83
33.97,-77.85,20.92
33.97,-77.83,20.94
33.97,-77.81,20.95
33.97,-77.79,21.18
33.97,-77.77,21.26
33.97,-77.75,21.33
33.97,-77.73,21.54
33.97,-77.71,21.73
33.97,-77.69,21.84
33.97,-77.67,22.06
33.97,-77.65,22.11
33.97,-77.63,22.19
33.97,-77.61,22.4
33.97,-77.59,22.51
33.97,-77.57,22.53
33.97,-77.55,22.52
33.97,-77.53,22.55
33.97,-77.51,22.65
33.97,-77.49,22.7
33.97,-77.47,22.89
33.97,-77.45,22.89
33.97,-77.43,23.01
33.97,-77.41,23.05
33.97,-77.39,23.01
33.97,-77.37,23.11
33.97,-77.35,23.1
33.97,-77.33,23.12
33.97,-77.31,23.19
33.97,-77.29,23.21
33.97,-77.27,23.23
33.97,-77.25,23.3
33.97,-77.23,23.29
33.97,-77.21,23.23
33.97,-77.19,23.23
33.97,-77.17,23.36
33.97,-77.15,23.38
33.97,-77.13,23.46
33.97,-77.11,23.49
33.97,-77.09,23.47
33.97,-77.07,23.54
33.97,-77.05,23.6
33.97,-77.03,23.67
33.97,-77.01,23.72
33.97,-76.99,23.71
33.97,-76.97,23.71
33.97,-76.95,23.73
33.97,-76.93,23.8
33.97,-76.91,23.89
33.97,-76.89,23.91
33.97,-76.87,23.92
33.97,-76.85,23.93
33.97,-76.83,24.12
33.97,-76.81,24.85
33.97,-76.79,24.97
33.97,-76.77,25.17
33.97,-76.75,25.24
33.97,-76.73,25.37
33.97,-76.71,25.38
33.97,-76.69,25.4
33.97,-76.67,25.46
33.97,-76.65,25.49
33.97,-76.63,25.39
33.97,-76.61,25.08
33.97,-76.59,24.94
33.97,-76.57,25.0
33.97,-76.55,25.34
33.97,-76.53,25.86
33.97,-76.51,25.96
33.97,-76.49,26.09
33.97,-76.47,26.24
33.97,-76.45,26.25
33.97,-76.43,26.31
33.97,-76.41,26.41
33.97,-76.39,26.33
33.97,-76.37,26.37
33.97,-76.35,26.38
33.97,-76.33,26.36
33.97,-76.31,26.32
33.97,-76.29,26.31
33.97,-76.27,26.31
33.97,-76.25,26.32
33.97,-76.23,26.31
33.97,-76.21,26.33
33.97,-76.19,26.41
33.97,-76.17,26.35
33.97,-76.15,26.29
33.97,-76.13,26.25
33.97,-76.11,26.17
33.97,-76.09,26.19
33.97,-76.07,26.23
33.97,-76.05,26.14
33.97,-76.03,26.13
33.97,-76.01,26.12
33.97,-75.99,26.1
33.97,-75.97,26.08
33.97,-75.95,26.06
33.97,-75.93,26.06
33.97,-75.91,26.08
33.97,-75.89,26.06
33.97,-75.87,26.05
33.97,-75.85,26.04
33.97,-75.83,26.01
33.97,-75.81,26.0
33.97,-75.79,25.98
33.97,-75.77,25.98
33.97,-75.75,25.94
33.97,-75.73,25.93
33.97,-75.71,25.89
33.97,-75.69,25.91
33.97,-75.67,25.85
33.97,-75.65,25.8
33.97,-75.63,25.86
33.97,-75.61,25.89
33.97,-75.59,25.85
33.97,-75.57,25.78
33.97,-75.55,25.84
33.97,-75.53,25.89
33.97,-75.51,25.87
33.97,-75.49,25.84
33.97,-75.47,25.84
33.97,-75.45,25.83
33.97,-75.43,25.87
33.97,-75.41,25.84
33.97,-75.39,25.75
33.97,-75.37,25.64
33.97,-75.35,25.4
33.97,-75.33,25.17
33.97,-75.31,25.11
33.97,-75.29,25.16
33.97,-75.27,25.27
33.97,-75.25,25.31
33.97,-75.23,25.38
33.97,-75.21,25.34
33.97,-75.19,25.35
33.97,-75.17,25.43
33.97,-75.15,25.41
33.97,-75.13,25.34
33.97,-75.11,25.36
33.97,-75.09,25.36
33.97,-75.07,25.37
33.97,-75.05,25.4
33.97,-75.03,25.39
33.97,-75.01,25.41
33.97,-74.99,25.39
33.97,-74.97,25.35
33.97,-74.95,25.37
33.97,-74.93,25.43
33.97,-74.91,25.46
33.97,-74.89,25.41
33.97,-74.87,25.32
33.97,-74.85,25.24
33.97,-74.83,25.2
33.97,-74.81,25.18
33.97,-74.79,25.12
33.97,-74.77,25.0
33.97,-74.75,22.27
33.97,-74.73,20.91
33.97,-74.71,20.48
33.97,-74.69,20.35
33.97,-74.67,20.35
33.97,-74.65,20.42
33.97,-74.63,20.43
33.97,-74.61,20.35
33.97,-74.59,20.32
33.97,-74.57,20.28
33.97,-74.55,20.28
33.97,-74.53,20.24
33.97,-74.51,20.25
33.97,-74.49,20.23
33.97,-74.47,20.22
33.97,-74.45,20.25
33.97,-74.43,20.28
33.97,-74.41,20.32
33.97,-74.39,20.36
33.97,-74.37,20.37
33.97,-74.35,20.38
33.97,-74.33,20.37
33.97,-74.31,20.33
33.97,-74.29,20.31
33.97,-74.27,20.34
33.97,-74.25,20.36
33.97,-74.23,20.43
33.97,-74.21,20.44
33.97,-74.19,20.44
33.97,-74.17,20.43
33.97,-74.15,20.39
33.97,-74.13,20.33
33.97,-74.11,20.28
33.97,-74.09,20.23
33.97,-73.85,20.77
33.97,-73.83,20.82
33.97,-73.81,20.89
33.95,-77.97,22.31
33.95,-77.91,20.88
33.95,-77.89,20.84
33.95,-77.87,20.9
33.95,-77.85,20.95
33.95,-77.83,21.0
33.95,-77.81,21.02
33.95,-77.79,21.15
33.95,-77.77,21.21
33.95,-77.75,21.38
33.95,-77.73,21.56
33.95,-77.71,21.74
33.95,-77.69,21.84
33.95,-77.67,22.0
33.95,-77.65,22.07
33.95,-77.63,22.14
33.95,-77.61,22.42
33.95,-77.59,22.45
33.95,-77.57,22.57
33.95,-77.55,22.62
33.95,-77.53,22.67
33.95,-77.51,22.71
33.95,-77.49,22.82
33.95,-77.47,22.94
33.95,-77.45,22.99
33.95,-77.43,23.04
33.95,-77.41,23.14
33.95,-77.39,23.18
33.95,-77.37,23.2
33.95,-77.35,23.21
33.95,-77.33,23.24
33.95,-77.31,23.24
33.95,-77.29,23.19
33.95,-77.27,23.31
33.95,-77.25,23.39
33.95,-77.23,23.43
33.95,-77.21,23.46
33.95,-77.19,23.43
33.95,-77.17,23.47
33.95,-77.15,23.5
33.95,-77.13,23.54
33.95,-77.11,23.59
33.95,-77.09,23.61
33.95,-77.07,23.62
33.95,-77.05,23.66
33.95,-77.03,23.74
33.95,-77.01,23.79
33.95,-76.99,23.8
33.95,-76.97,23.82
33.95,-76.95,23.85
33.95,-76.93,23.95
33.95,-76.91,24.02
33.95,-76.89,23.97
33.95,-76.87,24.05
33.95,-76.85,24.16
33.95,-76.83,24.89
33.95,-76.81,25.01
33.95,-76.79,25.13
33.95,-76.77,25.25
33.95,-76.75,25.37
33.95,-76.73,25.41
33.95,-76.71,25.42
33.95,-76.69,25.46
33.95,-76.67,25.39
33.95,-76.65,25.25
33.95,-76.63,25.01
33.95,-76.61,25.03
33.95,-76.59,25.08
33.95,-76.57,25.58
33.95,-76.55,25.96
33.95,-76.53,26.0
33.95,-76.51,26.14
33.95,-76.49,26.23
33.95,-76.47,26.32
33.95,-76.45,26.29
33.95,-76.43,26.34
33.95,-76.41,26.4
33.95,-76.39,26.41
33.95,-76.37,26.4
33.95,-76.35,26.4
33.95,-76.33,26.36
33.95,-76.31,26.32
33.95,-76.29,26.34
33.95,-76.27,26.35
33.95,-76.25,26.31
33.95,-76.23,26.31
33.95,-76.21,26.32
33.95,-76.19,26.33
33.95,-76.17,26.34
33.95,-76.15,26.32
33.95,-76.13,26.21
33.95,-76.11,26.21
33.95,-76.09,26.2
33.95,-76.07,26.2
33.95,-76.05,26.08
33.95,-76.03,26.05
33.95,-76.01,26.06
33.95,-75.99,26.07
33.95,-75.97,26.11
33.95,-75.95,26.15
33.95,-75.93,26.18
33.95,-75.91,26.15
33.95,-75.89,26.08
33.95,-75.87,26.09
33.95,-75.85,26.08
33.95,-75.83,25.98
33.95,-75.81,25.92
33.95,-75.79,25.92
33.95,-75.77,25.83
33.95,-75.75,25.81
33.95,-75.73,25.89
33.95,-75.71,25.87
33.95,-75.69,25.85
33.95,-75.67,25.78
33.95,-75.65,25.75
33.95,-75.63,25.82
33.95,-75.61,25.82
33.95,-75.59,25.79
33.95,-75.57,25.84
33.95,-75.55,25.85
33.95,-75.53,25.87
33.95,-75.51,25.91
33.95,-75.49,25.89
33.95,-75.47,25.82
33.95,-75.45,25.8
33.95,-75.43,25.92
33.95,-75.41,25.96
33.95,-75.39,25.73
33.95,-75.37,25.63
33.95,-75.35,25.52
33.95,-75.33,25.18
33.95,-75.31,24.91
33.95,-75.29,25.05
33.95,-75.27,25.22
33.95,-75.25,25.27
33.95,-75.23,25.3
33.95,-75.21,25.32
33.95,-75.19,25.4
33.95,-75.17,25.39
33.95,-75.15,25.42
33.95,-75.13,25.31
33.95,-75.11,25.33
33.95,-75.09,25.36
33.95,-75.07,25.35
33.95,-75.05,25.33
33.95,-75.03,25.36
33.95,-75.01,25.38
33.95,-74.99,25.36
33.95,-74.97,25.37
33.95,-74.95,25.37
33.95,-74.93,25.48
33.95,-74.91,25.42
33.95,-74.89,25.41
33.95,-74.87,25.34
33.95,-74.85,25.26
33.95,-74.83,25.22
33.95,-74.81,25.17
33.95,-74.79,25.1
33.95,-74.77,25.03
33.95,-74.75,23.29
33.95,-74.73,22.11
33.95,-74.71,20.26
33.95,-74.69,20.31
33.95,-74.67,20.39
33.95,-74.65,20.42
33.95,-74.63,20.44
33.95,-74.61,20.34
33.95,-74.59,20.28
33.95,-74.57,20.26
33.95,-74.55,20.24
33.95,-74.53,20.22
33.95,-74.51,20.24
33.95,-74.49,20.24
33.95,-74.47,20.26
33.95,-74.45,20.28
33.95,-74.43,20.28
33.95,-74.41,20.28
33.95,-74.39,20.3
33.95,-74.37,20.31
33.95,-74.35,20.32
33.95,-74.33,20.27
33.95,-74.31,20.25
33.95,-74.29,20.29
33.95,-74.27,20.35
33.95,-74.25,20.39
33.95,-74.23,20.38
33.95,-74.21,20.42
33.95,-74.19,20.42
33.95,-74.17,20.42
33.95,-74.15,20.41
33.95,-74.13,20.39
33.95,-74.11,20.39
33.95,-74.09,20.43
33.95,-73.85,20.72
33.95,-73.83,20.76
33.95,-73.81,20.85
33.93,-77.99,22.47
33.93,-77.97,22.12
33.93,-77.95,22.17
33.93,-77.93,20.94
33.93,-77.91,20.86
33.93,-77.89,20.89
33.93,-77.87,20.92
33.93,-77.85,21.01
33.93,-77.83,21.02
33.93,-77.81,21.02
33.93,-77.79,21.06
33.93,-77.77,21.24
33.93,-77.75,21.3
33.93,-77.73,21.5
33.93,-77.71,21.65
33.93,-77.69,21.77
33.93,-77.67,21.96
33.93,-77.65,22.07
33.93,-77.63,22.26
33.93,-77.61,22.42
33.93,-77.59,22.48
33.93,-77.57,22.63
33.93,-77.55,22.68
33.93,-77.53,22.71
33.93,-77.51,22.82
33.93,-77.49,22.87
33.93,-77.47,22.94
33.93,-77.45,23.02
33.93,-77.43,23.1
33.93,-77.41,23.21
33.93,-77.39,23.25
33.93,-77.37,23.27
33.93,-77.35,23.24
33.93,-77.33,23.33
33.93,-77.31,23.34
33.93,-77.29,23.37
33.93,-77.27,23.39
33.93,-77.25,23.43
33.93,-77.23,23.48
33.93,-77.21,23.55
33.93,-77.19,23.56
33.93,-77.17,23.6
33.93,-77.15,23.58
33.93,-77.13,23.58
33.93,-77.11,23.66
33.93,-77.09,23.71
33.93,-77.07,23.73
33.93,-77.05,23.76
33.93,-77.03,23.81
33.93,-77.01,23.89
33.93,-76.99,23.92
33.93,-76.97,23.94
33.93,-76.95,24.03
33.93,-76.93,24.09
33.93,-76.91,24.07
33.93,-76.89,24.13
33.93,-76.87,24.24
33.93,-76.85,24.99
33.93,-76.83,25.07
33.93,-76.81,25.23
33.93,-76.79,25.3
33.93,-76.77,25.38
33.93,-76.75,25.38
33.93,-76.73,25.36
33.93,-76.71,25.37
33.93,-76.69,25.32
33.93,-76.67,25.21
33.93,-76.65,25.05
33.93,-76.63,25.05
33.93,-76.61,25.07
33.93,-76.59,25.7
33.93,-76.57,26.08
33.93,-76.55,26.1
33.93,-76.53,26.23
33.93,-76.51,26.31
33.93,-76.49,26.36
33.93,-76.47,26.39
33.93,-76.45,26.25
33.93,-76.43,26.32
33.93,-76.41,26.45
33.93,-76.39,26.46
33.93,-76.37,26.44
33.93,-76.35,26.38
33.93,-76.33,26.38
33.93,-76.31,26.33
33.93,-76.29,26.33
33.93,-76.27,26.35
33.93,-76.25,26.4
33.93,-76.23,26.33
33.93,-76.21,26.33
33.93,-76.19,26.35
33.93,-76.17,26.23
33.93,-76.15,26.29
33.93,-76.13,26.28
33.93,-76.11,26.25
33.93,-76.09,26.22
33.93,-76.07,26.12
33.93,-76.05,26.06
33.93,-76.03,26.01
33.93,-76.01,26.09
33.93,-75.99,26.13
33.93,-75.97,26.11
33.93,-75.95,26.12
33.93,-75.93,26.18
33.93,-75.91,26.21
33.93,-75.89,26.19
33.93,-75.87,26.09
33.93,-75.85,26.08
33.93,-75.83,26.03
33.93,-75.81,25.9
33.93,-75.79,25.77
33.93,-75.77,25.76
33.93,-75.75,25.75
33.93,-75.73,25.73
33.93,-75.71,25.79
33.93,-75.69,25.82
33.93,-75.67,25.73
33.93,-75.65,25.66
33.93,-75.63,25.77
33.93,-75.61,25.84
33.93,-75.59,25.83
33.93,-75.57,25.83
33.93,-75.55,25.81
33.93,-75.53,25.86
33.93,-75.51,25.93
33.93,-75.49,25.89
33.93,-75.47,25.88
33.93,-75.45,25.89
33.93,-75.43,25.93
33.93,-75.41,25.88
33.93,-75.39,25.72
33.93,-75.37,25.69
33.93,-75.35,25.62
33.93,-75.33,25.33
33.93,-75.31,24.69
33.93,-75.29,24.61
33.93,-75.27,25.13
33.93,-75.25,25.2
33.93,-75.23,25.17
33.93,-75.21,25.25
33.93,-75.19,25.39
33.93,-75.17,25.39
33.93,-75.15,25.38
33.93,-75.13,25.27
33.93,-75.11,25.33
33.93,-75.09,25.39
33.93,-75.07,25.36
33.93,-75.05,25.34
33.93,-75.03,25.36
33.93,-75.01,25.4
33.93,-74.99,25.39
33.93,-74.97,25.42
33.93,-74.95,25.51
33.93,-74.93,25.47
33.93,-74.91,25.39
33.93,-74.89,25.36
33.93,-74.87,25.36
33.93,-74.85,25.31
33.93,-74.83,25.26
33.93,-74.81,25.18
33.93,-74.79,25.02
33.93,-74.77,24.93
33.93,-74.71,20.47
33.93,-74.69,20.36
33.93,-74.67,20.35
33.93,-74.65,20.37
33.93,-74.63,20.39
33.93,-74.61,20.34
33.93,-74.59,20.31
33.93,-74.57,20.31
33.93,-74.55,20.26
33.93,-74.53,20.22
33.93,-74.51,20.25
33.93,-74.49,20.24
33.93,-74.47,20.24
33.93,-74.45,20.26
33.93,-74.43,20.3
33.93,-74.41,20.37
33.93,-74.39,20.34
33.93,-74.37,20.29
33.93,-74.35,20.33
33.93,-74.33,20.33
33.93,-74.31,20.37
33.93,-74.29,20.41
33.93,-74.27,20.31
33.93,-74.25,20.32
33.93,-74.23,20.4
33.93,-74.21,20.41
33.93,-74.19,20.38
33.93,-74.17,20.38
33.93,-74.15,20.42
33.93,-74.13,20.44
33.93,-74.11,20.44
33.93,-74.09,20.45
33.91,-78.29,21.19
33.91,-78.27,21.1
33.91,-78.25,21.13
33.91,-78.23,21.13
33.91,-78.21,21.12
33.91,-78.19,21.19
33.91,-78.17,21.14
33.91,-78.15,21.14
33.91,-78.13,21.3
33.91,-77.99,22.61
33.91,-77.93,20.94
33.91,-77.91,20.95
33.91,-77.89,20.95
33.91,-77.87,20.97
33.91,-77.85,20.98
33.91,-77.83,20.97
33.91,-77.81,20.99
33.91,-77.79,21.06
33.91,-77.77,21.16
33.91,-77.75,21.32
33.91,-77.73,21.46
33.91,-77.71,21.61
33.91,-77.69,21.77
33.91,-77.67,21.96
33.91,-77.65,22.1
33.91,-77.63,22.25
33.91,-77.61,22.44
33.91,-77.59,22.46
33.91,-77.57,22.58
33.91,-77.55,22.69
33.91,-77.53,22.74
33.91,-77.51,22.82
33.91,-77.49,22.88
33.91,-77.47,22.94
33.91,-77.45,23.02
33.91,-77.43,23.12
33.91,-77.41,23.2
33.91,-77.39,23.24
33.91,-77.37,23.28
33.91,-77.35,23.32
33.91,-77.33,23.37
33.91,-77.31,23.43
33.91,-77.29,23.43
33.91,-77.27,23.47
33.91,-77.25,23.49
33.91,-77.23,23.55
33.91,-77.21,23.61
33.91,-77.19,23.66
33.91,-77.17,23.67
33.91,-77.15,23.67
33.91,-77.13,23.62
33.91,-77.11,23.7
33.91,-77.09,23.8
33.91,-77.07,23.85
33.91,-77.05,23.92
33.91,-77.03,24.01
33.91,-77.01,24.01
33.91,-76.99,24.0
33.91,-76.97,24.03
33.91,-76.95,24.12
33.91,-76.93,24.12
33.91,-76.91,24.14
33.91,-76.89,24.55
33.91,-76.87,24.96
33.91,-76.85,25.13
33.91,-76.83,25.21
33.91,-76.81,25.28
33.91,-76.79,25.37
33.91,-76.77,25.38
33.91,-76.75,25.33
33.91,-76.73,25.28
33.91,-76.71,25.24
33.91,-76.69,25.19
33.91,-76.67,24.93
33.91,-76.65,25.08
33.91,-76.63,25.25
33.91,-76.61,25.77
33.91,-76.59,26.11
33.91,-76.57,26.13
33.91,-76.55,26.2
33.91,-76.53,26.27
33.91,-76.51,26.3
33.91,-76.49,26.37
33.91,-76.47,26.38
33.91,-76.45,26.36
33.91,-76.43,26.4
33.91,-76.41,26.44
33.91,-76.39,26.44
33.91,-76.37,26.37
33.91,-76.35,26.35
33.91,-76.33,26.37
33.91,-76.31,26.37
33.91,-76.29,26.37
33.91,-76.27,26.37
33.91,-76.25,26.42
33.91,-76.23,26.37
33.91,-76.21,26.35
33.91,-76.19,26.33
33.91,-76.17,26.3
33.91,-76.15,26.27
33.91,-76.13,26.24
33.91,-76.11,26.32
33.91,-76.09,26.32
33.91,-76.07,26.19
33.91,-76.05,26.0
33.91,-76.03,25.99
33.91,-76.01,26.16
33.91,-75.99,26.1
33.91,-75.97,26.11
33.91,-75.95,26.23
33.91,-75.93,26.2
33.91,-75.91,26.18
33.91,-75.89,26.19
33.91,-75.87,26.07
33.91,-75.85,25.96
33.91,-75.83,25.93
33.91,-75.81,25.8
33.91,-75.79,25.76
33.91,-75.77,25.78
33.91,-75.75,25.72
33.91,-75.73,25.75
33.91,-75.71,25.74
33.91,-75.69,25.75
33.91,-75.67,25.72
33.91,-75.65,25.68
33.91,-75.63,25.73
33.91,-75.61,25.81
33.91,-75.59,25.83
33.91,-75.57,25.87
33.91,-75.55,25.87
33.91,-75.53,25.87
33.91,-75.51,25.87
33.91,-75.49,25.92
33.91,-75.47,25.93
33.91,-75.45,25.88
33.91,-75.43,25.87
33.91,-75.41,25.82
33.91,-75.39,25.73
33.91,-75.37,25.62
33.91,-75.35,25.47
33.91,-75.33,25.36
33.91,-75.31,24.51
33.91,-75.29,24.18
33.91,-75.27,24.79
33.91,-75.25,25.18
33.91,-75.23,25.18
33.91,-75.21,25.15
33.91,-75.19,25.24
33.91,-75.17,25.35
33.91,-75.15,25.33
33.91,-75.13,25.31
33.91,-75.11,25.34
33.91,-75.09,25.36
33.91,-75.07,25.38
33.91,-75.05,25.31
33.91,-75.03,25.33
33.91,-75.01,25.44
33.91,-74.99,25.38
33.91,-74.97,25.42
33.91,-74.95,25.55
33.91,-74.93,25.51
33.91,-74.91,25.42
33.91,-74.89,25.39
33.91,-74.87,25.42
33.91,-74.85,25.34
33.91,-74.83,25.03
33.91,-74.81,24.99
33.91,-74.79,24.92
33.91,-74.77,24.09
33.91,-74.75,22.12
33.91,-74.73,20.79
33.91,-74.71,20.55
33.91,-74.69,20.42
33.91,-74.67,20.29
33.91,-74.65,20.29
33.91,-74.63,20.32
33.91,-74.61,20.31
33.91,-74.59,20.29
33.91,-74.57,20.3
33.91,-74.55,20.29
33.91,-74.53,20.25
33.91,-74.51,20.24
33.91,-74.49,20.25
33.91,-74.47,20.25
33.91,-74.45,20.3
33.91,-74.43,20.33
33.91,-74.41,20.37
33.91,-74.39,20.36
33.91,-74.37,20.37
33.91,-74.35,20.38
33.91,-74.33,20.42
33.91,-74.31,20.42
33.91,-74.29,20.42
33.91,-74.27,20.33
33.91,-74.25,20.33
33.91,-74.23,20.37
33.91,-74.21,20.4
33.91,-74.19,20.37
33.91,-74.17,20.4
33.91,-74.15,20.43
33.91,-74.13,20.44
33.91,-74.11,20.36
33.91,-73.85,20.7
33.91,-73.83,20.74
33.91,-73.81,20.81
33.89,-78.41,21.3
33.89,-78.39,21.38
33.89,-78.37,21.4
33.89,-78.35,21.33
33.89,-78.33,21.19
33.89,-78.31,21.12
33.89,-78.29,21.21
33.89,-78.27,21.13
33.89,-78.25,21.13
33.89,-78.23,21.13
33.89,-78.21,21.11
33.89,-78.19,21.16
33.89,-78.17,21.16
33.89,-78.15,21.21
33.89,-78.13,21.35
33.89,-78.11,21.51
33.89,-78.09,21.87
33.89,-78.07,22.68
33.89,-78.05,22.65
33.89,-78.01,22.15
33.89,-77.99,22.54
33.89,-77.95,21.03
33.89,-77.93,20.99
33.89,-77.91,21.0
33.89,-77.89,21.01
33.89,-77.87,20.98
33.89,-77.85,20.97
33.89,-77.83,20.98
33.89,-77.81,20.99
33.89,-77.79,21.09
33.89,-77.77,21.19
33.89,-77.75,21.32
33.89,-77.73,21.47
33.89,-77.71,21.57
33.89,-77.69,21.76
33.89,-77.67,21.95
33.89,-77.65,22.08
33.89,-77.63,22.24
33.89,-77.61,22.46
33.89,-77.59,22.5
33.89,-77.57,22.53
33.89,-77.55,22.61
33.89,-77.53,22.72
33.89,-77.51,22.79
33.89,-77.49,22.86
33.89,-77.47,22.95
33.89,-77.45,22.98
33.89,-77.43,23.01
33.89,-77.41,23.11
33.89,-77.39,23.19
33.89,-77.37,23.31
33.89,-77.35,23.38
33.89,-77.33,23.46
33.89,-77.31,23.47
33.89,-77.29,23.47
33.89,-77.27,23.53
33.89,-77.25,23.54
33.89,-77.23,23.56
33.89,-77.21,23.62
33.89,-77.19,23.68
33.89,-77.17,23.71
33.89,-77.15,23.75
33.89,-77.13,23.75
33.89,-77.11,23.82
33.89,-77.09,23.93
33.89,-77.07,24.01
33.89,-77.05,24.05
33.89,-77.03,24.09
33.89,-77.01,24.11
33.89,-76.99,24.09
33.89,-76.97,24.13
33.89,-76.95,24.19
33.89,-76.93,24.26
33.89,-76.91,24.68
33.89,-76.89,25.02
33.89,-76.87,25.21
33.89,-76.85,25.31
33.89,-76.83,25.38
33.89,-76.81,25.37
33.89,-76.79,25.34
33.89,-76.77,25.3
33.89,-76.75,25.28
33.89,-76.73,25.2
33.89,-76.71,25.08
33.89,-76.69,25.03
33.89,-76.67,25.11
33.89,-76.65,25.3
33.89,-76.63,25.85
33.89,-76.61,25.97
33.89,-76.59,26.2
33.89,-76.57,26.21
33.89,-76.55,26.23
33.89,-76.53,26.29
33.89,-76.51,26.34
33.89,-76.49,26.39
33.89,-76.47,26.39
33.89,-76.45,26.4
33.89,-76.43,26.47
33.89,-76.41,26.43
33.89,-76.39,26.38
33.89,-76.37,26.33
33.89,-76.35,26.39
33.89,-76.33,26.4
33.89,-76.31,26.38
33.89,-76.29,26.4
33.89,-76.27,26.41
33.89,-76.25,26.42
33.89,-76.23,26.4
33.89,-76.21,26.4
33.89,-76.19,26.37
33.89,-76.17,26.31
33.89,-76.15,26.27
33.89,-76.13,26.26
33.89,-76.11,26.31
33.89,-76.09,26.29
33.89,-76.07,26.23
33.89,-76.05,26.06
33.89,-76.03,26.04
33.89,-76.01,26.17
33.89,-75.99,26.15
33.89,-75.97,26.23
33.89,-75.95,26.24
33.89,-75.93,26.09
33.89,-75.91,26.1
33.89,-75.89,26.09
33.89,-75.87,25.99
33.89,-75.85,25.91
33.89,-75.83,25.72
33.89,-75.81,25.71
33.89,-75.79,25.77
33.89,-75.77,25.78
33.89,-75.75,25.77
33.89,-75.73,25.78
33.89,-75.71,25.75
33.89,-75.69,25.77
33.89,-75.67,25.8
33.89,-75.65,25.79
33.89,-75.63,25.85
33.89,-75.61,25.84
33.89,-75.59,25.85
33.89,-75.57,25.88
33.89,-75.55,25.9
33.89,-75.53,25.91
33.89,-75.51,25.92
33.89,-75.49,25.91
33.89,-75.47,25.92
33.89,-75.45,25.92
33.89,-75.43,25.87
33.89,-75.41,25.84
33.89,-75.39,25.79
33.89,-75.37,25.52
33.89,-75.35,25.35
33.89,-75.33,25.12
33.89,-75.31,23.51
33.89,-75.29,23.52
33.89,-75.27,24.35
33.89,-75.25,24.9
33.89,-75.23,25.23
33.89,-75.21,25.27
33.89,-75.19,25.26
33.89,-75.17,25.35
33.89,-75.15,25.36
33.89,-75.13,25.34
33.89,-75.11,25.29
33.89,-75.09,25.31
33.89,-75.07,25.42
33.89,-75.05,25.37
33.89,-75.03,25.31
33.89,-75.01,25.42
33.89,-74.99,25.36
33.89,-74.97,25.38
33.89,-74.95,25.44
33.89,-74.93,25.38
33.89,-74.91,25.34
33.89,-74.89,25.36
33.89,-74.87,25.13
33.89,-74.85,25.0
33.89,-74.83,24.99
33.89,-74.79,24.8
33.89,-74.77,24.0
33.89,-74.75,22.04
33.89,-74.73,20.81
33.89,-74.71,20.43
33.89,-74.69,20.25
33.89,-74.67,20.21
33.89,-74.65,20.16
33.89,-74.63,20.31
33.89,-74.61,20.35
33.89,-74.59,20.38
33.89,-74.57,20.32
33.89,-74.55,20.29
33.89,-74.53,20.27
33.89,-74.51,20.29
33.89,-74.49,20.32
33.89,-74.47,20.34
33.89,-74.45,20.36
33.89,-74.43,20.31
33.89,-74.41,20.36
33.89,-74.39,20.43
33.89,-74.37,20.42
33.89,-74.35,20.34
33.89,-74.33,20.44
33.89,-74.31,20.41
33.89,-74.29,20.42
33.89,-74.27,20.41
33.89,-74.25,20.39
33.89,-74.23,20.38
33.89,-74.21,20.32
33.89,-74.19,20.3
33.89,-74.17,20.37
33.89,-74.15,20.37
33.89,-74.13,20.33
33.89,-74.11,20.33
33.87,-78.49,21.37
33.87,-78.47,21.33
33.87,-78.45,21.31
33.87,-78.43,21.33
33.87,-78.41,21.3
33.87,-78.39,21.33
33.87,-78.37,21.24
33.87,-78.35,21.19
33.87,-78.33,21.15
33.87,-78.31,21.08
33.87,-78.29,21.15
33.87,-78.27,21.14
33.87,-78.25,21.17
33.87,-78.23,21.16
33.87,-78.21,21.14
33.87,-78.19,21.12
33.87,-78.17,21.14
33.87,-78.15,21.32
33.87,-78.13,21.44
33.87,-78.11,21.67
33.87,-78.09,22.06
33.87,-78.07,21.99
33.87,-78.05,21.58
33.87,-78.03,21.56
33.87,-78.01,21.95
33.87,-77.95,21.15
33.87,-77.93,21.11
33.87,-77.91,21.09
33.87,-77.89,21.06
33.87,-77.87,21.05
33.87,-77.85,20.99
33.87,-77.83,21.01
33.87,-77.81,21.1
33.87,-77.79,21.12
33.87,-77.77,21.22
33.87,-77.75,21.36
33.87,-77.73,21.52
33.87,-77.71,21.59
33.87,-77.69,21.71
33.87,-77.67,21.88
33.87,-77.65,22.02
33.87,-77.63,22.22
33.87,-77.61,22.49
33.87,-77.59,22.55
33.87,-77.57,22.57
33.87,-77.55,22.6
33.87,-77.53,22.64
33.87,-77.51,22.77
33.87,-77.49,22.82
33.87,-77.47,22.93
33.87,-77.45,22.97
33.87,-77.43,22.93
33.87,-77.41,23.05
33.87,-77.39,23.18
33.87,-77.37,23.29
33.87,-77.35,23.41
33.87,-77.33,23.49
33.87,-77.31,23.5
33.87,-77.29,23.51
33.87,-77.27,23.52
33.87,-77.25,23.55
33.87,-77.23,23.57
33.87,-77.21,23.62
33.87,-77.19,23.68
33.87,-77.17,23.74
33.87,-77.15,23.82
33.87,-77.13,23.87
33.87,-77.11,23.97
33.87,-77.09,24.05
33.87,-77.07,24.09
33.87,-77.05,24.16
33.87,-77.03,24.19
33.87,-77.01,24.18
33.87,-76.99,24.24
33.87,-76.97,24.38
33.87,-76.95,24.38
33.87,-76.93,24.59
33.87,-76.91,25.04
33.87,-76.89,25.23
33.87,-76.87,25.33
33.87,-76.85,25.39
33.87,-76.83,25.44
33.87,-76.81,25.31
33.87,-76.79,25.28
33.87,-76.77,25.26
33.87,-76.75,25.1
33.87,-76.73,24.98
33.87,-76.71,24.94
33.87,-76.69,25.05
33.87,-76.67,25.16
33.87,-76.65,25.61
33.87,-76.63,26.04
33.87,-76.61,26.17
33.87,-76.59,26.26
33.87,-76.57,26.28
33.87,-76.55,26.29
33.87,-76.53,26.34
33.87,-76.51,26.39
33.87,-76.49,26.39
33.87,-76.47,26.42
33.87,-76.45,26.42
33.87,-76.43,26.44
33.87,-76.41,26.4
33.87,-76.39,26.36
33.87,-76.37,26.36
33.87,-76.35,26.4
33.87,-76.33,26.46
33.87,-76.31,26.46
33.87,-76.29,26.46
33.87,-76.27,26.47
33.87,-76.25,26.46
33.87,-76.23,26.5
33.87,-76.21,26.45
33.87,-76.19,26.42
33.87,-76.17,26.38
33.87,-76.15,26.37
33.87,-76.13,26.34
33.87,-76.11,26.31
33.87,-76.09,26.24
33.87,-76.07,26.23
33.87,-76.05,26.11
33.87,-76.03,26.11
33.87,-76.01,26.13
33.87,-75.99,26.13
33.87,-75.97,26.22
33.87,-75.95,26.17
33.87,-75.93,26.07
33.87,-75.91,25.97
33.87,-75.89,25.99
33.87,-75.87,25.85
33.87,-75.85,25.74
33.87,-75.83,25.7
33.87,-75.81,25.73
33.87,-75.79,25.77
33.87,-75.77,25.8
33.87,-75.75,25.8
33.87,-75.73,25.74
33.87,-75.71,25.82
33.87,-75.69,25.84
33.87,-75.67,25.84
33.87,-75.65,25.8
33.87,-75.63,25.85
33.87,-75.61,25.86
33.87,-75.59,25.86
33.87,-75.57,25.92
33.87,-75.55,25.95
33.87,-75.53,25.92
33.87,-75.51,25.92
33.87,-75.49,25.94
33.87,-75.47,25.97
33.87,-75.45,25.88
33.87,-75.43,25.75
33.87,-75.41,25.78
33.87,-75.39,25.76
33.87,-75.37,25.41
33.87,-75.35,25.23
33.87,-75.33,25.15
33.87,-75.31,23.41
33.87,-75.29,23.16
33.87,-75.27,23.2
33.87,-75.25,24.52
33.87,-75.23,25.02
33.87,-75.21,25.15
33.87,-75.19,25.24
33.87,-75.17,25.34
33.87,-75.15,25.31
33.87,-75.13,25.27
33.87,-75.11,25.35
33.87,-75.09,25.41
33.87,-75.07,25.4
33.87,-75.05,25.36
33.87,-75.03,25.34
33.87,-75.01,25.34
33.87,-74.99,25.34
33.87,-74.97,25.37
33.87,-74.95,25.38
33.87,-74.93,25.35
33.87,-74.91,25.41
33.87,-74.89,25.4
33.87,-74.87,25.28
33.87,-74.85,25.18
33.87,-74.83,25.19
33.87,-74.81,25.16
33.87,-74.79,25.06
33.87,-74.77,24.6
33.87,-74.75,22.01
33.87,-74.73,20.83
33.87,-74.71,20.53
33.87,-74.69,20.35
33.87,-74.67,20.32
33.87,-74.65,20.31
33.87,-74.63,20.22
33.87,-74.61,20.28
33.87,-74.59,20.35
33.87,-74.57,20.38
33.87,-74.55,20.36
33.87,-74.53,20.35
33.87,-74.51,20.34
33.87,-74.49,20.34
33.87,-74.47,20.32
33.87,-74.45,20.34
33.87,-74.43,20.38
33.87,-74.41,20.42
33.87,-74.39,20.44
33.87,-74.37,20.4
33.87,-74.35,20.37
33.87,-74.33,20.4
33.87,-74.31,20.42
33.87,-74.29,20.4
33.87,-74.27,20.38
33.87,-74.25,20.35
33.87,-74.23,20.3
33.87,-74.21,20.3
33.87,-74.19,20.33
33.87,-74.17,20.39
33.87,-74.15,20.37
33.87,-74.13,20.36
33.87,-74.11,20.39
33.85,-78.55,21.53
33.85,-78.53,21.55
33.85,-78.51,21.55
33.85,-78.49,21.4
33.85,-78.47,21.38
33.85,-78.45,21.35
33.85,-78.43,21.4
33.85,-78.41,21.36
33.85,-78.39,21.28
33.85,-78.37,21.26
33.85,-78.35,21.24
33.85,-78.33,21.12
33.85,-78.31,21.07
33.85,-78.29,21.12
33.85,-78.27,21.15
33.85,-78.25,21.16
33.85,-78.23,21.18
33.85,-78.21,21.21
33.85,-78.19,21.12
33.85,-78.17,21.19
33.85,-78.15,21.31
33.85,-78.13,21.51
33.85,-78.11,21.68
33.85,-78.09,21.8
33.85,-78.07,21.76
33.85,-78.05,21.43
33.85,-78.03,21.38
33.85,-78.01,21.57
33.85,-77.99,21.53
33.85,-77.95,21.19
33.85,-77.93,21.27
33.85,-77.91,21.2
33.85,-77.89,21.16
33.85,-77.87,21.13
33.85,-77.85,21.08
33.85,-77.83,21.14
33.85,-77.81,21.14
33.85,-77.79,21.21
33.85,-77.77,21.25
33.85,-77.75,21.42
33.85,-77.73,21.56
33.85,-77.71,21.64
33.85,-77.69,21.79
33.85,-77.67,21.84
33.85,-77.65,22.01
33.85,-77.63,22.35
33.85,-77.61,22.5
33.85,-77.59,22.59
33.85,-77.57,22.65
33.85,-77.55,22.69
33.85,-77.53,22.66
33.85,-77.51,22.7
33.85,-77.49,22.83
33.85,-77.47,22.88
33.85,-77.45,22.9
33.85,-77.43,22.97
33.85,-77.41,23.12
33.85,-77.39,23.18
33.85,-77.37,23.26
33.85,-77.35,23.38
33.85,-77.33,23.46
33.85,-77.31,23.5
33.85,-77.29,23.5
33.85,-77.27,23.55
33.85,-77.25,23.58
33.85,-77.23,23.61
33.85,-77.21,23.68
33.85,-77.19,23.75
33.85,-77.17,23.8
33.85,-77.15,23.84
33.85,-77.13,23.92
33.85,-77.11,24.03
33.85,-77.09,24.14
33.85,-77.07,24.17
33.85,-77.05,24.22
33.85,-77.03,24.27
33.85,-77.01,24.31
33.85,-76.99,24.43
33.85,-76.97,24.55
33.85,-76.95,24.94
33.85,-76.93,25.07
33.85,-76.91,25.22
33.85,-76.89,25.3
33.85,-76.87,25.36
33.85,-76.85,25.39
33.85,-76.83,25.34
33.85,-76.81,25.25
33.85,-76.79,25.09
33.85,-76.77,25.03
33.85,-76.75,24.91
33.85,-76.73,24.91
33.85,-76.71,25.08
33.85,-76.69,25.11
33.85,-76.67,25.67
33.85,-76.65,25.99
33.85,-76.63,26.18
33.85,-76.61,26.26
33.85,-76.59,26.3
33.85,-76.57,26.29
33.85,-76.55,26.32
33.85,-76.53,26.35
33.85,-76.51,26.44
33.85,-76.49,26.49
33.85,-76.47,26.46
33.85,-76.45,26.36
33.85,-76.43,26.4
33.85,-76.41,26.37
33.85,-76.39,26.37
33.85,-76.37,26.39
33.85,-76.35,26.43
33.85,-76.33,26.51
33.85,-76.31,26.48
33.85,-76.29,26.49
33.85,-76.27,26.53
33.85,-76.25,26.51
33.85,-76.23,26.51
33.85,-76.21,26.54
33.85,-76.19,26.5
33.85,-76.17,26.47
33.85,-76.15,26.44
33.85,-76.13,26.42
33.85,-76.11,26.37
33.85,-76.09,26.35
33.85,-76.07,26.26
33.85,-76.05,26.07
33.85,-76.03,26.08
33.85,-76.01,26.13
33.85,-75.99,26.2
33.85,-75.97,26.18
33.85,-75.95,26.16
33.85,-75.93,26.11
33.85,-75.91,25.99
33.85,-75.89,25.85
33.85,-75.87,25.62
33.85,-75.85,25.59
33.85,-75.83,25.74
33.85,-75.81,25.78
33.85,-75.79,25.76
33.85,-75.77,25.73
33.85,-75.75,25.82
33.85,-75.73,25.84
33.85,-75.71,25.81
33.85,-75.69,25.82
33.85,-75.67,25.83
33.85,-75.65,25.8
33.85,-75.63,25.86
33.85,-75.61,25.91
33.85,-75.59,25.91
33.85,-75.57,25.91
33.85,-75.55,25.95
33.85,-75.53,25.95
33.85,-75.51,25.97
33.85,-75.49,25.98
33.85,-75.47,25.88
33.85,-75.45,25.77
33.85,-75.43,25.7
33.85,-75.41,25.73
33.85,-75.39,25.72
33.85,-75.37,25.37
33.85,-75.35,25.15
33.85,-75.33,24.47
33.85,-75.31,23.92
33.85,-75.29,23.34
33.85,-75.27,23.29
33.85,-75.25,23.7
33.85,-75.23,24.86
33.85,-75.21,25.1
33.85,-75.19,25.15
33.85,-75.17,25.2
33.85,-75.15,25.27
33.85,-75.13,25.29
33.85,-75.11,25.35
33.85,-75.09,25.29
33.85,-75.07,25.33
33.85,-75.05,25.35
33.85,-75.03,25.33
33.85,-75.01,25.3
33.85,-74.99,25.33
33.85,-74.97,25.35
33.85,-74.95,25.37
33.85,-74.93,25.32
33.85,-74.91,25.3
33.85,-74.89,25.3
33.85,-74.87,25.28
33.85,-74.85,25.24
33.85,-74.83,25.21
33.85,-74.81,25.16
33.85,-74.79,25.04
33.85,-74.77,24.62
33.85,-74.75,23.59
33.85,-74.73,20.8
33.85,-74.71,20.53
33.85,-74.69,20.4
33.85,-74.67,20.39
33.85,-74.65,20.37
33.85,-74.63,20.31
33.85,-74.61,20.29
33.85,-74.59,20.32
33.85,-74.57,20.35
33.85,-74.55,20.33
33.85,-74.53,20.32
33.85,-74.51,20.35
33.85,-74.49,20.4
33.85,-74.47,20.4
33.85,-74.45,20.41
33.85,-74.43,20.46
33.85,-74.41,20.46
33.85,-74.39,20.44
33.85,-74.37,20.39
33.85,-74.35,20.34
33.85,-74.33,20.39
33.85,-74.31,20.37
33.85,-74.29,20.36
33.85,-74.27,20.38
33.85,-74.25,20.37
33.85,-74.23,20.35
33.85,-74.21,20.32
33.85,-74.19,20.31
33.85,-74.17,20.37
33.85,-74.15,20.34
33.85,-74.13,20.33
33.85,-74.11,20.34
33.83,-78.63,21.55
33.83,-78.61,21.56
33.83,-78.59,21.54
33.83,-78.57,21.54
33.83,-78.55,21.42
33.83,-78.53,21.29
33.83,-78.51,21.48
33.83,-78.49,21.41
33.83,-78.47,21.37
33.83,-78.45,21.33
33.83,-78.43,21.39
33.83,-78.41,21.36
33.83,-78.39,21.34
33.83,-78.37,21.3
33.83,-78.35,21.26
33.83,-78.33,21.18
33.83,-78.31,21.1
33.83,-78.29,21.1
33.83,-78.27,21.15
33.83,-78.25,21.18
33.83,-78.23,21.19
33.83,-78.21,21.22
33.83,-78.19,21.17
33.83,-78.17,21.2
33.83,-78.15,21.24
33.83,-78.13,21.48
33.83,-78.11,21.6
33.83,-78.09,21.72
33.83,-78.07,21.73
33.83,-78.05,21.4
33.83,-78.03,21.38
33.83,-78.01,21.6
33.83,-77.99,21.48
33.83,-77.97,21.25
33.83,-77.95,21.21
33.83,-77.93,21.26
33.83,-77.91,21.29
33.83,-77.89,21.26
33.83,-77.87,21.23
33.83,-77.85,21.23
33.83,-77.83,21.23
33.83,-77.81,21.22
33.83,-77.79,21.27
33.83,-77.77,21.32
33.83,-77.75,21.48
33.83,-77.73,21.54
33.83,-77.71,21.7
33.83,-77.69,21.89
33.83,-77.67,22.1
33.83,-77.65,22.17
33.83,-77.63,22.42
33.83,-77.61,22.48
33.83,-77.59,22.56
33.83,-77.57,22.63
33.83,-77.55,22.71
33.83,-77.53,22.73
33.83,-77.51,22.77
33.83,-77.49,22.86
33.83,-77.47,22.92
33.83,-77.45,22.98
33.83,-77.43,23.07
33.83,-77.41,23.16
33.83,-77.39,23.28
33.83,-77.37,23.27
33.83,-77.35,23.31
33.83,-77.33,23.41
33.83,-77.31,23.46
33.83,-77.29,23.61
33.83,-77.27,23.63
33.83,-77.25,23.68
33.83,-77.23,23.72
33.83,-77.21,23.77
33.83,-77.19,23.82
33.83,-77.17,23.87
33.83,-77.15,23.9
33.83,-77.13,23.95
33.83,-77.11,24.1
33.83,-77.09,24.19
33.83,-77.07,24.23
33.83,-77.05,24.26
33.83,-77.03,24.34
33.83,-77.01,24.61
33.83,-76.99,24.87
33.83,-76.97,25.04
33.83,-76.95,25.11
33.83,-76.93,25.22
33.83,-76.91,25.29
33.83,-76.89,25.37
33.83,-76.87,25.39
33.83,-76.85,25.27
33.83,-76.83,25.15
33.83,-76.81,25.01
33.83,-76.79,24.96
33.83,-76.77,24.86
33.83,-76.75,24.9
33.83,-76.73,25.1
33.83,-76.71,25.09
33.83,-76.69,25.22
33.83,-76.67,25.95
33.83,-76.65,26.16
33.83,-76.63,26.22
33.83,-76.61,26.3
33.83,-76.59,26.37
33.83,-76.57,26.36
33.83,-76.55,26.39
33.83,-76.53,26.41
33.83,-76.51,26.41
33.83,-76.49,26.52
33.83,-76.47,26.49
33.83,-76.45,26.35
33.83,-76.43,26.37
33.83,-76.41,26.43
33.83,-76.39,26.43
33.83,-76.37,26.48
33.83,-76.35,26.47
33.83,-76.33,26.45
33.83,-76.31,26.47
33.83,-76.29,26.49
33.83,-76.27,26.52
33.83,-76.25,26.55
33.83,-76.23,26.6
33.83,-76.21,26.5
33.83,-76.19,26.47
33.83,-76.17,26.52
33.83,-76.15,26.49
33.83,-76.13,26.39
33.83,-76.11,26.36
33.83,-76.09,26.36
33.83,-76.07,26.26
33.83,-76.05,26.22
33.83,-76.03,26.13
33.83,-76.01,26.07
33.83,-75.99,26.13
33.83,-75.97,26.1
33.83,-75.95,26.09
33.83,-75.93,26.08
33.83,-75.91,26.0
33.83,-75.89,25.84
33.83,-75.87,25.59
33.83,-75.85,25.69
33.83,-75.83,25.73
33.83,-75.81,25.81
33.83,-75.79,25.79
33.83,-75.77,25.65
33.83,-75.75,25.66
33.83,-75.73,25.81
33.83,-75.71,25.86
33.83,-75.69,25.85
33.83,-75.67,25.77
33.83,-75.65,25.77
33.83,-75.63,25.8
33.83,-75.61,25.87
33.83,-75.59,25.94
33.83,-75.57,25.88
33.83,-75.55,25.88
33.83,-75.53,25.89
33.83,-75.51,25.92
33.83,-75.49,25.87
33.83,-75.47,25.73
33.83,-75.45,25.74
33.83,-75.43,25.73
33.83,-75.41,25.67
33.83,-75.39,25.48
33.83,-75.37,25.4
33.83,-75.35,25.1
33.83,-75.33,24.51
33.83,-75.31,23.57
33.83,-75.29,23.19
33.83,-75.27,23.13
33.83,-75.25,23.36
33.83,-75.23,24.72
33.83,-75.21,24.99
33.83,-75.19,25.1
33.83,-75.17,25.14
33.83,-75.15,25.22
33.83,-75.13,25.27
33.83,-75.11,25.34
33.83,-75.09,25.33
33.83,-75.07,25.3
33.83,-75.05,25.29
33.83,-75.03,25.26
33.83,-75.01,25.27
33.83,-74.99,25.35
33.83,-74.97,25.4
33.83,-74.95,25.37
33.83,-74.93,25.28
33.83,-74.91,25.23
33.83,-74.89,25.26
33.83,-74.87,25.2
33.83,-74.85,25.13
33.83,-74.83,24.96
33.83,-74.81,24.99
33.83,-74.79,24.9
33.83,-74.77,24.64
33.83,-74.75,23.53
33.83,-74.73,20.73
33.83,-74.71,20.45
33.83,-74.69,20.36
33.83,-74.67,20.38
33.83,-74.65,20.37
33.83,-74.63,20.32
33.83,-74.61,20.22
33.83,-74.59,20.23
33.83,-74.57,20.26
33.83,-74.55,20.31
33.83,-74.53,20.39
33.83,-74.51,20.41
33.83,-74.49,20.38
33.83,-74.47,20.46
33.83,-74.45,20.52
33.83,-74.43,20.48
33.83,-74.41,20.46
33.83,-74.39,20.42
33.83,-74.37,20.4
33.83,-74.35,20.36
33.83,-74.33,20.38
33.83,-74.31,20.37
33.83,-74.29,20.37
33.83,-74.27,20.36
33.83,-74.25,20.32
33.83,-74.23,20.34
33.83,-74.21,20.35
33.83,-74.19,20.34
33.83,-74.17,20.32
33.83,-74.15,20.28
33.83,-74.13,20.28
33.81,-78.69,21.63
33.81,-78.67,21.58
33.81,-78.65,21.58
33.81,-78.63,21.57
33.81,-78.61,21.61
33.81,-78.59,21.63
33.81,-78.57,21.47
33.81,-78.55,21.39
33.81,-78.53,21.3
33.81,-78.51,21.32
33.81,-78.49,21.36
33.81,-78.47,21.37
33.81,-78.45,21.29
33.81,-78.43,21.29
33.81,-78.41,21.32
33.81,-78.39,21.34
33.81,-78.37,21.34
33.81,-78.35,21.28
33.81,-78.33,21.23
33.81,-78.31,21.14
33.81,-78.29,21.12
33.81,-78.27,21.15
33.81,-78.25,21.19
33.81,-78.23,21.28
33.81,-78.21,21.29
33.81,-78.19,21.24
33.81,-78.17,21.18
33.81,-78.15,21.2
33.81,-78.13,21.31
33.81,-78.11,21.39
33.81,-78.09,21.61
33.81,-78.07,21.68
33.81,-78.05,21.61
33.81,-78.03,21.59
33.81,-78.01,21.59
33.81,-77.99,21.45
33.81,-77.97,21.05
33.81,-77.95,20.97
33.81,-77.93,21.46
33.81,-77.91,21.47
33.81,-77.89,21.38
33.81,-77.87,21.32
33.81,-77.85,21.33
33.81,-77.83,21.34
33.81,-77.81,21.3
33.81,-77.79,21.33
33.81,-77.77,21.4
33.81,-77.75,21.51
33.81,-77.73,21.61
33.81,-77.71,21.8
33.81,-77.69,22.07
33.81,-77.67,22.23
33.81,-77.65,22.32
33.81,-77.63,22.43
33.81,-77.61,22.48
33.81,-77.59,22.53
33.81,-77.57,22.62
33.81,-77.55,22.68
33.81,-77.53,22.77
33.81,-77.51,22.88
33.81,-77.49,22.97
33.81,-77.47,23.09
33.81,-77.45,23.1
33.81,-77.43,23.16
33.81,-77.41,23.27
33.81,-77.39,23.33
33.81,-77.37,23.35
33.81,-77.35,23.33
33.81,-77.33,23.42
33.81,-77.31,23.54
33.81,-77.29,23.69
33.81,-77.27,23.8
33.81,-77.25,23.77
33.81,-77.23,23.76
33.81,-77.21,23.86
33.81,-77.19,23.9
33.81,-77.17,23.96
33.81,-77.15,23.97
33.81,-77.13,23.97
33.81,-77.11,24.18
33.81,-77.09,24.25
33.81,-77.07,24.3
33.81,-77.05,24.42
33.81,-77.03,24.81
33.81,-77.01,24.97
33.81,-76.99,25.03
33.81,-76.97,25.17
33.81,-76.95,25.24
33.81,-76.93,25.31
33.81,-76.91,25.38
33.81,-76.89,25.34
33.81,-76.87,25.26
33.81,-76.85,25.1
33.81,-76.83,24.96
33.81,-76.81,24.88
33.81,-76.79,24.84
33.81,-76.77,24.84
33.81,-76.75,24.97
33.81,-76.73,25.02
33.81,-76.71,25.0
33.81,-76.69,25.3
33.81,-76.67,26.07
33.81,-76.65,26.21
33.81,-76.63,26.26
33.81,-76.61,26.28
33.81,-76.59,26.3
33.81,-76.57,26.33
33.81,-76.55,26.4
33.81,-76.53,26.42
33.81,-76.51,26.44
33.81,-76.49,26.52
33.81,-76.47,26.43
33.81,-76.45,26.37
33.81,-76.43,26.38
33.81,-76.41,26.45
33.81,-76.39,26.5
33.81,-76.37,26.52
33.81,-76.35,26.44
33.81,-76.33,26.4
33.81,-76.31,26.45
33.81,-76.29,26.51
33.81,-76.27,26.51
33.81,-76.25,26.54
33.81,-76.23,26.55
33.81,-76.21,26.47
33.81,-76.19,26.45
33.81,-76.17,26.54
33.81,-76.15,26.44
33.81,-76.13,26.43
33.81,-76.11,26.41
33.81,-76.09,26.31
33.81,-76.07,26.24
33.81,-76.05,26.22
33.81,-76.03,26.14
33.81,-76.01,26.05
33.81,-75.99,26.04
33.81,-75.97,26.06
33.81,-75.95,26.08
33.81,-75.93,26.04
33.81,-75.91,25.98
33.81,-75.89,25.84
33.81,-75.87,25.72
33.81,-75.85,25.73
33.81,-75.83,25.73
33.81,-75.81,25.77
33.81,-75.79,25.76
33.81,-75.77,25.65
33.81,-75.75,25.65
33.81,-75.73,25.77
33.81,-75.71,25.78
33.81,-75.69,25.93
33.81,-75.67,25.89
33.81,-75.65,25.75
33.81,-75.63,25.8
33.81,-75.61,25.81
33.81,-75.59,25.8
33.81,-75.57,25.87
33.81,-75.55,25.9
33.81,-75.53,25.8
33.81,-75.51,25.87
33.81,-75.49,25.83
33.81,-75.47,25.67
33.81,-75.45,25.64
33.81,-75.43,25.67
33.81,-75.41,25.63
33.81,-75.39,25.53
33.81,-75.37,25.23
33.81,-75.35,25.0
33.81,-75.33,24.21
33.81,-75.31,23.25
33.81,-75.29,23.19
33.81,-75.27,23.08
33.81,-75.25,23.38
33.81,-75.23,24.53
33.81,-75.21,24.91
33.81,-75.19,25.11
33.81,-75.17,25.15
33.81,-75.15,25.19
33.81,-75.13,25.17
33.81,-75.11,25.25
33.81,-75.09,25.28
33.81,-75.07,25.26
33.81,-75.05,25.29
33.81,-75.03,25.26
33.81,-75.01,25.27
33.81,-74.99,25.25
33.81,-74.97,25.23
33.81,-74.95,25.26
33.81,-74.93,25.2
33.81,-74.91,25.16
33.81,-74.89,25.08
33.81,-74.87,25.11
33.81,-74.85,25.16
33.81,-74.83,24.98
33.81,-74.81,24.96
33.81,-74.79,24.77
33.81,-74.77,24.28
33.81,-74.75,22.82
33.81,-74.73,21.05
33.81,-74.71,20.48
33.81,-74.69,20.4
33.81,-74.67,20.32
33.81,-74.65,20.34
33.81,-74.63,20.34
33.81,-74.61,20.29
33.81,-74.59,20.15
33.81,-74.57,20.2
33.81,-74.55,20.36
33.81,-74.53,20.38
33.81,-74.51,20.43
33.81,-74.49,20.39
33.81,-74.47,20.45
33.81,-74.45,20.46
33.81,-74.43,20.43
33.81,-74.41,20.42
33.81,-74.39,20.43
33.81,-74.37,20.39
33.81,-74.35,20.36
33.81,-74.33,20.43
33.81,-74.31,20.42
33.81,-74.29,20.39
33.81,-74.27,20.31
33.81,-74.25,20.29
33.81,-74.23,20.28
33.81,-74.21,20.36
33.81,-74.19,20.33
33.81,-74.17,20.29
33.81,-74.15,20.3
33.81,-74.13,20.29
33.79,-78.73,21.67
33.79,-78.71,21.61
33.79,-78.69,21.64
33.79,-78.67,21.62
33.79,-78.65,21.65
33.79,-78.63,21.6
33.79,-78.61,21.58
33.79,-78.59,21.6
33.79,-78.57,21.55
33.79,-78.55,21.44
33.79,-78.53,21.38
33.79,-78.51,21.35
33.79,-78.49,21.33
33.79,-78.47,21.31
33.79,-78.45,21.27
33.79,-78.43,21.31
33.79,-78.41,21.32
33.79,-78.39,21.33
33.79,-78.37,21.36
33.79,-78.35,21.28
33.79,-78.33,21.25
33.79,-78.31,21.22
33.79,-78.29,21.18
33.79,-78.27,21.18
33.79,-78.25,21.23
33.79,-78.23,21.31
33.79,-78.21,21.31
33.79,-78.19,21.29
33.79,-78.17,21.26
33.79,-78.15,21.26
33.79,-78.13,21.32
33.79,-78.11,21.32
33.79,-78.09,21.45
33.79,-78.07,21.59
33.79,-78.05,21.64
33.79,-78.03,21.54
33.79,-78.01,21.49
33.79,-77.99,21.45
33.79,-77.97,21.25
33.79,-77.95,20.97
33.79,-77.93,21.48
33.79,-77.91,21.59
33.79,-77.89,21.52
33.79,-77.87,21.48
33.79,-77.85,21.43
33.79,-77.83,21.43
33.79,-77.81,21.39
33.79,-77.79,21.36
33.79,-77.77,21.46
33.79,-77.75,21.57
33.79,-77.73,21.76
33.79,-77.71,21.95
33.79,-77.69,22.16
33.79,-77.67,22.29
33.79,-77.65,22.37
33.79,-77.63,22.45
33.79,-77.61,22.44
33.79,-77.59,22.51
33.79,-77.57,22.56
33.79,-77.55,22.71
33.79,-77.53,22.77
33.79,-77.51,22.94
33.79,-77.49,23.0
33.79,-77.47,23.15
33.79,-77.45,23.21
33.79,-77.43,23.25
33.79,-77.41,23.32
33.79,-77.39,23.4
33.79,-77.37,23.47
33.79,-77.35,23.48
33.79,-77.33,23.54
33.79,-77.31,23.62
33.79,-77.29,23.79
33.79,-77.27,23.95
33.79,-77.25,23.96
33.79,-77.23,23.9
33.79,-77.21,23.94
33.79,-77.19,23.99
33.79,-77.17,24.02
33.79,-77.15,24.04
33.79,-77.13,24.04
33.79,-77.11,24.32
33.79,-77.09,24.41
33.79,-77.07,24.41
33.79,-77.05,24.58
33.79,-77.03,25.1
33.79,-77.01,25.13
33.79,-76.99,25.16
33.79,-76.97,25.25
33.79,-76.95,25.33
33.79,-76.93,25.32
33.79,-76.91,25.28
33.79,-76.89,25.21
33.79,-76.87,25.07
33.79,-76.85,24.96
33.79,-76.83,24.77
33.79,-76.81,24.82
33.79,-76.79,24.84
33.79,-76.77,24.85
33.79,-76.75,25.04
33.79,-76.73,25.04
33.79,-76.71,24.98
33.79,-76.69,25.47
33.79,-76.67,26.13
33.79,-76.65,26.17
33.79,-76.63,26.23
33.79,-76.61,26.21
33.79,-76.59,26.25
33.79,-76.57,26.33
33.79,-76.55,26.38
33.79,-76.53,26.39
33.79,-76.51,26.43
33.79,-76.49,26.44
33.79,-76.47,26.42
33.79,-76.45,26.4
33.79,-76.43,26.47
33.79,-76.41,26.47
33.79,-76.39,26.45
33.79,-76.37,26.42
33.79,-76.35,26.23
33.79,-76.33,26.25
33.79,-76.31,26.36
33.79,-76.29,26.4
33.79,-76.27,26.39
33.79,-76.25,26.47
33.79,-76.23,26.55
33.79,-76.21,26.52
33.79,-76.19,26.5
33.79,-76.17,26.49
33.79,-76.15,26.48
33.79,-76.13,26.48
33.79,-76.11,26.37
33.79,-76.09,26.4
33.79,-76.07,26.32
33.79,-76.05,26.27
33.79,-76.03,26.18
33.79,-76.01,26.1
33.79,-75.99,26.04
33.79,-75.97,26.03
33.79,-75.95,26.01
33.79,-75.93,26.02
33.79,-75.91,25.94
33.79,-75.89,25.83
33.79,-75.87,25.63
33.79,-75.85,25.65
33.79,-75.83,25.75
33.79,-75.81,25.79
33.79,-75.79,25.76
33.79,-75.77,25.7
33.79,-75.75,25.84
33.79,-75.73,25.82
33.79,-75.71,25.71
33.79,-75.69,25.81
33.79,-75.67,25.76
33.79,-75.65,25.73
33.79,-75.63,25.79
33.79,-75.61,25.79
33.79,-75.59,25.74
33.79,-75.57,25.78
33.79,-75.55,25.79
33.79,-75.53,25.75
33.79,-75.51,25.79
33.79,-75.49,25.77
33.79,-75.47,25.65
33.79,-75.45,25.61
33.79,-75.43,25.57
33.79,-75.41,25.5
33.79,-75.39,25.4
33.79,-75.37,25.07
33.79,-75.35,24.82
33.79,-75.33,23.99
33.79,-75.31,23.08
33.79,-75.29,23.09
33.79,-75.27,23.06
33.79,-75.25,23.3
33.79,-75.23,24.06
33.79,-75.21,24.89
33.79,-75.19,25.04
33.79,-75.17,25.18
33.79,-75.15,25.19
33.79,-75.13,25.17
33.79,-75.11,25.3
33.79,-75.09,25.23
33.79,-75.07,25.18
33.79,-75.05,25.22
33.79,-75.03,25.23
33.79,-75.01,25.26
33.79,-74.99,25.25
33.79,-74.97,25.24
33.79,-74.95,25.18
33.79,-74.93,25.19
33.79,-74.91,25.27
33.79,-74.89,25.1
33.79,-74.87,25.13
33.79,-74.85,25.15
33.79,-74.83,25.0
33.79,-74.81,24.95
33.79,-74.79,24.77
33.79,-74.77,24.16
33.79,-74.75,22.83
33.79,-74.73,21.01
33.79,-74.71,20.57
33.79,-74.69,20.46
33.79,-74.67,20.33
33.79,-74.65,20.45
33.79,-74.63,20.42
33.79,-74.61,20.35
33.79,-74.59,20.29
33.79,-74.57,20.27
33.79,-74.55,20.31
33.79,-74.53,20.36
33.79,-74.51,20.42
33.79,-74.49,20.45
33.79,-74.47,20.42
33.79,-74.45,20.39
33.79,-74.43,20.4
33.79,-74.41,20.4
33.79,-74.39,20.38
33.79,-74.37,20.36
33.79,-74.35,20.34
33.79,-74.33,20.42
33.79,-74.31,20.43
33.79,-74.29,20.4
33.79,-74.27,20.29
33.79,-74.25,20.21
33.79,-74.23,20.21
33.79,-74.21,20.28
33.79,-74.19,20.24
33.79,-74.17,20.22
33.79,-74.15,20.25
33.79,-74.13,20.23
33.79,-74.11,20.26
33.77,-78.75,21.7
33.77,-78.73,21.68
33.77,-78.71,21.65
33.77,-78.69,21.64
33.77,-78.67,21.56
33.77,-78.65,21.59
33.77,-78.63,21.57
33.77,-78.61,21.55
33.77,-78.59,21.53
33.77,-78.57,21.55
33.77,-78.55,21.51
33.77,-78.53,21.48
33.77,-78.51,21.4
33.77,-78.49,21.31
33.77,-78.47,21.32
33.77,-78.45,21.35
33.77,-78.43,21.34
33.77,-78.41,21.38
33.77,-78.39,21.34
33.77,-78.37,21.35
33.77,-78.35,21.31
33.77,-78.33,21.33
33.77,-78.31,21.33
33.77,-78.29,21.28
33.77,-78.27,21.27
33.77,-78.25,21.29
33.77,-78.23,21.37
33.77,-78.21,21.4
33.77,-78.19,21.37
33.77,-78.17,21.32
33.77,-78.15,21.34
33.77,-78.13,21.39
33.77,-78.11,21.32
33.77,-78.09,21.39
33.77,-78.07,21.45
33.77,-78.05,21.53
33.77,-78.03,21.54
33.77,-78.01,21.53
33.77,-77.99,21.44
33.77,-77.97,21.43
33.77,-77.95,21.12
33.77,-77.93,21.27
33.77,-77.91,21.72
33.77,-77.89,21.62
33.77,-77.87,21.57
33.77,-77.85,21.55
33.77,-77.83,21.55
33.77,-77.81,21.52
33.77,-77.79,21.53
33.77,-77.77,21.55
33.77,-77.75,21.74
33.77,-77.73,21.88
33.77,-77.71,21.98
33.77,-77.69,22.2
33.77,-77.67,22.32
33.77,-77.65,22.35
33.77,-77.63,22.34
33.77,-77.61,22.34
33.77,-77.59,22.56
33.77,-77.57,22.54
33.77,-77.55,22.69
33.77,-77.53,22.77
33.77,-77.51,23.02
33.77,-77.49,23.1
33.77,-77.47,23.16
33.77,-77.45,23.26
33.77,-77.43,23.37
33.77,-77.41,23.39
33.77,-77.39,23.47
33.77,-77.37,23.57
33.77,-77.35,23.62
33.77,-77.33,23.68
33.77,-77.31,23.77
33.77,-77.29,23.81
33.77,-77.27,24.02
33.77,-77.25,24.08
33.77,-77.23,24.06
33.77,-77.21,24.05
33.77,-77.19,24.07
33.77,-77.17,24.1
33.77,-77.15,24.12
33.77,-77.13,24.25
33.77,-77.11,24.38
33.77,-77.09,24.43
33.77,-77.07,24.59
33.77,-77.05,25.04
33.77,-77.03,25.2
33.77,-77.01,25.19
33.77,-76.99,25.22
33.77,-76.97,25.27
33.77,-76.95,25.26
33.77,-76.93,25.19
33.77,-76.91,25.18
33.77,-76.89,25.11
33.77,-76.87,24.92
33.77,-76.85,24.8
33.77,-76.83,24.78
33.77,-76.81,24.82
33.77,-76.79,24.78
33.77,-76.77,24.91
33.77,-76.75,24.98
33.77,-76.73,24.98
33.77,-76.71,24.99
33.77,-76.69,25.62
33.77,-76.67,26.02
33.77,-76.65,26.15
33.77,-76.63,26.18
33.77,-76.61,26.14
33.77,-76.59,26.18
33.77,-76.57,26.29
33.77,-76.55,26.34
33.77,-76.53,26.4
33.77,-76.51,26.39
33.77,-76.49,26.42
33.77,-76.47,26.42
33.77,-76.45,26.51
33.77,-76.43,26.54
33.77,-76.41,26.38
33.77,-76.39,26.3
33.77,-76.37,26.18
33.77,-76.35,26.05
33.77,-76.33,26.12
33.77,-76.31,26.21
33.77,-76.29,26.32
33.77,-76.27,26.37
33.77,-76.25,26.35
33.77,-76.23,26.48
33.77,-76.21,26.51
33.77,-76.19,26.48
33.77,-76.17,26.46
33.77,-76.15,26.5
33.77,-76.13,26.5
33.77,-76.11,26.44
33.77,-76.09,26.41
33.77,-76.07,26.39
33.77,-76.05,26.26
33.77,-76.03,26.19
33.77,-76.01,26.05
33.77,-75.99,26.02
33.77,-75.97,26.05
33.77,-75.95,26.04
33.77,-75.93,26.09
33.77,-75.91,25.98
33.77,-75.89,25.72
33.77,-75.87,25.63
33.77,-75.85,25.67
33.77,-75.83,25.74
33.77,-75.81,25.75
33.77,-75.79,25.74
33.77,-75.77,25.74
33.77,-75.75,25.79
33.77,-75.73,25.81
33.77,-75.71,25.72
33.77,-75.69,25.7
33.77,-75.67,25.74
33.77,-75.65,25.78
33.77,-75.63,25.79
33.77,-75.61,25.78
33.77,-75.59,25.74
33.77,-75.57,25.73
33.77,-75.55,25.78
33.77,-75.53,25.71
33.77,-75.51,25.7
33.77,-75.49,25.69
33.77,-75.47,25.68
33.77,-75.45,25.58
33.77,-75.43,25.5
33.77,-75.41,25.44
33.77,-75.39,25.29
33.77,-75.37,24.84
33.77,-75.35,24.47
33.77,-75.33,23.75
33.77,-75.31,23.25
33.77,-75.29,23.1
33.77,-75.27,23.08
33.77,-75.25,23.33
33.77,-75.23,23.94
33.77,-75.21,24.39
33.77,-75.19,24.98
33.77,-75.17,25.26
33.77,-75.15,25.11
33.77,-75.13,25.19
33.77,-75.11,25.32
33.77,-75.09,25.23
33.77,-75.07,25.27
33.77,-75.05,25.29
33.77,-75.03,25.24
33.77,-75.01,25.27
33.77,-74.99,25.29
33.77,-74.97,25.26
33.77,-74.95,25.21
33.77,-74.93,25.23
33.77,-74.91,25.26
33.77,-74.89,25.27
33.77,-74.87,25.23
33.77,-74.85,25.22
33.77,-74.83,25.15
33.77,-74.81,24.98
33.77,-74.79,24.89
33.77,-74.77,24.63
33.77,-74.75,23.02
33.77,-74.73,21.23
33.77,-74.71,20.65
33.77,-74.69,20.35
33.77,-74.67,20.4
33.77,-74.65,20.42
33.77,-74.63,20.41
33.77,-74.61,20.31
33.77,-74.59,20.3
33.77,-74.57,20.24
33.77,-74.55,20.24
33.77,-74.53,20.36
33.77,-74.51,20.43
33.77,-74.49,20.45
33.77,-74.47,20.39
33.77,-74.45,20.37
33.77,-74.43,20.36
33.77,-74.41,20.4
33.77,-74.39,20.38
33.77,-74.37,20.31
33.77,-74.35,20.31
33.77,-74.33,20.37
33.77,-74.31,20.37
33.77,-74.29,20.31
33.77,-74.27,20.23
33.77,-74.25,20.19
33.77,-74.23,20.24
33.77,-74.21,20.24
33.77,-74.19,20.1
33.77,-74.17,20.12
33.77,-74.15,20.19
33.77,-74.13,20.2
33.77,-74.11,20.29
33.75,-78.79,21.74
33.75,-78.77,21.69
33.75,-78.75,21.66
33.75,-78.73,21.65
33.75,-78.71,21.62
33.75,-78.69,21.57
33.75,-78.67,21.52
33.75,-78.65,21.56
33.75,-78.63,21.58
33.75,-78.61,21.51
33.75,-78.59,21.48
33.75,-78.57,21.44
33.75,-78.55,21.5
33.75,-78.53,21.48
33.75,-78.51,21.45
33.75,-78.49,21.35
33.75,-78.47,21.37
33.75,-78.45,21.42
33.75,-78.43,21.4
33.75,-78.41,21.43
33.75,-78.39,21.39
33.75,-78.37,21.41
33.75,-78.35,21.4
33.75,-78.33,21.38
33.75,-78.31,21.41
33.75,-78.29,21.45
33.75,-78.27,21.4
33.75,-78.25,21.37
33.75,-78.23,21.46
33.75,-78.21,21.5
33.75,-78.19,21.45
33.75,-78.17,21.37
33.75,-78.15,21.35
33.75,-78.13,21.39
33.75,-78.11,21.38
33.75,-78.09,21.36
33.75,-78.07,21.45
33.75,-78.05,21.48
33.75,-78.03,21.58
33.75,-78.01,21.61
33.75,-77.99,21.6
33.75,-77.97,21.38
33.75,-77.95,21.31
33.75,-77.93,21.19
33.75,-77.91,21.76
33.75,-77.89,21.71
33.75,-77.87,21.63
33.75,-77.85,21.64
33.75,-77.83,21.62
33.75,-77.81,21.59
33.75,-77.79,21.61
33.75,-77.77,21.77
33.75,-77.75,21.83
33.75,-77.73,21.9
33.75,-77.71,22.03
33.75,-77.69,22.14
33.75,-77.67,22.21
33.75,-77.65,22.29
33.75,-77.63,22.31
33.75,-77.61,22.27
33.75,-77.59,22.39
33.75,-77.57,22.47
33.75,-77.55,22.64
33.75,-77.53,23.05
33.75,-77.51,23.22
33.75,-77.49,23.25
33.75,-77.47,23.29
33.75,-77.45,23.37
33.75,-77.43,23.47
33.75,-77.41,23.56
33.75,-77.39,23.58
33.75,-77.37,23.65
33.75,-77.35,23.73
33.75,-77.33,23.84
33.75,-77.31,23.89
33.75,-77.29,23.87
33.75,-77.27,24.07
33.75,-77.25,24.12
33.75,-77.23,24.11
33.75,-77.21,24.13
33.75,-77.19,24.13
33.75,-77.17,24.18
33.75,-77.15,24.28
33.75,-77.13,24.36
33.75,-77.11,24.47
33.75,-77.09,24.58
33.75,-77.07,24.97
33.75,-77.05,25.1
33.75,-77.03,25.23
33.75,-77.01,25.21
33.75,-76.99,25.2
33.75,-76.97,25.18
33.75,-76.95,25.13
33.75,-76.93,25.06
33.75,-76.91,24.99
33.75,-76.89,24.85
33.75,-76.87,24.79
33.75,-76.85,24.78
33.75,-76.83,24.83
33.75,-76.81,24.81
33.75,-76.79,24.84
33.75,-76.77,24.9
33.75,-76.75,24.9
33.75,-76.73,24.93
33.75,-76.71,25.5
33.75,-76.69,25.9
33.75,-76.67,26.04
33.75,-76.65,26.12
33.75,-76.63,26.17
33.75,-76.61,26.12
33.75,-76.59,26.19
33.75,-76.57,26.31
33.75,-76.55,26.34
33.75,-76.53,26.43
33.75,-76.51,26.42
33.75,-76.49,26.39
33.75,-76.47,26.53
33.75,-76.45,26.57
33.75,-76.43,26.56
33.75,-76.41,26.37
33.75,-76.39,26.06
33.75,-76.37,25.78
33.75,-76.35,25.73
33.75,-76.33,25.82
33.75,-76.31,25.93
33.75,-76.29,26.1
33.75,-76.27,26.2
33.75,-76.25,26.31
33.75,-76.23,26.37
33.75,-76.21,26.46
33.75,-76.19,26.5
33.75,-76.17,26.52
33.75,-76.15,26.53
33.75,-76.13,26.49
33.75,-76.11,26.44
33.75,-76.09,26.42
33.75,-76.07,26.37
33.75,-76.05,26.26
33.75,-76.03,26.18
33.75,-76.01,26.13
33.75,-75.99,26.06
33.75,-75.97,26.14
33.75,-75.95,26.1
33.75,-75.93,26.03
33.75,-75.91,26.02
33.75,-75.89,25.73
33.75,-75.87,25.68
33.75,-75.85,25.73
33.75,-75.83,25.76
33.75,-75.81,25.66
33.75,-75.79,25.7
33.75,-75.77,25.77
33.75,-75.75,25.76
33.75,-75.73,25.77
33.75,-75.71,25.86
33.75,-75.69,25.83
33.75,-75.67,25.78
33.75,-75.65,25.8
33.75,-75.63,25.82
33.75,-75.61,25.78
33.75,-75.59,25.75
33.75,-75.57,25.75
33.75,-75.55,25.67
33.75,-75.53,25.74
33.75,-75.51,25.67
33.75,-75.49,25.62
33.75,-75.47,25.6
33.75,-75.45,25.56
33.75,-75.43,25.43
33.75,-75.41,25.39
33.75,-75.39,24.82
33.75,-75.37,24.74
33.75,-75.35,24.41
33.75,-75.33,23.46
33.75,-75.31,23.37
33.75,-75.29,23.28
33.75,-75.27,23.25
33.75,-75.25,23.32
33.75,-75.23,23.75
33.75,-75.21,24.35
33.75,-75.19,24.38
33.75,-75.17,25.08
33.75,-75.15,25.09
33.75,-75.13,25.31
33.75,-75.11,25.3
33.75,-75.09,25.3
33.75,-75.07,25.27
33.75,-75.05,25.3
33.75,-75.03,25.31
33.75,-75.01,25.29
33.75,-74.99,25.27
33.75,-74.97,25.28
33.75,-74.95,25.26
33.75,-74.93,25.26
33.75,-74.91,25.25
33.75,-74.89,25.35
33.75,-74.87,25.37
33.75,-74.85,25.24
33.75,-74.83,25.15
33.75,-74.81,25.13
33.75,-74.79,24.93
33.75,-74.77,24.63
33.75,-74.75,23.09
33.75,-74.73,21.25
33.75,-74.71,20.62
33.75,-74.69,20.37
33.75,-74.67,20.41
33.75,-74.65,20.37
33.75,-74.63,20.32
33.75,-74.61,20.31
33.75,-74.59,20.29
33.75,-74.57,20.23
33.75,-74.55,20.27
33.75,-74.53,20.37
33.75,-74.51,20.41
33.75,-74.49,20.39
33.75,-74.47,20.37
33.75,-74.45,20.31
33.75,-74.43,20.36
33.75,-74.41,20.39
33.75,-74.39,20.28
33.75,-74.37,20.26
33.75,-74.35,20.34
33.75,-74.33,20.4
33.75,-74.31,20.35
33.75,-74.29,20.21
33.75,-74.27,20.16
33.75,-74.25,20.16
33.75,-74.23,20.16
33.75,-74.21,20.15
33.75,-74.19,20.06
33.75,-74.17,20.13
33.75,-74.15,20.19
33.75,-74.13,20.19
33.75,-74.11,20.28
33.73,-78.83,21.82
33.73,-78.81,21.77
33.73,-78.79,21.74
33.73,-78.77,21.74
33.73,-78.75,21.64
33.73,-78.73,21.56
33.73,-78.71,21.53
33.73,-78.69,21.55
33.73,-78.67,21.55
33.73,-78.65,21.54
33.73,-78.63,21.5
33.73,-78.61,21.49
33.73,-78.59,21.43
33.73,-78.57,21.42
33.73,-78.55,21.41
33.73,-78.53,21.45
33.73,-78.51,21.49
33.73,-78.49,21.49
33.73,-78.47,21.44
33.73,-78.45,21.45
33.73,-78.43,21.44
33.73,-78.41,21.47
33.73,-78.39,21.41
33.73,-78.37,21.41
33.73,-78.35,21.44
33.73,-78.33,21.46
33.73,-78.31,21.53
33.73,-78.29,21.56
33.73,-78.27,21.6
33.73,-78.25,21.51
33.73,-78.23,21.54
33.73,-78.21,21.55
33.73,-78.19,21.52
33.73,-78.17,21.43
33.73,-78.15,21.41
33.73,-78.13,21.4
33.73,-78.11,21.4
33.73,-78.09,21.38
33.73,-78.07,21.47
33.73,-78.05,21.59
33.73,-78.03,21.62
33.73,-78.01,21.7
33.73,-77.99,21.64
33.73,-77.97,21.49
33.73,-77.95,21.25
33.73,-77.93,21.3
33.73,-77.91,21.43
33.73,-77.89,21.82
33.73,-77.87,21.71
33.73,-77.85,21.66
33.73,-77.83,21.62
33.73,-77.81,21.61
33.73,-77.79,21.73
33.73,-77.77,21.79
33.73,-77.75,21.82
33.73,-77.73,21.92
33.73,-77.71,22.06
33.73,-77.69,22.19
33.73,-77.67,22.16
33.73,-77.65,22.12
33.73,-77.63,22.2
33.73,-77.61,22.23
33.73,-77.59,22.32
33.73,-77.57,22.73
33.73,-77.55,22.99
33.73,-77.53,23.11
33.73,-77.51,23.21
33.73,-77.49,23.36
33.73,-77.47,23.45
33.73,-77.45,23.53
33.73,-77.43,23.63
33.73,-77.41,23.73
33.73,-77.39,23.73
33.73,-77.37,23.77
33.73,-77.35,23.86
33.73,-77.33,23.88
33.73,-77.31,23.95
33.73,-77.29,23.99
33.73,-77.27,24.08
33.73,-77.25,24.15
33.73,-77.23,24.21
33.73,-77.21,24.23
33.73,-77.19,24.23
33.73,-77.17,24.31
33.73,-77.15,24.42
33.73,-77.13,24.49
33.73,-77.11,24.6
33.73,-77.09,25.0
33.73,-77.07,25.09
33.73,-77.05,25.2
33.73,-77.03,25.26
33.73,-77.01,25.21
33.73,-76.99,25.11
33.73,-76.97,25.03
33.73,-76.95,24.98
33.73,-76.93,24.93
33.73,-76.91,24.88
33.73,-76.89,24.8
33.73,-76.87,24.82
33.73,-76.85,24.78
33.73,-76.83,24.83
33.73,-76.81,24.88
33.73,-76.79,24.96
33.73,-76.77,24.88
33.73,-76.75,24.81
33.73,-76.73,25.1
33.73,-76.71,25.67
33.73,-76.69,25.97
33.73,-76.67,26.12
33.73,-76.65,26.15
33.73,-76.63,26.18
33.73,-76.61,26.1
33.73,-76.59,26.12
33.73,-76.57,26.31
33.73,-76.55,26.44
33.73,-76.53,26.54
33.73,-76.51,26.47
33.73,-76.49,26.46
33.73,-76.47,26.54
33.73,-76.45,26.51
33.73,-76.43,26.35
33.73,-76.41,26.12
33.73,-76.39,25.86
33.73,-76.37,25.67
33.73,-76.35,25.57
33.73,-76.33,25.52
33.73,-76.31,25.54
33.73,-76.29,25.78
33.73,-76.27,26.09
33.73,-76.25,26.17
33.73,-76.23,26.24
33.73,-76.21,26.42
33.73,-76.19,26.45
33.73,-76.17,26.57
33.73,-76.15,26.55
33.73,-76.13,26.53
33.73,-76.11,26.48
33.73,-76.09,26.38
33.73,-76.07,26.33
33.73,-76.05,26.28
33.73,-76.03,26.12
33.73,-76.01,26.23
33.73,-75.99,26.19
33.73,-75.97,26.13
33.73,-75.95,26.09
33.73,-75.93,26.11
33.73,-75.91,26.08
33.73,-75.89,25.85
33.73,-75.87,25.69
33.73,-75.85,25.75
33.73,-75.83,25.81
33.73,-75.81,25.8
33.73,-75.79,25.83
33.73,-75.77,25.78
33.73,-75.75,25.83
33.73,-75.73,25.75
33.73,-75.71,25.78
33.73,-75.69,25.83
33.73,-75.67,25.77
33.73,-75.65,25.74
33.73,-75.63,25.82
33.73,-75.61,25.85
33.73,-75.59,25.77
33.73,-75.57,25.72
33.73,-75.55,25.66
33.73,-75.53,25.73
33.73,-75.51,25.66
33.73,-75.49,25.53
33.73,-75.47,25.54
33.73,-75.45,25.55
33.73,-75.43,25.28
33.73,-75.41,25.2
33.73,-75.39,24.68
33.73,-75.37,24.51
33.73,-75.35,23.58
33.73,-75.33,23.46
33.73,-75.31,23.37
33.73,-75.29,23.23
33.73,-75.27,23.22
33.73,-75.25,23.17
33.73,-75.23,23.24
33.73,-75.21,23.88
33.73,-75.19,24.27
33.73,-75.17,24.59
33.73,-75.15,25.02
33.73,-75.13,25.16
33.73,-75.11,25.35
33.73,-75.09,25.34
33.73,-75.07,25.25
33.73,-75.05,25.26
33.73,-75.03,25.27
33.73,-75.01,25.26
33.73,-74.99,25.26
33.73,-74.97,25.3
33.73,-74.95,25.29
33.73,-74.93,25.29
33.73,-74.91,25.31
33.73,-74.89,25.28
33.73,-74.87,25.23
33.73,-74.85,25.24
33.73,-74.83,25.14
33.73,-74.81,25.11
33.73,-74.79,24.92
33.73,-74.77,24.56
33.73,-74.75,23.99
33.73,-74.73,21.22
33.73,-74.71,20.51
33.73,-74.69,20.42
33.73,-74.67,20.37
33.73,-74.65,20.34
33.73,-74.63,20.35
33.73,-74.61,20.3
33.73,-74.59,20.28
33.73,-74.57,20.24
33.73,-74.55,20.26
33.73,-74.53,20.32
33.73,-74.51,20.33
33.73,-74.49,20.37
33.73,-74.47,20.38
33.73,-74.45,20.33
33.73,-74.43,20.37
33.73,-74.41,20.32
33.73,-74.39,20.31
33.73,-74.37,20.36
33.73,-74.35,20.38
33.73,-74.33,20.38
33.73,-74.31,20.31
33.73,-74.29,20.15
33.73,-74.27,20.13
33.73,-74.25,20.12
33.73,-74.23,20.12
33.73,-74.21,20.1
33.73,-74.19,20.12
33.73,-74.17,20.18
33.73,-74.15,20.19
33.73,-74.13,20.25
33.73,-74.11,20.25
33.71,-78.85,21.89
33.71,-78.83,21.84
33.71,-78.81,21.74
33.71,-78.79,21.75
33.71,-78.77,21.68
33.71,-78.75,21.56
33.71,-78.73,21.56
33.71,-78.71,21.5
33.71,-78.69,21.49
33.71,-78.67,21.51
33.71,-78.65,21.51
33.71,-78.63,21.5
33.71,-78.61,21.45
33.71,-78.59,21.38
33.71,-78.57,21.4
33.71,-78.55,21.44
33.71,-78.53,21.47
33.71,-78.51,21.53
33.71,-78.49,21.57
33.71,-78.47,21.56
33.71,-78.45,21.52
33.71,-78.43,21.49
33.71,-78.41,21.48
33.71,-78.39,21.43
33.71,-78.37,21.47
33.71,-78.35,21.48
33.71,-78.33,21.52
33.71,-78.31,21.57
33.71,-78.29,21.62
33.71,-78.27,21.73
33.71,-78.25,21.67
33.71,-78.23,21.61
33.71,-78.21,21.6
33.71,-78.19,21.57
33.71,-78.17,21.5
33.71,-78.15,21.49
33.71,-78.13,21.45
33.71,-78.11,21.44
33.71,-78.09,21.46
33.71,-78.07,21.57
33.71,-78.05,21.71
33.71,-78.03,21.7
33.71,-78.01,21.77
33.71,-77.99,21.68
33.71,-77.97,21.59
33.71,-77.95,21.27
33.71,-77.93,21.3
33.71,-77.91,21.22
33.71,-77.89,21.77
33.71,-77.87,21.63
33.71,-77.85,21.58
33.71,-77.83,21.58
33.71,-77.81,21.64
33.71,-77.79,21.69
33.71,-77.77,21.69
33.71,-77.75,21.77
33.71,-77.73,21.95
33.71,-77.71,22.1
33.71,-77.69,22.1
33.71,-77.67,22.13
33.71,-77.65,22.15
33.71,-77.63,22.17
33.71,-77.61,22.32
33.71,-77.59,22.66
33.71,-77.57,22.96
33.71,-77.55,23.08
33.71,-77.53,23.19
33.71,-77.51,23.25
33.71,-77.49,23.46
33.71,-77.47,23.55
33.71,-77.45,23.65
33.71,-77.43,23.78
33.71,-77.41,23.87
33.71,-77.39,23.87
33.71,-77.37,23.88
33.71,-77.35,23.93
33.71,-77.33,23.97
33.71,-77.31,24.09
33.71,-77.29,24.09
33.71,-77.27,24.27
33.71,-77.25,24.35
33.71,-77.23,24.38
33.71,-77.21,24.39
33.71,-77.19,24.42
33.71,-77.17,24.48
33.71,-77.15,24.54
33.71,-77.13,24.7
33.71,-77.11,24.9
33.71,-77.09,25.1
33.71,-77.07,25.12
33.71,-77.05,25.23
33.71,-77.03,25.25
33.71,-77.01,25.21
33.71,-76.99,25.02
33.71,-76.97,24.97
33.71,-76.95,24.85
33.71,-76.93,24.82
33.71,-76.91,24.8
33.71,-76.89,24.85
33.71,-76.87,24.86
33.71,-76.85,24.87
33.71,-76.83,24.87
33.71,-76.81,24.9
33.71,-76.79,24.84
33.71,-76.77,24.76
33.71,-76.75,24.77
33.71,-76.73,25.37
33.71,-76.71,25.7
33.71,-76.69,26.03
33.71,-76.67,26.17
33.71,-76.65,26.21
33.71,-76.63,26.25
33.71,-76.61,26.21
33.71,-76.59,26.14
33.71,-76.57,26.35
33.71,-76.55,26.48
33.71,-76.53,26.58
33.71,-76.51,26.47
33.71,-76.49,26.57
33.71,-76.47,26.51
33.71,-76.45,26.49
33.71,-76.43,26.2
33.71,-76.41,25.93
33.71,-76.39,25.64
33.71,-76.37,25.52
33.71,-76.35,25.46
33.71,-76.33,25.46
33.71,-76.31,25.52
33.71,-76.29,25.55
33.71,-76.27,25.59
33.71,-76.25,25.66
33.71,-76.23,26.02
33.71,-76.21,26.17
33.71,-76.19,26.38
33.71,-76.17,26.52
33.71,-76.15,26.55
33.71,-76.13,26.56
33.71,-76.11,26.55
33.71,-76.09,26.49
33.71,-76.07,26.37
33.71,-76.05,26.27
33.71,-76.03,26.21
33.71,-76.01,26.2
33.71,-75.99,26.16
33.71,-75.97,26.13
33.71,-75.95,26.16
33.71,-75.93,26.16
33.71,-75.91,26.01
33.71,-75.89,25.93
33.71,-75.87,25.68
33.71,-75.85,25.76
33.71,-75.83,25.78
33.71,-75.81,25.7
33.71,-75.79,25.74
33.71,-75.77,25.76
33.71,-75.75,25.79
33.71,-75.73,25.83
33.71,-75.71,25.78
33.71,-75.69,25.74
33.71,-75.67,25.72
33.71,-75.65,25.79
33.71,-75.63,25.78
33.71,-75.61,25.74
33.71,-75.59,25.73
33.71,-75.57,25.66
33.71,-75.55,25.65
33.71,-75.53,25.72
33.71,-75.51,25.66
33.71,-75.49,25.56
33.71,-75.47,25.52
33.71,-75.45,25.29
33.71,-75.43,25.01
33.71,-75.41,24.78
33.71,-75.39,24.51
33.71,-75.37,23.97
33.71,-75.35,23.55
33.71,-75.33,23.4
33.71,-75.31,23.15
33.71,-75.29,23.13
33.71,-75.27,23.15
33.71,-75.25,23.11
33.71,-75.23,23.16
33.71,-75.21,23.86
33.71,-75.19,24.26
33.71,-75.17,24.53
33.71,-75.15,24.93
33.71,-75.13,25.13
33.71,-75.11,25.24
33.71,-75.09,25.27
33.71,-75.07,25.23
33.71,-75.05,25.25
33.71,-75.03,25.32
33.71,-75.01,25.26
33.71,-74.99,25.27
33.71,-74.97,25.24
33.71,-74.95,25.23
33.71,-74.93,25.16
33.71,-74.91,25.13
33.71,-74.89,25.17
33.71,-74.87,25.14
33.71,-74.85,25.09
33.71,-74.83,25.17
33.71,-74.81,25.1
33.71,-74.79,24.66
33.71,-74.77,24.54
33.71,-74.75,23.95
33.71,-74.73,21.54
33.71,-74.71,20.62
33.71,-74.69,20.47
33.71,-74.67,20.4
33.71,-74.65,20.36
33.71,-74.63,20.37
33.71,-74.61,20.26
33.71,-74.59,20.19
33.71,-74.57,20.25
33.71,-74.55,20.28
33.71,-74.53,20.28
33.71,-74.51,20.28
33.71,-74.49,20.33
33.71,-74.47,20.32
33.71,-74.45,20.32
33.71,-74.43,20.37
33.71,-74.41,20.37
33.71,-74.39,20.33
33.71,-74.37,20.39
33.71,-74.35,20.37
33.71,-74.33,20.34
33.71,-74.31,20.23
33.71,-74.29,20.15
33.71,-74.27,20.12
33.71,-74.25,20.08
33.71,-74.23,19.99
33.71,-74.21,20.03
33.71,-74.19,20.02
33.71,-74.17,20.06
33.71,-74.15,20.25
33.71,-74.13,20.27
33.71,-74.11,20.19
