lat,lon,sst
38.99,-76.43,25.75
38.99,-76.41,25.25
38.99,-76.39,25.71
38.99,-76.37,25.83
38.99,-76.35,25.69
38.99,-76.27,26.01
38.99,-76.25,26.03
38.99,-76.23,26.34
38.99,-76.21,26.43
38.99,-76.19,26.42
38.99,-75.31,24.37
38.99,-75.29,24.51
38.99,-75.27,24.55
38.99,-75.25,24.78
38.99,-75.23,25.11
38.99,-75.21,25.11
38.99,-75.19,24.88
38.99,-75.17,24.74
38.99,-75.15,24.7
38.99,-75.13,24.72
38.99,-75.11,24.85
38.99,-75.09,24.96
38.99,-75.07,24.96
38.99,-75.05,25.06
38.99,-75.03,25.11
38.99,-74.79,24.46
38.99,-74.77,24.41
38.99,-74.75,24.17
38.99,-74.73,24.03
38.99,-74.71,23.74
38.99,-74.69,23.49
38.99,-74.67,23.43
38.99,-74.65,23.42
38.99,-74.63,23.39
38.99,-74.61,23.39
38.99,-74.59,23.39
38.99,-74.57,23.45
38.99,-74.55,23.54
38.99,-74.53,23.57
38.99,-74.51,23.56
38.99,-74.49,23.6
38.99,-74.47,23.61
38.99,-74.45,23.63
38.99,-74.43,23.64
38.99,-74.41,23.67
38.99,-74.39,23.66
38.99,-74.37,23.67
38.99,-74.35,23.66
38.99,-74.33,23.62
38.99,-74.31,23.58
38.99,-74.29,23.6
38.99,-74.27,23.63
38.99,-74.25,23.6
38.99,-74.23,23.55
38.99,-74.21,23.49
38.99,-74.19,23.45
38.99,-74.17,23.45
38.99,-74.15,23.43
38.99,-74.13,23.42
38.99,-74.11,23.41
38.99,-74.09,23.39
38.99,-74.07,23.38
38.99,-74.05,23.41
38.99,-74.03,23.43
38.99,-74.01,23.49
38.99,-73.99,23.5
38.99,-73.97,23.53
38.99,-73.95,23.58
38.99,-73.93,23.62
38.99,-73.91,23.62
38.99,-73.89,23.63
38.99,-73.87,23.6
38.99,-73.85,23.57
38.99,-73.83,23.58
38.99,-73.81,23.6
38.99,-73.79,23.6
38.99,-73.77,23.58
38.99,-73.75,23.63
38.99,-73.73,23.62
38.99,-73.71,23.51
38.99,-73.69,23.48
38.99,-73.67,23.41
38.99,-73.65,23.32
38.99,-73.63,23.33
38.99,-73.61,23.34
38.99,-73.59,23.34
38.99,-73.57,23.31
38.99,-73.55,23.36
38.99,-73.53,23.34
38.99,-73.51,23.36
38.99,-73.49,23.34
38.99,-73.47,23.33
38.99,-73.45,23.34
38.99,-73.43,23.32
38.99,-73.41,23.31
38.99,-73.39,23.29
38.99,-73.37,23.32
38.99,-73.35,23.32
38.99,-73.33,23.37
38.99,-73.31,23.4
38.99,-73.29,23.36
38.99,-73.27,23.29
38.99,-73.25,23.3
38.99,-73.23,23.51
38.99,-73.21,24.03
38.99,-73.19,24.12
38.99,-73.17,24.16
38.99,-73.15,24.18
38.99,-73.05,24.3
38.99,-73.03,24.4
38.99,-73.01,24.47
38.99,-72.99,24.7
38.99,-72.97,25.08
38.99,-72.95,25.15
38.99,-72.93,25.5
38.99,-72.91,25.56
38.97,-76.47,26.06
38.97,-76.45,26.05
38.97,-76.43,25.72
38.97,-76.41,25.7
38.97,-76.39,25.86
38.97,-76.37,25.8
38.97,-76.35,25.7
38.97,-75.31,24.27
38.97,-75.29,24.47
38.97,-75.27,24.55
38.97,-75.25,24.59
38.97,-75.23,24.89
38.97,-75.21,24.98
38.97,-75.19,24.88
38.97,-75.17,24.6
38.97,-75.15,24.5
38.97,-75.13,24.53
38.97,-75.11,24.51
38.97,-75.09,24.5
38.97,-75.07,24.49
38.97,-75.05,25.08
38.97,-75.03,25.11
38.97,-74.87,24.14
38.97,-74.83,24.27
38.97,-74.81,24.37
38.97,-74.79,24.44
38.97,-74.77,24.37
38.97,-74.75,24.35
38.97,-74.73,24.11
38.97,-74.71,23.78
38.97,-74.69,23.43
38.97,-74.67,23.3
38.97,-74.65,23.22
38.97,-74.63,23.31
38.97,-74.61,23.4
38.97,-74.59,23.39
38.97,-74.57,23.42
38.97,-74.55,23.51
38.97,-74.53,23.54
38.97,-74.51,23.63
38.97,-74.49,23.61
38.97,-74.47,23.59
38.97,-74.45,23.63
38.97,-74.43,23.7
38.97,-74.41,23.7
38.97,-74.39,23.71
38.97,-74.37,23.72
38.97,-74.35,23.67
38.97,-74.33,23.63
38.97,-74.31,23.62
38.97,-74.29,23.68
38.97,-74.27,23.64
38.97,-74.25,23.58
38.97,-74.23,23.51
38.97,-74.21,23.48
38.97,-74.19,23.47
38.97,-74.17,23.5
38.97,-74.15,23.49
38.97,-74.13,23.46
38.97,-74.11,23.46
38.97,-74.09,23.46
38.97,-74.07,23.48
38.97,-74.05,23.51
38.97,-74.03,23.51
38.97,-74.01,23.62
38.97,-73.99,23.67
38.97,-73.97,23.67
38.97,-73.95,23.64
38.97,-73.93,23.66
38.97,-73.91,23.66
38.97,-73.89,23.65
38.97,-73.87,23.61
38.97,-73.85,23.61
38.97,-73.83,23.63
38.97,-73.81,23.63
38.97,-73.79,23.59
38.97,-73.77,23.61
38.97,-73.75,23.63
38.97,-73.73,23.57
38.97,-73.71,23.52
38.97,-73.69,23.47
38.97,-73.67,23.42
38.97,-73.65,23.34
38.97,-73.63,23.37
38.97,-73.61,23.35
38.97,-73.59,23.41
38.97,-73.57,23.4
38.97,-73.55,23.44
38.97,-73.53,23.45
38.97,-73.51,23.46
38.97,-73.49,23.43
38.97,-73.47,23.35
38.97,-73.45,23.32
38.97,-73.43,23.3
38.97,-73.41,23.22
38.97,-73.39,23.26
38.97,-73.37,23.33
38.97,-73.35,23.34
38.97,-73.33,23.39
38.97,-73.31,23.41
38.97,-73.29,23.37
38.97,-73.27,23.35
38.97,-73.25,23.51
38.97,-73.23,23.93
38.97,-73.21,24.12
38.97,-73.19,24.19
38.97,-73.17,24.2
38.97,-73.15,24.18
38.97,-73.13,24.16
38.97,-73.11,24.1
38.97,-73.09,24.06
38.97,-73.07,24.1
38.97,-73.05,24.2
38.97,-73.03,24.39
38.97,-73.01,24.54
38.97,-72.99,24.73
38.97,-72.97,25.18
38.97,-72.95,25.4
38.97,-72.93,25.49
38.95,-76.45,26.02
38.95,-76.43,25.88
38.95,-76.41,26.02
38.95,-76.39,25.97
38.95,-76.37,25.73
38.95,-76.25,25.43
38.95,-75.31,24.22
38.95,-75.29,24.52
38.95,-75.27,24.58
38.95,-75.25,24.62
38.95,-75.23,24.76
38.95,-75.21,24.82
38.95,-75.19,24.8
38.95,-75.17,24.71
38.95,-75.15,24.37
38.95,-75.13,24.21
38.95,-75.11,24.2
38.95,-75.09,24.1
38.95,-75.07,24.28
38.95,-75.05,24.66
38.95,-75.03,24.61
38.95,-74.85,24.12
38.95,-74.83,24.22
38.95,-74.81,24.32
38.95,-74.79,24.39
38.95,-74.77,24.41
38.95,-74.75,24.39
38.95,-74.73,24.08
38.95,-74.71,23.75
38.95,-74.69,23.18
38.95,-74.67,23.13
38.95,-74.65,23.16
38.95,-74.63,23.26
38.95,-74.61,23.28
38.95,-74.59,23.37
38.95,-74.57,23.46
38.95,-74.55,23.6
38.95,-74.53,23.63
38.95,-74.51,23.68
38.95,-74.49,23.66
38.95,-74.47,23.64
38.95,-74.45,23.67
38.95,-74.43,23.72
38.95,-74.41,23.76
38.95,-74.39,23.77
38.95,-74.37,23.74
38.95,-74.35,23.65
38.95,-74.33,23.64
38.95,-74.31,23.68
38.95,-74.29,23.67
38.95,-74.27,23.53
38.95,-74.25,23.5
38.95,-74.23,23.47
38.95,-74.21,23.48
38.95,-74.19,23.53
38.95,-74.17,23.58
38.95,-74.15,23.59
38.95,-74.13,23.56
38.95,-74.11,23.57
38.95,-74.09,23.57
38.95,-74.07,23.58
38.95,-74.05,23.6
38.95,-74.03,23.69
38.95,-74.01,23.76
38.95,-73.99,23.75
38.95,-73.97,23.71
38.95,-73.95,23.72
38.95,-73.93,23.7
38.95,-73.91,23.68
38.95,-73.89,23.66
38.95,-73.87,23.66
38.95,-73.85,23.61
38.95,-73.83,23.62
38.95,-73.81,23.62
38.95,-73.79,23.61
38.95,-73.77,23.59
38.95,-73.75,23.59
38.95,-73.73,23.56
38.95,-73.71,23.51
38.95,-73.69,23.42
38.95,-73.67,23.42
38.95,-73.65,23.4
38.95,-73.63,23.43
38.95,-73.61,23.49
38.95,-73.59,23.54
38.95,-73.57,23.51
38.95,-73.55,23.55
38.95,-73.53,23.58
38.95,-73.51,23.53
38.95,-73.49,23.43
38.95,-73.47,23.33
38.95,-73.45,23.32
38.95,-73.43,23.26
38.95,-73.41,23.19
38.95,-73.39,23.21
38.95,-73.37,23.23
38.95,-73.35,23.33
38.95,-73.33,23.38
38.95,-73.31,23.32
38.95,-73.29,23.34
38.95,-73.27,23.67
38.95,-73.25,23.91
38.95,-73.23,24.08
38.95,-73.21,24.19
38.95,-73.19,24.18
38.95,-73.17,24.18
38.95,-73.15,24.17
38.95,-73.13,24.18
38.95,-73.11,24.21
38.95,-73.09,24.13
38.95,-73.07,24.16
38.95,-73.05,24.33
38.95,-73.03,24.49
38.95,-73.01,24.67
38.95,-72.99,24.9
38.95,-72.97,25.24
38.95,-72.95,25.43
38.95,-72.93,25.56
38.93,-76.51,26.29
38.93,-76.45,26.09
38.93,-76.43,26.07
38.93,-76.41,26.03
38.93,-76.39,25.93
38.93,-76.37,25.86
38.93,-76.29,25.9
38.93,-76.27,25.84
38.93,-76.25,25.47
38.93,-76.23,25.5
38.93,-76.21,25.57
38.93,-75.31,24.35
38.93,-75.29,24.38
38.93,-75.27,24.58
38.93,-75.25,24.67
38.93,-75.23,24.87
38.93,-75.21,24.69
38.93,-75.19,24.67
38.93,-75.17,24.54
38.93,-75.15,24.56
38.93,-75.13,24.51
38.93,-75.11,23.91
38.93,-75.09,23.99
38.93,-75.07,24.25
38.93,-75.05,24.46
38.93,-75.03,24.5
38.93,-75.01,24.52
38.93,-74.91,23.64
38.93,-74.89,24.11
38.93,-74.87,24.12
38.93,-74.85,24.08
38.93,-74.83,24.11
38.93,-74.81,24.21
38.93,-74.79,24.33
38.93,-74.77,24.43
38.93,-74.75,24.46
38.93,-74.73,24.02
38.93,-74.71,23.37
38.93,-74.69,23.22
38.93,-74.67,23.16
38.93,-74.65,23.13
38.93,-74.63,23.15
38.93,-74.61,23.12
38.93,-74.59,23.33
38.93,-74.57,23.47
38.93,-74.55,23.58
38.93,-74.53,23.65
38.93,-74.51,23.76
38.93,-74.49,23.77
38.93,-74.47,23.75
38.93,-74.45,23.77
38.93,-74.43,23.79
38.93,-74.41,23.83
38.93,-74.39,23.8
38.93,-74.37,23.73
38.93,-74.35,23.72
38.93,-74.33,23.74
38.93,-74.31,23.68
38.93,-74.29,23.48
38.93,-74.27,23.45
38.93,-74.25,23.45
38.93,-74.23,23.44
38.93,-74.21,23.47
38.93,-74.19,23.55
38.93,-74.17,23.62
38.93,-74.15,23.64
38.93,-74.13,23.64
38.93,-74.11,23.66
38.93,-74.09,23.69
38.93,-74.07,23.7
38.93,-74.05,23.75
38.93,-74.03,23.78
38.93,-74.01,23.79
38.93,-73.99,23.78
38.93,-73.97,23.78
38.93,-73.95,23.76
38.93,-73.93,23.74
38.93,-73.91,23.72
38.93,-73.89,23.7
38.93,-73.87,23.68
38.93,-73.85,23.62
38.93,-73.83,23.58
38.93,-73.81,23.59
38.93,-73.79,23.58
38.93,-73.77,23.55
38.93,-73.75,23.57
38.93,-73.73,23.52
38.93,-73.71,23.45
38.93,-73.69,23.41
38.93,-73.67,23.44
38.93,-73.65,23.47
38.93,-73.63,23.55
38.93,-73.61,23.59
38.93,-73.59,23.63
38.93,-73.57,23.64
38.93,-73.55,23.65
38.93,-73.53,23.62
38.93,-73.51,23.59
38.93,-73.49,23.52
38.93,-73.47,23.42
38.93,-73.45,23.32
38.93,-73.43,23.26
38.93,-73.41,23.16
38.93,-73.39,23.13
38.93,-73.37,23.2
38.93,-73.35,23.23
38.93,-73.33,23.28
38.93,-73.31,23.3
38.93,-73.29,23.48
38.93,-73.27,23.8
38.93,-73.25,23.95
38.93,-73.23,24.16
38.93,-73.21,24.22
38.93,-73.19,24.25
38.93,-73.17,24.25
38.93,-73.15,24.26
38.93,-73.13,24.39
38.93,-73.11,24.46
38.93,-73.09,24.36
38.93,-73.07,24.35
38.93,-73.05,24.52
38.93,-73.03,24.64
38.93,-73.01,24.87
38.93,-72.99,25.02
38.93,-72.97,25.3
38.93,-72.95,25.36
38.91,-76.51,26.27
38.91,-76.49,26.25
38.91,-76.45,26.11
38.91,-76.43,26.13
38.91,-76.41,26.06
38.91,-76.39,26.01
38.91,-76.37,25.87
38.91,-76.33,26.16
38.91,-76.31,26.1
38.91,-76.29,25.85
38.91,-76.27,25.8
38.91,-76.23,25.75
38.91,-76.21,25.67
38.91,-75.29,24.42
38.91,-75.27,24.49
38.91,-75.25,24.59
38.91,-75.23,24.72
38.91,-75.21,24.79
38.91,-75.19,24.58
38.91,-75.17,24.43
38.91,-75.15,24.37
38.91,-75.13,24.3
38.91,-75.11,24.0
38.91,-75.09,24.0
38.91,-75.07,24.18
38.91,-75.05,24.23
38.91,-75.03,24.24
38.91,-74.93,23.48
38.91,-74.91,23.54
38.91,-74.89,23.59
38.91,-74.87,23.76
38.91,-74.85,23.93
38.91,-74.83,24.08
38.91,-74.81,24.21
38.91,-74.79,24.35
38.91,-74.77,24.44
38.91,-74.75,24.2
38.91,-74.73,23.82
38.91,-74.71,23.55
38.91,-74.69,23.43
38.91,-74.67,23.34
38.91,-74.65,23.13
38.91,-74.63,23.14
38.91,-74.61,23.18
38.91,-74.59,23.27
38.91,-74.57,23.34
38.91,-74.55,23.56
38.91,-74.53,23.71
38.91,-74.51,23.74
38.91,-74.49,23.77
38.91,-74.47,23.82
38.91,-74.45,23.86
38.91,-74.43,23.86
38.91,-74.41,23.84
38.91,-74.39,23.81
38.91,-74.37,23.79
38.91,-74.35,23.83
38.91,-74.33,23.83
38.91,-74.31,23.64
38.91,-74.29,23.38
38.91,-74.27,23.4
38.91,-74.25,23.44
38.91,-74.23,23.43
38.91,-74.21,23.47
38.91,-74.19,23.57
38.91,-74.17,23.62
38.91,-74.15,23.66
38.91,-74.13,23.69
38.91,-74.11,23.72
38.91,-74.09,23.77
38.91,-74.07,23.76
38.91,-74.05,23.77
38.91,-74.03,23.78
38.91,-74.01,23.78
38.91,-73.99,23.81
38.91,-73.97,23.85
38.91,-73.95,23.81
38.91,-73.93,23.75
38.91,-73.91,23.75
38.91,-73.89,23.72
38.91,-73.87,23.71
38.91,-73.85,23.68
38.91,-73.83,23.58
38.91,-73.81,23.54
38.91,-73.79,23.52
38.91,-73.77,23.53
38.91,-73.75,23.52
38.91,-73.73,23.43
38.91,-73.71,23.42
38.91,-73.69,23.45
38.91,-73.67,23.52
38.91,-73.65,23.59
38.91,-73.63,23.6
38.91,-73.61,23.59
38.91,-73.59,23.72
38.91,-73.57,23.72
38.91,-73.55,23.7
38.91,-73.53,23.68
38.91,-73.51,23.67
38.91,-73.49,23.63
38.91,-73.47,23.59
38.91,-73.45,23.41
38.91,-73.43,23.22
38.91,-73.41,23.16
38.91,-73.39,23.15
38.91,-73.37,23.17
38.91,-73.35,23.16
38.91,-73.33,23.21
38.91,-73.31,23.42
38.91,-73.29,23.72
38.91,-73.27,24.0
38.91,-73.25,24.15
38.91,-73.23,24.2
38.91,-73.21,24.28
38.91,-73.19,24.39
38.91,-73.17,24.42
38.91,-73.15,24.42
38.91,-73.13,24.55
38.91,-73.11,24.65
38.91,-73.09,24.6
38.91,-73.07,24.64
38.91,-73.05,24.72
38.91,-73.03,25.02
38.91,-73.01,25.29
38.91,-72.99,25.31
38.89,-76.49,26.25
38.89,-76.47,26.46
38.89,-76.45,26.39
38.89,-76.43,26.15
38.89,-76.41,26.1
38.89,-76.39,26.13
38.89,-76.37,26.14
38.89,-76.33,26.13
38.89,-76.31,26.1
38.89,-76.29,26.04
38.89,-76.27,25.86
38.89,-76.25,25.7
38.89,-76.23,25.91
38.89,-76.21,25.86
38.89,-75.27,24.36
38.89,-75.25,24.32
38.89,-75.23,24.49
38.89,-75.21,24.52
38.89,-75.19,24.46
38.89,-75.17,24.43
38.89,-75.15,24.27
38.89,-75.13,24.13
38.89,-75.11,24.02
38.89,-75.09,23.97
38.89,-75.07,24.03
38.89,-75.05,24.14
38.89,-75.03,24.11
38.89,-74.93,23.33
38.89,-74.91,23.39
38.89,-74.89,23.45
38.89,-74.87,23.58
38.89,-74.85,23.75
38.89,-74.83,23.84
38.89,-74.81,24.05
38.89,-74.79,24.34
38.89,-74.77,24.16
38.89,-74.75,24.1
38.89,-74.73,23.82
38.89,-74.71,23.72
38.89,-74.69,23.65
38.89,-74.67,23.56
38.89,-74.65,23.34
38.89,-74.63,23.15
38.89,-74.61,23.17
38.89,-74.59,23.29
38.89,-74.57,23.42
38.89,-74.55,23.57
38.89,-74.53,23.63
38.89,-74.51,23.76
38.89,-74.49,23.81
38.89,-74.47,23.81
38.89,-74.45,23.85
38.89,-74.43,23.86
38.89,-74.41,23.85
38.89,-74.39,23.84
38.89,-74.37,23.82
38.89,-74.35,23.84
38.89,-74.33,23.79
38.89,-74.31,23.59
38.89,-74.29,23.4
38.89,-74.27,23.43
38.89,-74.25,23.45
38.89,-74.23,23.47
38.89,-74.21,23.53
38.89,-74.19,23.56
38.89,-74.17,23.64
38.89,-74.15,23.7
38.89,-74.13,23.71
38.89,-74.11,23.74
38.89,-74.09,23.75
38.89,-74.07,23.75
38.89,-74.05,23.77
38.89,-74.03,23.8
38.89,-74.01,23.83
38.89,-73.99,23.85
38.89,-73.97,23.86
38.89,-73.95,23.82
38.89,-73.93,23.75
38.89,-73.91,23.72
38.89,-73.89,23.7
38.89,-73.87,23.72
38.89,-73.85,23.69
38.89,-73.83,23.59
38.89,-73.81,23.5
38.89,-73.79,23.48
38.89,-73.77,23.43
38.89,-73.75,23.41
38.89,-73.73,23.42
38.89,-73.71,23.45
38.89,-73.69,23.51
38.89,-73.67,23.58
38.89,-73.65,23.62
38.89,-73.63,23.63
38.89,-73.61,23.68
38.89,-73.59,23.71
38.89,-73.57,23.72
38.89,-73.55,23.69
38.89,-73.53,23.68
38.89,-73.51,23.69
38.89,-73.49,23.66
38.89,-73.47,23.59
38.89,-73.45,23.58
38.89,-73.43,23.38
38.89,-73.41,23.17
38.89,-73.39,23.12
38.89,-73.37,23.11
38.89,-73.35,23.2
38.89,-73.33,23.3
38.89,-73.31,23.56
38.89,-73.29,23.97
38.89,-73.27,24.11
38.89,-73.25,24.24
38.89,-73.23,24.28
38.89,-73.21,24.42
38.89,-73.19,24.55
38.89,-73.17,24.6
38.89,-73.15,24.61
38.89,-73.13,24.71
38.89,-73.11,24.78
38.89,-73.09,24.89
38.89,-73.07,24.98
38.89,-73.05,25.14
38.89,-73.03,25.3
38.89,-73.01,25.39
38.89,-72.99,25.4
38.87,-76.51,26.05
38.87,-76.49,26.37
38.87,-76.47,26.41
38.87,-76.45,26.33
38.87,-76.43,26.27
38.87,-76.41,26.25
38.87,-76.39,26.18
38.87,-76.37,26.17
38.87,-76.33,25.99
38.87,-76.31,25.98
38.87,-76.29,25.91
38.87,-76.27,26.05
38.87,-76.25,26.06
38.87,-76.23,26.33
38.87,-76.21,26.12
38.87,-75.23,24.18
38.87,-75.21,24.27
38.87,-75.19,24.32
38.87,-75.17,24.27
38.87,-75.15,24.23
38.87,-75.13,24.19
38.87,-75.11,24.05
38.87,-75.09,23.87
38.87,-75.07,23.87
38.87,-75.05,23.96
38.87,-75.03,23.72
38.87,-75.01,23.7
38.87,-74.93,23.22
38.87,-74.91,23.26
38.87,-74.89,23.42
38.87,-74.87,23.46
38.87,-74.85,23.66
38.87,-74.83,23.78
38.87,-74.81,23.91
38.87,-74.79,24.02
38.87,-74.77,23.92
38.87,-74.75,23.79
38.87,-74.73,23.52
38.87,-74.71,23.58
38.87,-74.69,23.62
38.87,-74.67,23.58
38.87,-74.65,23.35
38.87,-74.63,23.32
38.87,-74.61,23.35
38.87,-74.59,23.44
38.87,-74.57,23.51
38.87,-74.55,23.54
38.87,-74.53,23.64
38.87,-74.51,23.71
38.87,-74.49,23.76
38.87,-74.47,23.79
38.87,-74.45,23.84
38.87,-74.43,23.86
38.87,-74.41,23.86
38.87,-74.39,23.87
38.87,-74.37,23.83
38.87,-74.35,23.82
38.87,-74.33,23.67
38.87,-74.31,23.53
38.87,-74.29,23.45
38.87,-74.27,23.45
38.87,-74.25,23.51
38.87,-74.23,23.56
38.87,-74.21,23.58
38.87,-74.19,23.59
38.87,-74.17,23.65
38.87,-74.15,23.7
38.87,-74.13,23.71
38.87,-74.11,23.69
38.87,-74.09,23.74
38.87,-74.07,23.78
38.87,-74.05,23.81
38.87,-74.03,23.83
38.87,-74.01,23.85
38.87,-73.99,23.86
38.87,-73.97,23.87
38.87,-73.95,23.83
38.87,-73.93,23.72
38.87,-73.91,23.71
38.87,-73.89,23.7
38.87,-73.87,23.69
38.87,-73.85,23.72
38.87,-73.83,23.65
38.87,-73.81,23.48
38.87,-73.79,23.33
38.87,-73.77,23.28
38.87,-73.75,23.35
38.87,-73.73,23.47
38.87,-73.71,23.56
38.87,-73.69,23.6
38.87,-73.67,23.59
38.87,-73.65,23.64
38.87,-73.63,23.73
38.87,-73.61,23.74
38.87,-73.59,23.72
38.87,-73.57,23.71
38.87,-73.55,23.68
38.87,-73.53,23.67
38.87,-73.51,23.66
38.87,-73.49,23.6
38.87,-73.47,23.59
38.87,-73.45,23.59
38.87,-73.43,23.38
38.87,-73.41,23.23
38.87,-73.39,23.17
38.87,-73.37,23.13
38.87,-73.35,23.22
38.87,-73.33,23.36
38.87,-73.31,23.9
38.87,-73.29,24.08
38.87,-73.27,24.18
38.87,-73.25,24.28
38.87,-73.23,24.39
38.87,-73.21,24.52
38.87,-73.19,24.75
38.87,-73.17,24.79
38.87,-73.15,24.79
38.87,-73.13,24.84
38.87,-73.11,24.93
38.87,-73.09,25.04
38.87,-73.07,25.1
38.87,-73.05,25.34
38.87,-73.03,25.44
38.87,-73.01,25.48
38.87,-72.99,25.47
38.87,-72.97,25.48
38.85,-76.51,25.98
38.85,-76.49,26.26
38.85,-76.47,26.34
38.85,-76.45,26.4
38.85,-76.43,26.29
38.85,-76.41,26.18
38.85,-76.39,26.1
38.85,-76.35,25.98
38.85,-76.33,25.97
38.85,-76.31,25.9
38.85,-76.29,25.83
38.85,-76.25,26.19
38.85,-76.23,26.22
38.85,-76.21,26.15
38.85,-75.23,24.09
38.85,-75.21,24.14
38.85,-75.19,24.17
38.85,-75.17,24.25
38.85,-75.15,24.16
38.85,-75.13,24.1
38.85,-75.11,23.93
38.85,-75.09,23.81
38.85,-75.07,23.83
38.85,-75.05,23.86
38.85,-74.93,23.22
38.85,-74.91,23.25
38.85,-74.89,23.39
38.85,-74.87,23.51
38.85,-74.85,23.58
38.85,-74.83,23.65
38.85,-74.81,23.76
38.85,-74.79,23.84
38.85,-74.77,23.77
38.85,-74.75,23.35
38.85,-74.73,23.1
38.85,-74.71,23.14
38.85,-74.69,23.22
38.85,-74.67,23.25
38.85,-74.65,23.27
38.85,-74.63,23.33
38.85,-74.61,23.36
38.85,-74.59,23.38
38.85,-74.57,23.46
38.85,-74.55,23.52
38.85,-74.53,23.58
38.85,-74.51,23.59
38.85,-74.49,23.67
38.85,-74.47,23.79
38.85,-74.45,23.85
38.85,-74.43,23.89
38.85,-74.41,23.9
38.85,-74.39,23.85
38.85,-74.37,23.76
38.85,-74.35,23.71
38.85,-74.33,23.63
38.85,-74.31,23.55
38.85,-74.29,23.49
38.85,-74.27,23.53
38.85,-74.25,23.59
38.85,-74.23,23.59
38.85,-74.21,23.61
38.85,-74.19,23.63
38.85,-74.17,23.64
38.85,-74.15,23.67
38.85,-74.13,23.7
38.85,-74.11,23.73
38.85,-74.09,23.8
38.85,-74.07,23.81
38.85,-74.05,23.86
38.85,-74.03,23.89
38.85,-74.01,23.88
38.85,-73.99,23.87
38.85,-73.97,23.85
38.85,-73.95,23.78
38.85,-73.93,23.7
38.85,-73.91,23.68
38.85,-73.89,23.66
38.85,-73.87,23.66
38.85,-73.85,23.69
38.85,-73.83,23.63
38.85,-73.81,23.48
38.85,-73.79,23.29
38.85,-73.77,23.26
38.85,-73.75,23.33
38.85,-73.73,23.52
38.85,-73.71,23.57
38.85,-73.69,23.59
38.85,-73.67,23.6
38.85,-73.65,23.74
38.85,-73.63,23.74
38.85,-73.61,23.75
38.85,-73.59,23.78
38.85,-73.57,23.84
38.85,-73.55,23.76
38.85,-73.53,23.7
38.85,-73.51,23.63
38.85,-73.49,23.54
38.85,-73.47,23.55
38.85,-73.45,23.51
38.85,-73.43,23.37
38.85,-73.41,23.34
38.85,-73.39,23.3
38.85,-73.37,23.25
38.85,-73.35,23.32
38.85,-73.33,23.51
38.85,-73.31,23.9
38.85,-73.29,24.15
38.85,-73.27,24.19
38.85,-73.25,24.23
38.85,-73.23,24.53
38.85,-73.21,24.68
38.85,-73.19,24.84
38.85,-73.17,24.89
38.85,-73.15,24.95
38.85,-73.13,25.05
38.85,-73.11,25.17
38.85,-73.09,25.22
38.85,-73.07,25.28
38.85,-73.05,25.36
38.85,-73.03,25.48
38.85,-73.01,25.59
38.85,-72.99,25.58
38.85,-72.97,25.62
38.83,-76.49,25.84
38.83,-76.47,26.05
38.83,-76.45,26.5
38.83,-76.43,26.41
38.83,-76.41,26.16
38.83,-76.39,25.95
38.83,-76.37,25.8
38.83,-76.35,25.94
38.83,-76.33,25.85
38.83,-76.31,25.85
38.83,-76.29,25.62
38.83,-76.23,26.14
38.83,-76.21,26.12
38.83,-75.21,24.16
38.83,-75.19,24.23
38.83,-75.17,24.27
38.83,-75.15,24.15
38.83,-75.13,23.94
38.83,-75.11,23.75
38.83,-75.09,23.67
38.83,-75.07,23.76
38.83,-75.05,23.79
38.83,-74.91,23.13
38.83,-74.89,23.27
38.83,-74.87,23.34
38.83,-74.85,23.47
38.83,-74.83,23.59
38.83,-74.81,23.65
38.83,-74.79,23.65
38.83,-74.77,23.61
38.83,-74.75,23.06
38.83,-74.73,23.09
38.83,-74.71,23.16
38.83,-74.69,23.2
38.83,-74.67,23.23
38.83,-74.65,23.25
38.83,-74.63,23.28
38.83,-74.61,23.3
38.83,-74.59,23.32
38.83,-74.57,23.35
38.83,-74.55,23.4
38.83,-74.53,23.46
38.83,-74.51,23.52
38.83,-74.49,23.57
38.83,-74.47,23.69
38.83,-74.45,23.81
38.83,-74.43,23.93
38.83,-74.41,23.92
38.83,-74.39,23.87
38.83,-74.37,23.78
38.83,-74.35,23.68
38.83,-74.33,23.64
38.83,-74.31,23.63
38.83,-74.29,23.59
38.83,-74.27,23.6
38.83,-74.25,23.61
38.83,-74.23,23.63
38.83,-74.21,23.65
38.83,-74.19,23.65
38.83,-74.17,23.67
38.83,-74.15,23.67
38.83,-74.13,23.71
38.83,-74.11,23.77
38.83,-74.09,23.82
38.83,-74.07,23.82
38.83,-74.05,23.88
38.83,-74.03,23.89
38.83,-74.01,23.89
38.83,-73.99,23.83
38.83,-73.97,23.81
38.83,-73.95,23.74
38.83,-73.93,23.68
38.83,-73.91,23.64
38.83,-73.89,23.64
38.83,-73.87,23.64
38.83,-73.85,23.65
38.83,-73.83,23.59
38.83,-73.81,23.46
38.83,-73.79,23.32
38.83,-73.77,23.29
38.83,-73.75,23.32
38.83,-73.73,23.42
38.83,-73.71,23.51
38.83,-73.69,23.57
38.83,-73.67,23.71
38.83,-73.65,23.62
38.83,-73.63,23.61
38.83,-73.61,23.19
38.83,-73.59,23.94
38.83,-73.57,23.98
38.83,-73.55,23.97
38.83,-73.53,23.89
38.83,-73.51,23.71
38.83,-73.49,23.59
38.83,-73.47,23.56
38.83,-73.45,23.49
38.83,-73.43,23.4
38.83,-73.41,23.42
38.83,-73.39,23.4
38.83,-73.37,23.4
38.83,-73.35,23.53
38.83,-73.33,23.8
38.83,-73.31,23.99
38.83,-73.29,24.1
38.83,-73.27,24.16
38.83,-73.25,24.32
38.83,-73.23,24.65
38.83,-73.21,24.82
38.83,-73.19,24.95
38.83,-73.17,25.0
38.83,-73.15,25.08
38.83,-73.13,25.15
38.83,-73.11,25.19
38.83,-73.09,25.24
38.83,-73.07,25.3
38.83,-73.05,25.35
38.83,-73.03,25.52
38.83,-72.99,25.63
38.83,-72.97,25.65
38.81,-76.49,26.42
38.81,-76.47,26.37
38.81,-76.45,26.33
38.81,-76.43,26.31
38.81,-76.41,26.32
38.81,-76.39,26.12
38.81,-76.37,25.93
38.81,-76.35,25.9
38.81,-76.33,25.67
38.81,-76.21,26.07
38.81,-75.19,24.27
38.81,-75.17,24.27
38.81,-75.15,24.12
38.81,-75.13,23.82
38.81,-75.11,23.83
38.81,-75.09,23.67
38.81,-75.07,23.55
38.81,-75.05,23.64
38.81,-75.03,23.59
38.81,-74.99,22.88
38.81,-74.97,22.81
38.81,-74.95,22.78
38.81,-74.93,22.93
38.81,-74.91,23.11
38.81,-74.89,23.18
38.81,-74.87,23.15
38.81,-74.85,23.31
38.81,-74.83,23.41
38.81,-74.81,23.29
38.81,-74.79,23.34
38.81,-74.77,23.17
38.81,-74.75,22.99
38.81,-74.73,23.16
38.81,-74.71,23.18
38.81,-74.69,23.2
38.81,-74.67,23.25
38.81,-74.65,23.28
38.81,-74.63,23.31
38.81,-74.61,23.33
38.81,-74.59,23.34
38.81,-74.57,23.34
38.81,-74.55,23.36
38.81,-74.53,23.37
38.81,-74.51,23.38
38.81,-74.49,23.45
38.81,-74.47,23.55
38.81,-74.45,23.64
38.81,-74.43,23.71
38.81,-74.41,23.89
38.81,-74.39,23.83
38.81,-74.37,23.77
38.81,-74.35,23.73
38.81,-74.33,23.71
38.81,-74.31,23.66
38.81,-74.29,23.64
38.81,-74.27,23.68
38.81,-74.25,23.67
38.81,-74.23,23.71
38.81,-74.21,23.74
38.81,-74.19,23.73
38.81,-74.17,23.74
38.81,-74.15,23.74
38.81,-74.13,23.78
38.81,-74.11,23.85
38.81,-74.09,23.84
38.81,-74.07,23.84
38.81,-74.05,23.87
38.81,-74.03,23.89
38.81,-74.01,23.84
38.81,-73.99,23.8
38.81,-73.97,23.77
38.81,-73.95,23.72
38.81,-73.93,23.66
38.81,-73.91,23.65
38.81,-73.89,23.63
38.81,-73.87,23.61
38.81,-73.85,23.6
38.81,-73.83,23.56
38.81,-73.81,23.46
38.81,-73.79,23.41
38.81,-73.77,23.33
38.81,-73.75,23.32
38.81,-73.73,23.33
38.81,-73.71,23.4
38.81,-73.69,23.5
38.81,-73.67,23.64
38.81,-73.65,23.59
38.81,-73.63,23.03
38.81,-73.61,22.94
38.81,-73.59,23.04
38.81,-73.57,24.01
38.81,-73.55,24.05
38.81,-73.53,23.97
38.81,-73.51,23.8
38.81,-73.49,23.74
38.81,-73.47,23.64
38.81,-73.45,23.54
38.81,-73.43,23.49
38.81,-73.41,23.5
38.81,-73.39,23.52
38.81,-73.37,23.59
38.81,-73.35,23.7
38.81,-73.33,23.83
38.81,-73.31,23.98
38.81,-73.29,24.05
38.81,-73.27,24.16
38.81,-73.25,24.42
38.81,-73.23,24.68
38.81,-73.21,24.79
38.81,-73.19,25.01
38.81,-73.17,25.16
38.81,-73.15,25.24
38.81,-73.13,25.2
38.81,-73.11,25.22
38.81,-73.09,25.25
38.81,-73.07,25.31
38.81,-73.05,25.37
38.81,-73.03,25.55
38.81,-73.01,25.61
38.81,-72.99,25.59
38.81,-72.97,25.62
38.79,-76.51,26.48
38.79,-76.49,26.46
38.79,-76.47,26.39
38.79,-76.45,26.31
38.79,-76.43,26.33
38.79,-76.41,26.21
38.79,-76.39,26.13
38.79,-76.37,26.01
38.79,-76.35,25.9
38.79,-76.33,25.71
38.79,-76.21,26.55
38.79,-76.19,26.53
38.79,-75.15,24.32
38.79,-75.13,24.31
38.79,-75.11,24.33
38.79,-75.07,23.46
38.79,-75.05,23.64
38.79,-75.03,23.64
38.79,-75.01,22.88
38.79,-74.99,22.87
38.79,-74.97,22.8
38.79,-74.95,22.81
38.79,-74.93,22.95
38.79,-74.91,23.1
38.79,-74.89,23.08
38.79,-74.87,22.95
38.79,-74.85,23.04
38.79,-74.83,23.07
38.79,-74.81,23.13
38.79,-74.79,23.15
38.79,-74.77,23.12
38.79,-74.75,23.2
38.79,-74.73,23.29
38.79,-74.71,23.41
38.79,-74.69,23.37
38.79,-74.67,23.31
38.79,-74.65,23.4
38.79,-74.63,23.44
38.79,-74.61,23.5
38.79,-74.59,23.5
38.79,-74.57,23.45
38.79,-74.55,23.44
38.79,-74.53,23.41
38.79,-74.51,23.4
38.79,-74.49,23.48
38.79,-74.47,23.52
38.79,-74.45,23.58
38.79,-74.43,23.68
38.79,-74.41,23.81
38.79,-74.39,23.82
38.79,-74.37,23.79
38.79,-74.35,23.75
38.79,-74.33,23.67
38.79,-74.31,23.67
38.79,-74.29,23.7
38.79,-74.27,23.74
38.79,-74.25,23.74
38.79,-74.23,23.78
38.79,-74.21,23.84
38.79,-74.19,23.85
38.79,-74.17,23.78
38.79,-74.15,23.8
38.79,-74.13,23.82
38.79,-74.11,23.88
38.79,-74.09,23.87
38.79,-74.07,23.87
38.79,-74.05,23.86
38.79,-74.03,23.86
38.79,-74.01,23.83
38.79,-73.99,23.76
38.79,-73.97,23.68
38.79,-73.95,23.67
38.79,-73.93,23.68
38.79,-73.91,23.67
38.79,-73.89,23.65
38.79,-73.87,23.63
38.79,-73.85,23.61
38.79,-73.83,23.59
38.79,-73.81,23.48
38.79,-73.79,23.42
38.79,-73.77,23.34
38.79,-73.75,23.36
38.79,-73.73,23.34
38.79,-73.71,23.32
38.79,-73.69,23.4
38.79,-73.67,23.5
38.79,-73.65,23.53
38.79,-73.63,23.13
38.79,-73.61,23.07
38.79,-73.59,23.11
38.79,-73.57,23.06
38.79,-73.55,23.91
38.79,-73.53,24.02
38.79,-73.51,23.96
38.79,-73.49,23.84
38.79,-73.47,23.8
38.79,-73.45,23.72
38.79,-73.43,23.69
38.79,-73.41,23.69
38.79,-73.39,23.7
38.79,-73.37,23.71
38.79,-73.35,23.78
38.79,-73.33,23.91
38.79,-73.31,24.02
38.79,-73.29,24.09
38.79,-73.27,24.19
38.79,-73.25,24.53
38.79,-73.23,24.68
38.79,-73.21,24.74
38.79,-73.19,25.08
38.79,-73.17,25.25
38.79,-73.15,25.28
38.79,-73.13,25.24
38.79,-73.11,25.28
38.79,-73.09,25.31
38.79,-73.07,25.42
38.79,-73.05,25.51
38.79,-72.93,25.82
38.79,-72.91,25.82
38.77,-76.55,26.4
38.77,-76.53,26.39
38.77,-76.51,26.43
38.77,-76.49,26.0
38.77,-76.47,26.11
38.77,-76.45,26.23
38.77,-76.43,26.15
38.77,-76.41,26.13
38.77,-76.37,25.66
38.77,-76.35,25.63
38.77,-75.07,23.57
38.77,-75.05,23.65
38.77,-75.03,23.74
38.77,-75.01,22.99
38.77,-74.99,22.96
38.77,-74.97,22.94
38.77,-74.95,22.9
38.77,-74.93,22.95
38.77,-74.91,22.97
38.77,-74.89,22.8
38.77,-74.87,22.83
38.77,-74.85,23.01
38.77,-74.83,23.06
38.77,-74.81,23.1
38.77,-74.79,23.09
38.77,-74.77,23.21
38.77,-74.75,23.27
38.77,-74.73,23.28
38.77,-74.71,23.52
38.77,-74.69,23.6
38.77,-74.67,23.58
38.77,-74.65,23.52
38.77,-74.63,23.57
38.77,-74.61,23.54
38.77,-74.59,23.54
38.77,-74.57,23.54
38.77,-74.55,23.53
38.77,-74.53,23.51
38.77,-74.51,23.5
38.77,-74.49,23.57
38.77,-74.47,23.58
38.77,-74.45,23.57
38.77,-74.43,23.67
38.77,-74.41,23.8
38.77,-74.39,23.83
38.77,-74.37,23.85
38.77,-74.35,23.81
38.77,-74.33,23.72
38.77,-74.31,23.68
38.77,-74.29,23.72
38.77,-74.27,23.76
38.77,-74.25,23.73
38.77,-74.23,23.75
38.77,-74.21,23.86
38.77,-74.19,23.86
38.77,-74.17,23.84
38.77,-74.15,23.84
38.77,-74.13,23.86
38.77,-74.11,23.9
38.77,-74.09,23.9
38.77,-74.07,23.89
38.77,-74.05,23.84
38.77,-74.03,23.84
38.77,-74.01,23.8
38.77,-73.99,23.74
38.77,-73.97,23.69
38.77,-73.95,23.65
38.77,-73.93,23.63
38.77,-73.91,23.62
38.77,-73.89,23.67
38.77,-73.87,23.68
38.77,-73.85,23.65
38.77,-73.83,23.6
38.77,-73.81,23.56
38.77,-73.79,23.4
38.77,-73.77,23.38
38.77,-73.75,23.36
38.77,-73.73,23.36
38.77,-73.71,23.34
38.77,-73.69,23.3
38.77,-73.67,23.32
38.77,-73.65,23.43
38.77,-73.63,23.43
38.77,-73.61,23.39
38.77,-73.59,23.19
38.77,-73.57,23.12
38.77,-73.55,23.4
38.77,-73.53,24.04
38.77,-73.51,24.04
38.77,-73.49,23.99
38.77,-73.47,23.89
38.77,-73.45,23.81
38.77,-73.43,23.78
38.77,-73.41,23.84
38.77,-73.39,23.83
38.77,-73.37,23.83
38.77,-73.35,23.91
38.77,-73.33,23.99
38.77,-73.31,24.03
38.77,-73.29,24.19
38.77,-73.27,24.38
38.77,-73.25,24.49
38.77,-73.23,24.62
38.77,-73.21,25.0
38.77,-73.19,25.29
38.77,-73.17,25.35
38.77,-73.15,25.34
38.77,-73.13,25.29
38.77,-73.11,25.32
38.77,-73.09,25.34
38.77,-73.07,25.4
38.77,-73.05,25.57
38.77,-73.03,25.64
38.75,-76.55,26.24
38.75,-76.53,26.21
38.75,-76.51,26.42
38.75,-76.49,26.57
38.75,-76.47,26.32
38.75,-76.45,26.2
38.75,-76.43,26.1
38.75,-76.41,26.11
38.75,-76.39,26.13
38.75,-76.35,25.21
38.75,-76.31,25.76
38.75,-76.23,26.08
38.75,-75.07,23.79
38.75,-75.05,23.73
38.75,-75.03,23.69
38.75,-75.01,23.68
38.75,-74.99,23.07
38.75,-74.97,23.03
38.75,-74.95,23.04
38.75,-74.93,23.05
38.75,-74.91,23.05
38.75,-74.89,22.95
38.75,-74.87,22.89
38.75,-74.85,22.97
38.75,-74.83,23.03
38.75,-74.81,23.12
38.75,-74.79,23.23
38.75,-74.77,23.35
38.75,-74.71,23.61
38.75,-74.69,23.64
38.75,-74.67,23.67
38.75,-74.65,23.67
38.75,-74.63,23.64
38.75,-74.61,23.61
38.75,-74.59,23.65
38.75,-74.57,23.66
38.75,-74.55,23.64
38.75,-74.53,23.61
38.75,-74.51,23.61
38.75,-74.49,23.63
38.75,-74.47,23.64
38.75,-74.45,23.65
38.75,-74.43,23.69
38.75,-74.41,23.78
38.75,-74.39,23.83
38.75,-74.37,23.84
38.75,-74.35,23.8
38.75,-74.33,23.78
38.75,-74.31,23.79
38.75,-74.29,23.77
38.75,-74.27,23.76
38.75,-74.25,23.75
38.75,-74.23,23.76
38.75,-74.21,23.83
38.75,-74.19,23.86
38.75,-74.17,23.88
38.75,-74.15,23.87
38.75,-74.13,23.9
38.75,-74.11,23.9
38.75,-74.09,23.9
38.75,-74.07,23.88
38.75,-74.05,23.85
38.75,-74.03,23.82
38.75,-74.01,23.77
38.75,-73.99,23.72
38.75,-73.97,23.69
38.75,-73.95,23.64
38.75,-73.93,23.63
38.75,-73.91,23.63
38.75,-73.89,23.68
38.75,-73.87,23.67
38.75,-73.85,23.65
38.75,-73.83,23.57
38.75,-73.81,23.51
38.75,-73.79,23.47
38.75,-73.77,23.45
38.75,-73.75,23.46
38.75,-73.73,23.45
38.75,-73.71,23.38
38.75,-73.69,23.28
38.75,-73.67,23.31
38.75,-73.65,23.33
38.75,-73.63,23.34
38.75,-73.61,23.37
38.75,-73.59,23.22
38.75,-73.57,23.2
38.75,-73.55,23.67
38.75,-73.53,24.06
38.75,-73.51,24.09
38.75,-73.49,24.05
38.75,-73.47,23.93
38.75,-73.45,23.9
38.75,-73.43,23.9
38.75,-73.41,23.96
38.75,-73.39,23.93
38.75,-73.37,23.97
38.75,-73.35,24.05
38.75,-73.33,24.1
38.75,-73.31,24.15
38.75,-73.29,24.3
38.75,-73.27,24.35
38.75,-73.25,24.52
38.75,-73.23,24.79
38.75,-73.21,25.1
38.75,-73.19,25.38
38.75,-73.17,25.39
38.75,-73.15,25.33
38.75,-73.13,25.33
38.75,-73.11,25.31
38.75,-73.09,25.3
38.75,-73.07,25.41
38.75,-73.05,25.51
38.75,-73.03,25.59
38.75,-73.01,25.62
38.75,-72.99,25.61
38.73,-76.53,26.22
38.73,-76.51,26.71
38.73,-76.49,26.76
38.73,-76.47,26.63
38.73,-76.45,26.3
38.73,-76.43,26.33
38.73,-76.41,26.31
38.73,-76.39,26.2
38.73,-76.37,26.12
38.73,-76.35,25.21
38.73,-76.31,25.8
38.73,-76.25,26.01
38.73,-75.07,23.79
38.73,-75.05,23.72
38.73,-75.03,23.67
38.73,-75.01,23.67
38.73,-74.99,23.53
38.73,-74.97,22.94
38.73,-74.95,22.96
38.73,-74.93,23.02
38.73,-74.91,23.02
38.73,-74.89,23.01
38.73,-74.87,23.01
38.73,-74.85,23.14
38.73,-74.83,23.25
38.73,-74.81,23.31
38.73,-74.79,23.37
38.73,-74.77,23.41
38.73,-74.75,23.44
38.73,-74.73,23.51
38.73,-74.71,23.63
38.73,-74.69,23.67
38.73,-74.67,23.73
38.73,-74.65,23.71
38.73,-74.63,23.7
38.73,-74.61,23.74
38.73,-74.59,23.78
38.73,-74.57,23.73
38.73,-74.55,23.7
38.73,-74.53,23.72
38.73,-74.51,23.73
38.73,-74.49,23.71
38.73,-74.47,23.68
38.73,-74.45,23.69
38.73,-74.43,23.72
38.73,-74.41,23.73
38.73,-74.39,23.8
38.73,-74.37,23.8
38.73,-74.35,23.84
38.73,-74.33,23.84
38.73,-74.31,23.84
38.73,-74.29,23.83
38.73,-74.27,23.81
38.73,-74.25,23.79
38.73,-74.23,23.79
38.73,-74.21,23.83
38.73,-74.19,23.85
38.73,-74.17,23.89
38.73,-74.15,23.88
38.73,-74.13,23.91
38.73,-74.11,23.92
38.73,-74.09,23.91
38.73,-74.07,23.89
38.73,-74.05,23.86
38.73,-74.03,23.82
38.73,-74.01,23.77
38.73,-73.99,23.74
38.73,-73.97,23.73
38.73,-73.95,23.67
38.73,-73.93,23.65
38.73,-73.91,23.65
38.73,-73.89,23.72
38.73,-73.87,23.67
38.73,-73.85,23.59
38.73,-73.83,23.57
38.73,-73.81,23.58
38.73,-73.79,23.56
38.73,-73.77,23.55
38.73,-73.75,23.54
38.73,-73.73,23.51
38.73,-73.71,23.33
38.73,-73.69,23.28
38.73,-73.67,23.27
38.73,-73.65,23.31
38.73,-73.63,23.32
38.73,-73.61,23.25
38.73,-73.59,23.23
38.73,-73.57,23.62
38.73,-73.55,23.92
38.73,-73.53,24.14
38.73,-73.51,24.12
38.73,-73.49,24.08
38.73,-73.47,23.99
38.73,-73.45,23.97
38.73,-73.43,23.99
38.73,-73.41,23.99
38.73,-73.39,24.02
38.73,-73.37,24.09
38.73,-73.35,24.16
38.73,-73.33,24.19
38.73,-73.31,24.23
38.73,-73.29,24.34
38.73,-73.27,24.43
38.73,-73.25,24.7
38.73,-73.23,25.03
38.73,-73.21,25.38
38.73,-73.19,25.44
38.73,-73.17,25.39
38.73,-73.15,25.38
38.73,-73.13,25.35
38.73,-73.11,25.34
38.73,-73.09,25.3
38.73,-73.07,25.43
38.73,-73.05,25.49
38.73,-73.03,25.54
38.73,-73.01,25.57
38.73,-72.89,25.4
38.73,-72.83,25.11
38.71,-76.53,26.22
38.71,-76.51,26.75
38.71,-76.49,26.8
38.71,-76.47,26.7
38.71,-76.45,26.48
38.71,-76.43,26.42
38.71,-76.41,26.36
38.71,-76.39,26.28
38.71,-76.37,26.17
38.71,-76.35,25.76
38.71,-76.33,25.83
38.71,-76.31,25.95
38.71,-76.29,25.75
38.71,-76.27,25.77
38.71,-76.25,25.77
38.71,-75.07,23.95
38.71,-75.05,23.76
38.71,-75.03,23.63
38.71,-75.01,23.48
38.71,-74.99,23.24
38.71,-74.97,22.87
38.71,-74.95,22.99
38.71,-74.93,23.05
38.71,-74.91,23.03
38.71,-74.89,23.02
38.71,-74.87,23.04
38.71,-74.85,23.23
38.71,-74.83,23.32
38.71,-74.81,23.37
38.71,-74.79,23.37
38.71,-74.77,23.4
38.71,-74.75,23.49
38.71,-74.73,23.55
38.71,-74.71,23.64
38.71,-74.69,23.71
38.71,-74.67,23.73
38.71,-74.65,23.75
38.71,-74.63,23.75
38.71,-74.61,23.83
38.71,-74.59,23.86
38.71,-74.57,23.83
38.71,-74.55,23.83
38.71,-74.53,23.81
38.71,-74.51,23.79
38.71,-74.49,23.8
38.71,-74.47,23.78
38.71,-74.45,23.75
38.71,-74.43,23.74
38.71,-74.41,23.73
38.71,-74.39,23.73
38.71,-74.37,23.78
38.71,-74.35,23.82
38.71,-74.33,23.84
38.71,-74.31,23.85
38.71,-74.29,23.83
38.71,-74.27,23.83
38.71,-74.25,23.84
38.71,-74.23,23.87
38.71,-74.21,23.87
38.71,-74.19,23.88
38.71,-74.17,23.87
38.71,-74.15,23.87
38.71,-74.13,23.91
38.71,-74.11,23.92
38.71,-74.09,23.91
38.71,-74.07,23.87
38.71,-74.05,23.84
38.71,-74.03,23.82
38.71,-74.01,23.82
38.71,-73.99,23.82
38.71,-73.97,23.78
38.71,-73.95,23.74
38.71,-73.93,23.69
38.71,-73.91,23.65
38.71,-73.89,23.71
38.71,-73.87,23.7
38.71,-73.85,23.64
38.71,-73.83,23.63
38.71,-73.81,23.64
38.71,-73.79,23.65
38.71,-73.77,23.65
38.71,-73.75,23.59
38.71,-73.73,23.53
38.71,-73.71,23.37
38.71,-73.69,23.35
38.71,-73.67,23.29
38.71,-73.65,23.3
38.71,-73.63,23.32
38.71,-73.61,23.3
38.71,-73.59,23.51
38.71,-73.57,23.71
38.71,-73.55,24.15
38.71,-73.53,24.13
38.71,-73.51,24.1
38.71,-73.49,24.11
38.71,-73.47,24.04
38.71,-73.45,24.05
38.71,-73.43,24.06
38.71,-73.41,24.07
38.71,-73.39,24.08
38.71,-73.37,24.16
38.71,-73.35,24.22
38.71,-73.33,24.32
38.71,-73.31,24.52
38.71,-73.29,24.57
38.71,-73.27,24.65
38.71,-73.25,24.81
38.71,-73.23,25.25
38.71,-73.21,25.39
38.71,-73.19,25.4
38.71,-73.17,25.44
38.71,-73.15,25.44
38.71,-73.13,25.35
38.71,-73.11,25.37
38.71,-73.09,25.36
38.71,-73.07,25.46
38.71,-73.05,25.54
38.71,-73.03,25.58
38.71,-72.89,25.24
38.71,-72.87,25.2
38.71,-72.85,25.17
38.71,-72.83,25.11
38.69,-76.53,26.42
38.69,-76.51,26.69
38.69,-76.49,26.7
38.69,-76.47,26.48
38.69,-76.45,26.4
38.69,-76.43,26.42
38.69,-76.41,26.31
38.69,-76.39,26.23
38.69,-76.37,26.14
38.69,-76.35,25.72
38.69,-76.31,26.02
38.69,-76.29,25.82
38.69,-76.27,25.68
38.69,-76.25,25.93
38.69,-76.23,25.93
38.69,-75.09,24.39
38.69,-75.07,24.04
38.69,-75.05,23.67
38.69,-75.03,23.59
38.69,-75.01,23.56
38.69,-74.99,23.35
38.69,-74.97,22.97
38.69,-74.95,22.95
38.69,-74.93,23.03
38.69,-74.91,22.92
38.69,-74.89,22.97
38.69,-74.87,23.07
38.69,-74.85,23.22
38.69,-74.83,23.3
38.69,-74.81,23.35
38.69,-74.79,23.4
38.69,-74.77,23.43
38.69,-74.75,23.5
38.69,-74.73,23.55
38.69,-74.71,23.66
38.69,-74.69,23.7
38.69,-74.67,23.76
38.69,-74.65,23.8
38.69,-74.63,23.8
38.69,-74.61,23.89
38.69,-74.59,23.93
38.69,-74.57,23.91
38.69,-74.55,23.91
38.69,-74.53,23.9
38.69,-74.51,23.88
38.69,-74.49,23.88
38.69,-74.47,23.87
38.69,-74.45,23.83
38.69,-74.43,23.79
38.69,-74.41,23.79
38.69,-74.39,23.76
38.69,-74.37,23.75
38.69,-74.35,23.78
38.69,-74.33,23.8
38.69,-74.31,23.8
38.69,-74.29,23.83
38.69,-74.27,23.83
38.69,-74.25,23.87
38.69,-74.23,23.92
38.69,-74.21,23.89
38.69,-74.19,23.9
38.69,-74.17,23.88
38.69,-74.15,23.85
38.69,-74.13,23.88
38.69,-74.11,23.9
38.69,-74.09,23.9
38.69,-74.07,23.85
38.69,-74.05,23.85
38.69,-74.03,23.86
38.69,-74.01,23.85
38.69,-73.99,23.83
38.69,-73.97,23.8
38.69,-73.95,23.78
38.69,-73.93,23.75
38.69,-73.91,23.71
38.69,-73.89,23.77
38.69,-73.87,23.77
38.69,-73.85,23.73
38.69,-73.83,23.68
38.69,-73.81,23.69
38.69,-73.79,23.71
38.69,-73.77,23.7
38.69,-73.75,23.66
38.69,-73.73,23.49
38.69,-73.71,23.41
38.69,-73.69,23.37
38.69,-73.67,23.33
38.69,-73.65,23.35
38.69,-73.63,23.43
38.69,-73.61,23.73
38.69,-73.59,23.94
38.69,-73.57,24.16
38.69,-73.55,24.12
38.69,-73.53,24.11
38.69,-73.51,24.14
38.69,-73.49,24.09
38.69,-73.47,24.08
38.69,-73.45,24.07
38.69,-73.43,24.11
38.69,-73.41,24.13
38.69,-73.39,24.16
38.69,-73.37,24.18
38.69,-73.35,24.32
38.69,-73.33,24.57
38.69,-73.31,24.64
38.69,-73.29,24.67
38.69,-73.27,24.84
38.69,-73.25,25.12
38.69,-73.23,25.38
38.69,-73.21,25.39
38.69,-73.19,25.39
38.69,-73.17,25.44
38.69,-73.15,25.45
38.69,-73.13,25.38
38.69,-73.11,25.37
38.69,-73.09,25.4
38.69,-73.07,25.45
38.69,-73.05,25.54
38.69,-73.03,25.59
38.69,-73.01,25.59
38.69,-72.93,25.45
38.69,-72.91,25.44
38.69,-72.89,25.26
38.69,-72.87,25.16
38.69,-72.85,25.06
38.69,-72.83,25.04
38.69,-72.65,25.05
38.69,-72.63,25.05
38.67,-76.51,26.57
38.67,-76.49,26.57
38.67,-76.47,26.47
38.67,-76.45,26.38
38.67,-76.43,26.38
38.67,-76.41,26.29
38.67,-76.39,26.16
38.67,-76.37,25.89
38.67,-76.35,25.17
38.67,-76.33,25.76
38.67,-76.31,25.83
38.67,-76.29,25.85
38.67,-76.27,26.12
38.67,-76.25,26.17
38.67,-76.23,26.06
38.67,-76.21,26.13
38.67,-76.19,26.25
38.67,-75.11,24.13
38.67,-75.09,24.22
38.67,-75.05,23.66
38.67,-75.03,23.49
38.67,-75.01,23.51
38.67,-74.99,23.5
38.67,-74.97,23.43
38.67,-74.95,23.09
38.67,-74.93,23.08
38.67,-74.91,23.1
38.67,-74.89,23.03
38.67,-74.87,23.09
38.67,-74.85,23.18
38.67,-74.83,23.37
38.67,-74.81,23.41
38.67,-74.79,23.43
38.67,-74.77,23.44
38.67,-74.75,23.5
38.67,-74.73,23.52
38.67,-74.71,23.56
38.67,-74.69,23.63
38.67,-74.67,23.8
38.67,-74.65,23.83
38.67,-74.63,23.85
38.67,-74.61,23.92
38.67,-74.59,23.96
38.67,-74.57,23.94
38.67,-74.55,23.93
38.67,-74.53,23.94
38.67,-74.51,23.91
38.67,-74.49,23.93
38.67,-74.47,23.91
38.67,-74.45,23.89
38.67,-74.43,23.88
38.67,-74.41,23.88
38.67,-74.39,23.85
38.67,-74.37,23.82
38.67,-74.35,23.81
38.67,-74.33,23.79
38.67,-74.31,23.78
38.67,-74.29,23.79
38.67,-74.27,23.87
38.67,-74.25,23.9
38.67,-74.23,23.94
38.67,-74.21,23.91
38.67,-74.19,23.9
38.67,-74.17,23.87
38.67,-74.15,23.86
38.67,-74.13,23.87
38.67,-74.11,23.9
38.67,-74.09,23.9
38.67,-74.07,23.86
38.67,-74.05,23.87
38.67,-74.03,23.86
38.67,-74.01,23.84
38.67,-73.99,23.83
38.67,-73.97,23.83
38.67,-73.95,23.83
38.67,-73.93,23.77
38.67,-73.91,23.77
38.67,-73.89,23.81
38.67,-73.87,23.81
38.67,-73.85,23.81
38.67,-73.83,23.76
38.67,-73.81,23.76
38.67,-73.79,23.74
38.67,-73.77,23.71
38.67,-73.75,23.68
38.67,-73.73,23.53
38.67,-73.71,23.38
38.67,-73.69,23.34
38.67,-73.67,23.39
38.67,-73.65,23.61
38.67,-73.63,24.02
38.67,-73.61,24.2
38.67,-73.59,24.2
38.67,-73.57,24.21
38.67,-73.55,24.2
38.67,-73.53,24.19
38.67,-73.51,24.18
38.67,-73.49,24.11
38.67,-73.47,24.1
38.67,-73.45,24.12
38.67,-73.43,24.17
38.67,-73.41,24.23
38.67,-73.39,24.3
38.67,-73.37,24.37
38.67,-73.35,24.51
38.67,-73.33,24.64
38.67,-73.31,24.66
38.67,-73.29,24.76
38.67,-73.27,25.21
38.67,-73.25,25.33
38.67,-73.23,25.38
38.67,-73.21,25.43
38.67,-73.19,25.4
38.67,-73.17,25.4
38.67,-73.15,25.4
38.67,-73.13,25.36
38.67,-73.11,25.35
38.67,-73.09,25.36
38.67,-73.07,25.41
38.67,-73.05,25.45
38.67,-73.03,25.48
38.67,-73.01,25.54
38.67,-72.99,25.58
38.67,-72.97,25.59
38.67,-72.91,25.4
38.67,-72.89,25.26
38.67,-72.87,24.9
38.67,-72.85,24.95
38.67,-72.83,24.96
38.67,-72.81,24.94
38.67,-72.61,25.14
38.65,-76.51,26.5
38.65,-76.49,26.52
38.65,-76.47,26.46
38.65,-76.45,26.36
38.65,-76.43,26.3
38.65,-76.41,26.23
38.65,-76.39,26.17
38.65,-76.37,25.83
38.65,-76.35,25.2
38.65,-76.33,25.23
38.65,-76.31,25.64
38.65,-76.29,25.79
38.65,-76.27,25.82
38.65,-76.25,25.86
38.65,-76.23,26.11
38.65,-76.21,26.17
38.65,-76.19,26.18
38.65,-76.17,26.25
38.65,-75.13,24.05
38.65,-75.11,24.06
38.65,-75.09,24.08
38.65,-75.05,23.77
38.65,-75.03,23.52
38.65,-75.01,23.5
38.65,-74.99,23.45
38.65,-74.97,23.47
38.65,-74.95,23.41
38.65,-74.93,23.02
38.65,-74.91,23.04
38.65,-74.89,23.26
38.65,-74.87,23.24
38.65,-74.85,23.27
38.65,-74.83,23.39
38.65,-74.81,23.46
38.65,-74.79,23.47
38.65,-74.77,23.47
38.65,-74.75,23.49
38.65,-74.73,23.54
38.65,-74.71,23.52
38.65,-74.69,23.58
38.65,-74.67,23.75
38.65,-74.65,23.84
38.65,-74.63,23.85
38.65,-74.61,23.91
38.65,-74.59,23.94
38.65,-74.57,23.95
38.65,-74.55,23.95
38.65,-74.53,23.95
38.65,-74.51,23.93
38.65,-74.49,23.89
38.65,-74.47,23.93
38.65,-74.45,23.94
38.65,-74.43,23.91
38.65,-74.41,23.91
38.65,-74.39,23.9
38.65,-74.37,23.88
38.65,-74.35,23.82
38.65,-74.33,23.8
38.65,-74.31,23.83
38.65,-74.29,23.9
38.65,-74.27,23.93
38.65,-74.25,23.95
38.65,-74.23,23.96
38.65,-74.21,23.95
38.65,-74.19,23.92
38.65,-74.17,23.91
38.65,-74.15,23.89
38.65,-74.13,23.91
38.65,-74.11,23.93
38.65,-74.09,23.91
38.65,-74.07,23.87
38.65,-74.05,23.87
38.65,-74.03,23.86
38.65,-74.01,23.82
38.65,-73.99,23.84
38.65,-73.97,23.84
38.65,-73.95,23.87
38.65,-73.93,23.83
38.65,-73.91,23.8
38.65,-73.89,23.8
38.65,-73.87,23.81
38.65,-73.85,23.81
38.65,-73.83,23.77
38.65,-73.81,23.77
38.65,-73.79,23.75
38.65,-73.77,23.65
38.65,-73.75,23.64
38.65,-73.73,23.52
38.65,-73.71,23.37
38.65,-73.69,23.5
38.65,-73.67,24.0
38.65,-73.65,24.3
38.65,-73.63,24.39
38.65,-73.61,24.29
38.65,-73.59,24.24
38.65,-73.57,24.21
38.65,-73.55,24.22
38.65,-73.53,24.2
38.65,-73.51,24.17
38.65,-73.49,24.14
38.65,-73.47,24.17
38.65,-73.45,24.2
38.65,-73.43,24.27
38.65,-73.41,24.36
38.65,-73.39,24.5
38.65,-73.37,24.59
38.65,-73.35,24.62
38.65,-73.33,24.59
38.65,-73.31,24.74
38.65,-73.29,25.2
38.65,-73.27,25.31
38.65,-73.25,25.4
38.65,-73.23,25.46
38.65,-73.21,25.46
38.65,-73.19,25.39
38.65,-73.17,25.39
38.65,-73.15,25.37
38.65,-73.13,25.33
38.65,-73.11,25.33
38.65,-73.09,25.4
38.65,-73.07,25.38
38.65,-73.05,25.32
38.65,-73.03,24.93
38.65,-73.01,24.73
38.65,-72.99,24.77
38.65,-72.97,25.12
38.65,-72.95,24.99
38.65,-72.93,24.79
38.65,-72.91,24.79
38.65,-72.89,24.82
38.65,-72.87,24.85
38.65,-72.85,24.85
38.65,-72.83,24.88
38.65,-72.81,24.89
38.65,-72.77,24.92
38.65,-72.69,25.15
38.65,-72.63,25.11
38.65,-72.61,25.12
38.63,-76.51,26.4
38.63,-76.49,26.42
38.63,-76.47,26.48
38.63,-76.45,26.36
38.63,-76.43,26.18
38.63,-76.41,26.13
38.63,-76.39,26.16
38.63,-76.37,25.45
38.63,-76.35,25.26
38.63,-76.33,25.64
38.63,-76.31,25.61
38.63,-76.27,25.54
38.63,-76.25,25.61
38.63,-76.23,26.01
38.63,-76.21,26.07
38.63,-76.19,26.1
38.63,-76.17,26.35
38.63,-76.15,26.49
38.63,-76.13,26.49
38.63,-75.97,26.55
38.63,-75.09,24.15
38.63,-75.05,23.87
38.63,-75.03,23.65
38.63,-75.01,23.51
38.63,-74.99,23.48
38.63,-74.97,23.42
38.63,-74.95,23.46
38.63,-74.93,23.43
38.63,-74.91,23.07
38.63,-74.89,23.05
38.63,-74.87,23.13
38.63,-74.85,23.3
38.63,-74.83,23.45
38.63,-74.81,23.49
38.63,-74.79,23.5
38.63,-74.77,23.51
38.63,-74.75,23.54
38.63,-74.73,23.56
38.63,-74.71,23.56
38.63,-74.69,23.57
38.63,-74.67,23.62
38.63,-74.65,23.8
38.63,-74.63,23.84
38.63,-74.61,23.88
38.63,-74.59,23.92
38.63,-74.57,23.93
38.63,-74.55,23.93
38.63,-74.53,23.93
38.63,-74.51,23.92
38.63,-74.49,23.91
38.63,-74.47,23.9
38.63,-74.45,23.93
38.63,-74.43,23.94
38.63,-74.41,23.94
38.63,-74.39,23.92
38.63,-74.37,23.91
38.63,-74.35,23.88
38.63,-74.33,23.88
38.63,-74.31,23.92
38.63,-74.29,23.96
38.63,-74.27,23.98
38.63,-74.25,24.0
38.63,-74.23,24.02
38.63,-74.21,24.0
38.63,-74.19,23.97
38.63,-74.17,23.97
38.63,-74.15,23.96
38.63,-74.13,23.97
38.63,-74.11,23.96
38.63,-74.09,23.91
38.63,-74.07,23.89
38.63,-74.05,23.89
38.63,-74.03,23.86
38.63,-74.01,23.87
38.63,-73.99,23.89
38.63,-73.97,23.9
38.63,-73.95,23.91
38.63,-73.93,23.86
38.63,-73.91,23.81
38.63,-73.89,23.78
38.63,-73.87,23.79
38.63,-73.85,23.79
38.63,-73.83,23.82
38.63,-73.81,23.76
38.63,-73.79,23.71
38.63,-73.77,23.64
38.63,-73.75,23.56
38.63,-73.73,23.48
38.63,-73.71,23.49
38.63,-73.69,23.92
38.63,-73.67,24.32
38.63,-73.65,24.42
38.63,-73.63,24.4
38.63,-73.61,24.37
38.63,-73.59,24.29
38.63,-73.57,24.22
38.63,-73.55,24.21
38.63,-73.53,24.2
38.63,-73.51,24.19
38.63,-73.49,24.17
38.63,-73.47,24.24
38.63,-73.45,24.29
38.63,-73.43,24.35
38.63,-73.41,24.49
38.63,-73.39,24.64
38.63,-73.37,24.68
38.63,-73.35,24.68
38.63,-73.33,24.66
38.63,-73.31,24.86
38.63,-73.29,25.31
38.63,-73.27,25.36
38.63,-73.25,25.44
38.63,-73.23,25.46
38.63,-73.21,25.39
38.63,-73.19,25.38
38.63,-73.17,25.36
38.63,-73.15,25.35
38.63,-73.13,25.37
38.63,-73.11,25.38
38.63,-73.09,25.32
38.63,-73.07,25.11
38.63,-73.05,24.8
38.63,-73.03,24.63
38.63,-73.01,24.56
38.63,-72.99,24.49
38.63,-72.97,24.5
38.63,-72.93,24.66
38.63,-72.91,24.69
38.63,-72.89,24.73
38.63,-72.87,24.77
38.63,-72.85,24.8
38.63,-72.83,24.83
38.63,-72.81,24.81
38.63,-72.61,25.14
38.61,-76.51,26.27
38.61,-76.49,26.39
38.61,-76.47,26.47
38.61,-76.45,26.39
38.61,-76.43,26.18
38.61,-76.41,25.99
38.61,-76.39,25.63
38.61,-76.37,25.58
38.61,-76.35,25.68
38.61,-76.33,25.69
38.61,-76.31,25.46
38.61,-76.29,25.39
38.61,-76.15,26.45
38.61,-76.13,26.32
38.61,-76.11,26.36
38.61,-76.09,26.49
38.61,-75.97,26.57
38.61,-75.13,23.99
38.61,-75.11,24.02
38.61,-75.09,24.08
38.61,-75.05,23.92
38.61,-75.03,23.74
38.61,-75.01,23.57
38.61,-74.99,23.46
38.61,-74.97,23.35
38.61,-74.95,23.36
38.61,-74.93,23.33
38.61,-74.91,23.27
38.61,-74.89,23.17
38.61,-74.87,23.16
38.61,-74.85,23.27
38.61,-74.83,23.42
38.61,-74.81,23.48
38.61,-74.79,23.54
38.61,-74.77,23.56
38.61,-74.75,23.61
38.61,-74.73,23.62
38.61,-74.71,23.6
38.61,-74.69,23.6
38.61,-74.67,23.63
38.61,-74.65,23.74
38.61,-74.63,23.78
38.61,-74.61,23.88
38.61,-74.59,23.87
38.61,-74.57,23.9
38.61,-74.55,23.92
38.61,-74.53,23.92
38.61,-74.51,23.93
38.61,-74.49,23.89
38.61,-74.47,23.89
38.61,-74.45,23.9
38.61,-74.43,23.93
38.61,-74.41,23.92
38.61,-74.39,23.92
38.61,-74.37,23.93
38.61,-74.35,23.94
38.61,-74.33,23.94
38.61,-74.31,23.98
38.61,-74.29,24.04
38.61,-74.27,24.05
38.61,-74.25,24.05
38.61,-74.23,24.06
38.61,-74.21,24.07
38.61,-74.19,24.05
38.61,-74.17,24.04
38.61,-74.15,24.04
38.61,-74.13,24.04
38.61,-74.11,24.01
38.61,-74.09,23.95
38.61,-74.07,23.9
38.61,-74.05,23.9
38.61,-74.03,23.93
38.61,-74.01,23.94
38.61,-73.99,23.94
38.61,-73.97,23.93
38.61,-73.95,23.92
38.61,-73.93,23.86
38.61,-73.91,23.85
38.61,-73.89,23.8
38.61,-73.87,23.75
38.61,-73.85,23.75
38.61,-73.83,23.8
38.61,-73.81,23.79
38.61,-73.79,23.69
38.61,-73.77,23.62
38.61,-73.75,23.52
38.61,-73.73,23.47
38.61,-73.71,23.94
38.61,-73.69,24.35
38.61,-73.67,24.41
38.61,-73.65,24.44
38.61,-73.63,24.46
38.61,-73.61,24.38
38.61,-73.59,24.31
38.61,-73.57,24.24
38.61,-73.55,24.22
38.61,-73.53,24.24
38.61,-73.51,24.23
38.61,-73.49,24.25
38.61,-73.47,24.3
38.61,-73.45,24.34
38.61,-73.43,24.45
38.61,-73.41,24.54
38.61,-73.39,24.61
38.61,-73.37,24.67
38.61,-73.35,24.72
38.61,-73.33,24.96
38.61,-73.31,25.27
38.61,-73.29,25.29
38.61,-73.27,25.44
38.61,-73.25,25.48
38.61,-73.23,25.42
38.61,-73.21,25.29
38.61,-73.19,25.25
38.61,-73.17,25.23
38.61,-73.15,25.29
38.61,-73.13,25.31
38.61,-73.11,25.3
38.61,-73.09,25.23
38.61,-73.07,24.96
38.61,-73.05,24.9
38.61,-73.03,24.74
38.61,-73.01,24.52
38.61,-72.99,24.49
38.61,-72.97,24.51
38.61,-72.95,24.58
38.61,-72.93,24.59
38.61,-72.91,24.66
38.61,-72.89,24.74
38.61,-72.87,24.78
38.61,-72.85,24.78
38.61,-72.83,24.69
38.61,-72.81,24.65
38.61,-72.77,24.76
38.61,-72.75,24.84
38.61,-72.73,24.85
38.61,-72.61,25.21
38.59,-76.51,26.42
38.59,-76.49,26.46
38.59,-76.47,26.49
38.59,-76.45,26.45
38.59,-76.43,26.22
38.59,-76.41,25.54
38.59,-76.39,25.43
38.59,-76.37,25.54
38.59,-76.35,25.85
38.59,-76.33,25.8
38.59,-76.31,25.62
38.59,-76.29,25.48
38.59,-76.27,25.42
38.59,-76.11,26.37
38.59,-76.07,26.7
38.59,-76.05,26.21
38.59,-76.01,26.48
38.59,-75.99,26.51
38.59,-75.19,24.63
38.59,-75.17,23.99
38.59,-75.15,23.99
38.59,-75.11,24.01
38.59,-75.09,24.11
38.59,-75.05,24.05
38.59,-75.03,23.95
38.59,-75.01,23.41
38.59,-74.99,23.32
38.59,-74.97,23.31
38.59,-74.95,23.34
38.59,-74.93,23.31
38.59,-74.91,23.27
38.59,-74.89,23.25
38.59,-74.87,23.23
38.59,-74.85,23.14
38.59,-74.83,23.43
38.59,-74.81,23.47
38.59,-74.79,23.47
38.59,-74.77,23.63
38.59,-74.75,23.66
38.59,-74.73,23.67
38.59,-74.71,23.6
38.59,-74.69,23.63
38.59,-74.67,23.64
38.59,-74.65,23.7
38.59,-74.63,23.76
38.59,-74.61,23.83
38.59,-74.59,23.85
38.59,-74.57,23.89
38.59,-74.55,23.9
38.59,-74.53,23.92
38.59,-74.51,23.91
38.59,-74.49,23.87
38.59,-74.47,23.89
38.59,-74.45,23.89
38.59,-74.43,23.93
38.59,-74.41,23.92
38.59,-74.39,23.95
38.59,-74.37,23.94
38.59,-74.35,23.98
38.59,-74.33,23.97
38.59,-74.31,24.02
38.59,-74.29,24.06
38.59,-74.27,24.06
38.59,-74.25,24.08
38.59,-74.23,24.08
38.59,-74.21,24.1
38.59,-74.19,24.1
38.59,-74.17,24.09
38.59,-74.15,24.07
38.59,-74.13,24.06
38.59,-74.11,24.06
38.59,-74.09,24.02
38.59,-74.07,23.97
38.59,-74.05,24.01
38.59,-74.03,24.02
38.59,-74.01,24.0
38.59,-73.99,23.98
38.59,-73.97,23.96
38.59,-73.95,23.95
38.59,-73.93,23.89
38.59,-73.91,23.88
38.59,-73.89,23.79
38.59,-73.87,23.76
38.59,-73.85,23.78
38.59,-73.83,23.82
38.59,-73.81,23.79
38.59,-73.79,23.71
38.59,-73.77,23.56
38.59,-73.75,23.53
38.59,-73.73,23.56
38.59,-73.71,23.97
38.59,-73.69,24.42
38.59,-73.67,24.43
38.59,-73.65,24.45
38.59,-73.63,24.46
38.59,-73.61,24.44
38.59,-73.59,24.36
38.59,-73.57,24.32
38.59,-73.55,24.26
38.59,-73.53,24.27
38.59,-73.51,24.29
38.59,-73.49,24.32
38.59,-73.47,24.36
38.59,-73.45,24.41
38.59,-73.43,24.45
38.59,-73.41,24.5
38.59,-73.39,24.59
38.59,-73.37,24.66
38.59,-73.35,24.79
38.59,-73.33,25.15
38.59,-73.31,25.32
38.59,-73.29,25.44
38.59,-73.27,25.51
38.59,-73.25,25.48
38.59,-73.23,25.44
38.59,-73.21,25.27
38.59,-73.19,25.19
38.59,-73.17,25.11
38.59,-73.15,25.2
38.59,-73.13,25.24
38.59,-73.11,25.17
38.59,-73.09,25.01
38.59,-73.07,24.91
38.59,-73.05,24.86
38.59,-73.03,24.79
38.59,-73.01,24.71
38.59,-72.99,24.68
38.59,-72.97,24.77
38.59,-72.95,24.75
38.59,-72.93,24.73
38.59,-72.91,24.71
38.59,-72.89,24.72
38.59,-72.87,24.72
38.59,-72.85,24.7
38.59,-72.83,24.62
38.59,-72.81,24.58
38.59,-72.77,24.67
38.59,-72.75,24.68
38.59,-72.73,24.76
38.57,-77.23,26.69
38.57,-76.51,26.37
38.57,-76.49,26.43
38.57,-76.47,26.5
38.57,-76.45,26.51
38.57,-76.43,26.18
38.57,-76.41,26.05
38.57,-76.39,25.43
38.57,-76.37,25.9
38.57,-76.35,25.9
38.57,-76.33,25.84
38.57,-76.31,25.51
38.57,-76.21,25.92
38.57,-76.05,26.23
38.57,-76.03,26.35
38.57,-75.05,24.08
38.57,-75.03,23.88
38.57,-75.01,23.31
38.57,-74.99,23.24
38.57,-74.97,23.28
38.57,-74.95,23.31
38.57,-74.93,23.32
38.57,-74.91,23.28
38.57,-74.89,23.23
38.57,-74.87,23.2
38.57,-74.85,23.11
38.57,-74.83,23.33
38.57,-74.81,23.42
38.57,-74.79,23.56
38.57,-74.77,23.62
38.57,-74.75,23.63
38.57,-74.73,23.64
38.57,-74.71,23.61
38.57,-74.69,23.64
38.57,-74.67,23.72
38.57,-74.65,23.72
38.57,-74.63,23.72
38.57,-74.61,23.79
38.57,-74.59,23.84
38.57,-74.57,23.87
38.57,-74.55,23.9
38.57,-74.53,23.91
38.57,-74.51,23.91
38.57,-74.49,23.86
38.57,-74.47,23.9
38.57,-74.45,23.9
38.57,-74.43,23.94
38.57,-74.41,23.95
38.57,-74.39,23.98
38.57,-74.37,23.99
38.57,-74.35,23.99
38.57,-74.33,24.01
38.57,-74.31,24.05
38.57,-74.29,24.07
38.57,-74.27,24.1
38.57,-74.25,24.11
38.57,-74.23,24.09
38.57,-74.21,24.1
38.57,-74.19,24.11
38.57,-74.17,24.06
38.57,-74.15,24.08
38.57,-74.13,24.1
38.57,-74.11,24.09
38.57,-74.09,24.05
38.57,-74.07,24.05
38.57,-74.05,24.1
38.57,-74.03,24.08
38.57,-74.01,24.02
38.57,-73.99,23.99
38.57,-73.97,23.98
38.57,-73.95,23.96
38.57,-73.93,23.93
38.57,-73.91,23.89
38.57,-73.89,23.8
38.57,-73.87,23.79
38.57,-73.85,23.84
38.57,-73.83,23.83
38.57,-73.81,23.77
38.57,-73.79,23.73
38.57,-73.77,23.64
38.57,-73.75,23.56
38.57,-73.73,23.54
38.57,-73.71,23.97
38.57,-73.69,24.39
38.57,-73.67,24.42
38.57,-73.65,24.45
38.57,-73.63,24.47
38.57,-73.61,24.46
38.57,-73.59,24.43
38.57,-73.57,24.39
38.57,-73.55,24.38
38.57,-73.53,24.37
38.57,-73.51,24.35
38.57,-73.49,24.35
38.57,-73.47,24.37
38.57,-73.45,24.43
38.57,-73.43,24.47
38.57,-73.41,24.57
38.57,-73.39,24.63
38.57,-73.37,24.64
38.57,-73.35,24.67
38.57,-73.33,25.19
38.57,-73.31,25.38
38.57,-73.29,25.48
38.57,-73.27,25.52
38.57,-73.25,25.53
38.57,-73.23,25.47
38.57,-73.21,25.29
38.57,-73.19,25.19
38.57,-73.17,25.11
38.57,-73.15,25.11
38.57,-73.13,25.11
38.57,-73.11,25.06
38.57,-73.09,24.96
38.57,-73.07,24.86
38.57,-73.05,24.83
38.57,-73.03,24.91
38.57,-73.01,24.98
38.57,-72.99,25.03
38.57,-72.97,25.07
38.57,-72.95,25.11
38.57,-72.93,25.13
38.57,-72.91,24.96
38.57,-72.89,24.82
38.57,-72.87,24.84
38.57,-72.85,24.73
38.57,-72.83,24.64
38.57,-72.81,24.59
38.57,-72.75,24.58
38.55,-77.27,26.76
38.55,-76.51,26.32
38.55,-76.49,26.37
38.55,-76.47,26.5
38.55,-76.45,26.51
38.55,-76.43,26.21
38.55,-76.41,26.03
38.55,-76.39,25.9
38.55,-76.37,25.84
38.55,-76.35,25.77
38.55,-76.33,25.7
38.55,-76.31,25.71
38.55,-76.29,25.75
38.55,-76.23,25.77
38.55,-75.05,24.12
38.55,-75.03,23.85
38.55,-75.01,23.38
38.55,-74.99,23.25
38.55,-74.97,23.34
38.55,-74.95,23.33
38.55,-74.93,23.32
38.55,-74.91,23.27
38.55,-74.89,23.23
38.55,-74.87,23.17
38.55,-74.85,23.05
38.55,-74.83,23.22
38.55,-74.81,23.47
38.55,-74.79,23.56
38.55,-74.77,23.59
38.55,-74.75,23.62
38.55,-74.73,23.61
38.55,-74.71,23.62
38.55,-74.69,23.64
38.55,-74.67,23.68
38.55,-74.65,23.68
38.55,-74.63,23.69
38.55,-74.61,23.75
38.55,-74.59,23.83
38.55,-74.57,23.83
38.55,-74.55,23.88
38.55,-74.53,23.9
38.55,-74.51,23.88
38.55,-74.49,23.92
38.55,-74.47,23.95
38.55,-74.45,23.94
38.55,-74.43,23.93
38.55,-74.41,23.96
38.55,-74.39,23.99
38.55,-74.37,24.0
38.55,-74.35,24.01
38.55,-74.33,24.04
38.55,-74.31,24.09
38.55,-74.29,24.11
38.55,-74.27,24.09
38.55,-74.25,24.07
38.55,-74.23,24.09
38.55,-74.21,24.09
38.55,-74.19,24.08
38.55,-74.17,24.04
38.55,-74.15,24.1
38.55,-74.13,24.12
38.55,-74.11,24.11
38.55,-74.09,24.09
38.55,-74.07,24.08
38.55,-74.05,24.11
38.55,-74.03,24.09
38.55,-74.01,24.06
38.55,-73.99,24.04
38.55,-73.97,24.01
38.55,-73.95,23.96
38.55,-73.93,23.94
38.55,-73.91,23.89
38.55,-73.89,23.84
38.55,-73.87,23.82
38.55,-73.85,23.83
38.55,-73.83,23.81
38.55,-73.81,23.82
38.55,-73.79,23.79
38.55,-73.77,23.64
38.55,-73.75,23.53
38.55,-73.73,23.53
38.55,-73.71,23.78
38.55,-73.69,24.25
38.55,-73.67,24.39
38.55,-73.65,24.32
38.55,-73.63,24.41
38.55,-73.61,24.46
38.55,-73.59,24.46
38.55,-73.57,24.44
38.55,-73.55,24.42
38.55,-73.53,24.39
38.55,-73.51,24.41
38.55,-73.49,24.44
38.55,-73.47,24.44
38.55,-73.45,24.45
38.55,-73.43,24.5
38.55,-73.41,24.59
38.55,-73.39,24.63
38.55,-73.37,24.68
38.55,-73.35,24.92
38.55,-73.33,25.23
38.55,-73.31,25.31
38.55,-73.29,25.37
38.55,-73.27,25.47
38.55,-73.25,25.54
38.55,-73.23,25.52
38.55,-73.21,25.47
38.55,-73.19,25.25
38.55,-73.17,25.14
38.55,-73.15,25.05
38.55,-73.13,25.07
38.55,-73.11,25.02
38.55,-73.09,24.98
38.55,-73.07,24.93
38.55,-73.05,24.91
38.55,-73.03,25.05
38.55,-73.01,25.1
38.55,-72.99,25.14
38.55,-72.97,25.25
38.55,-72.95,25.4
38.55,-72.93,25.51
38.55,-72.91,25.38
38.55,-72.89,25.14
38.55,-72.87,25.04
38.55,-72.85,24.93
38.55,-72.83,24.78
38.55,-72.81,24.73
38.55,-72.57,25.33
38.53,-77.29,26.91
38.53,-77.27,26.81
38.53,-77.25,26.8
38.53,-76.51,26.28
38.53,-76.49,26.33
38.53,-76.47,26.46
38.53,-76.45,26.42
38.53,-76.43,26.26
38.53,-76.41,26.02
38.53,-76.39,25.89
38.53,-76.37,25.67
38.53,-76.35,25.74
38.53,-76.33,25.85
38.53,-76.31,25.82
38.53,-76.29,25.75
38.53,-76.27,25.78
38.53,-76.25,25.79
38.53,-76.23,25.78
38.53,-75.05,24.15
38.53,-75.03,24.1
38.53,-75.01,23.78
38.53,-74.99,23.27
38.53,-74.97,23.29
38.53,-74.95,23.35
38.53,-74.93,23.31
38.53,-74.91,23.24
38.53,-74.89,23.19
38.53,-74.87,23.1
38.53,-74.85,22.99
38.53,-74.83,23.21
38.53,-74.81,23.39
38.53,-74.79,23.45
38.53,-74.77,23.51
38.53,-74.75,23.59
38.53,-74.73,23.59
38.53,-74.71,23.59
38.53,-74.69,23.6
38.53,-74.67,23.64
38.53,-74.65,23.67
38.53,-74.63,23.67
38.53,-74.61,23.72
38.53,-74.59,23.79
38.53,-74.57,23.8
38.53,-74.55,23.82
38.53,-74.53,23.85
38.53,-74.51,23.87
38.53,-74.49,23.99
38.53,-74.47,24.0
38.53,-74.45,23.96
38.53,-74.43,23.94
38.53,-74.41,23.97
38.53,-74.39,23.96
38.53,-74.37,23.98
38.53,-74.35,24.04
38.53,-74.33,24.06
38.53,-74.31,24.1
38.53,-74.29,24.08
38.53,-74.27,24.05
38.53,-74.25,24.05
38.53,-74.23,24.07
38.53,-74.21,24.08
38.53,-74.19,24.04
38.53,-74.17,24.05
38.53,-74.15,24.1
38.53,-74.13,24.13
38.53,-74.11,24.11
38.53,-74.09,24.1
38.53,-74.07,24.08
38.53,-74.05,24.11
38.53,-74.03,24.08
38.53,-74.01,24.07
38.53,-73.99,24.08
38.53,-73.97,24.04
38.53,-73.95,23.98
38.53,-73.93,23.92
38.53,-73.91,23.91
38.53,-73.89,23.84
38.53,-73.87,23.82
38.53,-73.85,23.81
38.53,-73.83,23.82
38.53,-73.81,23.84
38.53,-73.79,23.77
38.53,-73.77,23.65
38.53,-73.75,23.53
38.53,-73.73,23.54
38.53,-73.71,23.73
38.53,-73.69,24.26
38.53,-73.67,24.31
38.53,-73.65,24.21
38.53,-73.63,24.33
38.53,-73.61,24.41
38.53,-73.59,24.45
38.53,-73.57,24.46
38.53,-73.55,24.46
38.53,-73.53,24.45
38.53,-73.51,24.44
38.53,-73.49,24.45
38.53,-73.47,24.46
38.53,-73.45,24.5
38.53,-73.43,24.59
38.53,-73.41,24.65
38.53,-73.39,24.69
38.53,-73.37,24.77
38.53,-73.35,25.05
38.53,-73.33,25.24
38.53,-73.31,25.14
38.53,-73.29,25.28
38.53,-73.27,25.44
38.53,-73.25,25.52
38.53,-73.23,25.56
38.53,-73.21,25.47
38.53,-73.19,25.37
38.53,-73.17,25.32
38.53,-73.15,25.15
38.53,-73.13,25.07
38.53,-73.11,25.0
38.53,-73.09,25.02
38.53,-73.07,25.02
38.53,-73.05,25.0
38.53,-73.03,25.16
38.53,-73.01,25.17
38.53,-72.99,25.22
38.53,-72.97,25.44
38.53,-72.95,25.54
38.53,-72.93,25.53
38.53,-72.91,25.46
38.53,-72.89,25.4
38.53,-72.87,25.35
38.53,-72.85,25.16
38.53,-72.83,24.97
38.53,-72.81,24.87
38.53,-72.79,24.87
38.51,-77.29,27.12
38.51,-77.27,27.12
38.51,-76.49,26.31
38.51,-76.47,26.42
38.51,-76.45,26.38
38.51,-76.43,26.31
38.51,-76.41,26.06
38.51,-76.39,25.81
38.51,-76.37,25.46
38.51,-76.35,25.47
38.51,-76.33,25.68
38.51,-76.31,25.74
38.51,-76.29,25.66
38.51,-76.27,25.6
38.51,-75.03,23.94
38.51,-75.01,23.85
38.51,-74.99,23.46
38.51,-74.97,23.36
38.51,-74.95,23.34
38.51,-74.93,23.32
38.51,-74.91,23.24
38.51,-74.89,23.11
38.51,-74.87,22.99
38.51,-74.85,23.07
38.51,-74.83,23.22
38.51,-74.81,23.21
38.51,-74.79,23.29
38.51,-74.77,23.5
38.51,-74.75,23.6
38.51,-74.73,23.57
38.51,-74.71,23.51
38.51,-74.69,23.57
38.51,-74.67,23.62
38.51,-74.65,23.66
38.51,-74.63,23.72
38.51,-74.61,23.75
38.51,-74.59,23.77
38.51,-74.57,23.77
38.51,-74.55,23.81
38.51,-74.53,23.81
38.51,-74.51,23.95
38.51,-74.49,24.03
38.51,-74.47,24.04
38.51,-74.45,23.98
38.51,-74.43,23.94
38.51,-74.41,23.95
38.51,-74.39,23.95
38.51,-74.37,23.97
38.51,-74.35,24.05
38.51,-74.33,24.07
38.51,-74.31,24.08
38.51,-74.29,24.03
38.51,-74.27,24.02
38.51,-74.25,24.02
38.51,-74.23,24.07
38.51,-74.21,24.08
38.51,-74.19,24.05
38.51,-74.17,24.03
38.51,-74.15,24.08
38.51,-74.13,24.13
38.51,-74.11,24.12
38.51,-74.09,24.1
38.51,-74.07,24.1
38.51,-74.05,24.12
38.51,-74.03,24.08
38.51,-74.01,24.07
38.51,-73.99,24.1
38.51,-73.97,24.07
38.51,-73.95,23.98
38.51,-73.93,23.95
38.51,-73.91,23.9
38.51,-73.89,23.82
38.51,-73.87,23.79
38.51,-73.85,23.79
38.51,-73.83,23.8
38.51,-73.81,23.79
38.51,-73.79,23.75
38.51,-73.77,23.62
38.51,-73.75,23.52
38.51,-73.73,23.52
38.51,-73.71,23.71
38.51,-73.69,24.02
38.51,-73.67,24.0
38.51,-73.65,24.1
38.51,-73.63,24.31
38.51,-73.61,24.38
38.51,-73.59,24.41
38.51,-73.57,24.42
38.51,-73.55,24.47
38.51,-73.53,24.47
38.51,-73.51,24.5
38.51,-73.49,24.49
38.51,-73.47,24.51
38.51,-73.45,24.57
38.51,-73.43,24.64
38.51,-73.41,24.7
38.51,-73.39,24.75
38.51,-73.37,24.82
38.51,-73.35,25.14
38.51,-73.33,25.2
38.51,-73.31,25.06
38.51,-73.29,25.18
38.51,-73.27,25.42
38.51,-73.25,25.46
38.51,-73.23,25.49
38.51,-73.21,25.52
38.51,-73.19,25.55
38.51,-73.17,25.43
38.51,-73.15,25.35
38.51,-73.13,25.18
38.51,-73.11,25.1
38.51,-73.09,25.13
38.51,-73.07,25.15
38.51,-73.05,25.21
38.51,-73.03,25.19
38.51,-73.01,25.27
38.51,-72.99,25.41
38.51,-72.97,25.52
38.51,-72.95,25.5
38.51,-72.93,25.39
38.51,-72.91,25.38
38.51,-72.89,25.44
38.51,-72.87,25.36
38.51,-72.85,25.2
38.51,-72.83,25.07
38.51,-72.81,25.06
38.51,-72.79,25.04
38.51,-72.55,25.49
38.51,-72.53,25.5
38.49,-77.31,26.82
38.49,-77.29,26.87
38.49,-76.49,26.32
38.49,-76.47,26.46
38.49,-76.45,26.52
38.49,-76.43,26.34
38.49,-76.41,26.23
38.49,-76.39,26.02
38.49,-76.37,25.35
38.49,-76.35,25.17
38.49,-75.03,23.79
38.49,-75.01,23.65
38.49,-74.99,23.47
38.49,-74.97,23.36
38.49,-74.95,23.3
38.49,-74.93,23.28
38.49,-74.91,23.21
38.49,-74.89,23.11
38.49,-74.87,23.01
38.49,-74.85,23.05
38.49,-74.83,23.11
38.49,-74.81,22.99
38.49,-74.79,23.1
38.49,-74.77,23.47
38.49,-74.75,23.59
38.49,-74.73,23.57
38.49,-74.71,23.53
38.49,-74.69,23.61
38.49,-74.67,23.62
38.49,-74.65,23.68
38.49,-74.63,23.75
38.49,-74.61,23.76
38.49,-74.59,23.77
38.49,-74.57,23.77
38.49,-74.55,23.83
38.49,-74.53,23.86
38.49,-74.51,23.97
38.49,-74.49,24.07
38.49,-74.47,24.05
38.49,-74.45,23.99
38.49,-74.43,23.96
38.49,-74.41,23.96
38.49,-74.39,23.92
38.49,-74.37,23.97
38.49,-74.35,24.06
38.49,-74.33,24.05
38.49,-74.31,24.02
38.49,-74.29,24.01
38.49,-74.27,24.01
38.49,-74.25,24.04
38.49,-74.23,24.06
38.49,-74.21,24.07
38.49,-74.19,24.03
38.49,-74.17,24.01
38.49,-74.15,24.06
38.49,-74.13,24.1
38.49,-74.11,24.09
38.49,-74.09,24.08
38.49,-74.07,24.1
38.49,-74.05,24.12
38.49,-74.03,24.1
38.49,-74.01,24.09
38.49,-73.99,24.09
38.49,-73.97,24.04
38.49,-73.95,24.01
38.49,-73.93,23.97
38.49,-73.91,23.89
38.49,-73.89,23.84
38.49,-73.87,23.78
38.49,-73.85,23.8
38.49,-73.83,23.81
38.49,-73.81,23.76
38.49,-73.79,23.66
38.49,-73.77,23.58
38.49,-73.75,23.54
38.49,-73.73,23.53
38.49,-73.71,23.78
38.49,-73.69,23.88
38.49,-73.67,23.71
38.49,-73.65,23.66
38.49,-73.63,23.89
38.49,-73.61,24.29
38.49,-73.59,24.41
38.49,-73.57,24.41
38.49,-73.55,24.45
38.49,-73.53,24.49
38.49,-73.51,24.53
38.49,-73.49,24.55
38.49,-73.47,24.59
38.49,-73.45,24.66
38.49,-73.43,24.72
38.49,-73.41,24.8
38.49,-73.39,24.85
38.49,-73.37,24.89
38.49,-73.35,25.02
38.49,-73.33,25.2
38.49,-73.31,25.12
38.49,-73.29,25.2
38.49,-73.27,25.3
38.49,-73.25,25.41
38.49,-73.23,25.45
38.49,-73.21,25.48
38.49,-73.19,25.51
38.49,-73.17,25.53
38.49,-73.15,25.39
38.49,-73.13,25.3
38.49,-73.11,25.27
38.49,-73.09,25.26
38.49,-73.07,25.21
38.49,-73.05,25.29
38.49,-73.03,25.37
38.49,-73.01,25.39
38.49,-72.99,25.39
38.49,-72.97,25.29
38.49,-72.95,25.23
38.49,-72.93,25.21
38.49,-72.91,25.25
38.49,-72.89,25.27
38.49,-72.87,25.24
38.49,-72.85,25.15
38.49,-72.83,25.17
38.49,-72.81,25.19
38.49,-72.73,25.34
38.49,-72.55,25.49
38.47,-77.31,26.86
38.47,-77.29,26.9
38.47,-76.47,26.59
38.47,-76.45,26.66
38.47,-76.43,26.44
38.47,-76.41,26.41
38.47,-76.39,26.31
38.47,-76.37,25.82
38.47,-76.35,25.12
38.47,-75.07,24.27
38.47,-75.03,23.68
38.47,-75.01,23.53
38.47,-74.99,23.44
38.47,-74.97,23.33
38.47,-74.95,23.26
38.47,-74.93,23.23
38.47,-74.91,23.17
38.47,-74.89,23.05
38.47,-74.87,23.06
38.47,-74.85,23.09
38.47,-74.83,22.96
38.47,-74.81,22.91
38.47,-74.79,23.1
38.47,-74.77,23.54
38.47,-74.75,23.63
38.47,-74.73,23.65
38.47,-74.71,23.58
38.47,-74.69,23.59
38.47,-74.67,23.68
38.47,-74.65,23.76
38.47,-74.63,23.77
38.47,-74.61,23.79
38.47,-74.59,23.82
38.47,-74.57,23.87
38.47,-74.55,23.88
38.47,-74.53,23.89
38.47,-74.51,23.94
38.47,-74.49,24.08
38.47,-74.47,24.08
38.47,-74.45,24.04
38.47,-74.43,24.02
38.47,-74.41,23.98
38.47,-74.39,23.96
38.47,-74.37,24.01
38.47,-74.35,24.02
38.47,-74.33,24.0
38.47,-74.31,23.99
38.47,-74.29,23.99
38.47,-74.27,24.02
38.47,-74.25,24.04
38.47,-74.23,24.03
38.47,-74.21,24.05
38.47,-74.19,24.02
38.47,-74.17,24.02
38.47,-74.15,24.08
38.47,-74.13,24.1
38.47,-74.11,24.07
38.47,-74.09,24.08
38.47,-74.07,24.11
38.47,-74.05,24.12
38.47,-74.03,24.11
38.47,-74.01,24.1
38.47,-73.99,24.09
38.47,-73.97,24.03
38.47,-73.95,24.0
38.47,-73.93,23.97
38.47,-73.91,23.89
38.47,-73.89,23.8
38.47,-73.87,23.75
38.47,-73.85,23.78
38.47,-73.83,23.81
38.47,-73.81,23.79
38.47,-73.79,23.64
38.47,-73.77,23.54
38.47,-73.75,23.55
38.47,-73.73,23.54
38.47,-73.71,23.57
38.47,-73.69,23.7
38.47,-73.67,23.55
38.47,-73.65,23.55
38.47,-73.63,23.51
38.47,-73.61,23.62
38.47,-73.59,24.1
38.47,-73.57,24.28
38.47,-73.55,24.42
38.47,-73.53,24.48
38.47,-73.51,24.52
38.47,-73.49,24.57
38.47,-73.47,24.61
38.47,-73.45,24.72
38.47,-73.43,24.79
38.47,-73.41,24.87
38.47,-73.39,24.88
38.47,-73.37,24.93
38.47,-73.35,25.03
38.47,-73.33,25.18
38.47,-73.31,25.14
38.47,-73.29,25.21
38.47,-73.27,25.34
38.47,-73.25,25.45
38.47,-73.23,25.42
38.47,-73.21,25.4
38.47,-73.19,25.4
38.47,-73.17,25.42
38.47,-73.15,25.39
38.47,-73.13,25.38
38.47,-73.11,25.37
38.47,-73.09,25.33
38.47,-73.07,25.3
38.47,-73.05,25.32
38.47,-73.03,25.34
38.47,-73.01,25.34
38.47,-72.99,25.28
38.47,-72.97,25.26
38.47,-72.95,25.22
38.47,-72.93,25.18
38.47,-72.91,25.17
38.47,-72.89,25.2
38.47,-72.87,25.19
38.47,-72.85,25.21
38.47,-72.83,25.23
38.45,-77.31,26.91
38.45,-77.29,27.03
38.45,-77.11,26.42
38.45,-76.45,27.24
38.45,-76.43,27.37
38.45,-76.41,27.35
38.45,-76.39,26.29
38.45,-76.37,26.23
38.45,-76.35,26.16
38.45,-76.33,25.67
38.45,-75.07,24.85
38.45,-75.03,23.65
38.45,-75.01,23.53
38.45,-74.99,23.44
38.45,-74.97,23.29
38.45,-74.95,23.23
38.45,-74.93,23.16
38.45,-74.91,23.08
38.45,-74.89,23.03
38.45,-74.87,23.09
38.45,-74.85,23.09
38.45,-74.83,22.95
38.45,-74.81,22.92
38.45,-74.79,23.14
38.45,-74.77,23.51
38.45,-74.75,23.67
38.45,-74.73,23.68
38.45,-74.71,23.62
38.45,-74.69,23.66
38.45,-74.67,23.76
38.45,-74.65,23.79
38.45,-74.63,23.85
38.45,-74.61,23.88
38.45,-74.59,23.94
38.45,-74.57,23.99
38.45,-74.55,23.95
38.45,-74.53,23.97
38.45,-74.51,24.04
38.45,-74.49,24.07
38.45,-74.47,24.05
38.45,-74.45,24.02
38.45,-74.43,24.01
38.45,-74.41,24.01
38.45,-74.39,24.0
38.45,-74.37,24.01
38.45,-74.35,24.0
38.45,-74.33,23.99
38.45,-74.31,23.96
38.45,-74.29,24.02
38.45,-74.27,24.02
38.45,-74.25,24.01
38.45,-74.23,23.99
38.45,-74.21,24.01
38.45,-74.19,24.0
38.45,-74.17,24.05
38.45,-74.15,24.1
38.45,-74.13,24.09
38.45,-74.11,24.1
38.45,-74.09,24.12
38.45,-74.07,24.14
38.45,-74.05,24.14
38.45,-74.03,24.1
38.45,-74.01,24.09
38.45,-73.99,24.07
38.45,-73.97,24.03
38.45,-73.95,24.02
38.45,-73.93,23.96
38.45,-73.91,23.91
38.45,-73.89,23.79
38.45,-73.87,23.74
38.45,-73.85,23.72
38.45,-73.83,23.76
38.45,-73.81,23.79
38.45,-73.79,23.69
38.45,-73.77,23.51
38.45,-73.75,23.51
38.45,-73.73,23.5
38.45,-73.71,23.46
38.45,-73.69,23.57
38.45,-73.67,23.68
38.45,-73.65,23.6
38.45,-73.63,23.45
38.45,-73.61,23.39
38.45,-73.59,23.66
38.45,-73.57,24.2
38.45,-73.55,24.37
38.45,-73.53,24.44
38.45,-73.51,24.46
38.45,-73.49,24.55
38.45,-73.47,24.64
38.45,-73.45,24.78
38.45,-73.43,24.85
38.45,-73.41,24.9
38.45,-73.39,24.93
38.45,-73.37,25.0
38.45,-73.35,25.07
38.45,-73.33,25.23
38.45,-73.31,25.18
38.45,-73.29,25.19
38.45,-73.27,25.39
38.45,-73.25,25.44
38.45,-73.23,25.45
38.45,-73.21,25.43
38.45,-73.19,25.41
38.45,-73.17,25.36
38.45,-73.15,25.29
38.45,-73.13,25.26
38.45,-73.11,25.25
38.45,-73.09,25.23
38.45,-73.07,25.22
38.45,-73.05,25.22
38.45,-73.03,25.21
38.45,-73.01,25.2
38.45,-72.99,25.2
38.45,-72.97,25.18
38.45,-72.95,25.19
38.45,-72.93,25.17
38.45,-72.91,25.13
38.45,-72.89,25.17
38.45,-72.87,25.15
38.45,-72.85,25.22
38.45,-72.83,25.28
38.45,-72.81,25.4
38.45,-72.67,25.36
38.45,-72.65,25.38
38.43,-77.31,26.55
38.43,-77.29,27.08
38.43,-76.41,27.22
38.43,-76.39,26.56
38.43,-76.37,26.41
38.43,-76.35,26.24
38.43,-76.33,26.06
38.43,-76.31,25.78
38.43,-75.09,24.61
38.43,-75.07,24.61
38.43,-75.05,23.84
38.43,-75.03,23.73
38.43,-75.01,23.54
38.43,-74.99,23.38
38.43,-74.97,23.3
38.43,-74.95,23.23
38.43,-74.93,23.16
38.43,-74.91,23.07
38.43,-74.89,23.03
38.43,-74.87,23.05
38.43,-74.85,23.03
38.43,-74.83,22.98
38.43,-74.81,23.02
38.43,-74.79,23.25
38.43,-74.77,23.51
38.43,-74.75,23.62
38.43,-74.73,23.66
38.43,-74.71,23.66
38.43,-74.69,23.72
38.43,-74.67,23.79
38.43,-74.65,23.85
38.43,-74.63,23.95
38.43,-74.61,24.03
38.43,-74.59,24.04
38.43,-74.57,24.01
38.43,-74.55,24.03
38.43,-74.53,24.06
38.43,-74.51,24.07
38.43,-74.49,24.07
38.43,-74.47,24.05
38.43,-74.45,24.05
38.43,-74.43,24.06
38.43,-74.41,24.03
38.43,-74.39,23.99
38.43,-74.37,23.99
38.43,-74.35,23.96
38.43,-74.33,23.98
38.43,-74.31,24.01
38.43,-74.29,24.02
38.43,-74.27,24.01
38.43,-74.25,23.99
38.43,-74.23,23.99
38.43,-74.21,24.0
38.43,-74.19,24.0
38.43,-74.17,24.04
38.43,-74.15,24.06
38.43,-74.13,24.1
38.43,-74.11,24.15
38.43,-74.09,24.18
38.43,-74.07,24.18
38.43,-74.05,24.14
38.43,-74.03,24.13
38.43,-74.01,24.12
38.43,-73.99,24.09
38.43,-73.97,24.07
38.43,-73.95,24.03
38.43,-73.93,23.95
38.43,-73.91,23.89
38.43,-73.89,23.78
38.43,-73.87,23.73
38.43,-73.85,23.72
38.43,-73.83,23.69
38.43,-73.81,23.7
38.43,-73.79,23.59
38.43,-73.77,23.48
38.43,-73.75,23.44
38.43,-73.73,23.42
38.43,-73.71,23.48
38.43,-73.69,23.49
38.43,-73.67,23.61
38.43,-73.65,23.64
38.43,-73.63,23.44
38.43,-73.61,23.4
38.43,-73.59,23.57
38.43,-73.57,23.93
38.43,-73.55,24.3
38.43,-73.53,24.45
38.43,-73.51,24.48
38.43,-73.49,24.54
38.43,-73.47,24.64
38.43,-73.45,24.8
38.43,-73.43,24.86
38.43,-73.41,24.94
38.43,-73.39,24.99
38.43,-73.37,25.05
38.43,-73.35,25.16
38.43,-73.33,25.37
38.43,-73.31,25.25
38.43,-73.29,25.23
38.43,-73.27,25.39
38.43,-73.25,25.41
38.43,-73.23,25.43
38.43,-73.21,25.41
38.43,-73.19,25.36
38.43,-73.17,25.34
38.43,-73.15,25.23
38.43,-73.13,25.17
38.43,-73.11,25.2
38.43,-73.09,25.14
38.43,-73.07,25.13
38.43,-73.05,25.13
38.43,-73.03,25.14
38.43,-73.01,25.08
38.43,-72.99,25.18
38.43,-72.97,25.21
38.43,-72.95,25.16
38.43,-72.93,25.14
38.43,-72.91,25.17
38.43,-72.89,25.16
38.43,-72.87,25.19
38.43,-72.85,25.23
38.43,-72.83,25.3
38.43,-72.73,25.36
38.43,-72.71,25.38
38.43,-72.67,25.35
38.43,-72.65,25.36
38.41,-77.31,26.81
38.41,-77.29,27.05
38.41,-77.27,27.1
38.41,-76.39,26.44
38.41,-76.37,26.42
38.41,-76.35,26.23
38.41,-76.33,26.1
38.41,-76.31,26.03
38.41,-76.29,25.64
38.41,-75.09,24.53
38.41,-75.05,23.84
38.41,-75.03,23.69
38.41,-75.01,23.64
38.41,-74.99,23.4
38.41,-74.97,23.34
38.41,-74.95,23.28
38.41,-74.93,23.22
38.41,-74.91,23.14
38.41,-74.89,23.15
38.41,-74.87,23.1
38.41,-74.85,23.0
38.41,-74.83,23.02
38.41,-74.81,23.18
38.41,-74.79,23.39
38.41,-74.77,23.51
38.41,-74.75,23.59
38.41,-74.73,23.64
38.41,-74.71,23.65
38.41,-74.69,23.72
38.41,-74.67,23.87
38.41,-74.65,23.94
38.41,-74.63,24.02
38.41,-74.61,24.07
38.41,-74.59,24.09
38.41,-74.57,24.06
38.41,-74.55,24.05
38.41,-74.53,24.08
38.41,-74.51,24.08
38.41,-74.49,24.08
38.41,-74.47,24.09
38.41,-74.45,24.1
38.41,-74.43,24.07
38.41,-74.41,24.03
38.41,-74.39,23.99
38.41,-74.37,23.99
38.41,-74.35,23.98
38.41,-74.33,23.99
38.41,-74.31,24.01
38.41,-74.29,23.98
38.41,-74.27,23.99
38.41,-74.25,24.03
38.41,-74.23,24.04
38.41,-74.21,24.01
38.41,-74.19,24.0
38.41,-74.17,24.01
38.41,-74.15,24.09
38.41,-74.13,24.14
38.41,-74.11,24.16
38.41,-74.09,24.2
38.41,-74.07,24.18
38.41,-74.05,24.16
38.41,-74.03,24.15
38.41,-74.01,24.12
38.41,-73.99,24.1
38.41,-73.97,24.06
38.41,-73.95,24.0
38.41,-73.93,23.96
38.41,-73.91,23.89
38.41,-73.89,23.83
38.41,-73.87,23.8
38.41,-73.85,23.73
38.41,-73.83,23.7
38.41,-73.81,23.6
38.41,-73.79,23.51
38.41,-73.77,23.43
38.41,-73.75,23.39
38.41,-73.73,23.34
38.41,-73.71,23.36
38.41,-73.69,23.41
38.41,-73.67,23.58
38.41,-73.65,23.64
38.41,-73.63,23.5
38.41,-73.61,23.46
38.41,-73.59,23.66
38.41,-73.57,24.02
38.41,-73.55,24.2
38.41,-73.53,24.53
38.41,-73.51,24.54
38.41,-73.49,24.57
38.41,-73.47,24.65
38.41,-73.45,24.83
38.41,-73.43,24.92
38.41,-73.41,24.97
38.41,-73.39,25.03
38.41,-73.37,25.14
38.41,-73.35,25.24
38.41,-73.33,25.36
38.41,-73.31,25.34
38.41,-73.29,25.29
38.41,-73.27,25.43
38.41,-73.25,25.44
38.41,-73.23,25.36
38.41,-73.21,25.34
38.41,-73.19,25.32
38.41,-73.17,25.23
38.41,-73.15,25.2
38.41,-73.13,25.22
38.41,-73.11,25.18
38.41,-73.09,25.15
38.41,-73.07,25.11
38.41,-73.05,25.12
38.41,-73.03,25.13
38.41,-73.01,25.1
38.41,-72.99,25.16
38.41,-72.97,25.23
38.41,-72.95,25.2
38.41,-72.93,25.17
38.41,-72.91,25.15
38.41,-72.89,25.13
38.41,-72.87,25.16
38.41,-72.85,25.27
38.41,-72.83,25.33
38.41,-72.77,25.46
38.41,-72.75,25.4
38.41,-72.73,25.33
38.41,-72.65,25.33
38.41,-72.63,25.33
38.39,-77.31,26.77
38.39,-77.29,27.07
38.39,-77.27,27.14
38.39,-76.37,26.51
38.39,-76.35,26.35
38.39,-76.33,26.21
38.39,-76.31,26.01
38.39,-76.29,25.59
38.39,-76.23,25.63
38.39,-75.09,24.3
38.39,-75.05,23.88
38.39,-75.03,23.75
38.39,-75.01,23.65
38.39,-74.99,23.41
38.39,-74.97,23.37
38.39,-74.95,23.36
38.39,-74.93,23.32
38.39,-74.91,23.32
38.39,-74.89,23.29
38.39,-74.87,23.15
38.39,-74.85,23.13
38.39,-74.83,23.25
38.39,-74.81,23.41
38.39,-74.79,23.46
38.39,-74.77,23.5
38.39,-74.75,23.55
38.39,-74.73,23.61
38.39,-74.71,23.67
38.39,-74.69,23.75
38.39,-74.67,23.92
38.39,-74.65,23.98
38.39,-74.63,24.04
38.39,-74.61,24.06
38.39,-74.59,24.09
38.39,-74.57,24.07
38.39,-74.55,24.1
38.39,-74.53,24.09
38.39,-74.51,24.09
38.39,-74.49,24.08
38.39,-74.47,24.1
38.39,-74.45,24.1
38.39,-74.43,24.05
38.39,-74.41,24.03
38.39,-74.39,24.02
38.39,-74.37,24.02
38.39,-74.35,24.03
38.39,-74.33,24.02
38.39,-74.31,23.99
38.39,-74.29,23.97
38.39,-74.27,24.01
38.39,-74.25,24.05
38.39,-74.23,24.05
38.39,-74.21,24.01
38.39,-74.19,24.0
38.39,-74.17,24.01
38.39,-74.15,24.11
38.39,-74.13,24.16
38.39,-74.11,24.17
38.39,-74.09,24.18
38.39,-74.07,24.17
38.39,-74.05,24.16
38.39,-74.03,24.16
38.39,-74.01,24.14
38.39,-73.99,24.1
38.39,-73.97,24.06
38.39,-73.95,24.01
38.39,-73.93,23.97
38.39,-73.91,23.88
38.39,-73.89,23.84
38.39,-73.87,23.82
38.39,-73.85,23.77
38.39,-73.83,23.72
38.39,-73.81,23.71
38.39,-73.79,23.75
38.39,-73.77,23.68
38.39,-73.75,23.45
38.39,-73.73,23.37
38.39,-73.71,23.33
38.39,-73.69,23.26
38.39,-73.67,23.42
38.39,-73.65,23.52
38.39,-73.63,23.55
38.39,-73.61,23.59
38.39,-73.59,23.7
38.39,-73.57,23.86
38.39,-73.55,24.27
38.39,-73.53,24.55
38.39,-73.51,24.6
38.39,-73.49,24.59
38.39,-73.47,24.69
38.39,-73.45,24.88
38.39,-73.43,24.98
38.39,-73.41,25.08
38.39,-73.39,25.17
38.39,-73.37,25.24
38.39,-73.35,25.25
38.39,-73.33,25.44
38.39,-73.31,25.41
38.39,-73.29,25.34
38.39,-73.27,25.41
38.39,-73.25,25.33
38.39,-73.23,25.29
38.39,-73.21,25.26
38.39,-73.19,25.25
38.39,-73.17,25.22
38.39,-73.15,25.25
38.39,-73.13,25.26
38.39,-73.11,25.22
38.39,-73.09,25.11
38.39,-73.07,25.11
38.39,-73.05,25.15
38.39,-73.03,25.18
38.39,-73.01,25.14
38.39,-72.99,25.27
38.39,-72.97,25.24
38.39,-72.95,25.24
38.39,-72.93,25.23
38.39,-72.91,25.19
38.39,-72.89,25.19
38.39,-72.87,25.28
38.39,-72.85,25.29
38.39,-72.77,25.52
38.39,-72.75,25.53
38.39,-72.69,25.49
38.39,-72.67,25.5
38.39,-72.65,25.47
38.37,-77.29,27.1
38.37,-77.27,27.15
38.37,-77.25,27.13
38.37,-77.23,27.17
38.37,-76.39,26.43
38.37,-76.37,26.49
38.37,-76.35,26.5
38.37,-76.33,26.14
38.37,-76.31,25.98
38.37,-76.29,25.82
38.37,-76.27,25.85
38.37,-76.23,25.56
38.37,-75.11,24.22
38.37,-75.09,24.18
38.37,-75.05,23.87
38.37,-75.03,23.78
38.37,-75.01,23.64
38.37,-74.99,23.48
38.37,-74.97,23.36
38.37,-74.95,23.41
38.37,-74.93,23.43
38.37,-74.91,23.45
38.37,-74.89,23.4
38.37,-74.87,23.36
38.37,-74.85,23.4
38.37,-74.83,23.51
38.37,-74.81,23.51
38.37,-74.79,23.48
38.37,-74.77,23.48
38.37,-74.75,23.61
38.37,-74.73,23.64
38.37,-74.71,23.72
38.37,-74.69,23.84
38.37,-74.67,23.94
38.37,-74.65,23.99
38.37,-74.63,24.04
38.37,-74.61,24.05
38.37,-74.59,24.06
38.37,-74.57,24.07
38.37,-74.55,24.08
38.37,-74.53,24.08
38.37,-74.51,24.11
38.37,-74.49,24.11
38.37,-74.47,24.1
38.37,-74.45,24.06
38.37,-74.43,24.05
38.37,-74.41,24.06
38.37,-74.39,24.05
38.37,-74.37,24.04
38.37,-74.35,24.03
38.37,-74.33,24.02
38.37,-74.31,23.99
38.37,-74.29,24.01
38.37,-74.27,24.02
38.37,-74.25,24.03
38.37,-74.23,24.04
38.37,-74.21,24.04
38.37,-74.19,24.02
38.37,-74.17,24.02
38.37,-74.15,24.09
38.37,-74.13,24.11
38.37,-74.11,24.13
38.37,-74.09,24.2
38.37,-74.07,24.18
38.37,-74.05,24.18
38.37,-74.03,24.14
38.37,-74.01,24.14
38.37,-73.99,24.09
38.37,-73.97,24.03
38.37,-73.95,24.01
38.37,-73.93,23.95
38.37,-73.91,23.84
38.37,-73.89,23.79
38.37,-73.87,23.78
38.37,-73.85,23.75
38.37,-73.83,23.76
38.37,-73.81,23.82
38.37,-73.79,23.89
38.37,-73.77,23.83
38.37,-73.75,23.75
38.37,-73.73,23.75
38.37,-73.71,23.74
38.37,-73.69,23.66
38.37,-73.67,23.6
38.37,-73.65,23.6
38.37,-73.63,23.62
38.37,-73.61,23.67
38.37,-73.59,23.75
38.37,-73.57,23.93
38.37,-73.55,24.34
38.37,-73.53,24.59
38.37,-73.51,24.57
38.37,-73.49,24.6
38.37,-73.47,24.82
38.37,-73.45,24.93
38.37,-73.43,25.05
38.37,-73.41,25.14
38.37,-73.39,25.26
38.37,-73.37,25.3
38.37,-73.35,25.37
38.37,-73.33,25.43
38.37,-73.31,25.42
38.37,-73.29,25.42
38.37,-73.27,25.38
38.37,-73.25,25.32
38.37,-73.23,25.27
38.37,-73.21,25.28
38.37,-73.19,25.25
38.37,-73.17,25.26
38.37,-73.15,25.26
38.37,-73.13,25.28
38.37,-73.11,25.28
38.37,-73.09,25.23
38.37,-73.07,25.2
38.37,-73.05,25.17
38.37,-73.03,25.21
38.37,-73.01,25.25
38.37,-72.99,25.31
38.37,-72.97,25.32
38.37,-72.95,25.31
38.37,-72.93,25.26
38.37,-72.91,25.22
38.37,-72.89,25.26
38.37,-72.87,25.31
38.37,-72.81,25.4
38.37,-72.79,25.54
38.37,-72.77,25.55
38.37,-72.75,25.53
38.37,-72.73,25.51
38.37,-72.67,25.48
38.37,-72.65,25.47
38.35,-77.25,27.12
38.35,-77.23,27.15
38.35,-77.21,27.12
38.35,-76.39,26.42
38.35,-76.37,26.41
38.35,-76.35,26.36
38.35,-76.33,26.21
38.35,-76.31,26.1
38.35,-76.29,26.0
38.35,-76.27,25.71
38.35,-76.25,25.45
38.35,-76.21,25.21
38.35,-76.19,25.25
38.35,-76.01,25.91
38.35,-75.99,25.88
38.35,-75.97,25.83
38.35,-75.89,26.65
38.35,-75.09,24.14
38.35,-75.07,23.86
38.35,-75.05,23.84
38.35,-75.03,23.75
38.35,-75.01,23.63
38.35,-74.99,23.51
38.35,-74.97,23.44
38.35,-74.95,23.45
38.35,-74.93,23.46
38.35,-74.91,23.46
38.35,-74.89,23.48
38.35,-74.87,23.55
38.35,-74.85,23.57
38.35,-74.83,23.6
38.35,-74.81,23.55
38.35,-74.79,23.52
38.35,-74.77,23.57
38.35,-74.75,23.67
38.35,-74.73,23.7
38.35,-74.71,23.82
38.35,-74.69,23.89
38.35,-74.67,23.94
38.35,-74.65,23.95
38.35,-74.63,23.98
38.35,-74.61,23.99
38.35,-74.59,23.98
38.35,-74.57,24.01
38.35,-74.55,24.03
38.35,-74.53,24.08
38.35,-74.51,24.11
38.35,-74.49,24.09
38.35,-74.47,24.06
38.35,-74.45,24.06
38.35,-74.43,24.08
38.35,-74.41,24.08
38.35,-74.39,24.04
38.35,-74.37,24.05
38.35,-74.35,24.05
38.35,-74.33,24.01
38.35,-74.31,23.99
38.35,-74.29,24.01
38.35,-74.27,24.02
38.35,-74.25,24.05
38.35,-74.23,24.08
38.35,-74.21,24.08
38.35,-74.19,24.02
38.35,-74.17,24.0
38.35,-74.15,24.04
38.35,-74.13,24.07
38.35,-74.11,24.13
38.35,-74.09,24.18
38.35,-74.07,24.16
38.35,-74.05,24.16
38.35,-74.03,24.15
38.35,-74.01,24.14
38.35,-73.99,24.07
38.35,-73.97,23.98
38.35,-73.95,23.97
38.35,-73.93,23.92
38.35,-73.91,23.82
38.35,-73.89,23.77
38.35,-73.87,23.75
38.35,-73.85,23.72
38.35,-73.83,23.75
38.35,-73.81,23.85
38.35,-73.79,23.9
38.35,-73.77,23.9
38.35,-73.75,23.9
38.35,-73.73,23.91
38.35,-73.71,23.98
38.35,-73.69,23.92
38.35,-73.67,23.89
38.35,-73.65,23.89
38.35,-73.63,23.86
38.35,-73.61,23.86
38.35,-73.59,23.9
38.35,-73.57,23.98
38.35,-73.55,24.4
38.35,-73.53,24.61
38.35,-73.51,24.54
38.35,-73.49,24.64
38.35,-73.47,24.92
38.35,-73.45,25.02
38.35,-73.43,25.09
38.35,-73.41,25.19
38.35,-73.39,25.31
38.35,-73.37,25.4
38.35,-73.35,25.39
38.35,-73.33,25.45
38.35,-73.31,25.42
38.35,-73.29,25.39
38.35,-73.27,25.34
38.35,-73.25,25.32
38.35,-73.23,25.31
38.35,-73.21,25.29
38.35,-73.19,25.33
38.35,-73.17,25.38
38.35,-73.15,25.34
38.35,-73.13,25.35
38.35,-73.11,25.37
38.35,-73.09,25.34
38.35,-73.07,25.27
38.35,-73.05,25.19
38.35,-73.03,25.19
38.35,-73.01,25.4
38.35,-72.99,25.48
38.35,-72.97,25.46
38.35,-72.95,25.41
38.35,-72.93,25.31
38.35,-72.91,25.27
38.35,-72.89,25.27
38.35,-72.83,25.47
38.35,-72.81,25.49
38.35,-72.79,25.55
38.35,-72.77,25.57
38.35,-72.75,25.53
38.33,-76.41,26.46
38.33,-76.39,26.42
38.33,-76.37,26.39
38.33,-76.35,26.35
38.33,-76.33,26.31
38.33,-76.31,26.25
38.33,-76.29,26.06
38.33,-76.27,25.96
38.33,-76.25,25.43
38.33,-76.21,25.51
38.33,-76.19,25.28
38.33,-76.17,25.5
38.33,-75.99,25.29
38.33,-75.97,25.44
38.33,-75.91,26.58
38.33,-75.89,26.58
38.33,-75.07,23.9
38.33,-75.05,23.8
38.33,-75.03,23.63
38.33,-75.01,23.59
38.33,-74.99,23.49
38.33,-74.97,23.48
38.33,-74.95,23.49
38.33,-74.93,23.48
38.33,-74.91,23.54
38.33,-74.89,23.6
38.33,-74.87,23.65
38.33,-74.85,23.64
38.33,-74.83,23.64
38.33,-74.81,23.63
38.33,-74.79,23.68
38.33,-74.77,23.7
38.33,-74.75,23.72
38.33,-74.73,23.75
38.33,-74.71,23.86
38.33,-74.69,23.95
38.33,-74.67,23.98
38.33,-74.65,23.98
38.33,-74.63,23.98
38.33,-74.61,23.9
38.33,-74.59,23.88
38.33,-74.57,23.89
38.33,-74.55,23.92
38.33,-74.53,24.03
38.33,-74.51,24.1
38.33,-74.49,24.09
38.33,-74.47,24.08
38.33,-74.45,24.09
38.33,-74.43,24.12
38.33,-74.41,24.11
38.33,-74.39,24.09
38.33,-74.37,24.07
38.33,-74.35,24.06
38.33,-74.33,24.0
38.33,-74.31,24.0
38.33,-74.29,24.03
38.33,-74.27,24.05
38.33,-74.25,24.1
38.33,-74.23,24.08
38.33,-74.21,24.05
38.33,-74.19,24.02
38.33,-74.17,24.01
38.33,-74.15,24.03
38.33,-74.13,24.04
38.33,-74.11,24.1
38.33,-74.09,24.16
38.33,-74.07,24.15
38.33,-74.05,24.16
38.33,-74.03,24.15
38.33,-74.01,24.08
38.33,-73.99,24.02
38.33,-73.97,23.98
38.33,-73.95,23.93
38.33,-73.93,23.86
38.33,-73.91,23.8
38.33,-73.89,23.76
38.33,-73.87,23.71
38.33,-73.85,23.73
38.33,-73.83,23.84
38.33,-73.81,23.91
38.33,-73.79,23.98
38.33,-73.77,24.03
38.33,-73.75,24.01
38.33,-73.73,24.04
38.33,-73.71,24.08
38.33,-73.69,24.12
38.33,-73.67,24.09
38.33,-73.65,24.07
38.33,-73.63,24.05
38.33,-73.61,24.01
38.33,-73.59,24.05
38.33,-73.57,24.19
38.33,-73.55,24.64
38.33,-73.53,24.64
38.33,-73.51,24.6
38.33,-73.49,24.65
38.33,-73.47,25.0
38.33,-73.45,25.04
38.33,-73.43,25.07
38.33,-73.41,25.15
38.33,-73.39,25.31
38.33,-73.37,25.37
38.33,-73.35,25.4
38.33,-73.33,25.43
38.33,-73.31,25.37
38.33,-73.29,25.38
38.33,-73.27,25.41
38.33,-73.25,25.41
38.33,-73.23,25.31
38.33,-73.21,25.25
38.33,-73.19,25.38
38.33,-73.17,25.5
38.33,-73.15,25.55
38.33,-73.13,25.42
38.33,-73.11,25.4
38.33,-73.09,25.39
38.33,-73.07,25.31
38.33,-73.05,25.25
38.33,-73.03,25.41
38.33,-73.01,25.52
38.33,-72.99,25.58
38.33,-72.97,25.56
38.33,-72.95,25.53
38.33,-72.93,25.44
38.33,-72.91,25.39
38.33,-72.83,25.52
38.33,-72.77,25.61
38.33,-72.75,25.58
38.31,-76.47,26.66
38.31,-76.45,26.65
38.31,-76.43,26.64
38.31,-76.41,26.57
38.31,-76.39,26.51
38.31,-76.37,26.49
38.31,-76.35,26.44
38.31,-76.33,26.38
38.31,-76.31,26.32
38.31,-76.29,26.19
38.31,-76.27,26.1
38.31,-76.25,25.77
38.31,-76.23,25.34
38.31,-76.21,25.07
38.31,-76.19,25.42
38.31,-76.17,25.69
38.31,-76.15,25.76
38.31,-76.03,25.88
38.31,-75.93,26.47
38.31,-75.91,26.49
38.31,-75.11,24.0
38.31,-75.09,23.94
38.31,-75.07,23.89
38.31,-75.05,23.73
38.31,-75.03,23.56
38.31,-75.01,23.57
38.31,-74.99,23.53
38.31,-74.97,23.53
38.31,-74.95,23.53
38.31,-74.93,23.46
38.31,-74.91,23.49
38.31,-74.89,23.63
38.31,-74.87,23.67
38.31,-74.85,23.74
38.31,-74.83,23.75
38.31,-74.81,23.76
38.31,-74.79,23.78
38.31,-74.77,23.79
38.31,-74.75,23.8
38.31,-74.73,23.85
38.31,-74.71,23.87
38.31,-74.69,23.92
38.31,-74.67,23.95
38.31,-74.65,23.98
38.31,-74.63,23.97
38.31,-74.61,23.93
38.31,-74.59,23.94
38.31,-74.57,23.94
38.31,-74.55,23.96
38.31,-74.53,23.95
38.31,-74.51,23.97
38.31,-74.49,24.0
38.31,-74.47,24.07
38.31,-74.45,24.14
38.31,-74.43,24.13
38.31,-74.41,24.15
38.31,-74.39,24.15
38.31,-74.37,24.11
38.31,-74.35,24.06
38.31,-74.33,24.0
38.31,-74.31,24.03
38.31,-74.29,24.07
38.31,-74.27,24.09
38.31,-74.25,24.09
38.31,-74.23,24.08
38.31,-74.21,24.04
38.31,-74.19,24.04
38.31,-74.17,24.01
38.31,-74.15,24.01
38.31,-74.13,24.01
38.31,-74.11,24.08
38.31,-74.09,24.18
38.31,-74.07,24.16
38.31,-74.05,24.17
38.31,-74.03,24.14
38.31,-74.01,24.05
38.31,-73.99,23.99
38.31,-73.97,23.96
38.31,-73.95,23.95
38.31,-73.93,23.84
38.31,-73.91,23.76
38.31,-73.89,23.7
38.31,-73.87,23.69
38.31,-73.85,23.91
38.31,-73.83,23.93
38.31,-73.81,23.97
38.31,-73.79,24.03
38.31,-73.77,24.05
38.31,-73.75,24.07
38.31,-73.73,24.18
38.31,-73.71,24.2
38.31,-73.69,24.23
38.31,-73.67,24.29
38.31,-73.65,24.24
38.31,-73.63,24.18
38.31,-73.61,24.19
38.31,-73.59,24.25
38.31,-73.57,24.53
38.31,-73.55,24.56
38.31,-73.53,24.51
38.31,-73.51,24.6
38.31,-73.49,24.92
38.31,-73.47,25.04
38.31,-73.45,25.04
38.31,-73.43,25.09
38.31,-73.35,25.44
38.31,-73.33,25.45
38.31,-73.31,25.39
38.31,-73.27,25.36
38.31,-73.25,25.33
38.31,-73.23,25.39
38.31,-73.21,25.4
38.31,-73.19,25.62
38.31,-73.17,25.73
38.31,-73.15,25.7
38.31,-73.13,25.65
38.31,-73.11,25.59
38.31,-73.09,25.46
38.31,-73.07,25.4
38.31,-73.05,25.54
38.31,-73.03,25.61
38.31,-73.01,25.66
38.31,-72.99,25.68
38.31,-72.97,25.56
38.31,-72.95,25.53
38.31,-72.93,25.51
38.31,-72.91,25.52
38.31,-72.79,25.59
38.31,-72.77,25.56
38.31,-72.75,25.56
38.29,-76.37,26.42
38.29,-76.35,26.5
38.29,-76.33,26.49
38.29,-76.31,26.38
38.29,-76.29,26.27
38.29,-76.27,26.28
38.29,-76.25,26.2
38.29,-76.23,25.18
38.29,-76.21,25.21
38.29,-76.17,25.74
38.29,-76.15,25.74
38.29,-76.13,25.71
38.29,-76.03,25.68
38.29,-76.01,25.61
38.29,-75.93,25.95
38.29,-75.91,25.95
38.29,-75.09,23.97
38.29,-75.07,23.86
38.29,-75.05,23.66
38.29,-75.03,23.59
38.29,-75.01,23.56
38.29,-74.99,23.53
38.29,-74.97,23.5
38.29,-74.95,23.51
38.29,-74.93,23.52
38.29,-74.91,23.52
38.29,-74.89,23.63
38.29,-74.87,23.7
38.29,-74.85,23.8
38.29,-74.83,23.83
38.29,-74.81,23.86
38.29,-74.79,23.85
38.29,-74.77,23.86
38.29,-74.75,23.86
38.29,-74.73,23.91
38.29,-74.71,23.91
38.29,-74.69,23.93
38.29,-74.67,23.94
38.29,-74.65,23.97
38.29,-74.63,23.96
38.29,-74.61,23.96
38.29,-74.59,23.98
38.29,-74.57,23.99
38.29,-74.55,23.99
38.29,-74.53,24.0
38.29,-74.51,24.02
38.29,-74.49,24.05
38.29,-74.47,24.13
38.29,-74.45,24.15
38.29,-74.43,24.17
38.29,-74.41,24.21
38.29,-74.39,24.18
38.29,-74.37,24.13
38.29,-74.35,24.09
38.29,-74.33,24.03
38.29,-74.31,24.04
38.29,-74.29,24.06
38.29,-74.27,24.08
38.29,-74.25,24.11
38.29,-74.23,24.1
38.29,-74.21,24.05
38.29,-74.19,24.04
38.29,-74.17,24.02
38.29,-74.15,24.03
38.29,-74.13,24.02
38.29,-74.11,24.07
38.29,-74.09,24.15
38.29,-74.07,24.18
38.29,-74.05,24.17
38.29,-74.03,24.13
38.29,-74.01,24.04
38.29,-73.99,23.99
38.29,-73.97,23.96
38.29,-73.95,23.93
38.29,-73.93,23.83
38.29,-73.91,23.78
38.29,-73.89,23.75
38.29,-73.87,23.79
38.29,-73.85,23.9
38.29,-73.83,23.99
38.29,-73.81,24.02
38.29,-73.79,24.08
38.29,-73.77,24.12
38.29,-73.75,24.22
38.29,-73.73,24.27
38.29,-73.71,24.27
38.29,-73.69,24.28
38.29,-73.67,24.38
38.29,-73.65,24.4
38.29,-73.63,24.4
38.29,-73.61,24.42
38.29,-73.59,24.46
38.29,-73.57,24.59
38.29,-73.55,24.56
38.29,-73.53,24.51
38.29,-73.51,24.56
38.29,-73.49,24.92
38.29,-73.47,25.01
38.29,-73.31,25.5
38.29,-73.29,25.4
38.29,-73.27,25.32
38.29,-73.25,25.3
38.29,-73.23,25.36
38.29,-73.21,25.57
38.29,-73.19,25.69
38.29,-73.17,25.75
38.29,-73.15,25.76
38.29,-73.13,25.75
38.29,-73.11,25.69
38.29,-73.09,25.72
38.29,-73.07,25.72
38.29,-73.05,25.75
38.29,-73.03,25.78
38.29,-73.01,25.73
38.29,-72.99,25.64
38.29,-72.97,25.52
38.29,-72.95,25.53
38.29,-72.93,25.54
38.29,-72.91,25.54
38.29,-72.79,25.66
38.29,-72.77,25.73
38.29,-72.75,25.65
38.27,-76.39,26.39
38.27,-76.37,26.39
38.27,-76.35,26.47
38.27,-76.33,26.55
38.27,-76.31,26.38
38.27,-76.29,26.45
38.27,-76.27,26.48
38.27,-76.25,26.48
38.27,-76.23,25.77
38.27,-76.21,25.26
38.27,-76.17,25.81
38.27,-76.15,25.8
38.27,-76.13,25.96
38.27,-76.11,25.96
38.27,-76.09,25.89
38.27,-76.03,26.0
38.27,-76.01,26.01
38.27,-75.93,25.88
38.27,-75.13,24.27
38.27,-75.11,24.11
38.27,-75.09,24.14
38.27,-75.07,23.93
38.27,-75.05,23.72
38.27,-75.03,23.63
38.27,-75.01,23.48
38.27,-74.99,23.56
38.27,-74.97,23.56
38.27,-74.95,23.56
38.27,-74.93,23.56
38.27,-74.91,23.6
38.27,-74.89,23.64
38.27,-74.87,23.67
38.27,-74.85,23.75
38.27,-74.83,23.84
38.27,-74.81,23.91
38.27,-74.79,23.91
38.27,-74.77,23.93
38.27,-74.75,23.93
38.27,-74.73,23.96
38.27,-74.71,23.94
38.27,-74.69,23.92
38.27,-74.67,23.96
38.27,-74.65,23.98
38.27,-74.63,23.97
38.27,-74.61,24.03
38.27,-74.59,24.01
38.27,-74.57,24.02
38.27,-74.55,24.05
38.27,-74.53,24.05
38.27,-74.51,24.08
38.27,-74.49,24.16
38.27,-74.47,24.2
38.27,-74.45,24.21
38.27,-74.43,24.23
38.27,-74.41,24.27
38.27,-74.39,24.22
38.27,-74.37,24.14
38.27,-74.35,24.11
38.27,-74.33,24.03
38.27,-74.31,24.08
38.27,-74.29,24.06
38.27,-74.27,24.06
38.27,-74.25,24.1
38.27,-74.23,24.15
38.27,-74.21,24.13
38.27,-74.19,24.02
38.27,-74.17,24.05
38.27,-74.15,24.07
38.27,-74.13,24.08
38.27,-74.11,24.1
38.27,-74.09,24.12
38.27,-74.07,24.14
38.27,-74.05,24.17
38.27,-74.03,24.16
38.27,-74.01,24.04
38.27,-73.99,24.0
38.27,-73.97,23.95
38.27,-73.95,23.91
38.27,-73.93,23.89
38.27,-73.91,23.86
38.27,-73.89,23.87
38.27,-73.87,23.84
38.27,-73.85,23.89
38.27,-73.83,24.02
38.27,-73.81,24.11
38.27,-73.79,24.15
38.27,-73.77,24.26
38.27,-73.75,24.31
38.27,-73.73,24.33
38.27,-73.71,24.38
38.27,-73.69,24.42
38.27,-73.67,24.44
38.27,-73.65,24.5
38.27,-73.63,24.54
38.27,-73.61,24.52
38.27,-73.59,24.53
38.27,-73.57,24.55
38.27,-73.55,24.57
38.27,-73.53,24.6
38.27,-73.31,25.4
38.27,-73.29,25.35
38.27,-73.27,25.33
38.27,-73.25,25.38
38.27,-73.23,25.5
38.27,-73.21,25.65
38.27,-73.19,25.7
38.27,-73.17,25.73
38.27,-73.15,25.74
38.27,-73.13,25.75
38.27,-73.11,25.76
38.27,-73.09,25.75
38.27,-73.07,25.73
38.27,-73.05,25.73
38.27,-73.03,25.75
38.27,-73.01,25.67
38.27,-72.99,25.58
38.27,-72.97,25.58
38.27,-72.95,25.58
38.27,-72.93,25.57
38.27,-72.87,25.75
38.27,-72.85,25.7
38.27,-72.83,25.66
38.27,-72.81,25.69
38.27,-72.79,25.7
38.27,-72.77,25.72
38.27,-72.75,25.71
38.25,-76.73,26.67
38.25,-76.71,26.66
38.25,-76.69,26.65
38.25,-76.39,26.34
38.25,-76.37,26.36
38.25,-76.35,26.46
38.25,-76.33,26.55
38.25,-76.31,26.57
38.25,-76.29,26.62
38.25,-76.27,26.63
38.25,-76.25,26.59
38.25,-76.23,26.26
38.25,-76.21,25.66
38.25,-76.19,25.69
38.25,-76.13,25.93
38.25,-76.11,25.93
38.25,-76.09,25.95
38.25,-76.05,26.2
38.25,-76.03,26.19
38.25,-76.01,26.0
38.25,-75.99,25.9
38.25,-75.97,25.86
38.25,-75.93,25.96
38.25,-75.91,25.98
38.25,-75.15,24.55
38.25,-75.11,24.28
38.25,-75.09,24.2
38.25,-75.07,24.01
38.25,-75.05,23.89
38.25,-75.03,23.66
38.25,-75.01,23.53
38.25,-74.99,23.48
38.25,-74.97,23.59
38.25,-74.95,23.64
38.25,-74.93,23.66
38.25,-74.91,23.7
38.25,-74.89,23.69
38.25,-74.87,23.73
38.25,-74.85,23.77
38.25,-74.83,23.85
38.25,-74.81,23.88
38.25,-74.79,23.89
38.25,-74.77,23.92
38.25,-74.75,23.95
38.25,-74.73,23.95
38.25,-74.71,23.95
38.25,-74.69,23.93
38.25,-74.67,23.94
38.25,-74.65,23.99
38.25,-74.63,24.01
38.25,-74.61,24.05
38.25,-74.59,24.08
38.25,-74.57,24.11
38.25,-74.55,24.12
38.25,-74.53,24.13
38.25,-74.51,24.17
38.25,-74.49,24.21
38.25,-74.47,24.23
38.25,-74.45,24.23
38.25,-74.43,24.28
38.25,-74.41,24.3
38.25,-74.39,24.24
38.25,-74.37,24.18
38.25,-74.35,24.13
38.25,-74.33,24.04
38.25,-74.31,24.04
38.25,-74.29,24.06
38.25,-74.27,24.07
38.25,-74.25,24.09
38.25,-74.23,24.15
38.25,-74.21,24.16
38.25,-74.19,24.09
38.25,-74.17,24.1
38.25,-74.15,24.08
38.25,-74.13,24.1
38.25,-74.11,24.11
38.25,-74.09,24.11
38.25,-74.07,24.14
38.25,-74.05,24.15
38.25,-74.03,24.14
38.25,-74.01,24.06
38.25,-73.99,24.0
38.25,-73.97,23.97
38.25,-73.95,23.92
38.25,-73.93,23.93
38.25,-73.91,23.96
38.25,-73.89,23.95
38.25,-73.87,23.93
38.25,-73.85,23.99
38.25,-73.83,24.06
38.25,-73.81,24.18
38.25,-73.79,24.23
38.25,-73.77,24.32
38.25,-73.75,24.41
38.25,-73.73,24.45
38.25,-73.71,24.47
38.25,-73.69,24.52
38.25,-73.67,24.53
38.25,-73.65,24.58
38.25,-73.63,24.62
38.25,-73.61,24.61
38.25,-73.59,24.54
38.25,-73.57,24.56
38.25,-73.55,24.56
38.25,-73.29,25.37
38.25,-73.27,25.4
38.25,-73.25,25.52
38.25,-73.21,25.65
38.25,-73.19,25.69
38.25,-73.17,25.74
38.25,-73.15,25.78
38.25,-73.13,25.81
38.25,-73.11,25.82
38.25,-73.09,25.77
38.25,-73.07,25.75
38.25,-73.05,25.66
38.25,-73.03,25.6
38.25,-73.01,25.53
38.25,-72.99,25.58
38.25,-72.97,25.61
38.25,-72.95,25.61
38.25,-72.93,25.63
38.25,-72.87,25.7
38.25,-72.85,25.71
38.25,-72.83,25.76
38.25,-72.81,25.77
38.25,-72.79,25.72
38.23,-76.79,26.06
38.23,-76.73,26.59
38.23,-76.71,26.66
38.23,-76.69,26.65
38.23,-76.67,26.62
38.23,-76.37,26.42
38.23,-76.35,26.56
38.23,-76.33,26.59
38.23,-76.31,26.6
38.23,-76.29,26.69
38.23,-76.27,26.66
38.23,-76.25,26.55
38.23,-76.23,26.54
38.23,-76.21,26.55
38.23,-76.19,26.33
38.23,-76.17,25.76
38.23,-76.15,25.76
38.23,-76.13,26.11
38.23,-76.11,26.15
38.23,-76.09,26.11
38.23,-76.07,26.06
38.23,-76.03,25.64
38.23,-76.01,25.76
38.23,-75.99,25.8
38.23,-75.97,25.85
38.23,-75.95,25.82
38.23,-75.93,25.84
38.23,-75.91,26.03
38.23,-75.87,26.32
38.23,-75.23,24.9
38.23,-75.21,24.96
38.23,-75.17,24.61
38.23,-75.15,24.61
38.23,-75.13,24.36
38.23,-75.11,24.32
38.23,-75.09,24.1
38.23,-75.07,24.01
38.23,-75.05,23.86
38.23,-75.03,23.83
38.23,-75.01,23.6
38.23,-74.99,23.68
38.23,-74.97,23.64
38.23,-74.95,23.69
38.23,-74.93,23.74
38.23,-74.91,23.75
38.23,-74.89,23.78
38.23,-74.87,23.82
38.23,-74.85,23.86
38.23,-74.83,23.9
38.23,-74.81,23.92
38.23,-74.79,23.95
38.23,-74.77,23.97
38.23,-74.75,24.0
38.23,-74.73,23.97
38.23,-74.71,23.95
38.23,-74.69,23.96
38.23,-74.67,23.96
38.23,-74.65,23.97
38.23,-74.63,24.0
38.23,-74.61,24.07
38.23,-74.59,24.16
38.23,-74.57,24.19
38.23,-74.55,24.2
38.23,-74.53,24.18
38.23,-74.51,24.23
38.23,-74.49,24.23
38.23,-74.47,24.23
38.23,-74.45,24.27
38.23,-74.43,24.31
38.23,-74.41,24.28
38.23,-74.39,24.24
38.23,-74.37,24.19
38.23,-74.35,24.12
38.23,-74.33,24.06
38.23,-74.31,24.06
38.23,-74.29,24.06
38.23,-74.27,24.07
38.23,-74.25,24.12
38.23,-74.23,24.18
38.23,-74.21,24.18
38.23,-74.19,24.16
38.23,-74.17,24.17
38.23,-74.15,24.15
38.23,-74.13,24.11
38.23,-74.11,24.11
38.23,-74.09,24.1
38.23,-74.07,24.09
38.23,-74.05,24.11
38.23,-74.03,24.13
38.23,-74.01,24.13
38.23,-73.99,24.05
38.23,-73.97,23.99
38.23,-73.95,23.92
38.23,-73.93,23.94
38.23,-73.91,24.0
38.23,-73.89,23.99
38.23,-73.87,24.02
38.23,-73.85,24.05
38.23,-73.83,24.11
38.23,-73.81,24.2
38.23,-73.79,24.31
38.23,-73.77,24.37
38.23,-73.75,24.49
38.23,-73.73,24.55
38.23,-73.71,24.63
38.23,-73.69,24.62
38.23,-73.61,24.53
38.23,-73.59,24.52
38.23,-73.57,24.56
38.23,-73.55,24.54
38.23,-73.53,24.55
38.23,-73.51,24.59
38.23,-73.33,25.27
38.23,-73.31,25.34
38.23,-73.29,25.38
38.23,-73.27,25.52
38.23,-73.25,25.62
38.23,-73.21,25.72
38.23,-73.19,25.78
38.23,-73.17,25.81
38.23,-73.15,25.83
38.23,-73.13,25.83
38.23,-73.11,25.83
38.23,-73.09,25.81
38.23,-73.07,25.82
38.23,-73.05,25.63
38.23,-73.03,25.59
38.23,-73.01,25.53
38.23,-72.99,25.55
38.23,-72.97,25.58
38.23,-72.95,25.72
38.23,-72.93,25.72
38.23,-72.87,25.68
38.23,-72.85,25.71
38.23,-72.83,25.74
38.23,-72.81,25.75
38.23,-72.79,25.75
38.23,-72.77,25.68
38.23,-72.75,25.63
38.21,-76.81,26.37
38.21,-76.79,26.44
38.21,-76.77,26.45
38.21,-76.75,26.57
38.21,-76.73,26.82
38.21,-76.71,26.83
38.21,-76.69,26.78
38.21,-76.67,26.67
38.21,-76.65,26.62
38.21,-76.63,26.63
38.21,-76.61,26.62
38.21,-76.59,26.6
38.21,-76.37,26.48
38.21,-76.35,26.53
38.21,-76.33,26.59
38.21,-76.31,26.59
38.21,-76.29,26.63
38.21,-76.27,26.64
38.21,-76.25,26.62
38.21,-76.23,26.63
38.21,-76.21,26.64
38.21,-76.19,26.38
38.21,-76.17,26.21
38.21,-76.15,26.22
38.21,-76.13,26.31
38.21,-76.11,26.13
38.21,-76.09,26.1
38.21,-76.07,25.91
38.21,-76.05,25.7
38.21,-76.03,25.55
38.21,-76.01,25.84
38.21,-75.99,26.04
38.21,-75.97,26.01
38.21,-75.95,25.83
38.21,-75.93,25.94
38.21,-75.91,26.01
38.21,-75.23,24.74
38.21,-75.21,24.76
38.21,-75.17,24.66
38.21,-75.13,24.27
38.21,-75.11,24.25
38.21,-75.09,24.09
38.21,-75.07,23.97
38.21,-75.05,23.78
38.21,-75.03,23.69
38.21,-75.01,23.67
38.21,-74.99,23.68
38.21,-74.97,23.68
38.21,-74.95,23.78
38.21,-74.93,23.83
38.21,-74.91,23.81
38.21,-74.89,23.86
38.21,-74.87,23.91
38.21,-74.85,23.96
38.21,-74.83,23.97
38.21,-74.81,23.99
38.21,-74.79,24.06
38.21,-74.77,24.06
38.21,-74.75,24.03
38.21,-74.73,24.03
38.21,-74.71,24.05
38.21,-74.69,24.06
38.21,-74.67,24.07
38.21,-74.65,24.0
38.21,-74.63,24.02
38.21,-74.61,24.11
38.21,-74.59,24.18
38.21,-74.57,24.23
38.21,-74.55,24.23
38.21,-74.53,24.24
38.21,-74.51,24.25
38.21,-74.49,24.23
38.21,-74.47,24.24
38.21,-74.45,24.28
38.21,-74.43,24.32
38.21,-74.41,24.28
38.21,-74.39,24.25
38.21,-74.37,24.18
38.21,-74.35,24.13
38.21,-74.33,24.07
38.21,-74.31,24.07
38.21,-74.29,24.06
38.21,-74.27,24.07
38.21,-74.25,24.14
38.21,-74.23,24.18
38.21,-74.21,24.19
38.21,-74.19,24.22
38.21,-74.17,24.28
38.21,-74.15,24.27
38.21,-74.13,24.21
38.21,-74.11,24.14
38.21,-74.09,24.11
38.21,-74.07,24.08
38.21,-74.05,24.11
38.21,-74.03,24.12
38.21,-74.01,24.14
38.21,-73.99,24.05
38.21,-73.97,23.99
38.21,-73.95,23.92
38.21,-73.93,23.96
38.21,-73.91,24.01
38.21,-73.89,24.05
38.21,-73.87,24.08
38.21,-73.85,24.1
38.21,-73.83,24.17
38.21,-73.81,24.29
38.21,-73.79,24.4
38.21,-73.77,24.42
38.21,-73.75,24.55
38.21,-73.73,24.55
38.21,-73.71,24.63
38.21,-73.69,24.66
38.21,-73.35,25.25
38.21,-73.33,25.29
38.21,-73.31,25.35
38.21,-73.27,25.64
38.21,-73.25,25.64
38.21,-73.19,25.84
38.21,-73.17,25.84
38.21,-72.93,25.66
38.21,-72.91,25.67
38.21,-72.83,25.7
38.21,-72.81,25.67
38.21,-72.77,25.59
38.21,-72.75,25.59
38.21,-72.73,25.58
38.19,-76.79,26.74
38.19,-76.77,26.66
38.19,-76.75,26.7
38.19,-76.73,26.86
38.19,-76.71,26.82
38.19,-76.69,26.81
38.19,-76.67,26.83
38.19,-76.65,26.74
38.19,-76.63,26.72
38.19,-76.61,26.69
38.19,-76.59,26.68
38.19,-76.57,26.68
38.19,-76.35,26.53
38.19,-76.33,26.64
38.19,-76.31,26.66
38.19,-76.29,26.67
38.19,-76.27,26.65
38.19,-76.25,26.67
38.19,-76.23,26.65
38.19,-76.21,26.61
38.19,-76.19,26.65
38.19,-76.17,26.42
38.19,-76.15,26.49
38.19,-76.13,26.4
38.19,-76.11,26.27
38.19,-76.03,26.09
38.19,-76.01,26.01
38.19,-75.99,25.98
38.19,-75.97,26.31
38.19,-75.95,25.96
38.19,-75.25,24.81
38.19,-75.23,24.7
38.19,-75.21,24.56
38.19,-75.19,24.63
38.19,-75.17,24.56
38.19,-75.15,24.26
38.19,-75.13,24.23
38.19,-75.11,24.18
38.19,-75.09,24.04
38.19,-75.07,23.93
38.19,-75.05,23.81
38.19,-75.03,23.59
38.19,-75.01,23.58
38.19,-74.99,23.63
38.19,-74.97,23.73
38.19,-74.95,23.78
38.19,-74.93,23.82
38.19,-74.91,23.9
38.19,-74.89,23.91
38.19,-74.87,24.04
38.19,-74.85,24.06
38.19,-74.83,24.11
38.19,-74.81,24.21
38.19,-74.79,24.23
38.19,-74.77,24.15
38.19,-74.75,24.13
38.19,-74.73,24.12
38.19,-74.71,24.25
38.19,-74.69,24.25
38.19,-74.67,24.19
38.19,-74.65,24.09
38.19,-74.63,24.11
38.19,-74.61,24.15
38.19,-74.59,24.22
38.19,-74.57,24.26
38.19,-74.55,24.26
38.19,-74.53,24.28
38.19,-74.51,24.26
38.19,-74.49,24.25
38.19,-74.47,24.28
38.19,-74.45,24.32
38.19,-74.43,24.31
38.19,-74.41,24.26
38.19,-74.39,24.25
38.19,-74.37,24.2
38.19,-74.35,24.15
38.19,-74.33,24.09
38.19,-74.31,24.06
38.19,-74.29,24.05
38.19,-74.27,24.06
38.19,-74.25,24.1
38.19,-74.23,24.14
38.19,-74.21,24.18
38.19,-74.19,24.26
38.19,-74.17,24.25
38.19,-74.15,24.27
38.19,-74.13,24.29
38.19,-74.11,24.22
38.19,-74.09,24.15
38.19,-74.07,24.16
38.19,-74.05,24.14
38.19,-74.03,24.13
38.19,-74.01,24.17
38.19,-73.99,24.09
38.19,-73.97,24.02
38.19,-73.95,24.01
38.19,-73.93,24.04
38.19,-73.91,24.04
38.19,-73.89,24.06
38.19,-73.87,24.11
38.19,-73.85,24.15
38.19,-73.83,24.2
38.19,-73.81,24.3
38.19,-73.79,24.46
38.19,-73.77,24.5
38.19,-73.75,24.51
38.19,-73.73,24.52
38.19,-73.71,24.59
38.19,-73.65,24.57
38.19,-73.63,24.59
38.19,-73.61,24.58
38.19,-73.27,25.69
38.19,-73.25,25.68
38.19,-73.21,25.74
38.19,-73.19,25.79
38.19,-73.17,25.82
38.19,-73.03,25.7
38.19,-73.01,25.66
38.19,-72.99,25.62
38.19,-72.97,25.63
38.19,-72.91,25.66
38.19,-72.89,25.64
38.19,-72.87,25.6
38.19,-72.85,25.57
38.19,-72.79,25.5
38.19,-72.77,25.5
38.19,-72.75,25.51
38.17,-76.77,26.75
38.17,-76.75,26.73
38.17,-76.73,26.76
38.17,-76.71,26.75
38.17,-76.69,26.86
38.17,-76.67,26.91
38.17,-76.65,26.79
38.17,-76.63,26.71
38.17,-76.61,26.79
38.17,-76.59,26.78
38.17,-76.57,26.75
38.17,-76.55,26.74
38.17,-76.33,26.65
38.17,-76.31,26.68
38.17,-76.29,26.71
38.17,-76.27,26.7
38.17,-76.25,26.68
38.17,-76.23,26.67
38.17,-76.21,26.62
38.17,-76.19,26.63
38.17,-76.17,26.71
38.17,-76.15,26.61
38.17,-76.13,26.47
38.17,-76.11,26.32
38.17,-76.01,25.12
38.17,-75.99,26.25
38.17,-75.97,26.14
38.17,-75.95,26.03
38.17,-75.25,24.8
38.17,-75.23,24.42
38.17,-75.21,24.32
38.17,-75.19,24.33
38.17,-75.15,24.25
38.17,-75.13,24.19
38.17,-75.11,24.03
38.17,-75.09,23.95
38.17,-75.07,23.89
38.17,-75.05,23.73
38.17,-75.03,23.59
38.17,-75.01,23.58
38.17,-74.99,23.61
38.17,-74.97,23.68
38.17,-74.95,23.7
38.17,-74.93,23.8
38.17,-74.91,23.91
38.17,-74.89,23.95
38.17,-74.87,24.11
38.17,-74.85,24.15
38.17,-74.83,24.22
38.17,-74.81,24.36
38.17,-74.79,24.4
38.17,-74.77,24.36
38.17,-74.75,24.33
38.17,-74.73,24.33
38.17,-74.71,24.37
38.17,-74.69,24.37
38.17,-74.67,24.29
38.17,-74.65,24.21
38.17,-74.63,24.18
38.17,-74.61,24.24
38.17,-74.59,24.28
38.17,-74.57,24.3
38.17,-74.55,24.3
38.17,-74.53,24.29
38.17,-74.51,24.28
38.17,-74.49,24.27
38.17,-74.47,24.3
38.17,-74.45,24.32
38.17,-74.43,24.31
38.17,-74.41,24.26
38.17,-74.39,24.25
38.17,-74.37,24.25
38.17,-74.35,24.19
38.17,-74.33,24.13
38.17,-74.31,24.07
38.17,-74.29,24.07
38.17,-74.27,24.08
38.17,-74.25,24.11
38.17,-74.23,24.11
38.17,-74.21,24.19
38.17,-74.19,24.26
38.17,-74.17,24.27
38.17,-74.15,24.28
38.17,-74.13,24.26
38.17,-74.11,24.25
38.17,-74.09,24.23
38.17,-74.07,24.21
38.17,-74.05,24.18
38.17,-74.03,24.16
38.17,-74.01,24.15
38.17,-73.99,24.13
38.17,-73.97,24.06
38.17,-73.95,24.05
38.17,-73.93,24.11
38.17,-73.91,24.13
38.17,-73.89,24.15
38.17,-73.87,24.19
38.17,-73.85,24.24
38.17,-73.83,24.28
38.17,-73.81,24.3
38.17,-73.79,24.48
38.17,-73.77,24.57
38.17,-73.75,24.54
38.17,-73.71,24.53
38.17,-73.69,24.53
38.17,-73.67,24.56
38.17,-73.65,24.57
38.17,-73.63,24.63
38.17,-73.61,24.62
38.17,-73.25,25.68
38.17,-73.15,25.82
38.17,-73.13,25.82
38.17,-73.11,25.8
38.17,-73.07,25.65
38.17,-73.05,25.64
38.17,-72.99,25.6
38.17,-72.97,25.59
38.17,-72.95,25.57
38.17,-72.93,25.6
38.17,-72.87,25.6
38.17,-72.85,25.59
38.17,-72.79,25.59
38.17,-72.77,25.58
38.15,-76.73,26.47
38.15,-76.71,26.57
38.15,-76.65,26.72
38.15,-76.59,26.61
38.15,-76.57,26.6
38.15,-76.55,26.62
38.15,-76.31,26.69
38.15,-76.29,26.73
38.15,-76.27,26.72
38.15,-76.25,26.7
38.15,-76.23,26.68
38.15,-76.21,26.68
38.15,-76.19,26.64
38.15,-76.17,26.67
38.15,-76.15,26.6
38.15,-76.13,26.51
38.15,-76.11,26.51
38.15,-76.07,25.08
38.15,-76.01,25.74
38.15,-75.99,26.2
38.15,-75.97,26.13
38.15,-75.27,24.86
38.15,-75.25,24.82
38.15,-75.23,24.84
38.15,-75.21,24.53
38.15,-75.15,24.29
38.15,-75.13,24.11
38.15,-75.11,24.07
38.15,-75.09,23.83
38.15,-75.07,23.71
38.15,-75.05,23.63
38.15,-75.03,23.59
38.15,-75.01,23.54
38.15,-74.99,23.5
38.15,-74.97,23.59
38.15,-74.95,23.64
38.15,-74.93,23.87
38.15,-74.91,23.97
38.15,-74.89,24.08
38.15,-74.87,24.2
38.15,-74.85,24.29
38.15,-74.83,24.34
38.15,-74.81,24.37
38.15,-74.79,24.38
38.15,-74.77,24.37
38.15,-74.75,24.39
38.15,-74.73,24.45
38.15,-74.71,24.44
38.15,-74.69,24.4
38.15,-74.67,24.37
38.15,-74.65,24.29
38.15,-74.63,24.28
38.15,-74.61,24.34
38.15,-74.59,24.33
38.15,-74.57,24.34
38.15,-74.55,24.35
38.15,-74.53,24.32
38.15,-74.51,24.33
38.15,-74.49,24.32
38.15,-74.47,24.31
38.15,-74.45,24.31
38.15,-74.43,24.3
38.15,-74.41,24.28
38.15,-74.39,24.25
38.15,-74.37,24.24
38.15,-74.35,24.22
38.15,-74.33,24.17
38.15,-74.31,24.1
38.15,-74.29,24.11
38.15,-74.27,24.08
38.15,-74.25,24.09
38.15,-74.23,24.08
38.15,-74.21,24.15
38.15,-74.19,24.25
38.15,-74.17,24.3
38.15,-74.15,24.26
38.15,-74.13,24.25
38.15,-74.11,24.25
38.15,-74.09,24.26
38.15,-74.07,24.29
38.15,-74.05,24.25
38.15,-74.03,24.2
38.15,-74.01,24.16
38.15,-73.99,24.15
38.15,-73.97,24.08
38.15,-73.95,24.13
38.15,-73.93,24.16
38.15,-73.91,24.16
38.15,-73.89,24.18
38.15,-73.87,24.25
38.15,-73.85,24.29
38.15,-73.83,24.33
38.15,-73.81,24.41
38.15,-73.79,24.46
38.15,-73.77,24.54
38.15,-73.73,24.68
38.15,-73.71,24.64
38.15,-73.69,24.58
38.15,-73.67,24.54
38.15,-73.65,24.52
38.15,-73.63,24.57
38.15,-73.61,24.64
38.15,-73.43,24.54
38.15,-73.29,25.66
38.15,-73.27,25.68
38.15,-73.25,25.66
38.15,-73.23,25.63
38.15,-73.21,25.67
38.15,-73.15,25.78
38.15,-73.01,25.55
38.15,-72.99,25.57
38.15,-72.97,25.58
38.15,-72.95,25.53
38.15,-72.93,25.49
38.15,-72.87,25.61
38.15,-72.85,25.58
38.15,-72.81,25.53
38.15,-72.79,25.54
38.15,-72.77,25.56
38.15,-72.39,25.46
38.15,-72.35,25.61
38.15,-72.33,25.61
38.13,-76.59,26.58
38.13,-76.57,26.6
38.13,-76.55,26.72
38.13,-76.53,26.79
38.13,-76.51,26.76
38.13,-76.49,26.8
38.13,-76.47,26.65
38.13,-76.45,26.69
38.13,-76.31,26.5
38.13,-76.29,26.7
38.13,-76.27,26.74
38.13,-76.25,26.67
38.13,-76.23,26.65
38.13,-76.21,26.65
38.13,-76.19,26.63
38.13,-76.17,26.62
38.13,-76.15,26.53
38.13,-76.13,26.48
38.13,-76.11,26.46
38.13,-76.07,25.06
38.13,-76.05,24.83
38.13,-76.03,24.89
38.13,-76.01,26.34
38.13,-75.99,26.46
38.13,-75.97,26.5
38.13,-75.91,26.0
38.13,-75.89,26.09
38.13,-75.87,26.29
38.13,-75.85,26.3
38.13,-75.29,24.88
38.13,-75.27,24.86
38.13,-75.25,24.86
38.13,-75.23,24.76
38.13,-75.21,24.57
38.13,-75.17,24.27
38.13,-75.15,24.18
38.13,-75.13,24.07
38.13,-75.11,24.03
38.13,-75.09,23.92
38.13,-75.07,23.83
38.13,-75.05,23.69
38.13,-75.03,23.53
38.13,-75.01,23.42
38.13,-74.99,23.34
38.13,-74.97,23.52
38.13,-74.95,23.64
38.13,-74.93,23.95
38.13,-74.91,24.14
38.13,-74.89,24.2
38.13,-74.87,24.27
38.13,-74.85,24.29
38.13,-74.83,24.32
38.13,-74.81,24.34
38.13,-74.79,24.37
38.13,-74.77,24.41
38.13,-74.75,24.45
38.13,-74.73,24.46
38.13,-74.71,24.44
38.13,-74.69,24.44
38.13,-74.67,24.44
38.13,-74.65,24.4
38.13,-74.63,24.38
38.13,-74.61,24.38
38.13,-74.59,24.39
38.13,-74.57,24.39
38.13,-74.55,24.41
38.13,-74.53,24.41
38.13,-74.51,24.38
38.13,-74.49,24.35
38.13,-74.47,24.33
38.13,-74.45,24.3
38.13,-74.43,24.31
38.13,-74.41,24.31
38.13,-74.39,24.28
38.13,-74.37,24.23
38.13,-74.35,24.2
38.13,-74.33,24.15
38.13,-74.31,24.12
38.13,-74.29,24.11
38.13,-74.27,24.11
38.13,-74.25,24.11
38.13,-74.23,24.12
38.13,-74.21,24.17
38.13,-74.19,24.23
38.13,-74.17,24.27
38.13,-74.15,24.27
38.13,-74.13,24.28
38.13,-74.11,24.28
38.13,-74.09,24.29
38.13,-74.07,24.31
38.13,-74.05,24.26
38.13,-74.03,24.22
38.13,-74.01,24.2
38.13,-73.99,24.18
38.13,-73.97,24.11
38.13,-73.95,24.12
38.13,-73.93,24.13
38.13,-73.91,24.16
38.13,-73.89,24.21
38.13,-73.87,24.33
38.13,-73.85,24.35
38.13,-73.83,24.36
38.13,-73.81,24.41
38.13,-73.79,24.47
38.13,-73.77,24.55
38.13,-73.75,24.64
38.13,-73.73,24.65
38.13,-73.71,24.65
38.13,-73.69,24.61
38.13,-73.67,24.57
38.13,-73.65,24.52
38.13,-73.63,24.54
38.13,-73.47,24.52
38.13,-73.45,24.57
38.13,-73.43,24.54
38.13,-73.31,25.61
38.13,-73.29,25.64
38.13,-73.27,25.66
38.13,-73.25,25.61
38.13,-73.23,25.61
38.13,-73.21,25.7
38.13,-73.19,25.7
38.13,-73.17,25.7
38.13,-73.09,25.78
38.13,-73.07,25.76
38.13,-73.01,25.57
38.13,-72.99,25.57
38.13,-72.93,25.55
38.13,-72.91,25.58
38.13,-72.89,25.59
38.13,-72.87,25.55
38.13,-72.85,25.52
38.13,-72.83,25.53
38.13,-72.81,25.54
38.13,-72.79,25.54
38.13,-72.41,25.46
38.13,-72.39,25.47
38.13,-72.37,25.5
38.13,-72.35,25.53
38.11,-76.59,26.68
38.11,-76.57,26.68
38.11,-76.55,26.85
38.11,-76.53,26.93
38.11,-76.51,26.86
38.11,-76.49,26.84
38.11,-76.45,26.7
38.11,-76.43,26.76
38.11,-76.41,26.71
38.11,-76.33,26.4
38.11,-76.31,26.49
38.11,-76.29,26.53
38.11,-76.27,26.64
38.11,-76.25,26.6
38.11,-76.23,26.61
38.11,-76.21,26.62
38.11,-76.19,26.62
38.11,-76.17,26.57
38.11,-76.15,26.51
38.11,-76.13,26.44
38.11,-76.11,26.37
38.11,-76.09,25.96
38.11,-76.07,25.11
38.11,-76.01,26.15
38.11,-75.99,26.52
38.11,-75.97,26.51
38.11,-75.95,26.43
38.11,-75.93,26.2
38.11,-75.91,26.05
38.11,-75.89,26.21
38.11,-75.87,26.27
38.11,-75.29,24.77
38.11,-75.27,24.75
38.11,-75.25,24.73
38.11,-75.23,24.63
38.11,-75.21,24.59
38.11,-75.17,24.21
38.11,-75.15,24.04
38.11,-75.13,23.93
38.11,-75.11,24.01
38.11,-75.09,23.98
38.11,-75.07,23.9
38.11,-75.05,23.78
38.11,-75.03,23.58
38.11,-75.01,23.37
38.11,-74.99,23.33
38.11,-74.97,23.42
38.11,-74.95,23.72
38.11,-74.93,24.11
38.11,-74.91,24.16
38.11,-74.89,24.25
38.11,-74.87,24.27
38.11,-74.85,24.23
38.11,-74.83,24.22
38.11,-74.81,24.27
38.11,-74.79,24.32
38.11,-74.77,24.38
38.11,-74.75,24.42
38.11,-74.73,24.4
38.11,-74.71,24.4
38.11,-74.69,24.44
38.11,-74.67,24.46
38.11,-74.65,24.45
38.11,-74.63,24.41
38.11,-74.61,24.4
38.11,-74.59,24.43
38.11,-74.57,24.48
38.11,-74.55,24.49
38.11,-74.53,24.47
38.11,-74.51,24.47
38.11,-74.49,24.4
38.11,-74.47,24.33
38.11,-74.45,24.32
38.11,-74.43,24.32
38.11,-74.41,24.29
38.11,-74.39,24.29
38.11,-74.37,24.26
38.11,-74.35,24.19
38.11,-74.33,24.13
38.11,-74.31,24.08
38.11,-74.29,24.12
38.11,-74.27,24.12
38.11,-74.25,24.1
38.11,-74.23,24.09
38.11,-74.21,24.13
38.11,-74.19,24.21
38.11,-74.17,24.27
38.11,-74.15,24.33
38.11,-74.13,24.33
38.11,-74.11,24.28
38.11,-74.09,24.28
38.11,-74.07,24.29
38.11,-74.05,24.27
38.11,-74.03,24.28
38.11,-74.01,24.25
38.11,-73.99,24.23
38.11,-73.97,24.15
38.11,-73.95,24.06
38.11,-73.93,24.06
38.11,-73.91,24.13
38.11,-73.89,24.16
38.11,-73.87,24.32
38.11,-73.85,24.37
38.11,-73.83,24.41
38.11,-73.81,24.46
38.11,-73.79,24.54
38.11,-73.77,24.59
38.11,-73.75,24.61
38.11,-73.73,24.63
38.11,-73.71,24.64
38.11,-73.69,24.63
38.11,-73.67,24.64
38.11,-73.65,24.59
38.11,-73.53,24.55
38.11,-73.51,24.52
38.11,-73.47,24.49
38.11,-73.45,24.51
38.11,-73.33,25.68
38.11,-73.31,25.65
38.11,-73.29,25.7
38.11,-73.27,25.73
38.11,-73.25,25.69
38.11,-73.23,25.68
38.11,-73.21,25.72
38.11,-73.19,25.72
38.11,-73.17,25.73
38.11,-73.15,25.74
38.11,-73.13,25.75
38.11,-73.11,25.75
38.11,-73.07,25.8
38.11,-73.05,25.76
38.11,-73.03,25.63
38.11,-73.01,25.61
38.11,-72.99,25.59
38.11,-72.89,25.58
38.11,-72.87,25.56
38.11,-72.85,25.53
38.11,-72.83,25.55
38.11,-72.81,25.57
38.11,-72.79,25.56
38.11,-72.37,25.49
38.11,-72.35,25.5
38.11,-72.29,25.52
38.09,-76.55,26.89
38.09,-76.53,26.91
38.09,-76.51,26.98
38.09,-76.49,26.92
38.09,-76.47,26.8
38.09,-76.45,26.82
38.09,-76.43,26.77
38.09,-76.41,26.69
38.09,-76.39,26.65
38.09,-76.33,26.39
38.09,-76.31,26.5
38.09,-76.29,26.64
38.09,-76.27,26.66
38.09,-76.25,26.62
38.09,-76.23,26.6
38.09,-76.21,26.57
38.09,-76.19,26.55
38.09,-76.17,26.55
38.09,-76.15,26.53
38.09,-76.13,26.47
38.09,-76.11,26.35
38.09,-76.09,25.88
38.09,-76.07,25.7
38.09,-75.99,26.42
38.09,-75.97,26.61
38.09,-75.95,26.47
38.09,-75.93,26.08
38.09,-75.91,26.1
38.09,-75.89,26.15
38.09,-75.33,24.74
38.09,-75.31,24.7
38.09,-75.29,24.77
38.09,-75.27,24.7
38.09,-75.25,24.6
38.09,-75.23,24.4
38.09,-75.19,24.26
38.09,-75.17,24.13
38.09,-75.15,24.02
38.09,-75.13,23.85
38.09,-75.11,23.87
38.09,-75.09,23.9
38.09,-75.07,23.84
38.09,-75.05,23.75
38.09,-75.03,23.6
38.09,-75.01,23.44
38.09,-74.99,23.4
38.09,-74.97,23.46
38.09,-74.95,23.86
38.09,-74.93,24.17
38.09,-74.91,24.21
38.09,-74.89,24.23
38.09,-74.87,24.2
38.09,-74.85,24.11
38.09,-74.83,24.12
38.09,-74.81,24.18
38.09,-74.79,24.26
38.09,-74.77,24.34
38.09,-74.75,24.34
38.09,-74.73,24.34
38.09,-74.71,24.37
38.09,-74.69,24.42
38.09,-74.67,24.44
38.09,-74.65,24.42
38.09,-74.63,24.4
38.09,-74.61,24.41
38.09,-74.59,24.47
38.09,-74.57,24.51
38.09,-74.55,24.51
38.09,-74.53,24.5
38.09,-74.51,24.46
38.09,-74.49,24.39
38.09,-74.47,24.36
38.09,-74.45,24.33
38.09,-74.43,24.29
38.09,-74.41,24.28
38.09,-74.39,24.28
38.09,-74.37,24.24
38.09,-74.35,24.17
38.09,-74.33,24.1
38.09,-74.31,24.08
38.09,-74.29,24.13
38.09,-74.27,24.13
38.09,-74.25,24.09
38.09,-74.23,24.08
38.09,-74.21,24.11
38.09,-74.19,24.19
38.09,-74.17,24.3
38.09,-74.15,24.36
38.09,-74.13,24.35
38.09,-74.11,24.31
38.09,-74.09,24.31
38.09,-74.07,24.3
38.09,-74.05,24.27
38.09,-74.03,24.25
38.09,-74.01,24.26
38.09,-73.99,24.25
38.09,-73.97,24.19
38.09,-73.95,24.12
38.09,-73.93,24.11
38.09,-73.91,24.16
38.09,-73.89,24.24
38.09,-73.87,24.33
38.09,-73.85,24.39
38.09,-73.83,24.42
38.09,-73.81,24.46
38.09,-73.79,24.53
38.09,-73.77,24.56
38.09,-73.75,24.52
38.09,-73.73,24.58
38.09,-73.71,24.61
38.09,-73.69,24.56
38.09,-73.67,24.55
38.09,-73.65,24.59
38.09,-73.55,24.5
38.09,-73.53,24.49
38.09,-73.51,24.45
38.09,-73.49,24.44
38.09,-73.47,24.48
38.09,-73.45,24.5
38.09,-73.39,25.05
38.09,-73.37,25.41
38.09,-73.35,25.57
38.09,-73.27,25.76
38.09,-73.25,25.73
38.09,-73.21,25.76
38.09,-73.19,25.74
38.09,-73.17,25.7
38.09,-73.15,25.73
38.09,-73.13,25.77
38.09,-73.05,25.67
38.09,-73.03,25.64
38.09,-73.01,25.59
38.09,-72.99,25.55
38.09,-72.95,25.47
38.09,-72.87,25.55
38.09,-72.85,25.57
38.09,-72.83,25.58
38.09,-72.81,25.57
38.09,-72.79,25.57
38.09,-72.39,25.46
38.09,-72.37,25.45
38.09,-72.35,25.44
38.09,-72.31,25.57
38.09,-72.29,25.56
38.07,-76.53,26.8
38.07,-76.51,26.8
38.07,-76.49,26.82
38.07,-76.47,26.81
38.07,-76.45,26.78
38.07,-76.43,26.71
38.07,-76.41,26.67
38.07,-76.39,26.58
38.07,-76.37,26.54
38.07,-76.31,26.44
38.07,-76.29,26.64
38.07,-76.27,26.65
38.07,-76.25,26.64
38.07,-76.23,26.63
38.07,-76.21,26.59
38.07,-76.19,26.54
38.07,-76.17,26.48
38.07,-76.15,26.42
38.07,-76.13,26.42
38.07,-76.11,26.24
38.07,-76.09,26.24
38.07,-76.07,26.22
38.07,-76.05,26.16
38.07,-76.03,26.24
38.07,-75.97,26.52
38.07,-75.95,26.39
38.07,-75.93,25.99
38.07,-75.91,26.04
38.07,-75.89,26.11
38.07,-75.79,26.55
38.07,-75.35,24.8
38.07,-75.33,24.71
38.07,-75.31,24.75
38.07,-75.29,24.83
38.07,-75.27,24.77
38.07,-75.25,24.6
38.07,-75.19,24.2
38.07,-75.17,24.07
38.07,-75.15,23.9
38.07,-75.13,23.87
38.07,-75.11,23.82
38.07,-75.09,23.79
38.07,-75.07,23.7
38.07,-75.05,23.65
38.07,-75.03,23.57
38.07,-75.01,23.53
38.07,-74.99,23.48
38.07,-74.97,23.68
38.07,-74.95,23.98
38.07,-74.93,24.12
38.07,-74.91,24.11
38.07,-74.89,24.12
38.07,-74.87,24.12
38.07,-74.85,24.1
38.07,-74.83,24.12
38.07,-74.81,24.16
38.07,-74.79,24.22
38.07,-74.77,24.29
38.07,-74.75,24.31
38.07,-74.73,24.32
38.07,-74.71,24.35
38.07,-74.69,24.38
38.07,-74.67,24.4
38.07,-74.65,24.4
38.07,-74.63,24.4
38.07,-74.61,24.45
38.07,-74.59,24.49
38.07,-74.57,24.52
38.07,-74.55,24.51
38.07,-74.53,24.48
38.07,-74.51,24.43
38.07,-74.49,24.37
38.07,-74.47,24.35
38.07,-74.45,24.33
38.07,-74.43,24.26
38.07,-74.41,24.24
38.07,-74.39,24.22
38.07,-74.37,24.17
38.07,-74.35,24.08
38.07,-74.33,24.08
38.07,-74.31,24.09
38.07,-74.29,24.12
38.07,-74.27,24.13
38.07,-74.25,24.09
38.07,-74.23,24.07
38.07,-74.21,24.15
38.07,-74.19,24.22
38.07,-74.17,24.28
38.07,-74.15,24.32
38.07,-74.13,24.38
38.07,-74.11,24.37
38.07,-74.09,24.33
38.07,-74.07,24.3
38.07,-74.05,24.29
38.07,-74.03,24.26
38.07,-74.01,24.25
38.07,-73.99,24.24
38.07,-73.97,24.2
38.07,-73.95,24.17
38.07,-73.93,24.22
38.07,-73.91,24.28
38.07,-73.89,24.3
38.07,-73.87,24.39
38.07,-73.85,24.45
38.07,-73.83,24.48
38.07,-73.81,24.5
38.07,-73.79,24.51
38.07,-73.77,24.51
38.07,-73.71,24.65
38.07,-73.69,24.63
38.07,-73.67,24.64
38.07,-73.65,24.63
38.07,-73.51,24.43
38.07,-73.49,24.42
38.07,-73.47,24.47
38.07,-73.45,24.48
38.07,-73.43,24.46
38.07,-73.23,25.79
38.07,-73.21,25.79
38.07,-73.19,25.76
38.07,-73.17,25.74
38.07,-73.15,25.72
38.07,-73.13,25.72
38.07,-73.11,25.74
38.07,-73.09,25.73
38.07,-73.05,25.71
38.07,-73.03,25.69
38.07,-73.01,25.57
38.07,-72.85,25.57
38.07,-72.83,25.58
38.07,-72.81,25.59
38.07,-72.79,25.63
38.07,-72.41,25.55
38.07,-72.33,25.55
38.07,-72.31,25.57
38.07,-72.29,25.57
38.05,-76.51,26.68
38.05,-76.49,26.76
38.05,-76.47,26.82
38.05,-76.45,26.71
38.05,-76.43,26.7
38.05,-76.41,26.69
38.05,-76.39,26.59
38.05,-76.37,26.54
38.05,-76.35,26.58
38.05,-76.31,26.52
38.05,-76.29,26.63
38.05,-76.27,26.63
38.05,-76.25,26.66
38.05,-76.23,26.68
38.05,-76.21,26.65
38.05,-76.19,26.56
38.05,-76.17,26.51
38.05,-76.15,26.37
38.05,-76.13,26.33
38.05,-76.11,26.32
38.05,-76.09,26.39
38.05,-76.07,26.36
38.05,-76.05,26.15
38.05,-76.03,26.15
38.05,-76.01,26.16
38.05,-75.99,26.16
38.05,-75.97,26.39
38.05,-75.95,26.32
38.05,-75.93,26.14
38.05,-75.91,26.39
38.05,-75.89,26.41
38.05,-75.87,26.24
38.05,-75.85,26.26
38.05,-75.35,25.0
38.05,-75.31,24.87
38.05,-75.29,24.83
38.05,-75.27,24.81
38.05,-75.21,24.36
38.05,-75.19,24.2
38.05,-75.17,23.92
38.05,-75.15,23.91
38.05,-75.13,23.85
38.05,-75.11,23.79
38.05,-75.09,23.65
38.05,-75.07,23.56
38.05,-75.05,23.53
38.05,-75.03,23.49
38.05,-75.01,23.52
38.05,-74.99,23.63
38.05,-74.97,23.93
38.05,-74.95,24.11
38.05,-74.93,24.04
38.05,-74.91,24.02
38.05,-74.89,24.06
38.05,-74.87,24.09
38.05,-74.85,24.06
38.05,-74.83,24.11
38.05,-74.81,24.16
38.05,-74.79,24.26
38.05,-74.77,24.3
38.05,-74.75,24.35
38.05,-74.73,24.37
38.05,-74.71,24.36
38.05,-74.69,24.33
38.05,-74.67,24.36
38.05,-74.65,24.38
38.05,-74.63,24.43
38.05,-74.61,24.47
38.05,-74.59,24.48
38.05,-74.57,24.53
38.05,-74.55,24.53
38.05,-74.53,24.47
38.05,-74.51,24.41
38.05,-74.49,24.37
38.05,-74.47,24.36
38.05,-74.45,24.31
38.05,-74.43,24.25
38.05,-74.41,24.19
38.05,-74.39,24.16
38.05,-74.37,24.05
38.05,-74.35,24.02
38.05,-74.33,24.06
38.05,-74.31,24.06
38.05,-74.29,24.05
38.05,-74.27,24.08
38.05,-74.25,24.08
38.05,-74.23,24.08
38.05,-74.21,24.15
38.05,-74.19,24.21
38.05,-74.17,24.28
38.05,-74.15,24.31
38.05,-74.13,24.37
38.05,-74.11,24.41
38.05,-74.09,24.36
38.05,-74.07,24.33
38.05,-74.05,24.28
38.05,-74.03,24.28
38.05,-74.01,24.27
38.05,-73.99,24.28
38.05,-73.97,24.32
38.05,-73.95,24.25
38.05,-73.93,24.31
38.05,-73.91,24.38
38.05,-73.89,24.38
38.05,-73.87,24.47
38.05,-73.85,24.53
38.05,-73.83,24.55
38.05,-73.81,24.63
38.05,-73.79,24.67
38.05,-73.77,24.67
38.05,-73.71,24.68
38.05,-73.69,24.69
38.05,-73.63,24.65
38.05,-73.61,24.61
38.05,-73.59,24.57
38.05,-73.57,24.51
38.05,-73.55,24.51
38.05,-73.53,24.5
38.05,-73.49,24.41
38.05,-73.47,24.47
38.05,-73.39,25.09
38.05,-73.37,25.29
38.05,-73.35,25.33
38.05,-73.31,25.69
38.05,-73.27,25.85
38.05,-73.25,25.88
38.05,-73.23,25.85
38.05,-73.07,25.67
38.05,-73.05,25.66
38.05,-73.03,25.67
38.05,-72.91,25.58
38.05,-72.89,25.57
38.05,-72.85,25.67
38.05,-72.83,25.64
38.05,-72.43,25.65
38.05,-72.41,25.62
38.05,-72.39,25.58
38.05,-72.35,25.51
38.05,-72.33,25.53
38.05,-72.31,25.53
38.03,-76.53,26.35
38.03,-76.51,26.43
38.03,-76.49,26.59
38.03,-76.47,26.62
38.03,-76.45,26.63
38.03,-76.43,26.71
38.03,-76.41,26.65
38.03,-76.39,26.62
38.03,-76.37,26.61
38.03,-76.35,26.59
38.03,-76.33,26.5
38.03,-76.31,26.53
38.03,-76.29,26.58
38.03,-76.27,26.59
38.03,-76.25,26.65
38.03,-76.23,26.72
38.03,-76.21,26.71
38.03,-76.19,26.56
38.03,-76.17,26.49
38.03,-76.15,26.45
38.03,-76.13,26.36
38.03,-76.11,26.38
38.03,-76.09,26.38
38.03,-76.07,26.39
38.03,-76.05,26.41
38.03,-75.99,26.44
38.03,-75.97,26.52
38.03,-75.95,26.53
38.03,-75.93,26.58
38.03,-75.91,26.81
38.03,-75.37,25.1
38.03,-75.35,25.06
38.03,-75.33,24.97
38.03,-75.31,24.89
38.03,-75.29,24.84
38.03,-75.27,24.77
38.03,-75.23,24.63
38.03,-75.21,24.39
38.03,-75.19,24.1
38.03,-75.17,23.83
38.03,-75.15,23.83
38.03,-75.13,23.83
38.03,-75.11,23.77
38.03,-75.09,23.63
38.03,-75.07,23.5
38.03,-75.05,23.42
38.03,-75.03,23.47
38.03,-75.01,23.6
38.03,-74.99,23.68
38.03,-74.97,24.03
38.03,-74.95,24.0
38.03,-74.93,23.91
38.03,-74.91,23.95
38.03,-74.89,24.06
38.03,-74.87,24.07
38.03,-74.85,24.07
38.03,-74.83,24.15
38.03,-74.81,24.19
38.03,-74.79,24.31
38.03,-74.77,24.32
38.03,-74.75,24.36
38.03,-74.73,24.4
38.03,-74.71,24.36
38.03,-74.69,24.36
38.03,-74.67,24.38
38.03,-74.65,24.36
38.03,-74.63,24.43
38.03,-74.61,24.47
38.03,-74.59,24.5
38.03,-74.57,24.53
38.03,-74.55,24.52
38.03,-74.53,24.44
38.03,-74.51,24.4
38.03,-74.49,24.38
38.03,-74.47,24.36
38.03,-74.45,24.31
38.03,-74.43,24.23
38.03,-74.41,24.17
38.03,-74.39,24.12
38.03,-74.37,24.06
38.03,-74.35,24.01
38.03,-74.33,24.02
38.03,-74.31,24.02
38.03,-74.29,24.04
38.03,-74.27,24.01
38.03,-74.25,24.02
38.03,-74.23,24.07
38.03,-74.21,24.12
38.03,-74.19,24.22
38.03,-74.17,24.3
38.03,-74.15,24.33
38.03,-74.13,24.41
38.03,-74.11,24.46
38.03,-74.09,24.4
38.03,-74.07,24.34
38.03,-74.05,24.28
38.03,-74.03,24.29
38.03,-74.01,24.3
38.03,-73.99,24.33
38.03,-73.97,24.35
38.03,-73.95,24.35
38.03,-73.93,24.4
38.03,-73.91,24.45
38.03,-73.89,24.49
38.03,-73.87,24.55
38.03,-73.85,24.59
38.03,-73.83,24.63
38.03,-73.81,24.66
38.03,-73.79,24.68
38.03,-73.77,24.68
38.03,-73.75,24.69
38.03,-73.71,24.72
38.03,-73.69,24.72
38.03,-73.63,24.65
38.03,-73.61,24.56
38.03,-73.59,24.48
38.03,-73.57,24.45
38.03,-73.55,24.46
38.03,-73.53,24.45
38.03,-73.43,24.8
38.03,-73.41,24.91
38.03,-73.39,25.04
38.03,-73.37,25.23
38.03,-73.35,25.33
38.03,-73.33,25.5
38.03,-73.31,25.69
38.03,-73.29,25.71
38.03,-73.27,25.81
38.03,-73.25,25.84
38.03,-73.13,25.65
38.03,-73.11,25.63
38.03,-73.09,25.61
38.03,-72.91,25.6
38.03,-72.89,25.63
38.03,-72.87,25.68
38.03,-72.85,25.7
38.03,-72.83,25.68
38.03,-72.43,25.66
38.03,-72.41,25.65
38.03,-72.39,25.58
38.03,-72.37,25.51
38.03,-72.35,25.52
38.03,-72.33,25.54
38.01,-76.47,26.28
38.01,-76.45,26.39
38.01,-76.43,26.49
38.01,-76.41,26.6
38.01,-76.39,26.65
38.01,-76.37,26.69
38.01,-76.35,26.61
38.01,-76.33,26.53
38.01,-76.31,26.46
38.01,-76.29,26.56
38.01,-76.27,26.69
38.01,-76.25,26.7
38.01,-76.23,26.81
38.01,-76.21,26.8
38.01,-76.19,26.55
38.01,-76.17,26.41
38.01,-76.15,26.41
38.01,-76.13,26.43
38.01,-76.11,26.38
38.01,-76.09,26.28
38.01,-76.07,26.28
38.01,-75.95,26.01
38.01,-75.93,26.35
38.01,-75.37,25.07
38.01,-75.35,24.98
38.01,-75.33,24.85
38.01,-75.31,24.78
38.01,-75.29,24.83
38.01,-75.27,24.77
38.01,-75.25,24.53
38.01,-75.23,24.47
38.01,-75.21,24.3
38.01,-75.19,23.87
38.01,-75.17,23.75
38.01,-75.15,23.74
38.01,-75.13,23.74
38.01,-75.11,23.69
38.01,-75.09,23.51
38.01,-75.07,23.42
38.01,-75.05,23.42
38.01,-75.03,23.52
38.01,-75.01,23.64
38.01,-74.99,23.87
38.01,-74.97,23.96
38.01,-74.95,23.92
38.01,-74.93,23.87
38.01,-74.91,23.99
38.01,-74.89,23.98
38.01,-74.87,23.94
38.01,-74.85,24.09
38.01,-74.83,24.17
38.01,-74.81,24.28
38.01,-74.79,24.34
38.01,-74.77,24.34
38.01,-74.75,24.4
38.01,-74.73,24.43
38.01,-74.71,24.4
38.01,-74.69,24.38
38.01,-74.67,24.37
38.01,-74.65,24.38
38.01,-74.63,24.44
38.01,-74.61,24.47
38.01,-74.59,24.49
38.01,-74.57,24.51
38.01,-74.55,24.51
38.01,-74.53,24.43
38.01,-74.51,24.37
38.01,-74.49,24.35
38.01,-74.47,24.33
38.01,-74.45,24.3
38.01,-74.43,24.25
38.01,-74.41,24.2
38.01,-74.39,24.14
38.01,-74.37,24.14
38.01,-74.35,24.09
38.01,-74.33,24.1
38.01,-74.31,24.1
38.01,-74.29,24.08
38.01,-74.27,24.01
38.01,-74.25,24.0
38.01,-74.23,24.05
38.01,-74.21,24.09
38.01,-74.19,24.09
38.01,-74.17,24.25
38.01,-74.15,24.36
38.01,-74.13,24.49
38.01,-74.11,24.48
38.01,-74.09,24.4
38.01,-74.07,24.32
38.01,-74.05,24.29
38.01,-74.03,24.32
38.01,-74.01,24.33
38.01,-73.99,24.34
38.01,-73.97,24.36
38.01,-73.95,24.4
38.01,-73.93,24.51
38.01,-73.91,24.51
38.01,-73.89,24.55
38.01,-73.87,24.6
38.01,-73.85,24.63
38.01,-73.83,24.67
38.01,-73.81,24.69
38.01,-73.79,24.7
38.01,-73.77,24.73
38.01,-73.75,24.74
38.01,-73.73,24.71
38.01,-73.71,24.73
38.01,-73.67,24.63
38.01,-73.65,24.54
38.01,-73.63,24.47
38.01,-73.61,24.5
38.01,-73.59,24.49
38.01,-73.57,24.46
38.01,-73.55,24.5
38.01,-73.53,24.48
38.01,-73.45,24.74
38.01,-73.43,24.78
38.01,-73.41,24.78
38.01,-73.39,24.88
38.01,-73.37,25.06
38.01,-73.35,25.18
38.01,-73.25,25.72
38.01,-73.13,25.63
38.01,-73.11,25.6
38.01,-73.09,25.51
38.01,-73.07,25.49
38.01,-72.99,25.64
38.01,-72.97,25.69
38.01,-72.95,25.68
38.01,-72.89,25.67
38.01,-72.87,25.68
38.01,-72.85,25.69
38.01,-72.83,25.69
38.01,-72.41,25.68
38.01,-72.39,25.69
38.01,-72.33,25.69
38.01,-72.31,25.68
38.01,-72.29,25.64
37.99,-76.47,26.28
37.99,-76.43,26.33
37.99,-76.41,26.57
37.99,-76.39,26.66
37.99,-76.37,26.7
37.99,-76.35,26.62
37.99,-76.33,26.44
37.99,-76.31,26.45
37.99,-76.29,26.63
37.99,-76.27,26.64
37.99,-76.25,26.66
37.99,-76.23,26.76
37.99,-76.21,26.88
37.99,-76.19,26.71
37.99,-76.17,26.56
37.99,-76.15,26.44
37.99,-76.13,26.47
37.99,-76.11,26.47
37.99,-76.09,26.39
37.99,-75.95,26.13
37.99,-75.93,26.27
37.99,-75.91,26.25
37.99,-75.39,24.87
37.99,-75.37,24.83
37.99,-75.35,24.58
37.99,-75.33,24.5
37.99,-75.31,24.62
37.99,-75.25,24.47
37.99,-75.23,24.33
37.99,-75.21,24.13
37.99,-75.19,23.76
37.99,-75.17,23.65
37.99,-75.15,23.67
37.99,-75.13,23.61
37.99,-75.11,23.46
37.99,-75.09,23.39
37.99,-75.07,23.37
37.99,-75.05,23.39
37.99,-75.03,23.59
37.99,-75.01,23.68
37.99,-74.99,23.86
37.99,-74.97,23.86
37.99,-74.95,23.85
37.99,-74.93,23.79
37.99,-74.91,23.93
37.99,-74.89,23.96
37.99,-74.87,23.92
37.99,-74.85,24.07
37.99,-74.83,24.13
37.99,-74.81,24.22
37.99,-74.79,24.27
37.99,-74.77,24.33
37.99,-74.75,24.41
37.99,-74.73,24.48
37.99,-74.71,24.47
37.99,-74.69,24.42
37.99,-74.67,24.41
37.99,-74.65,24.42
37.99,-74.63,24.43
37.99,-74.61,24.45
37.99,-74.59,24.47
37.99,-74.57,24.48
37.99,-74.55,24.48
37.99,-74.53,24.43
37.99,-74.51,24.37
37.99,-74.49,24.32
37.99,-74.47,24.29
37.99,-74.45,24.28
37.99,-74.43,24.24
37.99,-74.41,24.23
37.99,-74.39,24.22
37.99,-74.37,24.29
37.99,-74.35,24.26
37.99,-74.33,24.21
37.99,-74.31,24.2
37.99,-74.29,24.14
37.99,-74.27,24.08
37.99,-74.25,24.07
37.99,-74.23,24.09
37.99,-74.21,24.11
37.99,-74.19,24.13
37.99,-74.17,24.3
37.99,-74.15,24.36
37.99,-74.13,24.46
37.99,-74.11,24.47
37.99,-74.09,24.42
37.99,-74.07,24.34
37.99,-74.05,24.32
37.99,-74.03,24.34
37.99,-74.01,24.36
37.99,-73.99,24.38
37.99,-73.97,24.41
37.99,-73.95,24.48
37.99,-73.93,24.52
37.99,-73.91,24.54
37.99,-73.89,24.58
37.99,-73.87,24.61
37.99,-73.85,24.63
37.99,-73.83,24.66
37.99,-73.81,24.67
37.99,-73.79,24.7
37.99,-73.77,24.7
37.99,-73.75,24.7
37.99,-73.73,24.67
37.99,-73.71,24.65
37.99,-73.69,24.67
37.99,-73.67,24.62
37.99,-73.65,24.52
37.99,-73.63,24.46
37.99,-73.61,24.5
37.99,-73.59,24.46
37.99,-73.57,24.48
37.99,-73.55,24.54
37.99,-73.53,24.61
37.99,-73.47,24.74
37.99,-73.45,24.75
37.99,-73.43,24.7
37.99,-73.41,24.62
37.99,-73.27,25.64
37.99,-73.25,25.68
37.99,-73.23,25.71
37.99,-73.21,25.72
37.99,-73.11,25.56
37.99,-73.09,25.48
37.99,-73.01,25.62
37.99,-72.99,25.64
37.99,-72.97,25.68
37.99,-72.95,25.67
37.99,-72.89,25.59
37.99,-72.87,25.56
37.99,-72.85,25.57
37.99,-72.51,25.69
37.99,-72.49,25.74
37.99,-72.47,25.76
37.99,-72.45,25.77
37.99,-72.43,25.75
37.99,-72.39,25.78
37.99,-72.37,25.79
37.99,-72.31,25.67
37.99,-72.29,25.66
37.99,-72.27,25.66
37.97,-76.41,26.42
37.97,-76.39,26.43
37.97,-76.37,26.47
37.97,-76.35,26.42
37.97,-76.33,26.44
37.97,-76.31,26.58
37.97,-76.29,26.68
37.97,-76.27,26.68
37.97,-76.25,26.77
37.97,-76.23,26.76
37.97,-76.21,26.72
37.97,-76.19,26.71
37.97,-76.17,26.58
37.97,-76.15,26.38
37.97,-76.13,26.32
37.97,-76.11,26.29
37.97,-76.09,26.32
37.97,-76.07,26.29
37.97,-75.97,26.65
37.97,-75.95,26.79
37.97,-75.93,26.79
37.97,-75.91,26.39
37.97,-75.77,25.63
37.97,-75.43,25.12
37.97,-75.41,25.02
37.97,-75.39,24.96
37.97,-75.37,24.84
37.97,-75.35,24.83
37.97,-75.31,24.68
37.97,-75.27,24.4
37.97,-75.25,24.33
37.97,-75.23,24.16
37.97,-75.21,23.83
37.97,-75.19,23.62
37.97,-75.17,23.57
37.97,-75.15,23.53
37.97,-75.13,23.51
37.97,-75.11,23.42
37.97,-75.09,23.29
37.97,-75.07,23.28
37.97,-75.05,23.34
37.97,-75.03,23.48
37.97,-75.01,23.67
37.97,-74.99,23.77
37.97,-74.97,23.75
37.97,-74.95,23.71
37.97,-74.93,23.7
37.97,-74.91,23.92
37.97,-74.89,23.86
37.97,-74.87,23.92
37.97,-74.85,24.04
37.97,-74.83,24.14
37.97,-74.81,24.19
37.97,-74.79,24.28
37.97,-74.77,24.35
37.97,-74.75,24.38
37.97,-74.73,24.45
37.97,-74.71,24.51
37.97,-74.69,24.48
37.97,-74.67,24.46
37.97,-74.65,24.44
37.97,-74.63,24.43
37.97,-74.61,24.4
37.97,-74.59,24.4
37.97,-74.57,24.46
37.97,-74.55,24.45
37.97,-74.53,24.41
37.97,-74.51,24.37
37.97,-74.49,24.29
37.97,-74.47,24.24
37.97,-74.45,24.3
37.97,-74.43,24.32
37.97,-74.41,24.32
37.97,-74.39,24.38
37.97,-74.37,24.42
37.97,-74.35,24.4
37.97,-74.33,24.4
37.97,-74.31,24.36
37.97,-74.29,24.32
37.97,-74.27,24.23
37.97,-74.25,24.19
37.97,-74.23,24.18
37.97,-74.21,24.22
37.97,-74.19,24.27
37.97,-74.17,24.37
37.97,-74.15,24.43
37.97,-74.13,24.45
37.97,-74.11,24.42
37.97,-74.09,24.37
37.97,-74.07,24.35
37.97,-74.05,24.36
37.97,-74.03,24.35
37.97,-74.01,24.35
37.97,-73.99,24.39
37.97,-73.97,24.4
37.97,-73.95,24.44
37.97,-73.93,24.54
37.97,-73.91,24.57
37.97,-73.89,24.58
37.97,-73.87,24.59
37.97,-73.85,24.6
37.97,-73.83,24.65
37.97,-73.81,24.66
37.97,-73.79,24.67
37.97,-73.77,24.66
37.97,-73.75,24.66
37.97,-73.73,24.64
37.97,-73.71,24.64
37.97,-73.69,24.64
37.97,-73.63,24.5
37.97,-73.61,24.48
37.97,-73.59,24.45
37.97,-73.57,24.49
37.97,-73.55,24.53
37.97,-73.53,24.58
37.97,-73.51,24.61
37.97,-73.49,24.67
37.97,-73.47,24.7
37.97,-73.45,24.66
37.97,-73.43,24.64
37.97,-73.01,25.41
37.97,-72.99,25.42
37.97,-72.91,25.48
37.97,-72.89,25.51
37.97,-72.87,25.48
37.97,-72.85,25.47
37.97,-72.83,25.49
37.97,-72.51,25.6
37.97,-72.49,25.7
37.97,-72.47,25.74
37.97,-72.45,25.75
37.97,-72.35,25.78
37.95,-76.33,26.51
37.95,-76.31,26.61
37.95,-76.29,26.6
37.95,-76.27,26.68
37.95,-76.25,26.74
37.95,-76.23,26.79
37.95,-76.21,26.76
37.95,-76.19,26.7
37.95,-76.17,26.56
37.95,-76.15,26.47
37.95,-76.13,26.43
37.95,-76.11,26.4
37.95,-76.09,26.44
37.95,-76.07,26.47
37.95,-76.05,26.49
37.95,-75.99,26.62
37.95,-75.97,26.65
37.95,-75.95,26.78
37.95,-75.81,25.69
37.95,-75.79,25.66
37.95,-75.77,25.68
37.95,-75.75,25.53
37.95,-75.73,25.48
37.95,-75.71,25.52
37.95,-75.69,25.53
37.95,-75.67,25.64
37.95,-75.43,25.18
37.95,-75.41,24.98
37.95,-75.39,25.02
37.95,-75.37,25.06
37.95,-75.29,24.34
37.95,-75.27,24.29
37.95,-75.25,24.16
37.95,-75.23,23.99
37.95,-75.21,23.72
37.95,-75.19,23.57
37.95,-75.17,23.48
37.95,-75.15,23.53
37.95,-75.13,23.5
37.95,-75.11,23.42
37.95,-75.09,23.27
37.95,-75.07,23.29
37.95,-75.05,23.41
37.95,-75.03,23.51
37.95,-75.01,23.52
37.95,-74.99,23.55
37.95,-74.97,23.54
37.95,-74.95,23.67
37.95,-74.93,23.79
37.95,-74.91,23.87
37.95,-74.89,23.8
37.95,-74.87,23.9
37.95,-74.85,24.06
37.95,-74.83,24.19
37.95,-74.81,24.34
37.95,-74.79,24.48
37.95,-74.77,24.45
37.95,-74.75,24.41
37.95,-74.73,24.42
37.95,-74.71,24.5
37.95,-74.69,24.53
37.95,-74.67,24.5
37.95,-74.65,24.49
37.95,-74.63,24.42
37.95,-74.61,24.35
37.95,-74.59,24.34
37.95,-74.57,24.39
37.95,-74.55,24.39
37.95,-74.53,24.35
37.95,-74.51,24.33
37.95,-74.49,24.29
37.95,-74.47,24.29
37.95,-74.45,24.31
37.95,-74.43,24.35
37.95,-74.41,24.35
37.95,-74.39,24.44
37.95,-74.37,24.46
37.95,-74.35,24.47
37.95,-74.33,24.5
37.95,-74.31,24.51
37.95,-74.29,24.46
37.95,-74.27,24.41
37.95,-74.25,24.37
37.95,-74.23,24.38
37.95,-74.21,24.33
37.95,-74.19,24.36
37.95,-74.17,24.42
37.95,-74.15,24.43
37.95,-74.13,24.43
37.95,-74.11,24.4
37.95,-74.09,24.37
37.95,-74.07,24.34
37.95,-74.05,24.35
37.95,-74.03,24.33
37.95,-74.01,24.33
37.95,-73.99,24.35
37.95,-73.97,24.39
37.95,-73.95,24.44
37.95,-73.93,24.51
37.95,-73.91,24.54
37.95,-73.89,24.56
37.95,-73.87,24.53
37.95,-73.85,24.59
37.95,-73.83,24.62
37.95,-73.81,24.64
37.95,-73.79,24.64
37.95,-73.77,24.65
37.95,-73.75,24.64
37.95,-73.73,24.64
37.95,-73.71,24.65
37.95,-73.69,24.61
37.95,-73.67,24.57
37.95,-73.65,24.52
37.95,-73.63,24.48
37.95,-73.61,24.46
37.95,-73.53,24.5
37.95,-73.51,24.48
37.95,-73.49,24.51
37.95,-73.15,25.49
37.95,-73.13,25.5
37.95,-73.11,25.49
37.95,-73.09,25.41
37.95,-73.07,25.36
37.95,-72.95,25.45
37.95,-72.93,25.45
37.95,-72.91,25.46
37.95,-72.89,25.43
37.95,-72.87,25.4
37.95,-72.85,25.41
37.95,-72.83,25.46
37.95,-72.79,25.5
37.95,-72.77,25.51
37.95,-72.29,25.7
37.93,-76.29,26.54
37.93,-76.27,26.67
37.93,-76.25,26.75
37.93,-76.23,26.75
37.93,-76.21,26.73
37.93,-76.19,26.69
37.93,-76.17,26.69
37.93,-76.15,26.49
37.93,-76.13,26.51
37.93,-76.11,26.48
37.93,-76.09,26.45
37.93,-76.07,26.51
37.93,-76.05,26.42
37.93,-75.81,25.73
37.93,-75.79,25.89
37.93,-75.77,25.82
37.93,-75.75,25.55
37.93,-75.73,25.52
37.93,-75.43,25.19
37.93,-75.31,24.37
37.93,-75.29,24.32
37.93,-75.27,24.15
37.93,-75.25,23.95
37.93,-75.23,23.86
37.93,-75.21,23.6
37.93,-75.19,23.37
37.93,-75.17,23.38
37.93,-75.15,23.45
37.93,-75.13,23.45
37.93,-75.11,23.41
37.93,-75.09,23.32
37.93,-75.07,23.34
37.93,-75.05,23.43
37.93,-75.03,23.46
37.93,-75.01,23.42
37.93,-74.99,23.37
37.93,-74.97,23.46
37.93,-74.95,23.71
37.93,-74.93,23.81
37.93,-74.91,23.73
37.93,-74.89,23.78
37.93,-74.87,23.96
37.93,-74.85,24.15
37.93,-74.83,24.47
37.93,-74.81,24.58
37.93,-74.79,24.56
37.93,-74.77,24.54
37.93,-74.75,24.48
37.93,-74.73,24.49
37.93,-74.71,24.53
37.93,-74.69,24.54
37.93,-74.67,24.53
37.93,-74.65,24.53
37.93,-74.63,24.44
37.93,-74.61,24.34
37.93,-74.59,24.33
37.93,-74.57,24.34
37.93,-74.55,24.31
37.93,-74.53,24.29
37.93,-74.51,24.28
37.93,-74.49,24.29
37.93,-74.47,24.34
37.93,-74.45,24.36
37.93,-74.43,24.37
37.93,-74.41,24.38
37.93,-74.39,24.43
37.93,-74.37,24.49
37.93,-74.35,24.52
37.93,-74.33,24.56
37.93,-74.31,24.56
37.93,-74.29,24.55
37.93,-74.27,24.54
37.93,-74.25,24.52
37.93,-74.23,24.52
37.93,-74.21,24.46
37.93,-74.19,24.43
37.93,-74.17,24.43
37.93,-74.15,24.44
37.93,-74.13,24.4
37.93,-74.11,24.39
37.93,-74.09,24.36
37.93,-74.07,24.34
37.93,-74.05,24.34
37.93,-74.03,24.33
37.93,-74.01,24.34
37.93,-73.99,24.34
37.93,-73.97,24.4
37.93,-73.95,24.44
37.93,-73.93,24.51
37.93,-73.91,24.54
37.93,-73.89,24.57
37.93,-73.87,24.56
37.93,-73.85,24.59
37.93,-73.83,24.63
37.93,-73.81,24.63
37.93,-73.79,24.65
37.93,-73.77,24.67
37.93,-73.75,24.66
37.93,-73.73,24.68
37.93,-73.71,24.65
37.93,-73.69,24.64
37.93,-73.67,24.61
37.93,-73.65,24.6
37.93,-73.57,24.53
37.93,-73.55,24.52
37.93,-73.53,24.51
37.93,-72.99,25.48
37.93,-72.97,25.47
37.93,-72.95,25.44
37.93,-72.89,25.41
37.93,-72.87,25.44
37.93,-72.85,25.46
37.93,-72.65,25.66
37.93,-72.41,25.62
37.93,-72.39,25.7
37.93,-72.37,25.73
37.91,-76.79,26.84
37.91,-76.25,26.46
37.91,-76.23,26.14
37.91,-76.21,26.54
37.91,-76.19,26.73
37.91,-76.17,26.78
37.91,-76.15,26.76
37.91,-76.13,26.71
37.91,-76.11,26.65
37.91,-76.09,26.59
37.91,-76.07,26.48
37.91,-76.05,26.33
37.91,-76.01,25.72
37.91,-75.99,25.91
37.91,-75.97,26.19
37.91,-75.95,26.6
37.91,-75.93,26.52
37.91,-75.91,26.05
37.91,-75.87,25.97
37.91,-75.85,25.94
37.91,-75.83,26.06
37.91,-75.81,25.9
37.91,-75.79,25.93
37.91,-75.41,25.48
37.91,-75.31,24.34
37.91,-75.29,24.21
37.91,-75.27,24.04
37.91,-75.25,23.81
37.91,-75.23,23.63
37.91,-75.21,23.46
37.91,-75.19,23.32
37.91,-75.17,23.35
37.91,-75.15,23.39
37.91,-75.13,23.4
37.91,-75.11,23.42
37.91,-75.09,23.37
37.91,-75.07,23.33
37.91,-75.05,23.36
37.91,-75.03,23.35
37.91,-75.01,23.33
37.91,-74.99,23.43
37.91,-74.97,23.66
37.91,-74.95,23.72
37.91,-74.93,23.71
37.91,-74.91,23.66
37.91,-74.89,23.77
37.91,-74.87,24.21
37.91,-74.85,24.41
37.91,-74.83,24.6
37.91,-74.81,24.65
37.91,-74.79,24.6
37.91,-74.77,24.58
37.91,-74.75,24.58
37.91,-74.73,24.58
37.91,-74.71,24.59
37.91,-74.69,24.58
37.91,-74.67,24.55
37.91,-74.65,24.54
37.91,-74.63,24.42
37.91,-74.61,24.34
37.91,-74.59,24.31
37.91,-74.57,24.3
37.91,-74.55,24.27
37.91,-74.53,24.2
37.91,-74.51,24.25
37.91,-74.49,24.3
37.91,-74.47,24.32
37.91,-74.45,24.36
37.91,-74.43,24.38
37.91,-74.41,24.36
37.91,-74.39,24.46
37.91,-74.37,24.55
37.91,-74.35,24.55
37.91,-74.33,24.57
37.91,-74.31,24.58
37.91,-74.29,24.58
37.91,-74.27,24.59
37.91,-74.25,24.58
37.91,-74.23,24.58
37.91,-74.21,24.52
37.91,-74.19,24.5
37.91,-74.17,24.47
37.91,-74.15,24.42
37.91,-74.13,24.38
37.91,-74.11,24.38
37.91,-74.09,24.39
37.91,-74.07,24.41
37.91,-74.05,24.41
37.91,-74.03,24.41
37.91,-74.01,24.38
37.91,-73.99,24.35
37.91,-73.97,24.42
37.91,-73.95,24.45
37.91,-73.93,24.49
37.91,-73.91,24.52
37.91,-73.89,24.55
37.91,-73.87,24.58
37.91,-73.85,24.58
37.91,-73.83,24.6
37.91,-73.81,24.64
37.91,-73.79,24.67
37.91,-73.77,24.72
37.91,-73.75,24.72
37.91,-73.73,24.71
37.91,-73.71,24.73
37.91,-73.69,24.71
37.91,-73.67,24.68
37.91,-73.61,24.59
37.91,-73.59,24.58
37.91,-73.57,24.57
37.91,-73.55,24.56
37.91,-73.47,24.51
37.91,-72.81,25.52
37.91,-72.69,25.62
37.91,-72.67,25.62
37.91,-72.65,25.65
37.91,-72.63,25.66
37.91,-72.25,25.68
37.89,-76.23,26.17
37.89,-76.21,26.18
37.89,-76.19,26.51
37.89,-76.17,26.69
37.89,-76.15,26.74
37.89,-76.13,26.76
37.89,-76.11,26.7
37.89,-76.09,26.62
37.89,-76.07,26.5
37.89,-76.05,26.32
37.89,-76.03,25.64
37.89,-76.01,25.58
37.89,-75.97,26.74
37.89,-75.95,26.8
37.89,-75.93,26.66
37.89,-75.91,26.18
37.89,-75.89,26.09
37.89,-75.87,25.97
37.89,-75.85,26.21
37.89,-75.83,26.2
37.89,-75.81,25.91
37.89,-75.75,25.87
37.89,-75.73,25.77
37.89,-75.71,25.7
37.89,-75.43,25.2
37.89,-75.41,24.95
37.89,-75.39,25.11
37.89,-75.37,25.24
37.89,-75.35,24.6
37.89,-75.33,24.46
37.89,-75.31,24.29
37.89,-75.29,24.15
37.89,-75.27,23.85
37.89,-75.25,23.63
37.89,-75.23,23.46
37.89,-75.21,23.2
37.89,-75.19,23.24
37.89,-75.17,23.32
37.89,-75.15,23.34
37.89,-75.13,23.36
37.89,-75.11,23.36
37.89,-75.09,23.36
37.89,-75.07,23.35
37.89,-75.05,23.33
37.89,-75.03,23.33
37.89,-75.01,23.44
37.89,-74.99,23.54
37.89,-74.97,23.67
37.89,-74.95,23.66
37.89,-74.93,23.7
37.89,-74.91,23.97
37.89,-74.89,24.18
37.89,-74.87,24.39
37.89,-74.85,24.6
37.89,-74.83,24.65
37.89,-74.81,24.66
37.89,-74.79,24.67
37.89,-74.77,24.63
37.89,-74.75,24.63
37.89,-74.73,24.62
37.89,-74.71,24.66
37.89,-74.69,24.62
37.89,-74.67,24.55
37.89,-74.65,24.51
37.89,-74.63,24.47
37.89,-74.61,24.37
37.89,-74.59,24.32
37.89,-74.57,24.3
37.89,-74.55,24.26
37.89,-74.53,24.24
37.89,-74.51,24.3
37.89,-74.49,24.32
37.89,-74.47,24.32
37.89,-74.45,24.33
37.89,-74.43,24.38
37.89,-74.41,24.41
37.89,-74.39,24.53
37.89,-74.37,24.56
37.89,-74.35,24.56
37.89,-74.33,24.58
37.89,-74.31,24.57
37.89,-74.29,24.59
37.89,-74.27,24.62
37.89,-74.25,24.58
37.89,-74.23,24.59
37.89,-74.21,24.56
37.89,-74.19,24.55
37.89,-74.17,24.48
37.89,-74.15,24.41
37.89,-74.13,24.39
37.89,-74.11,24.42
37.89,-74.09,24.42
37.89,-74.07,24.47
37.89,-74.05,24.49
37.89,-74.03,24.51
37.89,-74.01,24.52
37.89,-73.99,24.44
37.89,-73.97,24.42
37.89,-73.95,24.42
37.89,-73.93,24.45
37.89,-73.91,24.46
37.89,-73.89,24.49
37.89,-73.87,24.5
37.89,-73.85,24.51
37.89,-73.83,24.61
37.89,-73.81,24.64
37.89,-73.79,24.64
37.89,-73.77,24.69
37.89,-73.75,24.73
37.89,-73.73,24.74
37.89,-73.71,24.74
37.89,-73.69,24.76
37.89,-73.67,24.77
37.89,-73.61,24.62
37.89,-73.59,24.59
37.89,-73.57,24.61
37.89,-73.55,24.6
37.89,-72.95,25.53
37.89,-72.93,25.53
37.89,-72.91,25.57
37.89,-72.89,25.56
37.89,-72.83,25.54
37.89,-72.81,25.56
37.89,-72.75,25.5
37.89,-72.67,25.58
37.89,-72.63,25.63
37.89,-72.43,25.19
37.89,-72.41,25.23
37.89,-72.39,25.31
37.89,-72.37,25.57
37.89,-72.35,25.66
37.89,-72.33,25.67
37.89,-72.31,25.67
37.89,-72.27,25.67
37.87,-76.23,26.34
37.87,-76.21,26.45
37.87,-76.19,26.61
37.87,-76.17,26.63
37.87,-76.15,26.73
37.87,-76.13,26.79
37.87,-76.11,26.7
37.87,-76.09,26.65
37.87,-76.07,26.52
37.87,-76.05,26.41
37.87,-76.03,25.99
37.87,-75.97,26.72
37.87,-75.95,26.77
37.87,-75.93,26.77
37.87,-75.91,26.65
37.87,-75.89,26.22
37.87,-75.87,25.96
37.87,-75.85,26.24
37.87,-75.83,26.19
37.87,-75.81,26.15
37.87,-75.79,26.16
37.87,-75.77,26.3
37.87,-75.75,25.88
37.87,-75.73,25.77
37.87,-75.43,24.92
37.87,-75.41,24.9
37.87,-75.37,24.76
37.87,-75.35,24.53
37.87,-75.33,24.44
37.87,-75.31,24.28
37.87,-75.29,24.09
37.87,-75.27,23.74
37.87,-75.25,23.47
37.87,-75.23,23.23
37.87,-75.21,23.21
37.87,-75.19,23.28
37.87,-75.17,23.29
37.87,-75.15,23.23
37.87,-75.13,23.24
37.87,-75.11,23.26
37.87,-75.09,23.31
37.87,-75.07,23.32
37.87,-75.05,23.4
37.87,-75.03,23.45
37.87,-75.01,23.48
37.87,-74.99,23.49
37.87,-74.97,23.61
37.87,-74.95,23.92
37.87,-74.93,24.08
37.87,-74.91,24.27
37.87,-74.89,24.41
37.87,-74.87,24.59
37.87,-74.85,24.73
37.87,-74.83,24.73
37.87,-74.81,24.73
37.87,-74.79,24.68
37.87,-74.77,24.67
37.87,-74.75,24.7
37.87,-74.73,24.7
37.87,-74.71,24.71
37.87,-74.69,24.66
37.87,-74.67,24.6
37.87,-74.65,24.58
37.87,-74.63,24.55
37.87,-74.61,24.46
37.87,-74.59,24.36
37.87,-74.57,24.34
37.87,-74.55,24.28
37.87,-74.53,24.29
37.87,-74.51,24.32
37.87,-74.49,24.32
37.87,-74.47,24.32
37.87,-74.45,24.34
37.87,-74.43,24.43
37.87,-74.41,24.53
37.87,-74.39,24.58
37.87,-74.37,24.58
37.87,-74.35,24.55
37.87,-74.33,24.55
37.87,-74.31,24.56
37.87,-74.29,24.57
37.87,-74.27,24.6
37.87,-74.25,24.59
37.87,-74.23,24.58
37.87,-74.21,24.58
37.87,-74.19,24.52
37.87,-74.17,24.46
37.87,-74.15,24.45
37.87,-74.13,24.49
37.87,-74.11,24.5
37.87,-74.09,24.53
37.87,-74.07,24.57
37.87,-74.05,24.61
37.87,-74.03,24.62
37.87,-74.01,24.6
37.87,-73.99,24.58
37.87,-73.97,24.55
37.87,-73.93,24.44
37.87,-73.91,24.41
37.87,-73.89,24.41
37.87,-73.87,24.42
37.87,-73.85,24.39
37.87,-73.83,24.5
37.87,-73.81,24.54
37.87,-73.79,24.49
37.87,-73.77,24.58
37.87,-73.75,24.66
37.87,-73.73,24.72
37.87,-73.71,24.75
37.87,-73.69,24.77
37.87,-73.67,24.76
37.87,-73.65,24.75
37.87,-73.63,24.78
37.87,-73.61,24.76
37.87,-73.59,24.66
37.87,-73.57,24.67
37.87,-73.03,25.49
37.87,-73.01,25.49
37.87,-72.95,25.55
37.87,-72.93,25.56
37.87,-72.85,25.52
37.87,-72.83,25.53
37.87,-72.81,25.57
37.87,-72.79,25.51
37.87,-72.77,25.5
37.87,-72.75,25.5
37.87,-72.71,25.37
37.87,-72.69,25.37
37.87,-72.67,25.34
37.87,-72.43,25.15
37.87,-72.41,25.22
37.87,-72.39,25.29
37.87,-72.37,25.45
37.87,-72.35,25.56
37.87,-72.33,25.64
37.87,-72.31,25.71
37.87,-72.29,25.74
37.85,-76.23,26.55
37.85,-76.21,26.65
37.85,-76.19,26.65
37.85,-76.17,26.67
37.85,-76.15,26.71
37.85,-76.13,26.72
37.85,-76.11,26.68
37.85,-76.09,26.73
37.85,-76.07,26.47
37.85,-76.05,26.43
37.85,-76.03,26.16
37.85,-76.01,26.0
37.85,-75.97,26.57
37.85,-75.95,26.64
37.85,-75.93,26.68
37.85,-75.91,26.45
37.85,-75.89,25.95
37.85,-75.87,25.89
37.85,-75.85,25.99
37.85,-75.83,26.12
37.85,-75.81,26.15
37.85,-75.79,26.3
37.85,-75.77,26.5
37.85,-75.75,25.94
37.85,-75.73,25.87
37.85,-75.71,25.78
37.85,-75.45,25.24
37.85,-75.43,24.91
37.85,-75.41,24.91
37.85,-75.39,24.67
37.85,-75.37,24.65
37.85,-75.35,24.6
37.85,-75.33,24.41
37.85,-75.31,24.26
37.85,-75.29,23.97
37.85,-75.27,23.48
37.85,-75.25,23.28
37.85,-75.23,23.25
37.85,-75.21,23.27
37.85,-75.19,23.21
37.85,-75.17,23.2
37.85,-75.15,23.2
37.85,-75.13,23.25
37.85,-75.11,23.24
37.85,-75.09,23.27
37.85,-75.07,23.38
37.85,-75.05,23.44
37.85,-75.03,23.48
37.85,-75.01,23.54
37.85,-74.99,23.68
37.85,-74.97,23.91
37.85,-74.95,24.17
37.85,-74.93,24.33
37.85,-74.91,24.38
37.85,-74.89,24.51
37.85,-74.87,24.69
37.85,-74.85,24.79
37.85,-74.83,24.81
37.85,-74.81,24.77
37.85,-74.79,24.72
37.85,-74.77,24.72
37.85,-74.75,24.74
37.85,-74.73,24.75
37.85,-74.71,24.77
37.85,-74.69,24.77
37.85,-74.67,24.69
37.85,-74.65,24.68
37.85,-74.63,24.66
37.85,-74.61,24.6
37.85,-74.59,24.51
37.85,-74.57,24.42
37.85,-74.55,24.35
37.85,-74.53,24.34
37.85,-74.51,24.34
37.85,-74.49,24.35
37.85,-74.47,24.35
37.85,-74.45,24.38
37.85,-74.43,24.48
37.85,-74.41,24.55
37.85,-74.39,24.59
37.85,-74.37,24.61
37.85,-74.35,24.58
37.85,-74.33,24.56
37.85,-74.31,24.56
37.85,-74.29,24.53
37.85,-74.27,24.55
37.85,-74.25,24.56
37.85,-74.23,24.57
37.85,-74.21,24.55
37.85,-74.19,24.47
37.85,-74.17,24.48
37.85,-74.15,24.51
37.85,-74.13,24.56
37.85,-74.11,24.58
37.85,-74.09,24.63
37.85,-74.07,24.73
37.85,-74.05,24.73
37.85,-74.03,24.71
37.85,-74.01,24.67
37.85,-73.99,24.6
37.85,-73.97,24.55
37.85,-73.95,24.51
37.85,-73.93,24.48
37.85,-73.91,24.41
37.85,-73.89,24.43
37.85,-73.87,24.38
37.85,-73.85,24.4
37.85,-73.83,24.44
37.85,-73.81,24.39
37.85,-73.79,24.46
37.85,-73.77,24.58
37.85,-73.75,24.64
37.85,-73.73,24.69
37.85,-73.71,24.74
37.85,-73.69,24.76
37.85,-73.65,24.82
37.85,-73.63,24.81
37.85,-73.61,24.76
37.85,-73.59,24.77
37.85,-73.57,24.79
37.85,-73.03,25.51
37.85,-73.01,25.5
37.85,-72.91,25.57
37.85,-72.87,25.48
37.85,-72.85,25.51
37.85,-72.83,25.5
37.85,-72.79,25.44
37.85,-72.77,25.45
37.85,-72.75,25.45
37.85,-72.73,25.4
37.85,-72.71,25.35
37.85,-72.67,25.1
37.85,-72.65,25.08
37.85,-72.63,25.05
37.85,-72.61,25.14
37.85,-72.59,25.2
37.85,-72.37,25.47
37.85,-72.35,25.55
37.85,-72.33,25.6
37.85,-72.31,25.67
37.85,-72.29,25.74
37.85,-72.27,25.8
37.85,-72.25,25.79
37.85,-72.23,25.77
37.83,-76.31,26.34
37.83,-76.25,26.32
37.83,-76.23,26.33
37.83,-76.21,26.72
37.83,-76.19,26.71
37.83,-76.17,26.68
37.83,-76.15,26.68
37.83,-76.13,26.69
37.83,-76.11,26.71
37.83,-76.09,26.73
37.83,-76.07,26.42
37.83,-76.05,26.31
37.83,-76.03,26.23
37.83,-76.01,26.01
37.83,-75.95,26.54
37.83,-75.93,26.51
37.83,-75.91,26.11
37.83,-75.89,25.86
37.83,-75.87,25.81
37.83,-75.83,25.88
37.83,-75.81,25.95
37.83,-75.79,26.0
37.83,-75.77,25.99
37.83,-75.75,25.94
37.83,-75.73,25.9
37.83,-75.47,25.18
37.83,-75.45,25.09
37.83,-75.43,25.03
37.83,-75.41,24.9
37.83,-75.39,24.65
37.83,-75.37,24.64
37.83,-75.35,24.58
37.83,-75.33,24.39
37.83,-75.31,24.25
37.83,-75.29,23.88
37.83,-75.27,23.46
37.83,-75.25,23.16
37.83,-75.23,23.19
37.83,-75.21,23.19
37.83,-75.19,23.15
37.83,-75.17,23.14
37.83,-75.15,23.19
37.83,-75.13,23.27
37.83,-75.11,23.29
37.83,-75.09,23.31
37.83,-75.07,23.4
37.83,-75.05,23.55
37.83,-75.03,23.72
37.83,-75.01,23.82
37.83,-74.99,24.06
37.83,-74.97,24.17
37.83,-74.95,24.26
37.83,-74.93,24.41
37.83,-74.91,24.46
37.83,-74.89,24.53
37.83,-74.87,24.83
37.83,-74.85,24.85
37.83,-74.83,24.83
37.83,-74.81,24.77
37.83,-74.79,24.79
37.83,-74.77,24.78
37.83,-74.75,24.78
37.83,-74.73,24.82
37.83,-74.71,24.85
37.83,-74.69,24.8
37.83,-74.67,24.73
37.83,-74.65,24.73
37.83,-74.63,24.72
37.83,-74.61,24.69
37.83,-74.59,24.6
37.83,-74.57,24.47
37.83,-74.55,24.4
37.83,-74.53,24.33
37.83,-74.51,24.35
37.83,-74.49,24.34
37.83,-74.47,24.47
37.83,-74.45,24.54
37.83,-74.43,24.5
37.83,-74.41,24.62
37.83,-74.39,24.64
37.83,-74.37,24.61
37.83,-74.35,24.58
37.83,-74.33,24.57
37.83,-74.31,24.56
37.83,-74.29,24.55
37.83,-74.27,24.53
37.83,-74.25,24.56
37.83,-74.23,24.57
37.83,-74.21,24.5
37.83,-74.19,24.44
37.83,-74.17,24.52
37.83,-74.15,24.57
37.83,-74.13,24.66
37.83,-74.11,24.74
37.83,-74.09,24.82
37.83,-74.07,24.82
37.83,-74.05,24.86
37.83,-74.03,24.82
37.83,-74.01,24.66
37.83,-73.99,24.61
37.83,-73.97,24.56
37.83,-73.95,24.54
37.83,-73.93,24.56
37.83,-73.91,24.54
37.83,-73.89,24.47
37.83,-73.85,24.47
37.83,-73.83,24.45
37.83,-73.81,24.36
37.83,-73.79,24.51
37.83,-73.77,24.56
37.83,-73.75,24.62
37.83,-73.73,24.67
37.83,-73.71,24.7
37.83,-73.69,24.73
37.83,-73.67,24.78
37.83,-73.65,24.81
37.83,-73.63,24.81
37.83,-73.61,24.82
37.83,-73.59,24.84
37.83,-73.03,25.56
37.83,-72.95,25.71
37.83,-72.93,25.7
37.83,-72.91,25.61
37.83,-72.89,25.52
37.83,-72.87,25.46
37.83,-72.85,25.46
37.83,-72.83,25.43
37.83,-72.81,25.39
37.83,-72.79,25.37
37.83,-72.77,25.37
37.83,-72.75,25.39
37.83,-72.73,25.35
37.83,-72.71,25.18
37.83,-72.69,25.1
37.83,-72.67,25.09
37.83,-72.65,25.09
37.83,-72.61,25.26
37.83,-72.59,25.26
37.83,-72.39,25.11
37.83,-72.37,25.12
37.83,-72.35,25.33
37.83,-72.33,25.5
37.83,-72.31,25.6
37.83,-72.29,25.65
37.83,-72.27,25.72
37.83,-72.25,25.73
37.83,-72.23,25.76
37.83,-72.21,25.78
37.81,-76.73,27.34
37.81,-76.71,27.17
37.81,-76.69,26.95
37.81,-76.67,26.94
37.81,-76.29,26.32
37.81,-76.27,26.44
37.81,-76.25,26.45
37.81,-76.23,26.51
37.81,-76.21,26.67
37.81,-76.19,26.63
37.81,-76.17,26.62
37.81,-76.15,26.66
37.81,-76.13,26.69
37.81,-76.11,26.71
37.81,-76.09,26.58
37.81,-76.07,26.38
37.81,-76.05,26.21
37.81,-76.03,26.2
37.81,-76.01,26.06
37.81,-75.95,26.27
37.81,-75.93,26.28
37.81,-75.85,26.08
37.81,-75.83,25.81
37.81,-75.81,25.8
37.81,-75.49,25.27
37.81,-75.47,25.14
37.81,-75.45,25.04
37.81,-75.43,24.9
37.81,-75.41,24.64
37.81,-75.39,24.54
37.81,-75.37,24.53
37.81,-75.35,24.49
37.81,-75.33,24.3
37.81,-75.31,24.06
37.81,-75.29,23.92
37.81,-75.27,23.74
37.81,-75.25,23.09
37.81,-75.23,23.14
37.81,-75.21,23.14
37.81,-75.19,23.13
37.81,-75.17,23.11
37.81,-75.15,23.17
37.81,-75.13,23.22
37.81,-75.11,23.3
37.81,-75.09,23.33
37.81,-75.07,23.6
37.81,-75.05,23.85
37.81,-75.03,23.92
37.81,-75.01,24.03
37.81,-74.99,24.24
37.81,-74.97,24.28
37.81,-74.95,24.34
37.81,-74.93,24.42
37.81,-74.91,24.58
37.81,-74.89,24.74
37.81,-74.87,24.81
37.81,-74.85,24.83
37.81,-74.83,24.78
37.81,-74.81,24.79
37.81,-74.79,24.83
37.81,-74.77,24.82
37.81,-74.75,24.82
37.81,-74.73,24.84
37.81,-74.71,24.83
37.81,-74.69,24.85
37.81,-74.67,24.83
37.81,-74.65,24.76
37.81,-74.63,24.74
37.81,-74.61,24.7
37.81,-74.59,24.64
37.81,-74.57,24.55
37.81,-74.55,24.39
37.81,-74.53,24.36
37.81,-74.51,24.36
37.81,-74.47,24.57
37.81,-74.45,24.59
37.81,-74.43,24.65
37.81,-74.41,24.68
37.81,-74.39,24.67
37.81,-74.37,24.62
37.81,-74.35,24.62
37.81,-74.33,24.6
37.81,-74.31,24.58
37.81,-74.29,24.55
37.81,-74.27,24.55
37.81,-74.25,24.58
37.81,-74.23,24.54
37.81,-74.21,24.48
37.81,-74.19,24.5
37.81,-74.17,24.57
37.81,-74.15,24.66
37.81,-74.13,24.73
37.81,-74.11,24.91
37.81,-74.09,25.0
37.81,-74.07,25.05
37.81,-74.05,25.01
37.81,-74.03,24.92
37.81,-73.97,24.72
37.81,-73.95,24.67
37.81,-73.93,24.63
37.81,-73.91,24.57
37.81,-73.89,24.54
37.81,-73.87,24.54
37.81,-73.85,24.5
37.81,-73.81,24.54
37.81,-73.79,24.52
37.81,-73.77,24.52
37.81,-73.75,24.57
37.81,-73.73,24.61
37.81,-73.71,24.64
37.81,-73.69,24.69
37.81,-73.67,24.75
37.81,-73.65,24.74
37.81,-73.63,24.75
37.81,-73.59,24.84
37.81,-73.57,24.83
37.81,-73.19,24.96
37.81,-72.95,25.7
37.81,-72.93,25.7
37.81,-72.91,25.69
37.81,-72.87,25.52
37.81,-72.85,25.49
37.81,-72.83,25.44
37.81,-72.81,25.4
37.81,-72.79,25.36
37.81,-72.77,25.32
37.81,-72.75,25.25
37.81,-72.73,25.23
37.81,-72.71,25.2
37.81,-72.69,25.07
37.81,-72.67,25.03
37.81,-72.65,25.05
37.81,-72.59,25.54
37.81,-72.57,25.56
37.81,-72.41,25.2
37.81,-72.39,25.15
37.81,-72.37,25.15
37.81,-72.35,25.26
37.81,-72.33,25.56
37.81,-72.31,25.58
37.81,-72.29,25.61
37.81,-72.27,25.68
37.81,-72.25,25.74
37.81,-72.23,25.8
37.81,-72.21,25.78
37.79,-76.71,27.01
37.79,-76.69,26.96
37.79,-76.67,26.98
37.79,-76.65,26.72
37.79,-76.31,26.02
37.79,-76.29,26.06
37.79,-76.27,26.17
37.79,-76.25,26.58
37.79,-76.23,26.65
37.79,-76.21,26.65
37.79,-76.19,26.62
37.79,-76.17,26.6
37.79,-76.15,26.61
37.79,-76.13,26.63
37.79,-76.11,26.62
37.79,-76.09,26.5
37.79,-76.07,26.15
37.79,-76.05,26.2
37.79,-76.03,26.16
37.79,-76.01,26.05
37.79,-75.99,26.01
37.79,-75.97,26.1
37.79,-75.95,26.35
37.79,-75.93,26.21
37.79,-75.87,26.15
37.79,-75.85,26.14
37.79,-75.53,25.34
37.79,-75.51,25.26
37.79,-75.49,25.12
37.79,-75.47,24.95
37.79,-75.45,24.82
37.79,-75.43,24.48
37.79,-75.41,24.42
37.79,-75.39,24.41
37.79,-75.37,24.36
37.79,-75.35,24.2
37.79,-75.33,24.01
37.79,-75.31,23.95
37.79,-75.29,23.88
37.79,-75.27,23.3
37.79,-75.25,23.08
37.79,-75.23,23.08
37.79,-75.21,23.14
37.79,-75.19,23.17
37.79,-75.17,23.19
37.79,-75.15,23.29
37.79,-75.13,23.31
37.79,-75.11,23.32
37.79,-75.09,23.66
37.79,-75.07,23.88
37.79,-75.05,23.9
37.79,-75.03,24.0
37.79,-75.01,24.16
37.79,-74.99,24.29
37.79,-74.97,24.27
37.79,-74.95,24.3
37.79,-74.93,24.51
37.79,-74.91,24.67
37.79,-74.89,24.72
37.79,-74.87,24.78
37.79,-74.85,24.77
37.79,-74.83,24.78
37.79,-74.81,24.82
37.79,-74.79,24.81
37.79,-74.77,24.79
37.79,-74.75,24.78
37.79,-74.73,24.84
37.79,-74.71,24.85
37.79,-74.69,24.87
37.79,-74.67,24.82
37.79,-74.65,24.76
37.79,-74.63,24.74
37.79,-74.61,24.69
37.79,-74.59,24.65
37.79,-74.57,24.61
37.79,-74.55,24.45
37.79,-74.53,24.4
37.79,-74.51,24.38
37.79,-74.49,24.55
37.79,-74.47,24.6
37.79,-74.45,24.66
37.79,-74.43,24.68
37.79,-74.41,24.68
37.79,-74.39,24.66
37.79,-74.37,24.67
37.79,-74.35,24.67
37.79,-74.33,24.65
37.79,-74.31,24.6
37.79,-74.29,24.58
37.79,-74.27,24.57
37.79,-74.25,24.55
37.79,-74.23,24.52
37.79,-74.21,24.53
37.79,-74.19,24.59
37.79,-74.17,24.66
37.79,-74.15,24.74
37.79,-74.13,24.74
37.79,-74.11,24.98
37.79,-74.09,25.02
37.79,-73.99,25.04
37.79,-73.97,24.97
37.79,-73.95,24.72
37.79,-73.93,24.69
37.79,-73.87,24.65
37.79,-73.83,24.6
37.79,-73.81,24.57
37.79,-73.79,24.54
37.79,-73.77,24.53
37.79,-73.75,24.54
37.79,-73.73,24.56
37.79,-73.71,24.58
37.79,-73.69,24.62
37.79,-73.67,24.67
37.79,-73.65,24.63
37.79,-73.63,24.68
37.79,-73.61,24.74
37.79,-73.59,24.83
37.79,-73.57,24.8
37.79,-73.55,24.79
37.79,-73.21,24.98
37.79,-73.13,25.13
37.79,-72.99,25.69
37.79,-72.93,25.72
37.79,-72.87,25.49
37.79,-72.85,25.35
37.79,-72.83,25.35
37.79,-72.81,25.32
37.79,-72.79,25.34
37.79,-72.77,25.29
37.79,-72.75,25.23
37.79,-72.73,25.15
37.79,-72.71,25.02
37.79,-72.69,25.08
37.79,-72.67,25.15
37.79,-72.65,25.14
37.79,-72.61,25.59
37.79,-72.59,25.57
37.79,-72.57,25.58
37.79,-72.53,25.68
37.79,-72.33,25.64
37.79,-72.31,25.67
37.79,-72.29,25.71
37.79,-72.27,25.75
37.79,-72.25,25.78
37.79,-72.23,25.78
37.79,-72.21,25.76
37.77,-76.67,27.33
37.77,-76.65,27.13
37.77,-76.63,27.15
37.77,-76.61,27.28
37.77,-76.59,27.3
37.77,-76.29,25.67
37.77,-76.27,26.02
37.77,-76.25,26.56
37.77,-76.23,26.69
37.77,-76.21,26.73
37.77,-76.19,26.63
37.77,-76.17,26.64
37.77,-76.15,26.58
37.77,-76.13,26.59
37.77,-76.11,26.59
37.77,-76.09,26.44
37.77,-76.07,26.34
37.77,-76.05,26.31
37.77,-76.03,26.11
37.77,-76.01,26.05
37.77,-75.99,26.43
37.77,-75.97,26.26
37.77,-75.95,26.01
37.77,-75.93,25.86
37.77,-75.91,25.83
37.77,-75.89,26.05
37.77,-75.87,26.19
37.77,-75.53,25.32
37.77,-75.51,25.2
37.77,-75.49,25.02
37.77,-75.47,24.64
37.77,-75.45,24.4
37.77,-75.43,24.37
37.77,-75.41,24.31
37.77,-75.39,24.26
37.77,-75.37,24.16
37.77,-75.35,24.01
37.77,-75.33,23.86
37.77,-75.31,23.64
37.77,-75.29,23.49
37.77,-75.27,23.07
37.77,-75.25,23.04
37.77,-75.23,23.15
37.77,-75.21,23.21
37.77,-75.19,23.23
37.77,-75.17,23.24
37.77,-75.15,23.38
37.77,-75.13,23.47
37.77,-75.11,23.71
37.77,-75.09,23.86
37.77,-75.07,23.86
37.77,-75.05,23.96
37.77,-75.03,24.04
37.77,-75.01,24.17
37.77,-74.99,24.24
37.77,-74.97,24.2
37.77,-74.95,24.34
37.77,-74.93,24.63
37.77,-74.91,24.64
37.77,-74.89,24.68
37.77,-74.87,24.76
37.77,-74.85,24.79
37.77,-74.83,24.81
37.77,-74.81,24.81
37.77,-74.79,24.82
37.77,-74.77,24.78
37.77,-74.75,24.78
37.77,-74.73,24.84
37.77,-74.71,24.81
37.77,-74.69,24.81
37.77,-74.67,24.8
37.77,-74.65,24.76
37.77,-74.63,24.74
37.77,-74.61,24.7
37.77,-74.59,24.65
37.77,-74.57,24.51
37.77,-74.55,24.5
37.77,-74.53,24.46
37.77,-74.51,24.41
37.77,-74.49,24.46
37.77,-74.45,24.69
37.77,-74.43,24.7
37.77,-74.41,24.71
37.77,-74.39,24.65
37.77,-74.37,24.68
37.77,-74.35,24.69
37.77,-74.31,24.63
37.77,-74.29,24.64
37.77,-74.27,24.58
37.77,-74.25,24.57
37.77,-74.23,24.55
37.77,-74.21,24.55
37.77,-74.19,24.61
37.77,-74.11,25.02
37.77,-74.09,25.06
37.77,-73.99,25.01
37.77,-73.97,25.0
37.77,-73.89,24.88
37.77,-73.87,24.79
37.77,-73.85,24.75
37.77,-73.83,24.66
37.77,-73.81,24.61
37.77,-73.79,24.58
37.77,-73.77,24.55
37.77,-73.75,24.53
37.77,-73.73,24.51
37.77,-73.71,24.54
37.77,-73.69,24.56
37.77,-73.67,24.58
37.77,-73.65,24.56
37.77,-73.63,24.66
37.77,-73.61,24.75
37.77,-73.59,24.81
37.77,-73.57,24.82
37.77,-73.55,24.82
37.77,-73.21,24.99
37.77,-73.15,24.97
37.77,-73.13,25.05
37.77,-73.11,25.08
37.77,-73.05,25.09
37.77,-72.87,25.44
37.77,-72.85,25.46
37.77,-72.83,25.38
37.77,-72.81,25.34
37.77,-72.79,25.29
37.77,-72.77,25.26
37.77,-72.75,25.11
37.77,-72.73,25.12
37.77,-72.71,25.34
37.77,-72.69,25.41
37.77,-72.67,25.48
37.77,-72.65,25.52
37.77,-72.63,25.63
37.77,-72.61,25.63
37.77,-72.59,25.59
37.77,-72.57,25.57
37.77,-72.55,25.68
37.77,-72.53,25.7
37.77,-72.33,25.61
37.77,-72.31,25.64
37.77,-72.29,25.69
37.77,-72.27,25.75
37.77,-72.23,25.77
37.75,-76.63,27.25
37.75,-76.61,27.35
37.75,-76.59,27.33
37.75,-76.31,25.9
37.75,-76.29,25.98
37.75,-76.27,26.06
37.75,-76.25,26.57
37.75,-76.23,26.69
37.75,-76.21,26.73
37.75,-76.19,26.65
37.75,-76.17,26.69
37.75,-76.15,26.64
37.75,-76.13,26.62
37.75,-76.11,26.65
37.75,-76.09,26.61
37.75,-76.07,26.4
37.75,-76.05,26.28
37.75,-76.03,26.26
37.75,-76.01,26.51
37.75,-75.99,26.48
37.75,-75.97,26.23
37.75,-75.95,26.13
37.75,-75.87,26.17
37.75,-75.53,25.28
37.75,-75.51,25.14
37.75,-75.49,24.79
37.75,-75.47,24.24
37.75,-75.45,24.1
37.75,-75.43,24.14
37.75,-75.41,24.19
37.75,-75.39,24.22
37.75,-75.37,24.09
37.75,-75.35,23.75
37.75,-75.33,23.73
37.75,-75.31,23.29
37.75,-75.29,23.01
37.75,-75.27,22.94
37.75,-75.25,23.05
37.75,-75.23,23.14
37.75,-75.21,23.08
37.75,-75.19,23.27
37.75,-75.17,23.3
37.75,-75.15,23.51
37.75,-75.13,23.72
37.75,-75.11,23.8
37.75,-75.09,23.89
37.75,-75.07,23.95
37.75,-75.05,24.05
37.75,-75.03,24.02
37.75,-75.01,24.14
37.75,-74.99,24.17
37.75,-74.97,24.19
37.75,-74.95,24.4
37.75,-74.93,24.6
37.75,-74.91,24.58
37.75,-74.89,24.65
37.75,-74.87,24.71
37.75,-74.85,24.79
37.75,-74.83,24.82
37.75,-74.81,24.84
37.75,-74.79,24.85
37.75,-74.77,24.8
37.75,-74.75,24.78
37.75,-74.73,24.79
37.75,-74.71,24.78
37.75,-74.69,24.78
37.75,-74.67,24.73
37.75,-74.65,24.72
37.75,-74.63,24.71
37.75,-74.61,24.66
37.75,-74.59,24.62
37.75,-74.57,24.54
37.75,-74.55,24.48
37.75,-74.53,24.47
37.75,-74.47,24.62
37.75,-74.45,24.67
37.75,-74.43,24.7
37.75,-74.41,24.71
37.75,-74.39,24.72
37.75,-74.37,24.73
37.75,-74.35,24.71
37.75,-74.33,24.63
37.75,-74.31,24.58
37.75,-74.29,24.55
37.75,-74.27,24.53
37.75,-74.25,24.61
37.75,-74.23,24.62
37.75,-74.21,24.61
37.75,-74.19,24.62
37.75,-74.17,24.59
37.75,-74.13,24.8
37.75,-74.11,24.87
37.75,-74.09,24.94
37.75,-74.01,25.15
37.75,-73.99,25.09
37.75,-73.97,25.02
37.75,-73.95,25.09
37.75,-73.93,24.95
37.75,-73.91,24.96
37.75,-73.89,24.92
37.75,-73.87,24.83
37.75,-73.85,24.76
37.75,-73.83,24.77
37.75,-73.81,24.73
37.75,-73.79,24.61
37.75,-73.77,24.61
37.75,-73.75,24.61
37.75,-73.73,24.56
37.75,-73.71,24.54
37.75,-73.69,24.54
37.75,-73.67,24.54
37.75,-73.65,24.55
37.75,-73.63,24.56
37.75,-73.61,24.65
37.75,-73.59,24.75
37.75,-73.57,24.75
37.75,-73.55,24.81
37.75,-73.53,24.82
37.75,-73.51,24.78
37.75,-73.49,24.74
37.75,-73.47,24.71
37.75,-73.41,25.07
37.75,-73.39,25.07
37.75,-73.23,24.9
37.75,-73.21,24.92
37.75,-73.19,24.95
37.75,-73.17,24.97
37.75,-73.07,24.99
37.75,-73.05,25.01
37.75,-72.99,25.08
37.75,-72.97,25.13
37.75,-72.95,25.14
37.75,-72.93,25.13
37.75,-72.91,25.13
37.75,-72.89,25.19
37.75,-72.87,25.28
37.75,-72.85,25.32
37.75,-72.83,25.3
37.75,-72.81,25.25
37.75,-72.79,25.19
37.75,-72.77,25.2
37.75,-72.75,25.3
37.75,-72.73,25.36
37.75,-72.71,25.47
37.75,-72.69,25.55
37.75,-72.67,25.55
37.75,-72.65,25.59
37.75,-72.63,25.62
37.75,-72.61,25.65
37.75,-72.59,25.61
37.75,-72.57,25.53
37.75,-72.55,25.64
37.75,-72.53,25.68
37.75,-72.33,25.66
37.75,-72.31,25.66
37.75,-72.29,25.65
37.75,-72.27,25.65
37.73,-76.61,27.02
37.73,-76.59,27.22
37.73,-76.57,27.33
37.73,-76.33,26.0
37.73,-76.31,26.08
37.73,-76.29,26.12
37.73,-76.27,26.11
37.73,-76.25,26.43
37.73,-76.23,26.7
37.73,-76.21,26.73
37.73,-76.19,26.67
37.73,-76.17,26.71
37.73,-76.15,26.71
37.73,-76.13,26.69
37.73,-76.11,26.67
37.73,-76.09,26.62
37.73,-76.07,26.48
37.73,-76.05,26.58
37.73,-76.03,26.66
37.73,-76.01,26.57
37.73,-75.99,26.43
37.73,-75.97,26.37
37.73,-75.95,26.51
37.73,-75.59,25.39
37.73,-75.57,25.46
37.73,-75.55,25.44
37.73,-75.53,25.22
37.73,-75.51,24.74
37.73,-75.49,24.39
37.73,-75.47,24.15
37.73,-75.45,23.99
37.73,-75.43,23.96
37.73,-75.41,23.95
37.73,-75.39,23.94
37.73,-75.37,23.83
37.73,-75.35,23.71
37.73,-75.33,23.39
37.73,-75.31,23.01
37.73,-75.29,22.82
37.73,-75.27,22.92
37.73,-75.25,22.97
37.73,-75.23,23.03
37.73,-75.21,23.06
37.73,-75.19,23.24
37.73,-75.17,23.32
37.73,-75.15,23.67
37.73,-75.13,23.74
37.73,-75.11,23.82
37.73,-75.09,23.9
37.73,-75.07,23.98
37.73,-75.05,24.02
37.73,-75.03,24.07
37.73,-75.01,24.05
37.73,-74.99,24.1
37.73,-74.97,24.17
37.73,-74.95,24.25
37.73,-74.93,24.58
37.73,-74.91,24.58
37.73,-74.89,24.56
37.73,-74.87,24.62
37.73,-74.85,24.65
37.73,-74.83,24.79
37.73,-74.81,24.87
37.73,-74.79,24.91
37.73,-74.77,24.85
37.73,-74.75,24.82
37.73,-74.73,24.86
37.73,-74.71,24.79
37.73,-74.69,24.76
37.73,-74.67,24.73
37.73,-74.65,24.72
37.73,-74.63,24.69
37.73,-74.61,24.64
37.73,-74.59,24.61
37.73,-74.57,24.55
37.73,-74.55,24.49
37.73,-74.53,24.54
37.73,-74.45,24.63
37.73,-74.43,24.63
37.73,-74.41,24.66
37.73,-74.39,24.74
37.73,-74.35,24.7
37.73,-74.29,24.6
37.73,-74.27,24.64
37.73,-74.25,24.64
37.73,-74.23,24.65
37.73,-74.21,24.6
37.73,-74.19,24.61
37.73,-74.17,24.63
37.73,-74.15,24.61
37.73,-74.13,24.67
37.73,-74.11,24.81
37.73,-74.09,24.86
37.73,-74.05,25.15
37.73,-74.03,25.2
37.73,-74.01,25.18
37.73,-73.95,25.12
37.73,-73.93,25.08
37.73,-73.91,24.94
37.73,-73.89,24.93
37.73,-73.87,24.9
37.73,-73.85,24.81
37.73,-73.83,24.82
37.73,-73.81,24.79
37.73,-73.79,24.74
37.73,-73.77,24.73
37.73,-73.75,24.7
37.73,-73.73,24.64
37.73,-73.71,24.59
37.73,-73.69,24.6
37.73,-73.67,24.62
37.73,-73.65,24.6
37.73,-73.63,24.6
37.73,-73.61,24.64
37.73,-73.59,24.7
37.73,-73.57,24.71
37.73,-73.55,24.71
37.73,-73.53,24.68
37.73,-73.51,24.73
37.73,-73.49,24.76
37.73,-73.47,24.71
37.73,-73.45,24.72
37.73,-73.43,24.93
37.73,-73.41,24.96
37.73,-73.31,24.84
37.73,-73.29,24.86
37.73,-73.21,24.91
37.73,-73.19,24.93
37.73,-73.05,24.99
37.73,-73.01,25.04
37.73,-72.99,25.04
37.73,-72.97,25.05
37.73,-72.95,25.12
37.73,-72.93,25.25
37.73,-72.91,25.24
37.73,-72.89,25.24
37.73,-72.87,25.29
37.73,-72.85,25.33
37.73,-72.83,25.32
37.73,-72.81,25.33
37.73,-72.79,25.33
37.73,-72.77,25.42
37.73,-72.75,25.43
37.73,-72.71,25.58
37.73,-72.69,25.56
37.73,-72.67,25.55
37.73,-72.65,25.56
37.73,-72.63,25.59
37.73,-72.61,25.62
37.73,-72.59,25.65
37.73,-72.57,25.59
37.73,-72.55,25.65
37.73,-72.53,25.72
37.73,-72.51,25.77
37.73,-72.49,25.71
37.73,-72.33,25.67
37.73,-72.31,25.66
37.73,-72.29,25.64
37.73,-72.27,25.68
37.73,-72.25,25.7
37.71,-76.59,26.88
37.71,-76.57,27.28
37.71,-76.55,27.32
37.71,-76.29,26.19
37.71,-76.27,26.42
37.71,-76.25,26.59
37.71,-76.23,26.74
37.71,-76.21,26.77
37.71,-76.19,26.72
37.71,-76.17,26.7
37.71,-76.15,26.77
37.71,-76.13,26.72
37.71,-76.11,26.66
37.71,-76.09,26.67
37.71,-76.07,26.65
37.71,-76.05,26.68
37.71,-76.03,26.61
37.71,-76.01,26.57
37.71,-75.99,26.56
37.71,-75.97,26.58
37.71,-75.95,26.55
37.71,-75.77,25.77
37.71,-75.59,25.54
37.71,-75.57,25.46
37.71,-75.55,25.36
37.71,-75.53,25.11
37.71,-75.51,24.62
37.71,-75.49,24.37
37.71,-75.47,24.11
37.71,-75.45,23.98
37.71,-75.43,23.89
37.71,-75.41,23.78
37.71,-75.39,23.68
37.71,-75.37,23.69
37.71,-75.35,23.62
37.71,-75.33,23.41
37.71,-75.31,23.02
37.71,-75.29,22.81
37.71,-75.27,22.83
37.71,-75.25,22.91
37.71,-75.23,22.99
37.71,-75.21,23.11
37.71,-75.19,23.21
37.71,-75.17,23.34
37.71,-75.15,23.64
37.71,-75.13,23.72
37.71,-75.11,23.81
37.71,-75.09,23.89
37.71,-75.07,23.96
37.71,-75.05,24.0
37.71,-75.03,24.03
37.71,-75.01,24.01
37.71,-74.99,24.08
37.71,-74.97,24.11
37.71,-74.95,24.18
37.71,-74.93,24.46
37.71,-74.91,24.56
37.71,-74.89,24.51
37.71,-74.87,24.49
37.71,-74.85,24.56
37.71,-74.83,24.68
37.71,-74.81,24.78
37.71,-74.79,24.87
37.71,-74.77,24.92
37.71,-74.75,24.98
37.71,-74.73,24.95
37.71,-74.71,24.87
37.71,-74.69,24.82
37.71,-74.67,24.79
37.71,-74.65,24.76
37.71,-74.63,24.69
37.71,-74.61,24.63
37.71,-74.59,24.57
37.71,-74.57,24.53
37.71,-74.55,24.49
37.71,-74.47,24.58
37.71,-74.45,24.6
37.71,-74.43,24.58
37.71,-74.41,24.58
37.71,-74.39,24.64
37.71,-74.37,24.7
37.71,-74.35,24.75
37.71,-74.33,24.77
37.71,-74.31,24.77
37.71,-74.29,24.75
37.71,-74.27,24.67
37.71,-74.25,24.62
37.71,-74.23,24.63
37.71,-74.21,24.6
37.71,-74.19,24.57
37.71,-74.17,24.59
37.71,-74.15,24.51
37.71,-74.13,24.53
37.71,-74.11,24.75
37.71,-74.09,24.85
37.71,-74.07,25.1
37.71,-74.05,25.16
37.71,-74.03,25.21
37.71,-73.97,25.19
37.71,-73.95,25.17
37.71,-73.93,25.13
37.71,-73.91,25.02
37.71,-73.89,24.96
37.71,-73.87,25.0
37.71,-73.85,24.93
37.71,-73.83,24.9
37.71,-73.81,24.85
37.71,-73.79,24.76
37.71,-73.77,24.76
37.71,-73.75,24.77
37.71,-73.73,24.75
37.71,-73.71,24.71
37.71,-73.69,24.69
37.71,-73.67,24.69
37.71,-73.65,24.68
37.71,-73.63,24.68
37.71,-73.61,24.68
37.71,-73.59,24.65
37.71,-73.57,24.66
37.71,-73.55,24.67
37.71,-73.53,24.67
37.71,-73.51,24.66
37.71,-73.49,24.62
37.71,-73.45,24.84
37.71,-73.43,24.93
37.71,-73.41,24.98
37.71,-73.39,25.08
37.71,-73.37,25.05
37.71,-73.29,24.84
37.71,-73.25,25.05
37.71,-73.23,25.08
37.71,-73.21,25.12
37.71,-73.19,25.36
37.71,-73.09,25.08
37.71,-73.07,25.04
37.71,-73.01,25.28
37.71,-72.99,25.23
37.71,-72.93,25.39
37.71,-72.91,25.4
37.71,-72.89,25.39
37.71,-72.87,25.34
37.71,-72.85,25.41
37.71,-72.83,25.46
37.71,-72.81,25.45
37.71,-72.79,25.43
37.71,-72.77,25.45
37.71,-72.75,25.43
37.71,-72.73,25.43
37.71,-72.71,25.45
37.71,-72.69,25.5
37.71,-72.67,25.51
37.71,-72.65,25.55
37.71,-72.63,25.57
37.71,-72.61,25.55
37.71,-72.59,25.49
37.71,-72.57,25.58
37.71,-72.55,25.7
37.71,-72.53,25.71
37.71,-72.51,25.73
37.71,-72.49,25.71
37.71,-72.47,25.67
37.71,-72.45,25.64
37.71,-72.33,25.66
37.71,-72.31,25.66
37.71,-72.29,25.67
37.71,-72.27,25.68
37.71,-72.25,25.72
37.69,-76.59,26.76
37.69,-76.57,27.33
37.69,-76.55,27.37
37.69,-76.29,26.27
37.69,-76.27,26.56
37.69,-76.25,26.74
37.69,-76.23,26.83
37.69,-76.21,26.82
37.69,-76.19,26.79
37.69,-76.17,26.76
37.69,-76.15,26.79
37.69,-76.13,26.74
37.69,-76.11,26.72
37.69,-76.09,26.71
37.69,-76.07,26.77
37.69,-76.05,26.68
37.69,-76.03,26.62
37.69,-76.01,26.63
37.69,-75.99,26.69
37.69,-75.97,26.65
37.69,-75.59,25.54
37.69,-75.57,25.42
37.69,-75.55,25.18
37.69,-75.53,24.73
37.69,-75.51,24.43
37.69,-75.49,24.3
37.69,-75.47,24.08
37.69,-75.45,23.91
37.69,-75.43,23.83
37.69,-75.41,23.72
37.69,-75.39,23.5
37.69,-75.37,23.52
37.69,-75.35,23.43
37.69,-75.33,23.33
37.69,-75.31,23.02
37.69,-75.29,22.9
37.69,-75.27,22.82
37.69,-75.25,22.9
37.69,-75.23,23.1
37.69,-75.21,23.16
37.69,-75.19,23.23
37.69,-75.17,23.33
37.69,-75.15,23.43
37.69,-75.13,23.74
37.69,-75.11,23.81
37.69,-75.09,23.9
37.69,-75.07,23.95
37.69,-75.05,23.97
37.69,-75.03,23.98
37.69,-75.01,23.98
37.69,-74.99,24.02
37.69,-74.97,24.06
37.69,-74.95,24.14
37.69,-74.93,24.21
37.69,-74.91,24.46
37.69,-74.89,24.37
37.69,-74.87,24.31
37.69,-74.85,24.41
37.69,-74.83,24.55
37.69,-74.81,24.71
37.69,-74.79,24.84
37.69,-74.77,24.94
37.69,-74.75,25.08
37.69,-74.73,25.08
37.69,-74.71,24.99
37.69,-74.69,24.94
37.69,-74.67,24.88
37.69,-74.65,24.78
37.69,-74.63,24.71
37.69,-74.61,24.6
37.69,-74.51,24.53
37.69,-74.49,24.55
37.69,-74.47,24.51
37.69,-74.45,24.49
37.69,-74.43,24.49
37.69,-74.41,24.56
37.69,-74.39,24.6
37.69,-74.37,24.66
37.69,-74.35,24.75
37.69,-74.33,24.72
37.69,-74.31,24.66
37.69,-74.29,24.6
37.69,-74.27,24.56
37.69,-74.25,24.57
37.69,-74.23,24.58
37.69,-74.21,24.59
37.69,-74.19,24.59
37.69,-74.17,24.59
37.69,-74.15,24.52
37.69,-74.13,24.52
37.69,-74.11,24.92
37.69,-74.09,25.06
37.69,-74.07,25.17
37.69,-74.05,25.25
37.69,-74.01,25.38
37.69,-73.99,25.3
37.69,-73.97,25.26
37.69,-73.95,25.26
37.69,-73.93,25.21
37.69,-73.91,25.17
37.69,-73.89,25.11
37.69,-73.87,25.04
37.69,-73.85,25.0
37.69,-73.83,24.98
37.69,-73.81,24.94
37.69,-73.79,24.9
37.69,-73.77,24.92
37.69,-73.75,24.91
37.69,-73.73,24.8
37.69,-73.71,24.75
37.69,-73.69,24.7
37.69,-73.67,24.67
37.69,-73.65,24.68
37.69,-73.63,24.68
37.69,-73.61,24.66
37.69,-73.59,24.62
37.69,-73.57,24.62
37.69,-73.55,24.6
37.69,-73.53,24.62
37.69,-73.51,24.63
37.69,-73.49,24.61
37.69,-73.45,24.79
37.69,-73.43,24.89
37.69,-73.41,24.94
37.69,-73.39,25.0
37.69,-73.37,25.0
37.69,-73.23,25.3
37.69,-73.21,25.36
37.69,-73.19,25.4
37.69,-73.17,25.41
37.69,-73.15,25.48
37.69,-73.13,25.47
37.69,-73.11,25.38
37.69,-73.09,25.15
37.69,-73.07,25.1
37.69,-73.05,25.38
37.69,-73.03,25.4
37.69,-73.01,25.39
37.69,-72.99,25.41
37.69,-72.95,25.39
37.69,-72.93,25.39
37.69,-72.91,25.43
37.69,-72.89,25.48
37.69,-72.87,25.45
37.69,-72.85,25.45
37.69,-72.83,25.47
37.69,-72.81,25.47
37.69,-72.79,25.45
37.69,-72.77,25.44
37.69,-72.75,25.46
37.69,-72.73,25.43
37.69,-72.71,25.47
37.69,-72.69,25.48
37.69,-72.67,25.49
37.69,-72.65,25.54
37.69,-72.63,25.56
37.69,-72.61,25.55
37.69,-72.59,25.52
37.69,-72.57,25.57
37.69,-72.55,25.62
37.69,-72.53,25.69
37.69,-72.51,25.74
37.69,-72.49,25.77
37.69,-72.35,25.66
37.69,-72.33,25.69
37.69,-72.31,25.72
37.69,-72.29,25.69
37.69,-72.27,25.69
37.67,-76.57,27.22
37.67,-76.55,27.33
37.67,-76.35,26.16
37.67,-76.33,26.1
37.67,-76.31,26.13
37.67,-76.29,26.52
37.67,-76.27,26.74
37.67,-76.25,26.76
37.67,-76.23,26.82
37.67,-76.21,26.86
37.67,-76.19,26.88
37.67,-76.17,26.83
37.67,-76.15,26.81
37.67,-76.13,26.73
37.67,-76.11,26.72
37.67,-76.09,26.77
37.67,-76.07,26.82
37.67,-76.05,26.7
37.67,-76.03,26.69
37.67,-76.01,26.72
37.67,-75.99,26.74
37.67,-75.97,26.48
37.67,-75.95,26.41
37.67,-75.57,25.33
37.67,-75.55,25.14
37.67,-75.53,24.66
37.67,-75.51,24.32
37.67,-75.49,24.23
37.67,-75.47,24.15
37.67,-75.45,23.83
37.67,-75.43,23.77
37.67,-75.41,23.69
37.67,-75.39,23.49
37.67,-75.37,23.34
37.67,-75.35,23.23
37.67,-75.33,23.14
37.67,-75.31,23.06
37.67,-75.29,22.94
37.67,-75.27,22.92
37.67,-75.25,23.02
37.67,-75.23,23.17
37.67,-75.21,23.22
37.67,-75.19,23.3
37.67,-75.17,23.35
37.67,-75.15,23.35
37.67,-75.13,23.55
37.67,-75.11,23.69
37.67,-75.09,23.75
37.67,-75.07,23.9
37.67,-75.05,23.94
37.67,-75.03,23.95
37.67,-75.01,23.99
37.67,-74.99,24.02
37.67,-74.97,24.1
37.67,-74.95,24.14
37.67,-74.93,24.17
37.67,-74.91,24.16
37.67,-74.89,24.16
37.67,-74.87,24.2
37.67,-74.85,24.3
37.67,-74.83,24.43
37.67,-74.81,24.7
37.67,-74.79,24.85
37.67,-74.77,24.96
37.67,-74.75,25.02
37.67,-74.73,25.08
37.67,-74.71,25.07
37.67,-74.69,25.01
37.67,-74.67,24.94
37.67,-74.65,24.83
37.67,-74.63,24.8
37.67,-74.61,24.71
37.67,-74.55,24.52
37.67,-74.53,24.54
37.67,-74.51,24.55
37.67,-74.49,24.55
37.67,-74.47,24.53
37.67,-74.45,24.53
37.67,-74.43,24.52
37.67,-74.41,24.55
37.67,-74.39,24.57
37.67,-74.37,24.62
37.67,-74.35,24.64
37.67,-74.33,24.65
37.67,-74.31,24.6
37.67,-74.29,24.53
37.67,-74.27,24.51
37.67,-74.25,24.52
37.67,-74.23,24.51
37.67,-74.21,24.51
37.67,-74.19,24.63
37.67,-74.17,24.67
37.67,-74.15,24.72
37.67,-74.03,25.49
37.67,-74.01,25.46
37.67,-73.97,25.42
37.67,-73.95,25.38
37.67,-73.93,25.33
37.67,-73.91,25.24
37.67,-73.89,25.21
37.67,-73.87,25.17
37.67,-73.85,25.12
37.67,-73.83,25.08
37.67,-73.81,25.02
37.67,-73.79,25.01
37.67,-73.77,25.0
37.67,-73.75,24.93
37.67,-73.73,24.85
37.67,-73.71,24.77
37.67,-73.69,24.73
37.67,-73.67,24.69
37.67,-73.65,24.7
37.67,-73.63,24.68
37.67,-73.61,24.64
37.67,-73.59,24.62
37.67,-73.57,24.59
37.67,-73.55,24.59
37.67,-73.53,24.61
37.67,-73.51,24.62
37.67,-73.49,24.6
37.67,-73.47,24.62
37.67,-73.45,24.78
37.67,-73.43,24.89
37.67,-73.41,25.04
37.67,-73.39,25.04
37.67,-73.17,25.47
37.67,-73.15,25.53
37.67,-73.13,25.5
37.67,-73.11,25.46
37.67,-73.09,25.52
37.67,-73.07,25.51
37.67,-73.05,25.47
37.67,-73.03,25.44
37.67,-73.01,25.41
37.67,-72.99,25.41
37.67,-72.97,25.39
37.67,-72.95,25.43
37.67,-72.93,25.43
37.67,-72.91,25.48
37.67,-72.89,25.49
37.67,-72.87,25.46
37.67,-72.85,25.48
37.67,-72.83,25.51
37.67,-72.81,25.49
37.67,-72.79,25.45
37.67,-72.77,25.45
37.67,-72.75,25.45
37.67,-72.73,25.43
37.67,-72.71,25.45
37.67,-72.69,25.46
37.67,-72.67,25.45
37.67,-72.65,25.48
37.67,-72.63,25.5
37.67,-72.61,25.51
37.67,-72.59,25.52
37.67,-72.57,25.57
37.67,-72.55,25.55
37.67,-72.53,25.63
37.67,-72.51,25.77
37.67,-72.35,25.71
37.67,-72.33,25.71
37.67,-72.31,25.72
37.67,-72.29,25.69
37.67,-72.27,25.71
37.67,-72.25,25.71
37.67,-72.23,25.67
37.67,-72.21,25.67
37.65,-76.57,27.29
37.65,-76.55,27.33
37.65,-76.53,27.34
37.65,-76.49,27.18
37.65,-76.33,26.19
37.65,-76.31,26.24
37.65,-76.29,26.53
37.65,-76.27,26.78
37.65,-76.25,26.83
37.65,-76.23,26.83
37.65,-76.21,26.89
37.65,-76.19,26.93
37.65,-76.17,26.86
37.65,-76.15,26.81
37.65,-76.13,26.75
37.65,-76.11,26.74
37.65,-76.09,26.8
37.65,-76.07,26.8
37.65,-76.05,26.72
37.65,-76.03,26.71
37.65,-76.01,26.77
37.65,-75.99,26.61
37.65,-75.97,26.47
37.65,-75.65,25.63
37.65,-75.59,25.34
37.65,-75.57,25.29
37.65,-75.55,25.02
37.65,-75.53,24.43
37.65,-75.51,24.18
37.65,-75.49,24.13
37.65,-75.47,24.14
37.65,-75.45,23.94
37.65,-75.43,23.76
37.65,-75.41,23.67
37.65,-75.39,23.49
37.65,-75.37,23.22
37.65,-75.35,23.12
37.65,-75.33,23.1
37.65,-75.31,23.02
37.65,-75.29,23.02
37.65,-75.27,23.03
37.65,-75.25,23.06
37.65,-75.23,23.16
37.65,-75.21,23.28
37.65,-75.19,23.4
37.65,-75.17,23.41
37.65,-75.15,23.39
37.65,-75.13,23.33
37.65,-75.11,23.5
37.65,-75.09,23.61
37.65,-75.07,23.63
37.65,-75.05,23.83
37.65,-75.03,23.89
37.65,-75.01,23.99
37.65,-74.99,24.0
37.65,-74.97,24.06
37.65,-74.95,24.12
37.65,-74.93,24.06
37.65,-74.91,24.05
37.65,-74.89,24.08
37.65,-74.87,24.12
37.65,-74.85,24.19
37.65,-74.83,24.68
37.65,-74.81,24.86
37.65,-74.79,24.87
37.65,-74.77,25.0
37.65,-74.75,25.04
37.65,-74.73,25.02
37.65,-74.71,25.05
37.65,-74.69,25.04
37.65,-74.67,24.96
37.65,-74.65,24.86
37.65,-74.63,24.72
37.65,-74.61,24.65
37.65,-74.59,24.56
37.65,-74.57,24.52
37.65,-74.55,24.52
37.65,-74.53,24.56
37.65,-74.51,24.58
37.65,-74.49,24.58
37.65,-74.47,24.58
37.65,-74.45,24.56
37.65,-74.43,24.55
37.65,-74.41,24.56
37.65,-74.39,24.58
37.65,-74.37,24.59
37.65,-74.35,24.64
37.65,-74.33,24.62
37.65,-74.31,24.56
37.65,-74.29,24.47
37.65,-74.27,24.35
37.65,-74.25,24.19
37.65,-74.23,24.19
37.65,-74.19,24.61
37.65,-74.17,24.63
37.65,-74.15,24.72
37.65,-74.13,24.77
37.65,-74.11,24.89
37.65,-74.05,25.56
37.65,-74.03,25.58
37.65,-74.01,25.58
37.65,-73.99,25.6
37.65,-73.97,25.59
37.65,-73.95,25.5
37.65,-73.93,25.42
37.65,-73.91,25.29
37.65,-73.89,25.24
37.65,-73.87,25.21
37.65,-73.85,25.19
37.65,-73.83,25.14
37.65,-73.81,25.07
37.65,-73.79,25.05
37.65,-73.77,25.03
37.65,-73.75,24.97
37.65,-73.73,24.87
37.65,-73.71,24.85
37.65,-73.69,24.79
37.65,-73.67,24.69
37.65,-73.65,24.7
37.65,-73.63,24.72
37.65,-73.61,24.68
37.65,-73.59,24.66
37.65,-73.57,24.67
37.65,-73.55,24.67
37.65,-73.53,24.66
37.65,-73.51,24.62
37.65,-73.49,24.64
37.65,-73.47,24.72
37.65,-73.45,24.86
37.65,-73.15,25.49
37.65,-73.13,25.5
37.65,-73.11,25.51
37.65,-73.09,25.5
37.65,-73.07,25.47
37.65,-73.05,25.48
37.65,-73.01,25.37
37.65,-72.99,25.36
37.65,-72.97,25.38
37.65,-72.95,25.38
37.65,-72.91,25.4
37.65,-72.89,25.4
37.65,-72.87,25.41
37.65,-72.85,25.49
37.65,-72.83,25.52
37.65,-72.81,25.53
37.65,-72.79,25.51
37.65,-72.75,25.44
37.65,-72.73,25.42
37.65,-72.71,25.34
37.65,-72.69,25.37
37.65,-72.67,25.42
37.65,-72.65,25.42
37.65,-72.63,25.43
37.65,-72.61,25.44
37.65,-72.59,25.46
37.65,-72.57,25.49
37.65,-72.55,25.5
37.65,-72.53,25.6
37.65,-72.51,25.7
37.65,-72.35,25.73
37.65,-72.33,25.76
37.65,-72.31,25.74
37.65,-72.29,25.7
37.65,-72.27,25.7
37.65,-72.25,25.71
37.65,-72.23,25.71
37.65,-72.21,25.69
37.63,-76.55,27.17
37.63,-76.53,27.23
37.63,-76.51,27.2
37.63,-76.49,27.17
37.63,-76.47,27.12
37.63,-76.45,27.13
37.63,-76.43,27.14
37.63,-76.41,27.22
37.63,-76.33,26.51
37.63,-76.27,26.5
37.63,-76.25,26.79
37.63,-76.23,26.86
37.63,-76.21,26.95
37.63,-76.19,26.99
37.63,-76.17,26.9
37.63,-76.15,26.83
37.63,-76.13,26.74
37.63,-76.11,26.71
37.63,-76.09,26.73
37.63,-76.07,26.75
37.63,-76.05,26.71
37.63,-76.03,26.67
37.63,-76.01,26.72
37.63,-75.99,26.53
37.63,-75.97,26.53
37.63,-75.85,25.94
37.63,-75.65,25.4
37.63,-75.59,25.28
37.63,-75.57,25.12
37.63,-75.55,24.75
37.63,-75.53,24.37
37.63,-75.51,24.0
37.63,-75.49,24.04
37.63,-75.47,24.02
37.63,-75.45,23.9
37.63,-75.43,23.73
37.63,-75.41,23.61
37.63,-75.39,23.42
37.63,-75.37,23.26
37.63,-75.35,23.15
37.63,-75.33,23.03
37.63,-75.31,23.04
37.63,-75.29,23.18
37.63,-75.27,23.19
37.63,-75.25,23.15
37.63,-75.23,23.27
37.63,-75.21,23.35
37.63,-75.19,23.41
37.63,-75.17,23.47
37.63,-75.15,23.49
37.63,-75.13,23.41
37.63,-75.11,23.31
37.63,-75.09,23.28
37.63,-75.07,23.37
37.63,-75.05,23.65
37.63,-75.03,23.81
37.63,-75.01,23.9
37.63,-74.99,23.94
37.63,-74.97,23.99
37.63,-74.95,24.01
37.63,-74.93,24.0
37.63,-74.91,24.01
37.63,-74.89,24.02
37.63,-74.87,24.09
37.63,-74.85,24.34
37.63,-74.83,24.62
37.63,-74.81,24.78
37.63,-74.79,24.91
37.63,-74.77,25.05
37.63,-74.75,25.08
37.63,-74.73,25.05
37.63,-74.71,25.05
37.63,-74.69,25.05
37.63,-74.67,24.94
37.63,-74.65,24.86
37.63,-74.63,24.76
37.63,-74.61,24.69
37.63,-74.59,24.64
37.63,-74.57,24.58
37.63,-74.55,24.55
37.63,-74.53,24.6
37.63,-74.51,24.61
37.63,-74.49,24.61
37.63,-74.47,24.63
37.63,-74.45,24.61
37.63,-74.43,24.59
37.63,-74.41,24.57
37.63,-74.39,24.61
37.63,-74.37,24.61
37.63,-74.35,24.59
37.63,-74.33,24.57
37.63,-74.31,24.39
37.63,-74.29,24.42
37.63,-74.27,24.47
37.63,-74.25,24.45
37.63,-74.23,24.43
37.63,-74.21,24.42
37.63,-74.19,24.28
37.63,-74.13,24.77
37.63,-74.11,24.81
37.63,-74.03,25.61
37.63,-73.99,25.64
37.63,-73.97,25.64
37.63,-73.95,25.66
37.63,-73.93,25.65
37.63,-73.91,25.5
37.63,-73.89,25.31
37.63,-73.87,25.27
37.63,-73.85,25.26
37.63,-73.83,25.16
37.63,-73.81,25.12
37.63,-73.79,25.09
37.63,-73.77,25.09
37.63,-73.75,25.01
37.63,-73.73,24.94
37.63,-73.71,24.92
37.63,-73.69,24.9
37.63,-73.67,24.83
37.63,-73.65,24.81
37.63,-73.63,24.82
37.63,-73.61,24.79
37.63,-73.59,24.72
37.63,-73.57,24.82
37.63,-73.55,24.79
37.63,-73.53,24.82
37.63,-73.51,24.85
37.63,-73.49,24.87
37.63,-73.47,25.01
37.63,-73.45,25.0
37.63,-73.41,25.1
37.63,-73.17,25.55
37.63,-73.15,25.53
37.63,-73.13,25.51
37.63,-73.07,25.46
37.63,-73.01,25.34
37.63,-72.99,25.35
37.63,-72.97,25.41
37.63,-72.95,25.4
37.63,-72.93,25.29
37.63,-72.91,25.26
37.63,-72.89,25.33
37.63,-72.87,25.47
37.63,-72.85,25.53
37.63,-72.83,25.57
37.63,-72.81,25.58
37.63,-72.79,25.59
37.63,-72.77,25.48
37.63,-72.75,25.46
37.63,-72.73,25.43
37.63,-72.71,25.44
37.63,-72.69,25.41
37.63,-72.67,25.37
37.63,-72.65,25.36
37.63,-72.63,25.38
37.63,-72.61,25.38
37.63,-72.59,25.41
37.63,-72.57,25.45
37.63,-72.55,25.45
37.63,-72.53,25.41
37.63,-72.31,25.74
37.63,-72.29,25.72
37.63,-72.27,25.72
37.63,-72.25,25.7
37.63,-72.23,25.74
37.63,-72.21,25.85
37.61,-76.43,27.01
37.61,-76.41,27.11
37.61,-76.39,27.19
37.61,-76.37,27.08
37.61,-76.35,26.78
37.61,-76.33,26.84
37.61,-76.31,27.0
37.61,-76.29,26.75
37.61,-76.27,26.41
37.61,-76.25,26.41
37.61,-76.23,26.35
37.61,-76.21,26.64
37.61,-76.19,26.92
37.61,-76.17,26.9
37.61,-76.15,26.83
37.61,-76.13,26.76
37.61,-76.11,26.68
37.61,-76.09,26.66
37.61,-76.07,26.65
37.61,-76.05,26.64
37.61,-76.03,26.62
37.61,-76.01,26.55
37.61,-75.99,26.49
37.61,-75.97,26.45
37.61,-75.63,25.49
37.61,-75.61,25.2
37.61,-75.59,25.16
37.61,-75.57,24.95
37.61,-75.55,24.54
37.61,-75.53,24.29
37.61,-75.51,23.9
37.61,-75.49,23.8
37.61,-75.47,23.88
37.61,-75.45,23.84
37.61,-75.43,23.66
37.61,-75.41,23.44
37.61,-75.39,23.33
37.61,-75.37,23.25
37.61,-75.35,23.12
37.61,-75.33,23.1
37.61,-75.31,23.2
37.61,-75.29,23.31
37.61,-75.27,23.36
37.61,-75.25,23.38
37.61,-75.23,23.38
37.61,-75.21,23.4
37.61,-75.19,23.4
37.61,-75.17,23.46
37.61,-75.15,23.54
37.61,-75.13,23.58
37.61,-75.11,23.41
37.61,-75.09,23.3
37.61,-75.07,23.31
37.61,-75.05,23.32
37.61,-75.03,23.45
37.61,-75.01,23.75
37.61,-74.99,23.84
37.61,-74.97,23.93
37.61,-74.95,23.96
37.61,-74.93,23.93
37.61,-74.91,24.0
37.61,-74.89,24.03
37.61,-74.87,24.18
37.61,-74.85,24.34
37.61,-74.83,24.48
37.61,-74.81,24.66
37.61,-74.79,24.92
37.61,-74.77,25.06
37.61,-74.75,25.09
37.61,-74.73,25.06
37.61,-74.71,25.09
37.61,-74.69,25.09
37.61,-74.67,25.07
37.61,-74.65,24.97
37.61,-74.63,24.84
37.61,-74.61,24.78
37.61,-74.59,24.69
37.61,-74.57,24.65
37.61,-74.55,24.63
37.61,-74.53,24.61
37.61,-74.51,24.61
37.61,-74.49,24.64
37.61,-74.47,24.63
37.61,-74.45,24.64
37.61,-74.43,24.62
37.61,-74.41,24.6
37.61,-74.39,24.61
37.61,-74.37,24.57
37.61,-74.35,24.52
37.61,-74.33,24.34
37.61,-74.31,24.37
37.61,-74.29,24.47
37.61,-74.27,24.49
37.61,-74.25,24.48
37.61,-74.23,24.5
37.61,-74.21,24.47
37.61,-74.19,24.44
37.61,-74.17,24.3
37.61,-74.15,24.16
37.61,-74.13,24.06
37.61,-74.11,24.6
37.61,-74.09,24.77
37.61,-74.07,24.96
37.61,-74.05,25.4
37.61,-74.03,25.55
37.61,-74.01,25.7
37.61,-73.99,25.68
37.61,-73.97,25.69
37.61,-73.95,25.68
37.61,-73.93,25.63
37.61,-73.91,25.62
37.61,-73.89,25.51
37.61,-73.87,25.33
37.61,-73.85,25.33
37.61,-73.83,25.23
37.61,-73.81,25.18
37.61,-73.79,25.17
37.61,-73.77,25.15
37.61,-73.75,25.09
37.61,-73.73,25.05
37.61,-73.71,25.05
37.61,-73.69,25.0
37.61,-73.67,24.98
37.61,-73.65,24.94
37.61,-73.63,24.95
37.61,-73.61,24.96
37.61,-73.59,24.98
37.61,-73.57,24.99
37.61,-73.55,25.03
37.61,-73.53,25.09
37.61,-73.51,25.11
37.61,-73.49,25.1
37.61,-73.47,25.09
37.61,-73.23,25.4
37.61,-73.17,25.54
37.61,-73.15,25.53
37.61,-73.13,25.51
37.61,-73.11,25.52
37.61,-72.99,25.4
37.61,-72.97,25.37
37.61,-72.95,25.31
37.61,-72.93,25.38
37.61,-72.91,25.39
37.61,-72.89,25.41
37.61,-72.87,25.52
37.61,-72.85,25.58
37.61,-72.83,25.59
37.61,-72.81,25.6
37.61,-72.79,25.59
37.61,-72.77,25.56
37.61,-72.75,25.48
37.61,-72.73,25.47
37.61,-72.71,25.51
37.61,-72.69,25.41
37.61,-72.67,25.34
37.61,-72.65,25.33
37.61,-72.63,25.37
37.61,-72.61,25.38
37.61,-72.59,25.38
37.61,-72.57,25.38
37.61,-72.55,25.41
37.61,-72.53,25.41
37.61,-72.51,25.41
37.61,-72.49,25.44
37.61,-72.47,25.46
37.61,-72.45,25.45
37.61,-72.41,25.71
37.61,-72.39,25.73
37.61,-72.37,25.71
37.61,-72.35,25.71
37.61,-72.33,25.7
37.61,-72.31,25.72
37.61,-72.29,25.74
37.61,-72.27,25.73
37.61,-72.25,25.72
37.61,-72.23,25.7
37.61,-72.21,25.72
37.59,-76.41,27.01
37.59,-76.39,27.05
37.59,-76.37,27.06
37.59,-76.35,27.01
37.59,-76.33,26.94
37.59,-76.31,26.91
37.59,-76.29,26.8
37.59,-76.27,26.82
37.59,-76.25,26.87
37.59,-76.23,26.78
37.59,-76.21,26.73
37.59,-76.19,26.82
37.59,-76.17,26.81
37.59,-76.15,26.82
37.59,-76.13,26.73
37.59,-76.11,26.65
37.59,-76.09,26.66
37.59,-76.07,26.61
37.59,-76.05,26.54
37.59,-76.03,26.5
37.59,-76.01,26.33
37.59,-75.99,26.35
37.59,-75.69,25.92
37.59,-75.67,25.91
37.59,-75.63,25.23
37.59,-75.61,25.08
37.59,-75.59,25.06
37.59,-75.57,24.94
37.59,-75.55,24.48
37.59,-75.53,24.2
37.59,-75.51,23.72
37.59,-75.49,23.67
37.59,-75.47,23.77
37.59,-75.45,23.79
37.59,-75.43,23.64
37.59,-75.41,23.26
37.59,-75.39,23.16
37.59,-75.37,23.21
37.59,-75.35,23.21
37.59,-75.33,23.24
37.59,-75.31,23.29
37.59,-75.29,23.44
37.59,-75.27,23.53
37.59,-75.25,23.52
37.59,-75.23,23.53
37.59,-75.21,23.47
37.59,-75.19,23.54
37.59,-75.17,23.54
37.59,-75.15,23.55
37.59,-75.13,23.57
37.59,-75.11,23.46
37.59,-75.09,23.33
37.59,-75.07,23.27
37.59,-75.05,23.37
37.59,-75.03,23.42
37.59,-75.01,23.53
37.59,-74.99,23.71
37.59,-74.97,23.85
37.59,-74.95,23.9
37.59,-74.93,23.91
37.59,-74.91,23.99
37.59,-74.89,24.1
37.59,-74.87,24.16
37.59,-74.85,24.29
37.59,-74.83,24.52
37.59,-74.81,24.72
37.59,-74.79,24.83
37.59,-74.77,25.09
37.59,-74.75,25.37
37.59,-74.73,25.29
37.59,-74.71,25.18
37.59,-74.69,25.08
37.59,-74.67,25.14
37.59,-74.65,25.05
37.59,-74.63,24.94
37.59,-74.61,24.86
37.59,-74.59,24.73
37.59,-74.57,24.68
37.59,-74.55,24.68
37.59,-74.53,24.7
37.59,-74.51,24.66
37.59,-74.49,24.65
37.59,-74.47,24.66
37.59,-74.45,24.65
37.59,-74.43,24.65
37.59,-74.41,24.62
37.59,-74.39,24.6
37.59,-74.37,24.54
37.59,-74.35,24.48
37.59,-74.33,24.34
37.59,-74.31,24.42
37.59,-74.29,24.49
37.59,-74.27,24.51
37.59,-74.25,24.52
37.59,-74.23,24.56
37.59,-74.21,24.55
37.59,-74.19,24.56
37.59,-74.17,24.56
37.59,-74.15,24.41
37.59,-74.13,24.03
37.59,-74.11,24.36
37.59,-74.09,24.75
37.59,-74.07,24.88
37.59,-74.05,24.99
37.59,-74.03,25.66
37.59,-74.01,25.72
37.59,-73.99,25.7
37.59,-73.97,25.72
37.59,-73.95,25.66
37.59,-73.93,25.61
37.59,-73.91,25.63
37.59,-73.89,25.6
37.59,-73.87,25.44
37.59,-73.85,25.37
37.59,-73.83,25.31
37.59,-73.81,25.29
37.59,-73.79,25.25
37.59,-73.77,25.18
37.59,-73.75,25.14
37.59,-73.73,25.15
37.59,-73.71,25.11
37.59,-73.69,25.07
37.59,-73.67,25.13
37.59,-73.65,25.13
37.59,-73.63,25.13
37.59,-73.61,25.13
37.59,-73.59,25.19
37.59,-73.57,25.23
37.59,-73.55,25.27
37.59,-73.53,25.21
37.59,-73.51,25.21
37.59,-73.13,25.47
37.59,-73.11,25.52
37.59,-73.05,25.57
37.59,-73.03,25.57
37.59,-72.99,25.5
37.59,-72.97,25.47
37.59,-72.95,25.55
37.59,-72.93,25.43
37.59,-72.91,25.45
37.59,-72.89,25.53
37.59,-72.87,25.57
37.59,-72.85,25.59
37.59,-72.83,25.62
37.59,-72.81,25.61
37.59,-72.79,25.6
37.59,-72.77,25.61
37.59,-72.75,25.57
37.59,-72.73,25.54
37.59,-72.71,25.44
37.59,-72.69,25.33
37.59,-72.67,25.27
37.59,-72.65,25.33
37.59,-72.63,25.38
37.59,-72.61,25.42
37.59,-72.59,25.41
37.59,-72.57,25.41
37.59,-72.53,25.4
37.59,-72.51,25.38
37.59,-72.49,25.37
37.59,-72.47,25.36
37.59,-72.45,25.39
37.59,-72.43,25.41
37.59,-72.41,25.66
37.59,-72.39,25.71
37.59,-72.37,25.71
37.59,-72.35,25.7
37.59,-72.33,25.67
37.59,-72.29,25.72
37.59,-72.27,25.71
37.59,-72.25,25.72
37.59,-72.23,25.71
37.59,-72.21,25.7
37.57,-76.33,26.84
37.57,-76.31,26.74
37.57,-76.29,26.58
37.57,-76.27,26.56
37.57,-76.25,26.87
37.57,-76.23,26.88
37.57,-76.21,26.83
37.57,-76.19,26.8
37.57,-76.17,26.83
37.57,-76.15,26.75
37.57,-76.13,26.69
37.57,-76.11,26.64
37.57,-76.09,26.65
37.57,-76.07,26.54
37.57,-76.05,26.46
37.57,-76.01,26.32
37.57,-75.99,26.36
37.57,-75.67,26.3
37.57,-75.65,26.28
37.57,-75.59,24.99
37.57,-75.57,24.89
37.57,-75.55,24.33
37.57,-75.53,23.86
37.57,-75.51,23.61
37.57,-75.49,23.66
37.57,-75.47,23.68
37.57,-75.45,23.66
37.57,-75.43,23.47
37.57,-75.41,23.09
37.57,-75.39,23.15
37.57,-75.37,23.22
37.57,-75.35,23.25
37.57,-75.33,23.27
37.57,-75.31,23.46
37.57,-75.29,23.6
37.57,-75.27,23.66
37.57,-75.25,23.64
37.57,-75.23,23.68
37.57,-75.21,23.7
37.57,-75.19,23.66
37.57,-75.17,23.63
37.57,-75.15,23.59
37.57,-75.13,23.53
37.57,-75.11,23.47
37.57,-75.09,23.33
37.57,-75.07,23.33
37.57,-75.05,23.36
37.57,-75.03,23.42
37.57,-75.01,23.54
37.57,-74.99,23.62
37.57,-74.97,23.77
37.57,-74.95,23.86
37.57,-74.93,23.88
37.57,-74.91,23.96
37.57,-74.89,24.02
37.57,-74.87,24.1
37.57,-74.85,24.39
37.57,-74.83,24.89
37.57,-74.81,25.02
37.57,-74.79,25.15
37.57,-74.77,25.2
37.57,-74.75,25.26
37.57,-74.73,25.28
37.57,-74.71,25.24
37.57,-74.67,25.14
37.57,-74.65,25.09
37.57,-74.63,24.95
37.57,-74.61,24.88
37.57,-74.59,24.79
37.57,-74.57,24.75
37.57,-74.55,24.73
37.57,-74.53,24.72
37.57,-74.51,24.68
37.57,-74.49,24.66
37.57,-74.47,24.68
37.57,-74.45,24.66
37.57,-74.43,24.64
37.57,-74.41,24.62
37.57,-74.39,24.58
37.57,-74.37,24.48
37.57,-74.35,24.37
37.57,-74.33,24.39
37.57,-74.31,24.48
37.57,-74.29,24.5
37.57,-74.27,24.54
37.57,-74.25,24.58
37.57,-74.23,24.61
37.57,-74.21,24.62
37.57,-74.19,24.61
37.57,-74.15,24.44
37.57,-74.13,24.49
37.57,-74.11,24.1
37.57,-74.09,24.57
37.57,-74.07,24.71
37.57,-74.01,25.64
37.57,-73.99,25.66
37.57,-73.97,25.66
37.57,-73.95,25.64
37.57,-73.93,25.64
37.57,-73.91,25.62
37.57,-73.89,25.56
37.57,-73.87,25.45
37.57,-73.85,25.44
37.57,-73.83,25.42
37.57,-73.81,25.41
37.57,-73.79,25.37
37.57,-73.77,25.28
37.57,-73.75,25.23
37.57,-73.73,25.19
37.57,-73.69,25.22
37.57,-73.67,25.21
37.57,-73.65,25.17
37.57,-73.63,25.19
37.57,-73.61,25.18
37.57,-73.55,25.28
37.57,-73.53,25.27
37.57,-73.15,25.24
37.57,-73.05,25.45
37.57,-73.03,25.53
37.57,-73.01,25.54
37.57,-72.99,25.58
37.57,-72.97,25.6
37.57,-72.95,25.55
37.57,-72.89,25.56
37.57,-72.87,25.55
37.57,-72.85,25.57
37.57,-72.83,25.59
37.57,-72.81,25.63
37.57,-72.79,25.63
37.57,-72.77,25.62
37.57,-72.75,25.58
37.57,-72.73,25.57
37.57,-72.71,25.43
37.57,-72.69,25.28
37.57,-72.67,25.2
37.57,-72.65,25.26
37.57,-72.63,25.33
37.57,-72.61,25.36
37.57,-72.59,25.42
37.57,-72.57,25.54
37.57,-72.55,25.61
37.57,-72.53,25.7
37.57,-72.51,25.59
37.57,-72.49,25.35
37.57,-72.47,25.35
37.57,-72.45,25.33
37.57,-72.43,25.38
37.57,-72.41,25.43
37.57,-72.39,25.49
37.57,-72.37,25.67
37.57,-72.35,25.75
37.57,-72.33,25.79
37.57,-72.31,25.74
37.57,-72.29,25.73
37.57,-72.27,25.74
37.57,-72.25,25.74
37.57,-72.23,25.74
37.57,-72.21,25.72
37.55,-76.29,26.76
37.55,-76.27,26.82
37.55,-76.25,26.83
37.55,-76.23,26.84
37.55,-76.21,26.81
37.55,-76.19,26.77
37.55,-76.17,26.77
37.55,-76.15,26.69
37.55,-76.13,26.64
37.55,-76.11,26.6
37.55,-76.09,26.57
37.55,-76.07,26.52
37.55,-76.05,26.45
37.55,-76.03,26.42
37.55,-76.01,26.44
37.55,-75.99,26.47
37.55,-75.97,26.2
37.55,-75.95,26.13
37.55,-75.75,25.43
37.55,-75.67,25.71
37.55,-75.61,25.1
37.55,-75.59,24.98
37.55,-75.57,24.68
37.55,-75.55,24.12
37.55,-75.53,23.62
37.55,-75.51,23.54
37.55,-75.49,23.57
37.55,-75.47,23.61
37.55,-75.45,23.5
37.55,-75.43,23.24
37.55,-75.41,23.16
37.55,-75.39,23.24
37.55,-75.37,23.29
37.55,-75.35,23.32
37.55,-75.33,23.45
37.55,-75.31,23.55
37.55,-75.29,23.66
37.55,-75.27,23.79
37.55,-75.25,23.8
37.55,-75.23,23.8
37.55,-75.21,23.8
37.55,-75.19,23.71
37.55,-75.17,23.65
37.55,-75.15,23.6
37.55,-75.13,23.51
37.55,-75.11,23.48
37.55,-75.09,23.38
37.55,-75.07,23.41
37.55,-75.05,23.41
37.55,-75.03,23.39
37.55,-75.01,23.52
37.55,-74.99,23.63
37.55,-74.97,23.69
37.55,-74.95,23.82
37.55,-74.93,23.84
37.55,-74.91,23.88
37.55,-74.89,23.96
37.55,-74.87,24.0
37.55,-74.85,24.32
37.55,-74.83,24.97
37.55,-74.81,25.15
37.55,-74.79,25.21
37.55,-74.77,25.2
37.55,-74.75,25.26
37.55,-74.73,25.27
37.55,-74.71,25.25
37.55,-74.67,25.11
37.55,-74.65,25.12
37.55,-74.63,25.03
37.55,-74.61,24.95
37.55,-74.59,24.96
37.55,-74.57,24.89
37.55,-74.55,24.79
37.55,-74.53,24.76
37.55,-74.51,24.76
37.55,-74.49,24.72
37.55,-74.47,24.71
37.55,-74.45,24.68
37.55,-74.43,24.62
37.55,-74.41,24.61
37.55,-74.39,24.55
37.55,-74.37,24.5
37.55,-74.35,24.42
37.55,-74.33,24.44
37.55,-74.31,24.5
37.55,-74.29,24.47
37.55,-74.27,24.52
37.55,-74.25,24.6
37.55,-74.23,24.62
37.55,-74.21,24.64
37.55,-74.19,24.61
37.55,-74.17,24.56
37.55,-74.15,24.56
37.55,-74.13,24.51
37.55,-74.11,24.39
37.55,-74.09,24.32
37.55,-74.07,24.59
37.55,-74.03,25.52
37.55,-74.01,25.54
37.55,-73.99,25.59
37.55,-73.97,25.67
37.55,-73.95,25.65
37.55,-73.93,25.67
37.55,-73.91,25.65
37.55,-73.89,25.69
37.55,-73.87,25.7
37.55,-73.85,25.65
37.55,-73.83,25.59
37.55,-73.81,25.56
37.55,-73.79,25.55
37.55,-73.77,25.53
37.55,-73.75,25.52
37.55,-73.73,25.53
37.55,-73.71,25.48
37.55,-73.69,25.41
37.55,-73.67,25.33
37.55,-73.65,25.29
37.55,-73.63,25.22
37.55,-73.61,25.21
37.55,-73.59,25.1
37.55,-72.91,25.49
37.55,-72.89,25.41
37.55,-72.87,25.4
37.55,-72.85,25.37
37.55,-72.83,25.4
37.55,-72.81,25.53
37.55,-72.79,25.52
37.55,-72.77,25.48
37.55,-72.75,25.53
37.55,-72.73,25.52
37.55,-72.71,25.49
37.55,-72.69,25.35
37.55,-72.67,25.23
37.55,-72.65,25.24
37.55,-72.63,25.22
37.55,-72.61,25.24
37.55,-72.59,25.39
37.55,-72.57,25.58
37.55,-72.55,25.71
37.55,-72.53,25.78
37.55,-72.51,25.81
37.55,-72.49,25.7
37.55,-72.47,25.58
37.55,-72.45,25.52
37.55,-72.43,25.44
37.55,-72.35,25.71
37.55,-72.33,25.73
37.55,-72.31,25.75
37.55,-72.29,25.7
37.53,-76.79,27.18
37.53,-76.37,27.12
37.53,-76.35,26.99
37.53,-76.31,26.88
37.53,-76.29,26.68
37.53,-76.27,26.69
37.53,-76.25,26.84
37.53,-76.23,26.82
37.53,-76.21,26.78
37.53,-76.19,26.74
37.53,-76.17,26.71
37.53,-76.15,26.66
37.53,-76.13,26.58
37.53,-76.11,26.53
37.53,-76.09,26.52
37.53,-76.07,26.53
37.53,-76.05,26.48
37.53,-76.03,26.43
37.53,-76.01,26.48
37.53,-75.99,26.45
37.53,-75.97,26.22
37.53,-75.95,26.15
37.53,-75.77,26.71
37.53,-75.73,25.42
37.53,-75.71,25.44
37.53,-75.67,25.8
37.53,-75.61,25.02
37.53,-75.59,24.77
37.53,-75.57,24.29
37.53,-75.55,23.79
37.53,-75.53,23.38
37.53,-75.51,23.45
37.53,-75.49,23.47
37.53,-75.47,23.42
37.53,-75.45,23.3
37.53,-75.43,23.28
37.53,-75.41,23.3
37.53,-75.39,23.32
37.53,-75.37,23.34
37.53,-75.35,23.39
37.53,-75.33,23.57
37.53,-75.31,23.74
37.53,-75.29,23.74
37.53,-75.27,23.83
37.53,-75.25,23.86
37.53,-75.23,23.88
37.53,-75.21,23.88
37.53,-75.19,23.83
37.53,-75.17,23.62
37.53,-75.15,23.57
37.53,-75.13,23.47
37.53,-75.11,23.51
37.53,-75.09,23.46
37.53,-75.07,23.43
37.53,-75.05,23.44
37.53,-75.03,23.41
37.53,-75.01,23.49
37.53,-74.99,23.59
37.53,-74.97,23.64
37.53,-74.95,23.68
37.53,-74.93,23.88
37.53,-74.91,23.98
37.53,-74.89,23.94
37.53,-74.87,23.92
37.53,-74.83,25.18
37.53,-74.81,25.19
37.53,-74.79,25.22
37.53,-74.77,25.22
37.53,-74.75,25.24
37.53,-74.67,25.09
37.53,-74.65,25.12
37.53,-74.63,25.1
37.53,-74.61,25.04
37.53,-74.59,24.96
37.53,-74.57,24.95
37.53,-74.53,24.86
37.53,-74.51,24.84
37.53,-74.49,24.76
37.53,-74.47,24.75
37.53,-74.45,24.7
37.53,-74.43,24.61
37.53,-74.41,24.53
37.53,-74.39,24.58
37.53,-74.37,24.52
37.53,-74.35,24.42
37.53,-74.33,24.46
37.53,-74.31,24.45
37.53,-74.29,24.5
37.53,-74.27,24.59
37.53,-74.25,24.61
37.53,-74.23,24.62
37.53,-74.21,24.6
37.53,-74.19,24.58
37.53,-74.17,24.56
37.53,-74.15,24.58
37.53,-74.13,24.51
37.53,-74.11,24.37
37.53,-74.07,24.62
37.53,-74.05,24.67
37.53,-74.03,24.82
37.53,-74.01,24.99
37.53,-73.99,25.67
37.53,-73.97,25.71
37.53,-73.95,25.69
37.53,-73.93,25.69
37.53,-73.91,25.65
37.53,-73.89,25.68
37.53,-73.87,25.68
37.53,-73.85,25.66
37.53,-73.83,25.64
37.53,-73.81,25.59
37.53,-73.79,25.61
37.53,-73.77,25.6
37.53,-73.75,25.6
37.53,-73.73,25.6
37.53,-73.71,25.56
37.53,-73.69,25.56
37.53,-73.67,25.49
37.53,-73.03,25.35
37.53,-72.97,25.42
37.53,-72.87,25.26
37.53,-72.85,25.2
37.53,-72.83,25.22
37.53,-72.81,25.26
37.53,-72.79,25.21
37.53,-72.77,25.22
37.53,-72.75,25.26
37.53,-72.73,25.31
37.53,-72.71,25.31
37.53,-72.69,25.28
37.53,-72.67,25.27
37.53,-72.65,25.24
37.53,-72.63,25.22
37.53,-72.61,25.3
37.53,-72.59,25.4
37.53,-72.57,25.48
37.53,-72.55,25.61
37.53,-72.53,25.81
37.53,-72.51,25.96
37.53,-72.49,26.01
37.53,-72.47,25.97
37.53,-72.45,25.85
37.53,-72.35,25.45
37.53,-72.33,25.51
37.53,-72.31,25.61
37.53,-72.29,25.69
37.53,-72.27,25.84
37.53,-72.25,25.79
37.51,-76.79,27.17
37.51,-76.35,26.84
37.51,-76.33,26.86
37.51,-76.31,26.88
37.51,-76.27,26.7
37.51,-76.25,26.72
37.51,-76.23,26.81
37.51,-76.21,26.81
37.51,-76.19,26.71
37.51,-76.17,26.68
37.51,-76.15,26.64
37.51,-76.13,26.59
37.51,-76.11,26.53
37.51,-76.09,26.53
37.51,-76.07,26.5
37.51,-76.05,26.46
37.51,-76.03,26.45
37.51,-75.97,26.2
37.51,-75.75,25.43
37.51,-75.69,25.69
37.51,-75.63,24.99
37.51,-75.61,25.0
37.51,-75.59,24.64
37.51,-75.57,24.09
37.51,-75.55,23.3
37.51,-75.53,23.33
37.51,-75.51,23.36
37.51,-75.49,23.36
37.51,-75.47,23.34
37.51,-75.45,23.28
37.51,-75.43,23.38
37.51,-75.41,23.28
37.51,-75.39,23.32
37.51,-75.37,23.35
37.51,-75.35,23.48
37.51,-75.33,23.83
37.51,-75.31,23.84
37.51,-75.29,23.84
37.51,-75.27,23.85
37.51,-75.25,23.88
37.51,-75.23,23.94
37.51,-75.21,23.91
37.51,-75.19,23.84
37.51,-75.17,23.69
37.51,-75.15,23.55
37.51,-75.13,23.54
37.51,-75.11,23.52
37.51,-75.09,23.47
37.51,-75.07,23.44
37.51,-75.05,23.43
37.51,-75.03,23.45
37.51,-75.01,23.52
37.51,-74.99,23.56
37.51,-74.97,23.63
37.51,-74.95,23.65
37.51,-74.93,23.82
37.51,-74.91,23.92
37.51,-74.89,23.91
37.51,-74.87,24.85
37.51,-74.85,24.96
37.51,-74.83,25.05
37.51,-74.81,25.12
37.51,-74.79,25.17
37.51,-74.77,25.24
37.51,-74.75,25.27
37.51,-74.73,25.59
37.51,-74.71,25.64
37.51,-74.69,25.29
37.51,-74.67,25.27
37.51,-74.65,25.22
37.51,-74.63,25.09
37.51,-74.61,25.04
37.51,-74.59,24.98
37.51,-74.57,24.93
37.51,-74.55,24.92
37.51,-74.53,24.91
37.51,-74.51,24.92
37.51,-74.47,24.8
37.51,-74.45,24.73
37.51,-74.43,24.65
37.51,-74.41,24.6
37.51,-74.39,24.57
37.51,-74.37,24.5
37.51,-74.35,24.46
37.51,-74.33,24.45
37.51,-74.31,24.5
37.51,-74.29,24.54
37.51,-74.27,24.57
37.51,-74.25,24.55
37.51,-74.23,24.56
37.51,-74.21,24.58
37.51,-74.19,24.55
37.51,-74.17,24.6
37.51,-74.15,24.59
37.51,-74.13,24.49
37.51,-74.11,24.34
37.51,-74.07,24.62
37.51,-74.05,24.73
37.51,-74.03,24.79
37.51,-73.97,25.62
37.51,-73.95,25.61
37.51,-73.93,25.57
37.51,-73.91,25.47
37.51,-73.89,25.45
37.51,-73.87,25.54
37.51,-73.83,25.69
37.51,-73.81,25.69
37.51,-73.79,25.64
37.51,-73.77,25.7
37.51,-73.75,25.69
37.51,-73.73,25.7
37.51,-73.71,25.64
37.51,-73.69,25.62
37.51,-72.99,25.42
37.51,-72.89,25.37
37.51,-72.81,25.34
37.51,-72.79,25.29
37.51,-72.77,25.28
37.51,-72.75,25.21
37.51,-72.73,25.22
37.51,-72.71,25.22
37.51,-72.69,25.24
37.51,-72.67,25.29
37.51,-72.65,25.3
37.51,-72.63,25.35
37.51,-72.61,25.38
37.51,-72.59,25.43
37.51,-72.57,25.45
37.51,-72.55,25.49
37.51,-72.53,25.54
37.51,-72.51,25.61
37.51,-72.49,25.92
37.51,-72.47,25.96
37.51,-72.35,25.47
37.51,-72.33,25.43
37.51,-72.31,25.44
37.51,-72.29,25.47
37.51,-72.27,25.53
37.51,-72.25,25.59
37.51,-72.23,25.59
37.49,-76.77,26.97
37.49,-76.75,26.99
37.49,-76.27,26.61
37.49,-76.25,26.54
37.49,-76.23,26.55
37.49,-76.21,26.69
37.49,-76.19,26.77
37.49,-76.17,26.68
37.49,-76.15,26.64
37.49,-76.13,26.6
37.49,-76.11,26.55
37.49,-76.09,26.52
37.49,-76.05,26.38
37.49,-75.77,25.05
37.49,-75.75,25.7
37.49,-75.69,25.92
37.49,-75.65,25.16
37.49,-75.63,25.08
37.49,-75.61,24.97
37.49,-75.59,24.61
37.49,-75.57,23.85
37.49,-75.55,23.35
37.49,-75.53,23.29
37.49,-75.51,23.3
37.49,-75.49,23.33
37.49,-75.47,23.33
37.49,-75.45,23.33
37.49,-75.43,23.38
37.49,-75.41,23.36
37.49,-75.39,23.37
37.49,-75.37,23.49
37.49,-75.35,23.82
37.49,-75.33,23.89
37.49,-75.31,23.84
37.49,-75.29,23.83
37.49,-75.27,23.9
37.49,-75.25,23.89
37.49,-75.23,23.91
37.49,-75.21,23.88
37.49,-75.19,23.77
37.49,-75.17,23.68
37.49,-75.15,23.62
37.49,-75.13,23.54
37.49,-75.11,23.53
37.49,-75.09,23.42
37.49,-75.07,23.38
37.49,-75.05,23.44
37.49,-75.03,23.49
37.49,-75.01,23.56
37.49,-74.99,23.62
37.49,-74.97,23.66
37.49,-74.95,23.69
37.49,-74.93,23.86
37.49,-74.91,23.94
37.49,-74.89,23.98
37.49,-74.87,24.93
37.49,-74.85,25.03
37.49,-74.83,25.11
37.49,-74.81,25.23
37.49,-74.79,25.32
37.49,-74.77,25.33
37.49,-74.73,25.33
37.49,-74.71,25.33
37.49,-74.69,25.32
37.49,-74.67,25.28
37.49,-74.65,25.25
37.49,-74.63,25.13
37.49,-74.61,25.02
37.49,-74.59,24.98
37.49,-74.57,24.95
37.49,-74.55,24.89
37.49,-74.53,24.94
37.49,-74.51,24.94
37.49,-74.49,24.84
37.49,-74.47,24.82
37.49,-74.45,24.7
37.49,-74.43,24.66
37.49,-74.41,24.63
37.49,-74.39,24.6
37.49,-74.37,24.55
37.49,-74.35,24.54
37.49,-74.33,24.54
37.49,-74.31,24.56
37.49,-74.29,24.57
37.49,-74.27,24.57
37.49,-74.25,24.6
37.49,-74.23,24.75
37.49,-74.21,24.82
37.49,-74.19,24.63
37.49,-74.17,24.61
37.49,-74.15,24.56
37.49,-74.13,24.48
37.49,-74.11,24.36
37.49,-74.07,24.52
37.49,-74.05,24.74
37.49,-74.03,24.82
37.49,-74.01,24.81
37.49,-73.99,24.91
37.49,-73.97,25.6
37.49,-73.95,25.59
37.49,-73.83,25.67
37.49,-73.81,25.7
37.49,-73.77,25.75
37.49,-73.75,25.73
37.49,-73.73,25.74
37.49,-73.71,25.72
37.49,-73.05,25.47
37.49,-72.89,25.39
37.49,-72.83,25.45
37.49,-72.81,25.44
37.49,-72.77,25.46
37.49,-72.75,25.46
37.49,-72.73,25.34
37.49,-72.71,25.36
37.49,-72.69,25.48
37.49,-72.67,25.39
37.49,-72.65,25.36
37.49,-72.63,25.37
37.49,-72.61,25.4
37.49,-72.59,25.37
37.49,-72.57,25.43
37.49,-72.55,25.49
37.49,-72.53,25.54
37.49,-72.51,25.58
37.49,-72.49,25.6
37.49,-72.47,25.72
37.49,-72.45,25.82
37.49,-72.43,25.9
37.49,-72.37,25.78
37.49,-72.35,25.64
37.49,-72.33,25.48
37.49,-72.31,25.36
37.49,-72.29,25.35
37.49,-72.27,25.38
37.49,-72.25,25.45
37.49,-72.23,25.49
37.47,-76.75,27.02
37.47,-76.73,27.05
37.47,-76.27,26.59
37.47,-76.23,26.5
37.47,-76.21,26.65
37.47,-76.19,26.75
37.47,-76.17,26.76
37.47,-76.15,26.61
37.47,-76.13,26.55
37.47,-76.11,26.56
37.47,-76.09,26.51
37.47,-76.07,26.42
37.47,-76.05,26.41
37.47,-76.03,26.44
37.47,-76.01,26.34
37.47,-75.99,26.28
37.47,-75.97,26.26
37.47,-75.79,25.31
37.47,-75.77,25.23
37.47,-75.75,25.55
37.47,-75.73,25.3
37.47,-75.67,25.53
37.47,-75.65,25.14
37.47,-75.63,25.14
37.47,-75.61,24.96
37.47,-75.59,24.66
37.47,-75.57,24.06
37.47,-75.55,23.6
37.47,-75.53,23.32
37.47,-75.51,23.27
37.47,-75.49,23.3
37.47,-75.47,23.4
37.47,-75.45,23.42
37.47,-75.43,23.49
37.47,-75.41,23.48
37.47,-75.39,23.56
37.47,-75.37,23.8
37.47,-75.35,23.89
37.47,-75.33,23.87
37.47,-75.31,23.8
37.47,-75.29,23.87
37.47,-75.27,23.87
37.47,-75.25,23.87
37.47,-75.23,23.89
37.47,-75.21,23.84
37.47,-75.19,23.74
37.47,-75.17,23.65
37.47,-75.15,23.59
37.47,-75.13,23.54
37.47,-75.11,23.53
37.47,-75.09,23.47
37.47,-75.07,23.42
37.47,-75.05,23.5
37.47,-75.03,23.61
37.47,-75.01,23.78
37.47,-74.99,23.86
37.47,-74.97,23.75
37.47,-74.95,23.78
37.47,-74.93,23.94
37.47,-74.91,24.05
37.47,-74.89,24.92
37.47,-74.87,25.01
37.47,-74.85,25.08
37.47,-74.83,25.17
37.47,-74.81,25.22
37.47,-74.79,25.32
37.47,-74.77,25.33
37.47,-74.75,25.28
37.47,-74.73,25.29
37.47,-74.71,25.29
37.47,-74.69,25.3
37.47,-74.67,25.26
37.47,-74.65,25.23
37.47,-74.63,25.13
37.47,-74.61,25.03
37.47,-74.59,24.92
37.47,-74.57,24.86
37.47,-74.55,24.81
37.47,-74.53,24.79
37.47,-74.51,24.77
37.47,-74.49,24.7
37.47,-74.47,24.67
37.47,-74.45,24.68
37.47,-74.43,24.67
37.47,-74.41,24.65
37.47,-74.39,24.62
37.47,-74.37,24.6
37.47,-74.35,24.6
37.47,-74.33,24.64
37.47,-74.31,24.63
37.47,-74.29,24.64
37.47,-74.27,24.65
37.47,-74.25,24.7
37.47,-74.23,24.95
37.47,-74.21,24.8
37.47,-74.19,24.71
37.47,-74.17,24.61
37.47,-74.15,24.53
37.47,-74.13,24.45
37.47,-74.11,24.37
37.47,-74.09,24.48
37.47,-74.07,24.53
37.47,-74.05,24.54
37.47,-74.03,24.73
37.47,-74.01,24.8
37.47,-73.99,24.88
37.47,-72.83,25.44
37.47,-72.81,25.44
37.47,-72.71,25.53
37.47,-72.69,25.54
37.47,-72.67,25.51
37.47,-72.65,25.47
37.47,-72.63,25.44
37.47,-72.61,25.46
37.47,-72.59,25.47
37.47,-72.57,25.46
37.47,-72.55,25.47
37.47,-72.53,25.51
37.47,-72.51,25.48
37.47,-72.49,25.53
37.47,-72.47,25.62
37.47,-72.45,25.71
37.47,-72.43,25.87
37.47,-72.37,25.89
37.47,-72.35,25.89
37.47,-72.33,25.87
37.47,-72.31,25.83
37.47,-72.29,25.7
37.47,-72.27,25.53
37.47,-72.25,25.44
37.47,-72.23,25.36
37.47,-72.21,25.32
37.45,-76.73,27.02
37.45,-76.21,26.45
37.45,-76.19,26.54
37.45,-76.17,26.73
37.45,-76.15,26.68
37.45,-76.13,26.54
37.45,-76.09,26.49
37.45,-76.07,26.39
37.45,-76.05,26.27
37.45,-76.03,26.26
37.45,-76.01,26.35
37.45,-75.81,24.95
37.45,-75.79,25.88
37.45,-75.77,25.43
37.45,-75.75,25.3
37.45,-75.73,25.37
37.45,-75.71,25.61
37.45,-75.65,25.16
37.45,-75.63,25.19
37.45,-75.61,25.05
37.45,-75.59,24.8
37.45,-75.57,24.32
37.45,-75.55,24.08
37.45,-75.53,23.58
37.45,-75.51,23.45
37.45,-75.49,23.36
37.45,-75.47,23.43
37.45,-75.45,23.72
37.45,-75.43,23.8
37.45,-75.41,23.84
37.45,-75.39,23.81
37.45,-75.37,23.9
37.45,-75.35,23.9
37.45,-75.33,23.87
37.45,-75.31,23.88
37.45,-75.29,23.87
37.45,-75.27,23.86
37.45,-75.25,23.9
37.45,-75.23,23.91
37.45,-75.21,23.83
37.45,-75.19,23.68
37.45,-75.17,23.58
37.45,-75.15,23.55
37.45,-75.13,23.56
37.45,-75.11,23.55
37.45,-75.09,23.51
37.45,-75.07,23.48
37.45,-75.05,23.56
37.45,-75.03,23.9
37.45,-75.01,24.04
37.45,-74.99,24.23
37.45,-74.97,24.45
37.45,-74.95,24.48
37.45,-74.93,24.69
37.45,-74.91,24.9
37.45,-74.89,24.99
37.45,-74.87,25.06
37.45,-74.85,25.11
37.45,-74.83,25.17
37.45,-74.81,25.26
37.45,-74.79,25.29
37.45,-74.77,25.32
37.45,-74.71,25.28
37.45,-74.69,25.28
37.45,-74.67,25.27
37.45,-74.65,25.2
37.45,-74.63,25.12
37.45,-74.61,25.01
37.45,-74.59,24.88
37.45,-74.57,24.82
37.45,-74.55,24.78
37.45,-74.53,24.64
37.45,-74.51,24.59
37.45,-74.49,24.59
37.45,-74.47,24.63
37.45,-74.45,24.66
37.45,-74.43,24.68
37.45,-74.41,24.68
37.45,-74.39,24.64
37.45,-74.37,24.65
37.45,-74.35,24.7
37.45,-74.33,24.71
37.45,-74.31,24.68
37.45,-74.29,24.73
37.45,-74.27,24.88
37.45,-74.25,24.9
37.45,-74.23,24.93
37.45,-74.21,24.87
37.45,-74.19,24.78
37.45,-74.17,24.73
37.45,-74.15,24.61
37.45,-74.13,24.52
37.45,-74.09,24.48
37.45,-74.07,24.52
37.45,-74.05,24.57
37.45,-74.03,24.66
37.45,-74.01,24.74
37.45,-73.87,24.82
37.45,-72.71,25.47
37.45,-72.69,25.49
37.45,-72.65,25.51
37.45,-72.63,25.51
37.45,-72.61,25.5
37.45,-72.59,25.5
37.45,-72.57,25.49
37.45,-72.55,25.52
37.45,-72.53,25.5
37.45,-72.51,25.46
37.45,-72.49,25.5
37.45,-72.47,25.57
37.45,-72.45,25.67
37.45,-72.43,25.8
37.45,-72.41,25.86
37.45,-72.35,26.02
37.45,-72.33,26.02
37.45,-72.31,25.97
37.45,-72.29,25.93
37.45,-72.27,25.9
37.45,-72.25,25.59
37.45,-72.23,25.55
37.45,-72.21,25.4
37.43,-76.71,27.03
37.43,-76.45,27.65
37.43,-76.41,27.64
37.43,-76.21,26.32
37.43,-76.19,26.39
37.43,-76.17,26.64
37.43,-76.15,26.66
37.43,-75.81,25.11
37.43,-75.79,25.55
37.43,-75.77,25.58
37.43,-75.75,25.26
37.43,-75.71,25.36
37.43,-75.67,25.17
37.43,-75.65,25.09
37.43,-75.63,25.1
37.43,-75.61,25.11
37.43,-75.59,24.91
37.43,-75.57,24.61
37.43,-75.55,24.53
37.43,-75.53,23.69
37.43,-75.51,23.66
37.43,-75.49,23.74
37.43,-75.47,23.82
37.43,-75.45,24.01
37.43,-75.43,24.11
37.43,-75.41,24.06
37.43,-75.39,23.98
37.43,-75.37,23.94
37.43,-75.35,23.95
37.43,-75.33,23.86
37.43,-75.31,23.96
37.43,-75.29,23.94
37.43,-75.27,23.91
37.43,-75.25,23.93
37.43,-75.23,23.96
37.43,-75.21,23.82
37.43,-75.19,23.65
37.43,-75.17,23.6
37.43,-75.15,23.61
37.43,-75.13,23.63
37.43,-75.11,23.62
37.43,-75.09,23.57
37.43,-75.07,23.77
37.43,-75.05,24.16
37.43,-75.03,24.25
37.43,-75.01,24.47
37.43,-74.99,24.75
37.43,-74.97,24.8
37.43,-74.95,24.75
37.43,-74.93,24.79
37.43,-74.91,24.95
37.43,-74.89,25.06
37.43,-74.87,25.14
37.43,-74.85,25.19
37.43,-74.83,25.21
37.43,-74.81,25.24
37.43,-74.79,25.26
37.43,-74.77,25.26
37.43,-74.73,25.21
37.43,-74.71,25.23
37.43,-74.69,25.25
37.43,-74.67,25.23
37.43,-74.65,25.16
37.43,-74.63,25.05
37.43,-74.61,24.89
37.43,-74.59,24.82
37.43,-74.57,24.73
37.43,-74.55,24.65
37.43,-74.53,24.61
37.43,-74.51,24.62
37.43,-74.49,24.61
37.43,-74.47,24.64
37.43,-74.45,24.69
37.43,-74.43,24.7
37.43,-74.41,24.73
37.43,-74.39,24.71
37.43,-74.37,24.76
37.43,-74.35,24.78
37.43,-74.33,24.81
37.43,-74.31,24.87
37.43,-74.29,24.91
37.43,-74.27,24.93
37.43,-74.25,24.92
37.43,-74.23,24.9
37.43,-74.21,24.89
37.43,-74.19,24.88
37.43,-74.17,24.84
37.43,-74.15,24.77
37.43,-74.13,24.65
37.43,-74.07,24.54
37.43,-74.05,24.58
37.43,-74.03,24.61
37.43,-73.87,24.78
37.43,-72.65,25.44
37.43,-72.63,25.47
37.43,-72.61,25.48
37.43,-72.59,25.48
37.43,-72.57,25.56
37.43,-72.55,25.54
37.43,-72.53,25.54
37.43,-72.51,25.51
37.43,-72.49,25.46
37.43,-72.47,25.48
37.43,-72.45,25.57
37.43,-72.43,25.67
37.43,-72.33,26.02
37.43,-72.31,26.0
37.43,-72.29,25.96
37.43,-72.27,25.96
37.43,-72.25,25.98
37.43,-72.23,25.96
37.43,-72.21,25.97
37.41,-76.69,27.09
37.41,-76.67,27.14
37.41,-76.41,27.28
37.41,-76.21,26.27
37.41,-76.19,26.32
37.41,-76.17,26.6
37.41,-76.15,26.67
37.41,-76.03,26.2
37.41,-76.01,26.14
37.41,-75.99,26.07
37.41,-75.97,26.03
37.41,-75.83,27.15
37.41,-75.79,25.81
37.41,-75.77,25.73
37.41,-75.75,25.33
37.41,-75.73,25.31
37.41,-75.71,25.18
37.41,-75.67,25.07
37.41,-75.65,25.07
37.41,-75.63,25.09
37.41,-75.61,24.98
37.41,-75.59,24.81
37.41,-75.57,24.73
37.41,-75.55,24.43
37.41,-75.53,24.02
37.41,-75.51,24.05
37.41,-75.49,24.09
37.41,-75.47,24.18
37.41,-75.45,24.24
37.41,-75.43,24.23
37.41,-75.41,24.19
37.41,-75.39,24.11
37.41,-75.37,24.07
37.41,-75.35,23.97
37.41,-75.33,23.92
37.41,-75.31,23.94
37.41,-75.29,23.99
37.41,-75.27,23.96
37.41,-75.25,23.97
37.41,-75.23,23.96
37.41,-75.21,23.87
37.41,-75.19,23.77
37.41,-75.17,23.7
37.41,-75.15,23.73
37.41,-75.13,23.82
37.41,-75.11,23.82
37.41,-75.09,24.04
37.41,-75.07,24.36
37.41,-75.05,24.54
37.41,-75.03,24.78
37.41,-75.01,24.8
37.41,-74.99,24.84
37.41,-74.97,24.89
37.41,-74.95,24.83
37.41,-74.93,24.88
37.41,-74.91,24.99
37.41,-74.89,25.13
37.41,-74.87,25.22
37.41,-74.85,25.25
37.41,-74.83,25.24
37.41,-74.81,25.26
37.41,-74.79,25.23
37.41,-74.77,25.2
37.41,-74.73,25.22
37.41,-74.71,25.2
37.41,-74.69,25.22
37.41,-74.67,25.19
37.41,-74.65,25.11
37.41,-74.63,24.95
37.41,-74.61,24.86
37.41,-74.59,24.79
37.41,-74.57,24.73
37.41,-74.55,24.68
37.41,-74.53,24.67
37.41,-74.51,24.66
37.41,-74.49,24.65
37.41,-74.47,24.68
37.41,-74.45,24.7
37.41,-74.43,24.75
37.41,-74.41,24.83
37.41,-74.39,24.89
37.41,-74.37,24.96
37.41,-74.35,24.94
37.41,-74.33,24.95
37.41,-74.31,24.92
37.41,-74.29,24.94
37.41,-74.27,24.96
37.41,-74.25,24.95
37.41,-74.23,24.95
37.41,-74.21,24.92
37.41,-74.19,24.93
37.41,-74.17,24.93
37.41,-74.15,24.86
37.41,-74.13,24.76
37.41,-74.11,24.67
37.41,-74.09,24.59
37.41,-72.95,27.44
37.41,-72.93,27.38
37.41,-72.91,27.2
37.41,-72.69,25.63
37.41,-72.65,25.46
37.41,-72.63,25.44
37.41,-72.61,25.43
37.41,-72.59,25.43
37.41,-72.57,25.5
37.41,-72.55,25.51
37.41,-72.53,25.49
37.41,-72.51,25.52
37.41,-72.49,25.52
37.41,-72.47,25.51
37.41,-72.45,25.49
37.41,-72.43,25.48
37.41,-72.35,25.65
37.41,-72.33,25.72
37.41,-72.31,25.82
37.41,-72.29,25.87
37.41,-72.27,25.9
37.41,-72.25,25.95
37.41,-72.23,25.98
37.41,-72.21,26.01
37.39,-76.67,27.09
37.39,-76.65,27.09
37.39,-76.41,27.3
37.39,-76.23,26.33
37.39,-76.21,26.35
37.39,-76.19,26.46
37.39,-76.17,26.66
37.39,-76.15,26.67
37.39,-76.03,26.22
37.39,-76.01,26.19
37.39,-75.99,26.14
37.39,-75.81,25.72
37.39,-75.79,26.05
37.39,-75.77,25.61
37.39,-75.75,25.37
37.39,-75.69,25.11
37.39,-75.67,25.02
37.39,-75.65,25.03
37.39,-75.63,24.97
37.39,-75.61,24.84
37.39,-75.59,24.77
37.39,-75.57,24.72
37.39,-75.55,24.59
37.39,-75.53,24.27
37.39,-75.51,24.31
37.39,-75.49,24.2
37.39,-75.47,24.31
37.39,-75.45,24.36
37.39,-75.43,24.26
37.39,-75.41,24.26
37.39,-75.39,24.15
37.39,-75.37,24.06
37.39,-75.35,24.0
37.39,-75.33,23.96
37.39,-75.31,23.97
37.39,-75.29,23.97
37.39,-75.27,24.01
37.39,-75.25,24.03
37.39,-75.23,23.98
37.39,-75.21,23.91
37.39,-75.19,23.88
37.39,-75.17,23.84
37.39,-75.15,23.86
37.39,-75.13,24.03
37.39,-75.11,24.14
37.39,-75.09,24.49
37.39,-75.07,24.71
37.39,-75.05,24.81
37.39,-75.03,24.89
37.39,-75.01,24.94
37.39,-74.99,25.01
37.39,-74.97,24.97
37.39,-74.95,24.93
37.39,-74.93,24.99
37.39,-74.91,25.09
37.39,-74.89,25.18
37.39,-74.87,25.24
37.39,-74.85,25.25
37.39,-74.83,25.27
37.39,-74.81,25.25
37.39,-74.79,25.21
37.39,-74.77,25.2
37.39,-74.75,25.22
37.39,-74.73,25.21
37.39,-74.71,25.2
37.39,-74.69,25.18
37.39,-74.67,25.14
37.39,-74.65,25.04
37.39,-74.63,24.92
37.39,-74.61,24.86
37.39,-74.59,24.79
37.39,-74.57,24.73
37.39,-74.55,24.69
37.39,-74.53,24.68
37.39,-74.51,24.71
37.39,-74.49,24.68
37.39,-74.47,24.69
37.39,-74.45,24.76
37.39,-74.43,24.88
37.39,-74.41,24.92
37.39,-74.39,25.02
37.39,-74.37,25.05
37.39,-74.35,25.0
37.39,-74.33,24.99
37.39,-74.31,24.95
37.39,-74.29,24.95
37.39,-74.27,24.99
37.39,-74.25,25.0
37.39,-74.23,24.98
37.39,-74.21,24.95
37.39,-74.19,24.97
37.39,-74.17,24.96
37.39,-74.15,24.92
37.39,-74.13,24.85
37.39,-74.11,24.77
37.39,-74.09,24.7
37.39,-74.07,24.62
37.39,-72.95,27.46
37.39,-72.93,27.41
37.39,-72.65,25.95
37.39,-72.63,25.92
37.39,-72.61,25.77
37.39,-72.59,25.57
37.39,-72.57,25.65
37.39,-72.55,25.53
37.39,-72.53,25.46
37.39,-72.51,25.46
37.39,-72.49,25.49
37.39,-72.47,25.48
37.39,-72.45,25.49
37.39,-72.43,25.51
37.39,-72.35,25.56
37.39,-72.33,25.59
37.39,-72.31,25.59
37.39,-72.29,25.68
37.39,-72.27,25.81
37.39,-72.25,25.85
37.39,-72.23,25.88
37.39,-72.21,25.92
37.37,-76.65,26.99
37.37,-76.63,27.04
37.37,-76.47,27.35
37.37,-76.45,27.35
37.37,-76.43,27.35
37.37,-76.39,27.34
37.37,-76.35,27.21
37.37,-76.25,26.48
37.37,-76.23,26.5
37.37,-76.21,26.41
37.37,-76.19,26.68
37.37,-76.17,26.72
37.37,-76.15,26.66
37.37,-76.03,26.26
37.37,-76.01,26.26
37.37,-75.99,26.22
37.37,-75.87,25.23
37.37,-75.85,25.08
37.37,-75.83,24.94
37.37,-75.81,24.54
37.37,-75.79,25.47
37.37,-75.77,25.68
37.37,-75.75,25.32
37.37,-75.73,25.34
37.37,-75.71,25.23
37.37,-75.69,25.19
37.37,-75.67,25.12
37.37,-75.65,25.03
37.37,-75.63,24.8
37.37,-75.61,24.64
37.37,-75.59,24.62
37.37,-75.57,24.71
37.37,-75.55,24.68
37.37,-75.53,24.64
37.37,-75.51,24.63
37.37,-75.49,24.62
37.37,-75.47,24.64
37.37,-75.45,24.44
37.37,-75.43,24.36
37.37,-75.41,24.24
37.37,-75.39,24.13
37.37,-75.37,24.06
37.37,-75.35,23.99
37.37,-75.33,23.98
37.37,-75.31,24.01
37.37,-75.29,24.02
37.37,-75.27,24.07
37.37,-75.25,24.1
37.37,-75.23,24.05
37.37,-75.21,24.02
37.37,-75.19,24.06
37.37,-75.17,24.08
37.37,-75.15,24.15
37.37,-75.13,24.29
37.37,-75.11,24.46
37.37,-75.09,24.75
37.37,-75.07,24.81
37.37,-75.05,24.86
37.37,-75.03,24.96
37.37,-75.01,25.06
37.37,-74.99,25.04
37.37,-74.97,25.01
37.37,-74.95,25.03
37.37,-74.93,25.11
37.37,-74.91,25.2
37.37,-74.89,25.22
37.37,-74.87,25.27
37.37,-74.85,25.28
37.37,-74.83,25.27
37.37,-74.81,25.29
37.37,-74.79,25.25
37.37,-74.77,25.2
37.37,-74.75,25.21
37.37,-74.73,25.22
37.37,-74.71,25.15
37.37,-74.69,25.12
37.37,-74.67,25.09
37.37,-74.65,25.01
37.37,-74.63,24.93
37.37,-74.61,24.85
37.37,-74.59,24.8
37.37,-74.57,24.72
37.37,-74.55,24.69
37.37,-74.53,24.74
37.37,-74.51,24.79
37.37,-74.49,24.76
37.37,-74.47,24.75
37.37,-74.45,24.82
37.37,-74.43,24.93
37.37,-74.41,25.03
37.37,-74.39,25.06
37.37,-74.37,24.98
37.37,-74.35,24.93
37.37,-74.33,24.81
37.37,-74.31,24.78
37.37,-74.29,25.0
37.37,-74.27,25.07
37.37,-74.25,25.08
37.37,-74.23,25.07
37.37,-74.21,25.05
37.37,-74.19,25.06
37.37,-74.17,25.02
37.37,-74.15,24.97
37.37,-74.13,24.93
37.37,-74.11,24.9
37.37,-74.09,24.74
37.37,-74.07,24.67
37.37,-72.65,26.76
37.37,-72.63,26.78
37.37,-72.61,26.73
37.37,-72.59,26.56
37.37,-72.57,26.16
37.37,-72.55,25.88
37.37,-72.53,25.7
37.37,-72.51,25.58
37.37,-72.49,25.58
37.37,-72.47,25.54
37.37,-72.45,25.49
37.37,-72.35,25.55
37.37,-72.33,25.58
37.37,-72.31,25.6
37.37,-72.29,25.59
37.37,-72.27,25.59
37.37,-72.23,25.73
37.37,-72.21,25.78
37.35,-76.65,26.99
37.35,-76.63,27.08
37.35,-76.41,27.2
37.35,-76.39,27.2
37.35,-76.37,27.2
37.35,-76.35,27.22
37.35,-76.33,27.13
37.35,-76.25,26.43
37.35,-76.23,26.52
37.35,-76.21,26.64
37.35,-76.19,26.7
37.35,-76.17,26.74
37.35,-76.15,26.57
37.35,-76.13,26.51
37.35,-76.05,26.33
37.35,-76.03,26.32
37.35,-76.01,26.27
37.35,-75.89,25.77
37.35,-75.85,25.14
37.35,-75.83,25.17
37.35,-75.81,24.65
37.35,-75.79,25.36
37.35,-75.77,25.63
37.35,-75.75,25.36
37.35,-75.71,25.27
37.35,-75.69,25.17
37.35,-75.67,25.07
37.35,-75.65,24.93
37.35,-75.63,24.8
37.35,-75.61,24.64
37.35,-75.59,24.59
37.35,-75.57,24.54
37.35,-75.55,24.64
37.35,-75.53,24.7
37.35,-75.51,24.64
37.35,-75.49,24.58
37.35,-75.47,24.58
37.35,-75.45,24.44
37.35,-75.43,24.31
37.35,-75.41,24.21
37.35,-75.39,24.14
37.35,-75.37,24.1
37.35,-75.35,24.02
37.35,-75.33,24.01
37.35,-75.31,24.04
37.35,-75.29,24.07
37.35,-75.27,24.1
37.35,-75.25,24.15
37.35,-75.23,24.15
37.35,-75.21,24.15
37.35,-75.19,24.21
37.35,-75.17,24.28
37.35,-75.15,24.46
37.35,-75.13,24.62
37.35,-75.11,24.78
37.35,-75.09,24.85
37.35,-75.07,25.0
37.35,-75.05,25.01
37.35,-75.03,25.1
37.35,-75.01,25.14
37.35,-74.99,25.13
37.35,-74.97,25.09
37.35,-74.95,25.15
37.35,-74.93,25.2
37.35,-74.91,25.24
37.35,-74.89,25.25
37.35,-74.87,25.28
37.35,-74.85,25.33
37.35,-74.83,25.36
37.35,-74.81,25.34
37.35,-74.77,25.25
37.35,-74.75,25.21
37.35,-74.73,25.18
37.35,-74.71,25.12
37.35,-74.69,25.09
37.35,-74.67,25.04
37.35,-74.65,24.99
37.35,-74.63,24.94
37.35,-74.61,24.83
37.35,-74.59,24.74
37.35,-74.57,24.72
37.35,-74.55,24.74
37.35,-74.53,24.77
37.35,-74.51,24.81
37.35,-74.49,24.82
37.35,-74.47,24.86
37.35,-74.45,24.91
37.35,-74.43,25.0
37.35,-74.41,25.01
37.35,-74.39,24.97
37.35,-74.37,24.92
37.35,-74.35,24.87
37.35,-74.33,24.78
37.35,-74.31,24.78
37.35,-74.29,24.93
37.35,-74.27,25.12
37.35,-74.25,25.18
37.35,-74.23,25.17
37.35,-74.21,25.18
37.35,-74.19,25.18
37.35,-74.17,25.1
37.35,-74.15,25.03
37.35,-74.13,24.98
37.35,-74.11,24.98
37.35,-74.09,24.95
37.35,-74.07,24.96
37.35,-74.05,24.97
37.35,-74.03,24.92
37.35,-72.67,26.97
37.35,-72.65,26.93
37.35,-72.63,26.88
37.35,-72.61,26.78
37.35,-72.59,26.73
37.35,-72.57,26.71
37.35,-72.55,26.64
37.35,-72.53,26.56
37.35,-72.51,26.56
37.35,-72.49,26.33
37.35,-72.47,25.95
37.35,-72.45,25.78
37.35,-72.43,25.87
37.35,-72.31,25.67
37.35,-72.29,25.64
37.35,-72.27,25.63
37.35,-72.25,25.67
37.35,-72.23,25.59
37.35,-72.21,25.62
37.33,-76.63,27.08
37.33,-76.61,27.31
37.33,-76.41,27.04
37.33,-76.39,27.02
37.33,-76.37,26.89
37.33,-76.35,26.86
37.33,-76.33,26.69
37.33,-76.31,26.65
37.33,-76.25,26.44
37.33,-76.23,26.58
37.33,-76.21,26.62
37.33,-76.19,26.73
37.33,-76.17,26.7
37.33,-76.07,26.2
37.33,-76.05,26.19
37.33,-76.03,26.15
37.33,-75.89,25.95
37.33,-75.83,25.78
37.33,-75.81,25.78
37.33,-75.77,25.88
37.33,-75.73,25.33
37.33,-75.71,25.28
37.33,-75.69,25.19
37.33,-75.67,24.99
37.33,-75.65,24.77
37.33,-75.63,24.74
37.33,-75.61,24.7
37.33,-75.59,24.57
37.33,-75.57,24.53
37.33,-75.55,24.59
37.33,-75.53,24.61
37.33,-75.51,24.51
37.33,-75.49,24.44
37.33,-75.47,24.4
37.33,-75.45,24.32
37.33,-75.43,24.25
37.33,-75.41,24.17
37.33,-75.39,24.09
37.33,-75.37,24.09
37.33,-75.35,24.06
37.33,-75.33,24.08
37.33,-75.31,24.09
37.33,-75.29,24.1
37.33,-75.27,24.15
37.33,-75.25,24.22
37.33,-75.23,24.22
37.33,-75.21,24.24
37.33,-75.19,24.36
37.33,-75.17,24.51
37.33,-75.15,24.71
37.33,-75.13,24.79
37.33,-75.11,24.77
37.33,-75.09,24.99
37.33,-75.07,25.06
37.33,-75.05,25.1
37.33,-75.03,25.18
37.33,-75.01,25.18
37.33,-74.99,25.18
37.33,-74.97,25.16
37.33,-74.95,25.22
37.33,-74.93,25.24
37.33,-74.91,25.26
37.33,-74.89,25.28
37.33,-74.87,25.27
37.33,-74.85,25.3
37.33,-74.83,25.33
37.33,-74.81,25.37
37.33,-74.79,25.34
37.33,-74.77,25.27
37.33,-74.75,25.18
37.33,-74.73,25.16
37.33,-74.71,25.09
37.33,-74.69,25.07
37.33,-74.67,25.04
37.33,-74.65,24.98
37.33,-74.63,24.93
37.33,-74.61,24.82
37.33,-74.59,24.74
37.33,-74.57,24.73
37.33,-74.55,24.78
37.33,-74.53,24.79
37.33,-74.51,24.84
37.33,-74.49,24.88
37.33,-74.47,24.91
37.33,-74.45,24.97
37.33,-74.43,25.0
37.33,-74.41,24.87
37.33,-74.39,24.77
37.33,-74.37,24.83
37.33,-74.35,24.81
37.33,-74.33,24.78
37.33,-74.31,24.86
37.33,-74.29,24.9
37.33,-74.27,25.1
37.33,-74.25,25.23
37.33,-74.23,25.24
37.33,-74.21,25.24
37.33,-74.19,25.23
37.33,-74.17,25.23
37.33,-74.15,25.16
37.33,-74.13,25.09
37.33,-74.11,24.99
37.33,-74.09,24.93
37.33,-74.07,24.92
37.33,-74.05,24.96
37.33,-72.63,27.57
37.33,-72.61,27.48
37.33,-72.59,27.03
37.33,-72.57,27.11
37.33,-72.55,26.87
37.33,-72.53,26.84
37.33,-72.51,26.71
37.33,-72.49,26.65
37.33,-72.47,26.56
37.33,-72.45,26.48
37.33,-72.43,26.07
37.33,-72.31,25.8
37.33,-72.27,25.9
37.33,-72.25,25.82
37.33,-72.23,25.8
37.31,-76.61,27.31
37.31,-76.59,27.31
37.31,-76.57,27.29
37.31,-76.37,26.83
37.31,-76.35,26.81
37.31,-76.33,26.67
37.31,-76.31,26.6
37.31,-76.29,26.46
37.31,-76.27,26.46
37.31,-76.25,26.5
37.31,-76.23,26.63
37.31,-76.21,26.65
37.31,-76.19,26.65
37.31,-76.07,26.26
37.31,-76.05,26.16
37.31,-76.03,26.23
37.31,-75.91,26.9
37.31,-75.85,25.83
37.31,-75.83,25.84
37.31,-75.81,25.62
37.31,-75.79,25.49
37.31,-75.77,25.46
37.31,-75.75,25.0
37.31,-75.73,24.96
37.31,-75.71,25.03
37.31,-75.69,25.01
37.31,-75.67,24.88
37.31,-75.65,24.72
37.31,-75.63,24.6
37.31,-75.61,24.56
37.31,-75.59,24.58
37.31,-75.57,24.52
37.31,-75.55,24.53
37.31,-75.53,24.43
37.31,-75.51,24.36
37.31,-75.49,24.31
37.31,-75.47,24.26
37.31,-75.45,24.22
37.31,-75.43,24.15
37.31,-75.41,24.1
37.31,-75.39,24.06
37.31,-75.37,24.09
37.31,-75.35,24.1
37.31,-75.33,24.13
37.31,-75.31,24.14
37.31,-75.29,24.16
37.31,-75.27,24.17
37.31,-75.25,24.22
37.31,-75.23,24.28
37.31,-75.21,24.4
37.31,-75.19,24.54
37.31,-75.17,24.71
37.31,-75.15,24.83
37.31,-75.13,24.77
37.31,-75.11,24.82
37.31,-75.09,25.03
37.31,-75.07,25.07
37.31,-75.05,25.13
37.31,-75.03,25.19
37.31,-75.01,25.23
37.31,-74.99,25.24
37.31,-74.97,25.25
37.31,-74.95,25.25
37.31,-74.93,25.29
37.31,-74.91,25.3
37.31,-74.89,25.33
37.31,-74.87,25.29
37.31,-74.85,25.27
37.31,-74.83,25.32
37.31,-74.81,25.34
37.31,-74.79,25.33
37.31,-74.77,25.27
37.31,-74.75,25.18
37.31,-74.73,25.18
37.31,-74.71,25.14
37.31,-74.69,25.1
37.31,-74.67,25.05
37.31,-74.65,25.0
37.31,-74.63,24.92
37.31,-74.61,24.81
37.31,-74.59,24.81
37.31,-74.57,24.75
37.31,-74.55,24.79
37.31,-74.53,24.84
37.31,-74.51,24.87
37.31,-74.49,24.89
37.31,-74.47,24.93
37.31,-74.45,24.94
37.31,-74.43,24.88
37.31,-74.41,24.84
37.31,-74.39,24.79
37.31,-74.37,24.87
37.31,-74.35,24.88
37.31,-74.33,24.91
37.31,-74.31,24.96
37.31,-74.29,24.99
37.31,-74.27,25.11
37.31,-74.25,25.22
37.31,-74.23,25.27
37.31,-74.21,25.26
37.31,-74.19,25.24
37.31,-74.17,25.27
37.31,-74.15,25.16
37.31,-74.13,25.14
37.31,-74.11,25.09
37.31,-74.09,25.02
37.31,-74.07,25.06
37.31,-74.05,25.1
37.31,-74.03,25.11
37.31,-73.73,25.25
37.31,-73.71,25.25
37.31,-73.67,25.32
37.31,-72.63,28.4
37.31,-72.61,28.43
37.31,-72.59,28.48
37.31,-72.57,27.77
37.31,-72.55,27.57
37.31,-72.53,27.37
37.31,-72.51,27.23
37.31,-72.49,27.2
37.31,-72.47,26.97
37.31,-72.45,26.87
37.31,-72.43,26.87
37.31,-72.29,26.36
37.31,-72.27,26.24
37.31,-72.25,26.23
37.29,-76.59,27.29
37.29,-76.57,27.29
37.29,-76.55,27.23
37.29,-76.37,26.74
37.29,-76.35,26.79
37.29,-76.33,26.76
37.29,-76.31,26.79
37.29,-76.29,26.69
37.29,-76.27,26.58
37.29,-76.25,26.64
37.29,-76.23,26.76
37.29,-76.21,26.76
37.29,-76.11,26.52
37.29,-76.09,26.39
37.29,-76.07,26.28
37.29,-76.05,26.1
37.29,-76.03,26.08
37.29,-75.91,26.52
37.29,-75.89,26.82
37.29,-75.85,26.16
37.29,-75.83,25.87
37.29,-75.81,25.88
37.29,-75.79,25.59
37.29,-75.77,25.18
37.29,-75.75,25.04
37.29,-75.73,24.92
37.29,-75.71,24.88
37.29,-75.69,24.89
37.29,-75.67,24.77
37.29,-75.65,24.7
37.29,-75.63,24.59
37.29,-75.61,24.5
37.29,-75.59,24.46
37.29,-75.57,24.44
37.29,-75.55,24.37
37.29,-75.53,24.4
37.29,-75.51,24.27
37.29,-75.49,24.25
37.29,-75.47,24.16
37.29,-75.45,24.12
37.29,-75.43,24.08
37.29,-75.41,24.06
37.29,-75.39,24.08
37.29,-75.37,24.12
37.29,-75.35,24.13
37.29,-75.33,24.13
37.29,-75.31,24.15
37.29,-75.29,24.19
37.29,-75.27,24.17
37.29,-75.25,24.23
37.29,-75.23,24.39
37.29,-75.21,24.57
37.29,-75.19,24.7
37.29,-75.17,24.74
37.29,-75.15,24.73
37.29,-75.13,24.82
37.29,-75.11,24.99
37.29,-75.09,25.05
37.29,-75.07,25.09
37.29,-75.05,25.15
37.29,-75.03,25.21
37.29,-75.01,25.23
37.29,-74.99,25.27
37.29,-74.97,25.29
37.29,-74.95,25.31
37.29,-74.93,25.32
37.29,-74.91,25.33
37.29,-74.89,25.38
37.29,-74.87,25.41
37.29,-74.85,25.36
37.29,-74.83,25.34
37.29,-74.81,25.35
37.29,-74.77,25.33
37.29,-74.75,25.29
37.29,-74.73,25.23
37.29,-74.71,25.19
37.29,-74.69,25.13
37.29,-74.67,25.06
37.29,-74.65,25.01
37.29,-74.63,24.92
37.29,-74.61,24.88
37.29,-74.59,24.84
37.29,-74.57,24.82
37.29,-74.55,24.82
37.29,-74.53,24.82
37.29,-74.51,24.89
37.29,-74.49,24.91
37.29,-74.47,24.93
37.29,-74.45,24.95
37.29,-74.43,24.94
37.29,-74.41,24.91
37.29,-74.39,24.89
37.29,-74.37,24.95
37.29,-74.35,25.02
37.29,-74.33,24.99
37.29,-74.31,25.02
37.29,-74.29,25.09
37.29,-74.27,25.17
37.29,-74.25,25.25
37.29,-74.23,25.31
37.29,-74.21,25.3
37.29,-74.19,25.29
37.29,-74.17,25.27
37.29,-74.15,25.19
37.29,-74.13,25.18
37.29,-74.11,25.16
37.29,-74.07,25.15
37.29,-74.05,25.19
37.29,-74.03,25.18
37.29,-73.81,25.28
37.29,-73.79,25.28
37.29,-73.77,25.33
37.29,-73.75,25.37
37.29,-73.73,25.31
37.29,-73.71,25.39
37.29,-73.67,26.41
37.29,-73.65,27.03
37.29,-73.63,27.39
37.29,-73.61,27.5
37.29,-73.59,27.53
37.29,-72.65,28.56
37.29,-72.63,28.5
37.29,-72.61,28.57
37.29,-72.59,28.58
37.29,-72.57,28.64
37.29,-72.55,28.65
37.29,-72.53,28.52
37.29,-72.51,28.59
37.29,-72.49,28.02
37.29,-72.47,27.54
37.29,-72.45,27.38
37.29,-72.43,27.34
37.29,-72.35,26.83
37.29,-72.33,26.84
37.29,-72.31,26.82
37.29,-72.29,26.85
37.29,-72.27,26.72
37.29,-72.25,26.69
37.27,-76.99,27.67
37.27,-76.55,27.22
37.27,-76.53,27.17
37.27,-76.33,26.68
37.27,-76.31,26.73
37.27,-76.29,26.81
37.27,-76.27,26.83
37.27,-76.25,26.86
37.27,-76.23,26.85
37.27,-76.13,26.5
37.27,-76.11,26.49
37.27,-76.09,26.41
37.27,-76.07,26.21
37.27,-76.05,26.09
37.27,-76.03,26.12
37.27,-75.91,26.23
37.27,-75.81,25.67
37.27,-75.79,25.73
37.27,-75.77,25.34
37.27,-75.75,25.0
37.27,-75.73,25.0
37.27,-75.71,24.87
37.27,-75.69,24.82
37.27,-75.67,24.67
37.27,-75.65,24.57
37.27,-75.63,24.51
37.27,-75.61,24.47
37.27,-75.59,24.42
37.27,-75.57,24.38
37.27,-75.55,24.38
37.27,-75.53,24.36
37.27,-75.51,24.24
37.27,-75.49,24.19
37.27,-75.47,24.14
37.27,-75.45,24.05
37.27,-75.43,24.04
37.27,-75.41,24.01
37.27,-75.39,24.06
37.27,-75.37,24.1
37.27,-75.35,24.13
37.27,-75.33,24.11
37.27,-75.31,24.13
37.27,-75.29,24.21
37.27,-75.27,24.23
37.27,-75.25,24.27
37.27,-75.23,24.48
37.27,-75.21,24.64
37.27,-75.19,24.68
37.27,-75.17,24.66
37.27,-75.15,24.68
37.27,-75.13,24.91
37.27,-75.11,24.99
37.27,-75.09,25.03
37.27,-75.07,25.1
37.27,-75.05,25.2
37.27,-75.03,25.25
37.27,-75.01,25.25
37.27,-74.99,25.28
37.27,-74.97,25.3
37.27,-74.95,25.35
37.27,-74.93,25.34
37.27,-74.91,25.36
37.27,-74.89,25.42
37.27,-74.87,25.49
37.27,-74.85,25.43
37.27,-74.83,25.4
37.27,-74.81,25.38
37.27,-74.79,25.34
37.27,-74.77,25.36
37.27,-74.75,25.33
37.27,-74.73,25.28
37.27,-74.71,25.21
37.27,-74.69,25.14
37.27,-74.67,25.09
37.27,-74.65,25.03
37.27,-74.63,24.96
37.27,-74.61,24.91
37.27,-74.59,24.87
37.27,-74.57,24.88
37.27,-74.55,24.86
37.27,-74.53,24.87
37.27,-74.51,24.9
37.27,-74.49,24.91
37.27,-74.47,24.98
37.27,-74.45,25.01
37.27,-74.43,25.01
37.27,-74.41,25.03
37.27,-74.39,25.03
37.27,-74.37,25.07
37.27,-74.35,25.11
37.27,-74.33,25.09
37.27,-74.31,25.13
37.27,-74.29,25.27
37.27,-74.27,25.33
37.27,-74.25,25.3
37.27,-74.23,25.33
37.27,-74.21,25.3
37.27,-74.19,25.27
37.27,-74.17,25.22
37.27,-74.15,25.22
37.27,-74.13,25.21
37.27,-74.11,25.2
37.27,-74.07,25.23
37.27,-74.05,25.26
37.27,-74.03,25.28
37.27,-73.83,25.3
37.27,-73.81,25.28
37.27,-73.79,25.33
37.27,-73.77,25.46
37.27,-73.75,25.49
37.27,-73.73,25.56
37.27,-73.71,25.6
37.27,-73.67,27.61
37.27,-73.65,27.2
37.27,-73.63,27.22
37.27,-72.63,28.59
37.27,-72.61,28.58
37.27,-72.59,28.56
37.27,-72.57,28.55
37.27,-72.55,28.55
37.27,-72.53,28.52
37.27,-72.51,28.55
37.27,-72.49,28.57
37.27,-72.47,28.55
37.27,-72.45,28.56
37.27,-72.43,28.55
37.27,-72.37,27.79
37.27,-72.35,27.63
37.27,-72.33,27.39
37.27,-72.31,27.12
37.27,-72.29,27.1
37.27,-72.27,26.98
37.27,-72.25,26.98
37.27,-72.23,26.99
37.27,-72.21,27.0
37.25,-76.89,27.77
37.25,-76.53,27.18
37.25,-76.51,27.19
37.25,-76.49,27.16
37.25,-76.47,27.14
37.25,-76.45,27.01
37.25,-76.43,27.01
37.25,-76.41,26.96
37.25,-76.39,26.95
37.25,-76.37,26.89
37.25,-76.35,26.82
37.25,-76.33,26.53
37.25,-76.31,26.68
37.25,-76.29,26.74
37.25,-76.27,26.8
37.25,-76.25,26.87
37.25,-76.23,26.94
37.25,-76.15,26.56
37.25,-76.13,26.44
37.25,-76.11,26.42
37.25,-76.09,26.42
37.25,-76.07,26.3
37.25,-76.05,26.28
37.25,-76.03,26.17
37.25,-75.91,26.15
37.25,-75.87,25.33
37.25,-75.85,24.87
37.25,-75.83,24.88
37.25,-75.81,25.03
37.25,-75.79,25.71
37.25,-75.77,25.56
37.25,-75.75,24.99
37.25,-75.73,24.9
37.25,-75.71,24.88
37.25,-75.69,24.71
37.25,-75.67,24.55
37.25,-75.65,24.38
37.25,-75.63,24.38
37.25,-75.61,24.41
37.25,-75.59,24.37
37.25,-75.57,24.35
37.25,-75.55,24.39
37.25,-75.53,24.38
37.25,-75.51,24.3
37.25,-75.49,24.28
37.25,-75.47,24.17
37.25,-75.45,24.06
37.25,-75.43,24.0
37.25,-75.41,23.99
37.25,-75.39,23.97
37.25,-75.37,24.03
37.25,-75.35,24.08
37.25,-75.33,24.06
37.25,-75.31,24.11
37.25,-75.29,24.2
37.25,-75.27,24.25
37.25,-75.25,24.32
37.25,-75.23,24.48
37.25,-75.21,24.57
37.25,-75.19,24.58
37.25,-75.17,24.58
37.25,-75.15,24.73
37.25,-75.13,24.94
37.25,-75.11,24.97
37.25,-75.09,25.09
37.25,-75.07,25.16
37.25,-75.05,25.2
37.25,-75.03,25.22
37.25,-75.01,25.27
37.25,-74.99,25.28
37.25,-74.97,25.33
37.25,-74.95,25.34
37.25,-74.93,25.35
37.25,-74.91,25.37
37.25,-74.89,25.4
37.25,-74.87,25.48
37.25,-74.85,25.47
37.25,-74.83,25.43
37.25,-74.81,25.41
37.25,-74.77,25.38
37.25,-74.75,25.34
37.25,-74.73,25.32
37.25,-74.71,25.2
37.25,-74.69,25.12
37.25,-74.67,25.1
37.25,-74.65,25.01
37.25,-74.63,24.92
37.25,-74.61,24.88
37.25,-74.59,24.9
37.25,-74.57,24.94
37.25,-74.55,24.92
37.25,-74.53,24.96
37.25,-74.51,24.98
37.25,-74.49,25.04
37.25,-74.47,25.11
37.25,-74.45,25.11
37.25,-74.43,25.13
37.25,-74.41,25.13
37.25,-74.39,25.12
37.25,-74.37,25.15
37.25,-74.35,25.19
37.25,-74.33,25.22
37.25,-74.31,25.32
37.25,-74.29,25.38
37.25,-74.27,25.37
37.25,-74.25,25.34
37.25,-74.23,25.35
37.25,-74.21,25.33
37.25,-74.19,25.28
37.25,-74.17,25.23
37.25,-74.15,25.23
37.25,-74.13,25.25
37.25,-74.11,25.24
37.25,-74.09,25.27
37.25,-74.07,25.26
37.25,-74.05,25.32
37.25,-74.03,25.33
37.25,-73.81,25.51
37.25,-73.79,25.55
37.25,-73.77,26.56
37.25,-73.75,27.15
37.25,-73.73,27.16
37.25,-73.71,28.06
37.25,-73.69,28.26
37.25,-73.67,28.24
37.25,-72.67,28.57
37.25,-72.65,28.59
37.25,-72.63,28.59
37.25,-72.61,28.58
37.25,-72.59,28.57
37.25,-72.57,28.59
37.25,-72.55,28.57
37.25,-72.53,28.53
37.25,-72.51,28.55
37.25,-72.49,28.5
37.25,-72.47,28.5
37.25,-72.45,28.58
37.25,-72.43,28.6
37.25,-72.39,28.56
37.25,-72.37,28.48
37.25,-72.35,28.16
37.25,-72.33,27.77
37.25,-72.27,27.17
37.25,-72.25,27.53
37.25,-72.23,27.41
37.25,-72.21,27.19
37.23,-76.93,28.25
37.23,-76.91,28.13
37.23,-76.89,28.0
37.23,-76.87,27.57
37.23,-76.85,27.38
37.23,-76.83,27.35
37.23,-76.81,27.32
37.23,-76.49,27.15
37.23,-76.47,27.13
37.23,-76.45,27.02
37.23,-76.43,26.99
37.23,-76.41,26.91
37.23,-76.39,26.68
37.23,-76.37,26.74
37.23,-76.35,26.8
37.23,-76.33,26.76
37.23,-76.31,26.79
37.23,-76.29,26.74
37.23,-76.27,26.63
37.23,-76.11,26.33
37.23,-76.09,26.3
37.23,-76.07,26.29
37.23,-76.05,26.17
37.23,-76.03,26.11
37.23,-75.91,26.68
37.23,-75.87,24.82
37.23,-75.85,25.01
37.23,-75.83,26.09
37.23,-75.79,25.58
37.23,-75.77,25.44
37.23,-75.75,25.09
37.23,-75.73,24.94
37.23,-75.71,24.78
37.23,-75.69,24.73
37.23,-75.67,24.57
37.23,-75.65,24.35
37.23,-75.63,24.34
37.23,-75.61,24.36
37.23,-75.59,24.31
37.23,-75.57,24.27
37.23,-75.55,24.35
37.23,-75.53,24.36
37.23,-75.51,24.35
37.23,-75.49,24.37
37.23,-75.47,24.27
37.23,-75.45,24.11
37.23,-75.43,24.06
37.23,-75.41,23.98
37.23,-75.39,23.92
37.23,-75.37,23.97
37.23,-75.35,24.06
37.23,-75.33,24.07
37.23,-75.31,24.12
37.23,-75.29,24.18
37.23,-75.27,24.22
37.23,-75.25,24.33
37.23,-75.23,24.39
37.23,-75.21,24.44
37.23,-75.19,24.48
37.23,-75.17,24.83
37.23,-75.15,24.93
37.23,-75.13,25.0
37.23,-75.11,25.01
37.23,-75.09,25.15
37.23,-75.07,25.2
37.23,-75.05,25.18
37.23,-75.03,25.2
37.23,-75.01,25.28
37.23,-74.99,25.32
37.23,-74.97,25.35
37.23,-74.95,25.4
37.23,-74.93,25.4
37.23,-74.91,25.4
37.23,-74.89,25.35
37.23,-74.87,25.44
37.23,-74.85,25.47
37.23,-74.83,25.43
37.23,-74.81,25.42
37.23,-74.79,25.39
37.23,-74.77,25.36
37.23,-74.75,25.33
37.23,-74.73,25.3
37.23,-74.71,25.18
37.23,-74.69,25.1
37.23,-74.67,25.03
37.23,-74.65,24.95
37.23,-74.63,24.87
37.23,-74.61,24.86
37.23,-74.59,24.93
37.23,-74.57,24.98
37.23,-74.55,24.99
37.23,-74.53,25.19
37.23,-74.51,25.23
37.23,-74.49,25.25
37.23,-74.47,25.22
37.23,-74.45,25.19
37.23,-74.43,25.18
37.23,-74.41,25.2
37.23,-74.39,25.23
37.23,-74.37,25.22
37.23,-74.35,25.31
37.23,-74.33,25.34
37.23,-74.31,25.4
37.23,-74.29,25.42
37.23,-74.27,25.39
37.23,-74.25,25.39
37.23,-74.23,25.38
37.23,-74.21,25.34
37.23,-74.19,25.26
37.23,-74.17,25.24
37.23,-74.15,25.3
37.23,-74.13,25.28
37.23,-74.11,25.28
37.23,-74.09,25.32
37.23,-74.07,25.41
37.23,-74.05,25.47
37.23,-73.87,25.34
37.23,-73.85,25.51
37.23,-73.83,26.51
37.23,-73.81,27.12
37.23,-73.79,27.33
37.23,-73.77,27.87
37.23,-73.75,28.15
37.23,-73.73,28.28
37.23,-73.69,28.45
37.23,-72.75,28.67
37.23,-72.73,28.67
37.23,-72.67,28.53
37.23,-72.65,28.55
37.23,-72.63,28.59
37.23,-72.61,28.59
37.23,-72.59,28.59
37.23,-72.57,28.6
37.23,-72.55,28.61
37.23,-72.53,28.62
37.23,-72.51,28.58
37.23,-72.49,28.52
37.23,-72.47,28.52
37.23,-72.45,28.52
37.23,-72.41,28.54
37.23,-72.39,28.52
37.23,-72.37,28.53
37.23,-72.23,28.4
37.23,-72.21,28.51
37.21,-76.91,28.11
37.21,-76.89,28.07
37.21,-76.85,27.36
37.21,-76.83,27.36
37.21,-76.81,27.37
37.21,-76.79,27.47
37.21,-76.75,27.74
37.21,-76.73,27.73
37.21,-76.71,27.81
37.21,-76.69,27.9
37.21,-76.67,28.04
37.21,-76.65,28.01
37.21,-76.39,26.86
37.21,-76.37,26.86
37.21,-76.35,26.79
37.21,-76.33,26.74
37.21,-76.31,26.73
37.21,-76.29,26.75
37.21,-76.27,26.78
37.21,-76.15,26.47
37.21,-76.13,26.47
37.21,-76.11,26.37
37.21,-76.09,26.3
37.21,-76.07,26.16
37.21,-76.05,26.11
37.21,-76.03,26.15
37.21,-75.93,26.22
37.21,-75.91,26.24
37.21,-75.87,25.28
37.21,-75.85,25.43
37.21,-75.81,25.52
37.21,-75.79,25.46
37.21,-75.77,25.29
37.21,-75.75,25.19
37.21,-75.73,24.91
37.21,-75.71,24.68
37.21,-75.69,24.64
37.21,-75.67,24.51
37.21,-75.65,24.4
37.21,-75.63,24.39
37.21,-75.61,24.33
37.21,-75.59,24.32
37.21,-75.57,24.32
37.21,-75.55,24.32
37.21,-75.53,24.35
37.21,-75.51,24.34
37.21,-75.49,24.35
37.21,-75.47,24.29
37.21,-75.45,24.22
37.21,-75.43,24.09
37.21,-75.41,23.95
37.21,-75.39,23.93
37.21,-75.37,24.01
37.21,-75.35,24.07
37.21,-75.33,24.08
37.21,-75.31,24.13
37.21,-75.29,24.14
37.21,-75.27,24.19
37.21,-75.25,24.25
37.21,-75.23,24.29
37.21,-75.21,24.31
37.21,-75.19,24.39
37.21,-75.17,24.83
37.21,-75.15,24.94
37.21,-75.13,25.06
37.21,-75.11,25.16
37.21,-75.09,25.2
37.21,-75.07,25.22
37.21,-75.05,25.21
37.21,-75.03,25.27
37.21,-75.01,25.32
37.21,-74.99,25.35
37.21,-74.97,25.4
37.21,-74.95,25.44
37.21,-74.93,25.43
37.21,-74.91,25.41
37.21,-74.89,25.36
37.21,-74.87,25.42
37.21,-74.85,25.44
37.21,-74.83,25.43
37.21,-74.81,25.41
37.21,-74.79,25.37
37.21,-74.77,25.36
37.21,-74.75,25.32
37.21,-74.73,25.27
37.21,-74.71,25.16
37.21,-74.69,25.05
37.21,-74.67,24.93
37.21,-74.65,24.89
37.21,-74.63,24.85
37.21,-74.61,24.89
37.21,-74.59,24.99
37.21,-74.57,25.12
37.21,-74.55,25.22
37.21,-74.53,25.25
37.21,-74.51,25.33
37.21,-74.49,25.33
37.21,-74.47,25.28
37.21,-74.45,25.31
37.21,-74.43,25.31
37.21,-74.41,25.34
37.21,-74.39,25.31
37.21,-74.37,25.31
37.21,-74.35,25.39
37.21,-74.33,25.41
37.21,-74.31,25.45
37.21,-74.29,25.44
37.21,-74.27,25.4
37.21,-74.25,25.39
37.21,-74.23,25.35
37.21,-74.21,25.28
37.21,-74.19,25.21
37.21,-74.17,25.25
37.21,-74.15,25.32
37.21,-74.13,25.31
37.21,-74.11,25.33
37.21,-74.09,25.39
37.21,-74.07,25.45
37.21,-74.05,25.49
37.21,-73.89,25.54
37.21,-73.87,26.11
37.21,-73.85,26.83
37.21,-73.83,27.32
37.21,-73.81,27.83
37.21,-73.79,27.92
37.21,-73.77,28.18
37.21,-73.75,28.41
37.21,-73.73,28.43
37.21,-73.71,28.53
37.21,-73.61,28.68
37.21,-73.59,28.73
37.21,-72.75,28.69
37.21,-72.73,28.72
37.21,-72.71,28.72
37.21,-72.69,28.72
37.21,-72.67,28.74
37.21,-72.63,28.63
37.21,-72.61,28.62
37.21,-72.59,28.62
37.21,-72.57,28.59
37.21,-72.55,28.56
37.21,-72.53,28.56
37.21,-72.51,28.58
37.21,-72.43,28.48
37.21,-72.41,28.52
37.21,-72.39,28.51
37.21,-72.23,28.55
37.21,-72.21,28.54
37.19,-76.79,27.52
37.19,-76.77,27.65
37.19,-76.73,27.78
37.19,-76.71,27.9
37.19,-76.67,28.02
37.19,-76.65,28.03
37.19,-76.63,27.61
37.19,-76.39,26.64
37.19,-76.37,26.64
37.19,-76.35,26.67
37.19,-76.33,26.58
37.19,-76.31,26.61
37.19,-76.29,26.7
37.19,-76.19,26.36
37.19,-76.17,26.34
37.19,-76.15,26.33
37.19,-76.13,26.29
37.19,-76.11,26.26
37.19,-76.09,26.21
37.19,-76.07,26.17
37.19,-76.05,26.16
37.19,-76.03,26.1
37.19,-76.01,26.21
37.19,-75.93,25.57
37.19,-75.91,25.75
37.19,-75.87,26.78
37.19,-75.81,25.52
37.19,-75.79,25.42
37.19,-75.77,25.34
37.19,-75.75,25.25
37.19,-75.73,25.04
37.19,-75.71,24.62
37.19,-75.69,24.49
37.19,-75.67,24.43
37.19,-75.65,24.37
37.19,-75.63,24.36
37.19,-75.61,24.33
37.19,-75.59,24.32
37.19,-75.57,24.32
37.19,-75.55,24.34
37.19,-75.53,24.37
37.19,-75.51,24.33
37.19,-75.49,24.33
37.19,-75.47,24.29
37.19,-75.45,24.22
37.19,-75.43,24.04
37.19,-75.41,23.92
37.19,-75.39,23.98
37.19,-75.37,24.04
37.19,-75.35,24.07
37.19,-75.33,24.08
37.19,-75.31,24.1
37.19,-75.29,24.09
37.19,-75.27,24.13
37.19,-75.25,24.16
37.19,-75.23,24.17
37.19,-75.21,24.36
37.19,-75.19,24.61
37.19,-75.17,24.76
37.19,-75.15,24.87
37.19,-75.13,25.1
37.19,-75.11,25.17
37.19,-75.09,25.21
37.19,-75.07,25.24
37.19,-75.05,25.28
37.19,-75.03,25.32
37.19,-75.01,25.34
37.19,-74.99,25.38
37.19,-74.97,25.41
37.19,-74.95,25.41
37.19,-74.93,25.43
37.19,-74.91,25.42
37.19,-74.89,25.41
37.19,-74.87,25.42
37.19,-74.85,25.45
37.19,-74.83,25.45
37.19,-74.81,25.39
37.19,-74.79,25.39
37.19,-74.77,25.32
37.19,-74.75,25.27
37.19,-74.73,25.17
37.19,-74.71,25.09
37.19,-74.69,24.95
37.19,-74.67,24.92
37.19,-74.65,24.9
37.19,-74.63,24.88
37.19,-74.61,24.98
37.19,-74.59,25.11
37.19,-74.57,25.21
37.19,-74.55,25.27
37.19,-74.53,25.3
37.19,-74.51,25.34
37.19,-74.49,25.36
37.19,-74.47,25.36
37.19,-74.45,25.39
37.19,-74.43,25.38
37.19,-74.41,25.37
37.19,-74.39,25.38
37.19,-74.37,25.4
37.19,-74.35,25.44
37.19,-74.33,25.46
37.19,-74.31,25.47
37.19,-74.29,25.45
37.19,-74.27,25.42
37.19,-74.25,25.36
37.19,-74.23,25.33
37.19,-74.21,25.26
37.19,-74.19,25.2
37.19,-74.17,25.24
37.19,-74.15,25.3
37.19,-74.13,25.34
37.19,-74.11,25.39
37.19,-74.09,25.49
37.19,-74.07,25.52
37.19,-74.05,25.49
37.19,-73.93,25.61
37.19,-73.91,25.8
37.19,-73.89,26.35
37.19,-73.87,27.2
37.19,-73.85,27.54
37.19,-73.83,27.93
37.19,-73.81,28.17
37.19,-73.61,28.71
37.19,-73.59,28.74
37.19,-72.75,28.45
37.19,-72.73,28.57
37.19,-72.71,28.63
37.19,-72.69,28.69
37.19,-72.67,28.77
37.19,-72.65,28.56
37.19,-72.63,28.65
37.19,-72.61,28.66
37.19,-72.59,28.62
37.19,-72.57,28.59
37.19,-72.55,28.55
37.19,-72.37,28.46
37.19,-72.35,28.45
37.19,-72.25,28.41
37.19,-72.23,28.49
37.19,-72.21,28.54
37.17,-76.75,27.69
37.17,-76.73,27.78
37.17,-76.71,28.05
37.17,-76.65,27.45
37.17,-76.63,27.54
37.17,-76.39,26.64
37.17,-76.37,26.59
37.17,-76.21,26.37
37.17,-76.19,26.33
37.17,-76.17,26.31
37.17,-76.09,26.15
37.17,-76.07,26.13
37.17,-76.05,26.13
37.17,-76.03,26.12
37.17,-76.01,26.2
37.17,-75.99,26.29
37.17,-75.93,25.41
37.17,-75.87,26.8
37.17,-75.85,26.54
37.17,-75.83,25.46
37.17,-75.81,25.39
37.17,-75.79,25.29
37.17,-75.77,25.24
37.17,-75.75,25.18
37.17,-75.73,24.91
37.17,-75.71,24.67
37.17,-75.69,24.46
37.17,-75.67,24.42
37.17,-75.65,24.39
37.17,-75.63,24.35
37.17,-75.61,24.34
37.17,-75.59,24.36
37.17,-75.57,24.34
37.17,-75.55,24.36
37.17,-75.53,24.38
37.17,-75.51,24.32
37.17,-75.49,24.26
37.17,-75.47,24.24
37.17,-75.45,24.18
37.17,-75.43,24.09
37.17,-75.41,23.94
37.17,-75.39,24.01
37.17,-75.37,24.05
37.17,-75.35,24.07
37.17,-75.33,24.06
37.17,-75.31,24.05
37.17,-75.29,24.06
37.17,-75.27,24.07
37.17,-75.25,24.08
37.17,-75.23,24.08
37.17,-75.19,24.66
37.17,-75.17,24.76
37.17,-75.15,24.91
37.17,-75.13,25.16
37.17,-75.11,25.19
37.17,-75.09,25.21
37.17,-75.07,25.29
37.17,-75.05,25.33
37.17,-75.03,25.35
37.17,-75.01,25.4
37.17,-74.99,25.42
37.17,-74.97,25.4
37.17,-74.95,25.41
37.17,-74.93,25.42
37.17,-74.91,25.41
37.17,-74.89,25.42
37.17,-74.87,25.42
37.17,-74.85,25.46
37.17,-74.83,25.44
37.17,-74.81,25.37
37.17,-74.79,25.33
37.17,-74.77,25.26
37.17,-74.75,25.21
37.17,-74.73,25.11
37.17,-74.71,25.08
37.17,-74.69,24.94
37.17,-74.67,24.93
37.17,-74.65,24.94
37.17,-74.63,24.93
37.17,-74.61,25.1
37.17,-74.59,25.21
37.17,-74.57,25.29
37.17,-74.55,25.34
37.17,-74.53,25.36
37.17,-74.51,25.37
37.17,-74.49,25.38
37.17,-74.47,25.41
37.17,-74.45,25.41
37.17,-74.43,25.38
37.17,-74.41,25.4
37.17,-74.39,25.44
37.17,-74.37,25.44
37.17,-74.35,25.46
37.17,-74.33,25.48
37.17,-74.31,25.47
37.17,-74.29,25.45
37.17,-74.27,25.38
37.17,-74.25,25.31
37.17,-74.23,25.26
37.17,-74.21,25.2
37.17,-74.19,25.24
37.17,-74.17,25.28
37.17,-74.15,25.31
37.17,-74.13,25.41
37.17,-74.11,25.43
37.17,-74.09,25.43
37.17,-74.07,25.41
37.17,-74.05,25.43
37.17,-73.93,26.33
37.17,-73.91,27.08
37.17,-73.89,27.27
37.17,-73.87,27.57
37.17,-72.77,28.4
37.17,-72.75,28.47
37.17,-72.73,28.5
37.17,-72.71,28.51
37.17,-72.69,28.54
37.17,-72.67,28.51
37.17,-72.65,28.51
37.17,-72.63,28.53
37.17,-72.61,28.54
37.17,-72.59,28.56
37.17,-72.57,28.56
37.17,-72.39,28.48
37.17,-72.37,28.47
37.17,-72.35,28.45
37.17,-72.25,28.37
37.17,-72.23,28.36
37.15,-76.73,27.85
37.15,-76.65,27.3
37.15,-76.63,27.3
37.15,-76.21,26.37
37.15,-76.05,26.09
37.15,-76.03,26.09
37.15,-76.01,26.15
37.15,-75.99,26.38
37.15,-75.93,25.46
37.15,-75.91,25.47
37.15,-75.89,25.92
37.15,-75.85,25.57
37.15,-75.83,25.39
37.15,-75.81,25.26
37.15,-75.79,25.21
37.15,-75.77,25.16
37.15,-75.75,25.12
37.15,-75.73,24.81
37.15,-75.71,24.62
37.15,-75.69,24.53
37.15,-75.67,24.44
37.15,-75.65,24.45
37.15,-75.63,24.41
37.15,-75.61,24.42
37.15,-75.59,24.44
37.15,-75.57,24.39
37.15,-75.55,24.38
37.15,-75.53,24.32
37.15,-75.51,24.31
37.15,-75.49,24.25
37.15,-75.47,24.15
37.15,-75.45,24.12
37.15,-75.43,24.1
37.15,-75.41,24.03
37.15,-75.39,24.02
37.15,-75.37,24.05
37.15,-75.35,24.03
37.15,-75.33,24.02
37.15,-75.31,24.05
37.15,-75.29,24.05
37.15,-75.27,24.04
37.15,-75.25,24.03
37.15,-75.23,24.09
37.15,-75.13,25.14
37.15,-75.11,25.21
37.15,-75.09,25.25
37.15,-75.07,25.28
37.15,-75.05,25.34
37.15,-75.03,25.35
37.15,-75.01,25.37
37.15,-74.99,25.39
37.15,-74.97,25.38
37.15,-74.95,25.4
37.15,-74.93,25.4
37.15,-74.91,25.39
37.15,-74.89,25.43
37.15,-74.87,25.42
37.15,-74.85,25.41
37.15,-74.81,25.37
37.15,-74.79,25.33
37.15,-74.77,25.27
37.15,-74.75,25.18
37.15,-74.73,25.11
37.15,-74.71,25.07
37.15,-74.69,25.03
37.15,-74.67,24.98
37.15,-74.65,24.98
37.15,-74.63,25.02
37.15,-74.61,25.16
37.15,-74.59,25.24
37.15,-74.57,25.38
37.15,-74.55,25.39
37.15,-74.53,25.41
37.15,-74.51,25.43
37.15,-74.49,25.43
37.15,-74.47,25.44
37.15,-74.45,25.39
37.15,-74.43,25.4
37.15,-74.41,25.4
37.15,-74.39,25.45
37.15,-74.37,25.49
37.15,-74.35,25.48
37.15,-74.33,25.45
37.15,-74.31,25.44
37.15,-74.29,25.45
37.15,-74.27,25.32
37.15,-74.25,25.25
37.15,-74.23,25.26
37.15,-74.21,25.28
37.15,-74.19,25.3
37.15,-74.17,25.34
37.15,-74.15,25.39
37.15,-74.13,25.42
37.15,-74.11,25.4
37.15,-74.09,25.37
37.15,-74.07,25.34
37.15,-74.05,25.32
37.15,-73.97,25.9
37.15,-73.95,26.58
37.15,-73.93,27.08
37.15,-73.91,27.18
37.15,-72.77,28.36
37.15,-72.75,28.39
37.15,-72.73,28.35
37.15,-72.61,28.51
37.15,-72.57,28.54
37.15,-72.37,28.38
37.15,-72.35,28.2
37.15,-72.23,28.32
37.15,-72.21,28.32
37.13,-76.65,27.21
37.13,-76.05,26.03
37.13,-76.03,25.95
37.13,-76.01,26.1
37.13,-75.99,26.22
37.13,-75.93,25.82
37.13,-75.91,25.66
37.13,-75.87,25.94
37.13,-75.85,25.63
37.13,-75.83,25.39
37.13,-75.81,25.23
37.13,-75.79,25.19
37.13,-75.77,25.15
37.13,-75.75,25.04
37.13,-75.73,24.92
37.13,-75.71,24.74
37.13,-75.69,24.56
37.13,-75.67,24.52
37.13,-75.65,24.52
37.13,-75.63,24.49
37.13,-75.61,24.46
37.13,-75.59,24.45
37.13,-75.57,24.42
37.13,-75.55,24.38
37.13,-75.53,24.31
37.13,-75.51,24.25
37.13,-75.49,24.2
37.13,-75.47,24.14
37.13,-75.45,24.12
37.13,-75.43,24.14
37.13,-75.41,24.06
37.13,-75.39,24.02
37.13,-75.37,24.03
37.13,-75.35,24.02
37.13,-75.31,24.03
37.13,-75.29,24.04
37.13,-75.27,24.07
37.13,-75.25,24.07
37.13,-75.13,25.17
37.13,-75.11,25.17
37.13,-75.07,25.33
37.13,-75.05,25.31
37.13,-75.03,25.34
37.13,-75.01,25.35
37.13,-74.99,25.34
37.13,-74.97,25.35
37.13,-74.95,25.38
37.13,-74.93,25.39
37.13,-74.91,25.37
37.13,-74.89,25.41
37.13,-74.87,25.41
37.13,-74.85,25.42
37.13,-74.83,25.35
37.13,-74.81,25.36
37.13,-74.79,25.34
37.13,-74.77,25.28
37.13,-74.75,25.21
37.13,-74.73,25.14
37.13,-74.71,25.09
37.13,-74.69,25.08
37.13,-74.67,25.06
37.13,-74.65,25.02
37.13,-74.63,25.04
37.13,-74.61,25.16
37.13,-74.57,25.42
37.13,-74.55,25.43
37.13,-74.53,25.46
37.13,-74.51,25.46
37.13,-74.49,25.46
37.13,-74.47,25.45
37.13,-74.45,25.42
37.13,-74.43,25.42
37.13,-74.41,25.42
37.13,-74.39,25.48
37.13,-74.37,25.48
37.13,-74.35,25.45
37.13,-74.33,25.43
37.13,-74.31,25.42
37.13,-74.29,25.34
37.13,-74.27,25.23
37.13,-74.25,25.29
37.13,-74.23,25.39
37.13,-74.21,25.42
37.13,-74.19,25.4
37.13,-74.17,25.41
37.13,-74.15,25.42
37.13,-74.13,25.33
37.13,-74.11,25.29
37.13,-74.09,25.29
37.13,-74.07,25.3
37.13,-74.05,25.3
37.13,-72.85,28.19
37.13,-72.79,28.18
37.13,-72.73,28.21
37.13,-72.53,28.27
37.13,-72.51,28.34
37.13,-72.49,28.35
37.13,-72.35,28.18
37.13,-72.33,28.19
37.11,-76.65,27.24
37.11,-76.63,27.27
37.11,-76.61,27.14
37.11,-76.05,26.1
37.11,-76.03,25.88
37.11,-76.01,26.06
37.11,-75.99,26.13
37.11,-75.97,26.26
37.11,-75.95,26.32
37.11,-75.93,26.23
37.11,-75.91,26.25
37.11,-75.89,26.22
37.11,-75.87,25.99
37.11,-75.85,25.51
37.11,-75.83,25.31
37.11,-75.81,25.23
37.11,-75.79,25.21
37.11,-75.77,25.15
37.11,-75.75,24.99
37.11,-75.73,24.96
37.11,-75.71,24.83
37.11,-75.69,24.66
37.11,-75.67,24.61
37.11,-75.65,24.59
37.11,-75.63,24.56
37.11,-75.61,24.5
37.11,-75.59,24.45
37.11,-75.57,24.46
37.11,-75.55,24.4
37.11,-75.53,24.28
37.11,-75.51,24.16
37.11,-75.49,24.18
37.11,-75.47,24.23
37.11,-75.45,24.18
37.11,-75.43,24.14
37.11,-75.41,24.08
37.11,-75.39,24.02
37.11,-75.37,23.99
37.11,-75.35,23.98
37.11,-75.29,24.08
37.11,-75.27,24.13
37.11,-75.25,24.11
37.11,-75.13,25.22
37.11,-75.11,25.21
37.11,-75.09,25.38
37.11,-75.07,25.41
37.11,-75.05,25.39
37.11,-75.03,25.39
37.11,-75.01,25.35
37.11,-74.99,25.25
37.11,-74.97,25.3
37.11,-74.95,25.36
37.11,-74.93,25.35
37.11,-74.91,25.33
37.11,-74.89,25.38
37.11,-74.87,25.4
37.11,-74.85,25.41
37.11,-74.83,25.37
37.11,-74.81,25.38
37.11,-74.79,25.3
37.11,-74.77,25.27
37.11,-74.75,25.24
37.11,-74.73,25.2
37.11,-74.71,25.15
37.11,-74.69,25.13
37.11,-74.67,25.08
37.11,-74.65,25.04
37.11,-74.63,25.13
37.11,-74.61,25.3
37.11,-74.57,25.46
37.11,-74.55,25.46
37.11,-74.53,25.46
37.11,-74.51,25.45
37.11,-74.49,25.49
37.11,-74.47,25.47
37.11,-74.45,25.42
37.11,-74.43,25.45
37.11,-74.41,25.45
37.11,-74.39,25.48
37.11,-74.37,25.47
37.11,-74.35,25.46
37.11,-74.33,25.39
37.11,-74.31,25.33
37.11,-74.29,25.29
37.11,-74.27,25.31
37.11,-74.25,25.38
37.11,-74.23,25.45
37.11,-74.21,25.46
37.11,-74.19,25.43
37.11,-74.17,25.42
37.11,-74.15,25.38
37.11,-74.13,25.26
37.11,-74.11,25.21
37.11,-74.09,25.29
37.11,-74.07,25.32
37.11,-74.05,25.34
37.11,-74.01,26.67
37.11,-73.99,26.96
37.11,-72.93,28.43
37.11,-72.91,28.38
37.11,-72.87,28.19
37.11,-72.85,28.16
37.11,-72.61,28.12
37.11,-72.57,28.13
37.11,-72.55,28.1
37.11,-72.53,28.1
37.11,-72.51,28.14
37.11,-72.49,28.23
37.09,-76.65,27.08
37.09,-76.63,26.96
37.09,-76.61,27.15
37.09,-76.59,27.14
37.09,-76.55,27.22
37.09,-76.19,26.4
37.09,-76.17,26.37
37.09,-76.15,26.3
37.09,-76.13,26.28
37.09,-76.07,26.15
37.09,-76.05,26.14
37.09,-76.03,25.88
37.09,-76.01,25.86
37.09,-75.99,26.03
37.09,-75.93,26.28
37.09,-75.91,26.19
37.09,-75.89,25.8
37.09,-75.87,25.67
37.09,-75.85,25.46
37.09,-75.83,25.3
37.09,-75.81,25.23
37.09,-75.79,25.13
37.09,-75.77,25.05
37.09,-75.75,24.84
37.09,-75.73,24.8
37.09,-75.71,24.84
37.09,-75.69,24.81
37.09,-75.67,24.67
37.09,-75.65,24.61
37.09,-75.63,24.6
37.09,-75.61,24.52
37.09,-75.59,24.48
37.09,-75.57,24.44
37.09,-75.55,24.36
37.09,-75.53,24.25
37.09,-75.51,24.18
37.09,-75.49,24.25
37.09,-75.47,24.23
37.09,-75.45,24.22
37.09,-75.43,24.16
37.09,-75.41,24.09
37.09,-75.39,23.98
37.09,-75.37,23.95
37.09,-75.35,23.94
37.09,-75.29,24.12
37.09,-75.27,24.15
37.09,-75.13,25.23
37.09,-75.11,25.28
37.09,-75.09,25.37
37.09,-75.07,25.39
37.09,-75.05,25.42
37.09,-75.03,25.43
37.09,-75.01,25.38
37.09,-74.99,25.27
37.09,-74.97,25.26
37.09,-74.95,25.31
37.09,-74.93,25.31
37.09,-74.91,25.31
37.09,-74.89,25.36
37.09,-74.87,25.4
37.09,-74.85,25.39
37.09,-74.83,25.36
37.09,-74.81,25.32
37.09,-74.79,25.31
37.09,-74.77,25.28
37.09,-74.75,25.24
37.09,-74.73,25.21
37.09,-74.71,25.19
37.09,-74.69,25.15
37.09,-74.67,25.13
37.09,-74.65,25.11
37.09,-74.63,25.32
37.09,-74.61,25.38
37.09,-74.59,25.52
37.09,-74.57,25.5
37.09,-74.55,25.47
37.09,-74.53,25.46
37.09,-74.51,25.47
37.09,-74.49,25.48
37.09,-74.47,25.48
37.09,-74.45,25.43
37.09,-74.43,25.45
37.09,-74.41,25.46
37.09,-74.39,25.46
37.09,-74.37,25.48
37.09,-74.35,25.48
37.09,-74.33,25.46
37.09,-74.31,25.36
37.09,-74.29,25.33
37.09,-74.27,25.4
37.09,-74.25,25.46
37.09,-74.23,25.55
37.09,-74.21,25.55
37.09,-74.19,25.38
37.09,-74.17,25.31
37.09,-74.15,25.3
37.09,-74.13,25.27
37.09,-74.11,25.28
37.09,-74.09,25.27
37.09,-74.07,25.36
37.09,-74.05,25.57
37.09,-74.03,26.13
37.09,-74.01,26.52
37.09,-73.99,26.9
37.09,-73.95,28.48
37.09,-73.93,28.52
37.09,-73.91,28.5
37.09,-73.81,28.62
37.09,-73.79,28.61
37.09,-72.91,28.34
37.09,-72.89,28.31
37.09,-72.87,28.28
37.09,-72.81,28.19
37.09,-72.67,28.29
37.09,-72.65,28.26
37.09,-72.57,28.22
37.09,-72.55,28.23
37.09,-72.53,28.17
37.09,-72.51,28.16
37.09,-72.25,28.07
37.07,-76.65,26.76
37.07,-76.63,26.79
37.07,-76.61,27.14
37.07,-76.59,27.07
37.07,-76.57,27.02
37.07,-76.55,27.14
37.07,-76.53,27.13
37.07,-76.17,26.35
37.07,-76.15,26.31
37.07,-76.13,26.32
37.07,-76.07,26.18
37.07,-76.05,26.08
37.07,-76.03,25.91
37.07,-76.01,25.73
37.07,-75.99,25.67
37.07,-75.97,25.74
37.07,-75.95,25.85
37.07,-75.93,25.83
37.07,-75.91,25.66
37.07,-75.89,25.49
37.07,-75.87,25.43
37.07,-75.85,25.38
37.07,-75.83,25.23
37.07,-75.81,25.18
37.07,-75.79,25.08
37.07,-75.77,24.96
37.07,-75.75,24.83
37.07,-75.73,24.8
37.07,-75.71,24.8
37.07,-75.69,24.77
37.07,-75.67,24.7
37.07,-75.65,24.67
37.07,-75.63,24.63
37.07,-75.61,24.58
37.07,-75.59,24.51
37.07,-75.57,24.46
37.07,-75.55,24.41
37.07,-75.53,24.25
37.07,-75.51,24.27
37.07,-75.49,24.28
37.07,-75.47,24.26
37.07,-75.45,24.26
37.07,-75.43,24.18
37.07,-75.41,24.09
37.07,-75.39,23.97
37.07,-75.37,23.9
37.07,-75.35,23.9
37.07,-75.23,24.19
37.07,-75.11,25.37
37.07,-75.09,25.39
37.07,-75.07,25.4
37.07,-75.05,25.44
37.07,-75.03,25.41
37.07,-75.01,25.36
37.07,-74.99,25.31
37.07,-74.97,25.26
37.07,-74.95,25.27
37.07,-74.93,25.3
37.07,-74.91,25.3
37.07,-74.89,25.34
37.07,-74.87,25.37
37.07,-74.85,25.37
37.07,-74.83,25.38
37.07,-74.81,25.34
37.07,-74.79,25.35
37.07,-74.77,25.3
37.07,-74.75,25.24
37.07,-74.73,25.2
37.07,-74.71,25.18
37.07,-74.69,25.14
37.07,-74.67,25.14
37.07,-74.65,25.18
37.07,-74.63,25.32
37.07,-74.57,25.51
37.07,-74.55,25.52
37.07,-74.53,25.5
37.07,-74.51,25.48
37.07,-74.49,25.46
37.07,-74.47,25.46
37.07,-74.45,25.45
37.07,-74.43,25.47
37.07,-74.41,25.48
37.07,-74.39,25.47
37.07,-74.37,25.49
37.07,-74.35,25.49
37.07,-74.33,25.47
37.07,-74.31,25.45
37.07,-74.29,25.44
37.07,-74.27,25.44
37.07,-74.25,25.45
37.07,-74.23,25.5
37.07,-74.21,25.48
37.07,-74.19,25.23
37.07,-74.17,25.27
37.07,-74.15,25.28
37.07,-74.13,25.18
37.07,-74.11,25.31
37.07,-74.09,25.32
37.07,-74.07,25.39
37.07,-74.05,25.89
37.07,-74.03,26.5
37.07,-74.01,27.14
37.07,-73.99,27.93
37.07,-73.97,28.39
37.07,-73.95,28.5
37.07,-73.93,28.55
37.07,-73.91,28.52
37.07,-72.93,28.38
37.07,-72.91,28.33
37.07,-72.89,28.27
37.07,-72.71,28.35
37.07,-72.63,28.2
37.07,-72.57,28.28
37.07,-72.55,28.28
37.07,-72.53,28.28
37.05,-76.65,26.69
37.05,-76.63,26.86
37.05,-76.61,27.0
37.05,-76.59,27.14
37.05,-76.57,27.28
37.05,-76.55,27.21
37.05,-76.17,26.34
37.05,-76.15,26.3
37.05,-76.13,26.31
37.05,-76.11,26.35
37.05,-76.09,26.17
37.05,-76.07,26.15
37.05,-76.05,26.08
37.05,-76.03,25.77
37.05,-76.01,25.7
37.05,-75.99,25.5
37.05,-75.97,25.35
37.05,-75.95,25.39
37.05,-75.93,25.3
37.05,-75.91,25.26
37.05,-75.89,25.19
37.05,-75.87,25.23
37.05,-75.85,25.2
37.05,-75.83,25.1
37.05,-75.81,25.09
37.05,-75.79,25.08
37.05,-75.77,24.99
37.05,-75.75,24.84
37.05,-75.73,24.76
37.05,-75.71,24.72
37.05,-75.69,24.73
37.05,-75.67,24.7
37.05,-75.65,24.68
37.05,-75.63,24.65
37.05,-75.61,24.58
37.05,-75.59,24.53
37.05,-75.57,24.48
37.05,-75.55,24.43
37.05,-75.53,24.33
37.05,-75.51,24.29
37.05,-75.49,24.23
37.05,-75.47,24.27
37.05,-75.45,24.24
37.05,-75.43,24.15
37.05,-75.41,24.06
37.05,-75.39,23.99
37.05,-75.37,23.94
37.05,-75.35,23.91
37.05,-75.21,24.25
37.05,-75.13,25.28
37.05,-75.11,25.32
37.05,-75.09,25.32
37.05,-75.07,25.36
37.05,-75.05,25.4
37.05,-75.03,25.42
37.05,-75.01,25.4
37.05,-74.99,25.35
37.05,-74.97,25.3
37.05,-74.95,25.27
37.05,-74.93,25.31
37.05,-74.91,25.28
37.05,-74.89,25.32
37.05,-74.87,25.38
37.05,-74.85,25.41
37.05,-74.83,25.34
37.05,-74.81,25.31
37.05,-74.79,25.3
37.05,-74.77,25.26
37.05,-74.75,25.19
37.05,-74.73,25.14
37.05,-74.71,25.12
37.05,-74.69,25.13
37.05,-74.67,25.17
37.05,-74.59,25.53
37.05,-74.57,25.55
37.05,-74.55,25.52
37.05,-74.53,25.5
37.05,-74.51,25.48
37.05,-74.49,25.44
37.05,-74.47,25.44
37.05,-74.45,25.43
37.05,-74.43,25.47
37.05,-74.41,25.46
37.05,-74.39,25.48
37.05,-74.37,25.47
37.05,-74.35,25.49
37.05,-74.33,25.52
37.05,-74.31,25.49
37.05,-74.29,25.46
37.05,-74.27,25.45
37.05,-74.25,25.44
37.05,-74.23,25.53
37.05,-74.21,25.45
37.05,-74.19,25.2
37.05,-74.17,25.28
37.05,-74.15,25.3
37.05,-74.13,25.24
37.05,-74.11,25.29
37.05,-74.09,25.3
37.05,-74.07,25.7
37.05,-74.05,26.06
37.05,-74.03,27.03
37.05,-74.01,27.37
37.05,-73.99,27.91
37.05,-73.97,28.35
37.05,-73.95,28.41
37.05,-72.73,28.33
37.05,-72.71,28.35
37.05,-72.63,28.21
37.05,-72.61,28.24
37.05,-72.59,28.29
37.05,-72.57,28.29
37.05,-72.55,28.31
37.03,-76.57,27.1
37.03,-76.55,27.15
37.03,-76.27,26.53
37.03,-76.25,26.49
37.03,-76.23,26.46
37.03,-76.19,26.36
37.03,-76.17,26.34
37.03,-76.15,26.34
37.03,-76.13,26.36
37.03,-76.11,26.45
37.03,-76.09,26.28
37.03,-76.07,26.26
37.03,-76.05,26.02
37.03,-76.03,25.7
37.03,-76.01,25.55
37.03,-75.99,25.36
37.03,-75.97,25.19
37.03,-75.95,25.07
37.03,-75.93,25.01
37.03,-75.91,25.03
37.03,-75.89,25.03
37.03,-75.87,25.1
37.03,-75.85,25.06
37.03,-75.83,25.05
37.03,-75.81,25.0
37.03,-75.79,24.97
37.03,-75.77,24.94
37.03,-75.75,24.86
37.03,-75.73,24.82
37.03,-75.71,24.72
37.03,-75.69,24.67
37.03,-75.67,24.69
37.03,-75.65,24.7
37.03,-75.63,24.69
37.03,-75.61,24.66
37.03,-75.59,24.57
37.03,-75.57,24.52
37.03,-75.55,24.45
37.03,-75.53,24.32
37.03,-75.51,24.27
37.03,-75.49,24.22
37.03,-75.47,24.24
37.03,-75.45,24.17
37.03,-75.43,24.04
37.03,-75.41,24.03
37.03,-75.39,24.01
37.03,-75.37,24.0
37.03,-75.35,23.99
37.03,-75.21,24.31
37.03,-75.19,24.38
37.03,-75.17,24.79
37.03,-75.15,24.97
37.03,-75.09,25.37
37.03,-75.07,25.32
37.03,-75.05,25.44
37.03,-75.03,25.54
37.03,-75.01,25.51
37.03,-74.99,25.43
37.03,-74.97,25.33
37.03,-74.95,25.3
37.03,-74.93,25.31
37.03,-74.91,25.27
37.03,-74.89,25.3
37.03,-74.87,25.32
37.03,-74.85,25.35
37.03,-74.83,25.3
37.03,-74.81,25.28
37.03,-74.79,25.26
37.03,-74.77,25.22
37.03,-74.75,25.19
37.03,-74.73,25.13
37.03,-74.71,25.07
37.03,-74.69,25.08
37.03,-74.61,25.48
37.03,-74.59,25.5
37.03,-74.57,25.49
37.03,-74.55,25.5
37.03,-74.53,25.47
37.03,-74.51,25.45
37.03,-74.49,25.41
37.03,-74.47,25.4
37.03,-74.45,25.4
37.03,-74.43,25.43
37.03,-74.41,25.46
37.03,-74.39,25.48
37.03,-74.37,25.5
37.03,-74.35,25.52
37.03,-74.33,25.53
37.03,-74.31,25.49
37.03,-74.29,25.46
37.03,-74.27,25.48
37.03,-74.25,25.45
37.03,-74.23,25.42
37.03,-74.21,25.36
37.03,-74.19,25.24
37.03,-74.17,25.25
37.03,-74.15,25.27
37.03,-74.13,25.28
37.03,-74.11,25.25
37.03,-74.09,25.32
37.03,-74.07,25.73
37.03,-74.05,26.19
37.03,-72.75,28.29
37.03,-72.73,28.28
37.03,-72.55,28.37
37.03,-72.49,28.38
37.03,-72.37,28.33
37.03,-72.35,28.35
37.01,-76.57,27.07
37.01,-76.55,27.16
37.01,-76.53,27.2
37.01,-76.29,26.55
37.01,-76.27,26.55
37.01,-76.25,26.5
37.01,-76.23,26.52
37.01,-76.21,26.51
37.01,-76.19,26.41
37.01,-76.17,26.4
37.01,-76.15,26.41
37.01,-76.13,26.36
37.01,-76.11,26.38
37.01,-76.09,26.4
37.01,-76.07,26.32
37.01,-76.05,26.17
37.01,-76.03,25.91
37.01,-76.01,25.36
37.01,-75.99,25.17
37.01,-75.97,25.07
37.01,-75.95,25.06
37.01,-75.93,24.92
37.01,-75.91,24.84
37.01,-75.89,24.85
37.01,-75.87,24.91
37.01,-75.85,24.93
37.01,-75.83,24.89
37.01,-75.81,24.8
37.01,-75.79,24.77
37.01,-75.77,24.77
37.01,-75.75,24.75
37.01,-75.73,24.72
37.01,-75.71,24.7
37.01,-75.69,24.71
37.01,-75.67,24.74
37.01,-75.65,24.75
37.01,-75.63,24.73
37.01,-75.61,24.72
37.01,-75.59,24.62
37.01,-75.57,24.51
37.01,-75.55,24.48
37.01,-75.53,24.35
37.01,-75.51,24.26
37.01,-75.49,24.19
37.01,-75.47,24.14
37.01,-75.45,24.05
37.01,-75.43,23.98
37.01,-75.41,23.97
37.01,-75.39,23.97
37.01,-75.37,24.0
37.01,-75.35,23.99
37.01,-75.21,24.43
37.01,-75.19,24.58
37.01,-75.17,24.77
37.01,-75.15,24.93
37.01,-75.09,25.44
37.01,-75.05,25.56
37.01,-75.03,25.56
37.01,-75.01,25.51
37.01,-74.99,25.46
37.01,-74.97,25.37
37.01,-74.95,25.29
37.01,-74.93,25.25
37.01,-74.91,25.2
37.01,-74.89,25.27
37.01,-74.87,25.3
37.01,-74.85,25.31
37.01,-74.83,25.26
37.01,-74.81,25.25
37.01,-74.79,25.25
37.01,-74.77,25.23
37.01,-74.75,25.19
37.01,-74.73,25.19
37.01,-74.71,25.15
37.01,-74.69,25.11
37.01,-74.61,25.49
37.01,-74.59,25.48
37.01,-74.57,25.49
37.01,-74.55,25.44
37.01,-74.53,25.43
37.01,-74.51,25.36
37.01,-74.49,25.34
37.01,-74.47,25.35
37.01,-74.45,25.37
37.01,-74.43,25.37
37.01,-74.41,25.41
37.01,-74.39,25.47
37.01,-74.37,25.49
37.01,-74.35,25.5
37.01,-74.33,25.54
37.01,-74.31,25.5
37.01,-74.29,25.48
37.01,-74.27,25.48
37.01,-74.25,25.45
37.01,-74.23,25.41
37.01,-74.21,25.34
37.01,-74.19,25.29
37.01,-74.17,25.28
37.01,-74.15,25.3
37.01,-74.13,25.33
37.01,-74.11,25.32
37.01,-74.09,25.56
37.01,-74.07,26.35
37.01,-74.05,26.91
37.01,-74.03,27.25
37.01,-72.73,28.27
37.01,-72.69,28.31
37.01,-72.61,28.43
36.99,-76.53,27.17
36.99,-76.37,26.62
36.99,-76.31,26.56
36.99,-76.29,26.55
36.99,-76.27,26.37
36.99,-76.25,26.43
36.99,-76.23,26.54
36.99,-76.21,26.45
36.99,-76.19,26.44
36.99,-76.17,26.48
36.99,-76.15,26.49
36.99,-76.13,26.52
36.99,-76.11,26.44
36.99,-76.09,26.41
36.99,-76.07,26.32
36.99,-76.05,26.21
36.99,-76.03,26.15
36.99,-76.01,25.62
36.99,-75.99,24.98
36.99,-75.97,25.01
36.99,-75.95,25.06
36.99,-75.93,24.97
36.99,-75.91,24.73
36.99,-75.89,24.7
36.99,-75.87,24.83
36.99,-75.85,24.83
36.99,-75.83,24.8
36.99,-75.81,24.76
36.99,-75.79,24.75
36.99,-75.77,24.74
36.99,-75.75,24.77
36.99,-75.73,24.73
36.99,-75.71,24.69
36.99,-75.69,24.8
36.99,-75.67,24.81
36.99,-75.65,24.81
36.99,-75.63,24.77
36.99,-75.61,24.74
36.99,-75.59,24.68
36.99,-75.57,24.55
36.99,-75.55,24.48
36.99,-75.53,24.43
36.99,-75.51,24.31
36.99,-75.49,24.18
36.99,-75.47,24.02
36.99,-75.45,23.94
36.99,-75.43,23.92
36.99,-75.41,23.93
36.99,-75.39,23.92
36.99,-75.37,23.91
36.99,-75.35,23.92
36.99,-75.21,24.42
36.99,-75.19,24.5
36.99,-75.17,24.56
36.99,-75.11,25.36
36.99,-75.09,25.41
36.99,-75.07,25.37
36.99,-75.05,25.53
36.99,-75.03,25.53
36.99,-75.01,25.5
36.99,-74.99,25.4
36.99,-74.97,25.4
36.99,-74.95,25.32
36.99,-74.93,25.2
36.99,-74.91,25.18
36.99,-74.89,25.29
36.99,-74.87,25.29
36.99,-74.85,25.27
36.99,-74.83,25.22
36.99,-74.81,25.21
36.99,-74.79,25.23
36.99,-74.77,25.2
36.99,-74.75,25.21
36.99,-74.73,25.18
36.99,-74.71,25.1
36.99,-74.69,25.14
36.99,-74.67,25.25
36.99,-74.65,25.28
36.99,-74.61,25.42
36.99,-74.59,25.4
36.99,-74.57,25.41
36.99,-74.55,25.42
36.99,-74.53,25.37
36.99,-74.51,25.27
36.99,-74.49,25.26
36.99,-74.47,25.23
36.99,-74.45,25.27
36.99,-74.43,25.35
36.99,-74.41,25.37
36.99,-74.39,25.4
36.99,-74.37,25.41
36.99,-74.35,25.4
36.99,-74.33,25.44
36.99,-74.31,25.46
36.99,-74.29,25.49
36.99,-74.27,25.5
36.99,-74.25,25.46
36.99,-74.23,25.44
36.99,-74.21,25.41
36.99,-74.19,25.31
36.99,-74.17,25.28
36.99,-74.15,25.34
36.99,-74.13,25.35
36.99,-74.11,25.48
36.99,-74.09,25.76
36.99,-74.07,26.46
36.99,-74.05,26.98
36.99,-74.03,27.27
36.99,-72.61,28.48
36.99,-72.47,28.57
36.97,-76.39,26.64
36.97,-76.31,26.77
36.97,-76.27,26.44
36.97,-76.25,26.48
36.97,-76.23,26.47
36.97,-76.21,26.4
36.97,-76.19,26.46
36.97,-76.17,26.51
36.97,-76.15,26.57
36.97,-76.13,26.69
36.97,-76.11,26.73
36.97,-76.09,26.49
36.97,-76.07,26.33
36.97,-76.05,26.26
36.97,-76.03,26.21
36.97,-76.01,26.12
36.97,-75.99,25.24
36.97,-75.97,25.01
36.97,-75.95,25.05
36.97,-75.93,24.93
36.97,-75.91,24.73
36.97,-75.89,24.7
36.97,-75.87,24.75
36.97,-75.85,24.77
36.97,-75.83,24.78
36.97,-75.81,24.79
36.97,-75.79,24.81
36.97,-75.77,24.82
36.97,-75.75,24.8
36.97,-75.73,24.82
36.97,-75.71,24.83
36.97,-75.69,24.84
36.97,-75.67,24.83
36.97,-75.65,24.79
36.97,-75.63,24.77
36.97,-75.61,24.72
36.97,-75.59,24.67
36.97,-75.57,24.62
36.97,-75.55,24.52
36.97,-75.53,24.43
36.97,-75.51,24.3
36.97,-75.49,24.18
36.97,-75.47,24.06
36.97,-75.45,23.96
36.97,-75.43,23.96
36.97,-75.41,23.95
36.97,-75.39,23.88
36.97,-75.37,23.87
36.97,-75.35,23.91
36.97,-75.19,24.45
36.97,-75.17,24.44
36.97,-75.11,25.28
36.97,-75.09,25.37
36.97,-75.07,25.34
36.97,-75.05,25.39
36.97,-75.03,25.52
36.97,-75.01,25.48
36.97,-74.99,25.43
36.97,-74.97,25.4
36.97,-74.95,25.33
36.97,-74.93,25.19
36.97,-74.91,25.2
36.97,-74.89,25.3
36.97,-74.87,25.3
36.97,-74.85,25.25
36.97,-74.83,25.23
36.97,-74.81,25.21
36.97,-74.79,25.2
36.97,-74.77,25.15
36.97,-74.75,25.19
36.97,-74.73,25.16
36.97,-74.71,25.06
36.97,-74.69,25.16
36.97,-74.67,25.23
36.97,-74.65,25.28
36.97,-74.61,25.39
36.97,-74.59,25.4
36.97,-74.57,25.37
36.97,-74.55,25.37
36.97,-74.53,25.26
36.97,-74.51,25.17
36.97,-74.49,25.19
36.97,-74.47,25.18
36.97,-74.45,25.3
36.97,-74.43,25.28
36.97,-74.41,25.33
36.97,-74.39,25.39
36.97,-74.37,25.35
36.97,-74.35,25.33
36.97,-74.33,25.36
36.97,-74.31,25.34
36.97,-74.29,25.38
36.97,-74.27,25.35
36.97,-74.25,25.35
36.97,-74.23,25.37
36.97,-74.21,25.37
36.97,-74.19,25.35
36.97,-74.17,25.37
36.97,-74.15,25.36
36.97,-74.13,25.42
36.97,-74.11,25.55
36.97,-74.09,25.98
36.97,-74.07,26.42
36.97,-73.99,28.43
36.97,-72.75,28.39
36.97,-72.47,28.57
36.97,-72.45,28.59
36.97,-72.41,28.54
36.97,-72.39,28.56
36.97,-72.31,28.48
36.95,-76.45,26.71
36.95,-76.43,26.73
36.95,-76.41,26.75
36.95,-76.39,26.67
36.95,-76.37,26.67
36.95,-76.35,27.16
36.95,-76.29,26.56
36.95,-76.23,26.56
36.95,-76.21,26.51
36.95,-76.19,26.5
36.95,-76.17,26.7
36.95,-76.15,26.75
36.95,-76.13,26.81
36.95,-76.11,26.8
36.95,-76.09,26.5
36.95,-76.07,26.4
36.95,-76.05,26.26
36.95,-76.03,26.14
36.95,-76.01,25.96
36.95,-75.99,25.91
36.95,-75.97,25.53
36.95,-75.95,24.97
36.95,-75.93,24.98
36.95,-75.91,24.8
36.95,-75.89,24.72
36.95,-75.87,24.76
36.95,-75.85,24.79
36.95,-75.83,24.82
36.95,-75.81,24.85
36.95,-75.79,24.83
36.95,-75.77,24.91
36.95,-75.75,24.91
36.95,-75.73,24.91
36.95,-75.71,24.89
36.95,-75.69,24.88
36.95,-75.67,24.85
36.95,-75.65,24.78
36.95,-75.63,24.73
36.95,-75.61,24.68
36.95,-75.59,24.6
36.95,-75.57,24.58
36.95,-75.55,24.55
36.95,-75.53,24.44
36.95,-75.51,24.31
36.95,-75.49,24.22
36.95,-75.47,24.13
36.95,-75.45,24.09
36.95,-75.43,24.06
36.95,-75.41,24.04
36.95,-75.39,23.9
36.95,-75.37,23.95
36.95,-75.35,23.87
36.95,-75.33,23.86
36.95,-75.09,25.24
36.95,-75.07,25.43
36.95,-75.05,25.51
36.95,-75.03,25.55
36.95,-75.01,25.51
36.95,-74.99,25.51
36.95,-74.97,25.42
36.95,-74.95,25.31
36.95,-74.93,25.21
36.95,-74.91,25.21
36.95,-74.89,25.3
36.95,-74.87,25.31
36.95,-74.85,25.25
36.95,-74.83,25.22
36.95,-74.81,25.22
36.95,-74.79,25.23
36.95,-74.77,25.23
36.95,-74.75,25.2
36.95,-74.73,25.17
36.95,-74.71,25.11
36.95,-74.69,25.2
36.95,-74.67,25.24
36.95,-74.65,25.33
36.95,-74.63,25.34
36.95,-74.59,25.38
36.95,-74.57,25.3
36.95,-74.55,25.21
36.95,-74.53,25.18
36.95,-74.51,25.17
36.95,-74.49,25.24
36.95,-74.47,25.27
36.95,-74.45,25.27
36.95,-74.43,25.33
36.95,-74.41,25.33
36.95,-74.39,25.31
36.95,-74.37,25.34
36.95,-74.35,25.37
36.95,-74.33,25.38
36.95,-74.31,25.37
36.95,-74.29,25.35
36.95,-74.27,25.34
36.95,-74.25,25.29
36.95,-74.23,25.3
36.95,-74.21,25.34
36.95,-74.19,25.34
36.95,-74.17,25.33
36.95,-74.15,25.34
36.95,-74.13,25.42
36.95,-74.11,25.7
36.95,-74.09,26.05
36.95,-74.07,26.41
36.95,-73.81,27.49
36.95,-73.79,27.42
36.95,-73.67,27.42
36.95,-72.59,28.53
36.95,-72.57,28.57
36.95,-72.55,28.55
36.95,-72.53,28.58
36.95,-72.51,28.59
36.95,-72.49,28.56
36.95,-72.47,28.57
36.95,-72.35,28.52
36.93,-76.45,26.65
36.93,-76.43,26.68
36.93,-76.41,26.72
36.93,-76.39,26.7
36.93,-76.37,26.67
36.93,-76.17,26.74
36.93,-76.15,26.83
36.93,-76.13,26.79
36.93,-76.11,26.52
36.93,-76.09,26.29
36.93,-76.07,26.29
36.93,-76.05,26.3
36.93,-75.99,25.88
36.93,-75.97,25.81
36.93,-75.95,25.56
36.93,-75.93,25.03
36.93,-75.91,24.84
36.93,-75.89,24.81
36.93,-75.87,24.94
36.93,-75.85,24.88
36.93,-75.83,24.92
36.93,-75.81,24.92
36.93,-75.79,24.95
36.93,-75.77,25.0
36.93,-75.75,25.0
36.93,-75.73,24.95
36.93,-75.71,24.9
36.93,-75.69,24.89
36.93,-75.67,24.86
36.93,-75.65,24.8
36.93,-75.63,24.72
36.93,-75.61,24.62
36.93,-75.59,24.54
36.93,-75.57,24.52
36.93,-75.55,24.5
36.93,-75.53,24.45
36.93,-75.51,24.36
36.93,-75.49,24.24
36.93,-75.47,24.24
36.93,-75.45,24.18
36.93,-75.43,24.16
36.93,-75.41,24.12
36.93,-75.39,24.06
36.93,-75.37,23.98
36.93,-75.35,23.89
36.93,-75.33,23.87
36.93,-75.07,25.47
36.93,-75.05,25.53
36.93,-75.03,25.51
36.93,-75.01,25.46
36.93,-74.99,25.46
36.93,-74.97,25.4
36.93,-74.95,25.3
36.93,-74.93,25.26
36.93,-74.91,25.29
36.93,-74.89,25.34
36.93,-74.87,25.32
36.93,-74.85,25.28
36.93,-74.83,25.2
36.93,-74.81,25.24
36.93,-74.79,25.26
36.93,-74.77,25.26
36.93,-74.75,25.23
36.93,-74.73,25.15
36.93,-74.71,25.24
36.93,-74.69,25.29
36.93,-74.67,25.28
36.93,-74.61,25.39
36.93,-74.59,25.35
36.93,-74.57,25.16
36.93,-74.55,25.12
36.93,-74.53,25.16
36.93,-74.51,25.24
36.93,-74.49,25.25
36.93,-74.47,25.28
36.93,-74.45,25.3
36.93,-74.43,25.29
36.93,-74.41,25.28
36.93,-74.39,25.31
36.93,-74.37,25.34
36.93,-74.35,25.34
36.93,-74.33,25.35
36.93,-74.31,25.34
36.93,-74.29,25.34
36.93,-74.27,25.34
36.93,-74.25,25.31
36.93,-74.23,25.35
36.93,-74.21,25.37
36.93,-74.19,25.34
36.93,-74.17,25.36
36.93,-74.15,25.41
36.93,-74.13,25.52
36.93,-74.11,25.85
36.93,-73.67,27.41
36.93,-72.53,28.55
36.93,-72.51,28.53
36.93,-72.49,28.51
36.93,-72.47,28.49
36.93,-72.45,28.47
36.93,-72.43,28.48
36.93,-72.37,28.5
36.91,-76.47,26.47
36.91,-76.43,26.66
36.91,-76.41,26.69
36.91,-76.39,26.71
36.91,-76.35,27.05
36.91,-76.33,27.13
36.91,-76.31,27.23
36.91,-76.09,26.36
36.91,-75.99,25.94
36.91,-75.97,25.84
36.91,-75.95,25.52
36.91,-75.93,25.15
36.91,-75.91,25.07
36.91,-75.89,25.1
36.91,-75.87,25.18
36.91,-75.85,25.06
36.91,-75.83,24.98
36.91,-75.81,24.97
36.91,-75.79,25.13
36.91,-75.77,25.01
36.91,-75.75,25.01
36.91,-75.73,24.98
36.91,-75.71,24.92
36.91,-75.69,24.88
36.91,-75.67,24.88
36.91,-75.65,24.83
36.91,-75.63,24.72
36.91,-75.61,24.61
36.91,-75.59,24.54
36.91,-75.57,24.55
36.91,-75.55,24.5
36.91,-75.53,24.43
36.91,-75.51,24.34
36.91,-75.49,24.34
36.91,-75.47,24.32
36.91,-75.45,24.3
36.91,-75.43,24.27
36.91,-75.41,24.23
36.91,-75.39,24.21
36.91,-75.37,23.88
36.91,-75.35,23.84
36.91,-75.33,23.85
36.91,-75.07,25.4
36.91,-75.05,25.45
36.91,-75.03,25.43
36.91,-75.01,25.46
36.91,-74.99,25.45
36.91,-74.97,25.34
36.91,-74.95,25.25
36.91,-74.93,25.25
36.91,-74.91,25.27
36.91,-74.89,25.35
36.91,-74.87,25.34
36.91,-74.85,25.29
36.91,-74.83,25.23
36.91,-74.81,25.26
36.91,-74.79,25.3
36.91,-74.77,25.42
36.91,-74.75,25.32
36.91,-74.73,25.19
36.91,-74.71,25.26
36.91,-74.69,25.28
36.91,-74.63,25.21
36.91,-74.61,25.26
36.91,-74.59,25.21
36.91,-74.57,25.18
36.91,-74.55,25.19
36.91,-74.53,25.19
36.91,-74.51,25.25
36.91,-74.49,25.28
36.91,-74.47,25.29
36.91,-74.45,25.27
36.91,-74.43,25.24
36.91,-74.41,25.23
36.91,-74.39,25.3
36.91,-74.37,25.31
36.91,-74.35,25.32
36.91,-74.33,25.34
36.91,-74.31,25.35
36.91,-74.29,25.33
36.91,-74.27,25.31
36.91,-74.25,25.31
36.91,-74.23,25.38
36.91,-74.21,25.41
36.91,-74.19,25.43
36.91,-74.17,25.45
36.91,-74.15,25.51
36.91,-74.13,25.6
36.91,-73.09,28.89
36.91,-72.79,28.39
36.91,-72.51,28.53
36.91,-72.49,28.52
36.91,-72.47,28.5
36.89,-76.49,26.51
36.89,-76.47,26.51
36.89,-76.33,27.16
36.89,-76.09,26.47
36.89,-75.97,25.93
36.89,-75.95,25.68
36.89,-75.93,25.27
36.89,-75.91,25.29
36.89,-75.89,25.39
36.89,-75.87,25.41
36.89,-75.85,25.52
36.89,-75.83,25.36
36.89,-75.81,25.28
36.89,-75.79,25.25
36.89,-75.77,25.19
36.89,-75.75,25.09
36.89,-75.73,25.0
36.89,-75.71,24.9
36.89,-75.69,24.9
36.89,-75.67,24.87
36.89,-75.65,24.77
36.89,-75.63,24.67
36.89,-75.61,24.59
36.89,-75.59,24.58
36.89,-75.57,24.6
36.89,-75.55,24.66
36.89,-75.53,24.69
36.89,-75.51,24.7
36.89,-75.49,24.63
36.89,-75.47,24.55
36.89,-75.45,24.63
36.89,-75.43,24.64
36.89,-75.41,24.67
36.89,-75.39,24.36
36.89,-75.37,23.93
36.89,-75.35,23.88
36.89,-75.33,23.91
36.89,-75.07,25.41
36.89,-75.05,25.4
36.89,-75.03,25.4
36.89,-75.01,25.45
36.89,-74.99,25.44
36.89,-74.97,25.36
36.89,-74.95,25.29
36.89,-74.93,25.19
36.89,-74.91,25.24
36.89,-74.89,25.29
36.89,-74.87,25.31
36.89,-74.85,25.3
36.89,-74.83,25.26
36.89,-74.81,25.27
36.89,-74.79,25.37
36.89,-74.77,25.52
36.89,-74.75,25.36
36.89,-74.73,25.26
36.89,-74.71,25.23
36.89,-74.69,25.23
36.89,-74.67,25.2
36.89,-74.65,25.17
36.89,-74.63,25.17
36.89,-74.61,25.18
36.89,-74.59,25.22
36.89,-74.57,25.22
36.89,-74.55,25.23
36.89,-74.53,25.26
36.89,-74.51,25.32
36.89,-74.49,25.33
36.89,-74.47,25.34
36.89,-74.45,25.27
36.89,-74.43,25.26
36.89,-74.41,25.26
36.89,-74.39,25.24
36.89,-74.37,25.2
36.89,-74.35,25.28
36.89,-74.33,25.32
36.89,-74.31,25.31
36.89,-74.29,25.27
36.89,-74.27,25.28
36.89,-74.25,25.34
36.89,-74.23,25.38
36.89,-74.21,25.47
36.89,-74.19,25.51
36.89,-74.17,25.5
36.89,-73.85,27.45
36.89,-73.83,27.31
36.89,-72.63,28.62
36.89,-72.61,28.62
36.89,-72.59,28.61
36.89,-72.53,28.56
36.89,-72.51,28.54
36.87,-76.33,27.59
36.87,-75.97,25.99
36.87,-75.95,25.89
36.87,-75.93,25.52
36.87,-75.91,25.37
36.87,-75.89,25.47
36.87,-75.87,25.5
36.87,-75.85,25.49
36.87,-75.83,25.42
36.87,-75.81,25.35
36.87,-75.79,25.28
36.87,-75.77,25.21
36.87,-75.75,25.13
36.87,-75.73,25.03
36.87,-75.71,24.94
36.87,-75.69,24.87
36.87,-75.67,24.79
36.87,-75.65,24.73
36.87,-75.63,24.64
36.87,-75.61,24.55
36.87,-75.59,24.65
36.87,-75.57,24.91
36.87,-75.55,24.96
36.87,-75.53,25.06
36.87,-75.51,25.17
36.87,-75.49,25.21
36.87,-75.47,25.33
36.87,-75.45,25.32
36.87,-75.43,25.2
36.87,-75.41,25.08
36.87,-75.39,24.7
36.87,-75.37,24.29
36.87,-75.35,23.92
36.87,-75.33,23.95
36.87,-75.31,24.01
36.87,-75.11,25.36
36.87,-75.09,25.41
36.87,-75.07,25.49
36.87,-75.05,25.45
36.87,-75.03,25.4
36.87,-75.01,25.39
36.87,-74.99,25.33
36.87,-74.97,25.27
36.87,-74.95,25.25
36.87,-74.93,25.24
36.87,-74.91,25.23
36.87,-74.89,25.29
36.87,-74.87,25.3
36.87,-74.85,25.3
36.87,-74.83,25.29
36.87,-74.81,25.34
36.87,-74.79,25.37
36.87,-74.77,25.4
36.87,-74.75,25.3
36.87,-74.73,25.32
36.87,-74.71,25.31
36.87,-74.69,25.3
36.87,-74.67,25.26
36.87,-74.65,25.27
36.87,-74.63,25.27
36.87,-74.61,25.26
36.87,-74.59,25.27
36.87,-74.57,25.27
36.87,-74.55,25.31
36.87,-74.53,25.28
36.87,-74.51,25.3
36.87,-74.49,25.3
36.87,-74.47,25.32
36.87,-74.45,25.32
36.87,-74.43,25.31
36.87,-74.41,25.31
36.87,-74.39,25.29
36.87,-74.37,25.25
36.87,-74.35,25.26
36.87,-74.33,25.28
36.87,-74.31,25.29
36.87,-74.29,25.28
36.87,-74.27,25.28
36.87,-74.25,25.32
36.87,-74.23,25.33
36.87,-74.21,25.43
36.87,-74.19,25.53
36.87,-74.03,28.31
36.87,-74.01,28.31
36.87,-73.99,28.33
36.87,-73.97,28.35
36.87,-73.95,28.24
36.87,-73.93,28.14
36.87,-73.91,28.1
36.87,-73.89,27.34
36.87,-73.85,27.26
36.87,-73.83,27.23
36.87,-72.69,28.58
36.87,-72.67,28.59
36.87,-72.53,28.57
36.87,-72.51,28.59
36.85,-76.31,27.57
36.85,-75.97,26.05
36.85,-75.95,25.9
36.85,-75.93,25.8
36.85,-75.91,25.55
36.85,-75.89,25.52
36.85,-75.87,25.59
36.85,-75.85,25.58
36.85,-75.83,25.44
36.85,-75.81,25.26
36.85,-75.79,25.2
36.85,-75.77,25.13
36.85,-75.75,25.1
36.85,-75.73,25.01
36.85,-75.71,24.87
36.85,-75.69,24.82
36.85,-75.67,24.78
36.85,-75.65,24.72
36.85,-75.63,24.62
36.85,-75.61,24.77
36.85,-75.59,25.05
36.85,-75.57,25.05
36.85,-75.55,25.14
36.85,-75.53,25.17
36.85,-75.51,25.27
36.85,-75.49,25.4
36.85,-75.47,25.42
36.85,-75.45,25.37
36.85,-75.43,25.25
36.85,-75.41,25.02
36.85,-75.39,24.83
36.85,-75.37,24.62
36.85,-75.35,24.45
36.85,-75.33,24.39
36.85,-75.31,24.39
36.85,-75.13,25.35
36.85,-75.11,25.34
36.85,-75.09,25.41
36.85,-75.07,25.39
36.85,-75.05,25.41
36.85,-75.03,25.38
36.85,-75.01,25.4
36.85,-74.99,25.37
36.85,-74.97,25.3
36.85,-74.95,25.23
36.85,-74.93,25.22
36.85,-74.91,25.27
36.85,-74.89,25.33
36.85,-74.87,25.32
36.85,-74.85,25.24
36.85,-74.83,25.29
36.85,-74.81,25.33
36.85,-74.79,25.34
36.85,-74.77,25.37
36.85,-74.75,25.34
36.85,-74.73,25.32
36.85,-74.71,25.34
36.85,-74.69,25.34
36.85,-74.67,25.36
36.85,-74.65,25.33
36.85,-74.63,25.33
36.85,-74.61,25.36
36.85,-74.59,25.36
36.85,-74.57,25.33
36.85,-74.55,25.29
36.85,-74.53,25.28
36.85,-74.51,25.32
36.85,-74.49,25.32
36.85,-74.47,25.32
36.85,-74.45,25.31
36.85,-74.43,25.35
36.85,-74.41,25.32
36.85,-74.39,25.32
36.85,-74.37,25.29
36.85,-74.35,25.24
36.85,-74.33,25.23
36.85,-74.31,25.23
36.85,-74.29,25.27
36.85,-74.27,25.29
36.85,-74.25,25.34
36.85,-74.23,25.34
36.85,-74.21,25.43
36.85,-73.99,28.3
36.85,-73.97,28.27
36.85,-73.95,28.21
36.85,-73.93,28.1
36.85,-73.91,27.71
36.85,-73.89,27.3
36.85,-73.87,27.3
36.85,-73.85,27.29
36.85,-73.83,27.04
36.85,-73.81,27.02
36.85,-73.67,27.4
36.85,-72.69,28.62
36.85,-72.67,28.61
36.85,-72.63,28.57
36.85,-72.61,28.54
36.85,-72.59,28.62
36.85,-72.57,28.64
36.85,-72.55,28.59
36.85,-72.53,28.52
36.85,-72.51,28.47
36.85,-72.37,28.43
36.83,-75.97,25.98
36.83,-75.95,25.9
36.83,-75.93,25.81
36.83,-75.91,25.76
36.83,-75.89,25.54
36.83,-75.87,25.55
36.83,-75.85,25.53
36.83,-75.83,25.4
36.83,-75.81,25.28
36.83,-75.79,25.19
36.83,-75.77,25.08
36.83,-75.75,25.09
36.83,-75.73,25.03
36.83,-75.71,24.91
36.83,-75.69,24.85
36.83,-75.67,24.81
36.83,-75.65,24.75
36.83,-75.63,24.72
36.83,-75.61,24.92
36.83,-75.59,25.27
36.83,-75.57,25.29
36.83,-75.55,25.27
36.83,-75.53,25.4
36.83,-75.51,25.45
36.83,-75.49,25.48
36.83,-75.47,25.43
36.83,-75.45,25.25
36.83,-75.43,25.07
36.83,-75.41,24.95
36.83,-75.39,24.79
36.83,-75.37,24.71
36.83,-75.35,24.74
36.83,-75.33,24.66
36.83,-75.31,24.58
36.83,-75.29,24.57
36.83,-75.27,24.61
36.83,-75.15,25.38
36.83,-75.13,25.42
36.83,-75.11,25.43
36.83,-75.09,25.42
36.83,-75.07,25.38
36.83,-75.05,25.41
36.83,-75.03,25.39
36.83,-75.01,25.38
36.83,-74.99,25.33
36.83,-74.97,25.25
36.83,-74.95,25.25
36.83,-74.93,25.26
36.83,-74.91,25.28
36.83,-74.89,25.33
36.83,-74.87,25.34
36.83,-74.85,25.31
36.83,-74.83,25.32
36.83,-74.81,25.29
36.83,-74.79,25.3
36.83,-74.77,25.35
36.83,-74.75,25.36
36.83,-74.73,25.37
36.83,-74.71,25.41
36.83,-74.69,25.4
36.83,-74.67,25.42
36.83,-74.65,25.4
36.83,-74.63,25.44
36.83,-74.61,25.48
36.83,-74.57,25.3
36.83,-74.55,25.3
36.83,-74.53,25.29
36.83,-74.51,25.31
36.83,-74.49,25.32
36.83,-74.47,25.33
36.83,-74.45,25.33
36.83,-74.43,25.34
36.83,-74.41,25.35
36.83,-74.39,25.36
36.83,-74.37,25.33
36.83,-74.35,25.38
36.83,-74.33,25.45
36.83,-74.27,25.44
36.83,-74.25,25.43
36.83,-74.23,25.47
36.83,-74.21,25.48
36.83,-73.97,28.23
36.83,-73.93,27.71
36.83,-73.91,27.65
36.83,-73.89,27.24
36.83,-73.87,27.12
36.83,-73.85,27.0
36.83,-73.83,26.92
36.83,-73.81,26.91
36.83,-73.79,26.92
36.83,-72.97,28.21
36.83,-72.63,28.54
36.83,-72.61,28.59
36.83,-72.59,28.62
36.83,-72.39,28.46
36.83,-72.37,28.45
36.81,-75.95,25.85
36.81,-75.93,25.81
36.81,-75.91,25.77
36.81,-75.89,25.42
36.81,-75.87,25.34
36.81,-75.85,25.26
36.81,-75.83,25.33
36.81,-75.81,25.35
36.81,-75.79,25.21
36.81,-75.77,25.1
36.81,-75.75,25.1
36.81,-75.73,25.03
36.81,-75.71,24.98
36.81,-75.69,24.93
36.81,-75.67,24.94
36.81,-75.65,24.85
36.81,-75.63,24.82
36.81,-75.61,25.06
36.81,-75.59,25.34
36.81,-75.57,25.39
36.81,-75.55,25.49
36.81,-75.53,25.46
36.81,-75.51,25.52
36.81,-75.49,25.49
36.81,-75.47,25.42
36.81,-75.45,25.17
36.81,-75.43,25.06
36.81,-75.41,24.95
36.81,-75.39,24.69
36.81,-75.37,24.74
36.81,-75.35,24.82
36.81,-75.33,24.74
36.81,-75.31,24.58
36.81,-75.29,24.6
36.81,-75.27,24.64
36.81,-75.25,24.62
36.81,-75.21,24.64
36.81,-75.15,25.4
36.81,-75.13,25.45
36.81,-75.11,25.45
36.81,-75.09,25.42
36.81,-75.07,25.4
36.81,-75.05,25.41
36.81,-75.03,25.38
36.81,-75.01,25.37
36.81,-74.99,25.33
36.81,-74.97,25.26
36.81,-74.95,25.31
36.81,-74.93,25.33
36.81,-74.91,25.32
36.81,-74.89,25.37
36.81,-74.87,25.41
36.81,-74.85,25.37
36.81,-74.83,25.3
36.81,-74.81,25.25
36.81,-74.79,25.32
36.81,-74.77,25.37
36.81,-74.75,25.35
36.81,-74.73,25.35
36.81,-74.71,25.39
36.81,-74.69,25.4
36.81,-74.67,25.4
36.81,-74.65,25.4
36.81,-74.63,25.41
36.81,-74.61,25.4
36.81,-74.59,25.35
36.81,-74.55,25.3
36.81,-74.53,25.32
36.81,-74.51,25.31
36.81,-74.49,25.36
36.81,-74.47,25.37
36.81,-74.45,25.36
36.81,-74.43,25.32
36.81,-74.41,25.39
36.81,-74.39,25.41
36.81,-74.37,25.38
36.81,-74.35,25.38
36.81,-74.33,25.43
36.81,-74.27,25.45
36.81,-74.25,25.43
36.81,-74.07,28.12
36.81,-73.97,27.89
36.81,-73.95,27.66
36.81,-73.89,27.16
36.81,-73.87,26.92
36.81,-73.85,26.88
36.81,-73.83,26.84
36.81,-73.81,26.73
36.81,-73.79,26.77
36.81,-73.77,26.86
36.81,-72.63,28.49
36.81,-72.61,28.5
36.79,-75.95,25.88
36.79,-75.93,25.82
36.79,-75.91,25.74
36.79,-75.89,25.5
36.79,-75.87,25.14
36.79,-75.85,25.14
36.79,-75.83,25.24
36.79,-75.81,25.33
36.79,-75.79,25.27
36.79,-75.77,25.1
36.79,-75.75,25.03
36.79,-75.73,25.02
36.79,-75.71,24.99
36.79,-75.69,24.99
36.79,-75.67,25.02
36.79,-75.65,24.97
36.79,-75.63,25.13
36.79,-75.61,25.3
36.79,-75.59,25.33
36.79,-75.57,25.34
36.79,-75.55,25.47
36.79,-75.53,25.51
36.79,-75.51,25.51
36.79,-75.49,25.38
36.79,-75.47,25.29
36.79,-75.45,25.12
36.79,-75.43,25.17
36.79,-75.41,25.03
36.79,-75.39,24.88
36.79,-75.37,24.9
36.79,-75.35,24.9
36.79,-75.33,24.63
36.79,-75.31,24.57
36.79,-75.29,24.65
36.79,-75.27,24.69
36.79,-75.25,24.67
36.79,-75.23,24.78
36.79,-75.21,24.86
36.79,-75.19,24.89
36.79,-75.15,25.46
36.79,-75.13,25.5
36.79,-75.11,25.46
36.79,-75.09,25.45
36.79,-75.07,25.45
36.79,-75.05,25.47
36.79,-75.03,25.48
36.79,-75.01,25.4
36.79,-74.99,25.39
36.79,-74.97,25.36
36.79,-74.93,25.37
36.79,-74.91,25.36
36.79,-74.89,25.36
36.79,-74.87,25.39
36.79,-74.85,25.37
36.79,-74.83,25.26
36.79,-74.81,25.15
36.79,-74.79,25.11
36.79,-74.77,25.17
36.79,-74.75,25.21
36.79,-74.73,25.32
36.79,-74.71,25.37
36.79,-74.69,25.34
36.79,-74.67,25.31
36.79,-74.65,25.32
36.79,-74.63,25.34
36.79,-74.61,25.33
36.79,-74.59,25.3
36.79,-74.57,25.3
36.79,-74.55,25.3
36.79,-74.53,25.33
36.79,-74.51,25.35
36.79,-74.49,25.37
36.79,-74.47,25.39
36.79,-74.45,25.38
36.79,-74.43,25.37
36.79,-74.41,25.42
36.79,-74.39,25.47
36.79,-74.37,25.47
36.79,-74.35,25.45
36.79,-74.33,25.42
36.79,-74.09,28.04
36.79,-73.99,28.05
36.79,-73.97,27.8
36.79,-73.95,27.63
36.79,-73.93,27.0
36.79,-73.91,27.04
36.79,-73.89,27.1
36.79,-73.87,26.82
36.79,-73.85,26.77
36.79,-73.83,26.69
36.79,-73.81,26.68
36.79,-73.79,26.77
36.79,-73.77,26.86
36.79,-73.75,26.89
36.79,-73.73,27.46
36.79,-73.71,27.47
36.79,-73.29,28.92
36.79,-72.83,28.49
36.79,-72.81,28.48
36.79,-72.57,28.6
36.79,-72.55,28.59
36.79,-72.45,28.59
36.79,-72.43,28.58
36.77,-75.95,25.88
36.77,-75.93,25.84
36.77,-75.91,25.77
36.77,-75.89,25.71
36.77,-75.87,25.33
36.77,-75.85,25.31
36.77,-75.83,25.12
36.77,-75.81,25.23
36.77,-75.79,25.34
36.77,-75.77,25.06
36.77,-75.75,24.95
36.77,-75.73,24.93
36.77,-75.71,24.95
36.77,-75.69,24.98
36.77,-75.67,25.0
36.77,-75.65,25.09
36.77,-75.63,25.33
36.77,-75.61,25.33
36.77,-75.59,25.33
36.77,-75.57,25.42
36.77,-75.55,25.48
36.77,-75.53,25.52
36.77,-75.51,25.4
36.77,-75.49,25.27
36.77,-75.47,25.12
36.77,-75.45,25.15
36.77,-75.43,25.22
36.77,-75.41,25.09
36.77,-75.39,25.07
36.77,-75.37,25.02
36.77,-75.35,24.69
36.77,-75.33,24.49
36.77,-75.31,24.62
36.77,-75.29,24.72
36.77,-75.27,24.76
36.77,-75.25,24.78
36.77,-75.23,24.9
36.77,-75.21,25.2
36.77,-75.19,25.28
36.77,-75.15,25.54
36.77,-75.13,25.55
36.77,-75.11,25.49
36.77,-75.09,25.48
36.77,-75.07,25.47
36.77,-75.05,25.49
36.77,-75.03,25.46
36.77,-75.01,25.39
36.77,-74.99,25.37
36.77,-74.97,25.36
36.77,-74.95,25.32
36.77,-74.93,25.32
36.77,-74.91,25.36
36.77,-74.89,25.34
36.77,-74.87,25.35
36.77,-74.85,25.24
36.77,-74.83,25.11
36.77,-74.81,24.98
36.77,-74.79,24.98
36.77,-74.77,25.08
36.77,-74.75,25.24
36.77,-74.73,25.32
36.77,-74.71,25.29
36.77,-74.69,25.25
36.77,-74.67,25.27
36.77,-74.65,25.27
36.77,-74.63,25.27
36.77,-74.61,25.26
36.77,-74.59,25.23
36.77,-74.57,25.27
36.77,-74.55,25.27
36.77,-74.53,25.33
36.77,-74.51,25.37
36.77,-74.49,25.38
36.77,-74.47,25.43
36.77,-74.45,25.45
36.77,-74.43,25.39
36.77,-74.41,25.45
36.77,-74.39,25.45
36.77,-74.37,25.49
36.77,-74.35,25.53
36.77,-74.33,25.52
36.77,-74.31,25.48
36.77,-74.27,25.51
36.77,-73.99,28.1
36.77,-73.97,28.04
36.77,-73.93,27.01
36.77,-73.91,27.01
36.77,-73.89,27.04
36.77,-73.87,26.81
36.77,-73.85,26.77
36.77,-73.79,26.8
36.77,-73.77,26.86
36.77,-73.75,26.96
36.77,-73.73,27.45
36.77,-73.71,27.49
36.75,-75.93,25.83
36.75,-75.91,25.79
36.75,-75.89,25.71
36.75,-75.87,25.47
36.75,-75.85,25.39
36.75,-75.83,25.14
36.75,-75.81,25.25
36.75,-75.79,25.26
36.75,-75.77,25.04
36.75,-75.75,24.89
36.75,-75.73,24.8
36.75,-75.71,24.68
36.75,-75.69,24.88
36.75,-75.67,25.04
36.75,-75.65,25.14
36.75,-75.63,25.24
36.75,-75.61,25.3
36.75,-75.59,25.29
36.75,-75.57,25.43
36.75,-75.55,25.53
36.75,-75.53,25.49
36.75,-75.51,25.22
36.75,-75.49,25.14
36.75,-75.47,25.14
36.75,-75.45,25.19
36.75,-75.43,25.15
36.75,-75.41,25.13
36.75,-75.39,25.2
36.75,-75.37,25.18
36.75,-75.35,24.86
36.75,-75.33,24.77
36.75,-75.31,24.93
36.75,-75.29,25.03
36.75,-75.27,25.05
36.75,-75.25,25.03
36.75,-75.23,25.08
36.75,-75.21,25.31
36.75,-75.19,25.38
36.75,-75.17,25.44
36.75,-75.15,25.5
36.75,-75.13,25.54
36.75,-75.11,25.5
36.75,-75.09,25.47
36.75,-75.07,25.43
36.75,-75.05,25.41
36.75,-75.03,25.33
36.75,-75.01,25.3
36.75,-74.99,25.21
36.75,-74.97,25.24
36.75,-74.95,25.29
36.75,-74.93,25.32
36.75,-74.91,25.33
36.75,-74.89,25.31
36.75,-74.87,25.3
36.75,-74.85,25.11
36.75,-74.83,25.02
36.75,-74.81,24.89
36.75,-74.79,24.89
36.75,-74.77,25.09
36.75,-74.75,25.25
36.75,-74.73,25.27
36.75,-74.71,25.19
36.75,-74.69,25.18
36.75,-74.67,25.2
36.75,-74.65,25.2
36.75,-74.63,25.2
36.75,-74.61,25.2
36.75,-74.59,25.21
36.75,-74.57,25.24
36.75,-74.55,25.28
36.75,-74.53,25.35
36.75,-74.51,25.39
36.75,-74.49,25.43
36.75,-74.47,25.5
36.75,-74.45,25.49
36.75,-74.43,25.43
36.75,-74.41,25.47
36.75,-74.39,25.48
36.75,-74.37,25.49
36.75,-74.35,25.49
36.75,-74.33,25.47
36.75,-74.31,25.39
36.75,-74.29,25.41
36.75,-74.27,25.48
36.75,-74.05,27.9
36.75,-74.03,27.7
36.75,-74.01,27.8
36.75,-73.99,28.02
36.75,-73.97,28.04
36.75,-73.85,26.82
36.75,-73.83,26.77
36.75,-73.81,26.78
36.75,-73.79,26.82
36.75,-73.77,26.83
36.75,-73.75,27.14
36.75,-73.73,27.48
36.75,-73.71,27.53
36.75,-73.69,27.57
36.75,-72.67,28.56
36.75,-72.53,28.52
36.75,-72.51,28.58
36.75,-72.49,28.58
36.73,-75.93,25.82
36.73,-75.91,25.73
36.73,-75.89,25.62
36.73,-75.87,25.59
36.73,-75.85,25.5
36.73,-75.83,25.24
36.73,-75.81,25.23
36.73,-75.79,25.13
36.73,-75.77,25.0
36.73,-75.75,24.85
36.73,-75.73,24.58
36.73,-75.71,24.59
36.73,-75.69,24.86
36.73,-75.67,25.04
36.73,-75.65,25.09
36.73,-75.63,25.18
36.73,-75.61,25.21
36.73,-75.59,25.28
36.73,-75.57,25.35
36.73,-75.55,25.47
36.73,-75.53,25.35
36.73,-75.51,25.15
36.73,-75.49,25.09
36.73,-75.47,25.18
36.73,-75.45,25.21
36.73,-75.43,25.17
36.73,-75.41,25.15
36.73,-75.39,25.25
36.73,-75.37,25.2
36.73,-75.35,24.92
36.73,-75.33,24.92
36.73,-75.31,25.06
36.73,-75.29,25.13
36.73,-75.27,25.14
36.73,-75.25,25.13
36.73,-75.23,25.14
36.73,-75.21,25.28
36.73,-75.19,25.37
36.73,-75.17,25.48
36.73,-75.15,25.47
36.73,-75.13,25.49
36.73,-75.11,25.47
36.73,-75.09,25.44
36.73,-75.07,25.4
36.73,-75.05,25.37
36.73,-75.03,25.33
36.73,-75.01,25.27
36.73,-74.99,25.19
36.73,-74.97,25.29
36.73,-74.95,25.33
36.73,-74.93,25.32
36.73,-74.91,25.31
36.73,-74.89,25.26
36.73,-74.87,25.11
36.73,-74.85,24.95
36.73,-74.83,24.94
36.73,-74.81,24.8
36.73,-74.79,24.89
36.73,-74.77,25.02
36.73,-74.75,25.25
36.73,-74.73,25.25
36.73,-74.71,25.13
36.73,-74.69,25.13
36.73,-74.67,25.11
36.73,-74.65,25.12
36.73,-74.63,25.14
36.73,-74.61,25.12
36.73,-74.59,25.11
36.73,-74.57,25.21
36.73,-74.55,25.29
36.73,-74.53,25.36
36.73,-74.51,25.45
36.73,-74.49,25.46
36.73,-74.47,25.47
36.73,-74.45,25.54
36.73,-74.43,25.55
36.73,-74.41,25.53
36.73,-74.39,25.51
36.73,-74.37,25.48
36.73,-74.35,25.47
36.73,-74.33,25.46
36.73,-74.31,25.41
36.73,-74.29,25.42
36.73,-74.11,27.26
36.73,-74.09,27.28
36.73,-74.05,27.85
36.73,-74.03,27.64
36.73,-74.01,27.64
36.73,-73.99,27.99
36.73,-73.97,28.03
36.73,-73.95,27.66
36.73,-73.87,26.95
36.73,-73.85,26.89
36.73,-73.81,26.87
36.73,-73.79,26.86
36.73,-73.77,26.9
36.73,-73.75,26.94
36.73,-73.35,28.89
36.73,-72.79,28.51
36.73,-72.71,28.5
36.73,-72.69,28.51
36.73,-72.67,28.53
36.73,-72.55,28.49
36.73,-72.53,28.53
36.73,-72.51,28.61
36.73,-72.45,28.5
36.71,-75.97,25.99
36.71,-75.95,26.02
36.71,-75.91,25.71
36.71,-75.89,25.55
36.71,-75.87,25.62
36.71,-75.85,25.56
36.71,-75.83,25.27
36.71,-75.81,25.22
36.71,-75.79,25.05
36.71,-75.77,24.92
36.71,-75.75,24.81
36.71,-75.73,24.57
36.71,-75.71,24.65
36.71,-75.69,24.92
36.71,-75.67,25.01
36.71,-75.65,25.09
36.71,-75.63,25.09
36.71,-75.61,25.15
36.71,-75.59,25.22
36.71,-75.57,25.31
36.71,-75.55,25.38
36.71,-75.53,25.31
36.71,-75.51,25.16
36.71,-75.49,25.17
36.71,-75.47,25.24
36.71,-75.45,25.2
36.71,-75.43,25.17
36.71,-75.41,25.27
36.71,-75.39,25.3
36.71,-75.37,25.24
36.71,-75.35,25.05
36.71,-75.33,25.14
36.71,-75.31,25.23
36.71,-75.29,25.07
36.71,-75.27,25.12
36.71,-75.25,25.2
36.71,-75.23,25.2
36.71,-75.21,25.14
36.71,-75.19,25.27
36.71,-75.17,25.46
36.71,-75.15,25.46
36.71,-75.13,25.49
36.71,-75.11,25.49
36.71,-75.09,25.45
36.71,-75.07,25.45
36.71,-75.05,25.45
36.71,-74.95,25.28
36.71,-74.93,25.29
36.71,-74.91,25.22
36.71,-74.89,25.15
36.71,-74.87,24.96
36.71,-74.85,24.92
36.71,-74.83,24.85
36.71,-74.81,24.84
36.71,-74.79,24.89
36.71,-74.77,24.98
36.71,-74.75,25.27
36.71,-74.73,25.29
36.71,-74.71,25.02
36.71,-74.69,24.95
36.71,-74.67,24.99
36.71,-74.65,25.01
36.71,-74.63,25.03
36.71,-74.61,25.01
36.71,-74.59,24.95
36.71,-74.57,25.02
36.71,-74.55,25.29
36.71,-74.53,25.43
36.71,-74.51,25.53
36.71,-74.49,25.51
36.71,-74.47,25.54
36.71,-74.45,25.59
36.71,-74.43,25.61
36.71,-74.41,25.56
36.71,-74.39,25.56
36.71,-74.37,25.56
36.71,-74.35,25.54
36.71,-74.11,27.25
36.71,-74.09,27.31
36.71,-74.07,27.6
36.71,-74.05,27.77
36.71,-74.03,27.91
36.71,-73.99,27.64
36.71,-73.97,27.74
36.71,-73.95,27.72
36.71,-73.93,27.37
36.71,-73.89,27.14
36.71,-73.87,27.0
36.71,-73.85,26.73
36.71,-73.83,26.74
36.71,-73.77,26.92
36.71,-73.75,26.95
36.71,-73.73,27.0
36.71,-72.73,28.48
36.71,-72.71,28.48
36.71,-72.67,28.53
36.71,-72.65,28.52
36.71,-72.63,28.39
36.71,-72.61,28.41
36.71,-72.29,28.6
36.71,-72.23,28.57
36.71,-72.21,28.58
36.69,-75.95,25.95
36.69,-75.93,26.11
36.69,-75.91,26.04
36.69,-75.89,25.87
36.69,-75.87,25.65
36.69,-75.85,25.57
36.69,-75.83,25.26
36.69,-75.81,25.18
36.69,-75.79,25.0
36.69,-75.77,24.91
36.69,-75.75,24.87
36.69,-75.73,24.62
36.69,-75.71,24.64
36.69,-75.69,24.85
36.69,-75.67,24.94
36.69,-75.65,25.01
36.69,-75.63,25.12
36.69,-75.61,25.15
36.69,-75.59,25.17
36.69,-75.57,25.2
36.69,-75.55,25.29
36.69,-75.53,25.26
36.69,-75.51,25.2
36.69,-75.49,25.22
36.69,-75.47,25.27
36.69,-75.45,25.13
36.69,-75.43,25.24
36.69,-75.41,25.34
36.69,-75.39,25.34
36.69,-75.37,25.19
36.69,-75.35,25.1
36.69,-75.33,25.29
36.69,-75.31,25.23
36.69,-75.29,24.96
36.69,-75.27,25.06
36.69,-75.25,25.15
36.69,-75.23,25.2
36.69,-75.21,25.24
36.69,-75.19,25.43
36.69,-75.17,25.45
36.69,-75.15,25.49
36.69,-75.13,25.5
36.69,-75.11,25.49
36.69,-75.09,25.46
36.69,-75.07,25.45
36.69,-75.05,25.44
36.69,-75.01,25.26
36.69,-74.95,25.26
36.69,-74.93,25.25
36.69,-74.91,25.09
36.69,-74.89,25.01
36.69,-74.87,24.9
36.69,-74.85,24.86
36.69,-74.83,24.79
36.69,-74.81,24.81
36.69,-74.79,24.9
36.69,-74.77,25.07
36.69,-74.75,25.31
36.69,-74.73,25.34
36.69,-74.69,24.91
36.69,-74.67,24.92
36.69,-74.65,24.93
36.69,-74.63,24.85
36.69,-74.61,24.84
36.69,-74.59,24.89
36.69,-74.57,24.94
36.69,-74.53,25.39
36.69,-74.51,25.46
36.69,-74.49,25.53
36.69,-74.47,25.57
36.69,-74.45,25.61
36.69,-74.43,25.61
36.69,-74.41,25.58
36.69,-74.39,25.58
36.69,-74.37,25.5
36.69,-74.07,27.58
36.69,-74.05,27.61
36.69,-74.03,27.68
36.69,-73.91,27.3
36.69,-73.89,27.15
36.69,-73.87,26.79
36.69,-73.85,26.68
36.69,-73.83,26.71
36.69,-73.81,26.73
36.69,-73.79,26.75
36.69,-73.75,26.92
36.69,-73.73,26.95
36.69,-72.75,28.41
36.69,-72.73,28.42
36.69,-72.59,28.38
36.67,-75.89,26.02
36.67,-75.87,25.81
36.67,-75.85,25.59
36.67,-75.83,25.22
36.67,-75.81,25.16
36.67,-75.79,24.99
36.67,-75.77,24.89
36.67,-75.75,24.82
36.67,-75.73,24.54
36.67,-75.71,24.6
36.67,-75.69,24.79
36.67,-75.67,24.87
36.67,-75.65,24.96
36.67,-75.63,25.1
36.67,-75.61,25.16
36.67,-75.59,25.09
36.67,-75.57,25.08
36.67,-75.55,25.2
36.67,-75.53,25.2
36.67,-75.51,25.22
36.67,-75.49,25.29
36.67,-75.47,25.3
36.67,-75.45,25.28
36.67,-75.43,25.31
36.67,-75.41,25.36
36.67,-75.39,25.25
36.67,-75.37,25.16
36.67,-75.35,25.0
36.67,-75.33,25.32
36.67,-75.31,25.09
36.67,-75.29,25.04
36.67,-75.27,25.06
36.67,-75.25,25.04
36.67,-75.23,25.09
36.67,-75.21,25.3
36.67,-75.19,25.42
36.67,-75.17,25.43
36.67,-75.15,25.5
36.67,-75.13,25.52
36.67,-75.11,25.52
36.67,-75.09,25.48
36.67,-75.07,25.45
36.67,-75.05,25.44
36.67,-75.03,25.37
36.67,-75.01,25.27
36.67,-74.99,25.25
36.67,-74.97,25.22
36.67,-74.95,25.22
36.67,-74.93,25.19
36.67,-74.91,25.04
36.67,-74.89,24.9
36.67,-74.87,24.82
36.67,-74.85,24.77
36.67,-74.83,24.73
36.67,-74.81,24.75
36.67,-74.79,24.91
36.67,-74.77,25.11
36.67,-74.75,25.23
36.67,-74.73,25.28
36.67,-74.71,25.24
36.67,-74.65,24.71
36.67,-74.63,24.74
36.67,-74.61,24.76
36.67,-74.59,24.81
36.67,-74.57,24.92
36.67,-74.55,25.05
36.67,-74.53,25.27
36.67,-74.51,25.4
36.67,-74.49,25.53
36.67,-74.47,25.59
36.67,-74.45,25.63
36.67,-74.43,25.6
36.67,-74.41,25.54
36.67,-74.39,25.54
36.67,-74.37,25.51
36.67,-74.35,25.51
36.67,-74.09,27.54
36.67,-74.07,27.58
36.67,-74.05,27.6
36.67,-74.01,27.69
36.67,-73.99,27.57
36.67,-73.97,27.12
36.67,-73.95,27.11
36.67,-73.93,27.01
36.67,-73.91,27.05
36.67,-73.89,27.1
36.67,-73.87,26.81
36.67,-73.85,26.73
36.67,-73.83,26.7
36.67,-73.81,26.74
36.67,-73.79,26.81
36.67,-73.77,26.91
36.67,-73.75,26.92
36.67,-72.77,28.37
36.67,-72.75,28.34
36.67,-72.73,28.29
36.67,-72.71,28.33
36.67,-72.69,28.26
36.67,-72.67,28.22
36.67,-72.63,28.37
36.67,-72.61,28.39
36.67,-72.59,28.47
36.65,-78.55,28.34
36.65,-78.53,28.34
36.65,-75.97,26.22
36.65,-75.93,26.37
36.65,-75.89,26.0
36.65,-75.87,25.91
36.65,-75.85,25.49
36.65,-75.83,25.15
36.65,-75.81,25.19
36.65,-75.79,25.05
36.65,-75.77,24.91
36.65,-75.75,24.69
36.65,-75.73,24.5
36.65,-75.71,24.6
36.65,-75.69,24.8
36.65,-75.67,24.85
36.65,-75.65,25.01
36.65,-75.63,25.07
36.65,-75.61,25.08
36.65,-75.59,25.02
36.65,-75.57,25.02
36.65,-75.55,25.15
36.65,-75.53,25.17
36.65,-75.51,25.26
36.65,-75.49,25.31
36.65,-75.47,25.3
36.65,-75.45,25.39
36.65,-75.43,25.42
36.65,-75.41,25.41
36.65,-75.39,25.27
36.65,-75.37,24.93
36.65,-75.35,25.37
36.65,-75.33,25.26
36.65,-75.31,24.97
36.65,-75.29,24.84
36.65,-75.27,25.06
36.65,-75.25,24.96
36.65,-75.23,24.92
36.65,-75.21,25.11
36.65,-75.19,25.31
36.65,-75.17,25.4
36.65,-75.15,25.47
36.65,-75.13,25.49
36.65,-75.11,25.47
36.65,-75.09,25.46
36.65,-75.07,25.41
36.65,-75.05,25.42
36.65,-75.03,25.37
36.65,-75.01,25.23
36.65,-74.99,25.16
36.65,-74.97,25.16
36.65,-74.95,25.17
36.65,-74.93,25.15
36.65,-74.91,25.03
36.65,-74.89,24.92
36.65,-74.87,24.83
36.65,-74.85,24.8
36.65,-74.83,24.74
36.65,-74.81,24.84
36.65,-74.79,24.94
36.65,-74.77,25.06
36.65,-74.75,25.12
36.65,-74.73,25.12
36.65,-74.61,24.71
36.65,-74.59,24.88
36.65,-74.57,25.05
36.65,-74.55,25.34
36.65,-74.53,25.43
36.65,-74.51,25.48
36.65,-74.49,25.66
36.65,-74.47,25.84
36.65,-74.01,27.68
36.65,-73.99,27.21
36.65,-73.95,27.01
36.65,-73.93,27.0
36.65,-73.91,26.93
36.65,-73.89,26.96
36.65,-73.87,26.9
36.65,-73.85,26.86
36.65,-73.83,26.85
36.65,-73.79,26.96
36.65,-73.77,26.97
36.65,-73.75,26.95
36.65,-73.73,26.98
36.65,-72.89,28.5
36.65,-72.83,28.52
36.65,-72.81,28.48
36.65,-72.79,28.46
36.65,-72.77,28.39
36.65,-72.73,28.29
36.65,-72.71,28.32
36.65,-72.69,28.27
36.65,-72.63,28.37
36.65,-72.61,28.37
36.65,-72.37,28.31
36.65,-72.35,28.32
36.65,-72.33,28.4
36.63,-78.53,28.34
36.63,-78.51,28.33
36.63,-75.97,26.18
36.63,-75.89,25.97
36.63,-75.87,25.89
36.63,-75.85,25.57
36.63,-75.83,25.16
36.63,-75.81,25.27
36.63,-75.79,25.1
36.63,-75.77,24.92
36.63,-75.75,24.7
36.63,-75.73,24.5
36.63,-75.71,24.62
36.63,-75.69,24.81
36.63,-75.67,24.93
36.63,-75.65,25.04
36.63,-75.63,25.05
36.63,-75.61,25.0
36.63,-75.59,24.88
36.63,-75.57,24.98
36.63,-75.55,25.1
36.63,-75.53,25.18
36.63,-75.51,25.27
36.63,-75.49,25.31
36.63,-75.47,25.27
36.63,-75.45,25.34
36.63,-75.43,25.38
36.63,-75.41,25.36
36.63,-75.39,25.21
36.63,-75.37,25.04
36.63,-75.35,25.27
36.63,-75.33,25.13
36.63,-75.31,24.92
36.63,-75.29,24.78
36.63,-75.27,24.96
36.63,-75.25,24.92
36.63,-75.23,24.78
36.63,-75.21,24.92
36.63,-75.19,25.23
36.63,-75.17,25.42
36.63,-75.15,25.47
36.63,-75.13,25.49
36.63,-75.11,25.48
36.63,-75.09,25.43
36.63,-75.07,25.4
36.63,-75.05,25.37
36.63,-75.03,25.36
36.63,-75.01,25.29
36.63,-74.99,25.18
36.63,-74.97,25.18
36.63,-74.95,25.19
36.63,-74.93,25.12
36.63,-74.91,24.98
36.63,-74.89,24.89
36.63,-74.87,24.83
36.63,-74.85,24.77
36.63,-74.83,24.8
36.63,-74.81,24.92
36.63,-74.79,24.92
36.63,-74.77,24.99
36.63,-74.75,25.02
36.63,-74.73,25.03
36.63,-74.63,24.76
36.63,-74.61,24.73
36.63,-74.59,24.94
36.63,-74.57,25.12
36.63,-74.55,25.4
36.63,-74.53,25.52
36.63,-74.51,25.55
36.63,-74.49,25.86
36.63,-74.47,25.92
36.63,-73.97,27.44
36.63,-73.95,27.25
36.63,-73.91,26.96
36.63,-73.89,26.95
36.63,-73.87,26.9
36.63,-73.85,26.88
36.63,-73.83,26.87
36.63,-73.81,26.94
36.63,-73.79,26.95
36.63,-73.77,26.96
36.63,-73.37,29.15
36.63,-72.91,28.54
36.63,-72.89,28.53
36.63,-72.81,28.45
36.63,-72.79,28.44
36.63,-72.77,28.38
36.63,-72.75,28.32
36.63,-72.71,28.34
36.63,-72.69,28.31
36.63,-72.67,28.35
36.63,-72.63,28.34
36.63,-72.49,28.11
36.61,-78.51,28.27
36.61,-78.49,28.16
36.61,-78.47,28.15
36.61,-78.41,28.07
36.61,-78.39,28.27
36.61,-78.37,28.28
36.61,-75.97,26.16
36.61,-75.95,26.17
36.61,-75.93,26.17
36.61,-75.91,26.23
36.61,-75.87,25.85
36.61,-75.85,25.45
36.61,-75.83,25.04
36.61,-75.81,25.21
36.61,-75.79,25.05
36.61,-75.77,24.88
36.61,-75.75,24.54
36.61,-75.73,24.6
36.61,-75.71,24.81
36.61,-75.69,24.9
36.61,-75.67,25.0
36.61,-75.65,25.04
36.61,-75.63,25.12
36.61,-75.61,24.91
36.61,-75.59,24.83
36.61,-75.57,24.95
36.61,-75.55,25.1
36.61,-75.53,25.22
36.61,-75.51,25.29
36.61,-75.49,25.3
36.61,-75.47,25.3
36.61,-75.45,25.37
36.61,-75.43,25.35
36.61,-75.41,25.32
36.61,-75.39,25.08
36.61,-75.37,24.98
36.61,-75.35,25.31
36.61,-75.33,25.07
36.61,-75.31,24.86
36.61,-75.29,24.74
36.61,-75.27,24.79
36.61,-75.25,24.8
36.61,-75.23,24.69
36.61,-75.21,24.79
36.61,-75.19,24.98
36.61,-75.17,25.4
36.61,-75.15,25.48
36.61,-75.13,25.53
36.61,-75.11,25.48
36.61,-75.09,25.42
36.61,-75.07,25.35
36.61,-75.05,25.38
36.61,-75.03,25.35
36.61,-75.01,25.28
36.61,-74.99,25.21
36.61,-74.97,25.23
36.61,-74.95,25.19
36.61,-74.93,25.06
36.61,-74.91,24.98
36.61,-74.89,24.89
36.61,-74.87,24.83
36.61,-74.85,24.83
36.61,-74.83,24.88
36.61,-74.81,25.01
36.61,-74.79,24.96
36.61,-74.77,24.87
36.61,-74.75,24.82
36.61,-74.73,24.78
36.61,-74.71,24.84
36.61,-74.63,24.91
36.61,-74.61,24.86
36.61,-74.59,25.06
36.61,-74.57,25.13
36.61,-74.53,25.58
36.61,-74.51,25.62
36.61,-74.49,25.73
36.61,-74.45,25.98
36.61,-74.43,26.01
36.61,-74.01,27.75
36.61,-73.99,27.89
36.61,-73.97,27.95
36.61,-73.95,27.54
36.61,-73.93,27.22
36.61,-73.91,26.97
36.61,-73.89,26.99
36.61,-73.87,26.92
36.61,-73.85,26.95
36.61,-73.83,26.96
36.61,-73.81,26.94
36.61,-73.79,27.0
36.61,-73.77,27.01
36.61,-72.89,28.47
36.61,-72.83,28.45
36.61,-72.77,28.3
36.61,-72.75,28.29
36.61,-72.71,28.28
36.61,-72.69,28.33
36.61,-72.67,28.27
36.61,-72.65,28.17
36.61,-72.49,28.17
36.61,-72.27,28.32
36.59,-78.41,28.12
36.59,-78.39,28.23
36.59,-78.37,28.32
36.59,-78.35,28.37
36.59,-78.33,28.38
36.59,-75.97,26.03
36.59,-75.95,26.06
36.59,-75.93,26.13
36.59,-75.91,26.22
36.59,-75.87,25.5
36.59,-75.85,25.28
36.59,-75.83,24.89
36.59,-75.81,25.09
36.59,-75.79,25.17
36.59,-75.77,24.7
36.59,-75.75,24.57
36.59,-75.73,24.66
36.59,-75.71,24.86
36.59,-75.69,24.89
36.59,-75.67,24.99
36.59,-75.65,25.01
36.59,-75.63,25.02
36.59,-75.61,24.9
36.59,-75.59,24.9
36.59,-75.57,25.04
36.59,-75.55,25.24
36.59,-75.53,25.26
36.59,-75.51,25.24
36.59,-75.49,25.26
36.59,-75.47,25.26
36.59,-75.45,25.37
36.59,-75.43,25.34
36.59,-75.41,25.25
36.59,-75.39,25.01
36.59,-75.37,25.14
36.59,-75.35,25.02
36.59,-75.33,24.94
36.59,-75.31,24.61
36.59,-75.29,24.59
36.59,-75.27,24.73
36.59,-75.25,24.77
36.59,-75.23,24.55
36.59,-75.21,24.63
36.59,-75.19,24.99
36.59,-75.17,25.32
36.59,-75.15,25.55
36.59,-75.13,25.56
36.59,-75.11,25.51
36.59,-75.09,25.47
36.59,-75.07,25.41
36.59,-75.05,25.38
36.59,-75.03,25.32
36.59,-75.01,25.22
36.59,-74.99,25.14
36.59,-74.97,25.2
36.59,-74.95,25.19
36.59,-74.93,25.13
36.59,-74.91,25.05
36.59,-74.89,24.94
36.59,-74.87,24.87
36.59,-74.85,24.85
36.59,-74.83,24.94
36.59,-74.81,25.01
36.59,-74.79,24.95
36.59,-74.77,24.88
36.59,-74.75,24.83
36.59,-73.97,27.6
36.59,-73.95,27.45
36.59,-73.93,27.38
36.59,-73.91,27.03
36.59,-73.89,27.03
36.59,-73.87,27.0
36.59,-73.85,26.97
36.59,-73.83,26.94
36.59,-73.81,26.96
36.59,-73.79,27.05
36.59,-73.77,27.02
36.59,-72.87,28.45
36.59,-72.85,28.45
36.59,-72.83,28.4
36.59,-72.81,28.34
36.59,-72.79,28.28
36.59,-72.77,28.27
36.59,-72.75,28.28
36.59,-72.67,28.17
36.59,-72.65,28.17
36.59,-72.43,28.15
36.59,-72.41,28.19
36.59,-72.39,28.19
36.59,-72.31,28.29
36.59,-72.29,28.28
36.59,-72.27,28.3
36.57,-78.55,28.34
36.57,-78.49,28.17
36.57,-78.47,28.1
36.57,-78.45,27.92
36.57,-78.33,28.39
36.57,-78.05,28.04
36.57,-78.03,28.04
36.57,-76.03,26.95
36.57,-75.99,25.85
36.57,-75.95,25.99
36.57,-75.93,26.06
36.57,-75.91,26.27
36.57,-75.87,25.43
36.57,-75.85,25.27
36.57,-75.83,24.7
36.57,-75.81,24.65
36.57,-75.79,25.01
36.57,-75.77,24.67
36.57,-75.75,24.7
36.57,-75.73,24.81
36.57,-75.71,24.83
36.57,-75.69,24.95
36.57,-75.67,25.01
36.57,-75.65,25.03
36.57,-75.63,24.97
36.57,-75.61,24.86
36.57,-75.59,24.93
36.57,-75.57,25.16
36.57,-75.55,25.28
36.57,-75.53,25.26
36.57,-75.51,25.14
36.57,-75.49,25.14
36.57,-75.47,25.2
36.57,-75.45,25.33
36.57,-75.43,25.29
36.57,-75.41,25.07
36.57,-75.39,24.97
36.57,-75.37,25.16
36.57,-75.35,25.02
36.57,-75.33,24.99
36.57,-75.31,24.65
36.57,-75.29,24.61
36.57,-75.27,24.6
36.57,-75.25,24.56
36.57,-75.23,24.54
36.57,-75.21,24.62
36.57,-75.19,25.02
36.57,-75.17,25.31
36.57,-75.15,25.61
36.57,-75.13,25.6
36.57,-75.11,25.58
36.57,-75.09,25.63
36.57,-75.07,25.56
36.57,-75.05,25.46
36.57,-75.03,25.35
36.57,-75.01,25.17
36.57,-74.99,25.19
36.57,-74.97,25.19
36.57,-74.95,25.18
36.57,-74.93,25.16
36.57,-74.91,25.07
36.57,-74.89,24.94
36.57,-74.87,24.9
36.57,-74.85,24.89
36.57,-74.83,24.91
36.57,-74.81,24.91
36.57,-74.79,24.87
36.57,-73.95,27.43
36.57,-73.93,27.37
36.57,-73.91,27.16
36.57,-73.89,27.16
36.57,-73.87,27.12
36.57,-73.85,26.98
36.57,-73.83,26.9
36.57,-73.77,26.98
36.57,-72.93,28.42
36.57,-72.91,28.41
36.57,-72.89,28.46
36.57,-72.87,28.45
36.57,-72.85,28.43
36.57,-72.83,28.36
36.57,-72.81,28.3
36.57,-72.75,28.26
36.57,-72.73,28.26
36.57,-72.71,28.26
36.57,-72.67,28.17
36.57,-72.65,28.21
36.57,-72.57,28.28
36.57,-72.43,28.18
36.57,-72.41,28.2
36.57,-72.39,28.22
36.55,-78.45,27.91
36.55,-78.05,28.04
36.55,-78.03,28.03
36.55,-78.01,28.03
36.55,-77.87,27.97
36.55,-76.03,26.93
36.55,-75.85,25.18
36.55,-75.83,24.79
36.55,-75.81,24.69
36.55,-75.79,24.84
36.55,-75.77,24.76
36.55,-75.75,24.81
36.55,-75.73,24.84
36.55,-75.71,24.85
36.55,-75.69,24.94
36.55,-75.67,25.06
36.55,-75.65,25.04
36.55,-75.63,24.98
36.55,-75.61,24.89
36.55,-75.59,25.02
36.55,-75.57,25.16
36.55,-75.55,25.26
36.55,-75.53,25.19
36.55,-75.51,25.13
36.55,-75.49,25.18
36.55,-75.47,25.29
36.55,-75.45,25.3
36.55,-75.43,25.17
36.55,-75.41,25.03
36.55,-75.39,25.04
36.55,-75.37,24.85
36.55,-75.35,24.82
36.55,-75.33,24.84
36.55,-75.31,24.71
36.55,-75.29,24.62
36.55,-75.27,24.63
36.55,-75.25,24.61
36.55,-75.23,24.53
36.55,-75.21,24.67
36.55,-75.19,25.14
36.55,-75.17,25.35
36.55,-75.15,25.56
36.55,-75.13,25.62
36.55,-75.11,25.69
36.55,-75.09,25.73
36.55,-75.07,25.7
36.55,-75.05,25.55
36.55,-75.03,25.42
36.55,-75.01,25.26
36.55,-74.99,25.25
36.55,-74.97,25.23
36.55,-74.95,25.19
36.55,-74.93,25.15
36.55,-74.91,25.07
36.55,-74.89,24.99
36.55,-74.87,24.92
36.55,-74.85,24.91
36.55,-74.83,24.9
36.55,-74.81,24.89
36.55,-73.95,27.26
36.55,-73.93,27.22
36.55,-73.91,27.22
36.55,-73.89,27.12
36.55,-73.87,27.08
36.55,-73.81,27.12
36.55,-73.79,27.13
36.55,-72.93,28.4
36.55,-72.91,28.41
36.55,-72.85,28.41
36.55,-72.81,28.26
36.55,-72.79,28.27
36.55,-72.73,28.26
36.55,-72.71,28.26
36.55,-72.69,28.25
36.55,-72.67,28.25
36.55,-72.65,28.23
36.53,-78.45,27.91
36.53,-78.33,28.33
36.53,-77.99,27.83
36.53,-77.97,26.69
36.53,-77.95,26.66
36.53,-77.91,26.57
36.53,-76.03,26.56
36.53,-76.01,26.55
36.53,-75.85,24.98
36.53,-75.83,24.74
36.53,-75.81,24.7
36.53,-75.79,24.79
36.53,-75.77,24.82
36.53,-75.75,24.9
36.53,-75.73,24.78
36.53,-75.71,24.81
36.53,-75.69,25.01
36.53,-75.67,25.15
36.53,-75.65,25.11
36.53,-75.63,24.96
36.53,-75.61,24.9
36.53,-75.59,25.12
36.53,-75.57,25.23
36.53,-75.55,25.22
36.53,-75.53,25.11
36.53,-75.51,25.09
36.53,-75.49,25.17
36.53,-75.47,25.29
36.53,-75.45,25.28
36.53,-75.43,25.01
36.53,-75.41,25.02
36.53,-75.39,24.91
36.53,-75.37,24.84
36.53,-75.35,24.79
36.53,-75.33,24.82
36.53,-75.31,24.81
36.53,-75.29,24.71
36.53,-75.27,24.68
36.53,-75.25,24.67
36.53,-75.23,24.65
36.53,-75.21,24.82
36.53,-75.19,25.17
36.53,-75.17,25.43
36.53,-75.15,25.56
36.53,-75.13,25.63
36.53,-75.11,25.75
36.53,-75.09,25.77
36.53,-75.07,25.71
36.53,-75.05,25.63
36.53,-75.03,25.51
36.53,-75.01,25.35
36.53,-74.99,25.24
36.53,-74.97,25.26
36.53,-74.95,25.23
36.53,-74.93,25.18
36.53,-74.91,25.11
36.53,-74.89,25.01
36.53,-74.87,24.92
36.53,-74.01,27.47
36.53,-73.99,27.39
36.53,-73.97,27.35
36.53,-73.95,27.33
36.53,-73.93,27.27
36.53,-73.91,27.24
36.53,-73.85,27.16
36.53,-73.83,27.18
36.53,-73.81,27.2
36.53,-73.79,27.3
36.53,-73.77,27.29
36.53,-73.01,28.53
36.53,-72.95,28.62
36.53,-72.85,28.4
36.53,-72.83,28.3
36.53,-72.81,28.28
36.53,-72.79,28.28
36.53,-72.71,28.23
36.53,-72.69,28.19
36.53,-72.67,28.17
36.53,-72.65,28.17
36.53,-72.63,28.19
36.53,-72.61,28.22
36.53,-72.59,28.18
36.53,-72.57,28.17
36.53,-72.55,28.2
36.53,-72.53,28.21
36.51,-77.95,26.67
36.51,-77.93,26.6
36.51,-77.91,26.57
36.51,-77.89,27.97
36.51,-77.83,27.87
36.51,-77.81,27.87
36.51,-76.03,26.49
36.51,-76.01,26.51
36.51,-75.99,26.21
36.51,-75.91,25.64
36.51,-75.89,25.6
36.51,-75.85,24.89
36.51,-75.83,24.77
36.51,-75.81,24.63
36.51,-75.79,24.82
36.51,-75.77,24.89
36.51,-75.75,24.82
36.51,-75.73,24.73
36.51,-75.71,24.98
36.51,-75.69,25.07
36.51,-75.67,25.08
36.51,-75.65,25.09
36.51,-75.63,24.9
36.51,-75.61,24.95
36.51,-75.59,25.2
36.51,-75.57,25.28
36.51,-75.55,25.22
36.51,-75.53,25.0
36.51,-75.51,25.04
36.51,-75.49,25.16
36.51,-75.47,25.27
36.51,-75.45,25.27
36.51,-75.43,25.08
36.51,-75.41,24.97
36.51,-75.39,24.92
36.51,-75.37,24.88
36.51,-75.35,24.86
36.51,-75.33,24.82
36.51,-75.31,24.87
36.51,-75.29,24.96
36.51,-75.27,24.8
36.51,-75.25,24.72
36.51,-75.23,24.8
36.51,-75.21,25.12
36.51,-75.19,25.18
36.51,-75.17,25.33
36.51,-75.15,25.61
36.51,-75.13,25.66
36.51,-75.11,25.75
36.51,-75.09,25.79
36.51,-75.07,25.76
36.51,-75.05,25.62
36.51,-75.03,25.5
36.51,-75.01,25.47
36.51,-74.99,25.34
36.51,-74.97,25.32
36.51,-74.95,25.28
36.51,-74.93,25.2
36.51,-74.91,25.15
36.51,-74.85,25.0
36.51,-74.83,24.99
36.51,-74.09,27.86
36.51,-74.03,27.79
36.51,-74.01,27.66
36.51,-73.99,27.43
36.51,-73.95,27.39
36.51,-73.93,27.38
36.51,-73.91,27.39
36.51,-73.87,27.27
36.51,-73.85,27.22
36.51,-73.83,27.33
36.51,-73.81,27.36
36.51,-73.79,27.41
36.51,-72.95,28.61
36.51,-72.87,28.46
36.51,-72.85,28.38
36.51,-72.83,28.32
36.51,-72.81,28.31
36.51,-72.79,28.28
36.51,-72.75,28.26
36.51,-72.73,28.21
36.51,-72.71,28.23
36.51,-72.65,28.12
36.51,-72.63,28.11
36.51,-72.59,28.11
36.51,-72.57,28.11
36.51,-72.53,28.16
36.51,-72.51,28.16
36.51,-72.31,28.34
36.49,-77.93,26.53
36.49,-77.75,27.9
36.49,-77.73,27.9
36.49,-76.03,26.37
36.49,-76.01,26.35
36.49,-75.99,26.32
36.49,-75.95,26.64
36.49,-75.89,25.47
36.49,-75.85,24.63
36.49,-75.83,24.6
36.49,-75.81,24.55
36.49,-75.79,24.75
36.49,-75.77,24.98
36.49,-75.75,24.9
36.49,-75.73,24.83
36.49,-75.71,25.03
36.49,-75.69,25.09
36.49,-75.67,25.07
36.49,-75.65,25.01
36.49,-75.63,24.77
36.49,-75.61,24.97
36.49,-75.59,25.22
36.49,-75.57,25.29
36.49,-75.55,25.19
36.49,-75.53,24.91
36.49,-75.51,24.97
36.49,-75.49,25.18
36.49,-75.47,25.28
36.49,-75.45,25.2
36.49,-75.43,25.06
36.49,-75.41,24.94
36.49,-75.39,24.96
36.49,-75.37,24.98
36.49,-75.35,24.88
36.49,-75.33,24.82
36.49,-75.31,24.82
36.49,-75.29,24.99
36.49,-75.27,24.94
36.49,-75.25,24.88
36.49,-75.23,24.92
36.49,-75.21,25.24
36.49,-75.19,25.22
36.49,-75.17,25.29
36.49,-75.15,25.61
36.49,-75.13,25.7
36.49,-75.11,25.74
36.49,-75.09,25.79
36.49,-75.07,25.83
36.49,-75.05,25.72
36.49,-75.03,25.58
36.49,-75.01,25.47
36.49,-74.99,25.39
36.49,-74.97,25.36
36.49,-74.95,25.32
36.49,-74.93,25.26
36.49,-74.91,25.2
36.49,-74.57,26.02
36.49,-74.55,26.06
36.49,-74.53,26.1
36.49,-74.09,27.86
36.49,-73.95,27.45
36.49,-73.93,27.44
36.49,-73.91,27.41
36.49,-73.89,27.37
36.49,-73.87,27.38
36.49,-73.85,27.35
36.49,-73.83,27.42
36.49,-73.81,27.43
36.49,-73.79,27.41
36.49,-73.47,29.22
36.49,-72.95,28.53
36.49,-72.93,28.47
36.49,-72.87,28.3
36.49,-72.85,28.23
36.49,-72.83,28.23
36.49,-72.75,28.21
36.49,-72.73,28.17
36.49,-72.65,28.05
36.49,-72.63,28.05
36.49,-72.41,28.3
36.49,-72.31,28.31
36.47,-76.01,26.28
36.47,-75.99,26.51
36.47,-75.97,26.46
36.47,-75.95,26.48
36.47,-75.93,26.36
36.47,-75.91,25.73
36.47,-75.83,24.55
36.47,-75.81,24.64
36.47,-75.79,24.75
36.47,-75.77,24.91
36.47,-75.75,24.94
36.47,-75.73,24.95
36.47,-75.71,25.07
36.47,-75.69,25.06
36.47,-75.67,25.06
36.47,-75.65,25.01
36.47,-75.63,24.75
36.47,-75.61,24.86
36.47,-75.59,25.23
36.47,-75.57,25.31
36.47,-75.55,25.27
36.47,-75.53,24.96
36.47,-75.51,24.95
36.47,-75.49,25.11
36.47,-75.47,25.19
36.47,-75.45,25.13
36.47,-75.43,24.99
36.47,-75.41,24.95
36.47,-75.39,24.98
36.47,-75.37,24.97
36.47,-75.35,24.9
36.47,-75.33,24.88
36.47,-75.31,24.92
36.47,-75.29,25.01
36.47,-75.27,25.03
36.47,-75.25,25.03
36.47,-75.23,25.12
36.47,-75.21,25.23
36.47,-75.19,25.27
36.47,-75.17,25.38
36.47,-75.15,25.57
36.47,-75.13,25.68
36.47,-75.11,25.75
36.47,-75.09,25.77
36.47,-75.07,25.79
36.47,-75.05,25.79
36.47,-75.03,25.64
36.47,-75.01,25.53
36.47,-74.99,25.47
36.47,-74.97,25.46
36.47,-74.95,25.44
36.47,-74.93,25.35
36.47,-74.91,25.26
36.47,-74.89,25.22
36.47,-74.65,25.04
36.47,-74.57,25.99
36.47,-74.55,26.04
36.47,-74.53,26.06
36.47,-74.51,26.07
36.47,-73.99,27.79
36.47,-73.97,27.8
36.47,-73.95,27.65
36.47,-73.93,27.5
36.47,-73.91,27.44
36.47,-73.89,27.43
36.47,-73.87,27.36
36.47,-73.85,27.34
36.47,-73.81,27.23
36.47,-72.99,28.61
36.47,-72.97,28.6
36.47,-72.89,28.37
36.47,-72.87,28.32
36.47,-72.85,28.19
36.47,-72.83,28.19
36.47,-72.81,28.22
36.47,-72.75,28.22
36.47,-72.73,28.2
36.47,-72.53,28.11
36.47,-72.31,28.3
36.45,-76.01,26.37
36.45,-75.99,26.42
36.45,-75.97,26.44
36.45,-75.95,26.35
36.45,-75.93,26.09
36.45,-75.91,25.77
36.45,-75.83,24.68
36.45,-75.81,24.79
36.45,-75.79,24.71
36.45,-75.77,24.94
36.45,-75.75,25.0
36.45,-75.73,24.97
36.45,-75.71,25.08
36.45,-75.69,25.07
36.45,-75.67,25.04
36.45,-75.65,25.05
36.45,-75.63,24.77
36.45,-75.61,24.88
36.45,-75.59,25.09
36.45,-75.57,25.31
36.45,-75.55,25.27
36.45,-75.53,24.76
36.45,-75.51,24.89
36.45,-75.49,25.07
36.45,-75.47,25.16
36.45,-75.45,25.13
36.45,-75.43,24.95
36.45,-75.41,24.98
36.45,-75.39,25.07
36.45,-75.37,25.02
36.45,-75.35,24.86
36.45,-75.33,24.8
36.45,-75.31,24.85
36.45,-75.29,25.15
36.45,-75.27,25.26
36.45,-75.25,25.3
36.45,-75.23,25.23
36.45,-75.21,25.38
36.45,-75.19,25.38
36.45,-75.17,25.47
36.45,-75.15,25.58
36.45,-75.13,25.65
36.45,-75.11,25.75
36.45,-75.09,25.78
36.45,-75.07,25.77
36.45,-75.05,25.75
36.45,-75.03,25.68
36.45,-75.01,25.59
36.45,-74.99,25.55
36.45,-74.97,25.51
36.45,-74.95,25.46
36.45,-74.93,25.42
36.45,-74.91,25.31
36.45,-74.89,25.3
36.45,-74.87,25.41
36.45,-74.85,25.4
36.45,-74.73,25.26
36.45,-74.71,25.16
36.45,-74.69,25.05
36.45,-74.67,25.06
36.45,-74.65,25.08
36.45,-74.63,25.11
36.45,-74.61,25.13
36.45,-74.59,25.83
36.45,-74.57,25.91
36.45,-74.55,25.96
36.45,-74.53,25.99
36.45,-74.03,27.62
36.45,-73.99,27.74
36.45,-73.97,27.74
36.45,-73.95,27.52
36.45,-73.93,27.46
36.45,-73.89,27.37
36.45,-73.87,27.29
36.45,-73.29,28.84
36.45,-72.99,28.55
36.45,-72.97,28.53
36.45,-72.89,28.4
36.45,-72.87,28.34
36.45,-72.85,28.25
36.45,-72.83,28.25
36.45,-72.81,28.25
36.45,-72.79,28.27
36.45,-72.77,28.26
36.45,-72.75,28.21
36.45,-72.73,28.15
36.45,-72.69,28.07
36.45,-72.67,28.04
36.45,-72.61,28.12
36.43,-75.95,26.2
36.43,-75.93,26.05
36.43,-75.91,25.7
36.43,-75.87,24.74
36.43,-75.83,24.64
36.43,-75.81,24.82
36.43,-75.79,24.69
36.43,-75.77,24.82
36.43,-75.75,24.98
36.43,-75.73,25.03
36.43,-75.71,25.05
36.43,-75.69,25.07
36.43,-75.67,25.2
36.43,-75.65,25.01
36.43,-75.63,24.75
36.43,-75.61,24.85
36.43,-75.59,25.12
36.43,-75.57,25.26
36.43,-75.55,25.23
36.43,-75.53,24.76
36.43,-75.51,24.94
36.43,-75.49,25.21
36.43,-75.47,25.4
36.43,-75.45,25.3
36.43,-75.43,25.01
36.43,-75.41,25.04
36.43,-75.39,25.07
36.43,-75.37,25.08
36.43,-75.35,24.98
36.43,-75.33,24.96
36.43,-75.31,25.0
36.43,-75.29,25.16
36.43,-75.27,25.3
36.43,-75.25,25.41
36.43,-75.23,25.38
36.43,-75.21,25.37
36.43,-75.19,25.42
36.43,-75.17,25.52
36.43,-75.15,25.62
36.43,-75.13,25.66
36.43,-75.11,25.73
36.43,-75.09,25.77
36.43,-75.07,25.76
36.43,-75.05,25.7
36.43,-75.03,25.7
36.43,-75.01,25.6
36.43,-74.99,25.59
36.43,-74.97,25.55
36.43,-74.95,25.5
36.43,-74.93,25.37
36.43,-74.91,25.29
36.43,-74.89,25.32
36.43,-74.87,25.44
36.43,-74.85,25.42
36.43,-74.73,25.26
36.43,-74.71,25.21
36.43,-74.63,25.2
36.43,-74.61,25.28
36.43,-74.59,25.73
36.43,-74.53,25.99
36.43,-73.95,27.5
36.43,-73.93,27.4
36.43,-73.91,27.28
36.43,-73.89,27.19
36.43,-72.99,28.6
36.43,-72.97,28.54
36.43,-72.95,28.47
36.43,-72.93,28.49
36.43,-72.91,28.53
36.43,-72.89,28.48
36.43,-72.85,28.27
36.43,-72.83,28.29
36.43,-72.81,28.28
36.43,-72.79,28.27
36.43,-72.77,28.24
36.43,-72.75,28.16
36.43,-72.73,28.12
36.43,-72.69,28.04
36.43,-72.67,28.0
36.41,-75.99,26.13
36.41,-75.97,26.08
36.41,-75.95,25.94
36.41,-75.91,25.51
36.41,-75.89,25.03
36.41,-75.87,24.72
36.41,-75.85,24.67
36.41,-75.83,24.87
36.41,-75.81,24.78
36.41,-75.79,24.65
36.41,-75.77,24.86
36.41,-75.75,24.96
36.41,-75.73,25.04
36.41,-75.71,25.07
36.41,-75.69,25.06
36.41,-75.67,25.16
36.41,-75.65,25.05
36.41,-75.63,24.89
36.41,-75.61,24.97
36.41,-75.59,25.23
36.41,-75.57,25.26
36.41,-75.55,24.73
36.41,-75.53,24.56
36.41,-75.51,24.94
36.41,-75.49,25.3
36.41,-75.47,25.48
36.41,-75.45,25.48
36.41,-75.43,25.4
36.41,-75.41,25.23
36.41,-75.39,25.25
36.41,-75.37,25.23
36.41,-75.35,25.03
36.41,-75.33,25.07
36.41,-75.31,25.17
36.41,-75.29,25.28
36.41,-75.27,25.39
36.41,-75.25,25.52
36.41,-75.23,25.47
36.41,-75.21,25.5
36.41,-75.19,25.5
36.41,-75.17,25.58
36.41,-75.15,25.63
36.41,-75.13,25.64
36.41,-75.11,25.69
36.41,-75.09,25.83
36.41,-75.07,25.85
36.41,-75.05,25.76
36.41,-75.03,25.7
36.41,-75.01,25.64
36.41,-74.99,25.58
36.41,-74.97,25.57
36.41,-74.95,25.46
36.41,-74.93,25.32
36.41,-74.89,25.36
36.41,-74.87,25.46
36.41,-74.85,25.48
36.41,-74.83,25.44
36.41,-74.61,25.34
36.41,-74.29,25.98
36.41,-74.27,25.95
36.41,-74.25,25.93
36.41,-72.93,28.51
36.41,-72.91,28.49
36.41,-72.89,28.43
36.41,-72.85,28.25
36.41,-72.83,28.26
36.41,-72.81,28.24
36.41,-72.79,28.25
36.41,-72.77,28.26
36.41,-72.75,28.18
36.41,-72.73,28.14
36.41,-72.71,28.1
36.41,-72.61,27.95
36.41,-72.59,27.93
36.39,-75.97,25.9
36.39,-75.91,24.97
36.39,-75.89,24.9
36.39,-75.87,24.85
36.39,-75.85,24.76
36.39,-75.81,24.95
36.39,-75.79,24.92
36.39,-75.77,24.94
36.39,-75.75,24.98
36.39,-75.73,25.04
36.39,-75.71,25.09
36.39,-75.69,25.13
36.39,-75.67,25.15
36.39,-75.65,25.21
36.39,-75.63,25.04
36.39,-75.61,24.98
36.39,-75.59,25.21
36.39,-75.57,25.25
36.39,-75.55,24.69
36.39,-75.53,24.62
36.39,-75.51,24.77
36.39,-75.49,25.35
36.39,-75.47,25.49
36.39,-75.45,25.42
36.39,-75.43,25.42
36.39,-75.41,25.36
36.39,-75.39,25.34
36.39,-75.37,25.26
36.39,-75.35,25.23
36.39,-75.33,25.21
36.39,-75.31,25.24
36.39,-75.29,25.36
36.39,-75.27,25.56
36.39,-75.25,25.57
36.39,-75.23,25.62
36.39,-75.21,25.7
36.39,-75.19,25.61
36.39,-75.17,25.69
36.39,-75.15,25.65
36.39,-75.13,25.64
36.39,-75.11,25.71
36.39,-75.09,25.91
36.39,-75.07,25.91
36.39,-75.05,25.88
36.39,-75.03,25.74
36.39,-75.01,25.65
36.39,-74.99,25.57
36.39,-74.97,25.51
36.39,-74.95,25.43
36.39,-74.93,25.33
36.39,-74.91,25.3
36.39,-74.89,25.39
36.39,-74.87,25.4
36.39,-74.85,25.51
36.39,-74.83,25.54
36.39,-74.81,25.61
36.39,-74.67,25.7
36.39,-74.65,25.63
36.39,-74.29,26.06
36.39,-74.27,26.03
36.39,-74.25,25.97
36.39,-73.79,28.84
36.39,-73.77,28.83
36.39,-73.75,28.82
36.39,-73.59,29.3
36.39,-73.41,29.04
36.39,-73.17,28.42
36.39,-73.15,28.42
36.39,-73.01,28.64
36.39,-72.99,28.6
36.39,-72.97,28.41
36.39,-72.95,28.42
36.39,-72.93,28.49
36.39,-72.91,28.44
36.39,-72.89,28.38
36.39,-72.85,28.3
36.39,-72.83,28.26
36.39,-72.81,28.27
36.39,-72.79,28.29
36.39,-72.77,28.29
36.39,-72.75,28.19
36.39,-72.59,27.9
36.37,-75.91,25.05
36.37,-75.89,25.03
36.37,-75.87,24.96
36.37,-75.85,24.99
36.37,-75.81,25.07
36.37,-75.79,24.96
36.37,-75.77,24.92
36.37,-75.75,25.01
36.37,-75.73,25.01
36.37,-75.71,25.12
36.37,-75.69,25.13
36.37,-75.67,25.2
36.37,-75.65,25.3
36.37,-75.63,25.21
36.37,-75.61,24.94
36.37,-75.59,25.19
36.37,-75.57,25.14
36.37,-75.55,24.92
36.37,-75.53,24.78
36.37,-75.51,24.82
36.37,-75.49,25.37
36.37,-75.47,25.5
36.37,-75.45,25.45
36.37,-75.43,25.42
36.37,-75.41,25.44
36.37,-75.39,25.45
36.37,-75.37,25.43
36.37,-75.35,25.36
36.37,-75.33,25.35
36.37,-75.31,25.37
36.37,-75.29,25.48
36.37,-75.27,25.61
36.37,-75.25,25.73
36.37,-75.23,25.9
36.37,-75.21,25.91
36.37,-75.19,25.81
36.37,-75.17,25.83
36.37,-75.15,25.66
36.37,-75.13,25.77
36.37,-75.11,25.85
36.37,-75.09,26.04
36.37,-75.07,26.04
36.37,-75.05,26.02
36.37,-75.03,25.88
36.37,-75.01,25.74
36.37,-74.99,25.67
36.37,-74.97,25.47
36.37,-74.95,25.46
36.37,-74.93,25.45
36.37,-74.91,25.39
36.37,-74.83,25.63
36.37,-74.81,25.67
36.37,-74.67,25.78
36.37,-74.29,26.29
36.37,-74.27,26.22
36.37,-74.25,26.3
36.37,-74.23,26.37
36.37,-74.21,26.35
36.37,-74.19,26.32
36.37,-73.85,28.68
36.37,-73.83,28.78
36.37,-73.81,28.83
36.37,-73.79,28.87
36.37,-73.77,28.85
36.37,-73.51,29.31
36.37,-73.21,28.46
36.37,-73.19,28.44
36.37,-72.83,28.23
36.37,-72.81,28.28
36.37,-72.79,28.28
36.37,-72.77,28.22
36.37,-72.75,28.16
36.37,-72.57,27.82
36.35,-75.91,25.03
36.35,-75.89,25.05
36.35,-75.87,25.06
36.35,-75.85,25.04
36.35,-75.81,25.08
36.35,-75.79,25.02
36.35,-75.77,24.93
36.35,-75.75,24.97
36.35,-75.73,24.99
36.35,-75.71,25.12
36.35,-75.69,25.12
36.35,-75.67,25.21
36.35,-75.65,25.29
36.35,-75.63,25.15
36.35,-75.61,25.08
36.35,-75.59,25.27
36.35,-75.57,25.11
36.35,-75.55,25.09
36.35,-75.53,24.85
36.35,-75.51,24.89
36.35,-75.49,25.41
36.35,-75.47,25.58
36.35,-75.45,25.52
36.35,-75.43,25.41
36.35,-75.41,25.52
36.35,-75.39,25.64
36.35,-75.37,25.61
36.35,-75.35,25.59
36.35,-75.33,25.63
36.35,-75.31,25.66
36.35,-75.29,25.68
36.35,-75.27,25.69
36.35,-75.25,25.84
36.35,-75.23,25.99
36.35,-75.21,26.0
36.35,-75.19,26.01
36.35,-75.17,25.96
36.35,-75.15,25.81
36.35,-75.13,25.86
36.35,-75.11,25.96
36.35,-75.09,26.13
36.35,-75.07,26.16
36.35,-75.05,26.21
36.35,-75.03,26.1
36.35,-75.01,25.95
36.35,-74.99,25.8
36.35,-74.97,25.68
36.35,-74.95,25.48
36.35,-74.93,25.49
36.35,-74.91,25.48
36.35,-74.89,25.48
36.35,-74.83,25.5
36.35,-74.81,25.61
36.35,-74.69,26.1
36.35,-74.67,26.09
36.35,-74.65,26.29
36.35,-74.25,26.49
36.35,-74.23,26.48
36.35,-74.21,26.43
36.35,-74.19,26.41
36.35,-74.17,26.44
36.35,-73.87,28.16
36.35,-73.85,28.67
36.35,-73.83,28.87
36.35,-73.81,28.93
36.35,-73.35,28.38
36.35,-73.33,28.32
36.35,-73.31,28.28
36.35,-73.11,28.58
36.35,-73.09,28.56
36.35,-73.07,28.55
36.35,-73.05,28.61
36.35,-73.03,28.64
36.35,-73.01,28.59
36.35,-72.87,28.25
36.35,-72.85,28.23
36.35,-72.81,28.25
36.35,-72.79,28.23
36.35,-72.77,28.1
36.35,-72.75,28.07
36.35,-72.67,27.78
36.35,-72.65,27.77
36.35,-72.45,27.82
36.35,-72.43,27.82
36.33,-75.79,24.95
36.33,-75.77,24.94
36.33,-75.75,24.98
36.33,-75.73,24.99
36.33,-75.71,25.09
36.33,-75.69,25.15
36.33,-75.67,25.32
36.33,-75.65,25.21
36.33,-75.63,25.11
36.33,-75.61,24.98
36.33,-75.59,25.03
36.33,-75.57,25.15
36.33,-75.55,25.15
36.33,-75.53,24.97
36.33,-75.51,25.04
36.33,-75.49,25.59
36.33,-75.47,25.62
36.33,-75.45,25.52
36.33,-75.43,25.48
36.33,-75.41,25.62
36.33,-75.39,25.77
36.33,-75.37,25.67
36.33,-75.35,25.7
36.33,-75.33,25.76
36.33,-75.31,25.77
36.33,-75.29,25.78
36.33,-75.27,25.84
36.33,-75.25,25.95
36.33,-75.23,26.02
36.33,-75.21,26.11
36.33,-75.19,26.12
36.33,-75.17,26.08
36.33,-75.15,26.0
36.33,-75.13,25.9
36.33,-75.11,25.97
36.33,-75.09,26.1
36.33,-75.07,26.17
36.33,-75.05,26.2
36.33,-75.03,26.15
36.33,-75.01,26.1
36.33,-74.99,25.85
36.33,-74.97,25.77
36.33,-74.95,25.62
36.33,-74.93,25.57
36.33,-74.91,25.51
36.33,-74.83,25.42
36.33,-74.81,25.41
36.33,-74.79,25.39
36.33,-74.77,25.39
36.33,-74.75,25.52
36.33,-74.73,26.39
36.33,-74.71,26.67
36.33,-74.69,26.59
36.33,-74.67,26.61
36.33,-74.65,26.63
36.33,-74.33,26.85
36.33,-74.31,26.73
36.33,-74.29,26.67
36.33,-74.23,26.49
36.33,-74.21,26.46
36.33,-74.19,26.45
36.33,-74.17,26.43
36.33,-73.91,27.9
36.33,-73.89,27.9
36.33,-73.87,28.14
36.33,-73.85,28.71
36.33,-73.83,28.93
36.33,-73.81,29.05
36.33,-73.79,29.06
36.33,-73.63,29.23
36.33,-73.45,29.03
36.33,-73.07,28.52
36.33,-73.05,28.52
36.33,-73.01,28.51
36.33,-72.99,28.42
36.33,-72.89,28.26
36.33,-72.87,28.3
36.33,-72.85,28.29
36.33,-72.83,28.26
36.33,-72.81,28.21
36.33,-72.79,28.22
36.33,-72.77,28.08
36.33,-72.75,28.07
36.33,-72.73,28.03
36.33,-72.51,27.77
36.33,-72.45,27.8
36.31,-75.79,24.96
36.31,-75.77,24.95
36.31,-75.75,24.95
36.31,-75.73,24.97
36.31,-75.71,24.96
36.31,-75.69,25.06
36.31,-75.67,25.35
36.31,-75.65,25.2
36.31,-75.63,24.94
36.31,-75.61,24.73
36.31,-75.59,24.76
36.31,-75.57,24.9
36.31,-75.55,25.22
36.31,-75.53,24.89
36.31,-75.51,25.31
36.31,-75.49,25.65
36.31,-75.47,25.7
36.31,-75.45,25.59
36.31,-75.43,25.57
36.31,-75.41,25.68
36.31,-75.39,25.78
36.31,-75.37,25.77
36.31,-75.35,25.85
36.31,-75.33,25.89
36.31,-75.31,25.91
36.31,-75.29,25.9
36.31,-75.27,25.91
36.31,-75.25,25.97
36.31,-75.23,26.04
36.31,-75.21,26.13
36.31,-75.19,26.16
36.31,-75.17,26.18
36.31,-75.15,26.12
36.31,-75.13,25.98
36.31,-75.11,26.01
36.31,-75.09,26.09
36.31,-75.07,26.15
36.31,-75.05,26.15
36.31,-75.03,26.16
36.31,-75.01,26.1
36.31,-74.99,25.98
36.31,-74.97,25.85
36.31,-74.95,25.79
36.31,-74.93,25.67
36.31,-74.91,25.62
36.31,-74.89,25.58
36.31,-74.87,25.61
36.31,-74.85,25.66
36.31,-74.83,25.47
36.31,-74.81,25.49
36.31,-74.79,25.46
36.31,-74.77,25.47
36.31,-74.75,25.84
36.31,-74.73,26.59
36.31,-74.71,27.13
36.31,-74.69,27.41
36.31,-74.67,27.08
36.31,-74.65,27.47
36.31,-74.23,26.39
36.31,-74.21,26.4
36.31,-74.19,26.42
36.31,-73.93,28.07
36.31,-73.91,28.02
36.31,-73.89,27.95
36.31,-73.87,28.75
36.31,-73.85,28.87
36.31,-73.83,28.95
36.31,-73.81,29.03
36.31,-73.69,29.25
36.31,-73.65,29.27
36.31,-73.63,29.25
36.31,-73.59,29.27
36.31,-73.57,29.25
36.31,-73.05,28.54
36.31,-73.03,28.49
36.31,-73.01,28.43
36.31,-72.99,28.39
36.31,-72.89,28.24
36.31,-72.87,28.25
36.31,-72.85,28.26
36.31,-72.83,28.27
36.31,-72.81,28.25
36.31,-72.79,28.3
36.31,-72.77,28.25
36.31,-72.73,27.97
36.31,-72.71,27.91
36.31,-72.69,27.9
36.31,-72.67,27.85
36.29,-76.19,27.32
36.29,-76.17,27.29
36.29,-75.77,24.91
36.29,-75.75,24.96
36.29,-75.73,25.0
36.29,-75.71,24.99
36.29,-75.69,25.18
36.29,-75.67,25.29
36.29,-75.65,25.14
36.29,-75.63,24.81
36.29,-75.61,24.57
36.29,-75.59,24.57
36.29,-75.57,24.87
36.29,-75.55,25.16
36.29,-75.53,25.07
36.29,-75.51,25.11
36.29,-75.49,25.63
36.29,-75.47,25.78
36.29,-75.45,25.73
36.29,-75.43,25.72
36.29,-75.41,25.75
36.29,-75.39,25.88
36.29,-75.37,25.9
36.29,-75.35,25.94
36.29,-75.33,25.98
36.29,-75.31,25.99
36.29,-75.29,25.99
36.29,-75.27,26.02
36.29,-75.25,26.04
36.29,-75.23,26.13
36.29,-75.21,26.17
36.29,-75.19,26.19
36.29,-75.17,26.22
36.29,-75.15,26.18
36.29,-75.13,26.01
36.29,-75.11,26.09
36.29,-75.09,26.15
36.29,-75.07,26.16
36.29,-75.05,26.15
36.29,-75.03,26.16
36.29,-75.01,26.14
36.29,-74.99,26.02
36.29,-74.97,25.97
36.29,-74.95,25.9
36.29,-74.93,25.78
36.29,-74.91,25.64
36.29,-74.89,25.7
36.29,-74.87,25.72
36.29,-74.85,25.79
36.29,-74.83,25.96
36.29,-74.81,25.7
36.29,-74.79,25.86
36.29,-74.77,25.88
36.29,-74.75,26.16
36.29,-74.73,26.92
36.29,-74.71,27.64
36.29,-74.69,27.63
36.29,-74.67,27.31
36.29,-74.65,27.6
36.29,-74.37,27.14
36.29,-74.35,27.11
36.29,-74.29,26.33
36.29,-74.27,26.41
36.29,-74.25,26.44
36.29,-74.23,26.39
36.29,-74.21,26.38
36.29,-73.95,27.92
36.29,-73.93,28.03
36.29,-73.91,28.03
36.29,-73.89,28.35
36.29,-73.87,28.82
36.29,-73.85,29.03
36.29,-73.83,29.07
36.29,-73.65,29.3
36.29,-73.63,29.27
36.29,-73.61,29.25
36.29,-73.59,29.28
36.29,-73.57,29.27
36.29,-72.91,28.31
36.29,-72.89,28.29
36.29,-72.87,28.27
36.29,-72.85,28.23
36.29,-72.83,28.24
36.29,-72.81,28.25
36.29,-72.79,28.22
36.29,-72.77,28.01
36.29,-72.73,27.9
36.29,-72.71,27.9
36.29,-72.69,27.9
36.27,-76.17,27.3
36.27,-76.15,27.29
36.27,-76.13,27.34
36.27,-76.11,27.41
36.27,-75.73,25.07
36.27,-75.71,25.09
36.27,-75.69,25.19
36.27,-75.67,25.25
36.27,-75.65,24.92
36.27,-75.63,24.85
36.27,-75.61,24.72
36.27,-75.59,24.59
36.27,-75.57,24.82
36.27,-75.55,25.04
36.27,-75.53,25.09
36.27,-75.51,25.15
36.27,-75.49,25.62
36.27,-75.47,25.87
36.27,-75.45,25.83
36.27,-75.43,25.79
36.27,-75.41,25.89
36.27,-75.39,25.96
36.27,-75.37,25.96
36.27,-75.35,26.0
36.27,-75.33,26.04
36.27,-75.31,26.05
36.27,-75.29,26.06
36.27,-75.27,26.08
36.27,-75.25,26.11
36.27,-75.23,26.22
36.27,-75.21,26.22
36.27,-75.19,26.22
36.27,-75.17,26.25
36.27,-75.15,26.18
36.27,-75.13,26.07
36.27,-75.11,26.12
36.27,-75.09,26.15
36.27,-75.07,26.18
36.27,-75.05,26.22
36.27,-75.03,26.19
36.27,-75.01,26.17
36.27,-74.99,26.15
36.27,-74.97,26.07
36.27,-74.95,26.02
36.27,-74.93,25.88
36.27,-74.91,25.95
36.27,-74.89,26.16
36.27,-74.87,26.44
36.27,-74.85,26.51
36.27,-74.83,26.71
36.27,-74.81,26.62
36.27,-74.79,26.48
36.27,-74.77,26.3
36.27,-74.75,26.24
36.27,-74.73,26.88
36.27,-74.33,26.41
36.27,-74.31,26.35
36.27,-74.29,26.45
36.27,-74.27,26.45
36.27,-74.25,26.45
36.27,-74.23,26.46
36.27,-74.21,26.47
36.27,-73.99,27.29
36.27,-73.97,27.31
36.27,-73.95,27.67
36.27,-73.93,27.91
36.27,-73.91,27.99
36.27,-73.59,29.25
36.27,-73.09,28.65
36.27,-73.07,28.64
36.27,-72.97,28.49
36.27,-72.95,28.49
36.27,-72.91,28.29
36.27,-72.89,28.26
36.27,-72.87,28.18
36.27,-72.85,28.18
36.27,-72.83,28.21
36.27,-72.81,28.15
36.27,-72.79,28.02
36.27,-72.77,27.9
36.27,-72.75,27.88
36.27,-72.73,27.85
36.27,-72.71,27.82
36.27,-72.69,27.8
36.27,-72.27,27.88
36.25,-75.75,25.4
36.25,-75.73,25.37
36.25,-75.71,25.22
36.25,-75.69,25.22
36.25,-75.67,25.2
36.25,-75.65,24.91
36.25,-75.63,24.77
36.25,-75.61,24.74
36.25,-75.59,24.56
36.25,-75.57,24.73
36.25,-75.55,24.88
36.25,-75.53,24.96
36.25,-75.51,25.32
36.25,-75.49,25.54
36.25,-75.47,25.93
36.25,-75.45,25.94
36.25,-75.43,25.91
36.25,-75.41,26.01
36.25,-75.39,26.05
36.25,-75.37,26.03
36.25,-75.35,26.07
36.25,-75.33,26.12
36.25,-75.31,26.13
36.25,-75.29,26.13
36.25,-75.27,26.13
36.25,-75.25,26.21
36.25,-75.23,26.28
36.25,-75.21,26.29
36.25,-75.19,26.32
36.25,-75.17,26.36
36.25,-75.15,26.3
36.25,-75.13,26.13
36.25,-75.11,26.16
36.25,-75.09,26.21
36.25,-75.07,26.26
36.25,-75.05,26.3
36.25,-75.03,26.29
36.25,-75.01,26.27
36.25,-74.99,26.29
36.25,-74.97,26.29
36.25,-74.95,26.25
36.25,-74.93,26.25
36.25,-74.91,26.44
36.25,-74.89,26.63
36.25,-74.87,26.91
36.25,-74.85,27.08
36.25,-74.83,27.34
36.25,-74.81,27.62
36.25,-74.79,27.39
36.25,-74.77,26.53
36.25,-74.75,25.92
36.25,-74.73,26.46
36.25,-74.35,26.59
36.25,-74.33,26.56
36.25,-74.31,26.53
36.25,-74.29,26.55
36.25,-74.27,26.56
36.25,-74.25,26.55
36.25,-74.23,26.61
36.25,-74.21,26.58
36.25,-74.19,26.58
36.25,-74.03,27.71
36.25,-74.01,27.34
36.25,-73.99,27.31
36.25,-73.97,27.31
36.25,-73.79,29.23
36.25,-72.97,28.44
36.25,-72.91,28.21
36.25,-72.89,28.15
36.25,-72.87,28.05
36.25,-72.85,28.03
36.25,-72.83,28.15
36.25,-72.81,28.1
36.25,-72.79,27.95
36.25,-72.77,27.88
36.25,-72.75,27.87
36.25,-72.73,27.85
36.25,-72.63,27.71
36.25,-72.61,27.71
36.23,-76.09,26.91
36.23,-76.07,26.93
36.23,-75.75,25.42
36.23,-75.73,25.37
36.23,-75.71,25.25
36.23,-75.69,25.08
36.23,-75.67,25.1
36.23,-75.65,24.98
36.23,-75.63,24.82
36.23,-75.61,24.78
36.23,-75.59,24.56
36.23,-75.57,24.64
36.23,-75.55,24.76
36.23,-75.53,24.95
36.23,-75.51,25.23
36.23,-75.49,25.6
36.23,-75.47,25.94
36.23,-75.45,26.0
36.23,-75.43,26.02
36.23,-75.41,26.08
36.23,-75.39,26.14
36.23,-75.37,26.11
36.23,-75.35,26.13
36.23,-75.33,26.14
36.23,-75.31,26.17
36.23,-75.29,26.18
36.23,-75.27,26.19
36.23,-75.25,26.25
36.23,-75.23,26.33
36.23,-75.21,26.33
36.23,-75.19,26.39
36.23,-75.17,26.41
36.23,-75.15,26.37
36.23,-75.13,26.27
36.23,-75.11,26.19
36.23,-75.09,26.22
36.23,-75.07,26.28
36.23,-75.05,26.36
36.23,-75.03,26.36
36.23,-75.01,26.38
36.23,-74.99,26.37
36.23,-74.97,26.41
36.23,-74.95,26.43
36.23,-74.93,26.46
36.23,-74.91,26.88
36.23,-74.89,27.09
36.23,-74.87,27.23
36.23,-74.85,27.38
36.23,-74.83,27.67
36.23,-74.81,27.68
36.23,-74.79,27.54
36.23,-74.77,26.83
36.23,-74.75,25.85
36.23,-74.73,25.95
36.23,-74.35,26.8
36.23,-74.33,26.87
36.23,-74.31,26.81
36.23,-74.29,26.72
36.23,-74.27,26.65
36.23,-74.25,26.62
36.23,-74.23,26.76
36.23,-74.21,26.83
36.23,-74.19,26.81
36.23,-74.17,26.81
36.23,-74.15,27.07
36.23,-74.13,27.38
36.23,-74.11,27.38
36.23,-74.09,27.37
36.23,-74.07,27.4
36.23,-74.05,27.61
36.23,-74.03,27.73
36.23,-74.01,27.72
36.23,-73.89,28.9
36.23,-73.87,28.94
36.23,-73.57,29.13
36.23,-73.55,29.11
36.23,-72.97,28.39
36.23,-72.93,28.29
36.23,-72.91,28.12
36.23,-72.89,28.04
36.23,-72.87,28.05
36.23,-72.85,28.12
36.23,-72.83,28.14
36.23,-72.81,28.13
36.23,-72.79,28.05
36.23,-72.77,27.86
36.23,-72.75,27.8
36.23,-72.71,27.78
36.23,-72.63,27.72
36.21,-75.73,25.3
36.21,-75.71,25.08
36.21,-75.69,24.96
36.21,-75.67,25.0
36.21,-75.63,24.84
36.21,-75.61,24.84
36.21,-75.59,24.73
36.21,-75.55,24.67
36.21,-75.53,24.92
36.21,-75.51,25.24
36.21,-75.49,25.74
36.21,-75.47,25.99
36.21,-75.45,26.09
36.21,-75.43,26.13
36.21,-75.41,26.12
36.21,-75.39,26.15
36.21,-75.37,26.18
36.21,-75.35,26.15
36.21,-75.33,26.16
36.21,-75.31,26.18
36.21,-75.29,26.21
36.21,-75.27,26.24
36.21,-75.25,26.3
36.21,-75.23,26.33
36.21,-75.21,26.38
36.21,-75.19,26.41
36.21,-75.17,26.39
36.21,-75.15,26.4
36.21,-75.13,26.36
36.21,-75.11,26.3
36.21,-75.09,26.27
36.21,-75.07,26.3
36.21,-75.05,26.39
36.21,-75.03,26.4
36.21,-75.01,26.47
36.21,-74.99,26.48
36.21,-74.97,26.57
36.21,-74.95,26.67
36.21,-74.93,26.74
36.21,-74.91,27.03
36.21,-74.89,27.4
36.21,-74.87,27.28
36.21,-74.85,27.52
36.21,-74.83,27.62
36.21,-74.77,26.34
36.21,-74.75,25.88
36.21,-74.73,25.83
36.21,-74.71,26.48
36.21,-74.37,26.76
36.21,-74.35,26.84
36.21,-74.33,26.9
36.21,-74.31,26.88
36.21,-74.29,26.83
36.21,-74.27,26.88
36.21,-74.25,26.89
36.21,-74.23,26.93
36.21,-74.21,26.98
36.21,-74.19,26.98
36.21,-74.17,26.97
36.21,-74.15,27.27
36.21,-74.13,27.44
36.21,-74.11,27.48
36.21,-74.09,27.44
36.21,-74.07,27.36
36.21,-74.05,27.37
36.21,-74.03,27.39
36.21,-73.87,29.14
36.21,-73.85,29.18
36.21,-73.83,29.27
36.21,-73.81,29.3
36.21,-73.79,29.35
36.21,-73.77,29.36
36.21,-73.57,29.12
36.21,-73.55,29.08
36.21,-72.99,28.44
36.21,-72.97,28.44
36.21,-72.93,28.34
36.21,-72.91,28.09
36.21,-72.89,28.09
36.21,-72.85,28.18
36.21,-72.83,28.16
36.21,-72.81,28.12
36.21,-72.77,27.77
36.21,-72.75,27.76
36.21,-72.73,27.77
36.21,-72.71,27.77
36.21,-72.69,27.74
36.19,-76.45,27.09
36.19,-76.27,27.2
36.19,-75.77,25.88
36.19,-75.63,24.79
36.19,-75.61,24.79
36.19,-75.55,24.68
36.19,-75.53,24.77
36.19,-75.51,25.15
36.19,-75.49,25.53
36.19,-75.47,25.97
36.19,-75.45,26.08
36.19,-75.43,26.15
36.19,-75.41,26.15
36.19,-75.39,26.18
36.19,-75.37,26.19
36.19,-75.35,26.18
36.19,-75.33,26.16
36.19,-75.31,26.16
36.19,-75.29,26.2
36.19,-75.27,26.23
36.19,-75.25,26.28
36.19,-75.23,26.35
36.19,-75.21,26.4
36.19,-75.19,26.39
36.19,-75.17,26.37
36.19,-75.15,26.34
36.19,-75.13,26.29
36.19,-75.11,26.24
36.19,-75.09,26.19
36.19,-75.07,26.36
36.19,-75.05,26.54
36.19,-75.03,26.63
36.19,-75.01,26.76
36.19,-74.99,26.86
36.19,-74.97,26.85
36.19,-74.95,26.97
36.19,-74.93,27.08
36.19,-74.91,27.38
36.19,-74.89,27.53
36.19,-74.87,27.43
36.19,-74.85,27.58
36.19,-74.83,27.66
36.19,-74.41,26.94
36.19,-74.39,26.94
36.19,-74.37,26.87
36.19,-74.35,26.82
36.19,-74.33,26.86
36.19,-74.31,26.87
36.19,-74.29,26.89
36.19,-74.27,26.95
36.19,-74.25,26.97
36.19,-74.23,27.01
36.19,-74.21,27.11
36.19,-74.19,27.21
36.19,-74.17,27.42
36.19,-74.15,27.48
36.19,-74.13,27.43
36.19,-74.11,27.36
36.19,-74.09,27.38
36.19,-74.07,27.39
36.19,-74.05,27.42
36.19,-73.87,29.15
36.19,-73.85,29.23
36.19,-73.83,29.32
36.19,-73.81,29.36
36.19,-73.79,29.36
36.19,-73.77,29.35
36.19,-73.71,29.36
36.19,-73.03,28.47
36.19,-72.99,28.47
36.19,-72.97,28.47
36.19,-72.93,28.33
36.19,-72.85,28.21
36.19,-72.83,28.19
36.19,-72.77,27.83
36.19,-72.49,27.62
36.17,-76.43,27.11
36.17,-76.41,27.12
36.17,-76.25,27.08
36.17,-75.53,24.81
36.17,-75.51,25.07
36.17,-75.49,25.41
36.17,-75.47,25.92
36.17,-75.45,26.04
36.17,-75.43,26.14
36.17,-75.41,26.14
36.17,-75.39,26.19
36.17,-75.37,26.2
36.17,-75.35,26.18
36.17,-75.33,26.12
36.17,-75.31,26.14
36.17,-75.29,26.19
36.17,-75.27,26.27
36.17,-75.25,26.31
36.17,-75.23,26.38
36.17,-75.21,26.38
36.17,-75.19,26.36
36.17,-75.17,26.31
36.17,-75.15,26.25
36.17,-75.13,26.23
36.17,-75.11,26.12
36.17,-75.09,26.02
36.17,-75.07,26.32
36.17,-75.05,26.59
36.17,-75.03,26.86
36.17,-75.01,27.0
36.17,-74.99,27.05
36.17,-74.97,27.21
36.17,-74.95,27.27
36.17,-74.93,27.42
36.17,-74.91,27.59
36.17,-74.89,27.62
36.17,-74.87,27.45
36.17,-74.85,27.42
36.17,-74.83,27.58
36.17,-74.47,26.99
36.17,-74.45,26.98
36.17,-74.43,27.0
36.17,-74.41,26.92
36.17,-74.39,26.87
36.17,-74.37,26.87
36.17,-74.35,26.87
36.17,-74.33,26.9
36.17,-74.31,26.92
36.17,-74.29,26.95
36.17,-74.27,27.02
36.17,-74.25,27.04
36.17,-74.23,27.05
36.17,-74.21,27.28
36.17,-74.19,27.31
36.17,-74.17,27.33
36.17,-74.15,27.37
36.17,-74.13,27.39
36.17,-74.11,27.43
36.17,-74.09,27.55
36.17,-73.93,28.93
36.17,-73.87,29.24
36.17,-73.85,29.27
36.17,-73.83,29.41
36.17,-73.81,29.42
36.17,-73.77,29.36
36.17,-73.75,29.37
36.17,-73.59,29.06
36.17,-73.13,28.66
36.17,-73.05,28.45
36.17,-73.03,28.44
36.17,-72.89,28.12
36.17,-72.87,28.12
36.17,-72.85,28.13
36.17,-72.83,28.15
36.17,-72.77,27.83
36.15,-76.41,27.15
36.15,-76.39,27.19
36.15,-76.23,27.04
36.15,-75.51,25.0
36.15,-75.49,25.35
36.15,-75.47,25.61
36.15,-75.45,25.88
36.15,-75.43,26.07
36.15,-75.41,26.14
36.15,-75.39,26.15
36.15,-75.37,26.17
36.15,-75.35,26.18
36.15,-75.33,26.17
36.15,-75.31,26.13
36.15,-75.29,26.15
36.15,-75.27,26.31
36.15,-75.25,26.38
36.15,-75.23,26.39
36.15,-75.21,26.41
36.15,-75.19,26.42
36.15,-75.17,26.19
36.15,-75.15,26.19
36.15,-75.13,26.17
36.15,-75.11,26.09
36.15,-75.09,26.07
36.15,-75.07,26.42
36.15,-75.05,26.52
36.15,-75.03,26.87
36.15,-75.01,27.13
36.15,-74.99,27.27
36.15,-74.97,27.3
36.15,-74.95,27.43
36.15,-74.93,27.55
36.15,-74.91,27.59
36.15,-74.89,27.56
36.15,-74.87,27.2
36.15,-74.85,27.29
36.15,-74.83,27.38
36.15,-74.49,26.82
36.15,-74.47,26.8
36.15,-74.45,26.78
36.15,-74.43,26.85
36.15,-74.41,26.88
36.15,-74.39,26.88
36.15,-74.37,26.86
36.15,-74.35,26.91
36.15,-74.33,26.91
36.15,-74.31,26.98
36.15,-74.29,27.02
36.15,-74.27,27.1
36.15,-74.25,27.18
36.15,-74.23,27.34
36.15,-74.21,27.35
36.15,-74.19,27.34
36.15,-74.15,27.37
36.15,-73.89,29.24
36.15,-73.87,29.29
36.15,-73.85,29.31
36.15,-73.83,29.34
36.15,-73.81,29.33
36.15,-73.79,29.35
36.15,-73.77,29.35
36.15,-73.75,29.32
36.15,-72.91,28.08
36.15,-72.87,28.14
36.15,-72.85,28.14
36.15,-72.83,28.12
36.15,-72.81,28.05
36.13,-76.35,27.45
36.13,-76.33,27.41
36.13,-76.21,26.97
36.13,-75.77,25.91
36.13,-75.51,24.92
36.13,-75.49,25.3
36.13,-75.47,25.57
36.13,-75.45,25.74
36.13,-75.43,25.95
36.13,-75.41,26.04
36.13,-75.39,26.07
36.13,-75.37,26.13
36.13,-75.35,26.15
36.13,-75.33,26.12
36.13,-75.31,26.18
36.13,-75.29,26.25
36.13,-75.27,26.32
36.13,-75.25,26.37
36.13,-75.23,26.41
36.13,-75.21,26.42
36.13,-75.19,26.4
36.13,-75.17,26.22
36.13,-75.15,26.12
36.13,-75.13,26.06
36.13,-75.11,26.08
36.13,-75.09,26.27
36.13,-75.07,26.64
36.13,-75.05,26.95
36.13,-75.03,26.98
36.13,-75.01,27.15
36.13,-74.99,27.29
36.13,-74.97,27.25
36.13,-74.95,27.34
36.13,-74.93,27.47
36.13,-74.91,27.55
36.13,-74.89,27.57
36.13,-74.87,27.39
36.13,-74.85,27.29
36.13,-74.83,27.29
36.13,-74.77,27.01
36.13,-74.75,26.99
36.13,-74.71,26.81
36.13,-74.47,26.79
36.13,-74.45,26.87
36.13,-74.43,26.85
36.13,-74.41,26.89
36.13,-74.39,26.91
36.13,-74.37,26.97
36.13,-74.35,27.03
36.13,-74.33,27.01
36.13,-74.31,27.16
36.13,-74.29,27.26
36.13,-74.27,27.29
36.13,-74.25,27.37
36.13,-74.23,27.48
36.13,-74.21,27.54
36.13,-73.97,29.05
36.13,-73.95,29.07
36.13,-73.93,29.11
36.13,-73.91,29.19
36.13,-73.87,29.32
36.13,-73.81,29.29
36.13,-73.79,29.35
36.13,-73.77,29.34
36.13,-73.73,29.07
36.13,-73.71,29.01
36.13,-73.69,29.02
36.13,-73.03,28.44
36.13,-73.01,28.47
36.13,-72.97,28.38
36.13,-72.87,28.1
36.13,-72.85,28.11
36.13,-72.83,28.03
36.13,-72.81,27.94
36.13,-72.79,27.91
36.11,-76.71,29.19
36.11,-76.69,27.93
36.11,-76.33,27.37
36.11,-76.31,27.05
36.11,-76.29,26.95
36.11,-75.53,24.98
36.11,-75.51,24.96
36.11,-75.49,25.29
36.11,-75.47,25.58
36.11,-75.45,25.71
36.11,-75.43,25.86
36.11,-75.41,25.95
36.11,-75.39,25.98
36.11,-75.37,26.08
36.11,-75.35,26.11
36.11,-75.33,26.1
36.11,-75.31,26.13
36.11,-75.29,26.3
36.11,-75.27,26.35
36.11,-75.25,26.36
36.11,-75.23,26.37
36.11,-75.21,26.4
36.11,-75.19,26.41
36.11,-75.17,26.3
36.11,-75.15,26.03
36.11,-75.13,25.84
36.11,-75.11,25.95
36.11,-75.09,26.08
36.11,-75.07,26.92
36.11,-75.05,27.03
36.11,-75.03,27.09
36.11,-75.01,27.19
36.11,-74.99,27.32
36.11,-74.97,27.37
36.11,-74.95,27.39
36.11,-74.93,27.42
36.11,-74.91,27.57
36.11,-74.89,27.66
36.11,-74.87,27.47
36.11,-74.85,27.01
36.11,-74.83,26.92
36.11,-74.81,26.74
36.11,-74.79,26.9
36.11,-74.77,27.03
36.11,-74.75,26.88
36.11,-74.73,26.56
36.11,-74.71,26.78
36.11,-74.47,26.85
36.11,-74.45,26.87
36.11,-74.43,26.8
36.11,-74.41,26.9
36.11,-74.39,26.93
36.11,-74.37,27.08
36.11,-74.35,27.14
36.11,-74.33,27.25
36.11,-74.31,27.31
36.11,-74.29,27.46
36.11,-74.27,27.74
36.11,-74.25,27.94
36.11,-74.23,28.2
36.11,-74.21,28.5
36.11,-74.19,28.49
36.11,-73.99,29.02
36.11,-73.97,29.07
36.11,-73.95,29.1
36.11,-73.93,29.12
36.11,-73.87,29.32
36.11,-73.79,29.33
36.11,-73.73,29.17
36.11,-73.71,29.06
36.11,-73.69,29.06
36.11,-73.67,29.06
36.11,-73.09,28.3
36.11,-73.07,28.33
36.11,-72.97,28.27
36.11,-72.95,28.21
36.11,-72.93,28.06
36.11,-72.83,27.98
36.11,-72.81,27.95
36.11,-72.79,27.9
36.09,-75.53,25.03
36.09,-75.51,25.17
36.09,-75.49,25.35
36.09,-75.47,25.58
36.09,-75.45,25.65
36.09,-75.43,25.8
36.09,-75.41,25.89
36.09,-75.39,25.93
36.09,-75.37,26.03
36.09,-75.35,26.12
36.09,-75.33,26.1
36.09,-75.31,26.1
36.09,-75.29,26.26
36.09,-75.27,26.4
36.09,-75.25,26.4
36.09,-75.23,26.36
36.09,-75.21,26.37
36.09,-75.19,26.38
36.09,-75.17,26.3
36.09,-75.15,25.97
36.09,-75.13,25.85
36.09,-75.11,26.03
36.09,-75.09,26.29
36.09,-75.07,26.88
36.09,-75.05,27.04
36.09,-75.03,27.12
36.09,-75.01,27.21
36.09,-74.99,27.3
36.09,-74.97,27.44
36.09,-74.95,27.54
36.09,-74.93,27.59
36.09,-74.91,27.59
36.09,-74.89,27.5
36.09,-74.87,27.16
36.09,-74.85,27.06
36.09,-74.83,26.99
36.09,-74.81,26.88
36.09,-74.79,26.85
36.09,-74.77,26.87
36.09,-74.75,26.53
36.09,-74.73,26.86
36.09,-74.49,26.85
36.09,-74.47,26.85
36.09,-74.45,26.86
36.09,-74.43,26.96
36.09,-74.41,27.08
36.09,-74.39,27.1
36.09,-74.37,27.15
36.09,-74.35,27.19
36.09,-74.33,27.31
36.09,-74.31,28.13
36.09,-74.29,28.21
36.09,-74.27,28.32
36.09,-74.25,28.44
36.09,-74.11,28.63
36.09,-74.09,28.66
36.09,-74.01,29.03
36.09,-73.99,29.04
36.09,-73.97,29.06
36.09,-73.95,29.12
36.09,-73.83,29.36
36.09,-73.81,29.35
36.09,-73.75,29.15
36.09,-73.73,29.11
36.09,-73.71,29.08
36.09,-73.21,28.64
36.09,-73.11,28.35
36.09,-73.07,28.42
36.09,-73.05,28.41
36.09,-73.03,28.37
36.09,-73.01,28.36
36.09,-72.95,28.13
36.09,-72.93,28.06
36.09,-72.87,28.1
36.07,-76.39,26.94
36.07,-76.37,26.93
36.07,-76.35,26.85
36.07,-76.33,26.72
36.07,-76.31,26.74
36.07,-75.51,25.08
36.07,-75.49,25.23
36.07,-75.47,25.52
36.07,-75.45,25.6
36.07,-75.43,25.74
36.07,-75.41,25.83
36.07,-75.39,25.91
36.07,-75.37,25.95
36.07,-75.35,26.1
36.07,-75.33,26.07
36.07,-75.31,26.11
36.07,-75.29,26.22
36.07,-75.27,26.37
36.07,-75.25,26.41
36.07,-75.23,26.36
36.07,-75.21,26.33
36.07,-75.19,26.34
36.07,-75.17,26.2
36.07,-75.15,25.85
36.07,-75.13,25.79
36.07,-75.11,26.2
36.07,-75.09,26.71
36.07,-75.07,26.79
36.07,-75.05,26.98
36.07,-75.03,27.15
36.07,-75.01,27.26
36.07,-74.99,27.4
36.07,-74.97,27.55
36.07,-74.95,27.67
36.07,-74.93,27.65
36.07,-74.91,27.49
36.07,-74.89,27.46
36.07,-74.87,27.17
36.07,-74.85,27.18
36.07,-74.83,27.12
36.07,-74.81,26.71
36.07,-74.79,26.78
36.07,-74.77,26.84
36.07,-74.75,26.81
36.07,-74.73,26.89
36.07,-74.71,26.92
36.07,-74.51,26.79
36.07,-74.49,26.8
36.07,-74.47,26.9
36.07,-74.45,27.09
36.07,-74.43,27.18
36.07,-74.41,27.39
36.07,-74.39,27.5
36.07,-74.37,27.72
36.07,-74.35,27.85
36.07,-74.33,27.97
36.07,-74.31,28.16
36.07,-74.29,28.21
36.07,-74.13,28.56
36.07,-74.11,28.72
36.07,-74.09,28.79
36.07,-74.03,29.04
36.07,-74.01,29.06
36.07,-73.99,29.11
36.07,-73.83,29.36
36.07,-73.77,29.15
36.07,-73.75,29.12
36.07,-73.73,29.1
36.07,-73.31,28.63
36.07,-73.23,28.56
36.07,-73.11,28.4
36.07,-73.09,28.41
36.07,-73.07,28.45
36.07,-73.05,28.46
36.05,-76.43,27.21
36.05,-76.41,27.19
36.05,-76.39,26.92
36.05,-76.37,26.95
36.05,-76.35,26.94
36.05,-76.33,26.68
36.05,-75.49,25.03
36.05,-75.47,25.38
36.05,-75.45,25.51
36.05,-75.43,25.67
36.05,-75.41,25.81
36.05,-75.39,25.87
36.05,-75.37,25.9
36.05,-75.35,26.0
36.05,-75.33,26.04
36.05,-75.31,26.11
36.05,-75.29,26.21
36.05,-75.27,26.31
36.05,-75.25,26.35
36.05,-75.23,26.33
36.05,-75.21,26.26
36.05,-75.19,26.28
36.05,-75.17,26.17
36.05,-75.15,25.74
36.05,-75.13,25.83
36.05,-75.11,26.49
36.05,-75.09,26.81
36.05,-75.07,26.85
36.05,-75.05,26.86
36.05,-75.03,27.31
36.05,-75.01,27.55
36.05,-74.99,27.58
36.05,-74.97,27.53
36.05,-74.95,27.59
36.05,-74.93,27.59
36.05,-74.91,27.51
36.05,-74.89,27.2
36.05,-74.87,27.22
36.05,-74.85,27.21
36.05,-74.83,27.06
36.05,-74.81,26.6
36.05,-74.79,26.58
36.05,-74.53,26.88
36.05,-74.51,26.95
36.05,-74.49,27.01
36.05,-74.47,27.03
36.05,-74.45,27.35
36.05,-74.43,27.58
36.05,-74.41,27.8
36.05,-74.39,27.78
36.05,-74.37,27.78
36.05,-74.35,27.92
36.05,-74.33,28.07
36.05,-74.31,28.16
36.05,-74.29,28.24
36.05,-74.15,28.47
36.05,-74.13,28.58
36.05,-74.11,28.73
36.05,-74.09,28.85
36.05,-74.07,28.96
36.05,-74.05,29.1
36.05,-74.01,29.11
36.05,-73.99,29.15
36.05,-73.97,29.19
36.05,-73.89,29.36
36.05,-73.85,29.37
36.05,-73.83,29.36
36.05,-73.77,29.11
36.05,-73.75,29.1
36.05,-73.73,29.06
36.05,-73.71,28.9
36.05,-73.69,28.91
36.05,-73.11,28.44
36.05,-73.07,28.46
36.05,-72.41,27.56
36.05,-72.39,27.57
36.05,-72.37,27.57
36.03,-76.45,27.25
36.03,-76.43,27.13
36.03,-76.41,27.13
36.03,-76.39,26.85
36.03,-76.37,26.83
36.03,-76.35,26.78
36.03,-76.33,26.71
36.03,-75.49,25.01
36.03,-75.47,25.25
36.03,-75.45,25.48
36.03,-75.43,25.65
36.03,-75.41,25.75
36.03,-75.39,25.8
36.03,-75.37,25.85
36.03,-75.35,25.84
36.03,-75.33,25.99
36.03,-75.31,26.06
36.03,-75.29,26.2
36.03,-75.27,26.26
36.03,-75.25,26.33
36.03,-75.23,26.32
36.03,-75.21,26.22
36.03,-75.19,26.25
36.03,-75.17,26.16
36.03,-75.15,25.83
36.03,-75.13,25.84
36.03,-75.11,26.49
36.03,-75.09,26.81
36.03,-75.07,26.84
36.03,-75.05,27.39
36.03,-75.03,27.54
36.03,-75.01,27.53
36.03,-74.99,27.53
36.03,-74.97,27.54
36.03,-74.95,27.53
36.03,-74.93,27.54
36.03,-74.91,27.51
36.03,-74.89,27.2
36.03,-74.87,27.12
36.03,-74.85,27.09
36.03,-74.83,27.04
36.03,-74.81,26.79
36.03,-74.61,26.69
36.03,-74.59,26.69
36.03,-74.57,26.68
36.03,-74.55,26.73
36.03,-74.53,26.99
36.03,-74.51,27.21
36.03,-74.49,27.32
36.03,-74.47,27.43
36.03,-74.45,27.63
36.03,-74.43,27.93
36.03,-74.41,27.78
36.03,-74.39,27.75
36.03,-74.37,27.79
36.03,-74.35,28.13
36.03,-74.33,28.19
36.03,-74.31,28.18
36.03,-74.29,28.4
36.03,-74.27,28.43
36.03,-74.13,28.93
36.03,-74.11,28.98
36.03,-74.09,29.1
36.03,-74.07,29.14
36.03,-74.05,29.16
36.03,-73.95,29.32
36.03,-73.89,29.4
36.03,-73.87,29.42
36.03,-73.85,29.37
36.03,-73.83,29.27
36.03,-73.81,29.2
36.03,-73.79,29.17
36.03,-73.77,29.11
36.03,-73.71,28.83
36.03,-73.69,28.79
36.03,-73.07,28.44
36.03,-72.35,27.61
36.03,-72.31,27.61
36.03,-72.29,27.61
36.01,-76.55,27.35
36.01,-76.51,27.23
36.01,-76.49,27.16
36.01,-76.47,27.14
36.01,-76.45,27.12
36.01,-76.43,27.1
36.01,-76.35,26.51
36.01,-76.33,26.42
36.01,-75.49,25.1
36.01,-75.47,25.33
36.01,-75.45,25.42
36.01,-75.43,25.61
36.01,-75.41,25.71
36.01,-75.39,25.75
36.01,-75.37,25.74
36.01,-75.35,25.77
36.01,-75.33,25.89
36.01,-75.31,26.06
36.01,-75.29,26.14
36.01,-75.27,26.23
36.01,-75.25,26.3
36.01,-75.23,26.31
36.01,-75.21,26.23
36.01,-75.19,26.2
36.01,-75.17,26.07
36.01,-75.15,25.8
36.01,-75.13,25.72
36.01,-75.11,26.48
36.01,-75.09,26.74
36.01,-75.07,27.12
36.01,-75.05,27.48
36.01,-75.03,27.41
36.01,-75.01,27.43
36.01,-74.99,27.47
36.01,-74.97,27.48
36.01,-74.95,27.46
36.01,-74.93,27.46
36.01,-74.91,27.33
36.01,-74.89,27.17
36.01,-74.87,27.04
36.01,-74.85,26.98
36.01,-74.83,26.76
36.01,-74.81,26.71
36.01,-74.65,26.8
36.01,-74.63,26.78
36.01,-74.61,26.82
36.01,-74.59,26.87
36.01,-74.57,26.91
36.01,-74.55,27.16
36.01,-74.53,27.27
36.01,-74.51,27.35
36.01,-74.49,27.7
36.01,-74.47,27.84
36.01,-74.45,28.01
36.01,-74.43,27.8
36.01,-74.41,27.68
36.01,-74.39,27.68
36.01,-74.29,28.34
36.01,-74.27,28.43
36.01,-74.17,28.74
36.01,-74.15,28.79
36.01,-74.13,28.93
36.01,-74.11,29.02
36.01,-74.09,29.14
36.01,-74.07,29.2
36.01,-74.05,29.25
36.01,-74.03,29.22
36.01,-74.01,29.2
36.01,-73.99,29.13
36.01,-73.97,29.17
36.01,-73.95,29.27
36.01,-73.85,29.27
36.01,-73.83,29.21
36.01,-73.81,29.17
36.01,-73.79,29.15
36.01,-73.13,28.35
36.01,-73.11,28.36
36.01,-72.37,27.55
36.01,-72.35,27.56
36.01,-72.33,27.57
36.01,-72.31,27.58
36.01,-72.29,27.59
36.01,-72.27,27.6
36.01,-72.25,27.61
36.01,-72.23,27.63
36.01,-72.21,27.57
35.99,-76.67,27.78
35.99,-76.49,27.16
35.99,-76.45,27.07
35.99,-76.43,27.08
35.99,-76.39,26.42
35.99,-76.37,26.39
35.99,-76.35,26.4
35.99,-76.33,26.0
35.99,-76.31,25.92
35.99,-75.49,25.18
35.99,-75.47,25.26
35.99,-75.45,25.41
35.99,-75.43,25.51
35.99,-75.41,25.63
35.99,-75.39,25.7
35.99,-75.37,25.75
35.99,-75.35,25.76
35.99,-75.33,25.8
35.99,-75.31,26.04
35.99,-75.29,26.13
35.99,-75.27,26.19
35.99,-75.25,26.26
35.99,-75.23,26.26
35.99,-75.21,26.21
35.99,-75.19,26.14
35.99,-75.17,26.03
35.99,-75.15,25.85
35.99,-75.13,25.87
35.99,-75.11,26.71
35.99,-75.09,26.77
35.99,-75.07,27.39
35.99,-75.05,27.31
35.99,-75.03,27.29
35.99,-75.01,27.3
35.99,-74.99,27.37
35.99,-74.97,27.4
35.99,-74.95,27.4
35.99,-74.93,27.34
35.99,-74.91,27.1
35.99,-74.89,27.06
35.99,-74.87,26.99
35.99,-74.85,26.87
35.99,-74.83,26.79
35.99,-74.81,26.67
35.99,-74.79,26.43
35.99,-74.77,26.46
35.99,-74.75,26.46
35.99,-74.73,26.51
35.99,-74.71,26.56
35.99,-74.69,26.66
35.99,-74.67,26.88
35.99,-74.65,26.89
35.99,-74.63,26.93
35.99,-74.61,26.98
35.99,-74.59,27.11
35.99,-74.57,27.21
35.99,-74.55,27.23
35.99,-74.53,27.37
35.99,-74.51,27.59
35.99,-74.49,28.08
35.99,-74.47,28.18
35.99,-74.45,27.98
35.99,-74.43,27.77
35.99,-74.41,27.76
35.99,-74.39,27.86
35.99,-74.37,28.42
35.99,-74.29,28.15
35.99,-74.27,28.34
35.99,-74.25,28.41
35.99,-74.19,28.75
35.99,-74.17,28.79
35.99,-74.15,28.84
35.99,-74.13,28.9
35.99,-74.11,29.14
35.99,-74.09,29.16
35.99,-73.97,29.24
35.99,-73.95,29.27
35.99,-73.89,29.3
35.99,-73.87,29.3
35.99,-73.81,29.11
35.99,-73.55,28.54
35.99,-73.53,28.59
35.99,-73.51,28.62
35.99,-73.13,28.35
35.99,-73.11,28.34
35.99,-73.09,28.34
35.99,-73.07,28.28
35.99,-72.59,27.67
35.99,-72.43,27.49
35.99,-72.41,27.54
35.99,-72.35,27.51
35.99,-72.33,27.52
35.99,-72.31,27.52
35.99,-72.29,27.57
35.99,-72.27,27.57
35.99,-72.25,27.55
35.99,-72.23,27.57
35.99,-72.21,27.55
35.97,-76.71,27.61
35.97,-76.69,27.94
35.97,-76.67,28.04
35.97,-76.37,26.31
35.97,-76.35,26.24
35.97,-76.33,25.87
35.97,-76.31,25.81
35.97,-75.49,25.1
35.97,-75.47,25.15
35.97,-75.45,25.24
35.97,-75.43,25.36
35.97,-75.41,25.57
35.97,-75.39,25.65
35.97,-75.37,25.73
35.97,-75.35,25.76
35.97,-75.33,25.83
35.97,-75.31,25.95
35.97,-75.29,26.17
35.97,-75.27,26.23
35.97,-75.25,26.26
35.97,-75.23,26.2
35.97,-75.21,26.2
35.97,-75.19,26.12
35.97,-75.17,25.94
35.97,-75.15,25.91
35.97,-75.13,26.21
35.97,-75.11,26.76
35.97,-75.09,27.09
35.97,-75.07,27.25
35.97,-75.05,27.19
35.97,-75.03,27.15
35.97,-75.01,27.18
35.97,-74.99,27.23
35.97,-74.97,27.26
35.97,-74.95,27.33
35.97,-74.93,27.12
35.97,-74.91,27.09
35.97,-74.89,27.02
35.97,-74.87,26.94
35.97,-74.85,26.84
35.97,-74.83,26.78
35.97,-74.81,26.5
35.97,-74.79,26.39
35.97,-74.77,26.63
35.97,-74.75,26.49
35.97,-74.73,26.49
35.97,-74.71,26.64
35.97,-74.69,26.66
35.97,-74.67,26.9
35.97,-74.65,27.03
35.97,-74.63,27.1
35.97,-74.61,27.13
35.97,-74.59,27.17
35.97,-74.57,27.23
35.97,-74.55,27.24
35.97,-74.53,27.4
35.97,-74.51,27.7
35.97,-74.49,27.94
35.97,-74.47,27.87
35.97,-74.45,27.91
35.97,-74.43,27.9
35.97,-74.41,28.52
35.97,-74.39,28.49
35.97,-74.37,28.47
35.97,-74.29,28.06
35.97,-74.21,28.81
35.97,-74.19,28.88
35.97,-74.17,28.91
35.97,-74.15,28.92
35.97,-74.11,29.2
35.97,-74.09,29.24
35.97,-73.89,29.29
35.97,-73.85,29.19
35.97,-73.83,29.18
35.97,-73.81,29.14
35.97,-73.67,28.27
35.97,-73.19,28.38
35.97,-73.17,28.36
35.97,-73.13,28.4
35.97,-73.09,28.33
35.97,-73.07,28.28
35.97,-73.05,28.28
35.97,-72.67,27.65
35.97,-72.65,27.64
35.97,-72.63,27.67
35.97,-72.61,27.7
35.97,-72.59,27.69
35.97,-72.45,27.45
35.97,-72.43,27.46
35.97,-72.39,27.48
35.97,-72.35,27.49
35.97,-72.33,27.48
35.97,-72.31,27.52
35.97,-72.29,27.53
35.97,-72.27,27.57
35.97,-72.25,27.54
35.97,-72.23,27.55
35.97,-72.21,27.54
35.95,-76.71,28.12
35.95,-76.69,28.18
35.95,-76.67,28.31
35.95,-76.65,28.22
35.95,-76.63,28.04
35.95,-76.37,25.84
35.95,-76.35,25.91
35.95,-76.33,25.89
35.95,-75.49,25.1
35.95,-75.47,25.08
35.95,-75.45,25.09
35.95,-75.43,25.21
35.95,-75.41,25.52
35.95,-75.39,25.61
35.95,-75.37,25.69
35.95,-75.35,25.77
35.95,-75.33,25.82
35.95,-75.31,26.0
35.95,-75.29,26.2
35.95,-75.27,26.23
35.95,-75.25,26.23
35.95,-75.23,26.21
35.95,-75.21,26.19
35.95,-75.19,26.04
35.95,-75.17,25.95
35.95,-75.15,26.03
35.95,-75.13,26.59
35.95,-75.11,26.72
35.95,-75.09,27.1
35.95,-75.07,27.05
35.95,-75.05,27.05
35.95,-75.03,27.08
35.95,-75.01,27.09
35.95,-74.99,27.12
35.95,-74.97,27.17
35.95,-74.95,27.1
35.95,-74.93,27.04
35.95,-74.91,27.05
35.95,-74.89,26.97
35.95,-74.87,26.94
35.95,-74.85,26.72
35.95,-74.83,26.58
35.95,-74.81,26.64
35.95,-74.79,26.68
35.95,-74.77,26.73
35.95,-74.75,26.76
35.95,-74.73,26.7
35.95,-74.71,26.78
35.95,-74.69,26.86
35.95,-74.67,26.88
35.95,-74.65,27.01
35.95,-74.63,27.07
35.95,-74.61,27.17
35.95,-74.59,27.3
35.95,-74.57,27.35
35.95,-74.55,27.48
35.95,-74.53,27.61
35.95,-74.51,27.62
35.95,-74.49,27.74
35.95,-74.47,28.24
35.95,-74.45,28.39
35.95,-74.43,28.54
35.95,-74.41,28.47
35.95,-74.39,28.36
35.95,-74.37,28.33
35.95,-74.23,28.86
35.95,-74.21,28.88
35.95,-74.19,28.96
35.95,-74.17,28.96
35.95,-74.15,29.1
35.95,-74.13,29.23
35.95,-74.09,29.32
35.95,-74.07,29.31
35.95,-74.05,29.31
35.95,-74.03,29.35
35.95,-74.01,29.37
35.95,-73.97,29.34
35.95,-73.91,29.31
35.95,-73.89,29.2
35.95,-73.87,29.18
35.95,-73.85,29.2
35.95,-73.23,28.35
35.95,-73.21,28.36
35.95,-73.19,28.3
35.95,-73.17,28.31
35.95,-73.09,28.33
35.95,-73.07,28.29
35.95,-72.67,27.6
35.95,-72.65,27.62
35.95,-72.63,27.66
35.95,-72.61,27.64
35.95,-72.59,27.55
35.95,-72.57,27.52
35.95,-72.55,27.53
35.95,-72.53,27.57
35.95,-72.51,27.55
35.95,-72.39,27.49
35.95,-72.37,27.52
35.95,-72.35,27.53
35.95,-72.33,27.48
35.95,-72.31,27.48
35.95,-72.29,27.53
35.95,-72.27,27.58
35.95,-72.25,27.59
35.95,-72.23,27.6
35.95,-72.21,27.61
35.93,-76.31,25.94
35.93,-76.29,25.77
35.93,-76.27,25.86
35.93,-75.45,25.06
35.93,-75.43,25.24
35.93,-75.41,25.5
35.93,-75.39,25.58
35.93,-75.37,25.66
35.93,-75.35,25.74
35.93,-75.33,25.95
35.93,-75.31,26.06
35.93,-75.29,26.16
35.93,-75.27,26.23
35.93,-75.25,26.22
35.93,-75.23,26.19
35.93,-75.21,26.11
35.93,-75.19,26.07
35.93,-75.17,26.47
35.93,-75.15,26.77
35.93,-75.13,26.71
35.93,-75.11,26.95
35.93,-75.09,26.93
35.93,-75.07,26.94
35.93,-75.05,26.98
35.93,-75.03,27.02
35.93,-75.01,27.03
35.93,-74.99,27.07
35.93,-74.97,27.1
35.93,-74.95,27.05
35.93,-74.93,26.99
35.93,-74.91,27.01
35.93,-74.89,26.9
35.93,-74.87,26.64
35.93,-74.85,26.56
35.93,-74.83,26.57
35.93,-74.81,26.7
35.93,-74.79,26.72
35.93,-74.77,26.73
35.93,-74.75,26.77
35.93,-74.73,26.84
35.93,-74.71,26.9
35.93,-74.69,26.95
35.93,-74.67,27.0
35.93,-74.65,27.13
35.93,-74.63,27.21
35.93,-74.61,27.26
35.93,-74.59,27.41
35.93,-74.57,27.46
35.93,-74.55,27.6
35.93,-74.53,27.6
35.93,-74.51,28.08
35.93,-74.49,28.26
35.93,-74.47,28.4
35.93,-74.45,28.44
35.93,-74.43,28.42
35.93,-74.41,28.35
35.93,-74.39,28.33
35.93,-74.37,28.33
35.93,-74.35,28.39
35.93,-74.33,28.38
35.93,-74.31,28.36
35.93,-74.29,28.34
35.93,-74.23,28.95
35.93,-74.21,28.93
35.93,-74.19,28.95
35.93,-74.17,29.05
35.93,-74.15,29.19
35.93,-74.13,29.27
35.93,-74.11,29.34
35.93,-74.09,29.32
35.93,-74.07,29.31
35.93,-74.05,29.31
35.93,-74.03,29.34
35.93,-73.89,29.22
35.93,-73.87,29.19
35.93,-73.85,29.18
35.93,-73.69,28.35
35.93,-73.43,28.74
35.93,-73.41,28.74
35.93,-73.23,28.39
35.93,-73.19,28.29
35.93,-73.15,28.36
35.93,-73.13,28.34
35.93,-73.11,28.36
35.93,-72.69,27.46
35.93,-72.67,27.43
35.93,-72.65,27.47
35.93,-72.63,27.48
35.93,-72.61,27.53
35.93,-72.59,27.54
35.93,-72.57,27.57
35.93,-72.55,27.53
35.93,-72.53,27.53
35.93,-72.51,27.56
35.93,-72.47,27.54
35.93,-72.45,27.53
35.93,-72.43,27.54
35.93,-72.33,27.62
35.93,-72.31,27.64
35.93,-72.29,27.67
35.93,-72.27,27.72
35.93,-72.25,27.74
35.93,-72.23,27.73
35.93,-72.21,27.7
35.91,-75.43,25.31
35.91,-75.41,25.47
35.91,-75.39,25.6
35.91,-75.37,25.68
35.91,-75.35,25.86
35.91,-75.33,25.95
35.91,-75.31,26.05
35.91,-75.29,26.15
35.91,-75.27,26.18
35.91,-75.25,26.2
35.91,-75.23,26.13
35.91,-75.21,26.09
35.91,-75.19,26.32
35.91,-75.17,26.63
35.91,-75.15,26.62
35.91,-75.13,26.78
35.91,-75.11,26.9
35.91,-75.09,26.91
35.91,-75.07,26.92
35.91,-75.05,26.96
35.91,-75.03,26.99
35.91,-75.01,27.01
35.91,-74.99,27.07
35.91,-74.97,27.09
35.91,-74.95,27.11
35.91,-74.93,27.01
35.91,-74.91,26.95
35.91,-74.89,26.63
35.91,-74.87,26.59
35.91,-74.85,26.69
35.91,-74.83,26.78
35.91,-74.81,26.79
35.91,-74.79,26.82
35.91,-74.77,26.82
35.91,-74.75,26.82
35.91,-74.73,26.89
35.91,-74.71,26.96
35.91,-74.69,27.0
35.91,-74.67,27.13
35.91,-74.65,27.22
35.91,-74.63,27.27
35.91,-74.61,27.32
35.91,-74.59,27.36
35.91,-74.57,27.45
35.91,-74.55,27.94
35.91,-74.53,28.09
35.91,-74.51,28.26
35.91,-74.49,28.35
35.91,-74.47,28.38
35.91,-74.45,28.38
35.91,-74.43,28.36
35.91,-74.41,28.37
35.91,-74.39,28.36
35.91,-74.31,28.4
35.91,-74.25,28.91
35.91,-74.23,28.94
35.91,-74.21,28.94
35.91,-74.17,29.15
35.91,-74.15,29.24
35.91,-74.13,29.29
35.91,-74.11,29.38
35.91,-74.09,29.44
35.91,-74.01,29.41
35.91,-73.81,28.69
35.91,-73.79,28.71
35.91,-73.67,28.43
35.91,-73.65,28.44
35.91,-73.43,28.69
35.91,-73.41,28.72
35.91,-73.29,28.3
35.91,-73.27,28.3
35.91,-73.23,28.35
35.91,-73.21,28.35
35.91,-73.19,28.34
35.91,-73.17,28.36
35.91,-73.15,28.35
35.91,-73.05,28.33
35.91,-72.79,27.45
35.91,-72.77,27.47
35.91,-72.71,27.47
35.91,-72.69,27.45
35.91,-72.67,27.41
35.91,-72.65,27.5
35.91,-72.63,27.53
35.91,-72.61,27.56
35.91,-72.59,27.57
35.91,-72.57,27.6
35.91,-72.55,27.58
35.91,-72.53,27.6
35.91,-72.51,27.58
35.91,-72.49,27.59
35.91,-72.47,27.59
35.91,-72.45,27.57
35.91,-72.43,27.56
35.91,-72.41,27.54
35.91,-72.37,27.6
35.91,-72.35,27.61
35.91,-72.33,27.61
35.91,-72.31,27.63
35.91,-72.29,27.62
35.91,-72.27,27.66
35.91,-72.25,27.7
35.91,-72.23,27.67
35.91,-72.21,27.64
35.89,-75.43,25.35
35.89,-75.41,25.5
35.89,-75.39,25.61
35.89,-75.37,25.81
35.89,-75.35,25.87
35.89,-75.33,25.97
35.89,-75.31,26.03
35.89,-75.29,26.11
35.89,-75.27,26.13
35.89,-75.25,26.11
35.89,-75.23,26.08
35.89,-75.21,26.14
35.89,-75.19,26.52
35.89,-75.17,26.61
35.89,-75.15,26.59
35.89,-75.13,26.84
35.89,-75.11,26.9
35.89,-75.09,26.96
35.89,-75.07,26.96
35.89,-75.05,26.98
35.89,-75.03,27.0
35.89,-75.01,27.04
35.89,-74.99,27.09
35.89,-74.97,27.12
35.89,-74.95,27.04
35.89,-74.93,26.94
35.89,-74.89,26.59
35.89,-74.87,26.65
35.89,-74.85,26.72
35.89,-74.83,26.82
35.89,-74.81,26.83
35.89,-74.79,26.85
35.89,-74.77,26.89
35.89,-74.75,26.89
35.89,-74.73,26.97
35.89,-74.71,27.01
35.89,-74.69,27.05
35.89,-74.67,27.17
35.89,-74.65,27.2
35.89,-74.63,27.24
35.89,-74.61,27.27
35.89,-74.59,27.36
35.89,-74.57,27.84
35.89,-74.55,28.02
35.89,-74.53,28.25
35.89,-74.51,28.35
35.89,-74.49,28.43
35.89,-74.47,28.47
35.89,-74.45,28.49
35.89,-74.43,28.44
35.89,-74.37,28.39
35.89,-74.35,28.41
35.89,-74.27,28.76
35.89,-74.25,28.86
35.89,-74.23,28.91
35.89,-74.13,29.31
35.89,-74.11,29.37
35.89,-74.09,29.39
35.89,-74.07,29.33
35.89,-74.05,29.3
35.89,-73.81,28.62
35.89,-73.49,28.69
35.89,-73.47,28.71
35.89,-73.45,28.7
35.89,-73.43,28.68
35.89,-73.35,28.34
35.89,-73.33,28.33
35.89,-73.27,28.27
35.89,-73.25,28.3
35.89,-73.23,28.3
35.89,-73.21,28.31
35.89,-73.19,28.29
35.89,-73.15,28.21
35.89,-73.13,28.22
35.89,-73.11,28.25
35.89,-72.79,27.46
35.89,-72.77,27.48
35.89,-72.73,27.53
35.89,-72.71,27.5
35.89,-72.69,27.55
35.89,-72.67,27.57
35.89,-72.65,27.54
35.89,-72.63,27.57
35.89,-72.61,27.59
35.89,-72.59,27.59
35.89,-72.57,27.6
35.89,-72.55,27.57
35.89,-72.53,27.6
35.89,-72.51,27.62
35.89,-72.49,27.59
35.89,-72.47,27.57
35.89,-72.45,27.55
35.89,-72.43,27.55
35.89,-72.41,27.51
35.89,-72.39,27.51
35.89,-72.37,27.58
35.89,-72.35,27.6
35.89,-72.33,27.6
35.89,-72.31,27.61
35.89,-72.29,27.61
35.89,-72.27,27.61
35.89,-72.25,27.61
35.89,-72.21,27.6
35.87,-75.43,25.27
35.87,-75.41,25.43
35.87,-75.39,25.6
35.87,-75.37,25.82
35.87,-75.35,25.87
35.87,-75.33,25.93
35.87,-75.31,26.02
35.87,-75.29,26.09
35.87,-75.27,26.09
35.87,-75.25,26.02
35.87,-75.23,26.11
35.87,-75.21,26.51
35.87,-75.19,26.49
35.87,-75.17,26.48
35.87,-75.15,26.76
35.87,-75.13,26.93
35.87,-75.11,26.89
35.87,-75.09,27.0
35.87,-75.07,27.02
35.87,-75.05,27.02
35.87,-75.03,27.05
35.87,-75.01,27.07
35.87,-74.99,27.07
35.87,-74.97,27.04
35.87,-74.95,26.99
35.87,-74.89,26.66
35.87,-74.87,26.73
35.87,-74.85,26.88
35.87,-74.83,26.94
35.87,-74.81,26.93
35.87,-74.79,26.9
35.87,-74.77,26.95
35.87,-74.75,26.99
35.87,-74.73,27.02
35.87,-74.71,27.02
35.87,-74.69,26.99
35.87,-74.67,27.06
35.87,-74.65,27.23
35.87,-74.63,27.28
35.87,-74.61,27.34
35.87,-74.59,27.69
35.87,-74.57,27.9
35.87,-74.55,28.13
35.87,-74.53,28.44
35.87,-74.51,28.48
35.87,-74.49,28.52
35.87,-74.47,28.5
35.87,-74.45,28.5
35.87,-74.43,28.49
35.87,-74.39,28.36
35.87,-74.37,28.37
35.87,-74.35,28.39
35.87,-74.15,29.28
35.87,-74.13,29.27
35.87,-74.11,29.3
35.87,-74.07,29.37
35.87,-74.05,29.35
35.87,-73.89,28.98
35.87,-73.43,28.67
35.87,-73.37,28.32
35.87,-73.35,28.27
35.87,-73.33,28.26
35.87,-73.31,28.26
35.87,-73.27,28.29
35.87,-73.25,28.26
35.87,-73.23,28.25
35.87,-73.21,28.27
35.87,-73.19,28.25
35.87,-73.17,28.25
35.87,-73.15,28.24
35.87,-73.09,28.36
35.87,-72.83,27.58
35.87,-72.81,27.59
35.87,-72.73,27.54
35.87,-72.71,27.5
35.87,-72.69,27.55
35.87,-72.67,27.61
35.87,-72.65,27.58
35.87,-72.63,27.6
35.87,-72.61,27.59
35.87,-72.59,27.57
35.87,-72.57,27.57
35.87,-72.55,27.55
35.87,-72.53,27.58
35.87,-72.51,27.59
35.87,-72.49,27.56
35.87,-72.47,27.52
35.87,-72.45,27.56
35.87,-72.43,27.55
35.87,-72.41,27.5
35.87,-72.39,27.51
35.87,-72.37,27.55
35.87,-72.35,27.58
35.87,-72.33,27.56
35.87,-72.31,27.55
35.87,-72.27,27.59
35.85,-75.43,25.21
35.85,-75.41,25.29
35.85,-75.39,25.54
35.85,-75.37,25.8
35.85,-75.35,25.85
35.85,-75.33,25.87
35.85,-75.31,25.96
35.85,-75.29,26.0
35.85,-75.27,25.92
35.85,-75.25,26.07
35.85,-75.23,26.31
35.85,-75.21,26.57
35.85,-75.19,26.46
35.85,-75.17,26.38
35.85,-75.15,26.55
35.85,-75.13,26.81
35.85,-75.11,26.9
35.85,-75.09,27.04
35.85,-75.07,27.08
35.85,-75.05,27.09
35.85,-75.03,27.08
35.85,-75.01,27.07
35.85,-74.99,26.99
35.85,-74.97,26.97
35.85,-74.95,26.97
35.85,-74.87,26.79
35.85,-74.85,26.93
35.85,-74.83,26.97
35.85,-74.81,26.96
35.85,-74.79,26.96
35.85,-74.77,26.99
35.85,-74.75,27.0
35.85,-74.73,26.97
35.85,-74.71,26.92
35.85,-74.69,26.83
35.85,-74.67,27.1
35.85,-74.65,27.21
35.85,-74.63,27.32
35.85,-74.61,27.35
35.85,-74.59,27.49
35.85,-74.57,27.91
35.85,-74.55,28.46
35.85,-74.53,28.53
35.85,-74.51,28.47
35.85,-74.49,28.44
35.85,-74.47,28.43
35.85,-74.45,28.46
35.85,-74.29,28.77
35.85,-74.23,28.96
35.85,-74.13,29.24
35.85,-74.07,29.37
35.85,-74.05,29.38
35.85,-74.03,29.36
35.85,-73.77,28.35
35.85,-73.75,28.36
35.85,-73.33,28.26
35.85,-73.31,28.28
35.85,-73.27,28.35
35.85,-73.25,28.32
35.85,-73.23,28.34
35.85,-73.17,28.25
35.85,-72.95,27.96
35.85,-72.93,27.95
35.85,-72.81,27.59
35.85,-72.77,27.44
35.85,-72.75,27.44
35.85,-72.73,27.41
35.85,-72.71,27.48
35.85,-72.69,27.6
35.85,-72.67,27.61
35.85,-72.65,27.63
35.85,-72.63,27.59
35.85,-72.61,27.57
35.85,-72.59,27.56
35.85,-72.57,27.58
35.85,-72.55,27.56
35.85,-72.53,27.54
35.85,-72.51,27.54
35.85,-72.49,27.5
35.85,-72.47,27.48
35.85,-72.45,27.51
35.85,-72.43,27.51
35.85,-72.41,27.49
35.85,-72.39,27.54
35.85,-72.33,27.53
35.85,-72.31,27.52
35.85,-72.21,27.48
35.83,-75.41,25.29
35.83,-75.39,25.76
35.83,-75.37,25.87
35.83,-75.35,25.79
35.83,-75.33,25.87
35.83,-75.31,25.93
35.83,-75.29,25.84
35.83,-75.27,25.82
35.83,-75.25,26.06
35.83,-75.23,26.56
35.83,-75.21,26.48
35.83,-75.19,26.41
35.83,-75.15,26.72
35.83,-75.13,26.82
35.83,-75.11,26.93
35.83,-75.09,27.1
35.83,-75.07,27.11
35.83,-75.05,27.14
35.83,-75.03,27.13
35.83,-75.01,26.99
35.83,-74.99,26.97
35.83,-74.97,26.95
35.83,-74.85,26.95
35.83,-74.83,26.97
35.83,-74.81,26.95
35.83,-74.79,26.91
35.83,-74.77,26.95
35.83,-74.75,26.95
35.83,-74.73,26.91
35.83,-74.71,26.84
35.83,-74.69,26.88
35.83,-74.67,27.05
35.83,-74.65,27.15
35.83,-74.63,27.24
35.83,-74.61,27.29
35.83,-74.59,27.56
35.83,-74.57,28.05
35.83,-74.55,28.51
35.83,-74.53,28.47
35.83,-74.51,28.4
35.83,-74.49,28.41
35.83,-74.47,28.45
35.83,-74.45,28.48
35.83,-74.39,28.48
35.83,-74.37,28.49
35.83,-74.23,29.0
35.83,-74.05,29.38
35.83,-74.03,29.37
35.83,-74.01,29.38
35.83,-73.77,28.41
35.83,-73.75,28.41
35.83,-73.27,28.35
35.83,-73.25,28.32
35.83,-73.23,28.37
35.83,-72.95,27.96
35.83,-72.93,27.96
35.83,-72.91,27.96
35.83,-72.89,27.8
35.83,-72.87,27.6
35.83,-72.83,27.52
35.83,-72.81,27.53
35.83,-72.79,27.48
35.83,-72.77,27.45
35.83,-72.75,27.42
35.83,-72.73,27.4
35.83,-72.71,27.48
35.83,-72.69,27.59
35.83,-72.67,27.59
35.83,-72.65,27.57
35.83,-72.63,27.54
35.83,-72.61,27.54
35.83,-72.59,27.53
35.83,-72.57,27.56
35.83,-72.55,27.55
35.83,-72.53,27.52
35.83,-72.51,27.52
35.83,-72.49,27.49
35.83,-72.47,27.51
35.83,-72.45,27.51
35.83,-72.43,27.48
35.83,-72.41,27.46
35.83,-72.39,27.49
35.83,-72.23,27.62
35.83,-72.21,27.66
35.81,-75.41,25.28
35.81,-75.39,25.79
35.81,-75.37,25.91
35.81,-75.35,25.82
35.81,-75.33,25.86
35.81,-75.31,25.87
35.81,-75.29,25.85
35.81,-75.27,25.91
35.81,-75.25,26.4
35.81,-75.23,26.56
35.81,-75.21,26.35
35.81,-75.19,26.3
35.81,-75.15,26.79
35.81,-75.13,26.88
35.81,-75.11,26.94
35.81,-75.09,27.02
35.81,-75.07,27.15
35.81,-75.05,27.2
35.81,-75.03,27.21
35.81,-75.01,27.01
35.81,-74.87,26.84
35.81,-74.85,26.91
35.81,-74.83,26.93
35.81,-74.81,26.88
35.81,-74.79,26.74
35.81,-74.77,26.7
35.81,-74.75,26.82
35.81,-74.73,26.84
35.81,-74.71,26.94
35.81,-74.69,27.01
35.81,-74.67,27.1
35.81,-74.65,27.2
35.81,-74.63,27.26
35.81,-74.61,27.35
35.81,-74.59,27.96
35.81,-74.57,28.42
35.81,-74.55,28.41
35.81,-74.53,28.39
35.81,-74.51,28.4
35.81,-74.49,28.38
35.81,-74.47,28.38
35.81,-74.31,28.93
35.81,-74.29,28.96
35.81,-74.27,28.97
35.81,-74.25,29.07
35.81,-74.23,29.12
35.81,-74.07,29.36
35.81,-73.99,29.26
35.81,-73.97,29.21
35.81,-73.33,28.42
35.81,-73.31,28.44
35.81,-73.29,28.46
35.81,-73.27,28.45
35.81,-73.23,28.39
35.81,-73.21,28.37
35.81,-72.91,27.71
35.81,-72.89,27.57
35.81,-72.87,27.53
35.81,-72.85,27.48
35.81,-72.83,27.49
35.81,-72.81,27.47
35.81,-72.79,27.45
35.81,-72.77,27.46
35.81,-72.75,27.43
35.81,-72.67,27.52
35.81,-72.65,27.51
35.81,-72.63,27.51
35.81,-72.61,27.55
35.81,-72.59,27.57
35.81,-72.57,27.57
35.81,-72.55,27.58
35.81,-72.53,27.55
35.81,-72.51,27.54
35.81,-72.49,27.55
35.81,-72.45,27.51
35.79,-75.41,25.43
35.79,-75.39,25.82
35.79,-75.37,25.86
35.79,-75.35,25.86
35.79,-75.33,25.86
35.79,-75.31,25.8
35.79,-75.29,25.93
35.79,-75.27,26.12
35.79,-75.25,26.39
35.79,-75.23,26.6
35.79,-75.21,26.42
35.79,-75.19,26.32
35.79,-75.11,27.05
35.79,-75.09,27.12
35.79,-75.07,27.17
35.79,-75.05,27.16
35.79,-75.03,27.12
35.79,-74.91,26.67
35.79,-74.89,26.74
35.79,-74.87,26.83
35.79,-74.85,26.84
35.79,-74.83,26.79
35.79,-74.81,26.7
35.79,-74.79,26.65
35.79,-74.75,26.72
35.79,-74.73,26.77
35.79,-74.71,26.93
35.79,-74.69,27.05
35.79,-74.67,27.14
35.79,-74.65,27.23
35.79,-74.63,27.67
35.79,-74.61,28.3
35.79,-74.59,28.36
35.79,-74.57,28.37
35.79,-74.55,28.31
35.79,-74.53,28.32
35.79,-74.27,29.14
35.79,-74.25,29.13
35.79,-74.23,29.14
35.79,-74.21,29.17
35.79,-73.99,29.23
35.79,-73.85,28.23
35.79,-73.83,28.24
35.79,-73.33,28.39
35.79,-73.31,28.41
35.79,-73.29,28.45
35.79,-73.27,28.43
35.79,-72.91,27.59
35.79,-72.89,27.57
35.79,-72.87,27.52
35.79,-72.85,27.49
35.79,-72.83,27.52
35.79,-72.81,27.54
35.79,-72.73,27.58
35.79,-72.71,27.57
35.79,-72.69,27.52
35.79,-72.67,27.48
35.79,-72.65,27.49
35.79,-72.63,27.6
35.79,-72.61,27.6
35.79,-72.59,27.61
35.79,-72.57,27.58
35.79,-72.55,27.55
35.79,-72.53,27.59
35.79,-72.51,27.58
35.79,-72.49,27.55
35.79,-72.47,27.51
35.77,-75.41,25.63
35.77,-75.39,25.75
35.77,-75.37,25.83
35.77,-75.35,25.86
35.77,-75.33,25.81
35.77,-75.31,25.79
35.77,-75.29,25.77
35.77,-75.27,26.18
35.77,-75.25,26.42
35.77,-75.23,26.62
35.77,-75.15,26.84
35.77,-75.13,26.89
35.77,-75.11,27.04
35.77,-75.09,27.11
35.77,-75.07,27.17
35.77,-75.05,27.07
35.77,-75.03,27.01
35.77,-75.01,26.96
35.77,-74.97,26.74
35.77,-74.95,26.65
35.77,-74.93,26.72
35.77,-74.91,26.73
35.77,-74.89,26.73
35.77,-74.87,26.77
35.77,-74.85,26.76
35.77,-74.83,26.67
35.77,-74.81,26.66
35.77,-74.73,26.88
35.77,-74.71,26.92
35.77,-74.69,27.01
35.77,-74.67,27.09
35.77,-74.65,27.23
35.77,-74.63,27.98
35.77,-74.29,29.19
35.77,-74.27,29.19
35.77,-74.25,29.23
35.77,-74.23,29.24
35.77,-74.21,29.28
35.77,-73.85,28.33
35.77,-73.83,28.38
35.77,-73.81,28.48
35.77,-73.33,28.37
35.77,-73.31,28.34
35.77,-73.29,28.37
35.77,-73.27,28.36
35.77,-73.25,28.36
35.77,-73.23,28.34
35.77,-72.93,27.53
35.77,-72.87,27.5
35.77,-72.85,27.51
35.77,-72.83,27.52
35.77,-72.81,27.53
35.77,-72.79,27.54
35.77,-72.77,27.5
35.77,-72.75,27.5
35.77,-72.69,27.49
35.77,-72.67,27.5
35.77,-72.65,27.58
35.77,-72.63,27.62
35.77,-72.61,27.68
35.77,-72.59,27.62
35.77,-72.57,27.59
35.77,-72.55,27.6
35.77,-72.53,27.59
35.77,-72.51,27.59
35.77,-72.49,27.58
35.77,-72.45,27.57
35.77,-72.43,27.58
35.75,-75.41,25.6
35.75,-75.39,25.66
35.75,-75.37,25.73
35.75,-75.35,25.82
35.75,-75.33,25.72
35.75,-75.31,25.66
35.75,-75.29,25.77
35.75,-75.27,26.06
35.75,-75.25,26.48
35.75,-75.23,26.51
35.75,-75.21,26.5
35.75,-75.19,26.42
35.75,-75.17,26.68
35.75,-75.15,26.83
35.75,-75.13,26.9
35.75,-75.11,27.01
35.75,-75.09,27.04
35.75,-75.07,27.06
35.75,-75.05,27.01
35.75,-75.03,26.97
35.75,-75.01,26.91
35.75,-74.99,26.88
35.75,-74.97,26.8
35.75,-74.95,26.71
35.75,-74.93,26.73
35.75,-74.91,26.79
35.75,-74.89,26.76
35.75,-74.85,26.77
35.75,-74.83,26.77
35.75,-74.81,26.73
35.75,-74.79,26.74
35.75,-74.73,26.87
35.75,-74.71,26.93
35.75,-74.69,27.0
35.75,-74.67,27.07
35.75,-74.65,27.54
35.75,-74.37,29.08
35.75,-74.35,29.1
35.75,-74.33,29.16
35.75,-74.31,29.19
35.75,-74.29,29.18
35.75,-74.27,29.18
35.75,-74.25,29.19
35.75,-74.23,29.2
35.75,-74.13,29.29
35.75,-73.99,28.92
35.75,-73.97,28.87
35.75,-73.95,28.62
35.75,-73.93,28.43
35.75,-73.91,28.35
35.75,-73.89,28.33
35.75,-73.85,28.48
35.75,-73.83,28.49
35.75,-73.81,28.56
35.75,-73.67,28.76
35.75,-73.31,28.26
35.75,-72.91,27.53
35.75,-72.89,27.51
35.75,-72.87,27.46
35.75,-72.85,27.47
35.75,-72.81,27.51
35.75,-72.79,27.5
35.75,-72.77,27.49
35.75,-72.75,27.58
35.75,-72.73,27.62
35.75,-72.71,27.65
35.75,-72.63,27.58
35.75,-72.61,27.62
35.75,-72.59,27.6
35.75,-72.57,27.59
35.75,-72.55,27.57
35.75,-72.53,27.56
35.75,-72.51,27.52
35.75,-72.49,27.53
35.75,-72.47,27.52
35.73,-75.53,25.93
35.73,-75.41,25.58
35.73,-75.39,25.66
35.73,-75.37,25.76
35.73,-75.35,25.75
35.73,-75.33,25.4
35.73,-75.31,25.5
35.73,-75.29,25.89
35.73,-75.27,26.12
35.73,-75.25,26.29
35.73,-75.23,26.48
35.73,-75.21,26.53
35.73,-75.19,26.48
35.73,-75.17,26.62
35.73,-75.15,26.8
35.73,-75.13,26.91
35.73,-75.11,27.03
35.73,-75.09,27.09
35.73,-75.07,27.05
35.73,-75.05,26.96
35.73,-75.03,26.93
35.73,-75.01,26.91
35.73,-74.99,26.87
35.73,-74.97,26.83
35.73,-74.95,26.8
35.73,-74.93,26.78
35.73,-74.91,26.76
35.73,-74.89,26.75
35.73,-74.85,26.74
35.73,-74.83,26.73
35.73,-74.81,26.77
35.73,-74.79,26.78
35.73,-74.37,29.1
35.73,-74.35,29.13
35.73,-74.33,29.18
35.73,-74.31,29.22
35.73,-74.29,29.2
35.73,-74.27,29.22
35.73,-74.25,29.25
35.73,-74.05,29.23
35.73,-74.03,29.22
35.73,-74.01,29.09
35.73,-73.99,28.95
35.73,-73.97,28.88
35.73,-73.95,28.64
35.73,-73.93,28.37
35.73,-73.91,28.32
35.73,-73.89,28.31
35.73,-73.87,28.39
35.73,-73.85,28.43
35.73,-73.69,28.74
35.73,-73.35,28.2
35.73,-73.33,28.2
35.73,-73.31,28.2
35.73,-72.91,27.56
35.73,-72.87,27.51
35.73,-72.85,27.49
35.73,-72.83,27.49
35.73,-72.81,27.52
35.73,-72.75,27.59
35.73,-72.73,27.61
35.73,-72.71,27.61
35.73,-72.67,27.59
35.73,-72.65,27.62
35.73,-72.57,27.58
35.73,-72.55,27.57
35.73,-72.53,27.57
35.73,-72.51,27.54
35.71,-75.41,25.46
35.71,-75.39,25.55
35.71,-75.37,25.62
35.71,-75.35,25.47
35.71,-75.33,25.25
35.71,-75.31,25.47
35.71,-75.29,26.02
35.71,-75.27,26.18
35.71,-75.25,26.26
35.71,-75.23,26.31
35.71,-75.21,26.48
35.71,-75.19,26.6
35.71,-75.17,26.81
35.71,-75.15,26.85
35.71,-75.13,26.95
35.71,-75.11,27.04
35.71,-75.09,27.07
35.71,-75.07,26.98
35.71,-75.05,26.94
35.71,-75.03,26.95
35.71,-75.01,26.89
35.71,-74.99,26.88
35.71,-74.97,26.86
35.71,-74.95,26.83
35.71,-74.93,26.8
35.71,-74.91,26.74
35.71,-74.89,26.74
35.71,-74.83,26.73
35.71,-74.81,26.77
35.71,-74.79,26.78
35.71,-74.37,29.18
35.71,-74.35,29.17
35.71,-74.33,29.23
35.71,-74.31,29.25
35.71,-74.29,29.25
35.71,-74.27,29.25
35.71,-74.25,29.26
35.71,-74.03,29.1
35.71,-74.01,29.07
35.71,-73.99,28.99
35.71,-73.97,28.86
35.71,-73.95,28.57
35.71,-73.93,28.32
35.71,-73.91,28.37
35.71,-73.89,28.39
35.71,-73.87,28.43
35.71,-73.85,28.55
35.71,-73.33,28.21
35.71,-72.91,27.57
35.71,-72.89,27.51
35.71,-72.87,27.54
35.71,-72.85,27.52
35.71,-72.83,27.51
35.71,-72.81,27.51
35.71,-72.77,27.62
35.71,-72.75,27.61
35.71,-72.73,27.58
35.71,-72.71,27.55
35.71,-72.69,27.54
35.71,-72.67,27.56
35.71,-72.53,27.57
35.69,-75.39,25.56
35.69,-75.37,25.6
35.69,-75.35,25.35
35.69,-75.33,25.19
35.69,-75.29,25.87
35.69,-75.27,25.86
35.69,-75.25,25.93
35.69,-75.23,26.25
35.69,-75.21,26.48
35.69,-75.19,26.72
35.69,-75.17,26.84
35.69,-75.15,26.85
35.69,-75.13,27.08
35.69,-75.11,27.06
35.69,-75.09,27.03
35.69,-75.07,26.96
35.69,-75.05,26.94
35.69,-75.03,26.94
35.69,-75.01,26.93
35.69,-74.99,26.89
35.69,-74.97,26.87
35.69,-74.95,26.9
35.69,-74.93,26.93
35.69,-74.91,26.85
35.69,-74.89,26.71
35.69,-74.87,26.69
35.69,-74.31,29.32
35.69,-74.29,29.29
35.69,-74.27,29.31
35.69,-74.25,29.29
35.69,-74.23,29.38
35.69,-73.99,28.91
35.69,-73.97,28.69
35.69,-73.95,28.35
35.69,-73.93,28.37
35.69,-73.91,28.45
35.69,-73.89,28.45
35.69,-73.87,28.58
35.69,-73.85,28.61
35.69,-73.73,28.65
35.69,-73.47,28.3
35.69,-73.31,28.19
35.69,-73.29,28.23
35.69,-72.89,27.51
35.69,-72.87,27.55
35.69,-72.85,27.57
35.69,-72.77,27.59
35.69,-72.75,27.61
35.69,-72.55,27.61
35.69,-72.53,27.6
35.69,-72.35,27.59
35.67,-75.39,25.51
35.67,-75.37,25.56
35.67,-75.35,25.56
35.67,-75.33,25.5
35.67,-75.31,25.48
35.67,-75.27,25.55
35.67,-75.25,25.85
35.67,-75.23,26.18
35.67,-75.21,26.45
35.67,-75.19,26.8
35.67,-75.17,26.87
35.67,-75.15,26.87
35.67,-75.13,26.99
35.67,-75.11,27.08
35.67,-75.09,27.05
35.67,-75.07,27.03
35.67,-75.05,26.94
35.67,-75.03,26.97
35.67,-75.01,26.9
35.67,-74.99,26.91
35.67,-74.97,26.89
35.67,-74.95,27.0
35.67,-74.93,27.05
35.67,-74.27,29.26
35.67,-74.25,29.29
35.67,-74.23,29.36
35.67,-73.97,28.3
35.67,-73.95,28.33
35.67,-73.93,28.4
35.67,-73.91,28.45
35.67,-73.89,28.47
35.67,-73.87,28.6
35.67,-73.85,28.62
35.67,-73.83,28.58
35.67,-73.75,28.63
35.67,-73.73,28.65
35.67,-73.07,27.84
35.67,-72.97,27.68
35.67,-72.95,27.7
35.67,-72.93,27.64
35.67,-72.85,27.62
35.67,-72.79,27.63
35.67,-72.77,27.65
35.67,-72.57,27.61
35.67,-72.55,27.61
35.67,-72.37,27.61
35.67,-72.35,27.6
35.65,-75.51,25.88
35.65,-75.37,25.4
35.65,-75.35,25.52
35.65,-75.33,25.61
35.65,-75.31,25.57
35.65,-75.29,25.4
35.65,-75.27,25.59
35.65,-75.25,25.88
35.65,-75.23,26.14
35.65,-75.21,26.35
35.65,-75.19,26.57
35.65,-75.17,26.89
35.65,-75.15,26.92
35.65,-75.13,26.92
35.65,-75.11,27.0
35.65,-75.09,27.03
35.65,-75.07,27.05
35.65,-75.05,26.99
35.65,-75.03,26.96
35.65,-75.01,26.91
35.65,-74.99,26.91
35.65,-74.97,26.87
35.65,-74.95,26.92
35.65,-74.93,26.9
35.65,-74.91,26.8
35.65,-74.45,29.1
35.65,-73.99,28.36
35.65,-73.97,28.32
35.65,-73.95,28.35
35.65,-73.93,28.43
35.65,-73.91,28.47
35.65,-73.89,28.48
35.65,-73.87,28.5
35.65,-73.85,28.56
35.65,-73.83,28.6
35.65,-73.81,28.64
35.65,-73.41,28.14
35.65,-73.39,28.15
35.65,-73.07,27.86
35.65,-72.99,27.67
35.65,-72.97,27.67
35.65,-72.95,27.67
35.65,-72.91,27.62
35.65,-72.89,27.62
35.65,-72.81,27.6
35.65,-72.79,27.63
35.65,-72.77,27.66
35.65,-72.75,27.72
35.65,-72.73,27.71
35.65,-72.39,27.58
35.65,-72.37,27.56
35.63,-75.57,26.24
35.63,-75.55,26.17
35.63,-75.53,26.04
35.63,-75.51,25.87
35.63,-75.49,25.92
35.63,-75.35,25.23
35.63,-75.33,25.59
35.63,-75.31,25.56
35.63,-75.29,25.48
35.63,-75.27,25.33
35.63,-75.25,25.91
35.63,-75.23,26.13
35.63,-75.21,26.27
35.63,-75.19,26.37
35.63,-75.17,26.47
35.63,-75.15,26.85
35.63,-75.13,27.0
35.63,-75.11,26.94
35.63,-75.09,26.98
35.63,-75.07,26.97
35.63,-75.05,26.97
35.63,-75.03,26.95
35.63,-75.01,26.94
35.63,-74.99,26.84
35.63,-74.97,26.84
35.63,-74.95,26.86
35.63,-74.93,26.77
35.63,-74.75,28.26
35.63,-74.73,28.38
35.63,-74.47,29.06
35.63,-74.45,29.09
35.63,-74.43,29.17
35.63,-74.41,29.35
35.63,-73.95,28.37
35.63,-73.93,28.46
35.63,-73.91,28.51
35.63,-73.89,28.54
35.63,-73.87,28.55
35.63,-73.85,28.63
35.63,-73.83,28.69
35.63,-73.81,28.75
35.63,-73.25,27.99
35.63,-73.19,28.03
35.63,-73.17,28.01
35.63,-73.03,27.74
35.63,-73.01,27.69
35.63,-72.99,27.68
35.63,-72.97,27.68
35.63,-72.83,27.64
35.63,-72.81,27.65
35.63,-72.77,27.74
35.63,-72.75,27.72
35.63,-72.73,27.67
35.63,-72.63,27.64
35.63,-72.61,27.62
35.63,-72.59,27.57
35.63,-72.57,27.53
35.63,-72.55,27.51
35.63,-72.53,27.5
35.63,-72.51,27.52
35.63,-72.49,27.55
35.63,-72.37,27.52
35.63,-72.35,27.55
35.63,-72.33,27.61
35.63,-72.31,27.6
35.61,-75.63,26.35
35.61,-75.59,26.27
35.61,-75.57,26.4
35.61,-75.55,26.53
35.61,-75.53,26.28
35.61,-75.51,25.96
35.61,-75.49,25.98
35.61,-75.35,25.24
35.61,-75.33,25.44
35.61,-75.31,25.58
35.61,-75.29,25.47
35.61,-75.27,25.28
35.61,-75.25,25.3
35.61,-75.23,25.72
35.61,-75.21,26.15
35.61,-75.19,26.25
35.61,-75.17,26.47
35.61,-75.15,26.61
35.61,-75.13,26.82
35.61,-75.11,26.92
35.61,-75.09,26.91
35.61,-75.07,26.9
35.61,-75.05,26.89
35.61,-75.03,26.88
35.61,-75.01,26.82
35.61,-74.99,26.79
35.61,-74.97,26.78
35.61,-74.95,26.78
35.61,-74.77,28.26
35.61,-74.75,28.28
35.61,-74.51,28.94
35.61,-74.49,28.96
35.61,-73.97,28.3
35.61,-73.95,28.37
35.61,-73.93,28.47
35.61,-73.91,28.59
35.61,-73.89,28.64
35.61,-73.87,28.61
35.61,-73.85,28.68
35.61,-73.83,28.71
35.61,-73.81,28.75
35.61,-73.71,28.58
35.61,-73.33,27.93
35.61,-73.31,27.97
35.61,-73.29,28.0
35.61,-73.25,27.97
35.61,-73.23,27.96
35.61,-73.09,27.68
35.61,-73.07,27.67
35.61,-73.05,27.66
35.61,-73.03,27.67
35.61,-73.01,27.68
35.61,-72.99,27.68
35.61,-72.97,27.72
35.61,-72.95,27.75
35.61,-72.93,27.72
35.61,-72.91,27.7
35.61,-72.89,27.7
35.61,-72.87,27.74
35.61,-72.85,27.76
35.61,-72.83,27.74
35.61,-72.81,27.72
35.61,-72.79,27.74
35.61,-72.77,27.73
35.61,-72.75,27.67
35.61,-72.73,27.63
35.61,-72.67,27.65
35.61,-72.65,27.62
35.61,-72.63,27.57
35.61,-72.61,27.49
35.61,-72.59,27.52
35.61,-72.57,27.52
35.61,-72.55,27.54
35.61,-72.53,27.53
35.61,-72.51,27.52
35.61,-72.49,27.54
35.61,-72.37,27.53
35.61,-72.35,27.51
35.61,-72.33,27.53
35.61,-72.31,27.59
35.61,-72.29,27.63
35.59,-75.65,26.37
35.59,-75.63,26.35
35.59,-75.61,26.31
35.59,-75.59,26.36
35.59,-75.57,26.53
35.59,-75.55,26.65
35.59,-75.53,26.65
35.59,-75.51,26.68
35.59,-75.49,26.31
35.59,-75.35,25.39
35.59,-75.33,25.46
35.59,-75.31,25.54
35.59,-75.29,25.44
35.59,-75.27,25.37
35.59,-75.25,25.34
35.59,-75.23,25.29
35.59,-75.21,25.37
35.59,-75.19,26.08
35.59,-75.17,26.47
35.59,-75.15,26.62
35.59,-75.13,26.6
35.59,-75.11,26.8
35.59,-75.09,26.82
35.59,-75.07,26.84
35.59,-75.05,26.78
35.59,-75.03,26.7
35.59,-75.01,26.7
35.59,-74.99,26.7
35.59,-74.51,28.92
35.59,-73.97,28.34
35.59,-73.95,28.42
35.59,-73.93,28.51
35.59,-73.91,28.58
35.59,-73.89,28.65
35.59,-73.87,28.68
35.59,-73.85,28.68
35.59,-73.79,28.69
35.59,-73.77,28.63
35.59,-73.35,27.92
35.59,-73.33,27.9
35.59,-73.31,27.9
35.59,-73.29,27.91
35.59,-73.27,27.91
35.59,-73.23,27.91
35.59,-73.21,27.88
35.59,-73.13,27.61
35.59,-73.11,27.65
35.59,-73.09,27.67
35.59,-73.07,27.64
35.59,-73.05,27.65
35.59,-73.03,27.66
35.59,-73.01,27.7
35.59,-72.95,27.73
35.59,-72.93,27.7
35.59,-72.91,27.65
35.59,-72.89,27.62
35.59,-72.87,27.65
35.59,-72.85,27.64
35.59,-72.83,27.58
35.59,-72.81,27.51
35.59,-72.79,27.46
35.59,-72.77,27.67
35.59,-72.75,27.63
35.59,-72.67,27.71
35.59,-72.65,27.67
35.59,-72.63,27.59
35.59,-72.61,27.58
35.59,-72.59,27.59
35.59,-72.57,27.61
35.59,-72.55,27.58
35.59,-72.53,27.54
35.59,-72.51,27.56
35.59,-72.49,27.6
35.59,-72.47,27.59
35.59,-72.31,27.61
35.59,-72.29,27.62
35.57,-75.63,26.34
35.57,-75.61,26.27
35.57,-75.59,26.34
35.57,-75.57,26.64
35.57,-75.55,26.74
35.57,-75.53,26.71
35.57,-75.51,26.66
35.57,-75.49,26.17
35.57,-75.37,24.84
35.57,-75.35,25.38
35.57,-75.33,25.58
35.57,-75.31,25.64
35.57,-75.29,25.55
35.57,-75.27,25.3
35.57,-75.25,25.21
35.57,-75.23,25.19
35.57,-75.21,25.09
35.57,-75.19,25.7
35.57,-75.17,26.04
35.57,-75.15,26.28
35.57,-75.13,26.56
35.57,-75.11,26.57
35.57,-75.09,26.6
35.57,-75.07,26.73
35.57,-75.05,26.67
35.57,-75.03,26.62
35.57,-73.97,28.36
35.57,-73.95,28.42
35.57,-73.93,28.52
35.57,-73.91,28.6
35.57,-73.89,28.64
35.57,-73.87,28.65
35.57,-73.81,28.68
35.57,-73.41,28.04
35.57,-73.39,28.02
35.57,-73.37,27.92
35.57,-73.35,27.86
35.57,-73.33,27.83
35.57,-73.31,27.81
35.57,-73.29,27.82
35.57,-73.27,27.76
35.57,-73.21,27.78
35.57,-73.19,27.7
35.57,-73.17,27.65
35.57,-73.15,27.61
35.57,-73.13,27.63
35.57,-73.11,27.73
35.57,-73.09,27.73
35.57,-73.03,27.72
35.57,-73.01,27.74
35.57,-72.95,27.68
35.57,-72.93,27.65
35.57,-72.91,27.62
35.57,-72.89,27.64
35.57,-72.87,27.66
35.57,-72.85,27.69
35.57,-72.83,27.66
35.57,-72.81,27.51
35.57,-72.79,27.53
35.57,-72.77,27.69
35.57,-72.75,27.71
35.57,-72.73,27.71
35.57,-72.69,27.69
35.57,-72.67,27.71
35.57,-72.65,27.59
35.57,-72.63,27.56
35.57,-72.61,27.6
35.57,-72.59,27.62
35.57,-72.57,27.62
35.57,-72.55,27.63
35.57,-72.53,27.61
35.57,-72.51,27.54
35.57,-72.49,27.5
35.57,-72.47,27.5
35.57,-72.45,27.52
35.57,-72.43,27.55
35.57,-72.31,27.59
35.55,-76.65,27.35
35.55,-75.63,26.28
35.55,-75.61,26.23
35.55,-75.59,26.4
35.55,-75.57,26.73
35.55,-75.55,26.75
35.55,-75.53,26.76
35.55,-75.51,26.25
35.55,-75.49,26.14
35.55,-75.45,25.13
35.55,-75.43,25.04
35.55,-75.37,24.77
35.55,-75.35,25.07
35.55,-75.33,25.6
35.55,-75.31,25.65
35.55,-75.29,25.65
35.55,-75.27,25.56
35.55,-75.25,25.42
35.55,-75.23,25.39
35.55,-75.21,25.35
35.55,-75.19,25.24
35.55,-75.17,25.46
35.55,-75.15,26.01
35.55,-75.13,26.29
35.55,-75.11,26.38
35.55,-75.09,26.39
35.55,-75.07,26.44
35.55,-73.97,28.45
35.55,-73.95,28.54
35.55,-73.93,28.63
35.55,-73.91,28.65
35.55,-73.89,28.65
35.55,-73.87,28.66
35.55,-73.85,28.67
35.55,-73.41,27.91
35.55,-73.39,27.85
35.55,-73.37,27.85
35.55,-73.35,27.83
35.55,-73.33,27.79
35.55,-73.31,27.75
35.55,-73.29,27.77
35.55,-73.27,27.72
35.55,-73.25,27.69
35.55,-73.17,27.72
35.55,-73.15,27.66
35.55,-73.13,27.65
35.55,-73.11,27.7
35.55,-73.09,27.76
35.55,-73.07,27.71
35.55,-73.05,27.69
35.55,-73.03,27.72
35.55,-73.01,27.74
35.55,-72.89,27.72
35.55,-72.87,27.71
35.55,-72.85,27.73
35.55,-72.83,27.73
35.55,-72.81,27.7
35.55,-72.79,27.7
35.55,-72.77,27.75
35.55,-72.75,27.74
35.55,-72.73,27.69
35.55,-72.71,27.69
35.55,-72.69,27.68
35.55,-72.67,27.58
35.55,-72.65,27.55
35.55,-72.63,27.54
35.55,-72.61,27.59
35.55,-72.59,27.61
35.55,-72.57,27.57
35.55,-72.55,27.56
35.55,-72.53,27.57
35.55,-72.51,27.57
35.55,-72.49,27.57
35.55,-72.47,27.51
35.55,-72.43,27.58
35.55,-72.41,27.58
35.53,-75.63,26.29
35.53,-75.61,26.27
35.53,-75.59,26.6
35.53,-75.57,26.82
35.53,-75.55,26.86
35.53,-75.53,26.44
35.53,-75.51,26.16
35.53,-75.49,26.05
35.53,-75.45,25.12
35.53,-75.43,25.02
35.53,-75.35,25.14
35.53,-75.33,25.47
35.53,-75.31,25.51
35.53,-75.29,25.48
35.53,-75.27,25.5
35.53,-75.25,25.69
35.53,-75.23,25.59
35.53,-75.21,25.65
35.53,-75.19,25.79
35.53,-75.17,25.88
35.53,-75.15,25.93
35.53,-75.13,25.99
35.53,-75.11,26.12
35.53,-74.33,29.29
35.53,-73.99,28.51
35.53,-73.97,28.53
35.53,-73.95,28.62
35.53,-73.93,28.66
35.53,-73.91,28.65
35.53,-73.89,28.66
35.53,-73.87,28.68
35.53,-73.85,28.65
35.53,-73.43,27.94
35.53,-73.41,27.88
35.53,-73.39,27.85
35.53,-73.37,27.79
35.53,-73.35,27.78
35.53,-73.33,27.76
35.53,-73.31,27.73
35.53,-73.29,27.71
35.53,-73.27,27.69
35.53,-73.25,27.7
35.53,-73.15,27.66
35.53,-73.13,27.66
35.53,-73.11,27.73
35.53,-73.09,27.76
35.53,-73.07,27.74
35.53,-73.05,27.75
35.53,-73.03,27.75
35.53,-72.99,27.77
35.53,-72.97,27.81
35.53,-72.95,27.79
35.53,-72.89,27.7
35.53,-72.87,27.7
35.53,-72.85,27.7
35.53,-72.83,27.71
35.53,-72.81,27.71
35.53,-72.73,27.64
35.53,-72.71,27.59
35.53,-72.69,27.58
35.53,-72.67,27.62
35.53,-72.65,27.62
35.53,-72.61,27.59
35.53,-72.59,27.6
35.53,-72.57,27.55
35.53,-72.55,27.53
35.53,-72.53,27.58
35.53,-72.51,27.62
35.53,-72.49,27.59
35.53,-72.37,27.59
35.53,-72.35,27.57
35.51,-76.63,27.27
35.51,-75.63,26.36
35.51,-75.61,26.49
35.51,-75.59,26.72
35.51,-75.57,26.86
35.51,-75.55,26.91
35.51,-75.53,26.84
35.51,-75.51,26.04
35.51,-75.35,25.2
35.51,-75.33,25.37
35.51,-75.31,25.4
35.51,-75.29,25.39
35.51,-75.27,25.53
35.51,-75.25,25.63
35.51,-75.23,25.68
35.51,-75.21,25.79
35.51,-75.19,25.82
35.51,-75.17,25.83
35.51,-75.15,25.83
35.51,-75.13,25.84
35.51,-75.11,25.87
35.51,-73.99,28.57
35.51,-73.97,28.63
35.51,-73.95,28.63
35.51,-73.93,28.63
35.51,-73.91,28.64
35.51,-73.89,28.63
35.51,-73.87,28.64
35.51,-73.85,28.64
35.51,-73.43,27.93
35.51,-73.41,27.89
35.51,-73.39,27.89
35.51,-73.37,27.8
35.51,-73.35,27.78
35.51,-73.33,27.78
35.51,-73.31,27.76
35.51,-73.29,27.69
35.51,-73.27,27.72
35.51,-73.25,27.78
35.51,-73.23,27.81
35.51,-73.19,27.71
35.51,-73.13,27.84
35.51,-73.11,27.79
35.51,-73.09,27.79
35.51,-73.07,27.79
35.51,-73.05,27.76
35.51,-73.03,27.76
35.51,-73.01,27.74
35.51,-72.99,27.75
35.51,-72.95,27.77
35.51,-72.93,27.75
35.51,-72.85,27.75
35.51,-72.83,27.75
35.51,-72.81,27.72
35.51,-72.79,27.67
35.51,-72.77,27.65
35.51,-72.75,27.62
35.51,-72.73,27.62
35.51,-72.71,27.64
35.51,-72.69,27.66
35.51,-72.67,27.65
35.51,-72.65,27.59
35.51,-72.63,27.55
35.51,-72.59,27.58
35.51,-72.57,27.59
35.51,-72.55,27.61
35.51,-72.53,27.57
35.51,-72.51,27.53
35.51,-72.49,27.5
35.51,-72.47,27.45
35.51,-72.45,27.46
35.51,-72.37,27.55
35.51,-72.35,27.55
35.49,-76.99,27.99
35.49,-75.63,26.44
35.49,-75.61,26.46
35.49,-75.59,26.76
35.49,-75.57,26.94
35.49,-75.55,26.87
35.49,-75.53,26.92
35.49,-75.51,26.28
35.49,-75.49,26.06
35.49,-75.33,25.27
35.49,-75.31,25.36
35.49,-75.29,25.37
35.49,-75.27,25.43
35.49,-75.25,25.57
35.49,-75.23,25.64
35.49,-75.21,25.67
35.49,-75.19,25.7
35.49,-75.17,25.7
35.49,-75.15,25.69
35.49,-75.13,25.68
35.49,-74.07,28.73
35.49,-74.05,28.45
35.49,-74.03,28.42
35.49,-74.01,28.47
35.49,-73.99,28.56
35.49,-73.97,28.63
35.49,-73.95,28.61
35.49,-73.93,28.6
35.49,-73.91,28.6
35.49,-73.89,28.66
35.49,-73.87,28.59
35.49,-73.85,28.49
35.49,-73.77,28.53
35.49,-73.37,27.79
35.49,-73.35,27.78
35.49,-73.33,27.77
35.49,-73.29,27.7
35.49,-73.27,27.74
35.49,-73.19,27.71
35.49,-73.15,27.77
35.49,-73.11,27.74
35.49,-73.09,27.74
35.49,-73.01,27.74
35.49,-72.99,27.75
35.49,-72.97,27.75
35.49,-72.87,27.67
35.49,-72.85,27.7
35.49,-72.83,27.66
35.49,-72.81,27.67
35.49,-72.79,27.67
35.49,-72.77,27.63
35.49,-72.75,27.64
35.49,-72.73,27.63
35.49,-72.71,27.63
35.49,-72.69,27.65
35.49,-72.63,27.59
35.49,-72.61,27.6
35.49,-72.59,27.59
35.49,-72.57,27.62
35.49,-72.55,27.66
35.49,-72.53,27.58
35.49,-72.51,27.56
35.49,-72.49,27.55
35.49,-72.41,27.65
35.49,-72.39,27.64
35.49,-72.37,27.67
35.47,-76.97,28.04
35.47,-76.95,27.94
35.47,-76.93,27.94
35.47,-75.63,26.58
35.47,-75.61,26.78
35.47,-75.59,26.76
35.47,-75.57,26.89
35.47,-75.55,26.84
35.47,-75.53,26.8
35.47,-75.51,26.47
35.47,-75.49,26.15
35.47,-75.33,25.3
35.47,-75.31,25.3
35.47,-75.29,25.32
35.47,-75.27,25.43
35.47,-75.25,25.43
35.47,-75.23,25.46
35.47,-75.21,25.54
35.47,-75.19,25.54
35.47,-75.17,25.51
35.47,-75.15,25.57
35.47,-75.13,25.6
35.47,-74.09,28.83
35.47,-73.99,28.6
35.47,-73.97,28.6
35.47,-73.95,28.58
35.47,-73.93,28.58
35.47,-73.91,28.54
35.47,-73.89,28.53
35.47,-73.87,28.53
35.47,-73.85,28.42
35.47,-73.81,28.49
35.47,-73.79,28.49
35.47,-73.77,28.5
35.47,-73.65,28.11
35.47,-73.47,27.93
35.47,-73.45,27.91
35.47,-73.43,27.86
35.47,-73.37,27.8
35.47,-73.35,27.79
35.47,-73.33,27.76
35.47,-73.31,27.85
35.47,-73.29,27.86
35.47,-73.25,27.8
35.47,-73.11,27.72
35.47,-73.09,27.71
35.47,-72.97,27.7
35.47,-72.95,27.65
35.47,-72.93,27.6
35.47,-72.89,27.65
35.47,-72.87,27.65
35.47,-72.83,27.68
35.47,-72.81,27.7
35.47,-72.79,27.76
35.47,-72.77,27.73
35.47,-72.75,27.64
35.47,-72.73,27.63
35.47,-72.71,27.62
35.47,-72.61,27.65
35.47,-72.59,27.6
35.47,-72.57,27.62
35.47,-72.55,27.66
35.47,-72.53,27.61
35.47,-72.51,27.6
35.47,-72.49,27.61
35.47,-72.21,27.59
35.45,-76.97,28.0
35.45,-76.95,27.9
35.45,-76.93,27.94
35.45,-76.91,27.9
35.45,-76.89,27.74
35.45,-76.87,27.68
35.45,-76.85,27.59
35.45,-75.63,26.33
35.45,-75.61,26.39
35.45,-75.59,26.75
35.45,-75.57,26.88
35.45,-75.55,26.99
35.45,-75.53,26.78
35.45,-75.51,26.61
35.45,-75.31,25.24
35.45,-75.29,25.27
35.45,-75.27,25.39
35.45,-75.25,25.38
35.45,-75.23,25.39
35.45,-75.21,25.44
35.45,-75.19,25.42
35.45,-75.17,25.47
35.45,-75.15,25.54
35.45,-75.13,25.59
35.45,-74.09,28.7
35.45,-74.07,28.67
35.45,-74.03,28.49
35.45,-74.01,28.56
35.45,-73.99,28.56
35.45,-73.97,28.58
35.45,-73.95,28.56
35.45,-73.93,28.54
35.45,-73.91,28.53
35.45,-73.89,28.53
35.45,-73.87,28.47
35.45,-73.81,28.46
35.45,-73.79,28.43
35.45,-73.77,28.44
35.45,-73.75,28.34
35.45,-73.43,27.84
35.45,-73.41,27.83
35.45,-73.39,27.86
35.45,-73.35,27.81
35.45,-73.33,27.84
35.45,-73.31,27.83
35.45,-73.29,27.79
35.45,-73.27,27.8
35.45,-73.25,27.78
35.45,-73.23,27.75
35.45,-73.03,27.67
35.45,-72.95,27.64
35.45,-72.93,27.61
35.45,-72.91,27.67
35.45,-72.89,27.68
35.45,-72.87,27.68
35.45,-72.85,27.68
35.45,-72.83,27.69
35.45,-72.81,27.67
35.45,-72.79,27.69
35.45,-72.77,27.69
35.45,-72.75,27.68
35.45,-72.73,27.67
35.45,-72.63,27.63
35.45,-72.61,27.62
35.45,-72.59,27.64
35.45,-72.57,27.62
35.45,-72.55,27.63
35.45,-72.53,27.62
35.45,-72.47,27.63
35.45,-72.21,27.63
35.43,-76.89,27.79
35.43,-76.87,27.6
35.43,-76.85,27.58
35.43,-76.81,27.79
35.43,-76.79,27.75
35.43,-76.77,27.71
35.43,-75.63,26.28
35.43,-75.61,26.39
35.43,-75.59,26.67
35.43,-75.57,26.81
35.43,-75.55,26.98
35.43,-75.53,27.06
35.43,-75.51,26.81
35.43,-75.29,25.25
35.43,-75.19,25.42
35.43,-75.17,25.46
35.43,-74.93,27.65
35.43,-74.13,29.05
35.43,-74.11,28.85
35.43,-74.09,28.7
35.43,-74.07,28.64
35.43,-74.05,28.49
35.43,-74.03,28.55
35.43,-74.01,28.61
35.43,-73.99,28.61
35.43,-73.97,28.63
35.43,-73.95,28.62
35.43,-73.93,28.53
35.43,-73.91,28.53
35.43,-73.89,28.49
35.43,-73.87,28.51
35.43,-73.85,28.55
35.43,-73.83,28.59
35.43,-73.81,28.6
35.43,-73.79,28.61
35.43,-73.77,28.49
35.43,-73.75,28.3
35.43,-73.73,28.22
35.43,-73.41,27.89
35.43,-73.39,27.91
35.43,-73.31,27.74
35.43,-73.29,27.68
35.43,-73.27,27.69
35.43,-73.25,27.69
35.43,-73.23,27.62
35.43,-73.21,27.59
35.43,-73.01,27.67
35.43,-72.99,27.65
35.43,-72.97,27.62
35.43,-72.95,27.64
35.43,-72.93,27.63
35.43,-72.91,27.66
35.43,-72.89,27.71
35.43,-72.87,27.69
35.43,-72.85,27.66
35.43,-72.83,27.67
35.43,-72.81,27.68
35.43,-72.79,27.68
35.43,-72.77,27.65
35.43,-72.75,27.64
35.43,-72.63,27.59
35.43,-72.61,27.59
35.43,-72.59,27.58
35.43,-72.57,27.56
35.43,-72.55,27.54
35.43,-72.49,27.6
35.43,-72.27,27.59
35.41,-76.81,27.79
35.41,-76.79,27.74
35.41,-76.77,27.65
35.41,-76.75,27.58
35.41,-76.67,27.35
35.41,-75.65,26.31
35.41,-75.63,26.32
35.41,-75.61,26.46
35.41,-75.59,26.61
35.41,-75.57,26.83
35.41,-75.55,27.02
35.41,-75.53,27.28
35.41,-74.97,27.67
35.41,-74.95,27.78
35.41,-74.93,27.82
35.41,-74.13,29.05
35.41,-74.11,28.91
35.41,-74.09,28.72
35.41,-74.05,28.52
35.41,-74.03,28.6
35.41,-74.01,28.67
35.41,-73.99,28.66
35.41,-73.97,28.6
35.41,-73.95,28.63
35.41,-73.93,28.59
35.41,-73.91,28.49
35.41,-73.89,28.44
35.41,-73.87,28.47
35.41,-73.85,28.46
35.41,-73.83,28.47
35.41,-73.81,28.48
35.41,-73.79,28.51
35.41,-73.77,28.4
35.41,-73.75,28.23
35.41,-73.73,28.09
35.41,-73.71,28.04
35.41,-73.45,27.78
35.41,-73.43,27.73
35.41,-73.29,27.69
35.41,-73.27,27.69
35.41,-73.19,27.7
35.41,-73.17,27.7
35.41,-73.15,27.69
35.41,-73.13,27.69
35.41,-72.99,27.65
35.41,-72.97,27.63
35.41,-72.95,27.6
35.41,-72.93,27.61
35.41,-72.91,27.59
35.41,-72.89,27.61
35.41,-72.87,27.69
35.41,-72.85,27.66
35.41,-72.83,27.65
35.41,-72.79,27.63
35.41,-72.77,27.62
35.41,-72.75,27.61
35.41,-72.73,27.63
35.41,-72.65,27.61
35.41,-72.63,27.61
35.41,-72.27,27.58
35.41,-72.21,27.67
35.39,-76.67,27.33
35.39,-76.65,27.31
35.39,-76.63,27.36
35.39,-75.65,26.35
35.39,-75.63,26.38
35.39,-75.61,26.5
35.39,-75.59,26.68
35.39,-75.57,26.9
35.39,-75.55,27.03
35.39,-75.53,27.26
35.39,-75.15,26.92
35.39,-75.13,26.97
35.39,-75.11,27.19
35.39,-75.09,27.22
35.39,-75.07,27.23
35.39,-74.99,27.85
35.39,-74.97,27.75
35.39,-74.95,28.27
35.39,-74.93,28.32
35.39,-74.07,28.52
35.39,-74.05,28.51
35.39,-74.01,28.65
35.39,-73.99,28.65
35.39,-73.97,28.62
35.39,-73.95,28.61
35.39,-73.93,28.56
35.39,-73.91,28.49
35.39,-73.89,28.46
35.39,-73.87,28.42
35.39,-73.85,28.43
35.39,-73.83,28.45
35.39,-73.81,28.47
35.39,-73.75,28.14
35.39,-73.73,28.09
35.39,-73.71,28.04
35.39,-73.69,27.99
35.39,-73.61,27.82
35.39,-73.19,27.68
35.39,-73.17,27.67
35.39,-72.95,27.54
35.39,-72.93,27.6
35.39,-72.91,27.63
35.39,-72.85,27.62
35.39,-72.83,27.61
35.39,-72.81,27.62
35.39,-72.79,27.62
35.39,-72.77,27.61
35.39,-72.61,27.63
35.39,-72.59,27.6
35.39,-72.21,27.66
35.37,-75.65,26.39
35.37,-75.63,26.46
35.37,-75.61,26.49
35.37,-75.59,26.63
35.37,-75.57,26.88
35.37,-75.55,27.2
35.37,-75.53,26.5
35.37,-75.51,26.46
35.37,-75.23,26.08
35.37,-75.21,26.38
35.37,-75.19,26.63
35.37,-75.17,26.86
35.37,-75.15,27.03
35.37,-75.13,27.07
35.37,-75.11,27.18
35.37,-75.09,27.2
35.37,-75.01,27.87
35.37,-74.99,27.97
35.37,-74.97,28.25
35.37,-74.95,28.42
35.37,-74.93,28.44
35.37,-74.91,28.47
35.37,-73.99,28.7
35.37,-73.97,28.68
35.37,-73.95,28.57
35.37,-73.93,28.51
35.37,-73.91,28.46
35.37,-73.89,28.44
35.37,-73.87,28.41
35.37,-73.85,28.4
35.37,-73.83,28.43
35.37,-73.81,28.41
35.37,-73.79,28.34
35.37,-73.77,28.14
35.37,-73.75,28.06
35.37,-73.73,28.02
35.37,-73.71,27.95
35.37,-73.69,27.92
35.37,-73.33,27.81
35.37,-73.21,27.64
35.37,-73.19,27.66
35.37,-72.85,27.61
35.37,-72.83,27.63
35.35,-75.73,26.6
35.35,-75.71,26.49
35.35,-75.69,26.44
35.35,-75.65,26.43
35.35,-75.63,26.53
35.35,-75.61,26.65
35.35,-75.59,26.77
35.35,-75.57,27.03
35.35,-75.25,26.03
35.35,-75.23,26.51
35.35,-75.21,26.86
35.35,-75.19,27.02
35.35,-75.17,27.05
35.35,-75.15,27.12
35.35,-75.13,27.13
35.35,-75.03,27.83
35.35,-75.01,27.93
35.35,-74.99,28.26
35.35,-74.97,28.42
35.35,-74.95,28.45
35.35,-74.93,28.61
35.35,-74.91,28.69
35.35,-74.03,28.63
35.35,-74.01,28.64
35.35,-73.99,28.69
35.35,-73.97,28.57
35.35,-73.95,28.51
35.35,-73.93,28.43
35.35,-73.91,28.38
35.35,-73.89,28.39
35.35,-73.87,28.38
35.35,-73.85,28.38
35.35,-73.83,28.4
35.35,-73.81,28.37
35.35,-73.79,28.36
35.35,-73.77,28.11
35.35,-73.75,28.05
35.35,-73.73,27.99
35.35,-73.71,27.91
35.35,-73.69,27.92
35.35,-73.67,27.95
35.35,-73.23,27.61
35.35,-73.17,27.6
35.35,-73.15,27.6
35.35,-73.13,27.54
35.35,-73.11,27.53
35.35,-73.09,27.48
35.35,-73.07,27.46
35.35,-73.05,27.46
35.35,-73.03,27.54
35.35,-73.01,27.55
35.35,-72.99,27.54
35.35,-72.67,27.65
35.35,-72.65,27.66
35.33,-75.71,26.55
35.33,-75.69,26.47
35.33,-75.63,26.49
35.33,-75.61,26.72
35.33,-75.59,26.9
35.33,-75.57,26.96
35.33,-75.55,26.44
35.33,-75.53,26.45
35.33,-75.29,25.86
35.33,-75.27,26.26
35.33,-75.25,26.8
35.33,-75.23,27.02
35.33,-75.21,27.08
35.33,-75.19,27.04
35.33,-75.17,27.02
35.33,-75.15,27.11
35.33,-75.05,27.72
35.33,-75.03,27.86
35.33,-75.01,28.25
35.33,-74.99,28.35
35.33,-74.97,28.49
35.33,-74.95,28.61
35.33,-74.93,28.78
35.33,-74.91,28.98
35.33,-74.89,29.06
35.33,-74.87,29.12
35.33,-74.13,28.67
35.33,-74.11,28.48
35.33,-74.05,28.6
35.33,-74.03,28.62
35.33,-74.01,28.65
35.33,-73.99,28.64
35.33,-73.97,28.55
35.33,-73.95,28.46
35.33,-73.93,28.44
35.33,-73.91,28.37
35.33,-73.89,28.3
35.33,-73.87,28.31
35.33,-73.85,28.32
35.33,-73.83,28.3
35.33,-73.81,28.28
35.33,-73.79,28.21
35.33,-73.77,28.05
35.33,-73.75,27.94
35.33,-73.73,27.9
35.33,-73.71,27.9
35.33,-73.69,27.9
35.33,-73.67,27.9
35.33,-73.65,27.9
35.33,-73.63,27.84
35.33,-73.55,27.83
35.33,-73.53,27.83
35.33,-73.51,27.83
35.33,-73.23,27.6
35.33,-73.21,27.6
35.33,-73.19,27.6
35.33,-73.17,27.56
35.33,-73.15,27.55
35.33,-73.13,27.55
35.33,-73.11,27.55
35.33,-73.09,27.53
35.33,-73.07,27.58
35.33,-73.05,27.54
35.33,-73.03,27.57
35.33,-73.01,27.62
35.33,-72.99,27.61
35.33,-72.69,27.65
35.33,-72.67,27.63
35.33,-72.65,27.63
35.33,-72.49,27.52
35.31,-75.81,26.91
35.31,-75.63,26.52
35.31,-75.61,26.68
35.31,-75.59,26.61
35.31,-75.57,26.45
35.31,-75.55,26.4
35.31,-75.53,26.86
35.31,-75.29,26.2
35.31,-75.27,27.01
35.31,-75.25,27.2
35.31,-75.23,27.17
35.31,-75.21,27.12
35.31,-75.19,27.06
35.31,-75.17,27.02
35.31,-75.07,27.62
35.31,-75.05,27.72
35.31,-75.03,28.17
35.31,-75.01,28.35
35.31,-74.99,28.45
35.31,-74.97,28.64
35.31,-74.95,28.69
35.31,-74.93,28.95
35.31,-74.91,29.01
35.31,-74.89,29.12
35.31,-74.19,29.49
35.31,-74.17,29.46
35.31,-74.15,29.31
35.31,-74.13,28.71
35.31,-74.11,28.47
35.31,-74.09,28.54
35.31,-74.07,28.63
35.31,-74.05,28.67
35.31,-74.03,28.63
35.31,-74.01,28.66
35.31,-73.99,28.61
35.31,-73.97,28.47
35.31,-73.95,28.38
35.31,-73.93,28.36
35.31,-73.91,28.33
35.31,-73.89,28.27
35.31,-73.87,28.22
35.31,-73.85,28.19
35.31,-73.83,28.23
35.31,-73.81,28.21
35.31,-73.79,28.11
35.31,-73.77,28.03
35.31,-73.75,27.98
35.31,-73.73,27.92
35.31,-73.71,27.89
35.31,-73.69,27.86
35.31,-73.67,27.83
35.31,-73.65,27.82
35.31,-73.63,27.77
35.31,-73.61,27.81
35.31,-73.59,27.92
35.31,-73.55,27.75
35.31,-73.53,27.75
35.31,-73.51,27.78
35.31,-73.49,27.8
35.31,-73.29,27.73
35.31,-73.27,27.71
35.31,-73.25,27.67
35.31,-73.23,27.65
35.31,-73.21,27.65
35.31,-73.19,27.61
35.31,-73.17,27.59
35.31,-73.15,27.62
35.31,-73.13,27.62
35.31,-73.11,27.65
35.31,-73.09,27.65
35.31,-73.07,27.62
35.31,-73.03,27.63
35.31,-73.01,27.65
35.31,-72.99,27.66
35.31,-72.97,27.68
35.29,-75.77,26.88
35.29,-75.75,26.9
35.29,-75.73,26.88
35.29,-75.61,26.67
35.29,-75.59,26.73
35.29,-75.57,26.51
35.29,-75.53,26.92
35.29,-75.31,25.97
35.29,-75.29,26.55
35.29,-75.27,27.13
35.29,-75.25,27.16
35.29,-75.23,27.04
35.29,-75.21,27.0
35.29,-75.19,27.01
35.29,-75.11,27.5
35.29,-75.09,27.68
35.29,-75.07,27.92
35.29,-75.05,27.93
35.29,-75.03,28.37
35.29,-75.01,28.6
35.29,-74.99,28.76
35.29,-74.97,28.83
35.29,-74.95,28.85
35.29,-74.93,28.96
35.29,-74.89,29.33
35.29,-74.85,29.63
35.29,-74.31,29.7
35.29,-74.29,29.68
35.29,-74.27,29.52
35.29,-74.25,29.44
35.29,-74.23,29.46
35.29,-74.19,29.48
35.29,-74.17,29.46
35.29,-74.15,29.36
35.29,-74.13,28.7
35.29,-74.11,28.52
35.29,-74.09,28.55
35.29,-74.07,28.66
35.29,-74.05,28.69
35.29,-74.03,28.66
35.29,-74.01,28.63
35.29,-73.99,28.55
35.29,-73.97,28.43
35.29,-73.95,28.34
35.29,-73.93,28.28
35.29,-73.91,28.27
35.29,-73.89,28.23
35.29,-73.87,28.16
35.29,-73.85,28.11
35.29,-73.83,28.12
35.29,-73.81,28.06
35.29,-73.79,28.05
35.29,-73.77,28.03
35.29,-73.75,27.96
35.29,-73.73,27.88
35.29,-73.71,27.85
35.29,-73.69,27.86
35.29,-73.67,27.83
35.29,-73.65,27.81
35.29,-73.63,27.77
35.29,-73.61,27.79
35.29,-73.59,27.83
35.29,-73.57,27.78
35.29,-73.55,27.78
35.29,-73.53,27.76
35.29,-73.51,27.76
35.29,-73.49,27.78
35.29,-73.47,27.76
35.29,-73.45,27.74
35.29,-73.25,27.67
35.29,-73.23,27.67
35.29,-73.21,27.68
35.29,-73.19,27.66
35.29,-73.17,27.65
35.29,-73.15,27.66
35.29,-73.13,27.65
35.29,-73.11,27.68
35.29,-73.09,27.67
35.29,-73.07,27.65
35.29,-73.05,27.64
35.29,-73.03,27.69
35.29,-73.01,27.68
35.29,-72.99,27.66
35.29,-72.97,27.68
35.29,-72.95,27.7
35.29,-72.87,27.69
35.29,-72.85,27.68
35.27,-75.75,26.83
35.27,-75.73,26.86
35.27,-75.61,26.4
35.27,-75.37,26.21
35.27,-75.35,26.39
35.27,-75.33,26.33
35.27,-75.31,26.74
35.27,-75.29,26.99
35.27,-75.27,26.97
35.27,-75.25,26.94
35.27,-75.23,26.91
35.27,-75.21,26.89
35.27,-75.19,26.89
35.27,-75.15,27.55
35.27,-75.13,27.56
35.27,-75.11,27.65
35.27,-75.09,27.95
35.27,-75.07,28.26
35.27,-75.05,28.37
35.27,-75.03,28.65
35.27,-75.01,28.69
35.27,-74.99,28.81
35.27,-74.97,28.83
35.27,-74.95,28.93
35.27,-74.93,29.0
35.27,-74.91,29.05
35.27,-74.45,29.48
35.27,-74.43,29.46
35.27,-74.33,29.71
35.27,-74.31,29.69
35.27,-74.27,29.45
35.27,-74.25,29.4
35.27,-74.21,29.47
35.27,-74.19,29.5
35.27,-74.17,29.49
35.27,-74.11,28.55
35.27,-74.07,28.63
35.27,-74.05,28.66
35.27,-74.03,28.64
35.27,-74.01,28.59
35.27,-73.99,28.5
35.27,-73.97,28.38
35.27,-73.95,28.28
35.27,-73.93,28.24
35.27,-73.91,28.24
35.27,-73.89,28.17
35.27,-73.87,28.12
35.27,-73.85,28.05
35.27,-73.83,28.02
35.27,-73.81,27.93
35.27,-73.79,27.9
35.27,-73.77,27.83
35.27,-73.75,27.85
35.27,-73.73,27.85
35.27,-73.71,27.84
35.27,-73.69,27.85
35.27,-73.67,27.81
35.27,-73.65,27.79
35.27,-73.63,27.84
35.27,-73.61,27.9
35.27,-73.59,27.8
35.27,-73.57,27.78
35.27,-73.55,27.77
35.27,-73.53,27.75
35.27,-73.51,27.76
35.27,-73.49,27.78
35.27,-73.47,27.73
35.27,-73.45,27.71
35.27,-73.37,27.67
35.27,-73.23,27.67
35.27,-73.21,27.64
35.27,-73.19,27.62
35.27,-73.17,27.64
35.27,-73.15,27.67
35.27,-73.13,27.62
35.27,-73.11,27.62
35.27,-73.09,27.58
35.27,-73.07,27.51
35.27,-73.05,27.47
35.27,-73.03,27.49
35.27,-73.01,27.58
35.27,-72.99,27.64
35.27,-72.97,27.66
35.25,-75.45,27.28
35.25,-75.43,27.23
35.25,-75.41,27.15
35.25,-75.39,26.89
35.25,-75.37,26.23
35.25,-75.35,26.72
35.25,-75.33,27.06
35.25,-75.31,27.1
35.25,-75.29,27.03
35.25,-75.27,26.95
35.25,-75.25,26.92
35.25,-75.23,26.89
35.25,-75.21,26.8
35.25,-75.19,26.75
35.25,-75.15,27.52
35.25,-75.13,27.73
35.25,-75.11,28.01
35.25,-75.09,28.22
35.25,-75.07,28.36
35.25,-75.05,28.57
35.25,-75.03,28.71
35.25,-75.01,28.74
35.25,-74.93,29.01
35.25,-74.51,29.82
35.25,-74.47,29.75
35.25,-74.45,29.63
35.25,-74.17,29.47
35.25,-74.15,29.36
35.25,-73.95,28.28
35.25,-73.93,28.21
35.25,-73.91,28.12
35.25,-73.89,28.1
35.25,-73.87,28.07
35.25,-73.85,28.02
35.25,-73.83,27.96
35.25,-73.81,27.88
35.25,-73.79,27.86
35.25,-73.77,27.88
35.25,-73.75,27.86
35.25,-73.73,27.87
35.25,-73.71,27.86
35.25,-73.69,27.85
35.25,-73.67,27.87
35.25,-73.65,27.91
35.25,-73.63,28.01
35.25,-73.61,27.99
35.25,-73.59,27.82
35.25,-73.57,27.78
35.25,-73.55,27.72
35.25,-73.53,27.69
35.25,-73.51,27.66
35.25,-73.49,27.72
35.25,-73.47,27.7
35.25,-73.45,27.68
35.25,-73.43,27.67
35.25,-73.21,27.62
35.25,-73.19,27.6
35.25,-73.17,27.61
35.25,-73.15,27.61
35.25,-73.13,27.58
35.25,-73.11,27.59
35.25,-73.09,27.58
35.25,-73.07,27.59
35.25,-73.03,27.54
35.25,-72.91,27.61
35.23,-75.59,27.13
35.23,-75.57,27.23
35.23,-75.55,27.23
35.23,-75.51,26.95
35.23,-75.49,27.35
35.23,-75.47,27.32
35.23,-75.45,27.36
35.23,-75.43,27.34
35.23,-75.41,27.23
35.23,-75.39,27.0
35.23,-75.37,26.74
35.23,-75.35,27.04
35.23,-75.33,27.14
35.23,-75.31,27.05
35.23,-75.29,27.0
35.23,-75.27,26.93
35.23,-75.25,26.9
35.23,-75.23,26.9
35.23,-75.21,26.83
35.23,-75.19,26.85
35.23,-75.17,27.53
35.23,-75.15,27.63
35.23,-75.13,28.14
35.23,-75.11,28.22
35.23,-75.09,28.41
35.23,-75.07,28.54
35.23,-75.05,28.62
35.23,-75.03,28.73
35.23,-75.01,28.78
35.23,-74.99,29.1
35.23,-74.51,29.86
35.23,-74.49,29.88
35.23,-74.47,29.79
35.23,-74.45,29.75
35.23,-74.19,29.48
35.23,-74.17,29.45
35.23,-73.95,28.22
35.23,-73.93,28.17
35.23,-73.91,28.06
35.23,-73.89,28.03
35.23,-73.87,28.01
35.23,-73.85,28.0
35.23,-73.83,27.95
35.23,-73.81,27.96
35.23,-73.79,27.91
35.23,-73.77,27.89
35.23,-73.75,27.89
35.23,-73.73,27.86
35.23,-73.71,27.85
35.23,-73.69,27.85
35.23,-73.67,27.88
35.23,-73.65,27.89
35.23,-73.63,27.92
35.23,-73.61,27.86
35.23,-73.59,27.76
35.23,-73.57,27.74
35.23,-73.55,27.68
35.23,-73.53,27.61
35.23,-73.51,27.63
35.23,-73.49,27.64
35.23,-73.47,27.67
35.23,-73.45,27.65
35.23,-73.43,27.61
35.23,-73.41,27.61
35.23,-73.39,27.62
35.23,-73.29,27.56
35.23,-73.27,27.57
35.23,-73.25,27.57
35.23,-73.23,27.56
35.23,-73.21,27.56
35.23,-73.19,27.56
35.23,-73.17,27.59
35.23,-73.15,27.56
35.23,-73.13,27.55
35.23,-73.11,27.59
35.23,-73.09,27.58
35.23,-73.05,27.53
35.23,-73.03,27.56
35.23,-73.01,27.57
35.23,-72.97,27.58
35.23,-72.95,27.55
35.23,-72.93,27.56
35.23,-72.91,27.58
35.23,-72.65,27.66
35.23,-72.63,27.66
35.21,-75.67,26.53
35.21,-75.65,26.53
35.21,-75.63,26.66
35.21,-75.61,26.95
35.21,-75.59,27.12
35.21,-75.57,27.23
35.21,-75.55,27.3
35.21,-75.53,27.07
35.21,-75.51,27.16
35.21,-75.49,27.37
35.21,-75.47,27.44
35.21,-75.45,27.45
35.21,-75.43,27.41
35.21,-75.41,27.33
35.21,-75.39,27.27
35.21,-75.37,27.15
35.21,-75.35,27.14
35.21,-75.33,27.05
35.21,-75.31,26.99
35.21,-75.29,26.92
35.21,-75.27,26.86
35.21,-75.25,26.86
35.21,-75.23,26.87
35.21,-75.21,26.89
35.21,-75.19,27.3
35.21,-75.17,27.83
35.21,-75.15,28.18
35.21,-75.13,28.24
35.21,-75.11,28.41
35.21,-75.09,28.54
35.21,-75.07,28.58
35.21,-75.05,28.67
35.21,-75.03,28.69
35.21,-75.01,28.9
35.21,-74.99,29.36
35.21,-74.97,29.42
35.21,-74.43,29.6
35.21,-74.41,29.49
35.21,-73.97,28.27
35.21,-73.95,28.23
35.21,-73.93,28.09
35.21,-73.91,28.05
35.21,-73.89,28.02
35.21,-73.87,27.97
35.21,-73.85,27.95
35.21,-73.83,27.95
35.21,-73.81,27.92
35.21,-73.79,27.9
35.21,-73.77,27.89
35.21,-73.75,27.89
35.21,-73.73,27.85
35.21,-73.71,27.89
35.21,-73.69,27.86
35.21,-73.67,27.84
35.21,-73.65,27.8
35.21,-73.63,27.88
35.21,-73.61,27.87
35.21,-73.59,27.69
35.21,-73.57,27.57
35.21,-73.55,27.59
35.21,-73.53,27.59
35.21,-73.51,27.6
35.21,-73.49,27.6
35.21,-73.47,27.61
35.21,-73.45,27.63
35.21,-73.43,27.61
35.21,-73.41,27.6
35.21,-73.39,27.64
35.21,-73.37,27.61
35.21,-73.35,27.56
35.21,-73.33,27.54
35.21,-73.31,27.54
35.21,-73.29,27.57
35.21,-73.27,27.54
35.21,-73.25,27.54
35.21,-73.23,27.53
35.21,-73.21,27.53
35.21,-73.19,27.59
35.21,-73.17,27.62
35.21,-73.15,27.58
35.21,-73.13,27.56
35.21,-73.09,27.57
35.21,-73.05,27.59
35.21,-73.03,27.57
35.21,-73.01,27.57
35.21,-72.63,27.66
35.21,-72.61,27.67
35.21,-72.53,27.6
35.19,-75.67,26.59
35.19,-75.65,26.7
35.19,-75.63,26.77
35.19,-75.61,27.05
35.19,-75.59,27.08
35.19,-75.57,27.18
35.19,-75.55,27.26
35.19,-75.53,27.29
35.19,-75.51,27.34
35.19,-75.49,27.39
35.19,-75.47,27.41
35.19,-75.45,27.41
35.19,-75.43,27.38
35.19,-75.41,27.47
35.19,-75.39,27.34
35.19,-75.37,27.21
35.19,-75.35,27.08
35.19,-75.33,27.04
35.19,-75.31,26.9
35.19,-75.29,26.83
35.19,-75.27,26.87
35.19,-75.25,26.85
35.19,-75.23,26.83
35.19,-75.21,27.25
35.19,-75.19,28.0
35.19,-75.17,28.23
35.19,-75.15,28.37
35.19,-75.13,28.43
35.19,-75.11,28.53
35.19,-75.09,28.6
35.19,-75.07,28.68
35.19,-75.05,28.77
35.19,-75.03,29.08
35.19,-75.01,29.39
35.19,-74.51,29.93
35.19,-74.49,29.94
35.19,-74.47,29.94
35.19,-74.45,29.9
35.19,-74.43,29.7
35.19,-74.41,29.51
35.19,-74.39,29.36
35.19,-74.37,29.3
35.19,-73.93,28.15
35.19,-73.91,28.08
35.19,-73.89,28.02
35.19,-73.87,27.96
35.19,-73.85,27.94
35.19,-73.83,27.89
35.19,-73.81,27.9
35.19,-73.79,27.91
35.19,-73.77,27.88
35.19,-73.75,27.88
35.19,-73.73,27.87
35.19,-73.71,27.88
35.19,-73.69,27.82
35.19,-73.67,27.77
35.19,-73.65,27.68
35.19,-73.63,27.66
35.19,-73.61,27.61
35.19,-73.59,27.61
35.19,-73.57,27.62
35.19,-73.55,27.62
35.19,-73.53,27.6
35.19,-73.51,27.6
35.19,-73.49,27.62
35.19,-73.47,27.61
35.19,-73.45,27.65
35.19,-73.43,27.62
35.19,-73.41,27.62
35.19,-73.39,27.59
35.19,-73.37,27.61
35.19,-73.31,27.55
35.19,-73.29,27.59
35.19,-73.27,27.53
35.19,-73.25,27.54
35.19,-73.23,27.57
35.19,-73.21,27.57
35.19,-73.19,27.62
35.19,-73.17,27.62
35.19,-73.09,27.56
35.19,-73.07,27.6
35.19,-73.05,27.63
35.19,-72.69,27.6
35.19,-72.67,27.62
35.19,-72.65,27.61
35.19,-72.63,27.6
35.19,-72.61,27.59
35.17,-75.67,26.59
35.17,-75.65,26.66
35.17,-75.63,26.75
35.17,-75.61,26.94
35.17,-75.59,27.0
35.17,-75.57,27.13
35.17,-75.55,27.21
35.17,-75.53,27.24
35.17,-75.51,27.36
35.17,-75.49,27.45
35.17,-75.47,27.42
35.17,-75.45,27.35
35.17,-75.43,27.36
35.17,-75.41,27.4
35.17,-75.39,27.32
35.17,-75.37,27.23
35.17,-75.35,27.1
35.17,-75.33,27.0
35.17,-75.31,26.9
35.17,-75.29,26.81
35.17,-75.27,26.99
35.17,-75.25,27.77
35.17,-75.23,27.94
35.17,-75.21,28.07
35.17,-75.19,28.31
35.17,-75.17,28.41
35.17,-75.15,28.5
35.17,-75.13,28.6
35.17,-75.11,28.68
35.17,-75.09,28.72
35.17,-75.07,28.77
35.17,-75.05,29.42
35.17,-75.03,29.65
35.17,-75.01,29.77
35.17,-74.99,29.97
35.17,-74.97,30.01
35.17,-74.95,30.0
35.17,-74.93,30.05
35.17,-74.91,30.07
35.17,-74.55,29.75
35.17,-74.53,29.84
35.17,-74.51,29.86
35.17,-74.49,29.87
35.17,-74.47,29.89
35.17,-74.45,29.9
35.17,-74.43,29.86
35.17,-74.41,29.64
35.17,-74.39,29.43
35.17,-74.37,29.37
35.17,-74.35,29.44
35.17,-74.21,29.51
35.17,-74.05,28.58
35.17,-74.03,28.53
35.17,-74.01,28.49
35.17,-73.99,28.34
35.17,-73.97,28.3
35.17,-73.95,28.28
35.17,-73.93,28.18
35.17,-73.91,28.09
35.17,-73.89,27.98
35.17,-73.87,27.93
35.17,-73.85,27.89
35.17,-73.83,27.86
35.17,-73.81,27.87
35.17,-73.79,27.84
35.17,-73.77,27.75
35.17,-73.75,27.76
35.17,-73.71,27.68
35.17,-73.69,27.64
35.17,-73.67,27.63
35.17,-73.65,27.62
35.17,-73.63,27.62
35.17,-73.61,27.6
35.17,-73.59,27.61
35.17,-73.57,27.63
35.17,-73.55,27.63
35.17,-73.53,27.63
35.17,-73.51,27.61
35.17,-73.49,27.61
35.17,-73.47,27.65
35.17,-73.45,27.64
35.17,-73.43,27.63
35.17,-73.41,27.6
35.17,-73.39,27.6
35.17,-73.37,27.65
35.17,-73.35,27.65
35.17,-73.31,27.6
35.17,-73.29,27.63
35.17,-73.27,27.62
35.17,-73.25,27.66
35.17,-73.21,27.63
35.17,-73.19,27.66
35.17,-73.17,27.67
35.17,-73.15,27.66
35.17,-73.13,27.61
35.17,-73.11,27.58
35.17,-73.09,27.54
35.17,-73.07,27.59
35.17,-73.05,27.61
35.17,-73.03,27.57
35.17,-72.99,27.53
35.17,-72.97,27.54
35.17,-72.71,27.64
35.17,-72.69,27.61
35.17,-72.67,27.59
35.17,-72.65,27.61
35.17,-72.63,27.61
35.17,-72.61,27.59
35.17,-72.21,27.56
35.15,-75.95,27.06
35.15,-75.67,26.59
35.15,-75.65,26.65
35.15,-75.63,26.71
35.15,-75.61,26.71
35.15,-75.59,26.77
35.15,-75.57,26.93
35.15,-75.55,26.98
35.15,-75.53,27.06
35.15,-75.51,27.08
35.15,-75.49,27.09
35.15,-75.47,27.18
35.15,-75.45,27.18
35.15,-75.43,27.26
35.15,-75.41,27.3
35.15,-75.39,27.19
35.15,-75.37,27.24
35.15,-75.35,27.11
35.15,-75.33,27.01
35.15,-75.31,26.91
35.15,-75.29,27.44
35.15,-75.27,28.04
35.15,-75.25,28.12
35.15,-75.23,28.22
35.15,-75.21,28.33
35.15,-75.19,28.46
35.15,-75.17,28.54
35.15,-75.15,28.68
35.15,-75.13,28.77
35.15,-75.11,28.83
35.15,-75.09,29.21
35.15,-75.07,29.53
35.15,-75.05,29.72
35.15,-75.03,29.81
35.15,-75.01,29.89
35.15,-74.99,29.94
35.15,-74.97,29.97
35.15,-74.95,30.02
35.15,-74.91,30.01
35.15,-74.89,30.02
35.15,-74.87,30.06
35.15,-74.53,29.79
35.15,-74.51,29.82
35.15,-74.49,29.83
35.15,-74.47,29.83
35.15,-74.45,29.84
35.15,-74.43,29.86
35.15,-74.41,29.83
35.15,-74.39,29.69
35.15,-74.37,29.45
35.15,-74.35,29.43
35.15,-74.33,29.5
35.15,-74.17,29.43
35.15,-74.09,28.56
35.15,-74.07,28.56
35.15,-74.05,28.59
35.15,-74.03,28.55
35.15,-74.01,28.44
35.15,-73.99,28.27
35.15,-73.97,28.27
35.15,-73.95,28.26
35.15,-73.93,28.14
35.15,-73.91,28.05
35.15,-73.89,27.92
35.15,-73.87,27.91
35.15,-73.85,27.87
35.15,-73.83,27.82
35.15,-73.81,27.78
35.15,-73.79,27.74
35.15,-73.77,27.71
35.15,-73.75,27.7
35.15,-73.73,27.68
35.15,-73.71,27.63
35.15,-73.69,27.62
35.15,-73.67,27.63
35.15,-73.65,27.63
35.15,-73.63,27.61
35.15,-73.61,27.6
35.15,-73.59,27.6
35.15,-73.57,27.64
35.15,-73.55,27.68
35.15,-73.53,27.65
35.15,-73.51,27.63
35.15,-73.49,27.64
35.15,-73.47,27.64
35.15,-73.45,27.63
35.15,-73.43,27.65
35.15,-73.41,27.63
35.15,-73.39,27.62
35.15,-73.37,27.62
35.15,-73.35,27.64
35.15,-73.33,27.66
35.15,-73.31,27.65
35.15,-73.27,27.66
35.15,-73.25,27.69
35.15,-73.23,27.7
35.15,-73.21,27.64
35.15,-73.19,27.65
35.15,-73.15,27.6
35.15,-73.13,27.6
35.15,-73.11,27.5
35.15,-73.09,27.52
35.15,-73.07,27.51
35.15,-73.05,27.5
35.15,-73.03,27.51
35.15,-72.99,27.52
35.15,-72.97,27.54
35.15,-72.95,27.58
35.15,-72.93,27.62
35.15,-72.87,27.62
35.15,-72.75,27.64
35.15,-72.73,27.67
35.15,-72.71,27.66
35.15,-72.69,27.61
35.15,-72.67,27.59
35.15,-72.65,27.61
35.15,-72.63,27.61
35.15,-72.49,27.53
35.13,-75.65,26.6
35.13,-75.63,26.62
35.13,-75.61,26.71
35.13,-75.59,26.81
35.13,-75.57,26.93
35.13,-75.55,27.02
35.13,-75.53,27.1
35.13,-75.51,27.11
35.13,-75.49,27.08
35.13,-75.47,27.09
35.13,-75.45,27.18
35.13,-75.43,27.27
35.13,-75.41,27.23
35.13,-75.39,27.11
35.13,-75.37,27.08
35.13,-75.35,27.06
35.13,-75.33,27.02
35.13,-75.31,27.1
35.13,-75.29,28.13
35.13,-75.27,28.23
35.13,-75.25,28.28
35.13,-75.23,28.36
35.13,-75.21,28.47
35.13,-75.19,28.55
35.13,-75.17,28.66
35.13,-75.15,28.79
35.13,-75.13,28.94
35.13,-75.11,29.27
35.13,-75.09,29.6
35.13,-75.07,29.71
35.13,-75.05,29.85
35.13,-75.03,29.9
35.13,-75.01,29.94
35.13,-74.93,29.98
35.13,-74.91,30.0
35.13,-74.89,30.01
35.13,-74.87,30.05
35.13,-74.85,30.06
35.13,-74.83,30.02
35.13,-74.53,29.84
35.13,-74.51,29.85
35.13,-74.49,29.88
35.13,-74.47,29.88
35.13,-74.45,29.86
35.13,-74.43,29.86
35.13,-74.41,29.91
35.13,-74.39,29.81
35.13,-74.37,29.46
35.13,-74.35,29.47
35.13,-74.33,29.53
35.13,-74.31,29.6
35.13,-74.17,29.41
35.13,-74.11,28.65
35.13,-74.09,28.65
35.13,-74.03,28.53
35.13,-74.01,28.38
35.13,-73.99,28.26
35.13,-73.97,28.13
35.13,-73.95,28.14
35.13,-73.93,28.09
35.13,-73.91,27.99
35.13,-73.89,27.92
35.13,-73.87,27.89
35.13,-73.85,27.83
35.13,-73.83,27.76
35.13,-73.81,27.76
35.13,-73.79,27.75
35.13,-73.77,27.71
35.13,-73.75,27.69
35.13,-73.73,27.64
35.13,-73.71,27.63
35.13,-73.69,27.64
35.13,-73.67,27.63
35.13,-73.65,27.62
35.13,-73.63,27.65
35.13,-73.61,27.62
35.13,-73.59,27.61
35.13,-73.57,27.68
35.13,-73.55,27.71
35.13,-73.53,27.68
35.13,-73.51,27.69
35.13,-73.49,27.64
35.13,-73.47,27.61
35.13,-73.45,27.62
35.13,-73.43,27.62
35.13,-73.41,27.62
35.13,-73.39,27.63
35.13,-73.37,27.67
35.13,-73.35,27.66
35.13,-73.33,27.69
35.13,-73.31,27.64
35.13,-73.29,27.67
35.13,-73.27,27.68
35.13,-73.25,27.66
35.13,-73.23,27.67
35.13,-73.21,27.61
35.13,-73.19,27.58
35.13,-73.15,27.55
35.13,-73.13,27.51
35.13,-73.11,27.52
35.13,-73.09,27.56
35.13,-73.07,27.5
35.13,-73.05,27.55
35.13,-73.03,27.54
35.13,-72.99,27.55
35.13,-72.97,27.59
35.13,-72.95,27.66
35.13,-72.93,27.68
35.13,-72.87,27.64
35.13,-72.77,27.66
35.13,-72.75,27.69
35.13,-72.73,27.69
35.13,-72.71,27.68
35.13,-72.67,27.7
35.13,-72.59,27.65
35.13,-72.57,27.64
35.13,-72.53,27.68
35.13,-72.51,27.62
35.13,-72.21,27.5
35.11,-75.65,26.65
35.11,-75.63,26.72
35.11,-75.61,26.81
35.11,-75.59,26.93
35.11,-75.57,27.37
35.11,-75.55,27.67
35.11,-75.53,27.84
35.11,-75.51,27.81
35.11,-75.49,28.0
35.11,-75.47,27.99
35.11,-75.45,27.95
35.11,-75.43,27.82
35.11,-75.41,27.57
35.11,-75.39,27.64
35.11,-75.37,27.68
35.11,-75.35,27.81
35.11,-75.33,27.98
35.11,-75.31,28.15
35.11,-75.29,28.26
35.11,-75.27,28.28
35.11,-75.25,28.36
35.11,-75.23,28.44
35.11,-75.21,28.54
35.11,-75.19,28.7
35.11,-75.17,28.82
35.11,-75.15,29.22
35.11,-75.13,29.44
35.11,-75.11,29.64
35.11,-75.09,29.73
35.11,-75.07,29.77
35.11,-75.05,29.82
35.11,-75.03,29.88
35.11,-75.01,29.95
35.11,-74.99,29.96
35.11,-74.97,29.96
35.11,-74.95,29.96
35.11,-74.93,29.98
35.11,-74.91,30.0
35.11,-74.89,30.05
35.11,-74.87,30.09
35.11,-74.51,29.91
35.11,-74.49,29.89
35.11,-74.47,29.88
35.11,-74.45,29.89
35.11,-74.43,29.89
35.11,-74.41,29.9
35.11,-74.39,29.95
35.11,-74.37,29.65
35.11,-74.35,29.52
35.11,-74.33,29.53
35.11,-74.31,29.6
35.11,-74.29,29.76
35.11,-74.17,29.39
35.11,-74.09,28.6
35.11,-74.07,28.56
35.11,-74.05,28.5
35.11,-73.99,28.15
35.11,-73.97,28.13
35.11,-73.95,28.11
35.11,-73.93,28.08
35.11,-73.91,28.0
35.11,-73.89,27.92
35.11,-73.87,27.85
35.11,-73.85,27.82
35.11,-73.83,27.79
35.11,-73.81,27.78
35.11,-73.79,27.71
35.11,-73.77,27.63
35.11,-73.75,27.61
35.11,-73.73,27.61
35.11,-73.71,27.62
35.11,-73.69,27.63
35.11,-73.67,27.63
35.11,-73.65,27.65
35.11,-73.63,27.63
35.11,-73.61,27.67
35.11,-73.59,27.72
35.11,-73.57,27.74
35.11,-73.55,27.71
35.11,-73.53,27.71
35.11,-73.51,27.68
35.11,-73.49,27.66
35.11,-73.47,27.63
35.11,-73.45,27.63
35.11,-73.43,27.62
35.11,-73.41,27.59
35.11,-73.39,27.63
35.11,-73.37,27.67
35.11,-73.35,27.66
35.11,-73.33,27.67
35.11,-73.31,27.67
35.11,-73.29,27.69
35.11,-73.27,27.65
35.11,-73.25,27.59
35.11,-73.23,27.65
35.11,-73.21,27.67
35.11,-73.19,27.66
35.11,-73.17,27.65
35.11,-73.15,27.59
35.11,-73.13,27.58
35.11,-73.11,27.54
35.11,-73.09,27.57
35.11,-73.07,27.55
35.11,-73.05,27.59
35.11,-72.77,27.71
35.11,-72.75,27.72
35.11,-72.73,27.72
35.11,-72.69,27.75
35.11,-72.67,27.76
35.11,-72.63,27.62
35.11,-72.61,27.62
35.11,-72.59,27.63
35.11,-72.57,27.64
35.11,-72.55,27.7
35.11,-72.53,27.73
35.11,-72.51,27.66
35.11,-72.27,27.57
35.11,-72.21,27.55
35.09,-75.65,26.57
35.09,-75.63,26.63
35.09,-75.61,26.85
35.09,-75.59,27.49
35.09,-75.57,27.69
35.09,-75.55,27.88
35.09,-75.53,27.99
35.09,-75.51,27.97
35.09,-75.49,28.01
35.09,-75.47,28.05
35.09,-75.45,28.04
35.09,-75.43,28.05
35.09,-75.41,28.01
35.09,-75.39,28.07
35.09,-75.37,28.15
35.09,-75.35,28.21
35.09,-75.33,28.26
35.09,-75.31,28.31
35.09,-75.29,28.41
35.09,-75.27,28.48
35.09,-75.25,28.53
35.09,-75.23,28.56
35.09,-75.21,28.78
35.09,-75.19,29.05
35.09,-75.17,29.43
35.09,-75.15,29.55
35.09,-75.13,29.63
35.09,-75.11,29.7
35.09,-75.09,29.78
35.09,-75.07,29.79
35.09,-75.05,29.85
35.09,-75.03,29.92
35.09,-75.01,29.91
35.09,-74.99,29.91
35.09,-74.97,29.93
35.09,-74.95,29.97
35.09,-74.93,29.99
35.09,-74.91,30.01
35.09,-74.89,30.03
35.09,-74.87,30.05
35.09,-74.85,30.08
35.09,-74.83,30.06
35.09,-74.53,29.9
35.09,-74.51,29.91
35.09,-74.49,29.95
35.09,-74.47,29.86
35.09,-74.45,29.9
35.09,-74.43,29.91
35.09,-74.41,29.9
35.09,-74.39,29.91
35.09,-74.37,29.88
35.09,-74.35,29.65
35.09,-74.29,29.74
35.09,-74.11,28.57
35.09,-74.09,28.56
35.09,-74.07,28.53
35.09,-74.05,28.52
35.09,-73.99,28.16
35.09,-73.97,28.03
35.09,-73.95,28.01
35.09,-73.93,27.97
35.09,-73.91,27.85
35.09,-73.89,27.82
35.09,-73.87,27.79
35.09,-73.85,27.78
35.09,-73.83,27.72
35.09,-73.81,27.66
35.09,-73.79,27.6
35.09,-73.77,27.6
35.09,-73.75,27.63
35.09,-73.73,27.62
35.09,-73.71,27.58
35.09,-73.69,27.61
35.09,-73.67,27.6
35.09,-73.65,27.59
35.09,-73.63,27.63
35.09,-73.61,27.71
35.09,-73.59,27.74
35.09,-73.57,27.77
35.09,-73.55,27.74
35.09,-73.53,27.71
35.09,-73.51,27.67
35.09,-73.49,27.66
35.09,-73.47,27.63
35.09,-73.45,27.63
35.09,-73.43,27.64
35.09,-73.41,27.59
35.09,-73.39,27.6
35.09,-73.37,27.66
35.09,-73.35,27.65
35.09,-73.33,27.63
35.09,-73.31,27.67
35.09,-73.29,27.69
35.09,-73.27,27.68
35.09,-73.25,27.65
35.09,-73.23,27.66
35.09,-73.21,27.67
35.09,-73.19,27.71
35.09,-73.17,27.7
35.09,-73.15,27.67
35.09,-73.13,27.66
35.09,-73.11,27.65
35.09,-73.01,27.61
35.09,-72.77,27.66
35.09,-72.75,27.65
35.09,-72.73,27.64
35.09,-72.71,27.64
35.09,-72.69,27.7
35.09,-72.67,27.73
35.09,-72.63,27.61
35.09,-72.61,27.61
35.09,-72.59,27.61
35.09,-72.55,27.68
35.09,-72.27,27.63
35.09,-72.25,27.64
35.09,-72.21,27.61
35.07,-76.23,26.73
35.07,-76.21,26.78
35.07,-76.15,26.64
35.07,-75.65,26.6
35.07,-75.63,26.99
35.07,-75.61,27.31
35.07,-75.59,27.48
35.07,-75.57,27.75
35.07,-75.55,27.91
35.07,-75.53,27.91
35.07,-75.51,27.88
35.07,-75.49,28.01
35.07,-75.47,28.14
35.07,-75.45,28.24
35.07,-75.43,28.21
35.07,-75.41,28.22
35.07,-75.39,28.32
35.07,-75.37,28.36
35.07,-75.35,28.38
35.07,-75.33,28.41
35.07,-75.31,28.48
35.07,-75.29,28.53
35.07,-75.27,28.6
35.07,-75.25,28.72
35.07,-75.23,29.13
35.07,-75.21,29.44
35.07,-75.19,29.58
35.07,-75.17,29.64
35.07,-75.15,29.66
35.07,-75.13,29.68
35.07,-75.11,29.76
35.07,-75.09,29.83
35.07,-75.07,29.84
35.07,-75.05,29.88
35.07,-75.03,29.91
35.07,-75.01,29.89
35.07,-74.99,29.9
35.07,-74.97,29.91
35.07,-74.95,29.95
35.07,-74.93,29.99
35.07,-74.91,30.0
35.07,-74.89,30.05
35.07,-74.87,30.03
35.07,-74.85,30.05
35.07,-74.83,30.05
35.07,-74.81,30.09
35.07,-74.79,30.05
35.07,-74.77,30.0
35.07,-74.75,29.99
35.07,-74.51,29.92
35.07,-74.49,29.87
35.07,-74.47,29.79
35.07,-74.45,29.85
35.07,-74.43,29.87
35.07,-74.41,29.84
35.07,-74.39,29.85
35.07,-74.37,29.82
35.07,-74.35,29.54
35.07,-74.33,29.41
35.07,-74.31,29.62
35.07,-74.29,29.71
35.07,-74.01,28.29
35.07,-73.99,28.21
35.07,-73.97,28.0
35.07,-73.95,27.94
35.07,-73.93,27.9
35.07,-73.91,27.85
35.07,-73.89,27.84
35.07,-73.87,27.79
35.07,-73.85,27.72
35.07,-73.83,27.7
35.07,-73.81,27.64
35.07,-73.79,27.62
35.07,-73.77,27.63
35.07,-73.75,27.6
35.07,-73.73,27.58
35.07,-73.71,27.61
35.07,-73.69,27.58
35.07,-73.67,27.56
35.07,-73.65,27.61
35.07,-73.63,27.64
35.07,-73.61,27.75
35.07,-73.59,27.76
35.07,-73.57,27.76
35.07,-73.55,27.67
35.07,-73.53,27.64
35.07,-73.51,27.67
35.07,-73.49,27.65
35.07,-73.47,27.61
35.07,-73.45,27.63
35.07,-73.43,27.66
35.07,-73.41,27.6
35.07,-73.39,27.59
35.07,-73.37,27.63
35.07,-73.35,27.64
35.07,-73.33,27.67
35.07,-73.31,27.65
35.07,-73.29,27.67
35.07,-73.27,27.7
35.07,-73.25,27.69
35.07,-73.23,27.7
35.07,-73.21,27.68
35.07,-73.19,27.67
35.07,-73.17,27.68
35.07,-73.15,27.68
35.07,-73.13,27.68
35.07,-73.11,27.69
35.07,-73.09,27.64
35.07,-73.07,27.66
35.07,-73.01,27.61
35.07,-72.89,27.64
35.07,-72.77,27.59
35.07,-72.75,27.54
35.07,-72.73,27.54
35.07,-72.71,27.54
35.07,-72.69,27.59
35.07,-72.67,27.63
35.07,-72.65,27.59
35.07,-72.63,27.54
35.07,-72.45,27.54
35.07,-72.31,27.56
35.07,-72.29,27.57
35.07,-72.27,27.58
35.07,-72.25,27.6
35.07,-72.23,27.6
35.07,-72.21,27.59
35.05,-76.99,28.36
35.05,-76.97,28.28
35.05,-76.95,28.23
35.05,-76.55,27.24
35.05,-76.53,27.22
35.05,-76.29,26.79
35.05,-76.23,26.68
35.05,-76.21,26.69
35.05,-76.19,26.66
35.05,-75.67,26.72
35.05,-75.65,27.01
35.05,-75.63,27.24
35.05,-75.61,27.35
35.05,-75.59,27.6
35.05,-75.57,27.76
35.05,-75.55,27.84
35.05,-75.53,27.72
35.05,-75.51,27.64
35.05,-75.49,27.98
35.05,-75.47,28.33
35.05,-75.45,28.44
35.05,-75.43,28.5
35.05,-75.41,28.53
35.05,-75.39,28.52
35.05,-75.37,28.5
35.05,-75.35,28.59
35.05,-75.33,28.58
35.05,-75.31,28.56
35.05,-75.29,28.93
35.05,-75.27,29.43
35.05,-75.25,29.49
35.05,-75.23,29.63
35.05,-75.21,29.68
35.05,-75.19,29.66
35.05,-75.17,29.71
35.05,-75.15,29.81
35.05,-75.13,29.85
35.05,-75.11,29.88
35.05,-75.09,29.88
35.05,-75.07,29.84
35.05,-75.05,29.84
35.05,-75.03,29.85
35.05,-75.01,29.85
35.05,-74.99,29.87
35.05,-74.97,29.9
35.05,-74.95,29.91
35.05,-74.93,29.95
35.05,-74.91,29.98
35.05,-74.89,30.02
35.05,-74.87,30.02
35.05,-74.85,30.06
35.05,-74.83,30.04
35.05,-74.81,30.02
35.05,-74.79,30.0
35.05,-74.77,29.95
35.05,-74.73,29.8
35.05,-74.71,29.8
35.05,-74.51,29.86
35.05,-74.49,29.84
35.05,-74.47,29.78
35.05,-74.39,29.86
35.05,-74.37,29.83
35.05,-74.35,29.62
35.05,-74.33,29.46
35.05,-74.31,29.49
35.05,-73.99,28.07
35.05,-73.97,28.0
35.05,-73.95,27.9
35.05,-73.93,27.85
35.05,-73.91,27.82
35.05,-73.89,27.78
35.05,-73.87,27.73
35.05,-73.85,27.67
35.05,-73.83,27.65
35.05,-73.81,27.6
35.05,-73.79,27.58
35.05,-73.77,27.6
35.05,-73.75,27.59
35.05,-73.73,27.59
35.05,-73.71,27.58
35.05,-73.69,27.55
35.05,-73.67,27.58
35.05,-73.65,27.64
35.05,-73.63,27.71
35.05,-73.61,27.76
35.05,-73.59,27.75
35.05,-73.57,27.74
35.05,-73.55,27.67
35.05,-73.53,27.66
35.05,-73.51,27.63
35.05,-73.49,27.64
35.05,-73.47,27.64
35.05,-73.45,27.63
35.05,-73.43,27.64
35.05,-73.41,27.62
35.05,-73.39,27.59
35.05,-73.37,27.63
35.05,-73.35,27.67
35.05,-73.33,27.71
35.05,-73.31,27.67
35.05,-73.29,27.66
35.05,-73.27,27.66
35.05,-73.25,27.69
35.05,-73.23,27.72
35.05,-73.21,27.69
35.05,-73.19,27.68
35.05,-73.17,27.7
35.05,-73.15,27.72
35.05,-73.13,27.68
35.05,-73.11,27.67
35.05,-73.09,27.67
35.05,-72.91,27.56
35.05,-72.89,27.59
35.05,-72.83,27.58
35.05,-72.77,27.61
35.05,-72.75,27.59
35.05,-72.73,27.55
35.05,-72.71,27.56
35.05,-72.69,27.62
35.05,-72.63,27.52
35.05,-72.55,27.6
35.05,-72.53,27.58
35.05,-72.51,27.59
35.05,-72.31,27.57
35.05,-72.29,27.57
35.05,-72.27,27.55
35.05,-72.23,27.57
35.03,-76.97,28.18
35.03,-76.95,28.15
35.03,-76.31,26.77
35.03,-76.29,26.74
35.03,-76.27,26.66
35.03,-76.25,26.66
35.03,-76.23,26.76
35.03,-76.21,26.78
35.03,-76.19,26.7
35.03,-75.69,26.69
35.03,-75.67,26.86
35.03,-75.65,27.03
35.03,-75.63,27.19
35.03,-75.61,27.48
35.03,-75.59,27.66
35.03,-75.57,27.7
35.03,-75.55,27.68
35.03,-75.53,27.52
35.03,-75.51,27.54
35.03,-75.49,28.33
35.03,-75.47,28.56
35.03,-75.45,28.59
35.03,-75.43,28.6
35.03,-75.41,28.62
35.03,-75.39,28.57
35.03,-75.37,28.56
35.03,-75.35,28.71
35.03,-75.33,29.36
35.03,-75.31,29.51
35.03,-75.29,29.56
35.03,-75.27,29.65
35.03,-75.25,29.65
35.03,-75.23,29.72
35.03,-75.21,29.75
35.03,-75.13,29.82
35.03,-75.11,29.82
35.03,-75.09,29.84
35.03,-75.07,29.86
35.03,-75.05,29.86
35.03,-75.03,29.86
35.03,-75.01,29.88
35.03,-74.99,29.87
35.03,-74.97,29.87
35.03,-74.95,29.87
35.03,-74.93,29.88
35.03,-74.91,29.91
35.03,-74.89,29.92
35.03,-74.87,29.92
35.03,-74.85,29.94
35.03,-74.83,29.84
35.03,-74.81,29.86
35.03,-74.79,29.62
35.03,-74.77,29.58
35.03,-74.75,29.58
35.03,-74.73,29.74
35.03,-74.71,29.7
35.03,-74.53,29.77
35.03,-74.51,29.84
35.03,-74.49,29.84
35.03,-74.35,29.57
35.03,-74.33,29.52
35.03,-74.31,29.54
35.03,-74.27,29.7
35.03,-73.99,28.03
35.03,-73.97,27.91
35.03,-73.95,27.88
35.03,-73.93,27.84
35.03,-73.91,27.84
35.03,-73.89,27.78
35.03,-73.87,27.72
35.03,-73.85,27.66
35.03,-73.83,27.63
35.03,-73.81,27.63
35.03,-73.79,27.6
35.03,-73.77,27.57
35.03,-73.75,27.58
35.03,-73.73,27.59
35.03,-73.71,27.57
35.03,-73.69,27.56
35.03,-73.67,27.63
35.03,-73.65,27.7
35.03,-73.63,27.76
35.03,-73.61,27.77
35.03,-73.59,27.77
35.03,-73.57,27.79
35.03,-73.55,27.69
35.03,-73.53,27.66
35.03,-73.51,27.63
35.03,-73.49,27.66
35.03,-73.47,27.66
35.03,-73.45,27.67
35.03,-73.43,27.64
35.03,-73.41,27.62
35.03,-73.39,27.63
35.03,-73.37,27.62
35.03,-73.35,27.66
35.03,-73.33,27.67
35.03,-73.31,27.68
35.03,-73.29,27.68
35.03,-73.27,27.69
35.03,-73.25,27.69
35.03,-73.23,27.7
35.03,-73.21,27.71
35.03,-73.19,27.7
35.03,-73.17,27.69
35.03,-73.15,27.7
35.03,-73.13,27.71
35.03,-73.11,27.67
35.03,-73.09,27.66
35.03,-73.07,27.63
35.03,-73.05,27.63
35.03,-72.93,27.58
35.03,-72.91,27.58
35.03,-72.89,27.56
35.03,-72.85,27.62
35.03,-72.83,27.59
35.03,-72.77,27.64
35.03,-72.75,27.65
35.03,-72.71,27.62
35.03,-72.69,27.63
35.03,-72.65,27.59
35.03,-72.63,27.6
35.03,-72.31,27.56
35.03,-72.29,27.55
35.03,-72.21,27.51
35.01,-76.97,28.16
35.01,-76.95,28.18
35.01,-76.53,27.33
35.01,-76.27,26.7
35.01,-76.25,26.97
35.01,-76.23,26.96
35.01,-76.21,26.8
35.01,-76.19,26.73
35.01,-75.71,26.76
35.01,-75.69,26.75
35.01,-75.67,26.81
35.01,-75.65,27.07
35.01,-75.63,27.44
35.01,-75.61,27.54
35.01,-75.59,27.53
35.01,-75.57,27.59
35.01,-75.55,27.64
35.01,-75.53,28.03
35.01,-75.51,28.44
35.01,-75.49,28.6
35.01,-75.47,28.62
35.01,-75.45,28.65
35.01,-75.43,28.59
35.01,-75.41,28.61
35.01,-75.39,28.87
35.01,-75.37,29.43
35.01,-75.35,29.51
35.01,-75.33,29.56
35.01,-75.31,29.64
35.01,-75.29,29.71
35.01,-75.27,29.74
35.01,-75.25,29.73
35.01,-75.23,29.77
35.01,-75.05,29.89
35.01,-75.03,29.88
35.01,-75.01,29.86
35.01,-74.99,29.84
35.01,-74.97,29.82
35.01,-74.95,29.82
35.01,-74.93,29.8
35.01,-74.91,29.83
35.01,-74.89,29.81
35.01,-74.87,29.73
35.01,-74.85,29.67
35.01,-74.83,29.6
35.01,-74.81,29.49
35.01,-74.79,29.49
35.01,-74.77,29.55
35.01,-74.71,29.54
35.01,-74.69,29.55
35.01,-74.67,29.6
35.01,-74.63,29.68
35.01,-74.61,29.55
35.01,-74.59,29.52
35.01,-74.57,29.5
35.01,-74.55,29.6
35.01,-74.53,29.63
35.01,-74.51,29.76
35.01,-74.49,29.83
35.01,-74.43,29.79
35.01,-74.35,29.63
35.01,-74.33,29.53
35.01,-74.01,28.19
35.01,-73.99,28.1
35.01,-73.97,27.9
35.01,-73.95,27.87
35.01,-73.93,27.87
35.01,-73.91,27.84
35.01,-73.89,27.76
35.01,-73.87,27.74
35.01,-73.85,27.66
35.01,-73.83,27.64
35.01,-73.81,27.6
35.01,-73.79,27.61
35.01,-73.77,27.59
35.01,-73.75,27.62
35.01,-73.73,27.63
35.01,-73.71,27.65
35.01,-73.69,27.65
35.01,-73.67,27.67
35.01,-73.65,27.71
35.01,-73.63,27.76
35.01,-73.61,27.78
35.01,-73.59,27.79
35.01,-73.57,27.81
35.01,-73.55,27.7
35.01,-73.53,27.65
35.01,-73.51,27.69
35.01,-73.49,27.69
35.01,-73.47,27.64
35.01,-73.45,27.64
35.01,-73.43,27.68
35.01,-73.41,27.66
35.01,-73.39,27.68
35.01,-73.37,27.67
35.01,-73.35,27.64
35.01,-73.33,27.63
35.01,-73.31,27.66
35.01,-73.29,27.69
35.01,-73.27,27.66
35.01,-73.25,27.65
35.01,-73.23,27.69
35.01,-73.21,27.71
35.01,-73.19,27.69
35.01,-73.17,27.69
35.01,-73.15,27.69
35.01,-73.13,27.72
35.01,-73.11,27.66
35.01,-73.09,27.64
35.01,-73.07,27.64
35.01,-73.05,27.63
35.01,-73.03,27.61
35.01,-72.89,27.63
35.01,-72.87,27.63
35.01,-72.85,27.62
35.01,-72.83,27.58
35.01,-72.81,27.52
35.01,-72.79,27.52
35.01,-72.77,27.56
35.01,-72.75,27.64
35.01,-72.73,27.63
35.01,-72.69,27.62
35.01,-72.67,27.62
35.01,-72.65,27.61
35.01,-72.35,27.41
35.01,-72.33,27.43
35.01,-72.31,27.45
35.01,-72.29,27.5
35.01,-72.23,27.53
35.01,-72.21,27.52
34.99,-76.95,28.14
34.99,-76.93,28.08
34.99,-76.75,27.68
34.99,-75.97,26.61
34.99,-75.73,26.74
34.99,-75.71,26.84
34.99,-75.69,26.95
34.99,-75.67,27.07
34.99,-75.65,27.17
34.99,-75.63,27.33
34.99,-75.61,27.48
34.99,-75.59,27.73
34.99,-75.57,28.11
34.99,-75.55,28.38
34.99,-75.53,28.49
34.99,-75.51,28.62
34.99,-75.49,28.68
34.99,-75.47,28.66
34.99,-75.45,28.73
34.99,-75.43,28.98
34.99,-75.41,29.23
34.99,-75.39,29.51
34.99,-75.37,29.58
34.99,-75.35,29.65
34.99,-75.33,29.68
34.99,-75.31,29.73
34.99,-75.29,29.74
34.99,-75.27,29.78
34.99,-75.09,29.83
34.99,-75.07,29.83
34.99,-75.03,29.87
34.99,-75.01,29.88
34.99,-74.99,29.82
34.99,-74.97,29.76
34.99,-74.95,29.69
34.99,-74.93,29.64
34.99,-74.91,29.6
34.99,-74.89,29.53
34.99,-74.87,29.47
34.99,-74.85,29.53
34.99,-74.83,29.46
34.99,-74.81,29.42
34.99,-74.79,29.43
34.99,-74.77,29.46
34.99,-74.75,29.45
34.99,-74.73,29.48
34.99,-74.71,29.53
34.99,-74.69,29.56
34.99,-74.67,29.56
34.99,-74.61,29.47
34.99,-74.59,29.49
34.99,-74.57,29.47
34.99,-74.55,29.51
34.99,-74.53,29.58
34.99,-74.51,29.58
34.99,-74.49,29.59
34.99,-74.43,29.78
34.99,-74.25,29.42
34.99,-74.23,29.42
34.99,-73.99,28.01
34.99,-73.97,27.93
34.99,-73.95,27.9
34.99,-73.93,27.95
34.99,-73.91,27.89
34.99,-73.89,27.81
34.99,-73.87,27.72
34.99,-73.85,27.65
34.99,-73.83,27.63
34.99,-73.81,27.61
34.99,-73.79,27.61
34.99,-73.77,27.6
34.99,-73.75,27.64
34.99,-73.73,27.65
34.99,-73.71,27.67
34.99,-73.69,27.7
34.99,-73.67,27.69
34.99,-73.65,27.72
34.99,-73.63,27.76
34.99,-73.61,27.76
34.99,-73.59,27.8
34.99,-73.57,27.76
34.99,-73.55,27.67
34.99,-73.53,27.67
34.99,-73.51,27.67
34.99,-73.49,27.67
34.99,-73.47,27.66
34.99,-73.45,27.66
34.99,-73.43,27.62
34.99,-73.41,27.6
34.99,-73.39,27.59
34.99,-73.37,27.65
34.99,-73.35,27.65
34.99,-73.33,27.64
34.99,-73.31,27.68
34.99,-73.29,27.69
34.99,-73.27,27.69
34.99,-73.25,27.68
34.99,-73.23,27.68
34.99,-73.21,27.68
34.99,-73.19,27.69
34.99,-73.17,27.68
34.99,-73.15,27.72
34.99,-73.13,27.73
34.99,-73.11,27.68
34.99,-73.09,27.69
34.99,-73.07,27.63
34.99,-73.05,27.65
34.99,-73.03,27.62
34.99,-73.01,27.58
34.99,-72.99,27.62
34.99,-72.93,27.6
34.99,-72.85,27.58
34.99,-72.83,27.59
34.99,-72.81,27.53
34.99,-72.79,27.53
34.99,-72.77,27.61
34.99,-72.75,27.63
34.99,-72.73,27.66
34.99,-72.71,27.66
34.99,-72.69,27.61
34.99,-72.67,27.62
34.99,-72.57,27.65
34.99,-72.33,27.45
34.99,-72.31,27.48
34.99,-72.29,27.53
34.99,-72.27,27.5
34.99,-72.25,27.49
34.99,-72.23,27.52
34.97,-76.75,27.7
34.97,-76.73,27.6
34.97,-76.71,27.54
34.97,-75.97,26.59
34.97,-75.95,26.59
34.97,-75.73,26.76
34.97,-75.71,26.89
34.97,-75.69,27.11
34.97,-75.67,27.18
34.97,-75.65,27.2
34.97,-75.63,27.65
34.97,-75.61,28.13
34.97,-75.59,28.35
34.97,-75.57,28.36
34.97,-75.55,28.56
34.97,-75.53,28.58
34.97,-75.51,28.63
34.97,-75.49,28.82
34.97,-75.47,28.99
34.97,-75.45,29.05
34.97,-75.43,29.35
34.97,-75.41,29.51
34.97,-75.39,29.56
34.97,-75.37,29.59
34.97,-75.35,29.66
34.97,-75.33,29.75
34.97,-75.31,29.8
34.97,-75.29,29.85
34.97,-75.27,29.89
34.97,-75.07,29.81
34.97,-75.05,29.72
34.97,-75.03,29.66
34.97,-75.01,29.52
34.97,-74.99,29.51
34.97,-74.97,29.46
34.97,-74.95,29.36
34.97,-74.93,29.24
34.97,-74.91,29.25
34.97,-74.89,29.28
34.97,-74.87,29.24
34.97,-74.85,29.25
34.97,-74.83,29.28
34.97,-74.81,29.28
34.97,-74.79,29.26
34.97,-74.77,29.27
34.97,-74.75,29.33
34.97,-74.73,29.39
34.97,-74.71,29.4
34.97,-74.69,29.36
34.97,-74.67,29.36
34.97,-74.65,29.36
34.97,-74.63,29.41
34.97,-74.61,29.48
34.97,-74.59,29.51
34.97,-74.57,29.54
34.97,-74.55,29.56
34.97,-74.53,29.55
34.97,-74.51,29.59
34.97,-74.49,29.6
34.97,-74.47,29.63
34.97,-74.37,29.75
34.97,-74.35,29.65
34.97,-74.33,29.65
34.97,-74.31,29.64
34.97,-74.27,29.51
34.97,-74.25,29.44
34.97,-74.23,29.42
34.97,-74.03,28.27
34.97,-74.01,28.13
34.97,-73.99,28.1
34.97,-73.95,27.91
34.97,-73.93,27.95
34.97,-73.91,27.94
34.97,-73.89,27.78
34.97,-73.87,27.64
34.97,-73.85,27.63
34.97,-73.83,27.6
34.97,-73.81,27.63
34.97,-73.79,27.65
34.97,-73.77,27.63
34.97,-73.75,27.65
34.97,-73.73,27.61
34.97,-73.71,27.66
34.97,-73.69,27.68
34.97,-73.67,27.72
34.97,-73.65,27.73
34.97,-73.63,27.75
34.97,-73.61,27.75
34.97,-73.59,27.76
34.97,-73.57,27.74
34.97,-73.55,27.7
34.97,-73.53,27.69
34.97,-73.51,27.65
34.97,-73.49,27.65
34.97,-73.47,27.63
34.97,-73.45,27.65
34.97,-73.43,27.62
34.97,-73.41,27.6
34.97,-73.39,27.63
34.97,-73.37,27.67
34.97,-73.35,27.66
34.97,-73.33,27.65
34.97,-73.31,27.68
34.97,-73.29,27.69
34.97,-73.27,27.67
34.97,-73.25,27.67
34.97,-73.23,27.66
34.97,-73.21,27.68
34.97,-73.19,27.69
34.97,-73.17,27.72
34.97,-73.15,27.74
34.97,-73.13,27.7
34.97,-73.11,27.67
34.97,-73.09,27.67
34.97,-73.07,27.65
34.97,-73.05,27.66
34.97,-73.03,27.67
34.97,-73.01,27.64
34.97,-72.99,27.64
34.97,-72.97,27.65
34.97,-72.95,27.61
34.97,-72.93,27.59
34.97,-72.91,27.61
34.97,-72.85,27.61
34.97,-72.83,27.6
34.97,-72.81,27.58
34.97,-72.79,27.61
34.97,-72.77,27.62
34.97,-72.73,27.64
34.97,-72.71,27.62
34.97,-72.69,27.61
34.97,-72.67,27.61
34.95,-76.77,27.63
34.95,-76.75,27.67
34.95,-76.73,27.64
34.95,-75.75,27.02
34.95,-75.73,27.16
34.95,-75.71,27.36
34.95,-75.69,27.5
34.95,-75.67,27.57
34.95,-75.65,27.97
34.95,-75.63,27.9
34.95,-75.61,28.44
34.95,-75.59,28.62
34.95,-75.57,28.65
34.95,-75.55,28.68
34.95,-75.53,28.72
34.95,-75.51,29.03
34.95,-75.49,29.11
34.95,-75.47,29.25
34.95,-75.45,29.4
34.95,-75.43,29.53
34.95,-75.41,29.58
34.95,-75.39,29.57
34.95,-75.37,29.62
34.95,-75.35,29.73
34.95,-75.33,29.8
34.95,-75.31,29.86
34.95,-75.29,29.86
34.95,-75.07,29.75
34.95,-75.05,29.7
34.95,-75.03,29.65
34.95,-75.01,29.53
34.95,-74.99,29.44
34.95,-74.97,29.39
34.95,-74.95,29.31
34.95,-74.93,29.22
34.95,-74.91,29.2
34.95,-74.89,29.24
34.95,-74.87,29.1
34.95,-74.85,29.07
34.95,-74.83,29.17
34.95,-74.81,29.18
34.95,-74.79,29.21
34.95,-74.77,29.27
34.95,-74.75,29.31
34.95,-74.73,29.32
34.95,-74.71,29.35
34.95,-74.69,29.35
34.95,-74.67,29.35
34.95,-74.65,29.34
34.95,-74.63,29.39
34.95,-74.61,29.39
34.95,-74.57,29.51
34.95,-74.55,29.53
34.95,-74.53,29.52
34.95,-74.51,29.6
34.95,-74.49,29.62
34.95,-74.47,29.61
34.95,-74.45,29.7
34.95,-74.43,29.81
34.95,-74.41,29.82
34.95,-74.39,29.76
34.95,-74.37,29.77
34.95,-74.35,29.71
34.95,-74.33,29.7
34.95,-74.31,29.67
34.95,-74.05,28.4
34.95,-74.01,28.05
34.95,-73.99,27.88
34.95,-73.97,27.86
34.95,-73.95,27.86
34.95,-73.93,27.92
34.95,-73.91,27.93
34.95,-73.89,27.77
34.95,-73.87,27.63
34.95,-73.85,27.63
34.95,-73.83,27.61
34.95,-73.81,27.61
34.95,-73.79,27.62
34.95,-73.77,27.68
34.95,-73.75,27.78
34.95,-73.73,27.71
34.95,-73.71,27.71
34.95,-73.69,27.71
34.95,-73.67,27.71
34.95,-73.65,27.73
34.95,-73.63,27.73
34.95,-73.61,27.72
34.95,-73.59,27.69
34.95,-73.57,27.68
34.95,-73.55,27.67
34.95,-73.53,27.68
34.95,-73.51,27.64
34.95,-73.49,27.64
34.95,-73.47,27.65
34.95,-73.45,27.66
34.95,-73.43,27.64
34.95,-73.41,27.64
34.95,-73.39,27.66
34.95,-73.37,27.67
34.95,-73.35,27.65
34.95,-73.33,27.66
34.95,-73.31,27.69
34.95,-73.29,27.66
34.95,-73.27,27.67
34.95,-73.25,27.69
34.95,-73.23,27.7
34.95,-73.21,27.71
34.95,-73.19,27.7
34.95,-73.17,27.7
34.95,-73.15,27.69
34.95,-73.13,27.69
34.95,-73.11,27.66
34.95,-73.09,27.67
34.95,-73.07,27.69
34.95,-73.05,27.65
34.95,-73.03,27.61
34.95,-73.01,27.58
34.95,-72.99,27.59
34.95,-72.97,27.57
34.95,-72.95,27.59
34.95,-72.93,27.6
34.95,-72.91,27.59
34.95,-72.89,27.61
34.95,-72.87,27.58
34.95,-72.85,27.58
34.95,-72.81,27.55
34.95,-72.79,27.57
34.95,-72.77,27.61
34.95,-72.75,27.63
34.95,-72.73,27.63
34.95,-72.71,27.64
34.95,-72.69,27.61
34.95,-72.67,27.53
34.95,-72.57,27.61
34.95,-72.55,27.62
34.93,-76.77,27.6
34.93,-76.75,27.62
34.93,-76.73,27.6
34.93,-75.99,26.6
34.93,-75.75,27.04
34.93,-75.73,27.51
34.93,-75.71,27.79
34.93,-75.69,28.0
34.93,-75.67,28.18
34.93,-75.65,28.35
34.93,-75.63,28.24
34.93,-75.61,28.5
34.93,-75.59,28.69
34.93,-75.57,28.88
34.93,-75.55,28.99
34.93,-75.53,29.09
34.93,-75.51,29.26
34.93,-75.49,29.44
34.93,-75.47,29.54
34.93,-75.45,29.53
34.93,-75.43,29.57
34.93,-75.41,29.62
34.93,-75.39,29.67
34.93,-75.37,29.72
34.93,-75.35,29.8
34.93,-75.33,29.88
34.93,-75.31,29.89
34.93,-75.07,29.74
34.93,-75.05,29.71
34.93,-75.03,29.6
34.93,-75.01,29.48
34.93,-74.99,29.4
34.93,-74.97,29.27
34.93,-74.95,29.19
34.93,-74.93,29.17
34.93,-74.91,29.09
34.93,-74.89,29.11
34.93,-74.87,29.12
34.93,-74.85,29.14
34.93,-74.83,29.13
34.93,-74.81,29.15
34.93,-74.79,29.15
34.93,-74.77,29.17
34.93,-74.75,29.22
34.93,-74.73,29.24
34.93,-74.71,29.23
34.93,-74.69,29.23
34.93,-74.67,29.26
34.93,-74.65,29.32
34.93,-74.63,29.32
34.93,-74.61,29.36
34.93,-74.51,29.66
34.93,-74.49,29.67
34.93,-74.45,29.74
34.93,-74.43,29.78
34.93,-74.41,29.81
34.93,-74.39,29.79
34.93,-74.37,29.8
34.93,-74.35,29.78
34.93,-74.33,29.76
34.93,-74.31,29.76
34.93,-74.29,29.8
34.93,-74.27,29.72
34.93,-74.23,29.52
34.93,-74.03,28.19
34.93,-74.01,28.05
34.93,-73.99,27.89
34.93,-73.97,27.87
34.93,-73.95,27.86
34.93,-73.93,27.88
34.93,-73.91,27.85
34.93,-73.89,27.74
34.93,-73.87,27.59
34.93,-73.85,27.6
34.93,-73.83,27.59
34.93,-73.81,27.61
34.93,-73.79,27.63
34.93,-73.77,27.75
34.93,-73.75,27.76
34.93,-73.73,27.76
34.93,-73.71,27.81
34.93,-73.69,27.79
34.93,-73.67,27.74
34.93,-73.65,27.76
34.93,-73.63,27.75
34.93,-73.61,27.72
34.93,-73.59,27.7
34.93,-73.57,27.65
34.93,-73.55,27.66
34.93,-73.53,27.65
34.93,-73.51,27.67
34.93,-73.49,27.66
34.93,-73.47,27.66
34.93,-73.45,27.66
34.93,-73.43,27.65
34.93,-73.41,27.65
34.93,-73.39,27.62
34.93,-73.37,27.62
34.93,-73.35,27.66
34.93,-73.33,27.64
34.93,-73.31,27.65
34.93,-73.29,27.65
34.93,-73.27,27.64
34.93,-73.25,27.66
34.93,-73.23,27.67
34.93,-73.21,27.66
34.93,-73.19,27.68
34.93,-73.17,27.7
34.93,-73.15,27.64
34.93,-73.13,27.67
34.93,-73.11,27.66
34.93,-73.09,27.67
34.93,-73.07,27.62
34.93,-73.05,27.62
34.93,-73.03,27.61
34.93,-73.01,27.59
34.93,-72.99,27.6
34.93,-72.97,27.58
34.93,-72.95,27.58
34.93,-72.93,27.55
34.93,-72.91,27.55
34.93,-72.89,27.57
34.93,-72.87,27.59
34.93,-72.85,27.57
34.93,-72.81,27.56
34.93,-72.79,27.58
34.93,-72.77,27.62
34.93,-72.75,27.62
34.93,-72.73,27.64
34.93,-72.71,27.65
34.93,-72.69,27.66
34.93,-72.67,27.69
34.93,-72.51,27.69
34.91,-75.75,27.41
34.91,-75.73,27.81
34.91,-75.71,28.0
34.91,-75.69,28.21
34.91,-75.67,28.45
34.91,-75.65,28.52
34.91,-75.63,28.56
34.91,-75.61,28.66
34.91,-75.59,29.15
34.91,-75.57,29.13
34.91,-75.55,29.13
34.91,-75.53,29.43
34.91,-75.51,29.47
34.91,-75.49,29.53
34.91,-75.47,29.59
34.91,-75.45,29.6
34.91,-75.43,29.66
34.91,-75.41,29.67
34.91,-75.39,29.74
34.91,-75.37,29.79
34.91,-75.35,29.83
34.91,-75.33,29.89
34.91,-75.31,29.89
34.91,-75.07,29.65
34.91,-75.05,29.57
34.91,-75.03,29.28
34.91,-75.01,29.07
34.91,-74.99,29.0
34.91,-74.97,29.08
34.91,-74.95,29.05
34.91,-74.93,29.03
34.91,-74.91,29.01
34.91,-74.89,28.98
34.91,-74.87,28.97
34.91,-74.85,29.12
34.91,-74.83,29.06
34.91,-74.81,29.13
34.91,-74.79,29.15
34.91,-74.77,29.18
34.91,-74.75,29.2
34.91,-74.73,29.21
34.91,-74.71,29.19
34.91,-74.69,29.18
34.91,-74.67,29.25
34.91,-74.65,29.27
34.91,-74.63,29.36
34.91,-74.61,29.38
34.91,-74.57,29.46
34.91,-74.55,29.53
34.91,-74.53,29.53
34.91,-74.51,29.54
34.91,-74.49,29.58
34.91,-74.47,29.61
34.91,-74.45,29.68
34.91,-74.43,29.72
34.91,-74.41,29.77
34.91,-74.39,29.77
34.91,-74.37,29.81
34.91,-74.35,29.82
34.91,-74.33,29.79
34.91,-74.31,29.76
34.91,-74.29,29.82
34.91,-74.27,29.65
34.91,-74.25,29.6
34.91,-74.23,29.55
34.91,-74.21,29.53
34.91,-74.13,28.48
34.91,-74.09,28.37
34.91,-74.07,28.36
34.91,-74.05,28.19
34.91,-74.03,28.08
34.91,-74.01,28.0
34.91,-73.99,27.92
34.91,-73.97,27.9
34.91,-73.95,27.84
34.91,-73.93,27.85
34.91,-73.91,27.77
34.91,-73.89,27.61
34.91,-73.87,27.56
34.91,-73.85,27.55
34.91,-73.83,27.57
34.91,-73.81,27.57
34.91,-73.79,27.64
34.91,-73.77,27.74
34.91,-73.75,27.78
34.91,-73.73,27.79
34.91,-73.71,27.81
34.91,-73.69,27.83
34.91,-73.67,27.81
34.91,-73.65,27.8
34.91,-73.63,27.73
34.91,-73.61,27.68
34.91,-73.59,27.67
34.91,-73.57,27.67
34.91,-73.55,27.66
34.91,-73.53,27.66
34.91,-73.51,27.64
34.91,-73.49,27.65
34.91,-73.47,27.65
34.91,-73.45,27.65
34.91,-73.43,27.65
34.91,-73.41,27.62
34.91,-73.39,27.61
34.91,-73.37,27.61
34.91,-73.35,27.62
34.91,-73.33,27.62
34.91,-73.31,27.63
34.91,-73.29,27.62
34.91,-73.27,27.62
34.91,-73.25,27.63
34.91,-73.23,27.66
34.91,-73.21,27.65
34.91,-73.19,27.66
34.91,-73.17,27.68
34.91,-73.15,27.67
34.91,-73.13,27.64
34.91,-73.11,27.67
34.91,-73.09,27.66
34.91,-73.07,27.64
34.91,-73.05,27.63
34.91,-73.03,27.61
34.91,-73.01,27.58
34.91,-72.99,27.59
34.91,-72.97,27.6
34.91,-72.95,27.54
34.91,-72.93,27.55
34.91,-72.91,27.59
34.91,-72.89,27.6
34.91,-72.87,27.58
34.91,-72.85,27.6
34.91,-72.83,27.64
34.91,-72.81,27.63
34.91,-72.79,27.62
34.91,-72.77,27.68
34.91,-72.75,27.66
34.91,-72.73,27.67
34.91,-72.71,27.69
34.91,-72.69,27.67
34.91,-72.67,27.69
34.91,-72.65,27.7
34.91,-72.61,27.68
34.91,-72.59,27.68
34.91,-72.51,27.65
34.91,-72.49,27.6
34.91,-72.41,27.72
34.89,-75.97,26.62
34.89,-75.75,27.47
34.89,-75.73,27.83
34.89,-75.71,28.21
34.89,-75.69,28.38
34.89,-75.67,28.49
34.89,-75.65,28.58
34.89,-75.63,28.9
34.89,-75.61,29.08
34.89,-75.59,29.16
34.89,-75.57,29.2
34.89,-75.55,29.42
34.89,-75.53,29.5
34.89,-75.51,29.54
34.89,-75.49,29.61
34.89,-75.47,29.64
34.89,-75.45,29.66
34.89,-75.43,29.71
34.89,-75.41,29.77
34.89,-75.39,29.78
34.89,-75.37,29.85
34.89,-75.35,29.86
34.89,-75.33,29.89
34.89,-75.31,29.92
34.89,-75.29,29.92
34.89,-75.27,29.92
34.89,-75.07,29.48
34.89,-75.05,29.35
34.89,-75.03,29.12
34.89,-75.01,29.01
34.89,-74.99,28.98
34.89,-74.97,29.03
34.89,-74.95,29.02
34.89,-74.93,29.02
34.89,-74.91,29.04
34.89,-74.87,29.11
34.89,-74.85,29.14
34.89,-74.83,29.15
34.89,-74.81,29.17
34.89,-74.79,29.17
34.89,-74.77,29.16
34.89,-74.75,29.18
34.89,-74.73,29.2
34.89,-74.71,29.21
34.89,-74.69,29.2
34.89,-74.67,29.21
34.89,-74.65,29.23
34.89,-74.63,29.31
34.89,-74.61,29.32
34.89,-74.59,29.4
34.89,-74.57,29.41
34.89,-74.55,29.45
34.89,-74.53,29.52
34.89,-74.51,29.55
34.89,-74.49,29.61
34.89,-74.47,29.63
34.89,-74.45,29.67
34.89,-74.43,29.7
34.89,-74.41,29.75
34.89,-74.39,29.77
34.89,-74.37,29.77
34.89,-74.35,29.79
34.89,-74.33,29.79
34.89,-74.31,29.76
34.89,-74.29,29.72
34.89,-74.27,29.63
34.89,-74.25,29.47
34.89,-74.23,29.46
34.89,-74.21,29.46
34.89,-74.09,28.31
34.89,-74.07,28.29
34.89,-74.05,28.18
34.89,-74.03,28.05
34.89,-74.01,27.98
34.89,-73.99,27.94
34.89,-73.97,27.93
34.89,-73.95,27.85
34.89,-73.93,27.83
34.89,-73.89,27.6
34.89,-73.87,27.56
34.89,-73.85,27.6
34.89,-73.83,27.61
34.89,-73.81,27.59
34.89,-73.79,27.68
34.89,-73.77,27.77
34.89,-73.75,27.82
34.89,-73.73,27.86
34.89,-73.71,27.84
34.89,-73.69,27.83
34.89,-73.67,27.8
34.89,-73.65,27.75
34.89,-73.63,27.69
34.89,-73.61,27.7
34.89,-73.59,27.66
34.89,-73.57,27.64
34.89,-73.55,27.65
34.89,-73.53,27.65
34.89,-73.51,27.66
34.89,-73.49,27.65
34.89,-73.47,27.63
34.89,-73.45,27.61
34.89,-73.43,27.57
34.89,-73.41,27.6
34.89,-73.39,27.6
34.89,-73.37,27.57
34.89,-73.35,27.61
34.89,-73.33,27.61
34.89,-73.31,27.6
34.89,-73.29,27.63
34.89,-73.27,27.63
34.89,-73.25,27.64
34.89,-73.23,27.65
34.89,-73.21,27.66
34.89,-73.19,27.67
34.89,-73.17,27.67
34.89,-73.15,27.68
34.89,-73.13,27.69
34.89,-73.11,27.7
34.89,-73.09,27.67
34.89,-73.07,27.63
34.89,-73.05,27.65
34.89,-73.03,27.64
34.89,-73.01,27.61
34.89,-72.99,27.59
34.89,-72.97,27.57
34.89,-72.95,27.58
34.89,-72.93,27.61
34.89,-72.91,27.59
34.89,-72.89,27.6
34.89,-72.87,27.63
34.89,-72.85,27.65
34.89,-72.83,27.65
34.89,-72.81,27.69
34.89,-72.79,27.67
34.89,-72.77,27.73
34.89,-72.75,27.71
34.89,-72.73,27.66
34.89,-72.71,27.69
34.89,-72.69,27.69
34.89,-72.67,27.65
34.89,-72.65,27.67
34.89,-72.63,27.7
34.89,-72.61,27.71
34.89,-72.59,27.73
34.89,-72.57,27.72
34.89,-72.53,27.72
34.89,-72.51,27.72
34.89,-72.41,27.73
34.89,-72.27,27.59
34.89,-72.25,27.58
34.89,-72.23,27.65
34.89,-72.21,27.69
34.87,-76.41,26.23
34.87,-75.99,26.69
34.87,-75.97,26.8
34.87,-75.95,26.9
34.87,-75.75,27.45
34.87,-75.73,27.79
34.87,-75.71,28.16
34.87,-75.69,28.39
34.87,-75.67,28.66
34.87,-75.65,28.89
34.87,-75.63,29.06
34.87,-75.61,29.07
34.87,-75.59,29.35
34.87,-75.57,29.42
34.87,-75.55,29.52
34.87,-75.53,29.58
34.87,-75.51,29.62
34.87,-75.49,29.7
34.87,-75.47,29.73
34.87,-75.45,29.75
34.87,-75.43,29.77
34.87,-75.41,29.81
34.87,-75.39,29.87
34.87,-75.37,29.92
34.87,-75.35,29.89
34.87,-75.33,29.87
34.87,-75.31,29.88
34.87,-75.29,29.91
34.87,-75.27,29.91
34.87,-75.25,29.87
34.87,-75.05,29.19
34.87,-75.03,28.96
34.87,-75.01,28.94
34.87,-74.99,28.86
34.87,-74.97,28.91
34.87,-74.95,28.97
34.87,-74.93,29.0
34.87,-74.91,29.07
34.87,-74.89,29.13
34.87,-74.85,29.13
34.87,-74.83,29.14
34.87,-74.81,29.15
34.87,-74.79,29.17
34.87,-74.77,29.19
34.87,-74.75,29.2
34.87,-74.73,29.15
34.87,-74.71,29.15
34.87,-74.69,29.18
34.87,-74.67,29.2
34.87,-74.65,29.26
34.87,-74.63,29.28
34.87,-74.61,29.34
34.87,-74.59,29.36
34.87,-74.57,29.4
34.87,-74.55,29.45
34.87,-74.53,29.51
34.87,-74.51,29.54
34.87,-74.49,29.59
34.87,-74.47,29.67
34.87,-74.45,29.7
34.87,-74.43,29.7
34.87,-74.41,29.73
34.87,-74.39,29.74
34.87,-74.37,29.77
34.87,-74.35,29.82
34.87,-74.33,29.8
34.87,-74.31,29.75
34.87,-74.29,29.73
34.87,-74.27,29.59
34.87,-74.25,29.45
34.87,-74.23,29.44
34.87,-74.13,28.34
34.87,-74.11,28.35
34.87,-74.09,28.27
34.87,-74.07,28.23
34.87,-74.05,28.18
34.87,-74.03,28.05
34.87,-74.01,28.0
34.87,-73.99,27.92
34.87,-73.97,27.92
34.87,-73.95,27.84
34.87,-73.93,27.77
34.87,-73.89,27.54
34.87,-73.87,27.54
34.87,-73.85,27.58
34.87,-73.83,27.62
34.87,-73.81,27.61
34.87,-73.79,27.77
34.87,-73.77,27.82
34.87,-73.75,27.81
34.87,-73.73,27.85
34.87,-73.71,27.88
34.87,-73.69,27.83
34.87,-73.67,27.73
34.87,-73.65,27.68
34.87,-73.63,27.67
34.87,-73.61,27.67
34.87,-73.59,27.66
34.87,-73.57,27.67
34.87,-73.55,27.67
34.87,-73.53,27.63
34.87,-73.51,27.62
34.87,-73.49,27.61
34.87,-73.47,27.61
34.87,-73.45,27.61
34.87,-73.43,27.56
34.87,-73.41,27.56
34.87,-73.39,27.59
34.87,-73.37,27.57
34.87,-73.35,27.6
34.87,-73.33,27.62
34.87,-73.31,27.6
34.87,-73.29,27.62
34.87,-73.25,27.65
34.87,-73.23,27.65
34.87,-73.21,27.66
34.87,-73.19,27.66
34.87,-73.17,27.67
34.87,-73.15,27.7
34.87,-73.13,27.69
34.87,-73.11,27.7
34.87,-73.09,27.72
34.87,-73.07,27.71
34.87,-73.05,27.69
34.87,-73.03,27.67
34.87,-73.01,27.63
34.87,-72.99,27.59
34.87,-72.97,27.55
34.87,-72.95,27.57
34.87,-72.93,27.59
34.87,-72.91,27.61
34.87,-72.89,27.63
34.87,-72.87,27.64
34.87,-72.85,27.63
34.87,-72.83,27.66
34.87,-72.81,27.67
34.87,-72.79,27.67
34.87,-72.77,27.68
34.87,-72.75,27.65
34.87,-72.73,27.64
34.87,-72.71,27.69
34.87,-72.69,27.75
34.87,-72.67,27.68
34.87,-72.65,27.66
34.87,-72.63,27.64
34.87,-72.61,27.67
34.87,-72.59,27.67
34.87,-72.57,27.63
34.87,-72.55,27.65
34.87,-72.53,27.66
34.87,-72.49,27.62
34.87,-72.47,27.59
34.87,-72.45,27.68
34.87,-72.35,27.59
34.87,-72.29,27.58
34.87,-72.27,27.54
34.87,-72.25,27.53
34.85,-76.07,26.58
34.85,-76.05,26.65
34.85,-75.99,26.79
34.85,-75.97,26.87
34.85,-75.95,26.87
34.85,-75.85,26.84
34.85,-75.77,27.14
34.85,-75.75,27.21
34.85,-75.73,27.48
34.85,-75.71,28.15
34.85,-75.69,28.59
34.85,-75.67,28.84
34.85,-75.65,28.91
34.85,-75.63,29.04
34.85,-75.61,29.2
34.85,-75.59,29.37
34.85,-75.57,29.58
34.85,-75.55,29.63
34.85,-75.53,29.64
34.85,-75.51,29.67
34.85,-75.49,29.64
34.85,-75.47,29.77
34.85,-75.45,29.8
34.85,-75.43,29.79
34.85,-75.39,29.9
34.85,-75.37,29.85
34.85,-75.35,29.86
34.85,-75.33,29.79
34.85,-75.31,29.82
34.85,-75.29,29.87
34.85,-75.27,29.84
34.85,-75.25,29.85
34.85,-75.03,29.0
34.85,-75.01,29.01
34.85,-74.99,29.0
34.85,-74.97,28.98
34.85,-74.95,28.99
34.85,-74.93,28.99
34.85,-74.91,29.17
34.85,-74.89,29.22
34.85,-74.87,29.18
34.85,-74.85,29.16
34.85,-74.83,29.19
34.85,-74.81,29.15
34.85,-74.79,29.16
34.85,-74.77,29.17
34.85,-74.75,29.19
34.85,-74.73,29.17
34.85,-74.71,29.18
34.85,-74.69,29.19
34.85,-74.67,29.16
34.85,-74.65,29.22
34.85,-74.63,29.24
34.85,-74.61,29.28
34.85,-74.59,29.32
34.85,-74.57,29.43
34.85,-74.55,29.45
34.85,-74.53,29.48
34.85,-74.51,29.54
34.85,-74.49,29.64
34.85,-74.47,29.68
34.85,-74.45,29.67
34.85,-74.43,29.71
34.85,-74.41,29.69
34.85,-74.39,29.7
34.85,-74.37,29.77
34.85,-74.35,29.8
34.85,-74.33,29.76
34.85,-74.31,29.74
34.85,-74.29,29.7
34.85,-74.27,29.6
34.85,-74.25,29.5
34.85,-74.23,29.44
34.85,-74.21,29.41
34.85,-74.17,28.47
34.85,-74.15,28.42
34.85,-74.13,28.37
34.85,-74.11,28.34
34.85,-74.09,28.26
34.85,-74.07,28.22
34.85,-74.05,28.15
34.85,-74.03,28.03
34.85,-74.01,27.98
34.85,-73.99,27.92
34.85,-73.97,27.88
34.85,-73.95,27.82
34.85,-73.89,27.56
34.85,-73.87,27.57
34.85,-73.85,27.6
34.85,-73.83,27.62
34.85,-73.81,27.67
34.85,-73.79,27.72
34.85,-73.77,27.75
34.85,-73.75,27.79
34.85,-73.73,27.82
34.85,-73.71,27.89
34.85,-73.69,27.84
34.85,-73.67,27.71
34.85,-73.65,27.68
34.85,-73.63,27.63
34.85,-73.61,27.64
34.85,-73.59,27.66
34.85,-73.57,27.64
34.85,-73.55,27.59
34.85,-73.53,27.62
34.85,-73.51,27.62
34.85,-73.49,27.59
34.85,-73.47,27.56
34.85,-73.45,27.58
34.85,-73.43,27.58
34.85,-73.41,27.57
34.85,-73.39,27.57
34.85,-73.37,27.6
34.85,-73.35,27.62
34.85,-73.33,27.64
34.85,-73.31,27.64
34.85,-73.29,27.61
34.85,-73.27,27.61
34.85,-73.25,27.66
34.85,-73.23,27.71
34.85,-73.21,27.69
34.85,-73.19,27.67
34.85,-73.17,27.69
34.85,-73.15,27.7
34.85,-73.13,27.71
34.85,-73.11,27.7
34.85,-73.07,27.69
34.85,-73.05,27.68
34.85,-73.03,27.7
34.85,-73.01,27.66
34.85,-72.99,27.65
34.85,-72.97,27.64
34.85,-72.95,27.65
34.85,-72.93,27.67
34.85,-72.91,27.64
34.85,-72.89,27.65
34.85,-72.87,27.66
34.85,-72.85,27.67
34.85,-72.83,27.68
34.85,-72.81,27.67
34.85,-72.79,27.65
34.85,-72.77,27.65
34.85,-72.75,27.64
34.85,-72.73,27.66
34.85,-72.71,27.66
34.85,-72.69,27.66
34.85,-72.67,27.62
34.85,-72.65,27.61
34.85,-72.63,27.6
34.85,-72.61,27.63
34.85,-72.59,27.61
34.85,-72.57,27.65
34.85,-72.55,27.65
34.85,-72.53,27.61
34.85,-72.51,27.67
34.85,-72.49,27.68
34.85,-72.47,27.63
34.85,-72.45,27.66
34.85,-72.43,27.68
34.85,-72.41,27.65
34.85,-72.25,27.64
34.85,-72.21,27.72
34.83,-76.09,26.5
34.83,-76.07,26.57
34.83,-76.05,26.77
34.83,-76.03,26.71
34.83,-75.97,26.94
34.83,-75.95,27.06
34.83,-75.93,27.02
34.83,-75.87,26.89
34.83,-75.85,27.04
34.83,-75.83,27.12
34.83,-75.81,27.08
34.83,-75.79,27.09
34.83,-75.77,27.16
34.83,-75.75,27.19
34.83,-75.73,27.64
34.83,-75.71,28.02
34.83,-75.69,28.67
34.83,-75.67,28.81
34.83,-75.65,28.98
34.83,-75.63,29.22
34.83,-75.61,29.36
34.83,-75.59,29.41
34.83,-75.57,29.52
34.83,-75.53,29.62
34.83,-75.37,29.87
34.83,-75.33,29.71
34.83,-75.31,29.72
34.83,-75.29,29.8
34.83,-75.27,29.83
34.83,-75.25,29.86
34.83,-75.09,29.08
34.83,-74.99,29.01
34.83,-74.97,28.98
34.83,-74.95,29.03
34.83,-74.93,29.03
34.83,-74.91,29.12
34.83,-74.89,29.19
34.83,-74.87,29.18
34.83,-74.85,29.19
34.83,-74.83,29.21
34.83,-74.81,29.2
34.83,-74.79,29.2
34.83,-74.77,29.18
34.83,-74.75,29.16
34.83,-74.73,29.16
34.83,-74.71,29.2
34.83,-74.69,29.18
34.83,-74.67,29.19
34.83,-74.65,29.19
34.83,-74.63,29.24
34.83,-74.61,29.27
34.83,-74.59,29.31
34.83,-74.57,29.36
34.83,-74.55,29.43
34.83,-74.53,29.46
34.83,-74.51,29.51
34.83,-74.49,29.57
34.83,-74.47,29.62
34.83,-74.45,29.64
34.83,-74.43,29.67
34.83,-74.41,29.68
34.83,-74.39,29.72
34.83,-74.37,29.73
34.83,-74.35,29.74
34.83,-74.33,29.73
34.83,-74.31,29.73
34.83,-74.29,29.73
34.83,-74.27,29.59
34.83,-74.25,29.56
34.83,-74.23,29.54
34.83,-74.21,29.44
34.83,-74.19,29.3
34.83,-74.13,28.28
34.83,-74.11,28.3
34.83,-74.09,28.23
34.83,-74.07,28.16
34.83,-74.05,28.07
34.83,-74.03,28.0
34.83,-74.01,27.95
34.83,-73.99,27.93
34.83,-73.97,27.9
34.83,-73.87,27.59
34.83,-73.85,27.61
34.83,-73.83,27.63
34.83,-73.81,27.69
34.83,-73.79,27.72
34.83,-73.77,27.76
34.83,-73.75,27.79
34.83,-73.73,27.83
34.83,-73.71,27.82
34.83,-73.69,27.74
34.83,-73.67,27.69
34.83,-73.65,27.68
34.83,-73.63,27.64
34.83,-73.61,27.65
34.83,-73.59,27.63
34.83,-73.57,27.62
34.83,-73.55,27.6
34.83,-73.53,27.59
34.83,-73.51,27.56
34.83,-73.49,27.53
34.83,-73.47,27.55
34.83,-73.45,27.56
34.83,-73.43,27.56
34.83,-73.41,27.55
34.83,-73.39,27.6
34.83,-73.37,27.61
34.83,-73.35,27.64
34.83,-73.33,27.65
34.83,-73.31,27.69
34.83,-73.29,27.66
34.83,-73.27,27.67
34.83,-73.25,27.71
34.83,-73.23,27.74
34.83,-73.21,27.72
34.83,-73.19,27.72
34.83,-73.17,27.72
34.83,-73.15,27.72
34.83,-73.13,27.69
34.83,-73.11,27.71
34.83,-73.09,27.75
34.83,-73.07,27.74
34.83,-73.05,27.7
34.83,-73.03,27.68
34.83,-73.01,27.69
34.83,-72.99,27.7
34.83,-72.97,27.68
34.83,-72.95,27.68
34.83,-72.93,27.69
34.83,-72.91,27.71
34.83,-72.89,27.71
34.83,-72.87,27.72
34.83,-72.85,27.71
34.83,-72.83,27.67
34.83,-72.81,27.69
34.83,-72.79,27.68
34.83,-72.77,27.7
34.83,-72.75,27.68
34.83,-72.73,27.67
34.83,-72.71,27.67
34.83,-72.69,27.66
34.83,-72.67,27.68
34.83,-72.65,27.74
34.83,-72.63,27.77
34.83,-72.61,27.78
34.83,-72.59,27.73
34.83,-72.57,27.7
34.83,-72.55,27.71
34.83,-72.53,27.79
34.83,-72.51,27.74
34.83,-72.49,27.71
34.83,-72.47,27.76
34.83,-72.45,27.71
34.83,-72.43,27.68
34.83,-72.29,27.67
34.83,-72.27,27.7
34.83,-72.25,27.71
34.83,-72.23,27.69
34.83,-72.21,27.67
34.81,-76.19,26.5
34.81,-76.17,26.47
34.81,-76.15,26.49
34.81,-76.09,26.62
34.81,-76.07,26.93
34.81,-76.05,27.22
34.81,-76.03,26.82
34.81,-76.01,26.74
34.81,-75.97,27.12
34.81,-75.95,27.5
34.81,-75.93,27.52
34.81,-75.85,26.96
34.81,-75.83,27.07
34.81,-75.81,27.02
34.81,-75.77,27.3
34.81,-75.75,27.32
34.81,-75.73,27.66
34.81,-75.71,28.03
34.81,-75.69,28.33
34.81,-75.67,28.7
34.81,-75.65,28.86
34.81,-75.63,29.01
34.81,-75.31,29.68
34.81,-75.29,29.7
34.81,-75.27,29.74
34.81,-75.03,28.98
34.81,-75.01,28.98
34.81,-74.99,28.96
34.81,-74.97,28.97
34.81,-74.95,29.05
34.81,-74.93,29.04
34.81,-74.91,29.12
34.81,-74.89,29.2
34.81,-74.87,29.29
34.81,-74.85,29.23
34.81,-74.83,29.19
34.81,-74.81,29.18
34.81,-74.79,29.19
34.81,-74.77,29.15
34.81,-74.75,29.13
34.81,-74.73,29.12
34.81,-74.71,29.13
34.81,-74.69,29.11
34.81,-74.67,29.11
34.81,-74.65,29.13
34.81,-74.63,29.19
34.81,-74.59,29.28
34.81,-74.57,29.35
34.81,-74.55,29.41
34.81,-74.53,29.44
34.81,-74.51,29.57
34.81,-74.49,29.63
34.81,-74.47,29.68
34.81,-74.45,29.68
34.81,-74.43,29.67
34.81,-74.41,29.67
34.81,-74.39,29.72
34.81,-74.37,29.72
34.81,-74.35,29.74
34.81,-74.33,29.74
34.81,-74.31,29.74
34.81,-74.29,29.68
34.81,-74.27,29.63
34.81,-74.25,29.57
34.81,-74.23,29.55
34.81,-74.15,28.32
34.81,-74.13,28.26
34.81,-74.11,28.27
34.81,-74.09,28.24
34.81,-74.07,28.09
34.81,-74.05,28.06
34.81,-74.03,28.0
34.81,-73.87,27.6
34.81,-73.85,27.59
34.81,-73.83,27.62
34.81,-73.81,27.71
34.81,-73.79,27.75
34.81,-73.77,27.83
34.81,-73.75,27.83
34.81,-73.73,27.82
34.81,-73.71,27.85
34.81,-73.69,27.7
34.81,-73.67,27.69
34.81,-73.65,27.67
34.81,-73.63,27.63
34.81,-73.61,27.67
34.81,-73.59,27.67
34.81,-73.57,27.64
34.81,-73.55,27.63
34.81,-73.53,27.62
34.81,-73.51,27.61
34.81,-73.49,27.64
34.81,-73.47,27.65
34.81,-73.45,27.69
34.81,-73.43,27.73
34.81,-73.41,27.67
34.81,-73.39,27.62
34.81,-73.37,27.68
34.81,-73.35,27.62
34.81,-73.33,27.68
34.81,-73.31,27.72
34.81,-73.29,27.73
34.81,-73.27,27.72
34.81,-73.25,27.73
34.81,-73.23,27.78
34.81,-73.21,27.73
34.81,-73.19,27.75
34.81,-73.17,27.74
34.81,-73.15,27.73
34.81,-73.13,27.72
34.81,-73.11,27.7
34.81,-73.09,27.71
34.81,-73.07,27.74
34.81,-73.05,27.72
34.81,-73.03,27.7
34.81,-73.01,27.73
34.81,-72.99,27.71
34.81,-72.97,27.71
34.81,-72.95,27.69
34.81,-72.93,27.7
34.81,-72.91,27.74
34.81,-72.89,27.75
34.81,-72.87,27.76
34.81,-72.85,27.74
34.81,-72.83,27.75
34.81,-72.81,27.76
34.81,-72.79,27.73
34.81,-72.77,27.76
34.81,-72.75,27.76
34.81,-72.73,27.76
34.81,-72.71,27.78
34.81,-72.69,27.82
34.81,-72.67,27.99
34.81,-72.65,27.92
34.81,-72.63,27.87
34.81,-72.61,27.86
34.81,-72.59,27.84
34.81,-72.57,27.88
34.81,-72.55,27.87
34.81,-72.53,27.87
34.81,-72.51,27.86
34.81,-72.49,27.8
34.81,-72.47,27.78
34.81,-72.45,27.76
34.81,-72.29,27.66
34.81,-72.27,27.68
34.81,-72.25,27.65
34.81,-72.23,27.64
34.81,-72.21,27.61
34.79,-76.61,27.28
34.79,-76.49,27.03
34.79,-76.45,26.91
34.79,-76.21,26.7
34.79,-76.19,26.98
34.79,-76.17,27.0
34.79,-76.15,26.57
34.79,-76.13,26.54
34.79,-76.11,26.83
34.79,-76.09,26.81
34.79,-76.07,27.0
34.79,-76.05,27.15
34.79,-76.03,27.32
34.79,-76.01,26.95
34.79,-75.97,27.24
34.79,-75.95,27.3
34.79,-75.93,27.58
34.79,-75.85,27.01
34.79,-75.83,27.04
34.79,-75.81,27.09
34.79,-75.79,27.17
34.79,-75.77,27.27
34.79,-75.75,27.43
34.79,-75.73,27.51
34.79,-75.71,27.95
34.79,-75.69,28.23
34.79,-75.67,28.44
34.79,-75.65,28.74
34.79,-75.63,29.07
34.79,-75.61,29.12
34.79,-75.53,29.49
34.79,-75.13,29.01
34.79,-75.11,28.99
34.79,-75.03,28.99
34.79,-75.01,28.99
34.79,-74.97,29.04
34.79,-74.95,29.06
34.79,-74.93,29.06
34.79,-74.91,29.12
34.79,-74.89,29.16
34.79,-74.87,29.19
34.79,-74.85,29.18
34.79,-74.83,29.16
34.79,-74.81,29.16
34.79,-74.79,29.17
34.79,-74.77,29.13
34.79,-74.75,29.13
34.79,-74.73,29.11
34.79,-74.71,29.12
34.79,-74.69,29.12
34.79,-74.67,29.18
34.79,-74.65,29.18
34.79,-74.61,29.29
34.79,-74.59,29.31
34.79,-74.57,29.34
34.79,-74.55,29.35
34.79,-74.53,29.4
34.79,-74.51,29.62
34.79,-74.49,29.66
34.79,-74.47,29.72
34.79,-74.45,29.69
34.79,-74.43,29.66
34.79,-74.41,29.73
34.79,-74.39,29.75
34.79,-74.37,29.73
34.79,-74.33,29.74
34.79,-74.31,29.74
34.79,-74.29,29.67
34.79,-74.27,29.54
34.79,-74.25,29.55
34.79,-74.23,29.46
34.79,-74.21,29.33
34.79,-74.19,28.84
34.79,-74.17,28.36
34.79,-74.15,28.31
34.79,-74.13,28.24
34.79,-74.11,28.22
34.79,-74.09,28.18
34.79,-74.07,28.09
34.79,-74.05,28.07
34.79,-74.03,27.89
34.79,-74.01,27.87
34.79,-73.85,27.68
34.79,-73.83,27.67
34.79,-73.81,27.75
34.79,-73.79,27.82
34.79,-73.77,27.91
34.79,-73.75,27.91
34.79,-73.73,27.83
34.79,-73.71,27.83
34.79,-73.69,27.72
34.79,-73.67,27.69
34.79,-73.65,27.68
34.79,-73.63,27.67
34.79,-73.61,27.67
34.79,-73.59,27.66
34.79,-73.57,27.67
34.79,-73.55,27.7
34.79,-73.53,27.7
34.79,-73.51,27.69
34.79,-73.49,27.71
34.79,-73.47,27.71
34.79,-73.45,27.7
34.79,-73.43,27.73
34.79,-73.41,27.71
34.79,-73.39,27.7
34.79,-73.37,27.71
34.79,-73.35,27.7
34.79,-73.33,27.73
34.79,-73.31,27.72
34.79,-73.29,27.73
34.79,-73.27,27.69
34.79,-73.25,27.7
34.79,-73.23,27.71
34.79,-73.21,27.74
34.79,-73.19,27.74
34.79,-73.17,27.75
34.79,-73.15,27.73
34.79,-73.13,27.74
34.79,-73.11,27.73
34.79,-73.09,27.73
34.79,-73.07,27.72
34.79,-73.05,27.72
34.79,-73.03,27.75
34.79,-73.01,27.74
34.79,-72.99,27.72
34.79,-72.97,27.75
34.79,-72.95,27.76
34.79,-72.93,27.8
34.79,-72.91,27.77
34.79,-72.89,27.81
34.79,-72.87,27.81
34.79,-72.85,27.77
34.79,-72.83,27.84
34.79,-72.81,27.86
34.79,-72.79,27.9
34.79,-72.77,27.94
34.79,-72.75,27.9
34.79,-72.73,27.92
34.79,-72.71,27.97
34.79,-72.69,27.94
34.79,-72.67,27.97
34.79,-72.65,27.97
34.79,-72.63,27.95
34.79,-72.61,27.95
34.79,-72.59,27.99
34.79,-72.57,28.05
34.79,-72.55,28.11
34.79,-72.29,27.58
34.79,-72.27,27.58
34.79,-72.25,27.62
34.79,-72.21,27.61
34.77,-76.73,28.13
34.77,-76.71,28.31
34.77,-76.69,28.28
34.77,-76.61,27.16
34.77,-76.59,27.19
34.77,-76.51,26.6
34.77,-76.49,26.76
34.77,-76.47,26.59
34.77,-76.45,26.94
34.77,-76.21,26.98
34.77,-76.19,27.36
34.77,-76.17,27.42
34.77,-76.15,26.97
34.77,-76.13,26.53
34.77,-76.11,26.68
34.77,-76.09,27.07
34.77,-76.07,27.36
34.77,-76.05,27.17
34.77,-76.03,27.33
34.77,-76.01,27.14
34.77,-75.95,27.24
34.77,-75.93,27.24
34.77,-75.85,26.99
34.77,-75.83,26.97
34.77,-75.81,27.02
34.77,-75.79,27.05
34.77,-75.77,27.38
34.77,-75.75,27.58
34.77,-75.73,27.8
34.77,-75.71,27.93
34.77,-75.69,28.02
34.77,-75.67,28.21
34.77,-75.65,28.41
34.77,-75.63,28.84
34.77,-75.61,28.81
34.77,-75.15,28.91
34.77,-75.13,28.94
34.77,-74.97,29.1
34.77,-74.95,29.11
34.77,-74.93,29.12
34.77,-74.91,29.12
34.77,-74.89,29.16
34.77,-74.87,29.15
34.77,-74.85,29.16
34.77,-74.83,29.17
34.77,-74.81,29.15
34.77,-74.79,29.14
34.77,-74.77,29.13
34.77,-74.75,29.13
34.77,-74.73,29.13
34.77,-74.71,29.15
34.77,-74.69,29.2
34.77,-74.67,29.26
34.77,-74.65,29.26
34.77,-74.63,29.24
34.77,-74.61,29.26
34.77,-74.59,29.28
34.77,-74.57,29.31
34.77,-74.55,29.35
34.77,-74.53,29.38
34.77,-74.51,29.53
34.77,-74.49,29.57
34.77,-74.47,29.57
34.77,-74.45,29.61
34.77,-74.43,29.65
34.77,-74.41,29.66
34.77,-74.39,29.69
34.77,-74.37,29.7
34.77,-74.35,29.74
34.77,-74.33,29.73
34.77,-74.31,29.73
34.77,-74.29,29.65
34.77,-74.27,29.54
34.77,-74.25,29.51
34.77,-74.23,29.49
34.77,-74.21,29.24
34.77,-74.19,28.47
34.77,-74.17,28.35
34.77,-74.15,28.27
34.77,-74.13,28.27
34.77,-74.11,28.2
34.77,-74.09,28.14
34.77,-74.07,28.05
34.77,-73.93,27.67
34.77,-73.91,27.65
34.77,-73.89,27.67
34.77,-73.85,27.76
34.77,-73.83,27.79
34.77,-73.81,27.77
34.77,-73.79,27.95
34.77,-73.77,27.94
34.77,-73.75,27.97
34.77,-73.73,28.02
34.77,-73.71,27.79
34.77,-73.69,27.68
34.77,-73.67,27.7
34.77,-73.65,27.69
34.77,-73.63,27.7
34.77,-73.61,27.7
34.77,-73.59,27.69
34.77,-73.57,27.7
34.77,-73.55,27.7
34.77,-73.53,27.71
34.77,-73.51,27.7
34.77,-73.49,27.69
34.77,-73.47,27.7
34.77,-73.45,27.73
34.77,-73.43,27.74
34.77,-73.41,27.7
34.77,-73.39,27.71
34.77,-73.37,27.72
34.77,-73.35,27.71
34.77,-73.33,27.72
34.77,-73.31,27.71
34.77,-73.29,27.71
34.77,-73.27,27.71
34.77,-73.25,27.73
34.77,-73.23,27.68
34.77,-73.21,27.73
34.77,-73.19,27.7
34.77,-73.17,27.72
34.77,-73.15,27.7
34.77,-73.13,27.73
34.77,-73.11,27.71
34.77,-73.09,27.74
34.77,-73.07,27.74
34.77,-73.05,27.74
34.77,-73.03,27.77
34.77,-73.01,27.81
34.77,-72.99,27.8
34.77,-72.97,27.81
34.77,-72.95,27.83
34.77,-72.93,27.86
34.77,-72.91,27.82
34.77,-72.89,27.89
34.77,-72.87,27.92
34.77,-72.85,27.97
34.77,-72.83,27.97
34.77,-72.81,27.98
34.77,-72.79,27.98
34.77,-72.77,27.99
34.77,-72.75,28.0
34.77,-72.73,28.0
34.77,-72.71,28.0
34.77,-72.69,27.99
34.77,-72.67,28.03
34.77,-72.65,28.02
34.77,-72.63,28.02
34.77,-72.61,28.02
34.77,-72.59,28.05
34.77,-72.57,28.12
34.77,-72.55,28.14
34.77,-72.51,28.14
34.77,-72.49,28.16
34.77,-72.47,28.13
34.77,-72.45,28.16
34.77,-72.43,28.19
34.77,-72.41,28.18
34.77,-72.29,27.55
34.77,-72.27,27.55
34.75,-77.13,28.4
34.75,-76.69,28.11
34.75,-76.67,28.1
34.75,-76.61,27.08
34.75,-76.59,27.04
34.75,-76.51,26.48
34.75,-76.49,26.48
34.75,-76.47,26.45
34.75,-76.21,26.88
34.75,-76.19,27.22
34.75,-76.17,27.56
34.75,-76.15,27.41
34.75,-76.13,26.98
34.75,-76.11,26.76
34.75,-76.09,26.78
34.75,-76.07,26.87
34.75,-76.05,27.3
34.75,-76.03,27.59
34.75,-76.01,27.13
34.75,-75.95,27.12
34.75,-75.93,27.14
34.75,-75.83,27.17
34.75,-75.81,27.26
34.75,-75.79,27.19
34.75,-75.77,27.14
34.75,-75.75,27.55
34.75,-75.71,27.9
34.75,-75.69,27.96
34.75,-75.67,28.2
34.75,-75.65,28.34
34.75,-75.63,28.38
34.75,-75.61,28.51
34.75,-75.59,28.55
34.75,-75.57,28.68
34.75,-75.43,29.92
34.75,-75.15,28.87
34.75,-75.13,28.82
34.75,-75.03,29.0
34.75,-74.97,29.1
34.75,-74.95,29.11
34.75,-74.93,29.1
34.75,-74.91,29.12
34.75,-74.89,29.15
34.75,-74.87,29.17
34.75,-74.85,29.2
34.75,-74.83,29.23
34.75,-74.81,29.17
34.75,-74.79,29.14
34.75,-74.77,29.15
34.75,-74.75,29.14
34.75,-74.73,29.11
34.75,-74.71,29.12
34.75,-74.69,29.08
34.75,-74.67,29.06
34.75,-74.61,29.29
34.75,-74.55,29.28
34.75,-74.53,29.3
34.75,-74.51,29.4
34.75,-74.49,29.49
34.75,-74.47,29.57
34.75,-74.45,29.6
34.75,-74.43,29.64
34.75,-74.41,29.64
34.75,-74.39,29.66
34.75,-74.37,29.64
34.75,-74.35,29.72
34.75,-74.33,29.73
34.75,-74.31,29.71
34.75,-74.29,29.65
34.75,-74.27,29.58
34.75,-74.25,29.5
34.75,-74.23,29.46
34.75,-74.21,29.14
34.75,-74.19,28.55
34.75,-74.17,28.41
34.75,-74.15,28.32
34.75,-74.13,28.24
34.75,-74.11,28.2
34.75,-73.93,27.67
34.75,-73.91,27.65
34.75,-73.89,27.66
34.75,-73.87,27.72
34.75,-73.85,27.76
34.75,-73.81,27.94
34.75,-73.79,27.99
34.75,-73.77,27.97
34.75,-73.75,28.0
34.75,-73.73,27.99
34.75,-73.71,27.82
34.75,-73.69,27.69
34.75,-73.67,27.7
34.75,-73.65,27.71
34.75,-73.63,27.72
34.75,-73.61,27.68
34.75,-73.59,27.69
34.75,-73.57,27.72
34.75,-73.55,27.72
34.75,-73.53,27.7
34.75,-73.51,27.69
34.75,-73.49,27.67
34.75,-73.47,27.69
34.75,-73.45,27.7
34.75,-73.43,27.71
34.75,-73.41,27.69
34.75,-73.39,27.7
34.75,-73.37,27.72
34.75,-73.35,27.69
34.75,-73.33,27.71
34.75,-73.31,27.73
34.75,-73.29,27.76
34.75,-73.27,27.72
34.75,-73.25,27.74
34.75,-73.23,27.7
34.75,-73.21,27.72
34.75,-73.19,27.73
34.75,-73.17,27.72
34.75,-73.15,27.74
34.75,-73.13,27.76
34.75,-73.11,27.74
34.75,-73.09,27.78
34.75,-73.07,27.79
34.75,-73.03,27.84
34.75,-73.01,27.88
34.75,-72.99,27.86
34.75,-72.97,27.91
34.75,-72.95,27.96
34.75,-72.93,27.96
34.75,-72.91,27.98
34.75,-72.89,27.98
34.75,-72.87,28.0
34.75,-72.85,28.01
34.75,-72.83,28.04
34.75,-72.81,28.0
34.75,-72.79,28.0
34.75,-72.77,27.98
34.75,-72.75,27.96
34.75,-72.73,27.98
34.75,-72.71,27.99
34.75,-72.69,27.98
34.75,-72.67,28.01
34.75,-72.65,28.03
34.75,-72.63,28.04
34.75,-72.61,28.06
34.75,-72.59,28.09
34.75,-72.57,28.14
34.75,-72.55,28.13
34.75,-72.53,28.14
34.75,-72.47,28.19
34.75,-72.45,28.19
34.75,-72.43,28.22
34.75,-72.41,28.22
34.73,-77.13,28.2
34.73,-76.71,27.8
34.73,-76.59,27.25
34.73,-76.49,26.44
34.73,-76.37,26.3
34.73,-76.35,26.26
34.73,-76.33,26.3
34.73,-76.21,26.59
34.73,-76.19,26.82
34.73,-76.17,27.25
34.73,-76.15,27.61
34.73,-76.13,27.67
34.73,-76.11,27.21
34.73,-76.09,26.85
34.73,-76.07,26.82
34.73,-76.05,27.02
34.73,-76.03,27.14
34.73,-75.97,27.24
34.73,-75.95,27.25
34.73,-75.83,27.62
34.73,-75.81,27.72
34.73,-75.79,27.62
34.73,-75.77,27.44
34.73,-75.69,28.15
34.73,-75.67,28.18
34.73,-75.65,28.3
34.73,-75.63,28.29
34.73,-75.61,28.32
34.73,-75.59,28.53
34.73,-75.43,29.94
34.73,-74.91,29.11
34.73,-74.89,29.14
34.73,-74.87,29.17
34.73,-74.85,29.22
34.73,-74.83,29.23
34.73,-74.81,29.17
34.73,-74.79,29.2
34.73,-74.77,29.18
34.73,-74.75,29.16
34.73,-74.73,29.16
34.73,-74.71,29.17
34.73,-74.69,29.23
34.73,-74.63,29.29
34.73,-74.61,29.3
34.73,-74.59,29.28
34.73,-74.57,29.25
34.73,-74.55,29.28
34.73,-74.53,29.31
34.73,-74.51,29.4
34.73,-74.49,29.46
34.73,-74.47,29.55
34.73,-74.45,29.64
34.73,-74.43,29.63
34.73,-74.41,29.63
34.73,-74.39,29.68
34.73,-74.37,29.74
34.73,-74.35,29.78
34.73,-74.33,29.79
34.73,-74.31,29.72
34.73,-74.29,29.65
34.73,-74.27,29.58
34.73,-74.25,29.52
34.73,-74.23,29.33
34.73,-74.21,29.09
34.73,-74.19,28.41
34.73,-74.17,28.41
34.73,-74.15,28.21
34.73,-74.13,28.16
34.73,-74.11,28.14
34.73,-73.91,27.63
34.73,-73.89,27.63
34.73,-73.87,27.72
34.73,-73.85,27.76
34.73,-73.83,27.82
34.73,-73.81,27.92
34.73,-73.79,27.96
34.73,-73.77,27.98
34.73,-73.75,28.0
34.73,-73.73,27.95
34.73,-73.71,27.78
34.73,-73.69,27.7
34.73,-73.67,27.68
34.73,-73.65,27.67
34.73,-73.63,27.66
34.73,-73.61,27.67
34.73,-73.59,27.69
34.73,-73.57,27.7
34.73,-73.55,27.67
34.73,-73.53,27.71
34.73,-73.51,27.71
34.73,-73.49,27.7
34.73,-73.47,27.69
34.73,-73.45,27.67
34.73,-73.43,27.69
34.73,-73.41,27.69
34.73,-73.39,27.68
34.73,-73.37,27.71
34.73,-73.35,27.71
34.73,-73.33,27.69
34.73,-73.31,27.71
34.73,-73.29,27.72
34.73,-73.27,27.71
34.73,-73.25,27.72
34.73,-73.23,27.73
34.73,-73.21,27.77
34.73,-73.17,27.75
34.73,-73.15,27.78
34.73,-73.09,27.76
34.73,-73.07,27.85
34.73,-73.05,27.97
34.73,-73.03,27.94
34.73,-73.01,27.96
34.73,-72.99,27.96
34.73,-72.97,27.98
34.73,-72.95,27.99
34.73,-72.93,27.99
34.73,-72.91,28.02
34.73,-72.89,28.03
34.73,-72.87,27.98
34.73,-72.85,27.99
34.73,-72.83,27.99
34.73,-72.81,27.94
34.73,-72.79,27.97
34.73,-72.77,27.94
34.73,-72.75,27.93
34.73,-72.73,27.96
34.73,-72.71,27.97
34.73,-72.69,27.94
34.73,-72.67,27.97
34.73,-72.65,27.98
34.73,-72.63,28.0
34.73,-72.61,28.06
34.73,-72.59,28.09
34.73,-72.57,28.08
34.73,-72.55,28.11
34.73,-72.49,28.22
34.73,-72.47,28.25
34.73,-72.45,28.28
34.73,-72.25,27.92
34.71,-77.11,27.67
34.71,-76.95,27.55
34.71,-76.93,27.34
34.71,-76.91,27.37
34.71,-76.89,27.47
34.71,-76.87,27.73
34.71,-76.85,28.1
34.71,-76.83,28.1
34.71,-76.81,28.02
34.71,-76.79,27.61
34.71,-76.77,27.62
34.71,-76.73,27.37
34.71,-76.71,27.37
34.71,-76.61,27.35
34.71,-76.59,27.14
34.71,-76.55,26.78
34.71,-76.39,26.4
34.71,-76.37,26.36
34.71,-76.19,26.99
34.71,-76.17,27.02
34.71,-76.15,27.76
34.71,-76.13,27.89
34.71,-76.11,27.76
34.71,-76.09,27.15
34.71,-76.07,26.67
34.71,-76.05,26.64
34.71,-76.03,26.76
34.71,-76.01,27.21
34.71,-75.99,27.46
34.71,-75.97,27.35
34.71,-75.95,27.3
34.71,-75.81,27.81
34.71,-75.79,27.92
34.71,-75.77,27.87
34.71,-75.75,27.9
34.71,-75.61,28.52
34.71,-75.59,28.73
34.71,-75.39,29.94
34.71,-75.37,29.97
34.71,-75.23,29.23
34.71,-74.91,29.19
34.71,-74.89,29.19
34.71,-74.87,29.21
34.71,-74.85,29.26
34.71,-74.83,29.21
34.71,-74.81,29.2
34.71,-74.79,29.22
34.71,-74.77,29.19
34.71,-74.75,29.17
34.71,-74.61,29.3
34.71,-74.59,29.29
34.71,-74.57,29.3
34.71,-74.55,29.3
34.71,-74.53,29.28
34.71,-74.51,29.38
34.71,-74.49,29.49
34.71,-74.47,29.61
34.71,-74.45,29.68
34.71,-74.41,29.66
34.71,-74.39,29.69
34.71,-74.37,29.74
34.71,-74.35,29.77
34.71,-74.33,29.78
34.71,-74.31,29.75
34.71,-74.25,29.49
34.71,-74.23,29.43
34.71,-74.21,28.55
34.71,-74.19,28.44
34.71,-74.17,28.45
34.71,-74.15,28.22
34.71,-73.89,27.63
34.71,-73.87,27.68
34.71,-73.85,27.76
34.71,-73.83,27.86
34.71,-73.81,27.93
34.71,-73.79,27.97
34.71,-73.73,27.76
34.71,-73.71,27.74
34.71,-73.69,27.71
34.71,-73.67,27.72
34.71,-73.65,27.75
34.71,-73.63,27.68
34.71,-73.61,27.7
34.71,-73.59,27.68
34.71,-73.57,27.68
34.71,-73.55,27.68
34.71,-73.53,27.67
34.71,-73.51,27.69
34.71,-73.49,27.7
34.71,-73.47,27.7
34.71,-73.45,27.7
34.71,-73.43,27.7
34.71,-73.41,27.7
34.71,-73.39,27.69
34.71,-73.37,27.73
34.71,-73.35,27.7
34.71,-73.33,27.69
34.71,-73.31,27.71
34.71,-73.29,27.7
34.71,-73.27,27.73
34.71,-73.25,27.71
34.71,-73.23,27.71
34.71,-73.21,27.71
34.71,-73.09,27.8
34.71,-73.07,27.84
34.71,-73.05,27.92
34.71,-73.03,27.99
34.71,-73.01,28.04
34.71,-72.99,28.04
34.71,-72.97,28.02
34.71,-72.95,28.01
34.71,-72.93,28.03
34.71,-72.91,27.98
34.71,-72.89,27.95
34.71,-72.87,27.95
34.71,-72.85,27.97
34.71,-72.83,27.88
34.71,-72.81,27.87
34.71,-72.79,27.91
34.71,-72.77,27.91
34.71,-72.75,27.86
34.71,-72.73,27.89
34.71,-72.71,27.91
34.71,-72.69,27.89
34.71,-72.67,27.92
34.71,-72.65,27.94
34.71,-72.63,27.95
34.71,-72.61,27.99
34.71,-72.59,28.07
34.71,-72.49,28.18
34.71,-72.47,28.22
34.71,-72.41,28.05
34.71,-72.29,28.2
34.71,-72.23,27.88
34.71,-72.21,27.87
34.69,-77.11,27.43
34.69,-77.09,27.32
34.69,-76.99,27.2
34.69,-76.97,27.23
34.69,-76.95,27.2
34.69,-76.93,27.21
34.69,-76.91,27.19
34.69,-76.83,27.1
34.69,-76.81,27.07
34.69,-76.79,27.09
34.69,-76.77,27.13
34.69,-76.75,27.16
34.69,-76.73,27.18
34.69,-76.71,27.13
34.69,-76.69,27.1
34.69,-76.67,27.18
34.69,-76.65,27.29
34.69,-76.63,27.19
34.69,-76.59,26.93
34.69,-76.57,26.71
34.69,-76.55,26.65
34.69,-76.41,26.36
34.69,-76.39,26.41
34.69,-76.25,27.02
34.69,-76.23,27.01
34.69,-76.21,27.04
34.69,-76.19,27.05
34.69,-76.17,27.56
34.69,-76.15,27.84
34.69,-76.13,27.96
34.69,-76.11,27.87
34.69,-76.09,27.19
34.69,-76.03,26.84
34.69,-76.01,27.46
34.69,-75.99,27.82
34.69,-75.97,27.61
34.69,-75.95,27.35
34.69,-75.93,27.2
34.69,-75.85,27.23
34.69,-75.83,27.36
34.69,-75.81,28.04
34.69,-75.79,28.11
34.69,-75.77,28.16
34.69,-75.75,28.25
34.69,-75.73,28.2
34.69,-75.61,29.07
34.69,-75.59,29.14
34.69,-75.57,29.29
34.69,-75.47,29.86
34.69,-75.39,30.0
34.69,-75.37,30.01
34.69,-74.97,29.14
34.69,-74.95,29.14
34.69,-74.93,29.15
34.69,-74.91,29.05
34.69,-74.89,29.16
34.69,-74.87,29.2
34.69,-74.85,29.19
34.69,-74.83,29.21
34.69,-74.81,29.23
34.69,-74.79,29.25
34.69,-74.75,29.22
34.69,-74.73,29.2
34.69,-74.71,29.18
34.69,-74.65,29.32
34.69,-74.61,29.33
34.69,-74.59,29.33
34.69,-74.57,29.32
34.69,-74.55,29.34
34.69,-74.53,29.41
34.69,-74.51,29.47
34.69,-74.49,29.61
34.69,-74.47,29.66
34.69,-74.45,29.67
34.69,-74.43,29.64
34.69,-74.41,29.68
34.69,-74.39,29.71
34.69,-74.35,29.79
34.69,-74.33,29.78
34.69,-74.31,29.74
34.69,-74.25,29.47
34.69,-74.23,29.39
34.69,-74.21,28.61
34.69,-74.19,28.55
34.69,-74.17,28.51
34.69,-73.91,27.64
34.69,-73.81,27.94
34.69,-73.79,27.97
34.69,-73.77,28.04
34.69,-73.75,27.98
34.69,-73.73,27.81
34.69,-73.71,27.73
34.69,-73.69,27.74
34.69,-73.67,27.69
34.69,-73.65,27.71
34.69,-73.63,27.71
34.69,-73.61,27.68
34.69,-73.59,27.72
34.69,-73.57,27.71
34.69,-73.55,27.7
34.69,-73.53,27.7
34.69,-73.51,27.71
34.69,-73.49,27.71
34.69,-73.47,27.71
34.69,-73.45,27.72
34.69,-73.43,27.73
34.69,-73.41,27.73
34.69,-73.39,27.74
34.69,-73.37,27.75
34.69,-73.35,27.72
34.69,-73.33,27.71
34.69,-73.31,27.8
34.69,-73.29,27.76
34.69,-73.27,27.75
34.69,-73.25,27.77
34.69,-73.23,27.78
34.69,-73.21,27.8
34.69,-73.11,27.87
34.69,-73.09,27.9
34.69,-73.07,28.0
34.69,-73.05,27.99
34.69,-73.03,28.05
34.69,-73.01,28.11
34.69,-72.99,28.11
34.69,-72.97,28.04
34.69,-72.95,27.98
34.69,-72.93,27.99
34.69,-72.91,27.9
34.69,-72.89,27.86
34.69,-72.87,27.8
34.69,-72.85,27.83
34.69,-72.83,27.83
34.69,-72.81,27.79
34.69,-72.79,27.78
34.69,-72.77,27.81
34.69,-72.75,27.8
34.69,-72.73,27.83
34.69,-72.71,27.84
34.69,-72.69,27.83
34.69,-72.67,27.87
34.69,-72.65,27.9
34.69,-72.63,27.9
34.69,-72.61,27.87
34.69,-72.59,27.87
34.69,-72.57,27.89
34.69,-72.43,28.02
34.69,-72.41,28.05
34.67,-77.15,26.61
34.67,-77.13,26.53
34.67,-76.99,26.96
34.67,-76.97,26.99
34.67,-76.95,26.93
34.67,-76.93,26.96
34.67,-76.91,26.95
34.67,-76.89,26.94
34.67,-76.87,27.07
34.67,-76.85,27.08
34.67,-76.83,27.06
34.67,-76.81,27.0
34.67,-76.79,27.0
34.67,-76.77,27.05
34.67,-76.75,27.19
34.67,-76.73,27.16
34.67,-76.71,27.2
34.67,-76.69,27.19
34.67,-76.67,27.18
34.67,-76.65,27.17
34.67,-76.63,27.15
34.67,-76.61,26.94
34.67,-76.41,26.36
34.67,-76.39,26.35
34.67,-76.31,26.6
34.67,-76.29,26.76
34.67,-76.25,27.08
34.67,-76.23,27.06
34.67,-76.21,27.08
34.67,-76.19,27.67
34.67,-76.17,27.77
34.67,-76.15,27.89
34.67,-76.13,28.03
34.67,-76.11,27.9
34.67,-76.09,27.46
34.67,-76.07,27.16
34.67,-76.03,26.9
34.67,-76.01,27.29
34.67,-75.99,27.7
34.67,-75.97,27.53
34.67,-75.95,27.26
34.67,-75.93,27.14
34.67,-75.87,27.15
34.67,-75.85,27.14
34.67,-75.83,27.51
34.67,-75.81,28.09
34.67,-75.79,28.13
34.67,-75.77,28.33
34.67,-75.75,28.29
34.67,-75.73,28.23
34.67,-75.63,28.9
34.67,-75.61,29.11
34.67,-75.59,29.25
34.67,-75.57,29.29
34.67,-75.47,29.88
34.67,-75.45,29.88
34.67,-75.43,29.9
34.67,-75.41,29.93
34.67,-75.39,30.0
34.67,-75.37,30.02
34.67,-74.91,29.0
34.67,-74.89,29.1
34.67,-74.87,29.18
34.67,-74.71,29.21
34.67,-74.69,29.22
34.67,-74.65,29.34
34.67,-74.63,29.36
34.67,-74.59,29.38
34.67,-74.57,29.43
34.67,-74.55,29.53
34.67,-74.53,29.53
34.67,-74.51,29.55
34.67,-74.49,29.63
34.67,-74.47,29.64
34.67,-74.45,29.62
34.67,-74.43,29.62
34.67,-74.37,29.82
34.67,-74.35,29.83
34.67,-74.33,29.81
34.67,-74.31,29.76
34.67,-74.25,29.46
34.67,-74.23,29.34
34.67,-74.21,28.66
34.67,-74.19,28.53
34.67,-73.91,27.62
34.67,-73.89,27.62
34.67,-73.87,27.64
34.67,-73.85,27.77
34.67,-73.83,27.87
34.67,-73.81,27.9
34.67,-73.79,27.96
34.67,-73.77,27.98
34.67,-73.75,27.96
34.67,-73.73,27.82
34.67,-73.71,27.75
34.67,-73.69,27.75
34.67,-73.67,27.71
34.67,-73.65,27.71
34.67,-73.63,27.72
34.67,-73.61,27.73
34.67,-73.59,27.72
34.67,-73.57,27.69
34.67,-73.55,27.68
34.67,-73.53,27.72
34.67,-73.51,27.72
34.67,-73.49,27.72
34.67,-73.47,27.72
34.67,-73.45,27.75
34.67,-73.43,27.76
34.67,-73.41,27.81
34.67,-73.39,27.82
34.67,-73.37,27.8
34.67,-73.33,27.77
34.67,-73.31,27.79
34.67,-73.29,27.79
34.67,-73.27,27.82
34.67,-73.25,27.81
34.67,-73.09,28.08
34.67,-73.07,28.07
34.67,-73.03,27.92
34.67,-73.01,27.96
34.67,-72.99,27.97
34.67,-72.97,27.88
34.67,-72.95,27.85
34.67,-72.93,27.81
34.67,-72.91,27.77
34.67,-72.89,27.76
34.67,-72.87,27.69
34.67,-72.85,27.75
34.67,-72.83,27.74
34.67,-72.81,27.71
34.67,-72.79,27.72
34.67,-72.77,27.72
34.67,-72.75,27.73
34.67,-72.73,27.76
34.67,-72.71,27.76
34.67,-72.69,27.79
34.67,-72.67,27.78
34.67,-72.65,27.81
34.67,-72.63,27.82
34.67,-72.61,27.82
34.67,-72.41,28.07
34.67,-72.25,28.11
34.67,-72.23,28.1
34.67,-72.21,28.14
34.65,-77.17,27.27
34.65,-77.15,26.95
34.65,-77.13,26.55
34.65,-77.11,26.48
34.65,-77.07,26.11
34.65,-77.05,26.36
34.65,-77.03,26.46
34.65,-77.01,26.67
34.65,-76.99,26.96
34.65,-76.97,26.9
34.65,-76.95,26.9
34.65,-76.93,26.95
34.65,-76.91,26.89
34.65,-76.89,26.8
34.65,-76.87,26.9
34.65,-76.85,27.02
34.65,-76.83,27.04
34.65,-76.81,26.98
34.65,-76.79,26.92
34.65,-76.77,26.89
34.65,-76.75,27.01
34.65,-76.73,27.06
34.65,-76.71,27.1
34.65,-76.69,27.13
34.65,-76.67,27.18
34.65,-76.65,27.16
34.65,-76.63,27.04
34.65,-76.61,26.86
34.65,-76.59,26.74
34.65,-76.57,26.71
34.65,-76.31,26.6
34.65,-76.29,26.84
34.65,-76.27,27.01
34.65,-76.25,27.09
34.65,-76.23,27.26
34.65,-76.21,27.63
34.65,-76.19,27.73
34.65,-76.17,27.91
34.65,-76.15,27.83
34.65,-76.13,27.66
34.65,-76.11,27.58
34.65,-76.09,27.35
34.65,-76.07,27.2
34.65,-76.01,27.38
34.65,-75.99,27.82
34.65,-75.97,27.5
34.65,-75.95,27.46
34.65,-75.89,27.29
34.65,-75.87,27.26
34.65,-75.85,27.27
34.65,-75.83,27.82
34.65,-75.81,27.86
34.65,-75.79,28.2
34.65,-75.77,28.3
34.65,-75.75,28.35
34.65,-75.73,28.22
34.65,-75.71,28.33
34.65,-75.69,28.44
34.65,-75.67,28.55
34.65,-75.65,28.58
34.65,-75.63,29.13
34.65,-75.61,29.19
34.65,-75.59,29.26
34.65,-75.27,29.29
34.65,-75.25,29.24
34.65,-75.15,28.84
34.65,-75.13,28.83
34.65,-75.11,28.85
34.65,-74.97,29.05
34.65,-74.95,29.04
34.65,-74.93,29.02
34.65,-74.91,29.04
34.65,-74.89,29.12
34.65,-74.87,29.17
34.65,-74.85,29.22
34.65,-74.83,29.22
34.65,-74.81,29.23
34.65,-74.79,29.24
34.65,-74.71,29.26
34.65,-74.69,29.23
34.65,-74.67,29.27
34.65,-74.65,29.33
34.65,-74.63,29.39
34.65,-74.61,29.4
34.65,-74.59,29.41
34.65,-74.57,29.47
34.65,-74.55,29.53
34.65,-74.53,29.55
34.65,-74.51,29.61
34.65,-74.49,29.62
34.65,-74.47,29.6
34.65,-74.45,29.59
34.65,-74.43,29.62
34.65,-74.37,29.83
34.65,-74.35,29.85
34.65,-73.87,27.68
34.65,-73.85,27.82
34.65,-73.83,27.92
34.65,-73.81,27.96
34.65,-73.79,27.98
34.65,-73.77,28.05
34.65,-73.75,28.01
34.65,-73.73,27.78
34.65,-73.71,27.76
34.65,-73.69,27.75
34.65,-73.67,27.73
34.65,-73.65,27.78
34.65,-73.63,27.75
34.65,-73.61,27.72
34.65,-73.59,27.73
34.65,-73.57,27.7
34.65,-73.55,27.7
34.65,-73.53,27.78
34.65,-73.51,27.75
34.65,-73.49,27.71
34.65,-73.47,27.73
34.65,-73.45,27.78
34.65,-73.43,27.87
34.65,-73.41,27.88
34.65,-73.39,27.85
34.65,-73.29,27.84
34.65,-73.27,27.88
34.65,-73.25,27.91
34.65,-73.23,28.15
34.65,-73.21,28.19
34.65,-73.11,28.09
34.65,-73.07,27.89
34.65,-73.05,27.85
34.65,-73.03,27.78
34.65,-73.01,27.8
34.65,-72.99,27.77
34.65,-72.97,27.67
34.65,-72.95,27.66
34.65,-72.93,27.63
34.65,-72.91,27.62
34.65,-72.89,27.65
34.65,-72.87,27.65
34.65,-72.85,27.65
34.65,-72.83,27.66
34.65,-72.81,27.64
34.65,-72.79,27.65
34.65,-72.77,27.65
34.65,-72.75,27.66
34.65,-72.73,27.69
34.65,-72.71,27.68
34.65,-72.69,27.69
34.65,-72.67,27.72
34.65,-72.65,27.72
34.65,-72.63,27.68
34.65,-72.61,27.74
34.65,-72.59,27.72
34.65,-72.45,27.8
34.65,-72.43,27.83
34.65,-72.25,28.12
34.63,-77.15,27.2
34.63,-77.11,26.01
34.63,-77.09,26.01
34.63,-77.07,26.06
34.63,-77.05,26.27
34.63,-77.03,26.41
34.63,-77.01,26.51
34.63,-76.99,26.9
34.63,-76.97,26.81
34.63,-76.95,26.83
34.63,-76.93,26.85
34.63,-76.91,26.79
34.63,-76.89,26.73
34.63,-76.87,26.88
34.63,-76.85,26.98
34.63,-76.83,27.03
34.63,-76.81,26.99
34.63,-76.79,26.9
34.63,-76.77,26.77
34.63,-76.75,26.95
34.63,-76.73,27.07
34.63,-76.71,27.04
34.63,-76.69,27.08
34.63,-76.67,27.11
34.63,-76.65,27.08
34.63,-76.63,26.88
34.63,-76.61,26.79
34.63,-76.59,26.73
34.63,-76.57,26.66
34.63,-76.31,26.48
34.63,-76.29,26.8
34.63,-76.27,26.96
34.63,-76.25,27.03
34.63,-76.23,27.38
34.63,-76.21,27.6
34.63,-76.19,27.62
34.63,-76.17,27.79
34.63,-76.15,27.81
34.63,-76.13,27.62
34.63,-76.11,27.53
34.63,-76.09,27.38
34.63,-76.01,27.41
34.63,-75.99,27.61
34.63,-75.97,27.57
34.63,-75.95,27.58
34.63,-75.93,27.49
34.63,-75.91,27.37
34.63,-75.89,27.5
34.63,-75.87,27.8
34.63,-75.85,27.83
34.63,-75.83,27.77
34.63,-75.79,28.24
34.63,-75.77,28.34
34.63,-75.75,28.33
34.63,-75.73,28.31
34.63,-75.71,28.38
34.63,-75.69,28.56
34.63,-75.67,28.63
34.63,-75.63,29.36
34.63,-75.61,29.31
34.63,-75.59,29.27
34.63,-75.15,28.87
34.63,-75.13,28.86
34.63,-74.97,29.08
34.63,-74.95,29.07
34.63,-74.87,29.18
34.63,-74.85,29.25
34.63,-74.83,29.22
34.63,-74.81,29.23
34.63,-74.79,29.27
34.63,-74.77,29.28
34.63,-74.75,29.3
34.63,-74.73,29.24
34.63,-74.71,29.25
34.63,-74.69,29.25
34.63,-74.67,29.25
34.63,-74.65,29.3
34.63,-74.63,29.38
34.63,-74.61,29.37
34.63,-74.59,29.39
34.63,-74.57,29.38
34.63,-74.55,29.42
34.63,-74.53,29.47
34.63,-74.51,29.57
34.63,-74.49,29.56
34.63,-74.47,29.56
34.63,-74.43,29.64
34.63,-74.41,29.67
34.63,-74.39,29.71
34.63,-74.33,29.66
34.63,-73.79,28.03
34.63,-73.77,28.03
34.63,-73.75,27.95
34.63,-73.73,27.8
34.63,-73.71,27.74
34.63,-73.69,27.71
34.63,-73.67,27.71
34.63,-73.65,27.71
34.63,-73.63,27.73
34.63,-73.61,27.72
34.63,-73.59,27.76
34.63,-73.57,27.76
34.63,-73.55,27.77
34.63,-73.53,27.78
34.63,-73.51,27.79
34.63,-73.49,27.81
34.63,-73.47,27.84
34.63,-73.45,27.87
34.63,-73.43,27.86
34.63,-73.41,27.89
34.63,-73.39,27.91
34.63,-73.37,27.97
34.63,-73.35,27.92
34.63,-73.33,27.92
34.63,-73.27,27.95
34.63,-73.25,28.0
34.63,-73.23,28.05
34.63,-73.21,28.1
34.63,-73.19,28.09
34.63,-73.17,28.08
34.63,-73.15,28.02
34.63,-73.13,28.05
34.63,-73.11,28.01
34.63,-73.09,27.76
34.63,-73.07,27.75
34.63,-73.05,27.77
34.63,-73.03,27.77
34.63,-73.01,27.64
34.63,-72.99,27.56
34.63,-72.97,27.63
34.63,-72.95,27.61
34.63,-72.93,27.63
34.63,-72.91,27.61
34.63,-72.89,27.61
34.63,-72.87,27.6
34.63,-72.85,27.62
34.63,-72.83,27.6
34.63,-72.81,27.62
34.63,-72.79,27.64
34.63,-72.77,27.62
34.63,-72.75,27.61
34.63,-72.73,27.64
34.63,-72.71,27.63
34.63,-72.69,27.66
34.63,-72.67,27.6
34.63,-72.65,27.61
34.63,-72.63,27.63
34.63,-72.45,27.86
34.63,-72.31,28.02
34.63,-72.29,28.01
34.63,-72.27,28.03
34.61,-77.19,27.36
34.61,-77.17,27.1
34.61,-77.15,26.78
34.61,-77.09,25.92
34.61,-77.07,26.11
34.61,-77.05,26.3
34.61,-77.03,26.31
34.61,-77.01,26.39
34.61,-76.99,26.77
34.61,-76.97,26.85
34.61,-76.95,26.85
34.61,-76.93,26.77
34.61,-76.91,26.67
34.61,-76.89,26.62
34.61,-76.87,26.89
34.61,-76.85,26.97
34.61,-76.83,27.01
34.61,-76.81,26.98
34.61,-76.79,26.9
34.61,-76.77,26.81
34.61,-76.75,26.92
34.61,-76.73,26.99
34.61,-76.71,27.01
34.61,-76.69,27.05
34.61,-76.67,26.96
34.61,-76.65,26.87
34.61,-76.63,26.62
34.61,-76.61,26.47
34.61,-76.59,26.54
34.61,-76.57,26.46
34.61,-76.43,26.37
34.61,-76.31,26.54
34.61,-76.29,26.64
34.61,-76.27,26.82
34.61,-76.25,27.09
34.61,-76.23,27.24
34.61,-76.21,27.48
34.61,-76.19,27.54
34.61,-76.17,27.63
34.61,-76.15,27.64
34.61,-76.13,27.65
34.61,-76.11,27.32
34.61,-76.09,27.27
34.61,-75.99,27.46
34.61,-75.97,27.66
34.61,-75.95,27.73
34.61,-75.93,27.33
34.61,-75.91,27.36
34.61,-75.89,27.61
34.61,-75.87,27.93
34.61,-75.85,28.04
34.61,-75.83,28.08
34.61,-75.81,28.16
34.61,-75.79,28.27
34.61,-75.77,28.45
34.61,-75.75,28.35
34.61,-75.73,28.42
34.61,-75.71,28.62
34.61,-75.69,29.13
34.61,-75.67,29.36
34.61,-75.15,28.91
34.61,-75.13,28.89
34.61,-74.87,29.16
34.61,-74.85,29.22
34.61,-74.83,29.25
34.61,-74.81,29.3
34.61,-74.79,29.28
34.61,-74.77,29.26
34.61,-74.75,29.24
34.61,-74.73,29.24
34.61,-74.71,29.22
34.61,-74.69,29.2
34.61,-74.67,29.23
34.61,-74.65,29.29
34.61,-74.63,29.28
34.61,-74.61,29.34
34.61,-74.57,29.38
34.61,-74.55,29.42
34.61,-74.53,29.48
34.61,-74.51,29.53
34.61,-74.39,29.77
34.61,-73.79,27.97
34.61,-73.77,27.95
34.61,-73.75,27.88
34.61,-73.71,27.75
34.61,-73.69,27.74
34.61,-73.67,27.75
34.61,-73.65,27.73
34.61,-73.63,27.75
34.61,-73.61,27.76
34.61,-73.59,27.79
34.61,-73.57,27.79
34.61,-73.55,27.82
34.61,-73.53,27.84
34.61,-73.51,27.85
34.61,-73.47,27.87
34.61,-73.45,27.89
34.61,-73.43,27.84
34.61,-73.41,27.83
34.61,-73.39,27.88
34.61,-73.37,27.93
34.61,-73.35,27.91
34.61,-73.33,27.92
34.61,-73.31,27.94
34.61,-73.29,27.93
34.61,-73.27,28.01
34.61,-73.25,28.02
34.61,-73.23,28.08
34.61,-73.21,28.12
34.61,-73.19,28.06
34.61,-73.17,27.99
34.61,-73.15,27.95
34.61,-73.13,27.9
34.61,-73.11,27.86
34.61,-73.09,27.76
34.61,-73.07,27.75
34.61,-73.05,27.75
34.61,-73.03,27.81
34.61,-73.01,27.57
34.61,-72.99,27.57
34.61,-72.97,27.58
34.61,-72.95,27.59
34.61,-72.93,27.6
34.61,-72.91,27.59
34.61,-72.89,27.57
34.61,-72.87,27.57
34.61,-72.85,27.58
34.61,-72.83,27.58
34.61,-72.81,27.58
34.61,-72.79,27.6
34.61,-72.77,27.64
34.61,-72.75,27.63
34.61,-72.73,27.61
34.61,-72.71,27.61
34.61,-72.69,27.61
34.61,-72.67,27.61
34.61,-72.65,27.66
34.61,-72.63,27.69
34.61,-72.55,27.65
34.61,-72.21,27.97
34.59,-77.23,27.21
34.59,-77.21,27.19
34.59,-77.19,27.11
34.59,-77.17,26.77
34.59,-77.15,26.64
34.59,-77.07,25.99
34.59,-77.05,26.21
34.59,-77.03,26.26
34.59,-77.01,26.3
34.59,-76.99,26.74
34.59,-76.97,26.9
34.59,-76.95,26.89
34.59,-76.93,26.83
34.59,-76.91,26.75
34.59,-76.89,26.56
34.59,-76.87,26.46
34.59,-76.85,26.68
34.59,-76.83,26.9
34.59,-76.81,26.92
34.59,-76.79,26.87
34.59,-76.77,26.82
34.59,-76.75,26.94
34.59,-76.73,26.92
34.59,-76.71,26.99
34.59,-76.69,26.9
34.59,-76.67,26.84
34.59,-76.65,26.76
34.59,-76.63,26.4
34.59,-76.61,26.41
34.59,-76.59,26.41
34.59,-76.43,26.4
34.59,-76.41,26.4
34.59,-76.29,26.69
34.59,-76.27,26.81
34.59,-76.25,27.0
34.59,-76.23,27.27
34.59,-76.21,27.44
34.59,-76.19,27.51
34.59,-76.17,27.62
34.59,-76.15,27.64
34.59,-76.13,27.66
34.59,-76.11,27.24
34.59,-76.09,27.18
34.59,-75.99,27.84
34.59,-75.97,27.87
34.59,-75.95,27.66
34.59,-75.93,27.64
34.59,-75.91,27.35
34.59,-75.89,27.46
34.59,-75.87,27.57
34.59,-75.85,27.69
34.59,-75.83,27.97
34.59,-75.81,28.1
34.59,-75.79,28.36
34.59,-75.77,28.49
34.59,-75.75,28.56
34.59,-75.73,28.94
34.59,-75.71,29.26
34.59,-75.69,29.54
34.59,-75.67,29.59
34.59,-75.31,29.31
34.59,-75.29,29.28
34.59,-75.25,28.93
34.59,-75.19,28.98
34.59,-75.17,28.98
34.59,-75.15,28.96
34.59,-75.13,28.93
34.59,-75.11,28.95
34.59,-74.93,29.03
34.59,-74.87,29.11
34.59,-74.85,29.12
34.59,-74.83,29.15
34.59,-74.81,29.19
34.59,-74.79,29.18
34.59,-74.77,29.15
34.59,-74.75,29.16
34.59,-74.73,29.2
34.59,-74.71,29.22
34.59,-74.69,29.2
34.59,-74.67,29.22
34.59,-74.65,29.29
34.59,-74.63,29.33
34.59,-74.61,29.38
34.59,-74.59,29.42
34.59,-74.57,29.43
34.59,-74.55,29.43
34.59,-74.53,29.49
34.59,-74.51,29.49
34.59,-74.45,29.66
34.59,-74.43,29.68
34.59,-74.07,27.77
34.59,-73.93,27.58
34.59,-73.79,27.99
34.59,-73.77,27.97
34.59,-73.75,27.91
34.59,-73.71,27.77
34.59,-73.69,27.77
34.59,-73.67,27.78
34.59,-73.65,27.76
34.59,-73.63,27.76
34.59,-73.61,27.77
34.59,-73.59,27.79
34.59,-73.57,27.76
34.59,-73.55,27.83
34.59,-73.53,27.83
34.59,-73.51,27.8
34.59,-73.49,27.75
34.59,-73.47,27.83
34.59,-73.45,27.86
34.59,-73.43,27.86
34.59,-73.41,27.86
34.59,-73.39,27.86
34.59,-73.37,27.94
34.59,-73.35,28.0
34.59,-73.33,27.99
34.59,-73.31,27.99
34.59,-73.29,28.07
34.59,-73.27,28.15
34.59,-73.25,28.12
34.59,-73.23,28.11
34.59,-73.21,28.09
34.59,-73.19,28.06
34.59,-73.01,27.56
34.59,-72.99,27.55
34.59,-72.97,27.55
34.59,-72.95,27.52
34.59,-72.93,27.56
34.59,-72.91,27.56
34.59,-72.89,27.56
34.59,-72.87,27.59
34.59,-72.85,27.6
34.59,-72.83,27.6
34.59,-72.81,27.58
34.59,-72.79,27.62
34.59,-72.77,27.62
34.59,-72.75,27.6
34.59,-72.73,27.62
34.59,-72.71,27.64
34.59,-72.69,27.64
34.59,-72.67,27.55
34.59,-72.65,27.62
34.59,-72.59,27.65
34.59,-72.21,27.91
34.57,-77.23,26.79
34.57,-77.21,26.7
34.57,-77.19,26.65
34.57,-77.17,26.62
34.57,-77.07,25.93
34.57,-77.05,26.06
34.57,-77.03,26.22
34.57,-77.01,26.28
34.57,-76.99,26.79
34.57,-76.97,26.9
34.57,-76.95,26.94
34.57,-76.93,26.88
34.57,-76.91,26.86
34.57,-76.89,26.82
34.57,-76.87,26.43
34.57,-76.85,26.5
34.57,-76.83,26.79
34.57,-76.81,26.85
34.57,-76.79,26.83
34.57,-76.77,26.83
34.57,-76.75,26.89
34.57,-76.73,26.94
34.57,-76.71,26.94
34.57,-76.69,26.77
34.57,-76.67,26.68
34.57,-76.65,26.58
34.57,-76.63,26.41
34.57,-76.27,26.77
34.57,-76.25,26.92
34.57,-76.23,27.17
34.57,-76.21,27.4
34.57,-76.19,27.51
34.57,-76.17,27.62
34.57,-76.15,27.65
34.57,-76.13,27.59
34.57,-76.11,27.39
34.57,-76.09,27.17
34.57,-75.99,27.82
34.57,-75.97,27.93
34.57,-75.95,28.02
34.57,-75.93,27.88
34.57,-75.91,27.67
34.57,-75.89,27.57
34.57,-75.87,27.49
34.57,-75.85,27.58
34.57,-75.83,27.72
34.57,-75.81,28.22
34.57,-75.79,28.37
34.57,-75.77,28.67
34.57,-75.75,29.09
34.57,-75.73,29.21
34.57,-75.71,29.33
34.57,-75.69,29.52
34.57,-75.67,29.61
34.57,-75.65,29.6
34.57,-75.63,29.62
34.57,-75.55,29.46
34.57,-75.53,29.48
34.57,-75.37,29.67
34.57,-75.33,29.28
34.57,-75.31,29.23
34.57,-75.29,29.16
34.57,-75.25,28.88
34.57,-75.23,28.89
34.57,-75.21,28.94
34.57,-75.19,28.96
34.57,-75.15,28.95
34.57,-75.13,28.94
34.57,-75.11,28.97
34.57,-75.05,29.12
34.57,-75.03,29.13
34.57,-74.93,29.0
34.57,-74.91,28.94
34.57,-74.89,28.83
34.57,-74.87,28.88
34.57,-74.85,28.95
34.57,-74.83,29.0
34.57,-74.81,29.05
34.57,-74.79,29.14
34.57,-74.77,29.14
34.57,-74.75,29.16
34.57,-74.73,29.19
34.57,-74.71,29.23
34.57,-74.69,29.24
34.57,-74.67,29.27
34.57,-74.65,29.29
34.57,-74.63,29.34
34.57,-74.61,29.44
34.57,-74.59,29.45
34.57,-74.57,29.46
34.57,-74.11,27.97
34.57,-74.09,27.92
34.57,-74.07,27.79
34.57,-73.79,28.07
34.57,-73.77,27.99
34.57,-73.75,27.85
34.57,-73.73,27.79
34.57,-73.71,27.84
34.57,-73.69,27.8
34.57,-73.67,27.79
34.57,-73.65,27.77
34.57,-73.63,27.8
34.57,-73.61,27.78
34.57,-73.59,27.78
34.57,-73.57,27.79
34.57,-73.55,27.81
34.57,-73.53,27.79
34.57,-73.51,27.77
34.57,-73.49,27.75
34.57,-73.47,27.83
34.57,-73.45,27.93
34.57,-73.43,27.96
34.57,-73.41,28.01
34.57,-73.39,27.96
34.57,-73.33,28.07
34.57,-73.31,28.08
34.57,-73.29,28.1
34.57,-73.27,28.13
34.57,-73.01,27.54
34.57,-72.99,27.51
34.57,-72.97,27.48
34.57,-72.95,27.5
34.57,-72.93,27.56
34.57,-72.91,27.58
34.57,-72.89,27.61
34.57,-72.87,27.61
34.57,-72.85,27.62
34.57,-72.83,27.62
34.57,-72.81,27.64
34.57,-72.79,27.67
34.57,-72.77,27.65
34.57,-72.75,27.84
34.57,-72.73,27.81
34.57,-72.71,27.74
34.57,-72.69,27.7
34.57,-72.67,27.6
34.57,-72.65,27.61
34.57,-72.51,27.5
34.57,-72.49,27.51
34.57,-72.47,27.49
34.57,-72.29,27.66
34.57,-72.27,27.66
34.57,-72.25,27.73
34.57,-72.23,27.82
34.57,-72.21,27.9
34.55,-77.21,26.63
34.55,-77.19,26.61
34.55,-77.07,25.88
34.55,-77.05,26.05
34.55,-77.03,26.28
34.55,-77.01,26.43
34.55,-76.99,26.74
34.55,-76.97,26.83
34.55,-76.95,26.9
34.55,-76.93,26.89
34.55,-76.91,26.89
34.55,-76.89,26.8
34.55,-76.87,26.65
34.55,-76.85,26.46
34.55,-76.83,26.4
34.55,-76.81,26.4
34.55,-76.79,26.7
34.55,-76.77,26.82
34.55,-76.75,26.83
34.55,-76.73,26.82
34.55,-76.71,26.74
34.55,-76.69,26.68
34.55,-76.67,26.54
34.55,-76.27,26.72
34.55,-76.25,26.7
34.55,-76.23,26.76
34.55,-76.21,27.14
34.55,-76.19,27.47
34.55,-76.17,27.53
34.55,-76.15,27.65
34.55,-76.13,27.66
34.55,-76.11,27.56
34.55,-76.09,27.29
34.55,-76.07,27.5
34.55,-76.05,27.38
34.55,-75.97,27.82
34.55,-75.95,27.85
34.55,-75.93,28.12
34.55,-75.91,27.89
34.55,-75.89,27.84
34.55,-75.87,27.81
34.55,-75.81,28.49
34.55,-75.79,29.0
34.55,-75.77,29.19
34.55,-75.75,29.25
34.55,-75.73,29.33
34.55,-75.71,29.37
34.55,-75.69,29.42
34.55,-75.67,29.52
34.55,-75.65,29.57
34.55,-75.63,29.64
34.55,-75.61,29.77
34.55,-75.59,29.76
34.55,-75.57,29.72
34.55,-75.55,29.49
34.55,-75.53,29.51
34.55,-75.51,29.57
34.55,-75.37,29.58
34.55,-75.33,29.18
34.55,-75.31,29.18
34.55,-75.19,28.95
34.55,-75.15,28.98
34.55,-75.07,29.07
34.55,-74.93,28.97
34.55,-74.91,28.93
34.55,-74.89,28.93
34.55,-74.87,28.97
34.55,-74.85,28.99
34.55,-74.83,29.01
34.55,-74.81,29.16
34.55,-74.79,29.18
34.55,-74.77,29.2
34.55,-74.75,29.26
34.55,-74.73,29.25
34.55,-74.71,29.25
34.55,-74.69,29.28
34.55,-74.67,29.33
34.55,-74.65,29.37
34.55,-74.63,29.41
34.55,-74.61,29.5
34.55,-74.59,29.54
34.55,-74.57,29.56
34.55,-74.55,29.55
34.55,-74.11,27.99
34.55,-74.09,27.99
34.55,-73.91,27.64
34.55,-73.89,27.64
34.55,-73.79,28.05
34.55,-73.77,27.96
34.55,-73.75,27.85
34.55,-73.73,27.84
34.55,-73.71,27.84
34.55,-73.69,27.81
34.55,-73.67,27.81
34.55,-73.65,27.79
34.55,-73.63,27.8
34.55,-73.61,27.82
34.55,-73.59,27.78
34.55,-73.57,27.78
34.55,-73.55,27.81
34.55,-73.53,27.83
34.55,-73.51,27.9
34.55,-73.49,27.95
34.55,-73.47,27.95
34.55,-73.45,28.01
34.55,-73.43,28.05
34.55,-73.33,28.01
34.55,-73.31,28.05
34.55,-73.01,27.64
34.55,-72.95,27.57
34.55,-72.93,27.59
34.55,-72.91,27.59
34.55,-72.89,27.59
34.55,-72.87,27.59
34.55,-72.85,27.63
34.55,-72.83,27.63
34.55,-72.81,27.67
34.55,-72.79,27.68
34.55,-72.77,27.63
34.55,-72.75,27.59
34.55,-72.73,27.66
34.55,-72.71,27.61
34.55,-72.69,27.54
34.55,-72.67,27.52
34.55,-72.65,27.53
34.55,-72.63,27.49
34.55,-72.57,27.52
34.55,-72.55,27.51
34.55,-72.51,27.52
34.55,-72.49,27.5
34.55,-72.31,27.71
34.55,-72.29,27.7
34.55,-72.27,27.69
34.55,-72.25,27.7
34.55,-72.23,27.74
34.55,-72.21,27.81
34.53,-77.07,25.92
34.53,-77.05,25.99
34.53,-77.03,26.36
34.53,-77.01,26.45
34.53,-76.99,26.58
34.53,-76.97,26.84
34.53,-76.95,26.88
34.53,-76.93,26.89
34.53,-76.91,26.84
34.53,-76.89,26.76
34.53,-76.87,26.5
34.53,-76.85,26.47
34.53,-76.83,26.4
34.53,-76.81,26.35
34.53,-76.75,26.62
34.53,-76.73,26.64
34.53,-76.71,26.66
34.53,-76.69,26.63
34.53,-76.27,26.72
34.53,-76.25,26.81
34.53,-76.23,26.82
34.53,-76.21,26.98
34.53,-76.19,27.07
34.53,-76.17,27.48
34.53,-76.15,27.63
34.53,-76.13,27.75
34.53,-76.11,27.52
34.53,-76.09,27.54
34.53,-76.07,27.52
34.53,-76.05,27.5
34.53,-76.03,27.35
34.53,-75.89,27.86
34.53,-75.87,27.98
34.53,-75.85,28.07
34.53,-75.83,28.39
34.53,-75.81,28.67
34.53,-75.79,28.92
34.53,-75.77,29.29
34.53,-75.75,29.39
34.53,-75.73,29.41
34.53,-75.71,29.41
34.53,-75.69,29.42
34.53,-75.67,29.45
34.53,-75.65,29.43
34.53,-75.59,29.78
34.53,-75.57,29.78
34.53,-75.55,29.9
34.53,-75.53,29.75
34.53,-75.51,29.7
34.53,-75.17,28.97
34.53,-75.15,29.01
34.53,-75.13,29.07
34.53,-75.11,29.11
34.53,-74.97,29.11
34.53,-74.95,29.16
34.53,-74.93,29.05
34.53,-74.91,29.0
34.53,-74.89,28.97
34.53,-74.87,29.02
34.53,-74.85,29.1
34.53,-74.83,29.16
34.53,-74.81,29.16
34.53,-74.79,29.21
34.53,-74.77,29.21
34.53,-74.75,29.24
34.53,-74.73,29.26
34.53,-74.71,29.26
34.53,-74.69,29.31
34.53,-74.67,29.35
34.53,-74.65,29.38
34.53,-74.19,28.46
34.53,-74.09,27.85
34.53,-74.07,27.85
34.53,-73.81,28.03
34.53,-73.79,28.05
34.53,-73.77,27.86
34.53,-73.75,27.82
34.53,-73.73,27.81
34.53,-73.71,27.84
34.53,-73.69,27.84
34.53,-73.67,27.85
34.53,-73.65,27.84
34.53,-73.63,27.8
34.53,-73.61,27.81
34.53,-73.59,27.83
34.53,-73.57,27.84
34.53,-73.55,27.82
34.53,-73.53,27.9
34.53,-73.51,27.95
34.53,-73.49,28.03
34.53,-73.03,27.57
34.53,-73.01,27.6
34.53,-72.99,27.62
34.53,-72.97,27.59
34.53,-72.95,27.6
34.53,-72.91,27.59
34.53,-72.89,27.6
34.53,-72.87,27.62
34.53,-72.85,27.6
34.53,-72.83,27.54
34.53,-72.81,27.57
34.53,-72.79,27.53
34.53,-72.77,27.5
34.53,-72.75,27.52
34.53,-72.73,27.49
34.53,-72.71,27.52
34.53,-72.69,27.52
34.53,-72.67,27.57
34.53,-72.65,27.53
34.53,-72.63,27.48
34.53,-72.61,27.58
34.53,-72.59,27.57
34.53,-72.57,27.55
34.53,-72.55,27.51
34.53,-72.53,27.54
34.53,-72.51,27.59
34.53,-72.37,27.61
34.53,-72.35,27.64
34.53,-72.33,27.64
34.53,-72.31,27.6
34.53,-72.29,27.64
34.53,-72.27,27.64
34.53,-72.25,27.66
34.53,-72.23,27.65
34.53,-72.21,27.64
34.51,-77.05,26.07
34.51,-77.03,26.27
34.51,-77.01,26.42
34.51,-76.99,26.62
34.51,-76.97,26.94
34.51,-76.95,26.97
34.51,-76.93,26.94
34.51,-76.91,26.85
34.51,-76.89,26.78
34.51,-76.87,26.67
34.51,-76.85,26.57
34.51,-76.83,26.45
34.51,-76.73,26.62
34.51,-76.27,26.65
34.51,-76.25,26.82
34.51,-76.23,26.79
34.51,-76.21,26.85
34.51,-76.19,27.01
34.51,-76.17,27.07
34.51,-76.15,27.54
34.51,-76.13,27.59
34.51,-76.11,27.6
34.51,-76.09,27.58
34.51,-76.07,27.41
34.51,-76.05,27.39
34.51,-75.85,28.38
34.51,-75.83,28.88
34.51,-75.81,29.04
34.51,-75.79,29.2
34.51,-75.77,29.24
34.51,-75.75,29.37
34.51,-75.73,29.28
34.51,-75.71,29.23
34.51,-75.69,29.32
34.51,-75.67,29.43
34.51,-75.65,29.35
34.51,-75.63,29.29
34.51,-75.61,29.53
34.51,-75.59,29.7
34.51,-75.55,30.0
34.51,-75.53,30.02
34.51,-75.51,30.06
34.51,-75.15,29.04
34.51,-75.09,29.14
34.51,-74.97,29.12
34.51,-74.95,29.14
34.51,-74.93,29.14
34.51,-74.91,29.12
34.51,-74.89,29.09
34.51,-74.87,29.11
34.51,-74.85,29.08
34.51,-74.83,29.1
34.51,-74.81,29.15
34.51,-74.79,29.18
34.51,-74.77,29.21
34.51,-74.75,29.23
34.51,-74.73,29.24
34.51,-74.71,29.24
34.51,-74.69,29.28
34.51,-74.67,29.3
34.51,-74.65,29.35
34.51,-74.63,29.41
34.51,-74.61,29.45
34.51,-74.59,29.49
34.51,-74.09,27.81
34.51,-74.07,27.8
34.51,-73.83,27.97
34.51,-73.81,27.98
34.51,-73.79,28.01
34.51,-73.77,27.94
34.51,-73.75,27.78
34.51,-73.73,27.81
34.51,-73.71,27.87
34.51,-73.69,27.89
34.51,-73.67,27.89
34.51,-73.65,27.89
34.51,-73.63,27.84
34.51,-73.61,27.88
34.51,-73.59,27.93
34.51,-73.57,27.97
34.51,-73.31,27.87
34.51,-73.29,27.81
34.51,-73.27,27.76
34.51,-73.25,27.74
34.51,-73.03,27.49
34.51,-73.01,27.51
34.51,-72.99,27.54
34.51,-72.97,27.53
34.51,-72.95,27.55
34.51,-72.93,27.54
34.51,-72.91,27.56
34.51,-72.89,27.55
34.51,-72.87,27.53
34.51,-72.85,27.5
34.51,-72.83,27.49
34.51,-72.81,27.49
34.51,-72.79,27.47
34.51,-72.77,27.44
34.51,-72.75,27.45
34.51,-72.73,27.48
34.51,-72.71,27.5
34.51,-72.69,27.52
34.51,-72.67,27.54
34.51,-72.65,27.51
34.51,-72.63,27.53
34.51,-72.61,27.56
34.51,-72.59,27.55
34.51,-72.55,27.62
34.51,-72.53,27.67
34.51,-72.51,27.67
34.51,-72.49,27.66
34.51,-72.47,27.64
34.51,-72.45,27.59
34.51,-72.39,27.55
34.51,-72.37,27.56
34.51,-72.35,27.59
34.51,-72.33,27.56
34.51,-72.31,27.57
34.51,-72.29,27.59
34.51,-72.27,27.62
34.51,-72.25,27.66
34.51,-72.23,27.54
34.51,-72.21,27.52
34.49,-77.05,26.29
34.49,-77.03,26.26
34.49,-77.01,26.38
34.49,-76.99,26.61
34.49,-76.97,26.89
34.49,-76.95,26.98
34.49,-76.93,26.99
34.49,-76.91,26.92
34.49,-76.89,26.86
34.49,-76.87,26.75
34.49,-76.85,26.59
34.49,-76.83,26.48
34.49,-76.27,26.74
34.49,-76.25,26.9
34.49,-76.23,26.91
34.49,-76.21,27.08
34.49,-76.19,27.16
34.49,-76.17,27.19
34.49,-76.15,27.68
34.49,-76.13,27.77
34.49,-76.11,27.71
34.49,-76.09,27.58
34.49,-76.07,27.55
34.49,-76.05,27.48
34.49,-76.03,27.45
34.49,-75.83,28.84
34.49,-75.81,28.92
34.49,-75.79,29.27
34.49,-75.77,29.29
34.49,-75.75,29.42
34.49,-75.73,29.39
34.49,-75.71,29.33
34.49,-75.69,29.21
34.49,-75.67,29.16
34.49,-75.65,29.19
34.49,-75.63,29.22
34.49,-75.53,30.04
34.49,-75.51,30.06
34.49,-75.11,29.18
34.49,-75.07,29.15
34.49,-74.99,29.11
34.49,-74.97,29.14
34.49,-74.93,29.1
34.49,-74.91,29.08
34.49,-74.89,29.04
34.49,-74.87,29.05
34.49,-74.85,29.07
34.49,-74.83,29.08
34.49,-74.81,29.12
34.49,-74.79,29.13
34.49,-74.77,29.15
34.49,-74.75,29.2
34.49,-74.73,29.22
34.49,-74.71,29.23
34.49,-74.69,29.26
34.49,-74.67,29.29
34.49,-74.65,29.32
34.49,-74.63,29.39
34.49,-73.75,27.79
34.49,-73.73,27.81
34.49,-73.71,27.88
34.49,-73.69,27.96
34.49,-73.67,27.99
34.49,-73.65,28.0
34.49,-73.63,27.99
34.49,-73.61,28.01
34.49,-73.59,27.99
34.49,-73.39,27.88
34.49,-73.37,27.88
34.49,-73.35,27.81
34.49,-73.33,27.78
34.49,-73.31,27.8
34.49,-73.29,27.75
34.49,-73.27,27.75
34.49,-73.25,27.63
34.49,-73.23,27.55
34.49,-73.21,27.5
34.49,-73.19,27.49
34.49,-73.17,27.5
34.49,-73.15,27.49
34.49,-73.13,27.42
34.49,-73.11,27.38
34.49,-73.05,27.39
34.49,-73.03,27.41
34.49,-73.01,27.48
34.49,-72.99,27.54
34.49,-72.97,27.52
34.49,-72.95,27.54
34.49,-72.93,27.53
34.49,-72.91,27.58
34.49,-72.89,27.57
34.49,-72.87,27.51
34.49,-72.85,27.45
34.49,-72.83,27.46
34.49,-72.81,27.51
34.49,-72.79,27.49
34.49,-72.77,27.51
34.49,-72.75,27.52
34.49,-72.73,27.5
34.49,-72.71,27.48
34.49,-72.69,27.52
34.49,-72.67,27.54
34.49,-72.65,27.49
34.49,-72.63,27.51
34.49,-72.61,27.5
34.49,-72.59,27.51
34.49,-72.57,27.48
34.49,-72.55,27.53
34.49,-72.53,27.63
34.49,-72.51,27.56
34.49,-72.49,27.54
34.49,-72.43,27.52
34.49,-72.41,27.54
34.49,-72.39,27.51
34.49,-72.37,27.47
34.49,-72.35,27.51
34.49,-72.33,27.58
34.49,-72.31,27.57
34.49,-72.29,27.52
34.49,-72.27,27.55
34.49,-72.25,27.65
34.49,-72.23,27.63
34.49,-72.21,27.61
34.47,-77.05,26.35
34.47,-77.03,26.3
34.47,-77.01,26.24
34.47,-76.99,26.54
34.47,-76.97,26.85
34.47,-76.95,27.03
34.47,-76.93,27.03
34.47,-76.91,26.96
34.47,-76.89,26.87
34.47,-76.87,26.55
34.47,-76.85,26.42
34.47,-76.27,26.77
34.47,-76.25,26.84
34.47,-76.23,26.94
34.47,-76.21,27.17
34.47,-76.19,27.27
34.47,-76.17,27.55
34.47,-76.15,27.7
34.47,-76.13,27.79
34.47,-76.11,27.76
34.47,-76.09,27.82
34.47,-76.07,27.82
34.47,-76.05,27.59
34.47,-75.81,28.51
34.47,-75.79,28.54
34.47,-75.75,29.12
34.47,-75.73,29.37
34.47,-75.71,29.37
34.47,-75.69,29.18
34.47,-75.67,29.0
34.47,-75.65,28.95
34.47,-75.19,29.11
34.47,-75.15,29.18
34.47,-75.13,29.19
34.47,-75.11,29.19
34.47,-75.09,29.19
34.47,-75.07,29.17
34.47,-75.05,29.15
34.47,-74.97,29.11
34.47,-74.95,29.09
34.47,-74.93,29.09
34.47,-74.91,29.05
34.47,-74.89,29.01
34.47,-74.87,29.0
34.47,-74.85,29.03
34.47,-74.83,29.03
34.47,-74.81,29.07
34.47,-74.79,29.1
34.47,-74.77,29.1
34.47,-74.75,29.17
34.47,-74.73,29.23
34.47,-74.71,29.26
34.47,-74.69,29.28
34.47,-74.67,29.33
34.47,-74.65,29.4
34.47,-74.63,29.48
34.47,-74.61,29.54
34.47,-74.59,29.55
34.47,-74.45,29.75
34.47,-73.95,27.68
34.47,-73.93,27.68
34.47,-73.75,27.78
34.47,-73.73,27.84
34.47,-73.69,28.0
34.47,-73.67,28.01
34.47,-73.65,28.0
34.47,-73.41,27.77
34.47,-73.39,27.77
34.47,-73.37,27.77
34.47,-73.35,27.7
34.47,-73.33,27.65
34.47,-73.31,27.67
34.47,-73.25,27.56
34.47,-73.23,27.54
34.47,-73.21,27.5
34.47,-73.19,27.48
34.47,-73.17,27.48
34.47,-73.15,27.48
34.47,-73.13,27.45
34.47,-73.11,27.4
34.47,-73.09,27.48
34.47,-73.07,27.53
34.47,-73.05,27.48
34.47,-73.03,27.46
34.47,-73.01,27.44
34.47,-72.99,27.52
34.47,-72.95,27.57
34.47,-72.93,27.59
34.47,-72.91,27.54
34.47,-72.87,27.54
34.47,-72.85,27.52
34.47,-72.83,27.54
34.47,-72.81,27.56
34.47,-72.79,27.54
34.47,-72.77,27.56
34.47,-72.75,27.56
34.47,-72.73,27.54
34.47,-72.71,27.54
34.47,-72.69,27.57
34.47,-72.67,27.57
34.47,-72.65,27.52
34.47,-72.63,27.55
34.47,-72.59,27.58
34.47,-72.57,27.49
34.47,-72.55,27.52
34.47,-72.53,27.53
34.47,-72.51,27.47
34.47,-72.49,27.47
34.47,-72.47,27.44
34.47,-72.45,27.41
34.47,-72.43,27.4
34.47,-72.41,27.49
34.47,-72.37,27.51
34.47,-72.35,27.49
34.47,-72.33,27.59
34.47,-72.31,27.59
34.47,-72.27,27.53
34.47,-72.25,27.55
34.47,-72.23,27.61
34.47,-72.21,27.58
34.45,-77.05,26.47
34.45,-77.03,26.45
34.45,-77.01,26.35
34.45,-76.99,26.5
34.45,-76.97,26.9
34.45,-76.95,27.12
34.45,-76.93,27.12
34.45,-76.91,27.08
34.45,-76.89,26.81
34.45,-76.87,26.61
34.45,-76.85,26.47
34.45,-76.27,26.74
34.45,-76.25,26.81
34.45,-76.23,26.87
34.45,-76.21,27.05
34.45,-76.19,27.33
34.45,-76.17,27.46
34.45,-76.15,27.52
34.45,-76.13,27.7
34.45,-76.11,27.72
34.45,-76.09,27.71
34.45,-76.07,27.73
34.45,-76.05,27.58
34.45,-75.81,28.55
34.45,-75.79,28.8
34.45,-75.77,28.85
34.45,-75.75,29.07
34.45,-75.73,29.1
34.45,-75.71,29.31
34.45,-75.67,28.99
34.45,-75.65,28.95
34.45,-75.19,29.1
34.45,-75.17,29.13
34.45,-75.11,29.15
34.45,-75.09,29.1
34.45,-75.07,29.11
34.45,-75.05,29.1
34.45,-75.03,29.05
34.45,-75.01,29.06
34.45,-74.99,29.07
34.45,-74.97,29.08
34.45,-74.95,29.03
34.45,-74.93,29.0
34.45,-74.91,29.04
34.45,-74.89,29.01
34.45,-74.87,29.04
34.45,-74.85,29.03
34.45,-74.83,29.04
34.45,-74.81,29.09
34.45,-74.79,29.11
34.45,-74.77,29.13
34.45,-74.75,29.16
34.45,-74.73,29.21
34.45,-74.71,29.24
34.45,-74.69,29.28
34.45,-74.67,29.36
34.45,-74.65,29.43
34.45,-74.63,29.5
34.45,-74.61,29.56
34.45,-74.59,29.56
34.45,-74.51,29.71
34.45,-74.47,29.78
34.45,-74.45,29.78
34.45,-74.41,29.68
34.45,-74.39,29.68
34.45,-74.37,29.62
34.45,-74.35,29.56
34.45,-73.95,27.67
34.45,-73.93,27.66
34.45,-73.73,27.99
34.45,-73.71,28.04
34.45,-73.69,28.03
34.45,-73.61,28.0
34.45,-73.59,28.0
34.45,-73.57,28.02
34.45,-73.43,27.59
34.45,-73.35,27.64
34.45,-73.33,27.6
34.45,-73.31,27.61
34.45,-73.29,27.56
34.45,-73.27,27.56
34.45,-73.25,27.53
34.45,-73.23,27.51
34.45,-73.21,27.52
34.45,-73.19,27.55
34.45,-73.17,27.53
34.45,-73.15,27.48
34.45,-73.13,27.51
34.45,-73.11,27.55
34.45,-73.09,27.54
34.45,-73.07,27.52
34.45,-73.05,27.48
34.45,-73.03,27.47
34.45,-73.01,27.46
34.45,-72.99,27.5
34.45,-72.97,27.53
34.45,-72.95,27.52
34.45,-72.93,27.55
34.45,-72.91,27.56
34.45,-72.89,27.59
34.45,-72.87,27.57
34.45,-72.85,27.58
34.45,-72.83,27.57
34.45,-72.81,27.55
34.45,-72.79,27.55
34.45,-72.77,27.61
34.45,-72.75,27.6
34.45,-72.73,27.57
34.45,-72.71,27.56
34.45,-72.69,27.6
34.45,-72.67,27.62
34.45,-72.65,27.56
34.45,-72.63,27.59
34.45,-72.61,27.57
34.45,-72.59,27.56
34.45,-72.57,27.51
34.45,-72.55,27.52
34.45,-72.53,27.46
34.45,-72.51,27.44
34.45,-72.49,27.44
34.45,-72.47,27.4
34.45,-72.45,27.29
34.45,-72.43,27.31
34.45,-72.41,27.5
34.45,-72.39,27.54
34.45,-72.37,27.51
34.45,-72.35,27.55
34.45,-72.33,27.56
34.45,-72.31,27.56
34.45,-72.29,27.53
34.45,-72.27,27.54
34.45,-72.25,27.55
34.45,-72.21,27.55
34.43,-77.19,26.65
34.43,-77.17,26.67
34.43,-77.05,26.5
34.43,-77.03,26.48
34.43,-77.01,26.49
34.43,-76.99,26.53
34.43,-76.97,26.87
34.43,-76.95,27.07
34.43,-76.93,27.11
34.43,-76.91,27.02
34.43,-76.89,26.88
34.43,-76.87,26.69
34.43,-76.85,26.61
34.43,-76.83,26.63
34.43,-76.27,26.72
34.43,-76.25,26.79
34.43,-76.23,26.82
34.43,-76.21,27.04
34.43,-76.19,27.33
34.43,-76.17,27.42
34.43,-76.15,27.42
34.43,-76.13,27.62
34.43,-76.11,27.59
34.43,-76.09,27.65
34.43,-76.07,27.7
34.43,-76.05,27.54
34.43,-76.03,27.55
34.43,-75.83,28.72
34.43,-75.81,28.85
34.43,-75.79,29.07
34.43,-75.77,29.12
34.43,-75.75,29.13
34.43,-75.73,29.12
34.43,-75.71,29.09
34.43,-75.69,29.05
34.43,-75.19,29.11
34.43,-75.07,29.1
34.43,-75.05,29.1
34.43,-75.01,29.08
34.43,-74.99,29.08
34.43,-74.95,28.97
34.43,-74.93,28.97
34.43,-74.91,29.03
34.43,-74.89,29.03
34.43,-74.87,29.03
34.43,-74.85,29.06
34.43,-74.83,29.09
34.43,-74.81,29.11
34.43,-74.79,29.14
34.43,-74.77,29.14
34.43,-74.75,29.21
34.43,-74.73,29.23
34.43,-74.71,29.27
34.43,-74.69,29.31
34.43,-74.67,29.4
34.43,-74.65,29.49
34.43,-74.63,29.49
34.43,-74.61,29.5
34.43,-74.59,29.53
34.43,-74.53,29.62
34.43,-74.51,29.69
34.43,-74.49,29.72
34.43,-74.47,29.77
34.43,-74.45,29.78
34.43,-74.43,29.69
34.43,-74.41,29.66
34.43,-74.39,29.62
34.43,-74.37,29.58
34.43,-74.35,29.54
34.43,-73.75,27.91
34.43,-73.73,27.97
34.43,-73.59,27.92
34.43,-73.57,27.99
34.43,-73.45,27.66
34.43,-73.43,27.62
34.43,-73.41,27.59
34.43,-73.39,27.58
34.43,-73.37,27.6
34.43,-73.35,27.57
34.43,-73.33,27.58
34.43,-73.31,27.57
34.43,-73.29,27.53
34.43,-73.27,27.54
34.43,-73.25,27.52
34.43,-73.23,27.5
34.43,-73.21,27.54
34.43,-73.19,27.57
34.43,-73.17,27.53
34.43,-73.15,27.5
34.43,-73.13,27.51
34.43,-73.11,27.54
34.43,-73.09,27.51
34.43,-73.07,27.49
34.43,-73.05,27.53
34.43,-73.03,27.5
34.43,-73.01,27.54
34.43,-72.99,27.53
34.43,-72.97,27.54
34.43,-72.95,27.54
34.43,-72.93,27.52
34.43,-72.91,27.54
34.43,-72.89,27.6
34.43,-72.87,27.57
34.43,-72.85,27.6
34.43,-72.83,27.62
34.43,-72.81,27.54
34.43,-72.79,27.61
34.43,-72.77,27.65
34.43,-72.75,27.61
34.43,-72.73,27.62
34.43,-72.71,27.65
34.43,-72.69,27.61
34.43,-72.67,27.6
34.43,-72.65,27.58
34.43,-72.63,27.6
34.43,-72.61,27.59
34.43,-72.59,27.6
34.43,-72.57,27.56
34.43,-72.55,27.49
34.43,-72.53,27.53
34.43,-72.51,27.52
34.43,-72.49,27.46
34.43,-72.47,27.39
34.43,-72.45,27.28
34.43,-72.43,27.28
34.43,-72.41,27.38
34.43,-72.39,27.4
34.43,-72.37,27.5
34.43,-72.35,27.54
34.43,-72.33,27.55
34.43,-72.31,27.59
34.43,-72.29,27.55
34.43,-72.27,27.58
34.43,-72.25,27.58
34.43,-72.23,27.58
34.41,-77.21,26.75
34.41,-77.19,26.78
34.41,-77.17,26.74
34.41,-77.15,26.68
34.41,-77.03,26.5
34.41,-77.01,26.6
34.41,-76.99,26.64
34.41,-76.97,26.86
34.41,-76.95,27.07
34.41,-76.93,27.17
34.41,-76.91,27.21
34.41,-76.89,26.97
34.41,-76.87,26.83
34.41,-76.85,26.71
34.41,-76.83,26.74
34.41,-76.23,26.91
34.41,-76.21,26.94
34.41,-76.19,27.09
34.41,-76.17,27.26
34.41,-76.15,27.29
34.41,-76.13,27.48
34.41,-76.11,27.62
34.41,-76.09,27.68
34.41,-76.07,27.75
34.41,-76.05,27.78
34.41,-76.03,27.7
34.41,-76.01,27.9
34.41,-75.87,28.75
34.41,-75.85,28.76
34.41,-75.83,28.87
34.41,-75.81,28.94
34.41,-75.79,29.09
34.41,-75.77,29.21
34.41,-75.75,29.16
34.41,-75.73,29.18
34.41,-75.71,29.1
34.41,-75.69,28.98
34.41,-75.67,28.77
34.41,-75.65,28.76
34.41,-75.63,28.9
34.41,-75.15,29.09
34.41,-75.13,29.1
34.41,-75.09,29.1
34.41,-75.07,29.08
34.41,-75.05,29.1
34.41,-75.03,29.15
34.41,-75.01,29.15
34.41,-74.99,29.11
34.41,-74.95,29.06
34.41,-74.93,29.08
34.41,-74.91,29.07
34.41,-74.89,29.05
34.41,-74.87,29.06
34.41,-74.85,29.09
34.41,-74.83,29.08
34.41,-74.81,29.12
34.41,-74.79,29.16
34.41,-74.77,29.19
34.41,-74.75,29.21
34.41,-74.73,29.21
34.41,-74.71,29.25
34.41,-74.69,29.32
34.41,-74.67,29.4
34.41,-74.65,29.46
34.41,-74.63,29.47
34.41,-74.61,29.47
34.41,-74.59,29.51
34.41,-74.57,29.52
34.41,-74.55,29.56
34.41,-74.41,29.59
34.41,-74.39,29.58
34.41,-74.37,29.56
34.41,-74.35,29.43
34.41,-74.33,29.27
34.41,-74.31,28.85
34.41,-73.95,27.66
34.41,-73.93,27.68
34.41,-73.91,27.69
34.41,-73.87,27.96
34.41,-73.85,28.0
34.41,-73.81,27.99
34.41,-73.79,27.93
34.41,-73.77,27.86
34.41,-73.75,27.88
34.41,-73.47,27.7
34.41,-73.45,27.68
34.41,-73.43,27.63
34.41,-73.41,27.59
34.41,-73.39,27.58
34.41,-73.37,27.59
34.41,-73.35,27.63
34.41,-73.33,27.54
34.41,-73.31,27.54
34.41,-73.29,27.52
34.41,-73.27,27.5
34.41,-73.25,27.53
34.41,-73.23,27.5
34.41,-73.21,27.52
34.41,-73.19,27.51
34.41,-73.17,27.51
34.41,-73.15,27.49
34.41,-73.13,27.49
34.41,-73.11,27.5
34.41,-73.09,27.48
34.41,-73.07,27.49
34.41,-73.05,27.54
34.41,-73.03,27.55
34.41,-73.01,27.6
34.41,-72.99,27.6
34.41,-72.97,27.59
34.41,-72.95,27.57
34.41,-72.93,27.55
34.41,-72.91,27.63
34.41,-72.89,27.65
34.41,-72.87,27.61
34.41,-72.85,27.6
34.41,-72.83,27.63
34.41,-72.81,27.64
34.41,-72.79,27.66
34.41,-72.77,27.65
34.41,-72.75,27.62
34.41,-72.73,27.65
34.41,-72.71,27.61
34.41,-72.69,27.58
34.41,-72.67,27.74
34.41,-72.65,27.65
34.41,-72.63,27.6
34.41,-72.61,27.58
34.41,-72.59,27.57
34.41,-72.57,27.59
34.41,-72.53,27.62
34.41,-72.51,27.61
34.41,-72.49,27.59
34.41,-72.43,27.41
34.41,-72.41,27.42
34.41,-72.39,27.42
34.41,-72.37,27.42
34.41,-72.35,27.39
34.41,-72.33,27.45
34.41,-72.31,27.55
34.41,-72.29,27.55
34.41,-72.21,27.66
34.39,-77.21,26.77
34.39,-77.19,26.85
34.39,-77.17,26.79
34.39,-77.15,26.71
34.39,-77.03,26.52
34.39,-77.01,26.61
34.39,-76.99,26.65
34.39,-76.97,26.8
34.39,-76.95,26.99
34.39,-76.93,27.18
34.39,-76.91,27.25
34.39,-76.89,27.35
34.39,-76.87,27.0
34.39,-76.85,26.87
34.39,-76.83,26.85
34.39,-76.81,26.84
34.39,-76.21,26.99
34.39,-76.19,27.22
34.39,-76.17,27.25
34.39,-76.13,27.46
34.39,-76.11,27.6
34.39,-76.09,27.75
34.39,-76.07,27.85
34.39,-76.05,27.89
34.39,-76.03,28.05
34.39,-76.01,28.08
34.39,-75.99,28.34
34.39,-75.83,29.04
34.39,-75.81,29.11
34.39,-75.77,28.94
34.39,-75.75,29.24
34.39,-75.73,29.25
34.39,-75.67,28.77
34.39,-75.65,28.84
34.39,-75.63,28.91
34.39,-75.39,28.88
34.39,-75.29,29.0
34.39,-75.15,29.08
34.39,-75.13,29.07
34.39,-75.11,29.09
34.39,-75.09,29.09
34.39,-75.07,29.11
34.39,-75.05,29.14
34.39,-75.03,29.15
34.39,-75.01,29.12
34.39,-74.99,29.1
34.39,-74.97,29.08
34.39,-74.95,29.1
34.39,-74.93,29.07
34.39,-74.91,29.1
34.39,-74.89,29.04
34.39,-74.87,29.02
34.39,-74.85,29.07
34.39,-74.83,29.13
34.39,-74.81,29.12
34.39,-74.79,29.17
34.39,-74.77,29.22
34.39,-74.75,29.19
34.39,-74.73,29.19
34.39,-74.71,29.23
34.39,-74.69,29.28
34.39,-74.67,29.37
34.39,-74.65,29.44
34.39,-74.63,29.48
34.39,-74.61,29.5
34.39,-74.59,29.55
34.39,-74.57,29.58
34.39,-74.55,29.61
34.39,-74.53,29.62
34.39,-74.45,29.64
34.39,-74.43,29.59
34.39,-74.41,29.58
34.39,-74.39,29.56
34.39,-74.37,29.49
34.39,-74.35,29.41
34.39,-74.33,29.17
34.39,-74.31,28.72
34.39,-73.97,27.57
34.39,-73.95,27.56
34.39,-73.93,27.64
34.39,-73.91,27.7
34.39,-73.85,27.96
34.39,-73.49,27.7
34.39,-73.47,27.66
34.39,-73.45,27.66
34.39,-73.43,27.66
34.39,-73.39,27.58
34.39,-73.37,27.58
34.39,-73.35,27.57
34.39,-73.33,27.52
34.39,-73.31,27.51
34.39,-73.29,27.52
34.39,-73.27,27.57
34.39,-73.25,27.53
34.39,-73.23,27.51
34.39,-73.21,27.46
34.39,-73.19,27.47
34.39,-73.17,27.46
34.39,-73.15,27.49
34.39,-73.13,27.56
34.39,-73.11,27.53
34.39,-73.09,27.61
34.39,-73.07,27.62
34.39,-72.99,27.57
34.39,-72.97,27.59
34.39,-72.95,27.61
34.39,-72.93,27.61
34.39,-72.91,27.63
34.39,-72.89,27.64
34.39,-72.87,27.66
34.39,-72.85,27.67
34.39,-72.83,27.67
34.39,-72.81,27.66
34.39,-72.79,27.69
34.39,-72.77,27.71
34.39,-72.75,27.71
34.39,-72.73,27.72
34.39,-72.71,27.72
34.39,-72.69,27.7
34.39,-72.67,27.69
34.39,-72.65,27.69
34.39,-72.63,27.72
34.39,-72.61,27.68
34.39,-72.59,27.66
34.39,-72.51,27.58
34.39,-72.49,27.62
34.39,-72.43,27.56
34.39,-72.41,27.54
34.39,-72.39,27.47
34.39,-72.33,27.38
34.39,-72.23,27.62
34.39,-72.21,27.62
34.37,-77.31,26.73
34.37,-77.21,26.74
34.37,-77.19,26.82
34.37,-77.17,26.8
34.37,-77.15,26.76
34.37,-77.05,26.54
34.37,-77.03,26.55
34.37,-77.01,26.6
34.37,-76.99,26.7
34.37,-76.97,26.83
34.37,-76.95,26.92
34.37,-76.93,27.08
34.37,-76.91,27.29
34.37,-76.89,27.4
34.37,-76.87,27.16
34.37,-76.85,27.03
34.37,-76.83,26.88
34.37,-76.81,26.87
34.37,-76.21,27.13
34.37,-76.19,27.28
34.37,-76.17,27.3
34.37,-76.15,27.44
34.37,-76.13,27.55
34.37,-76.11,27.66
34.37,-76.09,27.82
34.37,-76.07,27.91
34.37,-76.05,28.15
34.37,-76.03,28.19
34.37,-76.01,28.34
34.37,-75.99,28.47
34.37,-75.97,28.82
34.37,-75.95,29.14
34.37,-75.87,28.79
34.37,-75.83,29.03
34.37,-75.79,29.14
34.37,-75.77,28.95
34.37,-75.75,28.96
34.37,-75.73,29.18
34.37,-75.65,28.84
34.37,-75.45,29.1
34.37,-75.41,28.9
34.37,-75.39,28.9
34.37,-75.37,28.92
34.37,-75.33,29.04
34.37,-75.31,29.05
34.37,-75.03,29.07
34.37,-75.01,29.08
34.37,-74.99,29.04
34.37,-74.97,29.05
34.37,-74.95,29.07
34.37,-74.93,29.05
34.37,-74.91,29.03
34.37,-74.89,29.0
34.37,-74.87,29.0
34.37,-74.85,29.08
34.37,-74.83,29.15
34.37,-74.81,29.15
34.37,-74.79,29.17
34.37,-74.77,29.2
34.37,-74.75,29.19
34.37,-74.73,29.19
34.37,-74.71,29.23
34.37,-74.69,29.25
34.37,-74.67,29.38
34.37,-74.65,29.42
34.37,-74.63,29.47
34.37,-74.61,29.51
34.37,-74.59,29.56
34.37,-74.57,29.62
34.37,-74.55,29.64
34.37,-74.53,29.67
34.37,-74.49,29.69
34.37,-74.45,29.64
34.37,-74.43,29.64
34.37,-74.41,29.61
34.37,-74.39,29.56
34.37,-74.37,29.5
34.37,-74.35,29.27
34.37,-74.33,28.87
34.37,-74.31,28.51
34.37,-73.95,27.56
34.37,-73.93,27.61
34.37,-73.91,27.67
34.37,-73.43,27.56
34.37,-73.41,27.55
34.37,-73.39,27.54
34.37,-73.37,27.51
34.37,-73.35,27.51
34.37,-73.31,27.5
34.37,-73.29,27.49
34.37,-73.27,27.54
34.37,-73.25,27.6
34.37,-73.21,27.44
34.37,-73.19,27.42
34.37,-73.17,27.49
34.37,-73.15,27.53
34.37,-73.13,27.58
34.37,-73.11,27.62
34.37,-73.09,27.61
34.37,-73.07,27.63
34.37,-72.99,27.62
34.37,-72.97,27.62
34.37,-72.95,27.65
34.37,-72.93,27.61
34.37,-72.91,27.63
34.37,-72.89,27.67
34.37,-72.87,27.7
34.37,-72.85,27.7
34.37,-72.83,27.67
34.37,-72.81,27.65
34.37,-72.79,27.71
34.37,-72.77,27.7
34.37,-72.75,27.69
34.37,-72.73,27.74
34.37,-72.71,27.78
34.37,-72.69,27.76
34.37,-72.63,27.72
34.37,-72.61,27.71
34.37,-72.59,27.69
34.37,-72.57,27.7
34.37,-72.49,27.62
34.37,-72.45,27.55
34.37,-72.43,27.6
34.37,-72.41,27.61
34.37,-72.39,27.61
34.37,-72.33,27.5
34.37,-72.27,27.32
34.37,-72.25,27.33
34.37,-72.21,27.51
34.35,-77.33,26.72
34.35,-77.31,26.73
34.35,-77.29,26.75
34.35,-77.21,26.74
34.35,-77.19,26.76
34.35,-77.17,26.8
34.35,-77.15,26.81
34.35,-77.05,26.57
34.35,-77.03,26.59
34.35,-77.01,26.6
34.35,-76.99,26.64
34.35,-76.97,26.84
34.35,-76.95,26.96
34.35,-76.93,27.21
34.35,-76.91,27.32
34.35,-76.89,27.33
34.35,-76.87,27.2
34.35,-76.85,27.09
34.35,-76.83,26.95
34.35,-76.81,26.86
34.35,-76.25,26.98
34.35,-76.23,27.13
34.35,-76.21,27.17
34.35,-76.19,27.35
34.35,-76.17,27.41
34.35,-76.15,27.54
34.35,-76.13,27.67
34.35,-76.11,27.82
34.35,-76.09,27.91
34.35,-76.07,28.22
34.35,-76.05,28.29
34.35,-76.03,28.5
34.35,-76.01,28.91
34.35,-75.99,29.11
34.35,-75.97,29.35
34.35,-75.95,29.33
34.35,-75.93,28.76
34.35,-75.91,28.77
34.35,-75.89,28.77
34.35,-75.87,28.77
34.35,-75.79,29.39
34.35,-75.77,29.32
34.35,-75.75,29.26
34.35,-75.47,29.13
34.35,-75.45,29.06
34.35,-75.43,28.99
34.35,-75.41,28.95
34.35,-75.39,28.89
34.35,-75.37,28.9
34.35,-75.33,29.04
34.35,-75.05,29.07
34.35,-75.03,29.05
34.35,-75.01,29.06
34.35,-74.99,29.09
34.35,-74.97,29.09
34.35,-74.95,29.08
34.35,-74.91,29.09
34.35,-74.89,29.1
34.35,-74.87,29.1
34.35,-74.85,29.15
34.35,-74.83,29.14
34.35,-74.81,29.15
34.35,-74.79,29.19
34.35,-74.77,29.19
34.35,-74.75,29.2
34.35,-74.73,29.22
34.35,-74.71,29.24
34.35,-74.69,29.3
34.35,-74.67,29.35
34.35,-74.65,29.41
34.35,-74.63,29.45
34.35,-74.61,29.49
34.35,-74.59,29.55
34.35,-74.57,29.61
34.35,-74.55,29.64
34.35,-74.53,29.66
34.35,-74.51,29.67
34.35,-74.49,29.65
34.35,-74.47,29.61
34.35,-74.45,29.59
34.35,-74.43,29.56
34.35,-74.41,29.56
34.35,-74.39,29.47
34.35,-74.37,29.34
34.35,-74.35,29.07
34.35,-74.33,28.39
34.35,-74.31,28.41
34.35,-74.29,28.42
34.35,-74.19,27.79
34.35,-74.17,27.76
34.35,-74.15,27.77
34.35,-73.33,27.43
34.35,-73.31,27.46
34.35,-73.29,27.45
34.35,-73.27,27.48
34.35,-73.17,27.48
34.35,-73.15,27.53
34.35,-73.13,27.58
34.35,-73.11,27.59
34.35,-73.09,27.64
34.35,-73.07,27.66
34.35,-73.01,27.66
34.35,-72.99,27.63
34.35,-72.97,27.64
34.35,-72.95,27.63
34.35,-72.93,27.6
34.35,-72.91,27.72
34.35,-72.89,27.74
34.35,-72.87,27.76
34.35,-72.85,27.75
34.35,-72.83,27.77
34.35,-72.81,27.79
34.35,-72.79,27.77
34.35,-72.77,27.74
34.35,-72.75,27.75
34.35,-72.73,27.76
34.35,-72.71,27.73
34.35,-72.67,27.75
34.35,-72.51,27.61
34.35,-72.49,27.59
34.35,-72.45,27.54
34.35,-72.43,27.55
34.35,-72.41,27.59
34.35,-72.39,27.6
34.35,-72.29,27.37
34.35,-72.27,27.33
34.35,-72.25,27.31
34.35,-72.23,27.39
34.35,-72.21,27.44
34.33,-77.27,26.71
34.33,-77.21,26.87
34.33,-77.19,26.85
34.33,-77.17,26.85
34.33,-77.15,26.87
34.33,-77.13,26.82
34.33,-77.07,26.56
34.33,-77.05,26.58
34.33,-77.03,26.63
34.33,-77.01,26.71
34.33,-76.99,26.76
34.33,-76.97,26.83
34.33,-76.95,27.0
34.33,-76.93,27.22
34.33,-76.91,27.38
34.33,-76.89,27.39
34.33,-76.87,27.39
34.33,-76.85,27.19
34.33,-76.83,27.04
34.33,-76.81,26.9
34.33,-76.25,27.14
34.33,-76.23,27.23
34.33,-76.21,27.42
34.33,-76.19,27.56
34.33,-76.17,27.53
34.33,-76.15,27.64
34.33,-76.13,27.83
34.33,-76.11,27.87
34.33,-76.09,28.01
34.33,-76.07,28.25
34.33,-76.05,28.48
34.33,-76.03,28.97
34.33,-76.01,29.14
34.33,-75.99,29.27
34.33,-75.97,29.37
34.33,-75.95,29.31
34.33,-75.93,29.02
34.33,-75.91,28.92
34.33,-75.89,29.24
34.33,-75.87,29.34
34.33,-75.79,29.49
34.33,-75.41,28.97
34.33,-75.37,28.92
34.33,-75.35,29.01
34.33,-75.33,29.05
34.33,-75.29,29.1
34.33,-75.27,29.11
34.33,-75.05,29.07
34.33,-75.03,29.08
34.33,-74.99,29.08
34.33,-74.97,29.08
34.33,-74.95,29.1
34.33,-74.93,29.06
34.33,-74.91,29.09
34.33,-74.89,29.11
34.33,-74.87,29.1
34.33,-74.85,29.17
34.33,-74.83,29.17
34.33,-74.81,29.18
34.33,-74.79,29.22
34.33,-74.77,29.22
34.33,-74.75,29.24
34.33,-74.73,29.25
34.33,-74.71,29.26
34.33,-74.69,29.31
34.33,-74.67,29.39
34.33,-74.65,29.36
34.33,-74.63,29.43
34.33,-74.61,29.48
34.33,-74.59,29.51
34.33,-74.57,29.56
34.33,-74.55,29.61
34.33,-74.53,29.63
34.33,-74.51,29.62
34.33,-74.49,29.59
34.33,-74.47,29.58
34.33,-74.45,29.57
34.33,-74.43,29.54
34.33,-74.41,29.46
34.33,-74.39,29.4
34.33,-74.37,29.29
34.33,-74.35,28.73
34.33,-74.33,28.45
34.33,-74.31,28.45
34.33,-74.29,28.38
34.33,-74.27,28.26
34.33,-74.25,28.09
34.33,-74.23,28.06
34.33,-74.21,27.99
34.33,-74.19,27.93
34.33,-74.17,27.9
34.33,-73.35,27.39
34.33,-73.33,27.48
34.33,-73.31,27.44
34.33,-73.29,27.41
34.33,-73.27,27.45
34.33,-73.23,27.44
34.33,-73.21,27.48
34.33,-73.19,27.51
34.33,-73.17,27.52
34.33,-73.13,27.59
34.33,-73.11,27.62
34.33,-73.09,27.62
34.33,-73.07,27.7
34.33,-73.05,27.72
34.33,-73.01,27.66
34.33,-72.99,27.66
34.33,-72.97,27.69
34.33,-72.95,27.69
34.33,-72.93,27.75
34.33,-72.91,27.77
34.33,-72.89,27.81
34.33,-72.87,27.78
34.33,-72.85,27.79
34.33,-72.83,27.81
34.33,-72.81,27.8
34.33,-72.79,27.76
34.33,-72.77,27.78
34.33,-72.75,27.78
34.33,-72.73,27.76
34.33,-72.67,27.76
34.33,-72.65,27.77
34.33,-72.63,27.79
34.33,-72.61,27.73
34.33,-72.59,27.71
34.33,-72.57,27.69
34.33,-72.55,27.71
34.33,-72.53,27.7
34.33,-72.45,27.62
34.33,-72.43,27.51
34.33,-72.41,27.42
34.33,-72.31,27.49
34.33,-72.29,27.45
34.33,-72.27,27.36
34.33,-72.25,27.36
34.33,-72.23,27.38
34.33,-72.21,27.38
34.31,-77.73,27.11
34.31,-77.33,26.7
34.31,-77.31,26.69
34.31,-77.29,26.67
34.31,-77.27,26.71
34.31,-77.25,26.69
34.31,-77.21,26.93
34.31,-77.19,26.99
34.31,-77.17,26.94
34.31,-77.15,26.94
34.31,-77.13,26.83
34.31,-77.11,26.52
34.31,-77.09,26.32
34.31,-77.07,26.44
34.31,-77.05,26.55
34.31,-77.03,26.67
34.31,-77.01,26.81
34.31,-76.99,26.89
34.31,-76.97,26.92
34.31,-76.95,27.03
34.31,-76.93,27.3
34.31,-76.91,27.51
34.31,-76.89,27.51
34.31,-76.87,27.49
34.31,-76.85,27.35
34.31,-76.83,27.2
34.31,-76.81,26.99
34.31,-76.25,27.24
34.31,-76.23,27.37
34.31,-76.21,27.5
34.31,-76.19,27.65
34.31,-76.17,27.79
34.31,-76.15,27.88
34.31,-76.13,27.94
34.31,-76.11,28.1
34.31,-76.09,28.28
34.31,-76.07,28.74
34.31,-76.05,29.16
34.31,-76.03,29.2
34.31,-76.01,29.37
34.31,-75.99,29.39
34.31,-75.97,29.4
34.31,-75.95,29.46
34.31,-75.93,29.12
34.31,-75.91,28.97
34.31,-75.89,29.48
34.31,-75.87,29.55
34.31,-75.83,29.89
34.31,-75.75,28.99
34.31,-75.35,29.05
34.31,-75.31,29.11
34.31,-75.25,29.07
34.31,-75.07,29.13
34.31,-75.03,29.11
34.31,-75.01,29.13
34.31,-74.99,29.2
34.31,-74.97,29.2
34.31,-74.95,29.15
34.31,-74.93,29.13
34.31,-74.91,29.15
34.31,-74.89,29.1
34.31,-74.87,29.15
34.31,-74.85,29.21
34.31,-74.83,29.23
34.31,-74.79,29.25
34.31,-74.77,29.22
34.31,-74.75,29.23
34.31,-74.73,29.24
34.31,-74.71,29.27
34.31,-74.69,29.35
34.31,-74.67,29.38
34.31,-74.65,29.39
34.31,-74.63,29.41
34.31,-74.61,29.43
34.31,-74.59,29.48
34.31,-74.57,29.52
34.31,-74.55,29.56
34.31,-74.53,29.6
34.31,-74.51,29.58
34.31,-74.49,29.57
34.31,-74.47,29.54
34.31,-74.45,29.52
34.31,-74.43,29.49
34.31,-74.41,29.43
34.31,-74.39,29.32
34.31,-74.37,29.11
34.31,-74.35,28.63
34.31,-74.33,28.45
34.31,-74.31,28.48
34.31,-74.29,28.37
34.31,-74.27,28.22
34.31,-74.25,28.13
34.31,-74.23,28.14
34.31,-74.21,28.15
34.31,-74.19,28.07
34.31,-74.17,27.95
34.31,-73.35,27.4
34.31,-73.33,27.48
34.31,-73.31,27.46
34.31,-73.29,27.43
34.31,-73.27,27.48
34.31,-73.15,27.59
34.31,-73.13,27.61
34.31,-73.11,27.64
34.31,-73.09,27.62
34.31,-73.07,27.67
34.31,-73.05,27.68
34.31,-73.03,27.66
34.31,-73.01,27.69
34.31,-72.99,27.69
34.31,-72.97,27.75
34.31,-72.95,27.73
34.31,-72.93,27.8
34.31,-72.91,27.81
34.31,-72.89,27.8
34.31,-72.87,27.74
34.31,-72.85,27.7
34.31,-72.81,27.76
34.31,-72.79,27.75
34.31,-72.77,27.77
34.31,-72.75,27.74
34.31,-72.73,27.71
34.31,-72.71,27.67
34.31,-72.69,27.63
34.31,-72.67,27.7
34.31,-72.65,27.72
34.31,-72.63,27.72
34.31,-72.61,27.7
34.31,-72.59,27.72
34.31,-72.57,27.71
34.31,-72.55,27.7
34.31,-72.53,27.71
34.31,-72.51,27.7
34.31,-72.47,27.71
34.31,-72.45,27.68
34.31,-72.43,27.56
34.31,-72.41,27.55
34.31,-72.39,27.61
34.31,-72.37,27.63
34.31,-72.35,27.61
34.31,-72.29,27.5
34.31,-72.27,27.46
34.31,-72.25,27.4
34.31,-72.23,27.39
34.31,-72.21,27.39
34.29,-77.33,26.75
34.29,-77.31,26.79
34.29,-77.29,26.77
34.29,-77.27,26.8
34.29,-77.25,26.85
34.29,-77.23,26.68
34.29,-77.21,26.61
34.29,-77.19,26.85
34.29,-77.17,26.92
34.29,-77.15,26.97
34.29,-77.13,26.87
34.29,-77.11,26.58
34.29,-77.09,26.3
34.29,-77.07,26.35
34.29,-77.05,26.46
34.29,-77.03,26.6
34.29,-77.01,26.93
34.29,-76.99,26.99
34.29,-76.97,27.07
34.29,-76.95,27.15
34.29,-76.93,27.33
34.29,-76.91,27.65
34.29,-76.89,27.63
34.29,-76.87,27.55
34.29,-76.85,27.42
34.29,-76.83,27.23
34.29,-76.81,27.0
34.29,-76.79,26.98
34.29,-76.77,27.05
34.29,-76.75,27.05
34.29,-76.41,27.32
34.29,-76.39,27.4
34.29,-76.37,27.44
34.29,-76.23,27.42
34.29,-76.21,27.54
34.29,-76.19,27.69
34.29,-76.17,27.82
34.29,-76.15,28.69
34.29,-76.13,28.67
34.29,-76.11,28.94
34.29,-76.09,29.08
34.29,-76.07,29.21
34.29,-76.05,29.3
34.29,-76.03,29.44
34.29,-76.01,29.52
34.29,-75.99,29.52
34.29,-75.97,29.44
34.29,-75.95,29.4
34.29,-75.93,29.44
34.29,-75.91,29.43
34.29,-75.89,29.73
34.29,-75.87,29.78
34.29,-75.51,29.12
34.29,-75.49,29.11
34.29,-75.47,29.12
34.29,-75.45,29.11
34.29,-75.43,29.04
34.29,-75.41,28.92
34.29,-75.33,29.12
34.29,-75.31,29.09
34.29,-75.09,29.12
34.29,-75.07,29.12
34.29,-75.03,29.14
34.29,-75.01,29.19
34.29,-74.99,29.18
34.29,-74.97,29.18
34.29,-74.95,29.17
34.29,-74.93,29.16
34.29,-74.91,29.15
34.29,-74.89,29.14
34.29,-74.85,29.2
34.29,-74.83,29.23
34.29,-74.81,29.27
34.29,-74.79,29.24
34.29,-74.77,29.21
34.29,-74.75,29.26
34.29,-74.73,29.24
34.29,-74.71,29.29
34.29,-74.69,29.35
34.29,-74.67,29.36
34.29,-74.65,29.36
34.29,-74.63,29.36
34.29,-74.61,29.4
34.29,-74.59,29.44
34.29,-74.57,29.48
34.29,-74.55,29.52
34.29,-74.53,29.55
34.29,-74.51,29.55
34.29,-74.49,29.57
34.29,-74.47,29.52
34.29,-74.45,29.5
34.29,-74.43,29.46
34.29,-74.41,29.32
34.29,-74.39,29.14
34.29,-74.37,28.43
34.29,-74.35,28.41
34.29,-74.31,28.44
34.29,-74.29,28.4
34.29,-74.25,28.12
34.29,-74.23,28.14
34.29,-74.21,28.25
34.29,-74.19,28.19
34.29,-74.17,27.96
34.29,-74.15,27.89
34.29,-74.13,27.64
34.29,-73.13,27.62
34.29,-73.11,27.64
34.29,-73.09,27.61
34.29,-73.07,27.68
34.29,-73.05,27.7
34.29,-73.03,27.67
34.29,-73.01,27.71
34.29,-72.99,27.72
34.29,-72.87,27.77
34.29,-72.83,27.75
34.29,-72.81,27.76
34.29,-72.79,27.73
34.29,-72.77,27.72
34.29,-72.75,27.71
34.29,-72.73,27.7
34.29,-72.71,27.71
34.29,-72.69,27.76
34.29,-72.67,27.74
34.29,-72.65,27.76
34.29,-72.63,27.73
34.29,-72.59,27.73
34.29,-72.53,27.77
34.29,-72.51,27.75
34.29,-72.49,27.75
34.29,-72.47,27.7
34.29,-72.45,27.7
34.29,-72.43,27.64
34.29,-72.41,27.64
34.29,-72.39,27.63
34.29,-72.37,27.58
34.29,-72.35,27.51
34.29,-72.33,27.53
34.29,-72.27,27.53
34.29,-72.25,27.49
34.29,-72.23,27.44
34.29,-72.21,27.41
34.27,-77.73,27.36
34.27,-77.71,27.46
34.27,-77.33,26.8
34.27,-77.31,26.82
34.27,-77.29,26.83
34.27,-77.27,26.89
34.27,-77.25,26.86
34.27,-77.23,26.67
34.27,-77.21,26.58
34.27,-77.19,26.78
34.27,-77.17,26.87
34.27,-77.15,26.92
34.27,-77.13,26.93
34.27,-77.11,26.72
34.27,-77.09,26.5
34.27,-77.07,26.41
34.27,-77.05,26.49
34.27,-77.03,26.79
34.27,-77.01,26.95
34.27,-76.99,27.09
34.27,-76.97,27.12
34.27,-76.95,27.23
34.27,-76.93,27.28
34.27,-76.91,27.64
34.27,-76.89,27.59
34.27,-76.87,27.52
34.27,-76.85,27.52
34.27,-76.83,27.32
34.27,-76.81,27.1
34.27,-76.79,27.09
34.27,-76.77,27.13
34.27,-76.75,27.07
34.27,-76.43,27.43
34.27,-76.41,27.5
34.27,-76.39,27.5
34.27,-76.37,27.5
34.27,-76.35,27.51
34.27,-76.19,28.16
34.27,-76.17,28.79
34.27,-76.15,28.95
34.27,-76.13,29.04
34.27,-76.11,29.05
34.27,-76.09,29.12
34.27,-76.07,29.28
34.27,-76.05,29.43
34.27,-76.03,29.42
34.27,-76.01,29.5
34.27,-75.99,29.62
34.27,-75.97,29.62
34.27,-75.95,29.49
34.27,-75.93,29.48
34.27,-75.91,29.57
34.27,-75.89,29.81
34.27,-75.59,29.24
34.27,-75.43,28.97
34.27,-75.41,28.92
34.27,-75.39,28.87
34.27,-75.35,29.06
34.27,-75.33,29.06
34.27,-75.31,29.04
34.27,-75.19,29.14
34.27,-75.05,29.12
34.27,-75.03,29.1
34.27,-75.01,29.09
34.27,-74.95,29.17
34.27,-74.93,29.16
34.27,-74.85,29.18
34.27,-74.83,29.18
34.27,-74.81,29.18
34.27,-74.79,29.17
34.27,-74.77,29.18
34.27,-74.75,29.23
34.27,-74.73,29.26
34.27,-74.71,29.32
34.27,-74.69,29.35
34.27,-74.67,29.34
34.27,-74.65,29.36
34.27,-74.63,29.38
34.27,-74.61,29.39
34.27,-74.59,29.42
34.27,-74.57,29.45
34.27,-74.55,29.49
34.27,-74.53,29.5
34.27,-74.51,29.51
34.27,-74.49,29.53
34.27,-74.47,29.52
34.27,-74.45,29.45
34.27,-74.43,29.36
34.27,-74.41,29.2
34.27,-74.39,28.8
34.27,-74.37,28.39
34.27,-74.35,28.4
34.27,-74.33,28.42
34.27,-74.21,28.24
34.27,-74.19,28.15
34.27,-73.89,27.83
34.27,-73.87,27.84
34.27,-73.85,27.87
34.27,-73.15,27.49
34.27,-73.13,27.54
34.27,-73.11,27.58
34.27,-73.09,27.59
34.27,-73.07,27.66
34.27,-73.03,27.72
34.27,-73.01,27.71
34.27,-72.93,27.75
34.27,-72.89,27.76
34.27,-72.87,27.78
34.27,-72.85,27.77
34.27,-72.83,27.78
34.27,-72.81,27.74
34.27,-72.79,27.73
34.27,-72.77,27.75
34.27,-72.71,27.81
34.27,-72.69,27.83
34.27,-72.67,27.82
34.27,-72.65,27.76
34.27,-72.63,27.73
34.27,-72.61,27.73
34.27,-72.59,27.74
34.27,-72.57,27.74
34.27,-72.55,27.78
34.27,-72.53,27.72
34.27,-72.51,27.75
34.27,-72.49,27.62
34.27,-72.47,27.63
34.27,-72.43,27.62
34.27,-72.41,27.6
34.27,-72.39,27.53
34.27,-72.37,27.51
34.27,-72.35,27.5
34.27,-72.33,27.52
34.27,-72.31,27.55
34.27,-72.29,27.59
34.27,-72.27,27.55
34.27,-72.25,27.53
34.27,-72.23,27.45
34.27,-72.21,27.42
34.25,-77.75,27.21
34.25,-77.73,27.51
34.25,-77.71,27.49
34.25,-77.33,26.87
34.25,-77.31,26.85
34.25,-77.29,26.87
34.25,-77.27,26.89
34.25,-77.25,26.93
34.25,-77.23,26.72
34.25,-77.21,26.6
34.25,-77.19,26.63
34.25,-77.17,26.73
34.25,-77.15,26.77
34.25,-77.13,26.93
34.25,-77.11,26.87
34.25,-77.09,26.69
34.25,-77.07,26.52
34.25,-77.05,26.6
34.25,-77.03,26.82
34.25,-77.01,26.94
34.25,-76.99,27.03
34.25,-76.97,27.1
34.25,-76.95,27.24
34.25,-76.93,27.46
34.25,-76.91,27.59
34.25,-76.89,27.63
34.25,-76.87,27.56
34.25,-76.85,27.49
34.25,-76.83,27.4
34.25,-76.81,27.35
34.25,-76.79,27.22
34.25,-76.77,27.21
34.25,-76.75,27.22
34.25,-76.73,27.2
34.25,-76.71,27.15
34.25,-76.43,27.53
34.25,-76.41,27.59
34.25,-76.39,27.58
34.25,-76.37,27.6
34.25,-76.35,27.6
34.25,-76.33,27.66
34.25,-76.31,27.55
34.25,-76.29,27.48
34.25,-76.27,27.41
34.25,-76.19,28.77
34.25,-76.17,28.94
34.25,-76.15,29.07
34.25,-76.13,29.17
34.25,-76.11,29.22
34.25,-76.09,29.13
34.25,-76.05,29.33
34.25,-76.03,29.34
34.25,-75.99,29.63
34.25,-75.97,29.71
34.25,-75.95,29.74
34.25,-75.93,29.77
34.25,-75.91,29.84
34.25,-75.89,29.9
34.25,-75.49,29.05
34.25,-75.31,29.03
34.25,-75.27,29.21
34.25,-75.07,29.1
34.25,-75.05,29.13
34.25,-75.01,29.15
34.25,-74.99,29.17
34.25,-74.97,29.19
34.25,-74.85,29.14
34.25,-74.83,29.21
34.25,-74.81,29.2
34.25,-74.79,29.17
34.25,-74.77,29.22
34.25,-74.75,29.26
34.25,-74.73,29.29
34.25,-74.71,29.35
34.25,-74.69,29.37
34.25,-74.67,29.36
34.25,-74.65,29.34
34.25,-74.63,29.42
34.25,-74.61,29.4
34.25,-74.59,29.42
34.25,-74.57,29.44
34.25,-74.55,29.46
34.25,-74.53,29.48
34.25,-74.51,29.48
34.25,-74.49,29.47
34.25,-74.47,29.45
34.25,-74.45,29.39
34.25,-74.43,29.2
34.25,-74.41,28.88
34.25,-74.39,28.34
34.25,-74.37,28.32
34.25,-74.35,28.37
34.25,-74.33,28.41
34.25,-74.31,28.37
34.25,-74.11,27.6
34.25,-74.09,27.6
34.25,-74.07,27.56
34.25,-74.05,27.54
34.25,-74.03,27.54
34.25,-73.15,27.47
34.25,-73.13,27.52
34.25,-73.11,27.56
34.25,-73.01,27.74
34.25,-72.95,27.83
34.25,-72.93,27.82
34.25,-72.87,27.79
34.25,-72.85,27.82
34.25,-72.83,27.82
34.25,-72.81,27.76
34.25,-72.79,27.75
34.25,-72.77,27.79
34.25,-72.75,27.81
34.25,-72.73,27.8
34.25,-72.71,27.79
34.25,-72.69,27.79
34.25,-72.65,27.74
34.25,-72.63,27.73
34.25,-72.61,27.68
34.25,-72.59,27.66
34.25,-72.57,27.71
34.25,-72.55,27.73
34.25,-72.53,27.67
34.25,-72.51,27.66
34.25,-72.49,27.63
34.25,-72.47,27.65
34.25,-72.45,27.61
34.25,-72.43,27.61
34.25,-72.41,27.56
34.25,-72.39,27.53
34.25,-72.37,27.58
34.25,-72.35,27.52
34.25,-72.33,27.53
34.25,-72.31,27.55
34.25,-72.29,27.54
34.25,-72.27,27.5
34.25,-72.25,27.48
34.25,-72.23,27.46
34.25,-72.21,27.4
34.23,-77.77,27.19
34.23,-77.75,27.27
34.23,-77.73,27.46
34.23,-77.71,27.42
34.23,-77.33,26.92
34.23,-77.31,26.89
34.23,-77.29,26.85
34.23,-77.27,26.86
34.23,-77.25,26.89
34.23,-77.23,26.85
34.23,-77.21,26.55
34.23,-77.19,26.48
34.23,-77.17,26.54
34.23,-77.15,26.71
34.23,-77.13,26.94
34.23,-77.11,26.96
34.23,-77.09,26.75
34.23,-77.07,26.65
34.23,-77.05,26.74
34.23,-77.03,26.94
34.23,-77.01,26.99
34.23,-76.99,27.08
34.23,-76.97,27.11
34.23,-76.95,27.25
34.23,-76.93,27.5
34.23,-76.91,27.69
34.23,-76.89,27.67
34.23,-76.87,27.65
34.23,-76.85,27.55
34.23,-76.83,27.46
34.23,-76.81,27.4
34.23,-76.79,27.34
34.23,-76.77,27.4
34.23,-76.75,27.42
34.23,-76.73,27.35
34.23,-76.71,27.23
34.23,-76.45,27.56
34.23,-76.43,27.59
34.23,-76.41,27.67
34.23,-76.39,27.69
34.23,-76.37,27.7
34.23,-76.35,27.76
34.23,-76.33,27.76
34.23,-76.31,27.81
34.23,-76.29,27.82
34.23,-76.27,27.8
34.23,-76.25,27.84
34.23,-76.19,28.76
34.23,-76.17,28.83
34.23,-76.15,29.14
34.23,-76.13,29.27
34.23,-76.11,29.36
34.23,-76.09,29.41
34.23,-76.01,29.46
34.23,-75.99,29.53
34.23,-75.97,29.7
34.23,-75.95,29.75
34.23,-75.93,29.85
34.23,-75.91,29.89
34.23,-75.89,29.91
34.23,-75.51,29.1
34.23,-75.49,29.09
34.23,-75.37,29.15
34.23,-75.35,29.17
34.23,-75.29,29.17
34.23,-75.27,29.18
34.23,-75.03,29.12
34.23,-75.01,29.13
34.23,-74.99,29.15
34.23,-74.97,29.17
34.23,-74.93,29.21
34.23,-74.91,29.25
34.23,-74.89,29.24
34.23,-74.87,29.24
34.23,-74.85,29.24
34.23,-74.83,29.26
34.23,-74.81,29.27
34.23,-74.79,29.26
34.23,-74.77,29.29
34.23,-74.75,29.31
34.23,-74.73,29.33
34.23,-74.71,29.35
34.23,-74.69,29.37
34.23,-74.67,29.36
34.23,-74.65,29.4
34.23,-74.63,29.43
34.23,-74.61,29.46
34.23,-74.59,29.41
34.23,-74.57,29.43
34.23,-74.55,29.48
34.23,-74.53,29.47
34.23,-74.51,29.44
34.23,-74.49,29.4
34.23,-74.47,29.35
34.23,-74.45,29.24
34.23,-74.43,28.88
34.23,-74.41,28.43
34.23,-74.39,28.3
34.23,-74.37,28.32
34.23,-74.35,28.36
34.23,-74.33,28.33
34.23,-74.31,28.32
34.23,-74.29,28.28
34.23,-74.27,28.29
34.23,-74.15,27.64
34.23,-74.13,27.62
34.23,-74.11,27.6
34.23,-74.09,27.58
34.23,-74.03,27.57
34.23,-72.99,27.79
34.23,-72.97,27.81
34.23,-72.95,27.81
34.23,-72.93,27.8
34.23,-72.89,27.8
34.23,-72.87,27.79
34.23,-72.85,27.82
34.23,-72.83,27.81
34.23,-72.79,27.85
34.23,-72.75,27.82
34.23,-72.63,27.73
34.23,-72.61,27.73
34.23,-72.59,27.71
34.23,-72.53,27.67
34.23,-72.51,27.67
34.23,-72.49,27.65
34.23,-72.47,27.64
34.23,-72.45,27.64
34.23,-72.43,27.61
34.23,-72.41,27.63
34.23,-72.39,27.53
34.23,-72.37,27.5
34.23,-72.35,27.52
34.23,-72.33,27.52
34.23,-72.31,27.52
34.23,-72.29,27.58
34.23,-72.27,27.55
34.23,-72.25,27.47
34.23,-72.23,27.4
34.23,-72.21,27.37
34.21,-77.77,27.23
34.21,-77.73,27.57
34.21,-77.33,26.99
34.21,-77.31,26.98
34.21,-77.29,26.9
34.21,-77.27,26.84
34.21,-77.25,26.89
34.21,-77.23,26.85
34.21,-77.21,26.49
34.21,-77.19,26.42
34.21,-77.17,26.47
34.21,-77.15,26.83
34.21,-77.13,26.93
34.21,-77.11,27.06
34.21,-77.09,26.95
34.21,-77.07,26.8
34.21,-77.05,26.83
34.21,-77.03,26.93
34.21,-77.01,27.12
34.21,-76.99,27.24
34.21,-76.97,27.22
34.21,-76.95,27.38
34.21,-76.93,27.67
34.21,-76.91,27.77
34.21,-76.89,27.71
34.21,-76.87,27.68
34.21,-76.85,27.63
34.21,-76.83,27.52
34.21,-76.81,27.49
34.21,-76.79,27.4
34.21,-76.77,27.42
34.21,-76.75,27.52
34.21,-76.73,27.42
34.21,-76.71,27.22
34.21,-76.45,27.61
34.21,-76.43,27.72
34.21,-76.41,27.85
34.21,-76.39,27.95
34.21,-76.37,27.93
34.21,-76.35,27.95
34.21,-76.33,27.96
34.21,-76.31,28.01
34.21,-76.29,28.09
34.21,-76.27,28.16
34.21,-76.25,28.14
34.21,-76.17,28.94
34.21,-76.15,29.23
34.21,-76.13,29.42
34.21,-76.11,29.53
34.21,-76.09,29.55
34.21,-75.93,29.88
34.21,-75.91,29.9
34.21,-75.51,29.11
34.21,-75.49,29.13
34.21,-75.45,29.15
34.21,-75.37,29.16
34.21,-75.35,29.15
34.21,-75.07,29.16
34.21,-75.05,29.13
34.21,-75.03,29.12
34.21,-74.97,29.17
34.21,-74.95,29.14
34.21,-74.93,29.17
34.21,-74.91,29.24
34.21,-74.87,29.25
34.21,-74.85,29.25
34.21,-74.83,29.27
34.21,-74.81,29.34
34.21,-74.79,29.39
34.21,-74.77,29.37
34.21,-74.75,29.41
34.21,-74.73,29.35
34.21,-74.71,29.36
34.21,-74.69,29.38
34.21,-74.67,29.37
34.21,-74.65,29.42
34.21,-74.63,29.46
34.21,-74.61,29.48
34.21,-74.59,29.46
34.21,-74.57,29.48
34.21,-74.55,29.44
34.21,-74.53,29.41
34.21,-74.51,29.41
34.21,-74.49,29.32
34.21,-74.47,29.21
34.21,-74.45,28.91
34.21,-74.43,28.59
34.21,-74.41,28.3
34.21,-74.39,28.28
34.21,-74.37,28.33
34.21,-74.35,28.33
34.21,-74.33,28.36
34.21,-74.31,28.31
34.21,-74.29,28.3
34.21,-74.27,28.22
34.21,-74.25,28.09
34.21,-74.15,27.62
34.21,-74.11,27.63
34.21,-74.09,27.64
34.21,-73.91,28.0
34.21,-73.89,28.01
34.21,-73.49,27.45
34.21,-73.47,27.43
34.21,-73.11,27.66
34.21,-73.01,27.82
34.21,-72.99,27.79
34.21,-72.97,27.78
34.21,-72.93,27.83
34.21,-72.91,27.8
34.21,-72.89,27.82
34.21,-72.87,27.82
34.21,-72.85,27.8
34.21,-72.69,27.68
34.21,-72.55,27.69
34.21,-72.53,27.67
34.21,-72.51,27.63
34.21,-72.49,27.64
34.21,-72.47,27.64
34.21,-72.45,27.63
34.21,-72.43,27.63
34.21,-72.41,27.64
34.21,-72.39,27.59
34.21,-72.37,27.51
34.21,-72.35,27.54
34.21,-72.33,27.56
34.21,-72.31,27.56
34.21,-72.29,27.56
34.21,-72.27,27.53
34.21,-72.25,27.47
34.21,-72.23,27.42
34.19,-77.79,27.35
34.19,-77.77,26.99
34.19,-77.73,27.68
34.19,-77.37,26.76
34.19,-77.31,26.88
34.19,-77.29,26.93
34.19,-77.27,26.82
34.19,-77.25,26.86
34.19,-77.23,26.78
34.19,-77.21,26.45
34.19,-77.19,26.47
34.19,-77.17,26.48
34.19,-77.15,26.75
34.19,-77.13,26.93
34.19,-77.11,27.01
34.19,-77.09,27.07
34.19,-77.07,27.01
34.19,-77.05,26.97
34.19,-77.03,27.06
34.19,-77.01,27.07
34.19,-76.99,27.16
34.19,-76.97,27.25
34.19,-76.95,27.37
34.19,-76.93,27.65
34.19,-76.91,27.73
34.19,-76.89,27.75
34.19,-76.87,27.69
34.19,-76.85,27.51
34.19,-76.83,27.54
34.19,-76.81,27.51
34.19,-76.79,27.51
34.19,-76.77,27.64
34.19,-76.75,27.53
34.19,-76.73,27.34
34.19,-76.71,27.21
34.19,-76.43,27.87
34.19,-76.41,28.04
34.19,-76.39,28.2
34.19,-76.37,28.18
34.19,-76.35,28.19
34.19,-76.33,28.13
34.19,-76.31,28.17
34.19,-76.29,28.23
34.19,-76.27,28.28
34.19,-76.25,28.23
34.19,-76.23,28.28
34.19,-76.15,29.23
34.19,-76.13,29.49
34.19,-76.11,29.53
34.19,-76.09,29.54
34.19,-75.99,29.53
34.19,-75.97,29.62
34.19,-75.93,29.88
34.19,-75.91,29.85
34.19,-75.49,29.07
34.19,-75.47,29.06
34.19,-75.45,29.07
34.19,-75.43,29.05
34.19,-75.41,29.01
34.19,-75.37,29.02
34.19,-75.35,29.02
34.19,-75.33,28.98
34.19,-75.17,29.22
34.19,-75.05,29.16
34.19,-74.99,29.23
34.19,-74.97,29.24
34.19,-74.95,29.18
34.19,-74.87,29.22
34.19,-74.85,29.23
34.19,-74.83,29.3
34.19,-74.81,29.26
34.19,-74.79,29.29
34.19,-74.77,29.3
34.19,-74.75,29.33
34.19,-74.73,29.28
34.19,-74.71,29.33
34.19,-74.69,29.37
34.19,-74.67,29.38
34.19,-74.65,29.44
34.19,-74.63,29.45
34.19,-74.61,29.47
34.19,-74.59,29.46
34.19,-74.57,29.44
34.19,-74.55,29.42
34.19,-74.53,29.36
34.19,-74.51,29.34
34.19,-74.49,29.23
34.19,-74.47,29.04
34.19,-74.45,28.58
34.19,-74.43,28.33
34.19,-74.41,28.34
34.19,-74.39,28.32
34.19,-74.37,28.33
34.19,-74.35,28.35
34.19,-74.33,28.36
34.19,-74.31,28.34
34.19,-74.29,28.21
34.19,-74.27,28.12
34.19,-74.25,27.99
34.19,-74.23,27.91
34.19,-74.21,27.86
34.19,-74.11,27.66
34.19,-74.09,27.66
34.19,-74.07,27.62
34.19,-74.05,27.64
34.19,-73.91,28.0
34.19,-73.53,27.59
34.19,-73.51,27.56
34.19,-73.49,27.53
34.19,-73.47,27.47
34.19,-72.93,27.81
34.19,-72.91,27.79
34.19,-72.85,27.76
34.19,-72.71,27.71
34.19,-72.69,27.65
34.19,-72.51,27.68
34.19,-72.49,27.7
34.19,-72.47,27.72
34.19,-72.45,27.66
34.19,-72.43,27.63
34.19,-72.41,27.63
34.19,-72.39,27.59
34.19,-72.35,27.57
34.19,-72.33,27.56
34.19,-72.31,27.56
34.19,-72.29,27.54
34.17,-77.81,27.45
34.17,-77.79,27.36
34.17,-77.77,26.98
34.17,-77.73,27.86
34.17,-77.39,26.72
34.17,-77.37,26.71
34.17,-77.35,26.67
34.17,-77.33,26.68
34.17,-77.31,26.72
34.17,-77.29,27.08
34.17,-77.27,26.91
34.17,-77.25,26.84
34.17,-77.23,26.68
34.17,-77.21,26.57
34.17,-77.19,26.53
34.17,-77.17,26.52
34.17,-77.15,26.85
34.17,-77.13,26.85
34.17,-77.11,27.0
34.17,-77.09,27.08
34.17,-77.07,27.04
34.17,-77.05,27.03
34.17,-77.03,27.08
34.17,-77.01,27.12
34.17,-76.99,27.23
34.17,-76.97,27.21
34.17,-76.95,27.26
34.17,-76.93,27.62
34.17,-76.91,27.69
34.17,-76.89,27.72
34.17,-76.87,27.72
34.17,-76.85,27.62
34.17,-76.83,27.56
34.17,-76.81,27.49
34.17,-76.79,27.61
34.17,-76.77,27.66
34.17,-76.75,27.57
34.17,-76.73,27.41
34.17,-76.71,27.28
34.17,-76.43,27.95
34.17,-76.41,28.14
34.17,-76.39,28.23
34.17,-76.37,28.24
34.17,-76.35,28.28
34.17,-76.33,28.17
34.17,-76.31,27.98
34.17,-76.29,28.25
34.17,-76.27,28.41
34.17,-76.25,28.48
34.17,-76.23,28.36
34.17,-76.15,29.0
34.17,-76.13,29.44
34.17,-76.11,29.43
34.17,-76.09,29.37
34.17,-75.91,29.85
34.17,-75.89,29.86
34.17,-75.87,29.85
34.17,-75.85,29.65
34.17,-75.83,29.5
34.17,-75.81,29.45
34.17,-75.57,29.19
34.17,-75.51,28.93
34.17,-75.49,29.01
34.17,-75.47,29.06
34.17,-75.45,29.08
34.17,-75.43,29.03
34.17,-75.41,29.01
34.17,-74.97,29.23
34.17,-74.89,29.2
34.17,-74.87,29.18
34.17,-74.85,29.24
34.17,-74.83,29.39
34.17,-74.81,29.35
34.17,-74.79,29.36
34.17,-74.77,29.34
34.17,-74.75,29.32
34.17,-74.73,29.34
34.17,-74.71,29.39
34.17,-74.69,29.35
34.17,-74.67,29.46
34.17,-74.65,29.44
34.17,-74.63,29.44
34.17,-74.61,29.44
34.17,-74.59,29.46
34.17,-74.57,29.45
34.17,-74.55,29.37
34.17,-74.53,29.26
34.17,-74.51,29.15
34.17,-74.49,28.83
34.17,-74.47,28.45
34.17,-74.45,28.36
34.17,-74.43,28.36
34.17,-74.41,28.37
34.17,-74.39,28.37
34.17,-74.37,28.35
34.17,-74.35,28.36
34.17,-74.33,28.32
34.17,-74.31,28.28
34.17,-74.29,28.14
34.17,-74.27,27.95
34.17,-74.25,27.96
34.17,-74.23,27.96
34.17,-74.21,27.93
34.17,-74.19,27.89
34.17,-74.17,27.85
34.17,-74.15,27.74
34.17,-74.13,27.74
34.17,-74.07,27.64
34.17,-74.05,27.63
34.17,-74.03,27.62
34.17,-73.99,27.56
34.17,-73.79,28.14
34.17,-73.53,27.55
34.17,-73.51,27.55
34.17,-73.49,27.53
34.17,-73.47,27.43
34.17,-73.45,27.43
34.17,-73.13,27.65
34.17,-72.97,27.76
34.17,-72.95,27.8
34.17,-72.89,27.84
34.17,-72.87,27.83
34.17,-72.73,27.83
34.17,-72.71,27.81
34.17,-72.47,27.68
34.17,-72.45,27.69
34.17,-72.43,27.67
34.17,-72.39,27.58
34.17,-72.37,27.58
34.17,-72.35,27.61
34.17,-72.33,27.6
34.17,-72.23,27.49
34.15,-77.37,26.63
34.15,-77.35,26.61
34.15,-77.33,26.67
34.15,-77.31,26.66
34.15,-77.29,27.02
34.15,-77.27,27.07
34.15,-77.25,26.74
34.15,-77.23,26.6
34.15,-77.21,26.58
34.15,-77.19,26.62
34.15,-77.17,26.6
34.15,-77.15,26.96
34.15,-77.13,27.04
34.15,-77.11,26.99
34.15,-77.09,27.03
34.15,-77.07,27.03
34.15,-77.05,27.03
34.15,-77.03,27.04
34.15,-77.01,27.09
34.15,-76.99,27.15
34.15,-76.97,27.22
34.15,-76.95,27.4
34.15,-76.93,27.67
34.15,-76.91,27.75
34.15,-76.89,27.77
34.15,-76.87,27.78
34.15,-76.85,27.6
34.15,-76.83,27.62
34.15,-76.81,27.68
34.15,-76.79,27.78
34.15,-76.77,27.75
34.15,-76.75,27.67
34.15,-76.73,27.47
34.15,-76.71,27.28
34.15,-76.41,28.02
34.15,-76.39,28.21
34.15,-76.37,28.27
34.15,-76.35,28.26
34.15,-76.33,28.11
34.15,-76.31,27.9
34.15,-76.29,28.12
34.15,-76.27,28.46
34.15,-76.25,28.56
34.15,-76.23,28.54
34.15,-76.15,29.05
34.15,-76.13,29.39
34.15,-76.11,29.44
34.15,-76.09,29.36
34.15,-76.05,29.46
34.15,-76.03,29.45
34.15,-75.89,29.91
34.15,-75.87,29.83
34.15,-75.85,29.67
34.15,-75.81,29.43
34.15,-75.53,28.96
34.15,-75.51,28.95
34.15,-75.49,29.01
34.15,-75.47,29.15
34.15,-75.45,29.16
34.15,-75.43,29.15
34.15,-75.35,29.1
34.15,-75.33,29.11
34.15,-75.31,29.1
34.15,-75.01,29.24
34.15,-74.99,29.23
34.15,-74.87,29.35
34.15,-74.85,29.4
34.15,-74.83,29.44
34.15,-74.81,29.46
34.15,-74.79,29.44
34.15,-74.77,29.4
34.15,-74.75,29.32
34.15,-74.73,29.35
34.15,-74.71,29.38
34.15,-74.69,29.39
34.15,-74.67,29.46
34.15,-74.65,29.46
34.15,-74.63,29.46
34.15,-74.61,29.47
34.15,-74.59,29.45
34.15,-74.57,29.43
34.15,-74.55,29.33
34.15,-74.53,29.18
34.15,-74.51,28.75
34.15,-74.49,28.37
34.15,-74.47,28.35
34.15,-74.45,28.32
34.15,-74.43,28.33
34.15,-74.41,28.38
34.15,-74.39,28.35
34.15,-74.37,28.38
34.15,-74.35,28.36
34.15,-74.33,28.26
34.15,-74.31,28.14
34.15,-74.29,28.06
34.15,-74.27,27.99
34.15,-74.25,27.99
34.15,-74.23,27.97
34.15,-74.21,27.97
34.15,-74.19,27.93
34.15,-74.17,27.85
34.15,-74.15,27.78
34.15,-74.13,27.72
34.15,-74.05,27.58
34.15,-74.03,27.56
34.15,-74.01,27.55
34.15,-73.99,27.54
34.15,-73.81,28.09
34.15,-73.79,28.13
34.15,-73.51,27.59
34.15,-73.49,27.6
34.15,-73.47,27.54
34.15,-72.95,27.79
34.15,-72.91,27.84
34.15,-72.89,27.84
34.15,-72.51,27.62
34.15,-72.49,27.67
34.15,-72.41,27.58
34.15,-72.39,27.57
34.15,-72.37,27.56
34.13,-77.95,29.03
34.13,-77.93,29.04
34.13,-77.75,27.36
34.13,-77.37,26.52
34.13,-77.35,26.54
34.13,-77.33,26.55
34.13,-77.31,26.56
34.13,-77.29,26.86
34.13,-77.27,26.94
34.13,-77.25,26.68
34.13,-77.23,26.46
34.13,-77.21,26.69
34.13,-77.19,26.74
34.13,-77.17,26.65
34.13,-77.15,26.71
34.13,-77.13,26.89
34.13,-77.11,26.98
34.13,-77.09,27.03
34.13,-77.07,27.04
34.13,-77.05,27.05
34.13,-77.03,27.05
34.13,-77.01,27.07
34.13,-76.99,27.03
34.13,-76.97,27.04
34.13,-76.95,27.5
34.13,-76.93,27.74
34.13,-76.91,27.82
34.13,-76.89,27.8
34.13,-76.87,27.78
34.13,-76.85,27.71
34.13,-76.83,27.69
34.13,-76.81,27.71
34.13,-76.79,27.67
34.13,-76.77,27.78
34.13,-76.75,27.73
34.13,-76.73,27.41
34.13,-76.71,27.25
34.13,-76.69,27.25
34.13,-76.41,27.82
34.13,-76.39,28.13
34.13,-76.37,28.25
34.13,-76.35,28.2
34.13,-76.33,27.97
34.13,-76.31,27.88
34.13,-76.29,28.02
34.13,-76.27,28.27
34.13,-76.25,28.91
34.13,-76.23,29.04
34.13,-76.21,28.78
34.13,-76.19,28.76
34.13,-76.17,28.81
34.13,-76.15,28.91
34.13,-76.13,29.24
34.13,-76.11,29.28
34.13,-76.09,29.34
34.13,-76.05,29.51
34.13,-76.03,29.5
34.13,-75.51,29.03
34.13,-75.47,29.19
34.13,-75.45,29.17
34.13,-75.43,29.13
34.13,-75.21,29.19
34.13,-74.87,29.33
34.13,-74.85,29.38
34.13,-74.83,29.39
34.13,-74.81,29.45
34.13,-74.79,29.45
34.13,-74.77,29.43
34.13,-74.75,29.42
34.13,-74.73,29.41
34.13,-74.71,29.44
34.13,-74.69,29.48
34.13,-74.67,29.51
34.13,-74.65,29.48
34.13,-74.63,29.49
34.13,-74.61,29.47
34.13,-74.59,29.43
34.13,-74.57,29.44
34.13,-74.55,29.27
34.13,-74.53,28.84
34.13,-74.51,28.36
34.13,-74.49,28.26
34.13,-74.47,28.35
34.13,-74.45,28.33
34.13,-74.43,28.31
34.13,-74.41,28.33
34.13,-74.39,28.35
34.13,-74.37,28.34
34.13,-74.35,28.31
34.13,-74.33,28.12
34.13,-74.31,28.04
34.13,-74.29,28.03
34.13,-74.27,27.96
34.13,-74.25,27.97
34.13,-74.23,27.99
34.13,-74.21,28.0
34.13,-74.19,27.99
34.13,-74.17,27.89
34.13,-74.15,27.83
34.13,-74.13,27.69
34.13,-74.11,27.68
34.13,-74.03,27.55
34.13,-74.01,27.58
34.13,-73.99,27.58
34.13,-73.81,28.08
34.13,-73.79,28.12
34.13,-73.51,27.58
34.13,-72.89,27.87
34.13,-72.53,27.55
34.13,-72.39,27.57
34.13,-72.37,27.55
34.11,-77.93,28.23
34.11,-77.29,26.71
34.11,-77.27,26.88
34.11,-77.25,26.78
34.11,-77.23,26.43
34.11,-77.21,26.62
34.11,-77.19,26.82
34.11,-77.17,26.74
34.11,-77.15,26.8
34.11,-77.13,26.89
34.11,-77.11,26.94
34.11,-77.09,26.97
34.11,-77.07,27.02
34.11,-77.05,27.03
34.11,-77.03,27.06
34.11,-77.01,27.07
34.11,-76.99,27.11
34.11,-76.97,27.27
34.11,-76.95,27.74
34.11,-76.93,27.89
34.11,-76.91,27.83
34.11,-76.89,27.75
34.11,-76.87,27.7
34.11,-76.85,27.72
34.11,-76.83,27.7
34.11,-76.81,27.7
34.11,-76.79,27.66
34.11,-76.77,27.76
34.11,-76.75,27.57
34.11,-76.73,27.45
34.11,-76.71,27.38
34.11,-76.69,27.36
34.11,-76.41,27.95
34.11,-76.39,28.15
34.11,-76.37,28.24
34.11,-76.35,28.2
34.11,-76.33,27.99
34.11,-76.29,27.94
34.11,-76.27,28.43
34.11,-76.25,29.16
34.11,-76.23,29.38
34.11,-76.21,29.42
34.11,-76.19,29.09
34.11,-76.17,28.92
34.11,-76.15,29.05
34.11,-76.13,29.16
34.11,-76.11,29.09
34.11,-76.09,29.46
34.11,-76.05,29.69
34.11,-76.03,29.69
34.11,-75.47,29.19
34.11,-75.45,29.17
34.11,-75.41,28.97
34.11,-75.39,28.99
34.11,-75.37,29.03
34.11,-75.23,29.18
34.11,-75.21,29.21
34.11,-75.19,29.24
34.11,-74.89,29.38
34.11,-74.87,29.41
34.11,-74.85,29.43
34.11,-74.83,29.47
34.11,-74.81,29.49
34.11,-74.79,29.47
34.11,-74.77,29.43
34.11,-74.75,29.45
34.11,-74.73,29.43
34.11,-74.71,29.47
34.11,-74.69,29.53
34.11,-74.67,29.53
34.11,-74.65,29.51
34.11,-74.63,29.5
34.11,-74.61,29.45
34.11,-74.59,29.41
34.11,-74.57,29.37
34.11,-74.55,28.89
34.11,-74.53,28.41
34.11,-74.51,28.35
34.11,-74.49,28.28
34.11,-74.47,28.3
34.11,-74.45,28.3
34.11,-74.43,28.29
34.11,-74.41,28.32
34.11,-74.39,28.37
34.11,-74.37,28.33
34.11,-74.35,28.28
34.11,-74.33,28.11
34.11,-74.31,28.02
34.11,-74.29,28.01
34.11,-74.27,27.94
34.11,-74.25,27.98
34.11,-74.23,28.05
34.11,-74.21,28.05
34.11,-74.19,27.93
34.11,-74.17,27.87
34.11,-74.15,27.83
34.11,-74.13,27.74
34.11,-74.11,27.68
34.11,-74.09,27.61
34.11,-74.07,27.57
34.11,-74.05,27.53
34.11,-74.03,27.54
34.11,-74.01,27.63
34.11,-73.99,27.62
34.11,-73.83,28.04
34.11,-73.81,28.05
34.11,-73.79,28.07
34.11,-72.89,27.86
34.11,-72.79,27.8
34.11,-72.77,27.77
34.11,-72.75,27.8
34.11,-72.73,27.82
34.09,-77.29,26.68
34.09,-77.27,26.86
34.09,-77.25,26.84
34.09,-77.23,26.47
34.09,-77.21,26.53
34.09,-77.19,26.82
34.09,-77.17,26.82
34.09,-77.15,26.84
34.09,-77.13,26.91
34.09,-77.11,26.95
34.09,-77.09,26.99
34.09,-77.07,27.04
34.09,-77.05,27.03
34.09,-77.03,27.04
34.09,-77.01,27.1
34.09,-76.99,27.12
34.09,-76.97,27.17
34.09,-76.95,27.65
34.09,-76.93,27.89
34.09,-76.91,27.93
34.09,-76.89,27.7
34.09,-76.87,27.61
34.09,-76.85,27.56
34.09,-76.83,27.6
34.09,-76.81,27.74
34.09,-76.79,27.64
34.09,-76.77,27.64
34.09,-76.75,27.61
34.09,-76.73,27.57
34.09,-76.71,27.52
34.09,-76.69,27.5
34.09,-76.67,27.48
34.09,-76.65,27.42
34.09,-76.63,27.43
34.09,-76.61,27.38
34.09,-76.59,27.4
34.09,-76.57,27.42
34.09,-76.55,27.44
34.09,-76.39,28.13
34.09,-76.37,28.26
34.09,-76.35,28.15
34.09,-76.33,28.02
34.09,-76.31,28.05
34.09,-76.29,28.32
34.09,-76.27,28.39
34.09,-76.25,28.98
34.09,-76.23,29.43
34.09,-76.21,29.53
34.09,-76.19,29.43
34.09,-76.17,29.27
34.09,-76.15,29.29
34.09,-76.13,29.25
34.09,-76.11,29.45
34.09,-76.09,29.48
34.09,-75.49,29.17
34.09,-75.47,29.18
34.09,-75.37,29.08
34.09,-75.35,29.11
34.09,-75.33,29.07
34.09,-75.31,29.03
34.09,-74.89,29.53
34.09,-74.87,29.52
34.09,-74.85,29.56
34.09,-74.83,29.55
34.09,-74.81,29.5
34.09,-74.79,29.51
34.09,-74.77,29.51
34.09,-74.75,29.52
34.09,-74.73,29.55
34.09,-74.71,29.53
34.09,-74.69,29.57
34.09,-74.67,29.52
34.09,-74.65,29.5
34.09,-74.63,29.5
34.09,-74.61,29.4
34.09,-74.59,29.36
34.09,-74.57,29.16
34.09,-74.55,28.48
34.09,-74.53,28.35
34.09,-74.51,28.32
34.09,-74.49,28.28
34.09,-74.47,28.28
34.09,-74.45,28.28
34.09,-74.43,28.28
34.09,-74.41,28.32
34.09,-74.39,28.35
34.09,-74.37,28.35
34.09,-74.35,28.28
34.09,-74.33,28.12
34.09,-74.31,28.02
34.09,-74.29,27.96
34.09,-74.27,28.0
34.09,-74.25,28.0
34.09,-74.23,28.03
34.09,-74.21,28.02
34.09,-74.19,27.91
34.09,-74.17,27.83
34.09,-74.15,27.79
34.09,-74.13,27.69
34.09,-74.11,27.7
34.09,-74.09,27.63
34.09,-74.07,27.59
34.09,-74.05,27.53
34.09,-74.03,27.53
34.09,-74.01,27.61
34.09,-73.83,27.96
34.09,-73.81,28.01
34.09,-73.79,28.05
34.09,-73.73,28.06
34.09,-73.71,28.07
34.09,-73.69,28.08
34.09,-73.13,27.64
34.09,-72.93,27.91
34.09,-72.91,27.9
34.09,-72.83,27.72
34.09,-72.81,27.74
34.09,-72.79,27.77
34.09,-72.77,27.74
34.09,-72.75,27.79
34.09,-72.73,27.78
34.09,-72.71,27.8
34.07,-77.93,27.98
34.07,-77.31,26.6
34.07,-77.29,26.64
34.07,-77.27,26.73
34.07,-77.25,26.68
34.07,-77.23,26.52
34.07,-77.21,26.51
34.07,-77.19,26.7
34.07,-77.17,26.76
34.07,-77.15,26.77
34.07,-77.13,26.83
34.07,-77.11,26.91
34.07,-77.09,26.95
34.07,-77.07,27.02
34.07,-77.05,27.05
34.07,-77.03,27.03
34.07,-77.01,27.06
34.07,-76.99,27.13
34.07,-76.97,27.18
34.07,-76.95,27.39
34.07,-76.93,27.65
34.07,-76.91,27.76
34.07,-76.89,27.73
34.07,-76.87,27.42
34.07,-76.85,27.39
34.07,-76.83,27.5
34.07,-76.81,27.68
34.07,-76.79,27.62
34.07,-76.77,27.63
34.07,-76.75,27.63
34.07,-76.73,27.62
34.07,-76.71,27.65
34.07,-76.69,27.61
34.07,-76.67,27.58
34.07,-76.65,27.48
34.07,-76.63,27.42
34.07,-76.61,27.43
34.07,-76.59,27.62
34.07,-76.57,27.61
34.07,-76.55,27.66
34.07,-76.53,27.57
34.07,-76.39,28.09
34.07,-76.37,28.15
34.07,-76.35,28.22
34.07,-76.33,28.62
34.07,-76.31,28.89
34.07,-76.29,28.61
34.07,-76.25,28.94
34.07,-76.23,29.15
34.07,-76.21,29.28
34.07,-76.19,29.3
34.07,-76.17,29.33
34.07,-76.15,29.38
34.07,-76.13,29.7
34.07,-76.11,29.61
34.07,-76.09,29.46
34.07,-75.49,29.14
34.07,-75.39,29.04
34.07,-75.37,29.03
34.07,-75.35,29.04
34.07,-75.19,29.21
34.07,-74.89,29.58
34.07,-74.87,29.58
34.07,-74.85,29.61
34.07,-74.83,29.58
34.07,-74.81,29.56
34.07,-74.79,29.54
34.07,-74.77,29.53
34.07,-74.75,29.52
34.07,-74.73,29.55
34.07,-74.71,29.58
34.07,-74.69,29.57
34.07,-74.67,29.51
34.07,-74.65,29.47
34.07,-74.63,29.45
34.07,-74.61,29.38
34.07,-74.59,29.29
34.07,-74.57,28.88
34.07,-74.55,28.42
34.07,-74.53,28.31
34.07,-74.51,28.27
34.07,-74.49,28.27
34.07,-74.47,28.26
34.07,-74.45,28.27
34.07,-74.43,28.26
34.07,-74.41,28.29
34.07,-74.39,28.28
34.07,-74.37,28.29
34.07,-74.35,28.29
34.07,-74.33,28.2
34.07,-74.31,28.05
34.07,-74.29,28.05
34.07,-74.27,28.05
34.07,-74.25,28.06
34.07,-74.23,28.01
34.07,-74.21,27.95
34.07,-74.19,27.88
34.07,-74.17,27.85
34.07,-74.15,27.81
34.07,-74.13,27.79
34.07,-74.11,27.76
34.07,-74.09,27.71
34.07,-74.07,27.69
34.07,-74.01,27.56
34.07,-73.99,27.57
34.07,-73.97,27.57
34.07,-73.89,27.79
34.07,-73.83,27.93
34.07,-73.81,27.92
34.07,-73.79,27.93
34.07,-73.71,28.05
34.07,-73.69,28.07
34.07,-73.17,27.58
34.07,-73.15,27.59
34.07,-73.13,27.62
34.07,-72.79,27.83
34.07,-72.77,27.8
34.07,-72.75,27.79
34.07,-72.73,27.79
34.07,-72.71,27.85
34.05,-77.31,26.65
34.05,-77.29,26.76
34.05,-77.27,26.8
34.05,-77.25,26.66
34.05,-77.23,26.59
34.05,-77.21,26.42
34.05,-77.19,26.44
34.05,-77.17,26.58
34.05,-77.15,26.61
34.05,-77.13,26.84
34.05,-77.11,26.82
34.05,-77.09,26.9
34.05,-77.07,27.01
34.05,-77.05,27.04
34.05,-77.03,27.05
34.05,-77.01,27.08
34.05,-76.99,27.08
34.05,-76.97,27.12
34.05,-76.95,27.38
34.05,-76.93,27.48
34.05,-76.91,27.63
34.05,-76.89,27.46
34.05,-76.87,27.34
34.05,-76.85,27.31
34.05,-76.83,27.41
34.05,-76.81,27.53
34.05,-76.79,27.39
34.05,-76.77,27.52
34.05,-76.75,27.63
34.05,-76.73,27.68
34.05,-76.71,27.74
34.05,-76.69,27.7
34.05,-76.67,27.63
34.05,-76.65,27.54
34.05,-76.63,27.5
34.05,-76.61,27.73
34.05,-76.59,27.83
34.05,-76.57,27.82
34.05,-76.55,27.9
34.05,-76.53,27.79
34.05,-76.51,27.66
34.05,-76.49,27.64
34.05,-76.47,27.79
34.05,-76.41,27.88
34.05,-76.39,28.18
34.05,-76.37,28.54
34.05,-76.35,28.91
34.05,-76.33,29.05
34.05,-76.31,29.11
34.05,-76.29,28.88
34.05,-76.27,28.67
34.05,-76.21,29.16
34.05,-76.19,29.18
34.05,-76.17,29.23
34.05,-76.15,29.64
34.05,-76.13,29.7
34.05,-76.11,29.71
34.05,-75.41,28.99
34.05,-75.29,29.2
34.05,-75.19,29.18
34.05,-75.17,29.18
34.05,-75.05,29.33
34.05,-75.03,29.4
34.05,-74.87,29.58
34.05,-74.85,29.59
34.05,-74.83,29.58
34.05,-74.81,29.55
34.05,-74.79,29.54
34.05,-74.77,29.55
34.05,-74.75,29.51
34.05,-74.73,29.53
34.05,-74.71,29.51
34.05,-74.69,29.51
34.05,-74.67,29.48
34.05,-74.65,29.39
34.05,-74.63,29.36
34.05,-74.61,29.35
34.05,-74.59,28.95
34.05,-74.57,28.66
34.05,-74.55,28.43
34.05,-74.53,28.29
34.05,-74.51,28.24
34.05,-74.49,28.25
34.05,-74.47,28.26
34.05,-74.45,28.25
34.05,-74.43,28.21
34.05,-74.41,28.23
34.05,-74.39,28.24
34.05,-74.37,28.24
34.05,-74.35,28.24
34.05,-74.33,28.2
34.05,-74.31,28.17
34.05,-74.29,28.11
34.05,-74.27,28.1
34.05,-74.25,28.08
34.05,-74.23,28.01
34.05,-74.21,27.89
34.05,-74.19,27.87
34.05,-74.17,27.82
34.05,-74.15,27.81
34.05,-74.13,27.78
34.05,-74.11,27.76
34.05,-74.09,27.71
34.05,-74.07,27.7
34.05,-74.05,27.67
34.05,-74.03,27.59
34.05,-73.83,27.95
34.05,-73.81,27.93
34.05,-73.79,27.9
34.05,-73.77,27.96
34.05,-72.75,27.82
34.03,-77.93,27.57
34.03,-77.29,26.7
34.03,-77.27,26.79
34.03,-77.25,26.82
34.03,-77.23,26.71
34.03,-77.21,26.42
34.03,-77.19,26.35
34.03,-77.17,26.56
34.03,-77.15,26.63
34.03,-77.13,26.71
34.03,-77.11,26.73
34.03,-77.09,26.71
34.03,-77.07,26.94
34.03,-77.05,26.98
34.03,-77.03,27.02
34.03,-77.01,27.05
34.03,-76.99,27.1
34.03,-76.97,27.23
34.03,-76.95,27.28
34.03,-76.93,27.34
34.03,-76.91,27.25
34.03,-76.89,27.2
34.03,-76.87,27.19
34.03,-76.85,27.18
34.03,-76.83,27.24
34.03,-76.81,27.24
34.03,-76.79,27.15
34.03,-76.77,27.36
34.03,-76.75,27.49
34.03,-76.73,27.52
34.03,-76.71,27.54
34.03,-76.69,27.69
34.03,-76.67,27.7
34.03,-76.65,27.73
34.03,-76.63,27.75
34.03,-76.61,27.89
34.03,-76.59,27.98
34.03,-76.57,28.18
34.03,-76.55,28.2
34.03,-76.53,28.12
34.03,-76.51,27.92
34.03,-76.49,27.88
34.03,-76.47,27.91
34.03,-76.45,27.9
34.03,-76.41,27.94
34.03,-76.39,28.06
34.03,-76.37,28.57
34.03,-76.35,29.11
34.03,-76.33,29.33
34.03,-76.31,29.06
34.03,-76.29,28.88
34.03,-76.19,29.05
34.03,-76.17,29.29
34.03,-76.15,29.53
34.03,-76.13,29.62
34.03,-76.11,29.64
34.03,-75.55,28.94
34.03,-75.53,28.96
34.03,-75.43,29.0
34.03,-75.41,29.04
34.03,-75.19,29.16
34.03,-75.17,29.15
34.03,-74.95,29.36
34.03,-74.93,29.39
34.03,-74.87,29.56
34.03,-74.85,29.56
34.03,-74.83,29.56
34.03,-74.81,29.52
34.03,-74.79,29.5
34.03,-74.77,29.53
34.03,-74.75,29.52
34.03,-74.73,29.5
34.03,-74.71,29.47
34.03,-74.69,29.48
34.03,-74.67,29.42
34.03,-74.65,29.36
34.03,-74.63,29.31
34.03,-74.61,29.17
34.03,-74.59,28.76
34.03,-74.57,28.53
34.03,-74.55,28.36
34.03,-74.53,28.24
34.03,-74.51,28.21
34.03,-74.49,28.2
34.03,-74.47,28.23
34.03,-74.45,28.22
34.03,-74.43,28.23
34.03,-74.41,28.22
34.03,-74.39,28.22
34.03,-74.37,28.21
34.03,-74.35,28.21
34.03,-74.33,28.18
34.03,-74.31,28.13
34.03,-74.29,28.18
34.03,-74.27,28.18
34.03,-74.25,28.01
34.03,-74.23,27.91
34.03,-74.21,27.86
34.03,-74.19,27.86
34.03,-74.17,27.84
34.03,-74.15,27.82
34.03,-74.13,27.79
34.03,-74.11,27.76
34.03,-74.09,27.71
34.03,-74.07,27.7
34.03,-74.05,27.71
34.03,-74.03,27.59
34.03,-74.01,27.63
34.03,-73.99,27.64
34.03,-73.81,27.88
34.03,-73.79,27.89
34.03,-73.77,28.06
34.03,-73.75,28.08
34.03,-72.83,27.84
34.03,-72.81,27.8
34.01,-77.95,27.72
34.01,-77.93,27.6
34.01,-77.27,26.69
34.01,-77.25,26.71
34.01,-77.23,26.7
34.01,-77.21,26.46
34.01,-77.19,26.37
34.01,-77.17,26.56
34.01,-77.15,26.68
34.01,-77.13,26.67
34.01,-77.11,26.64
34.01,-77.09,26.71
34.01,-77.07,26.85
34.01,-77.05,26.92
34.01,-77.03,26.94
34.01,-77.01,26.99
34.01,-76.99,27.02
34.01,-76.97,27.08
34.01,-76.95,27.24
34.01,-76.93,27.26
34.01,-76.91,27.12
34.01,-76.89,26.96
34.01,-76.87,26.96
34.01,-76.85,27.04
34.01,-76.83,27.15
34.01,-76.81,27.21
34.01,-76.79,27.25
34.01,-76.77,27.27
34.01,-76.75,27.4
34.01,-76.73,27.4
34.01,-76.71,27.44
34.01,-76.69,27.72
34.01,-76.67,27.75
34.01,-76.65,27.88
34.01,-76.63,27.97
34.01,-76.61,27.96
34.01,-76.59,28.19
34.01,-76.57,28.37
34.01,-76.55,28.36
34.01,-76.53,28.26
34.01,-76.51,28.2
34.01,-76.49,28.23
34.01,-76.47,28.2
34.01,-76.45,28.15
34.01,-76.39,28.59
34.01,-76.37,28.54
34.01,-76.35,29.3
34.01,-76.33,29.17
34.01,-76.31,29.11
34.01,-76.29,28.93
34.01,-76.27,28.82
34.01,-76.19,28.94
34.01,-76.17,29.17
34.01,-76.15,29.26
34.01,-76.11,29.57
34.01,-75.51,28.99
34.01,-75.43,29.04
34.01,-75.41,29.09
34.01,-75.39,29.04
34.01,-75.37,29.01
34.01,-75.25,29.27
34.01,-75.23,29.21
34.01,-75.21,29.19
34.01,-74.97,29.34
34.01,-74.95,29.35
34.01,-74.93,29.37
34.01,-74.89,29.55
34.01,-74.87,29.58
34.01,-74.85,29.59
34.01,-74.83,29.63
34.01,-74.81,29.59
34.01,-74.79,29.55
34.01,-74.77,29.57
34.01,-74.75,29.53
34.01,-74.73,29.49
34.01,-74.71,29.45
34.01,-74.69,29.43
34.01,-74.67,29.35
34.01,-74.65,29.27
34.01,-74.63,29.18
34.01,-74.61,28.87
34.01,-74.59,28.54
34.01,-74.57,28.49
34.01,-74.55,28.27
34.01,-74.53,28.2
34.01,-74.51,28.16
34.01,-74.49,28.19
34.01,-74.47,28.22
34.01,-74.45,28.21
34.01,-74.43,28.16
34.01,-74.41,28.21
34.01,-74.39,28.19
34.01,-74.37,28.19
34.01,-74.35,28.2
34.01,-74.33,28.19
34.01,-74.31,28.14
34.01,-74.29,28.13
34.01,-74.27,28.02
34.01,-74.25,27.93
34.01,-74.23,27.84
34.01,-74.21,27.9
34.01,-74.19,27.87
34.01,-74.17,27.87
34.01,-74.15,27.86
34.01,-74.13,27.79
34.01,-74.11,27.73
34.01,-74.09,27.68
34.01,-74.07,27.68
34.01,-74.05,27.68
34.01,-74.03,27.65
34.01,-74.01,27.63
34.01,-73.99,27.63
34.01,-73.89,27.82
34.01,-73.87,27.84
34.01,-73.75,28.11
34.01,-73.73,28.1
34.01,-73.71,28.13
34.01,-73.69,28.15
34.01,-73.67,28.12
33.99,-77.95,27.81
33.99,-77.93,27.83
33.99,-77.87,26.68
33.99,-77.85,26.66
33.99,-77.27,26.65
33.99,-77.25,26.63
33.99,-77.23,26.65
33.99,-77.21,26.63
33.99,-77.19,26.31
33.99,-77.17,26.59
33.99,-77.15,26.65
33.99,-77.13,26.66
33.99,-77.11,26.76
33.99,-77.09,26.73
33.99,-77.07,26.8
33.99,-77.05,26.81
33.99,-77.03,26.89
33.99,-77.01,26.88
33.99,-76.99,26.88
33.99,-76.97,26.73
33.99,-76.95,26.97
33.99,-76.93,27.2
33.99,-76.91,27.19
33.99,-76.89,27.02
33.99,-76.87,27.04
33.99,-76.85,27.07
33.99,-76.83,27.17
33.99,-76.81,27.29
33.99,-76.79,27.28
33.99,-76.77,27.24
33.99,-76.75,27.47
33.99,-76.73,27.4
33.99,-76.71,27.54
33.99,-76.69,27.75
33.99,-76.67,27.88
33.99,-76.65,27.93
33.99,-76.63,27.97
33.99,-76.61,28.03
33.99,-76.59,28.41
33.99,-76.57,28.49
33.99,-76.55,28.55
33.99,-76.53,28.65
33.99,-76.51,28.64
33.99,-76.49,28.52
33.99,-76.47,28.39
33.99,-76.45,28.38
33.99,-76.43,28.38
33.99,-76.41,28.78
33.99,-76.39,28.8
33.99,-76.37,28.82
33.99,-76.35,28.82
33.99,-76.33,29.07
33.99,-76.31,29.13
33.99,-76.29,29.03
33.99,-76.17,28.97
33.99,-76.15,29.0
33.99,-75.03,29.41
33.99,-75.01,29.4
33.99,-74.99,29.39
33.99,-74.87,29.66
33.99,-74.85,29.67
33.99,-74.83,29.68
33.99,-74.81,29.6
33.99,-74.79,29.58
33.99,-74.77,29.56
33.99,-74.75,29.53
33.99,-74.73,29.48
33.99,-74.71,29.41
33.99,-74.69,29.38
33.99,-74.67,29.33
33.99,-74.65,29.07
33.99,-74.63,28.88
33.99,-74.61,28.59
33.99,-74.59,28.29
33.99,-74.57,28.27
33.99,-74.55,28.22
33.99,-74.53,28.2
33.99,-74.51,28.19
33.99,-74.49,28.16
33.99,-74.47,28.2
33.99,-74.45,28.16
33.99,-74.43,28.2
33.99,-74.41,28.16
33.99,-74.39,28.13
33.99,-74.37,28.12
33.99,-74.35,28.16
33.99,-74.33,28.14
33.99,-74.31,28.04
33.99,-74.29,28.02
33.99,-74.27,27.94
33.99,-74.25,27.88
33.99,-74.23,27.89
33.99,-74.21,27.91
33.99,-74.19,27.92
33.99,-74.17,27.87
33.99,-74.15,27.84
33.99,-74.13,27.79
33.99,-74.11,27.74
33.99,-74.09,27.7
33.99,-74.07,27.7
33.99,-74.05,27.64
33.99,-74.03,27.66
33.99,-74.01,27.65
33.99,-73.99,27.63
33.99,-73.75,28.1
33.99,-73.73,28.07
33.99,-73.71,28.06
33.99,-73.53,27.45
33.99,-72.77,27.7
33.97,-77.95,27.7
33.97,-77.91,27.01
33.97,-77.89,26.73
33.97,-77.87,26.69
33.97,-77.85,26.66
33.97,-77.83,26.66
33.97,-77.25,26.61
33.97,-77.23,26.66
33.97,-77.21,26.59
33.97,-77.19,26.41
33.97,-77.17,26.57
33.97,-77.15,26.72
33.97,-77.13,26.83
33.97,-77.11,26.89
33.97,-77.09,26.9
33.97,-77.07,26.86
33.97,-77.05,26.81
33.97,-77.03,26.79
33.97,-77.01,26.83
33.97,-76.99,26.86
33.97,-76.97,26.84
33.97,-76.95,26.92
33.97,-76.93,27.19
33.97,-76.91,27.4
33.97,-76.89,27.12
33.97,-76.87,27.06
33.97,-76.85,27.13
33.97,-76.83,27.2
33.97,-76.81,27.22
33.97,-76.79,27.18
33.97,-76.77,27.21
33.97,-76.75,27.65
33.97,-76.73,27.59
33.97,-76.71,27.82
33.97,-76.69,27.86
33.97,-76.67,27.9
33.97,-76.65,28.04
33.97,-76.63,28.17
33.97,-76.61,28.31
33.97,-76.59,28.5
33.97,-76.57,28.62
33.97,-76.55,28.71
33.97,-76.53,28.7
33.97,-76.51,28.72
33.97,-76.49,28.69
33.97,-76.47,28.5
33.97,-76.45,28.63
33.97,-76.43,28.53
33.97,-76.41,28.71
33.97,-76.39,28.93
33.97,-76.37,28.92
33.97,-76.35,28.79
33.97,-76.33,28.95
33.97,-76.31,28.96
33.97,-76.19,28.99
33.97,-76.15,29.22
33.97,-76.13,29.31
33.97,-75.67,29.01
33.97,-75.65,29.02
33.97,-75.43,29.01
33.97,-75.17,29.17
33.97,-75.05,29.43
33.97,-75.03,29.42
33.97,-75.01,29.39
33.97,-74.99,29.38
33.97,-74.97,29.43
33.97,-74.95,29.48
33.97,-74.87,29.72
33.97,-74.85,29.69
33.97,-74.83,29.65
33.97,-74.81,29.65
33.97,-74.79,29.59
33.97,-74.77,29.52
33.97,-74.75,29.48
33.97,-74.73,29.42
33.97,-74.71,29.38
33.97,-74.69,29.3
33.97,-74.67,29.15
33.97,-74.65,28.87
33.97,-74.63,28.59
33.97,-74.61,28.28
33.97,-74.59,28.2
33.97,-74.57,28.2
33.97,-74.55,28.18
33.97,-74.53,28.13
33.97,-74.51,28.13
33.97,-74.49,28.12
33.97,-74.47,28.12
33.97,-74.45,28.13
33.97,-74.43,28.14
33.97,-74.41,28.12
33.97,-74.39,28.11
33.97,-74.37,28.1
33.97,-74.35,28.09
33.97,-74.33,28.05
33.97,-74.31,28.02
33.97,-74.29,27.96
33.97,-74.27,27.91
33.97,-74.25,27.92
33.97,-74.23,27.93
33.97,-74.21,27.95
33.97,-74.19,27.89
33.97,-74.17,27.89
33.97,-74.15,27.83
33.97,-74.13,27.77
33.97,-74.11,27.73
33.97,-74.09,27.69
33.97,-74.07,27.67
33.97,-74.05,27.62
33.97,-74.03,27.64
33.97,-73.99,27.63
33.97,-73.97,27.63
33.97,-73.85,27.73
33.97,-73.73,27.99
33.97,-73.71,27.99
33.97,-73.53,27.49
33.97,-72.77,27.66
33.95,-77.97,27.56
33.95,-77.91,27.07
33.95,-77.89,26.91
33.95,-77.87,26.81
33.95,-77.85,26.74
33.95,-77.83,26.66
33.95,-77.81,26.61
33.95,-77.79,26.96
33.95,-77.77,26.94
33.95,-77.69,26.53
33.95,-77.25,26.6
33.95,-77.23,26.69
33.95,-77.21,26.61
33.95,-77.19,26.57
33.95,-77.17,26.58
33.95,-77.15,26.79
33.95,-77.13,26.9
33.95,-77.11,26.99
33.95,-77.09,26.85
33.95,-77.07,26.82
33.95,-77.05,26.8
33.95,-77.03,26.75
33.95,-77.01,26.79
33.95,-76.99,26.83
33.95,-76.97,26.88
33.95,-76.95,27.1
33.95,-76.93,27.23
33.95,-76.91,27.32
33.95,-76.89,27.2
33.95,-76.87,27.12
33.95,-76.85,27.16
33.95,-76.83,27.22
33.95,-76.81,27.17
33.95,-76.79,27.25
33.95,-76.77,27.42
33.95,-76.75,27.68
33.95,-76.73,27.68
33.95,-76.71,27.91
33.95,-76.69,27.85
33.95,-76.67,27.81
33.95,-76.65,28.01
33.95,-76.63,28.28
33.95,-76.61,28.53
33.95,-76.59,28.64
33.95,-76.57,28.64
33.95,-76.55,28.71
33.95,-76.53,28.72
33.95,-76.51,28.77
33.95,-76.49,28.81
33.95,-76.47,28.83
33.95,-76.45,28.83
33.95,-76.43,28.78
33.95,-76.41,29.0
33.95,-76.39,29.05
33.95,-76.37,29.09
33.95,-76.35,28.82
33.95,-76.33,28.8
33.95,-76.31,28.82
33.95,-76.29,28.99
33.95,-76.27,29.13
33.95,-76.25,29.16
33.95,-76.21,29.01
33.95,-76.19,29.02
33.95,-75.17,29.21
33.95,-75.07,29.4
33.95,-75.05,29.41
33.95,-75.03,29.41
33.95,-75.01,29.38
33.95,-74.99,29.39
33.95,-74.97,29.45
33.95,-74.95,29.52
33.95,-74.93,29.63
33.95,-74.91,29.63
33.95,-74.87,29.67
33.95,-74.85,29.65
33.95,-74.83,29.59
33.95,-74.81,29.39
33.95,-74.79,29.36
33.95,-74.77,29.37
33.95,-74.75,29.31
33.95,-74.73,29.31
33.95,-74.71,29.27
33.95,-74.69,29.19
33.95,-74.67,28.77
33.95,-74.65,28.4
33.95,-74.63,28.26
33.95,-74.61,28.27
33.95,-74.59,28.22
33.95,-74.57,28.17
33.95,-74.55,28.11
33.95,-74.53,28.09
33.95,-74.51,28.07
33.95,-74.49,28.11
33.95,-74.47,28.03
33.95,-74.45,28.04
33.95,-74.43,28.03
33.95,-74.41,28.08
33.95,-74.39,28.11
33.95,-74.37,28.09
33.95,-74.35,28.03
33.95,-74.33,27.98
33.95,-74.31,28.01
33.95,-74.29,28.0
33.95,-74.27,27.96
33.95,-74.25,27.92
33.95,-74.23,27.93
33.95,-74.21,27.95
33.95,-74.19,27.86
33.95,-74.17,27.85
33.95,-74.15,27.84
33.95,-74.13,27.77
33.95,-74.11,27.73
33.95,-74.09,27.66
33.95,-74.07,27.65
33.95,-74.05,27.64
33.95,-74.03,27.61
33.95,-74.01,27.6
33.95,-73.99,27.64
33.95,-73.97,27.64
33.95,-73.85,27.73
33.95,-72.89,27.64
33.95,-72.85,27.74
33.95,-72.83,27.79
33.93,-77.99,27.13
33.93,-77.97,27.27
33.93,-77.95,27.31
33.93,-77.91,26.96
33.93,-77.89,26.97
33.93,-77.87,26.91
33.93,-77.85,26.82
33.93,-77.83,26.72
33.93,-77.81,26.65
33.93,-77.79,26.82
33.93,-77.37,26.61
33.93,-77.35,26.56
33.93,-77.33,26.54
33.93,-77.31,26.63
33.93,-77.29,26.64
33.93,-77.27,26.65
33.93,-77.25,26.66
33.93,-77.23,26.71
33.93,-77.21,26.64
33.93,-77.19,26.59
33.93,-77.17,26.66
33.93,-77.15,26.87
33.93,-77.13,26.98
33.93,-77.11,26.82
33.93,-77.09,26.77
33.93,-77.07,26.63
33.93,-77.05,26.71
33.93,-77.03,26.75
33.93,-77.01,26.79
33.93,-76.99,27.0
33.93,-76.97,27.16
33.93,-76.95,27.21
33.93,-76.93,27.38
33.93,-76.91,27.5
33.93,-76.89,27.29
33.93,-76.87,27.2
33.93,-76.85,27.27
33.93,-76.83,27.27
33.93,-76.81,27.03
33.93,-76.79,26.95
33.93,-76.77,27.28
33.93,-76.75,27.53
33.93,-76.73,27.75
33.93,-76.71,27.91
33.93,-76.69,27.99
33.93,-76.67,27.89
33.93,-76.65,28.14
33.93,-76.63,28.42
33.93,-76.61,28.55
33.93,-76.59,28.69
33.93,-76.57,28.68
33.93,-76.55,28.73
33.93,-76.53,28.75
33.93,-76.51,28.81
33.93,-76.49,28.83
33.93,-76.47,28.84
33.93,-76.45,29.06
33.93,-76.43,29.08
33.93,-76.41,29.14
33.93,-76.39,29.18
33.93,-76.37,29.2
33.93,-76.35,29.06
33.93,-76.33,28.94
33.93,-76.31,29.05
33.93,-76.29,29.09
33.93,-76.27,29.32
33.93,-76.19,29.18
33.93,-75.65,29.07
33.93,-75.63,29.07
33.93,-75.61,29.07
33.93,-75.41,28.99
33.93,-75.09,29.38
33.93,-75.07,29.39
33.93,-75.05,29.42
33.93,-75.03,29.33
33.93,-75.01,29.38
33.93,-74.99,29.36
33.93,-74.97,29.43
33.93,-74.95,29.49
33.93,-74.93,29.59
33.93,-74.91,29.6
33.93,-74.89,29.57
33.93,-74.87,29.57
33.93,-74.85,29.54
33.93,-74.83,29.52
33.93,-74.81,29.44
33.93,-74.79,29.46
33.93,-74.77,29.5
33.93,-74.75,29.44
33.93,-74.73,29.25
33.93,-74.71,29.09
33.93,-74.69,28.73
33.93,-74.67,28.44
33.93,-74.65,28.27
33.93,-74.63,28.22
33.93,-74.61,28.2
33.93,-74.59,28.17
33.93,-74.57,28.17
33.93,-74.55,28.11
33.93,-74.53,28.07
33.93,-74.51,28.09
33.93,-74.49,28.06
33.93,-74.47,28.0
33.93,-74.45,27.98
33.93,-74.43,27.99
33.93,-74.41,27.99
33.93,-74.39,28.0
33.93,-74.37,28.0
33.93,-74.35,27.96
33.93,-74.33,27.94
33.93,-74.31,28.0
33.93,-74.29,27.99
33.93,-74.27,27.93
33.93,-74.25,27.9
33.93,-74.23,27.96
33.93,-74.21,27.94
33.93,-74.19,27.81
33.93,-74.17,27.79
33.93,-74.15,27.85
33.93,-74.13,27.81
33.93,-74.11,27.74
33.93,-74.09,27.67
33.93,-74.07,27.64
33.93,-74.05,27.62
33.93,-74.03,27.59
33.93,-74.01,27.61
33.93,-73.99,27.63
33.93,-73.97,27.63
33.93,-73.65,27.92
33.93,-73.63,27.89
33.93,-73.51,27.51
33.93,-73.49,27.53
33.93,-73.47,27.6
33.93,-73.11,27.73
33.93,-73.09,27.73
33.93,-73.07,27.69
33.93,-72.87,27.8
33.91,-78.29,26.97
33.91,-78.27,27.51
33.91,-78.19,28.16
33.91,-78.17,28.22
33.91,-78.15,28.3
33.91,-78.13,28.65
33.91,-77.99,27.26
33.91,-77.91,26.99
33.91,-77.89,27.11
33.91,-77.87,27.01
33.91,-77.85,26.91
33.91,-77.83,26.78
33.91,-77.81,26.67
33.91,-77.79,26.69
33.91,-77.69,26.51
33.91,-77.67,26.53
33.91,-77.63,26.44
33.91,-77.61,26.45
33.91,-77.39,26.69
33.91,-77.37,26.68
33.91,-77.35,26.66
33.91,-77.33,26.66
33.91,-77.31,26.77
33.91,-77.29,26.88
33.91,-77.27,26.78
33.91,-77.25,26.79
33.91,-77.23,26.75
33.91,-77.21,26.68
33.91,-77.19,26.61
33.91,-77.17,26.67
33.91,-77.15,26.83
33.91,-77.13,26.95
33.91,-77.11,26.89
33.91,-77.09,26.77
33.91,-77.07,26.74
33.91,-77.05,26.71
33.91,-77.03,26.81
33.91,-77.01,26.91
33.91,-76.99,27.13
33.91,-76.97,27.29
33.91,-76.95,27.41
33.91,-76.93,27.51
33.91,-76.91,27.63
33.91,-76.89,27.64
33.91,-76.87,27.65
33.91,-76.85,27.51
33.91,-76.83,27.39
33.91,-76.81,27.02
33.91,-76.79,26.86
33.91,-76.77,27.17
33.91,-76.75,27.53
33.91,-76.73,27.76
33.91,-76.71,28.1
33.91,-76.69,28.22
33.91,-76.67,28.25
33.91,-76.65,28.35
33.91,-76.63,28.58
33.91,-76.61,28.65
33.91,-76.59,28.79
33.91,-76.57,28.81
33.91,-76.55,28.81
33.91,-76.53,28.9
33.91,-76.51,28.84
33.91,-76.49,28.82
33.91,-76.47,28.99
33.91,-76.45,29.14
33.91,-76.43,29.24
33.91,-76.41,29.23
33.91,-76.39,29.31
33.91,-76.37,29.37
33.91,-76.35,29.26
33.91,-76.33,29.07
33.91,-76.29,29.27
33.91,-76.27,29.22
33.91,-76.25,29.21
33.91,-76.19,29.19
33.91,-75.65,29.06
33.91,-75.63,29.1
33.91,-75.61,29.06
33.91,-75.59,29.03
33.91,-75.21,29.24
33.91,-75.19,29.27
33.91,-75.07,29.36
33.91,-75.05,29.4
33.91,-75.03,29.32
33.91,-75.01,29.3
33.91,-74.99,29.38
33.91,-74.97,29.48
33.91,-74.95,29.5
33.91,-74.93,29.57
33.91,-74.91,29.6
33.91,-74.89,29.58
33.91,-74.87,29.57
33.91,-74.85,29.52
33.91,-74.83,29.47
33.91,-74.81,29.45
33.91,-74.79,29.36
33.91,-74.77,29.3
33.91,-74.75,29.2
33.91,-74.73,29.1
33.91,-74.71,28.74
33.91,-74.69,28.47
33.91,-74.67,28.22
33.91,-74.65,28.2
33.91,-74.63,28.16
33.91,-74.61,28.17
33.91,-74.59,28.16
33.91,-74.57,28.17
33.91,-74.55,28.13
33.91,-74.53,28.08
33.91,-74.51,28.04
33.91,-74.49,28.04
33.91,-74.47,28.01
33.91,-74.45,27.98
33.91,-74.43,27.99
33.91,-74.41,27.97
33.91,-74.39,27.97
33.91,-74.37,27.97
33.91,-74.35,27.95
33.91,-74.33,27.95
33.91,-74.31,27.97
33.91,-74.29,27.99
33.91,-74.27,27.9
33.91,-74.25,27.88
33.91,-74.23,27.96
33.91,-74.21,27.85
33.91,-74.19,27.81
33.91,-74.17,27.79
33.91,-74.15,27.8
33.91,-74.13,27.74
33.91,-74.11,27.66
33.91,-74.09,27.63
33.91,-74.07,27.59
33.91,-74.05,27.6
33.91,-74.03,27.58
33.91,-74.01,27.61
33.91,-73.99,27.67
33.91,-73.97,27.63
33.91,-73.95,27.61
33.91,-73.91,27.57
33.91,-73.89,27.56
33.91,-73.83,27.74
33.91,-73.81,27.75
33.91,-73.75,27.98
33.91,-73.65,27.98
33.91,-73.63,27.95
33.91,-73.61,27.9
33.91,-73.51,27.53
33.91,-73.49,27.53
33.91,-73.47,27.55
33.91,-73.45,27.56
33.91,-73.15,27.65
33.91,-73.13,27.69
33.91,-73.11,27.65
33.91,-73.09,27.58
33.91,-73.07,27.54
33.91,-72.89,27.7
33.91,-72.87,27.78
33.91,-72.61,27.62
33.91,-72.39,27.49
33.89,-78.41,27.42
33.89,-78.39,27.39
33.89,-78.37,27.49
33.89,-78.35,27.42
33.89,-78.33,27.19
33.89,-78.31,27.0
33.89,-78.25,27.53
33.89,-78.23,27.56
33.89,-78.19,28.1
33.89,-78.17,28.16
33.89,-78.15,28.26
33.89,-78.13,28.39
33.89,-78.11,28.38
33.89,-78.09,28.41
33.89,-78.07,29.23
33.89,-78.05,30.76
33.89,-78.01,27.9
33.89,-77.99,27.5
33.89,-77.95,27.34
33.89,-77.93,27.03
33.89,-77.91,27.06
33.89,-77.89,27.15
33.89,-77.87,27.06
33.89,-77.85,26.87
33.89,-77.83,26.79
33.89,-77.81,26.81
33.89,-77.69,26.64
33.89,-77.67,26.61
33.89,-77.65,26.55
33.89,-77.41,26.64
33.89,-77.39,26.79
33.89,-77.37,26.65
33.89,-77.35,26.55
33.89,-77.31,26.74
33.89,-77.29,26.96
33.89,-77.27,26.96
33.89,-77.25,26.87
33.89,-77.23,26.8
33.89,-77.21,26.75
33.89,-77.19,26.65
33.89,-77.17,26.66
33.89,-77.15,26.71
33.89,-77.13,26.83
33.89,-77.11,26.89
33.89,-77.09,27.02
33.89,-77.07,26.84
33.89,-77.05,26.88
33.89,-77.03,26.94
33.89,-77.01,26.99
33.89,-76.99,27.11
33.89,-76.97,27.34
33.89,-76.95,27.56
33.89,-76.93,27.76
33.89,-76.91,27.77
33.89,-76.89,27.88
33.89,-76.87,27.85
33.89,-76.85,27.78
33.89,-76.83,27.73
33.89,-76.81,27.66
33.89,-76.79,27.37
33.89,-76.77,27.36
33.89,-76.75,27.71
33.89,-76.73,27.81
33.89,-76.71,28.13
33.89,-76.69,28.34
33.89,-76.67,28.4
33.89,-76.65,28.46
33.89,-76.63,28.57
33.89,-76.61,28.63
33.89,-76.59,28.79
33.89,-76.57,28.92
33.89,-76.55,28.96
33.89,-76.53,28.93
33.89,-76.51,28.94
33.89,-76.49,28.89
33.89,-76.47,29.02
33.89,-76.45,29.37
33.89,-76.43,29.39
33.89,-76.39,29.41
33.89,-76.37,29.4
33.89,-76.35,29.34
33.89,-76.33,29.29
33.89,-76.31,29.29
33.89,-76.27,29.22
33.89,-75.63,29.04
33.89,-75.61,29.03
33.89,-75.59,29.02
33.89,-75.19,29.31
33.89,-75.17,29.34
33.89,-75.15,29.34
33.89,-75.13,29.34
33.89,-75.07,29.32
33.89,-75.05,29.3
33.89,-75.03,29.29
33.89,-75.01,29.35
33.89,-74.95,29.55
33.89,-74.93,29.59
33.89,-74.91,29.59
33.89,-74.89,29.57
33.89,-74.87,29.57
33.89,-74.85,29.5
33.89,-74.83,29.42
33.89,-74.81,29.43
33.89,-74.79,29.36
33.89,-74.77,29.24
33.89,-74.75,29.03
33.89,-74.73,28.81
33.89,-74.71,28.49
33.89,-74.69,28.3
33.89,-74.67,28.19
33.89,-74.65,28.14
33.89,-74.63,28.13
33.89,-74.61,28.12
33.89,-74.59,28.13
33.89,-74.57,28.09
33.89,-74.55,28.09
33.89,-74.53,28.03
33.89,-74.51,28.02
33.89,-74.49,28.03
33.89,-74.47,28.01
33.89,-74.45,27.98
33.89,-74.43,27.98
33.89,-74.41,27.97
33.89,-74.39,27.98
33.89,-74.37,27.99
33.89,-74.35,27.97
33.89,-74.33,27.98
33.89,-74.31,27.97
33.89,-74.29,27.98
33.89,-74.27,27.95
33.89,-74.25,27.86
33.89,-74.23,27.88
33.89,-74.21,27.76
33.89,-74.19,27.76
33.89,-74.17,27.76
33.89,-74.15,27.75
33.89,-74.13,27.68
33.89,-74.11,27.61
33.89,-74.09,27.62
33.89,-74.07,27.61
33.89,-74.05,27.58
33.89,-74.03,27.59
33.89,-74.01,27.6
33.89,-73.99,27.62
33.89,-73.97,27.62
33.89,-73.95,27.6
33.89,-73.93,27.56
33.89,-73.91,27.57
33.89,-73.89,27.49
33.89,-73.87,27.5
33.89,-73.81,27.73
33.89,-73.79,27.76
33.89,-73.77,27.86
33.89,-73.75,27.9
33.89,-73.73,27.91
33.89,-73.71,27.96
33.89,-73.69,27.95
33.89,-73.63,28.01
33.89,-73.61,27.97
33.89,-73.49,27.46
33.89,-73.47,27.52
33.89,-73.45,27.54
33.89,-73.43,27.59
33.89,-73.41,27.58
33.89,-73.39,27.59
33.89,-73.37,27.6
33.89,-73.35,27.65
33.89,-73.33,27.68
33.89,-73.13,27.61
33.89,-73.11,27.62
33.89,-73.09,27.55
33.89,-72.89,27.67
33.89,-72.87,27.73
33.89,-72.85,27.73
33.89,-72.39,27.5
33.89,-72.33,27.46
33.89,-72.21,27.45
33.87,-78.49,27.58
33.87,-78.47,27.53
33.87,-78.45,27.45
33.87,-78.43,27.44
33.87,-78.41,27.49
33.87,-78.39,27.51
33.87,-78.37,27.45
33.87,-78.35,27.33
33.87,-78.33,27.04
33.87,-78.31,26.91
33.87,-78.29,26.99
33.87,-78.27,27.48
33.87,-78.25,27.53
33.87,-78.23,27.66
33.87,-78.21,27.78
33.87,-78.19,27.91
33.87,-78.17,28.07
33.87,-78.15,28.14
33.87,-78.13,28.21
33.87,-78.11,28.14
33.87,-78.09,28.18
33.87,-78.07,29.57
33.87,-78.05,30.25
33.87,-78.03,29.12
33.87,-78.01,28.04
33.87,-77.95,27.11
33.87,-77.93,27.17
33.87,-77.91,27.27
33.87,-77.89,27.17
33.87,-77.87,27.08
33.87,-77.85,26.86
33.87,-77.83,26.76
33.87,-77.71,26.54
33.87,-77.69,26.63
33.87,-77.67,26.82
33.87,-77.65,26.58
33.87,-77.41,26.61
33.87,-77.39,26.64
33.87,-77.37,26.7
33.87,-77.31,26.54
33.87,-77.29,26.75
33.87,-77.27,26.92
33.87,-77.25,26.86
33.87,-77.23,26.71
33.87,-77.21,26.69
33.87,-77.19,26.61
33.87,-77.17,26.62
33.87,-77.15,26.66
33.87,-77.13,26.75
33.87,-77.11,26.91
33.87,-77.09,27.03
33.87,-77.07,27.04
33.87,-77.05,27.08
33.87,-77.03,27.12
33.87,-77.01,27.16
33.87,-76.99,27.27
33.87,-76.97,27.53
33.87,-76.95,27.71
33.87,-76.93,27.86
33.87,-76.91,27.96
33.87,-76.89,28.07
33.87,-76.87,27.87
33.87,-76.85,27.87
33.87,-76.83,27.9
33.87,-76.81,27.92
33.87,-76.79,27.85
33.87,-76.77,27.54
33.87,-76.75,27.72
33.87,-76.73,27.73
33.87,-76.71,28.09
33.87,-76.69,28.29
33.87,-76.67,28.39
33.87,-76.65,28.47
33.87,-76.63,28.6
33.87,-76.61,28.71
33.87,-76.59,28.79
33.87,-76.57,28.91
33.87,-76.55,29.11
33.87,-76.53,29.14
33.87,-76.51,29.18
33.87,-76.49,29.09
33.87,-76.47,28.95
33.87,-76.45,29.38
33.87,-76.43,29.6
33.87,-76.41,29.64
33.87,-76.39,29.65
33.87,-76.37,29.6
33.87,-76.35,29.38
33.87,-76.33,29.34
33.87,-76.31,29.29
33.87,-76.29,29.25
33.87,-76.27,29.21
33.87,-75.97,29.32
33.87,-75.95,29.33
33.87,-75.65,28.99
33.87,-75.63,29.04
33.87,-75.61,29.03
33.87,-75.53,28.99
33.87,-75.15,29.33
33.87,-75.13,29.33
33.87,-75.11,29.34
33.87,-75.09,29.34
33.87,-75.07,29.35
33.87,-75.03,29.4
33.87,-75.01,29.41
33.87,-74.99,29.45
33.87,-74.97,29.55
33.87,-74.93,29.59
33.87,-74.91,29.63
33.87,-74.89,29.62
33.87,-74.87,29.56
33.87,-74.85,29.54
33.87,-74.83,29.45
33.87,-74.81,29.42
33.87,-74.79,29.29
33.87,-74.77,29.08
33.87,-74.75,28.89
33.87,-74.73,28.55
33.87,-74.71,28.28
33.87,-74.69,28.23
33.87,-74.67,28.18
33.87,-74.65,28.12
33.87,-74.63,28.13
33.87,-74.61,28.09
33.87,-74.59,28.05
33.87,-74.57,28.01
33.87,-74.55,28.02
33.87,-74.53,28.0
33.87,-74.51,28.01
33.87,-74.49,28.03
33.87,-74.47,27.96
33.87,-74.45,27.96
33.87,-74.43,27.96
33.87,-74.41,28.01
33.87,-74.39,28.0
33.87,-74.37,27.97
33.87,-74.35,27.99
33.87,-74.33,28.01
33.87,-74.31,28.01
33.87,-74.29,28.03
33.87,-74.27,27.99
33.87,-74.25,27.96
33.87,-74.23,27.92
33.87,-74.21,27.78
33.87,-74.19,27.72
33.87,-74.17,27.72
33.87,-74.15,27.65
33.87,-74.13,27.64
33.87,-74.11,27.58
33.87,-74.09,27.62
33.87,-74.07,27.62
33.87,-74.05,27.61
33.87,-74.03,27.6
33.87,-74.01,27.61
33.87,-73.99,27.57
33.87,-73.97,27.6
33.87,-73.95,27.6
33.87,-73.93,27.59
33.87,-73.91,27.56
33.87,-73.89,27.54
33.87,-73.87,27.55
33.87,-73.85,27.54
33.87,-73.75,27.83
33.87,-73.73,27.88
33.87,-73.71,27.94
33.87,-73.69,27.93
33.87,-73.63,28.01
33.87,-73.51,27.48
33.87,-73.49,27.52
33.87,-73.47,27.56
33.87,-73.45,27.53
33.87,-73.43,27.59
33.87,-73.41,27.62
33.87,-73.39,27.61
33.87,-73.37,27.59
33.87,-73.35,27.59
33.87,-73.33,27.61
33.87,-73.13,27.6
33.87,-73.11,27.65
33.87,-72.27,27.4
33.87,-72.25,27.41
33.87,-72.23,27.43
33.87,-72.21,27.44
33.85,-78.55,27.48
33.85,-78.53,27.43
33.85,-78.51,27.6
33.85,-78.49,27.59
33.85,-78.47,27.3
33.85,-78.45,27.28
33.85,-78.43,27.35
33.85,-78.41,27.39
33.85,-78.39,27.45
33.85,-78.37,27.48
33.85,-78.35,27.17
33.85,-78.33,26.97
33.85,-78.31,26.88
33.85,-78.29,27.01
33.85,-78.27,27.04
33.85,-78.25,27.52
33.85,-78.23,27.57
33.85,-78.21,27.77
33.85,-78.19,27.71
33.85,-78.17,27.78
33.85,-78.15,28.03
33.85,-78.13,28.11
33.85,-78.11,28.03
33.85,-78.09,28.84
33.85,-78.07,29.97
33.85,-78.05,29.23
33.85,-78.03,27.87
33.85,-78.01,27.66
33.85,-77.99,27.61
33.85,-77.95,27.26
33.85,-77.93,27.35
33.85,-77.91,27.41
33.85,-77.89,27.32
33.85,-77.87,27.21
33.85,-77.85,27.1
33.85,-77.83,26.91
33.85,-77.71,26.54
33.85,-77.69,26.56
33.85,-77.67,26.67
33.85,-77.65,26.58
33.85,-77.43,26.67
33.85,-77.41,26.73
33.85,-77.39,26.75
33.85,-77.37,26.7
33.85,-77.35,26.51
33.85,-77.33,26.51
33.85,-77.31,26.56
33.85,-77.29,26.72
33.85,-77.27,26.7
33.85,-77.25,26.67
33.85,-77.23,26.65
33.85,-77.19,26.6
33.85,-77.17,26.62
33.85,-77.15,26.56
33.85,-77.13,26.63
33.85,-77.11,26.74
33.85,-77.09,26.94
33.85,-77.07,26.97
33.85,-77.05,27.01
33.85,-77.03,27.04
33.85,-77.01,27.05
33.85,-76.99,27.27
33.85,-76.97,27.5
33.85,-76.95,27.78
33.85,-76.93,28.07
33.85,-76.91,28.17
33.85,-76.89,28.16
33.85,-76.87,28.03
33.85,-76.85,28.02
33.85,-76.83,28.05
33.85,-76.81,28.1
33.85,-76.79,28.0
33.85,-76.77,27.73
33.85,-76.75,27.64
33.85,-76.73,27.29
33.85,-76.71,27.73
33.85,-76.69,28.07
33.85,-76.67,28.25
33.85,-76.65,28.4
33.85,-76.63,28.67
33.85,-76.61,28.74
33.85,-76.59,29.26
33.85,-76.57,29.28
33.85,-76.55,29.31
33.85,-76.53,29.33
33.85,-76.51,29.26
33.85,-76.49,29.19
33.85,-76.47,29.37
33.85,-76.45,29.46
33.85,-76.43,29.65
33.85,-76.41,29.67
33.85,-76.39,29.65
33.85,-76.37,29.67
33.85,-76.35,29.44
33.85,-76.33,29.33
33.85,-75.99,29.37
33.85,-75.97,29.35
33.85,-75.95,29.31
33.85,-75.73,29.08
33.85,-75.71,29.07
33.85,-75.63,29.01
33.85,-75.61,29.0
33.85,-75.53,29.08
33.85,-75.51,29.02
33.85,-75.49,28.95
33.85,-75.27,29.39
33.85,-75.09,29.38
33.85,-75.07,29.39
33.85,-75.05,29.38
33.85,-75.03,29.38
33.85,-75.01,29.4
33.85,-74.99,29.52
33.85,-74.97,29.6
33.85,-74.91,29.7
33.85,-74.89,29.69
33.85,-74.87,29.62
33.85,-74.85,29.54
33.85,-74.83,29.44
33.85,-74.81,29.34
33.85,-74.79,29.22
33.85,-74.77,29.07
33.85,-74.75,28.56
33.85,-74.73,28.22
33.85,-74.71,28.14
33.85,-74.69,28.18
33.85,-74.67,28.13
33.85,-74.65,28.07
33.85,-74.63,28.06
33.85,-74.61,28.06
33.85,-74.59,28.01
33.85,-74.57,27.96
33.85,-74.55,27.99
33.85,-74.53,27.96
33.85,-74.51,27.99
33.85,-74.49,27.98
33.85,-74.47,27.95
33.85,-74.45,27.91
33.85,-74.43,27.92
33.85,-74.41,27.92
33.85,-74.39,27.99
33.85,-74.37,27.96
33.85,-74.35,27.96
33.85,-74.33,28.01
33.85,-74.31,28.06
33.85,-74.29,27.96
33.85,-74.27,27.98
33.85,-74.25,27.98
33.85,-74.23,27.93
33.85,-74.21,27.87
33.85,-74.19,27.8
33.85,-74.17,27.74
33.85,-74.15,27.64
33.85,-74.13,27.65
33.85,-74.11,27.63
33.85,-74.09,27.64
33.85,-74.07,27.6
33.85,-74.05,27.59
33.85,-74.03,27.6
33.85,-74.01,27.62
33.85,-73.99,27.59
33.85,-73.97,27.58
33.85,-73.95,27.58
33.85,-73.93,27.55
33.85,-73.91,27.55
33.85,-73.89,27.56
33.85,-73.87,27.54
33.85,-73.85,27.54
33.85,-73.73,27.8
33.85,-73.71,27.81
33.85,-73.69,27.9
33.85,-73.67,27.95
33.85,-73.63,28.04
33.85,-73.61,28.01
33.85,-73.47,27.54
33.85,-73.45,27.51
33.85,-73.43,27.54
33.85,-73.41,27.54
33.85,-73.39,27.54
33.85,-73.37,27.54
33.85,-73.35,27.55
33.85,-73.33,27.57
33.85,-73.31,27.55
33.85,-73.29,27.57
33.85,-73.13,27.58
33.85,-72.95,27.61
33.85,-72.29,27.4
33.85,-72.25,27.39
33.85,-72.23,27.42
33.83,-78.63,27.88
33.83,-78.61,27.6
33.83,-78.59,27.35
33.83,-78.57,27.36
33.83,-78.55,27.48
33.83,-78.53,27.41
33.83,-78.51,27.39
33.83,-78.49,27.5
33.83,-78.47,27.45
33.83,-78.45,27.15
33.83,-78.43,27.15
33.83,-78.41,27.28
33.83,-78.39,27.42
33.83,-78.37,27.48
33.83,-78.35,27.47
33.83,-78.33,27.22
33.83,-78.31,26.84
33.83,-78.29,26.9
33.83,-78.27,27.13
33.83,-78.25,27.38
33.83,-78.23,27.5
33.83,-78.21,27.68
33.83,-78.19,27.68
33.83,-78.17,27.73
33.83,-78.15,27.88
33.83,-78.13,27.96
33.83,-78.11,28.0
33.83,-78.09,29.45
33.83,-78.07,29.86
33.83,-78.05,28.19
33.83,-78.03,28.02
33.83,-78.01,27.95
33.83,-77.99,27.43
33.83,-77.97,27.18
33.83,-77.95,27.42
33.83,-77.93,27.41
33.83,-77.91,27.5
33.83,-77.89,27.43
33.83,-77.87,27.25
33.83,-77.85,27.1
33.83,-77.83,27.03
33.83,-77.69,26.52
33.83,-77.67,26.55
33.83,-77.65,26.53
33.83,-77.41,26.72
33.83,-77.39,26.77
33.83,-77.37,26.71
33.83,-77.35,26.55
33.83,-77.31,26.67
33.83,-77.29,26.69
33.83,-77.27,26.69
33.83,-77.25,26.65
33.83,-77.23,26.64
33.83,-77.17,26.7
33.83,-77.15,26.68
33.83,-77.13,26.81
33.83,-77.11,26.88
33.83,-77.09,26.69
33.83,-77.07,26.8
33.83,-77.05,26.84
33.83,-77.03,27.07
33.83,-77.01,27.0
33.83,-76.99,27.27
33.83,-76.97,27.66
33.83,-76.95,27.79
33.83,-76.93,28.04
33.83,-76.91,28.18
33.83,-76.89,28.17
33.83,-76.87,28.17
33.83,-76.85,28.17
33.83,-76.83,28.22
33.83,-76.81,28.19
33.83,-76.79,28.11
33.83,-76.77,28.02
33.83,-76.75,28.03
33.83,-76.73,27.81
33.83,-76.71,27.89
33.83,-76.69,28.17
33.83,-76.67,28.48
33.83,-76.65,28.77
33.83,-76.63,28.89
33.83,-76.61,29.25
33.83,-76.59,29.28
33.83,-76.57,29.33
33.83,-76.55,29.34
33.83,-76.53,29.36
33.83,-76.51,29.33
33.83,-76.49,29.35
33.83,-76.47,29.62
33.83,-76.45,29.64
33.83,-76.43,29.77
33.83,-76.41,29.79
33.83,-76.37,29.73
33.83,-76.35,29.69
33.83,-76.33,29.54
33.83,-75.99,29.44
33.83,-75.97,29.4
33.83,-75.93,29.26
33.83,-75.55,29.1
33.83,-75.21,29.39
33.83,-75.19,29.43
33.83,-75.07,29.38
33.83,-75.05,29.44
33.83,-75.03,29.47
33.83,-75.01,29.43
33.83,-74.93,29.73
33.83,-74.91,29.72
33.83,-74.89,29.63
33.83,-74.87,29.53
33.83,-74.85,29.49
33.83,-74.83,29.3
33.83,-74.81,29.22
33.83,-74.79,29.07
33.83,-74.77,28.49
33.83,-74.75,28.27
33.83,-74.73,28.17
33.83,-74.71,28.12
33.83,-74.69,28.12
33.83,-74.67,28.06
33.83,-74.65,28.05
33.83,-74.63,28.05
33.83,-74.61,28.03
33.83,-74.59,27.95
33.83,-74.57,27.95
33.83,-74.55,27.94
33.83,-74.53,27.94
33.83,-74.51,27.97
33.83,-74.49,27.97
33.83,-74.47,27.95
33.83,-74.45,27.93
33.83,-74.43,27.9
33.83,-74.41,27.9
33.83,-74.39,27.96
33.83,-74.37,27.94
33.83,-74.35,27.93
33.83,-74.33,27.97
33.83,-74.31,28.02
33.83,-74.29,27.99
33.83,-74.27,27.93
33.83,-74.25,27.98
33.83,-74.23,27.92
33.83,-74.21,27.89
33.83,-74.19,27.81
33.83,-74.17,27.78
33.83,-74.15,27.7
33.83,-74.13,27.68
33.83,-74.11,27.64
33.83,-74.09,27.61
33.83,-74.07,27.61
33.83,-74.05,27.6
33.83,-74.03,27.59
33.83,-74.01,27.58
33.83,-73.99,27.59
33.83,-73.97,27.64
33.83,-73.95,27.61
33.83,-73.93,27.59
33.83,-73.91,27.58
33.83,-73.89,27.6
33.83,-73.87,27.55
33.83,-73.85,27.53
33.83,-73.83,27.58
33.83,-73.81,27.6
33.83,-73.73,27.77
33.83,-73.71,27.81
33.83,-73.69,27.88
33.83,-73.67,27.85
33.83,-73.65,27.87
33.83,-73.61,28.0
33.83,-73.59,28.03
33.83,-73.57,28.05
33.83,-73.45,27.5
33.83,-73.43,27.51
33.83,-73.41,27.5
33.83,-73.39,27.49
33.83,-73.37,27.52
33.83,-73.35,27.54
33.83,-73.33,27.56
33.83,-73.31,27.54
33.83,-73.29,27.49
33.83,-73.15,27.54
33.83,-72.95,27.63
33.83,-72.33,27.37
33.83,-72.31,27.4
33.83,-72.29,27.38
33.81,-78.69,27.64
33.81,-78.67,27.67
33.81,-78.65,27.72
33.81,-78.63,27.8
33.81,-78.61,27.69
33.81,-78.59,27.38
33.81,-78.57,27.15
33.81,-78.55,27.22
33.81,-78.53,27.31
33.81,-78.51,27.41
33.81,-78.49,27.49
33.81,-78.47,27.51
33.81,-78.45,27.18
33.81,-78.43,27.22
33.81,-78.41,27.35
33.81,-78.39,27.41
33.81,-78.37,27.48
33.81,-78.35,27.38
33.81,-78.33,27.27
33.81,-78.31,26.83
33.81,-78.29,27.06
33.81,-78.27,27.24
33.81,-78.25,27.26
33.81,-78.23,27.43
33.81,-78.21,27.53
33.81,-78.19,27.52
33.81,-78.17,27.59
33.81,-78.15,27.87
33.81,-78.13,28.02
33.81,-78.11,28.05
33.81,-78.07,29.29
33.81,-78.05,27.78
33.81,-78.03,27.91
33.81,-78.01,27.92
33.81,-77.99,27.69
33.81,-77.97,27.48
33.81,-77.95,27.43
33.81,-77.93,27.4
33.81,-77.91,27.46
33.81,-77.89,27.39
33.81,-77.87,27.09
33.81,-77.85,27.0
33.81,-77.39,26.78
33.81,-77.37,26.76
33.81,-77.35,26.69
33.81,-77.27,26.62
33.81,-77.25,26.63
33.81,-77.19,26.7
33.81,-77.17,26.81
33.81,-77.15,26.96
33.81,-77.13,27.07
33.81,-77.11,27.21
33.81,-77.09,27.23
33.81,-77.07,27.35
33.81,-77.05,27.43
33.81,-77.03,27.59
33.81,-77.01,27.47
33.81,-76.99,27.54
33.81,-76.97,27.69
33.81,-76.95,27.82
33.81,-76.93,28.06
33.81,-76.91,28.18
33.81,-76.89,28.19
33.81,-76.87,28.23
33.81,-76.85,28.25
33.81,-76.83,28.32
33.81,-76.81,28.25
33.81,-76.79,28.19
33.81,-76.77,28.2
33.81,-76.75,28.23
33.81,-76.73,28.13
33.81,-76.71,28.51
33.81,-76.69,28.58
33.81,-76.67,28.72
33.81,-76.65,29.02
33.81,-76.63,29.1
33.81,-76.61,29.21
33.81,-76.59,29.2
33.81,-76.57,29.24
33.81,-76.55,29.16
33.81,-76.53,29.22
33.81,-76.51,29.34
33.81,-76.49,29.59
33.81,-76.47,29.71
33.81,-76.45,29.72
33.81,-76.41,29.81
33.81,-76.23,29.32
33.81,-76.21,29.31
33.81,-75.99,29.32
33.81,-75.97,29.31
33.81,-75.57,29.08
33.81,-75.55,29.11
33.81,-75.53,29.14
33.81,-75.15,29.41
33.81,-75.13,29.39
33.81,-75.05,29.49
33.81,-75.03,29.51
33.81,-74.87,29.52
33.81,-74.85,29.39
33.81,-74.83,29.23
33.81,-74.81,29.07
33.81,-74.79,28.68
33.81,-74.77,28.42
33.81,-74.75,28.21
33.81,-74.73,28.15
33.81,-74.71,28.07
33.81,-74.69,28.08
33.81,-74.67,28.04
33.81,-74.65,28.05
33.81,-74.63,28.02
33.81,-74.61,28.02
33.81,-74.59,27.97
33.81,-74.57,27.94
33.81,-74.55,27.96
33.81,-74.53,27.94
33.81,-74.51,27.91
33.81,-74.49,27.92
33.81,-74.47,27.91
33.81,-74.45,27.95
33.81,-74.43,27.93
33.81,-74.41,27.88
33.81,-74.39,27.93
33.81,-74.37,27.9
33.81,-74.35,27.88
33.81,-74.33,27.94
33.81,-74.31,27.99
33.81,-74.29,27.94
33.81,-74.27,27.91
33.81,-74.25,27.92
33.81,-74.23,27.89
33.81,-74.21,27.91
33.81,-74.19,27.88
33.81,-74.17,27.82
33.81,-74.15,27.74
33.81,-74.13,27.75
33.81,-74.11,27.66
33.81,-74.09,27.65
33.81,-74.07,27.66
33.81,-74.05,27.6
33.81,-74.03,27.57
33.81,-74.01,27.59
33.81,-73.99,27.56
33.81,-73.97,27.61
33.81,-73.95,27.62
33.81,-73.93,27.63
33.81,-73.91,27.62
33.81,-73.89,27.66
33.81,-73.87,27.63
33.81,-73.85,27.63
33.81,-73.83,27.66
33.81,-73.81,27.66
33.81,-73.67,27.85
33.81,-73.65,27.85
33.81,-73.61,28.01
33.81,-73.59,28.03
33.81,-73.57,28.05
33.81,-73.55,28.06
33.81,-73.53,28.02
33.81,-73.45,27.67
33.81,-73.43,27.65
33.81,-73.39,27.55
33.81,-73.37,27.55
33.81,-73.35,27.53
33.81,-73.33,27.53
33.81,-73.31,27.51
33.81,-73.15,27.57
33.81,-72.47,27.54
33.81,-72.35,27.39
33.81,-72.33,27.42
33.81,-72.31,27.42
33.81,-72.29,27.41
33.79,-78.73,28.24
33.79,-78.71,27.39
33.79,-78.69,27.38
33.79,-78.67,27.59
33.79,-78.65,27.58
33.79,-78.63,27.56
33.79,-78.61,27.44
33.79,-78.59,27.34
33.79,-78.57,27.09
33.79,-78.55,27.09
33.79,-78.53,27.2
33.79,-78.51,27.36
33.79,-78.49,27.5
33.79,-78.47,27.44
33.79,-78.45,27.24
33.79,-78.43,27.33
33.79,-78.41,27.41
33.79,-78.39,27.42
33.79,-78.37,27.45
33.79,-78.35,27.22
33.79,-78.33,27.16
33.79,-78.31,27.01
33.79,-78.29,26.91
33.79,-78.27,27.2
33.79,-78.25,27.22
33.79,-78.23,27.27
33.79,-78.21,27.45
33.79,-78.19,27.45
33.79,-78.17,27.51
33.79,-78.15,27.72
33.79,-78.13,27.8
33.79,-78.11,27.89
33.79,-78.09,28.33
33.79,-78.07,28.82
33.79,-78.05,27.41
33.79,-78.03,27.69
33.79,-78.01,27.76
33.79,-77.99,27.78
33.79,-77.97,27.38
33.79,-77.95,27.47
33.79,-77.93,27.38
33.79,-77.91,27.5
33.79,-77.89,27.33
33.79,-77.87,26.97
33.79,-77.85,26.76
33.79,-77.39,26.76
33.79,-77.37,26.73
33.79,-77.27,26.61
33.79,-77.25,26.63
33.79,-77.19,26.72
33.79,-77.17,26.77
33.79,-77.15,26.89
33.79,-77.13,27.06
33.79,-77.11,27.35
33.79,-77.09,27.59
33.79,-77.07,27.69
33.79,-77.05,27.81
33.79,-77.03,27.86
33.79,-77.01,27.86
33.79,-76.99,27.74
33.79,-76.97,27.8
33.79,-76.95,27.9
33.79,-76.93,28.1
33.79,-76.91,28.19
33.79,-76.89,28.22
33.79,-76.87,28.37
33.79,-76.85,28.41
33.79,-76.83,28.43
33.79,-76.81,28.41
33.79,-76.79,28.45
33.79,-76.77,28.6
33.79,-76.75,28.69
33.79,-76.73,28.88
33.79,-76.71,28.93
33.79,-76.69,28.98
33.79,-76.67,29.0
33.79,-76.65,29.09
33.79,-76.63,29.1
33.79,-76.61,29.1
33.79,-76.59,29.18
33.79,-76.57,29.16
33.79,-76.55,29.15
33.79,-76.53,29.28
33.79,-76.51,29.69
33.79,-76.49,29.69
33.79,-76.47,29.77
33.79,-76.23,29.4
33.79,-76.21,29.38
33.79,-76.17,29.94
33.79,-76.01,29.24
33.79,-75.99,29.23
33.79,-75.71,29.12
33.79,-75.59,29.05
33.79,-75.57,29.08
33.79,-75.55,29.14
33.79,-75.53,29.17
33.79,-75.31,29.47
33.79,-75.29,29.46
33.79,-75.21,29.46
33.79,-75.19,29.46
33.79,-75.17,29.4
33.79,-75.15,29.38
33.79,-75.13,29.41
33.79,-74.81,28.57
33.79,-74.79,28.53
33.79,-74.77,28.28
33.79,-74.75,28.18
33.79,-74.73,28.02
33.79,-74.71,28.02
33.79,-74.69,28.05
33.79,-74.67,28.01
33.79,-74.65,28.02
33.79,-74.63,27.96
33.79,-74.61,27.95
33.79,-74.59,27.92
33.79,-74.57,27.96
33.79,-74.55,28.0
33.79,-74.53,27.98
33.79,-74.51,27.9
33.79,-74.49,27.89
33.79,-74.47,27.9
33.79,-74.45,27.9
33.79,-74.43,27.94
33.79,-74.41,27.91
33.79,-74.39,27.9
33.79,-74.37,27.92
33.79,-74.35,27.89
33.79,-74.33,27.91
33.79,-74.31,27.92
33.79,-74.29,27.91
33.79,-74.27,27.89
33.79,-74.25,27.91
33.79,-74.23,27.9
33.79,-74.21,27.89
33.79,-74.19,27.84
33.79,-74.17,27.8
33.79,-74.15,27.76
33.79,-74.13,27.75
33.79,-74.11,27.7
33.79,-74.09,27.69
33.79,-74.07,27.7
33.79,-74.05,27.63
33.79,-74.03,27.61
33.79,-74.01,27.62
33.79,-73.99,27.62
33.79,-73.97,27.59
33.79,-73.95,27.61
33.79,-73.93,27.62
33.79,-73.91,27.63
33.79,-73.89,27.62
33.79,-73.87,27.63
33.79,-73.85,27.64
33.79,-73.83,27.67
33.79,-73.81,27.64
33.79,-73.79,27.62
33.79,-73.63,27.85
33.79,-73.57,28.05
33.79,-73.55,28.08
33.79,-73.53,28.02
33.79,-73.51,27.96
33.79,-73.49,27.94
33.79,-73.45,27.85
33.79,-73.43,27.81
33.79,-73.35,27.64
33.79,-73.33,27.6
33.79,-73.31,27.54
33.79,-73.19,27.55
33.79,-73.17,27.55
33.79,-72.59,27.43
33.79,-72.57,27.46
33.79,-72.37,27.43
33.79,-72.35,27.43
33.79,-72.33,27.46
33.77,-78.75,28.42
33.77,-78.73,28.26
33.77,-78.71,28.17
33.77,-78.61,27.19
33.77,-78.59,27.13
33.77,-78.57,26.98
33.77,-78.55,26.84
33.77,-78.53,27.12
33.77,-78.51,27.45
33.77,-78.49,27.46
33.77,-78.47,27.41
33.77,-78.45,27.15
33.77,-78.43,27.27
33.77,-78.41,27.35
33.77,-78.39,27.43
33.77,-78.33,27.13
33.77,-78.31,27.07
33.77,-78.29,26.93
33.77,-78.27,27.15
33.77,-78.25,27.24
33.77,-78.23,27.19
33.77,-78.21,27.34
33.77,-78.19,27.43
33.77,-78.17,27.44
33.77,-78.15,27.55
33.77,-78.13,27.56
33.77,-78.11,27.62
33.77,-78.09,28.82
33.77,-78.07,28.82
33.77,-78.05,27.31
33.77,-78.03,27.31
33.77,-78.01,27.49
33.77,-77.99,27.58
33.77,-77.97,27.38
33.77,-77.95,27.51
33.77,-77.93,27.57
33.77,-77.91,27.52
33.77,-77.89,27.3
33.77,-77.87,26.91
33.77,-77.85,26.75
33.77,-77.83,27.29
33.77,-77.19,26.76
33.77,-77.17,26.8
33.77,-77.15,26.86
33.77,-77.13,27.06
33.77,-77.11,27.51
33.77,-77.09,27.74
33.77,-77.07,27.96
33.77,-77.05,28.08
33.77,-77.03,28.1
33.77,-77.01,27.93
33.77,-76.99,27.85
33.77,-76.97,27.85
33.77,-76.95,27.96
33.77,-76.93,28.12
33.77,-76.91,28.3
33.77,-76.89,28.4
33.77,-76.87,28.5
33.77,-76.85,28.57
33.77,-76.83,28.61
33.77,-76.81,28.63
33.77,-76.79,28.64
33.77,-76.77,28.7
33.77,-76.75,28.94
33.77,-76.73,29.0
33.77,-76.71,29.04
33.77,-76.69,29.21
33.77,-76.67,29.21
33.77,-76.65,29.25
33.77,-76.63,29.24
33.77,-76.61,29.22
33.77,-76.59,29.16
33.77,-76.57,29.25
33.77,-76.55,29.32
33.77,-76.53,29.65
33.77,-76.51,29.75
33.77,-76.49,29.92
33.77,-76.45,29.88
33.77,-75.73,29.12
33.77,-75.71,29.14
33.77,-75.59,29.05
33.77,-75.57,29.11
33.77,-75.55,29.16
33.77,-75.53,29.15
33.77,-75.51,29.16
33.77,-75.49,29.17
33.77,-75.47,29.21
33.77,-75.45,29.28
33.77,-75.43,29.31
33.77,-75.39,29.5
33.77,-75.37,29.52
33.77,-75.23,29.37
33.77,-75.21,29.41
33.77,-75.19,29.42
33.77,-75.17,29.39
33.77,-75.15,29.4
33.77,-75.13,29.39
33.77,-74.89,29.47
33.77,-74.87,29.41
33.77,-74.83,28.76
33.77,-74.81,28.54
33.77,-74.79,28.41
33.77,-74.77,28.15
33.77,-74.75,28.06
33.77,-74.73,27.99
33.77,-74.71,27.99
33.77,-74.69,28.03
33.77,-74.67,28.03
33.77,-74.65,28.08
33.77,-74.63,28.06
33.77,-74.61,28.02
33.77,-74.59,27.98
33.77,-74.57,27.98
33.77,-74.55,27.98
33.77,-74.53,27.95
33.77,-74.51,27.94
33.77,-74.49,27.95
33.77,-74.47,27.94
33.77,-74.45,27.87
33.77,-74.43,27.86
33.77,-74.41,27.86
33.77,-74.39,27.87
33.77,-74.37,27.88
33.77,-74.35,27.93
33.77,-74.33,27.95
33.77,-74.31,27.9
33.77,-74.29,27.9
33.77,-74.27,27.87
33.77,-74.25,27.9
33.77,-74.23,27.88
33.77,-74.21,27.87
33.77,-74.19,27.87
33.77,-74.17,27.82
33.77,-74.15,27.76
33.77,-74.13,27.74
33.77,-74.11,27.7
33.77,-74.09,27.7
33.77,-74.07,27.7
33.77,-74.05,27.69
33.77,-74.03,27.67
33.77,-74.01,27.62
33.77,-73.99,27.64
33.77,-73.97,27.61
33.77,-73.95,27.6
33.77,-73.93,27.62
33.77,-73.91,27.61
33.77,-73.89,27.61
33.77,-73.87,27.63
33.77,-73.85,27.64
33.77,-73.83,27.64
33.77,-73.81,27.65
33.77,-73.79,27.62
33.77,-73.77,27.62
33.77,-73.55,27.91
33.77,-73.53,27.92
33.77,-73.51,27.94
33.77,-73.49,27.95
33.77,-73.47,27.96
33.77,-73.37,27.9
33.77,-73.35,27.86
33.77,-73.33,27.75
33.77,-72.91,27.56
33.77,-72.89,27.57
33.77,-72.55,27.36
33.77,-72.53,27.35
33.75,-78.79,28.05
33.75,-78.77,28.02
33.75,-78.75,28.03
33.75,-78.73,28.58
33.75,-78.71,28.59
33.75,-78.61,27.16
33.75,-78.59,27.15
33.75,-78.57,26.97
33.75,-78.55,26.96
33.75,-78.53,26.83
33.75,-78.51,27.21
33.75,-78.49,27.39
33.75,-78.47,27.37
33.75,-78.45,27.1
33.75,-78.43,27.07
33.75,-78.41,27.22
33.75,-78.39,27.34
33.75,-78.37,27.42
33.75,-78.33,27.14
33.75,-78.31,27.02
33.75,-78.29,26.9
33.75,-78.27,26.95
33.75,-78.25,27.22
33.75,-78.23,27.2
33.75,-78.21,27.25
33.75,-78.19,27.35
33.75,-78.17,27.3
33.75,-78.15,27.37
33.75,-78.13,27.42
33.75,-78.07,27.72
33.75,-78.05,27.37
33.75,-78.03,27.24
33.75,-78.01,27.38
33.75,-77.99,27.43
33.75,-77.97,27.25
33.75,-77.95,27.46
33.75,-77.93,27.55
33.75,-77.91,27.56
33.75,-77.89,27.3
33.75,-77.87,26.88
33.75,-77.85,26.77
33.75,-77.17,26.89
33.75,-77.15,26.96
33.75,-77.13,27.09
33.75,-77.11,27.38
33.75,-77.09,27.69
33.75,-77.07,27.97
33.75,-77.05,28.07
33.75,-77.03,27.99
33.75,-77.01,27.89
33.75,-76.99,27.86
33.75,-76.97,27.79
33.75,-76.95,28.14
33.75,-76.93,28.38
33.75,-76.91,28.53
33.75,-76.89,28.57
33.75,-76.87,28.59
33.75,-76.85,28.62
33.75,-76.83,28.62
33.75,-76.81,28.6
33.75,-76.79,28.61
33.75,-76.77,28.76
33.75,-76.75,28.9
33.75,-76.73,29.02
33.75,-76.71,29.08
33.75,-76.69,29.24
33.75,-76.67,29.29
33.75,-76.65,29.34
33.75,-76.63,29.36
33.75,-76.61,29.27
33.75,-76.59,29.2
33.75,-76.57,29.49
33.75,-76.55,29.74
33.75,-76.51,29.84
33.75,-76.49,29.95
33.75,-76.47,29.95
33.75,-76.45,29.88
33.75,-75.77,29.2
33.75,-75.75,29.2
33.75,-75.73,29.18
33.75,-75.71,29.17
33.75,-75.69,29.1
33.75,-75.59,29.05
33.75,-75.57,29.08
33.75,-75.55,29.07
33.75,-75.53,29.11
33.75,-75.29,29.47
33.75,-75.27,29.48
33.75,-75.23,29.41
33.75,-75.21,29.39
33.75,-75.19,29.34
33.75,-75.17,29.34
33.75,-75.15,29.37
33.75,-75.13,29.36
33.75,-74.93,29.54
33.75,-74.91,29.5
33.75,-74.89,29.45
33.75,-74.85,29.01
33.75,-74.83,28.85
33.75,-74.81,28.66
33.75,-74.79,28.26
33.75,-74.77,28.07
33.75,-74.75,28.0
33.75,-74.73,27.93
33.75,-74.71,27.98
33.75,-74.69,28.03
33.75,-74.67,28.04
33.75,-74.65,28.01
33.75,-74.63,27.98
33.75,-74.61,27.96
33.75,-74.59,27.94
33.75,-74.57,27.98
33.75,-74.55,27.95
33.75,-74.53,27.94
33.75,-74.51,27.95
33.75,-74.49,27.97
33.75,-74.47,27.97
33.75,-74.45,27.89
33.75,-74.43,27.84
33.75,-74.41,27.83
33.75,-74.39,27.87
33.75,-74.37,27.86
33.75,-74.35,27.86
33.75,-74.33,27.94
33.75,-74.31,27.95
33.75,-74.29,27.9
33.75,-74.27,27.87
33.75,-74.25,27.88
33.75,-74.23,27.84
33.75,-74.21,27.87
33.75,-74.19,27.86
33.75,-74.17,27.82
33.75,-74.15,27.82
33.75,-74.13,27.8
33.75,-74.11,27.76
33.75,-74.09,27.7
33.75,-74.07,27.71
33.75,-74.05,27.74
33.75,-74.03,27.72
33.75,-74.01,27.62
33.75,-73.99,27.65
33.75,-73.97,27.65
33.75,-73.95,27.63
33.75,-73.93,27.61
33.75,-73.91,27.6
33.75,-73.89,27.61
33.75,-73.87,27.61
33.75,-73.85,27.61
33.75,-73.83,27.62
33.75,-73.81,27.64
33.75,-73.79,27.64
33.75,-73.77,27.61
33.75,-73.75,27.6
33.75,-73.55,27.76
33.75,-73.53,27.77
33.75,-73.51,27.78
33.75,-73.49,27.86
33.75,-73.47,27.92
33.75,-73.45,27.95
33.75,-73.43,27.91
33.75,-73.41,27.94
33.75,-73.39,27.95
33.75,-73.37,27.97
33.75,-73.35,27.93
33.75,-73.19,27.86
33.75,-72.91,27.49
33.75,-72.89,27.51
33.73,-78.81,27.99
33.73,-78.79,28.04
33.73,-78.77,27.96
33.73,-78.75,27.94
33.73,-78.73,28.59
33.73,-78.71,28.72
33.73,-78.69,28.6
33.73,-78.59,27.11
33.73,-78.57,26.8
33.73,-78.55,26.88
33.73,-78.53,26.76
33.73,-78.51,26.59
33.73,-78.49,27.05
33.73,-78.47,27.18
33.73,-78.45,27.08
33.73,-78.43,26.95
33.73,-78.41,27.04
33.73,-78.39,27.27
33.73,-78.37,27.43
33.73,-78.35,27.36
33.73,-78.33,27.28
33.73,-78.31,26.98
33.73,-78.29,26.84
33.73,-78.27,26.91
33.73,-78.25,27.13
33.73,-78.23,27.25
33.73,-78.21,27.23
33.73,-78.19,27.19
33.73,-78.17,27.21
33.73,-78.15,27.26
33.73,-78.13,27.47
33.73,-78.11,27.72
33.73,-78.09,28.69
33.73,-78.07,27.97
33.73,-78.05,27.39
33.73,-78.03,27.32
33.73,-78.01,27.36
33.73,-77.99,27.39
33.73,-77.97,27.28
33.73,-77.95,27.37
33.73,-77.93,27.36
33.73,-77.91,27.22
33.73,-77.89,27.09
33.73,-77.87,26.91
33.73,-77.17,26.91
33.73,-77.15,26.89
33.73,-77.13,27.01
33.73,-77.11,27.36
33.73,-77.09,27.56
33.73,-77.07,27.79
33.73,-77.05,27.98
33.73,-77.03,28.01
33.73,-77.01,27.93
33.73,-76.99,27.83
33.73,-76.97,28.33
33.73,-76.95,28.51
33.73,-76.93,28.57
33.73,-76.91,28.67
33.73,-76.89,28.76
33.73,-76.87,28.77
33.73,-76.85,28.74
33.73,-76.83,28.73
33.73,-76.81,28.8
33.73,-76.79,28.9
33.73,-76.77,28.93
33.73,-76.75,28.93
33.73,-76.73,28.93
33.73,-76.71,29.01
33.73,-76.69,29.1
33.73,-76.67,29.15
33.73,-76.65,29.18
33.73,-76.63,29.22
33.73,-76.61,29.24
33.73,-76.59,29.53
33.73,-76.57,29.63
33.73,-76.55,29.77
33.73,-76.53,29.88
33.73,-76.49,29.94
33.73,-76.37,29.6
33.73,-76.03,29.25
33.73,-76.01,29.28
33.73,-75.99,29.25
33.73,-75.77,29.18
33.73,-75.75,29.2
33.73,-75.73,29.18
33.73,-75.71,29.12
33.73,-75.69,29.04
33.73,-75.49,29.23
33.73,-75.47,29.25
33.73,-75.41,29.4
33.73,-75.39,29.4
33.73,-75.27,29.52
33.73,-75.25,29.51
33.73,-75.19,29.39
33.73,-75.17,29.46
33.73,-75.07,29.66
33.73,-75.01,29.7
33.73,-74.99,29.67
33.73,-74.95,29.59
33.73,-74.93,29.52
33.73,-74.91,29.47
33.73,-74.77,28.04
33.73,-74.75,28.01
33.73,-74.73,27.96
33.73,-74.71,27.97
33.73,-74.69,28.0
33.73,-74.67,27.97
33.73,-74.65,27.94
33.73,-74.63,27.93
33.73,-74.61,27.95
33.73,-74.59,27.95
33.73,-74.57,27.98
33.73,-74.55,27.95
33.73,-74.53,27.99
33.73,-74.51,27.96
33.73,-74.49,27.99
33.73,-74.47,27.97
33.73,-74.45,27.91
33.73,-74.43,27.85
33.73,-74.41,27.81
33.73,-74.39,27.82
33.73,-74.37,27.87
33.73,-74.35,27.89
33.73,-74.33,27.88
33.73,-74.31,27.91
33.73,-74.29,27.94
33.73,-74.27,27.9
33.73,-74.25,27.89
33.73,-74.23,27.86
33.73,-74.21,27.84
33.73,-74.19,27.82
33.73,-74.17,27.82
33.73,-74.15,27.83
33.73,-74.13,27.81
33.73,-74.11,27.78
33.73,-74.09,27.75
33.73,-74.07,27.75
33.73,-74.05,27.79
33.73,-74.03,27.78
33.73,-74.01,27.75
33.73,-73.99,27.71
33.73,-73.97,27.72
33.73,-73.95,27.67
33.73,-73.93,27.6
33.73,-73.91,27.61
33.73,-73.89,27.61
33.73,-73.87,27.61
33.73,-73.85,27.6
33.73,-73.83,27.61
33.73,-73.81,27.61
33.73,-73.79,27.63
33.73,-73.77,27.61
33.73,-73.75,27.65
33.73,-73.73,27.63
33.73,-73.71,27.64
33.73,-73.69,27.67
33.73,-73.47,27.87
33.73,-73.45,27.75
33.73,-73.43,27.82
33.73,-73.41,27.86
33.73,-73.39,27.74
33.73,-73.37,27.93
33.73,-73.19,27.89
33.73,-72.93,27.44
33.73,-72.91,27.46
33.71,-78.75,27.79
33.71,-78.73,27.86
33.71,-78.71,28.51
33.71,-78.69,28.65
33.71,-78.67,27.88
33.71,-78.65,27.19
33.71,-78.59,27.14
33.71,-78.57,27.11
33.71,-78.55,26.8
33.71,-78.53,26.72
33.71,-78.51,26.57
33.71,-78.49,26.73
33.71,-78.47,26.92
33.71,-78.45,26.92
33.71,-78.43,26.84
33.71,-78.41,26.9
33.71,-78.39,27.12
33.71,-78.37,27.28
33.71,-78.35,27.22
33.71,-78.33,27.12
33.71,-78.31,27.03
33.71,-78.29,26.78
33.71,-78.27,26.87
33.71,-78.25,27.13
33.71,-78.23,27.19
33.71,-78.21,27.16
33.71,-78.19,27.08
33.71,-78.17,27.18
33.71,-78.15,27.21
33.71,-78.13,27.34
33.71,-78.11,27.79
33.71,-78.09,28.5
33.71,-78.07,27.51
33.71,-78.05,27.48
33.71,-78.03,27.37
33.71,-78.01,27.38
33.71,-77.99,27.34
33.71,-77.97,27.26
33.71,-77.95,27.3
33.71,-77.93,27.22
33.71,-77.91,27.05
33.71,-77.89,26.99
33.71,-77.87,26.9
33.71,-77.15,26.88
33.71,-77.13,27.03
33.71,-77.11,27.3
33.71,-77.09,27.56
33.71,-77.07,27.75
33.71,-77.05,28.02
33.71,-77.03,28.16
33.71,-77.01,28.26
33.71,-76.99,28.22
33.71,-76.97,28.42
33.71,-76.95,28.56
33.71,-76.93,28.6
33.71,-76.91,28.74
33.71,-76.89,28.86
33.71,-76.87,28.88
33.71,-76.85,28.85
33.71,-76.83,28.84
33.71,-76.81,28.93
33.71,-76.79,28.98
33.71,-76.77,28.95
33.71,-76.75,28.95
33.71,-76.73,28.94
33.71,-76.71,28.98
33.71,-76.69,29.07
33.71,-76.67,28.98
33.71,-76.65,28.97
33.71,-76.63,29.02
33.71,-76.61,29.15
33.71,-76.59,29.49
33.71,-76.57,29.54
33.71,-76.53,29.8
33.71,-76.05,29.3
33.71,-76.03,29.29
33.71,-76.01,29.29
33.71,-75.99,29.26
33.71,-75.77,29.15
33.71,-75.75,29.12
33.71,-75.73,29.11
33.71,-75.53,29.13
33.71,-75.51,29.16
33.71,-75.49,29.23
33.71,-75.47,29.28
33.71,-75.35,29.54
33.71,-75.33,29.49
33.71,-75.31,29.5
33.71,-75.29,29.53
33.71,-75.27,29.55
33.71,-75.25,29.51
33.71,-75.11,29.53
33.71,-75.09,29.56
33.71,-75.07,29.63
33.71,-75.01,29.57
33.71,-74.99,29.62
33.71,-74.97,29.49
33.71,-74.95,29.47
33.71,-74.93,29.44
33.71,-74.91,29.38
33.71,-74.85,28.58
33.71,-74.83,28.46
33.71,-74.71,28.04
33.71,-74.69,28.05
33.71,-74.67,28.01
33.71,-74.65,28.01
33.71,-74.63,27.96
33.71,-74.61,27.96
33.71,-74.59,27.97
33.71,-74.57,27.99
33.71,-74.55,28.0
33.71,-74.53,28.01
33.71,-74.51,28.0
33.71,-74.49,27.98
33.71,-74.47,28.0
33.71,-74.45,27.92
33.71,-74.43,27.8
33.71,-74.41,27.79
33.71,-74.39,27.84
33.71,-74.37,27.86
33.71,-74.35,27.84
33.71,-74.33,27.88
33.71,-74.31,27.88
33.71,-74.29,27.93
33.71,-74.27,27.92
33.71,-74.25,27.89
33.71,-74.23,27.89
33.71,-74.21,27.88
33.71,-74.19,27.83
33.71,-74.17,27.86
33.71,-74.15,27.85
33.71,-74.13,27.84
33.71,-74.11,27.83
33.71,-74.09,27.78
33.71,-74.07,27.79
33.71,-74.05,27.84
33.71,-74.03,27.78
33.71,-74.01,27.76
33.71,-73.99,27.81
33.71,-73.97,27.82
33.71,-73.95,27.8
33.71,-73.93,27.68
33.71,-73.91,27.63
33.71,-73.89,27.64
33.71,-73.87,27.62
33.71,-73.85,27.61
33.71,-73.83,27.6
33.71,-73.81,27.61
33.71,-73.79,27.62
33.71,-73.77,27.61
33.71,-73.75,27.61
33.71,-73.73,27.64
33.71,-73.71,27.65
33.71,-73.69,27.67
33.71,-73.67,27.62
33.71,-73.49,27.6
33.71,-73.47,27.63
33.71,-73.45,27.67
33.71,-73.43,27.72
33.71,-73.41,27.76
33.71,-73.39,27.74
33.71,-73.37,27.72
33.71,-73.35,27.76
33.71,-73.33,27.8
33.71,-73.31,27.82
33.71,-73.21,27.78
33.71,-72.47,27.59
