lat,lon,sst
35.25,-76.47,28.1
35.23,-76.53,28.15
35.23,-76.49,28.13
35.23,-76.47,27.99
35.23,-76.45,28.03
35.23,-76.43,27.99
35.23,-76.41,28.03
35.21,-76.53,28.18
35.21,-76.51,28.19
35.21,-76.49,28.08
35.21,-76.47,28.01
35.21,-76.45,28.02
35.21,-76.43,28.01
35.21,-76.41,28.11
35.21,-76.39,28.15
35.21,-76.37,28.14
35.21,-76.35,28.45
35.21,-76.33,28.45
35.19,-76.59,28.59
35.19,-76.57,28.56
35.19,-76.55,28.52
35.19,-76.51,28.24
35.19,-76.49,28.03
35.19,-76.47,28.02
35.19,-76.45,28.03
35.19,-76.43,28.04
35.19,-76.41,28.13
35.19,-76.39,28.14
35.19,-76.37,28.14
35.19,-76.35,28.38
35.19,-76.33,28.37
35.19,-76.31,28.38
35.19,-76.29,28.39
35.19,-76.27,28.4
35.17,-76.63,28.51
35.17,-76.61,28.57
35.17,-76.59,28.64
35.17,-76.55,28.48
35.17,-76.53,28.5
35.17,-76.51,28.45
35.17,-76.49,28.16
35.17,-76.47,28.08
35.17,-76.45,28.08
35.17,-76.43,28.11
35.17,-76.41,28.14
35.17,-76.39,28.11
35.17,-76.37,28.12
35.17,-76.35,28.39
35.17,-76.33,28.37
35.17,-76.31,28.36
35.17,-76.29,28.38
35.17,-76.27,28.35
35.17,-76.25,28.32
35.17,-76.23,28.47
35.17,-76.21,28.46
35.17,-76.19,28.47
35.15,-76.53,28.47
35.15,-76.51,28.32
35.15,-76.49,28.14
35.15,-76.47,28.14
35.15,-76.45,28.14
35.15,-76.43,28.25
35.15,-76.41,28.18
35.15,-76.39,28.07
35.15,-76.37,28.17
35.15,-76.35,28.32
35.15,-76.33,28.32
35.15,-76.31,28.32
35.15,-76.29,28.36
35.15,-76.27,28.33
35.15,-76.25,28.35
35.15,-76.23,28.47
35.15,-76.21,28.46
35.15,-76.19,28.47
35.15,-76.17,28.46
35.15,-76.15,28.49
35.15,-76.13,28.63
35.15,-76.11,28.69
35.13,-76.55,28.34
35.13,-76.51,28.41
35.13,-76.49,28.6
35.13,-76.47,28.62
35.13,-76.45,28.37
35.13,-76.43,28.34
35.13,-76.41,28.26
35.13,-76.39,28.08
35.13,-76.37,28.11
35.13,-76.35,28.12
35.13,-76.33,28.26
35.13,-76.31,28.32
35.13,-76.29,28.34
35.13,-76.27,28.34
35.13,-76.25,28.4
35.13,-76.23,28.47
35.13,-76.21,28.47
35.13,-76.19,28.47
35.13,-76.17,28.45
35.13,-76.15,28.51
35.13,-76.13,28.56
35.13,-76.11,28.57
35.13,-76.09,28.59
35.13,-76.07,28.49
35.13,-76.05,27.92
35.11,-76.55,28.4
35.11,-76.53,28.33
35.11,-76.51,28.39
35.11,-76.49,28.35
35.11,-76.47,28.5
35.11,-76.45,28.43
35.11,-76.43,28.35
35.11,-76.41,28.29
35.11,-76.39,28.16
35.11,-76.37,28.17
35.11,-76.35,28.28
35.11,-76.33,28.43
35.11,-76.31,28.37
35.11,-76.29,28.39
35.11,-76.27,28.39
35.11,-76.25,28.5
35.11,-76.23,28.58
35.11,-76.21,28.49
35.11,-76.19,28.48
35.11,-76.17,28.47
35.11,-76.15,28.52
35.11,-76.13,28.55
35.11,-76.11,28.56
35.11,-76.09,28.53
35.11,-76.07,27.91
35.11,-76.05,27.77
35.11,-76.03,26.9
35.11,-76.01,26.89
35.09,-76.59,28.23
35.09,-76.57,28.39
35.09,-76.55,28.48
35.09,-76.53,28.33
35.09,-76.51,28.39
35.09,-76.49,28.44
35.09,-76.47,28.46
35.09,-76.45,28.5
35.09,-76.43,28.45
35.09,-76.41,28.38
35.09,-76.39,28.37
35.09,-76.37,28.44
35.09,-76.35,28.47
35.09,-76.33,28.48
35.09,-76.31,28.46
35.09,-76.29,28.45
35.09,-76.27,28.49
35.09,-76.25,28.53
35.09,-76.23,28.51
35.09,-76.21,28.48
35.09,-76.19,28.51
35.09,-76.17,28.52
35.09,-76.15,28.53
35.09,-76.13,28.55
35.09,-76.11,28.55
35.09,-76.09,28.44
35.09,-76.07,27.9
35.09,-76.05,27.71
35.09,-76.03,26.9
35.09,-76.01,26.87
35.09,-75.97,26.67
35.09,-75.95,26.81
35.09,-75.93,27.22
35.09,-75.91,27.41
35.07,-76.59,28.42
35.07,-76.57,28.48
35.07,-76.55,28.43
35.07,-76.53,28.31
35.07,-76.51,28.71
35.07,-76.49,28.71
35.07,-76.45,28.35
35.07,-76.43,28.29
35.07,-76.41,28.45
35.07,-76.39,28.5
35.07,-76.37,28.5
35.07,-76.35,28.41
35.07,-76.33,28.39
35.07,-76.31,28.43
35.07,-76.29,28.52
35.07,-76.27,28.42
35.07,-76.25,28.28
35.07,-76.23,28.51
35.07,-76.21,28.5
35.07,-76.19,28.65
35.07,-76.17,28.59
35.07,-76.15,28.58
35.07,-76.13,28.46
35.07,-76.11,28.47
35.07,-76.09,28.28
35.07,-76.05,27.18
35.07,-76.03,26.89
35.07,-75.99,26.52
35.07,-75.97,26.69
35.07,-75.95,27.04
35.07,-75.93,27.27
35.07,-75.91,27.43
35.07,-75.89,27.51
35.07,-75.87,27.58
35.07,-75.85,27.87
35.05,-76.99,28.08
35.05,-76.97,28.1
35.05,-76.95,28.3
35.05,-76.63,28.41
35.05,-76.61,28.52
35.05,-76.59,28.61
35.05,-76.57,28.6
35.05,-76.55,28.6
35.05,-76.53,28.74
35.05,-76.51,28.85
35.05,-76.49,28.66
35.05,-76.47,28.65
35.05,-76.43,28.5
35.05,-76.41,28.53
35.05,-76.39,28.53
35.05,-76.37,28.41
35.05,-76.35,28.43
35.05,-76.33,28.38
35.05,-76.31,28.36
35.05,-76.29,28.31
35.05,-76.27,28.38
35.05,-76.25,28.36
35.05,-76.23,28.55
35.05,-76.21,28.56
35.05,-76.19,28.61
35.05,-76.17,28.58
35.05,-76.15,28.61
35.05,-76.13,28.59
35.05,-76.11,28.57
35.05,-76.09,28.34
35.05,-76.05,26.74
35.05,-76.03,26.71
35.05,-76.01,26.56
35.05,-75.99,26.62
35.05,-75.97,26.83
35.05,-75.95,27.07
35.05,-75.93,27.3
35.05,-75.91,27.46
35.05,-75.89,27.54
35.05,-75.87,27.6
35.05,-75.85,27.81
35.05,-75.83,27.8
35.05,-75.81,27.76
35.05,-75.79,27.75
35.05,-75.77,27.67
35.03,-76.97,28.33
35.03,-76.95,28.33
35.03,-76.93,28.17
35.03,-76.67,28.73
35.03,-76.65,28.7
35.03,-76.63,28.59
35.03,-76.61,28.68
35.03,-76.59,28.67
35.03,-76.57,28.56
35.03,-76.55,28.58
35.03,-76.53,28.66
35.03,-76.51,28.62
35.03,-76.41,28.52
35.03,-76.39,28.54
35.03,-76.37,28.39
35.03,-76.35,28.32
35.03,-76.33,28.36
35.03,-76.31,28.35
35.03,-76.29,28.32
35.03,-76.27,28.41
35.03,-76.25,28.49
35.03,-76.23,28.57
35.03,-76.21,28.61
35.03,-76.19,28.54
35.03,-76.17,28.59
35.03,-76.15,28.65
35.03,-76.13,28.59
35.03,-76.11,28.39
35.03,-76.05,26.93
35.03,-76.03,26.77
35.03,-76.01,26.82
35.03,-75.99,26.9
35.03,-75.97,26.97
35.03,-75.95,27.16
35.03,-75.93,27.43
35.03,-75.91,27.53
35.03,-75.89,27.59
35.03,-75.87,27.66
35.03,-75.85,27.79
35.03,-75.83,27.8
35.03,-75.81,27.76
35.03,-75.79,27.76
35.03,-75.77,27.9
35.03,-75.75,28.07
35.03,-75.73,28.32
35.03,-75.71,28.53
35.03,-75.69,28.51
35.01,-76.97,28.34
35.01,-76.95,28.27
35.01,-76.93,28.22
35.01,-76.91,28.3
35.01,-76.89,28.4
35.01,-76.69,28.7
35.01,-76.67,28.78
35.01,-76.65,28.82
35.01,-76.63,28.76
35.01,-76.61,28.64
35.01,-76.59,28.6
35.01,-76.57,28.54
35.01,-76.55,28.46
35.01,-76.53,28.51
35.01,-76.51,28.55
35.01,-76.43,28.43
35.01,-76.41,28.45
35.01,-76.39,28.51
35.01,-76.37,28.53
35.01,-76.35,28.34
35.01,-76.27,28.43
35.01,-76.25,28.53
35.01,-76.23,28.47
35.01,-76.21,28.41
35.01,-76.19,28.53
35.01,-76.17,28.57
35.01,-76.15,28.5
35.01,-76.13,28.39
35.01,-76.07,27.08
35.01,-76.05,27.06
35.01,-76.03,26.99
35.01,-76.01,26.95
35.01,-75.99,27.14
35.01,-75.97,27.23
35.01,-75.95,27.39
35.01,-75.93,27.59
35.01,-75.91,27.6
35.01,-75.89,27.64
35.01,-75.87,27.72
35.01,-75.85,27.8
35.01,-75.83,27.8
35.01,-75.81,27.79
35.01,-75.79,27.77
35.01,-75.77,27.93
35.01,-75.75,28.12
35.01,-75.73,28.35
35.01,-75.71,28.53
35.01,-75.69,28.49
35.01,-75.67,28.66
35.01,-75.65,28.89
35.01,-75.63,28.92
34.99,-76.95,28.32
34.99,-76.93,28.44
34.99,-76.91,28.45
34.99,-76.89,28.37
34.99,-76.87,28.33
34.99,-76.85,28.36
34.99,-76.75,28.59
34.99,-76.73,28.63
34.99,-76.71,28.8
34.99,-76.69,28.83
34.99,-76.67,28.93
34.99,-76.65,28.91
34.99,-76.63,28.78
34.99,-76.61,28.65
34.99,-76.59,28.51
34.99,-76.49,28.41
34.99,-76.41,28.38
34.99,-76.39,28.53
34.99,-76.37,28.62
34.99,-76.35,28.61
34.99,-76.29,27.94
34.99,-76.27,28.3
34.99,-76.23,28.51
34.99,-76.21,28.67
34.99,-76.19,28.68
34.99,-76.17,28.55
34.99,-76.15,28.33
34.99,-76.09,27.15
34.99,-76.07,27.22
34.99,-76.05,27.24
34.99,-76.03,27.24
34.99,-76.01,27.32
34.99,-75.99,27.38
34.99,-75.97,27.51
34.99,-75.95,27.55
34.99,-75.93,27.62
34.99,-75.91,27.67
34.99,-75.89,27.76
34.99,-75.87,27.76
34.99,-75.85,27.77
34.99,-75.83,27.77
34.99,-75.81,27.91
34.99,-75.79,27.8
34.99,-75.77,27.97
34.99,-75.75,28.14
34.99,-75.73,28.48
34.99,-75.71,28.52
34.99,-75.69,28.51
34.99,-75.67,28.7
34.99,-75.65,28.89
34.99,-75.63,28.92
34.99,-75.61,28.92
34.99,-75.59,29.03
34.99,-75.57,29.01
34.99,-75.55,28.95
34.97,-76.91,28.33
34.97,-76.89,28.34
34.97,-76.87,28.36
34.97,-76.85,28.41
34.97,-76.83,28.41
34.97,-76.79,28.66
34.97,-76.77,28.65
34.97,-76.75,28.65
34.97,-76.73,28.86
34.97,-76.71,28.87
34.97,-76.69,28.87
34.97,-76.43,28.49
34.97,-76.41,28.49
34.97,-76.39,28.55
34.97,-76.33,28.25
34.97,-76.27,28.6
34.97,-76.25,28.53
34.97,-76.23,28.74
34.97,-76.21,28.8
34.97,-76.19,28.36
34.97,-76.11,27.17
34.97,-76.09,27.23
34.97,-76.07,27.24
34.97,-76.05,27.28
34.97,-76.03,27.32
34.97,-76.01,27.4
34.97,-75.99,27.42
34.97,-75.97,27.51
34.97,-75.95,27.56
34.97,-75.93,27.61
34.97,-75.91,27.75
34.97,-75.89,27.74
34.97,-75.87,27.8
34.97,-75.85,27.83
34.97,-75.83,27.9
34.97,-75.81,27.99
34.97,-75.79,27.9
34.97,-75.77,28.0
34.97,-75.75,28.09
34.97,-75.73,28.44
34.97,-75.71,28.53
34.97,-75.69,28.65
34.97,-75.67,28.75
34.97,-75.65,28.9
34.97,-75.63,28.92
34.97,-75.61,28.97
34.97,-75.59,29.02
34.97,-75.57,29.03
34.97,-75.55,29.36
34.97,-75.53,29.4
34.97,-75.51,29.58
34.97,-75.49,29.6
34.95,-76.89,28.39
34.95,-76.87,28.41
34.95,-76.85,28.51
34.95,-76.83,28.54
34.95,-76.81,28.61
34.95,-76.79,28.71
34.95,-76.77,28.82
34.95,-76.75,28.82
34.95,-76.73,28.98
34.95,-76.45,28.54
34.95,-76.43,28.48
34.95,-76.27,28.71
34.95,-76.25,28.71
34.95,-76.23,28.61
34.95,-76.21,28.65
34.95,-76.19,28.08
34.95,-76.13,27.08
34.95,-76.11,27.17
34.95,-76.09,27.18
34.95,-76.07,27.14
34.95,-76.05,27.22
34.95,-76.03,27.42
34.95,-76.01,27.42
34.95,-75.99,27.43
34.95,-75.97,27.47
34.95,-75.95,27.5
34.95,-75.93,27.58
34.95,-75.91,27.86
34.95,-75.89,27.86
34.95,-75.87,27.83
34.95,-75.85,27.83
34.95,-75.83,27.95
34.95,-75.81,27.98
34.95,-75.79,28.03
34.95,-75.77,28.02
34.95,-75.75,28.03
34.95,-75.73,28.34
34.95,-75.71,28.55
34.95,-75.69,28.83
34.95,-75.67,28.86
34.95,-75.65,28.91
34.95,-75.63,28.93
34.95,-75.61,28.99
34.95,-75.59,29.02
34.95,-75.57,29.06
34.95,-75.55,29.38
34.95,-75.53,29.53
34.95,-75.51,29.62
34.95,-75.49,29.76
34.95,-75.47,29.76
34.95,-75.45,29.66
34.95,-75.43,29.66
34.95,-75.41,29.58
34.93,-76.77,28.85
34.93,-76.75,28.82
34.93,-76.73,28.86
34.93,-76.33,27.74
34.93,-76.29,28.54
34.93,-76.27,28.66
34.93,-76.25,28.66
34.93,-76.23,28.62
34.93,-76.11,27.05
34.93,-76.09,27.12
34.93,-76.07,27.51
34.93,-76.05,27.53
34.93,-76.03,27.45
34.93,-76.01,27.38
34.93,-75.99,27.37
34.93,-75.97,27.41
34.93,-75.95,27.49
34.93,-75.93,27.51
34.93,-75.91,27.81
34.93,-75.89,27.96
34.93,-75.87,27.93
34.93,-75.85,28.08
34.93,-75.83,28.14
34.93,-75.81,28.17
34.93,-75.79,28.13
34.93,-75.77,28.09
34.93,-75.75,28.04
34.93,-75.73,28.38
34.93,-75.71,28.64
34.93,-75.69,28.85
34.93,-75.67,28.88
34.93,-75.65,28.87
34.93,-75.63,28.87
34.93,-75.61,28.99
34.93,-75.59,29.06
34.93,-75.57,29.09
34.93,-75.55,29.4
34.93,-75.53,29.56
34.93,-75.51,29.65
34.93,-75.49,29.75
34.93,-75.47,29.74
34.93,-75.45,29.67
34.93,-75.43,29.6
34.93,-75.41,29.55
34.93,-75.39,29.37
34.93,-75.37,29.32
34.93,-75.35,29.33
34.91,-76.33,27.92
34.91,-76.31,28.14
34.91,-76.29,28.49
34.91,-76.27,28.65
34.91,-76.25,28.47
34.91,-76.17,27.26
34.91,-76.15,27.24
34.91,-76.13,27.4
34.91,-76.11,27.48
34.91,-76.09,27.62
34.91,-76.07,27.62
34.91,-76.05,27.65
34.91,-76.03,27.49
34.91,-76.01,27.38
34.91,-75.99,27.49
34.91,-75.97,27.52
34.91,-75.95,27.62
34.91,-75.93,27.55
34.91,-75.91,27.75
34.91,-75.89,28.0
34.91,-75.87,28.32
34.91,-75.85,28.33
34.91,-75.83,28.25
34.91,-75.81,28.35
34.91,-75.79,28.21
34.91,-75.77,28.11
34.91,-75.75,28.13
34.91,-75.73,28.47
34.91,-75.71,28.73
34.91,-75.69,28.8
34.91,-75.67,28.82
34.91,-75.65,28.86
34.91,-75.63,28.88
34.91,-75.61,29.05
34.91,-75.59,29.17
34.91,-75.57,29.72
34.91,-75.55,29.7
34.91,-75.53,29.66
34.91,-75.51,29.67
34.91,-75.49,29.72
34.91,-75.47,29.72
34.91,-75.45,29.67
34.91,-75.43,29.56
34.91,-75.41,29.53
34.91,-75.39,29.34
34.91,-75.37,29.32
34.91,-75.35,29.27
34.91,-75.33,29.22
34.91,-75.31,29.04
34.91,-75.29,29.07
34.89,-76.31,28.11
34.89,-76.29,28.26
34.89,-76.21,27.21
34.89,-76.19,27.25
34.89,-76.17,27.27
34.89,-76.15,27.42
34.89,-76.13,27.54
34.89,-76.11,27.58
34.89,-76.09,27.63
34.89,-76.07,27.69
34.89,-76.05,27.68
34.89,-76.03,27.54
34.89,-76.01,27.55
34.89,-75.99,27.52
34.89,-75.97,27.56
34.89,-75.95,27.67
34.89,-75.93,27.69
34.89,-75.91,27.81
34.89,-75.89,28.02
34.89,-75.87,28.48
34.89,-75.85,28.52
34.89,-75.83,28.35
34.89,-75.81,28.49
34.89,-75.79,28.44
34.89,-75.77,28.3
34.89,-75.75,28.26
34.89,-75.73,28.49
34.89,-75.71,28.66
34.89,-75.69,28.69
34.89,-75.67,28.77
34.89,-75.65,28.9
34.89,-75.63,28.98
34.89,-75.61,29.15
34.89,-75.59,29.81
34.89,-75.57,29.87
34.89,-75.55,29.67
34.89,-75.53,29.69
34.89,-75.51,29.69
34.89,-75.49,29.77
34.89,-75.47,29.72
34.89,-75.45,29.66
34.89,-75.43,29.49
34.89,-75.41,29.46
34.89,-75.39,29.33
34.89,-75.37,29.29
34.89,-75.35,29.25
34.89,-75.33,29.21
34.89,-75.31,29.05
34.89,-75.29,29.11
34.89,-75.27,29.15
34.89,-75.25,29.16
34.89,-75.23,29.19
34.89,-75.21,29.23
34.87,-76.41,28.35
34.87,-76.37,28.25
34.87,-76.35,27.85
34.87,-76.33,27.15
34.87,-76.31,27.58
34.87,-76.29,27.17
34.87,-76.27,27.11
34.87,-76.25,27.15
34.87,-76.23,27.36
34.87,-76.21,27.33
34.87,-76.19,27.26
34.87,-76.17,27.41
34.87,-76.15,27.45
34.87,-76.13,27.6
34.87,-76.11,27.62
34.87,-76.09,27.63
34.87,-76.07,27.65
34.87,-76.05,27.69
34.87,-76.03,27.7
34.87,-76.01,27.58
34.87,-75.99,27.57
34.87,-75.97,27.6
34.87,-75.95,27.6
34.87,-75.93,27.66
34.87,-75.91,27.85
34.87,-75.89,28.18
34.87,-75.87,28.51
34.87,-75.85,28.71
34.87,-75.83,28.62
34.87,-75.81,28.59
34.87,-75.79,28.56
34.87,-75.77,28.48
34.87,-75.75,28.46
34.87,-75.73,28.48
34.87,-75.71,28.62
34.87,-75.69,28.66
34.87,-75.67,28.72
34.87,-75.65,28.85
34.87,-75.63,29.12
34.87,-75.61,29.39
34.87,-75.59,29.76
34.87,-75.57,29.72
34.87,-75.55,29.74
34.87,-75.53,29.77
34.87,-75.51,29.72
34.87,-75.49,29.71
34.87,-75.47,29.61
34.87,-75.45,29.52
34.87,-75.43,29.46
34.87,-75.41,29.38
34.87,-75.39,29.25
34.87,-75.37,29.26
34.87,-75.35,29.21
34.87,-75.33,29.08
34.87,-75.31,29.09
34.87,-75.29,29.13
34.87,-75.27,29.13
34.87,-75.25,29.15
34.87,-75.23,29.19
34.87,-75.21,29.14
34.87,-75.19,29.07
34.87,-75.17,28.94
34.87,-75.15,29.03
34.87,-75.13,29.06
34.85,-76.41,28.51
34.85,-76.39,28.51
34.85,-76.37,28.47
34.85,-76.35,28.13
34.85,-76.33,27.25
34.85,-76.31,27.22
34.85,-76.29,27.19
34.85,-76.27,27.23
34.85,-76.25,27.39
34.85,-76.23,27.61
34.85,-76.21,27.64
34.85,-76.19,27.64
34.85,-76.17,27.62
34.85,-76.15,27.51
34.85,-76.13,27.5
34.85,-76.11,27.61
34.85,-76.09,27.67
34.85,-76.07,27.69
34.85,-76.05,27.77
34.85,-76.03,27.81
34.85,-76.01,27.79
34.85,-75.99,27.66
34.85,-75.97,27.63
34.85,-75.95,27.66
34.85,-75.93,27.75
34.85,-75.91,27.88
34.85,-75.89,28.08
34.85,-75.87,28.47
34.85,-75.85,28.73
34.85,-75.83,28.7
34.85,-75.81,28.62
34.85,-75.79,28.62
34.85,-75.77,28.54
34.85,-75.75,28.54
34.85,-75.73,28.53
34.85,-75.71,28.63
34.85,-75.69,28.61
34.85,-75.67,28.61
34.85,-75.65,28.78
34.85,-75.63,28.97
34.85,-75.61,29.46
34.85,-75.59,29.65
34.85,-75.57,29.75
34.85,-75.55,29.74
34.85,-75.53,29.73
34.85,-75.51,29.71
34.85,-75.49,29.51
34.85,-75.47,29.5
34.85,-75.45,29.45
34.85,-75.43,29.36
34.85,-75.41,29.16
34.85,-75.39,29.26
34.85,-75.37,29.21
34.85,-75.35,29.11
34.85,-75.33,29.05
34.85,-75.31,29.16
34.85,-75.29,29.15
34.85,-75.27,29.1
34.85,-75.25,29.16
34.85,-75.23,29.17
34.85,-75.21,29.12
34.85,-75.19,28.95
34.85,-75.17,28.96
34.85,-75.15,29.05
34.85,-75.13,29.24
34.85,-75.11,29.46
34.85,-75.09,29.51
34.85,-75.07,29.54
34.83,-76.43,28.94
34.83,-76.41,28.93
34.83,-76.39,28.83
34.83,-76.37,28.24
34.83,-76.35,27.38
34.83,-76.33,27.42
34.83,-76.31,27.46
34.83,-76.29,27.5
34.83,-76.27,27.55
34.83,-76.25,27.66
34.83,-76.23,27.72
34.83,-76.21,27.72
34.83,-76.19,27.65
34.83,-76.17,27.65
34.83,-76.15,27.55
34.83,-76.13,27.47
34.83,-76.11,27.47
34.83,-76.09,27.66
34.83,-76.07,27.67
34.83,-76.05,27.93
34.83,-76.03,27.95
34.83,-76.01,27.95
34.83,-75.99,27.93
34.83,-75.97,27.89
34.83,-75.95,27.8
34.83,-75.93,27.8
34.83,-75.91,27.89
34.83,-75.89,28.01
34.83,-75.87,28.11
34.83,-75.85,28.55
34.83,-75.83,28.63
34.83,-75.81,28.57
34.83,-75.79,28.59
34.83,-75.77,28.5
34.83,-75.75,28.55
34.83,-75.73,28.47
34.83,-75.71,28.49
34.83,-75.69,28.63
34.83,-75.67,28.55
34.83,-75.65,28.58
34.83,-75.63,28.84
34.83,-75.61,29.44
34.83,-75.59,29.7
34.83,-75.57,29.77
34.83,-75.55,29.74
34.83,-75.53,29.69
34.83,-75.51,29.61
34.83,-75.49,29.5
34.83,-75.47,29.43
34.83,-75.45,29.34
34.83,-75.43,29.23
34.83,-75.41,29.07
34.83,-75.39,29.25
34.83,-75.37,29.13
34.83,-75.35,29.06
34.83,-75.33,29.04
34.83,-75.31,29.05
34.83,-75.29,29.07
34.83,-75.27,29.11
34.83,-75.25,29.15
34.83,-75.23,29.12
34.83,-75.21,29.01
34.83,-75.19,28.95
34.83,-75.17,29.0
34.83,-75.15,29.06
34.83,-75.13,29.29
34.83,-75.11,29.49
34.83,-75.09,29.53
34.83,-75.07,29.6
34.83,-75.05,29.71
34.83,-75.03,29.72
34.83,-75.01,29.79
34.83,-74.99,29.86
34.81,-76.45,29.13
34.81,-76.43,29.13
34.81,-76.41,29.14
34.81,-76.39,28.82
34.81,-76.35,27.21
34.81,-76.33,27.45
34.81,-76.31,27.51
34.81,-76.29,27.64
34.81,-76.27,27.72
34.81,-76.25,27.74
34.81,-76.23,27.7
34.81,-76.21,27.68
34.81,-76.19,27.71
34.81,-76.17,27.68
34.81,-76.15,27.51
34.81,-76.13,27.43
34.81,-76.11,27.51
34.81,-76.09,27.71
34.81,-76.07,27.97
34.81,-76.05,28.11
34.81,-76.03,28.17
34.81,-76.01,28.24
34.81,-75.99,28.21
34.81,-75.97,28.09
34.81,-75.95,27.96
34.81,-75.93,28.03
34.81,-75.91,28.1
34.81,-75.89,28.15
34.81,-75.87,28.09
34.81,-75.85,28.25
34.81,-75.83,28.55
34.81,-75.81,28.53
34.81,-75.79,28.5
34.81,-75.77,28.55
34.81,-75.75,28.55
34.81,-75.73,28.47
34.81,-75.71,28.42
34.81,-75.69,28.45
34.81,-75.67,28.44
34.81,-75.65,28.47
34.81,-75.63,28.91
34.81,-75.61,29.2
34.81,-75.59,29.44
34.81,-75.57,29.67
34.81,-75.55,29.71
34.81,-75.53,29.66
34.81,-75.51,29.53
34.81,-75.49,29.43
34.81,-75.47,29.37
34.81,-75.45,29.17
34.81,-75.43,29.12
34.81,-75.41,29.11
34.81,-75.39,29.18
34.81,-75.37,29.09
34.81,-75.35,29.05
34.81,-75.33,29.11
34.81,-75.31,29.04
34.81,-75.29,29.02
34.81,-75.27,29.08
34.81,-75.25,29.09
34.81,-75.23,28.97
34.81,-75.21,28.97
34.81,-75.19,28.96
34.81,-75.17,29.01
34.81,-75.15,29.09
34.81,-75.13,29.48
34.81,-75.11,29.52
34.81,-75.09,29.57
34.81,-75.07,29.66
34.81,-75.05,29.71
34.81,-75.03,29.74
34.81,-75.01,29.83
34.81,-74.99,29.87
34.81,-74.97,29.79
34.81,-74.95,29.71
34.81,-74.93,29.68
34.79,-76.61,28.42
34.79,-76.49,28.03
34.79,-76.45,29.17
34.79,-76.43,29.13
34.79,-76.41,28.98
34.79,-76.37,27.09
34.79,-76.35,27.4
34.79,-76.33,27.52
34.79,-76.31,27.65
34.79,-76.29,27.74
34.79,-76.27,27.76
34.79,-76.25,27.79
34.79,-76.23,27.75
34.79,-76.21,27.74
34.79,-76.19,27.73
34.79,-76.17,27.7
34.79,-76.15,27.67
34.79,-76.13,27.8
34.79,-76.11,28.05
34.79,-76.09,28.07
34.79,-76.07,28.16
34.79,-76.05,28.28
34.79,-76.03,28.36
34.79,-76.01,28.43
34.79,-75.99,28.51
34.79,-75.97,28.61
34.79,-75.95,28.12
34.79,-75.93,28.15
34.79,-75.91,28.25
34.79,-75.89,28.2
34.79,-75.87,28.19
34.79,-75.85,28.13
34.79,-75.83,28.21
34.79,-75.81,28.43
34.79,-75.79,28.44
34.79,-75.77,28.42
34.79,-75.75,28.44
34.79,-75.73,28.4
34.79,-75.71,28.35
34.79,-75.69,28.39
34.79,-75.67,28.41
34.79,-75.65,28.77
34.79,-75.63,28.9
34.79,-75.61,29.19
34.79,-75.59,29.25
34.79,-75.57,29.4
34.79,-75.55,29.78
34.79,-75.53,29.65
34.79,-75.51,29.56
34.79,-75.49,29.42
34.79,-75.47,29.24
34.79,-75.45,29.2
34.79,-75.43,29.02
34.79,-75.41,29.08
34.79,-75.39,29.08
34.79,-75.37,28.99
34.79,-75.35,29.04
34.79,-75.33,29.04
34.79,-75.31,28.92
34.79,-75.29,28.95
34.79,-75.27,29.01
34.79,-75.25,29.0
34.79,-75.23,28.94
34.79,-75.21,28.89
34.79,-75.19,28.94
34.79,-75.17,29.24
34.79,-75.15,29.42
34.79,-75.13,29.48
34.79,-75.11,29.53
34.79,-75.09,29.66
34.79,-75.07,29.7
34.79,-75.05,29.74
34.79,-75.03,29.77
34.79,-75.01,29.85
34.79,-74.99,29.85
34.79,-74.97,29.76
34.79,-74.95,29.7
34.79,-74.93,29.68
34.79,-74.91,29.63
34.79,-74.89,29.65
34.79,-74.87,29.71
34.77,-76.73,29.47
34.77,-76.71,29.46
34.77,-76.69,29.42
34.77,-76.61,28.49
34.77,-76.59,28.55
34.77,-76.51,28.1
34.77,-76.49,28.09
34.77,-76.47,28.91
34.77,-76.45,29.16
34.77,-76.43,29.03
34.77,-76.39,27.33
34.77,-76.37,27.41
34.77,-76.35,27.58
34.77,-76.33,27.62
34.77,-76.31,27.74
34.77,-76.29,27.73
34.77,-76.27,27.76
34.77,-76.25,27.82
34.77,-76.23,27.79
34.77,-76.21,27.78
34.77,-76.19,27.8
34.77,-76.17,27.86
34.77,-76.15,27.99
34.77,-76.13,28.13
34.77,-76.11,28.19
34.77,-76.09,28.24
34.77,-76.07,28.34
34.77,-76.05,28.49
34.77,-76.03,28.71
34.77,-76.01,28.79
34.77,-75.99,28.83
34.77,-75.97,29.06
34.77,-75.95,28.94
34.77,-75.93,28.83
34.77,-75.91,28.75
34.77,-75.89,28.22
34.77,-75.87,28.24
34.77,-75.85,28.17
34.77,-75.83,28.17
34.77,-75.81,28.19
34.77,-75.79,28.31
34.77,-75.77,28.39
34.77,-75.75,28.41
34.77,-75.73,28.46
34.77,-75.71,28.49
34.77,-75.69,28.62
34.77,-75.67,28.82
34.77,-75.65,28.92
34.77,-75.63,29.01
34.77,-75.61,29.17
34.77,-75.59,29.25
34.77,-75.57,29.38
34.77,-75.55,29.63
34.77,-75.53,29.64
34.77,-75.51,29.62
34.77,-75.49,29.47
34.77,-75.47,29.28
34.77,-75.45,29.19
34.77,-75.43,29.11
34.77,-75.41,28.97
34.77,-75.39,28.96
34.77,-75.37,28.96
34.77,-75.35,28.95
34.77,-75.33,28.95
34.77,-75.31,28.92
34.77,-75.29,29.0
34.77,-75.27,28.96
34.77,-75.25,28.91
34.77,-75.23,28.89
34.77,-75.21,28.92
34.77,-75.19,29.26
34.77,-75.17,29.44
34.77,-75.15,29.48
34.77,-75.13,29.51
34.77,-75.11,29.6
34.77,-75.09,29.69
34.77,-75.07,29.72
34.77,-75.05,29.72
34.77,-75.03,29.8
34.77,-75.01,29.86
34.77,-74.99,29.82
34.77,-74.97,29.74
34.77,-74.95,29.7
34.77,-74.93,29.67
34.77,-74.91,29.63
34.77,-74.89,29.66
34.77,-74.87,29.62
34.77,-74.85,29.6
34.77,-74.83,29.66
34.77,-74.81,29.68
34.77,-74.79,29.62
34.75,-76.69,28.95
34.75,-76.67,28.88
34.75,-76.61,29.46
34.75,-76.59,28.83
34.75,-76.51,28.95
34.75,-76.49,28.99
34.75,-76.47,29.21
34.75,-76.45,29.18
34.75,-76.43,27.7
34.75,-76.41,27.43
34.75,-76.39,27.51
34.75,-76.37,27.7
34.75,-76.35,27.66
34.75,-76.33,27.61
34.75,-76.31,27.67
34.75,-76.29,27.71
34.75,-76.27,27.7
34.75,-76.25,27.88
34.75,-76.23,27.88
34.75,-76.21,27.95
34.75,-76.19,28.05
34.75,-76.17,28.15
34.75,-76.15,28.2
34.75,-76.13,28.25
34.75,-76.11,28.3
34.75,-76.09,28.32
34.75,-76.07,28.43
34.75,-76.05,28.54
34.75,-76.03,28.82
34.75,-76.01,29.09
34.75,-75.99,29.17
34.75,-75.97,29.21
34.75,-75.95,29.19
34.75,-75.93,29.13
34.75,-75.91,29.09
34.75,-75.89,29.04
34.75,-75.87,29.02
34.75,-75.85,28.95
34.75,-75.83,28.9
34.75,-75.81,28.37
34.75,-75.79,28.37
34.75,-75.77,28.41
34.75,-75.75,28.49
34.75,-75.73,28.7
34.75,-75.71,28.88
34.75,-75.69,28.86
34.75,-75.67,28.87
34.75,-75.65,28.74
34.75,-75.63,28.77
34.75,-75.61,28.99
34.75,-75.59,29.17
34.75,-75.57,29.4
34.75,-75.55,29.41
34.75,-75.53,29.64
34.75,-75.51,29.62
34.75,-75.49,29.47
34.75,-75.47,29.26
34.75,-75.45,29.14
34.75,-75.43,29.03
34.75,-75.41,28.91
34.75,-75.39,28.87
34.75,-75.37,28.89
34.75,-75.35,28.92
34.75,-75.33,28.95
34.75,-75.31,28.96
34.75,-75.29,28.96
34.75,-75.27,28.89
34.75,-75.25,28.86
34.75,-75.23,28.89
34.75,-75.21,29.25
34.75,-75.19,29.39
34.75,-75.17,29.44
34.75,-75.15,29.52
34.75,-75.13,29.54
34.75,-75.11,29.74
34.75,-75.09,29.7
34.75,-75.07,29.65
34.75,-75.05,29.67
34.75,-75.03,29.7
34.75,-75.01,29.89
34.75,-74.99,29.8
34.75,-74.97,29.76
34.75,-74.95,29.71
34.75,-74.93,29.66
34.75,-74.91,29.64
34.75,-74.89,29.65
34.75,-74.87,29.6
34.75,-74.85,29.61
34.75,-74.83,29.66
34.75,-74.81,29.65
34.75,-74.79,29.63
34.75,-74.77,29.59
34.75,-74.75,29.58
34.75,-74.73,29.55
34.73,-77.13,28.55
34.73,-76.71,27.87
34.73,-76.59,28.76
34.73,-76.49,29.26
34.73,-76.47,29.19
34.73,-76.45,28.99
34.73,-76.43,27.39
34.73,-76.41,27.56
34.73,-76.39,27.62
34.73,-76.37,27.72
34.73,-76.35,27.71
34.73,-76.33,27.66
34.73,-76.31,27.65
34.73,-76.29,27.59
34.73,-76.27,27.88
34.73,-76.25,27.89
34.73,-76.23,27.92
34.73,-76.21,28.08
34.73,-76.19,28.23
34.73,-76.17,28.27
34.73,-76.15,28.24
34.73,-76.13,28.27
34.73,-76.11,28.26
34.73,-76.09,28.33
34.73,-76.07,28.64
34.73,-76.05,28.82
34.73,-76.03,29.13
34.73,-76.01,29.33
34.73,-75.99,29.37
34.73,-75.97,29.37
34.73,-75.95,29.41
34.73,-75.93,29.36
34.73,-75.91,29.28
34.73,-75.89,29.26
34.73,-75.87,29.25
34.73,-75.85,29.14
34.73,-75.83,29.15
34.73,-75.81,29.08
34.73,-75.79,29.02
34.73,-75.77,29.09
34.73,-75.75,29.04
34.73,-75.73,28.57
34.73,-75.71,28.62
34.73,-75.69,28.62
34.73,-75.67,28.68
34.73,-75.65,28.65
34.73,-75.63,28.78
34.73,-75.61,28.85
34.73,-75.59,28.99
34.73,-75.57,29.31
34.73,-75.55,29.41
34.73,-75.53,29.48
34.73,-75.51,29.56
34.73,-75.49,29.52
34.73,-75.47,29.23
34.73,-75.45,29.1
34.73,-75.43,29.08
34.73,-75.41,29.02
34.73,-75.39,28.89
34.73,-75.37,28.93
34.73,-75.35,28.99
34.73,-75.33,29.0
34.73,-75.31,28.94
34.73,-75.29,28.94
34.73,-75.27,28.85
34.73,-75.25,28.87
34.73,-75.23,28.92
34.73,-75.21,29.29
34.73,-75.19,29.35
34.73,-75.17,29.48
34.73,-75.15,29.59
34.73,-75.13,29.66
34.73,-75.11,29.81
34.73,-75.09,29.65
34.73,-75.07,29.64
34.73,-75.05,29.68
34.73,-75.03,29.78
34.73,-75.01,29.85
34.73,-74.99,29.81
34.73,-74.97,29.77
34.73,-74.95,29.71
34.73,-74.93,29.63
34.73,-74.91,29.63
34.73,-74.89,29.6
34.73,-74.87,29.58
34.73,-74.85,29.63
34.73,-74.83,29.66
34.73,-74.81,29.64
34.73,-74.79,29.62
34.73,-74.77,29.59
34.73,-74.75,29.57
34.73,-74.73,29.56
34.73,-74.71,29.6
34.73,-74.69,29.59
34.73,-74.67,29.56
34.71,-77.11,28.54
34.71,-76.95,29.22
34.71,-76.93,29.24
34.71,-76.91,29.05
34.71,-76.89,29.15
34.71,-76.87,29.32
34.71,-76.85,29.23
34.71,-76.83,29.19
34.71,-76.81,29.12
34.71,-76.79,29.02
34.71,-76.77,28.84
34.71,-76.73,28.08
34.71,-76.71,28.11
34.71,-76.69,27.9
34.71,-76.61,28.7
34.71,-76.59,28.62
34.71,-76.55,28.47
34.71,-76.51,29.38
34.71,-76.49,29.32
34.71,-76.47,28.77
34.71,-76.45,27.46
34.71,-76.43,27.61
34.71,-76.41,27.65
34.71,-76.39,27.7
34.71,-76.37,27.66
34.71,-76.35,27.63
34.71,-76.33,27.65
34.71,-76.31,27.66
34.71,-76.29,27.73
34.71,-76.27,27.83
34.71,-76.25,27.82
34.71,-76.23,27.98
34.71,-76.21,28.13
34.71,-76.19,28.26
34.71,-76.17,28.19
34.71,-76.15,28.13
34.71,-76.13,28.15
34.71,-76.11,28.17
34.71,-76.09,28.53
34.71,-76.07,28.91
34.71,-76.05,29.18
34.71,-76.03,29.37
34.71,-76.01,29.5
34.71,-75.99,29.49
34.71,-75.97,29.51
34.71,-75.95,29.47
34.71,-75.93,29.43
34.71,-75.91,29.43
34.71,-75.89,29.38
34.71,-75.87,29.38
34.71,-75.85,29.23
34.71,-75.83,29.2
34.71,-75.81,29.17
34.71,-75.79,29.22
34.71,-75.77,29.25
34.71,-75.75,29.12
34.71,-75.73,29.07
34.71,-75.71,29.02
34.71,-75.69,28.98
34.71,-75.67,28.99
34.71,-75.65,29.0
34.71,-75.63,29.1
34.71,-75.61,29.2
34.71,-75.59,29.17
34.71,-75.57,29.31
34.71,-75.55,29.44
34.71,-75.53,29.45
34.71,-75.51,29.54
34.71,-75.49,29.57
34.71,-75.47,29.32
34.71,-75.45,29.18
34.71,-75.43,29.08
34.71,-75.41,29.01
34.71,-75.39,28.91
34.71,-75.37,28.88
34.71,-75.35,28.86
34.71,-75.33,28.93
34.71,-75.31,28.88
34.71,-75.29,28.92
34.71,-75.27,28.85
34.71,-75.25,28.87
34.71,-75.23,29.09
34.71,-75.21,29.24
34.71,-75.19,29.38
34.71,-75.17,29.54
34.71,-75.15,29.56
34.71,-75.13,29.63
34.71,-75.11,29.74
34.71,-75.09,29.67
34.71,-75.07,29.69
34.71,-75.05,29.74
34.71,-75.03,29.89
34.71,-75.01,29.85
34.71,-74.99,29.75
34.71,-74.97,29.71
34.71,-74.95,29.67
34.71,-74.93,29.63
34.71,-74.91,29.61
34.71,-74.89,29.65
34.71,-74.87,29.7
34.71,-74.85,29.61
34.71,-74.83,29.61
34.71,-74.81,29.63
34.71,-74.79,29.59
34.71,-74.77,29.58
34.71,-74.75,29.57
34.71,-74.73,29.58
34.71,-74.71,29.6
34.71,-74.69,29.53
34.71,-74.67,29.56
34.71,-74.65,29.52
34.71,-74.63,29.6
34.71,-74.61,29.62
34.71,-74.59,29.61
34.69,-77.11,28.53
34.69,-77.09,28.51
34.69,-76.99,28.85
34.69,-76.97,28.97
34.69,-76.95,29.18
34.69,-76.93,29.23
34.69,-76.91,29.1
34.69,-76.83,27.98
34.69,-76.81,28.11
34.69,-76.79,28.07
34.69,-76.77,28.12
34.69,-76.75,28.15
34.69,-76.73,28.38
34.69,-76.71,28.34
34.69,-76.69,28.4
34.69,-76.67,28.62
34.69,-76.65,28.59
34.69,-76.63,28.66
34.69,-76.59,29.23
34.69,-76.57,29.28
34.69,-76.55,29.37
34.69,-76.51,29.2
34.69,-76.49,29.15
34.69,-76.47,27.55
34.69,-76.45,27.58
34.69,-76.43,27.59
34.69,-76.41,27.54
34.69,-76.39,27.55
34.69,-76.37,27.61
34.69,-76.35,27.54
34.69,-76.33,27.61
34.69,-76.31,27.64
34.69,-76.29,27.69
34.69,-76.27,27.74
34.69,-76.25,27.81
34.69,-76.23,27.96
34.69,-76.21,27.98
34.69,-76.19,27.97
34.69,-76.17,28.03
34.69,-76.15,28.07
34.69,-76.13,28.21
34.69,-76.11,28.48
34.69,-76.09,28.77
34.69,-76.07,28.95
34.69,-76.05,29.14
34.69,-76.03,29.19
34.69,-76.01,29.41
34.69,-75.99,29.45
34.69,-75.97,29.49
34.69,-75.95,29.49
34.69,-75.93,29.44
34.69,-75.91,29.47
34.69,-75.89,29.38
34.69,-75.87,29.34
34.69,-75.85,29.25
34.69,-75.83,29.22
34.69,-75.81,29.23
34.69,-75.79,29.23
34.69,-75.77,29.25
34.69,-75.75,29.24
34.69,-75.73,29.17
34.69,-75.71,29.09
34.69,-75.69,29.01
34.69,-75.67,29.17
34.69,-75.65,29.18
34.69,-75.63,29.31
34.69,-75.61,29.26
34.69,-75.59,29.25
34.69,-75.57,29.23
34.69,-75.55,29.34
34.69,-75.53,29.44
34.69,-75.51,29.49
34.69,-75.49,29.52
34.69,-75.47,29.52
34.69,-75.45,29.21
34.69,-75.43,29.1
34.69,-75.41,29.02
34.69,-75.39,28.99
34.69,-75.37,28.97
34.69,-75.35,28.95
34.69,-75.33,28.92
34.69,-75.31,28.95
34.69,-75.29,28.93
34.69,-75.27,28.87
34.69,-75.25,28.93
34.69,-75.23,29.22
34.69,-75.21,29.27
34.69,-75.19,29.38
34.69,-75.17,29.44
34.69,-75.15,29.51
34.69,-75.13,29.6
34.69,-75.11,29.77
34.69,-75.09,29.78
34.69,-75.07,29.79
34.69,-75.05,29.89
34.69,-75.03,29.89
34.69,-75.01,29.79
34.69,-74.99,29.76
34.69,-74.97,29.7
34.69,-74.95,29.6
34.69,-74.93,29.61
34.69,-74.91,29.72
34.69,-74.89,29.73
34.69,-74.87,29.69
34.69,-74.85,29.59
34.69,-74.83,29.59
34.69,-74.81,29.61
34.69,-74.79,29.55
34.69,-74.77,29.61
34.69,-74.75,29.59
34.69,-74.73,29.58
34.69,-74.71,29.56
34.69,-74.69,29.54
34.69,-74.67,29.54
34.69,-74.65,29.55
34.69,-74.63,29.61
34.69,-74.61,29.58
34.69,-74.59,29.52
34.69,-74.57,29.54
34.69,-74.55,29.61
34.69,-74.53,29.64
34.67,-77.13,28.09
34.67,-77.05,27.98
34.67,-76.99,28.2
34.67,-76.97,28.05
34.67,-76.95,28.05
34.67,-76.93,28.08
34.67,-76.91,28.0
34.67,-76.89,28.06
34.67,-76.87,28.06
34.67,-76.85,27.97
34.67,-76.83,27.99
34.67,-76.81,27.9
34.67,-76.79,27.89
34.67,-76.77,27.9
34.67,-76.75,28.07
34.67,-76.73,28.31
34.67,-76.71,28.48
34.67,-76.69,28.56
34.67,-76.67,28.69
34.67,-76.65,28.58
34.67,-76.63,28.74
34.67,-76.61,28.91
34.67,-76.57,29.03
34.67,-76.55,29.34
34.67,-76.53,29.1
34.67,-76.51,28.95
34.67,-76.47,27.6
34.67,-76.45,27.55
34.67,-76.43,27.54
34.67,-76.41,27.55
34.67,-76.39,27.55
34.67,-76.37,27.58
34.67,-76.35,27.63
34.67,-76.33,27.71
34.67,-76.31,27.65
34.67,-76.29,27.75
34.67,-76.27,27.76
34.67,-76.25,27.86
34.67,-76.23,27.93
34.67,-76.21,27.94
34.67,-76.19,28.01
34.67,-76.17,28.11
34.67,-76.15,28.21
34.67,-76.13,28.47
34.67,-76.11,28.7
34.67,-76.09,28.83
34.67,-76.07,28.82
34.67,-76.05,28.83
34.67,-76.03,29.11
34.67,-76.01,29.22
34.67,-75.99,29.45
34.67,-75.97,29.54
34.67,-75.95,29.49
34.67,-75.93,29.55
34.67,-75.91,29.46
34.67,-75.89,29.36
34.67,-75.87,29.29
34.67,-75.85,29.27
34.67,-75.83,29.29
34.67,-75.81,29.29
34.67,-75.79,29.25
34.67,-75.77,29.26
34.67,-75.75,29.23
34.67,-75.73,29.26
34.67,-75.71,29.2
34.67,-75.69,29.29
34.67,-75.67,29.3
34.67,-75.65,29.23
34.67,-75.63,29.26
34.67,-75.61,29.24
34.67,-75.59,29.29
34.67,-75.57,29.24
34.67,-75.55,29.33
34.67,-75.53,29.43
34.67,-75.51,29.47
34.67,-75.49,29.47
34.67,-75.47,29.47
34.67,-75.45,29.37
34.67,-75.43,29.14
34.67,-75.41,29.06
34.67,-75.39,29.07
34.67,-75.37,29.02
34.67,-75.35,28.98
34.67,-75.33,28.99
34.67,-75.31,28.97
34.67,-75.29,28.94
34.67,-75.27,28.95
34.67,-75.25,29.01
34.67,-75.23,29.21
34.67,-75.21,29.19
34.67,-75.19,29.29
34.67,-75.17,29.44
34.67,-75.15,29.52
34.67,-75.13,29.75
34.67,-75.11,29.81
34.67,-75.09,29.89
34.67,-75.07,29.91
34.67,-75.05,29.87
34.67,-75.03,29.83
34.67,-75.01,29.84
34.67,-74.99,29.77
34.67,-74.97,29.64
34.67,-74.95,29.65
34.67,-74.93,29.76
34.67,-74.91,29.79
34.67,-74.89,29.77
34.67,-74.87,29.65
34.67,-74.85,29.69
34.67,-74.83,29.68
34.67,-74.81,29.6
34.67,-74.79,29.64
34.67,-74.77,29.67
34.67,-74.75,29.62
34.67,-74.73,29.54
34.67,-74.71,29.54
34.67,-74.69,29.6
34.67,-74.67,29.56
34.67,-74.65,29.6
34.67,-74.63,29.62
34.67,-74.61,29.54
34.67,-74.59,29.51
34.67,-74.57,29.56
34.67,-74.55,29.63
34.67,-74.53,29.7
34.67,-74.51,29.65
34.67,-74.49,29.57
34.67,-74.47,29.53
34.65,-77.17,28.38
34.65,-77.15,28.3
34.65,-77.11,28.1
34.65,-77.07,27.83
34.65,-77.05,28.05
34.65,-77.03,28.11
34.65,-77.01,28.19
34.65,-76.99,28.16
34.65,-76.97,28.08
34.65,-76.95,28.03
34.65,-76.93,28.14
34.65,-76.91,28.13
34.65,-76.89,28.1
34.65,-76.87,28.07
34.65,-76.85,28.01
34.65,-76.83,27.92
34.65,-76.81,27.88
34.65,-76.79,27.89
34.65,-76.77,27.92
34.65,-76.75,28.04
34.65,-76.73,28.22
34.65,-76.71,28.41
34.65,-76.69,28.45
34.65,-76.67,28.68
34.65,-76.65,28.49
34.65,-76.63,28.7
34.65,-76.61,28.83
34.65,-76.59,28.78
34.65,-76.57,28.47
34.65,-76.51,27.46
34.65,-76.49,27.54
34.65,-76.47,27.67
34.65,-76.45,27.64
34.65,-76.43,27.59
34.65,-76.41,27.64
34.65,-76.39,27.67
34.65,-76.37,27.67
34.65,-76.35,27.72
34.65,-76.33,27.7
34.65,-76.31,27.66
34.65,-76.29,27.77
34.65,-76.27,27.79
34.65,-76.25,27.87
34.65,-76.23,28.04
34.65,-76.21,28.09
34.65,-76.19,28.27
34.65,-76.17,28.38
34.65,-76.15,28.48
34.65,-76.13,28.61
34.65,-76.11,28.74
34.65,-76.09,28.65
34.65,-76.07,28.62
34.65,-76.05,28.79
34.65,-76.03,29.01
34.65,-76.01,29.31
34.65,-75.99,29.44
34.65,-75.97,29.56
34.65,-75.95,29.51
34.65,-75.93,29.53
34.65,-75.91,29.33
34.65,-75.89,29.32
34.65,-75.87,29.35
34.65,-75.85,29.37
34.65,-75.83,29.35
34.65,-75.81,29.35
34.65,-75.79,29.29
34.65,-75.77,29.29
34.65,-75.75,29.3
34.65,-75.73,29.35
34.65,-75.71,29.32
34.65,-75.69,29.3
34.65,-75.67,29.29
34.65,-75.65,29.28
34.65,-75.63,29.3
34.65,-75.61,29.28
34.65,-75.59,29.25
34.65,-75.57,29.3
34.65,-75.55,29.28
34.65,-75.53,29.42
34.65,-75.51,29.44
34.65,-75.49,29.4
34.65,-75.47,29.43
34.65,-75.45,29.48
34.65,-75.43,29.35
34.65,-75.41,29.15
34.65,-75.39,29.07
34.65,-75.37,29.02
34.65,-75.35,29.09
34.65,-75.33,29.04
34.65,-75.31,28.99
34.65,-75.29,28.95
34.65,-75.27,28.91
34.65,-75.25,29.0
34.65,-75.23,29.18
34.65,-75.21,29.23
34.65,-75.19,29.34
34.65,-75.17,29.58
34.65,-75.15,29.69
34.65,-75.13,29.74
34.65,-75.11,29.85
34.65,-75.09,29.96
34.65,-75.07,29.95
34.65,-75.05,29.93
34.65,-75.03,29.85
34.65,-75.01,29.79
34.65,-74.99,29.75
34.65,-74.97,29.69
34.65,-74.95,29.76
34.65,-74.93,29.76
34.65,-74.91,29.71
34.65,-74.89,29.73
34.65,-74.87,29.72
34.65,-74.85,29.66
34.65,-74.83,29.61
34.65,-74.81,29.58
34.65,-74.79,29.58
34.65,-74.77,29.6
34.65,-74.75,29.65
34.65,-74.73,29.64
34.65,-74.71,29.62
34.65,-74.69,29.66
34.65,-74.67,29.64
34.65,-74.65,29.54
34.65,-74.63,29.56
34.65,-74.61,29.51
34.65,-74.59,29.52
34.65,-74.57,29.57
34.65,-74.55,29.64
34.65,-74.53,29.71
34.65,-74.51,29.61
34.65,-74.49,29.57
34.65,-74.47,29.51
34.65,-74.45,29.48
34.65,-74.43,29.09
34.63,-77.15,28.26
34.63,-77.13,28.23
34.63,-77.11,28.13
34.63,-77.09,28.09
34.63,-77.07,27.89
34.63,-77.05,28.1
34.63,-77.03,28.09
34.63,-77.01,28.1
34.63,-76.99,28.07
34.63,-76.97,28.04
34.63,-76.95,28.09
34.63,-76.93,28.2
34.63,-76.91,28.19
34.63,-76.89,28.11
34.63,-76.87,28.02
34.63,-76.85,27.97
34.63,-76.83,28.02
34.63,-76.81,28.13
34.63,-76.79,28.05
34.63,-76.77,27.97
34.63,-76.75,27.97
34.63,-76.73,28.25
34.63,-76.71,28.37
34.63,-76.69,28.41
34.63,-76.67,28.38
34.63,-76.65,28.38
34.63,-76.63,28.42
34.63,-76.61,28.48
34.63,-76.59,28.47
34.63,-76.57,28.48
34.63,-76.55,27.54
34.63,-76.51,27.57
34.63,-76.49,27.72
34.63,-76.47,27.8
34.63,-76.45,27.81
34.63,-76.43,27.68
34.63,-76.41,27.72
34.63,-76.39,27.71
34.63,-76.37,27.74
34.63,-76.35,27.77
34.63,-76.33,27.76
34.63,-76.31,27.71
34.63,-76.29,27.75
34.63,-76.27,27.88
34.63,-76.25,27.98
34.63,-76.23,28.06
34.63,-76.21,28.16
34.63,-76.19,28.47
34.63,-76.17,28.37
34.63,-76.15,28.55
34.63,-76.13,28.6
34.63,-76.11,28.54
34.63,-76.09,28.45
34.63,-76.07,28.31
34.63,-76.05,28.4
34.63,-76.03,28.77
34.63,-76.01,29.09
34.63,-75.99,29.25
34.63,-75.97,29.38
34.63,-75.95,29.48
34.63,-75.93,29.48
34.63,-75.91,29.36
34.63,-75.89,29.37
34.63,-75.87,29.4
34.63,-75.85,29.44
34.63,-75.83,29.41
34.63,-75.81,29.45
34.63,-75.79,29.38
34.63,-75.77,29.39
34.63,-75.75,29.4
34.63,-75.73,29.41
34.63,-75.71,29.42
34.63,-75.69,29.36
34.63,-75.67,29.33
34.63,-75.65,29.34
34.63,-75.63,29.36
34.63,-75.61,29.35
34.63,-75.59,29.29
34.63,-75.57,29.37
34.63,-75.55,29.39
34.63,-75.53,29.5
34.63,-75.51,29.51
34.63,-75.49,29.44
34.63,-75.47,29.4
34.63,-75.45,29.5
34.63,-75.43,29.38
34.63,-75.41,29.18
34.63,-75.39,29.03
34.63,-75.37,28.96
34.63,-75.35,29.04
34.63,-75.33,29.09
34.63,-75.31,29.0
34.63,-75.29,28.95
34.63,-75.27,28.99
34.63,-75.25,29.1
34.63,-75.23,29.21
34.63,-75.21,29.34
34.63,-75.19,29.39
34.63,-75.17,29.49
34.63,-75.15,29.74
34.63,-75.13,29.85
34.63,-75.11,29.99
34.63,-75.09,30.0
34.63,-75.07,29.98
34.63,-75.05,29.89
34.63,-75.03,29.81
34.63,-75.01,29.76
34.63,-74.99,29.71
34.63,-74.97,29.74
34.63,-74.95,29.72
34.63,-74.93,29.78
34.63,-74.91,29.77
34.63,-74.89,29.72
34.63,-74.87,29.66
34.63,-74.85,29.61
34.63,-74.83,29.59
34.63,-74.81,29.56
34.63,-74.79,29.62
34.63,-74.77,29.62
34.63,-74.75,29.6
34.63,-74.73,29.58
34.63,-74.71,29.61
34.63,-74.69,29.61
34.63,-74.67,29.53
34.63,-74.65,29.53
34.63,-74.63,29.54
34.63,-74.61,29.51
34.63,-74.59,29.55
34.63,-74.57,29.52
34.63,-74.55,29.68
34.63,-74.53,29.7
34.63,-74.51,29.6
34.63,-74.49,29.57
34.63,-74.47,29.52
34.63,-74.45,29.46
34.63,-74.43,29.08
34.63,-74.35,29.26
34.63,-74.33,29.24
34.61,-77.19,28.15
34.61,-77.17,28.2
34.61,-77.15,28.23
34.61,-77.13,28.18
34.61,-77.11,28.11
34.61,-77.09,28.1
34.61,-77.07,28.01
34.61,-77.05,28.05
34.61,-77.03,28.05
34.61,-77.01,28.06
34.61,-76.99,28.13
34.61,-76.97,28.08
34.61,-76.95,28.25
34.61,-76.93,28.2
34.61,-76.91,28.2
34.61,-76.89,28.23
34.61,-76.87,28.18
34.61,-76.85,28.2
34.61,-76.83,28.19
34.61,-76.81,28.22
34.61,-76.79,28.11
34.61,-76.77,28.0
34.61,-76.75,27.94
34.61,-76.73,28.01
34.61,-76.71,28.28
34.61,-76.69,28.3
34.61,-76.67,28.31
34.61,-76.65,28.38
34.61,-76.63,28.34
34.61,-76.61,28.29
34.61,-76.59,28.31
34.61,-76.57,28.35
34.61,-76.51,27.56
34.61,-76.49,27.78
34.61,-76.47,27.85
34.61,-76.45,27.86
34.61,-76.43,27.79
34.61,-76.41,27.86
34.61,-76.39,27.88
34.61,-76.37,27.75
34.61,-76.35,27.69
34.61,-76.33,27.72
34.61,-76.31,27.7
34.61,-76.29,27.69
34.61,-76.27,27.89
34.61,-76.25,27.98
34.61,-76.23,28.08
34.61,-76.21,28.18
34.61,-76.19,28.24
34.61,-76.17,28.28
34.61,-76.15,28.44
34.61,-76.13,28.4
34.61,-76.11,28.22
34.61,-76.09,28.16
34.61,-76.07,28.12
34.61,-76.05,28.17
34.61,-76.03,28.51
34.61,-76.01,28.9
34.61,-75.99,29.05
34.61,-75.97,29.12
34.61,-75.95,29.41
34.61,-75.93,29.47
34.61,-75.91,29.48
34.61,-75.89,29.4
34.61,-75.87,29.44
34.61,-75.85,29.45
34.61,-75.83,29.46
34.61,-75.81,29.42
34.61,-75.79,29.41
34.61,-75.77,29.49
34.61,-75.75,29.42
34.61,-75.73,29.37
34.61,-75.71,29.49
34.61,-75.69,29.48
34.61,-75.67,29.39
34.61,-75.65,29.39
34.61,-75.63,29.4
34.61,-75.61,29.38
34.61,-75.59,29.32
34.61,-75.57,29.42
34.61,-75.55,29.44
34.61,-75.53,29.42
34.61,-75.51,29.56
34.61,-75.49,29.56
34.61,-75.47,29.64
34.61,-75.45,29.51
34.61,-75.43,29.46
34.61,-75.41,29.19
34.61,-75.39,29.12
34.61,-75.37,29.06
34.61,-75.35,29.07
34.61,-75.33,29.08
34.61,-75.31,29.07
34.61,-75.29,29.1
34.61,-75.27,29.14
34.61,-75.25,29.16
34.61,-75.23,29.2
34.61,-75.21,29.32
34.61,-75.19,29.4
34.61,-75.17,29.53
34.61,-75.15,29.72
34.61,-75.13,29.93
34.61,-75.11,30.0
34.61,-75.09,29.99
34.61,-75.07,29.97
34.61,-75.05,29.87
34.61,-75.03,29.84
34.61,-75.01,29.69
34.61,-74.99,29.69
34.61,-74.97,29.69
34.61,-74.95,29.7
34.61,-74.93,29.7
34.61,-74.91,29.74
34.61,-74.89,29.74
34.61,-74.87,29.67
34.61,-74.85,29.67
34.61,-74.83,29.61
34.61,-74.81,29.57
34.61,-74.79,29.58
34.61,-74.77,29.6
34.61,-74.75,29.6
34.61,-74.73,29.66
34.61,-74.71,29.62
34.61,-74.69,29.6
34.61,-74.67,29.58
34.61,-74.65,29.56
34.61,-74.63,29.55
34.61,-74.61,29.55
34.61,-74.59,29.62
34.61,-74.57,29.63
34.61,-74.55,29.63
34.61,-74.53,29.61
34.61,-74.51,29.64
34.61,-74.49,29.54
34.61,-74.47,29.46
34.61,-74.45,29.41
34.61,-74.43,29.07
34.61,-74.35,29.26
34.61,-74.33,29.31
34.61,-74.31,29.35
34.61,-74.29,29.32
34.61,-74.27,29.2
34.61,-74.25,29.08
34.59,-77.23,28.45
34.59,-77.21,28.35
34.59,-77.19,28.19
34.59,-77.17,28.14
34.59,-77.15,28.11
34.59,-77.13,28.08
34.59,-77.11,28.02
34.59,-77.09,28.03
34.59,-77.07,28.05
34.59,-77.05,28.04
34.59,-77.03,28.05
34.59,-77.01,28.09
34.59,-76.99,28.06
34.59,-76.97,28.19
34.59,-76.95,28.26
34.59,-76.93,28.25
34.59,-76.91,28.24
34.59,-76.89,28.26
34.59,-76.87,28.3
34.59,-76.85,28.23
34.59,-76.83,28.11
34.59,-76.81,28.06
34.59,-76.79,28.12
34.59,-76.77,28.13
34.59,-76.75,28.04
34.59,-76.73,28.02
34.59,-76.71,28.01
34.59,-76.69,28.21
34.59,-76.67,28.28
34.59,-76.65,28.27
34.59,-76.63,28.26
34.59,-76.61,28.25
34.59,-76.59,28.24
34.59,-76.57,28.34
34.59,-76.55,28.43
34.59,-76.53,27.47
34.59,-76.51,27.58
34.59,-76.49,27.83
34.59,-76.47,27.89
34.59,-76.45,27.92
34.59,-76.43,27.98
34.59,-76.41,28.0
34.59,-76.39,27.92
34.59,-76.37,27.84
34.59,-76.35,27.71
34.59,-76.33,27.7
34.59,-76.31,27.78
34.59,-76.29,27.68
34.59,-76.27,27.69
34.59,-76.25,27.84
34.59,-76.23,27.89
34.59,-76.21,28.02
34.59,-76.19,28.1
34.59,-76.17,28.15
34.59,-76.15,28.14
34.59,-76.13,28.18
34.59,-76.11,28.16
34.59,-76.09,28.12
34.59,-76.07,28.13
34.59,-76.05,28.1
34.59,-76.03,28.38
34.59,-76.01,28.53
34.59,-75.99,28.88
34.59,-75.97,28.97
34.59,-75.95,29.26
34.59,-75.93,29.33
34.59,-75.91,29.36
34.59,-75.89,29.28
34.59,-75.87,29.28
34.59,-75.85,29.36
34.59,-75.83,29.34
34.59,-75.81,29.39
34.59,-75.79,29.41
34.59,-75.77,29.45
34.59,-75.75,29.45
34.59,-75.73,29.4
34.59,-75.71,29.48
34.59,-75.69,29.47
34.59,-75.67,29.42
34.59,-75.65,29.4
34.59,-75.63,29.41
34.59,-75.61,29.4
34.59,-75.59,29.4
34.59,-75.57,29.42
34.59,-75.55,29.43
34.59,-75.53,29.46
34.59,-75.51,29.58
34.59,-75.49,29.61
34.59,-75.47,29.56
34.59,-75.45,29.48
34.59,-75.43,29.41
34.59,-75.41,29.3
34.59,-75.39,29.12
34.59,-75.37,29.05
34.59,-75.35,29.06
34.59,-75.33,29.03
34.59,-75.31,29.08
34.59,-75.29,29.11
34.59,-75.27,29.22
34.59,-75.25,29.26
34.59,-75.23,29.34
34.59,-75.21,29.33
34.59,-75.19,29.37
34.59,-75.17,29.6
34.59,-75.15,29.9
34.59,-75.13,29.95
34.59,-75.11,29.98
34.59,-75.09,29.97
34.59,-75.07,29.94
34.59,-75.05,29.75
34.59,-75.03,29.7
34.59,-75.01,29.63
34.59,-74.99,29.61
34.59,-74.97,29.71
34.59,-74.95,29.71
34.59,-74.93,29.69
34.59,-74.91,29.73
34.59,-74.89,29.75
34.59,-74.87,29.73
34.59,-74.85,29.66
34.59,-74.83,29.59
34.59,-74.81,29.6
34.59,-74.79,29.6
34.59,-74.77,29.61
34.59,-74.75,29.62
34.59,-74.73,29.67
34.59,-74.71,29.65
34.59,-74.69,29.6
34.59,-74.67,29.62
34.59,-74.65,29.56
34.59,-74.63,29.57
34.59,-74.61,29.54
34.59,-74.59,29.54
34.59,-74.57,29.62
34.59,-74.55,29.61
34.59,-74.53,29.56
34.59,-74.51,29.59
34.59,-74.49,29.5
34.59,-74.47,29.44
34.59,-74.45,29.31
34.59,-74.37,29.25
34.59,-74.35,29.26
34.59,-74.33,29.34
34.59,-74.31,29.33
34.59,-74.29,29.3
34.59,-74.27,29.06
34.59,-74.25,28.81
34.59,-74.23,28.29
34.59,-74.21,28.28
34.59,-74.19,27.83
34.57,-77.39,28.1
34.57,-77.37,28.04
34.57,-77.25,28.38
34.57,-77.23,28.42
34.57,-77.21,28.34
34.57,-77.19,28.16
34.57,-77.17,27.88
34.57,-77.15,27.9
34.57,-77.13,27.98
34.57,-77.11,28.01
34.57,-77.09,28.04
34.57,-77.07,28.06
34.57,-77.05,28.01
34.57,-77.03,28.0
34.57,-77.01,28.06
34.57,-76.99,28.04
34.57,-76.97,28.1
34.57,-76.95,28.17
34.57,-76.93,28.27
34.57,-76.91,28.28
34.57,-76.89,28.21
34.57,-76.87,28.26
34.57,-76.85,28.2
34.57,-76.83,28.2
34.57,-76.81,28.22
34.57,-76.79,28.19
34.57,-76.77,28.15
34.57,-76.75,28.05
34.57,-76.73,28.11
34.57,-76.71,28.08
34.57,-76.69,28.12
34.57,-76.67,28.17
34.57,-76.65,28.22
34.57,-76.63,28.23
34.57,-76.61,28.29
34.57,-76.59,28.27
34.57,-76.57,28.3
34.57,-76.55,28.37
34.57,-76.53,27.47
34.57,-76.51,27.48
34.57,-76.49,27.51
34.57,-76.47,27.81
34.57,-76.45,27.81
34.57,-76.43,27.85
34.57,-76.41,27.92
34.57,-76.39,27.95
34.57,-76.37,27.89
34.57,-76.35,27.73
34.57,-76.33,27.66
34.57,-76.31,27.67
34.57,-76.29,27.69
34.57,-76.27,27.66
34.57,-76.25,27.71
34.57,-76.23,27.78
34.57,-76.21,27.87
34.57,-76.19,28.03
34.57,-76.17,28.04
34.57,-76.15,28.07
34.57,-76.13,28.16
34.57,-76.11,28.18
34.57,-76.09,28.29
34.57,-76.07,28.25
34.57,-76.05,28.19
34.57,-76.03,28.44
34.57,-76.01,28.5
34.57,-75.99,28.73
34.57,-75.97,28.87
34.57,-75.95,29.1
34.57,-75.93,29.19
34.57,-75.91,29.02
34.57,-75.89,29.06
34.57,-75.87,29.08
34.57,-75.85,29.19
34.57,-75.83,29.26
34.57,-75.81,29.27
34.57,-75.79,29.29
34.57,-75.77,29.36
34.57,-75.75,29.43
34.57,-75.73,29.45
34.57,-75.71,29.48
34.57,-75.69,29.47
34.57,-75.67,29.53
34.57,-75.65,29.55
34.57,-75.63,29.47
34.57,-75.61,29.49
34.57,-75.59,29.5
34.57,-75.57,29.46
34.57,-75.55,29.44
34.57,-75.53,29.52
34.57,-75.51,29.54
34.57,-75.49,29.56
34.57,-75.47,29.58
34.57,-75.45,29.53
34.57,-75.43,29.49
34.57,-75.41,29.35
34.57,-75.39,29.19
34.57,-75.37,29.08
34.57,-75.35,29.09
34.57,-75.33,29.07
34.57,-75.31,29.06
34.57,-75.29,29.13
34.57,-75.27,29.29
34.57,-75.25,29.35
34.57,-75.23,29.42
34.57,-75.21,29.45
34.57,-75.19,29.61
34.57,-75.17,29.93
34.57,-75.15,29.91
34.57,-75.13,29.84
34.57,-75.11,30.03
34.57,-75.09,30.03
34.57,-75.07,29.92
34.57,-75.05,29.8
34.57,-75.03,29.76
34.57,-75.01,29.69
34.57,-74.99,29.66
34.57,-74.97,29.7
34.57,-74.95,29.68
34.57,-74.93,29.74
34.57,-74.91,29.79
34.57,-74.89,29.77
34.57,-74.87,29.7
34.57,-74.85,29.63
34.57,-74.83,29.63
34.57,-74.81,29.6
34.57,-74.79,29.61
34.57,-74.77,29.61
34.57,-74.75,29.6
34.57,-74.73,29.67
34.57,-74.71,29.63
34.57,-74.69,29.55
34.57,-74.67,29.54
34.57,-74.65,29.54
34.57,-74.63,29.51
34.57,-74.61,29.45
34.57,-74.59,29.47
34.57,-74.57,29.62
34.57,-74.55,29.52
34.57,-74.53,29.47
34.57,-74.51,29.43
34.57,-74.49,29.39
34.57,-74.43,29.26
34.57,-74.41,29.25
34.57,-74.37,29.27
34.57,-74.35,29.3
34.57,-74.33,29.34
34.57,-74.31,29.34
34.57,-74.29,29.28
34.57,-74.27,29.03
34.57,-74.25,28.78
34.57,-74.23,28.29
34.57,-74.21,27.89
34.57,-74.19,27.82
34.57,-74.17,27.75
34.57,-74.15,27.7
34.57,-74.13,27.78
34.55,-77.29,28.47
34.55,-77.27,28.49
34.55,-77.25,28.31
34.55,-77.23,28.17
34.55,-77.21,28.01
34.55,-77.19,27.98
34.55,-77.17,27.95
34.55,-77.15,27.98
34.55,-77.13,27.96
34.55,-77.11,28.03
34.55,-77.09,28.1
34.55,-77.07,28.06
34.55,-77.05,28.01
34.55,-77.03,28.03
34.55,-77.01,28.12
34.55,-76.99,28.11
34.55,-76.97,28.12
34.55,-76.95,28.16
34.55,-76.93,28.23
34.55,-76.91,28.26
34.55,-76.89,28.27
34.55,-76.87,28.28
34.55,-76.85,28.2
34.55,-76.83,28.19
34.55,-76.81,28.14
34.55,-76.79,28.15
34.55,-76.77,28.13
34.55,-76.75,28.13
34.55,-76.73,28.15
34.55,-76.71,28.14
34.55,-76.69,28.11
34.55,-76.67,28.18
34.55,-76.65,28.17
34.55,-76.63,28.2
34.55,-76.61,28.32
34.55,-76.59,28.26
34.55,-76.57,28.26
34.55,-76.55,28.36
34.55,-76.53,27.69
34.55,-76.51,27.33
34.55,-76.49,27.36
34.55,-76.47,27.25
34.55,-76.45,27.33
34.55,-76.43,27.62
34.55,-76.41,27.87
34.55,-76.39,27.85
34.55,-76.37,27.85
34.55,-76.35,27.81
34.55,-76.33,27.69
34.55,-76.31,27.61
34.55,-76.29,27.63
34.55,-76.27,27.63
34.55,-76.25,27.63
34.55,-76.23,27.74
34.55,-76.21,27.81
34.55,-76.19,27.84
34.55,-76.17,27.89
34.55,-76.15,28.09
34.55,-76.13,28.2
34.55,-76.11,28.25
34.55,-76.09,28.32
34.55,-76.07,28.4
34.55,-76.05,28.35
34.55,-76.03,28.34
34.55,-76.01,28.42
34.55,-75.99,28.44
34.55,-75.97,28.81
34.55,-75.95,28.9
34.55,-75.93,28.81
34.55,-75.91,28.85
34.55,-75.89,28.93
34.55,-75.87,29.0
34.55,-75.85,29.1
34.55,-75.83,29.06
34.55,-75.81,29.06
34.55,-75.79,29.2
34.55,-75.77,29.39
34.55,-75.75,29.5
34.55,-75.73,29.52
34.55,-75.71,29.49
34.55,-75.69,29.54
34.55,-75.67,29.56
34.55,-75.65,29.51
34.55,-75.63,29.51
34.55,-75.61,29.5
34.55,-75.59,29.49
34.55,-75.57,29.52
34.55,-75.55,29.55
34.55,-75.53,29.6
34.55,-75.51,29.55
34.55,-75.49,29.59
34.55,-75.47,29.6
34.55,-75.45,29.5
34.55,-75.43,29.49
34.55,-75.41,29.37
34.55,-75.39,29.25
34.55,-75.37,29.22
34.55,-75.35,29.1
34.55,-75.33,29.11
34.55,-75.31,29.16
34.55,-75.29,29.23
34.55,-75.27,29.33
34.55,-75.25,29.44
34.55,-75.23,29.5
34.55,-75.21,29.76
34.55,-75.19,29.86
34.55,-75.17,29.9
34.55,-75.15,29.86
34.55,-75.13,29.89
34.55,-75.11,29.99
34.55,-75.09,29.98
34.55,-75.07,29.85
34.55,-75.05,29.76
34.55,-75.03,29.82
34.55,-75.01,29.73
34.55,-74.99,29.68
34.55,-74.97,29.63
34.55,-74.95,29.69
34.55,-74.93,29.73
34.55,-74.91,29.76
34.55,-74.89,29.7
34.55,-74.87,29.69
34.55,-74.85,29.66
34.55,-74.83,29.65
34.55,-74.81,29.62
34.55,-74.79,29.6
34.55,-74.77,29.66
34.55,-74.75,29.67
34.55,-74.73,29.65
34.55,-74.71,29.61
34.55,-74.69,29.59
34.55,-74.67,29.54
34.55,-74.65,29.51
34.55,-74.63,29.53
34.55,-74.61,29.56
34.55,-74.59,29.52
34.55,-74.57,29.59
34.55,-74.55,29.56
34.55,-74.53,29.45
34.55,-74.51,29.35
34.55,-74.49,29.32
34.55,-74.47,29.18
34.55,-74.45,29.24
34.55,-74.43,29.35
34.55,-74.41,29.36
34.55,-74.39,29.36
34.55,-74.37,29.3
34.55,-74.35,29.35
34.55,-74.33,29.4
34.55,-74.31,29.4
34.55,-74.29,29.18
34.55,-74.27,29.0
34.55,-74.25,28.78
34.55,-74.23,28.31
34.55,-74.21,27.86
34.55,-74.19,27.8
34.55,-74.17,27.73
34.55,-74.15,27.73
34.55,-74.13,27.76
34.55,-74.11,27.79
34.55,-74.09,27.9
34.55,-74.07,27.88
34.53,-77.37,28.29
34.53,-77.33,28.47
34.53,-77.31,28.41
34.53,-77.29,28.39
34.53,-77.27,28.47
34.53,-77.25,28.28
34.53,-77.23,28.09
34.53,-77.21,28.0
34.53,-77.19,28.05
34.53,-77.17,27.96
34.53,-77.15,27.99
34.53,-77.13,28.06
34.53,-77.11,28.1
34.53,-77.09,28.1
34.53,-77.07,28.07
34.53,-77.05,28.12
34.53,-77.03,28.07
34.53,-77.01,28.07
34.53,-76.99,28.09
34.53,-76.97,28.09
34.53,-76.95,28.11
34.53,-76.93,28.19
34.53,-76.91,28.26
34.53,-76.89,28.24
34.53,-76.87,28.24
34.53,-76.85,28.24
34.53,-76.83,28.18
34.53,-76.81,28.11
34.53,-76.79,28.11
34.53,-76.77,28.08
34.53,-76.75,28.13
34.53,-76.73,28.16
34.53,-76.71,28.2
34.53,-76.69,28.18
34.53,-76.67,28.16
34.53,-76.65,28.21
34.53,-76.63,28.21
34.53,-76.61,28.3
34.53,-76.59,28.23
34.53,-76.57,28.23
34.53,-76.55,28.41
34.53,-76.53,28.24
34.53,-76.51,27.42
34.53,-76.49,27.29
34.53,-76.47,27.28
34.53,-76.45,27.41
34.53,-76.43,27.48
34.53,-76.41,27.75
34.53,-76.39,27.76
34.53,-76.37,27.76
34.53,-76.35,27.88
34.53,-76.33,27.77
34.53,-76.31,27.67
34.53,-76.29,27.64
34.53,-76.27,27.67
34.53,-76.25,27.74
34.53,-76.23,27.75
34.53,-76.21,27.77
34.53,-76.19,27.76
34.53,-76.17,27.9
34.53,-76.15,28.05
34.53,-76.13,28.18
34.53,-76.11,28.21
34.53,-76.09,28.26
34.53,-76.07,28.35
34.53,-76.05,28.38
34.53,-76.03,28.35
34.53,-76.01,28.33
34.53,-75.99,28.18
34.53,-75.97,28.36
34.53,-75.95,28.78
34.53,-75.93,28.66
34.53,-75.91,28.6
34.53,-75.89,28.68
34.53,-75.87,28.77
34.53,-75.85,28.85
34.53,-75.83,28.86
34.53,-75.81,28.95
34.53,-75.79,29.11
34.53,-75.77,29.28
34.53,-75.75,29.4
34.53,-75.73,29.49
34.53,-75.71,29.48
34.53,-75.69,29.55
34.53,-75.67,29.57
34.53,-75.65,29.53
34.53,-75.63,29.5
34.53,-75.61,29.52
34.53,-75.59,29.56
34.53,-75.57,29.59
34.53,-75.55,29.58
34.53,-75.53,29.61
34.53,-75.51,29.54
34.53,-75.49,29.52
34.53,-75.47,29.49
34.53,-75.45,29.5
34.53,-75.43,29.48
34.53,-75.41,29.36
34.53,-75.39,29.32
34.53,-75.37,29.27
34.53,-75.35,29.23
34.53,-75.33,29.21
34.53,-75.31,29.23
34.53,-75.29,29.32
34.53,-75.27,29.4
34.53,-75.25,29.59
34.53,-75.23,29.88
34.53,-75.21,29.96
34.53,-75.19,29.9
34.53,-75.17,29.86
34.53,-75.15,29.97
34.53,-75.13,30.0
34.53,-75.11,29.95
34.53,-75.09,29.91
34.53,-75.07,29.8
34.53,-75.05,29.82
34.53,-75.03,29.82
34.53,-75.01,29.78
34.53,-74.99,29.73
34.53,-74.97,29.68
34.53,-74.95,29.72
34.53,-74.93,29.77
34.53,-74.91,29.77
34.53,-74.89,29.66
34.53,-74.87,29.68
34.53,-74.85,29.72
34.53,-74.83,29.65
34.53,-74.81,29.65
34.53,-74.79,29.57
34.53,-74.77,29.68
34.53,-74.75,29.64
34.53,-74.73,29.59
34.53,-74.71,29.61
34.53,-74.69,29.61
34.53,-74.67,29.61
34.53,-74.65,29.52
34.53,-74.63,29.52
34.53,-74.61,29.54
34.53,-74.59,29.5
34.53,-74.57,29.57
34.53,-74.55,29.51
34.53,-74.53,29.37
34.53,-74.51,29.27
34.53,-74.49,29.11
34.53,-74.47,29.25
34.53,-74.45,29.32
34.53,-74.43,29.46
34.53,-74.41,29.4
34.53,-74.39,29.39
34.53,-74.37,29.44
34.53,-74.35,29.36
34.53,-74.33,29.39
34.53,-74.31,29.4
34.53,-74.29,29.11
34.53,-74.27,28.9
34.53,-74.25,28.5
34.53,-74.23,27.92
34.53,-74.21,27.82
34.53,-74.19,27.77
34.53,-74.17,27.71
34.53,-74.15,27.76
34.53,-74.13,27.76
34.53,-74.11,27.85
34.53,-74.09,27.93
34.53,-74.07,27.88
34.53,-74.05,27.92
34.53,-74.03,27.86
34.53,-74.01,27.88
34.53,-73.99,27.86
34.51,-77.41,27.8
34.51,-77.37,28.24
34.51,-77.35,28.27
34.51,-77.33,28.22
34.51,-77.31,28.2
34.51,-77.29,28.27
34.51,-77.27,28.28
34.51,-77.25,28.19
34.51,-77.23,28.03
34.51,-77.21,27.97
34.51,-77.19,27.94
34.51,-77.17,27.96
34.51,-77.15,28.14
34.51,-77.13,28.12
34.51,-77.11,28.15
34.51,-77.09,28.08
34.51,-77.07,28.05
34.51,-77.05,28.08
34.51,-77.03,28.08
34.51,-77.01,28.07
34.51,-76.99,28.09
34.51,-76.97,28.08
34.51,-76.95,28.13
34.51,-76.93,28.19
34.51,-76.91,28.23
34.51,-76.89,28.18
34.51,-76.87,28.17
34.51,-76.85,28.2
34.51,-76.83,28.19
34.51,-76.81,28.15
34.51,-76.79,28.11
34.51,-76.77,28.14
34.51,-76.75,28.18
34.51,-76.73,28.16
34.51,-76.71,28.16
34.51,-76.69,28.14
34.51,-76.67,28.16
34.51,-76.65,28.2
34.51,-76.63,28.17
34.51,-76.61,28.21
34.51,-76.59,28.23
34.51,-76.57,28.31
34.51,-76.55,28.39
34.51,-76.53,28.25
34.51,-76.51,27.72
34.51,-76.49,27.54
34.51,-76.47,27.43
34.51,-76.45,27.38
34.51,-76.43,27.42
34.51,-76.41,27.57
34.51,-76.39,27.64
34.51,-76.37,27.56
34.51,-76.35,27.58
34.51,-76.33,27.75
34.51,-76.31,27.75
34.51,-76.29,27.7
34.51,-76.27,27.72
34.51,-76.25,27.73
34.51,-76.23,27.72
34.51,-76.21,27.83
34.51,-76.19,27.83
34.51,-76.17,27.89
34.51,-76.15,28.0
34.51,-76.13,28.07
34.51,-76.11,28.04
34.51,-76.09,28.15
34.51,-76.07,28.22
34.51,-76.05,28.26
34.51,-76.03,28.28
34.51,-76.01,28.26
34.51,-75.99,28.24
34.51,-75.97,28.29
34.51,-75.95,28.37
34.51,-75.93,28.45
34.51,-75.91,28.4
34.51,-75.89,28.34
34.51,-75.87,28.5
34.51,-75.85,28.55
34.51,-75.83,28.68
34.51,-75.81,28.95
34.51,-75.79,29.15
34.51,-75.77,29.2
34.51,-75.75,29.34
34.51,-75.73,29.39
34.51,-75.71,29.45
34.51,-75.69,29.49
34.51,-75.67,29.53
34.51,-75.65,29.5
34.51,-75.63,29.46
34.51,-75.61,29.49
34.51,-75.59,29.54
34.51,-75.57,29.56
34.51,-75.55,29.53
34.51,-75.53,29.62
34.51,-75.51,29.57
34.51,-75.49,29.56
34.51,-75.47,29.53
34.51,-75.45,29.49
34.51,-75.43,29.46
34.51,-75.41,29.5
34.51,-75.39,29.46
34.51,-75.37,29.33
34.51,-75.35,29.35
34.51,-75.33,29.41
34.51,-75.31,29.42
34.51,-75.29,29.44
34.51,-75.27,29.69
34.51,-75.25,29.79
34.51,-75.23,29.97
34.51,-75.21,29.97
34.51,-75.19,29.87
34.51,-75.17,29.88
34.51,-75.15,30.08
34.51,-75.13,29.96
34.51,-75.11,29.89
34.51,-75.09,29.92
34.51,-75.07,29.83
34.51,-75.05,29.77
34.51,-75.03,29.7
34.51,-75.01,29.73
34.51,-74.99,29.75
34.51,-74.97,29.73
34.51,-74.95,29.74
34.51,-74.93,29.69
34.51,-74.91,29.66
34.51,-74.89,29.66
34.51,-74.87,29.71
34.51,-74.85,29.69
34.51,-74.83,29.63
34.51,-74.81,29.62
34.51,-74.79,29.57
34.51,-74.77,29.58
34.51,-74.75,29.61
34.51,-74.73,29.63
34.51,-74.71,29.62
34.51,-74.69,29.58
34.51,-74.67,29.54
34.51,-74.65,29.52
34.51,-74.63,29.57
34.51,-74.61,29.49
34.51,-74.59,29.5
34.51,-74.57,29.53
34.51,-74.55,29.48
34.51,-74.53,29.42
34.51,-74.51,29.27
34.51,-74.49,29.12
34.51,-74.47,29.25
34.51,-74.45,29.35
34.51,-74.43,29.45
34.51,-74.41,29.4
34.51,-74.39,29.46
34.51,-74.37,29.45
34.51,-74.35,29.41
34.51,-74.33,29.39
34.51,-74.31,29.33
34.51,-74.29,28.95
34.51,-74.27,28.92
34.51,-74.25,28.59
34.51,-74.23,27.92
34.51,-74.21,27.82
34.51,-74.19,27.75
34.51,-74.17,27.71
34.51,-74.15,27.77
34.51,-74.13,27.79
34.51,-74.11,27.88
34.51,-74.09,27.93
34.51,-74.07,27.91
34.51,-74.05,27.88
34.51,-74.03,27.85
34.51,-74.01,27.88
34.51,-73.99,27.78
34.51,-73.97,27.66
34.51,-73.95,27.51
34.51,-73.93,27.3
34.49,-77.41,27.79
34.49,-77.39,27.8
34.49,-77.37,27.85
34.49,-77.35,27.97
34.49,-77.33,27.93
34.49,-77.31,27.96
34.49,-77.29,28.13
34.49,-77.27,28.11
34.49,-77.25,28.14
34.49,-77.23,27.96
34.49,-77.21,27.92
34.49,-77.19,27.9
34.49,-77.17,28.06
34.49,-77.15,28.18
34.49,-77.13,28.15
34.49,-77.11,28.14
34.49,-77.09,28.05
34.49,-77.07,28.05
34.49,-77.05,28.12
34.49,-77.03,28.1
34.49,-77.01,28.1
34.49,-76.99,28.05
34.49,-76.97,28.17
34.49,-76.95,28.09
34.49,-76.93,28.16
34.49,-76.91,28.14
34.49,-76.89,28.13
34.49,-76.87,28.13
34.49,-76.85,28.2
34.49,-76.83,28.13
34.49,-76.81,28.19
34.49,-76.79,28.22
34.49,-76.77,28.16
34.49,-76.75,28.13
34.49,-76.73,28.13
34.49,-76.71,28.11
34.49,-76.69,28.17
34.49,-76.67,28.2
34.49,-76.65,28.24
34.49,-76.63,28.24
34.49,-76.61,28.23
34.49,-76.59,28.26
34.49,-76.57,28.29
34.49,-76.55,28.28
34.49,-76.53,28.27
34.49,-76.51,27.96
34.49,-76.49,27.66
34.49,-76.47,27.59
34.49,-76.45,27.35
34.49,-76.43,27.42
34.49,-76.41,27.5
34.49,-76.39,27.52
34.49,-76.37,27.5
34.49,-76.35,27.44
34.49,-76.33,27.56
34.49,-76.31,27.81
34.49,-76.29,27.78
34.49,-76.27,27.84
34.49,-76.25,27.86
34.49,-76.23,27.9
34.49,-76.21,27.88
34.49,-76.19,27.86
34.49,-76.17,27.91
34.49,-76.15,27.94
34.49,-76.13,27.96
34.49,-76.11,27.95
34.49,-76.09,28.01
34.49,-76.07,28.11
34.49,-76.05,28.23
34.49,-76.03,28.29
34.49,-76.01,28.28
34.49,-75.99,28.32
34.49,-75.97,28.38
34.49,-75.95,28.34
34.49,-75.93,28.35
34.49,-75.91,28.38
34.49,-75.89,28.34
34.49,-75.87,28.37
34.49,-75.85,28.51
34.49,-75.83,28.83
34.49,-75.81,28.99
34.49,-75.79,29.1
34.49,-75.77,29.17
34.49,-75.75,29.34
34.49,-75.73,29.36
34.49,-75.71,29.5
34.49,-75.69,29.61
34.49,-75.67,29.67
34.49,-75.65,29.58
34.49,-75.63,29.75
34.49,-75.61,29.74
34.49,-75.59,29.66
34.49,-75.57,29.67
34.49,-75.55,29.69
34.49,-75.53,29.66
34.49,-75.51,29.65
34.49,-75.49,29.64
34.49,-75.47,29.61
34.49,-75.45,29.55
34.49,-75.43,29.57
34.49,-75.41,29.51
34.49,-75.39,29.5
34.49,-75.37,29.54
34.49,-75.35,29.47
34.49,-75.33,29.5
34.49,-75.31,29.71
34.49,-75.29,29.72
34.49,-75.27,29.93
34.49,-75.25,29.93
34.49,-75.23,30.0
34.49,-75.21,29.97
34.49,-75.19,30.0
34.49,-75.17,30.06
34.49,-75.15,30.04
34.49,-75.13,29.92
34.49,-75.11,29.85
34.49,-75.09,29.86
34.49,-75.07,29.84
34.49,-75.05,29.78
34.49,-75.03,29.72
34.49,-75.01,29.74
34.49,-74.99,29.78
34.49,-74.97,29.79
34.49,-74.95,29.77
34.49,-74.93,29.71
34.49,-74.91,29.7
34.49,-74.89,29.72
34.49,-74.87,29.69
34.49,-74.85,29.63
34.49,-74.83,29.59
34.49,-74.81,29.58
34.49,-74.79,29.59
34.49,-74.77,29.62
34.49,-74.75,29.61
34.49,-74.73,29.59
34.49,-74.71,29.6
34.49,-74.69,29.52
34.49,-74.67,29.54
34.49,-74.65,29.57
34.49,-74.63,29.57
34.49,-74.61,29.52
34.49,-74.59,29.47
34.49,-74.57,29.44
34.49,-74.55,29.41
34.49,-74.53,29.34
34.49,-74.51,29.3
34.49,-74.49,29.34
34.49,-74.47,29.4
34.49,-74.45,29.36
34.49,-74.43,29.38
34.49,-74.41,29.36
34.49,-74.39,29.41
34.49,-74.37,29.44
34.49,-74.35,29.38
34.49,-74.33,29.34
34.49,-74.31,29.18
34.49,-74.29,28.97
34.49,-74.27,28.76
34.49,-74.25,28.33
34.49,-74.23,27.81
34.49,-74.21,27.79
34.49,-74.19,27.73
34.49,-74.17,27.73
34.49,-74.15,27.82
34.49,-74.13,27.88
34.49,-74.11,27.92
34.49,-74.09,27.91
34.49,-74.07,27.86
34.49,-74.05,27.84
34.49,-74.03,27.86
34.49,-74.01,27.87
34.49,-73.99,27.75
34.49,-73.97,27.62
34.49,-73.95,27.35
34.49,-73.93,27.22
34.49,-73.91,27.15
34.49,-73.89,27.09
34.49,-73.87,27.07
34.49,-73.85,27.07
34.47,-77.45,27.7
34.47,-77.43,27.8
34.47,-77.41,27.88
34.47,-77.39,27.81
34.47,-77.37,27.81
34.47,-77.35,27.9
34.47,-77.33,27.86
34.47,-77.31,27.9
34.47,-77.29,27.98
34.47,-77.27,28.05
34.47,-77.25,28.04
34.47,-77.23,28.04
34.47,-77.21,28.13
34.47,-77.19,28.11
34.47,-77.17,28.16
34.47,-77.15,28.27
34.47,-77.13,28.24
34.47,-77.11,28.12
34.47,-77.09,28.06
34.47,-77.07,28.07
34.47,-77.05,28.1
34.47,-77.03,28.01
34.47,-77.01,28.03
34.47,-76.99,28.04
34.47,-76.97,28.09
34.47,-76.95,28.01
34.47,-76.93,28.03
34.47,-76.91,28.1
34.47,-76.89,28.13
34.47,-76.87,28.14
34.47,-76.85,28.22
34.47,-76.83,28.14
34.47,-76.81,28.14
34.47,-76.79,28.23
34.47,-76.77,28.14
34.47,-76.75,28.11
34.47,-76.73,28.09
34.47,-76.71,28.1
34.47,-76.69,28.14
34.47,-76.67,28.21
34.47,-76.65,28.22
34.47,-76.63,28.25
34.47,-76.61,28.26
34.47,-76.59,28.25
34.47,-76.57,28.27
34.47,-76.55,28.34
34.47,-76.53,28.29
34.47,-76.51,28.19
34.47,-76.49,27.79
34.47,-76.47,27.66
34.47,-76.45,27.5
34.47,-76.43,27.41
34.47,-76.41,27.44
34.47,-76.39,27.39
34.47,-76.37,27.42
34.47,-76.35,27.36
34.47,-76.33,27.43
34.47,-76.31,27.63
34.47,-76.29,27.87
34.47,-76.27,27.89
34.47,-76.25,27.86
34.47,-76.23,27.86
34.47,-76.21,27.95
34.47,-76.19,27.9
34.47,-76.17,27.93
34.47,-76.15,27.9
34.47,-76.13,27.93
34.47,-76.11,27.97
34.47,-76.09,28.02
34.47,-76.07,28.17
34.47,-76.05,28.2
34.47,-76.03,28.24
34.47,-76.01,28.23
34.47,-75.99,28.3
34.47,-75.97,28.49
34.47,-75.95,28.48
34.47,-75.93,28.38
34.47,-75.91,28.38
34.47,-75.89,28.33
34.47,-75.87,28.51
34.47,-75.85,28.75
34.47,-75.83,28.91
34.47,-75.81,29.12
34.47,-75.79,29.24
34.47,-75.77,29.45
34.47,-75.75,29.59
34.47,-75.73,29.66
34.47,-75.71,29.84
34.47,-75.69,29.86
34.47,-75.67,29.87
34.47,-75.65,29.82
34.47,-75.63,29.84
34.47,-75.61,29.81
34.47,-75.59,29.8
34.47,-75.57,29.72
34.47,-75.55,29.78
34.47,-75.53,29.79
34.47,-75.51,29.8
34.47,-75.49,29.8
34.47,-75.47,29.75
34.47,-75.45,29.68
34.47,-75.43,29.67
34.47,-75.41,29.69
34.47,-75.39,29.78
34.47,-75.37,29.79
34.47,-75.35,29.86
34.47,-75.33,29.86
34.47,-75.31,30.08
34.47,-75.29,30.12
34.47,-75.27,30.1
34.47,-75.25,30.04
34.47,-75.23,30.1
34.47,-75.21,30.07
34.47,-75.19,30.07
34.47,-75.17,30.03
34.47,-75.15,29.92
34.47,-75.13,29.85
34.47,-75.11,29.79
34.47,-75.09,29.82
34.47,-75.07,29.84
34.47,-75.05,29.76
34.47,-75.03,29.75
34.47,-75.01,29.77
34.47,-74.99,29.72
34.47,-74.97,29.78
34.47,-74.95,29.81
34.47,-74.93,29.76
34.47,-74.91,29.71
34.47,-74.89,29.72
34.47,-74.87,29.63
34.47,-74.85,29.58
34.47,-74.83,29.58
34.47,-74.81,29.65
34.47,-74.79,29.62
34.47,-74.77,29.55
34.47,-74.75,29.61
34.47,-74.73,29.63
34.47,-74.71,29.7
34.47,-74.69,29.6
34.47,-74.67,29.58
34.47,-74.65,29.61
34.47,-74.63,29.62
34.47,-74.61,29.61
34.47,-74.59,29.44
34.47,-74.57,29.41
34.47,-74.55,29.39
34.47,-74.53,29.36
34.47,-74.51,29.37
34.47,-74.49,29.38
34.47,-74.47,29.45
34.47,-74.45,29.4
34.47,-74.43,29.4
34.47,-74.41,29.45
34.47,-74.39,29.44
34.47,-74.37,29.4
34.47,-74.35,29.4
34.47,-74.33,29.39
34.47,-74.31,29.1
34.47,-74.29,28.93
34.47,-74.27,28.78
34.47,-74.25,27.92
34.47,-74.23,27.91
34.47,-74.21,27.74
34.47,-74.19,27.72
34.47,-74.17,27.79
34.47,-74.15,27.83
34.47,-74.13,27.88
34.47,-74.11,27.96
34.47,-74.09,28.01
34.47,-74.07,27.9
34.47,-74.05,27.83
34.47,-74.03,27.83
34.47,-74.01,27.84
34.47,-73.99,27.72
34.47,-73.97,27.58
34.47,-73.95,27.35
34.47,-73.93,27.2
34.47,-73.91,27.13
34.47,-73.89,27.08
34.47,-73.87,27.07
34.47,-73.85,27.09
34.47,-73.83,27.14
34.47,-73.81,27.2
34.47,-73.79,27.19
34.45,-77.53,27.45
34.45,-77.49,27.85
34.45,-77.47,27.88
34.45,-77.45,27.89
34.45,-77.43,27.93
34.45,-77.41,27.84
34.45,-77.39,27.77
34.45,-77.37,27.75
34.45,-77.35,27.82
34.45,-77.33,27.84
34.45,-77.31,27.9
34.45,-77.29,27.97
34.45,-77.27,28.01
34.45,-77.25,28.09
34.45,-77.23,28.15
34.45,-77.21,28.18
34.45,-77.19,28.23
34.45,-77.17,28.2
34.45,-77.15,28.17
34.45,-77.13,28.09
34.45,-77.11,28.08
34.45,-77.09,28.05
34.45,-77.07,28.02
34.45,-77.05,28.03
34.45,-77.03,28.04
34.45,-77.01,28.05
34.45,-76.99,28.04
34.45,-76.97,28.13
34.45,-76.95,28.11
34.45,-76.93,28.07
34.45,-76.91,28.1
34.45,-76.89,28.14
34.45,-76.87,28.24
34.45,-76.85,28.32
34.45,-76.83,28.18
34.45,-76.81,28.21
34.45,-76.79,28.25
34.45,-76.77,28.16
34.45,-76.75,28.16
34.45,-76.73,28.18
34.45,-76.71,28.18
34.45,-76.69,28.15
34.45,-76.67,28.12
34.45,-76.65,28.17
34.45,-76.63,28.21
34.45,-76.61,28.21
34.45,-76.59,28.28
34.45,-76.57,28.27
34.45,-76.55,28.33
34.45,-76.53,28.3
34.45,-76.51,28.18
34.45,-76.49,27.95
34.45,-76.47,27.73
34.45,-76.45,27.64
34.45,-76.43,27.58
34.45,-76.41,27.59
34.45,-76.39,27.58
34.45,-76.37,27.49
34.45,-76.35,27.47
34.45,-76.33,27.47
34.45,-76.31,27.75
34.45,-76.29,27.95
34.45,-76.27,27.98
34.45,-76.25,27.95
34.45,-76.23,27.89
34.45,-76.21,27.97
34.45,-76.19,27.96
34.45,-76.17,27.99
34.45,-76.15,27.97
34.45,-76.13,27.97
34.45,-76.11,27.96
34.45,-76.09,28.04
34.45,-76.07,28.15
34.45,-76.05,28.15
34.45,-76.03,28.19
34.45,-76.01,28.28
34.45,-75.99,28.36
34.45,-75.97,28.53
34.45,-75.95,28.56
34.45,-75.93,28.55
34.45,-75.91,28.55
34.45,-75.89,28.61
34.45,-75.87,28.7
34.45,-75.85,28.82
34.45,-75.83,29.21
34.45,-75.81,29.38
34.45,-75.79,29.63
34.45,-75.77,29.93
34.45,-75.75,29.97
34.45,-75.73,30.06
34.45,-75.71,30.07
34.45,-75.69,30.02
34.45,-75.67,30.1
34.45,-75.65,30.14
34.45,-75.63,30.11
34.45,-75.61,30.08
34.45,-75.59,29.94
34.45,-75.57,29.9
34.45,-75.55,29.88
34.45,-75.53,29.93
34.45,-75.51,29.97
34.45,-75.49,29.95
34.45,-75.47,29.91
34.45,-75.45,29.86
34.45,-75.43,29.85
34.45,-75.41,29.91
34.45,-75.39,30.0
34.45,-75.37,30.02
34.45,-75.35,30.18
34.45,-75.33,30.16
34.45,-75.31,30.1
34.45,-75.29,30.11
34.45,-75.27,30.15
34.45,-75.25,30.13
34.45,-75.23,30.08
34.45,-75.21,30.08
34.45,-75.19,30.03
34.45,-75.17,29.92
34.45,-75.15,29.91
34.45,-75.13,29.79
34.45,-75.11,29.79
34.45,-75.09,29.8
34.45,-75.07,29.73
34.45,-75.05,29.74
34.45,-75.03,29.76
34.45,-75.01,29.77
34.45,-74.99,29.75
34.45,-74.97,29.74
34.45,-74.95,29.73
34.45,-74.93,29.72
34.45,-74.91,29.66
34.45,-74.89,29.66
34.45,-74.87,29.65
34.45,-74.85,29.65
34.45,-74.83,29.64
34.45,-74.81,29.67
34.45,-74.79,29.63
34.45,-74.77,29.62
34.45,-74.75,29.65
34.45,-74.73,29.66
34.45,-74.71,29.68
34.45,-74.69,29.6
34.45,-74.67,29.59
34.45,-74.65,29.6
34.45,-74.63,29.61
34.45,-74.61,29.59
34.45,-74.59,29.47
34.45,-74.57,29.4
34.45,-74.55,29.39
34.45,-74.53,29.37
34.45,-74.51,29.42
34.45,-74.49,29.44
34.45,-74.47,29.46
34.45,-74.45,29.43
34.45,-74.43,29.48
34.45,-74.41,29.46
34.45,-74.39,29.43
34.45,-74.37,29.36
34.45,-74.35,29.4
34.45,-74.33,29.38
34.45,-74.31,29.14
34.45,-74.29,28.98
34.45,-74.27,28.7
34.45,-74.25,27.96
34.45,-74.23,27.83
34.45,-74.21,27.77
34.45,-74.19,27.73
34.45,-74.17,27.8
34.45,-74.15,27.86
34.45,-74.13,27.91
34.45,-74.11,27.98
34.45,-74.09,28.02
34.45,-74.07,27.94
34.45,-74.05,27.88
34.45,-74.03,27.84
34.45,-74.01,27.84
34.45,-73.99,27.69
34.45,-73.97,27.65
34.45,-73.95,27.35
34.45,-73.93,27.18
34.45,-73.91,27.1
34.45,-73.89,27.06
34.45,-73.87,27.07
34.45,-73.85,27.09
34.45,-73.83,27.18
34.45,-73.81,27.19
34.45,-73.79,27.16
34.45,-73.77,27.09
34.45,-73.75,27.05
34.45,-73.73,27.0
34.43,-77.53,27.95
34.43,-77.51,27.98
34.43,-77.49,27.9
34.43,-77.47,27.92
34.43,-77.45,27.95
34.43,-77.43,27.95
34.43,-77.41,27.88
34.43,-77.39,27.8
34.43,-77.37,27.79
34.43,-77.35,27.87
34.43,-77.33,28.02
34.43,-77.31,28.06
34.43,-77.29,28.11
34.43,-77.27,28.08
34.43,-77.25,28.11
34.43,-77.23,28.1
34.43,-77.21,28.22
34.43,-77.19,28.25
34.43,-77.17,28.27
34.43,-77.15,28.2
34.43,-77.13,28.14
34.43,-77.11,28.11
34.43,-77.09,28.12
34.43,-77.07,28.09
34.43,-77.05,28.09
34.43,-77.03,28.13
34.43,-77.01,28.12
34.43,-76.99,28.14
34.43,-76.97,28.13
34.43,-76.95,28.08
34.43,-76.93,28.09
34.43,-76.91,28.19
34.43,-76.89,28.29
34.43,-76.87,28.34
34.43,-76.85,28.38
34.43,-76.83,28.36
34.43,-76.81,28.24
34.43,-76.79,28.25
34.43,-76.77,28.27
34.43,-76.75,28.27
34.43,-76.73,28.2
34.43,-76.71,28.18
34.43,-76.69,28.16
34.43,-76.67,28.14
34.43,-76.65,28.17
34.43,-76.63,28.17
34.43,-76.61,28.2
34.43,-76.59,28.24
34.43,-76.57,28.29
34.43,-76.55,28.32
34.43,-76.53,28.21
34.43,-76.51,28.2
34.43,-76.49,28.13
34.43,-76.47,27.83
34.43,-76.45,27.77
34.43,-76.43,27.73
34.43,-76.41,27.79
34.43,-76.39,27.67
34.43,-76.37,27.62
34.43,-76.35,27.58
34.43,-76.33,27.62
34.43,-76.31,27.81
34.43,-76.29,27.79
34.43,-76.27,27.82
34.43,-76.25,28.0
34.43,-76.23,27.92
34.43,-76.21,27.97
34.43,-76.19,27.95
34.43,-76.17,27.97
34.43,-76.15,27.99
34.43,-76.13,28.03
34.43,-76.11,27.85
34.43,-76.09,27.82
34.43,-76.07,28.08
34.43,-76.05,28.03
34.43,-76.03,28.22
34.43,-76.01,28.31
34.43,-75.99,28.61
34.43,-75.97,28.61
34.43,-75.95,28.81
34.43,-75.93,28.74
34.43,-75.91,28.76
34.43,-75.89,28.79
34.43,-75.87,28.96
34.43,-75.85,29.7
34.43,-75.83,29.85
34.43,-75.81,30.02
34.43,-75.79,30.12
34.43,-75.77,30.19
34.43,-75.75,30.16
34.43,-75.73,30.16
34.43,-75.71,30.16
34.43,-75.69,30.19
34.43,-75.67,30.13
34.43,-75.65,30.12
34.43,-75.63,30.16
34.43,-75.61,30.1
34.43,-75.59,30.05
34.43,-75.57,30.03
34.43,-75.55,30.06
34.43,-75.53,30.11
34.43,-75.51,30.11
34.43,-75.49,30.1
34.43,-75.47,30.05
34.43,-75.45,30.01
34.43,-75.43,30.02
34.43,-75.41,30.02
34.43,-75.39,30.12
34.43,-75.37,30.15
34.43,-75.35,30.21
34.43,-75.33,30.19
34.43,-75.31,30.14
34.43,-75.29,30.17
34.43,-75.27,30.14
34.43,-75.25,30.15
34.43,-75.23,30.01
34.43,-75.21,29.99
34.43,-75.19,29.93
34.43,-75.17,29.92
34.43,-75.15,29.92
34.43,-75.13,29.89
34.43,-75.11,29.81
34.43,-75.09,29.75
34.43,-75.07,29.74
34.43,-75.05,29.77
34.43,-75.03,29.84
34.43,-75.01,29.82
34.43,-74.99,29.79
34.43,-74.97,29.73
34.43,-74.95,29.69
34.43,-74.93,29.68
34.43,-74.91,29.73
34.43,-74.89,29.69
34.43,-74.87,29.66
34.43,-74.85,29.67
34.43,-74.83,29.69
34.43,-74.81,29.62
34.43,-74.79,29.61
34.43,-74.77,29.64
34.43,-74.75,29.63
34.43,-74.73,29.64
34.43,-74.71,29.64
34.43,-74.69,29.63
34.43,-74.67,29.65
34.43,-74.65,29.65
34.43,-74.63,29.67
34.43,-74.61,29.55
34.43,-74.59,29.51
34.43,-74.57,29.49
34.43,-74.55,29.46
34.43,-74.53,29.41
34.43,-74.51,29.41
34.43,-74.49,29.43
34.43,-74.47,29.42
34.43,-74.45,29.47
34.43,-74.43,29.46
34.43,-74.41,29.4
34.43,-74.39,29.39
34.43,-74.37,29.42
34.43,-74.35,29.37
34.43,-74.33,29.36
34.43,-74.31,29.15
34.43,-74.29,28.94
34.43,-74.27,28.29
34.43,-74.25,27.83
34.43,-74.23,27.82
34.43,-74.21,27.76
34.43,-74.19,27.73
34.43,-74.17,27.76
34.43,-74.15,27.9
34.43,-74.13,27.94
34.43,-74.11,28.02
34.43,-74.09,28.04
34.43,-74.07,28.08
34.43,-74.05,28.09
34.43,-74.03,27.98
34.43,-74.01,27.84
34.43,-73.99,27.73
34.43,-73.97,27.68
34.43,-73.95,27.38
34.43,-73.93,27.21
34.43,-73.91,27.12
34.43,-73.89,27.06
34.43,-73.87,27.08
34.43,-73.85,27.11
34.43,-73.83,27.22
34.43,-73.81,27.18
34.43,-73.79,27.16
34.43,-73.77,27.09
34.43,-73.75,27.06
34.43,-73.73,27.01
34.43,-73.71,27.02
34.43,-73.69,27.05
34.43,-73.67,26.92
34.41,-77.55,27.93
34.41,-77.53,27.97
34.41,-77.51,27.91
34.41,-77.49,27.9
34.41,-77.47,27.97
34.41,-77.45,27.99
34.41,-77.43,27.95
34.41,-77.41,27.94
34.41,-77.39,27.94
34.41,-77.37,28.0
34.41,-77.35,28.08
34.41,-77.33,28.14
34.41,-77.31,28.21
34.41,-77.29,28.2
34.41,-77.27,28.26
34.41,-77.25,28.2
34.41,-77.23,28.23
34.41,-77.21,28.22
34.41,-77.19,28.23
34.41,-77.17,28.29
34.41,-77.15,28.25
34.41,-77.13,28.17
34.41,-77.11,28.19
34.41,-77.09,28.18
34.41,-77.07,28.18
34.41,-77.05,28.18
34.41,-77.03,28.22
34.41,-77.01,28.23
34.41,-76.99,28.28
34.41,-76.97,28.21
34.41,-76.95,28.34
34.41,-76.93,28.32
34.41,-76.91,28.35
34.41,-76.89,28.38
34.41,-76.87,28.4
34.41,-76.85,28.38
34.41,-76.83,28.37
34.41,-76.81,28.34
34.41,-76.79,28.23
34.41,-76.77,28.22
34.41,-76.75,28.26
34.41,-76.73,28.23
34.41,-76.71,28.19
34.41,-76.69,28.19
34.41,-76.67,28.26
34.41,-76.65,28.19
34.41,-76.63,28.12
34.41,-76.61,28.14
34.41,-76.59,28.08
34.41,-76.57,28.21
34.41,-76.55,28.31
34.41,-76.53,28.23
34.41,-76.51,28.2
34.41,-76.49,28.2
34.41,-76.47,28.12
34.41,-76.45,27.91
34.41,-76.43,27.81
34.41,-76.41,27.74
34.41,-76.39,27.8
34.41,-76.37,27.69
34.41,-76.35,27.6
34.41,-76.33,27.64
34.41,-76.31,27.7
34.41,-76.29,27.73
34.41,-76.27,27.79
34.41,-76.25,27.89
34.41,-76.23,27.83
34.41,-76.21,27.83
34.41,-76.19,27.88
34.41,-76.17,27.91
34.41,-76.15,27.96
34.41,-76.13,27.95
34.41,-76.11,27.87
34.41,-76.09,27.81
34.41,-76.07,27.84
34.41,-76.05,28.09
34.41,-76.03,28.69
34.41,-76.01,28.71
34.41,-75.99,28.69
34.41,-75.97,28.8
34.41,-75.95,28.81
34.41,-75.93,28.81
34.41,-75.91,29.09
34.41,-75.89,29.54
34.41,-75.87,29.98
34.41,-75.85,29.96
34.41,-75.83,30.02
34.41,-75.81,30.11
34.41,-75.79,30.14
34.41,-75.77,30.1
34.41,-75.75,30.08
34.41,-75.73,30.2
34.41,-75.71,30.16
34.41,-75.69,30.11
34.41,-75.67,30.09
34.41,-75.65,30.15
34.41,-75.63,30.14
34.41,-75.61,30.17
34.41,-75.59,30.13
34.41,-75.57,30.1
34.41,-75.55,30.11
34.41,-75.53,30.11
34.41,-75.51,30.11
34.41,-75.49,30.11
34.41,-75.47,30.05
34.41,-75.45,30.09
34.41,-75.43,30.11
34.41,-75.41,30.15
34.41,-75.39,30.16
34.41,-75.37,30.18
34.41,-75.35,30.21
34.41,-75.33,30.19
34.41,-75.31,30.19
34.41,-75.29,30.18
34.41,-75.27,30.22
34.41,-75.25,30.2
34.41,-75.23,29.99
34.41,-75.21,29.98
34.41,-75.19,29.89
34.41,-75.17,29.9
34.41,-75.15,29.92
34.41,-75.13,29.86
34.41,-75.11,29.76
34.41,-75.09,29.76
34.41,-75.07,29.8
34.41,-75.05,29.89
34.41,-75.03,29.89
34.41,-75.01,29.85
34.41,-74.99,29.75
34.41,-74.97,29.69
34.41,-74.95,29.63
34.41,-74.93,29.67
34.41,-74.91,29.68
34.41,-74.89,29.72
34.41,-74.87,29.73
34.41,-74.85,29.7
34.41,-74.83,29.67
34.41,-74.81,29.64
34.41,-74.79,29.64
34.41,-74.77,29.61
34.41,-74.75,29.58
34.41,-74.73,29.62
34.41,-74.71,29.61
34.41,-74.69,29.62
34.41,-74.67,29.64
34.41,-74.65,29.66
34.41,-74.63,29.68
34.41,-74.61,29.64
34.41,-74.59,29.53
34.41,-74.57,29.46
34.41,-74.55,29.47
34.41,-74.53,29.44
34.41,-74.51,29.41
34.41,-74.49,29.43
34.41,-74.47,29.38
34.41,-74.45,29.43
34.41,-74.43,29.43
34.41,-74.41,29.41
34.41,-74.39,29.42
34.41,-74.37,29.48
34.41,-74.35,29.4
34.41,-74.33,29.35
34.41,-74.31,29.17
34.41,-74.29,28.88
34.41,-74.27,27.99
34.41,-74.25,27.87
34.41,-74.23,27.84
34.41,-74.21,27.78
34.41,-74.19,27.73
34.41,-74.17,27.82
34.41,-74.15,27.88
34.41,-74.13,27.93
34.41,-74.11,28.03
34.41,-74.09,28.03
34.41,-74.07,28.09
34.41,-74.05,28.08
34.41,-74.03,27.98
34.41,-74.01,27.91
34.41,-73.99,27.77
34.41,-73.97,27.56
34.41,-73.95,27.41
34.41,-73.93,27.3
34.41,-73.91,27.15
34.41,-73.89,27.13
34.41,-73.87,27.11
34.41,-73.85,27.16
34.41,-73.83,27.23
34.41,-73.81,27.16
34.41,-73.79,27.15
34.41,-73.77,27.1
34.41,-73.75,27.07
34.41,-73.73,27.04
34.41,-73.71,27.02
34.41,-73.69,27.02
34.41,-73.67,26.9
34.41,-73.65,26.82
34.41,-73.63,26.85
34.41,-73.61,26.83
34.39,-77.59,27.96
34.39,-77.57,27.99
34.39,-77.55,27.93
34.39,-77.53,27.95
34.39,-77.51,27.96
34.39,-77.49,27.95
34.39,-77.47,27.99
34.39,-77.45,28.0
34.39,-77.43,28.15
34.39,-77.41,28.09
34.39,-77.39,28.07
34.39,-77.37,28.2
34.39,-77.35,28.23
34.39,-77.33,28.22
34.39,-77.31,28.24
34.39,-77.29,28.28
34.39,-77.27,28.27
34.39,-77.25,28.25
34.39,-77.23,28.28
34.39,-77.21,28.27
34.39,-77.19,28.24
34.39,-77.17,28.26
34.39,-77.15,28.36
34.39,-77.13,28.37
34.39,-77.11,28.36
34.39,-77.09,28.24
34.39,-77.07,28.32
34.39,-77.05,28.39
34.39,-77.03,28.34
34.39,-77.01,28.31
34.39,-76.99,28.35
34.39,-76.97,28.34
34.39,-76.95,28.37
34.39,-76.93,28.39
34.39,-76.91,28.33
34.39,-76.89,28.34
34.39,-76.87,28.33
34.39,-76.85,28.29
34.39,-76.83,28.31
34.39,-76.81,28.31
34.39,-76.79,28.23
34.39,-76.77,28.23
34.39,-76.75,28.26
34.39,-76.73,28.38
34.39,-76.71,28.32
34.39,-76.69,28.26
34.39,-76.67,28.24
34.39,-76.65,28.15
34.39,-76.63,28.13
34.39,-76.61,28.13
34.39,-76.59,28.1
34.39,-76.57,28.07
34.39,-76.55,28.15
34.39,-76.53,28.17
34.39,-76.51,28.2
34.39,-76.49,28.17
34.39,-76.47,28.14
34.39,-76.45,27.91
34.39,-76.43,27.82
34.39,-76.41,27.8
34.39,-76.39,27.81
34.39,-76.37,27.76
34.39,-76.35,27.75
34.39,-76.33,27.71
34.39,-76.31,27.72
34.39,-76.29,27.75
34.39,-76.27,27.7
34.39,-76.25,27.79
34.39,-76.23,27.99
34.39,-76.21,27.92
34.39,-76.19,27.88
34.39,-76.17,27.92
34.39,-76.15,27.8
34.39,-76.13,27.81
34.39,-76.11,27.74
34.39,-76.09,27.77
34.39,-76.07,27.93
34.39,-76.05,28.48
34.39,-76.03,28.68
34.39,-76.01,28.69
34.39,-75.99,28.71
34.39,-75.97,28.8
34.39,-75.95,28.83
34.39,-75.93,29.29
34.39,-75.91,29.84
34.39,-75.89,29.98
34.39,-75.87,30.09
34.39,-75.85,30.12
34.39,-75.83,30.12
34.39,-75.81,30.09
34.39,-75.79,30.06
34.39,-75.77,30.07
34.39,-75.75,30.1
34.39,-75.73,30.01
34.39,-75.71,30.06
34.39,-75.69,30.11
34.39,-75.67,30.07
34.39,-75.65,30.07
34.39,-75.63,30.08
34.39,-75.61,30.09
34.39,-75.59,30.1
34.39,-75.57,30.05
34.39,-75.55,30.1
34.39,-75.53,30.08
34.39,-75.51,30.1
34.39,-75.49,30.08
34.39,-75.47,30.11
34.39,-75.45,30.14
34.39,-75.43,30.15
34.39,-75.41,30.15
34.39,-75.39,30.13
34.39,-75.37,30.1
34.39,-75.35,30.09
34.39,-75.33,30.18
34.39,-75.31,30.2
34.39,-75.29,30.18
34.39,-75.27,30.1
34.39,-75.25,29.98
34.39,-75.13,29.7
34.39,-75.11,29.75
34.39,-75.09,29.82
34.39,-75.07,29.82
34.39,-75.05,29.86
34.39,-75.03,29.83
34.39,-75.01,29.75
34.39,-74.99,29.67
34.39,-74.97,29.6
34.39,-74.95,29.62
34.39,-74.93,29.72
34.39,-74.91,29.71
34.39,-74.89,29.78
34.39,-74.87,29.71
34.39,-74.85,29.69
34.39,-74.83,29.69
34.39,-74.81,29.71
34.39,-74.79,29.67
34.39,-74.77,29.67
34.39,-74.75,29.65
34.39,-74.73,29.65
34.39,-74.71,29.63
34.39,-74.69,29.68
34.39,-74.67,29.68
34.39,-74.65,29.73
34.39,-74.63,29.7
34.39,-74.61,29.64
34.39,-74.59,29.61
34.39,-74.57,29.44
34.39,-74.55,29.5
34.39,-74.53,29.49
34.39,-74.51,29.49
34.39,-74.49,29.47
34.39,-74.47,29.46
34.39,-74.45,29.52
34.39,-74.43,29.55
34.39,-74.41,29.47
34.39,-74.39,29.53
34.39,-74.37,29.52
34.39,-74.35,29.45
34.39,-74.33,29.3
34.39,-74.31,28.98
34.39,-74.29,28.52
34.39,-74.27,28.03
34.39,-74.25,27.86
34.39,-74.23,27.71
34.39,-74.21,27.69
34.39,-74.19,27.77
34.39,-74.17,27.86
34.39,-74.15,27.82
34.39,-74.13,27.81
34.39,-74.11,28.0
34.39,-74.09,28.06
34.39,-74.07,28.15
34.39,-74.05,28.12
34.39,-74.03,28.05
34.39,-74.01,28.0
34.39,-73.99,27.81
34.39,-73.97,27.54
34.39,-73.95,27.38
34.39,-73.93,27.21
34.39,-73.91,27.06
34.39,-73.89,27.09
34.39,-73.87,27.17
34.39,-73.85,27.24
34.39,-73.83,27.25
34.39,-73.81,27.23
34.39,-73.79,27.19
34.39,-73.77,27.16
34.39,-73.75,27.14
34.39,-73.73,27.07
34.39,-73.71,27.02
34.39,-73.69,27.0
34.39,-73.67,26.88
34.39,-73.65,26.84
34.39,-73.63,26.91
34.39,-73.61,26.88
34.39,-73.59,26.93
34.39,-73.57,26.97
34.39,-73.55,27.03
34.39,-73.53,26.96
34.37,-77.63,26.72
34.37,-77.61,27.81
34.37,-77.59,27.95
34.37,-77.57,27.87
34.37,-77.55,27.89
34.37,-77.53,27.93
34.37,-77.51,27.96
34.37,-77.49,28.02
34.37,-77.47,28.0
34.37,-77.45,28.09
34.37,-77.43,28.15
34.37,-77.41,28.08
34.37,-77.39,28.25
34.37,-77.37,28.31
34.37,-77.35,28.29
34.37,-77.33,28.29
34.37,-77.31,28.29
34.37,-77.29,28.36
34.37,-77.27,28.4
34.37,-77.25,28.39
34.37,-77.23,28.38
34.37,-77.21,28.38
34.37,-77.19,28.31
34.37,-77.17,28.34
34.37,-77.15,28.4
34.37,-77.13,28.36
34.37,-77.11,28.35
34.37,-77.09,28.24
34.37,-77.07,28.38
34.37,-77.05,28.34
34.37,-77.03,28.3
34.37,-77.01,28.34
34.37,-76.99,28.34
34.37,-76.97,28.33
34.37,-76.95,28.3
34.37,-76.93,28.26
34.37,-76.91,28.21
34.37,-76.89,28.33
34.37,-76.87,28.33
34.37,-76.85,28.29
34.37,-76.83,28.36
34.37,-76.81,28.31
34.37,-76.79,28.3
34.37,-76.77,28.29
34.37,-76.75,28.29
34.37,-76.73,28.33
34.37,-76.71,28.31
34.37,-76.69,28.25
34.37,-76.67,28.19
34.37,-76.65,28.17
34.37,-76.63,28.13
34.37,-76.61,28.06
34.37,-76.59,28.07
34.37,-76.57,28.05
34.37,-76.55,28.07
34.37,-76.53,28.02
34.37,-76.51,28.06
34.37,-76.49,28.08
34.37,-76.47,28.05
34.37,-76.45,28.02
34.37,-76.43,27.86
34.37,-76.41,27.91
34.37,-76.39,27.91
34.37,-76.37,27.76
34.37,-76.35,28.0
34.37,-76.33,28.04
34.37,-76.31,28.04
34.37,-76.29,28.06
34.37,-76.27,27.92
34.37,-76.25,27.98
34.37,-76.23,28.03
34.37,-76.21,27.99
34.37,-76.19,28.02
34.37,-76.17,27.97
34.37,-76.15,27.81
34.37,-76.13,27.74
34.37,-76.11,27.78
34.37,-76.09,27.78
34.37,-76.07,28.45
34.37,-76.05,28.47
34.37,-76.03,28.61
34.37,-76.01,28.86
34.37,-75.99,28.91
34.37,-75.97,28.96
34.37,-75.95,29.8
34.37,-75.93,30.08
34.37,-75.91,30.13
34.37,-75.89,30.19
34.37,-75.87,30.15
34.37,-75.85,30.05
34.37,-75.83,30.07
34.37,-75.81,30.11
34.37,-75.79,30.09
34.37,-75.77,30.1
34.37,-75.75,30.19
34.37,-75.73,30.01
34.37,-75.71,30.03
34.37,-75.69,30.13
34.37,-75.67,30.11
34.37,-75.65,30.06
34.37,-75.63,30.08
34.37,-75.61,30.12
34.37,-75.59,30.05
34.37,-75.57,30.06
34.37,-75.55,30.05
34.37,-75.53,29.98
34.37,-75.51,29.98
34.37,-75.49,30.03
34.37,-75.47,30.18
34.37,-75.45,30.17
34.37,-75.43,30.17
34.37,-75.41,30.13
34.37,-75.39,30.14
34.37,-75.37,30.15
34.37,-75.35,30.09
34.37,-75.33,30.11
34.37,-75.31,30.13
34.37,-75.29,30.13
34.37,-75.27,30.01
34.37,-75.25,30.0
34.37,-75.23,30.01
34.37,-75.13,29.75
34.37,-75.11,29.81
34.37,-75.09,29.79
34.37,-75.07,29.76
34.37,-75.05,29.77
34.37,-75.03,29.73
34.37,-75.01,29.68
34.37,-74.99,29.67
34.37,-74.97,29.71
34.37,-74.95,29.72
34.37,-74.93,29.79
34.37,-74.91,29.78
34.37,-74.89,29.77
34.37,-74.87,29.7
34.37,-74.85,29.67
34.37,-74.83,29.71
34.37,-74.81,29.72
34.37,-74.79,29.7
34.37,-74.77,29.68
34.37,-74.75,29.68
34.37,-74.73,29.69
34.37,-74.71,29.71
34.37,-74.69,29.7
34.37,-74.67,29.65
34.37,-74.65,29.68
34.37,-74.63,29.63
34.37,-74.61,29.62
34.37,-74.59,29.56
34.37,-74.57,29.56
34.37,-74.55,29.52
34.37,-74.53,29.44
34.37,-74.51,29.46
34.37,-74.49,29.45
34.37,-74.47,29.48
34.37,-74.45,29.62
34.37,-74.43,29.57
34.37,-74.41,29.58
34.37,-74.39,29.58
34.37,-74.37,29.56
34.37,-74.35,29.46
34.37,-74.33,29.25
34.37,-74.31,29.06
34.37,-74.29,28.38
34.37,-74.27,27.94
34.37,-74.25,27.9
34.37,-74.23,27.76
34.37,-74.21,27.7
34.37,-74.19,27.74
34.37,-74.17,27.85
34.37,-74.15,27.76
34.37,-74.13,27.84
34.37,-74.11,28.06
34.37,-74.09,28.09
34.37,-74.07,28.09
34.37,-74.05,28.14
34.37,-74.03,28.08
34.37,-74.01,27.95
34.37,-73.99,27.81
34.37,-73.97,27.54
34.37,-73.95,27.31
34.37,-73.93,27.17
34.37,-73.91,27.1
34.37,-73.89,27.16
34.37,-73.87,27.4
34.37,-73.85,27.44
34.37,-73.83,27.5
34.37,-73.81,27.49
34.37,-73.79,27.3
34.37,-73.77,27.2
34.37,-73.75,27.19
34.37,-73.73,27.15
34.37,-73.71,27.01
34.37,-73.69,26.99
34.37,-73.67,26.88
34.37,-73.65,26.85
34.37,-73.63,26.9
34.37,-73.61,26.9
34.37,-73.59,26.92
34.37,-73.57,26.98
34.37,-73.55,27.02
34.37,-73.53,27.0
34.37,-73.51,27.29
34.37,-73.49,27.3
34.37,-73.47,27.41
34.35,-77.69,26.76
34.35,-77.63,27.85
34.35,-77.61,28.05
34.35,-77.59,28.05
34.35,-77.57,27.86
34.35,-77.55,27.89
34.35,-77.53,27.95
34.35,-77.51,28.02
34.35,-77.49,28.07
34.35,-77.47,28.08
34.35,-77.45,28.15
34.35,-77.43,28.19
34.35,-77.41,28.22
34.35,-77.39,28.12
34.35,-77.37,28.38
34.35,-77.35,28.44
34.35,-77.33,28.42
34.35,-77.31,28.51
34.35,-77.29,28.48
34.35,-77.27,28.46
34.35,-77.25,28.39
34.35,-77.23,28.33
34.35,-77.21,28.28
34.35,-77.19,28.29
34.35,-77.17,28.3
34.35,-77.15,28.25
34.35,-77.13,28.27
34.35,-77.11,28.29
34.35,-77.09,28.3
34.35,-77.07,28.28
34.35,-77.05,28.31
34.35,-77.03,28.3
34.35,-77.01,28.31
34.35,-76.99,28.26
34.35,-76.97,28.26
34.35,-76.95,28.23
34.35,-76.93,28.26
34.35,-76.91,28.26
34.35,-76.89,28.26
34.35,-76.87,28.22
34.35,-76.85,28.27
34.35,-76.83,28.29
34.35,-76.81,28.28
34.35,-76.79,28.27
34.35,-76.77,28.32
34.35,-76.75,28.27
34.35,-76.73,28.22
34.35,-76.71,28.25
34.35,-76.69,28.29
34.35,-76.67,28.3
34.35,-76.65,28.25
34.35,-76.63,28.22
34.35,-76.61,28.16
34.35,-76.59,28.15
34.35,-76.57,28.22
34.35,-76.55,28.16
34.35,-76.53,28.08
34.35,-76.51,28.14
34.35,-76.49,28.14
34.35,-76.47,28.08
34.35,-76.45,28.09
34.35,-76.43,28.05
34.35,-76.41,28.0
34.35,-76.39,28.02
34.35,-76.37,28.05
34.35,-76.35,28.07
34.35,-76.33,28.03
34.35,-76.31,27.96
34.35,-76.29,28.01
34.35,-76.27,27.99
34.35,-76.25,28.01
34.35,-76.23,28.0
34.35,-76.21,28.05
34.35,-76.19,28.07
34.35,-76.17,28.02
34.35,-76.15,27.96
34.35,-76.13,27.97
34.35,-76.11,28.16
34.35,-76.09,28.36
34.35,-76.07,28.55
34.35,-76.05,28.74
34.35,-76.03,28.79
34.35,-76.01,29.03
34.35,-75.99,29.77
34.35,-75.97,30.06
34.35,-75.95,30.08
34.35,-75.93,30.12
34.35,-75.91,30.13
34.35,-75.89,30.14
34.35,-75.87,30.07
34.35,-75.85,30.05
34.35,-75.83,30.06
34.35,-75.81,30.14
34.35,-75.79,30.17
34.35,-75.77,30.12
34.35,-75.75,30.15
34.35,-75.73,30.14
34.35,-75.71,30.09
34.35,-75.69,30.05
34.35,-75.67,30.05
34.35,-75.63,30.09
34.35,-75.61,30.05
34.35,-75.59,30.01
34.35,-75.57,29.96
34.35,-75.55,29.92
34.35,-75.53,29.95
34.35,-75.51,30.0
34.35,-75.49,30.03
34.35,-75.47,30.1
34.35,-75.45,30.16
34.35,-75.43,30.15
34.35,-75.41,30.13
34.35,-75.39,30.18
34.35,-75.37,30.15
34.35,-75.35,30.12
34.35,-75.33,30.02
34.35,-75.31,29.99
34.35,-75.29,30.03
34.35,-75.27,30.0
34.35,-75.13,29.82
34.35,-75.11,29.8
34.35,-75.09,29.79
34.35,-75.07,29.75
34.35,-75.05,29.78
34.35,-75.03,29.66
34.35,-75.01,29.7
34.35,-74.99,29.74
34.35,-74.97,29.75
34.35,-74.95,29.75
34.35,-74.93,29.77
34.35,-74.91,29.73
34.35,-74.89,29.66
34.35,-74.87,29.74
34.35,-74.85,29.76
34.35,-74.83,29.71
34.35,-74.81,29.72
34.35,-74.79,29.77
34.35,-74.77,29.72
34.35,-74.75,29.72
34.35,-74.73,29.75
34.35,-74.71,29.69
34.35,-74.69,29.67
34.35,-74.67,29.72
34.35,-74.65,29.68
34.35,-74.63,29.66
34.35,-74.61,29.64
34.35,-74.59,29.59
34.35,-74.57,29.62
34.35,-74.55,29.55
34.35,-74.53,29.45
34.35,-74.51,29.49
34.35,-74.49,29.51
34.35,-74.47,29.55
34.35,-74.45,29.6
34.35,-74.43,29.59
34.35,-74.41,29.54
34.35,-74.39,29.5
34.35,-74.37,29.53
34.35,-74.35,29.49
34.35,-74.33,29.13
34.35,-74.31,28.89
34.35,-74.29,28.42
34.35,-74.27,27.92
34.35,-74.25,27.88
34.35,-74.23,27.83
34.35,-74.21,27.79
34.35,-74.19,27.77
34.35,-74.17,27.76
34.35,-74.15,27.83
34.35,-74.13,28.02
34.35,-74.11,28.0
34.35,-74.09,28.03
34.35,-74.07,28.09
34.35,-74.05,28.14
34.35,-74.03,28.12
34.35,-74.01,27.93
34.35,-73.99,27.79
34.35,-73.97,27.61
34.35,-73.95,27.44
34.35,-73.93,27.23
34.35,-73.91,27.15
34.35,-73.89,27.25
34.35,-73.87,27.49
34.35,-73.85,27.51
34.35,-73.83,27.67
34.35,-73.81,27.7
34.35,-73.79,27.33
34.35,-73.77,27.26
34.35,-73.75,27.19
34.35,-73.73,27.12
34.35,-73.71,27.05
34.35,-73.69,26.96
34.35,-73.67,26.91
34.35,-73.65,26.93
34.35,-73.63,26.89
34.35,-73.61,26.89
34.35,-73.59,26.92
34.35,-73.57,26.98
34.35,-73.55,26.99
34.35,-73.53,27.02
34.35,-73.51,27.29
34.35,-73.49,27.29
34.35,-73.47,27.39
34.33,-77.67,28.12
34.33,-77.65,28.08
34.33,-77.63,27.94
34.33,-77.61,27.88
34.33,-77.59,27.9
34.33,-77.57,27.96
34.33,-77.55,27.93
34.33,-77.53,27.97
34.33,-77.51,28.06
34.33,-77.49,28.09
34.33,-77.47,28.12
34.33,-77.45,28.14
34.33,-77.43,28.13
34.33,-77.41,28.15
34.33,-77.39,28.28
34.33,-77.37,28.4
34.33,-77.35,28.53
34.33,-77.33,28.49
34.33,-77.31,28.53
34.33,-77.29,28.43
34.33,-77.27,28.51
34.33,-77.25,28.4
34.33,-77.23,28.28
34.33,-77.21,28.24
34.33,-77.19,28.24
34.33,-77.17,28.19
34.33,-77.15,28.2
34.33,-77.13,28.19
34.33,-77.11,28.19
34.33,-77.09,28.27
34.33,-77.07,28.29
34.33,-77.05,28.28
34.33,-77.03,28.26
34.33,-77.01,28.28
34.33,-76.99,28.3
34.33,-76.97,28.29
34.33,-76.95,28.24
34.33,-76.93,28.18
34.33,-76.91,28.18
34.33,-76.89,28.2
34.33,-76.87,28.22
34.33,-76.85,28.25
34.33,-76.83,28.32
34.33,-76.81,28.33
34.33,-76.79,28.28
34.33,-76.77,28.31
34.33,-76.75,28.3
34.33,-76.73,28.26
34.33,-76.71,28.34
34.33,-76.69,28.38
34.33,-76.67,28.39
34.33,-76.65,28.34
34.33,-76.63,28.38
34.33,-76.61,28.44
34.33,-76.59,28.44
34.33,-76.57,28.45
34.33,-76.55,28.21
34.33,-76.53,28.17
34.33,-76.51,28.2
34.33,-76.49,28.17
34.33,-76.47,28.1
34.33,-76.45,28.12
34.33,-76.43,28.12
34.33,-76.41,28.13
34.33,-76.39,28.15
34.33,-76.37,28.12
34.33,-76.35,28.1
34.33,-76.33,28.07
34.33,-76.31,28.1
34.33,-76.29,28.09
34.33,-76.27,28.32
34.33,-76.25,28.35
34.33,-76.23,28.34
34.33,-76.21,28.32
34.33,-76.19,28.28
34.33,-76.17,28.27
34.33,-76.15,28.26
34.33,-76.13,28.35
34.33,-76.11,28.49
34.33,-76.09,28.73
34.33,-76.07,28.79
34.33,-76.05,29.1
34.33,-76.03,29.67
34.33,-76.01,29.64
34.33,-75.99,30.09
34.33,-75.97,30.06
34.33,-75.95,30.08
34.33,-75.93,29.98
34.33,-75.91,30.04
34.33,-75.89,30.03
34.33,-75.87,30.08
34.33,-75.85,30.09
34.33,-75.83,30.08
34.33,-75.81,30.1
34.33,-75.79,30.16
34.33,-75.77,30.13
34.33,-75.75,30.09
34.33,-75.73,30.11
34.33,-75.71,30.07
34.33,-75.67,30.02
34.33,-75.65,30.09
34.33,-75.57,29.95
34.33,-75.55,29.98
34.33,-75.53,30.03
34.33,-75.51,30.03
34.33,-75.49,30.05
34.33,-75.47,30.11
34.33,-75.45,30.07
34.33,-75.43,30.14
34.33,-75.41,30.14
34.33,-75.39,30.13
34.33,-75.37,30.11
34.33,-75.35,30.1
34.33,-75.33,30.14
34.33,-75.31,29.92
34.33,-75.29,29.98
34.33,-75.27,29.97
34.33,-75.25,30.02
34.33,-75.13,29.77
34.33,-75.11,29.71
34.33,-75.09,29.7
34.33,-75.07,29.66
34.33,-75.05,29.68
34.33,-75.03,29.73
34.33,-75.01,29.76
34.33,-74.99,29.76
34.33,-74.97,29.81
34.33,-74.95,29.81
34.33,-74.93,29.76
34.33,-74.91,29.67
34.33,-74.89,29.68
34.33,-74.87,29.73
34.33,-74.85,29.75
34.33,-74.83,29.77
34.33,-74.81,29.78
34.33,-74.79,29.79
34.33,-74.77,29.78
34.33,-74.75,29.75
34.33,-74.73,29.77
34.33,-74.71,29.77
34.33,-74.69,29.73
34.33,-74.67,29.75
34.33,-74.65,29.74
34.33,-74.63,29.75
34.33,-74.61,29.72
34.33,-74.59,29.61
34.33,-74.57,29.59
34.33,-74.55,29.58
34.33,-74.53,29.56
34.33,-74.51,29.55
34.33,-74.49,29.56
34.33,-74.47,29.57
34.33,-74.45,29.64
34.33,-74.43,29.59
34.33,-74.41,29.55
34.33,-74.39,29.58
34.33,-74.37,29.57
34.33,-74.35,29.53
34.33,-74.33,29.14
34.33,-74.31,28.86
34.33,-74.29,27.89
34.33,-74.27,27.86
34.33,-74.25,27.85
34.33,-74.23,27.8
34.33,-74.21,27.82
34.33,-74.19,27.83
34.33,-74.17,27.9
34.33,-74.15,27.88
34.33,-74.13,28.01
34.33,-74.11,28.04
34.33,-74.09,28.1
34.33,-74.07,28.12
34.33,-74.05,28.21
34.33,-74.03,28.11
34.33,-74.01,27.8
34.33,-73.99,27.75
34.33,-73.97,27.6
34.33,-73.95,27.49
34.33,-73.93,27.27
34.33,-73.91,27.15
34.33,-73.89,27.2
34.33,-73.87,27.44
34.33,-73.85,27.53
34.33,-73.83,27.82
34.33,-73.81,27.84
34.33,-73.79,27.8
34.33,-73.77,27.36
34.33,-73.75,27.29
34.33,-73.73,27.24
34.33,-73.63,27.04
34.33,-73.61,27.04
34.33,-73.59,26.93
34.33,-73.57,26.97
34.33,-73.55,26.99
34.33,-73.53,27.06
34.33,-73.51,27.29
34.33,-73.49,27.31
34.33,-73.47,27.36
34.31,-77.69,28.0
34.31,-77.67,27.98
34.31,-77.65,27.96
34.31,-77.63,27.95
34.31,-77.61,27.87
34.31,-77.59,27.88
34.31,-77.57,28.03
34.31,-77.55,28.05
34.31,-77.53,28.08
34.31,-77.51,28.06
34.31,-77.49,28.1
34.31,-77.47,28.15
34.31,-77.45,28.24
34.31,-77.43,28.24
34.31,-77.41,28.26
34.31,-77.39,28.32
34.31,-77.37,28.36
34.31,-77.35,28.44
34.31,-77.33,28.45
34.31,-77.31,28.48
34.31,-77.29,28.47
34.31,-77.27,28.42
34.31,-77.25,28.23
34.31,-77.23,28.19
34.31,-77.21,28.16
34.31,-77.19,28.1
34.31,-77.17,28.08
34.31,-77.15,28.1
34.31,-77.13,28.16
34.31,-77.11,28.28
34.31,-77.09,28.33
34.31,-77.07,28.32
34.31,-77.05,28.37
34.31,-77.03,28.33
34.31,-77.01,28.37
34.31,-76.99,28.38
34.31,-76.97,28.37
34.31,-76.95,28.27
34.31,-76.93,28.23
34.31,-76.91,28.21
34.31,-76.89,28.29
34.31,-76.87,28.3
34.31,-76.85,28.27
34.31,-76.83,28.31
34.31,-76.81,28.32
34.31,-76.79,28.3
34.31,-76.77,28.34
34.31,-76.75,28.43
34.31,-76.73,28.4
34.31,-76.71,28.36
34.31,-76.69,28.38
34.31,-76.67,28.42
34.31,-76.65,28.4
34.31,-76.63,28.42
34.31,-76.61,28.63
34.31,-76.59,28.75
34.31,-76.57,28.67
34.31,-76.55,28.63
34.31,-76.53,28.49
34.31,-76.51,28.29
34.31,-76.49,28.27
34.31,-76.47,28.22
34.31,-76.45,28.16
34.31,-76.43,28.2
34.31,-76.41,28.24
34.31,-76.39,28.22
34.31,-76.37,28.29
34.31,-76.35,28.3
34.31,-76.33,28.31
34.31,-76.31,28.4
34.31,-76.29,28.47
34.31,-76.27,28.44
34.31,-76.25,28.37
34.31,-76.23,28.32
34.31,-76.21,28.43
34.31,-76.19,28.41
34.31,-76.17,28.4
34.31,-76.15,28.56
34.31,-76.13,28.62
34.31,-76.11,28.74
34.31,-76.09,28.87
34.31,-76.07,29.29
34.31,-76.05,29.95
34.31,-76.03,30.11
34.31,-76.01,30.05
34.31,-75.99,30.07
34.31,-75.97,29.9
34.31,-75.95,29.88
34.31,-75.93,30.03
34.31,-75.91,30.08
34.31,-75.89,30.09
34.31,-75.87,30.1
34.31,-75.85,30.15
34.31,-75.83,30.12
34.31,-75.81,30.09
34.31,-75.79,30.06
34.31,-75.77,30.11
34.31,-75.75,30.13
34.31,-75.73,30.07
34.31,-75.71,30.06
34.31,-75.69,29.99
34.31,-75.67,29.97
34.31,-75.57,30.05
34.31,-75.55,30.05
34.31,-75.53,30.1
34.31,-75.51,30.05
34.31,-75.49,29.97
34.31,-75.47,29.98
34.31,-75.45,30.08
34.31,-75.43,30.18
34.31,-75.41,30.22
34.31,-75.39,30.15
34.31,-75.37,30.1
34.31,-75.35,30.09
34.31,-75.33,30.11
34.31,-75.31,30.04
34.31,-75.29,30.04
34.31,-75.27,30.06
34.31,-75.25,30.0
34.31,-75.23,30.01
34.31,-75.13,29.68
34.31,-75.11,29.64
34.31,-75.09,29.73
34.31,-75.07,29.62
34.31,-75.05,29.75
34.31,-75.03,29.76
34.31,-75.01,29.77
34.31,-74.99,29.76
34.31,-74.97,29.8
34.31,-74.95,29.73
34.31,-74.93,29.68
34.31,-74.91,29.71
34.31,-74.89,29.73
34.31,-74.87,29.82
34.31,-74.85,29.82
34.31,-74.83,29.81
34.31,-74.81,29.82
34.31,-74.79,29.85
34.31,-74.77,29.88
34.31,-74.75,29.88
34.31,-74.73,29.83
34.31,-74.71,29.77
34.31,-74.69,29.73
34.31,-74.67,29.75
34.31,-74.65,29.77
34.31,-74.63,29.76
34.31,-74.61,29.73
34.31,-74.59,29.63
34.31,-74.57,29.58
34.31,-74.55,29.57
34.31,-74.53,29.6
34.31,-74.51,29.61
34.31,-74.49,29.58
34.31,-74.47,29.62
34.31,-74.45,29.63
34.31,-74.43,29.57
34.31,-74.41,29.59
34.31,-74.39,29.57
34.31,-74.37,29.59
34.31,-74.35,29.46
34.31,-74.33,29.14
34.31,-74.31,28.87
34.31,-74.29,27.98
34.31,-74.27,27.97
34.31,-74.25,27.86
34.31,-74.23,27.91
34.31,-74.21,27.93
34.31,-74.19,27.92
34.31,-74.17,27.94
34.31,-74.15,27.92
34.31,-74.13,28.03
34.31,-74.11,28.15
34.31,-74.09,28.15
34.31,-74.07,28.12
34.31,-74.05,28.11
34.31,-74.03,28.03
34.31,-74.01,27.82
34.31,-73.99,27.78
34.31,-73.97,27.59
34.31,-73.95,27.46
34.31,-73.93,27.27
34.31,-73.91,27.17
34.31,-73.89,27.21
34.31,-73.87,27.41
34.31,-73.85,27.7
34.31,-73.83,27.86
34.31,-73.81,27.95
34.31,-73.79,27.88
34.31,-73.77,27.5
34.31,-73.75,27.36
34.31,-73.73,27.38
34.31,-73.63,27.05
34.31,-73.61,27.06
34.31,-73.59,26.91
34.31,-73.53,27.24
34.31,-73.51,27.26
34.31,-73.49,27.26
34.31,-73.33,27.07
34.29,-77.69,28.07
34.29,-77.63,27.87
34.29,-77.61,27.84
34.29,-77.59,27.98
34.29,-77.57,28.07
34.29,-77.55,28.13
34.29,-77.53,28.12
34.29,-77.51,28.06
34.29,-77.49,28.13
34.29,-77.47,28.13
34.29,-77.45,28.18
34.29,-77.43,28.29
34.29,-77.41,28.32
34.29,-77.39,28.32
34.29,-77.37,28.34
34.29,-77.35,28.38
34.29,-77.33,28.45
34.29,-77.31,28.48
34.29,-77.29,28.46
34.29,-77.27,28.32
34.29,-77.25,28.19
34.29,-77.23,28.13
34.29,-77.21,28.09
34.29,-77.19,28.07
34.29,-77.17,28.11
34.29,-77.15,28.16
34.29,-77.13,28.25
34.29,-77.11,28.27
34.29,-77.09,28.4
34.29,-77.07,28.46
34.29,-77.05,28.46
34.29,-77.03,28.45
34.29,-77.01,28.64
34.29,-76.99,28.59
34.29,-76.97,28.53
34.29,-76.95,28.47
34.29,-76.93,28.29
34.29,-76.91,28.29
34.29,-76.89,28.36
34.29,-76.87,28.35
34.29,-76.85,28.3
34.29,-76.83,28.28
34.29,-76.81,28.32
34.29,-76.79,28.33
34.29,-76.77,28.35
34.29,-76.75,28.4
34.29,-76.73,28.41
34.29,-76.71,28.36
34.29,-76.69,28.33
34.29,-76.67,28.53
34.29,-76.65,28.64
34.29,-76.63,28.91
34.29,-76.61,28.98
34.29,-76.59,28.95
34.29,-76.57,28.93
34.29,-76.55,28.8
34.29,-76.53,28.64
34.29,-76.51,28.53
34.29,-76.49,28.55
34.29,-76.47,28.32
34.29,-76.45,28.25
34.29,-76.43,28.25
34.29,-76.41,28.26
34.29,-76.39,28.23
34.29,-76.37,28.25
34.29,-76.35,28.39
34.29,-76.33,28.39
34.29,-76.31,28.38
34.29,-76.29,28.43
34.29,-76.27,28.39
34.29,-76.25,28.29
34.29,-76.23,28.61
34.29,-76.21,28.64
34.29,-76.19,28.63
34.29,-76.17,28.78
34.29,-76.15,28.74
34.29,-76.13,28.79
34.29,-76.11,29.07
34.29,-76.09,29.65
34.29,-76.07,29.99
34.29,-76.05,30.12
34.29,-76.03,30.11
34.29,-76.01,30.0
34.29,-75.99,29.93
34.29,-75.97,29.95
34.29,-75.95,30.01
34.29,-75.93,29.99
34.29,-75.91,30.14
34.29,-75.89,30.17
34.29,-75.87,30.14
34.29,-75.85,30.08
34.29,-75.83,30.06
34.29,-75.81,30.09
34.29,-75.79,30.06
34.29,-75.77,30.11
34.29,-75.75,30.11
34.29,-75.73,30.16
34.29,-75.71,30.16
34.29,-75.65,30.02
34.29,-75.57,30.1
34.29,-75.55,30.16
34.29,-75.53,30.14
34.29,-75.51,30.09
34.29,-75.49,30.05
34.29,-75.47,30.02
34.29,-75.45,30.03
34.29,-75.43,30.07
34.29,-75.41,30.14
34.29,-75.39,30.06
34.29,-75.13,29.68
34.29,-75.11,29.67
34.29,-75.09,29.78
34.29,-75.07,29.7
34.29,-75.05,29.72
34.29,-75.03,29.72
34.29,-75.01,29.78
34.29,-74.99,29.71
34.29,-74.97,29.74
34.29,-74.95,29.72
34.29,-74.93,29.72
34.29,-74.91,29.75
34.29,-74.89,29.8
34.29,-74.87,29.9
34.29,-74.85,29.91
34.29,-74.83,29.78
34.29,-74.81,29.83
34.29,-74.79,29.85
34.29,-74.77,29.88
34.29,-74.75,29.92
34.29,-74.73,29.82
34.29,-74.71,29.74
34.29,-74.69,29.71
34.29,-74.67,29.8
34.29,-74.65,29.83
34.29,-74.63,29.79
34.29,-74.61,29.68
34.29,-74.59,29.62
34.29,-74.57,29.61
34.29,-74.55,29.56
34.29,-74.53,29.58
34.29,-74.51,29.64
34.29,-74.49,29.64
34.29,-74.47,29.67
34.29,-74.45,29.67
34.29,-74.43,29.66
34.29,-74.41,29.67
34.29,-74.39,29.6
34.29,-74.37,29.58
34.29,-74.35,29.45
34.29,-74.33,29.11
34.29,-74.31,28.66
34.29,-74.29,28.11
34.29,-74.27,27.98
34.29,-74.25,27.92
34.29,-74.23,27.91
34.29,-74.21,27.93
34.29,-74.19,27.96
34.29,-74.17,27.99
34.29,-74.15,28.02
34.29,-74.13,28.07
34.29,-74.11,28.15
34.29,-74.09,28.12
34.29,-74.07,28.16
34.29,-74.05,28.08
34.29,-74.03,27.85
34.29,-74.01,27.85
34.29,-73.99,27.84
34.29,-73.97,27.57
34.29,-73.95,27.44
34.29,-73.93,27.32
34.29,-73.91,27.3
34.29,-73.89,27.29
34.29,-73.87,27.57
34.29,-73.85,27.91
34.29,-73.83,28.02
34.29,-73.81,28.02
34.29,-73.79,28.0
34.29,-73.77,27.91
34.29,-73.75,27.56
34.29,-73.73,27.45
34.29,-73.35,27.06
34.29,-73.33,27.07
34.27,-77.73,27.97
34.27,-77.71,28.04
34.27,-77.69,28.01
34.27,-77.67,27.92
34.27,-77.63,27.92
34.27,-77.61,27.92
34.27,-77.59,28.08
34.27,-77.57,28.1
34.27,-77.55,28.18
34.27,-77.53,28.15
34.27,-77.51,28.07
34.27,-77.49,28.09
34.27,-77.47,28.16
34.27,-77.45,28.22
34.27,-77.43,28.22
34.27,-77.41,28.4
34.27,-77.39,28.35
34.27,-77.37,28.29
34.27,-77.35,28.28
34.27,-77.33,28.31
34.27,-77.31,28.32
34.27,-77.29,28.31
34.27,-77.27,28.23
34.27,-77.25,28.05
34.27,-77.23,28.12
34.27,-77.21,28.09
34.27,-77.19,28.11
34.27,-77.17,28.18
34.27,-77.15,28.26
34.27,-77.13,28.35
34.27,-77.11,28.49
34.27,-77.09,28.52
34.27,-77.07,28.61
34.27,-77.05,28.62
34.27,-77.03,28.63
34.27,-77.01,28.68
34.27,-76.99,28.72
34.27,-76.97,28.67
34.27,-76.95,28.7
34.27,-76.93,28.66
34.27,-76.91,28.65
34.27,-76.89,28.53
34.27,-76.87,28.42
34.27,-76.85,28.43
34.27,-76.83,28.35
34.27,-76.81,28.34
34.27,-76.79,28.35
34.27,-76.77,28.39
34.27,-76.75,28.48
34.27,-76.73,28.57
34.27,-76.71,28.57
34.27,-76.69,28.74
34.27,-76.67,28.98
34.27,-76.65,29.02
34.27,-76.63,29.04
34.27,-76.61,29.11
34.27,-76.59,29.04
34.27,-76.57,29.01
34.27,-76.55,28.89
34.27,-76.53,28.86
34.27,-76.51,28.79
34.27,-76.49,28.61
34.27,-76.47,28.56
34.27,-76.45,28.44
34.27,-76.43,28.4
34.27,-76.41,28.39
34.27,-76.39,28.43
34.27,-76.37,28.42
34.27,-76.35,28.54
34.27,-76.33,28.52
34.27,-76.31,28.48
34.27,-76.29,28.6
34.27,-76.27,28.63
34.27,-76.25,28.8
34.27,-76.23,28.83
34.27,-76.21,28.77
34.27,-76.19,28.81
34.27,-76.17,28.88
34.27,-76.15,28.98
34.27,-76.13,29.51
34.27,-76.11,30.04
34.27,-76.09,30.11
34.27,-76.07,30.17
34.27,-76.05,30.17
34.27,-76.03,30.04
34.27,-76.01,30.0
34.27,-75.99,30.0
34.27,-75.97,29.97
34.27,-75.95,30.06
34.27,-75.93,30.08
34.27,-75.91,30.14
34.27,-75.89,30.12
34.27,-75.87,30.16
34.27,-75.85,30.13
34.27,-75.83,30.11
34.27,-75.81,30.03
34.27,-75.79,30.0
34.27,-75.77,30.05
34.27,-75.75,30.06
34.27,-75.73,30.1
34.27,-75.59,30.12
34.27,-75.57,30.11
34.27,-75.55,30.06
34.27,-75.53,30.06
34.27,-75.51,29.92
34.27,-75.49,30.03
34.27,-75.47,30.06
34.27,-75.45,30.02
34.27,-75.41,29.88
34.27,-75.39,29.85
34.27,-75.37,29.97
34.27,-75.29,29.93
34.27,-75.27,29.99
34.27,-75.13,29.68
34.27,-75.11,29.71
34.27,-75.09,29.74
34.27,-75.07,29.75
34.27,-75.05,29.56
34.27,-75.03,29.61
34.27,-75.01,29.78
34.27,-74.99,29.74
34.27,-74.97,29.78
34.27,-74.95,29.78
34.27,-74.93,29.8
34.27,-74.91,29.81
34.27,-74.89,29.93
34.27,-74.87,29.9
34.27,-74.85,29.87
34.27,-74.83,29.84
34.27,-74.81,29.89
34.27,-74.79,29.87
34.27,-74.77,29.87
34.27,-74.75,29.87
34.27,-74.73,29.79
34.27,-74.71,29.72
34.27,-74.69,29.77
34.27,-74.67,29.84
34.27,-74.65,29.8
34.27,-74.63,29.7
34.27,-74.61,29.64
34.27,-74.59,29.68
34.27,-74.57,29.65
34.27,-74.55,29.64
34.27,-74.53,29.68
34.27,-74.51,29.73
34.27,-74.49,29.69
34.27,-74.47,29.71
34.27,-74.45,29.73
34.27,-74.43,29.67
34.27,-74.41,29.57
34.27,-74.39,29.58
34.27,-74.37,29.61
34.27,-74.35,29.33
34.27,-74.33,29.1
34.27,-74.31,28.71
34.27,-74.29,28.03
34.27,-74.27,28.0
34.27,-74.25,27.96
34.27,-74.23,27.92
34.27,-74.21,27.95
34.27,-74.19,28.03
34.27,-74.17,28.14
34.27,-74.15,28.17
34.27,-74.13,28.1
34.27,-74.11,28.13
34.27,-74.09,28.16
34.27,-74.07,28.14
34.27,-74.05,27.98
34.27,-74.03,27.84
34.27,-74.01,27.82
34.27,-73.99,27.73
34.27,-73.97,27.56
34.27,-73.95,27.39
34.27,-73.93,27.33
34.27,-73.91,27.36
34.27,-73.89,27.34
34.27,-73.87,27.9
34.27,-73.85,27.94
34.27,-73.83,28.09
34.27,-73.81,28.05
34.27,-73.79,28.07
34.27,-73.77,27.94
34.27,-73.75,27.7
34.27,-73.35,27.06
34.25,-77.75,27.9
34.25,-77.73,27.88
34.25,-77.71,27.87
34.25,-77.69,27.83
34.25,-77.67,27.9
34.25,-77.65,27.96
34.25,-77.63,27.99
34.25,-77.61,28.1
34.25,-77.59,28.16
34.25,-77.57,28.15
34.25,-77.55,28.23
34.25,-77.53,28.15
34.25,-77.51,28.1
34.25,-77.49,28.11
34.25,-77.47,28.23
34.25,-77.45,28.26
34.25,-77.43,28.27
34.25,-77.41,28.23
34.25,-77.39,28.23
34.25,-77.37,28.21
34.25,-77.35,28.23
34.25,-77.33,28.21
34.25,-77.31,28.19
34.25,-77.29,28.11
34.25,-77.27,28.11
34.25,-77.25,28.13
34.25,-77.23,28.1
34.25,-77.21,28.15
34.25,-77.19,28.23
34.25,-77.17,28.3
34.25,-77.15,28.39
34.25,-77.13,28.42
34.25,-77.11,28.47
34.25,-77.09,28.53
34.25,-77.07,28.49
34.25,-77.05,28.47
34.25,-77.03,28.57
34.25,-77.01,28.56
34.25,-76.99,28.62
34.25,-76.97,28.7
34.25,-76.95,28.75
34.25,-76.93,28.79
34.25,-76.91,28.83
34.25,-76.89,28.78
34.25,-76.87,28.74
34.25,-76.85,28.71
34.25,-76.83,28.68
34.25,-76.81,28.68
34.25,-76.79,28.7
34.25,-76.77,28.66
34.25,-76.75,28.75
34.25,-76.73,28.88
34.25,-76.71,28.9
34.25,-76.69,29.0
34.25,-76.67,29.04
34.25,-76.65,29.11
34.25,-76.63,29.05
34.25,-76.61,29.06
34.25,-76.59,29.06
34.25,-76.57,29.02
34.25,-76.55,29.0
34.25,-76.53,28.9
34.25,-76.51,28.84
34.25,-76.49,28.73
34.25,-76.47,28.67
34.25,-76.45,28.66
34.25,-76.43,28.71
34.25,-76.41,28.64
34.25,-76.39,28.65
34.25,-76.37,28.63
34.25,-76.35,28.63
34.25,-76.33,28.87
34.25,-76.31,28.87
34.25,-76.29,28.82
34.25,-76.27,28.81
34.25,-76.25,28.94
34.25,-76.23,28.96
34.25,-76.21,28.97
34.25,-76.19,28.98
34.25,-76.17,29.2
34.25,-76.15,29.75
34.25,-76.13,30.12
34.25,-76.11,30.21
34.25,-76.09,30.18
34.25,-76.07,30.14
34.25,-76.05,30.11
34.25,-76.03,30.05
34.25,-76.01,30.02
34.25,-75.97,30.05
34.25,-75.95,30.04
34.25,-75.93,30.07
34.25,-75.91,30.04
34.25,-75.89,30.08
34.25,-75.87,30.15
34.25,-75.85,30.19
34.25,-75.83,30.21
34.25,-75.81,30.19
34.25,-75.79,30.15
34.25,-75.77,29.97
34.25,-75.75,29.96
34.25,-75.61,29.99
34.25,-75.59,30.0
34.25,-75.57,29.95
34.25,-75.55,29.9
34.25,-75.53,29.95
34.25,-75.51,30.01
34.25,-75.49,30.06
34.25,-75.47,30.1
34.25,-75.45,29.85
34.25,-75.43,29.81
34.25,-75.41,29.89
34.25,-75.39,29.88
34.25,-75.37,30.06
34.25,-75.31,30.04
34.25,-75.29,29.94
34.25,-75.11,29.65
34.25,-75.09,29.65
34.25,-75.07,29.64
34.25,-75.05,29.64
34.25,-75.03,29.86
34.25,-75.01,29.86
34.25,-74.99,29.76
34.25,-74.97,29.83
34.25,-74.95,29.83
34.25,-74.93,29.82
34.25,-74.91,29.87
34.25,-74.89,29.97
34.25,-74.87,29.91
34.25,-74.85,29.89
34.25,-74.83,29.9
34.25,-74.81,29.97
34.25,-74.79,29.92
34.25,-74.77,29.85
34.25,-74.75,29.82
34.25,-74.73,29.82
34.25,-74.71,29.83
34.25,-74.69,29.8
34.25,-74.67,29.76
34.25,-74.65,29.73
34.25,-74.63,29.73
34.25,-74.61,29.7
34.25,-74.59,29.71
34.25,-74.57,29.71
34.25,-74.55,29.78
34.25,-74.53,29.71
34.25,-74.51,29.75
34.25,-74.49,29.72
34.25,-74.47,29.74
34.25,-74.45,29.74
34.25,-74.43,29.63
34.25,-74.41,29.67
34.25,-74.39,29.69
34.25,-74.37,29.6
34.25,-74.35,29.25
34.25,-74.33,28.93
34.25,-74.31,28.53
34.25,-74.29,28.04
34.25,-74.27,28.01
34.25,-74.25,27.95
34.25,-74.23,28.02
34.25,-74.21,28.0
34.25,-74.19,28.03
34.25,-74.17,28.16
34.25,-74.15,28.13
34.25,-74.13,28.18
34.25,-74.11,28.12
34.25,-74.09,28.13
34.25,-74.07,28.12
34.25,-74.05,28.02
34.25,-74.03,27.83
34.25,-74.01,27.81
34.25,-73.99,27.69
34.25,-73.97,27.58
34.25,-73.95,27.38
34.25,-73.93,27.32
34.25,-73.91,27.39
34.25,-73.89,27.4
34.25,-73.87,27.77
34.25,-73.85,27.85
34.25,-73.83,28.05
34.25,-73.81,28.06
34.25,-73.79,27.99
34.25,-73.77,27.93
34.23,-77.77,27.99
34.23,-77.75,27.94
34.23,-77.73,27.91
34.23,-77.71,27.83
34.23,-77.69,27.84
34.23,-77.67,27.89
34.23,-77.65,27.97
34.23,-77.63,28.0
34.23,-77.61,28.12
34.23,-77.59,28.23
34.23,-77.57,28.15
34.23,-77.55,28.19
34.23,-77.53,28.12
34.23,-77.51,28.09
34.23,-77.49,28.14
34.23,-77.47,28.15
34.23,-77.45,28.18
34.23,-77.43,28.19
34.23,-77.41,28.13
34.23,-77.39,28.13
34.23,-77.37,28.14
34.23,-77.35,28.15
34.23,-77.33,28.12
34.23,-77.31,28.12
34.23,-77.29,28.18
34.23,-77.27,28.09
34.23,-77.25,28.11
34.23,-77.23,28.15
34.23,-77.21,28.2
34.23,-77.19,28.26
34.23,-77.17,28.29
34.23,-77.15,28.35
34.23,-77.13,28.38
34.23,-77.11,28.38
34.23,-77.09,28.38
34.23,-77.07,28.4
34.23,-77.05,28.44
34.23,-77.03,28.46
34.23,-77.01,28.61
34.23,-76.99,28.77
34.23,-76.97,28.84
34.23,-76.95,28.92
34.23,-76.93,28.94
34.23,-76.91,28.91
34.23,-76.89,28.87
34.23,-76.87,28.88
34.23,-76.85,28.88
34.23,-76.83,28.84
34.23,-76.81,28.83
34.23,-76.79,28.87
34.23,-76.77,28.9
34.23,-76.75,28.94
34.23,-76.73,28.99
34.23,-76.71,29.0
34.23,-76.69,29.05
34.23,-76.67,29.07
34.23,-76.65,29.11
34.23,-76.63,29.04
34.23,-76.61,29.08
34.23,-76.59,29.05
34.23,-76.57,29.0
34.23,-76.55,29.0
34.23,-76.53,28.89
34.23,-76.51,28.83
34.23,-76.49,28.78
34.23,-76.47,28.75
34.23,-76.45,28.82
34.23,-76.43,28.83
34.23,-76.41,28.87
34.23,-76.39,28.8
34.23,-76.37,28.77
34.23,-76.35,28.92
34.23,-76.33,28.82
34.23,-76.31,28.84
34.23,-76.29,28.88
34.23,-76.27,28.9
34.23,-76.25,28.98
34.23,-76.23,29.22
34.23,-76.21,29.35
34.23,-76.19,29.72
34.23,-76.17,29.94
34.23,-76.15,30.16
34.23,-76.13,30.15
34.23,-76.11,30.18
34.23,-76.09,30.12
34.23,-76.07,30.08
34.23,-76.05,30.05
34.23,-76.03,30.16
34.23,-76.01,30.17
34.23,-75.99,30.17
34.23,-75.97,30.18
34.23,-75.95,30.1
34.23,-75.93,30.11
34.23,-75.91,30.1
34.23,-75.89,30.14
34.23,-75.87,30.19
34.23,-75.85,30.21
34.23,-75.83,30.19
34.23,-75.81,30.16
34.23,-75.79,30.17
34.23,-75.77,30.02
34.23,-75.75,29.98
34.23,-75.55,29.99
34.23,-75.53,30.05
34.23,-75.51,30.05
34.23,-75.49,29.96
34.23,-75.47,29.82
34.23,-75.45,29.79
34.23,-75.43,29.73
34.23,-75.41,29.91
34.23,-75.39,29.93
34.23,-75.37,29.98
34.23,-75.35,29.95
34.23,-75.33,30.07
34.23,-75.31,30.01
34.23,-75.29,29.99
34.23,-75.09,29.67
34.23,-75.07,29.69
34.23,-75.05,29.73
34.23,-75.03,29.83
34.23,-75.01,29.88
34.23,-74.99,29.84
34.23,-74.97,29.88
34.23,-74.95,29.89
34.23,-74.93,29.9
34.23,-74.91,30.01
34.23,-74.89,30.05
34.23,-74.87,29.98
34.23,-74.85,29.97
34.23,-74.83,29.91
34.23,-74.81,29.87
34.23,-74.79,29.89
34.23,-74.77,29.79
34.23,-74.75,29.77
34.23,-74.73,29.86
34.23,-74.71,29.81
34.23,-74.69,29.82
34.23,-74.67,29.8
34.23,-74.65,29.78
34.23,-74.63,29.76
34.23,-74.61,29.71
34.23,-74.59,29.71
34.23,-74.57,29.73
34.23,-74.55,29.79
34.23,-74.53,29.71
34.23,-74.51,29.75
34.23,-74.49,29.75
34.23,-74.47,29.8
34.23,-74.45,29.7
34.23,-74.43,29.65
34.23,-74.41,29.67
34.23,-74.39,29.74
34.23,-74.37,29.53
34.23,-74.35,29.2
34.23,-74.33,28.87
34.23,-74.31,28.19
34.23,-74.29,27.96
34.23,-74.27,28.0
34.23,-74.25,27.99
34.23,-74.23,27.97
34.23,-74.21,27.87
34.23,-74.19,27.89
34.23,-74.17,28.0
34.23,-74.15,28.16
34.23,-74.13,28.18
34.23,-74.11,28.15
34.23,-74.09,28.15
34.23,-74.07,28.09
34.23,-74.05,27.91
34.23,-74.03,27.81
34.23,-74.01,27.85
34.23,-73.99,27.72
34.23,-73.97,27.58
34.23,-73.95,27.32
34.23,-73.93,27.3
34.23,-73.91,27.39
34.23,-73.89,27.57
34.23,-73.87,27.72
34.23,-73.85,27.94
34.23,-73.83,27.91
34.23,-73.41,27.0
34.21,-77.77,27.93
34.21,-77.75,27.87
34.21,-77.73,27.76
34.21,-77.71,27.75
34.21,-77.69,27.86
34.21,-77.67,27.9
34.21,-77.65,27.97
34.21,-77.63,28.02
34.21,-77.61,28.11
34.21,-77.59,28.19
34.21,-77.57,28.12
34.21,-77.55,28.05
34.21,-77.53,28.11
34.21,-77.51,28.1
34.21,-77.49,28.12
34.21,-77.47,28.12
34.21,-77.45,28.07
34.21,-77.43,28.07
34.21,-77.41,28.12
34.21,-77.39,28.06
34.21,-77.37,28.11
34.21,-77.35,28.11
34.21,-77.33,28.11
34.21,-77.31,28.11
34.21,-77.29,28.09
34.21,-77.27,28.12
34.21,-77.25,28.15
34.21,-77.23,28.09
34.21,-77.21,28.19
34.21,-77.19,28.18
34.21,-77.17,28.22
34.21,-77.15,28.23
34.21,-77.13,28.24
34.21,-77.11,28.21
34.21,-77.09,28.22
34.21,-77.07,28.3
34.21,-77.05,28.43
34.21,-77.03,28.55
34.21,-77.01,28.78
34.21,-76.99,28.87
34.21,-76.97,28.89
34.21,-76.95,28.92
34.21,-76.93,28.96
34.21,-76.91,28.97
34.21,-76.89,28.93
34.21,-76.87,28.95
34.21,-76.85,28.97
34.21,-76.83,28.98
34.21,-76.81,28.96
34.21,-76.79,28.96
34.21,-76.77,28.92
34.21,-76.75,28.93
34.21,-76.73,28.99
34.21,-76.71,28.98
34.21,-76.69,29.0
34.21,-76.67,29.01
34.21,-76.65,29.05
34.21,-76.63,29.03
34.21,-76.61,28.99
34.21,-76.59,28.96
34.21,-76.57,28.98
34.21,-76.55,28.94
34.21,-76.53,28.92
34.21,-76.51,28.89
34.21,-76.49,28.85
34.21,-76.47,28.89
34.21,-76.45,28.92
34.21,-76.43,28.9
34.21,-76.41,28.88
34.21,-76.39,28.82
34.21,-76.37,28.82
34.21,-76.35,28.94
34.21,-76.33,28.93
34.21,-76.31,28.93
34.21,-76.29,28.89
34.21,-76.27,28.94
34.21,-76.25,29.37
34.21,-76.23,29.59
34.21,-76.21,29.77
34.21,-76.19,30.09
34.21,-76.17,30.13
34.21,-76.15,30.16
34.21,-76.13,30.06
34.21,-76.11,30.13
34.21,-76.09,30.18
34.21,-76.07,30.24
34.21,-76.05,30.24
34.21,-76.03,30.2
34.21,-76.01,30.28
34.21,-75.99,30.3
34.21,-75.97,30.24
34.21,-75.95,30.23
34.21,-75.93,30.18
34.21,-75.91,30.15
34.21,-75.89,30.17
34.21,-75.87,30.2
34.21,-75.85,30.25
34.21,-75.83,30.26
34.21,-75.81,30.19
34.21,-75.65,29.96
34.21,-75.61,29.97
34.21,-75.59,30.03
34.21,-75.57,30.02
34.21,-75.55,30.04
34.21,-75.49,29.91
34.21,-75.47,29.77
34.21,-75.45,29.76
34.21,-75.41,29.85
34.21,-75.39,29.9
34.21,-75.37,29.94
34.21,-75.35,29.92
34.21,-75.15,29.85
34.21,-75.13,29.85
34.21,-75.03,29.83
34.21,-75.01,29.87
34.21,-74.99,29.88
34.21,-74.97,29.92
34.21,-74.95,29.97
34.21,-74.93,30.03
34.21,-74.91,30.0
34.21,-74.89,29.94
34.21,-74.87,29.96
34.21,-74.85,29.96
34.21,-74.83,29.86
34.21,-74.81,29.86
34.21,-74.79,29.89
34.21,-74.77,29.85
34.21,-74.75,29.82
34.21,-74.73,29.85
34.21,-74.71,29.84
34.21,-74.69,29.82
34.21,-74.67,29.82
34.21,-74.65,29.83
34.21,-74.63,29.78
34.21,-74.61,29.74
34.21,-74.59,29.77
34.21,-74.57,29.82
34.21,-74.55,29.81
34.21,-74.53,29.78
34.21,-74.51,29.83
34.21,-74.49,29.8
34.21,-74.47,29.8
34.21,-74.45,29.78
34.21,-74.43,29.71
34.21,-74.41,29.68
34.21,-74.39,29.71
34.21,-74.37,29.58
34.21,-74.35,29.22
34.21,-74.33,28.73
34.21,-74.31,28.29
34.21,-74.29,27.95
34.21,-74.27,28.01
34.21,-74.25,27.92
34.21,-74.23,27.89
34.21,-74.21,27.91
34.21,-74.19,27.92
34.21,-74.17,28.0
34.21,-74.15,28.16
34.21,-74.13,28.18
34.21,-74.11,28.16
34.21,-74.09,28.1
34.21,-74.07,27.98
34.21,-74.05,27.94
34.21,-74.03,27.83
34.21,-74.01,27.78
34.21,-73.99,27.73
34.21,-73.97,27.61
34.21,-73.95,27.34
34.21,-73.93,27.31
34.21,-73.91,27.35
34.21,-73.89,27.45
34.21,-73.87,27.69
34.21,-73.85,27.9
34.21,-73.41,27.03
34.19,-77.79,27.75
34.19,-77.77,27.85
34.19,-77.75,27.79
34.19,-77.73,27.72
34.19,-77.71,27.76
34.19,-77.69,27.84
34.19,-77.67,27.88
34.19,-77.65,27.94
34.19,-77.63,27.97
34.19,-77.61,28.0
34.19,-77.59,28.01
34.19,-77.57,28.01
34.19,-77.55,27.99
34.19,-77.53,28.04
34.19,-77.51,28.05
34.19,-77.49,28.06
34.19,-77.47,27.98
34.19,-77.45,27.98
34.19,-77.43,28.0
34.19,-77.41,28.07
34.19,-77.39,28.13
34.19,-77.37,28.08
34.19,-77.35,28.15
34.19,-77.33,28.09
34.19,-77.31,28.13
34.19,-77.29,28.12
34.19,-77.27,28.11
34.19,-77.25,28.07
34.19,-77.23,28.06
34.19,-77.21,28.08
34.19,-77.19,28.17
34.19,-77.17,28.21
34.19,-77.15,28.23
34.19,-77.13,28.21
34.19,-77.11,28.09
34.19,-77.09,28.14
34.19,-77.07,28.23
34.19,-77.05,28.36
34.19,-77.03,28.62
34.19,-77.01,28.79
34.19,-76.99,28.88
34.19,-76.97,28.89
34.19,-76.95,28.98
34.19,-76.93,28.96
34.19,-76.91,28.97
34.19,-76.89,28.97
34.19,-76.87,28.96
34.19,-76.85,28.98
34.19,-76.83,29.01
34.19,-76.81,28.99
34.19,-76.79,28.94
34.19,-76.77,28.92
34.19,-76.75,28.98
34.19,-76.73,29.01
34.19,-76.71,29.0
34.19,-76.69,29.02
34.19,-76.67,29.0
34.19,-76.65,29.01
34.19,-76.63,29.01
34.19,-76.61,28.97
34.19,-76.59,29.0
34.19,-76.57,28.99
34.19,-76.55,28.92
34.19,-76.53,28.94
34.19,-76.51,28.93
34.19,-76.49,28.91
34.19,-76.47,28.88
34.19,-76.45,28.91
34.19,-76.43,28.89
34.19,-76.41,28.94
34.19,-76.39,28.87
34.19,-76.37,28.88
34.19,-76.35,28.96
34.19,-76.33,29.03
34.19,-76.31,29.08
34.19,-76.29,29.33
34.19,-76.27,29.44
34.19,-76.25,29.7
34.19,-76.23,30.02
34.19,-76.21,30.14
34.19,-76.19,30.1
34.19,-76.17,30.13
34.19,-76.15,30.14
34.19,-76.13,30.14
34.19,-76.11,30.17
34.19,-76.09,30.2
34.19,-76.07,30.34
34.19,-76.05,30.38
34.19,-76.03,30.34
34.19,-76.01,30.37
34.19,-75.99,30.18
34.19,-75.97,30.23
34.19,-75.95,30.29
34.19,-75.93,30.21
34.19,-75.91,30.17
34.19,-75.89,30.19
34.19,-75.87,30.19
34.19,-75.85,30.18
34.19,-75.83,30.29
34.19,-75.67,30.01
34.19,-75.65,29.99
34.19,-75.57,29.98
34.19,-75.55,30.02
34.19,-75.49,29.82
34.19,-75.47,29.8
34.19,-75.37,29.97
34.19,-75.35,29.89
34.19,-75.33,29.85
34.19,-75.31,29.87
34.19,-75.17,29.77
34.19,-75.15,29.79
34.19,-75.13,29.79
34.19,-75.03,29.88
34.19,-75.01,29.95
34.19,-74.99,30.02
34.19,-74.97,29.91
34.19,-74.95,29.93
34.19,-74.93,29.95
34.19,-74.91,29.97
34.19,-74.89,29.98
34.19,-74.87,29.97
34.19,-74.85,29.92
34.19,-74.83,29.88
34.19,-74.81,29.91
34.19,-74.79,29.93
34.19,-74.77,29.94
34.19,-74.75,29.9
34.19,-74.73,29.91
34.19,-74.71,29.85
34.19,-74.69,29.85
34.19,-74.67,29.91
34.19,-74.65,29.83
34.19,-74.63,29.78
34.19,-74.61,29.73
34.19,-74.59,29.74
34.19,-74.57,29.76
34.19,-74.55,29.79
34.19,-74.53,29.89
34.19,-74.51,29.75
34.19,-74.49,29.78
34.19,-74.47,29.83
34.19,-74.45,29.83
34.19,-74.43,29.7
34.19,-74.41,29.7
34.19,-74.39,29.74
34.19,-74.37,29.52
34.19,-74.35,29.22
34.19,-74.33,28.46
34.19,-74.31,28.0
34.19,-74.29,28.0
34.19,-74.27,28.03
34.19,-74.25,27.96
34.19,-74.23,27.86
34.19,-74.21,27.91
34.19,-74.19,27.93
34.19,-74.17,27.96
34.19,-74.15,28.15
34.19,-74.13,28.22
34.19,-74.11,28.25
34.19,-74.09,28.07
34.19,-74.07,27.96
34.19,-74.05,27.78
34.19,-74.03,27.82
34.19,-74.01,27.78
34.19,-73.99,27.66
34.19,-73.97,27.44
34.19,-73.95,27.34
34.19,-73.93,27.33
34.19,-73.91,27.39
34.19,-73.89,27.45
34.19,-73.87,27.52
34.19,-73.85,27.75
34.17,-77.81,27.91
34.17,-77.79,27.85
34.17,-77.77,27.79
34.17,-77.75,27.74
34.17,-77.73,27.71
34.17,-77.71,27.75
34.17,-77.69,27.82
34.17,-77.67,27.87
34.17,-77.65,27.95
34.17,-77.63,27.96
34.17,-77.61,27.92
34.17,-77.59,27.93
34.17,-77.57,27.96
34.17,-77.55,28.02
34.17,-77.53,28.03
34.17,-77.51,28.01
34.17,-77.49,27.98
34.17,-77.47,27.99
34.17,-77.45,27.98
34.17,-77.43,27.95
34.17,-77.41,28.05
34.17,-77.39,28.06
34.17,-77.37,28.06
34.17,-77.35,28.11
34.17,-77.33,28.1
34.17,-77.31,28.13
34.17,-77.29,28.06
34.17,-77.27,28.05
34.17,-77.25,28.03
34.17,-77.23,28.08
34.17,-77.21,28.09
34.17,-77.19,28.06
34.17,-77.17,28.1
34.17,-77.15,28.13
34.17,-77.13,28.08
34.17,-77.11,28.13
34.17,-77.09,28.15
34.17,-77.07,28.14
34.17,-77.05,28.58
34.17,-77.03,28.65
34.17,-77.01,28.88
34.17,-76.99,28.9
34.17,-76.97,28.9
34.17,-76.95,28.97
34.17,-76.93,28.95
34.17,-76.91,28.96
34.17,-76.89,28.98
34.17,-76.87,29.02
34.17,-76.85,29.03
34.17,-76.83,29.04
34.17,-76.81,29.04
34.17,-76.79,29.01
34.17,-76.77,28.99
34.17,-76.75,28.99
34.17,-76.73,29.03
34.17,-76.71,29.02
34.17,-76.69,29.01
34.17,-76.67,29.02
34.17,-76.65,29.01
34.17,-76.63,29.0
34.17,-76.61,28.98
34.17,-76.59,28.92
34.17,-76.57,28.85
34.17,-76.55,28.91
34.17,-76.53,28.9
34.17,-76.51,28.83
34.17,-76.49,28.93
34.17,-76.47,28.93
34.17,-76.45,28.88
34.17,-76.43,28.9
34.17,-76.41,28.95
34.17,-76.39,28.89
34.17,-76.37,29.1
34.17,-76.35,29.22
34.17,-76.33,29.32
34.17,-76.31,29.49
34.17,-76.29,29.64
34.17,-76.27,29.83
34.17,-76.25,30.08
34.17,-76.23,30.15
34.17,-76.21,30.1
34.17,-76.19,30.11
34.17,-76.17,30.16
34.17,-76.15,30.19
34.17,-76.13,30.23
34.17,-76.11,30.32
34.17,-76.09,30.29
34.17,-76.07,30.39
34.17,-76.05,30.41
34.17,-76.03,30.34
34.17,-76.01,30.17
34.17,-75.99,30.27
34.17,-75.97,30.37
34.17,-75.95,30.37
34.17,-75.91,30.18
34.17,-75.89,30.18
34.17,-75.87,30.15
34.17,-75.85,30.13
34.17,-75.79,29.91
34.17,-75.77,29.74
34.17,-75.67,30.07
34.17,-75.65,30.01
34.17,-75.63,30.0
34.17,-75.61,30.0
34.17,-75.57,30.01
34.17,-75.55,29.99
34.17,-75.53,29.89
34.17,-75.51,29.83
34.17,-75.49,29.9
34.17,-75.43,29.91
34.17,-75.41,29.97
34.17,-75.39,29.94
34.17,-75.37,29.9
34.17,-75.35,29.89
34.17,-75.33,29.85
34.17,-75.17,29.84
34.17,-75.15,29.8
34.17,-75.03,29.91
34.17,-75.01,29.96
34.17,-74.99,29.95
34.17,-74.97,29.92
34.17,-74.95,29.96
34.17,-74.93,29.97
34.17,-74.91,30.02
34.17,-74.89,29.99
34.17,-74.87,29.96
34.17,-74.85,29.91
34.17,-74.83,29.92
34.17,-74.81,29.92
34.17,-74.79,29.92
34.17,-74.77,29.88
34.17,-74.75,29.9
34.17,-74.73,29.88
34.17,-74.71,29.84
34.17,-74.69,29.82
34.17,-74.67,29.74
34.17,-74.65,29.76
34.17,-74.63,29.72
34.17,-74.61,29.69
34.17,-74.59,29.75
34.17,-74.57,29.74
34.17,-74.55,29.77
34.17,-74.53,29.73
34.17,-74.51,29.71
34.17,-74.49,29.81
34.17,-74.47,29.77
34.17,-74.45,29.73
34.17,-74.43,29.7
34.17,-74.41,29.7
34.17,-74.39,29.7
34.17,-74.37,29.4
34.17,-74.35,29.11
34.17,-74.33,28.54
34.17,-74.31,28.05
34.17,-74.29,28.05
34.17,-74.27,28.05
34.17,-74.25,27.96
34.17,-74.23,27.89
34.17,-74.21,27.89
34.17,-74.19,27.92
34.17,-74.17,27.98
34.17,-74.15,28.14
34.17,-74.13,28.18
34.17,-74.11,28.13
34.17,-74.09,28.07
34.17,-74.07,27.85
34.17,-74.05,27.77
34.17,-74.03,27.76
34.17,-74.01,27.7
34.17,-73.99,27.64
34.17,-73.97,27.46
34.17,-73.93,27.34
34.17,-73.91,27.41
34.17,-73.89,27.51
34.17,-73.87,27.51
34.17,-73.51,27.27
34.17,-73.49,27.29
34.17,-73.47,27.33
34.15,-77.95,28.21
34.15,-77.83,27.91
34.15,-77.81,27.82
34.15,-77.79,27.81
34.15,-77.77,27.8
34.15,-77.75,27.7
34.15,-77.73,27.72
34.15,-77.71,27.79
34.15,-77.69,27.81
34.15,-77.67,27.82
34.15,-77.65,27.91
34.15,-77.63,27.91
34.15,-77.61,27.89
34.15,-77.59,27.86
34.15,-77.57,27.9
34.15,-77.55,28.0
34.15,-77.53,27.99
34.15,-77.51,27.98
34.15,-77.49,27.94
34.15,-77.47,27.95
34.15,-77.45,27.92
34.15,-77.43,27.97
34.15,-77.41,28.08
34.15,-77.39,27.94
34.15,-77.37,28.08
34.15,-77.35,28.13
34.15,-77.33,28.08
34.15,-77.31,28.12
34.15,-77.29,28.09
34.15,-77.27,28.07
34.15,-77.25,28.15
34.15,-77.23,28.14
34.15,-77.21,28.09
34.15,-77.19,28.01
34.15,-77.17,28.07
34.15,-77.15,28.08
34.15,-77.13,28.05
34.15,-77.11,28.12
34.15,-77.09,28.35
34.15,-77.07,28.48
34.15,-77.05,28.64
34.15,-77.03,28.79
34.15,-77.01,28.79
34.15,-76.99,28.82
34.15,-76.97,28.86
34.15,-76.95,28.99
34.15,-76.93,28.94
34.15,-76.91,28.94
34.15,-76.89,28.97
34.15,-76.87,28.99
34.15,-76.85,28.97
34.15,-76.83,29.02
34.15,-76.81,29.02
34.15,-76.79,29.0
34.15,-76.77,29.0
34.15,-76.75,28.96
34.15,-76.73,28.99
34.15,-76.71,29.0
34.15,-76.69,28.94
34.15,-76.67,28.9
34.15,-76.65,29.0
34.15,-76.63,28.93
34.15,-76.61,28.87
34.15,-76.59,28.89
34.15,-76.57,28.89
34.15,-76.55,28.85
34.15,-76.53,28.85
34.15,-76.51,28.81
34.15,-76.49,28.92
34.15,-76.47,28.89
34.15,-76.45,28.91
34.15,-76.43,28.97
34.15,-76.41,29.04
34.15,-76.39,29.15
34.15,-76.37,29.38
34.15,-76.35,29.5
34.15,-76.33,29.71
34.15,-76.31,29.74
34.15,-76.29,29.9
34.15,-76.27,30.14
34.15,-76.25,30.17
34.15,-76.23,29.98
34.15,-76.21,30.16
34.15,-76.19,30.17
34.15,-76.17,30.35
34.15,-76.15,30.35
34.15,-76.13,30.35
34.15,-76.11,30.42
34.15,-76.09,30.38
34.15,-76.07,30.43
34.15,-76.05,30.4
34.15,-76.03,30.39
34.15,-76.01,30.38
34.15,-75.99,30.42
34.15,-75.97,30.4
34.15,-75.95,30.34
34.15,-75.93,30.29
34.15,-75.91,30.16
34.15,-75.67,30.07
34.15,-75.65,30.04
34.15,-75.59,30.03
34.15,-75.57,30.0
34.15,-75.55,29.98
34.15,-75.53,29.94
34.15,-75.51,29.82
34.15,-75.49,29.86
34.15,-75.47,29.95
34.15,-75.45,29.94
34.15,-75.43,29.94
34.15,-75.41,29.98
34.15,-75.39,29.97
34.15,-75.37,29.82
34.15,-75.35,29.85
34.15,-75.19,29.89
34.15,-75.17,29.86
34.15,-75.15,29.8
34.15,-75.03,29.91
34.15,-75.01,29.96
34.15,-74.99,29.94
34.15,-74.97,29.95
34.15,-74.95,30.01
34.15,-74.93,30.01
34.15,-74.91,29.94
34.15,-74.89,29.93
34.15,-74.87,29.93
34.15,-74.85,29.91
34.15,-74.83,29.9
34.15,-74.81,29.89
34.15,-74.79,29.87
34.15,-74.77,29.87
34.15,-74.75,29.92
34.15,-74.73,29.86
34.15,-74.71,29.81
34.15,-74.69,29.78
34.15,-74.67,29.78
34.15,-74.65,29.67
34.15,-74.63,29.76
34.15,-74.61,29.79
34.15,-74.59,29.8
34.15,-74.57,29.76
34.15,-74.55,29.78
34.15,-74.53,29.71
34.15,-74.51,29.8
34.15,-74.49,29.82
34.15,-74.47,29.84
34.15,-74.45,29.8
34.15,-74.43,29.72
34.15,-74.41,29.7
34.15,-74.39,29.65
34.15,-74.37,29.24
34.15,-74.35,28.72
34.15,-74.33,28.26
34.15,-74.31,27.99
34.15,-74.29,27.95
34.15,-74.27,27.93
34.15,-74.25,27.85
34.15,-74.23,27.87
34.15,-74.21,27.98
34.15,-74.19,27.93
34.15,-74.17,27.96
34.15,-74.15,28.15
34.15,-74.13,28.14
34.15,-74.11,28.11
34.15,-74.09,28.09
34.15,-74.07,27.92
34.15,-74.05,27.76
34.15,-74.03,27.73
34.15,-74.01,27.72
34.15,-73.51,27.31
34.15,-73.49,27.28
34.15,-73.47,27.25
34.13,-77.95,28.1
34.13,-77.93,28.09
34.13,-77.83,28.01
34.13,-77.81,27.9
34.13,-77.79,27.78
34.13,-77.77,27.78
34.13,-77.75,27.8
34.13,-77.73,27.78
34.13,-77.71,27.75
34.13,-77.69,27.76
34.13,-77.67,27.76
34.13,-77.65,27.9
34.13,-77.63,27.88
34.13,-77.61,27.9
34.13,-77.59,27.86
34.13,-77.57,27.9
34.13,-77.55,27.91
34.13,-77.53,27.87
34.13,-77.51,27.88
34.13,-77.49,27.86
34.13,-77.47,27.86
34.13,-77.45,27.89
34.13,-77.43,27.94
34.13,-77.41,27.99
34.13,-77.39,27.94
34.13,-77.37,28.03
34.13,-77.35,28.05
34.13,-77.33,28.13
34.13,-77.31,28.19
34.13,-77.29,28.19
34.13,-77.27,28.21
34.13,-77.25,28.21
34.13,-77.23,28.2
34.13,-77.21,28.15
34.13,-77.19,28.1
34.13,-77.17,28.05
34.13,-77.15,28.06
34.13,-77.13,28.1
34.13,-77.11,28.33
34.13,-77.09,28.47
34.13,-77.07,28.68
34.13,-77.05,28.77
34.13,-77.03,28.89
34.13,-77.01,28.89
34.13,-76.99,28.94
34.13,-76.97,28.94
34.13,-76.95,28.94
34.13,-76.93,28.95
34.13,-76.91,28.94
34.13,-76.89,28.96
34.13,-76.87,28.94
34.13,-76.85,28.97
34.13,-76.83,28.99
34.13,-76.81,28.99
34.13,-76.79,28.99
34.13,-76.77,28.99
34.13,-76.75,28.98
34.13,-76.73,28.97
34.13,-76.71,28.97
34.13,-76.69,28.99
34.13,-76.67,28.91
34.13,-76.65,28.93
34.13,-76.63,28.94
34.13,-76.61,28.91
34.13,-76.59,28.99
34.13,-76.57,28.89
34.13,-76.55,28.86
34.13,-76.53,28.95
34.13,-76.51,28.89
34.13,-76.49,28.86
34.13,-76.47,28.87
34.13,-76.45,28.88
34.13,-76.43,29.38
34.13,-76.41,29.31
34.13,-76.39,29.6
34.13,-76.37,29.72
34.13,-76.35,29.79
34.13,-76.33,29.91
34.13,-76.31,30.05
34.13,-76.29,30.12
34.13,-76.27,30.1
34.13,-76.25,30.03
34.13,-76.23,30.16
34.13,-76.21,30.25
34.13,-76.19,30.25
34.13,-76.17,30.25
34.13,-76.15,30.33
34.13,-76.13,30.34
34.13,-76.11,30.38
34.13,-76.09,30.44
34.13,-76.07,30.46
34.13,-76.05,30.43
34.13,-76.03,30.45
34.13,-76.01,30.44
34.13,-75.97,30.44
34.13,-75.95,30.39
34.13,-75.93,30.28
34.13,-75.87,30.07
34.13,-75.85,30.03
34.13,-75.83,29.89
34.13,-75.81,29.87
34.13,-75.79,29.77
34.13,-75.67,30.05
34.13,-75.65,29.97
34.13,-75.59,29.95
34.13,-75.57,29.99
34.13,-75.55,30.0
34.13,-75.53,29.85
34.13,-75.51,29.83
34.13,-75.49,29.87
34.13,-75.47,29.92
34.13,-75.45,30.0
34.13,-75.43,29.99
34.13,-75.41,29.96
34.13,-75.39,29.95
34.13,-75.37,29.68
34.13,-75.03,29.88
34.13,-75.01,29.92
34.13,-74.99,29.91
34.13,-74.97,29.98
34.13,-74.95,29.99
34.13,-74.93,29.96
34.13,-74.91,29.91
34.13,-74.89,29.92
34.13,-74.87,29.91
34.13,-74.85,29.9
34.13,-74.83,29.88
34.13,-74.81,29.87
34.13,-74.79,29.92
34.13,-74.77,29.93
34.13,-74.75,29.89
34.13,-74.73,29.85
34.13,-74.71,29.76
34.13,-74.69,29.81
34.13,-74.67,29.78
34.13,-74.65,29.78
34.13,-74.63,29.74
34.13,-74.61,29.77
34.13,-74.59,29.85
34.13,-74.57,29.75
34.13,-74.55,29.74
34.13,-74.53,29.73
34.13,-74.51,29.83
34.13,-74.49,29.85
34.13,-74.47,29.87
34.13,-74.45,29.8
34.13,-74.43,29.75
34.13,-74.41,29.77
34.13,-74.39,29.51
34.13,-74.37,29.2
34.13,-74.35,28.37
34.13,-74.33,28.03
34.13,-74.31,27.93
34.13,-74.29,27.95
34.13,-74.27,27.95
34.13,-74.25,27.87
34.13,-74.23,27.9
34.13,-74.21,27.91
34.13,-74.19,27.92
34.13,-74.17,27.95
34.13,-74.15,28.12
34.13,-74.13,28.21
34.13,-74.11,28.2
34.13,-74.09,28.15
34.13,-73.53,27.52
34.13,-73.51,27.49
34.13,-73.49,27.34
34.13,-73.47,27.28
34.11,-77.93,28.77
34.11,-77.85,27.96
34.11,-77.83,27.95
34.11,-77.81,27.82
34.11,-77.79,27.79
34.11,-77.77,27.8
34.11,-77.75,27.81
34.11,-77.73,27.77
34.11,-77.71,27.78
34.11,-77.69,27.8
34.11,-77.67,27.78
34.11,-77.65,27.82
34.11,-77.63,27.86
34.11,-77.61,27.88
34.11,-77.59,27.8
34.11,-77.57,27.86
34.11,-77.55,27.81
34.11,-77.53,27.81
34.11,-77.51,27.81
34.11,-77.49,27.79
34.11,-77.47,27.85
34.11,-77.45,27.89
34.11,-77.43,27.91
34.11,-77.41,27.99
34.11,-77.39,27.99
34.11,-77.37,28.09
34.11,-77.35,28.08
34.11,-77.33,28.3
34.11,-77.31,28.29
34.11,-77.29,28.36
34.11,-77.27,28.4
34.11,-77.25,28.39
34.11,-77.23,28.37
34.11,-77.21,28.23
34.11,-77.19,28.2
34.11,-77.17,28.19
34.11,-77.15,28.15
34.11,-77.13,28.22
34.11,-77.11,28.4
34.11,-77.09,28.64
34.11,-77.07,28.79
34.11,-77.05,28.92
34.11,-77.03,28.94
34.11,-77.01,28.88
34.11,-76.99,28.93
34.11,-76.97,28.87
34.11,-76.95,28.88
34.11,-76.93,28.93
34.11,-76.91,28.9
34.11,-76.89,28.89
34.11,-76.87,28.89
34.11,-76.85,28.88
34.11,-76.83,28.88
34.11,-76.81,28.97
34.11,-76.79,28.97
34.11,-76.77,28.97
34.11,-76.75,28.96
34.11,-76.73,28.91
34.11,-76.71,28.92
34.11,-76.69,29.06
34.11,-76.67,28.98
34.11,-76.65,28.96
34.11,-76.63,28.96
34.11,-76.61,28.84
34.11,-76.59,28.92
34.11,-76.57,28.89
34.11,-76.55,28.84
34.11,-76.53,28.9
34.11,-76.51,29.04
34.11,-76.49,29.04
34.11,-76.47,29.1
34.11,-76.45,29.46
34.11,-76.43,29.52
34.11,-76.41,29.57
34.11,-76.39,29.8
34.11,-76.37,29.87
34.11,-76.35,30.02
34.11,-76.33,30.07
34.11,-76.31,30.2
34.11,-76.29,30.15
34.11,-76.27,30.09
34.11,-76.25,30.15
34.11,-76.23,30.21
34.11,-76.21,30.25
34.11,-76.19,30.2
34.11,-76.17,30.34
34.11,-76.15,30.37
34.11,-76.13,30.42
34.11,-76.11,30.4
34.11,-76.09,30.46
34.11,-76.07,30.45
34.11,-76.05,30.48
34.11,-76.03,30.49
34.11,-76.01,30.49
34.11,-75.97,30.38
34.11,-75.95,30.39
34.11,-75.81,29.93
34.11,-75.69,30.1
34.11,-75.67,30.02
34.11,-75.65,29.98
34.11,-75.63,29.94
34.11,-75.61,29.85
34.11,-75.59,29.91
34.11,-75.57,29.95
34.11,-75.55,29.96
34.11,-75.53,29.8
34.11,-75.51,29.93
34.11,-75.49,29.9
34.11,-75.47,29.89
34.11,-75.43,29.99
34.11,-75.41,29.93
34.11,-75.37,29.72
34.11,-75.35,29.7
34.11,-75.03,29.82
34.11,-75.01,29.88
34.11,-74.99,29.95
34.11,-74.97,30.01
34.11,-74.95,29.98
34.11,-74.93,29.94
34.11,-74.91,29.92
34.11,-74.89,29.93
34.11,-74.87,29.94
34.11,-74.85,29.93
34.11,-74.83,29.93
34.11,-74.81,29.95
34.11,-74.79,29.94
34.11,-74.77,29.9
34.11,-74.75,29.9
34.11,-74.73,29.83
34.11,-74.71,29.8
34.11,-74.69,29.85
34.11,-74.67,29.79
34.11,-74.65,29.7
34.11,-74.63,29.65
34.11,-74.61,29.81
34.11,-74.59,29.84
34.11,-74.57,29.8
34.11,-74.55,29.77
34.11,-74.53,29.85
34.11,-74.51,29.88
34.11,-74.49,29.89
34.11,-74.47,29.82
34.11,-74.45,29.76
34.11,-74.43,29.67
34.11,-74.41,29.62
34.11,-74.39,29.34
34.11,-74.37,28.88
34.11,-74.35,28.12
34.11,-74.33,27.98
34.11,-74.31,27.96
34.11,-74.29,27.81
34.11,-74.27,27.8
34.11,-74.25,27.84
34.11,-74.23,27.9
34.11,-74.21,27.89
34.11,-74.19,27.87
34.11,-74.17,27.9
34.11,-74.15,28.03
34.11,-73.61,27.3
34.11,-73.59,27.43
34.11,-73.57,27.42
34.11,-73.55,27.46
34.11,-73.53,27.57
34.11,-73.51,27.53
34.09,-77.85,28.02
34.09,-77.83,27.93
34.09,-77.81,27.8
34.09,-77.79,27.76
34.09,-77.77,27.76
34.09,-77.75,27.82
34.09,-77.73,27.78
34.09,-77.71,27.71
34.09,-77.69,27.77
34.09,-77.67,27.78
34.09,-77.65,27.82
34.09,-77.63,27.9
34.09,-77.61,27.86
34.09,-77.59,27.85
34.09,-77.57,27.86
34.09,-77.55,27.86
34.09,-77.53,27.9
34.09,-77.51,27.81
34.09,-77.49,27.79
34.09,-77.47,27.86
34.09,-77.45,27.89
34.09,-77.43,28.07
34.09,-77.41,28.09
34.09,-77.39,28.2
34.09,-77.37,28.28
34.09,-77.35,28.33
34.09,-77.33,28.43
34.09,-77.31,28.41
34.09,-77.29,28.51
34.09,-77.27,28.63
34.09,-77.25,28.52
34.09,-77.23,28.45
34.09,-77.21,28.4
34.09,-77.19,28.34
34.09,-77.17,28.25
34.09,-77.15,28.43
34.09,-77.13,28.45
34.09,-77.11,28.75
34.09,-77.09,28.77
34.09,-77.07,28.9
34.09,-77.05,28.87
34.09,-77.03,28.89
34.09,-77.01,28.87
34.09,-76.99,28.86
34.09,-76.97,28.8
34.09,-76.95,28.83
34.09,-76.93,28.83
34.09,-76.91,28.86
34.09,-76.89,28.83
34.09,-76.87,28.87
34.09,-76.85,28.77
34.09,-76.83,28.84
34.09,-76.81,28.88
34.09,-76.79,28.9
34.09,-76.77,28.89
34.09,-76.75,28.9
34.09,-76.73,28.89
34.09,-76.71,28.93
34.09,-76.69,28.97
34.09,-76.67,28.97
34.09,-76.65,28.92
34.09,-76.63,28.89
34.09,-76.61,28.87
34.09,-76.59,28.88
34.09,-76.57,28.83
34.09,-76.55,28.93
34.09,-76.53,28.98
34.09,-76.51,29.21
34.09,-76.49,29.3
34.09,-76.47,29.4
34.09,-76.45,29.6
34.09,-76.43,29.75
34.09,-76.41,29.91
34.09,-76.39,29.98
34.09,-76.37,30.06
34.09,-76.35,30.14
34.09,-76.33,30.17
34.09,-76.31,30.15
34.09,-76.29,30.13
34.09,-76.27,30.31
34.09,-76.25,30.31
34.09,-76.23,30.25
34.09,-76.21,30.24
34.09,-76.19,30.28
34.09,-76.17,30.37
34.09,-76.15,30.4
34.09,-76.13,30.41
34.09,-76.11,30.41
34.09,-76.09,30.47
34.09,-76.07,30.59
34.09,-76.05,30.65
34.09,-76.03,30.49
34.09,-75.97,30.37
34.09,-75.95,30.36
34.09,-75.81,30.03
34.09,-75.77,30.01
34.09,-75.75,30.03
34.09,-75.71,30.09
34.09,-75.69,30.09
34.09,-75.67,30.04
34.09,-75.65,30.02
34.09,-75.63,29.97
34.09,-75.59,29.93
34.09,-75.57,29.95
34.09,-75.55,29.93
34.09,-75.53,29.84
34.09,-75.51,29.9
34.09,-75.49,29.91
34.09,-75.47,29.85
34.09,-75.45,29.84
34.09,-75.43,29.89
34.09,-75.41,29.9
34.09,-75.39,29.83
34.09,-75.07,29.92
34.09,-75.05,29.87
34.09,-75.03,29.83
34.09,-75.01,29.91
34.09,-74.99,29.9
34.09,-74.97,29.95
34.09,-74.95,29.93
34.09,-74.93,29.9
34.09,-74.91,29.9
34.09,-74.89,29.93
34.09,-74.87,29.92
34.09,-74.85,29.9
34.09,-74.83,29.9
34.09,-74.81,29.89
34.09,-74.79,29.84
34.09,-74.77,29.78
34.09,-74.75,29.81
34.09,-74.73,29.75
34.09,-74.71,29.71
34.09,-74.69,29.79
34.09,-74.67,29.72
34.09,-74.65,29.64
34.09,-74.63,29.68
34.09,-74.61,29.81
34.09,-74.59,29.81
34.09,-74.57,29.81
34.09,-74.55,29.79
34.09,-74.53,29.84
34.09,-74.51,29.83
34.09,-74.49,29.83
34.09,-74.47,29.8
34.09,-74.45,29.71
34.09,-74.43,29.7
34.09,-74.41,29.59
34.09,-74.39,29.39
34.09,-74.37,28.72
34.09,-74.35,28.06
34.09,-74.33,27.99
34.09,-74.31,27.92
34.09,-74.29,27.77
34.09,-74.27,27.79
34.09,-74.25,27.81
34.09,-74.09,28.14
34.09,-73.57,27.41
34.07,-77.93,28.6
34.07,-77.87,28.47
34.07,-77.85,28.29
34.07,-77.83,27.99
34.07,-77.79,27.8
34.07,-77.77,27.83
34.07,-77.75,27.85
34.07,-77.73,27.81
34.07,-77.71,27.79
34.07,-77.69,27.82
34.07,-77.67,27.8
34.07,-77.65,27.78
34.07,-77.63,27.92
34.07,-77.61,27.98
34.07,-77.59,27.96
34.07,-77.57,28.06
34.07,-77.55,28.06
34.07,-77.53,28.02
34.07,-77.51,27.86
34.07,-77.49,27.88
34.07,-77.47,27.9
34.07,-77.45,28.01
34.07,-77.43,28.08
34.07,-77.41,28.14
34.07,-77.39,28.21
34.07,-77.37,28.24
34.07,-77.35,28.31
34.07,-77.33,28.48
34.07,-77.31,28.42
34.07,-77.29,28.51
34.07,-77.27,28.6
34.07,-77.25,28.64
34.07,-77.23,28.6
34.07,-77.21,28.58
34.07,-77.19,28.55
34.07,-77.17,28.47
34.07,-77.15,28.57
34.07,-77.13,28.68
34.07,-77.11,28.7
34.07,-77.09,28.72
34.07,-77.07,28.73
34.07,-77.05,28.72
34.07,-77.03,28.77
34.07,-77.01,28.81
34.07,-76.99,28.79
34.07,-76.97,28.78
34.07,-76.95,28.8
34.07,-76.93,28.83
34.07,-76.91,28.82
34.07,-76.89,28.78
34.07,-76.87,28.79
34.07,-76.85,28.75
34.07,-76.83,28.82
34.07,-76.81,28.9
34.07,-76.79,28.95
34.07,-76.77,28.86
34.07,-76.75,28.82
34.07,-76.73,28.82
34.07,-76.71,28.89
34.07,-76.69,28.98
34.07,-76.67,29.0
34.07,-76.65,28.86
34.07,-76.63,28.87
34.07,-76.61,28.88
34.07,-76.59,28.91
34.07,-76.57,28.92
34.07,-76.55,29.11
34.07,-76.53,29.24
34.07,-76.51,29.44
34.07,-76.49,29.49
34.07,-76.47,29.81
34.07,-76.45,29.84
34.07,-76.43,29.9
34.07,-76.41,30.07
34.07,-76.39,30.15
34.07,-76.37,30.09
34.07,-76.35,30.09
34.07,-76.33,30.11
34.07,-76.31,30.2
34.07,-76.29,30.27
34.07,-76.27,30.37
34.07,-76.25,30.36
34.07,-76.23,30.35
34.07,-76.21,30.36
34.07,-76.17,30.33
34.07,-76.15,30.37
34.07,-76.13,30.41
34.07,-76.11,30.48
34.07,-76.09,30.5
34.07,-76.07,30.55
34.07,-76.05,30.47
34.07,-76.03,30.45
34.07,-75.97,30.37
34.07,-75.95,30.37
34.07,-75.83,30.23
34.07,-75.81,30.06
34.07,-75.79,30.03
34.07,-75.69,29.99
34.07,-75.67,30.01
34.07,-75.65,30.03
34.07,-75.61,29.96
34.07,-75.59,30.0
34.07,-75.57,30.03
34.07,-75.53,29.84
34.07,-75.51,29.84
34.07,-75.49,29.89
34.07,-75.47,29.89
34.07,-75.45,29.86
34.07,-75.43,29.9
34.07,-75.41,29.92
34.07,-75.39,29.83
34.07,-75.37,29.78
34.07,-75.15,29.91
34.07,-75.07,29.89
34.07,-75.05,29.85
34.07,-75.03,29.8
34.07,-75.01,29.9
34.07,-74.99,29.9
34.07,-74.97,29.92
34.07,-74.95,29.87
34.07,-74.93,29.88
34.07,-74.91,29.83
34.07,-74.89,29.85
34.07,-74.87,29.88
34.07,-74.85,29.84
34.07,-74.83,29.82
34.07,-74.81,29.81
34.07,-74.79,29.77
34.07,-74.77,29.7
34.07,-74.75,29.77
34.07,-74.73,29.69
34.07,-74.71,29.69
34.07,-74.69,29.7
34.07,-74.67,29.69
34.07,-74.65,29.68
34.07,-74.63,29.73
34.07,-74.61,29.74
34.07,-74.59,29.77
34.07,-74.57,29.78
34.07,-74.55,29.81
34.07,-74.53,29.83
34.07,-74.51,29.83
34.07,-74.49,29.83
34.07,-74.47,29.81
34.07,-74.45,29.69
34.07,-74.43,29.65
34.07,-74.41,29.58
34.07,-74.39,28.75
34.07,-74.37,28.23
34.07,-74.35,27.99
34.07,-74.33,27.97
34.07,-74.31,27.85
34.07,-74.29,27.89
34.07,-74.27,27.82
34.07,-74.25,27.79
34.07,-74.13,28.08
34.07,-74.11,28.08
34.07,-74.09,28.08
34.05,-77.93,28.91
34.05,-77.87,27.96
34.05,-77.85,28.03
34.05,-77.79,27.81
34.05,-77.77,27.88
34.05,-77.75,27.92
34.05,-77.73,27.91
34.05,-77.71,27.91
34.05,-77.69,27.89
34.05,-77.67,27.91
34.05,-77.65,27.93
34.05,-77.63,27.97
34.05,-77.61,28.09
34.05,-77.59,28.1
34.05,-77.57,28.09
34.05,-77.55,28.12
34.05,-77.53,28.01
34.05,-77.51,27.83
34.05,-77.49,27.87
34.05,-77.47,27.96
34.05,-77.45,27.99
34.05,-77.43,28.0
34.05,-77.41,28.12
34.05,-77.39,28.2
34.05,-77.37,28.25
34.05,-77.35,28.47
34.05,-77.33,28.5
34.05,-77.31,28.44
34.05,-77.29,28.57
34.05,-77.27,28.62
34.05,-77.25,28.67
34.05,-77.23,28.69
34.05,-77.21,28.66
34.05,-77.19,28.66
34.05,-77.17,28.6
34.05,-77.15,28.64
34.05,-77.13,28.66
34.05,-77.11,28.61
34.05,-77.09,28.65
34.05,-77.07,28.69
34.05,-77.05,28.74
34.05,-77.03,28.75
34.05,-77.01,28.75
34.05,-76.99,28.74
34.05,-76.97,28.72
34.05,-76.95,28.83
34.05,-76.93,28.8
34.05,-76.91,28.8
34.05,-76.89,28.8
34.05,-76.87,28.79
34.05,-76.85,28.81
34.05,-76.83,28.83
34.05,-76.81,28.87
34.05,-76.79,28.89
34.05,-76.77,28.87
34.05,-76.75,28.88
34.05,-76.73,28.95
34.05,-76.71,28.93
34.05,-76.69,28.93
34.05,-76.67,28.95
34.05,-76.65,28.91
34.05,-76.63,28.86
34.05,-76.61,28.96
34.05,-76.59,28.93
34.05,-76.57,29.13
34.05,-76.55,29.21
34.05,-76.53,29.37
34.05,-76.51,29.6
34.05,-76.49,29.75
34.05,-76.47,29.89
34.05,-76.45,29.95
34.05,-76.43,30.12
34.05,-76.41,30.15
34.05,-76.39,30.18
34.05,-76.37,30.12
34.05,-76.35,30.09
34.05,-76.33,30.14
34.05,-76.31,30.23
34.05,-76.29,30.28
34.05,-76.27,30.31
34.05,-76.25,30.38
34.05,-76.23,30.36
34.05,-76.17,30.45
34.05,-76.15,30.47
34.05,-76.13,30.45
34.05,-76.11,30.37
34.05,-76.09,30.54
34.05,-76.07,30.54
34.05,-76.05,30.45
34.05,-76.03,30.41
34.05,-75.97,30.25
34.05,-75.95,30.23
34.05,-75.91,30.26
34.05,-75.87,30.26
34.05,-75.85,30.27
34.05,-75.83,30.27
34.05,-75.73,29.99
34.05,-75.69,30.06
34.05,-75.67,30.1
34.05,-75.65,30.09
34.05,-75.61,29.95
34.05,-75.59,29.93
34.05,-75.57,29.91
34.05,-75.55,29.89
34.05,-75.53,29.9
34.05,-75.51,29.85
34.05,-75.49,29.9
34.05,-75.47,29.92
34.05,-75.45,29.84
34.05,-75.43,29.8
34.05,-75.41,29.87
34.05,-75.07,29.89
34.05,-75.05,29.9
34.05,-75.03,29.93
34.05,-75.01,29.88
34.05,-74.99,29.86
34.05,-74.97,29.84
34.05,-74.95,29.87
34.05,-74.93,29.94
34.05,-74.91,29.82
34.05,-74.89,29.82
34.05,-74.87,29.78
34.05,-74.85,29.71
34.05,-74.83,29.8
34.05,-74.81,29.84
34.05,-74.79,29.75
34.05,-74.77,29.77
34.05,-74.75,29.79
34.05,-74.73,29.76
34.05,-74.71,29.77
34.05,-74.69,29.7
34.05,-74.67,29.72
34.05,-74.65,29.73
34.05,-74.63,29.75
34.05,-74.61,29.72
34.05,-74.59,29.71
34.05,-74.57,29.8
34.05,-74.55,29.76
34.05,-74.53,29.83
34.05,-74.51,29.83
34.05,-74.49,29.8
34.05,-74.47,29.73
34.05,-74.45,29.63
34.05,-74.43,29.54
34.05,-74.41,29.38
34.05,-74.39,28.51
34.05,-74.37,28.12
34.05,-74.35,27.97
34.05,-74.33,27.84
34.05,-74.31,27.84
34.05,-74.29,27.88
34.05,-74.15,28.14
34.05,-74.13,28.15
34.05,-74.11,28.1
34.05,-74.09,28.11
34.03,-77.93,28.87
34.03,-77.87,27.94
34.03,-77.83,28.01
34.03,-77.81,27.96
34.03,-77.79,27.98
34.03,-77.77,27.98
34.03,-77.75,27.94
34.03,-77.73,27.92
34.03,-77.71,27.91
34.03,-77.69,27.89
34.03,-77.67,27.93
34.03,-77.65,27.94
34.03,-77.63,28.02
34.03,-77.61,28.09
34.03,-77.59,28.15
34.03,-77.57,28.08
34.03,-77.55,28.06
34.03,-77.53,28.0
34.03,-77.51,27.91
34.03,-77.49,28.01
34.03,-77.47,28.02
34.03,-77.45,27.97
34.03,-77.43,27.95
34.03,-77.41,28.23
34.03,-77.39,28.42
34.03,-77.37,28.47
34.03,-77.35,28.54
34.03,-77.33,28.53
34.03,-77.31,28.6
34.03,-77.29,28.67
34.03,-77.27,28.74
34.03,-77.25,28.74
34.03,-77.23,28.77
34.03,-77.21,28.77
34.03,-77.19,28.73
34.03,-77.17,28.69
34.03,-77.15,28.65
34.03,-77.13,28.64
34.03,-77.11,28.56
34.03,-77.09,28.62
34.03,-77.07,28.67
34.03,-77.05,28.74
34.03,-77.03,28.75
34.03,-77.01,28.72
34.03,-76.99,28.71
34.03,-76.97,28.72
34.03,-76.95,28.75
34.03,-76.93,28.81
34.03,-76.91,28.84
34.03,-76.89,28.82
34.03,-76.87,28.83
34.03,-76.85,28.85
34.03,-76.83,28.9
34.03,-76.81,28.91
34.03,-76.79,28.9
34.03,-76.77,28.89
34.03,-76.75,28.94
34.03,-76.73,28.93
34.03,-76.71,28.93
34.03,-76.69,28.93
34.03,-76.67,28.92
34.03,-76.65,28.93
34.03,-76.63,28.98
34.03,-76.61,28.96
34.03,-76.59,29.22
34.03,-76.57,29.28
34.03,-76.55,29.43
34.03,-76.53,29.64
34.03,-76.51,29.93
34.03,-76.49,29.94
34.03,-76.47,30.06
34.03,-76.45,30.07
34.03,-76.43,30.21
34.03,-76.41,30.32
34.03,-76.39,30.15
34.03,-76.37,30.1
34.03,-76.35,30.08
34.03,-76.33,30.08
34.03,-76.31,30.22
34.03,-76.29,30.36
34.03,-76.27,30.3
34.03,-76.25,30.26
34.03,-76.23,30.37
34.03,-76.19,30.53
34.03,-76.17,30.47
34.03,-76.15,30.42
34.03,-76.13,30.44
34.03,-76.11,30.41
34.03,-76.09,30.55
34.03,-76.07,30.43
34.03,-76.05,30.37
34.03,-75.99,30.33
34.03,-75.97,30.21
34.03,-75.91,30.24
34.03,-75.89,30.22
34.03,-75.87,30.27
34.03,-75.85,30.29
34.03,-75.73,30.02
34.03,-75.69,30.13
34.03,-75.67,30.13
34.03,-75.65,30.12
34.03,-75.61,29.97
34.03,-75.59,29.95
34.03,-75.57,29.89
34.03,-75.55,29.87
34.03,-75.53,29.89
34.03,-75.51,29.85
34.03,-75.49,29.9
34.03,-75.47,29.89
34.03,-75.41,29.82
34.03,-75.39,29.88
34.03,-75.37,29.97
34.03,-75.17,29.92
34.03,-75.15,29.89
34.03,-75.13,29.93
34.03,-75.11,29.89
34.03,-75.09,29.8
34.03,-75.07,29.84
34.03,-75.05,29.78
34.03,-75.03,29.82
34.03,-75.01,29.82
34.03,-74.99,29.89
34.03,-74.97,29.84
34.03,-74.95,29.83
34.03,-74.93,29.75
34.03,-74.91,29.73
34.03,-74.89,29.75
34.03,-74.87,29.72
34.03,-74.85,29.71
34.03,-74.83,29.73
34.03,-74.81,29.78
34.03,-74.79,29.79
34.03,-74.77,29.74
34.03,-74.75,29.76
34.03,-74.73,29.75
34.03,-74.71,29.71
34.03,-74.69,29.72
34.03,-74.67,29.7
34.03,-74.65,29.7
34.03,-74.63,29.77
34.03,-74.61,29.77
34.03,-74.59,29.69
34.03,-74.57,29.68
34.03,-74.55,29.72
34.03,-74.53,29.86
34.03,-74.51,29.72
34.03,-74.49,29.75
34.03,-74.47,29.74
34.03,-74.45,29.66
34.03,-74.43,29.54
34.03,-74.41,28.81
34.03,-74.39,28.24
34.03,-74.37,28.08
34.03,-74.35,27.94
34.03,-74.33,27.84
34.03,-74.31,27.86
34.01,-77.95,29.35
34.01,-77.93,29.29
34.01,-77.87,28.13
34.01,-77.85,28.03
34.01,-77.83,28.05
34.01,-77.81,28.14
34.01,-77.79,28.16
34.01,-77.77,28.14
34.01,-77.75,28.01
34.01,-77.73,27.93
34.01,-77.71,27.97
34.01,-77.69,28.01
34.01,-77.67,27.94
34.01,-77.65,27.97
34.01,-77.63,28.0
34.01,-77.61,28.03
34.01,-77.59,28.08
34.01,-77.57,28.08
34.01,-77.55,27.98
34.01,-77.53,28.01
34.01,-77.51,28.0
34.01,-77.49,28.02
34.01,-77.47,28.02
34.01,-77.45,28.07
34.01,-77.43,28.17
34.01,-77.41,28.42
34.01,-77.39,28.51
34.01,-77.37,28.5
34.01,-77.35,28.54
34.01,-77.33,28.54
34.01,-77.31,28.7
34.01,-77.29,28.78
34.01,-77.27,28.79
34.01,-77.25,28.79
34.01,-77.23,28.77
34.01,-77.21,28.74
34.01,-77.19,28.72
34.01,-77.17,28.7
34.01,-77.15,28.66
34.01,-77.13,28.65
34.01,-77.11,28.62
34.01,-77.09,28.66
34.01,-77.07,28.64
34.01,-77.05,28.68
34.01,-77.03,28.73
34.01,-77.01,28.73
34.01,-76.99,28.73
34.01,-76.97,28.74
34.01,-76.95,28.8
34.01,-76.93,28.79
34.01,-76.91,28.85
34.01,-76.89,28.89
34.01,-76.87,28.87
34.01,-76.85,28.9
34.01,-76.83,28.93
34.01,-76.81,28.98
34.01,-76.79,28.94
34.01,-76.77,28.9
34.01,-76.75,29.0
34.01,-76.73,28.98
34.01,-76.71,29.01
34.01,-76.69,28.91
34.01,-76.67,28.85
34.01,-76.65,29.0
34.01,-76.63,29.16
34.01,-76.61,29.21
34.01,-76.59,29.25
34.01,-76.57,29.29
34.01,-76.55,29.68
34.01,-76.53,29.85
34.01,-76.51,29.97
34.01,-76.49,30.06
34.01,-76.47,30.13
34.01,-76.45,30.15
34.01,-76.43,30.2
34.01,-76.41,30.22
34.01,-76.39,30.23
34.01,-76.37,30.14
34.01,-76.31,30.4
34.01,-76.29,30.45
34.01,-76.27,30.24
34.01,-76.25,30.22
34.01,-76.23,30.29
34.01,-76.21,30.38
34.01,-76.19,30.5
34.01,-76.17,30.52
34.01,-76.15,30.53
34.01,-76.13,30.58
34.01,-76.11,30.56
34.01,-76.09,30.43
34.01,-76.07,30.38
34.01,-76.05,30.31
34.01,-76.01,30.4
34.01,-75.99,30.37
34.01,-75.97,30.32
34.01,-75.93,30.26
34.01,-75.91,30.22
34.01,-75.89,30.3
34.01,-75.87,30.38
34.01,-75.85,30.4
34.01,-75.79,29.82
34.01,-75.71,29.99
34.01,-75.69,30.02
34.01,-75.67,29.98
34.01,-75.65,30.04
34.01,-75.57,29.89
34.01,-75.55,29.85
34.01,-75.53,29.79
34.01,-75.51,29.81
34.01,-75.49,29.78
34.01,-75.47,29.81
34.01,-75.45,29.81
34.01,-75.43,29.79
34.01,-75.41,29.8
34.01,-75.39,29.84
34.01,-75.21,29.89
34.01,-75.19,29.92
34.01,-75.17,30.0
34.01,-75.15,29.96
34.01,-75.13,29.99
34.01,-75.11,29.69
34.01,-75.09,29.61
34.01,-75.07,29.7
34.01,-75.05,29.69
34.01,-75.03,29.71
34.01,-75.01,29.77
34.01,-74.99,29.81
34.01,-74.97,29.86
34.01,-74.95,29.76
34.01,-74.93,29.72
34.01,-74.91,29.75
34.01,-74.89,29.77
34.01,-74.87,29.79
34.01,-74.85,29.8
34.01,-74.83,29.78
34.01,-74.81,29.81
34.01,-74.79,29.77
34.01,-74.77,29.75
34.01,-74.75,29.75
34.01,-74.73,29.73
34.01,-74.71,29.7
34.01,-74.69,29.74
34.01,-74.67,29.72
34.01,-74.65,29.7
34.01,-74.63,29.76
34.01,-74.61,29.76
34.01,-74.59,29.72
34.01,-74.57,29.73
34.01,-74.55,29.82
34.01,-74.53,29.86
34.01,-74.51,29.78
34.01,-74.49,29.76
34.01,-74.47,29.67
34.01,-74.45,29.63
34.01,-74.43,29.25
34.01,-74.41,28.83
34.01,-74.39,28.13
34.01,-74.37,28.04
34.01,-74.25,28.1
34.01,-74.23,28.09
34.01,-73.65,27.32
33.99,-77.95,29.63
33.99,-77.93,29.14
33.99,-77.89,28.21
33.99,-77.87,28.18
33.99,-77.85,28.12
33.99,-77.83,28.08
33.99,-77.81,28.19
33.99,-77.77,28.18
33.99,-77.75,28.11
33.99,-77.73,28.03
33.99,-77.71,27.93
33.99,-77.69,27.94
33.99,-77.67,27.91
33.99,-77.65,27.95
33.99,-77.63,28.0
33.99,-77.61,28.01
33.99,-77.59,28.0
33.99,-77.57,28.0
33.99,-77.55,28.03
33.99,-77.53,28.05
33.99,-77.51,28.08
33.99,-77.49,28.09
33.99,-77.47,28.31
33.99,-77.45,28.43
33.99,-77.43,28.53
33.99,-77.41,28.52
33.99,-77.39,28.57
33.99,-77.37,28.56
33.99,-77.35,28.63
33.99,-77.33,28.72
33.99,-77.31,28.75
33.99,-77.29,28.79
33.99,-77.27,28.77
33.99,-77.25,28.73
33.99,-77.23,28.72
33.99,-77.21,28.68
33.99,-77.19,28.64
33.99,-77.17,28.65
33.99,-77.15,28.69
33.99,-77.13,28.71
33.99,-77.11,28.68
33.99,-77.09,28.65
33.99,-77.07,28.67
33.99,-77.05,28.65
33.99,-77.03,28.68
33.99,-77.01,28.67
33.99,-76.99,28.67
33.99,-76.97,28.73
33.99,-76.95,28.75
33.99,-76.93,28.77
33.99,-76.91,28.83
33.99,-76.89,28.91
33.99,-76.87,28.92
33.99,-76.85,28.94
33.99,-76.83,29.0
33.99,-76.81,28.95
33.99,-76.79,28.93
33.99,-76.77,29.03
33.99,-76.75,28.96
33.99,-76.73,29.0
33.99,-76.71,28.97
33.99,-76.69,28.87
33.99,-76.67,28.93
33.99,-76.65,29.15
33.99,-76.63,29.33
33.99,-76.61,29.29
33.99,-76.59,29.36
33.99,-76.57,29.7
33.99,-76.55,29.9
33.99,-76.53,29.97
33.99,-76.51,30.0
33.99,-76.49,30.23
33.99,-76.47,30.23
33.99,-76.45,30.2
33.99,-76.43,30.19
33.99,-76.41,30.16
33.99,-76.39,30.24
33.99,-76.37,30.26
33.99,-76.35,30.27
33.99,-76.31,30.45
33.99,-76.23,30.39
33.99,-76.21,30.37
33.99,-76.19,30.48
33.99,-76.17,30.51
33.99,-76.15,30.6
33.99,-76.13,30.72
33.99,-76.11,30.71
33.99,-76.09,30.49
33.99,-75.99,30.41
33.99,-75.97,30.32
33.99,-75.95,30.29
33.99,-75.93,30.24
33.99,-75.91,30.18
33.99,-75.89,30.26
33.99,-75.87,30.37
33.99,-75.85,30.39
33.99,-75.83,30.27
33.99,-75.71,30.01
33.99,-75.69,30.0
33.99,-75.67,29.98
33.99,-75.65,30.0
33.99,-75.57,29.89
33.99,-75.55,29.86
33.99,-75.53,29.85
33.99,-75.51,29.84
33.99,-75.49,29.78
33.99,-75.47,29.79
33.99,-75.45,29.78
33.99,-75.43,29.79
33.99,-75.41,29.8
33.99,-75.23,29.9
33.99,-75.21,29.92
33.99,-75.19,29.94
33.99,-75.17,29.96
33.99,-75.15,29.99
33.99,-75.13,29.91
33.99,-75.11,29.7
33.99,-75.09,29.66
33.99,-75.07,29.76
33.99,-75.05,29.75
33.99,-75.03,29.79
33.99,-75.01,29.81
33.99,-74.99,29.79
33.99,-74.97,29.85
33.99,-74.95,29.85
33.99,-74.93,29.8
33.99,-74.91,29.74
33.99,-74.89,29.8
33.99,-74.87,29.8
33.99,-74.85,29.78
33.99,-74.83,29.75
33.99,-74.81,29.73
33.99,-74.79,29.76
33.99,-74.77,29.75
33.99,-74.75,29.71
33.99,-74.73,29.75
33.99,-74.71,29.74
33.99,-74.69,29.72
33.99,-74.67,29.71
33.99,-74.65,29.65
33.99,-74.63,29.69
33.99,-74.61,29.72
33.99,-74.59,29.72
33.99,-74.57,29.72
33.99,-74.55,29.75
33.99,-74.53,29.77
33.99,-74.51,29.77
33.99,-74.49,29.72
33.99,-74.47,29.69
33.99,-74.45,29.62
33.99,-74.43,28.84
33.99,-74.41,28.25
33.99,-74.39,28.13
33.99,-74.37,27.94
33.97,-77.95,29.34
33.97,-77.91,28.18
33.97,-77.89,28.18
33.97,-77.79,28.43
33.97,-77.77,28.33
33.97,-77.75,28.21
33.97,-77.73,28.13
33.97,-77.71,27.98
33.97,-77.69,27.98
33.97,-77.67,27.94
33.97,-77.65,27.97
33.97,-77.63,27.94
33.97,-77.61,27.99
33.97,-77.59,28.06
33.97,-77.57,28.07
33.97,-77.55,28.05
33.97,-77.53,28.3
33.97,-77.51,28.34
33.97,-77.49,28.34
33.97,-77.47,28.5
33.97,-77.45,28.56
33.97,-77.43,28.64
33.97,-77.41,28.59
33.97,-77.39,28.59
33.97,-77.37,28.63
33.97,-77.35,28.7
33.97,-77.33,28.74
33.97,-77.31,28.73
33.97,-77.29,28.76
33.97,-77.27,28.7
33.97,-77.25,28.73
33.97,-77.23,28.71
33.97,-77.21,28.69
33.97,-77.19,28.66
33.97,-77.17,28.7
33.97,-77.15,28.72
33.97,-77.13,28.71
33.97,-77.11,28.64
33.97,-77.09,28.59
33.97,-77.07,28.62
33.97,-77.05,28.56
33.97,-77.03,28.62
33.97,-77.01,28.6
33.97,-76.99,28.67
33.97,-76.97,28.7
33.97,-76.95,28.74
33.97,-76.93,28.79
33.97,-76.91,28.85
33.97,-76.89,28.89
33.97,-76.87,28.91
33.97,-76.85,28.96
33.97,-76.83,29.03
33.97,-76.81,28.98
33.97,-76.79,29.0
33.97,-76.77,29.02
33.97,-76.75,28.95
33.97,-76.73,28.92
33.97,-76.71,28.95
33.97,-76.69,29.05
33.97,-76.67,29.21
33.97,-76.65,29.35
33.97,-76.63,29.45
33.97,-76.61,29.62
33.97,-76.59,29.72
33.97,-76.57,29.94
33.97,-76.55,30.0
33.97,-76.53,30.07
33.97,-76.51,30.17
33.97,-76.49,30.21
33.97,-76.47,30.25
33.97,-76.45,30.2
33.97,-76.39,30.29
33.97,-76.37,30.35
33.97,-76.21,30.4
33.97,-76.19,30.38
33.97,-76.17,30.5
33.97,-76.15,30.65
33.97,-76.13,30.53
33.97,-76.11,30.52
33.97,-75.99,30.4
33.97,-75.97,30.39
33.97,-75.95,30.34
33.97,-75.93,30.3
33.97,-75.91,30.25
33.97,-75.89,30.25
33.97,-75.87,30.35
33.97,-75.75,30.19
33.97,-75.69,29.99
33.97,-75.67,29.99
33.97,-75.65,29.92
33.97,-75.63,29.91
33.97,-75.61,29.92
33.97,-75.59,29.92
33.97,-75.57,29.88
33.97,-75.55,29.95
33.97,-75.53,29.92
33.97,-75.51,29.89
33.97,-75.49,29.84
33.97,-75.47,29.83
33.97,-75.45,29.8
33.97,-75.43,29.82
33.97,-75.41,29.86
33.97,-75.27,29.96
33.97,-75.23,29.93
33.97,-75.21,30.0
33.97,-75.19,30.01
33.97,-75.17,29.95
33.97,-75.15,29.92
33.97,-75.13,29.8
33.97,-75.11,29.75
33.97,-75.09,29.77
33.97,-75.07,29.79
33.97,-75.05,29.8
33.97,-75.03,29.82
33.97,-75.01,29.82
33.97,-74.99,29.83
33.97,-74.97,29.87
33.97,-74.95,29.87
33.97,-74.93,29.83
33.97,-74.91,29.81
33.97,-74.89,29.83
33.97,-74.87,29.82
33.97,-74.85,29.74
33.97,-74.83,29.73
33.97,-74.81,29.73
33.97,-74.79,29.72
33.97,-74.77,29.72
33.97,-74.75,29.75
33.97,-74.73,29.76
33.97,-74.71,29.76
33.97,-74.69,29.66
33.97,-74.67,29.68
33.97,-74.65,29.71
33.97,-74.63,29.67
33.97,-74.61,29.65
33.97,-74.59,29.64
33.97,-74.57,29.71
33.97,-74.55,29.75
33.97,-74.53,29.76
33.97,-74.51,29.73
33.97,-74.49,29.61
33.97,-74.47,29.61
33.97,-74.45,29.46
33.97,-74.43,28.92
33.97,-74.41,28.24
33.97,-74.39,28.15
33.95,-77.97,29.79
33.95,-77.79,28.49
33.95,-77.77,28.39
33.95,-77.75,28.31
33.95,-77.73,28.2
33.95,-77.71,28.08
33.95,-77.69,27.96
33.95,-77.67,27.92
33.95,-77.65,27.98
33.95,-77.63,27.99
33.95,-77.61,28.08
33.95,-77.59,28.18
33.95,-77.57,28.19
33.95,-77.55,28.24
33.95,-77.53,28.3
33.95,-77.51,28.34
33.95,-77.49,28.3
33.95,-77.47,28.46
33.95,-77.45,28.53
33.95,-77.43,28.62
33.95,-77.41,28.59
33.95,-77.39,28.57
33.95,-77.37,28.66
33.95,-77.35,28.68
33.95,-77.33,28.65
33.95,-77.31,28.64
33.95,-77.29,28.67
33.95,-77.27,28.68
33.95,-77.25,28.66
33.95,-77.23,28.7
33.95,-77.21,28.61
33.95,-77.19,28.59
33.95,-77.17,28.64
33.95,-77.15,28.6
33.95,-77.13,28.57
33.95,-77.11,28.54
33.95,-77.09,28.55
33.95,-77.07,28.56
33.95,-77.05,28.51
33.95,-77.03,28.58
33.95,-77.01,28.55
33.95,-76.99,28.62
33.95,-76.97,28.64
33.95,-76.95,28.68
33.95,-76.93,28.76
33.95,-76.91,28.8
33.95,-76.89,28.84
33.95,-76.87,28.92
33.95,-76.85,28.96
33.95,-76.83,28.96
33.95,-76.81,28.94
33.95,-76.79,28.92
33.95,-76.77,28.83
33.95,-76.75,28.86
33.95,-76.73,28.95
33.95,-76.71,29.06
33.95,-76.69,29.18
33.95,-76.67,29.31
33.95,-76.65,29.46
33.95,-76.63,29.63
33.95,-76.61,29.78
33.95,-76.59,29.87
33.95,-76.57,30.05
33.95,-76.55,30.1
33.95,-76.53,30.22
33.95,-76.51,30.24
33.95,-76.49,30.24
33.95,-76.47,30.26
33.95,-76.45,30.21
33.95,-76.39,30.27
33.95,-76.37,30.24
33.95,-76.35,30.2
33.95,-76.31,30.43
33.95,-76.29,30.46
33.95,-76.27,30.49
33.95,-76.21,30.43
33.95,-76.19,30.45
33.95,-76.17,30.51
33.95,-76.15,30.46
33.95,-76.13,30.49
33.95,-76.01,30.45
33.95,-75.99,30.46
33.95,-75.97,30.43
33.95,-75.95,30.39
33.95,-75.93,30.34
33.95,-75.91,30.42
33.95,-75.89,30.26
33.95,-75.87,30.24
33.95,-75.85,30.31
33.95,-75.77,30.19
33.95,-75.75,30.18
33.95,-75.73,30.15
33.95,-75.71,30.08
33.95,-75.69,29.97
33.95,-75.67,29.95
33.95,-75.65,29.84
33.95,-75.63,29.89
33.95,-75.61,29.9
33.95,-75.59,29.93
33.95,-75.57,29.89
33.95,-75.55,29.87
33.95,-75.53,29.85
33.95,-75.51,29.83
33.95,-75.49,29.86
33.95,-75.47,29.89
33.95,-75.45,29.85
33.95,-75.43,29.77
33.95,-75.29,29.98
33.95,-75.27,29.99
33.95,-75.25,29.94
33.95,-75.23,29.91
33.95,-75.21,29.98
33.95,-75.19,29.98
33.95,-75.17,29.9
33.95,-75.15,29.84
33.95,-75.13,29.77
33.95,-75.11,29.79
33.95,-75.09,29.77
33.95,-75.07,29.79
33.95,-75.05,29.86
33.95,-75.03,29.86
33.95,-75.01,29.82
33.95,-74.99,29.78
33.95,-74.97,29.85
33.95,-74.95,29.91
33.95,-74.93,29.85
33.95,-74.91,29.77
33.95,-74.89,29.78
33.95,-74.87,29.81
33.95,-74.85,29.74
33.95,-74.83,29.72
33.95,-74.81,29.72
33.95,-74.79,29.69
33.95,-74.77,29.77
33.95,-74.75,29.76
33.95,-74.73,29.79
33.95,-74.71,29.77
33.95,-74.69,29.68
33.95,-74.67,29.66
33.95,-74.65,29.69
33.95,-74.63,29.72
33.95,-74.61,29.67
33.95,-74.59,29.61
33.95,-74.57,29.68
33.95,-74.55,29.8
33.95,-74.53,29.77
33.95,-74.51,29.65
33.95,-74.49,29.65
33.95,-74.47,29.6
33.95,-74.45,29.13
33.95,-74.43,28.45
33.95,-74.41,28.32
33.93,-77.99,29.73
33.93,-77.97,29.8
33.93,-77.95,29.34
33.93,-77.87,28.58
33.93,-77.85,28.65
33.93,-77.83,28.67
33.93,-77.81,28.62
33.93,-77.79,28.49
33.93,-77.77,28.39
33.93,-77.75,28.38
33.93,-77.73,28.36
33.93,-77.71,28.18
33.93,-77.69,27.95
33.93,-77.67,27.97
33.93,-77.65,27.96
33.93,-77.63,28.02
33.93,-77.61,28.08
33.93,-77.59,28.15
33.93,-77.57,28.18
33.93,-77.55,28.09
33.93,-77.53,28.14
33.93,-77.51,28.19
33.93,-77.49,28.08
33.93,-77.47,28.19
33.93,-77.45,28.45
33.93,-77.43,28.52
33.93,-77.41,28.63
33.93,-77.39,28.62
33.93,-77.37,28.63
33.93,-77.35,28.62
33.93,-77.33,28.56
33.93,-77.31,28.56
33.93,-77.29,28.5
33.93,-77.27,28.49
33.93,-77.25,28.53
33.93,-77.23,28.6
33.93,-77.21,28.58
33.93,-77.19,28.6
33.93,-77.17,28.6
33.93,-77.15,28.59
33.93,-77.13,28.55
33.93,-77.11,28.53
33.93,-77.09,28.56
33.93,-77.07,28.53
33.93,-77.05,28.49
33.93,-77.03,28.56
33.93,-77.01,28.57
33.93,-76.99,28.58
33.93,-76.97,28.57
33.93,-76.95,28.54
33.93,-76.93,28.62
33.93,-76.91,28.76
33.93,-76.89,28.77
33.93,-76.87,28.83
33.93,-76.85,28.89
33.93,-76.83,28.78
33.93,-76.81,28.8
33.93,-76.79,28.67
33.93,-76.77,28.79
33.93,-76.75,28.91
33.93,-76.73,29.0
33.93,-76.71,29.19
33.93,-76.69,29.29
33.93,-76.67,29.6
33.93,-76.65,29.68
33.93,-76.63,29.73
33.93,-76.61,29.93
33.93,-76.59,30.08
33.93,-76.57,30.08
33.93,-76.55,30.28
33.93,-76.53,30.22
33.93,-76.51,30.24
33.93,-76.49,30.1
33.93,-76.47,30.18
33.93,-76.45,30.19
33.93,-76.43,30.18
33.93,-76.41,30.27
33.93,-76.39,30.32
33.93,-76.37,30.34
33.93,-76.35,30.23
33.93,-76.33,30.36
33.93,-76.31,30.43
33.93,-76.29,30.53
33.93,-76.27,30.49
33.93,-75.99,30.43
33.93,-75.97,30.43
33.93,-75.95,30.42
33.93,-75.93,30.45
33.93,-75.91,30.44
33.93,-75.89,30.3
33.93,-75.81,30.12
33.93,-75.79,30.05
33.93,-75.77,30.12
33.93,-75.75,30.15
33.93,-75.73,30.12
33.93,-75.71,30.1
33.93,-75.69,30.07
33.93,-75.67,30.04
33.93,-75.65,30.05
33.93,-75.63,30.01
33.93,-75.61,29.9
33.93,-75.59,29.91
33.93,-75.57,29.91
33.93,-75.55,29.88
33.93,-75.53,29.86
33.93,-75.51,29.85
33.93,-75.49,29.84
33.93,-75.47,29.81
33.93,-75.41,29.88
33.93,-75.39,29.91
33.93,-75.35,29.91
33.93,-75.31,29.92
33.93,-75.29,29.93
33.93,-75.27,29.93
33.93,-75.25,29.92
33.93,-75.23,29.95
33.93,-75.21,29.95
33.93,-75.17,29.91
33.93,-75.15,29.9
33.93,-75.13,29.71
33.93,-75.11,29.78
33.93,-75.09,29.83
33.93,-75.07,29.8
33.93,-75.05,29.84
33.93,-75.03,29.91
33.93,-75.01,29.86
33.93,-74.99,29.84
33.93,-74.97,29.86
33.93,-74.95,29.89
33.93,-74.93,29.85
33.93,-74.91,29.83
33.93,-74.89,29.83
33.93,-74.87,29.83
33.93,-74.85,29.79
33.93,-74.83,29.81
33.93,-74.81,29.84
33.93,-74.79,29.86
33.93,-74.77,29.86
33.93,-74.75,29.86
33.93,-74.73,29.7
33.93,-74.71,29.67
33.93,-74.69,29.59
33.93,-74.67,29.63
33.93,-74.65,29.62
33.93,-74.63,29.63
33.93,-74.61,29.64
33.93,-74.59,29.64
33.93,-74.57,29.61
33.93,-74.55,29.57
33.93,-74.53,29.48
33.93,-74.51,29.68
33.93,-74.49,29.68
33.93,-74.47,29.51
33.93,-74.45,28.81
33.93,-74.43,28.48
33.91,-78.29,29.13
33.91,-78.27,29.56
33.91,-78.25,29.63
33.91,-78.23,29.64
33.91,-78.21,29.68
33.91,-78.19,29.7
33.91,-78.17,29.77
33.91,-78.15,29.8
33.91,-78.13,29.87
33.91,-77.99,29.2
33.91,-77.93,28.57
33.91,-77.91,28.59
33.91,-77.89,28.57
33.91,-77.87,28.57
33.91,-77.85,28.63
33.91,-77.83,28.63
33.91,-77.81,28.53
33.91,-77.79,28.38
33.91,-77.77,28.35
33.91,-77.75,28.33
33.91,-77.73,28.36
33.91,-77.71,28.26
33.91,-77.69,27.95
33.91,-77.67,27.98
33.91,-77.65,27.95
33.91,-77.63,27.96
33.91,-77.61,27.97
33.91,-77.59,27.96
33.91,-77.57,27.92
33.91,-77.55,27.95
33.91,-77.53,27.95
33.91,-77.51,27.91
33.91,-77.49,27.91
33.91,-77.47,28.25
33.91,-77.45,28.45
33.91,-77.43,28.55
33.91,-77.41,28.59
33.91,-77.39,28.58
33.91,-77.37,28.52
33.91,-77.35,28.53
33.91,-77.33,28.51
33.91,-77.31,28.52
33.91,-77.29,28.48
33.91,-77.27,28.5
33.91,-77.25,28.51
33.91,-77.23,28.61
33.91,-77.21,28.63
33.91,-77.19,28.6
33.91,-77.17,28.59
33.91,-77.15,28.61
33.91,-77.13,28.55
33.91,-77.11,28.5
33.91,-77.09,28.52
33.91,-77.07,28.48
33.91,-77.05,28.48
33.91,-77.03,28.52
33.91,-77.01,28.57
33.91,-76.99,28.45
33.91,-76.97,28.49
33.91,-76.95,28.49
33.91,-76.93,28.5
33.91,-76.91,28.66
33.91,-76.89,28.7
33.91,-76.87,28.66
33.91,-76.85,28.64
33.91,-76.83,28.61
33.91,-76.81,28.56
33.91,-76.79,28.56
33.91,-76.77,28.86
33.91,-76.75,28.97
33.91,-76.73,29.04
33.91,-76.71,29.34
33.91,-76.69,29.51
33.91,-76.67,29.71
33.91,-76.65,29.85
33.91,-76.63,29.98
33.91,-76.61,30.07
33.91,-76.59,30.14
33.91,-76.57,30.17
33.91,-76.55,30.24
33.91,-76.53,30.21
33.91,-76.51,30.19
33.91,-76.49,30.11
33.91,-76.47,30.17
33.91,-76.45,30.25
33.91,-76.43,30.21
33.91,-76.41,30.23
33.91,-76.39,30.27
33.91,-76.37,30.32
33.91,-76.35,30.35
33.91,-76.33,30.26
33.91,-76.31,30.2
33.91,-76.29,30.28
33.91,-76.27,30.22
33.91,-75.95,30.53
33.91,-75.93,30.51
33.91,-75.91,30.51
33.91,-75.83,30.11
33.91,-75.81,30.06
33.91,-75.79,30.03
33.91,-75.77,30.17
33.91,-75.75,30.15
33.91,-75.73,30.14
33.91,-75.71,30.13
33.91,-75.69,30.1
33.91,-75.67,30.04
33.91,-75.65,29.84
33.91,-75.63,29.97
33.91,-75.61,29.9
33.91,-75.59,29.84
33.91,-75.57,29.88
33.91,-75.55,29.83
33.91,-75.53,29.88
33.91,-75.51,29.84
33.91,-75.49,29.81
33.91,-75.47,29.81
33.91,-75.41,30.02
33.91,-75.39,29.97
33.91,-75.37,29.97
33.91,-75.35,29.97
33.91,-75.31,29.95
33.91,-75.29,29.95
33.91,-75.27,29.83
33.91,-75.25,29.88
33.91,-75.23,29.9
33.91,-75.15,29.85
33.91,-75.13,29.85
33.91,-75.11,29.84
33.91,-75.09,29.87
33.91,-75.07,29.89
33.91,-75.05,29.84
33.91,-75.03,29.9
33.91,-75.01,29.9
33.91,-74.99,29.86
33.91,-74.97,29.83
33.91,-74.95,29.93
33.91,-74.93,29.94
33.91,-74.91,29.95
33.91,-74.89,29.88
33.91,-74.87,29.85
33.91,-74.85,29.88
33.91,-74.83,29.9
33.91,-74.81,29.88
33.91,-74.79,29.9
33.91,-74.77,29.92
33.91,-74.75,29.93
33.91,-74.73,29.72
33.91,-74.71,29.57
33.91,-74.67,29.56
33.91,-74.65,29.52
33.91,-74.63,29.56
33.91,-74.61,29.62
33.91,-74.47,29.01
33.91,-74.45,28.8
33.91,-74.43,28.47
33.91,-74.09,27.94
33.91,-73.97,28.01
33.91,-73.95,27.97
33.91,-73.93,27.79
33.91,-73.91,27.73
33.89,-78.41,29.74
33.89,-78.39,29.73
33.89,-78.37,29.6
33.89,-78.35,29.57
33.89,-78.33,29.65
33.89,-78.31,29.59
33.89,-78.29,29.38
33.89,-78.27,29.46
33.89,-78.25,29.71
33.89,-78.23,29.6
33.89,-78.21,29.59
33.89,-78.19,29.62
33.89,-78.17,29.7
33.89,-78.15,29.77
33.89,-78.13,29.85
33.89,-78.11,30.17
33.89,-78.09,30.5
33.89,-78.07,31.38
33.89,-78.05,30.48
33.89,-78.01,29.06
33.89,-77.99,29.39
33.89,-77.95,28.52
33.89,-77.93,28.61
33.89,-77.91,28.66
33.89,-77.89,28.66
33.89,-77.87,28.63
33.89,-77.85,28.59
33.89,-77.83,28.6
33.89,-77.81,28.46
33.89,-77.79,28.28
33.89,-77.77,28.2
33.89,-77.75,28.18
33.89,-77.73,28.21
33.89,-77.71,28.17
33.89,-77.69,28.09
33.89,-77.67,28.05
33.89,-77.65,27.81
33.89,-77.63,27.86
33.89,-77.61,27.84
33.89,-77.59,27.84
33.89,-77.57,27.87
33.89,-77.55,27.9
33.89,-77.53,27.88
33.89,-77.51,27.87
33.89,-77.49,27.99
33.89,-77.47,28.15
33.89,-77.45,28.45
33.89,-77.43,28.57
33.89,-77.41,28.57
33.89,-77.39,28.55
33.89,-77.37,28.56
33.89,-77.35,28.53
33.89,-77.33,28.52
33.89,-77.31,28.53
33.89,-77.29,28.53
33.89,-77.27,28.61
33.89,-77.25,28.61
33.89,-77.23,28.62
33.89,-77.21,28.69
33.89,-77.19,28.59
33.89,-77.17,28.59
33.89,-77.15,28.62
33.89,-77.13,28.55
33.89,-77.11,28.48
33.89,-77.09,28.5
33.89,-77.07,28.56
33.89,-77.05,28.51
33.89,-77.03,28.5
33.89,-77.01,28.5
33.89,-76.99,28.48
33.89,-76.97,28.48
33.89,-76.95,28.39
33.89,-76.93,28.4
33.89,-76.91,28.43
33.89,-76.89,28.47
33.89,-76.87,28.49
33.89,-76.85,28.45
33.89,-76.83,28.45
33.89,-76.81,28.65
33.89,-76.79,28.79
33.89,-76.77,28.91
33.89,-76.75,29.04
33.89,-76.73,29.2
33.89,-76.71,29.52
33.89,-76.69,29.8
33.89,-76.67,29.9
33.89,-76.65,30.01
33.89,-76.63,30.07
33.89,-76.61,30.13
33.89,-76.59,30.17
33.89,-76.57,30.22
33.89,-76.55,30.18
33.89,-76.53,30.16
33.89,-76.51,30.17
33.89,-76.49,30.22
33.89,-76.47,30.22
33.89,-76.45,30.29
33.89,-76.43,30.22
33.89,-76.41,30.15
33.89,-76.39,30.08
33.89,-76.37,30.33
33.89,-76.35,30.28
33.89,-76.33,30.1
33.89,-76.31,30.05
33.89,-76.29,30.06
33.89,-76.27,29.99
33.89,-76.25,30.05
33.89,-76.23,30.22
33.89,-75.81,30.14
33.89,-75.79,30.15
33.89,-75.77,30.18
33.89,-75.75,30.16
33.89,-75.73,30.13
33.89,-75.71,30.12
33.89,-75.69,30.1
33.89,-75.67,30.08
33.89,-75.65,29.88
33.89,-75.63,29.93
33.89,-75.61,29.82
33.89,-75.59,29.83
33.89,-75.57,29.87
33.89,-75.55,29.85
33.89,-75.53,29.86
33.89,-75.51,29.86
33.89,-75.49,29.81
33.89,-75.47,29.82
33.89,-75.43,29.96
33.89,-75.41,29.94
33.89,-75.39,30.02
33.89,-75.37,30.0
33.89,-75.35,29.88
33.89,-75.33,29.83
33.89,-75.31,29.91
33.89,-75.29,30.02
33.89,-75.27,29.83
33.89,-75.25,29.84
33.89,-75.19,29.89
33.89,-75.17,29.82
33.89,-75.15,29.87
33.89,-75.13,29.88
33.89,-75.11,29.88
33.89,-75.09,29.83
33.89,-75.07,29.92
33.89,-75.05,29.92
33.89,-75.03,29.92
33.89,-75.01,29.88
33.89,-74.99,29.89
33.89,-74.97,29.92
33.89,-74.95,29.96
33.89,-74.93,30.02
33.89,-74.91,30.05
33.89,-74.89,30.12
33.89,-74.87,29.99
33.89,-74.85,29.9
33.89,-74.83,29.87
33.89,-74.81,29.89
33.89,-74.79,30.0
33.89,-74.77,29.98
33.89,-74.75,29.89
33.89,-74.73,29.83
33.89,-74.65,29.56
33.89,-74.63,29.63
33.89,-74.61,29.61
33.89,-74.55,29.59
33.89,-74.53,29.7
33.89,-74.13,27.9
33.89,-74.11,27.88
33.89,-74.05,27.96
33.89,-74.03,27.91
33.89,-74.01,27.92
33.89,-73.99,27.93
33.89,-73.97,27.97
33.89,-73.95,27.76
33.89,-73.93,27.7
33.87,-78.49,29.53
33.87,-78.47,29.58
33.87,-78.45,29.58
33.87,-78.43,29.59
33.87,-78.41,29.63
33.87,-78.39,29.57
33.87,-78.37,29.47
33.87,-78.35,29.48
33.87,-78.33,29.44
33.87,-78.31,29.43
33.87,-78.29,29.41
33.87,-78.27,29.42
33.87,-78.25,29.47
33.87,-78.23,29.48
33.87,-78.21,29.53
33.87,-78.19,29.52
33.87,-78.17,29.59
33.87,-78.15,29.61
33.87,-78.13,29.69
33.87,-78.11,29.92
33.87,-78.09,30.48
33.87,-78.07,30.62
33.87,-78.05,30.05
33.87,-78.03,29.96
33.87,-78.01,29.69
33.87,-77.95,28.79
33.87,-77.93,28.8
33.87,-77.91,28.86
33.87,-77.89,28.98
33.87,-77.87,28.77
33.87,-77.85,28.59
33.87,-77.83,28.48
33.87,-77.81,28.18
33.87,-77.79,28.13
33.87,-77.77,28.08
33.87,-77.75,28.06
33.87,-77.73,28.05
33.87,-77.71,28.06
33.87,-77.69,28.03
33.87,-77.67,27.99
33.87,-77.65,27.82
33.87,-77.63,27.71
33.87,-77.61,27.69
33.87,-77.59,27.82
33.87,-77.57,27.9
33.87,-77.55,27.97
33.87,-77.53,28.01
33.87,-77.51,28.01
33.87,-77.49,28.07
33.87,-77.47,28.24
33.87,-77.45,28.4
33.87,-77.43,28.5
33.87,-77.41,28.54
33.87,-77.39,28.56
33.87,-77.37,28.56
33.87,-77.35,28.55
33.87,-77.33,28.59
33.87,-77.31,28.63
33.87,-77.29,28.56
33.87,-77.27,28.6
33.87,-77.25,28.58
33.87,-77.23,28.58
33.87,-77.21,28.58
33.87,-77.19,28.59
33.87,-77.17,28.55
33.87,-77.15,28.57
33.87,-77.13,28.52
33.87,-77.11,28.52
33.87,-77.09,28.51
33.87,-77.07,28.54
33.87,-77.05,28.52
33.87,-77.03,28.5
33.87,-77.01,28.4
33.87,-76.99,28.34
33.87,-76.97,28.31
33.87,-76.95,28.27
33.87,-76.93,28.34
33.87,-76.91,28.36
33.87,-76.89,28.36
33.87,-76.87,28.42
33.87,-76.85,28.4
33.87,-76.83,28.46
33.87,-76.81,28.88
33.87,-76.79,28.94
33.87,-76.77,29.12
33.87,-76.75,29.21
33.87,-76.73,29.53
33.87,-76.71,29.72
33.87,-76.69,29.92
33.87,-76.67,29.99
33.87,-76.65,30.06
33.87,-76.63,30.08
33.87,-76.61,30.16
33.87,-76.59,30.24
33.87,-76.57,30.24
33.87,-76.55,30.14
33.87,-76.53,30.12
33.87,-76.51,30.1
33.87,-76.49,30.25
33.87,-76.47,30.28
33.87,-76.45,30.25
33.87,-76.43,30.33
33.87,-76.41,30.3
33.87,-76.39,30.2
33.87,-76.37,29.89
33.87,-76.35,29.94
33.87,-76.33,29.86
33.87,-76.31,29.84
33.87,-76.29,29.91
33.87,-76.27,29.93
33.87,-76.25,30.13
33.87,-76.23,30.39
33.87,-75.77,30.08
33.87,-75.75,30.09
33.87,-75.73,30.12
33.87,-75.71,30.12
33.87,-75.69,29.96
33.87,-75.67,29.94
33.87,-75.65,29.94
33.87,-75.63,29.95
33.87,-75.61,29.96
33.87,-75.59,29.94
33.87,-75.57,29.94
33.87,-75.55,29.88
33.87,-75.53,29.84
33.87,-75.51,29.84
33.87,-75.49,29.82
33.87,-75.47,29.83
33.87,-75.41,29.9
33.87,-75.39,29.95
33.87,-75.37,29.97
33.87,-75.35,29.87
33.87,-75.33,29.87
33.87,-75.31,29.91
33.87,-75.29,29.91
33.87,-75.25,29.83
33.87,-75.23,29.85
33.87,-75.21,29.9
33.87,-75.19,29.9
33.87,-75.17,29.89
33.87,-75.15,29.88
33.87,-75.13,29.9
33.87,-75.11,29.88
33.87,-75.09,29.87
33.87,-75.07,29.85
33.87,-75.05,29.89
33.87,-75.03,29.88
33.87,-75.01,29.92
33.87,-74.99,29.95
33.87,-74.97,29.92
33.87,-74.95,29.96
33.87,-74.93,30.1
33.87,-74.91,30.32
33.87,-74.89,30.24
33.87,-74.87,30.14
33.87,-74.77,29.89
33.87,-74.75,29.88
33.87,-74.69,29.72
33.87,-74.67,29.66
33.87,-74.65,29.59
33.87,-74.63,29.56
33.87,-74.61,29.34
33.87,-74.55,29.5
33.87,-74.53,29.62
33.87,-74.51,29.6
33.87,-74.05,27.91
33.87,-74.03,27.91
33.87,-74.01,27.93
33.87,-73.99,27.93
33.87,-73.97,27.71
33.87,-73.95,27.63
33.87,-73.93,27.58
33.85,-78.55,29.27
33.85,-78.53,29.57
33.85,-78.51,29.59
33.85,-78.49,29.59
33.85,-78.47,29.54
33.85,-78.45,29.42
33.85,-78.43,29.4
33.85,-78.41,29.4
33.85,-78.39,29.38
33.85,-78.37,29.35
33.85,-78.35,29.37
33.85,-78.33,29.36
33.85,-78.31,29.39
33.85,-78.29,29.33
33.85,-78.27,29.35
33.85,-78.25,29.38
33.85,-78.23,29.46
33.85,-78.21,29.44
33.85,-78.19,29.41
33.85,-78.17,29.49
33.85,-78.15,29.53
33.85,-78.13,29.54
33.85,-78.11,29.79
33.85,-78.09,29.95
33.85,-78.07,30.09
33.85,-78.05,30.01
33.85,-78.03,30.0
33.85,-78.01,29.69
33.85,-77.99,29.56
33.85,-77.95,28.88
33.85,-77.93,28.97
33.85,-77.91,29.04
33.85,-77.89,29.04
33.85,-77.87,28.95
33.85,-77.85,28.75
33.85,-77.83,28.3
33.85,-77.81,28.12
33.85,-77.79,28.07
33.85,-77.77,28.04
33.85,-77.75,28.01
33.85,-77.73,27.99
33.85,-77.71,27.99
33.85,-77.69,28.03
33.85,-77.67,27.9
33.85,-77.65,27.86
33.85,-77.63,27.78
33.85,-77.61,27.76
33.85,-77.59,27.96
33.85,-77.57,28.05
33.85,-77.55,28.05
33.85,-77.53,28.06
33.85,-77.51,28.12
33.85,-77.49,28.22
33.85,-77.47,28.28
33.85,-77.45,28.36
33.85,-77.43,28.39
33.85,-77.41,28.48
33.85,-77.39,28.56
33.85,-77.37,28.63
33.85,-77.35,28.61
33.85,-77.33,28.63
33.85,-77.31,28.56
33.85,-77.29,28.48
33.85,-77.27,28.48
33.85,-77.25,28.46
33.85,-77.23,28.49
33.85,-77.21,28.48
33.85,-77.19,28.44
33.85,-77.17,28.5
33.85,-77.15,28.49
33.85,-77.13,28.5
33.85,-77.11,28.5
33.85,-77.09,28.5
33.85,-77.07,28.49
33.85,-77.05,28.51
33.85,-77.03,28.48
33.85,-77.01,28.27
33.85,-76.99,28.27
33.85,-76.97,28.23
33.85,-76.95,28.32
33.85,-76.93,28.22
33.85,-76.91,28.25
33.85,-76.89,28.27
33.85,-76.87,28.36
33.85,-76.85,28.57
33.85,-76.83,28.99
33.85,-76.81,29.11
33.85,-76.79,29.15
33.85,-76.77,29.2
33.85,-76.75,29.49
33.85,-76.73,29.69
33.85,-76.71,29.91
33.85,-76.69,30.02
33.85,-76.67,30.07
33.85,-76.65,30.09
33.85,-76.63,30.17
33.85,-76.61,30.21
33.85,-76.59,30.21
33.85,-76.57,30.15
33.85,-76.55,30.16
33.85,-76.53,30.1
33.85,-76.51,30.09
33.85,-76.49,30.21
33.85,-76.47,30.26
33.85,-76.45,30.23
33.85,-76.43,30.27
33.85,-76.41,30.28
33.85,-76.39,30.23
33.85,-76.37,29.9
33.85,-76.35,29.86
33.85,-76.33,29.77
33.85,-76.31,29.88
33.85,-76.29,29.87
33.85,-76.27,29.85
33.85,-76.25,30.23
33.85,-76.23,30.51
33.85,-76.21,30.5
33.85,-75.79,30.11
33.85,-75.77,30.09
33.85,-75.75,30.11
33.85,-75.73,30.1
33.85,-75.71,30.05
33.85,-75.69,29.99
33.85,-75.67,29.99
33.85,-75.65,30.02
33.85,-75.63,29.95
33.85,-75.61,29.92
33.85,-75.59,29.94
33.85,-75.57,29.97
33.85,-75.55,29.9
33.85,-75.53,29.87
33.85,-75.51,29.79
33.85,-75.49,29.83
33.85,-75.47,29.97
33.85,-75.45,30.0
33.85,-75.43,29.95
33.85,-75.41,29.9
33.85,-75.39,29.9
33.85,-75.37,29.89
33.85,-75.35,29.83
33.85,-75.31,29.83
33.85,-75.29,29.76
33.85,-75.27,29.71
33.85,-75.21,29.89
33.85,-75.19,29.82
33.85,-75.17,29.83
33.85,-75.15,29.86
33.85,-75.13,29.92
33.85,-75.11,29.9
33.85,-75.09,29.82
33.85,-75.07,29.8
33.85,-75.05,29.87
33.85,-75.01,29.92
33.85,-74.99,29.94
33.85,-74.97,29.96
33.85,-74.95,29.99
33.85,-74.93,30.06
33.85,-74.91,30.14
33.85,-74.89,30.18
33.85,-74.79,29.5
33.85,-74.71,29.83
33.85,-74.69,29.81
33.85,-74.67,29.75
33.85,-74.57,29.5
33.85,-74.55,29.54
33.85,-74.53,29.55
33.85,-74.51,29.54
33.85,-74.49,28.56
33.85,-74.47,28.23
33.85,-74.07,28.03
33.85,-74.05,27.97
33.85,-74.03,27.92
33.83,-78.63,29.5
33.83,-78.61,29.5
33.83,-78.59,29.55
33.83,-78.57,29.53
33.83,-78.55,29.61
33.83,-78.53,29.49
33.83,-78.51,29.53
33.83,-78.49,29.53
33.83,-78.47,29.34
33.83,-78.45,29.34
33.83,-78.43,29.3
33.83,-78.41,29.3
33.83,-78.39,29.34
33.83,-78.37,29.32
33.83,-78.35,29.27
33.83,-78.33,29.32
33.83,-78.31,29.35
33.83,-78.29,29.23
33.83,-78.27,29.23
33.83,-78.25,29.16
33.83,-78.23,29.31
33.83,-78.21,29.26
33.83,-78.19,29.32
33.83,-78.17,29.34
33.83,-78.15,29.33
33.83,-78.13,29.34
33.83,-78.11,29.59
33.83,-78.09,29.67
33.83,-78.07,29.84
33.83,-78.05,29.85
33.83,-78.03,29.78
33.83,-78.01,29.6
33.83,-77.99,29.44
33.83,-77.97,29.24
33.83,-77.95,28.99
33.83,-77.93,28.99
33.83,-77.91,29.08
33.83,-77.89,29.19
33.83,-77.87,29.16
33.83,-77.85,28.89
33.83,-77.83,28.55
33.83,-77.81,28.17
33.83,-77.71,27.95
33.83,-77.69,27.97
33.83,-77.67,27.97
33.83,-77.65,27.91
33.83,-77.63,27.81
33.83,-77.61,27.92
33.83,-77.59,27.94
33.83,-77.57,27.96
33.83,-77.55,28.06
33.83,-77.53,28.1
33.83,-77.51,28.12
33.83,-77.49,28.18
33.83,-77.47,28.23
33.83,-77.45,28.35
33.83,-77.43,28.38
33.83,-77.41,28.46
33.83,-77.39,28.53
33.83,-77.37,28.61
33.83,-77.35,28.47
33.83,-77.33,28.28
33.83,-77.31,28.29
33.83,-77.29,28.33
33.83,-77.27,28.31
33.83,-77.25,28.34
33.83,-77.23,28.44
33.83,-77.21,28.45
33.83,-77.19,28.48
33.83,-77.17,28.49
33.83,-77.15,28.59
33.83,-77.13,28.56
33.83,-77.11,28.53
33.83,-77.09,28.52
33.83,-77.07,28.48
33.83,-77.05,28.43
33.83,-77.03,28.36
33.83,-77.01,28.3
33.83,-76.99,28.28
33.83,-76.97,28.29
33.83,-76.95,28.29
33.83,-76.93,28.28
33.83,-76.91,28.36
33.83,-76.89,28.34
33.83,-76.87,28.84
33.83,-76.85,28.97
33.83,-76.83,29.24
33.83,-76.81,29.26
33.83,-76.79,29.27
33.83,-76.77,29.58
33.83,-76.75,29.77
33.83,-76.73,29.92
33.83,-76.71,30.02
33.83,-76.69,30.02
33.83,-76.67,30.1
33.83,-76.65,30.18
33.83,-76.63,30.23
33.83,-76.61,30.24
33.83,-76.59,30.13
33.83,-76.57,30.1
33.83,-76.55,30.16
33.83,-76.53,30.25
33.83,-76.51,30.18
33.83,-76.49,30.19
33.83,-76.47,30.2
33.83,-76.45,30.2
33.83,-76.43,30.23
33.83,-76.41,30.24
33.83,-76.39,30.18
33.83,-76.37,29.77
33.83,-76.35,29.73
33.83,-76.33,29.76
33.83,-76.31,29.93
33.83,-76.29,29.92
33.83,-76.27,29.97
33.83,-76.25,30.08
33.83,-76.23,30.14
33.83,-76.21,30.04
33.83,-75.93,30.36
33.83,-75.91,30.39
33.83,-75.89,30.41
33.83,-75.87,30.43
33.83,-75.85,30.44
33.83,-75.83,30.2
33.83,-75.81,30.12
33.83,-75.79,30.13
33.83,-75.77,30.13
33.83,-75.75,30.13
33.83,-75.73,30.12
33.83,-75.71,30.08
33.83,-75.69,30.1
33.83,-75.67,30.0
33.83,-75.65,29.96
33.83,-75.63,29.92
33.83,-75.61,29.86
33.83,-75.59,29.88
33.83,-75.57,29.91
33.83,-75.55,29.83
33.83,-75.53,29.73
33.83,-75.51,29.77
33.83,-75.49,29.89
33.83,-75.47,30.04
33.83,-75.45,30.03
33.83,-75.43,29.96
33.83,-75.41,29.92
33.83,-75.39,29.93
33.83,-75.37,29.83
33.83,-75.35,29.79
33.83,-75.33,29.87
33.83,-75.31,29.81
33.83,-75.29,29.7
33.83,-75.27,29.7
33.83,-75.25,29.74
33.83,-75.23,29.83
33.83,-75.21,29.86
33.83,-75.19,29.8
33.83,-75.17,29.78
33.83,-75.15,29.79
33.83,-75.13,29.86
33.83,-75.11,29.81
33.83,-75.09,29.84
33.83,-75.07,29.84
33.83,-75.05,29.86
33.83,-75.03,29.93
33.83,-75.01,29.91
33.83,-74.99,29.87
33.83,-74.97,29.89
33.83,-74.95,29.96
33.83,-74.93,30.02
33.83,-74.91,30.06
33.83,-74.89,30.05
33.83,-74.79,29.61
33.83,-74.73,29.87
33.83,-74.71,29.84
33.83,-74.69,29.81
33.83,-74.57,29.51
33.83,-74.55,29.58
33.83,-74.53,29.58
33.83,-74.51,29.51
33.83,-74.47,28.19
33.83,-74.09,27.8
33.83,-74.07,28.0
33.83,-74.05,27.95
33.83,-74.03,27.91
33.81,-78.69,29.45
33.81,-78.67,29.3
33.81,-78.65,29.31
33.81,-78.63,29.41
33.81,-78.61,29.38
33.81,-78.59,29.36
33.81,-78.57,29.44
33.81,-78.55,29.49
33.81,-78.53,29.44
33.81,-78.51,29.55
33.81,-78.49,29.21
33.81,-78.47,29.2
33.81,-78.45,29.08
33.81,-78.43,29.11
33.81,-78.41,29.13
33.81,-78.39,29.16
33.81,-78.37,29.29
33.81,-78.35,29.15
33.81,-78.33,29.15
33.81,-78.31,29.1
33.81,-78.29,29.1
33.81,-78.27,29.08
33.81,-78.25,29.06
33.81,-78.23,28.92
33.81,-78.21,29.01
33.81,-78.19,29.14
33.81,-78.17,29.23
33.81,-78.15,29.25
33.81,-78.13,29.28
33.81,-78.11,29.35
33.81,-78.09,29.5
33.81,-78.07,29.69
33.81,-78.05,29.69
33.81,-78.03,29.66
33.81,-78.01,29.65
33.81,-77.99,29.43
33.81,-77.97,29.29
33.81,-77.95,29.24
33.81,-77.93,29.18
33.81,-77.91,29.23
33.81,-77.89,29.2
33.81,-77.87,29.24
33.81,-77.85,29.2
33.81,-77.83,28.78
33.81,-77.81,28.46
33.81,-77.71,27.84
33.81,-77.69,27.87
33.81,-77.67,27.9
33.81,-77.65,27.92
33.81,-77.63,27.87
33.81,-77.61,27.96
33.81,-77.59,28.02
33.81,-77.57,28.01
33.81,-77.55,28.05
33.81,-77.53,28.18
33.81,-77.51,28.23
33.81,-77.49,28.33
33.81,-77.47,28.37
33.81,-77.45,28.42
33.81,-77.43,28.39
33.81,-77.41,28.41
33.81,-77.39,28.39
33.81,-77.37,28.22
33.81,-77.35,28.07
33.81,-77.33,28.05
33.81,-77.31,28.19
33.81,-77.29,28.26
33.81,-77.27,28.31
33.81,-77.25,28.42
33.81,-77.23,28.43
33.81,-77.21,28.44
33.81,-77.19,28.61
33.81,-77.17,28.63
33.81,-77.15,28.59
33.81,-77.13,28.52
33.81,-77.11,28.49
33.81,-77.09,28.48
33.81,-77.07,28.46
33.81,-77.05,28.42
33.81,-77.03,28.28
33.81,-77.01,28.24
33.81,-76.99,28.22
33.81,-76.97,28.33
33.81,-76.95,28.5
33.81,-76.93,28.52
33.81,-76.91,28.51
33.81,-76.89,28.74
33.81,-76.87,28.85
33.81,-76.85,29.29
33.81,-76.83,29.33
33.81,-76.81,29.35
33.81,-76.79,29.64
33.81,-76.77,29.82
33.81,-76.75,29.88
33.81,-76.73,29.97
33.81,-76.71,30.03
33.81,-76.69,30.13
33.81,-76.67,30.18
33.81,-76.65,30.2
33.81,-76.63,30.21
33.81,-76.61,30.16
33.81,-76.59,30.14
33.81,-76.57,30.12
33.81,-76.55,30.12
33.81,-76.53,30.25
33.81,-76.51,30.25
33.81,-76.49,30.17
33.81,-76.47,30.13
33.81,-76.45,30.18
33.81,-76.43,30.21
33.81,-76.41,30.16
33.81,-76.39,29.88
33.81,-76.37,29.72
33.81,-76.35,29.71
33.81,-76.33,29.75
33.81,-76.31,29.86
33.81,-76.29,29.87
33.81,-76.27,30.02
33.81,-76.25,30.02
33.81,-76.23,29.79
33.81,-76.21,29.76
33.81,-75.91,30.43
33.81,-75.89,30.45
33.81,-75.87,30.45
33.81,-75.85,30.42
33.81,-75.77,30.23
33.81,-75.75,30.24
33.81,-75.73,30.24
33.81,-75.71,30.14
33.81,-75.69,30.06
33.81,-75.67,29.96
33.81,-75.65,29.95
33.81,-75.63,29.93
33.81,-75.61,29.82
33.81,-75.59,29.84
33.81,-75.57,29.86
33.81,-75.55,29.82
33.81,-75.53,29.79
33.81,-75.51,29.79
33.81,-75.49,29.98
33.81,-75.47,30.06
33.81,-75.45,29.95
33.81,-75.43,29.93
33.81,-75.41,29.9
33.81,-75.39,29.89
33.81,-75.37,29.92
33.81,-75.35,29.83
33.81,-75.33,29.84
33.81,-75.31,29.87
33.81,-75.29,29.87
33.81,-75.27,29.82
33.81,-75.25,29.74
33.81,-75.23,29.8
33.81,-75.21,29.81
33.81,-75.19,29.7
33.81,-75.17,29.74
33.81,-75.15,29.76
33.81,-75.13,29.75
33.81,-75.11,29.83
33.81,-75.09,29.86
33.81,-75.07,29.82
33.81,-75.05,29.94
33.81,-75.03,29.93
33.81,-75.01,29.88
33.81,-74.99,29.89
33.81,-74.97,29.91
33.81,-74.95,30.05
33.81,-74.93,30.1
33.81,-74.91,30.05
33.81,-74.89,29.97
33.81,-74.73,29.85
33.81,-74.71,29.78
33.81,-74.57,29.56
33.81,-74.55,29.63
33.81,-74.53,29.65
33.81,-74.11,27.73
33.81,-74.09,27.74
33.81,-74.07,27.77
33.79,-78.73,29.22
33.79,-78.71,29.46
33.79,-78.69,29.36
33.79,-78.67,29.12
33.79,-78.65,29.09
33.79,-78.63,29.18
33.79,-78.61,29.15
33.79,-78.59,29.2
33.79,-78.57,29.34
33.79,-78.55,29.37
33.79,-78.53,29.13
33.79,-78.51,29.07
33.79,-78.49,28.9
33.79,-78.47,29.09
33.79,-78.45,29.01
33.79,-78.43,28.97
33.79,-78.41,28.97
33.79,-78.39,29.0
33.79,-78.37,29.15
33.79,-78.35,29.02
33.79,-78.33,28.97
33.79,-78.31,29.01
33.79,-78.29,29.03
33.79,-78.27,28.98
33.79,-78.25,28.87
33.79,-78.23,28.79
33.79,-78.21,28.78
33.79,-78.19,28.91
33.79,-78.17,29.04
33.79,-78.15,29.17
33.79,-78.13,29.26
33.79,-78.11,29.27
33.79,-78.09,29.4
33.79,-78.07,29.48
33.79,-78.05,29.53
33.79,-78.03,29.49
33.79,-78.01,29.5
33.79,-77.99,29.5
33.79,-77.97,29.15
33.79,-77.95,29.14
33.79,-77.93,29.12
33.79,-77.91,29.23
33.79,-77.89,29.28
33.79,-77.87,29.16
33.79,-77.85,29.11
33.79,-77.83,28.9
33.79,-77.81,28.58
33.79,-77.75,27.93
33.79,-77.73,27.79
33.79,-77.71,27.81
33.79,-77.69,27.83
33.79,-77.67,27.84
33.79,-77.65,27.9
33.79,-77.63,28.0
33.79,-77.61,28.06
33.79,-77.59,28.06
33.79,-77.57,28.12
33.79,-77.55,28.3
33.79,-77.53,28.36
33.79,-77.51,28.4
33.79,-77.49,28.37
33.79,-77.47,28.42
33.79,-77.45,28.4
33.79,-77.43,28.27
33.79,-77.41,28.07
33.79,-77.39,27.91
33.79,-77.37,27.85
33.79,-77.35,28.0
33.79,-77.33,28.09
33.79,-77.31,28.21
33.79,-77.29,28.28
33.79,-77.27,28.33
33.79,-77.25,28.36
33.79,-77.23,28.45
33.79,-77.21,28.54
33.79,-77.19,28.58
33.79,-77.17,28.63
33.79,-77.15,28.59
33.79,-77.13,28.55
33.79,-77.11,28.48
33.79,-77.09,28.44
33.79,-77.07,28.38
33.79,-77.05,28.37
33.79,-77.03,28.37
33.79,-77.01,28.3
33.79,-76.99,28.36
33.79,-76.97,28.53
33.79,-76.95,28.62
33.79,-76.93,28.65
33.79,-76.91,28.69
33.79,-76.89,29.03
33.79,-76.87,29.32
33.79,-76.85,29.54
33.79,-76.83,29.64
33.79,-76.81,29.79
33.79,-76.79,29.89
33.79,-76.77,29.94
33.79,-76.75,29.95
33.79,-76.73,30.02
33.79,-76.71,30.09
33.79,-76.69,30.12
33.79,-76.67,30.2
33.79,-76.65,30.22
33.79,-76.63,30.22
33.79,-76.61,30.14
33.79,-76.59,30.14
33.79,-76.57,30.13
33.79,-76.55,30.2
33.79,-76.53,30.23
33.79,-76.51,30.16
33.79,-76.49,30.1
33.79,-76.47,30.18
33.79,-76.45,30.2
33.79,-76.43,30.11
33.79,-76.41,29.97
33.79,-76.39,29.7
33.79,-76.37,29.68
33.79,-76.35,29.66
33.79,-76.33,29.78
33.79,-76.31,29.85
33.79,-76.29,29.92
33.79,-76.27,29.95
33.79,-76.25,29.9
33.79,-76.23,29.77
33.79,-76.21,29.76
33.79,-75.87,30.46
33.79,-75.85,30.36
33.79,-75.77,30.25
33.79,-75.75,30.23
33.79,-75.73,30.17
33.79,-75.71,30.1
33.79,-75.69,30.01
33.79,-75.67,30.02
33.79,-75.65,29.93
33.79,-75.63,29.87
33.79,-75.61,29.88
33.79,-75.59,29.9
33.79,-75.57,29.89
33.79,-75.55,29.82
33.79,-75.53,29.82
33.79,-75.51,29.86
33.79,-75.49,29.96
33.79,-75.47,30.04
33.79,-75.45,29.96
33.79,-75.43,29.95
33.79,-75.39,29.85
33.79,-75.37,29.88
33.79,-75.35,29.77
33.79,-75.33,29.84
33.79,-75.31,29.83
33.79,-75.29,29.84
33.79,-75.27,29.81
33.79,-75.25,29.76
33.79,-75.23,29.76
33.79,-75.21,29.77
33.79,-75.19,29.7
33.79,-75.17,29.75
33.79,-75.15,29.74
33.79,-75.13,29.77
33.79,-75.11,29.82
33.79,-75.09,29.85
33.79,-75.07,29.84
33.79,-75.05,29.89
33.79,-75.03,29.9
33.79,-75.01,29.91
33.79,-74.99,29.93
33.79,-74.97,30.0
33.79,-74.95,30.21
33.79,-74.93,30.32
33.79,-74.91,30.01
33.79,-74.75,29.84
33.79,-74.73,29.86
33.79,-74.71,29.82
33.79,-74.59,29.47
33.79,-74.57,29.76
33.79,-74.55,29.76
33.79,-74.53,29.35
33.79,-74.51,28.25
33.79,-74.49,28.16
33.79,-74.17,27.72
33.79,-74.15,27.73
33.79,-74.13,27.76
33.79,-74.11,27.74
33.79,-74.09,27.74
33.77,-78.73,29.23
33.77,-78.71,29.32
33.77,-78.69,28.94
33.77,-78.67,28.82
33.77,-78.65,28.88
33.77,-78.63,29.02
33.77,-78.61,29.01
33.77,-78.59,29.09
33.77,-78.57,29.0
33.77,-78.55,28.98
33.77,-78.53,28.95
33.77,-78.51,28.97
33.77,-78.49,28.84
33.77,-78.47,28.94
33.77,-78.45,28.94
33.77,-78.43,28.92
33.77,-78.41,28.86
33.77,-78.39,28.89
33.77,-78.37,28.89
33.77,-78.35,28.91
33.77,-78.33,28.88
33.77,-78.31,28.92
33.77,-78.29,28.94
33.77,-78.27,28.94
33.77,-78.25,28.81
33.77,-78.23,28.73
33.77,-78.21,28.65
33.77,-78.19,28.75
33.77,-78.17,28.86
33.77,-78.15,28.89
33.77,-78.13,29.09
33.77,-78.11,29.25
33.77,-78.09,29.24
33.77,-78.07,29.27
33.77,-78.05,29.33
33.77,-78.03,29.28
33.77,-78.01,29.33
33.77,-77.99,29.42
33.77,-77.97,29.15
33.77,-77.95,28.97
33.77,-77.93,28.97
33.77,-77.91,29.32
33.77,-77.89,29.37
33.77,-77.87,29.23
33.77,-77.85,29.12
33.77,-77.83,28.93
33.77,-77.81,28.61
33.77,-77.79,28.28
33.77,-77.77,28.26
33.77,-77.75,28.04
33.77,-77.73,27.86
33.77,-77.71,27.79
33.77,-77.69,27.83
33.77,-77.67,27.8
33.77,-77.65,27.92
33.77,-77.63,27.95
33.77,-77.61,28.13
33.77,-77.59,28.17
33.77,-77.57,28.28
33.77,-77.55,28.28
33.77,-77.53,28.23
33.77,-77.51,28.24
33.77,-77.49,28.29
33.77,-77.47,28.28
33.77,-77.45,28.16
33.77,-77.43,28.01
33.77,-77.41,27.73
33.77,-77.39,27.76
33.77,-77.37,27.86
33.77,-77.35,27.97
33.77,-77.33,28.05
33.77,-77.31,28.1
33.77,-77.29,28.29
33.77,-77.27,28.29
33.77,-77.25,28.31
33.77,-77.23,28.45
33.77,-77.21,28.56
33.77,-77.19,28.65
33.77,-77.17,28.65
33.77,-77.15,28.85
33.77,-77.13,28.89
33.77,-77.11,28.97
33.77,-77.09,28.9
33.77,-77.07,28.66
33.77,-77.05,28.56
33.77,-77.03,28.62
33.77,-77.01,28.52
33.77,-76.99,28.61
33.77,-76.97,28.66
33.77,-76.95,28.7
33.77,-76.93,29.12
33.77,-76.91,29.26
33.77,-76.89,29.36
33.77,-76.87,29.51
33.77,-76.85,29.73
33.77,-76.83,29.8
33.77,-76.81,29.82
33.77,-76.79,29.99
33.77,-76.77,30.04
33.77,-76.75,30.01
33.77,-76.73,29.99
33.77,-76.71,30.16
33.77,-76.69,30.31
33.77,-76.67,30.29
33.77,-76.65,30.26
33.77,-76.63,30.23
33.77,-76.61,30.11
33.77,-76.59,30.12
33.77,-76.57,30.14
33.77,-76.55,30.17
33.77,-76.53,30.15
33.77,-76.51,30.18
33.77,-76.49,30.2
33.77,-76.47,30.21
33.77,-76.45,30.19
33.77,-76.43,29.95
33.77,-76.41,29.72
33.77,-76.39,29.64
33.77,-76.37,29.59
33.77,-76.35,29.71
33.77,-76.33,29.81
33.77,-76.31,29.88
33.77,-76.29,29.99
33.77,-76.27,29.92
33.77,-76.25,29.84
33.77,-76.23,29.78
33.77,-76.21,29.77
33.77,-75.87,30.41
33.77,-75.85,30.35
33.77,-75.83,30.14
33.77,-75.81,30.18
33.77,-75.79,30.26
33.77,-75.77,30.23
33.77,-75.75,30.18
33.77,-75.73,30.21
33.77,-75.71,30.14
33.77,-75.69,30.0
33.77,-75.67,29.97
33.77,-75.65,29.88
33.77,-75.63,29.86
33.77,-75.61,29.94
33.77,-75.59,29.91
33.77,-75.57,29.84
33.77,-75.55,29.83
33.77,-75.53,29.86
33.77,-75.51,29.93
33.77,-75.49,29.96
33.77,-75.47,29.96
33.77,-75.45,29.94
33.77,-75.43,29.99
33.77,-75.41,29.86
33.77,-75.39,29.79
33.77,-75.37,29.82
33.77,-75.35,29.84
33.77,-75.33,29.87
33.77,-75.31,29.86
33.77,-75.29,29.86
33.77,-75.27,29.74
33.77,-75.25,29.78
33.77,-75.23,29.8
33.77,-75.21,29.75
33.77,-75.19,29.87
33.77,-75.17,29.84
33.77,-75.15,29.8
33.77,-75.13,29.84
33.77,-75.11,29.86
33.77,-75.09,29.86
33.77,-75.07,29.83
33.77,-75.05,29.85
33.77,-75.03,29.89
33.77,-75.01,29.92
33.77,-74.99,29.94
33.77,-74.97,30.03
33.77,-74.95,30.23
33.77,-74.93,30.3
33.77,-74.91,30.2
33.77,-74.79,29.64
33.77,-74.77,29.68
33.77,-74.75,29.89
33.77,-74.61,29.45
33.77,-74.59,29.56
33.77,-74.57,29.84
33.77,-74.55,29.83
33.77,-74.53,28.37
33.77,-74.51,28.3
33.77,-74.15,27.75
33.77,-74.13,27.79
33.77,-74.11,27.79
33.75,-78.79,29.08
33.75,-78.77,29.1
33.75,-78.75,28.82
33.75,-78.73,28.83
33.75,-78.71,28.81
33.75,-78.69,28.73
33.75,-78.67,28.77
33.75,-78.65,28.84
33.75,-78.63,28.78
33.75,-78.61,28.89
33.75,-78.59,28.84
33.75,-78.57,28.86
33.75,-78.55,28.88
33.75,-78.53,28.84
33.75,-78.51,28.89
33.75,-78.49,28.8
33.75,-78.47,28.77
33.75,-78.45,28.81
33.75,-78.43,28.79
33.75,-78.41,28.75
33.75,-78.39,28.75
33.75,-78.37,28.75
33.75,-78.35,28.81
33.75,-78.33,28.73
33.75,-78.31,28.74
33.75,-78.29,28.78
33.75,-78.27,28.68
33.75,-78.25,28.63
33.75,-78.23,28.63
33.75,-78.21,28.65
33.75,-78.19,28.69
33.75,-78.17,28.72
33.75,-78.15,28.74
33.75,-78.13,28.95
33.75,-78.11,29.11
33.75,-78.09,29.17
33.75,-78.07,28.98
33.75,-78.05,29.11
33.75,-78.03,29.22
33.75,-78.01,29.14
33.75,-77.99,29.24
33.75,-77.97,29.2
33.75,-77.95,28.85
33.75,-77.93,29.02
33.75,-77.91,29.38
33.75,-77.89,29.5
33.75,-77.87,29.4
33.75,-77.85,29.1
33.75,-77.83,28.9
33.75,-77.81,28.59
33.75,-77.79,28.66
33.75,-77.77,28.31
33.75,-77.75,28.16
33.75,-77.73,28.08
33.75,-77.71,27.84
33.75,-77.69,28.01
33.75,-77.67,27.99
33.75,-77.65,27.91
33.75,-77.63,27.92
33.75,-77.61,28.02
33.75,-77.59,28.13
33.75,-77.57,28.21
33.75,-77.55,28.18
33.75,-77.53,28.18
33.75,-77.51,28.2
33.75,-77.49,28.1
33.75,-77.47,27.9
33.75,-77.45,27.77
33.75,-77.43,27.71
33.75,-77.41,27.69
33.75,-77.39,27.71
33.75,-77.37,27.7
33.75,-77.35,27.69
33.75,-77.33,27.92
33.75,-77.31,28.02
33.75,-77.29,28.21
33.75,-77.27,28.27
33.75,-77.25,28.38
33.75,-77.23,28.62
33.75,-77.21,28.79
33.75,-77.19,28.9
33.75,-77.17,29.02
33.75,-77.15,29.2
33.75,-77.13,29.27
33.75,-77.11,29.09
33.75,-77.09,28.99
33.75,-77.07,28.81
33.75,-77.05,28.72
33.75,-77.03,28.64
33.75,-77.01,28.67
33.75,-76.99,28.75
33.75,-76.97,29.11
33.75,-76.95,29.37
33.75,-76.93,29.43
33.75,-76.91,29.48
33.75,-76.89,29.64
33.75,-76.87,29.72
33.75,-76.85,29.87
33.75,-76.83,29.92
33.75,-76.81,30.02
33.75,-76.79,30.02
33.75,-76.77,30.12
33.75,-76.75,30.14
33.75,-76.73,30.17
33.75,-76.71,30.19
33.75,-76.69,30.32
33.75,-76.67,30.29
33.75,-76.65,30.24
33.75,-76.63,30.16
33.75,-76.61,30.13
33.75,-76.59,30.16
33.75,-76.57,30.14
33.75,-76.55,30.17
33.75,-76.53,30.22
33.75,-76.51,30.13
33.75,-76.49,30.12
33.75,-76.47,30.15
33.75,-76.45,30.03
33.75,-76.43,29.74
33.75,-76.41,29.66
33.75,-76.39,29.51
33.75,-76.37,29.56
33.75,-76.35,29.65
33.75,-76.33,29.78
33.75,-76.31,29.79
33.75,-76.29,29.88
33.75,-76.27,29.75
33.75,-76.25,29.74
33.75,-76.23,29.73
33.75,-75.87,30.25
33.75,-75.85,30.19
33.75,-75.83,30.21
33.75,-75.81,30.26
33.75,-75.79,30.24
33.75,-75.77,30.34
33.75,-75.75,30.23
33.75,-75.73,30.22
33.75,-75.71,30.21
33.75,-75.69,30.03
33.75,-75.67,29.95
33.75,-75.65,29.88
33.75,-75.63,29.86
33.75,-75.61,29.87
33.75,-75.59,29.9
33.75,-75.57,29.84
33.75,-75.55,29.86
33.75,-75.53,29.89
33.75,-75.51,29.98
33.75,-75.49,29.98
33.75,-75.47,30.06
33.75,-75.45,29.98
33.75,-75.43,29.95
33.75,-75.41,29.96
33.75,-75.39,29.9
33.75,-75.37,29.88
33.75,-75.35,29.9
33.75,-75.33,29.89
33.75,-75.31,29.89
33.75,-75.29,29.87
33.75,-75.27,29.79
33.75,-75.25,29.79
33.75,-75.23,29.83
33.75,-75.21,29.85
33.75,-75.19,29.91
33.75,-75.17,29.86
33.75,-75.15,29.84
33.75,-75.13,29.88
33.75,-75.11,29.85
33.75,-75.09,29.8
33.75,-75.07,29.85
33.75,-75.05,29.91
33.75,-75.03,29.88
33.75,-75.01,29.86
33.75,-74.99,30.15
33.75,-74.97,30.14
33.75,-74.95,30.21
33.75,-74.93,30.24
33.75,-74.79,29.63
33.75,-74.77,29.65
33.75,-74.75,29.72
33.75,-74.63,29.27
33.75,-74.61,29.47
33.75,-74.59,29.78
33.75,-74.57,29.78
33.75,-74.55,29.22
33.75,-74.53,28.36
33.75,-74.51,28.28
33.73,-78.79,29.07
33.73,-78.77,28.99
33.73,-78.75,28.83
33.73,-78.73,28.83
33.73,-78.71,28.75
33.73,-78.69,28.73
33.73,-78.67,28.77
33.73,-78.65,28.75
33.73,-78.63,28.69
33.73,-78.61,28.7
33.73,-78.59,28.74
33.73,-78.57,28.73
33.73,-78.55,28.76
33.73,-78.53,28.64
33.73,-78.51,28.72
33.73,-78.49,28.58
33.73,-78.47,28.62
33.73,-78.45,28.7
33.73,-78.43,28.58
33.73,-78.41,28.58
33.73,-78.39,28.59
33.73,-78.37,28.6
33.73,-78.35,28.64
33.73,-78.33,28.56
33.73,-78.31,28.66
33.73,-78.29,28.64
33.73,-78.27,28.65
33.73,-78.25,28.71
33.73,-78.23,28.67
33.73,-78.21,28.65
33.73,-78.19,28.64
33.73,-78.17,28.67
33.73,-78.15,28.75
33.73,-78.13,28.83
33.73,-78.11,28.88
33.73,-78.09,28.83
33.73,-78.07,28.93
33.73,-78.05,28.97
33.73,-78.03,29.13
33.73,-78.01,29.06
33.73,-77.99,29.08
33.73,-77.97,29.02
33.73,-77.95,28.87
33.73,-77.93,28.98
33.73,-77.91,29.3
33.73,-77.89,29.35
33.73,-77.87,29.36
33.73,-77.85,29.13
33.73,-77.83,28.91
33.73,-77.81,28.76
33.73,-77.79,28.83
33.73,-77.77,28.68
33.73,-77.75,28.21
33.73,-77.73,28.14
33.73,-77.71,27.91
33.73,-77.69,27.88
33.73,-77.67,27.98
33.73,-77.65,27.9
33.73,-77.63,27.9
33.73,-77.61,27.94
33.73,-77.59,28.0
33.73,-77.57,28.1
33.73,-77.55,28.09
33.73,-77.53,28.01
33.73,-77.51,27.9
33.73,-77.49,27.83
33.73,-77.47,27.74
33.73,-77.45,27.62
33.73,-77.43,27.54
33.73,-77.41,27.52
33.73,-77.39,27.48
33.73,-77.37,27.49
33.73,-77.35,27.62
33.73,-77.33,27.86
33.73,-77.31,28.1
33.73,-77.29,28.21
33.73,-77.27,28.34
33.73,-77.25,28.47
33.73,-77.23,28.75
33.73,-77.21,28.88
33.73,-77.19,29.03
33.73,-77.17,29.12
33.73,-77.15,29.25
33.73,-77.13,29.32
33.73,-77.11,29.2
33.73,-77.09,29.07
33.73,-77.07,28.94
33.73,-77.05,28.74
33.73,-77.03,28.85
33.73,-77.01,29.0
33.73,-76.99,29.24
33.73,-76.97,29.4
33.73,-76.95,29.53
33.73,-76.93,29.69
33.73,-76.91,29.64
33.73,-76.89,29.72
33.73,-76.87,29.88
33.73,-76.85,29.99
33.73,-76.83,30.0
33.73,-76.81,30.03
33.73,-76.79,30.06
33.73,-76.77,30.22
33.73,-76.75,30.22
33.73,-76.73,30.26
33.73,-76.71,30.31
33.73,-76.69,30.3
33.73,-76.67,30.28
33.73,-76.65,30.16
33.73,-76.63,30.15
33.73,-76.61,30.07
33.73,-76.59,30.07
33.73,-76.57,30.16
33.73,-76.55,30.08
33.73,-76.53,30.09
33.73,-76.51,30.08
33.73,-76.49,30.11
33.73,-76.47,30.04
33.73,-76.45,29.79
33.73,-76.43,29.68
33.73,-76.41,29.63
33.73,-76.39,29.59
33.73,-76.37,29.65
33.73,-76.35,29.71
33.73,-76.33,29.65
33.73,-76.31,29.56
33.73,-76.29,29.59
33.73,-76.27,29.59
33.73,-76.25,29.61
33.73,-76.23,29.71
33.73,-76.21,29.52
33.73,-76.19,29.51
33.73,-76.17,29.57
33.73,-75.87,30.22
33.73,-75.85,30.23
33.73,-75.83,30.25
33.73,-75.81,30.29
33.73,-75.79,30.31
33.73,-75.77,30.34
33.73,-75.75,30.25
33.73,-75.73,30.24
33.73,-75.71,30.22
33.73,-75.69,30.09
33.73,-75.67,30.05
33.73,-75.65,29.93
33.73,-75.63,29.86
33.73,-75.61,29.9
33.73,-75.59,29.85
33.73,-75.57,29.75
33.73,-75.55,29.77
33.73,-75.53,29.97
33.73,-75.51,30.05
33.73,-75.49,30.05
33.73,-75.47,30.04
33.73,-75.45,29.96
33.73,-75.43,29.95
33.73,-75.41,29.99
33.73,-75.39,29.95
33.73,-75.37,29.91
33.73,-75.35,29.82
33.73,-75.33,29.8
33.73,-75.31,29.85
33.73,-75.29,29.89
33.73,-75.27,29.75
33.73,-75.25,29.79
33.73,-75.23,29.83
33.73,-75.21,29.81
33.73,-75.19,29.86
33.73,-75.17,29.91
33.73,-75.15,29.86
33.73,-75.13,29.88
33.73,-75.11,29.91
33.73,-75.09,29.8
33.73,-75.07,29.69
33.73,-75.05,29.91
33.73,-75.03,29.87
33.73,-75.01,29.89
33.73,-74.99,29.88
33.73,-74.97,30.13
33.73,-74.95,30.17
33.73,-74.65,28.91
33.73,-74.63,29.24
33.73,-74.61,29.52
33.73,-74.59,29.74
33.73,-74.57,29.76
33.73,-74.55,29.01
33.71,-78.85,29.06
33.71,-78.77,28.73
33.71,-78.75,28.74
33.71,-78.73,28.62
33.71,-78.71,28.62
33.71,-78.69,28.7
33.71,-78.67,28.75
33.71,-78.65,28.73
33.71,-78.63,28.51
33.71,-78.61,28.52
33.71,-78.59,28.57
33.71,-78.57,28.61
33.71,-78.55,28.68
33.71,-78.53,28.6
33.71,-78.51,28.54
33.71,-78.49,28.57
33.71,-78.47,28.52
33.71,-78.45,28.46
33.71,-78.43,28.49
33.71,-78.41,28.56
33.71,-78.39,28.59
33.71,-78.37,28.55
33.71,-78.35,28.55
33.71,-78.33,28.53
33.71,-78.31,28.52
33.71,-78.29,28.63
33.71,-78.27,28.61
33.71,-78.25,28.67
33.71,-78.23,28.66
33.71,-78.21,28.63
33.71,-78.19,28.63
33.71,-78.17,28.65
33.71,-78.15,28.66
33.71,-78.13,28.65
33.71,-78.11,28.67
33.71,-78.09,28.72
33.71,-78.07,28.86
33.71,-78.05,28.88
33.71,-78.03,28.88
33.71,-78.01,28.81
33.71,-77.99,28.57
33.71,-77.97,28.55
33.71,-77.95,28.87
33.71,-77.93,28.91
33.71,-77.91,29.02
33.71,-77.89,29.05
33.71,-77.81,29.0
33.71,-77.79,28.98
33.71,-77.77,28.84
33.71,-77.75,28.35
33.71,-77.73,28.18
33.71,-77.71,28.02
33.71,-77.69,27.92
33.71,-77.67,27.95
33.71,-77.65,27.87
33.71,-77.63,27.84
33.71,-77.61,27.85
33.71,-77.59,27.91
33.71,-77.57,27.92
33.71,-77.55,27.91
33.71,-77.53,27.75
33.71,-77.51,27.72
33.71,-77.49,27.67
33.71,-77.47,27.68
33.71,-77.45,27.68
33.71,-77.43,27.56
33.71,-77.41,27.51
33.71,-77.39,27.43
33.71,-77.37,27.4
33.71,-77.35,27.53
33.71,-77.33,27.99
33.71,-77.31,28.14
33.71,-77.29,28.4
33.71,-77.27,28.45
33.71,-77.25,28.59
33.71,-77.23,28.83
33.71,-77.21,28.9
33.71,-77.19,29.1
33.71,-77.17,29.18
33.71,-77.15,29.31
33.71,-77.13,29.35
33.71,-77.11,29.28
33.71,-77.09,29.18
33.71,-77.07,29.12
33.71,-77.05,29.27
33.71,-77.03,29.59
33.71,-77.01,29.65
33.71,-76.99,29.63
33.71,-76.97,29.67
33.71,-76.95,29.65
33.71,-76.93,29.74
33.71,-76.91,29.8
33.71,-76.89,29.85
33.71,-76.87,29.94
33.71,-76.85,29.97
33.71,-76.83,30.02
33.71,-76.81,30.04
33.71,-76.79,30.18
33.71,-76.77,30.2
33.71,-76.75,30.22
33.71,-76.73,30.28
33.71,-76.71,30.26
33.71,-76.69,30.26
33.71,-76.67,30.19
33.71,-76.65,30.09
33.71,-76.63,30.09
33.71,-76.61,30.12
33.71,-76.59,30.13
33.71,-76.57,30.1
33.71,-76.55,30.11
33.71,-76.53,30.13
33.71,-76.51,30.04
33.71,-76.49,30.01
33.71,-76.47,29.88
33.71,-76.45,29.65
33.71,-76.43,29.62
33.71,-76.41,29.59
33.71,-76.39,29.64
33.71,-76.37,29.83
33.71,-76.35,29.82
33.71,-76.33,29.74
33.71,-76.27,29.49
33.71,-76.25,29.48
33.71,-76.23,29.46
33.71,-76.21,29.45
33.71,-75.83,30.3
33.71,-75.81,30.32
33.71,-75.79,30.35
33.71,-75.77,30.34
33.71,-75.75,30.2
33.71,-75.73,30.18
33.71,-75.71,30.09
33.71,-75.69,30.09
33.71,-75.67,30.05
33.71,-75.65,29.98
33.71,-75.63,29.87
33.71,-75.61,29.92
33.71,-75.59,29.86
33.71,-75.57,29.82
33.71,-75.55,29.82
33.71,-75.53,30.12
33.71,-75.51,30.13
33.71,-75.49,30.07
33.71,-75.47,29.99
33.71,-75.45,29.95
33.71,-75.43,29.92
33.71,-75.41,29.92
33.71,-75.39,29.88
33.71,-75.37,29.89
33.71,-75.35,29.87
33.71,-75.33,29.78
33.71,-75.31,29.79
33.71,-75.29,29.85
33.71,-75.27,29.75
33.71,-75.25,29.83
33.71,-75.23,29.81
33.71,-75.21,29.9
33.71,-75.19,29.88
33.71,-75.17,29.93
33.71,-75.15,29.9
33.71,-75.13,29.96
33.71,-75.11,29.96
33.71,-75.09,29.8
33.71,-75.07,29.72
33.71,-75.05,29.77
33.71,-75.03,29.85
33.71,-75.01,29.85
33.71,-74.99,29.79
33.71,-74.65,29.25
33.71,-74.63,29.34
33.71,-74.61,29.54
