lat,lon,sst
38.99,-75.25,24.41
38.99,-75.23,24.38
38.99,-75.21,24.41
38.99,-75.19,24.43
38.99,-75.17,24.15
38.99,-75.15,23.68
38.99,-75.13,23.53
38.99,-75.11,23.63
38.99,-75.09,23.73
38.99,-75.07,23.72
38.99,-75.05,23.82
38.99,-75.03,23.82
38.99,-75.01,23.71
38.99,-74.99,23.77
38.99,-74.79,22.53
38.99,-74.75,22.49
38.99,-74.73,22.52
38.99,-74.71,22.58
38.99,-74.69,22.49
38.99,-74.67,22.39
38.99,-74.65,22.41
38.99,-74.63,22.42
38.99,-74.61,22.86
38.99,-74.59,22.9
38.99,-74.57,22.84
38.99,-74.55,22.82
38.99,-74.53,22.83
38.99,-74.51,22.83
38.99,-74.49,22.87
38.99,-74.47,23.12
38.99,-74.45,23.09
38.99,-74.43,23.01
38.99,-74.41,22.93
38.99,-74.39,22.96
38.99,-74.37,23.26
38.99,-74.35,23.37
38.99,-74.33,23.45
38.99,-74.31,23.43
38.99,-74.29,23.43
38.99,-74.27,23.43
38.99,-74.25,23.46
38.99,-74.23,23.44
38.99,-74.21,23.53
38.99,-74.19,23.56
38.99,-74.17,23.63
38.99,-74.15,23.67
38.99,-74.13,23.67
38.99,-74.11,23.68
38.99,-74.09,23.63
38.99,-74.07,23.66
38.99,-74.05,23.77
38.99,-74.03,23.8
38.99,-74.01,24.01
38.99,-73.99,24.02
38.99,-73.97,24.03
38.99,-73.95,23.98
38.99,-73.93,24.04
38.99,-73.91,24.06
38.99,-73.89,24.08
38.99,-73.87,24.06
38.99,-73.85,23.89
38.99,-73.83,23.76
38.99,-73.81,23.71
38.99,-73.79,23.67
38.99,-73.77,23.71
38.99,-73.75,23.72
38.99,-73.73,23.77
38.99,-73.71,23.84
38.99,-73.69,23.84
38.99,-73.67,23.77
38.99,-73.65,23.81
38.99,-73.63,23.78
38.99,-73.61,23.64
38.99,-73.59,23.6
38.99,-73.57,23.59
38.99,-73.55,23.58
38.99,-73.53,23.48
38.99,-73.51,23.46
38.99,-73.49,23.45
38.99,-73.47,23.46
38.99,-73.41,23.5
38.99,-73.39,23.49
38.99,-73.37,23.51
38.99,-72.53,23.7
38.99,-72.49,23.58
38.99,-72.45,23.51
38.99,-72.43,23.57
38.99,-72.41,23.53
38.99,-72.39,23.47
38.99,-72.37,23.54
38.99,-72.27,23.66
38.99,-72.25,23.58
38.99,-72.23,23.46
38.99,-72.21,23.5
38.97,-75.23,24.4
38.97,-75.21,24.37
38.97,-75.19,24.37
38.97,-75.17,24.37
38.97,-75.15,23.84
38.97,-75.13,23.45
38.97,-75.11,23.38
38.97,-75.09,23.3
38.97,-75.07,23.38
38.97,-75.05,23.59
38.97,-75.03,23.59
38.97,-75.01,23.47
38.97,-74.99,23.5
38.97,-74.83,22.68
38.97,-74.81,22.64
38.97,-74.79,22.49
38.97,-74.77,22.46
38.97,-74.75,22.53
38.97,-74.73,22.56
38.97,-74.71,22.5
38.97,-74.69,22.39
38.97,-74.67,22.3
38.97,-74.63,22.49
38.97,-74.61,22.66
38.97,-74.59,22.89
38.97,-74.57,22.87
38.97,-74.55,22.83
38.97,-74.53,22.79
38.97,-74.51,22.82
38.97,-74.49,22.9
38.97,-74.47,22.92
38.97,-74.45,22.83
38.97,-74.43,22.84
38.97,-74.41,22.87
38.97,-74.39,22.92
38.97,-74.37,23.17
38.97,-74.35,23.34
38.97,-74.33,23.37
38.97,-74.31,23.38
38.97,-74.29,23.54
38.97,-74.27,23.62
38.97,-74.25,23.52
38.97,-74.23,23.44
38.97,-74.21,23.55
38.97,-74.19,23.6
38.97,-74.17,23.62
38.97,-74.15,23.66
38.97,-74.13,23.7
38.97,-74.11,23.65
38.97,-74.09,23.64
38.97,-74.07,23.73
38.97,-74.05,23.83
38.97,-74.03,23.9
38.97,-74.01,24.01
38.97,-73.99,24.04
38.97,-73.97,24.02
38.97,-73.95,24.04
38.97,-73.93,24.11
38.97,-73.91,24.11
38.97,-73.89,24.09
38.97,-73.87,23.95
38.97,-73.85,23.85
38.97,-73.83,23.81
38.97,-73.81,23.8
38.97,-73.79,23.7
38.97,-73.77,23.7
38.97,-73.75,23.75
38.97,-73.73,23.83
38.97,-73.71,23.85
38.97,-73.69,23.79
38.97,-73.67,23.8
38.97,-73.65,23.85
38.97,-73.63,23.79
38.97,-73.61,23.72
38.97,-73.59,23.69
38.97,-73.57,23.65
38.97,-73.55,23.57
38.97,-73.53,23.5
38.97,-73.51,23.51
38.97,-73.49,23.54
38.97,-73.47,23.52
38.97,-73.45,23.51
38.97,-73.43,23.55
38.97,-73.41,23.52
38.97,-72.49,23.67
38.97,-72.47,23.6
38.97,-72.45,23.57
38.97,-72.43,23.6
38.97,-72.41,23.54
38.97,-72.39,23.5
38.97,-72.37,23.57
38.97,-72.29,23.51
38.97,-72.27,23.59
38.97,-72.25,23.56
38.97,-72.23,23.48
38.97,-72.21,23.39
38.95,-75.21,24.37
38.95,-75.19,24.35
38.95,-75.17,23.97
38.95,-75.15,23.72
38.95,-75.13,23.49
38.95,-75.11,23.3
38.95,-75.09,23.28
38.95,-75.07,23.26
38.95,-75.05,23.33
38.95,-75.03,23.39
38.95,-75.01,23.32
38.95,-74.99,23.33
38.95,-74.85,22.57
38.95,-74.83,22.58
38.95,-74.81,22.52
38.95,-74.79,22.38
38.95,-74.77,22.39
38.95,-74.75,22.46
38.95,-74.73,22.45
38.95,-74.71,22.37
38.95,-74.69,22.31
38.95,-74.65,22.3
38.95,-74.63,22.41
38.95,-74.61,22.56
38.95,-74.59,22.88
38.95,-74.57,22.97
38.95,-74.55,22.95
38.95,-74.53,22.91
38.95,-74.47,22.86
38.95,-74.45,22.72
38.95,-74.43,22.81
38.95,-74.41,22.86
38.95,-74.39,22.91
38.95,-74.37,22.94
38.95,-74.35,23.14
38.95,-74.33,23.3
38.95,-74.31,23.31
38.95,-74.29,23.61
38.95,-74.27,23.61
38.95,-74.25,23.59
38.95,-74.23,23.51
38.95,-74.21,23.56
38.95,-74.19,23.72
38.95,-74.17,23.68
38.95,-74.15,23.6
38.95,-74.13,23.64
38.95,-74.11,23.66
38.95,-74.09,23.71
38.95,-74.07,23.83
38.95,-74.05,23.88
38.95,-74.03,23.93
38.95,-74.01,23.99
38.95,-73.99,24.0
38.95,-73.97,24.05
38.95,-73.95,24.1
38.95,-73.93,24.13
38.95,-73.91,24.07
38.95,-73.89,24.04
38.95,-73.87,23.96
38.95,-73.85,23.86
38.95,-73.83,23.84
38.95,-73.81,23.81
38.95,-73.79,23.79
38.95,-73.77,23.72
38.95,-73.75,23.82
38.95,-73.73,23.81
38.95,-73.71,23.79
38.95,-73.69,23.84
38.95,-73.67,23.87
38.95,-73.65,23.83
38.95,-73.63,23.8
38.95,-73.61,23.77
38.95,-73.59,23.7
38.95,-73.57,23.63
38.95,-73.55,23.6
38.95,-73.53,23.54
38.95,-73.51,23.59
38.95,-73.49,23.61
38.95,-73.47,23.56
38.95,-73.45,23.55
38.95,-73.43,23.58
38.95,-73.41,23.57
38.95,-72.49,23.78
38.95,-72.47,23.51
38.95,-72.45,23.6
38.95,-72.43,23.61
38.95,-72.41,23.58
38.95,-72.39,23.63
38.95,-72.37,23.65
38.95,-72.35,23.6
38.95,-72.33,23.48
38.95,-72.27,23.39
38.95,-72.25,23.39
38.95,-72.23,23.41
38.93,-75.15,23.69
38.93,-75.13,23.39
38.93,-75.11,23.3
38.93,-75.09,23.17
38.93,-75.07,23.09
38.93,-75.05,23.16
38.93,-75.03,23.09
38.93,-75.01,22.96
38.93,-74.99,22.98
38.93,-74.95,23.11
38.93,-74.91,22.82
38.93,-74.89,22.78
38.93,-74.87,22.7
38.93,-74.85,22.71
38.93,-74.83,22.59
38.93,-74.81,22.44
38.93,-74.79,22.38
38.93,-74.77,22.39
38.93,-74.75,22.32
38.93,-74.71,22.05
38.93,-74.69,22.0
38.93,-74.67,22.07
38.93,-74.65,22.34
38.93,-74.63,22.83
38.93,-74.61,22.88
38.93,-74.59,22.89
38.93,-74.57,22.89
38.93,-74.55,22.89
38.93,-74.53,22.91
38.93,-74.51,22.84
38.93,-74.49,22.79
38.93,-74.47,22.76
38.93,-74.45,22.78
38.93,-74.43,22.84
38.93,-74.41,22.91
38.93,-74.39,22.88
38.93,-74.37,22.9
38.93,-74.35,23.05
38.93,-74.33,23.29
38.93,-74.31,23.35
38.93,-74.29,23.47
38.93,-74.27,23.5
38.93,-74.25,23.48
38.93,-74.23,23.53
38.93,-74.21,23.56
38.93,-74.19,23.59
38.93,-74.17,23.51
38.93,-74.15,23.5
38.93,-74.13,23.55
38.93,-74.11,23.68
38.93,-74.09,23.8
38.93,-74.07,23.89
38.93,-74.05,23.94
38.93,-74.03,23.92
38.93,-74.01,23.92
38.93,-73.99,24.0
38.93,-73.97,24.05
38.93,-73.95,24.03
38.93,-73.93,24.05
38.93,-73.91,24.02
38.93,-73.89,23.96
38.93,-73.87,23.87
38.93,-73.85,23.84
38.93,-73.83,23.83
38.93,-73.81,23.79
38.93,-73.79,23.88
38.93,-73.77,23.88
38.93,-73.75,23.85
38.93,-73.73,23.79
38.93,-73.71,23.79
38.93,-73.69,23.84
38.93,-73.67,23.92
38.93,-73.65,23.9
38.93,-73.63,23.87
38.93,-73.61,23.82
38.93,-73.59,23.66
38.93,-73.57,23.64
38.93,-73.55,23.64
38.93,-73.53,23.61
38.93,-73.51,23.61
38.93,-73.49,23.63
38.93,-73.47,23.57
38.93,-73.45,23.57
38.93,-72.49,23.56
38.93,-72.47,23.48
38.93,-72.45,23.56
38.93,-72.43,23.57
38.93,-72.41,23.57
38.93,-72.39,23.57
38.93,-72.37,23.58
38.93,-72.35,23.48
38.93,-72.33,23.48
38.93,-72.31,23.53
38.91,-75.15,23.39
38.91,-75.13,23.35
38.91,-75.11,23.18
38.91,-75.09,23.1
38.91,-75.07,23.04
38.91,-75.05,23.01
38.91,-75.03,22.81
38.91,-75.01,22.82
38.91,-74.99,22.93
38.91,-74.97,23.04
38.91,-74.95,23.06
38.91,-74.93,22.87
38.91,-74.91,22.81
38.91,-74.89,22.78
38.91,-74.87,22.66
38.91,-74.85,22.7
38.91,-74.83,22.69
38.91,-74.81,22.37
38.91,-74.79,22.28
38.91,-74.77,22.19
38.91,-74.75,22.15
38.91,-74.73,22.12
38.91,-74.71,22.09
38.91,-74.69,22.12
38.91,-74.67,22.34
38.91,-74.65,22.47
38.91,-74.63,22.86
38.91,-74.61,23.02
38.91,-74.59,23.06
38.91,-74.57,23.03
38.91,-74.55,22.96
38.91,-74.53,23.0
38.91,-74.51,23.01
38.91,-74.49,22.88
38.91,-74.47,22.89
38.91,-74.45,22.94
38.91,-74.43,22.9
38.91,-74.41,22.83
38.91,-74.39,22.92
38.91,-74.37,22.92
38.91,-74.35,23.06
38.91,-74.33,23.25
38.91,-74.31,23.42
38.91,-74.29,23.54
38.91,-74.27,23.49
38.91,-74.25,23.42
38.91,-74.23,23.47
38.91,-74.21,23.49
38.91,-74.19,23.54
38.91,-74.17,23.54
38.91,-74.15,23.62
38.91,-74.13,23.63
38.91,-74.11,23.71
38.91,-74.09,23.89
38.91,-74.07,23.97
38.91,-74.05,23.97
38.91,-74.03,23.92
38.91,-74.01,23.95
38.91,-73.99,24.02
38.91,-73.97,24.04
38.91,-73.95,24.03
38.91,-73.93,24.0
38.91,-73.91,23.96
38.91,-73.89,23.89
38.91,-73.87,23.85
38.91,-73.85,23.81
38.91,-73.83,23.81
38.91,-73.81,23.89
38.91,-73.79,23.93
38.91,-73.77,23.9
38.91,-73.75,23.87
38.91,-73.73,23.85
38.91,-73.71,23.84
38.91,-73.69,23.88
38.91,-73.67,23.94
38.91,-73.65,23.92
38.91,-73.63,23.88
38.91,-73.61,23.83
38.91,-73.59,23.7
38.91,-73.57,23.66
38.91,-73.55,23.73
38.91,-73.53,23.69
38.91,-73.51,23.64
38.91,-73.49,23.63
38.91,-73.47,23.57
38.91,-72.51,23.79
38.91,-72.49,23.65
38.91,-72.47,23.46
38.91,-72.45,23.49
38.91,-72.43,23.51
38.91,-72.41,23.49
38.91,-72.39,23.51
38.91,-72.37,23.54
38.91,-72.35,23.51
38.91,-72.33,23.56
38.91,-72.31,23.57
38.89,-75.11,23.09
38.89,-75.09,22.95
38.89,-75.07,22.89
38.89,-75.05,22.85
38.89,-75.03,22.79
38.89,-75.01,22.75
38.89,-74.99,22.8
38.89,-74.97,22.86
38.89,-74.95,22.83
38.89,-74.93,22.78
38.89,-74.91,22.68
38.89,-74.85,22.34
38.89,-74.83,22.31
38.89,-74.81,22.25
38.89,-74.79,22.1
38.89,-74.77,22.06
38.89,-74.75,21.98
38.89,-74.73,22.05
38.89,-74.71,22.15
38.89,-74.69,22.23
38.89,-74.67,22.6
38.89,-74.65,22.85
38.89,-74.63,22.93
38.89,-74.61,23.0
38.89,-74.59,23.06
38.89,-74.57,23.12
38.89,-74.55,23.11
38.89,-74.53,23.14
38.89,-74.51,23.21
38.89,-74.49,23.14
38.89,-74.47,23.09
38.89,-74.45,23.12
38.89,-74.43,23.09
38.89,-74.41,22.97
38.89,-74.39,22.98
38.89,-74.37,22.95
38.89,-74.35,23.05
38.89,-74.33,23.25
38.89,-74.31,23.38
38.89,-74.29,23.43
38.89,-74.27,23.48
38.89,-74.25,23.42
38.89,-74.23,23.43
38.89,-74.21,23.44
38.89,-74.19,23.49
38.89,-74.17,23.58
38.89,-74.15,23.58
38.89,-74.13,23.65
38.89,-74.11,23.72
38.89,-74.09,23.85
38.89,-74.07,23.89
38.89,-74.05,23.89
38.89,-74.03,23.92
38.89,-74.01,23.93
38.89,-73.99,23.93
38.89,-73.97,23.97
38.89,-73.95,23.99
38.89,-73.93,23.95
38.89,-73.91,23.89
38.89,-73.89,23.84
38.89,-73.87,23.83
38.89,-73.85,23.81
38.89,-73.83,23.84
38.89,-73.81,23.87
38.89,-73.79,23.88
38.89,-73.77,23.91
38.89,-73.75,23.9
38.89,-73.73,23.87
38.89,-73.71,23.88
38.89,-73.69,23.92
38.89,-73.67,23.93
38.89,-73.65,23.88
38.89,-73.63,23.82
38.89,-73.61,23.75
38.89,-73.59,23.72
38.89,-73.57,23.68
38.89,-73.55,23.68
38.89,-73.53,23.65
38.89,-73.51,23.64
38.89,-73.49,23.61
38.89,-72.51,23.79
38.89,-72.49,23.65
38.89,-72.47,23.57
38.89,-72.45,23.54
38.89,-72.43,23.48
38.89,-72.41,23.44
38.89,-72.39,23.45
38.89,-72.37,23.48
38.89,-72.35,23.54
38.89,-72.33,23.6
38.87,-75.09,22.7
38.87,-75.07,22.73
38.87,-75.05,22.85
38.87,-75.03,22.75
38.87,-75.01,22.65
38.87,-74.99,22.69
38.87,-74.97,22.8
38.87,-74.95,22.8
38.87,-74.93,22.72
38.87,-74.91,22.47
38.87,-74.89,22.08
38.87,-74.87,22.0
38.87,-74.85,21.88
38.87,-74.83,22.15
38.87,-74.81,21.85
38.87,-74.79,21.82
38.87,-74.77,21.7
38.87,-74.75,21.92
38.87,-74.73,22.14
38.87,-74.71,22.51
38.87,-74.69,22.64
38.87,-74.67,22.82
38.87,-74.65,22.98
38.87,-74.63,23.01
38.87,-74.61,23.0
38.87,-74.59,23.17
38.87,-74.57,23.26
38.87,-74.55,23.35
38.87,-74.53,23.46
38.87,-74.51,23.48
38.87,-74.49,23.41
38.87,-74.47,23.19
38.87,-74.45,23.3
38.87,-74.43,23.26
38.87,-74.41,23.24
38.87,-74.39,23.15
38.87,-74.37,23.11
38.87,-74.35,23.12
38.87,-74.33,23.29
38.87,-74.31,23.35
38.87,-74.29,23.36
38.87,-74.27,23.28
38.87,-74.25,23.26
38.87,-74.23,23.31
38.87,-74.21,23.38
38.87,-74.19,23.4
38.87,-74.17,23.51
38.87,-74.15,23.52
38.87,-74.13,23.51
38.87,-74.11,23.64
38.87,-74.09,23.9
38.87,-74.07,23.88
38.87,-74.05,23.92
38.87,-74.03,23.94
38.87,-74.01,23.91
38.87,-73.99,23.88
38.87,-73.97,23.92
38.87,-73.95,23.89
38.87,-73.93,23.86
38.87,-73.91,23.87
38.87,-73.89,23.83
38.87,-73.87,23.84
38.87,-73.85,23.86
38.87,-73.83,23.83
38.87,-73.81,23.87
38.87,-73.79,23.9
38.87,-73.77,23.91
38.87,-73.75,23.87
38.87,-73.73,23.88
38.87,-73.71,23.93
38.87,-73.69,23.93
38.87,-73.67,23.86
38.87,-73.65,23.83
38.87,-73.63,23.75
38.87,-73.61,23.73
38.87,-73.57,23.7
38.87,-72.51,23.79
38.87,-72.49,23.74
38.87,-72.47,23.63
38.87,-72.45,23.54
38.87,-72.43,23.48
38.87,-72.41,23.44
38.87,-72.39,23.47
38.87,-72.37,23.49
38.87,-72.35,23.52
38.87,-72.33,23.52
38.85,-75.07,22.77
38.85,-75.05,22.72
38.85,-75.03,22.63
38.85,-75.01,22.64
38.85,-74.99,22.65
38.85,-74.97,22.6
38.85,-74.95,22.52
38.85,-74.93,22.41
38.85,-74.91,22.17
38.85,-74.89,21.95
38.85,-74.87,21.83
38.85,-74.85,21.7
38.85,-74.83,21.63
38.85,-74.81,21.6
38.85,-74.79,21.58
38.85,-74.77,21.61
38.85,-74.75,21.87
38.85,-74.73,22.03
38.85,-74.71,22.64
38.85,-74.69,22.69
38.85,-74.67,22.89
38.85,-74.65,23.06
38.85,-74.63,23.14
38.85,-74.61,23.22
38.85,-74.59,23.25
38.85,-74.57,23.32
38.85,-74.55,23.41
38.85,-74.53,23.51
38.85,-74.51,23.47
38.85,-74.49,23.4
38.85,-74.47,23.38
38.85,-74.45,23.45
38.85,-74.43,23.32
38.85,-74.41,23.3
38.85,-74.39,23.24
38.85,-74.37,23.2
38.85,-74.35,23.21
38.85,-74.33,23.27
38.85,-74.31,23.31
38.85,-74.29,23.31
38.85,-74.27,23.25
38.85,-74.25,23.24
38.85,-74.23,23.35
38.85,-74.21,23.41
38.85,-74.19,23.43
38.85,-74.17,23.43
38.85,-74.15,23.47
38.85,-74.13,23.48
38.85,-74.11,23.51
38.85,-74.09,23.72
38.85,-74.07,23.85
38.85,-74.05,23.94
38.85,-74.03,23.89
38.85,-74.01,23.87
38.85,-73.99,23.87
38.85,-73.97,23.84
38.85,-73.95,23.82
38.85,-73.93,23.84
38.85,-73.91,23.85
38.85,-73.89,23.81
38.85,-73.87,23.84
38.85,-73.85,23.92
38.85,-73.83,23.86
38.85,-73.81,23.88
38.85,-73.79,23.93
38.85,-73.77,23.88
38.85,-73.75,23.82
38.85,-73.73,23.85
38.85,-73.71,23.86
38.85,-73.69,23.82
38.85,-73.67,23.79
38.85,-73.65,23.75
38.85,-73.63,23.7
38.85,-73.49,23.65
38.85,-73.47,23.64
38.85,-72.49,23.56
38.85,-72.47,23.57
38.85,-72.45,23.62
38.85,-72.43,23.49
38.85,-72.41,23.43
38.85,-72.39,23.47
38.85,-72.37,23.51
38.85,-72.35,23.53
38.83,-75.09,22.98
38.83,-75.07,22.74
38.83,-75.05,22.62
38.83,-75.03,22.41
38.83,-75.01,22.47
38.83,-74.99,22.49
38.83,-74.97,22.44
38.83,-74.95,22.38
38.83,-74.89,21.85
38.83,-74.87,21.5
38.83,-74.85,21.48
38.83,-74.83,21.38
38.83,-74.81,21.36
38.83,-74.79,21.74
38.83,-74.77,22.02
38.83,-74.75,22.08
38.83,-74.73,22.3
38.83,-74.71,22.77
38.83,-74.69,22.88
38.83,-74.67,23.0
38.83,-74.65,23.12
38.83,-74.63,23.17
38.83,-74.61,23.31
38.83,-74.59,23.4
38.83,-74.57,23.49
38.83,-74.55,23.61
38.83,-74.53,23.59
38.83,-74.51,23.54
38.83,-74.49,23.45
38.83,-74.47,23.45
38.83,-74.45,23.46
38.83,-74.43,23.48
38.83,-74.41,23.41
38.83,-74.39,23.34
38.83,-74.37,23.33
38.83,-74.35,23.34
38.83,-74.33,23.31
38.83,-74.31,23.19
38.83,-74.29,23.2
38.83,-74.27,23.22
38.83,-74.25,23.24
38.83,-74.23,23.37
38.83,-74.21,23.43
38.83,-74.19,23.43
38.83,-74.17,23.45
38.83,-74.15,23.46
38.83,-74.13,23.43
38.83,-74.11,23.46
38.83,-74.09,23.76
38.83,-74.07,23.96
38.83,-74.05,23.96
38.83,-74.03,23.9
38.83,-74.01,23.88
38.83,-73.99,23.86
38.83,-73.97,23.81
38.83,-73.95,23.81
38.83,-73.93,23.81
38.83,-73.91,23.85
38.83,-73.89,23.83
38.83,-73.87,23.86
38.83,-73.85,23.86
38.83,-73.83,23.85
38.83,-73.81,23.87
38.83,-73.79,23.88
38.83,-73.77,23.86
38.83,-73.75,23.88
38.83,-73.73,23.85
38.83,-73.71,23.79
38.83,-73.69,23.78
38.83,-73.67,23.75
38.83,-73.49,23.66
38.83,-72.49,23.6
38.83,-72.47,23.55
38.83,-72.45,23.65
38.83,-72.43,23.67
38.83,-72.41,23.61
38.83,-72.39,23.54
38.83,-72.37,23.56
38.83,-72.35,23.64
38.81,-75.09,23.0
38.81,-75.07,22.95
38.81,-75.05,22.43
38.81,-75.03,22.37
38.81,-75.01,22.31
38.81,-74.99,22.3
38.81,-74.87,21.26
38.81,-74.85,21.22
38.81,-74.83,21.22
38.81,-74.81,21.4
38.81,-74.79,21.8
38.81,-74.77,21.9
38.81,-74.75,22.35
38.81,-74.73,22.45
38.81,-74.71,22.7
38.81,-74.69,22.8
38.81,-74.67,22.95
38.81,-74.65,23.02
38.81,-74.63,23.15
38.81,-74.61,23.29
38.81,-74.59,23.45
38.81,-74.57,23.54
38.81,-74.55,23.64
38.81,-74.53,23.56
38.81,-74.51,23.56
38.81,-74.49,23.58
38.81,-74.47,23.57
38.81,-74.45,23.49
38.81,-74.43,23.48
38.81,-74.41,23.42
38.81,-74.39,23.4
38.81,-74.37,23.47
38.81,-74.35,23.52
38.81,-74.33,23.29
38.81,-74.31,23.17
38.81,-74.29,23.15
38.81,-74.27,23.27
38.81,-74.25,23.38
38.81,-74.23,23.41
38.81,-74.21,23.4
38.81,-74.19,23.41
38.81,-74.17,23.41
38.81,-74.15,23.43
38.81,-74.13,23.37
38.81,-74.11,23.33
38.81,-74.09,23.98
38.81,-74.07,24.02
38.81,-74.05,23.94
38.81,-74.03,23.91
38.81,-74.01,23.91
38.81,-73.99,23.9
38.81,-73.97,23.86
38.81,-73.95,23.83
38.81,-73.93,23.83
38.81,-73.91,23.85
38.81,-73.89,23.86
38.81,-73.87,23.87
38.81,-73.85,23.86
38.81,-73.83,23.85
38.81,-73.81,23.84
38.81,-73.79,23.86
38.81,-73.77,23.85
38.81,-73.75,23.85
38.81,-73.73,23.8
38.81,-73.71,23.78
38.81,-73.69,23.76
38.81,-72.47,23.61
38.81,-72.45,23.65
38.81,-72.43,23.81
38.81,-72.41,23.76
38.81,-72.37,23.73
38.81,-72.35,23.64
38.81,-72.33,23.58
38.81,-72.31,23.61
38.79,-75.07,22.48
38.79,-75.05,22.25
38.79,-75.03,22.22
38.79,-75.01,22.19
38.79,-74.85,21.18
38.79,-74.83,21.29
38.79,-74.81,21.66
38.79,-74.79,21.77
38.79,-74.77,21.91
38.79,-74.75,22.38
38.79,-74.73,22.55
38.79,-74.71,22.59
38.79,-74.69,22.84
38.79,-74.67,23.0
38.79,-74.65,23.04
38.79,-74.63,23.16
38.79,-74.61,23.31
38.79,-74.59,23.5
38.79,-74.57,23.54
38.79,-74.55,23.58
38.79,-74.53,23.56
38.79,-74.51,23.63
38.79,-74.49,23.7
38.79,-74.47,23.75
38.79,-74.45,23.61
38.79,-74.43,23.6
38.79,-74.41,23.6
38.79,-74.39,23.63
38.79,-74.37,23.63
38.79,-74.35,23.68
38.79,-74.33,23.63
38.79,-74.31,23.51
38.79,-74.29,23.49
38.79,-74.27,23.43
38.79,-74.25,23.44
38.79,-74.23,23.43
38.79,-74.21,23.36
38.79,-74.19,23.43
38.79,-74.17,23.44
38.79,-74.15,23.41
38.79,-74.13,23.29
38.79,-74.11,23.54
38.79,-74.09,23.97
38.79,-74.07,23.97
38.79,-74.05,23.94
38.79,-74.03,23.93
38.79,-74.01,23.95
38.79,-73.99,23.89
38.79,-73.97,23.87
38.79,-73.95,23.93
38.79,-73.93,23.91
38.79,-73.91,23.87
38.79,-73.89,23.88
38.79,-73.87,23.91
38.79,-73.85,23.87
38.79,-73.83,23.85
38.79,-73.81,23.86
38.79,-73.79,23.9
38.79,-73.77,23.87
38.79,-73.75,23.83
38.79,-73.73,23.81
38.79,-73.71,23.79
38.79,-73.69,23.74
38.79,-73.67,23.72
38.79,-72.49,24.0
38.79,-72.47,23.92
38.79,-72.45,23.92
38.79,-72.43,24.0
38.79,-72.37,23.75
38.79,-72.35,23.77
38.79,-72.33,23.72
38.79,-72.31,23.7
38.77,-75.05,22.21
38.77,-75.03,22.2
38.77,-75.01,22.11
38.77,-74.85,21.28
38.77,-74.83,21.38
38.77,-74.81,21.62
38.77,-74.79,21.82
38.77,-74.77,22.36
38.77,-74.75,22.65
38.77,-74.73,22.77
38.77,-74.71,22.79
38.77,-74.69,22.9
38.77,-74.67,22.99
38.77,-74.65,23.03
38.77,-74.63,23.34
38.77,-74.61,23.62
38.77,-74.59,23.63
38.77,-74.57,23.61
38.77,-74.55,23.56
38.77,-74.53,23.62
38.77,-74.51,23.67
38.77,-74.49,23.82
38.77,-74.47,23.88
38.77,-74.45,23.89
38.77,-74.43,23.82
38.77,-74.41,23.73
38.77,-74.39,23.73
38.77,-74.37,23.71
38.77,-74.35,23.69
38.77,-74.33,23.66
38.77,-74.31,23.65
38.77,-74.29,23.71
38.77,-74.27,23.67
38.77,-74.25,23.57
38.77,-74.23,23.42
38.77,-74.21,23.42
38.77,-74.19,23.43
38.77,-74.17,23.41
38.77,-74.15,23.38
38.77,-74.13,23.38
38.77,-74.11,23.52
38.77,-74.09,23.95
38.77,-74.07,24.06
38.77,-74.05,24.01
38.77,-74.03,23.93
38.77,-74.01,23.89
38.77,-73.99,23.9
38.77,-73.97,23.89
38.77,-73.95,23.92
38.77,-73.93,23.94
38.77,-73.91,23.93
38.77,-73.89,23.91
38.77,-73.87,23.91
38.77,-73.83,23.86
38.77,-73.81,23.88
38.77,-73.79,23.9
38.77,-73.77,23.94
38.77,-73.75,23.88
38.77,-73.73,23.83
38.77,-73.71,23.82
38.77,-73.51,23.68
38.77,-73.49,23.71
38.77,-73.47,23.72
38.77,-72.55,24.07
38.77,-72.53,24.04
38.77,-72.49,24.05
38.77,-72.47,23.97
38.77,-72.45,24.01
38.77,-72.43,24.01
38.77,-72.41,23.88
38.77,-72.39,23.99
38.77,-72.37,23.78
38.77,-72.35,23.77
38.77,-72.33,23.77
38.77,-72.31,23.7
38.75,-75.03,22.05
38.75,-75.01,22.02
38.75,-74.99,22.0
38.75,-74.85,21.63
38.75,-74.83,21.65
38.75,-74.81,21.66
38.75,-74.79,21.86
38.75,-74.77,22.6
38.75,-74.75,22.86
38.75,-74.73,22.96
38.75,-74.71,22.95
38.75,-74.69,22.95
38.75,-74.67,23.0
38.75,-74.65,23.42
38.75,-74.63,23.54
38.75,-74.61,23.62
38.75,-74.59,23.77
38.75,-74.57,23.81
38.75,-74.55,23.76
38.75,-74.53,23.73
38.75,-74.51,23.76
38.75,-74.49,23.86
38.75,-74.47,23.89
38.75,-74.45,23.93
38.75,-74.43,23.93
38.75,-74.41,23.83
38.75,-74.39,23.81
38.75,-74.37,23.81
38.75,-74.35,23.8
38.75,-74.33,23.82
38.75,-74.31,23.83
38.75,-74.29,23.83
38.75,-74.27,23.75
38.75,-74.25,23.67
38.75,-74.23,23.59
38.75,-74.21,23.49
38.75,-74.19,23.44
38.75,-74.17,23.4
38.75,-74.15,23.4
38.75,-74.13,23.41
38.75,-74.11,23.55
38.75,-74.09,23.98
38.75,-74.07,24.03
38.75,-74.05,24.04
38.75,-74.03,24.02
38.75,-74.01,23.87
38.75,-73.99,23.91
38.75,-73.97,23.8
38.75,-73.95,23.83
38.75,-73.91,23.95
38.75,-73.79,23.86
38.75,-73.77,23.9
38.75,-73.75,23.97
38.75,-73.73,23.81
38.75,-73.71,23.82
38.75,-73.53,23.7
38.75,-73.51,23.69
38.75,-73.49,23.68
38.75,-72.55,24.05
38.75,-72.53,23.93
38.75,-72.51,23.84
38.75,-72.49,23.86
38.75,-72.47,23.93
38.75,-72.45,23.93
38.75,-72.43,23.86
38.75,-72.41,23.91
38.75,-72.39,23.97
38.75,-72.37,23.9
38.75,-72.35,23.87
38.75,-72.33,23.74
38.73,-75.03,22.2
38.73,-75.01,22.27
38.73,-74.99,21.99
38.73,-74.83,21.79
38.73,-74.81,21.77
38.73,-74.79,22.34
38.73,-74.77,22.71
38.73,-74.75,22.78
38.73,-74.73,22.91
38.73,-74.71,22.91
38.73,-74.69,22.92
38.73,-74.67,23.21
38.73,-74.65,23.51
38.73,-74.63,23.57
38.73,-74.61,23.65
38.73,-74.59,23.75
38.73,-74.57,23.89
38.73,-74.55,23.93
38.73,-74.53,23.85
38.73,-74.51,23.86
38.73,-74.49,23.94
38.73,-74.47,23.96
38.73,-74.45,23.97
38.73,-74.43,23.97
38.73,-74.41,23.92
38.73,-74.39,23.91
38.73,-74.37,23.92
38.73,-74.35,23.89
38.73,-74.33,23.9
38.73,-74.31,23.86
38.73,-74.29,23.8
38.73,-74.27,23.75
38.73,-74.25,23.72
38.73,-74.23,23.66
38.73,-74.21,23.5
38.73,-74.19,23.41
38.73,-74.17,23.36
38.73,-74.15,23.4
38.73,-74.13,23.5
38.73,-74.11,23.97
38.73,-74.09,24.06
38.73,-74.07,24.04
38.73,-74.05,23.99
38.73,-74.03,23.9
38.73,-74.01,23.87
38.73,-73.99,23.87
38.73,-73.97,23.85
38.73,-73.79,23.82
38.73,-73.77,23.83
38.73,-73.55,23.71
38.73,-73.53,23.73
38.73,-73.51,23.73
38.73,-73.49,23.71
38.73,-72.57,24.1
38.73,-72.55,24.08
38.73,-72.53,23.84
38.73,-72.51,23.85
38.73,-72.49,23.85
38.73,-72.47,23.86
38.73,-72.45,23.85
38.73,-72.43,23.86
38.73,-72.41,23.88
38.73,-72.39,23.89
38.73,-72.37,23.85
38.73,-72.35,23.88
38.73,-72.33,23.66
38.73,-72.31,23.58
38.71,-75.01,22.28
38.71,-74.99,22.0
38.71,-74.97,21.91
38.71,-74.83,21.98
38.71,-74.81,22.05
38.71,-74.79,22.59
38.71,-74.77,22.76
38.71,-74.75,22.75
38.71,-74.73,22.89
38.71,-74.71,22.92
38.71,-74.69,23.01
38.71,-74.67,23.42
38.71,-74.65,23.46
38.71,-74.63,23.47
38.71,-74.61,23.66
38.71,-74.59,23.71
38.71,-74.57,23.83
38.71,-74.55,23.93
38.71,-74.53,23.95
38.71,-74.51,23.96
38.71,-74.49,23.97
38.71,-74.47,24.0
38.71,-74.45,24.03
38.71,-74.43,24.0
38.71,-74.41,23.99
38.71,-74.39,24.02
38.71,-74.37,24.02
38.71,-74.35,23.96
38.71,-74.33,23.94
38.71,-74.31,23.85
38.71,-74.29,23.75
38.71,-74.27,23.71
38.71,-74.25,23.71
38.71,-74.23,23.67
38.71,-74.21,23.44
38.71,-74.19,23.44
38.71,-74.17,23.29
38.71,-74.15,23.48
38.71,-74.13,23.94
38.71,-74.11,24.06
38.71,-74.09,24.06
38.71,-74.07,24.04
38.71,-74.05,24.01
38.71,-74.03,23.93
38.71,-74.01,23.85
38.71,-73.99,23.87
38.71,-73.81,23.91
38.71,-73.79,23.89
38.71,-73.77,23.85
38.71,-73.55,23.8
38.71,-73.53,23.75
38.71,-72.51,23.76
38.71,-72.49,23.78
38.71,-72.47,23.74
38.71,-72.45,23.75
38.71,-72.43,23.77
38.71,-72.41,23.76
38.71,-72.39,23.76
38.71,-72.37,23.75
38.71,-72.35,23.78
38.71,-72.33,23.62
38.71,-72.31,23.55
38.69,-74.99,22.12
38.69,-74.97,22.0
38.69,-74.83,22.43
38.69,-74.81,22.58
38.69,-74.79,22.63
38.69,-74.77,22.72
38.69,-74.75,22.83
38.69,-74.73,22.92
38.69,-74.71,23.0
38.69,-74.69,23.38
38.69,-74.67,23.56
38.69,-74.65,23.57
38.69,-74.63,23.65
38.69,-74.61,23.71
38.69,-74.59,23.73
38.69,-74.57,23.76
38.69,-74.55,23.85
38.69,-74.53,23.92
38.69,-74.51,23.99
38.69,-74.49,24.02
38.69,-74.47,24.02
38.69,-74.45,24.02
38.69,-74.43,24.01
38.69,-74.41,24.04
38.69,-74.39,24.07
38.69,-74.37,24.08
38.69,-74.35,24.03
38.69,-74.33,23.94
38.69,-74.31,23.85
38.69,-74.29,23.76
38.69,-74.27,23.7
38.69,-74.25,23.7
38.69,-74.23,23.61
38.69,-74.21,23.44
38.69,-74.19,23.42
38.69,-74.17,23.35
38.69,-74.15,23.46
38.69,-74.13,23.97
38.69,-74.11,23.97
38.69,-74.09,24.02
38.69,-74.07,24.05
38.69,-74.05,24.01
38.69,-74.03,23.93
38.69,-74.01,23.87
38.69,-73.81,23.89
38.69,-73.79,23.89
38.69,-73.57,23.79
38.69,-73.55,23.79
38.69,-72.53,23.55
38.69,-72.51,23.58
38.69,-72.49,23.59
38.69,-72.47,23.67
38.69,-72.45,23.7
38.69,-72.43,23.67
38.69,-72.41,23.68
38.69,-72.39,23.68
38.69,-72.37,23.61
38.69,-72.35,23.57
38.69,-72.33,23.56
38.69,-72.31,23.51
38.67,-74.99,22.12
38.67,-74.97,22.08
38.67,-74.95,22.13
38.67,-74.93,22.22
38.67,-74.91,22.26
38.67,-74.89,22.38
38.67,-74.87,22.34
38.67,-74.85,22.39
38.67,-74.83,22.53
38.67,-74.81,22.64
38.67,-74.79,22.75
38.67,-74.77,22.83
38.67,-74.75,22.89
38.67,-74.73,22.92
38.67,-74.71,23.24
38.67,-74.69,23.45
38.67,-74.67,23.58
38.67,-74.65,23.6
38.67,-74.63,23.72
38.67,-74.61,23.81
38.67,-74.59,23.77
38.67,-74.57,23.81
38.67,-74.55,23.9
38.67,-74.53,23.98
38.67,-74.51,24.0
38.67,-74.49,24.04
38.67,-74.47,24.04
38.67,-74.45,24.06
38.67,-74.43,24.07
38.67,-74.41,24.12
38.67,-74.39,24.13
38.67,-74.37,24.09
38.67,-74.35,24.03
38.67,-74.33,23.95
38.67,-74.31,23.89
38.67,-74.29,23.85
38.67,-74.27,23.84
38.67,-74.25,23.6
38.67,-74.23,23.61
38.67,-74.21,23.56
38.67,-74.19,23.43
38.67,-74.17,23.4
38.67,-74.15,23.79
38.67,-74.13,23.91
38.67,-74.11,23.93
38.67,-74.09,24.03
38.67,-74.07,24.08
38.67,-74.05,23.99
38.67,-74.03,23.92
38.67,-74.01,23.92
38.67,-73.83,23.89
38.67,-72.57,23.69
38.67,-72.53,23.45
38.67,-72.51,23.49
38.67,-72.49,23.5
38.67,-72.47,23.55
38.67,-72.45,23.58
38.67,-72.43,23.61
38.67,-72.41,23.61
38.67,-72.39,23.58
38.67,-72.37,23.49
38.67,-72.35,23.46
38.67,-72.33,23.46
38.67,-72.23,23.3
38.67,-72.21,23.31
38.65,-74.99,22.16
38.65,-74.97,22.04
38.65,-74.95,22.1
38.65,-74.93,22.13
38.65,-74.91,22.37
38.65,-74.89,22.35
38.65,-74.87,22.39
38.65,-74.85,22.49
38.65,-74.83,22.59
38.65,-74.81,22.78
38.65,-74.79,22.83
38.65,-74.77,22.8
38.65,-74.75,22.89
38.65,-74.73,22.98
38.65,-74.71,23.33
38.65,-74.69,23.36
38.65,-74.67,23.45
38.65,-74.65,23.53
38.65,-74.63,23.66
38.65,-74.61,23.78
38.65,-74.59,23.82
38.65,-74.57,23.86
38.65,-74.55,23.93
38.65,-74.53,23.98
38.65,-74.51,24.02
38.65,-74.49,24.05
38.65,-74.47,24.06
38.65,-74.45,24.1
38.65,-74.43,24.14
38.65,-74.41,24.17
38.65,-74.39,24.15
38.65,-74.37,24.06
38.65,-74.35,23.98
38.65,-74.33,23.93
38.65,-74.31,23.91
38.65,-74.29,23.87
38.65,-74.27,23.86
38.65,-74.25,23.72
38.65,-74.23,23.67
38.65,-74.21,23.64
38.65,-74.19,23.57
38.65,-74.17,23.72
38.65,-74.15,23.92
38.65,-74.13,23.9
38.65,-74.11,23.96
38.65,-74.09,24.12
38.65,-74.07,24.09
38.65,-74.05,23.99
38.65,-74.03,23.98
38.65,-74.01,23.97
38.65,-73.81,23.86
38.65,-73.79,23.84
38.65,-72.83,23.9
38.65,-72.59,23.71
38.65,-72.57,23.53
38.65,-72.55,23.41
38.65,-72.53,23.4
38.65,-72.51,23.43
38.65,-72.49,23.53
38.65,-72.47,23.5
38.65,-72.45,23.48
38.65,-72.43,23.52
38.65,-72.41,23.51
38.65,-72.39,23.49
38.65,-72.37,23.4
38.65,-72.35,23.34
38.65,-72.33,23.33
38.65,-72.27,23.33
38.65,-72.23,23.29
38.65,-72.21,23.3
38.63,-75.01,22.44
38.63,-74.99,22.33
38.63,-74.97,22.27
38.63,-74.95,22.14
38.63,-74.93,22.26
38.63,-74.91,22.3
38.63,-74.89,22.34
38.63,-74.87,22.44
38.63,-74.85,22.55
38.63,-74.83,22.69
38.63,-74.81,22.81
38.63,-74.79,22.8
38.63,-74.77,22.83
38.63,-74.75,22.92
38.63,-74.73,23.21
38.63,-74.71,23.27
38.63,-74.69,23.34
38.63,-74.67,23.36
38.63,-74.65,23.45
38.63,-74.63,23.62
38.63,-74.61,23.71
38.63,-74.59,23.78
38.63,-74.57,23.84
38.63,-74.55,23.94
38.63,-74.53,23.99
38.63,-74.51,24.04
38.63,-74.49,24.08
38.63,-74.47,24.05
38.63,-74.45,24.1
38.63,-74.43,24.19
38.63,-74.41,24.21
38.63,-74.39,24.12
38.63,-74.37,23.99
38.63,-74.35,23.9
38.63,-74.33,23.88
38.63,-74.31,23.86
38.63,-74.29,23.87
38.63,-74.27,23.85
38.63,-74.25,23.71
38.63,-74.23,23.66
38.63,-74.21,23.59
38.63,-74.19,23.82
38.63,-74.17,23.86
38.63,-74.15,23.94
38.63,-74.13,23.97
38.63,-74.11,24.1
38.63,-74.09,24.11
38.63,-74.07,24.01
38.63,-74.05,24.01
38.63,-74.03,24.01
38.63,-74.01,23.92
38.63,-73.81,23.86
38.63,-73.79,23.85
38.63,-72.85,24.02
38.63,-72.83,23.95
38.63,-72.59,23.57
38.63,-72.57,23.45
38.63,-72.55,23.42
38.63,-72.53,23.43
38.63,-72.51,23.42
38.63,-72.49,23.5
38.63,-72.47,23.5
38.63,-72.45,23.49
38.63,-72.43,23.46
38.63,-72.41,23.42
38.63,-72.39,23.36
38.63,-72.37,23.29
38.63,-72.35,23.25
38.63,-72.33,23.25
38.63,-72.29,23.34
38.63,-72.27,23.34
38.61,-75.01,22.65
38.61,-74.99,22.64
38.61,-74.97,22.45
38.61,-74.95,22.37
38.61,-74.93,22.37
38.61,-74.91,22.4
38.61,-74.89,22.51
38.61,-74.87,22.54
38.61,-74.85,22.56
38.61,-74.83,22.72
38.61,-74.81,22.8
38.61,-74.79,22.79
38.61,-74.77,22.83
38.61,-74.75,22.95
38.61,-74.73,23.07
38.61,-74.71,23.13
38.61,-74.69,23.18
38.61,-74.67,23.22
38.61,-74.65,23.37
38.61,-74.63,23.64
38.61,-74.61,23.67
38.61,-74.59,23.71
38.61,-74.57,23.79
38.61,-74.55,23.94
38.61,-74.53,24.0
38.61,-74.51,24.04
38.61,-74.49,24.01
38.61,-74.47,24.03
38.61,-74.45,24.11
38.61,-74.43,24.12
38.61,-74.41,24.06
38.61,-74.39,24.01
38.61,-74.37,23.92
38.61,-74.35,23.9
38.61,-74.33,23.84
38.61,-74.31,23.8
38.61,-74.29,23.77
38.61,-74.27,23.69
38.61,-74.25,23.64
38.61,-74.23,23.64
38.61,-74.21,23.65
38.61,-74.19,23.85
38.61,-74.17,23.99
38.61,-74.15,24.04
38.61,-74.13,24.04
38.61,-74.11,24.05
38.61,-74.09,24.01
38.61,-74.07,24.03
38.61,-74.05,24.0
38.61,-74.03,23.95
38.61,-74.01,23.87
38.61,-73.99,23.86
38.61,-73.83,23.91
38.61,-73.81,23.89
38.61,-73.15,23.57
38.61,-73.13,23.54
38.61,-73.11,23.53
38.61,-73.09,23.55
38.61,-73.07,23.57
38.61,-73.05,23.56
38.61,-72.95,23.84
38.61,-72.93,23.81
38.61,-72.91,23.81
38.61,-72.89,23.83
38.61,-72.85,23.89
38.61,-72.83,23.91
38.61,-72.61,23.67
38.61,-72.59,23.57
38.61,-72.57,23.44
38.61,-72.55,23.42
38.61,-72.53,23.41
38.61,-72.51,23.41
38.61,-72.49,23.45
38.61,-72.47,23.49
38.61,-72.45,23.41
38.61,-72.43,23.39
38.61,-72.41,23.33
38.61,-72.39,23.32
38.61,-72.37,23.27
38.61,-72.35,23.24
38.61,-72.33,23.25
38.61,-72.31,23.32
38.61,-72.29,23.36
38.59,-74.99,22.74
38.59,-74.97,22.67
38.59,-74.95,22.48
38.59,-74.93,22.5
38.59,-74.91,22.57
38.59,-74.89,22.63
38.59,-74.87,22.62
38.59,-74.85,22.64
38.59,-74.83,22.74
38.59,-74.81,22.8
38.59,-74.79,22.82
38.59,-74.77,22.9
38.59,-74.75,23.01
38.59,-74.73,23.07
38.59,-74.71,23.07
38.59,-74.69,23.04
38.59,-74.67,23.06
38.59,-74.65,23.19
38.59,-74.63,23.37
38.59,-74.61,23.46
38.59,-74.59,23.7
38.59,-74.57,23.78
38.59,-74.55,23.87
38.59,-74.53,23.99
38.59,-74.51,23.99
38.59,-74.49,24.03
38.59,-74.47,24.12
38.59,-74.45,24.15
38.59,-74.43,24.11
38.59,-74.41,24.02
38.59,-74.39,23.95
38.59,-74.37,23.95
38.59,-74.35,23.96
38.59,-74.33,23.91
38.59,-74.31,23.8
38.59,-74.29,23.75
38.59,-74.27,23.71
38.59,-74.25,23.66
38.59,-74.23,23.68
38.59,-74.21,23.82
38.59,-74.19,23.9
38.59,-74.17,24.07
38.59,-74.15,24.08
38.59,-74.13,24.05
38.59,-74.11,23.99
38.59,-74.09,23.98
38.59,-74.07,23.98
38.59,-74.05,23.96
38.59,-74.03,23.95
38.59,-73.83,23.92
38.59,-73.81,23.9
38.59,-73.17,23.56
38.59,-73.15,23.57
38.59,-73.13,23.53
38.59,-73.11,23.54
38.59,-73.09,23.55
38.59,-73.07,23.56
38.59,-73.01,23.75
38.59,-72.99,23.77
38.59,-72.97,23.85
38.59,-72.95,23.84
38.59,-72.93,23.76
38.59,-72.91,23.74
38.59,-72.89,23.68
38.59,-72.87,23.67
38.59,-72.85,23.77
38.59,-72.61,23.53
38.59,-72.59,23.49
38.59,-72.57,23.45
38.59,-72.55,23.43
38.59,-72.53,23.4
38.59,-72.51,23.4
38.59,-72.49,23.44
38.59,-72.47,23.41
38.59,-72.45,23.38
38.59,-72.43,23.37
38.59,-72.41,23.31
38.59,-72.39,23.33
38.59,-72.37,23.3
38.59,-72.35,23.26
38.59,-72.33,23.29
38.59,-72.31,23.36
38.59,-72.29,23.37
38.57,-74.97,22.67
38.57,-74.95,22.67
38.57,-74.93,22.77
38.57,-74.91,22.88
38.57,-74.89,22.85
38.57,-74.87,22.76
38.57,-74.85,22.74
38.57,-74.83,22.8
38.57,-74.81,22.81
38.57,-74.79,22.8
38.57,-74.77,22.85
38.57,-74.75,22.98
38.57,-74.73,23.0
38.57,-74.71,22.92
38.57,-74.69,22.94
38.57,-74.67,23.0
38.57,-74.65,23.07
38.57,-74.63,23.09
38.57,-74.61,23.4
38.57,-74.59,23.63
38.57,-74.57,23.71
38.57,-74.55,23.79
38.57,-74.53,23.92
38.57,-74.51,23.95
38.57,-74.49,24.02
38.57,-74.47,24.15
38.57,-74.45,24.15
38.57,-74.43,24.09
38.57,-74.41,24.05
38.57,-74.39,24.02
38.57,-74.37,24.05
38.57,-74.35,24.09
38.57,-74.33,23.97
38.57,-74.31,23.81
38.57,-74.29,23.79
38.57,-74.27,23.8
38.57,-74.25,23.78
38.57,-74.23,23.8
38.57,-74.21,23.9
38.57,-74.19,23.95
38.57,-74.17,24.04
38.57,-74.15,24.02
38.57,-74.13,24.02
38.57,-74.11,24.01
38.57,-74.09,24.0
38.57,-74.07,23.97
38.57,-74.05,23.96
38.57,-73.83,23.9
38.57,-73.17,23.6
38.57,-73.15,23.58
38.57,-73.13,23.55
38.57,-73.11,23.55
38.57,-73.09,23.54
38.57,-73.03,23.63
38.57,-73.01,23.66
38.57,-72.99,23.66
38.57,-72.95,23.64
38.57,-72.93,23.72
38.57,-72.91,23.75
38.57,-72.89,23.71
38.57,-72.65,23.63
38.57,-72.63,23.53
38.57,-72.61,23.47
38.57,-72.59,23.46
38.57,-72.57,23.44
38.57,-72.55,23.44
38.57,-72.53,23.42
38.57,-72.51,23.42
38.57,-72.49,23.42
38.57,-72.47,23.38
38.57,-72.45,23.4
38.57,-72.43,23.4
38.57,-72.39,23.33
38.57,-72.37,23.31
38.57,-72.31,23.32
38.55,-74.97,22.6
38.55,-74.95,22.73
38.55,-74.93,22.92
38.55,-74.91,22.93
38.55,-74.89,22.92
38.55,-74.87,22.9
38.55,-74.85,22.87
38.55,-74.83,22.92
38.55,-74.81,22.93
38.55,-74.79,22.86
38.55,-74.77,22.83
38.55,-74.75,22.95
38.55,-74.73,22.94
38.55,-74.71,22.82
38.55,-74.69,22.79
38.55,-74.67,22.91
38.55,-74.65,22.96
38.55,-74.63,23.0
38.55,-74.61,23.45
38.55,-74.59,23.67
38.55,-74.57,23.76
38.55,-74.55,23.79
38.55,-74.53,23.87
38.55,-74.51,23.95
38.55,-74.49,24.08
38.55,-74.47,24.1
38.55,-74.45,24.11
38.55,-74.43,24.07
38.55,-74.41,24.1
38.55,-74.39,24.11
38.55,-74.37,24.12
38.55,-74.35,24.14
38.55,-74.33,24.04
38.55,-74.31,23.9
38.55,-74.29,23.95
38.55,-74.27,23.97
38.55,-74.25,24.01
38.55,-74.23,23.98
38.55,-74.21,24.02
38.55,-74.19,24.11
38.55,-74.17,24.06
38.55,-74.15,24.02
38.55,-74.13,24.03
38.55,-74.11,24.05
38.55,-74.09,24.05
38.55,-74.07,24.02
38.55,-73.17,23.58
38.55,-73.15,23.58
38.55,-73.13,23.61
38.55,-73.03,23.6
38.55,-73.01,23.68
38.55,-72.99,23.71
38.55,-72.95,23.63
38.55,-72.93,23.7
38.55,-72.91,23.7
38.55,-72.67,23.68
38.55,-72.65,23.65
38.55,-72.61,23.46
38.55,-72.59,23.45
38.55,-72.57,23.42
38.55,-72.55,23.44
38.55,-72.53,23.41
38.55,-72.51,23.37
38.55,-72.49,23.39
38.55,-72.47,23.38
38.55,-72.45,23.39
38.55,-72.43,23.4
38.55,-72.39,23.3
38.55,-72.31,23.24
38.55,-72.21,23.52
38.53,-74.97,22.58
38.53,-74.95,22.79
38.53,-74.93,22.8
38.53,-74.91,22.83
38.53,-74.89,22.95
38.53,-74.87,22.97
38.53,-74.85,23.0
38.53,-74.83,22.99
38.53,-74.81,22.98
38.53,-74.79,22.93
38.53,-74.77,22.86
38.53,-74.75,22.8
38.53,-74.73,22.73
38.53,-74.71,22.75
38.53,-74.69,22.71
38.53,-74.67,22.88
38.53,-74.65,22.91
38.53,-74.63,23.0
38.53,-74.61,23.42
38.53,-74.59,23.55
38.53,-74.57,23.77
38.53,-74.55,23.82
38.53,-74.53,23.87
38.53,-74.51,23.99
38.53,-74.49,24.09
38.53,-74.47,24.09
38.53,-74.45,24.05
38.53,-74.43,24.06
38.53,-74.41,24.14
38.53,-74.39,24.19
38.53,-74.37,24.21
38.53,-74.35,24.18
38.53,-74.33,24.06
38.53,-74.31,24.05
38.53,-74.29,24.09
38.53,-74.27,24.11
38.53,-74.25,24.1
38.53,-74.23,24.03
38.53,-74.21,24.06
38.53,-74.19,24.09
38.53,-74.17,24.06
38.53,-74.15,24.04
38.53,-74.13,24.05
38.53,-74.11,24.07
38.53,-74.09,24.05
38.53,-74.07,24.04
38.53,-73.19,23.59
38.53,-73.17,23.62
38.53,-73.15,23.62
38.53,-73.13,23.63
38.53,-73.01,23.73
38.53,-72.99,23.69
38.53,-72.97,23.61
38.53,-72.95,23.57
38.53,-72.93,23.63
38.53,-72.91,23.68
38.53,-72.69,23.65
38.53,-72.67,23.61
38.53,-72.61,23.49
38.53,-72.59,23.42
38.53,-72.57,23.41
38.53,-72.55,23.45
38.53,-72.53,23.42
38.53,-72.51,23.37
38.53,-72.49,23.38
38.53,-72.45,23.37
38.53,-72.33,23.31
38.53,-72.31,23.29
38.53,-72.23,23.45
38.53,-72.21,23.48
38.51,-74.95,22.87
38.51,-74.93,22.83
38.51,-74.91,22.83
38.51,-74.89,22.96
38.51,-74.87,23.05
38.51,-74.85,23.03
38.51,-74.83,23.03
38.51,-74.81,23.01
38.51,-74.79,22.97
38.51,-74.77,22.89
38.51,-74.75,22.85
38.51,-74.73,22.69
38.51,-74.71,22.7
38.51,-74.69,22.63
38.51,-74.67,22.72
38.51,-74.65,22.88
38.51,-74.63,22.92
38.51,-74.61,23.34
38.51,-74.59,23.48
38.51,-74.57,23.76
38.51,-74.55,23.93
38.51,-74.53,23.99
38.51,-74.51,23.98
38.51,-74.49,23.99
38.51,-74.47,23.98
38.51,-74.45,24.01
38.51,-74.43,24.08
38.51,-74.41,24.1
38.51,-74.39,24.12
38.51,-74.37,24.19
38.51,-74.35,24.17
38.51,-74.33,24.12
38.51,-74.31,24.12
38.51,-74.29,24.15
38.51,-74.27,24.14
38.51,-74.25,24.23
38.51,-74.23,24.08
38.51,-74.21,24.09
38.51,-73.19,23.61
38.51,-73.17,23.61
38.51,-72.99,23.67
38.51,-72.97,23.6
38.51,-72.71,23.57
38.51,-72.69,23.55
38.51,-72.67,23.54
38.51,-72.59,23.42
38.51,-72.57,23.42
38.51,-72.55,23.44
38.51,-72.53,23.42
38.51,-72.51,23.38
38.51,-72.49,23.36
38.51,-72.35,23.3
38.51,-72.33,23.33
38.51,-72.31,23.33
38.51,-72.29,23.34
38.51,-72.27,23.44
38.51,-72.25,23.5
38.51,-72.23,23.53
38.51,-72.21,23.53
38.49,-74.95,23.01
38.49,-74.93,22.94
38.49,-74.91,22.97
38.49,-74.89,23.02
38.49,-74.87,23.11
38.49,-74.85,23.02
38.49,-74.83,23.0
38.49,-74.81,23.0
38.49,-74.79,22.99
38.49,-74.77,22.99
38.49,-74.75,22.96
38.49,-74.73,22.91
38.49,-74.71,22.7
38.49,-74.69,22.64
38.49,-74.67,22.8
38.49,-74.65,22.85
38.49,-74.63,22.99
38.49,-74.61,23.06
38.49,-74.59,23.44
38.49,-74.57,23.84
38.49,-74.55,24.03
38.49,-74.53,24.06
38.49,-74.51,24.02
38.49,-74.49,24.01
38.49,-74.47,23.97
38.49,-74.45,24.08
38.49,-74.43,24.13
38.49,-74.41,24.13
38.49,-74.39,24.13
38.49,-74.37,24.12
38.49,-74.35,24.08
38.49,-74.33,24.11
38.49,-74.31,24.16
38.49,-74.29,24.17
38.49,-74.27,24.09
38.49,-74.25,24.07
38.49,-74.23,24.06
38.49,-74.21,24.06
38.49,-74.19,24.08
38.49,-73.25,23.65
38.49,-73.23,23.6
38.49,-73.21,23.58
38.49,-73.07,23.6
38.49,-73.05,23.62
38.49,-72.49,23.21
38.49,-72.47,23.2
38.49,-72.45,23.15
38.49,-72.33,23.34
38.49,-72.31,23.34
38.49,-72.29,23.34
38.49,-72.27,23.42
38.49,-72.25,23.43
38.49,-72.23,23.44
38.47,-74.93,23.15
38.47,-74.91,23.08
38.47,-74.89,23.02
38.47,-74.87,23.03
38.47,-74.85,23.0
38.47,-74.83,22.92
38.47,-74.81,22.95
38.47,-74.79,22.94
38.47,-74.77,22.92
38.47,-74.75,22.89
38.47,-74.73,22.88
38.47,-74.71,22.79
38.47,-74.69,22.78
38.47,-74.67,22.85
38.47,-74.65,22.92
38.47,-74.63,22.97
38.47,-74.61,23.06
38.47,-74.59,23.44
38.47,-74.57,23.78
38.47,-74.55,23.91
38.47,-74.53,23.93
38.47,-74.51,23.96
38.47,-74.49,23.97
38.47,-74.47,24.01
38.47,-74.45,24.11
38.47,-74.43,24.1
38.47,-74.41,24.17
38.47,-74.39,24.18
38.47,-74.37,24.1
38.47,-74.35,24.11
38.47,-74.33,24.11
38.47,-74.31,24.11
38.47,-74.29,24.1
38.47,-74.27,24.09
38.47,-74.25,24.08
38.47,-73.25,23.6
38.47,-73.23,23.59
38.47,-73.21,23.59
38.47,-73.19,23.58
38.47,-73.17,23.59
38.47,-73.15,23.58
38.47,-73.13,23.58
38.47,-73.09,23.61
38.47,-73.07,23.6
38.47,-73.05,23.59
38.47,-72.73,23.63
38.47,-72.71,23.62
38.47,-72.49,23.16
38.47,-72.47,23.11
38.47,-72.45,23.1
38.47,-72.43,23.1
38.47,-72.31,23.32
38.47,-72.29,23.33
38.47,-72.27,23.35
38.47,-72.25,23.39
38.47,-72.23,23.42
38.45,-74.93,23.06
38.45,-74.91,23.04
38.45,-74.89,23.01
38.45,-74.87,22.94
38.45,-74.85,22.96
38.45,-74.83,22.96
38.45,-74.81,22.95
38.45,-74.79,22.95
38.45,-74.77,22.94
38.45,-74.75,22.93
38.45,-74.73,22.86
38.45,-74.71,22.84
38.45,-74.69,22.82
38.45,-74.67,22.92
38.45,-74.65,22.91
38.45,-74.63,22.83
38.45,-74.61,23.26
38.45,-74.59,23.47
38.45,-74.57,23.77
38.45,-74.55,23.93
38.45,-74.53,23.95
38.45,-74.51,23.94
38.45,-74.49,23.95
38.45,-74.47,23.99
38.45,-74.45,24.04
38.45,-74.43,24.05
38.45,-74.41,24.11
38.45,-74.39,24.13
38.45,-74.37,24.11
38.45,-74.35,24.11
38.45,-74.33,24.12
38.45,-74.31,24.12
38.45,-74.29,24.09
38.45,-74.27,24.05
38.45,-73.35,23.59
38.45,-73.33,23.62
38.45,-73.31,23.62
38.45,-73.29,23.58
38.45,-73.23,23.61
38.45,-73.21,23.62
38.45,-73.19,23.62
38.45,-73.17,23.65
38.45,-73.15,23.63
38.45,-73.13,23.6
38.45,-73.11,23.58
38.45,-73.09,23.6
38.45,-73.07,23.6
38.45,-72.51,23.24
38.45,-72.49,23.16
38.45,-72.47,23.11
38.45,-72.45,23.14
38.45,-72.43,23.12
38.45,-72.29,23.32
38.45,-72.23,23.42
38.45,-72.21,23.53
38.43,-74.93,23.07
38.43,-74.91,23.05
38.43,-74.89,22.97
38.43,-74.87,22.82
38.43,-74.85,22.85
38.43,-74.83,22.97
38.43,-74.81,22.97
38.43,-74.79,22.98
38.43,-74.77,22.98
38.43,-74.75,22.99
38.43,-74.73,22.97
38.43,-74.71,22.94
38.43,-74.69,22.95
38.43,-74.67,22.97
38.43,-74.65,22.95
38.43,-74.63,23.0
38.43,-74.61,23.3
38.43,-74.59,23.52
38.43,-74.57,23.8
38.43,-74.55,24.03
38.43,-74.53,24.02
38.43,-74.51,23.99
38.43,-74.49,24.0
38.43,-74.47,24.04
38.43,-74.45,24.1
38.43,-74.43,24.12
38.43,-74.41,24.13
38.43,-74.39,24.1
38.43,-74.37,24.07
38.43,-74.35,24.09
38.43,-74.33,24.09
38.43,-74.31,24.09
38.43,-74.29,24.06
38.43,-74.27,24.04
38.43,-74.25,24.06
38.43,-74.23,24.05
38.43,-74.21,24.06
38.43,-74.19,24.07
38.43,-73.77,24.07
38.43,-73.75,24.06
38.43,-73.41,23.7
38.43,-73.39,23.65
38.43,-73.37,23.64
38.43,-73.35,23.66
38.43,-73.33,23.66
38.43,-73.31,23.65
38.43,-73.29,23.59
38.43,-73.25,23.6
38.43,-73.23,23.63
38.43,-73.21,23.67
38.43,-73.19,23.67
38.43,-73.17,23.69
38.43,-73.15,23.7
38.43,-73.13,23.65
38.43,-73.11,23.59
38.43,-73.09,23.6
38.43,-73.07,23.61
38.43,-73.03,23.74
38.43,-72.75,23.66
38.43,-72.53,23.29
38.43,-72.51,23.29
38.43,-72.49,23.13
38.43,-72.47,23.15
38.43,-72.45,23.21
38.43,-72.43,23.17
38.43,-72.41,23.16
38.43,-72.27,23.44
38.43,-72.25,23.45
38.43,-72.23,23.49
38.43,-72.21,23.6
38.41,-74.91,23.04
38.41,-74.89,23.0
38.41,-74.87,22.88
38.41,-74.85,22.86
38.41,-74.83,22.98
38.41,-74.81,22.98
38.41,-74.79,22.98
38.41,-74.77,22.98
38.41,-74.75,23.0
38.41,-74.73,23.01
38.41,-74.71,23.0
38.41,-74.69,22.98
38.41,-74.67,22.95
38.41,-74.65,23.0
38.41,-74.63,23.21
38.41,-74.61,23.32
38.41,-74.59,23.51
38.41,-74.57,23.9
38.41,-74.55,24.02
38.41,-74.53,24.05
38.41,-74.51,24.06
38.41,-74.49,24.07
38.41,-74.47,24.09
38.41,-74.45,24.14
38.41,-74.43,24.15
38.41,-74.41,24.15
38.41,-74.39,24.11
38.41,-74.37,24.07
38.41,-74.35,24.05
38.41,-74.33,24.03
38.41,-74.31,24.04
38.41,-74.29,24.06
38.41,-74.27,24.05
38.41,-74.25,24.06
38.41,-74.23,24.06
38.41,-74.21,24.06
38.41,-73.77,23.95
38.41,-73.43,23.66
38.41,-73.41,23.61
38.41,-73.39,23.59
38.41,-73.37,23.66
38.41,-73.35,23.67
38.41,-73.33,23.65
38.41,-73.31,23.61
38.41,-73.29,23.61
38.41,-73.27,23.63
38.41,-73.25,23.63
38.41,-73.23,23.68
38.41,-73.21,23.7
38.41,-73.19,23.71
38.41,-73.17,23.74
38.41,-73.15,23.72
38.41,-73.13,23.72
38.41,-73.11,23.71
38.41,-73.09,23.67
38.41,-73.07,23.64
38.41,-72.75,23.64
38.41,-72.73,23.55
38.41,-72.55,23.12
38.41,-72.53,23.18
38.41,-72.51,23.23
38.41,-72.49,23.2
38.41,-72.47,23.2
38.41,-72.45,23.23
38.41,-72.43,23.16
38.41,-72.41,23.14
38.41,-72.39,23.16
38.41,-72.27,23.5
38.41,-72.25,23.55
38.41,-72.23,23.57
38.41,-72.21,23.64
38.39,-74.93,23.1
38.39,-74.91,23.05
38.39,-74.89,22.98
38.39,-74.87,22.96
38.39,-74.85,22.98
38.39,-74.83,23.01
38.39,-74.81,23.0
38.39,-74.79,23.0
38.39,-74.77,22.98
38.39,-74.75,23.0
38.39,-74.73,23.09
38.39,-74.71,23.04
38.39,-74.69,23.02
38.39,-74.67,23.05
38.39,-74.65,23.15
38.39,-74.63,23.44
38.39,-74.61,23.51
38.39,-74.59,23.52
38.39,-74.57,23.58
38.39,-74.55,23.83
38.39,-74.53,23.92
38.39,-74.51,24.01
38.39,-74.49,24.03
38.39,-74.47,24.05
38.39,-74.45,24.09
38.39,-74.43,24.12
38.39,-74.41,24.12
38.39,-74.39,24.11
38.39,-74.37,24.04
38.39,-74.35,23.97
38.39,-74.33,23.96
38.39,-74.27,24.07
38.39,-74.25,24.06
38.39,-74.23,24.06
38.39,-74.21,24.06
38.39,-73.77,23.91
38.39,-73.75,23.92
38.39,-73.45,23.65
38.39,-73.43,23.67
38.39,-73.41,23.68
38.39,-73.39,23.64
38.39,-73.37,23.68
38.39,-73.35,23.68
38.39,-73.33,23.65
38.39,-73.31,23.65
38.39,-73.29,23.7
38.39,-73.27,23.7
38.39,-73.25,23.75
38.39,-73.23,23.76
38.39,-73.21,23.77
38.39,-73.19,23.81
38.39,-73.17,23.8
38.39,-73.15,23.84
38.39,-73.13,23.85
38.39,-73.11,23.85
38.39,-73.09,23.77
38.39,-73.07,23.7
38.39,-73.05,23.66
38.39,-72.75,23.57
38.39,-72.73,23.57
38.39,-72.55,23.16
38.39,-72.53,23.15
38.39,-72.51,23.12
38.39,-72.49,23.19
38.39,-72.47,23.24
38.39,-72.45,23.22
38.39,-72.43,23.22
38.39,-72.41,23.22
38.39,-72.39,23.18
38.39,-72.37,23.25
38.39,-72.29,23.45
38.39,-72.27,23.51
38.39,-72.25,23.59
38.39,-72.23,23.64
38.39,-72.21,23.67
38.37,-74.93,23.18
38.37,-74.91,23.09
38.37,-74.89,23.01
38.37,-74.87,23.03
38.37,-74.85,23.03
38.37,-74.83,23.03
38.37,-74.81,23.04
38.37,-74.79,23.03
38.37,-74.77,23.02
38.37,-74.75,23.06
38.37,-74.73,23.1
38.37,-74.71,23.13
38.37,-74.69,23.19
38.37,-74.67,23.31
38.37,-74.65,23.57
38.37,-74.63,23.64
38.37,-74.61,23.66
38.37,-74.59,23.61
38.37,-74.57,23.66
38.37,-74.55,23.73
38.37,-74.53,23.9
38.37,-74.51,23.99
38.37,-74.49,24.01
38.37,-74.47,24.04
38.37,-74.45,24.06
38.37,-74.43,24.09
38.37,-74.41,24.07
38.37,-74.39,24.08
38.37,-74.37,24.01
38.37,-74.35,23.98
38.37,-74.19,24.06
38.37,-73.75,23.85
38.37,-73.47,23.67
38.37,-73.45,23.66
38.37,-73.43,23.72
38.37,-73.41,23.78
38.37,-73.39,23.77
38.37,-73.37,23.78
38.37,-73.35,23.77
38.37,-73.33,23.78
38.37,-73.31,23.75
38.37,-73.29,23.76
38.37,-73.27,23.77
38.37,-73.25,23.85
38.37,-73.23,23.87
38.37,-73.21,23.86
38.37,-73.19,23.87
38.37,-73.17,23.89
38.37,-73.15,23.93
38.37,-73.13,23.88
38.37,-73.11,23.86
38.37,-73.09,23.81
38.37,-72.81,23.82
38.37,-72.79,23.84
38.37,-72.77,23.57
38.37,-72.75,23.58
38.37,-72.73,23.64
38.37,-72.71,23.6
38.37,-72.67,23.45
38.37,-72.57,23.24
38.37,-72.55,23.25
38.37,-72.53,23.26
38.37,-72.51,23.21
38.37,-72.49,23.08
38.37,-72.47,23.22
38.37,-72.45,23.19
38.37,-72.43,23.25
38.37,-72.41,23.21
38.37,-72.39,23.18
38.37,-72.37,23.23
38.37,-72.33,23.41
38.37,-72.31,23.44
38.37,-72.29,23.5
38.37,-72.27,23.53
38.37,-72.25,23.61
38.37,-72.23,23.63
38.37,-72.21,23.64
38.35,-74.95,23.25
38.35,-74.93,23.22
38.35,-74.91,23.09
38.35,-74.89,23.0
38.35,-74.87,23.09
38.35,-74.85,23.07
38.35,-74.83,23.08
38.35,-74.81,23.05
38.35,-74.79,23.04
38.35,-74.77,23.04
38.35,-74.75,23.06
38.35,-74.73,23.06
38.35,-74.71,23.12
38.35,-74.69,23.36
38.35,-74.67,23.5
38.35,-74.65,23.57
38.35,-74.63,23.63
38.35,-74.61,23.7
38.35,-74.59,23.73
38.35,-74.57,23.74
38.35,-74.55,23.74
38.35,-74.53,23.81
38.35,-74.51,23.9
38.35,-74.49,23.93
38.35,-74.47,23.97
38.35,-74.45,23.98
38.35,-74.43,24.0
38.35,-74.41,23.98
38.35,-74.39,23.96
38.35,-74.37,23.96
38.35,-74.35,23.97
38.35,-73.47,23.68
38.35,-73.45,23.74
38.35,-73.43,23.79
38.35,-73.41,23.77
38.35,-73.39,23.76
38.35,-73.37,23.8
38.35,-73.35,23.85
38.35,-73.33,23.87
38.35,-73.31,23.8
38.35,-73.29,23.78
38.35,-73.27,23.85
38.35,-73.25,23.86
38.35,-73.23,23.85
38.35,-73.21,23.85
38.35,-73.19,23.89
38.35,-73.17,23.94
38.35,-73.15,23.94
38.35,-73.13,23.95
38.35,-72.83,23.68
38.35,-72.81,23.7
38.35,-72.79,23.68
38.35,-72.77,23.61
38.35,-72.75,23.55
38.35,-72.73,23.6
38.35,-72.57,23.37
38.35,-72.55,23.32
38.35,-72.53,23.32
38.35,-72.51,23.29
38.35,-72.49,23.17
38.35,-72.47,23.17
38.35,-72.45,23.2
38.35,-72.43,23.26
38.35,-72.41,23.26
38.35,-72.39,23.28
38.35,-72.37,23.29
38.35,-72.35,23.4
38.35,-72.33,23.44
38.35,-72.31,23.48
38.35,-72.29,23.56
38.35,-72.27,23.58
38.35,-72.25,23.57
38.35,-72.23,23.57
38.35,-72.21,23.6
38.33,-74.97,23.21
38.33,-74.95,23.2
38.33,-74.93,23.19
38.33,-74.91,23.16
38.33,-74.89,23.17
38.33,-74.87,23.1
38.33,-74.85,23.08
38.33,-74.83,23.12
38.33,-74.81,23.1
38.33,-74.79,23.08
38.33,-74.77,23.06
38.33,-74.75,23.04
38.33,-74.73,23.1
38.33,-74.71,23.29
38.33,-74.69,23.43
38.33,-74.67,23.53
38.33,-74.65,23.57
38.33,-74.63,23.6
38.33,-74.61,23.65
38.33,-74.59,23.72
38.33,-74.57,23.75
38.33,-74.55,23.8
38.33,-74.53,23.84
38.33,-74.51,23.95
38.33,-74.49,23.96
38.33,-74.47,23.93
38.33,-74.45,23.93
38.33,-74.43,23.94
38.33,-74.41,23.91
38.33,-74.39,23.93
38.33,-74.37,23.94
38.33,-73.71,23.89
38.33,-73.53,23.78
38.33,-73.47,23.71
38.33,-73.45,23.77
38.33,-73.43,23.77
38.33,-73.41,23.74
38.33,-73.39,23.79
38.33,-73.37,23.84
38.33,-73.35,23.83
38.33,-73.33,23.82
38.33,-73.31,23.83
38.33,-73.29,23.87
38.33,-73.27,23.84
38.33,-73.25,23.88
38.33,-73.23,23.88
38.33,-73.21,23.89
38.33,-73.19,23.93
38.33,-73.17,23.93
38.33,-73.15,23.86
38.33,-73.13,23.84
38.33,-72.83,23.73
38.33,-72.81,23.69
38.33,-72.79,23.6
38.33,-72.77,23.62
38.33,-72.75,23.64
38.33,-72.73,23.62
38.33,-72.71,23.58
38.33,-72.69,23.53
38.33,-72.61,23.45
38.33,-72.59,23.41
38.33,-72.57,23.43
38.33,-72.55,23.43
38.33,-72.53,23.38
38.33,-72.51,23.34
38.33,-72.49,23.26
38.33,-72.47,23.2
38.33,-72.45,23.28
38.33,-72.43,23.35
38.33,-72.41,23.32
38.33,-72.39,23.42
38.33,-72.37,23.57
38.33,-72.35,23.55
38.33,-72.33,23.57
38.33,-72.31,23.64
38.33,-72.29,23.71
38.33,-72.27,23.71
38.33,-72.25,23.63
38.33,-72.23,23.63
38.33,-72.21,23.63
38.31,-74.99,23.36
38.31,-74.97,23.3
38.31,-74.95,23.17
38.31,-74.93,23.18
38.31,-74.91,23.22
38.31,-74.89,23.27
38.31,-74.87,23.23
38.31,-74.85,23.19
38.31,-74.83,23.16
38.31,-74.81,23.15
38.31,-74.79,23.14
38.31,-74.77,23.13
38.31,-74.75,23.18
38.31,-74.73,23.23
38.31,-74.71,23.4
38.31,-74.69,23.45
38.31,-74.67,23.51
38.31,-74.65,23.6
38.31,-74.63,23.67
38.31,-74.61,23.73
38.31,-74.59,23.72
38.31,-74.57,23.74
38.31,-74.55,23.8
38.31,-74.53,23.92
38.31,-74.51,23.99
38.31,-74.49,24.0
38.31,-74.47,23.95
38.31,-74.45,23.91
38.31,-74.43,23.92
38.31,-74.41,23.94
38.31,-74.39,23.95
38.31,-74.37,23.94
38.31,-73.71,23.93
38.31,-73.69,23.89
38.31,-73.67,23.87
38.31,-73.49,23.79
38.31,-73.47,23.74
38.31,-73.45,23.7
38.31,-73.43,23.71
38.31,-73.41,23.73
38.31,-73.39,23.79
38.31,-73.37,23.78
38.31,-73.35,23.78
38.31,-73.33,23.8
38.31,-73.31,23.84
38.31,-73.29,23.84
38.31,-73.27,23.87
38.31,-73.25,23.9
38.31,-73.23,23.91
38.31,-73.21,23.88
38.31,-73.19,23.86
38.31,-73.17,23.82
38.31,-73.15,23.72
38.31,-72.83,23.79
38.31,-72.81,23.63
38.31,-72.79,23.65
38.31,-72.77,23.73
38.31,-72.75,23.77
38.31,-72.73,23.64
38.31,-72.71,23.59
38.31,-72.63,23.47
38.31,-72.61,23.46
38.31,-72.59,23.46
38.31,-72.57,23.47
38.31,-72.55,23.48
38.31,-72.53,23.46
38.31,-72.51,23.38
38.31,-72.49,23.35
38.31,-72.47,23.36
38.31,-72.45,23.33
38.31,-72.43,23.41
38.31,-72.41,23.47
38.31,-72.39,23.52
38.31,-72.37,23.61
38.31,-72.35,23.64
38.31,-72.33,23.65
38.31,-72.31,23.68
38.31,-72.29,23.75
38.31,-72.27,23.72
38.31,-72.25,23.7
38.31,-72.23,23.68
38.31,-72.21,23.62
38.29,-74.99,23.35
38.29,-74.97,23.27
38.29,-74.95,23.13
38.29,-74.93,23.09
38.29,-74.91,23.17
38.29,-74.89,23.22
38.29,-74.87,23.23
38.29,-74.85,23.21
38.29,-74.83,23.2
38.29,-74.81,23.18
38.29,-74.79,23.15
38.29,-74.77,23.22
38.29,-74.75,23.26
38.29,-74.73,23.33
38.29,-74.71,23.46
38.29,-74.69,23.51
38.29,-74.67,23.52
38.29,-74.65,23.6
38.29,-74.63,23.69
38.29,-74.61,23.73
38.29,-74.59,23.71
38.29,-74.57,23.76
38.29,-74.55,23.81
38.29,-74.53,23.94
38.29,-74.51,24.0
38.29,-74.49,23.99
38.29,-74.47,23.95
38.29,-74.45,23.92
38.29,-74.43,23.93
38.29,-74.41,23.95
38.29,-74.39,23.96
38.29,-73.67,23.88
38.29,-73.53,23.8
38.29,-73.51,23.84
38.29,-73.49,23.84
38.29,-73.45,23.72
38.29,-73.43,23.74
38.29,-73.41,23.75
38.29,-73.39,23.77
38.29,-73.37,23.75
38.29,-73.35,23.73
38.29,-73.33,23.74
38.29,-73.31,23.78
38.29,-73.29,23.8
38.29,-73.27,23.84
38.29,-73.25,23.79
38.29,-73.23,23.81
38.29,-73.21,23.85
38.29,-73.19,23.78
38.29,-73.17,23.72
38.29,-72.81,23.64
38.29,-72.79,23.76
38.29,-72.77,23.82
38.29,-72.75,23.83
38.29,-72.73,23.69
38.29,-72.71,23.61
38.29,-72.63,23.51
38.29,-72.61,23.5
38.29,-72.59,23.47
38.29,-72.57,23.48
38.29,-72.55,23.43
38.29,-72.53,23.36
38.29,-72.51,23.36
38.29,-72.49,23.39
38.29,-72.47,23.35
38.29,-72.45,23.38
38.29,-72.43,23.5
38.29,-72.41,23.58
38.29,-72.39,23.6
38.29,-72.37,23.63
38.29,-72.35,23.63
38.29,-72.33,23.67
38.29,-72.31,23.71
38.29,-72.29,23.74
38.29,-72.27,23.72
38.29,-72.25,23.74
38.29,-72.23,23.68
38.29,-72.21,23.66
38.27,-74.99,23.2
38.27,-74.97,23.13
38.27,-74.95,23.05
38.27,-74.93,23.09
38.27,-74.91,23.17
38.27,-74.89,23.23
38.27,-74.87,23.27
38.27,-74.85,23.25
38.27,-74.83,23.2
38.27,-74.81,23.18
38.27,-74.79,23.16
38.27,-74.77,23.27
38.27,-74.75,23.31
38.27,-74.73,23.35
38.27,-74.71,23.43
38.27,-74.69,23.49
38.27,-74.67,23.52
38.27,-74.65,23.59
38.27,-74.63,23.69
38.27,-74.61,23.72
38.27,-74.59,23.75
38.27,-74.57,23.82
38.27,-74.55,23.83
38.27,-74.53,23.86
38.27,-74.51,23.95
38.27,-74.49,23.94
38.27,-74.47,23.92
38.27,-74.45,23.92
38.27,-74.43,23.93
38.27,-74.41,23.94
38.27,-74.39,23.93
38.27,-73.57,23.8
38.27,-73.55,23.79
38.27,-73.53,23.78
38.27,-73.51,23.82
38.27,-73.43,23.76
38.27,-73.41,23.74
38.27,-73.39,23.77
38.27,-73.37,23.77
38.27,-73.35,23.72
38.27,-73.33,23.74
38.27,-73.31,23.76
38.27,-73.29,23.76
38.27,-73.27,23.7
38.27,-73.25,23.68
38.27,-73.23,23.69
38.27,-73.21,23.71
38.27,-73.19,23.69
38.27,-72.81,23.72
38.27,-72.79,23.82
38.27,-72.77,23.84
38.27,-72.75,23.79
38.27,-72.73,23.63
38.27,-72.71,23.61
38.27,-72.69,23.56
38.27,-72.63,23.54
38.27,-72.61,23.53
38.27,-72.59,23.49
38.27,-72.57,23.5
38.27,-72.55,23.4
38.27,-72.53,23.36
38.27,-72.51,23.41
38.27,-72.49,23.41
38.27,-72.47,23.41
38.27,-72.45,23.45
38.27,-72.43,23.56
38.27,-72.41,23.59
38.27,-72.39,23.63
38.27,-72.37,23.66
38.27,-72.35,23.7
38.27,-72.33,23.7
38.27,-72.31,23.78
38.27,-72.29,23.72
38.27,-72.27,23.78
38.27,-72.25,23.81
38.27,-72.23,23.82
38.27,-72.21,23.74
38.25,-75.05,23.07
38.25,-74.99,23.11
38.25,-74.97,23.09
38.25,-74.95,23.1
38.25,-74.93,23.13
38.25,-74.91,23.21
38.25,-74.89,23.28
38.25,-74.87,23.31
38.25,-74.85,23.3
38.25,-74.83,23.26
38.25,-74.81,23.21
38.25,-74.79,23.23
38.25,-74.77,23.3
38.25,-74.75,23.26
38.25,-74.73,23.26
38.25,-74.71,23.36
38.25,-74.69,23.45
38.25,-74.67,23.52
38.25,-74.65,23.56
38.25,-74.63,23.61
38.25,-74.61,23.66
38.25,-74.59,23.75
38.25,-74.57,23.87
38.25,-74.55,23.8
38.25,-74.53,24.0
38.25,-74.51,23.97
38.25,-74.49,23.92
38.25,-74.47,23.92
38.25,-74.45,23.93
38.25,-74.43,23.93
38.25,-74.41,23.93
38.25,-74.39,23.95
38.25,-73.59,23.82
38.25,-73.57,23.87
38.25,-73.55,23.94
38.25,-73.53,23.82
38.25,-73.51,23.83
38.25,-73.49,23.8
38.25,-73.41,23.74
38.25,-73.37,23.76
38.25,-73.35,23.73
38.25,-73.33,23.77
38.25,-73.31,23.82
38.25,-73.29,23.76
38.25,-73.27,23.71
38.25,-73.25,23.69
38.25,-73.23,23.64
38.25,-73.21,23.64
38.25,-73.19,23.68
38.25,-72.83,23.65
38.25,-72.81,23.73
38.25,-72.79,23.83
38.25,-72.77,23.8
38.25,-72.75,23.71
38.25,-72.73,23.64
38.25,-72.71,23.62
38.25,-72.69,23.6
38.25,-72.63,23.54
38.25,-72.61,23.53
38.25,-72.59,23.49
38.25,-72.57,23.43
38.25,-72.55,23.37
38.25,-72.53,23.41
38.25,-72.51,23.44
38.25,-72.49,23.41
38.25,-72.47,23.46
38.25,-72.45,23.55
38.25,-72.43,23.58
38.25,-72.41,23.61
38.25,-72.39,23.57
38.25,-72.37,23.67
38.25,-72.35,23.7
38.25,-72.33,23.7
38.25,-72.31,23.74
38.25,-72.29,23.83
38.25,-72.27,23.85
38.25,-72.25,23.82
38.25,-72.23,23.82
38.25,-72.21,23.81
38.23,-75.05,23.13
38.23,-75.03,23.06
38.23,-75.01,23.01
38.23,-74.99,23.03
38.23,-74.97,23.15
38.23,-74.95,23.17
38.23,-74.93,23.22
38.23,-74.91,23.25
38.23,-74.89,23.28
38.23,-74.87,23.31
38.23,-74.85,23.29
38.23,-74.83,23.27
38.23,-74.81,23.25
38.23,-74.79,23.28
38.23,-74.77,23.33
38.23,-74.75,23.24
38.23,-74.73,23.28
38.23,-74.71,23.35
38.23,-74.69,23.41
38.23,-74.67,23.46
38.23,-74.65,23.51
38.23,-74.63,23.53
38.23,-74.61,23.75
38.23,-74.59,23.77
38.23,-74.57,23.8
38.23,-74.55,23.86
38.23,-74.53,23.9
38.23,-74.51,23.9
38.23,-74.49,23.92
38.23,-74.47,23.91
38.23,-74.45,23.95
38.23,-74.43,23.97
38.23,-74.41,24.08
38.23,-74.39,24.11
38.23,-74.37,24.12
38.23,-73.71,23.76
38.23,-73.69,23.75
38.23,-73.67,23.8
38.23,-73.65,23.83
38.23,-73.63,23.87
38.23,-73.61,23.9
38.23,-73.59,23.87
38.23,-73.57,23.9
38.23,-73.55,23.93
38.23,-73.53,23.87
38.23,-73.51,23.86
38.23,-73.49,23.82
38.23,-73.47,23.8
38.23,-73.45,23.77
38.23,-73.43,23.77
38.23,-73.41,23.78
38.23,-73.39,23.78
38.23,-73.37,23.8
38.23,-73.35,23.8
38.23,-73.33,23.82
38.23,-73.31,23.76
38.23,-73.29,23.74
38.23,-73.27,23.71
38.23,-73.25,23.7
38.23,-73.23,23.68
38.23,-73.21,23.61
38.23,-73.19,23.61
38.23,-72.85,23.68
38.23,-72.83,23.72
38.23,-72.81,23.76
38.23,-72.79,23.87
38.23,-72.77,23.76
38.23,-72.75,23.74
38.23,-72.73,23.64
38.23,-72.71,23.61
38.23,-72.69,23.63
38.23,-72.67,23.6
38.23,-72.65,23.58
38.23,-72.63,23.54
38.23,-72.61,23.5
38.23,-72.59,23.45
38.23,-72.57,23.38
38.23,-72.55,23.44
38.23,-72.53,23.49
38.23,-72.51,23.47
38.23,-72.49,23.45
38.23,-72.47,23.51
38.23,-72.45,23.56
38.23,-72.43,23.58
38.23,-72.41,23.58
38.23,-72.39,23.61
38.23,-72.37,23.67
38.23,-72.35,23.7
38.23,-72.33,23.72
38.23,-72.31,23.84
38.23,-72.29,23.83
38.23,-72.27,23.84
38.21,-75.07,23.24
38.21,-75.05,23.2
38.21,-75.03,23.08
38.21,-75.01,23.05
38.21,-74.99,23.04
38.21,-74.97,23.19
38.21,-74.95,23.24
38.21,-74.93,23.29
38.21,-74.91,23.29
38.21,-74.89,23.29
38.21,-74.87,23.31
38.21,-74.85,23.26
38.21,-74.83,23.26
38.21,-74.81,23.28
38.21,-74.79,23.29
38.21,-74.77,23.25
38.21,-74.75,23.22
38.21,-74.73,23.33
38.21,-74.71,23.32
38.21,-74.69,23.29
38.21,-74.67,23.45
38.21,-74.65,23.5
38.21,-74.63,23.67
38.21,-74.61,23.84
38.21,-74.59,23.89
38.21,-74.57,23.93
38.21,-74.55,23.89
38.21,-74.53,23.83
38.21,-74.51,23.88
38.21,-74.49,23.89
38.21,-74.47,23.84
38.21,-74.45,23.82
38.21,-74.43,23.88
38.21,-74.41,23.94
38.21,-74.39,24.0
38.21,-74.37,23.99
38.21,-73.71,23.78
38.21,-73.69,23.76
38.21,-73.67,23.79
38.21,-73.65,23.77
38.21,-73.63,23.76
38.21,-73.61,23.8
38.21,-73.59,23.8
38.21,-73.57,23.83
38.21,-73.55,23.85
38.21,-73.53,23.82
38.21,-73.51,23.81
38.21,-73.49,23.8
38.21,-73.45,23.77
38.21,-73.43,23.77
38.21,-73.41,23.79
38.21,-73.39,23.79
38.21,-73.37,23.8
38.21,-73.35,23.79
38.21,-73.33,23.74
38.21,-73.31,23.72
38.21,-73.29,23.76
38.21,-73.27,23.77
38.21,-73.25,23.73
38.21,-73.23,23.67
38.21,-73.21,23.65
38.21,-73.19,23.63
38.21,-72.87,23.63
38.21,-72.85,23.66
38.21,-72.83,23.74
38.21,-72.81,23.78
38.21,-72.79,23.84
38.21,-72.77,23.84
38.21,-72.75,23.79
38.21,-72.73,23.74
38.21,-72.71,23.67
38.21,-72.69,23.65
38.21,-72.67,23.59
38.21,-72.65,23.57
38.21,-72.63,23.53
38.21,-72.61,23.47
38.21,-72.59,23.42
38.21,-72.57,23.4
38.21,-72.55,23.45
38.21,-72.53,23.49
38.21,-72.51,23.45
38.21,-72.49,23.46
38.21,-72.47,23.54
38.21,-72.45,23.56
38.21,-72.43,23.53
38.21,-72.41,23.61
38.21,-72.39,23.65
38.21,-72.37,23.66
38.21,-72.35,23.69
38.21,-72.33,23.75
38.21,-72.31,23.79
38.21,-72.29,23.77
38.21,-72.27,23.77
38.19,-76.17,26.11
38.19,-76.15,26.07
38.19,-75.07,23.05
38.19,-75.05,23.07
38.19,-75.03,22.92
38.19,-75.01,23.04
38.19,-74.99,23.06
38.19,-74.97,23.25
38.19,-74.95,23.27
38.19,-74.93,23.29
38.19,-74.91,23.33
38.19,-74.89,23.34
38.19,-74.87,23.3
38.19,-74.85,23.26
38.19,-74.83,23.25
38.19,-74.81,23.31
38.19,-74.79,23.3
38.19,-74.77,23.22
38.19,-74.75,23.28
38.19,-74.73,23.32
38.19,-74.71,23.35
38.19,-74.69,23.37
38.19,-74.67,23.4
38.19,-74.65,23.51
38.19,-74.63,23.58
38.19,-74.61,23.68
38.19,-74.59,23.82
38.19,-74.57,23.92
38.19,-74.55,24.02
38.19,-74.53,23.99
38.19,-74.51,23.9
38.19,-74.49,23.88
38.19,-74.47,23.93
38.19,-74.45,23.79
38.19,-74.43,23.84
38.19,-74.41,23.89
38.19,-73.75,23.85
38.19,-73.73,23.8
38.19,-73.71,23.75
38.19,-73.69,23.74
38.19,-73.67,23.74
38.19,-73.65,23.77
38.19,-73.63,23.79
38.19,-73.61,23.78
38.19,-73.51,23.78
38.19,-73.49,23.79
38.19,-73.47,23.79
38.19,-73.45,23.8
38.19,-73.43,23.81
38.19,-73.41,23.76
38.19,-73.39,23.75
38.19,-73.37,23.74
38.19,-73.35,23.75
38.19,-73.33,23.75
38.19,-73.31,23.75
38.19,-73.29,23.72
38.19,-73.27,23.71
38.19,-73.25,23.65
38.19,-73.23,23.6
38.19,-72.87,23.71
38.19,-72.85,23.67
38.19,-72.83,23.67
38.19,-72.81,23.83
38.19,-72.79,23.87
38.19,-72.77,23.86
38.19,-72.75,23.78
38.19,-72.73,23.75
38.19,-72.71,23.72
38.19,-72.69,23.67
38.19,-72.67,23.59
38.19,-72.65,23.56
38.19,-72.63,23.48
38.19,-72.61,23.42
38.19,-72.59,23.43
38.19,-72.57,23.39
38.19,-72.55,23.43
38.19,-72.53,23.46
38.19,-72.51,23.49
38.19,-72.49,23.43
38.19,-72.47,23.51
38.19,-72.45,23.54
38.19,-72.43,23.59
38.19,-72.41,23.65
38.19,-72.39,23.69
38.19,-72.37,23.65
38.19,-72.35,23.72
38.19,-72.33,23.82
38.19,-72.31,23.76
38.17,-76.17,26.05
38.17,-76.15,26.08
38.17,-75.07,22.94
38.17,-75.05,22.91
38.17,-75.03,22.96
38.17,-75.01,23.12
38.17,-74.99,23.19
38.17,-74.97,23.23
38.17,-74.95,23.28
38.17,-74.93,23.29
38.17,-74.91,23.31
38.17,-74.89,23.3
38.17,-74.87,23.23
38.17,-74.85,23.23
38.17,-74.83,23.26
38.17,-74.81,23.26
38.17,-74.79,23.2
38.17,-74.77,23.18
38.17,-74.75,23.26
38.17,-74.73,23.34
38.17,-74.71,23.35
38.17,-74.69,23.41
38.17,-74.67,23.46
38.17,-74.65,23.54
38.17,-74.63,23.62
38.17,-74.61,23.66
38.17,-74.59,23.69
38.17,-74.57,23.86
38.17,-74.55,23.89
38.17,-74.53,23.92
38.17,-74.51,23.94
38.17,-74.49,23.94
38.17,-74.47,23.99
38.17,-74.45,23.94
38.17,-74.43,23.91
38.17,-74.41,23.9
38.17,-73.75,23.82
38.17,-73.73,23.8
38.17,-73.71,23.79
38.17,-73.63,23.86
38.17,-73.61,23.85
38.17,-73.51,23.75
38.17,-73.49,23.79
38.17,-73.47,23.79
38.17,-73.45,23.8
38.17,-73.43,23.82
38.17,-73.41,23.78
38.17,-73.39,23.71
38.17,-73.37,23.72
38.17,-73.35,23.75
38.17,-73.33,23.76
38.17,-73.31,23.82
38.17,-73.29,23.88
38.17,-73.27,23.85
38.17,-73.25,23.71
38.17,-72.89,23.69
38.17,-72.87,23.69
38.17,-72.85,23.67
38.17,-72.83,23.73
38.17,-72.81,23.86
38.17,-72.79,23.88
38.17,-72.77,23.85
38.17,-72.75,23.79
38.17,-72.73,23.79
38.17,-72.71,23.73
38.17,-72.69,23.7
38.17,-72.67,23.66
38.17,-72.65,23.56
38.17,-72.63,23.46
38.17,-72.61,23.42
38.17,-72.59,23.43
38.17,-72.57,23.43
38.17,-72.55,23.46
38.17,-72.53,23.45
38.17,-72.51,23.44
38.17,-72.49,23.47
38.17,-72.47,23.48
38.17,-72.45,23.51
38.17,-72.43,23.61
38.17,-72.41,23.63
38.17,-72.39,23.69
38.17,-72.37,23.72
38.17,-72.35,23.74
38.17,-72.33,23.74
38.15,-75.09,22.91
38.15,-75.07,22.9
38.15,-75.05,22.89
38.15,-75.03,22.96
38.15,-75.01,23.18
38.15,-74.99,23.21
38.15,-74.97,23.23
38.15,-74.95,23.27
38.15,-74.93,23.29
38.15,-74.91,23.29
38.15,-74.89,23.22
38.15,-74.87,23.17
38.15,-74.85,23.18
38.15,-74.83,23.16
38.15,-74.81,23.1
38.15,-74.79,23.08
38.15,-74.77,23.16
38.15,-74.75,23.26
38.15,-74.73,23.32
38.15,-74.71,23.35
38.15,-74.69,23.37
38.15,-74.67,23.39
38.15,-74.65,23.44
38.15,-74.63,23.52
38.15,-74.61,23.6
38.15,-74.59,23.72
38.15,-74.57,23.8
38.15,-74.55,23.79
38.15,-74.53,23.8
38.15,-74.51,23.83
38.15,-74.49,23.84
38.15,-74.47,23.92
38.15,-74.45,23.9
38.15,-74.43,23.89
38.15,-73.63,23.86
38.15,-73.61,23.88
38.15,-73.59,23.88
38.15,-73.53,23.76
38.15,-73.51,23.77
38.15,-73.49,23.79
38.15,-73.47,23.79
38.15,-73.45,23.85
38.15,-73.43,23.79
38.15,-73.41,23.74
38.15,-73.39,23.75
38.15,-73.37,23.75
38.15,-73.35,23.8
38.15,-73.33,23.85
38.15,-73.31,23.87
38.15,-73.29,23.9
38.15,-73.27,23.86
38.15,-72.91,23.74
38.15,-72.89,23.72
38.15,-72.87,23.72
38.15,-72.85,23.72
38.15,-72.83,23.84
38.15,-72.81,23.87
38.15,-72.79,23.85
38.15,-72.77,23.83
38.15,-72.75,23.78
38.15,-72.73,23.78
38.15,-72.71,23.73
38.15,-72.69,23.67
38.15,-72.67,23.63
38.15,-72.65,23.6
38.15,-72.63,23.56
38.15,-72.61,23.47
38.15,-72.57,23.43
38.15,-72.49,23.46
38.15,-72.47,23.51
38.15,-72.45,23.58
38.15,-72.43,23.61
38.15,-72.41,23.6
38.15,-72.39,23.68
38.15,-72.37,23.71
38.15,-72.35,23.68
38.15,-72.33,23.69
38.13,-75.09,22.8
38.13,-75.07,22.85
38.13,-75.05,22.96
38.13,-75.03,22.95
38.13,-75.01,23.13
38.13,-74.99,23.26
38.13,-74.97,23.29
38.13,-74.95,23.28
38.13,-74.93,23.28
38.13,-74.91,23.23
38.13,-74.89,23.13
38.13,-74.87,23.16
38.13,-74.85,23.19
38.13,-74.83,23.11
38.13,-74.81,23.08
38.13,-74.79,23.1
38.13,-74.77,23.21
38.13,-74.75,23.26
38.13,-74.73,23.27
38.13,-74.71,23.36
38.13,-74.69,23.4
38.13,-74.67,23.4
38.13,-74.65,23.35
38.13,-74.63,23.33
38.13,-74.61,23.43
38.13,-74.59,23.48
38.13,-74.57,23.54
38.13,-74.55,23.56
38.13,-74.53,23.62
38.13,-74.51,23.7
38.13,-74.49,23.78
38.13,-74.47,23.83
38.13,-74.45,23.85
38.13,-74.43,23.85
38.13,-73.65,23.78
38.13,-73.63,23.78
38.13,-73.61,23.79
38.13,-73.59,23.88
38.13,-73.57,23.89
38.13,-73.55,23.9
38.13,-73.49,23.83
38.13,-73.47,23.81
38.13,-73.45,23.85
38.13,-73.43,23.89
38.13,-73.41,23.76
38.13,-73.39,23.77
38.13,-73.37,23.83
38.13,-73.35,23.84
38.13,-73.33,23.87
38.13,-73.31,23.89
38.13,-72.93,23.76
38.13,-72.91,23.73
38.13,-72.89,23.71
38.13,-72.87,23.74
38.13,-72.85,23.81
38.13,-72.83,23.9
38.13,-72.81,23.88
38.13,-72.79,23.86
38.13,-72.77,23.83
38.13,-72.75,23.8
38.13,-72.73,23.77
38.13,-72.71,23.73
38.13,-72.69,23.68
38.13,-72.67,23.62
38.13,-72.65,23.61
38.13,-72.63,23.55
38.13,-72.61,23.52
38.13,-72.49,23.58
38.13,-72.47,23.57
38.13,-72.45,23.58
38.13,-72.43,23.56
38.13,-72.41,23.59
38.13,-72.39,23.6
38.13,-72.37,23.59
38.13,-72.35,23.61
38.13,-72.21,23.51
38.11,-75.09,22.73
38.11,-75.07,22.76
38.11,-75.05,22.87
38.11,-75.03,22.92
38.11,-75.01,23.07
38.11,-74.99,23.25
38.11,-74.97,23.25
38.11,-74.95,23.26
38.11,-74.93,23.2
38.11,-74.91,23.14
38.11,-74.89,23.05
38.11,-74.87,23.08
38.11,-74.85,23.04
38.11,-74.83,23.05
38.11,-74.81,23.08
38.11,-74.79,23.12
38.11,-74.77,23.17
38.11,-74.75,23.2
38.11,-74.73,23.23
38.11,-74.71,23.32
38.11,-74.69,23.35
38.11,-74.67,23.34
38.11,-74.65,23.34
38.11,-74.63,23.36
38.11,-74.61,23.38
38.11,-74.59,23.44
38.11,-74.57,23.5
38.11,-74.55,23.59
38.11,-74.53,23.68
38.11,-74.51,23.8
38.11,-74.49,23.78
38.11,-74.47,23.84
38.11,-74.45,23.83
38.11,-74.43,23.82
38.11,-73.67,23.82
38.11,-73.65,23.88
38.11,-73.63,23.81
38.11,-73.61,23.79
38.11,-73.59,23.79
38.11,-73.57,23.78
38.11,-73.47,23.79
38.11,-73.45,23.77
38.11,-73.43,23.8
38.11,-73.41,23.75
38.11,-73.39,23.81
38.11,-73.37,23.89
38.11,-73.35,23.84
38.11,-72.95,23.8
38.11,-72.93,23.81
38.11,-72.91,23.84
38.11,-72.89,23.83
38.11,-72.87,23.85
38.11,-72.85,23.88
38.11,-72.83,23.88
38.11,-72.81,23.85
38.11,-72.79,23.84
38.11,-72.77,23.82
38.11,-72.75,23.8
38.11,-72.73,23.79
38.11,-72.71,23.73
38.11,-72.69,23.65
38.11,-72.67,23.64
38.11,-72.65,23.64
38.11,-72.63,23.66
38.11,-72.61,23.61
38.11,-72.57,23.47
38.11,-72.49,23.64
38.11,-72.47,23.7
38.11,-72.45,23.63
38.11,-72.43,23.59
38.11,-72.41,23.6
38.11,-72.39,23.59
38.11,-72.37,23.61
38.11,-72.35,23.62
38.11,-72.29,23.74
38.11,-72.27,23.64
38.11,-72.25,23.62
38.11,-72.23,23.57
38.11,-72.21,23.5
38.09,-75.11,22.75
38.09,-75.09,22.75
38.09,-75.07,22.76
38.09,-75.05,22.8
38.09,-75.03,22.95
38.09,-75.01,23.02
38.09,-74.99,23.12
38.09,-74.97,23.14
38.09,-74.95,23.09
38.09,-74.93,23.07
38.09,-74.91,23.03
38.09,-74.89,23.03
38.09,-74.87,22.98
38.09,-74.85,22.98
38.09,-74.83,23.05
38.09,-74.81,23.13
38.09,-74.79,23.14
38.09,-74.77,23.14
38.09,-74.75,23.16
38.09,-74.73,23.26
38.09,-74.71,23.28
38.09,-74.69,23.27
38.09,-74.67,23.29
38.09,-74.65,23.28
38.09,-74.63,23.3
38.09,-74.61,23.33
38.09,-74.59,23.33
38.09,-74.57,23.42
38.09,-74.55,23.54
38.09,-74.53,23.76
38.09,-74.51,23.86
38.09,-74.49,23.84
38.09,-74.47,23.89
38.09,-74.45,23.88
38.09,-74.43,23.84
38.09,-74.41,23.85
38.09,-74.39,23.84
38.09,-74.37,23.84
38.09,-73.67,23.74
38.09,-73.65,23.82
38.09,-73.63,23.81
38.09,-73.61,23.79
38.09,-73.55,23.82
38.09,-73.53,23.83
38.09,-73.43,23.79
38.09,-72.95,23.86
38.09,-72.93,23.85
38.09,-72.91,23.88
38.09,-72.89,23.89
38.09,-72.87,23.93
38.09,-72.85,23.87
38.09,-72.83,23.87
38.09,-72.81,23.87
38.09,-72.79,23.86
38.09,-72.77,23.86
38.09,-72.75,23.81
38.09,-72.73,23.78
38.09,-72.71,23.72
38.09,-72.69,23.67
38.09,-72.67,23.62
38.09,-72.65,23.65
38.09,-72.63,23.64
38.09,-72.61,23.63
38.09,-72.49,23.67
38.09,-72.47,23.67
38.09,-72.45,23.55
38.09,-72.43,23.6
38.09,-72.41,23.6
38.09,-72.39,23.53
38.09,-72.37,23.56
38.09,-72.35,23.63
38.09,-72.31,23.75
38.09,-72.29,23.72
38.09,-72.27,23.65
38.09,-72.25,23.63
38.09,-72.23,23.54
38.09,-72.21,23.49
38.07,-75.11,22.77
38.07,-75.09,22.82
38.07,-75.07,22.86
38.07,-75.05,22.9
38.07,-75.03,22.97
38.07,-75.01,22.97
38.07,-74.99,22.94
38.07,-74.97,22.99
38.07,-74.95,23.0
38.07,-74.93,22.99
38.07,-74.91,22.99
38.07,-74.89,23.0
38.07,-74.87,22.98
38.07,-74.85,22.99
38.07,-74.83,23.05
38.07,-74.81,23.16
38.07,-74.79,23.15
38.07,-74.77,23.15
38.07,-74.75,23.18
38.07,-74.73,23.23
38.07,-74.71,23.24
38.07,-74.69,23.26
38.07,-74.67,23.29
38.07,-74.65,23.25
38.07,-74.63,23.3
38.07,-74.61,23.37
38.07,-74.59,23.5
38.07,-74.57,23.49
38.07,-74.55,23.51
38.07,-74.53,23.59
38.07,-74.51,23.68
38.07,-74.49,23.86
38.07,-74.47,23.87
38.07,-74.45,23.79
38.07,-74.43,23.78
38.07,-74.41,23.84
38.07,-74.39,23.86
38.07,-74.37,23.81
38.07,-73.69,23.7
38.07,-73.67,23.7
38.07,-73.65,23.76
38.07,-73.57,23.78
38.07,-72.95,23.9
38.07,-72.93,23.86
38.07,-72.91,23.96
38.07,-72.89,23.94
38.07,-72.87,23.92
38.07,-72.85,23.89
38.07,-72.83,23.86
38.07,-72.81,23.88
38.07,-72.79,23.89
38.07,-72.77,23.88
38.07,-72.75,23.82
38.07,-72.73,23.77
38.07,-72.71,23.73
38.07,-72.69,23.68
38.07,-72.67,23.64
38.07,-72.65,23.68
38.07,-72.63,23.68
38.07,-72.47,23.63
38.07,-72.45,23.61
38.07,-72.43,23.61
38.07,-72.41,23.55
38.07,-72.39,23.56
38.07,-72.37,23.59
38.07,-72.35,23.59
38.07,-72.33,23.63
38.07,-72.31,23.73
38.07,-72.29,23.72
38.07,-72.27,23.68
38.07,-72.25,23.53
38.07,-72.23,23.51
38.07,-72.21,23.53
38.05,-75.17,22.6
38.05,-75.15,22.58
38.05,-75.13,22.76
38.05,-75.11,22.82
38.05,-75.09,22.94
38.05,-75.07,22.96
38.05,-75.05,22.97
38.05,-75.03,22.94
38.05,-75.01,22.88
38.05,-74.99,22.87
38.05,-74.97,22.86
38.05,-74.95,22.89
38.05,-74.93,23.02
38.05,-74.91,23.05
38.05,-74.89,23.06
38.05,-74.87,23.01
38.05,-74.85,23.02
38.05,-74.83,23.08
38.05,-74.81,23.1
38.05,-74.79,23.13
38.05,-74.77,23.13
38.05,-74.75,23.19
38.05,-74.73,23.21
38.05,-74.71,23.19
38.05,-74.69,23.24
38.05,-74.67,23.33
38.05,-74.65,23.38
38.05,-74.63,23.37
38.05,-74.61,23.54
38.05,-74.59,23.57
38.05,-74.57,23.57
38.05,-74.55,23.57
38.05,-74.53,23.59
38.05,-74.51,23.69
38.05,-74.49,23.85
38.05,-74.47,23.9
38.05,-74.45,23.86
38.05,-74.43,23.69
38.05,-74.41,23.87
38.05,-74.39,23.84
38.05,-74.37,23.8
38.05,-74.35,23.8
38.05,-74.33,23.8
38.05,-74.27,23.8
38.05,-73.83,23.64
38.05,-73.81,23.68
38.05,-73.79,23.7
38.05,-73.67,23.65
38.05,-72.97,23.91
38.05,-72.95,23.9
38.05,-72.93,23.84
38.05,-72.91,23.88
38.05,-72.89,23.9
38.05,-72.87,23.88
38.05,-72.85,23.82
38.05,-72.83,23.82
38.05,-72.81,23.89
38.05,-72.79,23.88
38.05,-72.77,23.81
38.05,-72.75,23.78
38.05,-72.73,23.77
38.05,-72.71,23.71
38.05,-72.69,23.63
38.05,-72.67,23.78
38.05,-72.65,23.83
38.05,-72.63,23.88
38.05,-72.49,23.65
38.05,-72.47,23.63
38.05,-72.45,23.65
38.05,-72.43,23.67
38.05,-72.33,23.71
38.05,-72.31,23.6
38.05,-72.29,23.59
38.05,-72.27,23.56
38.05,-72.25,23.52
38.05,-72.23,23.52
38.05,-72.21,23.62
38.03,-75.17,22.66
38.03,-75.15,22.61
38.03,-75.13,22.8
38.03,-75.11,23.03
38.03,-75.09,23.05
38.03,-75.07,23.05
38.03,-75.05,23.03
38.03,-75.03,22.93
38.03,-75.01,22.9
38.03,-74.99,22.94
38.03,-74.97,22.93
38.03,-74.95,22.95
38.03,-74.93,22.94
38.03,-74.91,23.02
38.03,-74.89,23.07
38.03,-74.87,23.03
38.03,-74.85,23.01
38.03,-74.83,23.07
38.03,-74.81,23.08
38.03,-74.79,23.09
38.03,-74.77,23.14
38.03,-74.75,23.19
38.03,-74.73,23.21
38.03,-74.71,23.2
38.03,-74.69,23.31
38.03,-74.67,23.53
38.03,-74.65,23.59
38.03,-74.63,23.72
38.03,-74.61,23.73
38.03,-74.59,23.68
38.03,-74.57,23.64
38.03,-74.55,23.67
38.03,-74.53,23.74
38.03,-74.51,23.84
38.03,-74.49,23.82
38.03,-74.47,23.81
38.03,-74.45,23.85
38.03,-74.43,23.86
38.03,-74.41,23.79
38.03,-74.39,23.76
38.03,-74.37,23.74
38.03,-74.35,23.8
38.03,-74.33,23.78
38.03,-73.93,23.63
38.03,-73.91,23.63
38.03,-73.89,23.6
38.03,-73.87,23.6
38.03,-73.85,23.63
38.03,-73.83,23.66
38.03,-73.67,23.65
38.03,-73.65,23.65
38.03,-73.43,23.86
38.03,-72.99,23.95
38.03,-72.97,23.93
38.03,-72.95,23.89
38.03,-72.93,23.84
38.03,-72.91,23.88
38.03,-72.89,23.9
38.03,-72.87,23.86
38.03,-72.85,23.86
38.03,-72.83,23.86
38.03,-72.81,23.86
38.03,-72.79,23.83
38.03,-72.77,23.79
38.03,-72.75,23.75
38.03,-72.73,23.73
38.03,-72.71,23.69
38.03,-72.69,23.62
38.03,-72.67,23.69
38.03,-72.65,23.84
38.03,-72.63,23.87
38.03,-72.61,23.8
38.03,-72.49,23.7
38.03,-72.37,23.81
38.03,-72.35,23.82
38.03,-72.33,23.74
38.03,-72.31,23.7
38.03,-72.29,23.64
38.03,-72.25,23.55
38.03,-72.23,23.57
38.03,-72.21,23.67
38.01,-75.17,22.77
38.01,-75.15,22.79
38.01,-75.13,22.79
38.01,-75.11,22.81
38.01,-75.09,23.05
38.01,-75.07,23.14
38.01,-75.05,23.05
38.01,-75.03,22.89
38.01,-75.01,22.91
38.01,-74.99,22.93
38.01,-74.97,22.97
38.01,-74.95,22.96
38.01,-74.93,22.97
38.01,-74.91,22.96
38.01,-74.89,23.07
38.01,-74.87,23.06
38.01,-74.85,23.1
38.01,-74.83,23.14
38.01,-74.81,23.04
38.01,-74.79,23.04
38.01,-74.77,23.12
38.01,-74.75,23.23
38.01,-74.73,23.3
38.01,-74.71,23.4
38.01,-74.69,23.64
38.01,-74.67,23.68
38.01,-74.65,23.62
38.01,-74.63,23.64
38.01,-74.61,23.75
38.01,-74.59,23.73
38.01,-74.57,23.72
38.01,-74.55,23.74
38.01,-74.53,23.84
38.01,-74.51,23.89
38.01,-74.49,23.84
38.01,-74.47,23.81
38.01,-74.45,23.85
38.01,-74.43,23.84
38.01,-74.41,23.77
38.01,-74.37,23.78
38.01,-74.35,23.79
38.01,-74.33,23.74
38.01,-74.05,23.64
38.01,-74.03,23.61
38.01,-74.01,23.61
38.01,-73.95,23.55
38.01,-73.93,23.6
38.01,-73.91,23.58
38.01,-73.89,23.56
38.01,-73.87,23.58
38.01,-73.85,23.72
38.01,-73.83,23.72
38.01,-73.69,23.69
38.01,-73.67,23.7
38.01,-73.59,23.92
38.01,-73.57,23.91
38.01,-73.43,23.82
38.01,-73.37,23.8
38.01,-73.21,23.8
38.01,-72.99,23.93
38.01,-72.97,23.93
38.01,-72.95,23.88
38.01,-72.93,23.89
38.01,-72.91,23.91
38.01,-72.89,23.91
38.01,-72.87,23.9
38.01,-72.85,23.88
38.01,-72.83,23.88
38.01,-72.81,23.84
38.01,-72.79,23.83
38.01,-72.77,23.8
38.01,-72.75,23.75
38.01,-72.73,23.69
38.01,-72.71,23.68
38.01,-72.69,23.66
38.01,-72.67,23.64
38.01,-72.65,23.71
38.01,-72.63,23.81
38.01,-72.61,23.77
38.01,-72.59,23.7
38.01,-72.39,23.94
38.01,-72.37,23.85
38.01,-72.35,23.78
38.01,-72.33,23.76
38.01,-72.27,23.6
38.01,-72.23,23.61
38.01,-72.21,23.64
37.99,-75.13,22.79
37.99,-75.11,22.83
37.99,-75.09,22.98
37.99,-75.07,23.13
37.99,-75.05,23.1
37.99,-75.03,23.04
37.99,-75.01,23.06
37.99,-74.99,23.04
37.99,-74.97,23.04
37.99,-74.95,23.03
37.99,-74.93,23.0
37.99,-74.91,22.96
37.99,-74.89,23.06
37.99,-74.87,23.11
37.99,-74.85,23.16
37.99,-74.83,23.14
37.99,-74.81,23.03
37.99,-74.79,23.09
37.99,-74.77,23.33
37.99,-74.75,23.44
37.99,-74.73,23.53
37.99,-74.71,23.71
37.99,-74.69,23.83
37.99,-74.67,23.73
37.99,-74.65,23.66
37.99,-74.63,23.63
37.99,-74.61,23.65
37.99,-74.59,23.73
37.99,-74.57,23.81
37.99,-74.55,23.87
37.99,-74.53,23.92
37.99,-74.51,23.91
37.99,-74.49,23.88
37.99,-74.47,23.84
37.99,-74.45,23.81
37.99,-74.43,23.78
37.99,-74.41,23.74
37.99,-74.37,23.82
37.99,-74.35,23.81
37.99,-74.33,23.73
37.99,-74.11,23.6
37.99,-74.09,23.6
37.99,-74.07,23.66
37.99,-74.05,23.68
37.99,-74.03,23.62
37.99,-74.01,23.59
37.99,-73.99,23.6
37.99,-73.97,23.57
37.99,-73.95,23.58
37.99,-73.93,23.56
37.99,-73.91,23.55
37.99,-73.85,23.75
37.99,-73.69,23.8
37.99,-73.67,23.79
37.99,-73.61,23.84
37.99,-73.59,23.85
37.99,-73.57,23.89
37.99,-73.55,23.89
37.99,-73.39,23.85
37.99,-73.25,23.78
37.99,-73.23,23.76
37.99,-73.05,23.81
37.99,-73.03,23.86
37.99,-73.01,23.87
37.99,-72.99,23.91
37.99,-72.97,23.92
37.99,-72.95,23.91
37.99,-72.93,23.92
37.99,-72.91,23.91
37.99,-72.89,23.91
37.99,-72.87,23.9
37.99,-72.85,23.89
37.99,-72.83,23.9
37.99,-72.81,23.85
37.99,-72.79,23.84
37.99,-72.75,23.75
37.99,-72.73,23.7
37.99,-72.71,23.68
37.99,-72.69,23.67
37.99,-72.67,23.63
37.99,-72.65,23.74
37.99,-72.63,23.78
37.99,-72.61,23.73
37.99,-72.59,23.71
37.99,-72.53,23.68
37.99,-72.51,23.68
37.99,-72.49,23.73
37.99,-72.39,23.79
37.99,-72.37,23.84
37.99,-72.35,23.75
37.99,-72.23,23.6
37.99,-72.21,23.63
37.97,-75.13,22.82
37.97,-75.11,22.86
37.97,-75.09,22.99
37.97,-75.07,23.12
37.97,-75.05,23.15
37.97,-75.03,23.09
37.97,-75.01,23.14
37.97,-74.99,23.17
37.97,-74.97,23.08
37.97,-74.95,23.05
37.97,-74.93,23.02
37.97,-74.91,23.03
37.97,-74.89,23.09
37.97,-74.87,23.14
37.97,-74.85,23.24
37.97,-74.83,23.2
37.97,-74.81,23.04
37.97,-74.79,23.39
37.97,-74.77,23.74
37.97,-74.75,23.83
37.97,-74.73,23.83
37.97,-74.71,23.87
37.97,-74.69,23.9
37.97,-74.67,23.84
37.97,-74.65,23.73
37.97,-74.63,23.66
37.97,-74.61,23.65
37.97,-74.59,23.78
37.97,-74.57,23.94
37.97,-74.55,23.95
37.97,-74.53,23.92
37.97,-74.51,23.87
37.97,-74.49,23.85
37.97,-74.47,23.82
37.97,-74.45,23.81
37.97,-74.43,23.79
37.97,-74.41,23.76
37.97,-74.39,23.74
37.97,-74.37,23.77
37.97,-74.35,23.76
37.97,-74.11,23.63
37.97,-74.09,23.61
37.97,-74.07,23.64
37.97,-74.05,23.69
37.97,-74.03,23.66
37.97,-74.01,23.57
37.97,-73.99,23.61
37.97,-73.97,23.59
37.97,-73.95,23.56
37.97,-73.93,23.54
37.97,-73.71,23.86
37.97,-73.69,23.87
37.97,-73.67,23.83
37.97,-73.63,23.87
37.97,-73.61,23.89
37.97,-73.59,23.87
37.97,-73.57,23.88
37.97,-73.25,23.75
37.97,-73.23,23.73
37.97,-73.21,23.72
37.97,-73.07,23.78
37.97,-73.05,23.79
37.97,-73.03,23.79
37.97,-73.01,23.82
37.97,-72.99,23.88
37.97,-72.97,23.9
37.97,-72.95,23.89
37.97,-72.93,23.93
37.97,-72.91,23.91
37.97,-72.89,23.88
37.97,-72.87,23.92
37.97,-72.85,23.9
37.97,-72.83,23.9
37.97,-72.81,23.91
37.97,-72.79,23.88
37.97,-72.77,23.77
37.97,-72.73,23.67
37.97,-72.71,23.67
37.97,-72.69,23.68
37.97,-72.67,23.7
37.97,-72.65,23.76
37.97,-72.63,23.69
37.97,-72.61,23.71
37.97,-72.53,23.62
37.97,-72.51,23.64
37.97,-72.49,23.74
37.97,-72.47,23.71
37.97,-72.45,23.61
37.97,-72.43,23.61
37.97,-72.41,23.66
37.97,-72.39,23.7
37.97,-72.27,23.52
37.97,-72.25,23.6
37.97,-72.23,23.69
37.97,-72.21,23.65
37.95,-75.19,22.77
37.95,-75.17,22.73
37.95,-75.15,22.75
37.95,-75.13,22.86
37.95,-75.11,23.08
37.95,-75.09,23.32
37.95,-75.07,23.34
37.95,-75.05,23.31
37.95,-75.03,23.27
37.95,-75.01,23.24
37.95,-74.99,23.21
37.95,-74.97,23.16
37.95,-74.95,23.12
37.95,-74.93,23.04
37.95,-74.91,22.95
37.95,-74.89,22.91
37.95,-74.87,23.24
37.95,-74.85,23.27
37.95,-74.83,23.29
37.95,-74.81,23.43
37.95,-74.79,23.8
37.95,-74.77,23.83
37.95,-74.75,23.87
37.95,-74.73,23.93
37.95,-74.71,23.97
37.95,-74.69,23.9
37.95,-74.67,23.83
37.95,-74.65,23.81
37.95,-74.63,23.75
37.95,-74.61,23.79
37.95,-74.59,23.99
37.95,-74.57,23.97
37.95,-74.55,23.97
37.95,-74.53,23.94
37.95,-74.51,23.89
37.95,-74.49,23.86
37.95,-74.47,23.86
37.95,-74.45,23.87
37.95,-74.43,23.8
37.95,-74.41,23.75
37.95,-74.39,23.68
37.95,-74.37,23.66
37.95,-74.35,23.7
37.95,-74.13,23.6
37.95,-74.11,23.64
37.95,-74.09,23.66
37.95,-73.99,23.59
37.95,-73.97,23.56
37.95,-73.95,23.52
37.95,-73.75,23.8
37.95,-73.73,23.81
37.95,-73.71,23.82
37.95,-73.69,23.86
37.95,-73.65,23.82
37.95,-73.63,23.8
37.95,-73.61,23.77
37.95,-73.59,23.81
37.95,-73.43,23.88
37.95,-73.41,23.88
37.95,-73.27,23.78
37.95,-73.25,23.79
37.95,-73.23,23.79
37.95,-73.21,23.77
37.95,-73.11,23.81
37.95,-73.09,23.79
37.95,-73.07,23.78
37.95,-73.05,23.81
37.95,-73.03,23.83
37.95,-73.01,23.86
37.95,-72.99,23.94
37.95,-72.97,23.95
37.95,-72.95,23.91
37.95,-72.93,23.91
37.95,-72.91,23.91
37.95,-72.89,23.9
37.95,-72.87,23.93
37.95,-72.85,23.92
37.95,-72.83,23.89
37.95,-72.81,23.9
37.95,-72.79,23.87
37.95,-72.77,23.73
37.95,-72.75,23.7
37.95,-72.73,23.69
37.95,-72.71,23.69
37.95,-72.69,23.7
37.95,-72.67,23.71
37.95,-72.65,23.69
37.95,-72.63,23.69
37.95,-72.61,23.69
37.95,-72.59,23.67
37.95,-72.55,23.73
37.95,-72.53,23.71
37.95,-72.51,23.67
37.95,-72.49,23.7
37.95,-72.47,23.67
37.95,-72.45,23.67
37.95,-72.43,23.67
37.95,-72.35,23.66
37.95,-72.33,23.79
37.95,-72.31,23.84
37.95,-72.29,23.67
37.95,-72.27,23.6
37.95,-72.25,23.67
37.95,-72.23,23.71
37.95,-72.21,23.65
37.93,-75.97,25.83
37.93,-75.95,25.88
37.93,-75.19,22.81
37.93,-75.17,22.77
37.93,-75.15,22.87
37.93,-75.13,23.36
37.93,-75.11,23.46
37.93,-75.09,23.52
37.93,-75.07,23.49
37.93,-75.05,23.39
37.93,-75.03,23.35
37.93,-75.01,23.37
37.93,-74.99,23.39
37.93,-74.97,23.33
37.93,-74.95,23.18
37.93,-74.93,23.08
37.93,-74.91,22.98
37.93,-74.89,22.98
37.93,-74.87,23.33
37.93,-74.85,23.38
37.93,-74.83,23.75
37.93,-74.81,23.78
37.93,-74.79,23.81
37.93,-74.77,23.9
37.93,-74.75,23.97
37.93,-74.73,24.04
37.93,-74.71,23.95
37.93,-74.69,23.85
37.93,-74.67,23.85
37.93,-74.65,23.86
37.93,-74.63,23.91
37.93,-74.61,23.94
37.93,-74.59,23.96
37.93,-74.57,23.92
37.93,-74.55,23.94
37.93,-74.53,23.86
37.93,-74.51,23.86
37.93,-74.49,23.83
37.93,-74.47,23.83
37.93,-74.45,23.8
37.93,-74.43,23.73
37.93,-74.41,23.68
37.93,-74.39,23.65
37.93,-74.37,23.64
37.93,-74.13,23.58
37.93,-73.99,23.59
37.93,-73.97,23.57
37.93,-73.77,23.75
37.93,-73.75,23.82
37.93,-73.73,23.82
37.93,-73.71,23.78
37.93,-73.69,23.83
37.93,-73.67,23.84
37.93,-73.65,23.84
37.93,-73.63,23.83
37.93,-73.61,23.75
37.93,-73.59,23.73
37.93,-73.47,23.89
37.93,-73.45,23.87
37.93,-73.27,23.82
37.93,-73.25,23.81
37.93,-73.13,23.78
37.93,-73.11,23.81
37.93,-73.09,23.82
37.93,-73.07,23.83
37.93,-73.05,23.85
37.93,-73.03,23.85
37.93,-73.01,23.83
37.93,-72.99,23.85
37.93,-72.97,23.82
37.93,-72.95,23.8
37.93,-72.93,23.9
37.93,-72.91,23.86
37.93,-72.89,23.92
37.93,-72.87,23.96
37.93,-72.85,23.9
37.93,-72.83,23.83
37.93,-72.81,23.82
37.93,-72.79,23.76
37.93,-72.77,23.69
37.93,-72.75,23.66
37.93,-72.73,23.69
37.93,-72.71,23.68
37.93,-72.69,23.65
37.93,-72.67,23.66
37.93,-72.65,23.63
37.93,-72.63,23.69
37.93,-72.61,23.7
37.93,-72.53,23.74
37.93,-72.51,23.68
37.93,-72.49,23.68
37.93,-72.47,23.68
37.93,-72.45,23.68
37.93,-72.43,23.68
37.93,-72.39,23.77
37.93,-72.37,23.77
37.93,-72.35,23.73
37.93,-72.33,23.92
37.93,-72.31,23.84
37.93,-72.29,23.85
37.93,-72.27,23.79
37.93,-72.25,23.75
37.93,-72.23,23.71
37.93,-72.21,23.59
37.91,-76.01,25.64
37.91,-75.99,25.64
37.91,-75.97,25.68
37.91,-75.95,25.88
37.91,-75.93,25.89
37.91,-75.13,23.43
37.91,-75.11,23.57
37.91,-75.09,23.55
37.91,-75.07,23.49
37.91,-75.05,23.47
37.91,-75.03,23.48
37.91,-75.01,23.44
37.91,-74.99,23.47
37.91,-74.97,23.43
37.91,-74.95,23.29
37.91,-74.93,23.22
37.91,-74.91,23.16
37.91,-74.89,23.18
37.91,-74.87,23.54
37.91,-74.85,23.88
37.91,-74.83,23.99
37.91,-74.81,23.95
37.91,-74.79,23.94
37.91,-74.77,23.96
37.91,-74.75,24.02
37.91,-74.73,24.04
37.91,-74.71,23.87
37.91,-74.69,23.85
37.91,-74.67,23.89
37.91,-74.65,23.93
37.91,-74.63,23.94
37.91,-74.61,23.96
37.91,-74.59,23.94
37.91,-74.57,23.92
37.91,-74.55,23.92
37.91,-74.53,23.86
37.91,-74.51,23.81
37.91,-74.49,23.77
37.91,-74.47,23.74
37.91,-74.45,23.69
37.91,-74.43,23.71
37.91,-74.41,23.66
37.91,-74.39,23.59
37.91,-74.37,23.59
37.91,-74.17,23.8
37.91,-73.79,23.8
37.91,-73.77,23.79
37.91,-73.75,23.83
37.91,-73.73,23.7
37.91,-73.71,23.72
37.91,-73.69,23.82
37.91,-73.67,23.88
37.91,-73.65,23.89
37.91,-73.63,23.84
37.91,-73.59,23.76
37.91,-73.45,23.89
37.91,-73.43,23.9
37.91,-73.41,23.92
37.91,-73.39,23.96
37.91,-73.15,23.75
37.91,-73.13,23.72
37.91,-73.11,23.72
37.91,-73.09,23.82
37.91,-73.07,23.88
37.91,-73.05,23.86
37.91,-73.03,23.87
37.91,-73.01,23.81
37.91,-72.99,23.8
37.91,-72.97,23.84
37.91,-72.95,23.85
37.91,-72.93,23.86
37.91,-72.91,23.87
37.91,-72.89,23.86
37.91,-72.87,23.85
37.91,-72.85,23.83
37.91,-72.83,23.81
37.91,-72.81,23.79
37.91,-72.79,23.78
37.91,-72.77,23.67
37.91,-72.75,23.65
37.91,-72.73,23.7
37.91,-72.71,23.69
37.91,-72.69,23.66
37.91,-72.67,23.63
37.91,-72.65,23.63
37.91,-72.63,23.64
37.91,-72.59,23.72
37.91,-72.51,23.73
37.91,-72.49,23.7
37.91,-72.47,23.68
37.91,-72.41,23.63
37.91,-72.39,23.64
37.91,-72.37,23.62
37.91,-72.35,23.6
37.91,-72.33,23.88
37.91,-72.31,23.81
37.91,-72.29,23.78
37.91,-72.27,23.78
37.91,-72.25,23.77
37.91,-72.23,23.6
37.91,-72.21,23.6
37.89,-76.03,25.72
37.89,-76.01,25.68
37.89,-75.99,25.68
37.89,-75.97,25.69
37.89,-75.95,25.85
37.89,-75.93,25.88
37.89,-75.15,23.06
37.89,-75.13,23.17
37.89,-75.11,23.6
37.89,-75.09,23.58
37.89,-75.07,23.53
37.89,-75.05,23.57
37.89,-75.03,23.55
37.89,-75.01,23.48
37.89,-74.99,23.43
37.89,-74.97,23.37
37.89,-74.95,23.32
37.89,-74.93,23.34
37.89,-74.91,23.57
37.89,-74.89,23.54
37.89,-74.87,23.83
37.89,-74.85,23.99
37.89,-74.83,24.06
37.89,-74.81,24.03
37.89,-74.79,23.99
37.89,-74.77,24.05
37.89,-74.75,24.07
37.89,-74.73,24.0
37.89,-74.71,23.88
37.89,-74.69,23.84
37.89,-74.67,23.94
37.89,-74.65,23.95
37.89,-74.63,23.96
37.89,-74.61,23.91
37.89,-74.59,23.82
37.89,-74.57,23.82
37.89,-74.55,23.86
37.89,-74.53,23.84
37.89,-74.51,23.79
37.89,-74.49,23.76
37.89,-74.47,23.73
37.89,-74.45,23.69
37.89,-74.43,23.66
37.89,-74.41,23.67
37.89,-74.39,23.6
37.89,-73.79,23.8
37.89,-73.77,23.78
37.89,-73.75,23.78
37.89,-73.73,23.74
37.89,-73.69,24.1
37.89,-73.67,24.07
37.89,-73.65,23.97
37.89,-73.59,23.8
37.89,-73.57,23.81
37.89,-73.55,23.84
37.89,-73.43,23.9
37.89,-73.41,23.92
37.89,-73.17,23.74
37.89,-73.15,23.73
37.89,-73.13,23.68
37.89,-73.11,23.67
37.89,-73.09,23.86
37.89,-73.07,23.88
37.89,-73.05,23.81
37.89,-73.03,23.78
37.89,-73.01,23.64
37.89,-72.99,23.72
37.89,-72.97,23.86
37.89,-72.95,23.89
37.89,-72.93,23.89
37.89,-72.91,23.88
37.89,-72.89,23.86
37.89,-72.87,23.83
37.89,-72.85,23.8
37.89,-72.83,23.81
37.89,-72.81,23.78
37.89,-72.79,23.77
37.89,-72.77,23.66
37.89,-72.75,23.67
37.89,-72.73,23.68
37.89,-72.71,23.69
37.89,-72.69,23.68
37.89,-72.67,23.65
37.89,-72.63,23.69
37.89,-72.61,23.71
37.89,-72.59,23.72
37.89,-72.53,23.66
37.89,-72.51,23.69
37.89,-72.49,23.67
37.89,-72.47,23.61
37.89,-72.45,23.53
37.89,-72.43,23.56
37.89,-72.41,23.63
37.89,-72.39,23.66
37.89,-72.37,23.62
37.89,-72.35,23.58
37.89,-72.33,23.65
37.89,-72.31,23.85
37.89,-72.29,23.84
37.89,-72.27,23.85
37.89,-72.25,23.67
37.89,-72.23,23.6
37.89,-72.21,23.79
37.87,-75.97,25.69
37.87,-75.95,25.79
37.87,-75.93,25.74
37.87,-75.91,25.7
37.87,-75.89,25.64
37.87,-75.19,22.84
37.87,-75.17,22.9
37.87,-75.15,22.96
37.87,-75.13,23.15
37.87,-75.11,23.36
37.87,-75.09,23.45
37.87,-75.07,23.69
37.87,-75.05,23.67
37.87,-75.03,23.6
37.87,-75.01,23.55
37.87,-74.99,23.52
37.87,-74.97,23.58
37.87,-74.95,23.61
37.87,-74.93,23.73
37.87,-74.91,23.81
37.87,-74.89,23.87
37.87,-74.87,23.9
37.87,-74.85,24.01
37.87,-74.83,24.08
37.87,-74.81,24.01
37.87,-74.79,24.0
37.87,-74.77,24.07
37.87,-74.75,24.08
37.87,-74.73,24.0
37.87,-74.71,23.89
37.87,-74.69,23.83
37.87,-74.67,23.91
37.87,-74.65,23.95
37.87,-74.63,23.93
37.87,-74.61,23.9
37.87,-74.59,23.84
37.87,-74.57,23.83
37.87,-74.55,23.82
37.87,-74.53,23.79
37.87,-74.51,23.76
37.87,-74.49,23.75
37.87,-74.47,23.74
37.87,-74.45,23.64
37.87,-74.43,23.62
37.87,-73.77,23.72
37.87,-73.75,23.81
37.87,-73.67,24.04
37.87,-73.65,24.02
37.87,-73.59,23.95
37.87,-73.57,23.95
37.87,-73.55,23.88
37.87,-73.53,23.88
37.87,-73.49,23.88
37.87,-73.47,23.87
37.87,-73.31,23.68
37.87,-73.29,23.64
37.87,-73.27,23.65
37.87,-73.25,23.71
37.87,-73.23,23.74
37.87,-73.21,23.74
37.87,-73.15,23.66
37.87,-73.13,23.65
37.87,-73.11,23.7
37.87,-73.09,23.77
37.87,-73.07,23.82
37.87,-73.05,23.7
37.87,-73.03,23.6
37.87,-73.01,23.6
37.87,-72.99,23.7
37.87,-72.97,23.78
37.87,-72.95,23.79
37.87,-72.93,23.77
37.87,-72.91,23.76
37.87,-72.89,23.73
37.87,-72.87,23.73
37.87,-72.85,23.73
37.87,-72.83,23.71
37.87,-72.81,23.67
37.87,-72.79,23.65
37.87,-72.77,23.64
37.87,-72.75,23.62
37.87,-72.73,23.63
37.87,-72.71,23.63
37.87,-72.63,23.68
37.87,-72.61,23.71
37.87,-72.59,23.7
37.87,-72.57,23.65
37.87,-72.55,23.67
37.87,-72.53,23.68
37.87,-72.51,23.66
37.87,-72.49,23.67
37.87,-72.47,23.61
37.87,-72.45,23.56
37.87,-72.43,23.65
37.87,-72.41,23.71
37.87,-72.39,23.67
37.87,-72.37,23.65
37.87,-72.35,23.63
37.87,-72.33,23.6
37.87,-72.31,23.81
37.87,-72.29,23.92
37.87,-72.27,23.99
37.87,-72.25,23.87
37.87,-72.23,23.87
37.87,-72.21,23.87
37.85,-75.97,25.59
37.85,-75.95,25.66
37.85,-75.93,25.71
37.85,-75.91,25.75
37.85,-75.89,25.55
37.85,-75.17,23.0
37.85,-75.15,23.04
37.85,-75.13,23.18
37.85,-75.11,23.46
37.85,-75.09,23.59
37.85,-75.07,23.74
37.85,-75.05,23.74
37.85,-75.03,23.68
37.85,-75.01,23.64
37.85,-74.99,23.68
37.85,-74.97,23.67
37.85,-74.95,23.71
37.85,-74.93,23.79
37.85,-74.91,23.84
37.85,-74.89,23.96
37.85,-74.87,23.96
37.85,-74.85,24.02
37.85,-74.83,24.08
37.85,-74.81,24.0
37.85,-74.79,23.99
37.85,-74.77,24.07
37.85,-74.75,24.07
37.85,-74.73,23.99
37.85,-74.71,23.91
37.85,-74.69,23.92
37.85,-74.67,24.0
37.85,-74.65,23.97
37.85,-74.63,23.94
37.85,-74.61,23.9
37.85,-74.59,23.8
37.85,-74.57,23.78
37.85,-74.55,23.79
37.85,-74.53,23.77
37.85,-74.51,23.75
37.85,-74.49,23.78
37.85,-74.47,23.71
37.85,-74.45,23.63
37.85,-74.43,23.63
37.85,-74.31,23.57
37.85,-74.29,23.57
37.85,-74.27,23.59
37.85,-74.23,23.6
37.85,-74.21,23.58
37.85,-73.69,23.94
37.85,-73.67,23.86
37.85,-73.59,23.95
37.85,-73.57,23.94
37.85,-73.49,23.88
37.85,-73.47,23.87
37.85,-73.45,23.89
37.85,-73.43,23.86
37.85,-73.37,23.67
37.85,-73.35,23.67
37.85,-73.33,23.63
37.85,-73.31,23.62
37.85,-73.29,23.61
37.85,-73.27,23.61
37.85,-73.25,23.66
37.85,-73.17,23.53
37.85,-73.15,23.6
37.85,-73.13,23.65
37.85,-73.11,23.7
37.85,-73.09,23.76
37.85,-73.07,23.71
37.85,-73.05,23.64
37.85,-73.03,23.55
37.85,-73.01,23.6
37.85,-72.99,23.68
37.85,-72.97,23.77
37.85,-72.95,23.76
37.85,-72.93,23.7
37.85,-72.91,23.7
37.85,-72.89,23.68
37.85,-72.87,23.64
37.85,-72.85,23.62
37.85,-72.83,23.63
37.85,-72.81,23.62
37.85,-72.79,23.61
37.85,-72.77,23.61
37.85,-72.75,23.55
37.85,-72.73,23.55
37.85,-72.71,23.59
37.85,-72.69,23.56
37.85,-72.67,23.53
37.85,-72.65,23.54
37.85,-72.63,23.61
37.85,-72.61,23.65
37.85,-72.59,23.64
37.85,-72.57,23.63
37.85,-72.55,23.67
37.85,-72.53,23.66
37.85,-72.51,23.63
37.85,-72.49,23.64
37.85,-72.47,23.66
37.85,-72.45,23.67
37.85,-72.43,23.74
37.85,-72.41,23.7
37.85,-72.39,23.63
37.85,-72.37,23.6
37.85,-72.35,23.64
37.85,-72.33,23.67
37.85,-72.31,23.78
37.85,-72.29,23.77
37.85,-72.27,24.04
37.85,-72.25,24.1
37.85,-72.23,24.12
37.85,-72.21,24.06
37.83,-75.97,25.64
37.83,-75.95,25.65
37.83,-75.93,25.73
37.83,-75.91,25.75
37.83,-75.89,25.62
37.83,-75.17,23.23
37.83,-75.15,23.21
37.83,-75.13,23.46
37.83,-75.11,23.58
37.83,-75.09,23.73
37.83,-75.07,23.77
37.83,-75.05,23.78
37.83,-75.03,23.8
37.83,-75.01,23.76
37.83,-74.99,23.76
37.83,-74.97,23.81
37.83,-74.95,23.87
37.83,-74.93,23.88
37.83,-74.91,23.88
37.83,-74.89,23.91
37.83,-74.87,24.04
37.83,-74.85,24.12
37.83,-74.83,24.11
37.83,-74.81,24.07
37.83,-74.79,24.07
37.83,-74.77,24.06
37.83,-74.75,24.0
37.83,-74.73,23.96
37.83,-74.71,23.96
37.83,-74.69,24.02
37.83,-74.67,24.04
37.83,-74.65,24.01
37.83,-74.63,23.99
37.83,-74.61,23.97
37.83,-74.59,23.88
37.83,-74.57,23.92
37.83,-74.55,23.78
37.83,-74.53,23.77
37.83,-74.51,23.78
37.83,-74.49,23.7
37.83,-74.47,23.62
37.83,-74.45,23.58
37.83,-74.31,23.62
37.83,-74.29,23.6
37.83,-74.27,23.66
37.83,-74.25,23.69
37.83,-74.23,23.69
37.83,-74.21,23.65
37.83,-73.69,23.99
37.83,-73.67,23.82
37.83,-73.61,23.98
37.83,-73.59,23.96
37.83,-73.57,23.92
37.83,-73.49,23.97
37.83,-73.47,23.98
37.83,-73.45,23.93
37.83,-73.39,23.6
37.83,-73.37,23.65
37.83,-73.35,23.67
37.83,-73.33,23.66
37.83,-73.31,23.64
37.83,-73.29,23.57
37.83,-73.17,23.49
37.83,-73.15,23.58
37.83,-73.13,23.64
37.83,-73.11,23.67
37.83,-73.09,23.62
37.83,-73.07,23.67
37.83,-73.05,23.62
37.83,-73.03,23.5
37.83,-73.01,23.57
37.83,-72.99,23.6
37.83,-72.97,23.69
37.83,-72.95,23.67
37.83,-72.93,23.65
37.83,-72.91,23.63
37.83,-72.89,23.64
37.83,-72.87,23.61
37.83,-72.85,23.58
37.83,-72.83,23.58
37.83,-72.81,23.57
37.83,-72.79,23.59
37.83,-72.77,23.57
37.83,-72.75,23.52
37.83,-72.73,23.54
37.83,-72.71,23.58
37.83,-72.69,23.54
37.83,-72.67,23.53
37.83,-72.65,23.61
37.83,-72.63,23.68
37.83,-72.61,23.71
37.83,-72.59,23.66
37.83,-72.57,23.67
37.83,-72.55,23.64
37.83,-72.53,23.62
37.83,-72.51,23.6
37.83,-72.49,23.62
37.83,-72.47,23.68
37.83,-72.45,23.75
37.83,-72.43,23.74
37.83,-72.41,23.65
37.83,-72.39,23.59
37.83,-72.37,23.54
37.83,-72.35,23.59
37.83,-72.33,23.65
37.83,-72.31,23.73
37.83,-72.29,23.67
37.83,-72.27,24.05
37.83,-72.25,24.14
37.83,-72.23,24.23
37.83,-72.21,24.24
37.81,-75.97,25.59
37.81,-75.95,25.64
37.81,-75.93,25.68
37.81,-75.91,25.7
37.81,-75.89,25.61
37.81,-75.87,25.56
37.81,-75.19,23.26
37.81,-75.17,23.29
37.81,-75.15,23.28
37.81,-75.13,23.59
37.81,-75.11,23.68
37.81,-75.09,23.79
37.81,-75.07,23.9
37.81,-75.05,23.87
37.81,-75.03,23.85
37.81,-75.01,23.89
37.81,-74.99,23.9
37.81,-74.97,23.81
37.81,-74.95,23.77
37.81,-74.93,23.84
37.81,-74.91,23.85
37.81,-74.89,23.92
37.81,-74.87,24.07
37.81,-74.85,24.07
37.81,-74.83,24.04
37.81,-74.81,24.04
37.81,-74.79,24.07
37.81,-74.77,24.0
37.81,-74.75,23.98
37.81,-74.73,23.97
37.81,-74.71,24.04
37.81,-74.69,24.05
37.81,-74.67,24.05
37.81,-74.65,24.08
37.81,-74.63,24.05
37.81,-74.61,23.93
37.81,-74.59,23.91
37.81,-74.57,23.92
37.81,-74.55,23.88
37.81,-74.53,23.8
37.81,-74.51,23.74
37.81,-74.49,23.68
37.81,-74.47,23.63
37.81,-74.45,23.63
37.81,-74.43,23.61
37.81,-74.41,23.6
37.81,-74.39,23.65
37.81,-74.31,23.5
37.81,-74.29,23.57
37.81,-74.27,23.67
37.81,-74.25,23.68
37.81,-74.23,23.7
37.81,-73.71,23.81
37.81,-73.69,23.79
37.81,-73.61,24.07
37.81,-73.59,24.0
37.81,-73.57,23.9
37.81,-73.51,23.87
37.81,-73.49,23.89
37.81,-73.47,23.89
37.81,-73.41,23.62
37.81,-73.39,23.59
37.81,-73.37,23.65
37.81,-73.35,23.65
37.81,-73.33,23.66
37.81,-73.31,23.63
37.81,-73.19,23.55
37.81,-73.15,23.62
37.81,-73.13,23.66
37.81,-73.11,23.61
37.81,-73.09,23.56
37.81,-73.07,23.54
37.81,-73.05,23.68
37.81,-73.03,23.6
37.81,-73.01,23.56
37.81,-72.99,23.63
37.81,-72.97,23.66
37.81,-72.95,23.63
37.81,-72.93,23.57
37.81,-72.91,23.57
37.81,-72.89,23.56
37.81,-72.87,23.54
37.81,-72.85,23.55
37.81,-72.83,23.58
37.81,-72.81,23.54
37.81,-72.79,23.51
37.81,-72.77,23.54
37.81,-72.75,23.53
37.81,-72.73,23.55
37.81,-72.71,23.53
37.81,-72.69,23.58
37.81,-72.67,23.64
37.81,-72.65,23.69
37.81,-72.63,23.71
37.81,-72.61,23.75
37.81,-72.59,23.79
37.81,-72.57,23.76
37.81,-72.55,23.76
37.81,-72.53,23.61
37.81,-72.51,23.62
37.81,-72.49,23.73
37.81,-72.47,23.79
37.81,-72.45,23.79
37.81,-72.43,23.73
37.81,-72.41,23.71
37.81,-72.39,23.58
37.81,-72.37,23.57
37.81,-72.35,23.56
37.81,-72.33,23.77
37.81,-72.31,23.8
37.81,-72.29,23.85
37.81,-72.27,24.0
37.81,-72.25,24.13
37.81,-72.23,24.17
37.81,-72.21,24.12
37.79,-75.99,25.51
37.79,-75.97,25.52
37.79,-75.95,25.59
37.79,-75.93,25.6
37.79,-75.91,25.64
37.79,-75.89,25.63
37.79,-75.87,25.61
37.79,-75.31,22.82
37.79,-75.21,23.21
37.79,-75.19,23.33
37.79,-75.17,23.44
37.79,-75.15,23.6
37.79,-75.13,23.65
37.79,-75.11,23.74
37.79,-75.09,23.88
37.79,-75.07,23.98
37.79,-75.05,23.95
37.79,-75.03,23.94
37.79,-75.01,23.99
37.79,-74.99,23.94
37.79,-74.97,23.89
37.79,-74.95,23.7
37.79,-74.93,23.53
37.79,-74.91,23.53
37.79,-74.89,23.92
37.79,-74.87,24.13
37.79,-74.85,24.05
37.79,-74.83,24.0
37.79,-74.81,24.04
37.79,-74.79,24.08
37.79,-74.77,24.03
37.79,-74.75,23.95
37.79,-74.73,23.98
37.79,-74.71,24.05
37.79,-74.69,24.02
37.79,-74.67,24.05
37.79,-74.65,24.1
37.79,-74.63,24.03
37.79,-74.61,23.92
37.79,-74.59,23.94
37.79,-74.57,23.93
37.79,-74.55,23.85
37.79,-74.53,23.77
37.79,-74.51,23.74
37.79,-74.49,23.75
37.79,-74.47,23.8
37.79,-74.45,23.82
37.79,-74.43,23.7
37.79,-74.41,23.57
37.79,-74.39,23.62
37.79,-74.37,23.65
37.79,-74.35,23.6
37.79,-74.33,23.53
37.79,-74.31,23.52
37.79,-74.29,23.61
37.79,-74.27,23.64
37.79,-74.25,23.67
37.79,-73.63,24.03
37.79,-73.61,24.07
37.79,-73.59,24.0
37.79,-73.57,23.92
37.79,-73.53,23.98
37.79,-73.51,23.9
37.79,-73.41,23.8
37.79,-73.39,23.62
37.79,-73.37,23.78
37.79,-73.35,23.83
37.79,-73.33,23.74
37.79,-73.19,23.52
37.79,-73.17,23.51
37.79,-73.13,23.46
37.79,-73.11,23.47
37.79,-73.09,23.53
37.79,-73.07,23.54
37.79,-73.05,23.45
37.79,-73.03,23.45
37.79,-73.01,23.6
37.79,-72.99,23.64
37.79,-72.97,23.64
37.79,-72.95,23.62
37.79,-72.93,23.58
37.79,-72.91,23.59
37.79,-72.89,23.57
37.79,-72.87,23.57
37.79,-72.85,23.54
37.79,-72.83,23.54
37.79,-72.81,23.54
37.79,-72.79,23.57
37.79,-72.77,23.56
37.79,-72.75,23.55
37.79,-72.73,23.54
37.79,-72.71,23.59
37.79,-72.69,23.68
37.79,-72.67,23.7
37.79,-72.65,23.74
37.79,-72.63,23.73
37.79,-72.61,23.77
37.79,-72.59,23.81
37.79,-72.57,23.79
37.79,-72.55,23.77
37.79,-72.53,23.72
37.79,-72.51,23.71
37.79,-72.49,23.75
37.79,-72.47,23.92
37.79,-72.45,23.92
37.79,-72.41,23.72
37.79,-72.39,23.71
37.79,-72.37,23.63
37.79,-72.35,23.7
37.79,-72.33,23.74
37.79,-72.31,23.84
37.79,-72.29,23.97
37.79,-72.27,24.03
37.79,-72.25,24.07
37.79,-72.23,24.1
37.79,-72.21,24.09
37.77,-75.99,25.52
37.77,-75.97,25.54
37.77,-75.95,25.55
37.77,-75.93,25.57
37.77,-75.91,25.64
37.77,-75.89,25.65
37.77,-75.87,25.61
37.77,-75.25,23.11
37.77,-75.23,23.17
37.77,-75.21,23.23
37.77,-75.19,23.56
37.77,-75.17,23.77
37.77,-75.15,23.77
37.77,-75.13,23.8
37.77,-75.11,23.85
37.77,-75.09,23.87
37.77,-75.07,23.9
37.77,-75.05,23.92
37.77,-75.03,23.96
37.77,-75.01,24.03
37.77,-74.99,23.94
37.77,-74.97,23.94
37.77,-74.95,23.83
37.77,-74.93,23.29
37.77,-74.91,23.5
37.77,-74.89,24.0
37.77,-74.87,24.09
37.77,-74.85,24.05
37.77,-74.83,24.0
37.77,-74.81,24.01
37.77,-74.79,24.08
37.77,-74.77,24.08
37.77,-74.75,24.04
37.77,-74.73,24.06
37.77,-74.71,24.09
37.77,-74.69,24.08
37.77,-74.67,24.07
37.77,-74.65,24.08
37.77,-74.63,24.08
37.77,-74.61,23.97
37.77,-74.59,23.92
37.77,-74.57,23.94
37.77,-74.55,23.91
37.77,-74.49,23.79
37.77,-74.47,23.83
37.77,-74.45,23.83
37.77,-74.43,23.65
37.77,-74.41,23.57
37.77,-74.39,23.58
37.77,-74.37,23.62
37.77,-74.35,23.57
37.77,-74.33,23.54
37.77,-74.31,23.52
37.77,-74.29,23.62
37.77,-74.27,23.63
37.77,-73.63,23.99
37.77,-73.61,24.03
37.77,-73.59,24.0
37.77,-73.53,24.0
37.77,-73.43,23.84
37.77,-73.41,23.84
37.77,-73.39,23.86
37.77,-73.37,23.86
37.77,-73.25,23.57
37.77,-73.23,23.51
37.77,-73.21,23.48
37.77,-73.19,23.5
37.77,-73.17,23.46
37.77,-73.15,23.42
37.77,-73.13,23.43
37.77,-73.11,23.47
37.77,-73.09,23.46
37.77,-73.07,23.46
37.77,-73.05,23.42
37.77,-73.03,23.45
37.77,-73.01,23.55
37.77,-72.99,23.58
37.77,-72.97,23.58
37.77,-72.95,23.57
37.77,-72.93,23.56
37.77,-72.91,23.58
37.77,-72.89,23.58
37.77,-72.87,23.58
37.77,-72.85,23.5
37.77,-72.83,23.54
37.77,-72.81,23.57
37.77,-72.79,23.58
37.77,-72.77,23.56
37.77,-72.75,23.53
37.77,-72.73,23.6
37.77,-72.71,23.65
37.77,-72.69,23.67
37.77,-72.67,23.69
37.77,-72.65,23.82
37.77,-72.63,23.82
37.77,-72.61,23.82
37.77,-72.59,23.79
37.77,-72.57,23.7
37.77,-72.55,23.73
37.77,-72.53,23.81
37.77,-72.51,23.79
37.77,-72.49,23.83
37.77,-72.47,23.84
37.77,-72.45,23.85
37.77,-72.39,23.82
37.77,-72.37,23.73
37.77,-72.35,23.82
37.77,-72.33,23.85
37.77,-72.31,23.94
37.77,-72.29,24.14
37.77,-72.27,24.11
37.77,-72.25,24.1
37.77,-72.23,24.06
37.77,-72.21,24.04
37.75,-76.01,25.43
37.75,-75.99,25.44
37.75,-75.97,25.49
37.75,-75.95,25.51
37.75,-75.93,25.56
37.75,-75.91,25.69
37.75,-75.89,25.74
37.75,-75.87,25.8
37.75,-75.25,23.02
37.75,-75.23,23.15
37.75,-75.21,23.42
37.75,-75.19,23.78
37.75,-75.17,23.95
37.75,-75.15,23.98
37.75,-75.13,23.95
37.75,-75.11,23.96
37.75,-75.09,23.9
37.75,-75.07,23.87
37.75,-75.05,23.9
37.75,-75.03,23.98
37.75,-75.01,24.0
37.75,-74.99,23.83
37.75,-74.97,23.69
37.75,-74.95,23.29
37.75,-74.93,23.18
37.75,-74.91,23.46
37.75,-74.89,24.01
37.75,-74.87,24.04
37.75,-74.85,23.93
37.75,-74.83,23.96
37.75,-74.81,24.05
37.75,-74.79,24.09
37.75,-74.77,24.1
37.75,-74.75,24.1
37.75,-74.73,24.09
37.75,-74.71,24.01
37.75,-74.69,24.03
37.75,-74.67,24.06
37.75,-74.65,24.05
37.75,-74.63,24.09
37.75,-74.61,24.07
37.75,-74.59,23.91
37.75,-74.57,23.78
37.75,-74.55,23.7
37.75,-74.53,23.67
37.75,-74.49,23.61
37.75,-74.47,23.64
37.75,-74.45,23.65
37.75,-74.43,23.59
37.75,-74.41,23.59
37.75,-74.39,23.63
37.75,-74.37,23.6
37.75,-74.35,23.59
37.75,-74.33,23.6
37.75,-74.31,23.62
37.75,-74.29,23.48
37.75,-74.27,23.43
37.75,-73.47,23.83
37.75,-73.45,23.82
37.75,-73.43,23.83
37.75,-73.41,23.91
37.75,-73.39,23.96
37.75,-73.37,23.81
37.75,-73.35,23.62
37.75,-73.27,23.67
37.75,-73.25,23.65
37.75,-73.15,23.44
37.75,-73.13,23.43
37.75,-73.11,23.47
37.75,-73.09,23.49
37.75,-73.07,23.49
37.75,-73.05,23.48
37.75,-73.03,23.5
37.75,-73.01,23.6
37.75,-72.99,23.56
37.75,-72.97,23.52
37.75,-72.95,23.53
37.75,-72.93,23.56
37.75,-72.91,23.59
37.75,-72.89,23.61
37.75,-72.87,23.57
37.75,-72.85,23.54
37.75,-72.83,23.59
37.75,-72.81,23.64
37.75,-72.79,23.64
37.75,-72.77,23.63
37.75,-72.75,23.66
37.75,-72.73,23.67
37.75,-72.71,23.65
37.75,-72.69,23.7
37.75,-72.67,23.76
37.75,-72.65,23.79
37.75,-72.63,23.76
37.75,-72.61,23.81
37.75,-72.59,23.82
37.75,-72.57,23.73
37.75,-72.55,23.67
37.75,-72.53,23.76
37.75,-72.51,23.84
37.75,-72.49,23.86
37.75,-72.47,23.84
37.75,-72.45,23.8
37.75,-72.41,23.89
37.75,-72.39,23.91
37.75,-72.37,23.83
37.75,-72.35,23.93
37.75,-72.33,23.95
37.75,-72.31,23.98
37.75,-72.29,24.05
37.75,-72.27,24.14
37.75,-72.25,24.11
37.75,-72.23,24.01
37.75,-72.21,24.06
37.73,-76.03,25.5
37.73,-76.01,25.47
37.73,-75.99,25.44
37.73,-75.97,25.45
37.73,-75.95,25.46
37.73,-75.93,25.54
37.73,-75.91,25.71
37.73,-75.89,25.77
37.73,-75.37,22.92
37.73,-75.35,22.84
37.73,-75.33,22.81
37.73,-75.31,22.83
37.73,-75.29,22.91
37.73,-75.27,22.87
37.73,-75.25,22.95
37.73,-75.23,23.35
37.73,-75.21,23.58
37.73,-75.19,23.68
37.73,-75.17,23.79
37.73,-75.15,23.85
37.73,-75.13,23.82
37.73,-75.11,23.85
37.73,-75.09,23.84
37.73,-75.07,23.83
37.73,-75.05,23.9
37.73,-75.03,23.93
37.73,-75.01,23.83
37.73,-74.99,23.76
37.73,-74.97,23.58
37.73,-74.95,23.27
37.73,-74.93,23.15
37.73,-74.91,23.21
37.73,-74.89,23.65
37.73,-74.87,23.97
37.73,-74.85,23.99
37.73,-74.83,24.03
37.73,-74.81,24.07
37.73,-74.79,24.1
37.73,-74.77,24.15
37.73,-74.75,24.15
37.73,-74.73,24.05
37.73,-74.71,23.95
37.73,-74.69,23.99
37.73,-74.67,24.07
37.73,-74.65,24.09
37.73,-74.63,24.09
37.73,-74.61,24.07
37.73,-74.59,24.01
37.73,-74.57,23.9
37.73,-74.55,23.69
37.73,-74.53,23.65
37.73,-74.51,23.58
37.73,-74.49,23.45
37.73,-74.47,23.51
37.73,-74.45,23.54
37.73,-74.43,23.54
37.73,-74.41,23.56
37.73,-74.39,23.56
37.73,-74.37,23.54
37.73,-74.35,23.74
37.73,-74.33,23.76
37.73,-74.31,23.64
37.73,-74.29,23.49
37.73,-74.27,23.36
37.73,-74.25,23.36
37.73,-74.23,23.39
37.73,-73.49,24.04
37.73,-73.47,24.01
37.73,-73.45,23.86
37.73,-73.43,23.87
37.73,-73.41,23.91
37.73,-73.39,23.88
37.73,-73.37,23.66
37.73,-73.35,23.62
37.73,-73.29,23.51
37.73,-73.27,23.67
37.73,-73.17,23.47
37.73,-73.15,23.48
37.73,-73.13,23.51
37.73,-73.11,23.58
37.73,-73.09,23.55
37.73,-73.07,23.56
37.73,-73.05,23.62
37.73,-73.03,23.63
37.73,-73.01,23.65
37.73,-72.99,23.62
37.73,-72.97,23.58
37.73,-72.95,23.56
37.73,-72.93,23.58
37.73,-72.91,23.63
37.73,-72.89,23.6
37.73,-72.87,23.55
37.73,-72.85,23.57
37.73,-72.83,23.61
37.73,-72.81,23.65
37.73,-72.79,23.68
37.73,-72.77,23.68
37.73,-72.75,23.68
37.73,-72.73,23.69
37.73,-72.71,23.76
37.73,-72.69,23.77
37.73,-72.67,23.73
37.73,-72.65,23.76
37.73,-72.63,23.77
37.73,-72.61,23.79
37.73,-72.59,23.78
37.73,-72.49,23.82
37.73,-72.47,23.87
37.73,-72.45,23.8
37.73,-72.43,23.71
37.73,-72.41,23.87
37.73,-72.39,23.88
37.73,-72.37,23.87
37.73,-72.35,23.95
37.73,-72.33,23.94
37.73,-72.31,24.02
37.73,-72.29,23.96
37.73,-72.27,23.99
37.73,-72.25,24.11
37.73,-72.23,24.1
37.73,-72.21,24.03
37.71,-76.03,25.53
37.71,-76.01,25.51
37.71,-75.99,25.47
37.71,-75.97,25.46
37.71,-75.95,25.51
37.71,-75.93,25.59
37.71,-75.91,25.72
37.71,-75.41,22.67
37.71,-75.39,22.67
37.71,-75.37,22.8
37.71,-75.35,22.9
37.71,-75.33,22.85
37.71,-75.31,22.9
37.71,-75.29,22.94
37.71,-75.27,22.88
37.71,-75.25,23.12
37.71,-75.23,23.43
37.71,-75.21,23.67
37.71,-75.19,23.77
37.71,-75.17,23.8
37.71,-75.15,23.81
37.71,-75.13,23.75
37.71,-75.11,23.77
37.71,-75.09,23.83
37.71,-75.07,23.82
37.71,-75.05,23.83
37.71,-75.03,23.85
37.71,-75.01,23.85
37.71,-74.99,23.64
37.71,-74.97,23.26
37.71,-74.95,23.18
37.71,-74.93,23.19
37.71,-74.91,23.21
37.71,-74.89,23.65
37.71,-74.87,23.94
37.71,-74.85,23.96
37.71,-74.83,24.01
37.71,-74.81,24.08
37.71,-74.79,24.09
37.71,-74.77,24.12
37.71,-74.75,24.1
37.71,-74.73,23.96
37.71,-74.71,23.98
37.71,-74.69,24.03
37.71,-74.67,24.09
37.71,-74.65,24.09
37.71,-74.63,24.06
37.71,-74.61,24.05
37.71,-74.59,24.01
37.71,-74.57,23.92
37.71,-74.55,23.82
37.71,-74.53,23.81
37.71,-74.51,23.7
37.71,-74.49,23.61
37.71,-74.47,23.56
37.71,-74.45,23.51
37.71,-74.43,23.67
37.71,-74.41,23.67
37.71,-74.39,23.55
37.71,-74.37,23.55
37.71,-74.35,23.58
37.71,-74.33,23.54
37.71,-74.31,23.47
37.71,-74.29,23.4
37.71,-74.27,23.37
37.71,-74.25,23.4
37.71,-74.23,23.46
37.71,-74.21,23.5
37.71,-73.49,24.06
37.71,-73.47,24.05
37.71,-73.43,23.83
37.71,-73.41,23.82
37.71,-73.39,23.81
37.71,-73.37,23.72
37.71,-73.29,23.54
37.71,-73.27,23.51
37.71,-73.21,23.74
37.71,-73.19,23.71
37.71,-73.17,23.61
37.71,-73.15,23.55
37.71,-73.13,23.63
37.71,-73.11,23.63
37.71,-73.09,23.67
37.71,-73.07,23.68
37.71,-73.05,23.66
37.71,-73.03,23.67
37.71,-73.01,23.63
37.71,-72.99,23.59
37.71,-72.97,23.62
37.71,-72.95,23.61
37.71,-72.93,23.62
37.71,-72.91,23.66
37.71,-72.89,23.67
37.71,-72.87,23.64
37.71,-72.85,23.63
37.71,-72.83,23.64
37.71,-72.81,23.67
37.71,-72.79,23.67
37.71,-72.77,23.7
37.71,-72.75,23.72
37.71,-72.73,23.74
37.71,-72.71,23.74
37.71,-72.69,23.77
37.71,-72.67,23.82
37.71,-72.65,23.79
37.71,-72.63,23.87
37.71,-72.61,23.88
37.71,-72.59,23.75
37.71,-72.57,23.7
37.71,-72.55,23.74
37.71,-72.53,23.79
37.71,-72.51,23.84
37.71,-72.49,23.78
37.71,-72.47,23.84
37.71,-72.45,23.91
37.71,-72.43,23.92
37.71,-72.41,23.93
37.71,-72.39,23.93
37.71,-72.37,23.94
37.71,-72.35,23.99
37.71,-72.33,23.96
37.71,-72.31,23.97
37.71,-72.29,23.95
37.71,-72.27,23.96
37.71,-72.25,24.13
37.71,-72.23,24.12
37.71,-72.21,24.11
37.69,-76.03,25.51
37.69,-76.01,25.5
37.69,-75.99,25.51
37.69,-75.97,25.55
37.69,-75.95,25.57
37.69,-75.47,22.75
37.69,-75.45,22.78
37.69,-75.43,22.74
37.69,-75.41,22.69
37.69,-75.39,22.72
37.69,-75.37,22.76
37.69,-75.35,22.68
37.69,-75.33,22.66
37.69,-75.31,22.81
37.69,-75.29,22.88
37.69,-75.27,22.91
37.69,-75.25,23.2
37.69,-75.23,23.7
37.69,-75.21,23.75
37.69,-75.19,23.73
37.69,-75.17,23.77
37.69,-75.15,23.74
37.69,-75.13,23.71
37.69,-75.11,23.76
37.69,-75.09,23.77
37.69,-75.07,23.77
37.69,-75.05,23.64
37.69,-75.03,23.65
37.69,-75.01,23.58
37.69,-74.99,23.29
37.69,-74.97,23.31
37.69,-74.95,23.3
37.69,-74.93,23.28
37.69,-74.91,23.25
37.69,-74.89,23.49
37.69,-74.87,23.84
37.69,-74.85,23.98
37.69,-74.83,24.02
37.69,-74.81,24.05
37.69,-74.79,24.06
37.69,-74.77,24.02
37.69,-74.75,23.94
37.69,-74.73,23.97
37.69,-74.71,24.04
37.69,-74.69,24.04
37.69,-74.67,24.04
37.69,-74.65,24.08
37.69,-74.63,24.0
37.69,-74.61,23.97
37.69,-74.59,23.87
37.69,-74.57,23.83
37.69,-74.55,23.85
37.69,-74.53,23.81
37.69,-74.51,23.75
37.69,-74.49,23.73
37.69,-74.47,23.76
37.69,-74.43,23.71
37.69,-74.41,23.66
37.69,-74.39,23.6
37.69,-74.37,23.59
37.69,-74.35,23.57
37.69,-74.33,23.48
37.69,-74.31,23.41
37.69,-74.29,23.41
37.69,-74.27,23.43
37.69,-74.25,23.52
37.69,-74.23,23.47
37.69,-74.21,23.44
37.69,-73.81,23.7
37.69,-73.79,23.66
37.69,-73.49,23.85
37.69,-73.43,23.66
37.69,-73.41,23.69
37.69,-73.39,23.77
37.69,-73.23,23.66
37.69,-73.21,23.7
37.69,-73.19,23.71
37.69,-73.17,23.67
37.69,-73.15,23.62
37.69,-73.13,23.61
37.69,-73.11,23.68
37.69,-73.09,23.74
37.69,-73.07,23.71
37.69,-73.05,23.73
37.69,-73.03,23.74
37.69,-73.01,23.7
37.69,-72.99,23.66
37.69,-72.97,23.68
37.69,-72.95,23.62
37.69,-72.93,23.61
37.69,-72.91,23.64
37.69,-72.89,23.68
37.69,-72.87,23.7
37.69,-72.85,23.7
37.69,-72.83,23.69
37.69,-72.81,23.68
37.69,-72.79,23.73
37.69,-72.77,23.82
37.69,-72.75,23.8
37.69,-72.73,23.71
37.69,-72.71,23.69
37.69,-72.69,23.74
37.69,-72.67,23.78
37.69,-72.65,23.75
37.69,-72.63,23.85
37.69,-72.61,23.85
37.69,-72.59,23.78
37.69,-72.57,23.75
37.69,-72.55,23.84
37.69,-72.53,23.81
37.69,-72.51,23.82
37.69,-72.49,23.88
37.69,-72.47,23.8
37.69,-72.45,23.83
37.69,-72.43,23.91
37.69,-72.41,24.0
37.69,-72.39,23.98
37.69,-72.37,24.05
37.69,-72.35,24.07
37.69,-72.33,24.07
37.69,-72.31,24.09
37.69,-72.29,24.06
37.69,-72.27,24.16
37.69,-72.25,24.28
37.69,-72.23,24.26
37.69,-72.21,24.3
37.67,-76.03,25.54
37.67,-76.01,25.55
37.67,-75.99,25.54
37.67,-75.97,25.53
37.67,-75.51,22.39
37.67,-75.49,22.52
37.67,-75.47,22.73
37.67,-75.45,22.81
37.67,-75.43,22.83
37.67,-75.41,22.82
37.67,-75.39,22.8
37.67,-75.37,22.77
37.67,-75.35,22.6
37.67,-75.33,22.51
37.67,-75.31,22.57
37.67,-75.29,22.66
37.67,-75.27,23.14
37.67,-75.25,23.54
37.67,-75.23,23.75
37.67,-75.21,23.71
37.67,-75.19,23.65
37.67,-75.17,23.72
37.67,-75.15,23.71
37.67,-75.13,23.69
37.67,-75.11,23.76
37.67,-75.09,23.73
37.67,-75.07,23.53
37.67,-75.05,23.49
37.67,-75.03,23.48
37.67,-75.01,23.36
37.67,-74.99,23.29
37.67,-74.97,23.58
37.67,-74.95,23.51
37.67,-74.93,23.49
37.67,-74.91,23.5
37.67,-74.89,23.48
37.67,-74.87,23.93
37.67,-74.85,24.06
37.67,-74.83,23.99
37.67,-74.81,23.98
37.67,-74.79,23.99
37.67,-74.77,23.96
37.67,-74.75,23.92
37.67,-74.73,24.04
37.67,-74.71,24.03
37.67,-74.69,23.99
37.67,-74.67,24.02
37.67,-74.65,24.0
37.67,-74.63,23.94
37.67,-74.61,23.92
37.67,-74.59,23.78
37.67,-74.57,23.78
37.67,-74.55,23.79
37.67,-74.53,23.76
37.67,-74.51,23.67
37.67,-74.49,23.68
37.67,-74.41,23.47
37.67,-74.39,23.49
37.67,-74.37,23.5
37.67,-74.35,23.51
37.67,-74.33,23.49
37.67,-74.31,23.39
37.67,-74.29,23.52
37.67,-74.27,23.52
37.67,-74.25,23.5
37.67,-74.23,23.46
37.67,-74.21,23.39
37.67,-74.19,23.34
37.67,-73.93,23.68
37.67,-73.91,23.67
37.67,-73.87,23.78
37.67,-73.85,23.79
37.67,-73.83,23.68
37.67,-73.51,23.81
37.67,-73.49,23.77
37.67,-73.47,23.69
37.67,-73.45,23.67
37.67,-73.43,23.66
37.67,-73.41,23.63
37.67,-73.25,23.71
37.67,-73.23,23.66
37.67,-73.21,23.76
37.67,-73.19,23.77
37.67,-73.17,23.73
37.67,-73.15,23.68
37.67,-73.13,23.72
37.67,-73.11,23.7
37.67,-73.09,23.69
37.67,-73.07,23.69
37.67,-73.05,23.71
37.67,-73.03,23.74
37.67,-73.01,23.78
37.67,-72.99,23.77
37.67,-72.97,23.69
37.67,-72.95,23.64
37.67,-72.93,23.68
37.67,-72.91,23.69
37.67,-72.89,23.7
37.67,-72.87,23.7
37.67,-72.85,23.67
37.67,-72.83,23.74
37.67,-72.81,23.77
37.67,-72.79,23.87
37.67,-72.77,23.87
37.67,-72.75,23.85
37.67,-72.73,23.87
37.67,-72.71,23.84
37.67,-72.69,23.78
37.67,-72.67,23.82
37.67,-72.65,23.94
37.67,-72.63,23.92
37.67,-72.61,23.9
37.67,-72.59,23.86
37.67,-72.57,23.94
37.67,-72.55,24.02
37.67,-72.53,23.96
37.67,-72.51,23.97
37.67,-72.49,23.98
37.67,-72.47,23.93
37.67,-72.45,23.98
37.67,-72.43,23.88
37.67,-72.41,23.94
37.67,-72.39,24.01
37.67,-72.37,23.97
37.67,-72.35,23.98
37.67,-72.33,24.03
37.67,-72.31,24.18
37.67,-72.29,24.19
37.67,-72.27,24.31
37.67,-72.25,24.33
37.67,-72.23,24.41
37.67,-72.21,24.43
37.65,-76.01,25.51
37.65,-75.99,25.52
37.65,-75.97,25.54
37.65,-75.53,22.33
37.65,-75.51,22.34
37.65,-75.49,22.39
37.65,-75.47,22.5
37.65,-75.45,22.55
37.65,-75.43,22.72
37.65,-75.41,22.82
37.65,-75.39,22.78
37.65,-75.37,22.59
37.65,-75.35,22.54
37.65,-75.33,22.45
37.65,-75.31,22.47
37.65,-75.29,22.7
37.65,-75.27,23.16
37.65,-75.25,23.65
37.65,-75.23,23.74
37.65,-75.21,23.65
37.65,-75.19,23.61
37.65,-75.17,23.65
37.65,-75.15,23.65
37.65,-75.13,23.7
37.65,-75.11,23.72
37.65,-75.09,23.56
37.65,-75.07,23.34
37.65,-75.05,23.28
37.65,-75.03,23.33
37.65,-75.01,23.37
37.65,-74.99,23.71
37.65,-74.97,23.78
37.65,-74.95,23.74
37.65,-74.93,23.69
37.65,-74.91,23.63
37.65,-74.89,23.89
37.65,-74.87,24.04
37.65,-74.85,24.03
37.65,-74.83,24.01
37.65,-74.81,24.01
37.65,-74.79,23.98
37.65,-74.77,24.0
37.65,-74.75,24.06
37.65,-74.73,24.1
37.65,-74.71,24.02
37.65,-74.69,23.99
37.65,-74.67,24.0
37.65,-74.65,23.94
37.65,-74.63,23.89
37.65,-74.61,23.84
37.65,-74.59,23.7
37.65,-74.57,23.73
37.65,-74.55,23.75
37.65,-74.53,23.72
37.65,-74.41,23.38
37.65,-74.39,23.44
37.65,-74.37,23.46
37.65,-74.35,23.45
37.65,-74.33,23.42
37.65,-74.31,23.4
37.65,-74.29,23.44
37.65,-74.27,23.44
37.65,-74.25,23.37
37.65,-74.23,23.39
37.65,-74.21,23.39
37.65,-74.19,23.35
37.65,-73.91,23.68
37.65,-73.89,23.66
37.65,-73.87,23.77
37.65,-73.85,23.77
37.65,-73.83,23.64
37.65,-73.81,23.63
37.65,-73.47,23.69
37.65,-73.45,23.67
37.65,-73.43,23.66
37.65,-73.35,23.74
37.65,-73.27,23.81
37.65,-73.25,23.78
37.65,-73.23,23.85
37.65,-73.21,23.85
37.65,-73.19,23.79
37.65,-73.17,23.8
37.65,-73.15,23.82
37.65,-73.13,23.8
37.65,-73.11,23.74
37.65,-73.09,23.72
37.65,-73.07,23.73
37.65,-73.05,23.79
37.65,-73.03,23.78
37.65,-73.01,23.8
37.65,-72.99,23.8
37.65,-72.97,23.74
37.65,-72.95,23.73
37.65,-72.93,23.76
37.65,-72.91,23.68
37.65,-72.89,23.71
37.65,-72.87,23.73
37.65,-72.85,23.75
37.65,-72.83,23.81
37.65,-72.81,23.82
37.65,-72.79,23.84
37.65,-72.77,23.87
37.65,-72.75,23.88
37.65,-72.73,23.88
37.65,-72.71,23.86
37.65,-72.69,23.83
37.65,-72.67,23.9
37.65,-72.65,23.94
37.65,-72.63,23.95
37.65,-72.61,23.97
37.65,-72.59,23.96
37.65,-72.57,23.96
37.65,-72.55,24.06
37.65,-72.53,24.13
37.65,-72.51,24.12
37.65,-72.49,23.98
37.65,-72.47,23.97
37.65,-72.45,23.92
37.65,-72.43,23.96
37.65,-72.41,23.98
37.65,-72.39,23.95
37.65,-72.37,23.97
37.65,-72.35,24.02
37.65,-72.33,24.02
37.65,-72.31,24.03
37.65,-72.29,24.18
37.65,-72.27,24.35
37.65,-72.25,24.43
37.65,-72.23,24.46
37.65,-72.21,24.47
37.63,-75.53,22.54
37.63,-75.51,22.56
37.63,-75.49,22.49
37.63,-75.47,22.45
37.63,-75.45,22.49
37.63,-75.43,22.58
37.63,-75.41,22.64
37.63,-75.39,22.61
37.63,-75.37,22.59
37.63,-75.35,22.52
37.63,-75.33,22.37
37.63,-75.31,22.31
37.63,-75.29,22.96
37.63,-75.27,23.03
37.63,-75.25,23.64
37.63,-75.23,23.63
37.63,-75.21,23.56
37.63,-75.19,23.52
37.63,-75.17,23.59
37.63,-75.15,23.61
37.63,-75.13,23.61
37.63,-75.11,23.45
37.63,-75.09,23.27
37.63,-75.07,23.12
37.63,-75.05,23.07
37.63,-75.03,23.22
37.63,-75.01,23.62
37.63,-74.99,23.76
37.63,-74.97,23.93
37.63,-74.95,23.85
37.63,-74.93,23.77
37.63,-74.91,23.87
37.63,-74.89,24.01
37.63,-74.87,24.02
37.63,-74.85,24.01
37.63,-74.83,24.01
37.63,-74.81,24.02
37.63,-74.79,24.03
37.63,-74.77,24.05
37.63,-74.75,24.03
37.63,-74.73,23.98
37.63,-74.71,24.01
37.63,-74.69,24.01
37.63,-74.67,23.86
37.63,-74.65,23.82
37.63,-74.63,23.81
37.63,-74.61,23.76
37.63,-74.59,23.74
37.63,-74.57,23.67
37.63,-74.55,23.64
37.63,-74.53,23.64
37.63,-74.45,23.4
37.63,-74.41,23.42
37.63,-74.39,23.43
37.63,-74.37,23.4
37.63,-74.35,23.39
37.63,-74.33,23.37
37.63,-74.31,23.36
37.63,-74.29,23.35
37.63,-74.27,23.39
37.63,-74.23,23.38
37.63,-73.91,23.58
37.63,-73.89,23.59
37.63,-73.87,23.61
37.63,-73.83,23.6
37.63,-73.81,23.63
37.63,-73.55,23.78
37.63,-73.53,23.77
37.63,-73.51,23.75
37.63,-73.35,23.63
37.63,-73.33,23.67
37.63,-73.31,23.89
37.63,-73.29,23.86
37.63,-73.27,23.83
37.63,-73.25,23.92
37.63,-73.23,23.88
37.63,-73.21,23.87
37.63,-73.19,23.88
37.63,-73.17,23.86
37.63,-73.15,23.87
37.63,-73.13,23.83
37.63,-73.11,23.8
37.63,-73.09,23.82
37.63,-73.07,23.83
37.63,-73.05,23.84
37.63,-73.03,23.82
37.63,-73.01,23.82
37.63,-72.99,23.83
37.63,-72.97,23.77
37.63,-72.95,23.75
37.63,-72.93,23.75
37.63,-72.91,23.72
37.63,-72.89,23.74
37.63,-72.87,23.74
37.63,-72.85,23.79
37.63,-72.83,23.83
37.63,-72.81,23.87
37.63,-72.79,23.9
37.63,-72.77,23.96
37.63,-72.75,23.94
37.63,-72.73,23.87
37.63,-72.71,23.89
37.63,-72.69,23.91
37.63,-72.67,23.91
37.63,-72.65,23.91
37.63,-72.63,23.97
37.63,-72.61,23.96
37.63,-72.59,24.04
37.63,-72.57,24.06
37.63,-72.55,24.1
37.63,-72.53,24.19
37.63,-72.51,24.18
37.63,-72.49,24.16
37.63,-72.47,24.05
37.63,-72.45,23.98
37.63,-72.43,23.95
37.63,-72.41,23.98
37.63,-72.39,23.99
37.63,-72.37,24.02
37.63,-72.35,24.11
37.63,-72.33,24.08
37.63,-72.31,24.14
37.63,-72.29,24.3
37.63,-72.27,24.41
37.63,-72.25,24.48
37.63,-72.23,24.53
37.63,-72.21,24.6
37.61,-75.55,22.46
37.61,-75.53,22.49
37.61,-75.51,22.54
37.61,-75.49,22.46
37.61,-75.47,22.46
37.61,-75.45,22.52
37.61,-75.43,22.54
37.61,-75.41,22.56
37.61,-75.39,22.62
37.61,-75.37,22.6
37.61,-75.35,22.51
37.61,-75.33,22.45
37.61,-75.31,22.48
37.61,-75.29,22.88
37.61,-75.27,23.03
37.61,-75.25,23.42
37.61,-75.23,23.54
37.61,-75.21,23.53
37.61,-75.19,23.5
37.61,-75.17,23.47
37.61,-75.15,23.37
37.61,-75.13,23.33
37.61,-75.11,23.17
37.61,-75.09,23.06
37.61,-75.07,23.05
37.61,-75.05,23.07
37.61,-75.03,23.25
37.61,-75.01,23.55
37.61,-74.99,23.89
37.61,-74.97,23.92
37.61,-74.95,23.86
37.61,-74.93,23.85
37.61,-74.91,24.01
37.61,-74.89,24.0
37.61,-74.87,23.98
37.61,-74.85,24.01
37.61,-74.83,24.04
37.61,-74.81,24.0
37.61,-74.79,24.03
37.61,-74.77,24.04
37.61,-74.75,23.94
37.61,-74.73,23.89
37.61,-74.71,23.97
37.61,-74.69,23.97
37.61,-74.67,23.82
37.61,-74.65,23.81
37.61,-74.63,23.79
37.61,-74.61,23.74
37.61,-74.59,23.71
37.61,-74.57,23.68
37.61,-74.55,23.57
37.61,-74.47,23.39
37.61,-74.41,23.4
37.61,-74.39,23.41
37.61,-74.37,23.4
37.61,-74.35,23.4
37.61,-74.33,23.37
37.61,-74.31,23.38
37.61,-74.29,23.42
37.61,-73.97,23.68
37.61,-73.95,23.68
37.61,-73.93,23.67
37.61,-73.91,23.61
37.61,-73.89,23.6
37.61,-73.87,23.61
37.61,-73.85,23.59
37.61,-73.59,23.85
37.61,-73.57,23.72
37.61,-73.55,23.7
37.61,-73.53,23.74
37.61,-73.51,23.75
37.61,-73.37,23.56
37.61,-73.35,23.59
37.61,-73.33,23.86
37.61,-73.31,23.92
37.61,-73.29,23.91
37.61,-73.27,23.87
37.61,-73.25,23.83
37.61,-73.23,23.83
37.61,-73.21,23.86
37.61,-73.19,23.91
37.61,-73.17,23.89
37.61,-73.15,23.88
37.61,-73.13,23.87
37.61,-73.11,23.87
37.61,-73.09,23.9
37.61,-73.07,23.87
37.61,-73.05,23.91
37.61,-73.03,23.92
37.61,-73.01,23.86
37.61,-72.99,23.84
37.61,-72.97,23.8
37.61,-72.95,23.82
37.61,-72.93,23.8
37.61,-72.91,23.8
37.61,-72.89,23.77
37.61,-72.87,23.76
37.61,-72.85,23.87
37.61,-72.83,23.89
37.61,-72.81,23.95
37.61,-72.79,23.95
37.61,-72.77,23.94
37.61,-72.75,23.93
37.61,-72.73,23.94
37.61,-72.71,23.96
37.61,-72.69,23.94
37.61,-72.67,23.91
37.61,-72.65,23.94
37.61,-72.63,23.93
37.61,-72.61,23.92
37.61,-72.59,23.99
37.61,-72.57,24.09
37.61,-72.55,24.14
37.61,-72.53,24.18
37.61,-72.51,24.16
37.61,-72.49,24.1
37.61,-72.47,24.07
37.61,-72.45,24.03
37.61,-72.43,24.02
37.61,-72.41,24.0
37.61,-72.39,24.04
37.61,-72.37,24.05
37.61,-72.35,24.1
37.61,-72.33,24.19
37.61,-72.31,24.3
37.61,-72.29,24.36
37.61,-72.27,24.48
37.61,-72.25,24.47
37.61,-72.23,24.48
37.61,-72.21,24.49
37.59,-75.55,22.57
37.59,-75.53,22.54
37.59,-75.51,22.54
37.59,-75.49,22.52
37.59,-75.47,22.47
37.59,-75.45,22.46
37.59,-75.43,22.49
37.59,-75.41,22.52
37.59,-75.39,22.53
37.59,-75.37,22.49
37.59,-75.35,22.43
37.59,-75.33,22.4
37.59,-75.31,22.46
37.59,-75.29,23.04
37.59,-75.27,23.26
37.59,-75.25,23.37
37.59,-75.23,23.39
37.59,-75.21,23.43
37.59,-75.19,23.44
37.59,-75.17,23.3
37.59,-75.15,23.28
37.59,-75.13,23.19
37.59,-75.11,23.07
37.59,-75.09,23.07
37.59,-75.07,23.08
37.59,-75.05,23.11
37.59,-75.03,23.3
37.59,-75.01,23.5
37.59,-74.99,23.68
37.59,-74.97,23.76
37.59,-74.95,23.8
37.59,-74.93,23.92
37.59,-74.91,23.99
37.59,-74.89,23.89
37.59,-74.87,23.88
37.59,-74.85,23.99
37.59,-74.83,24.0
37.59,-74.81,24.01
37.59,-74.79,24.05
37.59,-74.77,24.05
37.59,-74.75,23.91
37.59,-74.73,23.89
37.59,-74.71,23.86
37.59,-74.67,23.83
37.59,-74.65,23.84
37.59,-74.63,23.77
37.59,-74.61,23.72
37.59,-74.59,23.71
37.59,-74.55,23.49
37.59,-74.53,23.48
37.59,-74.49,23.42
37.59,-74.47,23.42
37.59,-74.41,23.39
37.59,-74.39,23.36
37.59,-74.37,23.37
37.59,-74.35,23.44
37.59,-74.33,23.47
37.59,-74.31,23.49
37.59,-74.29,23.43
37.59,-73.99,23.9
37.59,-73.97,23.8
37.59,-73.95,23.87
37.59,-73.93,23.79
37.59,-73.91,23.74
37.59,-73.89,23.67
37.59,-73.87,23.65
37.59,-73.85,23.66
37.59,-73.61,23.86
37.59,-73.59,23.83
37.59,-73.57,23.79
37.59,-73.39,23.58
37.59,-73.37,23.62
37.59,-73.35,23.91
37.59,-73.33,23.95
37.59,-73.31,23.93
37.59,-73.29,23.95
37.59,-73.27,23.92
37.59,-73.25,23.88
37.59,-73.23,23.87
37.59,-73.21,23.84
37.59,-73.19,23.87
37.59,-73.17,23.86
37.59,-73.15,23.88
37.59,-73.13,23.93
37.59,-73.11,23.94
37.59,-73.09,23.9
37.59,-73.07,23.92
37.59,-73.05,23.91
37.59,-73.03,23.92
37.59,-73.01,23.88
37.59,-72.99,23.87
37.59,-72.97,23.83
37.59,-72.95,23.8
37.59,-72.93,23.79
37.59,-72.91,23.8
37.59,-72.89,23.82
37.59,-72.87,23.87
37.59,-72.85,23.92
37.59,-72.83,23.96
37.59,-72.81,23.99
37.59,-72.79,23.94
37.59,-72.77,23.92
37.59,-72.75,23.97
37.59,-72.73,23.96
37.59,-72.71,23.94
37.59,-72.69,23.89
37.59,-72.67,23.89
37.59,-72.65,23.9
37.59,-72.63,23.9
37.59,-72.61,23.94
37.59,-72.59,23.99
37.59,-72.57,24.07
37.59,-72.55,24.11
37.59,-72.53,24.08
37.59,-72.51,24.07
37.59,-72.49,24.1
37.59,-72.47,24.17
37.59,-72.45,24.17
37.59,-72.43,24.16
37.59,-72.41,24.18
37.59,-72.39,24.22
37.59,-72.37,24.23
37.59,-72.35,24.22
37.59,-72.33,24.34
37.59,-72.31,24.37
37.59,-72.29,24.52
37.59,-72.27,24.46
37.59,-72.25,24.41
37.59,-72.23,24.29
37.59,-72.21,24.26
37.57,-75.57,22.73
37.57,-75.55,22.65
37.57,-75.53,22.81
37.57,-75.51,22.63
37.57,-75.49,22.44
37.57,-75.47,22.48
37.57,-75.45,22.61
37.57,-75.43,22.61
37.57,-75.41,22.54
37.57,-75.39,22.51
37.57,-75.37,22.52
37.57,-75.35,22.6
37.57,-75.33,22.35
37.57,-75.31,22.27
37.57,-75.29,22.87
37.57,-75.27,23.12
37.57,-75.25,23.21
37.57,-75.23,23.25
37.57,-75.21,23.34
37.57,-75.19,23.29
37.57,-75.17,23.16
37.57,-75.15,23.17
37.57,-75.13,23.1
37.57,-75.11,23.11
37.57,-75.09,23.26
37.57,-75.07,23.44
37.57,-75.05,23.46
37.57,-75.03,23.49
37.57,-75.01,23.6
37.57,-74.99,23.66
37.57,-74.97,23.71
37.57,-74.95,23.79
37.57,-74.93,23.94
37.57,-74.91,23.93
37.57,-74.89,23.91
37.57,-74.87,24.02
37.57,-74.85,23.98
37.57,-74.83,23.92
37.57,-74.81,23.95
37.57,-74.79,24.0
37.57,-74.77,23.98
37.57,-74.75,23.89
37.57,-74.73,23.91
37.57,-74.71,23.83
37.57,-74.69,23.81
37.57,-74.67,23.73
37.57,-74.65,23.71
37.57,-74.63,23.71
37.57,-74.61,23.7
37.57,-74.53,23.45
37.57,-74.51,23.44
37.57,-74.49,23.46
37.57,-74.47,23.46
37.57,-74.45,23.43
37.57,-74.43,23.38
37.57,-74.41,23.36
37.57,-74.39,23.34
37.57,-74.37,23.36
37.57,-74.35,23.4
37.57,-74.33,23.44
37.57,-74.31,23.41
37.57,-74.03,23.84
37.57,-74.01,23.93
37.57,-73.99,23.93
37.57,-73.97,23.94
37.57,-73.95,23.92
37.57,-73.93,23.86
37.57,-73.91,23.79
37.57,-73.89,23.73
37.57,-73.87,23.66
37.57,-73.85,23.64
37.57,-73.63,23.86
37.57,-73.61,23.84
37.57,-73.59,23.84
37.57,-73.57,23.8
37.57,-73.39,23.71
37.57,-73.37,23.82
37.57,-73.35,23.94
37.57,-73.33,23.98
37.57,-73.31,23.94
37.57,-73.29,23.91
37.57,-73.27,23.93
37.57,-73.25,23.91
37.57,-73.23,23.95
37.57,-73.21,23.97
37.57,-73.19,23.98
37.57,-73.17,23.91
37.57,-73.15,23.93
37.57,-73.13,23.93
37.57,-73.11,23.92
37.57,-73.09,23.9
37.57,-73.07,23.89
37.57,-73.05,23.89
37.57,-73.03,23.87
37.57,-73.01,23.89
37.57,-72.99,23.89
37.57,-72.97,23.87
37.57,-72.95,23.84
37.57,-72.93,23.81
37.57,-72.91,23.85
37.57,-72.89,23.87
37.57,-72.87,23.93
37.57,-72.85,23.96
37.57,-72.83,23.94
37.57,-72.81,23.94
37.57,-72.79,23.93
37.57,-72.77,23.95
37.57,-72.75,23.94
37.57,-72.73,23.93
37.57,-72.71,23.87
37.57,-72.69,23.87
37.57,-72.67,23.87
37.57,-72.65,23.84
37.57,-72.63,23.88
37.57,-72.61,23.96
37.57,-72.59,24.01
37.57,-72.57,24.05
37.57,-72.55,24.08
37.57,-72.53,24.05
37.57,-72.51,24.07
37.57,-72.49,24.09
37.57,-72.47,24.13
37.57,-72.45,24.19
37.57,-72.43,24.19
37.57,-72.41,24.21
37.57,-72.39,24.27
37.57,-72.37,24.28
37.57,-72.35,24.35
37.57,-72.33,24.4
37.57,-72.31,24.45
37.57,-72.29,24.43
37.57,-72.27,24.42
37.57,-72.25,24.4
37.57,-72.23,24.39
37.57,-72.21,24.35
37.55,-75.59,23.1
37.55,-75.57,23.04
37.55,-75.55,22.94
37.55,-75.53,22.77
37.55,-75.51,22.71
37.55,-75.49,22.63
37.55,-75.47,22.58
37.55,-75.45,22.68
37.55,-75.43,22.64
37.55,-75.41,22.55
37.55,-75.39,22.49
37.55,-75.37,22.46
37.55,-75.35,22.5
37.55,-75.33,22.3
37.55,-75.31,22.18
37.55,-75.29,22.75
37.55,-75.27,22.81
37.55,-75.25,23.0
37.55,-75.23,23.24
37.55,-75.21,23.26
37.55,-75.19,23.18
37.55,-75.17,23.14
37.55,-75.15,23.08
37.55,-75.13,23.08
37.55,-75.11,23.26
37.55,-75.09,23.74
37.55,-75.07,23.73
37.55,-75.05,23.73
37.55,-75.03,23.85
37.55,-75.01,23.92
37.55,-74.99,23.76
37.55,-74.97,23.76
37.55,-74.95,23.86
37.55,-74.93,23.91
37.55,-74.91,23.92
37.55,-74.89,23.97
37.55,-74.87,24.06
37.55,-74.85,24.0
37.55,-74.83,23.83
37.55,-74.81,23.91
37.55,-74.79,23.93
37.55,-74.77,23.9
37.55,-74.75,23.9
37.55,-74.73,23.89
37.55,-74.71,23.86
37.55,-74.69,23.85
37.55,-74.67,23.72
37.55,-74.65,23.69
37.55,-74.63,23.69
37.55,-74.61,23.69
37.55,-74.59,23.68
37.55,-74.53,23.46
37.55,-74.51,23.48
37.55,-74.49,23.49
37.55,-74.47,23.48
37.55,-74.45,23.43
37.55,-74.43,23.34
37.55,-74.41,23.36
37.55,-74.39,23.41
37.55,-74.37,23.43
37.55,-74.35,23.44
37.55,-74.33,23.39
37.55,-74.07,23.8
37.55,-74.05,23.79
37.55,-74.03,23.87
37.55,-74.01,23.96
37.55,-73.99,23.98
37.55,-73.97,23.98
37.55,-73.95,23.97
37.55,-73.93,23.85
37.55,-73.91,23.85
37.55,-73.89,23.82
37.55,-73.63,23.87
37.55,-73.61,23.85
37.55,-73.59,23.81
37.55,-73.39,23.73
37.55,-73.37,23.75
37.55,-73.35,23.82
37.55,-73.33,23.87
37.55,-73.31,23.91
37.55,-73.29,23.87
37.55,-73.27,23.89
37.55,-73.25,23.91
37.55,-73.23,24.05
37.55,-73.21,23.99
37.55,-73.19,23.98
37.55,-73.17,24.01
37.55,-73.15,24.0
37.55,-73.13,24.02
37.55,-73.11,23.95
37.55,-73.09,23.87
37.55,-73.07,23.85
37.55,-73.05,23.82
37.55,-73.03,23.81
37.55,-73.01,23.77
37.55,-72.99,23.82
37.55,-72.97,23.91
37.55,-72.95,23.98
37.55,-72.93,23.96
37.55,-72.91,23.95
37.55,-72.89,23.94
37.55,-72.87,23.96
37.55,-72.85,23.91
37.55,-72.83,23.91
37.55,-72.81,23.92
37.55,-72.79,23.93
37.55,-72.77,23.96
37.55,-72.75,23.86
37.55,-72.73,23.83
37.55,-72.71,23.87
37.55,-72.69,23.84
37.55,-72.67,23.82
37.55,-72.65,23.86
37.55,-72.63,23.92
37.55,-72.61,24.11
37.55,-72.59,24.09
37.55,-72.57,24.1
37.55,-72.55,24.07
37.55,-72.53,24.07
37.55,-72.51,24.06
37.55,-72.49,24.08
37.55,-72.47,24.15
37.55,-72.45,24.16
37.55,-72.43,24.14
37.55,-72.41,24.17
37.55,-72.39,24.23
37.55,-72.37,24.31
37.55,-72.35,24.32
37.55,-72.33,24.35
37.55,-72.31,24.41
37.55,-72.29,24.37
37.55,-72.27,24.34
37.55,-72.25,24.33
37.55,-72.23,24.35
37.55,-72.21,24.34
37.53,-75.57,23.03
37.53,-75.55,22.96
37.53,-75.53,22.84
37.53,-75.51,22.71
37.53,-75.49,22.8
37.53,-75.47,22.79
37.53,-75.45,22.75
37.53,-75.43,22.68
37.53,-75.41,22.67
37.53,-75.39,22.53
37.53,-75.37,22.44
37.53,-75.35,22.31
37.53,-75.33,22.18
37.53,-75.31,22.16
37.53,-75.29,22.67
37.53,-75.27,22.89
37.53,-75.25,23.0
37.53,-75.23,23.23
37.53,-75.21,23.26
37.53,-75.19,23.11
37.53,-75.17,23.11
37.53,-75.15,23.06
37.53,-75.13,23.19
37.53,-75.11,23.69
37.53,-75.09,23.75
37.53,-75.07,23.78
37.53,-75.05,23.92
37.53,-75.03,24.0
37.53,-75.01,23.94
37.53,-74.99,23.86
37.53,-74.97,23.83
37.53,-74.95,23.91
37.53,-74.93,23.91
37.53,-74.91,23.95
37.53,-74.89,24.01
37.53,-74.87,24.0
37.53,-74.85,23.9
37.53,-74.83,23.85
37.53,-74.81,23.86
37.53,-74.75,23.89
37.53,-74.73,23.91
37.53,-74.71,23.91
37.53,-74.69,23.84
37.53,-74.67,23.74
37.53,-74.55,23.61
37.53,-74.53,23.56
37.53,-74.51,23.49
37.53,-74.49,23.47
37.53,-74.47,23.49
37.53,-74.45,23.47
37.53,-74.43,23.37
37.53,-74.41,23.54
37.53,-74.39,23.5
37.53,-74.37,23.48
37.53,-74.35,23.46
37.53,-74.11,23.79
37.53,-74.09,23.79
37.53,-74.07,23.78
37.53,-74.05,23.86
37.53,-74.03,23.88
37.53,-74.01,23.88
37.53,-73.99,24.01
37.53,-73.97,24.03
37.53,-73.95,24.07
37.53,-73.93,24.01
37.53,-73.91,23.89
37.53,-73.63,23.9
37.53,-73.61,23.87
37.53,-73.43,23.74
37.53,-73.41,23.72
37.53,-73.39,23.74
37.53,-73.37,23.78
37.53,-73.35,23.76
37.53,-73.33,23.74
37.53,-73.31,23.77
37.53,-73.29,23.82
37.53,-73.27,23.94
37.53,-73.25,24.04
37.53,-73.23,24.06
37.53,-73.21,23.98
37.53,-73.19,24.03
37.53,-73.17,24.06
37.53,-73.15,24.07
37.53,-73.13,24.04
37.53,-73.11,24.01
37.53,-73.09,24.01
37.53,-73.07,23.92
37.53,-73.05,23.83
37.53,-73.01,23.99
37.53,-72.99,24.05
37.53,-72.97,24.04
37.53,-72.95,24.09
37.53,-72.93,24.08
37.53,-72.91,24.05
37.53,-72.89,23.99
37.53,-72.87,23.94
37.53,-72.85,23.95
37.53,-72.83,23.91
37.53,-72.81,23.88
37.53,-72.79,23.9
37.53,-72.77,23.88
37.53,-72.75,23.84
37.53,-72.73,23.8
37.53,-72.71,23.82
37.53,-72.69,23.8
37.53,-72.67,23.78
37.53,-72.65,23.95
37.53,-72.63,24.11
37.53,-72.61,24.28
37.53,-72.59,24.25
37.53,-72.57,24.21
37.53,-72.55,24.16
37.53,-72.53,24.12
37.53,-72.51,24.11
37.53,-72.49,24.08
37.53,-72.47,24.1
37.53,-72.45,24.1
37.53,-72.43,24.14
37.53,-72.41,24.14
37.53,-72.39,24.14
37.53,-72.37,24.16
37.53,-72.35,24.24
37.53,-72.33,24.21
37.53,-72.31,24.44
37.53,-72.29,24.4
37.53,-72.27,24.36
37.53,-72.25,24.35
37.53,-72.23,24.41
37.53,-72.21,24.36
37.51,-75.55,23.16
37.51,-75.53,23.16
37.51,-75.51,23.09
37.51,-75.49,23.01
37.51,-75.47,22.94
37.51,-75.45,22.75
37.51,-75.43,22.82
37.51,-75.41,22.78
37.51,-75.39,22.6
37.51,-75.37,22.45
37.51,-75.35,22.28
37.51,-75.33,22.19
37.51,-75.31,22.58
37.51,-75.29,22.9
37.51,-75.27,22.93
37.51,-75.25,23.07
37.51,-75.23,23.12
37.51,-75.21,23.09
37.51,-75.19,23.1
37.51,-75.17,23.1
37.51,-75.15,23.18
37.51,-75.13,23.26
37.51,-75.11,23.45
37.51,-75.09,23.67
37.51,-75.07,23.8
37.51,-75.05,23.87
37.51,-75.03,23.95
37.51,-75.01,23.93
37.51,-74.99,23.92
37.51,-74.97,23.97
37.51,-74.95,23.98
37.51,-74.93,23.99
37.51,-74.91,23.9
37.51,-74.89,23.84
37.51,-74.87,23.86
37.51,-74.85,23.9
37.51,-74.71,23.9
37.51,-74.69,23.83
37.51,-74.67,23.75
37.51,-74.65,23.7
37.51,-74.63,23.71
37.51,-74.57,23.59
37.51,-74.55,23.61
37.51,-74.53,23.57
37.51,-74.51,23.48
37.51,-74.41,23.65
37.51,-74.11,23.75
37.51,-74.09,23.75
37.51,-74.07,23.76
37.51,-74.05,23.95
37.51,-74.03,24.08
37.51,-74.01,24.18
37.51,-73.99,24.09
37.51,-73.97,23.95
37.51,-73.95,24.06
37.51,-73.61,23.88
37.51,-73.43,23.66
37.51,-73.41,23.62
37.51,-73.39,23.61
37.51,-73.37,23.6
37.51,-73.35,23.62
37.51,-73.33,23.64
37.51,-73.31,23.67
37.51,-73.29,23.66
37.51,-73.27,23.64
37.51,-73.25,23.82
37.51,-73.23,24.0
37.51,-73.21,23.99
37.51,-73.19,24.11
37.51,-73.17,24.11
37.51,-73.15,24.09
37.51,-73.13,24.08
37.51,-73.11,24.13
37.51,-73.09,24.09
37.51,-73.07,23.98
37.51,-73.05,23.93
37.51,-73.03,23.99
37.51,-73.01,23.96
37.51,-72.99,23.97
37.51,-72.97,24.13
37.51,-72.95,24.17
37.51,-72.93,24.16
37.51,-72.91,24.13
37.51,-72.89,24.05
37.51,-72.87,23.98
37.51,-72.85,23.93
37.51,-72.83,23.89
37.51,-72.81,23.9
37.51,-72.79,23.85
37.51,-72.77,23.8
37.51,-72.75,23.78
37.51,-72.73,23.77
37.51,-72.61,24.47
37.51,-72.59,24.27
37.51,-72.57,24.24
37.51,-72.55,24.19
37.51,-72.53,24.12
37.51,-72.51,24.06
37.51,-72.49,24.07
37.51,-72.47,24.08
37.51,-72.45,24.07
37.51,-72.43,24.07
37.51,-72.41,24.07
37.51,-72.37,24.14
37.51,-72.35,24.22
37.51,-72.33,24.25
37.51,-72.31,24.26
37.51,-72.29,24.4
37.51,-72.27,24.41
37.51,-72.25,24.47
37.51,-72.23,24.58
37.51,-72.21,24.56
37.49,-75.61,23.69
37.49,-75.59,23.49
37.49,-75.53,23.09
37.49,-75.51,23.14
37.49,-75.49,23.21
37.49,-75.47,23.02
37.49,-75.45,22.95
37.49,-75.43,22.93
37.49,-75.41,22.91
37.49,-75.39,22.74
37.49,-75.37,22.52
37.49,-75.35,22.35
37.49,-75.33,22.57
37.49,-75.31,22.86
37.49,-75.29,23.01
37.49,-75.27,22.96
37.49,-75.25,23.03
37.49,-75.23,23.1
37.49,-75.21,23.12
37.49,-75.19,23.15
37.49,-75.17,23.14
37.49,-75.15,23.22
37.49,-75.13,23.37
37.49,-75.11,23.5
37.49,-75.09,23.62
37.49,-75.07,23.7
37.49,-75.05,23.79
37.49,-75.03,23.87
37.49,-75.01,23.96
37.49,-74.99,24.01
37.49,-74.97,23.97
37.49,-74.95,23.89
37.49,-74.93,23.85
37.49,-74.91,23.86
37.49,-74.89,23.86
37.49,-74.67,23.74
37.49,-74.65,23.7
37.49,-74.09,23.77
37.49,-74.07,23.84
37.49,-74.05,23.84
37.49,-74.03,23.99
37.49,-74.01,24.03
37.49,-73.99,24.02
37.49,-73.97,23.95
37.49,-73.75,23.8
37.49,-73.43,23.64
37.49,-73.41,23.66
37.49,-73.39,23.65
37.49,-73.37,23.63
37.49,-73.35,23.69
37.49,-73.33,23.68
37.49,-73.31,23.71
37.49,-73.29,23.7
37.49,-73.27,23.74
37.49,-73.25,23.81
37.49,-73.23,23.87
37.49,-73.21,24.0
37.49,-73.19,24.13
37.49,-73.17,24.13
37.49,-73.15,24.18
37.49,-73.13,24.21
37.49,-73.11,24.22
37.49,-73.09,24.16
37.49,-73.07,24.02
37.49,-73.05,24.1
37.49,-73.03,24.11
37.49,-73.01,24.03
37.49,-72.99,24.06
37.49,-72.97,24.15
37.49,-72.95,24.17
37.49,-72.93,24.18
37.49,-72.91,24.14
37.49,-72.89,24.08
37.49,-72.87,24.04
37.49,-72.85,24.02
37.49,-72.83,24.01
37.49,-72.81,23.95
37.49,-72.79,23.92
37.49,-72.61,24.35
37.49,-72.59,24.26
37.49,-72.57,24.27
37.49,-72.55,24.23
37.49,-72.53,24.06
37.49,-72.51,24.03
37.49,-72.49,24.04
37.49,-72.47,24.07
37.49,-72.25,24.53
37.49,-72.23,24.58
37.49,-72.21,24.56
37.47,-75.63,23.73
37.47,-75.61,23.63
37.47,-75.59,23.47
37.47,-75.53,23.13
37.47,-75.51,23.23
37.47,-75.49,23.27
37.47,-75.47,23.27
37.47,-75.45,23.12
37.47,-75.43,23.01
37.47,-75.41,22.92
37.47,-75.39,22.75
37.47,-75.37,22.66
37.47,-75.35,22.62
37.47,-75.33,22.86
37.47,-75.31,23.0
37.47,-75.29,23.15
37.47,-75.27,23.28
37.47,-75.25,23.36
37.47,-75.23,23.36
37.47,-75.21,23.38
37.47,-75.19,23.37
37.47,-75.17,23.42
37.47,-75.15,23.57
37.47,-75.13,23.53
37.47,-75.11,23.57
37.47,-75.09,23.68
37.47,-75.07,23.81
37.47,-75.05,23.86
37.47,-75.03,23.9
37.47,-75.01,23.98
37.47,-74.99,24.02
37.47,-74.97,23.94
37.47,-74.95,23.9
37.47,-74.93,23.89
37.47,-74.91,23.98
37.47,-74.89,23.92
37.47,-74.87,23.86
37.47,-74.69,23.9
37.47,-74.67,23.82
37.47,-74.65,23.61
37.47,-74.63,23.59
37.47,-74.05,23.79
37.47,-74.03,23.78
37.47,-74.01,23.83
37.47,-73.99,23.94
37.47,-73.43,23.64
37.47,-73.41,23.64
37.47,-73.39,23.67
37.47,-73.37,23.74
37.47,-73.35,23.77
37.47,-73.33,23.74
37.47,-73.31,23.76
37.47,-73.29,23.83
37.47,-73.27,23.87
37.47,-73.25,23.86
37.47,-73.23,23.9
37.47,-73.21,23.98
37.47,-73.19,24.09
37.47,-73.17,24.17
37.47,-73.15,24.23
37.47,-73.13,24.18
37.47,-73.11,24.08
37.47,-73.09,24.12
37.47,-73.07,24.21
37.47,-73.05,24.21
37.47,-73.03,24.21
37.47,-73.01,24.22
37.47,-72.99,24.18
37.47,-72.97,24.38
37.47,-72.95,24.08
37.47,-72.93,24.11
37.47,-72.91,24.14
37.47,-72.89,24.13
37.47,-72.87,24.06
37.47,-72.59,24.26
37.47,-72.57,24.27
37.47,-72.55,24.27
37.47,-72.53,24.17
37.47,-72.51,24.06
37.45,-75.65,23.58
37.45,-75.63,23.58
37.45,-75.61,23.4
37.45,-75.59,23.28
37.45,-75.57,23.2
37.45,-75.55,23.06
37.45,-75.53,23.12
37.45,-75.51,23.22
37.45,-75.49,23.34
37.45,-75.47,23.34
37.45,-75.45,23.28
37.45,-75.43,23.15
37.45,-75.41,23.02
37.45,-75.39,22.83
37.45,-75.37,22.81
37.45,-75.35,22.86
37.45,-75.33,23.05
37.45,-75.31,23.39
37.45,-75.29,23.52
37.45,-75.27,23.6
37.45,-75.25,23.63
37.45,-75.23,23.59
37.45,-75.21,23.6
37.45,-75.19,23.59
37.45,-75.17,23.67
37.45,-75.15,23.68
37.45,-75.13,23.62
37.45,-75.11,23.65
37.45,-75.09,23.84
37.45,-75.07,23.91
37.45,-75.05,23.85
37.45,-75.03,23.86
37.45,-75.01,23.92
37.45,-74.99,23.96
37.45,-74.97,23.92
37.45,-74.95,23.93
37.45,-74.93,23.99
37.45,-74.91,23.97
37.45,-74.89,23.93
37.45,-74.71,24.04
37.45,-74.69,23.95
37.45,-74.67,23.83
37.45,-74.65,23.63
37.45,-74.63,23.6
37.45,-74.05,23.78
37.45,-74.03,23.77
37.45,-73.45,23.68
37.45,-73.43,23.67
37.45,-73.41,23.67
37.45,-73.39,23.77
37.45,-73.37,23.77
37.45,-73.35,23.78
37.45,-73.33,23.81
37.45,-73.31,23.83
37.45,-73.29,23.89
37.45,-73.27,23.9
37.45,-73.25,23.92
37.45,-73.23,24.01
37.45,-73.21,24.0
37.45,-73.19,24.04
37.45,-73.17,24.14
37.45,-73.15,24.17
37.45,-73.13,24.12
37.45,-73.11,24.07
37.45,-73.09,24.11
37.45,-73.07,24.19
37.45,-73.05,24.22
37.45,-73.03,24.25
37.45,-73.01,24.23
37.45,-72.99,24.2
37.45,-72.97,24.39
37.45,-72.95,24.34
37.45,-72.93,24.22
37.45,-72.91,24.15
37.45,-72.57,24.25
37.45,-72.55,24.23
37.45,-72.53,24.18
37.43,-75.65,23.57
37.43,-75.63,23.33
37.43,-75.61,23.25
37.43,-75.59,23.19
37.43,-75.57,23.14
37.43,-75.55,23.08
37.43,-75.53,23.28
37.43,-75.51,23.45
37.43,-75.49,23.48
37.43,-75.47,23.51
37.43,-75.45,23.47
37.43,-75.43,23.46
37.43,-75.41,23.12
37.43,-75.39,23.02
37.43,-75.37,22.92
37.43,-75.35,22.97
37.43,-75.33,23.2
37.43,-75.31,23.43
37.43,-75.29,23.52
37.43,-75.27,23.58
37.43,-75.25,23.65
37.43,-75.23,23.7
37.43,-75.21,23.68
37.43,-75.19,23.68
37.43,-75.17,23.7
37.43,-75.15,23.72
37.43,-75.13,23.81
37.43,-75.11,23.83
37.43,-75.09,23.91
37.43,-75.07,23.93
37.43,-75.05,23.86
37.43,-75.03,23.89
37.43,-75.01,23.93
37.43,-74.99,23.93
37.43,-74.97,23.94
37.43,-74.95,23.97
37.43,-74.93,24.01
37.43,-74.91,24.02
37.43,-74.89,23.93
37.43,-74.87,23.98
37.43,-74.71,23.87
37.43,-74.69,23.82
37.43,-74.67,23.81
37.43,-74.65,23.78
37.43,-74.03,23.91
37.43,-73.81,24.01
37.43,-73.79,23.97
37.43,-73.77,23.96
37.43,-73.45,23.68
37.43,-73.43,23.71
37.43,-73.41,23.73
37.43,-73.39,23.8
37.43,-73.37,23.83
37.43,-73.35,23.83
37.43,-73.33,23.85
37.43,-73.31,23.9
37.43,-73.29,23.9
37.43,-73.27,23.81
37.43,-73.25,23.83
37.43,-73.23,23.94
37.43,-73.21,23.99
37.43,-73.19,24.05
37.43,-73.17,24.09
37.43,-73.15,24.07
37.43,-73.13,24.09
37.43,-73.11,24.12
37.43,-73.09,24.15
37.43,-73.07,24.17
37.43,-73.05,24.23
37.43,-73.03,24.21
37.43,-73.01,24.17
37.43,-72.99,24.16
37.43,-72.97,24.19
37.43,-72.95,24.19
37.43,-72.93,24.2
37.41,-75.67,23.57
37.41,-75.65,23.21
37.41,-75.63,23.14
37.41,-75.61,23.07
37.41,-75.59,23.05
37.41,-75.57,23.07
37.41,-75.55,23.13
37.41,-75.53,23.39
37.41,-75.51,23.44
37.41,-75.49,23.38
37.41,-75.47,23.36
37.41,-75.45,23.46
37.41,-75.43,23.33
37.41,-75.41,23.17
37.41,-75.39,23.08
37.41,-75.37,23.1
37.41,-75.35,23.2
37.41,-75.33,23.26
37.41,-75.31,23.36
37.41,-75.29,23.42
37.41,-75.27,23.6
37.41,-75.25,23.78
37.41,-75.23,23.7
37.41,-75.21,23.67
37.41,-75.19,23.76
37.41,-75.17,23.8
37.41,-75.15,23.83
37.41,-75.13,23.86
37.41,-75.11,23.88
37.41,-75.09,23.97
37.41,-75.07,23.93
37.41,-75.05,23.94
37.41,-75.03,23.99
37.41,-75.01,24.01
37.41,-74.99,23.99
37.41,-74.97,24.05
37.41,-74.95,24.04
37.41,-74.93,24.02
37.41,-74.91,24.04
37.41,-74.89,24.03
37.41,-74.87,24.01
37.41,-74.85,23.97
37.41,-74.83,23.8
37.41,-74.75,23.87
37.41,-74.73,23.88
37.41,-74.71,23.85
37.41,-74.69,23.75
37.41,-74.67,23.74
37.41,-73.81,24.03
37.41,-73.79,24.03
37.41,-73.77,24.01
37.41,-73.47,23.71
37.41,-73.45,23.75
37.41,-73.43,23.76
37.41,-73.41,23.74
37.41,-73.39,23.8
37.41,-73.37,23.86
37.41,-73.35,23.88
37.41,-73.33,23.85
37.41,-73.31,23.87
37.41,-73.29,23.85
37.41,-73.27,23.81
37.41,-73.25,23.81
37.41,-73.23,23.89
37.41,-73.21,23.93
37.41,-73.19,23.95
37.41,-73.17,23.95
37.41,-73.15,24.02
37.41,-73.13,24.1
37.41,-73.11,24.16
37.41,-73.09,24.17
37.41,-73.07,24.16
37.41,-73.05,24.15
37.41,-73.03,24.08
37.41,-73.01,24.04
37.41,-72.99,24.08
37.41,-72.97,24.19
37.41,-72.95,24.17
37.39,-75.69,23.63
37.39,-75.67,23.59
37.39,-75.65,23.06
37.39,-75.63,23.05
37.39,-75.61,23.01
37.39,-75.59,23.08
37.39,-75.57,23.26
37.39,-75.55,23.36
37.39,-75.53,23.42
37.39,-75.51,23.52
37.39,-75.49,23.4
37.39,-75.47,23.33
37.39,-75.45,23.3
37.39,-75.43,23.27
37.39,-75.41,23.14
37.39,-75.39,23.09
37.39,-75.37,23.14
37.39,-75.35,23.26
37.39,-75.33,23.27
37.39,-75.31,23.38
37.39,-75.29,23.46
37.39,-75.27,23.66
37.39,-75.25,23.78
37.39,-75.23,23.73
37.39,-75.21,23.77
37.39,-75.19,23.85
37.39,-75.17,23.9
37.39,-75.15,23.86
37.39,-75.13,23.85
37.39,-75.11,23.91
37.39,-75.09,23.92
37.39,-75.07,23.89
37.39,-75.05,24.03
37.39,-75.03,24.05
37.39,-75.01,24.0
37.39,-74.99,24.03
37.39,-74.97,24.07
37.39,-74.95,24.02
37.39,-74.93,23.98
37.39,-74.91,23.98
37.39,-74.89,23.96
37.39,-74.87,23.92
37.39,-74.85,23.85
37.39,-74.83,23.78
37.39,-74.81,23.79
37.39,-74.79,23.79
37.39,-74.77,23.82
37.39,-74.75,23.87
37.39,-74.73,23.85
37.39,-74.71,23.79
37.39,-74.69,23.79
37.39,-74.07,23.89
37.39,-73.81,23.97
37.39,-73.61,23.77
37.39,-73.59,23.78
37.39,-73.57,23.78
37.39,-73.55,23.75
37.39,-73.53,23.72
37.39,-73.51,23.71
37.39,-73.49,23.75
37.39,-73.47,23.78
37.39,-73.45,23.87
37.39,-73.43,23.82
37.39,-73.41,23.79
37.39,-73.39,23.86
37.39,-73.37,23.89
37.39,-73.35,23.9
37.39,-73.33,23.84
37.39,-73.31,23.83
37.39,-73.29,23.85
37.39,-73.27,23.85
37.39,-73.25,23.89
37.39,-73.23,23.91
37.39,-73.21,23.95
37.39,-73.19,23.94
37.39,-73.17,23.95
37.39,-73.15,24.03
37.39,-73.13,24.06
37.39,-73.11,24.12
37.39,-73.09,24.13
37.39,-73.07,24.12
37.39,-73.05,24.07
37.39,-73.03,24.04
37.39,-73.01,24.02
37.39,-72.99,23.99
37.39,-72.97,23.99
37.39,-72.95,24.1
37.39,-72.93,24.11
37.37,-75.69,23.8
37.37,-75.67,23.4
37.37,-75.65,23.15
37.37,-75.63,23.07
37.37,-75.61,23.02
37.37,-75.59,23.3
37.37,-75.57,23.39
37.37,-75.55,23.41
37.37,-75.53,23.47
37.37,-75.51,23.49
37.37,-75.49,23.46
37.37,-75.47,23.4
37.37,-75.45,23.31
37.37,-75.43,23.27
37.37,-75.41,23.21
37.37,-75.39,23.15
37.37,-75.37,23.24
37.37,-75.35,23.29
37.37,-75.33,23.25
37.37,-75.31,23.3
37.37,-75.29,23.63
37.37,-75.27,23.8
37.37,-75.25,23.86
37.37,-75.23,23.89
37.37,-75.21,23.89
37.37,-75.19,23.87
37.37,-75.17,23.9
37.37,-75.15,23.9
37.37,-75.13,23.92
37.37,-75.11,23.94
37.37,-75.09,23.95
37.37,-75.07,23.99
37.37,-75.05,24.03
37.37,-75.03,24.04
37.37,-75.01,24.05
37.37,-74.99,24.08
37.37,-74.97,24.09
37.37,-74.95,24.01
37.37,-74.93,23.98
37.37,-74.91,23.96
37.37,-74.89,23.83
37.37,-74.87,23.84
37.37,-74.83,23.79
37.37,-74.81,23.76
37.37,-74.79,23.76
37.37,-74.77,23.8
37.37,-74.75,23.84
37.37,-74.73,23.76
37.37,-74.71,23.74
37.37,-73.67,23.79
37.37,-73.65,23.81
37.37,-73.63,23.8
37.37,-73.61,23.79
37.37,-73.59,23.81
37.37,-73.57,23.8
37.37,-73.55,23.77
37.37,-73.53,23.74
37.37,-73.51,23.8
37.37,-73.49,23.88
37.37,-73.47,23.96
37.37,-73.45,23.93
37.37,-73.43,23.86
37.37,-73.41,23.91
37.37,-73.39,23.88
37.37,-73.37,23.89
37.37,-73.35,23.92
37.37,-73.33,23.88
37.37,-73.31,23.85
37.37,-73.29,23.83
37.37,-73.27,23.83
37.37,-73.25,23.92
37.37,-73.23,23.94
37.37,-73.21,23.95
37.37,-73.19,23.96
37.37,-73.17,24.04
37.37,-73.15,24.08
37.37,-73.13,24.04
37.37,-73.11,24.07
37.37,-73.09,24.1
37.37,-73.07,24.08
37.37,-73.05,24.01
37.37,-73.03,24.01
37.37,-73.01,24.11
37.37,-72.99,24.1
37.37,-72.97,24.03
37.37,-72.95,24.05
37.37,-72.93,24.16
37.37,-72.91,24.22
37.35,-75.71,23.92
37.35,-75.69,23.79
37.35,-75.67,23.59
37.35,-75.65,23.23
37.35,-75.63,23.21
37.35,-75.61,23.31
37.35,-75.59,23.39
37.35,-75.57,23.41
37.35,-75.55,23.41
37.35,-75.53,23.46
37.35,-75.51,23.48
37.35,-75.49,23.49
37.35,-75.47,23.44
37.35,-75.45,23.31
37.35,-75.43,23.28
37.35,-75.41,23.3
37.35,-75.39,23.34
37.35,-75.37,23.29
37.35,-75.35,23.28
37.35,-75.33,23.24
37.35,-75.31,23.65
37.35,-75.29,23.83
37.35,-75.27,23.9
37.35,-75.25,23.96
37.35,-75.23,23.95
37.35,-75.21,23.94
37.35,-75.19,23.93
37.35,-75.17,23.94
37.35,-75.15,23.93
37.35,-75.13,23.96
37.35,-75.11,23.99
37.35,-75.09,24.03
37.35,-75.07,24.06
37.35,-75.05,24.01
37.35,-75.03,24.0
37.35,-75.01,24.09
37.35,-74.99,24.08
37.35,-74.97,24.05
37.35,-74.95,24.03
37.35,-74.93,24.01
37.35,-74.91,23.97
37.35,-74.89,23.86
37.35,-74.87,23.75
37.35,-74.85,23.67
37.35,-74.83,23.63
37.35,-74.81,23.65
37.35,-74.79,23.69
37.35,-74.77,23.77
37.35,-74.75,23.85
37.35,-74.73,23.82
37.35,-74.71,23.77
37.35,-74.23,24.01
37.35,-74.21,24.03
37.35,-73.85,24.04
37.35,-73.77,23.93
37.35,-73.75,23.88
37.35,-73.73,23.87
37.35,-73.71,23.84
37.35,-73.69,23.8
37.35,-73.67,23.78
37.35,-73.65,23.78
37.35,-73.63,23.79
37.35,-73.61,23.8
37.35,-73.59,23.81
37.35,-73.57,23.81
37.35,-73.55,23.75
37.35,-73.53,23.76
37.35,-73.51,23.95
37.35,-73.49,24.05
37.35,-73.47,24.02
37.35,-73.45,23.99
37.35,-73.43,23.97
37.35,-73.41,23.94
37.35,-73.39,23.87
37.35,-73.37,23.88
37.35,-73.35,23.92
37.35,-73.33,23.96
37.35,-73.31,23.99
37.35,-73.29,23.93
37.35,-73.27,23.96
37.35,-73.25,24.04
37.35,-73.23,24.08
37.35,-73.21,24.08
37.35,-73.19,24.11
37.35,-73.17,24.13
37.35,-73.15,24.13
37.35,-73.13,24.06
37.35,-73.11,24.08
37.35,-73.09,24.08
37.35,-73.07,24.05
37.35,-73.05,23.95
37.35,-73.03,23.86
37.35,-73.01,24.07
37.33,-75.73,23.9
37.33,-75.71,23.76
37.33,-75.69,23.58
37.33,-75.67,23.4
37.33,-75.65,23.32
37.33,-75.63,23.31
37.33,-75.61,23.34
37.33,-75.59,23.54
37.33,-75.57,23.52
37.33,-75.55,23.52
37.33,-75.53,23.6
37.33,-75.51,23.55
37.33,-75.49,23.45
37.33,-75.47,23.33
37.33,-75.45,23.3
37.33,-75.43,23.33
37.33,-75.41,23.39
37.33,-75.39,23.33
37.33,-75.37,23.31
37.33,-75.35,23.37
37.33,-75.33,23.59
37.33,-75.31,24.05
37.33,-75.29,24.06
37.33,-75.27,24.03
37.33,-75.25,24.04
37.33,-75.23,24.05
37.33,-75.21,24.09
37.33,-75.19,24.09
37.33,-75.17,24.05
37.33,-75.15,24.02
37.33,-75.13,24.05
37.33,-75.11,23.99
37.33,-75.09,24.02
37.33,-75.07,24.07
37.33,-75.05,24.04
37.33,-75.03,24.07
37.33,-75.01,24.07
37.33,-74.99,23.93
37.33,-74.97,23.92
37.33,-74.95,23.94
37.33,-74.93,23.9
37.33,-74.91,23.85
37.33,-74.89,23.78
37.33,-74.87,23.67
37.33,-74.85,23.66
37.33,-74.83,23.67
37.33,-74.81,23.69
37.33,-74.79,23.72
37.33,-74.77,23.77
37.33,-74.75,23.79
37.33,-74.73,23.82
37.33,-74.29,24.09
37.33,-74.23,24.03
37.33,-74.21,24.04
37.33,-73.81,23.81
37.33,-73.79,23.86
37.33,-73.77,23.87
37.33,-73.75,23.85
37.33,-73.73,23.84
37.33,-73.71,23.82
37.33,-73.69,23.8
37.33,-73.67,23.77
37.33,-73.65,23.8
37.33,-73.63,23.8
37.33,-73.61,23.79
37.33,-73.59,23.78
37.33,-73.57,23.75
37.33,-73.55,23.78
37.33,-73.53,23.87
37.33,-73.51,23.9
37.33,-73.49,23.92
37.33,-73.47,23.96
37.33,-73.45,23.94
37.33,-73.43,23.92
37.33,-73.41,23.86
37.33,-73.39,23.83
37.33,-73.37,23.84
37.33,-73.35,23.92
37.33,-73.33,23.93
37.33,-73.31,23.92
37.33,-73.29,23.92
37.33,-73.27,24.03
37.33,-73.25,24.07
37.33,-73.23,24.07
37.33,-73.21,24.12
37.33,-73.19,24.24
37.33,-73.17,24.21
37.33,-73.15,24.16
37.33,-73.13,24.14
37.33,-73.11,24.13
37.33,-73.09,24.11
37.33,-73.07,24.07
37.33,-73.05,23.95
37.33,-73.03,23.82
37.31,-75.75,23.98
37.31,-75.73,23.94
37.31,-75.71,23.57
37.31,-75.69,23.36
37.31,-75.67,23.31
37.31,-75.65,23.23
37.31,-75.63,23.25
37.31,-75.61,23.56
37.31,-75.59,23.62
37.31,-75.57,23.61
37.31,-75.55,23.64
37.31,-75.53,23.63
37.31,-75.51,23.52
37.31,-75.49,23.48
37.31,-75.47,23.48
37.31,-75.45,23.47
37.31,-75.43,23.46
37.31,-75.41,23.51
37.31,-75.39,23.5
37.31,-75.37,23.48
37.31,-75.35,23.6
37.31,-75.33,23.85
37.31,-75.31,24.11
37.31,-75.29,24.15
37.31,-75.27,24.15
37.31,-75.25,24.11
37.31,-75.23,24.18
37.31,-75.21,24.23
37.31,-75.19,24.13
37.31,-75.17,24.04
37.31,-75.15,24.09
37.31,-75.13,24.07
37.31,-75.11,24.03
37.31,-75.09,24.06
37.31,-75.07,24.07
37.31,-75.05,24.09
37.31,-75.03,24.14
37.31,-75.01,24.03
37.31,-74.99,23.95
37.31,-74.97,23.99
37.31,-74.95,23.97
37.31,-74.93,23.88
37.31,-74.91,23.8
37.31,-74.89,23.72
37.31,-74.87,23.62
37.31,-74.85,23.63
37.31,-74.83,23.69
37.31,-74.81,23.76
37.31,-74.79,23.78
37.31,-74.77,23.72
37.31,-74.75,23.81
37.31,-74.73,23.87
37.31,-74.29,24.11
37.31,-73.89,23.88
37.31,-73.87,23.87
37.31,-73.81,23.82
37.31,-73.79,23.79
37.31,-73.77,23.77
37.31,-73.75,23.78
37.31,-73.69,23.63
37.31,-73.67,23.69
37.31,-73.65,23.7
37.31,-73.63,23.75
37.31,-73.61,23.73
37.31,-73.59,23.68
37.31,-73.57,23.74
37.31,-73.55,23.84
37.31,-73.53,23.91
37.31,-73.51,23.87
37.31,-73.49,23.87
37.31,-73.47,23.9
37.31,-73.45,23.87
37.31,-73.43,23.78
37.31,-73.41,23.74
37.31,-73.39,23.78
37.31,-73.37,23.81
37.31,-73.35,23.8
37.31,-73.33,23.85
37.31,-73.31,23.87
37.31,-73.29,23.93
37.31,-73.27,23.98
37.31,-73.25,24.02
37.31,-73.23,24.08
37.31,-73.21,24.05
37.31,-73.19,24.19
37.31,-73.17,24.24
37.31,-73.15,24.21
37.31,-73.13,24.18
37.31,-73.11,24.09
37.31,-73.09,24.09
37.31,-73.07,24.21
37.31,-73.05,24.16
37.29,-75.75,23.99
37.29,-75.73,23.81
37.29,-75.71,23.47
37.29,-75.69,23.39
37.29,-75.67,23.24
37.29,-75.65,23.2
37.29,-75.63,23.24
37.29,-75.61,23.47
37.29,-75.59,23.73
37.29,-75.57,23.7
37.29,-75.55,23.6
37.29,-75.53,23.57
37.29,-75.51,23.54
37.29,-75.49,23.51
37.29,-75.47,23.54
37.29,-75.45,23.5
37.29,-75.43,23.41
37.29,-75.41,23.64
37.29,-75.39,23.61
37.29,-75.37,23.59
37.29,-75.35,23.69
37.29,-75.33,23.99
37.29,-75.31,24.16
37.29,-75.29,24.2
37.29,-75.27,24.21
37.29,-75.25,24.27
37.29,-75.23,24.36
37.29,-75.21,24.31
37.29,-75.19,24.18
37.29,-75.17,24.17
37.29,-75.15,24.18
37.29,-75.13,24.13
37.29,-75.11,24.08
37.29,-75.09,24.09
37.29,-75.07,24.07
37.29,-75.05,24.08
37.29,-75.03,24.07
37.29,-75.01,23.99
37.29,-74.99,24.0
37.29,-74.97,23.99
37.29,-74.95,23.95
37.29,-74.93,23.88
37.29,-74.91,23.8
37.29,-74.89,23.76
37.29,-74.87,23.65
37.29,-74.85,23.62
37.29,-74.83,23.68
37.29,-74.81,23.72
37.29,-74.79,23.66
37.29,-74.77,23.57
37.29,-74.75,23.69
37.29,-74.73,23.77
37.29,-74.21,24.01
37.29,-73.93,23.8
37.29,-73.89,23.82
37.29,-73.87,23.81
37.29,-73.85,23.72
37.29,-73.83,23.74
37.29,-73.81,23.76
37.29,-73.79,23.73
37.29,-73.77,23.74
37.29,-73.75,23.73
37.29,-73.73,23.67
37.29,-73.71,23.62
37.29,-73.69,23.6
37.29,-73.67,23.69
37.29,-73.65,23.67
37.29,-73.63,23.64
37.29,-73.61,23.66
37.29,-73.59,23.7
37.29,-73.57,23.77
37.29,-73.55,23.84
37.29,-73.53,23.89
37.29,-73.51,23.86
37.29,-73.49,23.82
37.29,-73.47,23.78
37.29,-73.45,23.79
37.29,-73.43,23.75
37.29,-73.41,23.71
37.29,-73.39,23.74
37.29,-73.37,23.78
37.29,-73.35,23.84
37.29,-73.33,23.84
37.29,-73.31,23.86
37.29,-73.29,23.87
37.29,-73.27,23.91
37.29,-73.25,24.1
37.29,-73.23,24.13
37.29,-73.21,24.12
37.29,-73.19,24.2
37.29,-73.17,24.27
37.29,-73.15,24.26
37.29,-73.13,24.33
37.29,-73.11,24.34
37.29,-73.09,24.31
37.27,-75.73,23.54
37.27,-75.71,23.39
37.27,-75.69,23.26
37.27,-75.67,23.26
37.27,-75.65,23.27
37.27,-75.63,23.26
37.27,-75.61,23.46
37.27,-75.59,23.72
37.27,-75.57,23.73
37.27,-75.55,23.68
37.27,-75.53,23.72
37.27,-75.51,23.58
37.27,-75.49,23.54
37.27,-75.47,23.59
37.27,-75.45,23.57
37.27,-75.43,23.59
37.27,-75.41,23.63
37.27,-75.39,23.6
37.27,-75.37,23.7
37.27,-75.35,23.88
37.27,-75.33,24.01
37.27,-75.31,24.15
37.27,-75.29,24.24
37.27,-75.27,24.29
37.27,-75.25,24.38
37.27,-75.23,24.45
37.27,-75.21,24.26
37.27,-75.19,24.2
37.27,-75.17,24.23
37.27,-75.15,24.25
37.27,-75.13,24.15
37.27,-75.11,24.13
37.27,-75.09,24.11
37.27,-75.07,24.07
37.27,-75.05,24.08
37.27,-75.03,24.0
37.27,-75.01,23.97
37.27,-74.99,23.99
37.27,-74.97,23.91
37.27,-74.95,23.87
37.27,-74.93,23.87
37.27,-74.91,23.76
37.27,-74.89,23.71
37.27,-74.87,23.65
37.27,-74.85,23.63
37.27,-74.83,23.67
37.27,-74.81,23.68
37.27,-74.79,23.66
37.27,-74.77,23.65
37.27,-74.75,23.64
37.27,-74.21,23.98
37.27,-73.95,23.87
37.27,-73.93,23.86
37.27,-73.91,23.85
37.27,-73.89,23.85
37.27,-73.87,23.74
37.27,-73.85,23.72
37.27,-73.83,23.76
37.27,-73.81,23.81
37.27,-73.79,23.81
37.27,-73.77,23.81
37.27,-73.75,23.77
37.27,-73.73,23.66
37.27,-73.71,23.65
37.27,-73.69,23.65
37.27,-73.67,23.62
37.27,-73.65,23.59
37.27,-73.63,23.57
37.27,-73.61,23.62
37.27,-73.59,23.68
37.27,-73.57,23.75
37.27,-73.55,23.82
37.27,-73.53,23.81
37.27,-73.51,23.79
37.27,-73.49,23.76
37.27,-73.47,23.71
37.27,-73.45,23.74
37.27,-73.43,23.75
37.27,-73.41,23.75
37.27,-73.39,23.75
37.27,-73.37,23.85
37.27,-73.35,23.9
37.27,-73.33,23.92
37.27,-73.31,23.92
37.27,-73.29,23.9
37.27,-73.27,24.11
37.27,-73.25,24.2
37.27,-73.23,24.39
37.27,-73.21,24.58
37.27,-73.19,24.6
37.27,-73.17,24.49
37.27,-72.39,25.65
37.25,-75.75,23.91
37.25,-75.73,23.47
37.25,-75.71,23.23
37.25,-75.69,23.31
37.25,-75.67,23.42
37.25,-75.65,23.35
37.25,-75.63,23.3
37.25,-75.61,23.32
37.25,-75.59,23.53
37.25,-75.57,23.83
37.25,-75.55,23.85
37.25,-75.53,23.72
37.25,-75.51,23.59
37.25,-75.49,23.59
37.25,-75.47,23.65
37.25,-75.45,23.64
37.25,-75.43,23.61
37.25,-75.41,23.61
37.25,-75.39,23.61
37.25,-75.37,23.72
37.25,-75.35,23.85
37.25,-75.33,24.02
37.25,-75.31,24.34
37.25,-75.29,24.35
37.25,-75.27,24.37
37.25,-75.25,24.41
37.25,-75.23,24.35
37.25,-75.21,24.28
37.25,-75.19,24.27
37.25,-75.17,24.28
37.25,-75.15,24.23
37.25,-75.13,24.19
37.25,-75.11,24.13
37.25,-75.09,24.1
37.25,-75.07,24.1
37.25,-75.05,24.06
37.25,-75.03,23.98
37.25,-75.01,23.97
37.25,-74.99,23.99
37.25,-74.97,23.81
37.25,-74.95,23.8
37.25,-74.93,23.84
37.25,-74.91,23.83
37.25,-74.89,23.67
37.25,-74.87,23.67
37.25,-74.85,23.64
37.25,-74.83,23.62
37.25,-74.81,23.61
37.25,-74.79,23.65
37.25,-74.77,23.65
37.25,-74.03,23.41
37.25,-73.93,23.77
37.25,-73.91,23.79
37.25,-73.89,23.76
37.25,-73.87,23.6
37.25,-73.85,23.69
37.25,-73.83,23.76
37.25,-73.81,23.84
37.25,-73.79,23.87
37.25,-73.77,23.83
37.25,-73.75,23.8
37.25,-73.73,23.73
37.25,-73.71,23.77
37.25,-73.69,23.72
37.25,-73.67,23.65
37.25,-73.65,23.64
37.25,-73.63,23.62
37.25,-73.61,23.59
37.25,-73.59,23.66
37.25,-73.57,23.74
37.25,-73.55,23.79
37.25,-73.53,23.79
37.25,-73.51,23.75
37.25,-73.49,23.73
37.25,-73.47,23.73
37.25,-73.45,23.75
37.25,-73.43,23.83
37.25,-73.41,23.85
37.25,-73.39,23.83
37.25,-73.37,23.9
37.25,-73.35,23.85
37.25,-73.33,23.97
37.25,-73.31,23.99
37.25,-73.29,24.11
37.25,-73.27,24.75
37.25,-73.25,24.76
37.25,-73.23,25.01
37.25,-73.21,25.24
37.23,-75.77,24.01
37.23,-75.75,23.81
37.23,-75.73,23.48
37.23,-75.71,23.27
37.23,-75.69,23.28
37.23,-75.67,23.31
37.23,-75.65,23.27
37.23,-75.63,23.26
37.23,-75.61,23.5
37.23,-75.59,23.71
37.23,-75.57,23.79
37.23,-75.55,23.81
37.23,-75.53,23.76
37.23,-75.51,23.69
37.23,-75.49,23.69
37.23,-75.47,23.68
37.23,-75.45,23.72
37.23,-75.43,23.69
37.23,-75.41,23.69
37.23,-75.39,23.73
37.23,-75.37,23.77
37.23,-75.35,23.88
37.23,-75.33,24.16
37.23,-75.31,24.29
37.23,-75.29,24.34
37.23,-75.27,24.4
37.23,-75.25,24.39
37.23,-75.23,24.33
37.23,-75.21,24.34
37.23,-75.19,24.32
37.23,-75.17,24.26
37.23,-75.15,24.21
37.23,-75.13,24.17
37.23,-75.11,24.12
37.23,-75.09,24.14
37.23,-75.07,24.17
37.23,-75.05,24.01
37.23,-75.03,23.97
37.23,-75.01,23.98
37.23,-74.99,23.98
37.23,-74.97,23.93
37.23,-74.95,23.77
37.23,-74.93,23.77
37.23,-74.91,23.74
37.23,-74.89,23.68
37.23,-74.87,23.67
37.23,-74.85,23.64
37.23,-74.83,23.65
37.23,-74.81,23.62
37.23,-74.79,23.61
37.23,-74.77,23.63
37.23,-74.33,24.15
37.23,-74.31,24.14
37.23,-73.99,23.37
37.23,-73.97,23.43
37.23,-73.95,23.42
37.23,-73.93,23.47
37.23,-73.91,23.56
37.23,-73.89,23.46
37.23,-73.87,23.49
37.23,-73.85,23.66
37.23,-73.83,23.76
37.23,-73.81,23.63
37.23,-73.79,23.64
37.23,-73.77,23.66
37.23,-73.75,23.66
37.23,-73.73,23.67
37.23,-73.71,23.65
37.23,-73.69,23.65
37.23,-73.67,23.64
37.23,-73.65,23.66
37.23,-73.63,23.64
37.23,-73.61,23.64
37.23,-73.59,23.7
37.23,-73.57,23.71
37.23,-73.55,23.75
37.23,-73.53,23.76
37.23,-73.51,23.73
37.23,-73.49,23.75
37.23,-73.47,23.8
37.23,-73.45,23.86
37.23,-73.43,23.89
37.23,-73.41,23.89
37.23,-73.39,24.03
37.23,-73.37,24.08
37.23,-73.35,24.25
37.23,-73.33,25.0
37.23,-73.31,25.02
37.23,-73.29,25.23
37.23,-73.27,25.46
37.23,-73.25,25.3
37.23,-73.23,25.44
37.21,-75.79,23.96
37.21,-75.77,23.91
37.21,-75.75,23.61
37.21,-75.73,23.45
37.21,-75.71,23.22
37.21,-75.69,23.17
37.21,-75.67,23.31
37.21,-75.65,23.38
37.21,-75.63,23.41
37.21,-75.61,23.57
37.21,-75.59,23.8
37.21,-75.57,23.89
37.21,-75.55,23.85
37.21,-75.53,23.83
37.21,-75.51,23.82
37.21,-75.49,23.77
37.21,-75.47,23.72
37.21,-75.45,23.78
37.21,-75.43,23.78
37.21,-75.41,23.84
37.21,-75.39,23.87
37.21,-75.37,23.97
37.21,-75.35,24.22
37.21,-75.33,24.27
37.21,-75.31,24.34
37.21,-75.29,24.37
37.21,-75.27,24.41
37.21,-75.25,24.39
37.21,-75.23,24.34
37.21,-75.21,24.37
37.21,-75.19,24.33
37.21,-75.17,24.28
37.21,-75.15,24.2
37.21,-75.13,24.19
37.21,-75.11,24.2
37.21,-75.09,24.16
37.21,-75.07,24.11
37.21,-75.05,24.0
37.21,-75.03,24.02
37.21,-75.01,23.91
37.21,-74.99,23.9
37.21,-74.97,23.91
37.21,-74.95,23.82
37.21,-74.93,23.79
37.21,-74.91,23.72
37.21,-74.89,23.74
37.21,-74.87,23.74
37.21,-74.85,23.72
37.21,-74.83,23.7
37.21,-74.81,23.65
37.21,-74.79,23.62
37.21,-74.31,24.16
37.21,-74.29,24.13
37.21,-74.07,23.4
37.21,-74.05,23.26
37.21,-74.03,23.22
37.21,-74.01,23.25
37.21,-73.99,23.33
37.21,-73.97,23.45
37.21,-73.95,23.44
37.21,-73.93,23.4
37.21,-73.91,23.4
37.21,-73.89,23.36
37.21,-73.87,23.37
37.21,-73.85,23.44
37.21,-73.83,23.49
37.21,-73.81,23.53
37.21,-73.79,23.54
37.21,-73.77,23.56
37.21,-73.75,23.57
37.21,-73.73,23.58
37.21,-73.71,23.6
37.21,-73.69,23.56
37.21,-73.67,23.56
37.21,-73.65,23.61
37.21,-73.63,23.62
37.21,-73.61,23.64
37.21,-73.59,23.67
37.21,-73.57,23.7
37.21,-73.55,23.7
37.21,-73.53,23.74
37.21,-73.51,23.8
37.21,-73.49,23.9
37.21,-73.47,23.97
37.21,-73.45,24.01
37.21,-73.43,24.24
37.21,-73.41,24.29
37.21,-73.39,25.03
37.21,-73.37,25.09
37.21,-73.35,25.12
37.21,-73.33,25.05
37.21,-73.31,24.87
37.21,-73.29,24.79
37.21,-73.27,24.71
37.21,-73.25,24.43
37.21,-73.23,24.79
37.19,-75.77,23.8
37.19,-75.75,23.56
37.19,-75.73,23.38
37.19,-75.71,23.2
37.19,-75.69,23.11
37.19,-75.67,23.28
37.19,-75.65,23.36
37.19,-75.63,23.43
37.19,-75.61,23.57
37.19,-75.59,23.86
37.19,-75.57,23.96
37.19,-75.55,23.86
37.19,-75.53,23.81
37.19,-75.51,23.79
37.19,-75.49,23.76
37.19,-75.47,23.77
37.19,-75.45,23.9
37.19,-75.43,23.94
37.19,-75.41,24.02
37.19,-75.39,24.0
37.19,-75.37,24.12
37.19,-75.35,24.33
37.19,-75.33,24.34
37.19,-75.31,24.36
37.19,-75.29,24.46
37.19,-75.27,24.43
37.19,-75.25,24.37
37.19,-75.23,24.34
37.19,-75.21,24.35
37.19,-75.19,24.27
37.19,-75.17,24.25
37.19,-75.15,24.2
37.19,-75.13,24.18
37.19,-75.11,24.15
37.19,-75.09,24.1
37.19,-75.07,23.98
37.19,-75.05,24.01
37.19,-75.03,24.05
37.19,-75.01,24.03
37.19,-74.99,23.96
37.19,-74.97,23.89
37.19,-74.95,23.85
37.19,-74.93,23.83
37.19,-74.91,23.77
37.19,-74.89,23.82
37.19,-74.87,23.8
37.19,-74.85,23.73
37.19,-74.83,23.7
37.19,-74.81,23.68
37.19,-74.79,23.66
37.19,-74.09,23.51
37.19,-74.07,23.46
37.19,-74.05,23.34
37.19,-74.03,23.31
37.19,-74.01,23.41
37.19,-73.99,23.43
37.19,-73.97,23.44
37.19,-73.95,23.47
37.19,-73.93,23.49
37.19,-73.91,23.46
37.19,-73.89,23.44
37.19,-73.87,23.48
37.19,-73.85,23.51
37.19,-73.83,23.51
37.19,-73.81,23.51
37.19,-73.79,23.52
37.19,-73.77,23.5
37.19,-73.75,23.53
37.19,-73.73,23.6
37.19,-73.71,23.58
37.19,-73.69,23.59
37.19,-73.67,23.6
37.19,-73.65,23.62
37.19,-73.63,23.66
37.19,-73.61,23.68
37.19,-73.59,23.67
37.19,-73.57,23.72
37.19,-73.55,23.67
37.19,-73.53,23.76
37.19,-73.51,23.85
37.19,-73.49,23.89
37.19,-73.47,24.08
37.19,-73.45,24.85
37.19,-73.43,25.13
37.19,-73.41,25.1
37.19,-73.39,25.05
37.19,-73.37,24.74
37.19,-73.35,24.7
37.19,-73.33,24.77
37.19,-73.31,24.81
37.19,-73.29,24.87
37.19,-73.27,24.75
37.19,-73.25,24.78
37.19,-73.23,24.94
37.19,-73.21,25.01
37.17,-75.77,23.52
37.17,-75.75,23.41
37.17,-75.73,23.38
37.17,-75.71,23.27
37.17,-75.69,23.22
37.17,-75.67,23.35
37.17,-75.65,23.41
37.17,-75.63,23.51
37.17,-75.61,23.69
37.17,-75.59,23.92
37.17,-75.57,23.97
37.17,-75.55,23.83
37.17,-75.53,23.79
37.17,-75.51,23.8
37.17,-75.49,23.77
37.17,-75.47,23.79
37.17,-75.45,23.93
37.17,-75.43,24.07
37.17,-75.41,24.12
37.17,-75.39,24.12
37.17,-75.37,24.17
37.17,-75.35,24.34
37.17,-75.33,24.37
37.17,-75.31,24.41
37.17,-75.29,24.47
37.17,-75.27,24.41
37.17,-75.25,24.38
37.17,-75.23,24.37
37.17,-75.21,24.34
37.17,-75.19,24.31
37.17,-75.17,24.29
37.17,-75.15,24.21
37.17,-75.13,24.17
37.17,-75.11,24.12
37.17,-75.09,24.05
37.17,-75.07,23.99
37.17,-75.05,24.01
37.17,-75.03,24.05
37.17,-75.01,24.02
37.17,-74.99,23.93
37.17,-74.97,23.89
37.17,-74.95,23.72
37.17,-74.93,23.82
37.17,-74.91,23.78
37.17,-74.89,23.78
37.17,-74.87,23.75
37.17,-74.85,23.7
37.17,-74.83,23.71
37.17,-74.11,23.66
37.17,-74.09,23.53
37.17,-74.07,23.53
37.17,-74.05,23.46
37.17,-74.03,23.47
37.17,-74.01,23.52
37.17,-73.99,23.42
37.17,-73.97,23.48
37.17,-73.95,23.54
37.17,-73.93,23.5
37.17,-73.91,23.52
37.17,-73.89,23.54
37.17,-73.87,23.55
37.17,-73.85,23.53
37.17,-73.83,23.53
37.17,-73.81,23.5
37.17,-73.79,23.52
37.17,-73.77,23.53
37.17,-73.75,23.57
37.17,-73.73,23.61
37.17,-73.71,23.59
37.17,-73.69,23.61
37.17,-73.67,23.63
37.17,-73.65,23.68
37.17,-73.63,23.72
37.17,-73.61,23.68
37.17,-73.59,23.61
37.17,-73.57,23.6
37.17,-73.55,23.82
37.17,-73.53,23.99
37.17,-73.51,23.96
37.17,-73.49,25.18
37.17,-73.47,25.21
37.17,-73.45,25.35
37.17,-73.43,25.31
37.17,-73.41,25.26
37.17,-73.39,24.56
37.17,-73.37,24.48
37.17,-73.35,24.48
37.17,-73.33,24.5
37.17,-73.31,24.49
37.17,-73.29,24.69
37.17,-73.27,24.95
37.17,-73.25,24.98
37.17,-73.23,25.03
37.17,-73.21,25.2
37.17,-73.05,27.25
37.17,-73.03,27.25
37.17,-73.01,27.24
37.17,-72.99,27.24
37.15,-75.83,23.84
37.15,-75.81,23.76
37.15,-75.79,23.47
37.15,-75.77,23.35
37.15,-75.75,23.33
37.15,-75.73,23.35
37.15,-75.71,23.3
37.15,-75.69,23.41
37.15,-75.67,23.49
37.15,-75.65,23.64
37.15,-75.63,23.67
37.15,-75.61,23.86
37.15,-75.59,23.88
37.15,-75.57,23.87
37.15,-75.55,23.84
37.15,-75.53,23.82
37.15,-75.51,23.85
37.15,-75.49,23.82
37.15,-75.47,23.8
37.15,-75.45,23.89
37.15,-75.43,24.07
37.15,-75.41,24.13
37.15,-75.39,24.17
37.15,-75.37,24.28
37.15,-75.35,24.31
37.15,-75.33,24.38
37.15,-75.31,24.45
37.15,-75.29,24.45
37.15,-75.27,24.34
37.15,-75.25,24.33
37.15,-75.23,24.32
37.15,-75.21,24.24
37.15,-75.19,24.24
37.15,-75.17,24.18
37.15,-75.15,24.15
37.15,-75.13,24.15
37.15,-75.11,24.11
37.15,-75.09,24.04
37.15,-75.07,24.02
37.15,-75.05,24.05
37.15,-75.03,24.03
37.15,-75.01,23.91
37.15,-74.99,23.88
37.15,-74.97,23.78
37.15,-74.95,23.8
37.15,-74.93,23.84
37.15,-74.91,23.84
37.15,-74.89,23.83
37.15,-74.87,23.75
37.15,-74.85,23.73
37.15,-74.83,23.72
37.15,-74.35,24.21
37.15,-74.33,24.18
37.15,-74.09,23.57
37.15,-74.07,23.58
37.15,-74.05,23.55
37.15,-74.03,23.57
37.15,-74.01,23.51
37.15,-73.99,23.42
37.15,-73.97,23.55
37.15,-73.95,23.6
37.15,-73.93,23.69
37.15,-73.91,23.74
37.15,-73.89,23.55
37.15,-73.87,23.53
37.15,-73.85,23.56
37.15,-73.83,23.59
37.15,-73.81,23.54
37.15,-73.79,23.56
37.15,-73.77,23.64
37.15,-73.75,23.62
37.15,-73.73,23.64
37.15,-73.71,23.62
37.15,-73.69,23.64
37.15,-73.67,23.67
37.15,-73.65,23.7
37.15,-73.63,23.74
37.15,-73.61,23.72
37.15,-73.59,23.81
37.15,-73.57,24.16
37.15,-73.55,24.94
37.15,-73.53,24.92
37.15,-73.51,25.12
37.15,-73.49,25.21
37.15,-73.47,25.28
37.15,-73.45,25.27
37.15,-73.43,25.03
37.15,-73.41,24.75
37.15,-73.39,24.48
37.15,-73.37,24.51
37.15,-73.35,24.51
37.15,-73.33,24.49
37.15,-73.25,26.33
37.15,-73.23,26.12
37.15,-73.11,27.23
37.15,-73.09,27.24
37.15,-73.07,27.24
37.15,-73.05,27.27
37.15,-73.03,27.27
37.13,-75.81,23.83
37.13,-75.79,23.49
37.13,-75.77,23.36
37.13,-75.75,23.2
37.13,-75.73,23.33
37.13,-75.71,23.43
37.13,-75.69,23.52
37.13,-75.67,23.72
37.13,-75.65,23.76
37.13,-75.63,23.85
37.13,-75.61,23.93
37.13,-75.59,23.86
37.13,-75.57,23.84
37.13,-75.55,23.86
37.13,-75.53,23.83
37.13,-75.51,23.83
37.13,-75.49,23.82
37.13,-75.47,23.78
37.13,-75.45,23.85
37.13,-75.43,24.0
37.13,-75.41,24.11
37.13,-75.39,24.22
37.13,-75.37,24.29
37.13,-75.35,24.29
37.13,-75.33,24.35
37.13,-75.31,24.42
37.13,-75.29,24.38
37.13,-75.27,24.32
37.13,-75.25,24.32
37.13,-75.23,24.27
37.13,-75.21,24.2
37.13,-75.19,24.15
37.13,-75.17,24.11
37.13,-75.15,24.11
37.13,-75.13,24.17
37.13,-75.11,24.14
37.13,-75.09,24.02
37.13,-75.07,24.03
37.13,-75.05,24.11
37.13,-75.03,24.13
37.13,-75.01,24.03
37.13,-74.99,24.02
37.13,-74.97,24.01
37.13,-74.95,23.9
37.13,-74.93,23.87
37.13,-74.91,23.86
37.13,-74.89,23.82
37.13,-74.87,23.75
37.13,-74.85,23.73
37.13,-74.83,23.71
37.13,-74.81,23.73
37.13,-74.35,24.21
37.13,-74.33,24.18
37.13,-74.11,23.65
37.13,-74.09,23.63
37.13,-74.07,23.64
37.13,-74.05,23.62
37.13,-74.03,23.54
37.13,-74.01,23.46
37.13,-73.99,23.43
37.13,-73.97,23.52
37.13,-73.95,23.58
37.13,-73.93,23.97
37.13,-73.91,23.9
37.13,-73.89,23.83
37.13,-73.87,23.55
37.13,-73.85,23.62
37.13,-73.83,23.62
37.13,-73.81,23.64
37.13,-73.79,23.72
37.13,-73.77,23.7
37.13,-73.75,23.65
37.13,-73.73,23.64
37.13,-73.71,23.62
37.13,-73.69,23.65
37.13,-73.67,23.8
37.13,-73.65,23.89
37.13,-73.63,23.95
37.13,-73.61,24.58
37.13,-73.59,24.52
37.13,-73.57,25.06
37.13,-73.55,25.04
37.13,-73.53,25.14
37.13,-73.51,25.28
37.13,-73.49,25.2
37.13,-73.47,25.29
37.13,-73.45,24.92
37.13,-73.43,24.72
37.13,-73.41,24.5
37.13,-73.39,24.49
37.13,-73.37,24.43
37.13,-73.35,24.25
37.13,-73.29,25.93
37.13,-73.27,26.11
37.13,-73.13,27.28
37.13,-73.11,27.23
37.13,-73.09,27.22
37.13,-73.07,26.99
37.13,-73.05,26.81
37.13,-73.03,26.51
37.11,-75.83,23.78
37.11,-75.81,23.73
37.11,-75.79,23.46
37.11,-75.77,23.36
37.11,-75.75,23.23
37.11,-75.73,23.34
37.11,-75.71,23.54
37.11,-75.69,23.66
37.11,-75.67,23.75
37.11,-75.65,23.77
37.11,-75.63,23.99
37.11,-75.61,23.97
37.11,-75.59,23.89
37.11,-75.57,23.89
37.11,-75.55,23.89
37.11,-75.53,23.9
37.11,-75.51,23.85
37.11,-75.49,23.78
37.11,-75.47,23.81
37.11,-75.45,24.0
37.11,-75.43,24.03
37.11,-75.41,24.03
37.11,-75.39,24.23
37.11,-75.37,24.27
37.11,-75.35,24.29
37.11,-75.33,24.37
37.11,-75.31,24.38
37.11,-75.29,24.32
37.11,-75.27,24.3
37.11,-75.25,24.28
37.11,-75.23,24.2
37.11,-75.21,24.16
37.11,-75.19,24.14
37.11,-75.17,24.11
37.11,-75.15,24.11
37.11,-75.13,24.15
37.11,-75.11,24.08
37.11,-75.09,24.04
37.11,-75.07,24.08
37.11,-75.05,24.06
37.11,-75.03,23.99
37.11,-75.01,23.96
37.11,-74.99,23.95
37.11,-74.97,23.96
37.11,-74.95,23.96
37.11,-74.93,23.93
37.11,-74.91,23.86
37.11,-74.89,23.81
37.11,-74.87,23.75
37.11,-74.85,23.74
37.11,-74.83,23.74
37.11,-74.81,23.75
37.11,-74.79,23.76
37.11,-74.39,24.42
37.11,-74.37,24.4
37.11,-74.35,24.35
37.11,-74.33,24.18
37.11,-74.13,23.66
37.11,-74.11,23.67
37.11,-74.09,23.69
37.11,-74.07,23.72
37.11,-74.05,23.7
37.11,-74.03,23.51
37.11,-74.01,23.5
37.11,-73.99,23.55
37.11,-73.97,23.55
37.11,-73.95,23.63
37.11,-73.93,23.81
37.11,-73.91,23.85
37.11,-73.89,23.85
37.11,-73.87,23.79
37.11,-73.85,23.61
37.11,-73.83,23.54
37.11,-73.81,23.65
37.11,-73.79,23.7
37.11,-73.77,23.72
37.11,-73.75,23.71
37.11,-73.73,23.7
37.11,-73.71,23.76
37.11,-73.69,23.87
37.11,-73.67,24.41
37.11,-73.65,24.62
37.11,-73.63,24.78
37.11,-73.61,24.91
37.11,-73.59,25.03
37.11,-73.57,24.96
37.11,-73.55,24.95
37.11,-73.53,25.09
37.11,-73.51,25.05
37.11,-73.49,25.01
37.11,-73.47,24.93
37.11,-73.45,25.03
37.11,-73.43,24.87
37.11,-73.41,24.7
37.11,-73.39,24.52
37.11,-73.37,24.5
37.11,-73.31,25.87
37.11,-73.17,27.53
37.11,-73.15,27.35
37.11,-73.13,27.31
37.11,-73.11,27.14
37.11,-73.09,27.18
37.11,-73.07,27.01
37.11,-73.05,26.95
37.11,-73.03,26.92
37.11,-73.01,26.93
37.11,-72.99,26.92
37.11,-72.97,27.02
37.09,-75.91,23.84
37.09,-75.83,23.47
37.09,-75.81,23.35
37.09,-75.79,23.3
37.09,-75.77,23.23
37.09,-75.75,23.26
37.09,-75.73,23.35
37.09,-75.71,23.65
37.09,-75.69,23.81
37.09,-75.67,23.87
37.09,-75.65,23.91
37.09,-75.63,24.01
37.09,-75.61,24.05
37.09,-75.59,23.92
37.09,-75.57,23.92
37.09,-75.55,23.91
37.09,-75.53,23.96
37.09,-75.51,23.88
37.09,-75.49,23.84
37.09,-75.47,23.87
37.09,-75.45,23.9
37.09,-75.43,24.06
37.09,-75.41,24.17
37.09,-75.39,24.21
37.09,-75.37,24.25
37.09,-75.35,24.35
37.09,-75.33,24.39
37.09,-75.31,24.36
37.09,-75.29,24.29
37.09,-75.27,24.25
37.09,-75.25,24.23
37.09,-75.23,24.17
37.09,-75.21,24.18
37.09,-75.19,24.14
37.09,-75.17,24.13
37.09,-75.15,24.19
37.09,-75.13,24.15
37.09,-75.11,24.08
37.09,-75.09,24.14
37.09,-75.07,24.13
37.09,-75.05,24.04
37.09,-75.03,23.99
37.09,-75.01,23.91
37.09,-74.99,23.95
37.09,-74.97,23.96
37.09,-74.95,23.98
37.09,-74.93,23.95
37.09,-74.91,23.86
37.09,-74.89,23.84
37.09,-74.87,23.81
37.09,-74.85,23.77
37.09,-74.83,23.77
37.09,-74.81,23.79
37.09,-74.79,23.8
37.09,-74.77,23.84
37.09,-74.75,23.92
37.09,-74.41,24.36
37.09,-74.39,24.44
37.09,-74.37,24.48
37.09,-74.35,24.43
37.09,-74.15,23.69
37.09,-74.13,23.67
37.09,-74.11,23.73
37.09,-74.09,23.73
37.09,-74.07,23.82
37.09,-74.05,23.76
37.09,-74.03,23.64
37.09,-74.01,23.57
37.09,-73.99,23.53
37.09,-73.97,23.7
37.09,-73.95,23.83
37.09,-73.93,23.87
37.09,-73.91,23.91
37.09,-73.89,23.91
37.09,-73.87,23.9
37.09,-73.85,23.78
37.09,-73.83,23.74
37.09,-73.81,23.68
37.09,-73.79,23.67
37.09,-73.77,23.67
37.09,-73.73,24.84
37.09,-73.71,24.89
37.09,-73.69,24.84
37.09,-73.67,24.83
37.09,-73.65,24.82
37.09,-73.63,24.9
37.09,-73.61,25.28
37.09,-73.59,25.11
37.09,-73.57,24.78
37.09,-73.55,24.8
37.09,-73.53,24.53
37.09,-73.51,24.92
37.09,-73.49,24.98
37.09,-73.47,25.01
37.09,-73.45,25.09
37.09,-73.43,25.11
37.09,-73.41,25.08
37.09,-73.39,25.05
37.09,-73.37,27.09
37.09,-73.35,26.96
37.09,-73.33,26.87
37.09,-73.17,27.26
37.09,-73.13,27.01
37.09,-73.11,26.98
37.09,-73.09,27.02
37.09,-73.07,26.98
37.09,-73.05,26.97
37.09,-73.03,27.01
37.09,-73.01,26.95
37.09,-72.99,26.97
37.09,-72.97,27.05
37.07,-75.89,23.79
37.07,-75.87,23.77
37.07,-75.85,23.58
37.07,-75.83,23.46
37.07,-75.81,23.32
37.07,-75.79,23.21
37.07,-75.77,23.23
37.07,-75.75,23.39
37.07,-75.73,23.61
37.07,-75.71,23.96
37.07,-75.69,24.13
37.07,-75.67,24.06
37.07,-75.65,24.02
37.07,-75.63,24.03
37.07,-75.61,24.1
37.07,-75.59,24.1
37.07,-75.57,24.07
37.07,-75.55,24.04
37.07,-75.53,23.93
37.07,-75.51,23.87
37.07,-75.49,23.9
37.07,-75.47,23.94
37.07,-75.45,23.93
37.07,-75.43,24.01
37.07,-75.41,24.26
37.07,-75.39,24.25
37.07,-75.37,24.29
37.07,-75.35,24.38
37.07,-75.33,24.39
37.07,-75.31,24.32
37.07,-75.29,24.3
37.07,-75.27,24.25
37.07,-75.25,24.22
37.07,-75.23,24.21
37.07,-75.21,24.17
37.07,-75.19,24.1
37.07,-75.17,24.13
37.07,-75.15,24.17
37.07,-75.13,24.11
37.07,-75.11,24.13
37.07,-75.09,24.18
37.07,-75.07,24.11
37.07,-75.05,24.1
37.07,-75.03,24.03
37.07,-75.01,24.0
37.07,-74.99,24.02
37.07,-74.97,24.01
37.07,-74.95,24.02
37.07,-74.93,23.94
37.07,-74.91,23.9
37.07,-74.89,23.88
37.07,-74.87,23.84
37.07,-74.85,23.8
37.07,-74.83,23.79
37.07,-74.81,23.81
37.07,-74.79,23.83
37.07,-74.77,23.91
37.07,-74.75,23.97
37.07,-74.73,23.96
37.07,-74.43,24.27
37.07,-74.41,24.32
37.07,-74.39,24.45
37.07,-74.37,24.56
37.07,-74.35,24.53
37.07,-74.19,23.84
37.07,-74.17,23.84
37.07,-74.15,23.76
37.07,-74.13,23.77
37.07,-74.11,23.79
37.07,-74.09,23.81
37.07,-74.07,23.86
37.07,-74.05,23.81
37.07,-74.03,23.77
37.07,-74.01,23.72
37.07,-73.99,23.73
37.07,-73.97,23.86
37.07,-73.95,23.91
37.07,-73.93,23.98
37.07,-73.91,24.04
37.07,-73.89,24.03
37.07,-73.87,24.04
37.07,-73.85,24.02
37.07,-73.83,23.85
37.07,-73.81,23.81
37.07,-73.71,25.12
37.07,-73.69,24.93
37.07,-73.67,24.95
37.07,-73.65,25.11
37.07,-73.63,25.18
37.07,-73.53,24.9
37.07,-73.51,24.89
37.07,-73.47,25.0
37.07,-73.45,25.19
37.07,-73.43,26.24
37.07,-73.41,26.92
37.07,-73.39,27.09
37.07,-73.37,27.09
37.07,-73.35,27.0
37.07,-73.15,27.13
37.07,-73.13,27.1
37.07,-73.11,27.02
37.07,-73.09,26.99
37.07,-73.03,26.97
37.07,-73.01,26.87
37.07,-72.99,26.83
37.07,-72.97,26.8
37.05,-75.91,23.75
37.05,-75.89,23.72
37.05,-75.87,23.73
37.05,-75.85,23.61
37.05,-75.83,23.35
37.05,-75.81,23.18
37.05,-75.79,23.17
37.05,-75.77,23.22
37.05,-75.75,23.48
37.05,-75.73,23.77
37.05,-75.71,24.0
37.05,-75.69,24.1
37.05,-75.67,24.1
37.05,-75.65,24.04
37.05,-75.63,24.09
37.05,-75.61,24.16
37.05,-75.59,24.14
37.05,-75.57,24.11
37.05,-75.55,24.12
37.05,-75.53,24.01
37.05,-75.51,23.96
37.05,-75.49,23.94
37.05,-75.47,23.95
37.05,-75.45,24.01
37.05,-75.43,24.24
37.05,-75.41,24.29
37.05,-75.39,24.29
37.05,-75.37,24.28
37.05,-75.35,24.31
37.05,-75.33,24.3
37.05,-75.31,24.27
37.05,-75.29,24.18
37.05,-75.27,24.17
37.05,-75.25,24.23
37.05,-75.23,24.27
37.05,-75.21,24.15
37.05,-75.19,24.14
37.05,-75.17,24.13
37.05,-75.15,24.13
37.05,-75.13,24.09
37.05,-75.11,24.09
37.05,-75.09,24.06
37.05,-75.07,24.02
37.05,-75.05,24.03
37.05,-75.03,24.05
37.05,-75.01,24.04
37.05,-74.99,24.03
37.05,-74.97,24.02
37.05,-74.95,23.99
37.05,-74.93,23.97
37.05,-74.91,23.92
37.05,-74.89,23.87
37.05,-74.87,23.85
37.05,-74.85,23.84
37.05,-74.83,23.82
37.05,-74.81,23.83
37.05,-74.79,23.9
37.05,-74.77,23.94
37.05,-74.75,23.96
37.05,-74.71,24.07
37.05,-74.47,24.37
37.05,-74.45,24.38
37.05,-74.43,24.41
37.05,-74.41,24.43
37.05,-74.39,24.5
37.05,-74.37,24.53
37.05,-74.29,24.1
37.05,-74.21,23.78
37.05,-74.19,23.85
37.05,-74.17,23.92
37.05,-74.15,23.83
37.05,-74.13,23.83
37.05,-74.11,23.8
37.05,-74.09,23.82
37.05,-74.07,23.83
37.05,-74.05,23.77
37.05,-74.03,23.82
37.05,-74.01,23.9
37.05,-73.99,23.97
37.05,-73.97,23.95
37.05,-73.95,23.98
37.05,-73.93,24.19
37.05,-73.91,24.23
37.05,-73.89,24.37
37.05,-73.87,24.91
37.05,-73.85,24.74
37.05,-73.83,24.69
37.05,-73.69,24.9
37.05,-73.67,24.93
37.05,-73.65,25.04
37.05,-73.53,25.04
37.05,-73.45,27.16
37.05,-73.43,27.16
37.05,-73.41,27.22
37.05,-73.39,27.18
37.05,-73.17,27.25
37.05,-73.15,27.22
37.05,-73.13,27.14
37.05,-73.11,27.02
37.05,-73.09,26.99
37.05,-73.05,26.73
37.05,-73.03,26.84
37.05,-73.01,26.86
37.05,-72.99,26.94
37.05,-72.97,27.01
37.05,-72.95,27.01
37.03,-75.95,24.0
37.03,-75.93,23.97
37.03,-75.91,23.83
37.03,-75.89,23.66
37.03,-75.87,23.53
37.03,-75.85,23.48
37.03,-75.83,23.15
37.03,-75.81,23.11
37.03,-75.79,23.15
37.03,-75.77,23.44
37.03,-75.75,23.71
37.03,-75.73,23.99
37.03,-75.71,24.0
37.03,-75.69,24.03
37.03,-75.67,24.01
37.03,-75.65,24.06
37.03,-75.63,24.16
37.03,-75.61,24.15
37.03,-75.59,24.13
37.03,-75.57,24.14
37.03,-75.55,24.07
37.03,-75.53,23.97
37.03,-75.51,23.94
37.03,-75.49,23.9
37.03,-75.47,23.93
37.03,-75.45,24.11
37.03,-75.43,24.25
37.03,-75.41,24.27
37.03,-75.39,24.3
37.03,-75.37,24.3
37.03,-75.35,24.29
37.03,-75.33,24.26
37.03,-75.31,24.22
37.03,-75.29,24.18
37.03,-75.27,24.16
37.03,-75.25,24.23
37.03,-75.23,24.23
37.03,-75.21,24.18
37.03,-75.19,24.23
37.03,-75.17,24.15
37.03,-75.15,24.12
37.03,-75.13,24.17
37.03,-75.11,24.15
37.03,-75.09,24.12
37.03,-75.07,24.08
37.03,-75.05,24.03
37.03,-75.03,24.07
37.03,-75.01,23.97
37.03,-74.99,24.0
37.03,-74.97,24.04
37.03,-74.95,24.03
37.03,-74.93,23.96
37.03,-74.91,23.91
37.03,-74.89,23.87
37.03,-74.87,23.85
37.03,-74.85,23.86
37.03,-74.83,23.86
37.03,-74.81,23.87
37.03,-74.79,23.93
37.03,-74.77,23.98
37.03,-74.75,23.99
37.03,-74.73,24.07
37.03,-74.71,24.11
37.03,-74.49,24.41
37.03,-74.47,24.39
37.03,-74.45,24.48
37.03,-74.43,24.5
37.03,-74.41,24.48
37.03,-74.39,24.5
37.03,-74.31,24.29
37.03,-74.29,24.19
37.03,-74.27,24.12
37.03,-74.25,24.06
37.03,-74.23,23.89
37.03,-74.21,23.9
37.03,-74.19,23.92
37.03,-74.17,23.97
37.03,-74.15,23.97
37.03,-74.13,24.0
37.03,-74.11,23.98
37.03,-74.09,23.95
37.03,-74.07,23.96
37.03,-74.05,23.91
37.03,-74.03,24.15
37.03,-74.01,24.28
37.03,-73.99,24.22
37.03,-73.97,24.23
37.03,-73.95,24.75
37.03,-73.93,24.95
37.03,-73.91,25.06
37.03,-73.89,25.15
37.03,-73.87,25.39
37.03,-73.85,25.35
37.03,-73.83,25.31
37.03,-73.67,24.83
37.03,-73.65,24.8
37.03,-73.57,24.95
37.03,-73.55,24.98
37.03,-73.47,27.26
37.03,-73.45,27.16
37.03,-73.43,27.15
37.03,-73.17,27.23
37.03,-73.15,27.16
37.03,-73.13,27.11
37.03,-72.97,27.11
37.01,-75.95,23.98
37.01,-75.93,23.96
37.01,-75.91,23.9
37.01,-75.89,23.65
37.01,-75.87,23.45
37.01,-75.85,23.28
37.01,-75.83,23.19
37.01,-75.81,23.09
37.01,-75.79,23.23
37.01,-75.77,23.52
37.01,-75.75,23.7
37.01,-75.73,23.95
37.01,-75.71,23.97
37.01,-75.69,23.8
37.01,-75.67,23.97
37.01,-75.65,24.04
37.01,-75.63,24.1
37.01,-75.61,24.06
37.01,-75.59,24.07
37.01,-75.57,24.07
37.01,-75.55,24.0
37.01,-75.53,23.96
37.01,-75.51,23.97
37.01,-75.49,23.96
37.01,-75.47,24.04
37.01,-75.45,24.22
37.01,-75.43,24.22
37.01,-75.41,24.26
37.01,-75.39,24.29
37.01,-75.37,24.28
37.01,-75.35,24.27
37.01,-75.33,24.26
37.01,-75.31,24.19
37.01,-75.29,24.17
37.01,-75.27,24.24
37.01,-75.25,24.24
37.01,-75.23,24.17
37.01,-75.21,24.18
37.01,-75.19,24.18
37.01,-75.17,24.12
37.01,-75.15,24.13
37.01,-75.13,24.16
37.01,-75.11,24.17
37.01,-75.09,24.14
37.01,-75.07,24.05
37.01,-75.05,24.03
37.01,-75.03,24.04
37.01,-75.01,24.05
37.01,-74.99,24.07
37.01,-74.97,24.06
37.01,-74.95,24.02
37.01,-74.93,23.93
37.01,-74.91,23.9
37.01,-74.87,23.94
37.01,-74.85,23.92
37.01,-74.83,23.88
37.01,-74.81,23.87
37.01,-74.79,23.96
37.01,-74.77,24.0
37.01,-74.53,24.6
37.01,-74.51,24.55
37.01,-74.49,24.49
37.01,-74.47,24.46
37.01,-74.45,24.53
37.01,-74.43,24.51
37.01,-74.41,24.53
37.01,-74.39,24.54
37.01,-74.33,24.74
37.01,-74.31,24.61
37.01,-74.29,24.57
37.01,-74.27,24.32
37.01,-74.25,24.44
37.01,-74.23,24.54
37.01,-74.21,24.28
37.01,-74.19,24.28
37.01,-74.17,24.26
37.01,-74.15,24.25
37.01,-74.13,24.18
37.01,-74.11,24.19
37.01,-74.09,24.23
37.01,-74.07,24.27
37.01,-74.05,24.56
37.01,-74.03,24.71
37.01,-74.01,24.7
37.01,-73.99,24.75
37.01,-73.97,24.93
37.01,-73.95,25.18
37.01,-73.93,25.53
37.01,-73.91,25.71
37.01,-73.89,25.37
37.01,-73.87,24.16
37.01,-73.85,24.2
37.01,-73.15,27.04
37.01,-73.11,26.85
36.99,-75.95,24.04
36.99,-75.93,24.02
36.99,-75.91,23.88
36.99,-75.89,23.8
36.99,-75.87,23.44
36.99,-75.85,23.24
36.99,-75.83,23.2
36.99,-75.81,23.23
36.99,-75.79,23.34
36.99,-75.77,23.5
36.99,-75.75,23.7
36.99,-75.73,23.82
36.99,-75.71,23.89
36.99,-75.69,23.78
36.99,-75.67,23.83
36.99,-75.65,24.05
36.99,-75.63,24.06
36.99,-75.61,24.05
36.99,-75.59,24.03
36.99,-75.57,23.99
36.99,-75.55,23.97
36.99,-75.53,23.98
36.99,-75.51,23.99
36.99,-75.49,24.03
36.99,-75.47,24.19
36.99,-75.45,24.19
36.99,-75.43,24.16
36.99,-75.41,24.18
36.99,-75.39,24.18
36.99,-75.37,24.19
36.99,-75.35,24.23
36.99,-75.33,24.19
36.99,-75.31,24.16
36.99,-75.29,24.17
36.99,-75.27,24.25
36.99,-75.25,24.25
36.99,-75.23,24.18
36.99,-75.21,24.15
36.99,-75.15,24.17
36.99,-75.13,24.17
36.99,-75.11,24.17
36.99,-75.09,24.13
36.99,-75.07,24.06
36.99,-75.05,24.06
36.99,-75.03,24.09
36.99,-75.01,24.13
36.99,-74.99,24.12
36.99,-74.97,24.04
36.99,-74.95,23.97
36.99,-74.93,23.91
36.99,-74.87,24.05
36.99,-74.85,24.0
36.99,-74.83,23.91
36.99,-74.81,23.91
36.99,-74.79,23.94
36.99,-74.71,24.05
36.99,-74.69,24.05
36.99,-74.55,24.95
36.99,-74.53,24.9
36.99,-74.51,24.64
36.99,-74.49,24.66
36.99,-74.47,24.69
36.99,-74.45,24.68
36.99,-74.43,24.6
36.99,-74.41,24.58
36.99,-74.33,24.84
36.99,-74.31,24.86
36.99,-74.29,24.66
36.99,-74.27,24.83
36.99,-74.25,25.08
36.99,-74.23,25.07
36.99,-74.21,24.71
36.99,-74.19,24.49
36.99,-74.17,24.22
36.99,-74.15,24.24
36.99,-74.13,24.25
36.99,-74.11,24.29
36.99,-74.09,24.46
36.99,-74.07,24.84
36.99,-74.05,24.97
36.99,-74.03,25.29
36.99,-74.01,25.31
36.99,-73.99,25.6
36.99,-73.97,25.56
36.99,-73.95,25.3
36.99,-73.93,24.91
36.99,-73.91,24.18
36.99,-73.89,24.1
36.99,-73.87,24.24
36.97,-75.93,23.89
36.97,-75.91,23.81
36.97,-75.89,23.77
36.97,-75.87,23.6
36.97,-75.85,23.46
36.97,-75.83,23.38
36.97,-75.81,23.39
36.97,-75.79,23.46
36.97,-75.77,23.56
36.97,-75.75,23.72
36.97,-75.73,23.85
36.97,-75.71,23.82
36.97,-75.69,23.83
36.97,-75.67,23.97
36.97,-75.65,24.06
36.97,-75.63,24.05
36.97,-75.61,24.03
36.97,-75.59,24.0
36.97,-75.57,23.96
36.97,-75.55,23.99
36.97,-75.53,24.0
36.97,-75.51,24.03
36.97,-75.49,24.11
36.97,-75.47,24.18
36.97,-75.45,24.15
36.97,-75.43,24.14
36.97,-75.41,24.13
36.97,-75.39,24.11
36.97,-75.37,24.16
36.97,-75.35,24.21
36.97,-75.33,24.2
36.97,-75.31,24.15
36.97,-75.29,24.16
36.97,-75.27,24.22
36.97,-75.25,24.2
36.97,-75.05,24.13
36.97,-75.03,24.14
36.97,-75.01,24.17
36.97,-74.99,24.14
36.97,-74.87,24.11
36.97,-74.85,24.08
36.97,-74.83,24.03
36.97,-74.81,24.01
36.97,-74.79,23.99
36.97,-74.77,24.0
36.97,-74.75,23.99
36.97,-74.73,24.02
36.97,-74.71,24.1
36.97,-74.69,24.12
36.97,-74.57,24.94
36.97,-74.55,24.99
36.97,-74.53,25.01
36.97,-74.51,24.98
36.97,-74.49,24.88
36.97,-74.47,24.85
36.97,-74.45,24.85
36.97,-74.43,24.95
36.97,-74.41,25.04
36.97,-74.33,25.02
36.97,-74.31,25.06
36.97,-74.29,25.04
36.97,-74.27,25.04
36.97,-74.25,25.08
36.97,-74.23,25.11
36.97,-74.21,25.0
36.97,-74.19,24.55
36.97,-74.17,24.45
36.97,-74.15,24.34
36.97,-74.13,24.37
36.97,-74.11,24.49
36.97,-74.09,24.82
36.97,-74.07,24.93
36.97,-74.05,25.46
36.97,-74.03,26.0
36.97,-74.01,25.96
36.97,-73.99,25.7
36.97,-73.97,24.87
36.97,-73.95,24.33
36.97,-73.93,24.34
36.97,-73.91,24.21
36.97,-73.89,24.13
36.95,-75.93,23.73
36.95,-75.91,23.68
36.95,-75.89,23.68
36.95,-75.87,23.61
36.95,-75.85,23.49
36.95,-75.83,23.46
36.95,-75.81,23.49
36.95,-75.79,23.58
36.95,-75.77,23.68
36.95,-75.75,23.74
36.95,-75.73,23.77
36.95,-75.71,23.79
36.95,-75.69,23.95
36.95,-75.67,24.05
36.95,-75.65,24.09
36.95,-75.63,24.05
36.95,-75.61,24.03
36.95,-75.59,23.98
36.95,-75.57,23.94
36.95,-75.55,23.99
36.95,-75.53,24.05
36.95,-75.51,24.12
36.95,-75.49,24.16
36.95,-75.47,24.14
36.95,-75.45,24.12
36.95,-75.43,24.11
36.95,-75.41,24.06
36.95,-75.39,24.09
36.95,-75.37,24.18
36.95,-75.35,24.18
36.95,-75.33,24.14
36.95,-75.31,24.14
36.95,-75.29,24.17
36.95,-75.27,24.22
36.95,-75.25,24.18
36.95,-75.23,24.16
36.95,-75.17,24.17
36.95,-75.15,24.23
36.95,-75.03,24.19
36.95,-75.01,24.17
36.95,-74.99,24.12
36.95,-74.97,24.05
36.95,-74.87,24.18
36.95,-74.85,24.14
36.95,-74.83,24.06
36.95,-74.81,24.01
36.95,-74.79,24.02
36.95,-74.77,24.02
36.95,-74.75,23.99
36.95,-74.73,24.05
36.95,-74.71,24.24
36.95,-74.69,24.21
36.95,-74.65,24.67
36.95,-74.63,24.88
36.95,-74.61,24.89
36.95,-74.59,24.92
36.95,-74.57,25.01
36.95,-74.55,25.09
36.95,-74.53,25.17
36.95,-74.51,25.22
36.95,-74.49,25.09
36.95,-74.47,25.05
36.95,-74.45,25.0
36.95,-74.43,24.98
36.95,-74.41,25.04
36.95,-74.35,25.01
36.95,-74.33,25.05
36.95,-74.31,25.2
36.95,-74.29,25.24
36.95,-74.27,25.14
36.95,-74.25,25.08
36.95,-74.23,25.12
36.95,-74.21,25.13
36.95,-74.19,24.57
36.95,-74.17,24.28
36.95,-74.15,24.44
36.95,-74.13,24.55
36.95,-74.11,24.86
36.95,-74.09,25.11
36.95,-74.07,25.55
36.95,-74.05,25.86
36.95,-74.03,24.31
36.95,-74.01,24.21
36.95,-73.99,24.09
36.95,-73.97,24.07
36.95,-73.95,24.06
36.93,-75.89,23.63
36.93,-75.87,23.66
36.93,-75.85,23.51
36.93,-75.83,23.51
36.93,-75.81,23.55
36.93,-75.79,23.64
36.93,-75.77,23.71
36.93,-75.75,23.7
36.93,-75.73,23.74
36.93,-75.71,23.8
36.93,-75.69,23.9
36.93,-75.67,24.05
36.93,-75.65,24.11
36.93,-75.63,24.07
36.93,-75.61,24.04
36.93,-75.59,24.02
36.93,-75.57,24.02
36.93,-75.55,24.05
36.93,-75.53,24.16
36.93,-75.51,24.16
36.93,-75.49,24.16
36.93,-75.47,24.11
36.93,-75.45,24.13
36.93,-75.43,24.11
36.93,-75.41,24.08
36.93,-75.39,24.11
36.93,-75.37,24.14
36.93,-75.35,24.16
36.93,-75.33,24.11
36.93,-75.31,24.14
36.93,-75.29,24.17
36.93,-75.27,24.16
36.93,-75.25,24.13
36.93,-75.23,24.11
36.93,-75.21,24.14
36.93,-75.01,24.09
36.93,-74.99,24.06
36.93,-74.93,24.3
36.93,-74.91,24.21
36.93,-74.89,24.16
36.93,-74.87,24.21
36.93,-74.85,24.2
36.93,-74.83,24.08
36.93,-74.81,24.01
36.93,-74.79,24.02
36.93,-74.77,23.99
36.93,-74.75,23.98
36.93,-74.73,24.13
36.93,-74.71,24.25
36.93,-74.69,24.31
36.93,-74.67,24.6
36.93,-74.65,24.69
36.93,-74.63,24.85
36.93,-74.61,24.9
36.93,-74.59,24.98
36.93,-74.57,25.1
36.93,-74.55,25.18
36.93,-74.53,25.29
36.93,-74.51,25.2
36.93,-74.49,25.17
36.93,-74.47,25.06
36.93,-74.43,24.93
36.93,-74.41,24.93
36.93,-74.37,25.14
36.93,-74.35,25.12
36.93,-74.33,25.13
36.93,-74.31,25.19
36.93,-74.29,25.16
36.93,-74.27,25.14
36.93,-74.25,25.1
36.93,-74.23,25.13
36.93,-74.21,24.98
36.93,-74.19,24.59
36.93,-74.17,24.53
36.93,-74.15,24.52
36.93,-74.13,24.8
36.93,-74.11,25.3
36.93,-74.09,25.57
36.93,-74.07,25.67
36.93,-74.05,24.22
36.93,-74.03,24.28
36.93,-74.01,24.26
36.93,-73.99,24.2
36.93,-73.11,27.07
36.91,-75.89,23.68
36.91,-75.87,23.64
36.91,-75.85,23.6
36.91,-75.83,23.61
36.91,-75.81,23.64
36.91,-75.79,23.75
36.91,-75.77,23.76
36.91,-75.75,23.73
36.91,-75.73,23.8
36.91,-75.71,23.83
36.91,-75.69,23.92
36.91,-75.67,24.03
36.91,-75.65,24.1
36.91,-75.63,24.11
36.91,-75.61,24.08
36.91,-75.59,24.06
36.91,-75.57,24.08
36.91,-75.55,24.17
36.91,-75.53,24.22
36.91,-75.51,24.17
36.91,-75.49,24.14
36.91,-75.47,24.13
36.91,-75.45,24.09
36.91,-75.43,24.05
36.91,-75.41,24.04
36.91,-75.39,24.01
36.91,-75.37,23.99
36.91,-75.35,24.02
36.91,-75.33,24.08
36.91,-75.31,24.12
36.91,-75.29,24.13
36.91,-75.27,24.16
36.91,-75.25,24.15
36.91,-75.23,24.13
36.91,-75.21,24.19
36.91,-75.05,24.26
36.91,-75.03,24.22
36.91,-75.01,24.2
36.91,-74.95,24.23
36.91,-74.93,24.3
36.91,-74.91,24.27
36.91,-74.89,24.19
36.91,-74.87,24.17
36.91,-74.85,24.14
36.91,-74.83,24.09
36.91,-74.81,24.03
36.91,-74.79,24.03
36.91,-74.77,24.01
36.91,-74.75,24.07
36.91,-74.73,24.19
36.91,-74.71,24.3
36.91,-74.69,24.4
36.91,-74.67,24.73
36.91,-74.65,24.84
36.91,-74.63,24.81
36.91,-74.61,24.88
36.91,-74.59,25.26
36.91,-74.57,25.26
36.91,-74.55,25.26
36.91,-74.53,25.34
36.91,-74.51,25.08
36.91,-74.49,25.01
36.91,-74.47,24.96
36.91,-74.45,24.97
36.91,-74.43,24.98
36.91,-74.41,25.0
36.91,-74.39,25.01
36.91,-74.37,25.11
36.91,-74.35,25.24
36.91,-74.33,25.2
36.91,-74.31,25.22
36.91,-74.29,25.25
36.91,-74.27,25.23
36.91,-74.25,25.22
36.91,-74.23,25.01
36.91,-74.21,24.96
36.91,-74.19,24.75
36.91,-74.17,24.57
36.91,-74.15,24.77
36.91,-74.13,25.24
36.91,-74.11,25.51
36.91,-74.09,24.17
36.91,-74.07,24.2
36.91,-74.05,24.2
36.91,-74.03,24.02
36.91,-74.01,23.32
36.91,-73.13,27.14
36.91,-73.11,27.12
36.89,-75.89,23.68
36.89,-75.87,23.65
36.89,-75.85,23.63
36.89,-75.83,23.69
36.89,-75.81,23.74
36.89,-75.79,23.79
36.89,-75.77,23.78
36.89,-75.75,23.77
36.89,-75.73,23.85
36.89,-75.71,23.92
36.89,-75.69,23.98
36.89,-75.67,24.04
36.89,-75.65,24.07
36.89,-75.63,24.09
36.89,-75.61,24.12
36.89,-75.59,24.12
36.89,-75.57,24.16
36.89,-75.55,24.2
36.89,-75.53,24.17
36.89,-75.51,24.13
36.89,-75.49,24.14
36.89,-75.47,24.16
36.89,-75.45,24.1
36.89,-75.43,24.07
36.89,-75.41,24.01
36.89,-75.39,23.94
36.89,-75.37,23.95
36.89,-75.35,23.96
36.89,-75.33,24.02
36.89,-75.31,24.06
36.89,-75.29,24.07
36.89,-75.27,24.08
36.89,-75.25,24.09
36.89,-75.05,24.27
36.89,-75.03,24.23
36.89,-75.01,24.22
36.89,-74.97,24.17
36.89,-74.95,24.12
36.89,-74.93,24.07
36.89,-74.91,24.1
36.89,-74.89,24.15
36.89,-74.87,24.13
36.89,-74.85,24.09
36.89,-74.83,24.06
36.89,-74.81,24.03
36.89,-74.79,24.03
36.89,-74.77,24.06
36.89,-74.75,24.09
36.89,-74.73,24.18
36.89,-74.71,24.27
36.89,-74.69,24.69
36.89,-74.67,24.83
36.89,-74.65,24.87
36.89,-74.63,24.93
36.89,-74.61,24.97
36.89,-74.59,25.26
36.89,-74.57,25.29
36.89,-74.55,25.29
36.89,-74.53,25.33
36.89,-74.51,25.04
36.89,-74.49,25.08
36.89,-74.47,25.09
36.89,-74.45,25.23
36.89,-74.43,24.98
36.89,-74.41,25.0
36.89,-74.39,25.07
36.89,-74.37,25.15
36.89,-74.35,25.19
36.89,-74.33,25.23
36.89,-74.31,25.26
36.89,-74.29,25.32
36.89,-74.27,25.33
36.89,-74.25,25.36
36.89,-74.23,25.27
36.89,-74.21,25.05
36.89,-74.19,24.91
36.89,-74.17,25.11
36.89,-74.15,25.25
36.89,-74.13,25.29
36.89,-74.11,25.29
36.89,-74.09,24.07
36.89,-74.07,23.05
36.89,-74.05,23.03
36.89,-74.03,23.01
36.89,-74.01,23.31
36.89,-73.15,27.12
36.89,-73.13,27.12
36.89,-73.11,27.15
36.89,-73.09,27.13
36.87,-75.87,23.65
36.87,-75.85,23.68
36.87,-75.83,23.72
36.87,-75.81,23.75
36.87,-75.79,23.73
36.87,-75.77,23.74
36.87,-75.75,23.75
36.87,-75.73,23.82
36.87,-75.71,23.92
36.87,-75.69,23.99
36.87,-75.67,24.09
36.87,-75.65,24.06
36.87,-75.63,24.06
36.87,-75.61,24.12
36.87,-75.59,24.18
36.87,-75.57,24.23
36.87,-75.55,24.21
36.87,-75.53,24.14
36.87,-75.51,24.17
36.87,-75.49,24.21
36.87,-75.47,24.11
36.87,-75.45,24.07
36.87,-75.43,24.03
36.87,-75.41,23.99
36.87,-75.39,23.94
36.87,-75.37,23.92
36.87,-75.35,23.91
36.87,-75.33,23.95
36.87,-75.31,23.99
36.87,-75.29,23.99
36.87,-75.27,24.03
36.87,-75.25,24.06
36.87,-75.05,24.32
36.87,-75.03,24.26
36.87,-74.99,24.15
36.87,-74.97,24.21
36.87,-74.95,24.18
36.87,-74.93,24.11
36.87,-74.91,24.11
36.87,-74.89,24.17
36.87,-74.87,24.13
36.87,-74.85,24.07
36.87,-74.83,24.08
36.87,-74.81,24.11
36.87,-74.79,24.11
36.87,-74.77,24.14
36.87,-74.75,24.13
36.87,-74.73,24.31
36.87,-74.71,24.46
36.87,-74.69,24.8
36.87,-74.67,24.79
36.87,-74.65,25.04
36.87,-74.63,25.05
36.87,-74.61,25.06
36.87,-74.59,25.12
36.87,-74.57,25.26
36.87,-74.55,25.31
36.87,-74.53,25.33
36.87,-74.51,25.33
36.87,-74.49,25.23
36.87,-74.47,25.32
36.87,-74.45,25.31
36.87,-74.43,25.23
36.87,-74.41,25.19
36.87,-74.39,25.22
36.87,-74.37,25.26
36.87,-74.35,25.27
36.87,-74.33,25.34
36.87,-74.31,25.38
36.87,-74.29,25.41
36.87,-74.27,25.48
36.87,-74.25,25.57
36.87,-74.23,25.55
36.87,-74.21,25.27
36.87,-74.19,25.16
36.87,-74.17,25.18
36.87,-74.11,24.07
36.87,-74.07,23.08
36.87,-74.05,23.16
36.87,-74.03,23.21
36.87,-73.15,27.24
36.87,-73.13,27.21
36.87,-73.11,27.2
36.87,-73.09,27.15
36.85,-75.87,23.76
36.85,-75.85,23.78
36.85,-75.83,23.76
36.85,-75.81,23.71
36.85,-75.79,23.67
36.85,-75.77,23.7
36.85,-75.75,23.75
36.85,-75.73,23.86
36.85,-75.71,23.9
36.85,-75.69,23.98
36.85,-75.67,24.12
36.85,-75.65,24.14
36.85,-75.63,24.14
36.85,-75.61,24.17
36.85,-75.59,24.22
36.85,-75.57,24.21
36.85,-75.55,24.19
36.85,-75.53,24.16
36.85,-75.51,24.17
36.85,-75.49,24.13
36.85,-75.47,24.07
36.85,-75.45,24.05
36.85,-75.43,23.99
36.85,-75.41,23.9
36.85,-75.39,23.9
36.85,-75.37,23.88
36.85,-75.35,23.9
36.85,-75.33,23.93
36.85,-75.31,23.93
36.85,-75.29,23.92
36.85,-75.27,23.96
36.85,-75.25,23.96
36.85,-75.07,24.33
36.85,-75.05,24.27
36.85,-75.03,24.18
36.85,-75.01,24.11
36.85,-74.99,24.08
36.85,-74.97,24.14
36.85,-74.95,24.16
36.85,-74.93,24.09
36.85,-74.91,24.13
36.85,-74.89,24.15
36.85,-74.87,24.07
36.85,-74.85,24.05
36.85,-74.83,24.14
36.85,-74.81,24.17
36.85,-74.79,24.18
36.85,-74.77,24.18
36.85,-74.75,24.13
36.85,-74.73,24.38
36.85,-74.71,24.58
36.85,-74.69,24.83
36.85,-74.67,24.77
36.85,-74.65,25.16
36.85,-74.63,25.23
36.85,-74.61,25.13
36.85,-74.59,25.12
36.85,-74.57,25.18
36.85,-74.55,25.25
36.85,-74.53,25.34
36.85,-74.51,25.4
36.85,-74.49,25.37
36.85,-74.47,25.22
36.85,-74.45,25.25
36.85,-74.43,25.29
36.85,-74.41,25.36
36.85,-74.39,25.35
36.85,-74.37,25.35
36.85,-74.35,25.44
36.85,-74.33,25.48
36.85,-74.31,25.45
36.85,-74.29,25.53
36.85,-74.27,26.02
36.85,-74.25,26.14
36.85,-74.23,26.33
36.85,-74.21,26.22
36.85,-74.19,26.04
36.85,-74.17,25.69
36.85,-73.13,27.19
36.85,-73.11,27.17
36.85,-73.09,27.17
36.85,-73.07,27.21
36.83,-75.85,23.82
36.83,-75.83,23.75
36.83,-75.81,23.72
36.83,-75.79,23.66
36.83,-75.77,23.64
36.83,-75.75,23.75
36.83,-75.73,23.84
36.83,-75.71,23.93
36.83,-75.69,24.04
36.83,-75.67,24.1
36.83,-75.65,24.12
36.83,-75.63,24.13
36.83,-75.61,24.16
36.83,-75.59,24.16
36.83,-75.57,24.17
36.83,-75.55,24.2
36.83,-75.53,24.15
36.83,-75.51,24.13
36.83,-75.49,24.1
36.83,-75.47,24.08
36.83,-75.45,24.02
36.83,-75.43,23.95
36.83,-75.41,23.87
36.83,-75.39,23.82
36.83,-75.37,23.85
36.83,-75.35,23.9
36.83,-75.33,23.89
36.83,-75.31,23.87
36.83,-75.29,23.96
36.83,-75.27,23.95
36.83,-75.25,23.96
36.83,-75.07,24.28
36.83,-75.05,24.25
36.83,-75.03,24.24
36.83,-75.01,24.18
36.83,-74.99,24.16
36.83,-74.97,24.11
36.83,-74.95,24.05
36.83,-74.93,24.07
36.83,-74.91,24.12
36.83,-74.89,24.08
36.83,-74.87,24.08
36.83,-74.85,24.14
36.83,-74.83,24.23
36.83,-74.81,24.2
36.83,-74.79,24.16
36.83,-74.77,24.15
36.83,-74.75,24.22
36.83,-74.73,24.36
36.83,-74.71,24.57
36.83,-74.69,24.86
36.83,-74.67,24.84
36.83,-74.65,25.13
36.83,-74.63,25.19
36.83,-74.61,25.15
36.83,-74.59,25.16
36.83,-74.57,25.25
36.83,-74.55,25.23
36.83,-74.53,25.26
36.83,-74.51,25.51
36.83,-74.49,25.7
36.83,-74.47,25.71
36.83,-74.45,25.27
36.83,-74.43,25.32
36.83,-74.41,25.4
36.83,-74.39,25.46
36.83,-74.37,25.6
36.83,-74.35,25.57
36.83,-74.33,25.53
36.83,-74.31,25.73
36.83,-74.29,25.81
36.83,-74.27,26.15
36.83,-74.25,26.43
36.83,-74.23,26.44
36.83,-74.21,26.43
36.83,-74.19,26.19
36.83,-73.11,27.25
36.83,-73.09,27.22
36.83,-73.07,27.24
36.81,-75.83,23.71
36.81,-75.81,23.71
36.81,-75.79,23.66
36.81,-75.77,23.62
36.81,-75.75,23.79
36.81,-75.73,23.92
36.81,-75.71,23.98
36.81,-75.69,24.09
36.81,-75.67,24.13
36.81,-75.65,24.15
36.81,-75.63,24.18
36.81,-75.61,24.15
36.81,-75.59,24.1
36.81,-75.57,24.12
36.81,-75.55,24.16
36.81,-75.53,24.11
36.81,-75.51,24.08
36.81,-75.49,24.07
36.81,-75.47,24.0
36.81,-75.45,23.97
36.81,-75.43,23.91
36.81,-75.41,23.86
36.81,-75.39,23.85
36.81,-75.37,23.86
36.81,-75.35,23.89
36.81,-75.33,23.92
36.81,-75.31,24.05
36.81,-75.29,24.03
36.81,-75.27,23.96
36.81,-75.25,23.98
36.81,-75.05,24.4
36.81,-75.03,24.19
36.81,-75.01,24.17
36.81,-74.99,24.2
36.81,-74.97,24.11
36.81,-74.95,24.08
36.81,-74.93,24.07
36.81,-74.91,24.07
36.81,-74.89,24.03
36.81,-74.87,24.13
36.81,-74.85,24.18
36.81,-74.83,24.18
36.81,-74.81,24.17
36.81,-74.79,24.14
36.81,-74.77,24.14
36.81,-74.75,24.27
36.81,-74.73,24.38
36.81,-74.71,24.55
36.81,-74.69,24.76
36.81,-74.67,24.9
36.81,-74.65,25.14
36.81,-74.63,25.18
36.81,-74.61,25.26
36.81,-74.59,25.33
36.81,-74.57,25.35
36.81,-74.55,25.21
36.81,-74.53,25.15
36.81,-74.51,25.56
36.81,-74.49,25.7
36.81,-74.47,25.8
36.81,-74.45,25.86
36.81,-74.43,25.75
36.81,-74.41,25.68
36.81,-74.39,25.66
36.81,-74.37,25.66
36.81,-74.35,25.68
36.81,-74.33,25.82
36.81,-74.31,26.19
36.81,-74.29,26.45
36.81,-74.27,26.5
36.81,-74.25,26.47
36.79,-75.83,23.67
36.79,-75.81,23.74
36.79,-75.79,23.68
36.79,-75.77,23.62
36.79,-75.75,23.81
36.79,-75.73,24.04
36.79,-75.71,24.07
36.79,-75.69,24.09
36.79,-75.67,24.13
36.79,-75.65,24.17
36.79,-75.63,24.13
36.79,-75.61,24.06
36.79,-75.59,24.03
36.79,-75.57,24.08
36.79,-75.55,24.08
36.79,-75.53,24.04
36.79,-75.51,24.01
36.79,-75.49,23.98
36.79,-75.47,23.95
36.79,-75.45,23.9
36.79,-75.43,23.87
36.79,-75.41,23.83
36.79,-75.39,23.83
36.79,-75.37,23.84
36.79,-75.35,23.92
36.79,-75.33,23.92
36.79,-75.31,24.02
36.79,-75.29,24.14
36.79,-75.27,24.06
36.79,-75.25,23.99
36.79,-75.05,24.27
36.79,-75.03,24.17
36.79,-75.01,24.08
36.79,-74.99,24.08
36.79,-74.97,24.09
36.79,-74.95,24.11
36.79,-74.93,24.12
36.79,-74.91,24.12
36.79,-74.89,24.13
36.79,-74.87,24.19
36.79,-74.85,24.26
36.79,-74.83,24.22
36.79,-74.81,24.13
36.79,-74.79,24.14
36.79,-74.77,24.19
36.79,-74.75,24.32
36.79,-74.73,24.47
36.79,-74.71,24.7
36.79,-74.69,24.72
36.79,-74.67,24.84
36.79,-74.65,25.23
36.79,-74.63,25.26
36.79,-74.61,25.26
36.79,-74.59,25.42
36.79,-74.57,25.41
36.79,-74.55,25.07
36.79,-74.53,25.03
36.79,-74.51,25.57
36.79,-74.49,25.66
36.79,-74.47,25.82
36.79,-74.45,25.89
36.79,-74.43,25.97
36.79,-74.41,26.03
36.79,-74.39,26.03
36.79,-74.37,25.91
36.79,-74.35,25.94
36.79,-74.33,26.32
36.79,-74.31,26.46
36.79,-74.29,26.57
36.79,-74.27,26.59
36.77,-75.81,23.72
36.77,-75.79,23.71
36.77,-75.77,23.7
36.77,-75.75,23.81
36.77,-75.73,23.98
36.77,-75.71,24.01
36.77,-75.69,24.09
36.77,-75.67,24.19
36.77,-75.65,24.17
36.77,-75.63,24.06
36.77,-75.61,23.95
36.77,-75.59,23.92
36.77,-75.57,23.91
36.77,-75.55,23.91
36.77,-75.53,23.93
36.77,-75.51,23.92
36.77,-75.49,23.9
36.77,-75.47,23.93
36.77,-75.45,23.87
36.77,-75.43,23.83
36.77,-75.41,23.81
36.77,-75.39,23.84
36.77,-75.37,23.91
36.77,-75.35,23.99
36.77,-75.33,24.0
36.77,-75.31,24.02
36.77,-75.29,24.03
36.77,-75.27,23.99
36.77,-75.25,23.99
36.77,-75.23,23.98
36.77,-75.19,23.98
36.77,-75.17,23.97
36.77,-75.15,23.95
36.77,-75.13,23.97
36.77,-75.05,24.24
36.77,-75.03,24.2
36.77,-75.01,24.09
36.77,-74.99,24.11
36.77,-74.97,24.15
36.77,-74.95,24.21
36.77,-74.93,24.22
36.77,-74.91,24.12
36.77,-74.89,24.1
36.77,-74.87,24.15
36.77,-74.85,24.19
36.77,-74.83,24.2
36.77,-74.81,24.2
36.77,-74.79,24.12
36.77,-74.77,24.12
36.77,-74.75,24.24
36.77,-74.73,24.64
36.77,-74.71,24.9
36.77,-74.69,24.84
36.77,-74.67,24.88
36.77,-74.65,24.91
36.77,-74.63,25.12
36.77,-74.61,25.24
36.77,-74.59,25.4
36.77,-74.57,25.38
36.77,-74.55,25.06
36.77,-74.53,25.24
36.77,-74.51,25.38
36.77,-74.49,25.87
36.77,-74.47,25.91
36.77,-74.45,25.93
36.77,-74.43,26.02
36.77,-74.41,26.12
36.77,-74.39,26.16
36.77,-74.37,26.32
36.77,-74.35,26.35
36.77,-74.33,26.4
36.77,-74.31,26.51
36.77,-74.29,26.48
36.75,-75.77,23.71
36.75,-75.75,23.67
36.75,-75.73,23.89
36.75,-75.71,24.0
36.75,-75.69,24.12
36.75,-75.67,24.13
36.75,-75.65,24.08
36.75,-75.63,24.01
36.75,-75.61,23.94
36.75,-75.59,23.93
36.75,-75.57,23.91
36.75,-75.55,23.89
36.75,-75.53,23.86
36.75,-75.51,23.87
36.75,-75.49,23.85
36.75,-75.47,23.88
36.75,-75.45,23.86
36.75,-75.43,23.69
36.75,-75.41,23.73
36.75,-75.39,23.84
36.75,-75.37,23.89
36.75,-75.35,24.03
36.75,-75.33,24.02
36.75,-75.31,24.03
36.75,-75.29,24.01
36.75,-75.27,24.09
36.75,-75.25,24.05
36.75,-75.23,24.01
36.75,-75.21,24.0
36.75,-75.19,24.0
36.75,-75.17,23.96
36.75,-75.15,24.0
36.75,-75.13,24.04
36.75,-75.11,24.03
36.75,-75.09,24.02
36.75,-75.07,24.02
36.75,-75.05,24.0
36.75,-75.03,24.0
36.75,-75.01,24.13
36.75,-74.99,24.14
36.75,-74.97,24.17
36.75,-74.95,24.17
36.75,-74.93,24.14
36.75,-74.91,24.15
36.75,-74.89,24.18
36.75,-74.87,24.14
36.75,-74.85,24.05
36.75,-74.83,24.07
36.75,-74.81,24.13
36.75,-74.79,24.09
36.75,-74.77,24.06
36.75,-74.75,24.18
36.75,-74.73,24.64
36.75,-74.71,24.87
36.75,-74.69,24.88
36.75,-74.67,24.8
36.75,-74.65,24.88
36.75,-74.63,25.01
36.75,-74.61,25.13
36.75,-74.59,25.19
36.75,-74.57,25.16
36.75,-74.55,25.07
36.75,-74.53,25.08
36.75,-74.51,25.29
36.75,-74.49,25.59
36.75,-74.47,25.84
36.75,-74.45,26.05
36.75,-74.43,26.1
36.75,-74.41,26.23
36.75,-74.39,26.38
36.75,-74.37,26.42
36.75,-74.35,26.53
36.75,-74.33,26.69
36.75,-74.31,26.49
36.75,-74.29,26.44
36.73,-75.77,23.61
36.73,-75.75,23.65
36.73,-75.73,23.66
36.73,-75.71,23.7
36.73,-75.69,23.9
36.73,-75.67,23.87
36.73,-75.65,23.76
36.73,-75.63,23.73
36.73,-75.61,23.74
36.73,-75.59,23.77
36.73,-75.57,23.78
36.73,-75.55,23.77
36.73,-75.53,23.78
36.73,-75.51,23.8
36.73,-75.49,23.81
36.73,-75.47,23.82
36.73,-75.45,23.74
36.73,-75.43,23.71
36.73,-75.41,23.8
36.73,-75.39,23.89
36.73,-75.37,23.9
36.73,-75.35,23.97
36.73,-75.33,23.98
36.73,-75.31,24.0
36.73,-75.29,24.07
36.73,-75.27,24.13
36.73,-75.25,24.13
36.73,-75.23,24.1
36.73,-75.21,24.08
36.73,-75.19,24.04
36.73,-75.17,23.98
36.73,-75.15,24.0
36.73,-75.13,24.06
36.73,-75.11,24.08
36.73,-75.09,24.1
36.73,-75.07,24.09
36.73,-75.05,24.01
36.73,-75.03,24.02
36.73,-75.01,24.1
36.73,-74.99,24.11
36.73,-74.97,24.12
36.73,-74.95,24.13
36.73,-74.93,24.16
36.73,-74.91,24.18
36.73,-74.89,24.17
36.73,-74.87,24.08
36.73,-74.85,24.05
36.73,-74.83,24.13
36.73,-74.81,24.12
36.73,-74.79,24.01
36.73,-74.77,23.96
36.73,-74.75,24.28
36.73,-74.73,24.54
36.73,-74.71,24.73
36.73,-74.69,24.7
36.73,-74.67,24.69
36.73,-74.65,24.8
36.73,-74.63,24.92
36.73,-74.61,25.0
36.73,-74.59,25.09
36.73,-74.57,25.04
36.73,-74.55,25.05
36.73,-74.53,25.05
36.73,-74.51,25.1
36.73,-74.49,25.58
36.73,-74.47,25.77
36.73,-74.45,26.04
36.73,-74.43,26.27
36.73,-74.41,26.39
36.73,-74.39,26.46
36.73,-74.37,26.5
36.73,-74.35,26.56
36.73,-74.33,26.55
36.73,-74.31,26.38
36.73,-74.29,26.26
36.73,-73.79,25.78
36.73,-73.77,25.8
36.73,-73.75,25.95
36.71,-75.77,23.54
36.71,-75.75,23.5
36.71,-75.73,23.52
36.71,-75.71,23.6
36.71,-75.69,23.71
36.71,-75.67,23.72
36.71,-75.65,23.54
36.71,-75.63,23.58
36.71,-75.61,23.58
36.71,-75.59,23.65
36.71,-75.57,23.64
36.71,-75.55,23.61
36.71,-75.53,23.71
36.71,-75.51,23.75
36.71,-75.49,23.74
36.71,-75.47,23.69
36.71,-75.45,23.68
36.71,-75.43,23.72
36.71,-75.41,23.79
36.71,-75.39,23.79
36.71,-75.37,23.81
36.71,-75.35,23.87
36.71,-75.33,23.92
36.71,-75.31,23.93
36.71,-75.29,24.01
36.71,-75.27,24.08
36.71,-75.25,24.08
36.71,-75.23,24.09
36.71,-75.21,24.15
36.71,-75.19,24.09
36.71,-75.17,24.01
36.71,-75.15,23.98
36.71,-75.13,24.05
36.71,-75.11,24.11
36.71,-75.09,24.11
36.71,-75.07,24.11
36.71,-75.05,24.07
36.71,-75.03,24.08
36.71,-75.01,24.09
36.71,-74.99,24.07
36.71,-74.97,24.05
36.71,-74.95,24.13
36.71,-74.93,24.13
36.71,-74.91,24.08
36.71,-74.89,24.06
36.71,-74.87,24.09
36.71,-74.85,24.12
36.71,-74.83,24.16
36.71,-74.81,24.09
36.71,-74.79,24.07
36.71,-74.77,24.22
36.71,-74.75,24.37
36.71,-74.73,24.41
36.71,-74.71,24.56
36.71,-74.69,24.7
36.71,-74.67,24.7
36.71,-74.65,24.67
36.71,-74.63,24.85
36.71,-74.61,24.92
36.71,-74.59,24.89
36.71,-74.57,24.91
36.71,-74.55,25.01
36.71,-74.53,25.02
36.71,-74.51,25.07
36.71,-74.49,25.53
36.71,-74.47,25.86
36.71,-74.45,26.06
36.71,-74.43,26.18
36.71,-74.41,26.43
36.71,-74.39,26.46
36.71,-74.37,26.57
36.71,-74.35,26.54
36.71,-74.33,26.44
36.71,-73.83,24.24
36.69,-75.75,23.31
36.69,-75.73,23.32
36.69,-75.71,23.48
36.69,-75.69,23.44
36.69,-75.67,23.34
36.69,-75.65,23.34
36.69,-75.63,23.42
36.69,-75.61,23.43
36.69,-75.59,23.39
36.69,-75.57,23.39
36.69,-75.55,23.43
36.69,-75.53,23.52
36.69,-75.51,23.59
36.69,-75.49,23.58
36.69,-75.47,23.56
36.69,-75.45,23.58
36.69,-75.43,23.63
36.69,-75.41,23.66
36.69,-75.39,23.67
36.69,-75.37,23.76
36.69,-75.35,23.89
36.69,-75.33,23.93
36.69,-75.31,23.91
36.69,-75.29,23.95
36.69,-75.27,23.92
36.69,-75.25,23.91
36.69,-75.23,23.97
36.69,-75.21,24.08
36.69,-75.19,24.11
36.69,-75.17,24.09
36.69,-75.15,24.03
36.69,-75.13,24.03
36.69,-75.11,24.08
36.69,-75.09,24.08
36.69,-75.07,24.06
36.69,-75.05,24.07
36.69,-75.03,24.06
36.69,-75.01,24.02
36.69,-74.99,24.0
36.69,-74.97,24.0
36.69,-74.95,24.12
36.69,-74.93,24.07
36.69,-74.91,24.04
36.69,-74.89,24.08
36.69,-74.87,24.15
36.69,-74.85,24.14
36.69,-74.83,24.09
36.69,-74.81,24.11
36.69,-74.79,24.2
36.69,-74.77,24.29
36.69,-74.75,24.41
36.69,-74.73,24.35
36.69,-74.71,24.5
36.69,-74.69,24.66
36.69,-74.67,24.69
36.69,-74.65,24.62
36.69,-74.63,24.68
36.69,-74.61,24.73
36.69,-74.59,24.9
36.69,-74.57,24.93
36.69,-74.55,24.89
36.69,-74.53,24.93
36.69,-74.51,25.33
36.69,-74.49,25.6
36.69,-74.47,25.87
36.69,-74.45,26.01
36.69,-74.43,26.33
36.69,-74.41,26.53
36.69,-74.39,26.53
36.69,-74.37,26.33
36.69,-74.35,26.3
36.69,-74.33,26.36
36.69,-73.87,24.39
36.69,-73.85,24.34
36.69,-73.83,24.22
36.69,-73.81,24.32
36.69,-73.61,27.62
36.69,-73.59,27.54
36.67,-75.73,23.33
36.67,-75.71,23.37
36.67,-75.69,23.33
36.67,-75.67,23.3
36.67,-75.65,23.32
36.67,-75.63,23.38
36.67,-75.61,23.33
36.67,-75.59,23.33
36.67,-75.57,23.33
36.67,-75.55,23.39
36.67,-75.53,23.5
36.67,-75.51,23.56
36.67,-75.49,23.54
36.67,-75.47,23.51
36.67,-75.45,23.53
36.67,-75.43,23.59
36.67,-75.41,23.67
36.67,-75.39,23.68
36.67,-75.37,23.75
36.67,-75.35,23.83
36.67,-75.33,23.88
36.67,-75.31,23.88
36.67,-75.29,23.91
36.67,-75.27,23.89
36.67,-75.25,23.89
36.67,-75.23,23.95
36.67,-75.21,24.05
36.67,-75.19,24.08
36.67,-75.17,24.07
36.67,-75.15,24.09
36.67,-75.13,24.1
36.67,-75.11,24.1
36.67,-75.09,24.08
36.67,-75.07,24.06
36.67,-75.05,24.04
36.67,-75.03,24.04
36.67,-75.01,24.01
36.67,-74.99,23.95
36.67,-74.97,24.01
36.67,-74.95,24.12
36.67,-74.93,24.14
36.67,-74.91,24.13
36.67,-74.89,24.12
36.67,-74.87,24.13
36.67,-74.85,24.15
36.67,-74.83,24.14
36.67,-74.81,24.18
36.67,-74.79,24.34
36.67,-74.77,24.36
36.67,-74.75,24.36
36.67,-74.73,24.4
36.67,-74.71,24.47
36.67,-74.69,24.61
36.67,-74.67,24.6
36.67,-74.65,24.6
36.67,-74.63,24.7
36.67,-74.61,24.71
36.67,-74.59,24.85
36.67,-74.57,24.8
36.67,-74.55,24.74
36.67,-74.53,24.93
36.67,-74.51,25.27
36.67,-74.49,25.39
36.67,-74.47,25.5
36.67,-74.45,25.89
36.67,-74.43,26.3
36.67,-74.41,26.54
36.67,-74.39,26.5
36.67,-74.37,26.39
36.67,-74.35,26.37
36.67,-73.87,24.42
36.67,-73.85,24.35
36.67,-73.83,24.97
36.67,-73.81,25.21
36.67,-73.79,26.31
36.67,-73.77,27.15
36.67,-73.75,27.23
36.67,-73.73,27.6
36.67,-73.65,27.67
36.67,-73.63,27.73
36.67,-73.61,27.65
36.67,-73.59,27.6
36.65,-75.71,23.32
36.65,-75.69,23.33
36.65,-75.67,23.28
36.65,-75.65,23.34
36.65,-75.63,23.35
36.65,-75.61,23.35
36.65,-75.59,23.4
36.65,-75.57,23.43
36.65,-75.55,23.48
36.65,-75.53,23.54
36.65,-75.51,23.54
36.65,-75.49,23.49
36.65,-75.47,23.48
36.65,-75.45,23.54
36.65,-75.43,23.76
36.65,-75.41,23.77
36.65,-75.39,23.78
36.65,-75.37,23.82
36.65,-75.35,23.85
36.65,-75.33,23.89
36.65,-75.31,23.91
36.65,-75.29,23.92
36.65,-75.27,23.93
36.65,-75.25,23.94
36.65,-75.23,23.99
36.65,-75.21,24.05
36.65,-75.19,24.07
36.65,-75.17,24.07
36.65,-75.15,24.11
36.65,-75.13,24.15
36.65,-75.11,24.12
36.65,-75.09,24.09
36.65,-75.07,24.06
36.65,-75.05,24.04
36.65,-75.03,24.01
36.65,-75.01,23.94
36.65,-74.99,23.87
36.65,-74.97,23.86
36.65,-74.95,23.96
36.65,-74.93,24.02
36.65,-74.91,24.11
36.65,-74.89,24.17
36.65,-74.87,24.17
36.65,-74.85,24.21
36.65,-74.83,24.24
36.65,-74.81,24.33
36.65,-74.79,24.35
36.65,-74.77,24.36
36.65,-74.75,24.41
36.65,-74.73,24.45
36.65,-74.71,24.48
36.65,-74.69,24.58
36.65,-74.67,24.57
36.65,-74.65,24.63
36.65,-74.63,24.7
36.65,-74.61,24.68
36.65,-74.59,24.67
36.65,-74.57,24.7
36.65,-74.55,24.87
36.65,-74.53,25.03
36.65,-74.51,25.17
36.65,-74.49,25.33
36.65,-74.47,25.44
36.65,-74.45,25.92
36.65,-74.43,26.1
36.65,-74.41,26.32
36.65,-74.39,26.35
36.65,-74.37,26.23
36.65,-74.35,26.22
36.65,-73.85,24.39
36.65,-73.83,24.91
36.65,-73.69,27.82
36.65,-73.67,27.69
36.65,-73.65,27.67
36.65,-73.63,27.76
36.65,-73.61,27.71
36.63,-75.63,23.26
36.63,-75.61,23.23
36.63,-75.59,23.45
36.63,-75.57,23.54
36.63,-75.55,23.55
36.63,-75.53,23.57
36.63,-75.51,23.53
36.63,-75.49,23.5
36.63,-75.47,23.5
36.63,-75.45,23.64
36.63,-75.43,23.8
36.63,-75.41,23.8
36.63,-75.39,23.83
36.63,-75.37,23.84
36.63,-75.35,23.89
36.63,-75.33,23.93
36.63,-75.29,23.96
36.63,-75.27,24.0
36.63,-75.25,24.03
36.63,-75.23,24.1
36.63,-75.21,24.16
36.63,-75.19,24.1
36.63,-75.17,24.1
36.63,-75.15,24.17
36.63,-75.13,24.18
36.63,-75.11,24.13
36.63,-75.09,24.1
36.63,-75.07,24.07
36.63,-75.05,24.04
36.63,-75.03,23.99
36.63,-75.01,23.93
36.63,-74.99,23.86
36.63,-74.97,23.8
36.63,-74.95,23.84
36.63,-74.93,24.02
36.63,-74.91,24.12
36.63,-74.89,24.2
36.63,-74.87,24.25
36.63,-74.85,24.28
36.63,-74.83,24.37
36.63,-74.81,24.43
36.63,-74.79,24.37
36.63,-74.77,24.37
36.63,-74.75,24.38
36.63,-74.73,24.46
36.63,-74.71,24.52
36.63,-74.69,24.53
36.63,-74.67,24.57
36.63,-74.65,24.63
36.63,-74.63,24.65
36.63,-74.61,24.61
36.63,-74.59,24.62
36.63,-74.57,24.81
36.63,-74.55,24.94
36.63,-74.53,25.0
36.63,-74.51,25.12
36.63,-74.49,25.29
36.63,-74.47,25.5
36.63,-74.45,25.9
36.63,-74.43,25.97
36.63,-74.41,26.16
36.63,-74.39,26.16
36.63,-74.37,25.97
36.63,-73.71,27.88
36.63,-73.69,27.83
36.63,-73.67,27.77
36.63,-73.65,27.68
36.63,-73.63,27.65
36.63,-73.61,27.66
36.61,-75.59,23.37
36.61,-75.57,23.41
36.61,-75.55,23.45
36.61,-75.53,23.49
36.61,-75.51,23.5
36.61,-75.29,23.94
36.61,-75.27,24.01
36.61,-75.25,24.06
36.61,-75.23,24.18
36.61,-75.21,24.23
36.61,-75.19,24.22
36.61,-75.17,24.23
36.61,-75.15,24.25
36.61,-75.13,24.18
36.61,-75.11,24.16
36.61,-75.09,24.13
36.61,-75.07,24.11
36.61,-75.05,24.07
36.61,-75.03,23.99
36.61,-75.01,23.89
36.61,-74.99,23.83
36.61,-74.97,23.83
36.61,-74.95,23.83
36.61,-74.93,24.0
36.61,-74.91,24.15
36.61,-74.89,24.17
36.61,-74.87,24.25
36.61,-74.85,24.28
36.61,-74.83,24.35
36.61,-74.81,24.44
36.61,-74.79,24.39
36.61,-74.77,24.4
36.61,-74.75,24.42
36.61,-74.73,24.46
36.61,-74.71,24.52
36.61,-74.69,24.53
36.61,-74.67,24.55
36.61,-74.65,24.59
36.61,-74.63,24.59
36.61,-74.61,24.56
36.61,-74.59,24.61
36.61,-74.57,24.81
36.61,-74.55,24.96
36.61,-74.53,24.98
36.61,-74.51,24.95
36.61,-74.49,25.13
36.61,-74.47,25.58
36.61,-74.45,25.71
36.61,-74.43,25.91
36.61,-74.41,25.91
36.61,-74.39,25.74
36.61,-73.71,27.72
36.61,-73.69,27.72
36.61,-73.67,27.75
36.61,-73.65,27.72
36.59,-75.59,23.43
36.59,-75.57,23.41
36.59,-75.29,23.98
36.59,-75.27,24.03
36.59,-75.25,24.1
36.59,-75.23,24.2
36.59,-75.21,24.25
36.59,-75.19,24.27
36.59,-75.17,24.21
36.59,-75.15,24.2
36.59,-75.13,24.19
36.59,-75.11,24.18
36.59,-75.09,24.18
36.59,-75.07,24.11
36.59,-75.05,24.07
36.59,-75.03,23.99
36.59,-75.01,23.88
36.59,-74.99,23.87
36.59,-74.97,23.89
36.59,-74.95,23.94
36.59,-74.93,24.0
36.59,-74.91,24.16
36.59,-74.89,24.18
36.59,-74.87,24.19
36.59,-74.85,24.24
36.59,-74.83,24.28
36.59,-74.81,24.32
36.59,-74.79,24.31
36.59,-74.77,24.35
36.59,-74.75,24.4
36.59,-74.73,24.49
36.59,-74.71,24.55
36.59,-74.69,24.52
36.59,-74.67,24.55
36.59,-74.65,24.59
36.59,-74.63,24.57
36.59,-74.61,24.54
36.59,-74.59,24.57
36.59,-74.57,24.7
36.59,-74.55,24.8
36.59,-74.53,24.95
36.59,-74.51,25.05
36.59,-74.49,25.12
36.59,-74.47,25.41
36.59,-74.45,25.56
36.59,-74.43,25.93
36.59,-74.41,25.85
36.59,-73.73,27.76
36.59,-73.71,27.78
36.57,-75.29,24.05
36.57,-75.27,24.08
36.57,-75.25,24.14
36.57,-75.23,24.22
36.57,-75.21,24.31
36.57,-75.19,24.27
36.57,-75.17,24.15
36.57,-75.15,24.17
36.57,-75.13,24.21
36.57,-75.11,24.19
36.57,-75.09,24.15
36.57,-75.07,24.09
36.57,-75.05,24.02
36.57,-75.03,23.94
36.57,-75.01,23.87
36.57,-74.97,23.84
36.57,-74.95,23.88
36.57,-74.93,24.06
36.57,-74.91,24.09
36.57,-74.89,24.03
36.57,-74.87,24.03
36.57,-74.85,24.27
36.57,-74.83,24.2
36.57,-74.81,24.16
36.57,-74.79,24.25
36.57,-74.77,24.35
36.57,-74.75,24.41
36.57,-74.73,24.51
36.57,-74.71,24.57
36.57,-74.69,24.64
36.57,-74.67,24.59
36.57,-74.65,24.56
36.57,-74.63,24.58
36.57,-74.61,24.61
36.57,-74.59,24.59
36.57,-74.57,24.62
36.57,-74.55,24.65
36.57,-74.53,24.82
36.57,-74.51,25.03
36.57,-74.49,25.22
36.57,-74.47,25.35
36.57,-74.45,25.5
36.57,-74.43,25.78
36.57,-74.41,25.75
36.57,-73.81,27.51
36.57,-73.79,27.61
36.57,-73.77,27.64
36.57,-73.75,27.67
36.57,-73.73,27.78
36.57,-73.71,27.91
36.55,-75.31,24.05
36.55,-75.29,24.05
36.55,-75.27,24.06
36.55,-75.25,24.14
36.55,-75.23,24.19
36.55,-75.21,24.24
36.55,-75.19,24.18
36.55,-75.17,24.11
36.55,-75.15,24.13
36.55,-75.13,24.14
36.55,-75.11,24.11
36.55,-75.09,24.1
36.55,-75.07,24.03
36.55,-75.05,23.97
36.55,-75.03,23.91
36.55,-75.01,23.89
36.55,-74.97,23.88
36.55,-74.95,24.02
36.55,-74.93,24.11
36.55,-74.91,24.05
36.55,-74.89,23.96
36.55,-74.87,24.0
36.55,-74.85,24.28
36.55,-74.83,24.3
36.55,-74.81,24.2
36.55,-74.79,24.26
36.55,-74.77,24.34
36.55,-74.75,24.39
36.55,-74.73,24.48
36.55,-74.71,24.61
36.55,-74.69,24.63
36.55,-74.67,24.62
36.55,-74.65,24.58
36.55,-74.63,24.59
36.55,-74.61,24.72
36.55,-74.59,24.64
36.55,-74.57,24.63
36.55,-74.55,24.68
36.55,-74.53,24.82
36.55,-74.51,24.94
36.55,-74.49,25.25
36.55,-74.47,25.35
36.55,-74.45,25.46
36.55,-74.43,25.49
36.55,-73.81,27.58
36.55,-73.79,27.71
36.55,-73.77,27.73
36.55,-73.75,27.76
36.55,-73.73,27.88
36.55,-73.71,27.92
36.55,-73.69,27.91
36.53,-75.31,24.04
36.53,-75.29,24.03
36.53,-75.27,24.02
36.53,-75.25,24.13
36.53,-75.23,24.25
36.53,-75.21,24.25
36.53,-75.19,24.16
36.53,-75.17,24.09
36.53,-75.15,24.12
36.53,-75.13,24.12
36.53,-75.11,24.1
36.53,-75.09,24.07
36.53,-75.07,24.02
36.53,-75.05,23.95
36.53,-75.03,23.93
36.53,-75.01,23.96
36.53,-74.99,23.9
36.53,-74.97,23.86
36.53,-74.95,24.01
36.53,-74.93,24.06
36.53,-74.91,24.03
36.53,-74.89,24.03
36.53,-74.87,24.18
36.53,-74.85,24.32
36.53,-74.83,24.38
36.53,-74.81,24.33
36.53,-74.79,24.33
36.53,-74.77,24.38
36.53,-74.75,24.46
36.53,-74.73,24.55
36.53,-74.71,24.62
36.53,-74.69,24.61
36.53,-74.67,24.65
36.53,-74.65,24.65
36.53,-74.63,24.71
36.53,-74.61,24.73
36.53,-74.59,24.63
36.53,-74.57,24.58
36.53,-74.55,24.65
36.53,-74.53,24.82
36.53,-74.51,24.95
36.53,-74.49,25.15
36.53,-74.47,25.28
36.53,-74.45,25.5
36.53,-74.43,25.95
36.53,-74.41,25.89
36.53,-73.83,27.58
36.53,-73.81,27.59
36.53,-73.79,27.71
36.53,-73.77,27.79
36.53,-73.75,27.9
36.53,-73.73,28.02
36.53,-73.71,27.92
36.51,-75.31,24.04
36.51,-75.29,24.02
36.51,-75.27,24.0
36.51,-75.25,24.02
36.51,-75.23,24.17
36.51,-75.21,24.21
36.51,-75.19,24.2
36.51,-75.17,24.2
36.51,-75.15,24.15
36.51,-75.13,24.17
36.51,-75.11,24.1
36.51,-75.09,24.03
36.51,-75.07,23.98
36.51,-75.05,23.9
36.51,-75.03,23.94
36.51,-75.01,24.0
36.51,-74.99,23.92
36.51,-74.97,23.89
36.51,-74.95,23.95
36.51,-74.93,23.95
36.51,-74.91,23.93
36.51,-74.89,24.08
36.51,-74.87,24.2
36.51,-74.85,24.4
36.51,-74.83,24.42
36.51,-74.81,24.41
36.51,-74.79,24.42
36.51,-74.77,24.45
36.51,-74.75,24.55
36.51,-74.73,24.66
36.51,-74.71,24.76
36.51,-74.69,24.69
36.51,-74.67,24.7
36.51,-74.65,24.79
36.51,-74.63,24.78
36.51,-74.61,24.75
36.51,-74.59,24.63
36.51,-74.57,24.56
36.51,-74.55,24.62
36.51,-74.53,24.8
36.51,-74.51,24.94
36.51,-74.49,25.13
36.51,-74.47,25.41
36.51,-74.45,25.98
36.51,-74.43,26.11
36.51,-74.41,26.02
36.51,-74.39,25.9
36.51,-73.85,27.62
36.51,-73.83,27.66
36.51,-73.81,27.67
36.51,-73.79,27.77
36.51,-73.77,27.84
36.51,-73.75,27.89
36.51,-73.73,27.98
36.49,-75.31,24.0
36.49,-75.29,23.98
36.49,-75.27,23.86
36.49,-75.25,23.95
36.49,-75.23,24.02
36.49,-75.21,24.09
36.49,-75.19,24.1
36.49,-75.17,24.1
36.49,-75.15,24.1
36.49,-75.13,24.09
36.49,-75.11,24.04
36.49,-75.09,23.95
36.49,-75.07,23.89
36.49,-75.05,23.85
36.49,-75.03,23.93
36.49,-75.01,23.99
36.49,-74.99,23.93
36.49,-74.97,24.02
36.49,-74.95,23.99
36.49,-74.93,23.83
36.49,-74.91,23.91
36.49,-74.89,24.04
36.49,-74.87,24.28
36.49,-74.85,24.42
36.49,-74.83,24.44
36.49,-74.81,24.51
36.49,-74.79,24.51
36.49,-74.77,24.6
36.49,-74.75,24.58
36.49,-74.73,24.7
36.49,-74.71,24.71
36.49,-74.69,24.69
36.49,-74.67,24.81
36.49,-74.65,24.87
36.49,-74.63,24.86
36.49,-74.61,24.79
36.49,-74.59,24.57
36.49,-74.57,24.56
36.49,-74.55,24.7
36.49,-74.53,24.84
36.49,-74.51,24.81
36.49,-74.49,24.78
36.49,-74.47,25.44
36.49,-74.45,25.92
36.49,-74.43,26.02
36.49,-74.41,26.04
36.49,-74.39,26.11
36.49,-74.37,26.3
36.49,-73.85,27.59
36.49,-73.83,27.67
36.49,-73.81,27.75
36.49,-73.79,27.85
36.49,-73.77,27.88
36.49,-73.75,27.96
36.49,-73.73,27.98
36.47,-75.33,24.02
36.47,-75.31,23.99
36.47,-75.29,23.97
36.47,-75.27,23.95
36.47,-75.25,23.94
36.47,-75.23,24.09
36.47,-75.21,24.09
36.47,-75.19,24.08
36.47,-75.17,24.07
36.47,-75.15,24.04
36.47,-75.13,24.01
36.47,-75.11,23.92
36.47,-75.09,23.88
36.47,-75.07,23.84
36.47,-75.05,23.86
36.47,-75.03,23.95
36.47,-75.01,23.95
36.47,-74.99,23.87
36.47,-74.97,23.95
36.47,-74.95,23.94
36.47,-74.93,23.8
36.47,-74.91,23.99
36.47,-74.89,24.1
36.47,-74.87,24.36
36.47,-74.85,24.45
36.47,-74.83,24.46
36.47,-74.81,24.54
36.47,-74.79,24.62
36.47,-74.77,24.58
36.47,-74.75,24.63
36.47,-74.73,24.73
36.47,-74.71,24.7
36.47,-74.69,24.74
36.47,-74.67,24.87
36.47,-74.65,24.89
36.47,-74.63,24.83
36.47,-74.61,24.62
36.47,-74.59,24.49
36.47,-74.57,24.45
36.47,-74.55,24.76
36.47,-74.53,24.91
36.47,-74.51,24.84
36.47,-74.49,25.26
36.47,-74.47,25.53
36.47,-74.45,25.93
36.47,-74.43,26.04
36.47,-74.41,26.09
36.47,-74.39,26.28
36.47,-74.37,26.35
36.47,-74.35,26.33
36.47,-74.33,26.34
36.47,-74.31,26.38
36.47,-73.85,27.69
36.47,-73.83,27.82
36.47,-73.81,27.82
36.47,-73.77,27.93
36.45,-75.33,23.96
36.45,-75.31,23.94
36.45,-75.29,23.97
36.45,-75.27,23.99
36.45,-75.25,23.98
36.45,-75.23,24.03
36.45,-75.21,24.08
36.45,-75.19,24.1
36.45,-75.15,24.02
36.45,-75.13,23.96
36.45,-75.11,23.94
36.45,-75.09,23.92
36.45,-75.07,23.88
36.45,-75.05,23.91
36.45,-75.03,23.96
36.45,-75.01,23.97
36.45,-74.99,23.85
36.45,-74.97,23.84
36.45,-74.95,23.79
36.45,-74.93,23.9
36.45,-74.91,23.98
36.45,-74.89,24.12
36.45,-74.87,24.37
36.45,-74.85,24.4
36.45,-74.83,24.49
36.45,-74.81,24.57
36.45,-74.79,24.62
36.45,-74.77,24.61
36.45,-74.75,24.72
36.45,-74.73,24.75
36.45,-74.71,24.71
36.45,-74.69,24.79
36.45,-74.67,24.9
36.45,-74.65,24.84
36.45,-74.63,24.71
36.45,-74.61,24.64
36.45,-74.59,24.48
36.45,-74.57,24.23
36.45,-74.55,24.56
36.45,-74.53,24.77
36.45,-74.51,25.0
36.45,-74.49,25.35
36.45,-74.47,25.59
36.45,-74.45,25.78
36.45,-74.43,25.81
36.45,-74.41,25.78
36.45,-74.39,26.25
36.45,-74.37,26.3
36.45,-74.35,26.29
36.45,-74.33,26.31
36.45,-74.31,26.35
36.45,-73.85,27.85
36.45,-73.83,27.86
36.45,-73.65,27.57
36.43,-75.33,23.9
36.43,-75.31,23.92
36.43,-75.29,23.95
36.43,-75.27,23.98
36.43,-75.25,23.98
36.43,-75.15,24.02
36.43,-75.13,23.98
36.43,-75.11,23.96
36.43,-75.09,23.93
36.43,-75.07,23.97
36.43,-75.05,24.04
36.43,-75.03,24.02
36.43,-75.01,24.0
36.43,-74.99,23.9
36.43,-74.97,23.85
36.43,-74.95,23.83
36.43,-74.93,24.05
36.43,-74.91,24.09
36.43,-74.89,24.16
36.43,-74.87,24.3
36.43,-74.85,24.37
36.43,-74.83,24.5
36.43,-74.81,24.51
36.43,-74.79,24.58
36.43,-74.77,24.64
36.43,-74.75,24.75
36.43,-74.73,24.73
36.43,-74.71,24.71
36.43,-74.69,24.76
36.43,-74.67,24.78
36.43,-74.65,24.6
36.43,-74.63,24.53
36.43,-74.59,24.27
36.43,-74.57,24.26
36.43,-74.51,25.1
36.43,-74.47,25.3
36.43,-74.45,25.4
36.43,-74.43,25.46
36.43,-74.35,26.13
36.43,-73.65,27.58
36.43,-73.63,27.59
36.41,-75.33,23.86
36.41,-75.31,23.9
36.41,-75.07,24.05
36.41,-75.05,24.06
36.41,-75.03,23.99
36.41,-75.01,23.95
36.41,-74.99,23.85
36.41,-74.97,23.84
36.41,-74.95,23.86
36.41,-74.93,23.99
36.41,-74.91,24.09
36.41,-74.89,24.22
36.41,-74.87,24.3
36.41,-74.85,24.38
36.41,-74.83,24.43
36.41,-74.81,24.55
36.41,-74.79,24.58
36.41,-74.77,24.63
36.41,-74.75,24.69
36.41,-74.73,24.73
36.41,-74.71,24.74
36.41,-74.69,24.77
36.41,-74.67,24.75
36.41,-74.65,24.62
36.41,-74.63,24.48
36.41,-74.59,24.4
36.41,-74.57,24.43
36.41,-74.45,25.5
36.41,-74.43,25.54
36.41,-73.65,27.67
36.41,-73.63,27.65
36.39,-75.07,24.12
36.39,-75.05,24.1
36.39,-75.03,23.98
36.39,-75.01,23.82
36.39,-74.99,23.8
36.39,-74.97,23.86
36.39,-74.95,23.89
36.39,-74.93,23.93
36.39,-74.91,24.04
36.39,-74.89,24.19
36.39,-74.87,24.24
36.39,-74.85,24.25
36.39,-74.83,24.45
36.39,-74.81,24.47
36.39,-74.79,24.56
36.39,-74.77,24.63
36.39,-74.75,24.67
36.39,-74.73,24.72
36.39,-74.71,24.8
36.39,-74.69,24.79
36.39,-74.67,24.72
36.39,-74.65,24.35
36.39,-74.43,25.57
36.37,-75.31,23.97
36.37,-75.07,24.11
36.37,-75.05,24.01
36.37,-75.03,23.94
36.37,-75.01,23.76
36.37,-74.99,23.8
36.37,-74.97,23.85
36.37,-74.95,23.9
36.37,-74.93,23.95
36.37,-74.91,24.06
36.37,-74.89,24.19
36.37,-74.87,24.19
36.37,-74.85,24.25
36.37,-74.83,24.35
36.37,-74.81,24.43
36.37,-74.79,24.44
36.37,-74.77,24.64
36.37,-74.75,24.72
36.37,-74.73,24.74
36.37,-74.71,24.88
36.37,-74.69,24.79
36.37,-74.67,24.49
36.37,-74.65,24.34
36.35,-75.07,23.84
36.35,-75.05,23.8
36.35,-75.03,23.8
36.35,-75.01,23.81
36.35,-74.99,23.77
36.35,-74.97,23.79
36.35,-74.95,23.95
36.35,-74.93,24.02
36.35,-74.91,24.13
36.35,-74.89,24.19
36.35,-74.87,24.2
36.35,-74.85,24.29
36.35,-74.83,24.27
36.35,-74.81,24.27
36.35,-74.79,24.45
36.35,-74.77,24.57
36.35,-74.75,24.62
36.35,-74.73,24.7
36.35,-74.71,24.76
36.35,-74.69,24.7
36.35,-74.67,24.42
36.35,-74.65,24.31
36.33,-75.07,23.83
36.33,-75.05,23.79
36.33,-75.03,23.77
36.33,-75.01,23.77
36.33,-74.99,23.75
36.33,-74.97,23.74
36.33,-74.95,23.83
36.33,-74.93,23.99
36.33,-74.91,24.11
36.33,-74.89,24.18
36.33,-74.87,24.19
36.33,-74.85,24.19
36.33,-74.83,24.25
36.33,-74.81,24.39
36.33,-74.79,24.45
36.33,-74.77,24.47
36.33,-74.75,24.57
36.33,-74.73,24.64
36.33,-74.71,24.56
36.33,-74.69,24.48
36.33,-74.67,24.23
36.31,-75.05,23.79
36.31,-75.03,23.8
36.31,-75.01,23.81
36.31,-74.99,23.77
36.31,-74.97,23.73
36.31,-74.95,23.82
36.31,-74.93,23.86
36.31,-74.91,24.01
36.31,-74.89,24.04
36.31,-74.87,24.04
36.31,-74.85,24.15
36.31,-74.83,24.29
36.31,-74.81,24.42
36.31,-74.79,24.39
36.31,-74.77,24.36
36.31,-74.75,24.4
36.31,-74.73,24.28
36.31,-74.71,24.24
36.31,-74.69,24.22
36.29,-75.05,23.81
36.29,-75.03,23.83
36.29,-75.01,23.79
36.29,-74.99,23.8
36.29,-74.97,23.84
36.29,-74.95,23.86
36.29,-74.93,23.86
36.29,-74.91,23.9
36.29,-74.89,23.94
36.29,-74.87,24.02
36.29,-74.85,24.2
36.29,-74.83,24.36
36.29,-74.81,24.44
36.29,-74.79,24.42
36.29,-74.77,24.38
36.29,-74.75,24.27
36.29,-74.73,24.23
36.29,-74.71,24.2
36.27,-75.05,23.88
36.27,-75.03,23.86
36.27,-75.01,23.84
36.27,-74.99,23.89
36.27,-74.97,23.96
36.27,-74.95,23.94
36.27,-74.93,23.96
36.27,-74.91,23.96
36.27,-74.89,23.98
36.27,-74.87,24.05
36.27,-74.85,24.18
36.27,-74.83,24.28
36.27,-74.81,24.36
36.27,-74.79,24.28
36.27,-74.77,24.0
36.27,-74.75,24.02
36.27,-74.73,24.08
36.25,-75.05,23.86
36.25,-75.03,23.89
36.25,-75.01,23.91
36.25,-74.99,23.98
36.25,-74.97,23.94
36.25,-74.95,23.97
36.25,-74.93,23.98
36.25,-74.91,23.99
36.25,-74.89,24.04
36.25,-74.87,24.13
36.25,-74.85,24.2
36.25,-74.83,24.28
36.25,-74.81,24.29
36.25,-74.79,24.21
36.25,-74.77,24.04
36.23,-75.47,24.06
36.23,-75.07,23.82
36.23,-75.05,23.77
36.23,-75.03,23.83
36.23,-75.01,23.92
36.23,-74.99,24.08
36.23,-74.97,24.16
36.23,-74.95,24.09
36.23,-74.93,24.06
36.23,-74.91,24.04
36.23,-74.89,24.1
36.23,-74.87,24.15
36.23,-74.85,24.18
36.23,-74.83,24.27
36.23,-74.81,24.29
36.23,-74.79,24.19
36.23,-74.77,24.13
36.21,-75.49,24.07
36.21,-75.47,24.07
36.21,-75.45,24.06
36.21,-75.07,23.89
36.21,-75.05,23.81
36.21,-75.03,23.83
36.21,-75.01,23.89
36.21,-74.99,23.97
36.21,-74.97,24.09
36.21,-74.95,24.1
36.21,-74.93,24.09
36.21,-74.91,24.05
36.21,-74.89,24.07
36.21,-74.87,24.15
36.21,-74.85,24.2
36.21,-74.83,24.21
36.21,-74.81,24.19
36.21,-74.79,24.18
36.21,-74.77,24.16
36.19,-75.51,24.16
36.19,-75.49,24.14
36.19,-75.47,24.13
36.19,-75.45,24.11
36.19,-75.43,24.15
36.19,-75.41,24.16
36.19,-75.39,24.09
36.19,-75.37,24.08
36.19,-75.07,24.03
36.19,-75.05,24.01
36.19,-75.03,23.92
36.19,-75.01,23.89
36.19,-74.99,23.86
36.19,-74.97,23.87
36.19,-74.95,24.05
36.19,-74.93,24.06
36.19,-74.91,24.05
36.19,-74.89,24.1
36.19,-74.87,24.15
36.19,-74.85,24.19
36.19,-74.83,24.19
36.19,-74.81,24.14
36.19,-74.79,24.14
36.19,-74.77,24.14
36.19,-74.75,24.12
36.17,-75.53,24.18
36.17,-75.51,24.22
36.17,-75.49,24.23
36.17,-75.47,24.18
36.17,-75.45,24.2
36.17,-75.43,24.18
36.17,-75.41,24.12
36.17,-75.39,24.08
36.17,-75.37,24.1
36.17,-75.07,24.46
36.17,-75.05,24.48
36.17,-75.03,24.34
36.17,-75.01,24.05
36.17,-74.99,23.86
36.17,-74.97,23.89
36.17,-74.95,23.99
36.17,-74.93,24.04
36.17,-74.91,24.08
36.17,-74.89,24.12
36.17,-74.87,24.11
36.17,-74.85,24.07
36.17,-74.83,24.07
36.17,-74.81,24.1
36.17,-74.79,24.12
36.15,-75.53,24.22
36.15,-75.51,24.23
36.15,-75.49,24.23
36.15,-75.47,24.18
36.15,-75.45,24.16
36.15,-75.43,24.18
36.15,-75.41,24.17
36.15,-75.39,24.12
36.15,-75.37,24.07
36.15,-75.35,24.01
36.15,-75.07,25.01
36.15,-75.05,25.11
36.15,-75.03,24.96
36.15,-75.01,24.23
36.15,-74.99,23.9
36.15,-74.97,23.92
36.15,-74.95,24.0
36.15,-74.93,24.05
36.15,-74.91,24.09
36.15,-74.89,24.09
36.15,-74.87,24.03
36.15,-74.85,24.0
36.13,-75.53,24.28
36.13,-75.51,24.27
36.13,-75.49,24.32
36.13,-75.47,24.33
36.13,-75.45,24.26
36.13,-75.43,24.24
36.13,-75.41,24.22
36.13,-75.39,24.14
36.13,-75.37,24.11
36.13,-75.35,24.08
36.13,-75.33,24.12
36.13,-75.11,24.57
36.13,-75.05,25.07
36.13,-75.03,25.14
36.13,-75.01,25.06
36.13,-74.99,24.08
36.13,-74.97,24.01
36.13,-74.95,24.06
36.13,-74.93,24.06
36.13,-74.91,24.06
36.13,-74.89,24.09
36.13,-74.87,24.06
36.11,-75.53,24.3
36.11,-75.51,24.27
36.11,-75.49,24.3
36.11,-75.47,24.41
36.11,-75.45,24.33
36.11,-75.43,24.3
36.11,-75.41,24.29
36.11,-75.39,24.2
36.11,-75.37,24.14
36.11,-75.35,24.13
36.11,-75.33,24.16
36.11,-75.05,25.09
36.11,-75.03,25.13
36.11,-75.01,25.14
36.11,-74.99,24.37
36.11,-74.97,24.19
36.11,-74.95,24.17
36.11,-74.93,24.13
36.11,-74.91,24.14
36.11,-74.89,24.14
36.11,-74.87,24.1
36.11,-74.27,25.81
36.11,-74.25,26.31
36.11,-74.23,26.96
36.11,-74.21,27.25
36.11,-74.19,27.47
36.11,-74.17,27.66
36.11,-74.15,27.73
36.09,-75.51,24.27
36.09,-75.49,24.34
36.09,-75.47,24.4
36.09,-75.45,24.35
36.09,-75.43,24.31
36.09,-75.41,24.31
36.09,-75.39,24.24
36.09,-75.37,24.18
36.09,-75.35,24.18
36.09,-75.33,24.23
36.09,-75.05,25.08
36.09,-75.03,25.29
36.09,-75.01,25.3
36.09,-74.99,25.31
36.09,-74.97,25.16
36.09,-74.95,24.14
36.09,-74.93,24.1
36.09,-74.91,24.12
36.09,-74.89,24.13
36.09,-74.87,24.11
36.09,-74.43,24.76
36.09,-74.41,24.59
36.09,-74.39,24.48
36.09,-74.29,25.7
36.09,-74.27,26.3
36.09,-74.25,26.98
36.09,-74.23,27.19
36.09,-74.21,27.27
36.09,-74.19,27.55
36.09,-74.17,27.75
36.09,-74.15,27.74
36.07,-75.51,24.23
36.07,-75.49,24.28
36.07,-75.47,24.32
36.07,-75.45,24.3
36.07,-75.43,24.29
36.07,-75.41,24.29
36.07,-75.39,24.27
36.07,-75.37,24.19
36.07,-75.35,24.2
36.07,-75.33,24.22
36.07,-75.07,25.01
36.07,-75.05,25.3
36.07,-74.99,25.55
36.07,-74.97,25.48
36.07,-74.95,24.2
36.07,-74.93,24.08
36.07,-74.91,24.07
36.07,-74.89,24.11
36.07,-74.47,24.73
36.07,-74.45,24.8
36.07,-74.43,24.82
36.07,-74.41,24.76
36.07,-74.39,24.71
36.07,-74.37,24.81
36.07,-74.35,25.14
36.07,-74.33,25.18
36.07,-74.31,25.72
36.07,-74.29,26.25
36.07,-74.27,26.89
36.07,-74.25,27.22
36.07,-74.23,27.27
36.07,-74.17,27.78
36.05,-75.51,24.18
36.05,-75.49,24.18
36.05,-75.47,24.16
36.05,-75.45,24.24
36.05,-75.43,24.38
36.05,-75.41,24.36
36.05,-75.39,24.3
36.05,-75.37,24.21
36.05,-75.35,24.16
36.05,-75.33,24.14
36.05,-74.99,25.53
36.05,-74.97,25.46
36.05,-74.95,25.29
36.05,-74.93,24.54
36.05,-74.49,24.82
36.05,-74.47,24.82
36.05,-74.45,24.86
36.05,-74.43,24.84
36.05,-74.41,24.83
36.05,-74.39,24.88
36.05,-74.37,24.99
36.05,-74.35,25.15
36.05,-74.33,25.48
36.05,-74.31,26.58
36.05,-74.29,26.88
36.05,-74.27,26.86
36.05,-73.69,28.17
36.03,-75.49,24.19
36.03,-75.47,24.16
36.03,-75.45,24.18
36.03,-75.43,24.24
36.03,-75.41,24.3
36.03,-75.39,24.3
36.03,-75.37,24.24
36.03,-75.35,24.24
36.03,-75.33,24.17
36.03,-74.99,25.4
36.03,-74.97,25.39
36.03,-74.95,25.36
36.03,-74.93,25.34
36.03,-74.49,24.87
36.03,-74.47,24.89
36.03,-74.45,24.92
36.03,-74.43,24.76
36.03,-74.41,24.75
36.03,-74.39,24.89
36.03,-74.37,25.02
36.03,-74.35,25.49
36.03,-74.33,26.57
36.03,-74.31,26.94
36.03,-74.29,26.99
36.01,-75.47,24.11
36.01,-75.45,24.13
36.01,-75.43,24.17
36.01,-75.41,24.22
36.01,-75.39,24.23
36.01,-75.37,24.2
36.01,-75.35,24.19
36.01,-75.33,24.14
36.01,-75.31,24.07
36.01,-74.97,25.37
36.01,-74.95,25.41
36.01,-74.93,25.43
36.01,-74.91,25.3
36.01,-74.89,25.29
36.01,-74.47,24.89
36.01,-74.43,24.72
36.01,-74.41,24.77
36.01,-74.39,24.99
36.01,-74.37,25.58
36.01,-74.35,27.27
36.01,-74.33,27.45
36.01,-74.31,27.31
36.01,-73.79,28.19
36.01,-73.77,28.18
36.01,-73.73,27.98
35.99,-75.41,24.24
35.99,-75.39,24.22
35.99,-75.37,24.16
35.99,-75.35,24.13
35.99,-74.99,25.36
35.99,-74.97,25.39
35.99,-74.95,25.42
35.99,-74.93,25.45
35.99,-74.91,25.39
35.99,-74.89,25.19
35.99,-74.45,24.91
35.99,-74.43,24.73
35.99,-74.41,24.87
35.99,-74.39,27.06
35.99,-74.37,27.45
35.99,-74.35,27.49
35.99,-74.33,27.51
35.99,-74.19,27.81
35.99,-74.17,27.77
35.99,-73.79,28.27
35.99,-73.77,28.3
35.99,-73.75,28.0
35.99,-73.73,28.06
35.97,-74.99,25.43
35.97,-74.97,25.44
35.97,-74.95,25.46
35.97,-74.93,25.43
35.97,-74.91,25.33
35.97,-74.89,25.24
35.97,-74.87,24.9
35.97,-74.85,24.77
35.97,-74.47,25.07
35.97,-74.45,25.11
35.97,-74.43,25.23
35.97,-74.41,26.85
35.97,-74.39,27.3
35.97,-74.37,27.46
35.97,-74.35,27.45
35.97,-74.19,27.75
35.97,-74.17,27.72
35.97,-74.11,27.92
35.97,-74.09,27.83
35.97,-74.07,27.78
35.97,-74.05,27.82
35.97,-73.91,28.16
35.97,-73.87,28.06
35.97,-73.79,28.32
35.97,-73.77,28.22
35.97,-73.75,28.05
35.97,-73.73,28.07
35.95,-74.97,25.44
35.95,-74.95,25.46
35.95,-74.93,25.41
35.95,-74.91,25.36
35.95,-74.89,25.33
35.95,-74.87,25.28
35.95,-74.85,24.96
35.95,-74.83,25.07
35.95,-74.81,25.07
35.95,-74.45,25.25
35.95,-74.43,26.47
35.95,-74.41,26.92
35.95,-74.39,27.26
35.95,-74.37,27.28
35.95,-74.07,27.86
35.95,-73.91,28.09
35.95,-73.89,28.1
35.95,-73.87,28.11
35.95,-73.75,28.12
35.95,-73.73,28.15
35.95,-73.65,28.11
35.95,-73.63,28.1
35.93,-74.99,25.46
35.93,-74.97,25.51
35.93,-74.95,25.45
35.93,-74.93,25.37
35.93,-74.91,25.41
35.93,-74.89,25.4
35.93,-74.87,25.32
35.93,-74.85,25.17
35.93,-74.83,25.11
35.93,-74.45,26.64
35.93,-74.43,27.07
35.93,-74.41,27.36
35.93,-74.39,27.38
35.93,-74.37,27.32
35.93,-74.21,27.68
35.93,-74.07,27.99
35.93,-73.73,28.21
35.93,-73.65,28.05
35.93,-73.63,28.06
35.93,-73.61,27.94
35.91,-74.99,25.38
35.91,-74.97,25.43
35.91,-74.95,25.4
35.91,-74.93,25.37
35.91,-74.91,25.39
35.91,-74.89,25.3
35.91,-74.87,25.18
35.91,-74.85,25.16
35.91,-74.49,26.35
35.91,-74.47,26.65
35.91,-74.45,26.8
35.91,-74.43,27.1
35.91,-74.41,27.47
35.91,-74.39,27.53
35.91,-74.09,27.99
35.91,-74.07,27.9
35.91,-73.97,28.14
35.91,-73.95,28.14
35.91,-73.93,28.11
35.91,-73.83,28.32
35.91,-73.81,28.27
35.91,-73.65,27.99
35.91,-73.63,28.03
35.91,-73.61,27.92
35.91,-73.57,27.73
35.89,-74.99,25.27
35.89,-74.97,25.26
35.89,-74.95,25.25
35.89,-74.93,25.25
35.89,-74.91,25.26
35.89,-74.89,25.2
35.89,-74.53,25.65
35.89,-74.51,25.72
35.89,-74.49,26.39
35.89,-74.47,26.91
35.89,-74.45,27.1
35.89,-74.43,27.35
35.89,-74.41,27.49
35.89,-74.39,27.49
35.89,-74.37,27.49
35.89,-74.09,27.91
35.89,-74.07,27.9
35.89,-73.99,28.15
35.89,-73.97,28.13
35.89,-73.95,28.12
35.89,-73.65,27.88
35.89,-73.63,27.89
35.87,-75.01,25.12
35.87,-74.99,25.1
35.87,-74.97,25.18
35.87,-74.95,25.24
35.87,-74.93,25.2
35.87,-74.67,25.31
35.87,-74.65,25.27
35.87,-74.53,25.56
35.87,-74.51,25.75
35.87,-74.49,26.85
35.87,-74.47,27.23
35.87,-74.45,27.34
35.87,-74.43,27.4
35.87,-74.41,27.49
35.87,-74.39,27.53
35.87,-73.99,28.41
35.87,-73.97,28.23
35.87,-73.95,28.15
35.87,-73.83,27.89
35.87,-73.79,28.13
35.87,-73.77,28.19
35.87,-73.67,27.89
35.87,-73.65,27.9
35.85,-75.03,25.02
35.85,-75.01,25.04
35.85,-74.99,25.06
35.85,-74.97,25.33
35.85,-74.95,25.29
35.85,-74.93,25.23
35.85,-74.87,25.2
35.85,-74.85,25.31
35.85,-74.69,25.41
35.85,-74.67,25.36
35.85,-74.65,25.28
35.85,-74.55,25.56
35.85,-74.53,25.59
35.85,-74.51,26.86
35.85,-74.49,27.29
35.85,-74.47,27.47
35.85,-74.45,27.48
35.85,-74.43,27.61
35.85,-74.41,27.54
35.85,-74.39,27.65
35.85,-74.37,27.66
35.85,-74.01,28.48
35.85,-73.99,28.44
35.85,-73.97,28.26
35.85,-73.95,28.1
35.85,-73.81,27.92
35.85,-73.79,28.01
35.85,-73.77,28.15
35.83,-75.03,25.03
35.83,-75.01,25.06
35.83,-74.99,25.22
35.83,-74.97,25.27
35.83,-74.95,25.23
35.83,-74.93,25.17
35.83,-74.91,24.97
35.83,-74.89,24.94
35.83,-74.87,25.19
35.83,-74.73,25.42
35.83,-74.71,25.37
35.83,-74.65,24.79
35.83,-74.63,24.83
35.83,-74.55,26.34
35.83,-74.53,26.36
35.83,-74.51,27.41
35.83,-74.49,27.59
35.83,-74.47,27.83
35.83,-74.45,27.9
35.83,-74.43,27.85
35.83,-74.41,27.59
35.83,-74.39,27.68
35.83,-74.11,27.98
35.83,-74.01,28.07
35.83,-73.99,28.08
35.83,-73.97,28.06
35.83,-73.83,27.94
35.83,-73.81,27.96
35.83,-73.79,28.02
35.83,-73.77,28.12
35.83,-73.75,28.07
35.81,-75.03,24.95
35.81,-75.01,24.96
35.81,-74.99,25.14
35.81,-74.97,25.21
35.81,-74.95,25.18
35.81,-74.93,25.12
35.81,-74.91,25.03
35.81,-74.89,24.95
35.81,-74.87,24.9
35.81,-74.75,25.39
35.81,-74.73,25.38
35.81,-74.71,25.29
35.81,-74.65,24.7
35.81,-74.63,24.81
35.81,-74.55,27.1
35.81,-74.53,27.37
35.81,-74.51,27.73
35.81,-74.49,27.85
35.81,-74.47,27.88
35.81,-74.45,27.96
35.81,-74.43,27.97
35.81,-74.41,27.74
35.81,-74.15,28.08
35.81,-74.03,28.09
35.81,-74.01,27.99
35.81,-73.99,27.93
35.81,-73.85,27.89
35.81,-73.83,27.95
35.81,-73.81,27.96
35.81,-73.79,27.96
35.81,-73.77,27.94
35.81,-73.75,27.92
35.79,-75.15,24.73
35.79,-75.13,24.69
35.79,-75.11,24.66
35.79,-75.01,24.94
35.79,-74.99,24.98
35.79,-74.97,25.1
35.79,-74.95,25.11
35.79,-74.93,25.12
35.79,-74.91,25.1
35.79,-74.83,25.48
35.79,-74.81,25.47
35.79,-74.79,25.47
35.79,-74.77,25.28
35.79,-74.75,25.31
35.79,-74.73,25.04
35.79,-74.71,24.87
35.79,-74.55,27.35
35.79,-74.53,27.56
35.79,-74.51,27.77
35.79,-74.49,27.92
35.79,-74.47,27.95
35.79,-74.45,27.95
35.79,-74.43,27.86
35.79,-74.41,27.81
35.79,-74.03,28.06
35.79,-74.01,28.02
35.79,-73.87,27.91
35.79,-73.85,27.9
35.79,-73.83,27.91
35.79,-73.81,27.9
35.77,-75.15,24.69
35.77,-75.13,24.67
35.77,-75.11,24.68
35.77,-75.01,24.86
35.77,-74.99,24.96
35.77,-74.97,25.01
35.77,-74.95,25.11
35.77,-74.93,25.05
35.77,-74.91,25.04
35.77,-74.81,25.35
35.77,-74.79,25.3
35.77,-74.77,25.26
35.77,-74.75,25.08
35.77,-74.73,24.69
35.77,-74.71,24.45
35.77,-74.69,24.44
35.77,-74.67,24.28
35.77,-74.65,24.31
35.77,-74.63,24.38
35.77,-74.59,27.02
35.77,-74.57,27.15
35.77,-74.55,27.24
35.77,-74.53,27.58
35.77,-74.51,27.75
35.77,-74.49,27.86
35.77,-74.47,27.85
35.77,-74.45,27.83
35.77,-74.43,27.81
35.77,-74.05,28.05
35.77,-74.03,28.02
35.77,-73.89,27.95
35.77,-73.87,27.99
35.77,-73.85,28.0
35.77,-73.83,27.93
35.75,-75.43,24.37
35.75,-75.41,24.2
35.75,-75.39,24.1
35.75,-75.37,24.09
35.75,-75.01,24.64
35.75,-74.99,24.88
35.75,-74.97,24.96
35.75,-74.95,24.85
35.75,-74.93,24.88
35.75,-74.91,24.97
35.75,-74.89,24.99
35.75,-74.87,24.99
35.75,-74.85,25.12
35.75,-74.83,25.06
35.75,-74.81,25.01
35.75,-74.79,25.19
35.75,-74.77,25.16
35.75,-74.75,24.93
35.75,-74.73,24.71
35.75,-74.71,24.16
35.75,-74.69,24.43
35.75,-74.67,24.35
35.75,-74.65,24.36
35.75,-74.63,24.98
35.75,-74.61,27.0
35.75,-74.59,27.33
35.75,-74.57,27.27
35.75,-74.55,27.23
35.75,-74.53,27.75
35.75,-74.51,27.81
35.75,-74.49,27.83
35.75,-74.47,27.8
35.75,-74.45,27.77
35.75,-74.01,28.04
35.75,-73.89,27.92
35.75,-73.87,27.97
35.75,-73.85,28.08
35.73,-75.45,24.42
35.73,-75.43,24.34
35.73,-75.41,24.23
35.73,-75.39,24.08
35.73,-75.37,24.0
35.73,-75.01,24.65
35.73,-74.99,24.72
35.73,-74.97,24.69
35.73,-74.95,24.69
35.73,-74.93,24.82
35.73,-74.91,24.9
35.73,-74.89,24.92
35.73,-74.87,24.92
35.73,-74.85,25.1
35.73,-74.83,25.11
35.73,-74.81,25.06
35.73,-74.79,24.99
35.73,-74.77,25.01
35.73,-74.75,24.88
35.73,-74.73,24.55
35.73,-74.71,24.25
35.73,-74.69,24.33
35.73,-74.67,24.32
35.73,-74.65,24.57
35.73,-74.63,26.27
35.73,-74.61,27.01
35.73,-74.59,27.36
35.73,-74.57,27.25
35.73,-74.55,27.58
35.73,-74.53,27.68
35.73,-74.51,27.78
35.73,-74.49,27.83
35.73,-73.95,28.03
35.73,-73.93,27.99
35.73,-73.89,27.97
35.73,-73.87,27.97
35.73,-73.85,28.03
35.71,-75.45,24.42
35.71,-75.43,24.29
35.71,-75.41,24.23
35.71,-75.39,24.16
35.71,-75.37,24.16
35.71,-75.35,24.19
35.71,-75.33,24.28
35.71,-75.01,24.64
35.71,-74.99,24.73
35.71,-74.97,24.73
35.71,-74.95,24.77
35.71,-74.93,24.83
35.71,-74.91,24.9
35.71,-74.89,24.93
35.71,-74.87,25.02
35.71,-74.85,25.12
35.71,-74.83,25.16
35.71,-74.81,25.25
35.71,-74.79,25.05
35.71,-74.77,24.88
35.71,-74.75,24.58
35.71,-74.73,24.43
35.71,-74.71,24.41
35.71,-74.69,24.44
35.71,-74.67,24.61
35.71,-74.65,25.86
35.71,-74.63,27.17
35.71,-74.61,27.27
35.71,-74.57,27.52
35.71,-74.55,27.71
35.71,-74.53,27.72
35.71,-74.51,27.72
35.71,-74.09,27.9
35.71,-73.97,28.07
35.71,-73.95,28.09
35.71,-73.89,28.0
35.71,-73.87,27.98
35.69,-75.45,24.32
35.69,-75.43,24.28
35.69,-75.41,24.27
35.69,-75.39,24.21
35.69,-75.37,24.21
35.69,-75.35,24.27
35.69,-75.33,24.3
35.69,-75.31,24.35
35.69,-75.29,24.33
35.69,-75.27,24.35
35.69,-75.25,24.33
35.69,-75.05,24.44
35.69,-75.03,24.51
35.69,-75.01,24.54
35.69,-74.99,24.67
35.69,-74.97,24.81
35.69,-74.95,24.79
35.69,-74.93,24.82
35.69,-74.91,24.89
35.69,-74.89,24.95
35.69,-74.87,25.05
35.69,-74.85,25.05
35.69,-74.83,25.03
35.69,-74.81,25.05
35.69,-74.79,24.81
35.69,-74.77,24.57
35.69,-74.75,24.44
35.69,-74.73,24.42
35.69,-74.71,24.44
35.69,-74.69,24.42
35.69,-74.67,25.88
35.69,-74.65,27.27
35.69,-74.63,27.3
35.69,-74.27,27.91
35.69,-74.25,27.92
35.69,-74.23,27.91
35.69,-74.19,28.0
35.69,-74.17,27.98
35.69,-74.13,27.9
35.69,-74.11,27.88
35.69,-74.09,27.83
35.69,-74.05,27.87
35.69,-73.99,28.12
35.69,-73.97,28.12
35.69,-73.95,28.13
35.67,-75.47,24.74
35.67,-75.45,24.42
35.67,-75.43,24.33
35.67,-75.41,24.3
35.67,-75.39,24.29
35.67,-75.37,24.35
35.67,-75.35,24.43
35.67,-75.33,24.48
35.67,-75.31,24.58
35.67,-75.29,24.47
35.67,-75.27,24.37
35.67,-75.25,24.34
35.67,-75.05,24.48
35.67,-75.03,24.49
35.67,-75.01,24.49
35.67,-74.99,24.6
35.67,-74.97,24.76
35.67,-74.95,24.75
35.67,-74.93,24.76
35.67,-74.91,24.8
35.67,-74.89,24.91
35.67,-74.87,24.97
35.67,-74.85,25.01
35.67,-74.83,25.02
35.67,-74.81,24.84
35.67,-74.79,24.81
35.67,-74.77,24.39
35.67,-74.75,24.27
35.67,-74.73,24.42
35.67,-74.71,24.44
35.67,-74.69,24.52
35.67,-74.67,27.18
35.67,-74.65,27.34
35.67,-74.63,27.36
35.67,-74.61,27.44
35.67,-74.45,28.05
35.67,-74.43,28.01
35.67,-74.29,27.92
35.67,-74.27,27.94
35.67,-74.25,27.99
35.67,-74.23,27.86
35.67,-74.19,27.77
35.67,-74.17,27.76
35.67,-74.13,28.02
35.67,-74.11,27.95
35.67,-74.09,27.91
35.67,-73.99,28.08
35.67,-73.97,28.09
35.65,-75.47,24.7
35.65,-75.45,24.54
35.65,-75.43,24.43
35.65,-75.41,24.34
35.65,-75.39,24.42
35.65,-75.37,24.48
35.65,-75.35,24.49
35.65,-75.33,24.55
35.65,-75.31,24.55
35.65,-75.29,24.55
35.65,-75.27,24.33
35.65,-75.25,24.29
35.65,-75.05,24.43
35.65,-75.03,24.5
35.65,-75.01,24.53
35.65,-74.99,24.61
35.65,-74.97,24.64
35.65,-74.95,24.69
35.65,-74.93,24.8
35.65,-74.91,24.78
35.65,-74.89,24.89
35.65,-74.87,24.91
35.65,-74.85,24.93
35.65,-74.83,24.92
35.65,-74.81,24.71
35.65,-74.79,24.41
35.65,-74.77,24.36
35.65,-74.75,24.35
35.65,-74.73,24.39
35.65,-74.67,27.31
35.65,-74.65,27.47
35.65,-74.59,27.75
35.65,-74.27,27.7
35.65,-74.25,27.98
35.65,-74.21,28.09
35.65,-74.19,28.09
35.65,-74.17,27.97
35.65,-74.15,28.0
35.65,-74.13,28.1
35.65,-74.11,27.97
35.65,-74.09,27.94
35.65,-74.03,28.03
35.65,-74.01,28.06
35.63,-75.45,24.39
35.63,-75.43,24.4
35.63,-75.41,24.47
35.63,-75.39,24.48
35.63,-75.37,24.48
35.63,-75.35,24.42
35.63,-75.33,24.47
35.63,-75.31,24.44
35.63,-75.29,24.28
35.63,-75.27,24.2
35.63,-75.07,24.4
35.63,-75.05,24.38
35.63,-75.03,24.49
35.63,-75.01,24.57
35.63,-74.99,24.54
35.63,-74.97,24.48
35.63,-74.95,24.57
35.63,-74.93,24.76
35.63,-74.91,24.78
35.63,-74.89,24.85
35.63,-74.87,24.9
35.63,-74.85,24.87
35.63,-74.83,24.83
35.63,-74.81,24.63
35.63,-74.79,24.43
35.63,-74.77,24.37
35.63,-74.75,24.32
35.63,-74.69,27.88
35.63,-74.67,27.88
35.63,-74.61,27.7
35.63,-74.59,27.69
35.63,-74.29,27.7
35.63,-74.27,27.67
35.63,-74.25,27.99
35.63,-74.23,28.33
35.63,-74.21,28.29
35.63,-74.19,28.28
35.63,-74.17,28.15
35.63,-74.15,28.14
35.63,-74.13,28.15
35.63,-74.11,28.01
35.63,-74.03,28.04
35.61,-75.63,26.31
35.61,-75.61,26.33
35.61,-75.59,26.33
35.61,-75.57,26.3
35.61,-75.45,24.29
35.61,-75.43,24.3
35.61,-75.41,24.33
35.61,-75.39,24.33
35.61,-75.37,24.38
35.61,-75.35,24.38
35.61,-75.33,24.43
35.61,-75.31,24.37
35.61,-75.29,24.26
35.61,-75.07,24.32
35.61,-75.05,24.23
35.61,-75.03,24.37
35.61,-75.01,24.44
35.61,-74.99,24.39
35.61,-74.97,24.39
35.61,-74.95,24.49
35.61,-74.93,24.63
35.61,-74.91,24.77
35.61,-74.89,24.83
35.61,-74.87,24.6
35.61,-74.85,24.59
35.61,-74.83,24.56
35.61,-74.81,24.53
35.61,-74.79,24.38
35.61,-74.77,24.31
35.61,-74.73,27.66
35.61,-74.71,27.78
35.61,-74.69,27.85
35.61,-74.67,27.85
35.61,-74.63,27.77
35.61,-74.61,27.74
35.61,-74.59,27.73
35.61,-74.25,28.01
35.61,-74.23,28.12
35.61,-74.21,28.18
35.61,-74.19,28.25
35.61,-74.17,28.17
35.61,-74.15,28.12
35.61,-74.09,28.11
35.61,-74.07,28.14
35.61,-73.97,28.17
35.61,-73.91,28.17
35.59,-75.67,26.61
35.59,-75.65,26.56
35.59,-75.63,26.34
35.59,-75.61,26.2
35.59,-75.59,26.23
35.59,-75.57,26.25
35.59,-75.55,26.25
35.59,-75.45,24.38
35.59,-75.43,24.34
35.59,-75.41,24.33
35.59,-75.39,24.36
35.59,-75.37,24.36
35.59,-75.35,24.33
35.59,-75.33,24.34
35.59,-75.31,24.28
35.59,-75.09,24.37
35.59,-75.07,24.2
35.59,-75.05,24.08
35.59,-75.03,24.05
35.59,-75.01,24.05
35.59,-74.99,24.08
35.59,-74.97,24.21
35.59,-74.95,24.35
35.59,-74.93,24.49
35.59,-74.91,24.51
35.59,-74.89,24.49
35.59,-74.87,24.47
35.59,-74.85,24.45
35.59,-74.83,24.37
35.59,-74.81,24.18
35.59,-74.79,24.18
35.59,-74.75,27.64
35.59,-74.73,27.67
35.59,-74.71,27.71
35.59,-74.69,27.76
35.59,-74.67,27.76
35.59,-74.27,27.87
35.59,-74.25,27.86
35.59,-74.23,28.06
35.59,-74.21,28.12
35.59,-74.19,28.25
35.59,-74.17,28.31
35.59,-74.15,28.19
35.59,-74.09,28.2
35.59,-74.07,28.22
35.59,-73.99,28.17
35.57,-75.67,26.64
35.57,-75.65,26.62
35.57,-75.63,26.36
35.57,-75.61,26.29
35.57,-75.59,26.23
35.57,-75.57,26.25
35.57,-75.55,26.24
35.57,-75.51,26.47
35.57,-75.43,24.36
35.57,-75.41,24.44
35.57,-75.39,24.53
35.57,-75.37,24.39
35.57,-75.35,24.3
35.57,-75.33,24.31
35.57,-75.31,24.35
35.57,-75.29,24.4
35.57,-75.27,24.36
35.57,-75.09,24.43
35.57,-75.07,24.21
35.57,-75.05,24.02
35.57,-75.03,23.99
35.57,-75.01,24.02
35.57,-74.99,24.2
35.57,-74.97,24.31
35.57,-74.95,24.31
35.57,-74.93,24.25
35.57,-74.91,24.45
35.57,-74.89,24.54
35.57,-74.87,24.57
35.57,-74.85,24.52
35.57,-74.83,24.31
35.57,-74.81,24.36
35.57,-74.79,26.26
35.57,-74.77,27.35
35.57,-74.75,27.61
35.57,-74.73,27.69
35.57,-74.71,27.67
35.57,-74.69,27.73
35.57,-74.27,28.18
35.57,-74.25,28.26
35.57,-74.23,28.33
35.57,-74.21,28.14
35.57,-74.19,28.17
35.57,-74.17,28.24
35.57,-74.15,28.22
35.57,-74.13,28.31
35.57,-74.11,28.27
35.57,-74.09,28.21
35.55,-75.69,26.67
35.55,-75.67,26.69
35.55,-75.65,26.65
35.55,-75.63,26.47
35.55,-75.61,26.44
35.55,-75.59,26.42
35.55,-75.57,26.45
35.55,-75.55,26.52
35.55,-75.53,26.52
35.55,-75.51,26.53
35.55,-75.45,24.39
35.55,-75.43,24.37
35.55,-75.41,24.39
35.55,-75.39,24.44
35.55,-75.37,24.33
35.55,-75.35,24.3
35.55,-75.33,24.29
35.55,-75.31,24.26
35.55,-75.29,24.21
35.55,-75.27,24.16
35.55,-75.09,24.34
35.55,-75.07,24.25
35.55,-75.05,24.09
35.55,-75.03,24.04
35.55,-75.01,24.25
35.55,-74.99,24.73
35.55,-74.97,24.54
35.55,-74.95,24.59
35.55,-74.93,24.36
35.55,-74.91,24.45
35.55,-74.89,24.56
35.55,-74.87,24.6
35.55,-74.85,24.32
35.55,-74.83,24.28
35.55,-74.81,25.23
35.55,-74.79,27.34
35.55,-74.77,27.48
35.55,-74.75,27.64
35.55,-74.73,27.67
35.55,-74.71,27.6
35.55,-74.31,27.74
35.55,-74.29,28.02
35.55,-74.27,28.13
35.55,-74.25,28.14
35.55,-74.23,28.12
35.55,-74.21,28.1
35.55,-74.15,28.3
35.55,-74.13,28.3
35.55,-74.11,28.26
35.55,-73.97,28.23
35.55,-73.95,28.19
35.53,-75.69,26.56
35.53,-75.67,26.61
35.53,-75.65,26.64
35.53,-75.63,26.62
35.53,-75.61,26.48
35.53,-75.59,26.44
35.53,-75.57,26.56
35.53,-75.55,26.64
35.53,-75.53,26.58
35.53,-75.51,26.65
35.53,-75.45,24.33
35.53,-75.43,24.3
35.53,-75.41,24.26
35.53,-75.39,24.28
35.53,-75.37,24.31
35.53,-75.35,24.28
35.53,-75.33,24.27
35.53,-75.31,24.22
35.53,-75.29,24.09
35.53,-75.27,23.95
35.53,-75.23,24.14
35.53,-75.21,24.13
35.53,-75.19,24.1
35.53,-75.17,24.23
35.53,-75.15,24.36
35.53,-74.99,25.01
35.53,-74.97,24.96
35.53,-74.95,24.93
35.53,-74.93,24.9
35.53,-74.91,24.71
35.53,-74.89,24.51
35.53,-74.87,24.48
35.53,-74.85,24.47
35.53,-74.83,25.58
35.53,-74.81,27.37
35.53,-74.79,27.49
35.53,-74.77,27.62
35.53,-74.75,27.66
35.53,-74.73,27.72
35.53,-74.33,27.8
35.53,-74.31,27.81
35.53,-74.27,28.05
35.53,-74.25,28.07
35.53,-74.23,28.06
35.53,-74.15,28.29
35.53,-74.13,28.27
35.51,-75.73,26.44
35.51,-75.71,26.43
35.51,-75.69,26.39
35.51,-75.67,26.45
35.51,-75.65,26.59
35.51,-75.63,26.62
35.51,-75.61,26.54
35.51,-75.59,26.52
35.51,-75.57,26.63
35.51,-75.55,26.67
35.51,-75.53,26.67
35.51,-75.51,26.72
35.51,-75.45,24.39
35.51,-75.43,24.2
35.51,-75.41,24.1
35.51,-75.39,24.15
35.51,-75.37,24.23
35.51,-75.35,24.24
35.51,-75.33,24.21
35.51,-75.31,24.12
35.51,-75.29,24.05
35.51,-75.27,23.98
35.51,-75.25,23.99
35.51,-75.23,24.11
35.51,-75.21,24.15
35.51,-75.19,24.2
35.51,-75.17,24.25
35.51,-75.15,24.25
35.51,-75.13,24.33
35.51,-75.11,24.35
35.51,-74.97,25.22
35.51,-74.95,25.21
35.51,-74.93,25.12
35.51,-74.91,25.06
35.51,-74.89,24.83
35.51,-74.87,24.87
35.51,-74.85,24.93
35.51,-74.81,27.48
35.51,-74.79,27.57
35.51,-74.31,27.83
35.51,-74.29,27.85
35.51,-74.27,27.81
35.51,-74.25,27.79
35.51,-73.99,28.27
35.51,-73.97,28.25
35.49,-75.77,26.57
35.49,-75.75,26.52
35.49,-75.73,26.5
35.49,-75.71,26.49
35.49,-75.69,26.46
35.49,-75.67,26.48
35.49,-75.65,26.54
35.49,-75.63,26.57
35.49,-75.61,26.51
35.49,-75.59,26.49
35.49,-75.57,26.49
35.49,-75.55,26.58
35.49,-75.53,26.74
35.49,-75.51,26.81
35.49,-75.47,24.4
35.49,-75.45,24.38
35.49,-75.43,24.31
35.49,-75.41,24.2
35.49,-75.39,24.28
35.49,-75.37,24.37
35.49,-75.35,24.39
35.49,-75.33,24.34
35.49,-75.31,24.28
35.49,-75.29,24.24
35.49,-75.27,24.21
35.49,-75.25,24.62
35.49,-75.23,24.58
35.49,-75.21,24.54
35.49,-75.19,24.46
35.49,-75.17,24.28
35.49,-75.15,24.25
35.49,-75.13,24.41
35.49,-75.11,24.6
35.49,-75.09,24.85
35.49,-75.07,24.82
35.49,-75.05,24.86
35.49,-75.03,24.97
35.49,-74.99,25.17
35.49,-74.97,25.28
35.49,-74.95,25.22
35.49,-74.93,25.16
35.49,-74.91,25.11
35.49,-74.89,25.08
35.49,-74.87,25.03
35.49,-74.31,27.94
35.49,-74.29,27.93
35.49,-74.27,27.93
35.47,-75.79,26.57
35.47,-75.77,26.51
35.47,-75.75,26.49
35.47,-75.73,26.53
35.47,-75.71,26.54
35.47,-75.69,26.5
35.47,-75.67,26.49
35.47,-75.65,26.52
35.47,-75.63,26.5
35.47,-75.61,26.49
35.47,-75.59,26.43
35.47,-75.57,26.35
35.47,-75.55,26.38
35.47,-75.53,26.79
35.47,-75.51,26.85
35.47,-75.47,24.38
35.47,-75.45,24.34
35.47,-75.43,24.33
35.47,-75.41,24.27
35.47,-75.39,24.26
35.47,-75.37,24.34
35.47,-75.35,24.35
35.47,-75.33,24.32
35.47,-75.31,24.42
35.47,-75.29,24.59
35.47,-75.27,24.66
35.47,-75.25,24.79
35.47,-75.23,24.78
35.47,-75.21,24.77
35.47,-75.19,24.84
35.47,-75.17,24.84
35.47,-75.15,24.71
35.47,-75.13,24.67
35.47,-75.11,24.96
35.47,-75.09,24.99
35.47,-75.07,25.03
35.47,-75.05,25.03
35.47,-75.03,25.21
35.47,-75.01,25.26
35.47,-74.99,25.32
35.47,-74.97,25.59
35.47,-74.95,25.64
35.47,-74.93,25.66
35.47,-74.91,25.63
35.47,-74.89,25.66
35.47,-74.45,28.14
35.45,-75.79,26.49
35.45,-75.77,26.43
35.45,-75.75,26.43
35.45,-75.73,26.52
35.45,-75.71,26.58
35.45,-75.69,26.56
35.45,-75.67,26.56
35.45,-75.65,26.53
35.45,-75.63,26.52
35.45,-75.61,26.51
35.45,-75.59,26.45
35.45,-75.57,26.4
35.45,-75.55,26.48
35.45,-75.53,26.71
35.45,-75.51,26.85
35.45,-75.47,24.29
35.45,-75.45,24.33
35.45,-75.43,24.34
35.45,-75.41,24.19
35.45,-75.39,24.2
35.45,-75.37,24.44
35.45,-75.35,24.41
35.45,-75.33,24.32
35.45,-75.31,24.35
35.45,-75.29,24.44
35.45,-75.27,24.63
35.45,-75.25,24.78
35.45,-75.23,24.52
35.45,-75.21,24.69
35.45,-75.19,24.69
35.45,-75.17,24.67
35.45,-75.15,24.68
35.45,-75.13,24.65
35.45,-75.11,24.63
35.45,-75.09,24.87
35.45,-75.07,25.05
35.45,-75.05,25.23
35.45,-75.03,25.27
35.45,-75.01,25.34
35.45,-74.99,25.53
35.45,-74.97,25.69
35.45,-74.95,25.74
35.45,-74.93,25.76
35.45,-74.91,25.8
35.45,-74.89,26.2
35.45,-74.47,28.09
35.45,-74.45,28.09
35.45,-74.43,28.07
35.45,-74.39,28.21
35.45,-74.37,28.23
35.45,-74.35,28.28
35.45,-74.33,28.36
35.45,-74.31,28.26
35.43,-75.77,26.44
35.43,-75.75,26.46
35.43,-75.73,26.49
35.43,-75.71,26.58
35.43,-75.69,26.6
35.43,-75.67,26.58
35.43,-75.65,26.53
35.43,-75.63,26.5
35.43,-75.61,26.57
35.43,-75.59,26.57
35.43,-75.57,26.45
35.43,-75.55,26.47
35.43,-75.53,26.74
35.43,-75.51,26.76
35.43,-75.47,24.29
35.43,-75.45,24.44
35.43,-75.43,24.45
35.43,-75.41,24.4
35.43,-75.39,24.35
35.43,-75.37,24.35
35.43,-75.35,24.33
35.43,-75.33,24.33
35.43,-75.31,24.36
35.43,-75.29,24.42
35.43,-75.27,24.55
35.43,-75.25,24.52
35.43,-75.23,24.53
35.43,-75.21,24.51
35.43,-75.19,24.5
35.43,-75.17,24.66
35.43,-75.15,24.82
35.43,-75.13,24.66
35.43,-75.11,24.63
35.43,-75.09,24.79
35.43,-75.07,24.82
35.43,-75.05,24.95
35.43,-75.03,25.26
35.43,-75.01,25.51
35.43,-74.99,25.71
35.43,-74.97,25.7
35.43,-74.95,25.77
35.43,-74.93,25.87
35.43,-74.91,26.49
35.43,-74.89,26.64
35.43,-74.47,28.09
35.43,-74.45,28.05
35.43,-74.43,28.03
35.43,-74.39,28.28
35.43,-74.37,28.25
35.43,-74.35,28.28
35.43,-74.33,28.3
35.43,-74.31,28.26
35.43,-74.29,28.23
35.43,-74.27,28.26
35.41,-75.77,26.49
35.41,-75.75,26.51
35.41,-75.73,26.51
35.41,-75.71,26.55
35.41,-75.69,26.62
35.41,-75.67,26.63
35.41,-75.65,26.6
35.41,-75.63,26.54
35.41,-75.61,26.56
35.41,-75.59,26.52
35.41,-75.57,26.52
35.41,-75.55,26.6
35.41,-75.53,26.63
35.41,-75.51,26.73
35.41,-75.45,24.45
35.41,-75.43,24.45
35.41,-75.41,24.44
35.41,-75.39,24.43
35.41,-75.37,24.35
35.41,-75.35,24.3
35.41,-75.33,24.29
35.41,-75.31,24.35
35.41,-75.29,24.5
35.41,-75.27,24.59
35.41,-75.25,24.59
35.41,-75.23,24.55
35.41,-75.21,24.51
35.41,-75.19,24.57
35.41,-75.17,24.74
35.41,-75.15,24.86
35.41,-75.13,24.96
35.41,-75.11,25.04
35.41,-75.09,25.01
35.41,-75.07,24.77
35.41,-75.05,24.92
35.41,-75.03,25.43
35.41,-75.01,25.58
35.41,-74.99,25.76
35.41,-74.97,25.69
35.41,-74.95,25.87
35.41,-74.93,26.57
35.41,-74.91,26.64
35.41,-74.45,28.03
35.41,-74.41,28.15
35.41,-74.39,28.19
35.41,-74.37,28.27
35.41,-74.35,28.24
35.41,-74.33,28.17
35.41,-74.31,28.22
35.41,-74.29,28.24
35.41,-74.27,28.26
35.39,-75.77,26.52
35.39,-75.75,26.52
35.39,-75.73,26.54
35.39,-75.71,26.59
35.39,-75.69,26.65
35.39,-75.67,26.77
35.39,-75.65,26.66
35.39,-75.63,26.62
35.39,-75.61,26.62
35.39,-75.59,26.62
35.39,-75.57,26.7
35.39,-75.55,26.82
35.39,-75.53,26.66
35.39,-75.47,24.21
35.39,-75.45,24.36
35.39,-75.43,24.42
35.39,-75.41,24.43
35.39,-75.39,24.41
35.39,-75.37,24.33
35.39,-75.35,24.32
35.39,-75.33,24.3
35.39,-75.31,24.32
35.39,-75.29,24.5
35.39,-75.27,24.61
35.39,-75.25,24.62
35.39,-75.23,24.62
35.39,-75.21,24.76
35.39,-75.19,24.77
35.39,-75.17,25.18
35.39,-75.15,25.28
35.39,-75.13,25.49
35.39,-75.11,25.57
35.39,-75.09,25.66
35.39,-75.07,25.79
35.39,-75.05,25.8
35.39,-75.03,25.81
35.39,-75.01,26.07
35.39,-74.99,25.99
35.39,-74.97,26.05
35.39,-74.95,26.09
35.39,-74.49,27.93
35.39,-74.47,28.03
35.39,-74.45,28.06
35.39,-74.41,28.18
35.39,-74.39,28.21
35.39,-74.37,28.24
35.39,-74.35,28.22
35.37,-75.75,26.57
35.37,-75.73,26.67
35.37,-75.71,26.74
35.37,-75.69,26.79
35.37,-75.67,26.8
35.37,-75.65,26.76
35.37,-75.63,26.69
35.37,-75.61,26.72
35.37,-75.59,26.75
35.37,-75.57,27.07
35.37,-75.55,26.91
35.37,-75.53,26.87
35.37,-75.47,24.26
35.37,-75.45,24.19
35.37,-75.43,24.28
35.37,-75.41,24.32
35.37,-75.39,24.36
35.37,-75.37,24.36
35.37,-75.35,24.44
35.37,-75.33,24.42
35.37,-75.31,24.46
35.37,-75.29,24.61
35.37,-75.27,24.72
35.37,-75.25,24.7
35.37,-75.23,24.93
35.37,-75.21,25.15
35.37,-75.19,25.2
35.37,-75.17,25.43
35.37,-75.15,25.96
35.37,-75.13,25.97
35.37,-75.11,25.91
35.37,-75.09,25.9
35.37,-75.07,25.9
35.37,-75.05,25.88
35.37,-75.03,26.02
35.37,-75.01,26.03
35.37,-74.99,26.06
35.37,-74.97,26.18
35.37,-74.47,28.12
35.37,-74.45,28.14
35.37,-74.39,28.24
35.35,-75.75,26.61
35.35,-75.73,26.79
35.35,-75.71,26.81
35.35,-75.69,26.79
35.35,-75.67,26.78
35.35,-75.65,26.78
35.35,-75.63,26.77
35.35,-75.61,26.8
35.35,-75.59,26.87
35.35,-75.57,27.01
35.35,-75.55,26.79
35.35,-75.53,26.81
35.35,-75.49,24.42
35.35,-75.47,24.39
35.35,-75.45,24.27
35.35,-75.43,24.3
35.35,-75.41,24.45
35.35,-75.39,24.42
35.35,-75.37,24.36
35.35,-75.35,24.52
35.35,-75.33,24.59
35.35,-75.31,24.6
35.35,-75.29,24.91
35.35,-75.27,25.46
35.35,-75.25,25.4
35.35,-75.23,25.44
35.35,-75.21,25.37
35.35,-75.19,25.44
35.35,-75.17,25.81
35.35,-75.15,26.01
35.35,-75.13,25.92
35.35,-75.11,25.85
35.35,-75.09,25.89
35.35,-75.07,25.89
35.35,-75.05,25.74
35.35,-75.03,25.8
35.35,-75.01,26.0
35.35,-74.43,28.3
35.35,-74.41,28.29
35.33,-75.73,26.79
35.33,-75.71,26.76
35.33,-75.69,26.76
35.33,-75.67,26.77
35.33,-75.65,26.76
35.33,-75.63,26.75
35.33,-75.61,26.78
35.33,-75.59,26.81
35.33,-75.57,26.64
35.33,-75.55,26.62
35.33,-75.49,24.54
35.33,-75.47,24.53
35.33,-75.45,24.48
35.33,-75.43,24.39
35.33,-75.41,24.53
35.33,-75.39,24.55
35.33,-75.35,24.64
35.33,-75.33,24.76
35.33,-75.31,24.99
35.33,-75.29,25.45
35.33,-75.27,25.53
35.33,-75.25,25.52
35.33,-75.23,25.59
35.33,-75.21,25.6
35.33,-75.19,25.76
35.33,-75.17,25.86
35.33,-75.15,25.95
35.33,-75.13,25.89
35.33,-75.11,25.84
35.33,-75.09,25.81
35.33,-75.07,25.73
35.33,-75.05,25.64
35.33,-75.03,25.72
35.31,-75.73,26.75
35.31,-75.71,26.78
35.31,-75.61,26.67
35.31,-75.59,26.61
35.31,-75.57,26.6
35.31,-75.55,26.63
35.31,-75.53,26.64
35.31,-75.49,24.65
35.31,-75.47,24.65
35.31,-75.45,24.76
35.31,-75.43,24.75
35.31,-75.41,24.67
35.31,-75.39,24.65
35.31,-75.37,24.58
35.31,-75.35,24.63
35.31,-75.33,24.68
35.31,-75.31,25.27
35.31,-75.29,25.46
35.31,-75.27,25.49
35.31,-75.25,25.52
35.31,-75.23,25.63
35.31,-75.21,25.74
35.31,-75.19,25.83
35.31,-75.17,25.9
35.31,-75.15,25.92
35.31,-75.13,25.88
35.31,-75.11,25.91
35.31,-75.09,25.88
35.31,-75.07,26.06
35.31,-75.05,26.09
35.31,-75.03,25.74
35.29,-75.59,26.56
35.29,-75.57,26.57
35.29,-75.55,26.61
35.29,-75.51,24.97
35.29,-75.49,24.76
35.29,-75.47,24.91
35.29,-75.45,24.91
35.29,-75.43,24.81
35.29,-75.41,24.77
35.29,-75.39,24.65
35.29,-75.37,24.63
35.29,-75.35,24.63
35.29,-75.33,24.65
35.29,-75.31,25.24
35.29,-75.29,25.44
35.29,-75.27,25.53
35.29,-75.25,25.64
35.29,-75.23,25.76
35.29,-75.21,25.8
35.29,-75.19,25.84
35.29,-75.17,25.89
35.29,-75.15,25.89
35.29,-75.13,25.94
35.29,-75.11,25.99
35.29,-75.09,25.98
35.29,-75.07,26.12
35.29,-75.05,26.18
35.27,-75.55,26.63
35.27,-75.51,24.78
35.27,-75.49,24.8
35.27,-75.47,24.83
35.27,-75.45,24.79
35.27,-75.43,24.77
35.27,-75.41,24.8
35.27,-75.39,24.76
35.27,-75.37,24.7
35.27,-75.35,24.68
35.27,-75.33,25.14
35.27,-75.31,25.35
35.27,-75.29,25.64
35.27,-75.27,25.81
35.27,-75.25,25.83
35.27,-75.23,25.85
35.27,-75.21,25.82
35.27,-75.19,25.79
35.27,-75.17,25.89
35.27,-75.15,26.06
35.27,-75.13,26.13
35.27,-75.11,26.26
35.27,-75.09,26.45
35.27,-75.07,26.65
35.25,-75.51,24.73
35.25,-75.49,24.74
35.25,-75.47,24.77
35.25,-75.45,24.75
35.25,-75.43,24.82
35.25,-75.41,24.81
35.25,-75.39,24.72
35.25,-75.37,24.78
35.25,-75.35,24.99
35.25,-75.33,25.14
35.25,-75.31,25.63
35.25,-75.29,25.93
35.25,-75.27,26.05
35.25,-75.25,25.9
35.25,-75.23,25.91
35.25,-75.21,25.93
35.25,-75.19,25.94
35.25,-75.17,26.05
35.25,-75.15,26.15
35.25,-75.13,26.32
35.25,-75.11,26.61
35.25,-75.09,26.79
35.25,-75.07,27.23
35.23,-75.51,24.68
35.23,-75.49,24.72
35.23,-75.47,24.82
35.23,-75.45,25.07
35.23,-75.43,24.87
35.23,-75.41,24.67
35.23,-75.39,24.68
35.23,-75.37,24.95
35.23,-75.35,24.99
35.23,-75.33,25.67
35.23,-75.31,25.75
35.23,-75.29,25.77
35.23,-75.27,25.88
35.23,-75.25,25.91
35.23,-75.23,26.22
35.23,-75.21,26.2
35.23,-75.19,26.2
35.23,-75.17,26.26
35.23,-75.15,26.33
35.23,-75.13,26.69
35.23,-75.11,27.0
35.23,-75.09,27.32
35.23,-75.07,27.53
35.21,-75.49,24.81
35.21,-75.47,24.91
35.21,-75.45,25.07
35.21,-75.43,24.83
35.21,-75.41,24.75
35.21,-75.39,24.76
35.21,-75.37,24.8
35.21,-75.35,25.32
35.21,-75.33,25.73
35.21,-75.31,25.75
35.21,-75.29,25.73
35.21,-75.27,25.72
35.21,-75.21,26.25
35.21,-75.19,26.26
35.21,-75.17,26.36
35.21,-75.15,26.8
35.21,-75.13,27.0
35.21,-75.11,27.35
35.19,-75.49,24.83
35.19,-75.47,24.83
35.19,-75.45,24.68
35.19,-75.43,24.7
35.19,-75.41,24.83
35.19,-75.39,24.92
35.19,-75.37,25.12
35.19,-75.35,25.37
35.19,-75.33,25.73
35.19,-75.31,25.76
35.19,-75.21,26.8
35.19,-75.19,26.81
35.19,-75.17,27.0
35.19,-75.15,27.25
35.19,-75.13,27.42
35.17,-75.49,24.94
35.17,-75.47,24.66
35.17,-75.45,24.63
35.17,-75.43,24.7
35.17,-75.41,24.94
35.17,-75.39,24.99
35.17,-75.37,25.11
35.17,-75.35,25.31
35.17,-75.33,25.58
35.17,-75.31,25.66
35.17,-75.25,26.92
35.17,-75.23,26.93
35.17,-75.21,27.09
35.17,-75.19,27.18
35.17,-75.17,27.36
35.17,-75.15,27.35
35.15,-75.47,25.11
35.15,-75.45,24.86
35.15,-75.43,24.89
35.15,-75.41,24.95
35.15,-75.39,25.02
35.15,-75.37,25.05
35.15,-75.35,25.3
35.15,-75.33,25.78
35.15,-75.31,25.89
35.15,-75.29,26.05
35.15,-75.25,27.04
35.15,-75.23,27.07
35.15,-75.21,27.16
35.13,-75.47,25.13
35.13,-75.45,25.14
35.13,-75.43,25.19
35.13,-75.41,25.2
35.13,-75.39,25.21
35.13,-75.37,25.35
35.13,-75.35,25.68
35.13,-75.33,25.91
35.13,-75.31,26.04
35.13,-75.29,26.17
35.13,-75.27,26.59
35.13,-75.25,27.08
35.13,-75.23,27.1
35.11,-75.47,25.43
35.11,-75.45,25.6
35.11,-75.43,25.69
35.11,-75.41,25.6
35.11,-75.39,25.61
35.11,-75.37,25.76
35.11,-75.35,25.84
35.11,-75.33,26.2
35.11,-75.31,26.45
35.11,-75.29,26.89
35.11,-75.27,26.95
35.09,-75.59,25.28
35.09,-75.47,25.76
35.09,-75.45,25.82
35.09,-75.43,25.87
35.09,-75.41,25.83
35.09,-75.39,25.84
35.09,-75.37,25.94
35.09,-75.35,26.21
35.09,-75.33,26.39
35.09,-75.31,26.63
35.09,-75.29,26.9
35.07,-75.43,25.99
35.07,-75.41,26.1
35.07,-75.39,26.12
34.87,-74.75,28.46
34.87,-73.75,27.5
34.87,-73.73,27.44
34.87,-73.71,27.37
34.85,-75.29,28.11
34.85,-73.83,27.44
34.85,-73.81,27.48
34.85,-73.79,27.53
34.85,-73.77,27.59
34.85,-73.75,27.54
34.85,-73.73,27.4
34.85,-73.71,27.29
34.85,-73.69,27.23
34.83,-73.85,27.43
34.83,-73.83,27.46
34.83,-73.81,27.58
34.83,-73.79,27.56
34.83,-73.77,27.54
34.83,-73.75,27.49
34.83,-73.73,27.42
34.83,-73.71,27.31
34.83,-73.69,27.24
34.81,-75.05,28.43
34.81,-75.03,28.39
34.81,-73.85,27.39
34.81,-73.83,27.48
34.81,-73.81,27.58
34.81,-73.79,27.59
34.81,-73.77,27.5
34.81,-73.75,27.47
34.81,-73.73,27.44
34.81,-73.71,27.34
34.81,-73.69,27.2
34.79,-75.15,28.56
34.79,-75.13,28.53
34.79,-75.05,28.48
34.79,-75.03,28.47
34.79,-74.75,28.58
34.79,-74.73,28.56
34.79,-73.89,27.36
34.79,-73.87,27.39
34.79,-73.85,27.42
34.79,-73.83,27.47
34.79,-73.81,27.51
34.79,-73.79,27.51
34.79,-73.77,27.48
34.79,-73.75,27.41
34.79,-73.73,27.37
34.79,-73.71,27.33
34.77,-75.19,28.51
34.77,-75.15,28.56
34.77,-75.13,28.6
34.77,-75.11,28.63
34.77,-75.09,28.87
34.77,-75.07,28.69
34.77,-75.05,28.64
34.77,-75.03,28.5
34.77,-74.95,28.54
34.77,-74.93,28.53
34.77,-74.75,28.56
34.77,-74.73,28.53
34.77,-74.71,28.45
34.77,-74.69,28.46
34.77,-74.67,28.46
34.77,-73.89,27.39
34.77,-73.87,27.45
34.77,-73.85,27.45
34.77,-73.83,27.43
34.77,-73.81,27.46
34.77,-73.79,27.58
34.77,-73.77,27.55
34.77,-73.75,27.39
34.77,-73.73,27.39
34.75,-75.23,28.67
34.75,-75.21,28.6
34.75,-75.19,28.61
34.75,-75.17,28.66
34.75,-75.15,28.75
34.75,-75.13,28.86
34.75,-75.11,28.96
34.75,-75.09,28.95
34.75,-75.07,28.97
34.75,-75.05,28.68
34.75,-75.03,28.53
34.75,-75.01,28.47
34.75,-74.99,28.44
34.75,-74.95,28.52
34.75,-74.93,28.52
34.75,-74.71,28.43
34.75,-73.91,27.32
34.75,-73.89,27.37
34.75,-73.87,27.47
34.75,-73.85,27.45
34.75,-73.83,27.38
34.75,-73.81,27.43
34.75,-73.79,27.49
34.75,-73.77,27.45
34.75,-73.75,27.26
34.75,-73.73,27.15
34.73,-75.25,28.73
34.73,-75.23,28.72
34.73,-75.21,28.75
34.73,-75.19,28.78
34.73,-75.17,28.8
34.73,-75.15,28.75
34.73,-75.13,28.79
34.73,-75.11,28.91
34.73,-75.09,28.97
34.73,-75.07,28.91
34.73,-75.05,28.65
34.73,-75.03,28.52
34.73,-75.01,28.5
34.73,-73.91,27.39
34.73,-73.89,27.42
34.73,-73.87,27.46
34.73,-73.85,27.42
34.73,-73.83,27.37
34.73,-73.81,27.4
34.73,-73.79,27.47
34.73,-73.77,27.45
34.73,-73.75,27.22
34.71,-75.25,28.8
34.71,-75.23,28.81
34.71,-75.21,28.84
34.71,-75.19,28.89
34.71,-75.17,28.91
34.71,-75.15,28.75
34.71,-75.13,28.74
34.71,-75.11,28.84
34.71,-75.09,28.85
34.71,-75.07,28.69
34.71,-73.93,27.4
34.71,-73.91,27.46
34.71,-73.89,27.46
34.71,-73.87,27.43
34.71,-73.85,27.27
34.71,-73.83,27.24
34.71,-73.81,27.39
34.69,-75.25,28.83
34.69,-75.23,28.89
34.69,-75.21,28.97
34.69,-75.19,28.82
34.69,-75.17,28.8
34.69,-75.15,28.81
34.69,-75.13,28.76
34.69,-75.11,28.75
34.69,-75.09,28.69
34.69,-75.07,28.65
34.69,-73.93,27.35
34.69,-73.91,27.45
34.69,-73.89,27.46
34.69,-73.87,27.45
34.69,-73.85,27.41
34.67,-75.33,28.61
34.67,-75.31,28.61
34.67,-75.21,28.95
34.67,-75.17,28.73
34.67,-75.15,28.71
34.67,-75.07,28.58
34.67,-74.01,27.35
34.67,-73.99,27.37
34.67,-73.97,27.37
34.67,-73.95,27.35
34.67,-73.93,27.38
34.67,-73.91,27.43
34.67,-73.89,27.49
34.67,-73.87,27.46
34.67,-73.85,27.45
34.67,-73.83,27.45
34.65,-75.35,28.61
34.65,-75.33,28.6
34.65,-75.17,28.6
34.65,-75.15,28.62
34.65,-75.13,28.61
34.65,-75.11,28.56
34.65,-74.03,27.35
34.65,-74.01,27.36
34.65,-73.99,27.37
34.65,-73.97,27.4
34.65,-73.95,27.42
34.65,-73.93,27.44
34.65,-73.91,27.46
34.65,-73.89,27.44
34.65,-73.87,27.42
34.65,-73.85,27.4
34.63,-75.17,28.59
34.63,-75.15,28.58
34.63,-75.13,28.55
34.63,-75.11,28.58
34.63,-73.95,27.47
34.63,-73.93,27.51
34.63,-73.91,27.51
34.63,-73.89,27.45
34.63,-73.87,27.43
34.63,-73.85,27.41
34.63,-73.81,27.35
34.63,-73.79,27.36
34.63,-73.77,27.39
34.61,-75.25,28.76
34.61,-75.23,28.72
34.61,-75.21,28.62
34.61,-75.19,28.6
34.61,-75.17,28.56
34.61,-73.83,27.35
34.61,-73.81,27.35
34.61,-73.79,27.35
34.59,-75.31,28.69
34.59,-75.29,28.74
34.59,-75.27,28.79
34.59,-75.25,28.82
34.59,-75.23,28.83
34.59,-75.21,28.73
34.59,-75.19,28.66
34.59,-73.81,27.37
34.57,-75.29,28.82
34.57,-75.27,29.0
34.57,-75.25,29.04
34.57,-75.23,29.04
34.57,-75.21,28.93
34.57,-75.19,28.77
34.55,-75.29,29.1
34.55,-75.27,29.1
34.55,-75.25,29.04
34.55,-75.23,28.96
34.55,-75.21,28.91
34.53,-75.29,29.19
34.53,-75.27,28.92
34.53,-75.25,28.88
34.53,-74.59,28.72
34.53,-74.57,28.54
34.51,-74.59,28.67
34.41,-73.99,27.48
34.39,-75.09,28.82
34.39,-75.07,28.83
34.39,-73.99,27.48
34.39,-73.97,27.47
34.37,-75.11,28.86
34.37,-75.09,28.95
34.37,-75.07,28.93
34.37,-75.05,28.8
34.37,-75.03,28.77
34.37,-74.01,27.54
34.37,-73.99,27.52
34.37,-73.97,27.48
34.35,-75.11,28.81
34.35,-75.09,28.9
34.35,-75.07,28.87
34.35,-75.05,28.76
34.35,-73.99,27.47
34.33,-75.11,28.83
34.33,-75.09,28.81
34.33,-75.07,28.74
34.33,-75.05,28.71
34.31,-75.15,28.83
34.31,-75.13,28.84
34.31,-75.11,28.79
34.31,-75.09,28.75
34.29,-75.15,28.81
34.29,-74.87,28.93
34.29,-74.85,28.92
34.29,-74.83,28.86
34.29,-74.81,28.89
34.27,-74.91,29.09
34.27,-74.89,29.03
34.27,-74.87,29.04
34.27,-74.85,29.1
34.27,-74.83,29.05
34.27,-74.81,29.0
34.27,-74.79,29.03
34.25,-75.11,28.58
34.25,-75.09,28.58
34.25,-74.93,29.1
34.25,-74.91,29.13
34.25,-74.89,29.1
34.25,-74.87,29.1
34.25,-74.85,29.14
34.25,-74.83,29.15
34.25,-74.81,29.05
34.25,-74.69,28.92
34.25,-74.67,28.93
34.23,-74.95,28.97
34.23,-74.93,29.02
34.23,-74.91,29.07
34.23,-74.89,29.09
34.23,-74.87,29.11
34.23,-74.85,29.1
34.23,-74.83,29.06
34.23,-74.81,29.02
34.23,-74.69,28.91
34.21,-74.99,28.97
34.21,-74.97,28.98
34.21,-74.95,28.94
34.21,-74.93,28.99
34.21,-74.91,29.06
34.21,-74.89,29.03
34.21,-74.87,28.98
34.21,-74.85,28.84
34.21,-74.83,28.82
34.21,-74.69,28.9
34.19,-75.03,28.96
34.19,-75.01,28.98
34.19,-74.99,28.96
34.19,-74.97,28.93
34.19,-74.95,28.92
34.19,-74.93,28.94
34.19,-74.91,29.03
34.19,-74.89,29.03
34.19,-74.87,28.87
34.19,-74.85,28.75
34.17,-75.07,28.93
34.17,-75.05,28.94
34.17,-75.03,28.95
34.17,-75.01,28.96
34.17,-74.99,28.95
34.17,-74.97,28.94
34.17,-74.95,28.92
34.17,-74.93,28.85
34.17,-74.91,28.83
34.17,-74.89,28.79
34.17,-74.87,28.78
34.15,-75.07,28.96
34.15,-75.05,28.96
34.15,-75.03,28.96
34.15,-75.01,28.95
34.15,-74.99,28.95
34.15,-74.97,28.92
34.15,-74.95,28.89
34.15,-74.93,28.86
34.15,-74.91,28.82
34.15,-74.89,28.79
34.13,-75.07,28.97
34.13,-75.05,28.96
34.13,-75.03,29.01
34.13,-75.01,29.03
34.13,-74.99,29.0
34.11,-75.07,28.97
34.11,-75.05,29.08
