lat,lon,u,v,speed_ms,dir_deg,source,date
33.75,-78.83333,0.00636,0.00218,0.0067,71.1,CMEMS,2026-10-09
33.75,-78.75,0.00962,0.00526,0.011,61.3,CMEMS,2026-10-09
33.75,-78.66666,0.00967,0.00608,0.0114,57.8,CMEMS,2026-10-09
33.75,-78.58333,0.01299,0.00656,0.0145,63.2,CMEMS,2026-10-09
33.75,-78.5,0.01433,0.01009,0.0175,54.8,CMEMS,2026-10-09
33.75,-78.41666,0.02685,0.00963,0.0285,70.3,CMEMS,2026-10-09
33.75,-78.33333,0.03333,0.00956,0.0347,74.0,CMEMS,2026-10-09
33.75,-78.25,0.03233,0.00426,0.0326,82.5,CMEMS,2026-10-09
33.75,-78.16666,0.03703,-0.00865,0.038,103.1,CMEMS,2026-10-09
33.75,-78.08333,0.03649,-0.02666,0.0452,126.2,CMEMS,2026-10-09
33.75,-78.0,0.03121,-0.04095,0.0515,142.7,CMEMS,2026-10-09
33.75,-77.91666,0.03486,-0.03386,0.0486,134.2,CMEMS,2026-10-09
33.75,-77.83333,0.02554,-0.0061,0.0263,103.4,CMEMS,2026-10-09
33.75,-77.75,-0.00322,0.0037,0.0049,319.0,CMEMS,2026-10-09
33.75,-77.66666,-0.02389,0.02874,0.0374,320.3,CMEMS,2026-10-09
33.75,-77.58333,-0.025,0.05225,0.0579,334.4,CMEMS,2026-10-09
33.75,-77.5,-0.02415,0.06942,0.0735,340.8,CMEMS,2026-10-09
33.75,-77.41666,-0.01603,0.07809,0.0797,348.4,CMEMS,2026-10-09
33.75,-77.33333,-0.00722,0.07537,0.0757,354.5,CMEMS,2026-10-09
33.75,-77.25,-0.01087,0.06833,0.0692,351.0,CMEMS,2026-10-09
33.75,-77.16666,-0.00976,0.06148,0.0622,351.0,CMEMS,2026-10-09
33.75,-77.08333,-0.00343,0.0597,0.0598,356.7,CMEMS,2026-10-09
33.75,-77.0,0.006,0.06529,0.0656,5.2,CMEMS,2026-10-09
33.75,-76.91666,0.02635,0.08079,0.085,18.1,CMEMS,2026-10-09
33.75,-76.83333,0.05366,0.1072,0.1199,26.6,CMEMS,2026-10-09
33.75,-76.75,0.07553,0.13795,0.1573,28.7,CMEMS,2026-10-09
33.75,-76.66666,0.10723,0.18079,0.2102,30.7,CMEMS,2026-10-09
33.75,-76.58333,0.15785,0.25687,0.3015,31.6,CMEMS,2026-10-09
33.75,-76.5,0.22765,0.37547,0.4391,31.2,CMEMS,2026-10-09
33.75,-76.41666,0.31319,0.51685,0.6043,31.2,CMEMS,2026-10-09
33.75,-76.33333,0.40577,0.64821,0.7647,32.0,CMEMS,2026-10-09
33.75,-76.25,0.49715,0.75481,0.9038,33.4,CMEMS,2026-10-09
33.75,-76.16666,0.58085,0.83332,1.0158,34.9,CMEMS,2026-10-09
33.75,-76.08333,0.64859,0.87741,1.0911,36.5,CMEMS,2026-10-09
33.75,-76.0,0.69973,0.88286,1.1265,38.4,CMEMS,2026-10-09
33.75,-75.91666,0.72811,0.85741,1.1249,40.3,CMEMS,2026-10-09
33.75,-75.83333,0.72469,0.80458,1.0828,42.0,CMEMS,2026-10-09
33.75,-75.75,0.68934,0.71681,0.9945,43.9,CMEMS,2026-10-09
33.75,-75.66666,0.63064,0.59524,0.8672,46.7,CMEMS,2026-10-09
33.75,-75.58333,0.55099,0.46617,0.7217,49.8,CMEMS,2026-10-09
33.75,-75.5,0.44691,0.36831,0.5791,50.5,CMEMS,2026-10-09
33.75,-75.41666,0.33235,0.30268,0.4495,47.7,CMEMS,2026-10-09
33.75,-75.33333,0.23512,0.24077,0.3365,44.3,CMEMS,2026-10-09
33.75,-75.25,0.15264,0.17457,0.2319,41.2,CMEMS,2026-10-09
33.75,-75.16666,0.08778,0.10099,0.1338,41.0,CMEMS,2026-10-09
33.75,-75.08333,0.04587,-0.00769,0.0465,99.5,CMEMS,2026-10-09
33.75,-75.0,0.01381,-0.13048,0.1312,174.0,CMEMS,2026-10-09
33.75,-74.91666,-0.01285,-0.18229,0.1827,184.0,CMEMS,2026-10-09
33.75,-74.83333,-0.00878,-0.15875,0.159,183.2,CMEMS,2026-10-09
33.75,-74.75,-0.03104,-0.11043,0.1147,195.7,CMEMS,2026-10-09
33.75,-74.66666,-0.05241,-0.07773,0.0937,214.0,CMEMS,2026-10-09
33.75,-74.58333,-0.04898,-0.14049,0.1488,199.2,CMEMS,2026-10-09
33.75,-74.5,-0.05548,-0.24114,0.2474,193.0,CMEMS,2026-10-09
33.75,-74.41666,-0.03349,-0.35931,0.3609,185.3,CMEMS,2026-10-09
33.75,-74.33333,0.00654,-0.49343,0.4935,179.2,CMEMS,2026-10-09
33.75,-74.25,0.07431,-0.63788,0.6422,173.4,CMEMS,2026-10-09
33.75,-74.16666,0.16938,-0.73242,0.7518,167.0,CMEMS,2026-10-09
33.75,-74.08333,0.26485,-0.71201,0.7597,159.6,CMEMS,2026-10-09
33.75,-74.0,0.33947,-0.59314,0.6834,150.2,CMEMS,2026-10-09
33.75,-73.91666,0.40998,-0.45339,0.6113,137.9,CMEMS,2026-10-09
33.75,-73.83333,0.47803,-0.34813,0.5914,126.1,CMEMS,2026-10-09
33.75,-73.75,0.53324,-0.27595,0.6004,117.4,CMEMS,2026-10-09
33.75,-73.66666,0.57681,-0.21265,0.6148,110.2,CMEMS,2026-10-09
33.75,-73.58333,0.60843,-0.14408,0.6253,103.3,CMEMS,2026-10-09
33.75,-73.5,0.62737,-0.06745,0.631,96.1,CMEMS,2026-10-09
33.75,-73.41666,0.63026,0.01381,0.6304,88.7,CMEMS,2026-10-09
33.75,-73.33333,0.61597,0.09294,0.6229,81.4,CMEMS,2026-10-09
33.75,-73.25,0.58027,0.16577,0.6035,74.1,CMEMS,2026-10-09
33.75,-73.16666,0.52668,0.22841,0.5741,66.6,CMEMS,2026-10-09
33.75,-73.08333,0.45971,0.27842,0.5375,58.8,CMEMS,2026-10-09
33.75,-73.0,0.38415,0.31617,0.4975,50.5,CMEMS,2026-10-09
33.75,-72.91666,0.30814,0.33857,0.4578,42.3,CMEMS,2026-10-09
33.75,-72.83333,0.2347,0.34319,0.4158,34.4,CMEMS,2026-10-09
33.75,-72.75,0.16479,0.32918,0.3681,26.6,CMEMS,2026-10-09
33.75,-72.66666,0.1036,0.29668,0.3143,19.2,CMEMS,2026-10-09
33.75,-72.58333,0.05112,0.25512,0.2602,11.3,CMEMS,2026-10-09
33.75,-72.5,0.00815,0.21891,0.2191,2.1,CMEMS,2026-10-09
33.75,-72.41666,-0.01838,0.18905,0.1899,354.4,CMEMS,2026-10-09
33.75,-72.33333,-0.03159,0.1598,0.1629,348.8,CMEMS,2026-10-09
33.75,-72.25,-0.035,0.12687,0.1316,344.6,CMEMS,2026-10-09
33.83334,-78.66666,0.00961,0.00823,0.0127,49.4,CMEMS,2026-10-09
33.83334,-78.58333,0.01599,0.00969,0.0187,58.8,CMEMS,2026-10-09
33.83334,-78.5,0.01872,0.008,0.0204,66.9,CMEMS,2026-10-09
33.83334,-78.41666,0.02505,0.00702,0.026,74.3,CMEMS,2026-10-09
33.83334,-78.33333,0.03037,0.0077,0.0313,75.8,CMEMS,2026-10-09
33.83334,-78.25,0.03757,0.00354,0.0377,84.6,CMEMS,2026-10-09
33.83334,-78.16666,0.04276,-0.00731,0.0434,99.7,CMEMS,2026-10-09
33.83334,-78.08333,0.05107,-0.0188,0.0544,110.2,CMEMS,2026-10-09
33.83334,-78.0,0.05426,-0.02808,0.0611,117.4,CMEMS,2026-10-09
33.83334,-77.91666,0.03075,-0.02537,0.0399,129.5,CMEMS,2026-10-09
33.83334,-77.83333,-0.00346,-0.00255,0.0043,233.6,CMEMS,2026-10-09
33.83334,-77.75,-0.01443,0.01707,0.0224,319.8,CMEMS,2026-10-09
33.83334,-77.66666,-0.01619,0.03859,0.0418,337.2,CMEMS,2026-10-09
33.83334,-77.58333,-0.01695,0.05139,0.0541,341.7,CMEMS,2026-10-09
33.83334,-77.5,-0.00987,0.06231,0.0631,351.0,CMEMS,2026-10-09
33.83334,-77.41666,-0.00173,0.06952,0.0695,358.6,CMEMS,2026-10-09
33.83334,-77.33333,0.00252,0.07041,0.0705,2.0,CMEMS,2026-10-09
33.83334,-77.25,0.00596,0.06922,0.0695,4.9,CMEMS,2026-10-09
33.83334,-77.16666,0.01289,0.06482,0.0661,11.3,CMEMS,2026-10-09
33.83334,-77.08333,0.01555,0.05864,0.0607,14.8,CMEMS,2026-10-09
33.83334,-77.0,0.01658,0.05812,0.0604,15.9,CMEMS,2026-10-09
33.83334,-76.91666,0.02292,0.06295,0.067,20.0,CMEMS,2026-10-09
33.83334,-76.83333,0.03999,0.07459,0.0846,28.2,CMEMS,2026-10-09
33.83334,-76.75,0.07201,0.09805,0.1216,36.3,CMEMS,2026-10-09
33.83334,-76.66666,0.1111,0.13407,0.1741,39.6,CMEMS,2026-10-09
33.83334,-76.58333,0.16002,0.18808,0.2469,40.4,CMEMS,2026-10-09
33.83334,-76.5,0.22889,0.27468,0.3575,39.8,CMEMS,2026-10-09
33.83334,-76.41666,0.3091,0.39568,0.5021,38.0,CMEMS,2026-10-09
33.83334,-76.33333,0.39984,0.52749,0.6619,37.2,CMEMS,2026-10-09
33.83334,-76.25,0.49468,0.64267,0.811,37.6,CMEMS,2026-10-09
33.83334,-76.16666,0.58055,0.73309,0.9351,38.4,CMEMS,2026-10-09
33.83334,-76.08333,0.65818,0.7968,1.0335,39.6,CMEMS,2026-10-09
33.83334,-76.0,0.72789,0.83106,1.1048,41.2,CMEMS,2026-10-09
33.83334,-75.91666,0.77898,0.83517,1.1421,43.0,CMEMS,2026-10-09
33.83334,-75.83333,0.79462,0.81223,1.1363,44.4,CMEMS,2026-10-09
33.83334,-75.75,0.77611,0.76011,1.0863,45.6,CMEMS,2026-10-09
33.83334,-75.66666,0.73101,0.67396,0.9943,47.3,CMEMS,2026-10-09
33.83334,-75.58333,0.6656,0.56334,0.872,49.8,CMEMS,2026-10-09
33.83334,-75.5,0.58851,0.46429,0.7496,51.7,CMEMS,2026-10-09
33.83334,-75.41666,0.49129,0.40336,0.6357,50.6,CMEMS,2026-10-09
33.83334,-75.33333,0.38926,0.35326,0.5257,47.8,CMEMS,2026-10-09
33.83334,-75.25,0.30472,0.27924,0.4133,47.5,CMEMS,2026-10-09
33.83334,-75.16666,0.2189,0.17825,0.2823,50.8,CMEMS,2026-10-09
33.83334,-75.08333,0.1424,0.05245,0.1517,69.8,CMEMS,2026-10-09
33.83334,-75.0,0.08744,-0.08373,0.1211,133.8,CMEMS,2026-10-09
33.83334,-74.91666,0.04419,-0.16287,0.1688,164.8,CMEMS,2026-10-09
33.83334,-74.83333,0.04203,-0.15149,0.1572,164.5,CMEMS,2026-10-09
33.83334,-74.75,0.03835,-0.10842,0.115,160.5,CMEMS,2026-10-09
33.83334,-74.66666,0.02997,-0.08364,0.0889,160.3,CMEMS,2026-10-09
33.83334,-74.58333,0.02979,-0.14694,0.1499,168.5,CMEMS,2026-10-09
33.83334,-74.5,0.03338,-0.26058,0.2627,172.7,CMEMS,2026-10-09
33.83334,-74.41666,0.0574,-0.39965,0.4037,171.8,CMEMS,2026-10-09
33.83334,-74.33333,0.09379,-0.56233,0.5701,170.5,CMEMS,2026-10-09
33.83334,-74.25,0.16987,-0.73016,0.7497,166.9,CMEMS,2026-10-09
33.83334,-74.16666,0.26165,-0.82935,0.8696,162.5,CMEMS,2026-10-09
33.83334,-74.08333,0.33553,-0.7842,0.853,156.8,CMEMS,2026-10-09
33.83334,-74.0,0.37554,-0.63709,0.7395,149.5,CMEMS,2026-10-09
33.83334,-73.91666,0.43338,-0.48948,0.6538,138.5,CMEMS,2026-10-09
33.83334,-73.83333,0.50826,-0.39315,0.6426,127.7,CMEMS,2026-10-09
33.83334,-73.75,0.57598,-0.32776,0.6627,119.6,CMEMS,2026-10-09
33.83334,-73.66666,0.62726,-0.26054,0.6792,112.6,CMEMS,2026-10-09
33.83334,-73.58333,0.66143,-0.17836,0.6851,105.1,CMEMS,2026-10-09
33.83334,-73.5,0.68038,-0.08303,0.6854,97.0,CMEMS,2026-10-09
33.83334,-73.41666,0.68093,0.0179,0.6812,88.5,CMEMS,2026-10-09
33.83334,-73.33333,0.66103,0.11724,0.6713,79.9,CMEMS,2026-10-09
33.83334,-73.25,0.61895,0.20857,0.6531,71.4,CMEMS,2026-10-09
33.83334,-73.16666,0.55535,0.28737,0.6253,62.6,CMEMS,2026-10-09
33.83334,-73.08333,0.47935,0.3477,0.5922,54.0,CMEMS,2026-10-09
33.83334,-73.0,0.39542,0.38975,0.5552,45.4,CMEMS,2026-10-09
33.83334,-72.91666,0.31069,0.41467,0.5182,36.8,CMEMS,2026-10-09
33.83334,-72.83333,0.23171,0.41834,0.4782,29.0,CMEMS,2026-10-09
33.83334,-72.75,0.16221,0.39922,0.4309,22.1,CMEMS,2026-10-09
33.83334,-72.66666,0.10367,0.35971,0.3744,16.1,CMEMS,2026-10-09
33.83334,-72.58333,0.05185,0.30614,0.3105,9.6,CMEMS,2026-10-09
33.83334,-72.5,0.01133,0.25122,0.2515,2.6,CMEMS,2026-10-09
33.83334,-72.41666,-0.01001,0.20545,0.2057,357.2,CMEMS,2026-10-09
33.83334,-72.33333,-0.01534,0.16594,0.1666,354.7,CMEMS,2026-10-09
33.83334,-72.25,-0.00972,0.12397,0.1244,355.5,CMEMS,2026-10-09
33.91667,-78.5,0.01547,0.0083,0.0176,61.8,CMEMS,2026-10-09
33.91667,-78.41666,0.02039,0.00745,0.0217,69.9,CMEMS,2026-10-09
33.91667,-78.33333,0.0272,0.00593,0.0278,77.7,CMEMS,2026-10-09
33.91667,-78.25,0.03611,0.00109,0.0361,88.3,CMEMS,2026-10-09
33.91667,-78.16666,0.04726,-0.00876,0.0481,100.5,CMEMS,2026-10-09
33.91667,-78.08333,0.06072,-0.02088,0.0642,109.0,CMEMS,2026-10-09
33.91667,-78.0,0.05309,-0.01942,0.0565,110.1,CMEMS,2026-10-09
33.91667,-77.91666,0.02118,-0.00105,0.0212,92.8,CMEMS,2026-10-09
33.91667,-77.83333,-0.00177,0.0109,0.011,350.8,CMEMS,2026-10-09
33.91667,-77.75,-0.00991,0.02225,0.0244,336.0,CMEMS,2026-10-09
33.91667,-77.66666,-0.00735,0.03853,0.0392,349.2,CMEMS,2026-10-09
33.91667,-77.58333,-0.00109,0.04837,0.0484,358.7,CMEMS,2026-10-09
33.91667,-77.5,0.00619,0.05483,0.0552,6.4,CMEMS,2026-10-09
33.91667,-77.41666,0.0146,0.06082,0.0625,13.5,CMEMS,2026-10-09
33.91667,-77.33333,0.02444,0.06413,0.0686,20.9,CMEMS,2026-10-09
33.91667,-77.25,0.02982,0.06748,0.0738,23.8,CMEMS,2026-10-09
33.91667,-77.16666,0.03886,0.0646,0.0754,31.0,CMEMS,2026-10-09
33.91667,-77.08333,0.03961,0.05762,0.0699,34.5,CMEMS,2026-10-09
33.91667,-77.0,0.04259,0.05656,0.0708,37.0,CMEMS,2026-10-09
33.91667,-76.91666,0.04574,0.05969,0.0752,37.5,CMEMS,2026-10-09
33.91667,-76.83333,0.05169,0.06289,0.0814,39.4,CMEMS,2026-10-09
33.91667,-76.75,0.06688,0.07106,0.0976,43.3,CMEMS,2026-10-09
33.91667,-76.66666,0.09628,0.08569,0.1289,48.3,CMEMS,2026-10-09
33.91667,-76.58333,0.13545,0.11654,0.1787,49.3,CMEMS,2026-10-09
33.91667,-76.5,0.19449,0.17981,0.2649,47.2,CMEMS,2026-10-09
33.91667,-76.41666,0.278,0.27713,0.3925,45.1,CMEMS,2026-10-09
33.91667,-76.33333,0.37369,0.39938,0.5469,43.1,CMEMS,2026-10-09
33.91667,-76.25,0.47325,0.52291,0.7053,42.1,CMEMS,2026-10-09
33.91667,-76.16666,0.56927,0.62567,0.8459,42.3,CMEMS,2026-10-09
33.91667,-76.08333,0.65775,0.70471,0.964,43.0,CMEMS,2026-10-09
33.91667,-76.0,0.73845,0.75518,1.0562,44.4,CMEMS,2026-10-09
33.91667,-75.91666,0.79382,0.77532,1.1096,45.7,CMEMS,2026-10-09
33.91667,-75.83333,0.82297,0.7747,1.1302,46.7,CMEMS,2026-10-09
33.91667,-75.75,0.82609,0.75985,1.1224,47.4,CMEMS,2026-10-09
33.91667,-75.66666,0.80298,0.72541,1.0821,47.9,CMEMS,2026-10-09
33.91667,-75.58333,0.7494,0.65957,0.9983,48.6,CMEMS,2026-10-09
33.91667,-75.5,0.67953,0.56645,0.8847,50.2,CMEMS,2026-10-09
33.91667,-75.41666,0.60157,0.48345,0.7718,51.2,CMEMS,2026-10-09
33.91667,-75.33333,0.51209,0.43671,0.673,49.5,CMEMS,2026-10-09
33.91667,-75.25,0.4317,0.38612,0.5792,48.2,CMEMS,2026-10-09
33.91667,-75.16666,0.34438,0.29282,0.452,49.6,CMEMS,2026-10-09
33.91667,-75.08333,0.25501,0.15885,0.3004,58.1,CMEMS,2026-10-09
33.91667,-75.0,0.18057,0.00564,0.1807,88.2,CMEMS,2026-10-09
33.91667,-74.91666,0.11518,-0.11277,0.1612,134.4,CMEMS,2026-10-09
33.91667,-74.83333,0.08807,-0.13862,0.1642,147.6,CMEMS,2026-10-09
33.91667,-74.75,0.08787,-0.10592,0.1376,140.3,CMEMS,2026-10-09
33.91667,-74.66666,0.08449,-0.09258,0.1253,137.6,CMEMS,2026-10-09
33.91667,-74.58333,0.08822,-0.15528,0.1786,150.4,CMEMS,2026-10-09
33.91667,-74.5,0.09785,-0.28157,0.2981,160.8,CMEMS,2026-10-09
33.91667,-74.41666,0.11508,-0.44582,0.4604,165.5,CMEMS,2026-10-09
33.91667,-74.33333,0.16287,-0.63794,0.6584,165.7,CMEMS,2026-10-09
33.91667,-74.25,0.23896,-0.82839,0.8622,163.9,CMEMS,2026-10-09
33.91667,-74.16666,0.31905,-0.9172,0.9711,160.8,CMEMS,2026-10-09
33.91667,-74.08333,0.36075,-0.82902,0.9041,156.5,CMEMS,2026-10-09
33.91667,-74.0,0.37119,-0.65387,0.7519,150.4,CMEMS,2026-10-09
33.91667,-73.91666,0.4376,-0.52589,0.6841,140.2,CMEMS,2026-10-09
33.91667,-73.83333,0.523,-0.45858,0.6956,131.2,CMEMS,2026-10-09
33.91667,-73.75,0.58571,-0.39812,0.7082,124.2,CMEMS,2026-10-09
33.91667,-73.66666,0.62347,-0.31529,0.6987,116.8,CMEMS,2026-10-09
33.91667,-73.58333,0.6452,-0.20954,0.6784,108.0,CMEMS,2026-10-09
33.91667,-73.5,0.65327,-0.0913,0.6596,98.0,CMEMS,2026-10-09
33.91667,-73.41666,0.64757,0.03047,0.6483,87.3,CMEMS,2026-10-09
33.91667,-73.33333,0.62209,0.15029,0.64,76.4,CMEMS,2026-10-09
33.91667,-73.25,0.57868,0.2632,0.6357,65.5,CMEMS,2026-10-09
33.91667,-73.16666,0.51477,0.36294,0.6299,54.8,CMEMS,2026-10-09
33.91667,-73.08333,0.43709,0.43879,0.6193,44.9,CMEMS,2026-10-09
33.91667,-73.0,0.35487,0.48524,0.6012,36.2,CMEMS,2026-10-09
33.91667,-72.91666,0.27132,0.50541,0.5736,28.2,CMEMS,2026-10-09
33.91667,-72.83333,0.19534,0.50155,0.5382,21.3,CMEMS,2026-10-09
33.91667,-72.75,0.13247,0.47391,0.4921,15.6,CMEMS,2026-10-09
33.91667,-72.66666,0.08207,0.42398,0.4318,11.0,CMEMS,2026-10-09
33.91667,-72.58333,0.03827,0.35685,0.3589,6.1,CMEMS,2026-10-09
33.91667,-72.5,0.00492,0.28443,0.2845,1.0,CMEMS,2026-10-09
33.91667,-72.41666,-0.00946,0.21954,0.2197,357.5,CMEMS,2026-10-09
33.91667,-72.33333,-0.00656,0.16561,0.1657,357.7,CMEMS,2026-10-09
33.91667,-72.25,0.00575,0.11331,0.1135,2.9,CMEMS,2026-10-09
34.0,-77.83333,0.00242,0.01157,0.0118,11.8,CMEMS,2026-10-09
34.0,-77.75,-0.00294,0.02399,0.0242,353.0,CMEMS,2026-10-09
34.0,-77.66666,-0.0013,0.03142,0.0314,357.6,CMEMS,2026-10-09
34.0,-77.58333,0.00647,0.04114,0.0416,8.9,CMEMS,2026-10-09
34.0,-77.5,0.01488,0.04794,0.0502,17.2,CMEMS,2026-10-09
34.0,-77.41666,0.02473,0.05192,0.0575,25.5,CMEMS,2026-10-09
34.0,-77.33333,0.03231,0.05502,0.0638,30.4,CMEMS,2026-10-09
34.0,-77.25,0.04081,0.05957,0.0722,34.4,CMEMS,2026-10-09
34.0,-77.16666,0.05134,0.05966,0.0787,40.7,CMEMS,2026-10-09
34.0,-77.08333,0.05624,0.05374,0.0778,46.3,CMEMS,2026-10-09
34.0,-77.0,0.06184,0.05185,0.0807,50.0,CMEMS,2026-10-09
34.0,-76.91666,0.06546,0.05492,0.0854,50.0,CMEMS,2026-10-09
34.0,-76.83333,0.07527,0.05616,0.0939,53.3,CMEMS,2026-10-09
34.0,-76.75,0.08189,0.06087,0.102,53.4,CMEMS,2026-10-09
34.0,-76.66666,0.09368,0.07155,0.1179,52.6,CMEMS,2026-10-09
34.0,-76.58333,0.11517,0.08561,0.1435,53.4,CMEMS,2026-10-09
34.0,-76.5,0.15028,0.1114,0.1871,53.5,CMEMS,2026-10-09
34.0,-76.41666,0.21196,0.17689,0.2761,50.2,CMEMS,2026-10-09
34.0,-76.33333,0.30633,0.28278,0.4169,47.3,CMEMS,2026-10-09
34.0,-76.25,0.41443,0.40364,0.5785,45.8,CMEMS,2026-10-09
34.0,-76.16666,0.51949,0.5179,0.7335,45.1,CMEMS,2026-10-09
34.0,-76.08333,0.61749,0.60774,0.8664,45.5,CMEMS,2026-10-09
34.0,-76.0,0.70234,0.67075,0.9712,46.3,CMEMS,2026-10-09
34.0,-75.91666,0.77105,0.70788,1.0467,47.4,CMEMS,2026-10-09
34.0,-75.83333,0.81832,0.72568,1.0937,48.4,CMEMS,2026-10-09
34.0,-75.75,0.84654,0.73171,1.1189,49.2,CMEMS,2026-10-09
34.0,-75.66666,0.85006,0.72572,1.1177,49.5,CMEMS,2026-10-09
34.0,-75.58333,0.82281,0.703,1.0822,49.5,CMEMS,2026-10-09
34.0,-75.5,0.76343,0.65158,1.0037,49.5,CMEMS,2026-10-09
34.0,-75.41666,0.69336,0.5744,0.9004,50.4,CMEMS,2026-10-09
34.0,-75.33333,0.61449,0.50481,0.7953,50.6,CMEMS,2026-10-09
34.0,-75.25,0.53843,0.45584,0.7055,49.7,CMEMS,2026-10-09
34.0,-75.16666,0.4546,0.38675,0.5969,49.6,CMEMS,2026-10-09
34.0,-75.08333,0.36571,0.26941,0.4542,53.6,CMEMS,2026-10-09
34.0,-75.0,0.28647,0.11743,0.3096,67.7,CMEMS,2026-10-09
34.0,-74.91666,0.20992,-0.02577,0.2115,97.0,CMEMS,2026-10-09
34.0,-74.83333,0.15302,-0.0941,0.1796,121.6,CMEMS,2026-10-09
34.0,-74.75,0.13608,-0.09116,0.1638,123.8,CMEMS,2026-10-09
34.0,-74.66666,0.12873,-0.09613,0.1607,126.7,CMEMS,2026-10-09
34.0,-74.58333,0.13395,-0.16395,0.2117,140.8,CMEMS,2026-10-09
34.0,-74.5,0.14255,-0.301,0.3331,154.7,CMEMS,2026-10-09
34.0,-74.41666,0.16264,-0.48665,0.5131,161.5,CMEMS,2026-10-09
34.0,-74.33333,0.21402,-0.70761,0.7393,163.2,CMEMS,2026-10-09
34.0,-74.25,0.27789,-0.91055,0.952,163.0,CMEMS,2026-10-09
34.0,-74.16666,0.33694,-0.96853,1.0255,160.8,CMEMS,2026-10-09
34.0,-74.08333,0.33773,-0.83234,0.8982,157.9,CMEMS,2026-10-09
34.0,-74.0,0.33499,-0.66145,0.7414,153.1,CMEMS,2026-10-09
34.0,-73.91666,0.41565,-0.58178,0.715,144.5,CMEMS,2026-10-09
34.0,-73.83333,0.48133,-0.53252,0.7178,137.9,CMEMS,2026-10-09
34.0,-73.75,0.51277,-0.45114,0.683,131.3,CMEMS,2026-10-09
34.0,-73.66666,0.52906,-0.34091,0.6294,122.8,CMEMS,2026-10-09
34.0,-73.58333,0.53465,-0.21726,0.5771,112.1,CMEMS,2026-10-09
34.0,-73.5,0.52795,-0.0878,0.5352,99.4,CMEMS,2026-10-09
34.0,-73.41666,0.5108,0.04519,0.5128,84.9,CMEMS,2026-10-09
34.0,-73.33333,0.48506,0.17992,0.5174,69.6,CMEMS,2026-10-09
34.0,-73.25,0.45075,0.31213,0.5483,55.3,CMEMS,2026-10-09
34.0,-73.16666,0.39944,0.43254,0.5888,42.7,CMEMS,2026-10-09
34.0,-73.08333,0.33403,0.52638,0.6234,32.4,CMEMS,2026-10-09
34.0,-73.0,0.26651,0.58224,0.6403,24.6,CMEMS,2026-10-09
34.0,-72.91666,0.19714,0.59896,0.6306,18.2,CMEMS,2026-10-09
34.0,-72.83333,0.1308,0.58403,0.5985,12.6,CMEMS,2026-10-09
34.0,-72.75,0.08018,0.54313,0.549,8.4,CMEMS,2026-10-09
34.0,-72.66666,0.04312,0.48084,0.4828,5.1,CMEMS,2026-10-09
34.0,-72.58333,0.01135,0.40197,0.4021,1.6,CMEMS,2026-10-09
34.0,-72.5,-0.00964,0.31327,0.3134,358.2,CMEMS,2026-10-09
34.0,-72.41666,-0.01358,0.22825,0.2287,356.6,CMEMS,2026-10-09
34.0,-72.33333,-0.00556,0.1568,0.1569,358.0,CMEMS,2026-10-09
34.0,-72.25,0.01334,0.09455,0.0955,8.0,CMEMS,2026-10-09
34.08334,-77.83333,0.00327,0.01993,0.0202,9.3,CMEMS,2026-10-09
34.08334,-77.75,-0.00075,0.02287,0.0229,358.1,CMEMS,2026-10-09
34.08334,-77.66666,0.00031,0.0247,0.0247,0.7,CMEMS,2026-10-09
34.08334,-77.58333,0.0091,0.02758,0.029,18.3,CMEMS,2026-10-09
34.08334,-77.5,0.01923,0.03366,0.0388,29.7,CMEMS,2026-10-09
34.08334,-77.41666,0.02557,0.03896,0.0466,33.3,CMEMS,2026-10-09
34.08334,-77.33333,0.03361,0.04314,0.0547,37.9,CMEMS,2026-10-09
34.08334,-77.25,0.03666,0.04719,0.0598,37.8,CMEMS,2026-10-09
34.08334,-77.16666,0.04654,0.04884,0.0675,43.6,CMEMS,2026-10-09
34.08334,-77.08333,0.05622,0.04561,0.0724,50.9,CMEMS,2026-10-09
34.08334,-77.0,0.0614,0.0444,0.0758,54.1,CMEMS,2026-10-09
34.08334,-76.91666,0.06789,0.04526,0.0816,56.3,CMEMS,2026-10-09
34.08334,-76.83333,0.07943,0.04439,0.091,60.8,CMEMS,2026-10-09
34.08334,-76.75,0.08547,0.0461,0.0971,61.7,CMEMS,2026-10-09
34.08334,-76.66666,0.09784,0.05266,0.1111,61.7,CMEMS,2026-10-09
34.08334,-76.58333,0.11576,0.06451,0.1325,60.9,CMEMS,2026-10-09
34.08334,-76.5,0.14436,0.0864,0.1682,59.1,CMEMS,2026-10-09
34.08334,-76.41666,0.17755,0.12201,0.2154,55.5,CMEMS,2026-10-09
34.08334,-76.33333,0.22431,0.17995,0.2876,51.3,CMEMS,2026-10-09
34.08334,-76.25,0.3053,0.27702,0.4122,47.8,CMEMS,2026-10-09
34.08334,-76.16666,0.40571,0.39282,0.5647,45.9,CMEMS,2026-10-09
34.08334,-76.08333,0.51532,0.4946,0.7143,46.2,CMEMS,2026-10-09
34.08334,-76.0,0.61413,0.57245,0.8396,47.0,CMEMS,2026-10-09
34.08334,-75.91666,0.69727,0.62989,0.9397,47.9,CMEMS,2026-10-09
34.08334,-75.83333,0.76456,0.67015,1.0167,48.8,CMEMS,2026-10-09
34.08334,-75.75,0.81143,0.69574,1.0689,49.4,CMEMS,2026-10-09
34.08334,-75.66666,0.83809,0.70713,1.0966,49.8,CMEMS,2026-10-09
34.08334,-75.58333,0.83979,0.70678,1.0976,49.9,CMEMS,2026-10-09
34.08334,-75.5,0.81012,0.69185,1.0653,49.5,CMEMS,2026-10-09
34.08334,-75.41666,0.7554,0.64955,0.9963,49.3,CMEMS,2026-10-09
34.08334,-75.33333,0.68677,0.58427,0.9017,49.6,CMEMS,2026-10-09
34.08334,-75.25,0.61126,0.52237,0.8041,49.5,CMEMS,2026-10-09
34.08334,-75.16666,0.53089,0.45641,0.7001,49.3,CMEMS,2026-10-09
34.08334,-75.08333,0.44752,0.35705,0.5725,51.4,CMEMS,2026-10-09
34.08334,-75.0,0.37141,0.21201,0.4277,60.3,CMEMS,2026-10-09
34.08334,-74.91666,0.29177,0.05444,0.2968,79.4,CMEMS,2026-10-09
34.08334,-74.83333,0.21873,-0.04474,0.2233,101.6,CMEMS,2026-10-09
34.08334,-74.75,0.18263,-0.07101,0.196,111.2,CMEMS,2026-10-09
34.08334,-74.66666,0.16725,-0.09243,0.1911,118.9,CMEMS,2026-10-09
34.08334,-74.58333,0.16688,-0.16848,0.2371,135.3,CMEMS,2026-10-09
34.08334,-74.5,0.1745,-0.31465,0.3598,151.0,CMEMS,2026-10-09
34.08334,-74.41666,0.1935,-0.51943,0.5543,159.6,CMEMS,2026-10-09
34.08334,-74.33333,0.23795,-0.75934,0.7957,162.6,CMEMS,2026-10-09
34.08334,-74.25,0.2818,-0.95787,0.9985,163.6,CMEMS,2026-10-09
34.08334,-74.16666,0.30901,-0.97598,1.0237,162.4,CMEMS,2026-10-09
34.08334,-74.08333,0.26195,-0.80666,0.8481,162.0,CMEMS,2026-10-09
34.08334,-74.0,0.26308,-0.67064,0.7204,158.6,CMEMS,2026-10-09
34.08334,-73.91666,0.33559,-0.63254,0.716,152.1,CMEMS,2026-10-09
34.08334,-73.83333,0.34393,-0.5704,0.6661,148.9,CMEMS,2026-10-09
34.08334,-73.75,0.34774,-0.46058,0.5771,142.9,CMEMS,2026-10-09
34.08334,-73.66666,0.34792,-0.3354,0.4833,134.0,CMEMS,2026-10-09
34.08334,-73.58333,0.33205,-0.2023,0.3888,121.4,CMEMS,2026-10-09
34.08334,-73.5,0.30852,-0.06455,0.3152,101.8,CMEMS,2026-10-09
34.08334,-73.41666,0.28055,0.07497,0.2904,75.0,CMEMS,2026-10-09
34.08334,-73.33333,0.2528,0.21488,0.3318,49.6,CMEMS,2026-10-09
34.08334,-73.25,0.22266,0.35394,0.4182,32.2,CMEMS,2026-10-09
34.08334,-73.16666,0.18553,0.48329,0.5177,21.0,CMEMS,2026-10-09
34.08334,-73.08333,0.14406,0.58649,0.6039,13.8,CMEMS,2026-10-09
34.08334,-73.0,0.10281,0.64891,0.657,9.0,CMEMS,2026-10-09
34.08334,-72.91666,0.06249,0.66431,0.6672,5.4,CMEMS,2026-10-09
34.08334,-72.83333,0.02488,0.64051,0.641,2.2,CMEMS,2026-10-09
34.08334,-72.75,-0.00423,0.5877,0.5877,359.6,CMEMS,2026-10-09
34.08334,-72.66666,-0.01848,0.51499,0.5153,357.9,CMEMS,2026-10-09
34.08334,-72.58333,-0.02766,0.42686,0.4278,356.3,CMEMS,2026-10-09
34.08334,-72.5,-0.02976,0.32448,0.3258,354.8,CMEMS,2026-10-09
34.08334,-72.41666,-0.02127,0.22383,0.2248,354.6,CMEMS,2026-10-09
34.08334,-72.33333,-0.00649,0.13944,0.1396,357.3,CMEMS,2026-10-09
34.08334,-72.25,0.02354,0.07165,0.0754,18.2,CMEMS,2026-10-09
34.16667,-77.75,0.00915,0.02358,0.0253,21.2,CMEMS,2026-10-09
34.16667,-77.66666,0.0108,0.02236,0.0248,25.8,CMEMS,2026-10-09
34.16667,-77.58333,0.01511,0.01942,0.0246,37.9,CMEMS,2026-10-09
34.16667,-77.5,0.01699,0.02345,0.029,35.9,CMEMS,2026-10-09
34.16667,-77.41666,0.02359,0.02764,0.0363,40.5,CMEMS,2026-10-09
34.16667,-77.33333,0.03025,0.0319,0.044,43.5,CMEMS,2026-10-09
34.16667,-77.25,0.03712,0.03673,0.0522,45.3,CMEMS,2026-10-09
34.16667,-77.16666,0.04422,0.03845,0.0586,49.0,CMEMS,2026-10-09
34.16667,-77.08333,0.0481,0.03685,0.0606,52.5,CMEMS,2026-10-09
34.16667,-77.0,0.05474,0.03463,0.0648,57.7,CMEMS,2026-10-09
34.16667,-76.91666,0.05972,0.03387,0.0687,60.4,CMEMS,2026-10-09
34.16667,-76.83333,0.06716,0.03186,0.0743,64.6,CMEMS,2026-10-09
34.16667,-76.75,0.07672,0.03117,0.0828,67.9,CMEMS,2026-10-09
34.16667,-76.66666,0.08915,0.03335,0.0952,69.5,CMEMS,2026-10-09
34.16667,-76.58333,0.1072,0.03306,0.1122,72.9,CMEMS,2026-10-09
34.16667,-76.5,0.13516,0.04467,0.1424,71.7,CMEMS,2026-10-09
34.16667,-76.41666,0.17585,0.07374,0.1907,67.2,CMEMS,2026-10-09
34.16667,-76.33333,0.2281,0.1057,0.2514,65.1,CMEMS,2026-10-09
34.16667,-76.25,0.2745,0.18339,0.3301,56.3,CMEMS,2026-10-09
34.16667,-76.16666,0.32269,0.30587,0.4446,46.5,CMEMS,2026-10-09
34.16667,-76.08333,0.39903,0.39949,0.5646,45.0,CMEMS,2026-10-09
34.16667,-76.0,0.49088,0.45777,0.6712,47.0,CMEMS,2026-10-09
34.16667,-75.91666,0.58106,0.51162,0.7742,48.6,CMEMS,2026-10-09
34.16667,-75.83333,0.66402,0.56677,0.873,49.5,CMEMS,2026-10-09
34.16667,-75.75,0.73231,0.61944,0.9592,49.8,CMEMS,2026-10-09
34.16667,-75.66666,0.77834,0.66299,1.0224,49.6,CMEMS,2026-10-09
34.16667,-75.58333,0.79982,0.69299,1.0583,49.1,CMEMS,2026-10-09
34.16667,-75.5,0.79639,0.70904,1.0663,48.3,CMEMS,2026-10-09
34.16667,-75.41666,0.76804,0.70324,1.0414,47.5,CMEMS,2026-10-09
34.16667,-75.33333,0.71238,0.66756,0.9763,46.9,CMEMS,2026-10-09
34.16667,-75.25,0.64378,0.61127,0.8878,46.5,CMEMS,2026-10-09
34.16667,-75.16666,0.56943,0.54499,0.7882,46.3,CMEMS,2026-10-09
34.16667,-75.08333,0.49059,0.4555,0.6694,47.1,CMEMS,2026-10-09
34.16667,-75.0,0.41692,0.32378,0.5279,52.2,CMEMS,2026-10-09
34.16667,-74.91666,0.34686,0.16664,0.3848,64.3,CMEMS,2026-10-09
34.16667,-74.83333,0.2757,0.04203,0.2789,81.3,CMEMS,2026-10-09
34.16667,-74.75,0.22332,-0.02326,0.2245,95.9,CMEMS,2026-10-09
34.16667,-74.66666,0.19563,-0.07323,0.2089,110.5,CMEMS,2026-10-09
34.16667,-74.58333,0.1863,-0.16517,0.249,131.6,CMEMS,2026-10-09
34.16667,-74.5,0.18444,-0.32334,0.3722,150.3,CMEMS,2026-10-09
34.16667,-74.41666,0.19757,-0.54375,0.5785,160.0,CMEMS,2026-10-09
34.16667,-74.33333,0.23005,-0.79486,0.8275,163.9,CMEMS,2026-10-09
34.16667,-74.25,0.24393,-0.9782,1.0082,166.0,CMEMS,2026-10-09
34.16667,-74.16666,0.23509,-0.95086,0.9795,166.1,CMEMS,2026-10-09
34.16667,-74.08333,0.1478,-0.76975,0.7838,169.1,CMEMS,2026-10-09
34.16667,-74.0,0.15761,-0.6777,0.6958,166.9,CMEMS,2026-10-09
34.16667,-73.91666,0.18951,-0.65127,0.6783,163.8,CMEMS,2026-10-09
34.16667,-73.83333,0.14588,-0.56236,0.581,165.5,CMEMS,2026-10-09
34.16667,-73.75,0.14447,-0.44178,0.4648,161.9,CMEMS,2026-10-09
34.16667,-73.66666,0.11532,-0.31372,0.3342,159.8,CMEMS,2026-10-09
34.16667,-73.58333,0.0755,-0.17272,0.1885,156.4,CMEMS,2026-10-09
34.16667,-73.5,0.04339,-0.03167,0.0537,126.1,CMEMS,2026-10-09
34.16667,-73.41666,0.00647,0.10879,0.109,3.4,CMEMS,2026-10-09
34.16667,-73.33333,-0.02568,0.25163,0.2529,354.2,CMEMS,2026-10-09
34.16667,-73.25,-0.05627,0.39337,0.3974,351.9,CMEMS,2026-10-09
34.16667,-73.16666,-0.08156,0.52212,0.5284,351.1,CMEMS,2026-10-09
34.16667,-73.08333,-0.09983,0.62283,0.6308,350.9,CMEMS,2026-10-09
34.16667,-73.0,-0.10834,0.68099,0.6896,351.0,CMEMS,2026-10-09
34.16667,-72.91666,-0.11221,0.69083,0.6999,350.8,CMEMS,2026-10-09
34.16667,-72.83333,-0.11253,0.65984,0.6694,350.3,CMEMS,2026-10-09
34.16667,-72.75,-0.10706,0.60046,0.6099,349.9,CMEMS,2026-10-09
34.16667,-72.66666,-0.09155,0.52179,0.5298,350.0,CMEMS,2026-10-09
34.16667,-72.58333,-0.07559,0.42572,0.4324,349.9,CMEMS,2026-10-09
34.16667,-72.5,-0.05529,0.3147,0.3195,350.0,CMEMS,2026-10-09
34.16667,-72.41666,-0.03075,0.20568,0.208,351.5,CMEMS,2026-10-09
34.16667,-72.33333,-0.00146,0.11853,0.1185,359.3,CMEMS,2026-10-09
34.16667,-72.25,0.01603,0.04573,0.0485,19.3,CMEMS,2026-10-09
34.25,-77.75,0.01175,0.02351,0.0263,26.6,CMEMS,2026-10-09
34.25,-77.66666,0.01239,0.02133,0.0247,30.2,CMEMS,2026-10-09
34.25,-77.58333,0.0137,0.01741,0.0221,38.2,CMEMS,2026-10-09
34.25,-77.5,0.01575,0.01673,0.023,43.3,CMEMS,2026-10-09
34.25,-77.41666,0.02167,0.01926,0.029,48.4,CMEMS,2026-10-09
34.25,-77.33333,0.02832,0.02213,0.0359,52.0,CMEMS,2026-10-09
34.25,-77.25,0.03515,0.02704,0.0444,52.4,CMEMS,2026-10-09
34.25,-77.16666,0.04274,0.03024,0.0524,54.7,CMEMS,2026-10-09
34.25,-77.08333,0.04509,0.03209,0.0553,54.6,CMEMS,2026-10-09
34.25,-77.0,0.0468,0.02823,0.0547,58.9,CMEMS,2026-10-09
34.25,-76.91666,0.04952,0.02448,0.0552,63.7,CMEMS,2026-10-09
34.25,-76.83333,0.05825,0.0201,0.0616,71.0,CMEMS,2026-10-09
34.25,-76.75,0.06704,0.01605,0.0689,76.5,CMEMS,2026-10-09
34.25,-76.66666,0.07992,0.01351,0.0811,80.4,CMEMS,2026-10-09
34.25,-76.58333,0.10127,0.0066,0.1015,86.3,CMEMS,2026-10-09
34.25,-76.5,0.12397,0.00382,0.124,88.2,CMEMS,2026-10-09
34.25,-76.41666,0.14887,0.02393,0.1508,80.9,CMEMS,2026-10-09
34.25,-76.33333,0.16865,0.04872,0.1755,73.9,CMEMS,2026-10-09
34.25,-76.25,0.1774,0.08158,0.1953,65.3,CMEMS,2026-10-09
34.25,-76.16666,0.21027,0.19483,0.2867,47.2,CMEMS,2026-10-09
34.25,-76.08333,0.29143,0.33203,0.4418,41.3,CMEMS,2026-10-09
34.25,-76.0,0.37866,0.38815,0.5423,44.3,CMEMS,2026-10-09
34.25,-75.91666,0.44808,0.4081,0.6061,47.7,CMEMS,2026-10-09
34.25,-75.83333,0.52391,0.44478,0.6872,49.7,CMEMS,2026-10-09
34.25,-75.75,0.60126,0.50643,0.7861,49.9,CMEMS,2026-10-09
34.25,-75.66666,0.67116,0.57843,0.886,49.2,CMEMS,2026-10-09
34.25,-75.58333,0.71857,0.64506,0.9656,48.1,CMEMS,2026-10-09
34.25,-75.5,0.73567,0.6991,1.0149,46.5,CMEMS,2026-10-09
34.25,-75.41666,0.7292,0.73058,1.0322,44.9,CMEMS,2026-10-09
34.25,-75.33333,0.69585,0.73048,1.0089,43.6,CMEMS,2026-10-09
34.25,-75.25,0.63932,0.69878,0.9471,42.5,CMEMS,2026-10-09
34.25,-75.16666,0.57519,0.64157,0.8617,41.9,CMEMS,2026-10-09
34.25,-75.08333,0.50251,0.55723,0.7503,42.0,CMEMS,2026-10-09
34.25,-75.0,0.43227,0.43318,0.612,44.9,CMEMS,2026-10-09
34.25,-74.91666,0.36763,0.27746,0.4606,53.0,CMEMS,2026-10-09
34.25,-74.83333,0.29789,0.13548,0.3272,65.5,CMEMS,2026-10-09
34.25,-74.75,0.24316,0.04122,0.2466,80.4,CMEMS,2026-10-09
34.25,-74.66666,0.2101,-0.0358,0.2131,99.7,CMEMS,2026-10-09
34.25,-74.58333,0.18988,-0.14764,0.2405,127.9,CMEMS,2026-10-09
34.25,-74.5,0.18035,-0.31989,0.3672,150.6,CMEMS,2026-10-09
34.25,-74.41666,0.18381,-0.55468,0.5843,161.7,CMEMS,2026-10-09
34.25,-74.33333,0.19553,-0.81169,0.8349,166.5,CMEMS,2026-10-09
34.25,-74.25,0.18304,-0.9691,0.9862,169.3,CMEMS,2026-10-09
34.25,-74.16666,0.14599,-0.89597,0.9078,170.7,CMEMS,2026-10-09
34.25,-74.08333,0.03688,-0.72148,0.7224,177.1,CMEMS,2026-10-09
34.25,-74.0,0.04158,-0.66818,0.6695,176.4,CMEMS,2026-10-09
34.25,-73.91666,0.02801,-0.63209,0.6327,177.5,CMEMS,2026-10-09
34.25,-73.83333,-0.03965,-0.52544,0.5269,184.3,CMEMS,2026-10-09
34.25,-73.75,-0.05144,-0.404,0.4073,187.3,CMEMS,2026-10-09
34.25,-73.66666,-0.10899,-0.2681,0.2894,202.1,CMEMS,2026-10-09
34.25,-73.58333,-0.15161,-0.12094,0.1939,231.4,CMEMS,2026-10-09
34.25,-73.5,-0.19539,0.02076,0.1965,276.1,CMEMS,2026-10-09
34.25,-73.41666,-0.24092,0.16197,0.2903,303.9,CMEMS,2026-10-09
34.25,-73.33333,-0.27474,0.30162,0.408,317.7,CMEMS,2026-10-09
34.25,-73.25,-0.30244,0.43639,0.5309,325.3,CMEMS,2026-10-09
34.25,-73.16666,-0.31744,0.55547,0.6398,330.3,CMEMS,2026-10-09
34.25,-73.08333,-0.31593,0.64307,0.7165,333.8,CMEMS,2026-10-09
34.25,-73.0,-0.29506,0.68835,0.7489,336.8,CMEMS,2026-10-09
34.25,-72.91666,-0.26696,0.68864,0.7386,338.8,CMEMS,2026-10-09
34.25,-72.83333,-0.23463,0.65016,0.6912,340.2,CMEMS,2026-10-09
34.25,-72.75,-0.19733,0.58423,0.6167,341.3,CMEMS,2026-10-09
34.25,-72.66666,-0.15457,0.4999,0.5233,342.8,CMEMS,2026-10-09
34.25,-72.58333,-0.11506,0.39788,0.4142,343.9,CMEMS,2026-10-09
34.25,-72.5,-0.07694,0.2809,0.2913,344.7,CMEMS,2026-10-09
34.25,-72.41666,-0.03528,0.17095,0.1746,348.3,CMEMS,2026-10-09
34.25,-72.33333,0.00157,0.08728,0.0873,1.0,CMEMS,2026-10-09
34.25,-72.25,0.02408,0.01896,0.0307,51.8,CMEMS,2026-10-09
34.33334,-77.66666,0.00671,0.02004,0.0211,18.5,CMEMS,2026-10-09
34.33334,-77.58333,0.01547,0.0185,0.0241,39.9,CMEMS,2026-10-09
34.33334,-77.5,0.02267,0.01505,0.0272,56.4,CMEMS,2026-10-09
34.33334,-77.41666,0.0246,0.01297,0.0278,62.2,CMEMS,2026-10-09
34.33334,-77.33333,0.02993,0.01515,0.0335,63.1,CMEMS,2026-10-09
34.33334,-77.25,0.03648,0.01948,0.0414,61.9,CMEMS,2026-10-09
34.33334,-77.16666,0.03666,0.02589,0.0449,54.8,CMEMS,2026-10-09
34.33334,-77.08333,0.03952,0.02787,0.0484,54.8,CMEMS,2026-10-09
34.33334,-77.0,0.04374,0.02546,0.0506,59.8,CMEMS,2026-10-09
34.33334,-76.91666,0.04567,0.0206,0.0501,65.7,CMEMS,2026-10-09
34.33334,-76.83333,0.05069,0.01316,0.0524,75.4,CMEMS,2026-10-09
34.33334,-76.75,0.05488,0.00551,0.0552,84.3,CMEMS,2026-10-09
34.33334,-76.66666,0.06556,-0.00561,0.0658,94.9,CMEMS,2026-10-09
34.33334,-76.58333,0.08144,-0.02259,0.0845,105.5,CMEMS,2026-10-09
34.33334,-76.5,0.10574,-0.03139,0.1103,106.5,CMEMS,2026-10-09
34.33334,-76.41666,0.12299,-0.00419,0.1231,92.0,CMEMS,2026-10-09
34.33334,-76.33333,0.12979,0.04812,0.1384,69.7,CMEMS,2026-10-09
34.33334,-76.25,0.0965,0.08332,0.1275,49.2,CMEMS,2026-10-09
34.33334,-76.16666,0.07455,0.14166,0.1601,27.8,CMEMS,2026-10-09
34.33334,-76.08333,0.13216,0.24432,0.2778,28.4,CMEMS,2026-10-09
34.33334,-76.0,0.23449,0.30604,0.3855,37.5,CMEMS,2026-10-09
34.33334,-75.91666,0.3157,0.33487,0.4602,43.3,CMEMS,2026-10-09
34.33334,-75.83333,0.37157,0.36225,0.5189,45.7,CMEMS,2026-10-09
34.33334,-75.75,0.43406,0.41341,0.5994,46.4,CMEMS,2026-10-09
34.33334,-75.66666,0.5051,0.49081,0.7043,45.8,CMEMS,2026-10-09
34.33334,-75.58333,0.57183,0.57915,0.8139,44.6,CMEMS,2026-10-09
34.33334,-75.5,0.61518,0.66454,0.9056,42.8,CMEMS,2026-10-09
34.33334,-75.41666,0.63302,0.73148,0.9674,40.9,CMEMS,2026-10-09
34.33334,-75.33333,0.62681,0.76478,0.9888,39.3,CMEMS,2026-10-09
34.33334,-75.25,0.59403,0.7613,0.9656,38.0,CMEMS,2026-10-09
34.33334,-75.16666,0.54521,0.72298,0.9055,37.0,CMEMS,2026-10-09
34.33334,-75.08333,0.48655,0.64698,0.8095,36.9,CMEMS,2026-10-09
34.33334,-75.0,0.42686,0.52845,0.6793,38.9,CMEMS,2026-10-09
34.33334,-74.91666,0.36932,0.37489,0.5262,44.6,CMEMS,2026-10-09
34.33334,-74.83333,0.3063,0.2242,0.3796,53.8,CMEMS,2026-10-09
34.33334,-74.75,0.25348,0.10783,0.2755,67.0,CMEMS,2026-10-09
34.33334,-74.66666,0.21409,0.00782,0.2142,87.9,CMEMS,2026-10-09
34.33334,-74.58333,0.18634,-0.11795,0.2205,122.3,CMEMS,2026-10-09
34.33334,-74.5,0.16388,-0.29999,0.3418,151.4,CMEMS,2026-10-09
34.33334,-74.41666,0.14898,-0.54416,0.5642,164.7,CMEMS,2026-10-09
34.33334,-74.33333,0.13218,-0.79961,0.8105,170.6,CMEMS,2026-10-09
34.33334,-74.25,0.09352,-0.93063,0.9353,174.3,CMEMS,2026-10-09
34.33334,-74.16666,0.03801,-0.8273,0.8282,177.4,CMEMS,2026-10-09
34.33334,-74.08333,-0.0784,-0.6638,0.6684,186.7,CMEMS,2026-10-09
34.33334,-74.0,-0.09475,-0.62622,0.6333,188.6,CMEMS,2026-10-09
34.33334,-73.91666,-0.1445,-0.57835,0.5961,194.0,CMEMS,2026-10-09
34.33334,-73.83333,-0.21763,-0.46886,0.5169,204.9,CMEMS,2026-10-09
34.33334,-73.75,-0.2499,-0.34701,0.4276,215.8,CMEMS,2026-10-09
34.33334,-73.66666,-0.31713,-0.20619,0.3783,237.0,CMEMS,2026-10-09
34.33334,-73.58333,-0.36183,-0.05837,0.3665,260.8,CMEMS,2026-10-09
34.33334,-73.5,-0.41064,0.08279,0.4189,281.4,CMEMS,2026-10-09
34.33334,-73.41666,-0.45147,0.21999,0.5022,296.0,CMEMS,2026-10-09
34.33334,-73.33333,-0.47888,0.35057,0.5935,306.2,CMEMS,2026-10-09
34.33334,-73.25,-0.49651,0.4698,0.6835,313.4,CMEMS,2026-10-09
34.33334,-73.16666,-0.49342,0.56753,0.752,319.0,CMEMS,2026-10-09
34.33334,-73.08333,-0.46772,0.63315,0.7872,323.5,CMEMS,2026-10-09
34.33334,-73.0,-0.42389,0.6597,0.7841,327.3,CMEMS,2026-10-09
34.33334,-72.91666,-0.37132,0.64697,0.746,330.1,CMEMS,2026-10-09
34.33334,-72.83333,-0.31352,0.60232,0.679,332.5,CMEMS,2026-10-09
34.33334,-72.75,-0.25066,0.53477,0.5906,334.9,CMEMS,2026-10-09
34.33334,-72.66666,-0.19257,0.4467,0.4864,336.7,CMEMS,2026-10-09
34.33334,-72.58333,-0.14087,0.33728,0.3655,337.3,CMEMS,2026-10-09
34.33334,-72.5,-0.08526,0.22069,0.2366,338.9,CMEMS,2026-10-09
34.33334,-72.41666,-0.024,0.12203,0.1244,348.9,CMEMS,2026-10-09
34.33334,-72.33333,-0.00811,0.04958,0.0502,350.7,CMEMS,2026-10-09
34.33334,-72.25,0.03441,0.00633,0.035,79.6,CMEMS,2026-10-09
34.41667,-77.58333,0.00441,0.01663,0.0172,14.8,CMEMS,2026-10-09
34.41667,-77.5,0.01857,0.01465,0.0237,51.7,CMEMS,2026-10-09
34.41667,-77.41666,0.02626,0.01275,0.0292,64.1,CMEMS,2026-10-09
34.41667,-77.33333,0.03147,0.01056,0.0332,71.5,CMEMS,2026-10-09
34.41667,-77.25,0.03529,0.01485,0.0383,67.2,CMEMS,2026-10-09
34.41667,-77.16666,0.03019,0.02283,0.0378,52.9,CMEMS,2026-10-09
34.41667,-77.08333,0.03063,0.02282,0.0382,53.3,CMEMS,2026-10-09
34.41667,-77.0,0.03717,0.0201,0.0423,61.6,CMEMS,2026-10-09
34.41667,-76.91666,0.04066,0.01637,0.0438,68.1,CMEMS,2026-10-09
34.41667,-76.83333,0.0436,0.00791,0.0443,79.7,CMEMS,2026-10-09
34.41667,-76.75,0.04582,-0.00222,0.0459,92.8,CMEMS,2026-10-09
34.41667,-76.66666,0.04953,-0.01769,0.0526,109.7,CMEMS,2026-10-09
34.41667,-76.58333,0.07135,-0.034,0.079,115.5,CMEMS,2026-10-09
34.41667,-76.5,0.09206,-0.0438,0.1019,115.4,CMEMS,2026-10-09
34.41667,-76.41666,0.08384,-0.03121,0.0895,110.4,CMEMS,2026-10-09
34.41667,-76.33333,0.06142,0.03022,0.0685,63.8,CMEMS,2026-10-09
34.41667,-76.25,0.0268,0.09753,0.1011,15.4,CMEMS,2026-10-09
34.41667,-76.16666,-0.00208,0.15178,0.1518,359.2,CMEMS,2026-10-09
34.41667,-76.08333,0.03078,0.19471,0.1971,9.0,CMEMS,2026-10-09
34.41667,-76.0,0.10812,0.21532,0.2409,26.7,CMEMS,2026-10-09
34.41667,-75.91666,0.20648,0.25805,0.3305,38.7,CMEMS,2026-10-09
34.41667,-75.83333,0.27509,0.3136,0.4172,41.3,CMEMS,2026-10-09
34.41667,-75.75,0.31587,0.36301,0.4812,41.0,CMEMS,2026-10-09
34.41667,-75.66666,0.35975,0.42706,0.5584,40.1,CMEMS,2026-10-09
34.41667,-75.58333,0.41074,0.5155,0.6591,38.5,CMEMS,2026-10-09
34.41667,-75.5,0.4621,0.61704,0.7709,36.8,CMEMS,2026-10-09
34.41667,-75.41666,0.50177,0.71164,0.8708,35.2,CMEMS,2026-10-09
34.41667,-75.33333,0.51823,0.77578,0.9329,33.7,CMEMS,2026-10-09
34.41667,-75.25,0.51168,0.79926,0.949,32.6,CMEMS,2026-10-09
34.41667,-75.16666,0.48441,0.78108,0.9191,31.8,CMEMS,2026-10-09
34.41667,-75.08333,0.44524,0.7161,0.8432,31.9,CMEMS,2026-10-09
34.41667,-75.0,0.40412,0.60202,0.7251,33.9,CMEMS,2026-10-09
34.41667,-74.91666,0.35777,0.45284,0.5771,38.3,CMEMS,2026-10-09
34.41667,-74.83333,0.30431,0.30456,0.4305,45.0,CMEMS,2026-10-09
34.41667,-74.75,0.25668,0.17914,0.313,55.1,CMEMS,2026-10-09
34.41667,-74.66666,0.21501,0.06149,0.2236,74.0,CMEMS,2026-10-09
34.41667,-74.58333,0.17352,-0.07934,0.1908,114.6,CMEMS,2026-10-09
34.41667,-74.5,0.13464,-0.26849,0.3004,153.4,CMEMS,2026-10-09
34.41667,-74.41666,0.09442,-0.51454,0.5231,169.6,CMEMS,2026-10-09
34.41667,-74.33333,0.04484,-0.76578,0.7671,176.6,CMEMS,2026-10-09
34.41667,-74.25,-0.01275,-0.88191,0.882,180.8,CMEMS,2026-10-09
34.41667,-74.16666,-0.07592,-0.76623,0.77,185.7,CMEMS,2026-10-09
34.41667,-74.08333,-0.19672,-0.60497,0.6361,198.0,CMEMS,2026-10-09
34.41667,-74.0,-0.24175,-0.56472,0.6143,203.2,CMEMS,2026-10-09
34.41667,-73.91666,-0.31357,-0.51167,0.6001,211.5,CMEMS,2026-10-09
34.41667,-73.83333,-0.40192,-0.40371,0.5697,224.9,CMEMS,2026-10-09
34.41667,-73.75,-0.4499,-0.2838,0.5319,237.8,CMEMS,2026-10-09
34.41667,-73.66666,-0.52374,-0.14578,0.5436,254.4,CMEMS,2026-10-09
34.41667,-73.58333,-0.5731,-0.00342,0.5731,269.7,CMEMS,2026-10-09
34.41667,-73.5,-0.62145,0.13224,0.6354,282.0,CMEMS,2026-10-09
34.41667,-73.41666,-0.6542,0.26041,0.7041,291.7,CMEMS,2026-10-09
34.41667,-73.33333,-0.67042,0.37634,0.7688,299.3,CMEMS,2026-10-09
34.41667,-73.25,-0.66659,0.47452,0.8182,305.4,CMEMS,2026-10-09
34.41667,-73.16666,-0.63387,0.54854,0.8383,310.9,CMEMS,2026-10-09
34.41667,-73.08333,-0.58187,0.59254,0.8305,315.5,CMEMS,2026-10-09
34.41667,-73.0,-0.51416,0.60297,0.7924,319.5,CMEMS,2026-10-09
34.41667,-72.91666,-0.43943,0.58159,0.7289,322.9,CMEMS,2026-10-09
34.41667,-72.83333,-0.36205,0.5331,0.6444,325.8,CMEMS,2026-10-09
34.41667,-72.75,-0.28772,0.46051,0.543,328.0,CMEMS,2026-10-09
34.41667,-72.66666,-0.21673,0.36549,0.4249,329.3,CMEMS,2026-10-09
34.41667,-72.58333,-0.14017,0.25678,0.2926,331.4,CMEMS,2026-10-09
34.41667,-72.5,-0.0626,0.1542,0.1664,337.9,CMEMS,2026-10-09
34.41667,-72.41666,-0.02835,0.07988,0.0848,340.5,CMEMS,2026-10-09
34.41667,-72.33333,-0.01482,0.04195,0.0445,340.5,CMEMS,2026-10-09
34.41667,-72.25,-0.05038,0.02818,0.0577,299.2,CMEMS,2026-10-09
34.5,-77.41666,0.01208,0.01154,0.0167,46.3,CMEMS,2026-10-09
34.5,-77.33333,0.02375,0.01343,0.0273,60.5,CMEMS,2026-10-09
34.5,-77.25,0.02578,0.01956,0.0324,52.8,CMEMS,2026-10-09
34.5,-77.16666,0.0264,0.02419,0.0358,47.5,CMEMS,2026-10-09
34.5,-77.08333,0.02736,0.01986,0.0338,54.0,CMEMS,2026-10-09
34.5,-77.0,0.0296,0.01294,0.0323,66.4,CMEMS,2026-10-09
34.5,-76.91666,0.0318,0.01109,0.0337,70.8,CMEMS,2026-10-09
34.5,-76.83333,0.03667,0.0053,0.037,81.8,CMEMS,2026-10-09
34.5,-76.75,0.0416,-0.00378,0.0418,95.2,CMEMS,2026-10-09
34.5,-76.66666,0.0484,-0.0264,0.0551,118.6,CMEMS,2026-10-09
34.5,-76.58333,0.08502,-0.04443,0.0959,117.6,CMEMS,2026-10-09
34.5,-76.5,0.09623,-0.03092,0.1011,107.8,CMEMS,2026-10-09
34.5,-76.41666,0.0472,-0.00327,0.0473,94.0,CMEMS,2026-10-09
34.5,-76.33333,-0.01407,0.04026,0.0426,340.7,CMEMS,2026-10-09
34.5,-76.25,-0.02592,0.09654,0.1,345.0,CMEMS,2026-10-09
34.5,-76.16666,-0.03131,0.14563,0.149,347.9,CMEMS,2026-10-09
34.5,-76.08333,0.02,0.16145,0.1627,7.1,CMEMS,2026-10-09
34.5,-76.0,0.03898,0.12794,0.1337,16.9,CMEMS,2026-10-09
34.5,-75.91666,0.10467,0.13644,0.172,37.5,CMEMS,2026-10-09
34.5,-75.83333,0.17977,0.22996,0.2919,38.0,CMEMS,2026-10-09
34.5,-75.75,0.22786,0.31653,0.39,35.7,CMEMS,2026-10-09
34.5,-75.66666,0.2556,0.37639,0.455,34.2,CMEMS,2026-10-09
34.5,-75.58333,0.29524,0.45325,0.5409,33.1,CMEMS,2026-10-09
34.5,-75.5,0.34126,0.55826,0.6543,31.4,CMEMS,2026-10-09
34.5,-75.41666,0.38952,0.67349,0.778,30.0,CMEMS,2026-10-09
34.5,-75.33333,0.41764,0.76972,0.8757,28.5,CMEMS,2026-10-09
34.5,-75.25,0.4307,0.82698,0.9324,27.5,CMEMS,2026-10-09
34.5,-75.16666,0.42225,0.83557,0.9362,26.8,CMEMS,2026-10-09
34.5,-75.08333,0.40125,0.78799,0.8843,27.0,CMEMS,2026-10-09
34.5,-75.0,0.37507,0.68256,0.7788,28.8,CMEMS,2026-10-09
34.5,-74.91666,0.33639,0.53505,0.632,32.2,CMEMS,2026-10-09
34.5,-74.83333,0.29121,0.38208,0.4804,37.3,CMEMS,2026-10-09
34.5,-74.75,0.24968,0.24565,0.3503,45.5,CMEMS,2026-10-09
34.5,-74.66666,0.20213,0.11614,0.2331,60.1,CMEMS,2026-10-09
34.5,-74.58333,0.15235,-0.02849,0.155,100.6,CMEMS,2026-10-09
34.5,-74.5,0.10434,-0.21461,0.2386,154.1,CMEMS,2026-10-09
34.5,-74.41666,0.04232,-0.45557,0.4575,174.7,CMEMS,2026-10-09
34.5,-74.33333,-0.03462,-0.70104,0.7019,182.8,CMEMS,2026-10-09
34.5,-74.25,-0.10248,-0.81595,0.8224,187.2,CMEMS,2026-10-09
34.5,-74.16666,-0.16446,-0.70193,0.7209,193.2,CMEMS,2026-10-09
34.5,-74.08333,-0.28223,-0.52967,0.6002,208.1,CMEMS,2026-10-09
34.5,-74.0,-0.34818,-0.47527,0.5892,216.2,CMEMS,2026-10-09
34.5,-73.91666,-0.42768,-0.42456,0.6026,225.2,CMEMS,2026-10-09
34.5,-73.83333,-0.5305,-0.32186,0.6205,238.8,CMEMS,2026-10-09
34.5,-73.75,-0.58278,-0.20904,0.6191,250.3,CMEMS,2026-10-09
34.5,-73.66666,-0.66246,-0.08329,0.6677,262.8,CMEMS,2026-10-09
34.5,-73.58333,-0.70875,0.04553,0.7102,273.7,CMEMS,2026-10-09
34.5,-73.5,-0.75228,0.16765,0.7707,282.6,CMEMS,2026-10-09
34.5,-73.41666,-0.77046,0.2799,0.8197,290.0,CMEMS,2026-10-09
34.5,-73.33333,-0.76857,0.37695,0.856,296.1,CMEMS,2026-10-09
34.5,-73.25,-0.74116,0.45452,0.8694,301.5,CMEMS,2026-10-09
34.5,-73.16666,-0.68741,0.50847,0.855,306.5,CMEMS,2026-10-09
34.5,-73.08333,-0.62098,0.53513,0.8197,310.8,CMEMS,2026-10-09
34.5,-73.0,-0.54226,0.53293,0.7603,314.5,CMEMS,2026-10-09
34.5,-72.91666,-0.46107,0.50311,0.6824,317.5,CMEMS,2026-10-09
34.5,-72.83333,-0.3766,0.44782,0.5851,319.9,CMEMS,2026-10-09
34.5,-72.75,-0.28585,0.37023,0.4677,322.3,CMEMS,2026-10-09
34.5,-72.66666,-0.18878,0.27738,0.3355,325.8,CMEMS,2026-10-09
34.5,-72.58333,-0.10212,0.18318,0.2097,330.9,CMEMS,2026-10-09
34.5,-72.5,-0.069,0.11074,0.1305,328.1,CMEMS,2026-10-09
34.5,-72.41666,-0.08136,0.07157,0.1084,311.3,CMEMS,2026-10-09
34.5,-72.33333,-0.09935,0.05361,0.1129,298.3,CMEMS,2026-10-09
34.5,-72.25,-0.10017,0.03447,0.1059,289.0,CMEMS,2026-10-09
34.58334,-77.16666,0.012,0.02531,0.028,25.4,CMEMS,2026-10-09
34.58334,-77.08333,0.01774,0.01901,0.026,43.0,CMEMS,2026-10-09
34.58334,-77.0,0.02853,0.00667,0.0293,76.8,CMEMS,2026-10-09
34.58334,-76.91666,0.03774,0.00355,0.0379,84.6,CMEMS,2026-10-09
34.58334,-76.83333,0.04256,0.00359,0.0427,85.2,CMEMS,2026-10-09
34.58334,-76.75,0.04394,0.00045,0.0439,89.4,CMEMS,2026-10-09
34.58334,-76.66666,0.04302,-0.01424,0.0453,108.3,CMEMS,2026-10-09
34.58334,-76.58333,0.07127,-0.03862,0.0811,118.5,CMEMS,2026-10-09
34.58334,-76.5,0.06297,-0.02527,0.0679,111.9,CMEMS,2026-10-09
34.58334,-76.41666,0.01494,0.02869,0.0323,27.5,CMEMS,2026-10-09
34.58334,-76.33333,-0.02507,0.07797,0.0819,342.2,CMEMS,2026-10-09
34.58334,-76.25,-0.02743,0.10916,0.1126,345.9,CMEMS,2026-10-09
34.58334,-76.16666,-0.00624,0.12853,0.1287,357.2,CMEMS,2026-10-09
34.58334,-76.08333,0.02458,0.13855,0.1407,10.1,CMEMS,2026-10-09
34.58334,-76.0,0.03987,0.11254,0.1194,19.5,CMEMS,2026-10-09
34.58334,-75.91666,0.0377,0.06792,0.0777,29.0,CMEMS,2026-10-09
34.58334,-75.83333,0.0934,0.13732,0.1661,34.2,CMEMS,2026-10-09
34.58334,-75.75,0.13793,0.27167,0.3047,26.9,CMEMS,2026-10-09
34.58334,-75.66666,0.1696,0.34464,0.3841,26.2,CMEMS,2026-10-09
34.58334,-75.58333,0.19778,0.40942,0.4547,25.8,CMEMS,2026-10-09
34.58334,-75.5,0.24389,0.50324,0.5592,25.9,CMEMS,2026-10-09
34.58334,-75.41666,0.29514,0.62456,0.6908,25.3,CMEMS,2026-10-09
34.58334,-75.33333,0.33359,0.74769,0.8187,24.0,CMEMS,2026-10-09
34.58334,-75.25,0.3597,0.83786,0.9118,23.2,CMEMS,2026-10-09
34.58334,-75.16666,0.37142,0.87449,0.9501,23.0,CMEMS,2026-10-09
34.58334,-75.08333,0.36747,0.84677,0.9231,23.5,CMEMS,2026-10-09
34.58334,-75.0,0.35471,0.75387,0.8331,25.2,CMEMS,2026-10-09
34.58334,-74.91666,0.32443,0.6158,0.696,27.8,CMEMS,2026-10-09
34.58334,-74.83333,0.28484,0.46854,0.5483,31.3,CMEMS,2026-10-09
34.58334,-74.75,0.24687,0.33094,0.4129,36.7,CMEMS,2026-10-09
34.58334,-74.66666,0.20062,0.19696,0.2811,45.5,CMEMS,2026-10-09
34.58334,-74.58333,0.15442,0.05056,0.1625,71.9,CMEMS,2026-10-09
34.58334,-74.5,0.08539,-0.13386,0.1588,147.5,CMEMS,2026-10-09
34.58334,-74.41666,0.00848,-0.3673,0.3674,178.7,CMEMS,2026-10-09
34.58334,-74.33333,-0.08257,-0.60814,0.6137,187.7,CMEMS,2026-10-09
34.58334,-74.25,-0.16286,-0.73857,0.7563,192.4,CMEMS,2026-10-09
34.58334,-74.16666,-0.21971,-0.64486,0.6813,198.8,CMEMS,2026-10-09
34.58334,-74.08333,-0.31698,-0.44961,0.5501,215.2,CMEMS,2026-10-09
34.58334,-74.0,-0.39803,-0.36209,0.5381,227.7,CMEMS,2026-10-09
34.58334,-73.91666,-0.47314,-0.32032,0.5714,235.9,CMEMS,2026-10-09
34.58334,-73.83333,-0.58424,-0.22835,0.6273,248.7,CMEMS,2026-10-09
34.58334,-73.75,-0.63616,-0.12523,0.6484,258.9,CMEMS,2026-10-09
34.58334,-73.66666,-0.7098,-0.01873,0.71,268.5,CMEMS,2026-10-09
34.58334,-73.58333,-0.75079,0.09067,0.7562,276.9,CMEMS,2026-10-09
34.58334,-73.5,-0.78201,0.19007,0.8048,283.7,CMEMS,2026-10-09
34.58334,-73.41666,-0.78866,0.27872,0.8365,289.5,CMEMS,2026-10-09
34.58334,-73.33333,-0.77336,0.35092,0.8493,294.4,CMEMS,2026-10-09
34.58334,-73.25,-0.73681,0.40339,0.84,298.7,CMEMS,2026-10-09
34.58334,-73.16666,-0.67732,0.43389,0.8044,302.6,CMEMS,2026-10-09
34.58334,-73.08333,-0.60742,0.44066,0.7504,306.0,CMEMS,2026-10-09
34.58334,-73.0,-0.52292,0.42387,0.6731,309.0,CMEMS,2026-10-09
34.58334,-72.91666,-0.43373,0.38493,0.5799,311.6,CMEMS,2026-10-09
34.58334,-72.83333,-0.33089,0.32665,0.465,314.6,CMEMS,2026-10-09
34.58334,-72.75,-0.22527,0.25687,0.3417,318.7,CMEMS,2026-10-09
34.58334,-72.66666,-0.14784,0.1857,0.2374,321.5,CMEMS,2026-10-09
34.58334,-72.58333,-0.12785,0.12882,0.1815,315.2,CMEMS,2026-10-09
34.58334,-72.5,-0.14325,0.09376,0.1712,303.2,CMEMS,2026-10-09
34.58334,-72.41666,-0.14034,0.07123,0.1574,296.9,CMEMS,2026-10-09
34.58334,-72.33333,-0.12167,0.04725,0.1305,291.2,CMEMS,2026-10-09
34.58334,-72.25,-0.10101,0.01551,0.1022,278.7,CMEMS,2026-10-09
34.66667,-77.08333,0.01209,0.01628,0.0203,36.6,CMEMS,2026-10-09
34.66667,-77.0,0.02816,0.00932,0.0297,71.7,CMEMS,2026-10-09
34.66667,-76.91666,0.03147,0.00451,0.0318,81.8,CMEMS,2026-10-09
34.66667,-76.83333,0.02682,0.00235,0.0269,85.0,CMEMS,2026-10-09
34.66667,-76.75,0.0577,-0.00319,0.0578,93.2,CMEMS,2026-10-09
34.66667,-76.66666,0.06524,-0.01522,0.067,103.1,CMEMS,2026-10-09
34.66667,-76.58333,0.084,-0.0125,0.0849,98.5,CMEMS,2026-10-09
34.66667,-76.5,0.05833,0.00452,0.0585,85.6,CMEMS,2026-10-09
34.66667,-76.41666,0.01457,0.04617,0.0484,17.5,CMEMS,2026-10-09
34.66667,-76.33333,0.01327,0.10133,0.1022,7.5,CMEMS,2026-10-09
34.66667,-76.25,0.0223,0.12361,0.1256,10.2,CMEMS,2026-10-09
34.66667,-76.16666,0.04401,0.12872,0.136,18.9,CMEMS,2026-10-09
34.66667,-76.08333,0.05162,0.1311,0.1409,21.5,CMEMS,2026-10-09
34.66667,-76.0,0.07011,0.11343,0.1333,31.7,CMEMS,2026-10-09
34.66667,-75.91666,0.07218,0.05298,0.0895,53.7,CMEMS,2026-10-09
34.66667,-75.83333,0.05788,0.09853,0.1143,30.4,CMEMS,2026-10-09
34.66667,-75.75,0.09052,0.25255,0.2683,19.7,CMEMS,2026-10-09
34.66667,-75.66666,0.12619,0.34321,0.3657,20.2,CMEMS,2026-10-09
34.66667,-75.58333,0.14804,0.39435,0.4212,20.6,CMEMS,2026-10-09
34.66667,-75.5,0.17705,0.47275,0.5048,20.5,CMEMS,2026-10-09
34.66667,-75.41666,0.22074,0.59147,0.6313,20.5,CMEMS,2026-10-09
34.66667,-75.33333,0.26748,0.72275,0.7707,20.3,CMEMS,2026-10-09
34.66667,-75.25,0.308,0.83192,0.8871,20.3,CMEMS,2026-10-09
34.66667,-75.16666,0.33536,0.88828,0.9495,20.7,CMEMS,2026-10-09
34.66667,-75.08333,0.34756,0.87811,0.9444,21.6,CMEMS,2026-10-09
34.66667,-75.0,0.34827,0.80422,0.8764,23.4,CMEMS,2026-10-09
34.66667,-74.91666,0.32466,0.68313,0.7564,25.4,CMEMS,2026-10-09
34.66667,-74.83333,0.29268,0.53566,0.6104,28.7,CMEMS,2026-10-09
34.66667,-74.75,0.25483,0.38482,0.4615,33.5,CMEMS,2026-10-09
34.66667,-74.66666,0.20157,0.24051,0.3138,40.0,CMEMS,2026-10-09
34.66667,-74.58333,0.13633,0.09332,0.1652,55.6,CMEMS,2026-10-09
34.66667,-74.5,0.06828,-0.06963,0.0975,135.6,CMEMS,2026-10-09
34.66667,-74.41666,-0.0057,-0.27381,0.2739,181.2,CMEMS,2026-10-09
34.66667,-74.33333,-0.10997,-0.50624,0.518,192.3,CMEMS,2026-10-09
34.66667,-74.25,-0.20504,-0.66078,0.6919,197.2,CMEMS,2026-10-09
34.66667,-74.16666,-0.26038,-0.60683,0.6603,203.2,CMEMS,2026-10-09
34.66667,-74.08333,-0.32387,-0.39268,0.509,219.5,CMEMS,2026-10-09
34.66667,-74.0,-0.40676,-0.25735,0.4813,237.7,CMEMS,2026-10-09
34.66667,-73.91666,-0.47549,-0.21883,0.5234,245.3,CMEMS,2026-10-09
34.66667,-73.83333,-0.57719,-0.14556,0.5953,255.8,CMEMS,2026-10-09
34.66667,-73.75,-0.63626,-0.0576,0.6389,264.8,CMEMS,2026-10-09
34.66667,-73.66666,-0.69146,0.0284,0.692,272.4,CMEMS,2026-10-09
34.66667,-73.58333,-0.73024,0.11585,0.7394,279.0,CMEMS,2026-10-09
34.66667,-73.5,-0.74328,0.19185,0.7676,284.5,CMEMS,2026-10-09
34.66667,-73.41666,-0.74559,0.25563,0.7882,288.9,CMEMS,2026-10-09
34.66667,-73.33333,-0.71856,0.30226,0.7795,292.8,CMEMS,2026-10-09
34.66667,-73.25,-0.6786,0.33075,0.7549,296.0,CMEMS,2026-10-09
34.66667,-73.16666,-0.61096,0.34079,0.6996,299.2,CMEMS,2026-10-09
34.66667,-73.08333,-0.53729,0.33189,0.6315,301.7,CMEMS,2026-10-09
34.66667,-73.0,-0.44371,0.30593,0.539,304.6,CMEMS,2026-10-09
34.66667,-72.91666,-0.35461,0.26441,0.4423,306.7,CMEMS,2026-10-09
34.66667,-72.83333,-0.26462,0.21561,0.3413,309.2,CMEMS,2026-10-09
34.66667,-72.75,-0.21003,0.16906,0.2696,308.8,CMEMS,2026-10-09
34.66667,-72.66666,-0.19185,0.1309,0.2323,304.3,CMEMS,2026-10-09
34.66667,-72.58333,-0.18863,0.10137,0.2141,298.3,CMEMS,2026-10-09
34.66667,-72.5,-0.17372,0.07461,0.1891,293.2,CMEMS,2026-10-09
34.66667,-72.41666,-0.14598,0.0465,0.1532,287.7,CMEMS,2026-10-09
34.66667,-72.33333,-0.12245,0.0187,0.1239,278.7,CMEMS,2026-10-09
34.66667,-72.25,-0.10614,-0.00725,0.1064,266.1,CMEMS,2026-10-09
34.75,-76.5,0.03929,0.04669,0.061,40.1,CMEMS,2026-10-09
34.75,-76.41666,-0.0046,0.05987,0.06,355.6,CMEMS,2026-10-09
34.75,-76.33333,0.04494,0.08863,0.0994,26.9,CMEMS,2026-10-09
34.75,-76.25,0.05591,0.11313,0.1262,26.3,CMEMS,2026-10-09
34.75,-76.16666,0.06872,0.12561,0.1432,28.7,CMEMS,2026-10-09
34.75,-76.08333,0.08313,0.13354,0.1573,31.9,CMEMS,2026-10-09
34.75,-76.0,0.09163,0.12521,0.1552,36.2,CMEMS,2026-10-09
34.75,-75.91666,0.10074,0.08434,0.1314,50.1,CMEMS,2026-10-09
34.75,-75.83333,0.09682,0.06064,0.1142,57.9,CMEMS,2026-10-09
34.75,-75.75,0.10477,0.18949,0.2165,28.9,CMEMS,2026-10-09
34.75,-75.66666,0.16251,0.34606,0.3823,25.2,CMEMS,2026-10-09
34.75,-75.58333,0.1772,0.41242,0.4489,23.3,CMEMS,2026-10-09
34.75,-75.5,0.17373,0.47279,0.5037,20.2,CMEMS,2026-10-09
34.75,-75.41666,0.20452,0.5687,0.6044,19.8,CMEMS,2026-10-09
34.75,-75.33333,0.24602,0.69546,0.7377,19.5,CMEMS,2026-10-09
34.75,-75.25,0.29497,0.81539,0.8671,19.9,CMEMS,2026-10-09
34.75,-75.16666,0.33519,0.89299,0.9538,20.6,CMEMS,2026-10-09
34.75,-75.08333,0.36167,0.90707,0.9765,21.7,CMEMS,2026-10-09
34.75,-75.0,0.36795,0.85076,0.9269,23.4,CMEMS,2026-10-09
34.75,-74.91666,0.35107,0.74053,0.8195,25.4,CMEMS,2026-10-09
34.75,-74.83333,0.32339,0.60969,0.6901,27.9,CMEMS,2026-10-09
34.75,-74.75,0.27521,0.47358,0.5477,30.2,CMEMS,2026-10-09
34.75,-74.66666,0.2163,0.33407,0.398,32.9,CMEMS,2026-10-09
34.75,-74.58333,0.15145,0.19216,0.2447,38.2,CMEMS,2026-10-09
34.75,-74.5,0.08976,0.03085,0.0949,71.0,CMEMS,2026-10-09
34.75,-74.41666,-0.0044,-0.17222,0.1723,181.5,CMEMS,2026-10-09
34.75,-74.33333,-0.10518,-0.40223,0.4158,194.7,CMEMS,2026-10-09
34.75,-74.25,-0.21571,-0.58019,0.619,200.4,CMEMS,2026-10-09
34.75,-74.16666,-0.27968,-0.57868,0.6427,205.8,CMEMS,2026-10-09
34.75,-74.08333,-0.31045,-0.37387,0.486,219.7,CMEMS,2026-10-09
34.75,-74.0,-0.37098,-0.18982,0.4167,242.9,CMEMS,2026-10-09
34.75,-73.91666,-0.42245,-0.13424,0.4433,252.4,CMEMS,2026-10-09
34.75,-73.83333,-0.49857,-0.07998,0.5049,260.9,CMEMS,2026-10-09
34.75,-73.75,-0.56781,-0.00702,0.5679,269.3,CMEMS,2026-10-09
34.75,-73.66666,-0.59883,0.05952,0.6018,275.7,CMEMS,2026-10-09
34.75,-73.58333,-0.63372,0.12683,0.6463,281.3,CMEMS,2026-10-09
34.75,-73.5,-0.62893,0.18442,0.6554,286.3,CMEMS,2026-10-09
34.75,-73.41666,-0.62469,0.22881,0.6653,290.1,CMEMS,2026-10-09
34.75,-73.33333,-0.58627,0.25797,0.6405,293.8,CMEMS,2026-10-09
34.75,-73.25,-0.54465,0.27112,0.6084,296.5,CMEMS,2026-10-09
34.75,-73.16666,-0.47815,0.26841,0.5483,299.3,CMEMS,2026-10-09
34.75,-73.08333,-0.41913,0.25077,0.4884,300.9,CMEMS,2026-10-09
34.75,-73.0,-0.3514,0.2234,0.4164,302.4,CMEMS,2026-10-09
34.75,-72.91666,-0.31191,0.18987,0.3652,301.3,CMEMS,2026-10-09
34.75,-72.83333,-0.27203,0.15817,0.3147,300.2,CMEMS,2026-10-09
34.75,-72.75,-0.25968,0.12969,0.2903,296.5,CMEMS,2026-10-09
34.75,-72.66666,-0.23455,0.1015,0.2556,293.4,CMEMS,2026-10-09
34.75,-72.58333,-0.21275,0.07004,0.224,288.2,CMEMS,2026-10-09
34.75,-72.5,-0.18205,0.03795,0.186,281.8,CMEMS,2026-10-09
34.75,-72.41666,-0.15692,0.0119,0.1574,274.3,CMEMS,2026-10-09
34.75,-72.33333,-0.13565,-0.00776,0.1359,266.7,CMEMS,2026-10-09
34.75,-72.25,-0.12099,-0.02498,0.1235,258.3,CMEMS,2026-10-09
34.83334,-76.5,0.03216,0.05617,0.0647,29.8,CMEMS,2026-10-09
34.83334,-76.41666,0.05283,0.08045,0.0962,33.3,CMEMS,2026-10-09
34.83334,-76.33333,0.03225,0.10162,0.1066,17.6,CMEMS,2026-10-09
34.83334,-76.25,0.06722,0.11106,0.1298,31.2,CMEMS,2026-10-09
34.83334,-76.16666,0.08059,0.12229,0.1465,33.4,CMEMS,2026-10-09
34.83334,-76.08333,0.09044,0.13086,0.1591,34.7,CMEMS,2026-10-09
34.83334,-76.0,0.11667,0.13384,0.1776,41.1,CMEMS,2026-10-09
34.83334,-75.91666,0.12404,0.11829,0.1714,46.4,CMEMS,2026-10-09
34.83334,-75.83333,0.13011,0.07424,0.1498,60.3,CMEMS,2026-10-09
34.83334,-75.75,0.14692,0.09975,0.1776,55.8,CMEMS,2026-10-09
34.83334,-75.66666,0.17067,0.26969,0.3192,32.3,CMEMS,2026-10-09
34.83334,-75.58333,0.21742,0.41647,0.4698,27.6,CMEMS,2026-10-09
34.83334,-75.5,0.24085,0.48356,0.5402,26.5,CMEMS,2026-10-09
34.83334,-75.41666,0.24884,0.57095,0.6228,23.5,CMEMS,2026-10-09
34.83334,-75.33333,0.28319,0.68948,0.7454,22.3,CMEMS,2026-10-09
34.83334,-75.25,0.32818,0.80209,0.8666,22.3,CMEMS,2026-10-09
34.83334,-75.16666,0.37142,0.88808,0.9626,22.7,CMEMS,2026-10-09
34.83334,-75.08333,0.39934,0.92946,1.0116,23.3,CMEMS,2026-10-09
34.83334,-75.0,0.41085,0.905,0.9939,24.4,CMEMS,2026-10-09
34.83334,-74.91666,0.38896,0.82001,0.9076,25.4,CMEMS,2026-10-09
34.83334,-74.83333,0.35141,0.69878,0.7822,26.7,CMEMS,2026-10-09
34.83334,-74.75,0.30722,0.56081,0.6394,28.7,CMEMS,2026-10-09
34.83334,-74.66666,0.25051,0.42052,0.4895,30.8,CMEMS,2026-10-09
34.83334,-74.58333,0.18097,0.27802,0.3317,33.1,CMEMS,2026-10-09
34.83334,-74.5,0.10514,0.12514,0.1634,40.0,CMEMS,2026-10-09
34.83334,-74.41666,0.00091,-0.05554,0.0556,179.1,CMEMS,2026-10-09
34.83334,-74.33333,-0.07938,-0.26702,0.2786,196.6,CMEMS,2026-10-09
34.83334,-74.25,-0.20426,-0.4635,0.5065,203.8,CMEMS,2026-10-09
34.83334,-74.16666,-0.28047,-0.53535,0.6044,207.7,CMEMS,2026-10-09
34.83334,-74.08333,-0.29703,-0.3871,0.4879,217.5,CMEMS,2026-10-09
34.83334,-74.0,-0.31625,-0.15306,0.3513,244.2,CMEMS,2026-10-09
34.83334,-73.91666,-0.35029,-0.04626,0.3533,262.5,CMEMS,2026-10-09
34.83334,-73.83333,-0.38513,-0.01111,0.3853,268.3,CMEMS,2026-10-09
34.83334,-73.75,-0.45624,0.04237,0.4582,275.3,CMEMS,2026-10-09
34.83334,-73.66666,-0.47072,0.08919,0.4791,280.7,CMEMS,2026-10-09
34.83334,-73.58333,-0.49517,0.13174,0.5124,284.9,CMEMS,2026-10-09
34.83334,-73.5,-0.48539,0.16798,0.5136,289.1,CMEMS,2026-10-09
34.83334,-73.41666,-0.47456,0.19456,0.5129,292.3,CMEMS,2026-10-09
34.83334,-73.33333,-0.44516,0.21024,0.4923,295.3,CMEMS,2026-10-09
34.83334,-73.25,-0.41645,0.21538,0.4689,297.3,CMEMS,2026-10-09
34.83334,-73.16666,-0.3839,0.21016,0.4377,298.7,CMEMS,2026-10-09
34.83334,-73.08333,-0.35839,0.19712,0.409,298.8,CMEMS,2026-10-09
34.83334,-73.0,-0.33491,0.17881,0.3797,298.1,CMEMS,2026-10-09
34.83334,-72.91666,-0.31849,0.15784,0.3555,296.4,CMEMS,2026-10-09
34.83334,-72.83333,-0.2938,0.13287,0.3224,294.3,CMEMS,2026-10-09
34.83334,-72.75,-0.2723,0.10416,0.2915,290.9,CMEMS,2026-10-09
34.83334,-72.66666,-0.2455,0.07077,0.2555,286.1,CMEMS,2026-10-09
34.83334,-72.58333,-0.22475,0.03659,0.2277,279.2,CMEMS,2026-10-09
34.83334,-72.5,-0.19992,0.00619,0.2,271.8,CMEMS,2026-10-09
34.83334,-72.41666,-0.17888,-0.01724,0.1797,264.5,CMEMS,2026-10-09
34.83334,-72.33333,-0.1613,-0.033,0.1646,258.4,CMEMS,2026-10-09
34.83334,-72.25,-0.1463,-0.04519,0.1531,252.8,CMEMS,2026-10-09
34.91667,-76.33333,0.03928,0.17835,0.1826,12.4,CMEMS,2026-10-09
34.91667,-76.25,0.00075,0.16458,0.1646,0.3,CMEMS,2026-10-09
34.91667,-76.16666,0.01328,0.1398,0.1404,5.4,CMEMS,2026-10-09
34.91667,-76.08333,0.10499,0.12662,0.1645,39.7,CMEMS,2026-10-09
34.91667,-76.0,0.13043,0.12817,0.1829,45.5,CMEMS,2026-10-09
34.91667,-75.91666,0.13771,0.11953,0.1824,49.0,CMEMS,2026-10-09
34.91667,-75.83333,0.13734,0.0954,0.1672,55.2,CMEMS,2026-10-09
34.91667,-75.75,0.12164,0.08088,0.1461,56.4,CMEMS,2026-10-09
34.91667,-75.66666,0.147,0.15875,0.2164,42.8,CMEMS,2026-10-09
34.91667,-75.58333,0.23311,0.34137,0.4134,34.3,CMEMS,2026-10-09
34.91667,-75.5,0.31478,0.48697,0.5799,32.9,CMEMS,2026-10-09
34.91667,-75.41666,0.35774,0.54439,0.6514,33.3,CMEMS,2026-10-09
34.91667,-75.33333,0.36078,0.61273,0.7111,30.5,CMEMS,2026-10-09
34.91667,-75.25,0.39655,0.74663,0.8454,28.0,CMEMS,2026-10-09
34.91667,-75.16666,0.45914,0.8864,0.9983,27.4,CMEMS,2026-10-09
34.91667,-75.08333,0.49207,0.95891,1.0778,27.2,CMEMS,2026-10-09
34.91667,-75.0,0.49443,0.95115,1.072,27.5,CMEMS,2026-10-09
34.91667,-74.91666,0.4752,0.88751,1.0067,28.2,CMEMS,2026-10-09
34.91667,-74.83333,0.43927,0.78673,0.9011,29.2,CMEMS,2026-10-09
34.91667,-74.75,0.37956,0.66556,0.7662,29.7,CMEMS,2026-10-09
34.91667,-74.66666,0.30113,0.53228,0.6116,29.5,CMEMS,2026-10-09
34.91667,-74.58333,0.21586,0.38939,0.4452,29.0,CMEMS,2026-10-09
34.91667,-74.5,0.12515,0.24008,0.2707,27.5,CMEMS,2026-10-09
34.91667,-74.41666,0.0506,0.07631,0.0916,33.5,CMEMS,2026-10-09
34.91667,-74.33333,-0.03691,-0.11715,0.1228,197.5,CMEMS,2026-10-09
34.91667,-74.25,-0.1794,-0.32692,0.3729,208.8,CMEMS,2026-10-09
34.91667,-74.16666,-0.26998,-0.47072,0.5426,209.8,CMEMS,2026-10-09
34.91667,-74.08333,-0.29649,-0.42359,0.517,215.0,CMEMS,2026-10-09
34.91667,-74.0,-0.27062,-0.17798,0.3239,236.7,CMEMS,2026-10-09
34.91667,-73.91666,-0.28584,0.00879,0.286,271.8,CMEMS,2026-10-09
34.91667,-73.83333,-0.3,0.0499,0.3041,279.4,CMEMS,2026-10-09
34.91667,-73.75,-0.34794,0.08427,0.358,283.6,CMEMS,2026-10-09
34.91667,-73.66666,-0.37025,0.11377,0.3873,287.1,CMEMS,2026-10-09
34.91667,-73.58333,-0.37951,0.13473,0.4027,289.5,CMEMS,2026-10-09
34.91667,-73.5,-0.38784,0.15317,0.417,291.6,CMEMS,2026-10-09
34.91667,-73.41666,-0.37682,0.16582,0.4117,293.8,CMEMS,2026-10-09
34.91667,-73.33333,-0.37349,0.17486,0.4124,295.1,CMEMS,2026-10-09
34.91667,-73.25,-0.35954,0.1792,0.4017,296.5,CMEMS,2026-10-09
34.91667,-73.16666,-0.35337,0.1778,0.3956,296.7,CMEMS,2026-10-09
34.91667,-73.08333,-0.33466,0.17032,0.3755,297.0,CMEMS,2026-10-09
34.91667,-73.0,-0.32178,0.15551,0.3574,295.8,CMEMS,2026-10-09
34.91667,-72.91666,-0.2962,0.1346,0.3253,294.4,CMEMS,2026-10-09
34.91667,-72.83333,-0.27762,0.10748,0.2977,291.2,CMEMS,2026-10-09
34.91667,-72.75,-0.25746,0.0775,0.2689,286.8,CMEMS,2026-10-09
34.91667,-72.66666,-0.24622,0.04475,0.2502,280.3,CMEMS,2026-10-09
34.91667,-72.58333,-0.22831,0.01064,0.2286,272.7,CMEMS,2026-10-09
34.91667,-72.5,-0.21175,-0.02039,0.2127,264.5,CMEMS,2026-10-09
34.91667,-72.41666,-0.19555,-0.04495,0.2007,257.1,CMEMS,2026-10-09
34.91667,-72.33333,-0.18057,-0.06165,0.1908,251.1,CMEMS,2026-10-09
34.91667,-72.25,-0.1633,-0.07307,0.1789,245.9,CMEMS,2026-10-09
35.0,-76.58333,-0.02768,0.0116,0.03,292.7,CMEMS,2026-10-09
35.0,-76.5,-0.03027,0.01559,0.034,297.3,CMEMS,2026-10-09
35.0,-76.41666,-0.05117,0.06115,0.0797,320.1,CMEMS,2026-10-09
35.0,-76.33333,-0.09021,0.14376,0.1697,327.9,CMEMS,2026-10-09
35.0,-76.25,-0.02784,0.17757,0.1797,351.1,CMEMS,2026-10-09
35.0,-76.08333,0.04054,0.1402,0.1459,16.1,CMEMS,2026-10-09
35.0,-76.0,0.05523,0.13239,0.1435,22.6,CMEMS,2026-10-09
35.0,-75.91666,0.10332,0.12567,0.1627,39.4,CMEMS,2026-10-09
35.0,-75.83333,0.11004,0.11065,0.1561,44.8,CMEMS,2026-10-09
35.0,-75.75,0.09715,0.09783,0.1379,44.8,CMEMS,2026-10-09
35.0,-75.66666,0.0793,0.09463,0.1235,40.0,CMEMS,2026-10-09
35.0,-75.58333,0.10394,0.16566,0.1956,32.1,CMEMS,2026-10-09
35.0,-75.5,0.20922,0.31836,0.381,33.3,CMEMS,2026-10-09
35.0,-75.41666,0.39549,0.49212,0.6313,38.8,CMEMS,2026-10-09
35.0,-75.33333,0.52609,0.66706,0.8496,38.3,CMEMS,2026-10-09
35.0,-75.25,0.58381,0.80864,0.9974,35.8,CMEMS,2026-10-09
35.0,-75.16666,0.60981,0.91016,1.0956,33.8,CMEMS,2026-10-09
35.0,-75.08333,0.61797,0.98977,1.1668,32.0,CMEMS,2026-10-09
35.0,-75.0,0.61371,1.01719,1.188,31.1,CMEMS,2026-10-09
35.0,-74.91666,0.58824,0.9785,1.1417,31.0,CMEMS,2026-10-09
35.0,-74.83333,0.53852,0.88133,1.0328,31.4,CMEMS,2026-10-09
35.0,-74.75,0.46198,0.73871,0.8713,32.0,CMEMS,2026-10-09
35.0,-74.66666,0.37173,0.59002,0.6974,32.2,CMEMS,2026-10-09
35.0,-74.58333,0.28124,0.46411,0.5427,31.2,CMEMS,2026-10-09
35.0,-74.5,0.18902,0.33886,0.388,29.2,CMEMS,2026-10-09
35.0,-74.41666,0.1147,0.1879,0.2201,31.4,CMEMS,2026-10-09
35.0,-74.33333,-0.0046,0.00671,0.0081,325.5,CMEMS,2026-10-09
35.0,-74.25,-0.12841,-0.20093,0.2385,212.6,CMEMS,2026-10-09
35.0,-74.16666,-0.23291,-0.38348,0.4487,211.3,CMEMS,2026-10-09
35.0,-74.08333,-0.3005,-0.43533,0.529,214.6,CMEMS,2026-10-09
35.0,-74.0,-0.27397,-0.2539,0.3735,227.2,CMEMS,2026-10-09
35.0,-73.91666,-0.23879,0.00834,0.2389,272.0,CMEMS,2026-10-09
35.0,-73.83333,-0.23244,0.09612,0.2515,292.5,CMEMS,2026-10-09
35.0,-73.75,-0.24772,0.11095,0.2714,294.1,CMEMS,2026-10-09
35.0,-73.66666,-0.28318,0.13647,0.3143,295.7,CMEMS,2026-10-09
35.0,-73.58333,-0.28553,0.14887,0.322,297.5,CMEMS,2026-10-09
35.0,-73.5,-0.31104,0.15888,0.3493,297.1,CMEMS,2026-10-09
35.0,-73.41666,-0.30598,0.16534,0.3478,298.4,CMEMS,2026-10-09
35.0,-73.33333,-0.31777,0.16972,0.3603,298.1,CMEMS,2026-10-09
35.0,-73.25,-0.30565,0.16984,0.3497,299.1,CMEMS,2026-10-09
35.0,-73.16666,-0.30277,0.16419,0.3444,298.5,CMEMS,2026-10-09
35.0,-73.08333,-0.28046,0.15239,0.3192,298.5,CMEMS,2026-10-09
35.0,-73.0,-0.26895,0.135,0.3009,296.7,CMEMS,2026-10-09
35.0,-72.91666,-0.24861,0.1137,0.2734,294.6,CMEMS,2026-10-09
35.0,-72.83333,-0.24367,0.0901,0.2598,290.3,CMEMS,2026-10-09
35.0,-72.75,-0.23475,0.06319,0.2431,285.1,CMEMS,2026-10-09
35.0,-72.66666,-0.23263,0.03251,0.2349,278.0,CMEMS,2026-10-09
35.0,-72.58333,-0.22181,-0.00126,0.2218,269.7,CMEMS,2026-10-09
35.0,-72.5,-0.21379,-0.03359,0.2164,261.1,CMEMS,2026-10-09
35.0,-72.41666,-0.20263,-0.061,0.2116,253.2,CMEMS,2026-10-09
35.0,-72.33333,-0.18979,-0.082,0.2067,246.6,CMEMS,2026-10-09
35.0,-72.25,-0.17403,-0.09648,0.199,241.0,CMEMS,2026-10-09
35.08334,-76.58333,-0.02044,0.01825,0.0274,311.8,CMEMS,2026-10-09
35.08334,-76.5,-0.02435,0.02341,0.0338,313.9,CMEMS,2026-10-09
35.08334,-76.41666,-0.0414,0.03798,0.0562,312.5,CMEMS,2026-10-09
35.08334,-76.33333,-0.05293,0.07734,0.0937,325.6,CMEMS,2026-10-09
35.08334,-76.25,-0.00697,0.11065,0.1109,356.4,CMEMS,2026-10-09
35.08334,-76.16666,0.04809,0.10563,0.1161,24.5,CMEMS,2026-10-09
35.08334,-76.08333,-0.03602,0.12865,0.1336,344.4,CMEMS,2026-10-09
35.08334,-76.0,-0.01895,0.14477,0.146,352.5,CMEMS,2026-10-09
35.08334,-75.91666,0.02923,0.13688,0.14,12.1,CMEMS,2026-10-09
35.08334,-75.83333,0.10387,0.1396,0.174,36.6,CMEMS,2026-10-09
35.08334,-75.75,0.10199,0.14178,0.1747,35.7,CMEMS,2026-10-09
35.08334,-75.66666,0.10545,0.14848,0.1821,35.4,CMEMS,2026-10-09
35.08334,-75.58333,0.13796,0.15694,0.209,41.3,CMEMS,2026-10-09
35.08334,-75.5,0.27283,0.22158,0.3515,50.9,CMEMS,2026-10-09
35.08334,-75.41666,0.48303,0.43384,0.6493,48.1,CMEMS,2026-10-09
35.08334,-75.33333,0.54851,0.65971,0.858,39.7,CMEMS,2026-10-09
35.08334,-75.25,0.8132,0.85919,1.183,43.4,CMEMS,2026-10-09
35.08334,-75.16666,0.88064,1.00595,1.337,41.2,CMEMS,2026-10-09
35.08334,-75.08333,0.81673,1.08401,1.3572,37.0,CMEMS,2026-10-09
35.08334,-75.0,0.75931,1.11359,1.3478,34.3,CMEMS,2026-10-09
35.08334,-74.91666,0.71404,1.093,1.3056,33.2,CMEMS,2026-10-09
35.08334,-74.83333,0.66993,1.02296,1.2228,33.2,CMEMS,2026-10-09
35.08334,-74.75,0.58866,0.91712,1.0898,32.7,CMEMS,2026-10-09
35.08334,-74.66666,0.46836,0.78016,0.91,31.0,CMEMS,2026-10-09
35.08334,-74.58333,0.36135,0.63312,0.729,29.7,CMEMS,2026-10-09
35.08334,-74.5,0.27735,0.47891,0.5534,30.1,CMEMS,2026-10-09
35.08334,-74.41666,0.18827,0.31173,0.3642,31.1,CMEMS,2026-10-09
35.08334,-74.33333,0.06546,0.1312,0.1466,26.5,CMEMS,2026-10-09
35.08334,-74.25,-0.04311,-0.06402,0.0772,214.0,CMEMS,2026-10-09
35.08334,-74.16666,-0.16412,-0.25636,0.3044,212.6,CMEMS,2026-10-09
35.08334,-74.08333,-0.28627,-0.38274,0.478,216.8,CMEMS,2026-10-09
35.08334,-74.0,-0.31448,-0.33059,0.4563,223.6,CMEMS,2026-10-09
35.08334,-73.91666,-0.24539,-0.07454,0.2565,253.1,CMEMS,2026-10-09
35.08334,-73.83333,-0.20269,0.09614,0.2243,295.4,CMEMS,2026-10-09
35.08334,-73.75,-0.18921,0.12537,0.227,303.5,CMEMS,2026-10-09
35.08334,-73.66666,-0.21901,0.15287,0.2671,304.9,CMEMS,2026-10-09
35.08334,-73.58333,-0.22863,0.16991,0.2848,306.6,CMEMS,2026-10-09
35.08334,-73.5,-0.24668,0.17621,0.3031,305.5,CMEMS,2026-10-09
35.08334,-73.41666,-0.24813,0.17732,0.305,305.6,CMEMS,2026-10-09
35.08334,-73.33333,-0.25057,0.17352,0.3048,304.7,CMEMS,2026-10-09
35.08334,-73.25,-0.23456,0.16432,0.2864,305.0,CMEMS,2026-10-09
35.08334,-73.16666,-0.22615,0.15204,0.2725,303.9,CMEMS,2026-10-09
35.08334,-73.08333,-0.21064,0.13692,0.2512,303.0,CMEMS,2026-10-09
35.08334,-73.0,-0.20885,0.12142,0.2416,300.2,CMEMS,2026-10-09
35.08334,-72.91666,-0.20508,0.10469,0.2303,297.0,CMEMS,2026-10-09
35.08334,-72.83333,-0.21005,0.08514,0.2266,292.1,CMEMS,2026-10-09
35.08334,-72.75,-0.20995,0.05966,0.2183,285.9,CMEMS,2026-10-09
35.08334,-72.66666,-0.21118,0.02941,0.2132,277.9,CMEMS,2026-10-09
35.08334,-72.58333,-0.20961,-0.00306,0.2096,269.2,CMEMS,2026-10-09
35.08334,-72.5,-0.21051,-0.035,0.2134,260.6,CMEMS,2026-10-09
35.08334,-72.41666,-0.20892,-0.06447,0.2186,252.9,CMEMS,2026-10-09
35.08334,-72.33333,-0.20477,-0.08935,0.2234,246.4,CMEMS,2026-10-09
35.08334,-72.25,-0.19769,-0.10783,0.2252,241.4,CMEMS,2026-10-09
35.16667,-76.58333,-0.00185,0.0289,0.029,356.3,CMEMS,2026-10-09
35.16667,-76.5,0.00052,0.0353,0.0353,0.8,CMEMS,2026-10-09
35.16667,-76.41666,-0.00562,0.04503,0.0454,352.9,CMEMS,2026-10-09
35.16667,-76.33333,-0.0009,0.05996,0.06,359.1,CMEMS,2026-10-09
35.16667,-76.25,0.01934,0.07308,0.0756,14.8,CMEMS,2026-10-09
35.16667,-76.16666,0.03951,0.08606,0.0947,24.7,CMEMS,2026-10-09
35.16667,-76.08333,0.03456,0.11124,0.1165,17.3,CMEMS,2026-10-09
35.16667,-76.0,0.05264,0.13481,0.1447,21.3,CMEMS,2026-10-09
35.16667,-75.91666,0.05798,0.1567,0.1671,20.3,CMEMS,2026-10-09
35.16667,-75.83333,0.04094,0.17902,0.1836,12.9,CMEMS,2026-10-09
35.16667,-75.75,0.09907,0.17938,0.2049,28.9,CMEMS,2026-10-09
35.16667,-75.66666,0.1613,0.21095,0.2655,37.4,CMEMS,2026-10-09
35.16667,-75.58333,0.21667,0.22562,0.3128,43.8,CMEMS,2026-10-09
35.16667,-75.5,0.38775,0.25275,0.4629,56.9,CMEMS,2026-10-09
35.16667,-75.41666,0.30956,0.39207,0.4996,38.3,CMEMS,2026-10-09
35.16667,-75.33333,0.29188,0.54404,0.6174,28.2,CMEMS,2026-10-09
35.16667,-75.25,0.42644,0.70253,0.8218,31.3,CMEMS,2026-10-09
35.16667,-75.16666,0.80522,0.96039,1.2533,40.0,CMEMS,2026-10-09
35.16667,-75.08333,1.0112,1.16958,1.5461,40.8,CMEMS,2026-10-09
35.16667,-75.0,0.97137,1.24227,1.577,38.0,CMEMS,2026-10-09
35.16667,-74.91666,0.85585,1.21419,1.4855,35.2,CMEMS,2026-10-09
35.16667,-74.83333,0.76616,1.1305,1.3657,34.1,CMEMS,2026-10-09
35.16667,-74.75,0.69652,1.01482,1.2309,34.5,CMEMS,2026-10-09
35.16667,-74.66666,0.59686,0.88596,1.0682,34.0,CMEMS,2026-10-09
35.16667,-74.58333,0.47185,0.75552,0.8908,32.0,CMEMS,2026-10-09
35.16667,-74.5,0.34852,0.61163,0.704,29.7,CMEMS,2026-10-09
35.16667,-74.41666,0.24115,0.44941,0.51,28.2,CMEMS,2026-10-09
35.16667,-74.33333,0.12394,0.27793,0.3043,24.0,CMEMS,2026-10-09
35.16667,-74.25,0.02843,0.10311,0.107,15.4,CMEMS,2026-10-09
35.16667,-74.16666,-0.09787,-0.08369,0.1288,229.5,CMEMS,2026-10-09
35.16667,-74.08333,-0.24469,-0.26742,0.3625,222.5,CMEMS,2026-10-09
35.16667,-74.0,-0.31976,-0.35393,0.477,222.1,CMEMS,2026-10-09
35.16667,-73.91666,-0.2812,-0.21913,0.3565,232.1,CMEMS,2026-10-09
35.16667,-73.83333,-0.19517,0.04849,0.2011,284.0,CMEMS,2026-10-09
35.16667,-73.75,-0.16123,0.14665,0.2179,312.3,CMEMS,2026-10-09
35.16667,-73.66666,-0.1671,0.17029,0.2386,315.5,CMEMS,2026-10-09
35.16667,-73.58333,-0.19332,0.19007,0.2711,314.5,CMEMS,2026-10-09
35.16667,-73.5,-0.19246,0.19204,0.2719,314.9,CMEMS,2026-10-09
35.16667,-73.41666,-0.19916,0.18478,0.2717,312.9,CMEMS,2026-10-09
35.16667,-73.33333,-0.19023,0.17108,0.2558,312.0,CMEMS,2026-10-09
35.16667,-73.25,-0.18108,0.15389,0.2376,310.4,CMEMS,2026-10-09
35.16667,-73.16666,-0.17502,0.13947,0.2238,308.6,CMEMS,2026-10-09
35.16667,-73.08333,-0.17473,0.12733,0.2162,306.1,CMEMS,2026-10-09
35.16667,-73.0,-0.1801,0.11729,0.2149,303.1,CMEMS,2026-10-09
35.16667,-72.91666,-0.18557,0.105,0.2132,299.5,CMEMS,2026-10-09
35.16667,-72.83333,-0.19105,0.08696,0.2099,294.5,CMEMS,2026-10-09
35.16667,-72.75,-0.19153,0.06213,0.2014,288.0,CMEMS,2026-10-09
35.16667,-72.66666,-0.19376,0.03334,0.1966,279.8,CMEMS,2026-10-09
35.16667,-72.58333,-0.19901,0.00333,0.199,271.0,CMEMS,2026-10-09
35.16667,-72.5,-0.20783,-0.02669,0.2095,262.7,CMEMS,2026-10-09
35.16667,-72.41666,-0.21697,-0.05652,0.2242,255.4,CMEMS,2026-10-09
35.16667,-72.33333,-0.22507,-0.0845,0.2404,249.4,CMEMS,2026-10-09
35.16667,-72.25,-0.23093,-0.10735,0.2547,245.1,CMEMS,2026-10-09
35.25,-76.5,0.00546,0.03839,0.0388,8.1,CMEMS,2026-10-09
35.25,-76.41666,0.00843,0.04156,0.0424,11.5,CMEMS,2026-10-09
35.25,-76.33333,0.02589,0.04716,0.0538,28.8,CMEMS,2026-10-09
35.25,-76.25,0.04868,0.05665,0.0747,40.7,CMEMS,2026-10-09
35.25,-76.16666,0.07672,0.07544,0.1076,45.5,CMEMS,2026-10-09
35.25,-76.08333,0.10132,0.10397,0.1452,44.3,CMEMS,2026-10-09
35.25,-76.0,0.1014,0.13014,0.165,37.9,CMEMS,2026-10-09
35.25,-75.91666,0.1024,0.15156,0.1829,34.0,CMEMS,2026-10-09
35.25,-75.83333,0.1149,0.16733,0.203,34.5,CMEMS,2026-10-09
35.25,-75.75,0.13779,0.18846,0.2335,36.2,CMEMS,2026-10-09
35.25,-75.66666,0.16072,0.20074,0.2571,38.7,CMEMS,2026-10-09
35.25,-75.58333,0.28244,0.14896,0.3193,62.2,CMEMS,2026-10-09
35.25,-75.5,0.3618,0.14864,0.3911,67.7,CMEMS,2026-10-09
35.25,-75.41666,0.23881,0.28761,0.3738,39.7,CMEMS,2026-10-09
35.25,-75.33333,0.24008,0.42932,0.4919,29.2,CMEMS,2026-10-09
35.25,-75.25,0.29953,0.49105,0.5752,31.4,CMEMS,2026-10-09
35.25,-75.16666,0.42266,0.66803,0.7905,32.3,CMEMS,2026-10-09
35.25,-75.08333,0.77659,1.01241,1.276,37.5,CMEMS,2026-10-09
35.25,-75.0,0.9978,1.26395,1.6103,38.3,CMEMS,2026-10-09
35.25,-74.91666,1.02626,1.34059,1.6883,37.4,CMEMS,2026-10-09
35.25,-74.83333,0.93005,1.29679,1.5958,35.6,CMEMS,2026-10-09
35.25,-74.75,0.80683,1.19262,1.4399,34.1,CMEMS,2026-10-09
35.25,-74.66666,0.69191,1.05947,1.2654,33.1,CMEMS,2026-10-09
35.25,-74.58333,0.58541,0.90941,1.0815,32.8,CMEMS,2026-10-09
35.25,-74.5,0.46625,0.74397,0.878,32.1,CMEMS,2026-10-09
35.25,-74.41666,0.33529,0.57213,0.6631,30.4,CMEMS,2026-10-09
35.25,-74.33333,0.20395,0.40205,0.4508,26.9,CMEMS,2026-10-09
35.25,-74.25,0.09754,0.23995,0.259,22.1,CMEMS,2026-10-09
35.25,-74.16666,-0.02727,0.07482,0.0796,340.0,CMEMS,2026-10-09
35.25,-74.08333,-0.16285,-0.11528,0.1995,234.7,CMEMS,2026-10-09
35.25,-74.0,-0.26964,-0.2817,0.3899,223.7,CMEMS,2026-10-09
35.25,-73.91666,-0.29863,-0.30894,0.4297,224.0,CMEMS,2026-10-09
35.25,-73.83333,-0.2364,-0.11511,0.2629,244.0,CMEMS,2026-10-09
35.25,-73.75,-0.15988,0.11315,0.1959,305.3,CMEMS,2026-10-09
35.25,-73.66666,-0.12636,0.17515,0.216,324.2,CMEMS,2026-10-09
35.25,-73.58333,-0.14707,0.19603,0.2451,323.1,CMEMS,2026-10-09
35.25,-73.5,-0.13601,0.20037,0.2422,325.8,CMEMS,2026-10-09
35.25,-73.41666,-0.14792,0.18671,0.2382,321.6,CMEMS,2026-10-09
35.25,-73.33333,-0.14132,0.16751,0.2192,319.8,CMEMS,2026-10-09
35.25,-73.25,-0.14693,0.14996,0.21,315.6,CMEMS,2026-10-09
35.25,-73.16666,-0.15112,0.13796,0.2046,312.4,CMEMS,2026-10-09
35.25,-73.08333,-0.16143,0.1294,0.2069,308.7,CMEMS,2026-10-09
35.25,-73.0,-0.16922,0.12088,0.208,305.5,CMEMS,2026-10-09
35.25,-72.91666,-0.17516,0.10789,0.2057,301.6,CMEMS,2026-10-09
35.25,-72.83333,-0.17638,0.08904,0.1976,296.8,CMEMS,2026-10-09
35.25,-72.75,-0.17522,0.066,0.1872,290.6,CMEMS,2026-10-09
35.25,-72.66666,-0.17859,0.04178,0.1834,283.2,CMEMS,2026-10-09
35.25,-72.58333,-0.18748,0.01741,0.1883,275.3,CMEMS,2026-10-09
35.25,-72.5,-0.20071,-0.00773,0.2009,267.8,CMEMS,2026-10-09
35.25,-72.41666,-0.21636,-0.03485,0.2191,260.9,CMEMS,2026-10-09
35.25,-72.33333,-0.23297,-0.06343,0.2415,254.8,CMEMS,2026-10-09
35.25,-72.25,-0.24855,-0.09012,0.2644,250.1,CMEMS,2026-10-09
35.33334,-76.58333,-0.01302,0.02774,0.0306,334.9,CMEMS,2026-10-09
35.33334,-76.5,-0.0138,0.02517,0.0287,331.3,CMEMS,2026-10-09
35.33334,-76.41666,0.00456,0.02453,0.025,10.5,CMEMS,2026-10-09
35.33334,-76.33333,0.04543,0.03149,0.0553,55.3,CMEMS,2026-10-09
35.33334,-76.25,0.08232,0.0632,0.1038,52.5,CMEMS,2026-10-09
35.33334,-76.16666,0.12008,0.11192,0.1641,47.0,CMEMS,2026-10-09
35.33334,-76.08333,0.18174,0.14091,0.23,52.2,CMEMS,2026-10-09
35.33334,-76.0,0.12364,0.14623,0.1915,40.2,CMEMS,2026-10-09
35.33334,-75.91666,0.11642,0.14263,0.1841,39.2,CMEMS,2026-10-09
35.33334,-75.83333,0.13671,0.13885,0.1949,44.6,CMEMS,2026-10-09
35.33334,-75.75,0.1718,0.13866,0.2208,51.1,CMEMS,2026-10-09
35.33334,-75.66666,0.21501,0.12285,0.2476,60.3,CMEMS,2026-10-09
35.33334,-75.58333,0.2682,0.06725,0.2765,75.9,CMEMS,2026-10-09
35.33334,-75.5,0.28049,0.04373,0.2839,81.1,CMEMS,2026-10-09
35.33334,-75.41666,0.22959,0.18208,0.293,51.6,CMEMS,2026-10-09
35.33334,-75.33333,0.2228,0.32776,0.3963,34.2,CMEMS,2026-10-09
35.33334,-75.25,0.2721,0.38661,0.4728,35.1,CMEMS,2026-10-09
35.33334,-75.16666,0.27945,0.40619,0.493,34.5,CMEMS,2026-10-09
35.33334,-75.08333,0.40785,0.6513,0.7685,32.1,CMEMS,2026-10-09
35.33334,-75.0,0.75969,1.04358,1.2908,36.1,CMEMS,2026-10-09
35.33334,-74.91666,1.05492,1.34681,1.7108,38.1,CMEMS,2026-10-09
35.33334,-74.83333,1.08735,1.44315,1.8069,37.0,CMEMS,2026-10-09
35.33334,-74.75,0.99067,1.3813,1.6998,35.6,CMEMS,2026-10-09
35.33334,-74.66666,0.84195,1.25663,1.5126,33.8,CMEMS,2026-10-09
35.33334,-74.58333,0.69892,1.10033,1.3035,32.4,CMEMS,2026-10-09
35.33334,-74.5,0.56475,0.92345,1.0824,31.4,CMEMS,2026-10-09
35.33334,-74.41666,0.43192,0.73711,0.8543,30.4,CMEMS,2026-10-09
35.33334,-74.33333,0.30301,0.55017,0.6281,28.8,CMEMS,2026-10-09
35.33334,-74.25,0.18807,0.36724,0.4126,27.1,CMEMS,2026-10-09
35.33334,-74.16666,0.07405,0.20097,0.2142,20.2,CMEMS,2026-10-09
35.33334,-74.08333,-0.04684,0.02377,0.0525,296.9,CMEMS,2026-10-09
35.33334,-74.0,-0.17051,-0.16104,0.2345,226.6,CMEMS,2026-10-09
35.33334,-73.91666,-0.264,-0.276,0.3819,223.7,CMEMS,2026-10-09
35.33334,-73.83333,-0.27879,-0.21959,0.3549,231.8,CMEMS,2026-10-09
35.33334,-73.75,-0.18026,0.06049,0.1901,288.6,CMEMS,2026-10-09
35.33334,-73.66666,-0.07902,0.17202,0.1893,335.3,CMEMS,2026-10-09
35.33334,-73.58333,-0.0842,0.19859,0.2157,337.0,CMEMS,2026-10-09
35.33334,-73.5,-0.08423,0.20676,0.2233,337.8,CMEMS,2026-10-09
35.33334,-73.41666,-0.09543,0.19397,0.2162,333.8,CMEMS,2026-10-09
35.33334,-73.33333,-0.1008,0.17662,0.2034,330.3,CMEMS,2026-10-09
35.33334,-73.25,-0.12042,0.16276,0.2025,323.5,CMEMS,2026-10-09
35.33334,-73.16666,-0.13424,0.15027,0.2015,318.2,CMEMS,2026-10-09
35.33334,-73.08333,-0.14748,0.13773,0.2018,313.0,CMEMS,2026-10-09
35.33334,-73.0,-0.15448,0.12337,0.1977,308.6,CMEMS,2026-10-09
35.33334,-72.91666,-0.15736,0.10532,0.1894,303.8,CMEMS,2026-10-09
35.33334,-72.83333,-0.1545,0.08482,0.1762,298.8,CMEMS,2026-10-09
35.33334,-72.75,-0.15222,0.06465,0.1654,293.0,CMEMS,2026-10-09
35.33334,-72.66666,-0.15534,0.04663,0.1622,286.7,CMEMS,2026-10-09
35.33334,-72.58333,-0.16364,0.03005,0.1664,280.4,CMEMS,2026-10-09
35.33334,-72.5,-0.17655,0.01269,0.177,274.1,CMEMS,2026-10-09
35.33334,-72.41666,-0.19373,-0.00772,0.1939,267.7,CMEMS,2026-10-09
35.33334,-72.33333,-0.21455,-0.03288,0.2171,261.3,CMEMS,2026-10-09
35.33334,-72.25,-0.23762,-0.06071,0.2453,255.7,CMEMS,2026-10-09
35.41667,-76.58333,-0.01205,0.02394,0.0268,333.3,CMEMS,2026-10-09
35.41667,-76.5,-0.01067,0.02405,0.0263,336.1,CMEMS,2026-10-09
35.41667,-76.41666,0.00205,0.02447,0.0246,4.8,CMEMS,2026-10-09
35.41667,-76.08333,0.11319,0.1595,0.1956,35.4,CMEMS,2026-10-09
35.41667,-76.0,0.07589,0.13071,0.1511,30.1,CMEMS,2026-10-09
35.41667,-75.91666,0.10997,0.10918,0.155,45.2,CMEMS,2026-10-09
35.41667,-75.83333,0.14473,0.09559,0.1734,56.6,CMEMS,2026-10-09
35.41667,-75.75,0.18332,0.09005,0.2042,63.8,CMEMS,2026-10-09
35.41667,-75.66666,0.20942,0.07164,0.2213,71.1,CMEMS,2026-10-09
35.41667,-75.58333,0.23738,0.01074,0.2376,87.4,CMEMS,2026-10-09
35.41667,-75.5,0.27148,0.00868,0.2716,88.2,CMEMS,2026-10-09
35.41667,-75.41666,0.16289,0.06667,0.176,67.7,CMEMS,2026-10-09
35.41667,-75.33333,0.19222,0.16456,0.253,49.4,CMEMS,2026-10-09
35.41667,-75.25,0.24909,0.2625,0.3619,43.5,CMEMS,2026-10-09
35.41667,-75.16666,0.24724,0.29562,0.3854,39.9,CMEMS,2026-10-09
35.41667,-75.08333,0.31506,0.33135,0.4572,43.6,CMEMS,2026-10-09
35.41667,-75.0,0.50276,0.5541,0.7482,42.2,CMEMS,2026-10-09
35.41667,-74.91666,0.88034,0.9578,1.3009,42.6,CMEMS,2026-10-09
35.41667,-74.83333,1.1659,1.36939,1.7985,40.4,CMEMS,2026-10-09
35.41667,-74.75,1.11898,1.53358,1.8984,36.1,CMEMS,2026-10-09
35.41667,-74.66666,0.97633,1.46106,1.7572,33.8,CMEMS,2026-10-09
35.41667,-74.58333,0.8148,1.29845,1.5329,32.1,CMEMS,2026-10-09
35.41667,-74.5,0.66086,1.12086,1.3012,30.5,CMEMS,2026-10-09
35.41667,-74.41666,0.52257,0.9377,1.0735,29.1,CMEMS,2026-10-09
35.41667,-74.33333,0.39581,0.7454,0.844,28.0,CMEMS,2026-10-09
35.41667,-74.25,0.2839,0.55133,0.6201,27.2,CMEMS,2026-10-09
35.41667,-74.16666,0.17345,0.36781,0.4067,25.2,CMEMS,2026-10-09
35.41667,-74.08333,0.05899,0.18885,0.1979,17.3,CMEMS,2026-10-09
35.41667,-74.0,-0.065,0.00632,0.0653,275.6,CMEMS,2026-10-09
35.41667,-73.91666,-0.20321,-0.17206,0.2663,229.7,CMEMS,2026-10-09
35.41667,-73.83333,-0.30664,-0.27622,0.4127,228.0,CMEMS,2026-10-09
35.41667,-73.75,-0.26377,-0.17936,0.319,235.8,CMEMS,2026-10-09
35.41667,-73.66666,-0.11937,0.09545,0.1528,308.6,CMEMS,2026-10-09
35.41667,-73.58333,-0.05042,0.1993,0.2056,345.8,CMEMS,2026-10-09
35.41667,-73.5,-0.04605,0.20886,0.2139,347.6,CMEMS,2026-10-09
35.41667,-73.41666,-0.05246,0.20659,0.2131,345.8,CMEMS,2026-10-09
35.41667,-73.33333,-0.06667,0.19783,0.2088,341.4,CMEMS,2026-10-09
35.41667,-73.25,-0.09164,0.18784,0.209,334.0,CMEMS,2026-10-09
35.41667,-73.16666,-0.10774,0.17096,0.2021,327.8,CMEMS,2026-10-09
35.41667,-73.08333,-0.11978,0.14867,0.1909,321.1,CMEMS,2026-10-09
35.41667,-73.0,-0.12691,0.12354,0.1771,314.2,CMEMS,2026-10-09
35.41667,-72.91666,-0.12926,0.09808,0.1623,307.2,CMEMS,2026-10-09
35.41667,-72.83333,-0.12728,0.07552,0.148,300.7,CMEMS,2026-10-09
35.41667,-72.75,-0.12733,0.05837,0.1401,294.6,CMEMS,2026-10-09
35.41667,-72.66666,-0.13081,0.04558,0.1385,289.2,CMEMS,2026-10-09
35.41667,-72.58333,-0.13648,0.03518,0.1409,284.5,CMEMS,2026-10-09
35.41667,-72.5,-0.14492,0.02553,0.1472,280.0,CMEMS,2026-10-09
35.41667,-72.41666,-0.15759,0.01365,0.1582,275.0,CMEMS,2026-10-09
35.41667,-72.33333,-0.17529,-0.00478,0.1754,268.4,CMEMS,2026-10-09
35.41667,-72.25,-0.1977,-0.03056,0.2,261.2,CMEMS,2026-10-09
35.5,-76.0,0.10006,0.09807,0.1401,45.6,CMEMS,2026-10-09
35.5,-75.91666,0.10574,0.07043,0.127,56.3,CMEMS,2026-10-09
35.5,-75.83333,0.16302,0.07453,0.1792,65.4,CMEMS,2026-10-09
35.5,-75.75,0.21,0.07775,0.2239,69.7,CMEMS,2026-10-09
35.5,-75.66666,0.18691,0.06417,0.1976,71.1,CMEMS,2026-10-09
35.5,-75.58333,0.19299,-0.03319,0.1958,99.8,CMEMS,2026-10-09
35.5,-75.5,0.2076,-0.01333,0.208,93.7,CMEMS,2026-10-09
35.5,-75.41666,0.10698,0.04002,0.1142,69.5,CMEMS,2026-10-09
35.5,-75.33333,0.09635,0.0413,0.1048,66.8,CMEMS,2026-10-09
35.5,-75.25,0.1262,0.03409,0.1307,74.9,CMEMS,2026-10-09
35.5,-75.16666,0.19099,0.06954,0.2033,70.0,CMEMS,2026-10-09
35.5,-75.08333,0.24063,0.05891,0.2477,76.2,CMEMS,2026-10-09
35.5,-75.0,0.34,0.05326,0.3441,81.1,CMEMS,2026-10-09
35.5,-74.91666,0.47193,0.2409,0.5299,63.0,CMEMS,2026-10-09
35.5,-74.83333,0.85114,0.78354,1.1569,47.4,CMEMS,2026-10-09
35.5,-74.75,1.00512,1.32712,1.6648,37.1,CMEMS,2026-10-09
35.5,-74.66666,1.02396,1.53545,1.8456,33.7,CMEMS,2026-10-09
35.5,-74.58333,0.92871,1.46239,1.7324,32.4,CMEMS,2026-10-09
35.5,-74.5,0.78539,1.28861,1.5091,31.4,CMEMS,2026-10-09
35.5,-74.41666,0.64015,1.10744,1.2791,30.0,CMEMS,2026-10-09
35.5,-74.33333,0.50923,0.92351,1.0546,28.9,CMEMS,2026-10-09
35.5,-74.25,0.38808,0.72883,0.8257,28.0,CMEMS,2026-10-09
35.5,-74.16666,0.27948,0.52539,0.5951,28.0,CMEMS,2026-10-09
35.5,-74.08333,0.16757,0.3366,0.376,26.5,CMEMS,2026-10-09
35.5,-74.0,0.04092,0.17161,0.1764,13.4,CMEMS,2026-10-09
35.5,-73.91666,-0.09034,-0.00029,0.0903,269.8,CMEMS,2026-10-09
35.5,-73.83333,-0.21059,-0.18067,0.2775,229.4,CMEMS,2026-10-09
35.5,-73.75,-0.25782,-0.26563,0.3702,224.1,CMEMS,2026-10-09
35.5,-73.66666,-0.18366,-0.14814,0.236,231.1,CMEMS,2026-10-09
35.5,-73.58333,-0.0239,0.12072,0.1231,348.8,CMEMS,2026-10-09
35.5,-73.5,0.00251,0.21511,0.2151,0.7,CMEMS,2026-10-09
35.5,-73.41666,-0.01345,0.22265,0.2231,356.5,CMEMS,2026-10-09
35.5,-73.33333,-0.03027,0.22389,0.2259,352.3,CMEMS,2026-10-09
35.5,-73.25,-0.05229,0.21829,0.2245,346.5,CMEMS,2026-10-09
35.5,-73.16666,-0.06782,0.19732,0.2087,341.0,CMEMS,2026-10-09
35.5,-73.08333,-0.08084,0.16406,0.1829,333.8,CMEMS,2026-10-09
35.5,-73.0,-0.09079,0.12724,0.1563,324.5,CMEMS,2026-10-09
35.5,-72.91666,-0.09628,0.0938,0.1344,314.3,CMEMS,2026-10-09
35.5,-72.83333,-0.09873,0.06872,0.1203,304.8,CMEMS,2026-10-09
35.5,-72.75,-0.10208,0.05293,0.115,297.4,CMEMS,2026-10-09
35.5,-72.66666,-0.10805,0.04297,0.1163,291.7,CMEMS,2026-10-09
35.5,-72.58333,-0.1144,0.03586,0.1199,287.4,CMEMS,2026-10-09
35.5,-72.5,-0.1202,0.03082,0.1241,284.4,CMEMS,2026-10-09
35.5,-72.41666,-0.12662,0.02692,0.1295,282.0,CMEMS,2026-10-09
35.5,-72.33333,-0.13667,0.01928,0.138,278.0,CMEMS,2026-10-09
35.5,-72.25,-0.15176,0.00195,0.1518,270.7,CMEMS,2026-10-09
35.58334,-75.91666,0.12361,0.05941,0.1371,64.3,CMEMS,2026-10-09
35.58334,-75.75,0.17968,0.08816,0.2001,63.9,CMEMS,2026-10-09
35.58334,-75.66666,0.13601,0.10386,0.1711,52.6,CMEMS,2026-10-09
35.58334,-75.58333,0.12186,0.08069,0.1461,56.5,CMEMS,2026-10-09
35.58334,-75.41666,0.05616,0.00648,0.0565,83.4,CMEMS,2026-10-09
35.58334,-75.33333,0.01268,0.02374,0.0269,28.1,CMEMS,2026-10-09
35.58334,-75.25,0.00383,0.04792,0.0481,4.6,CMEMS,2026-10-09
35.58334,-75.16666,-0.00019,0.06741,0.0674,359.8,CMEMS,2026-10-09
35.58334,-75.08333,-0.00447,0.07551,0.0756,356.6,CMEMS,2026-10-09
35.58334,-75.0,-0.02532,0.0673,0.0719,339.4,CMEMS,2026-10-09
35.58334,-74.91666,-0.09797,-0.05049,0.1102,242.7,CMEMS,2026-10-09
35.58334,-74.83333,0.12108,0.34341,0.3641,19.4,CMEMS,2026-10-09
35.58334,-74.75,0.48137,1.05549,1.1601,24.5,CMEMS,2026-10-09
35.58334,-74.66666,0.83228,1.49845,1.7141,29.0,CMEMS,2026-10-09
35.58334,-74.58333,0.96638,1.57604,1.8487,31.5,CMEMS,2026-10-09
35.58334,-74.5,0.91864,1.44826,1.715,32.4,CMEMS,2026-10-09
35.58334,-74.41666,0.79155,1.25608,1.4847,32.2,CMEMS,2026-10-09
35.58334,-74.33333,0.65569,1.06204,1.2481,31.7,CMEMS,2026-10-09
35.58334,-74.25,0.53042,0.86653,1.016,31.5,CMEMS,2026-10-09
35.58334,-74.16666,0.41519,0.6629,0.7822,32.1,CMEMS,2026-10-09
35.58334,-74.08333,0.30073,0.45712,0.5472,33.3,CMEMS,2026-10-09
35.58334,-74.0,0.18098,0.29089,0.3426,31.9,CMEMS,2026-10-09
35.58334,-73.91666,0.05848,0.14346,0.1549,22.2,CMEMS,2026-10-09
35.58334,-73.83333,-0.05687,-0.03008,0.0643,242.1,CMEMS,2026-10-09
35.58334,-73.75,-0.16981,-0.19738,0.2604,220.7,CMEMS,2026-10-09
35.58334,-73.66666,-0.21187,-0.23923,0.3196,221.5,CMEMS,2026-10-09
35.58334,-73.58333,-0.09903,0.06009,0.1158,301.2,CMEMS,2026-10-09
35.58334,-73.5,0.01287,0.19527,0.1957,3.8,CMEMS,2026-10-09
35.58334,-73.41666,0.02502,0.21816,0.2196,6.5,CMEMS,2026-10-09
35.58334,-73.33333,0.01882,0.23482,0.2356,4.6,CMEMS,2026-10-09
35.58334,-73.25,0.00579,0.23917,0.2392,1.4,CMEMS,2026-10-09
35.58334,-73.16666,-0.0051,0.2199,0.22,358.7,CMEMS,2026-10-09
35.58334,-73.08333,-0.01835,0.18221,0.1831,354.2,CMEMS,2026-10-09
35.58334,-73.0,-0.03296,0.1378,0.1417,346.6,CMEMS,2026-10-09
35.58334,-72.91666,-0.04698,0.09891,0.1095,334.6,CMEMS,2026-10-09
35.58334,-72.83333,-0.05736,0.07185,0.0919,321.4,CMEMS,2026-10-09
35.58334,-72.75,-0.06641,0.05662,0.0873,310.4,CMEMS,2026-10-09
35.58334,-72.66666,-0.07566,0.04748,0.0893,302.1,CMEMS,2026-10-09
35.58334,-72.58333,-0.086,0.03978,0.0948,294.8,CMEMS,2026-10-09
35.58334,-72.5,-0.09575,0.03278,0.1012,288.9,CMEMS,2026-10-09
35.58334,-72.41666,-0.1021,0.0282,0.1059,285.4,CMEMS,2026-10-09
35.58334,-72.33333,-0.10692,0.02595,0.11,283.6,CMEMS,2026-10-09
35.58334,-72.25,-0.11367,0.02016,0.1154,280.1,CMEMS,2026-10-09
35.66667,-75.66666,0.04871,0.09015,0.1025,28.4,CMEMS,2026-10-09
35.66667,-75.58333,0.0535,0.09537,0.1093,29.3,CMEMS,2026-10-09
35.66667,-75.5,0.1225,0.04258,0.1297,70.8,CMEMS,2026-10-09
35.66667,-75.41666,0.07746,0.01227,0.0784,81.0,CMEMS,2026-10-09
35.66667,-75.33333,-0.01484,0.04008,0.0427,339.7,CMEMS,2026-10-09
35.66667,-75.25,-0.0455,0.07319,0.0862,328.1,CMEMS,2026-10-09
35.66667,-75.16666,-0.07349,0.08139,0.1097,317.9,CMEMS,2026-10-09
35.66667,-75.08333,-0.07714,0.09982,0.1261,322.3,CMEMS,2026-10-09
35.66667,-75.0,-0.09394,0.07606,0.1209,309.0,CMEMS,2026-10-09
35.66667,-74.91666,-0.05334,0.00858,0.054,279.1,CMEMS,2026-10-09
35.66667,-74.83333,0.00028,-0.01913,0.0191,179.2,CMEMS,2026-10-09
35.66667,-74.75,0.17804,0.71368,0.7356,14.0,CMEMS,2026-10-09
35.66667,-74.66666,0.55562,1.36504,1.4738,22.1,CMEMS,2026-10-09
35.66667,-74.58333,0.85406,1.60892,1.8216,28.0,CMEMS,2026-10-09
35.66667,-74.5,0.9643,1.58185,1.8526,31.4,CMEMS,2026-10-09
35.66667,-74.41666,0.91909,1.42453,1.6953,32.8,CMEMS,2026-10-09
35.66667,-74.33333,0.8033,1.228,1.4674,33.2,CMEMS,2026-10-09
35.66667,-74.25,0.67781,1.02772,1.2311,33.4,CMEMS,2026-10-09
35.66667,-74.16666,0.55717,0.82187,0.9929,34.1,CMEMS,2026-10-09
35.66667,-74.08333,0.43754,0.60688,0.7482,35.8,CMEMS,2026-10-09
35.66667,-74.0,0.31243,0.41601,0.5203,36.9,CMEMS,2026-10-09
35.66667,-73.91666,0.19526,0.27856,0.3402,35.0,CMEMS,2026-10-09
35.66667,-73.83333,0.07836,0.13017,0.1519,31.0,CMEMS,2026-10-09
35.66667,-73.75,-0.05151,-0.05483,0.0752,223.2,CMEMS,2026-10-09
35.66667,-73.66666,-0.20207,-0.21179,0.2927,223.7,CMEMS,2026-10-09
35.66667,-73.58333,-0.26394,-0.17605,0.3173,236.3,CMEMS,2026-10-09
35.66667,-73.5,-0.15865,0.09516,0.185,301.0,CMEMS,2026-10-09
35.66667,-73.41666,0.02816,0.21367,0.2155,7.5,CMEMS,2026-10-09
35.66667,-73.33333,0.068,0.23633,0.2459,16.1,CMEMS,2026-10-09
35.66667,-73.25,0.0682,0.24647,0.2557,15.5,CMEMS,2026-10-09
35.66667,-73.16666,0.065,0.23504,0.2439,15.5,CMEMS,2026-10-09
35.66667,-73.08333,0.05622,0.20127,0.209,15.6,CMEMS,2026-10-09
35.66667,-73.0,0.0395,0.15628,0.1612,14.2,CMEMS,2026-10-09
35.66667,-72.91666,0.01875,0.11336,0.1149,9.4,CMEMS,2026-10-09
35.66667,-72.83333,-0.00256,0.08266,0.0827,358.2,CMEMS,2026-10-09
35.66667,-72.75,-0.02089,0.06631,0.0695,342.5,CMEMS,2026-10-09
35.66667,-72.66666,-0.03422,0.0574,0.0668,329.2,CMEMS,2026-10-09
35.66667,-72.58333,-0.04646,0.05006,0.0683,317.1,CMEMS,2026-10-09
35.66667,-72.5,-0.06071,0.04068,0.0731,303.8,CMEMS,2026-10-09
35.66667,-72.41666,-0.07286,0.0303,0.0789,292.6,CMEMS,2026-10-09
35.66667,-72.33333,-0.08007,0.02341,0.0834,286.3,CMEMS,2026-10-09
35.66667,-72.25,-0.08344,0.01982,0.0858,283.4,CMEMS,2026-10-09
35.75,-75.75,-0.00775,-0.00017,0.0078,268.8,CMEMS,2026-10-09
35.75,-75.66666,-0.00643,0.01684,0.018,339.1,CMEMS,2026-10-09
35.75,-75.58333,0.03101,0.01293,0.0336,67.4,CMEMS,2026-10-09
35.75,-75.5,0.06638,0.0248,0.0709,69.5,CMEMS,2026-10-09
35.75,-75.41666,-0.01056,0.07755,0.0783,352.2,CMEMS,2026-10-09
35.75,-75.33333,-0.04907,0.09369,0.1058,332.4,CMEMS,2026-10-09
35.75,-75.25,-0.05248,0.10019,0.1131,332.4,CMEMS,2026-10-09
35.75,-75.16666,-0.07985,0.1026,0.13,322.1,CMEMS,2026-10-09
35.75,-75.08333,-0.05746,0.09654,0.1123,329.2,CMEMS,2026-10-09
35.75,-75.0,-0.04041,0.00213,0.0405,273.0,CMEMS,2026-10-09
35.75,-74.91666,0.05414,-0.03429,0.0641,122.4,CMEMS,2026-10-09
35.75,-74.83333,0.0674,-0.04984,0.0838,126.5,CMEMS,2026-10-09
35.75,-74.75,0.1332,0.36004,0.3839,20.3,CMEMS,2026-10-09
35.75,-74.66666,0.42584,1.06465,1.1467,21.8,CMEMS,2026-10-09
35.75,-74.58333,0.72571,1.51666,1.6813,25.6,CMEMS,2026-10-09
35.75,-74.5,0.91316,1.64209,1.8789,29.1,CMEMS,2026-10-09
35.75,-74.41666,0.96797,1.56642,1.8414,31.7,CMEMS,2026-10-09
35.75,-74.33333,0.92006,1.39935,1.6747,33.3,CMEMS,2026-10-09
35.75,-74.25,0.81501,1.20554,1.4552,34.1,CMEMS,2026-10-09
35.75,-74.16666,0.6932,1.00703,1.2226,34.5,CMEMS,2026-10-09
35.75,-74.08333,0.56479,0.80145,0.9805,35.2,CMEMS,2026-10-09
35.75,-74.0,0.43301,0.59142,0.733,36.2,CMEMS,2026-10-09
35.75,-73.91666,0.31582,0.42539,0.5298,36.6,CMEMS,2026-10-09
35.75,-73.83333,0.21008,0.29465,0.3619,35.5,CMEMS,2026-10-09
35.75,-73.75,0.09187,0.15475,0.18,30.7,CMEMS,2026-10-09
35.75,-73.66666,-0.05617,-0.01495,0.0581,255.1,CMEMS,2026-10-09
35.75,-73.58333,-0.22155,-0.16392,0.2756,233.5,CMEMS,2026-10-09
35.75,-73.5,-0.27006,-0.17767,0.3233,236.7,CMEMS,2026-10-09
35.75,-73.41666,-0.11733,-0.00676,0.1175,266.7,CMEMS,2026-10-09
35.75,-73.33333,0.05999,0.17592,0.1859,18.8,CMEMS,2026-10-09
35.75,-73.25,0.11014,0.2374,0.2617,24.9,CMEMS,2026-10-09
35.75,-73.16666,0.11839,0.24296,0.2703,26.0,CMEMS,2026-10-09
35.75,-73.08333,0.11556,0.22194,0.2502,27.5,CMEMS,2026-10-09
35.75,-73.0,0.10321,0.18299,0.2101,29.4,CMEMS,2026-10-09
35.75,-72.91666,0.083,0.13883,0.1618,30.9,CMEMS,2026-10-09
35.75,-72.83333,0.05546,0.10314,0.1171,28.3,CMEMS,2026-10-09
35.75,-72.75,0.0283,0.0824,0.0871,19.0,CMEMS,2026-10-09
35.75,-72.66666,0.00872,0.07233,0.0729,6.9,CMEMS,2026-10-09
35.75,-72.58333,-0.00601,0.06526,0.0655,354.7,CMEMS,2026-10-09
35.75,-72.5,-0.02176,0.05662,0.0607,339.0,CMEMS,2026-10-09
35.75,-72.41666,-0.03825,0.04349,0.0579,318.7,CMEMS,2026-10-09
35.75,-72.33333,-0.05133,0.02879,0.0589,299.3,CMEMS,2026-10-09
35.75,-72.25,-0.06019,0.01669,0.0625,285.5,CMEMS,2026-10-09
35.83334,-75.75,-0.00428,-0.00448,0.0062,223.7,CMEMS,2026-10-09
35.83334,-75.66666,0.00027,-0.00385,0.0039,176.0,CMEMS,2026-10-09
35.83334,-75.58333,0.01323,-0.00426,0.0139,107.8,CMEMS,2026-10-09
35.83334,-75.5,0.00197,0.04425,0.0443,2.5,CMEMS,2026-10-09
35.83334,-75.41666,-0.03002,0.10099,0.1054,343.4,CMEMS,2026-10-09
35.83334,-75.33333,0.00885,0.11766,0.118,4.3,CMEMS,2026-10-09
35.83334,-75.25,-0.01909,0.10637,0.1081,349.8,CMEMS,2026-10-09
35.83334,-75.16666,-0.03283,0.10185,0.107,342.1,CMEMS,2026-10-09
35.83334,-75.08333,-0.01412,0.07187,0.0732,348.9,CMEMS,2026-10-09
35.83334,-75.0,-0.01128,0.01238,0.0167,317.7,CMEMS,2026-10-09
35.83334,-74.91666,-0.09678,-0.04241,0.1057,246.3,CMEMS,2026-10-09
35.83334,-74.83333,-0.12005,-0.10061,0.1566,230.0,CMEMS,2026-10-09
35.83334,-74.75,-0.05107,0.0493,0.071,314.0,CMEMS,2026-10-09
35.83334,-74.66666,0.21221,0.65883,0.6922,17.9,CMEMS,2026-10-09
35.83334,-74.58333,0.58489,1.25609,1.3856,25.0,CMEMS,2026-10-09
35.83334,-74.5,0.84794,1.56282,1.778,28.5,CMEMS,2026-10-09
35.83334,-74.41666,0.98311,1.61484,1.8906,31.3,CMEMS,2026-10-09
35.83334,-74.33333,1.01717,1.5169,1.8264,33.8,CMEMS,2026-10-09
35.83334,-74.25,0.97371,1.3503,1.6648,35.8,CMEMS,2026-10-09
35.83334,-74.16666,0.87979,1.16339,1.4586,37.1,CMEMS,2026-10-09
35.83334,-74.08333,0.75602,0.97353,1.2326,37.8,CMEMS,2026-10-09
35.83334,-74.0,0.61862,0.77955,0.9952,38.4,CMEMS,2026-10-09
35.83334,-73.91666,0.48559,0.5858,0.7609,39.7,CMEMS,2026-10-09
35.83334,-73.83333,0.37402,0.42851,0.5688,41.1,CMEMS,2026-10-09
35.83334,-73.75,0.2718,0.30888,0.4114,41.3,CMEMS,2026-10-09
35.83334,-73.66666,0.15411,0.19146,0.2458,38.8,CMEMS,2026-10-09
35.83334,-73.58333,0.01883,0.04879,0.0523,21.1,CMEMS,2026-10-09
35.83334,-73.5,-0.14114,-0.1312,0.1927,227.1,CMEMS,2026-10-09
35.83334,-73.41666,-0.21752,-0.20498,0.2989,226.7,CMEMS,2026-10-09
35.83334,-73.33333,-0.09662,-0.05364,0.1105,241.0,CMEMS,2026-10-09
35.83334,-73.25,0.06016,0.1516,0.1631,21.6,CMEMS,2026-10-09
35.83334,-73.16666,0.1412,0.22696,0.2673,31.9,CMEMS,2026-10-09
35.83334,-73.08333,0.1612,0.23192,0.2824,34.8,CMEMS,2026-10-09
35.83334,-73.0,0.15713,0.2085,0.2611,37.0,CMEMS,2026-10-09
35.83334,-72.91666,0.13931,0.17161,0.221,39.1,CMEMS,2026-10-09
35.83334,-72.83333,0.1138,0.13483,0.1764,40.2,CMEMS,2026-10-09
35.83334,-72.75,0.0823,0.10793,0.1357,37.3,CMEMS,2026-10-09
35.83334,-72.66666,0.05411,0.09409,0.1085,29.9,CMEMS,2026-10-09
35.83334,-72.58333,0.03335,0.08531,0.0916,21.3,CMEMS,2026-10-09
35.83334,-72.5,0.01516,0.0759,0.0774,11.3,CMEMS,2026-10-09
35.83334,-72.41666,-0.00379,0.06234,0.0625,356.5,CMEMS,2026-10-09
35.83334,-72.33333,-0.02086,0.04444,0.0491,334.9,CMEMS,2026-10-09
35.83334,-72.25,-0.03518,0.02581,0.0436,306.3,CMEMS,2026-10-09
35.91667,-75.75,-0.01166,-0.00633,0.0133,241.5,CMEMS,2026-10-09
35.91667,-75.66666,-0.0091,-0.01523,0.0177,210.9,CMEMS,2026-10-09
35.91667,-75.58333,-0.0034,-0.00089,0.0035,255.4,CMEMS,2026-10-09
35.91667,-75.5,-0.01939,0.06676,0.0695,343.8,CMEMS,2026-10-09
35.91667,-75.41666,-0.01059,0.08753,0.0882,353.1,CMEMS,2026-10-09
35.91667,-75.33333,0.0274,0.11239,0.1157,13.7,CMEMS,2026-10-09
35.91667,-75.25,0.03159,0.11194,0.1163,15.8,CMEMS,2026-10-09
35.91667,-75.16666,0.01176,0.10179,0.1025,6.6,CMEMS,2026-10-09
35.91667,-75.08333,0.00274,0.09384,0.0939,1.7,CMEMS,2026-10-09
35.91667,-75.0,-0.03846,0.07796,0.0869,333.7,CMEMS,2026-10-09
35.91667,-74.91666,-0.12377,-0.02796,0.1269,257.3,CMEMS,2026-10-09
35.91667,-74.83333,-0.07688,-0.12934,0.1505,210.7,CMEMS,2026-10-09
35.91667,-74.75,-0.09512,-0.05919,0.112,238.1,CMEMS,2026-10-09
35.91667,-74.66666,-0.04187,0.27265,0.2758,351.3,CMEMS,2026-10-09
35.91667,-74.58333,0.31654,0.80219,0.8624,21.5,CMEMS,2026-10-09
35.91667,-74.5,0.70199,1.25555,1.4385,29.2,CMEMS,2026-10-09
35.91667,-74.41666,0.96163,1.49309,1.776,32.8,CMEMS,2026-10-09
35.91667,-74.33333,1.08807,1.53093,1.8782,35.4,CMEMS,2026-10-09
35.91667,-74.25,1.11318,1.44232,1.8219,37.7,CMEMS,2026-10-09
35.91667,-74.16666,1.06548,1.29165,1.6744,39.5,CMEMS,2026-10-09
35.91667,-74.08333,0.97026,1.11815,1.4804,40.9,CMEMS,2026-10-09
35.91667,-74.0,0.84656,0.93767,1.2633,42.1,CMEMS,2026-10-09
35.91667,-73.91666,0.71488,0.75317,1.0384,43.5,CMEMS,2026-10-09
35.91667,-73.83333,0.58731,0.56654,0.816,46.0,CMEMS,2026-10-09
35.91667,-73.75,0.4775,0.41852,0.635,48.8,CMEMS,2026-10-09
35.91667,-73.66666,0.37535,0.31321,0.4889,50.2,CMEMS,2026-10-09
35.91667,-73.58333,0.26003,0.21263,0.3359,50.7,CMEMS,2026-10-09
35.91667,-73.5,0.1274,0.09345,0.158,53.7,CMEMS,2026-10-09
35.91667,-73.41666,-0.02154,-0.08401,0.0867,194.4,CMEMS,2026-10-09
35.91667,-73.33333,-0.15412,-0.2066,0.2578,216.7,CMEMS,2026-10-09
35.91667,-73.25,-0.16083,-0.11019,0.195,235.6,CMEMS,2026-10-09
35.91667,-73.16666,-0.01801,0.11172,0.1132,350.8,CMEMS,2026-10-09
35.91667,-73.08333,0.14823,0.20928,0.2565,35.3,CMEMS,2026-10-09
35.91667,-73.0,0.20017,0.22134,0.2984,42.1,CMEMS,2026-10-09
35.91667,-72.91666,0.20086,0.19751,0.2817,45.5,CMEMS,2026-10-09
35.91667,-72.83333,0.18149,0.16579,0.2458,47.6,CMEMS,2026-10-09
35.91667,-72.75,0.15101,0.13999,0.2059,47.2,CMEMS,2026-10-09
35.91667,-72.66666,0.11971,0.11807,0.1681,45.4,CMEMS,2026-10-09
35.91667,-72.58333,0.09406,0.10404,0.1403,42.1,CMEMS,2026-10-09
35.91667,-72.5,0.07056,0.09302,0.1167,37.2,CMEMS,2026-10-09
35.91667,-72.41666,0.04741,0.08043,0.0934,30.5,CMEMS,2026-10-09
35.91667,-72.33333,0.02489,0.06242,0.0672,21.7,CMEMS,2026-10-09
35.91667,-72.25,0.00477,0.04162,0.0419,6.5,CMEMS,2026-10-09
36.0,-76.25,-0.00559,-0.00476,0.0073,229.6,CMEMS,2026-10-09
36.0,-76.16666,-0.00522,-0.00688,0.0086,217.2,CMEMS,2026-10-09
36.0,-76.0,-0.00759,-0.00246,0.008,252.0,CMEMS,2026-10-09
36.0,-75.91666,-0.00922,-0.00045,0.0092,267.2,CMEMS,2026-10-09
36.0,-75.83333,-0.01296,0.00033,0.013,271.5,CMEMS,2026-10-09
36.0,-75.75,-0.01729,0.00218,0.0174,277.2,CMEMS,2026-10-09
36.0,-75.66666,-0.0262,-0.00774,0.0273,253.5,CMEMS,2026-10-09
36.0,-75.58333,-0.02973,0.01796,0.0347,301.1,CMEMS,2026-10-09
36.0,-75.5,-0.03719,0.04805,0.0608,322.3,CMEMS,2026-10-09
36.0,-75.41666,-0.01338,0.05061,0.0523,345.2,CMEMS,2026-10-09
36.0,-75.33333,-0.00222,0.09261,0.0926,358.6,CMEMS,2026-10-09
36.0,-75.25,0.01243,0.09476,0.0956,7.5,CMEMS,2026-10-09
36.0,-75.16666,0.01273,0.09187,0.0927,7.9,CMEMS,2026-10-09
36.0,-75.08333,0.01238,0.12592,0.1265,5.6,CMEMS,2026-10-09
36.0,-75.0,-0.01829,0.12285,0.1242,351.5,CMEMS,2026-10-09
36.0,-74.91666,-0.08182,-0.04963,0.0957,238.8,CMEMS,2026-10-09
36.0,-74.83333,-0.01604,-0.12512,0.1261,187.3,CMEMS,2026-10-09
36.0,-74.75,-0.06743,-0.03531,0.0761,242.4,CMEMS,2026-10-09
36.0,-74.66666,-0.08219,0.05421,0.0985,303.4,CMEMS,2026-10-09
36.0,-74.58333,0.06946,0.33664,0.3437,11.7,CMEMS,2026-10-09
36.0,-74.5,0.43945,0.75022,0.8695,30.4,CMEMS,2026-10-09
36.0,-74.41666,0.80985,1.12406,1.3854,35.8,CMEMS,2026-10-09
36.0,-74.33333,1.06533,1.35139,1.7208,38.2,CMEMS,2026-10-09
36.0,-74.25,1.18827,1.41577,1.8484,40.0,CMEMS,2026-10-09
36.0,-74.16666,1.20513,1.36183,1.8185,41.5,CMEMS,2026-10-09
36.0,-74.08333,1.14685,1.24659,1.6939,42.6,CMEMS,2026-10-09
36.0,-74.0,1.04564,1.10286,1.5198,43.5,CMEMS,2026-10-09
36.0,-73.91666,0.9272,0.94249,1.3221,44.5,CMEMS,2026-10-09
36.0,-73.83333,0.80332,0.77356,1.1152,46.1,CMEMS,2026-10-09
36.0,-73.75,0.68027,0.59566,0.9042,48.8,CMEMS,2026-10-09
36.0,-73.66666,0.57167,0.45,0.7275,51.8,CMEMS,2026-10-09
36.0,-73.58333,0.47341,0.33984,0.5828,54.3,CMEMS,2026-10-09
36.0,-73.5,0.36437,0.25693,0.4458,54.8,CMEMS,2026-10-09
36.0,-73.41666,0.24559,0.16266,0.2946,56.5,CMEMS,2026-10-09
36.0,-73.33333,0.11142,0.02365,0.1139,78.0,CMEMS,2026-10-09
36.0,-73.25,-0.04735,-0.12146,0.1304,201.3,CMEMS,2026-10-09
36.0,-73.16666,-0.15873,-0.1534,0.2207,226.0,CMEMS,2026-10-09
36.0,-73.08333,-0.06848,0.01224,0.0696,280.1,CMEMS,2026-10-09
36.0,-73.0,0.12343,0.14925,0.1937,39.6,CMEMS,2026-10-09
36.0,-72.91666,0.21655,0.19745,0.2931,47.6,CMEMS,2026-10-09
36.0,-72.83333,0.23446,0.19344,0.304,50.5,CMEMS,2026-10-09
36.0,-72.75,0.22181,0.17503,0.2826,51.7,CMEMS,2026-10-09
36.0,-72.66666,0.19435,0.16021,0.2519,50.5,CMEMS,2026-10-09
36.0,-72.58333,0.16478,0.14234,0.2177,49.2,CMEMS,2026-10-09
36.0,-72.5,0.14188,0.12519,0.1892,48.6,CMEMS,2026-10-09
36.0,-72.41666,0.11542,0.10815,0.1582,46.9,CMEMS,2026-10-09
36.0,-72.33333,0.08771,0.08753,0.1239,45.1,CMEMS,2026-10-09
36.0,-72.25,0.06043,0.06293,0.0872,43.8,CMEMS,2026-10-09
36.08334,-76.25,-0.0048,-0.00577,0.0075,219.8,CMEMS,2026-10-09
36.08334,-76.16666,-0.00458,-0.00721,0.0085,212.4,CMEMS,2026-10-09
36.08334,-76.08333,-0.00628,-0.00835,0.0104,216.9,CMEMS,2026-10-09
36.08334,-76.0,-0.00845,-0.00372,0.0092,246.3,CMEMS,2026-10-09
36.08334,-75.91666,-0.0087,-0.00127,0.0088,261.7,CMEMS,2026-10-09
36.08334,-75.83333,-0.00639,-0.00071,0.0064,263.6,CMEMS,2026-10-09
36.08334,-75.75,-0.00965,0.01103,0.0147,318.8,CMEMS,2026-10-09
36.08334,-75.66666,-0.0292,0.01707,0.0338,300.3,CMEMS,2026-10-09
36.08334,-75.58333,-0.05818,-0.00357,0.0583,266.5,CMEMS,2026-10-09
36.08334,-75.5,-0.05603,0.00794,0.0566,278.1,CMEMS,2026-10-09
36.08334,-75.41666,-0.03915,0.01522,0.042,291.2,CMEMS,2026-10-09
36.08334,-75.33333,-0.03324,0.06067,0.0692,331.3,CMEMS,2026-10-09
36.08334,-75.25,-0.02379,0.07675,0.0804,342.8,CMEMS,2026-10-09
36.08334,-75.16666,-0.0239,0.07812,0.0817,343.0,CMEMS,2026-10-09
36.08334,-75.08333,-0.00158,0.12835,0.1284,359.3,CMEMS,2026-10-09
36.08334,-75.0,-0.00938,0.13293,0.1333,356.0,CMEMS,2026-10-09
36.08334,-74.91666,-0.00816,-0.03348,0.0345,193.7,CMEMS,2026-10-09
36.08334,-74.83333,0.01358,-0.06759,0.0689,168.6,CMEMS,2026-10-09
36.08334,-74.75,-0.08147,0.00819,0.0819,275.7,CMEMS,2026-10-09
36.08334,-74.66666,-0.09992,0.01338,0.1008,277.6,CMEMS,2026-10-09
36.08334,-74.58333,-0.04079,0.10481,0.1125,338.7,CMEMS,2026-10-09
36.08334,-74.5,0.14674,0.35428,0.3835,22.5,CMEMS,2026-10-09
36.08334,-74.41666,0.46657,0.68434,0.8283,34.3,CMEMS,2026-10-09
36.08334,-74.33333,0.81202,0.99444,1.2839,39.2,CMEMS,2026-10-09
36.08334,-74.25,1.08491,1.20639,1.6225,42.0,CMEMS,2026-10-09
36.08334,-74.16666,1.24183,1.29247,1.7924,43.9,CMEMS,2026-10-09
36.08334,-74.08333,1.2906,1.26863,1.8097,45.5,CMEMS,2026-10-09
36.08334,-74.0,1.25655,1.18798,1.7292,46.6,CMEMS,2026-10-09
36.08334,-73.91666,1.17181,1.0782,1.5924,47.4,CMEMS,2026-10-09
36.08334,-73.83333,1.06428,0.94934,1.4262,48.3,CMEMS,2026-10-09
36.08334,-73.75,0.9435,0.8051,1.2403,49.5,CMEMS,2026-10-09
36.08334,-73.66666,0.81688,0.65018,1.044,51.5,CMEMS,2026-10-09
36.08334,-73.58333,0.69592,0.49517,0.8541,54.6,CMEMS,2026-10-09
36.08334,-73.5,0.58316,0.36988,0.6906,57.6,CMEMS,2026-10-09
36.08334,-73.41666,0.47504,0.29177,0.5575,58.4,CMEMS,2026-10-09
36.08334,-73.33333,0.35694,0.2261,0.4225,57.6,CMEMS,2026-10-09
36.08334,-73.25,0.22107,0.13342,0.2582,58.9,CMEMS,2026-10-09
36.08334,-73.16666,0.06788,0.01634,0.0698,76.5,CMEMS,2026-10-09
36.08334,-73.08333,-0.08932,-0.13172,0.1591,214.1,CMEMS,2026-10-09
36.08334,-73.0,-0.07584,-0.07777,0.1086,224.3,CMEMS,2026-10-09
36.08334,-72.91666,0.05191,0.03902,0.0649,53.1,CMEMS,2026-10-09
36.08334,-72.83333,0.1756,0.13558,0.2219,52.3,CMEMS,2026-10-09
36.08334,-72.75,0.23065,0.17394,0.2889,53.0,CMEMS,2026-10-09
36.08334,-72.66666,0.23819,0.18159,0.2995,52.7,CMEMS,2026-10-09
36.08334,-72.58333,0.22192,0.18044,0.286,50.9,CMEMS,2026-10-09
36.08334,-72.5,0.20009,0.16871,0.2617,49.9,CMEMS,2026-10-09
36.08334,-72.41666,0.17737,0.15104,0.233,49.6,CMEMS,2026-10-09
36.08334,-72.33333,0.15166,0.13173,0.2009,49.0,CMEMS,2026-10-09
36.08334,-72.25,0.12093,0.10591,0.1607,48.8,CMEMS,2026-10-09
36.16667,-76.08333,-0.00661,-0.00675,0.0095,224.4,CMEMS,2026-10-09
36.16667,-76.0,-0.00757,-0.00583,0.0096,232.4,CMEMS,2026-10-09
36.16667,-75.83333,-0.00276,-0.00315,0.0042,221.2,CMEMS,2026-10-09
36.16667,-75.75,-0.00663,0.02171,0.0227,343.0,CMEMS,2026-10-09
36.16667,-75.66666,-0.03399,0.05549,0.0651,328.5,CMEMS,2026-10-09
36.16667,-75.58333,-0.045,0.01984,0.0492,293.8,CMEMS,2026-10-09
36.16667,-75.5,-0.06485,0.02729,0.0704,292.8,CMEMS,2026-10-09
36.16667,-75.41666,-0.0571,0.04648,0.0736,309.1,CMEMS,2026-10-09
36.16667,-75.33333,-0.06669,0.07363,0.0993,317.8,CMEMS,2026-10-09
36.16667,-75.25,-0.04365,0.07463,0.0865,329.7,CMEMS,2026-10-09
36.16667,-75.16666,-0.03173,0.07537,0.0818,337.2,CMEMS,2026-10-09
36.16667,-75.08333,-0.01347,0.11181,0.1126,353.1,CMEMS,2026-10-09
36.16667,-75.0,0.00725,0.12065,0.1209,3.4,CMEMS,2026-10-09
36.16667,-74.91666,0.03071,-0.00174,0.0308,93.2,CMEMS,2026-10-09
36.16667,-74.83333,0.00232,0.03903,0.0391,3.4,CMEMS,2026-10-09
36.16667,-74.75,-0.10387,0.05074,0.1156,296.0,CMEMS,2026-10-09
36.16667,-74.66666,-0.12527,-0.01211,0.1258,264.5,CMEMS,2026-10-09
36.16667,-74.58333,-0.10944,0.00852,0.1098,274.5,CMEMS,2026-10-09
36.16667,-74.5,-0.01831,0.15642,0.1575,353.3,CMEMS,2026-10-09
36.16667,-74.41666,0.15604,0.37501,0.4062,22.6,CMEMS,2026-10-09
36.16667,-74.33333,0.41358,0.63352,0.7566,33.1,CMEMS,2026-10-09
36.16667,-74.25,0.72744,0.88369,1.1446,39.5,CMEMS,2026-10-09
36.16667,-74.16666,1.01569,1.06779,1.4737,43.6,CMEMS,2026-10-09
36.16667,-74.08333,1.22673,1.16035,1.6886,46.6,CMEMS,2026-10-09
36.16667,-74.0,1.34166,1.16615,1.7776,49.0,CMEMS,2026-10-09
36.16667,-73.91666,1.37279,1.11272,1.7671,51.0,CMEMS,2026-10-09
36.16667,-73.83333,1.34085,1.02766,1.6894,52.5,CMEMS,2026-10-09
36.16667,-73.75,1.26364,0.92246,1.5645,53.9,CMEMS,2026-10-09
36.16667,-73.66666,1.15768,0.80766,1.4116,55.1,CMEMS,2026-10-09
36.16667,-73.58333,1.03379,0.6798,1.2373,56.7,CMEMS,2026-10-09
36.16667,-73.5,0.90002,0.54035,1.0498,59.0,CMEMS,2026-10-09
36.16667,-73.41666,0.76932,0.42653,0.8796,61.0,CMEMS,2026-10-09
36.16667,-73.33333,0.65026,0.34586,0.7365,62.0,CMEMS,2026-10-09
36.16667,-73.25,0.52903,0.27856,0.5979,62.2,CMEMS,2026-10-09
36.16667,-73.16666,0.40015,0.20711,0.4506,62.6,CMEMS,2026-10-09
36.16667,-73.08333,0.25118,0.10787,0.2734,66.8,CMEMS,2026-10-09
36.16667,-73.0,0.08349,-0.01793,0.0854,102.1,CMEMS,2026-10-09
36.16667,-72.91666,-0.01692,-0.10905,0.1104,188.8,CMEMS,2026-10-09
36.16667,-72.83333,-0.02443,-0.05197,0.0574,205.2,CMEMS,2026-10-09
36.16667,-72.75,0.07464,0.05934,0.0953,51.5,CMEMS,2026-10-09
36.16667,-72.66666,0.17889,0.13687,0.2252,52.6,CMEMS,2026-10-09
36.16667,-72.58333,0.24356,0.17528,0.3001,54.3,CMEMS,2026-10-09
36.16667,-72.5,0.25698,0.19251,0.3211,53.2,CMEMS,2026-10-09
36.16667,-72.41666,0.24638,0.18819,0.31,52.6,CMEMS,2026-10-09
36.16667,-72.33333,0.2267,0.16525,0.2805,53.9,CMEMS,2026-10-09
36.16667,-72.25,0.19966,0.14394,0.2461,54.2,CMEMS,2026-10-09
36.25,-75.83333,7e-05,-0.01092,0.0109,179.6,CMEMS,2026-10-09
36.25,-75.75,-0.0051,0.03449,0.0349,351.6,CMEMS,2026-10-09
36.25,-75.66666,-0.01932,0.05922,0.0623,341.9,CMEMS,2026-10-09
36.25,-75.58333,-0.0266,0.02874,0.0392,317.2,CMEMS,2026-10-09
36.25,-75.5,-0.04916,0.0284,0.0568,300.0,CMEMS,2026-10-09
36.25,-75.41666,-0.04303,0.0398,0.0586,312.8,CMEMS,2026-10-09
36.25,-75.33333,-0.0508,0.06465,0.0822,321.8,CMEMS,2026-10-09
36.25,-75.25,-0.02342,0.06199,0.0663,339.3,CMEMS,2026-10-09
36.25,-75.16666,-0.0178,0.06079,0.0633,343.7,CMEMS,2026-10-09
36.25,-75.08333,-0.01205,0.08872,0.0895,352.3,CMEMS,2026-10-09
36.25,-75.0,-0.00889,0.07866,0.0792,353.6,CMEMS,2026-10-09
36.25,-74.91666,0.01759,0.03662,0.0406,25.7,CMEMS,2026-10-09
36.25,-74.83333,-0.02905,0.16482,0.1674,350.0,CMEMS,2026-10-09
36.25,-74.75,-0.16029,0.14323,0.215,311.8,CMEMS,2026-10-09
36.25,-74.66666,-0.23408,0.04302,0.238,280.4,CMEMS,2026-10-09
36.25,-74.58333,-0.2569,-0.02269,0.2579,265.0,CMEMS,2026-10-09
36.25,-74.5,-0.20564,-0.00608,0.2057,268.3,CMEMS,2026-10-09
36.25,-74.41666,-0.07169,0.11861,0.1386,328.9,CMEMS,2026-10-09
36.25,-74.33333,0.11416,0.28005,0.3024,22.2,CMEMS,2026-10-09
36.25,-74.25,0.36097,0.47687,0.5981,37.1,CMEMS,2026-10-09
36.25,-74.16666,0.65574,0.68705,0.9498,43.7,CMEMS,2026-10-09
36.25,-74.08333,0.94466,0.86986,1.2841,47.4,CMEMS,2026-10-09
36.25,-74.0,1.18647,0.9914,1.5462,50.1,CMEMS,2026-10-09
36.25,-73.91666,1.35564,1.04567,1.7121,52.4,CMEMS,2026-10-09
36.25,-73.83333,1.44655,1.04054,1.7819,54.3,CMEMS,2026-10-09
36.25,-73.75,1.47382,0.99742,1.7796,55.9,CMEMS,2026-10-09
36.25,-73.66666,1.44224,0.92425,1.713,57.3,CMEMS,2026-10-09
36.25,-73.58333,1.36477,0.83667,1.6008,58.5,CMEMS,2026-10-09
36.25,-73.5,1.25213,0.73741,1.4531,59.5,CMEMS,2026-10-09
36.25,-73.41666,1.11635,0.62681,1.2803,60.7,CMEMS,2026-10-09
36.25,-73.33333,0.97309,0.5135,1.1003,62.2,CMEMS,2026-10-09
36.25,-73.25,0.83674,0.42047,0.9364,63.3,CMEMS,2026-10-09
36.25,-73.16666,0.71221,0.35497,0.7958,63.5,CMEMS,2026-10-09
36.25,-73.08333,0.58965,0.29322,0.6585,63.6,CMEMS,2026-10-09
36.25,-73.0,0.44783,0.20782,0.4937,65.1,CMEMS,2026-10-09
36.25,-72.91666,0.29099,0.1109,0.3114,69.1,CMEMS,2026-10-09
36.25,-72.83333,0.14569,-0.02922,0.1486,101.3,CMEMS,2026-10-09
36.25,-72.75,0.01898,-0.05729,0.0604,161.7,CMEMS,2026-10-09
36.25,-72.66666,-0.00045,-0.01515,0.0152,181.7,CMEMS,2026-10-09
36.25,-72.58333,0.08789,0.08292,0.1208,46.7,CMEMS,2026-10-09
36.25,-72.5,0.20894,0.1517,0.2582,54.0,CMEMS,2026-10-09
36.25,-72.41666,0.28327,0.19014,0.3412,56.1,CMEMS,2026-10-09
36.25,-72.33333,0.29945,0.19909,0.3596,56.4,CMEMS,2026-10-09
36.25,-72.25,0.28583,0.17859,0.337,58.0,CMEMS,2026-10-09
36.33334,-75.91666,0.00493,-0.02023,0.0208,166.3,CMEMS,2026-10-09
36.33334,-75.83333,0.00797,-0.02056,0.0221,158.8,CMEMS,2026-10-09
36.33334,-75.75,-0.00069,0.03269,0.0327,358.8,CMEMS,2026-10-09
36.33334,-75.66666,-0.01225,0.05156,0.053,346.6,CMEMS,2026-10-09
36.33334,-75.58333,-0.01959,0.03671,0.0416,331.9,CMEMS,2026-10-09
36.33334,-75.5,-0.02774,0.03569,0.0452,322.1,CMEMS,2026-10-09
36.33334,-75.41666,-0.02883,0.03999,0.0493,324.2,CMEMS,2026-10-09
36.33334,-75.33333,-0.02732,0.0467,0.0541,329.7,CMEMS,2026-10-09
36.33334,-75.25,-0.0205,0.05978,0.0632,341.1,CMEMS,2026-10-09
36.33334,-75.16666,-0.02635,0.06243,0.0678,337.1,CMEMS,2026-10-09
36.33334,-75.08333,-0.01751,0.07755,0.0795,347.3,CMEMS,2026-10-09
36.33334,-75.0,-0.01784,0.06147,0.064,343.8,CMEMS,2026-10-09
36.33334,-74.91666,-0.00181,0.08003,0.08,358.7,CMEMS,2026-10-09
36.33334,-74.83333,-0.02863,0.27512,0.2766,354.1,CMEMS,2026-10-09
36.33334,-74.75,-0.17482,0.28021,0.3303,328.0,CMEMS,2026-10-09
36.33334,-74.66666,-0.28294,0.15051,0.3205,298.0,CMEMS,2026-10-09
36.33334,-74.58333,-0.37863,0.00177,0.3786,270.3,CMEMS,2026-10-09
36.33334,-74.5,-0.41094,-0.0944,0.4216,257.1,CMEMS,2026-10-09
36.33334,-74.41666,-0.34594,-0.10869,0.3626,252.6,CMEMS,2026-10-09
36.33334,-74.33333,-0.19645,0.003,0.1965,270.9,CMEMS,2026-10-09
36.33334,-74.25,0.01853,0.1751,0.1761,6.0,CMEMS,2026-10-09
36.33334,-74.16666,0.28172,0.34877,0.4483,38.9,CMEMS,2026-10-09
36.33334,-74.08333,0.57043,0.50706,0.7632,48.4,CMEMS,2026-10-09
36.33334,-74.0,0.86119,0.68569,1.1008,51.5,CMEMS,2026-10-09
36.33334,-73.91666,1.12709,0.83872,1.4049,53.3,CMEMS,2026-10-09
36.33334,-73.83333,1.33774,0.9398,1.6349,54.9,CMEMS,2026-10-09
36.33334,-73.75,1.48412,0.98165,1.7794,56.5,CMEMS,2026-10-09
36.33334,-73.66666,1.55674,0.97669,1.8378,57.9,CMEMS,2026-10-09
36.33334,-73.58333,1.56595,0.93502,1.8239,59.2,CMEMS,2026-10-09
36.33334,-73.5,1.51801,0.87267,1.751,60.1,CMEMS,2026-10-09
36.33334,-73.41666,1.41818,0.80162,1.6291,60.5,CMEMS,2026-10-09
36.33334,-73.33333,1.28677,0.72191,1.4754,60.7,CMEMS,2026-10-09
36.33334,-73.25,1.14128,0.6347,1.3059,60.9,CMEMS,2026-10-09
36.33334,-73.16666,0.99119,0.54777,1.1325,61.1,CMEMS,2026-10-09
36.33334,-73.08333,0.84876,0.46151,0.9661,61.5,CMEMS,2026-10-09
36.33334,-73.0,0.7205,0.38472,0.8168,61.9,CMEMS,2026-10-09
36.33334,-72.91666,0.58583,0.3207,0.6679,61.3,CMEMS,2026-10-09
36.33334,-72.83333,0.43377,0.24536,0.4984,60.5,CMEMS,2026-10-09
36.33334,-72.75,0.27737,0.13824,0.3099,63.5,CMEMS,2026-10-09
36.33334,-72.66666,0.12295,0.02488,0.1254,78.6,CMEMS,2026-10-09
36.33334,-72.58333,0.00091,-0.03872,0.0387,178.7,CMEMS,2026-10-09
36.33334,-72.5,0.02068,-0.01129,0.0236,118.6,CMEMS,2026-10-09
36.33334,-72.41666,0.12901,0.06879,0.1462,61.9,CMEMS,2026-10-09
36.33334,-72.33333,0.25071,0.1449,0.2896,60.0,CMEMS,2026-10-09
36.33334,-72.25,0.31711,0.1863,0.3678,59.6,CMEMS,2026-10-09
36.41667,-75.91666,-0.00674,-0.02242,0.0234,196.7,CMEMS,2026-10-09
36.41667,-75.83333,-0.01942,-0.01252,0.0231,237.2,CMEMS,2026-10-09
36.41667,-75.75,-0.03857,0.0391,0.0549,315.4,CMEMS,2026-10-09
36.41667,-75.66666,-0.03845,0.03839,0.0543,315.0,CMEMS,2026-10-09
36.41667,-75.58333,-0.0326,0.04124,0.0526,321.7,CMEMS,2026-10-09
36.41667,-75.5,-0.02322,0.03792,0.0445,328.5,CMEMS,2026-10-09
36.41667,-75.41666,-0.01673,0.03882,0.0423,336.7,CMEMS,2026-10-09
36.41667,-75.33333,-0.01466,0.03846,0.0412,339.1,CMEMS,2026-10-09
36.41667,-75.25,-0.02057,0.06102,0.0644,341.4,CMEMS,2026-10-09
36.41667,-75.16666,-0.01925,0.07289,0.0754,345.2,CMEMS,2026-10-09
36.41667,-75.08333,-0.01105,0.07424,0.0751,351.5,CMEMS,2026-10-09
36.41667,-75.0,-0.0076,0.05508,0.0556,352.1,CMEMS,2026-10-09
36.41667,-74.91666,-0.0101,-0.01415,0.0174,215.5,CMEMS,2026-10-09
36.41667,-74.83333,0.04766,0.32761,0.3311,8.3,CMEMS,2026-10-09
36.41667,-74.75,-0.02086,0.41657,0.4171,357.1,CMEMS,2026-10-09
36.41667,-74.66666,-0.10679,0.27479,0.2948,338.8,CMEMS,2026-10-09
36.41667,-74.58333,-0.18392,0.11293,0.2158,301.6,CMEMS,2026-10-09
36.41667,-74.5,-0.22768,-0.03234,0.23,261.9,CMEMS,2026-10-09
36.41667,-74.41666,-0.23025,-0.15758,0.279,235.6,CMEMS,2026-10-09
36.41667,-74.33333,-0.1994,-0.18839,0.2743,226.6,CMEMS,2026-10-09
36.41667,-74.25,-0.12545,-0.14407,0.191,221.0,CMEMS,2026-10-09
36.41667,-74.16666,0.01739,0.0641,0.0664,15.2,CMEMS,2026-10-09
36.41667,-74.08333,0.25591,0.27922,0.3787,42.5,CMEMS,2026-10-09
36.41667,-74.0,0.50702,0.41584,0.6557,50.6,CMEMS,2026-10-09
36.41667,-73.91666,0.77766,0.55668,0.9564,54.4,CMEMS,2026-10-09
36.41667,-73.83333,1.0373,0.69597,1.2491,56.1,CMEMS,2026-10-09
36.41667,-73.75,1.27083,0.8204,1.5126,57.2,CMEMS,2026-10-09
36.41667,-73.66666,1.45435,0.91459,1.718,57.8,CMEMS,2026-10-09
36.41667,-73.58333,1.57894,0.9603,1.848,58.7,CMEMS,2026-10-09
36.41667,-73.5,1.64419,0.96433,1.9061,59.6,CMEMS,2026-10-09
36.41667,-73.41666,1.64929,0.93309,1.8949,60.5,CMEMS,2026-10-09
36.41667,-73.33333,1.5955,0.87702,1.8207,61.2,CMEMS,2026-10-09
36.41667,-73.25,1.49694,0.79987,1.6972,61.9,CMEMS,2026-10-09
36.41667,-73.16666,1.36947,0.71427,1.5446,62.5,CMEMS,2026-10-09
36.41667,-73.08333,1.22463,0.6335,1.3788,62.6,CMEMS,2026-10-09
36.41667,-73.0,1.07154,0.56039,1.2092,62.4,CMEMS,2026-10-09
36.41667,-72.91666,0.92231,0.48802,1.0435,62.1,CMEMS,2026-10-09
36.41667,-72.83333,0.77124,0.4252,0.8807,61.1,CMEMS,2026-10-09
36.41667,-72.75,0.61663,0.35785,0.7129,59.9,CMEMS,2026-10-09
36.41667,-72.66666,0.45405,0.27026,0.5284,59.2,CMEMS,2026-10-09
36.41667,-72.58333,0.28824,0.15902,0.3292,61.1,CMEMS,2026-10-09
36.41667,-72.5,0.13494,0.05696,0.1465,67.1,CMEMS,2026-10-09
36.41667,-72.41666,0.04905,-0.0503,0.0703,135.7,CMEMS,2026-10-09
36.41667,-72.33333,0.06425,-0.02808,0.0701,113.6,CMEMS,2026-10-09
36.41667,-72.25,0.15496,0.0453,0.1614,73.7,CMEMS,2026-10-09
36.5,-75.91666,-0.00901,-0.02315,0.0248,201.3,CMEMS,2026-10-09
36.5,-75.83333,-0.02154,0.01316,0.0252,301.4,CMEMS,2026-10-09
36.5,-75.75,-0.05604,0.05336,0.0774,313.6,CMEMS,2026-10-09
36.5,-75.66666,-0.04639,0.04207,0.0626,312.2,CMEMS,2026-10-09
36.5,-75.58333,-0.04603,0.04373,0.0635,313.5,CMEMS,2026-10-09
36.5,-75.5,-0.02845,0.03357,0.044,319.7,CMEMS,2026-10-09
36.5,-75.41666,-0.01893,0.02532,0.0316,323.2,CMEMS,2026-10-09
36.5,-75.33333,-0.00732,0.0429,0.0435,350.3,CMEMS,2026-10-09
36.5,-75.25,-0.00115,0.05944,0.0594,358.9,CMEMS,2026-10-09
36.5,-75.16666,0.00755,0.06124,0.0617,7.0,CMEMS,2026-10-09
36.5,-75.08333,0.02394,0.06043,0.065,21.6,CMEMS,2026-10-09
36.5,-75.0,0.05605,0.05483,0.0784,45.6,CMEMS,2026-10-09
36.5,-74.91666,0.06737,0.01363,0.0687,78.6,CMEMS,2026-10-09
36.5,-74.83333,0.09241,0.17963,0.202,27.2,CMEMS,2026-10-09
36.5,-74.75,0.10407,0.43302,0.4453,13.5,CMEMS,2026-10-09
36.5,-74.66666,0.07351,0.35167,0.3593,11.8,CMEMS,2026-10-09
36.5,-74.58333,0.0347,0.17246,0.1759,11.4,CMEMS,2026-10-09
36.5,-74.5,0.00667,0.00709,0.0097,43.2,CMEMS,2026-10-09
36.5,-74.41666,0.01003,-0.12221,0.1226,175.3,CMEMS,2026-10-09
36.5,-74.33333,0.03544,-0.23814,0.2408,171.5,CMEMS,2026-10-09
36.5,-74.25,0.08823,-0.29339,0.3064,163.3,CMEMS,2026-10-09
36.5,-74.16666,0.16958,-0.25781,0.3086,146.7,CMEMS,2026-10-09
36.5,-74.08333,0.24081,-0.08339,0.2548,109.1,CMEMS,2026-10-09
36.5,-74.0,0.3811,0.15019,0.4096,68.5,CMEMS,2026-10-09
36.5,-73.91666,0.60419,0.37042,0.7087,58.5,CMEMS,2026-10-09
36.5,-73.83333,0.82884,0.51894,0.9779,57.9,CMEMS,2026-10-09
36.5,-73.75,1.0344,0.61257,1.2022,59.4,CMEMS,2026-10-09
36.5,-73.66666,1.22886,0.69891,1.4137,60.4,CMEMS,2026-10-09
36.5,-73.58333,1.40354,0.7762,1.6039,61.1,CMEMS,2026-10-09
36.5,-73.5,1.55093,0.84237,1.7649,61.5,CMEMS,2026-10-09
36.5,-73.41666,1.64643,0.89511,1.874,61.5,CMEMS,2026-10-09
36.5,-73.33333,1.69918,0.93481,1.9394,61.2,CMEMS,2026-10-09
36.5,-73.25,1.70252,0.94469,1.9471,61.0,CMEMS,2026-10-09
36.5,-73.16666,1.65355,0.91117,1.888,61.1,CMEMS,2026-10-09
36.5,-73.08333,1.56211,0.83493,1.7712,61.9,CMEMS,2026-10-09
36.5,-73.0,1.43838,0.74201,1.6185,62.7,CMEMS,2026-10-09
36.5,-72.91666,1.29625,0.64898,1.4496,63.4,CMEMS,2026-10-09
36.5,-72.83333,1.14747,0.57546,1.2837,63.4,CMEMS,2026-10-09
36.5,-72.75,0.99687,0.50882,1.1192,63.0,CMEMS,2026-10-09
36.5,-72.66666,0.84075,0.43511,0.9467,62.6,CMEMS,2026-10-09
36.5,-72.58333,0.67584,0.35163,0.7618,62.5,CMEMS,2026-10-09
36.5,-72.5,0.51174,0.24788,0.5686,64.2,CMEMS,2026-10-09
36.5,-72.41666,0.34789,0.14075,0.3753,68.0,CMEMS,2026-10-09
36.5,-72.33333,0.19475,0.02787,0.1967,81.9,CMEMS,2026-10-09
36.5,-72.25,0.09331,-0.05895,0.1104,122.3,CMEMS,2026-10-09
36.58334,-75.91666,-0.01457,-0.03108,0.0343,205.1,CMEMS,2026-10-09
36.58334,-75.83333,-0.02331,0.03766,0.0443,328.2,CMEMS,2026-10-09
36.58334,-75.75,-0.0407,0.0478,0.0628,319.6,CMEMS,2026-10-09
36.58334,-75.66666,-0.04096,0.03406,0.0533,309.8,CMEMS,2026-10-09
36.58334,-75.58333,-0.03523,0.03248,0.0479,312.7,CMEMS,2026-10-09
36.58334,-75.5,-0.01303,0.01087,0.017,309.8,CMEMS,2026-10-09
36.58334,-75.41666,-0.00163,0.00254,0.003,327.3,CMEMS,2026-10-09
36.58334,-75.33333,0.00131,0.0264,0.0264,2.9,CMEMS,2026-10-09
36.58334,-75.25,0.00949,0.04993,0.0508,10.8,CMEMS,2026-10-09
36.58334,-75.16666,0.02177,0.04716,0.0519,24.8,CMEMS,2026-10-09
36.58334,-75.08333,0.03528,0.03413,0.0491,45.9,CMEMS,2026-10-09
36.58334,-75.0,0.05639,-0.00958,0.0572,99.6,CMEMS,2026-10-09
36.58334,-74.91666,0.05956,0.01391,0.0612,76.9,CMEMS,2026-10-09
36.58334,-74.83333,0.04857,0.1195,0.129,22.1,CMEMS,2026-10-09
36.58334,-74.75,0.08653,0.33366,0.3447,14.5,CMEMS,2026-10-09
36.58334,-74.66666,0.13929,0.33881,0.3663,22.3,CMEMS,2026-10-09
36.58334,-74.58333,0.16798,0.19665,0.2586,40.5,CMEMS,2026-10-09
36.58334,-74.5,0.17419,0.01181,0.1746,86.1,CMEMS,2026-10-09
36.58334,-74.41666,0.18952,-0.15336,0.2438,129.0,CMEMS,2026-10-09
36.58334,-74.33333,0.23414,-0.28256,0.367,140.4,CMEMS,2026-10-09
36.58334,-74.25,0.29804,-0.36927,0.4745,141.1,CMEMS,2026-10-09
36.58334,-74.16666,0.34992,-0.32901,0.4803,133.2,CMEMS,2026-10-09
36.58334,-74.08333,0.40364,-0.23082,0.465,119.8,CMEMS,2026-10-09
36.58334,-74.0,0.478,-0.09771,0.4879,101.6,CMEMS,2026-10-09
36.58334,-73.91666,0.5795,0.05052,0.5817,85.0,CMEMS,2026-10-09
36.58334,-73.83333,0.73501,0.21984,0.7672,73.3,CMEMS,2026-10-09
36.58334,-73.75,0.91056,0.38038,0.9868,67.3,CMEMS,2026-10-09
36.58334,-73.66666,1.09238,0.54102,1.219,63.7,CMEMS,2026-10-09
36.58334,-73.58333,1.25045,0.65369,1.411,62.4,CMEMS,2026-10-09
36.58334,-73.5,1.38458,0.73112,1.5658,62.2,CMEMS,2026-10-09
36.58334,-73.41666,1.50215,0.77847,1.6919,62.6,CMEMS,2026-10-09
36.58334,-73.33333,1.60699,0.81145,1.8002,63.2,CMEMS,2026-10-09
36.58334,-73.25,1.67811,0.84775,1.8801,63.2,CMEMS,2026-10-09
36.58334,-73.16666,1.71356,0.91061,1.9405,62.0,CMEMS,2026-10-09
36.58334,-73.08333,1.70696,0.95625,1.9566,60.7,CMEMS,2026-10-09
36.58334,-73.0,1.65494,0.95989,1.9132,59.9,CMEMS,2026-10-09
36.58334,-72.91666,1.56047,0.91248,1.8077,59.7,CMEMS,2026-10-09
36.58334,-72.83333,1.43728,0.82753,1.6585,60.1,CMEMS,2026-10-09
36.58334,-72.75,1.29758,0.72529,1.4865,60.8,CMEMS,2026-10-09
36.58334,-72.66666,1.15223,0.62869,1.3126,61.4,CMEMS,2026-10-09
36.58334,-72.58333,1.00466,0.54367,1.1423,61.6,CMEMS,2026-10-09
36.58334,-72.5,0.85014,0.45715,0.9653,61.7,CMEMS,2026-10-09
36.58334,-72.41666,0.68795,0.36374,0.7782,62.1,CMEMS,2026-10-09
36.58334,-72.33333,0.52385,0.26085,0.5852,63.5,CMEMS,2026-10-09
36.58334,-72.25,0.3595,0.14641,0.3882,67.8,CMEMS,2026-10-09
36.66667,-75.91666,-0.0206,-0.02488,0.0323,219.6,CMEMS,2026-10-09
36.66667,-75.83333,-0.0184,0.01781,0.0256,314.1,CMEMS,2026-10-09
36.66667,-75.75,-0.02185,0.04489,0.0499,334.0,CMEMS,2026-10-09
36.66667,-75.66666,-0.02944,0.02989,0.042,315.4,CMEMS,2026-10-09
36.66667,-75.58333,-0.01429,0.01221,0.0188,310.5,CMEMS,2026-10-09
36.66667,-75.5,-0.00081,-0.00342,0.0035,193.3,CMEMS,2026-10-09
36.66667,-75.41666,0.00139,0.00298,0.0033,25.1,CMEMS,2026-10-09
36.66667,-75.33333,0.00906,0.01782,0.02,26.9,CMEMS,2026-10-09
36.66667,-75.25,0.01642,0.03836,0.0417,23.2,CMEMS,2026-10-09
36.66667,-75.16666,0.01177,0.04353,0.0451,15.1,CMEMS,2026-10-09
36.66667,-75.08333,0.01821,0.0189,0.0263,43.9,CMEMS,2026-10-09
36.66667,-75.0,0.01953,-0.00674,0.0207,109.0,CMEMS,2026-10-09
36.66667,-74.91666,0.00256,0.02593,0.0261,5.6,CMEMS,2026-10-09
36.66667,-74.83333,0.00774,0.14213,0.1423,3.1,CMEMS,2026-10-09
36.66667,-74.75,0.04932,0.27894,0.2833,10.0,CMEMS,2026-10-09
36.66667,-74.66666,0.11015,0.27376,0.2951,21.9,CMEMS,2026-10-09
36.66667,-74.58333,0.17346,0.16127,0.2368,47.1,CMEMS,2026-10-09
36.66667,-74.5,0.21969,0.00377,0.2197,89.0,CMEMS,2026-10-09
36.66667,-74.41666,0.2808,-0.16267,0.3245,120.1,CMEMS,2026-10-09
36.66667,-74.33333,0.35189,-0.31032,0.4692,131.4,CMEMS,2026-10-09
36.66667,-74.25,0.38108,-0.37259,0.533,134.4,CMEMS,2026-10-09
36.66667,-74.16666,0.36271,-0.327,0.4884,132.0,CMEMS,2026-10-09
36.66667,-74.08333,0.34462,-0.25881,0.431,126.9,CMEMS,2026-10-09
36.66667,-74.0,0.36552,-0.18144,0.4081,116.4,CMEMS,2026-10-09
36.66667,-73.91666,0.41904,-0.09808,0.4304,103.2,CMEMS,2026-10-09
36.66667,-73.83333,0.5056,-0.01152,0.5057,91.3,CMEMS,2026-10-09
36.66667,-73.75,0.61825,0.08747,0.6244,81.9,CMEMS,2026-10-09
36.66667,-73.66666,0.76347,0.21507,0.7932,74.3,CMEMS,2026-10-09
36.66667,-73.58333,0.92578,0.35485,0.9915,69.0,CMEMS,2026-10-09
36.66667,-73.5,1.09908,0.5144,1.2135,64.9,CMEMS,2026-10-09
36.66667,-73.41666,1.26072,0.66151,1.4237,62.3,CMEMS,2026-10-09
36.66667,-73.33333,1.39581,0.78132,1.5996,60.8,CMEMS,2026-10-09
36.66667,-73.25,1.50428,0.84643,1.7261,60.6,CMEMS,2026-10-09
36.66667,-73.16666,1.59345,0.86779,1.8144,61.4,CMEMS,2026-10-09
36.66667,-73.08333,1.65855,0.87805,1.8766,62.1,CMEMS,2026-10-09
36.66667,-73.0,1.69749,0.93031,1.9357,61.3,CMEMS,2026-10-09
36.66667,-72.91666,1.69801,0.98108,1.9611,60.0,CMEMS,2026-10-09
36.66667,-72.83333,1.65267,1.00011,1.9317,58.8,CMEMS,2026-10-09
36.66667,-72.75,1.56464,0.96728,1.8395,58.3,CMEMS,2026-10-09
36.66667,-72.66666,1.44356,0.88687,1.6942,58.4,CMEMS,2026-10-09
36.66667,-72.58333,1.30311,0.77861,1.518,59.1,CMEMS,2026-10-09
36.66667,-72.5,1.15374,0.67248,1.3354,59.8,CMEMS,2026-10-09
36.66667,-72.41666,0.99797,0.57317,1.1509,60.1,CMEMS,2026-10-09
36.66667,-72.33333,0.83502,0.47668,0.9615,60.3,CMEMS,2026-10-09
36.66667,-72.25,0.66684,0.37957,0.7673,60.4,CMEMS,2026-10-09
36.75,-75.91666,-0.02466,-0.01515,0.0289,238.4,CMEMS,2026-10-09
36.75,-75.83333,-0.02644,-0.00657,0.0272,256.0,CMEMS,2026-10-09
36.75,-75.75,-0.03014,0.01321,0.0329,293.7,CMEMS,2026-10-09
36.75,-75.66666,-0.02738,0.01229,0.03,294.2,CMEMS,2026-10-09
36.75,-75.58333,-0.016,0.01042,0.0191,303.1,CMEMS,2026-10-09
36.75,-75.5,-0.00925,0.01397,0.0168,326.5,CMEMS,2026-10-09
36.75,-75.41666,-0.01075,0.01988,0.0226,331.6,CMEMS,2026-10-09
36.75,-75.33333,-0.00118,0.01098,0.011,353.9,CMEMS,2026-10-09
36.75,-75.25,0.00521,0.03564,0.036,8.3,CMEMS,2026-10-09
36.75,-75.16666,0.01045,0.05086,0.0519,11.6,CMEMS,2026-10-09
36.75,-75.08333,0.03082,0.01218,0.0331,68.4,CMEMS,2026-10-09
36.75,-75.0,0.02784,0.00421,0.0282,81.4,CMEMS,2026-10-09
36.75,-74.91666,0.0131,0.05844,0.0599,12.6,CMEMS,2026-10-09
36.75,-74.83333,0.01436,0.13057,0.1314,6.3,CMEMS,2026-10-09
36.75,-74.75,0.03478,0.20247,0.2054,9.7,CMEMS,2026-10-09
36.75,-74.66666,0.08206,0.20758,0.2232,21.6,CMEMS,2026-10-09
36.75,-74.58333,0.14574,0.12846,0.1943,48.6,CMEMS,2026-10-09
36.75,-74.5,0.20678,-0.01668,0.2074,94.6,CMEMS,2026-10-09
36.75,-74.41666,0.27189,-0.21628,0.3474,128.5,CMEMS,2026-10-09
36.75,-74.33333,0.30083,-0.33012,0.4466,137.7,CMEMS,2026-10-09
36.75,-74.25,0.24914,-0.36055,0.4383,145.4,CMEMS,2026-10-09
36.75,-74.16666,0.1849,-0.3444,0.3909,151.8,CMEMS,2026-10-09
36.75,-74.08333,0.17026,-0.31233,0.3557,151.4,CMEMS,2026-10-09
36.75,-74.0,0.18901,-0.26216,0.3232,144.2,CMEMS,2026-10-09
36.75,-73.91666,0.24197,-0.20459,0.3169,130.2,CMEMS,2026-10-09
36.75,-73.83333,0.3086,-0.14307,0.3401,114.9,CMEMS,2026-10-09
36.75,-73.75,0.38706,-0.06455,0.3924,99.5,CMEMS,2026-10-09
36.75,-73.66666,0.48753,0.02526,0.4882,87.0,CMEMS,2026-10-09
36.75,-73.58333,0.60283,0.13409,0.6176,77.5,CMEMS,2026-10-09
36.75,-73.5,0.72181,0.24332,0.7617,71.4,CMEMS,2026-10-09
36.75,-73.41666,0.85441,0.36881,0.9306,66.7,CMEMS,2026-10-09
36.75,-73.33333,1.01601,0.52051,1.1416,62.9,CMEMS,2026-10-09
36.75,-73.25,1.19279,0.67945,1.3727,60.3,CMEMS,2026-10-09
36.75,-73.16666,1.35469,0.81607,1.5815,58.9,CMEMS,2026-10-09
36.75,-73.08333,1.47995,0.89512,1.7296,58.8,CMEMS,2026-10-09
36.75,-73.0,1.57006,0.92326,1.8214,59.5,CMEMS,2026-10-09
36.75,-72.91666,1.63637,0.933,1.8837,60.3,CMEMS,2026-10-09
36.75,-72.83333,1.68635,0.96745,1.9442,60.2,CMEMS,2026-10-09
36.75,-72.75,1.69894,0.99998,1.9714,59.5,CMEMS,2026-10-09
36.75,-72.66666,1.67029,1.00484,1.9492,59.0,CMEMS,2026-10-09
36.75,-72.58333,1.59873,0.9654,1.8676,58.9,CMEMS,2026-10-09
36.75,-72.5,1.49007,0.88446,1.7328,59.3,CMEMS,2026-10-09
36.75,-72.41666,1.3558,0.78013,1.5642,60.1,CMEMS,2026-10-09
36.75,-72.33333,1.2059,0.67248,1.3807,60.9,CMEMS,2026-10-09
36.75,-72.25,1.04554,0.56818,1.19,61.5,CMEMS,2026-10-09
36.83334,-75.91666,-0.05068,-0.01017,0.0517,258.6,CMEMS,2026-10-09
36.83334,-75.83333,-0.0448,0.02434,0.051,298.5,CMEMS,2026-10-09
36.83334,-75.75,-0.04147,0.00479,0.0417,276.6,CMEMS,2026-10-09
36.83334,-75.66666,-0.03528,0.01915,0.0401,298.5,CMEMS,2026-10-09
36.83334,-75.58333,-0.027,0.00361,0.0272,277.6,CMEMS,2026-10-09
36.83334,-75.5,-0.03716,0.00163,0.0372,272.5,CMEMS,2026-10-09
36.83334,-75.41666,-0.04162,0.01188,0.0433,285.9,CMEMS,2026-10-09
36.83334,-75.33333,-0.04004,0.01561,0.043,291.3,CMEMS,2026-10-09
36.83334,-75.25,-0.03256,0.03219,0.0458,314.7,CMEMS,2026-10-09
36.83334,-75.16666,-0.00969,0.02855,0.0302,341.2,CMEMS,2026-10-09
36.83334,-75.08333,0.00873,0.01587,0.0181,28.8,CMEMS,2026-10-09
36.83334,-75.0,0.00481,0.02794,0.0283,9.8,CMEMS,2026-10-09
36.83334,-74.91666,0.00202,0.05523,0.0553,2.1,CMEMS,2026-10-09
36.83334,-74.83333,0.00384,0.1374,0.1375,1.6,CMEMS,2026-10-09
36.83334,-74.75,0.01808,0.19708,0.1979,5.2,CMEMS,2026-10-09
36.83334,-74.66666,0.04726,0.17798,0.1842,14.9,CMEMS,2026-10-09
36.83334,-74.58333,0.0729,0.11499,0.1361,32.4,CMEMS,2026-10-09
36.83334,-74.5,0.10781,-0.08803,0.1392,129.2,CMEMS,2026-10-09
36.83334,-74.41666,0.16072,-0.29067,0.3321,151.1,CMEMS,2026-10-09
36.83334,-74.33333,0.14069,-0.32606,0.3551,156.7,CMEMS,2026-10-09
36.83334,-74.25,0.07537,-0.32833,0.3369,167.1,CMEMS,2026-10-09
36.83334,-74.16666,0.0604,-0.35698,0.3621,170.4,CMEMS,2026-10-09
36.83334,-74.08333,0.0757,-0.35231,0.3603,167.9,CMEMS,2026-10-09
36.83334,-74.0,0.09872,-0.32637,0.341,163.2,CMEMS,2026-10-09
36.83334,-73.91666,0.13046,-0.29138,0.3193,155.9,CMEMS,2026-10-09
36.83334,-73.83333,0.17439,-0.25051,0.3052,145.2,CMEMS,2026-10-09
36.83334,-73.75,0.23496,-0.1964,0.3062,129.9,CMEMS,2026-10-09
36.83334,-73.66666,0.31377,-0.12561,0.338,111.8,CMEMS,2026-10-09
36.83334,-73.58333,0.40229,-0.0269,0.4032,93.8,CMEMS,2026-10-09
36.83334,-73.5,0.4998,0.07286,0.5051,81.7,CMEMS,2026-10-09
36.83334,-73.41666,0.60146,0.18015,0.6279,73.3,CMEMS,2026-10-09
36.83334,-73.33333,0.70741,0.27504,0.759,68.8,CMEMS,2026-10-09
36.83334,-73.25,0.84051,0.37705,0.9212,65.8,CMEMS,2026-10-09
36.83334,-73.16666,1.01261,0.50936,1.1335,63.3,CMEMS,2026-10-09
36.83334,-73.08333,1.20301,0.66497,1.3746,61.1,CMEMS,2026-10-09
36.83334,-73.0,1.37323,0.81231,1.5955,59.4,CMEMS,2026-10-09
36.83334,-72.91666,1.49665,0.91496,1.7542,58.6,CMEMS,2026-10-09
36.83334,-72.83333,1.5801,0.96095,1.8494,58.7,CMEMS,2026-10-09
36.83334,-72.75,1.64668,0.97885,1.9156,59.3,CMEMS,2026-10-09
36.83334,-72.66666,1.69604,0.98746,1.9626,59.8,CMEMS,2026-10-09
36.83334,-72.58333,1.70762,1.00118,1.9795,59.6,CMEMS,2026-10-09
36.83334,-72.5,1.68381,1.00119,1.959,59.3,CMEMS,2026-10-09
36.83334,-72.41666,1.61869,0.96716,1.8856,59.1,CMEMS,2026-10-09
36.83334,-72.33333,1.51436,0.89818,1.7607,59.3,CMEMS,2026-10-09
36.83334,-72.25,1.38133,0.80355,1.5981,59.8,CMEMS,2026-10-09
36.91667,-76.5,-0.00548,-0.00913,0.0106,211.0,CMEMS,2026-10-09
36.91667,-76.41666,0.00244,-0.01111,0.0114,167.6,CMEMS,2026-10-09
36.91667,-76.33333,0.02088,0.0031,0.0211,81.6,CMEMS,2026-10-09
36.91667,-76.08333,-0.03134,-0.01427,0.0344,245.5,CMEMS,2026-10-09
36.91667,-76.0,-0.05923,-0.00777,0.0597,262.5,CMEMS,2026-10-09
36.91667,-75.91666,-0.08959,-0.03851,0.0975,246.7,CMEMS,2026-10-09
36.91667,-75.83333,-0.07475,-0.03466,0.0824,245.1,CMEMS,2026-10-09
36.91667,-75.75,-0.06224,-0.03926,0.0736,237.8,CMEMS,2026-10-09
36.91667,-75.66666,-0.04983,-0.00392,0.05,265.5,CMEMS,2026-10-09
36.91667,-75.58333,-0.04736,0.02206,0.0523,295.0,CMEMS,2026-10-09
36.91667,-75.5,-0.06122,0.02538,0.0663,292.5,CMEMS,2026-10-09
36.91667,-75.41666,-0.08005,0.01646,0.0817,281.6,CMEMS,2026-10-09
36.91667,-75.33333,-0.09018,0.02084,0.0926,283.0,CMEMS,2026-10-09
36.91667,-75.25,-0.08796,0.01375,0.089,278.9,CMEMS,2026-10-09
36.91667,-75.16666,-0.06509,0.00256,0.0651,272.3,CMEMS,2026-10-09
36.91667,-75.08333,-0.0297,0.00482,0.0301,279.2,CMEMS,2026-10-09
36.91667,-75.0,-0.01087,0.04631,0.0476,346.8,CMEMS,2026-10-09
36.91667,-74.91666,-0.00811,0.0452,0.0459,349.8,CMEMS,2026-10-09
36.91667,-74.83333,-0.00953,0.11378,0.1142,355.2,CMEMS,2026-10-09
36.91667,-74.75,-0.01112,0.18027,0.1806,356.5,CMEMS,2026-10-09
36.91667,-74.66666,-0.03788,0.17532,0.1794,347.8,CMEMS,2026-10-09
36.91667,-74.58333,-0.038,0.0869,0.0948,336.4,CMEMS,2026-10-09
36.91667,-74.5,0.04478,-0.18978,0.195,166.7,CMEMS,2026-10-09
36.91667,-74.41666,0.06816,-0.30209,0.3097,167.3,CMEMS,2026-10-09
36.91667,-74.33333,0.00814,-0.28771,0.2878,178.4,CMEMS,2026-10-09
36.91667,-74.25,-0.03506,-0.31825,0.3202,186.3,CMEMS,2026-10-09
36.91667,-74.16666,-0.03537,-0.37415,0.3758,185.4,CMEMS,2026-10-09
36.91667,-74.08333,-0.02684,-0.38553,0.3865,184.0,CMEMS,2026-10-09
36.91667,-74.0,-0.00452,-0.37034,0.3704,180.7,CMEMS,2026-10-09
36.91667,-73.91666,0.03001,-0.34608,0.3474,175.0,CMEMS,2026-10-09
36.91667,-73.83333,0.06907,-0.31365,0.3212,167.6,CMEMS,2026-10-09
36.91667,-73.75,0.10928,-0.27621,0.297,158.4,CMEMS,2026-10-09
36.91667,-73.66666,0.15918,-0.21708,0.2692,143.7,CMEMS,2026-10-09
36.91667,-73.58333,0.22103,-0.13247,0.2577,120.9,CMEMS,2026-10-09
36.91667,-73.5,0.2816,-0.04446,0.2851,99.0,CMEMS,2026-10-09
36.91667,-73.41666,0.33572,0.04548,0.3388,82.3,CMEMS,2026-10-09
36.91667,-73.33333,0.39911,0.13463,0.4212,71.4,CMEMS,2026-10-09
36.91667,-73.25,0.48057,0.1978,0.5197,67.6,CMEMS,2026-10-09
36.91667,-73.16666,0.59407,0.27075,0.6529,65.5,CMEMS,2026-10-09
36.91667,-73.08333,0.75329,0.3611,0.8354,64.4,CMEMS,2026-10-09
36.91667,-73.0,0.95175,0.48908,1.0701,62.8,CMEMS,2026-10-09
36.91667,-72.91666,1.16103,0.65442,1.3328,60.6,CMEMS,2026-10-09
36.91667,-72.83333,1.34821,0.81186,1.5738,58.9,CMEMS,2026-10-09
36.91667,-72.75,1.48863,0.93135,1.756,58.0,CMEMS,2026-10-09
36.91667,-72.66666,1.5878,0.98979,1.871,58.1,CMEMS,2026-10-09
36.91667,-72.58333,1.65969,0.99917,1.9372,59.0,CMEMS,2026-10-09
36.91667,-72.5,1.7014,0.99318,1.9701,59.7,CMEMS,2026-10-09
36.91667,-72.41666,1.70657,1.00077,1.9784,59.6,CMEMS,2026-10-09
36.91667,-72.33333,1.67179,1.00849,1.9524,58.9,CMEMS,2026-10-09
36.91667,-72.25,1.59318,0.98599,1.8736,58.2,CMEMS,2026-10-09
37.0,-76.5,-0.00241,-0.01722,0.0174,188.0,CMEMS,2026-10-09
37.0,-76.41666,0.00919,-0.01366,0.0165,146.1,CMEMS,2026-10-09
37.0,-76.33333,0.02934,0.00247,0.0294,85.2,CMEMS,2026-10-09
37.0,-76.25,0.01862,0.00601,0.0196,72.1,CMEMS,2026-10-09
37.0,-76.16666,-0.0172,0.02438,0.0298,324.8,CMEMS,2026-10-09
37.0,-76.08333,-0.04436,0.03474,0.0563,308.1,CMEMS,2026-10-09
37.0,-76.0,-0.0784,-0.01914,0.0807,256.3,CMEMS,2026-10-09
37.0,-75.91666,-0.08428,-0.01923,0.0864,257.1,CMEMS,2026-10-09
37.0,-75.83333,-0.07593,-0.09572,0.1222,218.4,CMEMS,2026-10-09
37.0,-75.75,-0.06756,-0.04934,0.0837,233.9,CMEMS,2026-10-09
37.0,-75.66666,-0.05793,-0.03193,0.0661,241.1,CMEMS,2026-10-09
37.0,-75.58333,-0.04862,0.02439,0.0544,296.6,CMEMS,2026-10-09
37.0,-75.5,-0.05458,0.04138,0.0685,307.2,CMEMS,2026-10-09
37.0,-75.41666,-0.07525,0.03843,0.0845,297.1,CMEMS,2026-10-09
37.0,-75.33333,-0.08961,0.03383,0.0958,290.7,CMEMS,2026-10-09
37.0,-75.25,-0.08264,-0.00458,0.0828,266.8,CMEMS,2026-10-09
37.0,-75.16666,-0.05153,-0.04026,0.0654,232.0,CMEMS,2026-10-09
37.0,-75.08333,-0.01134,-0.02767,0.0299,202.3,CMEMS,2026-10-09
37.0,-75.0,0.00917,0.05646,0.0572,9.2,CMEMS,2026-10-09
37.0,-74.91666,0.01822,0.10706,0.1086,9.7,CMEMS,2026-10-09
37.0,-74.83333,-0.00032,0.14231,0.1423,359.9,CMEMS,2026-10-09
37.0,-74.75,-0.0726,0.22414,0.2356,342.1,CMEMS,2026-10-09
37.0,-74.66666,-0.13089,0.17489,0.2184,323.2,CMEMS,2026-10-09
37.0,-74.58333,-0.05676,-0.06032,0.0828,223.3,CMEMS,2026-10-09
37.0,-74.5,0.05466,-0.23682,0.243,167.0,CMEMS,2026-10-09
37.0,-74.41666,0.02642,-0.24467,0.2461,173.8,CMEMS,2026-10-09
37.0,-74.33333,-0.04947,-0.22636,0.2317,192.3,CMEMS,2026-10-09
37.0,-74.25,-0.08956,-0.3027,0.3157,196.5,CMEMS,2026-10-09
37.0,-74.16666,-0.09558,-0.39076,0.4023,193.7,CMEMS,2026-10-09
37.0,-74.08333,-0.08552,-0.43184,0.4402,191.2,CMEMS,2026-10-09
37.0,-74.0,-0.05793,-0.43127,0.4351,187.7,CMEMS,2026-10-09
37.0,-73.91666,-0.01716,-0.41173,0.4121,182.4,CMEMS,2026-10-09
37.0,-73.83333,0.02616,-0.37543,0.3763,176.0,CMEMS,2026-10-09
37.0,-73.75,0.06305,-0.33085,0.3368,169.2,CMEMS,2026-10-09
37.0,-73.66666,0.09296,-0.27726,0.2924,161.5,CMEMS,2026-10-09
37.0,-73.58333,0.1258,-0.19359,0.2309,147.0,CMEMS,2026-10-09
37.0,-73.5,0.16561,-0.09114,0.189,118.8,CMEMS,2026-10-09
37.0,-73.41666,0.19453,0.00805,0.1947,87.6,CMEMS,2026-10-09
37.0,-73.33333,0.2061,0.0841,0.2226,67.8,CMEMS,2026-10-09
37.0,-73.25,0.22053,0.11983,0.251,61.5,CMEMS,2026-10-09
37.0,-73.16666,0.25744,0.15395,0.3,59.1,CMEMS,2026-10-09
37.0,-73.08333,0.33408,0.19158,0.3851,60.2,CMEMS,2026-10-09
37.0,-73.0,0.45753,0.26212,0.5273,60.2,CMEMS,2026-10-09
37.0,-72.91666,0.62823,0.36732,0.7277,59.7,CMEMS,2026-10-09
37.0,-72.83333,0.84225,0.51463,0.987,58.6,CMEMS,2026-10-09
37.0,-72.75,1.07462,0.68655,1.2752,57.4,CMEMS,2026-10-09
37.0,-72.66666,1.2927,0.84955,1.5469,56.7,CMEMS,2026-10-09
37.0,-72.58333,1.46439,0.95748,1.7496,56.8,CMEMS,2026-10-09
37.0,-72.5,1.58469,1.00299,1.8754,57.7,CMEMS,2026-10-09
37.0,-72.41666,1.65999,1.00209,1.939,58.9,CMEMS,2026-10-09
37.0,-72.33333,1.69802,1.00072,1.971,59.5,CMEMS,2026-10-09
37.0,-72.25,1.69851,1.01244,1.9774,59.2,CMEMS,2026-10-09
37.08334,-76.58333,-0.00375,-0.01735,0.0178,192.2,CMEMS,2026-10-09
37.08334,-76.5,-0.00206,-0.01664,0.0168,187.0,CMEMS,2026-10-09
37.08334,-76.25,-0.01644,-0.00023,0.0164,269.2,CMEMS,2026-10-09
37.08334,-76.16666,-0.03939,0.03723,0.0542,313.4,CMEMS,2026-10-09
37.08334,-76.08333,-0.08672,0.0391,0.0951,294.3,CMEMS,2026-10-09
37.08334,-76.0,-0.09728,-0.0272,0.101,254.4,CMEMS,2026-10-09
37.08334,-75.91666,-0.07604,-0.019,0.0784,256.0,CMEMS,2026-10-09
37.08334,-75.83333,-0.05522,-0.1018,0.1158,208.5,CMEMS,2026-10-09
37.08334,-75.75,-0.05194,-0.06922,0.0865,216.9,CMEMS,2026-10-09
37.08334,-75.66666,-0.07044,-0.08501,0.1104,219.6,CMEMS,2026-10-09
37.08334,-75.58333,-0.06674,0.01429,0.0683,282.1,CMEMS,2026-10-09
37.08334,-75.5,-0.05348,0.05254,0.075,314.5,CMEMS,2026-10-09
37.08334,-75.41666,-0.05304,0.05286,0.0749,314.9,CMEMS,2026-10-09
37.08334,-75.33333,-0.06255,0.05081,0.0806,309.1,CMEMS,2026-10-09
37.08334,-75.25,-0.07742,0.00148,0.0774,271.1,CMEMS,2026-10-09
37.08334,-75.16666,-0.09308,-0.06887,0.1158,233.5,CMEMS,2026-10-09
37.08334,-75.08333,-0.09878,-0.05904,0.1151,239.1,CMEMS,2026-10-09
37.08334,-75.0,-0.09179,0.01951,0.0938,282.0,CMEMS,2026-10-09
37.08334,-74.91666,-0.07986,0.12031,0.1444,326.4,CMEMS,2026-10-09
37.08334,-74.83333,-0.11114,0.21304,0.2403,332.4,CMEMS,2026-10-09
37.08334,-74.75,-0.16336,0.24728,0.2964,326.5,CMEMS,2026-10-09
37.08334,-74.66666,-0.10154,0.0578,0.1168,299.7,CMEMS,2026-10-09
37.08334,-74.58333,0.02279,-0.17274,0.1742,172.5,CMEMS,2026-10-09
37.08334,-74.5,0.05229,-0.1892,0.1963,164.5,CMEMS,2026-10-09
37.08334,-74.41666,-0.00975,-0.14057,0.1409,184.0,CMEMS,2026-10-09
37.08334,-74.33333,-0.07928,-0.16114,0.1796,206.2,CMEMS,2026-10-09
37.08334,-74.25,-0.10703,-0.27863,0.2985,201.0,CMEMS,2026-10-09
37.08334,-74.16666,-0.1151,-0.39647,0.4128,196.2,CMEMS,2026-10-09
37.08334,-74.08333,-0.10597,-0.46571,0.4776,192.8,CMEMS,2026-10-09
37.08334,-74.0,-0.0799,-0.48053,0.4871,189.4,CMEMS,2026-10-09
37.08334,-73.91666,-0.04246,-0.46624,0.4682,185.2,CMEMS,2026-10-09
37.08334,-73.83333,-0.00273,-0.43298,0.433,180.4,CMEMS,2026-10-09
37.08334,-73.75,0.03218,-0.38626,0.3876,175.2,CMEMS,2026-10-09
37.08334,-73.66666,0.05691,-0.31763,0.3227,169.8,CMEMS,2026-10-09
37.08334,-73.58333,0.07752,-0.23915,0.2514,162.0,CMEMS,2026-10-09
37.08334,-73.5,0.10878,-0.15371,0.1883,144.7,CMEMS,2026-10-09
37.08334,-73.41666,0.13935,-0.00787,0.1396,93.2,CMEMS,2026-10-09
37.08334,-73.33333,0.1428,0.0949,0.1715,56.4,CMEMS,2026-10-09
37.08334,-73.25,0.12622,0.12704,0.1791,44.8,CMEMS,2026-10-09
37.08334,-73.16666,0.11687,0.12497,0.1711,43.1,CMEMS,2026-10-09
37.08334,-73.08333,0.12805,0.1076,0.1673,50.0,CMEMS,2026-10-09
37.08334,-73.0,0.16922,0.10874,0.2011,57.3,CMEMS,2026-10-09
37.08334,-72.91666,0.25273,0.14119,0.2895,60.8,CMEMS,2026-10-09
37.08334,-72.83333,0.38668,0.19783,0.4343,62.9,CMEMS,2026-10-09
37.08334,-72.75,0.58,0.3172,0.6611,61.3,CMEMS,2026-10-09
37.08334,-72.66666,0.82573,0.47951,0.9549,59.9,CMEMS,2026-10-09
37.08334,-72.58333,1.08392,0.65753,1.2678,58.8,CMEMS,2026-10-09
37.08334,-72.5,1.31469,0.8173,1.548,58.1,CMEMS,2026-10-09
37.08334,-72.41666,1.4903,0.93038,1.7569,58.0,CMEMS,2026-10-09
37.08334,-72.33333,1.60086,0.99331,1.884,58.2,CMEMS,2026-10-09
37.08334,-72.25,1.65765,1.01376,1.9431,58.6,CMEMS,2026-10-09
37.16667,-76.25,-0.01489,0.01509,0.0212,315.4,CMEMS,2026-10-09
37.16667,-76.16666,-0.0524,0.04317,0.0679,309.5,CMEMS,2026-10-09
37.16667,-76.08333,-0.10561,0.03869,0.1125,290.1,CMEMS,2026-10-09
37.16667,-76.0,-0.09558,0.01448,0.0967,278.6,CMEMS,2026-10-09
37.16667,-75.91666,-0.04898,-0.01919,0.0526,248.6,CMEMS,2026-10-09
37.16667,-75.83333,-0.00651,-0.07061,0.0709,185.3,CMEMS,2026-10-09
37.16667,-75.75,0.00331,-0.06349,0.0636,177.0,CMEMS,2026-10-09
37.16667,-75.66666,-0.04071,-0.10543,0.113,201.1,CMEMS,2026-10-09
37.16667,-75.58333,-0.06151,-0.03745,0.072,238.7,CMEMS,2026-10-09
37.16667,-75.5,-0.04037,0.01592,0.0434,291.5,CMEMS,2026-10-09
37.16667,-75.41666,-0.03022,0.03391,0.0454,318.3,CMEMS,2026-10-09
37.16667,-75.33333,-0.02734,0.05377,0.0603,333.1,CMEMS,2026-10-09
37.16667,-75.25,-0.03311,0.02071,0.0391,302.0,CMEMS,2026-10-09
37.16667,-75.16666,-0.06427,-0.02221,0.068,250.9,CMEMS,2026-10-09
37.16667,-75.08333,-0.09659,-0.05919,0.1133,238.5,CMEMS,2026-10-09
37.16667,-75.0,-0.10428,-0.00738,0.1045,266.0,CMEMS,2026-10-09
37.16667,-74.91666,-0.11326,0.14428,0.1834,321.9,CMEMS,2026-10-09
37.16667,-74.83333,-0.14011,0.25119,0.2876,330.8,CMEMS,2026-10-09
37.16667,-74.75,-0.1111,0.17415,0.2066,327.5,CMEMS,2026-10-09
37.16667,-74.66666,-0.03873,-0.04573,0.0599,220.3,CMEMS,2026-10-09
37.16667,-74.58333,-0.00899,-0.17485,0.1751,182.9,CMEMS,2026-10-09
37.16667,-74.5,-0.02328,-0.13965,0.1416,189.5,CMEMS,2026-10-09
37.16667,-74.41666,-0.05287,-0.07311,0.0902,215.9,CMEMS,2026-10-09
37.16667,-74.33333,-0.08089,-0.12595,0.1497,212.7,CMEMS,2026-10-09
37.16667,-74.25,-0.10245,-0.25462,0.2745,201.9,CMEMS,2026-10-09
37.16667,-74.16666,-0.11555,-0.39318,0.4098,196.4,CMEMS,2026-10-09
37.16667,-74.08333,-0.11342,-0.48,0.4932,193.3,CMEMS,2026-10-09
37.16667,-74.0,-0.09723,-0.5046,0.5139,190.9,CMEMS,2026-10-09
37.16667,-73.91666,-0.07136,-0.49675,0.5018,188.2,CMEMS,2026-10-09
37.16667,-73.83333,-0.04366,-0.47221,0.4742,185.3,CMEMS,2026-10-09
37.16667,-73.75,-0.01939,-0.42855,0.429,182.6,CMEMS,2026-10-09
37.16667,-73.66666,0.00397,-0.35645,0.3565,179.4,CMEMS,2026-10-09
37.16667,-73.58333,0.02722,-0.258,0.2594,174.0,CMEMS,2026-10-09
37.16667,-73.5,0.05096,-0.18546,0.1923,164.6,CMEMS,2026-10-09
37.16667,-73.41666,0.08315,-0.06553,0.1059,128.2,CMEMS,2026-10-09
37.16667,-73.33333,0.1064,0.10681,0.1508,44.9,CMEMS,2026-10-09
37.16667,-73.25,0.10137,0.1691,0.1972,30.9,CMEMS,2026-10-09
37.16667,-73.16666,0.08163,0.15639,0.1764,27.6,CMEMS,2026-10-09
37.16667,-73.08333,0.07036,0.11675,0.1363,31.1,CMEMS,2026-10-09
37.16667,-73.0,0.08144,0.07626,0.1116,46.9,CMEMS,2026-10-09
37.16667,-72.91666,0.11637,0.06166,0.1317,62.1,CMEMS,2026-10-09
37.16667,-72.83333,0.17592,0.04715,0.1821,75.0,CMEMS,2026-10-09
37.16667,-72.75,0.27283,0.0878,0.2866,72.2,CMEMS,2026-10-09
37.16667,-72.66666,0.42361,0.13572,0.4448,72.2,CMEMS,2026-10-09
37.16667,-72.58333,0.63358,0.25515,0.683,68.1,CMEMS,2026-10-09
37.16667,-72.5,0.88525,0.41432,0.9774,64.9,CMEMS,2026-10-09
37.16667,-72.41666,1.13849,0.59342,1.2839,62.5,CMEMS,2026-10-09
37.16667,-72.33333,1.35581,0.76577,1.5571,60.5,CMEMS,2026-10-09
37.16667,-72.25,1.51058,0.91054,1.7638,58.9,CMEMS,2026-10-09
37.25,-76.41666,-0.01158,-0.00186,0.0117,260.9,CMEMS,2026-10-09
37.25,-76.33333,-0.01408,-0.00183,0.0142,262.6,CMEMS,2026-10-09
37.25,-76.25,-0.00349,0.00121,0.0037,289.2,CMEMS,2026-10-09
37.25,-76.16666,-0.02851,0.04088,0.0498,325.1,CMEMS,2026-10-09
37.25,-76.08333,-0.07216,0.05902,0.0932,309.3,CMEMS,2026-10-09
37.25,-76.0,-0.07129,0.04065,0.0821,299.7,CMEMS,2026-10-09
37.25,-75.83333,0.04194,0.02135,0.0471,63.0,CMEMS,2026-10-09
37.25,-75.75,0.06034,0.04618,0.076,52.6,CMEMS,2026-10-09
37.25,-75.66666,0.03826,-0.02014,0.0432,117.8,CMEMS,2026-10-09
37.25,-75.58333,-0.00599,-0.05981,0.0601,185.7,CMEMS,2026-10-09
37.25,-75.5,-0.02877,0.005,0.0292,279.9,CMEMS,2026-10-09
37.25,-75.41666,-0.01798,0.01733,0.025,314.0,CMEMS,2026-10-09
37.25,-75.33333,-0.00641,0.0522,0.0526,353.0,CMEMS,2026-10-09
37.25,-75.25,0.00247,0.01993,0.0201,7.1,CMEMS,2026-10-09
37.25,-75.16666,-0.01487,0.01867,0.0239,321.5,CMEMS,2026-10-09
37.25,-75.08333,-0.04921,0.00633,0.0496,277.3,CMEMS,2026-10-09
37.25,-75.0,-0.05642,-0.01717,0.059,253.1,CMEMS,2026-10-09
37.25,-74.91666,-0.07121,0.12547,0.1443,330.4,CMEMS,2026-10-09
37.25,-74.83333,-0.09027,0.21109,0.2296,336.8,CMEMS,2026-10-09
37.25,-74.75,-0.05639,0.09464,0.1102,329.2,CMEMS,2026-10-09
37.25,-74.66666,-0.06072,-0.05315,0.0807,228.8,CMEMS,2026-10-09
37.25,-74.58333,-0.09415,-0.19007,0.2121,206.4,CMEMS,2026-10-09
37.25,-74.5,-0.08596,-0.18199,0.2013,205.3,CMEMS,2026-10-09
37.25,-74.41666,-0.07147,-0.08023,0.1075,221.7,CMEMS,2026-10-09
37.25,-74.33333,-0.07478,-0.09231,0.1188,219.0,CMEMS,2026-10-09
37.25,-74.25,-0.09194,-0.22104,0.2394,202.6,CMEMS,2026-10-09
37.25,-74.16666,-0.10551,-0.37159,0.3863,195.9,CMEMS,2026-10-09
37.25,-74.08333,-0.10897,-0.47555,0.4879,192.9,CMEMS,2026-10-09
37.25,-74.0,-0.10683,-0.51845,0.5293,191.6,CMEMS,2026-10-09
37.25,-73.91666,-0.09524,-0.52043,0.5291,190.4,CMEMS,2026-10-09
37.25,-73.83333,-0.07885,-0.50568,0.5118,188.9,CMEMS,2026-10-09
37.25,-73.75,-0.06917,-0.46702,0.4721,188.4,CMEMS,2026-10-09
37.25,-73.66666,-0.05256,-0.39787,0.4013,187.5,CMEMS,2026-10-09
37.25,-73.58333,-0.02442,-0.30005,0.301,184.7,CMEMS,2026-10-09
37.25,-73.5,0.0016,-0.19562,0.1956,179.5,CMEMS,2026-10-09
37.25,-73.41666,0.02738,-0.11406,0.1173,166.5,CMEMS,2026-10-09
37.25,-73.33333,0.0558,0.07843,0.0962,35.4,CMEMS,2026-10-09
37.25,-73.25,0.07554,0.18462,0.1995,22.3,CMEMS,2026-10-09
37.25,-73.16666,0.08042,0.18103,0.1981,24.0,CMEMS,2026-10-09
37.25,-73.08333,0.08551,0.13122,0.1566,33.1,CMEMS,2026-10-09
37.25,-73.0,0.10273,0.07437,0.1268,54.1,CMEMS,2026-10-09
37.25,-72.91666,0.13278,0.03437,0.1372,75.5,CMEMS,2026-10-09
37.25,-72.83333,0.1811,0.01524,0.1817,85.2,CMEMS,2026-10-09
37.25,-72.75,0.24386,0.02827,0.2455,83.4,CMEMS,2026-10-09
37.25,-72.66666,0.31634,0.05051,0.3203,80.9,CMEMS,2026-10-09
37.25,-72.58333,0.40122,0.10136,0.4138,75.8,CMEMS,2026-10-09
37.25,-72.5,0.51685,0.17329,0.5451,71.5,CMEMS,2026-10-09
37.25,-72.41666,0.67561,0.28688,0.734,67.0,CMEMS,2026-10-09
37.25,-72.33333,0.87474,0.43871,0.9786,63.4,CMEMS,2026-10-09
37.25,-72.25,1.09202,0.61569,1.2536,60.6,CMEMS,2026-10-09
37.33334,-76.33333,-0.01068,0.00222,0.0109,281.8,CMEMS,2026-10-09
37.33334,-76.25,-0.01612,0.01593,0.0227,314.7,CMEMS,2026-10-09
37.33334,-76.16666,-0.04933,0.01527,0.0516,287.2,CMEMS,2026-10-09
37.33334,-76.08333,-0.07441,0.07042,0.1024,313.4,CMEMS,2026-10-09
37.33334,-76.0,-0.05353,0.04297,0.0686,308.8,CMEMS,2026-10-09
37.33334,-75.75,0.04413,0.06353,0.0774,34.8,CMEMS,2026-10-09
37.33334,-75.66666,0.04653,0.01056,0.0477,77.2,CMEMS,2026-10-09
37.33334,-75.58333,0.0255,-0.04781,0.0542,151.9,CMEMS,2026-10-09
37.33334,-75.5,-0.01095,-0.00611,0.0125,240.8,CMEMS,2026-10-09
37.33334,-75.41666,-0.01521,0.00072,0.0152,272.7,CMEMS,2026-10-09
37.33334,-75.33333,-0.00484,0.03506,0.0354,352.1,CMEMS,2026-10-09
37.33334,-75.25,-0.00533,0.02837,0.0289,349.4,CMEMS,2026-10-09
37.33334,-75.16666,-0.01392,0.03269,0.0355,336.9,CMEMS,2026-10-09
37.33334,-75.08333,-0.0373,0.03691,0.0525,314.7,CMEMS,2026-10-09
37.33334,-75.0,-0.06332,0.02688,0.0688,293.0,CMEMS,2026-10-09
37.33334,-74.91666,-0.07038,0.08864,0.1132,321.6,CMEMS,2026-10-09
37.33334,-74.83333,-0.04311,0.13837,0.1449,342.7,CMEMS,2026-10-09
37.33334,-74.75,-0.0383,0.08775,0.0957,336.4,CMEMS,2026-10-09
37.33334,-74.66666,-0.03804,-0.05132,0.0639,216.5,CMEMS,2026-10-09
37.33334,-74.58333,-0.00996,-0.18536,0.1856,183.1,CMEMS,2026-10-09
37.33334,-74.5,-0.01269,-0.17118,0.1716,184.2,CMEMS,2026-10-09
37.33334,-74.41666,-0.03934,-0.09893,0.1065,201.7,CMEMS,2026-10-09
37.33334,-74.33333,-0.06741,-0.06745,0.0954,225.0,CMEMS,2026-10-09
37.33334,-74.25,-0.08378,-0.18751,0.2054,204.1,CMEMS,2026-10-09
37.33334,-74.16666,-0.09669,-0.34061,0.3541,195.8,CMEMS,2026-10-09
37.33334,-74.08333,-0.10591,-0.45654,0.4687,193.1,CMEMS,2026-10-09
37.33334,-74.0,-0.11351,-0.51948,0.5317,192.3,CMEMS,2026-10-09
37.33334,-73.91666,-0.11115,-0.53077,0.5423,191.8,CMEMS,2026-10-09
37.33334,-73.83333,-0.09994,-0.52557,0.535,190.8,CMEMS,2026-10-09
37.33334,-73.75,-0.09466,-0.49145,0.5005,190.9,CMEMS,2026-10-09
37.33334,-73.66666,-0.08456,-0.42757,0.4358,191.2,CMEMS,2026-10-09
37.33334,-73.58333,-0.06105,-0.33609,0.3416,190.3,CMEMS,2026-10-09
37.33334,-73.5,-0.03794,-0.23358,0.2366,189.2,CMEMS,2026-10-09
37.33334,-73.41666,-0.01388,-0.13405,0.1348,185.9,CMEMS,2026-10-09
37.33334,-73.33333,0.00993,0.02602,0.0279,20.9,CMEMS,2026-10-09
37.33334,-73.25,0.03523,0.16919,0.1728,11.8,CMEMS,2026-10-09
37.33334,-73.16666,0.05832,0.17911,0.1884,18.0,CMEMS,2026-10-09
37.33334,-73.08333,0.07832,0.1223,0.1452,32.6,CMEMS,2026-10-09
37.33334,-73.0,0.0973,0.04604,0.1076,64.7,CMEMS,2026-10-09
37.33334,-72.91666,0.12808,-0.0191,0.1295,98.5,CMEMS,2026-10-09
37.33334,-72.83333,0.18314,-0.05944,0.1925,108.0,CMEMS,2026-10-09
37.33334,-72.75,0.25806,-0.06696,0.2666,104.5,CMEMS,2026-10-09
37.33334,-72.66666,0.34523,-0.03199,0.3467,95.3,CMEMS,2026-10-09
37.33334,-72.58333,0.43167,0.02962,0.4327,86.1,CMEMS,2026-10-09
37.33334,-72.5,0.50997,0.10966,0.5216,77.9,CMEMS,2026-10-09
37.33334,-72.41666,0.57917,0.18894,0.6092,71.9,CMEMS,2026-10-09
37.33334,-72.33333,0.64957,0.27541,0.7055,67.0,CMEMS,2026-10-09
37.33334,-72.25,0.74722,0.3773,0.8371,63.2,CMEMS,2026-10-09
37.41667,-76.16666,-0.04843,0.03075,0.0574,302.4,CMEMS,2026-10-09
37.41667,-76.08333,-0.0558,0.04829,0.0738,310.9,CMEMS,2026-10-09
37.41667,-76.0,-0.05967,0.03574,0.0696,300.9,CMEMS,2026-10-09
37.41667,-75.75,0.02768,0.04538,0.0532,31.4,CMEMS,2026-10-09
37.41667,-75.66666,0.03198,0.02605,0.0412,50.8,CMEMS,2026-10-09
37.41667,-75.58333,0.03264,0.0162,0.0364,63.6,CMEMS,2026-10-09
37.41667,-75.5,0.01861,0.01302,0.0227,55.0,CMEMS,2026-10-09
37.41667,-75.41666,0.00128,0.01307,0.0131,5.6,CMEMS,2026-10-09
37.41667,-75.33333,-0.00522,0.03773,0.0381,352.1,CMEMS,2026-10-09
37.41667,-75.25,-0.00949,0.05104,0.0519,349.5,CMEMS,2026-10-09
37.41667,-75.16666,-0.01807,0.05262,0.0556,341.1,CMEMS,2026-10-09
37.41667,-75.08333,-0.02719,0.05678,0.063,334.4,CMEMS,2026-10-09
37.41667,-75.0,-0.04163,0.06923,0.0808,329.0,CMEMS,2026-10-09
37.41667,-74.91666,-0.03027,0.0665,0.0731,335.5,CMEMS,2026-10-09
37.41667,-74.83333,-0.02084,0.10197,0.1041,348.5,CMEMS,2026-10-09
37.41667,-74.75,-0.02399,0.07389,0.0777,342.0,CMEMS,2026-10-09
37.41667,-74.66666,0.03533,-0.09956,0.1056,160.5,CMEMS,2026-10-09
37.41667,-74.58333,0.08415,-0.14448,0.1672,149.8,CMEMS,2026-10-09
37.41667,-74.5,0.01186,-0.06958,0.0706,170.3,CMEMS,2026-10-09
37.41667,-74.41666,-0.07434,-0.03459,0.082,245.1,CMEMS,2026-10-09
37.41667,-74.33333,-0.10441,-0.04436,0.1134,247.0,CMEMS,2026-10-09
37.41667,-74.25,-0.08741,-0.17383,0.1946,206.7,CMEMS,2026-10-09
37.41667,-74.16666,-0.09562,-0.3142,0.3284,196.9,CMEMS,2026-10-09
37.41667,-74.08333,-0.10659,-0.43677,0.4496,193.7,CMEMS,2026-10-09
37.41667,-74.0,-0.11618,-0.50608,0.5192,192.9,CMEMS,2026-10-09
37.41667,-73.91666,-0.12319,-0.52239,0.5367,193.3,CMEMS,2026-10-09
37.41667,-73.83333,-0.12184,-0.52342,0.5374,193.1,CMEMS,2026-10-09
37.41667,-73.75,-0.12363,-0.50064,0.5157,193.9,CMEMS,2026-10-09
37.41667,-73.66666,-0.12111,-0.44162,0.4579,195.3,CMEMS,2026-10-09
37.41667,-73.58333,-0.10539,-0.35829,0.3735,196.4,CMEMS,2026-10-09
37.41667,-73.5,-0.08352,-0.25735,0.2706,198.0,CMEMS,2026-10-09
37.41667,-73.41666,-0.06191,-0.14698,0.1595,202.8,CMEMS,2026-10-09
37.41667,-73.33333,-0.04279,-0.01448,0.0452,251.3,CMEMS,2026-10-09
37.41667,-73.25,-0.01817,0.15133,0.1524,353.2,CMEMS,2026-10-09
37.41667,-73.16666,0.00612,0.16048,0.1606,2.2,CMEMS,2026-10-09
37.41667,-73.08333,0.02365,0.10319,0.1059,12.9,CMEMS,2026-10-09
37.41667,-73.0,0.04573,0.0108,0.047,76.7,CMEMS,2026-10-09
37.41667,-72.91666,0.08856,-0.079,0.1187,131.7,CMEMS,2026-10-09
37.41667,-72.83333,0.1519,-0.144,0.2093,133.5,CMEMS,2026-10-09
37.41667,-72.75,0.23213,-0.17793,0.2925,127.5,CMEMS,2026-10-09
37.41667,-72.66666,0.31907,-0.15891,0.3564,116.5,CMEMS,2026-10-09
37.41667,-72.58333,0.41041,-0.08579,0.4193,101.8,CMEMS,2026-10-09
37.41667,-72.5,0.50262,0.0091,0.5027,89.0,CMEMS,2026-10-09
37.41667,-72.41666,0.58667,0.1178,0.5984,78.6,CMEMS,2026-10-09
37.41667,-72.33333,0.6553,0.2301,0.6945,70.7,CMEMS,2026-10-09
37.41667,-72.25,0.70534,0.32765,0.7777,65.1,CMEMS,2026-10-09
37.5,-76.16666,-0.03532,0.03509,0.0498,314.8,CMEMS,2026-10-09
37.5,-76.08333,-0.05169,0.06607,0.0839,322.0,CMEMS,2026-10-09
37.5,-76.0,-0.05988,0.02257,0.064,290.7,CMEMS,2026-10-09
37.5,-75.75,0.01652,0.02521,0.0301,33.2,CMEMS,2026-10-09
37.5,-75.66666,0.01688,0.02287,0.0284,36.4,CMEMS,2026-10-09
37.5,-75.58333,0.02675,0.01874,0.0327,55.0,CMEMS,2026-10-09
37.5,-75.5,0.03303,0.0206,0.0389,58.0,CMEMS,2026-10-09
37.5,-75.41666,0.01663,0.02472,0.0298,33.9,CMEMS,2026-10-09
37.5,-75.33333,-0.0004,0.04206,0.0421,359.5,CMEMS,2026-10-09
37.5,-75.25,-0.0064,0.05274,0.0531,353.1,CMEMS,2026-10-09
37.5,-75.16666,-0.01001,0.05746,0.0583,350.1,CMEMS,2026-10-09
37.5,-75.08333,-0.0117,0.06944,0.0704,350.4,CMEMS,2026-10-09
37.5,-75.0,-0.011,0.06309,0.064,350.1,CMEMS,2026-10-09
37.5,-74.91666,-9e-05,0.05599,0.056,359.9,CMEMS,2026-10-09
37.5,-74.83333,-0.02209,0.10053,0.1029,347.6,CMEMS,2026-10-09
37.5,-74.75,0.00139,0.03148,0.0315,2.5,CMEMS,2026-10-09
37.5,-74.66666,0.05535,-0.14184,0.1523,158.7,CMEMS,2026-10-09
37.5,-74.58333,-0.01286,-0.03295,0.0354,201.3,CMEMS,2026-10-09
37.5,-74.5,-0.14909,0.0414,0.1547,285.5,CMEMS,2026-10-09
37.5,-74.41666,-0.15949,-0.06394,0.1718,248.2,CMEMS,2026-10-09
37.5,-74.33333,-0.1143,-0.11193,0.16,225.6,CMEMS,2026-10-09
37.5,-74.25,-0.08206,-0.16737,0.1864,206.1,CMEMS,2026-10-09
37.5,-74.16666,-0.10287,-0.2693,0.2883,200.9,CMEMS,2026-10-09
37.5,-74.08333,-0.1125,-0.40741,0.4227,195.4,CMEMS,2026-10-09
37.5,-74.0,-0.12091,-0.47101,0.4863,194.4,CMEMS,2026-10-09
37.5,-73.91666,-0.13481,-0.49228,0.5104,195.3,CMEMS,2026-10-09
37.5,-73.83333,-0.14368,-0.50886,0.5288,195.8,CMEMS,2026-10-09
37.5,-73.75,-0.15277,-0.50532,0.5279,196.8,CMEMS,2026-10-09
37.5,-73.66666,-0.15393,-0.4605,0.4855,198.5,CMEMS,2026-10-09
37.5,-73.58333,-0.14179,-0.38393,0.4093,200.3,CMEMS,2026-10-09
37.5,-73.5,-0.11864,-0.27711,0.3014,203.2,CMEMS,2026-10-09
37.5,-73.41666,-0.09809,-0.159,0.1868,211.7,CMEMS,2026-10-09
37.5,-73.33333,-0.075,-0.03758,0.0839,243.4,CMEMS,2026-10-09
37.5,-73.25,-0.05162,0.12839,0.1384,338.1,CMEMS,2026-10-09
37.5,-73.16666,-0.03337,0.14659,0.1503,347.2,CMEMS,2026-10-09
37.5,-73.08333,-0.01746,0.08803,0.0897,348.8,CMEMS,2026-10-09
37.5,-73.0,0.00382,-0.01484,0.0153,165.5,CMEMS,2026-10-09
37.5,-72.91666,0.03243,-0.11928,0.1236,164.8,CMEMS,2026-10-09
37.5,-72.83333,0.06666,-0.20652,0.217,162.1,CMEMS,2026-10-09
37.5,-72.75,0.10437,-0.26306,0.283,158.4,CMEMS,2026-10-09
37.5,-72.66666,0.14032,-0.2573,0.2931,151.4,CMEMS,2026-10-09
37.5,-72.58333,0.18037,-0.19604,0.2664,137.4,CMEMS,2026-10-09
37.5,-72.5,0.24243,-0.12206,0.2714,116.7,CMEMS,2026-10-09
37.5,-72.41666,0.32989,-0.02764,0.331,94.8,CMEMS,2026-10-09
37.5,-72.33333,0.43363,0.09827,0.4446,77.2,CMEMS,2026-10-09
37.5,-72.25,0.53866,0.23602,0.5881,66.3,CMEMS,2026-10-09
37.58334,-76.25,-0.01268,0.01015,0.0162,308.7,CMEMS,2026-10-09
37.58334,-76.16666,-0.03771,0.04406,0.058,319.4,CMEMS,2026-10-09
37.58334,-76.08333,-0.04415,0.06213,0.0762,324.6,CMEMS,2026-10-09
37.58334,-76.0,-0.03161,0.03165,0.0447,315.0,CMEMS,2026-10-09
37.58334,-75.91666,-0.00644,0.01201,0.0136,331.8,CMEMS,2026-10-09
37.58334,-75.58333,0.0093,0.01524,0.0179,31.4,CMEMS,2026-10-09
37.58334,-75.5,0.00595,0.0144,0.0156,22.5,CMEMS,2026-10-09
37.58334,-75.41666,0.00566,0.02961,0.0301,10.8,CMEMS,2026-10-09
37.58334,-75.33333,0.01086,0.03724,0.0388,16.3,CMEMS,2026-10-09
37.58334,-75.25,0.00764,0.05313,0.0537,8.2,CMEMS,2026-10-09
37.58334,-75.16666,0.00066,0.06095,0.061,0.6,CMEMS,2026-10-09
37.58334,-75.08333,0.00171,0.07066,0.0707,1.4,CMEMS,2026-10-09
37.58334,-75.0,-0.001,0.05481,0.0548,359.0,CMEMS,2026-10-09
37.58334,-74.91666,-0.01291,0.04716,0.0489,344.7,CMEMS,2026-10-09
37.58334,-74.83333,-0.02132,0.0857,0.0883,346.0,CMEMS,2026-10-09
37.58334,-74.75,0.01349,-0.0014,0.0136,95.9,CMEMS,2026-10-09
37.58334,-74.66666,-0.00911,-0.08756,0.088,185.9,CMEMS,2026-10-09
37.58334,-74.58333,-0.11969,0.05384,0.1312,294.2,CMEMS,2026-10-09
37.58334,-74.5,-0.12125,-0.01119,0.1218,264.7,CMEMS,2026-10-09
37.58334,-74.41666,-0.05464,-0.13733,0.1478,201.7,CMEMS,2026-10-09
37.58334,-74.33333,-0.0539,-0.10351,0.1167,207.5,CMEMS,2026-10-09
37.58334,-74.25,-0.10827,-0.1088,0.1535,224.9,CMEMS,2026-10-09
37.58334,-74.16666,-0.14046,-0.22936,0.269,211.5,CMEMS,2026-10-09
37.58334,-74.08333,-0.12853,-0.37914,0.4003,198.7,CMEMS,2026-10-09
37.58334,-74.0,-0.1349,-0.43125,0.4519,197.4,CMEMS,2026-10-09
37.58334,-73.91666,-0.15435,-0.45305,0.4786,198.8,CMEMS,2026-10-09
37.58334,-73.83333,-0.16549,-0.48577,0.5132,198.8,CMEMS,2026-10-09
37.58334,-73.75,-0.17613,-0.50385,0.5337,199.3,CMEMS,2026-10-09
37.58334,-73.66666,-0.17787,-0.47799,0.51,200.4,CMEMS,2026-10-09
37.58334,-73.58333,-0.16665,-0.41292,0.4453,202.0,CMEMS,2026-10-09
37.58334,-73.5,-0.14477,-0.30792,0.3403,205.2,CMEMS,2026-10-09
37.58334,-73.41666,-0.11569,-0.18719,0.2201,211.7,CMEMS,2026-10-09
37.58334,-73.33333,-0.07669,-0.05912,0.0968,232.4,CMEMS,2026-10-09
37.58334,-73.25,-0.04394,0.07579,0.0876,329.9,CMEMS,2026-10-09
37.58334,-73.16666,-0.02391,0.14312,0.1451,350.5,CMEMS,2026-10-09
37.58334,-73.08333,-0.01801,0.08159,0.0835,347.6,CMEMS,2026-10-09
37.58334,-73.0,-0.01702,-0.02079,0.0269,219.3,CMEMS,2026-10-09
37.58334,-72.91666,-0.02126,-0.13452,0.1362,189.0,CMEMS,2026-10-09
37.58334,-72.83333,-0.02511,-0.23957,0.2409,186.0,CMEMS,2026-10-09
37.58334,-72.75,-0.02803,-0.31319,0.3144,185.1,CMEMS,2026-10-09
37.58334,-72.66666,-0.03065,-0.32553,0.327,185.4,CMEMS,2026-10-09
37.58334,-72.58333,-0.00059,-0.28533,0.2853,180.1,CMEMS,2026-10-09
37.58334,-72.5,0.0465,-0.22314,0.2279,168.2,CMEMS,2026-10-09
37.58334,-72.41666,0.10345,-0.15462,0.186,146.2,CMEMS,2026-10-09
37.58334,-72.33333,0.16959,-0.04595,0.1757,105.2,CMEMS,2026-10-09
37.58334,-72.25,0.25057,0.08127,0.2634,72.0,CMEMS,2026-10-09
37.66667,-76.25,-0.01676,0.015,0.0225,311.8,CMEMS,2026-10-09
37.66667,-76.16666,-0.03871,0.01657,0.0421,293.2,CMEMS,2026-10-09
37.66667,-76.08333,-0.02201,0.0521,0.0566,337.1,CMEMS,2026-10-09
37.66667,-76.0,0.00266,0.02701,0.0271,5.6,CMEMS,2026-10-09
37.66667,-75.91666,0.00847,0.02069,0.0224,22.3,CMEMS,2026-10-09
37.66667,-75.83333,0.00846,0.01171,0.0144,35.9,CMEMS,2026-10-09
37.66667,-75.5,-0.00464,0.00955,0.0106,334.1,CMEMS,2026-10-09
37.66667,-75.41666,-0.00218,0.02124,0.0213,354.1,CMEMS,2026-10-09
37.66667,-75.33333,0.00131,0.02519,0.0252,3.0,CMEMS,2026-10-09
37.66667,-75.25,0.00317,0.04785,0.048,3.8,CMEMS,2026-10-09
37.66667,-75.16666,0.01452,0.06137,0.0631,13.3,CMEMS,2026-10-09
37.66667,-75.08333,0.02163,0.06834,0.0717,17.6,CMEMS,2026-10-09
37.66667,-75.0,0.01416,0.06348,0.065,12.6,CMEMS,2026-10-09
37.66667,-74.91666,0.00864,0.08427,0.0847,5.9,CMEMS,2026-10-09
37.66667,-74.83333,-0.00029,0.10415,0.1042,359.8,CMEMS,2026-10-09
37.66667,-74.75,0.00632,-0.00424,0.0076,123.9,CMEMS,2026-10-09
37.66667,-74.66666,-0.02192,-0.01318,0.0256,239.0,CMEMS,2026-10-09
37.66667,-74.58333,-0.08148,0.07446,0.1104,312.4,CMEMS,2026-10-09
37.66667,-74.5,-0.03135,-0.07809,0.0841,201.9,CMEMS,2026-10-09
37.66667,-74.41666,-0.11948,-0.07003,0.1385,239.6,CMEMS,2026-10-09
37.66667,-74.33333,-0.24689,0.00104,0.2469,270.2,CMEMS,2026-10-09
37.66667,-74.25,-0.24372,-0.11214,0.2683,245.3,CMEMS,2026-10-09
37.66667,-74.16666,-0.18168,-0.27249,0.3275,213.7,CMEMS,2026-10-09
37.66667,-74.08333,-0.13851,-0.36926,0.3944,200.6,CMEMS,2026-10-09
37.66667,-74.0,-0.14782,-0.40373,0.4299,200.1,CMEMS,2026-10-09
37.66667,-73.91666,-0.17259,-0.42261,0.4565,202.2,CMEMS,2026-10-09
37.66667,-73.83333,-0.18634,-0.45953,0.4959,202.1,CMEMS,2026-10-09
37.66667,-73.75,-0.19933,-0.49146,0.5303,202.1,CMEMS,2026-10-09
37.66667,-73.66666,-0.20679,-0.48543,0.5276,203.1,CMEMS,2026-10-09
37.66667,-73.58333,-0.19929,-0.43443,0.478,204.6,CMEMS,2026-10-09
37.66667,-73.5,-0.17452,-0.34264,0.3845,207.0,CMEMS,2026-10-09
37.66667,-73.41666,-0.13781,-0.21473,0.2551,212.7,CMEMS,2026-10-09
37.66667,-73.33333,-0.09146,-0.10043,0.1358,222.3,CMEMS,2026-10-09
37.66667,-73.25,-0.03637,0.01375,0.0389,290.7,CMEMS,2026-10-09
37.66667,-73.16666,0.00161,0.12456,0.1246,0.7,CMEMS,2026-10-09
37.66667,-73.08333,0.00673,0.09661,0.0968,4.0,CMEMS,2026-10-09
37.66667,-73.0,-0.01537,0.00383,0.0158,284.0,CMEMS,2026-10-09
37.66667,-72.91666,-0.05264,-0.10787,0.12,206.0,CMEMS,2026-10-09
37.66667,-72.83333,-0.08834,-0.22207,0.239,201.7,CMEMS,2026-10-09
37.66667,-72.75,-0.11621,-0.31063,0.3317,200.5,CMEMS,2026-10-09
37.66667,-72.66666,-0.13112,-0.35036,0.3741,200.5,CMEMS,2026-10-09
37.66667,-72.58333,-0.11046,-0.33535,0.3531,198.2,CMEMS,2026-10-09
37.66667,-72.5,-0.08398,-0.28325,0.2954,196.5,CMEMS,2026-10-09
37.66667,-72.41666,-0.04866,-0.23395,0.239,191.7,CMEMS,2026-10-09
37.66667,-72.33333,0.0074,-0.13935,0.1395,177.0,CMEMS,2026-10-09
37.66667,-72.25,0.07057,-0.00574,0.0708,94.6,CMEMS,2026-10-09
37.75,-76.25,-0.00859,0.02377,0.0253,340.1,CMEMS,2026-10-09
37.75,-76.16666,-0.0197,0.01278,0.0235,303.0,CMEMS,2026-10-09
37.75,-76.08333,-0.01279,0.03617,0.0384,340.5,CMEMS,2026-10-09
37.75,-76.0,0.00203,0.03368,0.0337,3.5,CMEMS,2026-10-09
37.75,-75.91666,0.006,0.02283,0.0236,14.7,CMEMS,2026-10-09
37.75,-75.83333,0.00487,0.02169,0.0222,12.6,CMEMS,2026-10-09
37.75,-75.5,0.0019,0.01393,0.0141,7.8,CMEMS,2026-10-09
37.75,-75.41666,0.00219,0.01648,0.0166,7.6,CMEMS,2026-10-09
37.75,-75.33333,0.01428,0.01245,0.0189,48.9,CMEMS,2026-10-09
37.75,-75.25,0.02674,0.04099,0.0489,33.1,CMEMS,2026-10-09
37.75,-75.16666,0.03347,0.05402,0.0635,31.8,CMEMS,2026-10-09
37.75,-75.08333,0.02956,0.06317,0.0697,25.1,CMEMS,2026-10-09
37.75,-75.0,0.02709,0.06742,0.0727,21.9,CMEMS,2026-10-09
37.75,-74.91666,0.0235,0.08282,0.0861,15.8,CMEMS,2026-10-09
37.75,-74.83333,0.01348,0.09394,0.0949,8.2,CMEMS,2026-10-09
37.75,-74.75,0.00613,0.01783,0.0189,19.0,CMEMS,2026-10-09
37.75,-74.66666,-0.01361,0.0221,0.026,328.4,CMEMS,2026-10-09
37.75,-74.58333,-0.06313,0.09001,0.1099,325.0,CMEMS,2026-10-09
37.75,-74.5,-0.15138,0.03523,0.1554,283.1,CMEMS,2026-10-09
37.75,-74.41666,-0.29426,0.06268,0.3009,282.0,CMEMS,2026-10-09
37.75,-74.33333,-0.31329,-0.05124,0.3175,260.7,CMEMS,2026-10-09
37.75,-74.25,-0.25008,-0.23073,0.3403,227.3,CMEMS,2026-10-09
37.75,-74.16666,-0.15822,-0.3375,0.3728,205.1,CMEMS,2026-10-09
37.75,-74.08333,-0.12505,-0.36294,0.3839,199.0,CMEMS,2026-10-09
37.75,-74.0,-0.14746,-0.36643,0.395,201.9,CMEMS,2026-10-09
37.75,-73.91666,-0.17751,-0.38349,0.4226,204.8,CMEMS,2026-10-09
37.75,-73.83333,-0.19825,-0.4217,0.466,205.2,CMEMS,2026-10-09
37.75,-73.75,-0.21793,-0.46377,0.5124,205.2,CMEMS,2026-10-09
37.75,-73.66666,-0.23508,-0.48569,0.5396,205.8,CMEMS,2026-10-09
37.75,-73.58333,-0.23362,-0.45603,0.5124,207.1,CMEMS,2026-10-09
37.75,-73.5,-0.21016,-0.38635,0.4398,208.5,CMEMS,2026-10-09
37.75,-73.41666,-0.17236,-0.27652,0.3258,211.9,CMEMS,2026-10-09
37.75,-73.33333,-0.11381,-0.14969,0.188,217.2,CMEMS,2026-10-09
37.75,-73.25,-0.05058,-0.03976,0.0643,231.8,CMEMS,2026-10-09
37.75,-73.16666,0.0113,0.05751,0.0586,11.1,CMEMS,2026-10-09
37.75,-73.08333,0.03704,0.09679,0.1036,20.9,CMEMS,2026-10-09
37.75,-73.0,0.01492,0.04491,0.0473,18.4,CMEMS,2026-10-09
37.75,-72.91666,-0.04076,-0.05381,0.0675,217.1,CMEMS,2026-10-09
37.75,-72.83333,-0.10782,-0.17138,0.2025,212.2,CMEMS,2026-10-09
37.75,-72.75,-0.16843,-0.27657,0.3238,211.3,CMEMS,2026-10-09
37.75,-72.66666,-0.20843,-0.34024,0.399,211.5,CMEMS,2026-10-09
37.75,-72.58333,-0.21699,-0.34768,0.4098,212.0,CMEMS,2026-10-09
37.75,-72.5,-0.22034,-0.30863,0.3792,215.5,CMEMS,2026-10-09
37.75,-72.41666,-0.2183,-0.28103,0.3559,217.8,CMEMS,2026-10-09
37.75,-72.33333,-0.17963,-0.20624,0.2735,221.1,CMEMS,2026-10-09
37.75,-72.25,-0.122,-0.07394,0.1427,238.8,CMEMS,2026-10-09
37.83334,-76.25,0.00924,0.01277,0.0158,35.9,CMEMS,2026-10-09
37.83334,-76.16666,-0.01467,0.0122,0.0191,309.7,CMEMS,2026-10-09
37.83334,-76.08333,-0.0137,0.03465,0.0373,338.4,CMEMS,2026-10-09
37.83334,-76.0,-0.0058,0.02738,0.028,348.0,CMEMS,2026-10-09
37.83334,-75.91666,-0.00086,0.02191,0.0219,357.7,CMEMS,2026-10-09
37.83334,-75.83333,0.00392,0.01558,0.0161,14.1,CMEMS,2026-10-09
37.83334,-75.75,0.00346,0.00634,0.0072,28.6,CMEMS,2026-10-09
37.83334,-75.66666,0.00383,0.00291,0.0048,52.8,CMEMS,2026-10-09
37.83334,-75.41666,0.01578,0.01687,0.0231,43.1,CMEMS,2026-10-09
37.83334,-75.33333,0.0209,0.02413,0.0319,40.9,CMEMS,2026-10-09
37.83334,-75.25,0.0246,0.03473,0.0426,35.3,CMEMS,2026-10-09
37.83334,-75.16666,0.0284,0.05578,0.0626,27.0,CMEMS,2026-10-09
37.83334,-75.08333,0.04013,0.06473,0.0762,31.8,CMEMS,2026-10-09
37.83334,-75.0,0.03584,0.07026,0.0789,27.0,CMEMS,2026-10-09
37.83334,-74.91666,0.03975,0.06751,0.0783,30.5,CMEMS,2026-10-09
37.83334,-74.83333,0.03286,0.09668,0.1021,18.8,CMEMS,2026-10-09
37.83334,-74.75,0.01799,0.05712,0.0599,17.5,CMEMS,2026-10-09
37.83334,-74.66666,-0.0056,0.05563,0.0559,354.3,CMEMS,2026-10-09
37.83334,-74.58333,-0.04424,0.12638,0.1339,340.7,CMEMS,2026-10-09
37.83334,-74.5,-0.09829,0.13608,0.1679,324.2,CMEMS,2026-10-09
37.83334,-74.41666,-0.18773,0.10937,0.2173,300.2,CMEMS,2026-10-09
37.83334,-74.33333,-0.201,-0.06926,0.2126,251.0,CMEMS,2026-10-09
37.83334,-74.25,-0.1699,-0.26002,0.3106,213.2,CMEMS,2026-10-09
37.83334,-74.16666,-0.11632,-0.37457,0.3922,197.3,CMEMS,2026-10-09
37.83334,-74.08333,-0.10658,-0.35166,0.3675,196.9,CMEMS,2026-10-09
37.83334,-74.0,-0.13866,-0.32055,0.3493,203.4,CMEMS,2026-10-09
37.83334,-73.91666,-0.1756,-0.33822,0.3811,207.4,CMEMS,2026-10-09
37.83334,-73.83333,-0.20226,-0.37826,0.4289,208.1,CMEMS,2026-10-09
37.83334,-73.75,-0.22779,-0.42599,0.4831,208.1,CMEMS,2026-10-09
37.83334,-73.66666,-0.25401,-0.47091,0.5351,208.3,CMEMS,2026-10-09
37.83334,-73.58333,-0.26119,-0.47291,0.5402,208.9,CMEMS,2026-10-09
37.83334,-73.5,-0.24376,-0.42792,0.4925,209.7,CMEMS,2026-10-09
37.83334,-73.41666,-0.20866,-0.35194,0.4091,210.7,CMEMS,2026-10-09
37.83334,-73.33333,-0.15483,-0.24239,0.2876,212.6,CMEMS,2026-10-09
37.83334,-73.25,-0.08425,-0.12278,0.1489,214.5,CMEMS,2026-10-09
37.83334,-73.16666,-0.01004,-0.02641,0.0283,200.8,CMEMS,2026-10-09
37.83334,-73.08333,0.04159,0.04719,0.0629,41.4,CMEMS,2026-10-09
37.83334,-73.0,0.0473,0.07561,0.0892,32.0,CMEMS,2026-10-09
37.83334,-72.91666,0.00165,0.02932,0.0294,3.2,CMEMS,2026-10-09
37.83334,-72.83333,-0.078,-0.06881,0.104,228.6,CMEMS,2026-10-09
37.83334,-72.75,-0.16279,-0.18715,0.248,221.0,CMEMS,2026-10-09
37.83334,-72.66666,-0.22907,-0.27992,0.3617,219.3,CMEMS,2026-10-09
37.83334,-72.58333,-0.2657,-0.32174,0.4173,219.6,CMEMS,2026-10-09
37.83334,-72.5,-0.28608,-0.30965,0.4216,222.7,CMEMS,2026-10-09
37.83334,-72.41666,-0.30793,-0.28874,0.4221,226.8,CMEMS,2026-10-09
37.83334,-72.33333,-0.31138,-0.24848,0.3984,231.4,CMEMS,2026-10-09
37.83334,-72.25,-0.27252,-0.15264,0.3124,240.7,CMEMS,2026-10-09
37.91667,-76.16666,-0.03839,0.0145,0.041,290.7,CMEMS,2026-10-09
37.91667,-76.08333,-0.02243,0.01658,0.0279,306.5,CMEMS,2026-10-09
37.91667,-76.0,-0.01253,0.01957,0.0232,327.4,CMEMS,2026-10-09
37.91667,-75.91666,-0.00927,0.01845,0.0207,333.3,CMEMS,2026-10-09
37.91667,-75.83333,-0.00338,0.01522,0.0156,347.5,CMEMS,2026-10-09
37.91667,-75.75,-0.00149,0.00607,0.0062,346.2,CMEMS,2026-10-09
37.91667,-75.66666,0.00025,0.00158,0.0016,9.2,CMEMS,2026-10-09
37.91667,-75.41666,0.01264,0.02004,0.0237,32.2,CMEMS,2026-10-09
37.91667,-75.25,0.01635,0.03555,0.0391,24.7,CMEMS,2026-10-09
37.91667,-75.16666,0.03212,0.05229,0.0614,31.6,CMEMS,2026-10-09
37.91667,-75.08333,0.05523,0.04877,0.0737,48.6,CMEMS,2026-10-09
37.91667,-75.0,0.07278,0.06442,0.0972,48.5,CMEMS,2026-10-09
37.91667,-74.91666,0.07706,0.08091,0.1117,43.6,CMEMS,2026-10-09
37.91667,-74.83333,0.04813,0.08662,0.0991,29.1,CMEMS,2026-10-09
37.91667,-74.75,0.06467,0.07209,0.0968,41.9,CMEMS,2026-10-09
37.91667,-74.66666,0.07259,0.06409,0.0968,48.6,CMEMS,2026-10-09
37.91667,-74.58333,0.03244,0.11918,0.1235,15.2,CMEMS,2026-10-09
37.91667,-74.5,0.02007,0.15136,0.1527,7.6,CMEMS,2026-10-09
37.91667,-74.41666,-0.03473,0.13573,0.1401,345.6,CMEMS,2026-10-09
37.91667,-74.33333,-0.07463,-0.01881,0.077,255.9,CMEMS,2026-10-09
37.91667,-74.25,-0.08064,-0.24863,0.2614,198.0,CMEMS,2026-10-09
37.91667,-74.16666,-0.05996,-0.38376,0.3884,188.9,CMEMS,2026-10-09
37.91667,-74.08333,-0.07967,-0.34369,0.3528,193.1,CMEMS,2026-10-09
37.91667,-74.0,-0.12533,-0.28324,0.3097,203.9,CMEMS,2026-10-09
37.91667,-73.91666,-0.16651,-0.3019,0.3448,208.9,CMEMS,2026-10-09
37.91667,-73.83333,-0.19803,-0.34038,0.3938,210.2,CMEMS,2026-10-09
37.91667,-73.75,-0.22833,-0.38798,0.4502,210.5,CMEMS,2026-10-09
37.91667,-73.66666,-0.26341,-0.44642,0.5183,210.5,CMEMS,2026-10-09
37.91667,-73.58333,-0.28403,-0.47459,0.5531,210.9,CMEMS,2026-10-09
37.91667,-73.5,-0.2822,-0.45071,0.5318,212.1,CMEMS,2026-10-09
37.91667,-73.41666,-0.25835,-0.39887,0.4752,212.9,CMEMS,2026-10-09
37.91667,-73.33333,-0.20823,-0.31991,0.3817,213.1,CMEMS,2026-10-09
37.91667,-73.25,-0.14545,-0.21334,0.2582,214.3,CMEMS,2026-10-09
37.91667,-73.16666,-0.07012,-0.10036,0.1224,214.9,CMEMS,2026-10-09
37.91667,-73.08333,0.00406,-0.01886,0.0193,167.8,CMEMS,2026-10-09
37.91667,-73.0,0.0509,0.04829,0.0702,46.5,CMEMS,2026-10-09
37.91667,-72.91666,0.04763,0.07574,0.0895,32.2,CMEMS,2026-10-09
37.91667,-72.83333,-0.00673,0.03313,0.0338,348.5,CMEMS,2026-10-09
37.91667,-72.75,-0.09641,-0.06735,0.1176,235.1,CMEMS,2026-10-09
37.91667,-72.66666,-0.1896,-0.17817,0.2602,226.8,CMEMS,2026-10-09
37.91667,-72.58333,-0.26026,-0.25508,0.3644,225.6,CMEMS,2026-10-09
37.91667,-72.5,-0.29719,-0.28005,0.4084,226.7,CMEMS,2026-10-09
37.91667,-72.41666,-0.33048,-0.25638,0.4183,232.2,CMEMS,2026-10-09
37.91667,-72.33333,-0.36242,-0.23982,0.4346,236.5,CMEMS,2026-10-09
37.91667,-72.25,-0.36255,-0.19137,0.41,242.2,CMEMS,2026-10-09
38.0,-76.41666,-0.01484,0.00863,0.0172,300.2,CMEMS,2026-10-09
38.0,-76.33333,-0.01493,0.01236,0.0194,309.6,CMEMS,2026-10-09
38.0,-76.25,-0.03414,0.03067,0.0459,311.9,CMEMS,2026-10-09
38.0,-76.16666,-0.01754,0.03856,0.0424,335.5,CMEMS,2026-10-09
38.0,-76.08333,-0.01204,0.01622,0.0202,323.4,CMEMS,2026-10-09
38.0,-76.0,-0.01325,0.01956,0.0236,325.9,CMEMS,2026-10-09
38.0,-75.91666,-0.01665,0.02519,0.0302,326.5,CMEMS,2026-10-09
38.0,-75.33333,-0.00017,0.02225,0.0222,359.6,CMEMS,2026-10-09
38.0,-75.25,0.01726,0.02256,0.0284,37.4,CMEMS,2026-10-09
38.0,-75.16666,0.04104,0.0251,0.0481,58.5,CMEMS,2026-10-09
38.0,-75.08333,0.05439,0.0362,0.0653,56.3,CMEMS,2026-10-09
38.0,-75.0,0.06247,0.04451,0.0767,54.5,CMEMS,2026-10-09
38.0,-74.91666,0.06151,0.06954,0.0928,41.5,CMEMS,2026-10-09
38.0,-74.83333,0.06136,0.07574,0.0975,39.0,CMEMS,2026-10-09
38.0,-74.75,0.07615,0.05578,0.0944,53.8,CMEMS,2026-10-09
38.0,-74.66666,0.09404,0.05517,0.109,59.6,CMEMS,2026-10-09
38.0,-74.58333,0.07209,0.11703,0.1374,31.6,CMEMS,2026-10-09
38.0,-74.5,0.06841,0.14443,0.1598,25.3,CMEMS,2026-10-09
38.0,-74.41666,0.02975,0.13712,0.1403,12.2,CMEMS,2026-10-09
38.0,-74.33333,0.00096,0.02029,0.0203,2.7,CMEMS,2026-10-09
38.0,-74.25,0.0034,-0.19517,0.1952,179.0,CMEMS,2026-10-09
38.0,-74.16666,0.01047,-0.33145,0.3316,178.2,CMEMS,2026-10-09
38.0,-74.08333,-0.04081,-0.28623,0.2891,188.1,CMEMS,2026-10-09
38.0,-74.0,-0.10494,-0.2219,0.2455,205.3,CMEMS,2026-10-09
38.0,-73.91666,-0.15112,-0.2499,0.292,211.2,CMEMS,2026-10-09
38.0,-73.83333,-0.18903,-0.28988,0.3461,213.1,CMEMS,2026-10-09
38.0,-73.75,-0.22226,-0.33378,0.401,213.7,CMEMS,2026-10-09
38.0,-73.66666,-0.26003,-0.39758,0.4751,213.2,CMEMS,2026-10-09
38.0,-73.58333,-0.29132,-0.45312,0.5387,212.7,CMEMS,2026-10-09
38.0,-73.5,-0.30344,-0.46099,0.5519,213.4,CMEMS,2026-10-09
38.0,-73.41666,-0.29879,-0.43551,0.5282,214.5,CMEMS,2026-10-09
38.0,-73.33333,-0.25967,-0.38625,0.4654,213.9,CMEMS,2026-10-09
38.0,-73.25,-0.20374,-0.3099,0.3709,213.3,CMEMS,2026-10-09
38.0,-73.16666,-0.13863,-0.20131,0.2444,214.6,CMEMS,2026-10-09
38.0,-73.08333,-0.06111,-0.09539,0.1133,212.6,CMEMS,2026-10-09
38.0,-73.0,0.00811,-0.0127,0.0151,147.5,CMEMS,2026-10-09
38.0,-72.91666,0.05679,0.0536,0.0781,46.7,CMEMS,2026-10-09
38.0,-72.83333,0.06099,0.07776,0.0988,38.1,CMEMS,2026-10-09
38.0,-72.75,0.0136,0.03684,0.0393,20.3,CMEMS,2026-10-09
38.0,-72.66666,-0.08216,-0.05928,0.1013,234.2,CMEMS,2026-10-09
38.0,-72.58333,-0.18458,-0.1561,0.2417,229.8,CMEMS,2026-10-09
38.0,-72.5,-0.25736,-0.21816,0.3374,229.7,CMEMS,2026-10-09
38.0,-72.41666,-0.30401,-0.22061,0.3756,234.0,CMEMS,2026-10-09
38.0,-72.33333,-0.34714,-0.20337,0.4023,239.6,CMEMS,2026-10-09
38.0,-72.25,-0.38897,-0.18193,0.4294,244.9,CMEMS,2026-10-09
38.08334,-76.5,-0.00612,0.00962,0.0114,327.5,CMEMS,2026-10-09
38.08334,-76.41666,-0.00941,0.01117,0.0146,319.9,CMEMS,2026-10-09
38.08334,-76.33333,-0.01531,0.01506,0.0215,314.5,CMEMS,2026-10-09
38.08334,-76.25,-0.02121,0.02533,0.033,320.1,CMEMS,2026-10-09
38.08334,-76.16666,-0.01446,0.02217,0.0265,326.9,CMEMS,2026-10-09
38.08334,-76.08333,-0.0101,0.0173,0.02,329.7,CMEMS,2026-10-09
38.08334,-76.0,-0.00989,0.01621,0.019,328.6,CMEMS,2026-10-09
38.08334,-75.91666,-0.01209,0.01846,0.0221,326.8,CMEMS,2026-10-09
38.08334,-75.25,0.00345,-0.00189,0.0039,118.7,CMEMS,2026-10-09
38.08334,-75.16666,0.00668,-0.00269,0.0072,112.0,CMEMS,2026-10-09
38.08334,-75.08333,0.01518,0.02165,0.0264,35.0,CMEMS,2026-10-09
38.08334,-75.0,0.01835,0.03684,0.0412,26.5,CMEMS,2026-10-09
38.08334,-74.91666,0.01223,0.06498,0.0661,10.7,CMEMS,2026-10-09
38.08334,-74.83333,0.04801,0.05958,0.0765,38.9,CMEMS,2026-10-09
38.08334,-74.75,0.06262,0.01856,0.0653,73.5,CMEMS,2026-10-09
38.08334,-74.66666,0.04431,0.03094,0.054,55.1,CMEMS,2026-10-09
38.08334,-74.58333,0.04594,0.1236,0.1319,20.4,CMEMS,2026-10-09
38.08334,-74.5,0.07548,0.16511,0.1815,24.6,CMEMS,2026-10-09
38.08334,-74.41666,0.04936,0.1421,0.1504,19.2,CMEMS,2026-10-09
38.08334,-74.33333,0.04811,0.02898,0.0562,58.9,CMEMS,2026-10-09
38.08334,-74.25,0.0655,-0.1569,0.17,157.3,CMEMS,2026-10-09
38.08334,-74.16666,0.05313,-0.2684,0.2736,168.8,CMEMS,2026-10-09
38.08334,-74.08333,-0.02144,-0.21339,0.2145,185.7,CMEMS,2026-10-09
38.08334,-74.0,-0.08901,-0.15081,0.1751,210.5,CMEMS,2026-10-09
38.08334,-73.91666,-0.13257,-0.19408,0.235,214.3,CMEMS,2026-10-09
38.08334,-73.83333,-0.17308,-0.24397,0.2991,215.4,CMEMS,2026-10-09
38.08334,-73.75,-0.20835,-0.28352,0.3518,216.3,CMEMS,2026-10-09
38.08334,-73.66666,-0.24339,-0.34145,0.4193,215.5,CMEMS,2026-10-09
38.08334,-73.58333,-0.28118,-0.40692,0.4946,214.6,CMEMS,2026-10-09
38.08334,-73.5,-0.31026,-0.44721,0.5443,214.8,CMEMS,2026-10-09
38.08334,-73.41666,-0.32403,-0.45337,0.5573,215.6,CMEMS,2026-10-09
38.08334,-73.33333,-0.30188,-0.43444,0.529,214.8,CMEMS,2026-10-09
38.08334,-73.25,-0.25388,-0.39181,0.4669,212.9,CMEMS,2026-10-09
38.08334,-73.16666,-0.19301,-0.31466,0.3691,211.5,CMEMS,2026-10-09
38.08334,-73.08333,-0.12357,-0.20883,0.2427,210.6,CMEMS,2026-10-09
38.08334,-73.0,-0.04944,-0.09983,0.1114,206.3,CMEMS,2026-10-09
38.08334,-72.91666,0.01954,-0.01245,0.0232,122.5,CMEMS,2026-10-09
38.08334,-72.83333,0.06717,0.05427,0.0864,51.1,CMEMS,2026-10-09
38.08334,-72.75,0.07311,0.0877,0.1142,39.8,CMEMS,2026-10-09
38.08334,-72.66666,0.02804,0.07231,0.0776,21.2,CMEMS,2026-10-09
38.08334,-72.58333,-0.06609,0.00647,0.0664,275.6,CMEMS,2026-10-09
38.08334,-72.5,-0.16828,-0.07589,0.1846,245.7,CMEMS,2026-10-09
38.08334,-72.41666,-0.24712,-0.13725,0.2827,241.0,CMEMS,2026-10-09
38.08334,-72.33333,-0.2944,-0.15094,0.3308,242.9,CMEMS,2026-10-09
38.08334,-72.25,-0.32973,-0.13194,0.3551,248.2,CMEMS,2026-10-09
38.16667,-76.83333,-0.00189,-0.00125,0.0023,236.6,CMEMS,2026-10-09
38.16667,-76.75,-0.00356,0.0002,0.0036,273.2,CMEMS,2026-10-09
38.16667,-76.66666,-0.00904,0.00931,0.013,315.9,CMEMS,2026-10-09
38.16667,-76.58333,-0.01351,0.01526,0.0204,318.5,CMEMS,2026-10-09
38.16667,-76.5,-0.00627,0.01657,0.0177,339.3,CMEMS,2026-10-09
38.16667,-76.41666,-0.00173,0.02263,0.0227,355.6,CMEMS,2026-10-09
38.16667,-76.33333,-0.00752,0.02319,0.0244,342.0,CMEMS,2026-10-09
38.16667,-76.25,-0.01456,0.0195,0.0243,323.3,CMEMS,2026-10-09
38.16667,-76.16666,-0.01359,0.01751,0.0222,322.2,CMEMS,2026-10-09
38.16667,-76.08333,-0.0106,0.0159,0.0191,326.3,CMEMS,2026-10-09
38.16667,-76.0,-0.01059,0.01266,0.0165,320.1,CMEMS,2026-10-09
38.16667,-75.91666,-0.01094,0.01236,0.0165,318.5,CMEMS,2026-10-09
38.16667,-75.25,-0.00548,-0.00695,0.0089,218.2,CMEMS,2026-10-09
38.16667,-75.16666,-0.01171,0.00425,0.0125,290.0,CMEMS,2026-10-09
38.16667,-75.08333,-0.0094,0.01539,0.018,328.6,CMEMS,2026-10-09
38.16667,-75.0,-0.01628,0.0354,0.039,335.3,CMEMS,2026-10-09
38.16667,-74.91666,0.00947,0.05568,0.0565,9.7,CMEMS,2026-10-09
38.16667,-74.83333,0.03459,0.03345,0.0481,46.0,CMEMS,2026-10-09
38.16667,-74.75,0.00708,0.01327,0.015,28.1,CMEMS,2026-10-09
38.16667,-74.66666,-0.03147,0.0527,0.0614,329.2,CMEMS,2026-10-09
38.16667,-74.58333,0.01079,0.1066,0.1071,5.8,CMEMS,2026-10-09
38.16667,-74.5,0.01491,0.12951,0.1304,6.6,CMEMS,2026-10-09
38.16667,-74.41666,0.01346,0.10873,0.1096,7.1,CMEMS,2026-10-09
38.16667,-74.33333,0.06774,0.0169,0.0698,76.0,CMEMS,2026-10-09
38.16667,-74.25,0.1035,-0.13628,0.1711,142.8,CMEMS,2026-10-09
38.16667,-74.16666,0.06666,-0.19687,0.2078,161.3,CMEMS,2026-10-09
38.16667,-74.08333,-0.02315,-0.14398,0.1458,189.1,CMEMS,2026-10-09
38.16667,-74.0,-0.08118,-0.10586,0.1334,217.5,CMEMS,2026-10-09
38.16667,-73.91666,-0.11632,-0.14686,0.1873,218.4,CMEMS,2026-10-09
38.16667,-73.83333,-0.14889,-0.20344,0.2521,216.2,CMEMS,2026-10-09
38.16667,-73.75,-0.18278,-0.24591,0.3064,216.6,CMEMS,2026-10-09
38.16667,-73.66666,-0.21575,-0.29284,0.3637,216.4,CMEMS,2026-10-09
38.16667,-73.58333,-0.25347,-0.35727,0.438,215.4,CMEMS,2026-10-09
38.16667,-73.5,-0.30294,-0.4154,0.5141,216.1,CMEMS,2026-10-09
38.16667,-73.41666,-0.33562,-0.4493,0.5608,216.8,CMEMS,2026-10-09
38.16667,-73.33333,-0.33881,-0.455,0.5673,216.7,CMEMS,2026-10-09
38.16667,-73.25,-0.31287,-0.43565,0.5364,215.7,CMEMS,2026-10-09
38.16667,-73.16666,-0.26342,-0.38372,0.4654,214.5,CMEMS,2026-10-09
38.16667,-73.08333,-0.19903,-0.29862,0.3589,213.7,CMEMS,2026-10-09
38.16667,-73.0,-0.1283,-0.19011,0.2294,214.0,CMEMS,2026-10-09
38.16667,-72.91666,-0.05863,-0.08086,0.0999,215.9,CMEMS,2026-10-09
38.16667,-72.83333,0.01407,-0.00434,0.0147,107.1,CMEMS,2026-10-09
38.16667,-72.75,0.07115,0.063,0.095,48.5,CMEMS,2026-10-09
38.16667,-72.66666,0.0948,0.10363,0.1404,42.5,CMEMS,2026-10-09
38.16667,-72.58333,0.07365,0.10734,0.1302,34.5,CMEMS,2026-10-09
38.16667,-72.5,0.00129,0.0704,0.0704,1.0,CMEMS,2026-10-09
38.16667,-72.41666,-0.09323,0.00591,0.0934,273.6,CMEMS,2026-10-09
38.16667,-72.33333,-0.17806,-0.05366,0.186,253.2,CMEMS,2026-10-09
38.16667,-72.25,-0.23905,-0.07795,0.2514,251.9,CMEMS,2026-10-09
38.25,-76.91666,-0.0006,-0.00114,0.0013,207.8,CMEMS,2026-10-09
38.25,-76.83333,-0.00198,-0.00118,0.0023,239.3,CMEMS,2026-10-09
38.25,-76.75,-0.00513,-0.00072,0.0052,262.0,CMEMS,2026-10-09
38.25,-76.66666,-0.00525,0.00488,0.0072,312.9,CMEMS,2026-10-09
38.25,-76.58333,-0.00581,0.01408,0.0152,337.6,CMEMS,2026-10-09
38.25,-76.41666,-0.01083,0.02843,0.0304,339.2,CMEMS,2026-10-09
38.25,-76.33333,-0.01462,0.02667,0.0304,331.3,CMEMS,2026-10-09
38.25,-76.25,-0.00758,0.01783,0.0194,337.0,CMEMS,2026-10-09
38.25,-76.16666,-0.01281,0.01453,0.0194,318.6,CMEMS,2026-10-09
38.25,-76.08333,-0.01502,0.01452,0.0209,314.0,CMEMS,2026-10-09
38.25,-76.0,-0.01378,0.0135,0.0193,314.4,CMEMS,2026-10-09
38.25,-75.91666,-0.01356,0.01208,0.0182,311.7,CMEMS,2026-10-09
38.25,-75.08333,0.00028,0.0272,0.0272,0.6,CMEMS,2026-10-09
38.25,-75.0,0.00062,0.04203,0.042,0.8,CMEMS,2026-10-09
38.25,-74.91666,0.01062,0.04308,0.0444,13.8,CMEMS,2026-10-09
38.25,-74.83333,0.00162,0.03146,0.0315,3.0,CMEMS,2026-10-09
38.25,-74.75,-0.01677,0.04981,0.0526,341.4,CMEMS,2026-10-09
38.25,-74.66666,-0.0425,0.07984,0.0904,332.0,CMEMS,2026-10-09
38.25,-74.58333,-0.03467,0.09772,0.1037,340.5,CMEMS,2026-10-09
38.25,-74.5,-0.02693,0.09586,0.0996,344.3,CMEMS,2026-10-09
38.25,-74.41666,0.03101,0.06915,0.0758,24.2,CMEMS,2026-10-09
38.25,-74.33333,0.09932,-0.02585,0.1026,104.6,CMEMS,2026-10-09
38.25,-74.25,0.11858,-0.09464,0.1517,128.6,CMEMS,2026-10-09
38.25,-74.16666,0.04882,-0.0819,0.0953,149.2,CMEMS,2026-10-09
38.25,-74.08333,-0.04167,-0.05483,0.0689,217.2,CMEMS,2026-10-09
38.25,-74.0,-0.07478,-0.0716,0.1035,226.2,CMEMS,2026-10-09
38.25,-73.91666,-0.09304,-0.11529,0.1482,218.9,CMEMS,2026-10-09
38.25,-73.83333,-0.11893,-0.16333,0.202,216.1,CMEMS,2026-10-09
38.25,-73.75,-0.15013,-0.20646,0.2553,216.0,CMEMS,2026-10-09
38.25,-73.66666,-0.18473,-0.24229,0.3047,217.3,CMEMS,2026-10-09
38.25,-73.58333,-0.22332,-0.28854,0.3649,217.7,CMEMS,2026-10-09
38.25,-73.5,-0.27362,-0.35614,0.4491,217.5,CMEMS,2026-10-09
38.25,-73.41666,-0.32566,-0.41726,0.5293,218.0,CMEMS,2026-10-09
38.25,-73.33333,-0.34887,-0.4518,0.5708,217.7,CMEMS,2026-10-09
38.25,-73.25,-0.34826,-0.45924,0.5764,217.2,CMEMS,2026-10-09
38.25,-73.16666,-0.32217,-0.43574,0.5419,216.5,CMEMS,2026-10-09
38.25,-73.08333,-0.27275,-0.37927,0.4672,215.7,CMEMS,2026-10-09
38.25,-73.0,-0.20432,-0.29149,0.356,215.0,CMEMS,2026-10-09
38.25,-72.91666,-0.13878,-0.18284,0.2295,217.2,CMEMS,2026-10-09
38.25,-72.83333,-0.05837,-0.08211,0.1007,215.4,CMEMS,2026-10-09
38.25,-72.75,0.00511,-0.00374,0.0063,126.2,CMEMS,2026-10-09
38.25,-72.66666,0.0749,0.06073,0.0964,51.0,CMEMS,2026-10-09
38.25,-72.58333,0.12391,0.10363,0.1615,50.1,CMEMS,2026-10-09
38.25,-72.5,0.13892,0.12115,0.1843,48.9,CMEMS,2026-10-09
38.25,-72.41666,0.1094,0.10715,0.1531,45.6,CMEMS,2026-10-09
38.25,-72.33333,0.04518,0.07141,0.0845,32.3,CMEMS,2026-10-09
38.25,-72.25,-0.03794,0.02998,0.0484,308.3,CMEMS,2026-10-09
38.33334,-76.91666,-7e-05,-0.00121,0.0012,183.4,CMEMS,2026-10-09
38.33334,-76.83333,-0.00131,-0.00125,0.0018,226.2,CMEMS,2026-10-09
38.33334,-76.75,-0.00363,-0.00141,0.0039,248.8,CMEMS,2026-10-09
38.33334,-76.41666,0.00745,0.02872,0.0297,14.5,CMEMS,2026-10-09
38.33334,-76.33333,-0.0123,0.02733,0.03,335.8,CMEMS,2026-10-09
38.33334,-76.25,-0.01271,0.02994,0.0325,337.0,CMEMS,2026-10-09
38.33334,-76.16666,-0.01208,0.0241,0.027,333.4,CMEMS,2026-10-09
38.33334,-76.08333,-0.01463,0.0178,0.023,320.6,CMEMS,2026-10-09
38.33334,-75.08333,0.00539,0.02521,0.0258,12.1,CMEMS,2026-10-09
38.33334,-75.0,0.01198,0.04089,0.0426,16.3,CMEMS,2026-10-09
38.33334,-74.91666,0.01142,0.04449,0.0459,14.4,CMEMS,2026-10-09
38.33334,-74.83333,0.00242,0.04778,0.0478,2.9,CMEMS,2026-10-09
38.33334,-74.75,-0.02267,0.07738,0.0806,343.7,CMEMS,2026-10-09
38.33334,-74.66666,-0.03002,0.10403,0.1083,343.9,CMEMS,2026-10-09
38.33334,-74.58333,-0.01641,0.09388,0.0953,350.1,CMEMS,2026-10-09
38.33334,-74.5,0.01298,0.06381,0.0651,11.5,CMEMS,2026-10-09
38.33334,-74.41666,0.06129,0.01729,0.0637,74.3,CMEMS,2026-10-09
38.33334,-74.33333,0.07602,-0.0311,0.0821,112.3,CMEMS,2026-10-09
38.33334,-74.25,0.01257,-0.03045,0.0329,157.6,CMEMS,2026-10-09
38.33334,-74.16666,-0.07245,-0.01614,0.0742,257.4,CMEMS,2026-10-09
38.33334,-74.08333,-0.0858,-0.04305,0.096,243.4,CMEMS,2026-10-09
38.33334,-74.0,-0.06045,-0.07766,0.0984,217.9,CMEMS,2026-10-09
38.33334,-73.91666,-0.04541,-0.10136,0.1111,204.1,CMEMS,2026-10-09
38.33334,-73.83333,-0.05797,-0.12829,0.1408,204.3,CMEMS,2026-10-09
38.33334,-73.75,-0.08937,-0.16455,0.1873,208.5,CMEMS,2026-10-09
38.33334,-73.66666,-0.13054,-0.19721,0.2365,213.5,CMEMS,2026-10-09
38.33334,-73.58333,-0.17353,-0.2278,0.2864,217.3,CMEMS,2026-10-09
38.33334,-73.5,-0.22445,-0.28496,0.3627,218.2,CMEMS,2026-10-09
38.33334,-73.41666,-0.28486,-0.36019,0.4592,218.3,CMEMS,2026-10-09
38.33334,-73.33333,-0.33372,-0.41683,0.534,218.7,CMEMS,2026-10-09
38.33334,-73.25,-0.35806,-0.44745,0.5731,218.7,CMEMS,2026-10-09
38.33334,-73.16666,-0.36339,-0.45744,0.5842,218.5,CMEMS,2026-10-09
38.33334,-73.08333,-0.338,-0.44049,0.5552,217.5,CMEMS,2026-10-09
38.33334,-73.0,-0.27428,-0.38782,0.475,215.3,CMEMS,2026-10-09
38.33334,-72.91666,-0.21074,-0.29854,0.3654,215.2,CMEMS,2026-10-09
38.33334,-72.83333,-0.12598,-0.18955,0.2276,213.6,CMEMS,2026-10-09
38.33334,-72.75,-0.06295,-0.09584,0.1147,213.3,CMEMS,2026-10-09
38.33334,-72.66666,0.01712,-0.02352,0.0291,144.0,CMEMS,2026-10-09
38.33334,-72.58333,0.08834,0.03423,0.0947,68.8,CMEMS,2026-10-09
38.33334,-72.5,0.1497,0.08786,0.1736,59.6,CMEMS,2026-10-09
38.33334,-72.41666,0.18421,0.1211,0.2204,56.7,CMEMS,2026-10-09
38.33334,-72.33333,0.18577,0.13623,0.2304,53.7,CMEMS,2026-10-09
38.33334,-72.25,0.15333,0.13302,0.203,49.1,CMEMS,2026-10-09
38.41667,-76.41666,-0.01774,0.0284,0.0335,328.0,CMEMS,2026-10-09
38.41667,-76.33333,-0.01541,0.032,0.0355,334.3,CMEMS,2026-10-09
38.41667,-76.25,-0.01187,0.03343,0.0355,340.4,CMEMS,2026-10-09
38.41667,-75.08333,0.01323,0.03777,0.04,19.3,CMEMS,2026-10-09
38.41667,-75.0,0.00917,0.04333,0.0443,12.0,CMEMS,2026-10-09
38.41667,-74.91666,0.00933,0.05529,0.0561,9.6,CMEMS,2026-10-09
38.41667,-74.83333,-0.01652,0.07437,0.0762,347.5,CMEMS,2026-10-09
38.41667,-74.75,-0.03262,0.09895,0.1042,341.8,CMEMS,2026-10-09
38.41667,-74.66666,-0.00447,0.09161,0.0917,357.2,CMEMS,2026-10-09
38.41667,-74.58333,0.02044,0.05988,0.0633,18.8,CMEMS,2026-10-09
38.41667,-74.5,0.02952,0.03167,0.0433,43.0,CMEMS,2026-10-09
38.41667,-74.41666,0.02067,0.00618,0.0216,73.4,CMEMS,2026-10-09
38.41667,-74.33333,-0.03419,-0.00056,0.0342,269.1,CMEMS,2026-10-09
38.41667,-74.25,-0.08254,0.00926,0.0831,276.4,CMEMS,2026-10-09
38.41667,-74.16666,-0.10198,-0.01598,0.1032,261.1,CMEMS,2026-10-09
38.41667,-74.08333,-0.06205,-0.08214,0.1029,217.1,CMEMS,2026-10-09
38.41667,-74.0,-0.0271,-0.11953,0.1226,192.8,CMEMS,2026-10-09
38.41667,-73.91666,-0.00463,-0.11603,0.1161,182.3,CMEMS,2026-10-09
38.41667,-73.83333,-0.00194,-0.10164,0.1017,181.1,CMEMS,2026-10-09
38.41667,-73.75,-0.03538,-0.10998,0.1155,197.8,CMEMS,2026-10-09
38.41667,-73.66666,-0.07636,-0.14547,0.1643,207.7,CMEMS,2026-10-09
38.41667,-73.58333,-0.12227,-0.17837,0.2163,214.4,CMEMS,2026-10-09
38.41667,-73.5,-0.16667,-0.22125,0.277,217.0,CMEMS,2026-10-09
38.41667,-73.41666,-0.22368,-0.29243,0.3682,217.4,CMEMS,2026-10-09
38.41667,-73.33333,-0.2908,-0.36276,0.4649,218.7,CMEMS,2026-10-09
38.41667,-73.25,-0.34544,-0.41076,0.5367,220.1,CMEMS,2026-10-09
38.41667,-73.16666,-0.38967,-0.44403,0.5908,221.3,CMEMS,2026-10-09
38.41667,-73.08333,-0.39745,-0.46124,0.6089,220.8,CMEMS,2026-10-09
38.41667,-73.0,-0.35708,-0.43936,0.5662,219.1,CMEMS,2026-10-09
38.41667,-72.91666,-0.31654,-0.37542,0.4911,220.1,CMEMS,2026-10-09
38.41667,-72.83333,-0.23266,-0.28432,0.3674,219.3,CMEMS,2026-10-09
38.41667,-72.75,-0.16522,-0.19208,0.2534,220.7,CMEMS,2026-10-09
38.41667,-72.66666,-0.06645,-0.10519,0.1244,212.3,CMEMS,2026-10-09
38.41667,-72.58333,-0.00954,-0.04313,0.0442,192.5,CMEMS,2026-10-09
38.41667,-72.5,0.06736,0.01516,0.069,77.3,CMEMS,2026-10-09
38.41667,-72.41666,0.13584,0.06268,0.1496,65.2,CMEMS,2026-10-09
38.41667,-72.33333,0.19324,0.10501,0.2199,61.5,CMEMS,2026-10-09
38.41667,-72.25,0.23054,0.13543,0.2674,59.6,CMEMS,2026-10-09
38.5,-76.41666,-0.00724,0.02547,0.0265,344.1,CMEMS,2026-10-09
38.5,-76.33333,0.00292,0.03127,0.0314,5.3,CMEMS,2026-10-09
38.5,-76.25,0.0024,0.02921,0.0293,4.7,CMEMS,2026-10-09
38.5,-76.16666,-0.00097,0.02921,0.0292,358.1,CMEMS,2026-10-09
38.5,-75.0,0.0031,0.04059,0.0407,4.4,CMEMS,2026-10-09
38.5,-74.91666,-0.00216,0.06311,0.0631,358.0,CMEMS,2026-10-09
38.5,-74.83333,-0.01347,0.09104,0.092,351.6,CMEMS,2026-10-09
38.5,-74.75,0.00849,0.08952,0.0899,5.4,CMEMS,2026-10-09
38.5,-74.66666,0.05021,0.05753,0.0764,41.1,CMEMS,2026-10-09
38.5,-74.58333,0.03651,0.05486,0.0659,33.6,CMEMS,2026-10-09
38.5,-74.5,0.02215,0.05269,0.0572,22.8,CMEMS,2026-10-09
38.5,-74.41666,0.0033,0.02981,0.03,6.3,CMEMS,2026-10-09
38.5,-74.33333,-0.01492,0.01854,0.0238,321.2,CMEMS,2026-10-09
38.5,-74.25,-0.0083,0.00396,0.0092,295.5,CMEMS,2026-10-09
38.5,-74.16666,0.00427,-0.0408,0.041,174.0,CMEMS,2026-10-09
38.5,-74.08333,0.02895,-0.09391,0.0983,162.9,CMEMS,2026-10-09
38.5,-74.0,0.03328,-0.12061,0.1251,164.6,CMEMS,2026-10-09
38.5,-73.91666,0.01855,-0.1078,0.1094,170.2,CMEMS,2026-10-09
38.5,-73.83333,0.00199,-0.07649,0.0765,178.5,CMEMS,2026-10-09
38.5,-73.75,-0.01576,-0.06152,0.0635,194.4,CMEMS,2026-10-09
38.5,-73.66666,-0.04676,-0.08394,0.0961,209.1,CMEMS,2026-10-09
38.5,-73.58333,-0.0865,-0.12171,0.1493,215.4,CMEMS,2026-10-09
38.5,-73.5,-0.12781,-0.15189,0.1985,220.1,CMEMS,2026-10-09
38.5,-73.41666,-0.17739,-0.20509,0.2712,220.9,CMEMS,2026-10-09
38.5,-73.33333,-0.24121,-0.279,0.3688,220.8,CMEMS,2026-10-09
38.5,-73.25,-0.31214,-0.344,0.4645,222.2,CMEMS,2026-10-09
38.5,-73.16666,-0.38408,-0.40021,0.5547,223.8,CMEMS,2026-10-09
38.5,-73.08333,-0.41088,-0.44504,0.6057,222.7,CMEMS,2026-10-09
38.5,-73.0,-0.40385,-0.46004,0.6121,221.3,CMEMS,2026-10-09
38.5,-72.91666,-0.39988,-0.44175,0.5959,222.2,CMEMS,2026-10-09
38.5,-72.83333,-0.32372,-0.39179,0.5082,219.6,CMEMS,2026-10-09
38.5,-72.75,-0.26387,-0.31244,0.409,220.2,CMEMS,2026-10-09
38.5,-72.66666,-0.16565,-0.21236,0.2693,218.0,CMEMS,2026-10-09
38.5,-72.58333,-0.10112,-0.13378,0.1677,217.1,CMEMS,2026-10-09
38.5,-72.5,-0.01268,-0.06648,0.0677,190.8,CMEMS,2026-10-09
38.5,-72.41666,0.04086,-0.01592,0.0439,111.3,CMEMS,2026-10-09
38.5,-72.33333,0.1018,0.03447,0.1075,71.3,CMEMS,2026-10-09
38.5,-72.25,0.16587,0.07576,0.1823,65.5,CMEMS,2026-10-09
38.58334,-76.41666,0.00157,0.02447,0.0245,3.7,CMEMS,2026-10-09
38.58334,-76.33333,0.00197,0.02435,0.0244,4.6,CMEMS,2026-10-09
38.58334,-76.25,0.00278,0.02551,0.0257,6.2,CMEMS,2026-10-09
38.58334,-76.16666,0.00356,0.02314,0.0234,8.7,CMEMS,2026-10-09
38.58334,-75.0,0.0015,0.04693,0.047,1.8,CMEMS,2026-10-09
38.58334,-74.91666,-0.01888,0.06692,0.0695,344.2,CMEMS,2026-10-09
38.58334,-74.83333,-0.00949,0.07294,0.0736,352.6,CMEMS,2026-10-09
38.58334,-74.75,0.05058,0.04465,0.0675,48.6,CMEMS,2026-10-09
38.58334,-74.66666,0.04185,0.02791,0.0503,56.3,CMEMS,2026-10-09
38.58334,-74.58333,0.0138,0.0682,0.0696,11.4,CMEMS,2026-10-09
38.58334,-74.5,0.03438,0.06624,0.0746,27.4,CMEMS,2026-10-09
38.58334,-74.41666,0.0438,0.02481,0.0503,60.5,CMEMS,2026-10-09
38.58334,-74.33333,0.06317,0.0125,0.0644,78.8,CMEMS,2026-10-09
38.58334,-74.25,0.08206,0.00739,0.0824,84.9,CMEMS,2026-10-09
38.58334,-74.16666,0.08658,-0.01733,0.0883,101.3,CMEMS,2026-10-09
38.58334,-74.08333,0.07203,-0.05333,0.0896,126.5,CMEMS,2026-10-09
38.58334,-74.0,0.03734,-0.08148,0.0896,155.4,CMEMS,2026-10-09
38.58334,-73.91666,-0.00277,-0.08186,0.0819,181.9,CMEMS,2026-10-09
38.58334,-73.83333,-0.02747,-0.07142,0.0765,201.0,CMEMS,2026-10-09
38.58334,-73.75,-0.01072,-0.05834,0.0593,190.4,CMEMS,2026-10-09
38.58334,-73.66666,-0.0184,-0.05317,0.0563,199.1,CMEMS,2026-10-09
38.58334,-73.58333,-0.04652,-0.08058,0.093,210.0,CMEMS,2026-10-09
38.58334,-73.5,-0.08181,-0.108,0.1355,217.1,CMEMS,2026-10-09
38.58334,-73.41666,-0.11972,-0.13952,0.1838,220.6,CMEMS,2026-10-09
38.58334,-73.33333,-0.16885,-0.20029,0.262,220.1,CMEMS,2026-10-09
38.58334,-73.25,-0.24473,-0.27316,0.3668,221.9,CMEMS,2026-10-09
38.58334,-73.16666,-0.3266,-0.33741,0.4696,224.1,CMEMS,2026-10-09
38.58334,-73.08333,-0.36827,-0.38804,0.535,223.5,CMEMS,2026-10-09
38.58334,-73.0,-0.41688,-0.43235,0.6006,224.0,CMEMS,2026-10-09
38.58334,-72.91666,-0.43975,-0.46161,0.6375,223.6,CMEMS,2026-10-09
38.58334,-72.83333,-0.39383,-0.45736,0.6036,220.7,CMEMS,2026-10-09
38.58334,-72.75,-0.35689,-0.41616,0.5482,220.6,CMEMS,2026-10-09
38.58334,-72.66666,-0.26668,-0.34441,0.4356,217.8,CMEMS,2026-10-09
38.58334,-72.58333,-0.19694,-0.2621,0.3278,216.9,CMEMS,2026-10-09
38.58334,-72.5,-0.09566,-0.17272,0.1974,209.0,CMEMS,2026-10-09
38.58334,-72.41666,-0.0397,-0.10624,0.1134,200.5,CMEMS,2026-10-09
38.58334,-72.33333,0.03118,-0.04799,0.0572,147.0,CMEMS,2026-10-09
38.58334,-72.25,0.08633,-0.00454,0.0864,93.0,CMEMS,2026-10-09
38.66667,-76.41666,0.00642,0.02154,0.0225,16.6,CMEMS,2026-10-09
38.66667,-76.33333,0.00773,0.02078,0.0222,20.4,CMEMS,2026-10-09
38.66667,-76.25,0.0084,0.02095,0.0226,21.8,CMEMS,2026-10-09
38.66667,-76.16666,0.00764,0.01346,0.0155,29.6,CMEMS,2026-10-09
38.66667,-75.0,0.0141,0.05135,0.0532,15.4,CMEMS,2026-10-09
38.66667,-74.91666,-0.00226,0.06924,0.0693,358.1,CMEMS,2026-10-09
38.66667,-74.83333,0.02936,0.03022,0.0421,44.2,CMEMS,2026-10-09
38.66667,-74.75,0.06244,0.00203,0.0625,88.1,CMEMS,2026-10-09
38.66667,-74.66666,0.02565,0.0409,0.0483,32.1,CMEMS,2026-10-09
38.66667,-74.58333,0.02861,0.07305,0.0785,21.4,CMEMS,2026-10-09
38.66667,-74.5,0.06074,0.04966,0.0785,50.7,CMEMS,2026-10-09
38.66667,-74.41666,0.06705,0.01175,0.0681,80.1,CMEMS,2026-10-09
38.66667,-74.33333,0.06408,-0.00302,0.0641,92.7,CMEMS,2026-10-09
38.66667,-74.25,0.05341,-0.00196,0.0534,92.1,CMEMS,2026-10-09
38.66667,-74.16666,0.04907,4e-05,0.0491,90.0,CMEMS,2026-10-09
38.66667,-74.08333,0.02693,-0.01923,0.0331,125.5,CMEMS,2026-10-09
38.66667,-74.0,-0.00525,-0.05017,0.0504,186.0,CMEMS,2026-10-09
38.66667,-73.91666,-0.02353,-0.06949,0.0734,198.7,CMEMS,2026-10-09
38.66667,-73.83333,-0.02316,-0.07996,0.0832,196.2,CMEMS,2026-10-09
38.66667,-73.75,-0.00889,-0.07395,0.0745,186.9,CMEMS,2026-10-09
38.66667,-73.66666,-0.00322,-0.04666,0.0468,184.0,CMEMS,2026-10-09
38.66667,-73.58333,-0.02155,-0.04604,0.0508,205.1,CMEMS,2026-10-09
38.66667,-73.5,-0.04617,-0.07232,0.0858,212.6,CMEMS,2026-10-09
38.66667,-73.41666,-0.07391,-0.09131,0.1175,219.0,CMEMS,2026-10-09
38.66667,-73.33333,-0.10588,-0.12996,0.1676,219.2,CMEMS,2026-10-09
38.66667,-73.25,-0.16086,-0.1955,0.2532,219.4,CMEMS,2026-10-09
38.66667,-73.16666,-0.22864,-0.25702,0.344,221.7,CMEMS,2026-10-09
38.66667,-73.08333,-0.29351,-0.31198,0.4284,223.3,CMEMS,2026-10-09
38.66667,-73.0,-0.38572,-0.37776,0.5399,225.6,CMEMS,2026-10-09
38.66667,-72.91666,-0.42171,-0.43308,0.6045,224.2,CMEMS,2026-10-09
38.66667,-72.83333,-0.43399,-0.4657,0.6366,223.0,CMEMS,2026-10-09
38.66667,-72.75,-0.43684,-0.46615,0.6388,223.1,CMEMS,2026-10-09
38.66667,-72.66666,-0.37772,-0.43451,0.5757,221.0,CMEMS,2026-10-09
38.66667,-72.58333,-0.32682,-0.36785,0.4921,221.6,CMEMS,2026-10-09
38.66667,-72.5,-0.22533,-0.2765,0.3567,219.2,CMEMS,2026-10-09
38.66667,-72.41666,-0.15267,-0.1945,0.2473,218.1,CMEMS,2026-10-09
38.66667,-72.33333,-0.06811,-0.11993,0.1379,209.6,CMEMS,2026-10-09
38.66667,-72.25,-0.01066,-0.06452,0.0654,189.4,CMEMS,2026-10-09
38.75,-76.41666,0.01289,0.01823,0.0223,35.3,CMEMS,2026-10-09
38.75,-76.33333,0.01045,0.01465,0.018,35.5,CMEMS,2026-10-09
38.75,-76.25,0.0098,0.01321,0.0164,36.6,CMEMS,2026-10-09
38.75,-76.16666,0.00938,0.01119,0.0146,40.0,CMEMS,2026-10-09
38.75,-75.0,-0.01827,0.03863,0.0427,334.7,CMEMS,2026-10-09
38.75,-74.91666,0.03487,0.04566,0.0575,37.4,CMEMS,2026-10-09
38.75,-74.83333,0.07034,0.00877,0.0709,82.9,CMEMS,2026-10-09
38.75,-74.75,0.04119,-0.00026,0.0412,90.4,CMEMS,2026-10-09
38.75,-74.66666,0.02178,0.0359,0.042,31.2,CMEMS,2026-10-09
38.75,-74.58333,0.07572,0.04998,0.0907,56.6,CMEMS,2026-10-09
38.75,-74.5,0.10082,0.03474,0.1066,71.0,CMEMS,2026-10-09
38.75,-74.41666,0.09733,0.02608,0.1008,75.0,CMEMS,2026-10-09
38.75,-74.33333,0.06406,0.01702,0.0663,75.1,CMEMS,2026-10-09
38.75,-74.25,0.02628,0.00877,0.0277,71.5,CMEMS,2026-10-09
38.75,-74.16666,0.00163,0.00917,0.0093,10.1,CMEMS,2026-10-09
38.75,-74.08333,-0.01534,-0.00791,0.0173,242.7,CMEMS,2026-10-09
38.75,-74.0,-0.01979,-0.04826,0.0522,202.3,CMEMS,2026-10-09
38.75,-73.91666,-0.01014,-0.08036,0.081,187.2,CMEMS,2026-10-09
38.75,-73.83333,-0.00157,-0.0901,0.0901,181.0,CMEMS,2026-10-09
38.75,-73.75,-0.00664,-0.08486,0.0851,184.5,CMEMS,2026-10-09
38.75,-73.66666,3e-05,-0.05455,0.0546,180.0,CMEMS,2026-10-09
38.75,-73.58333,-0.00282,-0.02762,0.0278,185.8,CMEMS,2026-10-09
38.75,-73.5,-0.02705,-0.04585,0.0532,210.5,CMEMS,2026-10-09
38.75,-73.41666,-0.04134,-0.06492,0.077,212.5,CMEMS,2026-10-09
38.75,-73.33333,-0.06457,-0.07077,0.0958,222.4,CMEMS,2026-10-09
38.75,-73.25,-0.10088,-0.10635,0.1466,223.5,CMEMS,2026-10-09
38.75,-73.16666,-0.15505,-0.16408,0.2257,223.4,CMEMS,2026-10-09
38.75,-73.08333,-0.23099,-0.22268,0.3208,226.0,CMEMS,2026-10-09
38.75,-73.0,-0.31742,-0.28535,0.4268,228.0,CMEMS,2026-10-09
38.75,-72.91666,-0.36311,-0.35183,0.5056,225.9,CMEMS,2026-10-09
38.75,-72.83333,-0.42383,-0.42069,0.5972,225.2,CMEMS,2026-10-09
38.75,-72.75,-0.45194,-0.46805,0.6506,224.0,CMEMS,2026-10-09
38.75,-72.66666,-0.43213,-0.48454,0.6492,221.7,CMEMS,2026-10-09
38.75,-72.58333,-0.41157,-0.45929,0.6167,221.9,CMEMS,2026-10-09
38.75,-72.5,-0.34194,-0.398,0.5247,220.7,CMEMS,2026-10-09
38.75,-72.41666,-0.27817,-0.31561,0.4207,221.4,CMEMS,2026-10-09
38.75,-72.33333,-0.18838,-0.2302,0.2975,219.3,CMEMS,2026-10-09
38.75,-72.25,-0.11456,-0.15583,0.1934,216.3,CMEMS,2026-10-09
38.83334,-76.41666,0.01407,0.0212,0.0254,33.6,CMEMS,2026-10-09
38.83334,-76.33333,0.00742,0.01673,0.0183,23.9,CMEMS,2026-10-09
38.83334,-76.25,0.00437,0.01441,0.0151,16.9,CMEMS,2026-10-09
38.83334,-76.16666,0.00372,0.0132,0.0137,15.7,CMEMS,2026-10-09
38.83334,-75.25,-0.00723,0.00935,0.0118,322.3,CMEMS,2026-10-09
38.83334,-75.16666,-0.00607,0.01488,0.0161,337.8,CMEMS,2026-10-09
38.83334,-75.08333,-0.0321,0.03989,0.0512,321.2,CMEMS,2026-10-09
38.83334,-75.0,0.03528,0.02216,0.0417,57.9,CMEMS,2026-10-09
38.83334,-74.91666,0.06442,-0.01301,0.0657,101.4,CMEMS,2026-10-09
38.83334,-74.83333,0.07718,-0.0025,0.0772,91.9,CMEMS,2026-10-09
38.83334,-74.75,0.06442,0.01436,0.066,77.4,CMEMS,2026-10-09
38.83334,-74.66666,0.08735,0.00114,0.0874,89.3,CMEMS,2026-10-09
38.83334,-74.58333,0.12614,-0.01748,0.1273,97.9,CMEMS,2026-10-09
38.83334,-74.5,0.1013,0.00205,0.1013,88.8,CMEMS,2026-10-09
38.83334,-74.41666,0.08133,0.04122,0.0912,63.1,CMEMS,2026-10-09
38.83334,-74.33333,0.03913,0.06054,0.0721,32.9,CMEMS,2026-10-09
38.83334,-74.25,0.01619,0.03896,0.0422,22.6,CMEMS,2026-10-09
38.83334,-74.16666,0.00976,0.00515,0.011,62.2,CMEMS,2026-10-09
38.83334,-74.08333,0.02573,-0.02692,0.0372,136.3,CMEMS,2026-10-09
38.83334,-74.0,0.05075,-0.06118,0.0795,140.3,CMEMS,2026-10-09
38.83334,-73.91666,0.05895,-0.08267,0.1015,144.5,CMEMS,2026-10-09
38.83334,-73.83333,0.05166,-0.08263,0.0974,148.0,CMEMS,2026-10-09
38.83334,-73.75,0.03652,-0.07498,0.0834,154.0,CMEMS,2026-10-09
38.83334,-73.66666,0.0198,-0.06084,0.064,162.0,CMEMS,2026-10-09
38.83334,-73.58333,0.01627,-0.02913,0.0334,150.8,CMEMS,2026-10-09
38.83334,-73.5,0.00105,-0.03091,0.0309,178.1,CMEMS,2026-10-09
38.83334,-73.41666,-0.00351,-0.05595,0.0561,183.6,CMEMS,2026-10-09
38.83334,-73.33333,-0.01481,-0.04935,0.0515,196.7,CMEMS,2026-10-09
38.83334,-73.25,-0.03816,-0.05267,0.065,215.9,CMEMS,2026-10-09
38.83334,-73.16666,-0.07709,-0.09774,0.1245,218.3,CMEMS,2026-10-09
38.83334,-73.08333,-0.14214,-0.15634,0.2113,222.3,CMEMS,2026-10-09
38.83334,-73.0,-0.20857,-0.20823,0.2947,225.0,CMEMS,2026-10-09
38.83334,-72.91666,-0.26791,-0.26899,0.3797,224.9,CMEMS,2026-10-09
38.83334,-72.83333,-0.35526,-0.34702,0.4966,225.7,CMEMS,2026-10-09
38.83334,-72.75,-0.39825,-0.41698,0.5766,223.7,CMEMS,2026-10-09
38.83334,-72.66666,-0.43144,-0.4664,0.6354,222.8,CMEMS,2026-10-09
38.83334,-72.58333,-0.44901,-0.48791,0.6631,222.6,CMEMS,2026-10-09
38.83334,-72.5,-0.42572,-0.4773,0.6396,221.7,CMEMS,2026-10-09
38.83334,-72.41666,-0.39098,-0.42995,0.5811,222.3,CMEMS,2026-10-09
38.83334,-72.33333,-0.31673,-0.35899,0.4787,221.4,CMEMS,2026-10-09
38.83334,-72.25,-0.23408,-0.27742,0.363,220.2,CMEMS,2026-10-09
38.91667,-76.5,0.01007,0.01794,0.0206,29.3,CMEMS,2026-10-09
38.91667,-76.41666,0.00833,0.02121,0.0228,21.4,CMEMS,2026-10-09
38.91667,-76.33333,-0.01623,0.02272,0.0279,324.5,CMEMS,2026-10-09
38.91667,-76.25,-0.00702,0.01741,0.0188,338.0,CMEMS,2026-10-09
38.91667,-75.33333,0.00159,0.00958,0.0097,9.4,CMEMS,2026-10-09
38.91667,-75.25,0.00036,0.01092,0.0109,1.9,CMEMS,2026-10-09
38.91667,-75.16666,-0.00549,0.0108,0.0121,333.1,CMEMS,2026-10-09
38.91667,-75.08333,0.00868,0.00427,0.0097,63.8,CMEMS,2026-10-09
38.91667,-75.0,0.0417,-0.01808,0.0455,113.4,CMEMS,2026-10-09
38.91667,-74.91666,0.05364,-0.02326,0.0585,113.4,CMEMS,2026-10-09
38.91667,-74.83333,0.05208,-0.00664,0.0525,97.3,CMEMS,2026-10-09
38.91667,-74.75,0.07626,0.00365,0.0763,87.3,CMEMS,2026-10-09
38.91667,-74.66666,0.08808,-0.00886,0.0885,95.7,CMEMS,2026-10-09
38.91667,-74.58333,0.08111,-0.0218,0.084,105.0,CMEMS,2026-10-09
38.91667,-74.5,0.04654,0.01198,0.0481,75.6,CMEMS,2026-10-09
38.91667,-74.41666,0.03962,0.06265,0.0741,32.3,CMEMS,2026-10-09
38.91667,-74.33333,0.02763,0.07395,0.0789,20.5,CMEMS,2026-10-09
38.91667,-74.25,0.05217,0.03241,0.0614,58.1,CMEMS,2026-10-09
38.91667,-74.16666,0.07023,-0.0138,0.0716,101.1,CMEMS,2026-10-09
38.91667,-74.08333,0.09451,-0.0393,0.1024,112.6,CMEMS,2026-10-09
38.91667,-74.0,0.10749,-0.05492,0.1207,117.1,CMEMS,2026-10-09
38.91667,-73.91666,0.09171,-0.06264,0.1111,124.3,CMEMS,2026-10-09
38.91667,-73.83333,0.06676,-0.0613,0.0906,132.6,CMEMS,2026-10-09
38.91667,-73.75,0.05684,-0.04936,0.0753,131.0,CMEMS,2026-10-09
38.91667,-73.66666,0.05116,-0.03743,0.0634,126.2,CMEMS,2026-10-09
38.91667,-73.58333,0.04614,-0.02066,0.0505,114.1,CMEMS,2026-10-09
38.91667,-73.5,0.0354,-0.02043,0.0409,120.0,CMEMS,2026-10-09
38.91667,-73.41666,0.03089,-0.04264,0.0527,144.1,CMEMS,2026-10-09
38.91667,-73.33333,0.02475,-0.0353,0.0431,145.0,CMEMS,2026-10-09
38.91667,-73.25,0.00036,-0.01408,0.0141,178.5,CMEMS,2026-10-09
38.91667,-73.16666,-0.02135,-0.03054,0.0373,215.0,CMEMS,2026-10-09
38.91667,-73.08333,-0.06633,-0.08173,0.1053,219.1,CMEMS,2026-10-09
38.91667,-73.0,-0.12369,-0.13716,0.1847,222.0,CMEMS,2026-10-09
38.91667,-72.91666,-0.18484,-0.1939,0.2679,223.6,CMEMS,2026-10-09
38.91667,-72.83333,-0.25472,-0.25751,0.3622,224.7,CMEMS,2026-10-09
38.91667,-72.75,-0.30753,-0.32931,0.4506,223.0,CMEMS,2026-10-09
38.91667,-72.66666,-0.37837,-0.40066,0.5511,223.4,CMEMS,2026-10-09
38.91667,-72.58333,-0.43342,-0.45669,0.6296,223.5,CMEMS,2026-10-09
38.91667,-72.5,-0.45127,-0.48396,0.6617,223.0,CMEMS,2026-10-09
38.91667,-72.41666,-0.45621,-0.47746,0.6604,223.7,CMEMS,2026-10-09
38.91667,-72.33333,-0.42913,-0.4423,0.6163,224.1,CMEMS,2026-10-09
38.91667,-72.25,-0.37651,-0.38133,0.5359,224.6,CMEMS,2026-10-09
39.0,-76.5,0.00634,0.01819,0.0193,19.2,CMEMS,2026-10-09
39.0,-76.41666,0.0045,0.02364,0.0241,10.8,CMEMS,2026-10-09
39.0,-75.33333,0.00516,0.00818,0.0097,32.2,CMEMS,2026-10-09
39.0,-75.25,0.01178,0.00897,0.0148,52.7,CMEMS,2026-10-09
39.0,-75.16666,0.01446,0.00524,0.0154,70.1,CMEMS,2026-10-09
39.0,-75.08333,0.02834,-0.00545,0.0289,100.9,CMEMS,2026-10-09
39.0,-75.0,0.03379,-0.02394,0.0414,125.3,CMEMS,2026-10-09
39.0,-74.83333,0.04622,-0.0029,0.0463,93.6,CMEMS,2026-10-09
39.0,-74.75,0.02943,0.01502,0.033,63.0,CMEMS,2026-10-09
39.0,-74.66666,0.0555,0.0056,0.0558,84.2,CMEMS,2026-10-09
39.0,-74.58333,0.05942,-0.00558,0.0597,95.4,CMEMS,2026-10-09
39.0,-74.5,0.05609,0.02844,0.0629,63.1,CMEMS,2026-10-09
39.0,-74.41666,0.04986,0.07354,0.0888,34.1,CMEMS,2026-10-09
39.0,-74.33333,0.07535,0.05765,0.0949,52.6,CMEMS,2026-10-09
39.0,-74.25,0.09673,0.00578,0.0969,86.6,CMEMS,2026-10-09
39.0,-74.16666,0.11273,-0.02708,0.1159,103.5,CMEMS,2026-10-09
39.0,-74.08333,0.10521,-0.03724,0.1116,109.5,CMEMS,2026-10-09
39.0,-74.0,0.08126,-0.03516,0.0885,113.4,CMEMS,2026-10-09
39.0,-73.91666,0.06117,-0.03651,0.0712,120.8,CMEMS,2026-10-09
39.0,-73.83333,0.04834,-0.04848,0.0685,135.1,CMEMS,2026-10-09
39.0,-73.75,0.04236,-0.05071,0.0661,140.1,CMEMS,2026-10-09
39.0,-73.66666,0.04451,-0.04062,0.0603,132.4,CMEMS,2026-10-09
39.0,-73.58333,0.04714,-0.0232,0.0525,116.2,CMEMS,2026-10-09
39.0,-73.5,0.05168,-0.0103,0.0527,101.3,CMEMS,2026-10-09
39.0,-73.41666,0.05711,-0.01184,0.0583,101.7,CMEMS,2026-10-09
39.0,-73.33333,0.04051,-0.01279,0.0425,107.5,CMEMS,2026-10-09
39.0,-73.25,0.02322,0.00018,0.0232,89.6,CMEMS,2026-10-09
39.0,-73.16666,0.00945,0.00787,0.0123,50.2,CMEMS,2026-10-09
39.0,-73.08333,-0.01608,-0.01863,0.0246,220.8,CMEMS,2026-10-09
39.0,-73.0,-0.0611,-0.06776,0.0912,222.0,CMEMS,2026-10-09
39.0,-72.91666,-0.11954,-0.11923,0.1688,225.1,CMEMS,2026-10-09
39.0,-72.83333,-0.17568,-0.16505,0.2411,226.8,CMEMS,2026-10-09
39.0,-72.75,-0.23669,-0.21972,0.323,227.1,CMEMS,2026-10-09
39.0,-72.66666,-0.31665,-0.29597,0.4334,226.9,CMEMS,2026-10-09
39.0,-72.58333,-0.38844,-0.38163,0.5445,225.5,CMEMS,2026-10-09
39.0,-72.5,-0.42884,-0.44267,0.6163,224.1,CMEMS,2026-10-09
39.0,-72.41666,-0.45865,-0.47136,0.6577,224.2,CMEMS,2026-10-09
39.0,-72.33333,-0.45971,-0.47637,0.662,224.0,CMEMS,2026-10-09
39.0,-72.25,-0.44196,-0.46091,0.6386,223.8,CMEMS,2026-10-09
