lat,lon,u,v,speed_ms,dir_deg,source,date
29.83334,-81.25,0.00392,0.005,0.0063,38.1,CMEMS,2026-07-27
29.83334,-81.16666,0.00141,0.00672,0.0069,11.9,CMEMS,2026-07-27
29.83334,-81.08333,0.00885,-0.0063,0.0109,125.4,CMEMS,2026-07-27
29.83334,-81.0,0.01317,-0.02223,0.0258,149.4,CMEMS,2026-07-27
29.83334,-80.91666,0.01314,-0.03894,0.0411,161.4,CMEMS,2026-07-27
29.83334,-80.83333,0.01698,-0.06442,0.0666,165.2,CMEMS,2026-07-27
29.83334,-80.75,0.02681,-0.09304,0.0968,163.9,CMEMS,2026-07-27
29.83334,-80.66666,0.05145,-0.14989,0.1585,161.1,CMEMS,2026-07-27
29.83334,-80.58333,0.07364,-0.22444,0.2362,161.8,CMEMS,2026-07-27
29.83334,-80.5,0.07944,-0.25411,0.2662,162.6,CMEMS,2026-07-27
29.83334,-80.41666,0.08852,-0.26473,0.2791,161.5,CMEMS,2026-07-27
29.83334,-80.33333,0.10649,-0.21454,0.2395,153.6,CMEMS,2026-07-27
29.83334,-80.25,0.09466,0.09645,0.1351,44.5,CMEMS,2026-07-27
29.83334,-80.16666,0.02539,0.6134,0.6139,2.4,CMEMS,2026-07-27
29.83334,-80.08333,0.02964,1.3387,1.339,1.3,CMEMS,2026-07-27
29.83334,-80.0,0.13987,1.90527,1.9104,4.2,CMEMS,2026-07-27
29.83334,-79.91666,0.24915,1.97773,1.9934,7.2,CMEMS,2026-07-27
29.83334,-79.83333,0.25301,1.76417,1.7822,8.2,CMEMS,2026-07-27
29.83334,-79.75,0.24882,1.5071,1.5275,9.4,CMEMS,2026-07-27
29.83334,-79.66666,0.25345,1.2343,1.2601,11.6,CMEMS,2026-07-27
29.83334,-79.58333,0.23054,0.95719,0.9846,13.5,CMEMS,2026-07-27
29.83334,-79.5,0.2067,0.66443,0.6958,17.3,CMEMS,2026-07-27
29.83334,-79.41666,0.19093,0.35138,0.3999,28.5,CMEMS,2026-07-27
29.83334,-79.33333,0.16756,0.01935,0.1687,83.4,CMEMS,2026-07-27
29.83334,-79.25,0.12351,-0.19728,0.2328,148.0,CMEMS,2026-07-27
29.83334,-79.16666,0.07746,-0.22129,0.2345,160.7,CMEMS,2026-07-27
29.83334,-79.08333,0.05441,-0.1382,0.1485,158.5,CMEMS,2026-07-27
29.83334,-79.0,0.05657,-0.04607,0.073,129.2,CMEMS,2026-07-27
29.83334,-78.91666,0.07881,0.0254,0.0828,72.1,CMEMS,2026-07-27
29.83334,-78.83333,0.11164,0.07408,0.134,56.4,CMEMS,2026-07-27
29.83334,-78.75,0.14294,0.11514,0.1835,51.1,CMEMS,2026-07-27
29.83334,-78.66666,0.16489,0.148,0.2216,48.1,CMEMS,2026-07-27
29.83334,-78.58333,0.17377,0.16468,0.2394,46.5,CMEMS,2026-07-27
29.83334,-78.5,0.17207,0.16344,0.2373,46.5,CMEMS,2026-07-27
29.83334,-78.41666,0.16512,0.14989,0.223,47.8,CMEMS,2026-07-27
29.83334,-78.33333,0.15837,0.13314,0.2069,49.9,CMEMS,2026-07-27
29.83334,-78.25,0.15331,0.11599,0.1922,52.9,CMEMS,2026-07-27
29.83334,-78.16666,0.14551,0.09588,0.1743,56.6,CMEMS,2026-07-27
29.83334,-78.08333,0.13276,0.06995,0.1501,62.2,CMEMS,2026-07-27
29.83334,-78.0,0.11524,0.04069,0.1222,70.6,CMEMS,2026-07-27
29.83334,-77.91666,0.09511,0.01444,0.0962,81.4,CMEMS,2026-07-27
29.83334,-77.83333,0.07738,-0.00932,0.0779,96.9,CMEMS,2026-07-27
29.83334,-77.75,0.06818,-0.03106,0.0749,114.5,CMEMS,2026-07-27
29.83334,-77.66666,0.0698,-0.0471,0.0842,124.0,CMEMS,2026-07-27
29.83334,-77.58333,0.08141,-0.05666,0.0992,124.8,CMEMS,2026-07-27
29.83334,-77.5,0.09986,-0.06043,0.1167,121.2,CMEMS,2026-07-27
29.83334,-77.41666,0.12072,-0.05581,0.133,114.8,CMEMS,2026-07-27
29.83334,-77.33333,0.14134,-0.04302,0.1477,106.9,CMEMS,2026-07-27
29.83334,-77.25,0.16015,-0.02693,0.1624,99.5,CMEMS,2026-07-27
29.83334,-77.16666,0.16956,-0.01062,0.1699,93.6,CMEMS,2026-07-27
29.83334,-77.08333,0.16617,0.0079,0.1664,87.3,CMEMS,2026-07-27
29.83334,-77.0,0.14914,0.01941,0.1504,82.6,CMEMS,2026-07-27
29.83334,-76.91666,0.12325,0.0189,0.1247,81.3,CMEMS,2026-07-27
29.83334,-76.83333,0.08797,0.03035,0.0931,71.0,CMEMS,2026-07-27
29.83334,-76.75,0.04222,0.08779,0.0974,25.7,CMEMS,2026-07-27
29.83334,-76.66666,0.0034,0.12962,0.1297,1.5,CMEMS,2026-07-27
29.83334,-76.58333,-0.01029,0.09525,0.0958,353.8,CMEMS,2026-07-27
29.83334,-76.5,-0.00148,-0.03338,0.0334,182.5,CMEMS,2026-07-27
29.83334,-76.41666,0.00156,-0.2042,0.2042,179.6,CMEMS,2026-07-27
29.83334,-76.33333,-0.02014,-0.32484,0.3255,183.5,CMEMS,2026-07-27
29.83334,-76.25,-0.05765,-0.39738,0.4015,188.3,CMEMS,2026-07-27
29.83334,-76.16666,-0.09483,-0.45979,0.4695,191.7,CMEMS,2026-07-27
29.83334,-76.08333,-0.12569,-0.5053,0.5207,194.0,CMEMS,2026-07-27
29.83334,-76.0,-0.15467,-0.52457,0.5469,196.4,CMEMS,2026-07-27
29.83334,-75.91666,-0.18868,-0.52878,0.5614,199.6,CMEMS,2026-07-27
29.83334,-75.83333,-0.22988,-0.51939,0.568,203.9,CMEMS,2026-07-27
29.83334,-75.75,-0.27622,-0.47728,0.5514,210.1,CMEMS,2026-07-27
29.83334,-75.66666,-0.31471,-0.41075,0.5175,217.5,CMEMS,2026-07-27
29.83334,-75.58333,-0.33357,-0.33281,0.4712,225.1,CMEMS,2026-07-27
29.83334,-75.5,-0.33539,-0.23247,0.4081,235.3,CMEMS,2026-07-27
29.83334,-75.41666,-0.32909,-0.14579,0.3599,246.1,CMEMS,2026-07-27
29.83334,-75.33333,-0.32379,-0.07168,0.3316,257.5,CMEMS,2026-07-27
29.83334,-75.25,-0.32013,-0.01556,0.3205,267.2,CMEMS,2026-07-27
29.91667,-81.25,0.01185,0.00886,0.0148,53.2,CMEMS,2026-07-27
29.91667,-81.16666,0.01614,0.00418,0.0167,75.5,CMEMS,2026-07-27
29.91667,-81.08333,0.0178,-0.00117,0.0178,93.8,CMEMS,2026-07-27
29.91667,-81.0,0.01545,-0.01818,0.0239,139.6,CMEMS,2026-07-27
29.91667,-80.91666,0.01344,-0.03425,0.0368,158.6,CMEMS,2026-07-27
29.91667,-80.83333,0.01347,-0.05988,0.0614,167.3,CMEMS,2026-07-27
29.91667,-80.75,0.02393,-0.09873,0.1016,166.4,CMEMS,2026-07-27
29.91667,-80.66666,0.04741,-0.16379,0.1705,163.9,CMEMS,2026-07-27
29.91667,-80.58333,0.0643,-0.23265,0.2414,164.5,CMEMS,2026-07-27
29.91667,-80.5,0.07154,-0.26078,0.2704,164.7,CMEMS,2026-07-27
29.91667,-80.41666,0.09531,-0.26432,0.281,160.2,CMEMS,2026-07-27
29.91667,-80.33333,0.1059,-0.22995,0.2532,155.3,CMEMS,2026-07-27
29.91667,-80.25,0.07953,0.1106,0.1362,35.7,CMEMS,2026-07-27
29.91667,-80.16666,0.06665,0.65104,0.6544,5.8,CMEMS,2026-07-27
29.91667,-80.08333,0.11674,1.36229,1.3673,4.9,CMEMS,2026-07-27
29.91667,-80.0,0.20401,1.89514,1.9061,6.1,CMEMS,2026-07-27
29.91667,-79.91666,0.28079,1.98026,2.0001,8.1,CMEMS,2026-07-27
29.91667,-79.83333,0.29071,1.78191,1.8055,9.3,CMEMS,2026-07-27
29.91667,-79.75,0.27755,1.52988,1.5548,10.3,CMEMS,2026-07-27
29.91667,-79.66666,0.27931,1.25467,1.2854,12.6,CMEMS,2026-07-27
29.91667,-79.58333,0.27113,0.97798,1.0149,15.5,CMEMS,2026-07-27
29.91667,-79.5,0.24246,0.68787,0.7294,19.4,CMEMS,2026-07-27
29.91667,-79.41666,0.21282,0.37062,0.4274,29.9,CMEMS,2026-07-27
29.91667,-79.33333,0.1801,0.0487,0.1866,74.9,CMEMS,2026-07-27
29.91667,-79.25,0.12797,-0.1631,0.2073,141.9,CMEMS,2026-07-27
29.91667,-79.16666,0.0775,-0.20845,0.2224,159.6,CMEMS,2026-07-27
29.91667,-79.08333,0.05512,-0.15093,0.1607,159.9,CMEMS,2026-07-27
29.91667,-79.0,0.06454,-0.07564,0.0994,139.5,CMEMS,2026-07-27
29.91667,-78.91666,0.0904,-0.00815,0.0908,95.2,CMEMS,2026-07-27
29.91667,-78.83333,0.12169,0.04909,0.1312,68.0,CMEMS,2026-07-27
29.91667,-78.75,0.15316,0.09147,0.1784,59.2,CMEMS,2026-07-27
29.91667,-78.66666,0.1755,0.12699,0.2166,54.1,CMEMS,2026-07-27
29.91667,-78.58333,0.18394,0.15605,0.2412,49.7,CMEMS,2026-07-27
29.91667,-78.5,0.1767,0.16765,0.2436,46.5,CMEMS,2026-07-27
29.91667,-78.41666,0.15671,0.16097,0.2247,44.2,CMEMS,2026-07-27
29.91667,-78.33333,0.13178,0.1464,0.197,42.0,CMEMS,2026-07-27
29.91667,-78.25,0.10876,0.13068,0.17,39.8,CMEMS,2026-07-27
29.91667,-78.16666,0.0875,0.11633,0.1456,36.9,CMEMS,2026-07-27
29.91667,-78.08333,0.06184,0.09741,0.1154,32.4,CMEMS,2026-07-27
29.91667,-78.0,0.0291,0.07367,0.0792,21.6,CMEMS,2026-07-27
29.91667,-77.91666,-0.0018,0.0427,0.0427,357.6,CMEMS,2026-07-27
29.91667,-77.83333,-0.02044,0.00781,0.0219,290.9,CMEMS,2026-07-27
29.91667,-77.75,-0.0235,-0.02586,0.0349,222.3,CMEMS,2026-07-27
29.91667,-77.66666,-0.01307,-0.05406,0.0556,193.6,CMEMS,2026-07-27
29.91667,-77.58333,0.008,-0.07473,0.0752,173.9,CMEMS,2026-07-27
29.91667,-77.5,0.03452,-0.08402,0.0908,157.7,CMEMS,2026-07-27
29.91667,-77.41666,0.06026,-0.07778,0.0984,142.2,CMEMS,2026-07-27
29.91667,-77.33333,0.08337,-0.06213,0.104,126.7,CMEMS,2026-07-27
29.91667,-77.25,0.10593,-0.04162,0.1138,111.5,CMEMS,2026-07-27
29.91667,-77.16666,0.12492,-0.01777,0.1262,98.1,CMEMS,2026-07-27
29.91667,-77.08333,0.13117,0.01356,0.1319,84.1,CMEMS,2026-07-27
29.91667,-77.0,0.11987,0.04029,0.1265,71.4,CMEMS,2026-07-27
29.91667,-76.91666,0.09206,0.05155,0.1055,60.8,CMEMS,2026-07-27
29.91667,-76.83333,0.04514,0.07649,0.0888,30.5,CMEMS,2026-07-27
29.91667,-76.75,-0.00785,0.13217,0.1324,356.6,CMEMS,2026-07-27
29.91667,-76.66666,-0.03798,0.15454,0.1591,346.2,CMEMS,2026-07-27
29.91667,-76.58333,-0.03258,0.09843,0.1037,341.7,CMEMS,2026-07-27
29.91667,-76.5,-0.01803,-0.03678,0.041,206.1,CMEMS,2026-07-27
29.91667,-76.41666,-0.02426,-0.18639,0.188,187.4,CMEMS,2026-07-27
29.91667,-76.33333,-0.05818,-0.28135,0.2873,191.7,CMEMS,2026-07-27
29.91667,-76.25,-0.10656,-0.34678,0.3628,197.1,CMEMS,2026-07-27
29.91667,-76.16666,-0.15152,-0.414,0.4409,200.1,CMEMS,2026-07-27
29.91667,-76.08333,-0.1856,-0.46789,0.5034,201.6,CMEMS,2026-07-27
29.91667,-76.0,-0.2133,-0.49007,0.5345,203.5,CMEMS,2026-07-27
29.91667,-75.91666,-0.24146,-0.48777,0.5443,206.3,CMEMS,2026-07-27
29.91667,-75.83333,-0.27397,-0.4736,0.5471,210.0,CMEMS,2026-07-27
29.91667,-75.75,-0.31428,-0.44007,0.5408,215.5,CMEMS,2026-07-27
29.91667,-75.66666,-0.35718,-0.3863,0.5261,222.8,CMEMS,2026-07-27
29.91667,-75.58333,-0.39075,-0.32836,0.5104,230.0,CMEMS,2026-07-27
29.91667,-75.5,-0.40758,-0.24471,0.4754,239.0,CMEMS,2026-07-27
29.91667,-75.41666,-0.40784,-0.16583,0.4403,247.9,CMEMS,2026-07-27
29.91667,-75.33333,-0.39587,-0.09821,0.4079,256.1,CMEMS,2026-07-27
29.91667,-75.25,-0.37268,-0.0442,0.3753,263.2,CMEMS,2026-07-27
30.0,-81.25,0.00282,0.02007,0.0203,8.0,CMEMS,2026-07-27
30.0,-81.16666,0.01201,0.01236,0.0172,44.2,CMEMS,2026-07-27
30.0,-81.08333,0.02325,0.00521,0.0238,77.4,CMEMS,2026-07-27
30.0,-81.0,0.02533,-0.01339,0.0286,117.9,CMEMS,2026-07-27
30.0,-80.91666,0.02019,-0.03555,0.0409,150.4,CMEMS,2026-07-27
30.0,-80.83333,0.01506,-0.06021,0.0621,166.0,CMEMS,2026-07-27
30.0,-80.75,0.02292,-0.10695,0.1094,167.9,CMEMS,2026-07-27
30.0,-80.66666,0.03686,-0.17164,0.1756,167.9,CMEMS,2026-07-27
30.0,-80.58333,0.04477,-0.23129,0.2356,169.0,CMEMS,2026-07-27
30.0,-80.5,0.0554,-0.27571,0.2812,168.6,CMEMS,2026-07-27
30.0,-80.41666,0.08351,-0.28226,0.2944,163.5,CMEMS,2026-07-27
30.0,-80.33333,0.08971,-0.21375,0.2318,157.2,CMEMS,2026-07-27
30.0,-80.25,0.06938,0.13313,0.1501,27.5,CMEMS,2026-07-27
30.0,-80.16666,0.13745,0.62558,0.6405,12.4,CMEMS,2026-07-27
30.0,-80.08333,0.23049,1.27968,1.3003,10.2,CMEMS,2026-07-27
30.0,-80.0,0.28167,1.83072,1.8523,8.7,CMEMS,2026-07-27
30.0,-79.91666,0.31583,1.97188,1.997,9.1,CMEMS,2026-07-27
30.0,-79.83333,0.32804,1.81009,1.8396,10.3,CMEMS,2026-07-27
30.0,-79.75,0.31355,1.56713,1.5982,11.3,CMEMS,2026-07-27
30.0,-79.66666,0.3064,1.29501,1.3308,13.3,CMEMS,2026-07-27
30.0,-79.58333,0.30243,1.01418,1.0583,16.6,CMEMS,2026-07-27
30.0,-79.5,0.27319,0.72321,0.7731,20.7,CMEMS,2026-07-27
30.0,-79.41666,0.23525,0.4085,0.4714,29.9,CMEMS,2026-07-27
30.0,-79.33333,0.19329,0.09773,0.2166,63.2,CMEMS,2026-07-27
30.0,-79.25,0.1338,-0.1157,0.1769,130.9,CMEMS,2026-07-27
30.0,-79.16666,0.08219,-0.19225,0.2091,156.9,CMEMS,2026-07-27
30.0,-79.08333,0.06148,-0.17393,0.1845,160.5,CMEMS,2026-07-27
30.0,-79.0,0.07433,-0.11694,0.1386,147.6,CMEMS,2026-07-27
30.0,-78.91666,0.10604,-0.05748,0.1206,118.5,CMEMS,2026-07-27
30.0,-78.83333,0.14101,0.0052,0.1411,87.9,CMEMS,2026-07-27
30.0,-78.75,0.16988,0.06367,0.1814,69.5,CMEMS,2026-07-27
30.0,-78.66666,0.18701,0.11067,0.2173,59.4,CMEMS,2026-07-27
30.0,-78.58333,0.19011,0.15241,0.2437,51.3,CMEMS,2026-07-27
30.0,-78.5,0.17445,0.18329,0.253,43.6,CMEMS,2026-07-27
30.0,-78.41666,0.14062,0.19084,0.2371,36.4,CMEMS,2026-07-27
30.0,-78.33333,0.09947,0.18262,0.208,28.6,CMEMS,2026-07-27
30.0,-78.25,0.06289,0.16891,0.1802,20.4,CMEMS,2026-07-27
30.0,-78.16666,0.02526,0.15829,0.1603,9.1,CMEMS,2026-07-27
30.0,-78.08333,-0.02001,0.14444,0.1458,352.1,CMEMS,2026-07-27
30.0,-78.0,-0.06153,0.11728,0.1324,332.3,CMEMS,2026-07-27
30.0,-77.91666,-0.08781,0.07403,0.1148,310.1,CMEMS,2026-07-27
30.0,-77.83333,-0.09651,0.02353,0.0993,283.7,CMEMS,2026-07-27
30.0,-77.75,-0.0884,-0.02811,0.0928,252.4,CMEMS,2026-07-27
30.0,-77.66666,-0.0659,-0.07479,0.0997,221.4,CMEMS,2026-07-27
30.0,-77.58333,-0.03428,-0.10861,0.1139,197.5,CMEMS,2026-07-27
30.0,-77.5,-0.00196,-0.11877,0.1188,180.9,CMEMS,2026-07-27
30.0,-77.41666,0.02231,-0.10511,0.1074,168.0,CMEMS,2026-07-27
30.0,-77.33333,0.0383,-0.08661,0.0947,156.1,CMEMS,2026-07-27
30.0,-77.25,0.05337,-0.06913,0.0873,142.3,CMEMS,2026-07-27
30.0,-77.16666,0.07004,-0.03911,0.0802,119.2,CMEMS,2026-07-27
30.0,-77.08333,0.07973,0.0084,0.0802,84.0,CMEMS,2026-07-27
30.0,-77.0,0.07291,0.0551,0.0914,52.9,CMEMS,2026-07-27
30.0,-76.91666,0.03872,0.09159,0.0994,22.9,CMEMS,2026-07-27
30.0,-76.83333,-0.01886,0.13626,0.1376,352.1,CMEMS,2026-07-27
30.0,-76.75,-0.06846,0.17894,0.1916,339.1,CMEMS,2026-07-27
30.0,-76.66666,-0.07312,0.16286,0.1785,335.8,CMEMS,2026-07-27
30.0,-76.58333,-0.04689,0.08611,0.0981,331.4,CMEMS,2026-07-27
30.0,-76.5,-0.03428,-0.04201,0.0542,219.2,CMEMS,2026-07-27
30.0,-76.41666,-0.05176,-0.15555,0.1639,198.4,CMEMS,2026-07-27
30.0,-76.33333,-0.0948,-0.22333,0.2426,203.0,CMEMS,2026-07-27
30.0,-76.25,-0.15018,-0.2822,0.3197,208.0,CMEMS,2026-07-27
30.0,-76.16666,-0.20059,-0.35606,0.4087,209.4,CMEMS,2026-07-27
30.0,-76.08333,-0.23865,-0.42254,0.4853,209.5,CMEMS,2026-07-27
30.0,-76.0,-0.26608,-0.45707,0.5289,210.2,CMEMS,2026-07-27
30.0,-75.91666,-0.28578,-0.45784,0.5397,212.0,CMEMS,2026-07-27
30.0,-75.83333,-0.30056,-0.43806,0.5313,214.5,CMEMS,2026-07-27
30.0,-75.75,-0.31563,-0.40603,0.5143,217.9,CMEMS,2026-07-27
30.0,-75.66666,-0.33457,-0.35924,0.4909,223.0,CMEMS,2026-07-27
30.0,-75.58333,-0.35354,-0.30995,0.4702,228.8,CMEMS,2026-07-27
30.0,-75.5,-0.36508,-0.25413,0.4448,235.2,CMEMS,2026-07-27
30.0,-75.41666,-0.36325,-0.19192,0.4108,242.2,CMEMS,2026-07-27
30.0,-75.33333,-0.34613,-0.14064,0.3736,247.9,CMEMS,2026-07-27
30.0,-75.25,-0.317,-0.09834,0.3319,252.8,CMEMS,2026-07-27
30.08334,-81.33333,0.002,-0.0052,0.0056,159.0,CMEMS,2026-07-27
30.08334,-81.25,0.00717,0.01839,0.0197,21.3,CMEMS,2026-07-27
30.08334,-81.16666,0.01132,0.01595,0.0196,35.4,CMEMS,2026-07-27
30.08334,-81.08333,0.01826,0.00368,0.0186,78.6,CMEMS,2026-07-27
30.08334,-81.0,0.02028,-0.01442,0.0249,125.4,CMEMS,2026-07-27
30.08334,-80.91666,0.01722,-0.03663,0.0405,154.8,CMEMS,2026-07-27
30.08334,-80.83333,0.01426,-0.06417,0.0657,167.5,CMEMS,2026-07-27
30.08334,-80.75,0.01749,-0.11306,0.1144,171.2,CMEMS,2026-07-27
30.08334,-80.66666,0.02013,-0.16994,0.1711,173.2,CMEMS,2026-07-27
30.08334,-80.58333,0.02041,-0.2288,0.2297,174.9,CMEMS,2026-07-27
30.08334,-80.5,0.02392,-0.29933,0.3003,175.4,CMEMS,2026-07-27
30.08334,-80.41666,0.03514,-0.32412,0.326,173.8,CMEMS,2026-07-27
30.08334,-80.33333,0.04233,-0.21153,0.2157,168.7,CMEMS,2026-07-27
30.08334,-80.25,0.06118,0.14278,0.1553,23.2,CMEMS,2026-07-27
30.08334,-80.16666,0.17638,0.50933,0.539,19.1,CMEMS,2026-07-27
30.08334,-80.08333,0.31163,1.06647,1.1111,16.3,CMEMS,2026-07-27
30.08334,-80.0,0.36864,1.67159,1.7118,12.4,CMEMS,2026-07-27
30.08334,-79.91666,0.36852,1.93098,1.9658,10.8,CMEMS,2026-07-27
30.08334,-79.83333,0.36662,1.83702,1.8732,11.3,CMEMS,2026-07-27
30.08334,-79.75,0.35204,1.60892,1.647,12.3,CMEMS,2026-07-27
30.08334,-79.66666,0.33646,1.34202,1.3836,14.1,CMEMS,2026-07-27
30.08334,-79.58333,0.3255,1.06023,1.1091,17.1,CMEMS,2026-07-27
30.08334,-79.5,0.29344,0.76992,0.8239,20.9,CMEMS,2026-07-27
30.08334,-79.41666,0.25407,0.46227,0.5275,28.8,CMEMS,2026-07-27
30.08334,-79.33333,0.20687,0.16283,0.2633,51.8,CMEMS,2026-07-27
30.08334,-79.25,0.14056,-0.05708,0.1517,112.1,CMEMS,2026-07-27
30.08334,-79.16666,0.08755,-0.17294,0.1938,153.2,CMEMS,2026-07-27
30.08334,-79.08333,0.07167,-0.20483,0.217,160.7,CMEMS,2026-07-27
30.08334,-79.0,0.08829,-0.16975,0.1913,152.5,CMEMS,2026-07-27
30.08334,-78.91666,0.12333,-0.11203,0.1666,132.3,CMEMS,2026-07-27
30.08334,-78.83333,0.15857,-0.04934,0.1661,107.3,CMEMS,2026-07-27
30.08334,-78.75,0.1839,0.0248,0.1856,82.3,CMEMS,2026-07-27
30.08334,-78.66666,0.195,0.09721,0.2179,63.5,CMEMS,2026-07-27
30.08334,-78.58333,0.19046,0.1581,0.2475,50.3,CMEMS,2026-07-27
30.08334,-78.5,0.16495,0.20939,0.2666,38.2,CMEMS,2026-07-27
30.08334,-78.41666,0.1189,0.23669,0.2649,26.7,CMEMS,2026-07-27
30.08334,-78.33333,0.06822,0.23819,0.2478,16.0,CMEMS,2026-07-27
30.08334,-78.25,0.02413,0.22822,0.2295,6.0,CMEMS,2026-07-27
30.08334,-78.16666,-0.02513,0.21952,0.221,353.5,CMEMS,2026-07-27
30.08334,-78.08333,-0.077,0.20117,0.2154,339.1,CMEMS,2026-07-27
30.08334,-78.0,-0.11361,0.15998,0.1962,324.6,CMEMS,2026-07-27
30.08334,-77.91666,-0.12931,0.09821,0.1624,307.2,CMEMS,2026-07-27
30.08334,-77.83333,-0.12626,0.02791,0.1293,282.5,CMEMS,2026-07-27
30.08334,-77.75,-0.10938,-0.04236,0.1173,248.8,CMEMS,2026-07-27
30.08334,-77.66666,-0.08389,-0.10371,0.1334,219.0,CMEMS,2026-07-27
30.08334,-77.58333,-0.05356,-0.14768,0.1571,199.9,CMEMS,2026-07-27
30.08334,-77.5,-0.02213,-0.1604,0.1619,187.9,CMEMS,2026-07-27
30.08334,-77.41666,0.00591,-0.14008,0.1402,177.6,CMEMS,2026-07-27
30.08334,-77.33333,0.02507,-0.11038,0.1132,167.2,CMEMS,2026-07-27
30.08334,-77.25,0.0328,-0.08736,0.0933,159.4,CMEMS,2026-07-27
30.08334,-77.16666,0.0371,-0.05557,0.0668,146.3,CMEMS,2026-07-27
30.08334,-77.08333,0.03823,0.00154,0.0383,87.7,CMEMS,2026-07-27
30.08334,-77.0,0.02031,0.07421,0.0769,15.3,CMEMS,2026-07-27
30.08334,-76.91666,-0.03056,0.14493,0.1481,348.1,CMEMS,2026-07-27
30.08334,-76.83333,-0.09146,0.19745,0.2176,335.1,CMEMS,2026-07-27
30.08334,-76.75,-0.11411,0.19943,0.2298,330.2,CMEMS,2026-07-27
30.08334,-76.66666,-0.08833,0.1483,0.1726,329.2,CMEMS,2026-07-27
30.08334,-76.58333,-0.06186,0.0641,0.0891,316.0,CMEMS,2026-07-27
30.08334,-76.5,-0.05857,-0.03863,0.0702,236.6,CMEMS,2026-07-27
30.08334,-76.41666,-0.0799,-0.11436,0.1395,214.9,CMEMS,2026-07-27
30.08334,-76.33333,-0.12219,-0.15982,0.2012,217.4,CMEMS,2026-07-27
30.08334,-76.25,-0.1755,-0.2132,0.2761,219.5,CMEMS,2026-07-27
30.08334,-76.16666,-0.22634,-0.29091,0.3686,217.9,CMEMS,2026-07-27
30.08334,-76.08333,-0.26849,-0.3708,0.4578,215.9,CMEMS,2026-07-27
30.08334,-76.0,-0.30054,-0.42416,0.5198,215.3,CMEMS,2026-07-27
30.08334,-75.91666,-0.31999,-0.43981,0.5439,216.0,CMEMS,2026-07-27
30.08334,-75.83333,-0.32548,-0.42554,0.5357,217.4,CMEMS,2026-07-27
30.08334,-75.75,-0.32135,-0.39488,0.5091,219.1,CMEMS,2026-07-27
30.08334,-75.66666,-0.31437,-0.35244,0.4723,221.7,CMEMS,2026-07-27
30.08334,-75.58333,-0.30709,-0.30159,0.4304,225.5,CMEMS,2026-07-27
30.08334,-75.5,-0.29867,-0.25675,0.3939,229.3,CMEMS,2026-07-27
30.08334,-75.41666,-0.28594,-0.21256,0.3563,233.4,CMEMS,2026-07-27
30.08334,-75.33333,-0.2651,-0.17296,0.3165,236.9,CMEMS,2026-07-27
30.08334,-75.25,-0.23662,-0.1436,0.2768,238.7,CMEMS,2026-07-27
30.16667,-81.33333,-0.02445,0.01459,0.0285,300.8,CMEMS,2026-07-27
30.16667,-81.25,-0.01381,0.01113,0.0177,308.9,CMEMS,2026-07-27
30.16667,-81.16666,0.00205,0.01478,0.0149,7.9,CMEMS,2026-07-27
30.16667,-81.08333,0.00952,0.0048,0.0107,63.2,CMEMS,2026-07-27
30.16667,-81.0,0.01195,-0.01164,0.0167,134.2,CMEMS,2026-07-27
30.16667,-80.91666,0.01183,-0.03376,0.0358,160.7,CMEMS,2026-07-27
30.16667,-80.83333,0.01137,-0.06672,0.0677,170.3,CMEMS,2026-07-27
30.16667,-80.75,0.01003,-0.11248,0.1129,174.9,CMEMS,2026-07-27
30.16667,-80.66666,0.00083,-0.15453,0.1545,179.7,CMEMS,2026-07-27
30.16667,-80.58333,-0.00805,-0.21967,0.2198,182.1,CMEMS,2026-07-27
30.16667,-80.5,-0.01631,-0.31148,0.3119,183.0,CMEMS,2026-07-27
30.16667,-80.41666,-0.02671,-0.35424,0.3552,184.3,CMEMS,2026-07-27
30.16667,-80.33333,-0.0196,-0.2571,0.2579,184.4,CMEMS,2026-07-27
30.16667,-80.25,0.05083,0.09874,0.1111,27.2,CMEMS,2026-07-27
30.16667,-80.16666,0.16519,0.36004,0.3961,24.6,CMEMS,2026-07-27
30.16667,-80.08333,0.3175,0.81538,0.875,21.3,CMEMS,2026-07-27
30.16667,-80.0,0.43451,1.4378,1.502,16.8,CMEMS,2026-07-27
30.16667,-79.91666,0.4451,1.83024,1.8836,13.7,CMEMS,2026-07-27
30.16667,-79.83333,0.41996,1.83733,1.8847,12.9,CMEMS,2026-07-27
30.16667,-79.75,0.39722,1.63757,1.6851,13.6,CMEMS,2026-07-27
30.16667,-79.66666,0.3774,1.37924,1.4299,15.3,CMEMS,2026-07-27
30.16667,-79.58333,0.35362,1.1035,1.1588,17.8,CMEMS,2026-07-27
30.16667,-79.5,0.31568,0.82179,0.8803,21.0,CMEMS,2026-07-27
30.16667,-79.41666,0.2758,0.52756,0.5953,27.6,CMEMS,2026-07-27
30.16667,-79.33333,0.22405,0.23868,0.3274,43.2,CMEMS,2026-07-27
30.16667,-79.25,0.1539,0.00758,0.1541,87.2,CMEMS,2026-07-27
30.16667,-79.16666,0.10003,-0.149,0.1795,146.1,CMEMS,2026-07-27
30.16667,-79.08333,0.08753,-0.23392,0.2498,159.5,CMEMS,2026-07-27
30.16667,-79.0,0.1075,-0.22639,0.2506,154.6,CMEMS,2026-07-27
30.16667,-78.91666,0.14412,-0.16234,0.2171,138.4,CMEMS,2026-07-27
30.16667,-78.83333,0.17752,-0.09166,0.1998,117.3,CMEMS,2026-07-27
30.16667,-78.75,0.19405,-0.00634,0.1941,91.9,CMEMS,2026-07-27
30.16667,-78.66666,0.19372,0.08822,0.2129,65.5,CMEMS,2026-07-27
30.16667,-78.58333,0.17817,0.17339,0.2486,45.8,CMEMS,2026-07-27
30.16667,-78.5,0.14248,0.24609,0.2844,30.1,CMEMS,2026-07-27
30.16667,-78.41666,0.08805,0.29232,0.3053,16.8,CMEMS,2026-07-27
30.16667,-78.33333,0.03656,0.29975,0.302,7.0,CMEMS,2026-07-27
30.16667,-78.25,-0.01039,0.29156,0.2917,358.0,CMEMS,2026-07-27
30.16667,-78.16666,-0.06196,0.28066,0.2874,347.6,CMEMS,2026-07-27
30.16667,-78.08333,-0.10437,0.24919,0.2702,337.3,CMEMS,2026-07-27
30.16667,-78.0,-0.12391,0.18717,0.2245,326.5,CMEMS,2026-07-27
30.16667,-77.91666,-0.12157,0.10476,0.1605,310.8,CMEMS,2026-07-27
30.16667,-77.83333,-0.10487,0.01956,0.1067,280.6,CMEMS,2026-07-27
30.16667,-77.75,-0.08424,-0.05591,0.1011,236.4,CMEMS,2026-07-27
30.16667,-77.66666,-0.06552,-0.11992,0.1367,208.7,CMEMS,2026-07-27
30.16667,-77.58333,-0.04693,-0.16947,0.1758,195.5,CMEMS,2026-07-27
30.16667,-77.5,-0.0241,-0.19233,0.1938,187.1,CMEMS,2026-07-27
30.16667,-77.41666,0.00429,-0.17628,0.1763,178.6,CMEMS,2026-07-27
30.16667,-77.33333,0.02512,-0.12812,0.1306,168.9,CMEMS,2026-07-27
30.16667,-77.25,0.02684,-0.08829,0.0923,163.1,CMEMS,2026-07-27
30.16667,-77.16666,0.01965,-0.05288,0.0564,159.6,CMEMS,2026-07-27
30.16667,-77.08333,0.00244,0.01772,0.0179,7.9,CMEMS,2026-07-27
30.16667,-77.0,-0.04318,0.1219,0.1293,340.5,CMEMS,2026-07-27
30.16667,-76.91666,-0.10719,0.20631,0.2325,332.5,CMEMS,2026-07-27
30.16667,-76.83333,-0.14484,0.22762,0.2698,327.5,CMEMS,2026-07-27
30.16667,-76.75,-0.13214,0.19019,0.2316,325.2,CMEMS,2026-07-27
30.16667,-76.66666,-0.10402,0.1275,0.1646,320.8,CMEMS,2026-07-27
30.16667,-76.58333,-0.09468,0.04658,0.1055,296.2,CMEMS,2026-07-27
30.16667,-76.5,-0.09422,-0.02539,0.0976,254.9,CMEMS,2026-07-27
30.16667,-76.41666,-0.10884,-0.07875,0.1343,234.1,CMEMS,2026-07-27
30.16667,-76.33333,-0.13814,-0.11209,0.1779,230.9,CMEMS,2026-07-27
30.16667,-76.25,-0.17662,-0.15767,0.2368,228.2,CMEMS,2026-07-27
30.16667,-76.16666,-0.21848,-0.23152,0.3183,223.3,CMEMS,2026-07-27
30.16667,-76.08333,-0.25863,-0.31803,0.4099,219.1,CMEMS,2026-07-27
30.16667,-76.0,-0.2947,-0.38777,0.487,217.2,CMEMS,2026-07-27
30.16667,-75.91666,-0.32208,-0.42221,0.531,217.3,CMEMS,2026-07-27
30.16667,-75.83333,-0.33494,-0.42209,0.5388,218.4,CMEMS,2026-07-27
30.16667,-75.75,-0.33091,-0.39951,0.5188,219.6,CMEMS,2026-07-27
30.16667,-75.66666,-0.31491,-0.36567,0.4826,220.7,CMEMS,2026-07-27
30.16667,-75.58333,-0.29285,-0.32217,0.4354,222.3,CMEMS,2026-07-27
30.16667,-75.5,-0.26841,-0.27512,0.3844,224.3,CMEMS,2026-07-27
30.16667,-75.41666,-0.24299,-0.23594,0.3387,225.8,CMEMS,2026-07-27
30.16667,-75.33333,-0.21676,-0.20165,0.2961,227.1,CMEMS,2026-07-27
30.16667,-75.25,-0.18826,-0.17492,0.257,227.1,CMEMS,2026-07-27
30.25,-81.33333,-0.01341,0.02704,0.0302,333.6,CMEMS,2026-07-27
30.25,-81.25,-0.00073,0.00303,0.0031,346.4,CMEMS,2026-07-27
30.25,-81.16666,0.00859,0.00905,0.0125,43.5,CMEMS,2026-07-27
30.25,-81.08333,0.00916,0.00752,0.0118,50.6,CMEMS,2026-07-27
30.25,-81.0,0.00855,-0.00688,0.011,128.8,CMEMS,2026-07-27
30.25,-80.91666,0.00708,-0.0302,0.031,166.8,CMEMS,2026-07-27
30.25,-80.83333,0.00581,-0.06607,0.0663,175.0,CMEMS,2026-07-27
30.25,-80.75,-0.00073,-0.10551,0.1055,180.4,CMEMS,2026-07-27
30.25,-80.66666,-0.0122,-0.13497,0.1355,185.2,CMEMS,2026-07-27
30.25,-80.58333,-0.01884,-0.19921,0.2001,185.4,CMEMS,2026-07-27
30.25,-80.5,-0.02597,-0.28792,0.2891,185.2,CMEMS,2026-07-27
30.25,-80.41666,-0.03715,-0.3404,0.3424,186.2,CMEMS,2026-07-27
30.25,-80.33333,-0.02652,-0.29346,0.2947,185.2,CMEMS,2026-07-27
30.25,-80.25,0.04178,-0.01424,0.0441,108.8,CMEMS,2026-07-27
30.25,-80.16666,0.13462,0.29344,0.3228,24.6,CMEMS,2026-07-27
30.25,-80.08333,0.26137,0.62794,0.6802,22.6,CMEMS,2026-07-27
30.25,-80.0,0.41914,1.20092,1.272,19.2,CMEMS,2026-07-27
30.25,-79.91666,0.49485,1.68118,1.7525,16.4,CMEMS,2026-07-27
30.25,-79.83333,0.48244,1.80367,1.8671,15.0,CMEMS,2026-07-27
30.25,-79.75,0.45394,1.66013,1.7211,15.3,CMEMS,2026-07-27
30.25,-79.66666,0.43124,1.42208,1.486,16.9,CMEMS,2026-07-27
30.25,-79.58333,0.39642,1.15527,1.2214,18.9,CMEMS,2026-07-27
30.25,-79.5,0.35172,0.8823,0.9498,21.7,CMEMS,2026-07-27
30.25,-79.41666,0.31003,0.59819,0.6738,27.4,CMEMS,2026-07-27
30.25,-79.33333,0.25459,0.31634,0.4061,38.8,CMEMS,2026-07-27
30.25,-79.25,0.18205,0.07393,0.1965,67.9,CMEMS,2026-07-27
30.25,-79.16666,0.12462,-0.11703,0.171,133.2,CMEMS,2026-07-27
30.25,-79.08333,0.10981,-0.24923,0.2723,156.2,CMEMS,2026-07-27
30.25,-79.0,0.12707,-0.27292,0.3011,155.0,CMEMS,2026-07-27
30.25,-78.91666,0.15958,-0.20644,0.2609,142.3,CMEMS,2026-07-27
30.25,-78.83333,0.18687,-0.11799,0.221,122.3,CMEMS,2026-07-27
30.25,-78.75,0.19238,-0.01993,0.1934,95.9,CMEMS,2026-07-27
30.25,-78.66666,0.17922,0.09124,0.2011,63.0,CMEMS,2026-07-27
30.25,-78.58333,0.15224,0.19649,0.2486,37.8,CMEMS,2026-07-27
30.25,-78.5,0.10596,0.28921,0.308,20.1,CMEMS,2026-07-27
30.25,-78.41666,0.04962,0.34605,0.3496,8.2,CMEMS,2026-07-27
30.25,-78.33333,0.00466,0.35264,0.3527,0.8,CMEMS,2026-07-27
30.25,-78.25,-0.03713,0.34229,0.3443,353.8,CMEMS,2026-07-27
30.25,-78.16666,-0.07532,0.32242,0.3311,346.9,CMEMS,2026-07-27
30.25,-78.08333,-0.09412,0.27251,0.2883,340.9,CMEMS,2026-07-27
30.25,-78.0,-0.08876,0.19152,0.2111,335.1,CMEMS,2026-07-27
30.25,-77.91666,-0.06709,0.09544,0.1167,324.9,CMEMS,2026-07-27
30.25,-77.83333,-0.04225,0.00908,0.0432,282.1,CMEMS,2026-07-27
30.25,-77.75,-0.02514,-0.05952,0.0646,202.9,CMEMS,2026-07-27
30.25,-77.66666,-0.01904,-0.11752,0.119,189.2,CMEMS,2026-07-27
30.25,-77.58333,-0.01772,-0.17036,0.1713,185.9,CMEMS,2026-07-27
30.25,-77.5,-0.01103,-0.20746,0.2078,183.0,CMEMS,2026-07-27
30.25,-77.41666,0.00384,-0.20457,0.2046,178.9,CMEMS,2026-07-27
30.25,-77.33333,0.01368,-0.14853,0.1492,174.7,CMEMS,2026-07-27
30.25,-77.25,0.00954,-0.09018,0.0907,174.0,CMEMS,2026-07-27
30.25,-77.16666,-0.00841,-0.03339,0.0344,194.1,CMEMS,2026-07-27
30.25,-77.08333,-0.05034,0.06406,0.0815,321.8,CMEMS,2026-07-27
30.25,-77.0,-0.11482,0.18426,0.2171,328.1,CMEMS,2026-07-27
30.25,-76.91666,-0.16417,0.24373,0.2939,326.0,CMEMS,2026-07-27
30.25,-76.83333,-0.17108,0.22774,0.2848,323.1,CMEMS,2026-07-27
30.25,-76.75,-0.15803,0.18012,0.2396,318.7,CMEMS,2026-07-27
30.25,-76.66666,-0.1494,0.11297,0.1873,307.1,CMEMS,2026-07-27
30.25,-76.58333,-0.13644,0.03941,0.142,286.1,CMEMS,2026-07-27
30.25,-76.5,-0.12592,-0.02169,0.1278,260.2,CMEMS,2026-07-27
30.25,-76.41666,-0.12445,-0.06758,0.1416,241.5,CMEMS,2026-07-27
30.25,-76.33333,-0.13182,-0.09632,0.1633,233.8,CMEMS,2026-07-27
30.25,-76.25,-0.14747,-0.13053,0.1969,228.5,CMEMS,2026-07-27
30.25,-76.16666,-0.17122,-0.1908,0.2564,221.9,CMEMS,2026-07-27
30.25,-76.08333,-0.20012,-0.26986,0.336,216.6,CMEMS,2026-07-27
30.25,-76.0,-0.23252,-0.34537,0.4163,213.9,CMEMS,2026-07-27
30.25,-75.91666,-0.26558,-0.39497,0.476,213.9,CMEMS,2026-07-27
30.25,-75.83333,-0.29442,-0.41183,0.5062,215.6,CMEMS,2026-07-27
30.25,-75.75,-0.31037,-0.40416,0.5096,217.5,CMEMS,2026-07-27
30.25,-75.66666,-0.30728,-0.38361,0.4915,218.7,CMEMS,2026-07-27
30.25,-75.58333,-0.28832,-0.35224,0.4552,219.3,CMEMS,2026-07-27
30.25,-75.5,-0.25914,-0.31105,0.4049,219.8,CMEMS,2026-07-27
30.25,-75.41666,-0.22498,-0.26888,0.3506,219.9,CMEMS,2026-07-27
30.25,-75.33333,-0.19126,-0.23296,0.3014,219.4,CMEMS,2026-07-27
30.25,-75.25,-0.16114,-0.20397,0.2599,218.3,CMEMS,2026-07-27
30.33334,-81.33333,-0.00112,0.0292,0.0292,357.8,CMEMS,2026-07-27
30.33334,-81.25,0.01364,-0.00473,0.0144,109.1,CMEMS,2026-07-27
30.33334,-81.16666,0.01665,0.00165,0.0167,84.3,CMEMS,2026-07-27
30.33334,-81.08333,0.01427,0.01168,0.0184,50.7,CMEMS,2026-07-27
30.33334,-81.0,0.01434,-0.00333,0.0147,103.1,CMEMS,2026-07-27
30.33334,-80.91666,0.012,-0.03133,0.0335,159.0,CMEMS,2026-07-27
30.33334,-80.83333,0.00673,-0.06672,0.0671,174.2,CMEMS,2026-07-27
30.33334,-80.75,-0.00386,-0.09436,0.0944,182.3,CMEMS,2026-07-27
30.33334,-80.66666,-0.01212,-0.11481,0.1154,186.0,CMEMS,2026-07-27
30.33334,-80.58333,-0.01287,-0.17508,0.1756,184.2,CMEMS,2026-07-27
30.33334,-80.5,-0.01373,-0.26011,0.2605,183.0,CMEMS,2026-07-27
30.33334,-80.41666,-0.02004,-0.31672,0.3174,183.6,CMEMS,2026-07-27
30.33334,-80.33333,-0.00141,-0.29602,0.296,180.3,CMEMS,2026-07-27
30.33334,-80.25,0.03757,-0.13949,0.1445,164.9,CMEMS,2026-07-27
30.33334,-80.16666,0.10034,0.24997,0.2694,21.9,CMEMS,2026-07-27
30.33334,-80.08333,0.19127,0.51064,0.5453,20.5,CMEMS,2026-07-27
30.33334,-80.0,0.33151,1.01265,1.0655,18.1,CMEMS,2026-07-27
30.33334,-79.91666,0.47456,1.51985,1.5922,17.3,CMEMS,2026-07-27
30.33334,-79.83333,0.53496,1.74688,1.827,17.0,CMEMS,2026-07-27
30.33334,-79.75,0.52808,1.68026,1.7613,17.4,CMEMS,2026-07-27
30.33334,-79.66666,0.49689,1.46935,1.5511,18.7,CMEMS,2026-07-27
30.33334,-79.58333,0.44927,1.20944,1.2902,20.4,CMEMS,2026-07-27
30.33334,-79.5,0.39926,0.94385,1.0248,22.9,CMEMS,2026-07-27
30.33334,-79.41666,0.35489,0.66915,0.7574,27.9,CMEMS,2026-07-27
30.33334,-79.33333,0.29549,0.39252,0.4913,37.0,CMEMS,2026-07-27
30.33334,-79.25,0.2202,0.1418,0.2619,57.2,CMEMS,2026-07-27
30.33334,-79.16666,0.15704,-0.07564,0.1743,115.7,CMEMS,2026-07-27
30.33334,-79.08333,0.13588,-0.24993,0.2845,151.5,CMEMS,2026-07-27
30.33334,-79.0,0.14379,-0.30824,0.3401,155.0,CMEMS,2026-07-27
30.33334,-78.91666,0.16338,-0.24325,0.293,146.1,CMEMS,2026-07-27
30.33334,-78.83333,0.17749,-0.13342,0.222,126.9,CMEMS,2026-07-27
30.33334,-78.75,0.17206,-0.01899,0.1731,96.3,CMEMS,2026-07-27
30.33334,-78.66666,0.14994,0.10568,0.1834,54.8,CMEMS,2026-07-27
30.33334,-78.58333,0.11331,0.22538,0.2523,26.7,CMEMS,2026-07-27
30.33334,-78.5,0.06,0.33115,0.3365,10.3,CMEMS,2026-07-27
30.33334,-78.41666,0.01124,0.38805,0.3882,1.7,CMEMS,2026-07-27
30.33334,-78.33333,-0.02163,0.38918,0.3898,356.8,CMEMS,2026-07-27
30.33334,-78.25,-0.04929,0.37428,0.3775,352.5,CMEMS,2026-07-27
30.33334,-78.16666,-0.06347,0.34146,0.3473,349.5,CMEMS,2026-07-27
30.33334,-78.08333,-0.05491,0.27416,0.2796,348.7,CMEMS,2026-07-27
30.33334,-78.0,-0.0303,0.17969,0.1822,350.4,CMEMS,2026-07-27
30.33334,-77.91666,-0.00254,0.08025,0.0803,358.2,CMEMS,2026-07-27
30.33334,-77.83333,0.01934,-0.00097,0.0194,92.9,CMEMS,2026-07-27
30.33334,-77.75,0.0285,-0.05933,0.0658,154.3,CMEMS,2026-07-27
30.33334,-77.66666,0.02343,-0.10614,0.1087,167.5,CMEMS,2026-07-27
30.33334,-77.58333,0.01231,-0.15601,0.1565,175.5,CMEMS,2026-07-27
30.33334,-77.5,0.00643,-0.2026,0.2027,178.2,CMEMS,2026-07-27
30.33334,-77.41666,0.0075,-0.21377,0.2139,178.0,CMEMS,2026-07-27
30.33334,-77.33333,0.00326,-0.15453,0.1546,178.8,CMEMS,2026-07-27
30.33334,-77.25,-0.00935,-0.08156,0.0821,186.5,CMEMS,2026-07-27
30.33334,-77.16666,-0.04163,0.00174,0.0417,272.4,CMEMS,2026-07-27
30.33334,-77.08333,-0.10044,0.1231,0.1589,320.8,CMEMS,2026-07-27
30.33334,-77.0,-0.1614,0.23029,0.2812,325.0,CMEMS,2026-07-27
30.33334,-76.91666,-0.18905,0.25713,0.3192,323.7,CMEMS,2026-07-27
30.33334,-76.83333,-0.19057,0.22693,0.2963,320.0,CMEMS,2026-07-27
30.33334,-76.75,-0.18526,0.17455,0.2545,313.3,CMEMS,2026-07-27
30.33334,-76.66666,-0.16171,0.09816,0.1892,301.3,CMEMS,2026-07-27
30.33334,-76.58333,-0.12847,0.02638,0.1312,281.6,CMEMS,2026-07-27
30.33334,-76.5,-0.10207,-0.03773,0.1088,249.7,CMEMS,2026-07-27
30.33334,-76.41666,-0.08642,-0.0751,0.1145,229.0,CMEMS,2026-07-27
30.33334,-76.33333,-0.08101,-0.10218,0.1304,218.4,CMEMS,2026-07-27
30.33334,-76.25,-0.08363,-0.12777,0.1527,213.2,CMEMS,2026-07-27
30.33334,-76.16666,-0.09495,-0.17308,0.1974,208.7,CMEMS,2026-07-27
30.33334,-76.08333,-0.11519,-0.23667,0.2632,206.0,CMEMS,2026-07-27
30.33334,-76.0,-0.14136,-0.30426,0.3355,204.9,CMEMS,2026-07-27
30.33334,-75.91666,-0.16982,-0.3571,0.3954,205.4,CMEMS,2026-07-27
30.33334,-75.83333,-0.20069,-0.38511,0.4343,207.5,CMEMS,2026-07-27
30.33334,-75.75,-0.22966,-0.39553,0.4574,210.1,CMEMS,2026-07-27
30.33334,-75.66666,-0.24767,-0.39519,0.4664,212.1,CMEMS,2026-07-27
30.33334,-75.58333,-0.24955,-0.3807,0.4552,213.2,CMEMS,2026-07-27
30.33334,-75.5,-0.23619,-0.34983,0.4221,214.0,CMEMS,2026-07-27
30.33334,-75.41666,-0.21116,-0.30875,0.3741,214.4,CMEMS,2026-07-27
30.33334,-75.33333,-0.17976,-0.26647,0.3214,214.0,CMEMS,2026-07-27
30.33334,-75.25,-0.14724,-0.22928,0.2725,212.7,CMEMS,2026-07-27
30.41667,-81.33333,-0.00124,0.04375,0.0438,358.4,CMEMS,2026-07-27
30.41667,-81.25,0.00906,-0.00982,0.0134,137.3,CMEMS,2026-07-27
30.41667,-81.16666,0.01757,-0.00281,0.0178,99.1,CMEMS,2026-07-27
30.41667,-81.08333,0.02166,0.01258,0.0251,59.9,CMEMS,2026-07-27
30.41667,-81.0,0.02163,-0.00249,0.0218,96.6,CMEMS,2026-07-27
30.41667,-80.91666,0.01816,-0.02559,0.0314,144.6,CMEMS,2026-07-27
30.41667,-80.83333,0.01111,-0.05681,0.0579,168.9,CMEMS,2026-07-27
30.41667,-80.75,0.00075,-0.0805,0.0805,179.5,CMEMS,2026-07-27
30.41667,-80.66666,-0.00778,-0.09787,0.0982,184.5,CMEMS,2026-07-27
30.41667,-80.58333,-0.01261,-0.15746,0.158,184.6,CMEMS,2026-07-27
30.41667,-80.5,-0.0147,-0.24961,0.25,183.4,CMEMS,2026-07-27
30.41667,-80.41666,-0.02657,-0.31848,0.3196,184.8,CMEMS,2026-07-27
30.41667,-80.33333,-0.02895,-0.32801,0.3293,185.0,CMEMS,2026-07-27
30.41667,-80.25,0.01418,-0.23976,0.2402,176.6,CMEMS,2026-07-27
30.41667,-80.16666,0.10206,0.17693,0.2043,30.0,CMEMS,2026-07-27
30.41667,-80.08333,0.17865,0.4468,0.4812,21.8,CMEMS,2026-07-27
30.41667,-80.0,0.26269,0.87959,0.918,16.6,CMEMS,2026-07-27
30.41667,-79.91666,0.41585,1.3861,1.4471,16.7,CMEMS,2026-07-27
30.41667,-79.83333,0.55077,1.68107,1.769,18.1,CMEMS,2026-07-27
30.41667,-79.75,0.59176,1.69185,1.7924,19.3,CMEMS,2026-07-27
30.41667,-79.66666,0.56474,1.51736,1.619,20.4,CMEMS,2026-07-27
30.41667,-79.58333,0.50896,1.27243,1.3704,21.8,CMEMS,2026-07-27
30.41667,-79.5,0.45403,1.01622,1.113,24.1,CMEMS,2026-07-27
30.41667,-79.41666,0.40538,0.75059,0.8531,28.4,CMEMS,2026-07-27
30.41667,-79.33333,0.34206,0.4806,0.5899,35.4,CMEMS,2026-07-27
30.41667,-79.25,0.26619,0.22465,0.3483,49.8,CMEMS,2026-07-27
30.41667,-79.16666,0.19729,-0.01527,0.1979,94.4,CMEMS,2026-07-27
30.41667,-79.08333,0.16532,-0.23029,0.2835,144.3,CMEMS,2026-07-27
30.41667,-79.0,0.15827,-0.33122,0.3671,154.5,CMEMS,2026-07-27
30.41667,-78.91666,0.15801,-0.27554,0.3176,150.2,CMEMS,2026-07-27
30.41667,-78.83333,0.15513,-0.13912,0.2084,131.9,CMEMS,2026-07-27
30.41667,-78.75,0.13819,-0.00599,0.1383,92.5,CMEMS,2026-07-27
30.41667,-78.66666,0.10696,0.1317,0.1697,39.1,CMEMS,2026-07-27
30.41667,-78.58333,0.06256,0.26433,0.2716,13.3,CMEMS,2026-07-27
30.41667,-78.5,0.01391,0.37226,0.3725,2.1,CMEMS,2026-07-27
30.41667,-78.41666,-0.01792,0.41836,0.4187,357.5,CMEMS,2026-07-27
30.41667,-78.33333,-0.03493,0.41302,0.4145,355.2,CMEMS,2026-07-27
30.41667,-78.25,-0.04241,0.39135,0.3936,353.8,CMEMS,2026-07-27
30.41667,-78.16666,-0.03235,0.34321,0.3447,354.6,CMEMS,2026-07-27
30.41667,-78.08333,-0.00681,0.26001,0.2601,358.5,CMEMS,2026-07-27
30.41667,-78.0,0.02202,0.15639,0.1579,8.0,CMEMS,2026-07-27
30.41667,-77.91666,0.04643,0.05733,0.0738,39.0,CMEMS,2026-07-27
30.41667,-77.83333,0.0623,-0.01487,0.0641,103.4,CMEMS,2026-07-27
30.41667,-77.75,0.06475,-0.05575,0.0854,130.7,CMEMS,2026-07-27
30.41667,-77.66666,0.05393,-0.0879,0.1031,148.5,CMEMS,2026-07-27
30.41667,-77.58333,0.03838,-0.13518,0.1405,164.1,CMEMS,2026-07-27
30.41667,-77.5,0.02663,-0.18714,0.189,171.9,CMEMS,2026-07-27
30.41667,-77.41666,0.02089,-0.20804,0.2091,174.3,CMEMS,2026-07-27
30.41667,-77.33333,0.00655,-0.14499,0.1451,177.4,CMEMS,2026-07-27
30.41667,-77.25,-0.01847,-0.04687,0.0504,201.5,CMEMS,2026-07-27
30.41667,-77.16666,-0.06343,0.05952,0.087,313.2,CMEMS,2026-07-27
30.41667,-77.08333,-0.12574,0.18751,0.2258,326.2,CMEMS,2026-07-27
30.41667,-77.0,-0.17452,0.26775,0.3196,326.9,CMEMS,2026-07-27
30.41667,-76.91666,-0.18852,0.26738,0.3272,324.8,CMEMS,2026-07-27
30.41667,-76.83333,-0.18449,0.2268,0.2924,320.9,CMEMS,2026-07-27
30.41667,-76.75,-0.161,0.15502,0.2235,313.9,CMEMS,2026-07-27
30.41667,-76.66666,-0.11212,0.06535,0.1298,300.2,CMEMS,2026-07-27
30.41667,-76.58333,-0.07007,-0.00646,0.0704,264.7,CMEMS,2026-07-27
30.41667,-76.5,-0.03198,-0.05737,0.0657,209.1,CMEMS,2026-07-27
30.41667,-76.41666,-0.00517,-0.08494,0.0851,183.5,CMEMS,2026-07-27
30.41667,-76.33333,0.00685,-0.09804,0.0983,176.0,CMEMS,2026-07-27
30.41667,-76.25,0.00682,-0.12086,0.1211,176.8,CMEMS,2026-07-27
30.41667,-76.16666,-0.0036,-0.15998,0.16,181.3,CMEMS,2026-07-27
30.41667,-76.08333,-0.02387,-0.21442,0.2157,186.4,CMEMS,2026-07-27
30.41667,-76.0,-0.05105,-0.27467,0.2794,190.5,CMEMS,2026-07-27
30.41667,-75.91666,-0.07942,-0.32375,0.3334,193.8,CMEMS,2026-07-27
30.41667,-75.83333,-0.10857,-0.35022,0.3667,197.2,CMEMS,2026-07-27
30.41667,-75.75,-0.13488,-0.36498,0.3891,200.3,CMEMS,2026-07-27
30.41667,-75.66666,-0.15175,-0.38266,0.4117,201.6,CMEMS,2026-07-27
30.41667,-75.58333,-0.15946,-0.38582,0.4175,202.5,CMEMS,2026-07-27
30.41667,-75.5,-0.16161,-0.36917,0.403,203.6,CMEMS,2026-07-27
30.41667,-75.41666,-0.16075,-0.33936,0.3755,205.3,CMEMS,2026-07-27
30.41667,-75.33333,-0.15611,-0.30589,0.3434,207.0,CMEMS,2026-07-27
30.41667,-75.25,-0.14381,-0.26971,0.3057,208.1,CMEMS,2026-07-27
30.5,-81.41666,0.00237,0.02123,0.0214,6.4,CMEMS,2026-07-27
30.5,-81.33333,0.00544,0.05306,0.0533,5.9,CMEMS,2026-07-27
30.5,-81.25,0.00556,-0.0144,0.0154,158.9,CMEMS,2026-07-27
30.5,-81.16666,0.01413,-0.01434,0.0201,135.4,CMEMS,2026-07-27
30.5,-81.08333,0.02658,0.00192,0.0266,85.9,CMEMS,2026-07-27
30.5,-81.0,0.03294,-0.00117,0.033,92.0,CMEMS,2026-07-27
30.5,-80.91666,0.03529,-0.01769,0.0395,116.6,CMEMS,2026-07-27
30.5,-80.83333,0.02963,-0.04501,0.0539,146.6,CMEMS,2026-07-27
30.5,-80.75,0.01465,-0.06455,0.0662,167.2,CMEMS,2026-07-27
30.5,-80.66666,0.0015,-0.07962,0.0796,178.9,CMEMS,2026-07-27
30.5,-80.58333,-0.01077,-0.13536,0.1358,184.5,CMEMS,2026-07-27
30.5,-80.5,-0.01764,-0.2254,0.2261,184.5,CMEMS,2026-07-27
30.5,-80.41666,-0.0328,-0.2959,0.2977,186.3,CMEMS,2026-07-27
30.5,-80.33333,-0.04626,-0.33399,0.3372,187.9,CMEMS,2026-07-27
30.5,-80.25,-0.02081,-0.31036,0.3111,183.8,CMEMS,2026-07-27
30.5,-80.16666,0.06592,0.01511,0.0676,77.1,CMEMS,2026-07-27
30.5,-80.08333,0.16583,0.3483,0.3858,25.5,CMEMS,2026-07-27
30.5,-80.0,0.24913,0.74088,0.7816,18.6,CMEMS,2026-07-27
30.5,-79.91666,0.38043,1.25511,1.3115,16.9,CMEMS,2026-07-27
30.5,-79.83333,0.53615,1.59883,1.6863,18.5,CMEMS,2026-07-27
30.5,-79.75,0.62047,1.67532,1.7865,20.3,CMEMS,2026-07-27
30.5,-79.66666,0.61734,1.55075,1.6691,21.7,CMEMS,2026-07-27
30.5,-79.58333,0.56665,1.3306,1.4462,23.1,CMEMS,2026-07-27
30.5,-79.5,0.51202,1.08683,1.2014,25.2,CMEMS,2026-07-27
30.5,-79.41666,0.4592,0.83148,0.9499,28.9,CMEMS,2026-07-27
30.5,-79.33333,0.39269,0.5691,0.6914,34.6,CMEMS,2026-07-27
30.5,-79.25,0.31302,0.3158,0.4447,44.7,CMEMS,2026-07-27
30.5,-79.16666,0.2347,0.06468,0.2435,74.6,CMEMS,2026-07-27
30.5,-79.08333,0.18939,-0.1803,0.2615,133.6,CMEMS,2026-07-27
30.5,-79.0,0.16654,-0.32499,0.3652,152.9,CMEMS,2026-07-27
30.5,-78.91666,0.1471,-0.28817,0.3235,153.0,CMEMS,2026-07-27
30.5,-78.83333,0.12861,-0.12953,0.1825,135.2,CMEMS,2026-07-27
30.5,-78.75,0.1019,0.01866,0.1036,79.6,CMEMS,2026-07-27
30.5,-78.66666,0.06292,0.16839,0.1798,20.5,CMEMS,2026-07-27
30.5,-78.58333,0.0189,0.30605,0.3066,3.5,CMEMS,2026-07-27
30.5,-78.5,-0.01525,0.40053,0.4008,357.8,CMEMS,2026-07-27
30.5,-78.41666,-0.02853,0.43015,0.4311,356.2,CMEMS,2026-07-27
30.5,-78.33333,-0.02921,0.41938,0.4204,356.0,CMEMS,2026-07-27
30.5,-78.25,-0.01791,0.38983,0.3902,357.4,CMEMS,2026-07-27
30.5,-78.16666,0.00782,0.32769,0.3278,1.4,CMEMS,2026-07-27
30.5,-78.08333,0.04025,0.23397,0.2374,9.8,CMEMS,2026-07-27
30.5,-78.0,0.06873,0.12942,0.1465,28.0,CMEMS,2026-07-27
30.5,-77.91666,0.08856,0.03762,0.0962,67.0,CMEMS,2026-07-27
30.5,-77.83333,0.0966,-0.02192,0.0991,102.8,CMEMS,2026-07-27
30.5,-77.75,0.09025,-0.04482,0.1008,116.4,CMEMS,2026-07-27
30.5,-77.66666,0.07376,-0.06439,0.0979,131.1,CMEMS,2026-07-27
30.5,-77.58333,0.05684,-0.11103,0.1247,152.9,CMEMS,2026-07-27
30.5,-77.5,0.04245,-0.1684,0.1737,165.9,CMEMS,2026-07-27
30.5,-77.41666,0.03193,-0.19545,0.198,170.7,CMEMS,2026-07-27
30.5,-77.33333,0.01363,-0.13328,0.134,174.2,CMEMS,2026-07-27
30.5,-77.25,-0.01849,-0.00425,0.019,257.0,CMEMS,2026-07-27
30.5,-77.16666,-0.06737,0.12767,0.1444,332.2,CMEMS,2026-07-27
30.5,-77.08333,-0.12507,0.24985,0.2794,333.4,CMEMS,2026-07-27
30.5,-77.0,-0.1605,0.29858,0.339,331.7,CMEMS,2026-07-27
30.5,-76.91666,-0.1616,0.27101,0.3155,329.2,CMEMS,2026-07-27
30.5,-76.83333,-0.14603,0.20737,0.2536,324.8,CMEMS,2026-07-27
30.5,-76.75,-0.11108,0.11144,0.1573,315.1,CMEMS,2026-07-27
30.5,-76.66666,-0.0707,0.01338,0.072,280.7,CMEMS,2026-07-27
30.5,-76.58333,-0.03106,-0.06436,0.0715,205.8,CMEMS,2026-07-27
30.5,-76.5,0.01363,-0.10718,0.108,172.8,CMEMS,2026-07-27
30.5,-76.41666,0.04904,-0.11749,0.1273,157.3,CMEMS,2026-07-27
30.5,-76.33333,0.07026,-0.10358,0.1252,145.8,CMEMS,2026-07-27
30.5,-76.25,0.07875,-0.10422,0.1306,142.9,CMEMS,2026-07-27
30.5,-76.16666,0.07326,-0.13361,0.1524,151.3,CMEMS,2026-07-27
30.5,-76.08333,0.05431,-0.18409,0.1919,163.6,CMEMS,2026-07-27
30.5,-76.0,0.02527,-0.2406,0.2419,174.0,CMEMS,2026-07-27
30.5,-75.91666,-0.00633,-0.28911,0.2892,181.3,CMEMS,2026-07-27
30.5,-75.83333,-0.03742,-0.31859,0.3208,186.7,CMEMS,2026-07-27
30.5,-75.75,-0.06313,-0.34092,0.3467,190.5,CMEMS,2026-07-27
30.5,-75.66666,-0.07413,-0.36778,0.3752,191.4,CMEMS,2026-07-27
30.5,-75.58333,-0.07218,-0.37988,0.3867,190.8,CMEMS,2026-07-27
30.5,-75.5,-0.06819,-0.36471,0.371,190.6,CMEMS,2026-07-27
30.5,-75.41666,-0.07077,-0.33093,0.3384,192.1,CMEMS,2026-07-27
30.5,-75.33333,-0.0827,-0.30099,0.3121,195.4,CMEMS,2026-07-27
30.5,-75.25,-0.09837,-0.28032,0.2971,199.3,CMEMS,2026-07-27
30.58334,-81.41666,0.00521,0.016,0.0168,18.0,CMEMS,2026-07-27
30.58334,-81.33333,0.02135,0.04603,0.0507,24.9,CMEMS,2026-07-27
30.58334,-81.25,0.01971,-0.00917,0.0217,114.9,CMEMS,2026-07-27
30.58334,-81.16666,0.01613,-0.0265,0.031,148.7,CMEMS,2026-07-27
30.58334,-81.08333,0.02532,-0.01796,0.031,125.3,CMEMS,2026-07-27
30.58334,-81.0,0.04001,-0.0107,0.0414,105.0,CMEMS,2026-07-27
30.58334,-80.91666,0.04818,-0.01728,0.0512,109.7,CMEMS,2026-07-27
30.58334,-80.83333,0.0439,-0.03309,0.055,127.0,CMEMS,2026-07-27
30.58334,-80.75,0.02934,-0.05079,0.0587,150.0,CMEMS,2026-07-27
30.58334,-80.66666,0.01418,-0.06576,0.0673,167.8,CMEMS,2026-07-27
30.58334,-80.58333,-0.00192,-0.11544,0.1155,181.0,CMEMS,2026-07-27
30.58334,-80.5,-0.01189,-0.19954,0.1999,183.4,CMEMS,2026-07-27
30.58334,-80.41666,-0.02885,-0.26135,0.2629,186.3,CMEMS,2026-07-27
30.58334,-80.33333,-0.03693,-0.29896,0.3012,187.0,CMEMS,2026-07-27
30.58334,-80.25,-0.0196,-0.30531,0.3059,183.7,CMEMS,2026-07-27
30.58334,-80.16666,0.034,-0.13254,0.1368,165.6,CMEMS,2026-07-27
30.58334,-80.08333,0.13136,0.26903,0.2994,26.0,CMEMS,2026-07-27
30.58334,-80.0,0.24939,0.59741,0.6474,22.7,CMEMS,2026-07-27
30.58334,-79.91666,0.38011,1.08842,1.1529,19.3,CMEMS,2026-07-27
30.58334,-79.83333,0.5221,1.48785,1.5768,19.3,CMEMS,2026-07-27
30.58334,-79.75,0.62712,1.63256,1.7489,21.0,CMEMS,2026-07-27
30.58334,-79.66666,0.65687,1.56447,1.6968,22.8,CMEMS,2026-07-27
30.58334,-79.58333,0.62675,1.37856,1.5143,24.4,CMEMS,2026-07-27
30.58334,-79.5,0.57559,1.14981,1.2858,26.6,CMEMS,2026-07-27
30.58334,-79.41666,0.51672,0.90389,1.0412,29.8,CMEMS,2026-07-27
30.58334,-79.33333,0.44947,0.6549,0.7943,34.5,CMEMS,2026-07-27
30.58334,-79.25,0.36923,0.4117,0.553,41.9,CMEMS,2026-07-27
30.58334,-79.16666,0.28529,0.1582,0.3262,61.0,CMEMS,2026-07-27
30.58334,-79.08333,0.21862,-0.10102,0.2408,114.8,CMEMS,2026-07-27
30.58334,-79.0,0.17359,-0.28625,0.3348,148.8,CMEMS,2026-07-27
30.58334,-78.91666,0.13489,-0.27861,0.3095,154.2,CMEMS,2026-07-27
30.58334,-78.83333,0.10218,-0.10912,0.1495,136.9,CMEMS,2026-07-27
30.58334,-78.75,0.06807,0.05515,0.0876,51.0,CMEMS,2026-07-27
30.58334,-78.66666,0.0288,0.20694,0.2089,7.9,CMEMS,2026-07-27
30.58334,-78.58333,-0.00506,0.33442,0.3345,359.1,CMEMS,2026-07-27
30.58334,-78.5,-0.02163,0.40722,0.4078,357.0,CMEMS,2026-07-27
30.58334,-78.41666,-0.01814,0.42328,0.4237,357.5,CMEMS,2026-07-27
30.58334,-78.33333,-0.00347,0.40845,0.4085,359.5,CMEMS,2026-07-27
30.58334,-78.25,0.02142,0.36959,0.3702,3.3,CMEMS,2026-07-27
30.58334,-78.16666,0.05485,0.29804,0.303,10.4,CMEMS,2026-07-27
30.58334,-78.08333,0.09046,0.20324,0.2225,24.0,CMEMS,2026-07-27
30.58334,-78.0,0.11812,0.10742,0.1597,47.7,CMEMS,2026-07-27
30.58334,-77.91666,0.13143,0.02985,0.1348,77.2,CMEMS,2026-07-27
30.58334,-77.83333,0.12832,-0.01323,0.129,95.9,CMEMS,2026-07-27
30.58334,-77.75,0.11117,-0.02365,0.1137,102.0,CMEMS,2026-07-27
30.58334,-77.66666,0.0892,-0.03934,0.0975,113.8,CMEMS,2026-07-27
30.58334,-77.58333,0.07285,-0.08743,0.1138,140.2,CMEMS,2026-07-27
30.58334,-77.5,0.05917,-0.14818,0.1596,158.2,CMEMS,2026-07-27
30.58334,-77.41666,0.04619,-0.17576,0.1817,165.3,CMEMS,2026-07-27
30.58334,-77.33333,0.02632,-0.11566,0.1186,167.2,CMEMS,2026-07-27
30.58334,-77.25,-0.00739,0.033,0.0338,347.4,CMEMS,2026-07-27
30.58334,-77.16666,-0.05497,0.18844,0.1963,343.7,CMEMS,2026-07-27
30.58334,-77.08333,-0.10511,0.30022,0.3181,340.7,CMEMS,2026-07-27
30.58334,-77.0,-0.12744,0.31736,0.342,338.1,CMEMS,2026-07-27
30.58334,-76.91666,-0.11813,0.25979,0.2854,335.5,CMEMS,2026-07-27
30.58334,-76.83333,-0.10142,0.17017,0.1981,329.2,CMEMS,2026-07-27
30.58334,-76.75,-0.0727,0.06163,0.0953,310.3,CMEMS,2026-07-27
30.58334,-76.66666,-0.03467,-0.04468,0.0566,217.8,CMEMS,2026-07-27
30.58334,-76.58333,0.01523,-0.12934,0.1302,173.3,CMEMS,2026-07-27
30.58334,-76.5,0.06241,-0.16264,0.1742,159.0,CMEMS,2026-07-27
30.58334,-76.41666,0.0914,-0.15118,0.1767,148.8,CMEMS,2026-07-27
30.58334,-76.33333,0.10424,-0.12318,0.1614,139.8,CMEMS,2026-07-27
30.58334,-76.25,0.10774,-0.10613,0.1512,134.6,CMEMS,2026-07-27
30.58334,-76.16666,0.1055,-0.11365,0.1551,137.1,CMEMS,2026-07-27
30.58334,-76.08333,0.09246,-0.14918,0.1755,148.2,CMEMS,2026-07-27
30.58334,-76.0,0.06813,-0.19884,0.2102,161.1,CMEMS,2026-07-27
30.58334,-75.91666,0.03868,-0.24432,0.2474,171.0,CMEMS,2026-07-27
30.58334,-75.83333,0.01063,-0.28032,0.2805,177.8,CMEMS,2026-07-27
30.58334,-75.75,-0.00603,-0.32399,0.324,181.1,CMEMS,2026-07-27
30.58334,-75.66666,-0.00746,-0.36954,0.3696,181.2,CMEMS,2026-07-27
30.58334,-75.58333,-0.00186,-0.38851,0.3885,180.3,CMEMS,2026-07-27
30.58334,-75.5,0.00293,-0.37253,0.3725,179.5,CMEMS,2026-07-27
30.58334,-75.41666,0.00287,-0.32959,0.3296,179.5,CMEMS,2026-07-27
30.58334,-75.33333,-0.00584,-0.27915,0.2792,181.2,CMEMS,2026-07-27
30.58334,-75.25,-0.02476,-0.24516,0.2464,185.8,CMEMS,2026-07-27
30.66667,-81.41666,0.00536,0.01014,0.0115,27.9,CMEMS,2026-07-27
30.66667,-81.33333,0.04189,0.01925,0.0461,65.3,CMEMS,2026-07-27
30.66667,-81.25,0.04852,-0.00623,0.0489,97.3,CMEMS,2026-07-27
30.66667,-81.16666,0.03207,-0.02119,0.0384,123.4,CMEMS,2026-07-27
30.66667,-81.08333,0.0302,-0.02824,0.0413,133.1,CMEMS,2026-07-27
30.66667,-81.0,0.04147,-0.02367,0.0477,119.7,CMEMS,2026-07-27
30.66667,-80.91666,0.04935,-0.01979,0.0532,111.9,CMEMS,2026-07-27
30.66667,-80.83333,0.0453,-0.02324,0.0509,117.2,CMEMS,2026-07-27
30.66667,-80.75,0.03308,-0.03663,0.0494,137.9,CMEMS,2026-07-27
30.66667,-80.66666,0.01775,-0.0545,0.0573,162.0,CMEMS,2026-07-27
30.66667,-80.58333,0.0024,-0.10212,0.1021,178.7,CMEMS,2026-07-27
30.66667,-80.5,-0.01083,-0.18268,0.183,183.4,CMEMS,2026-07-27
30.66667,-80.41666,-0.02973,-0.24712,0.2489,186.9,CMEMS,2026-07-27
30.66667,-80.33333,-0.04401,-0.28833,0.2917,188.7,CMEMS,2026-07-27
30.66667,-80.25,-0.04017,-0.3147,0.3173,187.3,CMEMS,2026-07-27
30.66667,-80.16666,-0.00386,-0.24881,0.2488,180.9,CMEMS,2026-07-27
30.66667,-80.08333,0.10459,0.17134,0.2007,31.4,CMEMS,2026-07-27
30.66667,-80.0,0.23553,0.46658,0.5227,26.8,CMEMS,2026-07-27
30.66667,-79.91666,0.37492,0.89531,0.9706,22.7,CMEMS,2026-07-27
30.66667,-79.83333,0.51135,1.32949,1.4244,21.0,CMEMS,2026-07-27
30.66667,-79.75,0.61967,1.55797,1.6767,21.7,CMEMS,2026-07-27
30.66667,-79.66666,0.67595,1.558,1.6983,23.5,CMEMS,2026-07-27
30.66667,-79.58333,0.67801,1.41273,1.567,25.6,CMEMS,2026-07-27
30.66667,-79.5,0.64492,1.20475,1.3665,28.2,CMEMS,2026-07-27
30.66667,-79.41666,0.59313,0.97337,1.1398,31.4,CMEMS,2026-07-27
30.66667,-79.33333,0.52661,0.7364,0.9053,35.6,CMEMS,2026-07-27
30.66667,-79.25,0.44139,0.49861,0.6659,41.5,CMEMS,2026-07-27
30.66667,-79.16666,0.34725,0.25283,0.4295,53.9,CMEMS,2026-07-27
30.66667,-79.08333,0.25618,-0.00233,0.2562,90.5,CMEMS,2026-07-27
30.66667,-79.0,0.18919,-0.22053,0.2906,139.4,CMEMS,2026-07-27
30.66667,-78.91666,0.13194,-0.25432,0.2865,152.6,CMEMS,2026-07-27
30.66667,-78.83333,0.08991,-0.09501,0.1308,136.6,CMEMS,2026-07-27
30.66667,-78.75,0.05591,0.0873,0.1037,32.6,CMEMS,2026-07-27
30.66667,-78.66666,0.02182,0.23132,0.2323,5.4,CMEMS,2026-07-27
30.66667,-78.58333,0.00104,0.34183,0.3418,0.2,CMEMS,2026-07-27
30.66667,-78.5,0.00012,0.39558,0.3956,0.0,CMEMS,2026-07-27
30.66667,-78.41666,0.0162,0.40415,0.4045,2.3,CMEMS,2026-07-27
30.66667,-78.33333,0.04125,0.38615,0.3883,6.1,CMEMS,2026-07-27
30.66667,-78.25,0.07371,0.33971,0.3476,12.2,CMEMS,2026-07-27
30.66667,-78.16666,0.11087,0.26489,0.2872,22.7,CMEMS,2026-07-27
30.66667,-78.08333,0.14621,0.17523,0.2282,39.8,CMEMS,2026-07-27
30.66667,-78.0,0.16681,0.09248,0.1907,61.0,CMEMS,2026-07-27
30.66667,-77.91666,0.16924,0.03373,0.1726,78.7,CMEMS,2026-07-27
30.66667,-77.83333,0.15541,0.00679,0.1556,87.5,CMEMS,2026-07-27
30.66667,-77.75,0.12915,0.00178,0.1292,89.2,CMEMS,2026-07-27
30.66667,-77.66666,0.10438,-0.01723,0.1058,99.4,CMEMS,2026-07-27
30.66667,-77.58333,0.08968,-0.06894,0.1131,127.6,CMEMS,2026-07-27
30.66667,-77.5,0.07815,-0.13146,0.1529,149.3,CMEMS,2026-07-27
30.66667,-77.41666,0.06532,-0.15558,0.1687,157.2,CMEMS,2026-07-27
30.66667,-77.33333,0.04806,-0.0944,0.1059,153.0,CMEMS,2026-07-27
30.66667,-77.25,0.01937,0.06053,0.0636,17.7,CMEMS,2026-07-27
30.66667,-77.16666,-0.02235,0.23214,0.2332,354.5,CMEMS,2026-07-27
30.66667,-77.08333,-0.06333,0.33301,0.339,349.2,CMEMS,2026-07-27
30.66667,-77.0,-0.07408,0.32193,0.3303,347.0,CMEMS,2026-07-27
30.66667,-76.91666,-0.06105,0.23702,0.2448,345.6,CMEMS,2026-07-27
30.66667,-76.83333,-0.05154,0.13317,0.1428,338.8,CMEMS,2026-07-27
30.66667,-76.75,-0.02125,0.01703,0.0272,308.7,CMEMS,2026-07-27
30.66667,-76.66666,0.03137,-0.10726,0.1118,163.7,CMEMS,2026-07-27
30.66667,-76.58333,0.08157,-0.18271,0.2001,155.9,CMEMS,2026-07-27
30.66667,-76.5,0.11342,-0.19246,0.2234,149.5,CMEMS,2026-07-27
30.66667,-76.41666,0.12551,-0.15748,0.2014,141.4,CMEMS,2026-07-27
30.66667,-76.33333,0.12469,-0.10991,0.1662,131.4,CMEMS,2026-07-27
30.66667,-76.25,0.11689,-0.0898,0.1474,127.5,CMEMS,2026-07-27
30.66667,-76.16666,0.10802,-0.09952,0.1469,132.7,CMEMS,2026-07-27
30.66667,-76.08333,0.09684,-0.12998,0.1621,143.3,CMEMS,2026-07-27
30.66667,-76.0,0.08059,-0.17015,0.1883,154.7,CMEMS,2026-07-27
30.66667,-75.91666,0.06174,-0.21116,0.22,163.7,CMEMS,2026-07-27
30.66667,-75.83333,0.0513,-0.25969,0.2647,168.8,CMEMS,2026-07-27
30.66667,-75.75,0.05489,-0.3231,0.3277,170.4,CMEMS,2026-07-27
30.66667,-75.66666,0.06433,-0.3745,0.38,170.3,CMEMS,2026-07-27
30.66667,-75.58333,0.06901,-0.38971,0.3958,170.0,CMEMS,2026-07-27
30.66667,-75.5,0.06596,-0.37203,0.3778,169.9,CMEMS,2026-07-27
30.66667,-75.41666,0.05995,-0.33095,0.3363,169.7,CMEMS,2026-07-27
30.66667,-75.33333,0.05352,-0.27883,0.2839,169.1,CMEMS,2026-07-27
30.66667,-75.25,0.04264,-0.22903,0.233,169.5,CMEMS,2026-07-27
30.75,-81.41666,0.00142,-0.00034,0.0015,103.3,CMEMS,2026-07-27
30.75,-81.33333,0.0209,0.02015,0.029,46.1,CMEMS,2026-07-27
30.75,-81.25,0.03958,-0.00938,0.0407,103.3,CMEMS,2026-07-27
30.75,-81.16666,0.04052,-0.02919,0.0499,125.8,CMEMS,2026-07-27
30.75,-81.08333,0.03741,-0.03394,0.0505,132.2,CMEMS,2026-07-27
30.75,-81.0,0.03734,-0.02799,0.0467,126.9,CMEMS,2026-07-27
30.75,-80.91666,0.03709,-0.01792,0.0412,115.8,CMEMS,2026-07-27
30.75,-80.83333,0.03356,-0.01399,0.0364,112.6,CMEMS,2026-07-27
30.75,-80.75,0.02254,-0.02251,0.0319,135.0,CMEMS,2026-07-27
30.75,-80.66666,0.01083,-0.03834,0.0398,164.2,CMEMS,2026-07-27
30.75,-80.58333,-0.00028,-0.08018,0.0802,180.2,CMEMS,2026-07-27
30.75,-80.5,-0.01574,-0.15406,0.1549,185.8,CMEMS,2026-07-27
30.75,-80.41666,-0.03772,-0.2282,0.2313,189.4,CMEMS,2026-07-27
30.75,-80.33333,-0.06232,-0.27728,0.2842,192.7,CMEMS,2026-07-27
30.75,-80.25,-0.07198,-0.30955,0.3178,193.1,CMEMS,2026-07-27
30.75,-80.16666,-0.05327,-0.28561,0.2905,190.6,CMEMS,2026-07-27
30.75,-80.08333,0.03836,-0.0058,0.0388,98.6,CMEMS,2026-07-27
30.75,-80.0,0.16999,0.33467,0.3754,26.9,CMEMS,2026-07-27
30.75,-79.91666,0.32873,0.70496,0.7778,25.0,CMEMS,2026-07-27
30.75,-79.83333,0.48676,1.14684,1.2459,23.0,CMEMS,2026-07-27
30.75,-79.75,0.61161,1.44964,1.5734,22.9,CMEMS,2026-07-27
30.75,-79.66666,0.68659,1.53128,1.6782,24.2,CMEMS,2026-07-27
30.75,-79.58333,0.71398,1.44108,1.6083,26.4,CMEMS,2026-07-27
30.75,-79.5,0.70553,1.25748,1.4419,29.3,CMEMS,2026-07-27
30.75,-79.41666,0.6696,1.0369,1.2343,32.9,CMEMS,2026-07-27
30.75,-79.33333,0.60915,0.80599,1.0103,37.1,CMEMS,2026-07-27
30.75,-79.25,0.52753,0.57833,0.7828,42.4,CMEMS,2026-07-27
30.75,-79.16666,0.43049,0.3499,0.5548,50.9,CMEMS,2026-07-27
30.75,-79.08333,0.32794,0.1051,0.3444,72.2,CMEMS,2026-07-27
30.75,-79.0,0.23406,-0.13182,0.2686,119.4,CMEMS,2026-07-27
30.75,-78.91666,0.1529,-0.22489,0.2719,145.8,CMEMS,2026-07-27
30.75,-78.83333,0.10225,-0.09603,0.1403,133.2,CMEMS,2026-07-27
30.75,-78.75,0.07595,0.11417,0.1371,33.6,CMEMS,2026-07-27
30.75,-78.66666,0.05379,0.24911,0.2548,12.2,CMEMS,2026-07-27
30.75,-78.58333,0.04371,0.34056,0.3434,7.3,CMEMS,2026-07-27
30.75,-78.5,0.05121,0.37841,0.3819,7.7,CMEMS,2026-07-27
30.75,-78.41666,0.0721,0.37877,0.3856,10.8,CMEMS,2026-07-27
30.75,-78.33333,0.10008,0.3562,0.37,15.7,CMEMS,2026-07-27
30.75,-78.25,0.13322,0.30686,0.3345,23.5,CMEMS,2026-07-27
30.75,-78.16666,0.16652,0.23484,0.2879,35.3,CMEMS,2026-07-27
30.75,-78.08333,0.19178,0.15429,0.2461,51.2,CMEMS,2026-07-27
30.75,-78.0,0.19906,0.08717,0.2173,66.4,CMEMS,2026-07-27
30.75,-77.91666,0.19248,0.04628,0.198,76.5,CMEMS,2026-07-27
30.75,-77.83333,0.17369,0.0309,0.1764,79.9,CMEMS,2026-07-27
30.75,-77.75,0.14452,0.02535,0.1467,80.1,CMEMS,2026-07-27
30.75,-77.66666,0.11994,4e-05,0.1199,90.0,CMEMS,2026-07-27
30.75,-77.58333,0.10592,-0.05635,0.12,118.0,CMEMS,2026-07-27
30.75,-77.5,0.09502,-0.12104,0.1539,141.9,CMEMS,2026-07-27
30.75,-77.41666,0.08307,-0.14269,0.1651,149.8,CMEMS,2026-07-27
30.75,-77.33333,0.06963,-0.07621,0.1032,137.6,CMEMS,2026-07-27
30.75,-77.25,0.05045,0.08081,0.0953,32.0,CMEMS,2026-07-27
30.75,-77.16666,0.01895,0.26371,0.2644,4.1,CMEMS,2026-07-27
30.75,-77.08333,-0.01331,0.35784,0.3581,357.9,CMEMS,2026-07-27
30.75,-77.0,-0.01897,0.32693,0.3275,356.7,CMEMS,2026-07-27
30.75,-76.91666,-0.00882,0.22314,0.2233,357.7,CMEMS,2026-07-27
30.75,-76.83333,0.00015,0.10399,0.104,0.1,CMEMS,2026-07-27
30.75,-76.75,0.04113,-0.02882,0.0502,125.0,CMEMS,2026-07-27
30.75,-76.66666,0.09187,-0.15194,0.1776,148.8,CMEMS,2026-07-27
30.75,-76.58333,0.11798,-0.20913,0.2401,150.6,CMEMS,2026-07-27
30.75,-76.5,0.11807,-0.19942,0.2317,149.4,CMEMS,2026-07-27
30.75,-76.41666,0.10626,-0.15866,0.191,146.2,CMEMS,2026-07-27
30.75,-76.33333,0.09391,-0.10819,0.1433,139.0,CMEMS,2026-07-27
30.75,-76.25,0.08821,-0.07716,0.1172,131.2,CMEMS,2026-07-27
30.75,-76.16666,0.08431,-0.08466,0.1195,135.1,CMEMS,2026-07-27
30.75,-76.08333,0.07758,-0.11546,0.1391,146.1,CMEMS,2026-07-27
30.75,-76.0,0.07338,-0.1557,0.1721,154.8,CMEMS,2026-07-27
30.75,-75.91666,0.08051,-0.20693,0.222,158.7,CMEMS,2026-07-27
30.75,-75.83333,0.10205,-0.27353,0.2919,159.5,CMEMS,2026-07-27
30.75,-75.75,0.12559,-0.34158,0.3639,159.8,CMEMS,2026-07-27
30.75,-75.66666,0.1351,-0.38081,0.4041,160.5,CMEMS,2026-07-27
30.75,-75.58333,0.12863,-0.38159,0.4027,161.4,CMEMS,2026-07-27
30.75,-75.5,0.11439,-0.35644,0.3743,162.2,CMEMS,2026-07-27
30.75,-75.41666,0.10096,-0.31836,0.334,162.4,CMEMS,2026-07-27
30.75,-75.33333,0.09315,-0.27546,0.2908,161.3,CMEMS,2026-07-27
30.75,-75.25,0.09033,-0.23136,0.2484,158.7,CMEMS,2026-07-27
30.83334,-81.41666,-0.0019,-0.01232,0.0125,188.8,CMEMS,2026-07-27
30.83334,-81.33333,0.00319,0.01148,0.0119,15.5,CMEMS,2026-07-27
30.83334,-81.25,0.02345,-0.0049,0.024,101.8,CMEMS,2026-07-27
30.83334,-81.16666,0.02945,-0.04058,0.0501,144.0,CMEMS,2026-07-27
30.83334,-81.08333,0.01955,-0.05099,0.0546,159.0,CMEMS,2026-07-27
30.83334,-81.0,0.02089,-0.03444,0.0403,148.8,CMEMS,2026-07-27
30.83334,-80.91666,0.02707,-0.01444,0.0307,118.1,CMEMS,2026-07-27
30.83334,-80.83333,0.02891,-0.00406,0.0292,98.0,CMEMS,2026-07-27
30.83334,-80.75,0.0264,-0.00873,0.0278,108.3,CMEMS,2026-07-27
30.83334,-80.66666,0.02117,-0.02778,0.0349,142.7,CMEMS,2026-07-27
30.83334,-80.58333,0.01116,-0.05741,0.0585,169.0,CMEMS,2026-07-27
30.83334,-80.5,-0.01081,-0.11206,0.1126,185.5,CMEMS,2026-07-27
30.83334,-80.41666,-0.03719,-0.19058,0.1942,191.0,CMEMS,2026-07-27
30.83334,-80.33333,-0.06641,-0.24934,0.258,194.9,CMEMS,2026-07-27
30.83334,-80.25,-0.08502,-0.28305,0.2955,196.7,CMEMS,2026-07-27
30.83334,-80.16666,-0.07548,-0.28444,0.2943,194.9,CMEMS,2026-07-27
30.83334,-80.08333,-0.01824,-0.15636,0.1574,186.7,CMEMS,2026-07-27
30.83334,-80.0,0.09968,0.21587,0.2378,24.8,CMEMS,2026-07-27
30.83334,-79.91666,0.25104,0.51593,0.5738,25.9,CMEMS,2026-07-27
30.83334,-79.83333,0.42067,0.90898,1.0016,24.8,CMEMS,2026-07-27
30.83334,-79.75,0.57068,1.26312,1.3861,24.3,CMEMS,2026-07-27
30.83334,-79.66666,0.67499,1.43301,1.584,25.2,CMEMS,2026-07-27
30.83334,-79.58333,0.74219,1.42314,1.6051,27.5,CMEMS,2026-07-27
30.83334,-79.5,0.77172,1.30208,1.5136,30.7,CMEMS,2026-07-27
30.83334,-79.41666,0.75709,1.12114,1.3528,34.0,CMEMS,2026-07-27
30.83334,-79.33333,0.7078,0.91269,1.155,37.8,CMEMS,2026-07-27
30.83334,-79.25,0.62896,0.69881,0.9402,42.0,CMEMS,2026-07-27
30.83334,-79.16666,0.53183,0.47837,0.7153,48.0,CMEMS,2026-07-27
30.83334,-79.08333,0.42183,0.24568,0.4882,59.8,CMEMS,2026-07-27
30.83334,-79.0,0.29922,0.00664,0.2993,88.7,CMEMS,2026-07-27
30.83334,-78.91666,0.19694,-0.15496,0.2506,128.2,CMEMS,2026-07-27
30.83334,-78.83333,0.13441,-0.11107,0.1744,129.6,CMEMS,2026-07-27
30.83334,-78.75,0.11919,0.09528,0.1526,51.4,CMEMS,2026-07-27
30.83334,-78.66666,0.11717,0.25039,0.2764,25.1,CMEMS,2026-07-27
30.83334,-78.58333,0.11482,0.33353,0.3527,19.0,CMEMS,2026-07-27
30.83334,-78.5,0.12144,0.36334,0.3831,18.5,CMEMS,2026-07-27
30.83334,-78.41666,0.13965,0.35601,0.3824,21.4,CMEMS,2026-07-27
30.83334,-78.33333,0.16415,0.32644,0.3654,26.7,CMEMS,2026-07-27
30.83334,-78.25,0.1899,0.27561,0.3347,34.6,CMEMS,2026-07-27
30.83334,-78.16666,0.21113,0.21011,0.2979,45.1,CMEMS,2026-07-27
30.83334,-78.08333,0.22198,0.14482,0.265,56.9,CMEMS,2026-07-27
30.83334,-78.0,0.21808,0.09706,0.2387,66.0,CMEMS,2026-07-27
30.83334,-77.91666,0.20716,0.07033,0.2188,71.2,CMEMS,2026-07-27
30.83334,-77.83333,0.18919,0.05904,0.1982,72.7,CMEMS,2026-07-27
30.83334,-77.75,0.16306,0.04932,0.1704,73.2,CMEMS,2026-07-27
30.83334,-77.66666,0.14033,0.01885,0.1416,82.4,CMEMS,2026-07-27
30.83334,-77.58333,0.12566,-0.04293,0.1328,108.9,CMEMS,2026-07-27
30.83334,-77.5,0.11328,-0.11344,0.1603,135.0,CMEMS,2026-07-27
30.83334,-77.41666,0.10043,-0.1344,0.1678,143.2,CMEMS,2026-07-27
30.83334,-77.33333,0.08697,-0.06119,0.1063,125.1,CMEMS,2026-07-27
30.83334,-77.25,0.07328,0.09651,0.1212,37.2,CMEMS,2026-07-27
30.83334,-77.16666,0.05086,0.28984,0.2943,10.0,CMEMS,2026-07-27
30.83334,-77.08333,0.02564,0.38655,0.3874,3.8,CMEMS,2026-07-27
30.83334,-77.0,0.02012,0.34468,0.3453,3.3,CMEMS,2026-07-27
30.83334,-76.91666,0.02376,0.21985,0.2211,6.2,CMEMS,2026-07-27
30.83334,-76.83333,0.05055,0.06959,0.086,36.0,CMEMS,2026-07-27
30.83334,-76.75,0.09849,-0.0792,0.1264,128.8,CMEMS,2026-07-27
30.83334,-76.66666,0.12801,-0.17975,0.2207,144.5,CMEMS,2026-07-27
30.83334,-76.58333,0.12286,-0.20725,0.2409,149.3,CMEMS,2026-07-27
30.83334,-76.5,0.09323,-0.18164,0.2042,152.8,CMEMS,2026-07-27
30.83334,-76.41666,0.05926,-0.14214,0.154,157.4,CMEMS,2026-07-27
30.83334,-76.33333,0.03712,-0.10712,0.1134,160.9,CMEMS,2026-07-27
30.83334,-76.25,0.03271,-0.08354,0.0897,158.6,CMEMS,2026-07-27
30.83334,-76.16666,0.03927,-0.08804,0.0964,156.0,CMEMS,2026-07-27
30.83334,-76.08333,0.053,-0.11631,0.1278,155.5,CMEMS,2026-07-27
30.83334,-76.0,0.082,-0.16513,0.1844,153.6,CMEMS,2026-07-27
30.83334,-75.91666,0.12576,-0.23354,0.2653,151.7,CMEMS,2026-07-27
30.83334,-75.83333,0.16676,-0.30571,0.3482,151.4,CMEMS,2026-07-27
30.83334,-75.75,0.18675,-0.35612,0.4021,152.3,CMEMS,2026-07-27
30.83334,-75.66666,0.1828,-0.37026,0.4129,153.7,CMEMS,2026-07-27
30.83334,-75.58333,0.16705,-0.35822,0.3953,155.0,CMEMS,2026-07-27
30.83334,-75.5,0.15064,-0.33286,0.3654,155.6,CMEMS,2026-07-27
30.83334,-75.41666,0.13979,-0.30227,0.333,155.2,CMEMS,2026-07-27
30.83334,-75.33333,0.13525,-0.26857,0.3007,153.3,CMEMS,2026-07-27
30.83334,-75.25,0.13601,-0.23231,0.2692,149.7,CMEMS,2026-07-27
30.91667,-81.41666,-0.00304,-0.01994,0.0202,188.7,CMEMS,2026-07-27
30.91667,-81.33333,0.00544,0.00253,0.006,65.1,CMEMS,2026-07-27
30.91667,-81.25,0.0175,-0.00119,0.0175,93.9,CMEMS,2026-07-27
30.91667,-81.16666,0.02385,-0.02923,0.0377,140.8,CMEMS,2026-07-27
30.91667,-81.08333,0.01566,-0.04817,0.0507,162.0,CMEMS,2026-07-27
30.91667,-81.0,0.01163,-0.04879,0.0502,166.6,CMEMS,2026-07-27
30.91667,-80.91666,0.02094,-0.02086,0.0296,134.9,CMEMS,2026-07-27
30.91667,-80.83333,0.03518,-0.00281,0.0353,94.6,CMEMS,2026-07-27
30.91667,-80.75,0.04424,-0.00624,0.0447,98.0,CMEMS,2026-07-27
30.91667,-80.66666,0.04033,-0.02576,0.0479,122.6,CMEMS,2026-07-27
30.91667,-80.58333,0.0278,-0.04027,0.0489,145.4,CMEMS,2026-07-27
30.91667,-80.5,0.00458,-0.07061,0.0708,176.3,CMEMS,2026-07-27
30.91667,-80.41666,-0.03169,-0.1356,0.1393,193.2,CMEMS,2026-07-27
30.91667,-80.33333,-0.06801,-0.2079,0.2187,198.1,CMEMS,2026-07-27
30.91667,-80.25,-0.10011,-0.26207,0.2805,200.9,CMEMS,2026-07-27
30.91667,-80.16666,-0.11432,-0.28773,0.3096,201.7,CMEMS,2026-07-27
30.91667,-80.08333,-0.08706,-0.23751,0.253,200.1,CMEMS,2026-07-27
30.91667,-80.0,0.03081,0.0456,0.055,34.0,CMEMS,2026-07-27
30.91667,-79.91666,0.16314,0.35081,0.3869,24.9,CMEMS,2026-07-27
30.91667,-79.83333,0.33242,0.68729,0.7635,25.8,CMEMS,2026-07-27
30.91667,-79.75,0.52691,1.0561,1.1802,26.5,CMEMS,2026-07-27
30.91667,-79.66666,0.6961,1.3243,1.4961,27.7,CMEMS,2026-07-27
30.91667,-79.58333,0.80163,1.42494,1.635,29.4,CMEMS,2026-07-27
30.91667,-79.5,0.83556,1.36653,1.6017,31.4,CMEMS,2026-07-27
30.91667,-79.41666,0.82476,1.20919,1.4637,34.3,CMEMS,2026-07-27
30.91667,-79.33333,0.78378,1.01383,1.2815,37.7,CMEMS,2026-07-27
30.91667,-79.25,0.71239,0.80616,1.0758,41.5,CMEMS,2026-07-27
30.91667,-79.16666,0.63164,0.60279,0.8731,46.3,CMEMS,2026-07-27
30.91667,-79.08333,0.52414,0.39855,0.6585,52.8,CMEMS,2026-07-27
30.91667,-79.0,0.39205,0.17624,0.4298,65.8,CMEMS,2026-07-27
30.91667,-78.91666,0.27315,-0.01892,0.2738,94.0,CMEMS,2026-07-27
30.91667,-78.83333,0.18433,-0.08925,0.2048,115.8,CMEMS,2026-07-27
30.91667,-78.75,0.16176,0.03082,0.1647,79.2,CMEMS,2026-07-27
30.91667,-78.66666,0.17783,0.21932,0.2824,39.0,CMEMS,2026-07-27
30.91667,-78.58333,0.1899,0.31756,0.37,30.9,CMEMS,2026-07-27
30.91667,-78.5,0.19925,0.34905,0.4019,29.7,CMEMS,2026-07-27
30.91667,-78.41666,0.21155,0.34063,0.401,31.8,CMEMS,2026-07-27
30.91667,-78.33333,0.22658,0.30658,0.3812,36.5,CMEMS,2026-07-27
30.91667,-78.25,0.24036,0.25438,0.35,43.4,CMEMS,2026-07-27
30.91667,-78.16666,0.24843,0.19545,0.3161,51.8,CMEMS,2026-07-27
30.91667,-78.08333,0.24955,0.1452,0.2887,59.8,CMEMS,2026-07-27
30.91667,-78.0,0.24096,0.11458,0.2668,64.6,CMEMS,2026-07-27
30.91667,-77.91666,0.22835,0.09983,0.2492,66.4,CMEMS,2026-07-27
30.91667,-77.83333,0.21251,0.09136,0.2313,66.7,CMEMS,2026-07-27
30.91667,-77.75,0.19016,0.07913,0.206,67.4,CMEMS,2026-07-27
30.91667,-77.66666,0.16766,0.0464,0.174,74.5,CMEMS,2026-07-27
30.91667,-77.58333,0.14957,-0.01976,0.1509,97.5,CMEMS,2026-07-27
30.91667,-77.5,0.13281,-0.10132,0.167,127.3,CMEMS,2026-07-27
30.91667,-77.41666,0.11703,-0.12869,0.1739,137.7,CMEMS,2026-07-27
30.91667,-77.33333,0.10194,-0.05042,0.1137,116.3,CMEMS,2026-07-27
30.91667,-77.25,0.08616,0.11163,0.141,37.7,CMEMS,2026-07-27
30.91667,-77.16666,0.06685,0.30692,0.3141,12.3,CMEMS,2026-07-27
30.91667,-77.08333,0.04736,0.4071,0.4098,6.6,CMEMS,2026-07-27
30.91667,-77.0,0.0446,0.35694,0.3597,7.1,CMEMS,2026-07-27
30.91667,-76.91666,0.05494,0.20575,0.213,15.0,CMEMS,2026-07-27
30.91667,-76.83333,0.10407,0.01817,0.1056,80.1,CMEMS,2026-07-27
30.91667,-76.75,0.14748,-0.12344,0.1923,129.9,CMEMS,2026-07-27
30.91667,-76.66666,0.15055,-0.18708,0.2401,141.2,CMEMS,2026-07-27
30.91667,-76.58333,0.12391,-0.1832,0.2212,145.9,CMEMS,2026-07-27
30.91667,-76.5,0.08237,-0.14693,0.1684,150.7,CMEMS,2026-07-27
30.91667,-76.41666,0.04007,-0.1115,0.1185,160.2,CMEMS,2026-07-27
30.91667,-76.33333,0.0139,-0.09258,0.0936,171.5,CMEMS,2026-07-27
30.91667,-76.25,0.01237,-0.08993,0.0908,172.2,CMEMS,2026-07-27
30.91667,-76.16666,0.0344,-0.1074,0.1128,162.2,CMEMS,2026-07-27
30.91667,-76.08333,0.07777,-0.15116,0.17,152.8,CMEMS,2026-07-27
30.91667,-76.0,0.13451,-0.21713,0.2554,148.2,CMEMS,2026-07-27
30.91667,-75.91666,0.18326,-0.28414,0.3381,147.2,CMEMS,2026-07-27
30.91667,-75.83333,0.2064,-0.33051,0.3897,148.0,CMEMS,2026-07-27
30.91667,-75.75,0.20628,-0.35029,0.4065,149.5,CMEMS,2026-07-27
30.91667,-75.66666,0.1988,-0.34915,0.4018,150.3,CMEMS,2026-07-27
30.91667,-75.58333,0.19722,-0.33589,0.3895,149.6,CMEMS,2026-07-27
30.91667,-75.5,0.20409,-0.31677,0.3768,147.2,CMEMS,2026-07-27
30.91667,-75.41666,0.21511,-0.29139,0.3622,143.6,CMEMS,2026-07-27
30.91667,-75.33333,0.22458,-0.26031,0.3438,139.2,CMEMS,2026-07-27
30.91667,-75.25,0.22822,-0.22467,0.3203,134.6,CMEMS,2026-07-27
31.0,-81.41666,-0.01144,-0.02592,0.0283,203.8,CMEMS,2026-07-27
31.0,-81.33333,-0.00308,-0.00662,0.0073,204.9,CMEMS,2026-07-27
31.0,-81.25,0.00948,-0.00536,0.0109,119.5,CMEMS,2026-07-27
31.0,-81.16666,0.0219,-0.02371,0.0323,137.3,CMEMS,2026-07-27
31.0,-81.08333,0.02583,-0.04367,0.0507,149.4,CMEMS,2026-07-27
31.0,-81.0,0.02086,-0.06056,0.0641,161.0,CMEMS,2026-07-27
31.0,-80.91666,0.02836,-0.03982,0.0489,144.5,CMEMS,2026-07-27
31.0,-80.83333,0.04783,-0.01872,0.0514,111.4,CMEMS,2026-07-27
31.0,-80.75,0.05997,-0.01273,0.0613,102.0,CMEMS,2026-07-27
31.0,-80.66666,0.05983,-0.01724,0.0623,106.1,CMEMS,2026-07-27
31.0,-80.58333,0.04914,-0.02939,0.0573,120.9,CMEMS,2026-07-27
31.0,-80.5,0.02265,-0.03893,0.045,149.8,CMEMS,2026-07-27
31.0,-80.41666,-0.02116,-0.07446,0.0774,195.9,CMEMS,2026-07-27
31.0,-80.33333,-0.05767,-0.14894,0.1597,201.2,CMEMS,2026-07-27
31.0,-80.25,-0.0899,-0.21401,0.2321,202.8,CMEMS,2026-07-27
31.0,-80.16666,-0.11608,-0.24613,0.2721,205.2,CMEMS,2026-07-27
31.0,-80.08333,-0.1089,-0.25795,0.28,202.9,CMEMS,2026-07-27
31.0,-80.0,-0.02408,-0.13468,0.1368,190.1,CMEMS,2026-07-27
31.0,-79.91666,0.10772,0.22574,0.2501,25.5,CMEMS,2026-07-27
31.0,-79.83333,0.27792,0.50726,0.5784,28.7,CMEMS,2026-07-27
31.0,-79.75,0.49498,0.82794,0.9646,30.9,CMEMS,2026-07-27
31.0,-79.66666,0.70038,1.10813,1.3109,32.3,CMEMS,2026-07-27
31.0,-79.58333,0.82501,1.26261,1.5083,33.2,CMEMS,2026-07-27
31.0,-79.5,0.87818,1.28147,1.5535,34.4,CMEMS,2026-07-27
31.0,-79.41666,0.89573,1.20521,1.5016,36.6,CMEMS,2026-07-27
31.0,-79.33333,0.87509,1.07048,1.3826,39.3,CMEMS,2026-07-27
31.0,-79.25,0.82689,0.91099,1.2303,42.2,CMEMS,2026-07-27
31.0,-79.16666,0.75789,0.74013,1.0593,45.7,CMEMS,2026-07-27
31.0,-79.08333,0.65092,0.54733,0.8505,49.9,CMEMS,2026-07-27
31.0,-79.0,0.53453,0.35158,0.6398,56.7,CMEMS,2026-07-27
31.0,-78.91666,0.41153,0.17078,0.4456,67.5,CMEMS,2026-07-27
31.0,-78.83333,0.28392,0.01893,0.2845,86.2,CMEMS,2026-07-27
31.0,-78.75,0.21483,-0.01702,0.2155,94.5,CMEMS,2026-07-27
31.0,-78.66666,0.22845,0.12154,0.2588,62.0,CMEMS,2026-07-27
31.0,-78.58333,0.26578,0.27401,0.3817,44.1,CMEMS,2026-07-27
31.0,-78.5,0.28694,0.33669,0.4424,40.4,CMEMS,2026-07-27
31.0,-78.41666,0.29296,0.3348,0.4449,41.2,CMEMS,2026-07-27
31.0,-78.33333,0.29668,0.30025,0.4221,44.7,CMEMS,2026-07-27
31.0,-78.25,0.29925,0.24914,0.3894,50.2,CMEMS,2026-07-27
31.0,-78.16666,0.29572,0.19493,0.3542,56.6,CMEMS,2026-07-27
31.0,-78.08333,0.28777,0.15214,0.3255,62.1,CMEMS,2026-07-27
31.0,-78.0,0.27438,0.13062,0.3039,64.5,CMEMS,2026-07-27
31.0,-77.91666,0.26061,0.12481,0.289,64.4,CMEMS,2026-07-27
31.0,-77.83333,0.24606,0.12214,0.2747,63.6,CMEMS,2026-07-27
31.0,-77.75,0.225,0.11307,0.2518,63.3,CMEMS,2026-07-27
31.0,-77.66666,0.20148,0.08273,0.2178,67.7,CMEMS,2026-07-27
31.0,-77.58333,0.17915,0.0148,0.1798,85.3,CMEMS,2026-07-27
31.0,-77.5,0.15685,-0.07798,0.1752,116.4,CMEMS,2026-07-27
31.0,-77.41666,0.13528,-0.11881,0.18,131.3,CMEMS,2026-07-27
31.0,-77.33333,0.11467,-0.03914,0.1212,108.8,CMEMS,2026-07-27
31.0,-77.25,0.09297,0.12778,0.158,36.0,CMEMS,2026-07-27
31.0,-77.16666,0.06975,0.31815,0.3257,12.4,CMEMS,2026-07-27
31.0,-77.08333,0.05309,0.41545,0.4188,7.3,CMEMS,2026-07-27
31.0,-77.0,0.04989,0.35497,0.3585,8.0,CMEMS,2026-07-27
31.0,-76.91666,0.09466,0.17037,0.1949,29.1,CMEMS,2026-07-27
31.0,-76.83333,0.15154,-0.03674,0.1559,103.6,CMEMS,2026-07-27
31.0,-76.75,0.17156,-0.14446,0.2243,130.1,CMEMS,2026-07-27
31.0,-76.66666,0.15771,-0.16969,0.2317,137.1,CMEMS,2026-07-27
31.0,-76.58333,0.13164,-0.14883,0.1987,138.5,CMEMS,2026-07-27
31.0,-76.5,0.10108,-0.10817,0.1481,136.9,CMEMS,2026-07-27
31.0,-76.41666,0.07337,-0.07343,0.1038,135.0,CMEMS,2026-07-27
31.0,-76.33333,0.05895,-0.07108,0.0923,140.3,CMEMS,2026-07-27
31.0,-76.25,0.06601,-0.09731,0.1176,145.8,CMEMS,2026-07-27
31.0,-76.16666,0.09755,-0.14538,0.1751,146.1,CMEMS,2026-07-27
31.0,-76.08333,0.14431,-0.20895,0.2539,145.4,CMEMS,2026-07-27
31.0,-76.0,0.1825,-0.26846,0.3246,145.8,CMEMS,2026-07-27
31.0,-75.91666,0.19469,-0.30602,0.3627,147.5,CMEMS,2026-07-27
31.0,-75.83333,0.18973,-0.32892,0.3797,150.0,CMEMS,2026-07-27
31.0,-75.75,0.19119,-0.34645,0.3957,151.1,CMEMS,2026-07-27
31.0,-75.66666,0.21286,-0.35846,0.4169,149.3,CMEMS,2026-07-27
31.0,-75.58333,0.25353,-0.35914,0.4396,144.8,CMEMS,2026-07-27
31.0,-75.5,0.30097,-0.34475,0.4576,138.9,CMEMS,2026-07-27
31.0,-75.41666,0.34259,-0.31326,0.4642,132.4,CMEMS,2026-07-27
31.0,-75.33333,0.37077,-0.26802,0.4575,125.9,CMEMS,2026-07-27
31.0,-75.25,0.38194,-0.21543,0.4385,119.4,CMEMS,2026-07-27
31.08334,-81.41666,-0.02827,-0.01961,0.0344,235.2,CMEMS,2026-07-27
31.08334,-81.33333,-0.02219,-0.02001,0.0299,228.0,CMEMS,2026-07-27
31.08334,-81.25,-0.00566,-0.01244,0.0137,204.5,CMEMS,2026-07-27
31.08334,-81.16666,0.01256,-0.02457,0.0276,152.9,CMEMS,2026-07-27
31.08334,-81.08333,0.02666,-0.04323,0.0508,148.3,CMEMS,2026-07-27
31.08334,-81.0,0.01938,-0.06236,0.0653,162.7,CMEMS,2026-07-27
31.08334,-80.91666,0.02028,-0.05829,0.0617,160.8,CMEMS,2026-07-27
31.08334,-80.83333,0.03679,-0.03858,0.0533,136.4,CMEMS,2026-07-27
31.08334,-80.75,0.05072,-0.02156,0.0551,113.0,CMEMS,2026-07-27
31.08334,-80.66666,0.05025,-0.01098,0.0514,102.3,CMEMS,2026-07-27
31.08334,-80.58333,0.03658,-0.01312,0.0389,109.7,CMEMS,2026-07-27
31.08334,-80.5,0.01193,-0.01364,0.0181,138.8,CMEMS,2026-07-27
31.08334,-80.41666,-0.02184,-0.0331,0.0397,213.4,CMEMS,2026-07-27
31.08334,-80.33333,-0.04872,-0.10109,0.1122,205.7,CMEMS,2026-07-27
31.08334,-80.25,-0.07287,-0.17332,0.188,202.8,CMEMS,2026-07-27
31.08334,-80.16666,-0.11011,-0.20455,0.2323,208.3,CMEMS,2026-07-27
31.08334,-80.08333,-0.13768,-0.24256,0.2789,209.6,CMEMS,2026-07-27
31.08334,-80.0,-0.1102,-0.21413,0.2408,207.2,CMEMS,2026-07-27
31.08334,-79.91666,0.02711,0.01137,0.0294,67.3,CMEMS,2026-07-27
31.08334,-79.83333,0.21054,0.32251,0.3851,33.1,CMEMS,2026-07-27
31.08334,-79.75,0.4119,0.59121,0.7205,34.9,CMEMS,2026-07-27
31.08334,-79.66666,0.61137,0.85113,1.048,35.7,CMEMS,2026-07-27
31.08334,-79.58333,0.77873,1.0649,1.3193,36.2,CMEMS,2026-07-27
31.08334,-79.5,0.90515,1.18671,1.4925,37.3,CMEMS,2026-07-27
31.08334,-79.41666,0.98347,1.1945,1.5473,39.5,CMEMS,2026-07-27
31.08334,-79.33333,1.00752,1.11908,1.5058,42.0,CMEMS,2026-07-27
31.08334,-79.25,0.97906,1.00387,1.4023,44.3,CMEMS,2026-07-27
31.08334,-79.16666,0.90365,0.84376,1.2363,47.0,CMEMS,2026-07-27
31.08334,-79.08333,0.81279,0.66721,1.0516,50.6,CMEMS,2026-07-27
31.08334,-79.0,0.72979,0.51153,0.8912,55.0,CMEMS,2026-07-27
31.08334,-78.91666,0.61408,0.35266,0.7081,60.1,CMEMS,2026-07-27
31.08334,-78.83333,0.45583,0.18079,0.4904,68.4,CMEMS,2026-07-27
31.08334,-78.75,0.32059,0.05584,0.3254,80.1,CMEMS,2026-07-27
31.08334,-78.66666,0.27515,0.05384,0.2804,78.9,CMEMS,2026-07-27
31.08334,-78.58333,0.30842,0.17106,0.3527,61.0,CMEMS,2026-07-27
31.08334,-78.5,0.3549,0.27693,0.4502,52.0,CMEMS,2026-07-27
31.08334,-78.41666,0.37885,0.31782,0.4945,50.0,CMEMS,2026-07-27
31.08334,-78.33333,0.38519,0.3055,0.4916,51.6,CMEMS,2026-07-27
31.08334,-78.25,0.38185,0.26351,0.4639,55.4,CMEMS,2026-07-27
31.08334,-78.16666,0.36642,0.21152,0.4231,60.0,CMEMS,2026-07-27
31.08334,-78.08333,0.34617,0.16834,0.3849,64.1,CMEMS,2026-07-27
31.08334,-78.0,0.32349,0.14878,0.3561,65.3,CMEMS,2026-07-27
31.08334,-77.91666,0.30409,0.14894,0.3386,63.9,CMEMS,2026-07-27
31.08334,-77.83333,0.28777,0.15278,0.3258,62.0,CMEMS,2026-07-27
31.08334,-77.75,0.26621,0.15003,0.3056,60.6,CMEMS,2026-07-27
31.08334,-77.66666,0.24121,0.12464,0.2715,62.7,CMEMS,2026-07-27
31.08334,-77.58333,0.21521,0.05592,0.2224,75.4,CMEMS,2026-07-27
31.08334,-77.5,0.1869,-0.04498,0.1922,103.5,CMEMS,2026-07-27
31.08334,-77.41666,0.15586,-0.09938,0.1848,122.5,CMEMS,2026-07-27
31.08334,-77.33333,0.12417,-0.01731,0.1254,97.9,CMEMS,2026-07-27
31.08334,-77.25,0.09263,0.15704,0.1823,30.5,CMEMS,2026-07-27
31.08334,-77.16666,0.0624,0.33703,0.3428,10.5,CMEMS,2026-07-27
31.08334,-77.08333,0.04676,0.42039,0.423,6.3,CMEMS,2026-07-27
31.08334,-77.0,0.05917,0.33631,0.3415,10.0,CMEMS,2026-07-27
31.08334,-76.91666,0.13329,0.11749,0.1777,48.6,CMEMS,2026-07-27
31.08334,-76.83333,0.18095,-0.06533,0.1924,109.9,CMEMS,2026-07-27
31.08334,-76.75,0.18087,-0.13643,0.2266,127.0,CMEMS,2026-07-27
31.08334,-76.66666,0.1669,-0.14285,0.2197,130.6,CMEMS,2026-07-27
31.08334,-76.58333,0.15178,-0.12429,0.1962,129.3,CMEMS,2026-07-27
31.08334,-76.5,0.1385,-0.09075,0.1656,123.2,CMEMS,2026-07-27
31.08334,-76.41666,0.13197,-0.06037,0.1451,114.6,CMEMS,2026-07-27
31.08334,-76.33333,0.13425,-0.0649,0.1491,115.8,CMEMS,2026-07-27
31.08334,-76.25,0.14555,-0.10861,0.1816,126.7,CMEMS,2026-07-27
31.08334,-76.16666,0.16355,-0.1736,0.2385,136.7,CMEMS,2026-07-27
31.08334,-76.08333,0.16961,-0.2299,0.2857,143.6,CMEMS,2026-07-27
31.08334,-76.0,0.15238,-0.26228,0.3033,149.8,CMEMS,2026-07-27
31.08334,-75.91666,0.13245,-0.29402,0.3225,155.7,CMEMS,2026-07-27
31.08334,-75.83333,0.14134,-0.34179,0.3699,157.5,CMEMS,2026-07-27
31.08334,-75.75,0.18916,-0.39458,0.4376,154.4,CMEMS,2026-07-27
31.08334,-75.66666,0.26622,-0.43109,0.5067,148.3,CMEMS,2026-07-27
31.08334,-75.58333,0.35265,-0.43567,0.5605,141.0,CMEMS,2026-07-27
31.08334,-75.5,0.43137,-0.40928,0.5946,133.5,CMEMS,2026-07-27
31.08334,-75.41666,0.49188,-0.35699,0.6078,126.0,CMEMS,2026-07-27
31.08334,-75.33333,0.53133,-0.28803,0.6044,118.5,CMEMS,2026-07-27
31.08334,-75.25,0.54997,-0.21177,0.5893,111.1,CMEMS,2026-07-27
31.16667,-81.33333,-0.04736,-0.03282,0.0576,235.3,CMEMS,2026-07-27
31.16667,-81.25,-0.02783,-0.03933,0.0482,215.3,CMEMS,2026-07-27
31.16667,-81.16666,0.00132,-0.04983,0.0498,178.5,CMEMS,2026-07-27
31.16667,-81.08333,0.01579,-0.04871,0.0512,162.0,CMEMS,2026-07-27
31.16667,-81.0,0.00886,-0.05649,0.0572,171.1,CMEMS,2026-07-27
31.16667,-80.91666,0.00225,-0.0706,0.0706,178.2,CMEMS,2026-07-27
31.16667,-80.83333,0.00981,-0.05405,0.0549,169.7,CMEMS,2026-07-27
31.16667,-80.75,0.01927,-0.03076,0.0363,147.9,CMEMS,2026-07-27
31.16667,-80.66666,0.02089,-0.00312,0.0211,98.5,CMEMS,2026-07-27
31.16667,-80.58333,0.00903,0.00866,0.0125,46.2,CMEMS,2026-07-27
31.16667,-80.5,-0.00556,0.01031,0.0117,331.7,CMEMS,2026-07-27
31.16667,-80.41666,-0.02798,-0.0044,0.0283,261.1,CMEMS,2026-07-27
31.16667,-80.33333,-0.04569,-0.06368,0.0784,215.7,CMEMS,2026-07-27
31.16667,-80.25,-0.06072,-0.13261,0.1459,204.6,CMEMS,2026-07-27
31.16667,-80.16666,-0.09505,-0.15035,0.1779,212.3,CMEMS,2026-07-27
31.16667,-80.08333,-0.13781,-0.18192,0.2282,217.1,CMEMS,2026-07-27
31.16667,-80.0,-0.16166,-0.21363,0.2679,217.1,CMEMS,2026-07-27
31.16667,-79.91666,-0.11232,-0.15226,0.1892,216.4,CMEMS,2026-07-27
31.16667,-79.83333,0.06337,0.10978,0.1268,30.0,CMEMS,2026-07-27
31.16667,-79.75,0.28421,0.38631,0.4796,36.3,CMEMS,2026-07-27
31.16667,-79.66666,0.49622,0.64756,0.8158,37.5,CMEMS,2026-07-27
31.16667,-79.58333,0.70013,0.88655,1.1297,38.3,CMEMS,2026-07-27
31.16667,-79.5,0.88649,1.0571,1.3796,40.0,CMEMS,2026-07-27
31.16667,-79.41666,1.04039,1.12903,1.5353,42.7,CMEMS,2026-07-27
31.16667,-79.33333,1.12122,1.12445,1.5879,44.9,CMEMS,2026-07-27
31.16667,-79.25,1.10475,1.04457,1.5204,46.6,CMEMS,2026-07-27
31.16667,-79.16666,1.04385,0.90308,1.3803,49.1,CMEMS,2026-07-27
31.16667,-79.08333,0.99628,0.75725,1.2514,52.8,CMEMS,2026-07-27
31.16667,-79.0,0.9403,0.624,1.1285,56.4,CMEMS,2026-07-27
31.16667,-78.91666,0.82886,0.47511,0.9554,60.2,CMEMS,2026-07-27
31.16667,-78.83333,0.67789,0.31396,0.7471,65.1,CMEMS,2026-07-27
31.16667,-78.75,0.52808,0.17536,0.5564,71.6,CMEMS,2026-07-27
31.16667,-78.66666,0.41143,0.10473,0.4246,75.7,CMEMS,2026-07-27
31.16667,-78.58333,0.36007,0.12124,0.3799,71.4,CMEMS,2026-07-27
31.16667,-78.5,0.37268,0.19883,0.4224,61.9,CMEMS,2026-07-27
31.16667,-78.41666,0.41375,0.27179,0.495,56.7,CMEMS,2026-07-27
31.16667,-78.33333,0.45126,0.29994,0.5419,56.4,CMEMS,2026-07-27
31.16667,-78.25,0.46341,0.28268,0.5428,58.6,CMEMS,2026-07-27
31.16667,-78.16666,0.44703,0.23701,0.506,62.1,CMEMS,2026-07-27
31.16667,-78.08333,0.41748,0.19131,0.4592,65.4,CMEMS,2026-07-27
31.16667,-78.0,0.38278,0.16852,0.4182,66.2,CMEMS,2026-07-27
31.16667,-77.91666,0.35234,0.17023,0.3913,64.2,CMEMS,2026-07-27
31.16667,-77.83333,0.33033,0.17814,0.3753,61.7,CMEMS,2026-07-27
31.16667,-77.75,0.30682,0.18114,0.3563,59.4,CMEMS,2026-07-27
31.16667,-77.66666,0.27903,0.16474,0.324,59.4,CMEMS,2026-07-27
31.16667,-77.58333,0.24979,0.10011,0.2691,68.2,CMEMS,2026-07-27
31.16667,-77.5,0.21488,-0.00665,0.215,91.8,CMEMS,2026-07-27
31.16667,-77.41666,0.17387,-0.07342,0.1887,112.9,CMEMS,2026-07-27
31.16667,-77.33333,0.13033,0.00982,0.1307,85.7,CMEMS,2026-07-27
31.16667,-77.25,0.08816,0.19195,0.2112,24.7,CMEMS,2026-07-27
31.16667,-77.16666,0.05063,0.36347,0.367,7.9,CMEMS,2026-07-27
31.16667,-77.08333,0.03206,0.42757,0.4288,4.3,CMEMS,2026-07-27
31.16667,-77.0,0.08975,0.30884,0.3216,16.2,CMEMS,2026-07-27
31.16667,-76.91666,0.15593,0.06775,0.17,66.5,CMEMS,2026-07-27
31.16667,-76.83333,0.17276,-0.07506,0.1884,113.5,CMEMS,2026-07-27
31.16667,-76.75,0.16955,-0.12535,0.2109,126.5,CMEMS,2026-07-27
31.16667,-76.66666,0.16866,-0.13069,0.2134,127.8,CMEMS,2026-07-27
31.16667,-76.58333,0.1658,-0.11468,0.2016,124.7,CMEMS,2026-07-27
31.16667,-76.5,0.16123,-0.08525,0.1824,117.9,CMEMS,2026-07-27
31.16667,-76.41666,0.15997,-0.06239,0.1717,111.3,CMEMS,2026-07-27
31.16667,-76.33333,0.16177,-0.071,0.1767,113.7,CMEMS,2026-07-27
31.16667,-76.25,0.15924,-0.11279,0.1951,125.3,CMEMS,2026-07-27
31.16667,-76.16666,0.13009,-0.16055,0.2066,141.0,CMEMS,2026-07-27
31.16667,-76.08333,0.07285,-0.18956,0.2031,159.0,CMEMS,2026-07-27
31.16667,-76.0,0.03161,-0.22698,0.2292,172.1,CMEMS,2026-07-27
31.16667,-75.91666,0.0451,-0.30824,0.3115,171.7,CMEMS,2026-07-27
31.16667,-75.83333,0.11162,-0.40832,0.4233,164.7,CMEMS,2026-07-27
31.16667,-75.75,0.20973,-0.49258,0.5354,156.9,CMEMS,2026-07-27
31.16667,-75.66666,0.32014,-0.53167,0.6206,148.9,CMEMS,2026-07-27
31.16667,-75.58333,0.42593,-0.5215,0.6733,140.8,CMEMS,2026-07-27
31.16667,-75.5,0.514,-0.47372,0.699,132.7,CMEMS,2026-07-27
31.16667,-75.41666,0.57515,-0.39958,0.7003,124.8,CMEMS,2026-07-27
31.16667,-75.33333,0.60976,-0.31233,0.6851,117.1,CMEMS,2026-07-27
31.16667,-75.25,0.62459,-0.22036,0.6623,109.4,CMEMS,2026-07-27
31.25,-81.25,-0.0336,-0.04788,0.0585,215.1,CMEMS,2026-07-27
31.25,-81.16666,-0.02524,-0.06591,0.0706,201.0,CMEMS,2026-07-27
31.25,-81.08333,-0.0138,-0.06381,0.0653,192.2,CMEMS,2026-07-27
31.25,-81.0,-0.00829,-0.05346,0.0541,188.8,CMEMS,2026-07-27
31.25,-80.91666,-0.01147,-0.06517,0.0662,190.0,CMEMS,2026-07-27
31.25,-80.83333,-0.0079,-0.06047,0.061,187.4,CMEMS,2026-07-27
31.25,-80.75,0.00098,-0.03835,0.0384,178.5,CMEMS,2026-07-27
31.25,-80.66666,0.00407,0.00375,0.0055,47.4,CMEMS,2026-07-27
31.25,-80.58333,-0.00277,0.03012,0.0302,354.7,CMEMS,2026-07-27
31.25,-80.5,-0.01523,0.03196,0.0354,334.5,CMEMS,2026-07-27
31.25,-80.41666,-0.0336,0.01677,0.0376,296.5,CMEMS,2026-07-27
31.25,-80.33333,-0.04522,-0.03685,0.0583,230.8,CMEMS,2026-07-27
31.25,-80.25,-0.05694,-0.1042,0.1187,208.7,CMEMS,2026-07-27
31.25,-80.16666,-0.07992,-0.11685,0.1416,214.4,CMEMS,2026-07-27
31.25,-80.08333,-0.11396,-0.11776,0.1639,224.1,CMEMS,2026-07-27
31.25,-80.0,-0.16014,-0.15312,0.2216,226.3,CMEMS,2026-07-27
31.25,-79.91666,-0.18697,-0.18071,0.26,226.0,CMEMS,2026-07-27
31.25,-79.83333,-0.11925,-0.12571,0.1733,223.5,CMEMS,2026-07-27
31.25,-79.75,0.09298,0.08405,0.1253,47.9,CMEMS,2026-07-27
31.25,-79.66666,0.34933,0.37471,0.5123,43.0,CMEMS,2026-07-27
31.25,-79.58333,0.58777,0.64554,0.873,42.3,CMEMS,2026-07-27
31.25,-79.5,0.81911,0.84542,1.1771,44.1,CMEMS,2026-07-27
31.25,-79.41666,1.02152,0.96249,1.4035,46.7,CMEMS,2026-07-27
31.25,-79.33333,1.13124,0.99246,1.5049,48.7,CMEMS,2026-07-27
31.25,-79.25,1.14806,0.95707,1.4947,50.2,CMEMS,2026-07-27
31.25,-79.16666,1.1488,0.89017,1.4533,52.2,CMEMS,2026-07-27
31.25,-79.08333,1.15677,0.81062,1.4125,55.0,CMEMS,2026-07-27
31.25,-79.0,1.11828,0.70941,1.3243,57.6,CMEMS,2026-07-27
31.25,-78.91666,1.01806,0.58057,1.172,60.3,CMEMS,2026-07-27
31.25,-78.83333,0.89863,0.44866,1.0044,63.5,CMEMS,2026-07-27
31.25,-78.75,0.78482,0.33146,0.8519,67.1,CMEMS,2026-07-27
31.25,-78.66666,0.66288,0.23897,0.7046,70.2,CMEMS,2026-07-27
31.25,-78.58333,0.54346,0.17422,0.5707,72.2,CMEMS,2026-07-27
31.25,-78.5,0.45491,0.16045,0.4824,70.6,CMEMS,2026-07-27
31.25,-78.41666,0.43355,0.21033,0.4819,64.1,CMEMS,2026-07-27
31.25,-78.33333,0.46055,0.25862,0.5282,60.7,CMEMS,2026-07-27
31.25,-78.25,0.48289,0.26729,0.5519,61.0,CMEMS,2026-07-27
31.25,-78.16666,0.48248,0.24888,0.5429,62.7,CMEMS,2026-07-27
31.25,-78.08333,0.46791,0.2262,0.5197,64.2,CMEMS,2026-07-27
31.25,-78.0,0.43889,0.2119,0.4874,64.2,CMEMS,2026-07-27
31.25,-77.91666,0.404,0.21078,0.4557,62.4,CMEMS,2026-07-27
31.25,-77.83333,0.37403,0.21669,0.4323,59.9,CMEMS,2026-07-27
31.25,-77.75,0.34534,0.22132,0.4102,57.3,CMEMS,2026-07-27
31.25,-77.66666,0.31263,0.21135,0.3774,55.9,CMEMS,2026-07-27
31.25,-77.58333,0.27925,0.15374,0.3188,61.2,CMEMS,2026-07-27
31.25,-77.5,0.23984,0.04432,0.2439,79.5,CMEMS,2026-07-27
31.25,-77.41666,0.18896,-0.03451,0.1921,100.4,CMEMS,2026-07-27
31.25,-77.33333,0.13291,0.04556,0.1405,71.1,CMEMS,2026-07-27
31.25,-77.25,0.08071,0.2397,0.2529,18.6,CMEMS,2026-07-27
31.25,-77.16666,0.03651,0.39758,0.3993,5.2,CMEMS,2026-07-27
31.25,-77.08333,0.02224,0.42501,0.4256,3.0,CMEMS,2026-07-27
31.25,-77.0,0.11337,0.24943,0.274,24.4,CMEMS,2026-07-27
31.25,-76.91666,0.15336,0.02708,0.1557,80.0,CMEMS,2026-07-27
31.25,-76.83333,0.15019,-0.08353,0.1719,119.1,CMEMS,2026-07-27
31.25,-76.75,0.15477,-0.13154,0.2031,130.4,CMEMS,2026-07-27
31.25,-76.66666,0.1597,-0.13884,0.2116,131.0,CMEMS,2026-07-27
31.25,-76.58333,0.15901,-0.11556,0.1966,126.0,CMEMS,2026-07-27
31.25,-76.5,0.1546,-0.0791,0.1737,117.1,CMEMS,2026-07-27
31.25,-76.41666,0.14628,-0.0546,0.1561,110.5,CMEMS,2026-07-27
31.25,-76.33333,0.12374,-0.05715,0.1363,114.8,CMEMS,2026-07-27
31.25,-76.25,0.06108,-0.07657,0.0979,141.4,CMEMS,2026-07-27
31.25,-76.16666,-0.03736,-0.09037,0.0978,202.5,CMEMS,2026-07-27
31.25,-76.08333,-0.09758,-0.13396,0.1657,216.1,CMEMS,2026-07-27
31.25,-76.0,-0.08167,-0.23699,0.2507,199.0,CMEMS,2026-07-27
31.25,-75.91666,-0.01508,-0.38165,0.3819,182.3,CMEMS,2026-07-27
31.25,-75.83333,0.07612,-0.51097,0.5166,171.5,CMEMS,2026-07-27
31.25,-75.75,0.18347,-0.59953,0.627,163.0,CMEMS,2026-07-27
31.25,-75.66666,0.29831,-0.62905,0.6962,154.6,CMEMS,2026-07-27
31.25,-75.58333,0.40364,-0.60085,0.7238,146.1,CMEMS,2026-07-27
31.25,-75.5,0.48391,-0.52911,0.717,137.6,CMEMS,2026-07-27
31.25,-75.41666,0.52773,-0.43117,0.6815,129.2,CMEMS,2026-07-27
31.25,-75.33333,0.54156,-0.32914,0.6337,121.3,CMEMS,2026-07-27
31.25,-75.25,0.54,-0.23056,0.5872,113.1,CMEMS,2026-07-27
31.33334,-81.25,-0.03719,-0.04516,0.0585,219.5,CMEMS,2026-07-27
31.33334,-81.16666,-0.04715,-0.05971,0.0761,218.3,CMEMS,2026-07-27
31.33334,-81.08333,-0.05036,-0.07006,0.0863,215.7,CMEMS,2026-07-27
31.33334,-81.0,-0.0393,-0.0614,0.0729,212.6,CMEMS,2026-07-27
31.33334,-80.91666,-0.0341,-0.06571,0.074,207.4,CMEMS,2026-07-27
31.33334,-80.83333,-0.02659,-0.06166,0.0671,203.3,CMEMS,2026-07-27
31.33334,-80.75,-0.02089,-0.04672,0.0512,204.1,CMEMS,2026-07-27
31.33334,-80.66666,-0.01428,-0.00077,0.0143,266.9,CMEMS,2026-07-27
31.33334,-80.58333,-0.00597,0.04028,0.0407,351.6,CMEMS,2026-07-27
31.33334,-80.5,-0.00377,0.04317,0.0433,355.0,CMEMS,2026-07-27
31.33334,-80.41666,-0.01169,0.03353,0.0355,340.8,CMEMS,2026-07-27
31.33334,-80.33333,-0.02827,-0.01045,0.0301,249.7,CMEMS,2026-07-27
31.33334,-80.25,-0.05014,-0.07447,0.0898,214.0,CMEMS,2026-07-27
31.33334,-80.16666,-0.07289,-0.10312,0.1263,215.3,CMEMS,2026-07-27
31.33334,-80.08333,-0.08871,-0.08874,0.1255,225.0,CMEMS,2026-07-27
31.33334,-80.0,-0.11298,-0.08509,0.1414,233.0,CMEMS,2026-07-27
31.33334,-79.91666,-0.15272,-0.11721,0.1925,232.5,CMEMS,2026-07-27
31.33334,-79.83333,-0.16803,-0.15512,0.2287,227.3,CMEMS,2026-07-27
31.33334,-79.75,-0.09095,-0.14012,0.167,213.0,CMEMS,2026-07-27
31.33334,-79.66666,0.12684,0.00837,0.1271,86.2,CMEMS,2026-07-27
31.33334,-79.58333,0.4039,0.30515,0.5062,52.9,CMEMS,2026-07-27
31.33334,-79.5,0.6755,0.55728,0.8757,50.5,CMEMS,2026-07-27
31.33334,-79.41666,0.89624,0.70747,1.1418,51.7,CMEMS,2026-07-27
31.33334,-79.33333,1.03182,0.78181,1.2946,52.8,CMEMS,2026-07-27
31.33334,-79.25,1.1064,0.82629,1.3809,53.2,CMEMS,2026-07-27
31.33334,-79.16666,1.1802,0.84609,1.4521,54.4,CMEMS,2026-07-27
31.33334,-79.08333,1.24368,0.82702,1.4936,56.4,CMEMS,2026-07-27
31.33334,-79.0,1.23702,0.76397,1.4539,58.3,CMEMS,2026-07-27
31.33334,-78.91666,1.16634,0.67334,1.3468,60.0,CMEMS,2026-07-27
31.33334,-78.83333,1.08274,0.57792,1.2273,61.9,CMEMS,2026-07-27
31.33334,-78.75,1.00413,0.48759,1.1163,64.1,CMEMS,2026-07-27
31.33334,-78.66666,0.91118,0.40222,0.996,66.2,CMEMS,2026-07-27
31.33334,-78.58333,0.79322,0.32519,0.8573,67.7,CMEMS,2026-07-27
31.33334,-78.5,0.662,0.26164,0.7118,68.4,CMEMS,2026-07-27
31.33334,-78.41666,0.55584,0.23297,0.6027,67.3,CMEMS,2026-07-27
31.33334,-78.33333,0.49638,0.23179,0.5478,65.0,CMEMS,2026-07-27
31.33334,-78.25,0.47482,0.23823,0.5312,63.4,CMEMS,2026-07-27
31.33334,-78.16666,0.4738,0.24786,0.5347,62.4,CMEMS,2026-07-27
31.33334,-78.08333,0.47418,0.25023,0.5362,62.2,CMEMS,2026-07-27
31.33334,-78.0,0.46059,0.2458,0.5221,61.9,CMEMS,2026-07-27
31.33334,-77.91666,0.43247,0.24755,0.4983,60.2,CMEMS,2026-07-27
31.33334,-77.83333,0.40219,0.2557,0.4766,57.6,CMEMS,2026-07-27
31.33334,-77.75,0.37234,0.26423,0.4566,54.6,CMEMS,2026-07-27
31.33334,-77.66666,0.33814,0.26496,0.4296,51.9,CMEMS,2026-07-27
31.33334,-77.58333,0.30268,0.22144,0.375,53.8,CMEMS,2026-07-27
31.33334,-77.5,0.26271,0.11324,0.2861,66.7,CMEMS,2026-07-27
31.33334,-77.41666,0.2069,0.02209,0.2081,83.9,CMEMS,2026-07-27
31.33334,-77.33333,0.13942,0.09599,0.1693,55.5,CMEMS,2026-07-27
31.33334,-77.25,0.0744,0.30198,0.311,13.8,CMEMS,2026-07-27
31.33334,-77.16666,0.02504,0.43945,0.4402,3.3,CMEMS,2026-07-27
31.33334,-77.08333,0.03317,0.40398,0.4053,4.7,CMEMS,2026-07-27
31.33334,-77.0,0.10142,0.18005,0.2066,29.4,CMEMS,2026-07-27
31.33334,-76.91666,0.12198,0.01322,0.1227,83.8,CMEMS,2026-07-27
31.33334,-76.83333,0.1205,-0.09123,0.1511,127.1,CMEMS,2026-07-27
31.33334,-76.75,0.12529,-0.13881,0.187,137.9,CMEMS,2026-07-27
31.33334,-76.66666,0.11949,-0.13878,0.1831,139.3,CMEMS,2026-07-27
31.33334,-76.58333,0.1109,-0.10729,0.1543,134.1,CMEMS,2026-07-27
31.33334,-76.5,0.09779,-0.06192,0.1157,122.3,CMEMS,2026-07-27
31.33334,-76.41666,0.05902,-0.01649,0.0613,105.6,CMEMS,2026-07-27
31.33334,-76.33333,-0.04435,0.02198,0.0495,296.4,CMEMS,2026-07-27
31.33334,-76.25,-0.16968,0.02675,0.1718,279.0,CMEMS,2026-07-27
31.33334,-76.16666,-0.21905,-0.01727,0.2197,265.5,CMEMS,2026-07-27
31.33334,-76.08333,-0.19597,-0.14032,0.241,234.4,CMEMS,2026-07-27
31.33334,-76.0,-0.14707,-0.31096,0.344,205.3,CMEMS,2026-07-27
31.33334,-75.91666,-0.08576,-0.48028,0.4879,190.1,CMEMS,2026-07-27
31.33334,-75.83333,-0.00579,-0.62573,0.6258,180.5,CMEMS,2026-07-27
31.33334,-75.75,0.09453,-0.71975,0.7259,172.5,CMEMS,2026-07-27
31.33334,-75.66666,0.20028,-0.74176,0.7683,164.9,CMEMS,2026-07-27
31.33334,-75.58333,0.29244,-0.68954,0.749,157.0,CMEMS,2026-07-27
31.33334,-75.5,0.35302,-0.58133,0.6801,148.7,CMEMS,2026-07-27
31.33334,-75.41666,0.37036,-0.44634,0.58,140.3,CMEMS,2026-07-27
31.33334,-75.33333,0.35999,-0.32506,0.485,132.1,CMEMS,2026-07-27
31.33334,-75.25,0.33893,-0.2249,0.4068,123.6,CMEMS,2026-07-27
31.41667,-81.25,-0.04306,-0.04092,0.0594,226.5,CMEMS,2026-07-27
31.41667,-81.16666,-0.04976,-0.03102,0.0586,238.1,CMEMS,2026-07-27
31.41667,-81.08333,-0.05753,-0.04026,0.0702,235.0,CMEMS,2026-07-27
31.41667,-81.0,-0.05366,-0.06905,0.0874,217.8,CMEMS,2026-07-27
31.41667,-80.91666,-0.05142,-0.06634,0.0839,217.8,CMEMS,2026-07-27
31.41667,-80.83333,-0.04478,-0.05736,0.0728,218.0,CMEMS,2026-07-27
31.41667,-80.75,-0.03715,-0.05076,0.0629,216.2,CMEMS,2026-07-27
31.41667,-80.66666,-0.02474,-0.02047,0.0321,230.4,CMEMS,2026-07-27
31.41667,-80.58333,-0.00605,0.02064,0.0215,343.7,CMEMS,2026-07-27
31.41667,-80.5,0.0083,0.03814,0.039,12.3,CMEMS,2026-07-27
31.41667,-80.41666,0.00992,0.04033,0.0415,13.8,CMEMS,2026-07-27
31.41667,-80.33333,-0.00452,0.01855,0.0191,346.3,CMEMS,2026-07-27
31.41667,-80.25,-0.03142,-0.03782,0.0492,219.7,CMEMS,2026-07-27
31.41667,-80.16666,-0.05998,-0.08511,0.1041,215.2,CMEMS,2026-07-27
31.41667,-80.08333,-0.0737,-0.0905,0.1167,219.2,CMEMS,2026-07-27
31.41667,-80.0,-0.07724,-0.0628,0.0995,230.9,CMEMS,2026-07-27
31.41667,-79.91666,-0.09908,-0.05896,0.1153,239.2,CMEMS,2026-07-27
31.41667,-79.83333,-0.1341,-0.10211,0.1686,232.7,CMEMS,2026-07-27
31.41667,-79.75,-0.14786,-0.15043,0.2109,224.5,CMEMS,2026-07-27
31.41667,-79.66666,-0.09452,-0.15621,0.1826,211.2,CMEMS,2026-07-27
31.41667,-79.58333,0.09619,-0.04758,0.1073,116.3,CMEMS,2026-07-27
31.41667,-79.5,0.36538,0.20076,0.4169,61.2,CMEMS,2026-07-27
31.41667,-79.41666,0.62379,0.40245,0.7423,57.2,CMEMS,2026-07-27
31.41667,-79.33333,0.82906,0.55809,0.9994,56.1,CMEMS,2026-07-27
31.41667,-79.25,0.98817,0.69582,1.2086,54.8,CMEMS,2026-07-27
31.41667,-79.16666,1.14092,0.78917,1.3873,55.3,CMEMS,2026-07-27
31.41667,-79.08333,1.25793,0.8056,1.4938,57.4,CMEMS,2026-07-27
31.41667,-79.0,1.29032,0.76505,1.5001,59.3,CMEMS,2026-07-27
31.41667,-78.91666,1.2634,0.71097,1.4497,60.6,CMEMS,2026-07-27
31.41667,-78.83333,1.2311,0.65719,1.3955,61.9,CMEMS,2026-07-27
31.41667,-78.75,1.20464,0.6015,1.3465,63.5,CMEMS,2026-07-27
31.41667,-78.66666,1.15774,0.54332,1.2789,64.9,CMEMS,2026-07-27
31.41667,-78.58333,1.07386,0.48825,1.1796,65.6,CMEMS,2026-07-27
31.41667,-78.5,0.94891,0.42759,1.0408,65.7,CMEMS,2026-07-27
31.41667,-78.41666,0.80038,0.35686,0.8763,66.0,CMEMS,2026-07-27
31.41667,-78.33333,0.66006,0.29486,0.7229,65.9,CMEMS,2026-07-27
31.41667,-78.25,0.56875,0.26728,0.6284,64.8,CMEMS,2026-07-27
31.41667,-78.16666,0.52469,0.27933,0.5944,62.0,CMEMS,2026-07-27
31.41667,-78.08333,0.49396,0.28703,0.5713,59.8,CMEMS,2026-07-27
31.41667,-78.0,0.46369,0.27426,0.5387,59.4,CMEMS,2026-07-27
31.41667,-77.91666,0.43665,0.27006,0.5134,58.3,CMEMS,2026-07-27
31.41667,-77.83333,0.41105,0.28366,0.4994,55.4,CMEMS,2026-07-27
31.41667,-77.75,0.38702,0.30183,0.4908,52.1,CMEMS,2026-07-27
31.41667,-77.66666,0.35788,0.31608,0.4775,48.5,CMEMS,2026-07-27
31.41667,-77.58333,0.32161,0.28936,0.4326,48.0,CMEMS,2026-07-27
31.41667,-77.5,0.28134,0.18968,0.3393,56.0,CMEMS,2026-07-27
31.41667,-77.41666,0.22392,0.09428,0.243,67.2,CMEMS,2026-07-27
31.41667,-77.33333,0.14753,0.16329,0.2201,42.1,CMEMS,2026-07-27
31.41667,-77.25,0.07199,0.37394,0.3808,10.9,CMEMS,2026-07-27
31.41667,-77.16666,0.01819,0.48346,0.4838,2.2,CMEMS,2026-07-27
31.41667,-77.08333,0.05683,0.37366,0.378,8.6,CMEMS,2026-07-27
31.41667,-77.0,0.07759,0.13913,0.1593,29.1,CMEMS,2026-07-27
31.41667,-76.91666,0.08037,0.00654,0.0806,85.3,CMEMS,2026-07-27
31.41667,-76.83333,0.07314,-0.08858,0.1149,140.5,CMEMS,2026-07-27
31.41667,-76.75,0.05734,-0.11919,0.1323,154.3,CMEMS,2026-07-27
31.41667,-76.66666,0.02871,-0.10826,0.112,165.1,CMEMS,2026-07-27
31.41667,-76.58333,-0.0077,-0.06962,0.07,186.3,CMEMS,2026-07-27
31.41667,-76.5,-0.08342,0.00117,0.0834,270.8,CMEMS,2026-07-27
31.41667,-76.41666,-0.19112,0.08086,0.2075,292.9,CMEMS,2026-07-27
31.41667,-76.33333,-0.27201,0.12183,0.298,294.1,CMEMS,2026-07-27
31.41667,-76.25,-0.29397,0.08225,0.3053,285.6,CMEMS,2026-07-27
31.41667,-76.16666,-0.27509,-0.03923,0.2779,261.9,CMEMS,2026-07-27
31.41667,-76.08333,-0.24327,-0.19849,0.314,230.8,CMEMS,2026-07-27
31.41667,-76.0,-0.20824,-0.38218,0.4352,208.6,CMEMS,2026-07-27
31.41667,-75.91666,-0.16324,-0.57238,0.5952,195.9,CMEMS,2026-07-27
31.41667,-75.83333,-0.10019,-0.73897,0.7457,187.7,CMEMS,2026-07-27
31.41667,-75.75,-0.01793,-0.8453,0.8455,181.2,CMEMS,2026-07-27
31.41667,-75.66666,0.07179,-0.86258,0.8656,175.2,CMEMS,2026-07-27
31.41667,-75.58333,0.15163,-0.7848,0.7993,169.1,CMEMS,2026-07-27
31.41667,-75.5,0.19919,-0.63295,0.6636,162.5,CMEMS,2026-07-27
31.41667,-75.41666,0.20254,-0.44726,0.491,155.6,CMEMS,2026-07-27
31.41667,-75.33333,0.18156,-0.30122,0.3517,148.9,CMEMS,2026-07-27
31.41667,-75.25,0.15117,-0.20004,0.2507,142.9,CMEMS,2026-07-27
31.5,-81.16666,-0.04232,-0.03015,0.052,234.5,CMEMS,2026-07-27
31.5,-81.08333,-0.04503,-0.03379,0.0563,233.1,CMEMS,2026-07-27
31.5,-81.0,-0.05853,-0.06323,0.0862,222.8,CMEMS,2026-07-27
31.5,-80.91666,-0.06396,-0.06319,0.0899,225.3,CMEMS,2026-07-27
31.5,-80.83333,-0.0611,-0.04661,0.0769,232.7,CMEMS,2026-07-27
31.5,-80.75,-0.05415,-0.04776,0.0722,228.6,CMEMS,2026-07-27
31.5,-80.66666,-0.04289,-0.03494,0.0553,230.8,CMEMS,2026-07-27
31.5,-80.58333,-0.02025,-0.00234,0.0204,263.4,CMEMS,2026-07-27
31.5,-80.5,0.00272,0.0235,0.0237,6.6,CMEMS,2026-07-27
31.5,-80.41666,0.01771,0.03971,0.0435,24.0,CMEMS,2026-07-27
31.5,-80.33333,0.01774,0.03855,0.0424,24.7,CMEMS,2026-07-27
31.5,-80.25,0.0004,0.00097,0.001,22.2,CMEMS,2026-07-27
31.5,-80.16666,-0.0298,-0.04972,0.058,210.9,CMEMS,2026-07-27
31.5,-80.08333,-0.05581,-0.08182,0.099,214.3,CMEMS,2026-07-27
31.5,-80.0,-0.0649,-0.06632,0.0928,224.4,CMEMS,2026-07-27
31.5,-79.91666,-0.07361,-0.02825,0.0788,249.0,CMEMS,2026-07-27
31.5,-79.83333,-0.10512,-0.04159,0.113,248.4,CMEMS,2026-07-27
31.5,-79.75,-0.15488,-0.09977,0.1842,237.2,CMEMS,2026-07-27
31.5,-79.66666,-0.1896,-0.15415,0.2444,230.9,CMEMS,2026-07-27
31.5,-79.58333,-0.16349,-0.16079,0.2293,225.5,CMEMS,2026-07-27
31.5,-79.5,-0.03045,-0.07402,0.08,202.4,CMEMS,2026-07-27
31.5,-79.41666,0.1855,0.09663,0.2092,62.5,CMEMS,2026-07-27
31.5,-79.33333,0.43308,0.26166,0.506,58.9,CMEMS,2026-07-27
31.5,-79.25,0.68193,0.43994,0.8115,57.2,CMEMS,2026-07-27
31.5,-79.16666,0.92041,0.59367,1.0953,57.2,CMEMS,2026-07-27
31.5,-79.08333,1.11076,0.66897,1.2967,58.9,CMEMS,2026-07-27
31.5,-79.0,1.2271,0.69047,1.408,60.6,CMEMS,2026-07-27
31.5,-78.91666,1.29179,0.70294,1.4707,61.4,CMEMS,2026-07-27
31.5,-78.83333,1.33912,0.71065,1.516,62.0,CMEMS,2026-07-27
31.5,-78.75,1.37768,0.69632,1.5436,63.2,CMEMS,2026-07-27
31.5,-78.66666,1.38375,0.66098,1.5335,64.5,CMEMS,2026-07-27
31.5,-78.58333,1.3336,0.61028,1.4666,65.4,CMEMS,2026-07-27
31.5,-78.5,1.22539,0.54284,1.3402,66.1,CMEMS,2026-07-27
31.5,-78.41666,1.07968,0.47195,1.1783,66.4,CMEMS,2026-07-27
31.5,-78.33333,0.92316,0.40897,1.0097,66.1,CMEMS,2026-07-27
31.5,-78.25,0.80145,0.36046,0.8788,65.8,CMEMS,2026-07-27
31.5,-78.16666,0.69456,0.33777,0.7723,64.1,CMEMS,2026-07-27
31.5,-78.08333,0.57704,0.31927,0.6595,61.0,CMEMS,2026-07-27
31.5,-78.0,0.48804,0.30248,0.5742,58.2,CMEMS,2026-07-27
31.5,-77.91666,0.4429,0.30203,0.5361,55.7,CMEMS,2026-07-27
31.5,-77.83333,0.41588,0.31321,0.5206,53.0,CMEMS,2026-07-27
31.5,-77.75,0.39541,0.33069,0.5155,50.1,CMEMS,2026-07-27
31.5,-77.66666,0.37011,0.35297,0.5114,46.4,CMEMS,2026-07-27
31.5,-77.58333,0.33492,0.34282,0.4793,44.3,CMEMS,2026-07-27
31.5,-77.5,0.29707,0.25832,0.3937,49.0,CMEMS,2026-07-27
31.5,-77.41666,0.24086,0.16845,0.2939,55.0,CMEMS,2026-07-27
31.5,-77.33333,0.15924,0.23611,0.2848,34.0,CMEMS,2026-07-27
31.5,-77.25,0.07501,0.44544,0.4517,9.6,CMEMS,2026-07-27
31.5,-77.16666,0.02207,0.5247,0.5252,2.4,CMEMS,2026-07-27
31.5,-77.08333,0.06696,0.35436,0.3606,10.7,CMEMS,2026-07-27
31.5,-77.0,0.05327,0.13821,0.1481,21.1,CMEMS,2026-07-27
31.5,-76.91666,0.03428,0.01467,0.0373,66.8,CMEMS,2026-07-27
31.5,-76.83333,0.00586,-0.0625,0.0628,174.6,CMEMS,2026-07-27
31.5,-76.75,-0.03627,-0.06637,0.0756,208.7,CMEMS,2026-07-27
31.5,-76.66666,-0.10148,-0.03542,0.1075,250.8,CMEMS,2026-07-27
31.5,-76.58333,-0.18321,0.00888,0.1834,272.8,CMEMS,2026-07-27
31.5,-76.5,-0.26073,0.07227,0.2706,285.5,CMEMS,2026-07-27
31.5,-76.41666,-0.31159,0.12824,0.3369,292.4,CMEMS,2026-07-27
31.5,-76.33333,-0.32549,0.12243,0.3478,290.6,CMEMS,2026-07-27
31.5,-76.25,-0.31245,0.04835,0.3162,278.8,CMEMS,2026-07-27
31.5,-76.16666,-0.29082,-0.07653,0.3007,255.3,CMEMS,2026-07-27
31.5,-76.08333,-0.26901,-0.23924,0.36,228.4,CMEMS,2026-07-27
31.5,-76.0,-0.2532,-0.43529,0.5036,210.2,CMEMS,2026-07-27
31.5,-75.91666,-0.23476,-0.64182,0.6834,200.1,CMEMS,2026-07-27
31.5,-75.83333,-0.20234,-0.83182,0.8561,193.7,CMEMS,2026-07-27
31.5,-75.75,-0.14777,-0.95789,0.9692,188.8,CMEMS,2026-07-27
31.5,-75.66666,-0.07291,-0.97983,0.9825,184.3,CMEMS,2026-07-27
31.5,-75.58333,0.0076,-0.88464,0.8847,179.5,CMEMS,2026-07-27
31.5,-75.5,0.06502,-0.69122,0.6943,174.6,CMEMS,2026-07-27
31.5,-75.41666,0.07532,-0.45112,0.4574,170.5,CMEMS,2026-07-27
31.5,-75.33333,0.05685,-0.27375,0.2796,168.3,CMEMS,2026-07-27
31.5,-75.25,0.03547,-0.16943,0.1731,168.2,CMEMS,2026-07-27
31.58334,-81.08333,-0.03809,-0.02245,0.0442,239.5,CMEMS,2026-07-27
31.58334,-81.0,-0.04429,-0.05921,0.0739,216.8,CMEMS,2026-07-27
31.58334,-80.91666,-0.04651,-0.07796,0.0908,210.8,CMEMS,2026-07-27
31.58334,-80.83333,-0.04783,-0.05342,0.0717,221.8,CMEMS,2026-07-27
31.58334,-80.75,-0.04973,-0.05705,0.0757,221.1,CMEMS,2026-07-27
31.58334,-80.66666,-0.04934,-0.05096,0.0709,224.1,CMEMS,2026-07-27
31.58334,-80.58333,-0.0375,-0.02878,0.0473,232.5,CMEMS,2026-07-27
31.58334,-80.5,-0.02087,-0.00056,0.0209,268.5,CMEMS,2026-07-27
31.58334,-80.41666,0.00014,0.02827,0.0283,0.3,CMEMS,2026-07-27
31.58334,-80.33333,0.0182,0.04043,0.0443,24.2,CMEMS,2026-07-27
31.58334,-80.25,0.02043,0.03059,0.0368,33.7,CMEMS,2026-07-27
31.58334,-80.16666,-0.00145,0.00183,0.0023,321.6,CMEMS,2026-07-27
31.58334,-80.08333,-0.03474,-0.04127,0.0539,220.1,CMEMS,2026-07-27
31.58334,-80.0,-0.05529,-0.06033,0.0818,222.5,CMEMS,2026-07-27
31.58334,-79.91666,-0.05391,-0.02225,0.0583,247.6,CMEMS,2026-07-27
31.58334,-79.83333,-0.05495,0.01632,0.0573,286.5,CMEMS,2026-07-27
31.58334,-79.75,-0.0882,-0.00697,0.0885,265.5,CMEMS,2026-07-27
31.58334,-79.66666,-0.14877,-0.07171,0.1651,244.3,CMEMS,2026-07-27
31.58334,-79.58333,-0.20804,-0.13162,0.2462,237.7,CMEMS,2026-07-27
31.58334,-79.5,-0.22305,-0.15204,0.2699,235.7,CMEMS,2026-07-27
31.58334,-79.41666,-0.16615,-0.11039,0.1995,236.4,CMEMS,2026-07-27
31.58334,-79.33333,-0.03416,-0.02401,0.0418,234.9,CMEMS,2026-07-27
31.58334,-79.25,0.16971,0.10154,0.1978,59.1,CMEMS,2026-07-27
31.58334,-79.16666,0.42572,0.25854,0.4981,58.7,CMEMS,2026-07-27
31.58334,-79.08333,0.68776,0.39491,0.7931,60.1,CMEMS,2026-07-27
31.58334,-79.0,0.9217,0.50292,1.05,61.4,CMEMS,2026-07-27
31.58334,-78.91666,1.12264,0.59457,1.2704,62.1,CMEMS,2026-07-27
31.58334,-78.83333,1.29326,0.66683,1.455,62.7,CMEMS,2026-07-27
31.58334,-78.75,1.42865,0.70478,1.593,63.7,CMEMS,2026-07-27
31.58334,-78.66666,1.50813,0.70108,1.6631,65.1,CMEMS,2026-07-27
31.58334,-78.58333,1.51586,0.67101,1.6577,66.1,CMEMS,2026-07-27
31.58334,-78.5,1.46077,0.63702,1.5936,66.4,CMEMS,2026-07-27
31.58334,-78.41666,1.36162,0.61082,1.4924,65.8,CMEMS,2026-07-27
31.58334,-78.33333,1.23165,0.59145,1.3663,64.3,CMEMS,2026-07-27
31.58334,-78.25,1.083,0.5571,1.2179,62.8,CMEMS,2026-07-27
31.58334,-78.16666,0.90278,0.47367,1.0195,62.3,CMEMS,2026-07-27
31.58334,-78.08333,0.71431,0.38092,0.8095,61.9,CMEMS,2026-07-27
31.58334,-78.0,0.57703,0.34408,0.6718,59.2,CMEMS,2026-07-27
31.58334,-77.91666,0.49136,0.34627,0.6011,54.8,CMEMS,2026-07-27
31.58334,-77.83333,0.42987,0.34826,0.5532,51.0,CMEMS,2026-07-27
31.58334,-77.75,0.39252,0.35318,0.528,48.0,CMEMS,2026-07-27
31.58334,-77.66666,0.36573,0.37579,0.5244,44.2,CMEMS,2026-07-27
31.58334,-77.58333,0.33747,0.3815,0.5093,41.5,CMEMS,2026-07-27
31.58334,-77.5,0.30751,0.31157,0.4378,44.6,CMEMS,2026-07-27
31.58334,-77.41666,0.25532,0.22877,0.3428,48.1,CMEMS,2026-07-27
31.58334,-77.33333,0.17149,0.30203,0.3473,29.6,CMEMS,2026-07-27
31.58334,-77.25,0.08288,0.51107,0.5177,9.2,CMEMS,2026-07-27
31.58334,-77.16666,0.03998,0.56266,0.5641,4.1,CMEMS,2026-07-27
31.58334,-77.08333,0.05906,0.35936,0.3642,9.3,CMEMS,2026-07-27
31.58334,-77.0,0.02388,0.16387,0.1656,8.3,CMEMS,2026-07-27
31.58334,-76.91666,-0.0122,0.03986,0.0417,343.0,CMEMS,2026-07-27
31.58334,-76.83333,-0.05051,-0.02129,0.0548,247.1,CMEMS,2026-07-27
31.58334,-76.75,-0.09321,-0.00311,0.0933,268.1,CMEMS,2026-07-27
31.58334,-76.66666,-0.14031,0.03974,0.1458,285.8,CMEMS,2026-07-27
31.58334,-76.58333,-0.19486,0.0762,0.2092,291.4,CMEMS,2026-07-27
31.58334,-76.5,-0.24696,0.10941,0.2701,293.9,CMEMS,2026-07-27
31.58334,-76.41666,-0.28005,0.12614,0.3071,294.2,CMEMS,2026-07-27
31.58334,-76.33333,-0.2898,0.09819,0.306,288.7,CMEMS,2026-07-27
31.58334,-76.25,-0.28191,0.02232,0.2828,274.5,CMEMS,2026-07-27
31.58334,-76.16666,-0.26525,-0.09848,0.2829,249.6,CMEMS,2026-07-27
31.58334,-76.08333,-0.25645,-0.26076,0.3657,224.5,CMEMS,2026-07-27
31.58334,-76.0,-0.26503,-0.45878,0.5298,210.0,CMEMS,2026-07-27
31.58334,-75.91666,-0.27915,-0.67691,0.7322,202.4,CMEMS,2026-07-27
31.58334,-75.83333,-0.28396,-0.8867,0.9311,197.8,CMEMS,2026-07-27
31.58334,-75.75,-0.26271,-1.03844,1.0712,194.2,CMEMS,2026-07-27
31.58334,-75.66666,-0.20305,-1.07755,1.0965,190.7,CMEMS,2026-07-27
31.58334,-75.58333,-0.11261,-0.97705,0.9835,186.6,CMEMS,2026-07-27
31.58334,-75.5,-0.02598,-0.75154,0.752,182.0,CMEMS,2026-07-27
31.58334,-75.41666,0.01334,-0.46583,0.466,178.4,CMEMS,2026-07-27
31.58334,-75.33333,0.01054,-0.25886,0.2591,177.7,CMEMS,2026-07-27
31.58334,-75.25,0.01258,-0.15818,0.1587,175.5,CMEMS,2026-07-27
31.66667,-81.08333,-0.02057,-0.03222,0.0382,212.5,CMEMS,2026-07-27
31.66667,-81.0,-0.02448,-0.06517,0.0696,200.6,CMEMS,2026-07-27
31.66667,-80.91666,-0.04868,-0.08191,0.0953,210.7,CMEMS,2026-07-27
31.66667,-80.83333,-0.04129,-0.0567,0.0701,216.1,CMEMS,2026-07-27
31.66667,-80.75,-0.03269,-0.05224,0.0616,212.0,CMEMS,2026-07-27
31.66667,-80.66666,-0.03633,-0.04715,0.0595,217.6,CMEMS,2026-07-27
31.66667,-80.58333,-0.03804,-0.0366,0.0528,226.1,CMEMS,2026-07-27
31.66667,-80.5,-0.02454,-0.01891,0.031,232.4,CMEMS,2026-07-27
31.66667,-80.41666,-0.00155,0.008,0.0081,349.0,CMEMS,2026-07-27
31.66667,-80.33333,0.01857,0.0293,0.0347,32.4,CMEMS,2026-07-27
31.66667,-80.25,0.02591,0.03927,0.047,33.4,CMEMS,2026-07-27
31.66667,-80.16666,0.01417,0.03944,0.0419,19.8,CMEMS,2026-07-27
31.66667,-80.08333,-0.015,0.01514,0.0213,315.3,CMEMS,2026-07-27
31.66667,-80.0,-0.04065,-0.02549,0.048,237.9,CMEMS,2026-07-27
31.66667,-79.91666,-0.04721,-0.03058,0.0563,237.1,CMEMS,2026-07-27
31.66667,-79.83333,-0.02539,0.0172,0.0307,304.1,CMEMS,2026-07-27
31.66667,-79.75,-0.01086,0.04807,0.0493,347.3,CMEMS,2026-07-27
31.66667,-79.66666,-0.02587,0.02375,0.0351,312.6,CMEMS,2026-07-27
31.66667,-79.58333,-0.07434,-0.03053,0.0804,247.7,CMEMS,2026-07-27
31.66667,-79.5,-0.1241,-0.08722,0.1517,234.9,CMEMS,2026-07-27
31.66667,-79.41666,-0.15395,-0.11966,0.195,232.1,CMEMS,2026-07-27
31.66667,-79.33333,-0.1487,-0.12683,0.1954,229.5,CMEMS,2026-07-27
31.66667,-79.25,-0.09723,-0.10433,0.1426,223.0,CMEMS,2026-07-27
31.66667,-79.16666,0.02085,-0.03922,0.0444,152.0,CMEMS,2026-07-27
31.66667,-79.08333,0.21008,0.06099,0.2188,73.8,CMEMS,2026-07-27
31.66667,-79.0,0.4493,0.17735,0.483,68.5,CMEMS,2026-07-27
31.66667,-78.91666,0.71066,0.3012,0.7719,67.0,CMEMS,2026-07-27
31.66667,-78.83333,0.96861,0.42,1.0557,66.6,CMEMS,2026-07-27
31.66667,-78.75,1.20091,0.5163,1.3072,66.7,CMEMS,2026-07-27
31.66667,-78.66666,1.38055,0.58268,1.4985,67.1,CMEMS,2026-07-27
31.66667,-78.58333,1.4928,0.62917,1.62,67.1,CMEMS,2026-07-27
31.66667,-78.5,1.54192,0.67047,1.6814,66.5,CMEMS,2026-07-27
31.66667,-78.41666,1.54212,0.71053,1.6979,65.3,CMEMS,2026-07-27
31.66667,-78.33333,1.47947,0.74533,1.6566,63.3,CMEMS,2026-07-27
31.66667,-78.25,1.33426,0.75046,1.5308,60.6,CMEMS,2026-07-27
31.66667,-78.16666,1.12332,0.69605,1.3215,58.2,CMEMS,2026-07-27
31.66667,-78.08333,0.89683,0.59902,1.0785,56.3,CMEMS,2026-07-27
31.66667,-78.0,0.71706,0.49931,0.8738,55.1,CMEMS,2026-07-27
31.66667,-77.91666,0.5712,0.43082,0.7155,53.0,CMEMS,2026-07-27
31.66667,-77.83333,0.44695,0.39268,0.595,48.7,CMEMS,2026-07-27
31.66667,-77.75,0.37937,0.38302,0.5391,44.7,CMEMS,2026-07-27
31.66667,-77.66666,0.35199,0.40416,0.536,41.1,CMEMS,2026-07-27
31.66667,-77.58333,0.33406,0.41939,0.5362,38.5,CMEMS,2026-07-27
31.66667,-77.5,0.30987,0.35924,0.4744,40.8,CMEMS,2026-07-27
31.66667,-77.41666,0.2609,0.28467,0.3861,42.5,CMEMS,2026-07-27
31.66667,-77.33333,0.1797,0.37395,0.4149,25.7,CMEMS,2026-07-27
31.66667,-77.25,0.09143,0.58605,0.5931,8.9,CMEMS,2026-07-27
31.66667,-77.16666,0.06178,0.60824,0.6114,5.8,CMEMS,2026-07-27
31.66667,-77.08333,0.04396,0.39502,0.3975,6.4,CMEMS,2026-07-27
31.66667,-77.0,-0.00739,0.21847,0.2186,358.1,CMEMS,2026-07-27
31.66667,-76.91666,-0.05356,0.08745,0.1025,328.5,CMEMS,2026-07-27
31.66667,-76.83333,-0.10053,0.02879,0.1046,286.0,CMEMS,2026-07-27
31.66667,-76.75,-0.14072,0.04598,0.148,288.1,CMEMS,2026-07-27
31.66667,-76.66666,-0.16802,0.09412,0.1926,299.3,CMEMS,2026-07-27
31.66667,-76.58333,-0.19342,0.12778,0.2318,303.4,CMEMS,2026-07-27
31.66667,-76.5,-0.21766,0.1413,0.2595,303.0,CMEMS,2026-07-27
31.66667,-76.41666,-0.23379,0.13261,0.2688,299.6,CMEMS,2026-07-27
31.66667,-76.33333,-0.23615,0.09027,0.2528,290.9,CMEMS,2026-07-27
31.66667,-76.25,-0.2257,0.00997,0.2259,272.5,CMEMS,2026-07-27
31.66667,-76.16666,-0.21628,-0.1065,0.2411,243.8,CMEMS,2026-07-27
31.66667,-76.08333,-0.221,-0.26021,0.3414,220.3,CMEMS,2026-07-27
31.66667,-76.0,-0.24656,-0.4519,0.5148,208.6,CMEMS,2026-07-27
31.66667,-75.91666,-0.28878,-0.67673,0.7358,203.1,CMEMS,2026-07-27
31.66667,-75.83333,-0.3287,-0.90869,0.9663,199.9,CMEMS,2026-07-27
31.66667,-75.75,-0.34049,-1.09202,1.1439,197.3,CMEMS,2026-07-27
31.66667,-75.66666,-0.30264,-1.16017,1.199,194.6,CMEMS,2026-07-27
31.66667,-75.58333,-0.21293,-1.0705,1.0915,191.2,CMEMS,2026-07-27
31.66667,-75.5,-0.10478,-0.82825,0.8348,187.2,CMEMS,2026-07-27
31.66667,-75.41666,-0.02567,-0.50544,0.5061,182.9,CMEMS,2026-07-27
31.66667,-75.33333,0.00429,-0.26362,0.2637,179.1,CMEMS,2026-07-27
31.66667,-75.25,0.03279,-0.17764,0.1806,169.5,CMEMS,2026-07-27
31.75,-81.08333,-0.01481,-0.05961,0.0614,194.0,CMEMS,2026-07-27
31.75,-81.0,-0.00625,-0.04602,0.0464,187.7,CMEMS,2026-07-27
31.75,-80.91666,-0.04384,-0.04287,0.0613,225.6,CMEMS,2026-07-27
31.75,-80.83333,-0.05729,-0.06094,0.0836,223.2,CMEMS,2026-07-27
31.75,-80.75,-0.06041,-0.05699,0.083,226.7,CMEMS,2026-07-27
31.75,-80.66666,-0.06345,-0.05074,0.0812,231.4,CMEMS,2026-07-27
31.75,-80.58333,-0.05686,-0.03897,0.0689,235.6,CMEMS,2026-07-27
31.75,-80.5,-0.03691,-0.03024,0.0477,230.7,CMEMS,2026-07-27
31.75,-80.41666,-0.0094,-0.01185,0.0151,218.4,CMEMS,2026-07-27
31.75,-80.33333,0.01245,0.01724,0.0213,35.8,CMEMS,2026-07-27
31.75,-80.25,0.02233,0.04116,0.0468,28.5,CMEMS,2026-07-27
31.75,-80.16666,0.01953,0.05713,0.0604,18.9,CMEMS,2026-07-27
31.75,-80.08333,0.0043,0.05445,0.0546,4.5,CMEMS,2026-07-27
31.75,-80.0,-0.0185,0.01898,0.0265,315.7,CMEMS,2026-07-27
31.75,-79.91666,-0.03825,-0.01946,0.0429,243.0,CMEMS,2026-07-27
31.75,-79.83333,-0.03104,-0.01471,0.0344,244.6,CMEMS,2026-07-27
31.75,-79.75,0.00074,0.02936,0.0294,1.4,CMEMS,2026-07-27
31.75,-79.66666,0.02357,0.0474,0.0529,26.4,CMEMS,2026-07-27
31.75,-79.58333,0.01064,0.02478,0.027,23.2,CMEMS,2026-07-27
31.75,-79.5,-0.0248,-0.01727,0.0302,235.1,CMEMS,2026-07-27
31.75,-79.41666,-0.0521,-0.0668,0.0847,218.0,CMEMS,2026-07-27
31.75,-79.33333,-0.06171,-0.11207,0.1279,208.8,CMEMS,2026-07-27
31.75,-79.25,-0.05401,-0.14227,0.1522,200.8,CMEMS,2026-07-27
31.75,-79.16666,-0.01654,-0.1531,0.154,186.2,CMEMS,2026-07-27
31.75,-79.08333,0.06656,-0.13784,0.1531,154.2,CMEMS,2026-07-27
31.75,-79.0,0.20582,-0.08921,0.2243,113.4,CMEMS,2026-07-27
31.75,-78.91666,0.39447,-0.00401,0.3945,90.6,CMEMS,2026-07-27
31.75,-78.83333,0.61269,0.10373,0.6214,80.4,CMEMS,2026-07-27
31.75,-78.75,0.83886,0.2193,0.8671,75.3,CMEMS,2026-07-27
31.75,-78.66666,1.04563,0.32833,1.096,72.6,CMEMS,2026-07-27
31.75,-78.58333,1.21762,0.43456,1.2928,70.4,CMEMS,2026-07-27
31.75,-78.5,1.35761,0.54111,1.4615,68.3,CMEMS,2026-07-27
31.75,-78.41666,1.45769,0.64816,1.5953,66.0,CMEMS,2026-07-27
31.75,-78.33333,1.4901,0.74597,1.6664,63.4,CMEMS,2026-07-27
31.75,-78.25,1.43512,0.83796,1.6619,59.7,CMEMS,2026-07-27
31.75,-78.16666,1.28626,0.90371,1.572,54.9,CMEMS,2026-07-27
31.75,-78.08333,1.06166,0.88558,1.3825,50.2,CMEMS,2026-07-27
31.75,-78.0,0.84645,0.76401,1.1403,47.9,CMEMS,2026-07-27
31.75,-77.91666,0.64342,0.60148,0.8808,46.9,CMEMS,2026-07-27
31.75,-77.83333,0.45984,0.4777,0.6631,43.9,CMEMS,2026-07-27
31.75,-77.75,0.36763,0.43711,0.5712,40.1,CMEMS,2026-07-27
31.75,-77.66666,0.33852,0.44883,0.5622,37.0,CMEMS,2026-07-27
31.75,-77.58333,0.32184,0.45975,0.5612,35.0,CMEMS,2026-07-27
31.75,-77.5,0.30022,0.39949,0.4997,36.9,CMEMS,2026-07-27
31.75,-77.41666,0.25712,0.3326,0.4204,37.7,CMEMS,2026-07-27
31.75,-77.33333,0.18254,0.44264,0.4788,22.4,CMEMS,2026-07-27
31.75,-77.25,0.09687,0.6641,0.6711,8.3,CMEMS,2026-07-27
31.75,-77.16666,0.07576,0.66248,0.6668,6.5,CMEMS,2026-07-27
31.75,-77.08333,0.03265,0.45641,0.4576,4.1,CMEMS,2026-07-27
31.75,-77.0,-0.03165,0.29747,0.2991,353.9,CMEMS,2026-07-27
31.75,-76.91666,-0.09652,0.16408,0.1904,329.5,CMEMS,2026-07-27
31.75,-76.83333,-0.15609,0.09665,0.1836,301.8,CMEMS,2026-07-27
31.75,-76.75,-0.19314,0.08914,0.2127,294.8,CMEMS,2026-07-27
31.75,-76.66666,-0.20653,0.11794,0.2378,299.7,CMEMS,2026-07-27
31.75,-76.58333,-0.21166,0.14385,0.2559,304.2,CMEMS,2026-07-27
31.75,-76.5,-0.2121,0.14757,0.2584,304.8,CMEMS,2026-07-27
31.75,-76.41666,-0.20376,0.12542,0.2393,301.6,CMEMS,2026-07-27
31.75,-76.33333,-0.18928,0.07757,0.2046,292.3,CMEMS,2026-07-27
31.75,-76.25,-0.1753,0.00312,0.1753,271.0,CMEMS,2026-07-27
31.75,-76.16666,-0.1714,-0.10022,0.1986,239.7,CMEMS,2026-07-27
31.75,-76.08333,-0.18345,-0.23388,0.2972,218.1,CMEMS,2026-07-27
31.75,-76.0,-0.21726,-0.41303,0.4667,207.7,CMEMS,2026-07-27
31.75,-75.91666,-0.27339,-0.63939,0.6954,203.2,CMEMS,2026-07-27
31.75,-75.83333,-0.33321,-0.88802,0.9485,200.6,CMEMS,2026-07-27
31.75,-75.75,-0.3726,-1.10712,1.1681,198.6,CMEMS,2026-07-27
31.75,-75.66666,-0.36539,-1.22411,1.2775,196.6,CMEMS,2026-07-27
31.75,-75.58333,-0.29805,-1.1772,1.2143,194.2,CMEMS,2026-07-27
31.75,-75.5,-0.18541,-0.95016,0.9681,191.0,CMEMS,2026-07-27
31.75,-75.41666,-0.06979,-0.6022,0.6062,186.6,CMEMS,2026-07-27
31.75,-75.33333,0.00155,-0.30293,0.3029,179.7,CMEMS,2026-07-27
31.75,-75.25,0.05021,-0.21781,0.2235,167.0,CMEMS,2026-07-27
31.83334,-81.0,0.0026,-0.00701,0.0075,159.6,CMEMS,2026-07-27
31.83334,-80.91666,-0.01755,0.00547,0.0184,287.3,CMEMS,2026-07-27
31.83334,-80.83333,-0.04988,-0.03848,0.063,232.4,CMEMS,2026-07-27
31.83334,-80.75,-0.06555,-0.04694,0.0806,234.4,CMEMS,2026-07-27
31.83334,-80.66666,-0.07474,-0.0488,0.0893,236.9,CMEMS,2026-07-27
31.83334,-80.58333,-0.07499,-0.04928,0.0897,236.7,CMEMS,2026-07-27
31.83334,-80.5,-0.06024,-0.04714,0.0765,232.0,CMEMS,2026-07-27
31.83334,-80.41666,-0.0354,-0.02771,0.045,232.0,CMEMS,2026-07-27
31.83334,-80.33333,-0.01125,0.00781,0.0137,304.8,CMEMS,2026-07-27
31.83334,-80.25,0.00606,0.04139,0.0418,8.3,CMEMS,2026-07-27
31.83334,-80.16666,0.01685,0.06402,0.0662,14.7,CMEMS,2026-07-27
31.83334,-80.08333,0.02045,0.06643,0.0695,17.1,CMEMS,2026-07-27
31.83334,-80.0,0.01307,0.04366,0.0456,16.7,CMEMS,2026-07-27
31.83334,-79.91666,-0.00372,0.00782,0.0087,334.6,CMEMS,2026-07-27
31.83334,-79.83333,-0.01741,-0.01462,0.0227,230.0,CMEMS,2026-07-27
31.83334,-79.75,-0.00808,-0.00464,0.0093,240.1,CMEMS,2026-07-27
31.83334,-79.66666,0.01499,0.02462,0.0288,31.3,CMEMS,2026-07-27
31.83334,-79.58333,0.02892,0.03416,0.0448,40.3,CMEMS,2026-07-27
31.83334,-79.5,0.02257,0.00985,0.0246,66.4,CMEMS,2026-07-27
31.83334,-79.41666,0.00435,-0.03021,0.0305,171.8,CMEMS,2026-07-27
31.83334,-79.33333,-0.01393,-0.07941,0.0806,189.9,CMEMS,2026-07-27
31.83334,-79.25,-0.02616,-0.13332,0.1359,191.1,CMEMS,2026-07-27
31.83334,-79.16666,-0.01767,-0.18609,0.1869,185.4,CMEMS,2026-07-27
31.83334,-79.08333,0.02964,-0.23218,0.2341,172.7,CMEMS,2026-07-27
31.83334,-79.0,0.12009,-0.24411,0.2721,153.8,CMEMS,2026-07-27
31.83334,-78.91666,0.24197,-0.20388,0.3164,130.1,CMEMS,2026-07-27
31.83334,-78.83333,0.38498,-0.12362,0.4043,107.8,CMEMS,2026-07-27
31.83334,-78.75,0.53199,-0.02206,0.5325,92.4,CMEMS,2026-07-27
31.83334,-78.66666,0.67735,0.09321,0.6837,82.2,CMEMS,2026-07-27
31.83334,-78.58333,0.81975,0.21239,0.8468,75.5,CMEMS,2026-07-27
31.83334,-78.5,0.96571,0.33463,1.022,70.9,CMEMS,2026-07-27
31.83334,-78.41666,1.1051,0.46029,1.1971,67.4,CMEMS,2026-07-27
31.83334,-78.33333,1.21667,0.60486,1.3587,63.6,CMEMS,2026-07-27
31.83334,-78.25,1.27717,0.77299,1.4929,58.8,CMEMS,2026-07-27
31.83334,-78.16666,1.24327,0.95406,1.5671,52.5,CMEMS,2026-07-27
31.83334,-78.08333,1.10177,1.06727,1.5339,45.9,CMEMS,2026-07-27
31.83334,-78.0,0.91159,1.02344,1.3706,41.7,CMEMS,2026-07-27
31.83334,-77.91666,0.68818,0.83585,1.0827,39.5,CMEMS,2026-07-27
31.83334,-77.83333,0.4836,0.63356,0.797,37.4,CMEMS,2026-07-27
31.83334,-77.75,0.36933,0.52439,0.6414,35.2,CMEMS,2026-07-27
31.83334,-77.66666,0.32152,0.49318,0.5887,33.1,CMEMS,2026-07-27
31.83334,-77.58333,0.29945,0.48851,0.573,31.5,CMEMS,2026-07-27
31.83334,-77.5,0.28047,0.42773,0.5115,33.3,CMEMS,2026-07-27
31.83334,-77.41666,0.24955,0.37037,0.4466,34.0,CMEMS,2026-07-27
31.83334,-77.33333,0.18792,0.49952,0.5337,20.6,CMEMS,2026-07-27
31.83334,-77.25,0.11036,0.7363,0.7445,8.5,CMEMS,2026-07-27
31.83334,-77.16666,0.0944,0.72425,0.7304,7.4,CMEMS,2026-07-27
31.83334,-77.08333,0.0372,0.5328,0.5341,4.0,CMEMS,2026-07-27
31.83334,-77.0,-0.03823,0.38865,0.3905,354.4,CMEMS,2026-07-27
31.83334,-76.91666,-0.11619,0.25806,0.283,335.8,CMEMS,2026-07-27
31.83334,-76.83333,-0.18186,0.17588,0.253,314.0,CMEMS,2026-07-27
31.83334,-76.75,-0.22154,0.13525,0.2596,301.4,CMEMS,2026-07-27
31.83334,-76.66666,-0.23194,0.12697,0.2644,298.7,CMEMS,2026-07-27
31.83334,-76.58333,-0.22169,0.12928,0.2566,300.2,CMEMS,2026-07-27
31.83334,-76.5,-0.19993,0.12378,0.2351,301.8,CMEMS,2026-07-27
31.83334,-76.41666,-0.17337,0.09953,0.1999,299.9,CMEMS,2026-07-27
31.83334,-76.33333,-0.14952,0.05495,0.1593,290.2,CMEMS,2026-07-27
31.83334,-76.25,-0.13498,-0.00735,0.1352,266.9,CMEMS,2026-07-27
31.83334,-76.16666,-0.13401,-0.08871,0.1607,236.5,CMEMS,2026-07-27
31.83334,-76.08333,-0.14792,-0.2003,0.249,216.4,CMEMS,2026-07-27
31.83334,-76.0,-0.18144,-0.36073,0.4038,206.7,CMEMS,2026-07-27
31.83334,-75.91666,-0.24002,-0.57498,0.6231,202.7,CMEMS,2026-07-27
31.83334,-75.83333,-0.30755,-0.82721,0.8825,200.4,CMEMS,2026-07-27
31.83334,-75.75,-0.36441,-1.07457,1.1347,198.7,CMEMS,2026-07-27
31.83334,-75.66666,-0.38928,-1.24861,1.3079,197.3,CMEMS,2026-07-27
31.83334,-75.58333,-0.35641,-1.27157,1.3206,195.7,CMEMS,2026-07-27
31.83334,-75.5,-0.25652,-1.0968,1.1264,193.2,CMEMS,2026-07-27
31.83334,-75.41666,-0.12078,-0.75501,0.7646,189.1,CMEMS,2026-07-27
31.83334,-75.33333,-0.01348,-0.40052,0.4007,181.9,CMEMS,2026-07-27
31.83334,-75.25,0.05423,-0.27757,0.2828,168.9,CMEMS,2026-07-27
31.91667,-80.91666,0.00595,-0.01011,0.0117,149.5,CMEMS,2026-07-27
31.91667,-80.83333,0.00788,-0.02033,0.0218,158.8,CMEMS,2026-07-27
31.91667,-80.75,-0.02303,-0.02332,0.0328,224.6,CMEMS,2026-07-27
31.91667,-80.66666,-0.04983,-0.0325,0.0595,236.9,CMEMS,2026-07-27
31.91667,-80.58333,-0.06806,-0.04612,0.0822,235.9,CMEMS,2026-07-27
31.91667,-80.5,-0.0737,-0.05763,0.0936,232.0,CMEMS,2026-07-27
31.91667,-80.41666,-0.06913,-0.05463,0.0881,231.7,CMEMS,2026-07-27
31.91667,-80.33333,-0.05056,-0.0226,0.0554,245.9,CMEMS,2026-07-27
31.91667,-80.25,-0.02222,0.02087,0.0305,313.2,CMEMS,2026-07-27
31.91667,-80.16666,0.00769,0.04965,0.0502,8.8,CMEMS,2026-07-27
31.91667,-80.08333,0.03049,0.05369,0.0617,29.6,CMEMS,2026-07-27
31.91667,-80.0,0.04138,0.04368,0.0602,43.5,CMEMS,2026-07-27
31.91667,-79.91666,0.03805,0.02639,0.0463,55.3,CMEMS,2026-07-27
31.91667,-79.83333,0.02593,0.00892,0.0274,71.0,CMEMS,2026-07-27
31.91667,-79.75,0.01343,-0.00021,0.0134,90.9,CMEMS,2026-07-27
31.91667,-79.66666,0.01017,0.00518,0.0114,63.0,CMEMS,2026-07-27
31.91667,-79.58333,0.01569,0.01822,0.024,40.7,CMEMS,2026-07-27
31.91667,-79.5,0.02098,0.01537,0.026,53.8,CMEMS,2026-07-27
31.91667,-79.41666,0.01872,-0.01924,0.0268,135.8,CMEMS,2026-07-27
31.91667,-79.33333,0.00237,-0.06246,0.0625,177.8,CMEMS,2026-07-27
31.91667,-79.25,-0.02364,-0.1186,0.1209,191.3,CMEMS,2026-07-27
31.91667,-79.16666,-0.0365,-0.19465,0.198,190.6,CMEMS,2026-07-27
31.91667,-79.08333,-0.02227,-0.27822,0.2791,184.6,CMEMS,2026-07-27
31.91667,-79.0,0.01904,-0.32966,0.3302,176.7,CMEMS,2026-07-27
31.91667,-78.91666,0.08382,-0.32366,0.3343,165.5,CMEMS,2026-07-27
31.91667,-78.83333,0.1613,-0.26629,0.3113,148.8,CMEMS,2026-07-27
31.91667,-78.75,0.24497,-0.17126,0.2989,125.0,CMEMS,2026-07-27
31.91667,-78.66666,0.33359,-0.04887,0.3372,98.3,CMEMS,2026-07-27
31.91667,-78.58333,0.43153,0.07672,0.4383,79.9,CMEMS,2026-07-27
31.91667,-78.5,0.53878,0.1913,0.5717,70.5,CMEMS,2026-07-27
31.91667,-78.41666,0.65618,0.30219,0.7224,65.3,CMEMS,2026-07-27
31.91667,-78.33333,0.77522,0.4401,0.8914,60.4,CMEMS,2026-07-27
31.91667,-78.25,0.87827,0.62893,1.0802,54.4,CMEMS,2026-07-27
31.91667,-78.16666,0.9279,0.87825,1.2776,46.6,CMEMS,2026-07-27
31.91667,-78.08333,0.90419,1.11092,1.4324,39.1,CMEMS,2026-07-27
31.91667,-78.0,0.80303,1.17626,1.4242,34.3,CMEMS,2026-07-27
31.91667,-77.91666,0.63486,1.03126,1.211,31.6,CMEMS,2026-07-27
31.91667,-77.83333,0.46867,0.80473,0.9313,30.2,CMEMS,2026-07-27
31.91667,-77.75,0.34443,0.62355,0.7124,28.9,CMEMS,2026-07-27
31.91667,-77.66666,0.27594,0.53268,0.5999,27.4,CMEMS,2026-07-27
31.91667,-77.58333,0.25438,0.50511,0.5655,26.7,CMEMS,2026-07-27
31.91667,-77.5,0.24816,0.44099,0.506,29.4,CMEMS,2026-07-27
31.91667,-77.41666,0.23599,0.38655,0.4529,31.4,CMEMS,2026-07-27
31.91667,-77.33333,0.19843,0.52814,0.5642,20.6,CMEMS,2026-07-27
31.91667,-77.25,0.13785,0.78458,0.7966,10.0,CMEMS,2026-07-27
31.91667,-77.16666,0.12561,0.78174,0.7918,9.1,CMEMS,2026-07-27
31.91667,-77.08333,0.06538,0.60879,0.6123,6.1,CMEMS,2026-07-27
31.91667,-77.0,-0.01385,0.47723,0.4774,358.3,CMEMS,2026-07-27
31.91667,-76.91666,-0.09708,0.34951,0.3627,344.5,CMEMS,2026-07-27
31.91667,-76.83333,-0.17132,0.25162,0.3044,325.8,CMEMS,2026-07-27
31.91667,-76.75,-0.22806,0.18075,0.291,308.4,CMEMS,2026-07-27
31.91667,-76.66666,-0.255,0.13498,0.2885,297.9,CMEMS,2026-07-27
31.91667,-76.58333,-0.25033,0.10397,0.2711,292.6,CMEMS,2026-07-27
31.91667,-76.5,-0.22425,0.07981,0.238,289.6,CMEMS,2026-07-27
31.91667,-76.41666,-0.18684,0.05481,0.1947,286.3,CMEMS,2026-07-27
31.91667,-76.33333,-0.14826,0.02468,0.1503,279.5,CMEMS,2026-07-27
31.91667,-76.25,-0.11866,-0.02166,0.1206,259.7,CMEMS,2026-07-27
31.91667,-76.16666,-0.10453,-0.08849,0.137,229.7,CMEMS,2026-07-27
31.91667,-76.08333,-0.10772,-0.17811,0.2082,211.2,CMEMS,2026-07-27
31.91667,-76.0,-0.13385,-0.31355,0.3409,203.1,CMEMS,2026-07-27
31.91667,-75.91666,-0.18683,-0.50507,0.5385,200.3,CMEMS,2026-07-27
31.91667,-75.83333,-0.25429,-0.74618,0.7883,198.8,CMEMS,2026-07-27
31.91667,-75.75,-0.32204,-1.00525,1.0556,197.8,CMEMS,2026-07-27
31.91667,-75.66666,-0.37598,-1.22482,1.2812,197.1,CMEMS,2026-07-27
31.91667,-75.58333,-0.38799,-1.32285,1.3786,196.3,CMEMS,2026-07-27
31.91667,-75.5,-0.32333,-1.22714,1.269,194.8,CMEMS,2026-07-27
31.91667,-75.41666,-0.18982,-0.9282,0.9474,191.6,CMEMS,2026-07-27
31.91667,-75.33333,-0.05441,-0.5469,0.5496,185.7,CMEMS,2026-07-27
31.91667,-75.25,0.03304,-0.3626,0.3641,174.8,CMEMS,2026-07-27
32.0,-80.83333,0.00628,0.00835,0.0105,37.0,CMEMS,2026-07-27
32.0,-80.75,0.01217,0.0031,0.0126,75.7,CMEMS,2026-07-27
32.0,-80.66666,-0.00852,-0.01223,0.0149,214.8,CMEMS,2026-07-27
32.0,-80.58333,-0.03344,-0.03176,0.0461,226.5,CMEMS,2026-07-27
32.0,-80.5,-0.04066,-0.05456,0.068,216.7,CMEMS,2026-07-27
32.0,-80.41666,-0.05179,-0.06303,0.0816,219.4,CMEMS,2026-07-27
32.0,-80.33333,-0.05887,-0.05892,0.0833,225.0,CMEMS,2026-07-27
32.0,-80.25,-0.04471,-0.03584,0.0573,231.3,CMEMS,2026-07-27
32.0,-80.16666,-0.01442,-0.00386,0.0149,255.0,CMEMS,2026-07-27
32.0,-80.08333,0.01238,0.01657,0.0207,36.8,CMEMS,2026-07-27
32.0,-80.0,0.03361,0.02043,0.0393,58.7,CMEMS,2026-07-27
32.0,-79.91666,0.04543,0.02383,0.0513,62.3,CMEMS,2026-07-27
32.0,-79.83333,0.04758,0.02693,0.0547,60.5,CMEMS,2026-07-27
32.0,-79.75,0.04038,0.02627,0.0482,57.0,CMEMS,2026-07-27
32.0,-79.66666,0.02305,0.01793,0.0292,52.1,CMEMS,2026-07-27
32.0,-79.58333,0.00926,0.0116,0.0148,38.6,CMEMS,2026-07-27
32.0,-79.5,0.00463,0.00914,0.0102,26.9,CMEMS,2026-07-27
32.0,-79.41666,0.00175,-0.00543,0.0057,162.2,CMEMS,2026-07-27
32.0,-79.33333,-0.00672,-0.04033,0.0409,189.5,CMEMS,2026-07-27
32.0,-79.25,-0.02818,-0.09539,0.0995,196.5,CMEMS,2026-07-27
32.0,-79.16666,-0.05566,-0.17965,0.1881,197.2,CMEMS,2026-07-27
32.0,-79.08333,-0.07776,-0.28902,0.2993,195.1,CMEMS,2026-07-27
32.0,-79.0,-0.08135,-0.37496,0.3837,192.2,CMEMS,2026-07-27
32.0,-78.91666,-0.06875,-0.3967,0.4026,189.8,CMEMS,2026-07-27
32.0,-78.83333,-0.0423,-0.3618,0.3643,186.7,CMEMS,2026-07-27
32.0,-78.75,-0.0048,-0.27879,0.2788,181.0,CMEMS,2026-07-27
32.0,-78.66666,0.03732,-0.1589,0.1632,166.8,CMEMS,2026-07-27
32.0,-78.58333,0.09727,-0.02625,0.1007,105.1,CMEMS,2026-07-27
32.0,-78.5,0.17196,0.08381,0.1913,64.0,CMEMS,2026-07-27
32.0,-78.41666,0.25706,0.17898,0.3132,55.2,CMEMS,2026-07-27
32.0,-78.33333,0.34739,0.29589,0.4563,49.6,CMEMS,2026-07-27
32.0,-78.25,0.43056,0.48496,0.6485,41.6,CMEMS,2026-07-27
32.0,-78.16666,0.48919,0.77123,0.9133,32.4,CMEMS,2026-07-27
32.0,-78.08333,0.53454,1.08314,1.2079,26.3,CMEMS,2026-07-27
32.0,-78.0,0.52786,1.24213,1.3496,23.0,CMEMS,2026-07-27
32.0,-77.91666,0.46437,1.16295,1.2522,21.8,CMEMS,2026-07-27
32.0,-77.83333,0.36213,0.94054,1.0078,21.1,CMEMS,2026-07-27
32.0,-77.75,0.26467,0.70679,0.7547,20.5,CMEMS,2026-07-27
32.0,-77.66666,0.21103,0.5776,0.6149,20.1,CMEMS,2026-07-27
32.0,-77.58333,0.20333,0.52812,0.5659,21.1,CMEMS,2026-07-27
32.0,-77.5,0.20987,0.44707,0.4939,25.1,CMEMS,2026-07-27
32.0,-77.41666,0.2103,0.38935,0.4425,28.4,CMEMS,2026-07-27
32.0,-77.33333,0.20024,0.53629,0.5725,20.5,CMEMS,2026-07-27
32.0,-77.25,0.17374,0.80979,0.8282,12.1,CMEMS,2026-07-27
32.0,-77.16666,0.17324,0.83113,0.849,11.8,CMEMS,2026-07-27
32.0,-77.08333,0.12205,0.68122,0.6921,10.2,CMEMS,2026-07-27
32.0,-77.0,0.04953,0.56179,0.564,5.0,CMEMS,2026-07-27
32.0,-76.91666,-0.02714,0.44143,0.4423,356.5,CMEMS,2026-07-27
32.0,-76.83333,-0.10455,0.3356,0.3515,342.7,CMEMS,2026-07-27
32.0,-76.75,-0.17692,0.24509,0.3023,324.2,CMEMS,2026-07-27
32.0,-76.66666,-0.23067,0.16904,0.286,306.2,CMEMS,2026-07-27
32.0,-76.58333,-0.25815,0.10252,0.2778,291.7,CMEMS,2026-07-27
32.0,-76.5,-0.26033,0.04509,0.2642,279.8,CMEMS,2026-07-27
32.0,-76.41666,-0.23617,-0.00067,0.2362,269.8,CMEMS,2026-07-27
32.0,-76.33333,-0.19053,-0.03433,0.1936,259.8,CMEMS,2026-07-27
32.0,-76.25,-0.13699,-0.06269,0.1506,245.4,CMEMS,2026-07-27
32.0,-76.16666,-0.09237,-0.10553,0.1402,221.2,CMEMS,2026-07-27
32.0,-76.08333,-0.07045,-0.17469,0.1884,202.0,CMEMS,2026-07-27
32.0,-76.0,-0.07736,-0.28045,0.2909,195.4,CMEMS,2026-07-27
32.0,-75.91666,-0.11848,-0.44244,0.458,195.0,CMEMS,2026-07-27
32.0,-75.83333,-0.18272,-0.66411,0.6888,195.4,CMEMS,2026-07-27
32.0,-75.75,-0.25606,-0.92208,0.957,195.5,CMEMS,2026-07-27
32.0,-75.66666,-0.32886,-1.16757,1.213,195.7,CMEMS,2026-07-27
32.0,-75.58333,-0.38062,-1.32588,1.3794,196.0,CMEMS,2026-07-27
32.0,-75.5,-0.3654,-1.31225,1.3622,195.6,CMEMS,2026-07-27
32.0,-75.41666,-0.25894,-1.07978,1.1104,193.5,CMEMS,2026-07-27
32.0,-75.33333,-0.11501,-0.70125,0.7106,189.3,CMEMS,2026-07-27
32.0,-75.25,-0.01893,-0.45191,0.4523,182.4,CMEMS,2026-07-27
32.08334,-80.83333,-0.0055,0.0103,0.0117,331.9,CMEMS,2026-07-27
32.08334,-80.75,-0.00259,0.00321,0.0041,321.2,CMEMS,2026-07-27
32.08334,-80.66666,-0.01208,-0.01655,0.0205,216.1,CMEMS,2026-07-27
32.08334,-80.58333,-0.02344,-0.03476,0.0419,214.0,CMEMS,2026-07-27
32.08334,-80.5,-0.01437,-0.04436,0.0466,197.9,CMEMS,2026-07-27
32.08334,-80.41666,-0.01086,-0.04417,0.0455,193.8,CMEMS,2026-07-27
32.08334,-80.33333,-0.02909,-0.04886,0.0569,210.8,CMEMS,2026-07-27
32.08334,-80.25,-0.04627,-0.05099,0.0689,222.2,CMEMS,2026-07-27
32.08334,-80.16666,-0.04224,-0.04416,0.0611,223.7,CMEMS,2026-07-27
32.08334,-80.08333,-0.02131,-0.03422,0.0403,211.9,CMEMS,2026-07-27
32.08334,-80.0,0.00396,-0.02197,0.0223,169.8,CMEMS,2026-07-27
32.08334,-79.91666,0.02257,-0.00273,0.0227,96.9,CMEMS,2026-07-27
32.08334,-79.83333,0.02963,0.0189,0.0351,57.5,CMEMS,2026-07-27
32.08334,-79.75,0.03117,0.03095,0.0439,45.2,CMEMS,2026-07-27
32.08334,-79.66666,0.02377,0.03207,0.0399,36.5,CMEMS,2026-07-27
32.08334,-79.58333,0.01195,0.02123,0.0244,29.4,CMEMS,2026-07-27
32.08334,-79.5,0.00343,0.00907,0.0097,20.7,CMEMS,2026-07-27
32.08334,-79.41666,-0.00518,-0.00275,0.0059,242.0,CMEMS,2026-07-27
32.08334,-79.33333,-0.01338,-0.01739,0.0219,217.6,CMEMS,2026-07-27
32.08334,-79.25,-0.0288,-0.0559,0.0629,207.3,CMEMS,2026-07-27
32.08334,-79.16666,-0.06408,-0.13614,0.1505,205.2,CMEMS,2026-07-27
32.08334,-79.08333,-0.10853,-0.2504,0.2729,203.4,CMEMS,2026-07-27
32.08334,-79.0,-0.14557,-0.35538,0.384,202.3,CMEMS,2026-07-27
32.08334,-78.91666,-0.17126,-0.40589,0.4405,202.9,CMEMS,2026-07-27
32.08334,-78.83333,-0.17052,-0.39078,0.4264,203.6,CMEMS,2026-07-27
32.08334,-78.75,-0.1641,-0.32064,0.3602,207.1,CMEMS,2026-07-27
32.08334,-78.66666,-0.14672,-0.21684,0.2618,214.1,CMEMS,2026-07-27
32.08334,-78.58333,-0.09942,-0.1018,0.1423,224.3,CMEMS,2026-07-27
32.08334,-78.5,-0.04057,0.00045,0.0406,270.6,CMEMS,2026-07-27
32.08334,-78.41666,0.01304,0.10064,0.1015,7.4,CMEMS,2026-07-27
32.08334,-78.33333,0.04856,0.22552,0.2307,12.2,CMEMS,2026-07-27
32.08334,-78.25,0.07949,0.42227,0.4297,10.7,CMEMS,2026-07-27
32.08334,-78.16666,0.10829,0.71853,0.7266,8.6,CMEMS,2026-07-27
32.08334,-78.08333,0.1665,1.04926,1.0624,9.0,CMEMS,2026-07-27
32.08334,-78.0,0.2222,1.24484,1.2645,10.1,CMEMS,2026-07-27
32.08334,-77.91666,0.24478,1.21176,1.2362,11.4,CMEMS,2026-07-27
32.08334,-77.83333,0.21139,1.01018,1.0321,11.8,CMEMS,2026-07-27
32.08334,-77.75,0.17899,0.77973,0.8,12.9,CMEMS,2026-07-27
32.08334,-77.66666,0.16344,0.64049,0.661,14.3,CMEMS,2026-07-27
32.08334,-77.58333,0.16664,0.56252,0.5867,16.5,CMEMS,2026-07-27
32.08334,-77.5,0.18068,0.45393,0.4886,21.7,CMEMS,2026-07-27
32.08334,-77.41666,0.19195,0.38804,0.4329,26.3,CMEMS,2026-07-27
32.08334,-77.33333,0.20204,0.53705,0.5738,20.6,CMEMS,2026-07-27
32.08334,-77.25,0.21177,0.82086,0.8477,14.5,CMEMS,2026-07-27
32.08334,-77.16666,0.23551,0.87776,0.9088,15.0,CMEMS,2026-07-27
32.08334,-77.08333,0.2058,0.75795,0.7854,15.2,CMEMS,2026-07-27
32.08334,-77.0,0.14888,0.64843,0.6653,12.9,CMEMS,2026-07-27
32.08334,-76.91666,0.08658,0.53954,0.5464,9.1,CMEMS,2026-07-27
32.08334,-76.83333,0.01735,0.43331,0.4337,2.3,CMEMS,2026-07-27
32.08334,-76.75,-0.05169,0.33413,0.3381,351.2,CMEMS,2026-07-27
32.08334,-76.66666,-0.11255,0.23964,0.2648,334.8,CMEMS,2026-07-27
32.08334,-76.58333,-0.1611,0.14762,0.2185,312.5,CMEMS,2026-07-27
32.08334,-76.5,-0.1942,0.05583,0.2021,286.0,CMEMS,2026-07-27
32.08334,-76.41666,-0.20497,-0.03067,0.2073,261.5,CMEMS,2026-07-27
32.08334,-76.33333,-0.18775,-0.10209,0.2137,241.5,CMEMS,2026-07-27
32.08334,-76.25,-0.1441,-0.14682,0.2057,224.5,CMEMS,2026-07-27
32.08334,-76.16666,-0.0882,-0.16962,0.1912,207.5,CMEMS,2026-07-27
32.08334,-76.08333,-0.04245,-0.20158,0.206,191.9,CMEMS,2026-07-27
32.08334,-76.0,-0.02675,-0.26519,0.2665,185.8,CMEMS,2026-07-27
32.08334,-75.91666,-0.05134,-0.38319,0.3866,187.6,CMEMS,2026-07-27
32.08334,-75.83333,-0.10801,-0.5703,0.5804,190.7,CMEMS,2026-07-27
32.08334,-75.75,-0.18345,-0.81188,0.8323,192.7,CMEMS,2026-07-27
32.08334,-75.66666,-0.26486,-1.07176,1.104,193.9,CMEMS,2026-07-27
32.08334,-75.58333,-0.34135,-1.28183,1.3265,194.9,CMEMS,2026-07-27
32.08334,-75.5,-0.37351,-1.35832,1.4087,195.4,CMEMS,2026-07-27
32.08334,-75.41666,-0.30869,-1.22173,1.2601,194.2,CMEMS,2026-07-27
32.08334,-75.33333,-0.17581,-0.87929,0.8967,191.3,CMEMS,2026-07-27
32.08334,-75.25,-0.08338,-0.55449,0.5607,188.6,CMEMS,2026-07-27
32.16667,-80.75,-0.00954,-0.01404,0.017,214.2,CMEMS,2026-07-27
32.16667,-80.66666,-0.01665,-0.03987,0.0432,202.7,CMEMS,2026-07-27
32.16667,-80.58333,-0.02558,-0.04765,0.0541,208.2,CMEMS,2026-07-27
32.16667,-80.5,-0.03303,-0.05471,0.0639,211.1,CMEMS,2026-07-27
32.16667,-80.41666,-0.03814,-0.05482,0.0668,214.8,CMEMS,2026-07-27
32.16667,-80.33333,-0.04074,-0.04688,0.0621,221.0,CMEMS,2026-07-27
32.16667,-80.25,-0.05185,-0.04207,0.0668,230.9,CMEMS,2026-07-27
32.16667,-80.16666,-0.05963,-0.03867,0.0711,237.0,CMEMS,2026-07-27
32.16667,-80.08333,-0.0525,-0.04526,0.0693,229.2,CMEMS,2026-07-27
32.16667,-80.0,-0.03252,-0.04389,0.0546,216.5,CMEMS,2026-07-27
32.16667,-79.91666,-0.00852,-0.02166,0.0233,201.5,CMEMS,2026-07-27
32.16667,-79.83333,0.00985,0.01367,0.0169,35.8,CMEMS,2026-07-27
32.16667,-79.75,0.02264,0.03604,0.0426,32.1,CMEMS,2026-07-27
32.16667,-79.66666,0.02966,0.03728,0.0476,38.5,CMEMS,2026-07-27
32.16667,-79.58333,0.02563,0.02617,0.0366,44.4,CMEMS,2026-07-27
32.16667,-79.5,0.01582,0.01479,0.0217,46.9,CMEMS,2026-07-27
32.16667,-79.41666,0.00032,0.00857,0.0086,2.1,CMEMS,2026-07-27
32.16667,-79.33333,-0.01713,-0.00585,0.0181,251.2,CMEMS,2026-07-27
32.16667,-79.25,-0.03201,-0.02672,0.0417,230.1,CMEMS,2026-07-27
32.16667,-79.16666,-0.06274,-0.08043,0.102,218.0,CMEMS,2026-07-27
32.16667,-79.08333,-0.11914,-0.1808,0.2165,213.4,CMEMS,2026-07-27
32.16667,-79.0,-0.18453,-0.29349,0.3467,212.2,CMEMS,2026-07-27
32.16667,-78.91666,-0.23218,-0.36215,0.4302,212.7,CMEMS,2026-07-27
32.16667,-78.83333,-0.25691,-0.36385,0.4454,215.2,CMEMS,2026-07-27
32.16667,-78.75,-0.28124,-0.32149,0.4271,221.2,CMEMS,2026-07-27
32.16667,-78.66666,-0.28803,-0.25004,0.3814,229.0,CMEMS,2026-07-27
32.16667,-78.58333,-0.26225,-0.15052,0.3024,240.1,CMEMS,2026-07-27
32.16667,-78.5,-0.23075,-0.0426,0.2347,259.5,CMEMS,2026-07-27
32.16667,-78.41666,-0.21134,0.08082,0.2263,290.9,CMEMS,2026-07-27
32.16667,-78.33333,-0.21342,0.24222,0.3228,318.6,CMEMS,2026-07-27
32.16667,-78.25,-0.2171,0.46358,0.5119,334.9,CMEMS,2026-07-27
32.16667,-78.16666,-0.20791,0.75121,0.7795,344.5,CMEMS,2026-07-27
32.16667,-78.08333,-0.14302,1.04934,1.059,352.2,CMEMS,2026-07-27
32.16667,-78.0,-0.04185,1.21796,1.2187,358.0,CMEMS,2026-07-27
32.16667,-77.91666,0.0431,1.18495,1.1857,2.1,CMEMS,2026-07-27
32.16667,-77.83333,0.08715,1.00282,1.0066,5.0,CMEMS,2026-07-27
32.16667,-77.75,0.11288,0.79969,0.8076,8.0,CMEMS,2026-07-27
32.16667,-77.66666,0.12927,0.66127,0.6738,11.1,CMEMS,2026-07-27
32.16667,-77.58333,0.13868,0.56508,0.5818,13.8,CMEMS,2026-07-27
32.16667,-77.5,0.16204,0.44533,0.4739,20.0,CMEMS,2026-07-27
32.16667,-77.41666,0.1907,0.37219,0.4182,27.1,CMEMS,2026-07-27
32.16667,-77.33333,0.22345,0.50886,0.5558,23.7,CMEMS,2026-07-27
32.16667,-77.25,0.26031,0.80255,0.8437,18.0,CMEMS,2026-07-27
32.16667,-77.16666,0.30439,0.91232,0.9618,18.5,CMEMS,2026-07-27
32.16667,-77.08333,0.29726,0.82937,0.881,19.7,CMEMS,2026-07-27
32.16667,-77.0,0.25597,0.72143,0.7655,19.5,CMEMS,2026-07-27
32.16667,-76.91666,0.20849,0.61837,0.6526,18.6,CMEMS,2026-07-27
32.16667,-76.83333,0.15657,0.51553,0.5388,16.9,CMEMS,2026-07-27
32.16667,-76.75,0.10541,0.41403,0.4272,14.3,CMEMS,2026-07-27
32.16667,-76.66666,0.05632,0.31285,0.3179,10.2,CMEMS,2026-07-27
32.16667,-76.58333,0.0115,0.21212,0.2124,3.1,CMEMS,2026-07-27
32.16667,-76.5,-0.02868,0.1055,0.1093,344.8,CMEMS,2026-07-27
32.16667,-76.41666,-0.06065,-0.00764,0.0611,262.8,CMEMS,2026-07-27
32.16667,-76.33333,-0.07597,-0.11148,0.1349,214.3,CMEMS,2026-07-27
32.16667,-76.25,-0.06712,-0.19247,0.2038,199.2,CMEMS,2026-07-27
32.16667,-76.16666,-0.0383,-0.24235,0.2454,189.0,CMEMS,2026-07-27
32.16667,-76.08333,0.00083,-0.2594,0.2594,179.8,CMEMS,2026-07-27
32.16667,-76.0,0.0243,-0.27962,0.2807,175.0,CMEMS,2026-07-27
32.16667,-75.91666,0.01044,-0.34172,0.3419,178.2,CMEMS,2026-07-27
32.16667,-75.83333,-0.03881,-0.47628,0.4779,184.7,CMEMS,2026-07-27
32.16667,-75.75,-0.11492,-0.68583,0.6954,189.5,CMEMS,2026-07-27
32.16667,-75.66666,-0.19924,-0.9407,0.9616,192.0,CMEMS,2026-07-27
32.16667,-75.58333,-0.28673,-1.18584,1.22,193.6,CMEMS,2026-07-27
32.16667,-75.5,-0.3528,-1.34493,1.3904,194.7,CMEMS,2026-07-27
32.16667,-75.41666,-0.33234,-1.32079,1.362,194.1,CMEMS,2026-07-27
32.16667,-75.33333,-0.22234,-1.05257,1.0758,191.9,CMEMS,2026-07-27
32.16667,-75.25,-0.13421,-0.67435,0.6876,191.3,CMEMS,2026-07-27
32.25,-80.5,-0.03351,-0.05405,0.0636,211.8,CMEMS,2026-07-27
32.25,-80.41666,-0.05457,-0.05753,0.0793,223.5,CMEMS,2026-07-27
32.25,-80.33333,-0.05271,-0.05261,0.0745,225.1,CMEMS,2026-07-27
32.25,-80.25,-0.04941,-0.05137,0.0713,223.9,CMEMS,2026-07-27
32.25,-80.16666,-0.05123,-0.04096,0.0656,231.4,CMEMS,2026-07-27
32.25,-80.08333,-0.05575,-0.04622,0.0724,230.3,CMEMS,2026-07-27
32.25,-80.0,-0.05762,-0.04558,0.0735,231.7,CMEMS,2026-07-27
32.25,-79.91666,-0.05037,-0.03201,0.0597,237.6,CMEMS,2026-07-27
32.25,-79.83333,-0.02459,-0.00276,0.0247,263.6,CMEMS,2026-07-27
32.25,-79.75,0.00799,0.02579,0.027,17.2,CMEMS,2026-07-27
32.25,-79.66666,0.0347,0.03384,0.0485,45.7,CMEMS,2026-07-27
32.25,-79.58333,0.04435,0.02976,0.0534,56.1,CMEMS,2026-07-27
32.25,-79.5,0.03068,0.02198,0.0377,54.4,CMEMS,2026-07-27
32.25,-79.41666,0.00678,0.01782,0.0191,20.8,CMEMS,2026-07-27
32.25,-79.33333,-0.01452,0.00912,0.0171,302.1,CMEMS,2026-07-27
32.25,-79.25,-0.03005,-0.01231,0.0325,247.7,CMEMS,2026-07-27
32.25,-79.16666,-0.05262,-0.03966,0.0659,233.0,CMEMS,2026-07-27
32.25,-79.08333,-0.10162,-0.1127,0.1517,222.0,CMEMS,2026-07-27
32.25,-79.0,-0.17292,-0.21226,0.2738,219.2,CMEMS,2026-07-27
32.25,-78.91666,-0.24087,-0.28904,0.3762,219.8,CMEMS,2026-07-27
32.25,-78.83333,-0.29545,-0.31041,0.4285,223.6,CMEMS,2026-07-27
32.25,-78.75,-0.33961,-0.28855,0.4456,229.6,CMEMS,2026-07-27
32.25,-78.66666,-0.37503,-0.23386,0.442,238.1,CMEMS,2026-07-27
32.25,-78.58333,-0.39424,-0.14282,0.4193,250.1,CMEMS,2026-07-27
32.25,-78.5,-0.40357,-0.02938,0.4046,265.8,CMEMS,2026-07-27
32.25,-78.41666,-0.41242,0.12442,0.4308,286.8,CMEMS,2026-07-27
32.25,-78.33333,-0.433,0.3213,0.5392,306.6,CMEMS,2026-07-27
32.25,-78.25,-0.45307,0.56364,0.7232,321.2,CMEMS,2026-07-27
32.25,-78.16666,-0.43363,0.8328,0.9389,332.5,CMEMS,2026-07-27
32.25,-78.08333,-0.35349,1.07644,1.133,341.8,CMEMS,2026-07-27
32.25,-78.0,-0.22644,1.19338,1.2147,349.3,CMEMS,2026-07-27
32.25,-77.91666,-0.10357,1.13596,1.1407,354.8,CMEMS,2026-07-27
32.25,-77.83333,-0.0078,0.95572,0.9558,359.5,CMEMS,2026-07-27
32.25,-77.75,0.05441,0.76519,0.7671,4.1,CMEMS,2026-07-27
32.25,-77.66666,0.09021,0.63798,0.6443,8.0,CMEMS,2026-07-27
32.25,-77.58333,0.11482,0.54219,0.5542,12.0,CMEMS,2026-07-27
32.25,-77.5,0.14602,0.42663,0.4509,18.9,CMEMS,2026-07-27
32.25,-77.41666,0.18298,0.33887,0.3851,28.4,CMEMS,2026-07-27
32.25,-77.33333,0.23653,0.44226,0.5015,28.1,CMEMS,2026-07-27
32.25,-77.25,0.31509,0.72401,0.7896,23.5,CMEMS,2026-07-27
32.25,-77.16666,0.39339,0.89299,0.9758,23.8,CMEMS,2026-07-27
32.25,-77.08333,0.41548,0.86873,0.963,25.6,CMEMS,2026-07-27
32.25,-77.0,0.39491,0.77319,0.8682,27.1,CMEMS,2026-07-27
32.25,-76.91666,0.36378,0.67108,0.7633,28.5,CMEMS,2026-07-27
32.25,-76.83333,0.33078,0.56798,0.6573,30.2,CMEMS,2026-07-27
32.25,-76.75,0.29871,0.46306,0.5511,32.8,CMEMS,2026-07-27
32.25,-76.66666,0.26466,0.35824,0.4454,36.5,CMEMS,2026-07-27
32.25,-76.58333,0.2276,0.25795,0.344,41.4,CMEMS,2026-07-27
32.25,-76.5,0.19324,0.15579,0.2482,51.1,CMEMS,2026-07-27
32.25,-76.41666,0.16663,0.03831,0.171,77.1,CMEMS,2026-07-27
32.25,-76.33333,0.14309,-0.08488,0.1664,120.7,CMEMS,2026-07-27
32.25,-76.25,0.12073,-0.18636,0.2221,147.1,CMEMS,2026-07-27
32.25,-76.16666,0.10972,-0.25821,0.2806,157.0,CMEMS,2026-07-27
32.25,-76.08333,0.11207,-0.29393,0.3146,159.1,CMEMS,2026-07-27
32.25,-76.0,0.11655,-0.29536,0.3175,158.5,CMEMS,2026-07-27
32.25,-75.91666,0.09766,-0.31057,0.3256,162.5,CMEMS,2026-07-27
32.25,-75.83333,0.0469,-0.39184,0.3946,173.2,CMEMS,2026-07-27
32.25,-75.75,-0.03036,-0.55859,0.5594,183.1,CMEMS,2026-07-27
32.25,-75.66666,-0.12125,-0.79361,0.8028,188.7,CMEMS,2026-07-27
32.25,-75.58333,-0.21451,-1.05252,1.0742,191.5,CMEMS,2026-07-27
32.25,-75.5,-0.30585,-1.27224,1.3085,193.5,CMEMS,2026-07-27
32.25,-75.41666,-0.3339,-1.35393,1.3945,193.9,CMEMS,2026-07-27
32.25,-75.33333,-0.25745,-1.18775,1.2153,192.2,CMEMS,2026-07-27
32.25,-75.25,-0.16953,-0.80434,0.822,191.9,CMEMS,2026-07-27
32.33334,-80.41666,-0.04181,-0.04315,0.0601,224.1,CMEMS,2026-07-27
32.33334,-80.33333,-0.05932,-0.05104,0.0783,229.3,CMEMS,2026-07-27
32.33334,-80.25,-0.07357,-0.05213,0.0902,234.7,CMEMS,2026-07-27
32.33334,-80.16666,-0.0711,-0.03934,0.0813,241.0,CMEMS,2026-07-27
32.33334,-80.08333,-0.07577,-0.03827,0.0849,243.2,CMEMS,2026-07-27
32.33334,-80.0,-0.08007,-0.04404,0.0914,241.2,CMEMS,2026-07-27
32.33334,-79.91666,-0.07936,-0.04208,0.0898,242.1,CMEMS,2026-07-27
32.33334,-79.83333,-0.06722,-0.03328,0.075,243.7,CMEMS,2026-07-27
32.33334,-79.75,-0.03478,-0.01602,0.0383,245.3,CMEMS,2026-07-27
32.33334,-79.66666,0.00668,0.00035,0.0067,87.0,CMEMS,2026-07-27
32.33334,-79.58333,0.03206,0.01764,0.0366,61.2,CMEMS,2026-07-27
32.33334,-79.5,0.03581,0.03301,0.0487,47.3,CMEMS,2026-07-27
32.33334,-79.41666,0.02119,0.04195,0.047,26.8,CMEMS,2026-07-27
32.33334,-79.33333,0.00449,0.03175,0.0321,8.0,CMEMS,2026-07-27
32.33334,-79.25,-0.01452,0.00889,0.017,301.5,CMEMS,2026-07-27
32.33334,-79.16666,-0.03376,-0.01235,0.036,249.9,CMEMS,2026-07-27
32.33334,-79.08333,-0.06273,-0.05205,0.0815,230.3,CMEMS,2026-07-27
32.33334,-79.0,-0.12079,-0.12166,0.1714,224.8,CMEMS,2026-07-27
32.33334,-78.91666,-0.19236,-0.19763,0.2758,224.2,CMEMS,2026-07-27
32.33334,-78.83333,-0.26073,-0.23054,0.348,228.5,CMEMS,2026-07-27
32.33334,-78.75,-0.31013,-0.20854,0.3737,236.1,CMEMS,2026-07-27
32.33334,-78.66666,-0.36186,-0.15665,0.3943,246.6,CMEMS,2026-07-27
32.33334,-78.58333,-0.41222,-0.07256,0.4186,260.0,CMEMS,2026-07-27
32.33334,-78.5,-0.4457,0.04679,0.4481,276.0,CMEMS,2026-07-27
32.33334,-78.41666,-0.47182,0.2118,0.5172,294.2,CMEMS,2026-07-27
32.33334,-78.33333,-0.49513,0.42088,0.6498,310.4,CMEMS,2026-07-27
32.33334,-78.25,-0.51526,0.67255,0.8472,322.5,CMEMS,2026-07-27
32.33334,-78.16666,-0.48014,0.91383,1.0323,332.3,CMEMS,2026-07-27
32.33334,-78.08333,-0.38348,1.0967,1.1618,340.7,CMEMS,2026-07-27
32.33334,-78.0,-0.25364,1.16699,1.1942,347.7,CMEMS,2026-07-27
32.33334,-77.91666,-0.13223,1.09645,1.1044,353.1,CMEMS,2026-07-27
32.33334,-77.83333,-0.03145,0.93112,0.9317,358.1,CMEMS,2026-07-27
32.33334,-77.75,0.04226,0.76555,0.7667,3.2,CMEMS,2026-07-27
32.33334,-77.66666,0.08355,0.64951,0.6549,7.3,CMEMS,2026-07-27
32.33334,-77.58333,0.12413,0.54473,0.5587,12.8,CMEMS,2026-07-27
32.33334,-77.5,0.14672,0.42157,0.4464,19.2,CMEMS,2026-07-27
32.33334,-77.41666,0.17489,0.31629,0.3614,28.9,CMEMS,2026-07-27
32.33334,-77.33333,0.23401,0.3713,0.4389,32.2,CMEMS,2026-07-27
32.33334,-77.25,0.34338,0.62866,0.7163,28.6,CMEMS,2026-07-27
32.33334,-77.16666,0.46577,0.83238,0.9538,29.2,CMEMS,2026-07-27
32.33334,-77.08333,0.53949,0.86993,1.0236,31.8,CMEMS,2026-07-27
32.33334,-77.0,0.55602,0.80916,0.9818,34.5,CMEMS,2026-07-27
32.33334,-76.91666,0.54084,0.71487,0.8964,37.1,CMEMS,2026-07-27
32.33334,-76.83333,0.51751,0.61187,0.8014,40.2,CMEMS,2026-07-27
32.33334,-76.75,0.49391,0.50571,0.7069,44.3,CMEMS,2026-07-27
32.33334,-76.66666,0.47076,0.39574,0.615,49.9,CMEMS,2026-07-27
32.33334,-76.58333,0.44662,0.28866,0.5318,57.1,CMEMS,2026-07-27
32.33334,-76.5,0.42222,0.18815,0.4622,66.0,CMEMS,2026-07-27
32.33334,-76.41666,0.40021,0.08206,0.4085,78.4,CMEMS,2026-07-27
32.33334,-76.33333,0.37931,-0.03643,0.3811,95.5,CMEMS,2026-07-27
32.33334,-76.25,0.35057,-0.15309,0.3825,113.6,CMEMS,2026-07-27
32.33334,-76.16666,0.32058,-0.24313,0.4024,127.2,CMEMS,2026-07-27
32.33334,-76.08333,0.29178,-0.28798,0.41,134.6,CMEMS,2026-07-27
32.33334,-76.0,0.26014,-0.28279,0.3842,137.4,CMEMS,2026-07-27
32.33334,-75.91666,0.21616,-0.26909,0.3452,141.2,CMEMS,2026-07-27
32.33334,-75.83333,0.1516,-0.31226,0.3471,154.1,CMEMS,2026-07-27
32.33334,-75.75,0.06625,-0.44411,0.449,171.5,CMEMS,2026-07-27
32.33334,-75.66666,-0.03361,-0.65672,0.6576,182.9,CMEMS,2026-07-27
32.33334,-75.58333,-0.13184,-0.91514,0.9246,188.2,CMEMS,2026-07-27
32.33334,-75.5,-0.2357,-1.16805,1.1916,191.4,CMEMS,2026-07-27
32.33334,-75.41666,-0.30945,-1.32841,1.364,193.1,CMEMS,2026-07-27
32.33334,-75.33333,-0.28144,-1.26635,1.2973,192.5,CMEMS,2026-07-27
32.33334,-75.25,-0.19593,-0.92014,0.9408,192.0,CMEMS,2026-07-27
32.41667,-80.41666,-0.02084,-0.03404,0.0399,211.5,CMEMS,2026-07-27
32.41667,-80.33333,-0.02969,-0.03317,0.0445,221.8,CMEMS,2026-07-27
32.41667,-80.25,-0.06441,-0.0376,0.0746,239.7,CMEMS,2026-07-27
32.41667,-80.16666,-0.08236,-0.03356,0.0889,247.8,CMEMS,2026-07-27
32.41667,-80.08333,-0.09597,-0.03281,0.1014,251.1,CMEMS,2026-07-27
32.41667,-80.0,-0.0943,-0.04495,0.1045,244.5,CMEMS,2026-07-27
32.41667,-79.91666,-0.09262,-0.0468,0.1038,243.2,CMEMS,2026-07-27
32.41667,-79.83333,-0.08723,-0.04895,0.1,240.7,CMEMS,2026-07-27
32.41667,-79.75,-0.07503,-0.05095,0.0907,235.8,CMEMS,2026-07-27
32.41667,-79.66666,-0.04627,-0.04218,0.0626,227.6,CMEMS,2026-07-27
32.41667,-79.58333,-0.01757,-0.01507,0.0231,229.4,CMEMS,2026-07-27
32.41667,-79.5,0.00393,0.01906,0.0195,11.7,CMEMS,2026-07-27
32.41667,-79.41666,0.01921,0.04733,0.0511,22.1,CMEMS,2026-07-27
32.41667,-79.33333,0.02502,0.05703,0.0623,23.7,CMEMS,2026-07-27
32.41667,-79.25,0.0258,0.04506,0.0519,29.8,CMEMS,2026-07-27
32.41667,-79.16666,0.00828,0.02142,0.023,21.1,CMEMS,2026-07-27
32.41667,-79.08333,-0.01911,-0.00385,0.0195,258.6,CMEMS,2026-07-27
32.41667,-79.0,-0.06044,-0.03676,0.0707,238.7,CMEMS,2026-07-27
32.41667,-78.91666,-0.11508,-0.08178,0.1412,234.6,CMEMS,2026-07-27
32.41667,-78.83333,-0.18373,-0.11846,0.2186,237.2,CMEMS,2026-07-27
32.41667,-78.75,-0.23895,-0.10649,0.2616,246.0,CMEMS,2026-07-27
32.41667,-78.66666,-0.28784,-0.05103,0.2923,259.9,CMEMS,2026-07-27
32.41667,-78.58333,-0.33937,0.03135,0.3408,275.3,CMEMS,2026-07-27
32.41667,-78.5,-0.37507,0.15684,0.4065,292.7,CMEMS,2026-07-27
32.41667,-78.41666,-0.39867,0.33036,0.5178,309.6,CMEMS,2026-07-27
32.41667,-78.33333,-0.41386,0.54677,0.6857,322.9,CMEMS,2026-07-27
32.41667,-78.25,-0.42242,0.77663,0.8841,331.5,CMEMS,2026-07-27
32.41667,-78.16666,-0.37504,0.97781,1.0473,339.0,CMEMS,2026-07-27
32.41667,-78.08333,-0.27755,1.10458,1.1389,345.9,CMEMS,2026-07-27
32.41667,-78.0,-0.15616,1.12573,1.1365,352.1,CMEMS,2026-07-27
32.41667,-77.91666,-0.05174,1.0395,1.0408,357.2,CMEMS,2026-07-27
32.41667,-77.83333,0.03353,0.89541,0.896,2.1,CMEMS,2026-07-27
32.41667,-77.75,0.09592,0.75925,0.7653,7.2,CMEMS,2026-07-27
32.41667,-77.66666,0.13147,0.65926,0.6722,11.3,CMEMS,2026-07-27
32.41667,-77.58333,0.16133,0.55246,0.5755,16.3,CMEMS,2026-07-27
32.41667,-77.5,0.16751,0.42211,0.4541,21.6,CMEMS,2026-07-27
32.41667,-77.41666,0.16983,0.30784,0.3516,28.9,CMEMS,2026-07-27
32.41667,-77.33333,0.21484,0.28147,0.3541,37.4,CMEMS,2026-07-27
32.41667,-77.25,0.32806,0.46273,0.5672,35.3,CMEMS,2026-07-27
32.41667,-77.16666,0.4834,0.69357,0.8454,34.9,CMEMS,2026-07-27
32.41667,-77.08333,0.61383,0.80768,1.0145,37.2,CMEMS,2026-07-27
32.41667,-77.0,0.68389,0.805,1.0563,40.3,CMEMS,2026-07-27
32.41667,-76.91666,0.70545,0.73777,1.0208,43.7,CMEMS,2026-07-27
32.41667,-76.83333,0.70081,0.64543,0.9527,47.4,CMEMS,2026-07-27
32.41667,-76.75,0.68408,0.54405,0.874,51.5,CMEMS,2026-07-27
32.41667,-76.66666,0.66466,0.43692,0.7954,56.7,CMEMS,2026-07-27
32.41667,-76.58333,0.64511,0.32705,0.7233,63.1,CMEMS,2026-07-27
32.41667,-76.5,0.62522,0.2176,0.662,70.8,CMEMS,2026-07-27
32.41667,-76.41666,0.60584,0.10938,0.6156,79.8,CMEMS,2026-07-27
32.41667,-76.33333,0.58524,-0.00244,0.5852,90.2,CMEMS,2026-07-27
32.41667,-76.25,0.55747,-0.11282,0.5688,101.4,CMEMS,2026-07-27
32.41667,-76.16666,0.52018,-0.20203,0.558,111.2,CMEMS,2026-07-27
32.41667,-76.08333,0.47203,-0.24453,0.5316,117.4,CMEMS,2026-07-27
32.41667,-76.0,0.40891,-0.23302,0.4706,119.7,CMEMS,2026-07-27
32.41667,-75.91666,0.33433,-0.20004,0.3896,120.9,CMEMS,2026-07-27
32.41667,-75.83333,0.25084,-0.21443,0.33,130.5,CMEMS,2026-07-27
32.41667,-75.75,0.15524,-0.32039,0.356,154.1,CMEMS,2026-07-27
32.41667,-75.66666,0.04635,-0.51527,0.5173,174.9,CMEMS,2026-07-27
32.41667,-75.58333,-0.05653,-0.76983,0.7719,184.2,CMEMS,2026-07-27
32.41667,-75.5,-0.1615,-1.04098,1.0534,188.8,CMEMS,2026-07-27
32.41667,-75.41666,-0.263,-1.25802,1.2852,191.8,CMEMS,2026-07-27
32.41667,-75.33333,-0.28856,-1.29458,1.3263,192.6,CMEMS,2026-07-27
32.41667,-75.25,-0.22099,-1.01953,1.0432,192.2,CMEMS,2026-07-27
32.5,-80.33333,-0.02542,-0.03103,0.0401,219.3,CMEMS,2026-07-27
32.5,-80.25,-0.03764,-0.02727,0.0465,234.1,CMEMS,2026-07-27
32.5,-80.16666,-0.04953,-0.02714,0.0565,241.3,CMEMS,2026-07-27
32.5,-80.08333,-0.07849,-0.03342,0.0853,246.9,CMEMS,2026-07-27
32.5,-80.0,-0.09241,-0.04054,0.1009,246.3,CMEMS,2026-07-27
32.5,-79.91666,-0.09954,-0.05459,0.1135,241.3,CMEMS,2026-07-27
32.5,-79.83333,-0.08513,-0.07016,0.1103,230.5,CMEMS,2026-07-27
32.5,-79.75,-0.08144,-0.06159,0.1021,232.9,CMEMS,2026-07-27
32.5,-79.66666,-0.0766,-0.05915,0.0968,232.3,CMEMS,2026-07-27
32.5,-79.58333,-0.06175,-0.04067,0.0739,236.6,CMEMS,2026-07-27
32.5,-79.5,-0.03832,-0.00605,0.0388,261.0,CMEMS,2026-07-27
32.5,-79.41666,0.00086,0.02153,0.0215,2.3,CMEMS,2026-07-27
32.5,-79.33333,0.03316,0.04447,0.0555,36.7,CMEMS,2026-07-27
32.5,-79.25,0.05493,0.05362,0.0768,45.7,CMEMS,2026-07-27
32.5,-79.16666,0.05674,0.04884,0.0749,49.3,CMEMS,2026-07-27
32.5,-79.08333,0.04244,0.03538,0.0552,50.2,CMEMS,2026-07-27
32.5,-79.0,0.01123,0.02112,0.0239,28.0,CMEMS,2026-07-27
32.5,-78.91666,-0.03754,0.00882,0.0386,283.2,CMEMS,2026-07-27
32.5,-78.83333,-0.0963,-0.01114,0.0969,263.4,CMEMS,2026-07-27
32.5,-78.75,-0.1463,-0.01061,0.1467,265.9,CMEMS,2026-07-27
32.5,-78.66666,-0.18434,0.04443,0.1896,283.6,CMEMS,2026-07-27
32.5,-78.58333,-0.21875,0.13709,0.2582,302.1,CMEMS,2026-07-27
32.5,-78.5,-0.23729,0.24757,0.3429,316.2,CMEMS,2026-07-27
32.5,-78.41666,-0.25021,0.42419,0.4925,329.5,CMEMS,2026-07-27
32.5,-78.33333,-0.25506,0.63863,0.6877,338.2,CMEMS,2026-07-27
32.5,-78.25,-0.24461,0.84473,0.8794,343.9,CMEMS,2026-07-27
32.5,-78.16666,-0.19707,1.01266,1.0317,349.0,CMEMS,2026-07-27
32.5,-78.08333,-0.10627,1.09698,1.1021,354.5,CMEMS,2026-07-27
32.5,-78.0,-0.0067,1.08843,1.0884,359.6,CMEMS,2026-07-27
32.5,-77.91666,0.07674,0.99649,0.9994,4.4,CMEMS,2026-07-27
32.5,-77.83333,0.14396,0.86512,0.877,9.4,CMEMS,2026-07-27
32.5,-77.75,0.19085,0.74531,0.7694,14.4,CMEMS,2026-07-27
32.5,-77.66666,0.21407,0.65521,0.6893,18.1,CMEMS,2026-07-27
32.5,-77.58333,0.22222,0.55661,0.5993,21.8,CMEMS,2026-07-27
32.5,-77.5,0.21777,0.44134,0.4921,26.3,CMEMS,2026-07-27
32.5,-77.41666,0.19856,0.33537,0.3897,30.6,CMEMS,2026-07-27
32.5,-77.33333,0.19811,0.25899,0.3261,37.4,CMEMS,2026-07-27
32.5,-77.25,0.27178,0.29667,0.4023,42.5,CMEMS,2026-07-27
32.5,-77.16666,0.42881,0.46835,0.635,42.5,CMEMS,2026-07-27
32.5,-77.08333,0.60021,0.63631,0.8747,43.3,CMEMS,2026-07-27
32.5,-77.0,0.73006,0.71963,1.0251,45.4,CMEMS,2026-07-27
32.5,-76.91666,0.8072,0.72028,1.0818,48.3,CMEMS,2026-07-27
32.5,-76.83333,0.84036,0.66505,1.0717,51.6,CMEMS,2026-07-27
32.5,-76.75,0.8451,0.57933,1.0246,55.6,CMEMS,2026-07-27
32.5,-76.66666,0.83575,0.47758,0.9626,60.3,CMEMS,2026-07-27
32.5,-76.58333,0.82156,0.36789,0.9002,65.9,CMEMS,2026-07-27
32.5,-76.5,0.80376,0.25576,0.8435,72.3,CMEMS,2026-07-27
32.5,-76.41666,0.78481,0.14408,0.7979,79.6,CMEMS,2026-07-27
32.5,-76.33333,0.76017,0.03354,0.7609,87.5,CMEMS,2026-07-27
32.5,-76.25,0.72053,-0.06795,0.7237,95.4,CMEMS,2026-07-27
32.5,-76.16666,0.66359,-0.13961,0.6781,101.9,CMEMS,2026-07-27
32.5,-76.08333,0.59184,-0.15973,0.613,105.1,CMEMS,2026-07-27
32.5,-76.0,0.50575,-0.13238,0.5228,104.7,CMEMS,2026-07-27
32.5,-75.91666,0.41275,-0.08917,0.4223,102.2,CMEMS,2026-07-27
32.5,-75.83333,0.32058,-0.08874,0.3326,105.5,CMEMS,2026-07-27
32.5,-75.75,0.22178,-0.1765,0.2834,128.5,CMEMS,2026-07-27
32.5,-75.66666,0.11145,-0.35379,0.3709,162.5,CMEMS,2026-07-27
32.5,-75.58333,0.00874,-0.59877,0.5988,179.2,CMEMS,2026-07-27
32.5,-75.5,-0.09168,-0.87825,0.883,186.0,CMEMS,2026-07-27
32.5,-75.41666,-0.20101,-1.13711,1.1547,190.0,CMEMS,2026-07-27
32.5,-75.33333,-0.27104,-1.27278,1.3013,192.0,CMEMS,2026-07-27
32.5,-75.25,-0.23489,-1.11418,1.1387,191.9,CMEMS,2026-07-27
32.58334,-80.0,-0.02841,-0.04343,0.0519,213.2,CMEMS,2026-07-27
32.58334,-79.91666,-0.0507,-0.04635,0.0687,227.6,CMEMS,2026-07-27
32.58334,-79.83333,-0.0779,-0.05566,0.0957,234.5,CMEMS,2026-07-27
32.58334,-79.75,-0.08221,-0.06332,0.1038,232.4,CMEMS,2026-07-27
32.58334,-79.66666,-0.07948,-0.06273,0.1013,231.7,CMEMS,2026-07-27
32.58334,-79.58333,-0.08277,-0.05041,0.0969,238.7,CMEMS,2026-07-27
32.58334,-79.5,-0.07345,-0.03259,0.0804,246.1,CMEMS,2026-07-27
32.58334,-79.41666,-0.04077,-0.02144,0.0461,242.3,CMEMS,2026-07-27
32.58334,-79.33333,0.00549,-0.00333,0.0064,121.2,CMEMS,2026-07-27
32.58334,-79.25,0.04607,0.01863,0.0497,68.0,CMEMS,2026-07-27
32.58334,-79.16666,0.07179,0.03982,0.0821,61.0,CMEMS,2026-07-27
32.58334,-79.08333,0.08274,0.04964,0.0965,59.0,CMEMS,2026-07-27
32.58334,-79.0,0.07725,0.05995,0.0978,52.2,CMEMS,2026-07-27
32.58334,-78.91666,0.05233,0.06976,0.0872,36.9,CMEMS,2026-07-27
32.58334,-78.83333,0.00875,0.07647,0.077,6.5,CMEMS,2026-07-27
32.58334,-78.75,-0.04156,0.07093,0.0822,329.6,CMEMS,2026-07-27
32.58334,-78.66666,-0.07447,0.086,0.1138,319.1,CMEMS,2026-07-27
32.58334,-78.58333,-0.07452,0.18621,0.2006,338.2,CMEMS,2026-07-27
32.58334,-78.5,-0.05786,0.3108,0.3161,349.5,CMEMS,2026-07-27
32.58334,-78.41666,-0.03722,0.45067,0.4522,355.3,CMEMS,2026-07-27
32.58334,-78.33333,-0.01439,0.64183,0.642,358.7,CMEMS,2026-07-27
32.58334,-78.25,0.0185,0.83987,0.8401,1.3,CMEMS,2026-07-27
32.58334,-78.16666,0.0681,0.99848,1.0008,3.9,CMEMS,2026-07-27
32.58334,-78.08333,0.14268,1.0732,1.0826,7.6,CMEMS,2026-07-27
32.58334,-78.0,0.22119,1.06061,1.0834,11.8,CMEMS,2026-07-27
32.58334,-77.91666,0.27891,0.98281,1.0216,15.8,CMEMS,2026-07-27
32.58334,-77.83333,0.32257,0.86859,0.9265,20.4,CMEMS,2026-07-27
32.58334,-77.75,0.33831,0.75232,0.8249,24.2,CMEMS,2026-07-27
32.58334,-77.66666,0.33514,0.65319,0.7342,27.2,CMEMS,2026-07-27
32.58334,-77.58333,0.33042,0.56206,0.652,30.5,CMEMS,2026-07-27
32.58334,-77.5,0.32295,0.47092,0.571,34.4,CMEMS,2026-07-27
32.58334,-77.41666,0.29004,0.38288,0.4803,37.1,CMEMS,2026-07-27
32.58334,-77.33333,0.24607,0.30263,0.39,39.1,CMEMS,2026-07-27
32.58334,-77.25,0.23969,0.25231,0.348,43.5,CMEMS,2026-07-27
32.58334,-77.16666,0.32105,0.28778,0.4312,48.1,CMEMS,2026-07-27
32.58334,-77.08333,0.47475,0.40594,0.6246,49.5,CMEMS,2026-07-27
32.58334,-77.0,0.64102,0.52642,0.8295,50.6,CMEMS,2026-07-27
32.58334,-76.91666,0.77479,0.59451,0.9766,52.5,CMEMS,2026-07-27
32.58334,-76.83333,0.86269,0.60168,1.0518,55.1,CMEMS,2026-07-27
32.58334,-76.75,0.91139,0.56093,1.0702,58.4,CMEMS,2026-07-27
32.58334,-76.66666,0.93598,0.49147,1.0572,62.3,CMEMS,2026-07-27
32.58334,-76.58333,0.94421,0.40361,1.0269,66.9,CMEMS,2026-07-27
32.58334,-76.5,0.93531,0.303,0.9832,72.1,CMEMS,2026-07-27
32.58334,-76.41666,0.91184,0.19724,0.9329,77.8,CMEMS,2026-07-27
32.58334,-76.33333,0.87011,0.09425,0.8752,83.8,CMEMS,2026-07-27
32.58334,-76.25,0.80273,0.0089,0.8028,89.4,CMEMS,2026-07-27
32.58334,-76.16666,0.71648,-0.03697,0.7174,93.0,CMEMS,2026-07-27
32.58334,-76.08333,0.62346,-0.03543,0.6245,93.3,CMEMS,2026-07-27
32.58334,-76.0,0.52705,-0.00093,0.5271,90.1,CMEMS,2026-07-27
32.58334,-75.91666,0.43391,0.03777,0.4356,85.0,CMEMS,2026-07-27
32.58334,-75.83333,0.34875,0.0365,0.3507,84.0,CMEMS,2026-07-27
32.58334,-75.75,0.25845,-0.04048,0.2616,98.9,CMEMS,2026-07-27
32.58334,-75.66666,0.15713,-0.19887,0.2535,141.7,CMEMS,2026-07-27
32.58334,-75.58333,0.05779,-0.43016,0.434,172.3,CMEMS,2026-07-27
32.58334,-75.5,-0.03938,-0.70699,0.7081,183.2,CMEMS,2026-07-27
32.58334,-75.41666,-0.14441,-0.98642,0.9969,188.3,CMEMS,2026-07-27
32.58334,-75.33333,-0.23711,-1.19635,1.2196,191.2,CMEMS,2026-07-27
32.58334,-75.25,-0.23996,-1.17604,1.2003,191.5,CMEMS,2026-07-27
32.66667,-79.83333,-0.0264,-0.01099,0.0286,247.4,CMEMS,2026-07-27
32.66667,-79.75,-0.06964,-0.05168,0.0867,233.4,CMEMS,2026-07-27
32.66667,-79.66666,-0.08646,-0.05337,0.1016,238.3,CMEMS,2026-07-27
32.66667,-79.58333,-0.09723,-0.0444,0.1069,245.5,CMEMS,2026-07-27
32.66667,-79.5,-0.09488,-0.04278,0.1041,245.7,CMEMS,2026-07-27
32.66667,-79.41666,-0.08114,-0.0399,0.0904,243.8,CMEMS,2026-07-27
32.66667,-79.33333,-0.0564,-0.03108,0.0644,241.1,CMEMS,2026-07-27
32.66667,-79.25,-0.02256,-0.01328,0.0262,239.5,CMEMS,2026-07-27
32.66667,-79.16666,0.01057,0.00609,0.0122,60.0,CMEMS,2026-07-27
32.66667,-79.08333,0.04164,0.02768,0.05,56.4,CMEMS,2026-07-27
32.66667,-79.0,0.06582,0.05623,0.0866,49.5,CMEMS,2026-07-27
32.66667,-78.91666,0.08144,0.09022,0.1215,42.1,CMEMS,2026-07-27
32.66667,-78.83333,0.08763,0.12222,0.1504,35.6,CMEMS,2026-07-27
32.66667,-78.75,0.07839,0.14339,0.1634,28.7,CMEMS,2026-07-27
32.66667,-78.66666,0.04621,0.14651,0.1536,17.5,CMEMS,2026-07-27
32.66667,-78.58333,0.04211,0.16541,0.1707,14.3,CMEMS,2026-07-27
32.66667,-78.5,0.07952,0.28126,0.2923,15.8,CMEMS,2026-07-27
32.66667,-78.41666,0.14449,0.4313,0.4549,18.5,CMEMS,2026-07-27
32.66667,-78.33333,0.22626,0.60299,0.644,20.6,CMEMS,2026-07-27
32.66667,-78.25,0.29924,0.78489,0.84,20.9,CMEMS,2026-07-27
32.66667,-78.16666,0.3658,0.93541,1.0044,21.4,CMEMS,2026-07-27
32.66667,-78.08333,0.43534,1.01167,1.1014,23.3,CMEMS,2026-07-27
32.66667,-78.0,0.50665,1.01679,1.136,26.5,CMEMS,2026-07-27
32.66667,-77.91666,0.54921,0.96775,1.1127,29.6,CMEMS,2026-07-27
32.66667,-77.83333,0.55737,0.87593,1.0382,32.5,CMEMS,2026-07-27
32.66667,-77.75,0.52949,0.76189,0.9278,34.8,CMEMS,2026-07-27
32.66667,-77.66666,0.49941,0.66107,0.8285,37.1,CMEMS,2026-07-27
32.66667,-77.58333,0.49289,0.5825,0.7631,40.2,CMEMS,2026-07-27
32.66667,-77.5,0.4936,0.51459,0.7131,43.8,CMEMS,2026-07-27
32.66667,-77.41666,0.46276,0.44614,0.6428,46.0,CMEMS,2026-07-27
32.66667,-77.33333,0.40187,0.38121,0.5539,46.5,CMEMS,2026-07-27
32.66667,-77.25,0.34429,0.31817,0.4688,47.3,CMEMS,2026-07-27
32.66667,-77.16666,0.31876,0.27516,0.4211,49.2,CMEMS,2026-07-27
32.66667,-77.08333,0.34773,0.28371,0.4488,50.8,CMEMS,2026-07-27
32.66667,-77.0,0.43539,0.34489,0.5554,51.6,CMEMS,2026-07-27
32.66667,-76.91666,0.55705,0.42044,0.6979,53.0,CMEMS,2026-07-27
32.66667,-76.83333,0.67884,0.47363,0.8277,55.1,CMEMS,2026-07-27
32.66667,-76.75,0.77864,0.48966,0.9198,57.8,CMEMS,2026-07-27
32.66667,-76.66666,0.8471,0.46552,0.9666,61.2,CMEMS,2026-07-27
32.66667,-76.58333,0.88011,0.40495,0.9688,65.3,CMEMS,2026-07-27
32.66667,-76.5,0.88193,0.32297,0.9392,69.9,CMEMS,2026-07-27
32.66667,-76.41666,0.85719,0.23828,0.8897,74.5,CMEMS,2026-07-27
32.66667,-76.33333,0.80314,0.16214,0.8193,78.6,CMEMS,2026-07-27
32.66667,-76.25,0.72394,0.10653,0.7317,81.6,CMEMS,2026-07-27
32.66667,-76.16666,0.63771,0.08535,0.6434,82.4,CMEMS,2026-07-27
32.66667,-76.08333,0.5584,0.09619,0.5666,80.2,CMEMS,2026-07-27
32.66667,-76.0,0.48432,0.12225,0.4995,75.8,CMEMS,2026-07-27
32.66667,-75.91666,0.41615,0.1441,0.4404,70.9,CMEMS,2026-07-27
32.66667,-75.83333,0.35418,0.1338,0.3786,69.3,CMEMS,2026-07-27
32.66667,-75.75,0.28569,0.06283,0.2925,77.6,CMEMS,2026-07-27
32.66667,-75.66666,0.19962,-0.07664,0.2138,111.0,CMEMS,2026-07-27
32.66667,-75.58333,0.10728,-0.28989,0.3091,159.7,CMEMS,2026-07-27
32.66667,-75.5,0.01641,-0.55584,0.5561,178.3,CMEMS,2026-07-27
32.66667,-75.41666,-0.0787,-0.8378,0.8415,185.4,CMEMS,2026-07-27
32.66667,-75.33333,-0.17692,-1.0865,1.1008,189.2,CMEMS,2026-07-27
32.66667,-75.25,-0.22173,-1.18402,1.2046,190.6,CMEMS,2026-07-27
32.75,-79.83333,-0.00511,-0.02436,0.0249,191.8,CMEMS,2026-07-27
32.75,-79.75,-0.00402,-0.03166,0.0319,187.2,CMEMS,2026-07-27
32.75,-79.66666,-0.05284,-0.01871,0.0561,250.5,CMEMS,2026-07-27
32.75,-79.58333,-0.08674,-0.0182,0.0886,258.1,CMEMS,2026-07-27
32.75,-79.5,-0.09087,-0.04692,0.1023,242.7,CMEMS,2026-07-27
32.75,-79.41666,-0.0956,-0.04531,0.1058,244.6,CMEMS,2026-07-27
32.75,-79.33333,-0.10706,-0.03784,0.1136,250.5,CMEMS,2026-07-27
32.75,-79.25,-0.09584,-0.03057,0.1006,252.3,CMEMS,2026-07-27
32.75,-79.16666,-0.08068,-0.01403,0.0819,260.1,CMEMS,2026-07-27
32.75,-79.08333,-0.05659,0.00317,0.0567,273.2,CMEMS,2026-07-27
32.75,-79.0,-0.02405,0.02923,0.0379,320.6,CMEMS,2026-07-27
32.75,-78.91666,0.01871,0.06298,0.0657,16.5,CMEMS,2026-07-27
32.75,-78.83333,0.07212,0.09939,0.1228,36.0,CMEMS,2026-07-27
32.75,-78.75,0.12093,0.14219,0.1867,40.4,CMEMS,2026-07-27
32.75,-78.66666,0.14771,0.18173,0.2342,39.1,CMEMS,2026-07-27
32.75,-78.58333,0.14413,0.19715,0.2442,36.2,CMEMS,2026-07-27
32.75,-78.5,0.15078,0.22556,0.2713,33.8,CMEMS,2026-07-27
32.75,-78.41666,0.22302,0.31319,0.3845,35.5,CMEMS,2026-07-27
32.75,-78.33333,0.3529,0.45805,0.5782,37.6,CMEMS,2026-07-27
32.75,-78.25,0.4769,0.62885,0.7892,37.2,CMEMS,2026-07-27
32.75,-78.16666,0.58493,0.7875,0.981,36.6,CMEMS,2026-07-27
32.75,-78.08333,0.6872,0.88628,1.1215,37.8,CMEMS,2026-07-27
32.75,-78.0,0.76975,0.91764,1.1977,40.0,CMEMS,2026-07-27
32.75,-77.91666,0.80928,0.88997,1.2029,42.3,CMEMS,2026-07-27
32.75,-77.83333,0.80256,0.82205,1.1489,44.3,CMEMS,2026-07-27
32.75,-77.75,0.76339,0.73926,1.0627,45.9,CMEMS,2026-07-27
32.75,-77.66666,0.72434,0.669,0.986,47.3,CMEMS,2026-07-27
32.75,-77.58333,0.70856,0.61324,0.9371,49.1,CMEMS,2026-07-27
32.75,-77.5,0.70012,0.55769,0.8951,51.5,CMEMS,2026-07-27
32.75,-77.41666,0.66253,0.49405,0.8265,53.3,CMEMS,2026-07-27
32.75,-77.33333,0.60442,0.43222,0.7431,54.4,CMEMS,2026-07-27
32.75,-77.25,0.55086,0.38042,0.6695,55.4,CMEMS,2026-07-27
32.75,-77.16666,0.49592,0.3355,0.5987,55.9,CMEMS,2026-07-27
32.75,-77.08333,0.43633,0.30276,0.5311,55.2,CMEMS,2026-07-27
32.75,-77.0,0.40335,0.2966,0.5007,53.7,CMEMS,2026-07-27
32.75,-76.91666,0.42482,0.32492,0.5348,52.6,CMEMS,2026-07-27
32.75,-76.83333,0.49008,0.37073,0.6145,52.9,CMEMS,2026-07-27
32.75,-76.75,0.56791,0.4027,0.6962,54.7,CMEMS,2026-07-27
32.75,-76.66666,0.63115,0.40487,0.7498,57.3,CMEMS,2026-07-27
32.75,-76.58333,0.67118,0.37851,0.7706,60.6,CMEMS,2026-07-27
32.75,-76.5,0.68583,0.3362,0.7638,63.9,CMEMS,2026-07-27
32.75,-76.41666,0.66905,0.28505,0.7272,66.9,CMEMS,2026-07-27
32.75,-76.33333,0.62238,0.23429,0.665,69.4,CMEMS,2026-07-27
32.75,-76.25,0.55855,0.1983,0.5927,70.5,CMEMS,2026-07-27
32.75,-76.16666,0.49645,0.18055,0.5283,70.0,CMEMS,2026-07-27
32.75,-76.08333,0.44606,0.17773,0.4802,68.3,CMEMS,2026-07-27
32.75,-76.0,0.40534,0.18826,0.4469,65.1,CMEMS,2026-07-27
32.75,-75.91666,0.37385,0.20264,0.4252,61.5,CMEMS,2026-07-27
32.75,-75.83333,0.34385,0.19259,0.3941,60.7,CMEMS,2026-07-27
32.75,-75.75,0.30214,0.13208,0.3297,66.4,CMEMS,2026-07-27
32.75,-75.66666,0.22998,0.01345,0.2304,86.7,CMEMS,2026-07-27
32.75,-75.58333,0.14948,-0.1773,0.2319,139.9,CMEMS,2026-07-27
32.75,-75.5,0.06997,-0.43289,0.4385,170.8,CMEMS,2026-07-27
32.75,-75.41666,-0.01366,-0.71196,0.7121,181.1,CMEMS,2026-07-27
32.75,-75.33333,-0.1064,-0.97493,0.9807,186.2,CMEMS,2026-07-27
32.75,-75.25,-0.18182,-1.14746,1.1618,189.0,CMEMS,2026-07-27
32.83334,-79.66666,0.00897,0.01801,0.0201,26.5,CMEMS,2026-07-27
32.83334,-79.58333,-0.00561,0.02418,0.0248,346.9,CMEMS,2026-07-27
32.83334,-79.5,-0.05099,0.00547,0.0513,276.1,CMEMS,2026-07-27
32.83334,-79.41666,-0.07703,-0.02852,0.0821,249.7,CMEMS,2026-07-27
32.83334,-79.33333,-0.09985,-0.02615,0.1032,255.3,CMEMS,2026-07-27
32.83334,-79.25,-0.10615,-0.0451,0.1153,247.0,CMEMS,2026-07-27
32.83334,-79.16666,-0.1162,-0.02811,0.1196,256.4,CMEMS,2026-07-27
32.83334,-79.08333,-0.10347,-0.02154,0.1057,258.2,CMEMS,2026-07-27
32.83334,-79.0,-0.07449,-0.00178,0.0745,268.6,CMEMS,2026-07-27
32.83334,-78.91666,-0.04005,0.02409,0.0467,301.0,CMEMS,2026-07-27
32.83334,-78.83333,0.0036,0.04254,0.0427,4.8,CMEMS,2026-07-27
32.83334,-78.75,0.05725,0.07286,0.0927,38.2,CMEMS,2026-07-27
32.83334,-78.66666,0.12024,0.11794,0.1684,45.6,CMEMS,2026-07-27
32.83334,-78.58333,0.17001,0.16513,0.237,45.8,CMEMS,2026-07-27
32.83334,-78.5,0.20513,0.19953,0.2862,45.8,CMEMS,2026-07-27
32.83334,-78.41666,0.26152,0.23161,0.3493,48.5,CMEMS,2026-07-27
32.83334,-78.33333,0.3563,0.28604,0.4569,51.2,CMEMS,2026-07-27
32.83334,-78.25,0.48206,0.39547,0.6235,50.6,CMEMS,2026-07-27
32.83334,-78.16666,0.63306,0.55217,0.84,48.9,CMEMS,2026-07-27
32.83334,-78.08333,0.7947,0.68782,1.051,49.1,CMEMS,2026-07-27
32.83334,-78.0,0.914,0.76098,1.1893,50.2,CMEMS,2026-07-27
32.83334,-77.91666,0.97868,0.77256,1.2469,51.7,CMEMS,2026-07-27
32.83334,-77.83333,1.00016,0.75135,1.2509,53.1,CMEMS,2026-07-27
32.83334,-77.75,0.98922,0.71681,1.2216,54.1,CMEMS,2026-07-27
32.83334,-77.66666,0.9653,0.68255,1.1822,54.7,CMEMS,2026-07-27
32.83334,-77.58333,0.94607,0.64903,1.1473,55.5,CMEMS,2026-07-27
32.83334,-77.5,0.92084,0.60544,1.102,56.7,CMEMS,2026-07-27
32.83334,-77.41666,0.8764,0.55413,1.0369,57.7,CMEMS,2026-07-27
32.83334,-77.33333,0.82274,0.51042,0.9682,58.2,CMEMS,2026-07-27
32.83334,-77.25,0.78006,0.47501,0.9133,58.7,CMEMS,2026-07-27
32.83334,-77.16666,0.7342,0.44137,0.8567,59.0,CMEMS,2026-07-27
32.83334,-77.08333,0.66697,0.40868,0.7822,58.5,CMEMS,2026-07-27
32.83334,-77.0,0.59794,0.37616,0.7064,57.8,CMEMS,2026-07-27
32.83334,-76.91666,0.5532,0.34978,0.6545,57.7,CMEMS,2026-07-27
32.83334,-76.83333,0.53421,0.33759,0.6319,57.7,CMEMS,2026-07-27
32.83334,-76.75,0.53172,0.33887,0.6305,57.5,CMEMS,2026-07-27
32.83334,-76.66666,0.54097,0.34367,0.6409,57.6,CMEMS,2026-07-27
32.83334,-76.58333,0.55466,0.34347,0.6524,58.2,CMEMS,2026-07-27
32.83334,-76.5,0.56113,0.33396,0.653,59.2,CMEMS,2026-07-27
32.83334,-76.41666,0.54898,0.31648,0.6337,60.0,CMEMS,2026-07-27
32.83334,-76.33333,0.51869,0.29844,0.5984,60.1,CMEMS,2026-07-27
32.83334,-76.25,0.48065,0.28309,0.5578,59.5,CMEMS,2026-07-27
32.83334,-76.16666,0.43324,0.26906,0.51,58.2,CMEMS,2026-07-27
32.83334,-76.08333,0.38409,0.25085,0.4587,56.9,CMEMS,2026-07-27
32.83334,-76.0,0.3473,0.23466,0.4191,56.0,CMEMS,2026-07-27
32.83334,-75.91666,0.32565,0.23112,0.3993,54.6,CMEMS,2026-07-27
32.83334,-75.83333,0.31443,0.22396,0.386,54.5,CMEMS,2026-07-27
32.83334,-75.75,0.29139,0.18574,0.3456,57.5,CMEMS,2026-07-27
32.83334,-75.66666,0.23748,0.09865,0.2572,67.4,CMEMS,2026-07-27
32.83334,-75.58333,0.17709,-0.06544,0.1888,110.3,CMEMS,2026-07-27
32.83334,-75.5,0.11559,-0.30757,0.3286,159.4,CMEMS,2026-07-27
32.83334,-75.41666,0.04399,-0.58072,0.5824,175.7,CMEMS,2026-07-27
32.83334,-75.33333,-0.03854,-0.84957,0.8504,182.6,CMEMS,2026-07-27
32.83334,-75.25,-0.12953,-1.07525,1.083,186.9,CMEMS,2026-07-27
32.91667,-79.58333,0.00698,0.0263,0.0272,14.9,CMEMS,2026-07-27
32.91667,-79.5,0.006,0.03374,0.0343,10.1,CMEMS,2026-07-27
32.91667,-79.41666,-0.0111,0.02509,0.0274,336.1,CMEMS,2026-07-27
32.91667,-79.33333,-0.03546,0.00347,0.0356,275.6,CMEMS,2026-07-27
32.91667,-79.25,-0.06472,-0.0295,0.0711,245.5,CMEMS,2026-07-27
32.91667,-79.16666,-0.07647,-0.0215,0.0794,254.3,CMEMS,2026-07-27
32.91667,-79.08333,-0.06669,-0.04011,0.0778,239.0,CMEMS,2026-07-27
32.91667,-79.0,-0.05205,-0.03205,0.0611,238.4,CMEMS,2026-07-27
32.91667,-78.91666,-0.03163,-0.00021,0.0316,269.6,CMEMS,2026-07-27
32.91667,-78.83333,-0.00996,0.02229,0.0244,335.9,CMEMS,2026-07-27
32.91667,-78.75,0.01229,0.04417,0.0458,15.6,CMEMS,2026-07-27
32.91667,-78.66666,0.04244,0.06793,0.0801,32.0,CMEMS,2026-07-27
32.91667,-78.58333,0.09158,0.09395,0.1312,44.3,CMEMS,2026-07-27
32.91667,-78.5,0.16002,0.11713,0.1983,53.8,CMEMS,2026-07-27
32.91667,-78.41666,0.23948,0.13406,0.2744,60.8,CMEMS,2026-07-27
32.91667,-78.33333,0.32037,0.15405,0.3555,64.3,CMEMS,2026-07-27
32.91667,-78.25,0.4176,0.21722,0.4707,62.5,CMEMS,2026-07-27
32.91667,-78.16666,0.56384,0.34218,0.6595,58.7,CMEMS,2026-07-27
32.91667,-78.08333,0.74665,0.47833,0.8867,57.4,CMEMS,2026-07-27
32.91667,-78.0,0.90257,0.57998,1.0729,57.3,CMEMS,2026-07-27
32.91667,-77.91666,1.02565,0.64393,1.211,57.9,CMEMS,2026-07-27
32.91667,-77.83333,1.10723,0.67046,1.2944,58.8,CMEMS,2026-07-27
32.91667,-77.75,1.15389,0.67224,1.3354,59.8,CMEMS,2026-07-27
32.91667,-77.66666,1.18019,0.6629,1.3536,60.7,CMEMS,2026-07-27
32.91667,-77.58333,1.18692,0.64703,1.3518,61.4,CMEMS,2026-07-27
32.91667,-77.5,1.17249,0.62207,1.3273,62.1,CMEMS,2026-07-27
32.91667,-77.41666,1.14345,0.59046,1.2869,62.7,CMEMS,2026-07-27
32.91667,-77.33333,1.10364,0.56319,1.239,63.0,CMEMS,2026-07-27
32.91667,-77.25,1.0625,0.54056,1.1921,63.0,CMEMS,2026-07-27
32.91667,-77.16666,1.01821,0.51357,1.1404,63.2,CMEMS,2026-07-27
32.91667,-77.08333,0.95664,0.4855,1.0728,63.1,CMEMS,2026-07-27
32.91667,-77.0,0.89213,0.46399,1.0056,62.5,CMEMS,2026-07-27
32.91667,-76.91666,0.83993,0.44322,0.9497,62.2,CMEMS,2026-07-27
32.91667,-76.83333,0.79297,0.41744,0.8961,62.2,CMEMS,2026-07-27
32.91667,-76.75,0.74122,0.39237,0.8387,62.1,CMEMS,2026-07-27
32.91667,-76.66666,0.69419,0.37844,0.7906,61.4,CMEMS,2026-07-27
32.91667,-76.58333,0.66296,0.37309,0.7607,60.6,CMEMS,2026-07-27
32.91667,-76.5,0.64015,0.36905,0.7389,60.0,CMEMS,2026-07-27
32.91667,-76.41666,0.61768,0.36529,0.7176,59.4,CMEMS,2026-07-27
32.91667,-76.33333,0.5924,0.3633,0.6949,58.5,CMEMS,2026-07-27
32.91667,-76.25,0.55466,0.36081,0.6617,57.0,CMEMS,2026-07-27
32.91667,-76.16666,0.50263,0.35034,0.6127,55.1,CMEMS,2026-07-27
32.91667,-76.08333,0.43744,0.33561,0.5514,52.5,CMEMS,2026-07-27
32.91667,-76.0,0.3712,0.31352,0.4859,49.8,CMEMS,2026-07-27
32.91667,-75.91666,0.32638,0.2828,0.4319,49.1,CMEMS,2026-07-27
32.91667,-75.83333,0.29926,0.2533,0.3921,49.8,CMEMS,2026-07-27
32.91667,-75.75,0.27764,0.21901,0.3536,51.7,CMEMS,2026-07-27
32.91667,-75.66666,0.23835,0.15692,0.2854,56.6,CMEMS,2026-07-27
32.91667,-75.58333,0.1967,0.02362,0.1981,83.2,CMEMS,2026-07-27
32.91667,-75.5,0.15228,-0.19759,0.2495,142.4,CMEMS,2026-07-27
32.91667,-75.41666,0.09219,-0.4638,0.4729,168.8,CMEMS,2026-07-27
32.91667,-75.33333,0.02154,-0.7361,0.7364,178.3,CMEMS,2026-07-27
32.91667,-75.25,-0.07197,-0.99321,0.9958,184.1,CMEMS,2026-07-27
33.0,-79.58333,0.00341,0.0288,0.029,6.8,CMEMS,2026-07-27
33.0,-79.5,0.01079,0.02892,0.0309,20.5,CMEMS,2026-07-27
33.0,-79.41666,0.02305,0.02521,0.0342,42.4,CMEMS,2026-07-27
33.0,-79.33333,0.01681,0.02614,0.0311,32.7,CMEMS,2026-07-27
33.0,-79.25,-0.00871,0.02726,0.0286,342.3,CMEMS,2026-07-27
33.0,-79.16666,-0.04136,0.00396,0.0415,275.5,CMEMS,2026-07-27
33.0,-79.08333,-0.02153,-0.03316,0.0395,213.0,CMEMS,2026-07-27
33.0,-79.0,-0.02341,-0.03192,0.0396,216.3,CMEMS,2026-07-27
33.0,-78.91666,-0.01124,-0.00439,0.0121,248.7,CMEMS,2026-07-27
33.0,-78.83333,0.00723,0.01783,0.0192,22.1,CMEMS,2026-07-27
33.0,-78.75,0.02673,0.03607,0.0449,36.5,CMEMS,2026-07-27
33.0,-78.66666,0.04997,0.05515,0.0744,42.2,CMEMS,2026-07-27
33.0,-78.58333,0.08109,0.06539,0.1042,51.1,CMEMS,2026-07-27
33.0,-78.5,0.11962,0.06609,0.1367,61.1,CMEMS,2026-07-27
33.0,-78.41666,0.1632,0.06311,0.175,68.9,CMEMS,2026-07-27
33.0,-78.33333,0.19177,0.06474,0.2024,71.3,CMEMS,2026-07-27
33.0,-78.25,0.22911,0.08498,0.2444,69.7,CMEMS,2026-07-27
33.0,-78.16666,0.31908,0.14396,0.3501,65.7,CMEMS,2026-07-27
33.0,-78.08333,0.46156,0.23346,0.5172,63.2,CMEMS,2026-07-27
33.0,-78.0,0.63156,0.34386,0.7191,61.4,CMEMS,2026-07-27
33.0,-77.91666,0.80533,0.45651,0.9257,60.5,CMEMS,2026-07-27
33.0,-77.83333,0.96781,0.54175,1.1091,60.8,CMEMS,2026-07-27
33.0,-77.75,1.1045,0.59915,1.2565,61.5,CMEMS,2026-07-27
33.0,-77.66666,1.2151,0.61942,1.3639,63.0,CMEMS,2026-07-27
33.0,-77.58333,1.29889,0.61261,1.4361,64.7,CMEMS,2026-07-27
33.0,-77.5,1.35378,0.60463,1.4827,65.9,CMEMS,2026-07-27
33.0,-77.41666,1.3833,0.60475,1.5097,66.4,CMEMS,2026-07-27
33.0,-77.33333,1.38962,0.60117,1.5141,66.6,CMEMS,2026-07-27
33.0,-77.25,1.37511,0.58772,1.4954,66.9,CMEMS,2026-07-27
33.0,-77.16666,1.34479,0.55992,1.4567,67.4,CMEMS,2026-07-27
33.0,-77.08333,1.30291,0.52689,1.4054,68.0,CMEMS,2026-07-27
33.0,-77.0,1.25634,0.50242,1.3531,68.2,CMEMS,2026-07-27
33.0,-76.91666,1.21038,0.48104,1.3025,68.3,CMEMS,2026-07-27
33.0,-76.83333,1.16342,0.45142,1.2479,68.8,CMEMS,2026-07-27
33.0,-76.75,1.11136,0.42103,1.1884,69.3,CMEMS,2026-07-27
33.0,-76.66666,1.05713,0.4037,1.1316,69.1,CMEMS,2026-07-27
33.0,-76.58333,1.00573,0.40249,1.0833,68.2,CMEMS,2026-07-27
33.0,-76.5,0.96175,0.40715,1.0444,67.1,CMEMS,2026-07-27
33.0,-76.41666,0.92199,0.41531,1.0112,65.8,CMEMS,2026-07-27
33.0,-76.33333,0.88224,0.42368,0.9787,64.3,CMEMS,2026-07-27
33.0,-76.25,0.82776,0.42799,0.9319,62.7,CMEMS,2026-07-27
33.0,-76.16666,0.7527,0.42655,0.8652,60.5,CMEMS,2026-07-27
33.0,-76.08333,0.66292,0.42035,0.785,57.6,CMEMS,2026-07-27
33.0,-76.0,0.55705,0.41285,0.6934,53.5,CMEMS,2026-07-27
33.0,-75.91666,0.45434,0.39061,0.5992,49.3,CMEMS,2026-07-27
33.0,-75.83333,0.37817,0.34228,0.5101,47.9,CMEMS,2026-07-27
33.0,-75.75,0.32474,0.27883,0.428,49.4,CMEMS,2026-07-27
33.0,-75.66666,0.27413,0.20034,0.3395,53.8,CMEMS,2026-07-27
33.0,-75.58333,0.23537,0.08056,0.2488,71.1,CMEMS,2026-07-27
33.0,-75.5,0.19978,-0.11884,0.2325,120.7,CMEMS,2026-07-27
33.0,-75.41666,0.15139,-0.37584,0.4052,158.1,CMEMS,2026-07-27
33.0,-75.33333,0.09299,-0.64879,0.6554,171.8,CMEMS,2026-07-27
33.0,-75.25,0.00346,-0.92242,0.9224,179.8,CMEMS,2026-07-27
33.08334,-79.33333,0.0221,0.03946,0.0452,29.3,CMEMS,2026-07-27
33.08334,-79.25,0.03059,0.04302,0.0528,35.4,CMEMS,2026-07-27
33.08334,-79.16666,0.02873,0.025,0.0381,49.0,CMEMS,2026-07-27
33.08334,-79.08333,0.00253,-0.03271,0.0328,175.6,CMEMS,2026-07-27
33.08334,-79.0,-0.00895,-0.04411,0.045,191.5,CMEMS,2026-07-27
33.08334,-78.91666,-0.01498,-0.02325,0.0277,212.8,CMEMS,2026-07-27
33.08334,-78.83333,-0.00499,-0.00358,0.0061,234.3,CMEMS,2026-07-27
33.08334,-78.75,0.00712,0.0084,0.011,40.3,CMEMS,2026-07-27
33.08334,-78.66666,0.02992,0.01881,0.0353,57.8,CMEMS,2026-07-27
33.08334,-78.58333,0.05318,0.025,0.0588,64.8,CMEMS,2026-07-27
33.08334,-78.5,0.06085,0.02951,0.0676,64.1,CMEMS,2026-07-27
33.08334,-78.41666,0.05874,0.03634,0.0691,58.3,CMEMS,2026-07-27
33.08334,-78.33333,0.05197,0.04613,0.0695,48.4,CMEMS,2026-07-27
33.08334,-78.25,0.05007,0.04657,0.0684,47.1,CMEMS,2026-07-27
33.08334,-78.16666,0.0608,0.03969,0.0726,56.9,CMEMS,2026-07-27
33.08334,-78.08333,0.10139,0.04965,0.1129,63.9,CMEMS,2026-07-27
33.08334,-78.0,0.18904,0.09562,0.2118,63.2,CMEMS,2026-07-27
33.08334,-77.91666,0.32878,0.1833,0.3764,60.9,CMEMS,2026-07-27
33.08334,-77.83333,0.50066,0.28287,0.575,60.5,CMEMS,2026-07-27
33.08334,-77.75,0.68382,0.36151,0.7735,62.1,CMEMS,2026-07-27
33.08334,-77.66666,0.8728,0.41916,0.9682,64.3,CMEMS,2026-07-27
33.08334,-77.58333,1.04669,0.46124,1.1438,66.2,CMEMS,2026-07-27
33.08334,-77.5,1.18218,0.49147,1.2803,67.4,CMEMS,2026-07-27
33.08334,-77.41666,1.28968,0.51185,1.3875,68.4,CMEMS,2026-07-27
33.08334,-77.33333,1.38395,0.53006,1.482,69.0,CMEMS,2026-07-27
33.08334,-77.25,1.45806,0.55355,1.5596,69.2,CMEMS,2026-07-27
33.08334,-77.16666,1.50662,0.57598,1.613,69.1,CMEMS,2026-07-27
33.08334,-77.08333,1.53459,0.58373,1.6419,69.2,CMEMS,2026-07-27
33.08334,-77.0,1.54414,0.57118,1.6464,69.7,CMEMS,2026-07-27
33.08334,-76.91666,1.53685,0.54273,1.6299,70.5,CMEMS,2026-07-27
33.08334,-76.83333,1.51884,0.50581,1.6009,71.6,CMEMS,2026-07-27
33.08334,-76.75,1.49423,0.4655,1.5651,72.7,CMEMS,2026-07-27
33.08334,-76.66666,1.46509,0.43083,1.5271,73.6,CMEMS,2026-07-27
33.08334,-76.58333,1.43326,0.40947,1.4906,74.1,CMEMS,2026-07-27
33.08334,-76.5,1.39971,0.40682,1.4576,73.8,CMEMS,2026-07-27
33.08334,-76.41666,1.36351,0.42129,1.4271,72.8,CMEMS,2026-07-27
33.08334,-76.33333,1.31535,0.44638,1.389,71.3,CMEMS,2026-07-27
33.08334,-76.25,1.24723,0.47362,1.3341,69.2,CMEMS,2026-07-27
33.08334,-76.16666,1.15116,0.49679,1.2538,66.7,CMEMS,2026-07-27
33.08334,-76.08333,1.02978,0.50707,1.1479,63.8,CMEMS,2026-07-27
33.08334,-76.0,0.88919,0.50313,1.0217,60.5,CMEMS,2026-07-27
33.08334,-75.91666,0.73254,0.4892,0.8809,56.3,CMEMS,2026-07-27
33.08334,-75.83333,0.58309,0.44646,0.7344,52.6,CMEMS,2026-07-27
33.08334,-75.75,0.46591,0.36594,0.5924,51.9,CMEMS,2026-07-27
33.08334,-75.66666,0.37337,0.26401,0.4573,54.7,CMEMS,2026-07-27
33.08334,-75.58333,0.31379,0.13366,0.3411,66.9,CMEMS,2026-07-27
33.08334,-75.5,0.27172,-0.06113,0.2785,102.7,CMEMS,2026-07-27
33.08334,-75.41666,0.22556,-0.30989,0.3833,143.9,CMEMS,2026-07-27
33.08334,-75.33333,0.17508,-0.581,0.6068,163.2,CMEMS,2026-07-27
33.08334,-75.25,0.09184,-0.86252,0.8674,173.9,CMEMS,2026-07-27
33.16667,-79.25,0.02497,0.03905,0.0464,32.6,CMEMS,2026-07-27
33.16667,-79.16666,0.02775,0.034,0.0439,39.2,CMEMS,2026-07-27
33.16667,-79.08333,0.02539,-0.00263,0.0255,95.9,CMEMS,2026-07-27
33.16667,-79.0,0.01141,-0.03655,0.0383,162.7,CMEMS,2026-07-27
33.16667,-78.91666,-0.00121,-0.02518,0.0252,182.8,CMEMS,2026-07-27
33.16667,-78.83333,-0.00302,-0.00848,0.009,199.6,CMEMS,2026-07-27
33.16667,-78.75,-0.00153,-0.0088,0.0089,189.9,CMEMS,2026-07-27
33.16667,-78.66666,0.00832,-0.00193,0.0085,103.0,CMEMS,2026-07-27
33.16667,-78.58333,0.01727,0.01119,0.0206,57.1,CMEMS,2026-07-27
33.16667,-78.5,0.02071,0.02711,0.0341,37.4,CMEMS,2026-07-27
33.16667,-78.41666,0.03033,0.03595,0.047,40.2,CMEMS,2026-07-27
33.16667,-78.33333,0.04425,0.05275,0.0689,40.0,CMEMS,2026-07-27
33.16667,-78.25,0.05283,0.06694,0.0853,38.3,CMEMS,2026-07-27
33.16667,-78.16666,0.04397,0.06256,0.0765,35.1,CMEMS,2026-07-27
33.16667,-78.08333,0.02961,0.04772,0.0562,31.8,CMEMS,2026-07-27
33.16667,-78.0,0.02853,0.03849,0.0479,36.5,CMEMS,2026-07-27
33.16667,-77.91666,0.0598,0.0519,0.0792,49.0,CMEMS,2026-07-27
33.16667,-77.83333,0.13599,0.09372,0.1652,55.4,CMEMS,2026-07-27
33.16667,-77.75,0.25586,0.144,0.2936,60.6,CMEMS,2026-07-27
33.16667,-77.66666,0.40147,0.17971,0.4399,65.9,CMEMS,2026-07-27
33.16667,-77.58333,0.5421,0.19703,0.5768,70.0,CMEMS,2026-07-27
33.16667,-77.5,0.66579,0.2192,0.7009,71.8,CMEMS,2026-07-27
33.16667,-77.41666,0.80099,0.26155,0.8426,71.9,CMEMS,2026-07-27
33.16667,-77.33333,0.94743,0.31403,0.9981,71.7,CMEMS,2026-07-27
33.16667,-77.25,1.08906,0.37177,1.1508,71.2,CMEMS,2026-07-27
33.16667,-77.16666,1.22174,0.43471,1.2968,70.4,CMEMS,2026-07-27
33.16667,-77.08333,1.34438,0.49396,1.4323,69.8,CMEMS,2026-07-27
33.16667,-77.0,1.44828,0.53418,1.5437,69.8,CMEMS,2026-07-27
33.16667,-76.91666,1.52732,0.54784,1.6226,70.3,CMEMS,2026-07-27
33.16667,-76.83333,1.5835,0.53612,1.6718,71.3,CMEMS,2026-07-27
33.16667,-76.75,1.62423,0.50518,1.701,72.7,CMEMS,2026-07-27
33.16667,-76.66666,1.65331,0.46481,1.7174,74.3,CMEMS,2026-07-27
33.16667,-76.58333,1.67366,0.4248,1.7267,75.8,CMEMS,2026-07-27
33.16667,-76.5,1.68279,0.3964,1.7289,76.7,CMEMS,2026-07-27
33.16667,-76.41666,1.67917,0.38909,1.7237,77.0,CMEMS,2026-07-27
33.16667,-76.33333,1.65753,0.41087,1.7077,76.1,CMEMS,2026-07-27
33.16667,-76.25,1.6088,0.46711,1.6752,73.8,CMEMS,2026-07-27
33.16667,-76.16666,1.52877,0.54884,1.6243,70.3,CMEMS,2026-07-27
33.16667,-76.08333,1.40707,0.62972,1.5416,65.9,CMEMS,2026-07-27
33.16667,-76.0,1.25118,0.67486,1.4216,61.7,CMEMS,2026-07-27
33.16667,-75.91666,1.06843,0.67126,1.2618,57.9,CMEMS,2026-07-27
33.16667,-75.83333,0.86893,0.62453,1.0701,54.3,CMEMS,2026-07-27
33.16667,-75.75,0.68701,0.52985,0.8676,52.4,CMEMS,2026-07-27
33.16667,-75.66666,0.54047,0.39511,0.6695,53.8,CMEMS,2026-07-27
33.16667,-75.58333,0.43956,0.23254,0.4973,62.1,CMEMS,2026-07-27
33.16667,-75.5,0.37007,0.02449,0.3709,86.2,CMEMS,2026-07-27
33.16667,-75.41666,0.31072,-0.22534,0.3838,126.0,CMEMS,2026-07-27
33.16667,-75.33333,0.25774,-0.49791,0.5607,152.6,CMEMS,2026-07-27
33.16667,-75.25,0.1782,-0.78652,0.8065,167.2,CMEMS,2026-07-27
33.25,-79.16666,0.00811,0.02287,0.0243,19.5,CMEMS,2026-07-27
33.25,-79.08333,0.00555,-0.00493,0.0074,131.6,CMEMS,2026-07-27
33.25,-79.0,-0.00152,-0.02579,0.0258,183.4,CMEMS,2026-07-27
33.25,-78.91666,-0.01501,-0.01762,0.0231,220.4,CMEMS,2026-07-27
33.25,-78.83333,-0.01431,-0.00501,0.0152,250.7,CMEMS,2026-07-27
33.25,-78.75,-0.00928,-0.01198,0.0152,217.8,CMEMS,2026-07-27
33.25,-78.66666,-0.00235,-0.00693,0.0073,198.8,CMEMS,2026-07-27
33.25,-78.58333,0.00846,0.00892,0.0123,43.5,CMEMS,2026-07-27
33.25,-78.5,0.00936,0.02786,0.0294,18.6,CMEMS,2026-07-27
33.25,-78.41666,0.01184,0.03087,0.0331,21.0,CMEMS,2026-07-27
33.25,-78.33333,0.02107,0.03916,0.0445,28.3,CMEMS,2026-07-27
33.25,-78.25,0.03231,0.05654,0.0651,29.7,CMEMS,2026-07-27
33.25,-78.16666,0.03629,0.06863,0.0776,27.9,CMEMS,2026-07-27
33.25,-78.08333,0.03617,0.06723,0.0763,28.3,CMEMS,2026-07-27
33.25,-78.0,0.03402,0.05877,0.0679,30.1,CMEMS,2026-07-27
33.25,-77.91666,0.0339,0.05353,0.0634,32.3,CMEMS,2026-07-27
33.25,-77.83333,0.04669,0.06104,0.0768,37.4,CMEMS,2026-07-27
33.25,-77.75,0.08285,0.07334,0.1106,48.5,CMEMS,2026-07-27
33.25,-77.66666,0.13597,0.08035,0.1579,59.4,CMEMS,2026-07-27
33.25,-77.58333,0.18914,0.08299,0.2065,66.3,CMEMS,2026-07-27
33.25,-77.5,0.24359,0.09297,0.2607,69.1,CMEMS,2026-07-27
33.25,-77.41666,0.32238,0.11339,0.3417,70.6,CMEMS,2026-07-27
33.25,-77.33333,0.42698,0.13438,0.4476,72.5,CMEMS,2026-07-27
33.25,-77.25,0.54221,0.16276,0.5661,73.3,CMEMS,2026-07-27
33.25,-77.16666,0.67105,0.21401,0.7043,72.3,CMEMS,2026-07-27
33.25,-77.08333,0.81652,0.28434,0.8646,70.8,CMEMS,2026-07-27
33.25,-77.0,0.97012,0.35512,1.0331,69.9,CMEMS,2026-07-27
33.25,-76.91666,1.11797,0.41043,1.1909,69.8,CMEMS,2026-07-27
33.25,-76.83333,1.25041,0.44188,1.3262,70.5,CMEMS,2026-07-27
33.25,-76.75,1.36616,0.44631,1.4372,71.9,CMEMS,2026-07-27
33.25,-76.66666,1.46509,0.4281,1.5263,73.7,CMEMS,2026-07-27
33.25,-76.58333,1.54438,0.39414,1.5939,75.7,CMEMS,2026-07-27
33.25,-76.5,1.60097,0.35519,1.6399,77.5,CMEMS,2026-07-27
33.25,-76.41666,1.63635,0.33067,1.6694,78.6,CMEMS,2026-07-27
33.25,-76.33333,1.65591,0.33956,1.6904,78.4,CMEMS,2026-07-27
33.25,-76.25,1.65254,0.40014,1.7003,76.4,CMEMS,2026-07-27
33.25,-76.16666,1.61999,0.52097,1.7017,72.2,CMEMS,2026-07-27
33.25,-76.08333,1.55226,0.68693,1.6975,66.1,CMEMS,2026-07-27
33.25,-76.0,1.43672,0.84708,1.6678,59.5,CMEMS,2026-07-27
33.25,-75.91666,1.27902,0.9286,1.5806,54.0,CMEMS,2026-07-27
33.25,-75.83333,1.0887,0.90336,1.4147,50.3,CMEMS,2026-07-27
33.25,-75.75,0.88998,0.78938,1.1896,48.4,CMEMS,2026-07-27
33.25,-75.66666,0.71307,0.61457,0.9414,49.2,CMEMS,2026-07-27
33.25,-75.58333,0.57647,0.40152,0.7025,55.1,CMEMS,2026-07-27
33.25,-75.5,0.47064,0.1585,0.4966,71.4,CMEMS,2026-07-27
33.25,-75.41666,0.38797,-0.10855,0.4029,105.6,CMEMS,2026-07-27
33.25,-75.33333,0.3269,-0.39316,0.5113,140.3,CMEMS,2026-07-27
33.25,-75.25,0.24778,-0.69059,0.7337,160.3,CMEMS,2026-07-27
33.33334,-79.16666,0.00543,0.0289,0.0294,10.6,CMEMS,2026-07-27
33.33334,-79.08333,-0.00466,0.02062,0.0211,347.3,CMEMS,2026-07-27
33.33334,-79.0,-0.01449,-0.02024,0.0249,215.6,CMEMS,2026-07-27
33.33334,-78.91666,-0.01832,-0.01977,0.027,222.8,CMEMS,2026-07-27
33.33334,-78.83333,-0.01699,-0.01299,0.0214,232.6,CMEMS,2026-07-27
33.33334,-78.75,-0.01322,-0.01619,0.0209,219.2,CMEMS,2026-07-27
33.33334,-78.66666,-0.01022,-0.01418,0.0175,215.8,CMEMS,2026-07-27
33.33334,-78.58333,0.00339,0.0039,0.0052,41.1,CMEMS,2026-07-27
33.33334,-78.5,0.00232,0.03134,0.0314,4.2,CMEMS,2026-07-27
33.33334,-78.41666,-0.00748,0.03303,0.0339,347.2,CMEMS,2026-07-27
33.33334,-78.33333,-0.00948,0.03184,0.0332,343.4,CMEMS,2026-07-27
33.33334,-78.25,-0.00028,0.04488,0.0449,359.6,CMEMS,2026-07-27
33.33334,-78.16666,0.01062,0.05536,0.0564,10.9,CMEMS,2026-07-27
33.33334,-78.08333,0.01814,0.05396,0.0569,18.6,CMEMS,2026-07-27
33.33334,-78.0,0.02019,0.04974,0.0537,22.1,CMEMS,2026-07-27
33.33334,-77.91666,0.02217,0.05067,0.0553,23.6,CMEMS,2026-07-27
33.33334,-77.83333,0.02853,0.05417,0.0612,27.8,CMEMS,2026-07-27
33.33334,-77.75,0.04252,0.0548,0.0694,37.8,CMEMS,2026-07-27
33.33334,-77.66666,0.06004,0.05977,0.0847,45.1,CMEMS,2026-07-27
33.33334,-77.58333,0.07412,0.06678,0.0998,48.0,CMEMS,2026-07-27
33.33334,-77.5,0.09312,0.07207,0.1178,52.3,CMEMS,2026-07-27
33.33334,-77.41666,0.11667,0.07451,0.1384,57.4,CMEMS,2026-07-27
33.33334,-77.33333,0.14055,0.07262,0.1582,62.7,CMEMS,2026-07-27
33.33334,-77.25,0.16435,0.07981,0.1827,64.1,CMEMS,2026-07-27
33.33334,-77.16666,0.20398,0.10635,0.23,62.5,CMEMS,2026-07-27
33.33334,-77.08333,0.27976,0.14461,0.3149,62.7,CMEMS,2026-07-27
33.33334,-77.0,0.39048,0.18686,0.4329,64.4,CMEMS,2026-07-27
33.33334,-76.91666,0.52533,0.22698,0.5723,66.6,CMEMS,2026-07-27
33.33334,-76.83333,0.67236,0.26119,0.7213,68.8,CMEMS,2026-07-27
33.33334,-76.75,0.82245,0.28264,0.8697,71.0,CMEMS,2026-07-27
33.33334,-76.66666,0.96522,0.28657,1.0069,73.5,CMEMS,2026-07-27
33.33334,-76.58333,1.08404,0.27315,1.1179,75.9,CMEMS,2026-07-27
33.33334,-76.5,1.17436,0.24722,1.2001,78.1,CMEMS,2026-07-27
33.33334,-76.41666,1.24331,0.23412,1.2652,79.3,CMEMS,2026-07-27
33.33334,-76.33333,1.29608,0.24321,1.3187,79.4,CMEMS,2026-07-27
33.33334,-76.25,1.32797,0.29103,1.3595,77.6,CMEMS,2026-07-27
33.33334,-76.16666,1.3386,0.4097,1.3999,73.0,CMEMS,2026-07-27
33.33334,-76.08333,1.33884,0.61606,1.4738,65.3,CMEMS,2026-07-27
33.33334,-76.0,1.31867,0.87731,1.5838,56.4,CMEMS,2026-07-27
33.33334,-75.91666,1.25132,1.09151,1.6605,48.9,CMEMS,2026-07-27
33.33334,-75.83333,1.13145,1.15997,1.6204,44.3,CMEMS,2026-07-27
33.33334,-75.75,0.98026,1.06906,1.4504,42.5,CMEMS,2026-07-27
33.33334,-75.66666,0.82482,0.86798,1.1974,43.5,CMEMS,2026-07-27
33.33334,-75.58333,0.68526,0.60777,0.916,48.4,CMEMS,2026-07-27
33.33334,-75.5,0.55954,0.32101,0.6451,60.2,CMEMS,2026-07-27
33.33334,-75.41666,0.46108,0.02497,0.4618,86.9,CMEMS,2026-07-27
33.33334,-75.33333,0.392,-0.28138,0.4825,125.7,CMEMS,2026-07-27
33.33334,-75.25,0.31537,-0.59093,0.6698,151.9,CMEMS,2026-07-27
33.41667,-79.08333,0.00662,0.03335,0.034,11.2,CMEMS,2026-07-27
33.41667,-79.0,-0.00337,0.01617,0.0165,348.2,CMEMS,2026-07-27
33.41667,-78.91666,-0.00273,-0.00194,0.0033,234.6,CMEMS,2026-07-27
33.41667,-78.83333,-0.00599,-0.01638,0.0174,200.1,CMEMS,2026-07-27
33.41667,-78.75,-0.01608,-0.01663,0.0231,224.0,CMEMS,2026-07-27
33.41667,-78.66666,-0.01756,-0.01872,0.0257,223.2,CMEMS,2026-07-27
33.41667,-78.58333,-0.0097,-0.00716,0.0121,233.6,CMEMS,2026-07-27
33.41667,-78.5,0.00871,0.02515,0.0266,19.1,CMEMS,2026-07-27
33.41667,-78.41666,0.01497,0.04115,0.0438,20.0,CMEMS,2026-07-27
33.41667,-78.33333,0.0114,0.03935,0.041,16.2,CMEMS,2026-07-27
33.41667,-78.25,0.00748,0.04275,0.0434,9.9,CMEMS,2026-07-27
33.41667,-78.16666,0.01147,0.05204,0.0533,12.4,CMEMS,2026-07-27
33.41667,-78.08333,0.01399,0.05703,0.0587,13.8,CMEMS,2026-07-27
33.41667,-78.0,0.02478,0.05351,0.059,24.8,CMEMS,2026-07-27
33.41667,-77.91666,0.03132,0.04949,0.0586,32.3,CMEMS,2026-07-27
33.41667,-77.83333,0.02882,0.04583,0.0541,32.2,CMEMS,2026-07-27
33.41667,-77.75,0.02763,0.04664,0.0542,30.6,CMEMS,2026-07-27
33.41667,-77.66666,0.02619,0.05822,0.0638,24.2,CMEMS,2026-07-27
33.41667,-77.58333,0.03267,0.07019,0.0774,25.0,CMEMS,2026-07-27
33.41667,-77.5,0.03855,0.0768,0.0859,26.7,CMEMS,2026-07-27
33.41667,-77.41666,0.02964,0.07822,0.0836,20.8,CMEMS,2026-07-27
33.41667,-77.33333,0.00889,0.0783,0.0788,6.5,CMEMS,2026-07-27
33.41667,-77.25,-0.01698,0.08639,0.088,348.9,CMEMS,2026-07-27
33.41667,-77.16666,-0.02368,0.09566,0.0985,346.1,CMEMS,2026-07-27
33.41667,-77.08333,-0.00428,0.10351,0.1036,357.6,CMEMS,2026-07-27
33.41667,-77.0,0.04724,0.10677,0.1168,23.9,CMEMS,2026-07-27
33.41667,-76.91666,0.12611,0.11348,0.1697,48.0,CMEMS,2026-07-27
33.41667,-76.83333,0.23194,0.12191,0.262,62.3,CMEMS,2026-07-27
33.41667,-76.75,0.3547,0.1242,0.3758,70.7,CMEMS,2026-07-27
33.41667,-76.66666,0.47922,0.11887,0.4937,76.1,CMEMS,2026-07-27
33.41667,-76.58333,0.58267,0.11058,0.5931,79.3,CMEMS,2026-07-27
33.41667,-76.5,0.66369,0.10062,0.6713,81.4,CMEMS,2026-07-27
33.41667,-76.41666,0.72784,0.10106,0.7348,82.1,CMEMS,2026-07-27
33.41667,-76.33333,0.77573,0.11804,0.7847,81.3,CMEMS,2026-07-27
33.41667,-76.25,0.80638,0.17197,0.8245,78.0,CMEMS,2026-07-27
33.41667,-76.16666,0.82198,0.29154,0.8722,70.5,CMEMS,2026-07-27
33.41667,-76.08333,0.84308,0.50114,0.9808,59.3,CMEMS,2026-07-27
33.41667,-76.0,0.88414,0.79639,1.1899,48.0,CMEMS,2026-07-27
33.41667,-75.91666,0.92072,1.09708,1.4322,40.0,CMEMS,2026-07-27
33.41667,-75.83333,0.91589,1.27167,1.5672,35.8,CMEMS,2026-07-27
33.41667,-75.75,0.86228,1.25062,1.5191,34.6,CMEMS,2026-07-27
33.41667,-75.66666,0.77622,1.06411,1.3171,36.1,CMEMS,2026-07-27
33.41667,-75.58333,0.67921,0.78304,1.0366,40.9,CMEMS,2026-07-27
33.41667,-75.5,0.57228,0.46557,0.7377,50.9,CMEMS,2026-07-27
33.41667,-75.41666,0.48633,0.1427,0.5068,73.6,CMEMS,2026-07-27
33.41667,-75.33333,0.42805,-0.18417,0.466,113.3,CMEMS,2026-07-27
33.41667,-75.25,0.36463,-0.50629,0.6239,144.2,CMEMS,2026-07-27
33.5,-79.08333,0.01627,0.03223,0.0361,26.8,CMEMS,2026-07-27
33.5,-79.0,0.0165,0.03054,0.0347,28.4,CMEMS,2026-07-27
33.5,-78.91666,0.00271,0.01654,0.0168,9.3,CMEMS,2026-07-27
33.5,-78.83333,-0.01004,-0.00528,0.0113,242.3,CMEMS,2026-07-27
33.5,-78.75,-0.01751,-0.01214,0.0213,235.3,CMEMS,2026-07-27
33.5,-78.66666,-0.02079,-0.02216,0.0304,223.2,CMEMS,2026-07-27
33.5,-78.58333,-0.0203,-0.01764,0.0269,229.0,CMEMS,2026-07-27
33.5,-78.5,-0.01082,0.0059,0.0123,298.6,CMEMS,2026-07-27
33.5,-78.41666,0.00235,0.02878,0.0289,4.7,CMEMS,2026-07-27
33.5,-78.33333,0.00832,0.03525,0.0362,13.3,CMEMS,2026-07-27
33.5,-78.25,0.01064,0.04071,0.0421,14.6,CMEMS,2026-07-27
33.5,-78.16666,0.01572,0.05167,0.054,16.9,CMEMS,2026-07-27
33.5,-78.08333,0.01303,0.05532,0.0568,13.3,CMEMS,2026-07-27
33.5,-78.0,0.02252,0.04366,0.0491,27.3,CMEMS,2026-07-27
33.5,-77.91666,0.01871,0.05159,0.0549,19.9,CMEMS,2026-07-27
33.5,-77.83333,-0.0206,0.07163,0.0745,344.0,CMEMS,2026-07-27
33.5,-77.75,-0.0237,0.06637,0.0705,340.4,CMEMS,2026-07-27
33.5,-77.66666,0.0045,0.06521,0.0654,3.9,CMEMS,2026-07-27
33.5,-77.58333,0.02133,0.06611,0.0695,17.9,CMEMS,2026-07-27
33.5,-77.5,0.00827,0.07753,0.078,6.1,CMEMS,2026-07-27
33.5,-77.41666,-0.00297,0.10175,0.1018,358.3,CMEMS,2026-07-27
33.5,-77.33333,-0.03426,0.12178,0.1265,344.3,CMEMS,2026-07-27
33.5,-77.25,-0.05892,0.13067,0.1433,335.7,CMEMS,2026-07-27
33.5,-77.16666,-0.06646,0.12702,0.1434,332.4,CMEMS,2026-07-27
33.5,-77.08333,-0.05729,0.10763,0.1219,332.0,CMEMS,2026-07-27
33.5,-77.0,-0.02942,0.07709,0.0825,339.1,CMEMS,2026-07-27
33.5,-76.91666,0.01671,0.04491,0.0479,20.4,CMEMS,2026-07-27
33.5,-76.83333,0.08088,0.01579,0.0824,79.0,CMEMS,2026-07-27
33.5,-76.75,0.15076,-0.00999,0.1511,93.8,CMEMS,2026-07-27
33.5,-76.66666,0.21602,-0.0251,0.2175,96.6,CMEMS,2026-07-27
33.5,-76.58333,0.2697,-0.02235,0.2706,94.7,CMEMS,2026-07-27
33.5,-76.5,0.31464,-0.00838,0.3147,91.5,CMEMS,2026-07-27
33.5,-76.41666,0.35401,0.01111,0.3542,88.2,CMEMS,2026-07-27
33.5,-76.33333,0.37854,0.04274,0.3809,83.6,CMEMS,2026-07-27
33.5,-76.25,0.39049,0.11052,0.4058,74.2,CMEMS,2026-07-27
33.5,-76.16666,0.39044,0.23862,0.4576,58.6,CMEMS,2026-07-27
33.5,-76.08333,0.39364,0.44354,0.593,41.6,CMEMS,2026-07-27
33.5,-76.0,0.42282,0.72991,0.8435,30.1,CMEMS,2026-07-27
33.5,-75.91666,0.48911,1.05506,1.1629,24.9,CMEMS,2026-07-27
33.5,-75.83333,0.56273,1.29564,1.4126,23.5,CMEMS,2026-07-27
33.5,-75.75,0.60398,1.34882,1.4779,24.1,CMEMS,2026-07-27
33.5,-75.66666,0.59977,1.20868,1.3493,26.4,CMEMS,2026-07-27
33.5,-75.58333,0.56455,0.93875,1.0954,31.0,CMEMS,2026-07-27
33.5,-75.5,0.50054,0.61136,0.7901,39.3,CMEMS,2026-07-27
33.5,-75.41666,0.45593,0.26752,0.5286,59.6,CMEMS,2026-07-27
33.5,-75.33333,0.42211,-0.08627,0.4308,101.6,CMEMS,2026-07-27
33.5,-75.25,0.37726,-0.42337,0.5671,138.3,CMEMS,2026-07-27
33.58334,-79.0,0.01014,0.03011,0.0318,18.6,CMEMS,2026-07-27
33.58334,-78.91666,0.00878,0.02603,0.0275,18.6,CMEMS,2026-07-27
33.58334,-78.83333,-0.00252,0.01282,0.0131,348.9,CMEMS,2026-07-27
33.58334,-78.75,-0.01049,-0.00376,0.0111,250.3,CMEMS,2026-07-27
33.58334,-78.66666,-0.02025,-0.01762,0.0268,229.0,CMEMS,2026-07-27
33.58334,-78.58333,-0.0285,-0.01421,0.0318,243.5,CMEMS,2026-07-27
33.58334,-78.5,-0.03279,-0.00052,0.0328,269.1,CMEMS,2026-07-27
33.58334,-78.41666,-0.02958,0.01474,0.0331,296.5,CMEMS,2026-07-27
33.58334,-78.33333,-0.02253,0.02358,0.0326,316.3,CMEMS,2026-07-27
33.58334,-78.25,-0.01251,0.03009,0.0326,337.4,CMEMS,2026-07-27
33.58334,-78.16666,-0.00691,0.04951,0.05,352.1,CMEMS,2026-07-27
33.58334,-78.08333,-0.00852,0.0726,0.0731,353.3,CMEMS,2026-07-27
33.58334,-78.0,-0.03031,0.08239,0.0878,339.8,CMEMS,2026-07-27
33.58334,-77.91666,-0.04014,0.07618,0.0861,332.2,CMEMS,2026-07-27
33.58334,-77.83333,0.00516,0.05876,0.059,5.0,CMEMS,2026-07-27
33.58334,-77.75,0.02839,0.04888,0.0565,30.1,CMEMS,2026-07-27
33.58334,-77.66666,0.03205,0.04919,0.0587,33.1,CMEMS,2026-07-27
33.58334,-77.58333,0.0212,0.05381,0.0578,21.5,CMEMS,2026-07-27
33.58334,-77.5,0.00855,0.06174,0.0623,7.9,CMEMS,2026-07-27
33.58334,-77.41666,0.01355,0.1161,0.1169,6.7,CMEMS,2026-07-27
33.58334,-77.33333,-0.00492,0.16198,0.1621,358.3,CMEMS,2026-07-27
33.58334,-77.25,-0.0189,0.16859,0.1696,353.6,CMEMS,2026-07-27
33.58334,-77.16666,-0.02722,0.14937,0.1518,349.7,CMEMS,2026-07-27
33.58334,-77.08333,-0.02528,0.10961,0.1125,347.0,CMEMS,2026-07-27
33.58334,-77.0,-0.02023,0.06145,0.0647,341.8,CMEMS,2026-07-27
33.58334,-76.91666,-0.00976,0.01747,0.02,330.8,CMEMS,2026-07-27
33.58334,-76.83333,0.01102,-0.02722,0.0294,158.0,CMEMS,2026-07-27
33.58334,-76.75,0.03228,-0.06572,0.0732,153.8,CMEMS,2026-07-27
33.58334,-76.66666,0.05633,-0.08767,0.1042,147.3,CMEMS,2026-07-27
33.58334,-76.58333,0.0818,-0.08621,0.1188,136.5,CMEMS,2026-07-27
33.58334,-76.5,0.11249,-0.06591,0.1304,120.4,CMEMS,2026-07-27
33.58334,-76.41666,0.13667,-0.03677,0.1415,105.1,CMEMS,2026-07-27
33.58334,-76.33333,0.14316,0.00771,0.1434,86.9,CMEMS,2026-07-27
33.58334,-76.25,0.13587,0.0926,0.1644,55.7,CMEMS,2026-07-27
33.58334,-76.16666,0.12474,0.23727,0.2681,27.7,CMEMS,2026-07-27
33.58334,-76.08333,0.11029,0.4526,0.4658,13.7,CMEMS,2026-07-27
33.58334,-76.0,0.11897,0.73285,0.7424,9.2,CMEMS,2026-07-27
33.58334,-75.91666,0.17327,1.04467,1.0589,9.4,CMEMS,2026-07-27
33.58334,-75.83333,0.2623,1.2944,1.3207,11.5,CMEMS,2026-07-27
33.58334,-75.75,0.35284,1.38144,1.4258,14.3,CMEMS,2026-07-27
33.58334,-75.66666,0.40527,1.28183,1.3444,17.5,CMEMS,2026-07-27
33.58334,-75.58333,0.42225,1.0387,1.1212,22.1,CMEMS,2026-07-27
33.58334,-75.5,0.40103,0.71875,0.8231,29.2,CMEMS,2026-07-27
33.58334,-75.41666,0.40041,0.36251,0.5401,47.8,CMEMS,2026-07-27
33.58334,-75.33333,0.38603,-0.01139,0.3862,91.7,CMEMS,2026-07-27
33.58334,-75.25,0.35715,-0.35085,0.5006,134.5,CMEMS,2026-07-27
33.66667,-78.91666,0.01303,0.02617,0.0292,26.5,CMEMS,2026-07-27
33.66667,-78.83333,0.01585,0.0249,0.0295,32.5,CMEMS,2026-07-27
33.66667,-78.75,0.00697,0.01385,0.0155,26.7,CMEMS,2026-07-27
33.66667,-78.66666,-0.0132,-0.00178,0.0133,262.3,CMEMS,2026-07-27
33.66667,-78.58333,-0.02508,-0.00668,0.026,255.1,CMEMS,2026-07-27
33.66667,-78.5,-0.03508,-0.00123,0.0351,268.0,CMEMS,2026-07-27
33.66667,-78.41666,-0.04153,0.0056,0.0419,277.7,CMEMS,2026-07-27
33.66667,-78.33333,-0.03572,0.01028,0.0372,286.1,CMEMS,2026-07-27
33.66667,-78.25,-0.02642,0.02364,0.0355,311.8,CMEMS,2026-07-27
33.66667,-78.16666,-0.01683,0.04821,0.0511,340.8,CMEMS,2026-07-27
33.66667,-78.08333,-0.00252,0.06926,0.0693,357.9,CMEMS,2026-07-27
33.66667,-78.0,0.01648,0.07359,0.0754,12.6,CMEMS,2026-07-27
33.66667,-77.91666,0.06143,0.05149,0.0802,50.0,CMEMS,2026-07-27
33.66667,-77.83333,0.07643,0.03412,0.0837,65.9,CMEMS,2026-07-27
33.66667,-77.75,0.06941,0.0396,0.0799,60.3,CMEMS,2026-07-27
33.66667,-77.66666,0.03357,0.0482,0.0587,34.9,CMEMS,2026-07-27
33.66667,-77.58333,0.01112,0.04377,0.0452,14.3,CMEMS,2026-07-27
33.66667,-77.5,0.00908,0.05828,0.059,8.9,CMEMS,2026-07-27
33.66667,-77.41666,0.02502,0.09828,0.1014,14.3,CMEMS,2026-07-27
33.66667,-77.33333,0.03471,0.16315,0.1668,12.0,CMEMS,2026-07-27
33.66667,-77.25,0.03151,0.18338,0.1861,9.8,CMEMS,2026-07-27
33.66667,-77.16666,0.0243,0.15947,0.1613,8.7,CMEMS,2026-07-27
33.66667,-77.08333,0.01616,0.11577,0.1169,7.9,CMEMS,2026-07-27
33.66667,-77.0,0.00264,0.07005,0.0701,2.2,CMEMS,2026-07-27
33.66667,-76.91666,-0.01359,0.02786,0.031,334.0,CMEMS,2026-07-27
33.66667,-76.83333,-0.02943,-0.01974,0.0354,236.1,CMEMS,2026-07-27
33.66667,-76.75,-0.04387,-0.06269,0.0765,215.0,CMEMS,2026-07-27
33.66667,-76.66666,-0.05191,-0.09374,0.1071,209.0,CMEMS,2026-07-27
33.66667,-76.58333,-0.05745,-0.10491,0.1196,208.7,CMEMS,2026-07-27
33.66667,-76.5,-0.05328,-0.09133,0.1057,210.3,CMEMS,2026-07-27
33.66667,-76.41666,-0.04489,-0.05451,0.0706,219.5,CMEMS,2026-07-27
33.66667,-76.33333,-0.04916,0.0077,0.0498,278.9,CMEMS,2026-07-27
33.66667,-76.25,-0.0596,0.10817,0.1235,331.1,CMEMS,2026-07-27
33.66667,-76.16666,-0.07649,0.26962,0.2803,344.2,CMEMS,2026-07-27
33.66667,-76.08333,-0.09713,0.49905,0.5084,349.0,CMEMS,2026-07-27
33.66667,-76.0,-0.10281,0.77937,0.7861,352.5,CMEMS,2026-07-27
33.66667,-75.91666,-0.0642,1.07433,1.0763,356.6,CMEMS,2026-07-27
33.66667,-75.83333,0.01893,1.30151,1.3017,0.8,CMEMS,2026-07-27
33.66667,-75.75,0.12348,1.38364,1.3891,5.1,CMEMS,2026-07-27
33.66667,-75.66666,0.20992,1.29909,1.3159,9.2,CMEMS,2026-07-27
33.66667,-75.58333,0.26509,1.07813,1.1102,13.8,CMEMS,2026-07-27
33.66667,-75.5,0.28549,0.76987,0.8211,20.3,CMEMS,2026-07-27
33.66667,-75.41666,0.31944,0.40911,0.5191,38.0,CMEMS,2026-07-27
33.66667,-75.33333,0.3212,0.02635,0.3223,85.3,CMEMS,2026-07-27
33.66667,-75.25,0.2973,-0.29851,0.4213,135.1,CMEMS,2026-07-27
33.75,-78.83333,0.0127,0.02266,0.026,29.3,CMEMS,2026-07-27
33.75,-78.75,0.0259,0.0204,0.033,51.8,CMEMS,2026-07-27
33.75,-78.66666,0.02128,0.01862,0.0283,48.8,CMEMS,2026-07-27
33.75,-78.58333,0.01509,0.01321,0.0201,48.8,CMEMS,2026-07-27
33.75,-78.5,0.00814,0.01538,0.0174,27.9,CMEMS,2026-07-27
33.75,-78.41666,-0.00386,0.01494,0.0154,345.5,CMEMS,2026-07-27
33.75,-78.33333,-0.0085,0.00875,0.0122,315.8,CMEMS,2026-07-27
33.75,-78.25,-0.00785,0.01916,0.0207,337.7,CMEMS,2026-07-27
33.75,-78.16666,0.00226,0.03728,0.0373,3.5,CMEMS,2026-07-27
33.75,-78.08333,0.01477,0.0453,0.0476,18.1,CMEMS,2026-07-27
33.75,-78.0,0.06748,0.02975,0.0737,66.2,CMEMS,2026-07-27
33.75,-77.91666,0.08606,0.01608,0.0875,79.4,CMEMS,2026-07-27
33.75,-77.83333,0.06184,0.03095,0.0692,63.4,CMEMS,2026-07-27
33.75,-77.75,0.03399,0.04713,0.0581,35.8,CMEMS,2026-07-27
33.75,-77.66666,0.0066,0.05164,0.0521,7.3,CMEMS,2026-07-27
33.75,-77.58333,0.0069,0.05352,0.054,7.3,CMEMS,2026-07-27
33.75,-77.5,0.00881,0.05788,0.0585,8.7,CMEMS,2026-07-27
33.75,-77.41666,0.01742,0.07972,0.0816,12.3,CMEMS,2026-07-27
33.75,-77.33333,0.04164,0.13477,0.1411,17.2,CMEMS,2026-07-27
33.75,-77.25,0.05916,0.17843,0.188,18.3,CMEMS,2026-07-27
33.75,-77.16666,0.06201,0.16801,0.1791,20.3,CMEMS,2026-07-27
33.75,-77.08333,0.05622,0.132,0.1435,23.1,CMEMS,2026-07-27
33.75,-77.0,0.03481,0.09346,0.0997,20.4,CMEMS,2026-07-27
33.75,-76.91666,0.00379,0.05672,0.0568,3.8,CMEMS,2026-07-27
33.75,-76.83333,-0.03213,0.01241,0.0344,291.1,CMEMS,2026-07-27
33.75,-76.75,-0.06756,-0.03122,0.0744,245.2,CMEMS,2026-07-27
33.75,-76.66666,-0.09586,-0.06587,0.1163,235.5,CMEMS,2026-07-27
33.75,-76.58333,-0.12643,-0.08581,0.1528,235.8,CMEMS,2026-07-27
33.75,-76.5,-0.14335,-0.08556,0.1669,239.2,CMEMS,2026-07-27
33.75,-76.41666,-0.14983,-0.05387,0.1592,250.2,CMEMS,2026-07-27
33.75,-76.33333,-0.15579,0.01903,0.1569,277.0,CMEMS,2026-07-27
33.75,-76.25,-0.1708,0.13877,0.2201,309.1,CMEMS,2026-07-27
33.75,-76.16666,-0.18226,0.31346,0.3626,329.8,CMEMS,2026-07-27
33.75,-76.08333,-0.1992,0.55217,0.587,340.2,CMEMS,2026-07-27
33.75,-76.0,-0.20512,0.83284,0.8577,346.2,CMEMS,2026-07-27
33.75,-75.91666,-0.17678,1.10821,1.1222,350.9,CMEMS,2026-07-27
33.75,-75.83333,-0.11075,1.31339,1.318,355.2,CMEMS,2026-07-27
33.75,-75.75,-0.01628,1.38248,1.3826,359.3,CMEMS,2026-07-27
33.75,-75.66666,0.07787,1.2993,1.3016,3.4,CMEMS,2026-07-27
33.75,-75.58333,0.1394,1.08893,1.0978,7.3,CMEMS,2026-07-27
33.75,-75.5,0.1894,0.78567,0.8082,13.6,CMEMS,2026-07-27
33.75,-75.41666,0.22981,0.42168,0.4802,28.6,CMEMS,2026-07-27
33.75,-75.33333,0.23477,0.03732,0.2377,81.0,CMEMS,2026-07-27
33.75,-75.25,0.20668,-0.26071,0.3327,141.6,CMEMS,2026-07-27
33.83334,-78.66666,0.01876,0.02325,0.0299,38.9,CMEMS,2026-07-27
33.83334,-78.58333,0.0303,0.02873,0.0418,46.5,CMEMS,2026-07-27
33.83334,-78.5,0.02747,0.03118,0.0416,41.4,CMEMS,2026-07-27
33.83334,-78.41666,0.02655,0.02792,0.0385,43.6,CMEMS,2026-07-27
33.83334,-78.33333,0.02446,0.02361,0.034,46.0,CMEMS,2026-07-27
33.83334,-78.25,0.02619,0.02751,0.038,43.6,CMEMS,2026-07-27
33.83334,-78.16666,0.0311,0.03395,0.046,42.5,CMEMS,2026-07-27
33.83334,-78.08333,0.06036,0.03304,0.0688,61.3,CMEMS,2026-07-27
33.83334,-78.0,0.09138,0.02245,0.0941,76.2,CMEMS,2026-07-27
33.83334,-77.91666,0.08717,0.02148,0.0898,76.2,CMEMS,2026-07-27
33.83334,-77.83333,0.04407,0.04324,0.0617,45.5,CMEMS,2026-07-27
33.83334,-77.75,0.03494,0.0566,0.0665,31.7,CMEMS,2026-07-27
33.83334,-77.66666,0.0237,0.05417,0.0591,23.6,CMEMS,2026-07-27
33.83334,-77.58333,0.01633,0.05295,0.0554,17.1,CMEMS,2026-07-27
33.83334,-77.5,0.01098,0.05288,0.054,11.7,CMEMS,2026-07-27
33.83334,-77.41666,0.01182,0.06136,0.0625,10.9,CMEMS,2026-07-27
33.83334,-77.33333,0.03702,0.09198,0.0991,21.9,CMEMS,2026-07-27
33.83334,-77.25,0.07119,0.14553,0.162,26.1,CMEMS,2026-07-27
33.83334,-77.16666,0.09322,0.16618,0.1905,29.3,CMEMS,2026-07-27
33.83334,-77.08333,0.09248,0.15176,0.1777,31.4,CMEMS,2026-07-27
33.83334,-77.0,0.06612,0.12852,0.1445,27.2,CMEMS,2026-07-27
33.83334,-76.91666,0.03229,0.10008,0.1052,17.9,CMEMS,2026-07-27
33.83334,-76.83333,-0.01065,0.06051,0.0614,350.0,CMEMS,2026-07-27
33.83334,-76.75,-0.05533,0.01909,0.0585,289.0,CMEMS,2026-07-27
33.83334,-76.66666,-0.09366,-0.01571,0.095,260.5,CMEMS,2026-07-27
33.83334,-76.58333,-0.12714,-0.04084,0.1335,252.2,CMEMS,2026-07-27
33.83334,-76.5,-0.15947,-0.04666,0.1662,253.7,CMEMS,2026-07-27
33.83334,-76.41666,-0.17731,-0.02297,0.1788,262.6,CMEMS,2026-07-27
33.83334,-76.33333,-0.18812,0.0478,0.1941,284.3,CMEMS,2026-07-27
33.83334,-76.25,-0.19256,0.17631,0.2611,312.5,CMEMS,2026-07-27
33.83334,-76.16666,-0.20113,0.36411,0.416,331.1,CMEMS,2026-07-27
33.83334,-76.08333,-0.20735,0.60596,0.6405,341.1,CMEMS,2026-07-27
33.83334,-76.0,-0.20043,0.88045,0.903,347.2,CMEMS,2026-07-27
33.83334,-75.91666,-0.17773,1.1401,1.1539,351.1,CMEMS,2026-07-27
33.83334,-75.83333,-0.12286,1.3216,1.3273,354.7,CMEMS,2026-07-27
33.83334,-75.75,-0.0509,1.37382,1.3748,357.9,CMEMS,2026-07-27
33.83334,-75.66666,0.02902,1.28719,1.2875,1.3,CMEMS,2026-07-27
33.83334,-75.58333,0.08172,1.08507,1.0881,4.3,CMEMS,2026-07-27
33.83334,-75.5,0.1317,0.78929,0.8002,9.5,CMEMS,2026-07-27
33.83334,-75.41666,0.15346,0.42296,0.4499,19.9,CMEMS,2026-07-27
33.83334,-75.33333,0.14805,0.04564,0.1549,72.9,CMEMS,2026-07-27
33.83334,-75.25,0.10737,-0.21346,0.2389,153.3,CMEMS,2026-07-27
33.91667,-78.5,0.02828,0.02992,0.0412,43.4,CMEMS,2026-07-27
33.91667,-78.41666,0.03417,0.02775,0.044,50.9,CMEMS,2026-07-27
33.91667,-78.33333,0.03623,0.02647,0.0449,53.8,CMEMS,2026-07-27
33.91667,-78.25,0.04117,0.02862,0.0501,55.2,CMEMS,2026-07-27
33.91667,-78.16666,0.05196,0.03013,0.0601,59.9,CMEMS,2026-07-27
33.91667,-78.08333,0.07889,0.0247,0.0827,72.6,CMEMS,2026-07-27
33.91667,-78.0,0.0916,0.02636,0.0953,73.9,CMEMS,2026-07-27
33.91667,-77.91666,0.06906,0.04656,0.0833,56.0,CMEMS,2026-07-27
33.91667,-77.83333,0.04627,0.05706,0.0735,39.0,CMEMS,2026-07-27
33.91667,-77.75,0.051,0.05903,0.078,40.8,CMEMS,2026-07-27
33.91667,-77.66666,0.05589,0.0598,0.0819,43.1,CMEMS,2026-07-27
33.91667,-77.58333,0.04769,0.06383,0.0797,36.8,CMEMS,2026-07-27
33.91667,-77.5,0.03432,0.0626,0.0714,28.7,CMEMS,2026-07-27
33.91667,-77.41666,0.02241,0.055,0.0594,22.2,CMEMS,2026-07-27
33.91667,-77.33333,0.02864,0.05826,0.0649,26.2,CMEMS,2026-07-27
33.91667,-77.25,0.05453,0.09343,0.1082,30.3,CMEMS,2026-07-27
33.91667,-77.16666,0.08716,0.13479,0.1605,32.9,CMEMS,2026-07-27
33.91667,-77.08333,0.09823,0.1502,0.1795,33.2,CMEMS,2026-07-27
33.91667,-77.0,0.08354,0.15324,0.1745,28.6,CMEMS,2026-07-27
33.91667,-76.91666,0.06136,0.14017,0.153,23.6,CMEMS,2026-07-27
33.91667,-76.83333,0.03075,0.10823,0.1125,15.9,CMEMS,2026-07-27
33.91667,-76.75,-0.01356,0.07239,0.0737,349.4,CMEMS,2026-07-27
33.91667,-76.66666,-0.05817,0.04019,0.0707,304.6,CMEMS,2026-07-27
33.91667,-76.58333,-0.09519,0.01655,0.0966,279.9,CMEMS,2026-07-27
33.91667,-76.5,-0.12716,0.00904,0.1275,274.1,CMEMS,2026-07-27
33.91667,-76.41666,-0.15223,0.02886,0.1549,280.7,CMEMS,2026-07-27
33.91667,-76.33333,-0.16483,0.09159,0.1886,299.1,CMEMS,2026-07-27
33.91667,-76.25,-0.16536,0.21225,0.2691,322.1,CMEMS,2026-07-27
33.91667,-76.16666,-0.16322,0.39854,0.4307,337.7,CMEMS,2026-07-27
33.91667,-76.08333,-0.15763,0.63818,0.6574,346.1,CMEMS,2026-07-27
33.91667,-76.0,-0.141,0.90253,0.9135,351.1,CMEMS,2026-07-27
33.91667,-75.91666,-0.10485,1.14433,1.1491,354.8,CMEMS,2026-07-27
33.91667,-75.83333,-0.0651,1.30987,1.3115,357.2,CMEMS,2026-07-27
33.91667,-75.75,-0.016,1.35694,1.357,359.3,CMEMS,2026-07-27
33.91667,-75.66666,0.04849,1.27884,1.2798,2.2,CMEMS,2026-07-27
33.91667,-75.58333,0.08131,1.08778,1.0908,4.3,CMEMS,2026-07-27
33.91667,-75.5,0.10811,0.80135,0.8086,7.7,CMEMS,2026-07-27
33.91667,-75.41666,0.10655,0.44367,0.4563,13.5,CMEMS,2026-07-27
33.91667,-75.33333,0.08007,0.08365,0.1158,43.7,CMEMS,2026-07-27
33.91667,-75.25,0.01655,-0.1451,0.146,173.5,CMEMS,2026-07-27
34.0,-77.83333,0.04189,0.05863,0.0721,35.5,CMEMS,2026-07-27
34.0,-77.75,0.03861,0.05585,0.0679,34.7,CMEMS,2026-07-27
34.0,-77.66666,0.04865,0.05796,0.0757,40.0,CMEMS,2026-07-27
34.0,-77.58333,0.05931,0.0726,0.0937,39.2,CMEMS,2026-07-27
34.0,-77.5,0.06204,0.0783,0.0999,38.4,CMEMS,2026-07-27
34.0,-77.41666,0.04965,0.06853,0.0846,35.9,CMEMS,2026-07-27
34.0,-77.33333,0.03473,0.05845,0.068,30.7,CMEMS,2026-07-27
34.0,-77.25,0.02889,0.07029,0.076,22.3,CMEMS,2026-07-27
34.0,-77.16666,0.04382,0.10298,0.1119,23.0,CMEMS,2026-07-27
34.0,-77.08333,0.06259,0.12977,0.1441,25.7,CMEMS,2026-07-27
34.0,-77.0,0.07604,0.14784,0.1662,27.2,CMEMS,2026-07-27
34.0,-76.91666,0.08226,0.15213,0.1729,28.4,CMEMS,2026-07-27
34.0,-76.83333,0.0761,0.1354,0.1553,29.3,CMEMS,2026-07-27
34.0,-76.75,0.04939,0.11131,0.1218,23.9,CMEMS,2026-07-27
34.0,-76.66666,0.00922,0.08572,0.0862,6.1,CMEMS,2026-07-27
34.0,-76.58333,-0.03445,0.06002,0.0692,330.1,CMEMS,2026-07-27
34.0,-76.5,-0.06823,0.04915,0.0841,305.8,CMEMS,2026-07-27
34.0,-76.41666,-0.08625,0.06812,0.1099,308.3,CMEMS,2026-07-27
34.0,-76.33333,-0.09099,0.12972,0.1585,325.0,CMEMS,2026-07-27
34.0,-76.25,-0.08442,0.24355,0.2578,340.9,CMEMS,2026-07-27
34.0,-76.16666,-0.07399,0.4195,0.426,350.0,CMEMS,2026-07-27
34.0,-76.08333,-0.05561,0.64955,0.6519,355.1,CMEMS,2026-07-27
34.0,-76.0,-0.02334,0.89995,0.9003,358.5,CMEMS,2026-07-27
34.0,-75.91666,0.01728,1.13248,1.1326,0.9,CMEMS,2026-07-27
34.0,-75.83333,0.05515,1.29317,1.2943,2.4,CMEMS,2026-07-27
34.0,-75.75,0.09494,1.34323,1.3466,4.0,CMEMS,2026-07-27
34.0,-75.66666,0.12356,1.27338,1.2794,5.5,CMEMS,2026-07-27
34.0,-75.58333,0.12986,1.09748,1.1051,6.7,CMEMS,2026-07-27
34.0,-75.5,0.12931,0.83325,0.8432,8.8,CMEMS,2026-07-27
34.0,-75.41666,0.08852,0.49868,0.5065,10.1,CMEMS,2026-07-27
34.0,-75.33333,0.0214,0.16113,0.1625,7.6,CMEMS,2026-07-27
34.0,-75.25,-0.07544,-0.06114,0.0971,231.0,CMEMS,2026-07-27
34.08334,-77.83333,0.04076,0.06656,0.078,31.5,CMEMS,2026-07-27
34.08334,-77.75,0.03111,0.05841,0.0662,28.0,CMEMS,2026-07-27
34.08334,-77.66666,0.0326,0.04511,0.0557,35.9,CMEMS,2026-07-27
34.08334,-77.58333,0.04363,0.05763,0.0723,37.1,CMEMS,2026-07-27
34.08334,-77.5,0.06338,0.07716,0.0999,39.4,CMEMS,2026-07-27
34.08334,-77.41666,0.06744,0.08293,0.1069,39.1,CMEMS,2026-07-27
34.08334,-77.33333,0.05513,0.0763,0.0941,35.9,CMEMS,2026-07-27
34.08334,-77.25,0.03726,0.07317,0.0821,27.0,CMEMS,2026-07-27
34.08334,-77.16666,0.02948,0.08293,0.088,19.6,CMEMS,2026-07-27
34.08334,-77.08333,0.03666,0.09802,0.1046,20.5,CMEMS,2026-07-27
34.08334,-77.0,0.05588,0.1152,0.128,25.9,CMEMS,2026-07-27
34.08334,-76.91666,0.07813,0.13032,0.1519,30.9,CMEMS,2026-07-27
34.08334,-76.83333,0.09109,0.1332,0.1614,34.4,CMEMS,2026-07-27
34.08334,-76.75,0.08954,0.12847,0.1566,34.9,CMEMS,2026-07-27
34.08334,-76.66666,0.07709,0.12037,0.1429,32.6,CMEMS,2026-07-27
34.08334,-76.58333,0.05814,0.10609,0.121,28.7,CMEMS,2026-07-27
34.08334,-76.5,0.0293,0.09413,0.0986,17.3,CMEMS,2026-07-27
34.08334,-76.41666,0.00372,0.09813,0.0982,2.2,CMEMS,2026-07-27
34.08334,-76.33333,-0.0022,0.14104,0.1411,359.1,CMEMS,2026-07-27
34.08334,-76.25,0.02376,0.24606,0.2472,5.5,CMEMS,2026-07-27
34.08334,-76.16666,0.05543,0.41827,0.4219,7.5,CMEMS,2026-07-27
34.08334,-76.08333,0.08472,0.64135,0.6469,7.5,CMEMS,2026-07-27
34.08334,-76.0,0.12394,0.88401,0.8927,8.0,CMEMS,2026-07-27
34.08334,-75.91666,0.18102,1.10965,1.1243,9.3,CMEMS,2026-07-27
34.08334,-75.83333,0.22529,1.27815,1.2979,10.0,CMEMS,2026-07-27
34.08334,-75.75,0.26501,1.34814,1.3739,11.1,CMEMS,2026-07-27
34.08334,-75.66666,0.25999,1.30658,1.3322,11.3,CMEMS,2026-07-27
34.08334,-75.58333,0.23087,1.15276,1.1757,11.3,CMEMS,2026-07-27
34.08334,-75.5,0.1895,0.90293,0.9226,11.9,CMEMS,2026-07-27
34.08334,-75.41666,0.11656,0.58653,0.598,11.2,CMEMS,2026-07-27
34.08334,-75.33333,0.01579,0.26731,0.2678,3.4,CMEMS,2026-07-27
34.08334,-75.25,-0.10812,0.03867,0.1148,289.7,CMEMS,2026-07-27
34.16667,-77.75,0.05806,0.06271,0.0855,42.8,CMEMS,2026-07-27
34.16667,-77.66666,0.0491,0.04774,0.0685,45.8,CMEMS,2026-07-27
34.16667,-77.58333,0.04135,0.03754,0.0558,47.8,CMEMS,2026-07-27
34.16667,-77.5,0.05073,0.04838,0.0701,46.4,CMEMS,2026-07-27
34.16667,-77.41666,0.06638,0.06569,0.0934,45.3,CMEMS,2026-07-27
34.16667,-77.33333,0.07962,0.0765,0.1104,46.1,CMEMS,2026-07-27
34.16667,-77.25,0.08353,0.083,0.1178,45.2,CMEMS,2026-07-27
34.16667,-77.16666,0.07536,0.0909,0.1181,39.7,CMEMS,2026-07-27
34.16667,-77.08333,0.0589,0.0963,0.1129,31.4,CMEMS,2026-07-27
34.16667,-77.0,0.04822,0.09716,0.1085,26.4,CMEMS,2026-07-27
34.16667,-76.91666,0.05219,0.09896,0.1119,27.8,CMEMS,2026-07-27
34.16667,-76.83333,0.06657,0.10117,0.1211,33.3,CMEMS,2026-07-27
34.16667,-76.75,0.08247,0.10371,0.1325,38.5,CMEMS,2026-07-27
34.16667,-76.66666,0.09712,0.10718,0.1446,42.2,CMEMS,2026-07-27
34.16667,-76.58333,0.11172,0.10807,0.1554,46.0,CMEMS,2026-07-27
34.16667,-76.5,0.12136,0.11165,0.1649,47.4,CMEMS,2026-07-27
34.16667,-76.41666,0.12397,0.13003,0.1797,43.6,CMEMS,2026-07-27
34.16667,-76.33333,0.10825,0.16673,0.1988,33.0,CMEMS,2026-07-27
34.16667,-76.25,0.12213,0.23519,0.265,27.4,CMEMS,2026-07-27
34.16667,-76.16666,0.16291,0.37816,0.4118,23.3,CMEMS,2026-07-27
34.16667,-76.08333,0.21309,0.59104,0.6283,19.8,CMEMS,2026-07-27
34.16667,-76.0,0.27625,0.83047,0.8752,18.4,CMEMS,2026-07-27
34.16667,-75.91666,0.33415,1.06007,1.1115,17.5,CMEMS,2026-07-27
34.16667,-75.83333,0.40414,1.23833,1.3026,18.1,CMEMS,2026-07-27
34.16667,-75.75,0.43464,1.3217,1.3913,18.2,CMEMS,2026-07-27
34.16667,-75.66666,0.39176,1.29027,1.3484,16.9,CMEMS,2026-07-27
34.16667,-75.58333,0.33971,1.16381,1.2124,16.3,CMEMS,2026-07-27
34.16667,-75.5,0.27488,0.96184,1.0004,15.9,CMEMS,2026-07-27
34.16667,-75.41666,0.18404,0.69834,0.7222,14.8,CMEMS,2026-07-27
34.16667,-75.33333,0.06433,0.4153,0.4203,8.8,CMEMS,2026-07-27
34.16667,-75.25,-0.07093,0.18387,0.1971,338.9,CMEMS,2026-07-27
34.25,-77.75,0.06432,0.06974,0.0949,42.7,CMEMS,2026-07-27
34.25,-77.66666,0.07363,0.0693,0.1011,46.7,CMEMS,2026-07-27
34.25,-77.58333,0.06888,0.05367,0.0873,52.1,CMEMS,2026-07-27
34.25,-77.5,0.059,0.03751,0.0699,57.6,CMEMS,2026-07-27
34.25,-77.41666,0.06295,0.03782,0.0734,59.0,CMEMS,2026-07-27
34.25,-77.33333,0.07727,0.04369,0.0888,60.5,CMEMS,2026-07-27
34.25,-77.25,0.10031,0.05518,0.1145,61.2,CMEMS,2026-07-27
34.25,-77.16666,0.11746,0.07686,0.1404,56.8,CMEMS,2026-07-27
34.25,-77.08333,0.11861,0.10095,0.1558,49.6,CMEMS,2026-07-27
34.25,-77.0,0.1075,0.11175,0.1551,43.9,CMEMS,2026-07-27
34.25,-76.91666,0.09546,0.10757,0.1438,41.6,CMEMS,2026-07-27
34.25,-76.83333,0.09056,0.09588,0.1319,43.4,CMEMS,2026-07-27
34.25,-76.75,0.09489,0.08429,0.1269,48.4,CMEMS,2026-07-27
34.25,-76.66666,0.11079,0.07585,0.1343,55.6,CMEMS,2026-07-27
34.25,-76.58333,0.14374,0.06844,0.1592,64.5,CMEMS,2026-07-27
34.25,-76.5,0.18415,0.07005,0.197,69.2,CMEMS,2026-07-27
34.25,-76.41666,0.22959,0.09397,0.2481,67.7,CMEMS,2026-07-27
34.25,-76.33333,0.25478,0.14888,0.2951,59.7,CMEMS,2026-07-27
34.25,-76.25,0.2383,0.232,0.3326,45.8,CMEMS,2026-07-27
34.25,-76.16666,0.25227,0.34804,0.4299,35.9,CMEMS,2026-07-27
34.25,-76.08333,0.29643,0.5093,0.5893,30.2,CMEMS,2026-07-27
34.25,-76.0,0.39032,0.71895,0.8181,28.5,CMEMS,2026-07-27
34.25,-75.91666,0.4832,0.94278,1.0594,27.1,CMEMS,2026-07-27
34.25,-75.83333,0.53585,1.12942,1.2501,25.4,CMEMS,2026-07-27
34.25,-75.75,0.51707,1.23075,1.335,22.8,CMEMS,2026-07-27
34.25,-75.66666,0.48689,1.25276,1.344,21.2,CMEMS,2026-07-27
34.25,-75.58333,0.47069,1.20463,1.2933,21.3,CMEMS,2026-07-27
34.25,-75.5,0.41309,1.0761,1.1527,21.0,CMEMS,2026-07-27
34.25,-75.41666,0.31121,0.86763,0.9218,19.7,CMEMS,2026-07-27
34.25,-75.33333,0.17385,0.61208,0.6363,15.9,CMEMS,2026-07-27
34.25,-75.25,0.01623,0.37195,0.3723,2.5,CMEMS,2026-07-27
34.33334,-77.66666,0.0578,0.06759,0.0889,40.5,CMEMS,2026-07-27
34.33334,-77.58333,0.08821,0.06312,0.1085,54.4,CMEMS,2026-07-27
34.33334,-77.5,0.10529,0.05263,0.1177,63.4,CMEMS,2026-07-27
34.33334,-77.41666,0.09881,0.04171,0.1073,67.1,CMEMS,2026-07-27
34.33334,-77.33333,0.09289,0.03448,0.0991,69.6,CMEMS,2026-07-27
34.33334,-77.25,0.08968,0.03468,0.0961,68.9,CMEMS,2026-07-27
34.33334,-77.16666,0.09423,0.05119,0.1072,61.5,CMEMS,2026-07-27
34.33334,-77.08333,0.10629,0.07711,0.1313,54.0,CMEMS,2026-07-27
34.33334,-77.0,0.12309,0.09378,0.1547,52.7,CMEMS,2026-07-27
34.33334,-76.91666,0.13563,0.09455,0.1653,55.1,CMEMS,2026-07-27
34.33334,-76.83333,0.14323,0.08361,0.1658,59.7,CMEMS,2026-07-27
34.33334,-76.75,0.15897,0.07221,0.1746,65.6,CMEMS,2026-07-27
34.33334,-76.66666,0.17248,0.05843,0.1821,71.3,CMEMS,2026-07-27
34.33334,-76.58333,0.2139,0.03067,0.2161,81.8,CMEMS,2026-07-27
34.33334,-76.5,0.27303,0.01348,0.2734,87.2,CMEMS,2026-07-27
34.33334,-76.41666,0.31386,0.04325,0.3168,82.2,CMEMS,2026-07-27
34.33334,-76.33333,0.32332,0.1066,0.3404,71.8,CMEMS,2026-07-27
34.33334,-76.25,0.32608,0.1866,0.3757,60.2,CMEMS,2026-07-27
34.33334,-76.16666,0.32779,0.30818,0.4499,46.8,CMEMS,2026-07-27
34.33334,-76.08333,0.32591,0.45067,0.5562,35.9,CMEMS,2026-07-27
34.33334,-76.0,0.42367,0.59535,0.7307,35.4,CMEMS,2026-07-27
34.33334,-75.91666,0.53034,0.77423,0.9385,34.4,CMEMS,2026-07-27
34.33334,-75.83333,0.57897,0.97674,1.1354,30.7,CMEMS,2026-07-27
34.33334,-75.75,0.62418,1.16753,1.3239,28.1,CMEMS,2026-07-27
34.33334,-75.66666,0.6785,1.29915,1.4657,27.6,CMEMS,2026-07-27
34.33334,-75.58333,0.68193,1.32602,1.4911,27.2,CMEMS,2026-07-27
34.33334,-75.5,0.59001,1.22621,1.3608,25.7,CMEMS,2026-07-27
34.33334,-75.41666,0.46397,1.02525,1.1253,24.3,CMEMS,2026-07-27
34.33334,-75.33333,0.32568,0.78476,0.8497,22.5,CMEMS,2026-07-27
34.33334,-75.25,0.16302,0.55333,0.5768,16.4,CMEMS,2026-07-27
34.41667,-77.58333,0.05111,0.05934,0.0783,40.7,CMEMS,2026-07-27
34.41667,-77.5,0.08737,0.05632,0.1039,57.2,CMEMS,2026-07-27
34.41667,-77.41666,0.11116,0.05608,0.1245,63.2,CMEMS,2026-07-27
34.41667,-77.33333,0.127,0.05297,0.1376,67.4,CMEMS,2026-07-27
34.41667,-77.25,0.1256,0.04974,0.1351,68.4,CMEMS,2026-07-27
34.41667,-77.16666,0.09765,0.05062,0.11,62.6,CMEMS,2026-07-27
34.41667,-77.08333,0.08465,0.05542,0.1012,56.8,CMEMS,2026-07-27
34.41667,-77.0,0.08872,0.06255,0.1086,54.8,CMEMS,2026-07-27
34.41667,-76.91666,0.10042,0.06366,0.1189,57.6,CMEMS,2026-07-27
34.41667,-76.83333,0.1217,0.05806,0.1348,64.5,CMEMS,2026-07-27
34.41667,-76.75,0.14,0.04874,0.1482,70.8,CMEMS,2026-07-27
34.41667,-76.66666,0.14563,0.02134,0.1472,81.7,CMEMS,2026-07-27
34.41667,-76.58333,0.21172,-0.02461,0.2131,96.6,CMEMS,2026-07-27
34.41667,-76.5,0.22821,-0.05994,0.236,104.7,CMEMS,2026-07-27
34.41667,-76.41666,0.18277,-0.04448,0.1881,103.7,CMEMS,2026-07-27
34.41667,-76.33333,0.1016,0.03877,0.1087,69.1,CMEMS,2026-07-27
34.41667,-76.25,0.10743,0.11672,0.1586,42.6,CMEMS,2026-07-27
34.41667,-76.16666,0.15383,0.20972,0.2601,36.3,CMEMS,2026-07-27
34.41667,-76.08333,0.23246,0.3659,0.4335,32.4,CMEMS,2026-07-27
34.41667,-76.0,0.35375,0.49839,0.6112,35.4,CMEMS,2026-07-27
34.41667,-75.91666,0.45708,0.629,0.7775,36.0,CMEMS,2026-07-27
34.41667,-75.83333,0.56968,0.84668,1.0205,33.9,CMEMS,2026-07-27
34.41667,-75.75,0.72071,1.09146,1.3079,33.4,CMEMS,2026-07-27
34.41667,-75.66666,0.84485,1.25388,1.5119,34.0,CMEMS,2026-07-27
34.41667,-75.58333,0.83169,1.29307,1.5374,32.7,CMEMS,2026-07-27
34.41667,-75.5,0.71703,1.22183,1.4167,30.4,CMEMS,2026-07-27
34.41667,-75.41666,0.62076,1.08138,1.2469,29.9,CMEMS,2026-07-27
34.41667,-75.33333,0.52201,0.90048,1.0408,30.1,CMEMS,2026-07-27
34.41667,-75.25,0.37864,0.70129,0.797,28.4,CMEMS,2026-07-27
34.5,-77.41666,0.05532,0.05638,0.079,44.5,CMEMS,2026-07-27
34.5,-77.33333,0.08273,0.06144,0.103,53.4,CMEMS,2026-07-27
34.5,-77.25,0.09645,0.0717,0.1202,53.4,CMEMS,2026-07-27
34.5,-77.16666,0.10318,0.07275,0.1263,54.8,CMEMS,2026-07-27
34.5,-77.08333,0.0916,0.06265,0.111,55.6,CMEMS,2026-07-27
34.5,-77.0,0.0843,0.05628,0.1014,56.3,CMEMS,2026-07-27
34.5,-76.91666,0.08962,0.05297,0.1041,59.4,CMEMS,2026-07-27
34.5,-76.83333,0.10154,0.04403,0.1107,66.6,CMEMS,2026-07-27
34.5,-76.75,0.11589,0.03026,0.1198,75.4,CMEMS,2026-07-27
34.5,-76.66666,0.12815,-0.02345,0.1303,100.4,CMEMS,2026-07-27
34.5,-76.58333,0.18219,-0.0734,0.1964,111.9,CMEMS,2026-07-27
34.5,-76.5,0.20962,-0.04283,0.214,101.5,CMEMS,2026-07-27
34.5,-76.41666,0.12005,0.01474,0.121,83.0,CMEMS,2026-07-27
34.5,-76.33333,0.02169,0.08646,0.0891,14.1,CMEMS,2026-07-27
34.5,-76.25,0.00505,0.13325,0.1333,2.2,CMEMS,2026-07-27
34.5,-76.16666,0.02554,0.14327,0.1455,10.1,CMEMS,2026-07-27
34.5,-76.08333,0.13402,0.21642,0.2546,31.8,CMEMS,2026-07-27
34.5,-76.0,0.29668,0.36262,0.4685,39.3,CMEMS,2026-07-27
34.5,-75.91666,0.4116,0.50656,0.6527,39.1,CMEMS,2026-07-27
34.5,-75.83333,0.53509,0.67392,0.8605,38.4,CMEMS,2026-07-27
34.5,-75.75,0.7118,0.88006,1.1319,39.0,CMEMS,2026-07-27
34.5,-75.66666,0.8335,1.06299,1.3508,38.1,CMEMS,2026-07-27
34.5,-75.58333,0.84246,1.17989,1.4498,35.5,CMEMS,2026-07-27
34.5,-75.5,0.81853,1.23577,1.4823,33.5,CMEMS,2026-07-27
34.5,-75.41666,0.79492,1.2185,1.4549,33.1,CMEMS,2026-07-27
34.5,-75.33333,0.72548,1.11109,1.327,33.1,CMEMS,2026-07-27
34.5,-75.25,0.5857,0.93216,1.1009,32.1,CMEMS,2026-07-27
34.58334,-77.16666,0.07679,0.07266,0.1057,46.6,CMEMS,2026-07-27
34.58334,-77.08333,0.09338,0.06803,0.1155,53.9,CMEMS,2026-07-27
34.58334,-77.0,0.10394,0.0551,0.1176,62.1,CMEMS,2026-07-27
34.58334,-76.91666,0.11673,0.0398,0.1233,71.2,CMEMS,2026-07-27
34.58334,-76.83333,0.13078,0.02872,0.1339,77.6,CMEMS,2026-07-27
34.58334,-76.75,0.14009,0.0171,0.1411,83.0,CMEMS,2026-07-27
34.58334,-76.66666,0.13253,-0.01076,0.133,94.6,CMEMS,2026-07-27
34.58334,-76.58333,0.1597,-0.03759,0.1641,103.2,CMEMS,2026-07-27
34.58334,-76.5,0.12596,-0.01286,0.1266,95.8,CMEMS,2026-07-27
34.58334,-76.41666,0.05486,0.06025,0.0815,42.3,CMEMS,2026-07-27
34.58334,-76.33333,0.02998,0.13161,0.135,12.8,CMEMS,2026-07-27
34.58334,-76.25,0.02714,0.15128,0.1537,10.2,CMEMS,2026-07-27
34.58334,-76.16666,0.04685,0.10722,0.117,23.6,CMEMS,2026-07-27
34.58334,-76.08333,0.08596,0.07768,0.1159,47.9,CMEMS,2026-07-27
34.58334,-76.0,0.18637,0.15649,0.2434,50.0,CMEMS,2026-07-27
34.58334,-75.91666,0.31349,0.32253,0.4498,44.2,CMEMS,2026-07-27
34.58334,-75.83333,0.43951,0.50041,0.666,41.3,CMEMS,2026-07-27
34.58334,-75.75,0.58854,0.66499,0.888,41.5,CMEMS,2026-07-27
34.58334,-75.66666,0.7233,0.85669,1.1212,40.2,CMEMS,2026-07-27
34.58334,-75.58333,0.83553,1.07747,1.3635,37.8,CMEMS,2026-07-27
34.58334,-75.5,0.92347,1.24957,1.5538,36.5,CMEMS,2026-07-27
34.58334,-75.41666,0.94846,1.30703,1.6149,36.0,CMEMS,2026-07-27
34.58334,-75.33333,0.87784,1.24179,1.5207,35.3,CMEMS,2026-07-27
34.58334,-75.25,0.74627,1.09364,1.324,34.3,CMEMS,2026-07-27
34.66667,-77.08333,0.04526,0.06397,0.0784,35.3,CMEMS,2026-07-27
34.66667,-77.0,0.06392,0.05363,0.0834,50.0,CMEMS,2026-07-27
34.66667,-76.91666,0.07553,0.04039,0.0856,61.9,CMEMS,2026-07-27
34.66667,-76.83333,0.07566,0.02761,0.0805,69.9,CMEMS,2026-07-27
34.66667,-76.75,0.11413,0.01161,0.1147,84.2,CMEMS,2026-07-27
34.66667,-76.66666,0.12609,-0.0077,0.1263,93.5,CMEMS,2026-07-27
34.66667,-76.58333,0.15765,-0.0003,0.1577,90.1,CMEMS,2026-07-27
34.66667,-76.5,0.13556,0.02609,0.138,79.1,CMEMS,2026-07-27
34.66667,-76.41666,0.07205,0.08086,0.1083,41.7,CMEMS,2026-07-27
34.66667,-76.33333,0.07464,0.14901,0.1667,26.6,CMEMS,2026-07-27
34.66667,-76.25,0.09416,0.15382,0.1804,31.5,CMEMS,2026-07-27
34.66667,-76.16666,0.10316,0.09623,0.1411,47.0,CMEMS,2026-07-27
34.66667,-76.08333,0.0892,0.04783,0.1012,61.8,CMEMS,2026-07-27
34.66667,-76.0,0.08544,0.07188,0.1117,49.9,CMEMS,2026-07-27
34.66667,-75.91666,0.14674,0.17841,0.231,39.4,CMEMS,2026-07-27
34.66667,-75.83333,0.27214,0.33836,0.4342,38.8,CMEMS,2026-07-27
34.66667,-75.75,0.42249,0.51325,0.6648,39.5,CMEMS,2026-07-27
34.66667,-75.66666,0.57476,0.70288,0.908,39.3,CMEMS,2026-07-27
34.66667,-75.58333,0.74869,0.91381,1.1813,39.3,CMEMS,2026-07-27
34.66667,-75.5,0.89187,1.10699,1.4216,38.9,CMEMS,2026-07-27
34.66667,-75.41666,0.97367,1.2218,1.5623,38.6,CMEMS,2026-07-27
34.66667,-75.33333,0.97007,1.24279,1.5766,38.0,CMEMS,2026-07-27
34.66667,-75.25,0.90947,1.1784,1.4885,37.7,CMEMS,2026-07-27
34.75,-76.5,0.09419,0.08954,0.13,46.4,CMEMS,2026-07-27
34.75,-76.41666,0.0336,0.10951,0.1145,17.1,CMEMS,2026-07-27
34.75,-76.33333,0.1063,0.13552,0.1722,38.1,CMEMS,2026-07-27
34.75,-76.25,0.13311,0.14181,0.1945,43.2,CMEMS,2026-07-27
34.75,-76.16666,0.12853,0.10635,0.1668,50.4,CMEMS,2026-07-27
34.75,-76.08333,0.10126,0.06753,0.1217,56.3,CMEMS,2026-07-27
34.75,-76.0,0.06343,0.07178,0.0958,41.5,CMEMS,2026-07-27
34.75,-75.91666,0.06948,0.11128,0.1312,32.0,CMEMS,2026-07-27
34.75,-75.83333,0.13418,0.18382,0.2276,36.1,CMEMS,2026-07-27
34.75,-75.75,0.25891,0.3019,0.3977,40.6,CMEMS,2026-07-27
34.75,-75.66666,0.41746,0.46831,0.6274,41.7,CMEMS,2026-07-27
34.75,-75.58333,0.59255,0.68304,0.9042,40.9,CMEMS,2026-07-27
34.75,-75.5,0.73938,0.9153,1.1766,38.9,CMEMS,2026-07-27
34.75,-75.41666,0.88628,1.11371,1.4233,38.5,CMEMS,2026-07-27
34.75,-75.33333,0.97516,1.23634,1.5746,38.3,CMEMS,2026-07-27
34.75,-75.25,0.98964,1.25996,1.6022,38.1,CMEMS,2026-07-27
34.83334,-76.5,0.05823,0.09945,0.1152,30.3,CMEMS,2026-07-27
34.83334,-76.41666,0.07309,0.11525,0.1365,32.4,CMEMS,2026-07-27
34.83334,-76.33333,0.07736,0.13028,0.1515,30.7,CMEMS,2026-07-27
34.83334,-76.25,0.13845,0.13931,0.1964,44.8,CMEMS,2026-07-27
34.83334,-76.16666,0.15438,0.13289,0.2037,49.3,CMEMS,2026-07-27
34.83334,-76.08333,0.14189,0.11038,0.1798,52.1,CMEMS,2026-07-27
34.83334,-76.0,0.1182,0.09687,0.1528,50.7,CMEMS,2026-07-27
34.83334,-75.91666,0.10896,0.10083,0.1485,47.2,CMEMS,2026-07-27
34.83334,-75.83333,0.13543,0.11591,0.1783,49.4,CMEMS,2026-07-27
34.83334,-75.75,0.19131,0.15778,0.248,50.5,CMEMS,2026-07-27
34.83334,-75.66666,0.26936,0.24637,0.365,47.6,CMEMS,2026-07-27
34.83334,-75.58333,0.38022,0.40646,0.5566,43.1,CMEMS,2026-07-27
34.83334,-75.5,0.56163,0.65072,0.8596,40.8,CMEMS,2026-07-27
34.83334,-75.41666,0.75303,0.92377,1.1918,39.2,CMEMS,2026-07-27
34.83334,-75.33333,0.91826,1.14979,1.4715,38.6,CMEMS,2026-07-27
34.83334,-75.25,1.01915,1.28091,1.6369,38.5,CMEMS,2026-07-27
34.91667,-76.33333,0.05395,0.16786,0.1763,17.8,CMEMS,2026-07-27
34.91667,-76.25,0.03984,0.17854,0.1829,12.6,CMEMS,2026-07-27
34.91667,-76.16666,0.09985,0.16015,0.1887,31.9,CMEMS,2026-07-27
34.91667,-76.08333,0.17891,0.12913,0.2206,54.2,CMEMS,2026-07-27
34.91667,-76.0,0.18025,0.10836,0.2103,59.0,CMEMS,2026-07-27
34.91667,-75.91666,0.16352,0.08972,0.1865,61.2,CMEMS,2026-07-27
34.91667,-75.83333,0.16469,0.07372,0.1804,65.9,CMEMS,2026-07-27
34.91667,-75.75,0.17963,0.08127,0.1972,65.7,CMEMS,2026-07-27
34.91667,-75.66666,0.21112,0.15248,0.2604,54.2,CMEMS,2026-07-27
34.91667,-75.58333,0.26877,0.26773,0.3794,45.1,CMEMS,2026-07-27
34.91667,-75.5,0.38211,0.43838,0.5815,41.1,CMEMS,2026-07-27
34.91667,-75.41666,0.55498,0.65794,0.8608,40.1,CMEMS,2026-07-27
34.91667,-75.33333,0.77188,0.89146,1.1792,40.9,CMEMS,2026-07-27
34.91667,-75.25,0.93696,1.10611,1.4496,40.3,CMEMS,2026-07-27
35.0,-76.58333,-0.0161,0.02849,0.0327,330.5,CMEMS,2026-07-27
35.0,-76.5,-0.0201,0.03548,0.0408,330.5,CMEMS,2026-07-27
35.0,-76.41666,-0.03999,0.07345,0.0836,331.4,CMEMS,2026-07-27
35.0,-76.33333,-0.06713,0.13345,0.1494,333.3,CMEMS,2026-07-27
35.0,-76.25,0.00678,0.16037,0.1605,2.4,CMEMS,2026-07-27
35.0,-76.08333,0.10823,0.14543,0.1813,36.7,CMEMS,2026-07-27
35.0,-76.0,0.12349,0.13188,0.1807,43.1,CMEMS,2026-07-27
35.0,-75.91666,0.14703,0.10151,0.1787,55.4,CMEMS,2026-07-27
35.0,-75.83333,0.12851,0.07544,0.149,59.6,CMEMS,2026-07-27
35.0,-75.75,0.1114,0.06123,0.1271,61.2,CMEMS,2026-07-27
35.0,-75.66666,0.11917,0.08623,0.1471,54.1,CMEMS,2026-07-27
35.0,-75.58333,0.15354,0.17233,0.2308,41.7,CMEMS,2026-07-27
35.0,-75.5,0.24107,0.3095,0.3923,37.9,CMEMS,2026-07-27
35.0,-75.41666,0.37136,0.48693,0.6124,37.3,CMEMS,2026-07-27
35.0,-75.33333,0.56448,0.72432,0.9183,37.9,CMEMS,2026-07-27
35.0,-75.25,0.78867,0.98943,1.2653,38.6,CMEMS,2026-07-27
35.08334,-76.58333,-0.00845,0.03114,0.0323,344.8,CMEMS,2026-07-27
35.08334,-76.5,-0.01067,0.03854,0.04,344.5,CMEMS,2026-07-27
35.08334,-76.41666,-0.02513,0.05565,0.0611,335.7,CMEMS,2026-07-27
35.08334,-76.33333,-0.02966,0.08608,0.091,341.0,CMEMS,2026-07-27
35.08334,-76.25,0.02013,0.1089,0.1107,10.5,CMEMS,2026-07-27
35.08334,-76.16666,0.07943,0.09816,0.1263,39.0,CMEMS,2026-07-27
35.08334,-76.08333,0.02495,0.10677,0.1096,13.2,CMEMS,2026-07-27
35.08334,-76.0,0.04747,0.1218,0.1307,21.3,CMEMS,2026-07-27
35.08334,-75.91666,0.08664,0.10989,0.1399,38.3,CMEMS,2026-07-27
35.08334,-75.83333,0.1437,0.09963,0.1749,55.3,CMEMS,2026-07-27
35.08334,-75.75,0.13561,0.0937,0.1648,55.4,CMEMS,2026-07-27
35.08334,-75.66666,0.13292,0.0942,0.1629,54.7,CMEMS,2026-07-27
35.08334,-75.58333,0.15288,0.10571,0.1859,55.3,CMEMS,2026-07-27
35.08334,-75.5,0.289,0.20183,0.3525,55.1,CMEMS,2026-07-27
35.08334,-75.41666,0.47976,0.38779,0.6169,51.1,CMEMS,2026-07-27
35.08334,-75.33333,0.59827,0.60988,0.8543,44.4,CMEMS,2026-07-27
35.08334,-75.25,0.81682,0.86328,1.1885,43.4,CMEMS,2026-07-27
35.16667,-76.58333,0.0065,0.0396,0.0401,9.3,CMEMS,2026-07-27
35.16667,-76.5,0.00878,0.04537,0.0462,10.9,CMEMS,2026-07-27
35.16667,-76.41666,0.00832,0.0571,0.0577,8.3,CMEMS,2026-07-27
35.16667,-76.33333,0.01829,0.06897,0.0713,14.8,CMEMS,2026-07-27
35.16667,-76.25,0.04242,0.07408,0.0854,29.8,CMEMS,2026-07-27
35.16667,-76.16666,0.0655,0.07632,0.1006,40.6,CMEMS,2026-07-27
35.16667,-76.08333,0.06141,0.08904,0.1082,34.6,CMEMS,2026-07-27
35.16667,-76.0,0.07412,0.10457,0.1282,35.3,CMEMS,2026-07-27
35.16667,-75.91666,0.0911,0.11222,0.1445,39.1,CMEMS,2026-07-27
35.16667,-75.83333,0.08504,0.12456,0.1508,34.3,CMEMS,2026-07-27
35.16667,-75.75,0.11003,0.12942,0.1699,40.4,CMEMS,2026-07-27
35.16667,-75.66666,0.15666,0.14681,0.2147,46.9,CMEMS,2026-07-27
35.16667,-75.58333,0.1821,0.14888,0.2352,50.7,CMEMS,2026-07-27
35.16667,-75.5,0.29143,0.17369,0.3393,59.2,CMEMS,2026-07-27
35.16667,-75.41666,0.24864,0.26644,0.3644,43.0,CMEMS,2026-07-27
35.16667,-75.33333,0.27795,0.38864,0.4778,35.6,CMEMS,2026-07-27
35.16667,-75.25,0.46989,0.54787,0.7218,40.6,CMEMS,2026-07-27
