lat,lon,u,v,speed_ms,dir_deg,source,date
29.83334,-81.25,-0.00728,0.04928,0.0498,351.6,CMEMS,2026-08-13
29.83334,-81.16666,-0.01062,0.03534,0.0369,343.3,CMEMS,2026-08-13
29.83334,-81.08333,-0.01098,0.01381,0.0176,321.5,CMEMS,2026-08-13
29.83334,-81.0,-0.01681,-0.00339,0.0171,258.6,CMEMS,2026-08-13
29.83334,-80.91666,-0.02127,-0.02152,0.0303,224.7,CMEMS,2026-08-13
29.83334,-80.83333,-0.01845,-0.02747,0.0331,213.9,CMEMS,2026-08-13
29.83334,-80.75,-0.01348,-0.027,0.0302,206.5,CMEMS,2026-08-13
29.83334,-80.66666,-0.00645,-0.04143,0.0419,188.8,CMEMS,2026-08-13
29.83334,-80.58333,0.00321,-0.06964,0.0697,177.4,CMEMS,2026-08-13
29.83334,-80.5,0.01464,-0.08278,0.0841,170.0,CMEMS,2026-08-13
29.83334,-80.41666,0.03036,0.02109,0.037,55.2,CMEMS,2026-08-13
29.83334,-80.33333,0.06308,0.31928,0.3254,11.2,CMEMS,2026-08-13
29.83334,-80.25,0.06831,1.00965,1.012,3.9,CMEMS,2026-08-13
29.83334,-80.16666,0.07424,1.70372,1.7053,2.5,CMEMS,2026-08-13
29.83334,-80.08333,0.00092,1.95035,1.9503,0.0,CMEMS,2026-08-13
29.83334,-80.0,0.01966,1.85701,1.8571,0.6,CMEMS,2026-08-13
29.83334,-79.91666,0.03897,1.6639,1.6644,1.3,CMEMS,2026-08-13
29.83334,-79.83333,0.02014,1.45227,1.4524,0.8,CMEMS,2026-08-13
29.83334,-79.75,0.00495,1.1561,1.1561,0.2,CMEMS,2026-08-13
29.83334,-79.66666,0.00202,0.83235,0.8324,0.1,CMEMS,2026-08-13
29.83334,-79.58333,0.00471,0.51236,0.5124,0.5,CMEMS,2026-08-13
29.83334,-79.5,0.00316,0.17329,0.1733,1.0,CMEMS,2026-08-13
29.83334,-79.41666,0.00931,-0.17509,0.1753,177.0,CMEMS,2026-08-13
29.83334,-79.33333,0.0128,-0.43463,0.4348,178.3,CMEMS,2026-08-13
29.83334,-79.25,-0.01703,-0.41927,0.4196,182.3,CMEMS,2026-08-13
29.83334,-79.16666,-0.06687,-0.32964,0.3364,191.5,CMEMS,2026-08-13
29.83334,-79.08333,-0.09733,-0.32705,0.3412,196.6,CMEMS,2026-08-13
29.83334,-79.0,-0.12031,-0.29467,0.3183,202.2,CMEMS,2026-08-13
29.83334,-78.91666,-0.13978,-0.23513,0.2735,210.7,CMEMS,2026-08-13
29.83334,-78.83333,-0.15154,-0.16718,0.2256,222.2,CMEMS,2026-08-13
29.83334,-78.75,-0.1581,-0.07737,0.176,243.9,CMEMS,2026-08-13
29.83334,-78.66666,-0.16295,0.0246,0.1648,278.6,CMEMS,2026-08-13
29.83334,-78.58333,-0.17154,0.10988,0.2037,302.6,CMEMS,2026-08-13
29.83334,-78.5,-0.18397,0.1744,0.2535,313.5,CMEMS,2026-08-13
29.83334,-78.41666,-0.20041,0.22129,0.2985,317.8,CMEMS,2026-08-13
29.83334,-78.33333,-0.22891,0.25648,0.3438,318.3,CMEMS,2026-08-13
29.83334,-78.25,-0.27148,0.29548,0.4013,317.4,CMEMS,2026-08-13
29.83334,-78.16666,-0.3167,0.33892,0.4639,316.9,CMEMS,2026-08-13
29.83334,-78.08333,-0.35476,0.37925,0.5193,316.9,CMEMS,2026-08-13
29.83334,-78.0,-0.38496,0.4133,0.5648,317.0,CMEMS,2026-08-13
29.83334,-77.91666,-0.40818,0.43548,0.5969,316.9,CMEMS,2026-08-13
29.83334,-77.83333,-0.42105,0.44655,0.6138,316.7,CMEMS,2026-08-13
29.83334,-77.75,-0.42714,0.45195,0.6219,316.6,CMEMS,2026-08-13
29.83334,-77.66666,-0.42884,0.4498,0.6215,316.4,CMEMS,2026-08-13
29.83334,-77.58333,-0.42165,0.42619,0.5995,315.3,CMEMS,2026-08-13
29.83334,-77.5,-0.39673,0.35945,0.5353,312.2,CMEMS,2026-08-13
29.83334,-77.41666,-0.3523,0.25761,0.4364,306.2,CMEMS,2026-08-13
29.83334,-77.33333,-0.30537,0.1541,0.3421,296.8,CMEMS,2026-08-13
29.83334,-77.25,-0.27348,0.07467,0.2835,285.3,CMEMS,2026-08-13
29.83334,-77.16666,-0.25413,0.02083,0.255,274.7,CMEMS,2026-08-13
29.83334,-77.08333,-0.24196,-0.02389,0.2431,264.4,CMEMS,2026-08-13
29.83334,-77.0,-0.23231,-0.0801,0.2457,251.0,CMEMS,2026-08-13
29.83334,-76.91666,-0.21778,-0.15198,0.2656,235.1,CMEMS,2026-08-13
29.83334,-76.83333,-0.19946,-0.22915,0.3038,221.0,CMEMS,2026-08-13
29.83334,-76.75,-0.18362,-0.29445,0.347,211.9,CMEMS,2026-08-13
29.83334,-76.66666,-0.16995,-0.35845,0.3967,205.4,CMEMS,2026-08-13
29.83334,-76.58333,-0.15388,-0.43419,0.4606,199.5,CMEMS,2026-08-13
29.83334,-76.5,-0.13223,-0.52413,0.5405,194.2,CMEMS,2026-08-13
29.83334,-76.41666,-0.11173,-0.61761,0.6276,190.3,CMEMS,2026-08-13
29.83334,-76.33333,-0.1052,-0.71141,0.7191,188.4,CMEMS,2026-08-13
29.83334,-76.25,-0.11405,-0.79661,0.8047,188.1,CMEMS,2026-08-13
29.83334,-76.16666,-0.1273,-0.80875,0.8187,188.9,CMEMS,2026-08-13
29.83334,-76.08333,-0.14162,-0.69308,0.7074,191.5,CMEMS,2026-08-13
29.83334,-76.0,-0.16544,-0.54687,0.5713,196.8,CMEMS,2026-08-13
29.83334,-75.91666,-0.19726,-0.52001,0.5562,200.8,CMEMS,2026-08-13
29.83334,-75.83333,-0.22066,-0.53551,0.5792,202.4,CMEMS,2026-08-13
29.83334,-75.75,-0.21696,-0.5198,0.5633,202.7,CMEMS,2026-08-13
29.83334,-75.66666,-0.17813,-0.50144,0.5321,199.6,CMEMS,2026-08-13
29.83334,-75.58333,-0.11098,-0.47408,0.4869,193.2,CMEMS,2026-08-13
29.83334,-75.5,-0.02362,-0.40887,0.4096,183.3,CMEMS,2026-08-13
29.83334,-75.41666,0.07339,-0.30195,0.3107,166.3,CMEMS,2026-08-13
29.83334,-75.33333,0.16532,-0.16404,0.2329,134.8,CMEMS,2026-08-13
29.83334,-75.25,0.2318,-0.02175,0.2328,95.4,CMEMS,2026-08-13
29.91667,-81.25,0.01186,0.05036,0.0517,13.3,CMEMS,2026-08-13
29.91667,-81.16666,0.00896,0.03485,0.036,14.4,CMEMS,2026-08-13
29.91667,-81.08333,-0.00069,0.01713,0.0171,357.7,CMEMS,2026-08-13
29.91667,-81.0,-0.01064,0.00228,0.0109,282.1,CMEMS,2026-08-13
29.91667,-80.91666,-0.00985,-0.01581,0.0186,211.9,CMEMS,2026-08-13
29.91667,-80.83333,-0.00224,-0.02608,0.0262,184.9,CMEMS,2026-08-13
29.91667,-80.75,0.00395,-0.02539,0.0257,171.2,CMEMS,2026-08-13
29.91667,-80.66666,0.00716,-0.03662,0.0373,168.9,CMEMS,2026-08-13
29.91667,-80.58333,0.01262,-0.06699,0.0682,169.3,CMEMS,2026-08-13
29.91667,-80.5,0.02074,-0.09064,0.093,167.1,CMEMS,2026-08-13
29.91667,-80.41666,0.03441,-0.01224,0.0365,109.6,CMEMS,2026-08-13
29.91667,-80.33333,0.06251,0.25347,0.2611,13.9,CMEMS,2026-08-13
29.91667,-80.25,0.1023,0.93586,0.9414,6.2,CMEMS,2026-08-13
29.91667,-80.16666,0.12468,1.65938,1.6641,4.3,CMEMS,2026-08-13
29.91667,-80.08333,0.08718,1.94089,1.9429,2.6,CMEMS,2026-08-13
29.91667,-80.0,0.08689,1.87482,1.8768,2.7,CMEMS,2026-08-13
29.91667,-79.91666,0.0901,1.68116,1.6836,3.1,CMEMS,2026-08-13
29.91667,-79.83333,0.07524,1.46928,1.4712,2.9,CMEMS,2026-08-13
29.91667,-79.75,0.04958,1.17774,1.1788,2.4,CMEMS,2026-08-13
29.91667,-79.66666,0.03254,0.86317,0.8638,2.2,CMEMS,2026-08-13
29.91667,-79.58333,0.02205,0.53583,0.5363,2.4,CMEMS,2026-08-13
29.91667,-79.5,0.00972,0.19368,0.1939,2.9,CMEMS,2026-08-13
29.91667,-79.41666,-0.00192,-0.15921,0.1592,180.7,CMEMS,2026-08-13
29.91667,-79.33333,-0.01578,-0.40562,0.4059,182.2,CMEMS,2026-08-13
29.91667,-79.25,-0.05529,-0.38078,0.3848,188.3,CMEMS,2026-08-13
29.91667,-79.16666,-0.11497,-0.28816,0.3103,201.8,CMEMS,2026-08-13
29.91667,-79.08333,-0.1607,-0.29327,0.3344,208.7,CMEMS,2026-08-13
29.91667,-79.0,-0.20113,-0.26574,0.3333,217.1,CMEMS,2026-08-13
29.91667,-78.91666,-0.23546,-0.2104,0.3158,228.2,CMEMS,2026-08-13
29.91667,-78.83333,-0.25973,-0.14886,0.2994,240.2,CMEMS,2026-08-13
29.91667,-78.75,-0.27718,-0.06735,0.2852,256.3,CMEMS,2026-08-13
29.91667,-78.66666,-0.28823,0.02899,0.2897,275.7,CMEMS,2026-08-13
29.91667,-78.58333,-0.29548,0.11446,0.3169,291.2,CMEMS,2026-08-13
29.91667,-78.5,-0.30461,0.1835,0.3556,301.1,CMEMS,2026-08-13
29.91667,-78.41666,-0.32007,0.23944,0.3997,306.8,CMEMS,2026-08-13
29.91667,-78.33333,-0.34182,0.28654,0.446,310.0,CMEMS,2026-08-13
29.91667,-78.25,-0.36447,0.33107,0.4924,312.3,CMEMS,2026-08-13
29.91667,-78.16666,-0.38271,0.37306,0.5345,314.3,CMEMS,2026-08-13
29.91667,-78.08333,-0.39591,0.40753,0.5682,315.8,CMEMS,2026-08-13
29.91667,-78.0,-0.40233,0.43308,0.5911,317.1,CMEMS,2026-08-13
29.91667,-77.91666,-0.40113,0.44734,0.6008,318.1,CMEMS,2026-08-13
29.91667,-77.83333,-0.39469,0.45538,0.6026,319.1,CMEMS,2026-08-13
29.91667,-77.75,-0.38783,0.45872,0.6007,319.8,CMEMS,2026-08-13
29.91667,-77.66666,-0.37818,0.44829,0.5865,319.8,CMEMS,2026-08-13
29.91667,-77.58333,-0.3591,0.40678,0.5426,318.6,CMEMS,2026-08-13
29.91667,-77.5,-0.32671,0.32193,0.4587,314.6,CMEMS,2026-08-13
29.91667,-77.41666,-0.28712,0.21562,0.3591,306.9,CMEMS,2026-08-13
29.91667,-77.33333,-0.25535,0.12231,0.2831,295.6,CMEMS,2026-08-13
29.91667,-77.25,-0.23628,0.05759,0.2432,283.7,CMEMS,2026-08-13
29.91667,-77.16666,-0.22411,0.01417,0.2246,273.6,CMEMS,2026-08-13
29.91667,-77.08333,-0.21654,-0.02765,0.2183,262.7,CMEMS,2026-08-13
29.91667,-77.0,-0.21344,-0.08614,0.2302,248.0,CMEMS,2026-08-13
29.91667,-76.91666,-0.21082,-0.16215,0.266,232.4,CMEMS,2026-08-13
29.91667,-76.83333,-0.20416,-0.24061,0.3156,220.3,CMEMS,2026-08-13
29.91667,-76.75,-0.19402,-0.30638,0.3626,212.3,CMEMS,2026-08-13
29.91667,-76.66666,-0.183,-0.37216,0.4147,206.2,CMEMS,2026-08-13
29.91667,-76.58333,-0.17444,-0.44969,0.4823,201.2,CMEMS,2026-08-13
29.91667,-76.5,-0.16379,-0.54051,0.5648,196.9,CMEMS,2026-08-13
29.91667,-76.41666,-0.15636,-0.62655,0.6458,194.0,CMEMS,2026-08-13
29.91667,-76.33333,-0.16603,-0.7053,0.7246,193.2,CMEMS,2026-08-13
29.91667,-76.25,-0.19404,-0.78328,0.807,193.9,CMEMS,2026-08-13
29.91667,-76.16666,-0.22204,-0.80828,0.8382,195.4,CMEMS,2026-08-13
29.91667,-76.08333,-0.23076,-0.71375,0.7501,197.9,CMEMS,2026-08-13
29.91667,-76.0,-0.22861,-0.55642,0.6016,202.3,CMEMS,2026-08-13
29.91667,-75.91666,-0.23734,-0.50354,0.5567,205.2,CMEMS,2026-08-13
29.91667,-75.83333,-0.25722,-0.53727,0.5957,205.6,CMEMS,2026-08-13
29.91667,-75.75,-0.26604,-0.5578,0.618,205.5,CMEMS,2026-08-13
29.91667,-75.66666,-0.24613,-0.56248,0.614,203.6,CMEMS,2026-08-13
29.91667,-75.58333,-0.19939,-0.54879,0.5839,200.0,CMEMS,2026-08-13
29.91667,-75.5,-0.13137,-0.49765,0.5147,194.8,CMEMS,2026-08-13
29.91667,-75.41666,-0.04655,-0.40205,0.4047,186.6,CMEMS,2026-08-13
29.91667,-75.33333,0.04692,-0.26454,0.2687,169.9,CMEMS,2026-08-13
29.91667,-75.25,0.1312,-0.09617,0.1627,126.2,CMEMS,2026-08-13
30.0,-81.25,0.0019,0.05282,0.0529,2.1,CMEMS,2026-08-13
30.0,-81.16666,0.00934,0.04619,0.0471,11.4,CMEMS,2026-08-13
30.0,-81.08333,0.00779,0.02863,0.0297,15.2,CMEMS,2026-08-13
30.0,-81.0,0.0034,0.01604,0.0164,12.0,CMEMS,2026-08-13
30.0,-80.91666,0.00908,-0.00986,0.0134,137.3,CMEMS,2026-08-13
30.0,-80.83333,0.01437,-0.02528,0.0291,150.4,CMEMS,2026-08-13
30.0,-80.75,0.01725,-0.03062,0.0351,150.6,CMEMS,2026-08-13
30.0,-80.66666,0.0203,-0.03898,0.0439,152.5,CMEMS,2026-08-13
30.0,-80.58333,0.02697,-0.06236,0.0679,156.6,CMEMS,2026-08-13
30.0,-80.5,0.03295,-0.08827,0.0942,159.5,CMEMS,2026-08-13
30.0,-80.41666,0.04321,-0.04136,0.0598,133.7,CMEMS,2026-08-13
30.0,-80.33333,0.06484,0.2009,0.2111,17.9,CMEMS,2026-08-13
30.0,-80.25,0.11564,0.86229,0.87,7.6,CMEMS,2026-08-13
30.0,-80.16666,0.14932,1.59576,1.6027,5.3,CMEMS,2026-08-13
30.0,-80.08333,0.16424,1.92963,1.9366,4.9,CMEMS,2026-08-13
30.0,-80.0,0.16428,1.88354,1.8907,5.0,CMEMS,2026-08-13
30.0,-79.91666,0.14628,1.69762,1.7039,4.9,CMEMS,2026-08-13
30.0,-79.83333,0.12868,1.49095,1.4965,4.9,CMEMS,2026-08-13
30.0,-79.75,0.10346,1.20677,1.2112,4.9,CMEMS,2026-08-13
30.0,-79.66666,0.07189,0.90009,0.903,4.6,CMEMS,2026-08-13
30.0,-79.58333,0.04614,0.57437,0.5762,4.6,CMEMS,2026-08-13
30.0,-79.5,0.02071,0.23446,0.2354,5.0,CMEMS,2026-08-13
30.0,-79.41666,-0.00859,-0.11931,0.1196,184.1,CMEMS,2026-08-13
30.0,-79.33333,-0.03833,-0.36163,0.3637,186.0,CMEMS,2026-08-13
30.0,-79.25,-0.08263,-0.33939,0.3493,193.7,CMEMS,2026-08-13
30.0,-79.16666,-0.1485,-0.23407,0.2772,212.4,CMEMS,2026-08-13
30.0,-79.08333,-0.20788,-0.24287,0.3197,220.6,CMEMS,2026-08-13
30.0,-79.0,-0.26435,-0.22452,0.3468,229.7,CMEMS,2026-08-13
30.0,-78.91666,-0.31302,-0.17488,0.3586,240.8,CMEMS,2026-08-13
30.0,-78.83333,-0.34917,-0.11998,0.3692,251.0,CMEMS,2026-08-13
30.0,-78.75,-0.37568,-0.05071,0.3791,262.3,CMEMS,2026-08-13
30.0,-78.66666,-0.39179,0.03389,0.3933,274.9,CMEMS,2026-08-13
30.0,-78.58333,-0.39924,0.11709,0.4161,286.3,CMEMS,2026-08-13
30.0,-78.5,-0.40418,0.19032,0.4467,295.2,CMEMS,2026-08-13
30.0,-78.41666,-0.40957,0.2521,0.4809,301.6,CMEMS,2026-08-13
30.0,-78.33333,-0.41293,0.30366,0.5126,306.3,CMEMS,2026-08-13
30.0,-78.25,-0.41162,0.34798,0.539,310.2,CMEMS,2026-08-13
30.0,-78.16666,-0.40613,0.38617,0.5604,313.6,CMEMS,2026-08-13
30.0,-78.08333,-0.39822,0.41487,0.5751,316.2,CMEMS,2026-08-13
30.0,-78.0,-0.38396,0.43254,0.5784,318.4,CMEMS,2026-08-13
30.0,-77.91666,-0.3643,0.44241,0.5731,320.5,CMEMS,2026-08-13
30.0,-77.83333,-0.3449,0.44977,0.5668,322.5,CMEMS,2026-08-13
30.0,-77.75,-0.32847,0.45168,0.5585,324.0,CMEMS,2026-08-13
30.0,-77.66666,-0.31039,0.43229,0.5322,324.3,CMEMS,2026-08-13
30.0,-77.58333,-0.28603,0.37588,0.4723,322.7,CMEMS,2026-08-13
30.0,-77.5,-0.25629,0.28244,0.3814,317.8,CMEMS,2026-08-13
30.0,-77.41666,-0.22786,0.18094,0.291,308.5,CMEMS,2026-08-13
30.0,-77.33333,-0.2078,0.10071,0.2309,295.9,CMEMS,2026-08-13
30.0,-77.25,-0.19528,0.04874,0.2013,284.0,CMEMS,2026-08-13
30.0,-77.16666,-0.18593,0.01337,0.1864,274.1,CMEMS,2026-08-13
30.0,-77.08333,-0.17902,-0.02367,0.1806,262.5,CMEMS,2026-08-13
30.0,-77.0,-0.1826,-0.08162,0.2,245.9,CMEMS,2026-08-13
30.0,-76.91666,-0.19111,-0.16447,0.2521,229.3,CMEMS,2026-08-13
30.0,-76.83333,-0.193,-0.2471,0.3135,218.0,CMEMS,2026-08-13
30.0,-76.75,-0.1868,-0.31534,0.3665,210.6,CMEMS,2026-08-13
30.0,-76.66666,-0.17943,-0.37821,0.4186,205.4,CMEMS,2026-08-13
30.0,-76.58333,-0.18064,-0.45316,0.4878,201.7,CMEMS,2026-08-13
30.0,-76.5,-0.1809,-0.5452,0.5744,198.4,CMEMS,2026-08-13
30.0,-76.41666,-0.18201,-0.62695,0.6528,196.2,CMEMS,2026-08-13
30.0,-76.33333,-0.19821,-0.68823,0.7162,196.1,CMEMS,2026-08-13
30.0,-76.25,-0.23446,-0.75202,0.7877,197.3,CMEMS,2026-08-13
30.0,-76.16666,-0.27362,-0.79582,0.8415,199.0,CMEMS,2026-08-13
30.0,-76.08333,-0.28819,-0.75075,0.8042,201.0,CMEMS,2026-08-13
30.0,-76.0,-0.2725,-0.61238,0.6703,204.0,CMEMS,2026-08-13
30.0,-75.91666,-0.25369,-0.51115,0.5706,206.4,CMEMS,2026-08-13
30.0,-75.83333,-0.25594,-0.52258,0.5819,206.1,CMEMS,2026-08-13
30.0,-75.75,-0.26891,-0.56514,0.6259,205.4,CMEMS,2026-08-13
30.0,-75.66666,-0.27143,-0.59108,0.6504,204.7,CMEMS,2026-08-13
30.0,-75.58333,-0.25738,-0.59375,0.6471,203.4,CMEMS,2026-08-13
30.0,-75.5,-0.22311,-0.56214,0.6048,201.6,CMEMS,2026-08-13
30.0,-75.41666,-0.1652,-0.4819,0.5094,198.9,CMEMS,2026-08-13
30.0,-75.33333,-0.08985,-0.35182,0.3631,194.3,CMEMS,2026-08-13
30.0,-75.25,-0.01117,-0.18054,0.1809,183.5,CMEMS,2026-08-13
30.08334,-81.33333,-0.01128,0.03113,0.0331,340.1,CMEMS,2026-08-13
30.08334,-81.25,-0.00798,0.04821,0.0489,350.6,CMEMS,2026-08-13
30.08334,-81.16666,0.00055,0.04775,0.0478,0.7,CMEMS,2026-08-13
30.08334,-81.08333,0.00299,0.03261,0.0327,5.2,CMEMS,2026-08-13
30.08334,-81.0,0.00377,0.0173,0.0177,12.3,CMEMS,2026-08-13
30.08334,-80.91666,0.00994,-0.00717,0.0123,125.8,CMEMS,2026-08-13
30.08334,-80.83333,0.01252,-0.02407,0.0271,152.5,CMEMS,2026-08-13
30.08334,-80.75,0.01431,-0.0356,0.0384,158.1,CMEMS,2026-08-13
30.08334,-80.66666,0.01949,-0.04542,0.0494,156.8,CMEMS,2026-08-13
30.08334,-80.58333,0.02578,-0.06255,0.0677,157.6,CMEMS,2026-08-13
30.08334,-80.5,0.02912,-0.07933,0.0845,159.8,CMEMS,2026-08-13
30.08334,-80.41666,0.03933,-0.05625,0.0686,145.0,CMEMS,2026-08-13
30.08334,-80.33333,0.06871,0.14209,0.1578,25.8,CMEMS,2026-08-13
30.08334,-80.25,0.12637,0.75872,0.7692,9.5,CMEMS,2026-08-13
30.08334,-80.16666,0.16848,1.52995,1.5392,6.3,CMEMS,2026-08-13
30.08334,-80.08333,0.22259,1.92634,1.9392,6.6,CMEMS,2026-08-13
30.08334,-80.0,0.2368,1.89904,1.9137,7.1,CMEMS,2026-08-13
30.08334,-79.91666,0.2078,1.71983,1.7323,6.9,CMEMS,2026-08-13
30.08334,-79.83333,0.18383,1.52035,1.5314,6.9,CMEMS,2026-08-13
30.08334,-79.75,0.16082,1.24857,1.2589,7.3,CMEMS,2026-08-13
30.08334,-79.66666,0.11943,0.94761,0.9551,7.2,CMEMS,2026-08-13
30.08334,-79.58333,0.07585,0.62831,0.6329,6.9,CMEMS,2026-08-13
30.08334,-79.5,0.03553,0.29353,0.2957,6.9,CMEMS,2026-08-13
30.08334,-79.41666,-0.00886,-0.05329,0.054,189.4,CMEMS,2026-08-13
30.08334,-79.33333,-0.05291,-0.30299,0.3076,189.9,CMEMS,2026-08-13
30.08334,-79.25,-0.09683,-0.30184,0.317,197.8,CMEMS,2026-08-13
30.08334,-79.16666,-0.16212,-0.17182,0.2362,223.3,CMEMS,2026-08-13
30.08334,-79.08333,-0.22917,-0.17461,0.2881,232.7,CMEMS,2026-08-13
30.08334,-79.0,-0.29781,-0.17213,0.344,240.0,CMEMS,2026-08-13
30.08334,-78.91666,-0.35735,-0.13357,0.3815,249.5,CMEMS,2026-08-13
30.08334,-78.83333,-0.40031,-0.08756,0.4098,257.7,CMEMS,2026-08-13
30.08334,-78.75,-0.43077,-0.03022,0.4318,266.0,CMEMS,2026-08-13
30.08334,-78.66666,-0.44874,0.03933,0.4505,275.0,CMEMS,2026-08-13
30.08334,-78.58333,-0.45469,0.11276,0.4685,283.9,CMEMS,2026-08-13
30.08334,-78.5,-0.45312,0.18259,0.4885,291.9,CMEMS,2026-08-13
30.08334,-78.41666,-0.44593,0.24289,0.5078,298.6,CMEMS,2026-08-13
30.08334,-78.33333,-0.43243,0.29339,0.5226,304.2,CMEMS,2026-08-13
30.08334,-78.25,-0.41387,0.33644,0.5334,309.1,CMEMS,2026-08-13
30.08334,-78.16666,-0.39215,0.37218,0.5406,313.5,CMEMS,2026-08-13
30.08334,-78.08333,-0.36893,0.39768,0.5425,317.1,CMEMS,2026-08-13
30.08334,-78.0,-0.34133,0.4114,0.5346,320.3,CMEMS,2026-08-13
30.08334,-77.91666,-0.31148,0.41989,0.5228,323.4,CMEMS,2026-08-13
30.08334,-77.83333,-0.28461,0.42843,0.5144,326.4,CMEMS,2026-08-13
30.08334,-77.75,-0.26131,0.42994,0.5031,328.7,CMEMS,2026-08-13
30.08334,-77.66666,-0.23808,0.4067,0.4713,329.7,CMEMS,2026-08-13
30.08334,-77.58333,-0.21358,0.34536,0.4061,328.3,CMEMS,2026-08-13
30.08334,-77.5,-0.19049,0.25438,0.3178,323.2,CMEMS,2026-08-13
30.08334,-77.41666,-0.172,0.16152,0.236,313.2,CMEMS,2026-08-13
30.08334,-77.33333,-0.15928,0.09079,0.1833,299.7,CMEMS,2026-08-13
30.08334,-77.25,-0.15029,0.04634,0.1573,287.1,CMEMS,2026-08-13
30.08334,-77.16666,-0.1425,0.01749,0.1436,277.0,CMEMS,2026-08-13
30.08334,-77.08333,-0.13961,-0.01084,0.14,265.6,CMEMS,2026-08-13
30.08334,-77.0,-0.14633,-0.06736,0.1611,245.3,CMEMS,2026-08-13
30.08334,-76.91666,-0.15747,-0.15734,0.2226,225.0,CMEMS,2026-08-13
30.08334,-76.83333,-0.16521,-0.24608,0.2964,213.9,CMEMS,2026-08-13
30.08334,-76.75,-0.16354,-0.31853,0.3581,207.2,CMEMS,2026-08-13
30.08334,-76.66666,-0.16157,-0.37746,0.4106,203.2,CMEMS,2026-08-13
30.08334,-76.58333,-0.17115,-0.44391,0.4758,201.1,CMEMS,2026-08-13
30.08334,-76.5,-0.18079,-0.53446,0.5642,198.7,CMEMS,2026-08-13
30.08334,-76.41666,-0.18861,-0.61819,0.6463,197.0,CMEMS,2026-08-13
30.08334,-76.33333,-0.20602,-0.66801,0.6991,197.1,CMEMS,2026-08-13
30.08334,-76.25,-0.24082,-0.71028,0.75,198.7,CMEMS,2026-08-13
30.08334,-76.16666,-0.28308,-0.76024,0.8112,200.4,CMEMS,2026-08-13
30.08334,-76.08333,-0.30878,-0.76955,0.8292,201.9,CMEMS,2026-08-13
30.08334,-76.0,-0.29984,-0.69129,0.7535,203.4,CMEMS,2026-08-13
30.08334,-75.91666,-0.27049,-0.56916,0.6302,205.4,CMEMS,2026-08-13
30.08334,-75.83333,-0.25293,-0.51983,0.5781,205.9,CMEMS,2026-08-13
30.08334,-75.75,-0.2569,-0.54669,0.604,205.2,CMEMS,2026-08-13
30.08334,-75.66666,-0.27281,-0.58607,0.6465,205.0,CMEMS,2026-08-13
30.08334,-75.58333,-0.2881,-0.60789,0.6727,205.4,CMEMS,2026-08-13
30.08334,-75.5,-0.28709,-0.59733,0.6627,205.7,CMEMS,2026-08-13
30.08334,-75.41666,-0.26296,-0.53532,0.5964,206.2,CMEMS,2026-08-13
30.08334,-75.33333,-0.21772,-0.41844,0.4717,207.5,CMEMS,2026-08-13
30.08334,-75.25,-0.15808,-0.25415,0.2993,211.9,CMEMS,2026-08-13
30.16667,-81.33333,-0.01795,0.06029,0.0629,343.4,CMEMS,2026-08-13
30.16667,-81.25,-0.01988,0.04736,0.0514,337.2,CMEMS,2026-08-13
30.16667,-81.16666,-0.01337,0.04467,0.0466,343.3,CMEMS,2026-08-13
30.16667,-81.08333,-0.00552,0.02918,0.0297,349.3,CMEMS,2026-08-13
30.16667,-81.0,0.00189,0.01184,0.012,9.1,CMEMS,2026-08-13
30.16667,-80.91666,0.00798,0.00016,0.008,88.8,CMEMS,2026-08-13
30.16667,-80.83333,0.00818,-0.01559,0.0176,152.3,CMEMS,2026-08-13
30.16667,-80.75,0.0061,-0.03578,0.0363,170.3,CMEMS,2026-08-13
30.16667,-80.66666,0.00647,-0.04879,0.0492,172.4,CMEMS,2026-08-13
30.16667,-80.58333,0.00786,-0.06152,0.062,172.7,CMEMS,2026-08-13
30.16667,-80.5,0.00685,-0.07132,0.0716,174.5,CMEMS,2026-08-13
30.16667,-80.41666,0.01149,-0.06589,0.0669,170.1,CMEMS,2026-08-13
30.16667,-80.33333,0.05559,0.06617,0.0864,40.0,CMEMS,2026-08-13
30.16667,-80.25,0.14093,0.63124,0.6468,12.6,CMEMS,2026-08-13
30.16667,-80.16666,0.21139,1.44404,1.4594,8.3,CMEMS,2026-08-13
30.16667,-80.08333,0.27657,1.91743,1.9373,8.2,CMEMS,2026-08-13
30.16667,-80.0,0.30626,1.92515,1.9494,9.0,CMEMS,2026-08-13
30.16667,-79.91666,0.28858,1.75569,1.7793,9.3,CMEMS,2026-08-13
30.16667,-79.83333,0.25819,1.56513,1.5863,9.4,CMEMS,2026-08-13
30.16667,-79.75,0.22938,1.30654,1.3265,10.0,CMEMS,2026-08-13
30.16667,-79.66666,0.1784,1.00897,1.0246,10.0,CMEMS,2026-08-13
30.16667,-79.58333,0.1199,0.69598,0.7062,9.8,CMEMS,2026-08-13
30.16667,-79.5,0.06465,0.37123,0.3768,9.9,CMEMS,2026-08-13
30.16667,-79.41666,0.00316,0.03392,0.0341,5.3,CMEMS,2026-08-13
30.16667,-79.33333,-0.05816,-0.23128,0.2385,194.1,CMEMS,2026-08-13
30.16667,-79.25,-0.10017,-0.27402,0.2918,200.1,CMEMS,2026-08-13
30.16667,-79.16666,-0.155,-0.12026,0.1962,232.2,CMEMS,2026-08-13
30.16667,-79.08333,-0.21864,-0.09311,0.2376,246.9,CMEMS,2026-08-13
30.16667,-79.0,-0.29284,-0.10933,0.3126,249.5,CMEMS,2026-08-13
30.16667,-78.91666,-0.36073,-0.08634,0.3709,256.5,CMEMS,2026-08-13
30.16667,-78.83333,-0.40834,-0.05239,0.4117,262.7,CMEMS,2026-08-13
30.16667,-78.75,-0.43958,-0.00555,0.4396,269.3,CMEMS,2026-08-13
30.16667,-78.66666,-0.45752,0.05092,0.4603,276.4,CMEMS,2026-08-13
30.16667,-78.58333,-0.46187,0.11035,0.4749,283.4,CMEMS,2026-08-13
30.16667,-78.5,-0.45462,0.16882,0.485,290.4,CMEMS,2026-08-13
30.16667,-78.41666,-0.43745,0.22186,0.4905,296.9,CMEMS,2026-08-13
30.16667,-78.33333,-0.41139,0.26775,0.4908,303.1,CMEMS,2026-08-13
30.16667,-78.25,-0.37956,0.30701,0.4882,309.0,CMEMS,2026-08-13
30.16667,-78.16666,-0.34586,0.33995,0.485,314.5,CMEMS,2026-08-13
30.16667,-78.08333,-0.31211,0.36312,0.4788,319.3,CMEMS,2026-08-13
30.16667,-78.0,-0.27652,0.37595,0.4667,323.7,CMEMS,2026-08-13
30.16667,-77.91666,-0.24091,0.38466,0.4539,327.9,CMEMS,2026-08-13
30.16667,-77.83333,-0.2089,0.39387,0.4458,332.1,CMEMS,2026-08-13
30.16667,-77.75,-0.18014,0.39737,0.4363,335.6,CMEMS,2026-08-13
30.16667,-77.66666,-0.15352,0.37739,0.4074,337.9,CMEMS,2026-08-13
30.16667,-77.58333,-0.13083,0.32234,0.3479,337.9,CMEMS,2026-08-13
30.16667,-77.5,-0.11414,0.24077,0.2665,334.6,CMEMS,2026-08-13
30.16667,-77.41666,-0.10395,0.15659,0.188,326.4,CMEMS,2026-08-13
30.16667,-77.33333,-0.0994,0.08922,0.1336,311.9,CMEMS,2026-08-13
30.16667,-77.25,-0.0954,0.04449,0.1053,295.0,CMEMS,2026-08-13
30.16667,-77.16666,-0.09072,0.01877,0.0926,281.7,CMEMS,2026-08-13
30.16667,-77.08333,-0.08954,-0.00352,0.0896,267.7,CMEMS,2026-08-13
30.16667,-77.0,-0.09376,-0.05208,0.1073,240.9,CMEMS,2026-08-13
30.16667,-76.91666,-0.10346,-0.13935,0.1736,216.6,CMEMS,2026-08-13
30.16667,-76.83333,-0.11636,-0.23088,0.2585,206.7,CMEMS,2026-08-13
30.16667,-76.75,-0.12299,-0.30992,0.3334,201.6,CMEMS,2026-08-13
30.16667,-76.66666,-0.1284,-0.3718,0.3934,199.1,CMEMS,2026-08-13
30.16667,-76.58333,-0.14271,-0.42599,0.4493,198.5,CMEMS,2026-08-13
30.16667,-76.5,-0.16013,-0.50871,0.5333,197.5,CMEMS,2026-08-13
30.16667,-76.41666,-0.17566,-0.5975,0.6228,196.4,CMEMS,2026-08-13
30.16667,-76.33333,-0.19429,-0.64932,0.6778,196.7,CMEMS,2026-08-13
30.16667,-76.25,-0.22501,-0.67264,0.7093,198.5,CMEMS,2026-08-13
30.16667,-76.16666,-0.26585,-0.70991,0.7581,200.5,CMEMS,2026-08-13
30.16667,-76.08333,-0.29994,-0.74877,0.8066,201.8,CMEMS,2026-08-13
30.16667,-76.0,-0.30694,-0.73894,0.8001,202.6,CMEMS,2026-08-13
30.16667,-75.91666,-0.28594,-0.65461,0.7143,203.6,CMEMS,2026-08-13
30.16667,-75.83333,-0.25911,-0.55389,0.6115,205.1,CMEMS,2026-08-13
30.16667,-75.75,-0.24826,-0.52883,0.5842,205.1,CMEMS,2026-08-13
30.16667,-75.66666,-0.26273,-0.55744,0.6163,205.2,CMEMS,2026-08-13
30.16667,-75.58333,-0.29285,-0.58712,0.6561,206.5,CMEMS,2026-08-13
30.16667,-75.5,-0.31786,-0.59345,0.6732,208.2,CMEMS,2026-08-13
30.16667,-75.41666,-0.32673,-0.55137,0.6409,210.6,CMEMS,2026-08-13
30.16667,-75.33333,-0.31756,-0.45395,0.554,215.0,CMEMS,2026-08-13
30.16667,-75.25,-0.28652,-0.3148,0.4257,222.3,CMEMS,2026-08-13
30.25,-81.33333,0.00431,0.06797,0.0681,3.6,CMEMS,2026-08-13
30.25,-81.25,-0.0011,0.05157,0.0516,358.8,CMEMS,2026-08-13
30.25,-81.16666,-0.00487,0.03747,0.0378,352.6,CMEMS,2026-08-13
30.25,-81.08333,-0.00414,0.02377,0.0241,350.1,CMEMS,2026-08-13
30.25,-81.0,-0.00016,0.00516,0.0052,358.2,CMEMS,2026-08-13
30.25,-80.91666,0.00574,0.00104,0.0058,79.8,CMEMS,2026-08-13
30.25,-80.83333,0.00832,-0.00718,0.011,130.8,CMEMS,2026-08-13
30.25,-80.75,0.00416,-0.02436,0.0247,170.3,CMEMS,2026-08-13
30.25,-80.66666,-0.00483,-0.03934,0.0396,187.0,CMEMS,2026-08-13
30.25,-80.58333,-0.00839,-0.05704,0.0577,188.4,CMEMS,2026-08-13
30.25,-80.5,-0.00593,-0.06804,0.0683,185.0,CMEMS,2026-08-13
30.25,-80.41666,-0.00219,-0.07316,0.0732,181.7,CMEMS,2026-08-13
30.25,-80.33333,0.03621,-0.01516,0.0393,112.7,CMEMS,2026-08-13
30.25,-80.25,0.13165,0.46379,0.4821,15.8,CMEMS,2026-08-13
30.25,-80.16666,0.25233,1.30496,1.3291,10.9,CMEMS,2026-08-13
30.25,-80.08333,0.34094,1.85982,1.8908,10.4,CMEMS,2026-08-13
30.25,-80.0,0.3854,1.9498,1.9875,11.2,CMEMS,2026-08-13
30.25,-79.91666,0.38813,1.80705,1.8483,12.1,CMEMS,2026-08-13
30.25,-79.83333,0.35121,1.61987,1.6575,12.2,CMEMS,2026-08-13
30.25,-79.75,0.30757,1.37037,1.4045,12.7,CMEMS,2026-08-13
30.25,-79.66666,0.24992,1.07905,1.1076,13.0,CMEMS,2026-08-13
30.25,-79.58333,0.1826,0.77457,0.7958,13.3,CMEMS,2026-08-13
30.25,-79.5,0.11392,0.4611,0.475,13.9,CMEMS,2026-08-13
30.25,-79.41666,0.03399,0.13525,0.1395,14.1,CMEMS,2026-08-13
30.25,-79.33333,-0.04762,-0.14947,0.1569,197.7,CMEMS,2026-08-13
30.25,-79.25,-0.09577,-0.24878,0.2666,201.1,CMEMS,2026-08-13
30.25,-79.16666,-0.13333,-0.10478,0.1696,231.8,CMEMS,2026-08-13
30.25,-79.08333,-0.17875,-0.01863,0.1797,264.1,CMEMS,2026-08-13
30.25,-79.0,-0.24303,-0.04235,0.2467,260.1,CMEMS,2026-08-13
30.25,-78.91666,-0.31169,-0.03301,0.3134,264.0,CMEMS,2026-08-13
30.25,-78.83333,-0.36471,-0.01314,0.3649,267.9,CMEMS,2026-08-13
30.25,-78.75,-0.39827,0.02087,0.3988,273.0,CMEMS,2026-08-13
30.25,-78.66666,-0.41444,0.06423,0.4194,278.8,CMEMS,2026-08-13
30.25,-78.58333,-0.41448,0.1117,0.4293,285.1,CMEMS,2026-08-13
30.25,-78.5,-0.4014,0.15852,0.4316,291.5,CMEMS,2026-08-13
30.25,-78.41666,-0.37743,0.20243,0.4283,298.2,CMEMS,2026-08-13
30.25,-78.33333,-0.34435,0.2422,0.421,305.1,CMEMS,2026-08-13
30.25,-78.25,-0.30548,0.27659,0.4121,312.2,CMEMS,2026-08-13
30.25,-78.16666,-0.2653,0.30511,0.4043,319.0,CMEMS,2026-08-13
30.25,-78.08333,-0.22613,0.32684,0.3974,325.3,CMEMS,2026-08-13
30.25,-78.0,-0.18724,0.3407,0.3888,331.2,CMEMS,2026-08-13
30.25,-77.91666,-0.1499,0.34966,0.3804,336.8,CMEMS,2026-08-13
30.25,-77.83333,-0.11505,0.35764,0.3757,342.2,CMEMS,2026-08-13
30.25,-77.75,-0.08205,0.36209,0.3713,347.2,CMEMS,2026-08-13
30.25,-77.66666,-0.05285,0.34856,0.3525,351.4,CMEMS,2026-08-13
30.25,-77.58333,-0.03098,0.30492,0.3065,354.2,CMEMS,2026-08-13
30.25,-77.5,-0.0197,0.23592,0.2367,355.2,CMEMS,2026-08-13
30.25,-77.41666,-0.01952,0.16098,0.1622,353.1,CMEMS,2026-08-13
30.25,-77.33333,-0.02623,0.09442,0.098,344.5,CMEMS,2026-08-13
30.25,-77.25,-0.03142,0.04321,0.0534,324.0,CMEMS,2026-08-13
30.25,-77.16666,-0.03036,0.01313,0.0331,293.4,CMEMS,2026-08-13
30.25,-77.08333,-0.02417,-0.00674,0.0251,254.4,CMEMS,2026-08-13
30.25,-77.0,-0.02022,-0.04344,0.0479,205.0,CMEMS,2026-08-13
30.25,-76.91666,-0.02649,-0.11633,0.1193,192.8,CMEMS,2026-08-13
30.25,-76.83333,-0.04459,-0.20167,0.2065,192.5,CMEMS,2026-08-13
30.25,-76.75,-0.06229,-0.28608,0.2928,192.3,CMEMS,2026-08-13
30.25,-76.66666,-0.07685,-0.35829,0.3664,192.1,CMEMS,2026-08-13
30.25,-76.58333,-0.09579,-0.40438,0.4156,193.3,CMEMS,2026-08-13
30.25,-76.5,-0.11945,-0.47294,0.4878,194.2,CMEMS,2026-08-13
30.25,-76.41666,-0.14217,-0.56331,0.581,194.2,CMEMS,2026-08-13
30.25,-76.33333,-0.16326,-0.62643,0.6474,194.6,CMEMS,2026-08-13
30.25,-76.25,-0.19,-0.64492,0.6723,196.4,CMEMS,2026-08-13
30.25,-76.16666,-0.22648,-0.66314,0.7007,198.9,CMEMS,2026-08-13
30.25,-76.08333,-0.26447,-0.70269,0.7508,200.6,CMEMS,2026-08-13
30.25,-76.0,-0.28731,-0.73183,0.7862,201.4,CMEMS,2026-08-13
30.25,-75.91666,-0.28417,-0.70671,0.7617,201.9,CMEMS,2026-08-13
30.25,-75.83333,-0.26495,-0.61185,0.6668,203.4,CMEMS,2026-08-13
30.25,-75.75,-0.24733,-0.53395,0.5885,204.9,CMEMS,2026-08-13
30.25,-75.66666,-0.24923,-0.52171,0.5782,205.5,CMEMS,2026-08-13
30.25,-75.58333,-0.28057,-0.54014,0.6087,207.4,CMEMS,2026-08-13
30.25,-75.5,-0.3258,-0.55786,0.646,210.3,CMEMS,2026-08-13
30.25,-75.41666,-0.36109,-0.53711,0.6472,213.9,CMEMS,2026-08-13
30.25,-75.33333,-0.38073,-0.45295,0.5917,220.0,CMEMS,2026-08-13
30.25,-75.25,-0.38628,-0.3328,0.5099,229.3,CMEMS,2026-08-13
30.33334,-81.33333,0.01973,0.06713,0.07,16.4,CMEMS,2026-08-13
30.33334,-81.25,0.02002,0.05377,0.0574,20.4,CMEMS,2026-08-13
30.33334,-81.16666,0.01309,0.03951,0.0416,18.3,CMEMS,2026-08-13
30.33334,-81.08333,0.00465,0.0325,0.0328,8.1,CMEMS,2026-08-13
30.33334,-81.0,0.00208,0.01048,0.0107,11.2,CMEMS,2026-08-13
30.33334,-80.91666,0.00474,0.00163,0.005,71.0,CMEMS,2026-08-13
30.33334,-80.83333,0.00885,-0.00864,0.0124,134.3,CMEMS,2026-08-13
30.33334,-80.75,0.00635,-0.01726,0.0184,159.8,CMEMS,2026-08-13
30.33334,-80.66666,-0.0043,-0.02463,0.025,189.9,CMEMS,2026-08-13
30.33334,-80.58333,-0.00873,-0.0495,0.0503,190.0,CMEMS,2026-08-13
30.33334,-80.5,-0.00562,-0.06996,0.0702,184.6,CMEMS,2026-08-13
30.33334,-80.41666,-0.00469,-0.07222,0.0724,183.7,CMEMS,2026-08-13
30.33334,-80.33333,0.00402,-0.03386,0.0341,173.2,CMEMS,2026-08-13
30.33334,-80.25,0.09072,0.28474,0.2988,17.7,CMEMS,2026-08-13
30.33334,-80.16666,0.2565,1.12903,1.1578,12.8,CMEMS,2026-08-13
30.33334,-80.08333,0.40853,1.75031,1.7973,13.1,CMEMS,2026-08-13
30.33334,-80.0,0.48621,1.93932,1.9993,14.1,CMEMS,2026-08-13
30.33334,-79.91666,0.49699,1.84378,1.9096,15.1,CMEMS,2026-08-13
30.33334,-79.83333,0.45554,1.66243,1.7237,15.3,CMEMS,2026-08-13
30.33334,-79.75,0.40097,1.4321,1.4872,15.6,CMEMS,2026-08-13
30.33334,-79.66666,0.33424,1.16064,1.2078,16.1,CMEMS,2026-08-13
30.33334,-79.58333,0.25895,0.8655,0.9034,16.7,CMEMS,2026-08-13
30.33334,-79.5,0.17913,0.55806,0.5861,17.8,CMEMS,2026-08-13
30.33334,-79.41666,0.08562,0.24046,0.2552,19.6,CMEMS,2026-08-13
30.33334,-79.33333,-0.01394,-0.05302,0.0548,194.7,CMEMS,2026-08-13
30.33334,-79.25,-0.08512,-0.20895,0.2256,202.2,CMEMS,2026-08-13
30.33334,-79.16666,-0.11244,-0.1231,0.1667,222.4,CMEMS,2026-08-13
30.33334,-79.08333,-0.1339,0.02558,0.1363,280.8,CMEMS,2026-08-13
30.33334,-79.0,-0.17475,0.01792,0.1757,275.9,CMEMS,2026-08-13
30.33334,-78.91666,-0.2282,0.01849,0.2289,274.6,CMEMS,2026-08-13
30.33334,-78.83333,-0.2778,0.02789,0.2792,275.7,CMEMS,2026-08-13
30.33334,-78.75,-0.31324,0.04642,0.3167,278.4,CMEMS,2026-08-13
30.33334,-78.66666,-0.33107,0.07668,0.3398,283.0,CMEMS,2026-08-13
30.33334,-78.58333,-0.33001,0.11144,0.3483,288.7,CMEMS,2026-08-13
30.33334,-78.5,-0.31262,0.14693,0.3454,295.2,CMEMS,2026-08-13
30.33334,-78.41666,-0.28319,0.18254,0.3369,302.8,CMEMS,2026-08-13
30.33334,-78.33333,-0.24568,0.2163,0.3273,311.4,CMEMS,2026-08-13
30.33334,-78.25,-0.20406,0.24721,0.3205,320.5,CMEMS,2026-08-13
30.33334,-78.16666,-0.16199,0.27314,0.3176,329.3,CMEMS,2026-08-13
30.33334,-78.08333,-0.12167,0.29303,0.3173,337.5,CMEMS,2026-08-13
30.33334,-78.0,-0.08383,0.30595,0.3172,344.7,CMEMS,2026-08-13
30.33334,-77.91666,-0.04853,0.31513,0.3188,351.2,CMEMS,2026-08-13
30.33334,-77.83333,-0.01491,0.32297,0.3233,357.4,CMEMS,2026-08-13
30.33334,-77.75,0.01832,0.32925,0.3298,3.2,CMEMS,2026-08-13
30.33334,-77.66666,0.04827,0.32275,0.3263,8.5,CMEMS,2026-08-13
30.33334,-77.58333,0.06973,0.29126,0.2995,13.5,CMEMS,2026-08-13
30.33334,-77.5,0.07754,0.23561,0.248,18.2,CMEMS,2026-08-13
30.33334,-77.41666,0.07108,0.17003,0.1843,22.7,CMEMS,2026-08-13
30.33334,-77.33333,0.05695,0.10544,0.1198,28.4,CMEMS,2026-08-13
30.33334,-77.25,0.04402,0.0481,0.0652,42.5,CMEMS,2026-08-13
30.33334,-77.16666,0.03791,0.00782,0.0387,78.3,CMEMS,2026-08-13
30.33334,-77.08333,0.04188,-0.01231,0.0437,106.4,CMEMS,2026-08-13
30.33334,-77.0,0.04972,-0.03777,0.0624,127.2,CMEMS,2026-08-13
30.33334,-76.91666,0.04991,-0.09371,0.1062,152.0,CMEMS,2026-08-13
30.33334,-76.83333,0.03271,-0.16819,0.1713,169.0,CMEMS,2026-08-13
30.33334,-76.75,0.00787,-0.25242,0.2525,178.2,CMEMS,2026-08-13
30.33334,-76.66666,-0.0153,-0.33515,0.3355,182.6,CMEMS,2026-08-13
30.33334,-76.58333,-0.03911,-0.38201,0.384,185.8,CMEMS,2026-08-13
30.33334,-76.5,-0.06559,-0.43702,0.4419,188.5,CMEMS,2026-08-13
30.33334,-76.41666,-0.0921,-0.52301,0.5311,190.0,CMEMS,2026-08-13
30.33334,-76.33333,-0.11578,-0.5957,0.6068,191.0,CMEMS,2026-08-13
30.33334,-76.25,-0.14109,-0.62148,0.6373,192.8,CMEMS,2026-08-13
30.33334,-76.16666,-0.17345,-0.62727,0.6508,195.5,CMEMS,2026-08-13
30.33334,-76.08333,-0.21113,-0.65608,0.6892,197.8,CMEMS,2026-08-13
30.33334,-76.0,-0.24517,-0.6949,0.7369,199.4,CMEMS,2026-08-13
30.33334,-75.91666,-0.26228,-0.70881,0.7558,200.3,CMEMS,2026-08-13
30.33334,-75.83333,-0.26417,-0.65135,0.7029,202.1,CMEMS,2026-08-13
30.33334,-75.75,-0.25301,-0.55745,0.6122,204.4,CMEMS,2026-08-13
30.33334,-75.66666,-0.24252,-0.50335,0.5587,205.7,CMEMS,2026-08-13
30.33334,-75.58333,-0.257,-0.49059,0.5538,207.6,CMEMS,2026-08-13
30.33334,-75.5,-0.303,-0.50319,0.5874,211.1,CMEMS,2026-08-13
30.33334,-75.41666,-0.35561,-0.51037,0.622,214.9,CMEMS,2026-08-13
30.33334,-75.33333,-0.39094,-0.45283,0.5982,220.8,CMEMS,2026-08-13
30.33334,-75.25,-0.40474,-0.32561,0.5195,231.2,CMEMS,2026-08-13
30.41667,-81.33333,0.00847,0.07299,0.0735,6.6,CMEMS,2026-08-13
30.41667,-81.25,0.0138,0.04844,0.0504,15.9,CMEMS,2026-08-13
30.41667,-81.16666,0.01347,0.04168,0.0438,17.9,CMEMS,2026-08-13
30.41667,-81.08333,0.01153,0.04342,0.0449,14.9,CMEMS,2026-08-13
30.41667,-81.0,0.00955,0.02497,0.0267,20.9,CMEMS,2026-08-13
30.41667,-80.91666,0.00933,0.01072,0.0142,41.0,CMEMS,2026-08-13
30.41667,-80.83333,0.01326,-0.01004,0.0166,127.1,CMEMS,2026-08-13
30.41667,-80.75,0.01379,-0.01781,0.0225,142.3,CMEMS,2026-08-13
30.41667,-80.66666,0.00814,-0.01493,0.017,151.4,CMEMS,2026-08-13
30.41667,-80.58333,0.00492,-0.03982,0.0401,173.0,CMEMS,2026-08-13
30.41667,-80.5,0.00114,-0.06825,0.0683,179.0,CMEMS,2026-08-13
30.41667,-80.41666,-0.00431,-0.07169,0.0718,183.4,CMEMS,2026-08-13
30.41667,-80.33333,0.01287,-0.04053,0.0425,162.4,CMEMS,2026-08-13
30.41667,-80.25,0.08904,0.12824,0.1561,34.8,CMEMS,2026-08-13
30.41667,-80.16666,0.27369,0.90749,0.9479,16.8,CMEMS,2026-08-13
30.41667,-80.08333,0.46593,1.61185,1.6778,16.1,CMEMS,2026-08-13
30.41667,-80.0,0.57531,1.90604,1.991,16.8,CMEMS,2026-08-13
30.41667,-79.91666,0.60077,1.87605,1.9699,17.8,CMEMS,2026-08-13
30.41667,-79.83333,0.56578,1.71724,1.808,18.2,CMEMS,2026-08-13
30.41667,-79.75,0.50401,1.50523,1.5874,18.5,CMEMS,2026-08-13
30.41667,-79.66666,0.42816,1.24972,1.321,18.9,CMEMS,2026-08-13
30.41667,-79.58333,0.3463,0.97162,1.0315,19.6,CMEMS,2026-08-13
30.41667,-79.5,0.25559,0.6795,0.726,20.6,CMEMS,2026-08-13
30.41667,-79.41666,0.15722,0.37931,0.4106,22.5,CMEMS,2026-08-13
30.41667,-79.33333,0.04238,0.09117,0.1005,24.9,CMEMS,2026-08-13
30.41667,-79.25,-0.06065,-0.12708,0.1408,205.5,CMEMS,2026-08-13
30.41667,-79.16666,-0.09808,-0.14903,0.1784,213.3,CMEMS,2026-08-13
30.41667,-79.08333,-0.10224,0.01778,0.1038,279.9,CMEMS,2026-08-13
30.41667,-79.0,-0.11569,0.06697,0.1337,300.1,CMEMS,2026-08-13
30.41667,-78.91666,-0.1457,0.06402,0.1591,293.7,CMEMS,2026-08-13
30.41667,-78.83333,-0.1795,0.06604,0.1913,290.2,CMEMS,2026-08-13
30.41667,-78.75,-0.20797,0.07402,0.2207,289.6,CMEMS,2026-08-13
30.41667,-78.66666,-0.22443,0.09011,0.2418,291.9,CMEMS,2026-08-13
30.41667,-78.58333,-0.22528,0.11196,0.2516,296.4,CMEMS,2026-08-13
30.41667,-78.5,-0.20974,0.13501,0.2494,302.8,CMEMS,2026-08-13
30.41667,-78.41666,-0.18089,0.15933,0.2411,311.4,CMEMS,2026-08-13
30.41667,-78.33333,-0.14269,0.18477,0.2335,322.3,CMEMS,2026-08-13
30.41667,-78.25,-0.09969,0.2099,0.2324,334.6,CMEMS,2026-08-13
30.41667,-78.16666,-0.05664,0.2346,0.2413,346.4,CMEMS,2026-08-13
30.41667,-78.08333,-0.01645,0.25471,0.2552,356.3,CMEMS,2026-08-13
30.41667,-78.0,0.0193,0.26945,0.2701,4.1,CMEMS,2026-08-13
30.41667,-77.91666,0.05117,0.27992,0.2846,10.4,CMEMS,2026-08-13
30.41667,-77.83333,0.08056,0.28542,0.2966,15.8,CMEMS,2026-08-13
30.41667,-77.75,0.10984,0.29029,0.3104,20.7,CMEMS,2026-08-13
30.41667,-77.66666,0.13737,0.28992,0.3208,25.4,CMEMS,2026-08-13
30.41667,-77.58333,0.15737,0.27336,0.3154,29.9,CMEMS,2026-08-13
30.41667,-77.5,0.1641,0.2352,0.2868,34.9,CMEMS,2026-08-13
30.41667,-77.41666,0.15711,0.18266,0.2409,40.7,CMEMS,2026-08-13
30.41667,-77.33333,0.14246,0.12348,0.1885,49.1,CMEMS,2026-08-13
30.41667,-77.25,0.12504,0.06591,0.1413,62.2,CMEMS,2026-08-13
30.41667,-77.16666,0.10866,0.01748,0.1101,80.9,CMEMS,2026-08-13
30.41667,-77.08333,0.10041,-0.01194,0.1011,96.8,CMEMS,2026-08-13
30.41667,-77.0,0.10228,-0.03503,0.1081,108.9,CMEMS,2026-08-13
30.41667,-76.91666,0.10627,-0.07818,0.1319,126.3,CMEMS,2026-08-13
30.41667,-76.83333,0.09455,-0.13633,0.1659,145.3,CMEMS,2026-08-13
30.41667,-76.75,0.07171,-0.21104,0.2229,161.2,CMEMS,2026-08-13
30.41667,-76.66666,0.04556,-0.29837,0.3018,171.3,CMEMS,2026-08-13
30.41667,-76.58333,0.01699,-0.35194,0.3523,177.2,CMEMS,2026-08-13
30.41667,-76.5,-0.01134,-0.39862,0.3988,181.6,CMEMS,2026-08-13
30.41667,-76.41666,-0.03874,-0.47783,0.4794,184.6,CMEMS,2026-08-13
30.41667,-76.33333,-0.06391,-0.55524,0.5589,186.6,CMEMS,2026-08-13
30.41667,-76.25,-0.08943,-0.59162,0.5983,188.6,CMEMS,2026-08-13
30.41667,-76.16666,-0.12013,-0.59257,0.6046,191.5,CMEMS,2026-08-13
30.41667,-76.08333,-0.15549,-0.61009,0.6296,194.3,CMEMS,2026-08-13
30.41667,-76.0,-0.19348,-0.6447,0.6731,196.7,CMEMS,2026-08-13
30.41667,-75.91666,-0.22482,-0.6782,0.7145,198.3,CMEMS,2026-08-13
30.41667,-75.83333,-0.24695,-0.66017,0.7048,200.5,CMEMS,2026-08-13
30.41667,-75.75,-0.25282,-0.58281,0.6353,203.5,CMEMS,2026-08-13
30.41667,-75.66666,-0.24295,-0.50823,0.5633,205.5,CMEMS,2026-08-13
30.41667,-75.58333,-0.23833,-0.45609,0.5146,207.6,CMEMS,2026-08-13
30.41667,-75.5,-0.26357,-0.4327,0.5067,211.3,CMEMS,2026-08-13
30.41667,-75.41666,-0.31321,-0.44605,0.545,215.1,CMEMS,2026-08-13
30.41667,-75.33333,-0.3642,-0.44561,0.5755,219.3,CMEMS,2026-08-13
30.41667,-75.25,-0.39025,-0.37092,0.5384,226.5,CMEMS,2026-08-13
30.5,-81.41666,-0.00635,0.04293,0.0434,351.6,CMEMS,2026-08-13
30.5,-81.33333,-0.00114,0.06462,0.0646,359.0,CMEMS,2026-08-13
30.5,-81.25,0.00474,0.03874,0.039,7.0,CMEMS,2026-08-13
30.5,-81.16666,0.0089,0.03529,0.0364,14.2,CMEMS,2026-08-13
30.5,-81.08333,0.01804,0.03406,0.0385,27.9,CMEMS,2026-08-13
30.5,-81.0,0.02324,0.02897,0.0371,38.7,CMEMS,2026-08-13
30.5,-80.91666,0.02436,0.01966,0.0313,51.1,CMEMS,2026-08-13
30.5,-80.83333,0.02609,-0.00331,0.0263,97.2,CMEMS,2026-08-13
30.5,-80.75,0.02238,-0.01871,0.0292,129.9,CMEMS,2026-08-13
30.5,-80.66666,0.01747,-0.01221,0.0213,124.9,CMEMS,2026-08-13
30.5,-80.58333,0.01504,-0.02742,0.0313,151.3,CMEMS,2026-08-13
30.5,-80.5,0.00776,-0.05515,0.0557,172.0,CMEMS,2026-08-13
30.5,-80.41666,-0.00412,-0.06871,0.0688,183.4,CMEMS,2026-08-13
30.5,-80.33333,-0.00484,-0.06666,0.0668,184.2,CMEMS,2026-08-13
30.5,-80.25,0.03725,0.01153,0.039,72.8,CMEMS,2026-08-13
30.5,-80.16666,0.24068,0.57763,0.6258,22.6,CMEMS,2026-08-13
30.5,-80.08333,0.48471,1.33562,1.4209,19.9,CMEMS,2026-08-13
30.5,-80.0,0.64159,1.78378,1.8957,19.8,CMEMS,2026-08-13
30.5,-79.91666,0.69318,1.87457,1.9986,20.3,CMEMS,2026-08-13
30.5,-79.83333,0.66749,1.76753,1.8894,20.7,CMEMS,2026-08-13
30.5,-79.75,0.60216,1.57812,1.6891,20.9,CMEMS,2026-08-13
30.5,-79.66666,0.52211,1.34602,1.4437,21.2,CMEMS,2026-08-13
30.5,-79.58333,0.43522,1.08997,1.1736,21.8,CMEMS,2026-08-13
30.5,-79.5,0.34448,0.81741,0.887,22.9,CMEMS,2026-08-13
30.5,-79.41666,0.24629,0.54115,0.5946,24.5,CMEMS,2026-08-13
30.5,-79.33333,0.12431,0.26169,0.2897,25.4,CMEMS,2026-08-13
30.5,-79.25,-0.00168,0.00989,0.01,350.4,CMEMS,2026-08-13
30.5,-79.16666,-0.0801,-0.12726,0.1504,212.2,CMEMS,2026-08-13
30.5,-79.08333,-0.08571,-0.0539,0.1012,237.8,CMEMS,2026-08-13
30.5,-79.0,-0.07341,0.07897,0.1078,317.1,CMEMS,2026-08-13
30.5,-78.91666,-0.08206,0.09468,0.1253,319.1,CMEMS,2026-08-13
30.5,-78.83333,-0.10155,0.09637,0.14,313.5,CMEMS,2026-08-13
30.5,-78.75,-0.12018,0.09705,0.1545,308.9,CMEMS,2026-08-13
30.5,-78.66666,-0.13184,0.10096,0.1661,307.4,CMEMS,2026-08-13
30.5,-78.58333,-0.1326,0.10757,0.1707,309.0,CMEMS,2026-08-13
30.5,-78.5,-0.1201,0.11686,0.1676,314.2,CMEMS,2026-08-13
30.5,-78.41666,-0.09355,0.12961,0.1598,324.2,CMEMS,2026-08-13
30.5,-78.33333,-0.05626,0.1471,0.1575,339.1,CMEMS,2026-08-13
30.5,-78.25,-0.01204,0.1676,0.168,355.9,CMEMS,2026-08-13
30.5,-78.16666,0.03425,0.19136,0.1944,10.1,CMEMS,2026-08-13
30.5,-78.08333,0.07643,0.21525,0.2284,19.5,CMEMS,2026-08-13
30.5,-78.0,0.11017,0.23638,0.2608,25.0,CMEMS,2026-08-13
30.5,-77.91666,0.13878,0.25004,0.286,29.0,CMEMS,2026-08-13
30.5,-77.83333,0.1633,0.25484,0.3027,32.7,CMEMS,2026-08-13
30.5,-77.75,0.18535,0.25516,0.3154,36.0,CMEMS,2026-08-13
30.5,-77.66666,0.20607,0.25553,0.3283,38.9,CMEMS,2026-08-13
30.5,-77.58333,0.22301,0.25116,0.3359,41.6,CMEMS,2026-08-13
30.5,-77.5,0.23106,0.23213,0.3275,44.9,CMEMS,2026-08-13
30.5,-77.41666,0.22763,0.19759,0.3014,49.0,CMEMS,2026-08-13
30.5,-77.33333,0.21596,0.14964,0.2627,55.3,CMEMS,2026-08-13
30.5,-77.25,0.19822,0.09671,0.2206,64.0,CMEMS,2026-08-13
30.5,-77.16666,0.17677,0.04631,0.1827,75.3,CMEMS,2026-08-13
30.5,-77.08333,0.15807,0.00405,0.1581,88.5,CMEMS,2026-08-13
30.5,-77.0,0.15045,-0.03139,0.1537,101.8,CMEMS,2026-08-13
30.5,-76.91666,0.15071,-0.0722,0.1671,115.6,CMEMS,2026-08-13
30.5,-76.83333,0.13917,-0.11424,0.1801,129.4,CMEMS,2026-08-13
30.5,-76.75,0.11948,-0.17292,0.2102,145.4,CMEMS,2026-08-13
30.5,-76.66666,0.09484,-0.25436,0.2715,159.6,CMEMS,2026-08-13
30.5,-76.58333,0.0636,-0.31276,0.3192,168.5,CMEMS,2026-08-13
30.5,-76.5,0.03397,-0.35898,0.3606,174.6,CMEMS,2026-08-13
30.5,-76.41666,0.00826,-0.43333,0.4334,178.9,CMEMS,2026-08-13
30.5,-76.33333,-0.01577,-0.51099,0.5112,181.8,CMEMS,2026-08-13
30.5,-76.25,-0.04119,-0.55437,0.5559,184.2,CMEMS,2026-08-13
30.5,-76.16666,-0.07266,-0.5533,0.5581,187.5,CMEMS,2026-08-13
30.5,-76.08333,-0.10792,-0.55968,0.57,190.9,CMEMS,2026-08-13
30.5,-76.0,-0.14717,-0.58322,0.6015,194.2,CMEMS,2026-08-13
30.5,-75.91666,-0.18626,-0.62065,0.648,196.7,CMEMS,2026-08-13
30.5,-75.83333,-0.22266,-0.63678,0.6746,199.3,CMEMS,2026-08-13
30.5,-75.75,-0.24664,-0.59181,0.6411,202.6,CMEMS,2026-08-13
30.5,-75.66666,-0.24703,-0.52389,0.5792,205.2,CMEMS,2026-08-13
30.5,-75.58333,-0.23446,-0.45478,0.5117,207.3,CMEMS,2026-08-13
30.5,-75.5,-0.23168,-0.39199,0.4553,210.6,CMEMS,2026-08-13
30.5,-75.41666,-0.25454,-0.35972,0.4407,215.3,CMEMS,2026-08-13
30.5,-75.33333,-0.30114,-0.36061,0.4698,219.9,CMEMS,2026-08-13
30.5,-75.25,-0.35019,-0.3585,0.5012,224.3,CMEMS,2026-08-13
30.58334,-81.41666,0.01368,0.04287,0.045,17.7,CMEMS,2026-08-13
30.58334,-81.33333,0.01297,0.05031,0.052,14.5,CMEMS,2026-08-13
30.58334,-81.25,0.01145,0.04116,0.0427,15.5,CMEMS,2026-08-13
30.58334,-81.16666,0.01686,0.02073,0.0267,39.1,CMEMS,2026-08-13
30.58334,-81.08333,0.02736,0.0123,0.03,65.8,CMEMS,2026-08-13
30.58334,-81.0,0.03527,0.01739,0.0393,63.8,CMEMS,2026-08-13
30.58334,-80.91666,0.03813,0.02298,0.0445,58.9,CMEMS,2026-08-13
30.58334,-80.83333,0.0332,0.01077,0.0349,72.0,CMEMS,2026-08-13
30.58334,-80.75,0.02134,-0.01151,0.0242,118.3,CMEMS,2026-08-13
30.58334,-80.66666,0.01479,-0.01469,0.0208,134.8,CMEMS,2026-08-13
30.58334,-80.58333,0.01331,-0.01755,0.022,142.8,CMEMS,2026-08-13
30.58334,-80.5,0.00766,-0.037,0.0378,168.3,CMEMS,2026-08-13
30.58334,-80.41666,-0.00314,-0.05395,0.054,183.3,CMEMS,2026-08-13
30.58334,-80.33333,-0.01941,-0.05359,0.057,199.9,CMEMS,2026-08-13
30.58334,-80.25,-0.01303,-0.02347,0.0268,209.0,CMEMS,2026-08-13
30.58334,-80.16666,0.14937,0.20188,0.2511,36.5,CMEMS,2026-08-13
30.58334,-80.08333,0.43857,0.99355,1.086,23.8,CMEMS,2026-08-13
30.58334,-80.0,0.67695,1.58188,1.7206,23.2,CMEMS,2026-08-13
30.58334,-79.91666,0.78237,1.82141,1.9823,23.2,CMEMS,2026-08-13
30.58334,-79.83333,0.7806,1.79954,1.9616,23.5,CMEMS,2026-08-13
30.58334,-79.75,0.72256,1.64552,1.7972,23.7,CMEMS,2026-08-13
30.58334,-79.66666,0.64378,1.44197,1.5792,24.1,CMEMS,2026-08-13
30.58334,-79.58333,0.55557,1.21275,1.3339,24.6,CMEMS,2026-08-13
30.58334,-79.5,0.46333,0.96337,1.069,25.7,CMEMS,2026-08-13
30.58334,-79.41666,0.35822,0.70204,0.7881,27.0,CMEMS,2026-08-13
30.58334,-79.33333,0.23933,0.43752,0.4987,28.7,CMEMS,2026-08-13
30.58334,-79.25,0.1072,0.18856,0.2169,29.6,CMEMS,2026-08-13
30.58334,-79.16666,-0.01924,-0.02118,0.0286,222.2,CMEMS,2026-08-13
30.58334,-79.08333,-0.0667,-0.09579,0.1167,214.8,CMEMS,2026-08-13
30.58334,-79.0,-0.04811,0.00906,0.049,280.7,CMEMS,2026-08-13
30.58334,-78.91666,-0.03119,0.09634,0.1013,342.1,CMEMS,2026-08-13
30.58334,-78.83333,-0.03388,0.11164,0.1167,343.1,CMEMS,2026-08-13
30.58334,-78.75,-0.0431,0.11235,0.1203,339.0,CMEMS,2026-08-13
30.58334,-78.66666,-0.05054,0.11141,0.1223,335.6,CMEMS,2026-08-13
30.58334,-78.58333,-0.05297,0.10852,0.1208,334.0,CMEMS,2026-08-13
30.58334,-78.5,-0.04816,0.10372,0.1144,335.1,CMEMS,2026-08-13
30.58334,-78.41666,-0.03277,0.09802,0.1034,341.5,CMEMS,2026-08-13
30.58334,-78.33333,-0.00464,0.09748,0.0976,357.3,CMEMS,2026-08-13
30.58334,-78.25,0.03556,0.10553,0.1114,18.6,CMEMS,2026-08-13
30.58334,-78.16666,0.08416,0.121,0.1474,34.8,CMEMS,2026-08-13
30.58334,-78.08333,0.13745,0.14507,0.1998,43.5,CMEMS,2026-08-13
30.58334,-78.0,0.18595,0.17939,0.2584,46.0,CMEMS,2026-08-13
30.58334,-77.91666,0.22219,0.21842,0.3116,45.5,CMEMS,2026-08-13
30.58334,-77.83333,0.24574,0.24431,0.3465,45.2,CMEMS,2026-08-13
30.58334,-77.75,0.26011,0.24947,0.3604,46.2,CMEMS,2026-08-13
30.58334,-77.66666,0.26913,0.24345,0.3629,47.9,CMEMS,2026-08-13
30.58334,-77.58333,0.27635,0.23781,0.3646,49.3,CMEMS,2026-08-13
30.58334,-77.5,0.2817,0.22848,0.3627,51.0,CMEMS,2026-08-13
30.58334,-77.41666,0.28072,0.20894,0.3499,53.3,CMEMS,2026-08-13
30.58334,-77.33333,0.27235,0.1751,0.3238,57.3,CMEMS,2026-08-13
30.58334,-77.25,0.25722,0.13045,0.2884,63.1,CMEMS,2026-08-13
30.58334,-77.16666,0.2364,0.08112,0.2499,71.1,CMEMS,2026-08-13
30.58334,-77.08333,0.21385,0.03241,0.2163,81.4,CMEMS,2026-08-13
30.58334,-77.0,0.19967,-0.01499,0.2002,94.3,CMEMS,2026-08-13
30.58334,-76.91666,0.19071,-0.05975,0.1999,107.4,CMEMS,2026-08-13
30.58334,-76.83333,0.17252,-0.09389,0.1964,118.6,CMEMS,2026-08-13
30.58334,-76.75,0.15441,-0.14182,0.2097,132.6,CMEMS,2026-08-13
30.58334,-76.66666,0.13299,-0.21238,0.2506,147.9,CMEMS,2026-08-13
30.58334,-76.58333,0.10138,-0.26861,0.2871,159.3,CMEMS,2026-08-13
30.58334,-76.5,0.0723,-0.32037,0.3284,167.3,CMEMS,2026-08-13
30.58334,-76.41666,0.04989,-0.39491,0.3981,172.8,CMEMS,2026-08-13
30.58334,-76.33333,0.02799,-0.46974,0.4706,176.6,CMEMS,2026-08-13
30.58334,-76.25,0.00166,-0.51395,0.5139,179.8,CMEMS,2026-08-13
30.58334,-76.16666,-0.03269,-0.51086,0.5119,183.7,CMEMS,2026-08-13
30.58334,-76.08333,-0.07027,-0.50681,0.5117,187.9,CMEMS,2026-08-13
30.58334,-76.0,-0.11111,-0.5182,0.53,192.1,CMEMS,2026-08-13
30.58334,-75.91666,-0.15464,-0.5481,0.5695,195.8,CMEMS,2026-08-13
30.58334,-75.83333,-0.19988,-0.58584,0.619,198.8,CMEMS,2026-08-13
30.58334,-75.75,-0.2383,-0.57468,0.6221,202.5,CMEMS,2026-08-13
30.58334,-75.66666,-0.2517,-0.5303,0.587,205.4,CMEMS,2026-08-13
30.58334,-75.58333,-0.24111,-0.46875,0.5271,207.2,CMEMS,2026-08-13
30.58334,-75.5,-0.22499,-0.39364,0.4534,209.8,CMEMS,2026-08-13
30.58334,-75.41666,-0.21763,-0.33201,0.397,213.2,CMEMS,2026-08-13
30.58334,-75.33333,-0.2348,-0.29374,0.376,218.6,CMEMS,2026-08-13
30.58334,-75.25,-0.27723,-0.27674,0.3917,225.1,CMEMS,2026-08-13
30.66667,-81.41666,0.02493,0.04977,0.0557,26.6,CMEMS,2026-08-13
30.66667,-81.33333,0.03444,0.04308,0.0552,38.6,CMEMS,2026-08-13
30.66667,-81.25,0.03714,0.04755,0.0603,38.0,CMEMS,2026-08-13
30.66667,-81.16666,0.03733,0.01681,0.0409,65.8,CMEMS,2026-08-13
30.66667,-81.08333,0.03558,0.00146,0.0356,87.6,CMEMS,2026-08-13
30.66667,-81.0,0.03635,0.00832,0.0373,77.1,CMEMS,2026-08-13
30.66667,-80.91666,0.03831,0.02111,0.0437,61.1,CMEMS,2026-08-13
30.66667,-80.83333,0.03172,0.02446,0.0401,52.4,CMEMS,2026-08-13
30.66667,-80.75,0.01651,0.00486,0.0172,73.6,CMEMS,2026-08-13
30.66667,-80.66666,0.00594,-0.01152,0.013,152.7,CMEMS,2026-08-13
30.66667,-80.58333,0.00245,-0.01423,0.0144,170.2,CMEMS,2026-08-13
30.66667,-80.5,-0.00186,-0.02689,0.027,184.0,CMEMS,2026-08-13
30.66667,-80.41666,-0.00861,-0.04745,0.0482,190.3,CMEMS,2026-08-13
30.66667,-80.33333,-0.01211,-0.04721,0.0487,194.4,CMEMS,2026-08-13
30.66667,-80.25,0.00137,-0.0537,0.0537,178.5,CMEMS,2026-08-13
30.66667,-80.16666,0.06913,-0.01932,0.0718,105.6,CMEMS,2026-08-13
30.66667,-80.08333,0.32271,0.64355,0.7199,26.6,CMEMS,2026-08-13
30.66667,-80.0,0.63318,1.29939,1.4454,26.0,CMEMS,2026-08-13
30.66667,-79.91666,0.83095,1.69039,1.8836,26.2,CMEMS,2026-08-13
30.66667,-79.83333,0.88786,1.79269,2.0005,26.3,CMEMS,2026-08-13
30.66667,-79.75,0.85948,1.70543,1.9098,26.7,CMEMS,2026-08-13
30.66667,-79.66666,0.79291,1.52926,1.7226,27.4,CMEMS,2026-08-13
30.66667,-79.58333,0.70594,1.31684,1.4941,28.2,CMEMS,2026-08-13
30.66667,-79.5,0.60964,1.08185,1.2418,29.4,CMEMS,2026-08-13
30.66667,-79.41666,0.50573,0.83687,0.9778,31.1,CMEMS,2026-08-13
30.66667,-79.33333,0.39685,0.59559,0.7157,33.7,CMEMS,2026-08-13
30.66667,-79.25,0.26197,0.35696,0.4428,36.3,CMEMS,2026-08-13
30.66667,-79.16666,0.11458,0.13267,0.1753,40.8,CMEMS,2026-08-13
30.66667,-79.08333,-0.0011,-0.03009,0.0301,182.1,CMEMS,2026-08-13
30.66667,-79.0,-0.03413,-0.06706,0.0753,207.0,CMEMS,2026-08-13
30.66667,-78.91666,-0.00798,0.03422,0.0351,346.9,CMEMS,2026-08-13
30.66667,-78.83333,0.02189,0.0987,0.1011,12.5,CMEMS,2026-08-13
30.66667,-78.75,0.0346,0.11463,0.1197,16.8,CMEMS,2026-08-13
30.66667,-78.66666,0.03593,0.11548,0.1209,17.3,CMEMS,2026-08-13
30.66667,-78.58333,0.03464,0.11292,0.1181,17.1,CMEMS,2026-08-13
30.66667,-78.5,0.0327,0.10732,0.1122,16.9,CMEMS,2026-08-13
30.66667,-78.41666,0.03175,0.09542,0.1006,18.4,CMEMS,2026-08-13
30.66667,-78.33333,0.03691,0.07966,0.0878,24.9,CMEMS,2026-08-13
30.66667,-78.25,0.05322,0.06494,0.084,39.3,CMEMS,2026-08-13
30.66667,-78.16666,0.08281,0.05839,0.1013,54.8,CMEMS,2026-08-13
30.66667,-78.08333,0.12571,0.06435,0.1412,62.9,CMEMS,2026-08-13
30.66667,-78.0,0.18056,0.08233,0.1984,65.5,CMEMS,2026-08-13
30.66667,-77.91666,0.24345,0.12105,0.2719,63.6,CMEMS,2026-08-13
30.66667,-77.83333,0.29862,0.18042,0.3489,58.9,CMEMS,2026-08-13
30.66667,-77.75,0.33265,0.23321,0.4063,55.0,CMEMS,2026-08-13
30.66667,-77.66666,0.3449,0.25623,0.4297,53.4,CMEMS,2026-08-13
30.66667,-77.58333,0.34287,0.25332,0.4263,53.5,CMEMS,2026-08-13
30.66667,-77.5,0.33578,0.23894,0.4121,54.6,CMEMS,2026-08-13
30.66667,-77.41666,0.32719,0.21984,0.3942,56.1,CMEMS,2026-08-13
30.66667,-77.33333,0.31726,0.19343,0.3716,58.6,CMEMS,2026-08-13
30.66667,-77.25,0.30353,0.15643,0.3415,62.7,CMEMS,2026-08-13
30.66667,-77.16666,0.28483,0.11053,0.3055,68.8,CMEMS,2026-08-13
30.66667,-77.08333,0.26249,0.06159,0.2696,76.8,CMEMS,2026-08-13
30.66667,-77.0,0.24387,0.01043,0.2441,87.6,CMEMS,2026-08-13
30.66667,-76.91666,0.22456,-0.03626,0.2275,99.2,CMEMS,2026-08-13
30.66667,-76.83333,0.20143,-0.07085,0.2135,109.4,CMEMS,2026-08-13
30.66667,-76.75,0.18665,-0.11662,0.2201,122.0,CMEMS,2026-08-13
30.66667,-76.66666,0.16652,-0.17666,0.2428,136.7,CMEMS,2026-08-13
30.66667,-76.58333,0.13563,-0.22662,0.2641,149.1,CMEMS,2026-08-13
30.66667,-76.5,0.11162,-0.28616,0.3072,158.7,CMEMS,2026-08-13
30.66667,-76.41666,0.09569,-0.36445,0.3768,165.3,CMEMS,2026-08-13
30.66667,-76.33333,0.07738,-0.43301,0.4399,169.9,CMEMS,2026-08-13
30.66667,-76.25,0.04985,-0.47128,0.4739,174.0,CMEMS,2026-08-13
30.66667,-76.16666,0.01063,-0.46519,0.4653,178.7,CMEMS,2026-08-13
30.66667,-76.08333,-0.0317,-0.45338,0.4545,184.0,CMEMS,2026-08-13
30.66667,-76.0,-0.07573,-0.45577,0.462,189.4,CMEMS,2026-08-13
30.66667,-75.91666,-0.12425,-0.47272,0.4888,194.7,CMEMS,2026-08-13
30.66667,-75.83333,-0.17702,-0.51965,0.549,198.8,CMEMS,2026-08-13
30.66667,-75.75,-0.22751,-0.53616,0.5824,203.0,CMEMS,2026-08-13
30.66667,-75.66666,-0.25522,-0.52052,0.5797,206.1,CMEMS,2026-08-13
30.66667,-75.58333,-0.25697,-0.48028,0.5447,208.1,CMEMS,2026-08-13
30.66667,-75.5,-0.24179,-0.40824,0.4745,210.6,CMEMS,2026-08-13
30.66667,-75.41666,-0.2186,-0.33763,0.4022,212.9,CMEMS,2026-08-13
30.66667,-75.33333,-0.2008,-0.28461,0.3483,215.2,CMEMS,2026-08-13
30.66667,-75.25,-0.20545,-0.23655,0.3133,221.0,CMEMS,2026-08-13
30.75,-81.41666,0.02403,0.04214,0.0485,29.7,CMEMS,2026-08-13
30.75,-81.33333,0.03245,0.03446,0.0473,43.3,CMEMS,2026-08-13
30.75,-81.25,0.03706,0.0333,0.0498,48.1,CMEMS,2026-08-13
30.75,-81.16666,0.04376,0.01679,0.0469,69.0,CMEMS,2026-08-13
30.75,-81.08333,0.04217,0.00693,0.0427,80.7,CMEMS,2026-08-13
30.75,-81.0,0.03666,0.00869,0.0377,76.7,CMEMS,2026-08-13
30.75,-80.91666,0.03461,0.01988,0.0399,60.1,CMEMS,2026-08-13
30.75,-80.83333,0.02752,0.03187,0.0421,40.8,CMEMS,2026-08-13
30.75,-80.75,0.01313,0.02434,0.0277,28.3,CMEMS,2026-08-13
30.75,-80.66666,0.00357,-0.00275,0.0045,127.5,CMEMS,2026-08-13
30.75,-80.58333,-0.00249,-0.01294,0.0132,190.9,CMEMS,2026-08-13
30.75,-80.5,-0.01118,-0.02401,0.0265,205.0,CMEMS,2026-08-13
30.75,-80.41666,-0.02049,-0.04986,0.0539,202.3,CMEMS,2026-08-13
30.75,-80.33333,-0.02198,-0.0563,0.0604,201.3,CMEMS,2026-08-13
30.75,-80.25,-0.02039,-0.06253,0.0658,198.1,CMEMS,2026-08-13
30.75,-80.16666,-0.00885,-0.05278,0.0535,189.5,CMEMS,2026-08-13
30.75,-80.08333,0.17417,0.25713,0.3106,34.1,CMEMS,2026-08-13
30.75,-80.0,0.49921,0.95883,1.081,27.5,CMEMS,2026-08-13
30.75,-79.91666,0.78958,1.47164,1.6701,28.2,CMEMS,2026-08-13
30.75,-79.83333,0.94903,1.71002,1.9557,29.0,CMEMS,2026-08-13
30.75,-79.75,0.99193,1.72396,1.989,29.9,CMEMS,2026-08-13
30.75,-79.66666,0.95355,1.60236,1.8646,30.8,CMEMS,2026-08-13
30.75,-79.58333,0.86804,1.41419,1.6593,31.5,CMEMS,2026-08-13
30.75,-79.5,0.76912,1.19303,1.4195,32.8,CMEMS,2026-08-13
30.75,-79.41666,0.67588,0.95903,1.1733,35.2,CMEMS,2026-08-13
30.75,-79.33333,0.57703,0.73,0.9305,38.3,CMEMS,2026-08-13
30.75,-79.25,0.45477,0.50292,0.678,42.1,CMEMS,2026-08-13
30.75,-79.16666,0.31348,0.29364,0.4295,46.9,CMEMS,2026-08-13
30.75,-79.08333,0.1643,0.10919,0.1973,56.4,CMEMS,2026-08-13
30.75,-79.0,0.05103,-0.02482,0.0567,115.9,CMEMS,2026-08-13
30.75,-78.91666,0.00964,-0.03983,0.041,166.4,CMEMS,2026-08-13
30.75,-78.83333,0.03429,0.02889,0.0448,49.9,CMEMS,2026-08-13
30.75,-78.75,0.07509,0.07762,0.108,44.0,CMEMS,2026-08-13
30.75,-78.66666,0.1048,0.10015,0.145,46.3,CMEMS,2026-08-13
30.75,-78.58333,0.12252,0.10874,0.1638,48.4,CMEMS,2026-08-13
30.75,-78.5,0.12932,0.11092,0.1704,49.4,CMEMS,2026-08-13
30.75,-78.41666,0.12628,0.10715,0.1656,49.7,CMEMS,2026-08-13
30.75,-78.33333,0.11659,0.09436,0.15,51.0,CMEMS,2026-08-13
30.75,-78.25,0.10656,0.07093,0.128,56.4,CMEMS,2026-08-13
30.75,-78.16666,0.10206,0.04233,0.1105,67.5,CMEMS,2026-08-13
30.75,-78.08333,0.10888,0.02298,0.1113,78.1,CMEMS,2026-08-13
30.75,-78.0,0.13224,0.02393,0.1344,79.7,CMEMS,2026-08-13
30.75,-77.91666,0.18177,0.04455,0.1872,76.2,CMEMS,2026-08-13
30.75,-77.83333,0.25209,0.08501,0.266,71.4,CMEMS,2026-08-13
30.75,-77.75,0.32376,0.1539,0.3585,64.6,CMEMS,2026-08-13
30.75,-77.66666,0.37595,0.22394,0.4376,59.2,CMEMS,2026-08-13
30.75,-77.58333,0.3981,0.26074,0.4759,56.8,CMEMS,2026-08-13
30.75,-77.5,0.39326,0.26165,0.4724,56.4,CMEMS,2026-08-13
30.75,-77.41666,0.37492,0.24271,0.4466,57.1,CMEMS,2026-08-13
30.75,-77.33333,0.35546,0.21512,0.4155,58.8,CMEMS,2026-08-13
30.75,-77.25,0.3372,0.17968,0.3821,61.9,CMEMS,2026-08-13
30.75,-77.16666,0.31823,0.13639,0.3462,66.8,CMEMS,2026-08-13
30.75,-77.08333,0.2972,0.08867,0.3101,73.4,CMEMS,2026-08-13
30.75,-77.0,0.27739,0.03717,0.2799,82.4,CMEMS,2026-08-13
30.75,-76.91666,0.25401,-0.01075,0.2542,92.4,CMEMS,2026-08-13
30.75,-76.83333,0.23151,-0.04966,0.2368,102.1,CMEMS,2026-08-13
30.75,-76.75,0.21679,-0.09636,0.2372,114.0,CMEMS,2026-08-13
30.75,-76.66666,0.1936,-0.14915,0.2444,127.6,CMEMS,2026-08-13
30.75,-76.58333,0.16647,-0.19537,0.2567,139.6,CMEMS,2026-08-13
30.75,-76.5,0.15296,-0.26287,0.3041,149.8,CMEMS,2026-08-13
30.75,-76.41666,0.14507,-0.34389,0.3732,157.1,CMEMS,2026-08-13
30.75,-76.33333,0.1288,-0.40282,0.4229,162.3,CMEMS,2026-08-13
30.75,-76.25,0.09889,-0.42909,0.4403,167.0,CMEMS,2026-08-13
30.75,-76.16666,0.05387,-0.41841,0.4219,172.7,CMEMS,2026-08-13
30.75,-76.08333,0.00604,-0.40256,0.4026,179.1,CMEMS,2026-08-13
30.75,-76.0,-0.042,-0.40049,0.4027,186.0,CMEMS,2026-08-13
30.75,-75.91666,-0.09518,-0.40492,0.416,193.2,CMEMS,2026-08-13
30.75,-75.83333,-0.15466,-0.45168,0.4774,198.9,CMEMS,2026-08-13
30.75,-75.75,-0.21625,-0.48441,0.5305,204.1,CMEMS,2026-08-13
30.75,-75.66666,-0.25853,-0.48973,0.5538,207.8,CMEMS,2026-08-13
30.75,-75.58333,-0.27743,-0.47898,0.5535,210.1,CMEMS,2026-08-13
30.75,-75.5,-0.27642,-0.43051,0.5116,212.7,CMEMS,2026-08-13
30.75,-75.41666,-0.25313,-0.36094,0.4409,215.0,CMEMS,2026-08-13
30.75,-75.33333,-0.21646,-0.30169,0.3713,215.7,CMEMS,2026-08-13
30.75,-75.25,-0.18503,-0.24556,0.3075,217.0,CMEMS,2026-08-13
30.83334,-81.41666,0.02417,0.03607,0.0434,33.8,CMEMS,2026-08-13
30.83334,-81.33333,0.03378,0.02571,0.0425,52.7,CMEMS,2026-08-13
30.83334,-81.25,0.0293,0.0144,0.0326,63.8,CMEMS,2026-08-13
30.83334,-81.16666,0.02833,0.01001,0.03,70.5,CMEMS,2026-08-13
30.83334,-81.08333,0.03335,0.00867,0.0345,75.4,CMEMS,2026-08-13
30.83334,-81.0,0.03187,0.01482,0.0352,65.1,CMEMS,2026-08-13
30.83334,-80.91666,0.02695,0.02613,0.0375,45.9,CMEMS,2026-08-13
30.83334,-80.83333,0.02225,0.03979,0.0456,29.2,CMEMS,2026-08-13
30.83334,-80.75,0.01693,0.03642,0.0402,24.9,CMEMS,2026-08-13
30.83334,-80.66666,0.01461,0.00778,0.0166,62.0,CMEMS,2026-08-13
30.83334,-80.58333,0.00864,-0.00643,0.0108,126.7,CMEMS,2026-08-13
30.83334,-80.5,-0.00623,-0.01142,0.013,208.6,CMEMS,2026-08-13
30.83334,-80.41666,-0.02008,-0.04148,0.0461,205.8,CMEMS,2026-08-13
30.83334,-80.33333,-0.02114,-0.06473,0.0681,198.1,CMEMS,2026-08-13
30.83334,-80.25,-0.01089,-0.05828,0.0593,190.6,CMEMS,2026-08-13
30.83334,-80.16666,-0.00103,-0.06553,0.0655,180.9,CMEMS,2026-08-13
30.83334,-80.08333,0.0363,-0.02332,0.0431,122.7,CMEMS,2026-08-13
30.83334,-80.0,0.29672,0.5189,0.5977,29.8,CMEMS,2026-08-13
30.83334,-79.91666,0.64834,1.12234,1.2961,30.0,CMEMS,2026-08-13
30.83334,-79.83333,0.91713,1.51626,1.7721,31.2,CMEMS,2026-08-13
30.83334,-79.75,1.05628,1.66752,1.9739,32.4,CMEMS,2026-08-13
30.83334,-79.66666,1.06959,1.62311,1.9438,33.4,CMEMS,2026-08-13
30.83334,-79.58333,1.00964,1.4677,1.7814,34.5,CMEMS,2026-08-13
30.83334,-79.5,0.93843,1.27656,1.5844,36.3,CMEMS,2026-08-13
30.83334,-79.41666,0.87342,1.08217,1.3907,38.9,CMEMS,2026-08-13
30.83334,-79.33333,0.79169,0.88795,1.1896,41.7,CMEMS,2026-08-13
30.83334,-79.25,0.68224,0.69244,0.9721,44.6,CMEMS,2026-08-13
30.83334,-79.16666,0.53768,0.49383,0.73,47.4,CMEMS,2026-08-13
30.83334,-79.08333,0.38867,0.29474,0.4878,52.8,CMEMS,2026-08-13
30.83334,-79.0,0.25131,0.13122,0.2835,62.4,CMEMS,2026-08-13
30.83334,-78.91666,0.1251,0.01588,0.1261,82.8,CMEMS,2026-08-13
30.83334,-78.83333,0.06006,-0.02354,0.0645,111.4,CMEMS,2026-08-13
30.83334,-78.75,0.06897,0.00739,0.0694,83.9,CMEMS,2026-08-13
30.83334,-78.66666,0.11377,0.04727,0.1232,67.4,CMEMS,2026-08-13
30.83334,-78.58333,0.16006,0.07429,0.1765,65.1,CMEMS,2026-08-13
30.83334,-78.5,0.19448,0.09137,0.2149,64.8,CMEMS,2026-08-13
30.83334,-78.41666,0.21227,0.10481,0.2367,63.7,CMEMS,2026-08-13
30.83334,-78.33333,0.2116,0.11194,0.2394,62.1,CMEMS,2026-08-13
30.83334,-78.25,0.19642,0.10386,0.2222,62.1,CMEMS,2026-08-13
30.83334,-78.16666,0.17236,0.07409,0.1876,66.7,CMEMS,2026-08-13
30.83334,-78.08333,0.14626,0.03179,0.1497,77.7,CMEMS,2026-08-13
30.83334,-78.0,0.12583,-0.00328,0.1259,91.5,CMEMS,2026-08-13
30.83334,-77.91666,0.13469,-0.00957,0.135,94.1,CMEMS,2026-08-13
30.83334,-77.83333,0.18232,0.01235,0.1827,86.1,CMEMS,2026-08-13
30.83334,-77.75,0.25363,0.06011,0.2607,76.7,CMEMS,2026-08-13
30.83334,-77.66666,0.33104,0.13921,0.3591,67.2,CMEMS,2026-08-13
30.83334,-77.58333,0.3922,0.21862,0.449,60.9,CMEMS,2026-08-13
30.83334,-77.5,0.41956,0.26489,0.4962,57.7,CMEMS,2026-08-13
30.83334,-77.41666,0.41605,0.27101,0.4965,56.9,CMEMS,2026-08-13
30.83334,-77.33333,0.39576,0.24983,0.468,57.7,CMEMS,2026-08-13
30.83334,-77.25,0.37055,0.21272,0.4273,60.1,CMEMS,2026-08-13
30.83334,-77.16666,0.34604,0.16728,0.3844,64.2,CMEMS,2026-08-13
30.83334,-77.08333,0.32335,0.11763,0.3441,70.0,CMEMS,2026-08-13
30.83334,-77.0,0.30204,0.06474,0.3089,77.9,CMEMS,2026-08-13
30.83334,-76.91666,0.27822,0.01512,0.2786,86.9,CMEMS,2026-08-13
30.83334,-76.83333,0.25636,-0.02698,0.2578,96.0,CMEMS,2026-08-13
30.83334,-76.75,0.23877,-0.07469,0.2502,107.4,CMEMS,2026-08-13
30.83334,-76.66666,0.21697,-0.12515,0.2505,120.0,CMEMS,2026-08-13
30.83334,-76.58333,0.2016,-0.17501,0.267,131.0,CMEMS,2026-08-13
30.83334,-76.5,0.20193,-0.25009,0.3214,141.1,CMEMS,2026-08-13
30.83334,-76.41666,0.19882,-0.32868,0.3841,148.8,CMEMS,2026-08-13
30.83334,-76.33333,0.17841,-0.37323,0.4137,154.5,CMEMS,2026-08-13
30.83334,-76.25,0.14158,-0.38255,0.4079,159.7,CMEMS,2026-08-13
30.83334,-76.16666,0.0897,-0.36532,0.3762,166.2,CMEMS,2026-08-13
30.83334,-76.08333,0.03807,-0.35004,0.3521,173.8,CMEMS,2026-08-13
30.83334,-76.0,-0.01195,-0.34791,0.3481,182.0,CMEMS,2026-08-13
30.83334,-75.91666,-0.06616,-0.34135,0.3477,191.0,CMEMS,2026-08-13
30.83334,-75.83333,-0.1271,-0.38255,0.4031,198.4,CMEMS,2026-08-13
30.83334,-75.75,-0.19847,-0.42664,0.4705,204.9,CMEMS,2026-08-13
30.83334,-75.66666,-0.25736,-0.4446,0.5137,210.1,CMEMS,2026-08-13
30.83334,-75.58333,-0.29506,-0.4563,0.5434,212.9,CMEMS,2026-08-13
30.83334,-75.5,-0.31337,-0.44261,0.5423,215.3,CMEMS,2026-08-13
30.83334,-75.41666,-0.30611,-0.39664,0.501,217.7,CMEMS,2026-08-13
30.83334,-75.33333,-0.27102,-0.33861,0.4337,218.7,CMEMS,2026-08-13
30.83334,-75.25,-0.22097,-0.27773,0.3549,218.5,CMEMS,2026-08-13
30.91667,-81.41666,0.02459,0.02818,0.0374,41.1,CMEMS,2026-08-13
30.91667,-81.33333,0.03462,0.0213,0.0406,58.4,CMEMS,2026-08-13
30.91667,-81.25,0.03926,0.00636,0.0398,80.8,CMEMS,2026-08-13
30.91667,-81.16666,0.03665,0.00038,0.0367,89.4,CMEMS,2026-08-13
30.91667,-81.08333,0.03454,0.00534,0.0349,81.2,CMEMS,2026-08-13
30.91667,-81.0,0.03169,0.02092,0.038,56.6,CMEMS,2026-08-13
30.91667,-80.91666,0.02982,0.03604,0.0468,39.6,CMEMS,2026-08-13
30.91667,-80.83333,0.03049,0.04299,0.0527,35.3,CMEMS,2026-08-13
30.91667,-80.75,0.02973,0.0352,0.0461,40.2,CMEMS,2026-08-13
30.91667,-80.66666,0.02842,0.01497,0.0321,62.2,CMEMS,2026-08-13
30.91667,-80.58333,0.02375,0.00222,0.0239,84.7,CMEMS,2026-08-13
30.91667,-80.5,0.00934,0.00413,0.0102,66.1,CMEMS,2026-08-13
30.91667,-80.41666,-0.00455,-0.02196,0.0224,191.7,CMEMS,2026-08-13
30.91667,-80.33333,-0.00757,-0.06876,0.0692,186.3,CMEMS,2026-08-13
30.91667,-80.25,-0.00563,-0.07442,0.0746,184.3,CMEMS,2026-08-13
30.91667,-80.16666,-0.01098,-0.06594,0.0669,189.5,CMEMS,2026-08-13
30.91667,-80.08333,-0.00875,-0.06156,0.0622,188.1,CMEMS,2026-08-13
30.91667,-80.0,0.14908,0.09862,0.1788,56.5,CMEMS,2026-08-13
30.91667,-79.91666,0.46671,0.67822,0.8233,34.5,CMEMS,2026-08-13
30.91667,-79.83333,0.78849,1.19916,1.4352,33.3,CMEMS,2026-08-13
30.91667,-79.75,1.00695,1.50451,1.8104,33.8,CMEMS,2026-08-13
30.91667,-79.66666,1.11692,1.60562,1.9559,34.8,CMEMS,2026-08-13
30.91667,-79.58333,1.16115,1.58031,1.961,36.3,CMEMS,2026-08-13
30.91667,-79.5,1.14747,1.47274,1.867,37.9,CMEMS,2026-08-13
30.91667,-79.41666,1.08473,1.30013,1.6932,39.8,CMEMS,2026-08-13
30.91667,-79.33333,0.99041,1.09389,1.4756,42.2,CMEMS,2026-08-13
30.91667,-79.25,0.86607,0.87715,1.2327,44.6,CMEMS,2026-08-13
30.91667,-79.16666,0.72413,0.66051,0.9801,47.6,CMEMS,2026-08-13
30.91667,-79.08333,0.61069,0.4762,0.7744,52.1,CMEMS,2026-08-13
30.91667,-79.0,0.48267,0.31898,0.5785,56.5,CMEMS,2026-08-13
30.91667,-78.91666,0.32057,0.17146,0.3635,61.9,CMEMS,2026-08-13
30.91667,-78.83333,0.19037,0.05687,0.1987,73.4,CMEMS,2026-08-13
30.91667,-78.75,0.12391,0.00286,0.1239,88.7,CMEMS,2026-08-13
30.91667,-78.66666,0.10948,-0.00835,0.1098,94.4,CMEMS,2026-08-13
30.91667,-78.58333,0.13614,0.00258,0.1362,88.9,CMEMS,2026-08-13
30.91667,-78.5,0.18424,0.02815,0.1864,81.3,CMEMS,2026-08-13
30.91667,-78.41666,0.22983,0.0583,0.2371,75.8,CMEMS,2026-08-13
30.91667,-78.33333,0.25764,0.08976,0.2728,70.8,CMEMS,2026-08-13
30.91667,-78.25,0.26287,0.11404,0.2865,66.5,CMEMS,2026-08-13
30.91667,-78.16666,0.24609,0.11473,0.2715,65.0,CMEMS,2026-08-13
30.91667,-78.08333,0.21393,0.08546,0.2304,68.2,CMEMS,2026-08-13
30.91667,-78.0,0.17154,0.03435,0.1749,78.7,CMEMS,2026-08-13
30.91667,-77.91666,0.1402,-0.0149,0.141,96.1,CMEMS,2026-08-13
30.91667,-77.83333,0.14503,-0.04251,0.1511,106.3,CMEMS,2026-08-13
30.91667,-77.75,0.1896,-0.02931,0.1919,98.8,CMEMS,2026-08-13
30.91667,-77.66666,0.26194,0.03721,0.2646,81.9,CMEMS,2026-08-13
30.91667,-77.58333,0.33987,0.13482,0.3656,68.4,CMEMS,2026-08-13
30.91667,-77.5,0.39884,0.22646,0.4586,60.4,CMEMS,2026-08-13
30.91667,-77.41666,0.42728,0.27883,0.5102,56.9,CMEMS,2026-08-13
30.91667,-77.33333,0.42606,0.28514,0.5127,56.2,CMEMS,2026-08-13
30.91667,-77.25,0.40508,0.25561,0.479,57.7,CMEMS,2026-08-13
30.91667,-77.16666,0.37678,0.20692,0.4299,61.2,CMEMS,2026-08-13
30.91667,-77.08333,0.34838,0.15146,0.3799,66.5,CMEMS,2026-08-13
30.91667,-77.0,0.32142,0.09492,0.3351,73.5,CMEMS,2026-08-13
30.91667,-76.91666,0.29613,0.04292,0.2992,81.8,CMEMS,2026-08-13
30.91667,-76.83333,0.27455,-0.00365,0.2746,90.8,CMEMS,2026-08-13
30.91667,-76.75,0.25938,-0.05431,0.265,101.8,CMEMS,2026-08-13
30.91667,-76.66666,0.24818,-0.10704,0.2703,113.3,CMEMS,2026-08-13
30.91667,-76.58333,0.24764,-0.16542,0.2978,123.7,CMEMS,2026-08-13
30.91667,-76.5,0.2567,-0.24239,0.3531,133.4,CMEMS,2026-08-13
30.91667,-76.41666,0.25096,-0.30942,0.3984,141.0,CMEMS,2026-08-13
30.91667,-76.33333,0.22035,-0.33373,0.3999,146.6,CMEMS,2026-08-13
30.91667,-76.25,0.17257,-0.3232,0.3664,151.9,CMEMS,2026-08-13
30.91667,-76.16666,0.11422,-0.30007,0.3211,159.2,CMEMS,2026-08-13
30.91667,-76.08333,0.06289,-0.29018,0.2969,167.8,CMEMS,2026-08-13
30.91667,-76.0,0.01532,-0.29084,0.2912,177.0,CMEMS,2026-08-13
30.91667,-75.91666,-0.03731,-0.27115,0.2737,187.8,CMEMS,2026-08-13
30.91667,-75.83333,-0.09734,-0.29384,0.3095,198.3,CMEMS,2026-08-13
30.91667,-75.75,-0.17205,-0.34706,0.3874,206.4,CMEMS,2026-08-13
30.91667,-75.66666,-0.24317,-0.37841,0.4498,212.7,CMEMS,2026-08-13
30.91667,-75.58333,-0.29799,-0.41073,0.5074,216.0,CMEMS,2026-08-13
30.91667,-75.5,-0.33522,-0.42994,0.5452,217.9,CMEMS,2026-08-13
30.91667,-75.41666,-0.34771,-0.42438,0.5486,219.3,CMEMS,2026-08-13
30.91667,-75.33333,-0.33124,-0.39727,0.5172,219.8,CMEMS,2026-08-13
30.91667,-75.25,-0.28647,-0.34481,0.4483,219.7,CMEMS,2026-08-13
31.0,-81.41666,0.02147,0.00331,0.0217,81.2,CMEMS,2026-08-13
31.0,-81.33333,0.02877,-0.00231,0.0289,94.6,CMEMS,2026-08-13
31.0,-81.25,0.03756,-0.01449,0.0403,111.1,CMEMS,2026-08-13
31.0,-81.16666,0.03551,-0.00653,0.0361,100.4,CMEMS,2026-08-13
31.0,-81.08333,0.03268,0.0098,0.0341,73.3,CMEMS,2026-08-13
31.0,-81.0,0.03645,0.02115,0.0421,59.9,CMEMS,2026-08-13
31.0,-80.91666,0.04313,0.03041,0.0528,54.8,CMEMS,2026-08-13
31.0,-80.83333,0.04929,0.03702,0.0616,53.1,CMEMS,2026-08-13
31.0,-80.75,0.05053,0.03194,0.0598,57.7,CMEMS,2026-08-13
31.0,-80.66666,0.04899,0.02217,0.0538,65.6,CMEMS,2026-08-13
31.0,-80.58333,0.04484,0.01261,0.0466,74.3,CMEMS,2026-08-13
31.0,-80.5,0.03412,0.01921,0.0392,60.6,CMEMS,2026-08-13
31.0,-80.41666,0.02178,0.00422,0.0222,79.0,CMEMS,2026-08-13
31.0,-80.33333,0.01745,-0.05122,0.0541,161.2,CMEMS,2026-08-13
31.0,-80.25,0.00945,-0.07739,0.078,173.0,CMEMS,2026-08-13
31.0,-80.16666,0.00387,-0.06607,0.0662,176.6,CMEMS,2026-08-13
31.0,-80.08333,0.0047,-0.06109,0.0613,175.6,CMEMS,2026-08-13
31.0,-80.0,0.02306,-0.04242,0.0483,151.5,CMEMS,2026-08-13
31.0,-79.91666,0.24418,0.23869,0.3415,45.7,CMEMS,2026-08-13
31.0,-79.83333,0.58686,0.79706,0.9898,36.4,CMEMS,2026-08-13
31.0,-79.75,0.91137,1.2568,1.5525,35.9,CMEMS,2026-08-13
31.0,-79.66666,1.16431,1.52997,1.9226,37.3,CMEMS,2026-08-13
31.0,-79.58333,1.29379,1.60919,2.0648,38.8,CMEMS,2026-08-13
31.0,-79.5,1.30394,1.52153,2.0038,40.6,CMEMS,2026-08-13
31.0,-79.41666,1.25573,1.35537,1.8477,42.8,CMEMS,2026-08-13
31.0,-79.33333,1.17126,1.16438,1.6516,45.2,CMEMS,2026-08-13
31.0,-79.25,1.05771,0.97009,1.4352,47.5,CMEMS,2026-08-13
31.0,-79.16666,0.95439,0.80577,1.249,49.8,CMEMS,2026-08-13
31.0,-79.08333,0.8581,0.65454,1.0792,52.7,CMEMS,2026-08-13
31.0,-79.0,0.72461,0.47878,0.8685,56.5,CMEMS,2026-08-13
31.0,-78.91666,0.56443,0.32333,0.6505,60.2,CMEMS,2026-08-13
31.0,-78.83333,0.43031,0.21549,0.4813,63.4,CMEMS,2026-08-13
31.0,-78.75,0.31664,0.12702,0.3412,68.1,CMEMS,2026-08-13
31.0,-78.66666,0.21113,0.04269,0.2154,78.6,CMEMS,2026-08-13
31.0,-78.58333,0.15258,-0.01368,0.1532,95.1,CMEMS,2026-08-13
31.0,-78.5,0.15571,-0.02661,0.158,99.7,CMEMS,2026-08-13
31.0,-78.41666,0.19499,-0.01049,0.1953,93.1,CMEMS,2026-08-13
31.0,-78.33333,0.24256,0.02832,0.2442,83.3,CMEMS,2026-08-13
31.0,-78.25,0.27689,0.07813,0.2877,74.2,CMEMS,2026-08-13
31.0,-78.16666,0.28557,0.11798,0.309,67.6,CMEMS,2026-08-13
31.0,-78.08333,0.2691,0.12633,0.2973,64.9,CMEMS,2026-08-13
31.0,-78.0,0.23055,0.09506,0.2494,67.6,CMEMS,2026-08-13
31.0,-77.91666,0.18363,0.03594,0.1871,78.9,CMEMS,2026-08-13
31.0,-77.83333,0.14905,-0.03513,0.1531,103.3,CMEMS,2026-08-13
31.0,-77.75,0.15017,-0.08184,0.171,118.6,CMEMS,2026-08-13
31.0,-77.66666,0.19858,-0.05416,0.2058,105.3,CMEMS,2026-08-13
31.0,-77.58333,0.27434,0.03867,0.277,82.0,CMEMS,2026-08-13
31.0,-77.5,0.34922,0.15611,0.3825,65.9,CMEMS,2026-08-13
31.0,-77.41666,0.40557,0.25187,0.4774,58.2,CMEMS,2026-08-13
31.0,-77.33333,0.43298,0.29796,0.5256,55.5,CMEMS,2026-08-13
31.0,-77.25,0.43092,0.29281,0.521,55.8,CMEMS,2026-08-13
31.0,-77.16666,0.40951,0.25168,0.4807,58.4,CMEMS,2026-08-13
31.0,-77.08333,0.37895,0.1934,0.4254,63.0,CMEMS,2026-08-13
31.0,-77.0,0.34759,0.13176,0.3717,69.2,CMEMS,2026-08-13
31.0,-76.91666,0.32152,0.07364,0.3298,77.1,CMEMS,2026-08-13
31.0,-76.83333,0.3022,0.01951,0.3028,86.3,CMEMS,2026-08-13
31.0,-76.75,0.29521,-0.03652,0.2975,97.1,CMEMS,2026-08-13
31.0,-76.66666,0.29447,-0.0959,0.3097,108.0,CMEMS,2026-08-13
31.0,-76.58333,0.3015,-0.16153,0.342,118.2,CMEMS,2026-08-13
31.0,-76.5,0.30893,-0.23178,0.3862,126.9,CMEMS,2026-08-13
31.0,-76.41666,0.2922,-0.27749,0.403,133.5,CMEMS,2026-08-13
31.0,-76.33333,0.24792,-0.27719,0.3719,138.2,CMEMS,2026-08-13
31.0,-76.25,0.19012,-0.25055,0.3145,142.8,CMEMS,2026-08-13
31.0,-76.16666,0.12946,-0.22887,0.2629,150.5,CMEMS,2026-08-13
31.0,-76.08333,0.0826,-0.23041,0.2448,160.3,CMEMS,2026-08-13
31.0,-76.0,0.04097,-0.23639,0.2399,170.2,CMEMS,2026-08-13
31.0,-75.91666,-0.00731,-0.20705,0.2072,182.0,CMEMS,2026-08-13
31.0,-75.83333,-0.06383,-0.20108,0.211,197.6,CMEMS,2026-08-13
31.0,-75.75,-0.13713,-0.25175,0.2867,208.6,CMEMS,2026-08-13
31.0,-75.66666,-0.21469,-0.29244,0.3628,216.3,CMEMS,2026-08-13
31.0,-75.58333,-0.28065,-0.34146,0.442,219.4,CMEMS,2026-08-13
31.0,-75.5,-0.33244,-0.39131,0.5135,220.3,CMEMS,2026-08-13
31.0,-75.41666,-0.36047,-0.42216,0.5551,220.5,CMEMS,2026-08-13
31.0,-75.33333,-0.35963,-0.43661,0.5657,219.5,CMEMS,2026-08-13
31.0,-75.25,-0.33225,-0.42436,0.539,218.1,CMEMS,2026-08-13
31.08334,-81.41666,0.02874,-0.00663,0.0295,103.0,CMEMS,2026-08-13
31.08334,-81.33333,0.02946,-0.01616,0.0336,118.7,CMEMS,2026-08-13
31.08334,-81.25,0.03447,-0.01406,0.0372,112.2,CMEMS,2026-08-13
31.08334,-81.16666,0.03598,-0.01179,0.0379,108.1,CMEMS,2026-08-13
31.08334,-81.08333,0.03874,0.00128,0.0388,88.1,CMEMS,2026-08-13
31.08334,-81.0,0.0458,0.01077,0.047,76.8,CMEMS,2026-08-13
31.08334,-80.91666,0.05321,0.02419,0.0585,65.6,CMEMS,2026-08-13
31.08334,-80.83333,0.0578,0.03559,0.0679,58.4,CMEMS,2026-08-13
31.08334,-80.75,0.05739,0.03357,0.0665,59.7,CMEMS,2026-08-13
31.08334,-80.66666,0.05347,0.02638,0.0596,63.7,CMEMS,2026-08-13
31.08334,-80.58333,0.04731,0.01741,0.0504,69.8,CMEMS,2026-08-13
31.08334,-80.5,0.03533,0.0257,0.0437,54.0,CMEMS,2026-08-13
31.08334,-80.41666,0.0228,0.01772,0.0289,52.2,CMEMS,2026-08-13
31.08334,-80.33333,0.02336,-0.0366,0.0434,147.5,CMEMS,2026-08-13
31.08334,-80.25,0.01339,-0.06424,0.0656,168.2,CMEMS,2026-08-13
31.08334,-80.16666,-0.00167,-0.06104,0.0611,181.6,CMEMS,2026-08-13
31.08334,-80.08333,-0.00989,-0.05165,0.0526,190.8,CMEMS,2026-08-13
31.08334,-80.0,-0.0059,-0.06404,0.0643,185.3,CMEMS,2026-08-13
31.08334,-79.91666,0.07398,-0.01363,0.0752,100.4,CMEMS,2026-08-13
31.08334,-79.83333,0.34383,0.38696,0.5176,41.6,CMEMS,2026-08-13
31.08334,-79.75,0.7202,0.87697,1.1348,39.4,CMEMS,2026-08-13
31.08334,-79.66666,1.05117,1.23242,1.6198,40.5,CMEMS,2026-08-13
31.08334,-79.58333,1.2528,1.39711,1.8765,41.9,CMEMS,2026-08-13
31.08334,-79.5,1.35887,1.42311,1.9677,43.7,CMEMS,2026-08-13
31.08334,-79.41666,1.40148,1.35943,1.9525,45.9,CMEMS,2026-08-13
31.08334,-79.33333,1.38958,1.22761,1.8542,48.5,CMEMS,2026-08-13
31.08334,-79.25,1.34228,1.09856,1.7345,50.7,CMEMS,2026-08-13
31.08334,-79.16666,1.25166,0.9777,1.5883,52.0,CMEMS,2026-08-13
31.08334,-79.08333,1.12766,0.80032,1.3828,54.6,CMEMS,2026-08-13
31.08334,-79.0,1.00925,0.61319,1.1809,58.7,CMEMS,2026-08-13
31.08334,-78.91666,0.89519,0.49649,1.0237,61.0,CMEMS,2026-08-13
31.08334,-78.83333,0.7662,0.41372,0.8708,61.6,CMEMS,2026-08-13
31.08334,-78.75,0.61523,0.30062,0.6847,64.0,CMEMS,2026-08-13
31.08334,-78.66666,0.46418,0.17585,0.4964,69.3,CMEMS,2026-08-13
31.08334,-78.58333,0.34112,0.08201,0.3508,76.5,CMEMS,2026-08-13
31.08334,-78.5,0.26098,0.01506,0.2614,86.7,CMEMS,2026-08-13
31.08334,-78.41666,0.22327,-0.02847,0.2251,97.3,CMEMS,2026-08-13
31.08334,-78.33333,0.22362,-0.03309,0.2261,98.4,CMEMS,2026-08-13
31.08334,-78.25,0.25262,0.01023,0.2528,87.7,CMEMS,2026-08-13
31.08334,-78.16666,0.28546,0.07801,0.2959,74.7,CMEMS,2026-08-13
31.08334,-78.08333,0.30009,0.13011,0.3271,66.6,CMEMS,2026-08-13
31.08334,-78.0,0.28478,0.13792,0.3164,64.2,CMEMS,2026-08-13
31.08334,-77.91666,0.24396,0.09634,0.2623,68.5,CMEMS,2026-08-13
31.08334,-77.83333,0.19057,0.01884,0.1915,84.4,CMEMS,2026-08-13
31.08334,-77.75,0.14824,-0.06589,0.1622,114.0,CMEMS,2026-08-13
31.08334,-77.66666,0.15326,-0.10391,0.1852,124.1,CMEMS,2026-08-13
31.08334,-77.58333,0.20604,-0.05066,0.2122,103.8,CMEMS,2026-08-13
31.08334,-77.5,0.28009,0.06535,0.2876,76.9,CMEMS,2026-08-13
31.08334,-77.41666,0.35281,0.19115,0.4013,61.6,CMEMS,2026-08-13
31.08334,-77.33333,0.40842,0.27572,0.4928,56.0,CMEMS,2026-08-13
31.08334,-77.25,0.43635,0.30341,0.5315,55.2,CMEMS,2026-08-13
31.08334,-77.16666,0.43781,0.28238,0.521,57.2,CMEMS,2026-08-13
31.08334,-77.08333,0.42093,0.23252,0.4809,61.1,CMEMS,2026-08-13
31.08334,-77.0,0.39739,0.17076,0.4325,66.7,CMEMS,2026-08-13
31.08334,-76.91666,0.37628,0.10596,0.3909,74.3,CMEMS,2026-08-13
31.08334,-76.83333,0.36151,0.04098,0.3638,83.5,CMEMS,2026-08-13
31.08334,-76.75,0.35701,-0.02464,0.3579,93.9,CMEMS,2026-08-13
31.08334,-76.66666,0.35606,-0.09224,0.3678,104.5,CMEMS,2026-08-13
31.08334,-76.58333,0.35857,-0.15885,0.3922,113.9,CMEMS,2026-08-13
31.08334,-76.5,0.35113,-0.21321,0.4108,121.3,CMEMS,2026-08-13
31.08334,-76.41666,0.31462,-0.22983,0.3896,126.1,CMEMS,2026-08-13
31.08334,-76.33333,0.25607,-0.20569,0.3285,128.8,CMEMS,2026-08-13
31.08334,-76.25,0.19329,-0.17275,0.2592,131.8,CMEMS,2026-08-13
31.08334,-76.16666,0.13952,-0.16336,0.2148,139.5,CMEMS,2026-08-13
31.08334,-76.08333,0.10473,-0.18081,0.209,149.9,CMEMS,2026-08-13
31.08334,-76.0,0.0739,-0.19175,0.2055,158.9,CMEMS,2026-08-13
31.08334,-75.91666,0.03273,-0.15741,0.1608,168.3,CMEMS,2026-08-13
31.08334,-75.83333,-0.01427,-0.1213,0.1221,186.7,CMEMS,2026-08-13
31.08334,-75.75,-0.07677,-0.15821,0.1759,205.9,CMEMS,2026-08-13
31.08334,-75.66666,-0.15379,-0.20017,0.2524,217.5,CMEMS,2026-08-13
31.08334,-75.58333,-0.2282,-0.25448,0.3418,221.9,CMEMS,2026-08-13
31.08334,-75.5,-0.29129,-0.33105,0.441,221.3,CMEMS,2026-08-13
31.08334,-75.41666,-0.33362,-0.39874,0.5199,219.9,CMEMS,2026-08-13
31.08334,-75.33333,-0.3462,-0.44526,0.564,217.9,CMEMS,2026-08-13
31.08334,-75.25,-0.33236,-0.4689,0.5747,215.3,CMEMS,2026-08-13
31.16667,-81.33333,0.04545,0.00034,0.0455,89.6,CMEMS,2026-08-13
31.16667,-81.25,0.04572,-0.00098,0.0457,91.2,CMEMS,2026-08-13
31.16667,-81.16666,0.03464,-0.01298,0.037,110.5,CMEMS,2026-08-13
31.16667,-81.08333,0.02872,-0.01358,0.0318,115.3,CMEMS,2026-08-13
31.16667,-81.0,0.02984,0.00115,0.0299,87.8,CMEMS,2026-08-13
31.16667,-80.91666,0.03626,0.01754,0.0403,64.2,CMEMS,2026-08-13
31.16667,-80.83333,0.04422,0.03688,0.0576,50.2,CMEMS,2026-08-13
31.16667,-80.75,0.04593,0.03957,0.0606,49.2,CMEMS,2026-08-13
31.16667,-80.66666,0.04334,0.0352,0.0558,50.9,CMEMS,2026-08-13
31.16667,-80.58333,0.03628,0.02986,0.047,50.5,CMEMS,2026-08-13
31.16667,-80.5,0.02077,0.03945,0.0446,27.8,CMEMS,2026-08-13
31.16667,-80.41666,0.01356,0.02936,0.0323,24.8,CMEMS,2026-08-13
31.16667,-80.33333,0.01855,-0.03111,0.0362,149.2,CMEMS,2026-08-13
31.16667,-80.25,0.0043,-0.05437,0.0545,175.5,CMEMS,2026-08-13
31.16667,-80.16666,-0.01573,-0.04986,0.0523,197.5,CMEMS,2026-08-13
31.16667,-80.08333,-0.02611,-0.04166,0.0492,212.1,CMEMS,2026-08-13
31.16667,-80.0,-0.02587,-0.05922,0.0646,203.6,CMEMS,2026-08-13
31.16667,-79.91666,-0.00562,-0.07208,0.0723,184.5,CMEMS,2026-08-13
31.16667,-79.83333,0.10751,0.04759,0.1176,66.1,CMEMS,2026-08-13
31.16667,-79.75,0.39636,0.4359,0.5892,42.3,CMEMS,2026-08-13
31.16667,-79.66666,0.74916,0.84623,1.1302,41.5,CMEMS,2026-08-13
31.16667,-79.58333,1.0575,1.16042,1.57,42.3,CMEMS,2026-08-13
31.16667,-79.5,1.29467,1.33457,1.8594,44.1,CMEMS,2026-08-13
31.16667,-79.41666,1.46294,1.36193,1.9988,47.0,CMEMS,2026-08-13
31.16667,-79.33333,1.58924,1.31377,2.062,50.4,CMEMS,2026-08-13
31.16667,-79.25,1.61592,1.25055,2.0433,52.3,CMEMS,2026-08-13
31.16667,-79.16666,1.51127,1.1141,1.8775,53.6,CMEMS,2026-08-13
31.16667,-79.08333,1.40093,0.91745,1.6746,56.8,CMEMS,2026-08-13
31.16667,-79.0,1.3499,0.76124,1.5498,60.6,CMEMS,2026-08-13
31.16667,-78.91666,1.27217,0.6621,1.4342,62.5,CMEMS,2026-08-13
31.16667,-78.83333,1.11818,0.55817,1.2498,63.5,CMEMS,2026-08-13
31.16667,-78.75,0.9366,0.42623,1.029,65.5,CMEMS,2026-08-13
31.16667,-78.66666,0.7825,0.29727,0.8371,69.2,CMEMS,2026-08-13
31.16667,-78.58333,0.65225,0.2047,0.6836,72.6,CMEMS,2026-08-13
31.16667,-78.5,0.53101,0.13465,0.5478,75.8,CMEMS,2026-08-13
31.16667,-78.41666,0.42004,0.06225,0.4246,81.6,CMEMS,2026-08-13
31.16667,-78.33333,0.32535,-0.00376,0.3254,90.7,CMEMS,2026-08-13
31.16667,-78.25,0.27199,-0.02262,0.2729,94.8,CMEMS,2026-08-13
31.16667,-78.16666,0.27743,0.02763,0.2788,84.3,CMEMS,2026-08-13
31.16667,-78.08333,0.30875,0.09904,0.3242,72.2,CMEMS,2026-08-13
31.16667,-78.0,0.32171,0.14529,0.353,65.7,CMEMS,2026-08-13
31.16667,-77.91666,0.30139,0.13984,0.3323,65.1,CMEMS,2026-08-13
31.16667,-77.83333,0.25136,0.07832,0.2633,72.7,CMEMS,2026-08-13
31.16667,-77.75,0.18803,-0.01348,0.1885,94.1,CMEMS,2026-08-13
31.16667,-77.66666,0.14715,-0.09411,0.1747,122.6,CMEMS,2026-08-13
31.16667,-77.58333,0.15672,-0.10399,0.1881,123.6,CMEMS,2026-08-13
31.16667,-77.5,0.20948,-0.01757,0.2102,94.8,CMEMS,2026-08-13
31.16667,-77.41666,0.28155,0.11453,0.304,67.9,CMEMS,2026-08-13
31.16667,-77.33333,0.35189,0.22579,0.4181,57.3,CMEMS,2026-08-13
31.16667,-77.25,0.40438,0.28297,0.4935,55.0,CMEMS,2026-08-13
31.16667,-77.16666,0.43449,0.28583,0.5201,56.7,CMEMS,2026-08-13
31.16667,-77.08333,0.4436,0.25171,0.51,60.4,CMEMS,2026-08-13
31.16667,-77.0,0.43999,0.19611,0.4817,66.0,CMEMS,2026-08-13
31.16667,-76.91666,0.43095,0.12965,0.45,73.3,CMEMS,2026-08-13
31.16667,-76.83333,0.42264,0.05789,0.4266,82.2,CMEMS,2026-08-13
31.16667,-76.75,0.41597,-0.01527,0.4163,92.1,CMEMS,2026-08-13
31.16667,-76.66666,0.40683,-0.08637,0.4159,102.0,CMEMS,2026-08-13
31.16667,-76.58333,0.39268,-0.14687,0.4192,110.5,CMEMS,2026-08-13
31.16667,-76.5,0.35754,-0.18131,0.4009,116.9,CMEMS,2026-08-13
31.16667,-76.41666,0.29725,-0.17256,0.3437,120.1,CMEMS,2026-08-13
31.16667,-76.33333,0.23149,-0.13555,0.2683,120.4,CMEMS,2026-08-13
31.16667,-76.25,0.17758,-0.10903,0.2084,121.5,CMEMS,2026-08-13
31.16667,-76.16666,0.14626,-0.11931,0.1888,129.2,CMEMS,2026-08-13
31.16667,-76.08333,0.13077,-0.15032,0.1992,139.0,CMEMS,2026-08-13
31.16667,-76.0,0.11315,-0.16204,0.1976,145.1,CMEMS,2026-08-13
31.16667,-75.91666,0.08277,-0.12696,0.1516,146.9,CMEMS,2026-08-13
31.16667,-75.83333,0.04925,-0.06888,0.0847,144.4,CMEMS,2026-08-13
31.16667,-75.75,0.00793,-0.08162,0.082,174.4,CMEMS,2026-08-13
31.16667,-75.66666,-0.05237,-0.12202,0.1328,203.2,CMEMS,2026-08-13
31.16667,-75.58333,-0.1213,-0.17172,0.2102,215.2,CMEMS,2026-08-13
31.16667,-75.5,-0.18774,-0.26165,0.322,215.7,CMEMS,2026-08-13
31.16667,-75.41666,-0.24093,-0.3615,0.4344,213.7,CMEMS,2026-08-13
31.16667,-75.33333,-0.26974,-0.43971,0.5159,211.5,CMEMS,2026-08-13
31.16667,-75.25,-0.27178,-0.48659,0.5573,209.2,CMEMS,2026-08-13
31.25,-81.25,0.02013,0.03227,0.038,32.0,CMEMS,2026-08-13
31.25,-81.16666,0.00701,0.01161,0.0136,31.1,CMEMS,2026-08-13
31.25,-81.08333,0.00698,-0.01437,0.016,154.1,CMEMS,2026-08-13
31.25,-81.0,0.01165,-0.00134,0.0117,96.5,CMEMS,2026-08-13
31.25,-80.91666,0.02146,0.0067,0.0225,72.7,CMEMS,2026-08-13
31.25,-80.83333,0.02977,0.03029,0.0425,44.5,CMEMS,2026-08-13
31.25,-80.75,0.03279,0.04306,0.0541,37.3,CMEMS,2026-08-13
31.25,-80.66666,0.0312,0.04613,0.0557,34.1,CMEMS,2026-08-13
31.25,-80.58333,0.0204,0.04477,0.0492,24.5,CMEMS,2026-08-13
31.25,-80.5,0.01113,0.05769,0.0588,10.9,CMEMS,2026-08-13
31.25,-80.41666,0.01864,0.04292,0.0468,23.5,CMEMS,2026-08-13
31.25,-80.33333,0.02065,-0.02373,0.0315,139.0,CMEMS,2026-08-13
31.25,-80.25,-0.00038,-0.04239,0.0424,180.5,CMEMS,2026-08-13
31.25,-80.16666,-0.02325,-0.03162,0.0392,216.3,CMEMS,2026-08-13
31.25,-80.08333,-0.03309,-0.03053,0.045,227.3,CMEMS,2026-08-13
31.25,-80.0,-0.03098,-0.05373,0.062,210.0,CMEMS,2026-08-13
31.25,-79.91666,-0.02212,-0.08661,0.0894,194.3,CMEMS,2026-08-13
31.25,-79.83333,0.00291,-0.08245,0.0825,178.0,CMEMS,2026-08-13
31.25,-79.75,0.11877,0.04931,0.1286,67.5,CMEMS,2026-08-13
31.25,-79.66666,0.39907,0.38251,0.5528,46.2,CMEMS,2026-08-13
31.25,-79.58333,0.75637,0.7793,1.086,44.1,CMEMS,2026-08-13
31.25,-79.5,1.09645,1.08204,1.5405,45.4,CMEMS,2026-08-13
31.25,-79.41666,1.41426,1.24182,1.8821,48.7,CMEMS,2026-08-13
31.25,-79.33333,1.67674,1.29929,2.1212,52.2,CMEMS,2026-08-13
31.25,-79.25,1.75074,1.26545,2.1602,54.1,CMEMS,2026-08-13
31.25,-79.16666,1.67298,1.14585,2.0278,55.6,CMEMS,2026-08-13
31.25,-79.08333,1.6346,1.00141,1.917,58.5,CMEMS,2026-08-13
31.25,-79.0,1.649,0.87148,1.8651,62.1,CMEMS,2026-08-13
31.25,-78.91666,1.59387,0.75186,1.7623,64.7,CMEMS,2026-08-13
31.25,-78.83333,1.43953,0.63789,1.5745,66.1,CMEMS,2026-08-13
31.25,-78.75,1.25934,0.53177,1.367,67.1,CMEMS,2026-08-13
31.25,-78.66666,1.11574,0.43328,1.1969,68.8,CMEMS,2026-08-13
31.25,-78.58333,0.99413,0.34998,1.0539,70.6,CMEMS,2026-08-13
31.25,-78.5,0.86106,0.27858,0.905,72.1,CMEMS,2026-08-13
31.25,-78.41666,0.71804,0.20866,0.7477,73.8,CMEMS,2026-08-13
31.25,-78.33333,0.56872,0.13477,0.5845,76.7,CMEMS,2026-08-13
31.25,-78.25,0.43191,0.0609,0.4362,82.0,CMEMS,2026-08-13
31.25,-78.16666,0.34872,0.02902,0.3499,85.2,CMEMS,2026-08-13
31.25,-78.08333,0.33389,0.06602,0.3404,78.8,CMEMS,2026-08-13
31.25,-78.0,0.34347,0.12311,0.3649,70.3,CMEMS,2026-08-13
31.25,-77.91666,0.3404,0.15706,0.3749,65.2,CMEMS,2026-08-13
31.25,-77.83333,0.30792,0.13722,0.3371,66.0,CMEMS,2026-08-13
31.25,-77.75,0.24606,0.06101,0.2535,76.1,CMEMS,2026-08-13
31.25,-77.66666,0.18171,-0.03839,0.1857,101.9,CMEMS,2026-08-13
31.25,-77.58333,0.14723,-0.11012,0.1839,126.8,CMEMS,2026-08-13
31.25,-77.5,0.16065,-0.0842,0.1814,117.7,CMEMS,2026-08-13
31.25,-77.41666,0.21257,0.0233,0.2138,83.7,CMEMS,2026-08-13
31.25,-77.33333,0.28008,0.14869,0.3171,62.0,CMEMS,2026-08-13
31.25,-77.25,0.3414,0.23319,0.4134,55.7,CMEMS,2026-08-13
31.25,-77.16666,0.38967,0.26208,0.4696,56.1,CMEMS,2026-08-13
31.25,-77.08333,0.42144,0.24632,0.4881,59.7,CMEMS,2026-08-13
31.25,-77.0,0.43951,0.20202,0.4837,65.3,CMEMS,2026-08-13
31.25,-76.91666,0.44376,0.13962,0.4652,72.5,CMEMS,2026-08-13
31.25,-76.83333,0.44237,0.0683,0.4476,81.2,CMEMS,2026-08-13
31.25,-76.75,0.43352,-0.00336,0.4335,90.4,CMEMS,2026-08-13
31.25,-76.66666,0.41493,-0.06706,0.4203,99.2,CMEMS,2026-08-13
31.25,-76.58333,0.37851,-0.11258,0.3949,106.6,CMEMS,2026-08-13
31.25,-76.5,0.31532,-0.12482,0.3391,111.6,CMEMS,2026-08-13
31.25,-76.41666,0.24312,-0.10137,0.2634,112.6,CMEMS,2026-08-13
31.25,-76.33333,0.18655,-0.07168,0.1999,111.0,CMEMS,2026-08-13
31.25,-76.25,0.15829,-0.06903,0.1727,113.6,CMEMS,2026-08-13
31.25,-76.16666,0.15811,-0.10265,0.1885,123.0,CMEMS,2026-08-13
31.25,-76.08333,0.16169,-0.13911,0.2133,130.7,CMEMS,2026-08-13
31.25,-76.0,0.15496,-0.14451,0.2119,133.0,CMEMS,2026-08-13
31.25,-75.91666,0.13556,-0.10894,0.1739,128.8,CMEMS,2026-08-13
31.25,-75.83333,0.11361,-0.04153,0.121,110.1,CMEMS,2026-08-13
31.25,-75.75,0.09238,-0.02303,0.0952,104.0,CMEMS,2026-08-13
31.25,-75.66666,0.06094,-0.05961,0.0852,134.4,CMEMS,2026-08-13
31.25,-75.58333,0.01939,-0.1068,0.1085,169.7,CMEMS,2026-08-13
31.25,-75.5,-0.02889,-0.19642,0.1985,188.4,CMEMS,2026-08-13
31.25,-75.41666,-0.0794,-0.31391,0.3238,194.2,CMEMS,2026-08-13
31.25,-75.33333,-0.12231,-0.4182,0.4357,196.3,CMEMS,2026-08-13
31.25,-75.25,-0.14657,-0.48824,0.5098,196.7,CMEMS,2026-08-13
31.33334,-81.25,0.04858,0.03542,0.0601,53.9,CMEMS,2026-08-13
31.33334,-81.16666,0.04272,0.02109,0.0476,63.7,CMEMS,2026-08-13
31.33334,-81.08333,0.02696,-0.00693,0.0278,104.4,CMEMS,2026-08-13
31.33334,-81.0,0.01838,-0.00392,0.0188,102.0,CMEMS,2026-08-13
31.33334,-80.91666,0.01879,0.00054,0.0188,88.4,CMEMS,2026-08-13
31.33334,-80.83333,0.0244,0.02129,0.0324,48.9,CMEMS,2026-08-13
31.33334,-80.75,0.02683,0.04683,0.054,29.8,CMEMS,2026-08-13
31.33334,-80.66666,0.02593,0.05356,0.0595,25.8,CMEMS,2026-08-13
31.33334,-80.58333,0.0223,0.05323,0.0577,22.7,CMEMS,2026-08-13
31.33334,-80.5,0.02698,0.06057,0.0663,24.0,CMEMS,2026-08-13
31.33334,-80.41666,0.03994,0.04385,0.0593,42.3,CMEMS,2026-08-13
31.33334,-80.33333,0.03507,-0.01245,0.0372,109.5,CMEMS,2026-08-13
31.33334,-80.25,0.01011,-0.02231,0.0245,155.6,CMEMS,2026-08-13
31.33334,-80.16666,-0.01414,-0.01061,0.0177,233.1,CMEMS,2026-08-13
31.33334,-80.08333,-0.02504,-0.02142,0.033,229.5,CMEMS,2026-08-13
31.33334,-80.0,-0.02636,-0.05054,0.057,207.5,CMEMS,2026-08-13
31.33334,-79.91666,-0.02469,-0.08602,0.0895,196.0,CMEMS,2026-08-13
31.33334,-79.83333,-0.01446,-0.111,0.1119,187.4,CMEMS,2026-08-13
31.33334,-79.75,0.01472,-0.09645,0.0976,171.3,CMEMS,2026-08-13
31.33334,-79.66666,0.14971,0.01202,0.1502,85.4,CMEMS,2026-08-13
31.33334,-79.58333,0.44275,0.30717,0.5389,55.2,CMEMS,2026-08-13
31.33334,-79.5,0.82129,0.66014,1.0537,51.2,CMEMS,2026-08-13
31.33334,-79.41666,1.23283,0.90989,1.5322,53.6,CMEMS,2026-08-13
31.33334,-79.33333,1.55296,1.01051,1.8528,56.9,CMEMS,2026-08-13
31.33334,-79.25,1.6692,1.00425,1.948,59.0,CMEMS,2026-08-13
31.33334,-79.16666,1.67833,0.9877,1.9474,59.5,CMEMS,2026-08-13
31.33334,-79.08333,1.74554,0.97769,2.0007,60.7,CMEMS,2026-08-13
31.33334,-79.0,1.84403,0.92837,2.0645,63.3,CMEMS,2026-08-13
31.33334,-78.91666,1.84534,0.84003,2.0275,65.5,CMEMS,2026-08-13
31.33334,-78.83333,1.71967,0.74336,1.8735,66.6,CMEMS,2026-08-13
31.33334,-78.75,1.55341,0.65395,1.6854,67.2,CMEMS,2026-08-13
31.33334,-78.66666,1.41636,0.5758,1.5289,67.9,CMEMS,2026-08-13
31.33334,-78.58333,1.29565,0.50479,1.3905,68.7,CMEMS,2026-08-13
31.33334,-78.5,1.16531,0.43278,1.2431,69.6,CMEMS,2026-08-13
31.33334,-78.41666,1.01782,0.366,1.0816,70.2,CMEMS,2026-08-13
31.33334,-78.33333,0.84634,0.3089,0.9009,69.9,CMEMS,2026-08-13
31.33334,-78.25,0.67046,0.243,0.7131,70.1,CMEMS,2026-08-13
31.33334,-78.16666,0.52593,0.16421,0.551,72.7,CMEMS,2026-08-13
31.33334,-78.08333,0.43051,0.11049,0.4445,75.6,CMEMS,2026-08-13
31.33334,-78.0,0.38466,0.11538,0.4016,73.3,CMEMS,2026-08-13
31.33334,-77.91666,0.36715,0.15325,0.3979,67.3,CMEMS,2026-08-13
31.33334,-77.83333,0.34769,0.17487,0.3892,63.3,CMEMS,2026-08-13
31.33334,-77.75,0.30207,0.13904,0.3325,65.3,CMEMS,2026-08-13
31.33334,-77.66666,0.23393,0.0463,0.2385,78.8,CMEMS,2026-08-13
31.33334,-77.58333,0.17471,-0.0602,0.1848,109.0,CMEMS,2026-08-13
31.33334,-77.5,0.14813,-0.10448,0.1813,125.2,CMEMS,2026-08-13
31.33334,-77.41666,0.16857,-0.04938,0.1756,106.3,CMEMS,2026-08-13
31.33334,-77.33333,0.21699,0.06222,0.2257,74.0,CMEMS,2026-08-13
31.33334,-77.25,0.27283,0.1638,0.3182,59.0,CMEMS,2026-08-13
31.33334,-77.16666,0.32499,0.21723,0.3909,56.2,CMEMS,2026-08-13
31.33334,-77.08333,0.36649,0.2199,0.4274,59.0,CMEMS,2026-08-13
31.33334,-77.0,0.39658,0.18865,0.4392,64.6,CMEMS,2026-08-13
31.33334,-76.91666,0.41333,0.13591,0.4351,71.8,CMEMS,2026-08-13
31.33334,-76.83333,0.41556,0.0758,0.4224,79.7,CMEMS,2026-08-13
31.33334,-76.75,0.40126,0.01743,0.4016,87.5,CMEMS,2026-08-13
31.33334,-76.66666,0.36924,-0.02764,0.3703,94.3,CMEMS,2026-08-13
31.33334,-76.58333,0.31211,-0.04956,0.316,99.0,CMEMS,2026-08-13
31.33334,-76.5,0.23953,-0.04234,0.2432,100.0,CMEMS,2026-08-13
31.33334,-76.41666,0.18163,-0.02454,0.1833,97.7,CMEMS,2026-08-13
31.33334,-76.33333,0.1507,-0.02638,0.153,99.9,CMEMS,2026-08-13
31.33334,-76.25,0.15624,-0.06235,0.1682,111.8,CMEMS,2026-08-13
31.33334,-76.16666,0.18198,-0.11388,0.2147,122.0,CMEMS,2026-08-13
31.33334,-76.08333,0.19603,-0.14194,0.242,125.9,CMEMS,2026-08-13
31.33334,-76.0,0.19266,-0.13111,0.233,124.2,CMEMS,2026-08-13
31.33334,-75.91666,0.17985,-0.09309,0.2025,117.4,CMEMS,2026-08-13
31.33334,-75.83333,0.1655,-0.03009,0.1682,100.3,CMEMS,2026-08-13
31.33334,-75.75,0.15873,0.00999,0.159,86.4,CMEMS,2026-08-13
31.33334,-75.66666,0.15119,-0.01198,0.1517,94.5,CMEMS,2026-08-13
31.33334,-75.58333,0.13865,-0.06056,0.1513,113.6,CMEMS,2026-08-13
31.33334,-75.5,0.12025,-0.14233,0.1863,139.8,CMEMS,2026-08-13
31.33334,-75.41666,0.09136,-0.25844,0.2741,160.5,CMEMS,2026-08-13
31.33334,-75.33333,0.05305,-0.37444,0.3782,171.9,CMEMS,2026-08-13
31.33334,-75.25,0.01523,-0.4646,0.4648,178.1,CMEMS,2026-08-13
31.41667,-81.25,0.06833,0.04348,0.081,57.5,CMEMS,2026-08-13
31.41667,-81.16666,0.07121,0.05248,0.0885,53.6,CMEMS,2026-08-13
31.41667,-81.08333,0.05442,0.02253,0.0589,67.5,CMEMS,2026-08-13
31.41667,-81.0,0.0365,-0.00612,0.037,99.5,CMEMS,2026-08-13
31.41667,-80.91666,0.03375,0.00235,0.0338,86.0,CMEMS,2026-08-13
31.41667,-80.83333,0.03253,0.02462,0.0408,52.9,CMEMS,2026-08-13
31.41667,-80.75,0.03096,0.05187,0.0604,30.8,CMEMS,2026-08-13
31.41667,-80.66666,0.03269,0.05346,0.0627,31.4,CMEMS,2026-08-13
31.41667,-80.58333,0.0381,0.04554,0.0594,39.9,CMEMS,2026-08-13
31.41667,-80.5,0.04906,0.05283,0.0721,42.9,CMEMS,2026-08-13
31.41667,-80.41666,0.05698,0.04379,0.0719,52.5,CMEMS,2026-08-13
31.41667,-80.33333,0.04909,0.00831,0.0498,80.4,CMEMS,2026-08-13
31.41667,-80.25,0.02712,-0.00057,0.0271,91.2,CMEMS,2026-08-13
31.41667,-80.16666,0.00637,0.00693,0.0094,42.6,CMEMS,2026-08-13
31.41667,-80.08333,-0.00505,-0.0111,0.0122,204.5,CMEMS,2026-08-13
31.41667,-80.0,-0.01351,-0.04468,0.0467,196.8,CMEMS,2026-08-13
31.41667,-79.91666,-0.02324,-0.0794,0.0827,196.3,CMEMS,2026-08-13
31.41667,-79.83333,-0.02727,-0.11552,0.1187,193.3,CMEMS,2026-08-13
31.41667,-79.75,-0.02178,-0.13689,0.1386,189.0,CMEMS,2026-08-13
31.41667,-79.66666,0.01285,-0.12167,0.1223,174.0,CMEMS,2026-08-13
31.41667,-79.58333,0.15374,-0.03667,0.1581,103.4,CMEMS,2026-08-13
31.41667,-79.5,0.4407,0.1999,0.4839,65.6,CMEMS,2026-08-13
31.41667,-79.41666,0.80684,0.42143,0.9103,62.4,CMEMS,2026-08-13
31.41667,-79.33333,1.11617,0.54666,1.2428,63.9,CMEMS,2026-08-13
31.41667,-79.25,1.31437,0.6598,1.4707,63.3,CMEMS,2026-08-13
31.41667,-79.16666,1.48972,0.82399,1.7024,61.1,CMEMS,2026-08-13
31.41667,-79.08333,1.70472,0.95264,1.9528,60.8,CMEMS,2026-08-13
31.41667,-79.0,1.8935,0.95597,2.1211,63.2,CMEMS,2026-08-13
31.41667,-78.91666,1.95893,0.86424,2.1411,66.2,CMEMS,2026-08-13
31.41667,-78.83333,1.89577,0.76242,2.0433,68.1,CMEMS,2026-08-13
31.41667,-78.75,1.79126,0.69939,1.923,68.7,CMEMS,2026-08-13
31.41667,-78.66666,1.7053,0.6658,1.8307,68.7,CMEMS,2026-08-13
31.41667,-78.58333,1.61365,0.64255,1.7369,68.3,CMEMS,2026-08-13
31.41667,-78.5,1.49482,0.61439,1.6162,67.7,CMEMS,2026-08-13
31.41667,-78.41666,1.35539,0.56935,1.4701,67.2,CMEMS,2026-08-13
31.41667,-78.33333,1.17772,0.51206,1.2842,66.5,CMEMS,2026-08-13
31.41667,-78.25,0.98107,0.45152,1.08,65.3,CMEMS,2026-08-13
31.41667,-78.16666,0.79901,0.38585,0.8873,64.2,CMEMS,2026-08-13
31.41667,-78.08333,0.63162,0.30071,0.6995,64.5,CMEMS,2026-08-13
31.41667,-78.0,0.49724,0.21343,0.5411,66.8,CMEMS,2026-08-13
31.41667,-77.91666,0.42438,0.1864,0.4635,66.3,CMEMS,2026-08-13
31.41667,-77.83333,0.39015,0.20189,0.4393,62.6,CMEMS,2026-08-13
31.41667,-77.75,0.35147,0.20013,0.4045,60.3,CMEMS,2026-08-13
31.41667,-77.66666,0.28718,0.13878,0.319,64.2,CMEMS,2026-08-13
31.41667,-77.58333,0.21527,0.02694,0.2169,82.9,CMEMS,2026-08-13
31.41667,-77.5,0.16178,-0.0652,0.1744,112.0,CMEMS,2026-08-13
31.41667,-77.41666,0.1458,-0.0689,0.1613,115.3,CMEMS,2026-08-13
31.41667,-77.33333,0.16535,0.0033,0.1654,88.9,CMEMS,2026-08-13
31.41667,-77.25,0.20624,0.09721,0.228,64.8,CMEMS,2026-08-13
31.41667,-77.16666,0.25247,0.1627,0.3004,57.2,CMEMS,2026-08-13
31.41667,-77.08333,0.29543,0.18252,0.3473,58.3,CMEMS,2026-08-13
31.41667,-77.0,0.32621,0.1647,0.3654,63.2,CMEMS,2026-08-13
31.41667,-76.91666,0.34321,0.12544,0.3654,69.9,CMEMS,2026-08-13
31.41667,-76.83333,0.34276,0.08101,0.3522,76.7,CMEMS,2026-08-13
31.41667,-76.75,0.32186,0.04414,0.3249,82.2,CMEMS,2026-08-13
31.41667,-76.66666,0.28162,0.02286,0.2825,85.4,CMEMS,2026-08-13
31.41667,-76.58333,0.22334,0.0247,0.2247,83.7,CMEMS,2026-08-13
31.41667,-76.5,0.16979,0.03484,0.1733,78.4,CMEMS,2026-08-13
31.41667,-76.41666,0.13724,0.02579,0.1396,79.4,CMEMS,2026-08-13
31.41667,-76.33333,0.13676,-0.01991,0.1382,98.3,CMEMS,2026-08-13
31.41667,-76.25,0.17138,-0.09187,0.1944,118.2,CMEMS,2026-08-13
31.41667,-76.16666,0.20828,-0.14484,0.2537,124.8,CMEMS,2026-08-13
31.41667,-76.08333,0.22195,-0.14907,0.2674,123.9,CMEMS,2026-08-13
31.41667,-76.0,0.21697,-0.11497,0.2455,117.9,CMEMS,2026-08-13
31.41667,-75.91666,0.20806,-0.07298,0.2205,109.3,CMEMS,2026-08-13
31.41667,-75.83333,0.19912,-0.02461,0.2006,97.0,CMEMS,2026-08-13
31.41667,-75.75,0.20117,0.01467,0.2017,85.8,CMEMS,2026-08-13
31.41667,-75.66666,0.20957,0.00833,0.2097,87.7,CMEMS,2026-08-13
31.41667,-75.58333,0.21539,-0.03738,0.2186,99.8,CMEMS,2026-08-13
31.41667,-75.5,0.21768,-0.11015,0.244,116.8,CMEMS,2026-08-13
31.41667,-75.41666,0.21077,-0.21235,0.2992,135.2,CMEMS,2026-08-13
31.41667,-75.33333,0.18966,-0.32369,0.3752,149.6,CMEMS,2026-08-13
31.41667,-75.25,0.15692,-0.42065,0.449,159.5,CMEMS,2026-08-13
31.5,-81.16666,0.06808,0.05198,0.0857,52.6,CMEMS,2026-08-13
31.5,-81.08333,0.0615,0.04003,0.0734,56.9,CMEMS,2026-08-13
31.5,-81.0,0.03727,-4e-05,0.0373,90.1,CMEMS,2026-08-13
31.5,-80.91666,0.02095,0.00146,0.021,86.0,CMEMS,2026-08-13
31.5,-80.83333,0.02252,0.0319,0.039,35.2,CMEMS,2026-08-13
31.5,-80.75,0.03339,0.05366,0.0632,31.9,CMEMS,2026-08-13
31.5,-80.66666,0.04103,0.04451,0.0605,42.7,CMEMS,2026-08-13
31.5,-80.58333,0.04928,0.031,0.0582,57.8,CMEMS,2026-08-13
31.5,-80.5,0.05666,0.04055,0.0697,54.4,CMEMS,2026-08-13
31.5,-80.41666,0.05758,0.0477,0.0748,50.4,CMEMS,2026-08-13
31.5,-80.33333,0.05087,0.02961,0.0589,59.8,CMEMS,2026-08-13
31.5,-80.25,0.03538,0.0166,0.0391,64.9,CMEMS,2026-08-13
31.5,-80.16666,0.02633,0.01526,0.0304,59.9,CMEMS,2026-08-13
31.5,-80.08333,0.02093,0.00314,0.0212,81.5,CMEMS,2026-08-13
31.5,-80.0,0.01003,-0.02719,0.029,159.7,CMEMS,2026-08-13
31.5,-79.91666,-0.00887,-0.05885,0.0595,188.6,CMEMS,2026-08-13
31.5,-79.83333,-0.03046,-0.10119,0.1057,196.8,CMEMS,2026-08-13
31.5,-79.75,-0.04642,-0.13954,0.1471,198.4,CMEMS,2026-08-13
31.5,-79.66666,-0.0535,-0.15499,0.164,199.0,CMEMS,2026-08-13
31.5,-79.58333,-0.02839,-0.14165,0.1445,191.3,CMEMS,2026-08-13
31.5,-79.5,0.08219,-0.07253,0.1096,131.4,CMEMS,2026-08-13
31.5,-79.41666,0.28335,0.06272,0.2902,77.5,CMEMS,2026-08-13
31.5,-79.33333,0.51975,0.19969,0.5568,69.0,CMEMS,2026-08-13
31.5,-79.25,0.77137,0.3665,0.854,64.6,CMEMS,2026-08-13
31.5,-79.16666,1.05516,0.57127,1.1999,61.6,CMEMS,2026-08-13
31.5,-79.08333,1.35426,0.72927,1.5381,61.7,CMEMS,2026-08-13
31.5,-79.0,1.612,0.77323,1.7879,64.4,CMEMS,2026-08-13
31.5,-78.91666,1.77203,0.73117,1.917,67.6,CMEMS,2026-08-13
31.5,-78.83333,1.83558,0.68459,1.9591,69.5,CMEMS,2026-08-13
31.5,-78.75,1.85793,0.67988,1.9784,69.9,CMEMS,2026-08-13
31.5,-78.66666,1.87508,0.70431,2.003,69.4,CMEMS,2026-08-13
31.5,-78.58333,1.85998,0.72844,1.9975,68.6,CMEMS,2026-08-13
31.5,-78.5,1.79418,0.73657,1.9395,67.7,CMEMS,2026-08-13
31.5,-78.41666,1.68749,0.72037,1.8348,66.9,CMEMS,2026-08-13
31.5,-78.33333,1.53142,0.68503,1.6777,65.9,CMEMS,2026-08-13
31.5,-78.25,1.34891,0.64286,1.4943,64.5,CMEMS,2026-08-13
31.5,-78.16666,1.15393,0.59899,1.3001,62.6,CMEMS,2026-08-13
31.5,-78.08333,0.9269,0.52762,1.0666,60.4,CMEMS,2026-08-13
31.5,-78.0,0.70287,0.40836,0.8129,59.8,CMEMS,2026-08-13
31.5,-77.91666,0.54728,0.3021,0.6251,61.1,CMEMS,2026-08-13
31.5,-77.83333,0.46269,0.26322,0.5323,60.4,CMEMS,2026-08-13
31.5,-77.75,0.40638,0.25186,0.4781,58.2,CMEMS,2026-08-13
31.5,-77.66666,0.34052,0.21553,0.403,57.7,CMEMS,2026-08-13
31.5,-77.58333,0.26271,0.1221,0.2897,65.1,CMEMS,2026-08-13
31.5,-77.5,0.1912,0.0098,0.1915,87.1,CMEMS,2026-08-13
31.5,-77.41666,0.14272,-0.03817,0.1477,105.0,CMEMS,2026-08-13
31.5,-77.33333,0.12577,-0.00605,0.1259,92.8,CMEMS,2026-08-13
31.5,-77.25,0.13681,0.05935,0.1491,66.5,CMEMS,2026-08-13
31.5,-77.16666,0.16827,0.11784,0.2054,55.0,CMEMS,2026-08-13
31.5,-77.08333,0.20525,0.14611,0.2519,54.6,CMEMS,2026-08-13
31.5,-77.0,0.23177,0.14216,0.2719,58.5,CMEMS,2026-08-13
31.5,-76.91666,0.24266,0.12128,0.2713,63.4,CMEMS,2026-08-13
31.5,-76.83333,0.23549,0.09523,0.254,68.0,CMEMS,2026-08-13
31.5,-76.75,0.21527,0.07618,0.2284,70.5,CMEMS,2026-08-13
31.5,-76.66666,0.1782,0.07358,0.1928,67.6,CMEMS,2026-08-13
31.5,-76.58333,0.13431,0.08647,0.1597,57.2,CMEMS,2026-08-13
31.5,-76.5,0.10559,0.08032,0.1327,52.7,CMEMS,2026-08-13
31.5,-76.41666,0.10038,0.03392,0.106,71.3,CMEMS,2026-08-13
31.5,-76.33333,0.13622,-0.05738,0.1478,112.8,CMEMS,2026-08-13
31.5,-76.25,0.18674,-0.14125,0.2341,127.1,CMEMS,2026-08-13
31.5,-76.16666,0.21888,-0.17382,0.2795,128.5,CMEMS,2026-08-13
31.5,-76.08333,0.22426,-0.14806,0.2687,123.4,CMEMS,2026-08-13
31.5,-76.0,0.21827,-0.09497,0.238,113.5,CMEMS,2026-08-13
31.5,-75.91666,0.21405,-0.05207,0.2203,103.7,CMEMS,2026-08-13
31.5,-75.83333,0.21294,-0.01909,0.2138,95.1,CMEMS,2026-08-13
31.5,-75.75,0.22383,0.00622,0.2239,88.4,CMEMS,2026-08-13
31.5,-75.66666,0.24508,0.00241,0.2451,89.4,CMEMS,2026-08-13
31.5,-75.58333,0.26651,-0.03523,0.2688,97.5,CMEMS,2026-08-13
31.5,-75.5,0.28424,-0.09868,0.3009,109.1,CMEMS,2026-08-13
31.5,-75.41666,0.29438,-0.18475,0.3475,122.1,CMEMS,2026-08-13
31.5,-75.33333,0.29171,-0.28227,0.4059,134.1,CMEMS,2026-08-13
31.5,-75.25,0.27561,-0.37513,0.4655,143.7,CMEMS,2026-08-13
31.58334,-81.08333,0.05622,0.08113,0.0987,34.7,CMEMS,2026-08-13
31.58334,-81.0,0.04524,0.02526,0.0518,60.8,CMEMS,2026-08-13
31.58334,-80.91666,0.03196,0.00384,0.0322,83.1,CMEMS,2026-08-13
31.58334,-80.83333,0.03366,0.01451,0.0367,66.7,CMEMS,2026-08-13
31.58334,-80.75,0.05041,0.03314,0.0603,56.7,CMEMS,2026-08-13
31.58334,-80.66666,0.05848,0.03339,0.0673,60.3,CMEMS,2026-08-13
31.58334,-80.58333,0.05704,0.02809,0.0636,63.8,CMEMS,2026-08-13
31.58334,-80.5,0.05211,0.03078,0.0605,59.4,CMEMS,2026-08-13
31.58334,-80.41666,0.05335,0.0501,0.0732,46.8,CMEMS,2026-08-13
31.58334,-80.33333,0.05124,0.04451,0.0679,49.0,CMEMS,2026-08-13
31.58334,-80.25,0.04071,0.02659,0.0486,56.8,CMEMS,2026-08-13
31.58334,-80.16666,0.03484,0.01164,0.0367,71.5,CMEMS,2026-08-13
31.58334,-80.08333,0.03346,0.0088,0.0346,75.3,CMEMS,2026-08-13
31.58334,-80.0,0.02761,-0.00376,0.0279,97.8,CMEMS,2026-08-13
31.58334,-79.91666,0.01136,-0.02697,0.0293,157.2,CMEMS,2026-08-13
31.58334,-79.83333,-0.01318,-0.06746,0.0687,191.1,CMEMS,2026-08-13
31.58334,-79.75,-0.0385,-0.11143,0.1179,199.1,CMEMS,2026-08-13
31.58334,-79.66666,-0.06411,-0.14429,0.1579,204.0,CMEMS,2026-08-13
31.58334,-79.58333,-0.08069,-0.16002,0.1792,206.8,CMEMS,2026-08-13
31.58334,-79.5,-0.07348,-0.15172,0.1686,205.8,CMEMS,2026-08-13
31.58334,-79.41666,-0.02214,-0.11313,0.1153,191.1,CMEMS,2026-08-13
31.58334,-79.33333,0.08347,-0.03943,0.0923,115.3,CMEMS,2026-08-13
31.58334,-79.25,0.24834,0.0695,0.2579,74.4,CMEMS,2026-08-13
31.58334,-79.16666,0.47927,0.22236,0.5283,65.1,CMEMS,2026-08-13
31.58334,-79.08333,0.7566,0.37882,0.8461,63.4,CMEMS,2026-08-13
31.58334,-79.0,1.0335,0.47756,1.1385,65.2,CMEMS,2026-08-13
31.58334,-78.91666,1.26527,0.51177,1.3649,68.0,CMEMS,2026-08-13
31.58334,-78.83333,1.44294,0.52708,1.5362,69.9,CMEMS,2026-08-13
31.58334,-78.75,1.59035,0.56044,1.6862,70.6,CMEMS,2026-08-13
31.58334,-78.66666,1.71857,0.60516,1.822,70.6,CMEMS,2026-08-13
31.58334,-78.58333,1.80384,0.64755,1.9165,70.3,CMEMS,2026-08-13
31.58334,-78.5,1.83744,0.69476,1.9644,69.3,CMEMS,2026-08-13
31.58334,-78.41666,1.83335,0.74535,1.9791,67.9,CMEMS,2026-08-13
31.58334,-78.33333,1.77783,0.79239,1.9464,66.0,CMEMS,2026-08-13
31.58334,-78.25,1.6632,0.82377,1.856,63.7,CMEMS,2026-08-13
31.58334,-78.16666,1.48199,0.80813,1.688,61.4,CMEMS,2026-08-13
31.58334,-78.08333,1.23264,0.73531,1.4353,59.2,CMEMS,2026-08-13
31.58334,-78.0,0.9613,0.61846,1.1431,57.2,CMEMS,2026-08-13
31.58334,-77.91666,0.73783,0.47958,0.88,57.0,CMEMS,2026-08-13
31.58334,-77.83333,0.58273,0.37764,0.6944,57.1,CMEMS,2026-08-13
31.58334,-77.75,0.47743,0.32696,0.5787,55.6,CMEMS,2026-08-13
31.58334,-77.66666,0.39099,0.28361,0.483,54.0,CMEMS,2026-08-13
31.58334,-77.58333,0.30605,0.20751,0.3698,55.9,CMEMS,2026-08-13
31.58334,-77.5,0.22218,0.09714,0.2425,66.4,CMEMS,2026-08-13
31.58334,-77.41666,0.14747,0.01977,0.1488,82.4,CMEMS,2026-08-13
31.58334,-77.33333,0.09985,0.01731,0.1013,80.2,CMEMS,2026-08-13
31.58334,-77.25,0.08453,0.05036,0.0984,59.2,CMEMS,2026-08-13
31.58334,-77.16666,0.10621,0.08789,0.1379,50.4,CMEMS,2026-08-13
31.58334,-77.08333,0.1426,0.11931,0.1859,50.1,CMEMS,2026-08-13
31.58334,-77.0,0.16865,0.13246,0.2145,51.9,CMEMS,2026-08-13
31.58334,-76.91666,0.17455,0.12988,0.2176,53.3,CMEMS,2026-08-13
31.58334,-76.83333,0.16293,0.11883,0.2017,53.9,CMEMS,2026-08-13
31.58334,-76.75,0.13595,0.1118,0.176,50.6,CMEMS,2026-08-13
31.58334,-76.66666,0.09481,0.11841,0.1517,38.7,CMEMS,2026-08-13
31.58334,-76.58333,0.06365,0.12394,0.1393,27.2,CMEMS,2026-08-13
31.58334,-76.5,0.04821,0.0909,0.1029,27.9,CMEMS,2026-08-13
31.58334,-76.41666,0.07694,0.00166,0.077,88.8,CMEMS,2026-08-13
31.58334,-76.33333,0.12796,-0.10911,0.1682,130.5,CMEMS,2026-08-13
31.58334,-76.25,0.16616,-0.17797,0.2435,137.0,CMEMS,2026-08-13
31.58334,-76.16666,0.18146,-0.1841,0.2585,135.4,CMEMS,2026-08-13
31.58334,-76.08333,0.18097,-0.13787,0.2275,127.3,CMEMS,2026-08-13
31.58334,-76.0,0.18168,-0.07922,0.1982,113.6,CMEMS,2026-08-13
31.58334,-75.91666,0.18872,-0.04231,0.1934,102.6,CMEMS,2026-08-13
31.58334,-75.83333,0.20126,-0.02269,0.2025,96.4,CMEMS,2026-08-13
31.58334,-75.75,0.223,-0.01126,0.2233,92.9,CMEMS,2026-08-13
31.58334,-75.66666,0.2548,-0.02087,0.2557,94.7,CMEMS,2026-08-13
31.58334,-75.58333,0.28809,-0.05383,0.2931,100.6,CMEMS,2026-08-13
31.58334,-75.5,0.31933,-0.10764,0.337,108.6,CMEMS,2026-08-13
31.58334,-75.41666,0.34537,-0.17923,0.3891,117.4,CMEMS,2026-08-13
31.58334,-75.33333,0.36183,-0.2638,0.4478,126.1,CMEMS,2026-08-13
31.58334,-75.25,0.36461,-0.34816,0.5041,133.7,CMEMS,2026-08-13
31.66667,-81.08333,0.08493,0.05653,0.102,56.4,CMEMS,2026-08-13
31.66667,-81.0,0.09128,0.02288,0.0941,75.9,CMEMS,2026-08-13
31.66667,-80.91666,0.08273,-0.00467,0.0829,93.2,CMEMS,2026-08-13
31.66667,-80.83333,0.06695,0.00028,0.0669,89.8,CMEMS,2026-08-13
31.66667,-80.75,0.05822,0.01607,0.0604,74.6,CMEMS,2026-08-13
31.66667,-80.66666,0.06415,0.0231,0.0682,70.2,CMEMS,2026-08-13
31.66667,-80.58333,0.07515,0.02242,0.0784,73.4,CMEMS,2026-08-13
31.66667,-80.5,0.07798,0.02207,0.081,74.2,CMEMS,2026-08-13
31.66667,-80.41666,0.08436,0.03707,0.0921,66.3,CMEMS,2026-08-13
31.66667,-80.33333,0.09032,0.04859,0.1026,61.7,CMEMS,2026-08-13
31.66667,-80.25,0.08234,0.04591,0.0943,60.9,CMEMS,2026-08-13
31.66667,-80.16666,0.05905,0.023,0.0634,68.7,CMEMS,2026-08-13
31.66667,-80.08333,0.04323,0.0099,0.0443,77.1,CMEMS,2026-08-13
31.66667,-80.0,0.03673,0.00529,0.0371,81.8,CMEMS,2026-08-13
31.66667,-79.91666,0.02721,-0.00306,0.0274,96.4,CMEMS,2026-08-13
31.66667,-79.83333,0.0089,-0.03348,0.0346,165.1,CMEMS,2026-08-13
31.66667,-79.75,-0.01538,-0.07511,0.0767,191.6,CMEMS,2026-08-13
31.66667,-79.66666,-0.04114,-0.11266,0.1199,200.1,CMEMS,2026-08-13
31.66667,-79.58333,-0.06568,-0.14114,0.1557,205.0,CMEMS,2026-08-13
31.66667,-79.5,-0.08754,-0.15576,0.1787,209.3,CMEMS,2026-08-13
31.66667,-79.41666,-0.09655,-0.15852,0.1856,211.3,CMEMS,2026-08-13
31.66667,-79.33333,-0.07916,-0.14718,0.1671,208.3,CMEMS,2026-08-13
31.66667,-79.25,-0.02685,-0.11177,0.115,193.5,CMEMS,2026-08-13
31.66667,-79.16666,0.07468,-0.04215,0.0858,119.4,CMEMS,2026-08-13
31.66667,-79.08333,0.23797,0.05899,0.2452,76.1,CMEMS,2026-08-13
31.66667,-79.0,0.44334,0.15555,0.4698,70.7,CMEMS,2026-08-13
31.66667,-78.91666,0.65676,0.22478,0.6942,71.1,CMEMS,2026-08-13
31.66667,-78.83333,0.86105,0.2778,0.9048,72.1,CMEMS,2026-08-13
31.66667,-78.75,1.0585,0.32905,1.1085,72.7,CMEMS,2026-08-13
31.66667,-78.66666,1.24628,0.37987,1.3029,73.0,CMEMS,2026-08-13
31.66667,-78.58333,1.40727,0.4381,1.4739,72.7,CMEMS,2026-08-13
31.66667,-78.5,1.54092,0.52732,1.6286,71.1,CMEMS,2026-08-13
31.66667,-78.41666,1.66309,0.64585,1.7841,68.8,CMEMS,2026-08-13
31.66667,-78.33333,1.74315,0.77465,1.9075,66.0,CMEMS,2026-08-13
31.66667,-78.25,1.73618,0.88975,1.9509,62.9,CMEMS,2026-08-13
31.66667,-78.16666,1.62867,0.95287,1.8869,59.7,CMEMS,2026-08-13
31.66667,-78.08333,1.43338,0.94928,1.7192,56.5,CMEMS,2026-08-13
31.66667,-78.0,1.18255,0.88024,1.4742,53.3,CMEMS,2026-08-13
31.66667,-77.91666,0.94369,0.74587,1.2029,51.7,CMEMS,2026-08-13
31.66667,-77.83333,0.73313,0.59046,0.9413,51.2,CMEMS,2026-08-13
31.66667,-77.75,0.56035,0.46543,0.7284,50.3,CMEMS,2026-08-13
31.66667,-77.66666,0.43842,0.38101,0.5809,49.0,CMEMS,2026-08-13
31.66667,-77.58333,0.34555,0.30769,0.4627,48.3,CMEMS,2026-08-13
31.66667,-77.5,0.25567,0.20985,0.3308,50.6,CMEMS,2026-08-13
31.66667,-77.41666,0.16357,0.11355,0.1991,55.2,CMEMS,2026-08-13
31.66667,-77.33333,0.09226,0.06829,0.1148,53.5,CMEMS,2026-08-13
31.66667,-77.25,0.0579,0.05709,0.0813,45.4,CMEMS,2026-08-13
31.66667,-77.16666,0.06873,0.05621,0.0888,50.7,CMEMS,2026-08-13
31.66667,-77.08333,0.11158,0.08158,0.1382,53.8,CMEMS,2026-08-13
31.66667,-77.0,0.14212,0.12038,0.1862,49.7,CMEMS,2026-08-13
31.66667,-76.91666,0.14389,0.14238,0.2024,45.3,CMEMS,2026-08-13
31.66667,-76.83333,0.12515,0.15105,0.1962,39.6,CMEMS,2026-08-13
31.66667,-76.75,0.08682,0.16005,0.1821,28.5,CMEMS,2026-08-13
31.66667,-76.66666,0.0421,0.17254,0.1776,13.7,CMEMS,2026-08-13
31.66667,-76.58333,0.01264,0.15499,0.1555,4.7,CMEMS,2026-08-13
31.66667,-76.5,0.0094,0.07953,0.0801,6.7,CMEMS,2026-08-13
31.66667,-76.41666,0.0507,-0.04369,0.0669,130.8,CMEMS,2026-08-13
31.66667,-76.33333,0.07767,-0.15023,0.1691,152.7,CMEMS,2026-08-13
31.66667,-76.25,0.08956,-0.19481,0.2144,155.3,CMEMS,2026-08-13
31.66667,-76.16666,0.09571,-0.18394,0.2074,152.5,CMEMS,2026-08-13
31.66667,-76.08333,0.10192,-0.13419,0.1685,142.8,CMEMS,2026-08-13
31.66667,-76.0,0.11569,-0.08133,0.1414,125.1,CMEMS,2026-08-13
31.66667,-75.91666,0.13619,-0.05188,0.1457,110.9,CMEMS,2026-08-13
31.66667,-75.83333,0.16293,-0.04118,0.1681,104.2,CMEMS,2026-08-13
31.66667,-75.75,0.19738,-0.03986,0.2014,101.4,CMEMS,2026-08-13
31.66667,-75.66666,0.23901,-0.05408,0.2451,102.7,CMEMS,2026-08-13
31.66667,-75.58333,0.28257,-0.08511,0.2951,106.8,CMEMS,2026-08-13
31.66667,-75.5,0.32629,-0.13223,0.3521,112.1,CMEMS,2026-08-13
31.66667,-75.41666,0.36735,-0.19506,0.4159,118.0,CMEMS,2026-08-13
31.66667,-75.33333,0.40091,-0.27077,0.4838,124.0,CMEMS,2026-08-13
31.66667,-75.25,0.41689,-0.34267,0.5396,129.4,CMEMS,2026-08-13
31.75,-81.08333,0.09444,0.02317,0.0972,76.2,CMEMS,2026-08-13
31.75,-81.0,0.11247,0.02332,0.1149,78.3,CMEMS,2026-08-13
31.75,-80.91666,0.0937,0.00918,0.0942,84.4,CMEMS,2026-08-13
31.75,-80.83333,0.0695,0.00835,0.07,83.1,CMEMS,2026-08-13
31.75,-80.75,0.05912,0.0195,0.0623,71.7,CMEMS,2026-08-13
31.75,-80.66666,0.06419,0.0143,0.0658,77.4,CMEMS,2026-08-13
31.75,-80.58333,0.08012,0.0004,0.0801,89.7,CMEMS,2026-08-13
31.75,-80.5,0.09816,0.0052,0.0983,87.0,CMEMS,2026-08-13
31.75,-80.41666,0.10918,0.01583,0.1103,81.8,CMEMS,2026-08-13
31.75,-80.33333,0.11536,0.03413,0.1203,73.5,CMEMS,2026-08-13
31.75,-80.25,0.11235,0.05514,0.1252,63.9,CMEMS,2026-08-13
31.75,-80.16666,0.0936,0.05551,0.1088,59.3,CMEMS,2026-08-13
31.75,-80.08333,0.06901,0.03461,0.0772,63.4,CMEMS,2026-08-13
31.75,-80.0,0.0526,0.01662,0.0552,72.5,CMEMS,2026-08-13
31.75,-79.91666,0.04257,0.00852,0.0434,78.7,CMEMS,2026-08-13
31.75,-79.83333,0.02905,-0.00959,0.0306,108.3,CMEMS,2026-08-13
31.75,-79.75,0.00918,-0.04159,0.0426,167.6,CMEMS,2026-08-13
31.75,-79.66666,-0.01537,-0.07865,0.0801,191.1,CMEMS,2026-08-13
31.75,-79.58333,-0.04172,-0.1087,0.1164,201.0,CMEMS,2026-08-13
31.75,-79.5,-0.06774,-0.13434,0.1505,206.8,CMEMS,2026-08-13
31.75,-79.41666,-0.09185,-0.1528,0.1783,211.0,CMEMS,2026-08-13
31.75,-79.33333,-0.10658,-0.16566,0.197,212.8,CMEMS,2026-08-13
31.75,-79.25,-0.10394,-0.16812,0.1977,211.7,CMEMS,2026-08-13
31.75,-79.16666,-0.07746,-0.15135,0.17,207.1,CMEMS,2026-08-13
31.75,-79.08333,-0.01646,-0.11325,0.1144,188.3,CMEMS,2026-08-13
31.75,-79.0,0.08397,-0.06155,0.1041,126.2,CMEMS,2026-08-13
31.75,-78.91666,0.21474,-0.01193,0.2151,93.2,CMEMS,2026-08-13
31.75,-78.83333,0.36779,0.03442,0.3694,84.7,CMEMS,2026-08-13
31.75,-78.75,0.53885,0.08006,0.5448,81.5,CMEMS,2026-08-13
31.75,-78.66666,0.71676,0.12379,0.7274,80.2,CMEMS,2026-08-13
31.75,-78.58333,0.89152,0.17873,0.9093,78.7,CMEMS,2026-08-13
31.75,-78.5,1.06884,0.27231,1.103,75.7,CMEMS,2026-08-13
31.75,-78.41666,1.25286,0.40839,1.3177,71.9,CMEMS,2026-08-13
31.75,-78.33333,1.41305,0.56664,1.5224,68.1,CMEMS,2026-08-13
31.75,-78.25,1.51222,0.74995,1.688,63.6,CMEMS,2026-08-13
31.75,-78.16666,1.52747,0.9404,1.7937,58.4,CMEMS,2026-08-13
31.75,-78.08333,1.44349,1.08176,1.8039,53.2,CMEMS,2026-08-13
31.75,-78.0,1.27248,1.12517,1.6986,48.5,CMEMS,2026-08-13
31.75,-77.91666,1.07184,1.04604,1.4977,45.7,CMEMS,2026-08-13
31.75,-77.83333,0.84557,0.8663,1.2106,44.3,CMEMS,2026-08-13
31.75,-77.75,0.63152,0.66357,0.9161,43.6,CMEMS,2026-08-13
31.75,-77.66666,0.48514,0.51844,0.71,43.1,CMEMS,2026-08-13
31.75,-77.58333,0.38541,0.42596,0.5744,42.1,CMEMS,2026-08-13
31.75,-77.5,0.29053,0.33311,0.442,41.1,CMEMS,2026-08-13
31.75,-77.41666,0.19236,0.22949,0.2994,40.0,CMEMS,2026-08-13
31.75,-77.33333,0.10961,0.15015,0.1859,36.1,CMEMS,2026-08-13
31.75,-77.25,0.05947,0.08895,0.107,33.8,CMEMS,2026-08-13
31.75,-77.16666,0.05351,0.03831,0.0658,54.4,CMEMS,2026-08-13
31.75,-77.08333,0.08627,0.02924,0.0911,71.3,CMEMS,2026-08-13
31.75,-77.0,0.11556,0.09915,0.1523,49.4,CMEMS,2026-08-13
31.75,-76.91666,0.11844,0.15937,0.1986,36.6,CMEMS,2026-08-13
31.75,-76.83333,0.0975,0.19253,0.2158,26.9,CMEMS,2026-08-13
31.75,-76.75,0.05527,0.21843,0.2253,14.2,CMEMS,2026-08-13
31.75,-76.66666,0.01364,0.22866,0.2291,3.4,CMEMS,2026-08-13
31.75,-76.58333,-0.01512,0.18273,0.1834,355.3,CMEMS,2026-08-13
31.75,-76.5,-0.00905,0.06809,0.0687,352.4,CMEMS,2026-08-13
31.75,-76.41666,0.00339,-0.06759,0.0677,177.1,CMEMS,2026-08-13
31.75,-76.33333,-0.0026,-0.15839,0.1584,180.9,CMEMS,2026-08-13
31.75,-76.25,-0.00849,-0.19479,0.195,182.5,CMEMS,2026-08-13
31.75,-76.16666,-0.00867,-0.18932,0.1895,182.6,CMEMS,2026-08-13
31.75,-76.08333,0.00214,-0.15519,0.1552,179.2,CMEMS,2026-08-13
31.75,-76.0,0.02583,-0.11535,0.1182,167.4,CMEMS,2026-08-13
31.75,-75.91666,0.05995,-0.09079,0.1088,146.6,CMEMS,2026-08-13
31.75,-75.83333,0.0998,-0.08391,0.1304,130.1,CMEMS,2026-08-13
31.75,-75.75,0.14751,-0.08947,0.1725,121.2,CMEMS,2026-08-13
31.75,-75.66666,0.2003,-0.10945,0.2283,118.7,CMEMS,2026-08-13
31.75,-75.58333,0.25485,-0.14178,0.2916,119.1,CMEMS,2026-08-13
31.75,-75.5,0.31069,-0.18579,0.362,120.9,CMEMS,2026-08-13
31.75,-75.41666,0.36765,-0.24304,0.4407,123.5,CMEMS,2026-08-13
31.75,-75.33333,0.41469,-0.30763,0.5163,126.6,CMEMS,2026-08-13
31.75,-75.25,0.44011,-0.36033,0.5688,129.3,CMEMS,2026-08-13
31.83334,-81.0,0.10493,0.05932,0.1205,60.5,CMEMS,2026-08-13
31.83334,-80.91666,0.09263,0.08343,0.1247,48.0,CMEMS,2026-08-13
31.83334,-80.83333,0.06971,0.03664,0.0788,62.3,CMEMS,2026-08-13
31.83334,-80.75,0.05369,0.03047,0.0617,60.4,CMEMS,2026-08-13
31.83334,-80.66666,0.04905,0.00593,0.0494,83.1,CMEMS,2026-08-13
31.83334,-80.58333,0.05932,-0.01442,0.061,103.7,CMEMS,2026-08-13
31.83334,-80.5,0.07304,-0.00675,0.0734,95.3,CMEMS,2026-08-13
31.83334,-80.41666,0.07989,0.01314,0.081,80.7,CMEMS,2026-08-13
31.83334,-80.33333,0.08344,0.03309,0.0898,68.4,CMEMS,2026-08-13
31.83334,-80.25,0.09073,0.05458,0.1059,59.0,CMEMS,2026-08-13
31.83334,-80.16666,0.09188,0.06671,0.1135,54.0,CMEMS,2026-08-13
31.83334,-80.08333,0.08155,0.05629,0.0991,55.4,CMEMS,2026-08-13
31.83334,-80.0,0.06899,0.03306,0.0765,64.4,CMEMS,2026-08-13
31.83334,-79.91666,0.06067,0.01617,0.0628,75.1,CMEMS,2026-08-13
31.83334,-79.83333,0.05178,0.00415,0.0519,85.4,CMEMS,2026-08-13
31.83334,-79.75,0.03649,-0.01228,0.0385,108.6,CMEMS,2026-08-13
31.83334,-79.66666,0.0168,-0.0446,0.0477,159.4,CMEMS,2026-08-13
31.83334,-79.58333,-0.01059,-0.07616,0.0769,187.9,CMEMS,2026-08-13
31.83334,-79.5,-0.03635,-0.10211,0.1084,199.6,CMEMS,2026-08-13
31.83334,-79.41666,-0.06115,-0.12778,0.1417,205.6,CMEMS,2026-08-13
31.83334,-79.33333,-0.0854,-0.14667,0.1697,210.2,CMEMS,2026-08-13
31.83334,-79.25,-0.10363,-0.16406,0.194,212.3,CMEMS,2026-08-13
31.83334,-79.16666,-0.10844,-0.17019,0.2018,212.5,CMEMS,2026-08-13
31.83334,-79.08333,-0.09637,-0.16152,0.1881,210.8,CMEMS,2026-08-13
31.83334,-79.0,-0.06733,-0.14431,0.1592,205.0,CMEMS,2026-08-13
31.83334,-78.91666,-0.0199,-0.12564,0.1272,189.0,CMEMS,2026-08-13
31.83334,-78.83333,0.04904,-0.11025,0.1207,156.0,CMEMS,2026-08-13
31.83334,-78.75,0.14169,-0.09342,0.1697,123.4,CMEMS,2026-08-13
31.83334,-78.66666,0.25389,-0.0715,0.2638,105.7,CMEMS,2026-08-13
31.83334,-78.58333,0.38151,-0.03513,0.3831,95.3,CMEMS,2026-08-13
31.83334,-78.5,0.52876,0.03459,0.5299,86.3,CMEMS,2026-08-13
31.83334,-78.41666,0.69632,0.15044,0.7124,77.8,CMEMS,2026-08-13
31.83334,-78.33333,0.87357,0.31268,0.9278,70.3,CMEMS,2026-08-13
31.83334,-78.25,1.04013,0.52887,1.1669,63.0,CMEMS,2026-08-13
31.83334,-78.16666,1.16602,0.79558,1.4116,55.7,CMEMS,2026-08-13
31.83334,-78.08333,1.21943,1.0607,1.6162,49.0,CMEMS,2026-08-13
31.83334,-78.0,1.18487,1.23972,1.7149,43.7,CMEMS,2026-08-13
31.83334,-77.91666,1.07562,1.26079,1.6573,40.5,CMEMS,2026-08-13
31.83334,-77.83333,0.89069,1.11521,1.4272,38.6,CMEMS,2026-08-13
31.83334,-77.75,0.68883,0.88846,1.1242,37.8,CMEMS,2026-08-13
31.83334,-77.66666,0.5423,0.68858,0.8765,38.2,CMEMS,2026-08-13
31.83334,-77.58333,0.43599,0.55711,0.7074,38.0,CMEMS,2026-08-13
31.83334,-77.5,0.33282,0.45357,0.5626,36.3,CMEMS,2026-08-13
31.83334,-77.41666,0.23582,0.34908,0.4213,34.0,CMEMS,2026-08-13
31.83334,-77.33333,0.15052,0.24905,0.291,31.1,CMEMS,2026-08-13
31.83334,-77.25,0.08501,0.1494,0.1719,29.6,CMEMS,2026-08-13
31.83334,-77.16666,0.04866,0.05064,0.0702,43.9,CMEMS,2026-08-13
31.83334,-77.08333,0.05026,-0.002,0.0503,92.3,CMEMS,2026-08-13
31.83334,-77.0,0.08012,0.06155,0.101,52.5,CMEMS,2026-08-13
31.83334,-76.91666,0.09143,0.17491,0.1974,27.6,CMEMS,2026-08-13
31.83334,-76.83333,0.07188,0.23235,0.2432,17.2,CMEMS,2026-08-13
31.83334,-76.75,0.03363,0.27135,0.2734,7.1,CMEMS,2026-08-13
31.83334,-76.66666,-0.00186,0.27442,0.2744,359.6,CMEMS,2026-08-13
31.83334,-76.58333,-0.02953,0.20853,0.2106,351.9,CMEMS,2026-08-13
31.83334,-76.5,-0.03316,0.07977,0.0864,337.4,CMEMS,2026-08-13
31.83334,-76.41666,-0.05387,-0.04749,0.0718,228.6,CMEMS,2026-08-13
31.83334,-76.33333,-0.08445,-0.13151,0.1563,212.7,CMEMS,2026-08-13
31.83334,-76.25,-0.10808,-0.18281,0.2124,210.6,CMEMS,2026-08-13
31.83334,-76.16666,-0.11609,-0.20001,0.2313,210.1,CMEMS,2026-08-13
31.83334,-76.08333,-0.10209,-0.19049,0.2161,208.2,CMEMS,2026-08-13
31.83334,-76.0,-0.0692,-0.16862,0.1823,202.3,CMEMS,2026-08-13
31.83334,-75.91666,-0.02292,-0.1552,0.1569,188.4,CMEMS,2026-08-13
31.83334,-75.83333,0.03145,-0.15479,0.158,168.5,CMEMS,2026-08-13
31.83334,-75.75,0.09512,-0.16518,0.1906,150.1,CMEMS,2026-08-13
31.83334,-75.66666,0.16085,-0.18748,0.247,139.4,CMEMS,2026-08-13
31.83334,-75.58333,0.22674,-0.22041,0.3162,134.2,CMEMS,2026-08-13
31.83334,-75.5,0.29608,-0.26219,0.3955,131.5,CMEMS,2026-08-13
31.83334,-75.41666,0.36788,-0.31356,0.4834,130.4,CMEMS,2026-08-13
31.83334,-75.33333,0.42723,-0.36513,0.562,130.5,CMEMS,2026-08-13
31.83334,-75.25,0.46758,-0.39828,0.6142,130.4,CMEMS,2026-08-13
31.91667,-80.91666,0.07912,0.06957,0.1054,48.7,CMEMS,2026-08-13
31.91667,-80.83333,0.10237,0.0713,0.1248,55.1,CMEMS,2026-08-13
31.91667,-80.75,0.09527,0.0397,0.1032,67.4,CMEMS,2026-08-13
31.91667,-80.66666,0.06249,0.02074,0.0658,71.6,CMEMS,2026-08-13
31.91667,-80.58333,0.03734,0.00087,0.0373,88.7,CMEMS,2026-08-13
31.91667,-80.5,0.02775,-0.00507,0.0282,100.3,CMEMS,2026-08-13
31.91667,-80.41666,0.03295,0.01564,0.0365,64.6,CMEMS,2026-08-13
31.91667,-80.33333,0.03884,0.03368,0.0514,49.1,CMEMS,2026-08-13
31.91667,-80.25,0.05126,0.04229,0.0665,50.5,CMEMS,2026-08-13
31.91667,-80.16666,0.07111,0.05823,0.0919,50.7,CMEMS,2026-08-13
31.91667,-80.08333,0.08565,0.06033,0.1048,54.8,CMEMS,2026-08-13
31.91667,-80.0,0.0918,0.0473,0.1033,62.7,CMEMS,2026-08-13
31.91667,-79.91666,0.0903,0.02435,0.0935,74.9,CMEMS,2026-08-13
31.91667,-79.83333,0.08208,0.00811,0.0825,84.4,CMEMS,2026-08-13
31.91667,-79.75,0.0681,0.00245,0.0681,87.9,CMEMS,2026-08-13
31.91667,-79.66666,0.04972,-0.01559,0.0521,107.4,CMEMS,2026-08-13
31.91667,-79.58333,0.02388,-0.04633,0.0521,152.7,CMEMS,2026-08-13
31.91667,-79.5,-0.00154,-0.07463,0.0746,181.2,CMEMS,2026-08-13
31.91667,-79.41666,-0.02537,-0.10095,0.1041,194.1,CMEMS,2026-08-13
31.91667,-79.33333,-0.05059,-0.12001,0.1302,202.9,CMEMS,2026-08-13
31.91667,-79.25,-0.07662,-0.14009,0.1597,208.7,CMEMS,2026-08-13
31.91667,-79.16666,-0.0973,-0.15845,0.1859,211.6,CMEMS,2026-08-13
31.91667,-79.08333,-0.10561,-0.16611,0.1968,212.4,CMEMS,2026-08-13
31.91667,-79.0,-0.10339,-0.16454,0.1943,212.1,CMEMS,2026-08-13
31.91667,-78.91666,-0.09232,-0.16018,0.1849,210.0,CMEMS,2026-08-13
31.91667,-78.83333,-0.07139,-0.16135,0.1764,203.9,CMEMS,2026-08-13
31.91667,-78.75,-0.03885,-0.16628,0.1708,193.2,CMEMS,2026-08-13
31.91667,-78.66666,0.0079,-0.16554,0.1657,177.3,CMEMS,2026-08-13
31.91667,-78.58333,0.06809,-0.14815,0.163,155.3,CMEMS,2026-08-13
31.91667,-78.5,0.14432,-0.10066,0.176,124.9,CMEMS,2026-08-13
31.91667,-78.41666,0.2414,-0.00756,0.2415,91.8,CMEMS,2026-08-13
31.91667,-78.33333,0.36742,0.13292,0.3907,70.1,CMEMS,2026-08-13
31.91667,-78.25,0.51838,0.33987,0.6199,56.7,CMEMS,2026-08-13
31.91667,-78.16666,0.67884,0.62128,0.9202,47.5,CMEMS,2026-08-13
31.91667,-78.08333,0.8231,0.94536,1.2535,41.0,CMEMS,2026-08-13
31.91667,-78.0,0.91576,1.21951,1.5251,36.9,CMEMS,2026-08-13
31.91667,-77.91666,0.92603,1.34178,1.6303,34.6,CMEMS,2026-08-13
31.91667,-77.83333,0.83814,1.27477,1.5256,33.3,CMEMS,2026-08-13
31.91667,-77.75,0.70902,1.07628,1.2888,33.4,CMEMS,2026-08-13
31.91667,-77.66666,0.60026,0.85806,1.0472,35.0,CMEMS,2026-08-13
31.91667,-77.58333,0.49051,0.68784,0.8448,35.5,CMEMS,2026-08-13
31.91667,-77.5,0.38361,0.55804,0.6772,34.5,CMEMS,2026-08-13
31.91667,-77.41666,0.29214,0.4504,0.5368,33.0,CMEMS,2026-08-13
31.91667,-77.33333,0.20652,0.34325,0.4006,31.0,CMEMS,2026-08-13
31.91667,-77.25,0.13065,0.22539,0.2605,30.1,CMEMS,2026-08-13
31.91667,-77.16666,0.06617,0.09806,0.1183,34.0,CMEMS,2026-08-13
31.91667,-77.08333,0.02693,0.00489,0.0274,79.7,CMEMS,2026-08-13
31.91667,-77.0,0.0426,0.02786,0.0509,56.8,CMEMS,2026-08-13
31.91667,-76.91666,0.06355,0.17496,0.1861,20.0,CMEMS,2026-08-13
31.91667,-76.83333,0.05523,0.25688,0.2628,12.1,CMEMS,2026-08-13
31.91667,-76.75,0.02832,0.30579,0.3071,5.3,CMEMS,2026-08-13
31.91667,-76.66666,-0.00125,0.30652,0.3065,359.8,CMEMS,2026-08-13
31.91667,-76.58333,-0.03103,0.23623,0.2383,352.5,CMEMS,2026-08-13
31.91667,-76.5,-0.05518,0.11659,0.129,334.7,CMEMS,2026-08-13
31.91667,-76.41666,-0.10067,0.00201,0.1007,271.1,CMEMS,2026-08-13
31.91667,-76.33333,-0.14504,-0.08842,0.1699,238.6,CMEMS,2026-08-13
31.91667,-76.25,-0.17573,-0.15962,0.2374,227.8,CMEMS,2026-08-13
31.91667,-76.16666,-0.18689,-0.20411,0.2767,222.5,CMEMS,2026-08-13
31.91667,-76.08333,-0.17497,-0.225,0.285,217.9,CMEMS,2026-08-13
31.91667,-76.0,-0.14204,-0.22917,0.2696,211.8,CMEMS,2026-08-13
31.91667,-75.91666,-0.09266,-0.22796,0.2461,202.1,CMEMS,2026-08-13
31.91667,-75.83333,-0.02932,-0.23578,0.2376,187.1,CMEMS,2026-08-13
31.91667,-75.75,0.04403,-0.24959,0.2534,170.0,CMEMS,2026-08-13
31.91667,-75.66666,0.12042,-0.27229,0.2977,156.1,CMEMS,2026-08-13
31.91667,-75.58333,0.20188,-0.304,0.3649,146.4,CMEMS,2026-08-13
31.91667,-75.5,0.29088,-0.34629,0.4522,140.0,CMEMS,2026-08-13
31.91667,-75.41666,0.38183,-0.39221,0.5474,135.8,CMEMS,2026-08-13
31.91667,-75.33333,0.46547,-0.43469,0.6369,133.0,CMEMS,2026-08-13
31.91667,-75.25,0.53115,-0.4569,0.7006,130.7,CMEMS,2026-08-13
32.0,-80.83333,0.06992,0.06727,0.097,46.1,CMEMS,2026-08-13
32.0,-80.75,0.09654,0.07277,0.1209,53.0,CMEMS,2026-08-13
32.0,-80.66666,0.12036,0.05662,0.133,64.8,CMEMS,2026-08-13
32.0,-80.58333,0.09413,0.0332,0.0998,70.6,CMEMS,2026-08-13
32.0,-80.5,0.05757,0.01283,0.059,77.4,CMEMS,2026-08-13
32.0,-80.41666,0.04325,0.0096,0.0443,77.5,CMEMS,2026-08-13
32.0,-80.33333,0.04123,0.01821,0.0451,66.2,CMEMS,2026-08-13
32.0,-80.25,0.05287,0.0214,0.057,68.0,CMEMS,2026-08-13
32.0,-80.16666,0.07324,0.02404,0.0771,71.8,CMEMS,2026-08-13
32.0,-80.08333,0.09823,0.0318,0.1032,72.1,CMEMS,2026-08-13
32.0,-80.0,0.11781,0.03566,0.1231,73.2,CMEMS,2026-08-13
32.0,-79.91666,0.12709,0.02803,0.1301,77.6,CMEMS,2026-08-13
32.0,-79.83333,0.1232,0.01987,0.1248,80.8,CMEMS,2026-08-13
32.0,-79.75,0.10891,0.02171,0.1111,78.7,CMEMS,2026-08-13
32.0,-79.66666,0.08698,0.01524,0.0883,80.1,CMEMS,2026-08-13
32.0,-79.58333,0.06183,-0.01183,0.0629,100.8,CMEMS,2026-08-13
32.0,-79.5,0.03625,-0.04256,0.0559,139.6,CMEMS,2026-08-13
32.0,-79.41666,0.00875,-0.06967,0.0702,172.8,CMEMS,2026-08-13
32.0,-79.33333,-0.01977,-0.08999,0.0921,192.4,CMEMS,2026-08-13
32.0,-79.25,-0.04721,-0.10831,0.1181,203.6,CMEMS,2026-08-13
32.0,-79.16666,-0.0747,-0.13027,0.1502,209.8,CMEMS,2026-08-13
32.0,-79.08333,-0.09685,-0.15003,0.1786,212.8,CMEMS,2026-08-13
32.0,-79.0,-0.11016,-0.16343,0.1971,214.0,CMEMS,2026-08-13
32.0,-78.91666,-0.11662,-0.1722,0.208,214.1,CMEMS,2026-08-13
32.0,-78.83333,-0.11489,-0.1826,0.2157,212.2,CMEMS,2026-08-13
32.0,-78.75,-0.11072,-0.19791,0.2268,209.2,CMEMS,2026-08-13
32.0,-78.66666,-0.10458,-0.20991,0.2345,206.5,CMEMS,2026-08-13
32.0,-78.58333,-0.09403,-0.20494,0.2255,204.6,CMEMS,2026-08-13
32.0,-78.5,-0.07209,-0.16962,0.1843,203.0,CMEMS,2026-08-13
32.0,-78.41666,-0.03167,-0.09424,0.0994,198.6,CMEMS,2026-08-13
32.0,-78.33333,0.03311,0.02025,0.0388,58.5,CMEMS,2026-08-13
32.0,-78.25,0.13268,0.20055,0.2405,33.5,CMEMS,2026-08-13
32.0,-78.16666,0.26996,0.46731,0.5397,30.0,CMEMS,2026-08-13
32.0,-78.08333,0.43437,0.80159,0.9117,28.5,CMEMS,2026-08-13
32.0,-78.0,0.5945,1.12646,1.2737,27.8,CMEMS,2026-08-13
32.0,-77.91666,0.69991,1.33376,1.5062,27.7,CMEMS,2026-08-13
32.0,-77.83333,0.72138,1.36222,1.5414,27.9,CMEMS,2026-08-13
32.0,-77.75,0.70049,1.2324,1.4176,29.6,CMEMS,2026-08-13
32.0,-77.66666,0.63728,1.02473,1.2067,31.9,CMEMS,2026-08-13
32.0,-77.58333,0.53097,0.81305,0.9711,33.1,CMEMS,2026-08-13
32.0,-77.5,0.43541,0.65717,0.7883,33.5,CMEMS,2026-08-13
32.0,-77.41666,0.35454,0.5471,0.6519,32.9,CMEMS,2026-08-13
32.0,-77.33333,0.2757,0.43813,0.5177,32.2,CMEMS,2026-08-13
32.0,-77.25,0.19886,0.3165,0.3738,32.1,CMEMS,2026-08-13
32.0,-77.16666,0.11737,0.17726,0.2126,33.5,CMEMS,2026-08-13
32.0,-77.08333,0.04082,0.05041,0.0649,39.0,CMEMS,2026-08-13
32.0,-77.0,0.01392,0.01528,0.0207,42.3,CMEMS,2026-08-13
32.0,-76.91666,0.04131,0.14179,0.1477,16.2,CMEMS,2026-08-13
32.0,-76.83333,0.05384,0.2665,0.2719,11.4,CMEMS,2026-08-13
32.0,-76.75,0.04378,0.32186,0.3248,7.7,CMEMS,2026-08-13
32.0,-76.66666,0.02236,0.32852,0.3293,3.9,CMEMS,2026-08-13
32.0,-76.58333,-0.00784,0.26939,0.2695,358.3,CMEMS,2026-08-13
32.0,-76.5,-0.04457,0.16552,0.1714,344.9,CMEMS,2026-08-13
32.0,-76.41666,-0.09663,0.05721,0.1123,300.6,CMEMS,2026-08-13
32.0,-76.33333,-0.14078,-0.04386,0.1475,252.7,CMEMS,2026-08-13
32.0,-76.25,-0.17093,-0.13417,0.2173,231.9,CMEMS,2026-08-13
32.0,-76.16666,-0.18487,-0.20142,0.2734,222.5,CMEMS,2026-08-13
32.0,-76.08333,-0.18028,-0.24744,0.3061,216.1,CMEMS,2026-08-13
32.0,-76.0,-0.15806,-0.27728,0.3192,209.7,CMEMS,2026-08-13
32.0,-75.91666,-0.11707,-0.29802,0.3202,201.4,CMEMS,2026-08-13
32.0,-75.83333,-0.05777,-0.31827,0.3235,190.3,CMEMS,2026-08-13
32.0,-75.75,0.01409,-0.33877,0.3391,177.6,CMEMS,2026-08-13
32.0,-75.66666,0.09662,-0.36331,0.3759,165.1,CMEMS,2026-08-13
32.0,-75.58333,0.19326,-0.39806,0.4425,154.1,CMEMS,2026-08-13
32.0,-75.5,0.29939,-0.44013,0.5323,145.8,CMEMS,2026-08-13
32.0,-75.41666,0.41069,-0.48437,0.635,139.7,CMEMS,2026-08-13
32.0,-75.33333,0.51925,-0.52221,0.7364,135.2,CMEMS,2026-08-13
32.0,-75.25,0.59892,-0.53297,0.8017,131.7,CMEMS,2026-08-13
32.08334,-80.83333,0.0537,0.06411,0.0836,39.9,CMEMS,2026-08-13
32.08334,-80.75,0.07967,0.06393,0.1021,51.3,CMEMS,2026-08-13
32.08334,-80.66666,0.13537,0.05892,0.1476,66.5,CMEMS,2026-08-13
32.08334,-80.58333,0.16732,0.04515,0.1733,74.9,CMEMS,2026-08-13
32.08334,-80.5,0.14649,0.03013,0.1496,78.4,CMEMS,2026-08-13
32.08334,-80.41666,0.10809,0.02718,0.1115,75.9,CMEMS,2026-08-13
32.08334,-80.33333,0.09573,0.0204,0.0979,78.0,CMEMS,2026-08-13
32.08334,-80.25,0.09507,0.00602,0.0953,86.4,CMEMS,2026-08-13
32.08334,-80.16666,0.10088,-0.00833,0.1012,94.7,CMEMS,2026-08-13
32.08334,-80.08333,0.1138,-0.00489,0.1139,92.5,CMEMS,2026-08-13
32.08334,-80.0,0.12758,0.00581,0.1277,87.4,CMEMS,2026-08-13
32.08334,-79.91666,0.13427,0.01696,0.1353,82.8,CMEMS,2026-08-13
32.08334,-79.83333,0.13108,0.02535,0.1335,79.1,CMEMS,2026-08-13
32.08334,-79.75,0.12082,0.04201,0.1279,70.8,CMEMS,2026-08-13
32.08334,-79.66666,0.10432,0.0459,0.114,66.3,CMEMS,2026-08-13
32.08334,-79.58333,0.08777,0.02371,0.0909,74.9,CMEMS,2026-08-13
32.08334,-79.5,0.06699,-0.00569,0.0672,94.9,CMEMS,2026-08-13
32.08334,-79.41666,0.03895,-0.02928,0.0487,126.9,CMEMS,2026-08-13
32.08334,-79.33333,0.00807,-0.05241,0.053,171.2,CMEMS,2026-08-13
32.08334,-79.25,-0.0231,-0.07489,0.0784,197.1,CMEMS,2026-08-13
32.08334,-79.16666,-0.05288,-0.0954,0.1091,209.0,CMEMS,2026-08-13
32.08334,-79.08333,-0.08232,-0.11762,0.1436,215.0,CMEMS,2026-08-13
32.08334,-79.0,-0.10543,-0.14287,0.1776,216.4,CMEMS,2026-08-13
32.08334,-78.91666,-0.12123,-0.1633,0.2034,216.6,CMEMS,2026-08-13
32.08334,-78.83333,-0.13169,-0.17969,0.2228,216.2,CMEMS,2026-08-13
32.08334,-78.75,-0.14175,-0.19816,0.2436,215.6,CMEMS,2026-08-13
32.08334,-78.66666,-0.15409,-0.2147,0.2643,215.7,CMEMS,2026-08-13
32.08334,-78.58333,-0.16723,-0.21816,0.2749,217.5,CMEMS,2026-08-13
32.08334,-78.5,-0.172,-0.19277,0.2583,221.7,CMEMS,2026-08-13
32.08334,-78.41666,-0.16124,-0.13088,0.2077,230.9,CMEMS,2026-08-13
32.08334,-78.33333,-0.13099,-0.03155,0.1347,256.5,CMEMS,2026-08-13
32.08334,-78.25,-0.06968,0.11713,0.1363,329.3,CMEMS,2026-08-13
32.08334,-78.16666,0.03528,0.35547,0.3572,5.7,CMEMS,2026-08-13
32.08334,-78.08333,0.18506,0.66886,0.694,15.5,CMEMS,2026-08-13
32.08334,-78.0,0.36009,1.00266,1.0654,19.8,CMEMS,2026-08-13
32.08334,-77.91666,0.51374,1.26434,1.3647,22.1,CMEMS,2026-08-13
32.08334,-77.83333,0.61943,1.38361,1.5159,24.1,CMEMS,2026-08-13
32.08334,-77.75,0.67212,1.33397,1.4937,26.7,CMEMS,2026-08-13
32.08334,-77.66666,0.64423,1.14916,1.3174,29.3,CMEMS,2026-08-13
32.08334,-77.58333,0.56583,0.92937,1.0881,31.3,CMEMS,2026-08-13
32.08334,-77.5,0.49263,0.76152,0.907,32.9,CMEMS,2026-08-13
32.08334,-77.41666,0.42245,0.64552,0.7715,33.2,CMEMS,2026-08-13
32.08334,-77.33333,0.3541,0.54248,0.6478,33.1,CMEMS,2026-08-13
32.08334,-77.25,0.28078,0.42817,0.512,33.3,CMEMS,2026-08-13
32.08334,-77.16666,0.19154,0.29171,0.349,33.3,CMEMS,2026-08-13
32.08334,-77.08333,0.09516,0.14994,0.1776,32.4,CMEMS,2026-08-13
32.08334,-77.0,0.01772,0.05183,0.0548,18.9,CMEMS,2026-08-13
32.08334,-76.91666,0.01922,0.08715,0.0892,12.4,CMEMS,2026-08-13
32.08334,-76.83333,0.0565,0.24173,0.2482,13.2,CMEMS,2026-08-13
32.08334,-76.75,0.07088,0.32379,0.3315,12.3,CMEMS,2026-08-13
32.08334,-76.66666,0.06226,0.34358,0.3492,10.3,CMEMS,2026-08-13
32.08334,-76.58333,0.03987,0.306,0.3086,7.4,CMEMS,2026-08-13
32.08334,-76.5,0.00688,0.22362,0.2237,1.8,CMEMS,2026-08-13
32.08334,-76.41666,-0.03936,0.12054,0.1268,341.9,CMEMS,2026-08-13
32.08334,-76.33333,-0.08155,0.00867,0.082,276.1,CMEMS,2026-08-13
32.08334,-76.25,-0.11403,-0.10157,0.1527,228.3,CMEMS,2026-08-13
32.08334,-76.16666,-0.13288,-0.19532,0.2362,214.2,CMEMS,2026-08-13
32.08334,-76.08333,-0.1369,-0.26855,0.3014,207.0,CMEMS,2026-08-13
32.08334,-76.0,-0.1251,-0.32252,0.3459,201.2,CMEMS,2026-08-13
32.08334,-75.91666,-0.09549,-0.3641,0.3764,194.7,CMEMS,2026-08-13
32.08334,-75.83333,-0.04763,-0.4024,0.4052,186.8,CMEMS,2026-08-13
32.08334,-75.75,0.01476,-0.43836,0.4386,178.1,CMEMS,2026-08-13
32.08334,-75.66666,0.0934,-0.47737,0.4864,168.9,CMEMS,2026-08-13
32.08334,-75.58333,0.19309,-0.5215,0.5561,159.7,CMEMS,2026-08-13
32.08334,-75.5,0.30534,-0.56767,0.6446,151.7,CMEMS,2026-08-13
32.08334,-75.41666,0.42921,-0.61562,0.7505,145.1,CMEMS,2026-08-13
32.08334,-75.33333,0.54487,-0.64598,0.8451,139.9,CMEMS,2026-08-13
32.08334,-75.25,0.60413,-0.61925,0.8651,135.7,CMEMS,2026-08-13
32.16667,-80.75,0.06115,0.05602,0.0829,47.5,CMEMS,2026-08-13
32.16667,-80.66666,0.09993,0.04445,0.1094,66.0,CMEMS,2026-08-13
32.16667,-80.58333,0.13698,0.03377,0.1411,76.2,CMEMS,2026-08-13
32.16667,-80.5,0.14996,0.02756,0.1525,79.6,CMEMS,2026-08-13
32.16667,-80.41666,0.13908,0.02348,0.141,80.4,CMEMS,2026-08-13
32.16667,-80.33333,0.1236,0.01977,0.1252,80.9,CMEMS,2026-08-13
32.16667,-80.25,0.11073,0.01519,0.1118,82.2,CMEMS,2026-08-13
32.16667,-80.16666,0.10364,0.00031,0.1036,89.8,CMEMS,2026-08-13
32.16667,-80.08333,0.09614,-0.00467,0.0963,92.8,CMEMS,2026-08-13
32.16667,-80.0,0.09636,-0.00375,0.0964,92.2,CMEMS,2026-08-13
32.16667,-79.91666,0.09822,0.01093,0.0988,83.7,CMEMS,2026-08-13
32.16667,-79.83333,0.0975,0.02511,0.1007,75.6,CMEMS,2026-08-13
32.16667,-79.75,0.09981,0.04486,0.1094,65.8,CMEMS,2026-08-13
32.16667,-79.66666,0.10197,0.05801,0.1173,60.4,CMEMS,2026-08-13
32.16667,-79.58333,0.10189,0.03896,0.1091,69.1,CMEMS,2026-08-13
32.16667,-79.5,0.09417,0.01314,0.0951,82.1,CMEMS,2026-08-13
32.16667,-79.41666,0.07858,0.00137,0.0786,89.0,CMEMS,2026-08-13
32.16667,-79.33333,0.05446,-0.0049,0.0547,95.1,CMEMS,2026-08-13
32.16667,-79.25,0.02035,-0.02785,0.0345,143.8,CMEMS,2026-08-13
32.16667,-79.16666,-0.01535,-0.0567,0.0587,195.2,CMEMS,2026-08-13
32.16667,-79.08333,-0.04989,-0.07929,0.0937,212.2,CMEMS,2026-08-13
32.16667,-79.0,-0.08099,-0.10625,0.1336,217.3,CMEMS,2026-08-13
32.16667,-78.91666,-0.10673,-0.13332,0.1708,218.7,CMEMS,2026-08-13
32.16667,-78.83333,-0.1296,-0.15755,0.204,219.4,CMEMS,2026-08-13
32.16667,-78.75,-0.14976,-0.17837,0.2329,220.0,CMEMS,2026-08-13
32.16667,-78.66666,-0.1686,-0.19544,0.2581,220.8,CMEMS,2026-08-13
32.16667,-78.58333,-0.18803,-0.20192,0.2759,223.0,CMEMS,2026-08-13
32.16667,-78.5,-0.20243,-0.18223,0.2724,228.0,CMEMS,2026-08-13
32.16667,-78.41666,-0.2047,-0.12765,0.2412,238.1,CMEMS,2026-08-13
32.16667,-78.33333,-0.19031,-0.03765,0.194,258.8,CMEMS,2026-08-13
32.16667,-78.25,-0.15107,0.09168,0.1767,301.3,CMEMS,2026-08-13
32.16667,-78.16666,-0.07195,0.28902,0.2978,346.0,CMEMS,2026-08-13
32.16667,-78.08333,0.05739,0.56515,0.5681,5.8,CMEMS,2026-08-13
32.16667,-78.0,0.22513,0.87558,0.9041,14.4,CMEMS,2026-08-13
32.16667,-77.91666,0.4014,1.15325,1.2211,19.2,CMEMS,2026-08-13
32.16667,-77.83333,0.55128,1.3275,1.4374,22.6,CMEMS,2026-08-13
32.16667,-77.75,0.6442,1.34769,1.4937,25.5,CMEMS,2026-08-13
32.16667,-77.66666,0.6551,1.22217,1.3867,28.2,CMEMS,2026-08-13
32.16667,-77.58333,0.61156,1.03323,1.2007,30.6,CMEMS,2026-08-13
32.16667,-77.5,0.55514,0.86259,1.0258,32.8,CMEMS,2026-08-13
32.16667,-77.41666,0.49362,0.73547,0.8858,33.9,CMEMS,2026-08-13
32.16667,-77.33333,0.4375,0.6384,0.7739,34.4,CMEMS,2026-08-13
32.16667,-77.25,0.36733,0.53698,0.6506,34.4,CMEMS,2026-08-13
32.16667,-77.16666,0.27897,0.41434,0.4995,34.0,CMEMS,2026-08-13
32.16667,-77.08333,0.17752,0.27961,0.3312,32.4,CMEMS,2026-08-13
32.16667,-77.0,0.07248,0.15176,0.1682,25.5,CMEMS,2026-08-13
32.16667,-76.91666,0.01739,0.08973,0.0914,11.0,CMEMS,2026-08-13
32.16667,-76.83333,0.04557,0.16906,0.1751,15.1,CMEMS,2026-08-13
32.16667,-76.75,0.08962,0.2905,0.304,17.1,CMEMS,2026-08-13
32.16667,-76.66666,0.10392,0.34016,0.3557,17.0,CMEMS,2026-08-13
32.16667,-76.58333,0.09534,0.33041,0.3439,16.1,CMEMS,2026-08-13
32.16667,-76.5,0.07458,0.27188,0.2819,15.3,CMEMS,2026-08-13
32.16667,-76.41666,0.04123,0.17838,0.1831,13.0,CMEMS,2026-08-13
32.16667,-76.33333,0.00354,0.06241,0.0625,3.2,CMEMS,2026-08-13
32.16667,-76.25,-0.03141,-0.06224,0.0697,206.8,CMEMS,2026-08-13
32.16667,-76.16666,-0.05664,-0.17711,0.1859,197.7,CMEMS,2026-08-13
32.16667,-76.08333,-0.06971,-0.27229,0.2811,194.4,CMEMS,2026-08-13
32.16667,-76.0,-0.06828,-0.34619,0.3529,191.2,CMEMS,2026-08-13
32.16667,-75.91666,-0.05232,-0.40696,0.4103,187.3,CMEMS,2026-08-13
32.16667,-75.83333,-0.02045,-0.46761,0.4681,182.5,CMEMS,2026-08-13
32.16667,-75.75,0.02827,-0.53106,0.5318,177.0,CMEMS,2026-08-13
32.16667,-75.66666,0.09778,-0.59589,0.6039,170.7,CMEMS,2026-08-13
32.16667,-75.58333,0.19042,-0.65798,0.685,163.9,CMEMS,2026-08-13
32.16667,-75.5,0.29807,-0.71784,0.7773,157.5,CMEMS,2026-08-13
32.16667,-75.41666,0.41731,-0.77212,0.8777,151.6,CMEMS,2026-08-13
32.16667,-75.33333,0.50942,-0.77196,0.9249,146.6,CMEMS,2026-08-13
32.16667,-75.25,0.51494,-0.65728,0.835,141.9,CMEMS,2026-08-13
32.25,-80.5,0.11505,0.03147,0.1193,74.7,CMEMS,2026-08-13
32.25,-80.41666,0.14284,0.02246,0.1446,81.1,CMEMS,2026-08-13
32.25,-80.33333,0.13736,0.03377,0.1414,76.2,CMEMS,2026-08-13
32.25,-80.25,0.11138,0.03848,0.1178,70.9,CMEMS,2026-08-13
32.25,-80.16666,0.09205,0.02896,0.0965,72.5,CMEMS,2026-08-13
32.25,-80.08333,0.07892,0.0074,0.0793,84.6,CMEMS,2026-08-13
32.25,-80.0,0.07346,-0.00704,0.0738,95.5,CMEMS,2026-08-13
32.25,-79.91666,0.07463,-0.0008,0.0746,90.6,CMEMS,2026-08-13
32.25,-79.83333,0.07686,0.01136,0.0777,81.6,CMEMS,2026-08-13
32.25,-79.75,0.08464,0.02408,0.088,74.1,CMEMS,2026-08-13
32.25,-79.66666,0.09909,0.03814,0.1062,68.9,CMEMS,2026-08-13
32.25,-79.58333,0.11201,0.03117,0.1163,74.5,CMEMS,2026-08-13
32.25,-79.5,0.11626,0.01417,0.1171,83.1,CMEMS,2026-08-13
32.25,-79.41666,0.11327,0.00559,0.1134,87.2,CMEMS,2026-08-13
32.25,-79.33333,0.0986,0.01988,0.1006,78.6,CMEMS,2026-08-13
32.25,-79.25,0.06966,0.02112,0.0728,73.1,CMEMS,2026-08-13
32.25,-79.16666,0.0354,-0.00895,0.0365,104.2,CMEMS,2026-08-13
32.25,-79.08333,0.00217,-0.04315,0.0432,177.1,CMEMS,2026-08-13
32.25,-79.0,-0.02994,-0.07166,0.0777,202.7,CMEMS,2026-08-13
32.25,-78.91666,-0.06367,-0.10165,0.1199,212.1,CMEMS,2026-08-13
32.25,-78.83333,-0.09515,-0.12748,0.1591,216.7,CMEMS,2026-08-13
32.25,-78.75,-0.12511,-0.14791,0.1937,220.2,CMEMS,2026-08-13
32.25,-78.66666,-0.15364,-0.16434,0.225,223.1,CMEMS,2026-08-13
32.25,-78.58333,-0.17856,-0.17417,0.2494,225.7,CMEMS,2026-08-13
32.25,-78.5,-0.19534,-0.16159,0.2535,230.4,CMEMS,2026-08-13
32.25,-78.41666,-0.19842,-0.11519,0.2294,239.9,CMEMS,2026-08-13
32.25,-78.33333,-0.18638,-0.03065,0.1889,260.7,CMEMS,2026-08-13
32.25,-78.25,-0.15515,0.08989,0.1793,300.1,CMEMS,2026-08-13
32.25,-78.16666,-0.09148,0.25046,0.2666,339.9,CMEMS,2026-08-13
32.25,-78.08333,0.01702,0.48168,0.482,2.0,CMEMS,2026-08-13
32.25,-78.0,0.16752,0.75874,0.777,12.5,CMEMS,2026-08-13
32.25,-77.91666,0.34207,1.02924,1.0846,18.4,CMEMS,2026-08-13
32.25,-77.83333,0.51244,1.2268,1.3295,22.7,CMEMS,2026-08-13
32.25,-77.75,0.64095,1.30145,1.4507,26.2,CMEMS,2026-08-13
32.25,-77.66666,0.69293,1.24429,1.4242,29.1,CMEMS,2026-08-13
32.25,-77.58333,0.68575,1.10104,1.2971,31.9,CMEMS,2026-08-13
32.25,-77.5,0.64421,0.93894,1.1387,34.5,CMEMS,2026-08-13
32.25,-77.41666,0.59522,0.80525,1.0014,36.5,CMEMS,2026-08-13
32.25,-77.33333,0.54348,0.71025,0.8943,37.4,CMEMS,2026-08-13
32.25,-77.25,0.47504,0.62184,0.7825,37.4,CMEMS,2026-08-13
32.25,-77.16666,0.39585,0.52241,0.6554,37.2,CMEMS,2026-08-13
32.25,-77.08333,0.30204,0.41065,0.5098,36.3,CMEMS,2026-08-13
32.25,-77.0,0.1905,0.28613,0.3437,33.7,CMEMS,2026-08-13
32.25,-76.91666,0.08498,0.17503,0.1946,25.9,CMEMS,2026-08-13
32.25,-76.83333,0.04338,0.13549,0.1423,17.8,CMEMS,2026-08-13
32.25,-76.75,0.07437,0.21193,0.2246,19.3,CMEMS,2026-08-13
32.25,-76.66666,0.12033,0.29701,0.3205,22.1,CMEMS,2026-08-13
32.25,-76.58333,0.1441,0.32399,0.3546,24.0,CMEMS,2026-08-13
32.25,-76.5,0.14729,0.29615,0.3308,26.4,CMEMS,2026-08-13
32.25,-76.41666,0.13423,0.22135,0.2589,31.2,CMEMS,2026-08-13
32.25,-76.33333,0.11073,0.11285,0.1581,44.5,CMEMS,2026-08-13
32.25,-76.25,0.0795,-0.01284,0.0805,99.2,CMEMS,2026-08-13
32.25,-76.16666,0.04813,-0.13589,0.1442,160.5,CMEMS,2026-08-13
32.25,-76.08333,0.02387,-0.24371,0.2449,174.4,CMEMS,2026-08-13
32.25,-76.0,0.00988,-0.33529,0.3354,178.3,CMEMS,2026-08-13
32.25,-75.91666,0.00715,-0.41751,0.4176,179.0,CMEMS,2026-08-13
32.25,-75.83333,0.02086,-0.50273,0.5032,177.6,CMEMS,2026-08-13
32.25,-75.75,0.05577,-0.59294,0.5956,174.6,CMEMS,2026-08-13
32.25,-75.66666,0.11177,-0.68471,0.6938,170.7,CMEMS,2026-08-13
32.25,-75.58333,0.18634,-0.77132,0.7935,166.4,CMEMS,2026-08-13
32.25,-75.5,0.27503,-0.85231,0.8956,162.1,CMEMS,2026-08-13
32.25,-75.41666,0.36032,-0.90469,0.9738,158.3,CMEMS,2026-08-13
32.25,-75.33333,0.39026,-0.83628,0.9229,155.0,CMEMS,2026-08-13
32.25,-75.25,0.32366,-0.599,0.6809,151.6,CMEMS,2026-08-13
32.33334,-80.41666,0.08019,0.06232,0.1016,52.1,CMEMS,2026-08-13
32.33334,-80.33333,0.09153,0.05404,0.1063,59.4,CMEMS,2026-08-13
32.33334,-80.25,0.11112,0.03725,0.1172,71.5,CMEMS,2026-08-13
32.33334,-80.16666,0.11929,0.02313,0.1215,79.0,CMEMS,2026-08-13
32.33334,-80.08333,0.1194,0.00938,0.1198,85.5,CMEMS,2026-08-13
32.33334,-80.0,0.11978,0.00681,0.12,86.7,CMEMS,2026-08-13
32.33334,-79.91666,0.12004,0.01103,0.1205,84.7,CMEMS,2026-08-13
32.33334,-79.83333,0.11844,0.01766,0.1197,81.5,CMEMS,2026-08-13
32.33334,-79.75,0.11445,0.01832,0.1159,80.9,CMEMS,2026-08-13
32.33334,-79.66666,0.11389,0.01868,0.1154,80.7,CMEMS,2026-08-13
32.33334,-79.58333,0.11835,0.01367,0.1191,83.4,CMEMS,2026-08-13
32.33334,-79.5,0.12044,0.0059,0.1206,87.2,CMEMS,2026-08-13
32.33334,-79.41666,0.11376,0.00979,0.1142,85.1,CMEMS,2026-08-13
32.33334,-79.33333,0.10219,0.03341,0.1075,71.9,CMEMS,2026-08-13
32.33334,-79.25,0.08851,0.05267,0.103,59.2,CMEMS,2026-08-13
32.33334,-79.16666,0.07118,0.03173,0.0779,66.0,CMEMS,2026-08-13
32.33334,-79.08333,0.05419,-0.00872,0.0549,99.1,CMEMS,2026-08-13
32.33334,-79.0,0.0329,-0.03597,0.0487,137.6,CMEMS,2026-08-13
32.33334,-78.91666,0.0069,-0.0612,0.0616,173.6,CMEMS,2026-08-13
32.33334,-78.83333,-0.02657,-0.08879,0.0927,196.7,CMEMS,2026-08-13
32.33334,-78.75,-0.06464,-0.1112,0.1286,210.2,CMEMS,2026-08-13
32.33334,-78.66666,-0.10546,-0.12351,0.1624,220.5,CMEMS,2026-08-13
32.33334,-78.58333,-0.14232,-0.13724,0.1977,226.0,CMEMS,2026-08-13
32.33334,-78.5,-0.17227,-0.13934,0.2216,231.0,CMEMS,2026-08-13
32.33334,-78.41666,-0.1813,-0.11184,0.213,238.3,CMEMS,2026-08-13
32.33334,-78.33333,-0.16146,-0.04019,0.1664,256.0,CMEMS,2026-08-13
32.33334,-78.25,-0.11959,0.07289,0.1401,301.4,CMEMS,2026-08-13
32.33334,-78.16666,-0.05593,0.22124,0.2282,345.8,CMEMS,2026-08-13
32.33334,-78.08333,0.04146,0.41031,0.4124,5.8,CMEMS,2026-08-13
32.33334,-78.0,0.17779,0.64699,0.671,15.4,CMEMS,2026-08-13
32.33334,-77.91666,0.34115,0.89632,0.9591,20.8,CMEMS,2026-08-13
32.33334,-77.83333,0.51409,1.10385,1.2177,25.0,CMEMS,2026-08-13
32.33334,-77.75,0.66298,1.21819,1.3869,28.6,CMEMS,2026-08-13
32.33334,-77.66666,0.75466,1.2203,1.4348,31.7,CMEMS,2026-08-13
32.33334,-77.58333,0.78444,1.13074,1.3762,34.8,CMEMS,2026-08-13
32.33334,-77.5,0.76492,0.99487,1.2549,37.6,CMEMS,2026-08-13
32.33334,-77.41666,0.72103,0.86285,1.1245,39.9,CMEMS,2026-08-13
32.33334,-77.33333,0.66222,0.75471,1.0041,41.3,CMEMS,2026-08-13
32.33334,-77.25,0.60045,0.67126,0.9006,41.8,CMEMS,2026-08-13
32.33334,-77.16666,0.53636,0.59978,0.8046,41.8,CMEMS,2026-08-13
32.33334,-77.08333,0.45519,0.51654,0.6885,41.4,CMEMS,2026-08-13
32.33334,-77.0,0.34934,0.41296,0.5409,40.2,CMEMS,2026-08-13
32.33334,-76.91666,0.22745,0.29891,0.3756,37.3,CMEMS,2026-08-13
32.33334,-76.83333,0.11964,0.20282,0.2355,30.5,CMEMS,2026-08-13
32.33334,-76.75,0.07022,0.17678,0.1902,21.7,CMEMS,2026-08-13
32.33334,-76.66666,0.08737,0.22609,0.2424,21.1,CMEMS,2026-08-13
32.33334,-76.58333,0.13371,0.27757,0.3081,25.7,CMEMS,2026-08-13
32.33334,-76.5,0.17295,0.2802,0.3293,31.7,CMEMS,2026-08-13
32.33334,-76.41666,0.19077,0.23294,0.3011,39.3,CMEMS,2026-08-13
32.33334,-76.33333,0.18993,0.14494,0.2389,52.7,CMEMS,2026-08-13
32.33334,-76.25,0.17184,0.03094,0.1746,79.8,CMEMS,2026-08-13
32.33334,-76.16666,0.14101,-0.08897,0.1667,122.3,CMEMS,2026-08-13
32.33334,-76.08333,0.10635,-0.2004,0.2269,152.0,CMEMS,2026-08-13
32.33334,-76.0,0.07754,-0.30154,0.3113,165.6,CMEMS,2026-08-13
32.33334,-75.91666,0.06109,-0.40032,0.405,171.3,CMEMS,2026-08-13
32.33334,-75.83333,0.06168,-0.50728,0.511,173.1,CMEMS,2026-08-13
32.33334,-75.75,0.08256,-0.62073,0.6262,172.4,CMEMS,2026-08-13
32.33334,-75.66666,0.11939,-0.73713,0.7467,170.8,CMEMS,2026-08-13
32.33334,-75.58333,0.1672,-0.84611,0.8625,168.8,CMEMS,2026-08-13
32.33334,-75.5,0.22208,-0.93947,0.9654,166.7,CMEMS,2026-08-13
32.33334,-75.41666,0.2502,-0.96696,0.9988,165.5,CMEMS,2026-08-13
32.33334,-75.33333,0.20357,-0.8119,0.837,165.9,CMEMS,2026-08-13
32.33334,-75.25,0.07904,-0.47474,0.4813,170.5,CMEMS,2026-08-13
32.41667,-80.41666,0.04382,0.04861,0.0654,42.0,CMEMS,2026-08-13
32.41667,-80.33333,0.07058,0.0392,0.0807,61.0,CMEMS,2026-08-13
32.41667,-80.25,0.14088,0.02002,0.1423,81.9,CMEMS,2026-08-13
32.41667,-80.16666,0.15643,-0.00344,0.1565,91.3,CMEMS,2026-08-13
32.41667,-80.08333,0.15784,-0.0175,0.1588,96.3,CMEMS,2026-08-13
32.41667,-80.0,0.14309,-0.016,0.144,96.4,CMEMS,2026-08-13
32.41667,-79.91666,0.12509,0.00389,0.1251,88.2,CMEMS,2026-08-13
32.41667,-79.83333,0.12331,0.0265,0.1261,77.9,CMEMS,2026-08-13
32.41667,-79.75,0.12881,0.03872,0.1345,73.3,CMEMS,2026-08-13
32.41667,-79.66666,0.13667,0.03304,0.1406,76.4,CMEMS,2026-08-13
32.41667,-79.58333,0.13487,0.01685,0.1359,82.9,CMEMS,2026-08-13
32.41667,-79.5,0.12442,0.00827,0.1247,86.2,CMEMS,2026-08-13
32.41667,-79.41666,0.10699,0.02033,0.1089,79.2,CMEMS,2026-08-13
32.41667,-79.33333,0.09797,0.04717,0.1087,64.3,CMEMS,2026-08-13
32.41667,-79.25,0.09137,0.06643,0.113,54.0,CMEMS,2026-08-13
32.41667,-79.16666,0.08882,0.0526,0.1032,59.4,CMEMS,2026-08-13
32.41667,-79.08333,0.08499,0.01431,0.0862,80.4,CMEMS,2026-08-13
32.41667,-79.0,0.07572,-0.01673,0.0775,102.5,CMEMS,2026-08-13
32.41667,-78.91666,0.06611,-0.02904,0.0722,113.7,CMEMS,2026-08-13
32.41667,-78.83333,0.04085,-0.03992,0.0571,134.3,CMEMS,2026-08-13
32.41667,-78.75,0.00856,-0.05524,0.0559,171.2,CMEMS,2026-08-13
32.41667,-78.66666,-0.03446,-0.07213,0.0799,205.5,CMEMS,2026-08-13
32.41667,-78.58333,-0.07565,-0.08522,0.114,221.6,CMEMS,2026-08-13
32.41667,-78.5,-0.11345,-0.09386,0.1472,230.4,CMEMS,2026-08-13
32.41667,-78.41666,-0.14443,-0.09048,0.1704,237.9,CMEMS,2026-08-13
32.41667,-78.33333,-0.14703,-0.05963,0.1587,247.9,CMEMS,2026-08-13
32.41667,-78.25,-0.10453,0.01896,0.1062,280.3,CMEMS,2026-08-13
32.41667,-78.16666,-0.02446,0.14679,0.1488,350.5,CMEMS,2026-08-13
32.41667,-78.08333,0.07879,0.31239,0.3222,14.2,CMEMS,2026-08-13
32.41667,-78.0,0.20783,0.50792,0.5488,22.3,CMEMS,2026-08-13
32.41667,-77.91666,0.36206,0.72431,0.8098,26.6,CMEMS,2026-08-13
32.41667,-77.83333,0.53146,0.92482,1.0667,29.9,CMEMS,2026-08-13
32.41667,-77.75,0.69229,1.06762,1.2724,33.0,CMEMS,2026-08-13
32.41667,-77.66666,0.81651,1.13033,1.3944,35.8,CMEMS,2026-08-13
32.41667,-77.58333,0.88483,1.11089,1.4202,38.5,CMEMS,2026-08-13
32.41667,-77.5,0.89477,1.02753,1.3625,41.0,CMEMS,2026-08-13
32.41667,-77.41666,0.85955,0.91543,1.2557,43.2,CMEMS,2026-08-13
32.41667,-77.33333,0.80085,0.81103,1.1398,44.6,CMEMS,2026-08-13
32.41667,-77.25,0.73979,0.73488,1.0428,45.2,CMEMS,2026-08-13
32.41667,-77.16666,0.67588,0.67702,0.9566,45.0,CMEMS,2026-08-13
32.41667,-77.08333,0.60286,0.61237,0.8593,44.6,CMEMS,2026-08-13
32.41667,-77.0,0.51529,0.53325,0.7415,44.0,CMEMS,2026-08-13
32.41667,-76.91666,0.40423,0.44365,0.6002,42.3,CMEMS,2026-08-13
32.41667,-76.83333,0.27497,0.34462,0.4409,38.6,CMEMS,2026-08-13
32.41667,-76.75,0.15747,0.25584,0.3004,31.6,CMEMS,2026-08-13
32.41667,-76.66666,0.08948,0.21341,0.2314,22.7,CMEMS,2026-08-13
32.41667,-76.58333,0.08313,0.21665,0.232,21.0,CMEMS,2026-08-13
32.41667,-76.5,0.11799,0.22688,0.2557,27.5,CMEMS,2026-08-13
32.41667,-76.41666,0.15734,0.20523,0.2586,37.5,CMEMS,2026-08-13
32.41667,-76.33333,0.18015,0.1464,0.2321,50.9,CMEMS,2026-08-13
32.41667,-76.25,0.1824,0.05854,0.1916,72.2,CMEMS,2026-08-13
32.41667,-76.16666,0.16422,-0.04405,0.17,105.0,CMEMS,2026-08-13
32.41667,-76.08333,0.13482,-0.15096,0.2024,138.2,CMEMS,2026-08-13
32.41667,-76.0,0.1052,-0.2578,0.2784,157.8,CMEMS,2026-08-13
32.41667,-75.91666,0.08471,-0.37222,0.3817,167.2,CMEMS,2026-08-13
32.41667,-75.83333,0.07824,-0.49944,0.5055,171.1,CMEMS,2026-08-13
32.41667,-75.75,0.08795,-0.63248,0.6386,172.1,CMEMS,2026-08-13
32.41667,-75.66666,0.10796,-0.76599,0.7736,172.0,CMEMS,2026-08-13
32.41667,-75.58333,0.1315,-0.88634,0.896,171.6,CMEMS,2026-08-13
32.41667,-75.5,0.15061,-0.97607,0.9876,171.2,CMEMS,2026-08-13
32.41667,-75.41666,0.12571,-0.96498,0.9731,172.6,CMEMS,2026-08-13
32.41667,-75.33333,0.03512,-0.73239,0.7332,177.3,CMEMS,2026-08-13
32.41667,-75.25,-0.10049,-0.3387,0.3533,196.5,CMEMS,2026-08-13
32.5,-80.33333,0.04997,0.02096,0.0542,67.2,CMEMS,2026-08-13
32.5,-80.25,0.08134,-0.00432,0.0815,93.0,CMEMS,2026-08-13
32.5,-80.16666,0.11017,-0.0145,0.1111,97.5,CMEMS,2026-08-13
32.5,-80.08333,0.13118,-0.01442,0.132,96.3,CMEMS,2026-08-13
32.5,-80.0,0.12568,-0.00053,0.1257,90.2,CMEMS,2026-08-13
32.5,-79.91666,0.11899,0.00034,0.119,89.8,CMEMS,2026-08-13
32.5,-79.83333,0.10624,0.02082,0.1083,78.9,CMEMS,2026-08-13
32.5,-79.75,0.10826,0.03254,0.1131,73.3,CMEMS,2026-08-13
32.5,-79.66666,0.11671,0.03094,0.1207,75.2,CMEMS,2026-08-13
32.5,-79.58333,0.11844,0.02623,0.1213,77.5,CMEMS,2026-08-13
32.5,-79.5,0.11148,0.02681,0.1147,76.5,CMEMS,2026-08-13
32.5,-79.41666,0.10556,0.03952,0.1127,69.5,CMEMS,2026-08-13
32.5,-79.33333,0.09647,0.05997,0.1136,58.1,CMEMS,2026-08-13
32.5,-79.25,0.09296,0.06986,0.1163,53.1,CMEMS,2026-08-13
32.5,-79.16666,0.10267,0.05571,0.1168,61.5,CMEMS,2026-08-13
32.5,-79.08333,0.10612,0.02653,0.1094,76.0,CMEMS,2026-08-13
32.5,-79.0,0.10329,0.00184,0.1033,89.0,CMEMS,2026-08-13
32.5,-78.91666,0.09982,-0.01395,0.1008,98.0,CMEMS,2026-08-13
32.5,-78.83333,0.09302,-0.02463,0.0962,104.8,CMEMS,2026-08-13
32.5,-78.75,0.06778,-0.025,0.0722,110.2,CMEMS,2026-08-13
32.5,-78.66666,0.03336,-0.02628,0.0425,128.2,CMEMS,2026-08-13
32.5,-78.58333,3e-05,-0.03172,0.0317,179.9,CMEMS,2026-08-13
32.5,-78.5,-0.03083,-0.04225,0.0523,216.1,CMEMS,2026-08-13
32.5,-78.41666,-0.06398,-0.04342,0.0773,235.8,CMEMS,2026-08-13
32.5,-78.33333,-0.08881,-0.04029,0.0975,245.6,CMEMS,2026-08-13
32.5,-78.25,-0.08701,-0.01781,0.0888,258.4,CMEMS,2026-08-13
32.5,-78.16666,-0.03269,0.04766,0.0578,325.6,CMEMS,2026-08-13
32.5,-78.08333,0.07305,0.16939,0.1845,23.3,CMEMS,2026-08-13
32.5,-78.0,0.20903,0.33473,0.3946,32.0,CMEMS,2026-08-13
32.5,-77.91666,0.36596,0.52485,0.6398,34.9,CMEMS,2026-08-13
32.5,-77.83333,0.53636,0.71546,0.8942,36.9,CMEMS,2026-08-13
32.5,-77.75,0.70615,0.87535,1.1247,38.9,CMEMS,2026-08-13
32.5,-77.66666,0.85359,0.98172,1.3009,41.0,CMEMS,2026-08-13
32.5,-77.58333,0.95262,1.02551,1.3997,42.9,CMEMS,2026-08-13
32.5,-77.5,0.99629,1.01022,1.4188,44.6,CMEMS,2026-08-13
32.5,-77.41666,0.99287,0.95289,1.3762,46.2,CMEMS,2026-08-13
32.5,-77.33333,0.95245,0.87913,1.2962,47.3,CMEMS,2026-08-13
32.5,-77.25,0.88699,0.80826,1.2,47.7,CMEMS,2026-08-13
32.5,-77.16666,0.80798,0.74933,1.102,47.2,CMEMS,2026-08-13
32.5,-77.08333,0.7298,0.69945,1.0109,46.2,CMEMS,2026-08-13
32.5,-77.0,0.65406,0.64686,0.9199,45.3,CMEMS,2026-08-13
32.5,-76.91666,0.56344,0.58356,0.8112,44.0,CMEMS,2026-08-13
32.5,-76.83333,0.44445,0.50743,0.6746,41.2,CMEMS,2026-08-13
32.5,-76.75,0.30915,0.4159,0.5182,36.6,CMEMS,2026-08-13
32.5,-76.66666,0.18537,0.32086,0.3706,30.0,CMEMS,2026-08-13
32.5,-76.58333,0.10282,0.24535,0.266,22.7,CMEMS,2026-08-13
32.5,-76.5,0.0733,0.19747,0.2106,20.4,CMEMS,2026-08-13
32.5,-76.41666,0.08481,0.16371,0.1844,27.4,CMEMS,2026-08-13
32.5,-76.33333,0.10835,0.1222,0.1633,41.6,CMEMS,2026-08-13
32.5,-76.25,0.124,0.06048,0.138,64.0,CMEMS,2026-08-13
32.5,-76.16666,0.12406,-0.01836,0.1254,98.4,CMEMS,2026-08-13
32.5,-76.08333,0.11233,-0.11146,0.1582,134.8,CMEMS,2026-08-13
32.5,-76.0,0.09405,-0.21709,0.2366,156.6,CMEMS,2026-08-13
32.5,-75.91666,0.07921,-0.34183,0.3509,167.0,CMEMS,2026-08-13
32.5,-75.83333,0.07249,-0.48475,0.4901,171.5,CMEMS,2026-08-13
32.5,-75.75,0.07629,-0.63209,0.6367,173.1,CMEMS,2026-08-13
32.5,-75.66666,0.08413,-0.7753,0.7799,173.8,CMEMS,2026-08-13
32.5,-75.58333,0.08932,-0.89819,0.9026,174.3,CMEMS,2026-08-13
32.5,-75.5,0.08126,-0.97374,0.9771,175.2,CMEMS,2026-08-13
32.5,-75.41666,0.0294,-0.91975,0.9202,178.2,CMEMS,2026-08-13
32.5,-75.33333,-0.06158,-0.62693,0.6299,185.6,CMEMS,2026-08-13
32.5,-75.25,-0.17647,-0.20333,0.2692,221.0,CMEMS,2026-08-13
32.58334,-80.0,0.07921,0.00319,0.0793,87.7,CMEMS,2026-08-13
32.58334,-79.91666,0.11383,0.01406,0.1147,83.0,CMEMS,2026-08-13
32.58334,-79.83333,0.1272,0.00775,0.1274,86.5,CMEMS,2026-08-13
32.58334,-79.75,0.11869,0.01523,0.1197,82.7,CMEMS,2026-08-13
32.58334,-79.66666,0.10817,0.02634,0.1113,76.3,CMEMS,2026-08-13
32.58334,-79.58333,0.10239,0.03426,0.108,71.5,CMEMS,2026-08-13
32.58334,-79.5,0.10187,0.0433,0.1107,67.0,CMEMS,2026-08-13
32.58334,-79.41666,0.10957,0.04979,0.1204,65.6,CMEMS,2026-08-13
32.58334,-79.33333,0.11937,0.05856,0.133,63.9,CMEMS,2026-08-13
32.58334,-79.25,0.1331,0.05661,0.1446,67.0,CMEMS,2026-08-13
32.58334,-79.16666,0.14618,0.03448,0.1502,76.7,CMEMS,2026-08-13
32.58334,-79.08333,0.14998,0.01278,0.1505,85.1,CMEMS,2026-08-13
32.58334,-79.0,0.1473,0.00405,0.1474,88.4,CMEMS,2026-08-13
32.58334,-78.91666,0.14291,0.00559,0.143,87.8,CMEMS,2026-08-13
32.58334,-78.83333,0.13345,0.00291,0.1335,88.7,CMEMS,2026-08-13
32.58334,-78.75,0.11219,-0.00371,0.1123,91.9,CMEMS,2026-08-13
32.58334,-78.66666,0.08668,-0.0029,0.0867,91.9,CMEMS,2026-08-13
32.58334,-78.58333,0.06577,-0.00508,0.066,94.4,CMEMS,2026-08-13
32.58334,-78.5,0.04359,-0.00661,0.0441,98.6,CMEMS,2026-08-13
32.58334,-78.41666,0.02392,-0.00707,0.0249,106.5,CMEMS,2026-08-13
32.58334,-78.33333,0.00737,-0.00427,0.0085,120.1,CMEMS,2026-08-13
32.58334,-78.25,-0.00679,-0.00023,0.0068,268.1,CMEMS,2026-08-13
32.58334,-78.16666,-0.00095,0.01187,0.0119,355.4,CMEMS,2026-08-13
32.58334,-78.08333,0.04835,0.05768,0.0753,40.0,CMEMS,2026-08-13
32.58334,-78.0,0.15031,0.15822,0.2182,43.5,CMEMS,2026-08-13
32.58334,-77.91666,0.29928,0.30689,0.4287,44.3,CMEMS,2026-08-13
32.58334,-77.83333,0.47789,0.4805,0.6777,44.8,CMEMS,2026-08-13
32.58334,-77.75,0.66597,0.65087,0.9312,45.7,CMEMS,2026-08-13
32.58334,-77.66666,0.84078,0.79097,1.1544,46.7,CMEMS,2026-08-13
32.58334,-77.58333,0.98224,0.88875,1.3246,47.9,CMEMS,2026-08-13
32.58334,-77.5,1.0806,0.94147,1.4332,48.9,CMEMS,2026-08-13
32.58334,-77.41666,1.129,0.95219,1.4769,49.9,CMEMS,2026-08-13
32.58334,-77.33333,1.12214,0.92757,1.4559,50.4,CMEMS,2026-08-13
32.58334,-77.25,1.06534,0.87918,1.3813,50.5,CMEMS,2026-08-13
32.58334,-77.16666,0.98103,0.824,1.2812,50.0,CMEMS,2026-08-13
32.58334,-77.08333,0.89578,0.77827,1.1866,49.0,CMEMS,2026-08-13
32.58334,-77.0,0.81747,0.74201,1.104,47.8,CMEMS,2026-08-13
32.58334,-76.91666,0.73325,0.70183,1.015,46.3,CMEMS,2026-08-13
32.58334,-76.83333,0.62961,0.64854,0.9039,44.2,CMEMS,2026-08-13
32.58334,-76.75,0.50234,0.57655,0.7647,41.1,CMEMS,2026-08-13
32.58334,-76.66666,0.36326,0.48435,0.6054,36.9,CMEMS,2026-08-13
32.58334,-76.58333,0.23507,0.37786,0.445,31.9,CMEMS,2026-08-13
32.58334,-76.5,0.13705,0.27293,0.3054,26.7,CMEMS,2026-08-13
32.58334,-76.41666,0.07763,0.18123,0.1972,23.2,CMEMS,2026-08-13
32.58334,-76.33333,0.05807,0.10876,0.1233,28.1,CMEMS,2026-08-13
32.58334,-76.25,0.06214,0.04643,0.0776,53.2,CMEMS,2026-08-13
32.58334,-76.16666,0.06822,-0.01974,0.071,106.1,CMEMS,2026-08-13
32.58334,-76.08333,0.07042,-0.09863,0.1212,144.5,CMEMS,2026-08-13
32.58334,-76.0,0.06563,-0.19637,0.207,161.5,CMEMS,2026-08-13
32.58334,-75.91666,0.05931,-0.32152,0.3269,169.5,CMEMS,2026-08-13
32.58334,-75.83333,0.056,-0.47004,0.4734,173.2,CMEMS,2026-08-13
32.58334,-75.75,0.05765,-0.6231,0.6258,174.7,CMEMS,2026-08-13
32.58334,-75.66666,0.05665,-0.76781,0.7699,175.8,CMEMS,2026-08-13
32.58334,-75.58333,0.04852,-0.88375,0.8851,176.9,CMEMS,2026-08-13
32.58334,-75.5,0.02431,-0.94066,0.941,178.5,CMEMS,2026-08-13
32.58334,-75.41666,-0.03502,-0.85825,0.859,182.3,CMEMS,2026-08-13
32.58334,-75.33333,-0.10734,-0.54079,0.5513,191.2,CMEMS,2026-08-13
32.58334,-75.25,-0.19363,-0.10821,0.2218,240.8,CMEMS,2026-08-13
32.66667,-79.83333,0.08017,0.05326,0.0963,56.4,CMEMS,2026-08-13
32.66667,-79.75,0.11292,0.02447,0.1155,77.8,CMEMS,2026-08-13
32.66667,-79.66666,0.12026,0.02489,0.1228,78.3,CMEMS,2026-08-13
32.66667,-79.58333,0.12586,0.02677,0.1287,78.0,CMEMS,2026-08-13
32.66667,-79.5,0.13389,0.03553,0.1385,75.1,CMEMS,2026-08-13
32.66667,-79.41666,0.1393,0.0501,0.148,70.2,CMEMS,2026-08-13
32.66667,-79.33333,0.15401,0.06061,0.1655,68.5,CMEMS,2026-08-13
32.66667,-79.25,0.17917,0.0534,0.187,73.4,CMEMS,2026-08-13
32.66667,-79.16666,0.19874,0.02991,0.201,81.4,CMEMS,2026-08-13
32.66667,-79.08333,0.20075,0.00833,0.2009,87.6,CMEMS,2026-08-13
32.66667,-79.0,0.19014,0.00373,0.1902,88.9,CMEMS,2026-08-13
32.66667,-78.91666,0.17616,0.01425,0.1767,85.4,CMEMS,2026-08-13
32.66667,-78.83333,0.16056,0.02456,0.1624,81.3,CMEMS,2026-08-13
32.66667,-78.75,0.14043,0.03074,0.1438,77.7,CMEMS,2026-08-13
32.66667,-78.66666,0.1226,0.0298,0.1262,76.3,CMEMS,2026-08-13
32.66667,-78.58333,0.11049,0.01988,0.1123,79.8,CMEMS,2026-08-13
32.66667,-78.5,0.09584,0.00997,0.0964,84.1,CMEMS,2026-08-13
32.66667,-78.41666,0.0803,0.01037,0.081,82.6,CMEMS,2026-08-13
32.66667,-78.33333,0.06539,0.01853,0.068,74.2,CMEMS,2026-08-13
32.66667,-78.25,0.04538,0.02332,0.051,62.8,CMEMS,2026-08-13
32.66667,-78.16666,0.03208,0.02227,0.039,55.2,CMEMS,2026-08-13
32.66667,-78.08333,0.03892,0.03029,0.0493,52.1,CMEMS,2026-08-13
32.66667,-78.0,0.08142,0.06672,0.1053,50.7,CMEMS,2026-08-13
32.66667,-77.91666,0.17426,0.14298,0.2254,50.6,CMEMS,2026-08-13
32.66667,-77.83333,0.31879,0.26402,0.4139,50.4,CMEMS,2026-08-13
32.66667,-77.75,0.50078,0.41396,0.6497,50.4,CMEMS,2026-08-13
32.66667,-77.66666,0.69904,0.56768,0.9005,50.9,CMEMS,2026-08-13
32.66667,-77.58333,0.89028,0.70416,1.1351,51.7,CMEMS,2026-08-13
32.66667,-77.5,1.05678,0.81036,1.3317,52.5,CMEMS,2026-08-13
32.66667,-77.41666,1.18013,0.87734,1.4705,53.4,CMEMS,2026-08-13
32.66667,-77.33333,1.24312,0.90835,1.5396,53.8,CMEMS,2026-08-13
32.66667,-77.25,1.24117,0.91172,1.54,53.7,CMEMS,2026-08-13
32.66667,-77.16666,1.18952,0.89629,1.4894,53.0,CMEMS,2026-08-13
32.66667,-77.08333,1.11085,0.86838,1.41,52.0,CMEMS,2026-08-13
32.66667,-77.0,1.02229,0.82962,1.3166,50.9,CMEMS,2026-08-13
32.66667,-76.91666,0.92805,0.7853,1.2157,49.8,CMEMS,2026-08-13
32.66667,-76.83333,0.82705,0.74046,1.1101,48.2,CMEMS,2026-08-13
32.66667,-76.75,0.71609,0.69404,0.9972,45.9,CMEMS,2026-08-13
32.66667,-76.66666,0.58971,0.6286,0.8619,43.2,CMEMS,2026-08-13
32.66667,-76.58333,0.45478,0.53253,0.7003,40.5,CMEMS,2026-08-13
32.66667,-76.5,0.32253,0.41066,0.5222,38.1,CMEMS,2026-08-13
32.66667,-76.41666,0.2057,0.27994,0.3474,36.3,CMEMS,2026-08-13
32.66667,-76.33333,0.11909,0.15682,0.1969,37.2,CMEMS,2026-08-13
32.66667,-76.25,0.06896,0.05347,0.0873,52.2,CMEMS,2026-08-13
32.66667,-76.16666,0.04597,-0.0274,0.0535,120.8,CMEMS,2026-08-13
32.66667,-76.08333,0.04171,-0.10428,0.1123,158.2,CMEMS,2026-08-13
32.66667,-76.0,0.04073,-0.19423,0.1985,168.2,CMEMS,2026-08-13
32.66667,-75.91666,0.03834,-0.31294,0.3153,173.0,CMEMS,2026-08-13
32.66667,-75.83333,0.0369,-0.45866,0.4601,175.4,CMEMS,2026-08-13
32.66667,-75.75,0.03528,-0.60953,0.6106,176.7,CMEMS,2026-08-13
32.66667,-75.66666,0.02621,-0.74808,0.7485,178.0,CMEMS,2026-08-13
32.66667,-75.58333,0.00652,-0.85255,0.8526,179.6,CMEMS,2026-08-13
32.66667,-75.5,-0.02937,-0.89427,0.8947,181.9,CMEMS,2026-08-13
32.66667,-75.41666,-0.09048,-0.8045,0.8096,186.4,CMEMS,2026-08-13
32.66667,-75.33333,-0.13917,-0.49638,0.5155,195.7,CMEMS,2026-08-13
32.66667,-75.25,-0.18963,-0.06902,0.2018,250.0,CMEMS,2026-08-13
32.75,-79.83333,0.04031,0.03732,0.0549,47.2,CMEMS,2026-08-13
32.75,-79.75,0.09188,0.02033,0.0941,77.5,CMEMS,2026-08-13
32.75,-79.66666,0.15239,0.01696,0.1533,83.6,CMEMS,2026-08-13
32.75,-79.58333,0.15193,0.01476,0.1526,84.5,CMEMS,2026-08-13
32.75,-79.5,0.11919,0.01992,0.1208,80.5,CMEMS,2026-08-13
32.75,-79.41666,0.10048,0.03537,0.1065,70.6,CMEMS,2026-08-13
32.75,-79.33333,0.11433,0.04267,0.122,69.5,CMEMS,2026-08-13
32.75,-79.25,0.13544,0.03608,0.1402,75.1,CMEMS,2026-08-13
32.75,-79.16666,0.14984,0.01908,0.1511,82.7,CMEMS,2026-08-13
32.75,-79.08333,0.15082,0.01056,0.1512,86.0,CMEMS,2026-08-13
32.75,-79.0,0.14533,0.02089,0.1468,81.8,CMEMS,2026-08-13
32.75,-78.91666,0.1412,0.04216,0.1474,73.4,CMEMS,2026-08-13
32.75,-78.83333,0.14535,0.05361,0.1549,69.8,CMEMS,2026-08-13
32.75,-78.75,0.14667,0.056,0.157,69.1,CMEMS,2026-08-13
32.75,-78.66666,0.14362,0.06034,0.1558,67.2,CMEMS,2026-08-13
32.75,-78.58333,0.13134,0.05594,0.1428,66.9,CMEMS,2026-08-13
32.75,-78.5,0.11721,0.03656,0.1228,72.7,CMEMS,2026-08-13
32.75,-78.41666,0.1036,0.02897,0.1076,74.4,CMEMS,2026-08-13
32.75,-78.33333,0.08464,0.0455,0.0961,61.7,CMEMS,2026-08-13
32.75,-78.25,0.06821,0.05177,0.0856,52.8,CMEMS,2026-08-13
32.75,-78.16666,0.05058,0.04447,0.0674,48.7,CMEMS,2026-08-13
32.75,-78.08333,0.04056,0.03116,0.0511,52.5,CMEMS,2026-08-13
32.75,-78.0,0.04957,0.02836,0.0571,60.2,CMEMS,2026-08-13
32.75,-77.91666,0.08835,0.04479,0.0991,63.1,CMEMS,2026-08-13
32.75,-77.83333,0.1657,0.0934,0.1902,60.6,CMEMS,2026-08-13
32.75,-77.75,0.28665,0.17788,0.3374,58.2,CMEMS,2026-08-13
32.75,-77.66666,0.44903,0.29486,0.5372,56.7,CMEMS,2026-08-13
32.75,-77.58333,0.6401,0.4292,0.7707,56.2,CMEMS,2026-08-13
32.75,-77.5,0.84134,0.56383,1.0128,56.2,CMEMS,2026-08-13
32.75,-77.41666,1.03032,0.6832,1.2362,56.5,CMEMS,2026-08-13
32.75,-77.33333,1.18287,0.78221,1.4181,56.5,CMEMS,2026-08-13
32.75,-77.25,1.28109,0.86093,1.5435,56.1,CMEMS,2026-08-13
32.75,-77.16666,1.32067,0.91744,1.6081,55.2,CMEMS,2026-08-13
32.75,-77.08333,1.30298,0.9453,1.6098,54.0,CMEMS,2026-08-13
32.75,-77.0,1.23542,0.93813,1.5512,52.8,CMEMS,2026-08-13
32.75,-76.91666,1.13986,0.89895,1.4517,51.7,CMEMS,2026-08-13
32.75,-76.83333,1.03765,0.84755,1.3398,50.8,CMEMS,2026-08-13
32.75,-76.75,0.92737,0.80108,1.2255,49.2,CMEMS,2026-08-13
32.75,-76.66666,0.80761,0.75058,1.1025,47.1,CMEMS,2026-08-13
32.75,-76.58333,0.68239,0.6761,0.9606,45.3,CMEMS,2026-08-13
32.75,-76.5,0.54947,0.56636,0.7891,44.1,CMEMS,2026-08-13
32.75,-76.41666,0.41521,0.42591,0.5948,44.3,CMEMS,2026-08-13
32.75,-76.33333,0.29224,0.27089,0.3985,47.2,CMEMS,2026-08-13
32.75,-76.25,0.18966,0.12111,0.225,57.4,CMEMS,2026-08-13
32.75,-76.16666,0.11237,-0.00293,0.1124,91.5,CMEMS,2026-08-13
32.75,-76.08333,0.06898,-0.10152,0.1227,145.8,CMEMS,2026-08-13
32.75,-76.0,0.04775,-0.19517,0.2009,166.3,CMEMS,2026-08-13
32.75,-75.91666,0.0349,-0.30945,0.3114,173.6,CMEMS,2026-08-13
32.75,-75.83333,0.02805,-0.44869,0.4496,176.4,CMEMS,2026-08-13
32.75,-75.75,0.02047,-0.59295,0.5933,178.0,CMEMS,2026-08-13
32.75,-75.66666,0.00341,-0.72207,0.7221,179.7,CMEMS,2026-08-13
32.75,-75.58333,-0.02683,-0.81488,0.8153,181.9,CMEMS,2026-08-13
32.75,-75.5,-0.07102,-0.84543,0.8484,184.8,CMEMS,2026-08-13
32.75,-75.41666,-0.13312,-0.76107,0.7726,189.9,CMEMS,2026-08-13
32.75,-75.33333,-0.16738,-0.48346,0.5116,199.1,CMEMS,2026-08-13
32.75,-75.25,-0.18169,-0.07818,0.1978,246.7,CMEMS,2026-08-13
32.83334,-79.66666,0.07468,0.03587,0.0828,64.3,CMEMS,2026-08-13
32.83334,-79.58333,0.08272,0.0476,0.0954,60.1,CMEMS,2026-08-13
32.83334,-79.5,0.11177,0.04681,0.1212,67.3,CMEMS,2026-08-13
32.83334,-79.41666,0.11469,0.02995,0.1185,75.4,CMEMS,2026-08-13
32.83334,-79.33333,0.11556,0.01599,0.1167,82.1,CMEMS,2026-08-13
32.83334,-79.25,0.10765,0.02116,0.1097,78.9,CMEMS,2026-08-13
32.83334,-79.16666,0.0975,0.02911,0.1018,73.4,CMEMS,2026-08-13
32.83334,-79.08333,0.08192,0.02597,0.0859,72.4,CMEMS,2026-08-13
32.83334,-79.0,0.0672,0.02429,0.0715,70.1,CMEMS,2026-08-13
32.83334,-78.91666,0.07076,0.02555,0.0752,70.1,CMEMS,2026-08-13
32.83334,-78.83333,0.09116,0.02535,0.0946,74.5,CMEMS,2026-08-13
32.83334,-78.75,0.11039,0.03289,0.1152,73.4,CMEMS,2026-08-13
32.83334,-78.66666,0.12748,0.05165,0.1375,67.9,CMEMS,2026-08-13
32.83334,-78.58333,0.13082,0.06771,0.1473,62.6,CMEMS,2026-08-13
32.83334,-78.5,0.12561,0.05983,0.1391,64.5,CMEMS,2026-08-13
32.83334,-78.41666,0.11387,0.03984,0.1206,70.7,CMEMS,2026-08-13
32.83334,-78.33333,0.09957,0.04979,0.1113,63.4,CMEMS,2026-08-13
32.83334,-78.25,0.09744,0.06535,0.1173,56.1,CMEMS,2026-08-13
32.83334,-78.16666,0.0985,0.06371,0.1173,57.1,CMEMS,2026-08-13
32.83334,-78.08333,0.0936,0.047,0.1047,63.3,CMEMS,2026-08-13
32.83334,-78.0,0.0896,0.02198,0.0923,76.2,CMEMS,2026-08-13
32.83334,-77.91666,0.09475,0.00532,0.0949,86.8,CMEMS,2026-08-13
32.83334,-77.83333,0.11625,0.00651,0.1164,86.8,CMEMS,2026-08-13
32.83334,-77.75,0.16768,0.02789,0.17,80.6,CMEMS,2026-08-13
32.83334,-77.66666,0.2608,0.08033,0.2729,72.9,CMEMS,2026-08-13
32.83334,-77.58333,0.39479,0.16618,0.4283,67.2,CMEMS,2026-08-13
32.83334,-77.5,0.56019,0.27657,0.6247,63.7,CMEMS,2026-08-13
32.83334,-77.41666,0.7451,0.3981,0.8448,61.9,CMEMS,2026-08-13
32.83334,-77.33333,0.93366,0.52677,1.072,60.6,CMEMS,2026-08-13
32.83334,-77.25,1.10668,0.66339,1.2903,59.1,CMEMS,2026-08-13
32.83334,-77.16666,1.24433,0.80142,1.4801,57.2,CMEMS,2026-08-13
32.83334,-77.08333,1.32619,0.9206,1.6144,55.2,CMEMS,2026-08-13
32.83334,-77.0,1.34487,0.99969,1.6757,53.4,CMEMS,2026-08-13
32.83334,-76.91666,1.3095,1.02721,1.6643,51.9,CMEMS,2026-08-13
32.83334,-76.83333,1.23016,1.00434,1.5881,50.8,CMEMS,2026-08-13
32.83334,-76.75,1.11968,0.9479,1.467,49.7,CMEMS,2026-08-13
32.83334,-76.66666,0.99817,0.88298,1.3327,48.5,CMEMS,2026-08-13
32.83334,-76.58333,0.87205,0.81377,1.1928,47.0,CMEMS,2026-08-13
32.83334,-76.5,0.74515,0.72441,1.0392,45.8,CMEMS,2026-08-13
32.83334,-76.41666,0.6151,0.60322,0.8615,45.6,CMEMS,2026-08-13
32.83334,-76.33333,0.4863,0.4487,0.6617,47.3,CMEMS,2026-08-13
32.83334,-76.25,0.36339,0.27181,0.4538,53.2,CMEMS,2026-08-13
32.83334,-76.16666,0.2509,0.09925,0.2698,68.4,CMEMS,2026-08-13
32.83334,-76.08333,0.16262,-0.04694,0.1693,106.1,CMEMS,2026-08-13
32.83334,-76.0,0.10308,-0.1705,0.1992,148.8,CMEMS,2026-08-13
32.83334,-75.91666,0.06421,-0.29248,0.2994,167.6,CMEMS,2026-08-13
32.83334,-75.83333,0.04027,-0.42816,0.4301,174.6,CMEMS,2026-08-13
32.83334,-75.75,0.0212,-0.56484,0.5652,177.9,CMEMS,2026-08-13
32.83334,-75.66666,-0.00516,-0.68262,0.6826,180.4,CMEMS,2026-08-13
32.83334,-75.58333,-0.04387,-0.76234,0.7636,183.3,CMEMS,2026-08-13
32.83334,-75.5,-0.09328,-0.78234,0.7879,186.8,CMEMS,2026-08-13
32.83334,-75.41666,-0.15595,-0.71024,0.7272,192.4,CMEMS,2026-08-13
32.83334,-75.33333,-0.18925,-0.48573,0.5213,201.3,CMEMS,2026-08-13
32.83334,-75.25,-0.18219,-0.13003,0.2238,234.5,CMEMS,2026-08-13
32.91667,-79.58333,0.04458,0.02684,0.052,59.0,CMEMS,2026-08-13
32.91667,-79.5,0.0698,0.04467,0.0829,57.4,CMEMS,2026-08-13
32.91667,-79.41666,0.12827,0.04124,0.1347,72.2,CMEMS,2026-08-13
32.91667,-79.33333,0.14162,0.01622,0.1425,83.5,CMEMS,2026-08-13
32.91667,-79.25,0.13836,0.01792,0.1395,82.6,CMEMS,2026-08-13
32.91667,-79.16666,0.13559,0.03702,0.1406,74.7,CMEMS,2026-08-13
32.91667,-79.08333,0.13965,0.05257,0.1492,69.4,CMEMS,2026-08-13
32.91667,-79.0,0.14238,0.06456,0.1563,65.6,CMEMS,2026-08-13
32.91667,-78.91666,0.14482,0.04877,0.1528,71.4,CMEMS,2026-08-13
32.91667,-78.83333,0.1437,0.04374,0.1502,73.1,CMEMS,2026-08-13
32.91667,-78.75,0.1315,0.04604,0.1393,70.7,CMEMS,2026-08-13
32.91667,-78.66666,0.12156,0.04773,0.1306,68.6,CMEMS,2026-08-13
32.91667,-78.58333,0.12129,0.05878,0.1348,64.1,CMEMS,2026-08-13
32.91667,-78.5,0.12775,0.06269,0.1423,63.9,CMEMS,2026-08-13
32.91667,-78.41666,0.13051,0.05166,0.1404,68.4,CMEMS,2026-08-13
32.91667,-78.33333,0.12778,0.04731,0.1363,69.7,CMEMS,2026-08-13
32.91667,-78.25,0.13771,0.04155,0.1438,73.2,CMEMS,2026-08-13
32.91667,-78.16666,0.14655,0.03604,0.1509,76.2,CMEMS,2026-08-13
32.91667,-78.08333,0.15578,0.04006,0.1608,75.6,CMEMS,2026-08-13
32.91667,-78.0,0.15618,0.02966,0.159,79.2,CMEMS,2026-08-13
32.91667,-77.91666,0.14602,0.01123,0.1464,85.6,CMEMS,2026-08-13
32.91667,-77.83333,0.12709,-0.00203,0.1271,90.9,CMEMS,2026-08-13
32.91667,-77.75,0.12495,-0.01908,0.1264,98.7,CMEMS,2026-08-13
32.91667,-77.66666,0.1495,-0.02126,0.151,98.1,CMEMS,2026-08-13
32.91667,-77.58333,0.21044,0.00712,0.2106,88.1,CMEMS,2026-08-13
32.91667,-77.5,0.30933,0.07284,0.3178,76.7,CMEMS,2026-08-13
32.91667,-77.41666,0.43849,0.16155,0.4673,69.8,CMEMS,2026-08-13
32.91667,-77.33333,0.59131,0.26356,0.6474,66.0,CMEMS,2026-08-13
32.91667,-77.25,0.76416,0.38953,0.8577,63.0,CMEMS,2026-08-13
32.91667,-77.16666,0.94743,0.55022,1.0956,59.9,CMEMS,2026-08-13
32.91667,-77.08333,1.12024,0.73574,1.3402,56.7,CMEMS,2026-08-13
32.91667,-77.0,1.25443,0.91397,1.5521,53.9,CMEMS,2026-08-13
32.91667,-76.91666,1.32989,1.04526,1.6915,51.8,CMEMS,2026-08-13
32.91667,-76.83333,1.33703,1.10535,1.7348,50.4,CMEMS,2026-08-13
32.91667,-76.75,1.28352,1.09768,1.6889,49.5,CMEMS,2026-08-13
32.91667,-76.66666,1.18054,1.04271,1.5751,48.5,CMEMS,2026-08-13
32.91667,-76.58333,1.05279,0.96286,1.4267,47.6,CMEMS,2026-08-13
32.91667,-76.5,0.92397,0.87427,1.272,46.6,CMEMS,2026-08-13
32.91667,-76.41666,0.79403,0.77141,1.107,45.8,CMEMS,2026-08-13
32.91667,-76.33333,0.65971,0.63543,0.916,46.1,CMEMS,2026-08-13
32.91667,-76.25,0.52905,0.46034,0.7013,49.0,CMEMS,2026-08-13
32.91667,-76.16666,0.40596,0.26468,0.4846,56.9,CMEMS,2026-08-13
32.91667,-76.08333,0.29307,0.0763,0.3028,75.4,CMEMS,2026-08-13
32.91667,-76.0,0.19795,-0.0904,0.2176,114.5,CMEMS,2026-08-13
32.91667,-75.91666,0.12564,-0.23994,0.2708,152.4,CMEMS,2026-08-13
32.91667,-75.83333,0.07571,-0.38503,0.3924,168.9,CMEMS,2026-08-13
32.91667,-75.75,0.03949,-0.52024,0.5217,175.7,CMEMS,2026-08-13
32.91667,-75.66666,0.00156,-0.63046,0.6305,179.9,CMEMS,2026-08-13
32.91667,-75.58333,-0.04511,-0.70069,0.7021,183.7,CMEMS,2026-08-13
32.91667,-75.5,-0.09716,-0.71314,0.7197,187.8,CMEMS,2026-08-13
32.91667,-75.41666,-0.15816,-0.65271,0.6716,193.6,CMEMS,2026-08-13
32.91667,-75.33333,-0.19319,-0.48584,0.5228,201.7,CMEMS,2026-08-13
32.91667,-75.25,-0.18154,-0.20639,0.2749,221.3,CMEMS,2026-08-13
33.0,-79.58333,0.02584,0.03263,0.0416,38.4,CMEMS,2026-08-13
33.0,-79.5,0.04141,0.03784,0.0561,47.6,CMEMS,2026-08-13
33.0,-79.41666,0.06534,0.03591,0.0746,61.2,CMEMS,2026-08-13
33.0,-79.33333,0.08262,0.03084,0.0882,69.5,CMEMS,2026-08-13
33.0,-79.25,0.1369,0.00779,0.1371,86.7,CMEMS,2026-08-13
33.0,-79.16666,0.15544,-0.02907,0.1581,100.6,CMEMS,2026-08-13
33.0,-79.08333,0.14114,-0.01956,0.1425,97.9,CMEMS,2026-08-13
33.0,-79.0,0.14392,0.03059,0.1471,78.0,CMEMS,2026-08-13
33.0,-78.91666,0.16657,0.04377,0.1722,75.3,CMEMS,2026-08-13
33.0,-78.83333,0.17623,0.05203,0.1838,73.6,CMEMS,2026-08-13
33.0,-78.75,0.1719,0.08081,0.19,64.8,CMEMS,2026-08-13
33.0,-78.66666,0.16389,0.09185,0.1879,60.7,CMEMS,2026-08-13
33.0,-78.58333,0.15997,0.08052,0.1791,63.3,CMEMS,2026-08-13
33.0,-78.5,0.16201,0.06376,0.1741,68.5,CMEMS,2026-08-13
33.0,-78.41666,0.16091,0.05097,0.1688,72.4,CMEMS,2026-08-13
33.0,-78.33333,0.16359,0.05037,0.1712,72.9,CMEMS,2026-08-13
33.0,-78.25,0.16927,0.04358,0.1748,75.6,CMEMS,2026-08-13
33.0,-78.16666,0.17333,0.02543,0.1752,81.7,CMEMS,2026-08-13
33.0,-78.08333,0.17027,0.01853,0.1713,83.8,CMEMS,2026-08-13
33.0,-78.0,0.1622,0.02709,0.1644,80.5,CMEMS,2026-08-13
33.0,-77.91666,0.15403,0.03056,0.157,78.8,CMEMS,2026-08-13
33.0,-77.83333,0.1415,0.01707,0.1425,83.1,CMEMS,2026-08-13
33.0,-77.75,0.13261,-0.01235,0.1332,95.3,CMEMS,2026-08-13
33.0,-77.66666,0.11597,-0.03842,0.1222,108.3,CMEMS,2026-08-13
33.0,-77.58333,0.10964,-0.04922,0.1202,114.2,CMEMS,2026-08-13
33.0,-77.5,0.13471,-0.03092,0.1382,102.9,CMEMS,2026-08-13
33.0,-77.41666,0.19502,0.02317,0.1964,83.2,CMEMS,2026-08-13
33.0,-77.33333,0.28535,0.09713,0.3014,71.2,CMEMS,2026-08-13
33.0,-77.25,0.40111,0.18647,0.4423,65.1,CMEMS,2026-08-13
33.0,-77.16666,0.5464,0.31145,0.6289,60.3,CMEMS,2026-08-13
33.0,-77.08333,0.73014,0.48685,0.8776,56.3,CMEMS,2026-08-13
33.0,-77.0,0.93385,0.70042,1.1673,53.1,CMEMS,2026-08-13
33.0,-76.91666,1.12237,0.91014,1.445,51.0,CMEMS,2026-08-13
33.0,-76.83333,1.26031,1.06936,1.6529,49.7,CMEMS,2026-08-13
33.0,-76.75,1.32417,1.15002,1.7538,49.0,CMEMS,2026-08-13
33.0,-76.66666,1.31036,1.15402,1.7461,48.6,CMEMS,2026-08-13
33.0,-76.58333,1.23845,1.10709,1.6611,48.2,CMEMS,2026-08-13
33.0,-76.5,1.12953,1.02753,1.527,47.7,CMEMS,2026-08-13
33.0,-76.41666,0.9963,0.92131,1.357,47.2,CMEMS,2026-08-13
33.0,-76.33333,0.85242,0.79092,1.1628,47.1,CMEMS,2026-08-13
33.0,-76.25,0.71346,0.63083,0.9523,48.5,CMEMS,2026-08-13
33.0,-76.16666,0.58236,0.4395,0.7296,53.0,CMEMS,2026-08-13
33.0,-76.08333,0.45535,0.23154,0.5108,63.0,CMEMS,2026-08-13
33.0,-76.0,0.33507,0.03186,0.3366,84.6,CMEMS,2026-08-13
33.0,-75.91666,0.2301,-0.14884,0.274,122.9,CMEMS,2026-08-13
33.0,-75.83333,0.1465,-0.31439,0.3468,155.0,CMEMS,2026-08-13
33.0,-75.75,0.08233,-0.45906,0.4664,169.8,CMEMS,2026-08-13
33.0,-75.66666,0.02574,-0.57094,0.5715,177.4,CMEMS,2026-08-13
33.0,-75.58333,-0.03191,-0.6395,0.6403,182.9,CMEMS,2026-08-13
33.0,-75.5,-0.08571,-0.65054,0.6562,187.5,CMEMS,2026-08-13
33.0,-75.41666,-0.14201,-0.59969,0.6163,193.3,CMEMS,2026-08-13
33.0,-75.33333,-0.17804,-0.47584,0.5081,200.5,CMEMS,2026-08-13
33.0,-75.25,-0.16401,-0.26633,0.3128,211.6,CMEMS,2026-08-13
33.08334,-79.33333,0.05181,0.02296,0.0567,66.1,CMEMS,2026-08-13
33.08334,-79.25,0.07635,0.00885,0.0769,83.4,CMEMS,2026-08-13
33.08334,-79.16666,0.09504,-0.01794,0.0967,100.7,CMEMS,2026-08-13
33.08334,-79.08333,0.08856,-0.01852,0.0905,101.8,CMEMS,2026-08-13
33.08334,-79.0,0.08993,0.00876,0.0904,84.4,CMEMS,2026-08-13
33.08334,-78.91666,0.09523,0.02021,0.0973,78.0,CMEMS,2026-08-13
33.08334,-78.83333,0.09621,0.03133,0.1012,72.0,CMEMS,2026-08-13
33.08334,-78.75,0.11371,0.06639,0.1317,59.7,CMEMS,2026-08-13
33.08334,-78.66666,0.1458,0.08202,0.1673,60.6,CMEMS,2026-08-13
33.08334,-78.58333,0.17196,0.07347,0.187,66.9,CMEMS,2026-08-13
33.08334,-78.5,0.18121,0.05633,0.1898,72.7,CMEMS,2026-08-13
33.08334,-78.41666,0.18016,0.04424,0.1855,76.2,CMEMS,2026-08-13
33.08334,-78.33333,0.17491,0.04026,0.1795,77.0,CMEMS,2026-08-13
33.08334,-78.25,0.1682,0.03756,0.1723,77.4,CMEMS,2026-08-13
33.08334,-78.16666,0.16466,0.03305,0.1679,78.7,CMEMS,2026-08-13
33.08334,-78.08333,0.15961,0.02984,0.1624,79.4,CMEMS,2026-08-13
33.08334,-78.0,0.15605,0.03292,0.1595,78.1,CMEMS,2026-08-13
33.08334,-77.91666,0.15104,0.03573,0.1552,76.7,CMEMS,2026-08-13
33.08334,-77.83333,0.14905,0.0191,0.1503,82.7,CMEMS,2026-08-13
33.08334,-77.75,0.14834,-0.00334,0.1484,91.3,CMEMS,2026-08-13
33.08334,-77.66666,0.13749,-0.02341,0.1395,99.7,CMEMS,2026-08-13
33.08334,-77.58333,0.12713,-0.0385,0.1328,106.8,CMEMS,2026-08-13
33.08334,-77.5,0.11198,-0.04923,0.1223,113.7,CMEMS,2026-08-13
33.08334,-77.41666,0.10293,-0.04136,0.1109,111.9,CMEMS,2026-08-13
33.08334,-77.33333,0.12579,-0.00499,0.1259,92.3,CMEMS,2026-08-13
33.08334,-77.25,0.17936,0.06081,0.1894,71.3,CMEMS,2026-08-13
33.08334,-77.16666,0.25771,0.14523,0.2958,60.6,CMEMS,2026-08-13
33.08334,-77.08333,0.37516,0.2694,0.4619,54.3,CMEMS,2026-08-13
33.08334,-77.0,0.55004,0.44801,0.7094,50.8,CMEMS,2026-08-13
33.08334,-76.91666,0.76909,0.66974,1.0198,49.0,CMEMS,2026-08-13
33.08334,-76.83333,0.99218,0.89162,1.3339,48.1,CMEMS,2026-08-13
33.08334,-76.75,1.173,1.06653,1.5854,47.7,CMEMS,2026-08-13
33.08334,-76.66666,1.28431,1.16757,1.7357,47.7,CMEMS,2026-08-13
33.08334,-76.58333,1.31336,1.19097,1.7729,47.8,CMEMS,2026-08-13
33.08334,-76.5,1.26466,1.14537,1.7062,47.8,CMEMS,2026-08-13
33.08334,-76.41666,1.16447,1.0502,1.5681,48.0,CMEMS,2026-08-13
33.08334,-76.33333,1.0357,0.92753,1.3903,48.2,CMEMS,2026-08-13
33.08334,-76.25,0.89349,0.77917,1.1855,48.9,CMEMS,2026-08-13
33.08334,-76.16666,0.75138,0.59635,0.9593,51.6,CMEMS,2026-08-13
33.08334,-76.08333,0.61444,0.38693,0.7261,57.8,CMEMS,2026-08-13
33.08334,-76.0,0.4814,0.17155,0.5111,70.4,CMEMS,2026-08-13
33.08334,-75.91666,0.35607,-0.03375,0.3577,95.4,CMEMS,2026-08-13
33.08334,-75.83333,0.24301,-0.22251,0.3295,132.5,CMEMS,2026-08-13
33.08334,-75.75,0.14789,-0.38511,0.4125,159.0,CMEMS,2026-08-13
33.08334,-75.66666,0.06783,-0.50807,0.5126,172.4,CMEMS,2026-08-13
33.08334,-75.58333,-0.00381,-0.58382,0.5838,180.4,CMEMS,2026-08-13
33.08334,-75.5,-0.06184,-0.60145,0.6046,185.9,CMEMS,2026-08-13
33.08334,-75.41666,-0.1122,-0.56058,0.5717,191.3,CMEMS,2026-08-13
33.08334,-75.33333,-0.14888,-0.46673,0.4899,197.7,CMEMS,2026-08-13
33.08334,-75.25,-0.13254,-0.30606,0.3335,203.4,CMEMS,2026-08-13
33.16667,-79.25,0.03143,-0.00273,0.0316,95.0,CMEMS,2026-08-13
33.16667,-79.16666,0.04277,-0.00598,0.0432,98.0,CMEMS,2026-08-13
33.16667,-79.08333,0.05583,-0.01713,0.0584,107.1,CMEMS,2026-08-13
33.16667,-79.0,0.06673,0.01245,0.0679,79.4,CMEMS,2026-08-13
33.16667,-78.91666,0.0656,0.02653,0.0708,68.0,CMEMS,2026-08-13
33.16667,-78.83333,0.05594,0.02656,0.0619,64.6,CMEMS,2026-08-13
33.16667,-78.75,0.07633,0.03067,0.0823,68.1,CMEMS,2026-08-13
33.16667,-78.66666,0.11392,0.03647,0.1196,72.3,CMEMS,2026-08-13
33.16667,-78.58333,0.14214,0.03894,0.1474,74.7,CMEMS,2026-08-13
33.16667,-78.5,0.15341,0.04099,0.1588,75.0,CMEMS,2026-08-13
33.16667,-78.41666,0.15448,0.04461,0.1608,73.9,CMEMS,2026-08-13
33.16667,-78.33333,0.15518,0.04561,0.1617,73.6,CMEMS,2026-08-13
33.16667,-78.25,0.15698,0.04317,0.1628,74.6,CMEMS,2026-08-13
33.16667,-78.16666,0.15586,0.03708,0.1602,76.6,CMEMS,2026-08-13
33.16667,-78.08333,0.15258,0.0341,0.1563,77.4,CMEMS,2026-08-13
33.16667,-78.0,0.15121,0.03596,0.1554,76.6,CMEMS,2026-08-13
33.16667,-77.91666,0.15716,0.03481,0.161,77.5,CMEMS,2026-08-13
33.16667,-77.83333,0.16888,0.01621,0.1697,84.5,CMEMS,2026-08-13
33.16667,-77.75,0.17282,-0.01076,0.1732,93.6,CMEMS,2026-08-13
33.16667,-77.66666,0.1724,-0.02881,0.1748,99.5,CMEMS,2026-08-13
33.16667,-77.58333,0.18044,-0.03744,0.1843,101.7,CMEMS,2026-08-13
33.16667,-77.5,0.17142,-0.04318,0.1768,104.1,CMEMS,2026-08-13
33.16667,-77.41666,0.15148,-0.03467,0.1554,102.9,CMEMS,2026-08-13
33.16667,-77.33333,0.12639,-0.02209,0.1283,99.9,CMEMS,2026-08-13
33.16667,-77.25,0.11575,-0.00422,0.1158,92.1,CMEMS,2026-08-13
33.16667,-77.16666,0.13814,0.0414,0.1442,73.3,CMEMS,2026-08-13
33.16667,-77.08333,0.19389,0.11016,0.223,60.4,CMEMS,2026-08-13
33.16667,-77.0,0.29646,0.21705,0.3674,53.8,CMEMS,2026-08-13
33.16667,-76.91666,0.46405,0.37978,0.5997,50.7,CMEMS,2026-08-13
33.16667,-76.83333,0.68481,0.59451,0.9069,49.0,CMEMS,2026-08-13
33.16667,-76.75,0.91872,0.82676,1.236,48.0,CMEMS,2026-08-13
33.16667,-76.66666,1.11431,1.02711,1.5155,47.3,CMEMS,2026-08-13
33.16667,-76.58333,1.23207,1.15668,1.6899,46.8,CMEMS,2026-08-13
33.16667,-76.5,1.2676,1.20257,1.7473,46.5,CMEMS,2026-08-13
33.16667,-76.41666,1.23563,1.17297,1.7037,46.5,CMEMS,2026-08-13
33.16667,-76.33333,1.1483,1.08413,1.5792,46.6,CMEMS,2026-08-13
33.16667,-76.25,1.02629,0.95137,1.3994,47.2,CMEMS,2026-08-13
33.16667,-76.16666,0.88856,0.78243,1.1839,48.6,CMEMS,2026-08-13
33.16667,-76.08333,0.74634,0.58025,0.9454,52.1,CMEMS,2026-08-13
33.16667,-76.0,0.60621,0.35695,0.7035,59.5,CMEMS,2026-08-13
33.16667,-75.91666,0.47022,0.13123,0.4882,74.4,CMEMS,2026-08-13
33.16667,-75.83333,0.33854,-0.08369,0.3487,103.9,CMEMS,2026-08-13
33.16667,-75.75,0.22026,-0.27251,0.3504,141.1,CMEMS,2026-08-13
33.16667,-75.66666,0.11851,-0.4176,0.4341,164.2,CMEMS,2026-08-13
33.16667,-75.58333,0.03167,-0.51179,0.5128,176.5,CMEMS,2026-08-13
33.16667,-75.5,-0.03455,-0.54693,0.548,183.6,CMEMS,2026-08-13
33.16667,-75.41666,-0.08026,-0.5221,0.5282,188.7,CMEMS,2026-08-13
33.16667,-75.33333,-0.115,-0.45653,0.4708,194.1,CMEMS,2026-08-13
33.16667,-75.25,-0.11164,-0.34855,0.366,197.8,CMEMS,2026-08-13
33.25,-79.16666,0.02781,-0.01633,0.0322,120.4,CMEMS,2026-08-13
33.25,-79.08333,0.03196,-0.02128,0.0384,123.7,CMEMS,2026-08-13
33.25,-79.0,0.04061,0.01172,0.0423,73.9,CMEMS,2026-08-13
33.25,-78.91666,0.04825,0.02039,0.0524,67.1,CMEMS,2026-08-13
33.25,-78.83333,0.05451,0.01933,0.0578,70.5,CMEMS,2026-08-13
33.25,-78.75,0.07417,0.00827,0.0746,83.6,CMEMS,2026-08-13
33.25,-78.66666,0.09131,0.01355,0.0923,81.6,CMEMS,2026-08-13
33.25,-78.58333,0.09777,0.0277,0.1016,74.2,CMEMS,2026-08-13
33.25,-78.5,0.09416,0.03921,0.102,67.4,CMEMS,2026-08-13
33.25,-78.41666,0.09381,0.0398,0.1019,67.0,CMEMS,2026-08-13
33.25,-78.33333,0.10363,0.03591,0.1097,70.9,CMEMS,2026-08-13
33.25,-78.25,0.11742,0.03554,0.1227,73.2,CMEMS,2026-08-13
33.25,-78.16666,0.12555,0.03649,0.1307,73.8,CMEMS,2026-08-13
33.25,-78.08333,0.13098,0.03278,0.135,75.9,CMEMS,2026-08-13
33.25,-78.0,0.14043,0.02719,0.143,79.0,CMEMS,2026-08-13
33.25,-77.91666,0.15614,0.01728,0.1571,83.7,CMEMS,2026-08-13
33.25,-77.83333,0.17609,-0.00041,0.1761,90.1,CMEMS,2026-08-13
33.25,-77.75,0.18911,-0.02297,0.1905,96.9,CMEMS,2026-08-13
33.25,-77.66666,0.2039,-0.03686,0.2072,100.2,CMEMS,2026-08-13
33.25,-77.58333,0.2225,-0.04424,0.2269,101.2,CMEMS,2026-08-13
33.25,-77.5,0.22771,-0.04467,0.2321,101.1,CMEMS,2026-08-13
33.25,-77.41666,0.21976,-0.02042,0.2207,95.3,CMEMS,2026-08-13
33.25,-77.33333,0.18022,0.01372,0.1807,85.6,CMEMS,2026-08-13
33.25,-77.25,0.13122,0.02379,0.1334,79.7,CMEMS,2026-08-13
33.25,-77.16666,0.10461,0.02199,0.1069,78.1,CMEMS,2026-08-13
33.25,-77.08333,0.11706,0.03608,0.1225,72.9,CMEMS,2026-08-13
33.25,-77.0,0.16945,0.07841,0.1867,65.2,CMEMS,2026-08-13
33.25,-76.91666,0.27056,0.16326,0.316,58.9,CMEMS,2026-08-13
33.25,-76.83333,0.43321,0.30655,0.5307,54.7,CMEMS,2026-08-13
33.25,-76.75,0.64646,0.51597,0.8271,51.4,CMEMS,2026-08-13
33.25,-76.66666,0.8701,0.7609,1.1559,48.8,CMEMS,2026-08-13
33.25,-76.58333,1.05239,0.99082,1.4454,46.7,CMEMS,2026-08-13
33.25,-76.5,1.16344,1.15744,1.6411,45.1,CMEMS,2026-08-13
33.25,-76.41666,1.19819,1.2307,1.7176,44.2,CMEMS,2026-08-13
33.25,-76.33333,1.169,1.21331,1.6848,43.9,CMEMS,2026-08-13
33.25,-76.25,1.08948,1.12399,1.5653,44.1,CMEMS,2026-08-13
33.25,-76.16666,0.97158,0.97728,1.3781,44.8,CMEMS,2026-08-13
33.25,-76.08333,0.83446,0.78503,1.1457,46.7,CMEMS,2026-08-13
33.25,-76.0,0.6943,0.56179,0.8931,51.0,CMEMS,2026-08-13
33.25,-75.91666,0.55477,0.32447,0.6427,59.7,CMEMS,2026-08-13
33.25,-75.83333,0.41573,0.08937,0.4252,77.9,CMEMS,2026-08-13
33.25,-75.75,0.2855,-0.12506,0.3117,113.7,CMEMS,2026-08-13
33.25,-75.66666,0.16738,-0.29909,0.3427,150.8,CMEMS,2026-08-13
33.25,-75.58333,0.06626,-0.42061,0.4258,171.0,CMEMS,2026-08-13
33.25,-75.5,-0.01105,-0.48385,0.484,181.3,CMEMS,2026-08-13
33.25,-75.41666,-0.05931,-0.48519,0.4888,187.0,CMEMS,2026-08-13
33.25,-75.33333,-0.08886,-0.44282,0.4516,191.3,CMEMS,2026-08-13
33.25,-75.25,-0.09621,-0.38013,0.3921,194.2,CMEMS,2026-08-13
33.33334,-79.16666,0.02078,-0.02717,0.0342,142.6,CMEMS,2026-08-13
33.33334,-79.08333,0.02343,-0.0252,0.0344,137.1,CMEMS,2026-08-13
33.33334,-79.0,0.05013,0.00654,0.0506,82.6,CMEMS,2026-08-13
33.33334,-78.91666,0.06339,0.01765,0.0658,74.4,CMEMS,2026-08-13
33.33334,-78.83333,0.06771,0.01801,0.0701,75.1,CMEMS,2026-08-13
33.33334,-78.75,0.0648,0.00882,0.0654,82.3,CMEMS,2026-08-13
33.33334,-78.66666,0.05891,0.01812,0.0616,72.9,CMEMS,2026-08-13
33.33334,-78.58333,0.0652,0.03822,0.0756,59.6,CMEMS,2026-08-13
33.33334,-78.5,0.06881,0.04551,0.0825,56.5,CMEMS,2026-08-13
33.33334,-78.41666,0.06911,0.03277,0.0765,64.6,CMEMS,2026-08-13
33.33334,-78.33333,0.06732,0.01839,0.0698,74.7,CMEMS,2026-08-13
33.33334,-78.25,0.07123,0.01553,0.0729,77.7,CMEMS,2026-08-13
33.33334,-78.16666,0.08173,0.01803,0.0837,77.6,CMEMS,2026-08-13
33.33334,-78.08333,0.10584,0.0124,0.1066,83.3,CMEMS,2026-08-13
33.33334,-78.0,0.12452,0.00464,0.1246,87.9,CMEMS,2026-08-13
33.33334,-77.91666,0.14167,-0.00919,0.142,93.7,CMEMS,2026-08-13
33.33334,-77.83333,0.15288,-0.0267,0.1552,99.9,CMEMS,2026-08-13
33.33334,-77.75,0.16198,-0.05381,0.1707,108.4,CMEMS,2026-08-13
33.33334,-77.66666,0.17968,-0.07856,0.1961,113.6,CMEMS,2026-08-13
33.33334,-77.58333,0.20827,-0.08978,0.2268,113.3,CMEMS,2026-08-13
33.33334,-77.5,0.23047,-0.06892,0.2406,106.6,CMEMS,2026-08-13
33.33334,-77.41666,0.2286,-0.01969,0.2294,94.9,CMEMS,2026-08-13
33.33334,-77.33333,0.20227,0.05232,0.2089,75.5,CMEMS,2026-08-13
33.33334,-77.25,0.16769,0.08738,0.1891,62.5,CMEMS,2026-08-13
33.33334,-77.16666,0.12522,0.06658,0.1418,62.0,CMEMS,2026-08-13
33.33334,-77.08333,0.09461,0.03587,0.1012,69.2,CMEMS,2026-08-13
33.33334,-77.0,0.10136,0.02509,0.1044,76.1,CMEMS,2026-08-13
33.33334,-76.91666,0.14877,0.0532,0.158,70.3,CMEMS,2026-08-13
33.33334,-76.83333,0.24248,0.13132,0.2758,61.6,CMEMS,2026-08-13
33.33334,-76.75,0.38727,0.2753,0.4751,54.6,CMEMS,2026-08-13
33.33334,-76.66666,0.57627,0.49705,0.761,49.2,CMEMS,2026-08-13
33.33334,-76.58333,0.77813,0.7616,1.0888,45.6,CMEMS,2026-08-13
33.33334,-76.5,0.94765,1.01412,1.388,43.1,CMEMS,2026-08-13
33.33334,-76.41666,1.05897,1.19412,1.596,41.6,CMEMS,2026-08-13
33.33334,-76.33333,1.10462,1.2684,1.682,41.1,CMEMS,2026-08-13
33.33334,-76.25,1.08169,1.24022,1.6457,41.1,CMEMS,2026-08-13
33.33334,-76.16666,1.00136,1.12976,1.5097,41.6,CMEMS,2026-08-13
33.33334,-76.08333,0.88926,0.95778,1.307,42.9,CMEMS,2026-08-13
33.33334,-76.0,0.76395,0.74446,1.0667,45.7,CMEMS,2026-08-13
33.33334,-75.91666,0.63016,0.50885,0.81,51.1,CMEMS,2026-08-13
33.33334,-75.83333,0.49303,0.26545,0.5599,61.7,CMEMS,2026-08-13
33.33334,-75.75,0.35682,0.03235,0.3583,84.8,CMEMS,2026-08-13
33.33334,-75.66666,0.22571,-0.16828,0.2815,126.7,CMEMS,2026-08-13
33.33334,-75.58333,0.10888,-0.31785,0.336,161.1,CMEMS,2026-08-13
33.33334,-75.5,0.01604,-0.41221,0.4125,177.8,CMEMS,2026-08-13
33.33334,-75.41666,-0.04439,-0.44865,0.4508,185.7,CMEMS,2026-08-13
33.33334,-75.33333,-0.07266,-0.43293,0.439,189.5,CMEMS,2026-08-13
33.33334,-75.25,-0.0828,-0.39678,0.4053,191.8,CMEMS,2026-08-13
33.41667,-79.08333,0.01093,-0.02535,0.0276,156.7,CMEMS,2026-08-13
33.41667,-79.0,0.01879,-0.02232,0.0292,139.9,CMEMS,2026-08-13
33.41667,-78.91666,0.04948,0.00691,0.05,82.1,CMEMS,2026-08-13
33.41667,-78.83333,0.05283,0.02877,0.0601,61.4,CMEMS,2026-08-13
33.41667,-78.75,0.04548,0.02899,0.0539,57.5,CMEMS,2026-08-13
33.41667,-78.66666,0.03498,0.0278,0.0447,51.5,CMEMS,2026-08-13
33.41667,-78.58333,0.04966,0.03219,0.0592,57.0,CMEMS,2026-08-13
33.41667,-78.5,0.07135,0.03864,0.0811,61.6,CMEMS,2026-08-13
33.41667,-78.41666,0.08979,0.03568,0.0966,68.3,CMEMS,2026-08-13
33.41667,-78.33333,0.08818,0.022,0.0909,76.0,CMEMS,2026-08-13
33.41667,-78.25,0.08576,0.00749,0.0861,85.0,CMEMS,2026-08-13
33.41667,-78.16666,0.08974,-0.00545,0.0899,93.5,CMEMS,2026-08-13
33.41667,-78.08333,0.10726,-0.01959,0.109,100.4,CMEMS,2026-08-13
33.41667,-78.0,0.10561,-0.02086,0.1077,101.2,CMEMS,2026-08-13
33.41667,-77.91666,0.12219,-0.03518,0.1271,106.1,CMEMS,2026-08-13
33.41667,-77.83333,0.13617,-0.04952,0.1449,110.0,CMEMS,2026-08-13
33.41667,-77.75,0.16142,-0.08142,0.1808,116.8,CMEMS,2026-08-13
33.41667,-77.66666,0.17881,-0.12073,0.2158,124.0,CMEMS,2026-08-13
33.41667,-77.58333,0.18469,-0.12695,0.2241,124.5,CMEMS,2026-08-13
33.41667,-77.5,0.17112,-0.09244,0.1945,118.4,CMEMS,2026-08-13
33.41667,-77.41666,0.13302,-0.02077,0.1346,98.9,CMEMS,2026-08-13
33.41667,-77.33333,0.11804,0.07084,0.1377,59.0,CMEMS,2026-08-13
33.41667,-77.25,0.12418,0.12992,0.1797,43.7,CMEMS,2026-08-13
33.41667,-77.16666,0.11406,0.10712,0.1565,46.8,CMEMS,2026-08-13
33.41667,-77.08333,0.09333,0.0552,0.1084,59.4,CMEMS,2026-08-13
33.41667,-77.0,0.07441,0.01501,0.0759,78.6,CMEMS,2026-08-13
33.41667,-76.91666,0.08109,0.0019,0.0811,88.7,CMEMS,2026-08-13
33.41667,-76.83333,0.12564,0.03203,0.1297,75.7,CMEMS,2026-08-13
33.41667,-76.75,0.21089,0.12307,0.2442,59.7,CMEMS,2026-08-13
33.41667,-76.66666,0.33729,0.29423,0.4476,48.9,CMEMS,2026-08-13
33.41667,-76.58333,0.50325,0.54429,0.7413,42.8,CMEMS,2026-08-13
33.41667,-76.5,0.68732,0.82596,1.0745,39.8,CMEMS,2026-08-13
33.41667,-76.41666,0.84858,1.07554,1.37,38.3,CMEMS,2026-08-13
33.41667,-76.33333,0.95369,1.23296,1.5588,37.7,CMEMS,2026-08-13
33.41667,-76.25,0.98808,1.2745,1.6127,37.8,CMEMS,2026-08-13
33.41667,-76.16666,0.9602,1.21412,1.5479,38.3,CMEMS,2026-08-13
33.41667,-76.08333,0.89142,1.07726,1.3983,39.6,CMEMS,2026-08-13
33.41667,-76.0,0.79713,0.88643,1.1921,42.0,CMEMS,2026-08-13
33.41667,-75.91666,0.68397,0.66187,0.9518,45.9,CMEMS,2026-08-13
33.41667,-75.83333,0.5567,0.42012,0.6974,53.0,CMEMS,2026-08-13
33.41667,-75.75,0.42177,0.17682,0.4573,67.3,CMEMS,2026-08-13
33.41667,-75.66666,0.28484,-0.0425,0.288,98.5,CMEMS,2026-08-13
33.41667,-75.58333,0.15497,-0.21519,0.2652,144.2,CMEMS,2026-08-13
33.41667,-75.5,0.04702,-0.33718,0.3404,172.1,CMEMS,2026-08-13
33.41667,-75.41666,-0.03172,-0.40845,0.4097,184.4,CMEMS,2026-08-13
33.41667,-75.33333,-0.0699,-0.42323,0.429,189.4,CMEMS,2026-08-13
33.41667,-75.25,-0.08314,-0.40661,0.415,191.6,CMEMS,2026-08-13
33.5,-79.08333,0.02133,-0.01887,0.0285,131.5,CMEMS,2026-08-13
33.5,-79.0,0.00259,-0.01571,0.0159,170.6,CMEMS,2026-08-13
33.5,-78.91666,0.02555,-0.01472,0.0295,119.9,CMEMS,2026-08-13
33.5,-78.83333,0.04704,0.02089,0.0515,66.1,CMEMS,2026-08-13
33.5,-78.75,0.0581,0.03803,0.0694,56.8,CMEMS,2026-08-13
33.5,-78.66666,0.05111,0.03477,0.0618,55.8,CMEMS,2026-08-13
33.5,-78.58333,0.0533,0.02119,0.0574,68.3,CMEMS,2026-08-13
33.5,-78.5,0.06631,0.01632,0.0683,76.2,CMEMS,2026-08-13
33.5,-78.41666,0.08755,0.02286,0.0905,75.4,CMEMS,2026-08-13
33.5,-78.33333,0.09584,0.02215,0.0984,77.0,CMEMS,2026-08-13
33.5,-78.25,0.09681,0.0072,0.0971,85.7,CMEMS,2026-08-13
33.5,-78.16666,0.09212,-0.01295,0.093,98.0,CMEMS,2026-08-13
33.5,-78.08333,0.08913,-0.03084,0.0943,109.1,CMEMS,2026-08-13
33.5,-78.0,0.08039,-0.04507,0.0922,119.3,CMEMS,2026-08-13
33.5,-77.91666,0.14069,-0.08135,0.1625,120.0,CMEMS,2026-08-13
33.5,-77.83333,0.18143,-0.09211,0.2035,116.9,CMEMS,2026-08-13
33.5,-77.75,0.19361,-0.11317,0.2243,120.3,CMEMS,2026-08-13
33.5,-77.66666,0.1601,-0.13008,0.2063,129.1,CMEMS,2026-08-13
33.5,-77.58333,0.10092,-0.09962,0.1418,134.6,CMEMS,2026-08-13
33.5,-77.5,0.05969,-0.05454,0.0809,132.4,CMEMS,2026-08-13
33.5,-77.41666,0.04156,0.00922,0.0426,77.5,CMEMS,2026-08-13
33.5,-77.33333,0.05248,0.07607,0.0924,34.6,CMEMS,2026-08-13
33.5,-77.25,0.08527,0.12415,0.1506,34.5,CMEMS,2026-08-13
33.5,-77.16666,0.10082,0.11976,0.1565,40.1,CMEMS,2026-08-13
33.5,-77.08333,0.09345,0.07367,0.119,51.8,CMEMS,2026-08-13
33.5,-77.0,0.07637,0.0196,0.0788,75.6,CMEMS,2026-08-13
33.5,-76.91666,0.05692,-0.0136,0.0585,103.4,CMEMS,2026-08-13
33.5,-76.83333,0.0566,-0.02228,0.0608,111.5,CMEMS,2026-08-13
33.5,-76.75,0.09646,0.01349,0.0974,82.0,CMEMS,2026-08-13
33.5,-76.66666,0.17587,0.12462,0.2155,54.7,CMEMS,2026-08-13
33.5,-76.58333,0.30128,0.32931,0.4463,42.5,CMEMS,2026-08-13
33.5,-76.5,0.46152,0.59936,0.7565,37.6,CMEMS,2026-08-13
33.5,-76.41666,0.63088,0.87936,1.0823,35.7,CMEMS,2026-08-13
33.5,-76.33333,0.76693,1.10736,1.347,34.7,CMEMS,2026-08-13
33.5,-76.25,0.84692,1.23869,1.5005,34.4,CMEMS,2026-08-13
33.5,-76.16666,0.87454,1.26093,1.5345,34.7,CMEMS,2026-08-13
33.5,-76.08333,0.85609,1.18561,1.4624,35.8,CMEMS,2026-08-13
33.5,-76.0,0.79892,1.0344,1.307,37.7,CMEMS,2026-08-13
33.5,-75.91666,0.70937,0.83112,1.0927,40.5,CMEMS,2026-08-13
33.5,-75.83333,0.59459,0.59472,0.841,45.0,CMEMS,2026-08-13
33.5,-75.75,0.46899,0.34618,0.5829,53.6,CMEMS,2026-08-13
33.5,-75.66666,0.3334,0.11237,0.3518,71.4,CMEMS,2026-08-13
33.5,-75.58333,0.19826,-0.08267,0.2148,112.6,CMEMS,2026-08-13
33.5,-75.5,0.0805,-0.23316,0.2467,161.0,CMEMS,2026-08-13
33.5,-75.41666,-0.01477,-0.34296,0.3433,182.5,CMEMS,2026-08-13
33.5,-75.33333,-0.0725,-0.40015,0.4067,190.3,CMEMS,2026-08-13
33.5,-75.25,-0.0936,-0.41046,0.421,192.8,CMEMS,2026-08-13
33.58334,-79.0,0.02086,-0.01748,0.0272,130.0,CMEMS,2026-08-13
33.58334,-78.91666,0.01286,-0.01983,0.0236,147.0,CMEMS,2026-08-13
33.58334,-78.83333,0.0301,-0.0014,0.0301,92.7,CMEMS,2026-08-13
33.58334,-78.75,0.05997,0.03565,0.0698,59.3,CMEMS,2026-08-13
33.58334,-78.66666,0.07249,0.04596,0.0858,57.6,CMEMS,2026-08-13
33.58334,-78.58333,0.06893,0.03034,0.0753,66.2,CMEMS,2026-08-13
33.58334,-78.5,0.05737,0.01803,0.0601,72.6,CMEMS,2026-08-13
33.58334,-78.41666,0.05257,0.01038,0.0536,78.8,CMEMS,2026-08-13
33.58334,-78.33333,0.05688,0.00695,0.0573,83.0,CMEMS,2026-08-13
33.58334,-78.25,0.06751,-0.00505,0.0677,94.3,CMEMS,2026-08-13
33.58334,-78.16666,0.07593,-0.01925,0.0783,104.2,CMEMS,2026-08-13
33.58334,-78.08333,0.08141,-0.04299,0.0921,117.8,CMEMS,2026-08-13
33.58334,-78.0,0.11484,-0.08637,0.1437,126.9,CMEMS,2026-08-13
33.58334,-77.91666,0.16152,-0.1134,0.1974,125.1,CMEMS,2026-08-13
33.58334,-77.83333,0.1742,-0.07865,0.1911,114.3,CMEMS,2026-08-13
33.58334,-77.75,0.12822,-0.07301,0.1475,119.7,CMEMS,2026-08-13
33.58334,-77.66666,0.0746,-0.07725,0.1074,136.0,CMEMS,2026-08-13
33.58334,-77.58333,0.03409,-0.04913,0.0598,145.2,CMEMS,2026-08-13
33.58334,-77.5,0.02571,-0.03165,0.0408,140.9,CMEMS,2026-08-13
33.58334,-77.41666,0.0166,0.00187,0.0167,83.6,CMEMS,2026-08-13
33.58334,-77.33333,0.03551,0.05675,0.0669,32.0,CMEMS,2026-08-13
33.58334,-77.25,0.07225,0.09788,0.1217,36.4,CMEMS,2026-08-13
33.58334,-77.16666,0.09942,0.10794,0.1467,42.6,CMEMS,2026-08-13
33.58334,-77.08333,0.09954,0.08212,0.129,50.5,CMEMS,2026-08-13
33.58334,-77.0,0.08647,0.03883,0.0948,65.8,CMEMS,2026-08-13
33.58334,-76.91666,0.06072,0.00227,0.0608,87.9,CMEMS,2026-08-13
33.58334,-76.83333,0.04038,-0.02107,0.0455,117.6,CMEMS,2026-08-13
33.58334,-76.75,0.03541,-0.02779,0.045,128.1,CMEMS,2026-08-13
33.58334,-76.66666,0.07271,0.02536,0.077,70.8,CMEMS,2026-08-13
33.58334,-76.58333,0.15562,0.17232,0.2322,42.1,CMEMS,2026-08-13
33.58334,-76.5,0.28885,0.40234,0.4953,35.7,CMEMS,2026-08-13
33.58334,-76.41666,0.44571,0.67473,0.8086,33.4,CMEMS,2026-08-13
33.58334,-76.33333,0.5961,0.94286,1.1155,32.3,CMEMS,2026-08-13
33.58334,-76.25,0.71426,1.14936,1.3532,31.9,CMEMS,2026-08-13
33.58334,-76.16666,0.78276,1.25612,1.48,31.9,CMEMS,2026-08-13
33.58334,-76.08333,0.80146,1.2519,1.4865,32.6,CMEMS,2026-08-13
33.58334,-76.0,0.77749,1.15214,1.3899,34.0,CMEMS,2026-08-13
33.58334,-75.91666,0.71217,0.98221,1.2132,35.9,CMEMS,2026-08-13
33.58334,-75.83333,0.6202,0.76626,0.9858,39.0,CMEMS,2026-08-13
33.58334,-75.75,0.50933,0.52602,0.7322,44.1,CMEMS,2026-08-13
33.58334,-75.66666,0.37876,0.28454,0.4737,53.1,CMEMS,2026-08-13
33.58334,-75.58333,0.24262,0.07157,0.253,73.6,CMEMS,2026-08-13
33.58334,-75.5,0.1173,-0.10132,0.155,130.8,CMEMS,2026-08-13
33.58334,-75.41666,0.01116,-0.2446,0.2449,177.4,CMEMS,2026-08-13
33.58334,-75.33333,-0.06701,-0.349,0.3554,190.9,CMEMS,2026-08-13
33.58334,-75.25,-0.10344,-0.39735,0.4106,194.6,CMEMS,2026-08-13
33.66667,-78.91666,0.03373,-0.01482,0.0368,113.7,CMEMS,2026-08-13
33.66667,-78.83333,0.0262,-0.00936,0.0278,109.7,CMEMS,2026-08-13
33.66667,-78.75,0.05091,0.00876,0.0517,80.2,CMEMS,2026-08-13
33.66667,-78.66666,0.08285,0.03826,0.0913,65.2,CMEMS,2026-08-13
33.66667,-78.58333,0.10285,0.04075,0.1106,68.4,CMEMS,2026-08-13
33.66667,-78.5,0.11344,0.0356,0.1189,72.6,CMEMS,2026-08-13
33.66667,-78.41666,0.11878,0.0231,0.121,79.0,CMEMS,2026-08-13
33.66667,-78.33333,0.12869,0.00747,0.1289,86.7,CMEMS,2026-08-13
33.66667,-78.25,0.14454,-0.01365,0.1452,95.4,CMEMS,2026-08-13
33.66667,-78.16666,0.15137,-0.03383,0.1551,102.6,CMEMS,2026-08-13
33.66667,-78.08333,0.1556,-0.06276,0.1678,112.0,CMEMS,2026-08-13
33.66667,-78.0,0.17264,-0.09153,0.1954,117.9,CMEMS,2026-08-13
33.66667,-77.91666,0.14274,-0.05713,0.1538,111.8,CMEMS,2026-08-13
33.66667,-77.83333,0.09664,-0.02519,0.0999,104.6,CMEMS,2026-08-13
33.66667,-77.75,0.0582,-0.02892,0.065,116.4,CMEMS,2026-08-13
33.66667,-77.66666,0.04407,-0.04277,0.0614,134.1,CMEMS,2026-08-13
33.66667,-77.58333,0.03919,-0.0239,0.0459,121.4,CMEMS,2026-08-13
33.66667,-77.5,0.03075,-0.0076,0.0317,103.9,CMEMS,2026-08-13
33.66667,-77.41666,0.02652,0.00794,0.0277,73.3,CMEMS,2026-08-13
33.66667,-77.33333,0.03991,0.03574,0.0536,48.2,CMEMS,2026-08-13
33.66667,-77.25,0.06409,0.06844,0.0938,43.1,CMEMS,2026-08-13
33.66667,-77.16666,0.08737,0.08875,0.1245,44.6,CMEMS,2026-08-13
33.66667,-77.08333,0.09635,0.08181,0.1264,49.7,CMEMS,2026-08-13
33.66667,-77.0,0.09071,0.05692,0.1071,57.9,CMEMS,2026-08-13
33.66667,-76.91666,0.07629,0.02795,0.0813,69.9,CMEMS,2026-08-13
33.66667,-76.83333,0.05294,0.00296,0.053,86.8,CMEMS,2026-08-13
33.66667,-76.75,0.02821,-0.01252,0.0309,113.9,CMEMS,2026-08-13
33.66667,-76.66666,0.02173,0.00043,0.0217,88.9,CMEMS,2026-08-13
33.66667,-76.58333,0.05744,0.08899,0.1059,32.8,CMEMS,2026-08-13
33.66667,-76.5,0.14304,0.27501,0.31,27.5,CMEMS,2026-08-13
33.66667,-76.41666,0.27462,0.51827,0.5865,27.9,CMEMS,2026-08-13
33.66667,-76.33333,0.42668,0.78433,0.8929,28.5,CMEMS,2026-08-13
33.66667,-76.25,0.56927,1.0271,1.1743,29.0,CMEMS,2026-08-13
33.66667,-76.16666,0.67886,1.19345,1.373,29.6,CMEMS,2026-08-13
33.66667,-76.08333,0.74342,1.25838,1.4616,30.6,CMEMS,2026-08-13
33.66667,-76.0,0.75488,1.21939,1.4341,31.8,CMEMS,2026-08-13
33.66667,-75.91666,0.71719,1.09161,1.3061,33.3,CMEMS,2026-08-13
33.66667,-75.83333,0.64802,0.90286,1.1113,35.7,CMEMS,2026-08-13
33.66667,-75.75,0.54948,0.67624,0.8713,39.1,CMEMS,2026-08-13
33.66667,-75.66666,0.43246,0.43742,0.6151,44.7,CMEMS,2026-08-13
33.66667,-75.58333,0.30276,0.21844,0.3733,54.2,CMEMS,2026-08-13
33.66667,-75.5,0.17179,0.03237,0.1748,79.3,CMEMS,2026-08-13
33.66667,-75.41666,0.06126,-0.12899,0.1428,154.6,CMEMS,2026-08-13
33.66667,-75.33333,-0.03797,-0.26862,0.2713,188.0,CMEMS,2026-08-13
33.66667,-75.25,-0.10175,-0.35983,0.3739,195.8,CMEMS,2026-08-13
33.75,-78.83333,0.03185,-0.0018,0.0319,93.2,CMEMS,2026-08-13
33.75,-78.75,0.07767,0.00871,0.0782,83.6,CMEMS,2026-08-13
33.75,-78.66666,0.07564,0.01403,0.0769,79.5,CMEMS,2026-08-13
33.75,-78.58333,0.07808,0.01849,0.0802,76.7,CMEMS,2026-08-13
33.75,-78.5,0.10641,0.01106,0.107,84.1,CMEMS,2026-08-13
33.75,-78.41666,0.13495,0.00335,0.135,88.6,CMEMS,2026-08-13
33.75,-78.33333,0.15364,-0.00488,0.1537,91.8,CMEMS,2026-08-13
33.75,-78.25,0.16147,-0.01403,0.1621,95.0,CMEMS,2026-08-13
33.75,-78.16666,0.15346,-0.02697,0.1558,100.0,CMEMS,2026-08-13
33.75,-78.08333,0.14945,-0.04123,0.155,105.4,CMEMS,2026-08-13
33.75,-78.0,0.11154,-0.04731,0.1212,113.0,CMEMS,2026-08-13
33.75,-77.91666,0.09347,-0.00626,0.0937,93.8,CMEMS,2026-08-13
33.75,-77.83333,0.07608,0.02059,0.0788,74.9,CMEMS,2026-08-13
33.75,-77.75,0.05988,0.00778,0.0604,82.6,CMEMS,2026-08-13
33.75,-77.66666,0.03582,-0.02174,0.0419,121.2,CMEMS,2026-08-13
33.75,-77.58333,0.02146,-0.01914,0.0288,131.7,CMEMS,2026-08-13
33.75,-77.5,0.02467,0.00321,0.0249,82.6,CMEMS,2026-08-13
33.75,-77.41666,0.02577,0.00829,0.0271,72.2,CMEMS,2026-08-13
33.75,-77.33333,0.02822,0.01989,0.0345,54.8,CMEMS,2026-08-13
33.75,-77.25,0.04385,0.04517,0.063,44.1,CMEMS,2026-08-13
33.75,-77.16666,0.0664,0.06948,0.0961,43.7,CMEMS,2026-08-13
33.75,-77.08333,0.08284,0.07507,0.1118,47.8,CMEMS,2026-08-13
33.75,-77.0,0.08742,0.06234,0.1074,54.5,CMEMS,2026-08-13
33.75,-76.91666,0.08315,0.04261,0.0934,62.9,CMEMS,2026-08-13
33.75,-76.83333,0.07085,0.02615,0.0755,69.7,CMEMS,2026-08-13
33.75,-76.75,0.05314,0.01706,0.0558,72.2,CMEMS,2026-08-13
33.75,-76.66666,0.03231,0.01852,0.0372,60.2,CMEMS,2026-08-13
33.75,-76.58333,0.03236,0.06382,0.0716,26.9,CMEMS,2026-08-13
33.75,-76.5,0.07706,0.1959,0.2105,21.5,CMEMS,2026-08-13
33.75,-76.41666,0.17138,0.40571,0.4404,22.9,CMEMS,2026-08-13
33.75,-76.33333,0.30342,0.65076,0.718,25.0,CMEMS,2026-08-13
33.75,-76.25,0.45336,0.89614,1.0043,26.8,CMEMS,2026-08-13
33.75,-76.16666,0.59007,1.0955,1.2443,28.3,CMEMS,2026-08-13
33.75,-76.08333,0.68414,1.20335,1.3842,29.6,CMEMS,2026-08-13
33.75,-76.0,0.72356,1.20568,1.4061,31.0,CMEMS,2026-08-13
33.75,-75.91666,0.72018,1.11992,1.3315,32.7,CMEMS,2026-08-13
33.75,-75.83333,0.68099,0.97125,1.1862,35.0,CMEMS,2026-08-13
33.75,-75.75,0.60628,0.7791,0.9872,37.9,CMEMS,2026-08-13
33.75,-75.66666,0.51185,0.56471,0.7622,42.2,CMEMS,2026-08-13
33.75,-75.58333,0.39005,0.3533,0.5263,47.8,CMEMS,2026-08-13
33.75,-75.5,0.25733,0.16226,0.3042,57.8,CMEMS,2026-08-13
33.75,-75.41666,0.13878,-0.01043,0.1392,94.3,CMEMS,2026-08-13
33.75,-75.33333,0.02377,-0.17314,0.1748,172.2,CMEMS,2026-08-13
33.75,-75.25,-0.07001,-0.30036,0.3084,193.1,CMEMS,2026-08-13
33.83334,-78.66666,0.04577,0.00451,0.046,84.4,CMEMS,2026-08-13
33.83334,-78.58333,0.07145,-0.00608,0.0717,94.9,CMEMS,2026-08-13
33.83334,-78.5,0.07642,-0.01359,0.0776,100.1,CMEMS,2026-08-13
33.83334,-78.41666,0.08577,-0.01918,0.0879,102.6,CMEMS,2026-08-13
33.83334,-78.33333,0.08803,-0.02147,0.0906,103.7,CMEMS,2026-08-13
33.83334,-78.25,0.09531,-0.02126,0.0977,102.6,CMEMS,2026-08-13
33.83334,-78.16666,0.0968,-0.02263,0.0994,103.2,CMEMS,2026-08-13
33.83334,-78.08333,0.08903,-0.01283,0.0899,98.2,CMEMS,2026-08-13
33.83334,-78.0,0.09936,0.00483,0.0995,87.2,CMEMS,2026-08-13
33.83334,-77.91666,0.0841,0.01696,0.0858,78.6,CMEMS,2026-08-13
33.83334,-77.83333,0.06343,0.04323,0.0768,55.7,CMEMS,2026-08-13
33.83334,-77.75,0.06449,0.03453,0.0731,61.8,CMEMS,2026-08-13
33.83334,-77.66666,0.02779,-0.00225,0.0279,94.6,CMEMS,2026-08-13
33.83334,-77.58333,0.01956,-0.02228,0.0296,138.7,CMEMS,2026-08-13
33.83334,-77.5,0.02803,-0.00346,0.0282,97.0,CMEMS,2026-08-13
33.83334,-77.41666,0.03479,0.01521,0.038,66.4,CMEMS,2026-08-13
33.83334,-77.33333,0.03378,0.01849,0.0385,61.3,CMEMS,2026-08-13
33.83334,-77.25,0.04052,0.02393,0.0471,59.4,CMEMS,2026-08-13
33.83334,-77.16666,0.05654,0.04021,0.0694,54.6,CMEMS,2026-08-13
33.83334,-77.08333,0.07539,0.05627,0.0941,53.3,CMEMS,2026-08-13
33.83334,-77.0,0.0873,0.05681,0.1042,56.9,CMEMS,2026-08-13
33.83334,-76.91666,0.08821,0.04511,0.0991,62.9,CMEMS,2026-08-13
33.83334,-76.83333,0.07881,0.03594,0.0866,65.5,CMEMS,2026-08-13
33.83334,-76.75,0.06987,0.03648,0.0788,62.4,CMEMS,2026-08-13
33.83334,-76.66666,0.06073,0.04653,0.0765,52.5,CMEMS,2026-08-13
33.83334,-76.58333,0.05322,0.07411,0.0912,35.7,CMEMS,2026-08-13
33.83334,-76.5,0.07148,0.14902,0.1653,25.6,CMEMS,2026-08-13
33.83334,-76.41666,0.13872,0.29708,0.3279,25.0,CMEMS,2026-08-13
33.83334,-76.33333,0.24312,0.50728,0.5625,25.6,CMEMS,2026-08-13
33.83334,-76.25,0.37889,0.73815,0.8297,27.2,CMEMS,2026-08-13
33.83334,-76.16666,0.51993,0.94695,1.0803,28.8,CMEMS,2026-08-13
33.83334,-76.08333,0.63001,1.09825,1.2661,29.8,CMEMS,2026-08-13
33.83334,-76.0,0.7029,1.16843,1.3636,31.0,CMEMS,2026-08-13
33.83334,-75.91666,0.74094,1.15292,1.3705,32.7,CMEMS,2026-08-13
33.83334,-75.83333,0.73066,1.06043,1.2878,34.6,CMEMS,2026-08-13
33.83334,-75.75,0.6799,0.90775,1.1341,36.8,CMEMS,2026-08-13
33.83334,-75.66666,0.59891,0.71538,0.933,39.9,CMEMS,2026-08-13
33.83334,-75.58333,0.48178,0.50662,0.6991,43.6,CMEMS,2026-08-13
33.83334,-75.5,0.3513,0.3074,0.4668,48.8,CMEMS,2026-08-13
33.83334,-75.41666,0.22753,0.1269,0.2605,60.8,CMEMS,2026-08-13
33.83334,-75.33333,0.11066,-0.04244,0.1185,111.0,CMEMS,2026-08-13
33.83334,-75.25,-0.00201,-0.19614,0.1962,180.6,CMEMS,2026-08-13
33.91667,-78.5,0.02916,-0.01462,0.0326,116.6,CMEMS,2026-08-13
33.91667,-78.41666,0.03778,-0.01847,0.0421,116.1,CMEMS,2026-08-13
33.91667,-78.33333,0.04968,-0.02099,0.0539,112.9,CMEMS,2026-08-13
33.91667,-78.25,0.05737,-0.02186,0.0614,110.9,CMEMS,2026-08-13
33.91667,-78.16666,0.06468,-0.01649,0.0667,104.3,CMEMS,2026-08-13
33.91667,-78.08333,0.07839,-0.00135,0.0784,91.0,CMEMS,2026-08-13
33.91667,-78.0,0.08008,0.01556,0.0816,79.0,CMEMS,2026-08-13
33.91667,-77.91666,0.06156,0.02962,0.0683,64.3,CMEMS,2026-08-13
33.91667,-77.83333,0.1013,0.04163,0.1095,67.7,CMEMS,2026-08-13
33.91667,-77.75,0.10944,0.04739,0.1193,66.6,CMEMS,2026-08-13
33.91667,-77.66666,0.09098,0.02835,0.0953,72.7,CMEMS,2026-08-13
33.91667,-77.58333,0.06834,-0.00287,0.0684,92.4,CMEMS,2026-08-13
33.91667,-77.5,0.05637,-0.00929,0.0571,99.4,CMEMS,2026-08-13
33.91667,-77.41666,0.05468,0.01336,0.0563,76.3,CMEMS,2026-08-13
33.91667,-77.33333,0.04937,0.02566,0.0556,62.5,CMEMS,2026-08-13
33.91667,-77.25,0.04622,0.02154,0.051,65.0,CMEMS,2026-08-13
33.91667,-77.16666,0.04965,0.02228,0.0544,65.8,CMEMS,2026-08-13
33.91667,-77.08333,0.06467,0.03506,0.0736,61.5,CMEMS,2026-08-13
33.91667,-77.0,0.08088,0.04395,0.092,61.5,CMEMS,2026-08-13
33.91667,-76.91666,0.0898,0.04405,0.1,63.9,CMEMS,2026-08-13
33.91667,-76.83333,0.08885,0.04139,0.098,65.0,CMEMS,2026-08-13
33.91667,-76.75,0.08438,0.04398,0.0952,62.5,CMEMS,2026-08-13
33.91667,-76.66666,0.08082,0.05518,0.0979,55.7,CMEMS,2026-08-13
33.91667,-76.58333,0.08215,0.07819,0.1134,46.4,CMEMS,2026-08-13
33.91667,-76.5,0.0976,0.12784,0.1608,37.4,CMEMS,2026-08-13
33.91667,-76.41666,0.14362,0.22568,0.2675,32.5,CMEMS,2026-08-13
33.91667,-76.33333,0.23717,0.38314,0.4506,31.8,CMEMS,2026-08-13
33.91667,-76.25,0.35429,0.58983,0.6881,31.0,CMEMS,2026-08-13
33.91667,-76.16666,0.4835,0.80623,0.9401,31.0,CMEMS,2026-08-13
33.91667,-76.08333,0.60929,0.98887,1.1615,31.6,CMEMS,2026-08-13
33.91667,-76.0,0.71322,1.10965,1.3191,32.7,CMEMS,2026-08-13
33.91667,-75.91666,0.77232,1.14962,1.385,33.9,CMEMS,2026-08-13
33.91667,-75.83333,0.7791,1.10795,1.3545,35.1,CMEMS,2026-08-13
33.91667,-75.75,0.74536,0.99994,1.2472,36.7,CMEMS,2026-08-13
33.91667,-75.66666,0.67501,0.84294,1.0799,38.7,CMEMS,2026-08-13
33.91667,-75.58333,0.5692,0.65812,0.8701,40.9,CMEMS,2026-08-13
33.91667,-75.5,0.44884,0.47031,0.6501,43.7,CMEMS,2026-08-13
33.91667,-75.41666,0.32494,0.29175,0.4367,48.1,CMEMS,2026-08-13
33.91667,-75.33333,0.20264,0.11954,0.2353,59.5,CMEMS,2026-08-13
33.91667,-75.25,0.08251,-0.04902,0.096,120.7,CMEMS,2026-08-13
34.0,-77.83333,0.06467,0.02591,0.0697,68.2,CMEMS,2026-08-13
34.0,-77.75,0.09014,0.0453,0.1009,63.3,CMEMS,2026-08-13
34.0,-77.66666,0.09688,0.04216,0.1057,66.5,CMEMS,2026-08-13
34.0,-77.58333,0.08996,0.02399,0.0931,75.1,CMEMS,2026-08-13
34.0,-77.5,0.07619,0.00871,0.0767,83.5,CMEMS,2026-08-13
34.0,-77.41666,0.06885,0.01684,0.0709,76.3,CMEMS,2026-08-13
34.0,-77.33333,0.06765,0.03069,0.0743,65.6,CMEMS,2026-08-13
34.0,-77.25,0.06001,0.03073,0.0674,62.9,CMEMS,2026-08-13
34.0,-77.16666,0.05397,0.02438,0.0592,65.7,CMEMS,2026-08-13
34.0,-77.08333,0.05518,0.02246,0.0596,67.8,CMEMS,2026-08-13
34.0,-77.0,0.06544,0.02543,0.0702,68.8,CMEMS,2026-08-13
34.0,-76.91666,0.0773,0.03192,0.0836,67.6,CMEMS,2026-08-13
34.0,-76.83333,0.08583,0.03798,0.0939,66.1,CMEMS,2026-08-13
34.0,-76.75,0.09156,0.0431,0.1012,64.8,CMEMS,2026-08-13
34.0,-76.66666,0.09538,0.05267,0.109,61.1,CMEMS,2026-08-13
34.0,-76.58333,0.10376,0.07009,0.1252,56.0,CMEMS,2026-08-13
34.0,-76.5,0.1267,0.10265,0.1631,51.0,CMEMS,2026-08-13
34.0,-76.41666,0.1748,0.17044,0.2441,45.7,CMEMS,2026-08-13
34.0,-76.33333,0.25039,0.28916,0.3825,40.9,CMEMS,2026-08-13
34.0,-76.25,0.36102,0.46302,0.5871,37.9,CMEMS,2026-08-13
34.0,-76.16666,0.48012,0.67372,0.8273,35.5,CMEMS,2026-08-13
34.0,-76.08333,0.60418,0.87367,1.0622,34.7,CMEMS,2026-08-13
34.0,-76.0,0.71693,1.02049,1.2472,35.1,CMEMS,2026-08-13
34.0,-75.91666,0.79748,1.09695,1.3562,36.0,CMEMS,2026-08-13
34.0,-75.83333,0.83396,1.10393,1.3835,37.1,CMEMS,2026-08-13
34.0,-75.75,0.82721,1.04736,1.3346,38.3,CMEMS,2026-08-13
34.0,-75.66666,0.7783,0.93667,1.2178,39.7,CMEMS,2026-08-13
34.0,-75.58333,0.6923,0.78965,1.0502,41.2,CMEMS,2026-08-13
34.0,-75.5,0.58405,0.62379,0.8545,43.1,CMEMS,2026-08-13
34.0,-75.41666,0.45881,0.45112,0.6434,45.5,CMEMS,2026-08-13
34.0,-75.33333,0.32681,0.27875,0.4295,49.5,CMEMS,2026-08-13
34.0,-75.25,0.20118,0.10907,0.2288,61.5,CMEMS,2026-08-13
34.08334,-77.83333,0.04305,0.0304,0.0527,54.8,CMEMS,2026-08-13
34.08334,-77.75,0.07369,0.03436,0.0813,65.0,CMEMS,2026-08-13
34.08334,-77.66666,0.08382,0.04092,0.0933,64.0,CMEMS,2026-08-13
34.08334,-77.58333,0.08589,0.03669,0.0934,66.9,CMEMS,2026-08-13
34.08334,-77.5,0.07804,0.0247,0.0819,72.4,CMEMS,2026-08-13
34.08334,-77.41666,0.07224,0.0244,0.0763,71.3,CMEMS,2026-08-13
34.08334,-77.33333,0.07575,0.03277,0.0825,66.6,CMEMS,2026-08-13
34.08334,-77.25,0.07987,0.03744,0.0882,64.9,CMEMS,2026-08-13
34.08334,-77.16666,0.0779,0.03289,0.0846,67.1,CMEMS,2026-08-13
34.08334,-77.08333,0.07216,0.02522,0.0764,70.7,CMEMS,2026-08-13
34.08334,-77.0,0.06819,0.01952,0.0709,74.0,CMEMS,2026-08-13
34.08334,-76.91666,0.06851,0.02012,0.0714,73.6,CMEMS,2026-08-13
34.08334,-76.83333,0.07669,0.0264,0.0811,71.0,CMEMS,2026-08-13
34.08334,-76.75,0.08821,0.03434,0.0947,68.7,CMEMS,2026-08-13
34.08334,-76.66666,0.10576,0.0426,0.114,68.1,CMEMS,2026-08-13
34.08334,-76.58333,0.12938,0.05193,0.1394,68.1,CMEMS,2026-08-13
34.08334,-76.5,0.15793,0.06827,0.1721,66.6,CMEMS,2026-08-13
34.08334,-76.41666,0.19955,0.10634,0.2261,61.9,CMEMS,2026-08-13
34.08334,-76.33333,0.26666,0.19059,0.3278,54.4,CMEMS,2026-08-13
34.08334,-76.25,0.36809,0.34093,0.5017,47.2,CMEMS,2026-08-13
34.08334,-76.16666,0.48236,0.54166,0.7253,41.7,CMEMS,2026-08-13
34.08334,-76.08333,0.60635,0.74992,0.9644,39.0,CMEMS,2026-08-13
34.08334,-76.0,0.72359,0.9239,1.1735,38.1,CMEMS,2026-08-13
34.08334,-75.91666,0.82081,1.04069,1.3254,38.3,CMEMS,2026-08-13
34.08334,-75.83333,0.88283,1.09175,1.404,39.0,CMEMS,2026-08-13
34.08334,-75.75,0.90492,1.07918,1.4084,40.0,CMEMS,2026-08-13
34.08334,-75.66666,0.88367,1.01,1.342,41.2,CMEMS,2026-08-13
34.08334,-75.58333,0.82332,0.89469,1.2159,42.6,CMEMS,2026-08-13
34.08334,-75.5,0.73175,0.74818,1.0465,44.4,CMEMS,2026-08-13
34.08334,-75.41666,0.61166,0.5845,0.846,46.3,CMEMS,2026-08-13
34.08334,-75.33333,0.47722,0.41559,0.6328,48.9,CMEMS,2026-08-13
34.08334,-75.25,0.347,0.24734,0.4261,54.5,CMEMS,2026-08-13
34.16667,-77.75,0.0507,0.03219,0.0601,57.6,CMEMS,2026-08-13
34.16667,-77.66666,0.07369,0.03751,0.0827,63.0,CMEMS,2026-08-13
34.16667,-77.58333,0.0844,0.04362,0.095,62.7,CMEMS,2026-08-13
34.16667,-77.5,0.08452,0.03553,0.0917,67.2,CMEMS,2026-08-13
34.16667,-77.41666,0.0784,0.02537,0.0824,72.1,CMEMS,2026-08-13
34.16667,-77.33333,0.07669,0.02171,0.0797,74.2,CMEMS,2026-08-13
34.16667,-77.25,0.08878,0.02401,0.092,74.9,CMEMS,2026-08-13
34.16667,-77.16666,0.10276,0.02386,0.1055,76.9,CMEMS,2026-08-13
34.16667,-77.08333,0.10576,0.02438,0.1085,77.0,CMEMS,2026-08-13
34.16667,-77.0,0.09854,0.02607,0.1019,75.2,CMEMS,2026-08-13
34.16667,-76.91666,0.09121,0.02373,0.0942,75.4,CMEMS,2026-08-13
34.16667,-76.83333,0.09495,0.0191,0.0969,78.6,CMEMS,2026-08-13
34.16667,-76.75,0.10598,0.0174,0.1074,80.7,CMEMS,2026-08-13
34.16667,-76.66666,0.12656,0.01736,0.1277,82.2,CMEMS,2026-08-13
34.16667,-76.58333,0.15311,0.01555,0.1539,84.2,CMEMS,2026-08-13
34.16667,-76.5,0.1904,0.01909,0.1914,84.3,CMEMS,2026-08-13
34.16667,-76.41666,0.23413,0.03702,0.237,81.0,CMEMS,2026-08-13
34.16667,-76.33333,0.2857,0.07981,0.2966,74.4,CMEMS,2026-08-13
34.16667,-76.25,0.36145,0.17388,0.4011,64.3,CMEMS,2026-08-13
34.16667,-76.16666,0.44246,0.35796,0.5691,51.0,CMEMS,2026-08-13
34.16667,-76.08333,0.56523,0.58645,0.8145,43.9,CMEMS,2026-08-13
34.16667,-76.0,0.7036,0.78119,1.0513,42.0,CMEMS,2026-08-13
34.16667,-75.91666,0.82198,0.92794,1.2396,41.5,CMEMS,2026-08-13
34.16667,-75.83333,0.90736,1.02116,1.366,41.6,CMEMS,2026-08-13
34.16667,-75.75,0.95312,1.05871,1.4245,42.0,CMEMS,2026-08-13
34.16667,-75.66666,0.95775,1.04282,1.4159,42.6,CMEMS,2026-08-13
34.16667,-75.58333,0.92171,0.9788,1.3445,43.3,CMEMS,2026-08-13
34.16667,-75.5,0.85066,0.87323,1.2191,44.2,CMEMS,2026-08-13
34.16667,-75.41666,0.74435,0.73778,1.048,45.3,CMEMS,2026-08-13
34.16667,-75.33333,0.61685,0.58412,0.8495,46.6,CMEMS,2026-08-13
34.16667,-75.25,0.48859,0.42149,0.6453,49.2,CMEMS,2026-08-13
34.25,-77.75,0.05013,0.02634,0.0566,62.3,CMEMS,2026-08-13
34.25,-77.66666,0.06123,0.03213,0.0692,62.3,CMEMS,2026-08-13
34.25,-77.58333,0.09055,0.04436,0.1008,63.9,CMEMS,2026-08-13
34.25,-77.5,0.10278,0.04627,0.1127,65.8,CMEMS,2026-08-13
34.25,-77.41666,0.10814,0.0406,0.1155,69.4,CMEMS,2026-08-13
34.25,-77.33333,0.10494,0.02855,0.1088,74.8,CMEMS,2026-08-13
34.25,-77.25,0.1032,0.0168,0.1046,80.8,CMEMS,2026-08-13
34.25,-77.16666,0.10463,0.0092,0.105,85.0,CMEMS,2026-08-13
34.25,-77.08333,0.1102,0.01158,0.1108,84.0,CMEMS,2026-08-13
34.25,-77.0,0.11853,0.01906,0.1201,80.9,CMEMS,2026-08-13
34.25,-76.91666,0.12928,0.01899,0.1307,81.6,CMEMS,2026-08-13
34.25,-76.83333,0.13502,0.01155,0.1355,85.1,CMEMS,2026-08-13
34.25,-76.75,0.14682,0.00298,0.1469,88.8,CMEMS,2026-08-13
34.25,-76.66666,0.16104,-0.00555,0.1611,92.0,CMEMS,2026-08-13
34.25,-76.58333,0.18478,-0.02294,0.1862,97.1,CMEMS,2026-08-13
34.25,-76.5,0.22685,-0.03671,0.2298,99.2,CMEMS,2026-08-13
34.25,-76.41666,0.27821,-0.03391,0.2803,96.9,CMEMS,2026-08-13
34.25,-76.33333,0.32644,-0.00693,0.3265,91.2,CMEMS,2026-08-13
34.25,-76.25,0.35406,0.04772,0.3573,82.3,CMEMS,2026-08-13
34.25,-76.16666,0.37968,0.18813,0.4237,63.6,CMEMS,2026-08-13
34.25,-76.08333,0.46493,0.42859,0.6323,47.3,CMEMS,2026-08-13
34.25,-76.0,0.62582,0.64507,0.8988,44.1,CMEMS,2026-08-13
34.25,-75.91666,0.77502,0.80436,1.117,43.9,CMEMS,2026-08-13
34.25,-75.83333,0.88798,0.92041,1.2789,44.0,CMEMS,2026-08-13
34.25,-75.75,0.96118,0.99794,1.3856,43.9,CMEMS,2026-08-13
34.25,-75.66666,0.99418,1.03433,1.4347,43.9,CMEMS,2026-08-13
34.25,-75.58333,0.98529,1.02584,1.4224,43.8,CMEMS,2026-08-13
34.25,-75.5,0.9338,0.97076,1.347,43.9,CMEMS,2026-08-13
34.25,-75.41666,0.84589,0.8755,1.2174,44.0,CMEMS,2026-08-13
34.25,-75.33333,0.732,0.75151,1.0491,44.2,CMEMS,2026-08-13
34.25,-75.25,0.60776,0.60678,0.8588,45.0,CMEMS,2026-08-13
34.33334,-77.66666,0.02826,0.02278,0.0363,51.1,CMEMS,2026-08-13
34.33334,-77.58333,0.05206,0.02355,0.0571,65.7,CMEMS,2026-08-13
34.33334,-77.5,0.09278,0.03102,0.0978,71.5,CMEMS,2026-08-13
34.33334,-77.41666,0.12507,0.03117,0.1289,76.0,CMEMS,2026-08-13
34.33334,-77.33333,0.14334,0.02933,0.1463,78.4,CMEMS,2026-08-13
34.33334,-77.25,0.14886,0.02607,0.1511,80.1,CMEMS,2026-08-13
34.33334,-77.16666,0.14468,0.0227,0.1464,81.1,CMEMS,2026-08-13
34.33334,-77.08333,0.14085,0.01904,0.1421,82.3,CMEMS,2026-08-13
34.33334,-77.0,0.13858,0.01363,0.1392,84.4,CMEMS,2026-08-13
34.33334,-76.91666,0.1436,0.00815,0.1438,86.8,CMEMS,2026-08-13
34.33334,-76.83333,0.14428,0.00192,0.1443,89.2,CMEMS,2026-08-13
34.33334,-76.75,0.16359,-0.00531,0.1637,91.9,CMEMS,2026-08-13
34.33334,-76.66666,0.1626,-0.01853,0.1637,96.5,CMEMS,2026-08-13
34.33334,-76.58333,0.21539,-0.0671,0.2256,107.3,CMEMS,2026-08-13
34.33334,-76.5,0.28829,-0.11105,0.3089,111.1,CMEMS,2026-08-13
34.33334,-76.41666,0.33879,-0.10108,0.3535,106.6,CMEMS,2026-08-13
34.33334,-76.33333,0.30504,-0.06677,0.3123,102.3,CMEMS,2026-08-13
34.33334,-76.25,0.26102,-0.01368,0.2614,93.0,CMEMS,2026-08-13
34.33334,-76.16666,0.27078,0.09596,0.2873,70.5,CMEMS,2026-08-13
34.33334,-76.08333,0.33078,0.29475,0.443,48.3,CMEMS,2026-08-13
34.33334,-76.0,0.48975,0.501,0.7006,44.3,CMEMS,2026-08-13
34.33334,-75.91666,0.6534,0.65556,0.9256,44.9,CMEMS,2026-08-13
34.33334,-75.83333,0.7913,0.78602,1.1153,45.2,CMEMS,2026-08-13
34.33334,-75.75,0.90395,0.89915,1.275,45.2,CMEMS,2026-08-13
34.33334,-75.66666,0.9814,0.98484,1.3903,44.9,CMEMS,2026-08-13
34.33334,-75.58333,1.01211,1.02997,1.444,44.5,CMEMS,2026-08-13
34.33334,-75.5,0.99581,1.02837,1.4315,44.1,CMEMS,2026-08-13
34.33334,-75.41666,0.93732,0.9802,1.3562,43.7,CMEMS,2026-08-13
34.33334,-75.33333,0.84574,0.89114,1.2286,43.5,CMEMS,2026-08-13
34.33334,-75.25,0.73556,0.77001,1.0649,43.7,CMEMS,2026-08-13
34.41667,-77.58333,0.05652,0.01735,0.0591,72.9,CMEMS,2026-08-13
34.41667,-77.5,0.10996,0.01089,0.1105,84.3,CMEMS,2026-08-13
34.41667,-77.41666,0.11052,0.00799,0.1108,85.9,CMEMS,2026-08-13
34.41667,-77.33333,0.11647,0.0099,0.1169,85.1,CMEMS,2026-08-13
34.41667,-77.25,0.12568,0.01908,0.1271,81.4,CMEMS,2026-08-13
34.41667,-77.16666,0.13414,0.03536,0.1387,75.2,CMEMS,2026-08-13
34.41667,-77.08333,0.14723,0.03851,0.1522,75.3,CMEMS,2026-08-13
34.41667,-77.0,0.15516,0.03175,0.1584,78.4,CMEMS,2026-08-13
34.41667,-76.91666,0.1558,0.02132,0.1573,82.2,CMEMS,2026-08-13
34.41667,-76.83333,0.15645,0.00661,0.1566,87.6,CMEMS,2026-08-13
34.41667,-76.75,0.15277,-0.00598,0.1529,92.2,CMEMS,2026-08-13
34.41667,-76.66666,0.17853,-0.04572,0.1843,104.4,CMEMS,2026-08-13
34.41667,-76.58333,0.25371,-0.11488,0.2785,114.4,CMEMS,2026-08-13
34.41667,-76.5,0.2564,-0.1301,0.2875,116.9,CMEMS,2026-08-13
34.41667,-76.41666,0.20652,-0.07947,0.2213,111.0,CMEMS,2026-08-13
34.41667,-76.33333,0.12915,-0.01884,0.1305,98.3,CMEMS,2026-08-13
34.41667,-76.25,0.10552,0.01947,0.1073,79.5,CMEMS,2026-08-13
34.41667,-76.16666,0.11769,0.06484,0.1344,61.1,CMEMS,2026-08-13
34.41667,-76.08333,0.17278,0.18376,0.2522,43.2,CMEMS,2026-08-13
34.41667,-76.0,0.30382,0.33493,0.4522,42.2,CMEMS,2026-08-13
34.41667,-75.91666,0.45114,0.45763,0.6426,44.6,CMEMS,2026-08-13
34.41667,-75.83333,0.59724,0.58638,0.837,45.5,CMEMS,2026-08-13
34.41667,-75.75,0.74087,0.7294,1.0397,45.4,CMEMS,2026-08-13
34.41667,-75.66666,0.86899,0.86643,1.2271,45.1,CMEMS,2026-08-13
34.41667,-75.58333,0.95836,0.97596,1.3678,44.5,CMEMS,2026-08-13
34.41667,-75.5,0.99766,1.03909,1.4405,43.8,CMEMS,2026-08-13
34.41667,-75.41666,0.98774,1.04629,1.4389,43.4,CMEMS,2026-08-13
34.41667,-75.33333,0.93208,1.0,1.367,43.0,CMEMS,2026-08-13
34.41667,-75.25,0.84471,0.90675,1.2393,43.0,CMEMS,2026-08-13
34.5,-77.41666,0.05146,0.00111,0.0515,88.8,CMEMS,2026-08-13
34.5,-77.33333,0.10007,0.00352,0.1001,88.0,CMEMS,2026-08-13
34.5,-77.25,0.10834,0.01593,0.1095,81.6,CMEMS,2026-08-13
34.5,-77.16666,0.11333,0.02748,0.1166,76.4,CMEMS,2026-08-13
34.5,-77.08333,0.12615,0.0305,0.1298,76.4,CMEMS,2026-08-13
34.5,-77.0,0.13901,0.02759,0.1417,78.8,CMEMS,2026-08-13
34.5,-76.91666,0.1475,0.02579,0.1497,80.1,CMEMS,2026-08-13
34.5,-76.83333,0.16132,0.0139,0.1619,85.1,CMEMS,2026-08-13
34.5,-76.75,0.17623,-0.00889,0.1765,92.9,CMEMS,2026-08-13
34.5,-76.66666,0.20071,-0.07121,0.213,109.5,CMEMS,2026-08-13
34.5,-76.58333,0.2358,-0.10413,0.2578,113.8,CMEMS,2026-08-13
34.5,-76.5,0.24366,-0.04467,0.2477,100.4,CMEMS,2026-08-13
34.5,-76.41666,0.17244,0.01191,0.1728,86.0,CMEMS,2026-08-13
34.5,-76.33333,0.10684,0.05501,0.1202,62.8,CMEMS,2026-08-13
34.5,-76.25,0.08061,0.06126,0.1013,52.8,CMEMS,2026-08-13
34.5,-76.16666,0.08556,0.05318,0.1007,58.1,CMEMS,2026-08-13
34.5,-76.08333,0.1017,0.10346,0.1451,44.5,CMEMS,2026-08-13
34.5,-76.0,0.16406,0.18679,0.2486,41.3,CMEMS,2026-08-13
34.5,-75.91666,0.25249,0.2621,0.3639,43.9,CMEMS,2026-08-13
34.5,-75.83333,0.37401,0.35554,0.516,46.5,CMEMS,2026-08-13
34.5,-75.75,0.52292,0.49348,0.719,46.7,CMEMS,2026-08-13
34.5,-75.66666,0.68272,0.66568,0.9535,45.7,CMEMS,2026-08-13
34.5,-75.58333,0.82693,0.83973,1.1785,44.6,CMEMS,2026-08-13
34.5,-75.5,0.92787,0.98317,1.3519,43.3,CMEMS,2026-08-13
34.5,-75.41666,0.97223,1.0708,1.4463,42.2,CMEMS,2026-08-13
34.5,-75.33333,0.96289,1.09117,1.4553,41.4,CMEMS,2026-08-13
34.5,-75.25,0.91131,1.04762,1.3885,41.0,CMEMS,2026-08-13
34.58334,-77.16666,0.07705,0.01481,0.0785,79.1,CMEMS,2026-08-13
34.58334,-77.08333,0.09864,0.00772,0.0989,85.5,CMEMS,2026-08-13
34.58334,-77.0,0.11987,0.00146,0.1199,89.3,CMEMS,2026-08-13
34.58334,-76.91666,0.13988,-0.00153,0.1399,90.6,CMEMS,2026-08-13
34.58334,-76.83333,0.15693,-0.00558,0.157,92.0,CMEMS,2026-08-13
34.58334,-76.75,0.17269,-0.02271,0.1742,97.5,CMEMS,2026-08-13
34.58334,-76.66666,0.164,-0.03143,0.167,100.8,CMEMS,2026-08-13
34.58334,-76.58333,0.18398,-0.03296,0.1869,100.2,CMEMS,2026-08-13
34.58334,-76.5,0.1581,-0.00906,0.1584,93.3,CMEMS,2026-08-13
34.58334,-76.41666,0.0993,0.05523,0.1136,60.9,CMEMS,2026-08-13
34.58334,-76.33333,0.08338,0.10075,0.1308,39.6,CMEMS,2026-08-13
34.58334,-76.25,0.06842,0.09245,0.115,36.5,CMEMS,2026-08-13
34.58334,-76.16666,0.05647,0.06571,0.0866,40.7,CMEMS,2026-08-13
34.58334,-76.08333,0.05489,0.08141,0.0982,34.0,CMEMS,2026-08-13
34.58334,-76.0,0.0849,0.12653,0.1524,33.9,CMEMS,2026-08-13
34.58334,-75.91666,0.13861,0.1631,0.214,40.4,CMEMS,2026-08-13
34.58334,-75.83333,0.21321,0.20597,0.2964,46.0,CMEMS,2026-08-13
34.58334,-75.75,0.32257,0.29236,0.4353,47.8,CMEMS,2026-08-13
34.58334,-75.66666,0.46643,0.44562,0.6451,46.3,CMEMS,2026-08-13
34.58334,-75.58333,0.62939,0.64968,0.9046,44.1,CMEMS,2026-08-13
34.58334,-75.5,0.7777,0.85599,1.1565,42.3,CMEMS,2026-08-13
34.58334,-75.41666,0.88382,1.01984,1.3495,40.9,CMEMS,2026-08-13
34.58334,-75.33333,0.93284,1.11702,1.4553,39.9,CMEMS,2026-08-13
34.58334,-75.25,0.92897,1.13951,1.4702,39.2,CMEMS,2026-08-13
34.66667,-77.08333,0.05316,0.00551,0.0534,84.1,CMEMS,2026-08-13
34.66667,-77.0,0.06416,0.00174,0.0642,88.4,CMEMS,2026-08-13
34.66667,-76.91666,0.06839,-0.00282,0.0685,92.4,CMEMS,2026-08-13
34.66667,-76.83333,0.07217,-0.01058,0.0729,98.3,CMEMS,2026-08-13
34.66667,-76.75,0.11971,-0.02073,0.1215,99.8,CMEMS,2026-08-13
34.66667,-76.66666,0.12875,-0.02587,0.1313,101.4,CMEMS,2026-08-13
34.66667,-76.58333,0.1657,-0.00111,0.1657,90.4,CMEMS,2026-08-13
34.66667,-76.5,0.14758,0.03877,0.1526,75.3,CMEMS,2026-08-13
34.66667,-76.41666,0.10897,0.10136,0.1488,47.1,CMEMS,2026-08-13
34.66667,-76.33333,0.14479,0.144,0.2042,45.2,CMEMS,2026-08-13
34.66667,-76.25,0.13305,0.11599,0.1765,48.9,CMEMS,2026-08-13
34.66667,-76.16666,0.09515,0.08967,0.1307,46.7,CMEMS,2026-08-13
34.66667,-76.08333,0.07184,0.09898,0.1223,36.0,CMEMS,2026-08-13
34.66667,-76.0,0.09307,0.12245,0.1538,37.2,CMEMS,2026-08-13
34.66667,-75.91666,0.12986,0.13407,0.1866,44.1,CMEMS,2026-08-13
34.66667,-75.83333,0.17657,0.14218,0.2267,51.2,CMEMS,2026-08-13
34.66667,-75.75,0.22941,0.17961,0.2914,51.9,CMEMS,2026-08-13
34.66667,-75.66666,0.30299,0.28258,0.4143,47.0,CMEMS,2026-08-13
34.66667,-75.58333,0.42202,0.46194,0.6257,42.4,CMEMS,2026-08-13
34.66667,-75.5,0.57295,0.68884,0.896,39.8,CMEMS,2026-08-13
34.66667,-75.41666,0.71856,0.9093,1.1589,38.3,CMEMS,2026-08-13
34.66667,-75.33333,0.82939,1.07312,1.3563,37.7,CMEMS,2026-08-13
34.66667,-75.25,0.89199,1.15949,1.4629,37.6,CMEMS,2026-08-13
34.75,-76.5,0.11163,0.09786,0.1485,48.8,CMEMS,2026-08-13
34.75,-76.41666,0.06092,0.13795,0.1508,23.8,CMEMS,2026-08-13
34.75,-76.33333,0.1888,0.16897,0.2534,48.2,CMEMS,2026-08-13
34.75,-76.25,0.21192,0.1581,0.2644,53.3,CMEMS,2026-08-13
34.75,-76.16666,0.18839,0.12924,0.2285,55.5,CMEMS,2026-08-13
34.75,-76.08333,0.15822,0.10328,0.1889,56.9,CMEMS,2026-08-13
34.75,-76.0,0.14305,0.09408,0.1712,56.7,CMEMS,2026-08-13
34.75,-75.91666,0.15341,0.09425,0.1801,58.4,CMEMS,2026-08-13
34.75,-75.83333,0.18076,0.09562,0.2045,62.1,CMEMS,2026-08-13
34.75,-75.75,0.21302,0.11243,0.2409,62.2,CMEMS,2026-08-13
34.75,-75.66666,0.24378,0.17189,0.2983,54.8,CMEMS,2026-08-13
34.75,-75.58333,0.28683,0.30561,0.4191,43.2,CMEMS,2026-08-13
34.75,-75.5,0.39166,0.50645,0.6402,37.7,CMEMS,2026-08-13
34.75,-75.41666,0.54163,0.73684,0.9145,36.3,CMEMS,2026-08-13
34.75,-75.33333,0.68775,0.95299,1.1752,35.8,CMEMS,2026-08-13
34.75,-75.25,0.80342,1.10926,1.3696,35.9,CMEMS,2026-08-13
34.83334,-76.5,0.07454,0.12024,0.1415,31.8,CMEMS,2026-08-13
34.83334,-76.41666,0.08609,0.13901,0.1635,31.8,CMEMS,2026-08-13
34.83334,-76.33333,0.13322,0.15385,0.2035,40.9,CMEMS,2026-08-13
34.83334,-76.25,0.23441,0.1658,0.2871,54.7,CMEMS,2026-08-13
34.83334,-76.16666,0.265,0.17318,0.3166,56.8,CMEMS,2026-08-13
34.83334,-76.08333,0.26741,0.16163,0.3125,58.9,CMEMS,2026-08-13
34.83334,-76.0,0.26196,0.13034,0.2926,63.5,CMEMS,2026-08-13
34.83334,-75.91666,0.253,0.09194,0.2692,70.0,CMEMS,2026-08-13
34.83334,-75.83333,0.24699,0.06646,0.2558,74.9,CMEMS,2026-08-13
34.83334,-75.75,0.24008,0.07902,0.2528,71.8,CMEMS,2026-08-13
34.83334,-75.66666,0.22626,0.12261,0.2573,61.5,CMEMS,2026-08-13
34.83334,-75.58333,0.23879,0.2054,0.315,49.3,CMEMS,2026-08-13
34.83334,-75.5,0.30262,0.35497,0.4665,40.4,CMEMS,2026-08-13
34.83334,-75.41666,0.41983,0.56075,0.7005,36.8,CMEMS,2026-08-13
34.83334,-75.33333,0.5685,0.78319,0.9678,36.0,CMEMS,2026-08-13
34.83334,-75.25,0.71059,0.98168,1.2119,35.9,CMEMS,2026-08-13
34.91667,-76.33333,0.08625,0.15415,0.1766,29.2,CMEMS,2026-08-13
34.91667,-76.25,0.11014,0.17114,0.2035,32.8,CMEMS,2026-08-13
34.91667,-76.16666,0.18786,0.16533,0.2502,48.6,CMEMS,2026-08-13
34.91667,-76.08333,0.26291,0.13144,0.2939,63.4,CMEMS,2026-08-13
34.91667,-76.0,0.28711,0.12099,0.3116,67.1,CMEMS,2026-08-13
34.91667,-75.91666,0.30133,0.10882,0.3204,70.1,CMEMS,2026-08-13
34.91667,-75.83333,0.30043,0.07509,0.3097,76.0,CMEMS,2026-08-13
34.91667,-75.75,0.28017,0.08031,0.2915,74.0,CMEMS,2026-08-13
34.91667,-75.66666,0.24687,0.14355,0.2856,59.8,CMEMS,2026-08-13
34.91667,-75.58333,0.24465,0.20885,0.3217,49.5,CMEMS,2026-08-13
34.91667,-75.5,0.26799,0.25948,0.373,45.9,CMEMS,2026-08-13
34.91667,-75.41666,0.33382,0.392,0.5149,40.4,CMEMS,2026-08-13
34.91667,-75.33333,0.45188,0.61407,0.7624,36.3,CMEMS,2026-08-13
34.91667,-75.25,0.59594,0.84718,1.0358,35.1,CMEMS,2026-08-13
35.0,-76.58333,0.03124,0.00154,0.0313,87.2,CMEMS,2026-08-13
35.0,-76.5,0.03162,0.00838,0.0327,75.1,CMEMS,2026-08-13
35.0,-76.41666,0.01304,0.05193,0.0535,14.1,CMEMS,2026-08-13
35.0,-76.33333,-0.02806,0.11393,0.1173,346.2,CMEMS,2026-08-13
35.0,-76.25,0.03574,0.15368,0.1578,13.1,CMEMS,2026-08-13
35.0,-76.08333,0.13225,0.10209,0.1671,52.3,CMEMS,2026-08-13
35.0,-76.0,0.12136,0.08252,0.1468,55.8,CMEMS,2026-08-13
35.0,-75.91666,0.13775,0.08309,0.1609,58.9,CMEMS,2026-08-13
35.0,-75.83333,0.14147,0.06762,0.1568,64.5,CMEMS,2026-08-13
35.0,-75.75,0.13263,0.06553,0.1479,63.7,CMEMS,2026-08-13
35.0,-75.66666,0.1379,0.13289,0.1915,46.1,CMEMS,2026-08-13
35.0,-75.58333,0.18574,0.20842,0.2792,41.7,CMEMS,2026-08-13
35.0,-75.5,0.25317,0.25205,0.3572,45.1,CMEMS,2026-08-13
35.0,-75.41666,0.33477,0.35392,0.4872,43.4,CMEMS,2026-08-13
35.0,-75.33333,0.41696,0.52211,0.6682,38.6,CMEMS,2026-08-13
35.0,-75.25,0.52777,0.72309,0.8952,36.1,CMEMS,2026-08-13
35.08334,-76.58333,0.02979,0.00425,0.0301,81.9,CMEMS,2026-08-13
35.08334,-76.5,0.02921,0.01419,0.0325,64.1,CMEMS,2026-08-13
35.08334,-76.41666,0.01562,0.04136,0.0442,20.7,CMEMS,2026-08-13
35.08334,-76.33333,8e-05,0.07934,0.0793,0.1,CMEMS,2026-08-13
35.08334,-76.25,0.03547,0.10533,0.1111,18.6,CMEMS,2026-08-13
35.08334,-76.16666,0.07787,0.09512,0.1229,39.3,CMEMS,2026-08-13
35.08334,-76.08333,0.02927,0.11086,0.1147,14.8,CMEMS,2026-08-13
35.08334,-76.0,0.04807,0.11941,0.1287,21.9,CMEMS,2026-08-13
35.08334,-75.91666,0.10061,0.09826,0.1406,45.7,CMEMS,2026-08-13
35.08334,-75.83333,0.15358,0.08768,0.1768,60.3,CMEMS,2026-08-13
35.08334,-75.75,0.13219,0.07643,0.1527,60.0,CMEMS,2026-08-13
35.08334,-75.66666,0.13042,0.10242,0.1658,51.9,CMEMS,2026-08-13
35.08334,-75.58333,0.18018,0.14571,0.2317,51.0,CMEMS,2026-08-13
35.08334,-75.5,0.34529,0.20187,0.4,59.7,CMEMS,2026-08-13
35.08334,-75.41666,0.52637,0.33565,0.6243,57.5,CMEMS,2026-08-13
35.08334,-75.33333,0.62399,0.50161,0.8006,51.2,CMEMS,2026-08-13
35.08334,-75.25,0.67418,0.6782,0.9563,44.8,CMEMS,2026-08-13
35.16667,-76.58333,0.02992,0.01478,0.0334,63.7,CMEMS,2026-08-13
35.16667,-76.5,0.02943,0.02463,0.0384,50.1,CMEMS,2026-08-13
35.16667,-76.41666,0.03094,0.04733,0.0565,33.2,CMEMS,2026-08-13
35.16667,-76.33333,0.03216,0.06482,0.0724,26.4,CMEMS,2026-08-13
35.16667,-76.25,0.05111,0.0694,0.0862,36.4,CMEMS,2026-08-13
35.16667,-76.16666,0.06402,0.07526,0.0988,40.4,CMEMS,2026-08-13
35.16667,-76.08333,0.05449,0.09308,0.1079,30.3,CMEMS,2026-08-13
35.16667,-76.0,0.06457,0.10987,0.1274,30.4,CMEMS,2026-08-13
35.16667,-75.91666,0.07651,0.1173,0.1401,33.1,CMEMS,2026-08-13
35.16667,-75.83333,0.07208,0.13544,0.1534,28.0,CMEMS,2026-08-13
35.16667,-75.75,0.11682,0.12928,0.1742,42.1,CMEMS,2026-08-13
35.16667,-75.66666,0.16686,0.1427,0.2196,49.5,CMEMS,2026-08-13
35.16667,-75.58333,0.17572,0.15121,0.2318,49.3,CMEMS,2026-08-13
35.16667,-75.5,0.29434,0.16926,0.3395,60.1,CMEMS,2026-08-13
35.16667,-75.41666,0.25164,0.26155,0.3629,43.9,CMEMS,2026-08-13
35.16667,-75.33333,0.27778,0.39249,0.4808,35.3,CMEMS,2026-08-13
35.16667,-75.25,0.42897,0.57888,0.7205,36.5,CMEMS,2026-08-13
