lat,lon,sst
26.0,-81.97,30.946
26.0,-81.92,30.962
26.0,-81.87,30.971
26.0,-81.82,30.949
26.0,-81.77,30.9
26.0,-80.07,30.163
26.0,-80.02,30.134
26.0,-79.97,30.126
26.0,-79.92,30.124
26.0,-79.87,30.123
26.0,-79.82,30.117
26.0,-79.77,30.115
26.0,-79.72,30.124
26.0,-79.67,30.143
26.0,-79.62,30.168
26.0,-79.57,30.205
26.0,-79.52,30.25
26.0,-79.47,30.26
26.0,-79.42,30.253
26.0,-79.37,30.24
26.0,-79.32,30.224
26.0,-79.27,30.208
26.0,-79.22,30.195
26.0,-79.17,30.188
26.0,-79.12,30.19
26.0,-79.07,30.202
26.0,-79.02,30.219
26.0,-78.97,30.234
26.0,-78.92,30.241
26.0,-78.87,30.247
26.0,-78.82,30.268
26.0,-78.77,30.355
26.0,-78.72,30.534
26.0,-78.67,30.724
26.0,-78.62,30.836
26.0,-78.57,30.806
26.0,-78.52,30.768
26.0,-78.47,30.725
26.0,-78.42,30.705
26.0,-78.37,30.701
26.0,-78.32,30.684
26.0,-78.27,30.65
26.0,-78.22,30.596
26.0,-78.17,30.522
26.0,-78.12,30.436
26.0,-78.07,30.35
26.0,-78.02,30.287
26.0,-77.97,30.271
26.0,-77.92,30.303
26.0,-77.87,30.341
26.0,-77.82,30.371
26.0,-77.77,30.41
26.0,-77.72,30.471
26.0,-77.67,30.558
26.0,-77.62,30.655
26.0,-77.57,30.739
26.0,-77.52,30.8
26.0,-77.47,30.833
26.0,-77.42,30.818
26.0,-77.37,30.778
26.0,-77.17,30.658
26.0,-77.12,30.675
26.0,-77.07,30.722
26.0,-77.02,30.778
26.0,-76.97,30.816
26.0,-76.92,30.837
26.0,-76.87,30.853
26.0,-76.82,30.841
26.0,-76.77,30.806
26.0,-76.72,30.778
26.0,-76.67,30.774
26.0,-76.62,30.809
26.0,-76.57,30.867
26.0,-76.52,30.841
26.0,-76.47,30.757
26.0,-76.42,30.676
26.0,-76.37,30.604
26.0,-76.32,30.547
26.0,-76.27,30.506
26.0,-76.22,30.48
26.0,-76.17,30.463
26.05,-81.97,30.918
26.05,-81.92,30.927
26.05,-81.87,30.926
26.05,-81.82,30.905
26.05,-80.07,30.14
26.05,-80.02,30.139
26.05,-79.97,30.152
26.05,-79.92,30.165
26.05,-79.87,30.175
26.05,-79.82,30.18
26.05,-79.77,30.183
26.05,-79.72,30.186
26.05,-79.67,30.192
26.05,-79.62,30.201
26.05,-79.57,30.216
26.05,-79.52,30.226
26.05,-79.47,30.229
26.05,-79.42,30.221
26.05,-79.37,30.208
26.05,-79.32,30.192
26.05,-79.27,30.178
26.05,-79.22,30.165
26.05,-79.17,30.157
26.05,-79.12,30.154
26.05,-79.07,30.156
26.05,-79.02,30.163
26.05,-78.97,30.171
26.05,-78.92,30.181
26.05,-78.87,30.2
26.05,-78.82,30.247
26.05,-78.77,30.346
26.05,-78.72,30.503
26.05,-78.67,30.666
26.05,-78.62,30.776
26.05,-78.57,30.805
26.05,-78.52,30.79
26.05,-78.47,30.763
26.05,-78.42,30.764
26.05,-78.37,30.768
26.05,-78.32,30.754
26.05,-78.27,30.729
26.05,-78.22,30.681
26.05,-78.17,30.617
26.05,-78.12,30.553
26.05,-78.07,30.478
26.05,-78.02,30.366
26.05,-77.97,30.289
26.05,-77.92,30.268
26.05,-77.87,30.277
26.05,-77.82,30.305
26.05,-77.77,30.364
26.05,-77.72,30.451
26.05,-77.67,30.556
26.05,-77.62,30.665
26.05,-77.57,30.76
26.05,-77.52,30.825
26.05,-77.47,30.858
26.05,-77.42,30.85
26.05,-77.37,30.821
26.05,-77.17,30.67
26.05,-77.12,30.668
26.05,-77.07,30.732
26.05,-77.02,30.841
26.05,-76.97,30.874
26.05,-76.92,30.864
26.05,-76.87,30.857
26.05,-76.82,30.836
26.05,-76.77,30.781
26.05,-76.72,30.732
26.05,-76.67,30.72
26.05,-76.62,30.756
26.05,-76.57,30.802
26.05,-76.52,30.792
26.05,-76.47,30.731
26.05,-76.42,30.658
26.05,-76.37,30.59
26.05,-76.32,30.54
26.05,-76.27,30.513
26.05,-76.22,30.502
26.05,-76.17,30.497
26.1,-81.97,30.888
26.1,-81.92,30.889
26.1,-81.87,30.88
26.1,-81.82,30.862
26.1,-80.07,30.131
26.1,-80.02,30.154
26.1,-79.97,30.186
26.1,-79.92,30.208
26.1,-79.87,30.224
26.1,-79.82,30.236
26.1,-79.77,30.24
26.1,-79.72,30.239
26.1,-79.67,30.237
26.1,-79.62,30.235
26.1,-79.57,30.234
26.1,-79.52,30.229
26.1,-79.47,30.214
26.1,-79.42,30.198
26.1,-79.37,30.181
26.1,-79.32,30.164
26.1,-79.27,30.148
26.1,-79.22,30.135
26.1,-79.17,30.126
26.1,-79.12,30.121
26.1,-79.07,30.12
26.1,-79.02,30.126
26.1,-78.97,30.14
26.1,-78.92,30.164
26.1,-78.87,30.206
26.1,-78.82,30.273
26.1,-78.77,30.378
26.1,-78.72,30.518
26.1,-78.67,30.649
26.1,-78.62,30.739
26.1,-78.57,30.789
26.1,-78.52,30.81
26.1,-78.47,30.826
26.1,-78.42,30.847
26.1,-78.37,30.843
26.1,-78.32,30.819
26.1,-78.27,30.8
26.1,-78.22,30.765
26.1,-78.17,30.727
26.1,-78.12,30.695
26.1,-78.07,30.641
26.1,-78.02,30.513
26.1,-77.97,30.398
26.1,-77.92,30.329
26.1,-77.87,30.297
26.1,-77.82,30.304
26.1,-77.77,30.363
26.1,-77.72,30.461
26.1,-77.67,30.574
26.1,-77.62,30.686
26.1,-77.57,30.782
26.1,-77.52,30.849
26.1,-77.47,30.88
26.1,-77.42,30.881
26.1,-77.37,30.859
26.1,-77.32,30.822
26.1,-77.17,30.679
26.1,-77.12,30.625
26.1,-77.07,30.705
26.1,-77.02,30.829
26.1,-76.97,30.869
26.1,-76.92,30.849
26.1,-76.87,30.809
26.1,-76.82,30.776
26.1,-76.77,30.702
26.1,-76.72,30.625
26.1,-76.67,30.595
26.1,-76.62,30.628
26.1,-76.57,30.672
26.1,-76.52,30.685
26.1,-76.47,30.656
26.1,-76.42,30.599
26.1,-76.37,30.54
26.1,-76.32,30.499
26.1,-76.27,30.491
26.1,-76.22,30.503
26.1,-76.17,30.513
26.15,-81.97,30.86
26.15,-81.92,30.855
26.15,-81.87,30.843
26.15,-81.82,30.825
26.15,-80.07,30.12
26.15,-80.02,30.175
26.15,-79.97,30.219
26.15,-79.92,30.244
26.15,-79.87,30.262
26.15,-79.82,30.277
26.15,-79.77,30.284
26.15,-79.72,30.281
26.15,-79.67,30.274
26.15,-79.62,30.263
26.15,-79.57,30.247
26.15,-79.52,30.227
26.15,-79.47,30.203
26.15,-79.42,30.179
26.15,-79.37,30.157
26.15,-79.32,30.137
26.15,-79.27,30.121
26.15,-79.22,30.107
26.15,-79.17,30.098
26.15,-79.12,30.093
26.15,-79.07,30.096
26.15,-79.02,30.108
26.15,-78.97,30.133
26.15,-78.92,30.175
26.15,-78.87,30.238
26.15,-78.82,30.324
26.15,-78.77,30.433
26.15,-78.72,30.568
26.15,-78.67,30.667
26.15,-78.62,30.724
26.15,-78.57,30.772
26.15,-78.52,30.812
26.15,-78.47,30.85
26.15,-78.42,30.879
26.15,-78.37,30.866
26.15,-78.32,30.829
26.15,-78.27,30.798
26.15,-78.22,30.792
26.15,-78.17,30.787
26.15,-78.12,30.776
26.15,-78.07,30.743
26.15,-78.02,30.663
26.15,-77.97,30.562
26.15,-77.92,30.457
26.15,-77.87,30.382
26.15,-77.82,30.371
26.15,-77.77,30.422
26.15,-77.72,30.515
26.15,-77.67,30.622
26.15,-77.62,30.728
26.15,-77.57,30.819
26.15,-77.52,30.884
26.15,-77.47,30.916
26.15,-77.42,30.919
26.15,-77.37,30.9
26.15,-77.32,30.864
26.15,-77.27,30.819
26.15,-77.17,30.721
26.15,-77.12,30.692
26.15,-77.07,30.731
26.15,-77.02,30.803
26.15,-76.97,30.844
26.15,-76.92,30.849
26.15,-76.87,30.827
26.15,-76.82,30.758
26.15,-76.77,30.626
26.15,-76.72,30.476
26.15,-76.67,30.438
26.15,-76.62,30.499
26.15,-76.57,30.563
26.15,-76.52,30.591
26.15,-76.47,30.576
26.15,-76.42,30.531
26.15,-76.37,30.479
26.15,-76.32,30.447
26.15,-76.27,30.452
26.15,-76.22,30.482
26.15,-76.17,30.515
26.2,-81.97,30.834
26.2,-81.92,30.825
26.2,-81.87,30.812
26.2,-80.07,30.213
26.2,-80.02,30.227
26.2,-79.97,30.251
26.2,-79.92,30.263
26.2,-79.87,30.276
26.2,-79.82,30.291
26.2,-79.77,30.303
26.2,-79.72,30.306
26.2,-79.67,30.301
26.2,-79.62,30.285
26.2,-79.57,30.259
26.2,-79.52,30.223
26.2,-79.47,30.188
26.2,-79.42,30.159
26.2,-79.37,30.135
26.2,-79.32,30.114
26.2,-79.27,30.097
26.2,-79.22,30.083
26.2,-79.17,30.075
26.2,-79.12,30.074
26.2,-79.07,30.083
26.2,-79.02,30.106
26.2,-78.97,30.143
26.2,-78.92,30.201
26.2,-78.87,30.279
26.2,-78.82,30.372
26.2,-78.77,30.476
26.2,-78.72,30.579
26.2,-78.67,30.658
26.2,-78.62,30.711
26.2,-78.57,30.756
26.2,-78.52,30.8
26.2,-78.47,30.84
26.2,-78.42,30.867
26.2,-78.37,30.856
26.2,-78.32,30.805
26.2,-78.27,30.766
26.2,-78.22,30.769
26.2,-78.17,30.791
26.2,-78.12,30.806
26.2,-78.07,30.799
26.2,-78.02,30.775
26.2,-77.97,30.712
26.2,-77.92,30.61
26.2,-77.87,30.527
26.2,-77.82,30.499
26.2,-77.77,30.532
26.2,-77.72,30.609
26.2,-77.67,30.703
26.2,-77.62,30.797
26.2,-77.57,30.879
26.2,-77.52,30.937
26.2,-77.47,30.965
26.2,-77.42,30.966
26.2,-77.37,30.945
26.2,-77.32,30.909
26.2,-77.27,30.863
26.2,-77.17,30.777
26.2,-77.12,30.759
26.2,-77.07,30.768
26.2,-77.02,30.798
26.2,-76.97,30.835
26.2,-76.92,30.858
26.2,-76.87,30.846
26.2,-76.82,30.787
26.2,-76.77,30.61
26.2,-76.72,30.408
26.2,-76.67,30.364
26.2,-76.62,30.446
26.2,-76.57,30.519
26.2,-76.52,30.544
26.2,-76.47,30.528
26.2,-76.42,30.489
26.2,-76.37,30.448
26.2,-76.32,30.427
26.2,-76.27,30.441
26.2,-76.22,30.48
26.2,-76.17,30.528
26.25,-81.97,30.81
26.25,-81.92,30.798
26.25,-81.87,30.783
26.25,-80.07,30.246
26.25,-80.02,30.269
26.25,-79.97,30.263
26.25,-79.92,30.252
26.25,-79.87,30.258
26.25,-79.82,30.276
26.25,-79.77,30.295
26.25,-79.72,30.31
26.25,-79.67,30.316
26.25,-79.62,30.308
26.25,-79.57,30.273
26.25,-79.52,30.215
26.25,-79.47,30.164
26.25,-79.42,30.135
26.25,-79.37,30.114
26.25,-79.32,30.095
26.25,-79.27,30.078
26.25,-79.22,30.065
26.25,-79.17,30.06
26.25,-79.12,30.064
26.25,-79.07,30.083
26.25,-79.02,30.117
26.25,-78.97,30.168
26.25,-78.92,30.235
26.25,-78.87,30.315
26.25,-78.82,30.404
26.25,-78.77,30.495
26.25,-78.72,30.578
26.25,-78.67,30.646
26.25,-78.62,30.7
26.25,-78.57,30.744
26.25,-78.52,30.782
26.25,-78.47,30.811
26.25,-78.42,30.839
26.25,-78.37,30.846
26.25,-78.32,30.821
26.25,-78.27,30.781
26.25,-78.22,30.772
26.25,-78.17,30.784
26.25,-78.12,30.798
26.25,-78.07,30.797
26.25,-78.02,30.788
26.25,-77.97,30.781
26.25,-77.92,30.768
26.25,-77.87,30.715
26.25,-77.82,30.657
26.25,-77.77,30.668
26.25,-77.72,30.731
26.25,-77.67,30.811
26.25,-77.62,30.891
26.25,-77.57,30.959
26.25,-77.52,31.005
26.25,-77.47,31.024
26.25,-77.42,31.018
26.25,-77.37,30.993
26.25,-77.32,30.953
26.25,-77.27,30.904
26.25,-77.12,30.797
26.25,-77.07,30.787
26.25,-77.02,30.788
26.25,-76.97,30.832
26.25,-76.92,30.875
26.25,-76.87,30.852
26.25,-76.82,30.789
26.25,-76.77,30.7
26.25,-76.72,30.516
26.25,-76.67,30.458
26.25,-76.62,30.514
26.25,-76.57,30.559
26.25,-76.52,30.556
26.25,-76.47,30.526
26.25,-76.42,30.494
26.25,-76.37,30.47
26.25,-76.32,30.464
26.25,-76.27,30.485
26.25,-76.22,30.522
26.25,-76.17,30.56
26.3,-81.97,30.789
26.3,-81.92,30.773
26.3,-81.87,30.756
26.3,-80.07,30.193
26.3,-80.02,30.22
26.3,-79.97,30.208
26.3,-79.92,30.201
26.3,-79.87,30.217
26.3,-79.82,30.244
26.3,-79.77,30.272
26.3,-79.72,30.299
26.3,-79.67,30.319
26.3,-79.62,30.33
26.3,-79.57,30.288
26.3,-79.52,30.206
26.3,-79.47,30.143
26.3,-79.42,30.115
26.3,-79.37,30.099
26.3,-79.32,30.083
26.3,-79.27,30.066
26.3,-79.22,30.054
26.3,-79.17,30.051
26.3,-79.12,30.063
26.3,-79.07,30.095
26.3,-79.02,30.144
26.3,-78.97,30.207
26.3,-78.92,30.277
26.3,-78.87,30.353
26.3,-78.82,30.432
26.3,-78.77,30.51
26.3,-78.72,30.581
26.3,-78.67,30.644
26.3,-78.62,30.697
26.3,-78.57,30.738
26.3,-78.52,30.766
26.3,-78.47,30.785
26.3,-78.42,30.809
26.3,-78.37,30.836
26.3,-78.32,30.831
26.3,-78.27,30.806
26.3,-78.22,30.786
26.3,-78.17,30.784
26.3,-78.12,30.784
26.3,-78.07,30.787
26.3,-78.02,30.78
26.3,-77.97,30.813
26.3,-77.92,30.867
26.3,-77.87,30.84
26.3,-77.82,30.779
26.3,-77.77,30.799
26.3,-77.72,30.861
26.3,-77.67,30.931
26.3,-77.62,30.998
26.3,-77.52,31.082
26.3,-77.47,31.087
26.3,-77.42,31.071
26.3,-77.37,31.038
26.3,-77.32,30.992
26.3,-77.27,30.939
26.3,-77.07,30.794
26.3,-77.02,30.78
26.3,-76.97,30.81
26.3,-76.92,30.84
26.3,-76.87,30.809
26.3,-76.82,30.763
26.3,-76.77,30.71
26.3,-76.72,30.639
26.3,-76.67,30.605
26.3,-76.62,30.63
26.3,-76.57,30.632
26.3,-76.52,30.577
26.3,-76.47,30.538
26.3,-76.42,30.531
26.3,-76.37,30.531
26.3,-76.32,30.537
26.3,-76.27,30.563
26.3,-76.22,30.578
26.3,-76.17,30.58
26.35,-81.97,30.768
26.35,-81.92,30.75
26.35,-81.87,30.73
26.35,-80.02,30.046
26.35,-79.97,30.073
26.35,-79.92,30.125
26.35,-79.87,30.165
26.35,-79.82,30.201
26.35,-79.77,30.24
26.35,-79.72,30.276
26.35,-79.67,30.302
26.35,-79.62,30.312
26.35,-79.57,30.267
26.35,-79.52,30.189
26.35,-79.47,30.131
26.35,-79.42,30.105
26.35,-79.37,30.092
26.35,-79.32,30.079
26.35,-79.27,30.064
26.35,-79.22,30.051
26.35,-79.17,30.046
26.35,-79.12,30.061
26.35,-79.07,30.108
26.35,-79.02,30.177
26.35,-78.97,30.253
26.35,-78.92,30.327
26.35,-78.87,30.398
26.35,-78.82,30.467
26.35,-78.77,30.534
26.35,-78.72,30.6
26.35,-78.67,30.659
26.35,-78.62,30.707
26.35,-78.57,30.739
26.35,-78.52,30.755
26.35,-78.47,30.763
26.35,-78.42,30.763
26.35,-78.37,30.779
26.35,-78.32,30.796
26.35,-78.27,30.799
26.35,-78.22,30.793
26.35,-78.17,30.787
26.35,-78.12,30.784
26.35,-78.07,30.756
26.35,-78.02,30.751
26.35,-77.97,30.798
26.35,-77.92,30.846
26.35,-77.87,30.861
26.35,-77.82,30.869
26.35,-77.77,30.919
26.35,-77.72,30.985
26.35,-77.67,31.05
26.35,-77.62,31.105
26.35,-77.57,31.144
26.35,-77.52,31.16
26.35,-77.47,31.15
26.35,-77.42,31.121
26.35,-77.37,31.076
26.35,-77.32,31.021
26.35,-77.27,30.962
26.35,-77.02,30.775
26.35,-76.97,30.77
26.35,-76.92,30.761
26.35,-76.87,30.738
26.35,-76.82,30.711
26.35,-76.77,30.689
26.35,-76.72,30.677
26.35,-76.67,30.676
26.35,-76.62,30.677
26.35,-76.57,30.618
26.35,-76.52,30.523
26.35,-76.47,30.551
26.35,-76.42,30.591
26.35,-76.37,30.603
26.35,-76.32,30.6
26.35,-76.27,30.615
26.35,-76.22,30.596
26.35,-76.17,30.569
26.4,-81.97,30.748
26.4,-81.92,30.728
26.4,-81.87,30.706
26.4,-80.02,29.796
26.4,-79.97,29.918
26.4,-79.92,30.043
26.4,-79.87,30.112
26.4,-79.82,30.153
26.4,-79.77,30.206
26.4,-79.72,30.247
26.4,-79.67,30.269
26.4,-79.62,30.259
26.4,-79.57,30.212
26.4,-79.52,30.158
26.4,-79.47,30.113
26.4,-79.42,30.097
26.4,-79.37,30.095
26.4,-79.32,30.088
26.4,-79.27,30.074
26.4,-79.22,30.055
26.4,-79.17,30.041
26.4,-79.12,30.049
26.4,-79.07,30.098
26.4,-79.02,30.186
26.4,-78.97,30.292
26.4,-78.92,30.382
26.4,-78.87,30.45
26.4,-78.82,30.512
26.4,-78.77,30.573
26.4,-78.72,30.633
26.4,-78.67,30.686
26.4,-78.62,30.728
26.4,-78.57,30.754
26.4,-78.52,30.763
26.4,-78.47,30.757
26.4,-78.42,30.727
26.4,-78.37,30.73
26.4,-78.32,30.756
26.4,-78.27,30.78
26.4,-78.22,30.787
26.4,-78.17,30.768
26.4,-78.12,30.735
26.4,-78.07,30.71
26.4,-78.02,30.688
26.4,-77.97,30.722
26.4,-77.92,30.755
26.4,-77.87,30.82
26.4,-77.82,30.934
26.4,-77.77,31.019
26.4,-77.72,31.093
26.4,-77.67,31.156
26.4,-77.62,31.204
26.4,-77.57,31.231
26.4,-77.52,31.232
26.4,-77.47,31.206
26.4,-77.42,31.161
26.4,-77.37,31.103
26.4,-77.32,31.039
26.4,-77.27,30.972
26.4,-77.02,30.742
26.4,-76.97,30.716
26.4,-76.92,30.693
26.4,-76.87,30.675
26.4,-76.82,30.669
26.4,-76.77,30.66
26.4,-76.72,30.664
26.4,-76.67,30.685
26.4,-76.62,30.697
26.4,-76.57,30.655
26.4,-76.52,30.587
26.4,-76.47,30.624
26.4,-76.42,30.642
26.4,-76.37,30.637
26.4,-76.32,30.617
26.4,-76.27,30.597
26.4,-76.22,30.57
26.4,-76.17,30.543
26.45,-81.97,30.729
26.45,-81.87,30.682
26.45,-80.02,29.579
26.45,-79.97,29.727
26.45,-79.92,29.907
26.45,-79.87,30.035
26.45,-79.82,30.112
26.45,-79.77,30.174
26.45,-79.72,30.218
26.45,-79.67,30.236
26.45,-79.62,30.224
26.45,-79.57,30.184
26.45,-79.52,30.149
26.45,-79.47,30.102
26.45,-79.42,30.103
26.45,-79.37,30.113
26.45,-79.32,30.112
26.45,-79.27,30.096
26.45,-79.22,30.07
26.45,-79.17,30.045
26.45,-79.12,30.042
26.45,-79.07,30.085
26.45,-79.02,30.184
26.45,-78.97,30.321
26.45,-78.92,30.433
26.45,-78.87,30.506
26.45,-78.82,30.567
26.45,-78.77,30.625
26.45,-78.72,30.678
26.45,-78.67,30.723
26.45,-78.62,30.759
26.45,-78.57,30.783
26.45,-78.52,30.793
26.45,-78.47,30.782
26.45,-78.42,30.753
26.45,-78.37,30.749
26.45,-78.32,30.774
26.45,-78.27,30.796
26.45,-78.22,30.803
26.45,-78.17,30.777
26.45,-78.12,30.75
26.45,-78.07,30.742
26.45,-78.02,30.73
26.45,-77.97,30.734
26.45,-77.92,30.707
26.45,-77.87,30.808
26.45,-77.82,30.987
26.45,-77.77,31.096
26.45,-77.72,31.179
26.45,-77.67,31.244
26.45,-77.62,31.288
26.45,-77.57,31.305
26.45,-77.52,31.291
26.45,-77.47,31.249
26.45,-77.42,31.187
26.45,-77.37,31.116
26.45,-77.32,31.041
26.45,-77.27,30.966
26.45,-77.22,30.896
26.45,-77.02,30.695
26.45,-76.97,30.658
26.45,-76.92,30.633
26.45,-76.87,30.628
26.45,-76.82,30.631
26.45,-76.77,30.624
26.45,-76.72,30.622
26.45,-76.67,30.665
26.45,-76.62,30.7
26.45,-76.57,30.717
26.45,-76.52,30.696
26.45,-76.47,30.685
26.45,-76.42,30.679
26.45,-76.37,30.656
26.45,-76.32,30.619
26.45,-76.27,30.58
26.45,-76.22,30.554
26.45,-76.17,30.537
26.5,-80.02,29.582
26.5,-79.97,29.686
26.5,-79.92,29.853
26.5,-79.87,29.982
26.5,-79.82,30.075
26.5,-79.77,30.145
26.5,-79.72,30.193
26.5,-79.67,30.214
26.5,-79.62,30.211
26.5,-79.57,30.188
26.5,-79.52,30.155
26.5,-79.47,30.133
26.5,-79.42,30.141
26.5,-79.37,30.153
26.5,-79.32,30.15
26.5,-79.27,30.131
26.5,-79.22,30.101
26.5,-79.17,30.075
26.5,-79.12,30.072
26.5,-79.07,30.116
26.5,-79.02,30.218
26.5,-78.97,30.363
26.5,-78.92,30.488
26.5,-78.87,30.569
26.5,-78.82,30.631
26.5,-78.77,30.685
26.5,-78.62,30.797
26.5,-78.57,30.815
26.5,-78.52,30.824
26.5,-78.47,30.815
26.5,-78.42,30.799
26.5,-78.37,30.79
26.5,-78.32,30.801
26.5,-78.27,30.837
26.5,-78.22,30.848
26.5,-78.17,30.821
26.5,-78.12,30.798
26.5,-78.07,30.826
26.5,-78.02,30.835
26.5,-77.97,30.832
26.5,-77.92,30.851
26.5,-77.87,30.94
26.5,-77.82,31.055
26.5,-77.77,31.156
26.5,-77.72,31.242
26.5,-77.67,31.312
26.5,-77.62,31.353
26.5,-77.57,31.357
26.5,-77.52,31.326
26.5,-77.47,31.268
26.5,-77.42,31.193
26.5,-77.37,31.109
26.5,-77.32,31.025
26.5,-77.27,30.944
26.5,-77.22,30.868
26.5,-77.02,30.646
26.5,-76.97,30.605
26.5,-76.92,30.57
26.5,-76.87,30.596
26.5,-76.82,30.616
26.5,-76.77,30.612
26.5,-76.72,30.62
26.5,-76.67,30.649
26.5,-76.62,30.685
26.5,-76.57,30.71
26.5,-76.52,30.714
26.5,-76.47,30.71
26.5,-76.42,30.702
26.5,-76.37,30.676
26.5,-76.32,30.626
26.5,-76.27,30.565
26.5,-76.22,30.522
26.5,-76.17,30.505
26.55,-80.02,29.679
26.55,-79.97,29.746
26.55,-79.92,29.856
26.55,-79.87,29.967
26.55,-79.82,30.055
26.55,-79.77,30.125
26.55,-79.72,30.177
26.55,-79.67,30.206
26.55,-79.62,30.209
26.55,-79.57,30.188
26.55,-79.52,30.146
26.55,-79.47,30.158
26.55,-79.42,30.193
26.55,-79.37,30.205
26.55,-79.32,30.201
26.55,-79.27,30.179
26.55,-79.22,30.157
26.55,-79.17,30.142
26.55,-79.12,30.152
26.55,-79.07,30.204
26.55,-79.02,30.302
26.55,-78.97,30.433
26.55,-78.92,30.553
26.55,-78.87,30.637
26.55,-78.52,30.853
26.55,-78.47,30.843
26.55,-78.42,30.826
26.55,-78.37,30.828
26.55,-78.32,30.856
26.55,-78.27,30.882
26.55,-78.22,30.898
26.55,-78.17,30.883
26.55,-78.12,30.873
26.55,-78.07,30.883
26.55,-78.02,30.891
26.55,-77.97,30.912
26.55,-77.92,30.958
26.55,-77.87,31.024
26.55,-77.82,31.103
26.55,-77.77,31.192
26.55,-77.72,31.275
26.55,-77.67,31.343
26.55,-77.62,31.378
26.55,-77.57,31.369
26.55,-77.52,31.325
26.55,-77.47,31.256
26.55,-77.42,31.171
26.55,-77.37,31.08
26.55,-77.32,30.99
26.55,-77.27,30.905
26.55,-77.22,30.826
26.55,-77.17,30.755
26.55,-77.07,30.643
26.55,-77.02,30.602
26.55,-76.97,30.572
26.55,-76.92,30.565
26.55,-76.87,30.605
26.55,-76.82,30.614
26.55,-76.77,30.609
26.55,-76.72,30.618
26.55,-76.67,30.637
26.55,-76.62,30.662
26.55,-76.57,30.683
26.55,-76.52,30.692
26.55,-76.47,30.687
26.55,-76.42,30.67
26.55,-76.37,30.622
26.55,-76.32,30.538
26.55,-76.27,30.498
26.55,-76.22,30.442
26.55,-76.17,30.431
26.6,-81.92,30.642
26.6,-80.02,29.752
26.6,-79.97,29.807
26.6,-79.92,29.887
26.6,-79.87,29.981
26.6,-79.82,30.071
26.6,-79.77,30.134
26.6,-79.72,30.158
26.6,-79.67,30.172
26.6,-79.62,30.17
26.6,-79.57,30.14
26.6,-79.52,30.101
26.6,-79.47,30.144
26.6,-79.42,30.209
26.6,-79.37,30.227
26.6,-79.32,30.238
26.6,-79.27,30.238
26.6,-79.22,30.238
26.6,-79.17,30.246
26.6,-79.12,30.278
26.6,-79.07,30.342
26.6,-79.02,30.434
26.6,-78.97,30.537
26.6,-78.92,30.632
26.6,-78.82,30.766
26.6,-78.77,30.811
26.6,-78.72,30.846
26.6,-78.67,30.871
26.6,-78.37,30.873
26.6,-78.32,30.894
26.6,-78.27,30.913
26.6,-78.22,30.933
26.6,-78.17,30.928
26.6,-78.12,30.921
26.6,-78.07,30.923
26.6,-78.02,30.908
26.6,-77.97,30.945
26.6,-77.92,31.003
26.6,-77.82,31.125
26.6,-77.77,31.199
26.6,-77.72,31.269
26.6,-77.67,31.324
26.6,-77.62,31.347
26.6,-77.57,31.329
26.6,-77.52,31.278
26.6,-77.47,31.204
26.6,-77.42,31.116
26.6,-77.37,31.023
26.6,-77.17,30.7
26.6,-77.12,30.641
26.6,-77.07,30.596
26.6,-77.02,30.564
26.6,-76.97,30.549
26.6,-76.92,30.555
26.6,-76.87,30.575
26.6,-76.82,30.593
26.6,-76.77,30.604
26.6,-76.72,30.614
26.6,-76.67,30.626
26.6,-76.62,30.638
26.6,-76.57,30.644
26.6,-76.52,30.639
26.6,-76.47,30.619
26.6,-76.42,30.579
26.6,-76.37,30.515
26.6,-76.32,30.441
26.6,-76.27,30.403
26.6,-76.22,30.344
26.6,-76.17,30.367
26.65,-80.02,29.809
26.65,-79.97,29.86
26.65,-79.92,29.918
26.65,-79.87,29.982
26.65,-79.82,30.055
26.65,-79.77,30.103
26.65,-79.72,30.109
26.65,-79.67,30.122
26.65,-79.62,30.136
26.65,-79.57,30.132
26.65,-79.52,30.13
26.65,-79.47,30.178
26.65,-79.42,30.224
26.65,-79.37,30.255
26.65,-79.32,30.28
26.65,-79.27,30.305
26.65,-79.22,30.332
26.65,-79.17,30.369
26.65,-79.12,30.423
26.65,-79.07,30.496
26.65,-79.02,30.58
26.65,-78.97,30.659
26.65,-78.87,30.789
26.65,-78.82,30.838
26.65,-78.77,30.877
26.65,-78.72,30.906
26.65,-78.67,30.926
26.65,-78.62,30.937
26.65,-78.07,30.953
26.65,-78.02,30.954
26.65,-77.97,30.978
26.65,-77.87,31.063
26.65,-77.82,31.118
26.65,-77.77,31.174
26.65,-77.72,31.224
26.65,-77.67,31.258
26.65,-77.62,31.267
26.65,-77.57,31.242
26.65,-77.52,31.187
26.65,-77.47,31.113
26.65,-77.42,31.029
26.65,-77.37,30.94
26.65,-77.27,30.77
26.65,-77.22,30.696
26.65,-77.17,30.632
26.65,-77.12,30.58
26.65,-77.07,30.543
26.65,-77.02,30.521
26.65,-76.97,30.518
26.65,-76.92,30.53
26.65,-76.87,30.551
26.65,-76.82,30.575
26.65,-76.77,30.595
26.65,-76.72,30.608
26.65,-76.67,30.613
26.65,-76.62,30.609
26.65,-76.57,30.593
26.65,-76.52,30.567
26.65,-76.47,30.538
26.65,-76.42,30.504
26.65,-76.37,30.459
26.65,-76.32,30.394
26.65,-76.27,30.352
26.65,-76.22,30.306
26.65,-76.17,30.367
26.7,-80.02,29.842
26.7,-79.97,29.895
26.7,-79.92,29.936
26.7,-79.87,29.94
26.7,-79.82,29.962
26.7,-79.77,29.992
26.7,-79.72,30.012
26.7,-79.67,30.055
26.7,-79.62,30.108
26.7,-79.57,30.158
26.7,-79.52,30.186
26.7,-79.47,30.215
26.7,-79.42,30.249
26.7,-79.37,30.291
26.7,-79.32,30.333
26.7,-79.27,30.375
26.7,-79.22,30.427
26.7,-79.17,30.491
26.7,-79.12,30.563
26.7,-79.07,30.64
26.7,-79.02,30.714
26.7,-78.97,30.778
26.7,-78.92,30.832
26.7,-78.87,30.879
26.7,-78.82,30.918
26.7,-78.77,30.949
26.7,-78.72,30.971
26.7,-78.67,30.986
26.7,-78.62,30.993
26.7,-78.37,30.949
26.7,-78.32,30.944
26.7,-77.87,31.044
26.7,-77.82,31.081
26.7,-77.77,31.116
26.7,-77.72,31.143
26.7,-77.67,31.155
26.7,-77.62,31.147
26.7,-77.57,31.115
26.7,-77.52,31.059
26.7,-77.47,30.989
26.7,-77.27,30.672
26.7,-77.22,30.605
26.7,-77.17,30.549
26.7,-77.12,30.507
26.7,-77.07,30.479
26.7,-77.02,30.467
26.7,-76.97,30.472
26.7,-76.92,30.49
26.7,-76.87,30.52
26.7,-76.82,30.552
26.7,-76.77,30.58
26.7,-76.72,30.595
26.7,-76.67,30.594
26.7,-76.62,30.576
26.7,-76.57,30.539
26.7,-76.52,30.49
26.7,-76.47,30.472
26.7,-76.42,30.482
26.7,-76.37,30.487
26.7,-76.32,30.48
26.7,-76.27,30.493
26.7,-76.22,30.44
26.7,-76.17,30.471
26.75,-80.02,29.835
26.75,-79.97,29.873
26.75,-79.92,29.888
26.75,-79.87,29.868
26.75,-79.82,29.855
26.75,-79.77,29.873
26.75,-79.72,29.922
26.75,-79.67,29.995
26.75,-79.62,30.066
26.75,-79.57,30.111
26.75,-79.52,30.144
26.75,-79.47,30.187
26.75,-79.42,30.246
26.75,-79.37,30.309
26.75,-79.32,30.367
26.75,-79.27,30.433
26.75,-79.22,30.511
26.75,-79.17,30.597
26.75,-79.12,30.683
26.75,-79.07,30.761
26.75,-79.02,30.829
26.75,-78.97,30.887
26.75,-78.92,30.935
26.75,-78.87,30.974
26.75,-78.82,31.004
26.75,-78.77,31.027
26.75,-78.72,31.043
26.75,-78.67,31.052
26.75,-78.62,31.052
26.75,-78.52,31.03
26.75,-78.47,31.011
26.75,-78.42,30.992
26.75,-78.37,30.975
26.75,-78.32,30.96
26.75,-78.27,30.949
26.75,-78.22,30.941
26.75,-78.17,30.937
26.75,-78.12,30.937
26.75,-78.07,30.941
26.75,-78.02,30.95
26.75,-77.97,30.962
26.75,-77.87,30.997
26.75,-77.82,31.014
26.75,-77.77,31.028
26.75,-77.72,31.032
26.75,-77.67,31.024
26.75,-77.62,31.001
26.75,-77.57,30.961
26.75,-77.52,30.906
26.75,-77.47,30.838
26.75,-77.37,30.69
26.75,-77.32,30.618
26.75,-77.27,30.552
26.75,-77.22,30.494
26.75,-77.17,30.449
26.75,-77.12,30.418
26.75,-77.07,30.401
26.75,-77.02,30.398
26.75,-76.97,30.41
26.75,-76.92,30.435
26.75,-76.87,30.472
26.75,-76.82,30.515
26.75,-76.77,30.551
26.75,-76.72,30.568
26.75,-76.67,30.566
26.75,-76.62,30.543
26.75,-76.57,30.502
26.75,-76.52,30.457
26.75,-76.47,30.444
26.75,-76.42,30.475
26.75,-76.37,30.527
26.75,-76.32,30.586
26.75,-76.27,30.595
26.75,-76.22,30.552
26.75,-76.17,30.544
26.8,-80.02,29.793
26.8,-79.97,29.813
26.8,-79.92,29.816
26.8,-79.87,29.803
26.8,-79.82,29.797
26.8,-79.77,29.825
26.8,-79.72,29.888
26.8,-79.67,29.959
26.8,-79.62,30.013
26.8,-79.57,30.049
26.8,-79.52,30.07
26.8,-79.47,30.098
26.8,-79.42,30.179
26.8,-79.37,30.281
26.8,-79.32,30.376
26.8,-79.27,30.475
26.8,-79.22,30.579
26.8,-79.17,30.682
26.8,-79.12,30.776
26.8,-79.07,30.858
26.8,-79.02,30.927
26.8,-78.97,30.985
26.8,-78.92,31.032
26.8,-78.87,31.068
26.8,-78.82,31.094
26.8,-78.77,31.11
26.8,-78.72,31.119
26.8,-78.67,31.119
26.8,-78.62,31.112
26.8,-78.57,31.096
26.8,-78.52,31.074
26.8,-78.47,31.048
26.8,-78.42,31.02
26.8,-78.37,30.994
26.8,-78.32,30.97
26.8,-78.27,30.95
26.8,-78.22,30.935
26.8,-78.17,30.925
26.8,-78.12,30.919
26.8,-78.07,30.917
26.8,-78.02,30.917
26.8,-77.97,30.919
26.8,-77.92,30.922
26.8,-77.87,30.923
26.8,-77.82,30.922
26.8,-77.77,30.914
26.8,-77.72,30.899
26.8,-77.67,30.873
26.8,-77.62,30.836
26.8,-77.57,30.787
26.8,-77.52,30.729
26.8,-77.42,30.595
26.8,-77.37,30.528
26.8,-77.32,30.467
26.8,-77.27,30.414
26.8,-77.22,30.369
26.8,-77.17,30.337
26.8,-77.12,30.317
26.8,-77.07,30.31
26.8,-77.02,30.316
26.8,-76.97,30.334
26.8,-76.92,30.365
26.8,-76.87,30.407
26.8,-76.82,30.458
26.8,-76.77,30.502
26.8,-76.72,30.52
26.8,-76.67,30.521
26.8,-76.62,30.505
26.8,-76.57,30.474
26.8,-76.52,30.442
26.8,-76.47,30.433
26.8,-76.42,30.462
26.8,-76.37,30.527
26.8,-76.32,30.592
26.8,-76.27,30.558
26.8,-76.22,30.515
26.8,-76.17,30.546
26.85,-80.02,29.738
26.85,-79.97,29.752
26.85,-79.92,29.759
26.85,-79.87,29.768
26.85,-79.82,29.786
26.85,-79.77,29.824
26.85,-79.72,29.887
26.85,-79.67,29.918
26.85,-79.62,29.927
26.85,-79.57,29.959
26.85,-79.52,29.962
26.85,-79.47,29.977
26.85,-79.42,30.081
26.85,-79.37,30.224
26.85,-79.32,30.371
26.85,-79.27,30.51
26.85,-79.22,30.634
26.85,-79.17,30.749
26.85,-79.12,30.849
26.85,-79.07,30.935
26.85,-79.02,31.01
26.85,-78.97,31.073
26.85,-78.92,31.123
26.85,-78.87,31.159
26.85,-78.82,31.181
26.85,-78.77,31.192
26.85,-78.72,31.193
26.85,-78.67,31.185
26.85,-78.62,31.168
26.85,-78.57,31.143
26.85,-78.52,31.113
26.85,-78.47,31.078
26.85,-78.42,31.042
26.85,-78.37,31.007
26.85,-78.32,30.974
26.85,-78.27,30.945
26.85,-78.22,30.923
26.85,-78.17,30.906
26.85,-78.12,30.893
26.85,-78.07,30.882
26.85,-78.02,30.872
26.85,-77.97,30.861
26.85,-77.92,30.848
26.85,-77.87,30.832
26.85,-77.82,30.812
26.85,-77.77,30.786
26.85,-77.72,30.752
26.85,-77.67,30.709
26.85,-77.62,30.657
26.85,-77.57,30.599
26.85,-77.52,30.535
26.85,-77.47,30.47
26.85,-77.42,30.407
26.85,-77.37,30.35
26.85,-77.32,30.302
26.85,-77.27,30.265
26.85,-77.22,30.239
26.85,-77.17,30.222
26.85,-77.12,30.215
26.85,-77.07,30.216
26.85,-77.02,30.227
26.85,-76.97,30.248
26.85,-76.92,30.282
26.85,-76.87,30.329
26.85,-76.82,30.383
26.85,-76.77,30.43
26.85,-76.72,30.448
26.85,-76.67,30.464
26.85,-76.62,30.463
26.85,-76.57,30.441
26.85,-76.52,30.415
26.85,-76.47,30.409
26.85,-76.42,30.428
26.85,-76.37,30.479
26.85,-76.32,30.51
26.85,-76.27,30.494
26.85,-76.22,30.493
26.85,-76.17,30.552
26.9,-80.02,29.681
26.9,-79.97,29.698
26.9,-79.92,29.721
26.9,-79.87,29.759
26.9,-79.82,29.8
26.9,-79.77,29.822
26.9,-79.72,29.825
26.9,-79.67,29.812
26.9,-79.62,29.801
26.9,-79.57,29.811
26.9,-79.52,29.818
26.9,-79.47,29.868
26.9,-79.42,30.004
26.9,-79.37,30.186
26.9,-79.32,30.377
26.9,-79.27,30.545
26.9,-79.22,30.683
26.9,-79.17,30.804
26.9,-79.12,30.909
26.9,-79.07,31.0
26.9,-79.02,31.081
26.9,-78.97,31.151
26.9,-78.92,31.204
26.9,-78.87,31.239
26.9,-78.82,31.258
26.9,-78.77,31.264
26.9,-78.72,31.259
26.9,-78.67,31.243
26.9,-78.62,31.217
26.9,-78.57,31.183
26.9,-78.52,31.144
26.9,-78.47,31.1
26.9,-78.42,31.055
26.9,-78.37,31.011
26.9,-78.32,30.97
26.9,-78.27,30.934
26.9,-78.22,30.903
26.9,-78.17,30.879
26.9,-78.12,30.857
26.9,-78.07,30.837
26.9,-78.02,30.816
26.9,-77.97,30.793
26.9,-77.92,30.765
26.9,-77.87,30.733
26.9,-77.82,30.695
26.9,-77.52,30.334
26.9,-77.47,30.265
26.9,-77.42,30.205
26.9,-77.37,30.159
26.9,-77.32,30.13
26.9,-77.27,30.117
26.9,-77.22,30.115
26.9,-77.17,30.117
26.9,-77.12,30.121
26.9,-77.07,30.128
26.9,-77.02,30.141
26.9,-76.97,30.16
26.9,-76.92,30.19
26.9,-76.87,30.234
26.9,-76.82,30.292
26.9,-76.77,30.346
26.9,-76.72,30.39
26.9,-76.67,30.417
26.9,-76.62,30.414
26.9,-76.57,30.389
26.9,-76.52,30.359
26.9,-76.47,30.364
26.9,-76.42,30.399
26.9,-76.37,30.44
26.9,-76.32,30.444
26.9,-76.27,30.46
26.9,-76.22,30.535
26.9,-76.17,30.594
26.95,-80.07,29.614
26.95,-80.02,29.629
26.95,-79.97,29.654
26.95,-79.92,29.7
26.95,-79.87,29.766
26.95,-79.82,29.823
26.95,-79.77,29.841
26.95,-79.72,29.801
26.95,-79.67,29.75
26.95,-79.62,29.719
26.95,-79.57,29.717
26.95,-79.52,29.749
26.95,-79.47,29.839
26.95,-79.42,30.001
26.95,-79.37,30.199
26.95,-79.32,30.406
26.95,-79.27,30.593
26.95,-79.22,30.742
26.95,-79.17,30.862
26.95,-79.12,30.964
26.95,-79.07,31.057
26.95,-79.02,31.143
26.95,-78.97,31.219
26.95,-78.92,31.273
26.95,-78.87,31.303
26.95,-78.82,31.318
26.95,-78.77,31.321
26.95,-78.72,31.311
26.95,-78.67,31.289
26.95,-78.62,31.255
26.95,-78.57,31.212
26.95,-78.52,31.163
26.95,-78.47,31.111
26.95,-78.42,31.058
26.95,-78.37,31.007
26.95,-78.32,30.958
26.95,-78.27,30.914
26.95,-78.22,30.876
26.95,-78.17,30.843
26.95,-78.12,30.812
26.95,-78.07,30.783
26.95,-78.02,30.752
26.95,-77.97,30.717
26.95,-77.92,30.678
26.95,-77.87,30.631
26.95,-77.82,30.576
26.95,-77.77,30.515
26.95,-77.72,30.447
26.95,-77.67,30.375
26.95,-77.62,30.298
26.95,-77.57,30.218
26.95,-77.52,30.138
26.95,-77.47,30.061
26.95,-77.42,29.999
26.95,-77.37,29.962
26.95,-77.32,29.959
26.95,-77.27,29.979
26.95,-77.22,30.008
26.95,-77.17,30.031
26.95,-77.12,30.045
26.95,-77.07,30.055
26.95,-77.02,30.067
26.95,-76.97,30.083
26.95,-76.92,30.098
26.95,-76.87,30.118
26.95,-76.82,30.168
26.95,-76.77,30.241
26.95,-76.72,30.314
26.95,-76.67,30.353
26.95,-76.62,30.349
26.95,-76.57,30.305
26.95,-76.52,30.262
26.95,-76.47,30.266
26.95,-76.42,30.33
26.95,-76.37,30.396
26.95,-76.32,30.436
26.95,-76.27,30.501
26.95,-76.22,30.585
26.95,-76.17,30.632
27.0,-80.07,29.57
27.0,-80.02,29.589
27.0,-79.97,29.626
27.0,-79.92,29.694
27.0,-79.87,29.779
27.0,-79.82,29.842
27.0,-79.77,29.842
27.0,-79.72,29.794
27.0,-79.67,29.739
27.0,-79.62,29.715
27.0,-79.57,29.732
27.0,-79.52,29.789
27.0,-79.47,29.906
27.0,-79.42,30.085
27.0,-79.37,30.247
27.0,-79.32,30.449
27.0,-79.27,30.658
27.0,-79.22,30.808
27.0,-79.17,30.933
27.0,-79.12,31.027
27.0,-79.07,31.108
27.0,-79.02,31.195
27.0,-78.97,31.272
27.0,-78.92,31.324
27.0,-78.87,31.349
27.0,-78.82,31.361
27.0,-78.77,31.362
27.0,-78.72,31.348
27.0,-78.67,31.319
27.0,-78.62,31.277
27.0,-78.57,31.225
27.0,-78.52,31.167
27.0,-78.47,31.107
27.0,-78.42,31.046
27.0,-78.37,30.989
27.0,-78.32,30.936
27.0,-78.27,30.887
27.0,-78.22,30.843
27.0,-78.17,30.802
27.0,-78.12,30.763
27.0,-78.07,30.724
27.0,-78.02,30.683
27.0,-77.97,30.639
27.0,-77.92,30.588
27.0,-77.87,30.528
27.0,-77.82,30.46
27.0,-77.77,30.386
27.0,-77.72,30.306
27.0,-77.67,30.224
27.0,-77.62,30.138
27.0,-77.57,30.051
27.0,-77.52,29.961
27.0,-77.47,29.877
27.0,-77.42,29.81
27.0,-77.37,29.779
27.0,-77.32,29.799
27.0,-77.27,29.855
27.0,-77.22,29.922
27.0,-77.17,29.97
27.0,-77.12,29.989
27.0,-77.07,29.995
27.0,-77.02,30.003
27.0,-76.97,30.019
27.0,-76.92,30.026
27.0,-76.87,30.011
27.0,-76.82,30.017
27.0,-76.77,30.122
27.0,-76.72,30.217
27.0,-76.67,30.264
27.0,-76.62,30.257
27.0,-76.57,30.207
27.0,-76.52,30.144
27.0,-76.47,30.14
27.0,-76.42,30.212
27.0,-76.37,30.306
27.0,-76.32,30.392
27.0,-76.27,30.509
27.0,-76.22,30.599
27.0,-76.17,30.621
27.05,-80.07,29.523
27.05,-80.02,29.554
27.05,-79.97,29.604
27.05,-79.92,29.687
27.05,-79.87,29.787
27.05,-79.82,29.851
27.05,-79.77,29.839
27.05,-79.72,29.793
27.05,-79.67,29.76
27.05,-79.62,29.767
27.05,-79.57,29.826
27.05,-79.52,29.915
27.05,-79.47,30.061
27.05,-79.42,30.232
27.05,-79.37,30.374
27.05,-79.32,30.564
27.05,-79.27,30.738
27.05,-79.22,30.858
27.05,-79.17,30.983
27.05,-79.12,31.07
27.05,-79.07,31.141
27.05,-79.02,31.226
27.05,-78.97,31.304
27.05,-78.92,31.355
27.05,-78.87,31.378
27.05,-78.82,31.388
27.05,-78.77,31.386
27.05,-78.72,31.366
27.05,-78.67,31.329
27.05,-78.62,31.277
27.05,-78.57,31.215
27.05,-78.52,31.149
27.05,-78.47,31.08
27.05,-78.42,31.015
27.05,-78.37,30.955
27.05,-78.32,30.901
27.05,-78.27,30.851
27.05,-78.22,30.804
27.05,-78.17,30.759
27.05,-78.12,30.714
27.05,-78.07,30.666
27.05,-78.02,30.615
27.05,-77.97,30.559
27.05,-77.92,30.497
27.05,-77.87,30.428
27.05,-77.82,30.352
27.05,-77.77,30.27
27.05,-77.72,30.184
27.05,-77.67,30.096
27.05,-77.62,30.007
27.05,-77.57,29.915
27.05,-77.52,29.821
27.05,-77.47,29.732
27.05,-77.42,29.662
27.05,-77.37,29.632
27.05,-77.32,29.664
27.05,-77.27,29.745
27.05,-77.22,29.85
27.05,-77.17,29.927
27.05,-77.12,29.943
27.05,-77.07,29.946
27.05,-77.02,29.957
27.05,-76.97,29.983
27.05,-76.92,29.998
27.05,-76.87,29.991
27.05,-76.82,30.001
27.05,-76.77,30.065
27.05,-76.72,30.125
27.05,-76.67,30.149
27.05,-76.62,30.132
27.05,-76.57,30.075
27.05,-76.52,30.01
27.05,-76.47,30.007
27.05,-76.42,30.079
27.05,-76.37,30.203
27.05,-76.32,30.35
27.05,-76.27,30.493
27.05,-76.22,30.591
27.05,-76.17,30.59
27.1,-80.12,29.378
27.1,-80.07,29.461
27.1,-80.02,29.503
27.1,-79.97,29.555
27.1,-79.92,29.651
27.1,-79.87,29.767
27.1,-79.82,29.841
27.1,-79.77,29.831
27.1,-79.72,29.791
27.1,-79.67,29.777
27.1,-79.62,29.812
27.1,-79.57,29.898
27.1,-79.52,30.021
27.1,-79.47,30.185
27.1,-79.42,30.346
27.1,-79.37,30.476
27.1,-79.32,30.615
27.1,-79.27,30.75
27.1,-79.22,30.859
27.1,-79.17,30.957
27.1,-79.12,31.046
27.1,-79.07,31.134
27.1,-79.02,31.227
27.1,-78.97,31.312
27.1,-78.92,31.369
27.1,-78.87,31.395
27.1,-78.82,31.403
27.1,-78.77,31.394
27.1,-78.72,31.364
27.1,-78.67,31.316
27.1,-78.62,31.252
27.1,-78.57,31.178
27.1,-78.52,31.101
27.1,-78.47,31.026
27.1,-78.42,30.959
27.1,-78.37,30.901
27.1,-78.32,30.851
27.1,-78.27,30.807
27.1,-78.22,30.763
27.1,-78.17,30.718
27.1,-78.12,30.668
27.1,-78.07,30.612
27.1,-78.02,30.549
27.1,-77.97,30.481
27.1,-77.92,30.407
27.1,-77.87,30.331
27.1,-77.82,30.252
27.1,-77.77,30.172
27.1,-77.72,30.089
27.1,-77.67,30.003
27.1,-77.62,29.915
27.1,-77.57,29.824
27.1,-77.52,29.732
27.1,-77.47,29.646
27.1,-77.42,29.579
27.1,-77.37,29.551
27.1,-77.32,29.578
27.1,-77.27,29.651
27.1,-77.22,29.747
27.1,-77.17,29.827
27.1,-77.12,29.864
27.1,-77.07,29.912
27.1,-77.02,29.971
27.1,-76.97,30.0
27.1,-76.92,30.021
27.1,-76.87,30.041
27.1,-76.82,30.06
27.1,-76.77,30.073
27.1,-76.72,30.079
27.1,-76.67,30.061
27.1,-76.62,30.008
27.1,-76.57,29.936
27.1,-76.52,29.882
27.1,-76.47,29.893
27.1,-76.42,29.985
27.1,-76.37,30.134
27.1,-76.32,30.306
27.1,-76.27,30.464
27.1,-76.22,30.58
27.1,-76.17,30.605
27.15,-80.12,29.224
27.15,-80.07,29.331
27.15,-80.02,29.395
27.15,-79.97,29.47
27.15,-79.92,29.593
27.15,-79.87,29.731
27.15,-79.82,29.821
27.15,-79.77,29.82
27.15,-79.72,29.787
27.15,-79.67,29.782
27.15,-79.62,29.825
27.15,-79.57,29.913
27.15,-79.52,30.035
27.15,-79.47,30.183
27.15,-79.42,30.34
27.15,-79.37,30.47
27.15,-79.32,30.583
27.15,-79.27,30.707
27.15,-79.22,30.809
27.15,-79.17,30.899
27.15,-79.12,30.995
27.15,-79.07,31.097
27.15,-79.02,31.2
27.15,-78.97,31.295
27.15,-78.92,31.362
27.15,-78.87,31.395
27.15,-78.82,31.4
27.15,-78.77,31.38
27.15,-78.72,31.337
27.15,-78.67,31.274
27.15,-78.62,31.196
27.15,-78.57,31.108
27.15,-78.52,31.021
27.15,-78.47,30.942
27.15,-78.42,30.877
27.15,-78.37,30.827
27.15,-78.32,30.788
27.15,-78.27,30.755
27.15,-78.22,30.721
27.15,-78.17,30.681
27.15,-78.12,30.63
27.15,-78.07,30.566
27.15,-78.02,30.487
27.15,-77.97,30.403
27.15,-77.92,30.318
27.15,-77.87,30.238
27.15,-77.82,30.164
27.15,-77.77,30.094
27.15,-77.72,30.023
27.15,-77.67,29.947
27.15,-77.62,29.865
27.15,-77.57,29.78
27.15,-77.52,29.693
27.15,-77.47,29.613
27.15,-77.42,29.555
27.15,-77.37,29.528
27.15,-77.32,29.54
27.15,-77.27,29.58
27.15,-77.22,29.633
27.15,-77.17,29.691
27.15,-77.12,29.763
27.15,-77.07,29.878
27.15,-77.02,30.004
27.15,-76.97,30.035
27.15,-76.92,30.058
27.15,-76.87,30.106
27.15,-76.82,30.127
27.15,-76.77,30.118
27.15,-76.72,30.083
27.15,-76.67,30.023
27.15,-76.62,29.935
27.15,-76.57,29.844
27.15,-76.52,29.788
27.15,-76.47,29.812
27.15,-76.42,29.923
27.15,-76.37,30.086
27.15,-76.32,30.265
27.15,-76.27,30.428
27.15,-76.22,30.546
27.15,-76.17,30.587
27.2,-80.12,29.021
27.2,-80.07,29.119
27.2,-80.02,29.229
27.2,-79.97,29.371
27.2,-79.92,29.543
27.2,-79.87,29.709
27.2,-79.82,29.814
27.2,-79.77,29.824
27.2,-79.72,29.795
27.2,-79.67,29.786
27.2,-79.62,29.832
27.2,-79.57,29.928
27.2,-79.52,30.043
27.2,-79.47,30.162
27.2,-79.42,30.284
27.2,-79.37,30.402
27.2,-79.32,30.516
27.2,-79.27,30.616
27.2,-79.22,30.7
27.2,-79.17,30.797
27.2,-79.12,30.916
27.2,-79.07,31.042
27.2,-79.02,31.157
27.2,-78.97,31.254
27.2,-78.92,31.324
27.2,-78.87,31.363
27.2,-78.82,31.365
27.2,-78.77,31.334
27.2,-78.72,31.274
27.2,-78.67,31.193
27.2,-78.62,31.098
27.2,-78.57,31.0
27.2,-78.52,30.907
27.2,-78.47,30.829
27.2,-78.42,30.772
27.2,-78.37,30.736
27.2,-78.32,30.715
27.2,-78.27,30.7
27.2,-78.22,30.681
27.2,-78.17,30.651
27.2,-78.12,30.602
27.2,-78.07,30.527
27.2,-78.02,30.427
27.2,-77.97,30.321
27.2,-77.92,30.228
27.2,-77.87,30.15
27.2,-77.82,30.087
27.2,-77.77,30.034
27.2,-77.72,29.983
27.2,-77.67,29.927
27.2,-77.62,29.859
27.2,-77.57,29.779
27.2,-77.52,29.693
27.2,-77.47,29.614
27.2,-77.42,29.557
27.2,-77.37,29.529
27.2,-77.32,29.529
27.2,-77.27,29.547
27.2,-77.22,29.576
27.2,-77.17,29.621
27.2,-77.12,29.697
27.2,-77.07,29.817
27.2,-77.02,29.966
27.2,-76.97,30.008
27.2,-76.92,30.052
27.2,-76.87,30.119
27.2,-76.82,30.171
27.2,-76.77,30.165
27.2,-76.72,30.111
27.2,-76.67,30.027
27.2,-76.62,29.916
27.2,-76.57,29.808
27.2,-76.52,29.744
27.2,-76.47,29.764
27.2,-76.42,29.874
27.2,-76.37,30.039
27.2,-76.32,30.224
27.2,-76.27,30.395
27.2,-76.22,30.519
27.2,-76.17,30.569
27.25,-80.22,28.752
27.25,-80.17,28.758
27.25,-80.12,28.807
27.25,-80.07,28.908
27.25,-80.02,29.066
27.25,-79.97,29.277
27.25,-79.92,29.511
27.25,-79.87,29.71
27.25,-79.82,29.827
27.25,-79.77,29.846
27.25,-79.72,29.818
27.25,-79.67,29.804
27.25,-79.62,29.848
27.25,-79.57,29.945
27.25,-79.52,30.049
27.25,-79.47,30.142
27.25,-79.42,30.221
27.25,-79.37,30.303
27.25,-79.32,30.394
27.25,-79.27,30.473
27.25,-79.22,30.534
27.25,-79.17,30.633
27.25,-79.12,30.798
27.25,-79.07,30.961
27.25,-79.02,31.09
27.25,-78.97,31.183
27.25,-78.92,31.249
27.25,-78.87,31.285
27.25,-78.82,31.281
27.25,-78.77,31.239
27.25,-78.72,31.162
27.25,-78.67,31.064
27.25,-78.62,30.956
27.25,-78.57,30.85
27.25,-78.52,30.756
27.25,-78.47,30.686
27.25,-78.42,30.645
27.25,-78.37,30.631
27.25,-78.32,30.635
27.25,-78.27,30.643
27.25,-78.22,30.642
27.25,-78.17,30.62
27.25,-78.12,30.571
27.25,-78.07,30.477
27.25,-78.02,30.344
27.25,-77.97,30.225
27.25,-77.92,30.131
27.25,-77.87,30.065
27.25,-77.82,30.021
27.25,-77.77,29.992
27.25,-77.72,29.972
27.25,-77.67,29.949
27.25,-77.62,29.898
27.25,-77.57,29.816
27.25,-77.52,29.723
27.25,-77.47,29.637
27.25,-77.42,29.575
27.25,-77.37,29.542
27.25,-77.32,29.537
27.25,-77.27,29.552
27.25,-77.22,29.578
27.25,-77.17,29.618
27.25,-77.12,29.674
27.25,-77.07,29.75
27.25,-77.02,29.838
27.25,-76.97,29.921
27.25,-76.92,30.006
27.25,-76.87,30.08
27.25,-76.82,30.138
27.25,-76.77,30.158
27.25,-76.72,30.13
27.25,-76.67,30.048
27.25,-76.62,29.936
27.25,-76.57,29.826
27.25,-76.52,29.757
27.25,-76.47,29.765
27.25,-76.42,29.857
27.25,-76.37,30.013
27.25,-76.32,30.198
27.25,-76.27,30.371
27.25,-76.22,30.499
27.25,-76.17,30.552
27.3,-80.17,28.603
27.3,-80.12,28.612
27.3,-80.07,28.71
27.3,-80.02,28.914
27.3,-79.97,29.196
27.3,-79.92,29.493
27.3,-79.87,29.726
27.3,-79.82,29.856
27.3,-79.77,29.88
27.3,-79.72,29.856
27.3,-79.67,29.843
27.3,-79.62,29.872
27.3,-79.57,29.949
27.3,-79.52,30.05
27.3,-79.47,30.134
27.3,-79.42,30.161
27.3,-79.37,30.186
27.3,-79.32,30.236
27.3,-79.27,30.319
27.3,-79.22,30.394
27.3,-79.17,30.489
27.3,-79.12,30.683
27.3,-79.07,30.864
27.3,-79.02,30.997
27.3,-78.97,31.083
27.3,-78.92,31.135
27.3,-78.87,31.158
27.3,-78.82,31.143
27.3,-78.77,31.09
27.3,-78.72,31.0
27.3,-78.67,30.889
27.3,-78.62,30.772
27.3,-78.57,30.662
27.3,-78.52,30.572
27.3,-78.47,30.517
27.3,-78.42,30.501
27.3,-78.37,30.517
27.3,-78.32,30.549
27.3,-78.27,30.583
27.3,-78.22,30.602
27.3,-78.17,30.573
27.3,-78.12,30.481
27.3,-78.07,30.355
27.3,-78.02,30.218
27.3,-77.97,30.106
27.3,-77.92,30.028
27.3,-77.87,29.982
27.3,-77.82,29.963
27.3,-77.77,29.964
27.3,-77.72,29.983
27.3,-77.67,30.016
27.3,-77.62,29.977
27.3,-77.57,29.878
27.3,-77.52,29.774
27.3,-77.47,29.676
27.3,-77.42,29.603
27.3,-77.37,29.564
27.3,-77.32,29.565
27.3,-77.27,29.591
27.3,-77.22,29.629
27.3,-77.17,29.669
27.3,-77.12,29.708
27.3,-77.07,29.749
27.3,-77.02,29.8
27.3,-76.97,29.865
27.3,-76.92,29.936
27.3,-76.87,30.007
27.3,-76.82,30.07
27.3,-76.77,30.105
27.3,-76.72,30.1
27.3,-76.67,30.056
27.3,-76.62,29.976
27.3,-76.57,29.89
27.3,-76.52,29.83
27.3,-76.47,29.828
27.3,-76.42,29.898
27.3,-76.37,30.034
27.3,-76.32,30.204
27.3,-76.27,30.358
27.3,-76.22,30.463
27.3,-76.17,30.518
27.35,-80.22,28.569
27.35,-80.17,28.51
27.35,-80.12,28.482
27.35,-80.07,28.562
27.35,-80.02,28.789
27.35,-79.97,29.125
27.35,-79.92,29.48
27.35,-79.87,29.745
27.35,-79.82,29.886
27.35,-79.77,29.92
27.35,-79.72,29.908
27.35,-79.67,29.9
27.35,-79.62,29.916
27.35,-79.57,29.968
27.35,-79.52,30.045
27.35,-79.47,30.113
27.35,-79.42,30.099
27.35,-79.37,30.089
27.35,-79.32,30.12
27.35,-79.27,30.23
27.35,-79.22,30.378
27.35,-79.17,30.502
27.35,-79.12,30.652
27.35,-79.07,30.799
27.35,-79.02,30.908
27.35,-78.97,30.973
27.35,-78.92,31.006
27.35,-78.87,31.01
27.35,-78.82,30.981
27.35,-78.77,30.917
27.35,-78.72,30.817
27.35,-78.67,30.698
27.35,-78.62,30.577
27.35,-78.57,30.468
27.35,-78.52,30.384
27.35,-78.47,30.342
27.35,-78.42,30.359
27.35,-78.37,30.406
27.35,-78.32,30.464
27.35,-78.27,30.509
27.35,-78.22,30.524
27.35,-78.17,30.469
27.35,-78.12,30.315
27.35,-78.07,30.197
27.35,-78.02,30.081
27.35,-77.97,29.987
27.35,-77.92,29.929
27.35,-77.87,29.906
27.35,-77.82,29.911
27.35,-77.77,29.938
27.35,-77.72,29.979
27.35,-77.67,30.023
27.35,-77.62,29.997
27.35,-77.57,29.934
27.35,-77.52,29.833
27.35,-77.47,29.727
27.35,-77.42,29.644
27.35,-77.37,29.606
27.35,-77.32,29.623
27.35,-77.27,29.677
27.35,-77.22,29.743
27.35,-77.17,29.796
27.35,-77.12,29.824
27.35,-77.07,29.838
27.35,-77.02,29.862
27.35,-76.97,29.898
27.35,-76.92,29.924
27.35,-76.87,29.961
27.35,-76.82,30.021
27.35,-76.77,30.061
27.35,-76.72,30.065
27.35,-76.67,30.063
27.35,-76.62,30.025
27.35,-76.57,29.987
27.35,-76.52,29.954
27.35,-76.47,29.953
27.35,-76.42,29.997
27.35,-76.37,30.099
27.35,-76.32,30.219
27.35,-76.27,30.323
27.35,-76.22,30.37
27.35,-76.17,30.38
27.4,-80.22,28.576
27.4,-80.17,28.497
27.4,-80.12,28.436
27.4,-80.07,28.486
27.4,-80.02,28.702
27.4,-79.97,29.062
27.4,-79.92,29.456
27.4,-79.87,29.74
27.4,-79.82,29.892
27.4,-79.77,29.946
27.4,-79.72,29.954
27.4,-79.67,29.955
27.4,-79.62,29.969
27.4,-79.57,30.001
27.4,-79.52,30.026
27.4,-79.47,30.045
27.4,-79.42,30.045
27.4,-79.37,30.04
27.4,-79.32,30.088
27.4,-79.27,30.227
27.4,-79.22,30.388
27.4,-79.17,30.54
27.4,-79.12,30.674
27.4,-79.07,30.776
27.4,-79.02,30.841
27.4,-78.97,30.876
27.4,-78.92,30.886
27.4,-78.87,30.872
27.4,-78.82,30.829
27.4,-78.77,30.753
27.4,-78.72,30.645
27.4,-78.67,30.52
27.4,-78.62,30.397
27.4,-78.57,30.296
27.4,-78.52,30.229
27.4,-78.47,30.208
27.4,-78.42,30.24
27.4,-78.37,30.31
27.4,-78.32,30.383
27.4,-78.27,30.423
27.4,-78.22,30.406
27.4,-78.17,30.326
27.4,-78.12,30.204
27.4,-78.07,30.081
27.4,-78.02,29.972
27.4,-77.97,29.89
27.4,-77.92,29.846
27.4,-77.87,29.837
27.4,-77.82,29.859
27.4,-77.77,29.903
27.4,-77.72,29.955
27.4,-77.67,29.989
27.4,-77.62,29.995
27.4,-77.57,29.976
27.4,-77.52,29.897
27.4,-77.47,29.787
27.4,-77.42,29.699
27.4,-77.37,29.667
27.4,-77.32,29.707
27.4,-77.27,29.798
27.4,-77.22,29.906
27.4,-77.17,29.985
27.4,-77.12,30.003
27.4,-77.07,29.983
27.4,-77.02,29.976
27.4,-76.97,29.986
27.4,-76.92,29.975
27.4,-76.87,29.977
27.4,-76.82,30.017
27.4,-76.77,30.07
27.4,-76.72,30.1
27.4,-76.67,30.091
27.4,-76.62,30.08
27.4,-76.57,30.098
27.4,-76.52,30.093
27.4,-76.47,30.103
27.4,-76.42,30.125
27.4,-76.37,30.171
27.4,-76.32,30.234
27.4,-76.27,30.263
27.4,-76.22,30.228
27.4,-76.17,30.116
27.45,-80.27,28.735
27.45,-80.22,28.676
27.45,-80.17,28.575
27.45,-80.12,28.457
27.45,-80.07,28.467
27.45,-80.02,28.664
27.45,-79.97,29.013
27.45,-79.92,29.399
27.45,-79.87,29.681
27.45,-79.82,29.837
27.45,-79.77,29.919
27.45,-79.72,29.962
27.45,-79.67,29.989
27.45,-79.62,30.018
27.45,-79.57,30.049
27.45,-79.52,30.06
27.45,-79.47,30.056
27.45,-79.42,30.063
27.45,-79.37,30.085
27.45,-79.32,30.152
27.45,-79.27,30.27
27.45,-79.22,30.414
27.45,-79.17,30.558
27.45,-79.12,30.683
27.45,-79.07,30.76
27.45,-79.02,30.796
27.45,-78.97,30.807
27.45,-78.92,30.796
27.45,-78.87,30.764
27.45,-78.82,30.706
27.45,-78.77,30.62
27.45,-78.72,30.503
27.45,-78.67,30.374
27.45,-78.62,30.252
27.45,-78.57,30.158
27.45,-78.52,30.11
27.45,-78.47,30.108
27.45,-78.42,30.151
27.45,-78.37,30.227
27.45,-78.32,30.3
27.45,-78.27,30.333
27.45,-78.22,30.308
27.45,-78.17,30.227
27.45,-78.12,30.114
27.45,-78.07,29.996
27.45,-78.02,29.893
27.45,-77.97,29.817
27.45,-77.92,29.776
27.45,-77.87,29.77
27.45,-77.82,29.797
27.45,-77.77,29.852
27.45,-77.72,29.925
27.45,-77.67,30.004
27.45,-77.62,30.06
27.45,-77.57,30.049
27.45,-77.52,29.964
27.45,-77.47,29.85
27.45,-77.42,29.761
27.45,-77.37,29.734
27.45,-77.32,29.787
27.45,-77.27,29.906
27.45,-77.22,30.05
27.45,-77.17,30.13
27.45,-77.12,30.12
27.45,-77.07,30.064
27.45,-77.02,30.009
27.45,-76.97,29.994
27.45,-76.92,29.982
27.45,-76.87,29.981
27.45,-76.82,30.009
27.45,-76.77,30.068
27.45,-76.72,30.115
27.45,-76.67,30.126
27.45,-76.62,30.138
27.45,-76.57,30.166
27.45,-76.52,30.175
27.45,-76.47,30.192
27.45,-76.42,30.218
27.45,-76.37,30.249
27.45,-76.32,30.279
27.45,-76.27,30.263
27.45,-76.22,30.204
27.45,-76.17,30.062
27.5,-80.32,28.76
27.5,-80.27,28.847
27.5,-80.22,28.793
27.5,-80.17,28.646
27.5,-80.12,28.515
27.5,-80.07,28.517
27.5,-80.02,28.697
27.5,-79.97,29.002
27.5,-79.92,29.339
27.5,-79.87,29.596
27.5,-79.82,29.749
27.5,-79.77,29.853
27.5,-79.72,29.938
27.5,-79.67,30.004
27.5,-79.62,30.058
27.5,-79.57,30.099
27.5,-79.52,30.114
27.5,-79.47,30.115
27.5,-79.42,30.13
27.5,-79.37,30.173
27.5,-79.32,30.251
27.5,-79.27,30.344
27.5,-79.22,30.444
27.5,-79.17,30.555
27.5,-79.12,30.662
27.5,-79.07,30.733
27.5,-79.02,30.764
27.5,-78.97,30.765
27.5,-78.92,30.738
27.5,-78.87,30.687
27.5,-78.82,30.614
27.5,-78.77,30.517
27.5,-78.72,30.391
27.5,-78.67,30.256
27.5,-78.62,30.133
27.5,-78.57,30.046
27.5,-78.52,30.015
27.5,-78.47,30.031
27.5,-78.42,30.081
27.5,-78.37,30.151
27.5,-78.32,30.216
27.5,-78.27,30.249
27.5,-78.22,30.227
27.5,-78.17,30.152
27.5,-78.12,30.045
27.5,-78.07,29.933
27.5,-78.02,29.836
27.5,-77.97,29.763
27.5,-77.92,29.718
27.5,-77.87,29.705
27.5,-77.82,29.728
27.5,-77.77,29.785
27.5,-77.72,29.876
27.5,-77.67,29.998
27.5,-77.62,30.118
27.5,-77.57,30.113
27.5,-77.52,30.006
27.5,-77.47,29.9
27.5,-77.42,29.821
27.5,-77.37,29.802
27.5,-77.32,29.862
27.5,-77.27,29.992
27.5,-77.22,30.145
27.5,-77.17,30.217
27.5,-77.12,30.19
27.5,-77.07,30.119
27.5,-77.02,30.034
27.5,-76.97,29.976
27.5,-76.92,29.939
27.5,-76.87,29.933
27.5,-76.82,29.955
27.5,-76.77,30.004
27.5,-76.72,30.056
27.5,-76.67,30.096
27.5,-76.62,30.134
27.5,-76.57,30.166
27.5,-76.52,30.171
27.5,-76.47,30.183
27.5,-76.42,30.231
27.5,-76.37,30.293
27.5,-76.32,30.325
27.5,-76.27,30.309
27.5,-76.22,30.279
27.5,-76.17,30.257
27.55,-80.27,28.692
27.55,-80.22,28.676
27.55,-80.17,28.618
27.55,-80.12,28.601
27.55,-80.07,28.662
27.55,-80.02,28.822
27.55,-79.97,29.068
27.55,-79.92,29.342
27.55,-79.87,29.562
27.55,-79.82,29.674
27.55,-79.77,29.796
27.55,-79.72,29.93
27.55,-79.67,30.023
27.55,-79.62,30.092
27.55,-79.57,30.137
27.55,-79.52,30.148
27.55,-79.47,30.162
27.55,-79.42,30.191
27.55,-79.37,30.245
27.55,-79.32,30.33
27.55,-79.27,30.409
27.55,-79.22,30.465
27.55,-79.17,30.511
27.55,-79.12,30.621
27.55,-79.07,30.703
27.55,-79.02,30.738
27.55,-78.97,30.738
27.55,-78.92,30.7
27.55,-78.87,30.628
27.55,-78.82,30.537
27.55,-78.77,30.426
27.55,-78.72,30.287
27.55,-78.67,30.14
27.55,-78.62,30.016
27.55,-78.57,29.944
27.55,-78.52,29.932
27.55,-78.47,29.96
27.55,-78.42,30.013
27.55,-78.37,30.078
27.55,-78.32,30.138
27.55,-78.27,30.171
27.55,-78.22,30.155
27.55,-78.17,30.085
27.55,-78.12,29.987
27.55,-78.07,29.884
27.55,-78.02,29.793
27.55,-77.97,29.72
27.55,-77.92,29.67
27.55,-77.87,29.651
27.55,-77.82,29.667
27.55,-77.77,29.718
27.55,-77.72,29.803
27.55,-77.67,29.914
27.55,-77.62,30.009
27.55,-77.57,30.033
27.55,-77.52,29.986
27.55,-77.47,29.918
27.55,-77.42,29.869
27.55,-77.37,29.872
27.55,-77.32,29.95
27.55,-77.27,30.07
27.55,-77.22,30.175
27.55,-77.17,30.24
27.55,-77.12,30.234
27.55,-77.07,30.152
27.55,-77.02,30.054
27.55,-76.97,29.987
27.55,-76.92,29.949
27.55,-76.87,29.952
27.55,-76.82,29.988
27.55,-76.77,30.017
27.55,-76.72,30.045
27.55,-76.67,30.086
27.55,-76.62,30.137
27.55,-76.57,30.15
27.55,-76.52,30.138
27.55,-76.47,30.159
27.55,-76.42,30.221
27.55,-76.37,30.289
27.55,-76.32,30.342
27.55,-76.27,30.329
27.55,-76.22,30.321
27.55,-76.17,30.322
27.6,-80.32,28.504
27.6,-80.27,28.435
27.6,-80.22,28.412
27.6,-80.17,28.531
27.6,-80.12,28.698
27.6,-80.07,28.851
27.6,-80.02,29.001
27.6,-79.97,29.191
27.6,-79.92,29.407
27.6,-79.87,29.595
27.6,-79.82,29.729
27.6,-79.77,29.835
27.6,-79.72,29.937
27.6,-79.67,30.03
27.6,-79.62,30.107
27.6,-79.57,30.158
27.6,-79.52,30.179
27.6,-79.47,30.183
27.6,-79.42,30.193
27.6,-79.37,30.264
27.6,-79.32,30.371
27.6,-79.27,30.45
27.6,-79.22,30.486
27.6,-79.17,30.509
27.6,-79.12,30.61
27.6,-79.07,30.685
27.6,-79.02,30.719
27.6,-78.97,30.715
27.6,-78.92,30.666
27.6,-78.87,30.575
27.6,-78.82,30.464
27.6,-78.77,30.332
27.6,-78.72,30.18
27.6,-78.67,30.031
27.6,-78.62,29.912
27.6,-78.57,29.848
27.6,-78.52,29.842
27.6,-78.47,29.874
27.6,-78.42,29.928
27.6,-78.37,29.992
27.6,-78.32,30.051
27.6,-78.27,30.086
27.6,-78.22,30.074
27.6,-78.17,30.017
27.6,-78.12,29.937
27.6,-78.07,29.849
27.6,-78.02,29.764
27.6,-77.97,29.691
27.6,-77.92,29.641
27.6,-77.87,29.622
27.6,-77.82,29.64
27.6,-77.77,29.688
27.6,-77.72,29.755
27.6,-77.67,29.825
27.6,-77.62,29.887
27.6,-77.57,29.928
27.6,-77.52,29.93
27.6,-77.47,29.907
27.6,-77.42,29.895
27.6,-77.37,29.92
27.6,-77.32,29.996
27.6,-77.27,30.079
27.6,-77.22,30.147
27.6,-77.17,30.202
27.6,-77.12,30.203
27.6,-77.07,30.131
27.6,-77.02,30.039
27.6,-76.97,30.017
27.6,-76.92,30.037
27.6,-76.87,30.043
27.6,-76.82,30.044
27.6,-76.77,30.038
27.6,-76.72,30.041
27.6,-76.67,30.082
27.6,-76.62,30.127
27.6,-76.57,30.114
27.6,-76.52,30.106
27.6,-76.47,30.156
27.6,-76.42,30.235
27.6,-76.37,30.3
27.6,-76.32,30.339
27.6,-76.27,30.348
27.6,-76.22,30.34
27.6,-76.17,30.338
27.65,-80.37,28.466
27.65,-80.32,28.433
27.65,-80.27,28.39
27.65,-80.22,28.364
27.65,-80.17,28.531
27.65,-80.12,28.785
27.65,-80.07,29.014
27.65,-80.02,29.164
27.65,-79.97,29.324
27.65,-79.92,29.493
27.65,-79.87,29.65
27.65,-79.82,29.772
27.65,-79.77,29.854
27.65,-79.72,29.933
27.65,-79.67,30.021
27.65,-79.62,30.099
27.65,-79.57,30.152
27.65,-79.52,30.17
27.65,-79.47,30.154
27.65,-79.42,30.145
27.65,-79.37,30.226
27.65,-79.32,30.369
27.65,-79.27,30.461
27.65,-79.22,30.516
27.65,-79.17,30.572
27.65,-79.12,30.633
27.65,-79.07,30.68
27.65,-79.02,30.696
27.65,-78.97,30.677
27.65,-78.92,30.619
27.65,-78.87,30.518
27.65,-78.82,30.388
27.65,-78.77,30.235
27.65,-78.72,30.073
27.65,-78.67,29.933
27.65,-78.62,29.826
27.65,-78.57,29.759
27.65,-78.52,29.737
27.65,-78.47,29.762
27.65,-78.42,29.819
27.65,-78.37,29.885
27.65,-78.32,29.944
27.65,-78.27,29.982
27.65,-78.22,29.983
27.65,-78.17,29.95
27.65,-78.12,29.896
27.65,-78.07,29.828
27.65,-78.02,29.753
27.65,-77.97,29.685
27.65,-77.92,29.641
27.65,-77.87,29.636
27.65,-77.82,29.671
27.65,-77.77,29.726
27.65,-77.72,29.785
27.65,-77.67,29.825
27.65,-77.62,29.847
27.65,-77.57,29.864
27.65,-77.52,29.872
27.65,-77.47,29.875
27.65,-77.42,29.89
27.65,-77.37,29.936
27.65,-77.32,30.006
27.65,-77.27,30.063
27.65,-77.22,30.115
27.65,-77.17,30.156
27.65,-77.12,30.147
27.65,-77.07,30.07
27.65,-77.02,30.019
27.65,-76.97,30.059
27.65,-76.92,30.169
27.65,-76.87,30.105
27.65,-76.82,30.037
27.65,-76.77,29.986
27.65,-76.72,29.975
27.65,-76.67,30.019
27.65,-76.62,30.019
27.65,-76.57,29.975
27.65,-76.52,30.015
27.65,-76.47,30.147
27.65,-76.42,30.253
27.65,-76.37,30.32
27.65,-76.32,30.35
27.65,-76.27,30.361
27.65,-76.22,30.362
27.65,-76.17,30.382
27.7,-80.32,28.435
27.7,-80.27,28.426
27.7,-80.22,28.464
27.7,-80.17,28.566
27.7,-80.12,28.807
27.7,-80.07,29.078
27.7,-80.02,29.28
27.7,-79.97,29.437
27.7,-79.92,29.575
27.7,-79.87,29.702
27.7,-79.82,29.805
27.7,-79.77,29.875
27.7,-79.72,29.941
27.7,-79.67,30.016
27.7,-79.62,30.084
27.7,-79.57,30.132
27.7,-79.52,30.151
27.7,-79.47,30.156
27.7,-79.42,30.185
27.7,-79.37,30.265
27.7,-79.32,30.374
27.7,-79.27,30.463
27.7,-79.22,30.53
27.7,-79.17,30.595
27.7,-79.12,30.643
27.7,-79.07,30.664
27.7,-79.02,30.656
27.7,-78.97,30.619
27.7,-78.92,30.549
27.7,-78.87,30.444
27.7,-78.82,30.299
27.7,-78.77,30.133
27.7,-78.72,29.976
27.7,-78.67,29.849
27.7,-78.62,29.755
27.7,-78.57,29.689
27.7,-78.52,29.656
27.7,-78.47,29.67
27.7,-78.42,29.719
27.7,-78.37,29.78
27.7,-78.32,29.84
27.7,-78.27,29.884
27.7,-78.22,29.902
27.7,-78.17,29.893
27.7,-78.12,29.865
27.7,-78.07,29.822
27.7,-78.02,29.765
27.7,-77.97,29.711
27.7,-77.92,29.677
27.7,-77.87,29.687
27.7,-77.82,29.737
27.7,-77.77,29.803
27.7,-77.72,29.88
27.7,-77.67,29.91
27.7,-77.62,29.883
27.7,-77.57,29.84
27.7,-77.52,29.823
27.7,-77.47,29.837
27.7,-77.42,29.865
27.7,-77.37,29.927
27.7,-77.32,30.011
27.7,-77.27,30.08
27.7,-77.22,30.132
27.7,-77.17,30.152
27.7,-77.12,30.128
27.7,-77.07,30.059
27.7,-77.02,30.018
27.7,-76.97,30.037
27.7,-76.92,30.06
27.7,-76.87,30.016
27.7,-76.82,29.95
27.7,-76.77,29.852
27.7,-76.72,29.756
27.7,-76.67,29.818
27.7,-76.62,29.823
27.7,-76.57,29.772
27.7,-76.52,29.905
27.7,-76.47,30.111
27.7,-76.42,30.209
27.7,-76.37,30.262
27.7,-76.32,30.301
27.7,-76.27,30.344
27.7,-76.22,30.376
27.7,-76.17,30.431
27.75,-80.42,28.396
27.75,-80.37,28.463
27.75,-80.32,28.555
27.75,-80.27,28.449
27.75,-80.22,28.444
27.75,-80.17,28.481
27.75,-80.12,28.779
27.75,-80.07,29.12
27.75,-80.02,29.341
27.75,-79.97,29.506
27.75,-79.92,29.638
27.75,-79.87,29.751
27.75,-79.82,29.843
27.75,-79.77,29.913
27.75,-79.72,29.973
27.75,-79.67,30.032
27.75,-79.62,30.082
27.75,-79.57,30.115
27.75,-79.52,30.131
27.75,-79.47,30.152
27.75,-79.42,30.204
27.75,-79.37,30.285
27.75,-79.32,30.376
27.75,-79.27,30.456
27.75,-79.22,30.523
27.75,-79.17,30.584
27.75,-79.12,30.621
27.75,-79.07,30.621
27.75,-79.02,30.589
27.75,-78.97,30.532
27.75,-78.92,30.452
27.75,-78.87,30.342
27.75,-78.82,30.191
27.75,-78.77,30.03
27.75,-78.72,29.892
27.75,-78.67,29.779
27.75,-78.62,29.7
27.75,-78.57,29.654
27.75,-78.52,29.629
27.75,-78.47,29.631
27.75,-78.42,29.658
27.75,-78.37,29.703
27.75,-78.32,29.758
27.75,-78.27,29.809
27.75,-78.22,29.84
27.75,-78.17,29.848
27.75,-78.12,29.846
27.75,-78.07,29.832
27.75,-78.02,29.803
27.75,-77.97,29.773
27.75,-77.92,29.76
27.75,-77.87,29.777
27.75,-77.82,29.822
27.75,-77.77,29.877
27.75,-77.72,29.934
27.75,-77.67,29.963
27.75,-77.62,29.945
27.75,-77.57,29.893
27.75,-77.52,29.865
27.75,-77.47,29.857
27.75,-77.42,29.877
27.75,-77.37,29.926
27.75,-77.32,30.004
27.75,-77.27,30.085
27.75,-77.22,30.149
27.75,-77.17,30.154
27.75,-77.12,30.117
27.75,-77.07,30.069
27.75,-77.02,30.03
27.75,-76.97,30.005
27.75,-76.92,29.98
27.75,-76.87,29.949
27.75,-76.82,29.898
27.75,-76.77,29.817
27.75,-76.72,29.73
27.75,-76.67,29.708
27.75,-76.62,29.781
27.75,-76.57,29.847
27.75,-76.52,29.969
27.75,-76.47,30.094
27.75,-76.42,30.16
27.75,-76.37,30.183
27.75,-76.32,30.224
27.75,-76.27,30.277
27.75,-76.22,30.354
27.75,-76.17,30.465
27.8,-80.37,28.395
27.8,-80.32,28.426
27.8,-80.27,28.381
27.8,-80.22,28.381
27.8,-80.17,28.461
27.8,-80.12,28.727
27.8,-80.07,29.062
27.8,-80.02,29.332
27.8,-79.97,29.529
27.8,-79.92,29.674
27.8,-79.87,29.789
27.8,-79.82,29.883
27.8,-79.77,29.958
27.8,-79.72,30.017
27.8,-79.67,30.062
27.8,-79.62,30.094
27.8,-79.57,30.113
27.8,-79.52,30.121
27.8,-79.47,30.14
27.8,-79.42,30.195
27.8,-79.37,30.271
27.8,-79.32,30.349
27.8,-79.27,30.421
27.8,-79.22,30.483
27.8,-79.17,30.536
27.8,-79.12,30.559
27.8,-79.07,30.543
27.8,-79.02,30.487
27.8,-78.97,30.403
27.8,-78.92,30.317
27.8,-78.87,30.214
27.8,-78.82,30.061
27.8,-78.77,29.906
27.8,-78.72,29.801
27.8,-78.67,29.733
27.8,-78.62,29.686
27.8,-78.57,29.665
27.8,-78.52,29.653
27.8,-78.47,29.647
27.8,-78.42,29.647
27.8,-78.37,29.667
27.8,-78.32,29.705
27.8,-78.27,29.752
27.8,-78.22,29.786
27.8,-78.17,29.807
27.8,-78.12,29.831
27.8,-78.07,29.853
27.8,-78.02,29.864
27.8,-77.97,29.877
27.8,-77.92,29.9
27.8,-77.87,29.928
27.8,-77.82,29.943
27.8,-77.77,29.947
27.8,-77.72,29.958
27.8,-77.67,29.974
27.8,-77.62,29.988
27.8,-77.57,29.987
27.8,-77.52,29.95
27.8,-77.47,29.932
27.8,-77.42,29.931
27.8,-77.37,29.931
27.8,-77.32,29.975
27.8,-77.27,30.031
27.8,-77.22,30.096
27.8,-77.17,30.137
27.8,-77.12,30.128
27.8,-77.07,30.094
27.8,-77.02,30.051
27.8,-76.97,30.012
27.8,-76.92,29.981
27.8,-76.87,29.953
27.8,-76.82,29.919
27.8,-76.77,29.88
27.8,-76.72,29.864
27.8,-76.67,29.889
27.8,-76.62,29.941
27.8,-76.57,30.001
27.8,-76.52,30.089
27.8,-76.47,30.176
27.8,-76.42,30.22
27.8,-76.37,30.224
27.8,-76.32,30.232
27.8,-76.27,30.274
27.8,-76.22,30.378
27.8,-76.17,30.538
27.85,-80.47,28.272
27.85,-80.42,28.309
27.85,-80.37,28.328
27.85,-80.32,28.339
27.85,-80.27,28.367
27.85,-80.22,28.388
27.85,-80.17,28.435
27.85,-80.12,28.668
27.85,-80.07,28.985
27.85,-80.02,29.292
27.85,-79.97,29.525
27.85,-79.92,29.692
27.85,-79.87,29.821
27.85,-79.82,29.923
27.85,-79.77,30.004
27.85,-79.72,30.059
27.85,-79.67,30.093
27.85,-79.62,30.116
27.85,-79.57,30.129
27.85,-79.52,30.133
27.85,-79.47,30.149
27.85,-79.42,30.193
27.85,-79.37,30.255
27.85,-79.32,30.317
27.85,-79.27,30.378
27.85,-79.22,30.431
27.85,-79.17,30.466
27.85,-79.12,30.473
27.85,-79.07,30.444
27.85,-79.02,30.368
27.85,-78.97,30.266
27.85,-78.92,30.177
27.85,-78.87,30.077
27.85,-78.82,29.906
27.85,-78.77,29.748
27.85,-78.72,29.695
27.85,-78.67,29.696
27.85,-78.62,29.709
27.85,-78.57,29.712
27.85,-78.52,29.701
27.85,-78.47,29.683
27.85,-78.42,29.665
27.85,-78.37,29.663
27.85,-78.32,29.681
27.85,-78.27,29.713
27.85,-78.22,29.743
27.85,-78.17,29.763
27.85,-78.12,29.81
27.85,-78.07,29.874
27.85,-78.02,29.922
27.85,-77.97,29.975
27.85,-77.92,30.045
27.85,-77.87,30.095
27.85,-77.82,30.066
27.85,-77.77,30.002
27.85,-77.72,29.981
27.85,-77.67,29.988
27.85,-77.62,30.029
27.85,-77.57,30.053
27.85,-77.52,30.029
27.85,-77.47,30.015
27.85,-77.42,29.994
27.85,-77.37,29.982
27.85,-77.32,30.011
27.85,-77.27,30.042
27.85,-77.22,30.096
27.85,-77.17,30.147
27.85,-77.12,30.167
27.85,-77.07,30.128
27.85,-77.02,30.079
27.85,-76.97,30.044
27.85,-76.92,30.025
27.85,-76.87,30.008
27.85,-76.82,29.982
27.85,-76.77,29.965
27.85,-76.72,29.989
27.85,-76.67,30.082
27.85,-76.62,30.126
27.85,-76.57,30.122
27.85,-76.52,30.214
27.85,-76.47,30.321
27.85,-76.42,30.384
27.85,-76.37,30.355
27.85,-76.32,30.301
27.85,-76.27,30.297
27.85,-76.22,30.355
27.85,-76.17,30.484
27.9,-80.42,28.272
27.9,-80.37,28.279
27.9,-80.32,28.338
27.9,-80.27,28.387
27.9,-80.22,28.38
27.9,-80.17,28.398
27.9,-80.12,28.64
27.9,-80.07,28.962
27.9,-80.02,29.274
27.9,-79.97,29.525
27.9,-79.92,29.713
27.9,-79.87,29.859
27.9,-79.82,29.969
27.9,-79.77,30.046
27.9,-79.72,30.092
27.9,-79.67,30.117
27.9,-79.62,30.134
27.9,-79.57,30.15
27.9,-79.52,30.165
27.9,-79.47,30.19
27.9,-79.42,30.23
27.9,-79.37,30.276
27.9,-79.32,30.319
27.9,-79.27,30.362
27.9,-79.22,30.399
27.9,-79.17,30.41
27.9,-79.12,30.393
27.9,-79.07,30.344
27.9,-79.02,30.265
27.9,-78.97,30.174
27.9,-78.92,30.093
27.9,-78.87,29.98
27.9,-78.82,29.761
27.9,-78.77,29.585
27.9,-78.72,29.581
27.9,-78.67,29.685
27.9,-78.62,29.76
27.9,-78.57,29.773
27.9,-78.52,29.735
27.9,-78.47,29.692
27.9,-78.42,29.665
27.9,-78.37,29.663
27.9,-78.32,29.678
27.9,-78.27,29.704
27.9,-78.22,29.733
27.9,-78.17,29.757
27.9,-78.12,29.82
27.9,-78.07,29.905
27.9,-78.02,29.943
27.9,-77.97,29.959
27.9,-77.92,30.036
27.9,-77.87,30.099
27.9,-77.82,30.082
27.9,-77.77,30.037
27.9,-77.72,30.012
27.9,-77.67,30.021
27.9,-77.62,30.053
27.9,-77.57,30.082
27.9,-77.52,30.072
27.9,-77.47,30.034
27.9,-77.42,30.028
27.9,-77.37,30.06
27.9,-77.32,30.142
27.9,-77.27,30.186
27.9,-77.22,30.209
27.9,-77.17,30.306
27.9,-77.12,30.231
27.9,-77.07,30.153
27.9,-77.02,30.096
27.9,-76.97,30.07
27.9,-76.92,30.073
27.9,-76.87,30.092
27.9,-76.82,30.056
27.9,-76.77,30.025
27.9,-76.72,30.038
27.9,-76.67,30.07
27.9,-76.62,30.071
27.9,-76.57,30.121
27.9,-76.52,30.275
27.9,-76.47,30.441
27.9,-76.42,30.478
27.9,-76.37,30.398
27.9,-76.32,30.316
27.9,-76.27,30.278
27.9,-76.22,30.273
27.9,-76.17,30.379
27.95,-80.52,27.994
27.95,-80.47,28.013
27.95,-80.42,28.063
27.95,-80.37,28.155
27.95,-80.32,28.257
27.95,-80.27,28.306
27.95,-80.22,28.265
27.95,-80.17,28.371
27.95,-80.12,28.654
27.95,-80.07,28.999
27.95,-80.02,29.306
27.95,-79.97,29.557
27.95,-79.92,29.757
27.95,-79.87,29.913
27.95,-79.82,30.024
27.95,-79.77,30.087
27.95,-79.72,30.114
27.95,-79.67,30.123
27.95,-79.62,30.136
27.95,-79.57,30.16
27.95,-79.52,30.192
27.95,-79.47,30.232
27.95,-79.42,30.279
27.95,-79.37,30.321
27.95,-79.32,30.351
27.95,-79.27,30.38
27.95,-79.22,30.4
27.95,-79.17,30.39
27.95,-79.12,30.358
27.95,-79.07,30.3
27.95,-79.02,30.219
27.95,-78.97,30.15
27.95,-78.92,30.066
27.95,-78.87,29.904
27.95,-78.82,29.664
27.95,-78.77,29.505
27.95,-78.72,29.577
27.95,-78.67,29.724
27.95,-78.62,29.825
27.95,-78.57,29.826
27.95,-78.52,29.744
27.95,-78.47,29.664
27.95,-78.42,29.624
27.95,-78.37,29.641
27.95,-78.32,29.679
27.95,-78.27,29.713
27.95,-78.22,29.758
27.95,-78.17,29.786
27.95,-78.12,29.848
27.95,-78.07,29.934
27.95,-78.02,29.969
27.95,-77.97,29.991
27.95,-77.92,30.01
27.95,-77.87,30.027
27.95,-77.82,30.026
27.95,-77.77,30.021
27.95,-77.72,30.017
27.95,-77.67,30.03
27.95,-77.62,30.043
27.95,-77.57,30.049
27.95,-77.52,30.031
27.95,-77.47,30.003
27.95,-77.42,30.004
27.95,-77.37,30.062
27.95,-77.32,30.186
27.95,-77.27,30.23
27.95,-77.22,30.186
27.95,-77.17,30.197
27.95,-77.12,30.18
27.95,-77.07,30.142
27.95,-77.02,30.101
27.95,-76.97,30.075
27.95,-76.92,30.078
27.95,-76.87,30.11
27.95,-76.82,30.098
27.95,-76.77,30.054
27.95,-76.72,30.05
27.95,-76.67,30.048
27.95,-76.62,30.012
27.95,-76.57,30.058
27.95,-76.52,30.214
27.95,-76.47,30.359
27.95,-76.42,30.35
27.95,-76.37,30.296
27.95,-76.32,30.265
27.95,-76.27,30.241
27.95,-76.22,30.221
27.95,-76.17,30.26
28.0,-80.47,27.867
28.0,-80.42,27.96
28.0,-80.37,28.096
28.0,-80.32,28.201
28.0,-80.27,28.196
28.0,-80.22,28.158
28.0,-80.17,28.377
28.0,-80.12,28.723
28.0,-80.07,29.106
28.0,-80.02,29.394
28.0,-79.97,29.631
28.0,-79.92,29.83
28.0,-79.87,29.986
28.0,-79.82,30.088
28.0,-79.77,30.126
28.0,-79.72,30.118
28.0,-79.67,30.098
28.0,-79.62,30.104
28.0,-79.57,30.141
28.0,-79.52,30.188
28.0,-79.47,30.238
28.0,-79.42,30.292
28.0,-79.37,30.341
28.0,-79.32,30.381
28.0,-79.27,30.413
28.0,-79.22,30.426
28.0,-79.17,30.404
28.0,-79.12,30.359
28.0,-79.07,30.334
28.0,-79.02,30.286
28.0,-78.97,30.215
28.0,-78.92,30.083
28.0,-78.87,29.873
28.0,-78.82,29.693
28.0,-78.77,29.609
28.0,-78.72,29.67
28.0,-78.67,29.785
28.0,-78.62,29.863
28.0,-78.57,29.846
28.0,-78.52,29.741
28.0,-78.47,29.631
28.0,-78.42,29.575
28.0,-78.37,29.604
28.0,-78.32,29.662
28.0,-78.27,29.714
28.0,-78.22,29.776
28.0,-78.17,29.801
28.0,-78.12,29.836
28.0,-78.07,29.928
28.0,-78.02,29.987
28.0,-77.97,30.001
28.0,-77.92,30.004
28.0,-77.87,29.992
28.0,-77.82,29.98
28.0,-77.77,29.983
28.0,-77.72,29.992
28.0,-77.67,29.995
28.0,-77.62,30.005
28.0,-77.57,29.994
28.0,-77.52,29.974
28.0,-77.47,29.96
28.0,-77.42,29.979
28.0,-77.37,30.038
28.0,-77.32,30.1
28.0,-77.27,30.105
28.0,-77.22,30.054
28.0,-77.17,30.045
28.0,-77.12,30.075
28.0,-77.07,30.112
28.0,-77.02,30.122
28.0,-76.97,30.067
28.0,-76.92,30.029
28.0,-76.87,30.02
28.0,-76.82,30.022
28.0,-76.77,30.03
28.0,-76.72,30.065
28.0,-76.67,30.116
28.0,-76.62,30.124
28.0,-76.57,30.104
28.0,-76.52,30.155
28.0,-76.47,30.213
28.0,-76.42,30.213
28.0,-76.37,30.17
28.0,-76.32,30.173
28.0,-76.27,30.181
28.0,-76.22,30.16
28.0,-76.17,30.141
28.05,-80.57,27.782
28.05,-80.52,27.727
28.05,-80.47,27.757
28.05,-80.42,27.868
28.05,-80.37,28.03
28.05,-80.32,28.155
28.05,-80.27,28.155
28.05,-80.22,28.186
28.05,-80.17,28.421
28.05,-80.12,28.794
28.05,-80.07,29.179
28.05,-80.02,29.481
28.05,-79.97,29.719
28.05,-79.92,29.915
28.05,-79.87,30.066
28.05,-79.82,30.158
28.05,-79.77,30.164
28.05,-79.72,30.106
28.05,-79.67,30.041
28.05,-79.62,30.034
28.05,-79.57,30.089
28.05,-79.52,30.153
28.05,-79.47,30.205
28.05,-79.42,30.254
28.05,-79.37,30.314
28.05,-79.32,30.38
28.05,-79.27,30.433
28.05,-79.22,30.452
28.05,-79.17,30.426
28.05,-79.12,30.359
28.05,-79.07,30.33
28.05,-79.02,30.298
28.05,-78.97,30.234
28.05,-78.92,30.08
28.05,-78.87,29.895
28.05,-78.82,29.77
28.05,-78.77,29.68
28.05,-78.72,29.726
28.05,-78.67,29.824
28.05,-78.62,29.872
28.05,-78.57,29.841
28.05,-78.52,29.73
28.05,-78.47,29.594
28.05,-78.42,29.488
28.05,-78.37,29.495
28.05,-78.32,29.587
28.05,-78.27,29.669
28.05,-78.22,29.738
28.05,-78.17,29.77
28.05,-78.12,29.8
28.05,-78.07,29.877
28.05,-78.02,29.946
28.05,-77.97,29.982
28.05,-77.92,29.998
28.05,-77.87,29.986
28.05,-77.82,29.97
28.05,-77.77,29.957
28.05,-77.72,29.95
28.05,-77.67,29.949
28.05,-77.62,29.948
28.05,-77.57,29.945
28.05,-77.52,29.963
28.05,-77.47,30.012
28.05,-77.42,30.078
28.05,-77.37,30.117
28.05,-77.32,30.092
28.05,-77.27,30.037
28.05,-77.22,29.992
28.05,-77.17,29.98
28.05,-77.12,30.009
28.05,-77.07,30.095
28.05,-77.02,30.144
28.05,-76.97,30.055
28.05,-76.92,29.957
28.05,-76.87,29.935
28.05,-76.82,29.942
28.05,-76.77,29.975
28.05,-76.72,30.038
28.05,-76.67,30.144
28.05,-76.62,30.226
28.05,-76.57,30.147
28.05,-76.52,30.109
28.05,-76.47,30.11
28.05,-76.42,30.094
28.05,-76.37,30.08
28.05,-76.32,30.088
28.05,-76.27,30.114
28.05,-76.22,30.136
28.05,-76.17,30.127
28.1,-80.52,27.652
28.1,-80.47,27.653
28.1,-80.42,27.725
28.1,-80.37,27.867
28.1,-80.32,28.053
28.1,-80.27,28.122
28.1,-80.22,28.172
28.1,-80.17,28.42
28.1,-80.12,28.833
28.1,-80.07,29.257
28.1,-80.02,29.552
28.1,-79.97,29.792
28.1,-79.92,29.99
28.1,-79.87,30.137
28.1,-79.82,30.216
28.1,-79.77,30.208
28.1,-79.72,30.12
28.1,-79.67,30.012
28.1,-79.62,29.959
28.1,-79.57,30.032
28.1,-79.52,30.105
28.1,-79.47,30.145
28.1,-79.42,30.179
28.1,-79.37,30.242
28.1,-79.32,30.346
28.1,-79.27,30.422
28.1,-79.22,30.446
28.1,-79.17,30.416
28.1,-79.12,30.338
28.1,-79.07,30.306
28.1,-79.02,30.282
28.1,-78.97,30.205
28.1,-78.92,30.024
28.1,-78.87,29.868
28.1,-78.82,29.779
28.1,-78.77,29.753
28.1,-78.72,29.785
28.1,-78.67,29.846
28.1,-78.62,29.867
28.1,-78.57,29.82
28.1,-78.52,29.693
28.1,-78.47,29.522
28.1,-78.42,29.361
28.1,-78.37,29.296
28.1,-78.32,29.391
28.1,-78.27,29.572
28.1,-78.22,29.681
28.1,-78.17,29.723
28.1,-78.12,29.764
28.1,-78.07,29.814
28.1,-78.02,29.857
28.1,-77.97,29.906
28.1,-77.92,29.937
28.1,-77.87,29.928
28.1,-77.82,29.912
28.1,-77.77,29.886
28.1,-77.72,29.883
28.1,-77.67,29.896
28.1,-77.62,29.903
28.1,-77.57,29.915
28.1,-77.52,29.976
28.1,-77.47,30.099
28.1,-77.42,30.238
28.1,-77.37,30.275
28.1,-77.32,30.141
28.1,-77.27,30.013
28.1,-77.22,29.942
28.1,-77.17,29.916
28.1,-77.12,29.925
28.1,-77.07,29.972
28.1,-77.02,30.005
28.1,-76.97,29.966
28.1,-76.92,29.909
28.1,-76.87,29.886
28.1,-76.82,29.888
28.1,-76.77,29.914
28.1,-76.72,29.945
28.1,-76.67,30.016
28.1,-76.62,30.054
28.1,-76.57,30.027
28.1,-76.52,30.005
28.1,-76.47,30.013
28.1,-76.42,30.012
28.1,-76.37,29.986
28.1,-76.32,29.99
28.1,-76.27,30.04
28.1,-76.22,30.087
28.1,-76.17,30.095
28.15,-80.62,27.759
28.15,-80.57,27.681
28.15,-80.52,27.619
28.15,-80.47,27.584
28.15,-80.42,27.615
28.15,-80.37,27.689
28.15,-80.32,27.863
28.15,-80.27,28.007
28.15,-80.22,28.077
28.15,-80.17,28.361
28.15,-80.12,28.83
28.15,-80.07,29.254
28.15,-80.02,29.572
28.15,-79.97,29.831
28.15,-79.92,30.04
28.15,-79.87,30.183
28.15,-79.82,30.259
28.15,-79.77,30.26
28.15,-79.72,30.177
28.15,-79.67,30.063
28.15,-79.62,29.997
28.15,-79.57,30.017
28.15,-79.52,30.061
28.15,-79.47,30.088
28.15,-79.42,30.147
28.15,-79.37,30.217
28.15,-79.32,30.315
28.15,-79.27,30.396
28.15,-79.22,30.419
28.15,-79.17,30.391
28.15,-79.12,30.326
28.15,-79.07,30.272
28.15,-79.02,30.242
28.15,-78.97,30.129
28.15,-78.92,29.901
28.15,-78.87,29.746
28.15,-78.82,29.704
28.15,-78.77,29.721
28.15,-78.72,29.777
28.15,-78.67,29.824
28.15,-78.62,29.831
28.15,-78.57,29.782
28.15,-78.52,29.66
28.15,-78.47,29.473
28.15,-78.42,29.279
28.15,-78.37,29.171
28.15,-78.32,29.207
28.15,-78.27,29.426
28.15,-78.22,29.596
28.15,-78.17,29.673
28.15,-78.12,29.724
28.15,-78.07,29.766
28.15,-78.02,29.801
28.15,-77.97,29.838
28.15,-77.92,29.856
28.15,-77.87,29.846
28.15,-77.82,29.838
28.15,-77.77,29.817
28.15,-77.72,29.812
28.15,-77.67,29.842
28.15,-77.62,29.861
28.15,-77.57,29.89
28.15,-77.52,29.969
28.15,-77.47,30.119
28.15,-77.42,30.282
28.15,-77.37,30.229
28.15,-77.32,30.077
28.15,-77.27,29.945
28.15,-77.22,29.876
28.15,-77.17,29.842
28.15,-77.12,29.826
28.15,-77.07,29.849
28.15,-77.02,29.894
28.15,-76.97,29.904
28.15,-76.92,29.893
28.15,-76.87,29.876
28.15,-76.82,29.86
28.15,-76.77,29.857
28.15,-76.72,29.884
28.15,-76.67,29.972
28.15,-76.62,30.019
28.15,-76.57,29.936
28.15,-76.52,29.911
28.15,-76.47,29.923
28.15,-76.42,29.921
28.15,-76.37,29.906
28.15,-76.32,29.91
28.15,-76.27,29.947
28.15,-76.22,30.005
28.15,-76.17,30.031
28.2,-80.62,27.741
28.2,-80.57,27.673
28.2,-80.52,27.627
28.2,-80.47,27.591
28.2,-80.42,27.583
28.2,-80.37,27.631
28.2,-80.32,27.762
28.2,-80.27,27.904
28.2,-80.22,27.992
28.2,-80.17,28.284
28.2,-80.12,28.763
28.2,-80.07,29.196
28.2,-80.02,29.548
28.2,-79.97,29.836
28.2,-79.92,30.055
28.2,-79.87,30.192
28.2,-79.82,30.266
28.2,-79.77,30.273
28.2,-79.72,30.196
28.2,-79.67,30.096
28.2,-79.62,30.033
28.2,-79.57,30.027
28.2,-79.52,30.032
28.2,-79.47,30.053
28.2,-79.42,30.124
28.2,-79.37,30.212
28.2,-79.32,30.293
28.2,-79.27,30.357
28.2,-79.22,30.378
28.2,-79.17,30.363
28.2,-79.12,30.323
28.2,-79.07,30.282
28.2,-79.02,30.234
28.2,-78.97,30.079
28.2,-78.92,29.824
28.2,-78.87,29.606
28.2,-78.82,29.504
28.2,-78.77,29.587
28.2,-78.72,29.706
28.2,-78.67,29.743
28.2,-78.62,29.751
28.2,-78.57,29.746
28.2,-78.52,29.661
28.2,-78.47,29.506
28.2,-78.42,29.317
28.2,-78.37,29.197
28.2,-78.32,29.246
28.2,-78.27,29.404
28.2,-78.22,29.554
28.2,-78.17,29.634
28.2,-78.12,29.695
28.2,-78.07,29.738
28.2,-78.02,29.76
28.2,-77.97,29.768
28.2,-77.92,29.763
28.2,-77.87,29.75
28.2,-77.82,29.771
28.2,-77.77,29.795
28.2,-77.72,29.793
28.2,-77.67,29.791
28.2,-77.62,29.816
28.2,-77.57,29.859
28.2,-77.52,29.925
28.2,-77.47,30.008
28.2,-77.42,30.048
28.2,-77.37,29.988
28.2,-77.32,29.884
28.2,-77.27,29.821
28.2,-77.22,29.797
28.2,-77.17,29.776
28.2,-77.12,29.75
28.2,-77.07,29.779
28.2,-77.02,29.856
28.2,-76.97,29.883
28.2,-76.92,29.878
28.2,-76.87,29.86
28.2,-76.82,29.847
28.2,-76.77,29.837
28.2,-76.72,29.865
28.2,-76.67,29.947
28.2,-76.62,30.01
28.2,-76.57,29.865
28.2,-76.52,29.83
28.2,-76.47,29.839
28.2,-76.42,29.852
28.2,-76.37,29.888
28.2,-76.32,29.922
28.2,-76.27,29.923
28.2,-76.22,29.962
28.2,-76.17,30.016
28.25,-80.67,27.809
28.25,-80.62,27.733
28.25,-80.57,27.671
28.25,-80.52,27.638
28.25,-80.47,27.666
28.25,-80.42,27.654
28.25,-80.37,27.623
28.25,-80.32,27.694
28.25,-80.27,27.818
28.25,-80.22,27.956
28.25,-80.17,28.248
28.25,-80.12,28.703
28.25,-80.07,29.152
28.25,-80.02,29.533
28.25,-79.97,29.833
28.25,-79.92,30.049
28.25,-79.87,30.182
28.25,-79.82,30.25
28.25,-79.77,30.26
28.25,-79.72,30.192
28.25,-79.67,30.098
28.25,-79.62,30.038
28.25,-79.57,30.008
28.25,-79.52,29.985
28.25,-79.47,30.036
28.25,-79.42,30.109
28.25,-79.37,30.177
28.25,-79.32,30.241
28.25,-79.27,30.287
28.25,-79.22,30.314
28.25,-79.17,30.319
28.25,-79.12,30.298
28.25,-79.07,30.258
28.25,-79.02,30.201
28.25,-78.97,30.052
28.25,-78.92,29.786
28.25,-78.87,29.574
28.25,-78.82,29.497
28.25,-78.77,29.555
28.25,-78.72,29.676
28.25,-78.67,29.725
28.25,-78.62,29.733
28.25,-78.57,29.739
28.25,-78.52,29.695
28.25,-78.47,29.599
28.25,-78.42,29.482
28.25,-78.37,29.379
28.25,-78.32,29.361
28.25,-78.27,29.45
28.25,-78.22,29.549
28.25,-78.17,29.609
28.25,-78.12,29.685
28.25,-78.07,29.731
28.25,-78.02,29.721
28.25,-77.97,29.692
28.25,-77.92,29.675
28.25,-77.87,29.68
28.25,-77.82,29.715
28.25,-77.77,29.749
28.25,-77.72,29.759
28.25,-77.67,29.755
28.25,-77.62,29.773
28.25,-77.57,29.82
28.25,-77.52,29.873
28.25,-77.47,29.904
28.25,-77.42,29.901
28.25,-77.37,29.848
28.25,-77.32,29.753
28.25,-77.27,29.717
28.25,-77.22,29.749
28.25,-77.17,29.777
28.25,-77.12,29.814
28.25,-77.07,29.847
28.25,-77.02,29.863
28.25,-76.97,29.862
28.25,-76.92,29.852
28.25,-76.87,29.836
28.25,-76.82,29.841
28.25,-76.77,29.844
28.25,-76.72,29.859
28.25,-76.67,29.86
28.25,-76.62,29.835
28.25,-76.57,29.781
28.25,-76.52,29.754
28.25,-76.47,29.754
28.25,-76.42,29.797
28.25,-76.37,29.889
28.25,-76.32,29.938
28.25,-76.27,29.953
28.25,-76.22,29.981
28.25,-76.17,30.021
28.3,-80.62,27.732
28.3,-80.57,27.661
28.3,-80.52,27.598
28.3,-80.47,27.551
28.3,-80.42,27.53
28.3,-80.37,27.553
28.3,-80.32,27.64
28.3,-80.27,27.784
28.3,-80.22,27.986
28.3,-80.17,28.301
28.3,-80.12,28.735
28.3,-80.07,29.18
28.3,-80.02,29.567
28.3,-79.97,29.861
28.3,-79.92,30.059
28.3,-79.87,30.174
28.3,-79.82,30.23
28.3,-79.77,30.239
28.3,-79.72,30.19
28.3,-79.67,30.114
28.3,-79.62,30.06
28.3,-79.57,30.038
28.3,-79.52,30.025
28.3,-79.47,30.049
28.3,-79.42,30.092
28.3,-79.37,30.145
28.3,-79.32,30.183
28.3,-79.27,30.195
28.3,-79.22,30.222
28.3,-79.17,30.249
28.3,-79.12,30.248
28.3,-79.07,30.195
28.3,-79.02,30.111
28.3,-78.97,29.972
28.3,-78.92,29.746
28.3,-78.87,29.588
28.3,-78.82,29.569
28.3,-78.77,29.613
28.3,-78.72,29.715
28.3,-78.67,29.76
28.3,-78.62,29.749
28.3,-78.57,29.75
28.3,-78.52,29.741
28.3,-78.47,29.699
28.3,-78.42,29.639
28.3,-78.37,29.565
28.3,-78.32,29.5
28.3,-78.27,29.482
28.3,-78.22,29.513
28.3,-78.17,29.571
28.3,-78.12,29.642
28.3,-78.07,29.682
28.3,-78.02,29.666
28.3,-77.97,29.636
28.3,-77.92,29.624
28.3,-77.87,29.644
28.3,-77.82,29.674
28.3,-77.77,29.696
28.3,-77.72,29.712
28.3,-77.67,29.716
28.3,-77.62,29.753
28.3,-77.57,29.801
28.3,-77.52,29.848
28.3,-77.47,29.911
28.3,-77.42,29.878
28.3,-77.37,29.792
28.3,-77.32,29.73
28.3,-77.27,29.713
28.3,-77.22,29.742
28.3,-77.17,29.795
28.3,-77.12,29.841
28.3,-77.07,29.83
28.3,-77.02,29.8
28.3,-76.97,29.804
28.3,-76.92,29.803
28.3,-76.87,29.81
28.3,-76.82,29.833
28.3,-76.77,29.829
28.3,-76.72,29.814
28.3,-76.67,29.796
28.3,-76.62,29.784
28.3,-76.57,29.764
28.3,-76.52,29.732
28.3,-76.47,29.736
28.3,-76.42,29.81
28.3,-76.37,29.91
28.3,-76.32,29.949
28.3,-76.27,29.964
28.3,-76.22,30.001
28.3,-76.17,30.037
28.35,-80.72,27.869
28.35,-80.62,27.738
28.35,-80.57,27.657
28.35,-80.52,27.546
28.35,-80.47,27.428
28.35,-80.42,27.385
28.35,-80.37,27.462
28.35,-80.32,27.599
28.35,-80.27,27.779
28.35,-80.22,28.041
28.35,-80.17,28.406
28.35,-80.12,28.854
28.35,-80.07,29.3
28.35,-80.02,29.676
28.35,-79.97,29.938
28.35,-79.92,30.093
28.35,-79.87,30.174
28.35,-79.82,30.207
28.35,-79.77,30.206
28.35,-79.72,30.168
28.35,-79.67,30.134
28.35,-79.62,30.106
28.35,-79.57,30.095
28.35,-79.52,30.094
28.35,-79.47,30.107
28.35,-79.42,30.125
28.35,-79.37,30.169
28.35,-79.32,30.18
28.35,-79.27,30.139
28.35,-79.22,30.11
28.35,-79.17,30.149
28.35,-79.12,30.164
28.35,-79.07,30.106
28.35,-79.02,30.005
28.35,-78.97,29.864
28.35,-78.92,29.687
28.35,-78.87,29.582
28.35,-78.82,29.549
28.35,-78.77,29.571
28.35,-78.72,29.658
28.35,-78.67,29.746
28.35,-78.62,29.779
28.35,-78.57,29.801
28.35,-78.52,29.79
28.35,-78.47,29.763
28.35,-78.42,29.742
28.35,-78.37,29.688
28.35,-78.32,29.589
28.35,-78.27,29.513
28.35,-78.22,29.497
28.35,-78.17,29.577
28.35,-78.12,29.613
28.35,-78.07,29.63
28.35,-78.02,29.631
28.35,-77.97,29.623
28.35,-77.92,29.6
28.35,-77.87,29.595
28.35,-77.82,29.599
28.35,-77.77,29.605
28.35,-77.72,29.635
28.35,-77.67,29.666
28.35,-77.62,29.715
28.35,-77.57,29.77
28.35,-77.52,29.795
28.35,-77.47,29.831
28.35,-77.42,29.827
28.35,-77.37,29.792
28.35,-77.32,29.771
28.35,-77.27,29.754
28.35,-77.22,29.742
28.35,-77.17,29.757
28.35,-77.12,29.771
28.35,-77.07,29.764
28.35,-77.02,29.759
28.35,-76.97,29.765
28.35,-76.92,29.769
28.35,-76.87,29.77
28.35,-76.82,29.77
28.35,-76.77,29.76
28.35,-76.72,29.759
28.35,-76.67,29.758
28.35,-76.62,29.766
28.35,-76.57,29.766
28.35,-76.52,29.75
28.35,-76.47,29.782
28.35,-76.42,29.894
28.35,-76.37,29.965
28.35,-76.32,29.963
28.35,-76.27,29.972
28.35,-76.22,30.01
28.35,-76.17,30.045
28.4,-80.62,27.736
28.4,-80.57,27.656
28.4,-80.52,27.528
28.4,-80.47,27.377
28.4,-80.42,27.318
28.4,-80.37,27.425
28.4,-80.32,27.599
28.4,-80.27,27.825
28.4,-80.22,28.143
28.4,-80.17,28.557
28.4,-80.12,29.036
28.4,-80.07,29.483
28.4,-80.02,29.831
28.4,-79.97,30.043
28.4,-79.92,30.141
28.4,-79.87,30.176
28.4,-79.82,30.18
28.4,-79.77,30.173
28.4,-79.72,30.157
28.4,-79.67,30.151
28.4,-79.62,30.15
28.4,-79.57,30.15
28.4,-79.52,30.155
28.4,-79.47,30.162
28.4,-79.42,30.194
28.4,-79.37,30.209
28.4,-79.32,30.169
28.4,-79.27,30.103
28.4,-79.22,30.055
28.4,-79.17,30.071
28.4,-79.12,30.092
28.4,-79.07,30.043
28.4,-79.02,29.95
28.4,-78.97,29.835
28.4,-78.92,29.684
28.4,-78.87,29.585
28.4,-78.82,29.517
28.4,-78.77,29.474
28.4,-78.72,29.594
28.4,-78.67,29.718
28.4,-78.62,29.804
28.4,-78.57,29.84
28.4,-78.52,29.82
28.4,-78.47,29.786
28.4,-78.42,29.764
28.4,-78.37,29.715
28.4,-78.32,29.649
28.4,-78.27,29.587
28.4,-78.22,29.573
28.4,-78.17,29.603
28.4,-78.12,29.613
28.4,-78.07,29.622
28.4,-78.02,29.626
28.4,-77.97,29.613
28.4,-77.92,29.588
28.4,-77.87,29.562
28.4,-77.82,29.536
28.4,-77.77,29.526
28.4,-77.72,29.572
28.4,-77.67,29.644
28.4,-77.62,29.704
28.4,-77.57,29.73
28.4,-77.52,29.745
28.4,-77.47,29.758
28.4,-77.42,29.794
28.4,-77.37,29.792
28.4,-77.32,29.771
28.4,-77.27,29.737
28.4,-77.22,29.693
28.4,-77.17,29.653
28.4,-77.12,29.688
28.4,-77.07,29.716
28.4,-77.02,29.729
28.4,-76.97,29.734
28.4,-76.92,29.731
28.4,-76.87,29.724
28.4,-76.82,29.728
28.4,-76.77,29.717
28.4,-76.72,29.713
28.4,-76.67,29.721
28.4,-76.62,29.738
28.4,-76.57,29.765
28.4,-76.52,29.78
28.4,-76.47,29.828
28.4,-76.42,29.918
28.4,-76.37,29.965
28.4,-76.32,29.95
28.4,-76.27,29.955
28.4,-76.22,29.997
28.4,-76.17,30.041
28.45,-80.62,27.714
28.45,-80.52,27.537
28.45,-80.47,27.386
28.45,-80.42,27.335
28.45,-80.37,27.459
28.45,-80.32,27.65
28.45,-80.27,27.94
28.45,-80.22,28.327
28.45,-80.17,28.764
28.45,-80.12,29.248
28.45,-80.07,29.681
28.45,-80.02,29.986
28.45,-79.97,30.143
28.45,-79.92,30.184
28.45,-79.87,30.174
28.45,-79.82,30.154
28.45,-79.77,30.148
28.45,-79.72,30.148
28.45,-79.67,30.155
28.45,-79.62,30.17
28.45,-79.57,30.19
28.45,-79.52,30.205
28.45,-79.47,30.212
28.45,-79.42,30.235
28.45,-79.37,30.216
28.45,-79.32,30.13
28.45,-79.27,30.07
28.45,-79.22,30.054
28.45,-79.17,30.053
28.45,-79.12,30.059
28.45,-79.07,30.024
28.45,-79.02,29.957
28.45,-78.97,29.839
28.45,-78.92,29.692
28.45,-78.87,29.618
28.45,-78.82,29.566
28.45,-78.77,29.511
28.45,-78.72,29.549
28.45,-78.67,29.654
28.45,-78.62,29.763
28.45,-78.57,29.828
28.45,-78.52,29.845
28.45,-78.47,29.836
28.45,-78.42,29.813
28.45,-78.37,29.767
28.45,-78.32,29.702
28.45,-78.27,29.641
28.45,-78.22,29.608
28.45,-78.17,29.596
28.45,-78.12,29.578
28.45,-78.07,29.607
28.45,-78.02,29.61
28.45,-77.97,29.581
28.45,-77.92,29.548
28.45,-77.87,29.513
28.45,-77.82,29.496
28.45,-77.77,29.522
28.45,-77.72,29.58
28.45,-77.67,29.634
28.45,-77.62,29.671
28.45,-77.57,29.679
28.45,-77.52,29.689
28.45,-77.47,29.704
28.45,-77.42,29.713
28.45,-77.37,29.712
28.45,-77.32,29.704
28.45,-77.27,29.676
28.45,-77.22,29.637
28.45,-77.17,29.626
28.45,-77.12,29.671
28.45,-77.07,29.705
28.45,-77.02,29.721
28.45,-76.97,29.72
28.45,-76.92,29.71
28.45,-76.87,29.698
28.45,-76.82,29.688
28.45,-76.77,29.696
28.45,-76.72,29.706
28.45,-76.67,29.723
28.45,-76.62,29.738
28.45,-76.57,29.759
28.45,-76.52,29.782
28.45,-76.47,29.826
28.45,-76.42,29.881
28.45,-76.37,29.9
28.45,-76.32,29.897
28.45,-76.27,29.945
28.45,-76.22,29.979
28.45,-76.17,30.026
28.5,-80.77,27.92
28.5,-80.62,27.712
28.5,-80.52,27.545
28.5,-80.47,27.416
28.5,-80.42,27.334
28.5,-80.37,27.464
28.5,-80.32,27.672
28.5,-80.27,28.051
28.5,-80.22,28.512
28.5,-80.17,28.952
28.5,-80.12,29.411
28.5,-80.07,29.815
28.5,-80.02,30.088
28.5,-79.97,30.209
28.5,-79.92,30.216
28.5,-79.87,30.182
28.5,-79.82,30.152
28.5,-79.77,30.144
28.5,-79.72,30.145
28.5,-79.67,30.156
28.5,-79.62,30.187
28.5,-79.57,30.232
28.5,-79.52,30.264
28.5,-79.47,30.282
28.5,-79.42,30.285
28.5,-79.37,30.243
28.5,-79.32,30.152
28.5,-79.27,30.107
28.5,-79.22,30.099
28.5,-79.17,30.082
28.5,-79.12,30.041
28.5,-79.07,29.997
28.5,-79.02,29.947
28.5,-78.97,29.812
28.5,-78.92,29.692
28.5,-78.87,29.641
28.5,-78.82,29.612
28.5,-78.77,29.557
28.5,-78.72,29.53
28.5,-78.67,29.593
28.5,-78.62,29.701
28.5,-78.57,29.788
28.5,-78.52,29.853
28.5,-78.47,29.866
28.5,-78.42,29.845
28.5,-78.37,29.816
28.5,-78.32,29.718
28.5,-78.27,29.644
28.5,-78.22,29.611
28.5,-78.17,29.594
28.5,-78.12,29.596
28.5,-78.07,29.615
28.5,-78.02,29.589
28.5,-77.97,29.523
28.5,-77.92,29.498
28.5,-77.87,29.473
28.5,-77.82,29.467
28.5,-77.77,29.504
28.5,-77.72,29.566
28.5,-77.67,29.595
28.5,-77.62,29.602
28.5,-77.57,29.591
28.5,-77.52,29.586
28.5,-77.47,29.593
28.5,-77.42,29.595
28.5,-77.37,29.632
28.5,-77.32,29.673
28.5,-77.27,29.63
28.5,-77.22,29.617
28.5,-77.17,29.645
28.5,-77.12,29.687
28.5,-77.07,29.717
28.5,-77.02,29.741
28.5,-76.97,29.742
28.5,-76.92,29.724
28.5,-76.87,29.678
28.5,-76.82,29.638
28.5,-76.77,29.625
28.5,-76.72,29.667
28.5,-76.67,29.744
28.5,-76.62,29.808
28.5,-76.57,29.827
28.5,-76.52,29.826
28.5,-76.47,29.826
28.5,-76.42,29.862
28.5,-76.37,29.897
28.5,-76.32,29.879
28.5,-76.27,29.932
28.5,-76.22,29.964
28.5,-76.17,30.005
28.55,-80.77,27.919
28.55,-80.52,27.589
28.55,-80.47,27.433
28.55,-80.42,27.347
28.55,-80.37,27.434
28.55,-80.32,27.687
28.55,-80.27,28.131
28.55,-80.22,28.675
28.55,-80.17,29.081
28.55,-80.12,29.496
28.55,-80.07,29.869
28.55,-80.02,30.125
28.55,-79.97,30.234
28.55,-79.92,30.234
28.55,-79.87,30.199
28.55,-79.82,30.168
28.55,-79.77,30.153
28.55,-79.72,30.149
28.55,-79.67,30.163
28.55,-79.62,30.208
28.55,-79.57,30.268
28.55,-79.52,30.312
28.55,-79.47,30.333
28.55,-79.42,30.337
28.55,-79.37,30.31
28.55,-79.32,30.255
28.55,-79.27,30.207
28.55,-79.22,30.179
28.55,-79.17,30.135
28.55,-79.12,30.071
28.55,-79.07,30.009
28.55,-79.02,29.935
28.55,-78.97,29.819
28.55,-78.92,29.713
28.55,-78.87,29.673
28.55,-78.82,29.672
28.55,-78.77,29.62
28.55,-78.72,29.536
28.55,-78.67,29.538
28.55,-78.62,29.641
28.55,-78.57,29.733
28.55,-78.52,29.783
28.55,-78.47,29.782
28.55,-78.42,29.764
28.55,-78.37,29.731
28.55,-78.32,29.645
28.55,-78.27,29.599
28.55,-78.22,29.583
28.55,-78.17,29.58
28.55,-78.12,29.603
28.55,-78.07,29.627
28.55,-78.02,29.59
28.55,-77.97,29.525
28.55,-77.92,29.486
28.55,-77.87,29.461
28.55,-77.82,29.446
28.55,-77.77,29.464
28.55,-77.72,29.51
28.55,-77.67,29.536
28.55,-77.62,29.536
28.55,-77.57,29.521
28.55,-77.52,29.53
28.55,-77.47,29.576
28.55,-77.42,29.556
28.55,-77.37,29.582
28.55,-77.32,29.621
28.55,-77.27,29.641
28.55,-77.22,29.663
28.55,-77.17,29.683
28.55,-77.12,29.699
28.55,-77.07,29.714
28.55,-77.02,29.74
28.55,-76.97,29.836
28.55,-76.92,29.791
28.55,-76.87,29.71
28.55,-76.82,29.621
28.55,-76.77,29.564
28.55,-76.72,29.576
28.55,-76.67,29.721
28.55,-76.62,29.922
28.55,-76.57,29.96
28.55,-76.52,29.876
28.55,-76.47,29.824
28.55,-76.42,29.858
28.55,-76.37,29.863
28.55,-76.32,29.836
28.55,-76.27,29.858
28.55,-76.22,29.887
28.55,-76.17,29.932
28.6,-80.77,27.928
28.6,-80.57,27.734
28.6,-80.52,27.627
28.6,-80.47,27.491
28.6,-80.42,27.39
28.6,-80.37,27.471
28.6,-80.32,27.715
28.6,-80.27,28.182
28.6,-80.22,28.739
28.6,-80.17,29.138
28.6,-80.12,29.542
28.6,-80.07,29.897
28.6,-80.02,30.14
28.6,-79.97,30.24
28.6,-79.92,30.234
28.6,-79.87,30.196
28.6,-79.82,30.159
28.6,-79.77,30.138
28.6,-79.72,30.139
28.6,-79.67,30.165
28.6,-79.62,30.215
28.6,-79.57,30.276
28.6,-79.52,30.324
28.6,-79.47,30.355
28.6,-79.42,30.368
28.6,-79.37,30.36
28.6,-79.32,30.331
28.6,-79.27,30.288
28.6,-79.22,30.234
28.6,-79.17,30.166
28.6,-79.12,30.086
28.6,-79.07,30.008
28.6,-79.02,29.93
28.6,-78.97,29.837
28.6,-78.92,29.75
28.6,-78.87,29.703
28.6,-78.82,29.697
28.6,-78.77,29.639
28.6,-78.72,29.55
28.6,-78.67,29.531
28.6,-78.62,29.581
28.6,-78.57,29.645
28.6,-78.52,29.682
28.6,-78.47,29.68
28.6,-78.42,29.653
28.6,-78.37,29.623
28.6,-78.32,29.591
28.6,-78.27,29.578
28.6,-78.22,29.554
28.6,-78.17,29.57
28.6,-78.12,29.601
28.6,-78.07,29.598
28.6,-78.02,29.539
28.6,-77.97,29.473
28.6,-77.92,29.42
28.6,-77.87,29.413
28.6,-77.82,29.419
28.6,-77.77,29.434
28.6,-77.72,29.466
28.6,-77.67,29.492
28.6,-77.62,29.487
28.6,-77.57,29.506
28.6,-77.52,29.569
28.6,-77.47,29.59
28.6,-77.42,29.564
28.6,-77.37,29.547
28.6,-77.32,29.58
28.6,-77.27,29.637
28.6,-77.22,29.711
28.6,-77.17,29.725
28.6,-77.12,29.675
28.6,-77.07,29.704
28.6,-77.02,29.727
28.6,-76.97,29.848
28.6,-76.92,29.804
28.6,-76.87,29.715
28.6,-76.82,29.746
28.6,-76.77,29.581
28.6,-76.72,29.49
28.6,-76.67,29.539
28.6,-76.62,29.693
28.6,-76.57,29.82
28.6,-76.52,29.838
28.6,-76.47,29.909
28.6,-76.42,29.934
28.6,-76.37,29.826
28.6,-76.32,29.739
28.6,-76.27,29.736
28.6,-76.22,29.756
28.6,-76.17,29.826
28.65,-80.62,27.857
28.65,-80.57,27.788
28.65,-80.52,27.696
28.65,-80.47,27.589
28.65,-80.42,27.508
28.65,-80.37,27.565
28.65,-80.32,27.778
28.65,-80.27,28.311
28.65,-80.22,28.846
28.65,-80.17,29.205
28.65,-80.12,29.597
28.65,-80.07,29.93
28.65,-80.02,30.15
28.65,-79.97,30.234
28.65,-79.92,30.217
28.65,-79.87,30.17
28.65,-79.82,30.115
28.65,-79.77,30.083
28.65,-79.72,30.104
28.65,-79.67,30.146
28.65,-79.62,30.197
28.65,-79.57,30.25
28.65,-79.52,30.301
28.65,-79.47,30.344
28.65,-79.42,30.369
28.65,-79.37,30.376
28.65,-79.32,30.362
28.65,-79.27,30.323
28.65,-79.22,30.259
28.65,-79.17,30.172
28.65,-79.12,30.074
28.65,-79.07,29.982
28.65,-79.02,29.902
28.65,-78.97,29.824
28.65,-78.92,29.758
28.65,-78.87,29.712
28.65,-78.82,29.662
28.65,-78.77,29.576
28.65,-78.72,29.492
28.65,-78.67,29.48
28.65,-78.62,29.507
28.65,-78.57,29.548
28.65,-78.52,29.572
28.65,-78.47,29.565
28.65,-78.42,29.553
28.65,-78.37,29.576
28.65,-78.32,29.599
28.65,-78.27,29.597
28.65,-78.22,29.569
28.65,-78.17,29.577
28.65,-78.12,29.592
28.65,-78.07,29.572
28.65,-78.02,29.504
28.65,-77.97,29.408
28.65,-77.92,29.325
28.65,-77.87,29.357
28.65,-77.82,29.423
28.65,-77.77,29.47
28.65,-77.72,29.493
28.65,-77.67,29.52
28.65,-77.62,29.53
28.65,-77.57,29.566
28.65,-77.52,29.63
28.65,-77.47,29.65
28.65,-77.42,29.593
28.65,-77.37,29.519
28.65,-77.32,29.498
28.65,-77.27,29.558
28.65,-77.22,29.703
28.65,-77.17,29.711
28.65,-77.12,29.58
28.65,-77.07,29.625
28.65,-77.02,29.661
28.65,-76.97,29.615
28.65,-76.92,29.556
28.65,-76.87,29.562
28.65,-76.82,29.647
28.65,-76.77,29.652
28.65,-76.72,29.519
28.65,-76.67,29.473
28.65,-76.62,29.499
28.65,-76.57,29.582
28.65,-76.52,29.777
28.65,-76.47,29.925
28.65,-76.42,29.969
28.65,-76.37,29.858
28.65,-76.32,29.673
28.65,-76.27,29.677
28.65,-76.22,29.687
28.65,-76.17,29.727
28.7,-80.62,27.895
28.7,-80.57,27.838
28.7,-80.52,27.77
28.7,-80.47,27.687
28.7,-80.42,27.627
28.7,-80.37,27.624
28.7,-80.32,27.915
28.7,-80.27,28.535
28.7,-80.22,28.983
28.7,-80.17,29.321
28.7,-80.12,29.682
28.7,-80.07,29.975
28.7,-80.02,30.158
28.7,-79.97,30.218
28.7,-79.92,30.191
28.7,-79.87,30.132
28.7,-79.82,30.069
28.7,-79.77,30.023
28.7,-79.72,30.047
28.7,-79.67,30.098
28.7,-79.62,30.149
28.7,-79.57,30.198
28.7,-79.52,30.255
28.7,-79.47,30.308
28.7,-79.42,30.343
28.7,-79.37,30.358
28.7,-79.32,30.351
28.7,-79.27,30.317
28.7,-79.22,30.254
28.7,-79.17,30.162
28.7,-79.12,30.054
28.7,-79.07,29.951
28.7,-79.02,29.865
28.7,-78.97,29.795
28.7,-78.92,29.747
28.7,-78.87,29.717
28.7,-78.82,29.668
28.7,-78.77,29.548
28.7,-78.72,29.411
28.7,-78.67,29.394
28.7,-78.62,29.401
28.7,-78.57,29.456
28.7,-78.52,29.491
28.7,-78.47,29.484
28.7,-78.42,29.475
28.7,-78.37,29.575
28.7,-78.32,29.638
28.7,-78.27,29.643
28.7,-78.22,29.621
28.7,-78.17,29.604
28.7,-78.12,29.602
28.7,-78.07,29.587
28.7,-78.02,29.534
28.7,-77.97,29.465
28.7,-77.92,29.42
28.7,-77.87,29.444
28.7,-77.82,29.527
28.7,-77.77,29.601
28.7,-77.72,29.664
28.7,-77.67,29.702
28.7,-77.62,29.677
28.7,-77.57,29.609
28.7,-77.52,29.685
28.7,-77.47,29.821
28.7,-77.42,29.707
28.7,-77.37,29.548
28.7,-77.32,29.42
28.7,-77.27,29.408
28.7,-77.22,29.471
28.7,-77.17,29.493
28.7,-77.12,29.508
28.7,-77.07,29.649
28.7,-77.02,29.636
28.7,-76.97,29.499
28.7,-76.92,29.452
28.7,-76.87,29.446
28.7,-76.82,29.548
28.7,-76.77,29.529
28.7,-76.72,29.606
28.7,-76.67,29.635
28.7,-76.62,29.541
28.7,-76.57,29.5
28.7,-76.52,29.702
28.7,-76.47,29.895
28.7,-76.42,29.931
28.7,-76.37,29.942
28.7,-76.32,29.894
28.7,-76.27,29.805
28.7,-76.22,29.817
28.7,-76.17,29.924
28.75,-80.67,27.964
28.75,-80.62,27.923
28.75,-80.57,27.896
28.75,-80.52,27.806
28.75,-80.47,27.715
28.75,-80.42,27.654
28.75,-80.37,27.652
28.75,-80.32,28.045
28.75,-80.27,28.707
28.75,-80.22,29.122
28.75,-80.17,29.452
28.75,-80.12,29.764
28.75,-80.07,30.013
28.75,-80.02,30.161
28.75,-79.97,30.204
28.75,-79.92,30.17
28.75,-79.87,30.104
28.75,-79.82,30.029
28.75,-79.77,29.984
28.75,-79.72,29.986
28.75,-79.67,30.028
28.75,-79.62,30.072
28.75,-79.57,30.121
28.75,-79.52,30.196
28.75,-79.47,30.258
28.75,-79.42,30.294
28.75,-79.37,30.305
28.75,-79.32,30.299
28.75,-79.27,30.271
28.75,-79.22,30.217
28.75,-79.17,30.133
28.75,-79.12,30.027
28.75,-79.07,29.921
28.75,-79.02,29.832
28.75,-78.97,29.766
28.75,-78.92,29.733
28.75,-78.87,29.722
28.75,-78.82,29.699
28.75,-78.77,29.607
28.75,-78.72,29.47
28.75,-78.67,29.369
28.75,-78.62,29.319
28.75,-78.57,29.402
28.75,-78.52,29.467
28.75,-78.47,29.49
28.75,-78.42,29.532
28.75,-78.37,29.618
28.75,-78.32,29.671
28.75,-78.27,29.679
28.75,-78.22,29.654
28.75,-78.17,29.63
28.75,-78.12,29.629
28.75,-78.07,29.63
28.75,-78.02,29.604
28.75,-77.97,29.566
28.75,-77.92,29.535
28.75,-77.87,29.532
28.75,-77.82,29.561
28.75,-77.77,29.61
28.75,-77.72,29.707
28.75,-77.67,29.735
28.75,-77.62,29.677
28.75,-77.57,29.603
28.75,-77.52,29.773
28.75,-77.47,29.973
28.75,-77.42,29.856
28.75,-77.37,29.693
28.75,-77.32,29.49
28.75,-77.27,29.464
28.75,-77.22,29.467
28.75,-77.17,29.379
28.75,-77.12,29.381
28.75,-77.07,29.439
28.75,-77.02,29.433
28.75,-76.97,29.363
28.75,-76.92,29.319
28.75,-76.87,29.308
28.75,-76.82,29.33
28.75,-76.77,29.428
28.75,-76.72,29.658
28.75,-76.67,29.752
28.75,-76.62,29.59
28.75,-76.57,29.45
28.75,-76.52,29.554
28.75,-76.47,29.736
28.75,-76.42,29.858
28.75,-76.37,29.943
28.75,-76.32,30.032
28.75,-76.27,29.989
28.75,-76.22,30.017
28.75,-76.17,30.007
28.8,-80.72,28.057
28.8,-80.67,27.997
28.8,-80.62,27.944
28.8,-80.57,27.876
28.8,-80.52,27.767
28.8,-80.47,27.645
28.8,-80.42,27.601
28.8,-80.37,27.657
28.8,-80.32,28.152
28.8,-80.27,28.806
28.8,-80.22,29.212
28.8,-80.17,29.536
28.8,-80.12,29.807
28.8,-80.07,30.025
28.8,-80.02,30.153
28.8,-79.97,30.192
28.8,-79.92,30.169
28.8,-79.87,30.103
28.8,-79.82,30.008
28.8,-79.77,29.942
28.8,-79.72,29.94
28.8,-79.67,29.986
28.8,-79.62,30.025
28.8,-79.57,30.067
28.8,-79.52,30.157
28.8,-79.47,30.217
28.8,-79.42,30.234
28.8,-79.37,30.227
28.8,-79.32,30.203
28.8,-79.27,30.183
28.8,-79.22,30.143
28.8,-79.17,30.074
28.8,-79.12,29.983
28.8,-79.07,29.884
28.8,-79.02,29.797
28.8,-78.97,29.739
28.8,-78.92,29.714
28.8,-78.87,29.713
28.8,-78.82,29.707
28.8,-78.77,29.661
28.8,-78.72,29.564
28.8,-78.67,29.459
28.8,-78.62,29.4
28.8,-78.57,29.427
28.8,-78.52,29.493
28.8,-78.47,29.551
28.8,-78.42,29.591
28.8,-78.37,29.616
28.8,-78.32,29.648
28.8,-78.27,29.678
28.8,-78.22,29.677
28.8,-78.17,29.655
28.8,-78.12,29.654
28.8,-78.07,29.663
28.8,-78.02,29.665
28.8,-77.97,29.643
28.8,-77.92,29.595
28.8,-77.87,29.558
28.8,-77.82,29.542
28.8,-77.77,29.535
28.8,-77.72,29.549
28.8,-77.67,29.582
28.8,-77.62,29.686
28.8,-77.57,29.79
28.8,-77.52,29.834
28.8,-77.47,29.853
28.8,-77.42,29.785
28.8,-77.37,29.735
28.8,-77.32,29.568
28.8,-77.27,29.523
28.8,-77.22,29.565
28.8,-77.17,29.398
28.8,-77.12,29.342
28.8,-77.07,29.381
28.8,-77.02,29.377
28.8,-76.97,29.336
28.8,-76.92,29.278
28.8,-76.87,29.242
28.8,-76.82,29.231
28.8,-76.77,29.304
28.8,-76.72,29.476
28.8,-76.67,29.598
28.8,-76.62,29.556
28.8,-76.57,29.347
28.8,-76.52,29.329
28.8,-76.47,29.455
28.8,-76.42,29.676
28.8,-76.37,29.916
28.8,-76.32,29.931
28.8,-76.27,29.872
28.8,-76.22,29.937
28.8,-76.17,29.955
28.85,-80.72,28.143
28.85,-80.67,28.078
28.85,-80.62,27.988
28.85,-80.57,27.908
28.85,-80.52,27.779
28.85,-80.47,27.597
28.85,-80.42,27.557
28.85,-80.37,27.736
28.85,-80.32,28.282
28.85,-80.27,28.874
28.85,-80.22,29.272
28.85,-80.17,29.567
28.85,-80.12,29.809
28.85,-80.07,30.006
28.85,-80.02,30.13
28.85,-79.97,30.176
28.85,-79.92,30.159
28.85,-79.87,30.1
28.85,-79.82,30.019
28.85,-79.77,29.951
28.85,-79.72,29.954
28.85,-79.67,29.986
28.85,-79.62,30.03
28.85,-79.57,30.081
28.85,-79.52,30.154
28.85,-79.47,30.2
28.85,-79.42,30.2
28.85,-79.37,30.18
28.85,-79.32,30.133
28.85,-79.27,30.087
28.85,-79.22,30.043
28.85,-79.17,29.975
28.85,-79.12,29.898
28.85,-79.07,29.809
28.85,-79.02,29.733
28.85,-78.97,29.687
28.85,-78.92,29.672
28.85,-78.87,29.681
28.85,-78.82,29.692
28.85,-78.77,29.662
28.85,-78.72,29.578
28.85,-78.67,29.493
28.85,-78.62,29.455
28.85,-78.57,29.477
28.85,-78.52,29.533
28.85,-78.47,29.59
28.85,-78.42,29.605
28.85,-78.37,29.581
28.85,-78.32,29.61
28.85,-78.27,29.641
28.85,-78.22,29.64
28.85,-78.17,29.609
28.85,-78.12,29.62
28.85,-78.07,29.648
28.85,-78.02,29.661
28.85,-77.97,29.658
28.85,-77.92,29.61
28.85,-77.87,29.563
28.85,-77.82,29.514
28.85,-77.77,29.449
28.85,-77.72,29.416
28.85,-77.67,29.477
28.85,-77.62,29.641
28.85,-77.57,29.796
28.85,-77.52,29.842
28.85,-77.47,29.767
28.85,-77.42,29.756
28.85,-77.37,29.583
28.85,-77.32,29.488
28.85,-77.27,29.424
28.85,-77.22,29.45
28.85,-77.17,29.391
28.85,-77.12,29.427
28.85,-77.07,29.604
28.85,-77.02,29.611
28.85,-76.97,29.523
28.85,-76.92,29.423
28.85,-76.87,29.306
28.85,-76.82,29.283
28.85,-76.77,29.287
28.85,-76.72,29.361
28.85,-76.67,29.493
28.85,-76.62,29.368
28.85,-76.57,29.208
28.85,-76.52,29.18
28.85,-76.47,29.316
28.85,-76.42,29.576
28.85,-76.37,29.822
28.85,-76.32,29.691
28.85,-76.27,29.63
28.85,-76.22,29.666
28.85,-76.17,29.781
28.9,-80.77,28.148
28.9,-80.72,28.283
28.9,-80.67,28.2
28.9,-80.62,28.057
28.9,-80.57,28.011
28.9,-80.52,27.889
28.9,-80.47,27.712
28.9,-80.42,27.628
28.9,-80.37,27.898
28.9,-80.32,28.507
28.9,-80.27,28.994
28.9,-80.22,29.322
28.9,-80.17,29.562
28.9,-80.12,29.78
28.9,-80.07,29.964
28.9,-80.02,30.093
28.9,-79.97,30.152
28.9,-79.92,30.148
28.9,-79.87,30.109
28.9,-79.82,30.05
28.9,-79.77,30.009
28.9,-79.72,30.012
28.9,-79.67,30.017
28.9,-79.62,30.045
28.9,-79.57,30.101
28.9,-79.52,30.152
28.9,-79.47,30.168
28.9,-79.42,30.174
28.9,-79.37,30.166
28.9,-79.32,30.128
28.9,-79.27,30.074
28.9,-79.22,29.993
28.9,-79.17,29.894
28.9,-79.12,29.772
28.9,-79.07,29.69
28.9,-79.02,29.629
28.9,-78.97,29.59
28.9,-78.92,29.591
28.9,-78.87,29.607
28.9,-78.82,29.618
28.9,-78.77,29.587
28.9,-78.72,29.51
28.9,-78.67,29.45
28.9,-78.62,29.463
28.9,-78.57,29.508
28.9,-78.52,29.552
28.9,-78.47,29.586
28.9,-78.42,29.572
28.9,-78.37,29.513
28.9,-78.32,29.551
28.9,-78.27,29.571
28.9,-78.22,29.544
28.9,-78.17,29.488
28.9,-78.12,29.527
28.9,-78.07,29.584
28.9,-78.02,29.601
28.9,-77.97,29.613
28.9,-77.92,29.601
28.9,-77.87,29.588
28.9,-77.82,29.536
28.9,-77.77,29.404
28.9,-77.72,29.345
28.9,-77.67,29.359
28.9,-77.62,29.475
28.9,-77.57,29.643
28.9,-77.52,29.754
28.9,-77.47,29.776
28.9,-77.42,29.676
28.9,-77.37,29.448
28.9,-77.32,29.39
28.9,-77.27,29.361
28.9,-77.22,29.402
28.9,-77.17,29.36
28.9,-77.12,29.423
28.9,-77.07,29.628
28.9,-77.02,29.795
28.9,-76.97,29.803
28.9,-76.92,29.603
28.9,-76.87,29.493
28.9,-76.82,29.59
28.9,-76.77,29.435
28.9,-76.72,29.246
28.9,-76.67,29.176
28.9,-76.62,29.116
28.9,-76.57,29.089
28.9,-76.52,29.132
28.9,-76.47,29.312
28.9,-76.42,29.499
28.9,-76.37,29.576
28.9,-76.32,29.504
28.9,-76.27,29.38
28.9,-76.22,29.401
28.9,-76.17,29.572
28.95,-80.82,27.878
28.95,-80.77,27.985
28.95,-80.72,28.179
28.95,-80.67,28.242
28.95,-80.62,28.23
28.95,-80.57,28.173
28.95,-80.52,28.017
28.95,-80.47,27.857
28.95,-80.42,27.787
28.95,-80.37,28.092
28.95,-80.32,28.665
28.95,-80.27,29.049
28.95,-80.22,29.308
28.95,-80.17,29.53
28.95,-80.12,29.737
28.95,-80.07,29.916
28.95,-80.02,30.052
28.95,-79.97,30.133
28.95,-79.92,30.149
28.95,-79.87,30.109
28.95,-79.82,30.075
28.95,-79.77,30.056
28.95,-79.72,30.047
28.95,-79.67,30.028
28.95,-79.62,30.044
28.95,-79.57,30.105
28.95,-79.52,30.147
28.95,-79.47,30.156
28.95,-79.42,30.157
28.95,-79.37,30.138
28.95,-79.32,30.129
28.95,-79.27,30.094
28.95,-79.22,30.014
28.95,-79.17,29.866
28.95,-79.12,29.688
28.95,-79.07,29.6
28.95,-79.02,29.545
28.95,-78.97,29.512
28.95,-78.92,29.504
28.95,-78.87,29.5
28.95,-78.82,29.504
28.95,-78.77,29.489
28.95,-78.72,29.466
28.95,-78.67,29.436
28.95,-78.62,29.466
28.95,-78.57,29.499
28.95,-78.52,29.519
28.95,-78.47,29.541
28.95,-78.42,29.526
28.95,-78.37,29.466
28.95,-78.32,29.451
28.95,-78.27,29.482
28.95,-78.22,29.467
28.95,-78.17,29.436
28.95,-78.12,29.441
28.95,-78.07,29.47
28.95,-78.02,29.509
28.95,-77.97,29.559
28.95,-77.92,29.584
28.95,-77.87,29.624
28.95,-77.82,29.67
28.95,-77.77,29.569
28.95,-77.72,29.511
28.95,-77.67,29.474
28.95,-77.62,29.535
28.95,-77.57,29.676
28.95,-77.52,29.764
28.95,-77.47,29.826
28.95,-77.42,29.674
28.95,-77.37,29.468
28.95,-77.32,29.344
28.95,-77.27,29.334
28.95,-77.22,29.396
28.95,-77.17,29.456
28.95,-77.12,29.448
28.95,-77.07,29.652
28.95,-77.02,29.875
28.95,-76.97,29.822
28.95,-76.92,29.634
28.95,-76.87,29.565
28.95,-76.82,29.645
28.95,-76.77,29.558
28.95,-76.72,29.306
28.95,-76.67,29.154
28.95,-76.62,29.096
28.95,-76.57,29.09
28.95,-76.52,29.137
28.95,-76.47,29.3
28.95,-76.42,29.355
28.95,-76.37,29.401
28.95,-76.32,29.422
28.95,-76.27,29.33
28.95,-76.22,29.267
28.95,-76.17,29.372
29.0,-80.87,27.807
29.0,-80.82,27.701
29.0,-80.77,27.721
29.0,-80.72,27.914
29.0,-80.67,28.146
29.0,-80.62,28.28
29.0,-80.57,28.266
29.0,-80.52,28.13
29.0,-80.47,27.974
29.0,-80.42,27.94
29.0,-80.37,28.265
29.0,-80.32,28.797
29.0,-80.27,29.076
29.0,-80.22,29.291
29.0,-80.17,29.506
29.0,-80.12,29.709
29.0,-80.07,29.886
29.0,-80.02,30.026
29.0,-79.97,30.12
29.0,-79.92,30.151
29.0,-79.87,30.121
29.0,-79.82,30.093
29.0,-79.77,30.073
29.0,-79.72,30.054
29.0,-79.67,30.038
29.0,-79.62,30.053
29.0,-79.57,30.103
29.0,-79.52,30.133
29.0,-79.47,30.139
29.0,-79.42,30.118
29.0,-79.37,30.109
29.0,-79.32,30.108
29.0,-79.27,30.07
29.0,-79.22,29.984
29.0,-79.17,29.808
29.0,-79.12,29.623
29.0,-79.07,29.547
29.0,-79.02,29.506
29.0,-78.97,29.477
29.0,-78.92,29.456
29.0,-78.87,29.44
29.0,-78.82,29.433
29.0,-78.77,29.443
29.0,-78.72,29.448
29.0,-78.67,29.442
29.0,-78.62,29.465
29.0,-78.57,29.48
29.0,-78.52,29.465
29.0,-78.47,29.465
29.0,-78.42,29.455
29.0,-78.37,29.421
29.0,-78.32,29.38
29.0,-78.27,29.387
29.0,-78.22,29.398
29.0,-78.17,29.372
29.0,-78.12,29.347
29.0,-78.07,29.365
29.0,-78.02,29.45
29.0,-77.97,29.552
29.0,-77.92,29.591
29.0,-77.87,29.601
29.0,-77.82,29.665
29.0,-77.77,29.78
29.0,-77.72,29.788
29.0,-77.67,29.712
29.0,-77.62,29.789
29.0,-77.57,29.986
29.0,-77.52,30.057
29.0,-77.47,30.023
29.0,-77.42,29.883
29.0,-77.37,29.611
29.0,-77.32,29.471
29.0,-77.27,29.51
29.0,-77.22,29.7
29.0,-77.17,29.863
29.0,-77.12,29.896
29.0,-77.07,29.96
29.0,-77.02,30.008
29.0,-76.97,29.832
29.0,-76.92,29.558
29.0,-76.87,29.43
29.0,-76.82,29.44
29.0,-76.77,29.538
29.0,-76.72,29.499
29.0,-76.67,29.23
29.0,-76.62,29.176
29.0,-76.57,29.139
29.0,-76.52,29.15
29.0,-76.47,29.318
29.0,-76.42,29.449
29.0,-76.37,29.487
29.0,-76.32,29.534
29.0,-76.27,29.399
29.0,-76.22,29.363
29.0,-76.17,29.469
29.05,-80.87,27.812
29.05,-80.82,27.662
29.05,-80.77,27.595
29.05,-80.72,27.745
29.05,-80.67,28.035
29.05,-80.62,28.283
29.05,-80.57,28.306
29.05,-80.52,28.179
29.05,-80.47,28.011
29.05,-80.42,28.048
29.05,-80.37,28.432
29.05,-80.32,28.865
29.05,-80.27,29.132
29.05,-80.22,29.332
29.05,-80.17,29.529
29.05,-80.12,29.721
29.05,-80.07,29.887
29.05,-80.02,30.022
29.05,-79.97,30.113
29.05,-79.92,30.145
29.05,-79.87,30.125
29.05,-79.82,30.109
29.05,-79.77,30.09
29.05,-79.72,30.045
29.05,-79.67,30.035
29.05,-79.62,30.075
29.05,-79.57,30.1
29.05,-79.52,30.123
29.05,-79.47,30.12
29.05,-79.42,30.09
29.05,-79.37,30.072
29.05,-79.32,30.068
29.05,-79.27,30.024
29.05,-79.22,29.916
29.05,-79.17,29.71
29.05,-79.12,29.532
29.05,-79.07,29.457
29.05,-79.02,29.431
29.05,-78.97,29.405
29.05,-78.92,29.388
29.05,-78.87,29.378
29.05,-78.82,29.373
29.05,-78.77,29.38
29.05,-78.72,29.394
29.05,-78.67,29.394
29.05,-78.62,29.409
29.05,-78.57,29.433
29.05,-78.52,29.442
29.05,-78.47,29.435
29.05,-78.42,29.41
29.05,-78.37,29.4
29.05,-78.32,29.37
29.05,-78.27,29.343
29.05,-78.22,29.315
29.05,-78.17,29.281
29.05,-78.12,29.272
29.05,-78.07,29.294
29.05,-78.02,29.485
29.05,-77.97,29.682
29.05,-77.92,29.727
29.05,-77.87,29.552
29.05,-77.82,29.536
29.05,-77.77,29.675
29.05,-77.72,29.733
29.05,-77.67,29.67
29.05,-77.62,29.796
29.05,-77.57,29.961
29.05,-77.52,30.053
29.05,-77.47,30.08
29.05,-77.42,29.994
29.05,-77.37,29.875
29.05,-77.32,29.723
29.05,-77.27,29.752
29.05,-77.22,29.951
29.05,-77.17,30.07
29.05,-77.12,30.095
29.05,-77.07,30.059
29.05,-77.02,29.977
29.05,-76.97,29.772
29.05,-76.92,29.462
29.05,-76.87,29.264
29.05,-76.82,29.298
29.05,-76.77,29.374
29.05,-76.72,29.318
29.05,-76.67,29.181
29.05,-76.62,29.186
29.05,-76.57,29.182
29.05,-76.52,29.201
29.05,-76.47,29.258
29.05,-76.42,29.372
29.05,-76.37,29.616
29.05,-76.32,29.743
29.05,-76.27,29.706
29.05,-76.22,29.723
29.05,-76.17,29.754
29.1,-80.92,28.061
29.1,-80.87,28.007
29.1,-80.82,27.892
29.1,-80.77,27.751
29.1,-80.72,27.787
29.1,-80.67,28.07
29.1,-80.62,28.361
29.1,-80.57,28.393
29.1,-80.52,28.258
29.1,-80.47,28.126
29.1,-80.42,28.161
29.1,-80.37,28.53
29.1,-80.32,28.98
29.1,-80.27,29.235
29.1,-80.22,29.409
29.1,-80.17,29.593
29.1,-80.12,29.772
29.1,-80.07,29.924
29.1,-80.02,30.04
29.1,-79.97,30.112
29.1,-79.92,30.129
29.1,-79.87,30.118
29.1,-79.82,30.115
29.1,-79.77,30.088
29.1,-79.72,30.035
29.1,-79.67,30.024
29.1,-79.62,30.083
29.1,-79.57,30.117
29.1,-79.52,30.118
29.1,-79.47,30.098
29.1,-79.42,30.069
29.1,-79.37,30.063
29.1,-79.32,30.05
29.1,-79.27,29.989
29.1,-79.22,29.844
29.1,-79.17,29.624
29.1,-79.12,29.459
29.1,-79.07,29.393
29.1,-79.02,29.354
29.1,-78.97,29.334
29.1,-78.92,29.316
29.1,-78.87,29.312
29.1,-78.82,29.324
29.1,-78.77,29.33
29.1,-78.72,29.328
29.1,-78.67,29.315
29.1,-78.62,29.31
29.1,-78.57,29.345
29.1,-78.52,29.379
29.1,-78.47,29.402
29.1,-78.42,29.4
29.1,-78.37,29.389
29.1,-78.32,29.385
29.1,-78.27,29.36
29.1,-78.22,29.33
29.1,-78.17,29.323
29.1,-78.12,29.355
29.1,-78.07,29.418
29.1,-78.02,29.581
29.1,-77.97,29.806
29.1,-77.92,29.853
29.1,-77.87,29.591
29.1,-77.82,29.386
29.1,-77.77,29.373
29.1,-77.72,29.522
29.1,-77.67,29.681
29.1,-77.62,29.815
29.1,-77.57,29.879
29.1,-77.52,29.966
29.1,-77.47,30.026
29.1,-77.42,29.868
29.1,-77.37,29.767
29.1,-77.32,29.66
29.1,-77.27,29.647
29.1,-77.22,29.75
29.1,-77.17,29.868
29.1,-77.12,29.941
29.1,-77.07,29.907
29.1,-77.02,29.833
29.1,-76.97,29.697
29.1,-76.92,29.517
29.1,-76.87,29.314
29.1,-76.82,29.269
29.1,-76.77,29.33
29.1,-76.72,29.379
29.1,-76.67,29.355
29.1,-76.62,29.317
29.1,-76.57,29.345
29.1,-76.52,29.511
29.1,-76.47,29.656
29.1,-76.42,29.67
29.1,-76.37,29.622
29.1,-76.32,29.67
29.1,-76.27,29.806
29.1,-76.22,29.93
29.1,-76.17,29.925
29.15,-80.92,28.359
29.15,-80.87,28.445
29.15,-80.82,28.375
29.15,-80.77,28.233
29.15,-80.72,28.147
29.15,-80.67,28.33
29.15,-80.62,28.577
29.15,-80.57,28.534
29.15,-80.52,28.365
29.15,-80.47,28.186
29.15,-80.42,28.169
29.15,-80.37,28.533
29.15,-80.32,28.994
29.15,-80.27,29.282
29.15,-80.22,29.488
29.15,-80.17,29.678
29.15,-80.12,29.85
29.15,-80.07,29.994
29.15,-80.02,30.086
29.15,-79.97,30.13
29.15,-79.92,30.135
29.15,-79.87,30.119
29.15,-79.82,30.095
29.15,-79.77,30.053
29.15,-79.72,30.02
29.15,-79.67,30.042
29.15,-79.62,30.083
29.15,-79.57,30.121
29.15,-79.52,30.127
29.15,-79.47,30.107
29.15,-79.42,30.082
29.15,-79.37,30.077
29.15,-79.32,30.058
29.15,-79.27,29.973
29.15,-79.22,29.776
29.15,-79.17,29.567
29.15,-79.12,29.435
29.15,-79.07,29.387
29.15,-79.02,29.369
29.15,-78.97,29.347
29.15,-78.92,29.32
29.15,-78.87,29.298
29.15,-78.82,29.302
29.15,-78.77,29.312
29.15,-78.72,29.285
29.15,-78.67,29.262
29.15,-78.62,29.245
29.15,-78.57,29.277
29.15,-78.52,29.344
29.15,-78.47,29.393
29.15,-78.42,29.422
29.15,-78.37,29.437
29.15,-78.32,29.427
29.15,-78.27,29.423
29.15,-78.22,29.417
29.15,-78.17,29.474
29.15,-78.12,29.553
29.15,-78.07,29.597
29.15,-78.02,29.666
29.15,-77.97,29.804
29.15,-77.92,29.81
29.15,-77.87,29.633
29.15,-77.82,29.441
29.15,-77.77,29.462
29.15,-77.72,29.633
29.15,-77.67,29.764
29.15,-77.62,29.809
29.15,-77.57,29.927
29.15,-77.52,29.937
29.15,-77.47,29.915
29.15,-77.42,29.844
29.15,-77.37,29.509
29.15,-77.32,29.351
29.15,-77.27,29.351
29.15,-77.22,29.409
29.15,-77.17,29.474
29.15,-77.12,29.565
29.15,-77.07,29.669
29.15,-77.02,29.658
29.15,-76.97,29.599
29.15,-76.92,29.531
29.15,-76.87,29.418
29.15,-76.82,29.445
29.15,-76.77,29.517
29.15,-76.72,29.55
29.15,-76.67,29.549
29.15,-76.62,29.582
29.15,-76.57,29.619
29.15,-76.52,29.747
29.15,-76.47,29.844
29.15,-76.42,29.819
29.15,-76.37,29.818
29.15,-76.32,29.75
29.15,-76.27,29.762
29.15,-76.22,29.823
29.15,-76.17,29.787
29.2,-80.97,28.567
29.2,-80.92,28.734
29.2,-80.87,28.976
29.2,-80.82,28.928
29.2,-80.77,28.815
29.2,-80.72,28.695
29.2,-80.67,28.708
29.2,-80.62,28.884
29.2,-80.57,28.812
29.2,-80.52,28.579
29.2,-80.47,28.346
29.2,-80.42,28.225
29.2,-80.37,28.445
29.2,-80.32,28.957
29.2,-80.27,29.321
29.2,-80.22,29.577
29.2,-80.17,29.778
29.2,-80.12,29.943
29.2,-80.07,30.064
29.2,-80.02,30.136
29.2,-79.97,30.173
29.2,-79.92,30.177
29.2,-79.87,30.145
29.2,-79.82,30.088
29.2,-79.77,30.033
29.2,-79.72,30.017
29.2,-79.67,30.078
29.2,-79.62,30.106
29.2,-79.57,30.125
29.2,-79.52,30.122
29.2,-79.47,30.101
29.2,-79.42,30.083
29.2,-79.37,30.076
29.2,-79.32,30.042
29.2,-79.27,29.928
29.2,-79.22,29.717
29.2,-79.17,29.532
29.2,-79.12,29.453
29.2,-79.07,29.461
29.2,-79.02,29.483
29.2,-78.97,29.488
29.2,-78.92,29.458
29.2,-78.87,29.417
29.2,-78.82,29.395
29.2,-78.77,29.396
29.2,-78.72,29.347
29.2,-78.67,29.288
29.2,-78.62,29.232
29.2,-78.57,29.245
29.2,-78.52,29.324
29.2,-78.47,29.411
29.2,-78.42,29.5
29.2,-78.37,29.57
29.2,-78.32,29.602
29.2,-78.27,29.585
29.2,-78.22,29.561
29.2,-78.17,29.701
29.2,-78.12,29.805
29.2,-78.07,29.729
29.2,-78.02,29.646
29.2,-77.97,29.693
29.2,-77.92,29.718
29.2,-77.87,29.67
29.2,-77.82,29.598
29.2,-77.77,29.652
29.2,-77.72,29.751
29.2,-77.67,29.852
29.2,-77.62,29.888
29.2,-77.57,29.905
29.2,-77.52,29.862
29.2,-77.47,29.82
29.2,-77.42,29.791
29.2,-77.37,29.459
29.2,-77.32,29.211
29.2,-77.27,29.195
29.2,-77.22,29.312
29.2,-77.17,29.401
29.2,-77.12,29.37
29.2,-77.07,29.399
29.2,-77.02,29.373
29.2,-76.97,29.373
29.2,-76.92,29.357
29.2,-76.87,29.355
29.2,-76.82,29.463
29.2,-76.77,29.633
29.2,-76.72,29.729
29.2,-76.67,29.758
29.2,-76.62,29.729
29.2,-76.57,29.664
29.2,-76.52,29.655
29.2,-76.47,29.718
29.2,-76.42,29.72
29.2,-76.37,29.773
29.2,-76.32,29.83
29.2,-76.27,29.831
29.2,-76.22,29.753
29.2,-76.17,29.594
29.25,-80.97,28.846
29.25,-80.92,29.073
29.25,-80.87,29.197
29.25,-80.82,29.219
29.25,-80.77,29.185
29.25,-80.72,29.083
29.25,-80.67,28.929
29.25,-80.62,28.919
29.25,-80.57,29.007
29.25,-80.52,28.87
29.25,-80.47,28.712
29.25,-80.42,28.337
29.25,-80.37,28.398
29.25,-80.32,28.85
29.25,-80.27,29.329
29.25,-80.22,29.687
29.25,-80.17,29.894
29.25,-80.12,30.048
29.25,-80.07,30.141
29.25,-80.02,30.179
29.25,-79.97,30.2
29.25,-79.92,30.204
29.25,-79.87,30.174
29.25,-79.82,30.118
29.25,-79.77,30.077
29.25,-79.72,30.052
29.25,-79.67,30.11
29.25,-79.62,30.156
29.25,-79.57,30.163
29.25,-79.52,30.154
29.25,-79.47,30.128
29.25,-79.42,30.111
29.25,-79.37,30.082
29.25,-79.32,30.024
29.25,-79.27,29.875
29.25,-79.22,29.683
29.25,-79.17,29.533
29.25,-79.12,29.488
29.25,-79.07,29.526
29.25,-79.02,29.571
29.25,-78.97,29.609
29.25,-78.92,29.616
29.25,-78.87,29.577
29.25,-78.82,29.548
29.25,-78.77,29.628
29.25,-78.72,29.564
29.25,-78.67,29.457
29.25,-78.62,29.355
29.25,-78.57,29.306
29.25,-78.52,29.325
29.25,-78.47,29.436
29.25,-78.42,29.619
29.25,-78.37,29.786
29.25,-78.32,29.785
29.25,-78.27,29.819
29.25,-78.22,29.761
29.25,-78.17,29.851
29.25,-78.12,29.852
29.25,-78.07,29.827
29.25,-78.02,29.683
29.25,-77.97,29.63
29.25,-77.92,29.654
29.25,-77.87,29.712
29.25,-77.82,29.713
29.25,-77.77,29.703
29.25,-77.72,29.742
29.25,-77.67,29.775
29.25,-77.62,29.782
29.25,-77.57,29.749
29.25,-77.52,29.696
29.25,-77.47,29.663
29.25,-77.42,29.605
29.25,-77.37,29.402
29.25,-77.32,29.253
29.25,-77.27,29.236
29.25,-77.22,29.366
29.25,-77.17,29.479
29.25,-77.12,29.326
29.25,-77.07,29.276
29.25,-77.02,29.362
29.25,-76.97,29.458
29.25,-76.92,29.466
29.25,-76.87,29.545
29.25,-76.82,29.578
29.25,-76.77,29.655
29.25,-76.72,29.686
29.25,-76.67,29.706
29.25,-76.62,29.74
29.25,-76.57,29.661
29.25,-76.52,29.576
29.25,-76.47,29.603
29.25,-76.42,29.584
29.25,-76.37,29.549
29.25,-76.32,29.617
29.25,-76.27,29.666
29.25,-76.22,29.677
29.25,-76.17,29.634
29.3,-81.02,28.587
29.3,-80.97,28.898
29.3,-80.92,29.14
29.3,-80.87,29.149
29.3,-80.82,29.088
29.3,-80.77,29.123
29.3,-80.72,29.209
29.3,-80.67,29.135
29.3,-80.62,29.031
29.3,-80.57,28.905
29.3,-80.52,28.917
29.3,-80.47,28.793
29.3,-80.42,28.556
29.3,-80.37,28.566
29.3,-80.32,28.814
29.3,-80.27,29.294
29.3,-80.22,29.762
29.3,-80.17,30.007
29.3,-80.12,30.145
29.3,-80.07,30.206
29.3,-80.02,30.218
29.3,-79.97,30.222
29.3,-79.92,30.213
29.3,-79.87,30.185
29.3,-79.82,30.153
29.3,-79.77,30.11
29.3,-79.72,30.093
29.3,-79.67,30.137
29.3,-79.62,30.174
29.3,-79.57,30.185
29.3,-79.52,30.171
29.3,-79.47,30.155
29.3,-79.42,30.154
29.3,-79.37,30.12
29.3,-79.32,30.041
29.3,-79.27,29.885
29.3,-79.22,29.714
29.3,-79.17,29.595
29.3,-79.12,29.578
29.3,-79.07,29.644
29.3,-79.02,29.693
29.3,-78.97,29.735
29.3,-78.92,29.76
29.3,-78.87,29.667
29.3,-78.82,29.604
29.3,-78.77,29.66
29.3,-78.72,29.789
29.3,-78.67,29.778
29.3,-78.62,29.663
29.3,-78.57,29.486
29.3,-78.52,29.428
29.3,-78.47,29.47
29.3,-78.42,29.612
29.3,-78.37,29.842
29.3,-78.32,29.888
29.3,-78.27,29.89
29.3,-78.22,29.876
29.3,-78.17,29.923
29.3,-78.12,29.884
29.3,-78.07,29.835
29.3,-78.02,29.703
29.3,-77.97,29.63
29.3,-77.92,29.643
29.3,-77.87,29.662
29.3,-77.82,29.696
29.3,-77.77,29.734
29.3,-77.72,29.762
29.3,-77.67,29.772
29.3,-77.62,29.642
29.3,-77.57,29.509
29.3,-77.52,29.453
29.3,-77.47,29.48
29.3,-77.42,29.478
29.3,-77.37,29.412
29.3,-77.32,29.343
29.3,-77.27,29.334
29.3,-77.22,29.359
29.3,-77.17,29.341
29.3,-77.12,29.359
29.3,-77.07,29.426
29.3,-77.02,29.551
29.3,-76.97,29.705
29.3,-76.92,29.695
29.3,-76.87,29.61
29.3,-76.82,29.561
29.3,-76.77,29.663
29.3,-76.72,29.64
29.3,-76.67,29.644
29.3,-76.62,29.736
29.3,-76.57,29.7
29.3,-76.52,29.495
29.3,-76.47,29.457
29.3,-76.42,29.515
29.3,-76.37,29.488
29.3,-76.32,29.443
29.3,-76.27,29.436
29.3,-76.22,29.507
29.3,-76.17,29.569
29.35,-81.02,28.675
29.35,-80.97,28.779
29.35,-80.92,28.989
29.35,-80.87,29.113
29.35,-80.82,29.007
29.35,-80.77,29.008
29.35,-80.72,29.184
29.35,-80.67,29.31
29.35,-80.62,29.272
29.35,-80.57,28.986
29.35,-80.52,28.955
29.35,-80.47,28.82
29.35,-80.42,28.845
29.35,-80.37,28.931
29.35,-80.32,28.892
29.35,-80.27,29.318
29.35,-80.22,29.813
29.35,-80.17,30.092
29.35,-80.12,30.217
29.35,-80.07,30.264
29.35,-80.02,30.282
29.35,-79.97,30.293
29.35,-79.92,30.27
29.35,-79.87,30.225
29.35,-79.82,30.176
29.35,-79.77,30.107
29.35,-79.72,30.08
29.35,-79.67,30.126
29.35,-79.62,30.173
29.35,-79.57,30.176
29.35,-79.52,30.15
29.35,-79.47,30.154
29.35,-79.42,30.159
29.35,-79.37,30.135
29.35,-79.32,30.041
29.35,-79.27,29.899
29.35,-79.22,29.763
29.35,-79.17,29.695
29.35,-79.12,29.711
29.35,-79.07,29.768
29.35,-79.02,29.801
29.35,-78.97,29.816
29.35,-78.92,29.779
29.35,-78.87,29.687
29.35,-78.82,29.653
29.35,-78.77,29.729
29.35,-78.72,29.828
29.35,-78.67,29.914
29.35,-78.62,29.976
29.35,-78.57,29.765
29.35,-78.52,29.566
29.35,-78.47,29.49
29.35,-78.42,29.608
29.35,-78.37,29.803
29.35,-78.32,29.926
29.35,-78.27,29.941
29.35,-78.22,29.949
29.35,-78.17,29.964
29.35,-78.12,29.967
29.35,-78.07,29.908
29.35,-78.02,29.76
29.35,-77.97,29.657
29.35,-77.92,29.694
29.35,-77.87,29.737
29.35,-77.82,29.714
29.35,-77.77,29.69
29.35,-77.72,29.666
29.35,-77.67,29.636
29.35,-77.62,29.532
29.35,-77.57,29.476
29.35,-77.52,29.506
29.35,-77.47,29.593
29.35,-77.42,29.681
29.35,-77.37,29.609
29.35,-77.32,29.596
29.35,-77.27,29.556
29.35,-77.22,29.483
29.35,-77.17,29.377
29.35,-77.12,29.454
29.35,-77.07,29.671
29.35,-77.02,29.671
29.35,-76.97,29.584
29.35,-76.92,29.458
29.35,-76.87,29.401
29.35,-76.82,29.458
29.35,-76.77,29.56
29.35,-76.72,29.624
29.35,-76.67,29.726
29.35,-76.62,29.744
29.35,-76.57,29.677
29.35,-76.52,29.506
29.35,-76.47,29.4
29.35,-76.42,29.447
29.35,-76.37,29.448
29.35,-76.32,29.45
29.35,-76.27,29.368
29.35,-76.22,29.352
29.35,-76.17,29.37
29.4,-81.07,28.767
29.4,-81.02,28.719
29.4,-80.97,28.777
29.4,-80.92,28.987
29.4,-80.87,29.07
29.4,-80.82,29.052
29.4,-80.77,29.047
29.4,-80.72,29.112
29.4,-80.67,29.277
29.4,-80.62,29.334
29.4,-80.57,29.169
29.4,-80.52,29.018
29.4,-80.47,28.719
29.4,-80.42,28.631
29.4,-80.37,28.883
29.4,-80.32,29.087
29.4,-80.27,29.458
29.4,-80.22,29.887
29.4,-80.17,30.143
29.4,-80.12,30.254
29.4,-80.07,30.301
29.4,-80.02,30.326
29.4,-79.97,30.348
29.4,-79.92,30.353
29.4,-79.87,30.277
29.4,-79.82,30.206
29.4,-79.77,30.124
29.4,-79.72,30.098
29.4,-79.67,30.143
29.4,-79.62,30.187
29.4,-79.57,30.166
29.4,-79.52,30.147
29.4,-79.47,30.159
29.4,-79.42,30.14
29.4,-79.37,30.099
29.4,-79.32,29.997
29.4,-79.27,29.855
29.4,-79.22,29.757
29.4,-79.17,29.723
29.4,-79.12,29.732
29.4,-79.07,29.757
29.4,-79.02,29.796
29.4,-78.97,29.847
29.4,-78.92,29.854
29.4,-78.87,29.797
29.4,-78.82,29.753
29.4,-78.77,29.815
29.4,-78.72,29.828
29.4,-78.67,29.803
29.4,-78.62,29.87
29.4,-78.57,29.851
29.4,-78.52,29.659
29.4,-78.47,29.511
29.4,-78.42,29.573
29.4,-78.37,29.741
29.4,-78.32,29.933
29.4,-78.27,29.959
29.4,-78.22,29.935
29.4,-78.17,29.901
29.4,-78.12,29.843
29.4,-78.07,29.757
29.4,-78.02,29.626
29.4,-77.97,29.579
29.4,-77.92,29.665
29.4,-77.87,29.788
29.4,-77.82,29.811
29.4,-77.77,29.775
29.4,-77.72,29.738
29.4,-77.67,29.651
29.4,-77.62,29.665
29.4,-77.57,29.761
29.4,-77.52,29.844
29.4,-77.47,29.825
29.4,-77.42,29.683
29.4,-77.37,29.741
29.4,-77.32,29.73
29.4,-77.27,29.652
29.4,-77.22,29.548
29.4,-77.17,29.533
29.4,-77.12,29.608
29.4,-77.07,29.617
29.4,-77.02,29.514
29.4,-76.97,29.441
29.4,-76.92,29.37
29.4,-76.87,29.33
29.4,-76.82,29.45
29.4,-76.77,29.423
29.4,-76.72,29.473
29.4,-76.67,29.546
29.4,-76.62,29.581
29.4,-76.57,29.579
29.4,-76.52,29.6
29.4,-76.47,29.533
29.4,-76.42,29.511
29.4,-76.37,29.545
29.4,-76.32,29.526
29.4,-76.27,29.435
29.4,-76.22,29.226
29.4,-76.17,29.069
29.45,-81.07,29.031
29.45,-81.02,28.989
29.45,-80.97,29.132
29.45,-80.92,29.287
29.45,-80.87,29.322
29.45,-80.82,29.327
29.45,-80.77,29.254
29.45,-80.72,29.251
29.45,-80.67,29.238
29.45,-80.62,29.28
29.45,-80.57,29.261
29.45,-80.52,29.141
29.45,-80.47,28.818
29.45,-80.42,28.735
29.45,-80.37,28.898
29.45,-80.32,29.062
29.45,-80.27,29.522
29.45,-80.22,29.961
29.45,-80.17,30.182
29.45,-80.12,30.263
29.45,-80.07,30.297
29.45,-80.02,30.325
29.45,-79.97,30.344
29.45,-79.92,30.337
29.45,-79.87,30.287
29.45,-79.82,30.22
29.45,-79.77,30.16
29.45,-79.72,30.156
29.45,-79.67,30.19
29.45,-79.62,30.195
29.45,-79.57,30.191
29.45,-79.52,30.192
29.45,-79.47,30.193
29.45,-79.42,30.147
29.45,-79.37,30.08
29.45,-79.32,29.963
29.45,-79.27,29.871
29.45,-79.22,29.82
29.45,-79.17,29.778
29.45,-79.12,29.745
29.45,-79.07,29.74
29.45,-79.02,29.775
29.45,-78.97,29.893
29.45,-78.92,29.976
29.45,-78.87,29.85
29.45,-78.82,29.765
29.45,-78.77,29.771
29.45,-78.72,29.796
29.45,-78.67,29.782
29.45,-78.62,29.839
29.45,-78.57,29.832
29.45,-78.52,29.815
29.45,-78.47,29.69
29.45,-78.42,29.661
29.45,-78.37,29.705
29.45,-78.32,29.762
29.45,-78.27,29.832
29.45,-78.22,29.744
29.45,-78.17,29.694
29.45,-78.12,29.767
29.45,-78.07,29.762
29.45,-78.02,29.593
29.45,-77.97,29.563
29.45,-77.92,29.691
29.45,-77.87,29.902
29.45,-77.82,29.913
29.45,-77.77,29.923
29.45,-77.72,29.89
29.45,-77.67,29.806
29.45,-77.62,29.872
29.45,-77.57,29.931
29.45,-77.52,29.883
29.45,-77.47,29.786
29.45,-77.42,29.6
29.45,-77.37,29.6
29.45,-77.32,29.685
29.45,-77.27,29.664
29.45,-77.22,29.706
29.45,-77.17,29.748
29.45,-77.12,29.735
29.45,-77.07,29.625
29.45,-77.02,29.547
29.45,-76.97,29.495
29.45,-76.92,29.408
29.45,-76.87,29.348
29.45,-76.82,29.411
29.45,-76.77,29.474
29.45,-76.72,29.514
29.45,-76.67,29.534
29.45,-76.62,29.49
29.45,-76.57,29.424
29.45,-76.52,29.48
29.45,-76.47,29.458
29.45,-76.42,29.379
29.45,-76.37,29.388
29.45,-76.32,29.449
29.45,-76.27,29.428
29.45,-76.22,29.275
29.45,-76.17,29.136
29.5,-81.12,29.028
29.5,-81.07,29.109
29.5,-81.02,29.19
29.5,-80.97,29.304
29.5,-80.92,29.357
29.5,-80.87,29.366
29.5,-80.82,29.375
29.5,-80.77,29.452
29.5,-80.72,29.464
29.5,-80.67,29.403
29.5,-80.62,29.324
29.5,-80.57,29.241
29.5,-80.52,29.205
29.5,-80.47,28.986
29.5,-80.42,28.942
29.5,-80.37,28.991
29.5,-80.32,29.024
29.5,-80.27,29.5
29.5,-80.22,29.996
29.5,-80.17,30.21
29.5,-80.12,30.255
29.5,-80.07,30.267
29.5,-80.02,30.299
29.5,-79.97,30.303
29.5,-79.92,30.265
29.5,-79.87,30.227
29.5,-79.82,30.174
29.5,-79.77,30.158
29.5,-79.72,30.184
29.5,-79.67,30.207
29.5,-79.62,30.195
29.5,-79.57,30.203
29.5,-79.52,30.225
29.5,-79.47,30.206
29.5,-79.42,30.151
29.5,-79.37,30.081
29.5,-79.32,29.979
29.5,-79.27,29.955
29.5,-79.22,29.968
29.5,-79.17,29.887
29.5,-79.12,29.827
29.5,-79.07,29.83
29.5,-79.02,29.84
29.5,-78.97,29.847
29.5,-78.92,29.855
29.5,-78.87,29.796
29.5,-78.82,29.743
29.5,-78.77,29.743
29.5,-78.72,29.674
29.5,-78.67,29.711
29.5,-78.62,29.753
29.5,-78.57,29.727
29.5,-78.52,29.752
29.5,-78.47,29.674
29.5,-78.42,29.654
29.5,-78.37,29.573
29.5,-78.32,29.614
29.5,-78.27,29.719
29.5,-78.22,29.793
29.5,-78.17,29.811
29.5,-78.12,29.799
29.5,-78.07,29.69
29.5,-78.02,29.597
29.5,-77.97,29.63
29.5,-77.92,29.782
29.5,-77.87,29.899
29.5,-77.82,29.89
29.5,-77.77,29.943
29.5,-77.72,29.937
29.5,-77.67,29.92
29.5,-77.62,29.908
29.5,-77.57,29.919
29.5,-77.52,29.881
29.5,-77.47,29.721
29.5,-77.42,29.536
29.5,-77.37,29.471
29.5,-77.32,29.554
29.5,-77.27,29.655
29.5,-77.22,29.745
29.5,-77.17,29.742
29.5,-77.12,29.66
29.5,-77.07,29.677
29.5,-77.02,29.667
29.5,-76.97,29.678
29.5,-76.92,29.603
29.5,-76.87,29.488
29.5,-76.82,29.437
29.5,-76.77,29.336
29.5,-76.72,29.361
29.5,-76.67,29.396
29.5,-76.62,29.306
29.5,-76.57,29.242
29.5,-76.52,29.272
29.5,-76.47,29.368
29.5,-76.42,29.432
29.5,-76.37,29.405
29.5,-76.32,29.438
29.5,-76.27,29.449
29.5,-76.22,29.359
29.5,-76.17,29.297
29.55,-81.12,29.12
29.55,-81.07,29.202
29.55,-81.02,29.315
29.55,-80.97,29.334
29.55,-80.92,29.384
29.55,-80.87,29.352
29.55,-80.82,29.393
29.55,-80.77,29.463
29.55,-80.72,29.471
29.55,-80.67,29.48
29.55,-80.62,29.448
29.55,-80.57,29.446
29.55,-80.52,29.361
29.55,-80.47,29.146
29.55,-80.42,29.098
29.55,-80.37,29.111
29.55,-80.32,29.003
29.55,-80.27,29.468
29.55,-80.22,30.009
29.55,-80.17,30.239
29.55,-80.12,30.263
29.55,-80.07,30.272
29.55,-80.02,30.322
29.55,-79.97,30.324
29.55,-79.92,30.277
29.55,-79.87,30.243
29.55,-79.82,30.179
29.55,-79.77,30.168
29.55,-79.72,30.195
29.55,-79.67,30.188
29.55,-79.62,30.148
29.55,-79.57,30.154
29.55,-79.52,30.169
29.55,-79.47,30.135
29.55,-79.42,30.112
29.55,-79.37,30.107
29.55,-79.32,30.006
29.55,-79.27,29.98
29.55,-79.22,30.011
29.55,-79.17,29.926
29.55,-79.12,29.904
29.55,-79.07,29.945
29.55,-79.02,29.903
29.55,-78.97,29.826
29.55,-78.92,29.82
29.55,-78.87,29.796
29.55,-78.82,29.759
29.55,-78.77,29.718
29.55,-78.72,29.665
29.55,-78.67,29.647
29.55,-78.62,29.71
29.55,-78.57,29.716
29.55,-78.52,29.694
29.55,-78.47,29.531
29.55,-78.42,29.452
29.55,-78.37,29.432
29.55,-78.32,29.528
29.55,-78.27,29.791
29.55,-78.22,29.891
29.55,-78.17,29.848
29.55,-78.12,29.722
29.55,-78.07,29.63
29.55,-78.02,29.612
29.55,-77.97,29.693
29.55,-77.92,29.886
29.55,-77.87,30.009
29.55,-77.82,30.004
29.55,-77.77,29.984
29.55,-77.72,29.974
29.55,-77.67,29.919
29.55,-77.62,29.857
29.55,-77.57,29.874
29.55,-77.52,29.881
29.55,-77.47,29.672
29.55,-77.42,29.499
29.55,-77.37,29.443
29.55,-77.32,29.488
29.55,-77.27,29.51
29.55,-77.22,29.592
29.55,-77.17,29.662
29.55,-77.12,29.617
29.55,-77.07,29.587
29.55,-77.02,29.632
29.55,-76.97,29.653
29.55,-76.92,29.635
29.55,-76.87,29.567
29.55,-76.82,29.503
29.55,-76.77,29.407
29.55,-76.72,29.372
29.55,-76.67,29.312
29.55,-76.62,29.266
29.55,-76.57,29.215
29.55,-76.52,29.198
29.55,-76.47,29.293
29.55,-76.42,29.467
29.55,-76.37,29.564
29.55,-76.32,29.536
29.55,-76.27,29.51
29.55,-76.22,29.456
29.55,-76.17,29.415
29.6,-81.17,29.156
29.6,-81.12,29.227
29.6,-81.07,29.225
29.6,-81.02,29.349
29.6,-80.97,29.382
29.6,-80.92,29.398
29.6,-80.87,29.334
29.6,-80.82,29.365
29.6,-80.77,29.465
29.6,-80.72,29.555
29.6,-80.67,29.569
29.6,-80.62,29.524
29.6,-80.57,29.447
29.6,-80.52,29.483
29.6,-80.47,29.248
29.6,-80.42,29.18
29.6,-80.37,29.153
29.6,-80.32,29.089
29.6,-80.27,29.545
29.6,-80.22,30.039
29.6,-80.17,30.263
29.6,-80.12,30.296
29.6,-80.07,30.305
29.6,-80.02,30.352
29.6,-79.97,30.372
29.6,-79.92,30.355
29.6,-79.87,30.332
29.6,-79.82,30.249
29.6,-79.77,30.212
29.6,-79.72,30.207
29.6,-79.67,30.173
29.6,-79.62,30.143
29.6,-79.57,30.152
29.6,-79.52,30.146
29.6,-79.47,30.101
29.6,-79.42,30.077
29.6,-79.37,30.05
29.6,-79.32,30.026
29.6,-79.27,29.962
29.6,-79.22,29.873
29.6,-79.17,29.873
29.6,-79.12,29.928
29.6,-79.07,29.979
29.6,-79.02,29.888
29.6,-78.97,29.855
29.6,-78.92,29.786
29.6,-78.87,29.745
29.6,-78.82,29.71
29.6,-78.77,29.65
29.6,-78.72,29.606
29.6,-78.67,29.595
29.6,-78.62,29.624
29.6,-78.57,29.676
29.6,-78.52,29.689
29.6,-78.47,29.62
29.6,-78.42,29.519
29.6,-78.37,29.47
29.6,-78.32,29.572
29.6,-78.27,29.852
29.6,-78.22,29.962
29.6,-78.17,29.807
29.6,-78.12,29.603
29.6,-78.07,29.558
29.6,-78.02,29.58
29.6,-77.97,29.667
29.6,-77.92,29.852
29.6,-77.87,30.023
29.6,-77.82,30.048
29.6,-77.77,29.953
29.6,-77.72,29.953
29.6,-77.67,29.9
29.6,-77.62,29.865
29.6,-77.57,29.877
29.6,-77.52,29.921
29.6,-77.47,29.75
29.6,-77.42,29.539
29.6,-77.37,29.407
29.6,-77.32,29.338
29.6,-77.27,29.283
29.6,-77.22,29.289
29.6,-77.17,29.32
29.6,-77.12,29.377
29.6,-77.07,29.397
29.6,-77.02,29.431
29.6,-76.97,29.483
29.6,-76.92,29.405
29.6,-76.87,29.362
29.6,-76.82,29.401
29.6,-76.77,29.434
29.6,-76.72,29.405
29.6,-76.67,29.365
29.6,-76.62,29.251
29.6,-76.57,29.149
29.6,-76.52,29.135
29.6,-76.47,29.179
29.6,-76.42,29.353
29.6,-76.37,29.57
29.6,-76.32,29.667
29.6,-76.27,29.547
29.6,-76.22,29.465
29.6,-76.17,29.487
29.65,-81.17,29.266
29.65,-81.12,29.256
29.65,-81.07,29.301
29.65,-81.02,29.377
29.65,-80.97,29.47
29.65,-80.92,29.466
29.65,-80.87,29.361
29.65,-80.82,29.408
29.65,-80.77,29.449
29.65,-80.72,29.565
29.65,-80.67,29.63
29.65,-80.62,29.654
29.65,-80.57,29.677
29.65,-80.52,29.593
29.65,-80.47,29.388
29.65,-80.42,29.197
29.65,-80.37,29.315
29.65,-80.32,29.237
29.65,-80.27,29.642
29.65,-80.22,30.074
29.65,-80.17,30.261
29.65,-80.12,30.295
29.65,-80.07,30.294
29.65,-80.02,30.313
29.65,-79.97,30.311
29.65,-79.92,30.311
29.65,-79.87,30.312
29.65,-79.82,30.265
29.65,-79.77,30.236
29.65,-79.72,30.22
29.65,-79.67,30.183
29.65,-79.62,30.17
29.65,-79.57,30.173
29.65,-79.52,30.154
29.65,-79.47,30.111
29.65,-79.42,30.07
29.65,-79.37,30.067
29.65,-79.32,30.064
29.65,-79.27,30.01
29.65,-79.22,29.954
29.65,-79.17,29.933
29.65,-79.12,29.893
29.65,-79.07,29.864
29.65,-79.02,29.89
29.65,-78.97,29.946
29.65,-78.92,29.756
29.65,-78.87,29.647
29.65,-78.82,29.59
29.65,-78.77,29.589
29.65,-78.72,29.584
29.65,-78.67,29.582
29.65,-78.62,29.547
29.65,-78.57,29.56
29.65,-78.52,29.624
29.65,-78.47,29.614
29.65,-78.42,29.566
29.65,-78.37,29.572
29.65,-78.32,29.682
29.65,-78.27,29.833
29.65,-78.22,29.929
29.65,-78.17,29.868
29.65,-78.12,29.665
29.65,-78.07,29.561
29.65,-78.02,29.55
29.65,-77.97,29.61
29.65,-77.92,29.756
29.65,-77.87,29.957
29.65,-77.82,29.99
29.65,-77.77,29.943
29.65,-77.72,29.953
29.65,-77.67,29.943
29.65,-77.62,29.918
29.65,-77.57,29.861
29.65,-77.52,29.862
29.65,-77.47,29.744
29.65,-77.42,29.516
29.65,-77.37,29.331
29.65,-77.32,29.23
29.65,-77.27,29.126
29.65,-77.22,29.096
29.65,-77.17,29.091
29.65,-77.12,29.108
29.65,-77.07,29.125
29.65,-77.02,29.152
29.65,-76.97,29.208
29.65,-76.92,29.216
29.65,-76.87,29.226
29.65,-76.82,29.266
29.65,-76.77,29.289
29.65,-76.72,29.254
29.65,-76.67,29.301
29.65,-76.62,29.224
29.65,-76.57,29.119
29.65,-76.52,29.178
29.65,-76.47,29.215
29.65,-76.42,29.333
29.65,-76.37,29.533
29.65,-76.32,29.614
29.65,-76.27,29.52
29.65,-76.22,29.412
29.65,-76.17,29.43
29.7,-81.22,29.166
29.7,-81.17,29.205
29.7,-81.12,29.203
29.7,-81.07,29.247
29.7,-81.02,29.297
29.7,-80.97,29.421
29.7,-80.92,29.375
29.7,-80.87,29.255
29.7,-80.82,29.207
29.7,-80.77,29.28
29.7,-80.72,29.427
29.7,-80.67,29.608
29.7,-80.62,29.721
29.7,-80.57,29.737
29.7,-80.52,29.604
29.7,-80.47,29.477
29.7,-80.42,29.351
29.7,-80.37,29.41
29.7,-80.32,29.433
29.7,-80.27,29.789
29.7,-80.22,30.098
29.7,-80.17,30.256
29.7,-80.12,30.28
29.7,-80.07,30.257
29.7,-80.02,30.263
29.7,-79.97,30.243
29.7,-79.92,30.23
29.7,-79.87,30.231
29.7,-79.82,30.206
29.7,-79.77,30.191
29.7,-79.72,30.177
29.7,-79.67,30.144
29.7,-79.62,30.154
29.7,-79.57,30.165
29.7,-79.52,30.143
29.7,-79.47,30.103
29.7,-79.42,30.054
29.7,-79.37,30.068
29.7,-79.32,30.08
29.7,-79.27,30.006
29.7,-79.22,29.985
29.7,-79.17,29.965
29.7,-79.12,29.797
29.7,-79.07,29.732
29.7,-79.02,29.784
29.7,-78.97,29.902
29.7,-78.92,29.798
29.7,-78.87,29.673
29.7,-78.82,29.575
29.7,-78.77,29.572
29.7,-78.72,29.579
29.7,-78.67,29.483
29.7,-78.62,29.435
29.7,-78.57,29.42
29.7,-78.52,29.404
29.7,-78.47,29.432
29.7,-78.42,29.497
29.7,-78.37,29.547
29.7,-78.32,29.635
29.7,-78.27,29.816
29.7,-78.22,29.991
29.7,-78.17,29.954
29.7,-78.12,29.834
29.7,-78.07,29.668
29.7,-78.02,29.579
29.7,-77.97,29.569
29.7,-77.92,29.659
29.7,-77.87,29.887
29.7,-77.82,30.016
29.7,-77.77,30.015
29.7,-77.72,30.011
29.7,-77.67,29.977
29.7,-77.62,29.977
29.7,-77.57,29.821
29.7,-77.52,29.738
29.7,-77.47,29.689
29.7,-77.42,29.476
29.7,-77.37,29.335
29.7,-77.32,29.201
29.7,-77.27,29.094
29.7,-77.22,29.122
29.7,-77.17,29.063
29.7,-77.12,29.066
29.7,-77.07,29.05
29.7,-77.02,29.034
29.7,-76.97,29.11
29.7,-76.92,29.175
29.7,-76.87,29.229
29.7,-76.82,29.214
29.7,-76.77,29.217
29.7,-76.72,29.215
29.7,-76.67,29.224
29.7,-76.62,29.223
29.7,-76.57,29.218
29.7,-76.52,29.206
29.7,-76.47,29.273
29.7,-76.42,29.365
29.7,-76.37,29.416
29.7,-76.32,29.427
29.7,-76.27,29.414
29.7,-76.22,29.427
29.7,-76.17,29.415
29.75,-81.22,29.204
29.75,-81.17,29.343
29.75,-81.12,29.32
29.75,-81.07,29.311
29.75,-81.02,29.361
29.75,-80.97,29.389
29.75,-80.92,29.433
29.75,-80.87,29.409
29.75,-80.82,29.236
29.75,-80.77,29.279
29.75,-80.72,29.358
29.75,-80.67,29.546
29.75,-80.62,29.687
29.75,-80.57,29.727
29.75,-80.52,29.613
29.75,-80.47,29.398
29.75,-80.42,29.241
29.75,-80.37,29.269
29.75,-80.32,29.33
29.75,-80.27,29.796
29.75,-80.22,30.129
29.75,-80.17,30.254
29.75,-80.12,30.251
29.75,-80.07,30.179
29.75,-80.02,30.168
29.75,-79.97,30.18
29.75,-79.92,30.195
29.75,-79.87,30.218
29.75,-79.82,30.2
29.75,-79.77,30.168
29.75,-79.72,30.149
29.75,-79.67,30.12
29.75,-79.62,30.121
29.75,-79.57,30.122
29.75,-79.52,30.098
29.75,-79.47,30.05
29.75,-79.42,29.98
29.75,-79.37,29.953
29.75,-79.32,30.033
29.75,-79.27,30.11
29.75,-79.22,30.062
29.75,-79.17,29.97
29.75,-79.12,29.801
29.75,-79.07,29.719
29.75,-79.02,29.732
29.75,-78.97,29.823
29.75,-78.92,29.903
29.75,-78.87,29.791
29.75,-78.82,29.659
29.75,-78.77,29.555
29.75,-78.72,29.489
29.75,-78.67,29.422
29.75,-78.62,29.391
29.75,-78.57,29.372
29.75,-78.52,29.355
29.75,-78.47,29.4
29.75,-78.42,29.472
29.75,-78.37,29.525
29.75,-78.32,29.608
29.75,-78.27,29.756
29.75,-78.22,29.919
29.75,-78.17,29.973
29.75,-78.12,29.969
29.75,-78.07,29.863
29.75,-78.02,29.774
29.75,-77.97,29.675
29.75,-77.92,29.68
29.75,-77.87,29.882
29.75,-77.82,29.915
29.75,-77.77,29.957
29.75,-77.72,29.968
29.75,-77.67,29.931
29.75,-77.62,29.927
29.75,-77.57,29.829
29.75,-77.52,29.683
29.75,-77.47,29.527
29.75,-77.42,29.431
29.75,-77.37,29.323
29.75,-77.32,29.152
29.75,-77.27,29.075
29.75,-77.22,29.072
29.75,-77.17,29.037
29.75,-77.12,29.02
29.75,-77.07,29.034
29.75,-77.02,29.021
29.75,-76.97,29.026
29.75,-76.92,29.061
29.75,-76.87,29.17
29.75,-76.82,29.186
29.75,-76.77,29.169
29.75,-76.72,29.202
29.75,-76.67,29.197
29.75,-76.62,29.195
29.75,-76.57,29.31
29.75,-76.52,29.28
29.75,-76.47,29.293
29.75,-76.42,29.374
29.75,-76.37,29.427
29.75,-76.32,29.396
29.75,-76.27,29.306
29.75,-76.22,29.239
29.75,-76.17,29.283
29.8,-81.22,29.319
29.8,-81.17,29.513
29.8,-81.12,29.444
29.8,-81.07,29.351
29.8,-81.02,29.305
29.8,-80.97,29.365
29.8,-80.92,29.466
29.8,-80.87,29.5
29.8,-80.82,29.442
29.8,-80.77,29.416
29.8,-80.72,29.468
29.8,-80.67,29.586
29.8,-80.62,29.673
29.8,-80.57,29.665
29.8,-80.52,29.559
29.8,-80.47,29.373
29.8,-80.42,29.172
29.8,-80.37,29.361
29.8,-80.32,29.444
29.8,-80.27,29.794
29.8,-80.22,30.116
29.8,-80.17,30.26
29.8,-80.12,30.249
29.8,-80.07,30.192
29.8,-80.02,30.162
29.8,-79.97,30.154
29.8,-79.92,30.157
29.8,-79.87,30.183
29.8,-79.82,30.175
29.8,-79.77,30.14
29.8,-79.72,30.123
29.8,-79.67,30.108
29.8,-79.62,30.11
29.8,-79.57,30.117
29.8,-79.52,30.103
29.8,-79.47,30.067
29.8,-79.42,29.963
29.8,-79.37,29.936
29.8,-79.32,30.027
29.8,-79.27,30.176
29.8,-79.22,30.115
29.8,-79.17,30.06
29.8,-79.12,29.872
29.8,-79.07,29.788
29.8,-79.02,29.756
29.8,-78.97,29.871
29.8,-78.92,29.997
29.8,-78.87,29.931
29.8,-78.82,29.783
29.8,-78.77,29.647
29.8,-78.72,29.538
29.8,-78.67,29.463
29.8,-78.62,29.422
29.8,-78.57,29.404
29.8,-78.52,29.406
29.8,-78.47,29.469
29.8,-78.42,29.532
29.8,-78.37,29.546
29.8,-78.32,29.593
29.8,-78.27,29.707
29.8,-78.22,29.893
29.8,-78.17,30.085
29.8,-78.12,30.147
29.8,-78.07,30.075
29.8,-78.02,29.974
29.8,-77.97,29.927
29.8,-77.92,29.905
29.8,-77.87,29.887
29.8,-77.82,29.794
29.8,-77.77,29.718
29.8,-77.72,29.676
29.8,-77.67,29.721
29.8,-77.62,29.665
29.8,-77.57,29.61
29.8,-77.52,29.509
29.8,-77.47,29.433
29.8,-77.42,29.352
29.8,-77.37,29.279
29.8,-77.32,29.221
29.8,-77.27,29.103
29.8,-77.22,29.043
29.8,-77.17,29.028
29.8,-77.12,29.054
29.8,-77.07,29.075
29.8,-77.02,29.068
29.8,-76.97,29.029
29.8,-76.92,29.012
29.8,-76.87,29.084
29.8,-76.82,29.117
29.8,-76.77,29.148
29.8,-76.72,29.197
29.8,-76.67,29.256
29.8,-76.62,29.293
29.8,-76.57,29.307
29.8,-76.52,29.305
29.8,-76.47,29.327
29.8,-76.42,29.417
29.8,-76.37,29.5
29.8,-76.32,29.431
29.8,-76.27,29.274
29.8,-76.22,29.16
29.8,-76.17,29.159
29.85,-81.22,29.278
29.85,-81.17,29.495
29.85,-81.12,29.521
29.85,-81.07,29.454
29.85,-81.02,29.403
29.85,-80.97,29.422
29.85,-80.92,29.504
29.85,-80.87,29.562
29.85,-80.82,29.546
29.85,-80.77,29.511
29.85,-80.72,29.517
29.85,-80.67,29.581
29.85,-80.62,29.721
29.85,-80.57,29.733
29.85,-80.52,29.609
29.85,-80.47,29.281
29.85,-80.42,29.224
29.85,-80.37,29.342
29.85,-80.32,29.295
29.85,-80.27,29.715
29.85,-80.22,30.117
29.85,-80.17,30.273
29.85,-80.12,30.263
29.85,-80.07,30.208
29.85,-80.02,30.176
29.85,-79.97,30.154
29.85,-79.92,30.113
29.85,-79.87,30.095
29.85,-79.82,30.082
29.85,-79.77,30.064
29.85,-79.72,30.082
29.85,-79.67,30.109
29.85,-79.62,30.143
29.85,-79.57,30.17
29.85,-79.52,30.165
29.85,-79.47,30.152
29.85,-79.42,30.04
29.85,-79.37,29.959
29.85,-79.32,30.015
29.85,-79.27,30.088
29.85,-79.22,30.009
29.85,-79.17,30.054
29.85,-79.12,30.039
29.85,-79.07,30.046
29.85,-79.02,29.904
29.85,-78.97,29.95
29.85,-78.92,30.065
29.85,-78.87,30.089
29.85,-78.82,30.038
29.85,-78.77,29.957
29.85,-78.72,29.858
29.85,-78.67,29.701
29.85,-78.62,29.545
29.85,-78.57,29.478
29.85,-78.52,29.497
29.85,-78.47,29.583
29.85,-78.42,29.621
29.85,-78.37,29.6
29.85,-78.32,29.595
29.85,-78.27,29.655
29.85,-78.22,29.807
29.85,-78.17,30.028
29.85,-78.12,30.124
29.85,-78.07,30.151
29.85,-78.02,30.119
29.85,-77.97,30.026
29.85,-77.92,29.894
29.85,-77.87,29.74
29.85,-77.82,29.438
29.85,-77.77,29.298
29.85,-77.72,29.184
29.85,-77.67,29.165
29.85,-77.62,29.182
29.85,-77.57,29.25
29.85,-77.52,29.28
29.85,-77.47,29.323
29.85,-77.42,29.315
29.85,-77.37,29.283
29.85,-77.32,29.276
29.85,-77.27,29.17
29.85,-77.22,29.092
29.85,-77.17,29.092
29.85,-77.12,29.097
29.85,-77.07,29.1
29.85,-77.02,29.082
29.85,-76.97,29.089
29.85,-76.92,29.014
29.85,-76.87,29.035
29.85,-76.82,29.084
29.85,-76.77,29.185
29.85,-76.72,29.233
29.85,-76.67,29.272
29.85,-76.62,29.302
29.85,-76.57,29.282
29.85,-76.52,29.308
29.85,-76.47,29.343
29.85,-76.42,29.389
29.85,-76.37,29.469
29.85,-76.32,29.404
29.85,-76.27,29.159
29.85,-76.22,29.008
29.85,-76.17,28.994
29.9,-81.27,29.2
29.9,-81.22,29.383
29.9,-81.17,29.577
29.9,-81.12,29.592
29.9,-81.07,29.572
29.9,-81.02,29.519
29.9,-80.97,29.476
29.9,-80.92,29.445
29.9,-80.87,29.436
29.9,-80.82,29.456
29.9,-80.77,29.479
29.9,-80.72,29.344
29.9,-80.67,29.46
29.9,-80.62,29.712
29.9,-80.57,29.712
29.9,-80.52,29.6
29.9,-80.47,29.366
29.9,-80.42,29.291
29.9,-80.37,29.288
29.9,-80.32,29.266
29.9,-80.27,29.702
29.9,-80.22,30.104
29.9,-80.17,30.262
29.9,-80.12,30.253
29.9,-80.07,30.206
29.9,-80.02,30.186
29.9,-79.97,30.157
29.9,-79.92,30.116
29.9,-79.87,30.064
29.9,-79.82,30.003
29.9,-79.77,29.972
29.9,-79.72,30.023
29.9,-79.67,30.089
29.9,-79.62,30.132
29.9,-79.57,30.158
29.9,-79.52,30.16
29.9,-79.47,30.104
29.9,-79.42,29.989
29.9,-79.37,29.918
29.9,-79.32,30.0
29.9,-79.27,30.081
29.9,-79.22,30.006
29.9,-79.17,29.981
29.9,-79.12,30.012
29.9,-79.07,29.972
29.9,-79.02,29.973
29.9,-78.97,29.931
29.9,-78.92,29.957
29.9,-78.87,30.07
29.9,-78.82,30.069
29.9,-78.77,30.09
29.9,-78.72,30.042
29.9,-78.67,29.923
29.9,-78.62,29.807
29.9,-78.57,29.73
29.9,-78.52,29.678
29.9,-78.47,29.69
29.9,-78.42,29.661
29.9,-78.37,29.629
29.9,-78.32,29.601
29.9,-78.27,29.6
29.9,-78.22,29.64
29.9,-78.17,29.724
29.9,-78.12,29.815
29.9,-78.07,29.883
29.9,-78.02,29.888
29.9,-77.97,29.844
29.9,-77.92,29.479
29.9,-77.87,29.298
29.9,-77.82,29.1
29.9,-77.77,28.997
29.9,-77.72,28.951
29.9,-77.67,28.918
29.9,-77.62,29.013
29.9,-77.57,29.075
29.9,-77.52,29.097
29.9,-77.47,29.136
29.9,-77.42,29.165
29.9,-77.37,29.218
29.9,-77.32,29.218
29.9,-77.27,29.139
29.9,-77.22,29.105
29.9,-77.17,29.118
29.9,-77.12,29.13
29.9,-77.07,29.115
29.9,-77.02,29.058
29.9,-76.97,28.995
29.9,-76.92,29.005
29.9,-76.87,29.04
29.9,-76.82,29.126
29.9,-76.77,29.197
29.9,-76.72,29.203
29.9,-76.67,29.202
29.9,-76.62,29.286
29.9,-76.57,29.392
29.9,-76.52,29.41
29.9,-76.47,29.4
29.9,-76.42,29.375
29.9,-76.37,29.336
29.9,-76.32,29.287
29.9,-76.27,29.13
29.9,-76.22,28.923
29.9,-76.17,28.822
29.95,-81.27,29.289
29.95,-81.22,29.456
29.95,-81.17,29.633
29.95,-81.12,29.65
29.95,-81.07,29.636
29.95,-81.02,29.562
29.95,-80.97,29.514
29.95,-80.92,29.366
29.95,-80.87,29.29
29.95,-80.82,29.297
29.95,-80.77,29.292
29.95,-80.72,29.318
29.95,-80.67,29.492
29.95,-80.62,29.71
29.95,-80.57,29.713
29.95,-80.52,29.582
29.95,-80.47,29.38
29.95,-80.42,29.291
29.95,-80.37,29.176
29.95,-80.32,29.193
29.95,-80.27,29.618
29.95,-80.22,30.029
29.95,-80.17,30.206
29.95,-80.12,30.219
29.95,-80.07,30.184
29.95,-80.02,30.169
29.95,-79.97,30.136
29.95,-79.92,30.111
29.95,-79.87,30.093
29.95,-79.82,30.041
29.95,-79.77,30.03
29.95,-79.72,30.052
29.95,-79.67,30.125
29.95,-79.62,30.156
29.95,-79.57,30.134
29.95,-79.52,30.118
29.95,-79.47,30.048
29.95,-79.42,29.906
29.95,-79.37,29.829
29.95,-79.32,29.977
29.95,-79.27,30.125
29.95,-79.22,29.997
29.95,-79.17,29.889
29.95,-79.12,29.876
29.95,-79.07,29.952
29.95,-79.02,30.004
29.95,-78.97,29.964
29.95,-78.92,29.901
29.95,-78.87,29.889
29.95,-78.82,29.892
29.95,-78.77,30.009
29.95,-78.72,30.126
29.95,-78.67,30.137
29.95,-78.62,30.056
29.95,-78.57,29.998
29.95,-78.52,29.859
29.95,-78.47,29.776
29.95,-78.42,29.707
29.95,-78.37,29.662
29.95,-78.32,29.615
29.95,-78.27,29.55
29.95,-78.22,29.497
29.95,-78.17,29.487
29.95,-78.12,29.491
29.95,-78.07,29.446
29.95,-78.02,29.402
29.95,-77.97,29.327
29.95,-77.92,29.132
29.95,-77.87,29.039
29.95,-77.82,28.985
29.95,-77.77,28.954
29.95,-77.72,28.893
29.95,-77.67,28.874
29.95,-77.62,28.966
29.95,-77.57,29.006
29.95,-77.52,29.005
29.95,-77.47,29.02
29.95,-77.42,29.044
29.95,-77.37,29.095
29.95,-77.32,29.109
29.95,-77.27,29.056
29.95,-77.22,29.04
29.95,-77.17,29.102
29.95,-77.12,29.093
29.95,-77.07,29.008
29.95,-77.02,28.96
29.95,-76.97,28.961
29.95,-76.92,29.039
29.95,-76.87,29.087
29.95,-76.82,29.158
29.95,-76.77,29.279
29.95,-76.72,29.208
29.95,-76.67,29.125
29.95,-76.62,29.236
29.95,-76.57,29.519
29.95,-76.52,29.545
29.95,-76.47,29.415
29.95,-76.42,29.327
29.95,-76.37,29.315
29.95,-76.32,29.319
29.95,-76.27,29.168
29.95,-76.22,28.902
29.95,-76.17,28.691
30.0,-81.27,29.327
30.0,-81.22,29.505
30.0,-81.17,29.604
30.0,-81.12,29.621
30.0,-81.07,29.495
30.0,-81.02,29.404
30.0,-80.97,29.357
30.0,-80.92,29.302
30.0,-80.87,29.265
30.0,-80.82,29.247
30.0,-80.77,29.285
30.0,-80.72,29.449
30.0,-80.67,29.656
30.0,-80.62,29.726
30.0,-80.57,29.71
30.0,-80.52,29.551
30.0,-80.47,29.4
30.0,-80.42,29.351
30.0,-80.37,29.192
30.0,-80.32,29.16
30.0,-80.27,29.489
30.0,-80.22,29.93
30.0,-80.17,30.136
30.0,-80.12,30.162
30.0,-80.07,30.14
30.0,-80.02,30.13
30.0,-79.97,30.114
30.0,-79.92,30.112
30.0,-79.87,30.131
30.0,-79.82,30.136
30.0,-79.77,30.115
30.0,-79.72,30.113
30.0,-79.67,30.152
30.0,-79.62,30.176
30.0,-79.57,30.172
30.0,-79.52,30.198
30.0,-79.47,30.15
30.0,-79.42,30.005
30.0,-79.37,29.877
30.0,-79.32,29.956
30.0,-79.27,30.035
30.0,-79.22,29.92
30.0,-79.17,29.945
30.0,-79.12,29.938
30.0,-79.07,29.928
30.0,-79.02,29.938
30.0,-78.97,29.938
30.0,-78.92,29.885
30.0,-78.87,29.877
30.0,-78.82,29.906
30.0,-78.77,30.003
30.0,-78.72,30.108
30.0,-78.67,30.159
30.0,-78.62,30.11
30.0,-78.57,30.012
30.0,-78.52,29.94
30.0,-78.47,29.884
30.0,-78.42,29.786
30.0,-78.37,29.676
30.0,-78.32,29.579
30.0,-78.27,29.467
30.0,-78.22,29.324
30.0,-78.17,29.278
30.0,-78.12,29.273
30.0,-78.07,29.247
30.0,-78.02,29.224
30.0,-77.97,29.186
30.0,-77.92,29.136
30.0,-77.87,29.075
30.0,-77.82,29.047
30.0,-77.77,29.025
30.0,-77.72,28.979
30.0,-77.67,28.927
30.0,-77.62,28.952
30.0,-77.57,28.995
30.0,-77.52,28.971
30.0,-77.47,28.971
30.0,-77.42,28.994
30.0,-77.37,29.026
30.0,-77.32,29.083
30.0,-77.27,29.065
30.0,-77.22,29.033
30.0,-77.17,29.013
30.0,-77.12,29.018
30.0,-77.07,28.919
30.0,-77.02,28.828
30.0,-76.97,28.903
30.0,-76.92,29.064
30.0,-76.87,29.061
30.0,-76.82,29.092
30.0,-76.77,29.15
30.0,-76.72,29.146
30.0,-76.67,29.144
30.0,-76.62,29.31
30.0,-76.57,29.546
30.0,-76.52,29.572
30.0,-76.47,29.466
30.0,-76.42,29.386
30.0,-76.37,29.372
30.0,-76.32,29.392
30.0,-76.27,29.264
30.0,-76.22,29.051
30.0,-76.17,28.916
30.05,-81.32,29.232
30.05,-81.27,29.257
30.05,-81.22,29.394
30.05,-81.17,29.609
30.05,-81.12,29.559
30.05,-81.07,29.363
30.05,-81.02,29.292
30.05,-80.97,29.267
30.05,-80.92,29.25
30.05,-80.87,29.265
30.05,-80.82,29.287
30.05,-80.77,29.342
30.05,-80.72,29.448
30.05,-80.67,29.625
30.05,-80.62,29.719
30.05,-80.57,29.68
30.05,-80.52,29.532
30.05,-80.47,29.376
30.05,-80.42,29.344
30.05,-80.37,29.198
30.05,-80.32,29.094
30.05,-80.27,29.406
30.05,-80.22,29.883
30.05,-80.17,30.128
30.05,-80.12,30.169
30.05,-80.07,30.127
30.05,-80.02,30.109
30.05,-79.97,30.106
30.05,-79.92,30.099
30.05,-79.87,30.121
30.05,-79.82,30.129
30.05,-79.77,30.101
30.05,-79.72,30.076
30.05,-79.67,30.086
30.05,-79.62,30.143
30.05,-79.57,30.239
30.05,-79.52,30.327
30.05,-79.47,30.296
30.05,-79.42,30.187
30.05,-79.37,30.128
30.05,-79.32,30.007
30.05,-79.27,29.936
30.05,-79.22,29.916
30.05,-79.17,29.985
30.05,-79.12,30.023
30.05,-79.07,30.016
30.05,-79.02,29.948
30.05,-78.97,29.973
30.05,-78.92,29.969
30.05,-78.87,29.979
30.05,-78.82,29.993
30.05,-78.77,30.023
30.05,-78.72,30.074
30.05,-78.67,30.113
30.05,-78.62,30.065
30.05,-78.57,29.945
30.05,-78.52,29.892
30.05,-78.47,29.842
30.05,-78.42,29.719
30.05,-78.37,29.578
30.05,-78.32,29.437
30.05,-78.27,29.284
30.05,-78.22,29.13
30.05,-78.17,29.152
30.05,-78.12,29.204
30.05,-78.07,29.203
30.05,-78.02,29.221
30.05,-77.97,29.215
30.05,-77.92,29.222
30.05,-77.87,29.198
30.05,-77.82,29.133
30.05,-77.77,29.093
30.05,-77.72,29.035
30.05,-77.67,28.995
30.05,-77.62,28.936
30.05,-77.57,28.971
30.05,-77.52,28.93
30.05,-77.47,28.863
30.05,-77.42,28.887
30.05,-77.37,28.973
30.05,-77.32,29.031
30.05,-77.27,29.079
30.05,-77.22,29.12
30.05,-77.17,29.108
30.05,-77.12,29.049
30.05,-77.07,28.94
30.05,-77.02,28.828
30.05,-76.97,28.819
30.05,-76.92,28.897
30.05,-76.87,28.954
30.05,-76.82,28.974
30.05,-76.77,29.0
30.05,-76.72,29.071
30.05,-76.67,29.238
30.05,-76.62,29.361
30.05,-76.57,29.482
30.05,-76.52,29.542
30.05,-76.47,29.512
30.05,-76.42,29.537
30.05,-76.37,29.517
30.05,-76.32,29.514
30.05,-76.27,29.424
30.05,-76.22,29.26
30.05,-76.17,29.226
30.1,-81.32,29.185
30.1,-81.27,29.233
30.1,-81.22,29.416
30.1,-81.17,29.623
30.1,-81.12,29.554
30.1,-81.07,29.42
30.1,-81.02,29.315
30.1,-80.97,29.258
30.1,-80.92,29.245
30.1,-80.87,29.277
30.1,-80.82,29.318
30.1,-80.77,29.358
30.1,-80.72,29.422
30.1,-80.67,29.581
30.1,-80.62,29.708
30.1,-80.57,29.73
30.1,-80.52,29.565
30.1,-80.47,29.417
30.1,-80.42,29.371
30.1,-80.37,29.299
30.1,-80.32,29.117
30.1,-80.27,29.264
30.1,-80.22,29.816
30.1,-80.17,30.121
30.1,-80.12,30.213
30.1,-80.07,30.198
30.1,-80.02,30.171
30.1,-79.97,30.161
30.1,-79.92,30.148
30.1,-79.87,30.147
30.1,-79.82,30.146
30.1,-79.77,30.105
30.1,-79.72,30.065
30.1,-79.67,30.079
30.1,-79.62,30.13
30.1,-79.57,30.211
30.1,-79.52,30.27
30.1,-79.47,30.273
30.1,-79.42,30.218
30.1,-79.37,30.23
30.1,-79.32,30.146
30.1,-79.27,29.963
30.1,-79.22,29.925
30.1,-79.17,29.955
30.1,-79.12,30.007
30.1,-79.07,30.03
30.1,-79.02,30.061
30.1,-78.97,30.107
30.1,-78.92,30.126
30.1,-78.87,30.103
30.1,-78.82,30.081
30.1,-78.77,30.065
30.1,-78.72,30.058
30.1,-78.67,30.024
30.1,-78.62,29.935
30.1,-78.57,29.83
30.1,-78.52,29.747
30.1,-78.47,29.666
30.1,-78.42,29.571
30.1,-78.37,29.452
30.1,-78.32,29.335
30.1,-78.27,29.317
30.1,-78.22,29.35
30.1,-78.17,29.344
30.1,-78.12,29.32
30.1,-78.07,29.219
30.1,-78.02,29.208
30.1,-77.97,29.198
30.1,-77.92,29.255
30.1,-77.87,29.286
30.1,-77.82,29.255
30.1,-77.77,29.168
30.1,-77.72,29.075
30.1,-77.67,29.025
30.1,-77.62,28.943
30.1,-77.57,28.964
30.1,-77.52,28.948
30.1,-77.47,28.835
30.1,-77.42,28.85
30.1,-77.37,28.911
30.1,-77.32,28.955
30.1,-77.27,28.981
30.1,-77.22,29.109
30.1,-77.17,29.173
30.1,-77.12,29.111
30.1,-77.07,28.988
30.1,-77.02,28.876
30.1,-76.97,28.843
30.1,-76.92,28.879
30.1,-76.87,28.917
30.1,-76.82,28.928
30.1,-76.77,28.944
30.1,-76.72,29.045
30.1,-76.67,29.302
30.1,-76.62,29.427
30.1,-76.57,29.499
30.1,-76.52,29.515
30.1,-76.47,29.5
30.1,-76.42,29.526
30.1,-76.37,29.521
30.1,-76.32,29.467
30.1,-76.27,29.423
30.1,-76.22,29.369
30.1,-76.17,29.312
30.15,-81.32,29.19
30.15,-81.27,29.247
30.15,-81.22,29.476
30.15,-81.17,29.725
30.15,-81.12,29.743
30.15,-81.07,29.667
30.15,-81.02,29.467
30.15,-80.97,29.355
30.15,-80.92,29.339
30.15,-80.87,29.351
30.15,-80.82,29.366
30.15,-80.77,29.36
30.15,-80.72,29.363
30.15,-80.67,29.439
30.15,-80.62,29.601
30.15,-80.57,29.706
30.15,-80.52,29.592
30.15,-80.47,29.46
30.15,-80.42,29.428
30.15,-80.37,29.296
30.15,-80.32,29.125
30.15,-80.27,29.188
30.15,-80.22,29.724
30.15,-80.17,30.072
30.15,-80.12,30.218
30.15,-80.07,30.24
30.15,-80.02,30.219
30.15,-79.97,30.203
30.15,-79.92,30.184
30.15,-79.87,30.169
30.15,-79.82,30.171
30.15,-79.77,30.156
30.15,-79.72,30.177
30.15,-79.67,30.17
30.15,-79.62,30.204
30.15,-79.57,30.254
30.15,-79.52,30.277
30.15,-79.47,30.254
30.15,-79.42,30.199
30.15,-79.37,30.211
30.15,-79.32,30.192
30.15,-79.27,30.008
30.15,-79.22,29.948
30.15,-79.17,29.95
30.15,-79.12,29.98
30.15,-79.07,30.016
30.15,-79.02,30.095
30.15,-78.97,30.15
30.15,-78.92,30.192
30.15,-78.87,30.186
30.15,-78.82,30.154
30.15,-78.77,30.1
30.15,-78.72,30.032
30.15,-78.67,29.952
30.15,-78.62,29.836
30.15,-78.57,29.699
30.15,-78.52,29.571
30.15,-78.47,29.471
30.15,-78.42,29.447
30.15,-78.37,29.43
30.15,-78.32,29.404
30.15,-78.27,29.421
30.15,-78.22,29.441
30.15,-78.17,29.45
30.15,-78.12,29.439
30.15,-78.07,29.388
30.15,-78.02,29.312
30.15,-77.97,29.323
30.15,-77.92,29.285
30.15,-77.87,29.295
30.15,-77.82,29.274
30.15,-77.77,29.3
30.15,-77.72,29.341
30.15,-77.67,29.285
30.15,-77.62,29.225
30.15,-77.57,29.127
30.15,-77.52,29.052
30.15,-77.47,28.972
30.15,-77.42,28.904
30.15,-77.37,28.927
30.15,-77.32,28.92
30.15,-77.27,28.965
30.15,-77.22,29.101
30.15,-77.17,29.191
30.15,-77.12,29.137
30.15,-77.07,29.022
30.15,-77.02,28.907
30.15,-76.97,28.872
30.15,-76.92,28.877
30.15,-76.87,28.877
30.15,-76.82,28.852
30.15,-76.77,28.821
30.15,-76.72,28.929
30.15,-76.67,29.166
30.15,-76.62,29.4
30.15,-76.57,29.545
30.15,-76.52,29.635
30.15,-76.47,29.567
30.15,-76.42,29.444
30.15,-76.37,29.397
30.15,-76.32,29.386
30.15,-76.27,29.411
30.15,-76.22,29.335
30.15,-76.17,29.259
30.2,-81.32,29.204
30.2,-81.27,29.236
30.2,-81.22,29.386
30.2,-81.17,29.668
30.2,-81.12,29.73
30.2,-81.07,29.672
30.2,-81.02,29.509
30.2,-80.97,29.404
30.2,-80.92,29.383
30.2,-80.87,29.399
30.2,-80.82,29.401
30.2,-80.77,29.407
30.2,-80.72,29.414
30.2,-80.67,29.439
30.2,-80.62,29.548
30.2,-80.57,29.636
30.2,-80.52,29.609
30.2,-80.47,29.529
30.2,-80.42,29.506
30.2,-80.37,29.379
30.2,-80.32,29.175
30.2,-80.27,29.09
30.2,-80.22,29.548
30.2,-80.17,29.98
30.2,-80.12,30.162
30.2,-80.07,30.214
30.2,-80.02,30.198
30.2,-79.97,30.196
30.2,-79.92,30.184
30.2,-79.87,30.166
30.2,-79.82,30.172
30.2,-79.77,30.177
30.2,-79.72,30.19
30.2,-79.67,30.216
30.2,-79.62,30.267
30.2,-79.57,30.313
30.2,-79.52,30.319
30.2,-79.47,30.294
30.2,-79.42,30.246
30.2,-79.37,30.245
30.2,-79.32,30.249
30.2,-79.27,30.184
30.2,-79.22,30.089
30.2,-79.17,30.041
30.2,-79.12,30.055
30.2,-79.07,30.095
30.2,-79.02,30.127
30.2,-78.97,30.132
30.2,-78.92,30.172
30.2,-78.87,30.18
30.2,-78.82,30.14
30.2,-78.77,30.054
30.2,-78.72,29.906
30.2,-78.67,29.784
30.2,-78.62,29.656
30.2,-78.57,29.566
30.2,-78.52,29.508
30.2,-78.47,29.391
30.2,-78.42,29.382
30.2,-78.37,29.434
30.2,-78.32,29.468
30.2,-78.27,29.425
30.2,-78.22,29.369
30.2,-78.17,29.279
30.2,-78.12,29.309
30.2,-78.07,29.37
30.2,-78.02,29.42
30.2,-77.97,29.472
30.2,-77.92,29.481
30.2,-77.87,29.428
30.2,-77.82,29.373
30.2,-77.77,29.455
30.2,-77.72,29.55
30.2,-77.67,29.594
30.2,-77.62,29.548
30.2,-77.57,29.345
30.2,-77.52,29.075
30.2,-77.47,28.958
30.2,-77.42,28.976
30.2,-77.37,28.94
30.2,-77.32,28.934
30.2,-77.27,28.917
30.2,-77.22,29.066
30.2,-77.17,29.15
30.2,-77.12,29.115
30.2,-77.07,29.045
30.2,-77.02,28.94
30.2,-76.97,28.876
30.2,-76.92,28.878
30.2,-76.87,28.889
30.2,-76.82,28.846
30.2,-76.77,28.821
30.2,-76.72,28.875
30.2,-76.67,29.013
30.2,-76.62,29.231
30.2,-76.57,29.371
30.2,-76.52,29.473
30.2,-76.47,29.432
30.2,-76.42,29.257
30.2,-76.37,29.324
30.2,-76.32,29.304
30.2,-76.27,29.272
30.2,-76.22,29.271
30.2,-76.17,29.207
30.25,-81.37,29.217
30.25,-81.32,29.233
30.25,-81.27,29.244
30.25,-81.22,29.31
30.25,-81.17,29.537
30.25,-81.12,29.659
30.25,-81.07,29.593
30.25,-81.02,29.428
30.25,-80.97,29.367
30.25,-80.92,29.357
30.25,-80.87,29.387
30.25,-80.82,29.433
30.25,-80.77,29.465
30.25,-80.72,29.467
30.25,-80.67,29.453
30.25,-80.62,29.494
30.25,-80.57,29.634
30.25,-80.52,29.667
30.25,-80.47,29.551
30.25,-80.42,29.467
30.25,-80.37,29.485
30.25,-80.32,29.399
30.25,-80.27,29.239
30.25,-80.22,29.499
30.25,-80.17,29.907
30.25,-80.12,30.119
30.25,-80.07,30.187
30.25,-80.02,30.178
30.25,-79.97,30.171
30.25,-79.92,30.147
30.25,-79.87,30.129
30.25,-79.82,30.142
30.25,-79.77,30.172
30.25,-79.72,30.199
30.25,-79.67,30.209
30.25,-79.62,30.251
30.25,-79.57,30.3
30.25,-79.52,30.323
30.25,-79.47,30.322
30.25,-79.42,30.304
30.25,-79.37,30.346
30.25,-79.32,30.429
30.25,-79.27,30.426
30.25,-79.22,30.297
30.25,-79.17,30.241
30.25,-79.12,30.253
30.25,-79.07,30.28
30.25,-79.02,30.245
30.25,-78.97,30.215
30.25,-78.92,30.193
30.25,-78.87,30.151
30.25,-78.82,30.058
30.25,-78.77,29.911
30.25,-78.72,29.73
30.25,-78.67,29.587
30.25,-78.62,29.521
30.25,-78.57,29.509
30.25,-78.52,29.553
30.25,-78.47,29.529
30.25,-78.42,29.471
30.25,-78.37,29.46
30.25,-78.32,29.436
30.25,-78.27,29.361
30.25,-78.22,29.322
30.25,-78.17,29.254
30.25,-78.12,29.225
30.25,-78.07,29.275
30.25,-78.02,29.443
30.25,-77.97,29.514
30.25,-77.92,29.514
30.25,-77.87,29.451
30.25,-77.82,29.395
30.25,-77.77,29.514
30.25,-77.72,29.681
30.25,-77.67,29.745
30.25,-77.62,29.734
30.25,-77.57,29.619
30.25,-77.52,29.34
30.25,-77.47,29.029
30.25,-77.42,28.988
30.25,-77.37,28.989
30.25,-77.32,28.926
30.25,-77.27,28.886
30.25,-77.22,29.034
30.25,-77.17,29.128
30.25,-77.12,29.136
30.25,-77.07,29.075
30.25,-77.02,28.984
30.25,-76.97,28.898
30.25,-76.92,28.833
30.25,-76.87,28.889
30.25,-76.82,28.89
30.25,-76.77,28.854
30.25,-76.72,28.832
30.25,-76.67,28.899
30.25,-76.62,29.0
30.25,-76.57,29.144
30.25,-76.52,29.221
30.25,-76.47,29.233
30.25,-76.42,29.201
30.25,-76.37,29.184
30.25,-76.32,29.168
30.25,-76.27,29.208
30.25,-76.22,29.283
30.25,-76.17,29.321
30.3,-81.37,29.234
30.3,-81.32,29.269
30.3,-81.27,29.295
30.3,-81.22,29.362
30.3,-81.17,29.423
30.3,-81.12,29.384
30.3,-81.07,29.347
30.3,-81.02,29.395
30.3,-80.97,29.351
30.3,-80.92,29.343
30.3,-80.87,29.375
30.3,-80.82,29.426
30.3,-80.77,29.455
30.3,-80.72,29.441
30.3,-80.67,29.418
30.3,-80.62,29.497
30.3,-80.57,29.653
30.3,-80.52,29.693
30.3,-80.47,29.636
30.3,-80.42,29.548
30.3,-80.37,29.532
30.3,-80.32,29.494
30.3,-80.27,29.406
30.3,-80.22,29.397
30.3,-80.17,29.788
30.3,-80.12,30.076
30.3,-80.07,30.191
30.3,-80.02,30.189
30.3,-79.97,30.166
30.3,-79.92,30.148
30.3,-79.87,30.134
30.3,-79.82,30.154
30.3,-79.77,30.198
30.3,-79.72,30.262
30.3,-79.67,30.208
30.3,-79.62,30.215
30.3,-79.57,30.253
30.3,-79.52,30.297
30.3,-79.47,30.315
30.3,-79.42,30.307
30.3,-79.37,30.339
30.3,-79.32,30.446
30.3,-79.27,30.464
30.3,-79.22,30.394
30.3,-79.17,30.363
30.3,-79.12,30.36
30.3,-79.07,30.332
30.3,-79.02,30.27
30.3,-78.97,30.235
30.3,-78.92,30.202
30.3,-78.87,30.124
30.3,-78.82,29.973
30.3,-78.77,29.784
30.3,-78.72,29.594
30.3,-78.67,29.515
30.3,-78.62,29.535
30.3,-78.57,29.525
30.3,-78.52,29.549
30.3,-78.47,29.535
30.3,-78.42,29.491
30.3,-78.37,29.498
30.3,-78.32,29.481
30.3,-78.27,29.411
30.3,-78.22,29.352
30.3,-78.17,29.292
30.3,-78.12,29.245
30.3,-78.07,29.28
30.3,-78.02,29.419
30.3,-77.97,29.465
30.3,-77.92,29.401
30.3,-77.87,29.442
30.3,-77.82,29.555
30.3,-77.77,29.684
30.3,-77.72,29.8
30.3,-77.67,29.848
30.3,-77.62,29.869
30.3,-77.57,29.824
30.3,-77.52,29.655
30.3,-77.47,29.341
30.3,-77.42,29.169
30.3,-77.37,29.134
30.3,-77.32,28.996
30.3,-77.27,28.969
30.3,-77.22,29.08
30.3,-77.17,29.158
30.3,-77.12,29.17
30.3,-77.07,29.11
30.3,-77.02,29.021
30.3,-76.97,28.928
30.3,-76.92,28.81
30.3,-76.87,28.809
30.3,-76.82,28.862
30.3,-76.77,28.871
30.3,-76.72,28.851
30.3,-76.67,28.864
30.3,-76.62,28.908
30.3,-76.57,28.997
30.3,-76.52,29.079
30.3,-76.47,29.112
30.3,-76.42,29.135
30.3,-76.37,29.133
30.3,-76.32,29.123
30.3,-76.27,29.239
30.3,-76.22,29.404
30.3,-76.17,29.465
30.35,-81.37,29.249
30.35,-81.32,29.291
30.35,-81.27,29.343
30.35,-81.22,29.477
30.35,-81.17,29.553
30.35,-81.12,29.337
30.35,-81.07,29.289
30.35,-81.02,29.34
30.35,-80.97,29.358
30.35,-80.92,29.36
30.35,-80.87,29.401
30.35,-80.82,29.446
30.35,-80.77,29.472
30.35,-80.72,29.479
30.35,-80.67,29.474
30.35,-80.62,29.566
30.35,-80.57,29.73
30.35,-80.52,29.778
30.35,-80.47,29.689
30.35,-80.42,29.714
30.35,-80.37,29.69
30.35,-80.32,29.715
30.35,-80.27,29.601
30.35,-80.22,29.408
30.35,-80.17,29.687
30.35,-80.12,30.053
30.35,-80.07,30.193
30.35,-80.02,30.208
30.35,-79.97,30.187
30.35,-79.92,30.177
30.35,-79.87,30.16
30.35,-79.82,30.181
30.35,-79.77,30.211
30.35,-79.72,30.202
30.35,-79.67,30.184
30.35,-79.62,30.208
30.35,-79.57,30.26
30.35,-79.52,30.31
30.35,-79.47,30.335
30.35,-79.42,30.339
30.35,-79.37,30.36
30.35,-79.32,30.459
30.35,-79.27,30.436
30.35,-79.22,30.377
30.35,-79.17,30.343
30.35,-79.12,30.345
30.35,-79.07,30.278
30.35,-79.02,30.057
30.35,-78.97,29.921
30.35,-78.92,29.858
30.35,-78.87,29.882
30.35,-78.82,29.799
30.35,-78.77,29.686
30.35,-78.72,29.553
30.35,-78.67,29.495
30.35,-78.62,29.516
30.35,-78.57,29.543
30.35,-78.52,29.568
30.35,-78.47,29.561
30.35,-78.42,29.557
30.35,-78.37,29.535
30.35,-78.32,29.553
30.35,-78.27,29.434
30.35,-78.22,29.342
30.35,-78.17,29.219
30.35,-78.12,29.166
30.35,-78.07,29.221
30.35,-78.02,29.29
30.35,-77.97,29.313
30.35,-77.92,29.317
30.35,-77.87,29.428
30.35,-77.82,29.629
30.35,-77.77,29.805
30.35,-77.72,29.92
30.35,-77.67,29.939
30.35,-77.62,29.921
30.35,-77.57,29.893
30.35,-77.52,29.789
30.35,-77.47,29.611
30.35,-77.42,29.466
30.35,-77.37,29.307
30.35,-77.32,29.075
30.35,-77.27,28.928
30.35,-77.22,29.081
30.35,-77.17,29.125
30.35,-77.12,29.144
30.35,-77.07,29.066
30.35,-77.02,28.988
30.35,-76.97,28.92
30.35,-76.92,28.824
30.35,-76.87,28.818
30.35,-76.82,28.884
30.35,-76.77,28.918
30.35,-76.72,28.871
30.35,-76.67,28.783
30.35,-76.62,28.793
30.35,-76.57,28.905
30.35,-76.52,28.964
30.35,-76.47,29.028
30.35,-76.42,29.075
30.35,-76.37,29.088
30.35,-76.32,29.137
30.35,-76.27,29.308
30.35,-76.22,29.489
30.35,-76.17,29.533
30.4,-81.37,29.284
30.4,-81.32,29.317
30.4,-81.27,29.341
30.4,-81.22,29.432
30.4,-81.17,29.438
30.4,-81.12,29.347
30.4,-81.07,29.388
30.4,-81.02,29.495
30.4,-80.97,29.56
30.4,-80.92,29.516
30.4,-80.87,29.467
30.4,-80.82,29.508
30.4,-80.77,29.52
30.4,-80.72,29.52
30.4,-80.67,29.54
30.4,-80.62,29.604
30.4,-80.57,29.681
30.4,-80.52,29.754
30.4,-80.47,29.793
30.4,-80.42,29.858
30.4,-80.37,29.874
30.4,-80.32,29.874
30.4,-80.27,29.794
30.4,-80.22,29.577
30.4,-80.17,29.722
30.4,-80.12,30.063
30.4,-80.07,30.174
30.4,-80.02,30.176
30.4,-79.97,30.151
30.4,-79.92,30.16
30.4,-79.87,30.167
30.4,-79.82,30.188
30.4,-79.77,30.212
30.4,-79.72,30.191
30.4,-79.67,30.164
30.4,-79.62,30.204
30.4,-79.57,30.287
30.4,-79.52,30.351
30.4,-79.47,30.38
30.4,-79.42,30.376
30.4,-79.37,30.347
30.4,-79.32,30.329
30.4,-79.27,30.333
30.4,-79.22,30.305
30.4,-79.17,30.282
30.4,-79.12,30.097
30.4,-79.07,29.883
30.4,-79.02,29.56
30.4,-78.97,29.404
30.4,-78.92,29.348
30.4,-78.87,29.496
30.4,-78.82,29.453
30.4,-78.77,29.449
30.4,-78.72,29.46
30.4,-78.67,29.447
30.4,-78.62,29.476
30.4,-78.57,29.58
30.4,-78.52,29.612
30.4,-78.47,29.646
30.4,-78.42,29.673
30.4,-78.37,29.642
30.4,-78.32,29.589
30.4,-78.27,29.573
30.4,-78.22,29.463
30.4,-78.17,29.197
30.4,-78.12,29.155
30.4,-78.07,29.278
30.4,-78.02,29.252
30.4,-77.97,29.229
30.4,-77.92,29.286
30.4,-77.87,29.456
30.4,-77.82,29.693
30.4,-77.77,29.9
30.4,-77.72,30.013
30.4,-77.67,30.001
30.4,-77.62,29.941
30.4,-77.57,29.898
30.4,-77.52,29.833
30.4,-77.47,29.741
30.4,-77.42,29.62
30.4,-77.37,29.433
30.4,-77.32,29.159
30.4,-77.27,28.977
30.4,-77.22,29.059
30.4,-77.17,29.079
30.4,-77.12,29.069
30.4,-77.07,29.011
30.4,-77.02,28.975
30.4,-76.97,28.928
30.4,-76.92,28.879
30.4,-76.87,28.887
30.4,-76.82,28.931
30.4,-76.77,29.001
30.4,-76.72,28.93
30.4,-76.67,28.778
30.4,-76.62,28.781
30.4,-76.57,28.869
30.4,-76.52,28.941
30.4,-76.47,29.032
30.4,-76.42,29.086
30.4,-76.37,29.073
30.4,-76.32,29.103
30.4,-76.27,29.327
30.4,-76.22,29.493
30.4,-76.17,29.474
30.45,-81.37,29.407
30.45,-81.32,29.424
30.45,-81.27,29.437
30.45,-81.22,29.438
30.45,-81.17,29.389
30.45,-81.12,29.392
30.45,-81.07,29.532
30.45,-81.02,29.59
30.45,-80.97,29.669
30.45,-80.92,29.558
30.45,-80.87,29.515
30.45,-80.82,29.537
30.45,-80.77,29.536
30.45,-80.72,29.53
30.45,-80.67,29.561
30.45,-80.62,29.637
30.45,-80.57,29.73
30.45,-80.52,29.815
30.45,-80.47,29.895
30.45,-80.42,29.894
30.45,-80.37,29.912
30.45,-80.32,29.873
30.45,-80.27,29.933
30.45,-80.22,29.755
30.45,-80.17,29.783
30.45,-80.12,30.126
30.45,-80.07,30.181
30.45,-80.02,30.171
30.45,-79.97,30.148
30.45,-79.92,30.163
30.45,-79.87,30.172
30.45,-79.82,30.162
30.45,-79.77,30.176
30.45,-79.72,30.142
30.45,-79.67,30.1
30.45,-79.62,30.143
30.45,-79.57,30.243
30.45,-79.52,30.316
30.45,-79.47,30.332
30.45,-79.42,30.306
30.45,-79.37,30.221
30.45,-79.32,30.077
30.45,-79.27,29.951
30.45,-79.22,29.775
30.45,-79.17,29.511
30.45,-79.12,29.32
30.45,-79.07,29.313
30.45,-79.02,29.232
30.45,-78.97,29.116
30.45,-78.92,29.165
30.45,-78.87,29.394
30.45,-78.82,29.484
30.45,-78.77,29.356
30.45,-78.72,29.362
30.45,-78.67,29.389
30.45,-78.62,29.5
30.45,-78.57,29.553
30.45,-78.52,29.507
30.45,-78.47,29.613
30.45,-78.42,29.64
30.45,-78.37,29.679
30.45,-78.32,29.731
30.45,-78.27,29.717
30.45,-78.22,29.601
30.45,-78.17,29.445
30.45,-78.12,29.397
30.45,-78.07,29.472
30.45,-78.02,29.407
30.45,-77.97,29.333
30.45,-77.92,29.488
30.45,-77.87,29.644
30.45,-77.82,29.816
30.45,-77.77,29.946
30.45,-77.72,29.986
30.45,-77.67,29.957
30.45,-77.62,29.907
30.45,-77.57,29.86
30.45,-77.52,29.842
30.45,-77.47,29.794
30.45,-77.42,29.705
30.45,-77.37,29.542
30.45,-77.32,29.299
30.45,-77.27,29.121
30.45,-77.22,29.106
30.45,-77.17,29.058
30.45,-77.12,29.001
30.45,-77.07,28.987
30.45,-77.02,28.969
30.45,-76.97,28.97
30.45,-76.92,28.957
30.45,-76.87,28.94
30.45,-76.82,28.943
30.45,-76.77,28.978
30.45,-76.72,28.966
30.45,-76.67,28.94
30.45,-76.62,29.009
30.45,-76.57,29.09
30.45,-76.52,29.095
30.45,-76.47,29.184
30.45,-76.42,29.239
30.45,-76.37,29.202
30.45,-76.32,29.22
30.45,-76.27,29.297
30.45,-76.22,29.363
30.45,-76.17,29.34
30.5,-81.42,29.55
30.5,-81.37,29.582
30.5,-81.32,29.632
30.5,-81.27,29.609
30.5,-81.22,29.64
30.5,-81.17,29.632
30.5,-81.12,29.602
30.5,-81.07,29.63
30.5,-81.02,29.731
30.5,-80.97,29.724
30.5,-80.92,29.644
30.5,-80.87,29.659
30.5,-80.82,29.588
30.5,-80.77,29.537
30.5,-80.72,29.503
30.5,-80.67,29.509
30.5,-80.62,29.586
30.5,-80.57,29.71
30.5,-80.52,29.845
30.5,-80.47,29.926
30.5,-80.42,29.894
30.5,-80.37,29.904
30.5,-80.32,29.876
30.5,-80.27,30.0
30.5,-80.22,29.954
30.5,-80.17,29.873
30.5,-80.12,30.115
30.5,-80.07,30.182
30.5,-80.02,30.198
30.5,-79.97,30.211
30.5,-79.92,30.216
30.5,-79.87,30.21
30.5,-79.82,30.19
30.5,-79.77,30.183
30.5,-79.72,30.153
30.5,-79.67,30.104
30.5,-79.62,30.106
30.5,-79.57,30.161
30.5,-79.52,30.18
30.5,-79.47,30.144
30.5,-79.42,30.095
30.5,-79.37,29.984
30.5,-79.32,29.831
30.5,-79.27,29.652
30.5,-79.22,29.474
30.5,-79.17,29.231
30.5,-79.12,29.09
30.5,-79.07,29.178
30.5,-79.02,29.201
30.5,-78.97,29.136
30.5,-78.92,29.111
30.5,-78.87,29.334
30.5,-78.82,29.551
30.5,-78.77,29.501
30.5,-78.72,29.362
30.5,-78.67,29.467
30.5,-78.62,29.516
30.5,-78.57,29.589
30.5,-78.52,29.639
30.5,-78.47,29.681
30.5,-78.42,29.731
30.5,-78.37,29.818
30.5,-78.32,29.773
30.5,-78.27,29.662
30.5,-78.22,29.565
30.5,-78.17,29.511
30.5,-78.12,29.523
30.5,-78.07,29.61
30.5,-78.02,29.648
30.5,-77.97,29.688
30.5,-77.92,29.777
30.5,-77.87,29.871
30.5,-77.82,29.92
30.5,-77.77,29.949
30.5,-77.72,29.959
30.5,-77.67,29.919
30.5,-77.62,29.905
30.5,-77.57,29.877
30.5,-77.52,29.828
30.5,-77.47,29.779
30.5,-77.42,29.717
30.5,-77.37,29.622
30.5,-77.32,29.438
30.5,-77.27,29.27
30.5,-77.22,29.174
30.5,-77.17,29.091
30.5,-77.12,29.044
30.5,-77.07,29.034
30.5,-77.02,29.05
30.5,-76.97,29.058
30.5,-76.92,29.028
30.5,-76.87,29.026
30.5,-76.82,28.935
30.5,-76.77,28.896
30.5,-76.72,28.973
30.5,-76.67,29.054
30.5,-76.62,29.168
30.5,-76.57,29.215
30.5,-76.52,29.267
30.5,-76.47,29.36
30.5,-76.42,29.4
30.5,-76.37,29.327
30.5,-76.32,29.306
30.5,-76.27,29.332
30.5,-76.22,29.379
30.5,-76.17,29.371
