========================================
RUNNING REGION: mid_atlantic
========================================
=========================================================
SST PIPELINE
  UTC    : 2026-09-10 09:35:15
  Region : mid_atlantic
  Bbox   : 33.7–39.0°N  -78.89–-72.21°E
  Output : DailySSTData/MUR  (and siblings)
=========================================================

── MUR daily composite (last 5 days) ──
  MUR 20260909 (coastwatch.noaa.gov) … ✗ RuntimeError
  MUR 20260909 (coastwatch.pfeg.noaa.gov) … ✗ RuntimeError
  MUR 20260909 (upwell.pfeg.noaa.gov) … ✗ RuntimeError
  ✗ MUR 20260909 — all mirrors failed. Last: upwell.pfeg.noaa.gov: RuntimeError: 404 — no data for this date
  ✓ MUR 20260908 (cached)
  ✓ MUR 20260907 (cached)
  ✓ MUR 20260906 (cached)
  ✓ MUR 20260905 (cached)

── GOES-19 geo-polar blended daily composite ──
  Candidates: 4 (2 hosts × 2 dataset IDs)
  GOES 20260910 [noaa/noaacwBLENDEDsstDLDaily] … ✗ RuntimeError: 404 — no data for this date
  GOES 20260910 [noaa/noaacwBLENDEDsstDaily] … ✗ RuntimeError: 404 — no data for this date
  GOES 20260910 [pfeg/noaacwBLENDEDsstDLDaily] … ✗ RuntimeError: 404 — no data for this date
  GOES 20260910 [pfeg/noaacwBLENDEDsstDaily] … ✗ RuntimeError: 404 — no data for this date
  GOES 20260909 [noaa/noaacwBLENDEDsstDLDaily] … ✗ RuntimeError: 404 — no data for this date
  GOES 20260909 [noaa/noaacwBLENDEDsstDaily] … ✗ RuntimeError: 404 — no data for this date
  GOES 20260909 [pfeg/noaacwBLENDEDsstDLDaily] … ✗ RuntimeError: 404 — no data for this date
  GOES 20260909 [pfeg/noaacwBLENDEDsstDaily] … ✗ RuntimeError: 404 — no data for this date
  ✓ GOES composite 20260908 (cached)

── VIIRS multi-pass (last 48h — NPP/N20/N21) ──
  ✓ VIIRS NRT base: https://www.star.nesdis.noaa.gov/pub/socd2/coastwatch/sst/nrt/viirs
  Hourly windows : 48
  Window range   : 2026-09-08 09:50Z → 2026-09-10 09:10Z
  Half-width     : ±10 min per bucket
  npp 20260908_0950 … ✗ swath overlaps bbox but all pixels cloud/land masked (raw_valid_in_bbox=0, ql_dist=None)
  npp 20260908_1000 … ✗ swath overlaps bbox but all pixels cloud/land masked (raw_valid_in_bbox=0, ql_dist=None)
  npp 20260908_1010 … ✗ swath overlaps bbox but all pixels cloud/land masked (raw_valid_in_bbox=0, ql_dist=None)
  npp 20260908_1050 … ✗ swath overlaps bbox but all pixels cloud/land masked (raw_valid_in_bbox=0, ql_dist=None)
  npp 20260908_1100 … ✗ swath overlaps bbox but all pixels cloud/land masked (raw_valid_in_bbox=0, ql_dist=None)
  npp 20260908_1110 … ✗ swath overlaps bbox but all pixels cloud/land masked (raw_valid_in_bbox=0, ql_dist=None)
  npp 20260908_1150 … ✗ swath overlaps bbox but all pixels cloud/land masked (raw_valid_in_bbox=0, ql_dist=None)
  npp 20260908_1200 … ✗ swath overlaps bbox but all pixels cloud/land masked (raw_valid_in_bbox=0, ql_dist=None)
  npp 20260908_1210 … ✗ swath overlaps bbox but all pixels cloud/land masked (raw_valid_in_bbox=0, ql_dist=None)
  npp 20260908_1250 … ✗ swath overlaps bbox but all pixels cloud/land masked (raw_valid_in_bbox=0, ql_dist=None)
  npp 20260908_1300 … ✗ swath overlaps bbox but all pixels cloud/land masked (raw_valid_in_bbox=0, ql_dist=None)
  npp 20260908_1310 … ✗ swath overlaps bbox but all pixels cloud/land masked (raw_valid_in_bbox=0, ql_dist=None)
  npp 20260908_1350 … ✗ swath overlaps bbox but all pixels cloud/land masked (raw_valid_in_bbox=0, ql_dist=None)
  npp 20260908_1400 … ✗ swath overlaps bbox but all pixels cloud/land masked (raw_valid_in_bbox=0, ql_dist=None)
  npp 20260908_1410 … ✗ swath overlaps bbox but all pixels cloud/land masked (raw_valid_in_bbox=0, ql_dist=None)
  npp 20260908_1450 … ✗ swath overlaps bbox but all pixels cloud/land masked (raw_valid_in_bbox=0, ql_dist=None)
  npp 20260908_1500 … ✗ swath overlaps bbox but all pixels cloud/land masked (raw_valid_in_bbox=0, ql_dist=None)
  npp 20260908_1510 … ✗ swath overlaps bbox but all pixels cloud/land masked (raw_valid_in_bbox=0, ql_dist=None)
  npp 20260908_1550 … ✗ swath overlaps bbox but all pixels cloud/land masked (raw_valid_in_bbox=0, ql_dist=None)
  npp 20260908_1600 … ✗ swath overlaps bbox but all pixels cloud/land masked (raw_valid_in_bbox=0, ql_dist=None)
  npp 20260908_1610 … ✗ swath overlaps bbox but all pixels cloud/land masked (raw_valid_in_bbox=0, ql_dist=None)
  npp 20260908_1650 … ✗ swath overlaps bbox but all pixels cloud/land masked (raw_valid_in_bbox=0, ql_dist=None)
  npp 20260908_1700 … ✗ swath overlaps bbox but all pixels cloud/land masked (raw_valid_in_bbox=0, ql_dist=None)
  npp 20260908_1710 … ✗ swath overlaps bbox but all pixels cloud/land masked (raw_valid_in_bbox=0, ql_dist=None)
  npp 20260908_1750 … ✗ swath overlaps bbox but all pixels cloud/land masked (raw_valid_in_bbox=0, ql_dist=None)
  npp 20260908_1800 … ✗ swath overlaps bbox but all pixels cloud/land masked (raw_valid_in_bbox=0, ql_dist=None)
  npp 20260908_1810 … ✗ swath overlaps bbox but all pixels cloud/land masked (raw_valid_in_bbox=0, ql_dist=None)
  npp 20260908_1850 … ✗ swath overlaps bbox but all pixels cloud/land masked (raw_valid_in_bbox=0, ql_dist=None)
  npp 20260908_1900 … ✗ swath overlaps bbox but all pixels cloud/land masked (raw_valid_in_bbox=0, ql_dist=None)
  npp 20260908_1910 ✓ (cached)
  npp 20260908_1950 … ✗ swath overlaps bbox but all pixels cloud/land masked (raw_valid_in_bbox=0, ql_dist=None)
  npp 20260908_2000 … ✗ swath overlaps bbox but all pixels cloud/land masked (raw_valid_in_bbox=0, ql_dist=None)
  npp 20260908_2010 … ✗ swath overlaps bbox but all pixels cloud/land masked (raw_valid_in_bbox=0, ql_dist=None)
  npp 20260908_2050 … ✗ swath overlaps bbox but all pixels cloud/land masked (raw_valid_in_bbox=0, ql_dist=None)
  npp 20260908_2100 … ✗ swath overlaps bbox but all pixels cloud/land masked (raw_valid_in_bbox=0, ql_dist=None)
  npp 20260908_2110 … ✗ swath overlaps bbox but all pixels cloud/land masked (raw_valid_in_bbox=0, ql_dist=None)
  npp 20260908_2150 … ✗ swath overlaps bbox but all pixels cloud/land masked (raw_valid_in_bbox=0, ql_dist=None)
  npp 20260908_2200 … ✗ swath overlaps bbox but all pixels cloud/land masked (raw_valid_in_bbox=0, ql_dist=None)
  npp 20260908_2210 … ✗ swath overlaps bbox but all pixels cloud/land masked (raw_valid_in_bbox=0, ql_dist=None)
  npp 20260908_2250 … ✗ swath overlaps bbox but all pixels cloud/land masked (raw_valid_in_bbox=0, ql_dist=None)
  npp 20260908_2300 … ✗ swath overlaps bbox but all pixels cloud/land masked (raw_valid_in_bbox=0, ql_dist=None)
  npp 20260908_2310 … ✗ swath overlaps bbox but all pixels cloud/land masked (raw_valid_in_bbox=0, ql_dist=None)
  npp 20260908_2350 … ✗ swath overlaps bbox but all pixels cloud/land masked (raw_valid_in_bbox=0, ql_dist=None)
  npp 20260909_0000 … ✗ swath overlaps bbox but all pixels cloud/land masked (raw_valid_in_bbox=0, ql_dist=None)
  npp 20260909_0010 … ✗ swath overlaps bbox but all pixels cloud/land masked (raw_valid_in_bbox=0, ql_dist=None)
  npp 20260909_0050 … ✗ swath overlaps bbox but all pixels cloud/land masked (raw_valid_in_bbox=0, ql_dist=None)
  npp 20260909_0100 … ✗ swath overlaps bbox but all pixels cloud/land masked (raw_valid_in_bbox=0, ql_dist=None)
  npp 20260909_0110 … ✗ swath overlaps bbox but all pixels cloud/land masked (raw_valid_in_bbox=0, ql_dist=None)
  npp 20260909_0150 … ✗ swath overlaps bbox but all pixels cloud/land masked (raw_valid_in_bbox=0, ql_dist=None)
  npp 20260909_0200 … ✗ swath overlaps bbox but all pixels cloud/land masked (raw_valid_in_bbox=0, ql_dist=None)
  npp 20260909_0210 … ✗ swath overlaps bbox but all pixels cloud/land masked (raw_valid_in_bbox=0, ql_dist=None)
  npp 20260909_0250 … ✗ swath overlaps bbox but all pixels cloud/land masked (raw_valid_in_bbox=0, ql_dist=None)
  npp 20260909_0300 … ✗ swath overlaps bbox but all pixels cloud/land masked (raw_valid_in_bbox=0, ql_dist=None)
  npp 20260909_0310 … ✗ swath overlaps bbox but all pixels cloud/land masked (raw_valid_in_bbox=0, ql_dist=None)
  npp 20260909_0350 … ✗ swath overlaps bbox but all pixels cloud/land masked (raw_valid_in_bbox=0, ql_dist=None)
  npp 20260909_0400 … ✗ swath overlaps bbox but all pixels cloud/land masked (raw_valid_in_bbox=0, ql_dist=None)
  npp 20260909_0410 … ✗ swath overlaps bbox but all pixels cloud/land masked (raw_valid_in_bbox=0, ql_dist=None)
  npp 20260909_0450 … ✗ swath overlaps bbox but all pixels cloud/land masked (raw_valid_in_bbox=0, ql_dist=None)
  npp 20260909_0500 … ✗ swath overlaps bbox but all pixels cloud/land masked (raw_valid_in_bbox=0, ql_dist=None)
  npp 20260909_0510 … ✗ swath overlaps bbox but all pixels cloud/land masked (raw_valid_in_bbox=0, ql_dist=None)
  npp 20260909_0550 ✓ (cached)
  npp 20260909_0600 … ✗ swath overlaps bbox but all pixels cloud/land masked (raw_valid_in_bbox=0, ql_dist=None)
  npp 20260909_0610 … ✗ swath overlaps bbox but all pixels cloud/land masked (raw_valid_in_bbox=0, ql_dist=None)
  npp 20260909_0650 … ✗ swath overlaps bbox but all pixels cloud/land masked (raw_valid_in_bbox=0, ql_dist=None)
  npp 20260909_0700 … ✗ swath overlaps bbox but all pixels cloud/land masked (raw_valid_in_bbox=0, ql_dist=None)
  npp 20260909_0710 … ✗ swath overlaps bbox but all pixels cloud/land masked (raw_valid_in_bbox=0, ql_dist=None)
  npp 20260909_0750 … ✗ swath overlaps bbox but all pixels cloud/land masked (raw_valid_in_bbox=0, ql_dist=None)
  npp 20260909_0800 … ✗ swath overlaps bbox but all pixels cloud/land masked (raw_valid_in_bbox=0, ql_dist=None)
  npp 20260909_0810 … ✗ swath overlaps bbox but all pixels cloud/land masked (raw_valid_in_bbox=0, ql_dist=None)
  npp 20260909_0850 … ✗ swath overlaps bbox but all pixels cloud/land masked (raw_valid_in_bbox=0, ql_dist=None)
  npp 20260909_0900 … ✗ swath overlaps bbox but all pixels cloud/land masked (raw_valid_in_bbox=0, ql_dist=None)
  npp 20260909_0910 … ✗ swath overlaps bbox but all pixels cloud/land masked (raw_valid_in_bbox=0, ql_dist=None)
  npp 20260909_0950 … ✗ swath overlaps bbox but all pixels cloud/land masked (raw_valid_in_bbox=0, ql_dist=None)
  npp 20260909_1000 … ✗ swath overlaps bbox but all pixels cloud/land masked (raw_valid_in_bbox=0, ql_dist=None)
  npp 20260909_1010 … ✗ swath overlaps bbox but all pixels cloud/land masked (raw_valid_in_bbox=0, ql_dist=None)
  npp 20260909_1050 … ✗ swath overlaps bbox but all pixels cloud/land masked (raw_valid_in_bbox=0, ql_dist=None)
  npp 20260909_1100 … ✗ swath overlaps bbox but all pixels cloud/land masked (raw_valid_in_bbox=0, ql_dist=None)
  npp 20260909_1110 … ✗ swath overlaps bbox but all pixels cloud/land masked (raw_valid_in_bbox=0, ql_dist=None)
  npp 20260909_1150 … ✗ swath overlaps bbox but all pixels cloud/land masked (raw_valid_in_bbox=0, ql_dist=None)
  npp 20260909_1200 … ✗ swath overlaps bbox but all pixels cloud/land masked (raw_valid_in_bbox=0, ql_dist=None)
  npp 20260909_1210 … ✗ swath overlaps bbox but all pixels cloud/land masked (raw_valid_in_bbox=0, ql_dist=None)
  npp 20260909_1250 … ✗ swath overlaps bbox but all pixels cloud/land masked (raw_valid_in_bbox=0, ql_dist=None)
  npp 20260909_1300 … ✗ swath overlaps bbox but all pixels cloud/land masked (raw_valid_in_bbox=0, ql_dist=None)
  npp 20260909_1310 … ✗ swath overlaps bbox but all pixels cloud/land masked (raw_valid_in_bbox=0, ql_dist=None)
  npp 20260909_1350 … ✗ swath overlaps bbox but all pixels cloud/land masked (raw_valid_in_bbox=0, ql_dist=None)
  npp 20260909_1400 … ✗ swath overlaps bbox but all pixels cloud/land masked (raw_valid_in_bbox=0, ql_dist=None)
  npp 20260909_1410 … ✗ swath overlaps bbox but all pixels cloud/land masked (raw_valid_in_bbox=0, ql_dist=None)
  npp 20260909_1450 … ✗ swath overlaps bbox but all pixels cloud/land masked (raw_valid_in_bbox=0, ql_dist=None)
  npp 20260909_1500 … ✗ swath overlaps bbox but all pixels cloud/land masked (raw_valid_in_bbox=0, ql_dist=None)
  npp 20260909_1510 … ✗ swath overlaps bbox but all pixels cloud/land masked (raw_valid_in_bbox=0, ql_dist=None)
  npp 20260909_1550 … ✗ swath overlaps bbox but all pixels cloud/land masked (raw_valid_in_bbox=0, ql_dist=None)
  npp 20260909_1600 … ✗ swath overlaps bbox but all pixels cloud/land masked (raw_valid_in_bbox=0, ql_dist=None)
  npp 20260909_1610 … ✗ swath overlaps bbox but all pixels cloud/land masked (raw_valid_in_bbox=0, ql_dist=None)
  npp 20260909_1650 … ✗ swath overlaps bbox but all pixels cloud/land masked (raw_valid_in_bbox=0, ql_dist=None)
  npp 20260909_1700 … ✗ swath overlaps bbox but all pixels cloud/land masked (raw_valid_in_bbox=0, ql_dist=None)
  npp 20260909_1710 ✓ (cached)
  npp 20260909_1750 … ✗ swath overlaps bbox but all pixels cloud/land masked (raw_valid_in_bbox=0, ql_dist=None)
  npp 20260909_1800 … ✗ swath overlaps bbox but all pixels cloud/land masked (raw_valid_in_bbox=0, ql_dist=None)
  npp 20260909_1810 … ✗ swath overlaps bbox but all pixels cloud/land masked (raw_valid_in_bbox=0, ql_dist=None)
  npp 20260909_1850 ✓ (cached)
  npp 20260909_1900 … ✗ swath overlaps bbox but all pixels cloud/land masked (raw_valid_in_bbox=0, ql_dist=None)
  npp 20260909_1910 … ✗ swath overlaps bbox but all pixels cloud/land masked (raw_valid_in_bbox=0, ql_dist=None)
  npp 20260909_1950 … ✗ swath overlaps bbox but all pixels cloud/land masked (raw_valid_in_bbox=0, ql_dist=None)
  npp 20260909_2000 … ✗ swath overlaps bbox but all pixels cloud/land masked (raw_valid_in_bbox=0, ql_dist=None)
  npp 20260909_2010 … ✗ swath overlaps bbox but all pixels cloud/land masked (raw_valid_in_bbox=0, ql_dist=None)
  npp 20260909_2050 … ✗ swath overlaps bbox but all pixels cloud/land masked (raw_valid_in_bbox=0, ql_dist=None)
  npp 20260909_2100 … ✗ swath overlaps bbox but all pixels cloud/land masked (raw_valid_in_bbox=0, ql_dist=None)
  npp 20260909_2110 … ✗ swath overlaps bbox but all pixels cloud/land masked (raw_valid_in_bbox=0, ql_dist=None)
  npp 20260909_2150 … ✗ swath overlaps bbox but all pixels cloud/land masked (raw_valid_in_bbox=0, ql_dist=None)
  npp 20260909_2200 … ✗ swath overlaps bbox but all pixels cloud/land masked (raw_valid_in_bbox=0, ql_dist=None)
  npp 20260909_2210 … ✗ swath overlaps bbox but all pixels cloud/land masked (raw_valid_in_bbox=0, ql_dist=None)
  npp 20260910_0010 … ✗ swath overlaps bbox but all pixels cloud/land masked (raw_valid_in_bbox=0, ql_dist=None)
  npp 20260910_0050 … ✗ swath overlaps bbox but all pixels cloud/land masked (raw_valid_in_bbox=0, ql_dist=None)
  npp 20260910_0100 … ✗ swath overlaps bbox but all pixels cloud/land masked (raw_valid_in_bbox=0, ql_dist=None)
  npp 20260910_0110 … ✗ swath overlaps bbox but all pixels cloud/land masked (raw_valid_in_bbox=0, ql_dist=None)
  npp 20260910_0150 … ✗ swath overlaps bbox but all pixels cloud/land masked (raw_valid_in_bbox=0, ql_dist=None)
  npp 20260910_0200 … ✗ swath overlaps bbox but all pixels cloud/land masked (raw_valid_in_bbox=0, ql_dist=None)
  npp 20260910_0210 … ✗ swath overlaps bbox but all pixels cloud/land masked (raw_valid_in_bbox=0, ql_dist=None)
  npp 20260910_0250 … ✗ swath overlaps bbox but all pixels cloud/land masked (raw_valid_in_bbox=0, ql_dist=None)
  npp 20260910_0300 … ✗ swath overlaps bbox but all pixels cloud/land masked (raw_valid_in_bbox=0, ql_dist=None)
  npp 20260910_0310 … ✗ swath overlaps bbox but all pixels cloud/land masked (raw_valid_in_bbox=0, ql_dist=None)
  npp 20260910_0350 … ✗ swath overlaps bbox but all pixels cloud/land masked (raw_valid_in_bbox=0, ql_dist=None)
  npp 20260910_0400 … ✗ swath overlaps bbox but all pixels cloud/land masked (raw_valid_in_bbox=0, ql_dist=None)
  npp 20260910_0410 … ✗ swath overlaps bbox but all pixels cloud/land masked (raw_valid_in_bbox=0, ql_dist=None)
  npp 20260910_0450 … ✗ swath overlaps bbox but all pixels cloud/land masked (raw_valid_in_bbox=0, ql_dist=None)
  npp 20260910_0500 … ✗ swath overlaps bbox but all pixels cloud/land masked (raw_valid_in_bbox=0, ql_dist=None)
  npp 20260910_0510 … ✗ swath overlaps bbox but all pixels cloud/land masked (raw_valid_in_bbox=0, ql_dist=None)
  npp 20260910_0550 … ✗ swath overlaps bbox but all pixels cloud/land masked (raw_valid_in_bbox=0, ql_dist=None)
  npp 20260910_0600 … ✗ swath overlaps bbox but all pixels cloud/land masked (raw_valid_in_bbox=0, ql_dist=None)
  npp 20260910_0610 … ✗ swath overlaps bbox but all pixels cloud/land masked (raw_valid_in_bbox=0, ql_dist=None)
  npp 20260910_0650 … ✗ swath overlaps bbox but all pixels cloud/land masked (raw_valid_in_bbox=0, ql_dist=None)
  npp 20260910_0700 … ✗ swath overlaps bbox but all pixels cloud/land masked (raw_valid_in_bbox=0, ql_dist=None)
  npp 20260910_0710 …   → DailySSTData/VIIRS/Passes/viirs_npp_20260910_0710.csv  (36278 pts, 265 lats × 333 lons)
  npp 20260910_0750 … ✗ swath overlaps bbox but all pixels cloud/land masked (raw_valid_in_bbox=0, ql_dist=None)
  npp 20260910_0800 … ✗ swath overlaps bbox but all pixels cloud/land masked (raw_valid_in_bbox=0, ql_dist=None)
  npp 20260910_0810 … ✗ swath overlaps bbox but all pixels cloud/land masked (raw_valid_in_bbox=0, ql_dist=None)
  n20 20260908_0950 … ✗ swath overlaps bbox but all pixels cloud/land masked (raw_valid_in_bbox=0, ql_dist=None)
  n20 20260908_1000 … ✗ swath overlaps bbox but all pixels cloud/land masked (raw_valid_in_bbox=0, ql_dist=None)
  n20 20260908_1010 … ✗ swath overlaps bbox but all pixels cloud/land masked (raw_valid_in_bbox=0, ql_dist=None)
  n20 20260908_1050 … ✗ swath overlaps bbox but all pixels cloud/land masked (raw_valid_in_bbox=0, ql_dist=None)
  n20 20260908_1100 … ✗ swath overlaps bbox but all pixels cloud/land masked (raw_valid_in_bbox=0, ql_dist=None)
  n20 20260908_1110 … ✗ swath overlaps bbox but all pixels cloud/land masked (raw_valid_in_bbox=0, ql_dist=None)
  n20 20260908_1150 … ✗ swath overlaps bbox but all pixels cloud/land masked (raw_valid_in_bbox=0, ql_dist=None)
  n20 20260908_1200 … ✗ swath overlaps bbox but all pixels cloud/land masked (raw_valid_in_bbox=0, ql_dist=None)
  n20 20260908_1210 … ✗ swath overlaps bbox but all pixels cloud/land masked (raw_valid_in_bbox=0, ql_dist=None)
  n20 20260908_1250 … ✗ swath overlaps bbox but all pixels cloud/land masked (raw_valid_in_bbox=0, ql_dist=None)
  n20 20260908_1300 … ✗ swath overlaps bbox but all pixels cloud/land masked (raw_valid_in_bbox=0, ql_dist=None)
  n20 20260908_1310 … ✗ swath overlaps bbox but all pixels cloud/land masked (raw_valid_in_bbox=0, ql_dist=None)
  n20 20260908_1350 … ✗ swath overlaps bbox but all pixels cloud/land masked (raw_valid_in_bbox=0, ql_dist=None)
  n20 20260908_1400 … ✗ swath overlaps bbox but all pixels cloud/land masked (raw_valid_in_bbox=0, ql_dist=None)
  n20 20260908_1410 … ✗ swath overlaps bbox but all pixels cloud/land masked (raw_valid_in_bbox=0, ql_dist=None)
  n20 20260908_1450 … ✗ swath overlaps bbox but all pixels cloud/land masked (raw_valid_in_bbox=0, ql_dist=None)
  n20 20260908_1500 … ✗ swath overlaps bbox but all pixels cloud/land masked (raw_valid_in_bbox=0, ql_dist=None)
  n20 20260908_1510 … ✗ swath overlaps bbox but all pixels cloud/land masked (raw_valid_in_bbox=0, ql_dist=None)
  n20 20260908_1550 … ✗ swath overlaps bbox but all pixels cloud/land masked (raw_valid_in_bbox=0, ql_dist=None)
  n20 20260908_1600 … ✗ swath overlaps bbox but all pixels cloud/land masked (raw_valid_in_bbox=0, ql_dist=None)
  n20 20260908_1610 … ✗ swath overlaps bbox but all pixels cloud/land masked (raw_valid_in_bbox=0, ql_dist=None)
  n20 20260908_1650 … ✗ swath overlaps bbox but all pixels cloud/land masked (raw_valid_in_bbox=0, ql_dist=None)
  n20 20260908_1700 … ✗ swath overlaps bbox but all pixels cloud/land masked (raw_valid_in_bbox=0, ql_dist=None)
  n20 20260908_1710 … ✗ swath overlaps bbox but all pixels cloud/land masked (raw_valid_in_bbox=0, ql_dist=None)
  n20 20260908_1750 ✓ (cached)
  n20 20260908_1800 … ✗ swath overlaps bbox but all pixels cloud/land masked (raw_valid_in_bbox=0, ql_dist=None)
  n20 20260908_1810 … ✗ swath overlaps bbox but all pixels cloud/land masked (raw_valid_in_bbox=0, ql_dist=None)
  n20 20260908_1850 … ✗ swath overlaps bbox but all pixels cloud/land masked (raw_valid_in_bbox=0, ql_dist=None)
  n20 20260908_1900 … ✗ swath overlaps bbox but all pixels cloud/land masked (raw_valid_in_bbox=0, ql_dist=None)
  n20 20260908_1910 … ✗ swath overlaps bbox but all pixels cloud/land masked (raw_valid_in_bbox=0, ql_dist=None)
  n20 20260908_1950 … ✗ swath overlaps bbox but all pixels cloud/land masked (raw_valid_in_bbox=0, ql_dist=None)
  n20 20260908_2000 … ✗ swath overlaps bbox but all pixels cloud/land masked (raw_valid_in_bbox=0, ql_dist=None)
  n20 20260908_2010 … ✗ swath overlaps bbox but all pixels cloud/land masked (raw_valid_in_bbox=0, ql_dist=None)
  n20 20260908_2050 … ✗ swath overlaps bbox but all pixels cloud/land masked (raw_valid_in_bbox=0, ql_dist=None)
  n20 20260908_2100 … ✗ swath overlaps bbox but all pixels cloud/land masked (raw_valid_in_bbox=0, ql_dist=None)
  n20 20260908_2110 … ✗ swath overlaps bbox but all pixels cloud/land masked (raw_valid_in_bbox=0, ql_dist=None)
  n20 20260908_2150 … ✗ swath overlaps bbox but all pixels cloud/land masked (raw_valid_in_bbox=0, ql_dist=None)
  n20 20260908_2200 … ✗ swath overlaps bbox but all pixels cloud/land masked (raw_valid_in_bbox=0, ql_dist=None)
  n20 20260908_2210 … ✗ swath overlaps bbox but all pixels cloud/land masked (raw_valid_in_bbox=0, ql_dist=None)
  n20 20260908_2250 … ✗ swath overlaps bbox but all pixels cloud/land masked (raw_valid_in_bbox=0, ql_dist=None)
  n20 20260908_2300 … ✗ swath overlaps bbox but all pixels cloud/land masked (raw_valid_in_bbox=0, ql_dist=None)
  n20 20260908_2310 … ✗ swath overlaps bbox but all pixels cloud/land masked (raw_valid_in_bbox=0, ql_dist=None)
  n20 20260908_2350 … ✗ swath overlaps bbox but all pixels cloud/land masked (raw_valid_in_bbox=0, ql_dist=None)
  n20 20260909_0000 … ✗ swath overlaps bbox but all pixels cloud/land masked (raw_valid_in_bbox=0, ql_dist=None)
  n20 20260909_0010 … ✗ swath overlaps bbox but all pixels cloud/land masked (raw_valid_in_bbox=0, ql_dist=None)
  n20 20260909_0050 … ✗ swath overlaps bbox but all pixels cloud/land masked (raw_valid_in_bbox=0, ql_dist=None)
  n20 20260909_0100 … ✗ swath overlaps bbox but all pixels cloud/land masked (raw_valid_in_bbox=0, ql_dist=None)
  n20 20260909_0110 … ✗ swath overlaps bbox but all pixels cloud/land masked (raw_valid_in_bbox=0, ql_dist=None)
  n20 20260909_0150 … ✗ swath overlaps bbox but all pixels cloud/land masked (raw_valid_in_bbox=0, ql_dist=None)
  n20 20260909_0200 … ✗ swath overlaps bbox but all pixels cloud/land masked (raw_valid_in_bbox=0, ql_dist=None)
  n20 20260909_0210 … ✗ swath overlaps bbox but all pixels cloud/land masked (raw_valid_in_bbox=0, ql_dist=None)
  n20 20260909_0250 … ✗ swath overlaps bbox but all pixels cloud/land masked (raw_valid_in_bbox=0, ql_dist=None)
  n20 20260909_0300 … ✗ swath overlaps bbox but all pixels cloud/land masked (raw_valid_in_bbox=0, ql_dist=None)
  n20 20260909_0310 … ✗ swath overlaps bbox but all pixels cloud/land masked (raw_valid_in_bbox=0, ql_dist=None)
  n20 20260909_0350 … ✗ swath overlaps bbox but all pixels cloud/land masked (raw_valid_in_bbox=0, ql_dist=None)
  n20 20260909_0400 … ✗ swath overlaps bbox but all pixels cloud/land masked (raw_valid_in_bbox=0, ql_dist=None)
  n20 20260909_0410 … ✗ swath overlaps bbox but all pixels cloud/land masked (raw_valid_in_bbox=0, ql_dist=None)
  n20 20260909_0450 … ✗ swath overlaps bbox but all pixels cloud/land masked (raw_valid_in_bbox=0, ql_dist=None)
  n20 20260909_0500 … ✗ swath overlaps bbox but all pixels cloud/land masked (raw_valid_in_bbox=0, ql_dist=None)
  n20 20260909_0510 … ✗ swath overlaps bbox but all pixels cloud/land masked (raw_valid_in_bbox=0, ql_dist=None)
  n20 20260909_0550 … ✗ swath overlaps bbox but all pixels cloud/land masked (raw_valid_in_bbox=0, ql_dist=None)
  n20 20260909_0600 … ✗ swath overlaps bbox but all pixels cloud/land masked (raw_valid_in_bbox=0, ql_dist=None)
  n20 20260909_0610 ✓ (cached)
  n20 20260909_0650 … ✗ swath overlaps bbox but all pixels cloud/land masked (raw_valid_in_bbox=0, ql_dist=None)
  n20 20260909_0700 … ✗ swath overlaps bbox but all pixels cloud/land masked (raw_valid_in_bbox=0, ql_dist=None)
  n20 20260909_0710 … ✗ swath overlaps bbox but all pixels cloud/land masked (raw_valid_in_bbox=0, ql_dist=None)
  n20 20260909_0750 ✓ (cached)
  n20 20260909_0800 … ✗ swath overlaps bbox but all pixels cloud/land masked (raw_valid_in_bbox=0, ql_dist=None)
  n20 20260909_0810 … ✗ swath overlaps bbox but all pixels cloud/land masked (raw_valid_in_bbox=0, ql_dist=None)
  n20 20260909_0850 … ✗ swath overlaps bbox but all pixels cloud/land masked (raw_valid_in_bbox=0, ql_dist=None)
  n20 20260909_0900 … ✗ swath overlaps bbox but all pixels cloud/land masked (raw_valid_in_bbox=0, ql_dist=None)
  n20 20260909_0910 … ✗ swath overlaps bbox but all pixels cloud/land masked (raw_valid_in_bbox=0, ql_dist=None)
  n20 20260909_0950 … ✗ swath overlaps bbox but all pixels cloud/land masked (raw_valid_in_bbox=0, ql_dist=None)
  n20 20260909_1000 … ✗ swath overlaps bbox but all pixels cloud/land masked (raw_valid_in_bbox=0, ql_dist=None)
  n20 20260909_1010 … ✗ swath overlaps bbox but all pixels cloud/land masked (raw_valid_in_bbox=0, ql_dist=None)
  n20 20260909_1050 … ✗ swath overlaps bbox but all pixels cloud/land masked (raw_valid_in_bbox=0, ql_dist=None)
  n20 20260909_1100 … ✗ swath overlaps bbox but all pixels cloud/land masked (raw_valid_in_bbox=0, ql_dist=None)
  n20 20260909_1110 … ✗ swath overlaps bbox but all pixels cloud/land masked (raw_valid_in_bbox=0, ql_dist=None)
  n20 20260909_1150 … ✗ swath overlaps bbox but all pixels cloud/land masked (raw_valid_in_bbox=0, ql_dist=None)
  n20 20260909_1200 … ✗ swath overlaps bbox but all pixels cloud/land masked (raw_valid_in_bbox=0, ql_dist=None)
  n20 20260909_1210 … ✗ swath overlaps bbox but all pixels cloud/land masked (raw_valid_in_bbox=0, ql_dist=None)
  n20 20260909_1250 … ✗ swath overlaps bbox but all pixels cloud/land masked (raw_valid_in_bbox=0, ql_dist=None)
  n20 20260909_1300 … ✗ swath overlaps bbox but all pixels cloud/land masked (raw_valid_in_bbox=0, ql_dist=None)
  n20 20260909_1310 … ✗ swath overlaps bbox but all pixels cloud/land masked (raw_valid_in_bbox=0, ql_dist=None)
  n20 20260909_1350 … ✗ swath overlaps bbox but all pixels cloud/land masked (raw_valid_in_bbox=0, ql_dist=None)
  n20 20260909_1400 … ✗ swath overlaps bbox but all pixels cloud/land masked (raw_valid_in_bbox=0, ql_dist=None)
  n20 20260909_1410 … ✗ swath overlaps bbox but all pixels cloud/land masked (raw_valid_in_bbox=0, ql_dist=None)
  n20 20260909_1450 … ✗ swath overlaps bbox but all pixels cloud/land masked (raw_valid_in_bbox=0, ql_dist=None)
  n20 20260909_1500 … ✗ swath overlaps bbox but all pixels cloud/land masked (raw_valid_in_bbox=0, ql_dist=None)
  n20 20260909_1510 … ✗ swath overlaps bbox but all pixels cloud/land masked (raw_valid_in_bbox=0, ql_dist=None)
  n20 20260909_1550 … ✗ swath overlaps bbox but all pixels cloud/land masked (raw_valid_in_bbox=0, ql_dist=None)
  n20 20260909_1600 … ✗ swath overlaps bbox but all pixels cloud/land masked (raw_valid_in_bbox=0, ql_dist=None)
  n20 20260909_1610 … ✗ swath overlaps bbox but all pixels cloud/land masked (raw_valid_in_bbox=0, ql_dist=None)
  n20 20260909_1650 … ✗ swath overlaps bbox but all pixels cloud/land masked (raw_valid_in_bbox=0, ql_dist=None)
  n20 20260909_1700 … ✗ swath overlaps bbox but all pixels cloud/land masked (raw_valid_in_bbox=0, ql_dist=None)
  n20 20260909_1710 … ✗ swath overlaps bbox but all pixels cloud/land masked (raw_valid_in_bbox=0, ql_dist=None)
  n20 20260909_1750 … ✗ swath overlaps bbox but all pixels cloud/land masked (raw_valid_in_bbox=0, ql_dist=None)
  n20 20260909_1800 … ✗ swath overlaps bbox but all pixels cloud/land masked (raw_valid_in_bbox=0, ql_dist=None)
  n20 20260909_1810 … ✗ swath overlaps bbox but all pixels cloud/land masked (raw_valid_in_bbox=0, ql_dist=None)
  n20 20260909_1850 … ✗ swath overlaps bbox but all pixels cloud/land masked (raw_valid_in_bbox=0, ql_dist=None)
  n20 20260909_1900 … ✗ swath overlaps bbox but all pixels cloud/land masked (raw_valid_in_bbox=0, ql_dist=None)
  n20 20260909_1910 ✓ (cached)
  n20 20260909_1950 … ✗ swath overlaps bbox but all pixels cloud/land masked (raw_valid_in_bbox=0, ql_dist=None)
  n20 20260909_2000 … ✗ swath overlaps bbox but all pixels cloud/land masked (raw_valid_in_bbox=0, ql_dist=None)
  n20 20260909_2010 … ✗ swath overlaps bbox but all pixels cloud/land masked (raw_valid_in_bbox=0, ql_dist=None)
  n20 20260909_2050 … ✗ swath overlaps bbox but all pixels cloud/land masked (raw_valid_in_bbox=0, ql_dist=None)
  n20 20260909_2100 … ✗ swath overlaps bbox but all pixels cloud/land masked (raw_valid_in_bbox=0, ql_dist=None)
  n20 20260909_2110 … ✗ swath overlaps bbox but all pixels cloud/land masked (raw_valid_in_bbox=0, ql_dist=None)
  n20 20260909_2150 … ✗ swath overlaps bbox but all pixels cloud/land masked (raw_valid_in_bbox=0, ql_dist=None)
  n20 20260909_2200 … ✗ swath overlaps bbox but all pixels cloud/land masked (raw_valid_in_bbox=0, ql_dist=None)
  n20 20260909_2210 … ✗ swath overlaps bbox but all pixels cloud/land masked (raw_valid_in_bbox=0, ql_dist=None)
  n20 20260909_2250 … ✗ swath overlaps bbox but all pixels cloud/land masked (raw_valid_in_bbox=0, ql_dist=None)
  n20 20260909_2300 … ✗ swath overlaps bbox but all pixels cloud/land masked (raw_valid_in_bbox=0, ql_dist=None)
  n20 20260909_2310 … ✗ swath overlaps bbox but all pixels cloud/land masked (raw_valid_in_bbox=0, ql_dist=None)
  n20 20260909_2350 … ✗ swath overlaps bbox but all pixels cloud/land masked (raw_valid_in_bbox=0, ql_dist=None)
  n20 20260910_0000 … ✗ swath overlaps bbox but all pixels cloud/land masked (raw_valid_in_bbox=0, ql_dist=None)
  n20 20260910_0010 … ✗ swath overlaps bbox but all pixels cloud/land masked (raw_valid_in_bbox=0, ql_dist=None)
  n20 20260910_0050 … ✗ swath overlaps bbox but all pixels cloud/land masked (raw_valid_in_bbox=0, ql_dist=None)
  n20 20260910_0100 … ✗ swath overlaps bbox but all pixels cloud/land masked (raw_valid_in_bbox=0, ql_dist=None)
  n20 20260910_0110 … ✗ swath overlaps bbox but all pixels cloud/land masked (raw_valid_in_bbox=0, ql_dist=None)
  n20 20260910_0150 … ✗ swath overlaps bbox but all pixels cloud/land masked (raw_valid_in_bbox=0, ql_dist=None)
  n20 20260910_0200 … ✗ swath overlaps bbox but all pixels cloud/land masked (raw_valid_in_bbox=0, ql_dist=None)
  n20 20260910_0210 … ✗ swath overlaps bbox but all pixels cloud/land masked (raw_valid_in_bbox=0, ql_dist=None)
  n20 20260910_0250 … ✗ swath overlaps bbox but all pixels cloud/land masked (raw_valid_in_bbox=0, ql_dist=None)
  n20 20260910_0300 … ✗ swath overlaps bbox but all pixels cloud/land masked (raw_valid_in_bbox=0, ql_dist=None)
  n20 20260910_0310 … ✗ swath overlaps bbox but all pixels cloud/land masked (raw_valid_in_bbox=0, ql_dist=None)
  n20 20260910_0350 … ✗ swath overlaps bbox but all pixels cloud/land masked (raw_valid_in_bbox=0, ql_dist=None)
  n20 20260910_0400 … ✗ swath overlaps bbox but all pixels cloud/land masked (raw_valid_in_bbox=0, ql_dist=None)
  n20 20260910_0410 … ✗ swath overlaps bbox but all pixels cloud/land masked (raw_valid_in_bbox=0, ql_dist=None)
  n20 20260910_0450 … ✗ swath overlaps bbox but all pixels cloud/land masked (raw_valid_in_bbox=0, ql_dist=None)
  n20 20260910_0500 … ✗ swath overlaps bbox but all pixels cloud/land masked (raw_valid_in_bbox=0, ql_dist=None)
  n20 20260910_0510 … ✗ swath overlaps bbox but all pixels cloud/land masked (raw_valid_in_bbox=0, ql_dist=None)
  n20 20260910_0550 …   → DailySSTData/VIIRS/Passes/viirs_n20_20260910_0550.csv  (32389 pts, 265 lats × 249 lons)
  n20 20260910_0600 … ✗ swath overlaps bbox but all pixels cloud/land masked (raw_valid_in_bbox=0, ql_dist=None)
  n20 20260910_0610 … ✗ swath overlaps bbox but all pixels cloud/land masked (raw_valid_in_bbox=0, ql_dist=None)
  n20 20260910_0650 … ✗ swath overlaps bbox but all pixels cloud/land masked (raw_valid_in_bbox=0, ql_dist=None)
  n20 20260910_0700 … ✗ swath overlaps bbox but all pixels cloud/land masked (raw_valid_in_bbox=0, ql_dist=None)
  n20 20260910_0710 … ✗ swath overlaps bbox but all pixels cloud/land masked (raw_valid_in_bbox=0, ql_dist=None)
  n20 20260910_0750 … ✗ swath overlaps bbox but all pixels cloud/land masked (raw_valid_in_bbox=0, ql_dist=None)
  n20 20260910_0800 … ✗ swath overlaps bbox but all pixels cloud/land masked (raw_valid_in_bbox=0, ql_dist=None)
  n20 20260910_0810 … ✗ swath overlaps bbox but all pixels cloud/land masked (raw_valid_in_bbox=0, ql_dist=None)
  n20 20260910_0850 … ✗ swath overlaps bbox but all pixels cloud/land masked (raw_valid_in_bbox=0, ql_dist=None)
  n21 20260908_0950 … ✗ swath overlaps bbox but all pixels cloud/land masked (raw_valid_in_bbox=0, ql_dist=None)
  n21 20260908_1000 … ✗ swath overlaps bbox but all pixels cloud/land masked (raw_valid_in_bbox=0, ql_dist=None)
  n21 20260908_1010 … ✗ swath overlaps bbox but all pixels cloud/land masked (raw_valid_in_bbox=0, ql_dist=None)
  n21 20260908_1050 … ✗ swath overlaps bbox but all pixels cloud/land masked (raw_valid_in_bbox=0, ql_dist=None)
  n21 20260908_1100 … ✗ swath overlaps bbox but all pixels cloud/land masked (raw_valid_in_bbox=0, ql_dist=None)
  n21 20260908_1110 … ✗ swath overlaps bbox but all pixels cloud/land masked (raw_valid_in_bbox=0, ql_dist=None)
  n21 20260908_1150 … ✗ swath overlaps bbox but all pixels cloud/land masked (raw_valid_in_bbox=0, ql_dist=None)
  n21 20260908_1200 … ✗ swath overlaps bbox but all pixels cloud/land masked (raw_valid_in_bbox=0, ql_dist=None)
  n21 20260908_1210 … ✗ swath overlaps bbox but all pixels cloud/land masked (raw_valid_in_bbox=0, ql_dist=None)
  n21 20260908_1250 … ✗ swath overlaps bbox but all pixels cloud/land masked (raw_valid_in_bbox=0, ql_dist=None)
  n21 20260908_1300 … ✗ swath overlaps bbox but all pixels cloud/land masked (raw_valid_in_bbox=0, ql_dist=None)
  n21 20260908_1310 … ✗ swath overlaps bbox but all pixels cloud/land masked (raw_valid_in_bbox=0, ql_dist=None)
  n21 20260908_1350 … ✗ swath overlaps bbox but all pixels cloud/land masked (raw_valid_in_bbox=0, ql_dist=None)
  n21 20260908_1400 … ✗ swath overlaps bbox but all pixels cloud/land masked (raw_valid_in_bbox=0, ql_dist=None)
  n21 20260908_1410 … ✗ swath overlaps bbox but all pixels cloud/land masked (raw_valid_in_bbox=0, ql_dist=None)
  n21 20260908_1450 … ✗ swath overlaps bbox but all pixels cloud/land masked (raw_valid_in_bbox=0, ql_dist=None)
  n21 20260908_1500 … ✗ swath overlaps bbox but all pixels cloud/land masked (raw_valid_in_bbox=0, ql_dist=None)
  n21 20260908_1510 … ✗ swath overlaps bbox but all pixels cloud/land masked (raw_valid_in_bbox=0, ql_dist=None)
  n21 20260908_1550 … ✗ swath overlaps bbox but all pixels cloud/land masked (raw_valid_in_bbox=0, ql_dist=None)
  n21 20260908_1600 … ✗ swath overlaps bbox but all pixels cloud/land masked (raw_valid_in_bbox=0, ql_dist=None)
  n21 20260908_1610 … ✗ swath overlaps bbox but all pixels cloud/land masked (raw_valid_in_bbox=0, ql_dist=None)
  n21 20260908_1650 ✓ (cached)
  n21 20260908_1700 … ✗ swath overlaps bbox but all pixels cloud/land masked (raw_valid_in_bbox=0, ql_dist=None)
  n21 20260908_1710 … ✗ swath overlaps bbox but all pixels cloud/land masked (raw_valid_in_bbox=0, ql_dist=None)
  n21 20260908_1750 … ✗ swath overlaps bbox but all pixels cloud/land masked (raw_valid_in_bbox=0, ql_dist=None)
  n21 20260908_1800 … ✗ swath overlaps bbox but all pixels cloud/land masked (raw_valid_in_bbox=0, ql_dist=None)
  n21 20260908_1810 … ✗ swath overlaps bbox but all pixels cloud/land masked (raw_valid_in_bbox=0, ql_dist=None)
  n21 20260908_1850 … ✗ swath overlaps bbox but all pixels cloud/land masked (raw_valid_in_bbox=0, ql_dist=None)
  n21 20260908_1900 … ✗ swath overlaps bbox but all pixels cloud/land masked (raw_valid_in_bbox=0, ql_dist=None)
  n21 20260908_1910 … ✗ swath overlaps bbox but all pixels cloud/land masked (raw_valid_in_bbox=0, ql_dist=None)
  n21 20260908_1950 … ✗ swath overlaps bbox but all pixels cloud/land masked (raw_valid_in_bbox=0, ql_dist=None)
  n21 20260908_2000 … ✗ swath overlaps bbox but all pixels cloud/land masked (raw_valid_in_bbox=0, ql_dist=None)
  n21 20260908_2010 … ✗ swath overlaps bbox but all pixels cloud/land masked (raw_valid_in_bbox=0, ql_dist=None)
  n21 20260908_2050 … ✗ swath overlaps bbox but all pixels cloud/land masked (raw_valid_in_bbox=0, ql_dist=None)
  n21 20260908_2100 … ✗ swath overlaps bbox but all pixels cloud/land masked (raw_valid_in_bbox=0, ql_dist=None)
  n21 20260908_2110 … ✗ swath overlaps bbox but all pixels cloud/land masked (raw_valid_in_bbox=0, ql_dist=None)
  n21 20260908_2150 … ✗ swath overlaps bbox but all pixels cloud/land masked (raw_valid_in_bbox=0, ql_dist=None)
  n21 20260908_2200 … ✗ swath overlaps bbox but all pixels cloud/land masked (raw_valid_in_bbox=0, ql_dist=None)
  n21 20260908_2210 … ✗ swath overlaps bbox but all pixels cloud/land masked (raw_valid_in_bbox=0, ql_dist=None)
  n21 20260908_2250 … ✗ swath overlaps bbox but all pixels cloud/land masked (raw_valid_in_bbox=0, ql_dist=None)
  n21 20260908_2300 … ✗ swath overlaps bbox but all pixels cloud/land masked (raw_valid_in_bbox=0, ql_dist=None)
  n21 20260908_2310 … ✗ swath overlaps bbox but all pixels cloud/land masked (raw_valid_in_bbox=0, ql_dist=None)
  n21 20260908_2350 … ✗ swath overlaps bbox but all pixels cloud/land masked (raw_valid_in_bbox=0, ql_dist=None)
  n21 20260909_0000 … ✗ swath overlaps bbox but all pixels cloud/land masked (raw_valid_in_bbox=0, ql_dist=None)
  n21 20260909_0010 … ✗ swath overlaps bbox but all pixels cloud/land masked (raw_valid_in_bbox=0, ql_dist=None)
  n21 20260909_0050 … ✗ swath overlaps bbox but all pixels cloud/land masked (raw_valid_in_bbox=0, ql_dist=None)
  n21 20260909_0100 … ✗ swath overlaps bbox but all pixels cloud/land masked (raw_valid_in_bbox=0, ql_dist=None)
  n21 20260909_0110 … ✗ swath overlaps bbox but all pixels cloud/land masked (raw_valid_in_bbox=0, ql_dist=None)
  n21 20260909_0150 … ✗ swath overlaps bbox but all pixels cloud/land masked (raw_valid_in_bbox=0, ql_dist=None)
  n21 20260909_0200 … ✗ swath overlaps bbox but all pixels cloud/land masked (raw_valid_in_bbox=0, ql_dist=None)
  n21 20260909_0210 … ✗ swath overlaps bbox but all pixels cloud/land masked (raw_valid_in_bbox=0, ql_dist=None)
  n21 20260909_0250 … ✗ swath overlaps bbox but all pixels cloud/land masked (raw_valid_in_bbox=0, ql_dist=None)
  n21 20260909_0300 … ✗ swath overlaps bbox but all pixels cloud/land masked (raw_valid_in_bbox=0, ql_dist=None)
  n21 20260909_0310 … ✗ swath overlaps bbox but all pixels cloud/land masked (raw_valid_in_bbox=0, ql_dist=None)
  n21 20260909_0350 … ✗ swath overlaps bbox but all pixels cloud/land masked (raw_valid_in_bbox=0, ql_dist=None)
  n21 20260909_0400 … ✗ swath overlaps bbox but all pixels cloud/land masked (raw_valid_in_bbox=0, ql_dist=None)
  n21 20260909_0410 … ✗ swath overlaps bbox but all pixels cloud/land masked (raw_valid_in_bbox=0, ql_dist=None)
  n21 20260909_0450 … ✗ swath overlaps bbox but all pixels cloud/land masked (raw_valid_in_bbox=0, ql_dist=None)
  n21 20260909_0500 … ✗ swath overlaps bbox but all pixels cloud/land masked (raw_valid_in_bbox=0, ql_dist=None)
  n21 20260909_0510 … ✗ swath overlaps bbox but all pixels cloud/land masked (raw_valid_in_bbox=0, ql_dist=None)
  n21 20260909_0550 … ✗ swath overlaps bbox but all pixels cloud/land masked (raw_valid_in_bbox=0, ql_dist=None)
  n21 20260909_0600 … ✗ swath overlaps bbox but all pixels cloud/land masked (raw_valid_in_bbox=0, ql_dist=None)
  n21 20260909_0610 … ✗ swath overlaps bbox but all pixels cloud/land masked (raw_valid_in_bbox=0, ql_dist=None)
  n21 20260909_0650 ✓ (cached)
  n21 20260909_0700 ✓ (cached)
  n21 20260909_0710 … ✗ swath overlaps bbox but all pixels cloud/land masked (raw_valid_in_bbox=0, ql_dist=None)
  n21 20260909_0750 … ✗ swath overlaps bbox but all pixels cloud/land masked (raw_valid_in_bbox=0, ql_dist=None)
  n21 20260909_0800 … ✗ swath overlaps bbox but all pixels cloud/land masked (raw_valid_in_bbox=0, ql_dist=None)
  n21 20260909_0810 … ✗ swath overlaps bbox but all pixels cloud/land masked (raw_valid_in_bbox=0, ql_dist=None)
  n21 20260909_0850 … ✗ swath overlaps bbox but all pixels cloud/land masked (raw_valid_in_bbox=0, ql_dist=None)
  n21 20260909_0900 … ✗ swath overlaps bbox but all pixels cloud/land masked (raw_valid_in_bbox=0, ql_dist=None)
  n21 20260909_0910 … ✗ swath overlaps bbox but all pixels cloud/land masked (raw_valid_in_bbox=0, ql_dist=None)
  n21 20260909_0950 … ✗ swath overlaps bbox but all pixels cloud/land masked (raw_valid_in_bbox=0, ql_dist=None)
  n21 20260909_1000 … ✗ swath overlaps bbox but all pixels cloud/land masked (raw_valid_in_bbox=0, ql_dist=None)
  n21 20260909_1010 … ✗ swath overlaps bbox but all pixels cloud/land masked (raw_valid_in_bbox=0, ql_dist=None)
  n21 20260909_1050 … ✗ swath overlaps bbox but all pixels cloud/land masked (raw_valid_in_bbox=0, ql_dist=None)
  n21 20260909_1100 … ✗ swath overlaps bbox but all pixels cloud/land masked (raw_valid_in_bbox=0, ql_dist=None)
  n21 20260909_1110 … ✗ swath overlaps bbox but all pixels cloud/land masked (raw_valid_in_bbox=0, ql_dist=None)
  n21 20260909_1150 … ✗ swath overlaps bbox but all pixels cloud/land masked (raw_valid_in_bbox=0, ql_dist=None)
  n21 20260909_1200 … ✗ swath overlaps bbox but all pixels cloud/land masked (raw_valid_in_bbox=0, ql_dist=None)
  n21 20260909_1210 … ✗ swath overlaps bbox but all pixels cloud/land masked (raw_valid_in_bbox=0, ql_dist=None)
  n21 20260909_1250 … ✗ swath overlaps bbox but all pixels cloud/land masked (raw_valid_in_bbox=0, ql_dist=None)
  n21 20260909_1300 … ✗ swath overlaps bbox but all pixels cloud/land masked (raw_valid_in_bbox=0, ql_dist=None)
  n21 20260909_1310 … ✗ swath overlaps bbox but all pixels cloud/land masked (raw_valid_in_bbox=0, ql_dist=None)
  n21 20260909_1350 … ✗ swath overlaps bbox but all pixels cloud/land masked (raw_valid_in_bbox=0, ql_dist=None)
  n21 20260909_1400 … ✗ swath overlaps bbox but all pixels cloud/land masked (raw_valid_in_bbox=0, ql_dist=None)
  n21 20260909_1410 … ✗ swath overlaps bbox but all pixels cloud/land masked (raw_valid_in_bbox=0, ql_dist=None)
  n21 20260909_1450 … ✗ swath overlaps bbox but all pixels cloud/land masked (raw_valid_in_bbox=0, ql_dist=None)
  n21 20260909_1500 … ✗ swath overlaps bbox but all pixels cloud/land masked (raw_valid_in_bbox=0, ql_dist=None)
  n21 20260909_1510 … ✗ swath overlaps bbox but all pixels cloud/land masked (raw_valid_in_bbox=0, ql_dist=None)
  n21 20260909_1550 … ✗ swath overlaps bbox but all pixels cloud/land masked (raw_valid_in_bbox=0, ql_dist=None)
  n21 20260909_1600 … ✗ swath overlaps bbox but all pixels cloud/land masked (raw_valid_in_bbox=0, ql_dist=None)
  n21 20260909_1610 … ✗ swath overlaps bbox but all pixels cloud/land masked (raw_valid_in_bbox=0, ql_dist=None)
  n21 20260909_1650 … ✗ swath overlaps bbox but all pixels cloud/land masked (raw_valid_in_bbox=0, ql_dist=None)
  n21 20260909_1700 … ✗ swath overlaps bbox but all pixels cloud/land masked (raw_valid_in_bbox=0, ql_dist=None)
  n21 20260909_1710 … ✗ swath overlaps bbox but all pixels cloud/land masked (raw_valid_in_bbox=0, ql_dist=None)
  n21 20260909_1750 … ✗ swath overlaps bbox but all pixels cloud/land masked (raw_valid_in_bbox=0, ql_dist=None)
  n21 20260909_1800 … ✗ swath overlaps bbox but all pixels cloud/land masked (raw_valid_in_bbox=0, ql_dist=None)
  n21 20260909_1810 ✓ (cached)
  n21 20260909_1850 … ✗ swath overlaps bbox but all pixels cloud/land masked (raw_valid_in_bbox=0, ql_dist=None)
  n21 20260909_1900 … ✗ swath overlaps bbox but all pixels cloud/land masked (raw_valid_in_bbox=0, ql_dist=None)
  n21 20260909_1910 … ✗ swath overlaps bbox but all pixels cloud/land masked (raw_valid_in_bbox=0, ql_dist=None)
  n21 20260909_1950 … ✗ swath overlaps bbox but all pixels cloud/land masked (raw_valid_in_bbox=0, ql_dist=None)
  n21 20260909_2000 … ✗ swath overlaps bbox but all pixels cloud/land masked (raw_valid_in_bbox=0, ql_dist=None)
  n21 20260909_2010 … ✗ swath overlaps bbox but all pixels cloud/land masked (raw_valid_in_bbox=0, ql_dist=None)
  n21 20260909_2050 … ✗ swath overlaps bbox but all pixels cloud/land masked (raw_valid_in_bbox=0, ql_dist=None)
  n21 20260909_2100 … ✗ swath overlaps bbox but all pixels cloud/land masked (raw_valid_in_bbox=0, ql_dist=None)
  n21 20260909_2110 … ✗ swath overlaps bbox but all pixels cloud/land masked (raw_valid_in_bbox=0, ql_dist=None)
  n21 20260909_2150 … ✗ swath overlaps bbox but all pixels cloud/land masked (raw_valid_in_bbox=0, ql_dist=None)
  n21 20260909_2200 … ✗ swath overlaps bbox but all pixels cloud/land masked (raw_valid_in_bbox=0, ql_dist=None)
  n21 20260909_2210 … ✗ swath overlaps bbox but all pixels cloud/land masked (raw_valid_in_bbox=0, ql_dist=None)
  n21 20260909_2250 … ✗ swath overlaps bbox but all pixels cloud/land masked (raw_valid_in_bbox=0, ql_dist=None)
  n21 20260909_2300 … ✗ swath overlaps bbox but all pixels cloud/land masked (raw_valid_in_bbox=0, ql_dist=None)
  n21 20260909_2310 … ✗ swath overlaps bbox but all pixels cloud/land masked (raw_valid_in_bbox=0, ql_dist=None)
  n21 20260909_2350 … ✗ swath overlaps bbox but all pixels cloud/land masked (raw_valid_in_bbox=0, ql_dist=None)
  n21 20260910_0000 … ✗ swath overlaps bbox but all pixels cloud/land masked (raw_valid_in_bbox=0, ql_dist=None)
  n21 20260910_0010 … ✗ swath overlaps bbox but all pixels cloud/land masked (raw_valid_in_bbox=0, ql_dist=None)
  n21 20260910_0050 … ✗ swath overlaps bbox but all pixels cloud/land masked (raw_valid_in_bbox=0, ql_dist=None)
  n21 20260910_0100 … ✗ swath overlaps bbox but all pixels cloud/land masked (raw_valid_in_bbox=0, ql_dist=None)
  n21 20260910_0110 … ✗ swath overlaps bbox but all pixels cloud/land masked (raw_valid_in_bbox=0, ql_dist=None)
  n21 20260910_0150 … ✗ swath overlaps bbox but all pixels cloud/land masked (raw_valid_in_bbox=0, ql_dist=None)
  n21 20260910_0200 … ✗ swath overlaps bbox but all pixels cloud/land masked (raw_valid_in_bbox=0, ql_dist=None)
  n21 20260910_0210 … ✗ swath overlaps bbox but all pixels cloud/land masked (raw_valid_in_bbox=0, ql_dist=None)
  n21 20260910_0250 … ✗ swath overlaps bbox but all pixels cloud/land masked (raw_valid_in_bbox=0, ql_dist=None)
  n21 20260910_0300 … ✗ swath overlaps bbox but all pixels cloud/land masked (raw_valid_in_bbox=0, ql_dist=None)
  n21 20260910_0310 … ✗ swath overlaps bbox but all pixels cloud/land masked (raw_valid_in_bbox=0, ql_dist=None)
  n21 20260910_0350 … ✗ swath overlaps bbox but all pixels cloud/land masked (raw_valid_in_bbox=0, ql_dist=None)
  n21 20260910_0400 … ✗ swath overlaps bbox but all pixels cloud/land masked (raw_valid_in_bbox=0, ql_dist=None)
  n21 20260910_0410 … ✗ swath overlaps bbox but all pixels cloud/land masked (raw_valid_in_bbox=0, ql_dist=None)
  n21 20260910_0450 … ✗ swath overlaps bbox but all pixels cloud/land masked (raw_valid_in_bbox=0, ql_dist=None)
  n21 20260910_0500 … ✗ swath overlaps bbox but all pixels cloud/land masked (raw_valid_in_bbox=0, ql_dist=None)
  n21 20260910_0510 … ✗ swath overlaps bbox but all pixels cloud/land masked (raw_valid_in_bbox=0, ql_dist=None)
  n21 20260910_0550 … ✗ swath overlaps bbox but all pixels cloud/land masked (raw_valid_in_bbox=0, ql_dist=None)
  n21 20260910_0600 … ✗ swath overlaps bbox but all pixels cloud/land masked (raw_valid_in_bbox=0, ql_dist=None)
  n21 20260910_0610 … ✗ swath overlaps bbox but all pixels cloud/land masked (raw_valid_in_bbox=0, ql_dist=None)
  n21 20260910_0650 … ✗ swath overlaps bbox but all pixels cloud/land masked (raw_valid_in_bbox=0, ql_dist=None)
  n21 20260910_0700 … ✗ swath overlaps bbox but all pixels cloud/land masked (raw_valid_in_bbox=0, ql_dist=None)
  n21 20260910_0710 … ✗ swath overlaps bbox but all pixels cloud/land masked (raw_valid_in_bbox=0, ql_dist=None)
  n21 20260910_0750 … ✗ swath overlaps bbox but all pixels cloud/land masked (raw_valid_in_bbox=0, ql_dist=None)
  n21 20260910_0800 … ✗ swath overlaps bbox but all pixels cloud/land masked (raw_valid_in_bbox=0, ql_dist=None)
  n21 20260910_0810 … ✗ swath overlaps bbox but all pixels cloud/land masked (raw_valid_in_bbox=0, ql_dist=None)
  n21 20260910_0850 … ✗ swath overlaps bbox but all pixels cloud/land masked (raw_valid_in_bbox=0, ql_dist=None)

  VIIRS summary: 2 written, 12 cached, 406 miss/cloud, 591 outside windows.

=========================================================
✓ Pipeline complete
=========================================================
========================================
RUNNING REGION: ga_sc
========================================
=========================================================
SST PIPELINE
  UTC    : 2026-09-10 09:46:14
  Region : ga_sc
  Bbox   : 29.8–35.2°N  -82.0–-75.2°E
  Output : DailySSTData/MUR/ga_sc  (and siblings)
=========================================================

── MUR daily composite (last 5 days) ──
  MUR 20260909 (coastwatch.noaa.gov) … ✗ RuntimeError
  MUR 20260909 (coastwatch.pfeg.noaa.gov) … ✗ RuntimeError
  MUR 20260909 (upwell.pfeg.noaa.gov) … ✗ RuntimeError
  ✗ MUR 20260909 — all mirrors failed. Last: upwell.pfeg.noaa.gov: RuntimeError: 404 — no data for this date
  ✓ MUR 20260908 (cached)
  ✓ MUR 20260907 (cached)
  ✓ MUR 20260906 (cached)
  ✓ MUR 20260905 (cached)

── GOES-19 geo-polar blended daily composite ──
  Candidates: 4 (2 hosts × 2 dataset IDs)
  GOES 20260910 [noaa/noaacwBLENDEDsstDLDaily] … ✗ RuntimeError: 404 — no data for this date
  GOES 20260910 [noaa/noaacwBLENDEDsstDaily] … ✗ RuntimeError: 404 — no data for this date
  GOES 20260910 [pfeg/noaacwBLENDEDsstDLDaily] … ✗ RuntimeError: 404 — no data for this date
  GOES 20260910 [pfeg/noaacwBLENDEDsstDaily] … ✗ RuntimeError: 404 — no data for this date
  GOES 20260909 [noaa/noaacwBLENDEDsstDLDaily] … ✗ RuntimeError: 404 — no data for this date
  GOES 20260909 [noaa/noaacwBLENDEDsstDaily] … ✗ RuntimeError: 404 — no data for this date
  GOES 20260909 [pfeg/noaacwBLENDEDsstDLDaily] … ✗ RuntimeError: 404 — no data for this date
  GOES 20260909 [pfeg/noaacwBLENDEDsstDaily] … ✗ RuntimeError: 404 — no data for this date
  ✓ GOES composite 20260908 (cached)

── VIIRS multi-pass (last 48h — NPP/N20/N21) ──
  ✓ VIIRS NRT base: https://www.star.nesdis.noaa.gov/pub/socd2/coastwatch/sst/nrt/viirs
  Hourly windows : 48
  Window range   : 2026-09-08 09:50Z → 2026-09-10 09:10Z
  Half-width     : ±10 min per bucket
  npp 20260908_0950 … ✗ swath overlaps bbox but all pixels cloud/land masked (raw_valid_in_bbox=0, ql_dist=None)
  npp 20260908_1000 … ✗ swath overlaps bbox but all pixels cloud/land masked (raw_valid_in_bbox=0, ql_dist=None)
  npp 20260908_1010 … ✗ swath overlaps bbox but all pixels cloud/land masked (raw_valid_in_bbox=0, ql_dist=None)
  npp 20260908_1050 … ✗ swath overlaps bbox but all pixels cloud/land masked (raw_valid_in_bbox=0, ql_dist=None)
  npp 20260908_1100 … ✗ swath overlaps bbox but all pixels cloud/land masked (raw_valid_in_bbox=0, ql_dist=None)
  npp 20260908_1110 … ✗ swath overlaps bbox but all pixels cloud/land masked (raw_valid_in_bbox=0, ql_dist=None)
  npp 20260908_1150 … ✗ swath overlaps bbox but all pixels cloud/land masked (raw_valid_in_bbox=0, ql_dist=None)
  npp 20260908_1200 … ✗ swath overlaps bbox but all pixels cloud/land masked (raw_valid_in_bbox=0, ql_dist=None)
  npp 20260908_1210 … ✗ swath overlaps bbox but all pixels cloud/land masked (raw_valid_in_bbox=0, ql_dist=None)
  npp 20260908_1250 … ✗ swath overlaps bbox but all pixels cloud/land masked (raw_valid_in_bbox=0, ql_dist=None)
  npp 20260908_1300 … ✗ swath overlaps bbox but all pixels cloud/land masked (raw_valid_in_bbox=0, ql_dist=None)
  npp 20260908_1310 … ✗ swath overlaps bbox but all pixels cloud/land masked (raw_valid_in_bbox=0, ql_dist=None)
  npp 20260908_1350 … ✗ swath overlaps bbox but all pixels cloud/land masked (raw_valid_in_bbox=0, ql_dist=None)
  npp 20260908_1400 … ✗ swath overlaps bbox but all pixels cloud/land masked (raw_valid_in_bbox=0, ql_dist=None)
  npp 20260908_1410 … ✗ swath overlaps bbox but all pixels cloud/land masked (raw_valid_in_bbox=0, ql_dist=None)
  npp 20260908_1450 … ✗ swath overlaps bbox but all pixels cloud/land masked (raw_valid_in_bbox=0, ql_dist=None)
  npp 20260908_1500 … ✗ swath overlaps bbox but all pixels cloud/land masked (raw_valid_in_bbox=0, ql_dist=None)
  npp 20260908_1510 … ✗ swath overlaps bbox but all pixels cloud/land masked (raw_valid_in_bbox=0, ql_dist=None)
  npp 20260908_1550 … ✗ swath overlaps bbox but all pixels cloud/land masked (raw_valid_in_bbox=0, ql_dist=None)
  npp 20260908_1600 … ✗ swath overlaps bbox but all pixels cloud/land masked (raw_valid_in_bbox=0, ql_dist=None)
  npp 20260908_1610 … ✗ swath overlaps bbox but all pixels cloud/land masked (raw_valid_in_bbox=0, ql_dist=None)
  npp 20260908_1650 … ✗ swath overlaps bbox but all pixels cloud/land masked (raw_valid_in_bbox=0, ql_dist=None)
  npp 20260908_1700 … ✗ swath overlaps bbox but all pixels cloud/land masked (raw_valid_in_bbox=0, ql_dist=None)
  npp 20260908_1710 … ✗ swath overlaps bbox but all pixels cloud/land masked (raw_valid_in_bbox=0, ql_dist=None)
  npp 20260908_1750 … ✗ swath overlaps bbox but all pixels cloud/land masked (raw_valid_in_bbox=0, ql_dist=None)
  npp 20260908_1800 … ✗ swath overlaps bbox but all pixels cloud/land masked (raw_valid_in_bbox=0, ql_dist=None)
  npp 20260908_1810 … ✗ swath overlaps bbox but all pixels cloud/land masked (raw_valid_in_bbox=0, ql_dist=None)
  npp 20260908_1850 … ✗ swath overlaps bbox but all pixels cloud/land masked (raw_valid_in_bbox=0, ql_dist=None)
  npp 20260908_1900 … ✗ swath overlaps bbox but all pixels cloud/land masked (raw_valid_in_bbox=0, ql_dist=None)
  npp 20260908_1910 ✓ (cached)
  npp 20260908_1950 … ✗ swath overlaps bbox but all pixels cloud/land masked (raw_valid_in_bbox=0, ql_dist=None)
  npp 20260908_2000 … ✗ swath overlaps bbox but all pixels cloud/land masked (raw_valid_in_bbox=0, ql_dist=None)
  npp 20260908_2010 … ✗ swath overlaps bbox but all pixels cloud/land masked (raw_valid_in_bbox=0, ql_dist=None)
  npp 20260908_2050 … ✗ swath overlaps bbox but all pixels cloud/land masked (raw_valid_in_bbox=0, ql_dist=None)
  npp 20260908_2100 … ✗ swath overlaps bbox but all pixels cloud/land masked (raw_valid_in_bbox=0, ql_dist=None)
  npp 20260908_2110 … ✗ swath overlaps bbox but all pixels cloud/land masked (raw_valid_in_bbox=0, ql_dist=None)
  npp 20260908_2150 … ✗ swath overlaps bbox but all pixels cloud/land masked (raw_valid_in_bbox=0, ql_dist=None)
  npp 20260908_2200 … ✗ swath overlaps bbox but all pixels cloud/land masked (raw_valid_in_bbox=0, ql_dist=None)
  npp 20260908_2210 … ✗ swath overlaps bbox but all pixels cloud/land masked (raw_valid_in_bbox=0, ql_dist=None)
  npp 20260908_2250 … ✗ swath overlaps bbox but all pixels cloud/land masked (raw_valid_in_bbox=0, ql_dist=None)
  npp 20260908_2300 … ✗ swath overlaps bbox but all pixels cloud/land masked (raw_valid_in_bbox=0, ql_dist=None)
  npp 20260908_2310 … ✗ swath overlaps bbox but all pixels cloud/land masked (raw_valid_in_bbox=0, ql_dist=None)
  npp 20260908_2350 … ✗ swath overlaps bbox but all pixels cloud/land masked (raw_valid_in_bbox=0, ql_dist=None)
  npp 20260909_0000 … ✗ swath overlaps bbox but all pixels cloud/land masked (raw_valid_in_bbox=0, ql_dist=None)
  npp 20260909_0010 … ✗ swath overlaps bbox but all pixels cloud/land masked (raw_valid_in_bbox=0, ql_dist=None)
  npp 20260909_0050 … ✗ swath overlaps bbox but all pixels cloud/land masked (raw_valid_in_bbox=0, ql_dist=None)
  npp 20260909_0100 … ✗ swath overlaps bbox but all pixels cloud/land masked (raw_valid_in_bbox=0, ql_dist=None)
  npp 20260909_0110 … ✗ swath overlaps bbox but all pixels cloud/land masked (raw_valid_in_bbox=0, ql_dist=None)
  npp 20260909_0150 … ✗ swath overlaps bbox but all pixels cloud/land masked (raw_valid_in_bbox=0, ql_dist=None)
  npp 20260909_0200 … ✗ swath overlaps bbox but all pixels cloud/land masked (raw_valid_in_bbox=0, ql_dist=None)
  npp 20260909_0210 … ✗ swath overlaps bbox but all pixels cloud/land masked (raw_valid_in_bbox=0, ql_dist=None)
  npp 20260909_0250 … ✗ swath overlaps bbox but all pixels cloud/land masked (raw_valid_in_bbox=0, ql_dist=None)
  npp 20260909_0300 … ✗ swath overlaps bbox but all pixels cloud/land masked (raw_valid_in_bbox=0, ql_dist=None)
  npp 20260909_0310 … ✗ swath overlaps bbox but all pixels cloud/land masked (raw_valid_in_bbox=0, ql_dist=None)
  npp 20260909_0350 … ✗ swath overlaps bbox but all pixels cloud/land masked (raw_valid_in_bbox=0, ql_dist=None)
  npp 20260909_0400 … ✗ swath overlaps bbox but all pixels cloud/land masked (raw_valid_in_bbox=0, ql_dist=None)
  npp 20260909_0410 … ✗ swath overlaps bbox but all pixels cloud/land masked (raw_valid_in_bbox=0, ql_dist=None)
  npp 20260909_0450 … ✗ swath overlaps bbox but all pixels cloud/land masked (raw_valid_in_bbox=0, ql_dist=None)
  npp 20260909_0500 … ✗ swath overlaps bbox but all pixels cloud/land masked (raw_valid_in_bbox=0, ql_dist=None)
  npp 20260909_0510 … ✗ swath overlaps bbox but all pixels cloud/land masked (raw_valid_in_bbox=0, ql_dist=None)
  npp 20260909_0550 ✓ (cached)
  npp 20260909_0600 … ✗ swath overlaps bbox but all pixels cloud/land masked (raw_valid_in_bbox=0, ql_dist=None)
  npp 20260909_0610 … ✗ swath overlaps bbox but all pixels cloud/land masked (raw_valid_in_bbox=0, ql_dist=None)
  npp 20260909_0650 … ✗ swath overlaps bbox but all pixels cloud/land masked (raw_valid_in_bbox=0, ql_dist=None)
  npp 20260909_0700 … ✗ swath overlaps bbox but all pixels cloud/land masked (raw_valid_in_bbox=0, ql_dist=None)
  npp 20260909_0710 … ✗ swath overlaps bbox but all pixels cloud/land masked (raw_valid_in_bbox=0, ql_dist=None)
  npp 20260909_0750 … ✗ swath overlaps bbox but all pixels cloud/land masked (raw_valid_in_bbox=0, ql_dist=None)
  npp 20260909_0800 … ✗ swath overlaps bbox but all pixels cloud/land masked (raw_valid_in_bbox=0, ql_dist=None)
  npp 20260909_0810 … ✗ swath overlaps bbox but all pixels cloud/land masked (raw_valid_in_bbox=0, ql_dist=None)
  npp 20260909_0850 … ✗ swath overlaps bbox but all pixels cloud/land masked (raw_valid_in_bbox=0, ql_dist=None)
  npp 20260909_0900 … ✗ swath overlaps bbox but all pixels cloud/land masked (raw_valid_in_bbox=0, ql_dist=None)
  npp 20260909_0910 … ✗ swath overlaps bbox but all pixels cloud/land masked (raw_valid_in_bbox=0, ql_dist=None)
  npp 20260909_0950 … ✗ swath overlaps bbox but all pixels cloud/land masked (raw_valid_in_bbox=0, ql_dist=None)
  npp 20260909_1000 … ✗ swath overlaps bbox but all pixels cloud/land masked (raw_valid_in_bbox=0, ql_dist=None)
  npp 20260909_1010 … ✗ swath overlaps bbox but all pixels cloud/land masked (raw_valid_in_bbox=0, ql_dist=None)
  npp 20260909_1050 … ✗ swath overlaps bbox but all pixels cloud/land masked (raw_valid_in_bbox=0, ql_dist=None)
  npp 20260909_1100 … ✗ swath overlaps bbox but all pixels cloud/land masked (raw_valid_in_bbox=0, ql_dist=None)
  npp 20260909_1110 … ✗ swath overlaps bbox but all pixels cloud/land masked (raw_valid_in_bbox=0, ql_dist=None)
  npp 20260909_1150 … ✗ swath overlaps bbox but all pixels cloud/land masked (raw_valid_in_bbox=0, ql_dist=None)
  npp 20260909_1200 … ✗ swath overlaps bbox but all pixels cloud/land masked (raw_valid_in_bbox=0, ql_dist=None)
  npp 20260909_1210 … ✗ swath overlaps bbox but all pixels cloud/land masked (raw_valid_in_bbox=0, ql_dist=None)
  npp 20260909_1250 … ✗ swath overlaps bbox but all pixels cloud/land masked (raw_valid_in_bbox=0, ql_dist=None)
  npp 20260909_1300 … ✗ swath overlaps bbox but all pixels cloud/land masked (raw_valid_in_bbox=0, ql_dist=None)
  npp 20260909_1310 … ✗ swath overlaps bbox but all pixels cloud/land masked (raw_valid_in_bbox=0, ql_dist=None)
  npp 20260909_1350 … ✗ swath overlaps bbox but all pixels cloud/land masked (raw_valid_in_bbox=0, ql_dist=None)
  npp 20260909_1400 … ✗ swath overlaps bbox but all pixels cloud/land masked (raw_valid_in_bbox=0, ql_dist=None)
  npp 20260909_1410 … ✗ swath overlaps bbox but all pixels cloud/land masked (raw_valid_in_bbox=0, ql_dist=None)
  npp 20260909_1450 … ✗ swath overlaps bbox but all pixels cloud/land masked (raw_valid_in_bbox=0, ql_dist=None)
  npp 20260909_1500 … ✗ swath overlaps bbox but all pixels cloud/land masked (raw_valid_in_bbox=0, ql_dist=None)
  npp 20260909_1510 … ✗ swath overlaps bbox but all pixels cloud/land masked (raw_valid_in_bbox=0, ql_dist=None)
  npp 20260909_1550 … ✗ swath overlaps bbox but all pixels cloud/land masked (raw_valid_in_bbox=0, ql_dist=None)
  npp 20260909_1600 … ✗ swath overlaps bbox but all pixels cloud/land masked (raw_valid_in_bbox=0, ql_dist=None)
  npp 20260909_1610 … ✗ swath overlaps bbox but all pixels cloud/land masked (raw_valid_in_bbox=0, ql_dist=None)
  npp 20260909_1650 … ✗ swath overlaps bbox but all pixels cloud/land masked (raw_valid_in_bbox=0, ql_dist=None)
  npp 20260909_1700 … ✗ swath overlaps bbox but all pixels cloud/land masked (raw_valid_in_bbox=0, ql_dist=None)
  npp 20260909_1710 ✓ (cached)
  npp 20260909_1750 … ✗ swath overlaps bbox but all pixels cloud/land masked (raw_valid_in_bbox=0, ql_dist=None)
  npp 20260909_1800 … ✗ swath overlaps bbox but all pixels cloud/land masked (raw_valid_in_bbox=0, ql_dist=None)
  npp 20260909_1810 … ✗ swath overlaps bbox but all pixels cloud/land masked (raw_valid_in_bbox=0, ql_dist=None)
  npp 20260909_1850 ✓ (cached)
  npp 20260909_1900 … ✗ swath overlaps bbox but all pixels cloud/land masked (raw_valid_in_bbox=0, ql_dist=None)
  npp 20260909_1910 … ✗ swath overlaps bbox but all pixels cloud/land masked (raw_valid_in_bbox=0, ql_dist=None)
  npp 20260909_1950 … ✗ swath overlaps bbox but all pixels cloud/land masked (raw_valid_in_bbox=0, ql_dist=None)
  npp 20260909_2000 … ✗ swath overlaps bbox but all pixels cloud/land masked (raw_valid_in_bbox=0, ql_dist=None)
  npp 20260909_2010 … ✗ swath overlaps bbox but all pixels cloud/land masked (raw_valid_in_bbox=0, ql_dist=None)
  npp 20260909_2050 … ✗ swath overlaps bbox but all pixels cloud/land masked (raw_valid_in_bbox=0, ql_dist=None)
  npp 20260909_2100 … ✗ swath overlaps bbox but all pixels cloud/land masked (raw_valid_in_bbox=0, ql_dist=None)
  npp 20260909_2110 … ✗ swath overlaps bbox but all pixels cloud/land masked (raw_valid_in_bbox=0, ql_dist=None)
  npp 20260909_2150 … ✗ swath overlaps bbox but all pixels cloud/land masked (raw_valid_in_bbox=0, ql_dist=None)
  npp 20260909_2200 … ✗ swath overlaps bbox but all pixels cloud/land masked (raw_valid_in_bbox=0, ql_dist=None)
  npp 20260909_2210 … ✗ swath overlaps bbox but all pixels cloud/land masked (raw_valid_in_bbox=0, ql_dist=None)
  npp 20260910_0010 … ✗ swath overlaps bbox but all pixels cloud/land masked (raw_valid_in_bbox=0, ql_dist=None)
  npp 20260910_0050 … ✗ swath overlaps bbox but all pixels cloud/land masked (raw_valid_in_bbox=0, ql_dist=None)
  npp 20260910_0100 … ✗ swath overlaps bbox but all pixels cloud/land masked (raw_valid_in_bbox=0, ql_dist=None)
  npp 20260910_0110 … ✗ swath overlaps bbox but all pixels cloud/land masked (raw_valid_in_bbox=0, ql_dist=None)
  npp 20260910_0150 … ✗ swath overlaps bbox but all pixels cloud/land masked (raw_valid_in_bbox=0, ql_dist=None)
  npp 20260910_0200 … ✗ swath overlaps bbox but all pixels cloud/land masked (raw_valid_in_bbox=0, ql_dist=None)
  npp 20260910_0210 … ✗ swath overlaps bbox but all pixels cloud/land masked (raw_valid_in_bbox=0, ql_dist=None)
  npp 20260910_0250 … ✗ swath overlaps bbox but all pixels cloud/land masked (raw_valid_in_bbox=0, ql_dist=None)
  npp 20260910_0300 … ✗ swath overlaps bbox but all pixels cloud/land masked (raw_valid_in_bbox=0, ql_dist=None)
  npp 20260910_0310 … ✗ swath overlaps bbox but all pixels cloud/land masked (raw_valid_in_bbox=0, ql_dist=None)
  npp 20260910_0350 … ✗ swath overlaps bbox but all pixels cloud/land masked (raw_valid_in_bbox=0, ql_dist=None)
  npp 20260910_0400 … ✗ swath overlaps bbox but all pixels cloud/land masked (raw_valid_in_bbox=0, ql_dist=None)
  npp 20260910_0410 … ✗ swath overlaps bbox but all pixels cloud/land masked (raw_valid_in_bbox=0, ql_dist=None)
  npp 20260910_0450 … ✗ swath overlaps bbox but all pixels cloud/land masked (raw_valid_in_bbox=0, ql_dist=None)
  npp 20260910_0500 … ✗ swath overlaps bbox but all pixels cloud/land masked (raw_valid_in_bbox=0, ql_dist=None)
  npp 20260910_0510 … ✗ swath overlaps bbox but all pixels cloud/land masked (raw_valid_in_bbox=0, ql_dist=None)
  npp 20260910_0550 … ✗ swath overlaps bbox but all pixels cloud/land masked (raw_valid_in_bbox=0, ql_dist=None)
  npp 20260910_0600 … ✗ swath overlaps bbox but all pixels cloud/land masked (raw_valid_in_bbox=0, ql_dist=None)
  npp 20260910_0610 … ✗ swath overlaps bbox but all pixels cloud/land masked (raw_valid_in_bbox=0, ql_dist=None)
  npp 20260910_0650 … ✗ swath overlaps bbox but all pixels cloud/land masked (raw_valid_in_bbox=0, ql_dist=None)
  npp 20260910_0700 … ✗ swath overlaps bbox but all pixels cloud/land masked (raw_valid_in_bbox=0, ql_dist=None)
  npp 20260910_0710 …   → DailySSTData/VIIRS/Passes/ga_sc/viirs_npp_20260910_0710.csv  (40064 pts, 270 lats × 326 lons)
  npp 20260910_0750 … ✗ swath overlaps bbox but all pixels cloud/land masked (raw_valid_in_bbox=0, ql_dist=None)
  npp 20260910_0800 … ✗ swath overlaps bbox but all pixels cloud/land masked (raw_valid_in_bbox=0, ql_dist=None)
  npp 20260910_0810 … ✗ swath overlaps bbox but all pixels cloud/land masked (raw_valid_in_bbox=0, ql_dist=None)
  n20 20260908_0950 … ✗ swath overlaps bbox but all pixels cloud/land masked (raw_valid_in_bbox=0, ql_dist=None)
  n20 20260908_1000 … ✗ swath overlaps bbox but all pixels cloud/land masked (raw_valid_in_bbox=0, ql_dist=None)
  n20 20260908_1010 … ✗ swath overlaps bbox but all pixels cloud/land masked (raw_valid_in_bbox=0, ql_dist=None)
  n20 20260908_1050 … ✗ swath overlaps bbox but all pixels cloud/land masked (raw_valid_in_bbox=0, ql_dist=None)
  n20 20260908_1100 … ✗ swath overlaps bbox but all pixels cloud/land masked (raw_valid_in_bbox=0, ql_dist=None)
  n20 20260908_1110 … ✗ swath overlaps bbox but all pixels cloud/land masked (raw_valid_in_bbox=0, ql_dist=None)
  n20 20260908_1150 … ✗ swath overlaps bbox but all pixels cloud/land masked (raw_valid_in_bbox=0, ql_dist=None)
  n20 20260908_1200 … ✗ swath overlaps bbox but all pixels cloud/land masked (raw_valid_in_bbox=0, ql_dist=None)
  n20 20260908_1210 … ✗ swath overlaps bbox but all pixels cloud/land masked (raw_valid_in_bbox=0, ql_dist=None)
  n20 20260908_1250 … ✗ swath overlaps bbox but all pixels cloud/land masked (raw_valid_in_bbox=0, ql_dist=None)
  n20 20260908_1300 … ✗ swath overlaps bbox but all pixels cloud/land masked (raw_valid_in_bbox=0, ql_dist=None)
  n20 20260908_1310 … ✗ swath overlaps bbox but all pixels cloud/land masked (raw_valid_in_bbox=0, ql_dist=None)
  n20 20260908_1350 … ✗ swath overlaps bbox but all pixels cloud/land masked (raw_valid_in_bbox=0, ql_dist=None)
  n20 20260908_1400 … ✗ swath overlaps bbox but all pixels cloud/land masked (raw_valid_in_bbox=0, ql_dist=None)
  n20 20260908_1410 … ✗ swath overlaps bbox but all pixels cloud/land masked (raw_valid_in_bbox=0, ql_dist=None)
  n20 20260908_1450 … ✗ swath overlaps bbox but all pixels cloud/land masked (raw_valid_in_bbox=0, ql_dist=None)
  n20 20260908_1500 … ✗ swath overlaps bbox but all pixels cloud/land masked (raw_valid_in_bbox=0, ql_dist=None)
  n20 20260908_1510 … ✗ swath overlaps bbox but all pixels cloud/land masked (raw_valid_in_bbox=0, ql_dist=None)
  n20 20260908_1550 … ✗ swath overlaps bbox but all pixels cloud/land masked (raw_valid_in_bbox=0, ql_dist=None)
  n20 20260908_1600 … ✗ swath overlaps bbox but all pixels cloud/land masked (raw_valid_in_bbox=0, ql_dist=None)
  n20 20260908_1610 … ✗ swath overlaps bbox but all pixels cloud/land masked (raw_valid_in_bbox=0, ql_dist=None)
  n20 20260908_1650 … ✗ swath overlaps bbox but all pixels cloud/land masked (raw_valid_in_bbox=0, ql_dist=None)
  n20 20260908_1700 … ✗ swath overlaps bbox but all pixels cloud/land masked (raw_valid_in_bbox=0, ql_dist=None)
  n20 20260908_1710 … ✗ swath overlaps bbox but all pixels cloud/land masked (raw_valid_in_bbox=0, ql_dist=None)
  n20 20260908_1750 ✓ (cached)
  n20 20260908_1800 … ✗ swath overlaps bbox but all pixels cloud/land masked (raw_valid_in_bbox=0, ql_dist=None)
  n20 20260908_1810 … ✗ swath overlaps bbox but all pixels cloud/land masked (raw_valid_in_bbox=0, ql_dist=None)
  n20 20260908_1850 … ✗ swath overlaps bbox but all pixels cloud/land masked (raw_valid_in_bbox=0, ql_dist=None)
  n20 20260908_1900 … ✗ swath overlaps bbox but all pixels cloud/land masked (raw_valid_in_bbox=0, ql_dist=None)
  n20 20260908_1910 … ✗ swath overlaps bbox but all pixels cloud/land masked (raw_valid_in_bbox=0, ql_dist=None)
  n20 20260908_1950 … ✗ swath overlaps bbox but all pixels cloud/land masked (raw_valid_in_bbox=0, ql_dist=None)
  n20 20260908_2000 … ✗ swath overlaps bbox but all pixels cloud/land masked (raw_valid_in_bbox=0, ql_dist=None)
  n20 20260908_2010 … ✗ swath overlaps bbox but all pixels cloud/land masked (raw_valid_in_bbox=0, ql_dist=None)
  n20 20260908_2050 … ✗ swath overlaps bbox but all pixels cloud/land masked (raw_valid_in_bbox=0, ql_dist=None)
  n20 20260908_2100 … ✗ swath overlaps bbox but all pixels cloud/land masked (raw_valid_in_bbox=0, ql_dist=None)
  n20 20260908_2110 … ✗ swath overlaps bbox but all pixels cloud/land masked (raw_valid_in_bbox=0, ql_dist=None)
  n20 20260908_2150 … ✗ swath overlaps bbox but all pixels cloud/land masked (raw_valid_in_bbox=0, ql_dist=None)
  n20 20260908_2200 … ✗ swath overlaps bbox but all pixels cloud/land masked (raw_valid_in_bbox=0, ql_dist=None)
  n20 20260908_2210 … ✗ swath overlaps bbox but all pixels cloud/land masked (raw_valid_in_bbox=0, ql_dist=None)
  n20 20260908_2250 … ✗ swath overlaps bbox but all pixels cloud/land masked (raw_valid_in_bbox=0, ql_dist=None)
  n20 20260908_2300 … ✗ swath overlaps bbox but all pixels cloud/land masked (raw_valid_in_bbox=0, ql_dist=None)
  n20 20260908_2310 … ✗ swath overlaps bbox but all pixels cloud/land masked (raw_valid_in_bbox=0, ql_dist=None)
  n20 20260908_2350 … ✗ swath overlaps bbox but all pixels cloud/land masked (raw_valid_in_bbox=0, ql_dist=None)
  n20 20260909_0000 … ✗ swath overlaps bbox but all pixels cloud/land masked (raw_valid_in_bbox=0, ql_dist=None)
  n20 20260909_0010 … ✗ swath overlaps bbox but all pixels cloud/land masked (raw_valid_in_bbox=0, ql_dist=None)
  n20 20260909_0050 … ✗ swath overlaps bbox but all pixels cloud/land masked (raw_valid_in_bbox=0, ql_dist=None)
  n20 20260909_0100 … ✗ swath overlaps bbox but all pixels cloud/land masked (raw_valid_in_bbox=0, ql_dist=None)
  n20 20260909_0110 … ✗ swath overlaps bbox but all pixels cloud/land masked (raw_valid_in_bbox=0, ql_dist=None)
  n20 20260909_0150 … ✗ swath overlaps bbox but all pixels cloud/land masked (raw_valid_in_bbox=0, ql_dist=None)
  n20 20260909_0200 … ✗ swath overlaps bbox but all pixels cloud/land masked (raw_valid_in_bbox=0, ql_dist=None)
  n20 20260909_0210 … ✗ swath overlaps bbox but all pixels cloud/land masked (raw_valid_in_bbox=0, ql_dist=None)
  n20 20260909_0250 … ✗ swath overlaps bbox but all pixels cloud/land masked (raw_valid_in_bbox=0, ql_dist=None)
  n20 20260909_0300 … ✗ swath overlaps bbox but all pixels cloud/land masked (raw_valid_in_bbox=0, ql_dist=None)
  n20 20260909_0310 … ✗ swath overlaps bbox but all pixels cloud/land masked (raw_valid_in_bbox=0, ql_dist=None)
  n20 20260909_0350 … ✗ swath overlaps bbox but all pixels cloud/land masked (raw_valid_in_bbox=0, ql_dist=None)
  n20 20260909_0400 … ✗ swath overlaps bbox but all pixels cloud/land masked (raw_valid_in_bbox=0, ql_dist=None)
  n20 20260909_0410 … ✗ swath overlaps bbox but all pixels cloud/land masked (raw_valid_in_bbox=0, ql_dist=None)
  n20 20260909_0450 … ✗ swath overlaps bbox but all pixels cloud/land masked (raw_valid_in_bbox=0, ql_dist=None)
  n20 20260909_0500 … ✗ swath overlaps bbox but all pixels cloud/land masked (raw_valid_in_bbox=0, ql_dist=None)
  n20 20260909_0510 … ✗ swath overlaps bbox but all pixels cloud/land masked (raw_valid_in_bbox=0, ql_dist=None)
  n20 20260909_0550 … ✗ swath overlaps bbox but all pixels cloud/land masked (raw_valid_in_bbox=0, ql_dist=None)
  n20 20260909_0600 … ✗ swath overlaps bbox but all pixels cloud/land masked (raw_valid_in_bbox=0, ql_dist=None)
  n20 20260909_0610 ✓ (cached)
  n20 20260909_0650 … ✗ swath overlaps bbox but all pixels cloud/land masked (raw_valid_in_bbox=0, ql_dist=None)
  n20 20260909_0700 … ✗ swath overlaps bbox but all pixels cloud/land masked (raw_valid_in_bbox=0, ql_dist=None)
  n20 20260909_0710 … ✗ swath overlaps bbox but all pixels cloud/land masked (raw_valid_in_bbox=0, ql_dist=None)
  n20 20260909_0750 ✓ (cached)
  n20 20260909_0800 … ✗ swath overlaps bbox but all pixels cloud/land masked (raw_valid_in_bbox=0, ql_dist=None)
  n20 20260909_0810 … ✗ swath overlaps bbox but all pixels cloud/land masked (raw_valid_in_bbox=0, ql_dist=None)
  n20 20260909_0850 … ✗ swath overlaps bbox but all pixels cloud/land masked (raw_valid_in_bbox=0, ql_dist=None)
  n20 20260909_0900 … ✗ swath overlaps bbox but all pixels cloud/land masked (raw_valid_in_bbox=0, ql_dist=None)
  n20 20260909_0910 … ✗ swath overlaps bbox but all pixels cloud/land masked (raw_valid_in_bbox=0, ql_dist=None)
  n20 20260909_0950 … ✗ swath overlaps bbox but all pixels cloud/land masked (raw_valid_in_bbox=0, ql_dist=None)
  n20 20260909_1000 … ✗ swath overlaps bbox but all pixels cloud/land masked (raw_valid_in_bbox=0, ql_dist=None)
  n20 20260909_1010 … ✗ swath overlaps bbox but all pixels cloud/land masked (raw_valid_in_bbox=0, ql_dist=None)
  n20 20260909_1050 … ✗ swath overlaps bbox but all pixels cloud/land masked (raw_valid_in_bbox=0, ql_dist=None)
  n20 20260909_1100 … ✗ swath overlaps bbox but all pixels cloud/land masked (raw_valid_in_bbox=0, ql_dist=None)
  n20 20260909_1110 … ✗ swath overlaps bbox but all pixels cloud/land masked (raw_valid_in_bbox=0, ql_dist=None)
  n20 20260909_1150 … ✗ swath overlaps bbox but all pixels cloud/land masked (raw_valid_in_bbox=0, ql_dist=None)
  n20 20260909_1200 … ✗ swath overlaps bbox but all pixels cloud/land masked (raw_valid_in_bbox=0, ql_dist=None)
  n20 20260909_1210 … ✗ swath overlaps bbox but all pixels cloud/land masked (raw_valid_in_bbox=0, ql_dist=None)
  n20 20260909_1250 … ✗ swath overlaps bbox but all pixels cloud/land masked (raw_valid_in_bbox=0, ql_dist=None)
  n20 20260909_1300 … ✗ swath overlaps bbox but all pixels cloud/land masked (raw_valid_in_bbox=0, ql_dist=None)
  n20 20260909_1310 … ✗ swath overlaps bbox but all pixels cloud/land masked (raw_valid_in_bbox=0, ql_dist=None)
  n20 20260909_1350 … ✗ swath overlaps bbox but all pixels cloud/land masked (raw_valid_in_bbox=0, ql_dist=None)
  n20 20260909_1400 … ✗ swath overlaps bbox but all pixels cloud/land masked (raw_valid_in_bbox=0, ql_dist=None)
  n20 20260909_1410 … ✗ swath overlaps bbox but all pixels cloud/land masked (raw_valid_in_bbox=0, ql_dist=None)
  n20 20260909_1450 … ✗ swath overlaps bbox but all pixels cloud/land masked (raw_valid_in_bbox=0, ql_dist=None)
  n20 20260909_1500 … ✗ swath overlaps bbox but all pixels cloud/land masked (raw_valid_in_bbox=0, ql_dist=None)
  n20 20260909_1510 … ✗ swath overlaps bbox but all pixels cloud/land masked (raw_valid_in_bbox=0, ql_dist=None)
  n20 20260909_1550 … ✗ swath overlaps bbox but all pixels cloud/land masked (raw_valid_in_bbox=0, ql_dist=None)
  n20 20260909_1600 … ✗ swath overlaps bbox but all pixels cloud/land masked (raw_valid_in_bbox=0, ql_dist=None)
  n20 20260909_1610 … ✗ swath overlaps bbox but all pixels cloud/land masked (raw_valid_in_bbox=0, ql_dist=None)
  n20 20260909_1650 … ✗ swath overlaps bbox but all pixels cloud/land masked (raw_valid_in_bbox=0, ql_dist=None)
  n20 20260909_1700 … ✗ swath overlaps bbox but all pixels cloud/land masked (raw_valid_in_bbox=0, ql_dist=None)
  n20 20260909_1710 … ✗ swath overlaps bbox but all pixels cloud/land masked (raw_valid_in_bbox=0, ql_dist=None)
  n20 20260909_1750 … ✗ swath overlaps bbox but all pixels cloud/land masked (raw_valid_in_bbox=0, ql_dist=None)
  n20 20260909_1800 … ✗ swath overlaps bbox but all pixels cloud/land masked (raw_valid_in_bbox=0, ql_dist=None)
  n20 20260909_1810 … ✗ swath overlaps bbox but all pixels cloud/land masked (raw_valid_in_bbox=0, ql_dist=None)
  n20 20260909_1850 … ✗ swath overlaps bbox but all pixels cloud/land masked (raw_valid_in_bbox=0, ql_dist=None)
  n20 20260909_1900 … ✗ swath overlaps bbox but all pixels cloud/land masked (raw_valid_in_bbox=0, ql_dist=None)
  n20 20260909_1910 ✓ (cached)
  n20 20260909_1950 … ✗ swath overlaps bbox but all pixels cloud/land masked (raw_valid_in_bbox=0, ql_dist=None)
  n20 20260909_2000 … ✗ swath overlaps bbox but all pixels cloud/land masked (raw_valid_in_bbox=0, ql_dist=None)
  n20 20260909_2010 … ✗ swath overlaps bbox but all pixels cloud/land masked (raw_valid_in_bbox=0, ql_dist=None)
  n20 20260909_2050 … ✗ swath overlaps bbox but all pixels cloud/land masked (raw_valid_in_bbox=0, ql_dist=None)
  n20 20260909_2100 … ✗ swath overlaps bbox but all pixels cloud/land masked (raw_valid_in_bbox=0, ql_dist=None)
  n20 20260909_2110 … ✗ swath overlaps bbox but all pixels cloud/land masked (raw_valid_in_bbox=0, ql_dist=None)
  n20 20260909_2150 … ✗ swath overlaps bbox but all pixels cloud/land masked (raw_valid_in_bbox=0, ql_dist=None)
  n20 20260909_2200 … ✗ swath overlaps bbox but all pixels cloud/land masked (raw_valid_in_bbox=0, ql_dist=None)
  n20 20260909_2210 … ✗ swath overlaps bbox but all pixels cloud/land masked (raw_valid_in_bbox=0, ql_dist=None)
  n20 20260909_2250 … ✗ swath overlaps bbox but all pixels cloud/land masked (raw_valid_in_bbox=0, ql_dist=None)
  n20 20260909_2300 … ✗ swath overlaps bbox but all pixels cloud/land masked (raw_valid_in_bbox=0, ql_dist=None)
  n20 20260909_2310 … ✗ swath overlaps bbox but all pixels cloud/land masked (raw_valid_in_bbox=0, ql_dist=None)
  n20 20260909_2350 … ✗ swath overlaps bbox but all pixels cloud/land masked (raw_valid_in_bbox=0, ql_dist=None)
  n20 20260910_0000 … ✗ swath overlaps bbox but all pixels cloud/land masked (raw_valid_in_bbox=0, ql_dist=None)
  n20 20260910_0010 … ✗ swath overlaps bbox but all pixels cloud/land masked (raw_valid_in_bbox=0, ql_dist=None)
  n20 20260910_0050 … ✗ swath overlaps bbox but all pixels cloud/land masked (raw_valid_in_bbox=0, ql_dist=None)
  n20 20260910_0100 … ✗ swath overlaps bbox but all pixels cloud/land masked (raw_valid_in_bbox=0, ql_dist=None)
  n20 20260910_0110 … ✗ swath overlaps bbox but all pixels cloud/land masked (raw_valid_in_bbox=0, ql_dist=None)
  n20 20260910_0150 … ✗ swath overlaps bbox but all pixels cloud/land masked (raw_valid_in_bbox=0, ql_dist=None)
  n20 20260910_0200 … ✗ swath overlaps bbox but all pixels cloud/land masked (raw_valid_in_bbox=0, ql_dist=None)
  n20 20260910_0210 … ✗ swath overlaps bbox but all pixels cloud/land masked (raw_valid_in_bbox=0, ql_dist=None)
  n20 20260910_0250 … ✗ swath overlaps bbox but all pixels cloud/land masked (raw_valid_in_bbox=0, ql_dist=None)
  n20 20260910_0300 … ✗ swath overlaps bbox but all pixels cloud/land masked (raw_valid_in_bbox=0, ql_dist=None)
  n20 20260910_0310 … ✗ swath overlaps bbox but all pixels cloud/land masked (raw_valid_in_bbox=0, ql_dist=None)
  n20 20260910_0350 … ✗ swath overlaps bbox but all pixels cloud/land masked (raw_valid_in_bbox=0, ql_dist=None)
  n20 20260910_0400 … ✗ swath overlaps bbox but all pixels cloud/land masked (raw_valid_in_bbox=0, ql_dist=None)
  n20 20260910_0410 … ✗ swath overlaps bbox but all pixels cloud/land masked (raw_valid_in_bbox=0, ql_dist=None)
  n20 20260910_0450 … ✗ swath overlaps bbox but all pixels cloud/land masked (raw_valid_in_bbox=0, ql_dist=None)
  n20 20260910_0500 … ✗ swath overlaps bbox but all pixels cloud/land masked (raw_valid_in_bbox=0, ql_dist=None)
  n20 20260910_0510 … ✗ swath overlaps bbox but all pixels cloud/land masked (raw_valid_in_bbox=0, ql_dist=None)
  n20 20260910_0550 …   → DailySSTData/VIIRS/Passes/ga_sc/viirs_n20_20260910_0550.csv  (12324 pts, 262 lats × 122 lons)
  n20 20260910_0600 … ✗ swath overlaps bbox but all pixels cloud/land masked (raw_valid_in_bbox=0, ql_dist=None)
  n20 20260910_0610 … ✗ swath overlaps bbox but all pixels cloud/land masked (raw_valid_in_bbox=0, ql_dist=None)
  n20 20260910_0650 … ✗ swath overlaps bbox but all pixels cloud/land masked (raw_valid_in_bbox=0, ql_dist=None)
  n20 20260910_0700 … ✗ swath overlaps bbox but all pixels cloud/land masked (raw_valid_in_bbox=0, ql_dist=None)
  n20 20260910_0710 … ✗ swath overlaps bbox but all pixels cloud/land masked (raw_valid_in_bbox=0, ql_dist=None)
  n20 20260910_0750 … ✗ swath overlaps bbox but all pixels cloud/land masked (raw_valid_in_bbox=0, ql_dist=None)
  n20 20260910_0800 … ✗ swath overlaps bbox but all pixels cloud/land masked (raw_valid_in_bbox=0, ql_dist=None)
  n20 20260910_0810 … ✗ swath overlaps bbox but all pixels cloud/land masked (raw_valid_in_bbox=0, ql_dist=None)
  n20 20260910_0850 … ✗ swath overlaps bbox but all pixels cloud/land masked (raw_valid_in_bbox=0, ql_dist=None)
  n21 20260908_0950 … ✗ swath overlaps bbox but all pixels cloud/land masked (raw_valid_in_bbox=0, ql_dist=None)
  n21 20260908_1000 … ✗ swath overlaps bbox but all pixels cloud/land masked (raw_valid_in_bbox=0, ql_dist=None)
  n21 20260908_1010 … ✗ swath overlaps bbox but all pixels cloud/land masked (raw_valid_in_bbox=0, ql_dist=None)
  n21 20260908_1050 … ✗ swath overlaps bbox but all pixels cloud/land masked (raw_valid_in_bbox=0, ql_dist=None)
  n21 20260908_1100 … ✗ swath overlaps bbox but all pixels cloud/land masked (raw_valid_in_bbox=0, ql_dist=None)
  n21 20260908_1110 … ✗ swath overlaps bbox but all pixels cloud/land masked (raw_valid_in_bbox=0, ql_dist=None)
  n21 20260908_1150 … ✗ swath overlaps bbox but all pixels cloud/land masked (raw_valid_in_bbox=0, ql_dist=None)
  n21 20260908_1200 … ✗ swath overlaps bbox but all pixels cloud/land masked (raw_valid_in_bbox=0, ql_dist=None)
  n21 20260908_1210 … ✗ swath overlaps bbox but all pixels cloud/land masked (raw_valid_in_bbox=0, ql_dist=None)
  n21 20260908_1250 … ✗ swath overlaps bbox but all pixels cloud/land masked (raw_valid_in_bbox=0, ql_dist=None)
  n21 20260908_1300 … ✗ swath overlaps bbox but all pixels cloud/land masked (raw_valid_in_bbox=0, ql_dist=None)
  n21 20260908_1310 … ✗ swath overlaps bbox but all pixels cloud/land masked (raw_valid_in_bbox=0, ql_dist=None)
  n21 20260908_1350 … ✗ swath overlaps bbox but all pixels cloud/land masked (raw_valid_in_bbox=0, ql_dist=None)
  n21 20260908_1400 … ✗ swath overlaps bbox but all pixels cloud/land masked (raw_valid_in_bbox=0, ql_dist=None)
  n21 20260908_1410 … ✗ swath overlaps bbox but all pixels cloud/land masked (raw_valid_in_bbox=0, ql_dist=None)
  n21 20260908_1450 … ✗ swath overlaps bbox but all pixels cloud/land masked (raw_valid_in_bbox=0, ql_dist=None)
  n21 20260908_1500 … ✗ swath overlaps bbox but all pixels cloud/land masked (raw_valid_in_bbox=0, ql_dist=None)
  n21 20260908_1510 … ✗ swath overlaps bbox but all pixels cloud/land masked (raw_valid_in_bbox=0, ql_dist=None)
  n21 20260908_1550 … ✗ swath overlaps bbox but all pixels cloud/land masked (raw_valid_in_bbox=0, ql_dist=None)
  n21 20260908_1600 … ✗ swath overlaps bbox but all pixels cloud/land masked (raw_valid_in_bbox=0, ql_dist=None)
  n21 20260908_1610 … ✗ swath overlaps bbox but all pixels cloud/land masked (raw_valid_in_bbox=0, ql_dist=None)
  n21 20260908_1650 ✓ (cached)
  n21 20260908_1700 … ✗ swath overlaps bbox but all pixels cloud/land masked (raw_valid_in_bbox=0, ql_dist=None)
  n21 20260908_1710 … ✗ swath overlaps bbox but all pixels cloud/land masked (raw_valid_in_bbox=0, ql_dist=None)
  n21 20260908_1750 … ✗ swath overlaps bbox but all pixels cloud/land masked (raw_valid_in_bbox=0, ql_dist=None)
  n21 20260908_1800 … ✗ swath overlaps bbox but all pixels cloud/land masked (raw_valid_in_bbox=0, ql_dist=None)
  n21 20260908_1810 … ✗ swath overlaps bbox but all pixels cloud/land masked (raw_valid_in_bbox=0, ql_dist=None)
  n21 20260908_1850 … ✗ swath overlaps bbox but all pixels cloud/land masked (raw_valid_in_bbox=0, ql_dist=None)
  n21 20260908_1900 … ✗ swath overlaps bbox but all pixels cloud/land masked (raw_valid_in_bbox=0, ql_dist=None)
  n21 20260908_1910 … ✗ swath overlaps bbox but all pixels cloud/land masked (raw_valid_in_bbox=0, ql_dist=None)
  n21 20260908_1950 … ✗ swath overlaps bbox but all pixels cloud/land masked (raw_valid_in_bbox=0, ql_dist=None)
  n21 20260908_2000 … ✗ swath overlaps bbox but all pixels cloud/land masked (raw_valid_in_bbox=0, ql_dist=None)
  n21 20260908_2010 … ✗ swath overlaps bbox but all pixels cloud/land masked (raw_valid_in_bbox=0, ql_dist=None)
  n21 20260908_2050 … ✗ swath overlaps bbox but all pixels cloud/land masked (raw_valid_in_bbox=0, ql_dist=None)
  n21 20260908_2100 … ✗ swath overlaps bbox but all pixels cloud/land masked (raw_valid_in_bbox=0, ql_dist=None)
  n21 20260908_2110 … ✗ swath overlaps bbox but all pixels cloud/land masked (raw_valid_in_bbox=0, ql_dist=None)
  n21 20260908_2150 … ✗ swath overlaps bbox but all pixels cloud/land masked (raw_valid_in_bbox=0, ql_dist=None)
  n21 20260908_2200 … ✗ swath overlaps bbox but all pixels cloud/land masked (raw_valid_in_bbox=0, ql_dist=None)
  n21 20260908_2210 … ✗ swath overlaps bbox but all pixels cloud/land masked (raw_valid_in_bbox=0, ql_dist=None)
  n21 20260908_2250 … ✗ swath overlaps bbox but all pixels cloud/land masked (raw_valid_in_bbox=0, ql_dist=None)
  n21 20260908_2300 … ✗ swath overlaps bbox but all pixels cloud/land masked (raw_valid_in_bbox=0, ql_dist=None)
  n21 20260908_2310 … ✗ swath overlaps bbox but all pixels cloud/land masked (raw_valid_in_bbox=0, ql_dist=None)
  n21 20260908_2350 … ✗ swath overlaps bbox but all pixels cloud/land masked (raw_valid_in_bbox=0, ql_dist=None)
  n21 20260909_0000 … ✗ swath overlaps bbox but all pixels cloud/land masked (raw_valid_in_bbox=0, ql_dist=None)
  n21 20260909_0010 … ✗ swath overlaps bbox but all pixels cloud/land masked (raw_valid_in_bbox=0, ql_dist=None)
  n21 20260909_0050 … ✗ swath overlaps bbox but all pixels cloud/land masked (raw_valid_in_bbox=0, ql_dist=None)
  n21 20260909_0100 … ✗ swath overlaps bbox but all pixels cloud/land masked (raw_valid_in_bbox=0, ql_dist=None)
  n21 20260909_0110 … ✗ swath overlaps bbox but all pixels cloud/land masked (raw_valid_in_bbox=0, ql_dist=None)
  n21 20260909_0150 … ✗ swath overlaps bbox but all pixels cloud/land masked (raw_valid_in_bbox=0, ql_dist=None)
  n21 20260909_0200 … ✗ swath overlaps bbox but all pixels cloud/land masked (raw_valid_in_bbox=0, ql_dist=None)
  n21 20260909_0210 … ✗ swath overlaps bbox but all pixels cloud/land masked (raw_valid_in_bbox=0, ql_dist=None)
  n21 20260909_0250 … ✗ swath overlaps bbox but all pixels cloud/land masked (raw_valid_in_bbox=0, ql_dist=None)
  n21 20260909_0300 … ✗ swath overlaps bbox but all pixels cloud/land masked (raw_valid_in_bbox=0, ql_dist=None)
  n21 20260909_0310 … ✗ swath overlaps bbox but all pixels cloud/land masked (raw_valid_in_bbox=0, ql_dist=None)
  n21 20260909_0350 … ✗ swath overlaps bbox but all pixels cloud/land masked (raw_valid_in_bbox=0, ql_dist=None)
  n21 20260909_0400 … ✗ swath overlaps bbox but all pixels cloud/land masked (raw_valid_in_bbox=0, ql_dist=None)
  n21 20260909_0410 … ✗ swath overlaps bbox but all pixels cloud/land masked (raw_valid_in_bbox=0, ql_dist=None)
  n21 20260909_0450 … ✗ swath overlaps bbox but all pixels cloud/land masked (raw_valid_in_bbox=0, ql_dist=None)
  n21 20260909_0500 … ✗ swath overlaps bbox but all pixels cloud/land masked (raw_valid_in_bbox=0, ql_dist=None)
  n21 20260909_0510 … ✗ swath overlaps bbox but all pixels cloud/land masked (raw_valid_in_bbox=0, ql_dist=None)
  n21 20260909_0550 … ✗ swath overlaps bbox but all pixels cloud/land masked (raw_valid_in_bbox=0, ql_dist=None)
  n21 20260909_0600 … ✗ swath overlaps bbox but all pixels cloud/land masked (raw_valid_in_bbox=0, ql_dist=None)
  n21 20260909_0610 … ✗ swath overlaps bbox but all pixels cloud/land masked (raw_valid_in_bbox=0, ql_dist=None)
  n21 20260909_0650 … ✗ swath overlaps bbox but all pixels cloud/land masked (raw_valid_in_bbox=0, ql_dist=None)
  n21 20260909_0700 ✓ (cached)
  n21 20260909_0710 … ✗ swath overlaps bbox but all pixels cloud/land masked (raw_valid_in_bbox=0, ql_dist=None)
  n21 20260909_0750 … ✗ swath overlaps bbox but all pixels cloud/land masked (raw_valid_in_bbox=0, ql_dist=None)
  n21 20260909_0800 … ✗ swath overlaps bbox but all pixels cloud/land masked (raw_valid_in_bbox=0, ql_dist=None)
  n21 20260909_0810 … ✗ swath overlaps bbox but all pixels cloud/land masked (raw_valid_in_bbox=0, ql_dist=None)
  n21 20260909_0850 … ✗ swath overlaps bbox but all pixels cloud/land masked (raw_valid_in_bbox=0, ql_dist=None)
  n21 20260909_0900 … ✗ swath overlaps bbox but all pixels cloud/land masked (raw_valid_in_bbox=0, ql_dist=None)
  n21 20260909_0910 … ✗ swath overlaps bbox but all pixels cloud/land masked (raw_valid_in_bbox=0, ql_dist=None)
  n21 20260909_0950 … ✗ swath overlaps bbox but all pixels cloud/land masked (raw_valid_in_bbox=0, ql_dist=None)
  n21 20260909_1000 … ✗ swath overlaps bbox but all pixels cloud/land masked (raw_valid_in_bbox=0, ql_dist=None)
  n21 20260909_1010 … ✗ swath overlaps bbox but all pixels cloud/land masked (raw_valid_in_bbox=0, ql_dist=None)
  n21 20260909_1050 … ✗ swath overlaps bbox but all pixels cloud/land masked (raw_valid_in_bbox=0, ql_dist=None)
  n21 20260909_1100 … ✗ swath overlaps bbox but all pixels cloud/land masked (raw_valid_in_bbox=0, ql_dist=None)
  n21 20260909_1110 … ✗ swath overlaps bbox but all pixels cloud/land masked (raw_valid_in_bbox=0, ql_dist=None)
  n21 20260909_1150 … ✗ swath overlaps bbox but all pixels cloud/land masked (raw_valid_in_bbox=0, ql_dist=None)
  n21 20260909_1200 … ✗ swath overlaps bbox but all pixels cloud/land masked (raw_valid_in_bbox=0, ql_dist=None)
  n21 20260909_1210 … ✗ swath overlaps bbox but all pixels cloud/land masked (raw_valid_in_bbox=0, ql_dist=None)
  n21 20260909_1250 … ✗ swath overlaps bbox but all pixels cloud/land masked (raw_valid_in_bbox=0, ql_dist=None)
  n21 20260909_1300 … ✗ swath overlaps bbox but all pixels cloud/land masked (raw_valid_in_bbox=0, ql_dist=None)
  n21 20260909_1310 … ✗ swath overlaps bbox but all pixels cloud/land masked (raw_valid_in_bbox=0, ql_dist=None)
  n21 20260909_1350 … ✗ swath overlaps bbox but all pixels cloud/land masked (raw_valid_in_bbox=0, ql_dist=None)
  n21 20260909_1400 … ✗ swath overlaps bbox but all pixels cloud/land masked (raw_valid_in_bbox=0, ql_dist=None)
  n21 20260909_1410 … ✗ swath overlaps bbox but all pixels cloud/land masked (raw_valid_in_bbox=0, ql_dist=None)
  n21 20260909_1450 … ✗ swath overlaps bbox but all pixels cloud/land masked (raw_valid_in_bbox=0, ql_dist=None)
  n21 20260909_1500 … ✗ swath overlaps bbox but all pixels cloud/land masked (raw_valid_in_bbox=0, ql_dist=None)
  n21 20260909_1510 … ✗ swath overlaps bbox but all pixels cloud/land masked (raw_valid_in_bbox=0, ql_dist=None)
  n21 20260909_1550 … ✗ swath overlaps bbox but all pixels cloud/land masked (raw_valid_in_bbox=0, ql_dist=None)
  n21 20260909_1600 … ✗ swath overlaps bbox but all pixels cloud/land masked (raw_valid_in_bbox=0, ql_dist=None)
  n21 20260909_1610 … ✗ swath overlaps bbox but all pixels cloud/land masked (raw_valid_in_bbox=0, ql_dist=None)
  n21 20260909_1650 … ✗ swath overlaps bbox but all pixels cloud/land masked (raw_valid_in_bbox=0, ql_dist=None)
  n21 20260909_1700 … ✗ swath overlaps bbox but all pixels cloud/land masked (raw_valid_in_bbox=0, ql_dist=None)
  n21 20260909_1710 … ✗ swath overlaps bbox but all pixels cloud/land masked (raw_valid_in_bbox=0, ql_dist=None)
  n21 20260909_1750 … ✗ swath overlaps bbox but all pixels cloud/land masked (raw_valid_in_bbox=0, ql_dist=None)
  n21 20260909_1800 … ✗ swath overlaps bbox but all pixels cloud/land masked (raw_valid_in_bbox=0, ql_dist=None)
  n21 20260909_1810 ✓ (cached)
  n21 20260909_1850 … ✗ swath overlaps bbox but all pixels cloud/land masked (raw_valid_in_bbox=0, ql_dist=None)
  n21 20260909_1900 … ✗ swath overlaps bbox but all pixels cloud/land masked (raw_valid_in_bbox=0, ql_dist=None)
  n21 20260909_1910 … ✗ swath overlaps bbox but all pixels cloud/land masked (raw_valid_in_bbox=0, ql_dist=None)
  n21 20260909_1950 … ✗ swath overlaps bbox but all pixels cloud/land masked (raw_valid_in_bbox=0, ql_dist=None)
  n21 20260909_2000 … ✗ swath overlaps bbox but all pixels cloud/land masked (raw_valid_in_bbox=0, ql_dist=None)
  n21 20260909_2010 … ✗ swath overlaps bbox but all pixels cloud/land masked (raw_valid_in_bbox=0, ql_dist=None)
  n21 20260909_2050 … ✗ swath overlaps bbox but all pixels cloud/land masked (raw_valid_in_bbox=0, ql_dist=None)
  n21 20260909_2100 … ✗ swath overlaps bbox but all pixels cloud/land masked (raw_valid_in_bbox=0, ql_dist=None)
  n21 20260909_2110 … ✗ swath overlaps bbox but all pixels cloud/land masked (raw_valid_in_bbox=0, ql_dist=None)
  n21 20260909_2150 … ✗ swath overlaps bbox but all pixels cloud/land masked (raw_valid_in_bbox=0, ql_dist=None)
  n21 20260909_2200 … ✗ swath overlaps bbox but all pixels cloud/land masked (raw_valid_in_bbox=0, ql_dist=None)
  n21 20260909_2210 … ✗ swath overlaps bbox but all pixels cloud/land masked (raw_valid_in_bbox=0, ql_dist=None)
  n21 20260909_2250 … ✗ swath overlaps bbox but all pixels cloud/land masked (raw_valid_in_bbox=0, ql_dist=None)
  n21 20260909_2300 … ✗ swath overlaps bbox but all pixels cloud/land masked (raw_valid_in_bbox=0, ql_dist=None)
  n21 20260909_2310 … ✗ swath overlaps bbox but all pixels cloud/land masked (raw_valid_in_bbox=0, ql_dist=None)
  n21 20260909_2350 … ✗ swath overlaps bbox but all pixels cloud/land masked (raw_valid_in_bbox=0, ql_dist=None)
  n21 20260910_0000 … ✗ swath overlaps bbox but all pixels cloud/land masked (raw_valid_in_bbox=0, ql_dist=None)
  n21 20260910_0010 … ✗ swath overlaps bbox but all pixels cloud/land masked (raw_valid_in_bbox=0, ql_dist=None)
  n21 20260910_0050 … ✗ swath overlaps bbox but all pixels cloud/land masked (raw_valid_in_bbox=0, ql_dist=None)
  n21 20260910_0100 … ✗ swath overlaps bbox but all pixels cloud/land masked (raw_valid_in_bbox=0, ql_dist=None)
  n21 20260910_0110 … ✗ swath overlaps bbox but all pixels cloud/land masked (raw_valid_in_bbox=0, ql_dist=None)
  n21 20260910_0150 … ✗ swath overlaps bbox but all pixels cloud/land masked (raw_valid_in_bbox=0, ql_dist=None)
  n21 20260910_0200 … ✗ swath overlaps bbox but all pixels cloud/land masked (raw_valid_in_bbox=0, ql_dist=None)
  n21 20260910_0210 … ✗ swath overlaps bbox but all pixels cloud/land masked (raw_valid_in_bbox=0, ql_dist=None)
  n21 20260910_0250 … ✗ swath overlaps bbox but all pixels cloud/land masked (raw_valid_in_bbox=0, ql_dist=None)
  n21 20260910_0300 … ✗ swath overlaps bbox but all pixels cloud/land masked (raw_valid_in_bbox=0, ql_dist=None)
  n21 20260910_0310 … ✗ swath overlaps bbox but all pixels cloud/land masked (raw_valid_in_bbox=0, ql_dist=None)
  n21 20260910_0350 … ✗ swath overlaps bbox but all pixels cloud/land masked (raw_valid_in_bbox=0, ql_dist=None)
  n21 20260910_0400 … ✗ swath overlaps bbox but all pixels cloud/land masked (raw_valid_in_bbox=0, ql_dist=None)
  n21 20260910_0410 … ✗ swath overlaps bbox but all pixels cloud/land masked (raw_valid_in_bbox=0, ql_dist=None)
  n21 20260910_0450 … ✗ swath overlaps bbox but all pixels cloud/land masked (raw_valid_in_bbox=0, ql_dist=None)
  n21 20260910_0500 … ✗ swath overlaps bbox but all pixels cloud/land masked (raw_valid_in_bbox=0, ql_dist=None)
  n21 20260910_0510 … ✗ swath overlaps bbox but all pixels cloud/land masked (raw_valid_in_bbox=0, ql_dist=None)
  n21 20260910_0550 … ✗ swath overlaps bbox but all pixels cloud/land masked (raw_valid_in_bbox=0, ql_dist=None)
  n21 20260910_0600 … ✗ swath overlaps bbox but all pixels cloud/land masked (raw_valid_in_bbox=0, ql_dist=None)
  n21 20260910_0610 … ✗ swath overlaps bbox but all pixels cloud/land masked (raw_valid_in_bbox=0, ql_dist=None)
  n21 20260910_0650 … ✗ swath overlaps bbox but all pixels cloud/land masked (raw_valid_in_bbox=0, ql_dist=None)
  n21 20260910_0700 … ✗ swath overlaps bbox but all pixels cloud/land masked (raw_valid_in_bbox=0, ql_dist=None)
  n21 20260910_0710 … ✗ swath overlaps bbox but all pixels cloud/land masked (raw_valid_in_bbox=0, ql_dist=None)
  n21 20260910_0750 … ✗ swath overlaps bbox but all pixels cloud/land masked (raw_valid_in_bbox=0, ql_dist=None)
  n21 20260910_0800 … ✗ swath overlaps bbox but all pixels cloud/land masked (raw_valid_in_bbox=0, ql_dist=None)
  n21 20260910_0810 … ✗ swath overlaps bbox but all pixels cloud/land masked (raw_valid_in_bbox=0, ql_dist=None)
  n21 20260910_0850 … ✗ swath overlaps bbox but all pixels cloud/land masked (raw_valid_in_bbox=0, ql_dist=None)

  VIIRS summary: 2 written, 11 cached, 407 miss/cloud, 592 outside windows.

=========================================================
✓ Pipeline complete
=========================================================
========================================
RUNNING REGION: ne_fl
========================================
=========================================================
SST PIPELINE
  UTC    : 2026-09-10 09:57:10
  Region : ne_fl
  Bbox   : 26.0–30.5°N  -81.97–-76.14°E
  Output : DailySSTData/MUR/ne_fl  (and siblings)
=========================================================

── MUR daily composite (last 5 days) ──
  MUR 20260909 (coastwatch.noaa.gov) … ✗ RuntimeError
  MUR 20260909 (coastwatch.pfeg.noaa.gov) … ✗ RuntimeError
  MUR 20260909 (upwell.pfeg.noaa.gov) … ✗ RuntimeError
  ✗ MUR 20260909 — all mirrors failed. Last: upwell.pfeg.noaa.gov: RuntimeError: 404 — no data for this date
  ✓ MUR 20260908 (cached)
  ✓ MUR 20260907 (cached)
  ✓ MUR 20260906 (cached)
  ✓ MUR 20260905 (cached)

── GOES-19 geo-polar blended daily composite ──
  Candidates: 4 (2 hosts × 2 dataset IDs)
  GOES 20260910 [noaa/noaacwBLENDEDsstDLDaily] … ✗ RuntimeError: 404 — no data for this date
  GOES 20260910 [noaa/noaacwBLENDEDsstDaily] … ✗ RuntimeError: 404 — no data for this date
  GOES 20260910 [pfeg/noaacwBLENDEDsstDLDaily] … ✗ RuntimeError: 404 — no data for this date
  GOES 20260910 [pfeg/noaacwBLENDEDsstDaily] … ✗ RuntimeError: 404 — no data for this date
  GOES 20260909 [noaa/noaacwBLENDEDsstDLDaily] … ✗ RuntimeError: 404 — no data for this date
  GOES 20260909 [noaa/noaacwBLENDEDsstDaily] … ✗ RuntimeError: 404 — no data for this date
  GOES 20260909 [pfeg/noaacwBLENDEDsstDLDaily] … ✗ RuntimeError: 404 — no data for this date
  GOES 20260909 [pfeg/noaacwBLENDEDsstDaily] … ✗ RuntimeError: 404 — no data for this date
  ✓ GOES composite 20260908 (cached)

── VIIRS multi-pass (last 48h — NPP/N20/N21) ──
  ✓ VIIRS NRT base: https://www.star.nesdis.noaa.gov/pub/socd2/coastwatch/sst/nrt/viirs
  Hourly windows : 48
  Window range   : 2026-09-08 09:50Z → 2026-09-10 09:10Z
  Half-width     : ±10 min per bucket
  npp 20260908_0950 … ✗ swath overlaps bbox but all pixels cloud/land masked (raw_valid_in_bbox=0, ql_dist=None)
  npp 20260908_1000 … ✗ swath overlaps bbox but all pixels cloud/land masked (raw_valid_in_bbox=0, ql_dist=None)
  npp 20260908_1010 … ✗ swath overlaps bbox but all pixels cloud/land masked (raw_valid_in_bbox=0, ql_dist=None)
  npp 20260908_1050 … ✗ swath overlaps bbox but all pixels cloud/land masked (raw_valid_in_bbox=0, ql_dist=None)
  npp 20260908_1100 … ✗ swath overlaps bbox but all pixels cloud/land masked (raw_valid_in_bbox=0, ql_dist=None)
  npp 20260908_1110 … ✗ swath overlaps bbox but all pixels cloud/land masked (raw_valid_in_bbox=0, ql_dist=None)
  npp 20260908_1150 … ✗ swath overlaps bbox but all pixels cloud/land masked (raw_valid_in_bbox=0, ql_dist=None)
  npp 20260908_1200 … ✗ swath overlaps bbox but all pixels cloud/land masked (raw_valid_in_bbox=0, ql_dist=None)
  npp 20260908_1210 … ✗ swath overlaps bbox but all pixels cloud/land masked (raw_valid_in_bbox=0, ql_dist=None)
  npp 20260908_1250 … ✗ swath overlaps bbox but all pixels cloud/land masked (raw_valid_in_bbox=0, ql_dist=None)
  npp 20260908_1300 … ✗ swath overlaps bbox but all pixels cloud/land masked (raw_valid_in_bbox=0, ql_dist=None)
  npp 20260908_1310 … ✗ swath overlaps bbox but all pixels cloud/land masked (raw_valid_in_bbox=0, ql_dist=None)
  npp 20260908_1350 … ✗ swath overlaps bbox but all pixels cloud/land masked (raw_valid_in_bbox=0, ql_dist=None)
  npp 20260908_1400 … ✗ swath overlaps bbox but all pixels cloud/land masked (raw_valid_in_bbox=0, ql_dist=None)
  npp 20260908_1410 … ✗ swath overlaps bbox but all pixels cloud/land masked (raw_valid_in_bbox=0, ql_dist=None)
  npp 20260908_1450 … ✗ swath overlaps bbox but all pixels cloud/land masked (raw_valid_in_bbox=0, ql_dist=None)
  npp 20260908_1500 … ✗ swath overlaps bbox but all pixels cloud/land masked (raw_valid_in_bbox=0, ql_dist=None)
  npp 20260908_1510 … ✗ swath overlaps bbox but all pixels cloud/land masked (raw_valid_in_bbox=0, ql_dist=None)
  npp 20260908_1550 … ✗ swath overlaps bbox but all pixels cloud/land masked (raw_valid_in_bbox=0, ql_dist=None)
  npp 20260908_1600 … ✗ swath overlaps bbox but all pixels cloud/land masked (raw_valid_in_bbox=0, ql_dist=None)
  npp 20260908_1610 … ✗ swath overlaps bbox but all pixels cloud/land masked (raw_valid_in_bbox=0, ql_dist=None)
  npp 20260908_1650 … ✗ swath overlaps bbox but all pixels cloud/land masked (raw_valid_in_bbox=0, ql_dist=None)
  npp 20260908_1700 … ✗ swath overlaps bbox but all pixels cloud/land masked (raw_valid_in_bbox=0, ql_dist=None)
  npp 20260908_1710 … ✗ swath overlaps bbox but all pixels cloud/land masked (raw_valid_in_bbox=0, ql_dist=None)
  npp 20260908_1750 … ✗ swath overlaps bbox but all pixels cloud/land masked (raw_valid_in_bbox=0, ql_dist=None)
  npp 20260908_1800 … ✗ swath overlaps bbox but all pixels cloud/land masked (raw_valid_in_bbox=0, ql_dist=None)
  npp 20260908_1810 … ✗ swath overlaps bbox but all pixels cloud/land masked (raw_valid_in_bbox=0, ql_dist=None)
  npp 20260908_1850 … ✗ swath overlaps bbox but all pixels cloud/land masked (raw_valid_in_bbox=0, ql_dist=None)
  npp 20260908_1900 … ✗ swath overlaps bbox but all pixels cloud/land masked (raw_valid_in_bbox=0, ql_dist=None)
  npp 20260908_1910 ✓ (cached)
  npp 20260908_1950 … ✗ swath overlaps bbox but all pixels cloud/land masked (raw_valid_in_bbox=0, ql_dist=None)
  npp 20260908_2000 … ✗ swath overlaps bbox but all pixels cloud/land masked (raw_valid_in_bbox=0, ql_dist=None)
  npp 20260908_2010 … ✗ swath overlaps bbox but all pixels cloud/land masked (raw_valid_in_bbox=0, ql_dist=None)
  npp 20260908_2050 … ✗ swath overlaps bbox but all pixels cloud/land masked (raw_valid_in_bbox=0, ql_dist=None)
  npp 20260908_2100 … ✗ swath overlaps bbox but all pixels cloud/land masked (raw_valid_in_bbox=0, ql_dist=None)
  npp 20260908_2110 … ✗ swath overlaps bbox but all pixels cloud/land masked (raw_valid_in_bbox=0, ql_dist=None)
  npp 20260908_2150 … ✗ swath overlaps bbox but all pixels cloud/land masked (raw_valid_in_bbox=0, ql_dist=None)
  npp 20260908_2200 … ✗ swath overlaps bbox but all pixels cloud/land masked (raw_valid_in_bbox=0, ql_dist=None)
  npp 20260908_2210 … ✗ swath overlaps bbox but all pixels cloud/land masked (raw_valid_in_bbox=0, ql_dist=None)
  npp 20260908_2250 … ✗ swath overlaps bbox but all pixels cloud/land masked (raw_valid_in_bbox=0, ql_dist=None)
  npp 20260908_2300 … ✗ swath overlaps bbox but all pixels cloud/land masked (raw_valid_in_bbox=0, ql_dist=None)
  npp 20260908_2310 … ✗ swath overlaps bbox but all pixels cloud/land masked (raw_valid_in_bbox=0, ql_dist=None)
  npp 20260908_2350 … ✗ swath overlaps bbox but all pixels cloud/land masked (raw_valid_in_bbox=0, ql_dist=None)
  npp 20260909_0000 … ✗ swath overlaps bbox but all pixels cloud/land masked (raw_valid_in_bbox=0, ql_dist=None)
  npp 20260909_0010 … ✗ swath overlaps bbox but all pixels cloud/land masked (raw_valid_in_bbox=0, ql_dist=None)
  npp 20260909_0050 … ✗ swath overlaps bbox but all pixels cloud/land masked (raw_valid_in_bbox=0, ql_dist=None)
  npp 20260909_0100 … ✗ swath overlaps bbox but all pixels cloud/land masked (raw_valid_in_bbox=0, ql_dist=None)
  npp 20260909_0110 … ✗ swath overlaps bbox but all pixels cloud/land masked (raw_valid_in_bbox=0, ql_dist=None)
  npp 20260909_0150 … ✗ swath overlaps bbox but all pixels cloud/land masked (raw_valid_in_bbox=0, ql_dist=None)
  npp 20260909_0200 … ✗ swath overlaps bbox but all pixels cloud/land masked (raw_valid_in_bbox=0, ql_dist=None)
  npp 20260909_0210 … ✗ swath overlaps bbox but all pixels cloud/land masked (raw_valid_in_bbox=0, ql_dist=None)
  npp 20260909_0250 … ✗ swath overlaps bbox but all pixels cloud/land masked (raw_valid_in_bbox=0, ql_dist=None)
  npp 20260909_0300 … ✗ swath overlaps bbox but all pixels cloud/land masked (raw_valid_in_bbox=0, ql_dist=None)
  npp 20260909_0310 … ✗ swath overlaps bbox but all pixels cloud/land masked (raw_valid_in_bbox=0, ql_dist=None)
  npp 20260909_0350 … ✗ swath overlaps bbox but all pixels cloud/land masked (raw_valid_in_bbox=0, ql_dist=None)
  npp 20260909_0400 … ✗ swath overlaps bbox but all pixels cloud/land masked (raw_valid_in_bbox=0, ql_dist=None)
  npp 20260909_0410 … ✗ swath overlaps bbox but all pixels cloud/land masked (raw_valid_in_bbox=0, ql_dist=None)
  npp 20260909_0450 … ✗ swath overlaps bbox but all pixels cloud/land masked (raw_valid_in_bbox=0, ql_dist=None)
  npp 20260909_0500 … ✗ swath overlaps bbox but all pixels cloud/land masked (raw_valid_in_bbox=0, ql_dist=None)
  npp 20260909_0510 … ✗ swath overlaps bbox but all pixels cloud/land masked (raw_valid_in_bbox=0, ql_dist=None)
  npp 20260909_0550 ✓ (cached)
  npp 20260909_0600 … ✗ swath overlaps bbox but all pixels cloud/land masked (raw_valid_in_bbox=0, ql_dist=None)
  npp 20260909_0610 … ✗ swath overlaps bbox but all pixels cloud/land masked (raw_valid_in_bbox=0, ql_dist=None)
  npp 20260909_0650 … ✗ swath overlaps bbox but all pixels cloud/land masked (raw_valid_in_bbox=0, ql_dist=None)
  npp 20260909_0700 … ✗ swath overlaps bbox but all pixels cloud/land masked (raw_valid_in_bbox=0, ql_dist=None)
  npp 20260909_0710 … ✗ swath overlaps bbox but all pixels cloud/land masked (raw_valid_in_bbox=0, ql_dist=None)
  npp 20260909_0750 … ✗ swath overlaps bbox but all pixels cloud/land masked (raw_valid_in_bbox=0, ql_dist=None)
  npp 20260909_0800 … ✗ swath overlaps bbox but all pixels cloud/land masked (raw_valid_in_bbox=0, ql_dist=None)
  npp 20260909_0810 … ✗ swath overlaps bbox but all pixels cloud/land masked (raw_valid_in_bbox=0, ql_dist=None)
  npp 20260909_0850 … ✗ swath overlaps bbox but all pixels cloud/land masked (raw_valid_in_bbox=0, ql_dist=None)
  npp 20260909_0900 … ✗ swath overlaps bbox but all pixels cloud/land masked (raw_valid_in_bbox=0, ql_dist=None)
  npp 20260909_0910 … ✗ swath overlaps bbox but all pixels cloud/land masked (raw_valid_in_bbox=0, ql_dist=None)
  npp 20260909_0950 … ✗ swath overlaps bbox but all pixels cloud/land masked (raw_valid_in_bbox=0, ql_dist=None)
  npp 20260909_1000 … ✗ swath overlaps bbox but all pixels cloud/land masked (raw_valid_in_bbox=0, ql_dist=None)
  npp 20260909_1010 … ✗ swath overlaps bbox but all pixels cloud/land masked (raw_valid_in_bbox=0, ql_dist=None)
  npp 20260909_1050 … ✗ swath overlaps bbox but all pixels cloud/land masked (raw_valid_in_bbox=0, ql_dist=None)
  npp 20260909_1100 … ✗ swath overlaps bbox but all pixels cloud/land masked (raw_valid_in_bbox=0, ql_dist=None)
  npp 20260909_1110 … ✗ swath overlaps bbox but all pixels cloud/land masked (raw_valid_in_bbox=0, ql_dist=None)
  npp 20260909_1150 … ✗ swath overlaps bbox but all pixels cloud/land masked (raw_valid_in_bbox=0, ql_dist=None)
  npp 20260909_1200 … ✗ swath overlaps bbox but all pixels cloud/land masked (raw_valid_in_bbox=0, ql_dist=None)
  npp 20260909_1210 … ✗ swath overlaps bbox but all pixels cloud/land masked (raw_valid_in_bbox=0, ql_dist=None)
  npp 20260909_1250 … ✗ swath overlaps bbox but all pixels cloud/land masked (raw_valid_in_bbox=0, ql_dist=None)
  npp 20260909_1300 … ✗ swath overlaps bbox but all pixels cloud/land masked (raw_valid_in_bbox=0, ql_dist=None)
  npp 20260909_1310 … ✗ swath overlaps bbox but all pixels cloud/land masked (raw_valid_in_bbox=0, ql_dist=None)
  npp 20260909_1350 … ✗ swath overlaps bbox but all pixels cloud/land masked (raw_valid_in_bbox=0, ql_dist=None)
  npp 20260909_1400 … ✗ swath overlaps bbox but all pixels cloud/land masked (raw_valid_in_bbox=0, ql_dist=None)
  npp 20260909_1410 … ✗ swath overlaps bbox but all pixels cloud/land masked (raw_valid_in_bbox=0, ql_dist=None)
  npp 20260909_1450 … ✗ swath overlaps bbox but all pixels cloud/land masked (raw_valid_in_bbox=0, ql_dist=None)
  npp 20260909_1500 … ✗ swath overlaps bbox but all pixels cloud/land masked (raw_valid_in_bbox=0, ql_dist=None)
  npp 20260909_1510 … ✗ swath overlaps bbox but all pixels cloud/land masked (raw_valid_in_bbox=0, ql_dist=None)
  npp 20260909_1550 … ✗ swath overlaps bbox but all pixels cloud/land masked (raw_valid_in_bbox=0, ql_dist=None)
  npp 20260909_1600 … ✗ swath overlaps bbox but all pixels cloud/land masked (raw_valid_in_bbox=0, ql_dist=None)
  npp 20260909_1610 … ✗ swath overlaps bbox but all pixels cloud/land masked (raw_valid_in_bbox=0, ql_dist=None)
  npp 20260909_1650 … ✗ swath overlaps bbox but all pixels cloud/land masked (raw_valid_in_bbox=0, ql_dist=None)
  npp 20260909_1700 … ✗ swath overlaps bbox but all pixels cloud/land masked (raw_valid_in_bbox=0, ql_dist=None)
  npp 20260909_1710 … ✗ swath overlaps bbox but all pixels cloud/land masked (raw_valid_in_bbox=0, ql_dist=None)
  npp 20260909_1750 … ✗ swath overlaps bbox but all pixels cloud/land masked (raw_valid_in_bbox=0, ql_dist=None)
  npp 20260909_1800 … ✗ swath overlaps bbox but all pixels cloud/land masked (raw_valid_in_bbox=0, ql_dist=None)
  npp 20260909_1810 … ✗ swath overlaps bbox but all pixels cloud/land masked (raw_valid_in_bbox=0, ql_dist=None)
  npp 20260909_1850 ✓ (cached)
  npp 20260909_1900 … ✗ swath overlaps bbox but all pixels cloud/land masked (raw_valid_in_bbox=0, ql_dist=None)
  npp 20260909_1910 … ✗ swath overlaps bbox but all pixels cloud/land masked (raw_valid_in_bbox=0, ql_dist=None)
  npp 20260909_1950 … ✗ swath overlaps bbox but all pixels cloud/land masked (raw_valid_in_bbox=0, ql_dist=None)
  npp 20260909_2000 … ✗ swath overlaps bbox but all pixels cloud/land masked (raw_valid_in_bbox=0, ql_dist=None)
  npp 20260909_2010 … ✗ swath overlaps bbox but all pixels cloud/land masked (raw_valid_in_bbox=0, ql_dist=None)
  npp 20260909_2050 … ✗ swath overlaps bbox but all pixels cloud/land masked (raw_valid_in_bbox=0, ql_dist=None)
  npp 20260909_2100 … ✗ swath overlaps bbox but all pixels cloud/land masked (raw_valid_in_bbox=0, ql_dist=None)
  npp 20260909_2110 … ✗ swath overlaps bbox but all pixels cloud/land masked (raw_valid_in_bbox=0, ql_dist=None)
  npp 20260909_2150 … ✗ swath overlaps bbox but all pixels cloud/land masked (raw_valid_in_bbox=0, ql_dist=None)
  npp 20260909_2200 … ✗ swath overlaps bbox but all pixels cloud/land masked (raw_valid_in_bbox=0, ql_dist=None)
  npp 20260909_2210 … ✗ swath overlaps bbox but all pixels cloud/land masked (raw_valid_in_bbox=0, ql_dist=None)
  npp 20260910_0010 … ✗ swath overlaps bbox but all pixels cloud/land masked (raw_valid_in_bbox=0, ql_dist=None)
  npp 20260910_0050 … ✗ swath overlaps bbox but all pixels cloud/land masked (raw_valid_in_bbox=0, ql_dist=None)
  npp 20260910_0100 … ✗ swath overlaps bbox but all pixels cloud/land masked (raw_valid_in_bbox=0, ql_dist=None)
  npp 20260910_0110 … ✗ swath overlaps bbox but all pixels cloud/land masked (raw_valid_in_bbox=0, ql_dist=None)
  npp 20260910_0150 … ✗ swath overlaps bbox but all pixels cloud/land masked (raw_valid_in_bbox=0, ql_dist=None)
  npp 20260910_0200 … ✗ swath overlaps bbox but all pixels cloud/land masked (raw_valid_in_bbox=0, ql_dist=None)
  npp 20260910_0210 … ✗ swath overlaps bbox but all pixels cloud/land masked (raw_valid_in_bbox=0, ql_dist=None)
  npp 20260910_0250 … ✗ swath overlaps bbox but all pixels cloud/land masked (raw_valid_in_bbox=0, ql_dist=None)
  npp 20260910_0300 … ✗ swath overlaps bbox but all pixels cloud/land masked (raw_valid_in_bbox=0, ql_dist=None)
  npp 20260910_0310 … ✗ swath overlaps bbox but all pixels cloud/land masked (raw_valid_in_bbox=0, ql_dist=None)
  npp 20260910_0350 … ✗ swath overlaps bbox but all pixels cloud/land masked (raw_valid_in_bbox=0, ql_dist=None)
  npp 20260910_0400 … ✗ swath overlaps bbox but all pixels cloud/land masked (raw_valid_in_bbox=0, ql_dist=None)
  npp 20260910_0410 … ✗ swath overlaps bbox but all pixels cloud/land masked (raw_valid_in_bbox=0, ql_dist=None)
  npp 20260910_0450 … ✗ swath overlaps bbox but all pixels cloud/land masked (raw_valid_in_bbox=0, ql_dist=None)
  npp 20260910_0500 … ✗ swath overlaps bbox but all pixels cloud/land masked (raw_valid_in_bbox=0, ql_dist=None)
  npp 20260910_0510 … ✗ swath overlaps bbox but all pixels cloud/land masked (raw_valid_in_bbox=0, ql_dist=None)
  npp 20260910_0550 … ✗ swath overlaps bbox but all pixels cloud/land masked (raw_valid_in_bbox=0, ql_dist=None)
  npp 20260910_0600 … ✗ swath overlaps bbox but all pixels cloud/land masked (raw_valid_in_bbox=0, ql_dist=None)
  npp 20260910_0610 … ✗ swath overlaps bbox but all pixels cloud/land masked (raw_valid_in_bbox=0, ql_dist=None)
  npp 20260910_0650 … ✗ swath overlaps bbox but all pixels cloud/land masked (raw_valid_in_bbox=0, ql_dist=None)
  npp 20260910_0700 … ✗ swath overlaps bbox but all pixels cloud/land masked (raw_valid_in_bbox=0, ql_dist=None)
  npp 20260910_0710 …   → DailySSTData/VIIRS/Passes/ne_fl/viirs_npp_20260910_0710.csv  (23303 pts, 189 lats × 282 lons)
  npp 20260910_0750 … ✗ swath overlaps bbox but all pixels cloud/land masked (raw_valid_in_bbox=0, ql_dist=None)
  npp 20260910_0800 … ✗ swath overlaps bbox but all pixels cloud/land masked (raw_valid_in_bbox=0, ql_dist=None)
  npp 20260910_0810 … ✗ swath overlaps bbox but all pixels cloud/land masked (raw_valid_in_bbox=0, ql_dist=None)
  n20 20260908_0950 … ✗ swath overlaps bbox but all pixels cloud/land masked (raw_valid_in_bbox=0, ql_dist=None)
  n20 20260908_1000 … ✗ swath overlaps bbox but all pixels cloud/land masked (raw_valid_in_bbox=0, ql_dist=None)
  n20 20260908_1010 … ✗ swath overlaps bbox but all pixels cloud/land masked (raw_valid_in_bbox=0, ql_dist=None)
  n20 20260908_1050 … ✗ swath overlaps bbox but all pixels cloud/land masked (raw_valid_in_bbox=0, ql_dist=None)
  n20 20260908_1100 … ✗ swath overlaps bbox but all pixels cloud/land masked (raw_valid_in_bbox=0, ql_dist=None)
  n20 20260908_1110 … ✗ swath overlaps bbox but all pixels cloud/land masked (raw_valid_in_bbox=0, ql_dist=None)
  n20 20260908_1150 … ✗ swath overlaps bbox but all pixels cloud/land masked (raw_valid_in_bbox=0, ql_dist=None)
  n20 20260908_1200 … ✗ swath overlaps bbox but all pixels cloud/land masked (raw_valid_in_bbox=0, ql_dist=None)
  n20 20260908_1210 … ✗ swath overlaps bbox but all pixels cloud/land masked (raw_valid_in_bbox=0, ql_dist=None)
  n20 20260908_1250 … ✗ swath overlaps bbox but all pixels cloud/land masked (raw_valid_in_bbox=0, ql_dist=None)
  n20 20260908_1300 … ✗ swath overlaps bbox but all pixels cloud/land masked (raw_valid_in_bbox=0, ql_dist=None)
  n20 20260908_1310 … ✗ swath overlaps bbox but all pixels cloud/land masked (raw_valid_in_bbox=0, ql_dist=None)
  n20 20260908_1350 … ✗ swath overlaps bbox but all pixels cloud/land masked (raw_valid_in_bbox=0, ql_dist=None)
  n20 20260908_1400 … ✗ swath overlaps bbox but all pixels cloud/land masked (raw_valid_in_bbox=0, ql_dist=None)
  n20 20260908_1410 … ✗ swath overlaps bbox but all pixels cloud/land masked (raw_valid_in_bbox=0, ql_dist=None)
  n20 20260908_1450 … ✗ swath overlaps bbox but all pixels cloud/land masked (raw_valid_in_bbox=0, ql_dist=None)
  n20 20260908_1500 … ✗ swath overlaps bbox but all pixels cloud/land masked (raw_valid_in_bbox=0, ql_dist=None)
  n20 20260908_1510 … ✗ swath overlaps bbox but all pixels cloud/land masked (raw_valid_in_bbox=0, ql_dist=None)
  n20 20260908_1550 … ✗ swath overlaps bbox but all pixels cloud/land masked (raw_valid_in_bbox=0, ql_dist=None)
  n20 20260908_1600 … ✗ swath overlaps bbox but all pixels cloud/land masked (raw_valid_in_bbox=0, ql_dist=None)
  n20 20260908_1610 … ✗ swath overlaps bbox but all pixels cloud/land masked (raw_valid_in_bbox=0, ql_dist=None)
  n20 20260908_1650 … ✗ swath overlaps bbox but all pixels cloud/land masked (raw_valid_in_bbox=0, ql_dist=None)
  n20 20260908_1700 … ✗ swath overlaps bbox but all pixels cloud/land masked (raw_valid_in_bbox=0, ql_dist=None)
  n20 20260908_1710 … ✗ swath overlaps bbox but all pixels cloud/land masked (raw_valid_in_bbox=0, ql_dist=None)
  n20 20260908_1750 ✓ (cached)
  n20 20260908_1800 … ✗ swath overlaps bbox but all pixels cloud/land masked (raw_valid_in_bbox=0, ql_dist=None)
  n20 20260908_1810 … ✗ swath overlaps bbox but all pixels cloud/land masked (raw_valid_in_bbox=0, ql_dist=None)
  n20 20260908_1850 … ✗ swath overlaps bbox but all pixels cloud/land masked (raw_valid_in_bbox=0, ql_dist=None)
  n20 20260908_1900 … ✗ swath overlaps bbox but all pixels cloud/land masked (raw_valid_in_bbox=0, ql_dist=None)
  n20 20260908_1910 … ✗ swath overlaps bbox but all pixels cloud/land masked (raw_valid_in_bbox=0, ql_dist=None)
  n20 20260908_1950 … ✗ swath overlaps bbox but all pixels cloud/land masked (raw_valid_in_bbox=0, ql_dist=None)
  n20 20260908_2000 … ✗ swath overlaps bbox but all pixels cloud/land masked (raw_valid_in_bbox=0, ql_dist=None)
  n20 20260908_2010 … ✗ swath overlaps bbox but all pixels cloud/land masked (raw_valid_in_bbox=0, ql_dist=None)
  n20 20260908_2050 … ✗ swath overlaps bbox but all pixels cloud/land masked (raw_valid_in_bbox=0, ql_dist=None)
  n20 20260908_2100 … ✗ swath overlaps bbox but all pixels cloud/land masked (raw_valid_in_bbox=0, ql_dist=None)
  n20 20260908_2110 … ✗ swath overlaps bbox but all pixels cloud/land masked (raw_valid_in_bbox=0, ql_dist=None)
  n20 20260908_2150 … ✗ swath overlaps bbox but all pixels cloud/land masked (raw_valid_in_bbox=0, ql_dist=None)
  n20 20260908_2200 … ✗ swath overlaps bbox but all pixels cloud/land masked (raw_valid_in_bbox=0, ql_dist=None)
  n20 20260908_2210 … ✗ swath overlaps bbox but all pixels cloud/land masked (raw_valid_in_bbox=0, ql_dist=None)
  n20 20260908_2250 … ✗ swath overlaps bbox but all pixels cloud/land masked (raw_valid_in_bbox=0, ql_dist=None)
  n20 20260908_2300 … ✗ swath overlaps bbox but all pixels cloud/land masked (raw_valid_in_bbox=0, ql_dist=None)
  n20 20260908_2310 … ✗ swath overlaps bbox but all pixels cloud/land masked (raw_valid_in_bbox=0, ql_dist=None)
  n20 20260908_2350 … ✗ swath overlaps bbox but all pixels cloud/land masked (raw_valid_in_bbox=0, ql_dist=None)
  n20 20260909_0000 … ✗ swath overlaps bbox but all pixels cloud/land masked (raw_valid_in_bbox=0, ql_dist=None)
  n20 20260909_0010 … ✗ swath overlaps bbox but all pixels cloud/land masked (raw_valid_in_bbox=0, ql_dist=None)
  n20 20260909_0050 … ✗ swath overlaps bbox but all pixels cloud/land masked (raw_valid_in_bbox=0, ql_dist=None)
  n20 20260909_0100 … ✗ swath overlaps bbox but all pixels cloud/land masked (raw_valid_in_bbox=0, ql_dist=None)
  n20 20260909_0110 … ✗ swath overlaps bbox but all pixels cloud/land masked (raw_valid_in_bbox=0, ql_dist=None)
  n20 20260909_0150 … ✗ swath overlaps bbox but all pixels cloud/land masked (raw_valid_in_bbox=0, ql_dist=None)
  n20 20260909_0200 … ✗ swath overlaps bbox but all pixels cloud/land masked (raw_valid_in_bbox=0, ql_dist=None)
  n20 20260909_0210 … ✗ swath overlaps bbox but all pixels cloud/land masked (raw_valid_in_bbox=0, ql_dist=None)
  n20 20260909_0250 … ✗ swath overlaps bbox but all pixels cloud/land masked (raw_valid_in_bbox=0, ql_dist=None)
  n20 20260909_0300 … ✗ swath overlaps bbox but all pixels cloud/land masked (raw_valid_in_bbox=0, ql_dist=None)
  n20 20260909_0310 … ✗ swath overlaps bbox but all pixels cloud/land masked (raw_valid_in_bbox=0, ql_dist=None)
  n20 20260909_0350 … ✗ swath overlaps bbox but all pixels cloud/land masked (raw_valid_in_bbox=0, ql_dist=None)
  n20 20260909_0400 … ✗ swath overlaps bbox but all pixels cloud/land masked (raw_valid_in_bbox=0, ql_dist=None)
  n20 20260909_0410 … ✗ swath overlaps bbox but all pixels cloud/land masked (raw_valid_in_bbox=0, ql_dist=None)
  n20 20260909_0450 … ✗ swath overlaps bbox but all pixels cloud/land masked (raw_valid_in_bbox=0, ql_dist=None)
  n20 20260909_0500 … ✗ swath overlaps bbox but all pixels cloud/land masked (raw_valid_in_bbox=0, ql_dist=None)
  n20 20260909_0510 … ✗ swath overlaps bbox but all pixels cloud/land masked (raw_valid_in_bbox=0, ql_dist=None)
  n20 20260909_0550 … ✗ swath overlaps bbox but all pixels cloud/land masked (raw_valid_in_bbox=0, ql_dist=None)
  n20 20260909_0600 … ✗ swath overlaps bbox but all pixels cloud/land masked (raw_valid_in_bbox=0, ql_dist=None)
  n20 20260909_0610 ✓ (cached)
  n20 20260909_0650 … ✗ swath overlaps bbox but all pixels cloud/land masked (raw_valid_in_bbox=0, ql_dist=None)
  n20 20260909_0700 … ✗ swath overlaps bbox but all pixels cloud/land masked (raw_valid_in_bbox=0, ql_dist=None)
  n20 20260909_0710 … ✗ swath overlaps bbox but all pixels cloud/land masked (raw_valid_in_bbox=0, ql_dist=None)
  n20 20260909_0750 ✓ (cached)
  n20 20260909_0800 … ✗ swath overlaps bbox but all pixels cloud/land masked (raw_valid_in_bbox=0, ql_dist=None)
  n20 20260909_0810 … ✗ swath overlaps bbox but all pixels cloud/land masked (raw_valid_in_bbox=0, ql_dist=None)
  n20 20260909_0850 … ✗ swath overlaps bbox but all pixels cloud/land masked (raw_valid_in_bbox=0, ql_dist=None)
  n20 20260909_0900 … ✗ swath overlaps bbox but all pixels cloud/land masked (raw_valid_in_bbox=0, ql_dist=None)
  n20 20260909_0910 … ✗ swath overlaps bbox but all pixels cloud/land masked (raw_valid_in_bbox=0, ql_dist=None)
  n20 20260909_0950 … ✗ swath overlaps bbox but all pixels cloud/land masked (raw_valid_in_bbox=0, ql_dist=None)
  n20 20260909_1000 … ✗ swath overlaps bbox but all pixels cloud/land masked (raw_valid_in_bbox=0, ql_dist=None)
  n20 20260909_1010 … ✗ swath overlaps bbox but all pixels cloud/land masked (raw_valid_in_bbox=0, ql_dist=None)
  n20 20260909_1050 … ✗ swath overlaps bbox but all pixels cloud/land masked (raw_valid_in_bbox=0, ql_dist=None)
  n20 20260909_1100 … ✗ swath overlaps bbox but all pixels cloud/land masked (raw_valid_in_bbox=0, ql_dist=None)
  n20 20260909_1110 … ✗ swath overlaps bbox but all pixels cloud/land masked (raw_valid_in_bbox=0, ql_dist=None)
  n20 20260909_1150 … ✗ swath overlaps bbox but all pixels cloud/land masked (raw_valid_in_bbox=0, ql_dist=None)
  n20 20260909_1200 … ✗ swath overlaps bbox but all pixels cloud/land masked (raw_valid_in_bbox=0, ql_dist=None)
  n20 20260909_1210 … ✗ swath overlaps bbox but all pixels cloud/land masked (raw_valid_in_bbox=0, ql_dist=None)
  n20 20260909_1250 … ✗ swath overlaps bbox but all pixels cloud/land masked (raw_valid_in_bbox=0, ql_dist=None)
  n20 20260909_1300 … ✗ swath overlaps bbox but all pixels cloud/land masked (raw_valid_in_bbox=0, ql_dist=None)
  n20 20260909_1310 … ✗ swath overlaps bbox but all pixels cloud/land masked (raw_valid_in_bbox=0, ql_dist=None)
  n20 20260909_1350 … ✗ swath overlaps bbox but all pixels cloud/land masked (raw_valid_in_bbox=0, ql_dist=None)
  n20 20260909_1400 … ✗ swath overlaps bbox but all pixels cloud/land masked (raw_valid_in_bbox=0, ql_dist=None)
  n20 20260909_1410 … ✗ swath overlaps bbox but all pixels cloud/land masked (raw_valid_in_bbox=0, ql_dist=None)
  n20 20260909_1450 … ✗ swath overlaps bbox but all pixels cloud/land masked (raw_valid_in_bbox=0, ql_dist=None)
  n20 20260909_1500 … ✗ swath overlaps bbox but all pixels cloud/land masked (raw_valid_in_bbox=0, ql_dist=None)
  n20 20260909_1510 … ✗ swath overlaps bbox but all pixels cloud/land masked (raw_valid_in_bbox=0, ql_dist=None)
  n20 20260909_1550 … ✗ swath overlaps bbox but all pixels cloud/land masked (raw_valid_in_bbox=0, ql_dist=None)
  n20 20260909_1600 … ✗ swath overlaps bbox but all pixels cloud/land masked (raw_valid_in_bbox=0, ql_dist=None)
  n20 20260909_1610 … ✗ swath overlaps bbox but all pixels cloud/land masked (raw_valid_in_bbox=0, ql_dist=None)
  n20 20260909_1650 … ✗ swath overlaps bbox but all pixels cloud/land masked (raw_valid_in_bbox=0, ql_dist=None)
  n20 20260909_1700 … ✗ swath overlaps bbox but all pixels cloud/land masked (raw_valid_in_bbox=0, ql_dist=None)
  n20 20260909_1710 … ✗ swath overlaps bbox but all pixels cloud/land masked (raw_valid_in_bbox=0, ql_dist=None)
  n20 20260909_1750 … ✗ swath overlaps bbox but all pixels cloud/land masked (raw_valid_in_bbox=0, ql_dist=None)
  n20 20260909_1800 … ✗ swath overlaps bbox but all pixels cloud/land masked (raw_valid_in_bbox=0, ql_dist=None)
  n20 20260909_1810 … ✗ swath overlaps bbox but all pixels cloud/land masked (raw_valid_in_bbox=0, ql_dist=None)
  n20 20260909_1850 … ✗ swath overlaps bbox but all pixels cloud/land masked (raw_valid_in_bbox=0, ql_dist=None)
  n20 20260909_1900 … ✗ swath overlaps bbox but all pixels cloud/land masked (raw_valid_in_bbox=0, ql_dist=None)
  n20 20260909_1910 ✓ (cached)
  n20 20260909_1950 … ✗ swath overlaps bbox but all pixels cloud/land masked (raw_valid_in_bbox=0, ql_dist=None)
  n20 20260909_2000 … ✗ swath overlaps bbox but all pixels cloud/land masked (raw_valid_in_bbox=0, ql_dist=None)
  n20 20260909_2010 … ✗ swath overlaps bbox but all pixels cloud/land masked (raw_valid_in_bbox=0, ql_dist=None)
  n20 20260909_2050 … ✗ swath overlaps bbox but all pixels cloud/land masked (raw_valid_in_bbox=0, ql_dist=None)
  n20 20260909_2100 … ✗ swath overlaps bbox but all pixels cloud/land masked (raw_valid_in_bbox=0, ql_dist=None)
  n20 20260909_2110 … ✗ swath overlaps bbox but all pixels cloud/land masked (raw_valid_in_bbox=0, ql_dist=None)
  n20 20260909_2150 … ✗ swath overlaps bbox but all pixels cloud/land masked (raw_valid_in_bbox=0, ql_dist=None)
  n20 20260909_2200 … ✗ swath overlaps bbox but all pixels cloud/land masked (raw_valid_in_bbox=0, ql_dist=None)
  n20 20260909_2210 … ✗ swath overlaps bbox but all pixels cloud/land masked (raw_valid_in_bbox=0, ql_dist=None)
  n20 20260909_2250 … ✗ swath overlaps bbox but all pixels cloud/land masked (raw_valid_in_bbox=0, ql_dist=None)
  n20 20260909_2300 … ✗ swath overlaps bbox but all pixels cloud/land masked (raw_valid_in_bbox=0, ql_dist=None)
  n20 20260909_2310 … ✗ swath overlaps bbox but all pixels cloud/land masked (raw_valid_in_bbox=0, ql_dist=None)
  n20 20260909_2350 … ✗ swath overlaps bbox but all pixels cloud/land masked (raw_valid_in_bbox=0, ql_dist=None)
  n20 20260910_0000 … ✗ swath overlaps bbox but all pixels cloud/land masked (raw_valid_in_bbox=0, ql_dist=None)
  n20 20260910_0010 … ✗ swath overlaps bbox but all pixels cloud/land masked (raw_valid_in_bbox=0, ql_dist=None)
  n20 20260910_0050 … ✗ swath overlaps bbox but all pixels cloud/land masked (raw_valid_in_bbox=0, ql_dist=None)
  n20 20260910_0100 … ✗ swath overlaps bbox but all pixels cloud/land masked (raw_valid_in_bbox=0, ql_dist=None)
  n20 20260910_0110 … ✗ swath overlaps bbox but all pixels cloud/land masked (raw_valid_in_bbox=0, ql_dist=None)
  n20 20260910_0150 … ✗ swath overlaps bbox but all pixels cloud/land masked (raw_valid_in_bbox=0, ql_dist=None)
  n20 20260910_0200 … ✗ swath overlaps bbox but all pixels cloud/land masked (raw_valid_in_bbox=0, ql_dist=None)
  n20 20260910_0210 … ✗ swath overlaps bbox but all pixels cloud/land masked (raw_valid_in_bbox=0, ql_dist=None)
  n20 20260910_0250 … ✗ swath overlaps bbox but all pixels cloud/land masked (raw_valid_in_bbox=0, ql_dist=None)
  n20 20260910_0300 … ✗ swath overlaps bbox but all pixels cloud/land masked (raw_valid_in_bbox=0, ql_dist=None)
  n20 20260910_0310 … ✗ swath overlaps bbox but all pixels cloud/land masked (raw_valid_in_bbox=0, ql_dist=None)
  n20 20260910_0350 … ✗ swath overlaps bbox but all pixels cloud/land masked (raw_valid_in_bbox=0, ql_dist=None)
  n20 20260910_0400 … ✗ swath overlaps bbox but all pixels cloud/land masked (raw_valid_in_bbox=0, ql_dist=None)
  n20 20260910_0410 … ✗ swath overlaps bbox but all pixels cloud/land masked (raw_valid_in_bbox=0, ql_dist=None)
  n20 20260910_0450 … ✗ swath overlaps bbox but all pixels cloud/land masked (raw_valid_in_bbox=0, ql_dist=None)
  n20 20260910_0500 … ✗ swath overlaps bbox but all pixels cloud/land masked (raw_valid_in_bbox=0, ql_dist=None)
  n20 20260910_0510 … ✗ swath overlaps bbox but all pixels cloud/land masked (raw_valid_in_bbox=0, ql_dist=None)
  n20 20260910_0550 …   → DailySSTData/VIIRS/Passes/ne_fl/viirs_n20_20260910_0550.csv  (8590 pts, 195 lats × 93 lons)
  n20 20260910_0600 … ✗ swath overlaps bbox but all pixels cloud/land masked (raw_valid_in_bbox=0, ql_dist=None)
  n20 20260910_0610 … ✗ swath overlaps bbox but all pixels cloud/land masked (raw_valid_in_bbox=0, ql_dist=None)
  n20 20260910_0650 … ✗ swath overlaps bbox but all pixels cloud/land masked (raw_valid_in_bbox=0, ql_dist=None)
  n20 20260910_0700 … ✗ swath overlaps bbox but all pixels cloud/land masked (raw_valid_in_bbox=0, ql_dist=None)
  n20 20260910_0710 … ✗ swath overlaps bbox but all pixels cloud/land masked (raw_valid_in_bbox=0, ql_dist=None)
  n20 20260910_0750 … ✗ swath overlaps bbox but all pixels cloud/land masked (raw_valid_in_bbox=0, ql_dist=None)
  n20 20260910_0800 … ✗ swath overlaps bbox but all pixels cloud/land masked (raw_valid_in_bbox=0, ql_dist=None)
  n20 20260910_0810 … ✗ swath overlaps bbox but all pixels cloud/land masked (raw_valid_in_bbox=0, ql_dist=None)
  n20 20260910_0850 … ✗ swath overlaps bbox but all pixels cloud/land masked (raw_valid_in_bbox=0, ql_dist=None)
  n21 20260908_0950 … ✗ swath overlaps bbox but all pixels cloud/land masked (raw_valid_in_bbox=0, ql_dist=None)
  n21 20260908_1000 … ✗ swath overlaps bbox but all pixels cloud/land masked (raw_valid_in_bbox=0, ql_dist=None)
  n21 20260908_1010 … ✗ swath overlaps bbox but all pixels cloud/land masked (raw_valid_in_bbox=0, ql_dist=None)
  n21 20260908_1050 … ✗ swath overlaps bbox but all pixels cloud/land masked (raw_valid_in_bbox=0, ql_dist=None)
  n21 20260908_1100 … ✗ swath overlaps bbox but all pixels cloud/land masked (raw_valid_in_bbox=0, ql_dist=None)
  n21 20260908_1110 … ✗ swath overlaps bbox but all pixels cloud/land masked (raw_valid_in_bbox=0, ql_dist=None)
  n21 20260908_1150 … ✗ swath overlaps bbox but all pixels cloud/land masked (raw_valid_in_bbox=0, ql_dist=None)
  n21 20260908_1200 … ✗ swath overlaps bbox but all pixels cloud/land masked (raw_valid_in_bbox=0, ql_dist=None)
  n21 20260908_1210 … ✗ swath overlaps bbox but all pixels cloud/land masked (raw_valid_in_bbox=0, ql_dist=None)
  n21 20260908_1250 … ✗ swath overlaps bbox but all pixels cloud/land masked (raw_valid_in_bbox=0, ql_dist=None)
  n21 20260908_1300 … ✗ swath overlaps bbox but all pixels cloud/land masked (raw_valid_in_bbox=0, ql_dist=None)
  n21 20260908_1310 … ✗ swath overlaps bbox but all pixels cloud/land masked (raw_valid_in_bbox=0, ql_dist=None)
  n21 20260908_1350 … ✗ swath overlaps bbox but all pixels cloud/land masked (raw_valid_in_bbox=0, ql_dist=None)
  n21 20260908_1400 … ✗ swath overlaps bbox but all pixels cloud/land masked (raw_valid_in_bbox=0, ql_dist=None)
  n21 20260908_1410 … ✗ swath overlaps bbox but all pixels cloud/land masked (raw_valid_in_bbox=0, ql_dist=None)
  n21 20260908_1450 … ✗ swath overlaps bbox but all pixels cloud/land masked (raw_valid_in_bbox=0, ql_dist=None)
  n21 20260908_1500 … ✗ swath overlaps bbox but all pixels cloud/land masked (raw_valid_in_bbox=0, ql_dist=None)
  n21 20260908_1510 … ✗ swath overlaps bbox but all pixels cloud/land masked (raw_valid_in_bbox=0, ql_dist=None)
  n21 20260908_1550 … ✗ swath overlaps bbox but all pixels cloud/land masked (raw_valid_in_bbox=0, ql_dist=None)
  n21 20260908_1600 … ✗ swath overlaps bbox but all pixels cloud/land masked (raw_valid_in_bbox=0, ql_dist=None)
  n21 20260908_1610 … ✗ swath overlaps bbox but all pixels cloud/land masked (raw_valid_in_bbox=0, ql_dist=None)
  n21 20260908_1650 … ✗ swath overlaps bbox but all pixels cloud/land masked (raw_valid_in_bbox=0, ql_dist=None)
  n21 20260908_1700 … ✗ swath overlaps bbox but all pixels cloud/land masked (raw_valid_in_bbox=0, ql_dist=None)
  n21 20260908_1710 … ✗ swath overlaps bbox but all pixels cloud/land masked (raw_valid_in_bbox=0, ql_dist=None)
  n21 20260908_1750 … ✗ swath overlaps bbox but all pixels cloud/land masked (raw_valid_in_bbox=0, ql_dist=None)
  n21 20260908_1800 … ✗ swath overlaps bbox but all pixels cloud/land masked (raw_valid_in_bbox=0, ql_dist=None)
  n21 20260908_1810 … ✗ swath overlaps bbox but all pixels cloud/land masked (raw_valid_in_bbox=0, ql_dist=None)
  n21 20260908_1850 … ✗ swath overlaps bbox but all pixels cloud/land masked (raw_valid_in_bbox=0, ql_dist=None)
  n21 20260908_1900 … ✗ swath overlaps bbox but all pixels cloud/land masked (raw_valid_in_bbox=0, ql_dist=None)
  n21 20260908_1910 … ✗ swath overlaps bbox but all pixels cloud/land masked (raw_valid_in_bbox=0, ql_dist=None)
  n21 20260908_1950 … ✗ swath overlaps bbox but all pixels cloud/land masked (raw_valid_in_bbox=0, ql_dist=None)
  n21 20260908_2000 … ✗ swath overlaps bbox but all pixels cloud/land masked (raw_valid_in_bbox=0, ql_dist=None)
  n21 20260908_2010 … ✗ swath overlaps bbox but all pixels cloud/land masked (raw_valid_in_bbox=0, ql_dist=None)
  n21 20260908_2050 … ✗ swath overlaps bbox but all pixels cloud/land masked (raw_valid_in_bbox=0, ql_dist=None)
  n21 20260908_2100 … ✗ swath overlaps bbox but all pixels cloud/land masked (raw_valid_in_bbox=0, ql_dist=None)
  n21 20260908_2110 … ✗ swath overlaps bbox but all pixels cloud/land masked (raw_valid_in_bbox=0, ql_dist=None)
  n21 20260908_2150 … ✗ swath overlaps bbox but all pixels cloud/land masked (raw_valid_in_bbox=0, ql_dist=None)
  n21 20260908_2200 … ✗ swath overlaps bbox but all pixels cloud/land masked (raw_valid_in_bbox=0, ql_dist=None)
  n21 20260908_2210 … ✗ swath overlaps bbox but all pixels cloud/land masked (raw_valid_in_bbox=0, ql_dist=None)
  n21 20260908_2250 … ✗ swath overlaps bbox but all pixels cloud/land masked (raw_valid_in_bbox=0, ql_dist=None)
  n21 20260908_2300 … ✗ swath overlaps bbox but all pixels cloud/land masked (raw_valid_in_bbox=0, ql_dist=None)
  n21 20260908_2310 … ✗ swath overlaps bbox but all pixels cloud/land masked (raw_valid_in_bbox=0, ql_dist=None)
  n21 20260908_2350 … ✗ swath overlaps bbox but all pixels cloud/land masked (raw_valid_in_bbox=0, ql_dist=None)
  n21 20260909_0000 … ✗ swath overlaps bbox but all pixels cloud/land masked (raw_valid_in_bbox=0, ql_dist=None)
  n21 20260909_0010 … ✗ swath overlaps bbox but all pixels cloud/land masked (raw_valid_in_bbox=0, ql_dist=None)
  n21 20260909_0050 … ✗ swath overlaps bbox but all pixels cloud/land masked (raw_valid_in_bbox=0, ql_dist=None)
  n21 20260909_0100 … ✗ swath overlaps bbox but all pixels cloud/land masked (raw_valid_in_bbox=0, ql_dist=None)
  n21 20260909_0110 … ✗ swath overlaps bbox but all pixels cloud/land masked (raw_valid_in_bbox=0, ql_dist=None)
  n21 20260909_0150 … ✗ swath overlaps bbox but all pixels cloud/land masked (raw_valid_in_bbox=0, ql_dist=None)
  n21 20260909_0200 … ✗ swath overlaps bbox but all pixels cloud/land masked (raw_valid_in_bbox=0, ql_dist=None)
  n21 20260909_0210 … ✗ swath overlaps bbox but all pixels cloud/land masked (raw_valid_in_bbox=0, ql_dist=None)
  n21 20260909_0250 … ✗ swath overlaps bbox but all pixels cloud/land masked (raw_valid_in_bbox=0, ql_dist=None)
  n21 20260909_0300 … ✗ swath overlaps bbox but all pixels cloud/land masked (raw_valid_in_bbox=0, ql_dist=None)
  n21 20260909_0310 … ✗ swath overlaps bbox but all pixels cloud/land masked (raw_valid_in_bbox=0, ql_dist=None)
  n21 20260909_0350 … ✗ swath overlaps bbox but all pixels cloud/land masked (raw_valid_in_bbox=0, ql_dist=None)
  n21 20260909_0400 … ✗ swath overlaps bbox but all pixels cloud/land masked (raw_valid_in_bbox=0, ql_dist=None)
  n21 20260909_0410 … ✗ swath overlaps bbox but all pixels cloud/land masked (raw_valid_in_bbox=0, ql_dist=None)
  n21 20260909_0450 … ✗ swath overlaps bbox but all pixels cloud/land masked (raw_valid_in_bbox=0, ql_dist=None)
  n21 20260909_0500 … ✗ swath overlaps bbox but all pixels cloud/land masked (raw_valid_in_bbox=0, ql_dist=None)
  n21 20260909_0510 … ✗ swath overlaps bbox but all pixels cloud/land masked (raw_valid_in_bbox=0, ql_dist=None)
  n21 20260909_0550 … ✗ swath overlaps bbox but all pixels cloud/land masked (raw_valid_in_bbox=0, ql_dist=None)
  n21 20260909_0600 … ✗ swath overlaps bbox but all pixels cloud/land masked (raw_valid_in_bbox=0, ql_dist=None)
  n21 20260909_0610 … ✗ swath overlaps bbox but all pixels cloud/land masked (raw_valid_in_bbox=0, ql_dist=None)
  n21 20260909_0650 … ✗ swath overlaps bbox but all pixels cloud/land masked (raw_valid_in_bbox=0, ql_dist=None)
  n21 20260909_0700 ✓ (cached)
  n21 20260909_0710 … ✗ swath overlaps bbox but all pixels cloud/land masked (raw_valid_in_bbox=0, ql_dist=None)
  n21 20260909_0750 … ✗ swath overlaps bbox but all pixels cloud/land masked (raw_valid_in_bbox=0, ql_dist=None)
  n21 20260909_0800 … ✗ swath overlaps bbox but all pixels cloud/land masked (raw_valid_in_bbox=0, ql_dist=None)
  n21 20260909_0810 … ✗ swath overlaps bbox but all pixels cloud/land masked (raw_valid_in_bbox=0, ql_dist=None)
  n21 20260909_0850 … ✗ swath overlaps bbox but all pixels cloud/land masked (raw_valid_in_bbox=0, ql_dist=None)
  n21 20260909_0900 … ✗ swath overlaps bbox but all pixels cloud/land masked (raw_valid_in_bbox=0, ql_dist=None)
  n21 20260909_0910 … ✗ swath overlaps bbox but all pixels cloud/land masked (raw_valid_in_bbox=0, ql_dist=None)
  n21 20260909_0950 … ✗ swath overlaps bbox but all pixels cloud/land masked (raw_valid_in_bbox=0, ql_dist=None)
  n21 20260909_1000 … ✗ swath overlaps bbox but all pixels cloud/land masked (raw_valid_in_bbox=0, ql_dist=None)
  n21 20260909_1010 … ✗ swath overlaps bbox but all pixels cloud/land masked (raw_valid_in_bbox=0, ql_dist=None)
  n21 20260909_1050 … ✗ swath overlaps bbox but all pixels cloud/land masked (raw_valid_in_bbox=0, ql_dist=None)
  n21 20260909_1100 … ✗ swath overlaps bbox but all pixels cloud/land masked (raw_valid_in_bbox=0, ql_dist=None)
  n21 20260909_1110 … ✗ swath overlaps bbox but all pixels cloud/land masked (raw_valid_in_bbox=0, ql_dist=None)
  n21 20260909_1150 … ✗ swath overlaps bbox but all pixels cloud/land masked (raw_valid_in_bbox=0, ql_dist=None)
  n21 20260909_1200 … ✗ swath overlaps bbox but all pixels cloud/land masked (raw_valid_in_bbox=0, ql_dist=None)
  n21 20260909_1210 … ✗ swath overlaps bbox but all pixels cloud/land masked (raw_valid_in_bbox=0, ql_dist=None)
  n21 20260909_1250 … ✗ swath overlaps bbox but all pixels cloud/land masked (raw_valid_in_bbox=0, ql_dist=None)
  n21 20260909_1300 … ✗ swath overlaps bbox but all pixels cloud/land masked (raw_valid_in_bbox=0, ql_dist=None)
  n21 20260909_1310 … ✗ swath overlaps bbox but all pixels cloud/land masked (raw_valid_in_bbox=0, ql_dist=None)
  n21 20260909_1350 … ✗ swath overlaps bbox but all pixels cloud/land masked (raw_valid_in_bbox=0, ql_dist=None)
  n21 20260909_1400 … ✗ swath overlaps bbox but all pixels cloud/land masked (raw_valid_in_bbox=0, ql_dist=None)
  n21 20260909_1410 … ✗ swath overlaps bbox but all pixels cloud/land masked (raw_valid_in_bbox=0, ql_dist=None)
  n21 20260909_1450 … ✗ swath overlaps bbox but all pixels cloud/land masked (raw_valid_in_bbox=0, ql_dist=None)
  n21 20260909_1500 … ✗ swath overlaps bbox but all pixels cloud/land masked (raw_valid_in_bbox=0, ql_dist=None)
  n21 20260909_1510 … ✗ swath overlaps bbox but all pixels cloud/land masked (raw_valid_in_bbox=0, ql_dist=None)
  n21 20260909_1550 … ✗ swath overlaps bbox but all pixels cloud/land masked (raw_valid_in_bbox=0, ql_dist=None)
  n21 20260909_1600 … ✗ swath overlaps bbox but all pixels cloud/land masked (raw_valid_in_bbox=0, ql_dist=None)
  n21 20260909_1610 … ✗ swath overlaps bbox but all pixels cloud/land masked (raw_valid_in_bbox=0, ql_dist=None)
  n21 20260909_1650 … ✗ swath overlaps bbox but all pixels cloud/land masked (raw_valid_in_bbox=0, ql_dist=None)
  n21 20260909_1700 … ✗ swath overlaps bbox but all pixels cloud/land masked (raw_valid_in_bbox=0, ql_dist=None)
  n21 20260909_1710 … ✗ swath overlaps bbox but all pixels cloud/land masked (raw_valid_in_bbox=0, ql_dist=None)
  n21 20260909_1750 … ✗ swath overlaps bbox but all pixels cloud/land masked (raw_valid_in_bbox=0, ql_dist=None)
  n21 20260909_1800 … ✗ swath overlaps bbox but all pixels cloud/land masked (raw_valid_in_bbox=0, ql_dist=None)
  n21 20260909_1810 ✓ (cached)
  n21 20260909_1850 … ✗ swath overlaps bbox but all pixels cloud/land masked (raw_valid_in_bbox=0, ql_dist=None)
  n21 20260909_1900 … ✗ swath overlaps bbox but all pixels cloud/land masked (raw_valid_in_bbox=0, ql_dist=None)
  n21 20260909_1910 … ✗ swath overlaps bbox but all pixels cloud/land masked (raw_valid_in_bbox=0, ql_dist=None)
  n21 20260909_1950 … ✗ swath overlaps bbox but all pixels cloud/land masked (raw_valid_in_bbox=0, ql_dist=None)
  n21 20260909_2000 … ✗ swath overlaps bbox but all pixels cloud/land masked (raw_valid_in_bbox=0, ql_dist=None)
  n21 20260909_2010 … ✗ swath overlaps bbox but all pixels cloud/land masked (raw_valid_in_bbox=0, ql_dist=None)
  n21 20260909_2050 … ✗ swath overlaps bbox but all pixels cloud/land masked (raw_valid_in_bbox=0, ql_dist=None)
  n21 20260909_2100 … ✗ swath overlaps bbox but all pixels cloud/land masked (raw_valid_in_bbox=0, ql_dist=None)
  n21 20260909_2110 … ✗ swath overlaps bbox but all pixels cloud/land masked (raw_valid_in_bbox=0, ql_dist=None)
  n21 20260909_2150 … ✗ swath overlaps bbox but all pixels cloud/land masked (raw_valid_in_bbox=0, ql_dist=None)
  n21 20260909_2200 … ✗ swath overlaps bbox but all pixels cloud/land masked (raw_valid_in_bbox=0, ql_dist=None)
  n21 20260909_2210 … ✗ swath overlaps bbox but all pixels cloud/land masked (raw_valid_in_bbox=0, ql_dist=None)
  n21 20260909_2250 … ✗ swath overlaps bbox but all pixels cloud/land masked (raw_valid_in_bbox=0, ql_dist=None)
  n21 20260909_2300 … ✗ swath overlaps bbox but all pixels cloud/land masked (raw_valid_in_bbox=0, ql_dist=None)
  n21 20260909_2310 … ✗ swath overlaps bbox but all pixels cloud/land masked (raw_valid_in_bbox=0, ql_dist=None)
  n21 20260909_2350 … ✗ swath overlaps bbox but all pixels cloud/land masked (raw_valid_in_bbox=0, ql_dist=None)
  n21 20260910_0000 … ✗ swath overlaps bbox but all pixels cloud/land masked (raw_valid_in_bbox=0, ql_dist=None)
  n21 20260910_0010 … ✗ swath overlaps bbox but all pixels cloud/land masked (raw_valid_in_bbox=0, ql_dist=None)
  n21 20260910_0050 … ✗ swath overlaps bbox but all pixels cloud/land masked (raw_valid_in_bbox=0, ql_dist=None)
  n21 20260910_0100 … ✗ swath overlaps bbox but all pixels cloud/land masked (raw_valid_in_bbox=0, ql_dist=None)
  n21 20260910_0110 … ✗ swath overlaps bbox but all pixels cloud/land masked (raw_valid_in_bbox=0, ql_dist=None)
  n21 20260910_0150 … ✗ swath overlaps bbox but all pixels cloud/land masked (raw_valid_in_bbox=0, ql_dist=None)
  n21 20260910_0200 … ✗ swath overlaps bbox but all pixels cloud/land masked (raw_valid_in_bbox=0, ql_dist=None)
  n21 20260910_0210 … ✗ swath overlaps bbox but all pixels cloud/land masked (raw_valid_in_bbox=0, ql_dist=None)
  n21 20260910_0250 … ✗ swath overlaps bbox but all pixels cloud/land masked (raw_valid_in_bbox=0, ql_dist=None)
  n21 20260910_0300 … ✗ swath overlaps bbox but all pixels cloud/land masked (raw_valid_in_bbox=0, ql_dist=None)
  n21 20260910_0310 … ✗ swath overlaps bbox but all pixels cloud/land masked (raw_valid_in_bbox=0, ql_dist=None)
  n21 20260910_0350 … ✗ swath overlaps bbox but all pixels cloud/land masked (raw_valid_in_bbox=0, ql_dist=None)
  n21 20260910_0400 … ✗ swath overlaps bbox but all pixels cloud/land masked (raw_valid_in_bbox=0, ql_dist=None)
  n21 20260910_0410 … ✗ swath overlaps bbox but all pixels cloud/land masked (raw_valid_in_bbox=0, ql_dist=None)
  n21 20260910_0450 … ✗ swath overlaps bbox but all pixels cloud/land masked (raw_valid_in_bbox=0, ql_dist=None)
  n21 20260910_0500 … ✗ swath overlaps bbox but all pixels cloud/land masked (raw_valid_in_bbox=0, ql_dist=None)
  n21 20260910_0510 … ✗ swath overlaps bbox but all pixels cloud/land masked (raw_valid_in_bbox=0, ql_dist=None)
  n21 20260910_0550 … ✗ swath overlaps bbox but all pixels cloud/land masked (raw_valid_in_bbox=0, ql_dist=None)
  n21 20260910_0600 … ✗ swath overlaps bbox but all pixels cloud/land masked (raw_valid_in_bbox=0, ql_dist=None)
  n21 20260910_0610 … ✗ swath overlaps bbox but all pixels cloud/land masked (raw_valid_in_bbox=0, ql_dist=None)
  n21 20260910_0650 … ✗ swath overlaps bbox but all pixels cloud/land masked (raw_valid_in_bbox=0, ql_dist=None)
  n21 20260910_0700 … ✗ swath overlaps bbox but all pixels cloud/land masked (raw_valid_in_bbox=0, ql_dist=None)
  n21 20260910_0710 … ✗ swath overlaps bbox but all pixels cloud/land masked (raw_valid_in_bbox=0, ql_dist=None)
  n21 20260910_0750 … ✗ swath overlaps bbox but all pixels cloud/land masked (raw_valid_in_bbox=0, ql_dist=None)
  n21 20260910_0800 … ✗ swath overlaps bbox but all pixels cloud/land masked (raw_valid_in_bbox=0, ql_dist=None)
  n21 20260910_0810 … ✗ swath overlaps bbox but all pixels cloud/land masked (raw_valid_in_bbox=0, ql_dist=None)
  n21 20260910_0850 … ✗ swath overlaps bbox but all pixels cloud/land masked (raw_valid_in_bbox=0, ql_dist=None)

  VIIRS summary: 2 written, 9 cached, 409 miss/cloud, 593 outside windows.

=========================================================
✓ Pipeline complete
=========================================================
========================================
RUNNING REGION: va_ri
========================================
=========================================================
SST PIPELINE
  UTC    : 2026-09-10 10:08:25
  Region : va_ri
  Bbox   : 37.26–41.51°N  -77.46–-68.97°E
  Output : DailySSTData/MUR/va_ri  (and siblings)
=========================================================

── MUR daily composite (last 5 days) ──
  MUR 20260909 (coastwatch.noaa.gov) … ✗ RuntimeError
  MUR 20260909 (coastwatch.pfeg.noaa.gov) … ✗ RuntimeError
  MUR 20260909 (upwell.pfeg.noaa.gov) … ✗ RuntimeError
  ✗ MUR 20260909 — all mirrors failed. Last: upwell.pfeg.noaa.gov: RuntimeError: 404 — no data for this date
  ✓ MUR 20260908 (cached)
  ✓ MUR 20260907 (cached)
  ✓ MUR 20260906 (cached)
  ✓ MUR 20260905 (cached)

── GOES-19 geo-polar blended daily composite ──
  Candidates: 4 (2 hosts × 2 dataset IDs)
  GOES 20260910 [noaa/noaacwBLENDEDsstDLDaily] … ✗ RuntimeError: 404 — no data for this date
  GOES 20260910 [noaa/noaacwBLENDEDsstDaily] … ✗ RuntimeError: 404 — no data for this date
  GOES 20260910 [pfeg/noaacwBLENDEDsstDLDaily] … ✗ RuntimeError: 404 — no data for this date
  GOES 20260910 [pfeg/noaacwBLENDEDsstDaily] … ✗ RuntimeError: 404 — no data for this date
  GOES 20260909 [noaa/noaacwBLENDEDsstDLDaily] … ✗ RuntimeError: 404 — no data for this date
  GOES 20260909 [noaa/noaacwBLENDEDsstDaily] … ✗ RuntimeError: 404 — no data for this date
  GOES 20260909 [pfeg/noaacwBLENDEDsstDLDaily] … ✗ RuntimeError: 404 — no data for this date
  GOES 20260909 [pfeg/noaacwBLENDEDsstDaily] … ✗ RuntimeError: 404 — no data for this date
  ✓ GOES composite 20260908 (cached)

── VIIRS multi-pass (last 48h — NPP/N20/N21) ──
  ✓ VIIRS NRT base: https://www.star.nesdis.noaa.gov/pub/socd2/coastwatch/sst/nrt/viirs
  Hourly windows : 48
  Window range   : 2026-09-08 10:50Z → 2026-09-10 10:10Z
  Half-width     : ±10 min per bucket
  npp 20260908_1050 … ✗ swath overlaps bbox but all pixels cloud/land masked (raw_valid_in_bbox=0, ql_dist=None)
  npp 20260908_1100 … ✗ swath overlaps bbox but all pixels cloud/land masked (raw_valid_in_bbox=0, ql_dist=None)
  npp 20260908_1110 … ✗ swath overlaps bbox but all pixels cloud/land masked (raw_valid_in_bbox=0, ql_dist=None)
  npp 20260908_1150 … ✗ swath overlaps bbox but all pixels cloud/land masked (raw_valid_in_bbox=0, ql_dist=None)
  npp 20260908_1200 … ✗ swath overlaps bbox but all pixels cloud/land masked (raw_valid_in_bbox=0, ql_dist=None)
  npp 20260908_1210 … ✗ swath overlaps bbox but all pixels cloud/land masked (raw_valid_in_bbox=0, ql_dist=None)
  npp 20260908_1250 … ✗ swath overlaps bbox but all pixels cloud/land masked (raw_valid_in_bbox=0, ql_dist=None)
  npp 20260908_1300 … ✗ swath overlaps bbox but all pixels cloud/land masked (raw_valid_in_bbox=0, ql_dist=None)
  npp 20260908_1310 … ✗ swath overlaps bbox but all pixels cloud/land masked (raw_valid_in_bbox=0, ql_dist=None)
  npp 20260908_1350 … ✗ swath overlaps bbox but all pixels cloud/land masked (raw_valid_in_bbox=0, ql_dist=None)
  npp 20260908_1400 … ✗ swath overlaps bbox but all pixels cloud/land masked (raw_valid_in_bbox=0, ql_dist=None)
  npp 20260908_1410 … ✗ swath overlaps bbox but all pixels cloud/land masked (raw_valid_in_bbox=0, ql_dist=None)
  npp 20260908_1450 … ✗ swath overlaps bbox but all pixels cloud/land masked (raw_valid_in_bbox=0, ql_dist=None)
  npp 20260908_1500 … ✗ swath overlaps bbox but all pixels cloud/land masked (raw_valid_in_bbox=0, ql_dist=None)
  npp 20260908_1510 … ✗ swath overlaps bbox but all pixels cloud/land masked (raw_valid_in_bbox=0, ql_dist=None)
  npp 20260908_1550 … ✗ swath overlaps bbox but all pixels cloud/land masked (raw_valid_in_bbox=0, ql_dist=None)
  npp 20260908_1600 … ✗ swath overlaps bbox but all pixels cloud/land masked (raw_valid_in_bbox=0, ql_dist=None)
  npp 20260908_1610 … ✗ swath overlaps bbox but all pixels cloud/land masked (raw_valid_in_bbox=0, ql_dist=None)
  npp 20260908_1650 … ✗ swath overlaps bbox but all pixels cloud/land masked (raw_valid_in_bbox=0, ql_dist=None)
  npp 20260908_1700 … ✗ swath overlaps bbox but all pixels cloud/land masked (raw_valid_in_bbox=0, ql_dist=None)
  npp 20260908_1710 … ✗ swath overlaps bbox but all pixels cloud/land masked (raw_valid_in_bbox=0, ql_dist=None)
  npp 20260908_1750 … ✗ swath overlaps bbox but all pixels cloud/land masked (raw_valid_in_bbox=0, ql_dist=None)
  npp 20260908_1800 … ✗ swath overlaps bbox but all pixels cloud/land masked (raw_valid_in_bbox=0, ql_dist=None)
  npp 20260908_1810 … ✗ swath overlaps bbox but all pixels cloud/land masked (raw_valid_in_bbox=0, ql_dist=None)
  npp 20260908_1850 … ✗ swath overlaps bbox but all pixels cloud/land masked (raw_valid_in_bbox=0, ql_dist=None)
  npp 20260908_1900 … ✗ swath overlaps bbox but all pixels cloud/land masked (raw_valid_in_bbox=0, ql_dist=None)
  npp 20260908_1910 ✓ (cached)
  npp 20260908_1950 … ✗ swath overlaps bbox but all pixels cloud/land masked (raw_valid_in_bbox=0, ql_dist=None)
  npp 20260908_2000 … ✗ swath overlaps bbox but all pixels cloud/land masked (raw_valid_in_bbox=0, ql_dist=None)
  npp 20260908_2010 … ✗ swath overlaps bbox but all pixels cloud/land masked (raw_valid_in_bbox=0, ql_dist=None)
  npp 20260908_2050 … ✗ swath overlaps bbox but all pixels cloud/land masked (raw_valid_in_bbox=0, ql_dist=None)
  npp 20260908_2100 … ✗ swath overlaps bbox but all pixels cloud/land masked (raw_valid_in_bbox=0, ql_dist=None)
  npp 20260908_2110 … ✗ swath overlaps bbox but all pixels cloud/land masked (raw_valid_in_bbox=0, ql_dist=None)
  npp 20260908_2150 … ✗ swath overlaps bbox but all pixels cloud/land masked (raw_valid_in_bbox=0, ql_dist=None)
  npp 20260908_2200 … ✗ swath overlaps bbox but all pixels cloud/land masked (raw_valid_in_bbox=0, ql_dist=None)
  npp 20260908_2210 … ✗ swath overlaps bbox but all pixels cloud/land masked (raw_valid_in_bbox=0, ql_dist=None)
  npp 20260908_2250 … ✗ swath overlaps bbox but all pixels cloud/land masked (raw_valid_in_bbox=0, ql_dist=None)
  npp 20260908_2300 … ✗ swath overlaps bbox but all pixels cloud/land masked (raw_valid_in_bbox=0, ql_dist=None)
  npp 20260908_2310 … ✗ swath overlaps bbox but all pixels cloud/land masked (raw_valid_in_bbox=0, ql_dist=None)
  npp 20260908_2350 … ✗ swath overlaps bbox but all pixels cloud/land masked (raw_valid_in_bbox=0, ql_dist=None)
  npp 20260909_0000 … ✗ swath overlaps bbox but all pixels cloud/land masked (raw_valid_in_bbox=0, ql_dist=None)
  npp 20260909_0010 … ✗ swath overlaps bbox but all pixels cloud/land masked (raw_valid_in_bbox=0, ql_dist=None)
  npp 20260909_0050 … ✗ swath overlaps bbox but all pixels cloud/land masked (raw_valid_in_bbox=0, ql_dist=None)
  npp 20260909_0100 … ✗ swath overlaps bbox but all pixels cloud/land masked (raw_valid_in_bbox=0, ql_dist=None)
  npp 20260909_0110 … ✗ swath overlaps bbox but all pixels cloud/land masked (raw_valid_in_bbox=0, ql_dist=None)
  npp 20260909_0150 … ✗ swath overlaps bbox but all pixels cloud/land masked (raw_valid_in_bbox=0, ql_dist=None)
  npp 20260909_0200 … ✗ swath overlaps bbox but all pixels cloud/land masked (raw_valid_in_bbox=0, ql_dist=None)
  npp 20260909_0210 … ✗ swath overlaps bbox but all pixels cloud/land masked (raw_valid_in_bbox=0, ql_dist=None)
  npp 20260909_0250 … ✗ swath overlaps bbox but all pixels cloud/land masked (raw_valid_in_bbox=0, ql_dist=None)
  npp 20260909_0300 … ✗ swath overlaps bbox but all pixels cloud/land masked (raw_valid_in_bbox=0, ql_dist=None)
  npp 20260909_0310 … ✗ swath overlaps bbox but all pixels cloud/land masked (raw_valid_in_bbox=0, ql_dist=None)
  npp 20260909_0350 … ✗ swath overlaps bbox but all pixels cloud/land masked (raw_valid_in_bbox=0, ql_dist=None)
  npp 20260909_0400 … ✗ swath overlaps bbox but all pixels cloud/land masked (raw_valid_in_bbox=0, ql_dist=None)
  npp 20260909_0410 … ✗ swath overlaps bbox but all pixels cloud/land masked (raw_valid_in_bbox=0, ql_dist=None)
  npp 20260909_0450 … ✗ swath overlaps bbox but all pixels cloud/land masked (raw_valid_in_bbox=0, ql_dist=None)
  npp 20260909_0500 … ✗ swath overlaps bbox but all pixels cloud/land masked (raw_valid_in_bbox=0, ql_dist=None)
  npp 20260909_0510 … ✗ swath overlaps bbox but all pixels cloud/land masked (raw_valid_in_bbox=0, ql_dist=None)
  npp 20260909_0550 ✓ (cached)
  npp 20260909_0600 … ✗ swath overlaps bbox but all pixels cloud/land masked (raw_valid_in_bbox=0, ql_dist=None)
  npp 20260909_0610 … ✗ swath overlaps bbox but all pixels cloud/land masked (raw_valid_in_bbox=0, ql_dist=None)
  npp 20260909_0650 … ✗ swath overlaps bbox but all pixels cloud/land masked (raw_valid_in_bbox=0, ql_dist=None)
  npp 20260909_0700 … ✗ swath overlaps bbox but all pixels cloud/land masked (raw_valid_in_bbox=0, ql_dist=None)
  npp 20260909_0710 … ✗ swath overlaps bbox but all pixels cloud/land masked (raw_valid_in_bbox=0, ql_dist=None)
  npp 20260909_0750 … ✗ swath overlaps bbox but all pixels cloud/land masked (raw_valid_in_bbox=0, ql_dist=None)
  npp 20260909_0800 … ✗ swath overlaps bbox but all pixels cloud/land masked (raw_valid_in_bbox=0, ql_dist=None)
  npp 20260909_0810 … ✗ swath overlaps bbox but all pixels cloud/land masked (raw_valid_in_bbox=0, ql_dist=None)
  npp 20260909_0850 … ✗ swath overlaps bbox but all pixels cloud/land masked (raw_valid_in_bbox=0, ql_dist=None)
  npp 20260909_0900 … ✗ swath overlaps bbox but all pixels cloud/land masked (raw_valid_in_bbox=0, ql_dist=None)
  npp 20260909_0910 … ✗ swath overlaps bbox but all pixels cloud/land masked (raw_valid_in_bbox=0, ql_dist=None)
  npp 20260909_0950 … ✗ swath overlaps bbox but all pixels cloud/land masked (raw_valid_in_bbox=0, ql_dist=None)
  npp 20260909_1000 … ✗ swath overlaps bbox but all pixels cloud/land masked (raw_valid_in_bbox=0, ql_dist=None)
  npp 20260909_1010 … ✗ swath overlaps bbox but all pixels cloud/land masked (raw_valid_in_bbox=0, ql_dist=None)
  npp 20260909_1050 … ✗ swath overlaps bbox but all pixels cloud/land masked (raw_valid_in_bbox=0, ql_dist=None)
  npp 20260909_1100 … ✗ swath overlaps bbox but all pixels cloud/land masked (raw_valid_in_bbox=0, ql_dist=None)
  npp 20260909_1110 … ✗ swath overlaps bbox but all pixels cloud/land masked (raw_valid_in_bbox=0, ql_dist=None)
  npp 20260909_1150 … ✗ swath overlaps bbox but all pixels cloud/land masked (raw_valid_in_bbox=0, ql_dist=None)
  npp 20260909_1200 … ✗ swath overlaps bbox but all pixels cloud/land masked (raw_valid_in_bbox=0, ql_dist=None)
  npp 20260909_1210 … ✗ swath overlaps bbox but all pixels cloud/land masked (raw_valid_in_bbox=0, ql_dist=None)
  npp 20260909_1250 … ✗ swath overlaps bbox but all pixels cloud/land masked (raw_valid_in_bbox=0, ql_dist=None)
  npp 20260909_1300 … ✗ swath overlaps bbox but all pixels cloud/land masked (raw_valid_in_bbox=0, ql_dist=None)
  npp 20260909_1310 … ✗ swath overlaps bbox but all pixels cloud/land masked (raw_valid_in_bbox=0, ql_dist=None)
  npp 20260909_1350 … ✗ swath overlaps bbox but all pixels cloud/land masked (raw_valid_in_bbox=0, ql_dist=None)
  npp 20260909_1400 … ✗ swath overlaps bbox but all pixels cloud/land masked (raw_valid_in_bbox=0, ql_dist=None)
  npp 20260909_1410 … ✗ swath overlaps bbox but all pixels cloud/land masked (raw_valid_in_bbox=0, ql_dist=None)
  npp 20260909_1450 … ✗ swath overlaps bbox but all pixels cloud/land masked (raw_valid_in_bbox=0, ql_dist=None)
  npp 20260909_1500 … ✗ swath overlaps bbox but all pixels cloud/land masked (raw_valid_in_bbox=0, ql_dist=None)
  npp 20260909_1510 … ✗ swath overlaps bbox but all pixels cloud/land masked (raw_valid_in_bbox=0, ql_dist=None)
  npp 20260909_1550 … ✗ swath overlaps bbox but all pixels cloud/land masked (raw_valid_in_bbox=0, ql_dist=None)
  npp 20260909_1600 … ✗ swath overlaps bbox but all pixels cloud/land masked (raw_valid_in_bbox=0, ql_dist=None)
  npp 20260909_1610 … ✗ swath overlaps bbox but all pixels cloud/land masked (raw_valid_in_bbox=0, ql_dist=None)
  npp 20260909_1650 … ✗ swath overlaps bbox but all pixels cloud/land masked (raw_valid_in_bbox=0, ql_dist=None)
  npp 20260909_1700 … ✗ swath overlaps bbox but all pixels cloud/land masked (raw_valid_in_bbox=0, ql_dist=None)
  npp 20260909_1710 ✓ (cached)
  npp 20260909_1750 … ✗ swath overlaps bbox but all pixels cloud/land masked (raw_valid_in_bbox=0, ql_dist=None)
  npp 20260909_1800 … ✗ swath overlaps bbox but all pixels cloud/land masked (raw_valid_in_bbox=0, ql_dist=None)
  npp 20260909_1810 … ✗ swath overlaps bbox but all pixels cloud/land masked (raw_valid_in_bbox=0, ql_dist=None)
  npp 20260909_1850 ✓ (cached)
  npp 20260909_1900 … ✗ swath overlaps bbox but all pixels cloud/land masked (raw_valid_in_bbox=0, ql_dist=None)
  npp 20260909_1910 … ✗ swath overlaps bbox but all pixels cloud/land masked (raw_valid_in_bbox=0, ql_dist=None)
  npp 20260909_1950 … ✗ swath overlaps bbox but all pixels cloud/land masked (raw_valid_in_bbox=0, ql_dist=None)
  npp 20260909_2000 … ✗ swath overlaps bbox but all pixels cloud/land masked (raw_valid_in_bbox=0, ql_dist=None)
  npp 20260909_2010 … ✗ swath overlaps bbox but all pixels cloud/land masked (raw_valid_in_bbox=0, ql_dist=None)
  npp 20260909_2050 … ✗ swath overlaps bbox but all pixels cloud/land masked (raw_valid_in_bbox=0, ql_dist=None)
  npp 20260909_2100 … ✗ swath overlaps bbox but all pixels cloud/land masked (raw_valid_in_bbox=0, ql_dist=None)
  npp 20260909_2110 … ✗ swath overlaps bbox but all pixels cloud/land masked (raw_valid_in_bbox=0, ql_dist=None)
  npp 20260909_2150 … ✗ swath overlaps bbox but all pixels cloud/land masked (raw_valid_in_bbox=0, ql_dist=None)
  npp 20260909_2200 … ✗ swath overlaps bbox but all pixels cloud/land masked (raw_valid_in_bbox=0, ql_dist=None)
  npp 20260909_2210 … ✗ swath overlaps bbox but all pixels cloud/land masked (raw_valid_in_bbox=0, ql_dist=None)
  npp 20260910_0010 … ✗ swath overlaps bbox but all pixels cloud/land masked (raw_valid_in_bbox=0, ql_dist=None)
  npp 20260910_0050 … ✗ swath overlaps bbox but all pixels cloud/land masked (raw_valid_in_bbox=0, ql_dist=None)
  npp 20260910_0100 … ✗ swath overlaps bbox but all pixels cloud/land masked (raw_valid_in_bbox=0, ql_dist=None)
  npp 20260910_0110 … ✗ swath overlaps bbox but all pixels cloud/land masked (raw_valid_in_bbox=0, ql_dist=None)
  npp 20260910_0150 … ✗ swath overlaps bbox but all pixels cloud/land masked (raw_valid_in_bbox=0, ql_dist=None)
  npp 20260910_0200 … ✗ swath overlaps bbox but all pixels cloud/land masked (raw_valid_in_bbox=0, ql_dist=None)
  npp 20260910_0210 … ✗ swath overlaps bbox but all pixels cloud/land masked (raw_valid_in_bbox=0, ql_dist=None)
  npp 20260910_0250 … ✗ swath overlaps bbox but all pixels cloud/land masked (raw_valid_in_bbox=0, ql_dist=None)
  npp 20260910_0300 … ✗ swath overlaps bbox but all pixels cloud/land masked (raw_valid_in_bbox=0, ql_dist=None)
  npp 20260910_0310 … ✗ swath overlaps bbox but all pixels cloud/land masked (raw_valid_in_bbox=0, ql_dist=None)
  npp 20260910_0350 … ✗ swath overlaps bbox but all pixels cloud/land masked (raw_valid_in_bbox=0, ql_dist=None)
  npp 20260910_0400 … ✗ swath overlaps bbox but all pixels cloud/land masked (raw_valid_in_bbox=0, ql_dist=None)
  npp 20260910_0410 … ✗ swath overlaps bbox but all pixels cloud/land masked (raw_valid_in_bbox=0, ql_dist=None)
  npp 20260910_0450 … ✗ swath overlaps bbox but all pixels cloud/land masked (raw_valid_in_bbox=0, ql_dist=None)
  npp 20260910_0500 … ✗ swath overlaps bbox but all pixels cloud/land masked (raw_valid_in_bbox=0, ql_dist=None)
  npp 20260910_0510 … ✗ swath overlaps bbox but all pixels cloud/land masked (raw_valid_in_bbox=0, ql_dist=None)
  npp 20260910_0550 … ✗ swath overlaps bbox but all pixels cloud/land masked (raw_valid_in_bbox=0, ql_dist=None)
  npp 20260910_0600 … ✗ swath overlaps bbox but all pixels cloud/land masked (raw_valid_in_bbox=0, ql_dist=None)
  npp 20260910_0610 … ✗ swath overlaps bbox but all pixels cloud/land masked (raw_valid_in_bbox=0, ql_dist=None)
  npp 20260910_0650 … ✗ swath overlaps bbox but all pixels cloud/land masked (raw_valid_in_bbox=0, ql_dist=None)
  npp 20260910_0700 … ✗ swath overlaps bbox but all pixels cloud/land masked (raw_valid_in_bbox=0, ql_dist=None)
  npp 20260910_0710 …   → DailySSTData/VIIRS/Passes/va_ri/viirs_npp_20260910_0710.csv  (29052 pts, 204 lats × 419 lons)
  npp 20260910_0750 … ✗ swath overlaps bbox but all pixels cloud/land masked (raw_valid_in_bbox=0, ql_dist=None)
  npp 20260910_0800 … ✗ swath overlaps bbox but all pixels cloud/land masked (raw_valid_in_bbox=0, ql_dist=None)
  npp 20260910_0810 … ✗ swath overlaps bbox but all pixels cloud/land masked (raw_valid_in_bbox=0, ql_dist=None)
  n20 20260908_1050 … ✗ swath overlaps bbox but all pixels cloud/land masked (raw_valid_in_bbox=0, ql_dist=None)
  n20 20260908_1100 … ✗ swath overlaps bbox but all pixels cloud/land masked (raw_valid_in_bbox=0, ql_dist=None)
  n20 20260908_1110 … ✗ swath overlaps bbox but all pixels cloud/land masked (raw_valid_in_bbox=0, ql_dist=None)
  n20 20260908_1150 … ✗ swath overlaps bbox but all pixels cloud/land masked (raw_valid_in_bbox=0, ql_dist=None)
  n20 20260908_1200 … ✗ swath overlaps bbox but all pixels cloud/land masked (raw_valid_in_bbox=0, ql_dist=None)
  n20 20260908_1210 … ✗ swath overlaps bbox but all pixels cloud/land masked (raw_valid_in_bbox=0, ql_dist=None)
  n20 20260908_1250 … ✗ swath overlaps bbox but all pixels cloud/land masked (raw_valid_in_bbox=0, ql_dist=None)
  n20 20260908_1300 … ✗ swath overlaps bbox but all pixels cloud/land masked (raw_valid_in_bbox=0, ql_dist=None)
  n20 20260908_1310 … ✗ swath overlaps bbox but all pixels cloud/land masked (raw_valid_in_bbox=0, ql_dist=None)
  n20 20260908_1350 … ✗ swath overlaps bbox but all pixels cloud/land masked (raw_valid_in_bbox=0, ql_dist=None)
  n20 20260908_1400 … ✗ swath overlaps bbox but all pixels cloud/land masked (raw_valid_in_bbox=0, ql_dist=None)
  n20 20260908_1410 … ✗ swath overlaps bbox but all pixels cloud/land masked (raw_valid_in_bbox=0, ql_dist=None)
  n20 20260908_1450 … ✗ swath overlaps bbox but all pixels cloud/land masked (raw_valid_in_bbox=0, ql_dist=None)
  n20 20260908_1500 … ✗ swath overlaps bbox but all pixels cloud/land masked (raw_valid_in_bbox=0, ql_dist=None)
  n20 20260908_1510 … ✗ swath overlaps bbox but all pixels cloud/land masked (raw_valid_in_bbox=0, ql_dist=None)
  n20 20260908_1550 … ✗ swath overlaps bbox but all pixels cloud/land masked (raw_valid_in_bbox=0, ql_dist=None)
  n20 20260908_1600 … ✗ swath overlaps bbox but all pixels cloud/land masked (raw_valid_in_bbox=0, ql_dist=None)
  n20 20260908_1610 … ✗ swath overlaps bbox but all pixels cloud/land masked (raw_valid_in_bbox=0, ql_dist=None)
  n20 20260908_1650 … ✗ swath overlaps bbox but all pixels cloud/land masked (raw_valid_in_bbox=0, ql_dist=None)
  n20 20260908_1700 … ✗ swath overlaps bbox but all pixels cloud/land masked (raw_valid_in_bbox=0, ql_dist=None)
  n20 20260908_1710 … ✗ swath overlaps bbox but all pixels cloud/land masked (raw_valid_in_bbox=0, ql_dist=None)
  n20 20260908_1750 ✓ (cached)
  n20 20260908_1800 … ✗ swath overlaps bbox but all pixels cloud/land masked (raw_valid_in_bbox=0, ql_dist=None)
  n20 20260908_1810 … ✗ swath overlaps bbox but all pixels cloud/land masked (raw_valid_in_bbox=0, ql_dist=None)
  n20 20260908_1850 … ✗ swath overlaps bbox but all pixels cloud/land masked (raw_valid_in_bbox=0, ql_dist=None)
  n20 20260908_1900 … ✗ swath overlaps bbox but all pixels cloud/land masked (raw_valid_in_bbox=0, ql_dist=None)
  n20 20260908_1910 … ✗ swath overlaps bbox but all pixels cloud/land masked (raw_valid_in_bbox=0, ql_dist=None)
  n20 20260908_1950 … ✗ swath overlaps bbox but all pixels cloud/land masked (raw_valid_in_bbox=0, ql_dist=None)
  n20 20260908_2000 … ✗ swath overlaps bbox but all pixels cloud/land masked (raw_valid_in_bbox=0, ql_dist=None)
  n20 20260908_2010 … ✗ swath overlaps bbox but all pixels cloud/land masked (raw_valid_in_bbox=0, ql_dist=None)
  n20 20260908_2050 … ✗ swath overlaps bbox but all pixels cloud/land masked (raw_valid_in_bbox=0, ql_dist=None)
  n20 20260908_2100 … ✗ swath overlaps bbox but all pixels cloud/land masked (raw_valid_in_bbox=0, ql_dist=None)
  n20 20260908_2110 … ✗ swath overlaps bbox but all pixels cloud/land masked (raw_valid_in_bbox=0, ql_dist=None)
  n20 20260908_2150 … ✗ swath overlaps bbox but all pixels cloud/land masked (raw_valid_in_bbox=0, ql_dist=None)
  n20 20260908_2200 … ✗ swath overlaps bbox but all pixels cloud/land masked (raw_valid_in_bbox=0, ql_dist=None)
  n20 20260908_2210 … ✗ swath overlaps bbox but all pixels cloud/land masked (raw_valid_in_bbox=0, ql_dist=None)
  n20 20260908_2250 … ✗ swath overlaps bbox but all pixels cloud/land masked (raw_valid_in_bbox=0, ql_dist=None)
  n20 20260908_2300 … ✗ swath overlaps bbox but all pixels cloud/land masked (raw_valid_in_bbox=0, ql_dist=None)
  n20 20260908_2310 … ✗ swath overlaps bbox but all pixels cloud/land masked (raw_valid_in_bbox=0, ql_dist=None)
  n20 20260908_2350 … ✗ swath overlaps bbox but all pixels cloud/land masked (raw_valid_in_bbox=0, ql_dist=None)
  n20 20260909_0000 … ✗ swath overlaps bbox but all pixels cloud/land masked (raw_valid_in_bbox=0, ql_dist=None)
  n20 20260909_0010 … ✗ swath overlaps bbox but all pixels cloud/land masked (raw_valid_in_bbox=0, ql_dist=None)
  n20 20260909_0050 … ✗ swath overlaps bbox but all pixels cloud/land masked (raw_valid_in_bbox=0, ql_dist=None)
  n20 20260909_0100 … ✗ swath overlaps bbox but all pixels cloud/land masked (raw_valid_in_bbox=0, ql_dist=None)
  n20 20260909_0110 … ✗ swath overlaps bbox but all pixels cloud/land masked (raw_valid_in_bbox=0, ql_dist=None)
  n20 20260909_0150 … ✗ swath overlaps bbox but all pixels cloud/land masked (raw_valid_in_bbox=0, ql_dist=None)
  n20 20260909_0200 … ✗ swath overlaps bbox but all pixels cloud/land masked (raw_valid_in_bbox=0, ql_dist=None)
  n20 20260909_0210 … ✗ swath overlaps bbox but all pixels cloud/land masked (raw_valid_in_bbox=0, ql_dist=None)
  n20 20260909_0250 … ✗ swath overlaps bbox but all pixels cloud/land masked (raw_valid_in_bbox=0, ql_dist=None)
  n20 20260909_0300 … ✗ swath overlaps bbox but all pixels cloud/land masked (raw_valid_in_bbox=0, ql_dist=None)
  n20 20260909_0310 … ✗ swath overlaps bbox but all pixels cloud/land masked (raw_valid_in_bbox=0, ql_dist=None)
  n20 20260909_0350 … ✗ swath overlaps bbox but all pixels cloud/land masked (raw_valid_in_bbox=0, ql_dist=None)
  n20 20260909_0400 … ✗ swath overlaps bbox but all pixels cloud/land masked (raw_valid_in_bbox=0, ql_dist=None)
  n20 20260909_0410 … ✗ swath overlaps bbox but all pixels cloud/land masked (raw_valid_in_bbox=0, ql_dist=None)
  n20 20260909_0450 … ✗ swath overlaps bbox but all pixels cloud/land masked (raw_valid_in_bbox=0, ql_dist=None)
  n20 20260909_0500 … ✗ swath overlaps bbox but all pixels cloud/land masked (raw_valid_in_bbox=0, ql_dist=None)
  n20 20260909_0510 … ✗ swath overlaps bbox but all pixels cloud/land masked (raw_valid_in_bbox=0, ql_dist=None)
  n20 20260909_0550 … ✗ swath overlaps bbox but all pixels cloud/land masked (raw_valid_in_bbox=0, ql_dist=None)
  n20 20260909_0600 … ✗ swath overlaps bbox but all pixels cloud/land masked (raw_valid_in_bbox=0, ql_dist=None)
  n20 20260909_0610 ✓ (cached)
  n20 20260909_0650 … ✗ swath overlaps bbox but all pixels cloud/land masked (raw_valid_in_bbox=0, ql_dist=None)
  n20 20260909_0700 … ✗ swath overlaps bbox but all pixels cloud/land masked (raw_valid_in_bbox=0, ql_dist=None)
  n20 20260909_0710 … ✗ swath overlaps bbox but all pixels cloud/land masked (raw_valid_in_bbox=0, ql_dist=None)
  n20 20260909_0750 ✓ (cached)
  n20 20260909_0800 … ✗ swath overlaps bbox but all pixels cloud/land masked (raw_valid_in_bbox=0, ql_dist=None)
  n20 20260909_0810 … ✗ swath overlaps bbox but all pixels cloud/land masked (raw_valid_in_bbox=0, ql_dist=None)
  n20 20260909_0850 … ✗ swath overlaps bbox but all pixels cloud/land masked (raw_valid_in_bbox=0, ql_dist=None)
  n20 20260909_0900 … ✗ swath overlaps bbox but all pixels cloud/land masked (raw_valid_in_bbox=0, ql_dist=None)
  n20 20260909_0910 … ✗ swath overlaps bbox but all pixels cloud/land masked (raw_valid_in_bbox=0, ql_dist=None)
  n20 20260909_0950 … ✗ swath overlaps bbox but all pixels cloud/land masked (raw_valid_in_bbox=0, ql_dist=None)
  n20 20260909_1000 … ✗ swath overlaps bbox but all pixels cloud/land masked (raw_valid_in_bbox=0, ql_dist=None)
  n20 20260909_1010 … ✗ swath overlaps bbox but all pixels cloud/land masked (raw_valid_in_bbox=0, ql_dist=None)
  n20 20260909_1050 … ✗ swath overlaps bbox but all pixels cloud/land masked (raw_valid_in_bbox=0, ql_dist=None)
  n20 20260909_1100 … ✗ swath overlaps bbox but all pixels cloud/land masked (raw_valid_in_bbox=0, ql_dist=None)
  n20 20260909_1110 … ✗ swath overlaps bbox but all pixels cloud/land masked (raw_valid_in_bbox=0, ql_dist=None)
  n20 20260909_1150 … ✗ swath overlaps bbox but all pixels cloud/land masked (raw_valid_in_bbox=0, ql_dist=None)
  n20 20260909_1200 … ✗ swath overlaps bbox but all pixels cloud/land masked (raw_valid_in_bbox=0, ql_dist=None)
  n20 20260909_1210 … ✗ swath overlaps bbox but all pixels cloud/land masked (raw_valid_in_bbox=0, ql_dist=None)
  n20 20260909_1250 … ✗ swath overlaps bbox but all pixels cloud/land masked (raw_valid_in_bbox=0, ql_dist=None)
  n20 20260909_1300 … ✗ swath overlaps bbox but all pixels cloud/land masked (raw_valid_in_bbox=0, ql_dist=None)
  n20 20260909_1310 … ✗ swath overlaps bbox but all pixels cloud/land masked (raw_valid_in_bbox=0, ql_dist=None)
  n20 20260909_1350 … ✗ swath overlaps bbox but all pixels cloud/land masked (raw_valid_in_bbox=0, ql_dist=None)
  n20 20260909_1400 … ✗ swath overlaps bbox but all pixels cloud/land masked (raw_valid_in_bbox=0, ql_dist=None)
  n20 20260909_1410 … ✗ swath overlaps bbox but all pixels cloud/land masked (raw_valid_in_bbox=0, ql_dist=None)
  n20 20260909_1450 … ✗ swath overlaps bbox but all pixels cloud/land masked (raw_valid_in_bbox=0, ql_dist=None)
  n20 20260909_1500 … ✗ swath overlaps bbox but all pixels cloud/land masked (raw_valid_in_bbox=0, ql_dist=None)
  n20 20260909_1510 … ✗ swath overlaps bbox but all pixels cloud/land masked (raw_valid_in_bbox=0, ql_dist=None)
  n20 20260909_1550 … ✗ swath overlaps bbox but all pixels cloud/land masked (raw_valid_in_bbox=0, ql_dist=None)
  n20 20260909_1600 … ✗ swath overlaps bbox but all pixels cloud/land masked (raw_valid_in_bbox=0, ql_dist=None)
  n20 20260909_1610 … ✗ swath overlaps bbox but all pixels cloud/land masked (raw_valid_in_bbox=0, ql_dist=None)
  n20 20260909_1650 … ✗ swath overlaps bbox but all pixels cloud/land masked (raw_valid_in_bbox=0, ql_dist=None)
  n20 20260909_1700 … ✗ swath overlaps bbox but all pixels cloud/land masked (raw_valid_in_bbox=0, ql_dist=None)
  n20 20260909_1710 … ✗ swath overlaps bbox but all pixels cloud/land masked (raw_valid_in_bbox=0, ql_dist=None)
  n20 20260909_1750 … ✗ swath overlaps bbox but all pixels cloud/land masked (raw_valid_in_bbox=0, ql_dist=None)
  n20 20260909_1800 … ✗ swath overlaps bbox but all pixels cloud/land masked (raw_valid_in_bbox=0, ql_dist=None)
  n20 20260909_1810 … ✗ swath overlaps bbox but all pixels cloud/land masked (raw_valid_in_bbox=0, ql_dist=None)
  n20 20260909_1850 … ✗ swath overlaps bbox but all pixels cloud/land masked (raw_valid_in_bbox=0, ql_dist=None)
  n20 20260909_1900 … ✗ swath overlaps bbox but all pixels cloud/land masked (raw_valid_in_bbox=0, ql_dist=None)
  n20 20260909_1910 ✓ (cached)
  n20 20260909_1950 … ✗ swath overlaps bbox but all pixels cloud/land masked (raw_valid_in_bbox=0, ql_dist=None)
  n20 20260909_2000 … ✗ swath overlaps bbox but all pixels cloud/land masked (raw_valid_in_bbox=0, ql_dist=None)
  n20 20260909_2010 … ✗ swath overlaps bbox but all pixels cloud/land masked (raw_valid_in_bbox=0, ql_dist=None)
  n20 20260909_2050 … ✗ swath overlaps bbox but all pixels cloud/land masked (raw_valid_in_bbox=0, ql_dist=None)
  n20 20260909_2100 … ✗ swath overlaps bbox but all pixels cloud/land masked (raw_valid_in_bbox=0, ql_dist=None)
  n20 20260909_2110 … ✗ swath overlaps bbox but all pixels cloud/land masked (raw_valid_in_bbox=0, ql_dist=None)
  n20 20260909_2150 … ✗ swath overlaps bbox but all pixels cloud/land masked (raw_valid_in_bbox=0, ql_dist=None)
  n20 20260909_2200 … ✗ swath overlaps bbox but all pixels cloud/land masked (raw_valid_in_bbox=0, ql_dist=None)
  n20 20260909_2210 … ✗ swath overlaps bbox but all pixels cloud/land masked (raw_valid_in_bbox=0, ql_dist=None)
  n20 20260909_2250 … ✗ swath overlaps bbox but all pixels cloud/land masked (raw_valid_in_bbox=0, ql_dist=None)
  n20 20260909_2300 … ✗ swath overlaps bbox but all pixels cloud/land masked (raw_valid_in_bbox=0, ql_dist=None)
  n20 20260909_2310 … ✗ swath overlaps bbox but all pixels cloud/land masked (raw_valid_in_bbox=0, ql_dist=None)
  n20 20260909_2350 … ✗ swath overlaps bbox but all pixels cloud/land masked (raw_valid_in_bbox=0, ql_dist=None)
  n20 20260910_0000 … ✗ swath overlaps bbox but all pixels cloud/land masked (raw_valid_in_bbox=0, ql_dist=None)
  n20 20260910_0010 … ✗ swath overlaps bbox but all pixels cloud/land masked (raw_valid_in_bbox=0, ql_dist=None)
  n20 20260910_0050 … ✗ swath overlaps bbox but all pixels cloud/land masked (raw_valid_in_bbox=0, ql_dist=None)
  n20 20260910_0100 … ✗ swath overlaps bbox but all pixels cloud/land masked (raw_valid_in_bbox=0, ql_dist=None)
  n20 20260910_0110 … ✗ swath overlaps bbox but all pixels cloud/land masked (raw_valid_in_bbox=0, ql_dist=None)
  n20 20260910_0150 … ✗ swath overlaps bbox but all pixels cloud/land masked (raw_valid_in_bbox=0, ql_dist=None)
  n20 20260910_0200 … ✗ swath overlaps bbox but all pixels cloud/land masked (raw_valid_in_bbox=0, ql_dist=None)
  n20 20260910_0210 … ✗ swath overlaps bbox but all pixels cloud/land masked (raw_valid_in_bbox=0, ql_dist=None)
  n20 20260910_0250 … ✗ swath overlaps bbox but all pixels cloud/land masked (raw_valid_in_bbox=0, ql_dist=None)
  n20 20260910_0300 … ✗ swath overlaps bbox but all pixels cloud/land masked (raw_valid_in_bbox=0, ql_dist=None)
  n20 20260910_0310 … ✗ swath overlaps bbox but all pixels cloud/land masked (raw_valid_in_bbox=0, ql_dist=None)
  n20 20260910_0350 … ✗ swath overlaps bbox but all pixels cloud/land masked (raw_valid_in_bbox=0, ql_dist=None)
  n20 20260910_0400 … ✗ swath overlaps bbox but all pixels cloud/land masked (raw_valid_in_bbox=0, ql_dist=None)
  n20 20260910_0410 … ✗ swath overlaps bbox but all pixels cloud/land masked (raw_valid_in_bbox=0, ql_dist=None)
  n20 20260910_0450 … ✗ swath overlaps bbox but all pixels cloud/land masked (raw_valid_in_bbox=0, ql_dist=None)
  n20 20260910_0500 … ✗ swath overlaps bbox but all pixels cloud/land masked (raw_valid_in_bbox=0, ql_dist=None)
  n20 20260910_0510 … ✗ swath overlaps bbox but all pixels cloud/land masked (raw_valid_in_bbox=0, ql_dist=None)
  n20 20260910_0550 …   → DailySSTData/VIIRS/Passes/va_ri/viirs_n20_20260910_0550.csv  (29782 pts, 211 lats × 394 lons)
  n20 20260910_0600 … ✗ swath overlaps bbox but all pixels cloud/land masked (raw_valid_in_bbox=0, ql_dist=None)
  n20 20260910_0610 … ✗ swath overlaps bbox but all pixels cloud/land masked (raw_valid_in_bbox=0, ql_dist=None)
  n20 20260910_0650 … ✗ swath overlaps bbox but all pixels cloud/land masked (raw_valid_in_bbox=0, ql_dist=None)
  n20 20260910_0700 … ✗ swath overlaps bbox but all pixels cloud/land masked (raw_valid_in_bbox=0, ql_dist=None)
  n20 20260910_0710 … ✗ swath overlaps bbox but all pixels cloud/land masked (raw_valid_in_bbox=0, ql_dist=None)
  n20 20260910_0750 … ✗ swath overlaps bbox but all pixels cloud/land masked (raw_valid_in_bbox=0, ql_dist=None)
  n20 20260910_0800 … ✗ swath overlaps bbox but all pixels cloud/land masked (raw_valid_in_bbox=0, ql_dist=None)
  n20 20260910_0810 … ✗ swath overlaps bbox but all pixels cloud/land masked (raw_valid_in_bbox=0, ql_dist=None)
  n20 20260910_0850 … ✗ swath overlaps bbox but all pixels cloud/land masked (raw_valid_in_bbox=0, ql_dist=None)
  n20 20260910_0900 … ✗ swath overlaps bbox but all pixels cloud/land masked (raw_valid_in_bbox=0, ql_dist=None)
  n21 20260908_1050 … ✗ swath overlaps bbox but all pixels cloud/land masked (raw_valid_in_bbox=0, ql_dist=None)
  n21 20260908_1100 … ✗ swath overlaps bbox but all pixels cloud/land masked (raw_valid_in_bbox=0, ql_dist=None)
  n21 20260908_1110 … ✗ swath overlaps bbox but all pixels cloud/land masked (raw_valid_in_bbox=0, ql_dist=None)
  n21 20260908_1150 … ✗ swath overlaps bbox but all pixels cloud/land masked (raw_valid_in_bbox=0, ql_dist=None)
  n21 20260908_1200 … ✗ swath overlaps bbox but all pixels cloud/land masked (raw_valid_in_bbox=0, ql_dist=None)
  n21 20260908_1210 … ✗ swath overlaps bbox but all pixels cloud/land masked (raw_valid_in_bbox=0, ql_dist=None)
  n21 20260908_1250 … ✗ swath overlaps bbox but all pixels cloud/land masked (raw_valid_in_bbox=0, ql_dist=None)
  n21 20260908_1300 … ✗ swath overlaps bbox but all pixels cloud/land masked (raw_valid_in_bbox=0, ql_dist=None)
  n21 20260908_1310 … ✗ swath overlaps bbox but all pixels cloud/land masked (raw_valid_in_bbox=0, ql_dist=None)
  n21 20260908_1350 … ✗ swath overlaps bbox but all pixels cloud/land masked (raw_valid_in_bbox=0, ql_dist=None)
  n21 20260908_1400 … ✗ swath overlaps bbox but all pixels cloud/land masked (raw_valid_in_bbox=0, ql_dist=None)
  n21 20260908_1410 … ✗ swath overlaps bbox but all pixels cloud/land masked (raw_valid_in_bbox=0, ql_dist=None)
  n21 20260908_1450 … ✗ swath overlaps bbox but all pixels cloud/land masked (raw_valid_in_bbox=0, ql_dist=None)
  n21 20260908_1500 … ✗ swath overlaps bbox but all pixels cloud/land masked (raw_valid_in_bbox=0, ql_dist=None)
  n21 20260908_1510 … ✗ swath overlaps bbox but all pixels cloud/land masked (raw_valid_in_bbox=0, ql_dist=None)
  n21 20260908_1550 … ✗ swath overlaps bbox but all pixels cloud/land masked (raw_valid_in_bbox=0, ql_dist=None)
  n21 20260908_1600 … ✗ swath overlaps bbox but all pixels cloud/land masked (raw_valid_in_bbox=0, ql_dist=None)
  n21 20260908_1610 … ✗ swath overlaps bbox but all pixels cloud/land masked (raw_valid_in_bbox=0, ql_dist=None)
  n21 20260908_1650 ✓ (cached)
  n21 20260908_1700 … ✗ swath overlaps bbox but all pixels cloud/land masked (raw_valid_in_bbox=0, ql_dist=None)
  n21 20260908_1710 … ✗ swath overlaps bbox but all pixels cloud/land masked (raw_valid_in_bbox=0, ql_dist=None)
  n21 20260908_1750 … ✗ swath overlaps bbox but all pixels cloud/land masked (raw_valid_in_bbox=0, ql_dist=None)
  n21 20260908_1800 … ✗ swath overlaps bbox but all pixels cloud/land masked (raw_valid_in_bbox=0, ql_dist=None)
  n21 20260908_1810 … ✗ swath overlaps bbox but all pixels cloud/land masked (raw_valid_in_bbox=0, ql_dist=None)
  n21 20260908_1850 … ✗ swath overlaps bbox but all pixels cloud/land masked (raw_valid_in_bbox=0, ql_dist=None)
  n21 20260908_1900 … ✗ swath overlaps bbox but all pixels cloud/land masked (raw_valid_in_bbox=0, ql_dist=None)
  n21 20260908_1910 … ✗ swath overlaps bbox but all pixels cloud/land masked (raw_valid_in_bbox=0, ql_dist=None)
  n21 20260908_1950 … ✗ swath overlaps bbox but all pixels cloud/land masked (raw_valid_in_bbox=0, ql_dist=None)
  n21 20260908_2000 … ✗ swath overlaps bbox but all pixels cloud/land masked (raw_valid_in_bbox=0, ql_dist=None)
  n21 20260908_2010 … ✗ swath overlaps bbox but all pixels cloud/land masked (raw_valid_in_bbox=0, ql_dist=None)
  n21 20260908_2050 … ✗ swath overlaps bbox but all pixels cloud/land masked (raw_valid_in_bbox=0, ql_dist=None)
  n21 20260908_2100 … ✗ swath overlaps bbox but all pixels cloud/land masked (raw_valid_in_bbox=0, ql_dist=None)
  n21 20260908_2110 … ✗ swath overlaps bbox but all pixels cloud/land masked (raw_valid_in_bbox=0, ql_dist=None)
  n21 20260908_2150 … ✗ swath overlaps bbox but all pixels cloud/land masked (raw_valid_in_bbox=0, ql_dist=None)
  n21 20260908_2200 … ✗ swath overlaps bbox but all pixels cloud/land masked (raw_valid_in_bbox=0, ql_dist=None)
  n21 20260908_2210 … ✗ swath overlaps bbox but all pixels cloud/land masked (raw_valid_in_bbox=0, ql_dist=None)
  n21 20260908_2250 … ✗ swath overlaps bbox but all pixels cloud/land masked (raw_valid_in_bbox=0, ql_dist=None)
  n21 20260908_2300 … ✗ swath overlaps bbox but all pixels cloud/land masked (raw_valid_in_bbox=0, ql_dist=None)
  n21 20260908_2310 … ✗ swath overlaps bbox but all pixels cloud/land masked (raw_valid_in_bbox=0, ql_dist=None)
  n21 20260908_2350 … ✗ swath overlaps bbox but all pixels cloud/land masked (raw_valid_in_bbox=0, ql_dist=None)
  n21 20260909_0000 … ✗ swath overlaps bbox but all pixels cloud/land masked (raw_valid_in_bbox=0, ql_dist=None)
  n21 20260909_0010 … ✗ swath overlaps bbox but all pixels cloud/land masked (raw_valid_in_bbox=0, ql_dist=None)
  n21 20260909_0050 … ✗ swath overlaps bbox but all pixels cloud/land masked (raw_valid_in_bbox=0, ql_dist=None)
  n21 20260909_0100 … ✗ swath overlaps bbox but all pixels cloud/land masked (raw_valid_in_bbox=0, ql_dist=None)
  n21 20260909_0110 … ✗ swath overlaps bbox but all pixels cloud/land masked (raw_valid_in_bbox=0, ql_dist=None)
  n21 20260909_0150 … ✗ swath overlaps bbox but all pixels cloud/land masked (raw_valid_in_bbox=0, ql_dist=None)
  n21 20260909_0200 … ✗ swath overlaps bbox but all pixels cloud/land masked (raw_valid_in_bbox=0, ql_dist=None)
  n21 20260909_0210 … ✗ swath overlaps bbox but all pixels cloud/land masked (raw_valid_in_bbox=0, ql_dist=None)
  n21 20260909_0250 … ✗ swath overlaps bbox but all pixels cloud/land masked (raw_valid_in_bbox=0, ql_dist=None)
  n21 20260909_0300 … ✗ swath overlaps bbox but all pixels cloud/land masked (raw_valid_in_bbox=0, ql_dist=None)
  n21 20260909_0310 … ✗ swath overlaps bbox but all pixels cloud/land masked (raw_valid_in_bbox=0, ql_dist=None)
  n21 20260909_0350 … ✗ swath overlaps bbox but all pixels cloud/land masked (raw_valid_in_bbox=0, ql_dist=None)
  n21 20260909_0400 … ✗ swath overlaps bbox but all pixels cloud/land masked (raw_valid_in_bbox=0, ql_dist=None)
  n21 20260909_0410 … ✗ swath overlaps bbox but all pixels cloud/land masked (raw_valid_in_bbox=0, ql_dist=None)
  n21 20260909_0450 … ✗ swath overlaps bbox but all pixels cloud/land masked (raw_valid_in_bbox=0, ql_dist=None)
  n21 20260909_0500 … ✗ swath overlaps bbox but all pixels cloud/land masked (raw_valid_in_bbox=0, ql_dist=None)
  n21 20260909_0510 … ✗ swath overlaps bbox but all pixels cloud/land masked (raw_valid_in_bbox=0, ql_dist=None)
  n21 20260909_0550 … ✗ swath overlaps bbox but all pixels cloud/land masked (raw_valid_in_bbox=0, ql_dist=None)
  n21 20260909_0600 … ✗ swath overlaps bbox but all pixels cloud/land masked (raw_valid_in_bbox=0, ql_dist=None)
  n21 20260909_0610 … ✗ swath overlaps bbox but all pixels cloud/land masked (raw_valid_in_bbox=0, ql_dist=None)
  n21 20260909_0650 ✓ (cached)
  n21 20260909_0700 … ✗ swath overlaps bbox but all pixels cloud/land masked (raw_valid_in_bbox=0, ql_dist=None)
  n21 20260909_0710 … ✗ swath overlaps bbox but all pixels cloud/land masked (raw_valid_in_bbox=0, ql_dist=None)
  n21 20260909_0750 … ✗ swath overlaps bbox but all pixels cloud/land masked (raw_valid_in_bbox=0, ql_dist=None)
  n21 20260909_0800 … ✗ swath overlaps bbox but all pixels cloud/land masked (raw_valid_in_bbox=0, ql_dist=None)
  n21 20260909_0810 … ✗ swath overlaps bbox but all pixels cloud/land masked (raw_valid_in_bbox=0, ql_dist=None)
  n21 20260909_0850 … ✗ swath overlaps bbox but all pixels cloud/land masked (raw_valid_in_bbox=0, ql_dist=None)
  n21 20260909_0900 … ✗ swath overlaps bbox but all pixels cloud/land masked (raw_valid_in_bbox=0, ql_dist=None)
  n21 20260909_0910 … ✗ swath overlaps bbox but all pixels cloud/land masked (raw_valid_in_bbox=0, ql_dist=None)
  n21 20260909_0950 … ✗ swath overlaps bbox but all pixels cloud/land masked (raw_valid_in_bbox=0, ql_dist=None)
  n21 20260909_1000 … ✗ swath overlaps bbox but all pixels cloud/land masked (raw_valid_in_bbox=0, ql_dist=None)
  n21 20260909_1010 … ✗ swath overlaps bbox but all pixels cloud/land masked (raw_valid_in_bbox=0, ql_dist=None)
  n21 20260909_1050 … ✗ swath overlaps bbox but all pixels cloud/land masked (raw_valid_in_bbox=0, ql_dist=None)
  n21 20260909_1100 … ✗ swath overlaps bbox but all pixels cloud/land masked (raw_valid_in_bbox=0, ql_dist=None)
  n21 20260909_1110 … ✗ swath overlaps bbox but all pixels cloud/land masked (raw_valid_in_bbox=0, ql_dist=None)
  n21 20260909_1150 … ✗ swath overlaps bbox but all pixels cloud/land masked (raw_valid_in_bbox=0, ql_dist=None)
  n21 20260909_1200 … ✗ swath overlaps bbox but all pixels cloud/land masked (raw_valid_in_bbox=0, ql_dist=None)
  n21 20260909_1210 … ✗ swath overlaps bbox but all pixels cloud/land masked (raw_valid_in_bbox=0, ql_dist=None)
  n21 20260909_1250 … ✗ swath overlaps bbox but all pixels cloud/land masked (raw_valid_in_bbox=0, ql_dist=None)
  n21 20260909_1300 … ✗ swath overlaps bbox but all pixels cloud/land masked (raw_valid_in_bbox=0, ql_dist=None)
  n21 20260909_1310 … ✗ swath overlaps bbox but all pixels cloud/land masked (raw_valid_in_bbox=0, ql_dist=None)
  n21 20260909_1350 … ✗ swath overlaps bbox but all pixels cloud/land masked (raw_valid_in_bbox=0, ql_dist=None)
  n21 20260909_1400 … ✗ swath overlaps bbox but all pixels cloud/land masked (raw_valid_in_bbox=0, ql_dist=None)
  n21 20260909_1410 … ✗ swath overlaps bbox but all pixels cloud/land masked (raw_valid_in_bbox=0, ql_dist=None)
  n21 20260909_1450 … ✗ swath overlaps bbox but all pixels cloud/land masked (raw_valid_in_bbox=0, ql_dist=None)
  n21 20260909_1500 … ✗ swath overlaps bbox but all pixels cloud/land masked (raw_valid_in_bbox=0, ql_dist=None)
  n21 20260909_1510 … ✗ swath overlaps bbox but all pixels cloud/land masked (raw_valid_in_bbox=0, ql_dist=None)
  n21 20260909_1550 … ✗ swath overlaps bbox but all pixels cloud/land masked (raw_valid_in_bbox=0, ql_dist=None)
  n21 20260909_1600 … ✗ swath overlaps bbox but all pixels cloud/land masked (raw_valid_in_bbox=0, ql_dist=None)
  n21 20260909_1610 … ✗ swath overlaps bbox but all pixels cloud/land masked (raw_valid_in_bbox=0, ql_dist=None)
  n21 20260909_1650 … ✗ swath overlaps bbox but all pixels cloud/land masked (raw_valid_in_bbox=0, ql_dist=None)
  n21 20260909_1700 … ✗ swath overlaps bbox but all pixels cloud/land masked (raw_valid_in_bbox=0, ql_dist=None)
  n21 20260909_1710 … ✗ swath overlaps bbox but all pixels cloud/land masked (raw_valid_in_bbox=0, ql_dist=None)
  n21 20260909_1750 … ✗ swath overlaps bbox but all pixels cloud/land masked (raw_valid_in_bbox=0, ql_dist=None)
  n21 20260909_1800 … ✗ swath overlaps bbox but all pixels cloud/land masked (raw_valid_in_bbox=0, ql_dist=None)
  n21 20260909_1810 … ✗ swath overlaps bbox but all pixels cloud/land masked (raw_valid_in_bbox=0, ql_dist=None)
  n21 20260909_1850 … ✗ swath overlaps bbox but all pixels cloud/land masked (raw_valid_in_bbox=0, ql_dist=None)
  n21 20260909_1900 … ✗ swath overlaps bbox but all pixels cloud/land masked (raw_valid_in_bbox=0, ql_dist=None)
  n21 20260909_1910 … ✗ swath overlaps bbox but all pixels cloud/land masked (raw_valid_in_bbox=0, ql_dist=None)
  n21 20260909_1950 … ✗ swath overlaps bbox but all pixels cloud/land masked (raw_valid_in_bbox=0, ql_dist=None)
  n21 20260909_2000 … ✗ swath overlaps bbox but all pixels cloud/land masked (raw_valid_in_bbox=0, ql_dist=None)
  n21 20260909_2010 … ✗ swath overlaps bbox but all pixels cloud/land masked (raw_valid_in_bbox=0, ql_dist=None)
  n21 20260909_2050 … ✗ swath overlaps bbox but all pixels cloud/land masked (raw_valid_in_bbox=0, ql_dist=None)
  n21 20260909_2100 … ✗ swath overlaps bbox but all pixels cloud/land masked (raw_valid_in_bbox=0, ql_dist=None)
  n21 20260909_2110 … ✗ swath overlaps bbox but all pixels cloud/land masked (raw_valid_in_bbox=0, ql_dist=None)
  n21 20260909_2150 … ✗ swath overlaps bbox but all pixels cloud/land masked (raw_valid_in_bbox=0, ql_dist=None)
  n21 20260909_2200 … ✗ swath overlaps bbox but all pixels cloud/land masked (raw_valid_in_bbox=0, ql_dist=None)
  n21 20260909_2210 … ✗ swath overlaps bbox but all pixels cloud/land masked (raw_valid_in_bbox=0, ql_dist=None)
  n21 20260909_2250 … ✗ swath overlaps bbox but all pixels cloud/land masked (raw_valid_in_bbox=0, ql_dist=None)
  n21 20260909_2300 … ✗ swath overlaps bbox but all pixels cloud/land masked (raw_valid_in_bbox=0, ql_dist=None)
  n21 20260909_2310 … ✗ swath overlaps bbox but all pixels cloud/land masked (raw_valid_in_bbox=0, ql_dist=None)
  n21 20260909_2350 … ✗ swath overlaps bbox but all pixels cloud/land masked (raw_valid_in_bbox=0, ql_dist=None)
  n21 20260910_0000 … ✗ swath overlaps bbox but all pixels cloud/land masked (raw_valid_in_bbox=0, ql_dist=None)
  n21 20260910_0010 … ✗ swath overlaps bbox but all pixels cloud/land masked (raw_valid_in_bbox=0, ql_dist=None)
  n21 20260910_0050 … ✗ swath overlaps bbox but all pixels cloud/land masked (raw_valid_in_bbox=0, ql_dist=None)
  n21 20260910_0100 … ✗ swath overlaps bbox but all pixels cloud/land masked (raw_valid_in_bbox=0, ql_dist=None)
  n21 20260910_0110 … ✗ swath overlaps bbox but all pixels cloud/land masked (raw_valid_in_bbox=0, ql_dist=None)
  n21 20260910_0150 … ✗ swath overlaps bbox but all pixels cloud/land masked (raw_valid_in_bbox=0, ql_dist=None)
  n21 20260910_0200 … ✗ swath overlaps bbox but all pixels cloud/land masked (raw_valid_in_bbox=0, ql_dist=None)
  n21 20260910_0210 … ✗ swath overlaps bbox but all pixels cloud/land masked (raw_valid_in_bbox=0, ql_dist=None)
  n21 20260910_0250 … ✗ swath overlaps bbox but all pixels cloud/land masked (raw_valid_in_bbox=0, ql_dist=None)
  n21 20260910_0300 … ✗ swath overlaps bbox but all pixels cloud/land masked (raw_valid_in_bbox=0, ql_dist=None)
  n21 20260910_0310 … ✗ swath overlaps bbox but all pixels cloud/land masked (raw_valid_in_bbox=0, ql_dist=None)
  n21 20260910_0350 … ✗ swath overlaps bbox but all pixels cloud/land masked (raw_valid_in_bbox=0, ql_dist=None)
  n21 20260910_0400 … ✗ swath overlaps bbox but all pixels cloud/land masked (raw_valid_in_bbox=0, ql_dist=None)
  n21 20260910_0410 … ✗ swath overlaps bbox but all pixels cloud/land masked (raw_valid_in_bbox=0, ql_dist=None)
  n21 20260910_0450 … ✗ swath overlaps bbox but all pixels cloud/land masked (raw_valid_in_bbox=0, ql_dist=None)
  n21 20260910_0500 … ✗ swath overlaps bbox but all pixels cloud/land masked (raw_valid_in_bbox=0, ql_dist=None)
  n21 20260910_0510 … ✗ swath overlaps bbox but all pixels cloud/land masked (raw_valid_in_bbox=0, ql_dist=None)
  n21 20260910_0550 … ✗ swath overlaps bbox but all pixels cloud/land masked (raw_valid_in_bbox=0, ql_dist=None)
  n21 20260910_0600 … ✗ swath overlaps bbox but all pixels cloud/land masked (raw_valid_in_bbox=0, ql_dist=None)
  n21 20260910_0610 … ✗ swath overlaps bbox but all pixels cloud/land masked (raw_valid_in_bbox=0, ql_dist=None)
  n21 20260910_0650 … ✗ swath overlaps bbox but all pixels cloud/land masked (raw_valid_in_bbox=0, ql_dist=None)
  n21 20260910_0700 … ✗ swath overlaps bbox but all pixels cloud/land masked (raw_valid_in_bbox=0, ql_dist=None)
  n21 20260910_0710 … ✗ swath overlaps bbox but all pixels cloud/land masked (raw_valid_in_bbox=0, ql_dist=None)
  n21 20260910_0750 … ✗ swath overlaps bbox but all pixels cloud/land masked (raw_valid_in_bbox=0, ql_dist=None)
  n21 20260910_0800 … ✗ swath overlaps bbox but all pixels cloud/land masked (raw_valid_in_bbox=0, ql_dist=None)
  n21 20260910_0810 … ✗ swath overlaps bbox but all pixels cloud/land masked (raw_valid_in_bbox=0, ql_dist=None)
  n21 20260910_0850 … ✗ swath overlaps bbox but all pixels cloud/land masked (raw_valid_in_bbox=0, ql_dist=None)
  n21 20260910_0900 … ✗ swath overlaps bbox but all pixels cloud/land masked (raw_valid_in_bbox=0, ql_dist=None)

  VIIRS summary: 2 written, 10 cached, 401 miss/cloud, 604 outside windows.

=========================================================
✓ Pipeline complete
=========================================================
========================================
RUNNING REGION: s_fl
========================================
=========================================================
SST PIPELINE
  UTC    : 2026-09-10 10:19:14
  Region : s_fl
  Bbox   : 22.15–27.47°N  -83.16–-76.14°E
  Output : DailySSTData/MUR/s_fl  (and siblings)
=========================================================

── MUR daily composite (last 5 days) ──
  MUR 20260909 (coastwatch.noaa.gov) … ✗ RuntimeError
  MUR 20260909 (coastwatch.pfeg.noaa.gov) … ✗ RuntimeError
  MUR 20260909 (upwell.pfeg.noaa.gov) … ✗ RuntimeError
  ✗ MUR 20260909 — all mirrors failed. Last: upwell.pfeg.noaa.gov: RuntimeError: 404 — no data for this date
  ✓ MUR 20260908 (cached)
  ✓ MUR 20260907 (cached)
  ✓ MUR 20260906 (cached)
  ✓ MUR 20260905 (cached)

── GOES-19 geo-polar blended daily composite ──
  Candidates: 4 (2 hosts × 2 dataset IDs)
  GOES 20260910 [noaa/noaacwBLENDEDsstDLDaily] … ✗ RuntimeError: 404 — no data for this date
  GOES 20260910 [noaa/noaacwBLENDEDsstDaily] … ✗ RuntimeError: 404 — no data for this date
  GOES 20260910 [pfeg/noaacwBLENDEDsstDLDaily] … ✗ RuntimeError: 404 — no data for this date
  GOES 20260910 [pfeg/noaacwBLENDEDsstDaily] … ✗ RuntimeError: 404 — no data for this date
  GOES 20260909 [noaa/noaacwBLENDEDsstDLDaily] … ✗ RuntimeError: 404 — no data for this date
  GOES 20260909 [noaa/noaacwBLENDEDsstDaily] … ✗ RuntimeError: 404 — no data for this date
  GOES 20260909 [pfeg/noaacwBLENDEDsstDLDaily] … ✗ RuntimeError: 404 — no data for this date
  GOES 20260909 [pfeg/noaacwBLENDEDsstDaily] … ✗ RuntimeError: 404 — no data for this date
  ✓ GOES composite 20260908 (cached)

── VIIRS multi-pass (last 48h — NPP/N20/N21) ──
  ✓ VIIRS NRT base: https://www.star.nesdis.noaa.gov/pub/socd2/coastwatch/sst/nrt/viirs
  Hourly windows : 48
  Window range   : 2026-09-08 10:50Z → 2026-09-10 10:10Z
  Half-width     : ±10 min per bucket
  npp 20260908_1050 … ✗ swath overlaps bbox but all pixels cloud/land masked (raw_valid_in_bbox=0, ql_dist=None)
  npp 20260908_1100 … ✗ swath overlaps bbox but all pixels cloud/land masked (raw_valid_in_bbox=0, ql_dist=None)
  npp 20260908_1110 … ✗ swath overlaps bbox but all pixels cloud/land masked (raw_valid_in_bbox=0, ql_dist=None)
  npp 20260908_1150 … ✗ swath overlaps bbox but all pixels cloud/land masked (raw_valid_in_bbox=0, ql_dist=None)
  npp 20260908_1200 … ✗ swath overlaps bbox but all pixels cloud/land masked (raw_valid_in_bbox=0, ql_dist=None)
  npp 20260908_1210 … ✗ swath overlaps bbox but all pixels cloud/land masked (raw_valid_in_bbox=0, ql_dist=None)
  npp 20260908_1250 … ✗ swath overlaps bbox but all pixels cloud/land masked (raw_valid_in_bbox=0, ql_dist=None)
  npp 20260908_1300 … ✗ swath overlaps bbox but all pixels cloud/land masked (raw_valid_in_bbox=0, ql_dist=None)
  npp 20260908_1310 … ✗ swath overlaps bbox but all pixels cloud/land masked (raw_valid_in_bbox=0, ql_dist=None)
  npp 20260908_1350 … ✗ swath overlaps bbox but all pixels cloud/land masked (raw_valid_in_bbox=0, ql_dist=None)
  npp 20260908_1400 … ✗ swath overlaps bbox but all pixels cloud/land masked (raw_valid_in_bbox=0, ql_dist=None)
  npp 20260908_1410 … ✗ swath overlaps bbox but all pixels cloud/land masked (raw_valid_in_bbox=0, ql_dist=None)
  npp 20260908_1450 … ✗ swath overlaps bbox but all pixels cloud/land masked (raw_valid_in_bbox=0, ql_dist=None)
  npp 20260908_1500 … ✗ swath overlaps bbox but all pixels cloud/land masked (raw_valid_in_bbox=0, ql_dist=None)
  npp 20260908_1510 … ✗ swath overlaps bbox but all pixels cloud/land masked (raw_valid_in_bbox=0, ql_dist=None)
  npp 20260908_1550 … ✗ swath overlaps bbox but all pixels cloud/land masked (raw_valid_in_bbox=0, ql_dist=None)
  npp 20260908_1600 … ✗ swath overlaps bbox but all pixels cloud/land masked (raw_valid_in_bbox=0, ql_dist=None)
  npp 20260908_1610 … ✗ swath overlaps bbox but all pixels cloud/land masked (raw_valid_in_bbox=0, ql_dist=None)
  npp 20260908_1650 … ✗ swath overlaps bbox but all pixels cloud/land masked (raw_valid_in_bbox=0, ql_dist=None)
  npp 20260908_1700 … ✗ swath overlaps bbox but all pixels cloud/land masked (raw_valid_in_bbox=0, ql_dist=None)
  npp 20260908_1710 … ✗ swath overlaps bbox but all pixels cloud/land masked (raw_valid_in_bbox=0, ql_dist=None)
  npp 20260908_1750 … ✗ swath overlaps bbox but all pixels cloud/land masked (raw_valid_in_bbox=0, ql_dist=None)
  npp 20260908_1800 … ✗ swath overlaps bbox but all pixels cloud/land masked (raw_valid_in_bbox=0, ql_dist=None)
  npp 20260908_1810 … ✗ swath overlaps bbox but all pixels cloud/land masked (raw_valid_in_bbox=0, ql_dist=None)
  npp 20260908_1850 … ✗ swath overlaps bbox but all pixels cloud/land masked (raw_valid_in_bbox=0, ql_dist=None)
  npp 20260908_1900 … ✗ swath overlaps bbox but all pixels cloud/land masked (raw_valid_in_bbox=0, ql_dist=None)
  npp 20260908_1910 ✓ (cached)
  npp 20260908_1950 … ✗ swath overlaps bbox but all pixels cloud/land masked (raw_valid_in_bbox=0, ql_dist=None)
  npp 20260908_2000 … ✗ swath overlaps bbox but all pixels cloud/land masked (raw_valid_in_bbox=0, ql_dist=None)
  npp 20260908_2010 … ✗ swath overlaps bbox but all pixels cloud/land masked (raw_valid_in_bbox=0, ql_dist=None)
  npp 20260908_2050 … ✗ swath overlaps bbox but all pixels cloud/land masked (raw_valid_in_bbox=0, ql_dist=None)
  npp 20260908_2100 … ✗ swath overlaps bbox but all pixels cloud/land masked (raw_valid_in_bbox=0, ql_dist=None)
  npp 20260908_2110 … ✗ swath overlaps bbox but all pixels cloud/land masked (raw_valid_in_bbox=0, ql_dist=None)
  npp 20260908_2150 … ✗ swath overlaps bbox but all pixels cloud/land masked (raw_valid_in_bbox=0, ql_dist=None)
  npp 20260908_2200 … ✗ swath overlaps bbox but all pixels cloud/land masked (raw_valid_in_bbox=0, ql_dist=None)
  npp 20260908_2210 … ✗ swath overlaps bbox but all pixels cloud/land masked (raw_valid_in_bbox=0, ql_dist=None)
  npp 20260908_2250 … ✗ swath overlaps bbox but all pixels cloud/land masked (raw_valid_in_bbox=0, ql_dist=None)
  npp 20260908_2300 … ✗ swath overlaps bbox but all pixels cloud/land masked (raw_valid_in_bbox=0, ql_dist=None)
  npp 20260908_2310 … ✗ swath overlaps bbox but all pixels cloud/land masked (raw_valid_in_bbox=0, ql_dist=None)
  npp 20260908_2350 … ✗ swath overlaps bbox but all pixels cloud/land masked (raw_valid_in_bbox=0, ql_dist=None)
  npp 20260909_0000 … ✗ swath overlaps bbox but all pixels cloud/land masked (raw_valid_in_bbox=0, ql_dist=None)
  npp 20260909_0010 … ✗ swath overlaps bbox but all pixels cloud/land masked (raw_valid_in_bbox=0, ql_dist=None)
  npp 20260909_0050 … ✗ swath overlaps bbox but all pixels cloud/land masked (raw_valid_in_bbox=0, ql_dist=None)
  npp 20260909_0100 … ✗ swath overlaps bbox but all pixels cloud/land masked (raw_valid_in_bbox=0, ql_dist=None)
  npp 20260909_0110 … ✗ swath overlaps bbox but all pixels cloud/land masked (raw_valid_in_bbox=0, ql_dist=None)
  npp 20260909_0150 … ✗ swath overlaps bbox but all pixels cloud/land masked (raw_valid_in_bbox=0, ql_dist=None)
  npp 20260909_0200 … ✗ swath overlaps bbox but all pixels cloud/land masked (raw_valid_in_bbox=0, ql_dist=None)
  npp 20260909_0210 … ✗ swath overlaps bbox but all pixels cloud/land masked (raw_valid_in_bbox=0, ql_dist=None)
  npp 20260909_0250 … ✗ swath overlaps bbox but all pixels cloud/land masked (raw_valid_in_bbox=0, ql_dist=None)
  npp 20260909_0300 … ✗ swath overlaps bbox but all pixels cloud/land masked (raw_valid_in_bbox=0, ql_dist=None)
  npp 20260909_0310 … ✗ swath overlaps bbox but all pixels cloud/land masked (raw_valid_in_bbox=0, ql_dist=None)
  npp 20260909_0350 … ✗ swath overlaps bbox but all pixels cloud/land masked (raw_valid_in_bbox=0, ql_dist=None)
  npp 20260909_0400 … ✗ swath overlaps bbox but all pixels cloud/land masked (raw_valid_in_bbox=0, ql_dist=None)
  npp 20260909_0410 … ✗ swath overlaps bbox but all pixels cloud/land masked (raw_valid_in_bbox=0, ql_dist=None)
  npp 20260909_0450 … ✗ swath overlaps bbox but all pixels cloud/land masked (raw_valid_in_bbox=0, ql_dist=None)
  npp 20260909_0500 … ✗ swath overlaps bbox but all pixels cloud/land masked (raw_valid_in_bbox=0, ql_dist=None)
  npp 20260909_0510 … ✗ swath overlaps bbox but all pixels cloud/land masked (raw_valid_in_bbox=0, ql_dist=None)
  npp 20260909_0550 ✓ (cached)
  npp 20260909_0600 … ✗ swath overlaps bbox but all pixels cloud/land masked (raw_valid_in_bbox=0, ql_dist=None)
  npp 20260909_0610 … ✗ swath overlaps bbox but all pixels cloud/land masked (raw_valid_in_bbox=0, ql_dist=None)
  npp 20260909_0650 … ✗ swath overlaps bbox but all pixels cloud/land masked (raw_valid_in_bbox=0, ql_dist=None)
  npp 20260909_0700 … ✗ swath overlaps bbox but all pixels cloud/land masked (raw_valid_in_bbox=0, ql_dist=None)
  npp 20260909_0710 … ✗ swath overlaps bbox but all pixels cloud/land masked (raw_valid_in_bbox=0, ql_dist=None)
  npp 20260909_0750 … ✗ swath overlaps bbox but all pixels cloud/land masked (raw_valid_in_bbox=0, ql_dist=None)
  npp 20260909_0800 … ✗ swath overlaps bbox but all pixels cloud/land masked (raw_valid_in_bbox=0, ql_dist=None)
  npp 20260909_0810 … ✗ swath overlaps bbox but all pixels cloud/land masked (raw_valid_in_bbox=0, ql_dist=None)
  npp 20260909_0850 … ✗ swath overlaps bbox but all pixels cloud/land masked (raw_valid_in_bbox=0, ql_dist=None)
  npp 20260909_0900 … ✗ swath overlaps bbox but all pixels cloud/land masked (raw_valid_in_bbox=0, ql_dist=None)
  npp 20260909_0910 … ✗ swath overlaps bbox but all pixels cloud/land masked (raw_valid_in_bbox=0, ql_dist=None)
  npp 20260909_0950 … ✗ swath overlaps bbox but all pixels cloud/land masked (raw_valid_in_bbox=0, ql_dist=None)
  npp 20260909_1000 … ✗ swath overlaps bbox but all pixels cloud/land masked (raw_valid_in_bbox=0, ql_dist=None)
  npp 20260909_1010 … ✗ swath overlaps bbox but all pixels cloud/land masked (raw_valid_in_bbox=0, ql_dist=None)
  npp 20260909_1050 … ✗ swath overlaps bbox but all pixels cloud/land masked (raw_valid_in_bbox=0, ql_dist=None)
  npp 20260909_1100 … ✗ swath overlaps bbox but all pixels cloud/land masked (raw_valid_in_bbox=0, ql_dist=None)
  npp 20260909_1110 … ✗ swath overlaps bbox but all pixels cloud/land masked (raw_valid_in_bbox=0, ql_dist=None)
  npp 20260909_1150 … ✗ swath overlaps bbox but all pixels cloud/land masked (raw_valid_in_bbox=0, ql_dist=None)
  npp 20260909_1200 … ✗ swath overlaps bbox but all pixels cloud/land masked (raw_valid_in_bbox=0, ql_dist=None)
  npp 20260909_1210 … ✗ swath overlaps bbox but all pixels cloud/land masked (raw_valid_in_bbox=0, ql_dist=None)
  npp 20260909_1250 … ✗ swath overlaps bbox but all pixels cloud/land masked (raw_valid_in_bbox=0, ql_dist=None)
  npp 20260909_1300 … ✗ swath overlaps bbox but all pixels cloud/land masked (raw_valid_in_bbox=0, ql_dist=None)
  npp 20260909_1310 … ✗ swath overlaps bbox but all pixels cloud/land masked (raw_valid_in_bbox=0, ql_dist=None)
  npp 20260909_1350 … ✗ swath overlaps bbox but all pixels cloud/land masked (raw_valid_in_bbox=0, ql_dist=None)
  npp 20260909_1400 … ✗ swath overlaps bbox but all pixels cloud/land masked (raw_valid_in_bbox=0, ql_dist=None)
  npp 20260909_1410 … ✗ swath overlaps bbox but all pixels cloud/land masked (raw_valid_in_bbox=0, ql_dist=None)
  npp 20260909_1450 … ✗ swath overlaps bbox but all pixels cloud/land masked (raw_valid_in_bbox=0, ql_dist=None)
  npp 20260909_1500 … ✗ swath overlaps bbox but all pixels cloud/land masked (raw_valid_in_bbox=0, ql_dist=None)
  npp 20260909_1510 … ✗ swath overlaps bbox but all pixels cloud/land masked (raw_valid_in_bbox=0, ql_dist=None)
  npp 20260909_1550 … ✗ swath overlaps bbox but all pixels cloud/land masked (raw_valid_in_bbox=0, ql_dist=None)
  npp 20260909_1600 … ✗ swath overlaps bbox but all pixels cloud/land masked (raw_valid_in_bbox=0, ql_dist=None)
  npp 20260909_1610 … ✗ swath overlaps bbox but all pixels cloud/land masked (raw_valid_in_bbox=0, ql_dist=None)
  npp 20260909_1650 … ✗ swath overlaps bbox but all pixels cloud/land masked (raw_valid_in_bbox=0, ql_dist=None)
  npp 20260909_1700 … ✗ swath overlaps bbox but all pixels cloud/land masked (raw_valid_in_bbox=0, ql_dist=None)
  npp 20260909_1710 … ✗ swath overlaps bbox but all pixels cloud/land masked (raw_valid_in_bbox=0, ql_dist=None)
  npp 20260909_1750 … ✗ swath overlaps bbox but all pixels cloud/land masked (raw_valid_in_bbox=0, ql_dist=None)
  npp 20260909_1800 … ✗ swath overlaps bbox but all pixels cloud/land masked (raw_valid_in_bbox=0, ql_dist=None)
  npp 20260909_1810 … ✗ swath overlaps bbox but all pixels cloud/land masked (raw_valid_in_bbox=0, ql_dist=None)
  npp 20260909_1850 ✓ (cached)
  npp 20260909_1900 … ✗ swath overlaps bbox but all pixels cloud/land masked (raw_valid_in_bbox=0, ql_dist=None)
  npp 20260909_1910 … ✗ swath overlaps bbox but all pixels cloud/land masked (raw_valid_in_bbox=0, ql_dist=None)
  npp 20260909_1950 … ✗ swath overlaps bbox but all pixels cloud/land masked (raw_valid_in_bbox=0, ql_dist=None)
  npp 20260909_2000 … ✗ swath overlaps bbox but all pixels cloud/land masked (raw_valid_in_bbox=0, ql_dist=None)
  npp 20260909_2010 … ✗ swath overlaps bbox but all pixels cloud/land masked (raw_valid_in_bbox=0, ql_dist=None)
  npp 20260909_2050 … ✗ swath overlaps bbox but all pixels cloud/land masked (raw_valid_in_bbox=0, ql_dist=None)
  npp 20260909_2100 … ✗ swath overlaps bbox but all pixels cloud/land masked (raw_valid_in_bbox=0, ql_dist=None)
  npp 20260909_2110 … ✗ swath overlaps bbox but all pixels cloud/land masked (raw_valid_in_bbox=0, ql_dist=None)
  npp 20260909_2150 … ✗ swath overlaps bbox but all pixels cloud/land masked (raw_valid_in_bbox=0, ql_dist=None)
  npp 20260909_2200 … ✗ swath overlaps bbox but all pixels cloud/land masked (raw_valid_in_bbox=0, ql_dist=None)
  npp 20260909_2210 … ✗ swath overlaps bbox but all pixels cloud/land masked (raw_valid_in_bbox=0, ql_dist=None)
  npp 20260910_0010 … ✗ swath overlaps bbox but all pixels cloud/land masked (raw_valid_in_bbox=0, ql_dist=None)
  npp 20260910_0050 … ✗ swath overlaps bbox but all pixels cloud/land masked (raw_valid_in_bbox=0, ql_dist=None)
  npp 20260910_0100 … ✗ swath overlaps bbox but all pixels cloud/land masked (raw_valid_in_bbox=0, ql_dist=None)
  npp 20260910_0110 … ✗ swath overlaps bbox but all pixels cloud/land masked (raw_valid_in_bbox=0, ql_dist=None)
  npp 20260910_0150 … ✗ swath overlaps bbox but all pixels cloud/land masked (raw_valid_in_bbox=0, ql_dist=None)
  npp 20260910_0200 … ✗ swath overlaps bbox but all pixels cloud/land masked (raw_valid_in_bbox=0, ql_dist=None)
  npp 20260910_0210 … ✗ swath overlaps bbox but all pixels cloud/land masked (raw_valid_in_bbox=0, ql_dist=None)
  npp 20260910_0250 … ✗ swath overlaps bbox but all pixels cloud/land masked (raw_valid_in_bbox=0, ql_dist=None)
  npp 20260910_0300 … ✗ swath overlaps bbox but all pixels cloud/land masked (raw_valid_in_bbox=0, ql_dist=None)
  npp 20260910_0310 … ✗ swath overlaps bbox but all pixels cloud/land masked (raw_valid_in_bbox=0, ql_dist=None)
  npp 20260910_0350 … ✗ swath overlaps bbox but all pixels cloud/land masked (raw_valid_in_bbox=0, ql_dist=None)
  npp 20260910_0400 … ✗ swath overlaps bbox but all pixels cloud/land masked (raw_valid_in_bbox=0, ql_dist=None)
  npp 20260910_0410 … ✗ swath overlaps bbox but all pixels cloud/land masked (raw_valid_in_bbox=0, ql_dist=None)
  npp 20260910_0450 … ✗ swath overlaps bbox but all pixels cloud/land masked (raw_valid_in_bbox=0, ql_dist=None)
  npp 20260910_0500 … ✗ swath overlaps bbox but all pixels cloud/land masked (raw_valid_in_bbox=0, ql_dist=None)
  npp 20260910_0510 … ✗ swath overlaps bbox but all pixels cloud/land masked (raw_valid_in_bbox=0, ql_dist=None)
  npp 20260910_0550 … ✗ swath overlaps bbox but all pixels cloud/land masked (raw_valid_in_bbox=0, ql_dist=None)
  npp 20260910_0600 … ✗ swath overlaps bbox but all pixels cloud/land masked (raw_valid_in_bbox=0, ql_dist=None)
  npp 20260910_0610 … ✗ swath overlaps bbox but all pixels cloud/land masked (raw_valid_in_bbox=0, ql_dist=None)
  npp 20260910_0650 … ✗ swath overlaps bbox but all pixels cloud/land masked (raw_valid_in_bbox=0, ql_dist=None)
  npp 20260910_0700 … ✗ swath overlaps bbox but all pixels cloud/land masked (raw_valid_in_bbox=0, ql_dist=None)
  npp 20260910_0710 …   → DailySSTData/VIIRS/Passes/s_fl/viirs_npp_20260910_0710.csv  (1679 pts, 38 lats × 124 lons)
  npp 20260910_0750 … ✗ swath overlaps bbox but all pixels cloud/land masked (raw_valid_in_bbox=0, ql_dist=None)
  npp 20260910_0800 … ✗ swath overlaps bbox but all pixels cloud/land masked (raw_valid_in_bbox=0, ql_dist=None)
  npp 20260910_0810 … ✗ swath overlaps bbox but all pixels cloud/land masked (raw_valid_in_bbox=0, ql_dist=None)
  n20 20260908_1050 … ✗ swath overlaps bbox but all pixels cloud/land masked (raw_valid_in_bbox=0, ql_dist=None)
  n20 20260908_1100 … ✗ swath overlaps bbox but all pixels cloud/land masked (raw_valid_in_bbox=0, ql_dist=None)
  n20 20260908_1110 … ✗ swath overlaps bbox but all pixels cloud/land masked (raw_valid_in_bbox=0, ql_dist=None)
  n20 20260908_1150 … ✗ swath overlaps bbox but all pixels cloud/land masked (raw_valid_in_bbox=0, ql_dist=None)
  n20 20260908_1200 … ✗ swath overlaps bbox but all pixels cloud/land masked (raw_valid_in_bbox=0, ql_dist=None)
  n20 20260908_1210 … ✗ swath overlaps bbox but all pixels cloud/land masked (raw_valid_in_bbox=0, ql_dist=None)
  n20 20260908_1250 … ✗ swath overlaps bbox but all pixels cloud/land masked (raw_valid_in_bbox=0, ql_dist=None)
  n20 20260908_1300 … ✗ swath overlaps bbox but all pixels cloud/land masked (raw_valid_in_bbox=0, ql_dist=None)
  n20 20260908_1310 … ✗ swath overlaps bbox but all pixels cloud/land masked (raw_valid_in_bbox=0, ql_dist=None)
  n20 20260908_1350 … ✗ swath overlaps bbox but all pixels cloud/land masked (raw_valid_in_bbox=0, ql_dist=None)
  n20 20260908_1400 … ✗ swath overlaps bbox but all pixels cloud/land masked (raw_valid_in_bbox=0, ql_dist=None)
  n20 20260908_1410 … ✗ swath overlaps bbox but all pixels cloud/land masked (raw_valid_in_bbox=0, ql_dist=None)
  n20 20260908_1450 … ✗ swath overlaps bbox but all pixels cloud/land masked (raw_valid_in_bbox=0, ql_dist=None)
  n20 20260908_1500 … ✗ swath overlaps bbox but all pixels cloud/land masked (raw_valid_in_bbox=0, ql_dist=None)
  n20 20260908_1510 … ✗ swath overlaps bbox but all pixels cloud/land masked (raw_valid_in_bbox=0, ql_dist=None)
  n20 20260908_1550 … ✗ swath overlaps bbox but all pixels cloud/land masked (raw_valid_in_bbox=0, ql_dist=None)
  n20 20260908_1600 … ✗ swath overlaps bbox but all pixels cloud/land masked (raw_valid_in_bbox=0, ql_dist=None)
  n20 20260908_1610 … ✗ swath overlaps bbox but all pixels cloud/land masked (raw_valid_in_bbox=0, ql_dist=None)
  n20 20260908_1650 … ✗ swath overlaps bbox but all pixels cloud/land masked (raw_valid_in_bbox=0, ql_dist=None)
  n20 20260908_1700 … ✗ swath overlaps bbox but all pixels cloud/land masked (raw_valid_in_bbox=0, ql_dist=None)
  n20 20260908_1710 … ✗ swath overlaps bbox but all pixels cloud/land masked (raw_valid_in_bbox=0, ql_dist=None)
  n20 20260908_1750 ✓ (cached)
  n20 20260908_1800 … ✗ swath overlaps bbox but all pixels cloud/land masked (raw_valid_in_bbox=0, ql_dist=None)
  n20 20260908_1810 … ✗ swath overlaps bbox but all pixels cloud/land masked (raw_valid_in_bbox=0, ql_dist=None)
  n20 20260908_1850 … ✗ swath overlaps bbox but all pixels cloud/land masked (raw_valid_in_bbox=0, ql_dist=None)
  n20 20260908_1900 … ✗ swath overlaps bbox but all pixels cloud/land masked (raw_valid_in_bbox=0, ql_dist=None)
  n20 20260908_1910 … ✗ swath overlaps bbox but all pixels cloud/land masked (raw_valid_in_bbox=0, ql_dist=None)
  n20 20260908_1950 … ✗ swath overlaps bbox but all pixels cloud/land masked (raw_valid_in_bbox=0, ql_dist=None)
  n20 20260908_2000 … ✗ swath overlaps bbox but all pixels cloud/land masked (raw_valid_in_bbox=0, ql_dist=None)
  n20 20260908_2010 … ✗ swath overlaps bbox but all pixels cloud/land masked (raw_valid_in_bbox=0, ql_dist=None)
  n20 20260908_2050 … ✗ swath overlaps bbox but all pixels cloud/land masked (raw_valid_in_bbox=0, ql_dist=None)
  n20 20260908_2100 … ✗ swath overlaps bbox but all pixels cloud/land masked (raw_valid_in_bbox=0, ql_dist=None)
  n20 20260908_2110 … ✗ swath overlaps bbox but all pixels cloud/land masked (raw_valid_in_bbox=0, ql_dist=None)
  n20 20260908_2150 … ✗ swath overlaps bbox but all pixels cloud/land masked (raw_valid_in_bbox=0, ql_dist=None)
  n20 20260908_2200 … ✗ swath overlaps bbox but all pixels cloud/land masked (raw_valid_in_bbox=0, ql_dist=None)
  n20 20260908_2210 … ✗ swath overlaps bbox but all pixels cloud/land masked (raw_valid_in_bbox=0, ql_dist=None)
  n20 20260908_2250 … ✗ swath overlaps bbox but all pixels cloud/land masked (raw_valid_in_bbox=0, ql_dist=None)
  n20 20260908_2300 … ✗ swath overlaps bbox but all pixels cloud/land masked (raw_valid_in_bbox=0, ql_dist=None)
  n20 20260908_2310 … ✗ swath overlaps bbox but all pixels cloud/land masked (raw_valid_in_bbox=0, ql_dist=None)
  n20 20260908_2350 … ✗ swath overlaps bbox but all pixels cloud/land masked (raw_valid_in_bbox=0, ql_dist=None)
  n20 20260909_0000 … ✗ swath overlaps bbox but all pixels cloud/land masked (raw_valid_in_bbox=0, ql_dist=None)
  n20 20260909_0010 … ✗ swath overlaps bbox but all pixels cloud/land masked (raw_valid_in_bbox=0, ql_dist=None)
  n20 20260909_0050 … ✗ swath overlaps bbox but all pixels cloud/land masked (raw_valid_in_bbox=0, ql_dist=None)
  n20 20260909_0100 … ✗ swath overlaps bbox but all pixels cloud/land masked (raw_valid_in_bbox=0, ql_dist=None)
  n20 20260909_0110 … ✗ swath overlaps bbox but all pixels cloud/land masked (raw_valid_in_bbox=0, ql_dist=None)
  n20 20260909_0150 … ✗ swath overlaps bbox but all pixels cloud/land masked (raw_valid_in_bbox=0, ql_dist=None)
  n20 20260909_0200 … ✗ swath overlaps bbox but all pixels cloud/land masked (raw_valid_in_bbox=0, ql_dist=None)
  n20 20260909_0210 … ✗ swath overlaps bbox but all pixels cloud/land masked (raw_valid_in_bbox=0, ql_dist=None)
  n20 20260909_0250 … ✗ swath overlaps bbox but all pixels cloud/land masked (raw_valid_in_bbox=0, ql_dist=None)
  n20 20260909_0300 … ✗ swath overlaps bbox but all pixels cloud/land masked (raw_valid_in_bbox=0, ql_dist=None)
  n20 20260909_0310 … ✗ swath overlaps bbox but all pixels cloud/land masked (raw_valid_in_bbox=0, ql_dist=None)
  n20 20260909_0350 … ✗ swath overlaps bbox but all pixels cloud/land masked (raw_valid_in_bbox=0, ql_dist=None)
  n20 20260909_0400 … ✗ swath overlaps bbox but all pixels cloud/land masked (raw_valid_in_bbox=0, ql_dist=None)
  n20 20260909_0410 … ✗ swath overlaps bbox but all pixels cloud/land masked (raw_valid_in_bbox=0, ql_dist=None)
  n20 20260909_0450 … ✗ swath overlaps bbox but all pixels cloud/land masked (raw_valid_in_bbox=0, ql_dist=None)
  n20 20260909_0500 … ✗ swath overlaps bbox but all pixels cloud/land masked (raw_valid_in_bbox=0, ql_dist=None)
  n20 20260909_0510 … ✗ swath overlaps bbox but all pixels cloud/land masked (raw_valid_in_bbox=0, ql_dist=None)
  n20 20260909_0550 … ✗ swath overlaps bbox but all pixels cloud/land masked (raw_valid_in_bbox=0, ql_dist=None)
  n20 20260909_0600 … ✗ swath overlaps bbox but all pixels cloud/land masked (raw_valid_in_bbox=0, ql_dist=None)
  n20 20260909_0610 ✓ (cached)
  n20 20260909_0650 … ✗ swath overlaps bbox but all pixels cloud/land masked (raw_valid_in_bbox=0, ql_dist=None)
  n20 20260909_0700 … ✗ swath overlaps bbox but all pixels cloud/land masked (raw_valid_in_bbox=0, ql_dist=None)
  n20 20260909_0710 … ✗ swath overlaps bbox but all pixels cloud/land masked (raw_valid_in_bbox=0, ql_dist=None)
  n20 20260909_0750 ✓ (cached)
  n20 20260909_0800 … ✗ swath overlaps bbox but all pixels cloud/land masked (raw_valid_in_bbox=0, ql_dist=None)
  n20 20260909_0810 … ✗ swath overlaps bbox but all pixels cloud/land masked (raw_valid_in_bbox=0, ql_dist=None)
  n20 20260909_0850 … ✗ swath overlaps bbox but all pixels cloud/land masked (raw_valid_in_bbox=0, ql_dist=None)
  n20 20260909_0900 … ✗ swath overlaps bbox but all pixels cloud/land masked (raw_valid_in_bbox=0, ql_dist=None)
  n20 20260909_0910 … ✗ swath overlaps bbox but all pixels cloud/land masked (raw_valid_in_bbox=0, ql_dist=None)
  n20 20260909_0950 … ✗ swath overlaps bbox but all pixels cloud/land masked (raw_valid_in_bbox=0, ql_dist=None)
  n20 20260909_1000 … ✗ swath overlaps bbox but all pixels cloud/land masked (raw_valid_in_bbox=0, ql_dist=None)
  n20 20260909_1010 … ✗ swath overlaps bbox but all pixels cloud/land masked (raw_valid_in_bbox=0, ql_dist=None)
  n20 20260909_1050 … ✗ swath overlaps bbox but all pixels cloud/land masked (raw_valid_in_bbox=0, ql_dist=None)
  n20 20260909_1100 … ✗ swath overlaps bbox but all pixels cloud/land masked (raw_valid_in_bbox=0, ql_dist=None)
  n20 20260909_1110 … ✗ swath overlaps bbox but all pixels cloud/land masked (raw_valid_in_bbox=0, ql_dist=None)
  n20 20260909_1150 … ✗ swath overlaps bbox but all pixels cloud/land masked (raw_valid_in_bbox=0, ql_dist=None)
  n20 20260909_1200 … ✗ swath overlaps bbox but all pixels cloud/land masked (raw_valid_in_bbox=0, ql_dist=None)
  n20 20260909_1210 … ✗ swath overlaps bbox but all pixels cloud/land masked (raw_valid_in_bbox=0, ql_dist=None)
  n20 20260909_1250 … ✗ swath overlaps bbox but all pixels cloud/land masked (raw_valid_in_bbox=0, ql_dist=None)
  n20 20260909_1300 … ✗ swath overlaps bbox but all pixels cloud/land masked (raw_valid_in_bbox=0, ql_dist=None)
  n20 20260909_1310 … ✗ swath overlaps bbox but all pixels cloud/land masked (raw_valid_in_bbox=0, ql_dist=None)
  n20 20260909_1350 … ✗ swath overlaps bbox but all pixels cloud/land masked (raw_valid_in_bbox=0, ql_dist=None)
  n20 20260909_1400 … ✗ swath overlaps bbox but all pixels cloud/land masked (raw_valid_in_bbox=0, ql_dist=None)
  n20 20260909_1410 … ✗ swath overlaps bbox but all pixels cloud/land masked (raw_valid_in_bbox=0, ql_dist=None)
  n20 20260909_1450 … ✗ swath overlaps bbox but all pixels cloud/land masked (raw_valid_in_bbox=0, ql_dist=None)
  n20 20260909_1500 … ✗ swath overlaps bbox but all pixels cloud/land masked (raw_valid_in_bbox=0, ql_dist=None)
  n20 20260909_1510 … ✗ swath overlaps bbox but all pixels cloud/land masked (raw_valid_in_bbox=0, ql_dist=None)
  n20 20260909_1550 … ✗ swath overlaps bbox but all pixels cloud/land masked (raw_valid_in_bbox=0, ql_dist=None)
  n20 20260909_1600 … ✗ swath overlaps bbox but all pixels cloud/land masked (raw_valid_in_bbox=0, ql_dist=None)
  n20 20260909_1610 … ✗ swath overlaps bbox but all pixels cloud/land masked (raw_valid_in_bbox=0, ql_dist=None)
  n20 20260909_1650 … ✗ swath overlaps bbox but all pixels cloud/land masked (raw_valid_in_bbox=0, ql_dist=None)
  n20 20260909_1700 … ✗ swath overlaps bbox but all pixels cloud/land masked (raw_valid_in_bbox=0, ql_dist=None)
  n20 20260909_1710 … ✗ swath overlaps bbox but all pixels cloud/land masked (raw_valid_in_bbox=0, ql_dist=None)
  n20 20260909_1750 … ✗ swath overlaps bbox but all pixels cloud/land masked (raw_valid_in_bbox=0, ql_dist=None)
  n20 20260909_1800 … ✗ swath overlaps bbox but all pixels cloud/land masked (raw_valid_in_bbox=0, ql_dist=None)
  n20 20260909_1810 … ✗ swath overlaps bbox but all pixels cloud/land masked (raw_valid_in_bbox=0, ql_dist=None)
  n20 20260909_1850 … ✗ swath overlaps bbox but all pixels cloud/land masked (raw_valid_in_bbox=0, ql_dist=None)
  n20 20260909_1900 … ✗ swath overlaps bbox but all pixels cloud/land masked (raw_valid_in_bbox=0, ql_dist=None)
  n20 20260909_1910 ✓ (cached)
  n20 20260909_1950 … ✗ swath overlaps bbox but all pixels cloud/land masked (raw_valid_in_bbox=0, ql_dist=None)
  n20 20260909_2000 … ✗ swath overlaps bbox but all pixels cloud/land masked (raw_valid_in_bbox=0, ql_dist=None)
  n20 20260909_2010 … ✗ swath overlaps bbox but all pixels cloud/land masked (raw_valid_in_bbox=0, ql_dist=None)
  n20 20260909_2050 … ✗ swath overlaps bbox but all pixels cloud/land masked (raw_valid_in_bbox=0, ql_dist=None)
  n20 20260909_2100 … ✗ swath overlaps bbox but all pixels cloud/land masked (raw_valid_in_bbox=0, ql_dist=None)
  n20 20260909_2110 … ✗ swath overlaps bbox but all pixels cloud/land masked (raw_valid_in_bbox=0, ql_dist=None)
  n20 20260909_2150 … ✗ swath overlaps bbox but all pixels cloud/land masked (raw_valid_in_bbox=0, ql_dist=None)
  n20 20260909_2200 … ✗ swath overlaps bbox but all pixels cloud/land masked (raw_valid_in_bbox=0, ql_dist=None)
  n20 20260909_2210 … ✗ swath overlaps bbox but all pixels cloud/land masked (raw_valid_in_bbox=0, ql_dist=None)
  n20 20260909_2250 … ✗ swath overlaps bbox but all pixels cloud/land masked (raw_valid_in_bbox=0, ql_dist=None)
  n20 20260909_2300 … ✗ swath overlaps bbox but all pixels cloud/land masked (raw_valid_in_bbox=0, ql_dist=None)
  n20 20260909_2310 … ✗ swath overlaps bbox but all pixels cloud/land masked (raw_valid_in_bbox=0, ql_dist=None)
  n20 20260909_2350 … ✗ swath overlaps bbox but all pixels cloud/land masked (raw_valid_in_bbox=0, ql_dist=None)
  n20 20260910_0000 … ✗ swath overlaps bbox but all pixels cloud/land masked (raw_valid_in_bbox=0, ql_dist=None)
  n20 20260910_0010 … ✗ swath overlaps bbox but all pixels cloud/land masked (raw_valid_in_bbox=0, ql_dist=None)
  n20 20260910_0050 … ✗ swath overlaps bbox but all pixels cloud/land masked (raw_valid_in_bbox=0, ql_dist=None)
  n20 20260910_0100 … ✗ swath overlaps bbox but all pixels cloud/land masked (raw_valid_in_bbox=0, ql_dist=None)
  n20 20260910_0110 … ✗ swath overlaps bbox but all pixels cloud/land masked (raw_valid_in_bbox=0, ql_dist=None)
  n20 20260910_0150 … ✗ swath overlaps bbox but all pixels cloud/land masked (raw_valid_in_bbox=0, ql_dist=None)
  n20 20260910_0200 … ✗ swath overlaps bbox but all pixels cloud/land masked (raw_valid_in_bbox=0, ql_dist=None)
  n20 20260910_0210 … ✗ swath overlaps bbox but all pixels cloud/land masked (raw_valid_in_bbox=0, ql_dist=None)
  n20 20260910_0250 … ✗ swath overlaps bbox but all pixels cloud/land masked (raw_valid_in_bbox=0, ql_dist=None)
  n20 20260910_0300 … ✗ swath overlaps bbox but all pixels cloud/land masked (raw_valid_in_bbox=0, ql_dist=None)
  n20 20260910_0310 … ✗ swath overlaps bbox but all pixels cloud/land masked (raw_valid_in_bbox=0, ql_dist=None)
  n20 20260910_0350 … ✗ swath overlaps bbox but all pixels cloud/land masked (raw_valid_in_bbox=0, ql_dist=None)
  n20 20260910_0400 … ✗ swath overlaps bbox but all pixels cloud/land masked (raw_valid_in_bbox=0, ql_dist=None)
  n20 20260910_0410 … ✗ swath overlaps bbox but all pixels cloud/land masked (raw_valid_in_bbox=0, ql_dist=None)
  n20 20260910_0450 … ✗ swath overlaps bbox but all pixels cloud/land masked (raw_valid_in_bbox=0, ql_dist=None)
  n20 20260910_0500 … ✗ swath overlaps bbox but all pixels cloud/land masked (raw_valid_in_bbox=0, ql_dist=None)
  n20 20260910_0510 … ✗ swath overlaps bbox but all pixels cloud/land masked (raw_valid_in_bbox=0, ql_dist=None)
  n20 20260910_0550 …   → DailySSTData/VIIRS/Passes/s_fl/viirs_n20_20260910_0550.csv  (2346 pts, 132 lats × 115 lons)
  n20 20260910_0600 …   → DailySSTData/VIIRS/Passes/s_fl/viirs_n20_20260910_0600.csv  (211 pts, 24 lats × 49 lons)
  n20 20260910_0610 … ✗ swath overlaps bbox but all pixels cloud/land masked (raw_valid_in_bbox=0, ql_dist=None)
  n20 20260910_0650 … ✗ swath overlaps bbox but all pixels cloud/land masked (raw_valid_in_bbox=0, ql_dist=None)
  n20 20260910_0700 … ✗ swath overlaps bbox but all pixels cloud/land masked (raw_valid_in_bbox=0, ql_dist=None)
  n20 20260910_0710 … ✗ swath overlaps bbox but all pixels cloud/land masked (raw_valid_in_bbox=0, ql_dist=None)
  n20 20260910_0750 … ✗ swath overlaps bbox but all pixels cloud/land masked (raw_valid_in_bbox=0, ql_dist=None)
  n20 20260910_0800 … ✗ swath overlaps bbox but all pixels cloud/land masked (raw_valid_in_bbox=0, ql_dist=None)
  n20 20260910_0810 … ✗ swath overlaps bbox but all pixels cloud/land masked (raw_valid_in_bbox=0, ql_dist=None)
  n20 20260910_0850 … ✗ swath overlaps bbox but all pixels cloud/land masked (raw_valid_in_bbox=0, ql_dist=None)
  n20 20260910_0900 … ✗ swath overlaps bbox but all pixels cloud/land masked (raw_valid_in_bbox=0, ql_dist=None)
  n20 20260910_0910 … ✗ swath overlaps bbox but all pixels cloud/land masked (raw_valid_in_bbox=0, ql_dist=None)
  n21 20260908_1050 … ✗ swath overlaps bbox but all pixels cloud/land masked (raw_valid_in_bbox=0, ql_dist=None)
  n21 20260908_1100 … ✗ swath overlaps bbox but all pixels cloud/land masked (raw_valid_in_bbox=0, ql_dist=None)
  n21 20260908_1110 … ✗ swath overlaps bbox but all pixels cloud/land masked (raw_valid_in_bbox=0, ql_dist=None)
  n21 20260908_1150 … ✗ swath overlaps bbox but all pixels cloud/land masked (raw_valid_in_bbox=0, ql_dist=None)
  n21 20260908_1200 … ✗ swath overlaps bbox but all pixels cloud/land masked (raw_valid_in_bbox=0, ql_dist=None)
  n21 20260908_1210 … ✗ swath overlaps bbox but all pixels cloud/land masked (raw_valid_in_bbox=0, ql_dist=None)
  n21 20260908_1250 … ✗ swath overlaps bbox but all pixels cloud/land masked (raw_valid_in_bbox=0, ql_dist=None)
  n21 20260908_1300 … ✗ swath overlaps bbox but all pixels cloud/land masked (raw_valid_in_bbox=0, ql_dist=None)
  n21 20260908_1310 … ✗ swath overlaps bbox but all pixels cloud/land masked (raw_valid_in_bbox=0, ql_dist=None)
  n21 20260908_1350 … ✗ swath overlaps bbox but all pixels cloud/land masked (raw_valid_in_bbox=0, ql_dist=None)
  n21 20260908_1400 … ✗ swath overlaps bbox but all pixels cloud/land masked (raw_valid_in_bbox=0, ql_dist=None)
  n21 20260908_1410 … ✗ swath overlaps bbox but all pixels cloud/land masked (raw_valid_in_bbox=0, ql_dist=None)
  n21 20260908_1450 … ✗ swath overlaps bbox but all pixels cloud/land masked (raw_valid_in_bbox=0, ql_dist=None)
  n21 20260908_1500 … ✗ swath overlaps bbox but all pixels cloud/land masked (raw_valid_in_bbox=0, ql_dist=None)
  n21 20260908_1510 … ✗ swath overlaps bbox but all pixels cloud/land masked (raw_valid_in_bbox=0, ql_dist=None)
  n21 20260908_1550 … ✗ swath overlaps bbox but all pixels cloud/land masked (raw_valid_in_bbox=0, ql_dist=None)
  n21 20260908_1600 … ✗ swath overlaps bbox but all pixels cloud/land masked (raw_valid_in_bbox=0, ql_dist=None)
  n21 20260908_1610 … ✗ swath overlaps bbox but all pixels cloud/land masked (raw_valid_in_bbox=0, ql_dist=None)
  n21 20260908_1650 … ✗ swath overlaps bbox but all pixels cloud/land masked (raw_valid_in_bbox=0, ql_dist=None)
  n21 20260908_1700 … ✗ swath overlaps bbox but all pixels cloud/land masked (raw_valid_in_bbox=0, ql_dist=None)
  n21 20260908_1710 … ✗ swath overlaps bbox but all pixels cloud/land masked (raw_valid_in_bbox=0, ql_dist=None)
  n21 20260908_1750 … ✗ swath overlaps bbox but all pixels cloud/land masked (raw_valid_in_bbox=0, ql_dist=None)
  n21 20260908_1800 … ✗ swath overlaps bbox but all pixels cloud/land masked (raw_valid_in_bbox=0, ql_dist=None)
  n21 20260908_1810 … ✗ swath overlaps bbox but all pixels cloud/land masked (raw_valid_in_bbox=0, ql_dist=None)
  n21 20260908_1850 … ✗ swath overlaps bbox but all pixels cloud/land masked (raw_valid_in_bbox=0, ql_dist=None)
  n21 20260908_1900 … ✗ swath overlaps bbox but all pixels cloud/land masked (raw_valid_in_bbox=0, ql_dist=None)
  n21 20260908_1910 … ✗ swath overlaps bbox but all pixels cloud/land masked (raw_valid_in_bbox=0, ql_dist=None)
  n21 20260908_1950 … ✗ swath overlaps bbox but all pixels cloud/land masked (raw_valid_in_bbox=0, ql_dist=None)
  n21 20260908_2000 … ✗ swath overlaps bbox but all pixels cloud/land masked (raw_valid_in_bbox=0, ql_dist=None)
  n21 20260908_2010 … ✗ swath overlaps bbox but all pixels cloud/land masked (raw_valid_in_bbox=0, ql_dist=None)
  n21 20260908_2050 … ✗ swath overlaps bbox but all pixels cloud/land masked (raw_valid_in_bbox=0, ql_dist=None)
  n21 20260908_2100 … ✗ swath overlaps bbox but all pixels cloud/land masked (raw_valid_in_bbox=0, ql_dist=None)
  n21 20260908_2110 … ✗ swath overlaps bbox but all pixels cloud/land masked (raw_valid_in_bbox=0, ql_dist=None)
  n21 20260908_2150 … ✗ swath overlaps bbox but all pixels cloud/land masked (raw_valid_in_bbox=0, ql_dist=None)
  n21 20260908_2200 … ✗ swath overlaps bbox but all pixels cloud/land masked (raw_valid_in_bbox=0, ql_dist=None)
  n21 20260908_2210 … ✗ swath overlaps bbox but all pixels cloud/land masked (raw_valid_in_bbox=0, ql_dist=None)
  n21 20260908_2250 … ✗ swath overlaps bbox but all pixels cloud/land masked (raw_valid_in_bbox=0, ql_dist=None)
  n21 20260908_2300 … ✗ swath overlaps bbox but all pixels cloud/land masked (raw_valid_in_bbox=0, ql_dist=None)
  n21 20260908_2310 … ✗ swath overlaps bbox but all pixels cloud/land masked (raw_valid_in_bbox=0, ql_dist=None)
  n21 20260908_2350 … ✗ swath overlaps bbox but all pixels cloud/land masked (raw_valid_in_bbox=0, ql_dist=None)
  n21 20260909_0000 … ✗ swath overlaps bbox but all pixels cloud/land masked (raw_valid_in_bbox=0, ql_dist=None)
  n21 20260909_0010 … ✗ swath overlaps bbox but all pixels cloud/land masked (raw_valid_in_bbox=0, ql_dist=None)
  n21 20260909_0050 … ✗ swath overlaps bbox but all pixels cloud/land masked (raw_valid_in_bbox=0, ql_dist=None)
  n21 20260909_0100 … ✗ swath overlaps bbox but all pixels cloud/land masked (raw_valid_in_bbox=0, ql_dist=None)
  n21 20260909_0110 … ✗ swath overlaps bbox but all pixels cloud/land masked (raw_valid_in_bbox=0, ql_dist=None)
  n21 20260909_0150 … ✗ swath overlaps bbox but all pixels cloud/land masked (raw_valid_in_bbox=0, ql_dist=None)
  n21 20260909_0200 … ✗ swath overlaps bbox but all pixels cloud/land masked (raw_valid_in_bbox=0, ql_dist=None)
  n21 20260909_0210 … ✗ swath overlaps bbox but all pixels cloud/land masked (raw_valid_in_bbox=0, ql_dist=None)
  n21 20260909_0250 … ✗ swath overlaps bbox but all pixels cloud/land masked (raw_valid_in_bbox=0, ql_dist=None)
  n21 20260909_0300 … ✗ swath overlaps bbox but all pixels cloud/land masked (raw_valid_in_bbox=0, ql_dist=None)
  n21 20260909_0310 … ✗ swath overlaps bbox but all pixels cloud/land masked (raw_valid_in_bbox=0, ql_dist=None)
  n21 20260909_0350 … ✗ swath overlaps bbox but all pixels cloud/land masked (raw_valid_in_bbox=0, ql_dist=None)
  n21 20260909_0400 … ✗ swath overlaps bbox but all pixels cloud/land masked (raw_valid_in_bbox=0, ql_dist=None)
  n21 20260909_0410 … ✗ swath overlaps bbox but all pixels cloud/land masked (raw_valid_in_bbox=0, ql_dist=None)
  n21 20260909_0450 … ✗ swath overlaps bbox but all pixels cloud/land masked (raw_valid_in_bbox=0, ql_dist=None)
  n21 20260909_0500 … ✗ swath overlaps bbox but all pixels cloud/land masked (raw_valid_in_bbox=0, ql_dist=None)
  n21 20260909_0510 … ✗ swath overlaps bbox but all pixels cloud/land masked (raw_valid_in_bbox=0, ql_dist=None)
  n21 20260909_0550 … ✗ swath overlaps bbox but all pixels cloud/land masked (raw_valid_in_bbox=0, ql_dist=None)
  n21 20260909_0600 … ✗ swath overlaps bbox but all pixels cloud/land masked (raw_valid_in_bbox=0, ql_dist=None)
  n21 20260909_0610 … ✗ swath overlaps bbox but all pixels cloud/land masked (raw_valid_in_bbox=0, ql_dist=None)
  n21 20260909_0650 … ✗ swath overlaps bbox but all pixels cloud/land masked (raw_valid_in_bbox=0, ql_dist=None)
  n21 20260909_0700 ✓ (cached)
  n21 20260909_0710 … ✗ swath overlaps bbox but all pixels cloud/land masked (raw_valid_in_bbox=0, ql_dist=None)
  n21 20260909_0750 … ✗ swath overlaps bbox but all pixels cloud/land masked (raw_valid_in_bbox=0, ql_dist=None)
  n21 20260909_0800 … ✗ swath overlaps bbox but all pixels cloud/land masked (raw_valid_in_bbox=0, ql_dist=None)
  n21 20260909_0810 … ✗ swath overlaps bbox but all pixels cloud/land masked (raw_valid_in_bbox=0, ql_dist=None)
  n21 20260909_0850 … ✗ swath overlaps bbox but all pixels cloud/land masked (raw_valid_in_bbox=0, ql_dist=None)
  n21 20260909_0900 … ✗ swath overlaps bbox but all pixels cloud/land masked (raw_valid_in_bbox=0, ql_dist=None)
  n21 20260909_0910 … ✗ swath overlaps bbox but all pixels cloud/land masked (raw_valid_in_bbox=0, ql_dist=None)
  n21 20260909_0950 … ✗ swath overlaps bbox but all pixels cloud/land masked (raw_valid_in_bbox=0, ql_dist=None)
  n21 20260909_1000 … ✗ swath overlaps bbox but all pixels cloud/land masked (raw_valid_in_bbox=0, ql_dist=None)
  n21 20260909_1010 … ✗ swath overlaps bbox but all pixels cloud/land masked (raw_valid_in_bbox=0, ql_dist=None)
  n21 20260909_1050 … ✗ swath overlaps bbox but all pixels cloud/land masked (raw_valid_in_bbox=0, ql_dist=None)
  n21 20260909_1100 … ✗ swath overlaps bbox but all pixels cloud/land masked (raw_valid_in_bbox=0, ql_dist=None)
  n21 20260909_1110 … ✗ swath overlaps bbox but all pixels cloud/land masked (raw_valid_in_bbox=0, ql_dist=None)
  n21 20260909_1150 … ✗ swath overlaps bbox but all pixels cloud/land masked (raw_valid_in_bbox=0, ql_dist=None)
  n21 20260909_1200 … ✗ swath overlaps bbox but all pixels cloud/land masked (raw_valid_in_bbox=0, ql_dist=None)
  n21 20260909_1210 … ✗ swath overlaps bbox but all pixels cloud/land masked (raw_valid_in_bbox=0, ql_dist=None)
  n21 20260909_1250 … ✗ swath overlaps bbox but all pixels cloud/land masked (raw_valid_in_bbox=0, ql_dist=None)
  n21 20260909_1300 … ✗ swath overlaps bbox but all pixels cloud/land masked (raw_valid_in_bbox=0, ql_dist=None)
  n21 20260909_1310 … ✗ swath overlaps bbox but all pixels cloud/land masked (raw_valid_in_bbox=0, ql_dist=None)
  n21 20260909_1350 … ✗ swath overlaps bbox but all pixels cloud/land masked (raw_valid_in_bbox=0, ql_dist=None)
  n21 20260909_1400 … ✗ swath overlaps bbox but all pixels cloud/land masked (raw_valid_in_bbox=0, ql_dist=None)
  n21 20260909_1410 … ✗ swath overlaps bbox but all pixels cloud/land masked (raw_valid_in_bbox=0, ql_dist=None)
  n21 20260909_1450 … ✗ swath overlaps bbox but all pixels cloud/land masked (raw_valid_in_bbox=0, ql_dist=None)
  n21 20260909_1500 … ✗ swath overlaps bbox but all pixels cloud/land masked (raw_valid_in_bbox=0, ql_dist=None)
  n21 20260909_1510 … ✗ swath overlaps bbox but all pixels cloud/land masked (raw_valid_in_bbox=0, ql_dist=None)
  n21 20260909_1550 … ✗ swath overlaps bbox but all pixels cloud/land masked (raw_valid_in_bbox=0, ql_dist=None)
  n21 20260909_1600 … ✗ swath overlaps bbox but all pixels cloud/land masked (raw_valid_in_bbox=0, ql_dist=None)
  n21 20260909_1610 … ✗ swath overlaps bbox but all pixels cloud/land masked (raw_valid_in_bbox=0, ql_dist=None)
  n21 20260909_1650 … ✗ swath overlaps bbox but all pixels cloud/land masked (raw_valid_in_bbox=0, ql_dist=None)
  n21 20260909_1700 … ✗ swath overlaps bbox but all pixels cloud/land masked (raw_valid_in_bbox=0, ql_dist=None)
  n21 20260909_1710 … ✗ swath overlaps bbox but all pixels cloud/land masked (raw_valid_in_bbox=0, ql_dist=None)
  n21 20260909_1750 … ✗ swath overlaps bbox but all pixels cloud/land masked (raw_valid_in_bbox=0, ql_dist=None)
  n21 20260909_1800 … ✗ swath overlaps bbox but all pixels cloud/land masked (raw_valid_in_bbox=0, ql_dist=None)
  n21 20260909_1810 ✓ (cached)
  n21 20260909_1850 … ✗ swath overlaps bbox but all pixels cloud/land masked (raw_valid_in_bbox=0, ql_dist=None)
  n21 20260909_1900 … ✗ swath overlaps bbox but all pixels cloud/land masked (raw_valid_in_bbox=0, ql_dist=None)
  n21 20260909_1910 … ✗ swath overlaps bbox but all pixels cloud/land masked (raw_valid_in_bbox=0, ql_dist=None)
  n21 20260909_1950 … ✗ swath overlaps bbox but all pixels cloud/land masked (raw_valid_in_bbox=0, ql_dist=None)
  n21 20260909_2000 … ✗ swath overlaps bbox but all pixels cloud/land masked (raw_valid_in_bbox=0, ql_dist=None)
  n21 20260909_2010 … ✗ swath overlaps bbox but all pixels cloud/land masked (raw_valid_in_bbox=0, ql_dist=None)
  n21 20260909_2050 … ✗ swath overlaps bbox but all pixels cloud/land masked (raw_valid_in_bbox=0, ql_dist=None)
  n21 20260909_2100 … ✗ swath overlaps bbox but all pixels cloud/land masked (raw_valid_in_bbox=0, ql_dist=None)
  n21 20260909_2110 … ✗ swath overlaps bbox but all pixels cloud/land masked (raw_valid_in_bbox=0, ql_dist=None)
  n21 20260909_2150 … ✗ swath overlaps bbox but all pixels cloud/land masked (raw_valid_in_bbox=0, ql_dist=None)
  n21 20260909_2200 … ✗ swath overlaps bbox but all pixels cloud/land masked (raw_valid_in_bbox=0, ql_dist=None)
  n21 20260909_2210 … ✗ swath overlaps bbox but all pixels cloud/land masked (raw_valid_in_bbox=0, ql_dist=None)
  n21 20260909_2250 … ✗ swath overlaps bbox but all pixels cloud/land masked (raw_valid_in_bbox=0, ql_dist=None)
  n21 20260909_2300 … ✗ swath overlaps bbox but all pixels cloud/land masked (raw_valid_in_bbox=0, ql_dist=None)
  n21 20260909_2310 … ✗ swath overlaps bbox but all pixels cloud/land masked (raw_valid_in_bbox=0, ql_dist=None)
  n21 20260909_2350 … ✗ swath overlaps bbox but all pixels cloud/land masked (raw_valid_in_bbox=0, ql_dist=None)
  n21 20260910_0000 … ✗ swath overlaps bbox but all pixels cloud/land masked (raw_valid_in_bbox=0, ql_dist=None)
  n21 20260910_0010 … ✗ swath overlaps bbox but all pixels cloud/land masked (raw_valid_in_bbox=0, ql_dist=None)
  n21 20260910_0050 … ✗ swath overlaps bbox but all pixels cloud/land masked (raw_valid_in_bbox=0, ql_dist=None)
  n21 20260910_0100 … ✗ swath overlaps bbox but all pixels cloud/land masked (raw_valid_in_bbox=0, ql_dist=None)
  n21 20260910_0110 … ✗ swath overlaps bbox but all pixels cloud/land masked (raw_valid_in_bbox=0, ql_dist=None)
  n21 20260910_0150 … ✗ swath overlaps bbox but all pixels cloud/land masked (raw_valid_in_bbox=0, ql_dist=None)
  n21 20260910_0200 … ✗ swath overlaps bbox but all pixels cloud/land masked (raw_valid_in_bbox=0, ql_dist=None)
  n21 20260910_0210 … ✗ swath overlaps bbox but all pixels cloud/land masked (raw_valid_in_bbox=0, ql_dist=None)
  n21 20260910_0250 … ✗ swath overlaps bbox but all pixels cloud/land masked (raw_valid_in_bbox=0, ql_dist=None)
  n21 20260910_0300 … ✗ swath overlaps bbox but all pixels cloud/land masked (raw_valid_in_bbox=0, ql_dist=None)
  n21 20260910_0310 … ✗ swath overlaps bbox but all pixels cloud/land masked (raw_valid_in_bbox=0, ql_dist=None)
  n21 20260910_0350 … ✗ swath overlaps bbox but all pixels cloud/land masked (raw_valid_in_bbox=0, ql_dist=None)
  n21 20260910_0400 … ✗ swath overlaps bbox but all pixels cloud/land masked (raw_valid_in_bbox=0, ql_dist=None)
  n21 20260910_0410 … ✗ swath overlaps bbox but all pixels cloud/land masked (raw_valid_in_bbox=0, ql_dist=None)
  n21 20260910_0450 … ✗ swath overlaps bbox but all pixels cloud/land masked (raw_valid_in_bbox=0, ql_dist=None)
  n21 20260910_0500 … ✗ swath overlaps bbox but all pixels cloud/land masked (raw_valid_in_bbox=0, ql_dist=None)
  n21 20260910_0510 … ✗ swath overlaps bbox but all pixels cloud/land masked (raw_valid_in_bbox=0, ql_dist=None)
  n21 20260910_0550 … ✗ swath overlaps bbox but all pixels cloud/land masked (raw_valid_in_bbox=0, ql_dist=None)
  n21 20260910_0600 … ✗ swath overlaps bbox but all pixels cloud/land masked (raw_valid_in_bbox=0, ql_dist=None)
  n21 20260910_0610 … ✗ swath overlaps bbox but all pixels cloud/land masked (raw_valid_in_bbox=0, ql_dist=None)
  n21 20260910_0650 … ✗ swath overlaps bbox but all pixels cloud/land masked (raw_valid_in_bbox=0, ql_dist=None)
  n21 20260910_0700 … ✗ swath overlaps bbox but all pixels cloud/land masked (raw_valid_in_bbox=0, ql_dist=None)
  n21 20260910_0710 … ✗ swath overlaps bbox but all pixels cloud/land masked (raw_valid_in_bbox=0, ql_dist=None)
  n21 20260910_0750 … ✗ swath overlaps bbox but all pixels cloud/land masked (raw_valid_in_bbox=0, ql_dist=None)
  n21 20260910_0800 … ✗ swath overlaps bbox but all pixels cloud/land masked (raw_valid_in_bbox=0, ql_dist=None)
  n21 20260910_0810 … ✗ swath overlaps bbox but all pixels cloud/land masked (raw_valid_in_bbox=0, ql_dist=None)
  n21 20260910_0850 … ✗ swath overlaps bbox but all pixels cloud/land masked (raw_valid_in_bbox=0, ql_dist=None)
  n21 20260910_0900 … ✗ swath overlaps bbox but all pixels cloud/land masked (raw_valid_in_bbox=0, ql_dist=None)
  n21 20260910_0910 … ✗ swath overlaps bbox but all pixels cloud/land masked (raw_valid_in_bbox=0, ql_dist=None)

  VIIRS summary: 3 written, 9 cached, 403 miss/cloud, 606 outside windows.

=========================================================
✓ Pipeline complete
=========================================================
