========================================
RUNNING REGION: mid_atlantic
========================================
=========================================================
SST PIPELINE
  UTC    : 2026-07-26 04:34:05
  Region : mid_atlantic
  Bbox   : 33.7–39.0°N  -78.89–-72.21°E
  Output : DailySSTData/MUR  (and siblings)
=========================================================

── MUR daily composite (last 5 days) ──
  MUR 20260725 (coastwatch.noaa.gov) … ✗ RuntimeError
  MUR 20260725 (coastwatch.pfeg.noaa.gov) … ✗ RuntimeError
  MUR 20260725 (upwell.pfeg.noaa.gov) … ✗ RuntimeError
  ✗ MUR 20260725 — all mirrors failed. Last: upwell.pfeg.noaa.gov: RuntimeError: 404 — no data for this date
  ✓ MUR 20260724 (cached)
  ✓ MUR 20260723 (cached)
  ✓ MUR 20260722 (cached)
  ✓ MUR 20260721 (cached)

── GOES-19 geo-polar blended daily composite ──
  Candidates: 4 (2 hosts × 2 dataset IDs)
  GOES 20260726 [noaa/noaacwBLENDEDsstDLDaily] … ✗ RuntimeError: 404 — no data for this date
  GOES 20260726 [noaa/noaacwBLENDEDsstDaily] … ✗ RuntimeError: 404 — no data for this date
  GOES 20260726 [pfeg/noaacwBLENDEDsstDLDaily] … ✗ RuntimeError: 404 — no data for this date
  GOES 20260726 [pfeg/noaacwBLENDEDsstDaily] … ✗ RuntimeError: 404 — no data for this date
  GOES 20260725 [noaa/noaacwBLENDEDsstDLDaily] … ✗ RuntimeError: 404 — no data for this date
  GOES 20260725 [noaa/noaacwBLENDEDsstDaily] … ✗ RuntimeError: 404 — no data for this date
  GOES 20260725 [pfeg/noaacwBLENDEDsstDLDaily] … ✗ RuntimeError: 404 — no data for this date
  GOES 20260725 [pfeg/noaacwBLENDEDsstDaily] … ✗ RuntimeError: 404 — no data for this date
  GOES 20260724 [noaa/noaacwBLENDEDsstDLDaily] …   (land filter: loaded 24 coastline polygons)
  (land filter: dropped 70 inland, kept 2237 ocean)
✓
  → DailySSTData/GOES/Composite/goes_composite_20260724.csv  (2237 pts, 54 lats × 66 lons)

── VIIRS multi-pass (last 48h — NPP/N20/N21) ──
  ✓ VIIRS NRT base: https://www.star.nesdis.noaa.gov/pub/socd2/coastwatch/sst/nrt/viirs
  Hourly windows : 48
  Window range   : 2026-07-24 04:50Z → 2026-07-26 04:10Z
  Half-width     : ±10 min per bucket
  npp 20260724_0450 … ✗ swath overlaps bbox but all pixels cloud/land masked (raw_valid_in_bbox=0, ql_dist=None)
  npp 20260724_0500 … ✗ swath overlaps bbox but all pixels cloud/land masked (raw_valid_in_bbox=0, ql_dist=None)
  npp 20260724_0510 … ✗ swath overlaps bbox but all pixels cloud/land masked (raw_valid_in_bbox=0, ql_dist=None)
  npp 20260724_0550 … ✗ swath overlaps bbox but all pixels cloud/land masked (raw_valid_in_bbox=0, ql_dist=None)
  npp 20260724_0600 … ✗ swath overlaps bbox but all pixels cloud/land masked (raw_valid_in_bbox=0, ql_dist=None)
  npp 20260724_0610 … ✗ swath overlaps bbox but all pixels cloud/land masked (raw_valid_in_bbox=0, ql_dist=None)
  npp 20260724_0650 … ✗ swath overlaps bbox but all pixels cloud/land masked (raw_valid_in_bbox=0, ql_dist=None)
  npp 20260724_0700 … ✗ swath overlaps bbox but all pixels cloud/land masked (raw_valid_in_bbox=0, ql_dist=None)
  npp 20260724_0710 ✓ (cached)
  npp 20260724_0750 … ✗ swath overlaps bbox but all pixels cloud/land masked (raw_valid_in_bbox=0, ql_dist=None)
  npp 20260724_0800 … ✗ swath overlaps bbox but all pixels cloud/land masked (raw_valid_in_bbox=0, ql_dist=None)
  npp 20260724_0810 … ✗ swath overlaps bbox but all pixels cloud/land masked (raw_valid_in_bbox=0, ql_dist=None)
  npp 20260724_0850 … ✗ swath overlaps bbox but all pixels cloud/land masked (raw_valid_in_bbox=0, ql_dist=None)
  npp 20260724_0900 … ✗ swath overlaps bbox but all pixels cloud/land masked (raw_valid_in_bbox=0, ql_dist=None)
  npp 20260724_0910 … ✗ swath overlaps bbox but all pixels cloud/land masked (raw_valid_in_bbox=0, ql_dist=None)
  npp 20260724_0950 … ✗ swath overlaps bbox but all pixels cloud/land masked (raw_valid_in_bbox=0, ql_dist=None)
  npp 20260724_1000 … ✗ swath overlaps bbox but all pixels cloud/land masked (raw_valid_in_bbox=0, ql_dist=None)
  npp 20260724_1010 … ✗ swath overlaps bbox but all pixels cloud/land masked (raw_valid_in_bbox=0, ql_dist=None)
  npp 20260724_1050 … ✗ swath overlaps bbox but all pixels cloud/land masked (raw_valid_in_bbox=0, ql_dist=None)
  npp 20260724_1100 … ✗ swath overlaps bbox but all pixels cloud/land masked (raw_valid_in_bbox=0, ql_dist=None)
  npp 20260724_1110 … ✗ swath overlaps bbox but all pixels cloud/land masked (raw_valid_in_bbox=0, ql_dist=None)
  npp 20260724_1150 … ✗ swath overlaps bbox but all pixels cloud/land masked (raw_valid_in_bbox=0, ql_dist=None)
  npp 20260724_1200 … ✗ swath overlaps bbox but all pixels cloud/land masked (raw_valid_in_bbox=0, ql_dist=None)
  npp 20260724_1210 … ✗ swath overlaps bbox but all pixels cloud/land masked (raw_valid_in_bbox=0, ql_dist=None)
  npp 20260724_1250 … ✗ swath overlaps bbox but all pixels cloud/land masked (raw_valid_in_bbox=0, ql_dist=None)
  npp 20260724_1300 … ✗ swath overlaps bbox but all pixels cloud/land masked (raw_valid_in_bbox=0, ql_dist=None)
  npp 20260724_1310 … ✗ swath overlaps bbox but all pixels cloud/land masked (raw_valid_in_bbox=0, ql_dist=None)
  npp 20260724_1350 … ✗ swath overlaps bbox but all pixels cloud/land masked (raw_valid_in_bbox=0, ql_dist=None)
  npp 20260724_1400 … ✗ swath overlaps bbox but all pixels cloud/land masked (raw_valid_in_bbox=0, ql_dist=None)
  npp 20260724_1410 … ✗ swath overlaps bbox but all pixels cloud/land masked (raw_valid_in_bbox=0, ql_dist=None)
  npp 20260724_1450 … ✗ swath overlaps bbox but all pixels cloud/land masked (raw_valid_in_bbox=0, ql_dist=None)
  npp 20260724_1500 … ✗ swath overlaps bbox but all pixels cloud/land masked (raw_valid_in_bbox=0, ql_dist=None)
  npp 20260724_1510 … ✗ swath overlaps bbox but all pixels cloud/land masked (raw_valid_in_bbox=0, ql_dist=None)
  npp 20260724_1550 … ✗ swath overlaps bbox but all pixels cloud/land masked (raw_valid_in_bbox=0, ql_dist=None)
  npp 20260724_1600 … ✗ swath overlaps bbox but all pixels cloud/land masked (raw_valid_in_bbox=0, ql_dist=None)
  npp 20260724_1610 … ✗ swath overlaps bbox but all pixels cloud/land masked (raw_valid_in_bbox=0, ql_dist=None)
  npp 20260724_1650 ✓ (cached)
  npp 20260724_1700 … ✗ swath overlaps bbox but all pixels cloud/land masked (raw_valid_in_bbox=0, ql_dist=None)
  npp 20260724_1710 … ✗ swath overlaps bbox but all pixels cloud/land masked (raw_valid_in_bbox=0, ql_dist=None)
  npp 20260724_1750 … ✗ swath overlaps bbox but all pixels cloud/land masked (raw_valid_in_bbox=0, ql_dist=None)
  npp 20260724_1800 … ✗ swath overlaps bbox but all pixels cloud/land masked (raw_valid_in_bbox=0, ql_dist=None)
  npp 20260724_1810 … ✗ swath overlaps bbox but all pixels cloud/land masked (raw_valid_in_bbox=0, ql_dist=None)
  npp 20260724_1850 … ✗ swath overlaps bbox but all pixels cloud/land masked (raw_valid_in_bbox=0, ql_dist=None)
  npp 20260724_1900 … ✗ swath overlaps bbox but all pixels cloud/land masked (raw_valid_in_bbox=0, ql_dist=None)
  npp 20260724_1910 … ✗ swath overlaps bbox but all pixels cloud/land masked (raw_valid_in_bbox=0, ql_dist=None)
  npp 20260724_1950 … ✗ swath overlaps bbox but all pixels cloud/land masked (raw_valid_in_bbox=0, ql_dist=None)
  npp 20260724_2000 … ✗ swath overlaps bbox but all pixels cloud/land masked (raw_valid_in_bbox=0, ql_dist=None)
  npp 20260724_2010 … ✗ swath overlaps bbox but all pixels cloud/land masked (raw_valid_in_bbox=0, ql_dist=None)
  npp 20260724_2050 … ✗ swath overlaps bbox but all pixels cloud/land masked (raw_valid_in_bbox=0, ql_dist=None)
  npp 20260724_2100 … ✗ swath overlaps bbox but all pixels cloud/land masked (raw_valid_in_bbox=0, ql_dist=None)
  npp 20260724_2110 … ✗ swath overlaps bbox but all pixels cloud/land masked (raw_valid_in_bbox=0, ql_dist=None)
  npp 20260724_2150 … ✗ swath overlaps bbox but all pixels cloud/land masked (raw_valid_in_bbox=0, ql_dist=None)
  npp 20260724_2200 … ✗ swath overlaps bbox but all pixels cloud/land masked (raw_valid_in_bbox=0, ql_dist=None)
  npp 20260724_2210 … ✗ swath overlaps bbox but all pixels cloud/land masked (raw_valid_in_bbox=0, ql_dist=None)
  npp 20260724_2250 … ✗ swath overlaps bbox but all pixels cloud/land masked (raw_valid_in_bbox=0, ql_dist=None)
  npp 20260724_2300 … ✗ swath overlaps bbox but all pixels cloud/land masked (raw_valid_in_bbox=0, ql_dist=None)
  npp 20260724_2310 … ✗ swath overlaps bbox but all pixels cloud/land masked (raw_valid_in_bbox=0, ql_dist=None)
  npp 20260724_2350 … ✗ swath overlaps bbox but all pixels cloud/land masked (raw_valid_in_bbox=0, ql_dist=None)
  npp 20260725_0000 … ✗ swath overlaps bbox but all pixels cloud/land masked (raw_valid_in_bbox=0, ql_dist=None)
  npp 20260725_0010 … ✗ swath overlaps bbox but all pixels cloud/land masked (raw_valid_in_bbox=0, ql_dist=None)
  npp 20260725_0050 … ✗ swath overlaps bbox but all pixels cloud/land masked (raw_valid_in_bbox=0, ql_dist=None)
  npp 20260725_0100 … ✗ swath overlaps bbox but all pixels cloud/land masked (raw_valid_in_bbox=0, ql_dist=None)
  npp 20260725_0110 … ✗ swath overlaps bbox but all pixels cloud/land masked (raw_valid_in_bbox=0, ql_dist=None)
  npp 20260725_0150 … ✗ swath overlaps bbox but all pixels cloud/land masked (raw_valid_in_bbox=0, ql_dist=None)
  npp 20260725_0200 … ✗ swath overlaps bbox but all pixels cloud/land masked (raw_valid_in_bbox=0, ql_dist=None)
  npp 20260725_0210 … ✗ swath overlaps bbox but all pixels cloud/land masked (raw_valid_in_bbox=0, ql_dist=None)
  npp 20260725_0250 … ✗ swath overlaps bbox but all pixels cloud/land masked (raw_valid_in_bbox=0, ql_dist=None)
  npp 20260725_0300 … ✗ swath overlaps bbox but all pixels cloud/land masked (raw_valid_in_bbox=0, ql_dist=None)
  npp 20260725_0310 … ✗ swath overlaps bbox but all pixels cloud/land masked (raw_valid_in_bbox=0, ql_dist=None)
  npp 20260725_0350 … ✗ swath overlaps bbox but all pixels cloud/land masked (raw_valid_in_bbox=0, ql_dist=None)
  npp 20260725_0400 … ✗ swath overlaps bbox but all pixels cloud/land masked (raw_valid_in_bbox=0, ql_dist=None)
  npp 20260725_0410 … ✗ swath overlaps bbox but all pixels cloud/land masked (raw_valid_in_bbox=0, ql_dist=None)
  npp 20260725_0450 … ✗ swath overlaps bbox but all pixels cloud/land masked (raw_valid_in_bbox=0, ql_dist=None)
  npp 20260725_0500 … ✗ swath overlaps bbox but all pixels cloud/land masked (raw_valid_in_bbox=0, ql_dist=None)
  npp 20260725_0510 … ✗ swath overlaps bbox but all pixels cloud/land masked (raw_valid_in_bbox=0, ql_dist=None)
  npp 20260725_0550 … ✗ swath overlaps bbox but all pixels cloud/land masked (raw_valid_in_bbox=0, ql_dist=None)
  npp 20260725_0600 … ✗ swath overlaps bbox but all pixels cloud/land masked (raw_valid_in_bbox=0, ql_dist=None)
  npp 20260725_0610 … ✗ swath overlaps bbox but all pixels cloud/land masked (raw_valid_in_bbox=0, ql_dist=None)
  npp 20260725_0650 ✓ (cached)
  npp 20260725_0700 … ✗ swath overlaps bbox but all pixels cloud/land masked (raw_valid_in_bbox=0, ql_dist=None)
  npp 20260725_0710 … ✗ swath overlaps bbox but all pixels cloud/land masked (raw_valid_in_bbox=0, ql_dist=None)
  npp 20260725_0750 … ✗ swath overlaps bbox but all pixels cloud/land masked (raw_valid_in_bbox=0, ql_dist=None)
  npp 20260725_0800 … ✗ swath overlaps bbox but all pixels cloud/land masked (raw_valid_in_bbox=0, ql_dist=None)
  npp 20260725_0810 … ✗ swath overlaps bbox but all pixels cloud/land masked (raw_valid_in_bbox=0, ql_dist=None)
  npp 20260725_0850 … ✗ swath overlaps bbox but all pixels cloud/land masked (raw_valid_in_bbox=0, ql_dist=None)
  npp 20260725_0900 … ✗ swath overlaps bbox but all pixels cloud/land masked (raw_valid_in_bbox=0, ql_dist=None)
  npp 20260725_0910 … ✗ swath overlaps bbox but all pixels cloud/land masked (raw_valid_in_bbox=0, ql_dist=None)
  npp 20260725_0950 … ✗ swath overlaps bbox but all pixels cloud/land masked (raw_valid_in_bbox=0, ql_dist=None)
  npp 20260725_1000 … ✗ swath overlaps bbox but all pixels cloud/land masked (raw_valid_in_bbox=0, ql_dist=None)
  npp 20260725_1010 … ✗ swath overlaps bbox but all pixels cloud/land masked (raw_valid_in_bbox=0, ql_dist=None)
  npp 20260725_1050 … ✗ swath overlaps bbox but all pixels cloud/land masked (raw_valid_in_bbox=0, ql_dist=None)
  npp 20260725_1100 … ✗ swath overlaps bbox but all pixels cloud/land masked (raw_valid_in_bbox=0, ql_dist=None)
  npp 20260725_1110 … ✗ swath overlaps bbox but all pixels cloud/land masked (raw_valid_in_bbox=0, ql_dist=None)
  npp 20260725_1150 … ✗ swath overlaps bbox but all pixels cloud/land masked (raw_valid_in_bbox=0, ql_dist=None)
  npp 20260725_1200 … ✗ swath overlaps bbox but all pixels cloud/land masked (raw_valid_in_bbox=0, ql_dist=None)
  npp 20260725_1210 … ✗ swath overlaps bbox but all pixels cloud/land masked (raw_valid_in_bbox=0, ql_dist=None)
  npp 20260725_1250 … ✗ swath overlaps bbox but all pixels cloud/land masked (raw_valid_in_bbox=0, ql_dist=None)
  npp 20260725_1300 … ✗ swath overlaps bbox but all pixels cloud/land masked (raw_valid_in_bbox=0, ql_dist=None)
  npp 20260725_1310 … ✗ swath overlaps bbox but all pixels cloud/land masked (raw_valid_in_bbox=0, ql_dist=None)
  npp 20260725_1350 … ✗ swath overlaps bbox but all pixels cloud/land masked (raw_valid_in_bbox=0, ql_dist=None)
  npp 20260725_1400 … ✗ swath overlaps bbox but all pixels cloud/land masked (raw_valid_in_bbox=0, ql_dist=None)
  npp 20260725_1410 … ✗ swath overlaps bbox but all pixels cloud/land masked (raw_valid_in_bbox=0, ql_dist=None)
  npp 20260725_1450 … ✗ swath overlaps bbox but all pixels cloud/land masked (raw_valid_in_bbox=0, ql_dist=None)
  npp 20260725_1500 … ✗ swath overlaps bbox but all pixels cloud/land masked (raw_valid_in_bbox=0, ql_dist=None)
  npp 20260725_1510 … ✗ swath overlaps bbox but all pixels cloud/land masked (raw_valid_in_bbox=0, ql_dist=None)
  npp 20260725_1550 … ✗ swath overlaps bbox but all pixels cloud/land masked (raw_valid_in_bbox=0, ql_dist=None)
  npp 20260725_1600 … ✗ swath overlaps bbox but all pixels cloud/land masked (raw_valid_in_bbox=0, ql_dist=None)
  npp 20260725_1610 … ✗ swath overlaps bbox but all pixels cloud/land masked (raw_valid_in_bbox=0, ql_dist=None)
  npp 20260725_1650 … ✗ swath overlaps bbox but all pixels cloud/land masked (raw_valid_in_bbox=0, ql_dist=None)
  npp 20260725_1700 … ✗ swath overlaps bbox but all pixels cloud/land masked (raw_valid_in_bbox=0, ql_dist=None)
  npp 20260725_1710 … ✗ swath overlaps bbox but all pixels cloud/land masked (raw_valid_in_bbox=0, ql_dist=None)
  npp 20260725_1750 … ✗ swath overlaps bbox but all pixels cloud/land masked (raw_valid_in_bbox=0, ql_dist=None)
  npp 20260725_1800 … ✗ swath overlaps bbox but all pixels cloud/land masked (raw_valid_in_bbox=0, ql_dist=None)
  npp 20260725_1810 ✓ (cached)
  npp 20260725_1850 … ✗ swath overlaps bbox but all pixels cloud/land masked (raw_valid_in_bbox=0, ql_dist=None)
  npp 20260725_1900 … ✗ swath overlaps bbox but all pixels cloud/land masked (raw_valid_in_bbox=0, ql_dist=None)
  npp 20260725_1910 … ✗ swath overlaps bbox but all pixels cloud/land masked (raw_valid_in_bbox=0, ql_dist=None)
  npp 20260725_1950 … ✗ swath overlaps bbox but all pixels cloud/land masked (raw_valid_in_bbox=0, ql_dist=None)
  npp 20260725_2000 … ✗ swath overlaps bbox but all pixels cloud/land masked (raw_valid_in_bbox=0, ql_dist=None)
  npp 20260725_2010 … ✗ swath overlaps bbox but all pixels cloud/land masked (raw_valid_in_bbox=0, ql_dist=None)
  npp 20260725_2050 … ✗ swath overlaps bbox but all pixels cloud/land masked (raw_valid_in_bbox=0, ql_dist=None)
  npp 20260725_2100 … ✗ swath overlaps bbox but all pixels cloud/land masked (raw_valid_in_bbox=0, ql_dist=None)
  npp 20260725_2110 … ✗ swath overlaps bbox but all pixels cloud/land masked (raw_valid_in_bbox=0, ql_dist=None)
  npp 20260725_2150 … ✗ swath overlaps bbox but all pixels cloud/land masked (raw_valid_in_bbox=0, ql_dist=None)
  npp 20260725_2200 … ✗ swath overlaps bbox but all pixels cloud/land masked (raw_valid_in_bbox=0, ql_dist=None)
  npp 20260725_2210 … ✗ swath overlaps bbox but all pixels cloud/land masked (raw_valid_in_bbox=0, ql_dist=None)
  npp 20260725_2250 … ✗ swath overlaps bbox but all pixels cloud/land masked (raw_valid_in_bbox=0, ql_dist=None)
  npp 20260725_2300 … ✗ swath overlaps bbox but all pixels cloud/land masked (raw_valid_in_bbox=0, ql_dist=None)
  npp 20260725_2310 … ✗ swath overlaps bbox but all pixels cloud/land masked (raw_valid_in_bbox=0, ql_dist=None)
  npp 20260725_2350 … ✗ swath overlaps bbox but all pixels cloud/land masked (raw_valid_in_bbox=0, ql_dist=None)
  npp 20260726_0000 … ✗ swath overlaps bbox but all pixels cloud/land masked (raw_valid_in_bbox=0, ql_dist=None)
  npp 20260726_0010 … ✗ swath overlaps bbox but all pixels cloud/land masked (raw_valid_in_bbox=0, ql_dist=None)
  npp 20260726_0050 … ✗ swath overlaps bbox but all pixels cloud/land masked (raw_valid_in_bbox=0, ql_dist=None)
  npp 20260726_0100 … ✗ swath overlaps bbox but all pixels cloud/land masked (raw_valid_in_bbox=0, ql_dist=None)
  npp 20260726_0110 … ✗ swath overlaps bbox but all pixels cloud/land masked (raw_valid_in_bbox=0, ql_dist=None)
  npp 20260726_0150 … ✗ swath overlaps bbox but all pixels cloud/land masked (raw_valid_in_bbox=0, ql_dist=None)
  npp 20260726_0200 … ✗ swath overlaps bbox but all pixels cloud/land masked (raw_valid_in_bbox=0, ql_dist=None)
  npp 20260726_0210 … ✗ swath overlaps bbox but all pixels cloud/land masked (raw_valid_in_bbox=0, ql_dist=None)
  n20 20260724_0450 … ✗ swath overlaps bbox but all pixels cloud/land masked (raw_valid_in_bbox=0, ql_dist=None)
  n20 20260724_0500 … ✗ swath overlaps bbox but all pixels cloud/land masked (raw_valid_in_bbox=0, ql_dist=None)
  n20 20260724_0510 … ✗ swath overlaps bbox but all pixels cloud/land masked (raw_valid_in_bbox=0, ql_dist=None)
  n20 20260724_0550 ✓ (cached)
  n20 20260724_0600 … ✗ swath overlaps bbox but all pixels cloud/land masked (raw_valid_in_bbox=0, ql_dist=None)
  n20 20260724_0610 … ✗ swath overlaps bbox but all pixels cloud/land masked (raw_valid_in_bbox=0, ql_dist=None)
  n20 20260724_0650 … ✗ swath overlaps bbox but all pixels cloud/land masked (raw_valid_in_bbox=0, ql_dist=None)
  n20 20260724_0700 … ✗ swath overlaps bbox but all pixels cloud/land masked (raw_valid_in_bbox=0, ql_dist=None)
  n20 20260724_0710 … ✗ swath overlaps bbox but all pixels cloud/land masked (raw_valid_in_bbox=0, ql_dist=None)
  n20 20260724_0750 … ✗ swath overlaps bbox but all pixels cloud/land masked (raw_valid_in_bbox=0, ql_dist=None)
  n20 20260724_0800 … ✗ swath overlaps bbox but all pixels cloud/land masked (raw_valid_in_bbox=0, ql_dist=None)
  n20 20260724_0810 … ✗ swath overlaps bbox but all pixels cloud/land masked (raw_valid_in_bbox=0, ql_dist=None)
  n20 20260724_0850 … ✗ swath overlaps bbox but all pixels cloud/land masked (raw_valid_in_bbox=0, ql_dist=None)
  n20 20260724_0900 … ✗ swath overlaps bbox but all pixels cloud/land masked (raw_valid_in_bbox=0, ql_dist=None)
  n20 20260724_0910 … ✗ swath overlaps bbox but all pixels cloud/land masked (raw_valid_in_bbox=0, ql_dist=None)
  n20 20260724_0950 … ✗ swath overlaps bbox but all pixels cloud/land masked (raw_valid_in_bbox=0, ql_dist=None)
  n20 20260724_1000 … ✗ swath overlaps bbox but all pixels cloud/land masked (raw_valid_in_bbox=0, ql_dist=None)
  n20 20260724_1010 … ✗ swath overlaps bbox but all pixels cloud/land masked (raw_valid_in_bbox=0, ql_dist=None)
  n20 20260724_1050 … ✗ swath overlaps bbox but all pixels cloud/land masked (raw_valid_in_bbox=0, ql_dist=None)
  n20 20260724_1100 … ✗ swath overlaps bbox but all pixels cloud/land masked (raw_valid_in_bbox=0, ql_dist=None)
  n20 20260724_1110 … ✗ swath overlaps bbox but all pixels cloud/land masked (raw_valid_in_bbox=0, ql_dist=None)
  n20 20260724_1150 … ✗ swath overlaps bbox but all pixels cloud/land masked (raw_valid_in_bbox=0, ql_dist=None)
  n20 20260724_1200 … ✗ swath overlaps bbox but all pixels cloud/land masked (raw_valid_in_bbox=0, ql_dist=None)
  n20 20260724_1210 … ✗ swath overlaps bbox but all pixels cloud/land masked (raw_valid_in_bbox=0, ql_dist=None)
  n20 20260724_1250 … ✗ swath overlaps bbox but all pixels cloud/land masked (raw_valid_in_bbox=0, ql_dist=None)
  n20 20260724_1300 … ✗ swath overlaps bbox but all pixels cloud/land masked (raw_valid_in_bbox=0, ql_dist=None)
  n20 20260724_1310 … ✗ swath overlaps bbox but all pixels cloud/land masked (raw_valid_in_bbox=0, ql_dist=None)
  n20 20260724_1350 … ✗ swath overlaps bbox but all pixels cloud/land masked (raw_valid_in_bbox=0, ql_dist=None)
  n20 20260724_1400 … ✗ swath overlaps bbox but all pixels cloud/land masked (raw_valid_in_bbox=0, ql_dist=None)
  n20 20260724_1410 … ✗ swath overlaps bbox but all pixels cloud/land masked (raw_valid_in_bbox=0, ql_dist=None)
  n20 20260724_1450 … ✗ swath overlaps bbox but all pixels cloud/land masked (raw_valid_in_bbox=0, ql_dist=None)
  n20 20260724_1500 … ✗ swath overlaps bbox but all pixels cloud/land masked (raw_valid_in_bbox=0, ql_dist=None)
  n20 20260724_1510 … ✗ swath overlaps bbox but all pixels cloud/land masked (raw_valid_in_bbox=0, ql_dist=None)
  n20 20260724_1550 … ✗ swath overlaps bbox but all pixels cloud/land masked (raw_valid_in_bbox=0, ql_dist=None)
  n20 20260724_1600 … ✗ swath overlaps bbox but all pixels cloud/land masked (raw_valid_in_bbox=0, ql_dist=None)
  n20 20260724_1610 … ✗ swath overlaps bbox but all pixels cloud/land masked (raw_valid_in_bbox=0, ql_dist=None)
  n20 20260724_1650 … ✗ swath overlaps bbox but all pixels cloud/land masked (raw_valid_in_bbox=0, ql_dist=None)
  n20 20260724_1700 … ✗ swath overlaps bbox but all pixels cloud/land masked (raw_valid_in_bbox=0, ql_dist=None)
  n20 20260724_1710 ✓ (cached)
  n20 20260724_1750 … ✗ swath overlaps bbox but all pixels cloud/land masked (raw_valid_in_bbox=0, ql_dist=None)
  n20 20260724_1800 … ✗ swath overlaps bbox but all pixels cloud/land masked (raw_valid_in_bbox=0, ql_dist=None)
  n20 20260724_1810 … ✗ swath overlaps bbox but all pixels cloud/land masked (raw_valid_in_bbox=0, ql_dist=None)
  n20 20260724_1850 ✓ (cached)
  n20 20260724_1900 … ✗ swath overlaps bbox but all pixels cloud/land masked (raw_valid_in_bbox=0, ql_dist=None)
  n20 20260724_1910 … ✗ swath overlaps bbox but all pixels cloud/land masked (raw_valid_in_bbox=0, ql_dist=None)
  n20 20260724_1950 … ✗ swath overlaps bbox but all pixels cloud/land masked (raw_valid_in_bbox=0, ql_dist=None)
  n20 20260724_2000 … ✗ swath overlaps bbox but all pixels cloud/land masked (raw_valid_in_bbox=0, ql_dist=None)
  n20 20260724_2010 … ✗ swath overlaps bbox but all pixels cloud/land masked (raw_valid_in_bbox=0, ql_dist=None)
  n20 20260724_2050 … ✗ swath overlaps bbox but all pixels cloud/land masked (raw_valid_in_bbox=0, ql_dist=None)
  n20 20260724_2100 … ✗ swath overlaps bbox but all pixels cloud/land masked (raw_valid_in_bbox=0, ql_dist=None)
  n20 20260724_2110 … ✗ swath overlaps bbox but all pixels cloud/land masked (raw_valid_in_bbox=0, ql_dist=None)
  n20 20260724_2150 … ✗ swath overlaps bbox but all pixels cloud/land masked (raw_valid_in_bbox=0, ql_dist=None)
  n20 20260724_2200 … ✗ swath overlaps bbox but all pixels cloud/land masked (raw_valid_in_bbox=0, ql_dist=None)
  n20 20260724_2210 … ✗ swath overlaps bbox but all pixels cloud/land masked (raw_valid_in_bbox=0, ql_dist=None)
  n20 20260724_2250 … ✗ swath overlaps bbox but all pixels cloud/land masked (raw_valid_in_bbox=0, ql_dist=None)
  n20 20260724_2300 … ✗ swath overlaps bbox but all pixels cloud/land masked (raw_valid_in_bbox=0, ql_dist=None)
  n20 20260724_2310 … ✗ swath overlaps bbox but all pixels cloud/land masked (raw_valid_in_bbox=0, ql_dist=None)
  n20 20260724_2350 … ✗ swath overlaps bbox but all pixels cloud/land masked (raw_valid_in_bbox=0, ql_dist=None)
  n20 20260725_0000 … ✗ swath overlaps bbox but all pixels cloud/land masked (raw_valid_in_bbox=0, ql_dist=None)
  n20 20260725_0010 … ✗ swath overlaps bbox but all pixels cloud/land masked (raw_valid_in_bbox=0, ql_dist=None)
  n20 20260725_0050 … ✗ swath overlaps bbox but all pixels cloud/land masked (raw_valid_in_bbox=0, ql_dist=None)
  n20 20260725_0100 … ✗ swath overlaps bbox but all pixels cloud/land masked (raw_valid_in_bbox=0, ql_dist=None)
  n20 20260725_0110 … ✗ swath overlaps bbox but all pixels cloud/land masked (raw_valid_in_bbox=0, ql_dist=None)
  n20 20260725_0150 … ✗ swath overlaps bbox but all pixels cloud/land masked (raw_valid_in_bbox=0, ql_dist=None)
  n20 20260725_0200 … ✗ swath overlaps bbox but all pixels cloud/land masked (raw_valid_in_bbox=0, ql_dist=None)
  n20 20260725_0210 … ✗ swath overlaps bbox but all pixels cloud/land masked (raw_valid_in_bbox=0, ql_dist=None)
  n20 20260725_0250 … ✗ swath overlaps bbox but all pixels cloud/land masked (raw_valid_in_bbox=0, ql_dist=None)
  n20 20260725_0300 … ✗ swath overlaps bbox but all pixels cloud/land masked (raw_valid_in_bbox=0, ql_dist=None)
  n20 20260725_0310 … ✗ swath overlaps bbox but all pixels cloud/land masked (raw_valid_in_bbox=0, ql_dist=None)
  n20 20260725_0350 … ✗ swath overlaps bbox but all pixels cloud/land masked (raw_valid_in_bbox=0, ql_dist=None)
  n20 20260725_0400 … ✗ swath overlaps bbox but all pixels cloud/land masked (raw_valid_in_bbox=0, ql_dist=None)
  n20 20260725_0410 … ✗ swath overlaps bbox but all pixels cloud/land masked (raw_valid_in_bbox=0, ql_dist=None)
  n20 20260725_0450 … ✗ swath overlaps bbox but all pixels cloud/land masked (raw_valid_in_bbox=0, ql_dist=None)
  n20 20260725_0500 … ✗ swath overlaps bbox but all pixels cloud/land masked (raw_valid_in_bbox=0, ql_dist=None)
  n20 20260725_0510 … ✗ swath overlaps bbox but all pixels cloud/land masked (raw_valid_in_bbox=0, ql_dist=None)
  n20 20260725_0550 … ✗ swath overlaps bbox but all pixels cloud/land masked (raw_valid_in_bbox=0, ql_dist=None)
  n20 20260725_0600 … ✗ swath overlaps bbox but all pixels cloud/land masked (raw_valid_in_bbox=0, ql_dist=None)
  n20 20260725_0610 … ✗ swath overlaps bbox but all pixels cloud/land masked (raw_valid_in_bbox=0, ql_dist=None)
  n20 20260725_0650 … ✗ swath overlaps bbox but all pixels cloud/land masked (raw_valid_in_bbox=0, ql_dist=None)
  n20 20260725_0700 … ✗ swath overlaps bbox but all pixels cloud/land masked (raw_valid_in_bbox=0, ql_dist=None)
  n20 20260725_0710 ✓ (cached)
  n20 20260725_0750 … ✗ swath overlaps bbox but all pixels cloud/land masked (raw_valid_in_bbox=0, ql_dist=None)
  n20 20260725_0800 … ✗ swath overlaps bbox but all pixels cloud/land masked (raw_valid_in_bbox=0, ql_dist=None)
  n20 20260725_0810 … ✗ swath overlaps bbox but all pixels cloud/land masked (raw_valid_in_bbox=0, ql_dist=None)
  n20 20260725_0850 … ✗ swath overlaps bbox but all pixels cloud/land masked (raw_valid_in_bbox=0, ql_dist=None)
  n20 20260725_0900 … ✗ swath overlaps bbox but all pixels cloud/land masked (raw_valid_in_bbox=0, ql_dist=None)
  n20 20260725_0910 … ✗ swath overlaps bbox but all pixels cloud/land masked (raw_valid_in_bbox=0, ql_dist=None)
  n20 20260725_0950 … ✗ swath overlaps bbox but all pixels cloud/land masked (raw_valid_in_bbox=0, ql_dist=None)
  n20 20260725_1000 … ✗ swath overlaps bbox but all pixels cloud/land masked (raw_valid_in_bbox=0, ql_dist=None)
  n20 20260725_1010 … ✗ swath overlaps bbox but all pixels cloud/land masked (raw_valid_in_bbox=0, ql_dist=None)
  n20 20260725_1050 … ✗ swath overlaps bbox but all pixels cloud/land masked (raw_valid_in_bbox=0, ql_dist=None)
  n20 20260725_1100 … ✗ swath overlaps bbox but all pixels cloud/land masked (raw_valid_in_bbox=0, ql_dist=None)
  n20 20260725_1110 … ✗ swath overlaps bbox but all pixels cloud/land masked (raw_valid_in_bbox=0, ql_dist=None)
  n20 20260725_1150 … ✗ swath overlaps bbox but all pixels cloud/land masked (raw_valid_in_bbox=0, ql_dist=None)
  n20 20260725_1200 … ✗ swath overlaps bbox but all pixels cloud/land masked (raw_valid_in_bbox=0, ql_dist=None)
  n20 20260725_1210 … ✗ swath overlaps bbox but all pixels cloud/land masked (raw_valid_in_bbox=0, ql_dist=None)
  n20 20260725_1250 … ✗ swath overlaps bbox but all pixels cloud/land masked (raw_valid_in_bbox=0, ql_dist=None)
  n20 20260725_1300 … ✗ swath overlaps bbox but all pixels cloud/land masked (raw_valid_in_bbox=0, ql_dist=None)
  n20 20260725_1310 … ✗ swath overlaps bbox but all pixels cloud/land masked (raw_valid_in_bbox=0, ql_dist=None)
  n20 20260725_1350 … ✗ swath overlaps bbox but all pixels cloud/land masked (raw_valid_in_bbox=0, ql_dist=None)
  n20 20260725_1400 … ✗ swath overlaps bbox but all pixels cloud/land masked (raw_valid_in_bbox=0, ql_dist=None)
  n20 20260725_1410 … ✗ swath overlaps bbox but all pixels cloud/land masked (raw_valid_in_bbox=0, ql_dist=None)
  n20 20260725_1450 … ✗ swath overlaps bbox but all pixels cloud/land masked (raw_valid_in_bbox=0, ql_dist=None)
  n20 20260725_1500 … ✗ swath overlaps bbox but all pixels cloud/land masked (raw_valid_in_bbox=0, ql_dist=None)
  n20 20260725_1510 … ✗ swath overlaps bbox but all pixels cloud/land masked (raw_valid_in_bbox=0, ql_dist=None)
  n20 20260725_1550 … ✗ swath overlaps bbox but all pixels cloud/land masked (raw_valid_in_bbox=0, ql_dist=None)
  n20 20260725_1600 … ✗ swath overlaps bbox but all pixels cloud/land masked (raw_valid_in_bbox=0, ql_dist=None)
  n20 20260725_1610 … ✗ swath overlaps bbox but all pixels cloud/land masked (raw_valid_in_bbox=0, ql_dist=None)
  n20 20260725_1650 ✓ (cached)
  n20 20260725_1700 … ✗ swath overlaps bbox but all pixels cloud/land masked (raw_valid_in_bbox=0, ql_dist=None)
  n20 20260725_1710 … ✗ swath overlaps bbox but all pixels cloud/land masked (raw_valid_in_bbox=0, ql_dist=None)
  n20 20260725_1750 … ✗ swath overlaps bbox but all pixels cloud/land masked (raw_valid_in_bbox=0, ql_dist=None)
  n20 20260725_1800 … ✗ swath overlaps bbox but all pixels cloud/land masked (raw_valid_in_bbox=0, ql_dist=None)
  n20 20260725_1810 … ✗ swath overlaps bbox but all pixels cloud/land masked (raw_valid_in_bbox=0, ql_dist=None)
  n20 20260725_1850 … ✗ swath overlaps bbox but all pixels cloud/land masked (raw_valid_in_bbox=0, ql_dist=None)
  n20 20260725_1900 … ✗ swath overlaps bbox but all pixels cloud/land masked (raw_valid_in_bbox=0, ql_dist=None)
  n20 20260725_1910 … ✗ swath overlaps bbox but all pixels cloud/land masked (raw_valid_in_bbox=0, ql_dist=None)
  n20 20260725_1950 … ✗ swath overlaps bbox but all pixels cloud/land masked (raw_valid_in_bbox=0, ql_dist=None)
  n20 20260725_2000 … ✗ swath overlaps bbox but all pixels cloud/land masked (raw_valid_in_bbox=0, ql_dist=None)
  n20 20260725_2010 … ✗ swath overlaps bbox but all pixels cloud/land masked (raw_valid_in_bbox=0, ql_dist=None)
  n20 20260725_2050 … ✗ swath overlaps bbox but all pixels cloud/land masked (raw_valid_in_bbox=0, ql_dist=None)
  n20 20260725_2100 … ✗ swath overlaps bbox but all pixels cloud/land masked (raw_valid_in_bbox=0, ql_dist=None)
  n20 20260725_2110 … ✗ swath overlaps bbox but all pixels cloud/land masked (raw_valid_in_bbox=0, ql_dist=None)
  n20 20260725_2150 … ✗ swath overlaps bbox but all pixels cloud/land masked (raw_valid_in_bbox=0, ql_dist=None)
  n20 20260725_2200 … ✗ swath overlaps bbox but all pixels cloud/land masked (raw_valid_in_bbox=0, ql_dist=None)
  n20 20260725_2210 … ✗ swath overlaps bbox but all pixels cloud/land masked (raw_valid_in_bbox=0, ql_dist=None)
  n20 20260725_2250 … ✗ swath overlaps bbox but all pixels cloud/land masked (raw_valid_in_bbox=0, ql_dist=None)
  n20 20260725_2300 … ✗ swath overlaps bbox but all pixels cloud/land masked (raw_valid_in_bbox=0, ql_dist=None)
  n20 20260725_2310 … ✗ swath overlaps bbox but all pixels cloud/land masked (raw_valid_in_bbox=0, ql_dist=None)
  n20 20260725_2350 … ✗ swath overlaps bbox but all pixels cloud/land masked (raw_valid_in_bbox=0, ql_dist=None)
  n20 20260726_0000 … ✗ swath overlaps bbox but all pixels cloud/land masked (raw_valid_in_bbox=0, ql_dist=None)
  n20 20260726_0010 … ✗ swath overlaps bbox but all pixels cloud/land masked (raw_valid_in_bbox=0, ql_dist=None)
  n20 20260726_0050 … ✗ swath overlaps bbox but all pixels cloud/land masked (raw_valid_in_bbox=0, ql_dist=None)
  n20 20260726_0100 … ✗ swath overlaps bbox but all pixels cloud/land masked (raw_valid_in_bbox=0, ql_dist=None)
  n20 20260726_0110 … ✗ swath overlaps bbox but all pixels cloud/land masked (raw_valid_in_bbox=0, ql_dist=None)
  n20 20260726_0150 … ✗ swath overlaps bbox but all pixels cloud/land masked (raw_valid_in_bbox=0, ql_dist=None)
  n20 20260726_0200 … ✗ swath overlaps bbox but all pixels cloud/land masked (raw_valid_in_bbox=0, ql_dist=None)
  n20 20260726_0210 … ✗ swath overlaps bbox but all pixels cloud/land masked (raw_valid_in_bbox=0, ql_dist=None)
  n20 20260726_0250 … ✗ swath overlaps bbox but all pixels cloud/land masked (raw_valid_in_bbox=0, ql_dist=None)
  n20 20260726_0300 … ✗ swath overlaps bbox but all pixels cloud/land masked (raw_valid_in_bbox=0, ql_dist=None)
  n20 20260726_0310 … ✗ swath overlaps bbox but all pixels cloud/land masked (raw_valid_in_bbox=0, ql_dist=None)
  n20 20260726_0350 … ✗ swath overlaps bbox but all pixels cloud/land masked (raw_valid_in_bbox=0, ql_dist=None)
  n21 20260724_0450 … ✗ swath overlaps bbox but all pixels cloud/land masked (raw_valid_in_bbox=0, ql_dist=None)
  n21 20260724_0500 … ✗ swath overlaps bbox but all pixels cloud/land masked (raw_valid_in_bbox=0, ql_dist=None)
  n21 20260724_0510 … ✗ swath overlaps bbox but all pixels cloud/land masked (raw_valid_in_bbox=0, ql_dist=None)
  n21 20260724_0550 … ✗ swath overlaps bbox but all pixels cloud/land masked (raw_valid_in_bbox=0, ql_dist=None)
  n21 20260724_0600 … ✗ swath overlaps bbox but all pixels cloud/land masked (raw_valid_in_bbox=0, ql_dist=None)
  n21 20260724_0610 … ✗ swath overlaps bbox but all pixels cloud/land masked (raw_valid_in_bbox=0, ql_dist=None)
  n21 20260724_0650 … ✗ swath overlaps bbox but all pixels cloud/land masked (raw_valid_in_bbox=0, ql_dist=None)
  n21 20260724_0700 … ✗ swath overlaps bbox but all pixels cloud/land masked (raw_valid_in_bbox=0, ql_dist=None)
  n21 20260724_0710 … ✗ swath overlaps bbox but all pixels cloud/land masked (raw_valid_in_bbox=0, ql_dist=None)
  n21 20260724_0750 … ✗ swath overlaps bbox but all pixels cloud/land masked (raw_valid_in_bbox=0, ql_dist=None)
  n21 20260724_0800 … ✗ swath overlaps bbox but all pixels cloud/land masked (raw_valid_in_bbox=0, ql_dist=None)
  n21 20260724_0810 … ✗ swath overlaps bbox but all pixels cloud/land masked (raw_valid_in_bbox=0, ql_dist=None)
  n21 20260724_0850 … ✗ swath overlaps bbox but all pixels cloud/land masked (raw_valid_in_bbox=0, ql_dist=None)
  n21 20260724_0900 … ✗ swath overlaps bbox but all pixels cloud/land masked (raw_valid_in_bbox=0, ql_dist=None)
  n21 20260724_0910 … ✗ swath overlaps bbox but all pixels cloud/land masked (raw_valid_in_bbox=0, ql_dist=None)
  n21 20260724_0950 … ✗ swath overlaps bbox but all pixels cloud/land masked (raw_valid_in_bbox=0, ql_dist=None)
  n21 20260724_1000 … ✗ swath overlaps bbox but all pixels cloud/land masked (raw_valid_in_bbox=0, ql_dist=None)
  n21 20260724_1010 … ✗ swath overlaps bbox but all pixels cloud/land masked (raw_valid_in_bbox=0, ql_dist=None)
  n21 20260724_1050 … ✗ swath overlaps bbox but all pixels cloud/land masked (raw_valid_in_bbox=0, ql_dist=None)
  n21 20260724_1100 … ✗ swath overlaps bbox but all pixels cloud/land masked (raw_valid_in_bbox=0, ql_dist=None)
  n21 20260724_1110 … ✗ swath overlaps bbox but all pixels cloud/land masked (raw_valid_in_bbox=0, ql_dist=None)
  n21 20260724_1150 … ✗ swath overlaps bbox but all pixels cloud/land masked (raw_valid_in_bbox=0, ql_dist=None)
  n21 20260724_1200 … ✗ swath overlaps bbox but all pixels cloud/land masked (raw_valid_in_bbox=0, ql_dist=None)
  n21 20260724_1210 … ✗ swath overlaps bbox but all pixels cloud/land masked (raw_valid_in_bbox=0, ql_dist=None)
  n21 20260724_1250 … ✗ swath overlaps bbox but all pixels cloud/land masked (raw_valid_in_bbox=0, ql_dist=None)
  n21 20260724_1300 … ✗ swath overlaps bbox but all pixels cloud/land masked (raw_valid_in_bbox=0, ql_dist=None)
  n21 20260724_1310 … ✗ swath overlaps bbox but all pixels cloud/land masked (raw_valid_in_bbox=0, ql_dist=None)
  n21 20260724_1350 … ✗ swath overlaps bbox but all pixels cloud/land masked (raw_valid_in_bbox=0, ql_dist=None)
  n21 20260724_1400 … ✗ swath overlaps bbox but all pixels cloud/land masked (raw_valid_in_bbox=0, ql_dist=None)
  n21 20260724_1410 … ✗ swath overlaps bbox but all pixels cloud/land masked (raw_valid_in_bbox=0, ql_dist=None)
  n21 20260724_1450 … ✗ swath overlaps bbox but all pixels cloud/land masked (raw_valid_in_bbox=0, ql_dist=None)
  n21 20260724_1500 … ✗ swath overlaps bbox but all pixels cloud/land masked (raw_valid_in_bbox=0, ql_dist=None)
  n21 20260724_1510 … ✗ swath overlaps bbox but all pixels cloud/land masked (raw_valid_in_bbox=0, ql_dist=None)
  n21 20260724_1550 … ✗ swath overlaps bbox but all pixels cloud/land masked (raw_valid_in_bbox=0, ql_dist=None)
  n21 20260724_1600 … ✗ swath overlaps bbox but all pixels cloud/land masked (raw_valid_in_bbox=0, ql_dist=None)
  n21 20260724_1610 … ✗ swath overlaps bbox but all pixels cloud/land masked (raw_valid_in_bbox=0, ql_dist=None)
  n21 20260724_1650 … ✗ swath overlaps bbox but all pixels cloud/land masked (raw_valid_in_bbox=0, ql_dist=None)
  n21 20260724_1700 … ✗ swath overlaps bbox but all pixels cloud/land masked (raw_valid_in_bbox=0, ql_dist=None)
  n21 20260724_1710 … ✗ swath overlaps bbox but all pixels cloud/land masked (raw_valid_in_bbox=0, ql_dist=None)
  n21 20260724_1750 … ✗ swath overlaps bbox but all pixels cloud/land masked (raw_valid_in_bbox=0, ql_dist=None)
  n21 20260724_1800 ✓ (cached)
  n21 20260724_1810 … ✗ swath overlaps bbox but all pixels cloud/land masked (raw_valid_in_bbox=0, ql_dist=None)
  n21 20260724_1850 … ✗ swath overlaps bbox but all pixels cloud/land masked (raw_valid_in_bbox=0, ql_dist=None)
  n21 20260724_1900 … ✗ swath overlaps bbox but all pixels cloud/land masked (raw_valid_in_bbox=0, ql_dist=None)
  n21 20260724_1910 … ✗ swath overlaps bbox but all pixels cloud/land masked (raw_valid_in_bbox=0, ql_dist=None)
  n21 20260724_1950 … ✗ swath overlaps bbox but all pixels cloud/land masked (raw_valid_in_bbox=0, ql_dist=None)
  n21 20260724_2000 … ✗ swath overlaps bbox but all pixels cloud/land masked (raw_valid_in_bbox=0, ql_dist=None)
  n21 20260724_2010 … ✗ swath overlaps bbox but all pixels cloud/land masked (raw_valid_in_bbox=0, ql_dist=None)
  n21 20260724_2050 … ✗ swath overlaps bbox but all pixels cloud/land masked (raw_valid_in_bbox=0, ql_dist=None)
  n21 20260724_2100 … ✗ swath overlaps bbox but all pixels cloud/land masked (raw_valid_in_bbox=0, ql_dist=None)
  n21 20260724_2110 … ✗ swath overlaps bbox but all pixels cloud/land masked (raw_valid_in_bbox=0, ql_dist=None)
  n21 20260724_2150 … ✗ swath overlaps bbox but all pixels cloud/land masked (raw_valid_in_bbox=0, ql_dist=None)
  n21 20260724_2200 … ✗ swath overlaps bbox but all pixels cloud/land masked (raw_valid_in_bbox=0, ql_dist=None)
  n21 20260724_2210 … ✗ swath overlaps bbox but all pixels cloud/land masked (raw_valid_in_bbox=0, ql_dist=None)
  n21 20260724_2250 … ✗ swath overlaps bbox but all pixels cloud/land masked (raw_valid_in_bbox=0, ql_dist=None)
  n21 20260724_2300 … ✗ swath overlaps bbox but all pixels cloud/land masked (raw_valid_in_bbox=0, ql_dist=None)
  n21 20260724_2310 … ✗ swath overlaps bbox but all pixels cloud/land masked (raw_valid_in_bbox=0, ql_dist=None)
  n21 20260724_2350 … ✗ swath overlaps bbox but all pixels cloud/land masked (raw_valid_in_bbox=0, ql_dist=None)
  n21 20260725_0000 … ✗ swath overlaps bbox but all pixels cloud/land masked (raw_valid_in_bbox=0, ql_dist=None)
  n21 20260725_0010 … ✗ swath overlaps bbox but all pixels cloud/land masked (raw_valid_in_bbox=0, ql_dist=None)
  n21 20260725_0050 … ✗ swath overlaps bbox but all pixels cloud/land masked (raw_valid_in_bbox=0, ql_dist=None)
  n21 20260725_0100 … ✗ swath overlaps bbox but all pixels cloud/land masked (raw_valid_in_bbox=0, ql_dist=None)
  n21 20260725_0110 … ✗ swath overlaps bbox but all pixels cloud/land masked (raw_valid_in_bbox=0, ql_dist=None)
  n21 20260725_0150 … ✗ swath overlaps bbox but all pixels cloud/land masked (raw_valid_in_bbox=0, ql_dist=None)
  n21 20260725_0200 … ✗ swath overlaps bbox but all pixels cloud/land masked (raw_valid_in_bbox=0, ql_dist=None)
  n21 20260725_0210 … ✗ swath overlaps bbox but all pixels cloud/land masked (raw_valid_in_bbox=0, ql_dist=None)
  n21 20260725_0250 … ✗ swath overlaps bbox but all pixels cloud/land masked (raw_valid_in_bbox=0, ql_dist=None)
  n21 20260725_0300 … ✗ swath overlaps bbox but all pixels cloud/land masked (raw_valid_in_bbox=0, ql_dist=None)
  n21 20260725_0310 … ✗ swath overlaps bbox but all pixels cloud/land masked (raw_valid_in_bbox=0, ql_dist=None)
  n21 20260725_0350 … ✗ swath overlaps bbox but all pixels cloud/land masked (raw_valid_in_bbox=0, ql_dist=None)
  n21 20260725_0400 … ✗ swath overlaps bbox but all pixels cloud/land masked (raw_valid_in_bbox=0, ql_dist=None)
  n21 20260725_0410 … ✗ swath overlaps bbox but all pixels cloud/land masked (raw_valid_in_bbox=0, ql_dist=None)
  n21 20260725_0450 … ✗ swath overlaps bbox but all pixels cloud/land masked (raw_valid_in_bbox=0, ql_dist=None)
  n21 20260725_0500 … ✗ swath overlaps bbox but all pixels cloud/land masked (raw_valid_in_bbox=0, ql_dist=None)
  n21 20260725_0510 … ✗ swath overlaps bbox but all pixels cloud/land masked (raw_valid_in_bbox=0, ql_dist=None)
  n21 20260725_0550 … ✗ swath overlaps bbox but all pixels cloud/land masked (raw_valid_in_bbox=0, ql_dist=None)
  n21 20260725_0600 … ✗ swath overlaps bbox but all pixels cloud/land masked (raw_valid_in_bbox=0, ql_dist=None)
  n21 20260725_0610 … ✗ swath overlaps bbox but all pixels cloud/land masked (raw_valid_in_bbox=0, ql_dist=None)
  n21 20260725_0650 … ✗ swath overlaps bbox but all pixels cloud/land masked (raw_valid_in_bbox=0, ql_dist=None)
  n21 20260725_0700 … ✗ swath overlaps bbox but all pixels cloud/land masked (raw_valid_in_bbox=0, ql_dist=None)
  n21 20260725_0710 … ✗ swath overlaps bbox but all pixels cloud/land masked (raw_valid_in_bbox=0, ql_dist=None)
  n21 20260725_0750 … ✗ swath overlaps bbox but all pixels cloud/land masked (raw_valid_in_bbox=0, ql_dist=None)
  n21 20260725_0800 …   ⚠ VIIRS n21 20260725_0800: only 19 pts — skipping write.
✗ ok
  n21 20260725_0810 … ✗ swath overlaps bbox but all pixels cloud/land masked (raw_valid_in_bbox=0, ql_dist=None)
  n21 20260725_0850 … ✗ swath overlaps bbox but all pixels cloud/land masked (raw_valid_in_bbox=0, ql_dist=None)
  n21 20260725_0900 … ✗ swath overlaps bbox but all pixels cloud/land masked (raw_valid_in_bbox=0, ql_dist=None)
  n21 20260725_0910 … ✗ swath overlaps bbox but all pixels cloud/land masked (raw_valid_in_bbox=0, ql_dist=None)
  n21 20260725_0950 … ✗ swath overlaps bbox but all pixels cloud/land masked (raw_valid_in_bbox=0, ql_dist=None)
  n21 20260725_1000 … ✗ swath overlaps bbox but all pixels cloud/land masked (raw_valid_in_bbox=0, ql_dist=None)
  n21 20260725_1010 … ✗ swath overlaps bbox but all pixels cloud/land masked (raw_valid_in_bbox=0, ql_dist=None)
  n21 20260725_1050 … ✗ swath overlaps bbox but all pixels cloud/land masked (raw_valid_in_bbox=0, ql_dist=None)
  n21 20260725_1100 … ✗ swath overlaps bbox but all pixels cloud/land masked (raw_valid_in_bbox=0, ql_dist=None)
  n21 20260725_1110 … ✗ swath overlaps bbox but all pixels cloud/land masked (raw_valid_in_bbox=0, ql_dist=None)
  n21 20260725_1150 … ✗ swath overlaps bbox but all pixels cloud/land masked (raw_valid_in_bbox=0, ql_dist=None)
  n21 20260725_1200 … ✗ swath overlaps bbox but all pixels cloud/land masked (raw_valid_in_bbox=0, ql_dist=None)
  n21 20260725_1210 … ✗ swath overlaps bbox but all pixels cloud/land masked (raw_valid_in_bbox=0, ql_dist=None)
  n21 20260725_1250 … ✗ swath overlaps bbox but all pixels cloud/land masked (raw_valid_in_bbox=0, ql_dist=None)
  n21 20260725_1300 … ✗ swath overlaps bbox but all pixels cloud/land masked (raw_valid_in_bbox=0, ql_dist=None)
  n21 20260725_1310 … ✗ swath overlaps bbox but all pixels cloud/land masked (raw_valid_in_bbox=0, ql_dist=None)
  n21 20260725_1350 … ✗ swath overlaps bbox but all pixels cloud/land masked (raw_valid_in_bbox=0, ql_dist=None)
  n21 20260725_1400 … ✗ swath overlaps bbox but all pixels cloud/land masked (raw_valid_in_bbox=0, ql_dist=None)
  n21 20260725_1410 … ✗ swath overlaps bbox but all pixels cloud/land masked (raw_valid_in_bbox=0, ql_dist=None)
  n21 20260725_1450 … ✗ swath overlaps bbox but all pixels cloud/land masked (raw_valid_in_bbox=0, ql_dist=None)
  n21 20260725_1500 … ✗ swath overlaps bbox but all pixels cloud/land masked (raw_valid_in_bbox=0, ql_dist=None)
  n21 20260725_1510 … ✗ swath overlaps bbox but all pixels cloud/land masked (raw_valid_in_bbox=0, ql_dist=None)
  n21 20260725_1550 … ✗ swath overlaps bbox but all pixels cloud/land masked (raw_valid_in_bbox=0, ql_dist=None)
  n21 20260725_1600 … ✗ swath overlaps bbox but all pixels cloud/land masked (raw_valid_in_bbox=0, ql_dist=None)
  n21 20260725_1610 … ✗ swath overlaps bbox but all pixels cloud/land masked (raw_valid_in_bbox=0, ql_dist=None)
  n21 20260725_1650 … ✗ swath overlaps bbox but all pixels cloud/land masked (raw_valid_in_bbox=0, ql_dist=None)
  n21 20260725_1700 … ✗ swath overlaps bbox but all pixels cloud/land masked (raw_valid_in_bbox=0, ql_dist=None)
  n21 20260725_1710 … ✗ swath overlaps bbox but all pixels cloud/land masked (raw_valid_in_bbox=0, ql_dist=None)
  n21 20260725_1750 … ✗ swath overlaps bbox but all pixels cloud/land masked (raw_valid_in_bbox=0, ql_dist=None)
  n21 20260725_1800 … ✗ swath overlaps bbox but all pixels cloud/land masked (raw_valid_in_bbox=0, ql_dist=None)
  n21 20260725_1810 … ✗ swath overlaps bbox but all pixels cloud/land masked (raw_valid_in_bbox=0, ql_dist=None)
  n21 20260725_1850 … ✗ swath overlaps bbox but all pixels cloud/land masked (raw_valid_in_bbox=0, ql_dist=None)
  n21 20260725_1900 … ✗ swath overlaps bbox but all pixels cloud/land masked (raw_valid_in_bbox=0, ql_dist=None)
  n21 20260725_1910 … ✗ swath overlaps bbox but all pixels cloud/land masked (raw_valid_in_bbox=0, ql_dist=None)
  n21 20260725_1950 … ✗ swath overlaps bbox but all pixels cloud/land masked (raw_valid_in_bbox=0, ql_dist=None)
  n21 20260725_2000 … ✗ swath overlaps bbox but all pixels cloud/land masked (raw_valid_in_bbox=0, ql_dist=None)
  n21 20260725_2010 … ✗ swath overlaps bbox but all pixels cloud/land masked (raw_valid_in_bbox=0, ql_dist=None)
  n21 20260725_2050 … ✗ swath overlaps bbox but all pixels cloud/land masked (raw_valid_in_bbox=0, ql_dist=None)
  n21 20260725_2100 … ✗ swath overlaps bbox but all pixels cloud/land masked (raw_valid_in_bbox=0, ql_dist=None)
  n21 20260725_2110 … ✗ swath overlaps bbox but all pixels cloud/land masked (raw_valid_in_bbox=0, ql_dist=None)
  n21 20260725_2150 … ✗ swath overlaps bbox but all pixels cloud/land masked (raw_valid_in_bbox=0, ql_dist=None)
  n21 20260725_2200 … ✗ swath overlaps bbox but all pixels cloud/land masked (raw_valid_in_bbox=0, ql_dist=None)
  n21 20260725_2210 … ✗ swath overlaps bbox but all pixels cloud/land masked (raw_valid_in_bbox=0, ql_dist=None)
  n21 20260725_2250 … ✗ swath overlaps bbox but all pixels cloud/land masked (raw_valid_in_bbox=0, ql_dist=None)
  n21 20260725_2300 … ✗ swath overlaps bbox but all pixels cloud/land masked (raw_valid_in_bbox=0, ql_dist=None)
  n21 20260725_2310 … ✗ swath overlaps bbox but all pixels cloud/land masked (raw_valid_in_bbox=0, ql_dist=None)
  n21 20260725_2350 … ✗ swath overlaps bbox but all pixels cloud/land masked (raw_valid_in_bbox=0, ql_dist=None)
  n21 20260726_0000 … ✗ swath overlaps bbox but all pixels cloud/land masked (raw_valid_in_bbox=0, ql_dist=None)
  n21 20260726_0010 … ✗ swath overlaps bbox but all pixels cloud/land masked (raw_valid_in_bbox=0, ql_dist=None)
  n21 20260726_0050 … ✗ swath overlaps bbox but all pixels cloud/land masked (raw_valid_in_bbox=0, ql_dist=None)
  n21 20260726_0100 … ✗ swath overlaps bbox but all pixels cloud/land masked (raw_valid_in_bbox=0, ql_dist=None)
  n21 20260726_0110 … ✗ swath overlaps bbox but all pixels cloud/land masked (raw_valid_in_bbox=0, ql_dist=None)
  n21 20260726_0150 … ✗ swath overlaps bbox but all pixels cloud/land masked (raw_valid_in_bbox=0, ql_dist=None)
  n21 20260726_0200 … ✗ swath overlaps bbox but all pixels cloud/land masked (raw_valid_in_bbox=0, ql_dist=None)
  n21 20260726_0210 … ✗ swath overlaps bbox but all pixels cloud/land masked (raw_valid_in_bbox=0, ql_dist=None)
  n21 20260726_0250 … ✗ swath overlaps bbox but all pixels cloud/land masked (raw_valid_in_bbox=0, ql_dist=None)
  n21 20260726_0300 … ✗ swath overlaps bbox but all pixels cloud/land masked (raw_valid_in_bbox=0, ql_dist=None)
  n21 20260726_0310 … ✗ swath overlaps bbox but all pixels cloud/land masked (raw_valid_in_bbox=0, ql_dist=None)
  n21 20260726_0350 … ✗ swath overlaps bbox but all pixels cloud/land masked (raw_valid_in_bbox=0, ql_dist=None)
  n21 20260726_0400 … ✗ swath overlaps bbox but all pixels cloud/land masked (raw_valid_in_bbox=0, ql_dist=None)

  VIIRS summary: 0 written, 10 cached, 413 miss/cloud, 505 outside windows.

=========================================================
✓ Pipeline complete
=========================================================
========================================
RUNNING REGION: ga_sc
========================================
=========================================================
SST PIPELINE
  UTC    : 2026-07-26 04:45:15
  Region : ga_sc
  Bbox   : 29.8–35.2°N  -82.0–-75.2°E
  Output : DailySSTData/MUR/ga_sc  (and siblings)
=========================================================

── MUR daily composite (last 5 days) ──
  MUR 20260725 (coastwatch.noaa.gov) … ✗ RuntimeError
  MUR 20260725 (coastwatch.pfeg.noaa.gov) … ✗ RuntimeError
  MUR 20260725 (upwell.pfeg.noaa.gov) … ✗ RuntimeError
  ✗ MUR 20260725 — all mirrors failed. Last: upwell.pfeg.noaa.gov: RuntimeError: 404 — no data for this date
  ✓ MUR 20260724 (cached)
  ✓ MUR 20260723 (cached)
  ✓ MUR 20260722 (cached)
  ✓ MUR 20260721 (cached)

── GOES-19 geo-polar blended daily composite ──
  Candidates: 4 (2 hosts × 2 dataset IDs)
  GOES 20260726 [noaa/noaacwBLENDEDsstDLDaily] … ✗ RuntimeError: 404 — no data for this date
  GOES 20260726 [noaa/noaacwBLENDEDsstDaily] … ✗ RuntimeError: 404 — no data for this date
  GOES 20260726 [pfeg/noaacwBLENDEDsstDLDaily] … ✗ RuntimeError: 404 — no data for this date
  GOES 20260726 [pfeg/noaacwBLENDEDsstDaily] … ✗ RuntimeError: 404 — no data for this date
  GOES 20260725 [noaa/noaacwBLENDEDsstDLDaily] … ✗ RuntimeError: 404 — no data for this date
  GOES 20260725 [noaa/noaacwBLENDEDsstDaily] … ✗ RuntimeError: 404 — no data for this date
  GOES 20260725 [pfeg/noaacwBLENDEDsstDLDaily] … ✗ RuntimeError: 404 — no data for this date
  GOES 20260725 [pfeg/noaacwBLENDEDsstDaily] … ✗ RuntimeError: 404 — no data for this date
  GOES 20260724 [noaa/noaacwBLENDEDsstDLDaily] …   (land filter: loaded 14 coastline polygons)
  (land filter: dropped 34 inland, kept 2558 ocean)
✓
  → DailySSTData/GOES/Composite/ga_sc/goes_composite_20260724.csv  (2558 pts, 55 lats × 64 lons)

── VIIRS multi-pass (last 48h — NPP/N20/N21) ──
  ✓ VIIRS NRT base: https://www.star.nesdis.noaa.gov/pub/socd2/coastwatch/sst/nrt/viirs
  Hourly windows : 48
  Window range   : 2026-07-24 04:50Z → 2026-07-26 04:10Z
  Half-width     : ±10 min per bucket
  npp 20260724_0450 … ✗ swath overlaps bbox but all pixels cloud/land masked (raw_valid_in_bbox=0, ql_dist=None)
  npp 20260724_0500 … ✗ swath overlaps bbox but all pixels cloud/land masked (raw_valid_in_bbox=0, ql_dist=None)
  npp 20260724_0510 … ✗ swath overlaps bbox but all pixels cloud/land masked (raw_valid_in_bbox=0, ql_dist=None)
  npp 20260724_0550 … ✗ swath overlaps bbox but all pixels cloud/land masked (raw_valid_in_bbox=0, ql_dist=None)
  npp 20260724_0600 … ✗ swath overlaps bbox but all pixels cloud/land masked (raw_valid_in_bbox=0, ql_dist=None)
  npp 20260724_0610 … ✗ swath overlaps bbox but all pixels cloud/land masked (raw_valid_in_bbox=0, ql_dist=None)
  npp 20260724_0650 … ✗ swath overlaps bbox but all pixels cloud/land masked (raw_valid_in_bbox=0, ql_dist=None)
  npp 20260724_0700 … ✗ swath overlaps bbox but all pixels cloud/land masked (raw_valid_in_bbox=0, ql_dist=None)
  npp 20260724_0710 ✓ (cached)
  npp 20260724_0750 … ✗ swath overlaps bbox but all pixels cloud/land masked (raw_valid_in_bbox=0, ql_dist=None)
  npp 20260724_0800 … ✗ swath overlaps bbox but all pixels cloud/land masked (raw_valid_in_bbox=0, ql_dist=None)
  npp 20260724_0810 … ✗ swath overlaps bbox but all pixels cloud/land masked (raw_valid_in_bbox=0, ql_dist=None)
  npp 20260724_0850 … ✗ swath overlaps bbox but all pixels cloud/land masked (raw_valid_in_bbox=0, ql_dist=None)
  npp 20260724_0900 … ✗ swath overlaps bbox but all pixels cloud/land masked (raw_valid_in_bbox=0, ql_dist=None)
  npp 20260724_0910 … ✗ swath overlaps bbox but all pixels cloud/land masked (raw_valid_in_bbox=0, ql_dist=None)
  npp 20260724_0950 … ✗ swath overlaps bbox but all pixels cloud/land masked (raw_valid_in_bbox=0, ql_dist=None)
  npp 20260724_1000 … ✗ swath overlaps bbox but all pixels cloud/land masked (raw_valid_in_bbox=0, ql_dist=None)
  npp 20260724_1010 … ✗ swath overlaps bbox but all pixels cloud/land masked (raw_valid_in_bbox=0, ql_dist=None)
  npp 20260724_1050 … ✗ swath overlaps bbox but all pixels cloud/land masked (raw_valid_in_bbox=0, ql_dist=None)
  npp 20260724_1100 … ✗ swath overlaps bbox but all pixels cloud/land masked (raw_valid_in_bbox=0, ql_dist=None)
  npp 20260724_1110 … ✗ swath overlaps bbox but all pixels cloud/land masked (raw_valid_in_bbox=0, ql_dist=None)
  npp 20260724_1150 … ✗ swath overlaps bbox but all pixels cloud/land masked (raw_valid_in_bbox=0, ql_dist=None)
  npp 20260724_1200 … ✗ swath overlaps bbox but all pixels cloud/land masked (raw_valid_in_bbox=0, ql_dist=None)
  npp 20260724_1210 … ✗ swath overlaps bbox but all pixels cloud/land masked (raw_valid_in_bbox=0, ql_dist=None)
  npp 20260724_1250 … ✗ swath overlaps bbox but all pixels cloud/land masked (raw_valid_in_bbox=0, ql_dist=None)
  npp 20260724_1300 … ✗ swath overlaps bbox but all pixels cloud/land masked (raw_valid_in_bbox=0, ql_dist=None)
  npp 20260724_1310 … ✗ swath overlaps bbox but all pixels cloud/land masked (raw_valid_in_bbox=0, ql_dist=None)
  npp 20260724_1350 … ✗ swath overlaps bbox but all pixels cloud/land masked (raw_valid_in_bbox=0, ql_dist=None)
  npp 20260724_1400 … ✗ swath overlaps bbox but all pixels cloud/land masked (raw_valid_in_bbox=0, ql_dist=None)
  npp 20260724_1410 … ✗ swath overlaps bbox but all pixels cloud/land masked (raw_valid_in_bbox=0, ql_dist=None)
  npp 20260724_1450 … ✗ swath overlaps bbox but all pixels cloud/land masked (raw_valid_in_bbox=0, ql_dist=None)
  npp 20260724_1500 … ✗ swath overlaps bbox but all pixels cloud/land masked (raw_valid_in_bbox=0, ql_dist=None)
  npp 20260724_1510 … ✗ swath overlaps bbox but all pixels cloud/land masked (raw_valid_in_bbox=0, ql_dist=None)
  npp 20260724_1550 … ✗ swath overlaps bbox but all pixels cloud/land masked (raw_valid_in_bbox=0, ql_dist=None)
  npp 20260724_1600 … ✗ swath overlaps bbox but all pixels cloud/land masked (raw_valid_in_bbox=0, ql_dist=None)
  npp 20260724_1610 … ✗ swath overlaps bbox but all pixels cloud/land masked (raw_valid_in_bbox=0, ql_dist=None)
  npp 20260724_1650 … ✗ swath overlaps bbox but all pixels cloud/land masked (raw_valid_in_bbox=0, ql_dist=None)
  npp 20260724_1700 … ✗ swath overlaps bbox but all pixels cloud/land masked (raw_valid_in_bbox=0, ql_dist=None)
  npp 20260724_1710 … ✗ swath overlaps bbox but all pixels cloud/land masked (raw_valid_in_bbox=0, ql_dist=None)
  npp 20260724_1750 … ✗ swath overlaps bbox but all pixels cloud/land masked (raw_valid_in_bbox=0, ql_dist=None)
  npp 20260724_1800 … ✗ swath overlaps bbox but all pixels cloud/land masked (raw_valid_in_bbox=0, ql_dist=None)
  npp 20260724_1810 … ✗ swath overlaps bbox but all pixels cloud/land masked (raw_valid_in_bbox=0, ql_dist=None)
  npp 20260724_1850 … ✗ swath overlaps bbox but all pixels cloud/land masked (raw_valid_in_bbox=0, ql_dist=None)
  npp 20260724_1900 … ✗ swath overlaps bbox but all pixels cloud/land masked (raw_valid_in_bbox=0, ql_dist=None)
  npp 20260724_1910 … ✗ swath overlaps bbox but all pixels cloud/land masked (raw_valid_in_bbox=0, ql_dist=None)
  npp 20260724_1950 … ✗ swath overlaps bbox but all pixels cloud/land masked (raw_valid_in_bbox=0, ql_dist=None)
  npp 20260724_2000 … ✗ swath overlaps bbox but all pixels cloud/land masked (raw_valid_in_bbox=0, ql_dist=None)
  npp 20260724_2010 … ✗ swath overlaps bbox but all pixels cloud/land masked (raw_valid_in_bbox=0, ql_dist=None)
  npp 20260724_2050 … ✗ swath overlaps bbox but all pixels cloud/land masked (raw_valid_in_bbox=0, ql_dist=None)
  npp 20260724_2100 … ✗ swath overlaps bbox but all pixels cloud/land masked (raw_valid_in_bbox=0, ql_dist=None)
  npp 20260724_2110 … ✗ swath overlaps bbox but all pixels cloud/land masked (raw_valid_in_bbox=0, ql_dist=None)
  npp 20260724_2150 … ✗ swath overlaps bbox but all pixels cloud/land masked (raw_valid_in_bbox=0, ql_dist=None)
  npp 20260724_2200 … ✗ swath overlaps bbox but all pixels cloud/land masked (raw_valid_in_bbox=0, ql_dist=None)
  npp 20260724_2210 … ✗ swath overlaps bbox but all pixels cloud/land masked (raw_valid_in_bbox=0, ql_dist=None)
  npp 20260724_2250 … ✗ swath overlaps bbox but all pixels cloud/land masked (raw_valid_in_bbox=0, ql_dist=None)
  npp 20260724_2300 … ✗ swath overlaps bbox but all pixels cloud/land masked (raw_valid_in_bbox=0, ql_dist=None)
  npp 20260724_2310 … ✗ swath overlaps bbox but all pixels cloud/land masked (raw_valid_in_bbox=0, ql_dist=None)
  npp 20260724_2350 … ✗ swath overlaps bbox but all pixels cloud/land masked (raw_valid_in_bbox=0, ql_dist=None)
  npp 20260725_0000 … ✗ swath overlaps bbox but all pixels cloud/land masked (raw_valid_in_bbox=0, ql_dist=None)
  npp 20260725_0010 … ✗ swath overlaps bbox but all pixels cloud/land masked (raw_valid_in_bbox=0, ql_dist=None)
  npp 20260725_0050 … ✗ swath overlaps bbox but all pixels cloud/land masked (raw_valid_in_bbox=0, ql_dist=None)
  npp 20260725_0100 … ✗ swath overlaps bbox but all pixels cloud/land masked (raw_valid_in_bbox=0, ql_dist=None)
  npp 20260725_0110 … ✗ swath overlaps bbox but all pixels cloud/land masked (raw_valid_in_bbox=0, ql_dist=None)
  npp 20260725_0150 … ✗ swath overlaps bbox but all pixels cloud/land masked (raw_valid_in_bbox=0, ql_dist=None)
  npp 20260725_0200 … ✗ swath overlaps bbox but all pixels cloud/land masked (raw_valid_in_bbox=0, ql_dist=None)
  npp 20260725_0210 … ✗ swath overlaps bbox but all pixels cloud/land masked (raw_valid_in_bbox=0, ql_dist=None)
  npp 20260725_0250 … ✗ swath overlaps bbox but all pixels cloud/land masked (raw_valid_in_bbox=0, ql_dist=None)
  npp 20260725_0300 … ✗ swath overlaps bbox but all pixels cloud/land masked (raw_valid_in_bbox=0, ql_dist=None)
  npp 20260725_0310 … ✗ swath overlaps bbox but all pixels cloud/land masked (raw_valid_in_bbox=0, ql_dist=None)
  npp 20260725_0350 … ✗ swath overlaps bbox but all pixels cloud/land masked (raw_valid_in_bbox=0, ql_dist=None)
  npp 20260725_0400 … ✗ swath overlaps bbox but all pixels cloud/land masked (raw_valid_in_bbox=0, ql_dist=None)
  npp 20260725_0410 … ✗ swath overlaps bbox but all pixels cloud/land masked (raw_valid_in_bbox=0, ql_dist=None)
  npp 20260725_0450 … ✗ swath overlaps bbox but all pixels cloud/land masked (raw_valid_in_bbox=0, ql_dist=None)
  npp 20260725_0500 … ✗ swath overlaps bbox but all pixels cloud/land masked (raw_valid_in_bbox=0, ql_dist=None)
  npp 20260725_0510 … ✗ swath overlaps bbox but all pixels cloud/land masked (raw_valid_in_bbox=0, ql_dist=None)
  npp 20260725_0550 … ✗ swath overlaps bbox but all pixels cloud/land masked (raw_valid_in_bbox=0, ql_dist=None)
  npp 20260725_0600 … ✗ swath overlaps bbox but all pixels cloud/land masked (raw_valid_in_bbox=0, ql_dist=None)
  npp 20260725_0610 … ✗ swath overlaps bbox but all pixels cloud/land masked (raw_valid_in_bbox=0, ql_dist=None)
  npp 20260725_0650 ✓ (cached)
  npp 20260725_0700 … ✗ swath overlaps bbox but all pixels cloud/land masked (raw_valid_in_bbox=0, ql_dist=None)
  npp 20260725_0710 … ✗ swath overlaps bbox but all pixels cloud/land masked (raw_valid_in_bbox=0, ql_dist=None)
  npp 20260725_0750 … ✗ swath overlaps bbox but all pixels cloud/land masked (raw_valid_in_bbox=0, ql_dist=None)
  npp 20260725_0800 … ✗ swath overlaps bbox but all pixels cloud/land masked (raw_valid_in_bbox=0, ql_dist=None)
  npp 20260725_0810 … ✗ swath overlaps bbox but all pixels cloud/land masked (raw_valid_in_bbox=0, ql_dist=None)
  npp 20260725_0850 … ✗ swath overlaps bbox but all pixels cloud/land masked (raw_valid_in_bbox=0, ql_dist=None)
  npp 20260725_0900 … ✗ swath overlaps bbox but all pixels cloud/land masked (raw_valid_in_bbox=0, ql_dist=None)
  npp 20260725_0910 … ✗ swath overlaps bbox but all pixels cloud/land masked (raw_valid_in_bbox=0, ql_dist=None)
  npp 20260725_0950 … ✗ swath overlaps bbox but all pixels cloud/land masked (raw_valid_in_bbox=0, ql_dist=None)
  npp 20260725_1000 … ✗ swath overlaps bbox but all pixels cloud/land masked (raw_valid_in_bbox=0, ql_dist=None)
  npp 20260725_1010 … ✗ swath overlaps bbox but all pixels cloud/land masked (raw_valid_in_bbox=0, ql_dist=None)
  npp 20260725_1050 … ✗ swath overlaps bbox but all pixels cloud/land masked (raw_valid_in_bbox=0, ql_dist=None)
  npp 20260725_1100 … ✗ swath overlaps bbox but all pixels cloud/land masked (raw_valid_in_bbox=0, ql_dist=None)
  npp 20260725_1110 … ✗ swath overlaps bbox but all pixels cloud/land masked (raw_valid_in_bbox=0, ql_dist=None)
  npp 20260725_1150 … ✗ swath overlaps bbox but all pixels cloud/land masked (raw_valid_in_bbox=0, ql_dist=None)
  npp 20260725_1200 … ✗ swath overlaps bbox but all pixels cloud/land masked (raw_valid_in_bbox=0, ql_dist=None)
  npp 20260725_1210 … ✗ swath overlaps bbox but all pixels cloud/land masked (raw_valid_in_bbox=0, ql_dist=None)
  npp 20260725_1250 … ✗ swath overlaps bbox but all pixels cloud/land masked (raw_valid_in_bbox=0, ql_dist=None)
  npp 20260725_1300 … ✗ swath overlaps bbox but all pixels cloud/land masked (raw_valid_in_bbox=0, ql_dist=None)
  npp 20260725_1310 … ✗ swath overlaps bbox but all pixels cloud/land masked (raw_valid_in_bbox=0, ql_dist=None)
  npp 20260725_1350 … ✗ swath overlaps bbox but all pixels cloud/land masked (raw_valid_in_bbox=0, ql_dist=None)
  npp 20260725_1400 … ✗ swath overlaps bbox but all pixels cloud/land masked (raw_valid_in_bbox=0, ql_dist=None)
  npp 20260725_1410 … ✗ swath overlaps bbox but all pixels cloud/land masked (raw_valid_in_bbox=0, ql_dist=None)
  npp 20260725_1450 … ✗ swath overlaps bbox but all pixels cloud/land masked (raw_valid_in_bbox=0, ql_dist=None)
  npp 20260725_1500 … ✗ swath overlaps bbox but all pixels cloud/land masked (raw_valid_in_bbox=0, ql_dist=None)
  npp 20260725_1510 … ✗ swath overlaps bbox but all pixels cloud/land masked (raw_valid_in_bbox=0, ql_dist=None)
  npp 20260725_1550 … ✗ swath overlaps bbox but all pixels cloud/land masked (raw_valid_in_bbox=0, ql_dist=None)
  npp 20260725_1600 … ✗ swath overlaps bbox but all pixels cloud/land masked (raw_valid_in_bbox=0, ql_dist=None)
  npp 20260725_1610 … ✗ swath overlaps bbox but all pixels cloud/land masked (raw_valid_in_bbox=0, ql_dist=None)
  npp 20260725_1650 … ✗ swath overlaps bbox but all pixels cloud/land masked (raw_valid_in_bbox=0, ql_dist=None)
  npp 20260725_1700 … ✗ swath overlaps bbox but all pixels cloud/land masked (raw_valid_in_bbox=0, ql_dist=None)
  npp 20260725_1710 … ✗ swath overlaps bbox but all pixels cloud/land masked (raw_valid_in_bbox=0, ql_dist=None)
  npp 20260725_1750 … ✗ swath overlaps bbox but all pixels cloud/land masked (raw_valid_in_bbox=0, ql_dist=None)
  npp 20260725_1800 … ✗ swath overlaps bbox but all pixels cloud/land masked (raw_valid_in_bbox=0, ql_dist=None)
  npp 20260725_1810 ✓ (cached)
  npp 20260725_1850 … ✗ swath overlaps bbox but all pixels cloud/land masked (raw_valid_in_bbox=0, ql_dist=None)
  npp 20260725_1900 … ✗ swath overlaps bbox but all pixels cloud/land masked (raw_valid_in_bbox=0, ql_dist=None)
  npp 20260725_1910 … ✗ swath overlaps bbox but all pixels cloud/land masked (raw_valid_in_bbox=0, ql_dist=None)
  npp 20260725_1950 … ✗ swath overlaps bbox but all pixels cloud/land masked (raw_valid_in_bbox=0, ql_dist=None)
  npp 20260725_2000 … ✗ swath overlaps bbox but all pixels cloud/land masked (raw_valid_in_bbox=0, ql_dist=None)
  npp 20260725_2010 … ✗ swath overlaps bbox but all pixels cloud/land masked (raw_valid_in_bbox=0, ql_dist=None)
  npp 20260725_2050 … ✗ swath overlaps bbox but all pixels cloud/land masked (raw_valid_in_bbox=0, ql_dist=None)
  npp 20260725_2100 … ✗ swath overlaps bbox but all pixels cloud/land masked (raw_valid_in_bbox=0, ql_dist=None)
  npp 20260725_2110 … ✗ swath overlaps bbox but all pixels cloud/land masked (raw_valid_in_bbox=0, ql_dist=None)
  npp 20260725_2150 … ✗ swath overlaps bbox but all pixels cloud/land masked (raw_valid_in_bbox=0, ql_dist=None)
  npp 20260725_2200 … ✗ swath overlaps bbox but all pixels cloud/land masked (raw_valid_in_bbox=0, ql_dist=None)
  npp 20260725_2210 … ✗ swath overlaps bbox but all pixels cloud/land masked (raw_valid_in_bbox=0, ql_dist=None)
  npp 20260725_2250 … ✗ swath overlaps bbox but all pixels cloud/land masked (raw_valid_in_bbox=0, ql_dist=None)
  npp 20260725_2300 … ✗ swath overlaps bbox but all pixels cloud/land masked (raw_valid_in_bbox=0, ql_dist=None)
  npp 20260725_2310 … ✗ swath overlaps bbox but all pixels cloud/land masked (raw_valid_in_bbox=0, ql_dist=None)
  npp 20260725_2350 … ✗ swath overlaps bbox but all pixels cloud/land masked (raw_valid_in_bbox=0, ql_dist=None)
  npp 20260726_0000 … ✗ swath overlaps bbox but all pixels cloud/land masked (raw_valid_in_bbox=0, ql_dist=None)
  npp 20260726_0010 … ✗ swath overlaps bbox but all pixels cloud/land masked (raw_valid_in_bbox=0, ql_dist=None)
  npp 20260726_0050 … ✗ swath overlaps bbox but all pixels cloud/land masked (raw_valid_in_bbox=0, ql_dist=None)
  npp 20260726_0100 … ✗ swath overlaps bbox but all pixels cloud/land masked (raw_valid_in_bbox=0, ql_dist=None)
  npp 20260726_0110 … ✗ swath overlaps bbox but all pixels cloud/land masked (raw_valid_in_bbox=0, ql_dist=None)
  npp 20260726_0150 … ✗ swath overlaps bbox but all pixels cloud/land masked (raw_valid_in_bbox=0, ql_dist=None)
  npp 20260726_0200 … ✗ swath overlaps bbox but all pixels cloud/land masked (raw_valid_in_bbox=0, ql_dist=None)
  npp 20260726_0210 … ✗ swath overlaps bbox but all pixels cloud/land masked (raw_valid_in_bbox=0, ql_dist=None)
  n20 20260724_0450 … ✗ swath overlaps bbox but all pixels cloud/land masked (raw_valid_in_bbox=0, ql_dist=None)
  n20 20260724_0500 … ✗ swath overlaps bbox but all pixels cloud/land masked (raw_valid_in_bbox=0, ql_dist=None)
  n20 20260724_0510 … ✗ swath overlaps bbox but all pixels cloud/land masked (raw_valid_in_bbox=0, ql_dist=None)
  n20 20260724_0550 ✓ (cached)
  n20 20260724_0600 … ✗ swath overlaps bbox but all pixels cloud/land masked (raw_valid_in_bbox=0, ql_dist=None)
  n20 20260724_0610 … ✗ swath overlaps bbox but all pixels cloud/land masked (raw_valid_in_bbox=0, ql_dist=None)
  n20 20260724_0650 … ✗ swath overlaps bbox but all pixels cloud/land masked (raw_valid_in_bbox=0, ql_dist=None)
  n20 20260724_0700 … ✗ swath overlaps bbox but all pixels cloud/land masked (raw_valid_in_bbox=0, ql_dist=None)
  n20 20260724_0710 … ✗ swath overlaps bbox but all pixels cloud/land masked (raw_valid_in_bbox=0, ql_dist=None)
  n20 20260724_0750 … ✗ swath overlaps bbox but all pixels cloud/land masked (raw_valid_in_bbox=0, ql_dist=None)
  n20 20260724_0800 … ✗ swath overlaps bbox but all pixels cloud/land masked (raw_valid_in_bbox=0, ql_dist=None)
  n20 20260724_0810 … ✗ swath overlaps bbox but all pixels cloud/land masked (raw_valid_in_bbox=0, ql_dist=None)
  n20 20260724_0850 … ✗ swath overlaps bbox but all pixels cloud/land masked (raw_valid_in_bbox=0, ql_dist=None)
  n20 20260724_0900 … ✗ swath overlaps bbox but all pixels cloud/land masked (raw_valid_in_bbox=0, ql_dist=None)
  n20 20260724_0910 … ✗ swath overlaps bbox but all pixels cloud/land masked (raw_valid_in_bbox=0, ql_dist=None)
  n20 20260724_0950 … ✗ swath overlaps bbox but all pixels cloud/land masked (raw_valid_in_bbox=0, ql_dist=None)
  n20 20260724_1000 … ✗ swath overlaps bbox but all pixels cloud/land masked (raw_valid_in_bbox=0, ql_dist=None)
  n20 20260724_1010 … ✗ swath overlaps bbox but all pixels cloud/land masked (raw_valid_in_bbox=0, ql_dist=None)
  n20 20260724_1050 … ✗ swath overlaps bbox but all pixels cloud/land masked (raw_valid_in_bbox=0, ql_dist=None)
  n20 20260724_1100 … ✗ swath overlaps bbox but all pixels cloud/land masked (raw_valid_in_bbox=0, ql_dist=None)
  n20 20260724_1110 … ✗ swath overlaps bbox but all pixels cloud/land masked (raw_valid_in_bbox=0, ql_dist=None)
  n20 20260724_1150 … ✗ swath overlaps bbox but all pixels cloud/land masked (raw_valid_in_bbox=0, ql_dist=None)
  n20 20260724_1200 … ✗ swath overlaps bbox but all pixels cloud/land masked (raw_valid_in_bbox=0, ql_dist=None)
  n20 20260724_1210 … ✗ swath overlaps bbox but all pixels cloud/land masked (raw_valid_in_bbox=0, ql_dist=None)
  n20 20260724_1250 … ✗ swath overlaps bbox but all pixels cloud/land masked (raw_valid_in_bbox=0, ql_dist=None)
  n20 20260724_1300 … ✗ swath overlaps bbox but all pixels cloud/land masked (raw_valid_in_bbox=0, ql_dist=None)
  n20 20260724_1310 … ✗ swath overlaps bbox but all pixels cloud/land masked (raw_valid_in_bbox=0, ql_dist=None)
  n20 20260724_1350 … ✗ swath overlaps bbox but all pixels cloud/land masked (raw_valid_in_bbox=0, ql_dist=None)
  n20 20260724_1400 … ✗ swath overlaps bbox but all pixels cloud/land masked (raw_valid_in_bbox=0, ql_dist=None)
  n20 20260724_1410 … ✗ swath overlaps bbox but all pixels cloud/land masked (raw_valid_in_bbox=0, ql_dist=None)
  n20 20260724_1450 … ✗ swath overlaps bbox but all pixels cloud/land masked (raw_valid_in_bbox=0, ql_dist=None)
  n20 20260724_1500 … ✗ swath overlaps bbox but all pixels cloud/land masked (raw_valid_in_bbox=0, ql_dist=None)
  n20 20260724_1510 … ✗ swath overlaps bbox but all pixels cloud/land masked (raw_valid_in_bbox=0, ql_dist=None)
  n20 20260724_1550 … ✗ swath overlaps bbox but all pixels cloud/land masked (raw_valid_in_bbox=0, ql_dist=None)
  n20 20260724_1600 … ✗ swath overlaps bbox but all pixels cloud/land masked (raw_valid_in_bbox=0, ql_dist=None)
  n20 20260724_1610 … ✗ swath overlaps bbox but all pixels cloud/land masked (raw_valid_in_bbox=0, ql_dist=None)
  n20 20260724_1650 … ✗ swath overlaps bbox but all pixels cloud/land masked (raw_valid_in_bbox=0, ql_dist=None)
  n20 20260724_1700 … ✗ swath overlaps bbox but all pixels cloud/land masked (raw_valid_in_bbox=0, ql_dist=None)
  n20 20260724_1710 ✓ (cached)
  n20 20260724_1750 … ✗ swath overlaps bbox but all pixels cloud/land masked (raw_valid_in_bbox=0, ql_dist=None)
  n20 20260724_1800 … ✗ swath overlaps bbox but all pixels cloud/land masked (raw_valid_in_bbox=0, ql_dist=None)
  n20 20260724_1810 … ✗ swath overlaps bbox but all pixels cloud/land masked (raw_valid_in_bbox=0, ql_dist=None)
  n20 20260724_1850 ✓ (cached)
  n20 20260724_1900 … ✗ swath overlaps bbox but all pixels cloud/land masked (raw_valid_in_bbox=0, ql_dist=None)
  n20 20260724_1910 … ✗ swath overlaps bbox but all pixels cloud/land masked (raw_valid_in_bbox=0, ql_dist=None)
  n20 20260724_1950 … ✗ swath overlaps bbox but all pixels cloud/land masked (raw_valid_in_bbox=0, ql_dist=None)
  n20 20260724_2000 … ✗ swath overlaps bbox but all pixels cloud/land masked (raw_valid_in_bbox=0, ql_dist=None)
  n20 20260724_2010 … ✗ swath overlaps bbox but all pixels cloud/land masked (raw_valid_in_bbox=0, ql_dist=None)
  n20 20260724_2050 … ✗ swath overlaps bbox but all pixels cloud/land masked (raw_valid_in_bbox=0, ql_dist=None)
  n20 20260724_2100 … ✗ swath overlaps bbox but all pixels cloud/land masked (raw_valid_in_bbox=0, ql_dist=None)
  n20 20260724_2110 … ✗ swath overlaps bbox but all pixels cloud/land masked (raw_valid_in_bbox=0, ql_dist=None)
  n20 20260724_2150 … ✗ swath overlaps bbox but all pixels cloud/land masked (raw_valid_in_bbox=0, ql_dist=None)
  n20 20260724_2200 … ✗ swath overlaps bbox but all pixels cloud/land masked (raw_valid_in_bbox=0, ql_dist=None)
  n20 20260724_2210 … ✗ swath overlaps bbox but all pixels cloud/land masked (raw_valid_in_bbox=0, ql_dist=None)
  n20 20260724_2250 … ✗ swath overlaps bbox but all pixels cloud/land masked (raw_valid_in_bbox=0, ql_dist=None)
  n20 20260724_2300 … ✗ swath overlaps bbox but all pixels cloud/land masked (raw_valid_in_bbox=0, ql_dist=None)
  n20 20260724_2310 … ✗ swath overlaps bbox but all pixels cloud/land masked (raw_valid_in_bbox=0, ql_dist=None)
  n20 20260724_2350 … ✗ swath overlaps bbox but all pixels cloud/land masked (raw_valid_in_bbox=0, ql_dist=None)
  n20 20260725_0000 … ✗ swath overlaps bbox but all pixels cloud/land masked (raw_valid_in_bbox=0, ql_dist=None)
  n20 20260725_0010 … ✗ swath overlaps bbox but all pixels cloud/land masked (raw_valid_in_bbox=0, ql_dist=None)
  n20 20260725_0050 … ✗ swath overlaps bbox but all pixels cloud/land masked (raw_valid_in_bbox=0, ql_dist=None)
  n20 20260725_0100 … ✗ swath overlaps bbox but all pixels cloud/land masked (raw_valid_in_bbox=0, ql_dist=None)
  n20 20260725_0110 … ✗ swath overlaps bbox but all pixels cloud/land masked (raw_valid_in_bbox=0, ql_dist=None)
  n20 20260725_0150 … ✗ swath overlaps bbox but all pixels cloud/land masked (raw_valid_in_bbox=0, ql_dist=None)
  n20 20260725_0200 … ✗ swath overlaps bbox but all pixels cloud/land masked (raw_valid_in_bbox=0, ql_dist=None)
  n20 20260725_0210 … ✗ swath overlaps bbox but all pixels cloud/land masked (raw_valid_in_bbox=0, ql_dist=None)
  n20 20260725_0250 … ✗ swath overlaps bbox but all pixels cloud/land masked (raw_valid_in_bbox=0, ql_dist=None)
  n20 20260725_0300 … ✗ swath overlaps bbox but all pixels cloud/land masked (raw_valid_in_bbox=0, ql_dist=None)
  n20 20260725_0310 … ✗ swath overlaps bbox but all pixels cloud/land masked (raw_valid_in_bbox=0, ql_dist=None)
  n20 20260725_0350 … ✗ swath overlaps bbox but all pixels cloud/land masked (raw_valid_in_bbox=0, ql_dist=None)
  n20 20260725_0400 … ✗ swath overlaps bbox but all pixels cloud/land masked (raw_valid_in_bbox=0, ql_dist=None)
  n20 20260725_0410 … ✗ swath overlaps bbox but all pixels cloud/land masked (raw_valid_in_bbox=0, ql_dist=None)
  n20 20260725_0450 … ✗ swath overlaps bbox but all pixels cloud/land masked (raw_valid_in_bbox=0, ql_dist=None)
  n20 20260725_0500 … ✗ swath overlaps bbox but all pixels cloud/land masked (raw_valid_in_bbox=0, ql_dist=None)
  n20 20260725_0510 … ✗ swath overlaps bbox but all pixels cloud/land masked (raw_valid_in_bbox=0, ql_dist=None)
  n20 20260725_0550 … ✗ swath overlaps bbox but all pixels cloud/land masked (raw_valid_in_bbox=0, ql_dist=None)
  n20 20260725_0600 … ✗ swath overlaps bbox but all pixels cloud/land masked (raw_valid_in_bbox=0, ql_dist=None)
  n20 20260725_0610 … ✗ swath overlaps bbox but all pixels cloud/land masked (raw_valid_in_bbox=0, ql_dist=None)
  n20 20260725_0650 … ✗ swath overlaps bbox but all pixels cloud/land masked (raw_valid_in_bbox=0, ql_dist=None)
  n20 20260725_0700 … ✗ swath overlaps bbox but all pixels cloud/land masked (raw_valid_in_bbox=0, ql_dist=None)
  n20 20260725_0710 ✓ (cached)
  n20 20260725_0750 … ✗ swath overlaps bbox but all pixels cloud/land masked (raw_valid_in_bbox=0, ql_dist=None)
  n20 20260725_0800 … ✗ swath overlaps bbox but all pixels cloud/land masked (raw_valid_in_bbox=0, ql_dist=None)
  n20 20260725_0810 … ✗ swath overlaps bbox but all pixels cloud/land masked (raw_valid_in_bbox=0, ql_dist=None)
  n20 20260725_0850 … ✗ swath overlaps bbox but all pixels cloud/land masked (raw_valid_in_bbox=0, ql_dist=None)
  n20 20260725_0900 … ✗ swath overlaps bbox but all pixels cloud/land masked (raw_valid_in_bbox=0, ql_dist=None)
  n20 20260725_0910 … ✗ swath overlaps bbox but all pixels cloud/land masked (raw_valid_in_bbox=0, ql_dist=None)
  n20 20260725_0950 … ✗ swath overlaps bbox but all pixels cloud/land masked (raw_valid_in_bbox=0, ql_dist=None)
  n20 20260725_1000 … ✗ swath overlaps bbox but all pixels cloud/land masked (raw_valid_in_bbox=0, ql_dist=None)
  n20 20260725_1010 … ✗ swath overlaps bbox but all pixels cloud/land masked (raw_valid_in_bbox=0, ql_dist=None)
  n20 20260725_1050 … ✗ swath overlaps bbox but all pixels cloud/land masked (raw_valid_in_bbox=0, ql_dist=None)
  n20 20260725_1100 … ✗ swath overlaps bbox but all pixels cloud/land masked (raw_valid_in_bbox=0, ql_dist=None)
  n20 20260725_1110 … ✗ swath overlaps bbox but all pixels cloud/land masked (raw_valid_in_bbox=0, ql_dist=None)
  n20 20260725_1150 … ✗ swath overlaps bbox but all pixels cloud/land masked (raw_valid_in_bbox=0, ql_dist=None)
  n20 20260725_1200 … ✗ swath overlaps bbox but all pixels cloud/land masked (raw_valid_in_bbox=0, ql_dist=None)
  n20 20260725_1210 … ✗ swath overlaps bbox but all pixels cloud/land masked (raw_valid_in_bbox=0, ql_dist=None)
  n20 20260725_1250 … ✗ swath overlaps bbox but all pixels cloud/land masked (raw_valid_in_bbox=0, ql_dist=None)
  n20 20260725_1300 … ✗ swath overlaps bbox but all pixels cloud/land masked (raw_valid_in_bbox=0, ql_dist=None)
  n20 20260725_1310 … ✗ swath overlaps bbox but all pixels cloud/land masked (raw_valid_in_bbox=0, ql_dist=None)
  n20 20260725_1350 … ✗ swath overlaps bbox but all pixels cloud/land masked (raw_valid_in_bbox=0, ql_dist=None)
  n20 20260725_1400 … ✗ swath overlaps bbox but all pixels cloud/land masked (raw_valid_in_bbox=0, ql_dist=None)
  n20 20260725_1410 … ✗ swath overlaps bbox but all pixels cloud/land masked (raw_valid_in_bbox=0, ql_dist=None)
  n20 20260725_1450 … ✗ swath overlaps bbox but all pixels cloud/land masked (raw_valid_in_bbox=0, ql_dist=None)
  n20 20260725_1500 … ✗ swath overlaps bbox but all pixels cloud/land masked (raw_valid_in_bbox=0, ql_dist=None)
  n20 20260725_1510 … ✗ swath overlaps bbox but all pixels cloud/land masked (raw_valid_in_bbox=0, ql_dist=None)
  n20 20260725_1550 … ✗ swath overlaps bbox but all pixels cloud/land masked (raw_valid_in_bbox=0, ql_dist=None)
  n20 20260725_1600 … ✗ swath overlaps bbox but all pixels cloud/land masked (raw_valid_in_bbox=0, ql_dist=None)
  n20 20260725_1610 … ✗ swath overlaps bbox but all pixels cloud/land masked (raw_valid_in_bbox=0, ql_dist=None)
  n20 20260725_1650 … ✗ swath overlaps bbox but all pixels cloud/land masked (raw_valid_in_bbox=0, ql_dist=None)
  n20 20260725_1700 … ✗ swath overlaps bbox but all pixels cloud/land masked (raw_valid_in_bbox=0, ql_dist=None)
  n20 20260725_1710 … ✗ swath overlaps bbox but all pixels cloud/land masked (raw_valid_in_bbox=0, ql_dist=None)
  n20 20260725_1750 … ✗ swath overlaps bbox but all pixels cloud/land masked (raw_valid_in_bbox=0, ql_dist=None)
  n20 20260725_1800 … ✗ swath overlaps bbox but all pixels cloud/land masked (raw_valid_in_bbox=0, ql_dist=None)
  n20 20260725_1810 … ✗ swath overlaps bbox but all pixels cloud/land masked (raw_valid_in_bbox=0, ql_dist=None)
  n20 20260725_1850 … ✗ swath overlaps bbox but all pixels cloud/land masked (raw_valid_in_bbox=0, ql_dist=None)
  n20 20260725_1900 … ✗ swath overlaps bbox but all pixels cloud/land masked (raw_valid_in_bbox=0, ql_dist=None)
  n20 20260725_1910 … ✗ swath overlaps bbox but all pixels cloud/land masked (raw_valid_in_bbox=0, ql_dist=None)
  n20 20260725_1950 … ✗ swath overlaps bbox but all pixels cloud/land masked (raw_valid_in_bbox=0, ql_dist=None)
  n20 20260725_2000 … ✗ swath overlaps bbox but all pixels cloud/land masked (raw_valid_in_bbox=0, ql_dist=None)
  n20 20260725_2010 … ✗ swath overlaps bbox but all pixels cloud/land masked (raw_valid_in_bbox=0, ql_dist=None)
  n20 20260725_2050 … ✗ swath overlaps bbox but all pixels cloud/land masked (raw_valid_in_bbox=0, ql_dist=None)
  n20 20260725_2100 … ✗ swath overlaps bbox but all pixels cloud/land masked (raw_valid_in_bbox=0, ql_dist=None)
  n20 20260725_2110 … ✗ swath overlaps bbox but all pixels cloud/land masked (raw_valid_in_bbox=0, ql_dist=None)
  n20 20260725_2150 … ✗ swath overlaps bbox but all pixels cloud/land masked (raw_valid_in_bbox=0, ql_dist=None)
  n20 20260725_2200 … ✗ swath overlaps bbox but all pixels cloud/land masked (raw_valid_in_bbox=0, ql_dist=None)
  n20 20260725_2210 … ✗ swath overlaps bbox but all pixels cloud/land masked (raw_valid_in_bbox=0, ql_dist=None)
  n20 20260725_2250 … ✗ swath overlaps bbox but all pixels cloud/land masked (raw_valid_in_bbox=0, ql_dist=None)
  n20 20260725_2300 … ✗ swath overlaps bbox but all pixels cloud/land masked (raw_valid_in_bbox=0, ql_dist=None)
  n20 20260725_2310 … ✗ swath overlaps bbox but all pixels cloud/land masked (raw_valid_in_bbox=0, ql_dist=None)
  n20 20260725_2350 … ✗ swath overlaps bbox but all pixels cloud/land masked (raw_valid_in_bbox=0, ql_dist=None)
  n20 20260726_0000 … ✗ swath overlaps bbox but all pixels cloud/land masked (raw_valid_in_bbox=0, ql_dist=None)
  n20 20260726_0010 … ✗ swath overlaps bbox but all pixels cloud/land masked (raw_valid_in_bbox=0, ql_dist=None)
  n20 20260726_0050 … ✗ swath overlaps bbox but all pixels cloud/land masked (raw_valid_in_bbox=0, ql_dist=None)
  n20 20260726_0100 … ✗ swath overlaps bbox but all pixels cloud/land masked (raw_valid_in_bbox=0, ql_dist=None)
  n20 20260726_0110 … ✗ swath overlaps bbox but all pixels cloud/land masked (raw_valid_in_bbox=0, ql_dist=None)
  n20 20260726_0150 … ✗ swath overlaps bbox but all pixels cloud/land masked (raw_valid_in_bbox=0, ql_dist=None)
  n20 20260726_0200 … ✗ swath overlaps bbox but all pixels cloud/land masked (raw_valid_in_bbox=0, ql_dist=None)
  n20 20260726_0210 … ✗ swath overlaps bbox but all pixels cloud/land masked (raw_valid_in_bbox=0, ql_dist=None)
  n20 20260726_0250 … ✗ swath overlaps bbox but all pixels cloud/land masked (raw_valid_in_bbox=0, ql_dist=None)
  n20 20260726_0300 … ✗ swath overlaps bbox but all pixels cloud/land masked (raw_valid_in_bbox=0, ql_dist=None)
  n20 20260726_0310 … ✗ swath overlaps bbox but all pixels cloud/land masked (raw_valid_in_bbox=0, ql_dist=None)
  n20 20260726_0350 … ✗ swath overlaps bbox but all pixels cloud/land masked (raw_valid_in_bbox=0, ql_dist=None)
  n20 20260726_0400 … ✗ swath overlaps bbox but all pixels cloud/land masked (raw_valid_in_bbox=0, ql_dist=None)
  n21 20260724_0450 … ✗ swath overlaps bbox but all pixels cloud/land masked (raw_valid_in_bbox=0, ql_dist=None)
  n21 20260724_0500 … ✗ swath overlaps bbox but all pixels cloud/land masked (raw_valid_in_bbox=0, ql_dist=None)
  n21 20260724_0510 … ✗ swath overlaps bbox but all pixels cloud/land masked (raw_valid_in_bbox=0, ql_dist=None)
  n21 20260724_0550 … ✗ swath overlaps bbox but all pixels cloud/land masked (raw_valid_in_bbox=0, ql_dist=None)
  n21 20260724_0600 … ✗ swath overlaps bbox but all pixels cloud/land masked (raw_valid_in_bbox=0, ql_dist=None)
  n21 20260724_0610 … ✗ swath overlaps bbox but all pixels cloud/land masked (raw_valid_in_bbox=0, ql_dist=None)
  n21 20260724_0650 … ✗ swath overlaps bbox but all pixels cloud/land masked (raw_valid_in_bbox=0, ql_dist=None)
  n21 20260724_0700 … ✗ swath overlaps bbox but all pixels cloud/land masked (raw_valid_in_bbox=0, ql_dist=None)
  n21 20260724_0710 … ✗ swath overlaps bbox but all pixels cloud/land masked (raw_valid_in_bbox=0, ql_dist=None)
  n21 20260724_0750 … ✗ swath overlaps bbox but all pixels cloud/land masked (raw_valid_in_bbox=0, ql_dist=None)
  n21 20260724_0800 … ✗ swath overlaps bbox but all pixels cloud/land masked (raw_valid_in_bbox=0, ql_dist=None)
  n21 20260724_0810 … ✗ swath overlaps bbox but all pixels cloud/land masked (raw_valid_in_bbox=0, ql_dist=None)
  n21 20260724_0850 … ✗ swath overlaps bbox but all pixels cloud/land masked (raw_valid_in_bbox=0, ql_dist=None)
  n21 20260724_0900 … ✗ swath overlaps bbox but all pixels cloud/land masked (raw_valid_in_bbox=0, ql_dist=None)
  n21 20260724_0910 … ✗ swath overlaps bbox but all pixels cloud/land masked (raw_valid_in_bbox=0, ql_dist=None)
  n21 20260724_0950 … ✗ swath overlaps bbox but all pixels cloud/land masked (raw_valid_in_bbox=0, ql_dist=None)
  n21 20260724_1000 … ✗ swath overlaps bbox but all pixels cloud/land masked (raw_valid_in_bbox=0, ql_dist=None)
  n21 20260724_1010 … ✗ swath overlaps bbox but all pixels cloud/land masked (raw_valid_in_bbox=0, ql_dist=None)
  n21 20260724_1050 … ✗ swath overlaps bbox but all pixels cloud/land masked (raw_valid_in_bbox=0, ql_dist=None)
  n21 20260724_1100 … ✗ swath overlaps bbox but all pixels cloud/land masked (raw_valid_in_bbox=0, ql_dist=None)
  n21 20260724_1110 … ✗ swath overlaps bbox but all pixels cloud/land masked (raw_valid_in_bbox=0, ql_dist=None)
  n21 20260724_1150 … ✗ swath overlaps bbox but all pixels cloud/land masked (raw_valid_in_bbox=0, ql_dist=None)
  n21 20260724_1200 … ✗ swath overlaps bbox but all pixels cloud/land masked (raw_valid_in_bbox=0, ql_dist=None)
  n21 20260724_1210 … ✗ swath overlaps bbox but all pixels cloud/land masked (raw_valid_in_bbox=0, ql_dist=None)
  n21 20260724_1250 … ✗ swath overlaps bbox but all pixels cloud/land masked (raw_valid_in_bbox=0, ql_dist=None)
  n21 20260724_1300 … ✗ swath overlaps bbox but all pixels cloud/land masked (raw_valid_in_bbox=0, ql_dist=None)
  n21 20260724_1310 … ✗ swath overlaps bbox but all pixels cloud/land masked (raw_valid_in_bbox=0, ql_dist=None)
  n21 20260724_1350 … ✗ swath overlaps bbox but all pixels cloud/land masked (raw_valid_in_bbox=0, ql_dist=None)
  n21 20260724_1400 … ✗ swath overlaps bbox but all pixels cloud/land masked (raw_valid_in_bbox=0, ql_dist=None)
  n21 20260724_1410 … ✗ swath overlaps bbox but all pixels cloud/land masked (raw_valid_in_bbox=0, ql_dist=None)
  n21 20260724_1450 … ✗ swath overlaps bbox but all pixels cloud/land masked (raw_valid_in_bbox=0, ql_dist=None)
  n21 20260724_1500 … ✗ swath overlaps bbox but all pixels cloud/land masked (raw_valid_in_bbox=0, ql_dist=None)
  n21 20260724_1510 … ✗ swath overlaps bbox but all pixels cloud/land masked (raw_valid_in_bbox=0, ql_dist=None)
  n21 20260724_1550 … ✗ swath overlaps bbox but all pixels cloud/land masked (raw_valid_in_bbox=0, ql_dist=None)
  n21 20260724_1600 … ✗ swath overlaps bbox but all pixels cloud/land masked (raw_valid_in_bbox=0, ql_dist=None)
  n21 20260724_1610 … ✗ swath overlaps bbox but all pixels cloud/land masked (raw_valid_in_bbox=0, ql_dist=None)
  n21 20260724_1650 … ✗ swath overlaps bbox but all pixels cloud/land masked (raw_valid_in_bbox=0, ql_dist=None)
  n21 20260724_1700 … ✗ swath overlaps bbox but all pixels cloud/land masked (raw_valid_in_bbox=0, ql_dist=None)
  n21 20260724_1710 … ✗ swath overlaps bbox but all pixels cloud/land masked (raw_valid_in_bbox=0, ql_dist=None)
  n21 20260724_1750 ✓ (cached)
  n21 20260724_1800 ✓ (cached)
  n21 20260724_1810 … ✗ swath overlaps bbox but all pixels cloud/land masked (raw_valid_in_bbox=0, ql_dist=None)
  n21 20260724_1850 … ✗ swath overlaps bbox but all pixels cloud/land masked (raw_valid_in_bbox=0, ql_dist=None)
  n21 20260724_1900 … ✗ swath overlaps bbox but all pixels cloud/land masked (raw_valid_in_bbox=0, ql_dist=None)
  n21 20260724_1910 … ✗ swath overlaps bbox but all pixels cloud/land masked (raw_valid_in_bbox=0, ql_dist=None)
  n21 20260724_1950 … ✗ swath overlaps bbox but all pixels cloud/land masked (raw_valid_in_bbox=0, ql_dist=None)
  n21 20260724_2000 … ✗ swath overlaps bbox but all pixels cloud/land masked (raw_valid_in_bbox=0, ql_dist=None)
  n21 20260724_2010 … ✗ swath overlaps bbox but all pixels cloud/land masked (raw_valid_in_bbox=0, ql_dist=None)
  n21 20260724_2050 … ✗ swath overlaps bbox but all pixels cloud/land masked (raw_valid_in_bbox=0, ql_dist=None)
  n21 20260724_2100 … ✗ swath overlaps bbox but all pixels cloud/land masked (raw_valid_in_bbox=0, ql_dist=None)
  n21 20260724_2110 … ✗ swath overlaps bbox but all pixels cloud/land masked (raw_valid_in_bbox=0, ql_dist=None)
  n21 20260724_2150 … ✗ swath overlaps bbox but all pixels cloud/land masked (raw_valid_in_bbox=0, ql_dist=None)
  n21 20260724_2200 … ✗ swath overlaps bbox but all pixels cloud/land masked (raw_valid_in_bbox=0, ql_dist=None)
  n21 20260724_2210 … ✗ swath overlaps bbox but all pixels cloud/land masked (raw_valid_in_bbox=0, ql_dist=None)
  n21 20260724_2250 … ✗ swath overlaps bbox but all pixels cloud/land masked (raw_valid_in_bbox=0, ql_dist=None)
  n21 20260724_2300 … ✗ swath overlaps bbox but all pixels cloud/land masked (raw_valid_in_bbox=0, ql_dist=None)
  n21 20260724_2310 … ✗ swath overlaps bbox but all pixels cloud/land masked (raw_valid_in_bbox=0, ql_dist=None)
  n21 20260724_2350 … ✗ swath overlaps bbox but all pixels cloud/land masked (raw_valid_in_bbox=0, ql_dist=None)
  n21 20260725_0000 … ✗ swath overlaps bbox but all pixels cloud/land masked (raw_valid_in_bbox=0, ql_dist=None)
  n21 20260725_0010 … ✗ swath overlaps bbox but all pixels cloud/land masked (raw_valid_in_bbox=0, ql_dist=None)
  n21 20260725_0050 … ✗ swath overlaps bbox but all pixels cloud/land masked (raw_valid_in_bbox=0, ql_dist=None)
  n21 20260725_0100 … ✗ swath overlaps bbox but all pixels cloud/land masked (raw_valid_in_bbox=0, ql_dist=None)
  n21 20260725_0110 … ✗ swath overlaps bbox but all pixels cloud/land masked (raw_valid_in_bbox=0, ql_dist=None)
  n21 20260725_0150 … ✗ swath overlaps bbox but all pixels cloud/land masked (raw_valid_in_bbox=0, ql_dist=None)
  n21 20260725_0200 … ✗ swath overlaps bbox but all pixels cloud/land masked (raw_valid_in_bbox=0, ql_dist=None)
  n21 20260725_0210 … ✗ swath overlaps bbox but all pixels cloud/land masked (raw_valid_in_bbox=0, ql_dist=None)
  n21 20260725_0250 … ✗ swath overlaps bbox but all pixels cloud/land masked (raw_valid_in_bbox=0, ql_dist=None)
  n21 20260725_0300 … ✗ swath overlaps bbox but all pixels cloud/land masked (raw_valid_in_bbox=0, ql_dist=None)
  n21 20260725_0310 … ✗ swath overlaps bbox but all pixels cloud/land masked (raw_valid_in_bbox=0, ql_dist=None)
  n21 20260725_0350 … ✗ swath overlaps bbox but all pixels cloud/land masked (raw_valid_in_bbox=0, ql_dist=None)
  n21 20260725_0400 … ✗ swath overlaps bbox but all pixels cloud/land masked (raw_valid_in_bbox=0, ql_dist=None)
  n21 20260725_0410 … ✗ swath overlaps bbox but all pixels cloud/land masked (raw_valid_in_bbox=0, ql_dist=None)
  n21 20260725_0450 … ✗ swath overlaps bbox but all pixels cloud/land masked (raw_valid_in_bbox=0, ql_dist=None)
  n21 20260725_0500 … ✗ swath overlaps bbox but all pixels cloud/land masked (raw_valid_in_bbox=0, ql_dist=None)
  n21 20260725_0510 … ✗ swath overlaps bbox but all pixels cloud/land masked (raw_valid_in_bbox=0, ql_dist=None)
  n21 20260725_0550 … ✗ swath overlaps bbox but all pixels cloud/land masked (raw_valid_in_bbox=0, ql_dist=None)
  n21 20260725_0600 … ✗ swath overlaps bbox but all pixels cloud/land masked (raw_valid_in_bbox=0, ql_dist=None)
  n21 20260725_0610 … ✗ swath overlaps bbox but all pixels cloud/land masked (raw_valid_in_bbox=0, ql_dist=None)
  n21 20260725_0650 … ✗ swath overlaps bbox but all pixels cloud/land masked (raw_valid_in_bbox=0, ql_dist=None)
  n21 20260725_0700 … ✗ swath overlaps bbox but all pixels cloud/land masked (raw_valid_in_bbox=0, ql_dist=None)
  n21 20260725_0710 … ✗ swath overlaps bbox but all pixels cloud/land masked (raw_valid_in_bbox=0, ql_dist=None)
  n21 20260725_0750 … ✗ swath overlaps bbox but all pixels cloud/land masked (raw_valid_in_bbox=0, ql_dist=None)
  n21 20260725_0800 ✓ (cached)
  n21 20260725_0810 … ✗ swath overlaps bbox but all pixels cloud/land masked (raw_valid_in_bbox=0, ql_dist=None)
  n21 20260725_0850 … ✗ swath overlaps bbox but all pixels cloud/land masked (raw_valid_in_bbox=0, ql_dist=None)
  n21 20260725_0900 … ✗ swath overlaps bbox but all pixels cloud/land masked (raw_valid_in_bbox=0, ql_dist=None)
  n21 20260725_0910 … ✗ swath overlaps bbox but all pixels cloud/land masked (raw_valid_in_bbox=0, ql_dist=None)
  n21 20260725_0950 … ✗ swath overlaps bbox but all pixels cloud/land masked (raw_valid_in_bbox=0, ql_dist=None)
  n21 20260725_1000 … ✗ swath overlaps bbox but all pixels cloud/land masked (raw_valid_in_bbox=0, ql_dist=None)
  n21 20260725_1010 … ✗ swath overlaps bbox but all pixels cloud/land masked (raw_valid_in_bbox=0, ql_dist=None)
  n21 20260725_1050 … ✗ swath overlaps bbox but all pixels cloud/land masked (raw_valid_in_bbox=0, ql_dist=None)
  n21 20260725_1100 … ✗ swath overlaps bbox but all pixels cloud/land masked (raw_valid_in_bbox=0, ql_dist=None)
  n21 20260725_1110 … ✗ swath overlaps bbox but all pixels cloud/land masked (raw_valid_in_bbox=0, ql_dist=None)
  n21 20260725_1150 … ✗ swath overlaps bbox but all pixels cloud/land masked (raw_valid_in_bbox=0, ql_dist=None)
  n21 20260725_1200 … ✗ swath overlaps bbox but all pixels cloud/land masked (raw_valid_in_bbox=0, ql_dist=None)
  n21 20260725_1210 … ✗ swath overlaps bbox but all pixels cloud/land masked (raw_valid_in_bbox=0, ql_dist=None)
  n21 20260725_1250 … ✗ swath overlaps bbox but all pixels cloud/land masked (raw_valid_in_bbox=0, ql_dist=None)
  n21 20260725_1300 … ✗ swath overlaps bbox but all pixels cloud/land masked (raw_valid_in_bbox=0, ql_dist=None)
  n21 20260725_1310 … ✗ swath overlaps bbox but all pixels cloud/land masked (raw_valid_in_bbox=0, ql_dist=None)
  n21 20260725_1350 … ✗ swath overlaps bbox but all pixels cloud/land masked (raw_valid_in_bbox=0, ql_dist=None)
  n21 20260725_1400 … ✗ swath overlaps bbox but all pixels cloud/land masked (raw_valid_in_bbox=0, ql_dist=None)
  n21 20260725_1410 … ✗ swath overlaps bbox but all pixels cloud/land masked (raw_valid_in_bbox=0, ql_dist=None)
  n21 20260725_1450 … ✗ swath overlaps bbox but all pixels cloud/land masked (raw_valid_in_bbox=0, ql_dist=None)
  n21 20260725_1500 … ✗ swath overlaps bbox but all pixels cloud/land masked (raw_valid_in_bbox=0, ql_dist=None)
  n21 20260725_1510 … ✗ swath overlaps bbox but all pixels cloud/land masked (raw_valid_in_bbox=0, ql_dist=None)
  n21 20260725_1550 … ✗ swath overlaps bbox but all pixels cloud/land masked (raw_valid_in_bbox=0, ql_dist=None)
  n21 20260725_1600 … ✗ swath overlaps bbox but all pixels cloud/land masked (raw_valid_in_bbox=0, ql_dist=None)
  n21 20260725_1610 … ✗ swath overlaps bbox but all pixels cloud/land masked (raw_valid_in_bbox=0, ql_dist=None)
  n21 20260725_1650 … ✗ swath overlaps bbox but all pixels cloud/land masked (raw_valid_in_bbox=0, ql_dist=None)
  n21 20260725_1700 … ✗ swath overlaps bbox but all pixels cloud/land masked (raw_valid_in_bbox=0, ql_dist=None)
  n21 20260725_1710 … ✗ swath overlaps bbox but all pixels cloud/land masked (raw_valid_in_bbox=0, ql_dist=None)
  n21 20260725_1750 … ✗ swath overlaps bbox but all pixels cloud/land masked (raw_valid_in_bbox=0, ql_dist=None)
  n21 20260725_1800 … ✗ swath overlaps bbox but all pixels cloud/land masked (raw_valid_in_bbox=0, ql_dist=None)
  n21 20260725_1810 … ✗ swath overlaps bbox but all pixels cloud/land masked (raw_valid_in_bbox=0, ql_dist=None)
  n21 20260725_1850 … ✗ swath overlaps bbox but all pixels cloud/land masked (raw_valid_in_bbox=0, ql_dist=None)
  n21 20260725_1900 … ✗ swath overlaps bbox but all pixels cloud/land masked (raw_valid_in_bbox=0, ql_dist=None)
  n21 20260725_1910 … ✗ swath overlaps bbox but all pixels cloud/land masked (raw_valid_in_bbox=0, ql_dist=None)
  n21 20260725_1950 … ✗ swath overlaps bbox but all pixels cloud/land masked (raw_valid_in_bbox=0, ql_dist=None)
  n21 20260725_2000 … ✗ swath overlaps bbox but all pixels cloud/land masked (raw_valid_in_bbox=0, ql_dist=None)
  n21 20260725_2010 … ✗ swath overlaps bbox but all pixels cloud/land masked (raw_valid_in_bbox=0, ql_dist=None)
  n21 20260725_2050 … ✗ swath overlaps bbox but all pixels cloud/land masked (raw_valid_in_bbox=0, ql_dist=None)
  n21 20260725_2100 … ✗ swath overlaps bbox but all pixels cloud/land masked (raw_valid_in_bbox=0, ql_dist=None)
  n21 20260725_2110 … ✗ swath overlaps bbox but all pixels cloud/land masked (raw_valid_in_bbox=0, ql_dist=None)
  n21 20260725_2150 … ✗ swath overlaps bbox but all pixels cloud/land masked (raw_valid_in_bbox=0, ql_dist=None)
  n21 20260725_2200 … ✗ swath overlaps bbox but all pixels cloud/land masked (raw_valid_in_bbox=0, ql_dist=None)
  n21 20260725_2210 … ✗ swath overlaps bbox but all pixels cloud/land masked (raw_valid_in_bbox=0, ql_dist=None)
  n21 20260725_2250 … ✗ swath overlaps bbox but all pixels cloud/land masked (raw_valid_in_bbox=0, ql_dist=None)
  n21 20260725_2300 … ✗ swath overlaps bbox but all pixels cloud/land masked (raw_valid_in_bbox=0, ql_dist=None)
  n21 20260725_2310 … ✗ swath overlaps bbox but all pixels cloud/land masked (raw_valid_in_bbox=0, ql_dist=None)
  n21 20260725_2350 … ✗ swath overlaps bbox but all pixels cloud/land masked (raw_valid_in_bbox=0, ql_dist=None)
  n21 20260726_0000 … ✗ swath overlaps bbox but all pixels cloud/land masked (raw_valid_in_bbox=0, ql_dist=None)
  n21 20260726_0010 … ✗ swath overlaps bbox but all pixels cloud/land masked (raw_valid_in_bbox=0, ql_dist=None)
  n21 20260726_0050 … ✗ swath overlaps bbox but all pixels cloud/land masked (raw_valid_in_bbox=0, ql_dist=None)
  n21 20260726_0100 … ✗ swath overlaps bbox but all pixels cloud/land masked (raw_valid_in_bbox=0, ql_dist=None)
  n21 20260726_0110 … ✗ swath overlaps bbox but all pixels cloud/land masked (raw_valid_in_bbox=0, ql_dist=None)
  n21 20260726_0150 … ✗ swath overlaps bbox but all pixels cloud/land masked (raw_valid_in_bbox=0, ql_dist=None)
  n21 20260726_0200 … ✗ swath overlaps bbox but all pixels cloud/land masked (raw_valid_in_bbox=0, ql_dist=None)
  n21 20260726_0210 … ✗ swath overlaps bbox but all pixels cloud/land masked (raw_valid_in_bbox=0, ql_dist=None)
  n21 20260726_0250 … ✗ swath overlaps bbox but all pixels cloud/land masked (raw_valid_in_bbox=0, ql_dist=None)
  n21 20260726_0300 … ✗ swath overlaps bbox but all pixels cloud/land masked (raw_valid_in_bbox=0, ql_dist=None)
  n21 20260726_0310 … ✗ swath overlaps bbox but all pixels cloud/land masked (raw_valid_in_bbox=0, ql_dist=None)
  n21 20260726_0350 … ✗ swath overlaps bbox but all pixels cloud/land masked (raw_valid_in_bbox=0, ql_dist=None)
  n21 20260726_0400 … ✗ swath overlaps bbox but all pixels cloud/land masked (raw_valid_in_bbox=0, ql_dist=None)

  VIIRS summary: 0 written, 10 cached, 414 miss/cloud, 506 outside windows.

=========================================================
✓ Pipeline complete
=========================================================
========================================
RUNNING REGION: ne_fl
========================================
=========================================================
SST PIPELINE
  UTC    : 2026-07-26 04:56:38
  Region : ne_fl
  Bbox   : 26.0–30.5°N  -81.97–-76.14°E
  Output : DailySSTData/MUR/ne_fl  (and siblings)
=========================================================

── MUR daily composite (last 5 days) ──
  MUR 20260725 (coastwatch.noaa.gov) … ✗ RuntimeError
  MUR 20260725 (coastwatch.pfeg.noaa.gov) … ✗ RuntimeError
  MUR 20260725 (upwell.pfeg.noaa.gov) … ✗ RuntimeError
  ✗ MUR 20260725 — all mirrors failed. Last: upwell.pfeg.noaa.gov: RuntimeError: 404 — no data for this date
  ✓ MUR 20260724 (cached)
  ✓ MUR 20260723 (cached)
  ✓ MUR 20260722 (cached)
  ✓ MUR 20260721 (cached)

── GOES-19 geo-polar blended daily composite ──
  Candidates: 4 (2 hosts × 2 dataset IDs)
  GOES 20260726 [noaa/noaacwBLENDEDsstDLDaily] … ✗ RuntimeError: 404 — no data for this date
  GOES 20260726 [noaa/noaacwBLENDEDsstDaily] … ✗ RuntimeError: 404 — no data for this date
  GOES 20260726 [pfeg/noaacwBLENDEDsstDLDaily] … ✗ RuntimeError: 404 — no data for this date
  GOES 20260726 [pfeg/noaacwBLENDEDsstDaily] … ✗ RuntimeError: 404 — no data for this date
  GOES 20260725 [noaa/noaacwBLENDEDsstDLDaily] … ✗ RuntimeError: 404 — no data for this date
  GOES 20260725 [noaa/noaacwBLENDEDsstDaily] … ✗ RuntimeError: 404 — no data for this date
  GOES 20260725 [pfeg/noaacwBLENDEDsstDLDaily] … ✗ RuntimeError: 404 — no data for this date
  GOES 20260725 [pfeg/noaacwBLENDEDsstDaily] … ✗ RuntimeError: 404 — no data for this date
  GOES 20260724 [noaa/noaacwBLENDEDsstDLDaily] …   (land filter: loaded 19 coastline polygons)
  (land filter: dropped 26 inland, kept 2060 ocean)
✓
  → DailySSTData/GOES/Composite/ne_fl/goes_composite_20260724.csv  (2060 pts, 46 lats × 56 lons)

── VIIRS multi-pass (last 48h — NPP/N20/N21) ──
  ✓ VIIRS NRT base: https://www.star.nesdis.noaa.gov/pub/socd2/coastwatch/sst/nrt/viirs
  Hourly windows : 48
  Window range   : 2026-07-24 04:50Z → 2026-07-26 04:10Z
  Half-width     : ±10 min per bucket
  npp 20260724_0450 … ✗ swath overlaps bbox but all pixels cloud/land masked (raw_valid_in_bbox=0, ql_dist=None)
  npp 20260724_0500 … ✗ swath overlaps bbox but all pixels cloud/land masked (raw_valid_in_bbox=0, ql_dist=None)
  npp 20260724_0510 … ✗ swath overlaps bbox but all pixels cloud/land masked (raw_valid_in_bbox=0, ql_dist=None)
  npp 20260724_0550 … ✗ swath overlaps bbox but all pixels cloud/land masked (raw_valid_in_bbox=0, ql_dist=None)
  npp 20260724_0600 … ✗ swath overlaps bbox but all pixels cloud/land masked (raw_valid_in_bbox=0, ql_dist=None)
  npp 20260724_0610 … ✗ swath overlaps bbox but all pixels cloud/land masked (raw_valid_in_bbox=0, ql_dist=None)
  npp 20260724_0650 … ✗ swath overlaps bbox but all pixels cloud/land masked (raw_valid_in_bbox=0, ql_dist=None)
  npp 20260724_0700 … ✗ swath overlaps bbox but all pixels cloud/land masked (raw_valid_in_bbox=0, ql_dist=None)
  npp 20260724_0710 ✓ (cached)
  npp 20260724_0750 … ✗ swath overlaps bbox but all pixels cloud/land masked (raw_valid_in_bbox=0, ql_dist=None)
  npp 20260724_0800 … ✗ swath overlaps bbox but all pixels cloud/land masked (raw_valid_in_bbox=0, ql_dist=None)
  npp 20260724_0810 … ✗ swath overlaps bbox but all pixels cloud/land masked (raw_valid_in_bbox=0, ql_dist=None)
  npp 20260724_0850 … ✗ swath overlaps bbox but all pixels cloud/land masked (raw_valid_in_bbox=0, ql_dist=None)
  npp 20260724_0900 … ✗ swath overlaps bbox but all pixels cloud/land masked (raw_valid_in_bbox=0, ql_dist=None)
  npp 20260724_0910 … ✗ swath overlaps bbox but all pixels cloud/land masked (raw_valid_in_bbox=0, ql_dist=None)
  npp 20260724_0950 … ✗ swath overlaps bbox but all pixels cloud/land masked (raw_valid_in_bbox=0, ql_dist=None)
  npp 20260724_1000 … ✗ swath overlaps bbox but all pixels cloud/land masked (raw_valid_in_bbox=0, ql_dist=None)
  npp 20260724_1010 … ✗ swath overlaps bbox but all pixels cloud/land masked (raw_valid_in_bbox=0, ql_dist=None)
  npp 20260724_1050 … ✗ swath overlaps bbox but all pixels cloud/land masked (raw_valid_in_bbox=0, ql_dist=None)
  npp 20260724_1100 … ✗ swath overlaps bbox but all pixels cloud/land masked (raw_valid_in_bbox=0, ql_dist=None)
  npp 20260724_1110 … ✗ swath overlaps bbox but all pixels cloud/land masked (raw_valid_in_bbox=0, ql_dist=None)
  npp 20260724_1150 … ✗ swath overlaps bbox but all pixels cloud/land masked (raw_valid_in_bbox=0, ql_dist=None)
  npp 20260724_1200 … ✗ swath overlaps bbox but all pixels cloud/land masked (raw_valid_in_bbox=0, ql_dist=None)
  npp 20260724_1210 … ✗ swath overlaps bbox but all pixels cloud/land masked (raw_valid_in_bbox=0, ql_dist=None)
  npp 20260724_1250 … ✗ swath overlaps bbox but all pixels cloud/land masked (raw_valid_in_bbox=0, ql_dist=None)
  npp 20260724_1300 … ✗ swath overlaps bbox but all pixels cloud/land masked (raw_valid_in_bbox=0, ql_dist=None)
  npp 20260724_1310 … ✗ swath overlaps bbox but all pixels cloud/land masked (raw_valid_in_bbox=0, ql_dist=None)
  npp 20260724_1350 … ✗ swath overlaps bbox but all pixels cloud/land masked (raw_valid_in_bbox=0, ql_dist=None)
  npp 20260724_1400 … ✗ swath overlaps bbox but all pixels cloud/land masked (raw_valid_in_bbox=0, ql_dist=None)
  npp 20260724_1410 … ✗ swath overlaps bbox but all pixels cloud/land masked (raw_valid_in_bbox=0, ql_dist=None)
  npp 20260724_1450 … ✗ swath overlaps bbox but all pixels cloud/land masked (raw_valid_in_bbox=0, ql_dist=None)
  npp 20260724_1500 … ✗ swath overlaps bbox but all pixels cloud/land masked (raw_valid_in_bbox=0, ql_dist=None)
  npp 20260724_1510 … ✗ swath overlaps bbox but all pixels cloud/land masked (raw_valid_in_bbox=0, ql_dist=None)
  npp 20260724_1550 … ✗ swath overlaps bbox but all pixels cloud/land masked (raw_valid_in_bbox=0, ql_dist=None)
  npp 20260724_1600 … ✗ swath overlaps bbox but all pixels cloud/land masked (raw_valid_in_bbox=0, ql_dist=None)
  npp 20260724_1610 … ✗ swath overlaps bbox but all pixels cloud/land masked (raw_valid_in_bbox=0, ql_dist=None)
  npp 20260724_1650 … ✗ swath overlaps bbox but all pixels cloud/land masked (raw_valid_in_bbox=0, ql_dist=None)
  npp 20260724_1700 … ✗ swath overlaps bbox but all pixels cloud/land masked (raw_valid_in_bbox=0, ql_dist=None)
  npp 20260724_1710 … ✗ swath overlaps bbox but all pixels cloud/land masked (raw_valid_in_bbox=0, ql_dist=None)
  npp 20260724_1750 … ✗ swath overlaps bbox but all pixels cloud/land masked (raw_valid_in_bbox=0, ql_dist=None)
  npp 20260724_1800 … ✗ swath overlaps bbox but all pixels cloud/land masked (raw_valid_in_bbox=0, ql_dist=None)
  npp 20260724_1810 … ✗ swath overlaps bbox but all pixels cloud/land masked (raw_valid_in_bbox=0, ql_dist=None)
  npp 20260724_1850 … ✗ swath overlaps bbox but all pixels cloud/land masked (raw_valid_in_bbox=0, ql_dist=None)
  npp 20260724_1900 … ✗ swath overlaps bbox but all pixels cloud/land masked (raw_valid_in_bbox=0, ql_dist=None)
  npp 20260724_1910 … ✗ swath overlaps bbox but all pixels cloud/land masked (raw_valid_in_bbox=0, ql_dist=None)
  npp 20260724_1950 … ✗ swath overlaps bbox but all pixels cloud/land masked (raw_valid_in_bbox=0, ql_dist=None)
  npp 20260724_2000 … ✗ swath overlaps bbox but all pixels cloud/land masked (raw_valid_in_bbox=0, ql_dist=None)
  npp 20260724_2010 … ✗ swath overlaps bbox but all pixels cloud/land masked (raw_valid_in_bbox=0, ql_dist=None)
  npp 20260724_2050 … ✗ swath overlaps bbox but all pixels cloud/land masked (raw_valid_in_bbox=0, ql_dist=None)
  npp 20260724_2100 … ✗ swath overlaps bbox but all pixels cloud/land masked (raw_valid_in_bbox=0, ql_dist=None)
  npp 20260724_2110 … ✗ swath overlaps bbox but all pixels cloud/land masked (raw_valid_in_bbox=0, ql_dist=None)
  npp 20260724_2150 … ✗ swath overlaps bbox but all pixels cloud/land masked (raw_valid_in_bbox=0, ql_dist=None)
  npp 20260724_2200 … ✗ swath overlaps bbox but all pixels cloud/land masked (raw_valid_in_bbox=0, ql_dist=None)
  npp 20260724_2210 … ✗ swath overlaps bbox but all pixels cloud/land masked (raw_valid_in_bbox=0, ql_dist=None)
  npp 20260724_2250 … ✗ swath overlaps bbox but all pixels cloud/land masked (raw_valid_in_bbox=0, ql_dist=None)
  npp 20260724_2300 … ✗ swath overlaps bbox but all pixels cloud/land masked (raw_valid_in_bbox=0, ql_dist=None)
  npp 20260724_2310 … ✗ swath overlaps bbox but all pixels cloud/land masked (raw_valid_in_bbox=0, ql_dist=None)
  npp 20260724_2350 … ✗ swath overlaps bbox but all pixels cloud/land masked (raw_valid_in_bbox=0, ql_dist=None)
  npp 20260725_0000 … ✗ swath overlaps bbox but all pixels cloud/land masked (raw_valid_in_bbox=0, ql_dist=None)
  npp 20260725_0010 … ✗ swath overlaps bbox but all pixels cloud/land masked (raw_valid_in_bbox=0, ql_dist=None)
  npp 20260725_0050 … ✗ swath overlaps bbox but all pixels cloud/land masked (raw_valid_in_bbox=0, ql_dist=None)
  npp 20260725_0100 … ✗ swath overlaps bbox but all pixels cloud/land masked (raw_valid_in_bbox=0, ql_dist=None)
  npp 20260725_0110 … ✗ swath overlaps bbox but all pixels cloud/land masked (raw_valid_in_bbox=0, ql_dist=None)
  npp 20260725_0150 … ✗ swath overlaps bbox but all pixels cloud/land masked (raw_valid_in_bbox=0, ql_dist=None)
  npp 20260725_0200 … ✗ swath overlaps bbox but all pixels cloud/land masked (raw_valid_in_bbox=0, ql_dist=None)
  npp 20260725_0210 … ✗ swath overlaps bbox but all pixels cloud/land masked (raw_valid_in_bbox=0, ql_dist=None)
  npp 20260725_0250 … ✗ swath overlaps bbox but all pixels cloud/land masked (raw_valid_in_bbox=0, ql_dist=None)
  npp 20260725_0300 … ✗ swath overlaps bbox but all pixels cloud/land masked (raw_valid_in_bbox=0, ql_dist=None)
  npp 20260725_0310 … ✗ swath overlaps bbox but all pixels cloud/land masked (raw_valid_in_bbox=0, ql_dist=None)
  npp 20260725_0350 … ✗ swath overlaps bbox but all pixels cloud/land masked (raw_valid_in_bbox=0, ql_dist=None)
  npp 20260725_0400 … ✗ swath overlaps bbox but all pixels cloud/land masked (raw_valid_in_bbox=0, ql_dist=None)
  npp 20260725_0410 … ✗ swath overlaps bbox but all pixels cloud/land masked (raw_valid_in_bbox=0, ql_dist=None)
  npp 20260725_0450 … ✗ swath overlaps bbox but all pixels cloud/land masked (raw_valid_in_bbox=0, ql_dist=None)
  npp 20260725_0500 … ✗ swath overlaps bbox but all pixels cloud/land masked (raw_valid_in_bbox=0, ql_dist=None)
  npp 20260725_0510 … ✗ swath overlaps bbox but all pixels cloud/land masked (raw_valid_in_bbox=0, ql_dist=None)
  npp 20260725_0550 … ✗ swath overlaps bbox but all pixels cloud/land masked (raw_valid_in_bbox=0, ql_dist=None)
  npp 20260725_0600 … ✗ swath overlaps bbox but all pixels cloud/land masked (raw_valid_in_bbox=0, ql_dist=None)
  npp 20260725_0610 … ✗ swath overlaps bbox but all pixels cloud/land masked (raw_valid_in_bbox=0, ql_dist=None)
  npp 20260725_0650 ✓ (cached)
  npp 20260725_0700 ✓ (cached)
  npp 20260725_0710 … ✗ swath overlaps bbox but all pixels cloud/land masked (raw_valid_in_bbox=0, ql_dist=None)
  npp 20260725_0750 … ✗ swath overlaps bbox but all pixels cloud/land masked (raw_valid_in_bbox=0, ql_dist=None)
  npp 20260725_0800 … ✗ swath overlaps bbox but all pixels cloud/land masked (raw_valid_in_bbox=0, ql_dist=None)
  npp 20260725_0810 … ✗ swath overlaps bbox but all pixels cloud/land masked (raw_valid_in_bbox=0, ql_dist=None)
  npp 20260725_0850 … ✗ swath overlaps bbox but all pixels cloud/land masked (raw_valid_in_bbox=0, ql_dist=None)
  npp 20260725_0900 … ✗ swath overlaps bbox but all pixels cloud/land masked (raw_valid_in_bbox=0, ql_dist=None)
  npp 20260725_0910 … ✗ swath overlaps bbox but all pixels cloud/land masked (raw_valid_in_bbox=0, ql_dist=None)
  npp 20260725_0950 … ✗ swath overlaps bbox but all pixels cloud/land masked (raw_valid_in_bbox=0, ql_dist=None)
  npp 20260725_1000 … ✗ swath overlaps bbox but all pixels cloud/land masked (raw_valid_in_bbox=0, ql_dist=None)
  npp 20260725_1010 … ✗ swath overlaps bbox but all pixels cloud/land masked (raw_valid_in_bbox=0, ql_dist=None)
  npp 20260725_1050 … ✗ swath overlaps bbox but all pixels cloud/land masked (raw_valid_in_bbox=0, ql_dist=None)
  npp 20260725_1100 … ✗ swath overlaps bbox but all pixels cloud/land masked (raw_valid_in_bbox=0, ql_dist=None)
  npp 20260725_1110 … ✗ swath overlaps bbox but all pixels cloud/land masked (raw_valid_in_bbox=0, ql_dist=None)
  npp 20260725_1150 … ✗ swath overlaps bbox but all pixels cloud/land masked (raw_valid_in_bbox=0, ql_dist=None)
  npp 20260725_1200 … ✗ swath overlaps bbox but all pixels cloud/land masked (raw_valid_in_bbox=0, ql_dist=None)
  npp 20260725_1210 … ✗ swath overlaps bbox but all pixels cloud/land masked (raw_valid_in_bbox=0, ql_dist=None)
  npp 20260725_1250 … ✗ swath overlaps bbox but all pixels cloud/land masked (raw_valid_in_bbox=0, ql_dist=None)
  npp 20260725_1300 … ✗ swath overlaps bbox but all pixels cloud/land masked (raw_valid_in_bbox=0, ql_dist=None)
  npp 20260725_1310 … ✗ swath overlaps bbox but all pixels cloud/land masked (raw_valid_in_bbox=0, ql_dist=None)
  npp 20260725_1350 … ✗ swath overlaps bbox but all pixels cloud/land masked (raw_valid_in_bbox=0, ql_dist=None)
  npp 20260725_1400 … ✗ swath overlaps bbox but all pixels cloud/land masked (raw_valid_in_bbox=0, ql_dist=None)
  npp 20260725_1410 … ✗ swath overlaps bbox but all pixels cloud/land masked (raw_valid_in_bbox=0, ql_dist=None)
  npp 20260725_1450 … ✗ swath overlaps bbox but all pixels cloud/land masked (raw_valid_in_bbox=0, ql_dist=None)
  npp 20260725_1500 … ✗ swath overlaps bbox but all pixels cloud/land masked (raw_valid_in_bbox=0, ql_dist=None)
  npp 20260725_1510 … ✗ swath overlaps bbox but all pixels cloud/land masked (raw_valid_in_bbox=0, ql_dist=None)
  npp 20260725_1550 … ✗ swath overlaps bbox but all pixels cloud/land masked (raw_valid_in_bbox=0, ql_dist=None)
  npp 20260725_1600 … ✗ swath overlaps bbox but all pixels cloud/land masked (raw_valid_in_bbox=0, ql_dist=None)
  npp 20260725_1610 … ✗ swath overlaps bbox but all pixels cloud/land masked (raw_valid_in_bbox=0, ql_dist=None)
  npp 20260725_1650 … ✗ swath overlaps bbox but all pixels cloud/land masked (raw_valid_in_bbox=0, ql_dist=None)
  npp 20260725_1700 … ✗ swath overlaps bbox but all pixels cloud/land masked (raw_valid_in_bbox=0, ql_dist=None)
  npp 20260725_1710 … ✗ swath overlaps bbox but all pixels cloud/land masked (raw_valid_in_bbox=0, ql_dist=None)
  npp 20260725_1750 … ✗ swath overlaps bbox but all pixels cloud/land masked (raw_valid_in_bbox=0, ql_dist=None)
  npp 20260725_1800 … ✗ swath overlaps bbox but all pixels cloud/land masked (raw_valid_in_bbox=0, ql_dist=None)
  npp 20260725_1810 ✓ (cached)
  npp 20260725_1850 … ✗ swath overlaps bbox but all pixels cloud/land masked (raw_valid_in_bbox=0, ql_dist=None)
  npp 20260725_1900 … ✗ swath overlaps bbox but all pixels cloud/land masked (raw_valid_in_bbox=0, ql_dist=None)
  npp 20260725_1910 … ✗ swath overlaps bbox but all pixels cloud/land masked (raw_valid_in_bbox=0, ql_dist=None)
  npp 20260725_1950 … ✗ swath overlaps bbox but all pixels cloud/land masked (raw_valid_in_bbox=0, ql_dist=None)
  npp 20260725_2000 … ✗ swath overlaps bbox but all pixels cloud/land masked (raw_valid_in_bbox=0, ql_dist=None)
  npp 20260725_2010 … ✗ swath overlaps bbox but all pixels cloud/land masked (raw_valid_in_bbox=0, ql_dist=None)
  npp 20260725_2050 … ✗ swath overlaps bbox but all pixels cloud/land masked (raw_valid_in_bbox=0, ql_dist=None)
  npp 20260725_2100 … ✗ swath overlaps bbox but all pixels cloud/land masked (raw_valid_in_bbox=0, ql_dist=None)
  npp 20260725_2110 … ✗ swath overlaps bbox but all pixels cloud/land masked (raw_valid_in_bbox=0, ql_dist=None)
  npp 20260725_2150 … ✗ swath overlaps bbox but all pixels cloud/land masked (raw_valid_in_bbox=0, ql_dist=None)
  npp 20260725_2200 … ✗ swath overlaps bbox but all pixels cloud/land masked (raw_valid_in_bbox=0, ql_dist=None)
  npp 20260725_2210 … ✗ swath overlaps bbox but all pixels cloud/land masked (raw_valid_in_bbox=0, ql_dist=None)
  npp 20260725_2250 … ✗ swath overlaps bbox but all pixels cloud/land masked (raw_valid_in_bbox=0, ql_dist=None)
  npp 20260725_2300 … ✗ swath overlaps bbox but all pixels cloud/land masked (raw_valid_in_bbox=0, ql_dist=None)
  npp 20260725_2310 … ✗ swath overlaps bbox but all pixels cloud/land masked (raw_valid_in_bbox=0, ql_dist=None)
  npp 20260725_2350 … ✗ swath overlaps bbox but all pixels cloud/land masked (raw_valid_in_bbox=0, ql_dist=None)
  npp 20260726_0000 … ✗ swath overlaps bbox but all pixels cloud/land masked (raw_valid_in_bbox=0, ql_dist=None)
  npp 20260726_0010 … ✗ swath overlaps bbox but all pixels cloud/land masked (raw_valid_in_bbox=0, ql_dist=None)
  npp 20260726_0050 … ✗ swath overlaps bbox but all pixels cloud/land masked (raw_valid_in_bbox=0, ql_dist=None)
  npp 20260726_0100 … ✗ swath overlaps bbox but all pixels cloud/land masked (raw_valid_in_bbox=0, ql_dist=None)
  npp 20260726_0110 … ✗ swath overlaps bbox but all pixels cloud/land masked (raw_valid_in_bbox=0, ql_dist=None)
  npp 20260726_0150 … ✗ swath overlaps bbox but all pixels cloud/land masked (raw_valid_in_bbox=0, ql_dist=None)
  npp 20260726_0200 … ✗ swath overlaps bbox but all pixels cloud/land masked (raw_valid_in_bbox=0, ql_dist=None)
  npp 20260726_0210 … ✗ swath overlaps bbox but all pixels cloud/land masked (raw_valid_in_bbox=0, ql_dist=None)
  n20 20260724_0450 … ✗ swath overlaps bbox but all pixels cloud/land masked (raw_valid_in_bbox=0, ql_dist=None)
  n20 20260724_0500 … ✗ swath overlaps bbox but all pixels cloud/land masked (raw_valid_in_bbox=0, ql_dist=None)
  n20 20260724_0510 … ✗ swath overlaps bbox but all pixels cloud/land masked (raw_valid_in_bbox=0, ql_dist=None)
  n20 20260724_0550 ✓ (cached)
  n20 20260724_0600 … ✗ swath overlaps bbox but all pixels cloud/land masked (raw_valid_in_bbox=0, ql_dist=None)
  n20 20260724_0610 … ✗ swath overlaps bbox but all pixels cloud/land masked (raw_valid_in_bbox=0, ql_dist=None)
  n20 20260724_0650 … ✗ swath overlaps bbox but all pixels cloud/land masked (raw_valid_in_bbox=0, ql_dist=None)
  n20 20260724_0700 … ✗ swath overlaps bbox but all pixels cloud/land masked (raw_valid_in_bbox=0, ql_dist=None)
  n20 20260724_0710 … ✗ swath overlaps bbox but all pixels cloud/land masked (raw_valid_in_bbox=0, ql_dist=None)
  n20 20260724_0750 … ✗ swath overlaps bbox but all pixels cloud/land masked (raw_valid_in_bbox=0, ql_dist=None)
  n20 20260724_0800 … ✗ swath overlaps bbox but all pixels cloud/land masked (raw_valid_in_bbox=0, ql_dist=None)
  n20 20260724_0810 … ✗ swath overlaps bbox but all pixels cloud/land masked (raw_valid_in_bbox=0, ql_dist=None)
  n20 20260724_0850 … ✗ swath overlaps bbox but all pixels cloud/land masked (raw_valid_in_bbox=0, ql_dist=None)
  n20 20260724_0900 … ✗ swath overlaps bbox but all pixels cloud/land masked (raw_valid_in_bbox=0, ql_dist=None)
  n20 20260724_0910 … ✗ swath overlaps bbox but all pixels cloud/land masked (raw_valid_in_bbox=0, ql_dist=None)
  n20 20260724_0950 … ✗ swath overlaps bbox but all pixels cloud/land masked (raw_valid_in_bbox=0, ql_dist=None)
  n20 20260724_1000 … ✗ swath overlaps bbox but all pixels cloud/land masked (raw_valid_in_bbox=0, ql_dist=None)
  n20 20260724_1010 … ✗ swath overlaps bbox but all pixels cloud/land masked (raw_valid_in_bbox=0, ql_dist=None)
  n20 20260724_1050 … ✗ swath overlaps bbox but all pixels cloud/land masked (raw_valid_in_bbox=0, ql_dist=None)
  n20 20260724_1100 … ✗ swath overlaps bbox but all pixels cloud/land masked (raw_valid_in_bbox=0, ql_dist=None)
  n20 20260724_1110 … ✗ swath overlaps bbox but all pixels cloud/land masked (raw_valid_in_bbox=0, ql_dist=None)
  n20 20260724_1150 … ✗ swath overlaps bbox but all pixels cloud/land masked (raw_valid_in_bbox=0, ql_dist=None)
  n20 20260724_1200 … ✗ swath overlaps bbox but all pixels cloud/land masked (raw_valid_in_bbox=0, ql_dist=None)
  n20 20260724_1210 … ✗ swath overlaps bbox but all pixels cloud/land masked (raw_valid_in_bbox=0, ql_dist=None)
  n20 20260724_1250 … ✗ swath overlaps bbox but all pixels cloud/land masked (raw_valid_in_bbox=0, ql_dist=None)
  n20 20260724_1300 … ✗ swath overlaps bbox but all pixels cloud/land masked (raw_valid_in_bbox=0, ql_dist=None)
  n20 20260724_1310 … ✗ swath overlaps bbox but all pixels cloud/land masked (raw_valid_in_bbox=0, ql_dist=None)
  n20 20260724_1350 … ✗ swath overlaps bbox but all pixels cloud/land masked (raw_valid_in_bbox=0, ql_dist=None)
  n20 20260724_1400 … ✗ swath overlaps bbox but all pixels cloud/land masked (raw_valid_in_bbox=0, ql_dist=None)
  n20 20260724_1410 … ✗ swath overlaps bbox but all pixels cloud/land masked (raw_valid_in_bbox=0, ql_dist=None)
  n20 20260724_1450 … ✗ swath overlaps bbox but all pixels cloud/land masked (raw_valid_in_bbox=0, ql_dist=None)
  n20 20260724_1500 … ✗ swath overlaps bbox but all pixels cloud/land masked (raw_valid_in_bbox=0, ql_dist=None)
  n20 20260724_1510 … ✗ swath overlaps bbox but all pixels cloud/land masked (raw_valid_in_bbox=0, ql_dist=None)
  n20 20260724_1550 … ✗ swath overlaps bbox but all pixels cloud/land masked (raw_valid_in_bbox=0, ql_dist=None)
  n20 20260724_1600 … ✗ swath overlaps bbox but all pixels cloud/land masked (raw_valid_in_bbox=0, ql_dist=None)
  n20 20260724_1610 … ✗ swath overlaps bbox but all pixels cloud/land masked (raw_valid_in_bbox=0, ql_dist=None)
  n20 20260724_1650 … ✗ swath overlaps bbox but all pixels cloud/land masked (raw_valid_in_bbox=0, ql_dist=None)
  n20 20260724_1700 … ✗ swath overlaps bbox but all pixels cloud/land masked (raw_valid_in_bbox=0, ql_dist=None)
  n20 20260724_1710 … ✗ swath overlaps bbox but all pixels cloud/land masked (raw_valid_in_bbox=0, ql_dist=None)
  n20 20260724_1750 … ✗ swath overlaps bbox but all pixels cloud/land masked (raw_valid_in_bbox=0, ql_dist=None)
  n20 20260724_1800 … ✗ swath overlaps bbox but all pixels cloud/land masked (raw_valid_in_bbox=0, ql_dist=None)
  n20 20260724_1810 … ✗ swath overlaps bbox but all pixels cloud/land masked (raw_valid_in_bbox=0, ql_dist=None)
  n20 20260724_1850 ✓ (cached)
  n20 20260724_1900 … ✗ swath overlaps bbox but all pixels cloud/land masked (raw_valid_in_bbox=0, ql_dist=None)
  n20 20260724_1910 … ✗ swath overlaps bbox but all pixels cloud/land masked (raw_valid_in_bbox=0, ql_dist=None)
  n20 20260724_1950 … ✗ swath overlaps bbox but all pixels cloud/land masked (raw_valid_in_bbox=0, ql_dist=None)
  n20 20260724_2000 … ✗ swath overlaps bbox but all pixels cloud/land masked (raw_valid_in_bbox=0, ql_dist=None)
  n20 20260724_2010 … ✗ swath overlaps bbox but all pixels cloud/land masked (raw_valid_in_bbox=0, ql_dist=None)
  n20 20260724_2050 … ✗ swath overlaps bbox but all pixels cloud/land masked (raw_valid_in_bbox=0, ql_dist=None)
  n20 20260724_2100 … ✗ swath overlaps bbox but all pixels cloud/land masked (raw_valid_in_bbox=0, ql_dist=None)
  n20 20260724_2110 … ✗ swath overlaps bbox but all pixels cloud/land masked (raw_valid_in_bbox=0, ql_dist=None)
  n20 20260724_2150 … ✗ swath overlaps bbox but all pixels cloud/land masked (raw_valid_in_bbox=0, ql_dist=None)
  n20 20260724_2200 … ✗ swath overlaps bbox but all pixels cloud/land masked (raw_valid_in_bbox=0, ql_dist=None)
  n20 20260724_2210 … ✗ swath overlaps bbox but all pixels cloud/land masked (raw_valid_in_bbox=0, ql_dist=None)
  n20 20260724_2250 … ✗ swath overlaps bbox but all pixels cloud/land masked (raw_valid_in_bbox=0, ql_dist=None)
  n20 20260724_2300 … ✗ swath overlaps bbox but all pixels cloud/land masked (raw_valid_in_bbox=0, ql_dist=None)
  n20 20260724_2310 … ✗ swath overlaps bbox but all pixels cloud/land masked (raw_valid_in_bbox=0, ql_dist=None)
  n20 20260724_2350 … ✗ swath overlaps bbox but all pixels cloud/land masked (raw_valid_in_bbox=0, ql_dist=None)
  n20 20260725_0000 … ✗ swath overlaps bbox but all pixels cloud/land masked (raw_valid_in_bbox=0, ql_dist=None)
  n20 20260725_0010 … ✗ swath overlaps bbox but all pixels cloud/land masked (raw_valid_in_bbox=0, ql_dist=None)
  n20 20260725_0050 … ✗ swath overlaps bbox but all pixels cloud/land masked (raw_valid_in_bbox=0, ql_dist=None)
  n20 20260725_0100 … ✗ swath overlaps bbox but all pixels cloud/land masked (raw_valid_in_bbox=0, ql_dist=None)
  n20 20260725_0110 … ✗ swath overlaps bbox but all pixels cloud/land masked (raw_valid_in_bbox=0, ql_dist=None)
  n20 20260725_0150 … ✗ swath overlaps bbox but all pixels cloud/land masked (raw_valid_in_bbox=0, ql_dist=None)
  n20 20260725_0200 … ✗ swath overlaps bbox but all pixels cloud/land masked (raw_valid_in_bbox=0, ql_dist=None)
  n20 20260725_0210 … ✗ swath overlaps bbox but all pixels cloud/land masked (raw_valid_in_bbox=0, ql_dist=None)
  n20 20260725_0250 … ✗ swath overlaps bbox but all pixels cloud/land masked (raw_valid_in_bbox=0, ql_dist=None)
  n20 20260725_0300 … ✗ swath overlaps bbox but all pixels cloud/land masked (raw_valid_in_bbox=0, ql_dist=None)
  n20 20260725_0310 … ✗ swath overlaps bbox but all pixels cloud/land masked (raw_valid_in_bbox=0, ql_dist=None)
  n20 20260725_0350 … ✗ swath overlaps bbox but all pixels cloud/land masked (raw_valid_in_bbox=0, ql_dist=None)
  n20 20260725_0400 … ✗ swath overlaps bbox but all pixels cloud/land masked (raw_valid_in_bbox=0, ql_dist=None)
  n20 20260725_0410 … ✗ swath overlaps bbox but all pixels cloud/land masked (raw_valid_in_bbox=0, ql_dist=None)
  n20 20260725_0450 … ✗ swath overlaps bbox but all pixels cloud/land masked (raw_valid_in_bbox=0, ql_dist=None)
  n20 20260725_0500 … ✗ swath overlaps bbox but all pixels cloud/land masked (raw_valid_in_bbox=0, ql_dist=None)
  n20 20260725_0510 … ✗ swath overlaps bbox but all pixels cloud/land masked (raw_valid_in_bbox=0, ql_dist=None)
  n20 20260725_0550 … ✗ swath overlaps bbox but all pixels cloud/land masked (raw_valid_in_bbox=0, ql_dist=None)
  n20 20260725_0600 … ✗ swath overlaps bbox but all pixels cloud/land masked (raw_valid_in_bbox=0, ql_dist=None)
  n20 20260725_0610 … ✗ swath overlaps bbox but all pixels cloud/land masked (raw_valid_in_bbox=0, ql_dist=None)
  n20 20260725_0650 … ✗ swath overlaps bbox but all pixels cloud/land masked (raw_valid_in_bbox=0, ql_dist=None)
  n20 20260725_0700 … ✗ swath overlaps bbox but all pixels cloud/land masked (raw_valid_in_bbox=0, ql_dist=None)
  n20 20260725_0710 ✓ (cached)
  n20 20260725_0750 … ✗ swath overlaps bbox but all pixels cloud/land masked (raw_valid_in_bbox=0, ql_dist=None)
  n20 20260725_0800 … ✗ swath overlaps bbox but all pixels cloud/land masked (raw_valid_in_bbox=0, ql_dist=None)
  n20 20260725_0810 … ✗ swath overlaps bbox but all pixels cloud/land masked (raw_valid_in_bbox=0, ql_dist=None)
  n20 20260725_0850 … ✗ swath overlaps bbox but all pixels cloud/land masked (raw_valid_in_bbox=0, ql_dist=None)
  n20 20260725_0900 … ✗ swath overlaps bbox but all pixels cloud/land masked (raw_valid_in_bbox=0, ql_dist=None)
  n20 20260725_0910 … ✗ swath overlaps bbox but all pixels cloud/land masked (raw_valid_in_bbox=0, ql_dist=None)
  n20 20260725_0950 … ✗ swath overlaps bbox but all pixels cloud/land masked (raw_valid_in_bbox=0, ql_dist=None)
  n20 20260725_1000 … ✗ swath overlaps bbox but all pixels cloud/land masked (raw_valid_in_bbox=0, ql_dist=None)
  n20 20260725_1010 … ✗ swath overlaps bbox but all pixels cloud/land masked (raw_valid_in_bbox=0, ql_dist=None)
  n20 20260725_1050 … ✗ swath overlaps bbox but all pixels cloud/land masked (raw_valid_in_bbox=0, ql_dist=None)
  n20 20260725_1100 … ✗ swath overlaps bbox but all pixels cloud/land masked (raw_valid_in_bbox=0, ql_dist=None)
  n20 20260725_1110 … ✗ swath overlaps bbox but all pixels cloud/land masked (raw_valid_in_bbox=0, ql_dist=None)
  n20 20260725_1150 … ✗ swath overlaps bbox but all pixels cloud/land masked (raw_valid_in_bbox=0, ql_dist=None)
  n20 20260725_1200 … ✗ swath overlaps bbox but all pixels cloud/land masked (raw_valid_in_bbox=0, ql_dist=None)
  n20 20260725_1210 … ✗ swath overlaps bbox but all pixels cloud/land masked (raw_valid_in_bbox=0, ql_dist=None)
  n20 20260725_1250 … ✗ swath overlaps bbox but all pixels cloud/land masked (raw_valid_in_bbox=0, ql_dist=None)
  n20 20260725_1300 … ✗ swath overlaps bbox but all pixels cloud/land masked (raw_valid_in_bbox=0, ql_dist=None)
  n20 20260725_1310 … ✗ swath overlaps bbox but all pixels cloud/land masked (raw_valid_in_bbox=0, ql_dist=None)
  n20 20260725_1350 … ✗ swath overlaps bbox but all pixels cloud/land masked (raw_valid_in_bbox=0, ql_dist=None)
  n20 20260725_1400 … ✗ swath overlaps bbox but all pixels cloud/land masked (raw_valid_in_bbox=0, ql_dist=None)
  n20 20260725_1410 … ✗ swath overlaps bbox but all pixels cloud/land masked (raw_valid_in_bbox=0, ql_dist=None)
  n20 20260725_1450 … ✗ swath overlaps bbox but all pixels cloud/land masked (raw_valid_in_bbox=0, ql_dist=None)
  n20 20260725_1500 … ✗ swath overlaps bbox but all pixels cloud/land masked (raw_valid_in_bbox=0, ql_dist=None)
  n20 20260725_1510 … ✗ swath overlaps bbox but all pixels cloud/land masked (raw_valid_in_bbox=0, ql_dist=None)
  n20 20260725_1550 … ✗ swath overlaps bbox but all pixels cloud/land masked (raw_valid_in_bbox=0, ql_dist=None)
  n20 20260725_1600 … ✗ swath overlaps bbox but all pixels cloud/land masked (raw_valid_in_bbox=0, ql_dist=None)
  n20 20260725_1610 … ✗ swath overlaps bbox but all pixels cloud/land masked (raw_valid_in_bbox=0, ql_dist=None)
  n20 20260725_1650 … ✗ swath overlaps bbox but all pixels cloud/land masked (raw_valid_in_bbox=0, ql_dist=None)
  n20 20260725_1700 … ✗ swath overlaps bbox but all pixels cloud/land masked (raw_valid_in_bbox=0, ql_dist=None)
  n20 20260725_1710 … ✗ swath overlaps bbox but all pixels cloud/land masked (raw_valid_in_bbox=0, ql_dist=None)
  n20 20260725_1750 … ✗ swath overlaps bbox but all pixels cloud/land masked (raw_valid_in_bbox=0, ql_dist=None)
  n20 20260725_1800 … ✗ swath overlaps bbox but all pixels cloud/land masked (raw_valid_in_bbox=0, ql_dist=None)
  n20 20260725_1810 … ✗ swath overlaps bbox but all pixels cloud/land masked (raw_valid_in_bbox=0, ql_dist=None)
  n20 20260725_1850 … ✗ swath overlaps bbox but all pixels cloud/land masked (raw_valid_in_bbox=0, ql_dist=None)
  n20 20260725_1900 … ✗ swath overlaps bbox but all pixels cloud/land masked (raw_valid_in_bbox=0, ql_dist=None)
  n20 20260725_1910 … ✗ swath overlaps bbox but all pixels cloud/land masked (raw_valid_in_bbox=0, ql_dist=None)
  n20 20260725_1950 … ✗ swath overlaps bbox but all pixels cloud/land masked (raw_valid_in_bbox=0, ql_dist=None)
  n20 20260725_2000 … ✗ swath overlaps bbox but all pixels cloud/land masked (raw_valid_in_bbox=0, ql_dist=None)
  n20 20260725_2010 … ✗ swath overlaps bbox but all pixels cloud/land masked (raw_valid_in_bbox=0, ql_dist=None)
  n20 20260725_2050 … ✗ swath overlaps bbox but all pixels cloud/land masked (raw_valid_in_bbox=0, ql_dist=None)
  n20 20260725_2100 … ✗ swath overlaps bbox but all pixels cloud/land masked (raw_valid_in_bbox=0, ql_dist=None)
  n20 20260725_2110 … ✗ swath overlaps bbox but all pixels cloud/land masked (raw_valid_in_bbox=0, ql_dist=None)
  n20 20260725_2150 … ✗ swath overlaps bbox but all pixels cloud/land masked (raw_valid_in_bbox=0, ql_dist=None)
  n20 20260725_2200 … ✗ swath overlaps bbox but all pixels cloud/land masked (raw_valid_in_bbox=0, ql_dist=None)
  n20 20260725_2210 … ✗ swath overlaps bbox but all pixels cloud/land masked (raw_valid_in_bbox=0, ql_dist=None)
  n20 20260725_2250 … ✗ swath overlaps bbox but all pixels cloud/land masked (raw_valid_in_bbox=0, ql_dist=None)
  n20 20260725_2300 … ✗ swath overlaps bbox but all pixels cloud/land masked (raw_valid_in_bbox=0, ql_dist=None)
  n20 20260725_2310 … ✗ swath overlaps bbox but all pixels cloud/land masked (raw_valid_in_bbox=0, ql_dist=None)
  n20 20260725_2350 … ✗ swath overlaps bbox but all pixels cloud/land masked (raw_valid_in_bbox=0, ql_dist=None)
  n20 20260726_0000 … ✗ swath overlaps bbox but all pixels cloud/land masked (raw_valid_in_bbox=0, ql_dist=None)
  n20 20260726_0010 … ✗ swath overlaps bbox but all pixels cloud/land masked (raw_valid_in_bbox=0, ql_dist=None)
  n20 20260726_0050 … ✗ swath overlaps bbox but all pixels cloud/land masked (raw_valid_in_bbox=0, ql_dist=None)
  n20 20260726_0100 … ✗ swath overlaps bbox but all pixels cloud/land masked (raw_valid_in_bbox=0, ql_dist=None)
  n20 20260726_0110 … ✗ swath overlaps bbox but all pixels cloud/land masked (raw_valid_in_bbox=0, ql_dist=None)
  n20 20260726_0150 … ✗ swath overlaps bbox but all pixels cloud/land masked (raw_valid_in_bbox=0, ql_dist=None)
  n20 20260726_0200 … ✗ swath overlaps bbox but all pixels cloud/land masked (raw_valid_in_bbox=0, ql_dist=None)
  n20 20260726_0210 … ✗ swath overlaps bbox but all pixels cloud/land masked (raw_valid_in_bbox=0, ql_dist=None)
  n20 20260726_0250 … ✗ swath overlaps bbox but all pixels cloud/land masked (raw_valid_in_bbox=0, ql_dist=None)
  n20 20260726_0300 … ✗ swath overlaps bbox but all pixels cloud/land masked (raw_valid_in_bbox=0, ql_dist=None)
  n20 20260726_0310 … ✗ swath overlaps bbox but all pixels cloud/land masked (raw_valid_in_bbox=0, ql_dist=None)
  n20 20260726_0350 … ✗ swath overlaps bbox but all pixels cloud/land masked (raw_valid_in_bbox=0, ql_dist=None)
  n20 20260726_0400 … ✗ swath overlaps bbox but all pixels cloud/land masked (raw_valid_in_bbox=0, ql_dist=None)
  n21 20260724_0450 … ✗ swath overlaps bbox but all pixels cloud/land masked (raw_valid_in_bbox=0, ql_dist=None)
  n21 20260724_0500 … ✗ swath overlaps bbox but all pixels cloud/land masked (raw_valid_in_bbox=0, ql_dist=None)
  n21 20260724_0510 … ✗ swath overlaps bbox but all pixels cloud/land masked (raw_valid_in_bbox=0, ql_dist=None)
  n21 20260724_0550 … ✗ swath overlaps bbox but all pixels cloud/land masked (raw_valid_in_bbox=0, ql_dist=None)
  n21 20260724_0600 … ✗ swath overlaps bbox but all pixels cloud/land masked (raw_valid_in_bbox=0, ql_dist=None)
  n21 20260724_0610 … ✗ swath overlaps bbox but all pixels cloud/land masked (raw_valid_in_bbox=0, ql_dist=None)
  n21 20260724_0650 … ✗ swath overlaps bbox but all pixels cloud/land masked (raw_valid_in_bbox=0, ql_dist=None)
  n21 20260724_0700 … ✗ swath overlaps bbox but all pixels cloud/land masked (raw_valid_in_bbox=0, ql_dist=None)
  n21 20260724_0710 … ✗ swath overlaps bbox but all pixels cloud/land masked (raw_valid_in_bbox=0, ql_dist=None)
  n21 20260724_0750 … ✗ swath overlaps bbox but all pixels cloud/land masked (raw_valid_in_bbox=0, ql_dist=None)
  n21 20260724_0800 … ✗ swath overlaps bbox but all pixels cloud/land masked (raw_valid_in_bbox=0, ql_dist=None)
  n21 20260724_0810 … ✗ swath overlaps bbox but all pixels cloud/land masked (raw_valid_in_bbox=0, ql_dist=None)
  n21 20260724_0850 … ✗ swath overlaps bbox but all pixels cloud/land masked (raw_valid_in_bbox=0, ql_dist=None)
  n21 20260724_0900 … ✗ swath overlaps bbox but all pixels cloud/land masked (raw_valid_in_bbox=0, ql_dist=None)
  n21 20260724_0910 … ✗ swath overlaps bbox but all pixels cloud/land masked (raw_valid_in_bbox=0, ql_dist=None)
  n21 20260724_0950 … ✗ swath overlaps bbox but all pixels cloud/land masked (raw_valid_in_bbox=0, ql_dist=None)
  n21 20260724_1000 … ✗ swath overlaps bbox but all pixels cloud/land masked (raw_valid_in_bbox=0, ql_dist=None)
  n21 20260724_1010 … ✗ swath overlaps bbox but all pixels cloud/land masked (raw_valid_in_bbox=0, ql_dist=None)
  n21 20260724_1050 … ✗ swath overlaps bbox but all pixels cloud/land masked (raw_valid_in_bbox=0, ql_dist=None)
  n21 20260724_1100 … ✗ swath overlaps bbox but all pixels cloud/land masked (raw_valid_in_bbox=0, ql_dist=None)
  n21 20260724_1110 … ✗ swath overlaps bbox but all pixels cloud/land masked (raw_valid_in_bbox=0, ql_dist=None)
  n21 20260724_1150 … ✗ swath overlaps bbox but all pixels cloud/land masked (raw_valid_in_bbox=0, ql_dist=None)
  n21 20260724_1200 … ✗ swath overlaps bbox but all pixels cloud/land masked (raw_valid_in_bbox=0, ql_dist=None)
  n21 20260724_1210 … ✗ swath overlaps bbox but all pixels cloud/land masked (raw_valid_in_bbox=0, ql_dist=None)
  n21 20260724_1250 … ✗ swath overlaps bbox but all pixels cloud/land masked (raw_valid_in_bbox=0, ql_dist=None)
  n21 20260724_1300 … ✗ swath overlaps bbox but all pixels cloud/land masked (raw_valid_in_bbox=0, ql_dist=None)
  n21 20260724_1310 … ✗ swath overlaps bbox but all pixels cloud/land masked (raw_valid_in_bbox=0, ql_dist=None)
  n21 20260724_1350 … ✗ swath overlaps bbox but all pixels cloud/land masked (raw_valid_in_bbox=0, ql_dist=None)
  n21 20260724_1400 … ✗ swath overlaps bbox but all pixels cloud/land masked (raw_valid_in_bbox=0, ql_dist=None)
  n21 20260724_1410 … ✗ swath overlaps bbox but all pixels cloud/land masked (raw_valid_in_bbox=0, ql_dist=None)
  n21 20260724_1450 … ✗ swath overlaps bbox but all pixels cloud/land masked (raw_valid_in_bbox=0, ql_dist=None)
  n21 20260724_1500 … ✗ swath overlaps bbox but all pixels cloud/land masked (raw_valid_in_bbox=0, ql_dist=None)
  n21 20260724_1510 … ✗ swath overlaps bbox but all pixels cloud/land masked (raw_valid_in_bbox=0, ql_dist=None)
  n21 20260724_1550 … ✗ swath overlaps bbox but all pixels cloud/land masked (raw_valid_in_bbox=0, ql_dist=None)
  n21 20260724_1600 … ✗ swath overlaps bbox but all pixels cloud/land masked (raw_valid_in_bbox=0, ql_dist=None)
  n21 20260724_1610 … ✗ swath overlaps bbox but all pixels cloud/land masked (raw_valid_in_bbox=0, ql_dist=None)
  n21 20260724_1650 … ✗ swath overlaps bbox but all pixels cloud/land masked (raw_valid_in_bbox=0, ql_dist=None)
  n21 20260724_1700 … ✗ swath overlaps bbox but all pixels cloud/land masked (raw_valid_in_bbox=0, ql_dist=None)
  n21 20260724_1710 … ✗ swath overlaps bbox but all pixels cloud/land masked (raw_valid_in_bbox=0, ql_dist=None)
  n21 20260724_1750 ✓ (cached)
  n21 20260724_1800 … ✗ swath overlaps bbox but all pixels cloud/land masked (raw_valid_in_bbox=0, ql_dist=None)
  n21 20260724_1810 … ✗ swath overlaps bbox but all pixels cloud/land masked (raw_valid_in_bbox=0, ql_dist=None)
  n21 20260724_1850 … ✗ swath overlaps bbox but all pixels cloud/land masked (raw_valid_in_bbox=0, ql_dist=None)
  n21 20260724_1900 … ✗ swath overlaps bbox but all pixels cloud/land masked (raw_valid_in_bbox=0, ql_dist=None)
  n21 20260724_1910 … ✗ swath overlaps bbox but all pixels cloud/land masked (raw_valid_in_bbox=0, ql_dist=None)
  n21 20260724_1950 … ✗ swath overlaps bbox but all pixels cloud/land masked (raw_valid_in_bbox=0, ql_dist=None)
  n21 20260724_2000 … ✗ swath overlaps bbox but all pixels cloud/land masked (raw_valid_in_bbox=0, ql_dist=None)
  n21 20260724_2010 … ✗ swath overlaps bbox but all pixels cloud/land masked (raw_valid_in_bbox=0, ql_dist=None)
  n21 20260724_2050 … ✗ swath overlaps bbox but all pixels cloud/land masked (raw_valid_in_bbox=0, ql_dist=None)
  n21 20260724_2100 … ✗ swath overlaps bbox but all pixels cloud/land masked (raw_valid_in_bbox=0, ql_dist=None)
  n21 20260724_2110 … ✗ swath overlaps bbox but all pixels cloud/land masked (raw_valid_in_bbox=0, ql_dist=None)
  n21 20260724_2150 … ✗ swath overlaps bbox but all pixels cloud/land masked (raw_valid_in_bbox=0, ql_dist=None)
  n21 20260724_2200 … ✗ swath overlaps bbox but all pixels cloud/land masked (raw_valid_in_bbox=0, ql_dist=None)
  n21 20260724_2210 … ✗ swath overlaps bbox but all pixels cloud/land masked (raw_valid_in_bbox=0, ql_dist=None)
  n21 20260724_2250 … ✗ swath overlaps bbox but all pixels cloud/land masked (raw_valid_in_bbox=0, ql_dist=None)
  n21 20260724_2300 … ✗ swath overlaps bbox but all pixels cloud/land masked (raw_valid_in_bbox=0, ql_dist=None)
  n21 20260724_2310 … ✗ swath overlaps bbox but all pixels cloud/land masked (raw_valid_in_bbox=0, ql_dist=None)
  n21 20260724_2350 … ✗ swath overlaps bbox but all pixels cloud/land masked (raw_valid_in_bbox=0, ql_dist=None)
  ⚠ dir listing failed n21 2026/206: HTTPSConnectionPool(host='www.star.nesdis.noaa.gov', port=443): Read timed out.
  n21 20260726_0000 … ✗ swath overlaps bbox but all pixels cloud/land masked (raw_valid_in_bbox=0, ql_dist=None)
  n21 20260726_0010 … ✗ swath overlaps bbox but all pixels cloud/land masked (raw_valid_in_bbox=0, ql_dist=None)
  n21 20260726_0050 … ✗ swath overlaps bbox but all pixels cloud/land masked (raw_valid_in_bbox=0, ql_dist=None)
  n21 20260726_0100 … ✗ swath overlaps bbox but all pixels cloud/land masked (raw_valid_in_bbox=0, ql_dist=None)
  n21 20260726_0110 … ✗ swath overlaps bbox but all pixels cloud/land masked (raw_valid_in_bbox=0, ql_dist=None)
  n21 20260726_0150 … ✗ swath overlaps bbox but all pixels cloud/land masked (raw_valid_in_bbox=0, ql_dist=None)
  n21 20260726_0200 … ✗ swath overlaps bbox but all pixels cloud/land masked (raw_valid_in_bbox=0, ql_dist=None)
  n21 20260726_0210 … ✗ swath overlaps bbox but all pixels cloud/land masked (raw_valid_in_bbox=0, ql_dist=None)
  n21 20260726_0250 … ✗ swath overlaps bbox but all pixels cloud/land masked (raw_valid_in_bbox=0, ql_dist=None)
  n21 20260726_0300 … ✗ swath overlaps bbox but all pixels cloud/land masked (raw_valid_in_bbox=0, ql_dist=None)
  n21 20260726_0310 … ✗ swath overlaps bbox but all pixels cloud/land masked (raw_valid_in_bbox=0, ql_dist=None)
  n21 20260726_0350 … ✗ swath overlaps bbox but all pixels cloud/land masked (raw_valid_in_bbox=0, ql_dist=None)
  n21 20260726_0400 … ✗ swath overlaps bbox but all pixels cloud/land masked (raw_valid_in_bbox=0, ql_dist=None)

  VIIRS summary: 0 written, 8 cached, 344 miss/cloud, 435 outside windows.

=========================================================
✓ Pipeline complete
=========================================================
========================================
RUNNING REGION: va_ri
========================================
=========================================================
SST PIPELINE
  UTC    : 2026-07-26 05:13:01
  Region : va_ri
  Bbox   : 37.26–41.51°N  -77.46–-68.97°E
  Output : DailySSTData/MUR/va_ri  (and siblings)
=========================================================

── MUR daily composite (last 5 days) ──
  MUR 20260725 (coastwatch.noaa.gov) … ✗ RuntimeError
  MUR 20260725 (coastwatch.pfeg.noaa.gov) … ✗ RuntimeError
  MUR 20260725 (upwell.pfeg.noaa.gov) … ✗ RuntimeError
  ✗ MUR 20260725 — all mirrors failed. Last: upwell.pfeg.noaa.gov: RuntimeError: 404 — no data for this date
  ✓ MUR 20260724 (cached)
  ✓ MUR 20260723 (cached)
  ✓ MUR 20260722 (cached)
  ✓ MUR 20260721 (cached)

── GOES-19 geo-polar blended daily composite ──
  Candidates: 4 (2 hosts × 2 dataset IDs)
  GOES 20260726 [noaa/noaacwBLENDEDsstDLDaily] … ✗ RuntimeError: 404 — no data for this date
  GOES 20260726 [noaa/noaacwBLENDEDsstDaily] … ✗ RuntimeError: 404 — no data for this date
  GOES 20260726 [pfeg/noaacwBLENDEDsstDLDaily] … ✗ RuntimeError: 404 — no data for this date
  GOES 20260726 [pfeg/noaacwBLENDEDsstDaily] … ✗ RuntimeError: 404 — no data for this date
  GOES 20260725 [noaa/noaacwBLENDEDsstDLDaily] … ✗ RuntimeError: 404 — no data for this date
  GOES 20260725 [noaa/noaacwBLENDEDsstDaily] … ✗ RuntimeError: 404 — no data for this date
  GOES 20260725 [pfeg/noaacwBLENDEDsstDLDaily] … ✗ RuntimeError: 404 — no data for this date
  GOES 20260725 [pfeg/noaacwBLENDEDsstDaily] … ✗ RuntimeError: 404 — no data for this date
  GOES 20260724 [noaa/noaacwBLENDEDsstDLDaily] …   (land filter: loaded 33 coastline polygons)
  (land filter: dropped 94 inland, kept 2447 ocean)
✓
  → DailySSTData/GOES/Composite/va_ri/goes_composite_20260724.csv  (2447 pts, 43 lats × 83 lons)

── VIIRS multi-pass (last 48h — NPP/N20/N21) ──
  ✓ VIIRS NRT base: https://www.star.nesdis.noaa.gov/pub/socd2/coastwatch/sst/nrt/viirs
  Hourly windows : 48
  Window range   : 2026-07-24 05:50Z → 2026-07-26 05:10Z
  Half-width     : ±10 min per bucket
  npp 20260724_0550 … ✗ swath overlaps bbox but all pixels cloud/land masked (raw_valid_in_bbox=0, ql_dist=None)
  npp 20260724_0600 … ✗ swath overlaps bbox but all pixels cloud/land masked (raw_valid_in_bbox=0, ql_dist=None)
  npp 20260724_0610 … ✗ swath overlaps bbox but all pixels cloud/land masked (raw_valid_in_bbox=0, ql_dist=None)
  npp 20260724_0650 … ✗ swath overlaps bbox but all pixels cloud/land masked (raw_valid_in_bbox=0, ql_dist=None)
  npp 20260724_0700 … ✗ swath overlaps bbox but all pixels cloud/land masked (raw_valid_in_bbox=0, ql_dist=None)
  npp 20260724_0710 ✓ (cached)
  npp 20260724_0750 … ✗ swath overlaps bbox but all pixels cloud/land masked (raw_valid_in_bbox=0, ql_dist=None)
  npp 20260724_0800 … ✗ swath overlaps bbox but all pixels cloud/land masked (raw_valid_in_bbox=0, ql_dist=None)
  npp 20260724_0810 … ✗ swath overlaps bbox but all pixels cloud/land masked (raw_valid_in_bbox=0, ql_dist=None)
  npp 20260724_0850 … ✗ swath overlaps bbox but all pixels cloud/land masked (raw_valid_in_bbox=0, ql_dist=None)
  npp 20260724_0900 … ✗ swath overlaps bbox but all pixels cloud/land masked (raw_valid_in_bbox=0, ql_dist=None)
  npp 20260724_0910 … ✗ swath overlaps bbox but all pixels cloud/land masked (raw_valid_in_bbox=0, ql_dist=None)
  npp 20260724_0950 … ✗ swath overlaps bbox but all pixels cloud/land masked (raw_valid_in_bbox=0, ql_dist=None)
  npp 20260724_1000 … ✗ swath overlaps bbox but all pixels cloud/land masked (raw_valid_in_bbox=0, ql_dist=None)
  npp 20260724_1010 … ✗ swath overlaps bbox but all pixels cloud/land masked (raw_valid_in_bbox=0, ql_dist=None)
  npp 20260724_1050 … ✗ swath overlaps bbox but all pixels cloud/land masked (raw_valid_in_bbox=0, ql_dist=None)
  npp 20260724_1100 … ✗ swath overlaps bbox but all pixels cloud/land masked (raw_valid_in_bbox=0, ql_dist=None)
  npp 20260724_1110 … ✗ swath overlaps bbox but all pixels cloud/land masked (raw_valid_in_bbox=0, ql_dist=None)
  npp 20260724_1150 … ✗ swath overlaps bbox but all pixels cloud/land masked (raw_valid_in_bbox=0, ql_dist=None)
  npp 20260724_1200 … ✗ swath overlaps bbox but all pixels cloud/land masked (raw_valid_in_bbox=0, ql_dist=None)
  npp 20260724_1210 … ✗ swath overlaps bbox but all pixels cloud/land masked (raw_valid_in_bbox=0, ql_dist=None)
  npp 20260724_1250 … ✗ swath overlaps bbox but all pixels cloud/land masked (raw_valid_in_bbox=0, ql_dist=None)
  npp 20260724_1300 … ✗ swath overlaps bbox but all pixels cloud/land masked (raw_valid_in_bbox=0, ql_dist=None)
  npp 20260724_1310 … ✗ swath overlaps bbox but all pixels cloud/land masked (raw_valid_in_bbox=0, ql_dist=None)
  npp 20260724_1350 … ✗ swath overlaps bbox but all pixels cloud/land masked (raw_valid_in_bbox=0, ql_dist=None)
  npp 20260724_1400 … ✗ swath overlaps bbox but all pixels cloud/land masked (raw_valid_in_bbox=0, ql_dist=None)
  npp 20260724_1410 … ✗ swath overlaps bbox but all pixels cloud/land masked (raw_valid_in_bbox=0, ql_dist=None)
  npp 20260724_1450 … ✗ swath overlaps bbox but all pixels cloud/land masked (raw_valid_in_bbox=0, ql_dist=None)
  npp 20260724_1500 … ✗ swath overlaps bbox but all pixels cloud/land masked (raw_valid_in_bbox=0, ql_dist=None)
  npp 20260724_1510 … ✗ swath overlaps bbox but all pixels cloud/land masked (raw_valid_in_bbox=0, ql_dist=None)
  npp 20260724_1550 … ✗ swath overlaps bbox but all pixels cloud/land masked (raw_valid_in_bbox=0, ql_dist=None)
  npp 20260724_1600 … ✗ swath overlaps bbox but all pixels cloud/land masked (raw_valid_in_bbox=0, ql_dist=None)
  npp 20260724_1610 … ✗ swath overlaps bbox but all pixels cloud/land masked (raw_valid_in_bbox=0, ql_dist=None)
  npp 20260724_1650 ✓ (cached)
  npp 20260724_1700 … ✗ swath overlaps bbox but all pixels cloud/land masked (raw_valid_in_bbox=0, ql_dist=None)
  npp 20260724_1710 … ✗ swath overlaps bbox but all pixels cloud/land masked (raw_valid_in_bbox=0, ql_dist=None)
  npp 20260724_1750 … ✗ swath overlaps bbox but all pixels cloud/land masked (raw_valid_in_bbox=0, ql_dist=None)
  npp 20260724_1800 … ✗ swath overlaps bbox but all pixels cloud/land masked (raw_valid_in_bbox=0, ql_dist=None)
  npp 20260724_1810 … ✗ swath overlaps bbox but all pixels cloud/land masked (raw_valid_in_bbox=0, ql_dist=None)
  npp 20260724_1850 … ✗ swath overlaps bbox but all pixels cloud/land masked (raw_valid_in_bbox=0, ql_dist=None)
  npp 20260724_1900 … ✗ swath overlaps bbox but all pixels cloud/land masked (raw_valid_in_bbox=0, ql_dist=None)
  npp 20260724_1910 … ✗ swath overlaps bbox but all pixels cloud/land masked (raw_valid_in_bbox=0, ql_dist=None)
  npp 20260724_1950 … ✗ swath overlaps bbox but all pixels cloud/land masked (raw_valid_in_bbox=0, ql_dist=None)
  npp 20260724_2000 … ✗ swath overlaps bbox but all pixels cloud/land masked (raw_valid_in_bbox=0, ql_dist=None)
  npp 20260724_2010 … ✗ swath overlaps bbox but all pixels cloud/land masked (raw_valid_in_bbox=0, ql_dist=None)
  npp 20260724_2050 … ✗ swath overlaps bbox but all pixels cloud/land masked (raw_valid_in_bbox=0, ql_dist=None)
  npp 20260724_2100 … ✗ swath overlaps bbox but all pixels cloud/land masked (raw_valid_in_bbox=0, ql_dist=None)
  npp 20260724_2110 … ✗ swath overlaps bbox but all pixels cloud/land masked (raw_valid_in_bbox=0, ql_dist=None)
  npp 20260724_2150 … ✗ swath overlaps bbox but all pixels cloud/land masked (raw_valid_in_bbox=0, ql_dist=None)
  npp 20260724_2200 … ✗ swath overlaps bbox but all pixels cloud/land masked (raw_valid_in_bbox=0, ql_dist=None)
  npp 20260724_2210 … ✗ swath overlaps bbox but all pixels cloud/land masked (raw_valid_in_bbox=0, ql_dist=None)
  npp 20260724_2250 … ✗ swath overlaps bbox but all pixels cloud/land masked (raw_valid_in_bbox=0, ql_dist=None)
  npp 20260724_2300 … ✗ swath overlaps bbox but all pixels cloud/land masked (raw_valid_in_bbox=0, ql_dist=None)
  npp 20260724_2310 … ✗ swath overlaps bbox but all pixels cloud/land masked (raw_valid_in_bbox=0, ql_dist=None)
  npp 20260724_2350 … ✗ swath overlaps bbox but all pixels cloud/land masked (raw_valid_in_bbox=0, ql_dist=None)
  ⚠ dir listing failed npp 2026/206: HTTPSConnectionPool(host='www.star.nesdis.noaa.gov', port=443): Read timed out.
  npp 20260726_0000 … ✗ swath overlaps bbox but all pixels cloud/land masked (raw_valid_in_bbox=0, ql_dist=None)
  npp 20260726_0010 … ✗ swath overlaps bbox but all pixels cloud/land masked (raw_valid_in_bbox=0, ql_dist=None)
  npp 20260726_0050 … ✗ swath overlaps bbox but all pixels cloud/land masked (raw_valid_in_bbox=0, ql_dist=None)
  npp 20260726_0100 … ✗ swath overlaps bbox but all pixels cloud/land masked (raw_valid_in_bbox=0, ql_dist=None)
  npp 20260726_0110 … ✗ swath overlaps bbox but all pixels cloud/land masked (raw_valid_in_bbox=0, ql_dist=None)
  npp 20260726_0150 … ✗ swath overlaps bbox but all pixels cloud/land masked (raw_valid_in_bbox=0, ql_dist=None)
  npp 20260726_0200 … ✗ swath overlaps bbox but all pixels cloud/land masked (raw_valid_in_bbox=0, ql_dist=None)
  npp 20260726_0210 … ✗ swath overlaps bbox but all pixels cloud/land masked (raw_valid_in_bbox=0, ql_dist=None)
  npp 20260726_0250 … ✗ swath overlaps bbox but all pixels cloud/land masked (raw_valid_in_bbox=0, ql_dist=None)
  npp 20260726_0300 … ✗ swath overlaps bbox but all pixels cloud/land masked (raw_valid_in_bbox=0, ql_dist=None)
  npp 20260726_0350 … ✗ swath overlaps bbox but all pixels cloud/land masked (raw_valid_in_bbox=0, ql_dist=None)
  npp 20260726_0400 … ✗ swath overlaps bbox but all pixels cloud/land masked (raw_valid_in_bbox=0, ql_dist=None)
  n20 20260724_0550 ✓ (cached)
  n20 20260724_0600 … ✗ swath overlaps bbox but all pixels cloud/land masked (raw_valid_in_bbox=0, ql_dist=None)
  n20 20260724_0610 … ✗ swath overlaps bbox but all pixels cloud/land masked (raw_valid_in_bbox=0, ql_dist=None)
  n20 20260724_0650 … ✗ swath overlaps bbox but all pixels cloud/land masked (raw_valid_in_bbox=0, ql_dist=None)
  n20 20260724_0700 … ✗ swath overlaps bbox but all pixels cloud/land masked (raw_valid_in_bbox=0, ql_dist=None)
  n20 20260724_0710 … ✗ swath overlaps bbox but all pixels cloud/land masked (raw_valid_in_bbox=0, ql_dist=None)
  n20 20260724_0750 … ✗ swath overlaps bbox but all pixels cloud/land masked (raw_valid_in_bbox=0, ql_dist=None)
  n20 20260724_0800 … ✗ swath overlaps bbox but all pixels cloud/land masked (raw_valid_in_bbox=0, ql_dist=None)
  n20 20260724_0810 … ✗ swath overlaps bbox but all pixels cloud/land masked (raw_valid_in_bbox=0, ql_dist=None)
  n20 20260724_0850 … ✗ swath overlaps bbox but all pixels cloud/land masked (raw_valid_in_bbox=0, ql_dist=None)
  n20 20260724_0900 … ✗ swath overlaps bbox but all pixels cloud/land masked (raw_valid_in_bbox=0, ql_dist=None)
  n20 20260724_0910 … ✗ swath overlaps bbox but all pixels cloud/land masked (raw_valid_in_bbox=0, ql_dist=None)
  n20 20260724_0950 … ✗ swath overlaps bbox but all pixels cloud/land masked (raw_valid_in_bbox=0, ql_dist=None)
  n20 20260724_1000 … ✗ swath overlaps bbox but all pixels cloud/land masked (raw_valid_in_bbox=0, ql_dist=None)
  n20 20260724_1010 … ✗ swath overlaps bbox but all pixels cloud/land masked (raw_valid_in_bbox=0, ql_dist=None)
  n20 20260724_1050 … ✗ swath overlaps bbox but all pixels cloud/land masked (raw_valid_in_bbox=0, ql_dist=None)
  n20 20260724_1100 … ✗ swath overlaps bbox but all pixels cloud/land masked (raw_valid_in_bbox=0, ql_dist=None)
  n20 20260724_1110 … ✗ swath overlaps bbox but all pixels cloud/land masked (raw_valid_in_bbox=0, ql_dist=None)
  n20 20260724_1150 … ✗ swath overlaps bbox but all pixels cloud/land masked (raw_valid_in_bbox=0, ql_dist=None)
  n20 20260724_1200 … ✗ swath overlaps bbox but all pixels cloud/land masked (raw_valid_in_bbox=0, ql_dist=None)
  n20 20260724_1210 … ✗ swath overlaps bbox but all pixels cloud/land masked (raw_valid_in_bbox=0, ql_dist=None)
  n20 20260724_1250 … ✗ swath overlaps bbox but all pixels cloud/land masked (raw_valid_in_bbox=0, ql_dist=None)
  n20 20260724_1300 … ✗ swath overlaps bbox but all pixels cloud/land masked (raw_valid_in_bbox=0, ql_dist=None)
  n20 20260724_1310 … ✗ swath overlaps bbox but all pixels cloud/land masked (raw_valid_in_bbox=0, ql_dist=None)
  n20 20260724_1350 … ✗ swath overlaps bbox but all pixels cloud/land masked (raw_valid_in_bbox=0, ql_dist=None)
  n20 20260724_1400 … ✗ swath overlaps bbox but all pixels cloud/land masked (raw_valid_in_bbox=0, ql_dist=None)
  n20 20260724_1410 … ✗ swath overlaps bbox but all pixels cloud/land masked (raw_valid_in_bbox=0, ql_dist=None)
  n20 20260724_1450 … ✗ swath overlaps bbox but all pixels cloud/land masked (raw_valid_in_bbox=0, ql_dist=None)
  n20 20260724_1500 … ✗ swath overlaps bbox but all pixels cloud/land masked (raw_valid_in_bbox=0, ql_dist=None)
  n20 20260724_1510 … ✗ swath overlaps bbox but all pixels cloud/land masked (raw_valid_in_bbox=0, ql_dist=None)
  n20 20260724_1550 … ✗ swath overlaps bbox but all pixels cloud/land masked (raw_valid_in_bbox=0, ql_dist=None)
  n20 20260724_1600 … ✗ swath overlaps bbox but all pixels cloud/land masked (raw_valid_in_bbox=0, ql_dist=None)
  n20 20260724_1610 … ✗ swath overlaps bbox but all pixels cloud/land masked (raw_valid_in_bbox=0, ql_dist=None)
  n20 20260724_1650 … ✗ swath overlaps bbox but all pixels cloud/land masked (raw_valid_in_bbox=0, ql_dist=None)
  n20 20260724_1700 … ✗ swath overlaps bbox but all pixels cloud/land masked (raw_valid_in_bbox=0, ql_dist=None)
  n20 20260724_1710 ✓ (cached)
  n20 20260724_1750 … ✗ swath overlaps bbox but all pixels cloud/land masked (raw_valid_in_bbox=0, ql_dist=None)
  n20 20260724_1800 … ✗ swath overlaps bbox but all pixels cloud/land masked (raw_valid_in_bbox=0, ql_dist=None)
  n20 20260724_1810 … ✗ swath overlaps bbox but all pixels cloud/land masked (raw_valid_in_bbox=0, ql_dist=None)
  n20 20260724_1850 ✓ (cached)
  n20 20260724_1900 … ✗ swath overlaps bbox but all pixels cloud/land masked (raw_valid_in_bbox=0, ql_dist=None)
  n20 20260724_1910 … ✗ swath overlaps bbox but all pixels cloud/land masked (raw_valid_in_bbox=0, ql_dist=None)
  n20 20260724_1950 … ✗ swath overlaps bbox but all pixels cloud/land masked (raw_valid_in_bbox=0, ql_dist=None)
  n20 20260724_2000 … ✗ swath overlaps bbox but all pixels cloud/land masked (raw_valid_in_bbox=0, ql_dist=None)
  n20 20260724_2010 … ✗ swath overlaps bbox but all pixels cloud/land masked (raw_valid_in_bbox=0, ql_dist=None)
  n20 20260724_2050 … ✗ swath overlaps bbox but all pixels cloud/land masked (raw_valid_in_bbox=0, ql_dist=None)
  n20 20260724_2100 … ✗ swath overlaps bbox but all pixels cloud/land masked (raw_valid_in_bbox=0, ql_dist=None)
  n20 20260724_2110 … ✗ swath overlaps bbox but all pixels cloud/land masked (raw_valid_in_bbox=0, ql_dist=None)
  n20 20260724_2150 … ✗ swath overlaps bbox but all pixels cloud/land masked (raw_valid_in_bbox=0, ql_dist=None)
  n20 20260724_2200 … ✗ swath overlaps bbox but all pixels cloud/land masked (raw_valid_in_bbox=0, ql_dist=None)
  n20 20260724_2210 … ✗ swath overlaps bbox but all pixels cloud/land masked (raw_valid_in_bbox=0, ql_dist=None)
  n20 20260724_2250 … ✗ swath overlaps bbox but all pixels cloud/land masked (raw_valid_in_bbox=0, ql_dist=None)
  n20 20260724_2300 … ✗ swath overlaps bbox but all pixels cloud/land masked (raw_valid_in_bbox=0, ql_dist=None)
  n20 20260724_2310 … ✗ swath overlaps bbox but all pixels cloud/land masked (raw_valid_in_bbox=0, ql_dist=None)
  n20 20260724_2350 … ✗ swath overlaps bbox but all pixels cloud/land masked (raw_valid_in_bbox=0, ql_dist=None)
  n20 20260725_0000 … ✗ swath overlaps bbox but all pixels cloud/land masked (raw_valid_in_bbox=0, ql_dist=None)
  n20 20260725_0010 … ✗ swath overlaps bbox but all pixels cloud/land masked (raw_valid_in_bbox=0, ql_dist=None)
  n20 20260725_0050 … ✗ swath overlaps bbox but all pixels cloud/land masked (raw_valid_in_bbox=0, ql_dist=None)
  n20 20260725_0100 … ✗ swath overlaps bbox but all pixels cloud/land masked (raw_valid_in_bbox=0, ql_dist=None)
  n20 20260725_0110 … ✗ swath overlaps bbox but all pixels cloud/land masked (raw_valid_in_bbox=0, ql_dist=None)
  n20 20260725_0150 … ✗ swath overlaps bbox but all pixels cloud/land masked (raw_valid_in_bbox=0, ql_dist=None)
  n20 20260725_0200 … ✗ swath overlaps bbox but all pixels cloud/land masked (raw_valid_in_bbox=0, ql_dist=None)
  n20 20260725_0210 … ✗ swath overlaps bbox but all pixels cloud/land masked (raw_valid_in_bbox=0, ql_dist=None)
  n20 20260725_0250 … ✗ swath overlaps bbox but all pixels cloud/land masked (raw_valid_in_bbox=0, ql_dist=None)
  n20 20260725_0300 … ✗ swath overlaps bbox but all pixels cloud/land masked (raw_valid_in_bbox=0, ql_dist=None)
  n20 20260725_0310 … ✗ swath overlaps bbox but all pixels cloud/land masked (raw_valid_in_bbox=0, ql_dist=None)
  n20 20260725_0350 … ✗ swath overlaps bbox but all pixels cloud/land masked (raw_valid_in_bbox=0, ql_dist=None)
  n20 20260725_0400 … ✗ swath overlaps bbox but all pixels cloud/land masked (raw_valid_in_bbox=0, ql_dist=None)
  n20 20260725_0410 … ✗ swath overlaps bbox but all pixels cloud/land masked (raw_valid_in_bbox=0, ql_dist=None)
  n20 20260725_0450 … ✗ swath overlaps bbox but all pixels cloud/land masked (raw_valid_in_bbox=0, ql_dist=None)
  n20 20260725_0500 … ✗ swath overlaps bbox but all pixels cloud/land masked (raw_valid_in_bbox=0, ql_dist=None)
  n20 20260725_0510 … ✗ swath overlaps bbox but all pixels cloud/land masked (raw_valid_in_bbox=0, ql_dist=None)
  n20 20260725_0550 … ✗ swath overlaps bbox but all pixels cloud/land masked (raw_valid_in_bbox=0, ql_dist=None)
  n20 20260725_0600 … ✗ swath overlaps bbox but all pixels cloud/land masked (raw_valid_in_bbox=0, ql_dist=None)
  n20 20260725_0610 … ✗ swath overlaps bbox but all pixels cloud/land masked (raw_valid_in_bbox=0, ql_dist=None)
  n20 20260725_0650 … ✗ swath overlaps bbox but all pixels cloud/land masked (raw_valid_in_bbox=0, ql_dist=None)
  n20 20260725_0700 … ✗ swath overlaps bbox but all pixels cloud/land masked (raw_valid_in_bbox=0, ql_dist=None)
  n20 20260725_0710 ✓ (cached)
  n20 20260725_0750 … ✗ swath overlaps bbox but all pixels cloud/land masked (raw_valid_in_bbox=0, ql_dist=None)
  n20 20260725_0800 … ✗ swath overlaps bbox but all pixels cloud/land masked (raw_valid_in_bbox=0, ql_dist=None)
  n20 20260725_0810 … ✗ swath overlaps bbox but all pixels cloud/land masked (raw_valid_in_bbox=0, ql_dist=None)
  n20 20260725_0850 … ✗ swath overlaps bbox but all pixels cloud/land masked (raw_valid_in_bbox=0, ql_dist=None)
  n20 20260725_0900 … ✗ swath overlaps bbox but all pixels cloud/land masked (raw_valid_in_bbox=0, ql_dist=None)
  n20 20260725_0910 … ✗ swath overlaps bbox but all pixels cloud/land masked (raw_valid_in_bbox=0, ql_dist=None)
  n20 20260725_0950 … ✗ swath overlaps bbox but all pixels cloud/land masked (raw_valid_in_bbox=0, ql_dist=None)
  n20 20260725_1000 … ✗ swath overlaps bbox but all pixels cloud/land masked (raw_valid_in_bbox=0, ql_dist=None)
  n20 20260725_1010 … ✗ swath overlaps bbox but all pixels cloud/land masked (raw_valid_in_bbox=0, ql_dist=None)
  n20 20260725_1050 … ✗ swath overlaps bbox but all pixels cloud/land masked (raw_valid_in_bbox=0, ql_dist=None)
  n20 20260725_1100 … ✗ swath overlaps bbox but all pixels cloud/land masked (raw_valid_in_bbox=0, ql_dist=None)
  n20 20260725_1110 … ✗ swath overlaps bbox but all pixels cloud/land masked (raw_valid_in_bbox=0, ql_dist=None)
  n20 20260725_1150 … ✗ swath overlaps bbox but all pixels cloud/land masked (raw_valid_in_bbox=0, ql_dist=None)
  n20 20260725_1200 … ✗ swath overlaps bbox but all pixels cloud/land masked (raw_valid_in_bbox=0, ql_dist=None)
  n20 20260725_1210 … ✗ swath overlaps bbox but all pixels cloud/land masked (raw_valid_in_bbox=0, ql_dist=None)
  n20 20260725_1250 … ✗ swath overlaps bbox but all pixels cloud/land masked (raw_valid_in_bbox=0, ql_dist=None)
  n20 20260725_1300 … ✗ swath overlaps bbox but all pixels cloud/land masked (raw_valid_in_bbox=0, ql_dist=None)
  n20 20260725_1310 … ✗ swath overlaps bbox but all pixels cloud/land masked (raw_valid_in_bbox=0, ql_dist=None)
  n20 20260725_1350 … ✗ swath overlaps bbox but all pixels cloud/land masked (raw_valid_in_bbox=0, ql_dist=None)
  n20 20260725_1400 … ✗ swath overlaps bbox but all pixels cloud/land masked (raw_valid_in_bbox=0, ql_dist=None)
  n20 20260725_1410 … ✗ swath overlaps bbox but all pixels cloud/land masked (raw_valid_in_bbox=0, ql_dist=None)
  n20 20260725_1450 … ✗ swath overlaps bbox but all pixels cloud/land masked (raw_valid_in_bbox=0, ql_dist=None)
  n20 20260725_1500 … ✗ swath overlaps bbox but all pixels cloud/land masked (raw_valid_in_bbox=0, ql_dist=None)
  n20 20260725_1510 … ✗ swath overlaps bbox but all pixels cloud/land masked (raw_valid_in_bbox=0, ql_dist=None)
  n20 20260725_1550 … ✗ swath overlaps bbox but all pixels cloud/land masked (raw_valid_in_bbox=0, ql_dist=None)
  n20 20260725_1600 … ✗ swath overlaps bbox but all pixels cloud/land masked (raw_valid_in_bbox=0, ql_dist=None)
  n20 20260725_1610 … ✗ swath overlaps bbox but all pixels cloud/land masked (raw_valid_in_bbox=0, ql_dist=None)
  n20 20260725_1650 ✓ (cached)
  n20 20260725_1700 … ✗ swath overlaps bbox but all pixels cloud/land masked (raw_valid_in_bbox=0, ql_dist=None)
  n20 20260725_1710 … ✗ swath overlaps bbox but all pixels cloud/land masked (raw_valid_in_bbox=0, ql_dist=None)
  n20 20260725_1750 … ✗ swath overlaps bbox but all pixels cloud/land masked (raw_valid_in_bbox=0, ql_dist=None)
  n20 20260725_1800 … ✗ swath overlaps bbox but all pixels cloud/land masked (raw_valid_in_bbox=0, ql_dist=None)
  n20 20260725_1810 … ✗ swath overlaps bbox but all pixels cloud/land masked (raw_valid_in_bbox=0, ql_dist=None)
  n20 20260725_1850 … ✗ swath overlaps bbox but all pixels cloud/land masked (raw_valid_in_bbox=0, ql_dist=None)
  n20 20260725_1900 … ✗ swath overlaps bbox but all pixels cloud/land masked (raw_valid_in_bbox=0, ql_dist=None)
  n20 20260725_1910 … ✗ swath overlaps bbox but all pixels cloud/land masked (raw_valid_in_bbox=0, ql_dist=None)
  n20 20260725_1950 … ✗ swath overlaps bbox but all pixels cloud/land masked (raw_valid_in_bbox=0, ql_dist=None)
  n20 20260725_2000 … ✗ swath overlaps bbox but all pixels cloud/land masked (raw_valid_in_bbox=0, ql_dist=None)
  n20 20260725_2010 … ✗ swath overlaps bbox but all pixels cloud/land masked (raw_valid_in_bbox=0, ql_dist=None)
  n20 20260725_2050 … ✗ swath overlaps bbox but all pixels cloud/land masked (raw_valid_in_bbox=0, ql_dist=None)
  n20 20260725_2100 … ✗ swath overlaps bbox but all pixels cloud/land masked (raw_valid_in_bbox=0, ql_dist=None)
  n20 20260725_2110 … ✗ swath overlaps bbox but all pixels cloud/land masked (raw_valid_in_bbox=0, ql_dist=None)
  n20 20260725_2150 … ✗ swath overlaps bbox but all pixels cloud/land masked (raw_valid_in_bbox=0, ql_dist=None)
  n20 20260725_2200 … ✗ swath overlaps bbox but all pixels cloud/land masked (raw_valid_in_bbox=0, ql_dist=None)
  n20 20260725_2210 … ✗ swath overlaps bbox but all pixels cloud/land masked (raw_valid_in_bbox=0, ql_dist=None)
  n20 20260725_2250 … ✗ swath overlaps bbox but all pixels cloud/land masked (raw_valid_in_bbox=0, ql_dist=None)
  n20 20260725_2300 … ✗ swath overlaps bbox but all pixels cloud/land masked (raw_valid_in_bbox=0, ql_dist=None)
  n20 20260725_2310 … ✗ swath overlaps bbox but all pixels cloud/land masked (raw_valid_in_bbox=0, ql_dist=None)
  n20 20260725_2350 … ✗ swath overlaps bbox but all pixels cloud/land masked (raw_valid_in_bbox=0, ql_dist=None)
  n20 20260726_0000 … ✗ swath overlaps bbox but all pixels cloud/land masked (raw_valid_in_bbox=0, ql_dist=None)
  n20 20260726_0010 … ✗ swath overlaps bbox but all pixels cloud/land masked (raw_valid_in_bbox=0, ql_dist=None)
  n20 20260726_0050 … ✗ swath overlaps bbox but all pixels cloud/land masked (raw_valid_in_bbox=0, ql_dist=None)
  n20 20260726_0100 … ✗ swath overlaps bbox but all pixels cloud/land masked (raw_valid_in_bbox=0, ql_dist=None)
  n20 20260726_0110 … ✗ swath overlaps bbox but all pixels cloud/land masked (raw_valid_in_bbox=0, ql_dist=None)
  n20 20260726_0150 … ✗ swath overlaps bbox but all pixels cloud/land masked (raw_valid_in_bbox=0, ql_dist=None)
  n20 20260726_0200 … ✗ swath overlaps bbox but all pixels cloud/land masked (raw_valid_in_bbox=0, ql_dist=None)
  n20 20260726_0210 … ✗ swath overlaps bbox but all pixels cloud/land masked (raw_valid_in_bbox=0, ql_dist=None)
  n20 20260726_0250 … ✗ swath overlaps bbox but all pixels cloud/land masked (raw_valid_in_bbox=0, ql_dist=None)
  n20 20260726_0300 … ✗ swath overlaps bbox but all pixels cloud/land masked (raw_valid_in_bbox=0, ql_dist=None)
  n20 20260726_0310 … ✗ swath overlaps bbox but all pixels cloud/land masked (raw_valid_in_bbox=0, ql_dist=None)
  n20 20260726_0350 … ✗ swath overlaps bbox but all pixels cloud/land masked (raw_valid_in_bbox=0, ql_dist=None)
  n20 20260726_0400 … ✗ swath overlaps bbox but all pixels cloud/land masked (raw_valid_in_bbox=0, ql_dist=None)
  n21 20260724_0550 … ✗ swath overlaps bbox but all pixels cloud/land masked (raw_valid_in_bbox=0, ql_dist=None)
  n21 20260724_0600 … ✗ swath overlaps bbox but all pixels cloud/land masked (raw_valid_in_bbox=0, ql_dist=None)
  n21 20260724_0610 … ✗ swath overlaps bbox but all pixels cloud/land masked (raw_valid_in_bbox=0, ql_dist=None)
  n21 20260724_0650 … ✗ swath overlaps bbox but all pixels cloud/land masked (raw_valid_in_bbox=0, ql_dist=None)
  n21 20260724_0700 … ✗ swath overlaps bbox but all pixels cloud/land masked (raw_valid_in_bbox=0, ql_dist=None)
  n21 20260724_0710 … ✗ swath overlaps bbox but all pixels cloud/land masked (raw_valid_in_bbox=0, ql_dist=None)
  n21 20260724_0750 … ✗ swath overlaps bbox but all pixels cloud/land masked (raw_valid_in_bbox=0, ql_dist=None)
  n21 20260724_0800 … ✗ swath overlaps bbox but all pixels cloud/land masked (raw_valid_in_bbox=0, ql_dist=None)
  n21 20260724_0810 … ✗ swath overlaps bbox but all pixels cloud/land masked (raw_valid_in_bbox=0, ql_dist=None)
  n21 20260724_0850 … ✗ swath overlaps bbox but all pixels cloud/land masked (raw_valid_in_bbox=0, ql_dist=None)
  n21 20260724_0900 … ✗ swath overlaps bbox but all pixels cloud/land masked (raw_valid_in_bbox=0, ql_dist=None)
  n21 20260724_0910 … ✗ swath overlaps bbox but all pixels cloud/land masked (raw_valid_in_bbox=0, ql_dist=None)
  n21 20260724_0950 … ✗ swath overlaps bbox but all pixels cloud/land masked (raw_valid_in_bbox=0, ql_dist=None)
  n21 20260724_1000 … ✗ swath overlaps bbox but all pixels cloud/land masked (raw_valid_in_bbox=0, ql_dist=None)
  n21 20260724_1010 … ✗ swath overlaps bbox but all pixels cloud/land masked (raw_valid_in_bbox=0, ql_dist=None)
  n21 20260724_1050 … ✗ swath overlaps bbox but all pixels cloud/land masked (raw_valid_in_bbox=0, ql_dist=None)
  n21 20260724_1100 … ✗ swath overlaps bbox but all pixels cloud/land masked (raw_valid_in_bbox=0, ql_dist=None)
  n21 20260724_1110 … ✗ swath overlaps bbox but all pixels cloud/land masked (raw_valid_in_bbox=0, ql_dist=None)
  n21 20260724_1150 … ✗ swath overlaps bbox but all pixels cloud/land masked (raw_valid_in_bbox=0, ql_dist=None)
  n21 20260724_1200 … ✗ swath overlaps bbox but all pixels cloud/land masked (raw_valid_in_bbox=0, ql_dist=None)
  n21 20260724_1210 … ✗ swath overlaps bbox but all pixels cloud/land masked (raw_valid_in_bbox=0, ql_dist=None)
  n21 20260724_1250 … ✗ swath overlaps bbox but all pixels cloud/land masked (raw_valid_in_bbox=0, ql_dist=None)
  n21 20260724_1300 … ✗ swath overlaps bbox but all pixels cloud/land masked (raw_valid_in_bbox=0, ql_dist=None)
  n21 20260724_1310 … ✗ swath overlaps bbox but all pixels cloud/land masked (raw_valid_in_bbox=0, ql_dist=None)
  n21 20260724_1350 … ✗ swath overlaps bbox but all pixels cloud/land masked (raw_valid_in_bbox=0, ql_dist=None)
  n21 20260724_1400 … ✗ swath overlaps bbox but all pixels cloud/land masked (raw_valid_in_bbox=0, ql_dist=None)
  n21 20260724_1410 … ✗ swath overlaps bbox but all pixels cloud/land masked (raw_valid_in_bbox=0, ql_dist=None)
  n21 20260724_1450 … ✗ swath overlaps bbox but all pixels cloud/land masked (raw_valid_in_bbox=0, ql_dist=None)
  n21 20260724_1500 … ✗ swath overlaps bbox but all pixels cloud/land masked (raw_valid_in_bbox=0, ql_dist=None)
  n21 20260724_1510 … ✗ swath overlaps bbox but all pixels cloud/land masked (raw_valid_in_bbox=0, ql_dist=None)
  n21 20260724_1550 … ✗ swath overlaps bbox but all pixels cloud/land masked (raw_valid_in_bbox=0, ql_dist=None)
  n21 20260724_1600 … ✗ swath overlaps bbox but all pixels cloud/land masked (raw_valid_in_bbox=0, ql_dist=None)
  n21 20260724_1610 … ✗ swath overlaps bbox but all pixels cloud/land masked (raw_valid_in_bbox=0, ql_dist=None)
  n21 20260724_1650 … ✗ swath overlaps bbox but all pixels cloud/land masked (raw_valid_in_bbox=0, ql_dist=None)
  n21 20260724_1700 … ✗ swath overlaps bbox but all pixels cloud/land masked (raw_valid_in_bbox=0, ql_dist=None)
  n21 20260724_1710 … ✗ swath overlaps bbox but all pixels cloud/land masked (raw_valid_in_bbox=0, ql_dist=None)
  n21 20260724_1750 … ✗ swath overlaps bbox but all pixels cloud/land masked (raw_valid_in_bbox=0, ql_dist=None)
  n21 20260724_1800 ✓ (cached)
  n21 20260724_1810 … ✗ swath overlaps bbox but all pixels cloud/land masked (raw_valid_in_bbox=0, ql_dist=None)
  n21 20260724_1850 … ✗ swath overlaps bbox but all pixels cloud/land masked (raw_valid_in_bbox=0, ql_dist=None)
  n21 20260724_1900 … ✗ swath overlaps bbox but all pixels cloud/land masked (raw_valid_in_bbox=0, ql_dist=None)
  n21 20260724_1910 … ✗ swath overlaps bbox but all pixels cloud/land masked (raw_valid_in_bbox=0, ql_dist=None)
  n21 20260724_1950 … ✗ swath overlaps bbox but all pixels cloud/land masked (raw_valid_in_bbox=0, ql_dist=None)
  n21 20260724_2000 … ✗ swath overlaps bbox but all pixels cloud/land masked (raw_valid_in_bbox=0, ql_dist=None)
  n21 20260724_2010 … ✗ swath overlaps bbox but all pixels cloud/land masked (raw_valid_in_bbox=0, ql_dist=None)
  n21 20260724_2050 … ✗ swath overlaps bbox but all pixels cloud/land masked (raw_valid_in_bbox=0, ql_dist=None)
  n21 20260724_2100 … ✗ swath overlaps bbox but all pixels cloud/land masked (raw_valid_in_bbox=0, ql_dist=None)
  n21 20260724_2110 … ✗ swath overlaps bbox but all pixels cloud/land masked (raw_valid_in_bbox=0, ql_dist=None)
  n21 20260724_2150 … ✗ swath overlaps bbox but all pixels cloud/land masked (raw_valid_in_bbox=0, ql_dist=None)
  n21 20260724_2200 … ✗ swath overlaps bbox but all pixels cloud/land masked (raw_valid_in_bbox=0, ql_dist=None)
  n21 20260724_2210 … ✗ swath overlaps bbox but all pixels cloud/land masked (raw_valid_in_bbox=0, ql_dist=None)
  n21 20260724_2250 … ✗ swath overlaps bbox but all pixels cloud/land masked (raw_valid_in_bbox=0, ql_dist=None)
  n21 20260724_2300 … ✗ swath overlaps bbox but all pixels cloud/land masked (raw_valid_in_bbox=0, ql_dist=None)
  n21 20260724_2310 … ✗ swath overlaps bbox but all pixels cloud/land masked (raw_valid_in_bbox=0, ql_dist=None)
  n21 20260724_2350 … ✗ swath overlaps bbox but all pixels cloud/land masked (raw_valid_in_bbox=0, ql_dist=None)
  n21 20260725_0000 … ✗ swath overlaps bbox but all pixels cloud/land masked (raw_valid_in_bbox=0, ql_dist=None)
  n21 20260725_0010 … ✗ swath overlaps bbox but all pixels cloud/land masked (raw_valid_in_bbox=0, ql_dist=None)
  n21 20260725_0050 … ✗ swath overlaps bbox but all pixels cloud/land masked (raw_valid_in_bbox=0, ql_dist=None)
  n21 20260725_0100 … ✗ swath overlaps bbox but all pixels cloud/land masked (raw_valid_in_bbox=0, ql_dist=None)
  n21 20260725_0110 … ✗ swath overlaps bbox but all pixels cloud/land masked (raw_valid_in_bbox=0, ql_dist=None)
  n21 20260725_0150 … ✗ swath overlaps bbox but all pixels cloud/land masked (raw_valid_in_bbox=0, ql_dist=None)
  n21 20260725_0200 … ✗ swath overlaps bbox but all pixels cloud/land masked (raw_valid_in_bbox=0, ql_dist=None)
  n21 20260725_0210 … ✗ swath overlaps bbox but all pixels cloud/land masked (raw_valid_in_bbox=0, ql_dist=None)
  n21 20260725_0250 … ✗ swath overlaps bbox but all pixels cloud/land masked (raw_valid_in_bbox=0, ql_dist=None)
  n21 20260725_0300 … ✗ swath overlaps bbox but all pixels cloud/land masked (raw_valid_in_bbox=0, ql_dist=None)
  n21 20260725_0310 … ✗ swath overlaps bbox but all pixels cloud/land masked (raw_valid_in_bbox=0, ql_dist=None)
  n21 20260725_0350 … ✗ swath overlaps bbox but all pixels cloud/land masked (raw_valid_in_bbox=0, ql_dist=None)
  n21 20260725_0400 … ✗ swath overlaps bbox but all pixels cloud/land masked (raw_valid_in_bbox=0, ql_dist=None)
  n21 20260725_0410 … ✗ swath overlaps bbox but all pixels cloud/land masked (raw_valid_in_bbox=0, ql_dist=None)
  n21 20260725_0450 … ✗ swath overlaps bbox but all pixels cloud/land masked (raw_valid_in_bbox=0, ql_dist=None)
  n21 20260725_0500 … ✗ swath overlaps bbox but all pixels cloud/land masked (raw_valid_in_bbox=0, ql_dist=None)
  n21 20260725_0510 … ✗ swath overlaps bbox but all pixels cloud/land masked (raw_valid_in_bbox=0, ql_dist=None)
  n21 20260725_0550 … ✗ swath overlaps bbox but all pixels cloud/land masked (raw_valid_in_bbox=0, ql_dist=None)
  n21 20260725_0600 … ✗ swath overlaps bbox but all pixels cloud/land masked (raw_valid_in_bbox=0, ql_dist=None)
  n21 20260725_0610 … ✗ swath overlaps bbox but all pixels cloud/land masked (raw_valid_in_bbox=0, ql_dist=None)
  n21 20260725_0650 … ✗ swath overlaps bbox but all pixels cloud/land masked (raw_valid_in_bbox=0, ql_dist=None)
  n21 20260725_0700 … ✗ swath overlaps bbox but all pixels cloud/land masked (raw_valid_in_bbox=0, ql_dist=None)
  n21 20260725_0710 … ✗ swath overlaps bbox but all pixels cloud/land masked (raw_valid_in_bbox=0, ql_dist=None)
  n21 20260725_0750 … ✗ swath overlaps bbox but all pixels cloud/land masked (raw_valid_in_bbox=0, ql_dist=None)
  n21 20260725_0800 ✓ (cached)
  n21 20260725_0810 … ✗ swath overlaps bbox but all pixels cloud/land masked (raw_valid_in_bbox=0, ql_dist=None)
  n21 20260725_0850 … ✗ swath overlaps bbox but all pixels cloud/land masked (raw_valid_in_bbox=0, ql_dist=None)
  n21 20260725_0900 … ✗ swath overlaps bbox but all pixels cloud/land masked (raw_valid_in_bbox=0, ql_dist=None)
  n21 20260725_0910 … ✗ swath overlaps bbox but all pixels cloud/land masked (raw_valid_in_bbox=0, ql_dist=None)
  n21 20260725_0950 … ✗ swath overlaps bbox but all pixels cloud/land masked (raw_valid_in_bbox=0, ql_dist=None)
  n21 20260725_1000 … ✗ swath overlaps bbox but all pixels cloud/land masked (raw_valid_in_bbox=0, ql_dist=None)
  n21 20260725_1010 … ✗ swath overlaps bbox but all pixels cloud/land masked (raw_valid_in_bbox=0, ql_dist=None)
  n21 20260725_1050 … ✗ swath overlaps bbox but all pixels cloud/land masked (raw_valid_in_bbox=0, ql_dist=None)
  n21 20260725_1100 … ✗ swath overlaps bbox but all pixels cloud/land masked (raw_valid_in_bbox=0, ql_dist=None)
  n21 20260725_1110 … ✗ swath overlaps bbox but all pixels cloud/land masked (raw_valid_in_bbox=0, ql_dist=None)
  n21 20260725_1150 … ✗ swath overlaps bbox but all pixels cloud/land masked (raw_valid_in_bbox=0, ql_dist=None)
  n21 20260725_1200 … ✗ swath overlaps bbox but all pixels cloud/land masked (raw_valid_in_bbox=0, ql_dist=None)
  n21 20260725_1210 … ✗ swath overlaps bbox but all pixels cloud/land masked (raw_valid_in_bbox=0, ql_dist=None)
  n21 20260725_1250 … ✗ swath overlaps bbox but all pixels cloud/land masked (raw_valid_in_bbox=0, ql_dist=None)
  n21 20260725_1300 … ✗ swath overlaps bbox but all pixels cloud/land masked (raw_valid_in_bbox=0, ql_dist=None)
  n21 20260725_1310 … ✗ swath overlaps bbox but all pixels cloud/land masked (raw_valid_in_bbox=0, ql_dist=None)
  n21 20260725_1350 … ✗ swath overlaps bbox but all pixels cloud/land masked (raw_valid_in_bbox=0, ql_dist=None)
  n21 20260725_1400 … ✗ swath overlaps bbox but all pixels cloud/land masked (raw_valid_in_bbox=0, ql_dist=None)
  n21 20260725_1410 … ✗ swath overlaps bbox but all pixels cloud/land masked (raw_valid_in_bbox=0, ql_dist=None)
  n21 20260725_1450 … ✗ swath overlaps bbox but all pixels cloud/land masked (raw_valid_in_bbox=0, ql_dist=None)
  n21 20260725_1500 … ✗ swath overlaps bbox but all pixels cloud/land masked (raw_valid_in_bbox=0, ql_dist=None)
  n21 20260725_1510 … ✗ swath overlaps bbox but all pixels cloud/land masked (raw_valid_in_bbox=0, ql_dist=None)
  n21 20260725_1550 … ✗ swath overlaps bbox but all pixels cloud/land masked (raw_valid_in_bbox=0, ql_dist=None)
  n21 20260725_1600 … ✗ swath overlaps bbox but all pixels cloud/land masked (raw_valid_in_bbox=0, ql_dist=None)
  n21 20260725_1610 … ✗ swath overlaps bbox but all pixels cloud/land masked (raw_valid_in_bbox=0, ql_dist=None)
  n21 20260725_1650 … ✗ swath overlaps bbox but all pixels cloud/land masked (raw_valid_in_bbox=0, ql_dist=None)
  n21 20260725_1700 … ✗ swath overlaps bbox but all pixels cloud/land masked (raw_valid_in_bbox=0, ql_dist=None)
  n21 20260725_1710 … ✗ swath overlaps bbox but all pixels cloud/land masked (raw_valid_in_bbox=0, ql_dist=None)
  n21 20260725_1750 … ✗ swath overlaps bbox but all pixels cloud/land masked (raw_valid_in_bbox=0, ql_dist=None)
  n21 20260725_1800 … ✗ swath overlaps bbox but all pixels cloud/land masked (raw_valid_in_bbox=0, ql_dist=None)
  n21 20260725_1810 … ✗ swath overlaps bbox but all pixels cloud/land masked (raw_valid_in_bbox=0, ql_dist=None)
  n21 20260725_1850 … ✗ swath overlaps bbox but all pixels cloud/land masked (raw_valid_in_bbox=0, ql_dist=None)
  n21 20260725_1900 … ✗ swath overlaps bbox but all pixels cloud/land masked (raw_valid_in_bbox=0, ql_dist=None)
  n21 20260725_1910 … ✗ swath overlaps bbox but all pixels cloud/land masked (raw_valid_in_bbox=0, ql_dist=None)
  n21 20260725_1950 … ✗ swath overlaps bbox but all pixels cloud/land masked (raw_valid_in_bbox=0, ql_dist=None)
  n21 20260725_2000 … ✗ swath overlaps bbox but all pixels cloud/land masked (raw_valid_in_bbox=0, ql_dist=None)
  n21 20260725_2010 … ✗ swath overlaps bbox but all pixels cloud/land masked (raw_valid_in_bbox=0, ql_dist=None)
  n21 20260725_2050 … ✗ swath overlaps bbox but all pixels cloud/land masked (raw_valid_in_bbox=0, ql_dist=None)
  n21 20260725_2100 … ✗ swath overlaps bbox but all pixels cloud/land masked (raw_valid_in_bbox=0, ql_dist=None)
  n21 20260725_2110 … ✗ swath overlaps bbox but all pixels cloud/land masked (raw_valid_in_bbox=0, ql_dist=None)
  n21 20260725_2150 … ✗ swath overlaps bbox but all pixels cloud/land masked (raw_valid_in_bbox=0, ql_dist=None)
  n21 20260725_2200 … ✗ swath overlaps bbox but all pixels cloud/land masked (raw_valid_in_bbox=0, ql_dist=None)
  n21 20260725_2210 … ✗ swath overlaps bbox but all pixels cloud/land masked (raw_valid_in_bbox=0, ql_dist=None)
  n21 20260725_2250 … ✗ swath overlaps bbox but all pixels cloud/land masked (raw_valid_in_bbox=0, ql_dist=None)
  n21 20260725_2300 … ✗ swath overlaps bbox but all pixels cloud/land masked (raw_valid_in_bbox=0, ql_dist=None)
  n21 20260725_2310 … ✗ swath overlaps bbox but all pixels cloud/land masked (raw_valid_in_bbox=0, ql_dist=None)
  n21 20260725_2350 … ✗ swath overlaps bbox but all pixels cloud/land masked (raw_valid_in_bbox=0, ql_dist=None)
  n21 20260726_0000 … ✗ swath overlaps bbox but all pixels cloud/land masked (raw_valid_in_bbox=0, ql_dist=None)
  n21 20260726_0010 … ✗ swath overlaps bbox but all pixels cloud/land masked (raw_valid_in_bbox=0, ql_dist=None)
  n21 20260726_0050 … ✗ swath overlaps bbox but all pixels cloud/land masked (raw_valid_in_bbox=0, ql_dist=None)
  n21 20260726_0100 … ✗ swath overlaps bbox but all pixels cloud/land masked (raw_valid_in_bbox=0, ql_dist=None)
  n21 20260726_0110 … ✗ swath overlaps bbox but all pixels cloud/land masked (raw_valid_in_bbox=0, ql_dist=None)
  n21 20260726_0150 … ✗ swath overlaps bbox but all pixels cloud/land masked (raw_valid_in_bbox=0, ql_dist=None)
  n21 20260726_0200 … ✗ swath overlaps bbox but all pixels cloud/land masked (raw_valid_in_bbox=0, ql_dist=None)
  n21 20260726_0210 … ✗ swath overlaps bbox but all pixels cloud/land masked (raw_valid_in_bbox=0, ql_dist=None)
  n21 20260726_0250 … ✗ swath overlaps bbox but all pixels cloud/land masked (raw_valid_in_bbox=0, ql_dist=None)
  n21 20260726_0300 … ✗ swath overlaps bbox but all pixels cloud/land masked (raw_valid_in_bbox=0, ql_dist=None)
  n21 20260726_0310 … ✗ swath overlaps bbox but all pixels cloud/land masked (raw_valid_in_bbox=0, ql_dist=None)
  n21 20260726_0350 … ✗ swath overlaps bbox but all pixels cloud/land masked (raw_valid_in_bbox=0, ql_dist=None)
  n21 20260726_0400 … ✗ swath overlaps bbox but all pixels cloud/land masked (raw_valid_in_bbox=0, ql_dist=None)

  VIIRS summary: 0 written, 9 cached, 338 miss/cloud, 447 outside windows.

=========================================================
✓ Pipeline complete
=========================================================
========================================
RUNNING REGION: s_fl
========================================
=========================================================
SST PIPELINE
  UTC    : 2026-07-26 05:23:29
  Region : s_fl
  Bbox   : 22.15–27.47°N  -83.16–-76.14°E
  Output : DailySSTData/MUR/s_fl  (and siblings)
=========================================================

── MUR daily composite (last 5 days) ──
  MUR 20260725 (coastwatch.noaa.gov) … ✗ RuntimeError
  MUR 20260725 (coastwatch.pfeg.noaa.gov) … ✗ RuntimeError
  MUR 20260725 (upwell.pfeg.noaa.gov) … ✗ RuntimeError
  ✗ MUR 20260725 — all mirrors failed. Last: upwell.pfeg.noaa.gov: RuntimeError: 404 — no data for this date
  ✓ MUR 20260724 (cached)
  ✓ MUR 20260723 (cached)
  ✓ MUR 20260722 (cached)
  ✓ MUR 20260721 (cached)

── GOES-19 geo-polar blended daily composite ──
  Candidates: 4 (2 hosts × 2 dataset IDs)
  GOES 20260726 [noaa/noaacwBLENDEDsstDLDaily] … ✗ RuntimeError: 404 — no data for this date
  GOES 20260726 [noaa/noaacwBLENDEDsstDaily] … ✗ RuntimeError: 404 — no data for this date
  GOES 20260726 [pfeg/noaacwBLENDEDsstDLDaily] … ✗ RuntimeError: 404 — no data for this date
  GOES 20260726 [pfeg/noaacwBLENDEDsstDaily] … ✗ RuntimeError: 404 — no data for this date
  GOES 20260725 [noaa/noaacwBLENDEDsstDLDaily] … ✗ RuntimeError: 404 — no data for this date
  GOES 20260725 [noaa/noaacwBLENDEDsstDaily] … ✗ RuntimeError: 404 — no data for this date
  GOES 20260725 [pfeg/noaacwBLENDEDsstDLDaily] … ✗ RuntimeError: 404 — no data for this date
  GOES 20260725 [pfeg/noaacwBLENDEDsstDaily] … ✗ RuntimeError: 404 — no data for this date
  GOES 20260724 [noaa/noaacwBLENDEDsstDLDaily] …   (land filter: loaded 166 coastline polygons)
  (land filter: dropped 103 inland, kept 3050 ocean)
✓
  → DailySSTData/GOES/Composite/s_fl/goes_composite_20260724.csv  (3050 pts, 54 lats × 71 lons)

── VIIRS multi-pass (last 48h — NPP/N20/N21) ──
  ✓ VIIRS NRT base: https://www.star.nesdis.noaa.gov/pub/socd2/coastwatch/sst/nrt/viirs
  Hourly windows : 48
  Window range   : 2026-07-24 05:50Z → 2026-07-26 05:10Z
  Half-width     : ±10 min per bucket
  npp 20260724_0550 … ✗ swath overlaps bbox but all pixels cloud/land masked (raw_valid_in_bbox=0, ql_dist=None)
  npp 20260724_0600 … ✗ swath overlaps bbox but all pixels cloud/land masked (raw_valid_in_bbox=0, ql_dist=None)
  npp 20260724_0610 … ✗ swath overlaps bbox but all pixels cloud/land masked (raw_valid_in_bbox=0, ql_dist=None)
  npp 20260724_0650 … ✗ swath overlaps bbox but all pixels cloud/land masked (raw_valid_in_bbox=0, ql_dist=None)
  npp 20260724_0700 … ✗ swath overlaps bbox but all pixels cloud/land masked (raw_valid_in_bbox=0, ql_dist=None)
  npp 20260724_0710 ✓ (cached)
  npp 20260724_0750 … ✗ swath overlaps bbox but all pixels cloud/land masked (raw_valid_in_bbox=0, ql_dist=None)
  npp 20260724_0800 … ✗ swath overlaps bbox but all pixels cloud/land masked (raw_valid_in_bbox=0, ql_dist=None)
  npp 20260724_0810 … ✗ swath overlaps bbox but all pixels cloud/land masked (raw_valid_in_bbox=0, ql_dist=None)
  npp 20260724_0850 … ✗ swath overlaps bbox but all pixels cloud/land masked (raw_valid_in_bbox=0, ql_dist=None)
  npp 20260724_0900 … ✗ swath overlaps bbox but all pixels cloud/land masked (raw_valid_in_bbox=0, ql_dist=None)
  npp 20260724_0910 … ✗ swath overlaps bbox but all pixels cloud/land masked (raw_valid_in_bbox=0, ql_dist=None)
  npp 20260724_0950 … ✗ swath overlaps bbox but all pixels cloud/land masked (raw_valid_in_bbox=0, ql_dist=None)
  npp 20260724_1000 … ✗ swath overlaps bbox but all pixels cloud/land masked (raw_valid_in_bbox=0, ql_dist=None)
  npp 20260724_1010 … ✗ swath overlaps bbox but all pixels cloud/land masked (raw_valid_in_bbox=0, ql_dist=None)
  npp 20260724_1050 … ✗ swath overlaps bbox but all pixels cloud/land masked (raw_valid_in_bbox=0, ql_dist=None)
  npp 20260724_1100 … ✗ swath overlaps bbox but all pixels cloud/land masked (raw_valid_in_bbox=0, ql_dist=None)
  npp 20260724_1110 … ✗ swath overlaps bbox but all pixels cloud/land masked (raw_valid_in_bbox=0, ql_dist=None)
  npp 20260724_1150 … ✗ swath overlaps bbox but all pixels cloud/land masked (raw_valid_in_bbox=0, ql_dist=None)
  npp 20260724_1200 … ✗ swath overlaps bbox but all pixels cloud/land masked (raw_valid_in_bbox=0, ql_dist=None)
  npp 20260724_1210 … ✗ swath overlaps bbox but all pixels cloud/land masked (raw_valid_in_bbox=0, ql_dist=None)
  npp 20260724_1250 … ✗ swath overlaps bbox but all pixels cloud/land masked (raw_valid_in_bbox=0, ql_dist=None)
  npp 20260724_1300 … ✗ swath overlaps bbox but all pixels cloud/land masked (raw_valid_in_bbox=0, ql_dist=None)
  npp 20260724_1310 … ✗ swath overlaps bbox but all pixels cloud/land masked (raw_valid_in_bbox=0, ql_dist=None)
  npp 20260724_1350 … ✗ swath overlaps bbox but all pixels cloud/land masked (raw_valid_in_bbox=0, ql_dist=None)
  npp 20260724_1400 … ✗ swath overlaps bbox but all pixels cloud/land masked (raw_valid_in_bbox=0, ql_dist=None)
  npp 20260724_1410 … ✗ swath overlaps bbox but all pixels cloud/land masked (raw_valid_in_bbox=0, ql_dist=None)
  npp 20260724_1450 … ✗ swath overlaps bbox but all pixels cloud/land masked (raw_valid_in_bbox=0, ql_dist=None)
  npp 20260724_1500 … ✗ swath overlaps bbox but all pixels cloud/land masked (raw_valid_in_bbox=0, ql_dist=None)
  npp 20260724_1510 … ✗ swath overlaps bbox but all pixels cloud/land masked (raw_valid_in_bbox=0, ql_dist=None)
  npp 20260724_1550 … ✗ swath overlaps bbox but all pixels cloud/land masked (raw_valid_in_bbox=0, ql_dist=None)
  npp 20260724_1600 … ✗ swath overlaps bbox but all pixels cloud/land masked (raw_valid_in_bbox=0, ql_dist=None)
  npp 20260724_1610 … ✗ swath overlaps bbox but all pixels cloud/land masked (raw_valid_in_bbox=0, ql_dist=None)
  npp 20260724_1650 … ✗ swath overlaps bbox but all pixels cloud/land masked (raw_valid_in_bbox=0, ql_dist=None)
  npp 20260724_1700 … ✗ swath overlaps bbox but all pixels cloud/land masked (raw_valid_in_bbox=0, ql_dist=None)
  npp 20260724_1710 … ✗ swath overlaps bbox but all pixels cloud/land masked (raw_valid_in_bbox=0, ql_dist=None)
  npp 20260724_1750 … ✗ swath overlaps bbox but all pixels cloud/land masked (raw_valid_in_bbox=0, ql_dist=None)
  npp 20260724_1800 … ✗ swath overlaps bbox but all pixels cloud/land masked (raw_valid_in_bbox=0, ql_dist=None)
  npp 20260724_1810 … ✗ swath overlaps bbox but all pixels cloud/land masked (raw_valid_in_bbox=0, ql_dist=None)
  npp 20260724_1850 … ✗ swath overlaps bbox but all pixels cloud/land masked (raw_valid_in_bbox=0, ql_dist=None)
  npp 20260724_1900 … ✗ swath overlaps bbox but all pixels cloud/land masked (raw_valid_in_bbox=0, ql_dist=None)
  npp 20260724_1910 … ✗ swath overlaps bbox but all pixels cloud/land masked (raw_valid_in_bbox=0, ql_dist=None)
  npp 20260724_1950 … ✗ swath overlaps bbox but all pixels cloud/land masked (raw_valid_in_bbox=0, ql_dist=None)
  npp 20260724_2000 … ✗ swath overlaps bbox but all pixels cloud/land masked (raw_valid_in_bbox=0, ql_dist=None)
  npp 20260724_2010 … ✗ swath overlaps bbox but all pixels cloud/land masked (raw_valid_in_bbox=0, ql_dist=None)
  npp 20260724_2050 … ✗ swath overlaps bbox but all pixels cloud/land masked (raw_valid_in_bbox=0, ql_dist=None)
  npp 20260724_2100 … ✗ swath overlaps bbox but all pixels cloud/land masked (raw_valid_in_bbox=0, ql_dist=None)
  npp 20260724_2110 … ✗ swath overlaps bbox but all pixels cloud/land masked (raw_valid_in_bbox=0, ql_dist=None)
  npp 20260724_2150 … ✗ swath overlaps bbox but all pixels cloud/land masked (raw_valid_in_bbox=0, ql_dist=None)
  npp 20260724_2200 … ✗ swath overlaps bbox but all pixels cloud/land masked (raw_valid_in_bbox=0, ql_dist=None)
  npp 20260724_2210 … ✗ swath overlaps bbox but all pixels cloud/land masked (raw_valid_in_bbox=0, ql_dist=None)
  npp 20260724_2250 … ✗ swath overlaps bbox but all pixels cloud/land masked (raw_valid_in_bbox=0, ql_dist=None)
  npp 20260724_2300 … ✗ swath overlaps bbox but all pixels cloud/land masked (raw_valid_in_bbox=0, ql_dist=None)
  npp 20260724_2310 … ✗ swath overlaps bbox but all pixels cloud/land masked (raw_valid_in_bbox=0, ql_dist=None)
  npp 20260724_2350 … ✗ swath overlaps bbox but all pixels cloud/land masked (raw_valid_in_bbox=0, ql_dist=None)
  npp 20260725_0000 … ✗ swath overlaps bbox but all pixels cloud/land masked (raw_valid_in_bbox=0, ql_dist=None)
  npp 20260725_0010 … ✗ swath overlaps bbox but all pixels cloud/land masked (raw_valid_in_bbox=0, ql_dist=None)
  npp 20260725_0050 … ✗ swath overlaps bbox but all pixels cloud/land masked (raw_valid_in_bbox=0, ql_dist=None)
  npp 20260725_0100 … ✗ swath overlaps bbox but all pixels cloud/land masked (raw_valid_in_bbox=0, ql_dist=None)
  npp 20260725_0110 … ✗ swath overlaps bbox but all pixels cloud/land masked (raw_valid_in_bbox=0, ql_dist=None)
  npp 20260725_0150 … ✗ swath overlaps bbox but all pixels cloud/land masked (raw_valid_in_bbox=0, ql_dist=None)
  npp 20260725_0200 … ✗ swath overlaps bbox but all pixels cloud/land masked (raw_valid_in_bbox=0, ql_dist=None)
  npp 20260725_0210 … ✗ swath overlaps bbox but all pixels cloud/land masked (raw_valid_in_bbox=0, ql_dist=None)
  npp 20260725_0250 … ✗ swath overlaps bbox but all pixels cloud/land masked (raw_valid_in_bbox=0, ql_dist=None)
  npp 20260725_0300 … ✗ swath overlaps bbox but all pixels cloud/land masked (raw_valid_in_bbox=0, ql_dist=None)
  npp 20260725_0310 … ✗ swath overlaps bbox but all pixels cloud/land masked (raw_valid_in_bbox=0, ql_dist=None)
  npp 20260725_0350 … ✗ swath overlaps bbox but all pixels cloud/land masked (raw_valid_in_bbox=0, ql_dist=None)
  npp 20260725_0400 … ✗ swath overlaps bbox but all pixels cloud/land masked (raw_valid_in_bbox=0, ql_dist=None)
  npp 20260725_0410 … ✗ swath overlaps bbox but all pixels cloud/land masked (raw_valid_in_bbox=0, ql_dist=None)
  npp 20260725_0450 … ✗ swath overlaps bbox but all pixels cloud/land masked (raw_valid_in_bbox=0, ql_dist=None)
  npp 20260725_0500 … ✗ swath overlaps bbox but all pixels cloud/land masked (raw_valid_in_bbox=0, ql_dist=None)
  npp 20260725_0510 … ✗ swath overlaps bbox but all pixels cloud/land masked (raw_valid_in_bbox=0, ql_dist=None)
  npp 20260725_0550 … ✗ swath overlaps bbox but all pixels cloud/land masked (raw_valid_in_bbox=0, ql_dist=None)
  npp 20260725_0600 … ✗ swath overlaps bbox but all pixels cloud/land masked (raw_valid_in_bbox=0, ql_dist=None)
  npp 20260725_0610 … ✗ swath overlaps bbox but all pixels cloud/land masked (raw_valid_in_bbox=0, ql_dist=None)
  npp 20260725_0650 … ✗ swath overlaps bbox but all pixels cloud/land masked (raw_valid_in_bbox=0, ql_dist=None)
  npp 20260725_0700 ✓ (cached)
  npp 20260725_0710 … ✗ swath overlaps bbox but all pixels cloud/land masked (raw_valid_in_bbox=0, ql_dist=None)
  npp 20260725_0750 … ✗ swath overlaps bbox but all pixels cloud/land masked (raw_valid_in_bbox=0, ql_dist=None)
  npp 20260725_0800 … ✗ swath overlaps bbox but all pixels cloud/land masked (raw_valid_in_bbox=0, ql_dist=None)
  npp 20260725_0810 … ✗ swath overlaps bbox but all pixels cloud/land masked (raw_valid_in_bbox=0, ql_dist=None)
  npp 20260725_0850 … ✗ swath overlaps bbox but all pixels cloud/land masked (raw_valid_in_bbox=0, ql_dist=None)
  npp 20260725_0900 … ✗ swath overlaps bbox but all pixels cloud/land masked (raw_valid_in_bbox=0, ql_dist=None)
  npp 20260725_0910 … ✗ swath overlaps bbox but all pixels cloud/land masked (raw_valid_in_bbox=0, ql_dist=None)
  npp 20260725_0950 … ✗ swath overlaps bbox but all pixels cloud/land masked (raw_valid_in_bbox=0, ql_dist=None)
  npp 20260725_1000 … ✗ swath overlaps bbox but all pixels cloud/land masked (raw_valid_in_bbox=0, ql_dist=None)
  npp 20260725_1010 … ✗ swath overlaps bbox but all pixels cloud/land masked (raw_valid_in_bbox=0, ql_dist=None)
  npp 20260725_1050 … ✗ swath overlaps bbox but all pixels cloud/land masked (raw_valid_in_bbox=0, ql_dist=None)
  npp 20260725_1100 … ✗ swath overlaps bbox but all pixels cloud/land masked (raw_valid_in_bbox=0, ql_dist=None)
  npp 20260725_1110 … ✗ swath overlaps bbox but all pixels cloud/land masked (raw_valid_in_bbox=0, ql_dist=None)
  npp 20260725_1150 … ✗ swath overlaps bbox but all pixels cloud/land masked (raw_valid_in_bbox=0, ql_dist=None)
  npp 20260725_1200 … ✗ swath overlaps bbox but all pixels cloud/land masked (raw_valid_in_bbox=0, ql_dist=None)
  npp 20260725_1210 … ✗ swath overlaps bbox but all pixels cloud/land masked (raw_valid_in_bbox=0, ql_dist=None)
  npp 20260725_1250 … ✗ swath overlaps bbox but all pixels cloud/land masked (raw_valid_in_bbox=0, ql_dist=None)
  npp 20260725_1300 … ✗ swath overlaps bbox but all pixels cloud/land masked (raw_valid_in_bbox=0, ql_dist=None)
  npp 20260725_1310 … ✗ swath overlaps bbox but all pixels cloud/land masked (raw_valid_in_bbox=0, ql_dist=None)
  npp 20260725_1350 … ✗ swath overlaps bbox but all pixels cloud/land masked (raw_valid_in_bbox=0, ql_dist=None)
  npp 20260725_1400 … ✗ swath overlaps bbox but all pixels cloud/land masked (raw_valid_in_bbox=0, ql_dist=None)
  npp 20260725_1410 … ✗ swath overlaps bbox but all pixels cloud/land masked (raw_valid_in_bbox=0, ql_dist=None)
  npp 20260725_1450 … ✗ swath overlaps bbox but all pixels cloud/land masked (raw_valid_in_bbox=0, ql_dist=None)
  npp 20260725_1500 … ✗ swath overlaps bbox but all pixels cloud/land masked (raw_valid_in_bbox=0, ql_dist=None)
  npp 20260725_1510 … ✗ swath overlaps bbox but all pixels cloud/land masked (raw_valid_in_bbox=0, ql_dist=None)
  npp 20260725_1550 … ✗ swath overlaps bbox but all pixels cloud/land masked (raw_valid_in_bbox=0, ql_dist=None)
  npp 20260725_1600 … ✗ swath overlaps bbox but all pixels cloud/land masked (raw_valid_in_bbox=0, ql_dist=None)
  npp 20260725_1610 … ✗ swath overlaps bbox but all pixels cloud/land masked (raw_valid_in_bbox=0, ql_dist=None)
  npp 20260725_1650 … ✗ swath overlaps bbox but all pixels cloud/land masked (raw_valid_in_bbox=0, ql_dist=None)
  npp 20260725_1700 … ✗ swath overlaps bbox but all pixels cloud/land masked (raw_valid_in_bbox=0, ql_dist=None)
  npp 20260725_1710 … ✗ swath overlaps bbox but all pixels cloud/land masked (raw_valid_in_bbox=0, ql_dist=None)
  npp 20260725_1750 … ✗ swath overlaps bbox but all pixels cloud/land masked (raw_valid_in_bbox=0, ql_dist=None)
  npp 20260725_1800 … ✗ swath overlaps bbox but all pixels cloud/land masked (raw_valid_in_bbox=0, ql_dist=None)
  npp 20260725_1810 ✓ (cached)
  npp 20260725_1850 … ✗ swath overlaps bbox but all pixels cloud/land masked (raw_valid_in_bbox=0, ql_dist=None)
  npp 20260725_1900 … ✗ swath overlaps bbox but all pixels cloud/land masked (raw_valid_in_bbox=0, ql_dist=None)
  npp 20260725_1910 … ✗ swath overlaps bbox but all pixels cloud/land masked (raw_valid_in_bbox=0, ql_dist=None)
  npp 20260725_1950 … ✗ swath overlaps bbox but all pixels cloud/land masked (raw_valid_in_bbox=0, ql_dist=None)
  npp 20260725_2000 … ✗ swath overlaps bbox but all pixels cloud/land masked (raw_valid_in_bbox=0, ql_dist=None)
  npp 20260725_2010 … ✗ swath overlaps bbox but all pixels cloud/land masked (raw_valid_in_bbox=0, ql_dist=None)
  npp 20260725_2050 … ✗ swath overlaps bbox but all pixels cloud/land masked (raw_valid_in_bbox=0, ql_dist=None)
  npp 20260725_2100 … ✗ swath overlaps bbox but all pixels cloud/land masked (raw_valid_in_bbox=0, ql_dist=None)
  npp 20260725_2110 … ✗ swath overlaps bbox but all pixels cloud/land masked (raw_valid_in_bbox=0, ql_dist=None)
  npp 20260725_2150 … ✗ swath overlaps bbox but all pixels cloud/land masked (raw_valid_in_bbox=0, ql_dist=None)
  npp 20260725_2200 … ✗ swath overlaps bbox but all pixels cloud/land masked (raw_valid_in_bbox=0, ql_dist=None)
  npp 20260725_2210 … ✗ swath overlaps bbox but all pixels cloud/land masked (raw_valid_in_bbox=0, ql_dist=None)
  npp 20260725_2250 … ✗ swath overlaps bbox but all pixels cloud/land masked (raw_valid_in_bbox=0, ql_dist=None)
  npp 20260725_2300 … ✗ swath overlaps bbox but all pixels cloud/land masked (raw_valid_in_bbox=0, ql_dist=None)
  npp 20260725_2310 … ✗ swath overlaps bbox but all pixels cloud/land masked (raw_valid_in_bbox=0, ql_dist=None)
  npp 20260725_2350 … ✗ swath overlaps bbox but all pixels cloud/land masked (raw_valid_in_bbox=0, ql_dist=None)
  npp 20260726_0000 … ✗ swath overlaps bbox but all pixels cloud/land masked (raw_valid_in_bbox=0, ql_dist=None)
  npp 20260726_0010 … ✗ swath overlaps bbox but all pixels cloud/land masked (raw_valid_in_bbox=0, ql_dist=None)
  npp 20260726_0050 … ✗ swath overlaps bbox but all pixels cloud/land masked (raw_valid_in_bbox=0, ql_dist=None)
  npp 20260726_0100 … ✗ swath overlaps bbox but all pixels cloud/land masked (raw_valid_in_bbox=0, ql_dist=None)
  npp 20260726_0110 … ✗ swath overlaps bbox but all pixels cloud/land masked (raw_valid_in_bbox=0, ql_dist=None)
  npp 20260726_0150 … ✗ swath overlaps bbox but all pixels cloud/land masked (raw_valid_in_bbox=0, ql_dist=None)
  npp 20260726_0200 … ✗ swath overlaps bbox but all pixels cloud/land masked (raw_valid_in_bbox=0, ql_dist=None)
  npp 20260726_0210 … ✗ swath overlaps bbox but all pixels cloud/land masked (raw_valid_in_bbox=0, ql_dist=None)
  npp 20260726_0250 … ✗ swath overlaps bbox but all pixels cloud/land masked (raw_valid_in_bbox=0, ql_dist=None)
  npp 20260726_0300 … ✗ swath overlaps bbox but all pixels cloud/land masked (raw_valid_in_bbox=0, ql_dist=None)
  npp 20260726_0310 … ✗ swath overlaps bbox but all pixels cloud/land masked (raw_valid_in_bbox=0, ql_dist=None)
  npp 20260726_0350 … ✗ swath overlaps bbox but all pixels cloud/land masked (raw_valid_in_bbox=0, ql_dist=None)
  npp 20260726_0400 … ✗ swath overlaps bbox but all pixels cloud/land masked (raw_valid_in_bbox=0, ql_dist=None)
  npp 20260726_0410 … ✗ swath overlaps bbox but all pixels cloud/land masked (raw_valid_in_bbox=0, ql_dist=None)
  n20 20260724_0550 ✓ (cached)
  n20 20260724_0600 … ✗ swath overlaps bbox but all pixels cloud/land masked (raw_valid_in_bbox=0, ql_dist=None)
  n20 20260724_0610 … ✗ swath overlaps bbox but all pixels cloud/land masked (raw_valid_in_bbox=0, ql_dist=None)
  n20 20260724_0650 … ✗ swath overlaps bbox but all pixels cloud/land masked (raw_valid_in_bbox=0, ql_dist=None)
  n20 20260724_0700 … ✗ swath overlaps bbox but all pixels cloud/land masked (raw_valid_in_bbox=0, ql_dist=None)
  n20 20260724_0710 … ✗ swath overlaps bbox but all pixels cloud/land masked (raw_valid_in_bbox=0, ql_dist=None)
  n20 20260724_0750 … ✗ swath overlaps bbox but all pixels cloud/land masked (raw_valid_in_bbox=0, ql_dist=None)
  n20 20260724_0800 … ✗ swath overlaps bbox but all pixels cloud/land masked (raw_valid_in_bbox=0, ql_dist=None)
  n20 20260724_0810 … ✗ swath overlaps bbox but all pixels cloud/land masked (raw_valid_in_bbox=0, ql_dist=None)
  n20 20260724_0850 … ✗ swath overlaps bbox but all pixels cloud/land masked (raw_valid_in_bbox=0, ql_dist=None)
  n20 20260724_0900 … ✗ swath overlaps bbox but all pixels cloud/land masked (raw_valid_in_bbox=0, ql_dist=None)
  n20 20260724_0910 … ✗ swath overlaps bbox but all pixels cloud/land masked (raw_valid_in_bbox=0, ql_dist=None)
  n20 20260724_0950 … ✗ swath overlaps bbox but all pixels cloud/land masked (raw_valid_in_bbox=0, ql_dist=None)
  n20 20260724_1000 … ✗ swath overlaps bbox but all pixels cloud/land masked (raw_valid_in_bbox=0, ql_dist=None)
  n20 20260724_1010 … ✗ swath overlaps bbox but all pixels cloud/land masked (raw_valid_in_bbox=0, ql_dist=None)
  n20 20260724_1050 … ✗ swath overlaps bbox but all pixels cloud/land masked (raw_valid_in_bbox=0, ql_dist=None)
  n20 20260724_1100 … ✗ swath overlaps bbox but all pixels cloud/land masked (raw_valid_in_bbox=0, ql_dist=None)
  n20 20260724_1110 … ✗ swath overlaps bbox but all pixels cloud/land masked (raw_valid_in_bbox=0, ql_dist=None)
  n20 20260724_1150 … ✗ swath overlaps bbox but all pixels cloud/land masked (raw_valid_in_bbox=0, ql_dist=None)
  n20 20260724_1200 … ✗ swath overlaps bbox but all pixels cloud/land masked (raw_valid_in_bbox=0, ql_dist=None)
  n20 20260724_1210 … ✗ swath overlaps bbox but all pixels cloud/land masked (raw_valid_in_bbox=0, ql_dist=None)
  n20 20260724_1250 … ✗ swath overlaps bbox but all pixels cloud/land masked (raw_valid_in_bbox=0, ql_dist=None)
  n20 20260724_1300 … ✗ swath overlaps bbox but all pixels cloud/land masked (raw_valid_in_bbox=0, ql_dist=None)
  n20 20260724_1310 … ✗ swath overlaps bbox but all pixels cloud/land masked (raw_valid_in_bbox=0, ql_dist=None)
  n20 20260724_1350 … ✗ swath overlaps bbox but all pixels cloud/land masked (raw_valid_in_bbox=0, ql_dist=None)
  n20 20260724_1400 … ✗ swath overlaps bbox but all pixels cloud/land masked (raw_valid_in_bbox=0, ql_dist=None)
  n20 20260724_1410 … ✗ swath overlaps bbox but all pixels cloud/land masked (raw_valid_in_bbox=0, ql_dist=None)
  n20 20260724_1450 … ✗ swath overlaps bbox but all pixels cloud/land masked (raw_valid_in_bbox=0, ql_dist=None)
  n20 20260724_1500 … ✗ swath overlaps bbox but all pixels cloud/land masked (raw_valid_in_bbox=0, ql_dist=None)
  n20 20260724_1510 … ✗ swath overlaps bbox but all pixels cloud/land masked (raw_valid_in_bbox=0, ql_dist=None)
  n20 20260724_1550 … ✗ swath overlaps bbox but all pixels cloud/land masked (raw_valid_in_bbox=0, ql_dist=None)
  n20 20260724_1600 … ✗ swath overlaps bbox but all pixels cloud/land masked (raw_valid_in_bbox=0, ql_dist=None)
  n20 20260724_1610 … ✗ swath overlaps bbox but all pixels cloud/land masked (raw_valid_in_bbox=0, ql_dist=None)
  n20 20260724_1650 … ✗ swath overlaps bbox but all pixels cloud/land masked (raw_valid_in_bbox=0, ql_dist=None)
  n20 20260724_1700 … ✗ swath overlaps bbox but all pixels cloud/land masked (raw_valid_in_bbox=0, ql_dist=None)
  n20 20260724_1710 … ✗ swath overlaps bbox but all pixels cloud/land masked (raw_valid_in_bbox=0, ql_dist=None)
  n20 20260724_1750 … ✗ swath overlaps bbox but all pixels cloud/land masked (raw_valid_in_bbox=0, ql_dist=None)
  n20 20260724_1800 … ✗ swath overlaps bbox but all pixels cloud/land masked (raw_valid_in_bbox=0, ql_dist=None)
  n20 20260724_1810 … ✗ swath overlaps bbox but all pixels cloud/land masked (raw_valid_in_bbox=0, ql_dist=None)
  n20 20260724_1850 ✓ (cached)
  n20 20260724_1900 … ✗ swath overlaps bbox but all pixels cloud/land masked (raw_valid_in_bbox=0, ql_dist=None)
  n20 20260724_1910 … ✗ swath overlaps bbox but all pixels cloud/land masked (raw_valid_in_bbox=0, ql_dist=None)
  n20 20260724_1950 … ✗ swath overlaps bbox but all pixels cloud/land masked (raw_valid_in_bbox=0, ql_dist=None)
  n20 20260724_2000 … ✗ swath overlaps bbox but all pixels cloud/land masked (raw_valid_in_bbox=0, ql_dist=None)
  n20 20260724_2010 … ✗ swath overlaps bbox but all pixels cloud/land masked (raw_valid_in_bbox=0, ql_dist=None)
  n20 20260724_2050 … ✗ swath overlaps bbox but all pixels cloud/land masked (raw_valid_in_bbox=0, ql_dist=None)
  n20 20260724_2100 … ✗ swath overlaps bbox but all pixels cloud/land masked (raw_valid_in_bbox=0, ql_dist=None)
  n20 20260724_2110 … ✗ swath overlaps bbox but all pixels cloud/land masked (raw_valid_in_bbox=0, ql_dist=None)
  n20 20260724_2150 … ✗ swath overlaps bbox but all pixels cloud/land masked (raw_valid_in_bbox=0, ql_dist=None)
  n20 20260724_2200 … ✗ swath overlaps bbox but all pixels cloud/land masked (raw_valid_in_bbox=0, ql_dist=None)
  n20 20260724_2210 … ✗ swath overlaps bbox but all pixels cloud/land masked (raw_valid_in_bbox=0, ql_dist=None)
  n20 20260724_2250 … ✗ swath overlaps bbox but all pixels cloud/land masked (raw_valid_in_bbox=0, ql_dist=None)
  n20 20260724_2300 … ✗ swath overlaps bbox but all pixels cloud/land masked (raw_valid_in_bbox=0, ql_dist=None)
  n20 20260724_2310 … ✗ swath overlaps bbox but all pixels cloud/land masked (raw_valid_in_bbox=0, ql_dist=None)
  n20 20260724_2350 … ✗ swath overlaps bbox but all pixels cloud/land masked (raw_valid_in_bbox=0, ql_dist=None)
  n20 20260725_0000 … ✗ swath overlaps bbox but all pixels cloud/land masked (raw_valid_in_bbox=0, ql_dist=None)
  n20 20260725_0010 … ✗ swath overlaps bbox but all pixels cloud/land masked (raw_valid_in_bbox=0, ql_dist=None)
  n20 20260725_0050 … ✗ swath overlaps bbox but all pixels cloud/land masked (raw_valid_in_bbox=0, ql_dist=None)
  n20 20260725_0100 … ✗ swath overlaps bbox but all pixels cloud/land masked (raw_valid_in_bbox=0, ql_dist=None)
  n20 20260725_0110 … ✗ swath overlaps bbox but all pixels cloud/land masked (raw_valid_in_bbox=0, ql_dist=None)
  n20 20260725_0150 … ✗ swath overlaps bbox but all pixels cloud/land masked (raw_valid_in_bbox=0, ql_dist=None)
  n20 20260725_0200 … ✗ swath overlaps bbox but all pixels cloud/land masked (raw_valid_in_bbox=0, ql_dist=None)
  n20 20260725_0210 … ✗ swath overlaps bbox but all pixels cloud/land masked (raw_valid_in_bbox=0, ql_dist=None)
  n20 20260725_0250 … ✗ swath overlaps bbox but all pixels cloud/land masked (raw_valid_in_bbox=0, ql_dist=None)
  n20 20260725_0300 … ✗ swath overlaps bbox but all pixels cloud/land masked (raw_valid_in_bbox=0, ql_dist=None)
  n20 20260725_0310 … ✗ swath overlaps bbox but all pixels cloud/land masked (raw_valid_in_bbox=0, ql_dist=None)
  n20 20260725_0350 … ✗ swath overlaps bbox but all pixels cloud/land masked (raw_valid_in_bbox=0, ql_dist=None)
  n20 20260725_0400 … ✗ swath overlaps bbox but all pixels cloud/land masked (raw_valid_in_bbox=0, ql_dist=None)
  n20 20260725_0410 … ✗ swath overlaps bbox but all pixels cloud/land masked (raw_valid_in_bbox=0, ql_dist=None)
  n20 20260725_0450 … ✗ swath overlaps bbox but all pixels cloud/land masked (raw_valid_in_bbox=0, ql_dist=None)
  n20 20260725_0500 … ✗ swath overlaps bbox but all pixels cloud/land masked (raw_valid_in_bbox=0, ql_dist=None)
  n20 20260725_0510 … ✗ swath overlaps bbox but all pixels cloud/land masked (raw_valid_in_bbox=0, ql_dist=None)
  n20 20260725_0550 … ✗ swath overlaps bbox but all pixels cloud/land masked (raw_valid_in_bbox=0, ql_dist=None)
  n20 20260725_0600 … ✗ swath overlaps bbox but all pixels cloud/land masked (raw_valid_in_bbox=0, ql_dist=None)
  n20 20260725_0610 … ✗ swath overlaps bbox but all pixels cloud/land masked (raw_valid_in_bbox=0, ql_dist=None)
  n20 20260725_0650 … ✗ swath overlaps bbox but all pixels cloud/land masked (raw_valid_in_bbox=0, ql_dist=None)
  n20 20260725_0700 … ✗ swath overlaps bbox but all pixels cloud/land masked (raw_valid_in_bbox=0, ql_dist=None)
  n20 20260725_0710 ✓ (cached)
  n20 20260725_0750 … ✗ swath overlaps bbox but all pixels cloud/land masked (raw_valid_in_bbox=0, ql_dist=None)
  n20 20260725_0800 … ✗ swath overlaps bbox but all pixels cloud/land masked (raw_valid_in_bbox=0, ql_dist=None)
  n20 20260725_0810 … ✗ swath overlaps bbox but all pixels cloud/land masked (raw_valid_in_bbox=0, ql_dist=None)
  n20 20260725_0850 … ✗ swath overlaps bbox but all pixels cloud/land masked (raw_valid_in_bbox=0, ql_dist=None)
  n20 20260725_0900 … ✗ swath overlaps bbox but all pixels cloud/land masked (raw_valid_in_bbox=0, ql_dist=None)
  n20 20260725_0910 … ✗ swath overlaps bbox but all pixels cloud/land masked (raw_valid_in_bbox=0, ql_dist=None)
  n20 20260725_0950 … ✗ swath overlaps bbox but all pixels cloud/land masked (raw_valid_in_bbox=0, ql_dist=None)
  n20 20260725_1000 … ✗ swath overlaps bbox but all pixels cloud/land masked (raw_valid_in_bbox=0, ql_dist=None)
  n20 20260725_1010 … ✗ swath overlaps bbox but all pixels cloud/land masked (raw_valid_in_bbox=0, ql_dist=None)
  n20 20260725_1050 … ✗ swath overlaps bbox but all pixels cloud/land masked (raw_valid_in_bbox=0, ql_dist=None)
  n20 20260725_1100 … ✗ swath overlaps bbox but all pixels cloud/land masked (raw_valid_in_bbox=0, ql_dist=None)
  n20 20260725_1110 … ✗ swath overlaps bbox but all pixels cloud/land masked (raw_valid_in_bbox=0, ql_dist=None)
  n20 20260725_1150 … ✗ swath overlaps bbox but all pixels cloud/land masked (raw_valid_in_bbox=0, ql_dist=None)
  n20 20260725_1200 … ✗ swath overlaps bbox but all pixels cloud/land masked (raw_valid_in_bbox=0, ql_dist=None)
  n20 20260725_1210 … ✗ swath overlaps bbox but all pixels cloud/land masked (raw_valid_in_bbox=0, ql_dist=None)
  n20 20260725_1250 … ✗ swath overlaps bbox but all pixels cloud/land masked (raw_valid_in_bbox=0, ql_dist=None)
  n20 20260725_1300 … ✗ swath overlaps bbox but all pixels cloud/land masked (raw_valid_in_bbox=0, ql_dist=None)
  n20 20260725_1310 … ✗ swath overlaps bbox but all pixels cloud/land masked (raw_valid_in_bbox=0, ql_dist=None)
  n20 20260725_1350 … ✗ swath overlaps bbox but all pixels cloud/land masked (raw_valid_in_bbox=0, ql_dist=None)
  n20 20260725_1400 … ✗ swath overlaps bbox but all pixels cloud/land masked (raw_valid_in_bbox=0, ql_dist=None)
  n20 20260725_1410 … ✗ swath overlaps bbox but all pixels cloud/land masked (raw_valid_in_bbox=0, ql_dist=None)
  n20 20260725_1450 … ✗ swath overlaps bbox but all pixels cloud/land masked (raw_valid_in_bbox=0, ql_dist=None)
  n20 20260725_1500 … ✗ swath overlaps bbox but all pixels cloud/land masked (raw_valid_in_bbox=0, ql_dist=None)
  n20 20260725_1510 … ✗ swath overlaps bbox but all pixels cloud/land masked (raw_valid_in_bbox=0, ql_dist=None)
  n20 20260725_1550 … ✗ swath overlaps bbox but all pixels cloud/land masked (raw_valid_in_bbox=0, ql_dist=None)
  n20 20260725_1600 … ✗ swath overlaps bbox but all pixels cloud/land masked (raw_valid_in_bbox=0, ql_dist=None)
  n20 20260725_1610 … ✗ swath overlaps bbox but all pixels cloud/land masked (raw_valid_in_bbox=0, ql_dist=None)
  n20 20260725_1650 … ✗ swath overlaps bbox but all pixels cloud/land masked (raw_valid_in_bbox=0, ql_dist=None)
  n20 20260725_1700 … ✗ swath overlaps bbox but all pixels cloud/land masked (raw_valid_in_bbox=0, ql_dist=None)
  n20 20260725_1710 … ✗ swath overlaps bbox but all pixels cloud/land masked (raw_valid_in_bbox=0, ql_dist=None)
  n20 20260725_1750 … ✗ swath overlaps bbox but all pixels cloud/land masked (raw_valid_in_bbox=0, ql_dist=None)
  n20 20260725_1800 … ✗ swath overlaps bbox but all pixels cloud/land masked (raw_valid_in_bbox=0, ql_dist=None)
  n20 20260725_1810 … ✗ swath overlaps bbox but all pixels cloud/land masked (raw_valid_in_bbox=0, ql_dist=None)
  n20 20260725_1850 … ✗ swath overlaps bbox but all pixels cloud/land masked (raw_valid_in_bbox=0, ql_dist=None)
  n20 20260725_1900 … ✗ swath overlaps bbox but all pixels cloud/land masked (raw_valid_in_bbox=0, ql_dist=None)
  n20 20260725_1910 … ✗ swath overlaps bbox but all pixels cloud/land masked (raw_valid_in_bbox=0, ql_dist=None)
  n20 20260725_1950 … ✗ swath overlaps bbox but all pixels cloud/land masked (raw_valid_in_bbox=0, ql_dist=None)
  n20 20260725_2000 … ✗ swath overlaps bbox but all pixels cloud/land masked (raw_valid_in_bbox=0, ql_dist=None)
  n20 20260725_2010 … ✗ swath overlaps bbox but all pixels cloud/land masked (raw_valid_in_bbox=0, ql_dist=None)
  n20 20260725_2050 … ✗ swath overlaps bbox but all pixels cloud/land masked (raw_valid_in_bbox=0, ql_dist=None)
  n20 20260725_2100 … ✗ swath overlaps bbox but all pixels cloud/land masked (raw_valid_in_bbox=0, ql_dist=None)
  n20 20260725_2110 … ✗ swath overlaps bbox but all pixels cloud/land masked (raw_valid_in_bbox=0, ql_dist=None)
  n20 20260725_2150 … ✗ swath overlaps bbox but all pixels cloud/land masked (raw_valid_in_bbox=0, ql_dist=None)
  n20 20260725_2200 … ✗ swath overlaps bbox but all pixels cloud/land masked (raw_valid_in_bbox=0, ql_dist=None)
  n20 20260725_2210 … ✗ swath overlaps bbox but all pixels cloud/land masked (raw_valid_in_bbox=0, ql_dist=None)
  n20 20260725_2250 … ✗ swath overlaps bbox but all pixels cloud/land masked (raw_valid_in_bbox=0, ql_dist=None)
  n20 20260725_2300 … ✗ swath overlaps bbox but all pixels cloud/land masked (raw_valid_in_bbox=0, ql_dist=None)
  n20 20260725_2310 … ✗ swath overlaps bbox but all pixels cloud/land masked (raw_valid_in_bbox=0, ql_dist=None)
  n20 20260725_2350 … ✗ swath overlaps bbox but all pixels cloud/land masked (raw_valid_in_bbox=0, ql_dist=None)
  n20 20260726_0000 … ✗ swath overlaps bbox but all pixels cloud/land masked (raw_valid_in_bbox=0, ql_dist=None)
  n20 20260726_0010 … ✗ swath overlaps bbox but all pixels cloud/land masked (raw_valid_in_bbox=0, ql_dist=None)
  n20 20260726_0050 … ✗ swath overlaps bbox but all pixels cloud/land masked (raw_valid_in_bbox=0, ql_dist=None)
  n20 20260726_0100 … ✗ swath overlaps bbox but all pixels cloud/land masked (raw_valid_in_bbox=0, ql_dist=None)
  n20 20260726_0110 … ✗ swath overlaps bbox but all pixels cloud/land masked (raw_valid_in_bbox=0, ql_dist=None)
  n20 20260726_0150 … ✗ swath overlaps bbox but all pixels cloud/land masked (raw_valid_in_bbox=0, ql_dist=None)
  n20 20260726_0200 … ✗ swath overlaps bbox but all pixels cloud/land masked (raw_valid_in_bbox=0, ql_dist=None)
  n20 20260726_0210 … ✗ swath overlaps bbox but all pixels cloud/land masked (raw_valid_in_bbox=0, ql_dist=None)
  n20 20260726_0250 … ✗ swath overlaps bbox but all pixels cloud/land masked (raw_valid_in_bbox=0, ql_dist=None)
  n20 20260726_0300 … ✗ swath overlaps bbox but all pixels cloud/land masked (raw_valid_in_bbox=0, ql_dist=None)
  n20 20260726_0310 … ✗ swath overlaps bbox but all pixels cloud/land masked (raw_valid_in_bbox=0, ql_dist=None)
  n20 20260726_0350 … ✗ swath overlaps bbox but all pixels cloud/land masked (raw_valid_in_bbox=0, ql_dist=None)
  n20 20260726_0400 … ✗ swath overlaps bbox but all pixels cloud/land masked (raw_valid_in_bbox=0, ql_dist=None)
  n20 20260726_0410 … ✗ swath overlaps bbox but all pixels cloud/land masked (raw_valid_in_bbox=0, ql_dist=None)
  n21 20260724_0550 … ✗ swath overlaps bbox but all pixels cloud/land masked (raw_valid_in_bbox=0, ql_dist=None)
  n21 20260724_0600 … ✗ swath overlaps bbox but all pixels cloud/land masked (raw_valid_in_bbox=0, ql_dist=None)
  n21 20260724_0610 … ✗ swath overlaps bbox but all pixels cloud/land masked (raw_valid_in_bbox=0, ql_dist=None)
  n21 20260724_0650 … ✗ swath overlaps bbox but all pixels cloud/land masked (raw_valid_in_bbox=0, ql_dist=None)
  n21 20260724_0700 … ✗ swath overlaps bbox but all pixels cloud/land masked (raw_valid_in_bbox=0, ql_dist=None)
  n21 20260724_0710 … ✗ swath overlaps bbox but all pixels cloud/land masked (raw_valid_in_bbox=0, ql_dist=None)
  n21 20260724_0750 … ✗ swath overlaps bbox but all pixels cloud/land masked (raw_valid_in_bbox=0, ql_dist=None)
  n21 20260724_0800 … ✗ swath overlaps bbox but all pixels cloud/land masked (raw_valid_in_bbox=0, ql_dist=None)
  n21 20260724_0810 … ✗ swath overlaps bbox but all pixels cloud/land masked (raw_valid_in_bbox=0, ql_dist=None)
  n21 20260724_0850 … ✗ swath overlaps bbox but all pixels cloud/land masked (raw_valid_in_bbox=0, ql_dist=None)
  n21 20260724_0900 … ✗ swath overlaps bbox but all pixels cloud/land masked (raw_valid_in_bbox=0, ql_dist=None)
  n21 20260724_0910 … ✗ swath overlaps bbox but all pixels cloud/land masked (raw_valid_in_bbox=0, ql_dist=None)
  n21 20260724_0950 … ✗ swath overlaps bbox but all pixels cloud/land masked (raw_valid_in_bbox=0, ql_dist=None)
  n21 20260724_1000 … ✗ swath overlaps bbox but all pixels cloud/land masked (raw_valid_in_bbox=0, ql_dist=None)
  n21 20260724_1010 … ✗ swath overlaps bbox but all pixels cloud/land masked (raw_valid_in_bbox=0, ql_dist=None)
  n21 20260724_1050 … ✗ swath overlaps bbox but all pixels cloud/land masked (raw_valid_in_bbox=0, ql_dist=None)
  n21 20260724_1100 … ✗ swath overlaps bbox but all pixels cloud/land masked (raw_valid_in_bbox=0, ql_dist=None)
  n21 20260724_1110 … ✗ swath overlaps bbox but all pixels cloud/land masked (raw_valid_in_bbox=0, ql_dist=None)
  n21 20260724_1150 … ✗ swath overlaps bbox but all pixels cloud/land masked (raw_valid_in_bbox=0, ql_dist=None)
  n21 20260724_1200 … ✗ swath overlaps bbox but all pixels cloud/land masked (raw_valid_in_bbox=0, ql_dist=None)
  n21 20260724_1210 … ✗ swath overlaps bbox but all pixels cloud/land masked (raw_valid_in_bbox=0, ql_dist=None)
  n21 20260724_1250 … ✗ swath overlaps bbox but all pixels cloud/land masked (raw_valid_in_bbox=0, ql_dist=None)
  n21 20260724_1300 … ✗ swath overlaps bbox but all pixels cloud/land masked (raw_valid_in_bbox=0, ql_dist=None)
  n21 20260724_1310 … ✗ swath overlaps bbox but all pixels cloud/land masked (raw_valid_in_bbox=0, ql_dist=None)
  n21 20260724_1350 … ✗ swath overlaps bbox but all pixels cloud/land masked (raw_valid_in_bbox=0, ql_dist=None)
  n21 20260724_1400 … ✗ swath overlaps bbox but all pixels cloud/land masked (raw_valid_in_bbox=0, ql_dist=None)
  n21 20260724_1410 … ✗ swath overlaps bbox but all pixels cloud/land masked (raw_valid_in_bbox=0, ql_dist=None)
  n21 20260724_1450 … ✗ swath overlaps bbox but all pixels cloud/land masked (raw_valid_in_bbox=0, ql_dist=None)
  n21 20260724_1500 … ✗ swath overlaps bbox but all pixels cloud/land masked (raw_valid_in_bbox=0, ql_dist=None)
  n21 20260724_1510 … ✗ swath overlaps bbox but all pixels cloud/land masked (raw_valid_in_bbox=0, ql_dist=None)
  n21 20260724_1550 … ✗ swath overlaps bbox but all pixels cloud/land masked (raw_valid_in_bbox=0, ql_dist=None)
  n21 20260724_1600 … ✗ swath overlaps bbox but all pixels cloud/land masked (raw_valid_in_bbox=0, ql_dist=None)
  n21 20260724_1610 … ✗ swath overlaps bbox but all pixels cloud/land masked (raw_valid_in_bbox=0, ql_dist=None)
  n21 20260724_1650 … ✗ swath overlaps bbox but all pixels cloud/land masked (raw_valid_in_bbox=0, ql_dist=None)
  n21 20260724_1700 … ✗ swath overlaps bbox but all pixels cloud/land masked (raw_valid_in_bbox=0, ql_dist=None)
  n21 20260724_1710 … ✗ swath overlaps bbox but all pixels cloud/land masked (raw_valid_in_bbox=0, ql_dist=None)
  n21 20260724_1750 ✓ (cached)
  n21 20260724_1800 … ✗ swath overlaps bbox but all pixels cloud/land masked (raw_valid_in_bbox=0, ql_dist=None)
  n21 20260724_1810 … ✗ swath overlaps bbox but all pixels cloud/land masked (raw_valid_in_bbox=0, ql_dist=None)
  n21 20260724_1850 … ✗ swath overlaps bbox but all pixels cloud/land masked (raw_valid_in_bbox=0, ql_dist=None)
  n21 20260724_1900 … ✗ swath overlaps bbox but all pixels cloud/land masked (raw_valid_in_bbox=0, ql_dist=None)
  n21 20260724_1910 … ✗ swath overlaps bbox but all pixels cloud/land masked (raw_valid_in_bbox=0, ql_dist=None)
  n21 20260724_1950 … ✗ swath overlaps bbox but all pixels cloud/land masked (raw_valid_in_bbox=0, ql_dist=None)
  n21 20260724_2000 … ✗ swath overlaps bbox but all pixels cloud/land masked (raw_valid_in_bbox=0, ql_dist=None)
  n21 20260724_2010 … ✗ swath overlaps bbox but all pixels cloud/land masked (raw_valid_in_bbox=0, ql_dist=None)
  n21 20260724_2050 … ✗ swath overlaps bbox but all pixels cloud/land masked (raw_valid_in_bbox=0, ql_dist=None)
  n21 20260724_2100 … ✗ swath overlaps bbox but all pixels cloud/land masked (raw_valid_in_bbox=0, ql_dist=None)
  n21 20260724_2110 … ✗ swath overlaps bbox but all pixels cloud/land masked (raw_valid_in_bbox=0, ql_dist=None)
  n21 20260724_2150 … ✗ swath overlaps bbox but all pixels cloud/land masked (raw_valid_in_bbox=0, ql_dist=None)
  n21 20260724_2200 … ✗ swath overlaps bbox but all pixels cloud/land masked (raw_valid_in_bbox=0, ql_dist=None)
  n21 20260724_2210 … ✗ swath overlaps bbox but all pixels cloud/land masked (raw_valid_in_bbox=0, ql_dist=None)
  n21 20260724_2250 … ✗ swath overlaps bbox but all pixels cloud/land masked (raw_valid_in_bbox=0, ql_dist=None)
  n21 20260724_2300 … ✗ swath overlaps bbox but all pixels cloud/land masked (raw_valid_in_bbox=0, ql_dist=None)
  n21 20260724_2310 … ✗ swath overlaps bbox but all pixels cloud/land masked (raw_valid_in_bbox=0, ql_dist=None)
  n21 20260724_2350 … ✗ swath overlaps bbox but all pixels cloud/land masked (raw_valid_in_bbox=0, ql_dist=None)
  n21 20260725_0000 … ✗ swath overlaps bbox but all pixels cloud/land masked (raw_valid_in_bbox=0, ql_dist=None)
  n21 20260725_0010 … ✗ swath overlaps bbox but all pixels cloud/land masked (raw_valid_in_bbox=0, ql_dist=None)
  n21 20260725_0050 … ✗ swath overlaps bbox but all pixels cloud/land masked (raw_valid_in_bbox=0, ql_dist=None)
  n21 20260725_0100 … ✗ swath overlaps bbox but all pixels cloud/land masked (raw_valid_in_bbox=0, ql_dist=None)
  n21 20260725_0110 … ✗ swath overlaps bbox but all pixels cloud/land masked (raw_valid_in_bbox=0, ql_dist=None)
  n21 20260725_0150 … ✗ swath overlaps bbox but all pixels cloud/land masked (raw_valid_in_bbox=0, ql_dist=None)
  n21 20260725_0200 … ✗ swath overlaps bbox but all pixels cloud/land masked (raw_valid_in_bbox=0, ql_dist=None)
  n21 20260725_0210 … ✗ swath overlaps bbox but all pixels cloud/land masked (raw_valid_in_bbox=0, ql_dist=None)
  n21 20260725_0250 … ✗ swath overlaps bbox but all pixels cloud/land masked (raw_valid_in_bbox=0, ql_dist=None)
  n21 20260725_0300 … ✗ swath overlaps bbox but all pixels cloud/land masked (raw_valid_in_bbox=0, ql_dist=None)
  n21 20260725_0310 … ✗ swath overlaps bbox but all pixels cloud/land masked (raw_valid_in_bbox=0, ql_dist=None)
  n21 20260725_0350 … ✗ swath overlaps bbox but all pixels cloud/land masked (raw_valid_in_bbox=0, ql_dist=None)
  n21 20260725_0400 … ✗ swath overlaps bbox but all pixels cloud/land masked (raw_valid_in_bbox=0, ql_dist=None)
  n21 20260725_0410 … ✗ swath overlaps bbox but all pixels cloud/land masked (raw_valid_in_bbox=0, ql_dist=None)
  n21 20260725_0450 … ✗ swath overlaps bbox but all pixels cloud/land masked (raw_valid_in_bbox=0, ql_dist=None)
  n21 20260725_0500 … ✗ swath overlaps bbox but all pixels cloud/land masked (raw_valid_in_bbox=0, ql_dist=None)
  n21 20260725_0510 … ✗ swath overlaps bbox but all pixels cloud/land masked (raw_valid_in_bbox=0, ql_dist=None)
  n21 20260725_0550 … ✗ swath overlaps bbox but all pixels cloud/land masked (raw_valid_in_bbox=0, ql_dist=None)
  n21 20260725_0600 … ✗ swath overlaps bbox but all pixels cloud/land masked (raw_valid_in_bbox=0, ql_dist=None)
  n21 20260725_0610 … ✗ swath overlaps bbox but all pixels cloud/land masked (raw_valid_in_bbox=0, ql_dist=None)
  n21 20260725_0650 … ✗ swath overlaps bbox but all pixels cloud/land masked (raw_valid_in_bbox=0, ql_dist=None)
  n21 20260725_0700 … ✗ swath overlaps bbox but all pixels cloud/land masked (raw_valid_in_bbox=0, ql_dist=None)
  n21 20260725_0710 … ✗ swath overlaps bbox but all pixels cloud/land masked (raw_valid_in_bbox=0, ql_dist=None)
  n21 20260725_0750 … ✗ swath overlaps bbox but all pixels cloud/land masked (raw_valid_in_bbox=0, ql_dist=None)
  n21 20260725_0800 ✓ (cached)
  n21 20260725_0810 … ✗ swath overlaps bbox but all pixels cloud/land masked (raw_valid_in_bbox=0, ql_dist=None)
  n21 20260725_0850 … ✗ swath overlaps bbox but all pixels cloud/land masked (raw_valid_in_bbox=0, ql_dist=None)
  n21 20260725_0900 … ✗ swath overlaps bbox but all pixels cloud/land masked (raw_valid_in_bbox=0, ql_dist=None)
  n21 20260725_0910 … ✗ swath overlaps bbox but all pixels cloud/land masked (raw_valid_in_bbox=0, ql_dist=None)
  n21 20260725_0950 … ✗ swath overlaps bbox but all pixels cloud/land masked (raw_valid_in_bbox=0, ql_dist=None)
  n21 20260725_1000 … ✗ swath overlaps bbox but all pixels cloud/land masked (raw_valid_in_bbox=0, ql_dist=None)
  n21 20260725_1010 … ✗ swath overlaps bbox but all pixels cloud/land masked (raw_valid_in_bbox=0, ql_dist=None)
  n21 20260725_1050 … ✗ swath overlaps bbox but all pixels cloud/land masked (raw_valid_in_bbox=0, ql_dist=None)
  n21 20260725_1100 … ✗ swath overlaps bbox but all pixels cloud/land masked (raw_valid_in_bbox=0, ql_dist=None)
  n21 20260725_1110 … ✗ swath overlaps bbox but all pixels cloud/land masked (raw_valid_in_bbox=0, ql_dist=None)
  n21 20260725_1150 … ✗ swath overlaps bbox but all pixels cloud/land masked (raw_valid_in_bbox=0, ql_dist=None)
  n21 20260725_1200 … ✗ swath overlaps bbox but all pixels cloud/land masked (raw_valid_in_bbox=0, ql_dist=None)
  n21 20260725_1210 … ✗ swath overlaps bbox but all pixels cloud/land masked (raw_valid_in_bbox=0, ql_dist=None)
  n21 20260725_1250 … ✗ swath overlaps bbox but all pixels cloud/land masked (raw_valid_in_bbox=0, ql_dist=None)
  n21 20260725_1300 … ✗ swath overlaps bbox but all pixels cloud/land masked (raw_valid_in_bbox=0, ql_dist=None)
  n21 20260725_1310 … ✗ swath overlaps bbox but all pixels cloud/land masked (raw_valid_in_bbox=0, ql_dist=None)
  n21 20260725_1350 … ✗ swath overlaps bbox but all pixels cloud/land masked (raw_valid_in_bbox=0, ql_dist=None)
  n21 20260725_1400 … 