========================================
RUNNING REGION: mid_atlantic
========================================
=========================================================
SST PIPELINE
  UTC    : 2026-07-21 20:23:12
  Region : mid_atlantic
  Bbox   : 33.7–39.0°N  -78.89–-72.21°E
  Output : DailySSTData/MUR  (and siblings)
=========================================================

── MUR daily composite (last 5 days) ──
  ✓ MUR 20260720 (cached)
  ✓ MUR 20260719 (cached)
  ✓ MUR 20260718 (cached)
  ✓ MUR 20260717 (cached)
  ✓ MUR 20260716 (cached)

── GOES-19 geo-polar blended daily composite ──
  Candidates: 4 (2 hosts × 2 dataset IDs)
  GOES 20260721 [noaa/noaacwBLENDEDsstDLDaily] … ✗ RuntimeError: 404 — no data for this date
  GOES 20260721 [noaa/noaacwBLENDEDsstDaily] … ✗ RuntimeError: 404 — no data for this date
  GOES 20260721 [pfeg/noaacwBLENDEDsstDLDaily] … ✗ RuntimeError: 404 — no data for this date
  GOES 20260721 [pfeg/noaacwBLENDEDsstDaily] … ✗ RuntimeError: 404 — no data for this date
  GOES 20260720 [noaa/noaacwBLENDEDsstDLDaily] … ✗ RuntimeError: 404 — no data for this date
  GOES 20260720 [noaa/noaacwBLENDEDsstDaily] … ✗ RuntimeError: 404 — no data for this date
  GOES 20260720 [pfeg/noaacwBLENDEDsstDLDaily] … ✗ RuntimeError: 404 — no data for this date
  GOES 20260720 [pfeg/noaacwBLENDEDsstDaily] … ✗ RuntimeError: 404 — no data for this date
  ✓ GOES composite 20260719 (cached)

── VIIRS multi-pass (last 48h — NPP/N20/N21) ──
  ✓ VIIRS NRT base: https://www.star.nesdis.noaa.gov/pub/socd2/coastwatch/sst/nrt/viirs
  Hourly windows : 48
  Window range   : 2026-07-19 20:50Z → 2026-07-21 20:10Z
  Half-width     : ±10 min per bucket
  npp 20260720_1950 … ✗ swath overlaps bbox but all pixels cloud/land masked (raw_valid_in_bbox=0, ql_dist=None)
  npp 20260720_2000 … ✗ swath overlaps bbox but all pixels cloud/land masked (raw_valid_in_bbox=0, ql_dist=None)
  npp 20260720_2010 … ✗ swath overlaps bbox but all pixels cloud/land masked (raw_valid_in_bbox=0, ql_dist=None)
  npp 20260720_2050 … ✗ swath overlaps bbox but all pixels cloud/land masked (raw_valid_in_bbox=0, ql_dist=None)
  npp 20260720_2100 … ✗ swath overlaps bbox but all pixels cloud/land masked (raw_valid_in_bbox=0, ql_dist=None)
  npp 20260720_2110 … ✗ swath overlaps bbox but all pixels cloud/land masked (raw_valid_in_bbox=0, ql_dist=None)
  npp 20260720_2150 … ✗ swath overlaps bbox but all pixels cloud/land masked (raw_valid_in_bbox=0, ql_dist=None)
  npp 20260720_2200 … ✗ swath overlaps bbox but all pixels cloud/land masked (raw_valid_in_bbox=0, ql_dist=None)
  npp 20260720_2210 … ✗ swath overlaps bbox but all pixels cloud/land masked (raw_valid_in_bbox=0, ql_dist=None)
  npp 20260720_2250 … ✗ swath overlaps bbox but all pixels cloud/land masked (raw_valid_in_bbox=0, ql_dist=None)
  npp 20260720_2300 … ✗ swath overlaps bbox but all pixels cloud/land masked (raw_valid_in_bbox=0, ql_dist=None)
  npp 20260720_2310 … ✗ swath overlaps bbox but all pixels cloud/land masked (raw_valid_in_bbox=0, ql_dist=None)
  npp 20260720_2350 … ✗ swath overlaps bbox but all pixels cloud/land masked (raw_valid_in_bbox=0, ql_dist=None)
  npp 20260721_0000 … ✗ swath overlaps bbox but all pixels cloud/land masked (raw_valid_in_bbox=0, ql_dist=None)
  npp 20260721_0010 … ✗ swath overlaps bbox but all pixels cloud/land masked (raw_valid_in_bbox=0, ql_dist=None)
  npp 20260721_0050 … ✗ swath overlaps bbox but all pixels cloud/land masked (raw_valid_in_bbox=0, ql_dist=None)
  npp 20260721_0100 … ✗ swath overlaps bbox but all pixels cloud/land masked (raw_valid_in_bbox=0, ql_dist=None)
  npp 20260721_0110 … ✗ swath overlaps bbox but all pixels cloud/land masked (raw_valid_in_bbox=0, ql_dist=None)
  npp 20260721_0150 … ✗ swath overlaps bbox but all pixels cloud/land masked (raw_valid_in_bbox=0, ql_dist=None)
  npp 20260721_0200 … ✗ swath overlaps bbox but all pixels cloud/land masked (raw_valid_in_bbox=0, ql_dist=None)
  npp 20260721_0210 … ✗ swath overlaps bbox but all pixels cloud/land masked (raw_valid_in_bbox=0, ql_dist=None)
  npp 20260721_0250 … ✗ swath overlaps bbox but all pixels cloud/land masked (raw_valid_in_bbox=0, ql_dist=None)
  npp 20260721_0300 … ✗ swath overlaps bbox but all pixels cloud/land masked (raw_valid_in_bbox=0, ql_dist=None)
  npp 20260721_0310 … ✗ swath overlaps bbox but all pixels cloud/land masked (raw_valid_in_bbox=0, ql_dist=None)
  npp 20260721_0350 … ✗ swath overlaps bbox but all pixels cloud/land masked (raw_valid_in_bbox=0, ql_dist=None)
  npp 20260721_0400 … ✗ swath overlaps bbox but all pixels cloud/land masked (raw_valid_in_bbox=0, ql_dist=None)
  npp 20260721_0410 … ✗ swath overlaps bbox but all pixels cloud/land masked (raw_valid_in_bbox=0, ql_dist=None)
  npp 20260721_0450 … ✗ swath overlaps bbox but all pixels cloud/land masked (raw_valid_in_bbox=0, ql_dist=None)
  npp 20260721_0500 … ✗ swath overlaps bbox but all pixels cloud/land masked (raw_valid_in_bbox=0, ql_dist=None)
  npp 20260721_0510 … ✗ swath overlaps bbox but all pixels cloud/land masked (raw_valid_in_bbox=0, ql_dist=None)
  npp 20260721_0550 … ✗ swath overlaps bbox but all pixels cloud/land masked (raw_valid_in_bbox=0, ql_dist=None)
  npp 20260721_0600 … ✗ swath overlaps bbox but all pixels cloud/land masked (raw_valid_in_bbox=0, ql_dist=None)
  npp 20260721_0610 … ✗ swath overlaps bbox but all pixels cloud/land masked (raw_valid_in_bbox=0, ql_dist=None)
  npp 20260721_0650 … ✗ swath overlaps bbox but all pixels cloud/land masked (raw_valid_in_bbox=0, ql_dist=None)
  npp 20260721_0700 … ✗ swath overlaps bbox but all pixels cloud/land masked (raw_valid_in_bbox=0, ql_dist=None)
  npp 20260721_0710 … ✗ swath overlaps bbox but all pixels cloud/land masked (raw_valid_in_bbox=0, ql_dist=None)
  npp 20260721_0750 … ✗ swath overlaps bbox but all pixels cloud/land masked (raw_valid_in_bbox=0, ql_dist=None)
  npp 20260721_0800 … ✗ swath overlaps bbox but all pixels cloud/land masked (raw_valid_in_bbox=0, ql_dist=None)
  npp 20260721_0810 ✓ (cached)
  npp 20260721_0850 … ✗ swath overlaps bbox but all pixels cloud/land masked (raw_valid_in_bbox=0, ql_dist=None)
  npp 20260721_0900 … ✗ swath overlaps bbox but all pixels cloud/land masked (raw_valid_in_bbox=0, ql_dist=None)
  npp 20260721_0910 … ✗ swath overlaps bbox but all pixels cloud/land masked (raw_valid_in_bbox=0, ql_dist=None)
  npp 20260721_0950 … ✗ swath overlaps bbox but all pixels cloud/land masked (raw_valid_in_bbox=0, ql_dist=None)
  npp 20260721_1000 … ✗ swath overlaps bbox but all pixels cloud/land masked (raw_valid_in_bbox=0, ql_dist=None)
  npp 20260721_1010 … ✗ swath overlaps bbox but all pixels cloud/land masked (raw_valid_in_bbox=0, ql_dist=None)
  npp 20260721_1050 … ✗ swath overlaps bbox but all pixels cloud/land masked (raw_valid_in_bbox=0, ql_dist=None)
  npp 20260721_1100 … ✗ swath overlaps bbox but all pixels cloud/land masked (raw_valid_in_bbox=0, ql_dist=None)
  npp 20260721_1110 … ✗ swath overlaps bbox but all pixels cloud/land masked (raw_valid_in_bbox=0, ql_dist=None)
  npp 20260721_1150 … ✗ swath overlaps bbox but all pixels cloud/land masked (raw_valid_in_bbox=0, ql_dist=None)
  npp 20260721_1200 … ✗ swath overlaps bbox but all pixels cloud/land masked (raw_valid_in_bbox=0, ql_dist=None)
  npp 20260721_1210 … ✗ swath overlaps bbox but all pixels cloud/land masked (raw_valid_in_bbox=0, ql_dist=None)
  npp 20260721_1250 … ✗ swath overlaps bbox but all pixels cloud/land masked (raw_valid_in_bbox=0, ql_dist=None)
  npp 20260721_1300 … ✗ swath overlaps bbox but all pixels cloud/land masked (raw_valid_in_bbox=0, ql_dist=None)
  npp 20260721_1310 … ✗ swath overlaps bbox but all pixels cloud/land masked (raw_valid_in_bbox=0, ql_dist=None)
  npp 20260721_1350 … ✗ swath overlaps bbox but all pixels cloud/land masked (raw_valid_in_bbox=0, ql_dist=None)
  npp 20260721_1400 … ✗ swath overlaps bbox but all pixels cloud/land masked (raw_valid_in_bbox=0, ql_dist=None)
  npp 20260721_1410 … ✗ swath overlaps bbox but all pixels cloud/land masked (raw_valid_in_bbox=0, ql_dist=None)
  npp 20260721_1450 … ✗ swath overlaps bbox but all pixels cloud/land masked (raw_valid_in_bbox=0, ql_dist=None)
  npp 20260721_1500 … ✗ swath overlaps bbox but all pixels cloud/land masked (raw_valid_in_bbox=0, ql_dist=None)
  npp 20260721_1510 … ✗ swath overlaps bbox but all pixels cloud/land masked (raw_valid_in_bbox=0, ql_dist=None)
  npp 20260721_1550 … ✗ swath overlaps bbox but all pixels cloud/land masked (raw_valid_in_bbox=0, ql_dist=None)
  npp 20260721_1600 … ✗ swath overlaps bbox but all pixels cloud/land masked (raw_valid_in_bbox=0, ql_dist=None)
  npp 20260721_1610 … ✗ swath overlaps bbox but all pixels cloud/land masked (raw_valid_in_bbox=0, ql_dist=None)
  npp 20260721_1650 … ✗ swath overlaps bbox but all pixels cloud/land masked (raw_valid_in_bbox=0, ql_dist=None)
  npp 20260721_1700 … ✗ swath overlaps bbox but all pixels cloud/land masked (raw_valid_in_bbox=0, ql_dist=None)
  npp 20260721_1710 … ✗ swath overlaps bbox but all pixels cloud/land masked (raw_valid_in_bbox=0, ql_dist=None)
  npp 20260721_1750 …   → DailySSTData/VIIRS/Passes/viirs_npp_20260721_1750.csv  (806 pts, 63 lats × 78 lons)
  npp 20260721_1800 … ✗ swath overlaps bbox but all pixels cloud/land masked (raw_valid_in_bbox=0, ql_dist=None)
  npp 20260721_1850 … ✗ swath overlaps bbox but all pixels cloud/land masked (raw_valid_in_bbox=0, ql_dist=None)
  npp 20260721_1900 … ✗ swath overlaps bbox but all pixels cloud/land masked (raw_valid_in_bbox=0, ql_dist=None)
  n20 20260719_2050 … ✗ swath overlaps bbox but all pixels cloud/land masked (raw_valid_in_bbox=0, ql_dist=None)
  n20 20260719_2100 … ✗ swath overlaps bbox but all pixels cloud/land masked (raw_valid_in_bbox=0, ql_dist=None)
  n20 20260719_2110 … ✗ swath overlaps bbox but all pixels cloud/land masked (raw_valid_in_bbox=0, ql_dist=None)
  n20 20260719_2150 … ✗ swath overlaps bbox but all pixels cloud/land masked (raw_valid_in_bbox=0, ql_dist=None)
  n20 20260719_2200 … ✗ swath overlaps bbox but all pixels cloud/land masked (raw_valid_in_bbox=0, ql_dist=None)
  n20 20260719_2210 … ✗ swath overlaps bbox but all pixels cloud/land masked (raw_valid_in_bbox=0, ql_dist=None)
  n20 20260719_2250 … ✗ swath overlaps bbox but all pixels cloud/land masked (raw_valid_in_bbox=0, ql_dist=None)
  n20 20260719_2300 … ✗ swath overlaps bbox but all pixels cloud/land masked (raw_valid_in_bbox=0, ql_dist=None)
  n20 20260719_2310 … ✗ swath overlaps bbox but all pixels cloud/land masked (raw_valid_in_bbox=0, ql_dist=None)
  n20 20260719_2350 … ✗ swath overlaps bbox but all pixels cloud/land masked (raw_valid_in_bbox=0, ql_dist=None)
  n20 20260720_0000 … ✗ swath overlaps bbox but all pixels cloud/land masked (raw_valid_in_bbox=0, ql_dist=None)
  n20 20260720_0010 … ✗ swath overlaps bbox but all pixels cloud/land masked (raw_valid_in_bbox=0, ql_dist=None)
  n20 20260720_0050 … ✗ swath overlaps bbox but all pixels cloud/land masked (raw_valid_in_bbox=0, ql_dist=None)
  n20 20260720_0100 … ✗ swath overlaps bbox but all pixels cloud/land masked (raw_valid_in_bbox=0, ql_dist=None)
  n20 20260720_0110 … ✗ swath overlaps bbox but all pixels cloud/land masked (raw_valid_in_bbox=0, ql_dist=None)
  n20 20260720_0150 … ✗ swath overlaps bbox but all pixels cloud/land masked (raw_valid_in_bbox=0, ql_dist=None)
  n20 20260720_0200 … ✗ swath overlaps bbox but all pixels cloud/land masked (raw_valid_in_bbox=0, ql_dist=None)
  n20 20260720_0210 … ✗ swath overlaps bbox but all pixels cloud/land masked (raw_valid_in_bbox=0, ql_dist=None)
  n20 20260720_0250 … ✗ swath overlaps bbox but all pixels cloud/land masked (raw_valid_in_bbox=0, ql_dist=None)
  n20 20260720_0300 … ✗ swath overlaps bbox but all pixels cloud/land masked (raw_valid_in_bbox=0, ql_dist=None)
  n20 20260720_0310 … ✗ swath overlaps bbox but all pixels cloud/land masked (raw_valid_in_bbox=0, ql_dist=None)
  n20 20260720_0350 … ✗ swath overlaps bbox but all pixels cloud/land masked (raw_valid_in_bbox=0, ql_dist=None)
  n20 20260720_0400 … ✗ swath overlaps bbox but all pixels cloud/land masked (raw_valid_in_bbox=0, ql_dist=None)
  n20 20260720_0410 … ✗ swath overlaps bbox but all pixels cloud/land masked (raw_valid_in_bbox=0, ql_dist=None)
  n20 20260720_0450 … ✗ swath overlaps bbox but all pixels cloud/land masked (raw_valid_in_bbox=0, ql_dist=None)
  n20 20260720_0500 … ✗ swath overlaps bbox but all pixels cloud/land masked (raw_valid_in_bbox=0, ql_dist=None)
  n20 20260720_0510 … ✗ swath overlaps bbox but all pixels cloud/land masked (raw_valid_in_bbox=0, ql_dist=None)
  n20 20260720_0550 … ✗ swath overlaps bbox but all pixels cloud/land masked (raw_valid_in_bbox=0, ql_dist=None)
  n20 20260720_0600 … ✗ swath overlaps bbox but all pixels cloud/land masked (raw_valid_in_bbox=0, ql_dist=None)
  n20 20260720_0610 … ✗ swath overlaps bbox but all pixels cloud/land masked (raw_valid_in_bbox=0, ql_dist=None)
  n20 20260720_0650 … ✗ swath overlaps bbox but all pixels cloud/land masked (raw_valid_in_bbox=0, ql_dist=None)
  n20 20260720_0700 ✓ (cached)
  n20 20260720_0710 ✓ (cached)
  n20 20260720_0750 … ✗ swath overlaps bbox but all pixels cloud/land masked (raw_valid_in_bbox=0, ql_dist=None)
  n20 20260720_0800 … ✗ swath overlaps bbox but all pixels cloud/land masked (raw_valid_in_bbox=0, ql_dist=None)
  n20 20260720_0810 … ✗ swath overlaps bbox but all pixels cloud/land masked (raw_valid_in_bbox=0, ql_dist=None)
  n20 20260720_0850 … ✗ swath overlaps bbox but all pixels cloud/land masked (raw_valid_in_bbox=0, ql_dist=None)
  n20 20260720_0900 … ✗ swath overlaps bbox but all pixels cloud/land masked (raw_valid_in_bbox=0, ql_dist=None)
  n20 20260720_0910 … ✗ swath overlaps bbox but all pixels cloud/land masked (raw_valid_in_bbox=0, ql_dist=None)
  n20 20260720_0950 … ✗ swath overlaps bbox but all pixels cloud/land masked (raw_valid_in_bbox=0, ql_dist=None)
  n20 20260720_1000 … ✗ swath overlaps bbox but all pixels cloud/land masked (raw_valid_in_bbox=0, ql_dist=None)
  n20 20260720_1010 … ✗ swath overlaps bbox but all pixels cloud/land masked (raw_valid_in_bbox=0, ql_dist=None)
  n20 20260720_1050 … ✗ swath overlaps bbox but all pixels cloud/land masked (raw_valid_in_bbox=0, ql_dist=None)
  n20 20260720_1100 … ✗ swath overlaps bbox but all pixels cloud/land masked (raw_valid_in_bbox=0, ql_dist=None)
  n20 20260720_1110 … ✗ swath overlaps bbox but all pixels cloud/land masked (raw_valid_in_bbox=0, ql_dist=None)
  n20 20260720_1150 … ✗ swath overlaps bbox but all pixels cloud/land masked (raw_valid_in_bbox=0, ql_dist=None)
  n20 20260720_1200 … ✗ swath overlaps bbox but all pixels cloud/land masked (raw_valid_in_bbox=0, ql_dist=None)
  n20 20260720_1210 … ✗ swath overlaps bbox but all pixels cloud/land masked (raw_valid_in_bbox=0, ql_dist=None)
  n20 20260720_1250 … ✗ swath overlaps bbox but all pixels cloud/land masked (raw_valid_in_bbox=0, ql_dist=None)
  n20 20260720_1300 … ✗ swath overlaps bbox but all pixels cloud/land masked (raw_valid_in_bbox=0, ql_dist=None)
  n20 20260720_1310 … ✗ swath overlaps bbox but all pixels cloud/land masked (raw_valid_in_bbox=0, ql_dist=None)
  n20 20260720_1350 … ✗ swath overlaps bbox but all pixels cloud/land masked (raw_valid_in_bbox=0, ql_dist=None)
  n20 20260720_1400 … ✗ swath overlaps bbox but all pixels cloud/land masked (raw_valid_in_bbox=0, ql_dist=None)
  n20 20260720_1410 … ✗ swath overlaps bbox but all pixels cloud/land masked (raw_valid_in_bbox=0, ql_dist=None)
  n20 20260720_1450 … ✗ swath overlaps bbox but all pixels cloud/land masked (raw_valid_in_bbox=0, ql_dist=None)
  n20 20260720_1500 … ✗ swath overlaps bbox but all pixels cloud/land masked (raw_valid_in_bbox=0, ql_dist=None)
  n20 20260720_1510 … ✗ swath overlaps bbox but all pixels cloud/land masked (raw_valid_in_bbox=0, ql_dist=None)
  n20 20260720_1550 … ✗ swath overlaps bbox but all pixels cloud/land masked (raw_valid_in_bbox=0, ql_dist=None)
  n20 20260720_1600 … ✗ swath overlaps bbox but all pixels cloud/land masked (raw_valid_in_bbox=0, ql_dist=None)
  n20 20260720_1610 … ✗ swath overlaps bbox but all pixels cloud/land masked (raw_valid_in_bbox=0, ql_dist=None)
  n20 20260720_1650 ✓ (cached)
  n20 20260720_1700 … ✗ swath overlaps bbox but all pixels cloud/land masked (raw_valid_in_bbox=0, ql_dist=None)
  n20 20260720_1710 … ✗ swath overlaps bbox but all pixels cloud/land masked (raw_valid_in_bbox=0, ql_dist=None)
  n20 20260720_1750 … ✗ swath overlaps bbox but all pixels cloud/land masked (raw_valid_in_bbox=0, ql_dist=None)
  n20 20260720_1800 … ✗ swath overlaps bbox but all pixels cloud/land masked (raw_valid_in_bbox=0, ql_dist=None)
  n20 20260720_1810 … ✗ swath overlaps bbox but all pixels cloud/land masked (raw_valid_in_bbox=0, ql_dist=None)
  n20 20260720_1850 … ✗ swath overlaps bbox but all pixels cloud/land masked (raw_valid_in_bbox=0, ql_dist=None)
  n20 20260720_1900 … ✗ swath overlaps bbox but all pixels cloud/land masked (raw_valid_in_bbox=0, ql_dist=None)
  n20 20260720_1910 … ✗ swath overlaps bbox but all pixels cloud/land masked (raw_valid_in_bbox=0, ql_dist=None)
  n20 20260720_1950 … ✗ swath overlaps bbox but all pixels cloud/land masked (raw_valid_in_bbox=0, ql_dist=None)
  n20 20260720_2000 … ✗ swath overlaps bbox but all pixels cloud/land masked (raw_valid_in_bbox=0, ql_dist=None)
  n20 20260720_2010 … ✗ swath overlaps bbox but all pixels cloud/land masked (raw_valid_in_bbox=0, ql_dist=None)
  n20 20260720_2050 … ✗ swath overlaps bbox but all pixels cloud/land masked (raw_valid_in_bbox=0, ql_dist=None)
  n20 20260720_2100 … ✗ swath overlaps bbox but all pixels cloud/land masked (raw_valid_in_bbox=0, ql_dist=None)
  n20 20260720_2110 … ✗ swath overlaps bbox but all pixels cloud/land masked (raw_valid_in_bbox=0, ql_dist=None)
  n20 20260720_2150 … ✗ swath overlaps bbox but all pixels cloud/land masked (raw_valid_in_bbox=0, ql_dist=None)
  n20 20260720_2200 … ✗ swath overlaps bbox but all pixels cloud/land masked (raw_valid_in_bbox=0, ql_dist=None)
  n20 20260720_2210 … ✗ swath overlaps bbox but all pixels cloud/land masked (raw_valid_in_bbox=0, ql_dist=None)
  n20 20260720_2250 … ✗ swath overlaps bbox but all pixels cloud/land masked (raw_valid_in_bbox=0, ql_dist=None)
  n20 20260720_2300 … ✗ swath overlaps bbox but all pixels cloud/land masked (raw_valid_in_bbox=0, ql_dist=None)
  n20 20260720_2310 … ✗ swath overlaps bbox but all pixels cloud/land masked (raw_valid_in_bbox=0, ql_dist=None)
  n20 20260720_2350 … ✗ swath overlaps bbox but all pixels cloud/land masked (raw_valid_in_bbox=0, ql_dist=None)
  n20 20260721_0000 … ✗ swath overlaps bbox but all pixels cloud/land masked (raw_valid_in_bbox=0, ql_dist=None)
  n20 20260721_0010 … ✗ swath overlaps bbox but all pixels cloud/land masked (raw_valid_in_bbox=0, ql_dist=None)
  n20 20260721_0050 … ✗ swath overlaps bbox but all pixels cloud/land masked (raw_valid_in_bbox=0, ql_dist=None)
  n20 20260721_0100 … ✗ swath overlaps bbox but all pixels cloud/land masked (raw_valid_in_bbox=0, ql_dist=None)
  n20 20260721_0110 … ✗ swath overlaps bbox but all pixels cloud/land masked (raw_valid_in_bbox=0, ql_dist=None)
  n20 20260721_0150 … ✗ swath overlaps bbox but all pixels cloud/land masked (raw_valid_in_bbox=0, ql_dist=None)
  n20 20260721_0200 … ✗ swath overlaps bbox but all pixels cloud/land masked (raw_valid_in_bbox=0, ql_dist=None)
  n20 20260721_0210 … ✗ swath overlaps bbox but all pixels cloud/land masked (raw_valid_in_bbox=0, ql_dist=None)
  n20 20260721_0250 … ✗ swath overlaps bbox but all pixels cloud/land masked (raw_valid_in_bbox=0, ql_dist=None)
  n20 20260721_0300 … ✗ swath overlaps bbox but all pixels cloud/land masked (raw_valid_in_bbox=0, ql_dist=None)
  n20 20260721_0310 … ✗ swath overlaps bbox but all pixels cloud/land masked (raw_valid_in_bbox=0, ql_dist=None)
  n20 20260721_0350 … ✗ swath overlaps bbox but all pixels cloud/land masked (raw_valid_in_bbox=0, ql_dist=None)
  n20 20260721_0400 … ✗ swath overlaps bbox but all pixels cloud/land masked (raw_valid_in_bbox=0, ql_dist=None)
  n20 20260721_0410 … ✗ swath overlaps bbox but all pixels cloud/land masked (raw_valid_in_bbox=0, ql_dist=None)
  n20 20260721_0450 … ✗ swath overlaps bbox but all pixels cloud/land masked (raw_valid_in_bbox=0, ql_dist=None)
  n20 20260721_0500 … ✗ swath overlaps bbox but all pixels cloud/land masked (raw_valid_in_bbox=0, ql_dist=None)
  n20 20260721_0510 … ✗ swath overlaps bbox but all pixels cloud/land masked (raw_valid_in_bbox=0, ql_dist=None)
  n20 20260721_0550 … ✗ swath overlaps bbox but all pixels cloud/land masked (raw_valid_in_bbox=0, ql_dist=None)
  n20 20260721_0600 … ✗ swath overlaps bbox but all pixels cloud/land masked (raw_valid_in_bbox=0, ql_dist=None)
  n20 20260721_0610 … ✗ swath overlaps bbox but all pixels cloud/land masked (raw_valid_in_bbox=0, ql_dist=None)
  n20 20260721_0650 ✓ (cached)
  n20 20260721_0700 … ✗ swath overlaps bbox but all pixels cloud/land masked (raw_valid_in_bbox=0, ql_dist=None)
  n20 20260721_0710 … ✗ swath overlaps bbox but all pixels cloud/land masked (raw_valid_in_bbox=0, ql_dist=None)
  n20 20260721_0750 … ✗ swath overlaps bbox but all pixels cloud/land masked (raw_valid_in_bbox=0, ql_dist=None)
  n20 20260721_0800 … ✗ swath overlaps bbox but all pixels cloud/land masked (raw_valid_in_bbox=0, ql_dist=None)
  n20 20260721_0810 … ✗ swath overlaps bbox but all pixels cloud/land masked (raw_valid_in_bbox=0, ql_dist=None)
  n20 20260721_0850 … ✗ swath overlaps bbox but all pixels cloud/land masked (raw_valid_in_bbox=0, ql_dist=None)
  n20 20260721_0900 … ✗ swath overlaps bbox but all pixels cloud/land masked (raw_valid_in_bbox=0, ql_dist=None)
  n20 20260721_0910 … ✗ swath overlaps bbox but all pixels cloud/land masked (raw_valid_in_bbox=0, ql_dist=None)
  n20 20260721_0950 … ✗ swath overlaps bbox but all pixels cloud/land masked (raw_valid_in_bbox=0, ql_dist=None)
  n20 20260721_1000 … ✗ swath overlaps bbox but all pixels cloud/land masked (raw_valid_in_bbox=0, ql_dist=None)
  n20 20260721_1010 … ✗ swath overlaps bbox but all pixels cloud/land masked (raw_valid_in_bbox=0, ql_dist=None)
  n20 20260721_1050 … ✗ swath overlaps bbox but all pixels cloud/land masked (raw_valid_in_bbox=0, ql_dist=None)
  n20 20260721_1100 … ✗ swath overlaps bbox but all pixels cloud/land masked (raw_valid_in_bbox=0, ql_dist=None)
  n20 20260721_1110 … ✗ swath overlaps bbox but all pixels cloud/land masked (raw_valid_in_bbox=0, ql_dist=None)
  n20 20260721_1150 … ✗ swath overlaps bbox but all pixels cloud/land masked (raw_valid_in_bbox=0, ql_dist=None)
  n20 20260721_1200 … ✗ swath overlaps bbox but all pixels cloud/land masked (raw_valid_in_bbox=0, ql_dist=None)
  n20 20260721_1210 … ✗ swath overlaps bbox but all pixels cloud/land masked (raw_valid_in_bbox=0, ql_dist=None)
  n20 20260721_1250 … ✗ swath overlaps bbox but all pixels cloud/land masked (raw_valid_in_bbox=0, ql_dist=None)
  n20 20260721_1300 … ✗ swath overlaps bbox but all pixels cloud/land masked (raw_valid_in_bbox=0, ql_dist=None)
  n20 20260721_1310 … ✗ swath overlaps bbox but all pixels cloud/land masked (raw_valid_in_bbox=0, ql_dist=None)
  n20 20260721_1350 … ✗ swath overlaps bbox but all pixels cloud/land masked (raw_valid_in_bbox=0, ql_dist=None)
  n20 20260721_1400 … ✗ swath overlaps bbox but all pixels cloud/land masked (raw_valid_in_bbox=0, ql_dist=None)
  n20 20260721_1410 … ✗ swath overlaps bbox but all pixels cloud/land masked (raw_valid_in_bbox=0, ql_dist=None)
  n20 20260721_1450 … ✗ swath overlaps bbox but all pixels cloud/land masked (raw_valid_in_bbox=0, ql_dist=None)
  n20 20260721_1500 … ✗ swath overlaps bbox but all pixels cloud/land masked (raw_valid_in_bbox=0, ql_dist=None)
  n20 20260721_1510 … ✗ swath overlaps bbox but all pixels cloud/land masked (raw_valid_in_bbox=0, ql_dist=None)
  n20 20260721_1550 … ✗ swath overlaps bbox but all pixels cloud/land masked (raw_valid_in_bbox=0, ql_dist=None)
  n20 20260721_1600 … ✗ swath overlaps bbox but all pixels cloud/land masked (raw_valid_in_bbox=0, ql_dist=None)
  n20 20260721_1610 … ✗ swath overlaps bbox but all pixels cloud/land masked (raw_valid_in_bbox=0, ql_dist=None)
  n20 20260721_1650 … ✗ swath overlaps bbox but all pixels cloud/land masked (raw_valid_in_bbox=0, ql_dist=None)
  n20 20260721_1700 … ✗ swath overlaps bbox but all pixels cloud/land masked (raw_valid_in_bbox=0, ql_dist=None)
  n20 20260721_1710 … ✗ swath overlaps bbox but all pixels cloud/land masked (raw_valid_in_bbox=0, ql_dist=None)
  n20 20260721_1750 … ✗ swath overlaps bbox but all pixels cloud/land masked (raw_valid_in_bbox=0, ql_dist=None)
  n20 20260721_1800 … ✗ swath overlaps bbox but all pixels cloud/land masked (raw_valid_in_bbox=0, ql_dist=None)
  n20 20260721_1810 …   → DailySSTData/VIIRS/Passes/viirs_n20_20260721_1810.csv  (1156 pts, 83 lats × 110 lons)
  n20 20260721_1850 … ✗ swath overlaps bbox but all pixels cloud/land masked (raw_valid_in_bbox=0, ql_dist=None)
  n20 20260721_1900 … ✗ swath overlaps bbox but all pixels cloud/land masked (raw_valid_in_bbox=0, ql_dist=None)
  n20 20260721_1910 … ✗ swath overlaps bbox but all pixels cloud/land masked (raw_valid_in_bbox=0, ql_dist=None)
  n21 20260719_2050 … ✗ swath overlaps bbox but all pixels cloud/land masked (raw_valid_in_bbox=0, ql_dist=None)
  n21 20260719_2100 … ✗ swath overlaps bbox but all pixels cloud/land masked (raw_valid_in_bbox=0, ql_dist=None)
  n21 20260719_2110 … ✗ swath overlaps bbox but all pixels cloud/land masked (raw_valid_in_bbox=0, ql_dist=None)
  n21 20260719_2150 … ✗ swath overlaps bbox but all pixels cloud/land masked (raw_valid_in_bbox=0, ql_dist=None)
  n21 20260719_2200 … ✗ swath overlaps bbox but all pixels cloud/land masked (raw_valid_in_bbox=0, ql_dist=None)
  n21 20260719_2210 … ✗ swath overlaps bbox but all pixels cloud/land masked (raw_valid_in_bbox=0, ql_dist=None)
  n21 20260719_2250 … ✗ swath overlaps bbox but all pixels cloud/land masked (raw_valid_in_bbox=0, ql_dist=None)
  n21 20260719_2300 … ✗ swath overlaps bbox but all pixels cloud/land masked (raw_valid_in_bbox=0, ql_dist=None)
  n21 20260719_2310 … ✗ swath overlaps bbox but all pixels cloud/land masked (raw_valid_in_bbox=0, ql_dist=None)
  n21 20260719_2350 … ✗ swath overlaps bbox but all pixels cloud/land masked (raw_valid_in_bbox=0, ql_dist=None)
  n21 20260720_0000 … ✗ swath overlaps bbox but all pixels cloud/land masked (raw_valid_in_bbox=0, ql_dist=None)
  n21 20260720_0010 … ✗ swath overlaps bbox but all pixels cloud/land masked (raw_valid_in_bbox=0, ql_dist=None)
  n21 20260720_0050 … ✗ swath overlaps bbox but all pixels cloud/land masked (raw_valid_in_bbox=0, ql_dist=None)
  n21 20260720_0100 … ✗ swath overlaps bbox but all pixels cloud/land masked (raw_valid_in_bbox=0, ql_dist=None)
  n21 20260720_0110 … ✗ swath overlaps bbox but all pixels cloud/land masked (raw_valid_in_bbox=0, ql_dist=None)
  n21 20260720_0150 … ✗ swath overlaps bbox but all pixels cloud/land masked (raw_valid_in_bbox=0, ql_dist=None)
  n21 20260720_0200 … ✗ swath overlaps bbox but all pixels cloud/land masked (raw_valid_in_bbox=0, ql_dist=None)
  n21 20260720_0210 … ✗ swath overlaps bbox but all pixels cloud/land masked (raw_valid_in_bbox=0, ql_dist=None)
  n21 20260720_0250 … ✗ swath overlaps bbox but all pixels cloud/land masked (raw_valid_in_bbox=0, ql_dist=None)
  n21 20260720_0300 … ✗ swath overlaps bbox but all pixels cloud/land masked (raw_valid_in_bbox=0, ql_dist=None)
  n21 20260720_0310 … ✗ swath overlaps bbox but all pixels cloud/land masked (raw_valid_in_bbox=0, ql_dist=None)
  n21 20260720_0350 … ✗ swath overlaps bbox but all pixels cloud/land masked (raw_valid_in_bbox=0, ql_dist=None)
  n21 20260720_0400 … ✗ swath overlaps bbox but all pixels cloud/land masked (raw_valid_in_bbox=0, ql_dist=None)
  n21 20260720_0410 … ✗ swath overlaps bbox but all pixels cloud/land masked (raw_valid_in_bbox=0, ql_dist=None)
  n21 20260720_0450 … ✗ swath overlaps bbox but all pixels cloud/land masked (raw_valid_in_bbox=0, ql_dist=None)
  n21 20260720_0500 … ✗ swath overlaps bbox but all pixels cloud/land masked (raw_valid_in_bbox=0, ql_dist=None)
  n21 20260720_0510 … ✗ swath overlaps bbox but all pixels cloud/land masked (raw_valid_in_bbox=0, ql_dist=None)
  n21 20260720_0550 … ✗ swath overlaps bbox but all pixels cloud/land masked (raw_valid_in_bbox=0, ql_dist=None)
  n21 20260720_0600 … ✗ swath overlaps bbox but all pixels cloud/land masked (raw_valid_in_bbox=0, ql_dist=None)
  n21 20260720_0610 ✓ (cached)
  n21 20260720_0650 … ✗ swath overlaps bbox but all pixels cloud/land masked (raw_valid_in_bbox=0, ql_dist=None)
  n21 20260720_0700 … ✗ swath overlaps bbox but all pixels cloud/land masked (raw_valid_in_bbox=0, ql_dist=None)
  n21 20260720_0710 … ✗ swath overlaps bbox but all pixels cloud/land masked (raw_valid_in_bbox=0, ql_dist=None)
  n21 20260720_0750 ✓ (cached)
  n21 20260720_0800 … ✗ swath overlaps bbox but all pixels cloud/land masked (raw_valid_in_bbox=0, ql_dist=None)
  n21 20260720_0810 … ✗ swath overlaps bbox but all pixels cloud/land masked (raw_valid_in_bbox=0, ql_dist=None)
  n21 20260720_0850 … ✗ swath overlaps bbox but all pixels cloud/land masked (raw_valid_in_bbox=0, ql_dist=None)
  n21 20260720_0900 … ✗ swath overlaps bbox but all pixels cloud/land masked (raw_valid_in_bbox=0, ql_dist=None)
  n21 20260720_0910 … ✗ swath overlaps bbox but all pixels cloud/land masked (raw_valid_in_bbox=0, ql_dist=None)
  n21 20260720_0950 … ✗ swath overlaps bbox but all pixels cloud/land masked (raw_valid_in_bbox=0, ql_dist=None)
  n21 20260720_1000 … ✗ swath overlaps bbox but all pixels cloud/land masked (raw_valid_in_bbox=0, ql_dist=None)
  n21 20260720_1010 … ✗ swath overlaps bbox but all pixels cloud/land masked (raw_valid_in_bbox=0, ql_dist=None)
  n21 20260720_1050 … ✗ swath overlaps bbox but all pixels cloud/land masked (raw_valid_in_bbox=0, ql_dist=None)
  n21 20260720_1100 … ✗ swath overlaps bbox but all pixels cloud/land masked (raw_valid_in_bbox=0, ql_dist=None)
  n21 20260720_1110 … ✗ swath overlaps bbox but all pixels cloud/land masked (raw_valid_in_bbox=0, ql_dist=None)
  n21 20260720_1150 … ✗ swath overlaps bbox but all pixels cloud/land masked (raw_valid_in_bbox=0, ql_dist=None)
  n21 20260720_1200 … ✗ swath overlaps bbox but all pixels cloud/land masked (raw_valid_in_bbox=0, ql_dist=None)
  n21 20260720_1210 … ✗ swath overlaps bbox but all pixels cloud/land masked (raw_valid_in_bbox=0, ql_dist=None)
  n21 20260720_1250 … ✗ swath overlaps bbox but all pixels cloud/land masked (raw_valid_in_bbox=0, ql_dist=None)
  n21 20260720_1300 … ✗ swath overlaps bbox but all pixels cloud/land masked (raw_valid_in_bbox=0, ql_dist=None)
  n21 20260720_1310 … ✗ swath overlaps bbox but all pixels cloud/land masked (raw_valid_in_bbox=0, ql_dist=None)
  n21 20260720_1350 … ✗ swath overlaps bbox but all pixels cloud/land masked (raw_valid_in_bbox=0, ql_dist=None)
  n21 20260720_1400 … ✗ swath overlaps bbox but all pixels cloud/land masked (raw_valid_in_bbox=0, ql_dist=None)
  n21 20260720_1410 … ✗ swath overlaps bbox but all pixels cloud/land masked (raw_valid_in_bbox=0, ql_dist=None)
  n21 20260720_1450 … ✗ swath overlaps bbox but all pixels cloud/land masked (raw_valid_in_bbox=0, ql_dist=None)
  n21 20260720_1500 … ✗ swath overlaps bbox but all pixels cloud/land masked (raw_valid_in_bbox=0, ql_dist=None)
  n21 20260720_1510 … ✗ swath overlaps bbox but all pixels cloud/land masked (raw_valid_in_bbox=0, ql_dist=None)
  n21 20260720_1550 … ✗ swath overlaps bbox but all pixels cloud/land masked (raw_valid_in_bbox=0, ql_dist=None)
  n21 20260720_1600 … ✗ swath overlaps bbox but all pixels cloud/land masked (raw_valid_in_bbox=0, ql_dist=None)
  n21 20260720_1610 … ✗ swath overlaps bbox but all pixels cloud/land masked (raw_valid_in_bbox=0, ql_dist=None)
  n21 20260720_1650 … ✗ swath overlaps bbox but all pixels cloud/land masked (raw_valid_in_bbox=0, ql_dist=None)
  n21 20260720_1700 … ✗ swath overlaps bbox but all pixels cloud/land masked (raw_valid_in_bbox=0, ql_dist=None)
  n21 20260720_1710 … ✗ swath overlaps bbox but all pixels cloud/land masked (raw_valid_in_bbox=0, ql_dist=None)
  n21 20260720_1750 … ✗ swath overlaps bbox but all pixels cloud/land masked (raw_valid_in_bbox=0, ql_dist=None)
  n21 20260720_1800 … ✗ swath overlaps bbox but all pixels cloud/land masked (raw_valid_in_bbox=0, ql_dist=None)
  n21 20260720_1810 … ✗ swath overlaps bbox but all pixels cloud/land masked (raw_valid_in_bbox=0, ql_dist=None)
  n21 20260720_1850 … ✗ swath overlaps bbox but all pixels cloud/land masked (raw_valid_in_bbox=0, ql_dist=None)
  n21 20260720_1900 … ✗ swath overlaps bbox but all pixels cloud/land masked (raw_valid_in_bbox=0, ql_dist=None)
  n21 20260720_1910 ✓ (cached)
  n21 20260720_1950 … ✗ swath overlaps bbox but all pixels cloud/land masked (raw_valid_in_bbox=0, ql_dist=None)
  n21 20260720_2000 … ✗ swath overlaps bbox but all pixels cloud/land masked (raw_valid_in_bbox=0, ql_dist=None)
  n21 20260720_2010 … ✗ swath overlaps bbox but all pixels cloud/land masked (raw_valid_in_bbox=0, ql_dist=None)
  n21 20260720_2050 … ✗ swath overlaps bbox but all pixels cloud/land masked (raw_valid_in_bbox=0, ql_dist=None)
  n21 20260720_2100 … ✗ swath overlaps bbox but all pixels cloud/land masked (raw_valid_in_bbox=0, ql_dist=None)
  n21 20260720_2110 … ✗ swath overlaps bbox but all pixels cloud/land masked (raw_valid_in_bbox=0, ql_dist=None)
  n21 20260720_2150 … ✗ swath overlaps bbox but all pixels cloud/land masked (raw_valid_in_bbox=0, ql_dist=None)
  n21 20260720_2200 … ✗ swath overlaps bbox but all pixels cloud/land masked (raw_valid_in_bbox=0, ql_dist=None)
  n21 20260720_2210 … ✗ swath overlaps bbox but all pixels cloud/land masked (raw_valid_in_bbox=0, ql_dist=None)
  n21 20260720_2250 … ✗ swath overlaps bbox but all pixels cloud/land masked (raw_valid_in_bbox=0, ql_dist=None)
  n21 20260720_2300 … ✗ swath overlaps bbox but all pixels cloud/land masked (raw_valid_in_bbox=0, ql_dist=None)
  n21 20260720_2310 … ✗ swath overlaps bbox but all pixels cloud/land masked (raw_valid_in_bbox=0, ql_dist=None)
  n21 20260720_2350 … ✗ swath overlaps bbox but all pixels cloud/land masked (raw_valid_in_bbox=0, ql_dist=None)
  n21 20260721_0000 … ✗ swath overlaps bbox but all pixels cloud/land masked (raw_valid_in_bbox=0, ql_dist=None)
  n21 20260721_0010 … ✗ swath overlaps bbox but all pixels cloud/land masked (raw_valid_in_bbox=0, ql_dist=None)
  n21 20260721_0050 … ✗ swath overlaps bbox but all pixels cloud/land masked (raw_valid_in_bbox=0, ql_dist=None)
  n21 20260721_0100 … ✗ swath overlaps bbox but all pixels cloud/land masked (raw_valid_in_bbox=0, ql_dist=None)
  n21 20260721_0110 … ✗ swath overlaps bbox but all pixels cloud/land masked (raw_valid_in_bbox=0, ql_dist=None)
  n21 20260721_0150 … ✗ swath overlaps bbox but all pixels cloud/land masked (raw_valid_in_bbox=0, ql_dist=None)
  n21 20260721_0200 … ✗ swath overlaps bbox but all pixels cloud/land masked (raw_valid_in_bbox=0, ql_dist=None)
  n21 20260721_0210 … ✗ swath overlaps bbox but all pixels cloud/land masked (raw_valid_in_bbox=0, ql_dist=None)
  n21 20260721_0250 … ✗ swath overlaps bbox but all pixels cloud/land masked (raw_valid_in_bbox=0, ql_dist=None)
  n21 20260721_0300 … ✗ swath overlaps bbox but all pixels cloud/land masked (raw_valid_in_bbox=0, ql_dist=None)
  n21 20260721_0310 … ✗ swath overlaps bbox but all pixels cloud/land masked (raw_valid_in_bbox=0, ql_dist=None)
  n21 20260721_0350 … ✗ swath overlaps bbox but all pixels cloud/land masked (raw_valid_in_bbox=0, ql_dist=None)
  n21 20260721_0400 … ✗ swath overlaps bbox but all pixels cloud/land masked (raw_valid_in_bbox=0, ql_dist=None)
  n21 20260721_0410 … ✗ swath overlaps bbox but all pixels cloud/land masked (raw_valid_in_bbox=0, ql_dist=None)
  n21 20260721_0450 … ✗ swath overlaps bbox but all pixels cloud/land masked (raw_valid_in_bbox=0, ql_dist=None)
  n21 20260721_0500 … ✗ swath overlaps bbox but all pixels cloud/land masked (raw_valid_in_bbox=0, ql_dist=None)
  n21 20260721_0510 … ✗ swath overlaps bbox but all pixels cloud/land masked (raw_valid_in_bbox=0, ql_dist=None)
  n21 20260721_0550 ✓ (cached)
  n21 20260721_0600 … ✗ swath overlaps bbox but all pixels cloud/land masked (raw_valid_in_bbox=0, ql_dist=None)
  n21 20260721_0610 … ✗ swath overlaps bbox but all pixels cloud/land masked (raw_valid_in_bbox=0, ql_dist=None)
  n21 20260721_0650 … ✗ swath overlaps bbox but all pixels cloud/land masked (raw_valid_in_bbox=0, ql_dist=None)
  n21 20260721_0700 … ✗ swath overlaps bbox but all pixels cloud/land masked (raw_valid_in_bbox=0, ql_dist=None)
  n21 20260721_0710 … ✗ swath overlaps bbox but all pixels cloud/land masked (raw_valid_in_bbox=0, ql_dist=None)
  n21 20260721_0750 … ✗ swath overlaps bbox but all pixels cloud/land masked (raw_valid_in_bbox=0, ql_dist=None)
  n21 20260721_0800 … ✗ swath overlaps bbox but all pixels cloud/land masked (raw_valid_in_bbox=0, ql_dist=None)
  n21 20260721_0810 … ✗ swath overlaps bbox but all pixels cloud/land masked (raw_valid_in_bbox=0, ql_dist=None)
  n21 20260721_0850 … ✗ swath overlaps bbox but all pixels cloud/land masked (raw_valid_in_bbox=0, ql_dist=None)
  n21 20260721_0900 … ✗ swath overlaps bbox but all pixels cloud/land masked (raw_valid_in_bbox=0, ql_dist=None)
  n21 20260721_0910 … ✗ swath overlaps bbox but all pixels cloud/land masked (raw_valid_in_bbox=0, ql_dist=None)
  n21 20260721_0950 … ✗ swath overlaps bbox but all pixels cloud/land masked (raw_valid_in_bbox=0, ql_dist=None)
  n21 20260721_1000 … ✗ swath overlaps bbox but all pixels cloud/land masked (raw_valid_in_bbox=0, ql_dist=None)
  n21 20260721_1010 … ✗ swath overlaps bbox but all pixels cloud/land masked (raw_valid_in_bbox=0, ql_dist=None)
  n21 20260721_1050 … ✗ swath overlaps bbox but all pixels cloud/land masked (raw_valid_in_bbox=0, ql_dist=None)
  n21 20260721_1100 … ✗ swath overlaps bbox but all pixels cloud/land masked (raw_valid_in_bbox=0, ql_dist=None)
  n21 20260721_1110 … ✗ swath overlaps bbox but all pixels cloud/land masked (raw_valid_in_bbox=0, ql_dist=None)
  n21 20260721_1150 … ✗ swath overlaps bbox but all pixels cloud/land masked (raw_valid_in_bbox=0, ql_dist=None)
  n21 20260721_1200 … ✗ swath overlaps bbox but all pixels cloud/land masked (raw_valid_in_bbox=0, ql_dist=None)
  n21 20260721_1210 … ✗ swath overlaps bbox but all pixels cloud/land masked (raw_valid_in_bbox=0, ql_dist=None)
  n21 20260721_1250 … ✗ swath overlaps bbox but all pixels cloud/land masked (raw_valid_in_bbox=0, ql_dist=None)
  n21 20260721_1300 … ✗ swath overlaps bbox but all pixels cloud/land masked (raw_valid_in_bbox=0, ql_dist=None)
  n21 20260721_1310 … ✗ swath overlaps bbox but all pixels cloud/land masked (raw_valid_in_bbox=0, ql_dist=None)
  n21 20260721_1350 … ✗ swath overlaps bbox but all pixels cloud/land masked (raw_valid_in_bbox=0, ql_dist=None)
  n21 20260721_1400 … ✗ swath overlaps bbox but all pixels cloud/land masked (raw_valid_in_bbox=0, ql_dist=None)
  n21 20260721_1410 … ✗ swath overlaps bbox but all pixels cloud/land masked (raw_valid_in_bbox=0, ql_dist=None)
  n21 20260721_1450 … ✗ swath overlaps bbox but all pixels cloud/land masked (raw_valid_in_bbox=0, ql_dist=None)
  n21 20260721_1500 … ✗ swath overlaps bbox but all pixels cloud/land masked (raw_valid_in_bbox=0, ql_dist=None)
  n21 20260721_1510 … ✗ swath overlaps bbox but all pixels cloud/land masked (raw_valid_in_bbox=0, ql_dist=None)
  n21 20260721_1550 … ✗ swath overlaps bbox but all pixels cloud/land masked (raw_valid_in_bbox=0, ql_dist=None)
  n21 20260721_1600 … ✗ swath overlaps bbox but all pixels cloud/land masked (raw_valid_in_bbox=0, ql_dist=None)
  n21 20260721_1610 … ✗ swath overlaps bbox but all pixels cloud/land masked (raw_valid_in_bbox=0, ql_dist=None)
  n21 20260721_1650 … ✗ swath overlaps bbox but all pixels cloud/land masked (raw_valid_in_bbox=0, ql_dist=None)
  n21 20260721_1700 … ✗ swath overlaps bbox but all pixels cloud/land masked (raw_valid_in_bbox=0, ql_dist=None)
  n21 20260721_1710 ✓ (cached)
  n21 20260721_1750 … ✗ swath overlaps bbox but all pixels cloud/land masked (raw_valid_in_bbox=0, ql_dist=None)
  n21 20260721_1800 … ✗ swath overlaps bbox but all pixels cloud/land masked (raw_valid_in_bbox=0, ql_dist=None)
  n21 20260721_1810 … ✗ swath overlaps bbox but all pixels cloud/land masked (raw_valid_in_bbox=0, ql_dist=None)
  n21 20260721_1850 …   → DailySSTData/VIIRS/Passes/viirs_n21_20260721_1850.csv  (172 pts, 38 lats × 50 lons)
  n21 20260721_1900 … ✗ swath overlaps bbox but all pixels cloud/land masked (raw_valid_in_bbox=0, ql_dist=None)
  n21 20260721_1910 … ✗ swath overlaps bbox but all pixels cloud/land masked (raw_valid_in_bbox=0, ql_dist=None)

  VIIRS summary: 3 written, 10 cached, 339 miss/cloud, 598 outside windows.

=========================================================
✓ Pipeline complete
=========================================================
========================================
RUNNING REGION: ga_sc
========================================
=========================================================
SST PIPELINE
  UTC    : 2026-07-21 20:32:29
  Region : ga_sc
  Bbox   : 29.8–35.2°N  -82.0–-75.2°E
  Output : DailySSTData/MUR/ga_sc  (and siblings)
=========================================================

── MUR daily composite (last 5 days) ──
  ✓ MUR 20260720 (cached)
  ✓ MUR 20260719 (cached)
  ✓ MUR 20260718 (cached)
  ✓ MUR 20260717 (cached)
  ✓ MUR 20260716 (cached)

── GOES-19 geo-polar blended daily composite ──
  Candidates: 4 (2 hosts × 2 dataset IDs)
  GOES 20260721 [noaa/noaacwBLENDEDsstDLDaily] … ✗ RuntimeError: 404 — no data for this date
  GOES 20260721 [noaa/noaacwBLENDEDsstDaily] … ✗ RuntimeError: 404 — no data for this date
  GOES 20260721 [pfeg/noaacwBLENDEDsstDLDaily] … ✗ RuntimeError: 404 — no data for this date
  GOES 20260721 [pfeg/noaacwBLENDEDsstDaily] … ✗ RuntimeError: 404 — no data for this date
  GOES 20260720 [noaa/noaacwBLENDEDsstDLDaily] … ✗ RuntimeError: 404 — no data for this date
  GOES 20260720 [noaa/noaacwBLENDEDsstDaily] … ✗ RuntimeError: 404 — no data for this date
  GOES 20260720 [pfeg/noaacwBLENDEDsstDLDaily] … ✗ RuntimeError: 404 — no data for this date
  GOES 20260720 [pfeg/noaacwBLENDEDsstDaily] … ✗ RuntimeError: 404 — no data for this date
  ✓ GOES composite 20260719 (cached)

── VIIRS multi-pass (last 48h — NPP/N20/N21) ──
  ✓ VIIRS NRT base: https://www.star.nesdis.noaa.gov/pub/socd2/coastwatch/sst/nrt/viirs
  Hourly windows : 48
  Window range   : 2026-07-19 20:50Z → 2026-07-21 20:10Z
  Half-width     : ±10 min per bucket
  npp 20260720_1950 … ✗ swath overlaps bbox but all pixels cloud/land masked (raw_valid_in_bbox=0, ql_dist=None)
  npp 20260720_2000 … ✗ swath overlaps bbox but all pixels cloud/land masked (raw_valid_in_bbox=0, ql_dist=None)
  npp 20260720_2010 … ✗ swath overlaps bbox but all pixels cloud/land masked (raw_valid_in_bbox=0, ql_dist=None)
  npp 20260720_2050 … ✗ swath overlaps bbox but all pixels cloud/land masked (raw_valid_in_bbox=0, ql_dist=None)
  npp 20260720_2100 … ✗ swath overlaps bbox but all pixels cloud/land masked (raw_valid_in_bbox=0, ql_dist=None)
  npp 20260720_2110 … ✗ swath overlaps bbox but all pixels cloud/land masked (raw_valid_in_bbox=0, ql_dist=None)
  npp 20260720_2150 … ✗ swath overlaps bbox but all pixels cloud/land masked (raw_valid_in_bbox=0, ql_dist=None)
  npp 20260720_2200 … ✗ swath overlaps bbox but all pixels cloud/land masked (raw_valid_in_bbox=0, ql_dist=None)
  npp 20260720_2210 … ✗ swath overlaps bbox but all pixels cloud/land masked (raw_valid_in_bbox=0, ql_dist=None)
  npp 20260720_2250 … ✗ swath overlaps bbox but all pixels cloud/land masked (raw_valid_in_bbox=0, ql_dist=None)
  npp 20260720_2300 … ✗ swath overlaps bbox but all pixels cloud/land masked (raw_valid_in_bbox=0, ql_dist=None)
  npp 20260720_2310 … ✗ swath overlaps bbox but all pixels cloud/land masked (raw_valid_in_bbox=0, ql_dist=None)
  npp 20260720_2350 … ✗ swath overlaps bbox but all pixels cloud/land masked (raw_valid_in_bbox=0, ql_dist=None)
  npp 20260721_0000 … ✗ swath overlaps bbox but all pixels cloud/land masked (raw_valid_in_bbox=0, ql_dist=None)
  npp 20260721_0010 … ✗ swath overlaps bbox but all pixels cloud/land masked (raw_valid_in_bbox=0, ql_dist=None)
  npp 20260721_0050 … ✗ swath overlaps bbox but all pixels cloud/land masked (raw_valid_in_bbox=0, ql_dist=None)
  npp 20260721_0100 … ✗ swath overlaps bbox but all pixels cloud/land masked (raw_valid_in_bbox=0, ql_dist=None)
  npp 20260721_0110 … ✗ swath overlaps bbox but all pixels cloud/land masked (raw_valid_in_bbox=0, ql_dist=None)
  npp 20260721_0150 … ✗ swath overlaps bbox but all pixels cloud/land masked (raw_valid_in_bbox=0, ql_dist=None)
  npp 20260721_0200 … ✗ swath overlaps bbox but all pixels cloud/land masked (raw_valid_in_bbox=0, ql_dist=None)
  npp 20260721_0210 … ✗ swath overlaps bbox but all pixels cloud/land masked (raw_valid_in_bbox=0, ql_dist=None)
  npp 20260721_0250 … ✗ swath overlaps bbox but all pixels cloud/land masked (raw_valid_in_bbox=0, ql_dist=None)
  npp 20260721_0300 … ✗ swath overlaps bbox but all pixels cloud/land masked (raw_valid_in_bbox=0, ql_dist=None)
  npp 20260721_0310 … ✗ swath overlaps bbox but all pixels cloud/land masked (raw_valid_in_bbox=0, ql_dist=None)
  npp 20260721_0350 … ✗ swath overlaps bbox but all pixels cloud/land masked (raw_valid_in_bbox=0, ql_dist=None)
  npp 20260721_0400 … ✗ swath overlaps bbox but all pixels cloud/land masked (raw_valid_in_bbox=0, ql_dist=None)
  npp 20260721_0410 … ✗ swath overlaps bbox but all pixels cloud/land masked (raw_valid_in_bbox=0, ql_dist=None)
  npp 20260721_0450 … ✗ swath overlaps bbox but all pixels cloud/land masked (raw_valid_in_bbox=0, ql_dist=None)
  npp 20260721_0500 … ✗ swath overlaps bbox but all pixels cloud/land masked (raw_valid_in_bbox=0, ql_dist=None)
  npp 20260721_0510 … ✗ swath overlaps bbox but all pixels cloud/land masked (raw_valid_in_bbox=0, ql_dist=None)
  npp 20260721_0550 … ✗ swath overlaps bbox but all pixels cloud/land masked (raw_valid_in_bbox=0, ql_dist=None)
  npp 20260721_0600 … ✗ swath overlaps bbox but all pixels cloud/land masked (raw_valid_in_bbox=0, ql_dist=None)
  npp 20260721_0610 … ✗ swath overlaps bbox but all pixels cloud/land masked (raw_valid_in_bbox=0, ql_dist=None)
  npp 20260721_0650 … ✗ swath overlaps bbox but all pixels cloud/land masked (raw_valid_in_bbox=0, ql_dist=None)
  npp 20260721_0700 … ✗ swath overlaps bbox but all pixels cloud/land masked (raw_valid_in_bbox=0, ql_dist=None)
  npp 20260721_0710 … ✗ swath overlaps bbox but all pixels cloud/land masked (raw_valid_in_bbox=0, ql_dist=None)
  npp 20260721_0750 … ✗ swath overlaps bbox but all pixels cloud/land masked (raw_valid_in_bbox=0, ql_dist=None)
  npp 20260721_0800 … ✗ swath overlaps bbox but all pixels cloud/land masked (raw_valid_in_bbox=0, ql_dist=None)
  npp 20260721_0810 ✓ (cached)
  npp 20260721_0850 … ✗ swath overlaps bbox but all pixels cloud/land masked (raw_valid_in_bbox=0, ql_dist=None)
  npp 20260721_0900 … ✗ swath overlaps bbox but all pixels cloud/land masked (raw_valid_in_bbox=0, ql_dist=None)
  npp 20260721_0910 … ✗ swath overlaps bbox but all pixels cloud/land masked (raw_valid_in_bbox=0, ql_dist=None)
  npp 20260721_0950 … ✗ swath overlaps bbox but all pixels cloud/land masked (raw_valid_in_bbox=0, ql_dist=None)
  npp 20260721_1000 … ✗ swath overlaps bbox but all pixels cloud/land masked (raw_valid_in_bbox=0, ql_dist=None)
  npp 20260721_1010 … ✗ swath overlaps bbox but all pixels cloud/land masked (raw_valid_in_bbox=0, ql_dist=None)
  npp 20260721_1050 … ✗ swath overlaps bbox but all pixels cloud/land masked (raw_valid_in_bbox=0, ql_dist=None)
  npp 20260721_1100 … ✗ swath overlaps bbox but all pixels cloud/land masked (raw_valid_in_bbox=0, ql_dist=None)
  npp 20260721_1110 … ✗ swath overlaps bbox but all pixels cloud/land masked (raw_valid_in_bbox=0, ql_dist=None)
  npp 20260721_1150 … ✗ swath overlaps bbox but all pixels cloud/land masked (raw_valid_in_bbox=0, ql_dist=None)
  npp 20260721_1200 … ✗ swath overlaps bbox but all pixels cloud/land masked (raw_valid_in_bbox=0, ql_dist=None)
  npp 20260721_1210 … ✗ swath overlaps bbox but all pixels cloud/land masked (raw_valid_in_bbox=0, ql_dist=None)
  npp 20260721_1250 … ✗ swath overlaps bbox but all pixels cloud/land masked (raw_valid_in_bbox=0, ql_dist=None)
  npp 20260721_1300 … ✗ swath overlaps bbox but all pixels cloud/land masked (raw_valid_in_bbox=0, ql_dist=None)
  npp 20260721_1310 … ✗ swath overlaps bbox but all pixels cloud/land masked (raw_valid_in_bbox=0, ql_dist=None)
  npp 20260721_1350 … ✗ swath overlaps bbox but all pixels cloud/land masked (raw_valid_in_bbox=0, ql_dist=None)
  npp 20260721_1400 … ✗ swath overlaps bbox but all pixels cloud/land masked (raw_valid_in_bbox=0, ql_dist=None)
  npp 20260721_1410 … ✗ swath overlaps bbox but all pixels cloud/land masked (raw_valid_in_bbox=0, ql_dist=None)
  npp 20260721_1450 … ✗ swath overlaps bbox but all pixels cloud/land masked (raw_valid_in_bbox=0, ql_dist=None)
  npp 20260721_1500 … ✗ swath overlaps bbox but all pixels cloud/land masked (raw_valid_in_bbox=0, ql_dist=None)
  npp 20260721_1510 … ✗ swath overlaps bbox but all pixels cloud/land masked (raw_valid_in_bbox=0, ql_dist=None)
  npp 20260721_1550 … ✗ swath overlaps bbox but all pixels cloud/land masked (raw_valid_in_bbox=0, ql_dist=None)
  npp 20260721_1600 … ✗ swath overlaps bbox but all pixels cloud/land masked (raw_valid_in_bbox=0, ql_dist=None)
  npp 20260721_1610 … ✗ swath overlaps bbox but all pixels cloud/land masked (raw_valid_in_bbox=0, ql_dist=None)
  npp 20260721_1650 … ✗ swath overlaps bbox but all pixels cloud/land masked (raw_valid_in_bbox=0, ql_dist=None)
  npp 20260721_1700 … ✗ swath overlaps bbox but all pixels cloud/land masked (raw_valid_in_bbox=0, ql_dist=None)
  npp 20260721_1710 … ✗ swath overlaps bbox but all pixels cloud/land masked (raw_valid_in_bbox=0, ql_dist=None)
  npp 20260721_1750 …   → DailySSTData/VIIRS/Passes/ga_sc/viirs_npp_20260721_1750.csv  (9353 pts, 176 lats × 291 lons)
  npp 20260721_1800 … ✗ swath overlaps bbox but all pixels cloud/land masked (raw_valid_in_bbox=0, ql_dist=None)
  npp 20260721_1810 … ✗ swath overlaps bbox but all pixels cloud/land masked (raw_valid_in_bbox=0, ql_dist=None)
  npp 20260721_1850 … ✗ swath overlaps bbox but all pixels cloud/land masked (raw_valid_in_bbox=0, ql_dist=None)
  npp 20260721_1900 … ✗ swath overlaps bbox but all pixels cloud/land masked (raw_valid_in_bbox=0, ql_dist=None)
  npp 20260721_1910 … ✗ swath overlaps bbox but all pixels cloud/land masked (raw_valid_in_bbox=0, ql_dist=None)
  n20 20260719_2050 … ✗ swath overlaps bbox but all pixels cloud/land masked (raw_valid_in_bbox=0, ql_dist=None)
  n20 20260719_2100 … ✗ swath overlaps bbox but all pixels cloud/land masked (raw_valid_in_bbox=0, ql_dist=None)
  n20 20260719_2110 … ✗ swath overlaps bbox but all pixels cloud/land masked (raw_valid_in_bbox=0, ql_dist=None)
  n20 20260719_2150 … ✗ swath overlaps bbox but all pixels cloud/land masked (raw_valid_in_bbox=0, ql_dist=None)
  n20 20260719_2200 … ✗ swath overlaps bbox but all pixels cloud/land masked (raw_valid_in_bbox=0, ql_dist=None)
  n20 20260719_2210 … ✗ swath overlaps bbox but all pixels cloud/land masked (raw_valid_in_bbox=0, ql_dist=None)
  n20 20260719_2250 … ✗ swath overlaps bbox but all pixels cloud/land masked (raw_valid_in_bbox=0, ql_dist=None)
  n20 20260719_2300 … ✗ swath overlaps bbox but all pixels cloud/land masked (raw_valid_in_bbox=0, ql_dist=None)
  n20 20260719_2310 … ✗ swath overlaps bbox but all pixels cloud/land masked (raw_valid_in_bbox=0, ql_dist=None)
  n20 20260719_2350 … ✗ swath overlaps bbox but all pixels cloud/land masked (raw_valid_in_bbox=0, ql_dist=None)
  n20 20260720_0000 … ✗ swath overlaps bbox but all pixels cloud/land masked (raw_valid_in_bbox=0, ql_dist=None)
  n20 20260720_0010 … ✗ swath overlaps bbox but all pixels cloud/land masked (raw_valid_in_bbox=0, ql_dist=None)
  n20 20260720_0050 … ✗ swath overlaps bbox but all pixels cloud/land masked (raw_valid_in_bbox=0, ql_dist=None)
  n20 20260720_0100 … ✗ swath overlaps bbox but all pixels cloud/land masked (raw_valid_in_bbox=0, ql_dist=None)
  n20 20260720_0110 … ✗ swath overlaps bbox but all pixels cloud/land masked (raw_valid_in_bbox=0, ql_dist=None)
  n20 20260720_0150 … ✗ swath overlaps bbox but all pixels cloud/land masked (raw_valid_in_bbox=0, ql_dist=None)
  n20 20260720_0200 … ✗ swath overlaps bbox but all pixels cloud/land masked (raw_valid_in_bbox=0, ql_dist=None)
  n20 20260720_0210 … ✗ swath overlaps bbox but all pixels cloud/land masked (raw_valid_in_bbox=0, ql_dist=None)
  n20 20260720_0250 … ✗ swath overlaps bbox but all pixels cloud/land masked (raw_valid_in_bbox=0, ql_dist=None)
  n20 20260720_0300 … ✗ swath overlaps bbox but all pixels cloud/land masked (raw_valid_in_bbox=0, ql_dist=None)
  n20 20260720_0310 … ✗ swath overlaps bbox but all pixels cloud/land masked (raw_valid_in_bbox=0, ql_dist=None)
  n20 20260720_0350 … ✗ swath overlaps bbox but all pixels cloud/land masked (raw_valid_in_bbox=0, ql_dist=None)
  n20 20260720_0400 … ✗ swath overlaps bbox but all pixels cloud/land masked (raw_valid_in_bbox=0, ql_dist=None)
  n20 20260720_0410 … ✗ swath overlaps bbox but all pixels cloud/land masked (raw_valid_in_bbox=0, ql_dist=None)
  n20 20260720_0450 … ✗ swath overlaps bbox but all pixels cloud/land masked (raw_valid_in_bbox=0, ql_dist=None)
  n20 20260720_0500 … ✗ swath overlaps bbox but all pixels cloud/land masked (raw_valid_in_bbox=0, ql_dist=None)
  n20 20260720_0510 … ✗ swath overlaps bbox but all pixels cloud/land masked (raw_valid_in_bbox=0, ql_dist=None)
  n20 20260720_0550 … ✗ swath overlaps bbox but all pixels cloud/land masked (raw_valid_in_bbox=0, ql_dist=None)
  n20 20260720_0600 … ✗ swath overlaps bbox but all pixels cloud/land masked (raw_valid_in_bbox=0, ql_dist=None)
  n20 20260720_0610 … ✗ swath overlaps bbox but all pixels cloud/land masked (raw_valid_in_bbox=0, ql_dist=None)
  n20 20260720_0650 … ✗ swath overlaps bbox but all pixels cloud/land masked (raw_valid_in_bbox=0, ql_dist=None)
  n20 20260720_0700 … ✗ swath overlaps bbox but all pixels cloud/land masked (raw_valid_in_bbox=0, ql_dist=None)
  n20 20260720_0710 ✓ (cached)
  n20 20260720_0750 … ✗ swath overlaps bbox but all pixels cloud/land masked (raw_valid_in_bbox=0, ql_dist=None)
  n20 20260720_0800 … ✗ swath overlaps bbox but all pixels cloud/land masked (raw_valid_in_bbox=0, ql_dist=None)
  n20 20260720_0810 … ✗ swath overlaps bbox but all pixels cloud/land masked (raw_valid_in_bbox=0, ql_dist=None)
  n20 20260720_0850 … ✗ swath overlaps bbox but all pixels cloud/land masked (raw_valid_in_bbox=0, ql_dist=None)
  n20 20260720_0900 … ✗ swath overlaps bbox but all pixels cloud/land masked (raw_valid_in_bbox=0, ql_dist=None)
  n20 20260720_0910 … ✗ swath overlaps bbox but all pixels cloud/land masked (raw_valid_in_bbox=0, ql_dist=None)
  n20 20260720_0950 … ✗ swath overlaps bbox but all pixels cloud/land masked (raw_valid_in_bbox=0, ql_dist=None)
  n20 20260720_1000 … ✗ swath overlaps bbox but all pixels cloud/land masked (raw_valid_in_bbox=0, ql_dist=None)
  n20 20260720_1010 … ✗ swath overlaps bbox but all pixels cloud/land masked (raw_valid_in_bbox=0, ql_dist=None)
  n20 20260720_1050 … ✗ swath overlaps bbox but all pixels cloud/land masked (raw_valid_in_bbox=0, ql_dist=None)
  n20 20260720_1100 … ✗ swath overlaps bbox but all pixels cloud/land masked (raw_valid_in_bbox=0, ql_dist=None)
  n20 20260720_1110 … ✗ swath overlaps bbox but all pixels cloud/land masked (raw_valid_in_bbox=0, ql_dist=None)
  n20 20260720_1150 … ✗ swath overlaps bbox but all pixels cloud/land masked (raw_valid_in_bbox=0, ql_dist=None)
  n20 20260720_1200 … ✗ swath overlaps bbox but all pixels cloud/land masked (raw_valid_in_bbox=0, ql_dist=None)
  n20 20260720_1210 … ✗ swath overlaps bbox but all pixels cloud/land masked (raw_valid_in_bbox=0, ql_dist=None)
  n20 20260720_1250 … ✗ swath overlaps bbox but all pixels cloud/land masked (raw_valid_in_bbox=0, ql_dist=None)
  n20 20260720_1300 … ✗ swath overlaps bbox but all pixels cloud/land masked (raw_valid_in_bbox=0, ql_dist=None)
  n20 20260720_1310 … ✗ swath overlaps bbox but all pixels cloud/land masked (raw_valid_in_bbox=0, ql_dist=None)
  n20 20260720_1350 … ✗ swath overlaps bbox but all pixels cloud/land masked (raw_valid_in_bbox=0, ql_dist=None)
  n20 20260720_1400 … ✗ swath overlaps bbox but all pixels cloud/land masked (raw_valid_in_bbox=0, ql_dist=None)
  n20 20260720_1410 … ✗ swath overlaps bbox but all pixels cloud/land masked (raw_valid_in_bbox=0, ql_dist=None)
  n20 20260720_1450 … ✗ swath overlaps bbox but all pixels cloud/land masked (raw_valid_in_bbox=0, ql_dist=None)
  n20 20260720_1500 … ✗ swath overlaps bbox but all pixels cloud/land masked (raw_valid_in_bbox=0, ql_dist=None)
  n20 20260720_1510 … ✗ swath overlaps bbox but all pixels cloud/land masked (raw_valid_in_bbox=0, ql_dist=None)
  n20 20260720_1550 … ✗ swath overlaps bbox but all pixels cloud/land masked (raw_valid_in_bbox=0, ql_dist=None)
  n20 20260720_1600 … ✗ swath overlaps bbox but all pixels cloud/land masked (raw_valid_in_bbox=0, ql_dist=None)
  n20 20260720_1610 … ✗ swath overlaps bbox but all pixels cloud/land masked (raw_valid_in_bbox=0, ql_dist=None)
  n20 20260720_1650 … ✗ swath overlaps bbox but all pixels cloud/land masked (raw_valid_in_bbox=0, ql_dist=None)
  n20 20260720_1700 … ✗ swath overlaps bbox but all pixels cloud/land masked (raw_valid_in_bbox=0, ql_dist=None)
  n20 20260720_1710 … ✗ swath overlaps bbox but all pixels cloud/land masked (raw_valid_in_bbox=0, ql_dist=None)
  n20 20260720_1750 … ✗ swath overlaps bbox but all pixels cloud/land masked (raw_valid_in_bbox=0, ql_dist=None)
  n20 20260720_1800 … ✗ swath overlaps bbox but all pixels cloud/land masked (raw_valid_in_bbox=0, ql_dist=None)
  n20 20260720_1810 … ✗ swath overlaps bbox but all pixels cloud/land masked (raw_valid_in_bbox=0, ql_dist=None)
  n20 20260720_1850 … ✗ swath overlaps bbox but all pixels cloud/land masked (raw_valid_in_bbox=0, ql_dist=None)
  n20 20260720_1900 … ✗ swath overlaps bbox but all pixels cloud/land masked (raw_valid_in_bbox=0, ql_dist=None)
  n20 20260720_1910 … ✗ swath overlaps bbox but all pixels cloud/land masked (raw_valid_in_bbox=0, ql_dist=None)
  n20 20260720_1950 … ✗ swath overlaps bbox but all pixels cloud/land masked (raw_valid_in_bbox=0, ql_dist=None)
  n20 20260720_2000 … ✗ swath overlaps bbox but all pixels cloud/land masked (raw_valid_in_bbox=0, ql_dist=None)
  n20 20260720_2010 … ✗ swath overlaps bbox but all pixels cloud/land masked (raw_valid_in_bbox=0, ql_dist=None)
  n20 20260720_2050 … ✗ swath overlaps bbox but all pixels cloud/land masked (raw_valid_in_bbox=0, ql_dist=None)
  n20 20260720_2100 … ✗ swath overlaps bbox but all pixels cloud/land masked (raw_valid_in_bbox=0, ql_dist=None)
  n20 20260720_2110 … ✗ swath overlaps bbox but all pixels cloud/land masked (raw_valid_in_bbox=0, ql_dist=None)
  n20 20260720_2150 … ✗ swath overlaps bbox but all pixels cloud/land masked (raw_valid_in_bbox=0, ql_dist=None)
  n20 20260720_2200 … ✗ swath overlaps bbox but all pixels cloud/land masked (raw_valid_in_bbox=0, ql_dist=None)
  n20 20260720_2210 … ✗ swath overlaps bbox but all pixels cloud/land masked (raw_valid_in_bbox=0, ql_dist=None)
  n20 20260720_2250 … ✗ swath overlaps bbox but all pixels cloud/land masked (raw_valid_in_bbox=0, ql_dist=None)
  n20 20260720_2300 … ✗ swath overlaps bbox but all pixels cloud/land masked (raw_valid_in_bbox=0, ql_dist=None)
  n20 20260720_2310 … ✗ swath overlaps bbox but all pixels cloud/land masked (raw_valid_in_bbox=0, ql_dist=None)
  n20 20260720_2350 … ✗ swath overlaps bbox but all pixels cloud/land masked (raw_valid_in_bbox=0, ql_dist=None)
  n20 20260721_0000 … ✗ swath overlaps bbox but all pixels cloud/land masked (raw_valid_in_bbox=0, ql_dist=None)
  n20 20260721_0010 … ✗ swath overlaps bbox but all pixels cloud/land masked (raw_valid_in_bbox=0, ql_dist=None)
  n20 20260721_0050 … ✗ swath overlaps bbox but all pixels cloud/land masked (raw_valid_in_bbox=0, ql_dist=None)
  n20 20260721_0100 … ✗ swath overlaps bbox but all pixels cloud/land masked (raw_valid_in_bbox=0, ql_dist=None)
  n20 20260721_0110 … ✗ swath overlaps bbox but all pixels cloud/land masked (raw_valid_in_bbox=0, ql_dist=None)
  n20 20260721_0150 … ✗ swath overlaps bbox but all pixels cloud/land masked (raw_valid_in_bbox=0, ql_dist=None)
  n20 20260721_0200 … ✗ swath overlaps bbox but all pixels cloud/land masked (raw_valid_in_bbox=0, ql_dist=None)
  n20 20260721_0210 … ✗ swath overlaps bbox but all pixels cloud/land masked (raw_valid_in_bbox=0, ql_dist=None)
  n20 20260721_0250 … ✗ swath overlaps bbox but all pixels cloud/land masked (raw_valid_in_bbox=0, ql_dist=None)
  n20 20260721_0300 … ✗ swath overlaps bbox but all pixels cloud/land masked (raw_valid_in_bbox=0, ql_dist=None)
  n20 20260721_0310 … ✗ swath overlaps bbox but all pixels cloud/land masked (raw_valid_in_bbox=0, ql_dist=None)
  n20 20260721_0350 … ✗ swath overlaps bbox but all pixels cloud/land masked (raw_valid_in_bbox=0, ql_dist=None)
  n20 20260721_0400 … ✗ swath overlaps bbox but all pixels cloud/land masked (raw_valid_in_bbox=0, ql_dist=None)
  n20 20260721_0410 … ✗ swath overlaps bbox but all pixels cloud/land masked (raw_valid_in_bbox=0, ql_dist=None)
  n20 20260721_0450 … ✗ swath overlaps bbox but all pixels cloud/land masked (raw_valid_in_bbox=0, ql_dist=None)
  n20 20260721_0500 … ✗ swath overlaps bbox but all pixels cloud/land masked (raw_valid_in_bbox=0, ql_dist=None)
  n20 20260721_0510 … ✗ swath overlaps bbox but all pixels cloud/land masked (raw_valid_in_bbox=0, ql_dist=None)
  n20 20260721_0550 … ✗ swath overlaps bbox but all pixels cloud/land masked (raw_valid_in_bbox=0, ql_dist=None)
  n20 20260721_0600 … ✗ swath overlaps bbox but all pixels cloud/land masked (raw_valid_in_bbox=0, ql_dist=None)
  n20 20260721_0610 … ✗ swath overlaps bbox but all pixels cloud/land masked (raw_valid_in_bbox=0, ql_dist=None)
  n20 20260721_0650 ✓ (cached)
  n20 20260721_0700 … ✗ swath overlaps bbox but all pixels cloud/land masked (raw_valid_in_bbox=0, ql_dist=None)
  n20 20260721_0710 … ✗ swath overlaps bbox but all pixels cloud/land masked (raw_valid_in_bbox=0, ql_dist=None)
  n20 20260721_0750 … ✗ swath overlaps bbox but all pixels cloud/land masked (raw_valid_in_bbox=0, ql_dist=None)
  n20 20260721_0800 … ✗ swath overlaps bbox but all pixels cloud/land masked (raw_valid_in_bbox=0, ql_dist=None)
  n20 20260721_0810 … ✗ swath overlaps bbox but all pixels cloud/land masked (raw_valid_in_bbox=0, ql_dist=None)
  n20 20260721_0850 … ✗ swath overlaps bbox but all pixels cloud/land masked (raw_valid_in_bbox=0, ql_dist=None)
  n20 20260721_0900 … ✗ swath overlaps bbox but all pixels cloud/land masked (raw_valid_in_bbox=0, ql_dist=None)
  n20 20260721_0910 … ✗ swath overlaps bbox but all pixels cloud/land masked (raw_valid_in_bbox=0, ql_dist=None)
  n20 20260721_0950 … ✗ swath overlaps bbox but all pixels cloud/land masked (raw_valid_in_bbox=0, ql_dist=None)
  n20 20260721_1000 … ✗ swath overlaps bbox but all pixels cloud/land masked (raw_valid_in_bbox=0, ql_dist=None)
  n20 20260721_1010 … ✗ swath overlaps bbox but all pixels cloud/land masked (raw_valid_in_bbox=0, ql_dist=None)
  n20 20260721_1050 … ✗ swath overlaps bbox but all pixels cloud/land masked (raw_valid_in_bbox=0, ql_dist=None)
  n20 20260721_1100 … ✗ swath overlaps bbox but all pixels cloud/land masked (raw_valid_in_bbox=0, ql_dist=None)
  n20 20260721_1110 … ✗ swath overlaps bbox but all pixels cloud/land masked (raw_valid_in_bbox=0, ql_dist=None)
  n20 20260721_1150 … ✗ swath overlaps bbox but all pixels cloud/land masked (raw_valid_in_bbox=0, ql_dist=None)
  n20 20260721_1200 … ✗ swath overlaps bbox but all pixels cloud/land masked (raw_valid_in_bbox=0, ql_dist=None)
  n20 20260721_1210 … ✗ swath overlaps bbox but all pixels cloud/land masked (raw_valid_in_bbox=0, ql_dist=None)
  n20 20260721_1250 … ✗ swath overlaps bbox but all pixels cloud/land masked (raw_valid_in_bbox=0, ql_dist=None)
  n20 20260721_1300 … ✗ swath overlaps bbox but all pixels cloud/land masked (raw_valid_in_bbox=0, ql_dist=None)
  n20 20260721_1310 … ✗ swath overlaps bbox but all pixels cloud/land masked (raw_valid_in_bbox=0, ql_dist=None)
  n20 20260721_1350 … ✗ swath overlaps bbox but all pixels cloud/land masked (raw_valid_in_bbox=0, ql_dist=None)
  n20 20260721_1400 … ✗ swath overlaps bbox but all pixels cloud/land masked (raw_valid_in_bbox=0, ql_dist=None)
  n20 20260721_1410 … ✗ swath overlaps bbox but all pixels cloud/land masked (raw_valid_in_bbox=0, ql_dist=None)
  n20 20260721_1450 … ✗ swath overlaps bbox but all pixels cloud/land masked (raw_valid_in_bbox=0, ql_dist=None)
  n20 20260721_1500 … ✗ swath overlaps bbox but all pixels cloud/land masked (raw_valid_in_bbox=0, ql_dist=None)
  n20 20260721_1510 … ✗ swath overlaps bbox but all pixels cloud/land masked (raw_valid_in_bbox=0, ql_dist=None)
  n20 20260721_1550 … ✗ swath overlaps bbox but all pixels cloud/land masked (raw_valid_in_bbox=0, ql_dist=None)
  n20 20260721_1600 … ✗ swath overlaps bbox but all pixels cloud/land masked (raw_valid_in_bbox=0, ql_dist=None)
  n20 20260721_1610 … ✗ swath overlaps bbox but all pixels cloud/land masked (raw_valid_in_bbox=0, ql_dist=None)
  n20 20260721_1650 … ✗ swath overlaps bbox but all pixels cloud/land masked (raw_valid_in_bbox=0, ql_dist=None)
  n20 20260721_1700 … ✗ swath overlaps bbox but all pixels cloud/land masked (raw_valid_in_bbox=0, ql_dist=None)
  n20 20260721_1710 … ✗ swath overlaps bbox but all pixels cloud/land masked (raw_valid_in_bbox=0, ql_dist=None)
  n20 20260721_1750 … ✗ swath overlaps bbox but all pixels cloud/land masked (raw_valid_in_bbox=0, ql_dist=None)
  n20 20260721_1800 …   → DailySSTData/VIIRS/Passes/ga_sc/viirs_n20_20260721_1800.csv  (164 pts, 7 lats × 37 lons)
  n20 20260721_1810 …   → DailySSTData/VIIRS/Passes/ga_sc/viirs_n20_20260721_1810.csv  (13984 pts, 210 lats × 326 lons)
  n20 20260721_1850 … ✗ swath overlaps bbox but all pixels cloud/land masked (raw_valid_in_bbox=0, ql_dist=None)
  n20 20260721_1900 … ✗ swath overlaps bbox but all pixels cloud/land masked (raw_valid_in_bbox=0, ql_dist=None)
  n20 20260721_1910 … ✗ swath overlaps bbox but all pixels cloud/land masked (raw_valid_in_bbox=0, ql_dist=None)
  n20 20260721_1950 … ✗ swath overlaps bbox but all pixels cloud/land masked (raw_valid_in_bbox=0, ql_dist=None)
  n21 20260719_2050 … ✗ swath overlaps bbox but all pixels cloud/land masked (raw_valid_in_bbox=0, ql_dist=None)
  n21 20260719_2100 … ✗ swath overlaps bbox but all pixels cloud/land masked (raw_valid_in_bbox=0, ql_dist=None)
  n21 20260719_2110 … ✗ swath overlaps bbox but all pixels cloud/land masked (raw_valid_in_bbox=0, ql_dist=None)
  n21 20260719_2150 … ✗ swath overlaps bbox but all pixels cloud/land masked (raw_valid_in_bbox=0, ql_dist=None)
  n21 20260719_2200 … ✗ swath overlaps bbox but all pixels cloud/land masked (raw_valid_in_bbox=0, ql_dist=None)
  n21 20260719_2210 … ✗ swath overlaps bbox but all pixels cloud/land masked (raw_valid_in_bbox=0, ql_dist=None)
  n21 20260719_2250 … ✗ swath overlaps bbox but all pixels cloud/land masked (raw_valid_in_bbox=0, ql_dist=None)
  n21 20260719_2300 … ✗ swath overlaps bbox but all pixels cloud/land masked (raw_valid_in_bbox=0, ql_dist=None)
  n21 20260719_2310 … ✗ swath overlaps bbox but all pixels cloud/land masked (raw_valid_in_bbox=0, ql_dist=None)
  n21 20260719_2350 … ✗ swath overlaps bbox but all pixels cloud/land masked (raw_valid_in_bbox=0, ql_dist=None)
  n21 20260720_0000 … ✗ swath overlaps bbox but all pixels cloud/land masked (raw_valid_in_bbox=0, ql_dist=None)
  n21 20260720_0010 … ✗ swath overlaps bbox but all pixels cloud/land masked (raw_valid_in_bbox=0, ql_dist=None)
  n21 20260720_0050 … ✗ swath overlaps bbox but all pixels cloud/land masked (raw_valid_in_bbox=0, ql_dist=None)
  n21 20260720_0100 … ✗ swath overlaps bbox but all pixels cloud/land masked (raw_valid_in_bbox=0, ql_dist=None)
  n21 20260720_0110 … ✗ swath overlaps bbox but all pixels cloud/land masked (raw_valid_in_bbox=0, ql_dist=None)
  n21 20260720_0150 … ✗ swath overlaps bbox but all pixels cloud/land masked (raw_valid_in_bbox=0, ql_dist=None)
  n21 20260720_0200 … ✗ swath overlaps bbox but all pixels cloud/land masked (raw_valid_in_bbox=0, ql_dist=None)
  n21 20260720_0210 … ✗ swath overlaps bbox but all pixels cloud/land masked (raw_valid_in_bbox=0, ql_dist=None)
  n21 20260720_0250 … ✗ swath overlaps bbox but all pixels cloud/land masked (raw_valid_in_bbox=0, ql_dist=None)
  n21 20260720_0300 … ✗ swath overlaps bbox but all pixels cloud/land masked (raw_valid_in_bbox=0, ql_dist=None)
  n21 20260720_0310 … ✗ swath overlaps bbox but all pixels cloud/land masked (raw_valid_in_bbox=0, ql_dist=None)
  n21 20260720_0350 … ✗ swath overlaps bbox but all pixels cloud/land masked (raw_valid_in_bbox=0, ql_dist=None)
  n21 20260720_0400 … ✗ swath overlaps bbox but all pixels cloud/land masked (raw_valid_in_bbox=0, ql_dist=None)
  n21 20260720_0410 … ✗ swath overlaps bbox but all pixels cloud/land masked (raw_valid_in_bbox=0, ql_dist=None)
  n21 20260720_0450 … ✗ swath overlaps bbox but all pixels cloud/land masked (raw_valid_in_bbox=0, ql_dist=None)
  n21 20260720_0500 … ✗ swath overlaps bbox but all pixels cloud/land masked (raw_valid_in_bbox=0, ql_dist=None)
  n21 20260720_0510 … ✗ swath overlaps bbox but all pixels cloud/land masked (raw_valid_in_bbox=0, ql_dist=None)
  n21 20260720_0550 … ✗ swath overlaps bbox but all pixels cloud/land masked (raw_valid_in_bbox=0, ql_dist=None)
  n21 20260720_0600 … ✗ swath overlaps bbox but all pixels cloud/land masked (raw_valid_in_bbox=0, ql_dist=None)
  n21 20260720_0610 ✓ (cached)
  n21 20260720_0650 … ✗ swath overlaps bbox but all pixels cloud/land masked (raw_valid_in_bbox=0, ql_dist=None)
  n21 20260720_0700 … ✗ swath overlaps bbox but all pixels cloud/land masked (raw_valid_in_bbox=0, ql_dist=None)
  n21 20260720_0710 … ✗ swath overlaps bbox but all pixels cloud/land masked (raw_valid_in_bbox=0, ql_dist=None)
  n21 20260720_0750 ✓ (cached)
  n21 20260720_0800 … ✗ swath overlaps bbox but all pixels cloud/land masked (raw_valid_in_bbox=0, ql_dist=None)
  n21 20260720_0810 … ✗ swath overlaps bbox but all pixels cloud/land masked (raw_valid_in_bbox=0, ql_dist=None)
  n21 20260720_0850 … ✗ swath overlaps bbox but all pixels cloud/land masked (raw_valid_in_bbox=0, ql_dist=None)
  n21 20260720_0900 … ✗ swath overlaps bbox but all pixels cloud/land masked (raw_valid_in_bbox=0, ql_dist=None)
  n21 20260720_0910 … ✗ swath overlaps bbox but all pixels cloud/land masked (raw_valid_in_bbox=0, ql_dist=None)
  n21 20260720_0950 … ✗ swath overlaps bbox but all pixels cloud/land masked (raw_valid_in_bbox=0, ql_dist=None)
  n21 20260720_1000 … ✗ swath overlaps bbox but all pixels cloud/land masked (raw_valid_in_bbox=0, ql_dist=None)
  n21 20260720_1010 … ✗ swath overlaps bbox but all pixels cloud/land masked (raw_valid_in_bbox=0, ql_dist=None)
  n21 20260720_1050 … ✗ swath overlaps bbox but all pixels cloud/land masked (raw_valid_in_bbox=0, ql_dist=None)
  n21 20260720_1100 … ✗ swath overlaps bbox but all pixels cloud/land masked (raw_valid_in_bbox=0, ql_dist=None)
  n21 20260720_1110 … ✗ swath overlaps bbox but all pixels cloud/land masked (raw_valid_in_bbox=0, ql_dist=None)
  n21 20260720_1150 … ✗ swath overlaps bbox but all pixels cloud/land masked (raw_valid_in_bbox=0, ql_dist=None)
  n21 20260720_1200 … ✗ swath overlaps bbox but all pixels cloud/land masked (raw_valid_in_bbox=0, ql_dist=None)
  n21 20260720_1210 … ✗ swath overlaps bbox but all pixels cloud/land masked (raw_valid_in_bbox=0, ql_dist=None)
  n21 20260720_1250 … ✗ swath overlaps bbox but all pixels cloud/land masked (raw_valid_in_bbox=0, ql_dist=None)
  n21 20260720_1300 … ✗ swath overlaps bbox but all pixels cloud/land masked (raw_valid_in_bbox=0, ql_dist=None)
  n21 20260720_1310 … ✗ swath overlaps bbox but all pixels cloud/land masked (raw_valid_in_bbox=0, ql_dist=None)
  n21 20260720_1350 … ✗ swath overlaps bbox but all pixels cloud/land masked (raw_valid_in_bbox=0, ql_dist=None)
  n21 20260720_1400 … ✗ swath overlaps bbox but all pixels cloud/land masked (raw_valid_in_bbox=0, ql_dist=None)
  n21 20260720_1410 … ✗ swath overlaps bbox but all pixels cloud/land masked (raw_valid_in_bbox=0, ql_dist=None)
  n21 20260720_1450 … ✗ swath overlaps bbox but all pixels cloud/land masked (raw_valid_in_bbox=0, ql_dist=None)
  n21 20260720_1500 … ✗ swath overlaps bbox but all pixels cloud/land masked (raw_valid_in_bbox=0, ql_dist=None)
  n21 20260720_1510 … ✗ swath overlaps bbox but all pixels cloud/land masked (raw_valid_in_bbox=0, ql_dist=None)
  n21 20260720_1550 … ✗ swath overlaps bbox but all pixels cloud/land masked (raw_valid_in_bbox=0, ql_dist=None)
  n21 20260720_1600 … ✗ swath overlaps bbox but all pixels cloud/land masked (raw_valid_in_bbox=0, ql_dist=None)
  n21 20260720_1610 … ✗ swath overlaps bbox but all pixels cloud/land masked (raw_valid_in_bbox=0, ql_dist=None)
  n21 20260720_1650 … ✗ swath overlaps bbox but all pixels cloud/land masked (raw_valid_in_bbox=0, ql_dist=None)
  n21 20260720_1700 … ✗ swath overlaps bbox but all pixels cloud/land masked (raw_valid_in_bbox=0, ql_dist=None)
  n21 20260720_1710 … ✗ swath overlaps bbox but all pixels cloud/land masked (raw_valid_in_bbox=0, ql_dist=None)
  n21 20260720_1750 … ✗ swath overlaps bbox but all pixels cloud/land masked (raw_valid_in_bbox=0, ql_dist=None)
  n21 20260720_1800 … ✗ swath overlaps bbox but all pixels cloud/land masked (raw_valid_in_bbox=0, ql_dist=None)
  n21 20260720_1810 … ✗ swath overlaps bbox but all pixels cloud/land masked (raw_valid_in_bbox=0, ql_dist=None)
  n21 20260720_1850 … ✗ swath overlaps bbox but all pixels cloud/land masked (raw_valid_in_bbox=0, ql_dist=None)
  n21 20260720_1900 … ✗ swath overlaps bbox but all pixels cloud/land masked (raw_valid_in_bbox=0, ql_dist=None)
  n21 20260720_1910 ✓ (cached)
  n21 20260720_1950 … ✗ swath overlaps bbox but all pixels cloud/land masked (raw_valid_in_bbox=0, ql_dist=None)
  n21 20260720_2000 … ✗ swath overlaps bbox but all pixels cloud/land masked (raw_valid_in_bbox=0, ql_dist=None)
  n21 20260720_2010 … ✗ swath overlaps bbox but all pixels cloud/land masked (raw_valid_in_bbox=0, ql_dist=None)
  n21 20260720_2050 … ✗ swath overlaps bbox but all pixels cloud/land masked (raw_valid_in_bbox=0, ql_dist=None)
  n21 20260720_2100 … ✗ swath overlaps bbox but all pixels cloud/land masked (raw_valid_in_bbox=0, ql_dist=None)
  n21 20260720_2110 … ✗ swath overlaps bbox but all pixels cloud/land masked (raw_valid_in_bbox=0, ql_dist=None)
  n21 20260720_2150 … ✗ swath overlaps bbox but all pixels cloud/land masked (raw_valid_in_bbox=0, ql_dist=None)
  n21 20260720_2200 … ✗ swath overlaps bbox but all pixels cloud/land masked (raw_valid_in_bbox=0, ql_dist=None)
  n21 20260720_2210 … ✗ swath overlaps bbox but all pixels cloud/land masked (raw_valid_in_bbox=0, ql_dist=None)
  n21 20260720_2250 … ✗ swath overlaps bbox but all pixels cloud/land masked (raw_valid_in_bbox=0, ql_dist=None)
  n21 20260720_2300 … ✗ swath overlaps bbox but all pixels cloud/land masked (raw_valid_in_bbox=0, ql_dist=None)
  n21 20260720_2310 … ✗ swath overlaps bbox but all pixels cloud/land masked (raw_valid_in_bbox=0, ql_dist=None)
  n21 20260720_2350 … ✗ swath overlaps bbox but all pixels cloud/land masked (raw_valid_in_bbox=0, ql_dist=None)
  n21 20260721_0000 … ✗ swath overlaps bbox but all pixels cloud/land masked (raw_valid_in_bbox=0, ql_dist=None)
  n21 20260721_0010 … ✗ swath overlaps bbox but all pixels cloud/land masked (raw_valid_in_bbox=0, ql_dist=None)
  n21 20260721_0050 … ✗ swath overlaps bbox but all pixels cloud/land masked (raw_valid_in_bbox=0, ql_dist=None)
  n21 20260721_0100 … ✗ swath overlaps bbox but all pixels cloud/land masked (raw_valid_in_bbox=0, ql_dist=None)
  n21 20260721_0110 … ✗ swath overlaps bbox but all pixels cloud/land masked (raw_valid_in_bbox=0, ql_dist=None)
  n21 20260721_0150 … ✗ swath overlaps bbox but all pixels cloud/land masked (raw_valid_in_bbox=0, ql_dist=None)
  n21 20260721_0200 … ✗ swath overlaps bbox but all pixels cloud/land masked (raw_valid_in_bbox=0, ql_dist=None)
  n21 20260721_0210 … ✗ swath overlaps bbox but all pixels cloud/land masked (raw_valid_in_bbox=0, ql_dist=None)
  n21 20260721_0250 … ✗ swath overlaps bbox but all pixels cloud/land masked (raw_valid_in_bbox=0, ql_dist=None)
  n21 20260721_0300 … ✗ swath overlaps bbox but all pixels cloud/land masked (raw_valid_in_bbox=0, ql_dist=None)
  n21 20260721_0310 … ✗ swath overlaps bbox but all pixels cloud/land masked (raw_valid_in_bbox=0, ql_dist=None)
  n21 20260721_0350 … ✗ swath overlaps bbox but all pixels cloud/land masked (raw_valid_in_bbox=0, ql_dist=None)
  n21 20260721_0400 … ✗ swath overlaps bbox but all pixels cloud/land masked (raw_valid_in_bbox=0, ql_dist=None)
  n21 20260721_0410 … ✗ swath overlaps bbox but all pixels cloud/land masked (raw_valid_in_bbox=0, ql_dist=None)
  n21 20260721_0450 … ✗ swath overlaps bbox but all pixels cloud/land masked (raw_valid_in_bbox=0, ql_dist=None)
  n21 20260721_0500 … ✗ swath overlaps bbox but all pixels cloud/land masked (raw_valid_in_bbox=0, ql_dist=None)
  n21 20260721_0510 … ✗ swath overlaps bbox but all pixels cloud/land masked (raw_valid_in_bbox=0, ql_dist=None)
  n21 20260721_0550 ✓ (cached)
  n21 20260721_0600 … ✗ swath overlaps bbox but all pixels cloud/land masked (raw_valid_in_bbox=0, ql_dist=None)
  n21 20260721_0610 … ✗ swath overlaps bbox but all pixels cloud/land masked (raw_valid_in_bbox=0, ql_dist=None)
  n21 20260721_0650 … ✗ swath overlaps bbox but all pixels cloud/land masked (raw_valid_in_bbox=0, ql_dist=None)
  n21 20260721_0700 … ✗ swath overlaps bbox but all pixels cloud/land masked (raw_valid_in_bbox=0, ql_dist=None)
  n21 20260721_0710 … ✗ swath overlaps bbox but all pixels cloud/land masked (raw_valid_in_bbox=0, ql_dist=None)
  n21 20260721_0750 … ✗ swath overlaps bbox but all pixels cloud/land masked (raw_valid_in_bbox=0, ql_dist=None)
  n21 20260721_0800 … ✗ swath overlaps bbox but all pixels cloud/land masked (raw_valid_in_bbox=0, ql_dist=None)
  n21 20260721_0810 … ✗ swath overlaps bbox but all pixels cloud/land masked (raw_valid_in_bbox=0, ql_dist=None)
  n21 20260721_0850 … ✗ swath overlaps bbox but all pixels cloud/land masked (raw_valid_in_bbox=0, ql_dist=None)
  n21 20260721_0900 … ✗ swath overlaps bbox but all pixels cloud/land masked (raw_valid_in_bbox=0, ql_dist=None)
  n21 20260721_0910 … ✗ swath overlaps bbox but all pixels cloud/land masked (raw_valid_in_bbox=0, ql_dist=None)
  n21 20260721_0950 … ✗ swath overlaps bbox but all pixels cloud/land masked (raw_valid_in_bbox=0, ql_dist=None)
  n21 20260721_1000 … ✗ swath overlaps bbox but all pixels cloud/land masked (raw_valid_in_bbox=0, ql_dist=None)
  n21 20260721_1010 … ✗ swath overlaps bbox but all pixels cloud/land masked (raw_valid_in_bbox=0, ql_dist=None)
  n21 20260721_1050 … ✗ swath overlaps bbox but all pixels cloud/land masked (raw_valid_in_bbox=0, ql_dist=None)
  n21 20260721_1100 … ✗ swath overlaps bbox but all pixels cloud/land masked (raw_valid_in_bbox=0, ql_dist=None)
  n21 20260721_1110 … ✗ swath overlaps bbox but all pixels cloud/land masked (raw_valid_in_bbox=0, ql_dist=None)
  n21 20260721_1150 … ✗ swath overlaps bbox but all pixels cloud/land masked (raw_valid_in_bbox=0, ql_dist=None)
  n21 20260721_1200 … ✗ swath overlaps bbox but all pixels cloud/land masked (raw_valid_in_bbox=0, ql_dist=None)
  n21 20260721_1210 … ✗ swath overlaps bbox but all pixels cloud/land masked (raw_valid_in_bbox=0, ql_dist=None)
  n21 20260721_1250 … ✗ swath overlaps bbox but all pixels cloud/land masked (raw_valid_in_bbox=0, ql_dist=None)
  n21 20260721_1300 … ✗ swath overlaps bbox but all pixels cloud/land masked (raw_valid_in_bbox=0, ql_dist=None)
  n21 20260721_1310 … ✗ swath overlaps bbox but all pixels cloud/land masked (raw_valid_in_bbox=0, ql_dist=None)
  n21 20260721_1350 … ✗ swath overlaps bbox but all pixels cloud/land masked (raw_valid_in_bbox=0, ql_dist=None)
  n21 20260721_1400 … ✗ swath overlaps bbox but all pixels cloud/land masked (raw_valid_in_bbox=0, ql_dist=None)
  n21 20260721_1410 … ✗ swath overlaps bbox but all pixels cloud/land masked (raw_valid_in_bbox=0, ql_dist=None)
  n21 20260721_1450 … ✗ swath overlaps bbox but all pixels cloud/land masked (raw_valid_in_bbox=0, ql_dist=None)
  n21 20260721_1500 … ✗ swath overlaps bbox but all pixels cloud/land masked (raw_valid_in_bbox=0, ql_dist=None)
  n21 20260721_1510 … ✗ swath overlaps bbox but all pixels cloud/land masked (raw_valid_in_bbox=0, ql_dist=None)
  n21 20260721_1550 … ✗ swath overlaps bbox but all pixels cloud/land masked (raw_valid_in_bbox=0, ql_dist=None)
  n21 20260721_1600 … ✗ swath overlaps bbox but all pixels cloud/land masked (raw_valid_in_bbox=0, ql_dist=None)
  n21 20260721_1610 … ✗ swath overlaps bbox but all pixels cloud/land masked (raw_valid_in_bbox=0, ql_dist=None)
  n21 20260721_1650 … ✗ swath overlaps bbox but all pixels cloud/land masked (raw_valid_in_bbox=0, ql_dist=None)
  n21 20260721_1700 … ✗ swath overlaps bbox but all pixels cloud/land masked (raw_valid_in_bbox=0, ql_dist=None)
  n21 20260721_1710 ✓ (cached)
  n21 20260721_1750 … ✗ swath overlaps bbox but all pixels cloud/land masked (raw_valid_in_bbox=0, ql_dist=None)
  n21 20260721_1800 … ✗ swath overlaps bbox but all pixels cloud/land masked (raw_valid_in_bbox=0, ql_dist=None)
  n21 20260721_1810 … ✗ swath overlaps bbox but all pixels cloud/land masked (raw_valid_in_bbox=0, ql_dist=None)
  n21 20260721_1850 …   → DailySSTData/VIIRS/Passes/ga_sc/viirs_n21_20260721_1850.csv  (5153 pts, 156 lats × 303 lons)
  n21 20260721_1900 … ✗ swath overlaps bbox but all pixels cloud/land masked (raw_valid_in_bbox=0, ql_dist=None)
  n21 20260721_1910 … ✗ swath overlaps bbox but all pixels cloud/land masked (raw_valid_in_bbox=0, ql_dist=None)
  n21 20260721_1950 … ✗ swath overlaps bbox but all pixels cloud/land masked (raw_valid_in_bbox=0, ql_dist=None)

  VIIRS summary: 4 written, 8 cached, 344 miss/cloud, 601 outside windows.

=========================================================
✓ Pipeline complete
=========================================================
========================================
RUNNING REGION: ne_fl
========================================
=========================================================
SST PIPELINE
  UTC    : 2026-07-21 20:41:57
  Region : ne_fl
  Bbox   : 26.0–30.5°N  -81.97–-76.14°E
  Output : DailySSTData/MUR/ne_fl  (and siblings)
=========================================================

── MUR daily composite (last 5 days) ──
  ✓ MUR 20260720 (cached)
  ✓ MUR 20260719 (cached)
  ✓ MUR 20260718 (cached)
  ✓ MUR 20260717 (cached)
  ✓ MUR 20260716 (cached)

── GOES-19 geo-polar blended daily composite ──
  Candidates: 4 (2 hosts × 2 dataset IDs)
  GOES 20260721 [noaa/noaacwBLENDEDsstDLDaily] … ✗ RuntimeError: 404 — no data for this date
  GOES 20260721 [noaa/noaacwBLENDEDsstDaily] … ✗ RuntimeError: 404 — no data for this date
  GOES 20260721 [pfeg/noaacwBLENDEDsstDLDaily] … ✗ RuntimeError: 404 — no data for this date
  GOES 20260721 [pfeg/noaacwBLENDEDsstDaily] … ✗ RuntimeError: 404 — no data for this date
  GOES 20260720 [noaa/noaacwBLENDEDsstDLDaily] … ✗ RuntimeError: 404 — no data for this date
  GOES 20260720 [noaa/noaacwBLENDEDsstDaily] … ✗ RuntimeError: 404 — no data for this date
  GOES 20260720 [pfeg/noaacwBLENDEDsstDLDaily] … ✗ RuntimeError: 404 — no data for this date
  GOES 20260720 [pfeg/noaacwBLENDEDsstDaily] … ✗ RuntimeError: 404 — no data for this date
  ✓ GOES composite 20260719 (cached)

── VIIRS multi-pass (last 48h — NPP/N20/N21) ──
  ✓ VIIRS NRT base: https://www.star.nesdis.noaa.gov/pub/socd2/coastwatch/sst/nrt/viirs
  Hourly windows : 48
  Window range   : 2026-07-19 20:50Z → 2026-07-21 20:10Z
  Half-width     : ±10 min per bucket
  npp 20260720_1950 … ✗ swath overlaps bbox but all pixels cloud/land masked (raw_valid_in_bbox=0, ql_dist=None)
  npp 20260720_2000 … ✗ swath overlaps bbox but all pixels cloud/land masked (raw_valid_in_bbox=0, ql_dist=None)
  npp 20260720_2010 … ✗ swath overlaps bbox but all pixels cloud/land masked (raw_valid_in_bbox=0, ql_dist=None)
  npp 20260720_2050 … ✗ swath overlaps bbox but all pixels cloud/land masked (raw_valid_in_bbox=0, ql_dist=None)
  npp 20260720_2100 … ✗ swath overlaps bbox but all pixels cloud/land masked (raw_valid_in_bbox=0, ql_dist=None)
  npp 20260720_2110 … ✗ swath overlaps bbox but all pixels cloud/land masked (raw_valid_in_bbox=0, ql_dist=None)
  npp 20260720_2150 … ✗ swath overlaps bbox but all pixels cloud/land masked (raw_valid_in_bbox=0, ql_dist=None)
  npp 20260720_2200 … ✗ swath overlaps bbox but all pixels cloud/land masked (raw_valid_in_bbox=0, ql_dist=None)
  npp 20260720_2210 … ✗ swath overlaps bbox but all pixels cloud/land masked (raw_valid_in_bbox=0, ql_dist=None)
  npp 20260720_2250 … ✗ swath overlaps bbox but all pixels cloud/land masked (raw_valid_in_bbox=0, ql_dist=None)
  npp 20260720_2300 … ✗ swath overlaps bbox but all pixels cloud/land masked (raw_valid_in_bbox=0, ql_dist=None)
  npp 20260720_2310 … ✗ swath overlaps bbox but all pixels cloud/land masked (raw_valid_in_bbox=0, ql_dist=None)
  npp 20260720_2350 … ✗ swath overlaps bbox but all pixels cloud/land masked (raw_valid_in_bbox=0, ql_dist=None)
  npp 20260721_0000 … ✗ swath overlaps bbox but all pixels cloud/land masked (raw_valid_in_bbox=0, ql_dist=None)
  npp 20260721_0010 … ✗ swath overlaps bbox but all pixels cloud/land masked (raw_valid_in_bbox=0, ql_dist=None)
  npp 20260721_0050 … ✗ swath overlaps bbox but all pixels cloud/land masked (raw_valid_in_bbox=0, ql_dist=None)
  npp 20260721_0100 … ✗ swath overlaps bbox but all pixels cloud/land masked (raw_valid_in_bbox=0, ql_dist=None)
  npp 20260721_0110 … ✗ swath overlaps bbox but all pixels cloud/land masked (raw_valid_in_bbox=0, ql_dist=None)
  npp 20260721_0150 … ✗ swath overlaps bbox but all pixels cloud/land masked (raw_valid_in_bbox=0, ql_dist=None)
  npp 20260721_0200 … ✗ swath overlaps bbox but all pixels cloud/land masked (raw_valid_in_bbox=0, ql_dist=None)
  npp 20260721_0210 … ✗ swath overlaps bbox but all pixels cloud/land masked (raw_valid_in_bbox=0, ql_dist=None)
  npp 20260721_0250 … ✗ swath overlaps bbox but all pixels cloud/land masked (raw_valid_in_bbox=0, ql_dist=None)
  npp 20260721_0300 … ✗ swath overlaps bbox but all pixels cloud/land masked (raw_valid_in_bbox=0, ql_dist=None)
  npp 20260721_0310 … ✗ swath overlaps bbox but all pixels cloud/land masked (raw_valid_in_bbox=0, ql_dist=None)
  npp 20260721_0350 … ✗ swath overlaps bbox but all pixels cloud/land masked (raw_valid_in_bbox=0, ql_dist=None)
  npp 20260721_0400 … ✗ swath overlaps bbox but all pixels cloud/land masked (raw_valid_in_bbox=0, ql_dist=None)
  npp 20260721_0410 … ✗ swath overlaps bbox but all pixels cloud/land masked (raw_valid_in_bbox=0, ql_dist=None)
  npp 20260721_0450 … ✗ swath overlaps bbox but all pixels cloud/land masked (raw_valid_in_bbox=0, ql_dist=None)
  npp 20260721_0500 … ✗ swath overlaps bbox but all pixels cloud/land masked (raw_valid_in_bbox=0, ql_dist=None)
  npp 20260721_0510 … ✗ swath overlaps bbox but all pixels cloud/land masked (raw_valid_in_bbox=0, ql_dist=None)
  npp 20260721_0550 … ✗ swath overlaps bbox but all pixels cloud/land masked (raw_valid_in_bbox=0, ql_dist=None)
  npp 20260721_0600 … ✗ swath overlaps bbox but all pixels cloud/land masked (raw_valid_in_bbox=0, ql_dist=None)
  npp 20260721_0610 … ✗ swath overlaps bbox but all pixels cloud/land masked (raw_valid_in_bbox=0, ql_dist=None)
  npp 20260721_0650 … ✗ swath overlaps bbox but all pixels cloud/land masked (raw_valid_in_bbox=0, ql_dist=None)
  npp 20260721_0700 … ✗ swath overlaps bbox but all pixels cloud/land masked (raw_valid_in_bbox=0, ql_dist=None)
  npp 20260721_0710 … ✗ swath overlaps bbox but all pixels cloud/land masked (raw_valid_in_bbox=0, ql_dist=None)
  npp 20260721_0750 … ✗ swath overlaps bbox but all pixels cloud/land masked (raw_valid_in_bbox=0, ql_dist=None)
  npp 20260721_0800 … ✗ swath overlaps bbox but all pixels cloud/land masked (raw_valid_in_bbox=0, ql_dist=None)
  npp 20260721_0810 ✓ (cached)
  npp 20260721_0850 … ✗ swath overlaps bbox but all pixels cloud/land masked (raw_valid_in_bbox=0, ql_dist=None)
  npp 20260721_0900 … ✗ swath overlaps bbox but all pixels cloud/land masked (raw_valid_in_bbox=0, ql_dist=None)
  npp 20260721_0910 … ✗ swath overlaps bbox but all pixels cloud/land masked (raw_valid_in_bbox=0, ql_dist=None)
  npp 20260721_0950 … ✗ swath overlaps bbox but all pixels cloud/land masked (raw_valid_in_bbox=0, ql_dist=None)
  npp 20260721_1000 … ✗ swath overlaps bbox but all pixels cloud/land masked (raw_valid_in_bbox=0, ql_dist=None)
  npp 20260721_1010 … ✗ swath overlaps bbox but all pixels cloud/land masked (raw_valid_in_bbox=0, ql_dist=None)
  npp 20260721_1050 … ✗ swath overlaps bbox but all pixels cloud/land masked (raw_valid_in_bbox=0, ql_dist=None)
  npp 20260721_1100 … ✗ swath overlaps bbox but all pixels cloud/land masked (raw_valid_in_bbox=0, ql_dist=None)
  npp 20260721_1110 … ✗ swath overlaps bbox but all pixels cloud/land masked (raw_valid_in_bbox=0, ql_dist=None)
  npp 20260721_1150 … ✗ swath overlaps bbox but all pixels cloud/land masked (raw_valid_in_bbox=0, ql_dist=None)
  npp 20260721_1200 … ✗ swath overlaps bbox but all pixels cloud/land masked (raw_valid_in_bbox=0, ql_dist=None)
  npp 20260721_1210 … ✗ swath overlaps bbox but all pixels cloud/land masked (raw_valid_in_bbox=0, ql_dist=None)
  npp 20260721_1250 … ✗ swath overlaps bbox but all pixels cloud/land masked (raw_valid_in_bbox=0, ql_dist=None)
  npp 20260721_1300 … ✗ swath overlaps bbox but all pixels cloud/land masked (raw_valid_in_bbox=0, ql_dist=None)
  npp 20260721_1310 … ✗ swath overlaps bbox but all pixels cloud/land masked (raw_valid_in_bbox=0, ql_dist=None)
  npp 20260721_1350 … ✗ swath overlaps bbox but all pixels cloud/land masked (raw_valid_in_bbox=0, ql_dist=None)
  npp 20260721_1400 … ✗ swath overlaps bbox but all pixels cloud/land masked (raw_valid_in_bbox=0, ql_dist=None)
  npp 20260721_1410 … ✗ swath overlaps bbox but all pixels cloud/land masked (raw_valid_in_bbox=0, ql_dist=None)
  npp 20260721_1450 … ✗ swath overlaps bbox but all pixels cloud/land masked (raw_valid_in_bbox=0, ql_dist=None)
  npp 20260721_1500 … ✗ swath overlaps bbox but all pixels cloud/land masked (raw_valid_in_bbox=0, ql_dist=None)
  npp 20260721_1510 … ✗ swath overlaps bbox but all pixels cloud/land masked (raw_valid_in_bbox=0, ql_dist=None)
  npp 20260721_1550 … ✗ swath overlaps bbox but all pixels cloud/land masked (raw_valid_in_bbox=0, ql_dist=None)
  npp 20260721_1600 … ✗ swath overlaps bbox but all pixels cloud/land masked (raw_valid_in_bbox=0, ql_dist=None)
  npp 20260721_1610 … ✗ swath overlaps bbox but all pixels cloud/land masked (raw_valid_in_bbox=0, ql_dist=None)
  npp 20260721_1650 … ✗ swath overlaps bbox but all pixels cloud/land masked (raw_valid_in_bbox=0, ql_dist=None)
  npp 20260721_1700 … ✗ swath overlaps bbox but all pixels cloud/land masked (raw_valid_in_bbox=0, ql_dist=None)
  npp 20260721_1710 … ✗ swath overlaps bbox but all pixels cloud/land masked (raw_valid_in_bbox=0, ql_dist=None)
  npp 20260721_1750 ✓ (cached)
  npp 20260721_1800 … ✗ swath overlaps bbox but all pixels cloud/land masked (raw_valid_in_bbox=0, ql_dist=None)
  npp 20260721_1810 … ✗ swath overlaps bbox but all pixels cloud/land masked (raw_valid_in_bbox=0, ql_dist=None)
  npp 20260721_1850 … ✗ swath overlaps bbox but all pixels cloud/land masked (raw_valid_in_bbox=0, ql_dist=None)
  npp 20260721_1900 … ✗ swath overlaps bbox but all pixels cloud/land masked (raw_valid_in_bbox=0, ql_dist=None)
  npp 20260721_1910 … ✗ swath overlaps bbox but all pixels cloud/land masked (raw_valid_in_bbox=0, ql_dist=None)
  n20 20260719_2050 … ✗ swath overlaps bbox but all pixels cloud/land masked (raw_valid_in_bbox=0, ql_dist=None)
  n20 20260719_2100 … ✗ swath overlaps bbox but all pixels cloud/land masked (raw_valid_in_bbox=0, ql_dist=None)
  n20 20260719_2110 … ✗ swath overlaps bbox but all pixels cloud/land masked (raw_valid_in_bbox=0, ql_dist=None)
  n20 20260719_2150 … ✗ swath overlaps bbox but all pixels cloud/land masked (raw_valid_in_bbox=0, ql_dist=None)
  n20 20260719_2200 … ✗ swath overlaps bbox but all pixels cloud/land masked (raw_valid_in_bbox=0, ql_dist=None)
  n20 20260719_2210 … ✗ swath overlaps bbox but all pixels cloud/land masked (raw_valid_in_bbox=0, ql_dist=None)
  n20 20260719_2250 … ✗ swath overlaps bbox but all pixels cloud/land masked (raw_valid_in_bbox=0, ql_dist=None)
  n20 20260719_2300 … ✗ swath overlaps bbox but all pixels cloud/land masked (raw_valid_in_bbox=0, ql_dist=None)
  n20 20260719_2310 … ✗ swath overlaps bbox but all pixels cloud/land masked (raw_valid_in_bbox=0, ql_dist=None)
  n20 20260719_2350 … ✗ swath overlaps bbox but all pixels cloud/land masked (raw_valid_in_bbox=0, ql_dist=None)
  n20 20260720_0000 … ✗ swath overlaps bbox but all pixels cloud/land masked (raw_valid_in_bbox=0, ql_dist=None)
  n20 20260720_0010 … ✗ swath overlaps bbox but all pixels cloud/land masked (raw_valid_in_bbox=0, ql_dist=None)
  n20 20260720_0050 … ✗ swath overlaps bbox but all pixels cloud/land masked (raw_valid_in_bbox=0, ql_dist=None)
  n20 20260720_0100 … ✗ swath overlaps bbox but all pixels cloud/land masked (raw_valid_in_bbox=0, ql_dist=None)
  n20 20260720_0110 … ✗ swath overlaps bbox but all pixels cloud/land masked (raw_valid_in_bbox=0, ql_dist=None)
  n20 20260720_0150 … ✗ swath overlaps bbox but all pixels cloud/land masked (raw_valid_in_bbox=0, ql_dist=None)
  n20 20260720_0200 … ✗ swath overlaps bbox but all pixels cloud/land masked (raw_valid_in_bbox=0, ql_dist=None)
  n20 20260720_0210 … ✗ swath overlaps bbox but all pixels cloud/land masked (raw_valid_in_bbox=0, ql_dist=None)
  n20 20260720_0250 … ✗ swath overlaps bbox but all pixels cloud/land masked (raw_valid_in_bbox=0, ql_dist=None)
  n20 20260720_0300 … ✗ swath overlaps bbox but all pixels cloud/land masked (raw_valid_in_bbox=0, ql_dist=None)
  n20 20260720_0310 … ✗ swath overlaps bbox but all pixels cloud/land masked (raw_valid_in_bbox=0, ql_dist=None)
  n20 20260720_0350 … ✗ swath overlaps bbox but all pixels cloud/land masked (raw_valid_in_bbox=0, ql_dist=None)
  n20 20260720_0400 … ✗ swath overlaps bbox but all pixels cloud/land masked (raw_valid_in_bbox=0, ql_dist=None)
  n20 20260720_0410 … ✗ swath overlaps bbox but all pixels cloud/land masked (raw_valid_in_bbox=0, ql_dist=None)
  n20 20260720_0450 … ✗ swath overlaps bbox but all pixels cloud/land masked (raw_valid_in_bbox=0, ql_dist=None)
  n20 20260720_0500 … ✗ swath overlaps bbox but all pixels cloud/land masked (raw_valid_in_bbox=0, ql_dist=None)
  n20 20260720_0510 … ✗ swath overlaps bbox but all pixels cloud/land masked (raw_valid_in_bbox=0, ql_dist=None)
  n20 20260720_0550 … ✗ swath overlaps bbox but all pixels cloud/land masked (raw_valid_in_bbox=0, ql_dist=None)
  n20 20260720_0600 … ✗ swath overlaps bbox but all pixels cloud/land masked (raw_valid_in_bbox=0, ql_dist=None)
  n20 20260720_0610 … ✗ swath overlaps bbox but all pixels cloud/land masked (raw_valid_in_bbox=0, ql_dist=None)
  n20 20260720_0650 … ✗ swath overlaps bbox but all pixels cloud/land masked (raw_valid_in_bbox=0, ql_dist=None)
  n20 20260720_0700 … ✗ swath overlaps bbox but all pixels cloud/land masked (raw_valid_in_bbox=0, ql_dist=None)
  n20 20260720_0710 ✓ (cached)
  n20 20260720_0750 … ✗ swath overlaps bbox but all pixels cloud/land masked (raw_valid_in_bbox=0, ql_dist=None)
  n20 20260720_0800 … ✗ swath overlaps bbox but all pixels cloud/land masked (raw_valid_in_bbox=0, ql_dist=None)
  n20 20260720_0810 … ✗ swath overlaps bbox but all pixels cloud/land masked (raw_valid_in_bbox=0, ql_dist=None)
  n20 20260720_0850 … ✗ swath overlaps bbox but all pixels cloud/land masked (raw_valid_in_bbox=0, ql_dist=None)
  n20 20260720_0900 … ✗ swath overlaps bbox but all pixels cloud/land masked (raw_valid_in_bbox=0, ql_dist=None)
  n20 20260720_0910 … ✗ swath overlaps bbox but all pixels cloud/land masked (raw_valid_in_bbox=0, ql_dist=None)
  n20 20260720_0950 … ✗ swath overlaps bbox but all pixels cloud/land masked (raw_valid_in_bbox=0, ql_dist=None)
  n20 20260720_1000 … ✗ swath overlaps bbox but all pixels cloud/land masked (raw_valid_in_bbox=0, ql_dist=None)
  n20 20260720_1010 … ✗ swath overlaps bbox but all pixels cloud/land masked (raw_valid_in_bbox=0, ql_dist=None)
  n20 20260720_1050 … ✗ swath overlaps bbox but all pixels cloud/land masked (raw_valid_in_bbox=0, ql_dist=None)
  n20 20260720_1100 … ✗ swath overlaps bbox but all pixels cloud/land masked (raw_valid_in_bbox=0, ql_dist=None)
  n20 20260720_1110 … ✗ swath overlaps bbox but all pixels cloud/land masked (raw_valid_in_bbox=0, ql_dist=None)
  n20 20260720_1150 … ✗ swath overlaps bbox but all pixels cloud/land masked (raw_valid_in_bbox=0, ql_dist=None)
  n20 20260720_1200 … ✗ swath overlaps bbox but all pixels cloud/land masked (raw_valid_in_bbox=0, ql_dist=None)
  n20 20260720_1210 … ✗ swath overlaps bbox but all pixels cloud/land masked (raw_valid_in_bbox=0, ql_dist=None)
  n20 20260720_1250 … ✗ swath overlaps bbox but all pixels cloud/land masked (raw_valid_in_bbox=0, ql_dist=None)
  n20 20260720_1300 … ✗ swath overlaps bbox but all pixels cloud/land masked (raw_valid_in_bbox=0, ql_dist=None)
  n20 20260720_1310 … ✗ swath overlaps bbox but all pixels cloud/land masked (raw_valid_in_bbox=0, ql_dist=None)
  n20 20260720_1350 … ✗ swath overlaps bbox but all pixels cloud/land masked (raw_valid_in_bbox=0, ql_dist=None)
  n20 20260720_1400 … ✗ swath overlaps bbox but all pixels cloud/land masked (raw_valid_in_bbox=0, ql_dist=None)
  n20 20260720_1410 … ✗ swath overlaps bbox but all pixels cloud/land masked (raw_valid_in_bbox=0, ql_dist=None)
  n20 20260720_1450 … ✗ swath overlaps bbox but all pixels cloud/land masked (raw_valid_in_bbox=0, ql_dist=None)
  n20 20260720_1500 … ✗ swath overlaps bbox but all pixels cloud/land masked (raw_valid_in_bbox=0, ql_dist=None)
  n20 20260720_1510 … ✗ swath overlaps bbox but all pixels cloud/land masked (raw_valid_in_bbox=0, ql_dist=None)
  n20 20260720_1550 … ✗ swath overlaps bbox but all pixels cloud/land masked (raw_valid_in_bbox=0, ql_dist=None)
  n20 20260720_1600 … ✗ swath overlaps bbox but all pixels cloud/land masked (raw_valid_in_bbox=0, ql_dist=None)
  n20 20260720_1610 … ✗ swath overlaps bbox but all pixels cloud/land masked (raw_valid_in_bbox=0, ql_dist=None)
  n20 20260720_1650 … ✗ swath overlaps bbox but all pixels cloud/land masked (raw_valid_in_bbox=0, ql_dist=None)
  n20 20260720_1700 … ✗ swath overlaps bbox but all pixels cloud/land masked (raw_valid_in_bbox=0, ql_dist=None)
  n20 20260720_1710 … ✗ swath overlaps bbox but all pixels cloud/land masked (raw_valid_in_bbox=0, ql_dist=None)
  n20 20260720_1750 … ✗ swath overlaps bbox but all pixels cloud/land masked (raw_valid_in_bbox=0, ql_dist=None)
  n20 20260720_1800 … ✗ swath overlaps bbox but all pixels cloud/land masked (raw_valid_in_bbox=0, ql_dist=None)
  n20 20260720_1810 … ✗ swath overlaps bbox but all pixels cloud/land masked (raw_valid_in_bbox=0, ql_dist=None)
  n20 20260720_1850 … ✗ swath overlaps bbox but all pixels cloud/land masked (raw_valid_in_bbox=0, ql_dist=None)
  n20 20260720_1900 … ✗ swath overlaps bbox but all pixels cloud/land masked (raw_valid_in_bbox=0, ql_dist=None)
  n20 20260720_1910 … ✗ swath overlaps bbox but all pixels cloud/land masked (raw_valid_in_bbox=0, ql_dist=None)
  n20 20260720_1950 … ✗ swath overlaps bbox but all pixels cloud/land masked (raw_valid_in_bbox=0, ql_dist=None)
  n20 20260720_2000 … ✗ swath overlaps bbox but all pixels cloud/land masked (raw_valid_in_bbox=0, ql_dist=None)
  n20 20260720_2010 … ✗ swath overlaps bbox but all pixels cloud/land masked (raw_valid_in_bbox=0, ql_dist=None)
  n20 20260720_2050 … ✗ swath overlaps bbox but all pixels cloud/land masked (raw_valid_in_bbox=0, ql_dist=None)
  n20 20260720_2100 … ✗ swath overlaps bbox but all pixels cloud/land masked (raw_valid_in_bbox=0, ql_dist=None)
  n20 20260720_2110 … ✗ swath overlaps bbox but all pixels cloud/land masked (raw_valid_in_bbox=0, ql_dist=None)
  n20 20260720_2150 … ✗ swath overlaps bbox but all pixels cloud/land masked (raw_valid_in_bbox=0, ql_dist=None)
  n20 20260720_2200 … ✗ swath overlaps bbox but all pixels cloud/land masked (raw_valid_in_bbox=0, ql_dist=None)
  n20 20260720_2210 … ✗ swath overlaps bbox but all pixels cloud/land masked (raw_valid_in_bbox=0, ql_dist=None)
  n20 20260720_2250 … ✗ swath overlaps bbox but all pixels cloud/land masked (raw_valid_in_bbox=0, ql_dist=None)
  n20 20260720_2300 … ✗ swath overlaps bbox but all pixels cloud/land masked (raw_valid_in_bbox=0, ql_dist=None)
  n20 20260720_2310 … ✗ swath overlaps bbox but all pixels cloud/land masked (raw_valid_in_bbox=0, ql_dist=None)
  n20 20260720_2350 … ✗ swath overlaps bbox but all pixels cloud/land masked (raw_valid_in_bbox=0, ql_dist=None)
  n20 20260721_0000 … ✗ swath overlaps bbox but all pixels cloud/land masked (raw_valid_in_bbox=0, ql_dist=None)
  n20 20260721_0010 … ✗ swath overlaps bbox but all pixels cloud/land masked (raw_valid_in_bbox=0, ql_dist=None)
  n20 20260721_0050 … ✗ swath overlaps bbox but all pixels cloud/land masked (raw_valid_in_bbox=0, ql_dist=None)
  n20 20260721_0100 … ✗ swath overlaps bbox but all pixels cloud/land masked (raw_valid_in_bbox=0, ql_dist=None)
  n20 20260721_0110 … ✗ swath overlaps bbox but all pixels cloud/land masked (raw_valid_in_bbox=0, ql_dist=None)
  n20 20260721_0150 … ✗ swath overlaps bbox but all pixels cloud/land masked (raw_valid_in_bbox=0, ql_dist=None)
  n20 20260721_0200 … ✗ swath overlaps bbox but all pixels cloud/land masked (raw_valid_in_bbox=0, ql_dist=None)
  n20 20260721_0210 … ✗ swath overlaps bbox but all pixels cloud/land masked (raw_valid_in_bbox=0, ql_dist=None)
  n20 20260721_0250 … ✗ swath overlaps bbox but all pixels cloud/land masked (raw_valid_in_bbox=0, ql_dist=None)
  n20 20260721_0300 … ✗ swath overlaps bbox but all pixels cloud/land masked (raw_valid_in_bbox=0, ql_dist=None)
  n20 20260721_0310 … ✗ swath overlaps bbox but all pixels cloud/land masked (raw_valid_in_bbox=0, ql_dist=None)
  n20 20260721_0350 … ✗ swath overlaps bbox but all pixels cloud/land masked (raw_valid_in_bbox=0, ql_dist=None)
  n20 20260721_0400 … ✗ swath overlaps bbox but all pixels cloud/land masked (raw_valid_in_bbox=0, ql_dist=None)
  n20 20260721_0410 … ✗ swath overlaps bbox but all pixels cloud/land masked (raw_valid_in_bbox=0, ql_dist=None)
  n20 20260721_0450 … ✗ swath overlaps bbox but all pixels cloud/land masked (raw_valid_in_bbox=0, ql_dist=None)
  n20 20260721_0500 … ✗ swath overlaps bbox but all pixels cloud/land masked (raw_valid_in_bbox=0, ql_dist=None)
  n20 20260721_0510 … ✗ swath overlaps bbox but all pixels cloud/land masked (raw_valid_in_bbox=0, ql_dist=None)
  n20 20260721_0550 … ✗ swath overlaps bbox but all pixels cloud/land masked (raw_valid_in_bbox=0, ql_dist=None)
  n20 20260721_0600 … ✗ swath overlaps bbox but all pixels cloud/land masked (raw_valid_in_bbox=0, ql_dist=None)
  n20 20260721_0610 … ✗ swath overlaps bbox but all pixels cloud/land masked (raw_valid_in_bbox=0, ql_dist=None)
  n20 20260721_0650 ✓ (cached)
  n20 20260721_0700 … ✗ swath overlaps bbox but all pixels cloud/land masked (raw_valid_in_bbox=0, ql_dist=None)
  n20 20260721_0710 … ✗ swath overlaps bbox but all pixels cloud/land masked (raw_valid_in_bbox=0, ql_dist=None)
  n20 20260721_0750 … ✗ swath overlaps bbox but all pixels cloud/land masked (raw_valid_in_bbox=0, ql_dist=None)
  n20 20260721_0800 … ✗ swath overlaps bbox but all pixels cloud/land masked (raw_valid_in_bbox=0, ql_dist=None)
  n20 20260721_0810 … ✗ swath overlaps bbox but all pixels cloud/land masked (raw_valid_in_bbox=0, ql_dist=None)
  n20 20260721_0850 … ✗ swath overlaps bbox but all pixels cloud/land masked (raw_valid_in_bbox=0, ql_dist=None)
  n20 20260721_0900 … ✗ swath overlaps bbox but all pixels cloud/land masked (raw_valid_in_bbox=0, ql_dist=None)
  n20 20260721_0910 … ✗ swath overlaps bbox but all pixels cloud/land masked (raw_valid_in_bbox=0, ql_dist=None)
  n20 20260721_0950 … ✗ swath overlaps bbox but all pixels cloud/land masked (raw_valid_in_bbox=0, ql_dist=None)
  n20 20260721_1000 … ✗ swath overlaps bbox but all pixels cloud/land masked (raw_valid_in_bbox=0, ql_dist=None)
  n20 20260721_1010 … ✗ swath overlaps bbox but all pixels cloud/land masked (raw_valid_in_bbox=0, ql_dist=None)
  n20 20260721_1050 … ✗ swath overlaps bbox but all pixels cloud/land masked (raw_valid_in_bbox=0, ql_dist=None)
  n20 20260721_1100 … ✗ swath overlaps bbox but all pixels cloud/land masked (raw_valid_in_bbox=0, ql_dist=None)
  n20 20260721_1110 … ✗ swath overlaps bbox but all pixels cloud/land masked (raw_valid_in_bbox=0, ql_dist=None)
  n20 20260721_1150 … ✗ swath overlaps bbox but all pixels cloud/land masked (raw_valid_in_bbox=0, ql_dist=None)
  n20 20260721_1200 … ✗ swath overlaps bbox but all pixels cloud/land masked (raw_valid_in_bbox=0, ql_dist=None)
  n20 20260721_1210 … ✗ swath overlaps bbox but all pixels cloud/land masked (raw_valid_in_bbox=0, ql_dist=None)
  n20 20260721_1250 … ✗ swath overlaps bbox but all pixels cloud/land masked (raw_valid_in_bbox=0, ql_dist=None)
  n20 20260721_1300 … ✗ swath overlaps bbox but all pixels cloud/land masked (raw_valid_in_bbox=0, ql_dist=None)
  n20 20260721_1310 … ✗ swath overlaps bbox but all pixels cloud/land masked (raw_valid_in_bbox=0, ql_dist=None)
  n20 20260721_1350 … ✗ swath overlaps bbox but all pixels cloud/land masked (raw_valid_in_bbox=0, ql_dist=None)
  n20 20260721_1400 … ✗ swath overlaps bbox but all pixels cloud/land masked (raw_valid_in_bbox=0, ql_dist=None)
  n20 20260721_1410 … ✗ swath overlaps bbox but all pixels cloud/land masked (raw_valid_in_bbox=0, ql_dist=None)
  n20 20260721_1450 … ✗ swath overlaps bbox but all pixels cloud/land masked (raw_valid_in_bbox=0, ql_dist=None)
  n20 20260721_1500 … ✗ swath overlaps bbox but all pixels cloud/land masked (raw_valid_in_bbox=0, ql_dist=None)
  n20 20260721_1510 … ✗ swath overlaps bbox but all pixels cloud/land masked (raw_valid_in_bbox=0, ql_dist=None)
  n20 20260721_1550 … ✗ swath overlaps bbox but all pixels cloud/land masked (raw_valid_in_bbox=0, ql_dist=None)
  n20 20260721_1600 … ✗ swath overlaps bbox but all pixels cloud/land masked (raw_valid_in_bbox=0, ql_dist=None)
  n20 20260721_1610 … ✗ swath overlaps bbox but all pixels cloud/land masked (raw_valid_in_bbox=0, ql_dist=None)
  n20 20260721_1650 … ✗ swath overlaps bbox but all pixels cloud/land masked (raw_valid_in_bbox=0, ql_dist=None)
  n20 20260721_1700 … ✗ swath overlaps bbox but all pixels cloud/land masked (raw_valid_in_bbox=0, ql_dist=None)
  n20 20260721_1710 … ✗ swath overlaps bbox but all pixels cloud/land masked (raw_valid_in_bbox=0, ql_dist=None)
  n20 20260721_1750 … ✗ swath overlaps bbox but all pixels cloud/land masked (raw_valid_in_bbox=0, ql_dist=None)
  n20 20260721_1800 ✓ (cached)
  n20 20260721_1810 …   → DailySSTData/VIIRS/Passes/ne_fl/viirs_n20_20260721_1810.csv  (11422 pts, 83 lats × 272 lons)
  n20 20260721_1850 … ✗ swath overlaps bbox but all pixels cloud/land masked (raw_valid_in_bbox=0, ql_dist=None)
  n20 20260721_1900 … ✗ swath overlaps bbox but all pixels cloud/land masked (raw_valid_in_bbox=0, ql_dist=None)
  n20 20260721_1910 … ✗ swath overlaps bbox but all pixels cloud/land masked (raw_valid_in_bbox=0, ql_dist=None)
  n20 20260721_1950 … ✗ swath overlaps bbox but all pixels cloud/land masked (raw_valid_in_bbox=0, ql_dist=None)
  n20 20260721_2000 … ✗ swath overlaps bbox but all pixels cloud/land masked (raw_valid_in_bbox=0, ql_dist=None)
  n21 20260719_2050 … ✗ swath overlaps bbox but all pixels cloud/land masked (raw_valid_in_bbox=0, ql_dist=None)
  n21 20260719_2100 … ✗ swath overlaps bbox but all pixels cloud/land masked (raw_valid_in_bbox=0, ql_dist=None)
  n21 20260719_2110 … ✗ swath overlaps bbox but all pixels cloud/land masked (raw_valid_in_bbox=0, ql_dist=None)
  n21 20260719_2150 … ✗ swath overlaps bbox but all pixels cloud/land masked (raw_valid_in_bbox=0, ql_dist=None)
  n21 20260719_2200 … ✗ swath overlaps bbox but all pixels cloud/land masked (raw_valid_in_bbox=0, ql_dist=None)
  n21 20260719_2210 … ✗ swath overlaps bbox but all pixels cloud/land masked (raw_valid_in_bbox=0, ql_dist=None)
  n21 20260719_2250 … ✗ swath overlaps bbox but all pixels cloud/land masked (raw_valid_in_bbox=0, ql_dist=None)
  n21 20260719_2300 … ✗ swath overlaps bbox but all pixels cloud/land masked (raw_valid_in_bbox=0, ql_dist=None)
  n21 20260719_2310 … ✗ swath overlaps bbox but all pixels cloud/land masked (raw_valid_in_bbox=0, ql_dist=None)
  n21 20260719_2350 … ✗ swath overlaps bbox but all pixels cloud/land masked (raw_valid_in_bbox=0, ql_dist=None)
  n21 20260720_0000 … ✗ swath overlaps bbox but all pixels cloud/land masked (raw_valid_in_bbox=0, ql_dist=None)
  n21 20260720_0010 … ✗ swath overlaps bbox but all pixels cloud/land masked (raw_valid_in_bbox=0, ql_dist=None)
  n21 20260720_0050 … ✗ swath overlaps bbox but all pixels cloud/land masked (raw_valid_in_bbox=0, ql_dist=None)
  n21 20260720_0100 … ✗ swath overlaps bbox but all pixels cloud/land masked (raw_valid_in_bbox=0, ql_dist=None)
  n21 20260720_0110 … ✗ swath overlaps bbox but all pixels cloud/land masked (raw_valid_in_bbox=0, ql_dist=None)
  n21 20260720_0150 … ✗ swath overlaps bbox but all pixels cloud/land masked (raw_valid_in_bbox=0, ql_dist=None)
  n21 20260720_0200 … ✗ swath overlaps bbox but all pixels cloud/land masked (raw_valid_in_bbox=0, ql_dist=None)
  n21 20260720_0210 … ✗ swath overlaps bbox but all pixels cloud/land masked (raw_valid_in_bbox=0, ql_dist=None)
  n21 20260720_0250 … ✗ swath overlaps bbox but all pixels cloud/land masked (raw_valid_in_bbox=0, ql_dist=None)
  n21 20260720_0300 … ✗ swath overlaps bbox but all pixels cloud/land masked (raw_valid_in_bbox=0, ql_dist=None)
  n21 20260720_0310 … ✗ swath overlaps bbox but all pixels cloud/land masked (raw_valid_in_bbox=0, ql_dist=None)
  n21 20260720_0350 … ✗ swath overlaps bbox but all pixels cloud/land masked (raw_valid_in_bbox=0, ql_dist=None)
  n21 20260720_0400 … ✗ swath overlaps bbox but all pixels cloud/land masked (raw_valid_in_bbox=0, ql_dist=None)
  n21 20260720_0410 … ✗ swath overlaps bbox but all pixels cloud/land masked (raw_valid_in_bbox=0, ql_dist=None)
  n21 20260720_0450 … ✗ swath overlaps bbox but all pixels cloud/land masked (raw_valid_in_bbox=0, ql_dist=None)
  n21 20260720_0500 … ✗ swath overlaps bbox but all pixels cloud/land masked (raw_valid_in_bbox=0, ql_dist=None)
  n21 20260720_0510 … ✗ swath overlaps bbox but all pixels cloud/land masked (raw_valid_in_bbox=0, ql_dist=None)
  n21 20260720_0550 … ✗ swath overlaps bbox but all pixels cloud/land masked (raw_valid_in_bbox=0, ql_dist=None)
  n21 20260720_0600 … ✗ swath overlaps bbox but all pixels cloud/land masked (raw_valid_in_bbox=0, ql_dist=None)
  n21 20260720_0610 ✓ (cached)
  n21 20260720_0650 … ✗ swath overlaps bbox but all pixels cloud/land masked (raw_valid_in_bbox=0, ql_dist=None)
  n21 20260720_0700 … ✗ swath overlaps bbox but all pixels cloud/land masked (raw_valid_in_bbox=0, ql_dist=None)
  n21 20260720_0710 … ✗ swath overlaps bbox but all pixels cloud/land masked (raw_valid_in_bbox=0, ql_dist=None)
  n21 20260720_0750 ✓ (cached)
  n21 20260720_0800 … ✗ swath overlaps bbox but all pixels cloud/land masked (raw_valid_in_bbox=0, ql_dist=None)
  n21 20260720_0810 … ✗ swath overlaps bbox but all pixels cloud/land masked (raw_valid_in_bbox=0, ql_dist=None)
  n21 20260720_0850 … ✗ swath overlaps bbox but all pixels cloud/land masked (raw_valid_in_bbox=0, ql_dist=None)
  n21 20260720_0900 … ✗ swath overlaps bbox but all pixels cloud/land masked (raw_valid_in_bbox=0, ql_dist=None)
  n21 20260720_0910 … ✗ swath overlaps bbox but all pixels cloud/land masked (raw_valid_in_bbox=0, ql_dist=None)
  n21 20260720_0950 … ✗ swath overlaps bbox but all pixels cloud/land masked (raw_valid_in_bbox=0, ql_dist=None)
  n21 20260720_1000 … ✗ swath overlaps bbox but all pixels cloud/land masked (raw_valid_in_bbox=0, ql_dist=None)
  n21 20260720_1010 … ✗ swath overlaps bbox but all pixels cloud/land masked (raw_valid_in_bbox=0, ql_dist=None)
  n21 20260720_1050 … ✗ swath overlaps bbox but all pixels cloud/land masked (raw_valid_in_bbox=0, ql_dist=None)
  n21 20260720_1100 … ✗ swath overlaps bbox but all pixels cloud/land masked (raw_valid_in_bbox=0, ql_dist=None)
  n21 20260720_1110 … ✗ swath overlaps bbox but all pixels cloud/land masked (raw_valid_in_bbox=0, ql_dist=None)
  n21 20260720_1150 … ✗ swath overlaps bbox but all pixels cloud/land masked (raw_valid_in_bbox=0, ql_dist=None)
  n21 20260720_1200 … ✗ swath overlaps bbox but all pixels cloud/land masked (raw_valid_in_bbox=0, ql_dist=None)
  n21 20260720_1210 … ✗ swath overlaps bbox but all pixels cloud/land masked (raw_valid_in_bbox=0, ql_dist=None)
  n21 20260720_1250 … ✗ swath overlaps bbox but all pixels cloud/land masked (raw_valid_in_bbox=0, ql_dist=None)
  n21 20260720_1300 … ✗ swath overlaps bbox but all pixels cloud/land masked (raw_valid_in_bbox=0, ql_dist=None)
  n21 20260720_1310 … ✗ swath overlaps bbox but all pixels cloud/land masked (raw_valid_in_bbox=0, ql_dist=None)
  n21 20260720_1350 … ✗ swath overlaps bbox but all pixels cloud/land masked (raw_valid_in_bbox=0, ql_dist=None)
  n21 20260720_1400 … ✗ swath overlaps bbox but all pixels cloud/land masked (raw_valid_in_bbox=0, ql_dist=None)
  n21 20260720_1410 … ✗ swath overlaps bbox but all pixels cloud/land masked (raw_valid_in_bbox=0, ql_dist=None)
  n21 20260720_1450 … ✗ swath overlaps bbox but all pixels cloud/land masked (raw_valid_in_bbox=0, ql_dist=None)
  n21 20260720_1500 … ✗ swath overlaps bbox but all pixels cloud/land masked (raw_valid_in_bbox=0, ql_dist=None)
  n21 20260720_1510 … ✗ swath overlaps bbox but all pixels cloud/land masked (raw_valid_in_bbox=0, ql_dist=None)
  n21 20260720_1550 … ✗ swath overlaps bbox but all pixels cloud/land masked (raw_valid_in_bbox=0, ql_dist=None)
  n21 20260720_1600 … ✗ swath overlaps bbox but all pixels cloud/land masked (raw_valid_in_bbox=0, ql_dist=None)
  n21 20260720_1610 … ✗ swath overlaps bbox but all pixels cloud/land masked (raw_valid_in_bbox=0, ql_dist=None)
  n21 20260720_1650 … ✗ swath overlaps bbox but all pixels cloud/land masked (raw_valid_in_bbox=0, ql_dist=None)
  n21 20260720_1700 … ✗ swath overlaps bbox but all pixels cloud/land masked (raw_valid_in_bbox=0, ql_dist=None)
  n21 20260720_1710 … ✗ swath overlaps bbox but all pixels cloud/land masked (raw_valid_in_bbox=0, ql_dist=None)
  n21 20260720_1750 … ✗ swath overlaps bbox but all pixels cloud/land masked (raw_valid_in_bbox=0, ql_dist=None)
  n21 20260720_1800 … ✗ swath overlaps bbox but all pixels cloud/land masked (raw_valid_in_bbox=0, ql_dist=None)
  n21 20260720_1810 … ✗ swath overlaps bbox but all pixels cloud/land masked (raw_valid_in_bbox=0, ql_dist=None)
  n21 20260720_1850 … ✗ swath overlaps bbox but all pixels cloud/land masked (raw_valid_in_bbox=0, ql_dist=None)
  n21 20260720_1900 … ✗ swath overlaps bbox but all pixels cloud/land masked (raw_valid_in_bbox=0, ql_dist=None)
  n21 20260720_1910 ✓ (cached)
  n21 20260720_1950 … ✗ swath overlaps bbox but all pixels cloud/land masked (raw_valid_in_bbox=0, ql_dist=None)
  n21 20260720_2000 … ✗ swath overlaps bbox but all pixels cloud/land masked (raw_valid_in_bbox=0, ql_dist=None)
  n21 20260720_2010 … ✗ swath overlaps bbox but all pixels cloud/land masked (raw_valid_in_bbox=0, ql_dist=None)
  n21 20260720_2050 … ✗ swath overlaps bbox but all pixels cloud/land masked (raw_valid_in_bbox=0, ql_dist=None)
  n21 20260720_2100 … ✗ swath overlaps bbox but all pixels cloud/land masked (raw_valid_in_bbox=0, ql_dist=None)
  n21 20260720_2110 … ✗ swath overlaps bbox but all pixels cloud/land masked (raw_valid_in_bbox=0, ql_dist=None)
  n21 20260720_2150 … ✗ swath overlaps bbox but all pixels cloud/land masked (raw_valid_in_bbox=0, ql_dist=None)
  n21 20260720_2200 … ✗ swath overlaps bbox but all pixels cloud/land masked (raw_valid_in_bbox=0, ql_dist=None)
  n21 20260720_2210 … ✗ swath overlaps bbox but all pixels cloud/land masked (raw_valid_in_bbox=0, ql_dist=None)
  n21 20260720_2250 … ✗ swath overlaps bbox but all pixels cloud/land masked (raw_valid_in_bbox=0, ql_dist=None)
  n21 20260720_2300 … ✗ swath overlaps bbox but all pixels cloud/land masked (raw_valid_in_bbox=0, ql_dist=None)
  n21 20260720_2310 … ✗ swath overlaps bbox but all pixels cloud/land masked (raw_valid_in_bbox=0, ql_dist=None)
  n21 20260720_2350 … ✗ swath overlaps bbox but all pixels cloud/land masked (raw_valid_in_bbox=0, ql_dist=None)
  n21 20260721_0000 … ✗ swath overlaps bbox but all pixels cloud/land masked (raw_valid_in_bbox=0, ql_dist=None)
  n21 20260721_0010 … ✗ swath overlaps bbox but all pixels cloud/land masked (raw_valid_in_bbox=0, ql_dist=None)
  n21 20260721_0050 … ✗ swath overlaps bbox but all pixels cloud/land masked (raw_valid_in_bbox=0, ql_dist=None)
  n21 20260721_0100 … ✗ swath overlaps bbox but all pixels cloud/land masked (raw_valid_in_bbox=0, ql_dist=None)
  n21 20260721_0110 … ✗ swath overlaps bbox but all pixels cloud/land masked (raw_valid_in_bbox=0, ql_dist=None)
  n21 20260721_0150 … ✗ swath overlaps bbox but all pixels cloud/land masked (raw_valid_in_bbox=0, ql_dist=None)
  n21 20260721_0200 … ✗ swath overlaps bbox but all pixels cloud/land masked (raw_valid_in_bbox=0, ql_dist=None)
  n21 20260721_0210 … ✗ swath overlaps bbox but all pixels cloud/land masked (raw_valid_in_bbox=0, ql_dist=None)
  n21 20260721_0250 … ✗ swath overlaps bbox but all pixels cloud/land masked (raw_valid_in_bbox=0, ql_dist=None)
  n21 20260721_0300 … ✗ swath overlaps bbox but all pixels cloud/land masked (raw_valid_in_bbox=0, ql_dist=None)
  n21 20260721_0310 … ✗ swath overlaps bbox but all pixels cloud/land masked (raw_valid_in_bbox=0, ql_dist=None)
  n21 20260721_0350 … ✗ swath overlaps bbox but all pixels cloud/land masked (raw_valid_in_bbox=0, ql_dist=None)
  n21 20260721_0400 … ✗ swath overlaps bbox but all pixels cloud/land masked (raw_valid_in_bbox=0, ql_dist=None)
  n21 20260721_0410 … ✗ swath overlaps bbox but all pixels cloud/land masked (raw_valid_in_bbox=0, ql_dist=None)
  n21 20260721_0450 … ✗ swath overlaps bbox but all pixels cloud/land masked (raw_valid_in_bbox=0, ql_dist=None)
  n21 20260721_0500 … ✗ swath overlaps bbox but all pixels cloud/land masked (raw_valid_in_bbox=0, ql_dist=None)
  n21 20260721_0510 … ✗ swath overlaps bbox but all pixels cloud/land masked (raw_valid_in_bbox=0, ql_dist=None)
  n21 20260721_0550 ✓ (cached)
  n21 20260721_0600 … ✗ swath overlaps bbox but all pixels cloud/land masked (raw_valid_in_bbox=0, ql_dist=None)
  n21 20260721_0610 … ✗ swath overlaps bbox but all pixels cloud/land masked (raw_valid_in_bbox=0, ql_dist=None)
  n21 20260721_0650 … ✗ swath overlaps bbox but all pixels cloud/land masked (raw_valid_in_bbox=0, ql_dist=None)
  n21 20260721_0700 … ✗ swath overlaps bbox but all pixels cloud/land masked (raw_valid_in_bbox=0, ql_dist=None)
  n21 20260721_0710 … ✗ swath overlaps bbox but all pixels cloud/land masked (raw_valid_in_bbox=0, ql_dist=None)
  n21 20260721_0750 … ✗ swath overlaps bbox but all pixels cloud/land masked (raw_valid_in_bbox=0, ql_dist=None)
  n21 20260721_0800 … ✗ swath overlaps bbox but all pixels cloud/land masked (raw_valid_in_bbox=0, ql_dist=None)
  n21 20260721_0810 … ✗ swath overlaps bbox but all pixels cloud/land masked (raw_valid_in_bbox=0, ql_dist=None)
  n21 20260721_0850 … ✗ swath overlaps bbox but all pixels cloud/land masked (raw_valid_in_bbox=0, ql_dist=None)
  n21 20260721_0900 … ✗ swath overlaps bbox but all pixels cloud/land masked (raw_valid_in_bbox=0, ql_dist=None)
  n21 20260721_0910 … ✗ swath overlaps bbox but all pixels cloud/land masked (raw_valid_in_bbox=0, ql_dist=None)
  n21 20260721_0950 … ✗ swath overlaps bbox but all pixels cloud/land masked (raw_valid_in_bbox=0, ql_dist=None)
  n21 20260721_1000 … ✗ swath overlaps bbox but all pixels cloud/land masked (raw_valid_in_bbox=0, ql_dist=None)
  n21 20260721_1010 … ✗ swath overlaps bbox but all pixels cloud/land masked (raw_valid_in_bbox=0, ql_dist=None)
  n21 20260721_1050 … ✗ swath overlaps bbox but all pixels cloud/land masked (raw_valid_in_bbox=0, ql_dist=None)
  n21 20260721_1100 … ✗ swath overlaps bbox but all pixels cloud/land masked (raw_valid_in_bbox=0, ql_dist=None)
  n21 20260721_1110 … ✗ swath overlaps bbox but all pixels cloud/land masked (raw_valid_in_bbox=0, ql_dist=None)
  n21 20260721_1150 … ✗ swath overlaps bbox but all pixels cloud/land masked (raw_valid_in_bbox=0, ql_dist=None)
  n21 20260721_1200 … ✗ swath overlaps bbox but all pixels cloud/land masked (raw_valid_in_bbox=0, ql_dist=None)
  n21 20260721_1210 … ✗ swath overlaps bbox but all pixels cloud/land masked (raw_valid_in_bbox=0, ql_dist=None)
  n21 20260721_1250 … ✗ swath overlaps bbox but all pixels cloud/land masked (raw_valid_in_bbox=0, ql_dist=None)
  n21 20260721_1300 … ✗ swath overlaps bbox but all pixels cloud/land masked (raw_valid_in_bbox=0, ql_dist=None)
  n21 20260721_1310 … ✗ swath overlaps bbox but all pixels cloud/land masked (raw_valid_in_bbox=0, ql_dist=None)
  n21 20260721_1350 … ✗ swath overlaps bbox but all pixels cloud/land masked (raw_valid_in_bbox=0, ql_dist=None)
  n21 20260721_1400 … ✗ swath overlaps bbox but all pixels cloud/land masked (raw_valid_in_bbox=0, ql_dist=None)
  n21 20260721_1410 … ✗ swath overlaps bbox but all pixels cloud/land masked (raw_valid_in_bbox=0, ql_dist=None)
  n21 20260721_1450 … ✗ swath overlaps bbox but all pixels cloud/land masked (raw_valid_in_bbox=0, ql_dist=None)
  n21 20260721_1500 … ✗ swath overlaps bbox but all pixels cloud/land masked (raw_valid_in_bbox=0, ql_dist=None)
  n21 20260721_1510 … ✗ swath overlaps bbox but all pixels cloud/land masked (raw_valid_in_bbox=0, ql_dist=None)
  n21 20260721_1550 … ✗ swath overlaps bbox but all pixels cloud/land masked (raw_valid_in_bbox=0, ql_dist=None)
  n21 20260721_1600 … ✗ swath overlaps bbox but all pixels cloud/land masked (raw_valid_in_bbox=0, ql_dist=None)
  n21 20260721_1610 … ✗ swath overlaps bbox but all pixels cloud/land masked (raw_valid_in_bbox=0, ql_dist=None)
  n21 20260721_1650 … ✗ swath overlaps bbox but all pixels cloud/land masked (raw_valid_in_bbox=0, ql_dist=None)
  n21 20260721_1700 … ✗ swath overlaps bbox but all pixels cloud/land masked (raw_valid_in_bbox=0, ql_dist=None)
  n21 20260721_1710 ✓ (cached)
  n21 20260721_1750 … ✗ swath overlaps bbox but all pixels cloud/land masked (raw_valid_in_bbox=0, ql_dist=None)
  n21 20260721_1800 … ✗ swath overlaps bbox but all pixels cloud/land masked (raw_valid_in_bbox=0, ql_dist=None)
  n21 20260721_1810 … ✗ swath overlaps bbox but all pixels cloud/land masked (raw_valid_in_bbox=0, ql_dist=None)
  n21 20260721_1850 …   → DailySSTData/VIIRS/Passes/ne_fl/viirs_n21_20260721_1850.csv  (27406 pts, 225 lats × 280 lons)
  n21 20260721_1900 … ✗ swath overlaps bbox but all pixels cloud/land masked (raw_valid_in_bbox=0, ql_dist=None)
  n21 20260721_1910 … ✗ swath overlaps bbox but all pixels cloud/land masked (raw_valid_in_bbox=0, ql_dist=None)
  n21 20260721_1950 … ✗ swath overlaps bbox but all pixels cloud/land masked (raw_valid_in_bbox=0, ql_dist=None)

  VIIRS summary: 2 written, 10 cached, 345 miss/cloud, 604 outside windows.

=========================================================
✓ Pipeline complete
=========================================================
========================================
RUNNING REGION: va_ri
========================================
=========================================================
SST PIPELINE
  UTC    : 2026-07-21 20:51:39
  Region : va_ri
  Bbox   : 37.26–41.51°N  -77.46–-68.97°E
  Output : DailySSTData/MUR/va_ri  (and siblings)
=========================================================

── MUR daily composite (last 5 days) ──
  ✓ MUR 20260720 (cached)
  ✓ MUR 20260719 (cached)
  ✓ MUR 20260718 (cached)
  ✓ MUR 20260717 (cached)
  ✓ MUR 20260716 (cached)

── GOES-19 geo-polar blended daily composite ──
  Candidates: 4 (2 hosts × 2 dataset IDs)
  GOES 20260721 [noaa/noaacwBLENDEDsstDLDaily] … ✗ RuntimeError: 404 — no data for this date
  GOES 20260721 [noaa/noaacwBLENDEDsstDaily] … ✗ RuntimeError: 404 — no data for this date
  GOES 20260721 [pfeg/noaacwBLENDEDsstDLDaily] … ✗ RuntimeError: 404 — no data for this date
  GOES 20260721 [pfeg/noaacwBLENDEDsstDaily] … ✗ RuntimeError: 404 — no data for this date
  GOES 20260720 [noaa/noaacwBLENDEDsstDLDaily] … ✗ RuntimeError: 404 — no data for this date
  GOES 20260720 [noaa/noaacwBLENDEDsstDaily] … ✗ RuntimeError: 404 — no data for this date
  GOES 20260720 [pfeg/noaacwBLENDEDsstDLDaily] … ✗ RuntimeError: 404 — no data for this date
  GOES 20260720 [pfeg/noaacwBLENDEDsstDaily] … ✗ RuntimeError: 404 — no data for this date
  ✓ GOES composite 20260719 (cached)

── VIIRS multi-pass (last 48h — NPP/N20/N21) ──
  ✓ VIIRS NRT base: https://www.star.nesdis.noaa.gov/pub/socd2/coastwatch/sst/nrt/viirs
  Hourly windows : 48
  Window range   : 2026-07-19 20:50Z → 2026-07-21 20:10Z
  Half-width     : ±10 min per bucket
  npp 20260720_1950 … ✗ swath overlaps bbox but all pixels cloud/land masked (raw_valid_in_bbox=0, ql_dist=None)
  npp 20260720_2000 … ✗ swath overlaps bbox but all pixels cloud/land masked (raw_valid_in_bbox=0, ql_dist=None)
  npp 20260720_2010 … ✗ swath overlaps bbox but all pixels cloud/land masked (raw_valid_in_bbox=0, ql_dist=None)
  npp 20260720_2050 … ✗ swath overlaps bbox but all pixels cloud/land masked (raw_valid_in_bbox=0, ql_dist=None)
  npp 20260720_2100 … ✗ swath overlaps bbox but all pixels cloud/land masked (raw_valid_in_bbox=0, ql_dist=None)
  npp 20260720_2110 … ✗ swath overlaps bbox but all pixels cloud/land masked (raw_valid_in_bbox=0, ql_dist=None)
  npp 20260720_2150 … ✗ swath overlaps bbox but all pixels cloud/land masked (raw_valid_in_bbox=0, ql_dist=None)
  npp 20260720_2200 … ✗ swath overlaps bbox but all pixels cloud/land masked (raw_valid_in_bbox=0, ql_dist=None)
  npp 20260720_2210 … ✗ swath overlaps bbox but all pixels cloud/land masked (raw_valid_in_bbox=0, ql_dist=None)
  npp 20260720_2250 … ✗ swath overlaps bbox but all pixels cloud/land masked (raw_valid_in_bbox=0, ql_dist=None)
  npp 20260720_2300 … ✗ swath overlaps bbox but all pixels cloud/land masked (raw_valid_in_bbox=0, ql_dist=None)
  npp 20260720_2310 … ✗ swath overlaps bbox but all pixels cloud/land masked (raw_valid_in_bbox=0, ql_dist=None)
  npp 20260720_2350 … ✗ swath overlaps bbox but all pixels cloud/land masked (raw_valid_in_bbox=0, ql_dist=None)
  npp 20260721_0000 … ✗ swath overlaps bbox but all pixels cloud/land masked (raw_valid_in_bbox=0, ql_dist=None)
  npp 20260721_0010 … ✗ swath overlaps bbox but all pixels cloud/land masked (raw_valid_in_bbox=0, ql_dist=None)
  npp 20260721_0050 … ✗ swath overlaps bbox but all pixels cloud/land masked (raw_valid_in_bbox=0, ql_dist=None)
  npp 20260721_0100 … ✗ swath overlaps bbox but all pixels cloud/land masked (raw_valid_in_bbox=0, ql_dist=None)
  npp 20260721_0110 … ✗ swath overlaps bbox but all pixels cloud/land masked (raw_valid_in_bbox=0, ql_dist=None)
  npp 20260721_0150 … ✗ swath overlaps bbox but all pixels cloud/land masked (raw_valid_in_bbox=0, ql_dist=None)
  npp 20260721_0200 … ✗ swath overlaps bbox but all pixels cloud/land masked (raw_valid_in_bbox=0, ql_dist=None)
  npp 20260721_0210 … ✗ swath overlaps bbox but all pixels cloud/land masked (raw_valid_in_bbox=0, ql_dist=None)
  npp 20260721_0250 … ✗ swath overlaps bbox but all pixels cloud/land masked (raw_valid_in_bbox=0, ql_dist=None)
  npp 20260721_0300 … ✗ swath overlaps bbox but all pixels cloud/land masked (raw_valid_in_bbox=0, ql_dist=None)
  npp 20260721_0310 … ✗ swath overlaps bbox but all pixels cloud/land masked (raw_valid_in_bbox=0, ql_dist=None)
  npp 20260721_0350 … ✗ swath overlaps bbox but all pixels cloud/land masked (raw_valid_in_bbox=0, ql_dist=None)
  npp 20260721_0400 … ✗ swath overlaps bbox but all pixels cloud/land masked (raw_valid_in_bbox=0, ql_dist=None)
  npp 20260721_0410 … ✗ swath overlaps bbox but all pixels cloud/land masked (raw_valid_in_bbox=0, ql_dist=None)
  npp 20260721_0450 … ✗ swath overlaps bbox but all pixels cloud/land masked (raw_valid_in_bbox=0, ql_dist=None)
  npp 20260721_0500 … ✗ swath overlaps bbox but all pixels cloud/land masked (raw_valid_in_bbox=0, ql_dist=None)
  npp 20260721_0510 … ✗ swath overlaps bbox but all pixels cloud/land masked (raw_valid_in_bbox=0, ql_dist=None)
  npp 20260721_0550 … ✗ swath overlaps bbox but all pixels cloud/land masked (raw_valid_in_bbox=0, ql_dist=None)
  npp 20260721_0600 … ✗ swath overlaps bbox but all pixels cloud/land masked (raw_valid_in_bbox=0, ql_dist=None)
  npp 20260721_0610 … ✗ swath overlaps bbox but all pixels cloud/land masked (raw_valid_in_bbox=0, ql_dist=None)
  npp 20260721_0650 … ✗ swath overlaps bbox but all pixels cloud/land masked (raw_valid_in_bbox=0, ql_dist=None)
  npp 20260721_0700 … ✗ swath overlaps bbox but all pixels cloud/land masked (raw_valid_in_bbox=0, ql_dist=None)
  npp 20260721_0710 … ✗ swath overlaps bbox but all pixels cloud/land masked (raw_valid_in_bbox=0, ql_dist=None)
  npp 20260721_0750 … ✗ swath overlaps bbox but all pixels cloud/land masked (raw_valid_in_bbox=0, ql_dist=None)
  npp 20260721_0800 … ✗ swath overlaps bbox but all pixels cloud/land masked (raw_valid_in_bbox=0, ql_dist=None)
  npp 20260721_0810 ✓ (cached)
  npp 20260721_0850 … ✗ swath overlaps bbox but all pixels cloud/land masked (raw_valid_in_bbox=0, ql_dist=None)
  npp 20260721_0900 … ✗ swath overlaps bbox but all pixels cloud/land masked (raw_valid_in_bbox=0, ql_dist=None)
  npp 20260721_0910 … ✗ swath overlaps bbox but all pixels cloud/land masked (raw_valid_in_bbox=0, ql_dist=None)
  npp 20260721_0950 … ✗ swath overlaps bbox but all pixels cloud/land masked (raw_valid_in_bbox=0, ql_dist=None)
  npp 20260721_1000 … ✗ swath overlaps bbox but all pixels cloud/land masked (raw_valid_in_bbox=0, ql_dist=None)
  npp 20260721_1010 … ✗ swath overlaps bbox but all pixels cloud/land masked (raw_valid_in_bbox=0, ql_dist=None)
  npp 20260721_1050 … ✗ swath overlaps bbox but all pixels cloud/land masked (raw_valid_in_bbox=0, ql_dist=None)
  npp 20260721_1100 … ✗ swath overlaps bbox but all pixels cloud/land masked (raw_valid_in_bbox=0, ql_dist=None)
  npp 20260721_1110 … ✗ swath overlaps bbox but all pixels cloud/land masked (raw_valid_in_bbox=0, ql_dist=None)
  npp 20260721_1150 … ✗ swath overlaps bbox but all pixels cloud/land masked (raw_valid_in_bbox=0, ql_dist=None)
  npp 20260721_1200 … ✗ swath overlaps bbox but all pixels cloud/land masked (raw_valid_in_bbox=0, ql_dist=None)
  npp 20260721_1210 … ✗ swath overlaps bbox but all pixels cloud/land masked (raw_valid_in_bbox=0, ql_dist=None)
  npp 20260721_1250 … ✗ swath overlaps bbox but all pixels cloud/land masked (raw_valid_in_bbox=0, ql_dist=None)
  npp 20260721_1300 … ✗ swath overlaps bbox but all pixels cloud/land masked (raw_valid_in_bbox=0, ql_dist=None)
  npp 20260721_1310 … ✗ swath overlaps bbox but all pixels cloud/land masked (raw_valid_in_bbox=0, ql_dist=None)
  npp 20260721_1350 … ✗ swath overlaps bbox but all pixels cloud/land masked (raw_valid_in_bbox=0, ql_dist=None)
  npp 20260721_1400 … ✗ swath overlaps bbox but all pixels cloud/land masked (raw_valid_in_bbox=0, ql_dist=None)
  npp 20260721_1410 … ✗ swath overlaps bbox but all pixels cloud/land masked (raw_valid_in_bbox=0, ql_dist=None)
  npp 20260721_1450 … ✗ swath overlaps bbox but all pixels cloud/land masked (raw_valid_in_bbox=0, ql_dist=None)
  npp 20260721_1500 … ✗ swath overlaps bbox but all pixels cloud/land masked (raw_valid_in_bbox=0, ql_dist=None)
  npp 20260721_1510 … ✗ swath overlaps bbox but all pixels cloud/land masked (raw_valid_in_bbox=0, ql_dist=None)
  npp 20260721_1550 … ✗ swath overlaps bbox but all pixels cloud/land masked (raw_valid_in_bbox=0, ql_dist=None)
  npp 20260721_1600 … ✗ swath overlaps bbox but all pixels cloud/land masked (raw_valid_in_bbox=0, ql_dist=None)
  npp 20260721_1610 … ✗ swath overlaps bbox but all pixels cloud/land masked (raw_valid_in_bbox=0, ql_dist=None)
  npp 20260721_1650 … ✗ swath overlaps bbox but all pixels cloud/land masked (raw_valid_in_bbox=0, ql_dist=None)
  npp 20260721_1700 … ✗ swath overlaps bbox but all pixels cloud/land masked (raw_valid_in_bbox=0, ql_dist=None)
  npp 20260721_1710 … ✗ swath overlaps bbox but all pixels cloud/land masked (raw_valid_in_bbox=0, ql_dist=None)
  npp 20260721_1750 ✓ (cached)
  npp 20260721_1800 … ✗ swath overlaps bbox but all pixels cloud/land masked (raw_valid_in_bbox=0, ql_dist=None)
  npp 20260721_1810 … ✗ swath overlaps bbox but all pixels cloud/land masked (raw_valid_in_bbox=0, ql_dist=None)
  npp 20260721_1850 … ✗ swath overlaps bbox but all pixels cloud/land masked (raw_valid_in_bbox=0, ql_dist=None)
  npp 20260721_1900 … ✗ swath overlaps bbox but all pixels cloud/land masked (raw_valid_in_bbox=0, ql_dist=None)
  npp 20260721_1910 … ✗ swath overlaps bbox but all pixels cloud/land masked (raw_valid_in_bbox=0, ql_dist=None)
  n20 20260719_2050 … ✗ swath overlaps bbox but all pixels cloud/land masked (raw_valid_in_bbox=0, ql_dist=None)
  n20 20260719_2100 … ✗ swath overlaps bbox but all pixels cloud/land masked (raw_valid_in_bbox=0, ql_dist=None)
  n20 20260719_2110 … ✗ swath overlaps bbox but all pixels cloud/land masked (raw_valid_in_bbox=0, ql_dist=None)
  n20 20260719_2150 … ✗ swath overlaps bbox but all pixels cloud/land masked (raw_valid_in_bbox=0, ql_dist=None)
  n20 20260719_2200 … ✗ swath overlaps bbox but all pixels cloud/land masked (raw_valid_in_bbox=0, ql_dist=None)
  n20 20260719_2210 … ✗ swath overlaps bbox but all pixels cloud/land masked (raw_valid_in_bbox=0, ql_dist=None)
  n20 20260719_2250 … ✗ swath overlaps bbox but all pixels cloud/land masked (raw_valid_in_bbox=0, ql_dist=None)
  n20 20260719_2300 … ✗ swath overlaps bbox but all pixels cloud/land masked (raw_valid_in_bbox=0, ql_dist=None)
  n20 20260719_2310 … ✗ swath overlaps bbox but all pixels cloud/land masked (raw_valid_in_bbox=0, ql_dist=None)
  n20 20260719_2350 … ✗ swath overlaps bbox but all pixels cloud/land masked (raw_valid_in_bbox=0, ql_dist=None)
  n20 20260720_0000 … ✗ swath overlaps bbox but all pixels cloud/land masked (raw_valid_in_bbox=0, ql_dist=None)
  n20 20260720_0010 … ✗ swath overlaps bbox but all pixels cloud/land masked (raw_valid_in_bbox=0, ql_dist=None)
  n20 20260720_0050 … ✗ swath overlaps bbox but all pixels cloud/land masked (raw_valid_in_bbox=0, ql_dist=None)
  n20 20260720_0100 … ✗ swath overlaps bbox but all pixels cloud/land masked (raw_valid_in_bbox=0, ql_dist=None)
  n20 20260720_0110 … ✗ swath overlaps bbox but all pixels cloud/land masked (raw_valid_in_bbox=0, ql_dist=None)
  n20 20260720_0150 … ✗ swath overlaps bbox but all pixels cloud/land masked (raw_valid_in_bbox=0, ql_dist=None)
  n20 20260720_0200 … ✗ swath overlaps bbox but all pixels cloud/land masked (raw_valid_in_bbox=0, ql_dist=None)
  n20 20260720_0210 … ✗ swath overlaps bbox but all pixels cloud/land masked (raw_valid_in_bbox=0, ql_dist=None)
  n20 20260720_0250 … ✗ swath overlaps bbox but all pixels cloud/land masked (raw_valid_in_bbox=0, ql_dist=None)
  n20 20260720_0300 … ✗ swath overlaps bbox but all pixels cloud/land masked (raw_valid_in_bbox=0, ql_dist=None)
  n20 20260720_0310 … ✗ swath overlaps bbox but all pixels cloud/land masked (raw_valid_in_bbox=0, ql_dist=None)
  n20 20260720_0350 … ✗ swath overlaps bbox but all pixels cloud/land masked (raw_valid_in_bbox=0, ql_dist=None)
  n20 20260720_0400 … ✗ swath overlaps bbox but all pixels cloud/land masked (raw_valid_in_bbox=0, ql_dist=None)
  n20 20260720_0410 … ✗ swath overlaps bbox but all pixels cloud/land masked (raw_valid_in_bbox=0, ql_dist=None)
  n20 20260720_0450 … ✗ swath overlaps bbox but all pixels cloud/land masked (raw_valid_in_bbox=0, ql_dist=None)
  n20 20260720_0500 … ✗ swath overlaps bbox but all pixels cloud/land masked (raw_valid_in_bbox=0, ql_dist=None)
  n20 20260720_0510 … ✗ swath overlaps bbox but all pixels cloud/land masked (raw_valid_in_bbox=0, ql_dist=None)
  n20 20260720_0550 … ✗ swath overlaps bbox but all pixels cloud/land masked (raw_valid_in_bbox=0, ql_dist=None)
  n20 20260720_0600 … ✗ swath overlaps bbox but all pixels cloud/land masked (raw_valid_in_bbox=0, ql_dist=None)
  n20 20260720_0610 … ✗ swath overlaps bbox but all pixels cloud/land masked (raw_valid_in_bbox=0, ql_dist=None)
  n20 20260720_0650 … ✗ swath overlaps bbox but all pixels cloud/land masked (raw_valid_in_bbox=0, ql_dist=None)
  n20 20260720_0700 ✓ (cached)
  n20 20260720_0710 … ✗ swath overlaps bbox but all pixels cloud/land masked (raw_valid_in_bbox=0, ql_dist=None)
  n20 20260720_0750 … ✗ swath overlaps bbox but all pixels cloud/land masked (raw_valid_in_bbox=0, ql_dist=None)
  n20 20260720_0800 … ✗ swath overlaps bbox but all pixels cloud/land masked (raw_valid_in_bbox=0, ql_dist=None)
  n20 20260720_0810 … ✗ swath overlaps bbox but all pixels cloud/land masked (raw_valid_in_bbox=0, ql_dist=None)
  n20 20260720_0850 … ✗ swath overlaps bbox but all pixels cloud/land masked (raw_valid_in_bbox=0, ql_dist=None)
  n20 20260720_0900 … ✗ swath overlaps bbox but all pixels cloud/land masked (raw_valid_in_bbox=0, ql_dist=None)
  n20 20260720_0910 … ✗ swath overlaps bbox but all pixels cloud/land masked (raw_valid_in_bbox=0, ql_dist=None)
  n20 20260720_0950 … ✗ swath overlaps bbox but all pixels cloud/land masked (raw_valid_in_bbox=0, ql_dist=None)
  n20 20260720_1000 … ✗ swath overlaps bbox but all pixels cloud/land masked (raw_valid_in_bbox=0, ql_dist=None)
  n20 20260720_1010 … ✗ swath overlaps bbox but all pixels cloud/land masked (raw_valid_in_bbox=0, ql_dist=None)
  n20 20260720_1050 … ✗ swath overlaps bbox but all pixels cloud/land masked (raw_valid_in_bbox=0, ql_dist=None)
  n20 20260720_1100 … ✗ swath overlaps bbox but all pixels cloud/land masked (raw_valid_in_bbox=0, ql_dist=None)
  n20 20260720_1110 … ✗ swath overlaps bbox but all pixels cloud/land masked (raw_valid_in_bbox=0, ql_dist=None)
  n20 20260720_1150 … ✗ swath overlaps bbox but all pixels cloud/land masked (raw_valid_in_bbox=0, ql_dist=None)
  n20 20260720_1200 … ✗ swath overlaps bbox but all pixels cloud/land masked (raw_valid_in_bbox=0, ql_dist=None)
  n20 20260720_1210 … ✗ swath overlaps bbox but all pixels cloud/land masked (raw_valid_in_bbox=0, ql_dist=None)
  n20 20260720_1250 … ✗ swath overlaps bbox but all pixels cloud/land masked (raw_valid_in_bbox=0, ql_dist=None)
  n20 20260720_1300 … ✗ swath overlaps bbox but all pixels cloud/land masked (raw_valid_in_bbox=0, ql_dist=None)
  n20 20260720_1310 … ✗ swath overlaps bbox but all pixels cloud/land masked (raw_valid_in_bbox=0, ql_dist=None)
  n20 20260720_1350 … ✗ swath overlaps bbox but all pixels cloud/land masked (raw_valid_in_bbox=0, ql_dist=None)
  n20 20260720_1400 … ✗ swath overlaps bbox but all pixels cloud/land masked (raw_valid_in_bbox=0, ql_dist=None)
  n20 20260720_1410 … ✗ swath overlaps bbox but all pixels cloud/land masked (raw_valid_in_bbox=0, ql_dist=None)
  n20 20260720_1450 … ✗ swath overlaps bbox but all pixels cloud/land masked (raw_valid_in_bbox=0, ql_dist=None)
  n20 20260720_1500 … ✗ swath overlaps bbox but all pixels cloud/land masked (raw_valid_in_bbox=0, ql_dist=None)
  n20 20260720_1510 … ✗ swath overlaps bbox but all pixels cloud/land masked (raw_valid_in_bbox=0, ql_dist=None)
  n20 20260720_1550 … ✗ swath overlaps bbox but all pixels cloud/land masked (raw_valid_in_bbox=0, ql_dist=None)
  n20 20260720_1600 … ✗ swath overlaps bbox but all pixels cloud/land masked (raw_valid_in_bbox=0, ql_dist=None)
  n20 20260720_1610 … ✗ swath overlaps bbox but all pixels cloud/land masked (raw_valid_in_bbox=0, ql_dist=None)
  n20 20260720_1650 ✓ (cached)
  n20 20260720_1700 … ✗ swath overlaps bbox but all pixels cloud/land masked (raw_valid_in_bbox=0, ql_dist=None)
  n20 20260720_1710 … ✗ swath overlaps bbox but all pixels cloud/land masked (raw_valid_in_bbox=0, ql_dist=None)
  n20 20260720_1750 … ✗ swath overlaps bbox but all pixels cloud/land masked (raw_valid_in_bbox=0, ql_dist=None)
  n20 20260720_1800 … ✗ swath overlaps bbox but all pixels cloud/land masked (raw_valid_in_bbox=0, ql_dist=None)
  n20 20260720_1810 … ✗ swath overlaps bbox but all pixels cloud/land masked (raw_valid_in_bbox=0, ql_dist=None)
  n20 20260720_1850 … ✗ swath overlaps bbox but all pixels cloud/land masked (raw_valid_in_bbox=0, ql_dist=None)
  n20 20260720_1900 … ✗ swath overlaps bbox but all pixels cloud/land masked (raw_valid_in_bbox=0, ql_dist=None)
  n20 20260720_1910 … ✗ swath overlaps bbox but all pixels cloud/land masked (raw_valid_in_bbox=0, ql_dist=None)
  n20 20260720_1950 … ✗ swath overlaps bbox but all pixels cloud/land masked (raw_valid_in_bbox=0, ql_dist=None)
  n20 20260720_2000 … ✗ swath overlaps bbox but all pixels cloud/land masked (raw_valid_in_bbox=0, ql_dist=None)
  n20 20260720_2010 … ✗ swath overlaps bbox but all pixels cloud/land masked (raw_valid_in_bbox=0, ql_dist=None)
  n20 20260720_2050 … ✗ swath overlaps bbox but all pixels cloud/land masked (raw_valid_in_bbox=0, ql_dist=None)
  n20 20260720_2100 … ✗ swath overlaps bbox but all pixels cloud/land masked (raw_valid_in_bbox=0, ql_dist=None)
  n20 20260720_2110 … ✗ swath overlaps bbox but all pixels cloud/land masked (raw_valid_in_bbox=0, ql_dist=None)
  n20 20260720_2150 … ✗ swath overlaps bbox but all pixels cloud/land masked (raw_valid_in_bbox=0, ql_dist=None)
  n20 20260720_2200 … ✗ swath overlaps bbox but all pixels cloud/land masked (raw_valid_in_bbox=0, ql_dist=None)
  n20 20260720_2210 … ✗ swath overlaps bbox but all pixels cloud/land masked (raw_valid_in_bbox=0, ql_dist=None)
  n20 20260720_2250 … ✗ swath overlaps bbox but all pixels cloud/land masked (raw_valid_in_bbox=0, ql_dist=None)
  n20 20260720_2300 … ✗ swath overlaps bbox but all pixels cloud/land masked (raw_valid_in_bbox=0, ql_dist=None)
  n20 20260720_2310 … ✗ swath overlaps bbox but all pixels cloud/land masked (raw_valid_in_bbox=0, ql_dist=None)
  n20 20260720_2350 … ✗ swath overlaps bbox but all pixels cloud/land masked (raw_valid_in_bbox=0, ql_dist=None)
  n20 20260721_0000 … ✗ swath overlaps bbox but all pixels cloud/land masked (raw_valid_in_bbox=0, ql_dist=None)
  n20 20260721_0010 … ✗ swath overlaps bbox but all pixels cloud/land masked (raw_valid_in_bbox=0, ql_dist=None)
  n20 20260721_0050 … ✗ swath overlaps bbox but all pixels cloud/land masked (raw_valid_in_bbox=0, ql_dist=None)
  n20 20260721_0100 … ✗ swath overlaps bbox but all pixels cloud/land masked (raw_valid_in_bbox=0, ql_dist=None)
  n20 20260721_0110 … ✗ swath overlaps bbox but all pixels cloud/land masked (raw_valid_in_bbox=0, ql_dist=None)
  n20 20260721_0150 … ✗ swath overlaps bbox but all pixels cloud/land masked (raw_valid_in_bbox=0, ql_dist=None)
  n20 20260721_0200 … ✗ swath overlaps bbox but all pixels cloud/land masked (raw_valid_in_bbox=0, ql_dist=None)
  n20 20260721_0210 … ✗ swath overlaps bbox but all pixels cloud/land masked (raw_valid_in_bbox=0, ql_dist=None)
  n20 20260721_0250 … ✗ swath overlaps bbox but all pixels cloud/land masked (raw_valid_in_bbox=0, ql_dist=None)
  n20 20260721_0300 … ✗ swath overlaps bbox but all pixels cloud/land masked (raw_valid_in_bbox=0, ql_dist=None)
  n20 20260721_0310 … ✗ swath overlaps bbox but all pixels cloud/land masked (raw_valid_in_bbox=0, ql_dist=None)
  n20 20260721_0350 … ✗ swath overlaps bbox but all pixels cloud/land masked (raw_valid_in_bbox=0, ql_dist=None)
  n20 20260721_0400 … ✗ swath overlaps bbox but all pixels cloud/land masked (raw_valid_in_bbox=0, ql_dist=None)
  n20 20260721_0410 … ✗ swath overlaps bbox but all pixels cloud/land masked (raw_valid_in_bbox=0, ql_dist=None)
  n20 20260721_0450 … ✗ swath overlaps bbox but all pixels cloud/land masked (raw_valid_in_bbox=0, ql_dist=None)
  n20 20260721_0500 … ✗ swath overlaps bbox but all pixels cloud/land masked (raw_valid_in_bbox=0, ql_dist=None)
  n20 20260721_0510 … ✗ swath overlaps bbox but all pixels cloud/land masked (raw_valid_in_bbox=0, ql_dist=None)
  n20 20260721_0550 … ✗ swath overlaps bbox but all pixels cloud/land masked (raw_valid_in_bbox=0, ql_dist=None)
  n20 20260721_0600 … ✗ swath overlaps bbox but all pixels cloud/land masked (raw_valid_in_bbox=0, ql_dist=None)
  n20 20260721_0610 … ✗ swath overlaps bbox but all pixels cloud/land masked (raw_valid_in_bbox=0, ql_dist=None)
  n20 20260721_0650 ✓ (cached)
  n20 20260721_0700 … ✗ swath overlaps bbox but all pixels cloud/land masked (raw_valid_in_bbox=0, ql_dist=None)
  n20 20260721_0710 … ✗ swath overlaps bbox but all pixels cloud/land masked (raw_valid_in_bbox=0, ql_dist=None)
  n20 20260721_0750 … ✗ swath overlaps bbox but all pixels cloud/land masked (raw_valid_in_bbox=0, ql_dist=None)
  n20 20260721_0800 … ✗ swath overlaps bbox but all pixels cloud/land masked (raw_valid_in_bbox=0, ql_dist=None)
  n20 20260721_0810 … ✗ swath overlaps bbox but all pixels cloud/land masked (raw_valid_in_bbox=0, ql_dist=None)
  n20 20260721_0850 … ✗ swath overlaps bbox but all pixels cloud/land masked (raw_valid_in_bbox=0, ql_dist=None)
  n20 20260721_0900 … ✗ swath overlaps bbox but all pixels cloud/land masked (raw_valid_in_bbox=0, ql_dist=None)
  n20 20260721_0910 … ✗ swath overlaps bbox but all pixels cloud/land masked (raw_valid_in_bbox=0, ql_dist=None)
  n20 20260721_0950 … ✗ swath overlaps bbox but all pixels cloud/land masked (raw_valid_in_bbox=0, ql_dist=None)
  n20 20260721_1000 … ✗ swath overlaps bbox but all pixels cloud/land masked (raw_valid_in_bbox=0, ql_dist=None)
  n20 20260721_1010 … ✗ swath overlaps bbox but all pixels cloud/land masked (raw_valid_in_bbox=0, ql_dist=None)
  n20 20260721_1050 … ✗ swath overlaps bbox but all pixels cloud/land masked (raw_valid_in_bbox=0, ql_dist=None)
  n20 20260721_1100 … ✗ swath overlaps bbox but all pixels cloud/land masked (raw_valid_in_bbox=0, ql_dist=None)
  n20 20260721_1110 … ✗ swath overlaps bbox but all pixels cloud/land masked (raw_valid_in_bbox=0, ql_dist=None)
  n20 20260721_1150 … ✗ swath overlaps bbox but all pixels cloud/land masked (raw_valid_in_bbox=0, ql_dist=None)
  n20 20260721_1200 … ✗ swath overlaps bbox but all pixels cloud/land masked (raw_valid_in_bbox=0, ql_dist=None)
  n20 20260721_1210 … ✗ swath overlaps bbox but all pixels cloud/land masked (raw_valid_in_bbox=0, ql_dist=None)
  n20 20260721_1250 … ✗ swath overlaps bbox but all pixels cloud/land masked (raw_valid_in_bbox=0, ql_dist=None)
  n20 20260721_1300 … ✗ swath overlaps bbox but all pixels cloud/land masked (raw_valid_in_bbox=0, ql_dist=None)
  n20 20260721_1310 … ✗ swath overlaps bbox but all pixels cloud/land masked (raw_valid_in_bbox=0, ql_dist=None)
  n20 20260721_1350 … ✗ swath overlaps bbox but all pixels cloud/land masked (raw_valid_in_bbox=0, ql_dist=None)
  n20 20260721_1400 … ✗ swath overlaps bbox but all pixels cloud/land masked (raw_valid_in_bbox=0, ql_dist=None)
  n20 20260721_1410 … ✗ swath overlaps bbox but all pixels cloud/land masked (raw_valid_in_bbox=0, ql_dist=None)
  n20 20260721_1450 … ✗ swath overlaps bbox but all pixels cloud/land masked (raw_valid_in_bbox=0, ql_dist=None)
  n20 20260721_1500 … ✗ swath overlaps bbox but all pixels cloud/land masked (raw_valid_in_bbox=0, ql_dist=None)
  n20 20260721_1510 … ✗ swath overlaps bbox but all pixels cloud/land masked (raw_valid_in_bbox=0, ql_dist=None)
  n20 20260721_1550 … ✗ swath overlaps bbox but all pixels cloud/land masked (raw_valid_in_bbox=0, ql_dist=None)
  n20 20260721_1600 … ✗ swath overlaps bbox but all pixels cloud/land masked (raw_valid_in_bbox=0, ql_dist=None)
  n20 20260721_1610 … ✗ swath overlaps bbox but all pixels cloud/land masked (raw_valid_in_bbox=0, ql_dist=None)
  n20 20260721_1650 … ✗ swath overlaps bbox but all pixels cloud/land masked (raw_valid_in_bbox=0, ql_dist=None)
  n20 20260721_1700 … ✗ swath overlaps bbox but all pixels cloud/land masked (raw_valid_in_bbox=0, ql_dist=None)
  n20 20260721_1710 … ✗ swath overlaps bbox but all pixels cloud/land masked (raw_valid_in_bbox=0, ql_dist=None)
  n20 20260721_1750 … ✗ swath overlaps bbox but all pixels cloud/land masked (raw_valid_in_bbox=0, ql_dist=None)
  n20 20260721_1800 … ✗ swath overlaps bbox but all pixels cloud/land masked (raw_valid_in_bbox=0, ql_dist=None)
  n20 20260721_1810 ✓ (cached)
  n20 20260721_1850 … ✗ swath overlaps bbox but all pixels cloud/land masked (raw_valid_in_bbox=0, ql_dist=None)
  n20 20260721_1900 … ✗ swath overlaps bbox but all pixels cloud/land masked (raw_valid_in_bbox=0, ql_dist=None)
  n20 20260721_1910 … ✗ swath overlaps bbox but all pixels cloud/land masked (raw_valid_in_bbox=0, ql_dist=None)
  n20 20260721_1950 … ✗ swath overlaps bbox but all pixels cloud/land masked (raw_valid_in_bbox=0, ql_dist=None)
  n20 20260721_2000 … ✗ swath overlaps bbox but all pixels cloud/land masked (raw_valid_in_bbox=0, ql_dist=None)
  n21 20260719_2050 … ✗ swath overlaps bbox but all pixels cloud/land masked (raw_valid_in_bbox=0, ql_dist=None)
  n21 20260719_2100 … ✗ swath overlaps bbox but all pixels cloud/land masked (raw_valid_in_bbox=0, ql_dist=None)
  n21 20260719_2110 … ✗ swath overlaps bbox but all pixels cloud/land masked (raw_valid_in_bbox=0, ql_dist=None)
  n21 20260719_2150 … ✗ swath overlaps bbox but all pixels cloud/land masked (raw_valid_in_bbox=0, ql_dist=None)
  n21 20260719_2200 … ✗ swath overlaps bbox but all pixels cloud/land masked (raw_valid_in_bbox=0, ql_dist=None)
  n21 20260719_2210 … ✗ swath overlaps bbox but all pixels cloud/land masked (raw_valid_in_bbox=0, ql_dist=None)
  n21 20260719_2250 … ✗ swath overlaps bbox but all pixels cloud/land masked (raw_valid_in_bbox=0, ql_dist=None)
  n21 20260719_2300 … ✗ swath overlaps bbox but all pixels cloud/land masked (raw_valid_in_bbox=0, ql_dist=None)
  n21 20260719_2310 … ✗ swath overlaps bbox but all pixels cloud/land masked (raw_valid_in_bbox=0, ql_dist=None)
  n21 20260719_2350 … ✗ swath overlaps bbox but all pixels cloud/land masked (raw_valid_in_bbox=0, ql_dist=None)
  n21 20260720_0000 … ✗ swath overlaps bbox but all pixels cloud/land masked (raw_valid_in_bbox=0, ql_dist=None)
  n21 20260720_0010 … ✗ swath overlaps bbox but all pixels cloud/land masked (raw_valid_in_bbox=0, ql_dist=None)
  n21 20260720_0050 … ✗ swath overlaps bbox but all pixels cloud/land masked (raw_valid_in_bbox=0, ql_dist=None)
  n21 20260720_0100 … ✗ swath overlaps bbox but all pixels cloud/land masked (raw_valid_in_bbox=0, ql_dist=None)
  n21 20260720_0110 … ✗ swath overlaps bbox but all pixels cloud/land masked (raw_valid_in_bbox=0, ql_dist=None)
  n21 20260720_0150 … ✗ swath overlaps bbox but all pixels cloud/land masked (raw_valid_in_bbox=0, ql_dist=None)
  n21 20260720_0200 … ✗ swath overlaps bbox but all pixels cloud/land masked (raw_valid_in_bbox=0, ql_dist=None)
  n21 20260720_0210 … ✗ swath overlaps bbox but all pixels cloud/land masked (raw_valid_in_bbox=0, ql_dist=None)
  n21 20260720_0250 … ✗ swath overlaps bbox but all pixels cloud/land masked (raw_valid_in_bbox=0, ql_dist=None)
  n21 20260720_0300 … ✗ swath overlaps bbox but all pixels cloud/land masked (raw_valid_in_bbox=0, ql_dist=None)
  n21 20260720_0310 … ✗ swath overlaps bbox but all pixels cloud/land masked (raw_valid_in_bbox=0, ql_dist=None)
  n21 20260720_0350 … ✗ swath overlaps bbox but all pixels cloud/land masked (raw_valid_in_bbox=0, ql_dist=None)
  n21 20260720_0400 … ✗ swath overlaps bbox but all pixels cloud/land masked (raw_valid_in_bbox=0, ql_dist=None)
  n21 20260720_0410 … ✗ swath overlaps bbox but all pixels cloud/land masked (raw_valid_in_bbox=0, ql_dist=None)
  n21 20260720_0450 … ✗ swath overlaps bbox but all pixels cloud/land masked (raw_valid_in_bbox=0, ql_dist=None)
  n21 20260720_0500 … ✗ swath overlaps bbox but all pixels cloud/land masked (raw_valid_in_bbox=0, ql_dist=None)
  n21 20260720_0510 … ✗ swath overlaps bbox but all pixels cloud/land masked (raw_valid_in_bbox=0, ql_dist=None)
  n21 20260720_0550 … ✗ swath overlaps bbox but all pixels cloud/land masked (raw_valid_in_bbox=0, ql_dist=None)
  n21 20260720_0600 … ✗ swath overlaps bbox but all pixels cloud/land masked (raw_valid_in_bbox=0, ql_dist=None)
  n21 20260720_0610 ✓ (cached)
  n21 20260720_0650 … ✗ swath overlaps bbox but all pixels cloud/land masked (raw_valid_in_bbox=0, ql_dist=None)
  n21 20260720_0700 … ✗ swath overlaps bbox but all pixels cloud/land masked (raw_valid_in_bbox=0, ql_dist=None)
  n21 20260720_0710 … ✗ swath overlaps bbox but all pixels cloud/land masked (raw_valid_in_bbox=0, ql_dist=None)
  n21 20260720_0750 ✓ (cached)
  n21 20260720_0800 … ✗ swath overlaps bbox but all pixels cloud/land masked (raw_valid_in_bbox=0, ql_dist=None)
  n21 20260720_0810 … ✗ swath overlaps bbox but all pixels cloud/land masked (raw_valid_in_bbox=0, ql_dist=None)
  n21 20260720_0850 … ✗ swath overlaps bbox but all pixels cloud/land masked (raw_valid_in_bbox=0, ql_dist=None)
  n21 20260720_0900 … ✗ swath overlaps bbox but all pixels cloud/land masked (raw_valid_in_bbox=0, ql_dist=None)
  n21 20260720_0910 … ✗ swath overlaps bbox but all pixels cloud/land masked (raw_valid_in_bbox=0, ql_dist=None)
  n21 20260720_0950 … ✗ swath overlaps bbox but all pixels cloud/land masked (raw_valid_in_bbox=0, ql_dist=None)
  n21 20260720_1000 … ✗ swath overlaps bbox but all pixels cloud/land masked (raw_valid_in_bbox=0, ql_dist=None)
  n21 20260720_1010 … ✗ swath overlaps bbox but all pixels cloud/land masked (raw_valid_in_bbox=0, ql_dist=None)
  n21 20260720_1050 … ✗ swath overlaps bbox but all pixels cloud/land masked (raw_valid_in_bbox=0, ql_dist=None)
  n21 20260720_1100 … ✗ swath overlaps bbox but all pixels cloud/land masked (raw_valid_in_bbox=0, ql_dist=None)
  n21 20260720_1110 … ✗ swath overlaps bbox but all pixels cloud/land masked (raw_valid_in_bbox=0, ql_dist=None)
  n21 20260720_1150 … ✗ swath overlaps bbox but all pixels cloud/land masked (raw_valid_in_bbox=0, ql_dist=None)
  n21 20260720_1200 … ✗ swath overlaps bbox but all pixels cloud/land masked (raw_valid_in_bbox=0, ql_dist=None)
  n21 20260720_1210 … ✗ swath overlaps bbox but all pixels cloud/land masked (raw_valid_in_bbox=0, ql_dist=None)
  n21 20260720_1250 … ✗ swath overlaps bbox but all pixels cloud/land masked (raw_valid_in_bbox=0, ql_dist=None)
  n21 20260720_1300 … ✗ swath overlaps bbox but all pixels cloud/land masked (raw_valid_in_bbox=0, ql_dist=None)
  n21 20260720_1310 … ✗ swath overlaps bbox but all pixels cloud/land masked (raw_valid_in_bbox=0, ql_dist=None)
  n21 20260720_1350 … ✗ swath overlaps bbox but all pixels cloud/land masked (raw_valid_in_bbox=0, ql_dist=None)
  n21 20260720_1400 … ✗ swath overlaps bbox but all pixels cloud/land masked (raw_valid_in_bbox=0, ql_dist=None)
  n21 20260720_1410 … ✗ swath overlaps bbox but all pixels cloud/land masked (raw_valid_in_bbox=0, ql_dist=None)
  n21 20260720_1450 … ✗ swath overlaps bbox but all pixels cloud/land masked (raw_valid_in_bbox=0, ql_dist=None)
  n21 20260720_1500 … ✗ swath overlaps bbox but all pixels cloud/land masked (raw_valid_in_bbox=0, ql_dist=None)
  n21 20260720_1510 … ✗ swath overlaps bbox but all pixels cloud/land masked (raw_valid_in_bbox=0, ql_dist=None)
  n21 20260720_1550 … ✗ swath overlaps bbox but all pixels cloud/land masked (raw_valid_in_bbox=0, ql_dist=None)
  n21 20260720_1600 … ✗ swath overlaps bbox but all pixels cloud/land masked (raw_valid_in_bbox=0, ql_dist=None)
  n21 20260720_1610 … ✗ swath overlaps bbox but all pixels cloud/land masked (raw_valid_in_bbox=0, ql_dist=None)
  n21 20260720_1650 … ✗ swath overlaps bbox but all pixels cloud/land masked (raw_valid_in_bbox=0, ql_dist=None)
  n21 20260720_1700 … ✗ swath overlaps bbox but all pixels cloud/land masked (raw_valid_in_bbox=0, ql_dist=None)
  n21 20260720_1710 … ✗ swath overlaps bbox but all pixels cloud/land masked (raw_valid_in_bbox=0, ql_dist=None)
  n21 20260720_1750 … ✗ swath overlaps bbox but all pixels cloud/land masked (raw_valid_in_bbox=0, ql_dist=None)
  n21 20260720_1800 … ✗ swath overlaps bbox but all pixels cloud/land masked (raw_valid_in_bbox=0, ql_dist=None)
  n21 20260720_1810 … ✗ swath overlaps bbox but all pixels cloud/land masked (raw_valid_in_bbox=0, ql_dist=None)
  n21 20260720_1850 … ✗ swath overlaps bbox but all pixels cloud/land masked (raw_valid_in_bbox=0, ql_dist=None)
  n21 20260720_1900 … ✗ swath overlaps bbox but all pixels cloud/land masked (raw_valid_in_bbox=0, ql_dist=None)
  n21 20260720_1910 … ✗ swath overlaps bbox but all pixels cloud/land masked (raw_valid_in_bbox=0, ql_dist=None)
  n21 20260720_1950 … ✗ swath overlaps bbox but all pixels cloud/land masked (raw_valid_in_bbox=0, ql_dist=None)
  n21 20260720_2000 … ✗ swath overlaps bbox but all pixels cloud/land masked (raw_valid_in_bbox=0, ql_dist=None)
  n21 20260720_2010 … ✗ swath overlaps bbox but all pixels cloud/land masked (raw_valid_in_bbox=0, ql_dist=None)
  n21 20260720_2050 … ✗ swath overlaps bbox but all pixels cloud/land masked (raw_valid_in_bbox=0, ql_dist=None)
  n21 20260720_2100 … ✗ swath overlaps bbox but all pixels cloud/land masked (raw_valid_in_bbox=0, ql_dist=None)
  n21 20260720_2110 … ✗ swath overlaps bbox but all pixels cloud/land masked (raw_valid_in_bbox=0, ql_dist=None)
  n21 20260720_2150 … ✗ swath overlaps bbox but all pixels cloud/land masked (raw_valid_in_bbox=0, ql_dist=None)
  n21 20260720_2200 … ✗ swath overlaps bbox but all pixels cloud/land masked (raw_valid_in_bbox=0, ql_dist=None)
  n21 20260720_2210 … ✗ swath overlaps bbox but all pixels cloud/land masked (raw_valid_in_bbox=0, ql_dist=None)
  n21 20260720_2250 … ✗ swath overlaps bbox but all pixels cloud/land masked (raw_valid_in_bbox=0, ql_dist=None)
  n21 20260720_2300 … ✗ swath overlaps bbox but all pixels cloud/land masked (raw_valid_in_bbox=0, ql_dist=None)
  n21 20260720_2310 … ✗ swath overlaps bbox but all pixels cloud/land masked (raw_valid_in_bbox=0, ql_dist=None)
  n21 20260720_2350 … ✗ swath overlaps bbox but all pixels cloud/land masked (raw_valid_in_bbox=0, ql_dist=None)
  n21 20260721_0000 … ✗ swath overlaps bbox but all pixels cloud/land masked (raw_valid_in_bbox=0, ql_dist=None)
  n21 20260721_0010 … ✗ swath overlaps bbox but all pixels cloud/land masked (raw_valid_in_bbox=0, ql_dist=None)
  n21 20260721_0050 … ✗ swath overlaps bbox but all pixels cloud/land masked (raw_valid_in_bbox=0, ql_dist=None)
  n21 20260721_0100 … ✗ swath overlaps bbox but all pixels cloud/land masked (raw_valid_in_bbox=0, ql_dist=None)
  n21 20260721_0110 … ✗ swath overlaps bbox but all pixels cloud/land masked (raw_valid_in_bbox=0, ql_dist=None)
  n21 20260721_0150 … ✗ swath overlaps bbox but all pixels cloud/land masked (raw_valid_in_bbox=0, ql_dist=None)
  n21 20260721_0200 … ✗ swath overlaps bbox but all pixels cloud/land masked (raw_valid_in_bbox=0, ql_dist=None)
  n21 20260721_0210 … ✗ swath overlaps bbox but all pixels cloud/land masked (raw_valid_in_bbox=0, ql_dist=None)
  n21 20260721_0250 … ✗ swath overlaps bbox but all pixels cloud/land masked (raw_valid_in_bbox=0, ql_dist=None)
  n21 20260721_0300 … ✗ swath overlaps bbox but all pixels cloud/land masked (raw_valid_in_bbox=0, ql_dist=None)
  n21 20260721_0310 … ✗ swath overlaps bbox but all pixels cloud/land masked (raw_valid_in_bbox=0, ql_dist=None)
  n21 20260721_0350 … ✗ swath overlaps bbox but all pixels cloud/land masked (raw_valid_in_bbox=0, ql_dist=None)
  n21 20260721_0400 … ✗ swath overlaps bbox but all pixels cloud/land masked (raw_valid_in_bbox=0, ql_dist=None)
  n21 20260721_0410 … ✗ swath overlaps bbox but all pixels cloud/land masked (raw_valid_in_bbox=0, ql_dist=None)
  n21 20260721_0450 … ✗ swath overlaps bbox but all pixels cloud/land masked (raw_valid_in_bbox=0, ql_dist=None)
  n21 20260721_0500 … ✗ swath overlaps bbox but all pixels cloud/land masked (raw_valid_in_bbox=0, ql_dist=None)
  n21 20260721_0510 … ✗ swath overlaps bbox but all pixels cloud/land masked (raw_valid_in_bbox=0, ql_dist=None)
  n21 20260721_0550 ✓ (cached)
  n21 20260721_0600 … ✗ swath overlaps bbox but all pixels cloud/land masked (raw_valid_in_bbox=0, ql_dist=None)
  n21 20260721_0610 … ✗ swath overlaps bbox but all pixels cloud/land masked (raw_valid_in_bbox=0, ql_dist=None)
  n21 20260721_0650 … ✗ swath overlaps bbox but all pixels cloud/land masked (raw_valid_in_bbox=0, ql_dist=None)
  n21 20260721_0700 … ✗ swath overlaps bbox but all pixels cloud/land masked (raw_valid_in_bbox=0, ql_dist=None)
  n21 20260721_0710 … ✗ swath overlaps bbox but all pixels cloud/land masked (raw_valid_in_bbox=0, ql_dist=None)
  n21 20260721_0750 … ✗ swath overlaps bbox but all pixels cloud/land masked (raw_valid_in_bbox=0, ql_dist=None)
  n21 20260721_0800 … ✗ swath overlaps bbox but all pixels cloud/land masked (raw_valid_in_bbox=0, ql_dist=None)
  n21 20260721_0810 … ✗ swath overlaps bbox but all pixels cloud/land masked (raw_valid_in_bbox=0, ql_dist=None)
  n21 20260721_0850 … ✗ swath overlaps bbox but all pixels cloud/land masked (raw_valid_in_bbox=0, ql_dist=None)
  n21 20260721_0900 … ✗ swath overlaps bbox but all pixels cloud/land masked (raw_valid_in_bbox=0, ql_dist=None)
  n21 20260721_0910 … ✗ swath overlaps bbox but all pixels cloud/land masked (raw_valid_in_bbox=0, ql_dist=None)
  n21 20260721_0950 … ✗ swath overlaps bbox but all pixels cloud/land masked (raw_valid_in_bbox=0, ql_dist=None)
  n21 20260721_1000 … ✗ swath overlaps bbox but all pixels cloud/land masked (raw_valid_in_bbox=0, ql_dist=None)
  n21 20260721_1010 … ✗ swath overlaps bbox but all pixels cloud/land masked (raw_valid_in_bbox=0, ql_dist=None)
  n21 20260721_1050 … ✗ swath overlaps bbox but all pixels cloud/land masked (raw_valid_in_bbox=0, ql_dist=None)
  n21 20260721_1100 … ✗ swath overlaps bbox but all pixels cloud/land masked (raw_valid_in_bbox=0, ql_dist=None)
  n21 20260721_1110 … ✗ swath overlaps bbox but all pixels cloud/land masked (raw_valid_in_bbox=0, ql_dist=None)
  n21 20260721_1150 … ✗ swath overlaps bbox but all pixels cloud/land masked (raw_valid_in_bbox=0, ql_dist=None)
  n21 20260721_1200 … ✗ swath overlaps bbox but all pixels cloud/land masked (raw_valid_in_bbox=0, ql_dist=None)
  n21 20260721_1210 … ✗ swath overlaps bbox but all pixels cloud/land masked (raw_valid_in_bbox=0, ql_dist=None)
  n21 20260721_1250 … ✗ swath overlaps bbox but all pixels cloud/land masked (raw_valid_in_bbox=0, ql_dist=None)
  n21 20260721_1300 … ✗ swath overlaps bbox but all pixels cloud/land masked (raw_valid_in_bbox=0, ql_dist=None)
  n21 20260721_1310 … ✗ swath overlaps bbox but all pixels cloud/land masked (raw_valid_in_bbox=0, ql_dist=None)
  n21 20260721_1350 … ✗ swath overlaps bbox but all pixels cloud/land masked (raw_valid_in_bbox=0, ql_dist=None)
  n21 20260721_1400 … ✗ swath overlaps bbox but all pixels cloud/land masked (raw_valid_in_bbox=0, ql_dist=None)
  n21 20260721_1410 … ✗ swath overlaps bbox but all pixels cloud/land masked (raw_valid_in_bbox=0, ql_dist=None)
  n21 20260721_1450 … ✗ swath overlaps bbox but all pixels cloud/land masked (raw_valid_in_bbox=0, ql_dist=None)
  n21 20260721_1500 … ✗ swath overlaps bbox but all pixels cloud/land masked (raw_valid_in_bbox=0, ql_dist=None)
  n21 20260721_1510 … ✗ swath overlaps bbox but all pixels cloud/land masked (raw_valid_in_bbox=0, ql_dist=None)
  n21 20260721_1550 … ✗ swath overlaps bbox but all pixels cloud/land masked (raw_valid_in_bbox=0, ql_dist=None)
  n21 20260721_1600 … ✗ swath overlaps bbox but all pixels cloud/land masked (raw_valid_in_bbox=0, ql_dist=None)
  n21 20260721_1610 … ✗ swath overlaps bbox but all pixels cloud/land masked (raw_valid_in_bbox=0, ql_dist=None)
  n21 20260721_1650 … ✗ swath overlaps bbox but all pixels cloud/land masked (raw_valid_in_bbox=0, ql_dist=None)
  n21 20260721_1700 … ✗ swath overlaps bbox but all pixels cloud/land masked (raw_valid_in_bbox=0, ql_dist=None)
  n21 20260721_1710 ✓ (cached)
  n21 20260721_1750 … ✗ swath overlaps bbox but all pixels cloud/land masked (raw_valid_in_bbox=0, ql_dist=None)
  n21 20260721_1800 … ✗ swath overlaps bbox but all pixels cloud/land masked (raw_valid_in_bbox=0, ql_dist=None)
  n21 20260721_1810 … ✗ swath overlaps bbox but all pixels cloud/land masked (raw_valid_in_bbox=0, ql_dist=None)
  n21 20260721_1850 …   ⚠ VIIRS n21 20260721_1850: only 14 pts — skipping write.
✗ ok
  n21 20260721_1900 … ✗ swath overlaps bbox but all pixels cloud/land masked (raw_valid_in_bbox=0, ql_dist=None)
  n21 20260721_1910 … ✗ swath overlaps bbox but all pixels cloud/land masked (raw_valid_in_bbox=0, ql_dist=None)
  n21 20260721_1950 … ✗ swath overlaps bbox but all pixels cloud/land masked (raw_valid_in_bbox=0, ql_dist=None)

  VIIRS summary: 0 written, 10 cached, 347 miss/cloud, 606 outside windows.

=========================================================
✓ Pipeline complete
=========================================================
No data changes to commit for va_ri
========================================
RUNNING REGION: s_fl
========================================
=========================================================
SST PIPELINE
  UTC    : 2026-07-21 21:00:51
  Region : s_fl
  Bbox   : 22.15–27.47°N  -83.16–-76.14°E
  Output : DailySSTData/MUR/s_fl  (and siblings)
=========================================================

── MUR daily composite (last 5 days) ──
  ✓ MUR 20260720 (cached)
  ✓ MUR 20260719 (cached)
  ✓ MUR 20260718 (cached)
  ✓ MUR 20260717 (cached)
  ✓ MUR 20260716 (cached)

── GOES-19 geo-polar blended daily composite ──
  Candidates: 4 (2 hosts × 2 dataset IDs)
  GOES 20260721 [noaa/noaacwBLENDEDsstDLDaily] … ✗ RuntimeError: 404 — no data for this date
  GOES 20260721 [noaa/noaacwBLENDEDsstDaily] … ✗ RuntimeError: 404 — no data for this date
  GOES 20260721 [pfeg/noaacwBLENDEDsstDLDaily] … ✗ RuntimeError: 404 — no data for this date
  GOES 20260721 [pfeg/noaacwBLENDEDsstDaily] … ✗ RuntimeError: 404 — no data for this date
  GOES 20260720 [noaa/noaacwBLENDEDsstDLDaily] … ✗ RuntimeError: 404 — no data for this date
  GOES 20260720 [noaa/noaacwBLENDEDsstDaily] … ✗ RuntimeError: 404 — no data for this date
  GOES 20260720 [pfeg/noaacwBLENDEDsstDLDaily] … ✗ RuntimeError: 404 — no data for this date
  GOES 20260720 [pfeg/noaacwBLENDEDsstDaily] … ✗ RuntimeError: 404 — no data for this date
  ✓ GOES composite 20260719 (cached)

── VIIRS multi-pass (last 48h — NPP/N20/N21) ──
  ✓ VIIRS NRT base: https://www.star.nesdis.noaa.gov/pub/socd2/coastwatch/sst/nrt/viirs
  Hourly windows : 48
  Window range   : 2026-07-19 21:50Z → 2026-07-21 21:10Z
  Half-width     : ±10 min per bucket
  npp 20260720_1950 … ✗ swath overlaps bbox but all pixels cloud/land masked (raw_valid_in_bbox=0, ql_dist=None)
  npp 20260720_2000 … ✗ swath overlaps bbox but all pixels cloud/land masked (raw_valid_in_bbox=0, ql_dist=None)
  npp 20260720_2010 … ✗ swath overlaps bbox but all pixels cloud/land masked (raw_valid_in_bbox=0, ql_dist=None)
  npp 20260720_2050 … ✗ swath overlaps bbox but all pixels cloud/land masked (raw_valid_in_bbox=0, ql_dist=None)
  npp 20260720_2100 … ✗ swath overlaps bbox but all pixels cloud/land masked (raw_valid_in_bbox=0, ql_dist=None)
  npp 20260720_2110 … ✗ swath overlaps bbox but all pixels cloud/land masked (raw_valid_in_bbox=0, ql_dist=None)
  npp 20260720_2150 … ✗ swath overlaps bbox but all pixels cloud/land masked (raw_valid_in_bbox=0, ql_dist=None)
  npp 20260720_2200 … ✗ swath overlaps bbox but all pixels cloud/land masked (raw_valid_in_bbox=0, ql_dist=None)
  npp 20260720_2210 … ✗ swath overlaps bbox but all pixels cloud/land masked (raw_valid_in_bbox=0, ql_dist=None)
  npp 20260720_2250 … ✗ swath overlaps bbox but all pixels cloud/land masked (raw_valid_in_bbox=0, ql_dist=None)
  npp 20260720_2300 … ✗ swath overlaps bbox but all pixels cloud/land masked (raw_valid_in_bbox=0, ql_dist=None)
  npp 20260720_2310 … ✗ swath overlaps bbox but all pixels cloud/land masked (raw_valid_in_bbox=0, ql_dist=None)
  npp 20260720_2350 … ✗ swath overlaps bbox but all pixels cloud/land masked (raw_valid_in_bbox=0, ql_dist=None)
  npp 20260721_0000 … ✗ swath overlaps bbox but all pixels cloud/land masked (raw_valid_in_bbox=0, ql_dist=None)
  npp 20260721_0010 … ✗ swath overlaps bbox but all pixels cloud/land masked (raw_valid_in_bbox=0, ql_dist=None)
  npp 20260721_0050 … ✗ swath overlaps bbox but all pixels cloud/land masked (raw_valid_in_bbox=0, ql_dist=None)
  npp 20260721_0100 … ✗ swath overlaps bbox but all pixels cloud/land masked (raw_valid_in_bbox=0, ql_dist=None)
  npp 20260721_0110 … ✗ swath overlaps bbox but all pixels cloud/land masked (raw_valid_in_bbox=0, ql_dist=None)
  npp 20260721_0150 … ✗ swath overlaps bbox but all pixels cloud/land masked (raw_valid_in_bbox=0, ql_dist=None)
  npp 20260721_0200 … ✗ swath overlaps bbox but all pixels cloud/land masked (raw_valid_in_bbox=0, ql_dist=None)
  npp 20260721_0210 … ✗ swath overlaps bbox but all pixels cloud/land masked (raw_valid_in_bbox=0, ql_dist=None)
  npp 20260721_0250 … ✗ swath overlaps bbox but all pixels cloud/land masked (raw_valid_in_bbox=0, ql_dist=None)
  npp 20260721_0300 … ✗ swath overlaps bbox but all pixels cloud/land masked (raw_valid_in_bbox=0, ql_dist=None)
  npp 20260721_0310 … ✗ swath overlaps bbox but all pixels cloud/land masked (raw_valid_in_bbox=0, ql_dist=None)
  npp 20260721_0350 … ✗ swath overlaps bbox but all pixels cloud/land masked (raw_valid_in_bbox=0, ql_dist=None)
  npp 20260721_0400 … ✗ swath overlaps bbox but all pixels cloud/land masked (raw_valid_in_bbox=0, ql_dist=None)
  npp 20260721_0410 … ✗ swath overlaps bbox but all pixels cloud/land masked (raw_valid_in_bbox=0, ql_dist=None)
  npp 20260721_0450 … ✗ swath overlaps bbox but all pixels cloud/land masked (raw_valid_in_bbox=0, ql_dist=None)
  npp 20260721_0500 … ✗ swath overlaps bbox but all pixels cloud/land masked (raw_valid_in_bbox=0, ql_dist=None)
  npp 20260721_0510 … ✗ swath overlaps bbox but all pixels cloud/land masked (raw_valid_in_bbox=0, ql_dist=None)
  npp 20260721_0550 … ✗ swath overlaps bbox but all pixels cloud/land masked (raw_valid_in_bbox=0, ql_dist=None)
  npp 20260721_0600 … ✗ swath overlaps bbox but all pixels cloud/land masked (raw_valid_in_bbox=0, ql_dist=None)
  npp 20260721_0610 … ✗ swath overlaps bbox but all pixels cloud/land masked (raw_valid_in_bbox=0, ql_dist=None)
  npp 20260721_0650 … ✗ swath overlaps bbox but all pixels cloud/land masked (raw_valid_in_bbox=0, ql_dist=None)
  npp 20260721_0700 … ✗ swath overlaps bbox but all pixels cloud/land masked (raw_valid_in_bbox=0, ql_dist=None)
  npp 20260721_0710 … ✗ swath overlaps bbox but all pixels cloud/land masked (raw_valid_in_bbox=0, ql_dist=None)
  npp 20260721_0750 … ✗ swath overlaps bbox but all pixels cloud/land masked (raw_valid_in_bbox=0, ql_dist=None)
  npp 20260721_0800 … ✗ swath overlaps bbox but all pixels cloud/land masked (raw_valid_in_bbox=0, ql_dist=None)
  npp 20260721_0810 ✓ (cached)
  npp 20260721_0850 … ✗ swath overlaps bbox but all pixels cloud/land masked (raw_valid_in_bbox=0, ql_dist=None)
  npp 20260721_0900 … ✗ swath overlaps bbox but all pixels cloud/land masked (raw_valid_in_bbox=0, ql_dist=None)
  npp 20260721_0910 … ✗ swath overlaps bbox but all pixels cloud/land masked (raw_valid_in_bbox=0, ql_dist=None)
  npp 20260721_0950 … ✗ swath overlaps bbox but all pixels cloud/land masked (raw_valid_in_bbox=0, ql_dist=None)
  npp 20260721_1000 … ✗ swath overlaps bbox but all pixels cloud/land masked (raw_valid_in_bbox=0, ql_dist=None)
  npp 20260721_1010 … ✗ swath overlaps bbox but all pixels cloud/land masked (raw_valid_in_bbox=0, ql_dist=None)
  npp 20260721_1050 … ✗ swath overlaps bbox but all pixels cloud/land masked (raw_valid_in_bbox=0, ql_dist=None)
  npp 20260721_1100 … ✗ swath overlaps bbox but all pixels cloud/land masked (raw_valid_in_bbox=0, ql_dist=None)
  npp 20260721_1110 … ✗ swath overlaps bbox but all pixels cloud/land masked (raw_valid_in_bbox=0, ql_dist=None)
  npp 20260721_1150 … ✗ swath overlaps bbox but all pixels cloud/land masked (raw_valid_in_bbox=0, ql_dist=None)
  npp 20260721_1200 … ✗ swath overlaps bbox but all pixels cloud/land masked (raw_valid_in_bbox=0, ql_dist=None)
  npp 20260721_1210 … ✗ swath overlaps bbox but all pixels cloud/land masked (raw_valid_in_bbox=0, ql_dist=None)
  npp 20260721_1250 … ✗ swath overlaps bbox but all pixels cloud/land masked (raw_valid_in_bbox=0, ql_dist=None)
  npp 20260721_1300 … ✗ swath overlaps bbox but all pixels cloud/land masked (raw_valid_in_bbox=0, ql_dist=None)
  npp 20260721_1310 … ✗ swath overlaps bbox but all pixels cloud/land masked (raw_valid_in_bbox=0, ql_dist=None)
  npp 20260721_1350 … ✗ swath overlaps bbox but all pixels cloud/land masked (raw_valid_in_bbox=0, ql_dist=None)
  npp 20260721_1400 … ✗ swath overlaps bbox but all pixels cloud/land masked (raw_valid_in_bbox=0, ql_dist=None)
  npp 20260721_1410 … ✗ swath overlaps bbox but all pixels cloud/land masked (raw_valid_in_bbox=0, ql_dist=None)
  npp 20260721_1450 … ✗ swath overlaps bbox but all pixels cloud/land masked (raw_valid_in_bbox=0, ql_dist=None)
  npp 20260721_1500 … ✗ swath overlaps bbox but all pixels cloud/land masked (raw_valid_in_bbox=0, ql_dist=None)
  npp 20260721_1510 … ✗ swath overlaps bbox but all pixels cloud/land masked (raw_valid_in_bbox=0, ql_dist=None)
  npp 20260721_1550 … ✗ swath overlaps bbox but all pixels cloud/land masked (raw_valid_in_bbox=0, ql_dist=None)
  npp 20260721_1600 … ✗ swath overlaps bbox but all pixels cloud/land masked (raw_valid_in_bbox=0, ql_dist=None)
  npp 20260721_1610 … ✗ swath overlaps bbox but all pixels cloud/land masked (raw_valid_in_bbox=0, ql_dist=None)
  npp 20260721_1650 … ✗ swath overlaps bbox but all pixels cloud/land masked (raw_valid_in_bbox=0, ql_dist=None)
  npp 20260721_1700 … ✗ swath overlaps bbox but all pixels cloud/land masked (raw_valid_in_bbox=0, ql_dist=None)
  npp 20260721_1710 … ✗ swath overlaps bbox but all pixels cloud/land masked (raw_valid_in_bbox=0, ql_dist=None)
  npp 20260721_1750 ✓ (cached)
  npp 20260721_1800 … ✗ swath overlaps bbox but all pixels cloud/land masked (raw_valid_in_bbox=0, ql_dist=None)
  npp 20260721_1810 … ✗ swath overlaps bbox but all pixels cloud/land masked (raw_valid_in_bbox=0, ql_dist=None)
  npp 20260721_1850 … ✗ swath overlaps bbox but all pixels cloud/land masked (raw_valid_in_bbox=0, ql_dist=None)
  npp 20260721_1900 … ✗ swath overlaps bbox but all pixels cloud/land masked (raw_valid_in_bbox=0, ql_dist=None)
  npp 20260721_1910 … ✗ swath overlaps bbox but all pixels cloud/land masked (raw_valid_in_bbox=0, ql_dist=None)
  n20 20260719_2150 … ✗ swath overlaps bbox but all pixels cloud/land masked (raw_valid_in_bbox=0, ql_dist=None)
  n20 20260719_2200 … ✗ swath overlaps bbox but all pixels cloud/land masked (raw_valid_in_bbox=0, ql_dist=None)
  n20 20260719_2210 … ✗ swath overlaps bbox but all pixels cloud/land masked (raw_valid_in_bbox=0, ql_dist=None)
  n20 20260719_2250 … ✗ swath overlaps bbox but all pixels cloud/land masked (raw_valid_in_bbox=0, ql_dist=None)
  n20 20260719_2300 … ✗ swath overlaps bbox but all pixels cloud/land masked (raw_valid_in_bbox=0, ql_dist=None)
  n20 20260719_2310 … ✗ swath overlaps bbox but all pixels cloud/land masked (raw_valid_in_bbox=0, ql_dist=None)
  n20 20260719_2350 … ✗ swath overlaps bbox but all pixels cloud/land masked (raw_valid_in_bbox=0, ql_dist=None)
  n20 20260720_0000 … ✗ swath overlaps bbox but all pixels cloud/land masked (raw_valid_in_bbox=0, ql_dist=None)
  n20 20260720_0010 … ✗ swath overlaps bbox but all pixels cloud/land masked (raw_valid_in_bbox=0, ql_dist=None)
  n20 20260720_0050 … ✗ swath overlaps bbox but all pixels cloud/land masked (raw_valid_in_bbox=0, ql_dist=None)
  n20 20260720_0100 … ✗ swath overlaps bbox but all pixels cloud/land masked (raw_valid_in_bbox=0, ql_dist=None)
  n20 20260720_0110 … ✗ swath overlaps bbox but all pixels cloud/land masked (raw_valid_in_bbox=0, ql_dist=None)
  n20 20260720_0150 … ✗ swath overlaps bbox but all pixels cloud/land masked (raw_valid_in_bbox=0, ql_dist=None)
  n20 20260720_0200 … ✗ swath overlaps bbox but all pixels cloud/land masked (raw_valid_in_bbox=0, ql_dist=None)
  n20 20260720_0210 … ✗ swath overlaps bbox but all pixels cloud/land masked (raw_valid_in_bbox=0, ql_dist=None)
  n20 20260720_0250 … ✗ swath overlaps bbox but all pixels cloud/land masked (raw_valid_in_bbox=0, ql_dist=None)
  n20 20260720_0300 … ✗ swath overlaps bbox but all pixels cloud/land masked (raw_valid_in_bbox=0, ql_dist=None)
  n20 20260720_0310 … ✗ swath overlaps bbox but all pixels cloud/land masked (raw_valid_in_bbox=0, ql_dist=None)
  n20 20260720_0350 … ✗ swath overlaps bbox but all pixels cloud/land masked (raw_valid_in_bbox=0, ql_dist=None)
  n20 20260720_0400 … ✗ swath overlaps bbox but all pixels cloud/land masked (raw_valid_in_bbox=0, ql_dist=None)
  n20 20260720_0410 … ✗ swath overlaps bbox but all pixels cloud/land masked (raw_valid_in_bbox=0, ql_dist=None)
  n20 20260720_0450 … ✗ swath overlaps bbox but all pixels cloud/land masked (raw_valid_in_bbox=0, ql_dist=None)
  n20 20260720_0500 … ✗ swath overlaps bbox but all pixels cloud/land masked (raw_valid_in_bbox=0, ql_dist=None)
  n20 20260720_0510 … ✗ swath overlaps bbox but all pixels cloud/land masked (raw_valid_in_bbox=0, ql_dist=None)
  n20 20260720_0550 … ✗ swath overlaps bbox but all pixels cloud/land masked (raw_valid_in_bbox=0, ql_dist=None)
  n20 20260720_0600 … ✗ swath overlaps bbox but all pixels cloud/land masked (raw_valid_in_bbox=0, ql_dist=None)
  n20 20260720_0610 … ✗ swath overlaps bbox but all pixels cloud/land masked (raw_valid_in_bbox=0, ql_dist=None)
  n20 20260720_0650 … ✗ swath overlaps bbox but all pixels cloud/land masked (raw_valid_in_bbox=0, ql_dist=None)
  n20 20260720_0700 … ✗ swath overlaps bbox but all pixels cloud/land masked (raw_valid_in_bbox=0, ql_dist=None)
  n20 20260720_0710 ✓ (cached)
  n20 20260720_0750 … ✗ swath overlaps bbox but all pixels cloud/land masked (raw_valid_in_bbox=0, ql_dist=None)
  n20 20260720_0800 … ✗ swath overlaps bbox but all pixels cloud/land masked (raw_valid_in_bbox=0, ql_dist=None)
  n20 20260720_0810 … ✗ swath overlaps bbox but all pixels cloud/land masked (raw_valid_in_bbox=0, ql_dist=None)
  n20 20260720_0850 … ✗ swath overlaps bbox but all pixels cloud/land masked (raw_valid_in_bbox=0, ql_dist=None)
  n20 20260720_0900 … ✗ swath overlaps bbox but all pixels cloud/land masked (raw_valid_in_bbox=0, ql_dist=None)
  n20 20260720_0910 … ✗ swath overlaps bbox but all pixels cloud/land masked (raw_valid_in_bbox=0, ql_dist=None)
  n20 20260720_0950 … ✗ swath overlaps bbox but all pixels cloud/land masked (raw_valid_in_bbox=0, ql_dist=None)
  n20 20260720_1000 … ✗ swath overlaps bbox but all pixels cloud/land masked (raw_valid_in_bbox=0, ql_dist=None)
  n20 20260720_1010 … ✗ swath overlaps bbox but all pixels cloud/land masked (raw_valid_in_bbox=0, ql_dist=None)
  n20 20260720_1050 … ✗ swath overlaps bbox but all pixels cloud/land masked (raw_valid_in_bbox=0, ql_dist=None)
  n20 20260720_1100 … ✗ swath overlaps bbox but all pixels cloud/land masked (raw_valid_in_bbox=0, ql_dist=None)
  n20 20260720_1110 … ✗ swath overlaps bbox but all pixels cloud/land masked (raw_valid_in_bbox=0, ql_dist=None)
  n20 20260720_1150 … ✗ swath overlaps bbox but all pixels cloud/land masked (raw_valid_in_bbox=0, ql_dist=None)
  n20 20260720_1200 … ✗ swath overlaps bbox but all pixels cloud/land masked (raw_valid_in_bbox=0, ql_dist=None)
  n20 20260720_1210 … ✗ swath overlaps bbox but all pixels cloud/land masked (raw_valid_in_bbox=0, ql_dist=None)
  n20 20260720_1250 … ✗ swath overlaps bbox but all pixels cloud/land masked (raw_valid_in_bbox=0, ql_dist=None)
  n20 20260720_1300 … ✗ swath overlaps bbox but all pixels cloud/land masked (raw_valid_in_bbox=0, ql_dist=None)
  n20 20260720_1310 … ✗ swath overlaps bbox but all pixels cloud/land masked (raw_valid_in_bbox=0, ql_dist=None)
  n20 20260720_1350 … ✗ swath overlaps bbox but all pixels cloud/land masked (raw_valid_in_bbox=0, ql_dist=None)
  n20 20260720_1400 … ✗ swath overlaps bbox but all pixels cloud/land masked (raw_valid_in_bbox=0, ql_dist=None)
  n20 20260720_1410 … ✗ swath overlaps bbox but all pixels cloud/land masked (raw_valid_in_bbox=0, ql_dist=None)
  n20 20260720_1450 … ✗ swath overlaps bbox but all pixels cloud/land masked (raw_valid_in_bbox=0, ql_dist=None)
  n20 20260720_1500 … ✗ swath overlaps bbox but all pixels cloud/land masked (raw_valid_in_bbox=0, ql_dist=None)
  n20 20260720_1510 … ✗ swath overlaps bbox but all pixels cloud/land masked (raw_valid_in_bbox=0, ql_dist=None)
  n20 20260720_1550 … ✗ swath overlaps bbox but all pixels cloud/land masked (raw_valid_in_bbox=0, ql_dist=None)
  n20 20260720_1600 … ✗ swath overlaps bbox but all pixels cloud/land masked (raw_valid_in_bbox=0, ql_dist=None)
  n20 20260720_1610 … ✗ swath overlaps bbox but all pixels cloud/land masked (raw_valid_in_bbox=0, ql_dist=None)
  n20 20260720_1650 … ✗ swath overlaps bbox but all pixels cloud/land masked (raw_valid_in_bbox=0, ql_dist=None)
  n20 20260720_1700 … ✗ swath overlaps bbox but all pixels cloud/land masked (raw_valid_in_bbox=0, ql_dist=None)
  n20 20260720_1710 … ✗ swath overlaps bbox but all pixels cloud/land masked (raw_valid_in_bbox=0, ql_dist=None)
  n20 20260720_1750 … ✗ swath overlaps bbox but all pixels cloud/land masked (raw_valid_in_bbox=0, ql_dist=None)
  n20 20260720_1800 … ✗ swath overlaps bbox but all pixels cloud/land masked (raw_valid_in_bbox=0, ql_dist=None)
  n20 20260720_1810 … ✗ swath overlaps bbox but all pixels cloud/land masked (raw_valid_in_bbox=0, ql_dist=None)
  n20 20260720_1850 … ✗ swath overlaps bbox but all pixels cloud/land masked (raw_valid_in_bbox=0, ql_dist=None)
  n20 20260720_1900 … ✗ swath overlaps bbox but all pixels cloud/land masked (raw_valid_in_bbox=0, ql_dist=None)
  n20 20260720_1910 … ✗ swath overlaps bbox but all pixels cloud/land masked (raw_valid_in_bbox=0, ql_dist=None)
  n20 20260720_1950 … ✗ swath overlaps bbox but all pixels cloud/land masked (raw_valid_in_bbox=0, ql_dist=None)
  n20 20260720_2000 … ✗ swath overlaps bbox but all pixels cloud/land masked (raw_valid_in_bbox=0, ql_dist=None)
  n20 20260720_2010 … ✗ swath overlaps bbox but all pixels cloud/land masked (raw_valid_in_bbox=0, ql_dist=None)
  n20 20260720_2050 … ✗ swath overlaps bbox but all pixels cloud/land masked (raw_valid_in_bbox=0, ql_dist=None)
  n20 20260720_2100 … ✗ swath overlaps bbox but all pixels cloud/land masked (raw_valid_in_bbox=0, ql_dist=None)
  n20 20260720_2110 … ✗ swath overlaps bbox but all pixels cloud/land masked (raw_valid_in_bbox=0, ql_dist=None)
  n20 20260720_2150 … ✗ swath overlaps bbox but all pixels cloud/land masked (raw_valid_in_bbox=0, ql_dist=None)
  n20 20260720_2200 … ✗ swath overlaps bbox but all pixels cloud/land masked (raw_valid_in_bbox=0, ql_dist=None)
  n20 20260720_2210 … ✗ swath overlaps bbox but all pixels cloud/land masked (raw_valid_in_bbox=0, ql_dist=None)
  n20 20260720_2250 … ✗ swath overlaps bbox but all pixels cloud/land masked (raw_valid_in_bbox=0, ql_dist=None)
  n20 20260720_2300 … ✗ swath overlaps bbox but all pixels cloud/land masked (raw_valid_in_bbox=0, ql_dist=None)
  n20 20260720_2310 … ✗ swath overlaps bbox but all pixels cloud/land masked (raw_valid_in_bbox=0, ql_dist=None)
  n20 20260720_2350 … ✗ swath overlaps bbox but all pixels cloud/land masked (raw_valid_in_bbox=0, ql_dist=None)
  n20 20260721_0000 … ✗ swath overlaps bbox but all pixels cloud/land masked (raw_valid_in_bbox=0, ql_dist=None)
  n20 20260721_0010 … ✗ swath overlaps bbox but all pixels cloud/land masked (raw_valid_in_bbox=0, ql_dist=None)
  n20 20260721_0050 … ✗ swath overlaps bbox but all pixels cloud/land masked (raw_valid_in_bbox=0, ql_dist=None)
  n20 20260721_0100 … ✗ swath overlaps bbox but all pixels cloud/land masked (raw_valid_in_bbox=0, ql_dist=None)
  n20 20260721_0110 … ✗ swath overlaps bbox but all pixels cloud/land masked (raw_valid_in_bbox=0, ql_dist=None)
  n20 20260721_0150 … ✗ swath overlaps bbox but all pixels cloud/land masked (raw_valid_in_bbox=0, ql_dist=None)
  n20 20260721_0200 … ✗ swath overlaps bbox but all pixels cloud/land masked (raw_valid_in_bbox=0, ql_dist=None)
  n20 20260721_0210 … ✗ swath overlaps bbox but all pixels cloud/land masked (raw_valid_in_bbox=0, ql_dist=None)
  n20 20260721_0250 … ✗ swath overlaps bbox but all pixels cloud/land masked (raw_valid_in_bbox=0, ql_dist=None)
  n20 20260721_0300 … ✗ swath overlaps bbox but all pixels cloud/land masked (raw_valid_in_bbox=0, ql_dist=None)
  n20 20260721_0310 … ✗ swath overlaps bbox but all pixels cloud/land masked (raw_valid_in_bbox=0, ql_dist=None)
  n20 20260721_0350 … ✗ swath overlaps bbox but all pixels cloud/land masked (raw_valid_in_bbox=0, ql_dist=None)
  n20 20260721_0400 … ✗ swath overlaps bbox but all pixels cloud/land masked (raw_valid_in_bbox=0, ql_dist=None)
  n20 20260721_0410 … ✗ swath overlaps bbox but all pixels cloud/land masked (raw_valid_in_bbox=0, ql_dist=None)
  n20 20260721_0450 … ✗ swath overlaps bbox but all pixels cloud/land masked (raw_valid_in_bbox=0, ql_dist=None)
  n20 20260721_0500 … ✗ swath overlaps bbox but all pixels cloud/land masked (raw_valid_in_bbox=0, ql_dist=None)
  n20 20260721_0510 … ✗ swath overlaps bbox but all pixels cloud/land masked (raw_valid_in_bbox=0, ql_dist=None)
  n20 20260721_0550 … ✗ swath overlaps bbox but all pixels cloud/land masked (raw_valid_in_bbox=0, ql_dist=None)
  n20 20260721_0600 … ✗ swath overlaps bbox but all pixels cloud/land masked (raw_valid_in_bbox=0, ql_dist=None)
  n20 20260721_0610 … ✗ swath overlaps bbox but all pixels cloud/land masked (raw_valid_in_bbox=0, ql_dist=None)
  n20 20260721_0650 ✓ (cached)
  n20 20260721_0700 … ✗ swath overlaps bbox but all pixels cloud/land masked (raw_valid_in_bbox=0, ql_dist=None)
  n20 20260721_0710 … ✗ swath overlaps bbox but all pixels cloud/land masked (raw_valid_in_bbox=0, ql_dist=None)
  n20 20260721_0750 … ✗ swath overlaps bbox but all pixels cloud/land masked (raw_valid_in_bbox=0, ql_dist=None)
  n20 20260721_0800 … ✗ swath overlaps bbox but all pixels cloud/land masked (raw_valid_in_bbox=0, ql_dist=None)
  n20 20260721_0810 … ✗ swath overlaps bbox but all pixels cloud/land masked (raw_valid_in_bbox=0, ql_dist=None)
  n20 20260721_0850 … ✗ swath overlaps bbox but all pixels cloud/land masked (raw_valid_in_bbox=0, ql_dist=None)
  n20 20260721_0900 … ✗ swath overlaps bbox but all pixels cloud/land masked (raw_valid_in_bbox=0, ql_dist=None)
  n20 20260721_0910 … ✗ swath overlaps bbox but all pixels cloud/land masked (raw_valid_in_bbox=0, ql_dist=None)
  n20 20260721_0950 … ✗ swath overlaps bbox but all pixels cloud/land masked (raw_valid_in_bbox=0, ql_dist=None)
  n20 20260721_1000 … ✗ swath overlaps bbox but all pixels cloud/land masked (raw_valid_in_bbox=0, ql_dist=None)
  n20 20260721_1010 … ✗ swath overlaps bbox but all pixels cloud/land masked (raw_valid_in_bbox=0, ql_dist=None)
  n20 20260721_1050 … ✗ swath overlaps bbox but all pixels cloud/land masked (raw_valid_in_bbox=0, ql_dist=None)
  n20 20260721_1100 … ✗ swath overlaps bbox but all pixels cloud/land masked (raw_valid_in_bbox=0, ql_dist=None)
  n20 20260721_1110 … ✗ swath overlaps bbox but all pixels cloud/land masked (raw_valid_in_bbox=0, ql_dist=None)
  n20 20260721_1150 … ✗ swath overlaps bbox but all pixels cloud/land masked (raw_valid_in_bbox=0, ql_dist=None)
  n20 20260721_1200 … ✗ swath overlaps bbox but all pixels cloud/land masked (raw_valid_in_bbox=0, ql_dist=None)
  n20 20260721_1210 … ✗ swath overlaps bbox but all pixels cloud/land masked (raw_valid_in_bbox=0, ql_dist=None)
  n20 20260721_1250 … ✗ swath overlaps bbox but all pixels cloud/land masked (raw_valid_in_bbox=0, ql_dist=None)
  n20 20260721_1300 … ✗ swath overlaps bbox but all pixels cloud/land masked (raw_valid_in_bbox=0, ql_dist=None)
  n20 20260721_1310 … ✗ swath overlaps bbox but all pixels cloud/land masked (raw_valid_in_bbox=0, ql_dist=None)
  n20 20260721_1350 … ✗ swath overlaps bbox but all pixels cloud/land masked (raw_valid_in_bbox=0, ql_dist=None)
  n20 20260721_1400 … ✗ swath overlaps bbox but all pixels cloud/land masked (raw_valid_in_bbox=0, ql_dist=None)
  n20 20260721_1410 … ✗ swath overlaps bbox but all pixels cloud/land masked (raw_valid_in_bbox=0, ql_dist=None)
  n20 20260721_1450 … ✗ swath overlaps bbox but all pixels cloud/land masked (raw_valid_in_bbox=0, ql_dist=None)
  n20 20260721_1500 … ✗ swath overlaps bbox but all pixels cloud/land masked (raw_valid_in_bbox=0, ql_dist=None)
  n20 20260721_1510 … ✗ swath overlaps bbox but all pixels cloud/land masked (raw_valid_in_bbox=0, ql_dist=None)
  n20 20260721_1550 … ✗ swath overlaps bbox but all pixels cloud/land masked (raw_valid_in_bbox=0, ql_dist=None)
  n20 20260721_1600 … ✗ swath overlaps bbox but all pixels cloud/land masked (raw_valid_in_bbox=0, ql_dist=None)
  n20 20260721_1610 … ✗ swath overlaps bbox but all pixels cloud/land masked (raw_valid_in_bbox=0, ql_dist=None)
  n20 20260721_1650 … ✗ swath overlaps bbox but all pixels cloud/land masked (raw_valid_in_bbox=0, ql_dist=None)
  n20 20260721_1700 … ✗ swath overlaps bbox but all pixels cloud/land masked (raw_valid_in_bbox=0, ql_dist=None)
  n20 20260721_1710 … ✗ swath overlaps bbox but all pixels cloud/land masked (raw_valid_in_bbox=0, ql_dist=None)
  n20 20260721_1750 … ✗ swath overlaps bbox but all pixels cloud/land masked (raw_valid_in_bbox=0, ql_dist=None)
  n20 20260721_1800 ✓ (cached)
  n20 20260721_1810 … ✗ swath overlaps bbox but all pixels cloud/land masked (raw_valid_in_bbox=0, ql_dist=None)
  n20 20260721_1850 … ✗ swath overlaps bbox but all pixels cloud/land masked (raw_valid_in_bbox=0, ql_dist=None)
  n20 20260721_1900 … ✗ swath overlaps bbox but all pixels cloud/land masked (raw_valid_in_bbox=0, ql_dist=None)
  n20 20260721_1910 … ✗ swath overlaps bbox but all pixels cloud/land masked (raw_valid_in_bbox=0, ql_dist=None)
  n20 20260721_1950 … ✗ swath overlaps bbox but all pixels cloud/land masked (raw_valid_in_bbox=0, ql_dist=None)
  n20 20260721_2000 … ✗ swath overlaps bbox but all pixels cloud/land masked (raw_valid_in_bbox=0, ql_dist=None)
  n21 20260719_2150 … ✗ swath overlaps bbox but all pixels cloud/land masked (raw_valid_in_bbox=0, ql_dist=None)
  n21 20260719_2200 … ✗ swath overlaps bbox but all pixels cloud/land masked (raw_valid_in_bbox=0, ql_dist=None)
  n21 20260719_2210 … ✗ swath overlaps bbox but all pixels cloud/land masked (raw_valid_in_bbox=0, ql_dist=None)
  n21 20260719_2250 … ✗ swath overlaps bbox but all pixels cloud/land masked (raw_valid_in_bbox=0, ql_dist=None)
  n21 20260719_2300 … ✗ swath overlaps bbox but all pixels cloud/land masked (raw_valid_in_bbox=0, ql_dist=None)
  n21 20260719_2310 … ✗ swath overlaps bbox but all pixels cloud/land masked (raw_valid_in_bbox=0, ql_dist=None)
  n21 20260719_2350 … ✗ swath overlaps bbox but all pixels cloud/land masked (raw_valid_in_bbox=0, ql_dist=None)
  n21 20260720_0000 … ✗ swath overlaps bbox but all pixels cloud/land masked (raw_valid_in_bbox=0, ql_dist=None)
  n21 20260720_0010 … ✗ swath overlaps bbox but all pixels cloud/land masked (raw_valid_in_bbox=0, ql_dist=None)
  n21 20260720_0050 … ✗ swath overlaps bbox but all pixels cloud/land masked (raw_valid_in_bbox=0, ql_dist=None)
  n21 20260720_0100 … ✗ swath overlaps bbox but all pixels cloud/land masked (raw_valid_in_bbox=0, ql_dist=None)
  n21 20260720_0110 … ✗ swath overlaps bbox but all pixels cloud/land masked (raw_valid_in_bbox=0, ql_dist=None)
  n21 20260720_0150 … ✗ swath overlaps bbox but all pixels cloud/land masked (raw_valid_in_bbox=0, ql_dist=None)
  n21 20260720_0200 … ✗ swath overlaps bbox but all pixels cloud/land masked (raw_valid_in_bbox=0, ql_dist=None)
  n21 20260720_0210 … ✗ swath overlaps bbox but all pixels cloud/land masked (raw_valid_in_bbox=0, ql_dist=None)
  n21 20260720_0250 … ✗ swath overlaps bbox but all pixels cloud/land masked (raw_valid_in_bbox=0, ql_dist=None)
  n21 20260720_0300 … ✗ swath overlaps bbox but all pixels cloud/land masked (raw_valid_in_bbox=0, ql_dist=None)
  n21 20260720_0310 … ✗ swath overlaps bbox but all pixels cloud/land masked (raw_valid_in_bbox=0, ql_dist=None)
  n21 20260720_0350 … ✗ swath overlaps bbox but all pixels cloud/land masked (raw_valid_in_bbox=0, ql_dist=None)
  n21 20260720_0400 … ✗ swath overlaps bbox but all pixels cloud/land masked (raw_valid_in_bbox=0, ql_dist=None)
  n21 20260720_0410 … ✗ swath overlaps bbox but all pixels cloud/land masked (raw_valid_in_bbox=0, ql_dist=None)
  n21 20260720_0450 … ✗ swath overlaps bbox but all pixels cloud/land masked (raw_valid_in_bbox=0, ql_dist=None)
  n21 20260720_0500 … ✗ swath overlaps bbox but all pixels cloud/land masked (raw_valid_in_bbox=0, ql_dist=None)
  n21 20260720_0510 … ✗ swath overlaps bbox but all pixels cloud/land masked (raw_valid_in_bbox=0, ql_dist=None)
  n21 20260720_0550 … ✗ swath overlaps bbox but all pixels cloud/land masked (raw_valid_in_bbox=0, ql_dist=None)
  n21 20260720_0600 … ✗ swath overlaps bbox but all pixels cloud/land masked (raw_valid_in_bbox=0, ql_dist=None)
  n21 20260720_0610 ✓ (cached)
  n21 20260720_0650 … ✗ swath overlaps bbox but all pixels cloud/land masked (raw_valid_in_bbox=0, ql_dist=None)
  n21 20260720_0700 … ✗ swath overlaps bbox but all pixels cloud/land masked (raw_valid_in_bbox=0, ql_dist=None)
  n21 20260720_0710 … ✗ swath overlaps bbox but all pixels cloud/land masked (raw_valid_in_bbox=0, ql_dist=None)
  n21 20260720_0750 ✓ (cached)
  n21 20260720_0800 ✓ (cached)
  n21 20260720_0810 … ✗ swath overlaps bbox but all pixels cloud/land masked (raw_valid_in_bbox=0, ql_dist=None)
  n21 20260720_0850 … ✗ swath overlaps bbox but all pixels cloud/land masked (raw_valid_in_bbox=0, ql_dist=None)
  n21 20260720_0900 … ✗ swath overlaps bbox but all pixels cloud/land masked (raw_valid_in_bbox=0, ql_dist=None)
  n21 20260720_0910 … ✗ swath overlaps bbox but all pixels cloud/land masked (raw_valid_in_bbox=0, ql_dist=None)
  n21 20260720_0950 … ✗ swath overlaps bbox but all pixels cloud/land masked (raw_valid_in_bbox=0, ql_dist=None)
  n21 20260720_1000 … ✗ swath overlaps bbox but all pixels cloud/land masked (raw_valid_in_bbox=0, ql_dist=None)
  n21 20260720_1010 … ✗ swath overlaps bbox but all pixels cloud/land masked (raw_valid_in_bbox=0, ql_dist=None)
  n21 20260720_1050 … ✗ swath overlaps bbox but all pixels cloud/land masked (raw_valid_in_bbox=0, ql_dist=None)
  n21 20260720_1100 … ✗ swath overlaps bbox but all pixels cloud/land masked (raw_valid_in_bbox=0, ql_dist=None)
  n21 20260720_1110 … ✗ swath overlaps bbox but all pixels cloud/land masked (raw_valid_in_bbox=0, ql_dist=None)
  n21 20260720_1150 … ✗ swath overlaps bbox but all pixels cloud/land masked (raw_valid_in_bbox=0, ql_dist=None)
  n21 20260720_1200 … ✗ swath overlaps bbox but all pixels cloud/land masked (raw_valid_in_bbox=0, ql_dist=None)
  n21 20260720_1210 … ✗ swath overlaps bbox but all pixels cloud/land masked (raw_valid_in_bbox=0, ql_dist=None)
  n21 20260720_1250 … ✗ swath overlaps bbox but all pixels cloud/land masked (raw_valid_in_bbox=0, ql_dist=None)
  n21 20260720_1300 … ✗ swath overlaps bbox but all pixels cloud/land masked (raw_valid_in_bbox=0, ql_dist=None)
  n21 20260720_1310 … ✗ swath overlaps bbox but all pixels cloud/land masked (raw_valid_in_bbox=0, ql_dist=None)
  n21 20260720_1350 … ✗ swath overlaps bbox but all pixels cloud/land masked (raw_valid_in_bbox=0, ql_dist=None)
  n21 20260720_1400 … ✗ swath overlaps bbox but all pixels cloud/land masked (raw_valid_in_bbox=0, ql_dist=None)
  n21 20260720_1410 … ✗ swath overlaps bbox but all pixels cloud/land masked (raw_valid_in_bbox=0, ql_dist=None)
  n21 20260720_1450 … ✗ swath overlaps bbox but all pixels cloud/land masked (raw_valid_in_bbox=0, ql_dist=None)
  n21 20260720_1500 … ✗ swath overlaps bbox but all pixels cloud/land masked (raw_valid_in_bbox=0, ql_dist=None)
  n21 20260720_1510 … ✗ swath overlaps bbox but all pixels cloud/land masked (raw_valid_in_bbox=0, ql_dist=None)
  n21 20260720_1550 … ✗ swath overlaps bbox but all pixels cloud/land masked (raw_valid_in_bbox=0, ql_dist=None)
  n21 20260720_1600 … ✗ swath overlaps bbox but all pixels cloud/land masked (raw_valid_in_bbox=0, ql_dist=None)
  n21 20260720_1610 … ✗ swath overlaps bbox but all pixels cloud/land masked (raw_valid_in_bbox=0, ql_dist=None)
  n21 20260720_1650 … ✗ swath overlaps bbox but all pixels cloud/land masked (raw_valid_in_bbox=0, ql_dist=None)
  n21 20260720_1700 … ✗ swath overlaps bbox but all pixels cloud/land masked (raw_valid_in_bbox=0, ql_dist=None)
  n21 20260720_1710 … ✗ swath overlaps bbox but all pixels cloud/land masked (raw_valid_in_bbox=0, ql_dist=None)
  n21 20260720_1750 … ✗ swath overlaps bbox but all pixels cloud/land masked (raw_valid_in_bbox=0, ql_dist=None)
  n21 20260720_1800 … ✗ swath overlaps bbox but all pixels cloud/land masked (raw_valid_in_bbox=0, ql_dist=None)
  n21 20260720_1810 … ✗ swath overlaps bbox but all pixels cloud/land masked (raw_valid_in_bbox=0, ql_dist=None)
  n21 20260720_1850 … ✗ swath overlaps bbox but all pixels cloud/land masked (raw_valid_in_bbox=0, ql_dist=None)
  n21 20260720_1900 … ✗ swath overlaps bbox but all pixels cloud/land masked (raw_valid_in_bbox=0, ql_dist=None)
  n21 20260720_1910 ✓ (cached)
  n21 20260720_1950 … ✗ swath overlaps bbox but all pixels cloud/land masked (raw_valid_in_bbox=0, ql_dist=None)
  n21 20260720_2000 … ✗ swath overlaps bbox but all pixels cloud/land masked (raw_valid_in_bbox=0, ql_dist=None)
  n21 20260720_2010 … ✗ swath overlaps bbox but all pixels cloud/land masked (raw_valid_in_bbox=0, ql_dist=None)
  n21 20260720_2050 … ✗ swath overlaps bbox but all pixels cloud/land masked (raw_valid_in_bbox=0, ql_dist=None)
  n21 20260720_2100 … ✗ swath overlaps bbox but all pixels cloud/land masked (raw_valid_in_bbox=0, ql_dist=None)
  n21 20260720_2110 … ✗ swath overlaps bbox but all pixels cloud/land masked (raw_valid_in_bbox=0, ql_dist=None)
  n21 20260720_2150 … ✗ swath overlaps bbox but all pixels cloud/land masked (raw_valid_in_bbox=0, ql_dist=None)
  n21 20260720_2200 … ✗ swath overlaps bbox but all pixels cloud/land masked (raw_valid_in_bbox=0, ql_dist=None)
  n21 20260720_2210 … ✗ swath overlaps bbox but all pixels cloud/land masked (raw_valid_in_bbox=0, ql_dist=None)
  n21 20260720_2250 … ✗ swath overlaps bbox but all pixels cloud/land masked (raw_valid_in_bbox=0, ql_dist=None)
  n21 20260720_2300 … ✗ swath overlaps bbox but all pixels cloud/land masked (raw_valid_in_bbox=0, ql_dist=None)
  n21 20260720_2310 … ✗ swath overlaps bbox but all pixels cloud/land masked (raw_valid_in_bbox=0, ql_dist=None)
  n21 20260720_2350 … ✗ swath overlaps bbox but all pixels cloud/land masked (raw_valid_in_bbox=0, ql_dist=None)
  n21 20260721_0000 … ✗ swath overlaps bbox but all pixels cloud/land masked (raw_valid_in_bbox=0, ql_dist=None)
  n21 20260721_0010 … ✗ swath overlaps bbox but all pixels cloud/land masked (raw_valid_in_bbox=0, ql_dist=None)
  n21 20260721_0050 … ✗ swath overlaps bbox but all pixels cloud/land masked (raw_valid_in_bbox=0, ql_dist=None)
  n21 20260721_0100 … ✗ swath overlaps bbox but all pixels cloud/land masked (raw_valid_in_bbox=0, ql_dist=None)
  n21 20260721_0110 … ✗ swath overlaps bbox but all pixels cloud/land masked (raw_valid_in_bbox=0, ql_dist=None)
  n21 20260721_0150 … ✗ swath overlaps bbox but all pixels cloud/land masked (raw_valid_in_bbox=0, ql_dist=None)
  n21 20260721_0200 … ✗ swath overlaps bbox but all pixels cloud/land masked (raw_valid_in_bbox=0, ql_dist=None)
  n21 20260721_0210 … ✗ swath overlaps bbox but all pixels cloud/land masked (raw_valid_in_bbox=0, ql_dist=None)
  n21 20260721_0250 … ✗ swath overlaps bbox but all pixels cloud/land masked (raw_valid_in_bbox=0, ql_dist=None)
  n21 20260721_0300 … ✗ swath overlaps bbox but all pixels cloud/land masked (raw_valid_in_bbox=0, ql_dist=None)
  n21 20260721_0310 … ✗ swath overlaps bbox but all pixels cloud/land masked (raw_valid_in_bbox=0, ql_dist=None)
  n21 20260721_0350 … ✗ swath overlaps bbox but all pixels cloud/land masked (raw_valid_in_bbox=0, ql_dist=None)
  n21 20260721_0400 … ✗ swath overlaps bbox but all pixels cloud/land masked (raw_valid_in_bbox=0, ql_dist=None)
  n21 20260721_0410 … ✗ swath overlaps bbox but all pixels cloud/land masked (raw_valid_in_bbox=0, ql_dist=None)
  n21 20260721_0450 … ✗ swath overlaps bbox but all pixels cloud/land masked (raw_valid_in_bbox=0, ql_dist=None)
  n21 20260721_0500 … ✗ swath overlaps bbox but all pixels cloud/land masked (raw_valid_in_bbox=0, ql_dist=None)
  n21 20260721_0510 … ✗ swath overlaps bbox but all pixels cloud/land masked (raw_valid_in_bbox=0, ql_dist=None)
  n21 20260721_0550 ✓ (cached)
  n21 20260721_0600 ✓ (cached)
  n21 20260721_0610 … ✗ swath overlaps bbox but all pixels cloud/land masked (raw_valid_in_bbox=0, ql_dist=None)
  n21 20260721_0650 … ✗ swath overlaps bbox but all pixels cloud/land masked (raw_valid_in_bbox=0, ql_dist=None)
  n21 20260721_0700 … ✗ swath overlaps bbox but all pixels cloud/land masked (raw_valid_in_bbox=0, ql_dist=None)
  n21 20260721_0710 … ✗ swath overlaps bbox but all pixels cloud/land masked (raw_valid_in_bbox=0, ql_dist=None)
  n21 20260721_0750 … ✗ swath overlaps bbox but all pixels cloud/land masked (raw_valid_in_bbox=0, ql_dist=None)
  n21 20260721_0800 … ✗ swath overlaps bbox but all pixels cloud/land masked (raw_valid_in_bbox=0, ql_dist=None)
  n21 20260721_0810 … ✗ swath overlaps bbox but all pixels cloud/land masked (raw_valid_in_bbox=0, ql_dist=None)
  n21 20260721_0850 … ✗ swath overlaps bbox but all pixels cloud/land masked (raw_valid_in_bbox=0, ql_dist=None)
  n21 20260721_0900 … ✗ swath overlaps bbox but all pixels cloud/land masked (raw_valid_in_bbox=0, ql_dist=None)
  n21 20260721_0910 … ✗ swath overlaps bbox but all pixels cloud/land masked (raw_valid_in_bbox=0, ql_dist=None)
  n21 20260721_0950 … ✗ swath overlaps bbox but all pixels cloud/land masked (raw_valid_in_bbox=0, ql_dist=None)
  n21 20260721_1000 … ✗ swath overlaps bbox but all pixels cloud/land masked (raw_valid_in_bbox=0, ql_dist=None)
  n21 20260721_1010 … ✗ swath overlaps bbox but all pixels cloud/land masked (raw_valid_in_bbox=0, ql_dist=None)
  n21 20260721_1050 … ✗ swath overlaps bbox but all pixels cloud/land masked (raw_valid_in_bbox=0, ql_dist=None)
  n21 20260721_1100 … ✗ swath overlaps bbox but all pixels cloud/land masked (raw_valid_in_bbox=0, ql_dist=None)
  n21 20260721_1110 … ✗ swath overlaps bbox but all pixels cloud/land masked (raw_valid_in_bbox=0, ql_dist=None)
  n21 20260721_1150 … ✗ swath overlaps bbox but all pixels cloud/land masked (raw_valid_in_bbox=0, ql_dist=None)
  n21 20260721_1200 … ✗ swath overlaps bbox but all pixels cloud/land masked (raw_valid_in_bbox=0, ql_dist=None)
  n21 20260721_1210 … ✗ swath overlaps bbox but all pixels cloud/land masked (raw_valid_in_bbox=0, ql_dist=None)
  n21 20260721_1250 … ✗ swath overlaps bbox but all pixels cloud/land masked (raw_valid_in_bbox=0, ql_dist=None)
  n21 20260721_1300 … ✗ swath overlaps bbox but all pixels cloud/land masked (raw_valid_in_bbox=0, ql_dist=None)
  n21 20260721_1310 … ✗ swath overlaps bbox but all pixels cloud/land masked (raw_valid_in_bbox=0, ql_dist=None)
  n21 20260721_1350 … ✗ swath overlaps bbox but all pixels cloud/land masked (raw_valid_in_bbox=0, ql_dist=None)
  n21 20260721_1400 … ✗ swath overlaps bbox but all pixels cloud/land masked (raw_valid_in_bbox=0, ql_dist=None)
  n21 20260721_1410 … ✗ swath overlaps bbox but all pixels cloud/land masked (raw_valid_in_bbox=0, ql_dist=None)
  n21 20260721_1450 … ✗ swath overlaps bbox but all pixels cloud/land masked (raw_valid_in_bbox=0, ql_dist=None)
  n21 20260721_1500 … ✗ swath overlaps bbox but all pixels cloud/land masked (raw_valid_in_bbox=0, ql_dist=None)
  n21 20260721_1510 … ✗ swath overlaps bbox but all pixels cloud/land masked (raw_valid_in_bbox=0, ql_dist=None)
  n21 20260721_1550 … ✗ swath overlaps bbox but all pixels cloud/land masked (raw_valid_in_bbox=0, ql_dist=None)
  n21 20260721_1600 … ✗ swath overlaps bbox but all pixels cloud/land masked (raw_valid_in_bbox=0, ql_dist=None)
  n21 20260721_1610 … ✗ swath overlaps bbox but all pixels cloud/land masked (raw_valid_in_bbox=0, ql_dist=None)
  n21 20260721_1650 … ✗ swath overlaps bbox but all pixels cloud/land masked (raw_valid_in_bbox=0, ql_dist=None)
  n21 20260721_1700 … ✗ swath overlaps bbox but all pixels cloud/land masked (raw_valid_in_bbox=0, ql_dist=None)
  n21 20260721_1710 ✓ (cached)
  n21 20260721_1750 … ✗ swath overlaps bbox but all pixels cloud/land masked (raw_valid_in_bbox=0, ql_dist=None)
  n21 20260721_1800 … ✗ swath overlaps bbox but all pixels cloud/land masked (raw_valid_in_bbox=0, ql_dist=None)
  n21 20260721_1810 … ✗ swath overlaps bbox but all pixels cloud/land masked (raw_valid_in_bbox=0, ql_dist=None)
  n21 20260721_1850 …   → DailySSTData/VIIRS/Passes/s_fl/viirs_n21_20260721_1850.csv  (24673 pts, 267 lats × 351 lons)
  n21 20260721_1900 … ✗ swath overlaps bbox but all pixels cloud/land masked (raw_valid_in_bbox=0, ql_dist=None)
  n21 20260721_1910 … ✗ swath overlaps bbox but all pixels cloud/land masked (raw_valid_in_bbox=0, ql_dist=None)
  n21 20260721_1950 … ✗ swath overlaps bbox but all pixels cloud/land masked (raw_valid_in_bbox=0, ql_dist=None)

  VIIRS summary: 1 written, 12 cached, 338 miss/cloud, 612 outside windows.

=========================================================
✓ Pipeline complete
=========================================================
