========================================
RUNNING REGION: mid_atlantic
========================================
=========================================================
SST PIPELINE
  UTC    : 2026-09-25 07:38:44
  Region : mid_atlantic
  Bbox   : 33.7–39.0°N  -78.89–-72.21°E
  Output : DailySSTData/MUR  (and siblings)
=========================================================

── MUR daily composite (last 5 days) ──
  MUR 20260924 (coastwatch.noaa.gov) … ✗ RuntimeError
  MUR 20260924 (coastwatch.pfeg.noaa.gov) … ✗ RuntimeError
  MUR 20260924 (upwell.pfeg.noaa.gov) … ✗ RuntimeError
  ✗ MUR 20260924 — all mirrors failed. Last: upwell.pfeg.noaa.gov: RuntimeError: 404 — no data for this date
  ✓ MUR 20260923 (cached)
  ✓ MUR 20260922 (cached)
  ✓ MUR 20260921 (cached)
  ✓ MUR 20260920 (cached)

── GOES-19 geo-polar blended daily composite ──
  Candidates: 4 (2 hosts × 2 dataset IDs)
  GOES 20260925 [noaa/noaacwBLENDEDsstDLDaily] … ✗ RuntimeError: 404 — no data for this date
  GOES 20260925 [noaa/noaacwBLENDEDsstDaily] … ✗ RuntimeError: 404 — no data for this date
  GOES 20260925 [pfeg/noaacwBLENDEDsstDLDaily] … ✗ RuntimeError: 404 — no data for this date
  GOES 20260925 [pfeg/noaacwBLENDEDsstDaily] … ✗ RuntimeError: 404 — no data for this date
  GOES 20260924 [noaa/noaacwBLENDEDsstDLDaily] … ✗ RuntimeError: 404 — no data for this date
  GOES 20260924 [noaa/noaacwBLENDEDsstDaily] … ✗ RuntimeError: 404 — no data for this date
  GOES 20260924 [pfeg/noaacwBLENDEDsstDLDaily] … ✗ RuntimeError: 404 — no data for this date
  GOES 20260924 [pfeg/noaacwBLENDEDsstDaily] … ✗ RuntimeError: 404 — no data for this date
  ✓ GOES composite 20260923 (cached)

── VIIRS multi-pass (last 48h — NPP/N20/N21) ──
  ✓ VIIRS NRT base: https://www.star.nesdis.noaa.gov/pub/socd2/coastwatch/sst/nrt/viirs
  Hourly windows : 48
  Window range   : 2026-09-23 07:50Z → 2026-09-25 07:10Z
  Half-width     : ±10 min per bucket
  npp 20260923_0750 … ✗ swath overlaps bbox but all pixels cloud/land masked (raw_valid_in_bbox=0, ql_dist=None)
  npp 20260923_0800 … ✗ swath overlaps bbox but all pixels cloud/land masked (raw_valid_in_bbox=0, ql_dist=None)
  npp 20260923_0810 …   ⚠ VIIRS npp 20260923_0810: only 23 pts — skipping write.
✗ ok
  npp 20260923_0850 … ✗ swath overlaps bbox but all pixels cloud/land masked (raw_valid_in_bbox=0, ql_dist=None)
  npp 20260923_0900 … ✗ swath overlaps bbox but all pixels cloud/land masked (raw_valid_in_bbox=0, ql_dist=None)
  npp 20260923_0910 … ✗ swath overlaps bbox but all pixels cloud/land masked (raw_valid_in_bbox=0, ql_dist=None)
  npp 20260923_0950 … ✗ swath overlaps bbox but all pixels cloud/land masked (raw_valid_in_bbox=0, ql_dist=None)
  npp 20260923_1000 … ✗ swath overlaps bbox but all pixels cloud/land masked (raw_valid_in_bbox=0, ql_dist=None)
  npp 20260923_1010 … ✗ swath overlaps bbox but all pixels cloud/land masked (raw_valid_in_bbox=0, ql_dist=None)
  npp 20260923_1050 … ✗ swath overlaps bbox but all pixels cloud/land masked (raw_valid_in_bbox=0, ql_dist=None)
  npp 20260923_1100 … ✗ swath overlaps bbox but all pixels cloud/land masked (raw_valid_in_bbox=0, ql_dist=None)
  npp 20260923_1110 … ✗ swath overlaps bbox but all pixels cloud/land masked (raw_valid_in_bbox=0, ql_dist=None)
  npp 20260923_1150 … ✗ swath overlaps bbox but all pixels cloud/land masked (raw_valid_in_bbox=0, ql_dist=None)
  npp 20260923_1200 … ✗ swath overlaps bbox but all pixels cloud/land masked (raw_valid_in_bbox=0, ql_dist=None)
  npp 20260923_1210 … ✗ swath overlaps bbox but all pixels cloud/land masked (raw_valid_in_bbox=0, ql_dist=None)
  npp 20260923_1250 … ✗ swath overlaps bbox but all pixels cloud/land masked (raw_valid_in_bbox=0, ql_dist=None)
  npp 20260923_1300 … ✗ swath overlaps bbox but all pixels cloud/land masked (raw_valid_in_bbox=0, ql_dist=None)
  npp 20260923_1310 … ✗ swath overlaps bbox but all pixels cloud/land masked (raw_valid_in_bbox=0, ql_dist=None)
  npp 20260923_1350 … ✗ swath overlaps bbox but all pixels cloud/land masked (raw_valid_in_bbox=0, ql_dist=None)
  npp 20260923_1400 … ✗ swath overlaps bbox but all pixels cloud/land masked (raw_valid_in_bbox=0, ql_dist=None)
  npp 20260923_1410 … ✗ swath overlaps bbox but all pixels cloud/land masked (raw_valid_in_bbox=0, ql_dist=None)
  npp 20260923_1450 … ✗ swath overlaps bbox but all pixels cloud/land masked (raw_valid_in_bbox=0, ql_dist=None)
  npp 20260923_1500 … ✗ swath overlaps bbox but all pixels cloud/land masked (raw_valid_in_bbox=0, ql_dist=None)
  npp 20260923_1510 … ✗ swath overlaps bbox but all pixels cloud/land masked (raw_valid_in_bbox=0, ql_dist=None)
  npp 20260923_1550 … ✗ swath overlaps bbox but all pixels cloud/land masked (raw_valid_in_bbox=0, ql_dist=None)
  npp 20260923_1600 … ✗ swath overlaps bbox but all pixels cloud/land masked (raw_valid_in_bbox=0, ql_dist=None)
  npp 20260923_1610 … ✗ swath overlaps bbox but all pixels cloud/land masked (raw_valid_in_bbox=0, ql_dist=None)
  npp 20260923_1650 … ✗ swath overlaps bbox but all pixels cloud/land masked (raw_valid_in_bbox=0, ql_dist=None)
  npp 20260923_1700 … ✗ swath overlaps bbox but all pixels cloud/land masked (raw_valid_in_bbox=0, ql_dist=None)
  npp 20260923_1710 … ✗ swath overlaps bbox but all pixels cloud/land masked (raw_valid_in_bbox=0, ql_dist=None)
  npp 20260923_1750 …   ⚠ VIIRS npp 20260923_1750: only 3 pts — skipping write.
✗ ok
  npp 20260923_1800 … ✗ swath overlaps bbox but all pixels cloud/land masked (raw_valid_in_bbox=0, ql_dist=None)
  npp 20260923_1810 … ✗ swath overlaps bbox but all pixels cloud/land masked (raw_valid_in_bbox=0, ql_dist=None)
  npp 20260923_1850 … ✗ swath overlaps bbox but all pixels cloud/land masked (raw_valid_in_bbox=0, ql_dist=None)
  npp 20260923_1900 … ✗ swath overlaps bbox but all pixels cloud/land masked (raw_valid_in_bbox=0, ql_dist=None)
  npp 20260923_1910 … ✗ swath overlaps bbox but all pixels cloud/land masked (raw_valid_in_bbox=0, ql_dist=None)
  npp 20260923_1950 … ✗ swath overlaps bbox but all pixels cloud/land masked (raw_valid_in_bbox=0, ql_dist=None)
  npp 20260923_2000 … ✗ swath overlaps bbox but all pixels cloud/land masked (raw_valid_in_bbox=0, ql_dist=None)
  npp 20260923_2010 … ✗ swath overlaps bbox but all pixels cloud/land masked (raw_valid_in_bbox=0, ql_dist=None)
  npp 20260923_2050 … ✗ swath overlaps bbox but all pixels cloud/land masked (raw_valid_in_bbox=0, ql_dist=None)
  npp 20260923_2100 … ✗ swath overlaps bbox but all pixels cloud/land masked (raw_valid_in_bbox=0, ql_dist=None)
  npp 20260923_2110 … ✗ swath overlaps bbox but all pixels cloud/land masked (raw_valid_in_bbox=0, ql_dist=None)
  npp 20260923_2150 … ✗ swath overlaps bbox but all pixels cloud/land masked (raw_valid_in_bbox=0, ql_dist=None)
  npp 20260923_2200 … ✗ swath overlaps bbox but all pixels cloud/land masked (raw_valid_in_bbox=0, ql_dist=None)
  npp 20260923_2210 … ✗ swath overlaps bbox but all pixels cloud/land masked (raw_valid_in_bbox=0, ql_dist=None)
  npp 20260923_2250 … ✗ swath overlaps bbox but all pixels cloud/land masked (raw_valid_in_bbox=0, ql_dist=None)
  npp 20260923_2300 … ✗ swath overlaps bbox but all pixels cloud/land masked (raw_valid_in_bbox=0, ql_dist=None)
  npp 20260923_2310 … ✗ swath overlaps bbox but all pixels cloud/land masked (raw_valid_in_bbox=0, ql_dist=None)
  npp 20260923_2350 … ✗ swath overlaps bbox but all pixels cloud/land masked (raw_valid_in_bbox=0, ql_dist=None)
  npp 20260924_0000 … ✗ swath overlaps bbox but all pixels cloud/land masked (raw_valid_in_bbox=0, ql_dist=None)
  npp 20260924_0010 … ✗ swath overlaps bbox but all pixels cloud/land masked (raw_valid_in_bbox=0, ql_dist=None)
  npp 20260924_0050 … ✗ swath overlaps bbox but all pixels cloud/land masked (raw_valid_in_bbox=0, ql_dist=None)
  npp 20260924_0100 … ✗ swath overlaps bbox but all pixels cloud/land masked (raw_valid_in_bbox=0, ql_dist=None)
  npp 20260924_0110 … ✗ swath overlaps bbox but all pixels cloud/land masked (raw_valid_in_bbox=0, ql_dist=None)
  npp 20260924_0150 … ✗ swath overlaps bbox but all pixels cloud/land masked (raw_valid_in_bbox=0, ql_dist=None)
  npp 20260924_0200 … ✗ swath overlaps bbox but all pixels cloud/land masked (raw_valid_in_bbox=0, ql_dist=None)
  npp 20260924_0210 … ✗ swath overlaps bbox but all pixels cloud/land masked (raw_valid_in_bbox=0, ql_dist=None)
  npp 20260924_0250 … ✗ swath overlaps bbox but all pixels cloud/land masked (raw_valid_in_bbox=0, ql_dist=None)
  npp 20260924_0300 … ✗ swath overlaps bbox but all pixels cloud/land masked (raw_valid_in_bbox=0, ql_dist=None)
  npp 20260924_0310 … ✗ swath overlaps bbox but all pixels cloud/land masked (raw_valid_in_bbox=0, ql_dist=None)
  npp 20260924_0350 … ✗ swath overlaps bbox but all pixels cloud/land masked (raw_valid_in_bbox=0, ql_dist=None)
  npp 20260924_0400 … ✗ swath overlaps bbox but all pixels cloud/land masked (raw_valid_in_bbox=0, ql_dist=None)
  npp 20260924_0410 … ✗ swath overlaps bbox but all pixels cloud/land masked (raw_valid_in_bbox=0, ql_dist=None)
  npp 20260924_0450 … ✗ swath overlaps bbox but all pixels cloud/land masked (raw_valid_in_bbox=0, ql_dist=None)
  npp 20260924_0500 … ✗ swath overlaps bbox but all pixels cloud/land masked (raw_valid_in_bbox=0, ql_dist=None)
  npp 20260924_0510 … ✗ swath overlaps bbox but all pixels cloud/land masked (raw_valid_in_bbox=0, ql_dist=None)
  npp 20260924_0550 … ✗ swath overlaps bbox but all pixels cloud/land masked (raw_valid_in_bbox=0, ql_dist=None)
  npp 20260924_0600 … ✗ swath overlaps bbox but all pixels cloud/land masked (raw_valid_in_bbox=0, ql_dist=None)
  npp 20260924_0610 …   ⚠ VIIRS npp 20260924_0610: only 3 pts — skipping write.
✗ ok
  npp 20260924_0650 … ✗ swath overlaps bbox but all pixels cloud/land masked (raw_valid_in_bbox=0, ql_dist=None)
  npp 20260924_0700 … ✗ swath overlaps bbox but all pixels cloud/land masked (raw_valid_in_bbox=0, ql_dist=None)
  npp 20260924_0710 … ✗ swath overlaps bbox but all pixels cloud/land masked (raw_valid_in_bbox=0, ql_dist=None)
  npp 20260924_0750 …   ⚠ VIIRS npp 20260924_0750: only 60 pts — skipping write.
✗ ok
  npp 20260924_0800 … ✗ swath overlaps bbox but all pixels cloud/land masked (raw_valid_in_bbox=0, ql_dist=None)
  npp 20260924_0810 … ✗ swath overlaps bbox but all pixels cloud/land masked (raw_valid_in_bbox=0, ql_dist=None)
  npp 20260924_0850 … ✗ swath overlaps bbox but all pixels cloud/land masked (raw_valid_in_bbox=0, ql_dist=None)
  npp 20260924_0900 … ✗ swath overlaps bbox but all pixels cloud/land masked (raw_valid_in_bbox=0, ql_dist=None)
  npp 20260924_0910 … ✗ swath overlaps bbox but all pixels cloud/land masked (raw_valid_in_bbox=0, ql_dist=None)
  npp 20260924_0950 … ✗ swath overlaps bbox but all pixels cloud/land masked (raw_valid_in_bbox=0, ql_dist=None)
  npp 20260924_1000 … ✗ swath overlaps bbox but all pixels cloud/land masked (raw_valid_in_bbox=0, ql_dist=None)
  npp 20260924_1010 … ✗ swath overlaps bbox but all pixels cloud/land masked (raw_valid_in_bbox=0, ql_dist=None)
  npp 20260924_1050 … ✗ swath overlaps bbox but all pixels cloud/land masked (raw_valid_in_bbox=0, ql_dist=None)
  npp 20260924_1100 … ✗ swath overlaps bbox but all pixels cloud/land masked (raw_valid_in_bbox=0, ql_dist=None)
  npp 20260924_1110 … ✗ swath overlaps bbox but all pixels cloud/land masked (raw_valid_in_bbox=0, ql_dist=None)
  npp 20260924_1150 … ✗ swath overlaps bbox but all pixels cloud/land masked (raw_valid_in_bbox=0, ql_dist=None)
  npp 20260924_1200 … ✗ swath overlaps bbox but all pixels cloud/land masked (raw_valid_in_bbox=0, ql_dist=None)
  npp 20260924_1210 … ✗ swath overlaps bbox but all pixels cloud/land masked (raw_valid_in_bbox=0, ql_dist=None)
  npp 20260924_1250 … ✗ swath overlaps bbox but all pixels cloud/land masked (raw_valid_in_bbox=0, ql_dist=None)
  npp 20260924_1300 … ✗ swath overlaps bbox but all pixels cloud/land masked (raw_valid_in_bbox=0, ql_dist=None)
  npp 20260924_1310 … ✗ swath overlaps bbox but all pixels cloud/land masked (raw_valid_in_bbox=0, ql_dist=None)
  npp 20260924_1350 … ✗ swath overlaps bbox but all pixels cloud/land masked (raw_valid_in_bbox=0, ql_dist=None)
  npp 20260924_1400 … ✗ swath overlaps bbox but all pixels cloud/land masked (raw_valid_in_bbox=0, ql_dist=None)
  npp 20260924_1410 … ✗ swath overlaps bbox but all pixels cloud/land masked (raw_valid_in_bbox=0, ql_dist=None)
  npp 20260924_1450 … ✗ swath overlaps bbox but all pixels cloud/land masked (raw_valid_in_bbox=0, ql_dist=None)
  npp 20260924_1500 … ✗ swath overlaps bbox but all pixels cloud/land masked (raw_valid_in_bbox=0, ql_dist=None)
  npp 20260924_1510 … ✗ swath overlaps bbox but all pixels cloud/land masked (raw_valid_in_bbox=0, ql_dist=None)
  npp 20260924_1550 … ✗ swath overlaps bbox but all pixels cloud/land masked (raw_valid_in_bbox=0, ql_dist=None)
  npp 20260924_1600 … ✗ swath overlaps bbox but all pixels cloud/land masked (raw_valid_in_bbox=0, ql_dist=None)
  npp 20260924_1610 … ✗ swath overlaps bbox but all pixels cloud/land masked (raw_valid_in_bbox=0, ql_dist=None)
  npp 20260924_1650 … ✗ swath overlaps bbox but all pixels cloud/land masked (raw_valid_in_bbox=0, ql_dist=None)
  npp 20260924_1700 … ✗ swath overlaps bbox but all pixels cloud/land masked (raw_valid_in_bbox=0, ql_dist=None)
  npp 20260924_1710 … ✗ swath overlaps bbox but all pixels cloud/land masked (raw_valid_in_bbox=0, ql_dist=None)
  npp 20260924_1750 … ✗ swath overlaps bbox but all pixels cloud/land masked (raw_valid_in_bbox=0, ql_dist=None)
  npp 20260924_1800 … ✗ swath overlaps bbox but all pixels cloud/land masked (raw_valid_in_bbox=0, ql_dist=None)
  npp 20260924_1810 … ✗ swath overlaps bbox but all pixels cloud/land masked (raw_valid_in_bbox=0, ql_dist=None)
  npp 20260924_1850 … ✗ swath overlaps bbox but all pixels cloud/land masked (raw_valid_in_bbox=0, ql_dist=None)
  npp 20260924_1900 … ✗ swath overlaps bbox but all pixels cloud/land masked (raw_valid_in_bbox=0, ql_dist=None)
  npp 20260924_1910 … ✗ swath overlaps bbox but all pixels cloud/land masked (raw_valid_in_bbox=0, ql_dist=None)
  npp 20260924_1950 … ✗ swath overlaps bbox but all pixels cloud/land masked (raw_valid_in_bbox=0, ql_dist=None)
  npp 20260924_2000 … ✗ swath overlaps bbox but all pixels cloud/land masked (raw_valid_in_bbox=0, ql_dist=None)
  npp 20260924_2010 … ✗ swath overlaps bbox but all pixels cloud/land masked (raw_valid_in_bbox=0, ql_dist=None)
  npp 20260924_2050 … ✗ swath overlaps bbox but all pixels cloud/land masked (raw_valid_in_bbox=0, ql_dist=None)
  npp 20260924_2100 … ✗ swath overlaps bbox but all pixels cloud/land masked (raw_valid_in_bbox=0, ql_dist=None)
  npp 20260924_2110 … ✗ swath overlaps bbox but all pixels cloud/land masked (raw_valid_in_bbox=0, ql_dist=None)
  npp 20260924_2150 … ✗ swath overlaps bbox but all pixels cloud/land masked (raw_valid_in_bbox=0, ql_dist=None)
  npp 20260924_2200 … ✗ swath overlaps bbox but all pixels cloud/land masked (raw_valid_in_bbox=0, ql_dist=None)
  npp 20260924_2210 … ✗ swath overlaps bbox but all pixels cloud/land masked (raw_valid_in_bbox=0, ql_dist=None)
  npp 20260924_2250 … ✗ swath overlaps bbox but all pixels cloud/land masked (raw_valid_in_bbox=0, ql_dist=None)
  npp 20260924_2300 … ✗ swath overlaps bbox but all pixels cloud/land masked (raw_valid_in_bbox=0, ql_dist=None)
  npp 20260924_2310 … ✗ swath overlaps bbox but all pixels cloud/land masked (raw_valid_in_bbox=0, ql_dist=None)
  npp 20260924_2350 … ✗ swath overlaps bbox but all pixels cloud/land masked (raw_valid_in_bbox=0, ql_dist=None)
  npp 20260925_0000 … ✗ swath overlaps bbox but all pixels cloud/land masked (raw_valid_in_bbox=0, ql_dist=None)
  npp 20260925_0010 … ✗ swath overlaps bbox but all pixels cloud/land masked (raw_valid_in_bbox=0, ql_dist=None)
  npp 20260925_0050 … ✗ swath overlaps bbox but all pixels cloud/land masked (raw_valid_in_bbox=0, ql_dist=None)
  npp 20260925_0100 … ✗ swath overlaps bbox but all pixels cloud/land masked (raw_valid_in_bbox=0, ql_dist=None)
  npp 20260925_0110 … ✗ swath overlaps bbox but all pixels cloud/land masked (raw_valid_in_bbox=0, ql_dist=None)
  npp 20260925_0150 … ✗ swath overlaps bbox but all pixels cloud/land masked (raw_valid_in_bbox=0, ql_dist=None)
  npp 20260925_0200 … ✗ swath overlaps bbox but all pixels cloud/land masked (raw_valid_in_bbox=0, ql_dist=None)
  npp 20260925_0210 … ✗ swath overlaps bbox but all pixels cloud/land masked (raw_valid_in_bbox=0, ql_dist=None)
  npp 20260925_0250 … ✗ swath overlaps bbox but all pixels cloud/land masked (raw_valid_in_bbox=0, ql_dist=None)
  npp 20260925_0300 … ✗ swath overlaps bbox but all pixels cloud/land masked (raw_valid_in_bbox=0, ql_dist=None)
  npp 20260925_0310 … ✗ swath overlaps bbox but all pixels cloud/land masked (raw_valid_in_bbox=0, ql_dist=None)
  npp 20260925_0350 … ✗ swath overlaps bbox but all pixels cloud/land masked (raw_valid_in_bbox=0, ql_dist=None)
  npp 20260925_0400 … ✗ swath overlaps bbox but all pixels cloud/land masked (raw_valid_in_bbox=0, ql_dist=None)
  npp 20260925_0410 … ✗ swath overlaps bbox but all pixels cloud/land masked (raw_valid_in_bbox=0, ql_dist=None)
  npp 20260925_0450 … ✗ swath overlaps bbox but all pixels cloud/land masked (raw_valid_in_bbox=0, ql_dist=None)
  npp 20260925_0500 … ✗ swath overlaps bbox but all pixels cloud/land masked (raw_valid_in_bbox=0, ql_dist=None)
  npp 20260925_0510 … ✗ swath overlaps bbox but all pixels cloud/land masked (raw_valid_in_bbox=0, ql_dist=None)
  npp 20260925_0550 … ✗ swath overlaps bbox but all pixels cloud/land masked (raw_valid_in_bbox=0, ql_dist=None)
  n20 20260923_0750 … ✗ swath overlaps bbox but all pixels cloud/land masked (raw_valid_in_bbox=0, ql_dist=None)
  n20 20260923_0800 … ✗ swath overlaps bbox but all pixels cloud/land masked (raw_valid_in_bbox=0, ql_dist=None)
  n20 20260923_0810 … ✗ swath overlaps bbox but all pixels cloud/land masked (raw_valid_in_bbox=0, ql_dist=None)
  n20 20260923_0850 … ✗ swath overlaps bbox but all pixels cloud/land masked (raw_valid_in_bbox=0, ql_dist=None)
  n20 20260923_0900 … ✗ swath overlaps bbox but all pixels cloud/land masked (raw_valid_in_bbox=0, ql_dist=None)
  n20 20260923_0910 … ✗ swath overlaps bbox but all pixels cloud/land masked (raw_valid_in_bbox=0, ql_dist=None)
  n20 20260923_0950 … ✗ swath overlaps bbox but all pixels cloud/land masked (raw_valid_in_bbox=0, ql_dist=None)
  n20 20260923_1000 … ✗ swath overlaps bbox but all pixels cloud/land masked (raw_valid_in_bbox=0, ql_dist=None)
  n20 20260923_1010 … ✗ swath overlaps bbox but all pixels cloud/land masked (raw_valid_in_bbox=0, ql_dist=None)
  n20 20260923_1050 … ✗ swath overlaps bbox but all pixels cloud/land masked (raw_valid_in_bbox=0, ql_dist=None)
  n20 20260923_1100 … ✗ swath overlaps bbox but all pixels cloud/land masked (raw_valid_in_bbox=0, ql_dist=None)
  n20 20260923_1110 … ✗ swath overlaps bbox but all pixels cloud/land masked (raw_valid_in_bbox=0, ql_dist=None)
  n20 20260923_1150 … ✗ swath overlaps bbox but all pixels cloud/land masked (raw_valid_in_bbox=0, ql_dist=None)
  n20 20260923_1200 … ✗ swath overlaps bbox but all pixels cloud/land masked (raw_valid_in_bbox=0, ql_dist=None)
  n20 20260923_1210 … ✗ swath overlaps bbox but all pixels cloud/land masked (raw_valid_in_bbox=0, ql_dist=None)
  n20 20260923_1250 … ✗ swath overlaps bbox but all pixels cloud/land masked (raw_valid_in_bbox=0, ql_dist=None)
  n20 20260923_1300 … ✗ swath overlaps bbox but all pixels cloud/land masked (raw_valid_in_bbox=0, ql_dist=None)
  n20 20260923_1310 … ✗ swath overlaps bbox but all pixels cloud/land masked (raw_valid_in_bbox=0, ql_dist=None)
  n20 20260923_1350 … ✗ swath overlaps bbox but all pixels cloud/land masked (raw_valid_in_bbox=0, ql_dist=None)
  n20 20260923_1400 … ✗ swath overlaps bbox but all pixels cloud/land masked (raw_valid_in_bbox=0, ql_dist=None)
  n20 20260923_1410 … ✗ swath overlaps bbox but all pixels cloud/land masked (raw_valid_in_bbox=0, ql_dist=None)
  n20 20260923_1450 … ✗ swath overlaps bbox but all pixels cloud/land masked (raw_valid_in_bbox=0, ql_dist=None)
  n20 20260923_1500 … ✗ swath overlaps bbox but all pixels cloud/land masked (raw_valid_in_bbox=0, ql_dist=None)
  n20 20260923_1510 … ✗ swath overlaps bbox but all pixels cloud/land masked (raw_valid_in_bbox=0, ql_dist=None)
  n20 20260923_1550 … ✗ swath overlaps bbox but all pixels cloud/land masked (raw_valid_in_bbox=0, ql_dist=None)
  n20 20260923_1600 … ✗ swath overlaps bbox but all pixels cloud/land masked (raw_valid_in_bbox=0, ql_dist=None)
  n20 20260923_1610 … ✗ swath overlaps bbox but all pixels cloud/land masked (raw_valid_in_bbox=0, ql_dist=None)
  n20 20260923_1650 … ✗ swath overlaps bbox but all pixels cloud/land masked (raw_valid_in_bbox=0, ql_dist=None)
  n20 20260923_1700 … ✗ swath overlaps bbox but all pixels cloud/land masked (raw_valid_in_bbox=0, ql_dist=None)
  n20 20260923_1710 … ✗ swath overlaps bbox but all pixels cloud/land masked (raw_valid_in_bbox=0, ql_dist=None)
  n20 20260923_1750 … ✗ swath overlaps bbox but all pixels cloud/land masked (raw_valid_in_bbox=0, ql_dist=None)
  n20 20260923_1800 … ✗ swath overlaps bbox but all pixels cloud/land masked (raw_valid_in_bbox=0, ql_dist=None)
  n20 20260923_1810 …   ⚠ VIIRS n20 20260923_1810: only 23 pts — skipping write.
✗ ok
  n20 20260923_1850 … ✗ swath overlaps bbox but all pixels cloud/land masked (raw_valid_in_bbox=0, ql_dist=None)
  n20 20260923_1900 … ✗ swath overlaps bbox but all pixels cloud/land masked (raw_valid_in_bbox=0, ql_dist=None)
  n20 20260923_1910 … ✗ swath overlaps bbox but all pixels cloud/land masked (raw_valid_in_bbox=0, ql_dist=None)
  n20 20260923_1950 … ✗ swath overlaps bbox but all pixels cloud/land masked (raw_valid_in_bbox=0, ql_dist=None)
  n20 20260923_2000 … ✗ swath overlaps bbox but all pixels cloud/land masked (raw_valid_in_bbox=0, ql_dist=None)
  n20 20260923_2010 … ✗ swath overlaps bbox but all pixels cloud/land masked (raw_valid_in_bbox=0, ql_dist=None)
  n20 20260923_2050 … ✗ swath overlaps bbox but all pixels cloud/land masked (raw_valid_in_bbox=0, ql_dist=None)
  n20 20260923_2100 … ✗ swath overlaps bbox but all pixels cloud/land masked (raw_valid_in_bbox=0, ql_dist=None)
  n20 20260923_2110 … ✗ swath overlaps bbox but all pixels cloud/land masked (raw_valid_in_bbox=0, ql_dist=None)
  n20 20260923_2150 … ✗ swath overlaps bbox but all pixels cloud/land masked (raw_valid_in_bbox=0, ql_dist=None)
  n20 20260923_2200 … ✗ swath overlaps bbox but all pixels cloud/land masked (raw_valid_in_bbox=0, ql_dist=None)
  n20 20260923_2210 … ✗ swath overlaps bbox but all pixels cloud/land masked (raw_valid_in_bbox=0, ql_dist=None)
  n20 20260923_2250 … ✗ swath overlaps bbox but all pixels cloud/land masked (raw_valid_in_bbox=0, ql_dist=None)
  n20 20260923_2300 … ✗ swath overlaps bbox but all pixels cloud/land masked (raw_valid_in_bbox=0, ql_dist=None)
  n20 20260923_2310 … ✗ swath overlaps bbox but all pixels cloud/land masked (raw_valid_in_bbox=0, ql_dist=None)
  n20 20260923_2350 … ✗ swath overlaps bbox but all pixels cloud/land masked (raw_valid_in_bbox=0, ql_dist=None)
  n20 20260924_0000 … ✗ swath overlaps bbox but all pixels cloud/land masked (raw_valid_in_bbox=0, ql_dist=None)
  n20 20260924_0010 … ✗ swath overlaps bbox but all pixels cloud/land masked (raw_valid_in_bbox=0, ql_dist=None)
  n20 20260924_0050 … ✗ swath overlaps bbox but all pixels cloud/land masked (raw_valid_in_bbox=0, ql_dist=None)
  n20 20260924_0100 … ✗ swath overlaps bbox but all pixels cloud/land masked (raw_valid_in_bbox=0, ql_dist=None)
  n20 20260924_0110 … ✗ swath overlaps bbox but all pixels cloud/land masked (raw_valid_in_bbox=0, ql_dist=None)
  n20 20260924_0150 … ✗ swath overlaps bbox but all pixels cloud/land masked (raw_valid_in_bbox=0, ql_dist=None)
  n20 20260924_0200 … ✗ swath overlaps bbox but all pixels cloud/land masked (raw_valid_in_bbox=0, ql_dist=None)
  n20 20260924_0210 … ✗ swath overlaps bbox but all pixels cloud/land masked (raw_valid_in_bbox=0, ql_dist=None)
  n20 20260924_0250 … ✗ swath overlaps bbox but all pixels cloud/land masked (raw_valid_in_bbox=0, ql_dist=None)
  n20 20260924_0300 … ✗ swath overlaps bbox but all pixels cloud/land masked (raw_valid_in_bbox=0, ql_dist=None)
  n20 20260924_0310 … ✗ swath overlaps bbox but all pixels cloud/land masked (raw_valid_in_bbox=0, ql_dist=None)
  n20 20260924_0350 … ✗ swath overlaps bbox but all pixels cloud/land masked (raw_valid_in_bbox=0, ql_dist=None)
  n20 20260924_0400 … ✗ swath overlaps bbox but all pixels cloud/land masked (raw_valid_in_bbox=0, ql_dist=None)
  n20 20260924_0410 … ✗ swath overlaps bbox but all pixels cloud/land masked (raw_valid_in_bbox=0, ql_dist=None)
  n20 20260924_0450 … ✗ swath overlaps bbox but all pixels cloud/land masked (raw_valid_in_bbox=0, ql_dist=None)
  n20 20260924_0500 … ✗ swath overlaps bbox but all pixels cloud/land masked (raw_valid_in_bbox=0, ql_dist=None)
  n20 20260924_0510 … ✗ swath overlaps bbox but all pixels cloud/land masked (raw_valid_in_bbox=0, ql_dist=None)
  n20 20260924_0550 … ✗ swath overlaps bbox but all pixels cloud/land masked (raw_valid_in_bbox=0, ql_dist=None)
  n20 20260924_0600 … ✗ swath overlaps bbox but all pixels cloud/land masked (raw_valid_in_bbox=0, ql_dist=None)
  n20 20260924_0610 … ✗ swath overlaps bbox but all pixels cloud/land masked (raw_valid_in_bbox=0, ql_dist=None)
  n20 20260924_0650 … ✗ swath overlaps bbox but all pixels cloud/land masked (raw_valid_in_bbox=0, ql_dist=None)
  n20 20260924_0700 … ✗ swath overlaps bbox but all pixels cloud/land masked (raw_valid_in_bbox=0, ql_dist=None)
  n20 20260924_0710 … ✗ swath overlaps bbox but all pixels cloud/land masked (raw_valid_in_bbox=0, ql_dist=None)
  n20 20260924_0750 … ✗ swath overlaps bbox but all pixels cloud/land masked (raw_valid_in_bbox=0, ql_dist=None)
  n20 20260924_0800 … ✗ swath overlaps bbox but all pixels cloud/land masked (raw_valid_in_bbox=0, ql_dist=None)
  n20 20260924_0810 …   ⚠ VIIRS n20 20260924_0810: only 4 pts — skipping write.
✗ ok
  n20 20260924_0850 … ✗ swath overlaps bbox but all pixels cloud/land masked (raw_valid_in_bbox=0, ql_dist=None)
  n20 20260924_0900 … ✗ swath overlaps bbox but all pixels cloud/land masked (raw_valid_in_bbox=0, ql_dist=None)
  n20 20260924_0910 … ✗ swath overlaps bbox but all pixels cloud/land masked (raw_valid_in_bbox=0, ql_dist=None)
  n20 20260924_0950 … ✗ swath overlaps bbox but all pixels cloud/land masked (raw_valid_in_bbox=0, ql_dist=None)
  n20 20260924_1000 … ✗ swath overlaps bbox but all pixels cloud/land masked (raw_valid_in_bbox=0, ql_dist=None)
  n20 20260924_1010 … ✗ swath overlaps bbox but all pixels cloud/land masked (raw_valid_in_bbox=0, ql_dist=None)
  n20 20260924_1050 … ✗ swath overlaps bbox but all pixels cloud/land masked (raw_valid_in_bbox=0, ql_dist=None)
  n20 20260924_1100 … ✗ swath overlaps bbox but all pixels cloud/land masked (raw_valid_in_bbox=0, ql_dist=None)
  n20 20260924_1110 … ✗ swath overlaps bbox but all pixels cloud/land masked (raw_valid_in_bbox=0, ql_dist=None)
  n20 20260924_1150 … ✗ swath overlaps bbox but all pixels cloud/land masked (raw_valid_in_bbox=0, ql_dist=None)
  n20 20260924_1200 … ✗ swath overlaps bbox but all pixels cloud/land masked (raw_valid_in_bbox=0, ql_dist=None)
  n20 20260924_1210 … ✗ swath overlaps bbox but all pixels cloud/land masked (raw_valid_in_bbox=0, ql_dist=None)
  n20 20260924_1250 … ✗ swath overlaps bbox but all pixels cloud/land masked (raw_valid_in_bbox=0, ql_dist=None)
  n20 20260924_1300 … ✗ swath overlaps bbox but all pixels cloud/land masked (raw_valid_in_bbox=0, ql_dist=None)
  n20 20260924_1310 … ✗ swath overlaps bbox but all pixels cloud/land masked (raw_valid_in_bbox=0, ql_dist=None)
  n20 20260924_1350 … ✗ swath overlaps bbox but all pixels cloud/land masked (raw_valid_in_bbox=0, ql_dist=None)
  n20 20260924_1400 … ✗ swath overlaps bbox but all pixels cloud/land masked (raw_valid_in_bbox=0, ql_dist=None)
  n20 20260924_1410 … ✗ swath overlaps bbox but all pixels cloud/land masked (raw_valid_in_bbox=0, ql_dist=None)
  n20 20260924_1450 … ✗ swath overlaps bbox but all pixels cloud/land masked (raw_valid_in_bbox=0, ql_dist=None)
  n20 20260924_1500 … ✗ swath overlaps bbox but all pixels cloud/land masked (raw_valid_in_bbox=0, ql_dist=None)
  n20 20260924_1510 … ✗ swath overlaps bbox but all pixels cloud/land masked (raw_valid_in_bbox=0, ql_dist=None)
  n20 20260924_1550 … ✗ swath overlaps bbox but all pixels cloud/land masked (raw_valid_in_bbox=0, ql_dist=None)
  n20 20260924_1600 … ✗ swath overlaps bbox but all pixels cloud/land masked (raw_valid_in_bbox=0, ql_dist=None)
  n20 20260924_1610 … ✗ swath overlaps bbox but all pixels cloud/land masked (raw_valid_in_bbox=0, ql_dist=None)
  n20 20260924_1650 … ✗ swath overlaps bbox but all pixels cloud/land masked (raw_valid_in_bbox=0, ql_dist=None)
  n20 20260924_1700 … ✗ swath overlaps bbox but all pixels cloud/land masked (raw_valid_in_bbox=0, ql_dist=None)
  n20 20260924_1710 … ✗ swath overlaps bbox but all pixels cloud/land masked (raw_valid_in_bbox=0, ql_dist=None)
  n20 20260924_1750 … ✗ swath overlaps bbox but all pixels cloud/land masked (raw_valid_in_bbox=0, ql_dist=None)
  n20 20260924_1800 … ✗ swath overlaps bbox but all pixels cloud/land masked (raw_valid_in_bbox=0, ql_dist=None)
  n20 20260924_1810 … ✗ swath overlaps bbox but all pixels cloud/land masked (raw_valid_in_bbox=0, ql_dist=None)
  n20 20260924_1850 … ✗ swath overlaps bbox but all pixels cloud/land masked (raw_valid_in_bbox=0, ql_dist=None)
  n20 20260924_1900 … ✗ swath overlaps bbox but all pixels cloud/land masked (raw_valid_in_bbox=0, ql_dist=None)
  n20 20260924_1910 … ✗ swath overlaps bbox but all pixels cloud/land masked (raw_valid_in_bbox=0, ql_dist=None)
  n20 20260924_1950 … ✗ swath overlaps bbox but all pixels cloud/land masked (raw_valid_in_bbox=0, ql_dist=None)
  n20 20260924_2000 … ✗ swath overlaps bbox but all pixels cloud/land masked (raw_valid_in_bbox=0, ql_dist=None)
  n20 20260924_2010 … ✗ swath overlaps bbox but all pixels cloud/land masked (raw_valid_in_bbox=0, ql_dist=None)
  n20 20260924_2050 … ✗ swath overlaps bbox but all pixels cloud/land masked (raw_valid_in_bbox=0, ql_dist=None)
  n20 20260924_2100 … ✗ swath overlaps bbox but all pixels cloud/land masked (raw_valid_in_bbox=0, ql_dist=None)
  n20 20260924_2110 … ✗ swath overlaps bbox but all pixels cloud/land masked (raw_valid_in_bbox=0, ql_dist=None)
  n20 20260924_2150 … ✗ swath overlaps bbox but all pixels cloud/land masked (raw_valid_in_bbox=0, ql_dist=None)
  n20 20260924_2200 … ✗ swath overlaps bbox but all pixels cloud/land masked (raw_valid_in_bbox=0, ql_dist=None)
  n20 20260924_2210 … ✗ swath overlaps bbox but all pixels cloud/land masked (raw_valid_in_bbox=0, ql_dist=None)
  n20 20260924_2250 … ✗ swath overlaps bbox but all pixels cloud/land masked (raw_valid_in_bbox=0, ql_dist=None)
  n20 20260924_2300 … ✗ swath overlaps bbox but all pixels cloud/land masked (raw_valid_in_bbox=0, ql_dist=None)
  n20 20260924_2310 … ✗ swath overlaps bbox but all pixels cloud/land masked (raw_valid_in_bbox=0, ql_dist=None)
  n20 20260924_2350 … ✗ swath overlaps bbox but all pixels cloud/land masked (raw_valid_in_bbox=0, ql_dist=None)
  n20 20260925_0000 … ✗ swath overlaps bbox but all pixels cloud/land masked (raw_valid_in_bbox=0, ql_dist=None)
  n20 20260925_0010 … ✗ swath overlaps bbox but all pixels cloud/land masked (raw_valid_in_bbox=0, ql_dist=None)
  n20 20260925_0050 … ✗ swath overlaps bbox but all pixels cloud/land masked (raw_valid_in_bbox=0, ql_dist=None)
  n20 20260925_0100 … ✗ swath overlaps bbox but all pixels cloud/land masked (raw_valid_in_bbox=0, ql_dist=None)
  n20 20260925_0110 … ✗ swath overlaps bbox but all pixels cloud/land masked (raw_valid_in_bbox=0, ql_dist=None)
  n20 20260925_0150 … ✗ swath overlaps bbox but all pixels cloud/land masked (raw_valid_in_bbox=0, ql_dist=None)
  n20 20260925_0200 … ✗ swath overlaps bbox but all pixels cloud/land masked (raw_valid_in_bbox=0, ql_dist=None)
  n20 20260925_0210 … ✗ swath overlaps bbox but all pixels cloud/land masked (raw_valid_in_bbox=0, ql_dist=None)
  n20 20260925_0250 … ✗ swath overlaps bbox but all pixels cloud/land masked (raw_valid_in_bbox=0, ql_dist=None)
  n20 20260925_0300 … ✗ swath overlaps bbox but all pixels cloud/land masked (raw_valid_in_bbox=0, ql_dist=None)
  n20 20260925_0310 … ✗ swath overlaps bbox but all pixels cloud/land masked (raw_valid_in_bbox=0, ql_dist=None)
  n20 20260925_0350 … ✗ swath overlaps bbox but all pixels cloud/land masked (raw_valid_in_bbox=0, ql_dist=None)
  n20 20260925_0400 … ✗ swath overlaps bbox but all pixels cloud/land masked (raw_valid_in_bbox=0, ql_dist=None)
  n20 20260925_0410 … ✗ swath overlaps bbox but all pixels cloud/land masked (raw_valid_in_bbox=0, ql_dist=None)
  n20 20260925_0450 … ✗ swath overlaps bbox but all pixels cloud/land masked (raw_valid_in_bbox=0, ql_dist=None)
  n20 20260925_0500 … ✗ swath overlaps bbox but all pixels cloud/land masked (raw_valid_in_bbox=0, ql_dist=None)
  n20 20260925_0510 … ✗ swath overlaps bbox but all pixels cloud/land masked (raw_valid_in_bbox=0, ql_dist=None)
  n20 20260925_0550 … ✗ swath overlaps bbox but all pixels cloud/land masked (raw_valid_in_bbox=0, ql_dist=None)
  n20 20260925_0600 … ✗ swath overlaps bbox but all pixels cloud/land masked (raw_valid_in_bbox=0, ql_dist=None)
  n20 20260925_0610 …   → DailySSTData/VIIRS/Passes/viirs_n20_20260925_0610.csv  (129 pts, 21 lats × 30 lons)
  n21 20260923_0750 … ✗ swath overlaps bbox but all pixels cloud/land masked (raw_valid_in_bbox=0, ql_dist=None)
  n21 20260923_0800 … ✗ swath overlaps bbox but all pixels cloud/land masked (raw_valid_in_bbox=0, ql_dist=None)
  n21 20260923_0810 … ✗ swath overlaps bbox but all pixels cloud/land masked (raw_valid_in_bbox=0, ql_dist=None)
  n21 20260923_0850 … ✗ swath overlaps bbox but all pixels cloud/land masked (raw_valid_in_bbox=0, ql_dist=None)
  n21 20260923_0900 … ✗ swath overlaps bbox but all pixels cloud/land masked (raw_valid_in_bbox=0, ql_dist=None)
  n21 20260923_0910 … ✗ swath overlaps bbox but all pixels cloud/land masked (raw_valid_in_bbox=0, ql_dist=None)
  n21 20260923_0950 … ✗ swath overlaps bbox but all pixels cloud/land masked (raw_valid_in_bbox=0, ql_dist=None)
  n21 20260923_1000 … ✗ swath overlaps bbox but all pixels cloud/land masked (raw_valid_in_bbox=0, ql_dist=None)
  n21 20260923_1010 … ✗ swath overlaps bbox but all pixels cloud/land masked (raw_valid_in_bbox=0, ql_dist=None)
  n21 20260923_1050 … ✗ swath overlaps bbox but all pixels cloud/land masked (raw_valid_in_bbox=0, ql_dist=None)
  n21 20260923_1100 … ✗ swath overlaps bbox but all pixels cloud/land masked (raw_valid_in_bbox=0, ql_dist=None)
  n21 20260923_1110 … ✗ swath overlaps bbox but all pixels cloud/land masked (raw_valid_in_bbox=0, ql_dist=None)
  n21 20260923_1150 … ✗ swath overlaps bbox but all pixels cloud/land masked (raw_valid_in_bbox=0, ql_dist=None)
  n21 20260923_1200 … ✗ swath overlaps bbox but all pixels cloud/land masked (raw_valid_in_bbox=0, ql_dist=None)
  n21 20260923_1210 … ✗ swath overlaps bbox but all pixels cloud/land masked (raw_valid_in_bbox=0, ql_dist=None)
  n21 20260923_1250 … ✗ swath overlaps bbox but all pixels cloud/land masked (raw_valid_in_bbox=0, ql_dist=None)
  n21 20260923_1300 … ✗ swath overlaps bbox but all pixels cloud/land masked (raw_valid_in_bbox=0, ql_dist=None)
  n21 20260923_1310 … ✗ swath overlaps bbox but all pixels cloud/land masked (raw_valid_in_bbox=0, ql_dist=None)
  n21 20260923_1350 … ✗ swath overlaps bbox but all pixels cloud/land masked (raw_valid_in_bbox=0, ql_dist=None)
  n21 20260923_1400 … ✗ swath overlaps bbox but all pixels cloud/land masked (raw_valid_in_bbox=0, ql_dist=None)
  n21 20260923_1410 … ✗ swath overlaps bbox but all pixels cloud/land masked (raw_valid_in_bbox=0, ql_dist=None)
  n21 20260923_1450 … ✗ swath overlaps bbox but all pixels cloud/land masked (raw_valid_in_bbox=0, ql_dist=None)
  n21 20260923_1500 … ✗ swath overlaps bbox but all pixels cloud/land masked (raw_valid_in_bbox=0, ql_dist=None)
  n21 20260923_1510 … ✗ swath overlaps bbox but all pixels cloud/land masked (raw_valid_in_bbox=0, ql_dist=None)
  n21 20260923_1550 … ✗ swath overlaps bbox but all pixels cloud/land masked (raw_valid_in_bbox=0, ql_dist=None)
  n21 20260923_1600 … ✗ swath overlaps bbox but all pixels cloud/land masked (raw_valid_in_bbox=0, ql_dist=None)
  n21 20260923_1610 … ✗ swath overlaps bbox but all pixels cloud/land masked (raw_valid_in_bbox=0, ql_dist=None)
  n21 20260923_1650 … ✗ swath overlaps bbox but all pixels cloud/land masked (raw_valid_in_bbox=0, ql_dist=None)
  n21 20260923_1700 … ✗ swath overlaps bbox but all pixels cloud/land masked (raw_valid_in_bbox=0, ql_dist=None)
  n21 20260923_1710 … ✗ swath overlaps bbox but all pixels cloud/land masked (raw_valid_in_bbox=0, ql_dist=None)
  n21 20260923_1750 … ✗ swath overlaps bbox but all pixels cloud/land masked (raw_valid_in_bbox=0, ql_dist=None)
  n21 20260923_1800 … ✗ swath overlaps bbox but all pixels cloud/land masked (raw_valid_in_bbox=0, ql_dist=None)
  n21 20260923_1810 … ✗ swath overlaps bbox but all pixels cloud/land masked (raw_valid_in_bbox=0, ql_dist=None)
  n21 20260923_1850 … ✗ swath overlaps bbox but all pixels cloud/land masked (raw_valid_in_bbox=0, ql_dist=None)
  n21 20260923_1900 … ✗ swath overlaps bbox but all pixels cloud/land masked (raw_valid_in_bbox=0, ql_dist=None)
  n21 20260923_1910 … ✗ swath overlaps bbox but all pixels cloud/land masked (raw_valid_in_bbox=0, ql_dist=None)
  n21 20260923_1950 … ✗ swath overlaps bbox but all pixels cloud/land masked (raw_valid_in_bbox=0, ql_dist=None)
  n21 20260923_2000 … ✗ swath overlaps bbox but all pixels cloud/land masked (raw_valid_in_bbox=0, ql_dist=None)
  n21 20260923_2010 … ✗ swath overlaps bbox but all pixels cloud/land masked (raw_valid_in_bbox=0, ql_dist=None)
  n21 20260923_2050 … ✗ swath overlaps bbox but all pixels cloud/land masked (raw_valid_in_bbox=0, ql_dist=None)
  n21 20260923_2100 … ✗ swath overlaps bbox but all pixels cloud/land masked (raw_valid_in_bbox=0, ql_dist=None)
  n21 20260923_2110 … ✗ swath overlaps bbox but all pixels cloud/land masked (raw_valid_in_bbox=0, ql_dist=None)
  n21 20260923_2150 … ✗ swath overlaps bbox but all pixels cloud/land masked (raw_valid_in_bbox=0, ql_dist=None)
  n21 20260923_2200 … ✗ swath overlaps bbox but all pixels cloud/land masked (raw_valid_in_bbox=0, ql_dist=None)
  n21 20260923_2210 … ✗ swath overlaps bbox but all pixels cloud/land masked (raw_valid_in_bbox=0, ql_dist=None)
  n21 20260923_2250 … ✗ swath overlaps bbox but all pixels cloud/land masked (raw_valid_in_bbox=0, ql_dist=None)
  n21 20260923_2300 … ✗ swath overlaps bbox but all pixels cloud/land masked (raw_valid_in_bbox=0, ql_dist=None)
  n21 20260923_2310 … ✗ swath overlaps bbox but all pixels cloud/land masked (raw_valid_in_bbox=0, ql_dist=None)
  n21 20260923_2350 … ✗ swath overlaps bbox but all pixels cloud/land masked (raw_valid_in_bbox=0, ql_dist=None)
  n21 20260924_0000 … ✗ swath overlaps bbox but all pixels cloud/land masked (raw_valid_in_bbox=0, ql_dist=None)
  n21 20260924_0010 … ✗ swath overlaps bbox but all pixels cloud/land masked (raw_valid_in_bbox=0, ql_dist=None)
  n21 20260924_0050 … ✗ swath overlaps bbox but all pixels cloud/land masked (raw_valid_in_bbox=0, ql_dist=None)
  n21 20260924_0100 … ✗ swath overlaps bbox but all pixels cloud/land masked (raw_valid_in_bbox=0, ql_dist=None)
  n21 20260924_0110 … ✗ swath overlaps bbox but all pixels cloud/land masked (raw_valid_in_bbox=0, ql_dist=None)
  n21 20260924_0150 … ✗ swath overlaps bbox but all pixels cloud/land masked (raw_valid_in_bbox=0, ql_dist=None)
  n21 20260924_0200 … ✗ swath overlaps bbox but all pixels cloud/land masked (raw_valid_in_bbox=0, ql_dist=None)
  n21 20260924_0210 … ✗ swath overlaps bbox but all pixels cloud/land masked (raw_valid_in_bbox=0, ql_dist=None)
  n21 20260924_0250 … ✗ swath overlaps bbox but all pixels cloud/land masked (raw_valid_in_bbox=0, ql_dist=None)
  n21 20260924_0300 … ✗ swath overlaps bbox but all pixels cloud/land masked (raw_valid_in_bbox=0, ql_dist=None)
  n21 20260924_0310 … ✗ swath overlaps bbox but all pixels cloud/land masked (raw_valid_in_bbox=0, ql_dist=None)
  n21 20260924_0350 … ✗ swath overlaps bbox but all pixels cloud/land masked (raw_valid_in_bbox=0, ql_dist=None)
  n21 20260924_0400 … ✗ swath overlaps bbox but all pixels cloud/land masked (raw_valid_in_bbox=0, ql_dist=None)
  n21 20260924_0410 … ✗ swath overlaps bbox but all pixels cloud/land masked (raw_valid_in_bbox=0, ql_dist=None)
  n21 20260924_0450 … ✗ swath overlaps bbox but all pixels cloud/land masked (raw_valid_in_bbox=0, ql_dist=None)
  n21 20260924_0500 … ✗ swath overlaps bbox but all pixels cloud/land masked (raw_valid_in_bbox=0, ql_dist=None)
  n21 20260924_0510 … ✗ swath overlaps bbox but all pixels cloud/land masked (raw_valid_in_bbox=0, ql_dist=None)
  n21 20260924_0550 … ✗ swath overlaps bbox but all pixels cloud/land masked (raw_valid_in_bbox=0, ql_dist=None)
  n21 20260924_0600 … ✗ swath overlaps bbox but all pixels cloud/land masked (raw_valid_in_bbox=0, ql_dist=None)
  n21 20260924_0610 … ✗ swath overlaps bbox but all pixels cloud/land masked (raw_valid_in_bbox=0, ql_dist=None)
  n21 20260924_0650 … ✗ swath overlaps bbox but all pixels cloud/land masked (raw_valid_in_bbox=0, ql_dist=None)
  n21 20260924_0700 … ✗ swath overlaps bbox but all pixels cloud/land masked (raw_valid_in_bbox=0, ql_dist=None)
  n21 20260924_0710 …   ⚠ VIIRS n21 20260924_0710: only 73 pts — skipping write.
✗ ok
  n21 20260924_0750 … ✗ swath overlaps bbox but all pixels cloud/land masked (raw_valid_in_bbox=0, ql_dist=None)
  n21 20260924_0800 … ✗ swath overlaps bbox but all pixels cloud/land masked (raw_valid_in_bbox=0, ql_dist=None)
  n21 20260924_0810 … ✗ swath overlaps bbox but all pixels cloud/land masked (raw_valid_in_bbox=0, ql_dist=None)
  n21 20260924_0850 … ✗ swath overlaps bbox but all pixels cloud/land masked (raw_valid_in_bbox=0, ql_dist=None)
  n21 20260924_0900 … ✗ swath overlaps bbox but all pixels cloud/land masked (raw_valid_in_bbox=0, ql_dist=None)
  n21 20260924_0910 … ✗ swath overlaps bbox but all pixels cloud/land masked (raw_valid_in_bbox=0, ql_dist=None)
  n21 20260924_0950 … ✗ swath overlaps bbox but all pixels cloud/land masked (raw_valid_in_bbox=0, ql_dist=None)
  n21 20260924_1000 … ✗ swath overlaps bbox but all pixels cloud/land masked (raw_valid_in_bbox=0, ql_dist=None)
  n21 20260924_1010 … ✗ swath overlaps bbox but all pixels cloud/land masked (raw_valid_in_bbox=0, ql_dist=None)
  n21 20260924_1050 … ✗ swath overlaps bbox but all pixels cloud/land masked (raw_valid_in_bbox=0, ql_dist=None)
  n21 20260924_1100 … ✗ swath overlaps bbox but all pixels cloud/land masked (raw_valid_in_bbox=0, ql_dist=None)
  n21 20260924_1110 … ✗ swath overlaps bbox but all pixels cloud/land masked (raw_valid_in_bbox=0, ql_dist=None)
  n21 20260924_1150 … ✗ swath overlaps bbox but all pixels cloud/land masked (raw_valid_in_bbox=0, ql_dist=None)
  n21 20260924_1200 … ✗ swath overlaps bbox but all pixels cloud/land masked (raw_valid_in_bbox=0, ql_dist=None)
  n21 20260924_1210 … ✗ swath overlaps bbox but all pixels cloud/land masked (raw_valid_in_bbox=0, ql_dist=None)
  n21 20260924_1250 … ✗ swath overlaps bbox but all pixels cloud/land masked (raw_valid_in_bbox=0, ql_dist=None)
  n21 20260924_1300 … ✗ swath overlaps bbox but all pixels cloud/land masked (raw_valid_in_bbox=0, ql_dist=None)
  n21 20260924_1310 … ✗ swath overlaps bbox but all pixels cloud/land masked (raw_valid_in_bbox=0, ql_dist=None)
  n21 20260924_1350 … ✗ swath overlaps bbox but all pixels cloud/land masked (raw_valid_in_bbox=0, ql_dist=None)
  n21 20260924_1400 … ✗ swath overlaps bbox but all pixels cloud/land masked (raw_valid_in_bbox=0, ql_dist=None)
  n21 20260924_1410 … ✗ swath overlaps bbox but all pixels cloud/land masked (raw_valid_in_bbox=0, ql_dist=None)
  n21 20260924_1450 … ✗ swath overlaps bbox but all pixels cloud/land masked (raw_valid_in_bbox=0, ql_dist=None)
  n21 20260924_1500 … ✗ swath overlaps bbox but all pixels cloud/land masked (raw_valid_in_bbox=0, ql_dist=None)
  n21 20260924_1510 … ✗ swath overlaps bbox but all pixels cloud/land masked (raw_valid_in_bbox=0, ql_dist=None)
  n21 20260924_1550 … ✗ swath overlaps bbox but all pixels cloud/land masked (raw_valid_in_bbox=0, ql_dist=None)
  n21 20260924_1600 … ✗ swath overlaps bbox but all pixels cloud/land masked (raw_valid_in_bbox=0, ql_dist=None)
  n21 20260924_1610 … ✗ swath overlaps bbox but all pixels cloud/land masked (raw_valid_in_bbox=0, ql_dist=None)
  n21 20260924_1650 … ✗ swath overlaps bbox but all pixels cloud/land masked (raw_valid_in_bbox=0, ql_dist=None)
  n21 20260924_1700 … ✗ swath overlaps bbox but all pixels cloud/land masked (raw_valid_in_bbox=0, ql_dist=None)
  n21 20260924_1710 … ✗ swath overlaps bbox but all pixels cloud/land masked (raw_valid_in_bbox=0, ql_dist=None)
  n21 20260924_1750 … ✗ swath overlaps bbox but all pixels cloud/land masked (raw_valid_in_bbox=0, ql_dist=None)
  n21 20260924_1800 … ✗ swath overlaps bbox but all pixels cloud/land masked (raw_valid_in_bbox=0, ql_dist=None)
  n21 20260924_1810 … ✗ swath overlaps bbox but all pixels cloud/land masked (raw_valid_in_bbox=0, ql_dist=None)
  n21 20260924_1850 … ✗ swath overlaps bbox but all pixels cloud/land masked (raw_valid_in_bbox=0, ql_dist=None)
  n21 20260924_1900 … ✗ swath overlaps bbox but all pixels cloud/land masked (raw_valid_in_bbox=0, ql_dist=None)
  n21 20260924_1910 … ✗ swath overlaps bbox but all pixels cloud/land masked (raw_valid_in_bbox=0, ql_dist=None)
  n21 20260924_1950 … ✗ swath overlaps bbox but all pixels cloud/land masked (raw_valid_in_bbox=0, ql_dist=None)
  n21 20260924_2000 … ✗ swath overlaps bbox but all pixels cloud/land masked (raw_valid_in_bbox=0, ql_dist=None)
  n21 20260924_2010 … ✗ swath overlaps bbox but all pixels cloud/land masked (raw_valid_in_bbox=0, ql_dist=None)
  n21 20260924_2050 … ✗ swath overlaps bbox but all pixels cloud/land masked (raw_valid_in_bbox=0, ql_dist=None)
  n21 20260924_2100 … ✗ swath overlaps bbox but all pixels cloud/land masked (raw_valid_in_bbox=0, ql_dist=None)
  n21 20260924_2110 … ✗ swath overlaps bbox but all pixels cloud/land masked (raw_valid_in_bbox=0, ql_dist=None)
  n21 20260924_2150 … ✗ swath overlaps bbox but all pixels cloud/land masked (raw_valid_in_bbox=0, ql_dist=None)
  n21 20260924_2200 … ✗ swath overlaps bbox but all pixels cloud/land masked (raw_valid_in_bbox=0, ql_dist=None)
  n21 20260924_2210 … ✗ swath overlaps bbox but all pixels cloud/land masked (raw_valid_in_bbox=0, ql_dist=None)
  n21 20260924_2250 … ✗ swath overlaps bbox but all pixels cloud/land masked (raw_valid_in_bbox=0, ql_dist=None)
  n21 20260924_2300 … ✗ swath overlaps bbox but all pixels cloud/land masked (raw_valid_in_bbox=0, ql_dist=None)
  n21 20260924_2310 … ✗ swath overlaps bbox but all pixels cloud/land masked (raw_valid_in_bbox=0, ql_dist=None)
  n21 20260924_2350 … ✗ swath overlaps bbox but all pixels cloud/land masked (raw_valid_in_bbox=0, ql_dist=None)
  n21 20260925_0000 … ✗ swath overlaps bbox but all pixels cloud/land masked (raw_valid_in_bbox=0, ql_dist=None)
  n21 20260925_0010 … ✗ swath overlaps bbox but all pixels cloud/land masked (raw_valid_in_bbox=0, ql_dist=None)
  n21 20260925_0050 … ✗ swath overlaps bbox but all pixels cloud/land masked (raw_valid_in_bbox=0, ql_dist=None)
  n21 20260925_0100 … ✗ swath overlaps bbox but all pixels cloud/land masked (raw_valid_in_bbox=0, ql_dist=None)
  n21 20260925_0110 … ✗ swath overlaps bbox but all pixels cloud/land masked (raw_valid_in_bbox=0, ql_dist=None)
  n21 20260925_0150 … ✗ swath overlaps bbox but all pixels cloud/land masked (raw_valid_in_bbox=0, ql_dist=None)
  n21 20260925_0200 … ✗ swath overlaps bbox but all pixels cloud/land masked (raw_valid_in_bbox=0, ql_dist=None)
  n21 20260925_0210 … ✗ swath overlaps bbox but all pixels cloud/land masked (raw_valid_in_bbox=0, ql_dist=None)
  n21 20260925_0250 … ✗ swath overlaps bbox but all pixels cloud/land masked (raw_valid_in_bbox=0, ql_dist=None)
  n21 20260925_0300 … ✗ swath overlaps bbox but all pixels cloud/land masked (raw_valid_in_bbox=0, ql_dist=None)
  n21 20260925_0310 … ✗ swath overlaps bbox but all pixels cloud/land masked (raw_valid_in_bbox=0, ql_dist=None)
  n21 20260925_0350 … ✗ swath overlaps bbox but all pixels cloud/land masked (raw_valid_in_bbox=0, ql_dist=None)
  n21 20260925_0400 … ✗ swath overlaps bbox but all pixels cloud/land masked (raw_valid_in_bbox=0, ql_dist=None)
  n21 20260925_0410 … ✗ swath overlaps bbox but all pixels cloud/land masked (raw_valid_in_bbox=0, ql_dist=None)
  n21 20260925_0450 … ✗ swath overlaps bbox but all pixels cloud/land masked (raw_valid_in_bbox=0, ql_dist=None)
  n21 20260925_0500 … ✗ swath overlaps bbox but all pixels cloud/land masked (raw_valid_in_bbox=0, ql_dist=None)
  n21 20260925_0510 … ✗ swath overlaps bbox but all pixels cloud/land masked (raw_valid_in_bbox=0, ql_dist=None)
  n21 20260925_0550 … ✗ swath overlaps bbox but all pixels cloud/land masked (raw_valid_in_bbox=0, ql_dist=None)
  n21 20260925_0600 … ✗ swath overlaps bbox but all pixels cloud/land masked (raw_valid_in_bbox=0, ql_dist=None)
  n21 20260925_0610 … ✗ swath overlaps bbox but all pixels cloud/land masked (raw_valid_in_bbox=0, ql_dist=None)

  VIIRS summary: 1 written, 0 cached, 420 miss/cloud, 559 outside windows.

=========================================================
✓ Pipeline complete
=========================================================
========================================
RUNNING REGION: ga_sc
========================================
=========================================================
SST PIPELINE
  UTC    : 2026-09-25 07:52:52
  Region : ga_sc
  Bbox   : 29.8–35.2°N  -82.0–-75.2°E
  Output : DailySSTData/MUR/ga_sc  (and siblings)
=========================================================

── MUR daily composite (last 5 days) ──
  MUR 20260924 (coastwatch.noaa.gov) … ✗ RuntimeError
  MUR 20260924 (coastwatch.pfeg.noaa.gov) … ✗ RuntimeError
  MUR 20260924 (upwell.pfeg.noaa.gov) … ✗ RuntimeError
  ✗ MUR 20260924 — all mirrors failed. Last: upwell.pfeg.noaa.gov: RuntimeError: 404 — no data for this date
  ✓ MUR 20260923 (cached)
  ✓ MUR 20260922 (cached)
  ✓ MUR 20260921 (cached)
  ✓ MUR 20260920 (cached)

── GOES-19 geo-polar blended daily composite ──
  Candidates: 4 (2 hosts × 2 dataset IDs)
  GOES 20260925 [noaa/noaacwBLENDEDsstDLDaily] … ✗ RuntimeError: 404 — no data for this date
  GOES 20260925 [noaa/noaacwBLENDEDsstDaily] … ✗ RuntimeError: 404 — no data for this date
  GOES 20260925 [pfeg/noaacwBLENDEDsstDLDaily] … ✗ RuntimeError: 404 — no data for this date
  GOES 20260925 [pfeg/noaacwBLENDEDsstDaily] … ✗ RuntimeError: 404 — no data for this date
  GOES 20260924 [noaa/noaacwBLENDEDsstDLDaily] … ✗ RuntimeError: HTTP 502: <!DOCTYPE HTML PUBLIC "-//IETF//DTD HTML 2.0//EN">
<html><head>
<title
  GOES 20260924 [noaa/noaacwBLENDEDsstDaily] … ✗ RuntimeError: HTTP 502: <!DOCTYPE HTML PUBLIC "-//IETF//DTD HTML 2.0//EN">
<html><head>
<title
  GOES 20260924 [pfeg/noaacwBLENDEDsstDLDaily] … ✗ RuntimeError: 404 — no data for this date
  GOES 20260924 [pfeg/noaacwBLENDEDsstDaily] … ✗ RuntimeError: 404 — no data for this date
  ✓ GOES composite 20260923 (cached)

── VIIRS multi-pass (last 48h — NPP/N20/N21) ──
  ✓ VIIRS NRT base: https://www.star.nesdis.noaa.gov/pub/socd2/coastwatch/sst/nrt/viirs
  Hourly windows : 48
  Window range   : 2026-09-23 08:50Z → 2026-09-25 08:10Z
  Half-width     : ±10 min per bucket
  npp 20260923_0850 … ✗ swath overlaps bbox but all pixels cloud/land masked (raw_valid_in_bbox=0, ql_dist=None)
  npp 20260923_0900 … ✗ swath overlaps bbox but all pixels cloud/land masked (raw_valid_in_bbox=0, ql_dist=None)
  npp 20260923_0910 … ✗ swath overlaps bbox but all pixels cloud/land masked (raw_valid_in_bbox=0, ql_dist=None)
  npp 20260923_0950 … ✗ swath overlaps bbox but all pixels cloud/land masked (raw_valid_in_bbox=0, ql_dist=None)
  npp 20260923_1000 … ✗ swath overlaps bbox but all pixels cloud/land masked (raw_valid_in_bbox=0, ql_dist=None)
  npp 20260923_1010 … ✗ swath overlaps bbox but all pixels cloud/land masked (raw_valid_in_bbox=0, ql_dist=None)
  npp 20260923_1050 … ✗ swath overlaps bbox but all pixels cloud/land masked (raw_valid_in_bbox=0, ql_dist=None)
  npp 20260923_1100 … ✗ swath overlaps bbox but all pixels cloud/land masked (raw_valid_in_bbox=0, ql_dist=None)
  npp 20260923_1110 … ✗ swath overlaps bbox but all pixels cloud/land masked (raw_valid_in_bbox=0, ql_dist=None)
  npp 20260923_1150 … ✗ swath overlaps bbox but all pixels cloud/land masked (raw_valid_in_bbox=0, ql_dist=None)
  npp 20260923_1200 … ✗ swath overlaps bbox but all pixels cloud/land masked (raw_valid_in_bbox=0, ql_dist=None)
  npp 20260923_1210 … ✗ swath overlaps bbox but all pixels cloud/land masked (raw_valid_in_bbox=0, ql_dist=None)
  npp 20260923_1250 … ✗ swath overlaps bbox but all pixels cloud/land masked (raw_valid_in_bbox=0, ql_dist=None)
  npp 20260923_1300 … ✗ swath overlaps bbox but all pixels cloud/land masked (raw_valid_in_bbox=0, ql_dist=None)
  npp 20260923_1310 … ✗ swath overlaps bbox but all pixels cloud/land masked (raw_valid_in_bbox=0, ql_dist=None)
  npp 20260923_1350 … ✗ swath overlaps bbox but all pixels cloud/land masked (raw_valid_in_bbox=0, ql_dist=None)
  npp 20260923_1400 … ✗ swath overlaps bbox but all pixels cloud/land masked (raw_valid_in_bbox=0, ql_dist=None)
  npp 20260923_1410 … ✗ swath overlaps bbox but all pixels cloud/land masked (raw_valid_in_bbox=0, ql_dist=None)
  npp 20260923_1450 … ✗ swath overlaps bbox but all pixels cloud/land masked (raw_valid_in_bbox=0, ql_dist=None)
  npp 20260923_1500 … ✗ swath overlaps bbox but all pixels cloud/land masked (raw_valid_in_bbox=0, ql_dist=None)
  npp 20260923_1510 … ✗ swath overlaps bbox but all pixels cloud/land masked (raw_valid_in_bbox=0, ql_dist=None)
  npp 20260923_1550 … ✗ swath overlaps bbox but all pixels cloud/land masked (raw_valid_in_bbox=0, ql_dist=None)
  npp 20260923_1600 … ✗ swath overlaps bbox but all pixels cloud/land masked (raw_valid_in_bbox=0, ql_dist=None)
  npp 20260923_1610 … ✗ swath overlaps bbox but all pixels cloud/land masked (raw_valid_in_bbox=0, ql_dist=None)
  npp 20260923_1650 … ✗ swath overlaps bbox but all pixels cloud/land masked (raw_valid_in_bbox=0, ql_dist=None)
  npp 20260923_1700 … ✗ swath overlaps bbox but all pixels cloud/land masked (raw_valid_in_bbox=0, ql_dist=None)
  npp 20260923_1710 … ✗ swath overlaps bbox but all pixels cloud/land masked (raw_valid_in_bbox=0, ql_dist=None)
  npp 20260923_1750 …   ⚠ VIIRS npp 20260923_1750: only 24 pts — skipping write.
✗ ok
  npp 20260923_1800 … ✗ swath overlaps bbox but all pixels cloud/land masked (raw_valid_in_bbox=0, ql_dist=None)
  npp 20260923_1810 … ✗ swath overlaps bbox but all pixels cloud/land masked (raw_valid_in_bbox=0, ql_dist=None)
  npp 20260923_1850 … ✗ swath overlaps bbox but all pixels cloud/land masked (raw_valid_in_bbox=0, ql_dist=None)
  npp 20260923_1900 … ✗ swath overlaps bbox but all pixels cloud/land masked (raw_valid_in_bbox=0, ql_dist=None)
  npp 20260923_1910 … ✗ swath overlaps bbox but all pixels cloud/land masked (raw_valid_in_bbox=0, ql_dist=None)
  npp 20260923_1950 … ✗ swath overlaps bbox but all pixels cloud/land masked (raw_valid_in_bbox=0, ql_dist=None)
  npp 20260923_2000 … ✗ swath overlaps bbox but all pixels cloud/land masked (raw_valid_in_bbox=0, ql_dist=None)
  npp 20260923_2010 … ✗ swath overlaps bbox but all pixels cloud/land masked (raw_valid_in_bbox=0, ql_dist=None)
  npp 20260923_2050 … ✗ swath overlaps bbox but all pixels cloud/land masked (raw_valid_in_bbox=0, ql_dist=None)
  npp 20260923_2100 … ✗ swath overlaps bbox but all pixels cloud/land masked (raw_valid_in_bbox=0, ql_dist=None)
  npp 20260923_2110 … ✗ swath overlaps bbox but all pixels cloud/land masked (raw_valid_in_bbox=0, ql_dist=None)
  npp 20260923_2150 … ✗ swath overlaps bbox but all pixels cloud/land masked (raw_valid_in_bbox=0, ql_dist=None)
  npp 20260923_2200 … ✗ swath overlaps bbox but all pixels cloud/land masked (raw_valid_in_bbox=0, ql_dist=None)
  npp 20260923_2210 … ✗ swath overlaps bbox but all pixels cloud/land masked (raw_valid_in_bbox=0, ql_dist=None)
  npp 20260923_2250 … ✗ swath overlaps bbox but all pixels cloud/land masked (raw_valid_in_bbox=0, ql_dist=None)
  npp 20260923_2300 … ✗ swath overlaps bbox but all pixels cloud/land masked (raw_valid_in_bbox=0, ql_dist=None)
  npp 20260923_2310 … ✗ swath overlaps bbox but all pixels cloud/land masked (raw_valid_in_bbox=0, ql_dist=None)
  npp 20260923_2350 … ✗ swath overlaps bbox but all pixels cloud/land masked (raw_valid_in_bbox=0, ql_dist=None)
  npp 20260924_0000 … ✗ swath overlaps bbox but all pixels cloud/land masked (raw_valid_in_bbox=0, ql_dist=None)
  npp 20260924_0010 … ✗ swath overlaps bbox but all pixels cloud/land masked (raw_valid_in_bbox=0, ql_dist=None)
  npp 20260924_0050 … ✗ swath overlaps bbox but all pixels cloud/land masked (raw_valid_in_bbox=0, ql_dist=None)
  npp 20260924_0100 … ✗ swath overlaps bbox but all pixels cloud/land masked (raw_valid_in_bbox=0, ql_dist=None)
  npp 20260924_0110 … ✗ swath overlaps bbox but all pixels cloud/land masked (raw_valid_in_bbox=0, ql_dist=None)
  npp 20260924_0150 … ✗ swath overlaps bbox but all pixels cloud/land masked (raw_valid_in_bbox=0, ql_dist=None)
  npp 20260924_0200 … ✗ swath overlaps bbox but all pixels cloud/land masked (raw_valid_in_bbox=0, ql_dist=None)
  npp 20260924_0210 … ✗ swath overlaps bbox but all pixels cloud/land masked (raw_valid_in_bbox=0, ql_dist=None)
  npp 20260924_0250 … ✗ swath overlaps bbox but all pixels cloud/land masked (raw_valid_in_bbox=0, ql_dist=None)
  npp 20260924_0300 … ✗ swath overlaps bbox but all pixels cloud/land masked (raw_valid_in_bbox=0, ql_dist=None)
  npp 20260924_0310 … ✗ swath overlaps bbox but all pixels cloud/land masked (raw_valid_in_bbox=0, ql_dist=None)
  npp 20260924_0350 … ✗ swath overlaps bbox but all pixels cloud/land masked (raw_valid_in_bbox=0, ql_dist=None)
  npp 20260924_0400 … ✗ swath overlaps bbox but all pixels cloud/land masked (raw_valid_in_bbox=0, ql_dist=None)
  npp 20260924_0410 … ✗ swath overlaps bbox but all pixels cloud/land masked (raw_valid_in_bbox=0, ql_dist=None)
  npp 20260924_0450 … ✗ swath overlaps bbox but all pixels cloud/land masked (raw_valid_in_bbox=0, ql_dist=None)
  npp 20260924_0500 … ✗ swath overlaps bbox but all pixels cloud/land masked (raw_valid_in_bbox=0, ql_dist=None)
  npp 20260924_0510 … ✗ swath overlaps bbox but all pixels cloud/land masked (raw_valid_in_bbox=0, ql_dist=None)
  npp 20260924_0550 … ✗ swath overlaps bbox but all pixels cloud/land masked (raw_valid_in_bbox=0, ql_dist=None)
  npp 20260924_0600 … ✗ swath overlaps bbox but all pixels cloud/land masked (raw_valid_in_bbox=0, ql_dist=None)
  npp 20260924_0610 ✓ (cached)
  npp 20260924_0650 … ✗ swath overlaps bbox but all pixels cloud/land masked (raw_valid_in_bbox=0, ql_dist=None)
  npp 20260924_0700 … ✗ swath overlaps bbox but all pixels cloud/land masked (raw_valid_in_bbox=0, ql_dist=None)
  npp 20260924_0710 … ✗ swath overlaps bbox but all pixels cloud/land masked (raw_valid_in_bbox=0, ql_dist=None)
  npp 20260924_0750 ✓ (cached)
  npp 20260924_0800 … ✗ swath overlaps bbox but all pixels cloud/land masked (raw_valid_in_bbox=0, ql_dist=None)
  npp 20260924_0810 … ✗ swath overlaps bbox but all pixels cloud/land masked (raw_valid_in_bbox=0, ql_dist=None)
  npp 20260924_0850 … ✗ swath overlaps bbox but all pixels cloud/land masked (raw_valid_in_bbox=0, ql_dist=None)
  npp 20260924_0900 … ✗ swath overlaps bbox but all pixels cloud/land masked (raw_valid_in_bbox=0, ql_dist=None)
  npp 20260924_0910 … ✗ swath overlaps bbox but all pixels cloud/land masked (raw_valid_in_bbox=0, ql_dist=None)
  npp 20260924_0950 … ✗ swath overlaps bbox but all pixels cloud/land masked (raw_valid_in_bbox=0, ql_dist=None)
  npp 20260924_1000 … ✗ swath overlaps bbox but all pixels cloud/land masked (raw_valid_in_bbox=0, ql_dist=None)
  npp 20260924_1010 … ✗ swath overlaps bbox but all pixels cloud/land masked (raw_valid_in_bbox=0, ql_dist=None)
  npp 20260924_1050 … ✗ swath overlaps bbox but all pixels cloud/land masked (raw_valid_in_bbox=0, ql_dist=None)
  npp 20260924_1100 … ✗ swath overlaps bbox but all pixels cloud/land masked (raw_valid_in_bbox=0, ql_dist=None)
  npp 20260924_1110 … ✗ swath overlaps bbox but all pixels cloud/land masked (raw_valid_in_bbox=0, ql_dist=None)
  npp 20260924_1150 … ✗ swath overlaps bbox but all pixels cloud/land masked (raw_valid_in_bbox=0, ql_dist=None)
  npp 20260924_1200 … ✗ swath overlaps bbox but all pixels cloud/land masked (raw_valid_in_bbox=0, ql_dist=None)
  npp 20260924_1210 … ✗ swath overlaps bbox but all pixels cloud/land masked (raw_valid_in_bbox=0, ql_dist=None)
  npp 20260924_1250 … ✗ swath overlaps bbox but all pixels cloud/land masked (raw_valid_in_bbox=0, ql_dist=None)
  npp 20260924_1300 … ✗ swath overlaps bbox but all pixels cloud/land masked (raw_valid_in_bbox=0, ql_dist=None)
  npp 20260924_1310 … ✗ swath overlaps bbox but all pixels cloud/land masked (raw_valid_in_bbox=0, ql_dist=None)
  npp 20260924_1350 … ✗ swath overlaps bbox but all pixels cloud/land masked (raw_valid_in_bbox=0, ql_dist=None)
  npp 20260924_1400 … ✗ swath overlaps bbox but all pixels cloud/land masked (raw_valid_in_bbox=0, ql_dist=None)
  npp 20260924_1410 … ✗ swath overlaps bbox but all pixels cloud/land masked (raw_valid_in_bbox=0, ql_dist=None)
  npp 20260924_1450 … ✗ swath overlaps bbox but all pixels cloud/land masked (raw_valid_in_bbox=0, ql_dist=None)
  npp 20260924_1500 … ✗ swath overlaps bbox but all pixels cloud/land masked (raw_valid_in_bbox=0, ql_dist=None)
  npp 20260924_1510 … ✗ swath overlaps bbox but all pixels cloud/land masked (raw_valid_in_bbox=0, ql_dist=None)
  npp 20260924_1550 … ✗ swath overlaps bbox but all pixels cloud/land masked (raw_valid_in_bbox=0, ql_dist=None)
  npp 20260924_1600 … ✗ swath overlaps bbox but all pixels cloud/land masked (raw_valid_in_bbox=0, ql_dist=None)
  npp 20260924_1610 … ✗ swath overlaps bbox but all pixels cloud/land masked (raw_valid_in_bbox=0, ql_dist=None)
  npp 20260924_1650 … ✗ swath overlaps bbox but all pixels cloud/land masked (raw_valid_in_bbox=0, ql_dist=None)
  npp 20260924_1700 … ✗ swath overlaps bbox but all pixels cloud/land masked (raw_valid_in_bbox=0, ql_dist=None)
  npp 20260924_1710 … ✗ swath overlaps bbox but all pixels cloud/land masked (raw_valid_in_bbox=0, ql_dist=None)
  npp 20260924_1750 … ✗ swath overlaps bbox but all pixels cloud/land masked (raw_valid_in_bbox=0, ql_dist=None)
  npp 20260924_1800 … ✗ swath overlaps bbox but all pixels cloud/land masked (raw_valid_in_bbox=0, ql_dist=None)
  npp 20260924_1810 … ✗ swath overlaps bbox but all pixels cloud/land masked (raw_valid_in_bbox=0, ql_dist=None)
  npp 20260924_1850 … ✗ swath overlaps bbox but all pixels cloud/land masked (raw_valid_in_bbox=0, ql_dist=None)
  npp 20260924_1900 … ✗ swath overlaps bbox but all pixels cloud/land masked (raw_valid_in_bbox=0, ql_dist=None)
  npp 20260924_1910 ✓ (cached)
  npp 20260924_1950 … ✗ swath overlaps bbox but all pixels cloud/land masked (raw_valid_in_bbox=0, ql_dist=None)
  npp 20260924_2000 … ✗ swath overlaps bbox but all pixels cloud/land masked (raw_valid_in_bbox=0, ql_dist=None)
  npp 20260924_2010 … ✗ swath overlaps bbox but all pixels cloud/land masked (raw_valid_in_bbox=0, ql_dist=None)
  npp 20260924_2050 … ✗ swath overlaps bbox but all pixels cloud/land masked (raw_valid_in_bbox=0, ql_dist=None)
  npp 20260924_2100 … ✗ swath overlaps bbox but all pixels cloud/land masked (raw_valid_in_bbox=0, ql_dist=None)
  npp 20260924_2110 … ✗ swath overlaps bbox but all pixels cloud/land masked (raw_valid_in_bbox=0, ql_dist=None)
  npp 20260924_2150 … ✗ swath overlaps bbox but all pixels cloud/land masked (raw_valid_in_bbox=0, ql_dist=None)
  npp 20260924_2200 … ✗ swath overlaps bbox but all pixels cloud/land masked (raw_valid_in_bbox=0, ql_dist=None)
  npp 20260924_2210 … ✗ swath overlaps bbox but all pixels cloud/land masked (raw_valid_in_bbox=0, ql_dist=None)
  npp 20260924_2250 … ✗ swath overlaps bbox but all pixels cloud/land masked (raw_valid_in_bbox=0, ql_dist=None)
  npp 20260924_2300 … ✗ swath overlaps bbox but all pixels cloud/land masked (raw_valid_in_bbox=0, ql_dist=None)
  npp 20260924_2310 … ✗ swath overlaps bbox but all pixels cloud/land masked (raw_valid_in_bbox=0, ql_dist=None)
  npp 20260924_2350 … ✗ swath overlaps bbox but all pixels cloud/land masked (raw_valid_in_bbox=0, ql_dist=None)
  npp 20260925_0000 … ✗ swath overlaps bbox but all pixels cloud/land masked (raw_valid_in_bbox=0, ql_dist=None)
  npp 20260925_0010 … ✗ swath overlaps bbox but all pixels cloud/land masked (raw_valid_in_bbox=0, ql_dist=None)
  npp 20260925_0050 … ✗ swath overlaps bbox but all pixels cloud/land masked (raw_valid_in_bbox=0, ql_dist=None)
  npp 20260925_0100 … ✗ swath overlaps bbox but all pixels cloud/land masked (raw_valid_in_bbox=0, ql_dist=None)
  npp 20260925_0110 … ✗ swath overlaps bbox but all pixels cloud/land masked (raw_valid_in_bbox=0, ql_dist=None)
  npp 20260925_0150 … ✗ swath overlaps bbox but all pixels cloud/land masked (raw_valid_in_bbox=0, ql_dist=None)
  npp 20260925_0200 … ✗ swath overlaps bbox but all pixels cloud/land masked (raw_valid_in_bbox=0, ql_dist=None)
  npp 20260925_0210 … ✗ swath overlaps bbox but all pixels cloud/land masked (raw_valid_in_bbox=0, ql_dist=None)
  npp 20260925_0250 … ✗ swath overlaps bbox but all pixels cloud/land masked (raw_valid_in_bbox=0, ql_dist=None)
  npp 20260925_0300 … ✗ swath overlaps bbox but all pixels cloud/land masked (raw_valid_in_bbox=0, ql_dist=None)
  npp 20260925_0310 … ✗ swath overlaps bbox but all pixels cloud/land masked (raw_valid_in_bbox=0, ql_dist=None)
  npp 20260925_0350 … ✗ swath overlaps bbox but all pixels cloud/land masked (raw_valid_in_bbox=0, ql_dist=None)
  npp 20260925_0400 … ✗ swath overlaps bbox but all pixels cloud/land masked (raw_valid_in_bbox=0, ql_dist=None)
  npp 20260925_0410 … ✗ swath overlaps bbox but all pixels cloud/land masked (raw_valid_in_bbox=0, ql_dist=None)
  npp 20260925_0450 … ✗ swath overlaps bbox but all pixels cloud/land masked (raw_valid_in_bbox=0, ql_dist=None)
  npp 20260925_0500 … ✗ swath overlaps bbox but all pixels cloud/land masked (raw_valid_in_bbox=0, ql_dist=None)
  npp 20260925_0510 … ✗ swath overlaps bbox but all pixels cloud/land masked (raw_valid_in_bbox=0, ql_dist=None)
  npp 20260925_0550 …   → DailySSTData/VIIRS/Passes/ga_sc/viirs_npp_20260925_0550.csv  (139 pts, 23 lats × 24 lons)
  npp 20260925_0600 … ✗ swath overlaps bbox but all pixels cloud/land masked (raw_valid_in_bbox=0, ql_dist=None)
  npp 20260925_0610 … ✗ swath overlaps bbox but all pixels cloud/land masked (raw_valid_in_bbox=0, ql_dist=None)
  npp 20260925_0700 … ✗ swath overlaps bbox but all pixels cloud/land masked (raw_valid_in_bbox=0, ql_dist=None)
  n20 20260923_0850 … ✗ swath overlaps bbox but all pixels cloud/land masked (raw_valid_in_bbox=0, ql_dist=None)
  n20 20260923_0900 … ✗ swath overlaps bbox but all pixels cloud/land masked (raw_valid_in_bbox=0, ql_dist=None)
  n20 20260923_0910 … ✗ swath overlaps bbox but all pixels cloud/land masked (raw_valid_in_bbox=0, ql_dist=None)
  n20 20260923_0950 … ✗ swath overlaps bbox but all pixels cloud/land masked (raw_valid_in_bbox=0, ql_dist=None)
  n20 20260923_1000 … ✗ swath overlaps bbox but all pixels cloud/land masked (raw_valid_in_bbox=0, ql_dist=None)
  n20 20260923_1010 … ✗ swath overlaps bbox but all pixels cloud/land masked (raw_valid_in_bbox=0, ql_dist=None)
  n20 20260923_1050 … ✗ swath overlaps bbox but all pixels cloud/land masked (raw_valid_in_bbox=0, ql_dist=None)
  n20 20260923_1100 … ✗ swath overlaps bbox but all pixels cloud/land masked (raw_valid_in_bbox=0, ql_dist=None)
  n20 20260923_1110 … ✗ swath overlaps bbox but all pixels cloud/land masked (raw_valid_in_bbox=0, ql_dist=None)
  n20 20260923_1150 … ✗ swath overlaps bbox but all pixels cloud/land masked (raw_valid_in_bbox=0, ql_dist=None)
  n20 20260923_1200 … ✗ swath overlaps bbox but all pixels cloud/land masked (raw_valid_in_bbox=0, ql_dist=None)
  n20 20260923_1210 … ✗ swath overlaps bbox but all pixels cloud/land masked (raw_valid_in_bbox=0, ql_dist=None)
  n20 20260923_1250 … ✗ swath overlaps bbox but all pixels cloud/land masked (raw_valid_in_bbox=0, ql_dist=None)
  n20 20260923_1300 … ✗ swath overlaps bbox but all pixels cloud/land masked (raw_valid_in_bbox=0, ql_dist=None)
  n20 20260923_1310 … ✗ swath overlaps bbox but all pixels cloud/land masked (raw_valid_in_bbox=0, ql_dist=None)
  n20 20260923_1350 … ✗ swath overlaps bbox but all pixels cloud/land masked (raw_valid_in_bbox=0, ql_dist=None)
  n20 20260923_1400 … ✗ swath overlaps bbox but all pixels cloud/land masked (raw_valid_in_bbox=0, ql_dist=None)
  n20 20260923_1410 … ✗ swath overlaps bbox but all pixels cloud/land masked (raw_valid_in_bbox=0, ql_dist=None)
  n20 20260923_1450 … ✗ swath overlaps bbox but all pixels cloud/land masked (raw_valid_in_bbox=0, ql_dist=None)
  n20 20260923_1500 … ✗ swath overlaps bbox but all pixels cloud/land masked (raw_valid_in_bbox=0, ql_dist=None)
  n20 20260923_1510 … ✗ swath overlaps bbox but all pixels cloud/land masked (raw_valid_in_bbox=0, ql_dist=None)
  n20 20260923_1550 … ✗ swath overlaps bbox but all pixels cloud/land masked (raw_valid_in_bbox=0, ql_dist=None)
  n20 20260923_1600 … ✗ swath overlaps bbox but all pixels cloud/land masked (raw_valid_in_bbox=0, ql_dist=None)
  n20 20260923_1610 … ✗ swath overlaps bbox but all pixels cloud/land masked (raw_valid_in_bbox=0, ql_dist=None)
  n20 20260923_1650 … ✗ swath overlaps bbox but all pixels cloud/land masked (raw_valid_in_bbox=0, ql_dist=None)
  n20 20260923_1700 … ✗ swath overlaps bbox but all pixels cloud/land masked (raw_valid_in_bbox=0, ql_dist=None)
  n20 20260923_1710 … ✗ swath overlaps bbox but all pixels cloud/land masked (raw_valid_in_bbox=0, ql_dist=None)
  n20 20260923_1750 … ✗ swath overlaps bbox but all pixels cloud/land masked (raw_valid_in_bbox=0, ql_dist=None)
  n20 20260923_1800 … ✗ swath overlaps bbox but all pixels cloud/land masked (raw_valid_in_bbox=0, ql_dist=None)
  n20 20260923_1810 ✓ (cached)
  n20 20260923_1850 … ✗ swath overlaps bbox but all pixels cloud/land masked (raw_valid_in_bbox=0, ql_dist=None)
  n20 20260923_1900 … ✗ swath overlaps bbox but all pixels cloud/land masked (raw_valid_in_bbox=0, ql_dist=None)
  n20 20260923_1910 … ✗ swath overlaps bbox but all pixels cloud/land masked (raw_valid_in_bbox=0, ql_dist=None)
  n20 20260923_1950 … ✗ swath overlaps bbox but all pixels cloud/land masked (raw_valid_in_bbox=0, ql_dist=None)
  n20 20260923_2000 … ✗ swath overlaps bbox but all pixels cloud/land masked (raw_valid_in_bbox=0, ql_dist=None)
  n20 20260923_2010 … ✗ swath overlaps bbox but all pixels cloud/land masked (raw_valid_in_bbox=0, ql_dist=None)
  n20 20260923_2050 … ✗ swath overlaps bbox but all pixels cloud/land masked (raw_valid_in_bbox=0, ql_dist=None)
  n20 20260923_2100 … ✗ swath overlaps bbox but all pixels cloud/land masked (raw_valid_in_bbox=0, ql_dist=None)
  n20 20260923_2110 … ✗ swath overlaps bbox but all pixels cloud/land masked (raw_valid_in_bbox=0, ql_dist=None)
  n20 20260923_2150 … ✗ swath overlaps bbox but all pixels cloud/land masked (raw_valid_in_bbox=0, ql_dist=None)
  n20 20260923_2200 … ✗ swath overlaps bbox but all pixels cloud/land masked (raw_valid_in_bbox=0, ql_dist=None)
  n20 20260923_2210 … ✗ swath overlaps bbox but all pixels cloud/land masked (raw_valid_in_bbox=0, ql_dist=None)
  n20 20260923_2250 … ✗ swath overlaps bbox but all pixels cloud/land masked (raw_valid_in_bbox=0, ql_dist=None)
  n20 20260923_2300 … ✗ swath overlaps bbox but all pixels cloud/land masked (raw_valid_in_bbox=0, ql_dist=None)
  n20 20260923_2310 … ✗ swath overlaps bbox but all pixels cloud/land masked (raw_valid_in_bbox=0, ql_dist=None)
  n20 20260923_2350 … ✗ swath overlaps bbox but all pixels cloud/land masked (raw_valid_in_bbox=0, ql_dist=None)
  n20 20260924_0000 … ✗ swath overlaps bbox but all pixels cloud/land masked (raw_valid_in_bbox=0, ql_dist=None)
  n20 20260924_0010 … ✗ swath overlaps bbox but all pixels cloud/land masked (raw_valid_in_bbox=0, ql_dist=None)
  n20 20260924_0050 … ✗ swath overlaps bbox but all pixels cloud/land masked (raw_valid_in_bbox=0, ql_dist=None)
  n20 20260924_0100 … ✗ swath overlaps bbox but all pixels cloud/land masked (raw_valid_in_bbox=0, ql_dist=None)
  n20 20260924_0110 … ✗ swath overlaps bbox but all pixels cloud/land masked (raw_valid_in_bbox=0, ql_dist=None)
  n20 20260924_0150 … ✗ swath overlaps bbox but all pixels cloud/land masked (raw_valid_in_bbox=0, ql_dist=None)
  n20 20260924_0200 … ✗ swath overlaps bbox but all pixels cloud/land masked (raw_valid_in_bbox=0, ql_dist=None)
  n20 20260924_0210 … ✗ swath overlaps bbox but all pixels cloud/land masked (raw_valid_in_bbox=0, ql_dist=None)
  n20 20260924_0250 … ✗ swath overlaps bbox but all pixels cloud/land masked (raw_valid_in_bbox=0, ql_dist=None)
  n20 20260924_0300 … ✗ swath overlaps bbox but all pixels cloud/land masked (raw_valid_in_bbox=0, ql_dist=None)
  n20 20260924_0310 … ✗ swath overlaps bbox but all pixels cloud/land masked (raw_valid_in_bbox=0, ql_dist=None)
  n20 20260924_0350 … ✗ swath overlaps bbox but all pixels cloud/land masked (raw_valid_in_bbox=0, ql_dist=None)
  n20 20260924_0400 … ✗ swath overlaps bbox but all pixels cloud/land masked (raw_valid_in_bbox=0, ql_dist=None)
  n20 20260924_0410 … ✗ swath overlaps bbox but all pixels cloud/land masked (raw_valid_in_bbox=0, ql_dist=None)
  n20 20260924_0450 … ✗ swath overlaps bbox but all pixels cloud/land masked (raw_valid_in_bbox=0, ql_dist=None)
  n20 20260924_0500 … ✗ swath overlaps bbox but all pixels cloud/land masked (raw_valid_in_bbox=0, ql_dist=None)
  n20 20260924_0510 … ✗ swath overlaps bbox but all pixels cloud/land masked (raw_valid_in_bbox=0, ql_dist=None)
  n20 20260924_0550 … ✗ swath overlaps bbox but all pixels cloud/land masked (raw_valid_in_bbox=0, ql_dist=None)
  n20 20260924_0600 … ✗ swath overlaps bbox but all pixels cloud/land masked (raw_valid_in_bbox=0, ql_dist=None)
  n20 20260924_0610 … ✗ swath overlaps bbox but all pixels cloud/land masked (raw_valid_in_bbox=0, ql_dist=None)
  n20 20260924_0650 … ✗ swath overlaps bbox but all pixels cloud/land masked (raw_valid_in_bbox=0, ql_dist=None)
  n20 20260924_0700 … ✗ swath overlaps bbox but all pixels cloud/land masked (raw_valid_in_bbox=0, ql_dist=None)
  n20 20260924_0710 … ✗ swath overlaps bbox but all pixels cloud/land masked (raw_valid_in_bbox=0, ql_dist=None)
  n20 20260924_0750 … ✗ swath overlaps bbox but all pixels cloud/land masked (raw_valid_in_bbox=0, ql_dist=None)
  n20 20260924_0800 … ✗ swath overlaps bbox but all pixels cloud/land masked (raw_valid_in_bbox=0, ql_dist=None)
  n20 20260924_0810 …   ⚠ VIIRS n20 20260924_0810: only 16 pts — skipping write.
✗ ok
  n20 20260924_0850 … ✗ swath overlaps bbox but all pixels cloud/land masked (raw_valid_in_bbox=0, ql_dist=None)
  n20 20260924_0900 … ✗ swath overlaps bbox but all pixels cloud/land masked (raw_valid_in_bbox=0, ql_dist=None)
  n20 20260924_0910 … ✗ swath overlaps bbox but all pixels cloud/land masked (raw_valid_in_bbox=0, ql_dist=None)
  n20 20260924_0950 … ✗ swath overlaps bbox but all pixels cloud/land masked (raw_valid_in_bbox=0, ql_dist=None)
  n20 20260924_1000 … ✗ swath overlaps bbox but all pixels cloud/land masked (raw_valid_in_bbox=0, ql_dist=None)
  n20 20260924_1010 … ✗ swath overlaps bbox but all pixels cloud/land masked (raw_valid_in_bbox=0, ql_dist=None)
  n20 20260924_1050 … ✗ swath overlaps bbox but all pixels cloud/land masked (raw_valid_in_bbox=0, ql_dist=None)
  n20 20260924_1100 … ✗ swath overlaps bbox but all pixels cloud/land masked (raw_valid_in_bbox=0, ql_dist=None)
  n20 20260924_1110 … ✗ swath overlaps bbox but all pixels cloud/land masked (raw_valid_in_bbox=0, ql_dist=None)
  n20 20260924_1150 … ✗ swath overlaps bbox but all pixels cloud/land masked (raw_valid_in_bbox=0, ql_dist=None)
  n20 20260924_1200 … ✗ swath overlaps bbox but all pixels cloud/land masked (raw_valid_in_bbox=0, ql_dist=None)
  n20 20260924_1210 … ✗ swath overlaps bbox but all pixels cloud/land masked (raw_valid_in_bbox=0, ql_dist=None)
  n20 20260924_1250 … ✗ swath overlaps bbox but all pixels cloud/land masked (raw_valid_in_bbox=0, ql_dist=None)
  n20 20260924_1300 … ✗ swath overlaps bbox but all pixels cloud/land masked (raw_valid_in_bbox=0, ql_dist=None)
  n20 20260924_1310 … ✗ swath overlaps bbox but all pixels cloud/land masked (raw_valid_in_bbox=0, ql_dist=None)
  n20 20260924_1350 … ✗ swath overlaps bbox but all pixels cloud/land masked (raw_valid_in_bbox=0, ql_dist=None)
  n20 20260924_1400 … ✗ swath overlaps bbox but all pixels cloud/land masked (raw_valid_in_bbox=0, ql_dist=None)
  n20 20260924_1410 … ✗ swath overlaps bbox but all pixels cloud/land masked (raw_valid_in_bbox=0, ql_dist=None)
  n20 20260924_1450 … ✗ swath overlaps bbox but all pixels cloud/land masked (raw_valid_in_bbox=0, ql_dist=None)
  n20 20260924_1500 … ✗ swath overlaps bbox but all pixels cloud/land masked (raw_valid_in_bbox=0, ql_dist=None)
  n20 20260924_1510 … ✗ swath overlaps bbox but all pixels cloud/land masked (raw_valid_in_bbox=0, ql_dist=None)
  n20 20260924_1550 … ✗ swath overlaps bbox but all pixels cloud/land masked (raw_valid_in_bbox=0, ql_dist=None)
  n20 20260924_1600 … ✗ swath overlaps bbox but all pixels cloud/land masked (raw_valid_in_bbox=0, ql_dist=None)
  n20 20260924_1610 … ✗ swath overlaps bbox but all pixels cloud/land masked (raw_valid_in_bbox=0, ql_dist=None)
  n20 20260924_1650 … ✗ swath overlaps bbox but all pixels cloud/land masked (raw_valid_in_bbox=0, ql_dist=None)
  n20 20260924_1700 … ✗ swath overlaps bbox but all pixels cloud/land masked (raw_valid_in_bbox=0, ql_dist=None)
  n20 20260924_1710 … ✗ swath overlaps bbox but all pixels cloud/land masked (raw_valid_in_bbox=0, ql_dist=None)
  n20 20260924_1750 …   ⚠ VIIRS n20 20260924_1750: only 58 pts — skipping write.
✗ ok
  n20 20260924_1800 … ✗ swath overlaps bbox but all pixels cloud/land masked (raw_valid_in_bbox=0, ql_dist=None)
  n20 20260924_1810 … ✗ swath overlaps bbox but all pixels cloud/land masked (raw_valid_in_bbox=0, ql_dist=None)
  n20 20260924_1850 … ✗ swath overlaps bbox but all pixels cloud/land masked (raw_valid_in_bbox=0, ql_dist=None)
  n20 20260924_1900 … ✗ swath overlaps bbox but all pixels cloud/land masked (raw_valid_in_bbox=0, ql_dist=None)
  n20 20260924_1910 … ✗ swath overlaps bbox but all pixels cloud/land masked (raw_valid_in_bbox=0, ql_dist=None)
  n20 20260924_1950 … ✗ swath overlaps bbox but all pixels cloud/land masked (raw_valid_in_bbox=0, ql_dist=None)
  n20 20260924_2000 … ✗ swath overlaps bbox but all pixels cloud/land masked (raw_valid_in_bbox=0, ql_dist=None)
  n20 20260924_2010 … ✗ swath overlaps bbox but all pixels cloud/land masked (raw_valid_in_bbox=0, ql_dist=None)
  n20 20260924_2050 … ✗ swath overlaps bbox but all pixels cloud/land masked (raw_valid_in_bbox=0, ql_dist=None)
  n20 20260924_2100 … ✗ swath overlaps bbox but all pixels cloud/land masked (raw_valid_in_bbox=0, ql_dist=None)
  n20 20260924_2110 … ✗ swath overlaps bbox but all pixels cloud/land masked (raw_valid_in_bbox=0, ql_dist=None)
  n20 20260924_2150 … ✗ swath overlaps bbox but all pixels cloud/land masked (raw_valid_in_bbox=0, ql_dist=None)
  n20 20260924_2200 … ✗ swath overlaps bbox but all pixels cloud/land masked (raw_valid_in_bbox=0, ql_dist=None)
  n20 20260924_2210 … ✗ swath overlaps bbox but all pixels cloud/land masked (raw_valid_in_bbox=0, ql_dist=None)
  n20 20260924_2250 … ✗ swath overlaps bbox but all pixels cloud/land masked (raw_valid_in_bbox=0, ql_dist=None)
  n20 20260924_2300 … ✗ swath overlaps bbox but all pixels cloud/land masked (raw_valid_in_bbox=0, ql_dist=None)
  n20 20260924_2310 … ✗ swath overlaps bbox but all pixels cloud/land masked (raw_valid_in_bbox=0, ql_dist=None)
  n20 20260924_2350 … ✗ swath overlaps bbox but all pixels cloud/land masked (raw_valid_in_bbox=0, ql_dist=None)
  n20 20260925_0000 … ✗ swath overlaps bbox but all pixels cloud/land masked (raw_valid_in_bbox=0, ql_dist=None)
  n20 20260925_0010 … ✗ swath overlaps bbox but all pixels cloud/land masked (raw_valid_in_bbox=0, ql_dist=None)
  n20 20260925_0050 … ✗ swath overlaps bbox but all pixels cloud/land masked (raw_valid_in_bbox=0, ql_dist=None)
  n20 20260925_0100 … ✗ swath overlaps bbox but all pixels cloud/land masked (raw_valid_in_bbox=0, ql_dist=None)
  n20 20260925_0110 … ✗ swath overlaps bbox but all pixels cloud/land masked (raw_valid_in_bbox=0, ql_dist=None)
  n20 20260925_0150 … ✗ swath overlaps bbox but all pixels cloud/land masked (raw_valid_in_bbox=0, ql_dist=None)
  n20 20260925_0200 … ✗ swath overlaps bbox but all pixels cloud/land masked (raw_valid_in_bbox=0, ql_dist=None)
  n20 20260925_0210 … ✗ swath overlaps bbox but all pixels cloud/land masked (raw_valid_in_bbox=0, ql_dist=None)
  n20 20260925_0250 … ✗ swath overlaps bbox but all pixels cloud/land masked (raw_valid_in_bbox=0, ql_dist=None)
  n20 20260925_0300 … ✗ swath overlaps bbox but all pixels cloud/land masked (raw_valid_in_bbox=0, ql_dist=None)
  n20 20260925_0310 … ✗ swath overlaps bbox but all pixels cloud/land masked (raw_valid_in_bbox=0, ql_dist=None)
  n20 20260925_0350 … ✗ swath overlaps bbox but all pixels cloud/land masked (raw_valid_in_bbox=0, ql_dist=None)
  n20 20260925_0400 … ✗ swath overlaps bbox but all pixels cloud/land masked (raw_valid_in_bbox=0, ql_dist=None)
  n20 20260925_0410 … ✗ swath overlaps bbox but all pixels cloud/land masked (raw_valid_in_bbox=0, ql_dist=None)
  n20 20260925_0450 … ✗ swath overlaps bbox but all pixels cloud/land masked (raw_valid_in_bbox=0, ql_dist=None)
  n20 20260925_0500 … ✗ swath overlaps bbox but all pixels cloud/land masked (raw_valid_in_bbox=0, ql_dist=None)
  n20 20260925_0510 … ✗ swath overlaps bbox but all pixels cloud/land masked (raw_valid_in_bbox=0, ql_dist=None)
  n20 20260925_0550 … ✗ swath overlaps bbox but all pixels cloud/land masked (raw_valid_in_bbox=0, ql_dist=None)
  n20 20260925_0600 … ✗ swath overlaps bbox but all pixels cloud/land masked (raw_valid_in_bbox=0, ql_dist=None)
  n20 20260925_0610 …   → DailySSTData/VIIRS/Passes/ga_sc/viirs_n20_20260925_0610.csv  (1286 pts, 74 lats × 160 lons)
  n20 20260925_0650 … ✗ swath overlaps bbox but all pixels cloud/land masked (raw_valid_in_bbox=0, ql_dist=None)
  n20 20260925_0710 … ✗ swath overlaps bbox but all pixels cloud/land masked (raw_valid_in_bbox=0, ql_dist=None)
  n21 20260923_0850 … ✗ swath overlaps bbox but all pixels cloud/land masked (raw_valid_in_bbox=0, ql_dist=None)
  n21 20260923_0900 … ✗ swath overlaps bbox but all pixels cloud/land masked (raw_valid_in_bbox=0, ql_dist=None)
  n21 20260923_0910 … ✗ swath overlaps bbox but all pixels cloud/land masked (raw_valid_in_bbox=0, ql_dist=None)
  n21 20260923_0950 … ✗ swath overlaps bbox but all pixels cloud/land masked (raw_valid_in_bbox=0, ql_dist=None)
  n21 20260923_1000 … ✗ swath overlaps bbox but all pixels cloud/land masked (raw_valid_in_bbox=0, ql_dist=None)
  n21 20260923_1010 … ✗ swath overlaps bbox but all pixels cloud/land masked (raw_valid_in_bbox=0, ql_dist=None)
  n21 20260923_1050 … ✗ swath overlaps bbox but all pixels cloud/land masked (raw_valid_in_bbox=0, ql_dist=None)
  n21 20260923_1100 … ✗ swath overlaps bbox but all pixels cloud/land masked (raw_valid_in_bbox=0, ql_dist=None)
  n21 20260923_1110 … ✗ swath overlaps bbox but all pixels cloud/land masked (raw_valid_in_bbox=0, ql_dist=None)
  n21 20260923_1150 … ✗ swath overlaps bbox but all pixels cloud/land masked (raw_valid_in_bbox=0, ql_dist=None)
  n21 20260923_1200 … ✗ swath overlaps bbox but all pixels cloud/land masked (raw_valid_in_bbox=0, ql_dist=None)
  n21 20260923_1210 … ✗ swath overlaps bbox but all pixels cloud/land masked (raw_valid_in_bbox=0, ql_dist=None)
  n21 20260923_1250 … ✗ swath overlaps bbox but all pixels cloud/land masked (raw_valid_in_bbox=0, ql_dist=None)
  n21 20260923_1300 … ✗ swath overlaps bbox but all pixels cloud/land masked (raw_valid_in_bbox=0, ql_dist=None)
  n21 20260923_1310 … ✗ swath overlaps bbox but all pixels cloud/land masked (raw_valid_in_bbox=0, ql_dist=None)
  n21 20260923_1350 … ✗ swath overlaps bbox but all pixels cloud/land masked (raw_valid_in_bbox=0, ql_dist=None)
  n21 20260923_1400 … ✗ swath overlaps bbox but all pixels cloud/land masked (raw_valid_in_bbox=0, ql_dist=None)
  n21 20260923_1410 … ✗ swath overlaps bbox but all pixels cloud/land masked (raw_valid_in_bbox=0, ql_dist=None)
  n21 20260923_1450 … ✗ swath overlaps bbox but all pixels cloud/land masked (raw_valid_in_bbox=0, ql_dist=None)
  n21 20260923_1500 … ✗ swath overlaps bbox but all pixels cloud/land masked (raw_valid_in_bbox=0, ql_dist=None)
  n21 20260923_1510 … ✗ swath overlaps bbox but all pixels cloud/land masked (raw_valid_in_bbox=0, ql_dist=None)
  n21 20260923_1550 … ✗ swath overlaps bbox but all pixels cloud/land masked (raw_valid_in_bbox=0, ql_dist=None)
  n21 20260923_1600 … ✗ swath overlaps bbox but all pixels cloud/land masked (raw_valid_in_bbox=0, ql_dist=None)
  n21 20260923_1610 … ✗ swath overlaps bbox but all pixels cloud/land masked (raw_valid_in_bbox=0, ql_dist=None)
  n21 20260923_1650 … ✗ swath overlaps bbox but all pixels cloud/land masked (raw_valid_in_bbox=0, ql_dist=None)
  n21 20260923_1700 … ✗ swath overlaps bbox but all pixels cloud/land masked (raw_valid_in_bbox=0, ql_dist=None)
  n21 20260923_1710 … ✗ swath overlaps bbox but all pixels cloud/land masked (raw_valid_in_bbox=0, ql_dist=None)
  n21 20260923_1750 … ✗ swath overlaps bbox but all pixels cloud/land masked (raw_valid_in_bbox=0, ql_dist=None)
  n21 20260923_1800 … ✗ swath overlaps bbox but all pixels cloud/land masked (raw_valid_in_bbox=0, ql_dist=None)
  n21 20260923_1810 … ✗ swath overlaps bbox but all pixels cloud/land masked (raw_valid_in_bbox=0, ql_dist=None)
  n21 20260923_1850 …   ⚠ VIIRS n21 20260923_1850: only 51 pts — skipping write.
✗ ok
  n21 20260923_1900 … ✗ swath overlaps bbox but all pixels cloud/land masked (raw_valid_in_bbox=0, ql_dist=None)
  n21 20260923_1910 … ✗ swath overlaps bbox but all pixels cloud/land masked (raw_valid_in_bbox=0, ql_dist=None)
  n21 20260923_1950 … ✗ swath overlaps bbox but all pixels cloud/land masked (raw_valid_in_bbox=0, ql_dist=None)
  n21 20260923_2000 … ✗ swath overlaps bbox but all pixels cloud/land masked (raw_valid_in_bbox=0, ql_dist=None)
  n21 20260923_2010 … ✗ swath overlaps bbox but all pixels cloud/land masked (raw_valid_in_bbox=0, ql_dist=None)
  n21 20260923_2050 … ✗ swath overlaps bbox but all pixels cloud/land masked (raw_valid_in_bbox=0, ql_dist=None)
  n21 20260923_2100 … ✗ swath overlaps bbox but all pixels cloud/land masked (raw_valid_in_bbox=0, ql_dist=None)
  n21 20260923_2110 … ✗ swath overlaps bbox but all pixels cloud/land masked (raw_valid_in_bbox=0, ql_dist=None)
  n21 20260923_2150 … ✗ swath overlaps bbox but all pixels cloud/land masked (raw_valid_in_bbox=0, ql_dist=None)
  n21 20260923_2200 … ✗ swath overlaps bbox but all pixels cloud/land masked (raw_valid_in_bbox=0, ql_dist=None)
  n21 20260923_2210 … ✗ swath overlaps bbox but all pixels cloud/land masked (raw_valid_in_bbox=0, ql_dist=None)
  n21 20260923_2250 … ✗ swath overlaps bbox but all pixels cloud/land masked (raw_valid_in_bbox=0, ql_dist=None)
  n21 20260923_2300 … ✗ swath overlaps bbox but all pixels cloud/land masked (raw_valid_in_bbox=0, ql_dist=None)
  n21 20260923_2310 … ✗ swath overlaps bbox but all pixels cloud/land masked (raw_valid_in_bbox=0, ql_dist=None)
  n21 20260923_2350 … ✗ swath overlaps bbox but all pixels cloud/land masked (raw_valid_in_bbox=0, ql_dist=None)
  n21 20260924_0000 … ✗ swath overlaps bbox but all pixels cloud/land masked (raw_valid_in_bbox=0, ql_dist=None)
  n21 20260924_0010 … ✗ swath overlaps bbox but all pixels cloud/land masked (raw_valid_in_bbox=0, ql_dist=None)
  n21 20260924_0050 … ✗ swath overlaps bbox but all pixels cloud/land masked (raw_valid_in_bbox=0, ql_dist=None)
  n21 20260924_0100 … ✗ swath overlaps bbox but all pixels cloud/land masked (raw_valid_in_bbox=0, ql_dist=None)
  n21 20260924_0110 … ✗ swath overlaps bbox but all pixels cloud/land masked (raw_valid_in_bbox=0, ql_dist=None)
  n21 20260924_0150 … ✗ swath overlaps bbox but all pixels cloud/land masked (raw_valid_in_bbox=0, ql_dist=None)
  n21 20260924_0200 … ✗ swath overlaps bbox but all pixels cloud/land masked (raw_valid_in_bbox=0, ql_dist=None)
  n21 20260924_0210 … ✗ swath overlaps bbox but all pixels cloud/land masked (raw_valid_in_bbox=0, ql_dist=None)
  n21 20260924_0250 … ✗ swath overlaps bbox but all pixels cloud/land masked (raw_valid_in_bbox=0, ql_dist=None)
  n21 20260924_0300 … ✗ swath overlaps bbox but all pixels cloud/land masked (raw_valid_in_bbox=0, ql_dist=None)
  n21 20260924_0310 … ✗ swath overlaps bbox but all pixels cloud/land masked (raw_valid_in_bbox=0, ql_dist=None)
  n21 20260924_0350 … ✗ swath overlaps bbox but all pixels cloud/land masked (raw_valid_in_bbox=0, ql_dist=None)
  n21 20260924_0400 … ✗ swath overlaps bbox but all pixels cloud/land masked (raw_valid_in_bbox=0, ql_dist=None)
  n21 20260924_0410 … ✗ swath overlaps bbox but all pixels cloud/land masked (raw_valid_in_bbox=0, ql_dist=None)
  n21 20260924_0450 … ✗ swath overlaps bbox but all pixels cloud/land masked (raw_valid_in_bbox=0, ql_dist=None)
  n21 20260924_0500 … ✗ swath overlaps bbox but all pixels cloud/land masked (raw_valid_in_bbox=0, ql_dist=None)
  n21 20260924_0510 … ✗ swath overlaps bbox but all pixels cloud/land masked (raw_valid_in_bbox=0, ql_dist=None)
  n21 20260924_0550 … ✗ swath overlaps bbox but all pixels cloud/land masked (raw_valid_in_bbox=0, ql_dist=None)
  n21 20260924_0600 … ✗ swath overlaps bbox but all pixels cloud/land masked (raw_valid_in_bbox=0, ql_dist=None)
  n21 20260924_0610 … ✗ swath overlaps bbox but all pixels cloud/land masked (raw_valid_in_bbox=0, ql_dist=None)
  n21 20260924_0650 … ✗ swath overlaps bbox but all pixels cloud/land masked (raw_valid_in_bbox=0, ql_dist=None)
  n21 20260924_0700 … ✗ swath overlaps bbox but all pixels cloud/land masked (raw_valid_in_bbox=0, ql_dist=None)
  n21 20260924_0710 …   ⚠ VIIRS n21 20260924_0710: only 96 pts — skipping write.
✗ ok
  n21 20260924_0750 … ✗ swath overlaps bbox but all pixels cloud/land masked (raw_valid_in_bbox=0, ql_dist=None)
  n21 20260924_0800 … ✗ swath overlaps bbox but all pixels cloud/land masked (raw_valid_in_bbox=0, ql_dist=None)
  n21 20260924_0810 … ✗ swath overlaps bbox but all pixels cloud/land masked (raw_valid_in_bbox=0, ql_dist=None)
  n21 20260924_0850 … ✗ swath overlaps bbox but all pixels cloud/land masked (raw_valid_in_bbox=0, ql_dist=None)
  n21 20260924_0900 … ✗ swath overlaps bbox but all pixels cloud/land masked (raw_valid_in_bbox=0, ql_dist=None)
  n21 20260924_0910 … ✗ swath overlaps bbox but all pixels cloud/land masked (raw_valid_in_bbox=0, ql_dist=None)
  n21 20260924_0950 … ✗ swath overlaps bbox but all pixels cloud/land masked (raw_valid_in_bbox=0, ql_dist=None)
  n21 20260924_1000 … ✗ swath overlaps bbox but all pixels cloud/land masked (raw_valid_in_bbox=0, ql_dist=None)
  n21 20260924_1010 … ✗ swath overlaps bbox but all pixels cloud/land masked (raw_valid_in_bbox=0, ql_dist=None)
  n21 20260924_1050 … ✗ swath overlaps bbox but all pixels cloud/land masked (raw_valid_in_bbox=0, ql_dist=None)
  n21 20260924_1100 … ✗ swath overlaps bbox but all pixels cloud/land masked (raw_valid_in_bbox=0, ql_dist=None)
  n21 20260924_1110 … ✗ swath overlaps bbox but all pixels cloud/land masked (raw_valid_in_bbox=0, ql_dist=None)
  n21 20260924_1150 … ✗ swath overlaps bbox but all pixels cloud/land masked (raw_valid_in_bbox=0, ql_dist=None)
  n21 20260924_1200 … ✗ swath overlaps bbox but all pixels cloud/land masked (raw_valid_in_bbox=0, ql_dist=None)
  n21 20260924_1210 … ✗ swath overlaps bbox but all pixels cloud/land masked (raw_valid_in_bbox=0, ql_dist=None)
  n21 20260924_1250 … ✗ swath overlaps bbox but all pixels cloud/land masked (raw_valid_in_bbox=0, ql_dist=None)
  n21 20260924_1300 … ✗ swath overlaps bbox but all pixels cloud/land masked (raw_valid_in_bbox=0, ql_dist=None)
  n21 20260924_1310 … ✗ swath overlaps bbox but all pixels cloud/land masked (raw_valid_in_bbox=0, ql_dist=None)
  n21 20260924_1350 … ✗ swath overlaps bbox but all pixels cloud/land masked (raw_valid_in_bbox=0, ql_dist=None)
  n21 20260924_1400 … ✗ swath overlaps bbox but all pixels cloud/land masked (raw_valid_in_bbox=0, ql_dist=None)
  n21 20260924_1410 … ✗ swath overlaps bbox but all pixels cloud/land masked (raw_valid_in_bbox=0, ql_dist=None)
  n21 20260924_1450 … ✗ swath overlaps bbox but all pixels cloud/land masked (raw_valid_in_bbox=0, ql_dist=None)
  n21 20260924_1500 … ✗ swath overlaps bbox but all pixels cloud/land masked (raw_valid_in_bbox=0, ql_dist=None)
  n21 20260924_1510 … ✗ swath overlaps bbox but all pixels cloud/land masked (raw_valid_in_bbox=0, ql_dist=None)
  n21 20260924_1550 … ✗ swath overlaps bbox but all pixels cloud/land masked (raw_valid_in_bbox=0, ql_dist=None)
  n21 20260924_1600 … ✗ swath overlaps bbox but all pixels cloud/land masked (raw_valid_in_bbox=0, ql_dist=None)
  n21 20260924_1610 … ✗ swath overlaps bbox but all pixels cloud/land masked (raw_valid_in_bbox=0, ql_dist=None)
  n21 20260924_1650 … ✗ swath overlaps bbox but all pixels cloud/land masked (raw_valid_in_bbox=0, ql_dist=None)
  n21 20260924_1700 … ✗ swath overlaps bbox but all pixels cloud/land masked (raw_valid_in_bbox=0, ql_dist=None)
  n21 20260924_1710 … ✗ swath overlaps bbox but all pixels cloud/land masked (raw_valid_in_bbox=0, ql_dist=None)
  n21 20260924_1750 … ✗ swath overlaps bbox but all pixels cloud/land masked (raw_valid_in_bbox=0, ql_dist=None)
  n21 20260924_1800 … ✗ swath overlaps bbox but all pixels cloud/land masked (raw_valid_in_bbox=0, ql_dist=None)
  n21 20260924_1810 … ✗ swath overlaps bbox but all pixels cloud/land masked (raw_valid_in_bbox=0, ql_dist=None)
  n21 20260924_1850 … ✗ swath overlaps bbox but all pixels cloud/land masked (raw_valid_in_bbox=0, ql_dist=None)
  n21 20260924_1900 … ✗ swath overlaps bbox but all pixels cloud/land masked (raw_valid_in_bbox=0, ql_dist=None)
  n21 20260924_1910 … ✗ swath overlaps bbox but all pixels cloud/land masked (raw_valid_in_bbox=0, ql_dist=None)
  n21 20260924_1950 … ✗ swath overlaps bbox but all pixels cloud/land masked (raw_valid_in_bbox=0, ql_dist=None)
  n21 20260924_2000 … ✗ swath overlaps bbox but all pixels cloud/land masked (raw_valid_in_bbox=0, ql_dist=None)
  n21 20260924_2010 … ✗ swath overlaps bbox but all pixels cloud/land masked (raw_valid_in_bbox=0, ql_dist=None)
  n21 20260924_2050 … ✗ swath overlaps bbox but all pixels cloud/land masked (raw_valid_in_bbox=0, ql_dist=None)
  n21 20260924_2100 … ✗ swath overlaps bbox but all pixels cloud/land masked (raw_valid_in_bbox=0, ql_dist=None)
  n21 20260924_2110 … ✗ swath overlaps bbox but all pixels cloud/land masked (raw_valid_in_bbox=0, ql_dist=None)
  n21 20260924_2150 … ✗ swath overlaps bbox but all pixels cloud/land masked (raw_valid_in_bbox=0, ql_dist=None)
  n21 20260924_2200 … ✗ swath overlaps bbox but all pixels cloud/land masked (raw_valid_in_bbox=0, ql_dist=None)
  n21 20260924_2210 … ✗ swath overlaps bbox but all pixels cloud/land masked (raw_valid_in_bbox=0, ql_dist=None)
  n21 20260924_2250 … ✗ swath overlaps bbox but all pixels cloud/land masked (raw_valid_in_bbox=0, ql_dist=None)
  n21 20260924_2300 … ✗ swath overlaps bbox but all pixels cloud/land masked (raw_valid_in_bbox=0, ql_dist=None)
  n21 20260924_2310 … ✗ swath overlaps bbox but all pixels cloud/land masked (raw_valid_in_bbox=0, ql_dist=None)
  n21 20260924_2350 … ✗ swath overlaps bbox but all pixels cloud/land masked (raw_valid_in_bbox=0, ql_dist=None)
  n21 20260925_0000 … ✗ swath overlaps bbox but all pixels cloud/land masked (raw_valid_in_bbox=0, ql_dist=None)
  n21 20260925_0010 … ✗ swath overlaps bbox but all pixels cloud/land masked (raw_valid_in_bbox=0, ql_dist=None)
  n21 20260925_0050 … ✗ swath overlaps bbox but all pixels cloud/land masked (raw_valid_in_bbox=0, ql_dist=None)
  n21 20260925_0100 … ✗ swath overlaps bbox but all pixels cloud/land masked (raw_valid_in_bbox=0, ql_dist=None)
  n21 20260925_0110 … ✗ swath overlaps bbox but all pixels cloud/land masked (raw_valid_in_bbox=0, ql_dist=None)
  n21 20260925_0150 … ✗ swath overlaps bbox but all pixels cloud/land masked (raw_valid_in_bbox=0, ql_dist=None)
  n21 20260925_0200 … ✗ swath overlaps bbox but all pixels cloud/land masked (raw_valid_in_bbox=0, ql_dist=None)
  n21 20260925_0210 … ✗ swath overlaps bbox but all pixels cloud/land masked (raw_valid_in_bbox=0, ql_dist=None)
  n21 20260925_0250 … ✗ swath overlaps bbox but all pixels cloud/land masked (raw_valid_in_bbox=0, ql_dist=None)
  n21 20260925_0300 … ✗ swath overlaps bbox but all pixels cloud/land masked (raw_valid_in_bbox=0, ql_dist=None)
  n21 20260925_0310 … ✗ swath overlaps bbox but all pixels cloud/land masked (raw_valid_in_bbox=0, ql_dist=None)
  n21 20260925_0350 … ✗ swath overlaps bbox but all pixels cloud/land masked (raw_valid_in_bbox=0, ql_dist=None)
  n21 20260925_0400 … ✗ swath overlaps bbox but all pixels cloud/land masked (raw_valid_in_bbox=0, ql_dist=None)
  n21 20260925_0410 … ✗ swath overlaps bbox but all pixels cloud/land masked (raw_valid_in_bbox=0, ql_dist=None)
  n21 20260925_0450 … ✗ swath overlaps bbox but all pixels cloud/land masked (raw_valid_in_bbox=0, ql_dist=None)
  n21 20260925_0500 … ✗ swath overlaps bbox but all pixels cloud/land masked (raw_valid_in_bbox=0, ql_dist=None)
  n21 20260925_0510 … ✗ swath overlaps bbox but all pixels cloud/land masked (raw_valid_in_bbox=0, ql_dist=None)
  n21 20260925_0550 … ✗ swath overlaps bbox but all pixels cloud/land masked (raw_valid_in_bbox=0, ql_dist=None)
  n21 20260925_0600 … ✗ swath overlaps bbox but all pixels cloud/land masked (raw_valid_in_bbox=0, ql_dist=None)
  n21 20260925_0610 … ✗ swath overlaps bbox but all pixels cloud/land masked (raw_valid_in_bbox=0, ql_dist=None)
  n21 20260925_0650 … ✗ swath overlaps bbox but all pixels cloud/land masked (raw_valid_in_bbox=0, ql_dist=None)
  n21 20260925_0710 … ✗ swath overlaps bbox but all pixels cloud/land masked (raw_valid_in_bbox=0, ql_dist=None)

  VIIRS summary: 2 written, 4 cached, 413 miss/cloud, 574 outside windows.

=========================================================
✓ Pipeline complete
=========================================================
========================================
RUNNING REGION: ne_fl
========================================
=========================================================
SST PIPELINE
  UTC    : 2026-09-25 08:11:55
  Region : ne_fl
  Bbox   : 26.0–30.5°N  -81.97–-76.14°E
  Output : DailySSTData/MUR/ne_fl  (and siblings)
=========================================================

── MUR daily composite (last 5 days) ──
  MUR 20260924 (coastwatch.noaa.gov) … ✗ RuntimeError
  MUR 20260924 (coastwatch.pfeg.noaa.gov) … ✗ RuntimeError
  MUR 20260924 (upwell.pfeg.noaa.gov) … ✗ RuntimeError
  ✗ MUR 20260924 — all mirrors failed. Last: upwell.pfeg.noaa.gov: RuntimeError: 404 — no data for this date
  ✓ MUR 20260923 (cached)
  ✓ MUR 20260922 (cached)
  ✓ MUR 20260921 (cached)
  ✓ MUR 20260920 (cached)

── GOES-19 geo-polar blended daily composite ──
  Candidates: 4 (2 hosts × 2 dataset IDs)
  GOES 20260925 [noaa/noaacwBLENDEDsstDLDaily] … ✗ RuntimeError: 404 — no data for this date
  GOES 20260925 [noaa/noaacwBLENDEDsstDaily] … ✗ RuntimeError: 404 — no data for this date
  GOES 20260925 [pfeg/noaacwBLENDEDsstDLDaily] … ✗ RuntimeError: 404 — no data for this date
  GOES 20260925 [pfeg/noaacwBLENDEDsstDaily] … ✗ RuntimeError: 404 — no data for this date
  GOES 20260924 [noaa/noaacwBLENDEDsstDLDaily] … ✗ RuntimeError: 404 — no data for this date
  GOES 20260924 [noaa/noaacwBLENDEDsstDaily] … ✗ RuntimeError: 404 — no data for this date
  GOES 20260924 [pfeg/noaacwBLENDEDsstDLDaily] … ✗ RuntimeError: 404 — no data for this date
  GOES 20260924 [pfeg/noaacwBLENDEDsstDaily] … ✗ RuntimeError: 404 — no data for this date
  ✓ GOES composite 20260923 (cached)

── VIIRS multi-pass (last 48h — NPP/N20/N21) ──
  ✓ VIIRS NRT base: https://www.star.nesdis.noaa.gov/pub/socd2/coastwatch/sst/nrt/viirs
  Hourly windows : 48
  Window range   : 2026-09-23 08:50Z → 2026-09-25 08:10Z
  Half-width     : ±10 min per bucket
  npp 20260923_0850 … ✗ swath overlaps bbox but all pixels cloud/land masked (raw_valid_in_bbox=0, ql_dist=None)
  npp 20260923_0900 … ✗ swath overlaps bbox but all pixels cloud/land masked (raw_valid_in_bbox=0, ql_dist=None)
  npp 20260923_0910 … ✗ swath overlaps bbox but all pixels cloud/land masked (raw_valid_in_bbox=0, ql_dist=None)
  npp 20260923_0950 … ✗ swath overlaps bbox but all pixels cloud/land masked (raw_valid_in_bbox=0, ql_dist=None)
  npp 20260923_1000 … ✗ swath overlaps bbox but all pixels cloud/land masked (raw_valid_in_bbox=0, ql_dist=None)
  npp 20260923_1010 … ✗ swath overlaps bbox but all pixels cloud/land masked (raw_valid_in_bbox=0, ql_dist=None)
  npp 20260923_1050 … ✗ swath overlaps bbox but all pixels cloud/land masked (raw_valid_in_bbox=0, ql_dist=None)
  npp 20260923_1100 … ✗ swath overlaps bbox but all pixels cloud/land masked (raw_valid_in_bbox=0, ql_dist=None)
  npp 20260923_1110 … ✗ swath overlaps bbox but all pixels cloud/land masked (raw_valid_in_bbox=0, ql_dist=None)
  npp 20260923_1150 … ✗ swath overlaps bbox but all pixels cloud/land masked (raw_valid_in_bbox=0, ql_dist=None)
  npp 20260923_1200 … ✗ swath overlaps bbox but all pixels cloud/land masked (raw_valid_in_bbox=0, ql_dist=None)
  npp 20260923_1210 … ✗ swath overlaps bbox but all pixels cloud/land masked (raw_valid_in_bbox=0, ql_dist=None)
  npp 20260923_1250 … ✗ swath overlaps bbox but all pixels cloud/land masked (raw_valid_in_bbox=0, ql_dist=None)
  npp 20260923_1300 … ✗ swath overlaps bbox but all pixels cloud/land masked (raw_valid_in_bbox=0, ql_dist=None)
  npp 20260923_1310 … ✗ swath overlaps bbox but all pixels cloud/land masked (raw_valid_in_bbox=0, ql_dist=None)
  npp 20260923_1350 … ✗ swath overlaps bbox but all pixels cloud/land masked (raw_valid_in_bbox=0, ql_dist=None)
  npp 20260923_1400 … ✗ swath overlaps bbox but all pixels cloud/land masked (raw_valid_in_bbox=0, ql_dist=None)
  npp 20260923_1410 … ✗ swath overlaps bbox but all pixels cloud/land masked (raw_valid_in_bbox=0, ql_dist=None)
  npp 20260923_1450 … ✗ swath overlaps bbox but all pixels cloud/land masked (raw_valid_in_bbox=0, ql_dist=None)
  npp 20260923_1500 … ✗ swath overlaps bbox but all pixels cloud/land masked (raw_valid_in_bbox=0, ql_dist=None)
  npp 20260923_1510 … ✗ swath overlaps bbox but all pixels cloud/land masked (raw_valid_in_bbox=0, ql_dist=None)
  npp 20260923_1550 … ✗ swath overlaps bbox but all pixels cloud/land masked (raw_valid_in_bbox=0, ql_dist=None)
  npp 20260923_1600 … ✗ swath overlaps bbox but all pixels cloud/land masked (raw_valid_in_bbox=0, ql_dist=None)
  npp 20260923_1610 … ✗ swath overlaps bbox but all pixels cloud/land masked (raw_valid_in_bbox=0, ql_dist=None)
  npp 20260923_1650 … ✗ swath overlaps bbox but all pixels cloud/land masked (raw_valid_in_bbox=0, ql_dist=None)
  npp 20260923_1700 … ✗ swath overlaps bbox but all pixels cloud/land masked (raw_valid_in_bbox=0, ql_dist=None)
  npp 20260923_1710 … ✗ swath overlaps bbox but all pixels cloud/land masked (raw_valid_in_bbox=0, ql_dist=None)
  npp 20260923_1750 ✓ (cached)
  npp 20260923_1800 … ✗ swath overlaps bbox but all pixels cloud/land masked (raw_valid_in_bbox=0, ql_dist=None)
  npp 20260923_1810 … ✗ swath overlaps bbox but all pixels cloud/land masked (raw_valid_in_bbox=0, ql_dist=None)
  npp 20260923_1850 … ✗ swath overlaps bbox but all pixels cloud/land masked (raw_valid_in_bbox=0, ql_dist=None)
  npp 20260923_1900 … ✗ swath overlaps bbox but all pixels cloud/land masked (raw_valid_in_bbox=0, ql_dist=None)
  npp 20260923_1910 … ✗ swath overlaps bbox but all pixels cloud/land masked (raw_valid_in_bbox=0, ql_dist=None)
  npp 20260923_1950 … ✗ swath overlaps bbox but all pixels cloud/land masked (raw_valid_in_bbox=0, ql_dist=None)
  npp 20260923_2000 … ✗ swath overlaps bbox but all pixels cloud/land masked (raw_valid_in_bbox=0, ql_dist=None)
  npp 20260923_2010 … ✗ swath overlaps bbox but all pixels cloud/land masked (raw_valid_in_bbox=0, ql_dist=None)
  npp 20260923_2050 … ✗ swath overlaps bbox but all pixels cloud/land masked (raw_valid_in_bbox=0, ql_dist=None)
  npp 20260923_2100 … ✗ swath overlaps bbox but all pixels cloud/land masked (raw_valid_in_bbox=0, ql_dist=None)
  npp 20260923_2110 … ✗ swath overlaps bbox but all pixels cloud/land masked (raw_valid_in_bbox=0, ql_dist=None)
  npp 20260923_2150 … ✗ swath overlaps bbox but all pixels cloud/land masked (raw_valid_in_bbox=0, ql_dist=None)
  npp 20260923_2200 … ✗ swath overlaps bbox but all pixels cloud/land masked (raw_valid_in_bbox=0, ql_dist=None)
  npp 20260923_2210 … ✗ swath overlaps bbox but all pixels cloud/land masked (raw_valid_in_bbox=0, ql_dist=None)
  npp 20260923_2250 … ✗ swath overlaps bbox but all pixels cloud/land masked (raw_valid_in_bbox=0, ql_dist=None)
  npp 20260923_2300 … ✗ swath overlaps bbox but all pixels cloud/land masked (raw_valid_in_bbox=0, ql_dist=None)
  npp 20260923_2310 … ✗ swath overlaps bbox but all pixels cloud/land masked (raw_valid_in_bbox=0, ql_dist=None)
  npp 20260923_2350 … ✗ swath overlaps bbox but all pixels cloud/land masked (raw_valid_in_bbox=0, ql_dist=None)
  npp 20260924_0000 … ✗ swath overlaps bbox but all pixels cloud/land masked (raw_valid_in_bbox=0, ql_dist=None)
  npp 20260924_0010 … ✗ swath overlaps bbox but all pixels cloud/land masked (raw_valid_in_bbox=0, ql_dist=None)
  npp 20260924_0050 … ✗ swath overlaps bbox but all pixels cloud/land masked (raw_valid_in_bbox=0, ql_dist=None)
  npp 20260924_0100 … ✗ swath overlaps bbox but all pixels cloud/land masked (raw_valid_in_bbox=0, ql_dist=None)
  npp 20260924_0110 … ✗ swath overlaps bbox but all pixels cloud/land masked (raw_valid_in_bbox=0, ql_dist=None)
  npp 20260924_0150 … ✗ swath overlaps bbox but all pixels cloud/land masked (raw_valid_in_bbox=0, ql_dist=None)
  npp 20260924_0200 … ✗ swath overlaps bbox but all pixels cloud/land masked (raw_valid_in_bbox=0, ql_dist=None)
  npp 20260924_0210 … ✗ swath overlaps bbox but all pixels cloud/land masked (raw_valid_in_bbox=0, ql_dist=None)
  npp 20260924_0250 … ✗ swath overlaps bbox but all pixels cloud/land masked (raw_valid_in_bbox=0, ql_dist=None)
  npp 20260924_0300 … ✗ swath overlaps bbox but all pixels cloud/land masked (raw_valid_in_bbox=0, ql_dist=None)
  npp 20260924_0310 … ✗ swath overlaps bbox but all pixels cloud/land masked (raw_valid_in_bbox=0, ql_dist=None)
  npp 20260924_0350 … ✗ swath overlaps bbox but all pixels cloud/land masked (raw_valid_in_bbox=0, ql_dist=None)
  npp 20260924_0400 … ✗ swath overlaps bbox but all pixels cloud/land masked (raw_valid_in_bbox=0, ql_dist=None)
  npp 20260924_0410 … ✗ swath overlaps bbox but all pixels cloud/land masked (raw_valid_in_bbox=0, ql_dist=None)
  npp 20260924_0450 … ✗ swath overlaps bbox but all pixels cloud/land masked (raw_valid_in_bbox=0, ql_dist=None)
  npp 20260924_0500 … ✗ swath overlaps bbox but all pixels cloud/land masked (raw_valid_in_bbox=0, ql_dist=None)
  npp 20260924_0510 … ✗ swath overlaps bbox but all pixels cloud/land masked (raw_valid_in_bbox=0, ql_dist=None)
  npp 20260924_0550 … ✗ swath overlaps bbox but all pixels cloud/land masked (raw_valid_in_bbox=0, ql_dist=None)
  npp 20260924_0600 … ✗ swath overlaps bbox but all pixels cloud/land masked (raw_valid_in_bbox=0, ql_dist=None)
  npp 20260924_0610 …   ⚠ VIIRS npp 20260924_0610: only 37 pts — skipping write.
✗ ok
  npp 20260924_0650 … ✗ swath overlaps bbox but all pixels cloud/land masked (raw_valid_in_bbox=0, ql_dist=None)
  npp 20260924_0700 … ✗ swath overlaps bbox but all pixels cloud/land masked (raw_valid_in_bbox=0, ql_dist=None)
  npp 20260924_0710 … ✗ swath overlaps bbox but all pixels cloud/land masked (raw_valid_in_bbox=0, ql_dist=None)
  npp 20260924_0750 ✓ (cached)
  npp 20260924_0800 … ✗ swath overlaps bbox but all pixels cloud/land masked (raw_valid_in_bbox=0, ql_dist=None)
  npp 20260924_0810 … ✗ swath overlaps bbox but all pixels cloud/land masked (raw_valid_in_bbox=0, ql_dist=None)
  npp 20260924_0850 … ✗ swath overlaps bbox but all pixels cloud/land masked (raw_valid_in_bbox=0, ql_dist=None)
  npp 20260924_0900 … ✗ swath overlaps bbox but all pixels cloud/land masked (raw_valid_in_bbox=0, ql_dist=None)
  npp 20260924_0910 … ✗ swath overlaps bbox but all pixels cloud/land masked (raw_valid_in_bbox=0, ql_dist=None)
  npp 20260924_0950 … ✗ swath overlaps bbox but all pixels cloud/land masked (raw_valid_in_bbox=0, ql_dist=None)
  npp 20260924_1000 … ✗ swath overlaps bbox but all pixels cloud/land masked (raw_valid_in_bbox=0, ql_dist=None)
  npp 20260924_1010 … ✗ swath overlaps bbox but all pixels cloud/land masked (raw_valid_in_bbox=0, ql_dist=None)
  npp 20260924_1050 … ✗ swath overlaps bbox but all pixels cloud/land masked (raw_valid_in_bbox=0, ql_dist=None)
  npp 20260924_1100 … ✗ swath overlaps bbox but all pixels cloud/land masked (raw_valid_in_bbox=0, ql_dist=None)
  npp 20260924_1110 … ✗ swath overlaps bbox but all pixels cloud/land masked (raw_valid_in_bbox=0, ql_dist=None)
  npp 20260924_1150 … ✗ swath overlaps bbox but all pixels cloud/land masked (raw_valid_in_bbox=0, ql_dist=None)
  npp 20260924_1200 … ✗ swath overlaps bbox but all pixels cloud/land masked (raw_valid_in_bbox=0, ql_dist=None)
  npp 20260924_1210 … ✗ swath overlaps bbox but all pixels cloud/land masked (raw_valid_in_bbox=0, ql_dist=None)
  npp 20260924_1250 … ✗ swath overlaps bbox but all pixels cloud/land masked (raw_valid_in_bbox=0, ql_dist=None)
  npp 20260924_1300 … ✗ swath overlaps bbox but all pixels cloud/land masked (raw_valid_in_bbox=0, ql_dist=None)
  npp 20260924_1310 … ✗ swath overlaps bbox but all pixels cloud/land masked (raw_valid_in_bbox=0, ql_dist=None)
  npp 20260924_1350 … ✗ swath overlaps bbox but all pixels cloud/land masked (raw_valid_in_bbox=0, ql_dist=None)
  npp 20260924_1400 … ✗ swath overlaps bbox but all pixels cloud/land masked (raw_valid_in_bbox=0, ql_dist=None)
  npp 20260924_1410 … ✗ swath overlaps bbox but all pixels cloud/land masked (raw_valid_in_bbox=0, ql_dist=None)
  npp 20260924_1450 … ✗ swath overlaps bbox but all pixels cloud/land masked (raw_valid_in_bbox=0, ql_dist=None)
  npp 20260924_1500 … ✗ swath overlaps bbox but all pixels cloud/land masked (raw_valid_in_bbox=0, ql_dist=None)
  npp 20260924_1510 … ✗ swath overlaps bbox but all pixels cloud/land masked (raw_valid_in_bbox=0, ql_dist=None)
  npp 20260924_1550 … ✗ swath overlaps bbox but all pixels cloud/land masked (raw_valid_in_bbox=0, ql_dist=None)
  npp 20260924_1600 … ✗ swath overlaps bbox but all pixels cloud/land masked (raw_valid_in_bbox=0, ql_dist=None)
  npp 20260924_1610 … ✗ swath overlaps bbox but all pixels cloud/land masked (raw_valid_in_bbox=0, ql_dist=None)
  npp 20260924_1650 … ✗ swath overlaps bbox but all pixels cloud/land masked (raw_valid_in_bbox=0, ql_dist=None)
  npp 20260924_1700 … ✗ swath overlaps bbox but all pixels cloud/land masked (raw_valid_in_bbox=0, ql_dist=None)
  npp 20260924_1710 … ✗ swath overlaps bbox but all pixels cloud/land masked (raw_valid_in_bbox=0, ql_dist=None)
  npp 20260924_1750 … ✗ swath overlaps bbox but all pixels cloud/land masked (raw_valid_in_bbox=0, ql_dist=None)
  npp 20260924_1800 … ✗ swath overlaps bbox but all pixels cloud/land masked (raw_valid_in_bbox=0, ql_dist=None)
  npp 20260924_1810 … ✗ swath overlaps bbox but all pixels cloud/land masked (raw_valid_in_bbox=0, ql_dist=None)
  npp 20260924_1850 … ✗ swath overlaps bbox but all pixels cloud/land masked (raw_valid_in_bbox=0, ql_dist=None)
  npp 20260924_1900 … ✗ swath overlaps bbox but all pixels cloud/land masked (raw_valid_in_bbox=0, ql_dist=None)
  npp 20260924_1910 ✓ (cached)
  npp 20260924_1950 … ✗ swath overlaps bbox but all pixels cloud/land masked (raw_valid_in_bbox=0, ql_dist=None)
  npp 20260924_2000 … ✗ swath overlaps bbox but all pixels cloud/land masked (raw_valid_in_bbox=0, ql_dist=None)
  npp 20260924_2010 … ✗ swath overlaps bbox but all pixels cloud/land masked (raw_valid_in_bbox=0, ql_dist=None)
  npp 20260924_2050 … ✗ swath overlaps bbox but all pixels cloud/land masked (raw_valid_in_bbox=0, ql_dist=None)
  npp 20260924_2100 … ✗ swath overlaps bbox but all pixels cloud/land masked (raw_valid_in_bbox=0, ql_dist=None)
  npp 20260924_2110 … ✗ swath overlaps bbox but all pixels cloud/land masked (raw_valid_in_bbox=0, ql_dist=None)
  npp 20260924_2150 … ✗ swath overlaps bbox but all pixels cloud/land masked (raw_valid_in_bbox=0, ql_dist=None)
  npp 20260924_2200 … ✗ swath overlaps bbox but all pixels cloud/land masked (raw_valid_in_bbox=0, ql_dist=None)
  npp 20260924_2210 … ✗ swath overlaps bbox but all pixels cloud/land masked (raw_valid_in_bbox=0, ql_dist=None)
  npp 20260924_2250 … ✗ swath overlaps bbox but all pixels cloud/land masked (raw_valid_in_bbox=0, ql_dist=None)
  npp 20260924_2300 … ✗ swath overlaps bbox but all pixels cloud/land masked (raw_valid_in_bbox=0, ql_dist=None)
  npp 20260924_2310 … ✗ swath overlaps bbox but all pixels cloud/land masked (raw_valid_in_bbox=0, ql_dist=None)
  npp 20260924_2350 … ✗ swath overlaps bbox but all pixels cloud/land masked (raw_valid_in_bbox=0, ql_dist=None)
  npp 20260925_0000 … ✗ swath overlaps bbox but all pixels cloud/land masked (raw_valid_in_bbox=0, ql_dist=None)
  npp 20260925_0010 … ✗ swath overlaps bbox but all pixels cloud/land masked (raw_valid_in_bbox=0, ql_dist=None)
  npp 20260925_0050 … ✗ swath overlaps bbox but all pixels cloud/land masked (raw_valid_in_bbox=0, ql_dist=None)
  npp 20260925_0100 … ✗ swath overlaps bbox but all pixels cloud/land masked (raw_valid_in_bbox=0, ql_dist=None)
  npp 20260925_0110 … ✗ swath overlaps bbox but all pixels cloud/land masked (raw_valid_in_bbox=0, ql_dist=None)
  npp 20260925_0150 … ✗ swath overlaps bbox but all pixels cloud/land masked (raw_valid_in_bbox=0, ql_dist=None)
  npp 20260925_0200 … ✗ swath overlaps bbox but all pixels cloud/land masked (raw_valid_in_bbox=0, ql_dist=None)
  npp 20260925_0210 … ✗ swath overlaps bbox but all pixels cloud/land masked (raw_valid_in_bbox=0, ql_dist=None)
  npp 20260925_0250 … ✗ swath overlaps bbox but all pixels cloud/land masked (raw_valid_in_bbox=0, ql_dist=None)
  npp 20260925_0300 … ✗ swath overlaps bbox but all pixels cloud/land masked (raw_valid_in_bbox=0, ql_dist=None)
  npp 20260925_0310 … ✗ swath overlaps bbox but all pixels cloud/land masked (raw_valid_in_bbox=0, ql_dist=None)
  npp 20260925_0350 … ✗ swath overlaps bbox but all pixels cloud/land masked (raw_valid_in_bbox=0, ql_dist=None)
  npp 20260925_0400 … ✗ swath overlaps bbox but all pixels cloud/land masked (raw_valid_in_bbox=0, ql_dist=None)
  npp 20260925_0410 … ✗ swath overlaps bbox but all pixels cloud/land masked (raw_valid_in_bbox=0, ql_dist=None)
  npp 20260925_0450 … ✗ swath overlaps bbox but all pixels cloud/land masked (raw_valid_in_bbox=0, ql_dist=None)
  npp 20260925_0500 … ✗ swath overlaps bbox but all pixels cloud/land masked (raw_valid_in_bbox=0, ql_dist=None)
  npp 20260925_0510 … ✗ swath overlaps bbox but all pixels cloud/land masked (raw_valid_in_bbox=0, ql_dist=None)
  npp 20260925_0550 …   → DailySSTData/VIIRS/Passes/ne_fl/viirs_npp_20260925_0550.csv  (105 pts, 27 lats × 9 lons)
  npp 20260925_0600 … ✗ swath overlaps bbox but all pixels cloud/land masked (raw_valid_in_bbox=0, ql_dist=None)
  npp 20260925_0610 … ✗ swath overlaps bbox but all pixels cloud/land masked (raw_valid_in_bbox=0, ql_dist=None)
  npp 20260925_0650 … ✗ swath overlaps bbox but all pixels cloud/land masked (raw_valid_in_bbox=0, ql_dist=None)
  npp 20260925_0700 … ✗ swath overlaps bbox but all pixels cloud/land masked (raw_valid_in_bbox=0, ql_dist=None)
  n20 20260923_0850 … ✗ swath overlaps bbox but all pixels cloud/land masked (raw_valid_in_bbox=0, ql_dist=None)
  n20 20260923_0900 … ✗ swath overlaps bbox but all pixels cloud/land masked (raw_valid_in_bbox=0, ql_dist=None)
  n20 20260923_0910 … ✗ swath overlaps bbox but all pixels cloud/land masked (raw_valid_in_bbox=0, ql_dist=None)
  n20 20260923_0950 … ✗ swath overlaps bbox but all pixels cloud/land masked (raw_valid_in_bbox=0, ql_dist=None)
  n20 20260923_1000 … ✗ swath overlaps bbox but all pixels cloud/land masked (raw_valid_in_bbox=0, ql_dist=None)
  n20 20260923_1010 … ✗ swath overlaps bbox but all pixels cloud/land masked (raw_valid_in_bbox=0, ql_dist=None)
  n20 20260923_1050 … ✗ swath overlaps bbox but all pixels cloud/land masked (raw_valid_in_bbox=0, ql_dist=None)
  n20 20260923_1100 … ✗ swath overlaps bbox but all pixels cloud/land masked (raw_valid_in_bbox=0, ql_dist=None)
  n20 20260923_1110 … ✗ swath overlaps bbox but all pixels cloud/land masked (raw_valid_in_bbox=0, ql_dist=None)
  n20 20260923_1150 … ✗ swath overlaps bbox but all pixels cloud/land masked (raw_valid_in_bbox=0, ql_dist=None)
  n20 20260923_1200 … ✗ swath overlaps bbox but all pixels cloud/land masked (raw_valid_in_bbox=0, ql_dist=None)
  n20 20260923_1210 … ✗ swath overlaps bbox but all pixels cloud/land masked (raw_valid_in_bbox=0, ql_dist=None)
  n20 20260923_1250 … ✗ swath overlaps bbox but all pixels cloud/land masked (raw_valid_in_bbox=0, ql_dist=None)
  n20 20260923_1300 … ✗ swath overlaps bbox but all pixels cloud/land masked (raw_valid_in_bbox=0, ql_dist=None)
  n20 20260923_1310 … ✗ swath overlaps bbox but all pixels cloud/land masked (raw_valid_in_bbox=0, ql_dist=None)
  n20 20260923_1350 … ✗ swath overlaps bbox but all pixels cloud/land masked (raw_valid_in_bbox=0, ql_dist=None)
  n20 20260923_1400 … ✗ swath overlaps bbox but all pixels cloud/land masked (raw_valid_in_bbox=0, ql_dist=None)
  n20 20260923_1410 … ✗ swath overlaps bbox but all pixels cloud/land masked (raw_valid_in_bbox=0, ql_dist=None)
  n20 20260923_1450 … ✗ swath overlaps bbox but all pixels cloud/land masked (raw_valid_in_bbox=0, ql_dist=None)
  n20 20260923_1500 … ✗ swath overlaps bbox but all pixels cloud/land masked (raw_valid_in_bbox=0, ql_dist=None)
  n20 20260923_1510 … ✗ swath overlaps bbox but all pixels cloud/land masked (raw_valid_in_bbox=0, ql_dist=None)
  n20 20260923_1550 … ✗ swath overlaps bbox but all pixels cloud/land masked (raw_valid_in_bbox=0, ql_dist=None)
  n20 20260923_1600 … ✗ swath overlaps bbox but all pixels cloud/land masked (raw_valid_in_bbox=0, ql_dist=None)
  n20 20260923_1610 … ✗ swath overlaps bbox but all pixels cloud/land masked (raw_valid_in_bbox=0, ql_dist=None)
  n20 20260923_1650 … ✗ swath overlaps bbox but all pixels cloud/land masked (raw_valid_in_bbox=0, ql_dist=None)
  n20 20260923_1700 … ✗ swath overlaps bbox but all pixels cloud/land masked (raw_valid_in_bbox=0, ql_dist=None)
  n20 20260923_1710 … ✗ swath overlaps bbox but all pixels cloud/land masked (raw_valid_in_bbox=0, ql_dist=None)
  n20 20260923_1750 … ✗ swath overlaps bbox but all pixels cloud/land masked (raw_valid_in_bbox=0, ql_dist=None)
  n20 20260923_1800 … ✗ swath overlaps bbox but all pixels cloud/land masked (raw_valid_in_bbox=0, ql_dist=None)
  n20 20260923_1810 ✓ (cached)
  n20 20260923_1850 … ✗ swath overlaps bbox but all pixels cloud/land masked (raw_valid_in_bbox=0, ql_dist=None)
  n20 20260923_1900 … ✗ swath overlaps bbox but all pixels cloud/land masked (raw_valid_in_bbox=0, ql_dist=None)
  n20 20260923_1910 … ✗ swath overlaps bbox but all pixels cloud/land masked (raw_valid_in_bbox=0, ql_dist=None)
  n20 20260923_1950 … ✗ swath overlaps bbox but all pixels cloud/land masked (raw_valid_in_bbox=0, ql_dist=None)
  n20 20260923_2000 … ✗ swath overlaps bbox but all pixels cloud/land masked (raw_valid_in_bbox=0, ql_dist=None)
  n20 20260923_2010 … ✗ swath overlaps bbox but all pixels cloud/land masked (raw_valid_in_bbox=0, ql_dist=None)
  n20 20260923_2050 … ✗ swath overlaps bbox but all pixels cloud/land masked (raw_valid_in_bbox=0, ql_dist=None)
  n20 20260923_2100 … ✗ swath overlaps bbox but all pixels cloud/land masked (raw_valid_in_bbox=0, ql_dist=None)
  n20 20260923_2110 … ✗ swath overlaps bbox but all pixels cloud/land masked (raw_valid_in_bbox=0, ql_dist=None)
  n20 20260923_2150 … ✗ swath overlaps bbox but all pixels cloud/land masked (raw_valid_in_bbox=0, ql_dist=None)
  n20 20260923_2200 … ✗ swath overlaps bbox but all pixels cloud/land masked (raw_valid_in_bbox=0, ql_dist=None)
  n20 20260923_2210 … ✗ swath overlaps bbox but all pixels cloud/land masked (raw_valid_in_bbox=0, ql_dist=None)
  n20 20260923_2250 … ✗ swath overlaps bbox but all pixels cloud/land masked (raw_valid_in_bbox=0, ql_dist=None)
  n20 20260923_2300 … ✗ swath overlaps bbox but all pixels cloud/land masked (raw_valid_in_bbox=0, ql_dist=None)
  n20 20260923_2310 … ✗ swath overlaps bbox but all pixels cloud/land masked (raw_valid_in_bbox=0, ql_dist=None)
  n20 20260923_2350 … ✗ swath overlaps bbox but all pixels cloud/land masked (raw_valid_in_bbox=0, ql_dist=None)
  n20 20260924_0000 … ✗ swath overlaps bbox but all pixels cloud/land masked (raw_valid_in_bbox=0, ql_dist=None)
  n20 20260924_0010 … ✗ swath overlaps bbox but all pixels cloud/land masked (raw_valid_in_bbox=0, ql_dist=None)
  n20 20260924_0050 … ✗ swath overlaps bbox but all pixels cloud/land masked (raw_valid_in_bbox=0, ql_dist=None)
  n20 20260924_0100 … ✗ swath overlaps bbox but all pixels cloud/land masked (raw_valid_in_bbox=0, ql_dist=None)
  n20 20260924_0110 … ✗ swath overlaps bbox but all pixels cloud/land masked (raw_valid_in_bbox=0, ql_dist=None)
  n20 20260924_0150 … ✗ swath overlaps bbox but all pixels cloud/land masked (raw_valid_in_bbox=0, ql_dist=None)
  n20 20260924_0200 … ✗ swath overlaps bbox but all pixels cloud/land masked (raw_valid_in_bbox=0, ql_dist=None)
  n20 20260924_0210 … ✗ swath overlaps bbox but all pixels cloud/land masked (raw_valid_in_bbox=0, ql_dist=None)
  n20 20260924_0250 … ✗ swath overlaps bbox but all pixels cloud/land masked (raw_valid_in_bbox=0, ql_dist=None)
  n20 20260924_0300 … ✗ swath overlaps bbox but all pixels cloud/land masked (raw_valid_in_bbox=0, ql_dist=None)
  n20 20260924_0310 … ✗ swath overlaps bbox but all pixels cloud/land masked (raw_valid_in_bbox=0, ql_dist=None)
  n20 20260924_0350 … ✗ swath overlaps bbox but all pixels cloud/land masked (raw_valid_in_bbox=0, ql_dist=None)
  n20 20260924_0400 … ✗ swath overlaps bbox but all pixels cloud/land masked (raw_valid_in_bbox=0, ql_dist=None)
  n20 20260924_0410 … ✗ swath overlaps bbox but all pixels cloud/land masked (raw_valid_in_bbox=0, ql_dist=None)
  n20 20260924_0450 … ✗ swath overlaps bbox but all pixels cloud/land masked (raw_valid_in_bbox=0, ql_dist=None)
  n20 20260924_0500 … ✗ swath overlaps bbox but all pixels cloud/land masked (raw_valid_in_bbox=0, ql_dist=None)
  n20 20260924_0510 … ✗ swath overlaps bbox but all pixels cloud/land masked (raw_valid_in_bbox=0, ql_dist=None)
  n20 20260924_0550 … ✗ swath overlaps bbox but all pixels cloud/land masked (raw_valid_in_bbox=0, ql_dist=None)
  n20 20260924_0600 … ✗ swath overlaps bbox but all pixels cloud/land masked (raw_valid_in_bbox=0, ql_dist=None)
  n20 20260924_0610 … ✗ swath overlaps bbox but all pixels cloud/land masked (raw_valid_in_bbox=0, ql_dist=None)
  n20 20260924_0650 … ✗ swath overlaps bbox but all pixels cloud/land masked (raw_valid_in_bbox=0, ql_dist=None)
  n20 20260924_0700 … ✗ swath overlaps bbox but all pixels cloud/land masked (raw_valid_in_bbox=0, ql_dist=None)
  n20 20260924_0710 … ✗ swath overlaps bbox but all pixels cloud/land masked (raw_valid_in_bbox=0, ql_dist=None)
  n20 20260924_0750 … ✗ swath overlaps bbox but all pixels cloud/land masked (raw_valid_in_bbox=0, ql_dist=None)
  n20 20260924_0800 … ✗ swath overlaps bbox but all pixels cloud/land masked (raw_valid_in_bbox=0, ql_dist=None)
  n20 20260924_0810 ✓ (cached)
  n20 20260924_0850 … ✗ swath overlaps bbox but all pixels cloud/land masked (raw_valid_in_bbox=0, ql_dist=None)
  n20 20260924_0900 … ✗ swath overlaps bbox but all pixels cloud/land masked (raw_valid_in_bbox=0, ql_dist=None)
  n20 20260924_0910 … ✗ swath overlaps bbox but all pixels cloud/land masked (raw_valid_in_bbox=0, ql_dist=None)
  n20 20260924_0950 … ✗ swath overlaps bbox but all pixels cloud/land masked (raw_valid_in_bbox=0, ql_dist=None)
  n20 20260924_1000 … ✗ swath overlaps bbox but all pixels cloud/land masked (raw_valid_in_bbox=0, ql_dist=None)
  n20 20260924_1010 … ✗ swath overlaps bbox but all pixels cloud/land masked (raw_valid_in_bbox=0, ql_dist=None)
  n20 20260924_1050 … ✗ swath overlaps bbox but all pixels cloud/land masked (raw_valid_in_bbox=0, ql_dist=None)
  n20 20260924_1100 … ✗ swath overlaps bbox but all pixels cloud/land masked (raw_valid_in_bbox=0, ql_dist=None)
  n20 20260924_1110 … ✗ swath overlaps bbox but all pixels cloud/land masked (raw_valid_in_bbox=0, ql_dist=None)
  n20 20260924_1150 … ✗ swath overlaps bbox but all pixels cloud/land masked (raw_valid_in_bbox=0, ql_dist=None)
  n20 20260924_1200 … ✗ swath overlaps bbox but all pixels cloud/land masked (raw_valid_in_bbox=0, ql_dist=None)
  n20 20260924_1210 … ✗ swath overlaps bbox but all pixels cloud/land masked (raw_valid_in_bbox=0, ql_dist=None)
  n20 20260924_1250 … ✗ swath overlaps bbox but all pixels cloud/land masked (raw_valid_in_bbox=0, ql_dist=None)
  n20 20260924_1300 … ✗ swath overlaps bbox but all pixels cloud/land masked (raw_valid_in_bbox=0, ql_dist=None)
  n20 20260924_1310 … ✗ swath overlaps bbox but all pixels cloud/land masked (raw_valid_in_bbox=0, ql_dist=None)
  n20 20260924_1350 … ✗ swath overlaps bbox but all pixels cloud/land masked (raw_valid_in_bbox=0, ql_dist=None)
  n20 20260924_1400 … ✗ swath overlaps bbox but all pixels cloud/land masked (raw_valid_in_bbox=0, ql_dist=None)
  n20 20260924_1410 … ✗ swath overlaps bbox but all pixels cloud/land masked (raw_valid_in_bbox=0, ql_dist=None)
  n20 20260924_1450 … ✗ swath overlaps bbox but all pixels cloud/land masked (raw_valid_in_bbox=0, ql_dist=None)
  n20 20260924_1500 … ✗ swath overlaps bbox but all pixels cloud/land masked (raw_valid_in_bbox=0, ql_dist=None)
  n20 20260924_1510 … ✗ swath overlaps bbox but all pixels cloud/land masked (raw_valid_in_bbox=0, ql_dist=None)
  n20 20260924_1550 … ✗ swath overlaps bbox but all pixels cloud/land masked (raw_valid_in_bbox=0, ql_dist=None)
  n20 20260924_1600 … ✗ swath overlaps bbox but all pixels cloud/land masked (raw_valid_in_bbox=0, ql_dist=None)
  n20 20260924_1610 … ✗ swath overlaps bbox but all pixels cloud/land masked (raw_valid_in_bbox=0, ql_dist=None)
  n20 20260924_1650 … ✗ swath overlaps bbox but all pixels cloud/land masked (raw_valid_in_bbox=0, ql_dist=None)
  n20 20260924_1700 … ✗ swath overlaps bbox but all pixels cloud/land masked (raw_valid_in_bbox=0, ql_dist=None)
  n20 20260924_1710 … ✗ swath overlaps bbox but all pixels cloud/land masked (raw_valid_in_bbox=0, ql_dist=None)
  n20 20260924_1750 ✓ (cached)
  n20 20260924_1800 … ✗ swath overlaps bbox but all pixels cloud/land masked (raw_valid_in_bbox=0, ql_dist=None)
  n20 20260924_1810 … ✗ swath overlaps bbox but all pixels cloud/land masked (raw_valid_in_bbox=0, ql_dist=None)
  n20 20260924_1850 … ✗ swath overlaps bbox but all pixels cloud/land masked (raw_valid_in_bbox=0, ql_dist=None)
  n20 20260924_1900 … ✗ swath overlaps bbox but all pixels cloud/land masked (raw_valid_in_bbox=0, ql_dist=None)
  n20 20260924_1910 … ✗ swath overlaps bbox but all pixels cloud/land masked (raw_valid_in_bbox=0, ql_dist=None)
  n20 20260924_1950 … ✗ swath overlaps bbox but all pixels cloud/land masked (raw_valid_in_bbox=0, ql_dist=None)
  n20 20260924_2000 … ✗ swath overlaps bbox but all pixels cloud/land masked (raw_valid_in_bbox=0, ql_dist=None)
  n20 20260924_2010 … ✗ swath overlaps bbox but all pixels cloud/land masked (raw_valid_in_bbox=0, ql_dist=None)
  n20 20260924_2050 … ✗ swath overlaps bbox but all pixels cloud/land masked (raw_valid_in_bbox=0, ql_dist=None)
  n20 20260924_2100 … ✗ swath overlaps bbox but all pixels cloud/land masked (raw_valid_in_bbox=0, ql_dist=None)
  n20 20260924_2110 … ✗ swath overlaps bbox but all pixels cloud/land masked (raw_valid_in_bbox=0, ql_dist=None)
  n20 20260924_2150 … ✗ swath overlaps bbox but all pixels cloud/land masked (raw_valid_in_bbox=0, ql_dist=None)
  n20 20260924_2200 … ✗ swath overlaps bbox but all pixels cloud/land masked (raw_valid_in_bbox=0, ql_dist=None)
  n20 20260924_2210 … ✗ swath overlaps bbox but all pixels cloud/land masked (raw_valid_in_bbox=0, ql_dist=None)
  n20 20260924_2250 … ✗ swath overlaps bbox but all pixels cloud/land masked (raw_valid_in_bbox=0, ql_dist=None)
  n20 20260924_2300 … ✗ swath overlaps bbox but all pixels cloud/land masked (raw_valid_in_bbox=0, ql_dist=None)
  n20 20260924_2310 … ✗ swath overlaps bbox but all pixels cloud/land masked (raw_valid_in_bbox=0, ql_dist=None)
  n20 20260924_2350 … ✗ swath overlaps bbox but all pixels cloud/land masked (raw_valid_in_bbox=0, ql_dist=None)
  n20 20260925_0000 … ✗ swath overlaps bbox but all pixels cloud/land masked (raw_valid_in_bbox=0, ql_dist=None)
  n20 20260925_0010 … ✗ swath overlaps bbox but all pixels cloud/land masked (raw_valid_in_bbox=0, ql_dist=None)
  n20 20260925_0050 … ✗ swath overlaps bbox but all pixels cloud/land masked (raw_valid_in_bbox=0, ql_dist=None)
  n20 20260925_0100 … ✗ swath overlaps bbox but all pixels cloud/land masked (raw_valid_in_bbox=0, ql_dist=None)
  n20 20260925_0110 … ✗ swath overlaps bbox but all pixels cloud/land masked (raw_valid_in_bbox=0, ql_dist=None)
  n20 20260925_0150 … ✗ swath overlaps bbox but all pixels cloud/land masked (raw_valid_in_bbox=0, ql_dist=None)
  n20 20260925_0200 … ✗ swath overlaps bbox but all pixels cloud/land masked (raw_valid_in_bbox=0, ql_dist=None)
  n20 20260925_0210 … ✗ swath overlaps bbox but all pixels cloud/land masked (raw_valid_in_bbox=0, ql_dist=None)
  n20 20260925_0250 … ✗ swath overlaps bbox but all pixels cloud/land masked (raw_valid_in_bbox=0, ql_dist=None)
  n20 20260925_0300 … ✗ swath overlaps bbox but all pixels cloud/land masked (raw_valid_in_bbox=0, ql_dist=None)
  n20 20260925_0310 … ✗ swath overlaps bbox but all pixels cloud/land masked (raw_valid_in_bbox=0, ql_dist=None)
  n20 20260925_0350 … ✗ swath overlaps bbox but all pixels cloud/land masked (raw_valid_in_bbox=0, ql_dist=None)
  n20 20260925_0400 … ✗ swath overlaps bbox but all pixels cloud/land masked (raw_valid_in_bbox=0, ql_dist=None)
  n20 20260925_0410 … ✗ swath overlaps bbox but all pixels cloud/land masked (raw_valid_in_bbox=0, ql_dist=None)
  n20 20260925_0450 … ✗ swath overlaps bbox but all pixels cloud/land masked (raw_valid_in_bbox=0, ql_dist=None)
  n20 20260925_0500 … ✗ swath overlaps bbox but all pixels cloud/land masked (raw_valid_in_bbox=0, ql_dist=None)
  n20 20260925_0510 … ✗ swath overlaps bbox but all pixels cloud/land masked (raw_valid_in_bbox=0, ql_dist=None)
  n20 20260925_0550 … ✗ swath overlaps bbox but all pixels cloud/land masked (raw_valid_in_bbox=0, ql_dist=None)
  n20 20260925_0600 … ✗ swath overlaps bbox but all pixels cloud/land masked (raw_valid_in_bbox=0, ql_dist=None)
  n20 20260925_0610 …   → DailySSTData/VIIRS/Passes/ne_fl/viirs_n20_20260925_0610.csv  (13039 pts, 225 lats × 239 lons)
  n20 20260925_0650 … ✗ swath overlaps bbox but all pixels cloud/land masked (raw_valid_in_bbox=0, ql_dist=None)
  n20 20260925_0700 … ✗ swath overlaps bbox but all pixels cloud/land masked (raw_valid_in_bbox=0, ql_dist=None)
  n20 20260925_0710 … ✗ swath overlaps bbox but all pixels cloud/land masked (raw_valid_in_bbox=0, ql_dist=None)
  n21 20260923_0850 … ✗ swath overlaps bbox but all pixels cloud/land masked (raw_valid_in_bbox=0, ql_dist=None)
  n21 20260923_0900 … ✗ swath overlaps bbox but all pixels cloud/land masked (raw_valid_in_bbox=0, ql_dist=None)
  n21 20260923_0910 … ✗ swath overlaps bbox but all pixels cloud/land masked (raw_valid_in_bbox=0, ql_dist=None)
  n21 20260923_0950 … ✗ swath overlaps bbox but all pixels cloud/land masked (raw_valid_in_bbox=0, ql_dist=None)
  n21 20260923_1000 … ✗ swath overlaps bbox but all pixels cloud/land masked (raw_valid_in_bbox=0, ql_dist=None)
  n21 20260923_1010 … ✗ swath overlaps bbox but all pixels cloud/land masked (raw_valid_in_bbox=0, ql_dist=None)
  n21 20260923_1050 … ✗ swath overlaps bbox but all pixels cloud/land masked (raw_valid_in_bbox=0, ql_dist=None)
  n21 20260923_1100 … ✗ swath overlaps bbox but all pixels cloud/land masked (raw_valid_in_bbox=0, ql_dist=None)
  n21 20260923_1110 … ✗ swath overlaps bbox but all pixels cloud/land masked (raw_valid_in_bbox=0, ql_dist=None)
  n21 20260923_1150 … ✗ swath overlaps bbox but all pixels cloud/land masked (raw_valid_in_bbox=0, ql_dist=None)
  n21 20260923_1200 … ✗ swath overlaps bbox but all pixels cloud/land masked (raw_valid_in_bbox=0, ql_dist=None)
  n21 20260923_1210 … ✗ swath overlaps bbox but all pixels cloud/land masked (raw_valid_in_bbox=0, ql_dist=None)
  n21 20260923_1250 … ✗ swath overlaps bbox but all pixels cloud/land masked (raw_valid_in_bbox=0, ql_dist=None)
  n21 20260923_1300 … ✗ swath overlaps bbox but all pixels cloud/land masked (raw_valid_in_bbox=0, ql_dist=None)
  n21 20260923_1310 … ✗ swath overlaps bbox but all pixels cloud/land masked (raw_valid_in_bbox=0, ql_dist=None)
  n21 20260923_1350 … ✗ swath overlaps bbox but all pixels cloud/land masked (raw_valid_in_bbox=0, ql_dist=None)
  n21 20260923_1400 … ✗ swath overlaps bbox but all pixels cloud/land masked (raw_valid_in_bbox=0, ql_dist=None)
  n21 20260923_1410 … ✗ swath overlaps bbox but all pixels cloud/land masked (raw_valid_in_bbox=0, ql_dist=None)
  n21 20260923_1450 … ✗ swath overlaps bbox but all pixels cloud/land masked (raw_valid_in_bbox=0, ql_dist=None)
  n21 20260923_1500 … ✗ swath overlaps bbox but all pixels cloud/land masked (raw_valid_in_bbox=0, ql_dist=None)
  n21 20260923_1510 … ✗ swath overlaps bbox but all pixels cloud/land masked (raw_valid_in_bbox=0, ql_dist=None)
  n21 20260923_1550 … ✗ swath overlaps bbox but all pixels cloud/land masked (raw_valid_in_bbox=0, ql_dist=None)
  n21 20260923_1600 … ✗ swath overlaps bbox but all pixels cloud/land masked (raw_valid_in_bbox=0, ql_dist=None)
  n21 20260923_1610 … ✗ swath overlaps bbox but all pixels cloud/land masked (raw_valid_in_bbox=0, ql_dist=None)
  n21 20260923_1650 … ✗ swath overlaps bbox but all pixels cloud/land masked (raw_valid_in_bbox=0, ql_dist=None)
  n21 20260923_1700 … ✗ swath overlaps bbox but all pixels cloud/land masked (raw_valid_in_bbox=0, ql_dist=None)
  n21 20260923_1710 …   ⚠ VIIRS n21 20260923_1710: only 5 pts — skipping write.
✗ ok
  n21 20260923_1750 … ✗ swath overlaps bbox but all pixels cloud/land masked (raw_valid_in_bbox=0, ql_dist=None)
  n21 20260923_1800 … ✗ swath overlaps bbox but all pixels cloud/land masked (raw_valid_in_bbox=0, ql_dist=None)
  n21 20260923_1810 … ✗ swath overlaps bbox but all pixels cloud/land masked (raw_valid_in_bbox=0, ql_dist=None)
  n21 20260923_1850 …   ⚠ VIIRS n21 20260923_1850: only 14 pts — skipping write.
✗ ok
  n21 20260923_1900 … ✗ swath overlaps bbox but all pixels cloud/land masked (raw_valid_in_bbox=0, ql_dist=None)
  n21 20260923_1910 … ✗ swath overlaps bbox but all pixels cloud/land masked (raw_valid_in_bbox=0, ql_dist=None)
  n21 20260923_1950 … ✗ swath overlaps bbox but all pixels cloud/land masked (raw_valid_in_bbox=0, ql_dist=None)
  n21 20260923_2000 … ✗ swath overlaps bbox but all pixels cloud/land masked (raw_valid_in_bbox=0, ql_dist=None)
  n21 20260923_2010 … ✗ swath overlaps bbox but all pixels cloud/land masked (raw_valid_in_bbox=0, ql_dist=None)
  n21 20260923_2050 … ✗ swath overlaps bbox but all pixels cloud/land masked (raw_valid_in_bbox=0, ql_dist=None)
  n21 20260923_2100 … ✗ swath overlaps bbox but all pixels cloud/land masked (raw_valid_in_bbox=0, ql_dist=None)
  n21 20260923_2110 … ✗ swath overlaps bbox but all pixels cloud/land masked (raw_valid_in_bbox=0, ql_dist=None)
  n21 20260923_2150 … ✗ swath overlaps bbox but all pixels cloud/land masked (raw_valid_in_bbox=0, ql_dist=None)
  n21 20260923_2200 … ✗ swath overlaps bbox but all pixels cloud/land masked (raw_valid_in_bbox=0, ql_dist=None)
  n21 20260923_2210 … ✗ swath overlaps bbox but all pixels cloud/land masked (raw_valid_in_bbox=0, ql_dist=None)
  n21 20260923_2250 … ✗ swath overlaps bbox but all pixels cloud/land masked (raw_valid_in_bbox=0, ql_dist=None)
  n21 20260923_2300 … ✗ swath overlaps bbox but all pixels cloud/land masked (raw_valid_in_bbox=0, ql_dist=None)
  n21 20260923_2310 … ✗ swath overlaps bbox but all pixels cloud/land masked (raw_valid_in_bbox=0, ql_dist=None)
  n21 20260923_2350 … ✗ swath overlaps bbox but all pixels cloud/land masked (raw_valid_in_bbox=0, ql_dist=None)
  n21 20260924_0000 … ✗ swath overlaps bbox but all pixels cloud/land masked (raw_valid_in_bbox=0, ql_dist=None)
  n21 20260924_0010 … ✗ swath overlaps bbox but all pixels cloud/land masked (raw_valid_in_bbox=0, ql_dist=None)
  n21 20260924_0050 … ✗ swath overlaps bbox but all pixels cloud/land masked (raw_valid_in_bbox=0, ql_dist=None)
  n21 20260924_0100 … ✗ swath overlaps bbox but all pixels cloud/land masked (raw_valid_in_bbox=0, ql_dist=None)
  n21 20260924_0110 … ✗ swath overlaps bbox but all pixels cloud/land masked (raw_valid_in_bbox=0, ql_dist=None)
  n21 20260924_0150 … ✗ swath overlaps bbox but all pixels cloud/land masked (raw_valid_in_bbox=0, ql_dist=None)
  n21 20260924_0200 … ✗ swath overlaps bbox but all pixels cloud/land masked (raw_valid_in_bbox=0, ql_dist=None)
  n21 20260924_0210 … ✗ swath overlaps bbox but all pixels cloud/land masked (raw_valid_in_bbox=0, ql_dist=None)
  n21 20260924_0250 … ✗ swath overlaps bbox but all pixels cloud/land masked (raw_valid_in_bbox=0, ql_dist=None)
  n21 20260924_0300 … ✗ swath overlaps bbox but all pixels cloud/land masked (raw_valid_in_bbox=0, ql_dist=None)
  n21 20260924_0310 … ✗ swath overlaps bbox but all pixels cloud/land masked (raw_valid_in_bbox=0, ql_dist=None)
  n21 20260924_0350 … ✗ swath overlaps bbox but all pixels cloud/land masked (raw_valid_in_bbox=0, ql_dist=None)
  n21 20260924_0400 … ✗ swath overlaps bbox but all pixels cloud/land masked (raw_valid_in_bbox=0, ql_dist=None)
  n21 20260924_0410 … ✗ swath overlaps bbox but all pixels cloud/land masked (raw_valid_in_bbox=0, ql_dist=None)
  n21 20260924_0450 … ✗ swath overlaps bbox but all pixels cloud/land masked (raw_valid_in_bbox=0, ql_dist=None)
  n21 20260924_0500 … ✗ swath overlaps bbox but all pixels cloud/land masked (raw_valid_in_bbox=0, ql_dist=None)
  n21 20260924_0510 … ✗ swath overlaps bbox but all pixels cloud/land masked (raw_valid_in_bbox=0, ql_dist=None)
  n21 20260924_0550 … ✗ swath overlaps bbox but all pixels cloud/land masked (raw_valid_in_bbox=0, ql_dist=None)
  n21 20260924_0600 … ✗ swath overlaps bbox but all pixels cloud/land masked (raw_valid_in_bbox=0, ql_dist=None)
  n21 20260924_0610 … ✗ swath overlaps bbox but all pixels cloud/land masked (raw_valid_in_bbox=0, ql_dist=None)
  n21 20260924_0650 … ✗ swath overlaps bbox but all pixels cloud/land masked (raw_valid_in_bbox=0, ql_dist=None)
  n21 20260924_0700 … ✗ swath overlaps bbox but all pixels cloud/land masked (raw_valid_in_bbox=0, ql_dist=None)
  n21 20260924_0710 … ✗ swath overlaps bbox but all pixels cloud/land masked (raw_valid_in_bbox=0, ql_dist=None)
  n21 20260924_0750 … ✗ swath overlaps bbox but all pixels cloud/land masked (raw_valid_in_bbox=0, ql_dist=None)
  n21 20260924_0800 … ✗ swath overlaps bbox but all pixels cloud/land masked (raw_valid_in_bbox=0, ql_dist=None)
  n21 20260924_0810 … ✗ swath overlaps bbox but all pixels cloud/land masked (raw_valid_in_bbox=0, ql_dist=None)
  n21 20260924_0850 … ✗ swath overlaps bbox but all pixels cloud/land masked (raw_valid_in_bbox=0, ql_dist=None)
  n21 20260924_0900 … ✗ swath overlaps bbox but all pixels cloud/land masked (raw_valid_in_bbox=0, ql_dist=None)
  n21 20260924_0910 … ✗ swath overlaps bbox but all pixels cloud/land masked (raw_valid_in_bbox=0, ql_dist=None)
  n21 20260924_0950 … ✗ swath overlaps bbox but all pixels cloud/land masked (raw_valid_in_bbox=0, ql_dist=None)
  n21 20260924_1000 … ✗ swath overlaps bbox but all pixels cloud/land masked (raw_valid_in_bbox=0, ql_dist=None)
  n21 20260924_1010 … ✗ swath overlaps bbox but all pixels cloud/land masked (raw_valid_in_bbox=0, ql_dist=None)
  n21 20260924_1050 … ✗ swath overlaps bbox but all pixels cloud/land masked (raw_valid_in_bbox=0, ql_dist=None)
  n21 20260924_1100 … ✗ swath overlaps bbox but all pixels cloud/land masked (raw_valid_in_bbox=0, ql_dist=None)
  n21 20260924_1110 … ✗ swath overlaps bbox but all pixels cloud/land masked (raw_valid_in_bbox=0, ql_dist=None)
  n21 20260924_1150 … ✗ swath overlaps bbox but all pixels cloud/land masked (raw_valid_in_bbox=0, ql_dist=None)
  n21 20260924_1200 … ✗ swath overlaps bbox but all pixels cloud/land masked (raw_valid_in_bbox=0, ql_dist=None)
  n21 20260924_1210 … ✗ swath overlaps bbox but all pixels cloud/land masked (raw_valid_in_bbox=0, ql_dist=None)
  n21 20260924_1250 … ✗ swath overlaps bbox but all pixels cloud/land masked (raw_valid_in_bbox=0, ql_dist=None)
  n21 20260924_1300 … ✗ swath overlaps bbox but all pixels cloud/land masked (raw_valid_in_bbox=0, ql_dist=None)
  n21 20260924_1310 … ✗ swath overlaps bbox but all pixels cloud/land masked (raw_valid_in_bbox=0, ql_dist=None)
  n21 20260924_1350 … ✗ swath overlaps bbox but all pixels cloud/land masked (raw_valid_in_bbox=0, ql_dist=None)
  n21 20260924_1400 … ✗ swath overlaps bbox but all pixels cloud/land masked (raw_valid_in_bbox=0, ql_dist=None)
  n21 20260924_1410 … ✗ swath overlaps bbox but all pixels cloud/land masked (raw_valid_in_bbox=0, ql_dist=None)
  n21 20260924_1450 … ✗ swath overlaps bbox but all pixels cloud/land masked (raw_valid_in_bbox=0, ql_dist=None)
  n21 20260924_1500 … ✗ swath overlaps bbox but all pixels cloud/land masked (raw_valid_in_bbox=0, ql_dist=None)
  n21 20260924_1510 … ✗ swath overlaps bbox but all pixels cloud/land masked (raw_valid_in_bbox=0, ql_dist=None)
  n21 20260924_1550 … ✗ swath overlaps bbox but all pixels cloud/land masked (raw_valid_in_bbox=0, ql_dist=None)
  n21 20260924_1600 … ✗ swath overlaps bbox but all pixels cloud/land masked (raw_valid_in_bbox=0, ql_dist=None)
  n21 20260924_1610 … ✗ swath overlaps bbox but all pixels cloud/land masked (raw_valid_in_bbox=0, ql_dist=None)
  n21 20260924_1650 … ✗ swath overlaps bbox but all pixels cloud/land masked (raw_valid_in_bbox=0, ql_dist=None)
  n21 20260924_1700 … ✗ swath overlaps bbox but all pixels cloud/land masked (raw_valid_in_bbox=0, ql_dist=None)
  n21 20260924_1710 … ✗ swath overlaps bbox but all pixels cloud/land masked (raw_valid_in_bbox=0, ql_dist=None)
  n21 20260924_1750 … ✗ swath overlaps bbox but all pixels cloud/land masked (raw_valid_in_bbox=0, ql_dist=None)
  n21 20260924_1800 … ✗ swath overlaps bbox but all pixels cloud/land masked (raw_valid_in_bbox=0, ql_dist=None)
  n21 20260924_1810 … ✗ swath overlaps bbox but all pixels cloud/land masked (raw_valid_in_bbox=0, ql_dist=None)
  n21 20260924_1850 … ✗ swath overlaps bbox but all pixels cloud/land masked (raw_valid_in_bbox=0, ql_dist=None)
  n21 20260924_1900 … ✗ swath overlaps bbox but all pixels cloud/land masked (raw_valid_in_bbox=0, ql_dist=None)
  n21 20260924_1910 … ✗ swath overlaps bbox but all pixels cloud/land masked (raw_valid_in_bbox=0, ql_dist=None)
  n21 20260924_1950 … ✗ swath overlaps bbox but all pixels cloud/land masked (raw_valid_in_bbox=0, ql_dist=None)
  n21 20260924_2000 … ✗ swath overlaps bbox but all pixels cloud/land masked (raw_valid_in_bbox=0, ql_dist=None)
  n21 20260924_2010 … ✗ swath overlaps bbox but all pixels cloud/land masked (raw_valid_in_bbox=0, ql_dist=None)
  n21 20260924_2050 … ✗ swath overlaps bbox but all pixels cloud/land masked (raw_valid_in_bbox=0, ql_dist=None)
  n21 20260924_2100 … ✗ swath overlaps bbox but all pixels cloud/land masked (raw_valid_in_bbox=0, ql_dist=None)
  n21 20260924_2110 … ✗ swath overlaps bbox but all pixels cloud/land masked (raw_valid_in_bbox=0, ql_dist=None)
  n21 20260924_2150 … ✗ swath overlaps bbox but all pixels cloud/land masked (raw_valid_in_bbox=0, ql_dist=None)
  n21 20260924_2200 … ✗ swath overlaps bbox but all pixels cloud/land masked (raw_valid_in_bbox=0, ql_dist=None)
  n21 20260924_2210 … ✗ swath overlaps bbox but all pixels cloud/land masked (raw_valid_in_bbox=0, ql_dist=None)
  n21 20260924_2250 … ✗ swath overlaps bbox but all pixels cloud/land masked (raw_valid_in_bbox=0, ql_dist=None)
  n21 20260924_2300 … ✗ swath overlaps bbox but all pixels cloud/land masked (raw_valid_in_bbox=0, ql_dist=None)
  n21 20260924_2310 … ✗ swath overlaps bbox but all pixels cloud/land masked (raw_valid_in_bbox=0, ql_dist=None)
  n21 20260924_2350 … ✗ swath overlaps bbox but all pixels cloud/land masked (raw_valid_in_bbox=0, ql_dist=None)
  n21 20260925_0000 … ✗ swath overlaps bbox but all pixels cloud/land masked (raw_valid_in_bbox=0, ql_dist=None)
  n21 20260925_0010 … ✗ swath overlaps bbox but all pixels cloud/land masked (raw_valid_in_bbox=0, ql_dist=None)
  n21 20260925_0050 … ✗ swath overlaps bbox but all pixels cloud/land masked (raw_valid_in_bbox=0, ql_dist=None)
  n21 20260925_0100 … ✗ swath overlaps bbox but all pixels cloud/land masked (raw_valid_in_bbox=0, ql_dist=None)
  n21 20260925_0110 … ✗ swath overlaps bbox but all pixels cloud/land masked (raw_valid_in_bbox=0, ql_dist=None)
  n21 20260925_0150 … ✗ swath overlaps bbox but all pixels cloud/land masked (raw_valid_in_bbox=0, ql_dist=None)
  n21 20260925_0200 … ✗ swath overlaps bbox but all pixels cloud/land masked (raw_valid_in_bbox=0, ql_dist=None)
  n21 20260925_0210 … ✗ swath overlaps bbox but all pixels cloud/land masked (raw_valid_in_bbox=0, ql_dist=None)
  n21 20260925_0250 … ✗ swath overlaps bbox but all pixels cloud/land masked (raw_valid_in_bbox=0, ql_dist=None)
  n21 20260925_0300 … ✗ swath overlaps bbox but all pixels cloud/land masked (raw_valid_in_bbox=0, ql_dist=None)
  n21 20260925_0310 … ✗ swath overlaps bbox but all pixels cloud/land masked (raw_valid_in_bbox=0, ql_dist=None)
  n21 20260925_0350 … ✗ swath overlaps bbox but all pixels cloud/land masked (raw_valid_in_bbox=0, ql_dist=None)
  n21 20260925_0400 … ✗ swath overlaps bbox but all pixels cloud/land masked (raw_valid_in_bbox=0, ql_dist=None)
  n21 20260925_0410 … ✗ swath overlaps bbox but all pixels cloud/land masked (raw_valid_in_bbox=0, ql_dist=None)
  n21 20260925_0450 … ✗ swath overlaps bbox but all pixels cloud/land masked (raw_valid_in_bbox=0, ql_dist=None)
  n21 20260925_0500 … ✗ swath overlaps bbox but all pixels cloud/land masked (raw_valid_in_bbox=0, ql_dist=None)
  n21 20260925_0510 … ✗ swath overlaps bbox but all pixels cloud/land masked (raw_valid_in_bbox=0, ql_dist=None)
  n21 20260925_0550 … ✗ swath overlaps bbox but all pixels cloud/land masked (raw_valid_in_bbox=0, ql_dist=None)
  n21 20260925_0600 … ✗ swath overlaps bbox but all pixels cloud/land masked (raw_valid_in_bbox=0, ql_dist=None)
  n21 20260925_0610 … ✗ swath overlaps bbox but all pixels cloud/land masked (raw_valid_in_bbox=0, ql_dist=None)
  n21 20260925_0650 … ✗ swath overlaps bbox but all pixels cloud/land masked (raw_valid_in_bbox=0, ql_dist=None)
  n21 20260925_0700 …   → DailySSTData/VIIRS/Passes/ne_fl/viirs_n21_20260925_0700.csv  (16120 pts, 225 lats × 261 lons)
  n21 20260925_0710 … ✗ swath overlaps bbox but all pixels cloud/land masked (raw_valid_in_bbox=0, ql_dist=None)

  VIIRS summary: 3 written, 6 cached, 413 miss/cloud, 577 outside windows.

=========================================================
✓ Pipeline complete
=========================================================
========================================
RUNNING REGION: va_ri
========================================
=========================================================
SST PIPELINE
  UTC    : 2026-09-25 08:30:57
  Region : va_ri
  Bbox   : 37.26–41.51°N  -77.46–-68.97°E
  Output : DailySSTData/MUR/va_ri  (and siblings)
=========================================================

── MUR daily composite (last 5 days) ──
  MUR 20260924 (coastwatch.noaa.gov) … ✗ RuntimeError
  MUR 20260924 (coastwatch.pfeg.noaa.gov) … ✗ RuntimeError
  MUR 20260924 (upwell.pfeg.noaa.gov) … ✗ RuntimeError
  ✗ MUR 20260924 — all mirrors failed. Last: upwell.pfeg.noaa.gov: RuntimeError: 404 — no data for this date
  ✓ MUR 20260923 (cached)
  ✓ MUR 20260922 (cached)
  ✓ MUR 20260921 (cached)
  ✓ MUR 20260920 (cached)

── GOES-19 geo-polar blended daily composite ──
  Candidates: 4 (2 hosts × 2 dataset IDs)
  GOES 20260925 [noaa/noaacwBLENDEDsstDLDaily] … ✗ RuntimeError: HTTP 502: <!DOCTYPE HTML PUBLIC "-//IETF//DTD HTML 2.0//EN">
<html><head>
<title
  GOES 20260925 [noaa/noaacwBLENDEDsstDaily] … ✗ RuntimeError: 404 — no data for this date
  GOES 20260925 [pfeg/noaacwBLENDEDsstDLDaily] … ✗ RuntimeError: 404 — no data for this date
  GOES 20260925 [pfeg/noaacwBLENDEDsstDaily] … ✗ RuntimeError: 404 — no data for this date
  GOES 20260924 [noaa/noaacwBLENDEDsstDLDaily] … ✗ RuntimeError: 404 — no data for this date
  GOES 20260924 [noaa/noaacwBLENDEDsstDaily] … ✗ RuntimeError: 404 — no data for this date
  GOES 20260924 [pfeg/noaacwBLENDEDsstDLDaily] … ✗ RuntimeError: 404 — no data for this date
  GOES 20260924 [pfeg/noaacwBLENDEDsstDaily] … ✗ RuntimeError: 404 — no data for this date
  ✓ GOES composite 20260923 (cached)

── VIIRS multi-pass (last 48h — NPP/N20/N21) ──
  ✓ VIIRS NRT base: https://www.star.nesdis.noaa.gov/pub/socd2/coastwatch/sst/nrt/viirs
  Hourly windows : 48
  Window range   : 2026-09-23 08:50Z → 2026-09-25 08:10Z
  Half-width     : ±10 min per bucket
  npp 20260923_0850 … ✗ swath overlaps bbox but all pixels cloud/land masked (raw_valid_in_bbox=0, ql_dist=None)
  npp 20260923_0900 … ✗ swath overlaps bbox but all pixels cloud/land masked (raw_valid_in_bbox=0, ql_dist=None)
  npp 20260923_0910 … ✗ swath overlaps bbox but all pixels cloud/land masked (raw_valid_in_bbox=0, ql_dist=None)
  npp 20260923_0950 … ✗ swath overlaps bbox but all pixels cloud/land masked (raw_valid_in_bbox=0, ql_dist=None)
  npp 20260923_1000 … ✗ swath overlaps bbox but all pixels cloud/land masked (raw_valid_in_bbox=0, ql_dist=None)
  npp 20260923_1010 … ✗ swath overlaps bbox but all pixels cloud/land masked (raw_valid_in_bbox=0, ql_dist=None)
  npp 20260923_1050 … ✗ swath overlaps bbox but all pixels cloud/land masked (raw_valid_in_bbox=0, ql_dist=None)
  npp 20260923_1100 … ✗ swath overlaps bbox but all pixels cloud/land masked (raw_valid_in_bbox=0, ql_dist=None)
  npp 20260923_1110 … ✗ swath overlaps bbox but all pixels cloud/land masked (raw_valid_in_bbox=0, ql_dist=None)
  npp 20260923_1150 … ✗ swath overlaps bbox but all pixels cloud/land masked (raw_valid_in_bbox=0, ql_dist=None)
  npp 20260923_1200 … ✗ swath overlaps bbox but all pixels cloud/land masked (raw_valid_in_bbox=0, ql_dist=None)
  npp 20260923_1210 … ✗ swath overlaps bbox but all pixels cloud/land masked (raw_valid_in_bbox=0, ql_dist=None)
  npp 20260923_1250 … ✗ swath overlaps bbox but all pixels cloud/land masked (raw_valid_in_bbox=0, ql_dist=None)
  npp 20260923_1300 … ✗ swath overlaps bbox but all pixels cloud/land masked (raw_valid_in_bbox=0, ql_dist=None)
  npp 20260923_1310 … ✗ swath overlaps bbox but all pixels cloud/land masked (raw_valid_in_bbox=0, ql_dist=None)
  npp 20260923_1350 … ✗ swath overlaps bbox but all pixels cloud/land masked (raw_valid_in_bbox=0, ql_dist=None)
  npp 20260923_1400 … ✗ swath overlaps bbox but all pixels cloud/land masked (raw_valid_in_bbox=0, ql_dist=None)
  npp 20260923_1410 … ✗ swath overlaps bbox but all pixels cloud/land masked (raw_valid_in_bbox=0, ql_dist=None)
  npp 20260923_1450 … ✗ swath overlaps bbox but all pixels cloud/land masked (raw_valid_in_bbox=0, ql_dist=None)
  npp 20260923_1500 … ✗ swath overlaps bbox but all pixels cloud/land masked (raw_valid_in_bbox=0, ql_dist=None)
  npp 20260923_1510 … ✗ swath overlaps bbox but all pixels cloud/land masked (raw_valid_in_bbox=0, ql_dist=None)
  npp 20260923_1550 … ✗ swath overlaps bbox but all pixels cloud/land masked (raw_valid_in_bbox=0, ql_dist=None)
  npp 20260923_1600 … ✗ swath overlaps bbox but all pixels cloud/land masked (raw_valid_in_bbox=0, ql_dist=None)
  npp 20260923_1610 … ✗ swath overlaps bbox but all pixels cloud/land masked (raw_valid_in_bbox=0, ql_dist=None)
  npp 20260923_1650 … ✗ swath overlaps bbox but all pixels cloud/land masked (raw_valid_in_bbox=0, ql_dist=None)
  npp 20260923_1700 … 