========================================
RUNNING REGION: mid_atlantic
========================================
=========================================================
SST PIPELINE
  UTC    : 2026-09-23 20:10:57
  Region : mid_atlantic
  Bbox   : 33.7–39.0°N  -78.89–-72.21°E
  Output : DailySSTData/MUR  (and siblings)
=========================================================

── MUR daily composite (last 5 days) ──
  ✓ MUR 20260922 (cached)
  ✓ MUR 20260921 (cached)
  ✓ MUR 20260920 (cached)
  ✓ MUR 20260919 (cached)
  ✓ MUR 20260918 (cached)

── GOES-19 geo-polar blended daily composite ──
  Candidates: 4 (2 hosts × 2 dataset IDs)
  GOES 20260923 [noaa/noaacwBLENDEDsstDLDaily] … ✗ RuntimeError: 404 — no data for this date
  GOES 20260923 [noaa/noaacwBLENDEDsstDaily] … ✗ RuntimeError: 404 — no data for this date
  GOES 20260923 [pfeg/noaacwBLENDEDsstDLDaily] … ✗ RuntimeError: 403 Forbidden — blacklisted: Error {
    code=403;
    message="Forbidden: Acces
  GOES 20260923 [pfeg/noaacwBLENDEDsstDaily] … skipped (host blacklisted)
  ✓ GOES composite 20260922 (cached)

── VIIRS multi-pass (last 48h — NPP/N20/N21) ──
  ✓ VIIRS NRT base: https://www.star.nesdis.noaa.gov/pub/socd2/coastwatch/sst/nrt/viirs
  Hourly windows : 48
  Window range   : 2026-09-21 20:50Z → 2026-09-23 20:10Z
  Half-width     : ±10 min per bucket
  npp 20260921_2050 … ✗ swath overlaps bbox but all pixels cloud/land masked (raw_valid_in_bbox=0, ql_dist=None)
  npp 20260921_2100 … ✗ swath overlaps bbox but all pixels cloud/land masked (raw_valid_in_bbox=0, ql_dist=None)
  npp 20260921_2110 … ✗ swath overlaps bbox but all pixels cloud/land masked (raw_valid_in_bbox=0, ql_dist=None)
  npp 20260921_2150 … ✗ swath overlaps bbox but all pixels cloud/land masked (raw_valid_in_bbox=0, ql_dist=None)
  npp 20260921_2200 … ✗ swath overlaps bbox but all pixels cloud/land masked (raw_valid_in_bbox=0, ql_dist=None)
  npp 20260921_2210 … ✗ swath overlaps bbox but all pixels cloud/land masked (raw_valid_in_bbox=0, ql_dist=None)
  npp 20260921_2250 … ✗ swath overlaps bbox but all pixels cloud/land masked (raw_valid_in_bbox=0, ql_dist=None)
  npp 20260921_2300 … ✗ swath overlaps bbox but all pixels cloud/land masked (raw_valid_in_bbox=0, ql_dist=None)
  npp 20260921_2310 … ✗ swath overlaps bbox but all pixels cloud/land masked (raw_valid_in_bbox=0, ql_dist=None)
  npp 20260921_2350 … ✗ swath overlaps bbox but all pixels cloud/land masked (raw_valid_in_bbox=0, ql_dist=None)
  npp 20260922_0000 … ✗ swath overlaps bbox but all pixels cloud/land masked (raw_valid_in_bbox=0, ql_dist=None)
  npp 20260922_0010 … ✗ swath overlaps bbox but all pixels cloud/land masked (raw_valid_in_bbox=0, ql_dist=None)
  npp 20260922_0050 … ✗ swath overlaps bbox but all pixels cloud/land masked (raw_valid_in_bbox=0, ql_dist=None)
  npp 20260922_0100 … ✗ swath overlaps bbox but all pixels cloud/land masked (raw_valid_in_bbox=0, ql_dist=None)
  npp 20260922_0110 … ✗ swath overlaps bbox but all pixels cloud/land masked (raw_valid_in_bbox=0, ql_dist=None)
  npp 20260922_0150 … ✗ swath overlaps bbox but all pixels cloud/land masked (raw_valid_in_bbox=0, ql_dist=None)
  npp 20260922_0200 … ✗ swath overlaps bbox but all pixels cloud/land masked (raw_valid_in_bbox=0, ql_dist=None)
  npp 20260922_0210 … ✗ swath overlaps bbox but all pixels cloud/land masked (raw_valid_in_bbox=0, ql_dist=None)
  npp 20260922_0250 … ✗ swath overlaps bbox but all pixels cloud/land masked (raw_valid_in_bbox=0, ql_dist=None)
  npp 20260922_0300 … ✗ swath overlaps bbox but all pixels cloud/land masked (raw_valid_in_bbox=0, ql_dist=None)
  npp 20260922_0310 … ✗ swath overlaps bbox but all pixels cloud/land masked (raw_valid_in_bbox=0, ql_dist=None)
  npp 20260922_0350 … ✗ swath overlaps bbox but all pixels cloud/land masked (raw_valid_in_bbox=0, ql_dist=None)
  npp 20260922_0400 … ✗ swath overlaps bbox but all pixels cloud/land masked (raw_valid_in_bbox=0, ql_dist=None)
  npp 20260922_0410 … ✗ swath overlaps bbox but all pixels cloud/land masked (raw_valid_in_bbox=0, ql_dist=None)
  npp 20260922_0450 … ✗ swath overlaps bbox but all pixels cloud/land masked (raw_valid_in_bbox=0, ql_dist=None)
  npp 20260922_0500 … ✗ swath overlaps bbox but all pixels cloud/land masked (raw_valid_in_bbox=0, ql_dist=None)
  npp 20260922_0510 … ✗ swath overlaps bbox but all pixels cloud/land masked (raw_valid_in_bbox=0, ql_dist=None)
  npp 20260922_0550 … ✗ swath overlaps bbox but all pixels cloud/land masked (raw_valid_in_bbox=0, ql_dist=None)
  npp 20260922_0600 … ✗ swath overlaps bbox but all pixels cloud/land masked (raw_valid_in_bbox=0, ql_dist=None)
  npp 20260922_0610 … ✗ swath overlaps bbox but all pixels cloud/land masked (raw_valid_in_bbox=0, ql_dist=None)
  npp 20260922_0650 ✓ (cached)
  npp 20260922_0700 … ✗ swath overlaps bbox but all pixels cloud/land masked (raw_valid_in_bbox=0, ql_dist=None)
  npp 20260922_0710 … ✗ swath overlaps bbox but all pixels cloud/land masked (raw_valid_in_bbox=0, ql_dist=None)
  npp 20260922_0750 … ✗ swath overlaps bbox but all pixels cloud/land masked (raw_valid_in_bbox=0, ql_dist=None)
  npp 20260922_0800 … ✗ swath overlaps bbox but all pixels cloud/land masked (raw_valid_in_bbox=0, ql_dist=None)
  npp 20260922_0810 … ✗ swath overlaps bbox but all pixels cloud/land masked (raw_valid_in_bbox=0, ql_dist=None)
  npp 20260922_0850 … ✗ swath overlaps bbox but all pixels cloud/land masked (raw_valid_in_bbox=0, ql_dist=None)
  npp 20260922_0900 … ✗ swath overlaps bbox but all pixels cloud/land masked (raw_valid_in_bbox=0, ql_dist=None)
  npp 20260922_0910 … ✗ swath overlaps bbox but all pixels cloud/land masked (raw_valid_in_bbox=0, ql_dist=None)
  npp 20260922_0950 … ✗ swath overlaps bbox but all pixels cloud/land masked (raw_valid_in_bbox=0, ql_dist=None)
  npp 20260922_1000 … ✗ swath overlaps bbox but all pixels cloud/land masked (raw_valid_in_bbox=0, ql_dist=None)
  npp 20260922_1010 … ✗ swath overlaps bbox but all pixels cloud/land masked (raw_valid_in_bbox=0, ql_dist=None)
  npp 20260922_1050 … ✗ swath overlaps bbox but all pixels cloud/land masked (raw_valid_in_bbox=0, ql_dist=None)
  npp 20260922_1100 … ✗ swath overlaps bbox but all pixels cloud/land masked (raw_valid_in_bbox=0, ql_dist=None)
  npp 20260922_1110 … ✗ swath overlaps bbox but all pixels cloud/land masked (raw_valid_in_bbox=0, ql_dist=None)
  npp 20260922_1150 … ✗ swath overlaps bbox but all pixels cloud/land masked (raw_valid_in_bbox=0, ql_dist=None)
  npp 20260922_1200 … ✗ swath overlaps bbox but all pixels cloud/land masked (raw_valid_in_bbox=0, ql_dist=None)
  npp 20260922_1210 … ✗ swath overlaps bbox but all pixels cloud/land masked (raw_valid_in_bbox=0, ql_dist=None)
  npp 20260922_1250 … ✗ swath overlaps bbox but all pixels cloud/land masked (raw_valid_in_bbox=0, ql_dist=None)
  npp 20260922_1300 … ✗ swath overlaps bbox but all pixels cloud/land masked (raw_valid_in_bbox=0, ql_dist=None)
  npp 20260922_1310 … ✗ swath overlaps bbox but all pixels cloud/land masked (raw_valid_in_bbox=0, ql_dist=None)
  npp 20260922_1450 … ✗ swath overlaps bbox but all pixels cloud/land masked (raw_valid_in_bbox=0, ql_dist=None)
  npp 20260922_1500 … ✗ swath overlaps bbox but all pixels cloud/land masked (raw_valid_in_bbox=0, ql_dist=None)
  npp 20260922_1510 … ✗ swath overlaps bbox but all pixels cloud/land masked (raw_valid_in_bbox=0, ql_dist=None)
  npp 20260922_1550 … ✗ swath overlaps bbox but all pixels cloud/land masked (raw_valid_in_bbox=0, ql_dist=None)
  npp 20260922_1600 … ✗ swath overlaps bbox but all pixels cloud/land masked (raw_valid_in_bbox=0, ql_dist=None)
  npp 20260922_1610 … ✗ swath overlaps bbox but all pixels cloud/land masked (raw_valid_in_bbox=0, ql_dist=None)
  npp 20260922_1650 … ✗ swath overlaps bbox but all pixels cloud/land masked (raw_valid_in_bbox=0, ql_dist=None)
  npp 20260922_1700 … ✗ swath overlaps bbox but all pixels cloud/land masked (raw_valid_in_bbox=0, ql_dist=None)
  npp 20260922_1710 … ✗ swath overlaps bbox but all pixels cloud/land masked (raw_valid_in_bbox=0, ql_dist=None)
  npp 20260922_1750 … ✗ swath overlaps bbox but all pixels cloud/land masked (raw_valid_in_bbox=0, ql_dist=None)
  npp 20260922_1800 … ✗ swath overlaps bbox but all pixels cloud/land masked (raw_valid_in_bbox=0, ql_dist=None)
  npp 20260922_1810 ✓ (cached)
  npp 20260922_1850 … ✗ swath overlaps bbox but all pixels cloud/land masked (raw_valid_in_bbox=0, ql_dist=None)
  npp 20260922_1900 … ✗ swath overlaps bbox but all pixels cloud/land masked (raw_valid_in_bbox=0, ql_dist=None)
  npp 20260922_1910 … ✗ swath overlaps bbox but all pixels cloud/land masked (raw_valid_in_bbox=0, ql_dist=None)
  npp 20260922_1950 … ✗ swath overlaps bbox but all pixels cloud/land masked (raw_valid_in_bbox=0, ql_dist=None)
  npp 20260922_2000 … ✗ swath overlaps bbox but all pixels cloud/land masked (raw_valid_in_bbox=0, ql_dist=None)
  npp 20260922_2010 … ✗ swath overlaps bbox but all pixels cloud/land masked (raw_valid_in_bbox=0, ql_dist=None)
  npp 20260922_2050 … ✗ swath overlaps bbox but all pixels cloud/land masked (raw_valid_in_bbox=0, ql_dist=None)
  npp 20260922_2100 … ✗ swath overlaps bbox but all pixels cloud/land masked (raw_valid_in_bbox=0, ql_dist=None)
  npp 20260922_2110 … ✗ swath overlaps bbox but all pixels cloud/land masked (raw_valid_in_bbox=0, ql_dist=None)
  npp 20260922_2150 … ✗ swath overlaps bbox but all pixels cloud/land masked (raw_valid_in_bbox=0, ql_dist=None)
  npp 20260922_2200 … ✗ swath overlaps bbox but all pixels cloud/land masked (raw_valid_in_bbox=0, ql_dist=None)
  npp 20260922_2210 … ✗ swath overlaps bbox but all pixels cloud/land masked (raw_valid_in_bbox=0, ql_dist=None)
  npp 20260922_2250 … ✗ swath overlaps bbox but all pixels cloud/land masked (raw_valid_in_bbox=0, ql_dist=None)
  npp 20260922_2300 … ✗ swath overlaps bbox but all pixels cloud/land masked (raw_valid_in_bbox=0, ql_dist=None)
  npp 20260922_2310 … ✗ swath overlaps bbox but all pixels cloud/land masked (raw_valid_in_bbox=0, ql_dist=None)
  npp 20260922_2350 … ✗ swath overlaps bbox but all pixels cloud/land masked (raw_valid_in_bbox=0, ql_dist=None)
  npp 20260923_0000 … ✗ swath overlaps bbox but all pixels cloud/land masked (raw_valid_in_bbox=0, ql_dist=None)
  npp 20260923_0010 … ✗ swath overlaps bbox but all pixels cloud/land masked (raw_valid_in_bbox=0, ql_dist=None)
  npp 20260923_0050 … ✗ swath overlaps bbox but all pixels cloud/land masked (raw_valid_in_bbox=0, ql_dist=None)
  npp 20260923_0100 … ✗ swath overlaps bbox but all pixels cloud/land masked (raw_valid_in_bbox=0, ql_dist=None)
  npp 20260923_0110 … ✗ swath overlaps bbox but all pixels cloud/land masked (raw_valid_in_bbox=0, ql_dist=None)
  npp 20260923_0150 … ✗ swath overlaps bbox but all pixels cloud/land masked (raw_valid_in_bbox=0, ql_dist=None)
  npp 20260923_0200 … ✗ swath overlaps bbox but all pixels cloud/land masked (raw_valid_in_bbox=0, ql_dist=None)
  npp 20260923_0210 … ✗ swath overlaps bbox but all pixels cloud/land masked (raw_valid_in_bbox=0, ql_dist=None)
  npp 20260923_0250 … ✗ swath overlaps bbox but all pixels cloud/land masked (raw_valid_in_bbox=0, ql_dist=None)
  npp 20260923_0300 … ✗ swath overlaps bbox but all pixels cloud/land masked (raw_valid_in_bbox=0, ql_dist=None)
  npp 20260923_0310 … ✗ swath overlaps bbox but all pixels cloud/land masked (raw_valid_in_bbox=0, ql_dist=None)
  npp 20260923_0350 … ✗ swath overlaps bbox but all pixels cloud/land masked (raw_valid_in_bbox=0, ql_dist=None)
  npp 20260923_0400 … ✗ swath overlaps bbox but all pixels cloud/land masked (raw_valid_in_bbox=0, ql_dist=None)
  npp 20260923_0410 … ✗ swath overlaps bbox but all pixels cloud/land masked (raw_valid_in_bbox=0, ql_dist=None)
  npp 20260923_0450 … ✗ swath overlaps bbox but all pixels cloud/land masked (raw_valid_in_bbox=0, ql_dist=None)
  npp 20260923_0500 … ✗ swath overlaps bbox but all pixels cloud/land masked (raw_valid_in_bbox=0, ql_dist=None)
  npp 20260923_0510 … ✗ swath overlaps bbox but all pixels cloud/land masked (raw_valid_in_bbox=0, ql_dist=None)
  npp 20260923_0550 … ✗ swath overlaps bbox but all pixels cloud/land masked (raw_valid_in_bbox=0, ql_dist=None)
  npp 20260923_0600 … ✗ swath overlaps bbox but all pixels cloud/land masked (raw_valid_in_bbox=0, ql_dist=None)
  npp 20260923_0610 … ✗ swath overlaps bbox but all pixels cloud/land masked (raw_valid_in_bbox=0, ql_dist=None)
  npp 20260923_0650 … ✗ swath overlaps bbox but all pixels cloud/land masked (raw_valid_in_bbox=0, ql_dist=None)
  npp 20260923_0700 … ✗ swath overlaps bbox but all pixels cloud/land masked (raw_valid_in_bbox=0, ql_dist=None)
  npp 20260923_0710 … ✗ swath overlaps bbox but all pixels cloud/land masked (raw_valid_in_bbox=0, ql_dist=None)
  npp 20260923_0750 … ✗ swath overlaps bbox but all pixels cloud/land masked (raw_valid_in_bbox=0, ql_dist=None)
  npp 20260923_0800 … ✗ swath overlaps bbox but all pixels cloud/land masked (raw_valid_in_bbox=0, ql_dist=None)
  npp 20260923_0810 …   ⚠ VIIRS npp 20260923_0810: only 23 pts — skipping write.
✗ ok
  npp 20260923_0850 … ✗ swath overlaps bbox but all pixels cloud/land masked (raw_valid_in_bbox=0, ql_dist=None)
  npp 20260923_0900 … ✗ swath overlaps bbox but all pixels cloud/land masked (raw_valid_in_bbox=0, ql_dist=None)
  npp 20260923_0910 … ✗ swath overlaps bbox but all pixels cloud/land masked (raw_valid_in_bbox=0, ql_dist=None)
  npp 20260923_0950 … ✗ swath overlaps bbox but all pixels cloud/land masked (raw_valid_in_bbox=0, ql_dist=None)
  npp 20260923_1000 … ✗ swath overlaps bbox but all pixels cloud/land masked (raw_valid_in_bbox=0, ql_dist=None)
  npp 20260923_1010 … ✗ swath overlaps bbox but all pixels cloud/land masked (raw_valid_in_bbox=0, ql_dist=None)
  npp 20260923_1050 … ✗ swath overlaps bbox but all pixels cloud/land masked (raw_valid_in_bbox=0, ql_dist=None)
  npp 20260923_1100 … ✗ swath overlaps bbox but all pixels cloud/land masked (raw_valid_in_bbox=0, ql_dist=None)
  npp 20260923_1110 … ✗ swath overlaps bbox but all pixels cloud/land masked (raw_valid_in_bbox=0, ql_dist=None)
  npp 20260923_1150 … ✗ swath overlaps bbox but all pixels cloud/land masked (raw_valid_in_bbox=0, ql_dist=None)
  npp 20260923_1200 … ✗ swath overlaps bbox but all pixels cloud/land masked (raw_valid_in_bbox=0, ql_dist=None)
  npp 20260923_1210 … ✗ swath overlaps bbox but all pixels cloud/land masked (raw_valid_in_bbox=0, ql_dist=None)
  npp 20260923_1250 … ✗ swath overlaps bbox but all pixels cloud/land masked (raw_valid_in_bbox=0, ql_dist=None)
  npp 20260923_1300 … ✗ swath overlaps bbox but all pixels cloud/land masked (raw_valid_in_bbox=0, ql_dist=None)
  npp 20260923_1310 … ✗ swath overlaps bbox but all pixels cloud/land masked (raw_valid_in_bbox=0, ql_dist=None)
  npp 20260923_1350 … ✗ swath overlaps bbox but all pixels cloud/land masked (raw_valid_in_bbox=0, ql_dist=None)
  npp 20260923_1400 … ✗ swath overlaps bbox but all pixels cloud/land masked (raw_valid_in_bbox=0, ql_dist=None)
  npp 20260923_1410 … ✗ swath overlaps bbox but all pixels cloud/land masked (raw_valid_in_bbox=0, ql_dist=None)
  npp 20260923_1450 … ✗ swath overlaps bbox but all pixels cloud/land masked (raw_valid_in_bbox=0, ql_dist=None)
  npp 20260923_1500 … ✗ swath overlaps bbox but all pixels cloud/land masked (raw_valid_in_bbox=0, ql_dist=None)
  npp 20260923_1510 … ✗ swath overlaps bbox but all pixels cloud/land masked (raw_valid_in_bbox=0, ql_dist=None)
  npp 20260923_1550 … ✗ swath overlaps bbox but all pixels cloud/land masked (raw_valid_in_bbox=0, ql_dist=None)
  npp 20260923_1600 … ✗ swath overlaps bbox but all pixels cloud/land masked (raw_valid_in_bbox=0, ql_dist=None)
  npp 20260923_1610 … ✗ swath overlaps bbox but all pixels cloud/land masked (raw_valid_in_bbox=0, ql_dist=None)
  npp 20260923_1650 … ✗ swath overlaps bbox but all pixels cloud/land masked (raw_valid_in_bbox=0, ql_dist=None)
  npp 20260923_1700 … ✗ swath overlaps bbox but all pixels cloud/land masked (raw_valid_in_bbox=0, ql_dist=None)
  npp 20260923_1710 … ✗ swath overlaps bbox but all pixels cloud/land masked (raw_valid_in_bbox=0, ql_dist=None)
  npp 20260923_1750 …   ⚠ VIIRS npp 20260923_1750: only 3 pts — skipping write.
✗ ok
  npp 20260923_1850 … ✗ swath overlaps bbox but all pixels cloud/land masked (raw_valid_in_bbox=0, ql_dist=None)
  n20 20260921_2050 … ✗ swath overlaps bbox but all pixels cloud/land masked (raw_valid_in_bbox=0, ql_dist=None)
  n20 20260921_2100 … ✗ swath overlaps bbox but all pixels cloud/land masked (raw_valid_in_bbox=0, ql_dist=None)
  n20 20260921_2110 … ✗ swath overlaps bbox but all pixels cloud/land masked (raw_valid_in_bbox=0, ql_dist=None)
  n20 20260921_2150 … ✗ swath overlaps bbox but all pixels cloud/land masked (raw_valid_in_bbox=0, ql_dist=None)
  n20 20260921_2200 … ✗ swath overlaps bbox but all pixels cloud/land masked (raw_valid_in_bbox=0, ql_dist=None)
  n20 20260921_2210 … ✗ swath overlaps bbox but all pixels cloud/land masked (raw_valid_in_bbox=0, ql_dist=None)
  n20 20260921_2250 … ✗ swath overlaps bbox but all pixels cloud/land masked (raw_valid_in_bbox=0, ql_dist=None)
  n20 20260921_2300 … ✗ swath overlaps bbox but all pixels cloud/land masked (raw_valid_in_bbox=0, ql_dist=None)
  n20 20260921_2310 … ✗ swath overlaps bbox but all pixels cloud/land masked (raw_valid_in_bbox=0, ql_dist=None)
  n20 20260921_2350 … ✗ swath overlaps bbox but all pixels cloud/land masked (raw_valid_in_bbox=0, ql_dist=None)
  n20 20260922_0000 … ✗ swath overlaps bbox but all pixels cloud/land masked (raw_valid_in_bbox=0, ql_dist=None)
  n20 20260922_0010 … ✗ swath overlaps bbox but all pixels cloud/land masked (raw_valid_in_bbox=0, ql_dist=None)
  n20 20260922_0050 … ✗ swath overlaps bbox but all pixels cloud/land masked (raw_valid_in_bbox=0, ql_dist=None)
  n20 20260922_0100 … ✗ swath overlaps bbox but all pixels cloud/land masked (raw_valid_in_bbox=0, ql_dist=None)
  n20 20260922_0110 … ✗ swath overlaps bbox but all pixels cloud/land masked (raw_valid_in_bbox=0, ql_dist=None)
  n20 20260922_0150 … ✗ swath overlaps bbox but all pixels cloud/land masked (raw_valid_in_bbox=0, ql_dist=None)
  n20 20260922_0200 … ✗ swath overlaps bbox but all pixels cloud/land masked (raw_valid_in_bbox=0, ql_dist=None)
  n20 20260922_0210 … ✗ swath overlaps bbox but all pixels cloud/land masked (raw_valid_in_bbox=0, ql_dist=None)
  n20 20260922_0250 … ✗ swath overlaps bbox but all pixels cloud/land masked (raw_valid_in_bbox=0, ql_dist=None)
  n20 20260922_0300 … ✗ swath overlaps bbox but all pixels cloud/land masked (raw_valid_in_bbox=0, ql_dist=None)
  n20 20260922_0310 … ✗ swath overlaps bbox but all pixels cloud/land masked (raw_valid_in_bbox=0, ql_dist=None)
  n20 20260922_0350 … ✗ swath overlaps bbox but all pixels cloud/land masked (raw_valid_in_bbox=0, ql_dist=None)
  n20 20260922_0400 … ✗ swath overlaps bbox but all pixels cloud/land masked (raw_valid_in_bbox=0, ql_dist=None)
  n20 20260922_0410 … ✗ swath overlaps bbox but all pixels cloud/land masked (raw_valid_in_bbox=0, ql_dist=None)
  n20 20260922_0450 … ✗ swath overlaps bbox but all pixels cloud/land masked (raw_valid_in_bbox=0, ql_dist=None)
  n20 20260922_0500 … ✗ swath overlaps bbox but all pixels cloud/land masked (raw_valid_in_bbox=0, ql_dist=None)
  n20 20260922_0510 … ✗ swath overlaps bbox but all pixels cloud/land masked (raw_valid_in_bbox=0, ql_dist=None)
  n20 20260922_0550 … ✗ swath overlaps bbox but all pixels cloud/land masked (raw_valid_in_bbox=0, ql_dist=None)
  n20 20260922_0600 … ✗ swath overlaps bbox but all pixels cloud/land masked (raw_valid_in_bbox=0, ql_dist=None)
  n20 20260922_0610 … ✗ swath overlaps bbox but all pixels cloud/land masked (raw_valid_in_bbox=0, ql_dist=None)
  n20 20260922_0650 … ✗ swath overlaps bbox but all pixels cloud/land masked (raw_valid_in_bbox=0, ql_dist=None)
  n20 20260922_0700 … ✗ swath overlaps bbox but all pixels cloud/land masked (raw_valid_in_bbox=0, ql_dist=None)
  n20 20260922_0710 ✓ (cached)
  n20 20260922_0750 … ✗ swath overlaps bbox but all pixels cloud/land masked (raw_valid_in_bbox=0, ql_dist=None)
  n20 20260922_0800 … ✗ swath overlaps bbox but all pixels cloud/land masked (raw_valid_in_bbox=0, ql_dist=None)
  n20 20260922_0810 … ✗ swath overlaps bbox but all pixels cloud/land masked (raw_valid_in_bbox=0, ql_dist=None)
  n20 20260922_0850 … ✗ swath overlaps bbox but all pixels cloud/land masked (raw_valid_in_bbox=0, ql_dist=None)
  n20 20260922_0900 … ✗ swath overlaps bbox but all pixels cloud/land masked (raw_valid_in_bbox=0, ql_dist=None)
  n20 20260922_0910 … ✗ swath overlaps bbox but all pixels cloud/land masked (raw_valid_in_bbox=0, ql_dist=None)
  n20 20260922_0950 … ✗ swath overlaps bbox but all pixels cloud/land masked (raw_valid_in_bbox=0, ql_dist=None)
  n20 20260922_1000 … ✗ swath overlaps bbox but all pixels cloud/land masked (raw_valid_in_bbox=0, ql_dist=None)
  n20 20260922_1010 … ✗ swath overlaps bbox but all pixels cloud/land masked (raw_valid_in_bbox=0, ql_dist=None)
  n20 20260922_1050 … ✗ swath overlaps bbox but all pixels cloud/land masked (raw_valid_in_bbox=0, ql_dist=None)
  n20 20260922_1100 … ✗ swath overlaps bbox but all pixels cloud/land masked (raw_valid_in_bbox=0, ql_dist=None)
  n20 20260922_1110 … ✗ swath overlaps bbox but all pixels cloud/land masked (raw_valid_in_bbox=0, ql_dist=None)
  n20 20260922_1150 … ✗ swath overlaps bbox but all pixels cloud/land masked (raw_valid_in_bbox=0, ql_dist=None)
  n20 20260922_1200 … ✗ swath overlaps bbox but all pixels cloud/land masked (raw_valid_in_bbox=0, ql_dist=None)
  n20 20260922_1210 … ✗ swath overlaps bbox but all pixels cloud/land masked (raw_valid_in_bbox=0, ql_dist=None)
  n20 20260922_1250 … ✗ swath overlaps bbox but all pixels cloud/land masked (raw_valid_in_bbox=0, ql_dist=None)
  n20 20260922_1300 … ✗ swath overlaps bbox but all pixels cloud/land masked (raw_valid_in_bbox=0, ql_dist=None)
  n20 20260922_1310 … ✗ swath overlaps bbox but all pixels cloud/land masked (raw_valid_in_bbox=0, ql_dist=None)
  n20 20260922_1350 … ✗ swath overlaps bbox but all pixels cloud/land masked (raw_valid_in_bbox=0, ql_dist=None)
  n20 20260922_1400 … ✗ swath overlaps bbox but all pixels cloud/land masked (raw_valid_in_bbox=0, ql_dist=None)
  n20 20260922_1410 … ✗ swath overlaps bbox but all pixels cloud/land masked (raw_valid_in_bbox=0, ql_dist=None)
  n20 20260922_1450 … ✗ swath overlaps bbox but all pixels cloud/land masked (raw_valid_in_bbox=0, ql_dist=None)
  n20 20260922_1500 … ✗ swath overlaps bbox but all pixels cloud/land masked (raw_valid_in_bbox=0, ql_dist=None)
  n20 20260922_1510 … ✗ swath overlaps bbox but all pixels cloud/land masked (raw_valid_in_bbox=0, ql_dist=None)
  n20 20260922_1550 … ✗ swath overlaps bbox but all pixels cloud/land masked (raw_valid_in_bbox=0, ql_dist=None)
  n20 20260922_1600 … ✗ swath overlaps bbox but all pixels cloud/land masked (raw_valid_in_bbox=0, ql_dist=None)
  n20 20260922_1610 … ✗ swath overlaps bbox but all pixels cloud/land masked (raw_valid_in_bbox=0, ql_dist=None)
  n20 20260922_1650 … ✗ swath overlaps bbox but all pixels cloud/land masked (raw_valid_in_bbox=0, ql_dist=None)
  n20 20260922_1700 … ✗ swath overlaps bbox but all pixels cloud/land masked (raw_valid_in_bbox=0, ql_dist=None)
  n20 20260922_1710 … ✗ swath overlaps bbox but all pixels cloud/land masked (raw_valid_in_bbox=0, ql_dist=None)
  n20 20260922_1750 … ✗ swath overlaps bbox but all pixels cloud/land masked (raw_valid_in_bbox=0, ql_dist=None)
  n20 20260922_1800 … ✗ swath overlaps bbox but all pixels cloud/land masked (raw_valid_in_bbox=0, ql_dist=None)
  n20 20260922_1810 … ✗ swath overlaps bbox but all pixels cloud/land masked (raw_valid_in_bbox=0, ql_dist=None)
  n20 20260922_1850 … ✗ swath overlaps bbox but all pixels cloud/land masked (raw_valid_in_bbox=0, ql_dist=None)
  n20 20260922_1900 … ✗ swath overlaps bbox but all pixels cloud/land masked (raw_valid_in_bbox=0, ql_dist=None)
  n20 20260922_1910 … ✗ swath overlaps bbox but all pixels cloud/land masked (raw_valid_in_bbox=0, ql_dist=None)
  n20 20260922_1950 … ✗ swath overlaps bbox but all pixels cloud/land masked (raw_valid_in_bbox=0, ql_dist=None)
  n20 20260922_2000 … ✗ swath overlaps bbox but all pixels cloud/land masked (raw_valid_in_bbox=0, ql_dist=None)
  n20 20260922_2010 … ✗ swath overlaps bbox but all pixels cloud/land masked (raw_valid_in_bbox=0, ql_dist=None)
  n20 20260922_2050 … ✗ swath overlaps bbox but all pixels cloud/land masked (raw_valid_in_bbox=0, ql_dist=None)
  n20 20260922_2100 … ✗ swath overlaps bbox but all pixels cloud/land masked (raw_valid_in_bbox=0, ql_dist=None)
  n20 20260922_2110 … ✗ swath overlaps bbox but all pixels cloud/land masked (raw_valid_in_bbox=0, ql_dist=None)
  n20 20260922_2150 … ✗ swath overlaps bbox but all pixels cloud/land masked (raw_valid_in_bbox=0, ql_dist=None)
  n20 20260922_2200 … ✗ swath overlaps bbox but all pixels cloud/land masked (raw_valid_in_bbox=0, ql_dist=None)
  n20 20260922_2210 … ✗ swath overlaps bbox but all pixels cloud/land masked (raw_valid_in_bbox=0, ql_dist=None)
  n20 20260922_2250 … ✗ swath overlaps bbox but all pixels cloud/land masked (raw_valid_in_bbox=0, ql_dist=None)
  n20 20260922_2300 … ✗ swath overlaps bbox but all pixels cloud/land masked (raw_valid_in_bbox=0, ql_dist=None)
  n20 20260922_2310 … ✗ swath overlaps bbox but all pixels cloud/land masked (raw_valid_in_bbox=0, ql_dist=None)
  n20 20260922_2350 … ✗ swath overlaps bbox but all pixels cloud/land masked (raw_valid_in_bbox=0, ql_dist=None)
  n20 20260923_0000 … ✗ swath overlaps bbox but all pixels cloud/land masked (raw_valid_in_bbox=0, ql_dist=None)
  n20 20260923_0010 … ✗ swath overlaps bbox but all pixels cloud/land masked (raw_valid_in_bbox=0, ql_dist=None)
  n20 20260923_0050 … ✗ swath overlaps bbox but all pixels cloud/land masked (raw_valid_in_bbox=0, ql_dist=None)
  n20 20260923_0100 … ✗ swath overlaps bbox but all pixels cloud/land masked (raw_valid_in_bbox=0, ql_dist=None)
  n20 20260923_0110 … ✗ swath overlaps bbox but all pixels cloud/land masked (raw_valid_in_bbox=0, ql_dist=None)
  n20 20260923_0150 … ✗ swath overlaps bbox but all pixels cloud/land masked (raw_valid_in_bbox=0, ql_dist=None)
  n20 20260923_0200 … ✗ swath overlaps bbox but all pixels cloud/land masked (raw_valid_in_bbox=0, ql_dist=None)
  n20 20260923_0210 … ✗ swath overlaps bbox but all pixels cloud/land masked (raw_valid_in_bbox=0, ql_dist=None)
  n20 20260923_0250 … ✗ swath overlaps bbox but all pixels cloud/land masked (raw_valid_in_bbox=0, ql_dist=None)
  n20 20260923_0300 … ✗ swath overlaps bbox but all pixels cloud/land masked (raw_valid_in_bbox=0, ql_dist=None)
  n20 20260923_0310 … ✗ swath overlaps bbox but all pixels cloud/land masked (raw_valid_in_bbox=0, ql_dist=None)
  n20 20260923_0350 … ✗ swath overlaps bbox but all pixels cloud/land masked (raw_valid_in_bbox=0, ql_dist=None)
  n20 20260923_0400 … ✗ swath overlaps bbox but all pixels cloud/land masked (raw_valid_in_bbox=0, ql_dist=None)
  n20 20260923_0410 … ✗ swath overlaps bbox but all pixels cloud/land masked (raw_valid_in_bbox=0, ql_dist=None)
  n20 20260923_0450 … ✗ swath overlaps bbox but all pixels cloud/land masked (raw_valid_in_bbox=0, ql_dist=None)
  n20 20260923_0500 … ✗ swath overlaps bbox but all pixels cloud/land masked (raw_valid_in_bbox=0, ql_dist=None)
  n20 20260923_0510 … ✗ swath overlaps bbox but all pixels cloud/land masked (raw_valid_in_bbox=0, ql_dist=None)
  n20 20260923_0550 … ✗ swath overlaps bbox but all pixels cloud/land masked (raw_valid_in_bbox=0, ql_dist=None)
  n20 20260923_0600 … ✗ swath overlaps bbox but all pixels cloud/land masked (raw_valid_in_bbox=0, ql_dist=None)
  n20 20260923_0610 … ✗ swath overlaps bbox but all pixels cloud/land masked (raw_valid_in_bbox=0, ql_dist=None)
  n20 20260923_0650 ✓ (cached)
  n20 20260923_0700 … ✗ swath overlaps bbox but all pixels cloud/land masked (raw_valid_in_bbox=0, ql_dist=None)
  n20 20260923_0710 … ✗ swath overlaps bbox but all pixels cloud/land masked (raw_valid_in_bbox=0, ql_dist=None)
  n20 20260923_0750 … ✗ swath overlaps bbox but all pixels cloud/land masked (raw_valid_in_bbox=0, ql_dist=None)
  n20 20260923_0800 … ✗ swath overlaps bbox but all pixels cloud/land masked (raw_valid_in_bbox=0, ql_dist=None)
  n20 20260923_0810 … ✗ swath overlaps bbox but all pixels cloud/land masked (raw_valid_in_bbox=0, ql_dist=None)
  n20 20260923_0850 … ✗ swath overlaps bbox but all pixels cloud/land masked (raw_valid_in_bbox=0, ql_dist=None)
  n20 20260923_0900 … ✗ swath overlaps bbox but all pixels cloud/land masked (raw_valid_in_bbox=0, ql_dist=None)
  n20 20260923_0910 … ✗ swath overlaps bbox but all pixels cloud/land masked (raw_valid_in_bbox=0, ql_dist=None)
  n20 20260923_0950 … ✗ swath overlaps bbox but all pixels cloud/land masked (raw_valid_in_bbox=0, ql_dist=None)
  n20 20260923_1000 … ✗ swath overlaps bbox but all pixels cloud/land masked (raw_valid_in_bbox=0, ql_dist=None)
  n20 20260923_1010 … ✗ swath overlaps bbox but all pixels cloud/land masked (raw_valid_in_bbox=0, ql_dist=None)
  n20 20260923_1050 … ✗ swath overlaps bbox but all pixels cloud/land masked (raw_valid_in_bbox=0, ql_dist=None)
  n20 20260923_1100 … ✗ swath overlaps bbox but all pixels cloud/land masked (raw_valid_in_bbox=0, ql_dist=None)
  n20 20260923_1110 … ✗ swath overlaps bbox but all pixels cloud/land masked (raw_valid_in_bbox=0, ql_dist=None)
  n20 20260923_1150 … ✗ swath overlaps bbox but all pixels cloud/land masked (raw_valid_in_bbox=0, ql_dist=None)
  n20 20260923_1200 … ✗ swath overlaps bbox but all pixels cloud/land masked (raw_valid_in_bbox=0, ql_dist=None)
  n20 20260923_1210 … ✗ swath overlaps bbox but all pixels cloud/land masked (raw_valid_in_bbox=0, ql_dist=None)
  n20 20260923_1250 … ✗ swath overlaps bbox but all pixels cloud/land masked (raw_valid_in_bbox=0, ql_dist=None)
  n20 20260923_1300 … ✗ swath overlaps bbox but all pixels cloud/land masked (raw_valid_in_bbox=0, ql_dist=None)
  n20 20260923_1310 … ✗ swath overlaps bbox but all pixels cloud/land masked (raw_valid_in_bbox=0, ql_dist=None)
  n20 20260923_1350 … ✗ swath overlaps bbox but all pixels cloud/land masked (raw_valid_in_bbox=0, ql_dist=None)
  n20 20260923_1400 … ✗ swath overlaps bbox but all pixels cloud/land masked (raw_valid_in_bbox=0, ql_dist=None)
  n20 20260923_1410 … ✗ swath overlaps bbox but all pixels cloud/land masked (raw_valid_in_bbox=0, ql_dist=None)
  n20 20260923_1450 … ✗ swath overlaps bbox but all pixels cloud/land masked (raw_valid_in_bbox=0, ql_dist=None)
  n20 20260923_1500 … ✗ swath overlaps bbox but all pixels cloud/land masked (raw_valid_in_bbox=0, ql_dist=None)
  n20 20260923_1510 … ✗ swath overlaps bbox but all pixels cloud/land masked (raw_valid_in_bbox=0, ql_dist=None)
  n20 20260923_1550 … ✗ swath overlaps bbox but all pixels cloud/land masked (raw_valid_in_bbox=0, ql_dist=None)
  n20 20260923_1600 … ✗ swath overlaps bbox but all pixels cloud/land masked (raw_valid_in_bbox=0, ql_dist=None)
  n20 20260923_1610 … ✗ swath overlaps bbox but all pixels cloud/land masked (raw_valid_in_bbox=0, ql_dist=None)
  n20 20260923_1650 … ✗ swath overlaps bbox but all pixels cloud/land masked (raw_valid_in_bbox=0, ql_dist=None)
  n20 20260923_1700 … ✗ swath overlaps bbox but all pixels cloud/land masked (raw_valid_in_bbox=0, ql_dist=None)
  n20 20260923_1710 … ✗ swath overlaps bbox but all pixels cloud/land masked (raw_valid_in_bbox=0, ql_dist=None)
  n20 20260923_1750 … ✗ swath overlaps bbox but all pixels cloud/land masked (raw_valid_in_bbox=0, ql_dist=None)
  n20 20260923_1800 … ✗ swath overlaps bbox but all pixels cloud/land masked (raw_valid_in_bbox=0, ql_dist=None)
  n20 20260923_1810 …   ⚠ VIIRS n20 20260923_1810: only 23 pts — skipping write.
✗ ok
  n20 20260923_1850 … ✗ swath overlaps bbox but all pixels cloud/land masked (raw_valid_in_bbox=0, ql_dist=None)
  n20 20260923_1900 … ✗ swath overlaps bbox but all pixels cloud/land masked (raw_valid_in_bbox=0, ql_dist=None)
  n21 20260921_2050 … ✗ swath overlaps bbox but all pixels cloud/land masked (raw_valid_in_bbox=0, ql_dist=None)
  n21 20260921_2100 … ✗ swath overlaps bbox but all pixels cloud/land masked (raw_valid_in_bbox=0, ql_dist=None)
  n21 20260921_2110 … ✗ swath overlaps bbox but all pixels cloud/land masked (raw_valid_in_bbox=0, ql_dist=None)
  n21 20260921_2150 … ✗ swath overlaps bbox but all pixels cloud/land masked (raw_valid_in_bbox=0, ql_dist=None)
  n21 20260921_2200 … ✗ swath overlaps bbox but all pixels cloud/land masked (raw_valid_in_bbox=0, ql_dist=None)
  n21 20260921_2210 … ✗ swath overlaps bbox but all pixels cloud/land masked (raw_valid_in_bbox=0, ql_dist=None)
  n21 20260921_2250 … ✗ swath overlaps bbox but all pixels cloud/land masked (raw_valid_in_bbox=0, ql_dist=None)
  n21 20260921_2300 … ✗ swath overlaps bbox but all pixels cloud/land masked (raw_valid_in_bbox=0, ql_dist=None)
  n21 20260921_2310 … ✗ swath overlaps bbox but all pixels cloud/land masked (raw_valid_in_bbox=0, ql_dist=None)
  n21 20260921_2350 … ✗ swath overlaps bbox but all pixels cloud/land masked (raw_valid_in_bbox=0, ql_dist=None)
  n21 20260922_0000 … ✗ swath overlaps bbox but all pixels cloud/land masked (raw_valid_in_bbox=0, ql_dist=None)
  n21 20260922_0010 … ✗ swath overlaps bbox but all pixels cloud/land masked (raw_valid_in_bbox=0, ql_dist=None)
  n21 20260922_0050 … ✗ swath overlaps bbox but all pixels cloud/land masked (raw_valid_in_bbox=0, ql_dist=None)
  n21 20260922_0100 … ✗ swath overlaps bbox but all pixels cloud/land masked (raw_valid_in_bbox=0, ql_dist=None)
  n21 20260922_0110 … ✗ swath overlaps bbox but all pixels cloud/land masked (raw_valid_in_bbox=0, ql_dist=None)
  n21 20260922_0150 … ✗ swath overlaps bbox but all pixels cloud/land masked (raw_valid_in_bbox=0, ql_dist=None)
  n21 20260922_0200 … ✗ swath overlaps bbox but all pixels cloud/land masked (raw_valid_in_bbox=0, ql_dist=None)
  n21 20260922_0210 … ✗ swath overlaps bbox but all pixels cloud/land masked (raw_valid_in_bbox=0, ql_dist=None)
  n21 20260922_0250 … ✗ swath overlaps bbox but all pixels cloud/land masked (raw_valid_in_bbox=0, ql_dist=None)
  n21 20260922_0300 … ✗ swath overlaps bbox but all pixels cloud/land masked (raw_valid_in_bbox=0, ql_dist=None)
  n21 20260922_0310 … ✗ swath overlaps bbox but all pixels cloud/land masked (raw_valid_in_bbox=0, ql_dist=None)
  n21 20260922_0350 … ✗ swath overlaps bbox but all pixels cloud/land masked (raw_valid_in_bbox=0, ql_dist=None)
  n21 20260922_0400 … ✗ swath overlaps bbox but all pixels cloud/land masked (raw_valid_in_bbox=0, ql_dist=None)
  n21 20260922_0410 … ✗ swath overlaps bbox but all pixels cloud/land masked (raw_valid_in_bbox=0, ql_dist=None)
  n21 20260922_0450 … ✗ swath overlaps bbox but all pixels cloud/land masked (raw_valid_in_bbox=0, ql_dist=None)
  n21 20260922_0500 … ✗ swath overlaps bbox but all pixels cloud/land masked (raw_valid_in_bbox=0, ql_dist=None)
  n21 20260922_0510 … ✗ swath overlaps bbox but all pixels cloud/land masked (raw_valid_in_bbox=0, ql_dist=None)
  n21 20260922_0550 … ✗ swath overlaps bbox but all pixels cloud/land masked (raw_valid_in_bbox=0, ql_dist=None)
  n21 20260922_0600 … ✗ swath overlaps bbox but all pixels cloud/land masked (raw_valid_in_bbox=0, ql_dist=None)
  n21 20260922_0610 ✓ (cached)
  n21 20260922_0650 … ✗ swath overlaps bbox but all pixels cloud/land masked (raw_valid_in_bbox=0, ql_dist=None)
  n21 20260922_0700 … ✗ swath overlaps bbox but all pixels cloud/land masked (raw_valid_in_bbox=0, ql_dist=None)
  n21 20260922_0710 … ✗ swath overlaps bbox but all pixels cloud/land masked (raw_valid_in_bbox=0, ql_dist=None)
  n21 20260922_0750 ✓ (cached)
  n21 20260922_0800 … ✗ swath overlaps bbox but all pixels cloud/land masked (raw_valid_in_bbox=0, ql_dist=None)
  n21 20260922_0810 … ✗ swath overlaps bbox but all pixels cloud/land masked (raw_valid_in_bbox=0, ql_dist=None)
  n21 20260922_0850 … ✗ swath overlaps bbox but all pixels cloud/land masked (raw_valid_in_bbox=0, ql_dist=None)
  n21 20260922_0900 … ✗ swath overlaps bbox but all pixels cloud/land masked (raw_valid_in_bbox=0, ql_dist=None)
  n21 20260922_0910 … ✗ swath overlaps bbox but all pixels cloud/land masked (raw_valid_in_bbox=0, ql_dist=None)
  n21 20260922_0950 … ✗ swath overlaps bbox but all pixels cloud/land masked (raw_valid_in_bbox=0, ql_dist=None)
  n21 20260922_1000 … ✗ swath overlaps bbox but all pixels cloud/land masked (raw_valid_in_bbox=0, ql_dist=None)
  n21 20260922_1010 … ✗ swath overlaps bbox but all pixels cloud/land masked (raw_valid_in_bbox=0, ql_dist=None)
  n21 20260922_1050 … ✗ swath overlaps bbox but all pixels cloud/land masked (raw_valid_in_bbox=0, ql_dist=None)
  n21 20260922_1100 … ✗ swath overlaps bbox but all pixels cloud/land masked (raw_valid_in_bbox=0, ql_dist=None)
  n21 20260922_1110 … ✗ swath overlaps bbox but all pixels cloud/land masked (raw_valid_in_bbox=0, ql_dist=None)
  n21 20260922_1150 … ✗ swath overlaps bbox but all pixels cloud/land masked (raw_valid_in_bbox=0, ql_dist=None)
  n21 20260922_1200 … ✗ swath overlaps bbox but all pixels cloud/land masked (raw_valid_in_bbox=0, ql_dist=None)
  n21 20260922_1210 … ✗ swath overlaps bbox but all pixels cloud/land masked (raw_valid_in_bbox=0, ql_dist=None)
  n21 20260922_1250 … ✗ swath overlaps bbox but all pixels cloud/land masked (raw_valid_in_bbox=0, ql_dist=None)
  n21 20260922_1300 … ✗ swath overlaps bbox but all pixels cloud/land masked (raw_valid_in_bbox=0, ql_dist=None)
  n21 20260922_1310 … ✗ swath overlaps bbox but all pixels cloud/land masked (raw_valid_in_bbox=0, ql_dist=None)
  n21 20260922_1350 … ✗ swath overlaps bbox but all pixels cloud/land masked (raw_valid_in_bbox=0, ql_dist=None)
  n21 20260922_1400 … ✗ swath overlaps bbox but all pixels cloud/land masked (raw_valid_in_bbox=0, ql_dist=None)
  n21 20260922_1410 … ✗ swath overlaps bbox but all pixels cloud/land masked (raw_valid_in_bbox=0, ql_dist=None)
  n21 20260922_1450 … ✗ swath overlaps bbox but all pixels cloud/land masked (raw_valid_in_bbox=0, ql_dist=None)
  n21 20260922_1500 … ✗ swath overlaps bbox but all pixels cloud/land masked (raw_valid_in_bbox=0, ql_dist=None)
  n21 20260922_1510 … ✗ swath overlaps bbox but all pixels cloud/land masked (raw_valid_in_bbox=0, ql_dist=None)
  n21 20260922_1550 … ✗ swath overlaps bbox but all pixels cloud/land masked (raw_valid_in_bbox=0, ql_dist=None)
  n21 20260922_1600 … ✗ swath overlaps bbox but all pixels cloud/land masked (raw_valid_in_bbox=0, ql_dist=None)
  n21 20260922_1610 … ✗ swath overlaps bbox but all pixels cloud/land masked (raw_valid_in_bbox=0, ql_dist=None)
  n21 20260922_1650 … ✗ swath overlaps bbox but all pixels cloud/land masked (raw_valid_in_bbox=0, ql_dist=None)
  n21 20260922_1700 … ✗ swath overlaps bbox but all pixels cloud/land masked (raw_valid_in_bbox=0, ql_dist=None)
  n21 20260922_1710 … ✗ swath overlaps bbox but all pixels cloud/land masked (raw_valid_in_bbox=0, ql_dist=None)
  n21 20260922_1750 … ✗ swath overlaps bbox but all pixels cloud/land masked (raw_valid_in_bbox=0, ql_dist=None)
  n21 20260922_1800 … ✗ swath overlaps bbox but all pixels cloud/land masked (raw_valid_in_bbox=0, ql_dist=None)
  n21 20260922_1810 … ✗ swath overlaps bbox but all pixels cloud/land masked (raw_valid_in_bbox=0, ql_dist=None)
  n21 20260922_1850 … ✗ swath overlaps bbox but all pixels cloud/land masked (raw_valid_in_bbox=0, ql_dist=None)
  n21 20260922_1900 … ✗ swath overlaps bbox but all pixels cloud/land masked (raw_valid_in_bbox=0, ql_dist=None)
  n21 20260922_1910 … ✗ swath overlaps bbox but all pixels cloud/land masked (raw_valid_in_bbox=0, ql_dist=None)
  n21 20260922_1950 … ✗ swath overlaps bbox but all pixels cloud/land masked (raw_valid_in_bbox=0, ql_dist=None)
  n21 20260922_2000 … ✗ swath overlaps bbox but all pixels cloud/land masked (raw_valid_in_bbox=0, ql_dist=None)
  n21 20260922_2010 … ✗ swath overlaps bbox but all pixels cloud/land masked (raw_valid_in_bbox=0, ql_dist=None)
  n21 20260922_2050 … ✗ swath overlaps bbox but all pixels cloud/land masked (raw_valid_in_bbox=0, ql_dist=None)
  n21 20260922_2100 … ✗ swath overlaps bbox but all pixels cloud/land masked (raw_valid_in_bbox=0, ql_dist=None)
  n21 20260922_2110 … ✗ swath overlaps bbox but all pixels cloud/land masked (raw_valid_in_bbox=0, ql_dist=None)
  n21 20260922_2150 … ✗ swath overlaps bbox but all pixels cloud/land masked (raw_valid_in_bbox=0, ql_dist=None)
  n21 20260922_2200 … ✗ swath overlaps bbox but all pixels cloud/land masked (raw_valid_in_bbox=0, ql_dist=None)
  n21 20260922_2210 … ✗ swath overlaps bbox but all pixels cloud/land masked (raw_valid_in_bbox=0, ql_dist=None)
  n21 20260922_2250 … ✗ swath overlaps bbox but all pixels cloud/land masked (raw_valid_in_bbox=0, ql_dist=None)
  n21 20260922_2300 … ✗ swath overlaps bbox but all pixels cloud/land masked (raw_valid_in_bbox=0, ql_dist=None)
  n21 20260922_2310 … ✗ swath overlaps bbox but all pixels cloud/land masked (raw_valid_in_bbox=0, ql_dist=None)
  n21 20260922_2350 … ✗ swath overlaps bbox but all pixels cloud/land masked (raw_valid_in_bbox=0, ql_dist=None)
  n21 20260923_0000 … ✗ swath overlaps bbox but all pixels cloud/land masked (raw_valid_in_bbox=0, ql_dist=None)
  n21 20260923_0010 … ✗ swath overlaps bbox but all pixels cloud/land masked (raw_valid_in_bbox=0, ql_dist=None)
  n21 20260923_0050 … ✗ swath overlaps bbox but all pixels cloud/land masked (raw_valid_in_bbox=0, ql_dist=None)
  n21 20260923_0100 … ✗ swath overlaps bbox but all pixels cloud/land masked (raw_valid_in_bbox=0, ql_dist=None)
  n21 20260923_0110 … ✗ swath overlaps bbox but all pixels cloud/land masked (raw_valid_in_bbox=0, ql_dist=None)
  n21 20260923_0150 … ✗ swath overlaps bbox but all pixels cloud/land masked (raw_valid_in_bbox=0, ql_dist=None)
  n21 20260923_0200 … ✗ swath overlaps bbox but all pixels cloud/land masked (raw_valid_in_bbox=0, ql_dist=None)
  n21 20260923_0210 … ✗ swath overlaps bbox but all pixels cloud/land masked (raw_valid_in_bbox=0, ql_dist=None)
  n21 20260923_0250 … ✗ swath overlaps bbox but all pixels cloud/land masked (raw_valid_in_bbox=0, ql_dist=None)
  n21 20260923_0300 … ✗ swath overlaps bbox but all pixels cloud/land masked (raw_valid_in_bbox=0, ql_dist=None)
  n21 20260923_0310 … ✗ swath overlaps bbox but all pixels cloud/land masked (raw_valid_in_bbox=0, ql_dist=None)
  n21 20260923_0350 … ✗ swath overlaps bbox but all pixels cloud/land masked (raw_valid_in_bbox=0, ql_dist=None)
  n21 20260923_0400 … ✗ swath overlaps bbox but all pixels cloud/land masked (raw_valid_in_bbox=0, ql_dist=None)
  n21 20260923_0410 … ✗ swath overlaps bbox but all pixels cloud/land masked (raw_valid_in_bbox=0, ql_dist=None)
  n21 20260923_0450 … ✗ swath overlaps bbox but all pixels cloud/land masked (raw_valid_in_bbox=0, ql_dist=None)
  n21 20260923_0500 … ✗ swath overlaps bbox but all pixels cloud/land masked (raw_valid_in_bbox=0, ql_dist=None)
  n21 20260923_0510 … ✗ swath overlaps bbox but all pixels cloud/land masked (raw_valid_in_bbox=0, ql_dist=None)
  n21 20260923_0550 ✓ (cached)
  n21 20260923_0600 … ✗ swath overlaps bbox but all pixels cloud/land masked (raw_valid_in_bbox=0, ql_dist=None)
  n21 20260923_0610 … ✗ swath overlaps bbox but all pixels cloud/land masked (raw_valid_in_bbox=0, ql_dist=None)
  n21 20260923_0650 … ✗ swath overlaps bbox but all pixels cloud/land masked (raw_valid_in_bbox=0, ql_dist=None)
  n21 20260923_0700 … ✗ swath overlaps bbox but all pixels cloud/land masked (raw_valid_in_bbox=0, ql_dist=None)
  n21 20260923_0710 … ✗ swath overlaps bbox but all pixels cloud/land masked (raw_valid_in_bbox=0, ql_dist=None)
  n21 20260923_0750 … ✗ swath overlaps bbox but all pixels cloud/land masked (raw_valid_in_bbox=0, ql_dist=None)
  n21 20260923_0800 … ✗ swath overlaps bbox but all pixels cloud/land masked (raw_valid_in_bbox=0, ql_dist=None)
  n21 20260923_0810 … ✗ swath overlaps bbox but all pixels cloud/land masked (raw_valid_in_bbox=0, ql_dist=None)
  n21 20260923_0850 … ✗ swath overlaps bbox but all pixels cloud/land masked (raw_valid_in_bbox=0, ql_dist=None)
  n21 20260923_0900 … ✗ swath overlaps bbox but all pixels cloud/land masked (raw_valid_in_bbox=0, ql_dist=None)
  n21 20260923_0910 … ✗ swath overlaps bbox but all pixels cloud/land masked (raw_valid_in_bbox=0, ql_dist=None)
  n21 20260923_0950 … ✗ swath overlaps bbox but all pixels cloud/land masked (raw_valid_in_bbox=0, ql_dist=None)
  n21 20260923_1000 … ✗ swath overlaps bbox but all pixels cloud/land masked (raw_valid_in_bbox=0, ql_dist=None)
  n21 20260923_1010 … ✗ swath overlaps bbox but all pixels cloud/land masked (raw_valid_in_bbox=0, ql_dist=None)
  n21 20260923_1050 … ✗ swath overlaps bbox but all pixels cloud/land masked (raw_valid_in_bbox=0, ql_dist=None)
  n21 20260923_1100 … ✗ swath overlaps bbox but all pixels cloud/land masked (raw_valid_in_bbox=0, ql_dist=None)
  n21 20260923_1110 … ✗ swath overlaps bbox but all pixels cloud/land masked (raw_valid_in_bbox=0, ql_dist=None)
  n21 20260923_1150 … ✗ swath overlaps bbox but all pixels cloud/land masked (raw_valid_in_bbox=0, ql_dist=None)
  n21 20260923_1200 … ✗ swath overlaps bbox but all pixels cloud/land masked (raw_valid_in_bbox=0, ql_dist=None)
  n21 20260923_1210 … ✗ swath overlaps bbox but all pixels cloud/land masked (raw_valid_in_bbox=0, ql_dist=None)
  n21 20260923_1250 … ✗ swath overlaps bbox but all pixels cloud/land masked (raw_valid_in_bbox=0, ql_dist=None)
  n21 20260923_1300 … ✗ swath overlaps bbox but all pixels cloud/land masked (raw_valid_in_bbox=0, ql_dist=None)
  n21 20260923_1310 … ✗ swath overlaps bbox but all pixels cloud/land masked (raw_valid_in_bbox=0, ql_dist=None)
  n21 20260923_1350 … ✗ swath overlaps bbox but all pixels cloud/land masked (raw_valid_in_bbox=0, ql_dist=None)
  n21 20260923_1400 … ✗ swath overlaps bbox but all pixels cloud/land masked (raw_valid_in_bbox=0, ql_dist=None)
  n21 20260923_1410 … ✗ swath overlaps bbox but all pixels cloud/land masked (raw_valid_in_bbox=0, ql_dist=None)
  n21 20260923_1450 … ✗ swath overlaps bbox but all pixels cloud/land masked (raw_valid_in_bbox=0, ql_dist=None)
  n21 20260923_1650 … ✗ swath overlaps bbox but all pixels cloud/land masked (raw_valid_in_bbox=0, ql_dist=None)
  n21 20260923_1700 … ✗ swath overlaps bbox but all pixels cloud/land masked (raw_valid_in_bbox=0, ql_dist=None)
  n21 20260923_1710 … ✗ swath overlaps bbox but all pixels cloud/land masked (raw_valid_in_bbox=0, ql_dist=None)
  n21 20260923_1750 … ✗ swath overlaps bbox but all pixels cloud/land masked (raw_valid_in_bbox=0, ql_dist=None)
  n21 20260923_1800 … ✗ swath overlaps bbox but all pixels cloud/land masked (raw_valid_in_bbox=0, ql_dist=None)
  n21 20260923_1810 … ✗ swath overlaps bbox but all pixels cloud/land masked (raw_valid_in_bbox=0, ql_dist=None)
  n21 20260923_1850 … ✗ swath overlaps bbox but all pixels cloud/land masked (raw_valid_in_bbox=0, ql_dist=None)
  n21 20260923_1900 … ✗ swath overlaps bbox but all pixels cloud/land masked (raw_valid_in_bbox=0, ql_dist=None)

  VIIRS summary: 0 written, 7 cached, 402 miss/cloud, 776 outside windows.

=========================================================
✓ Pipeline complete
=========================================================
No data changes to commit for mid_atlantic
========================================
RUNNING REGION: ga_sc
========================================
=========================================================
SST PIPELINE
  UTC    : 2026-09-23 20:23:10
  Region : ga_sc
  Bbox   : 29.8–35.2°N  -82.0–-75.2°E
  Output : DailySSTData/MUR/ga_sc  (and siblings)
=========================================================

── MUR daily composite (last 5 days) ──
  ✓ MUR 20260922 (cached)
  ✓ MUR 20260921 (cached)
  ✓ MUR 20260920 (cached)
  ✓ MUR 20260919 (cached)
  ✓ MUR 20260918 (cached)

── GOES-19 geo-polar blended daily composite ──
  Candidates: 4 (2 hosts × 2 dataset IDs)
  GOES 20260923 [noaa/noaacwBLENDEDsstDLDaily] … ✗ RuntimeError: HTTP 502: <!DOCTYPE HTML PUBLIC "-//IETF//DTD HTML 2.0//EN">
<html><head>
<title
  GOES 20260923 [noaa/noaacwBLENDEDsstDaily] … ✗ RuntimeError: HTTP 503: <!DOCTYPE HTML PUBLIC "-//IETF//DTD HTML 2.0//EN">
<html><head>
<title
  GOES 20260923 [pfeg/noaacwBLENDEDsstDLDaily] … ✗ RuntimeError: 403 Forbidden — blacklisted: Error {
    code=403;
    message="Forbidden: Acces
  GOES 20260923 [pfeg/noaacwBLENDEDsstDaily] … skipped (host blacklisted)
  ✓ GOES composite 20260922 (cached)

── VIIRS multi-pass (last 48h — NPP/N20/N21) ──
  ✓ VIIRS NRT base: https://www.star.nesdis.noaa.gov/pub/socd2/coastwatch/sst/nrt/viirs
  Hourly windows : 48
  Window range   : 2026-09-21 20:50Z → 2026-09-23 20:10Z
  Half-width     : ±10 min per bucket
  npp 20260921_2050 … ✗ swath overlaps bbox but all pixels cloud/land masked (raw_valid_in_bbox=0, ql_dist=None)
  npp 20260921_2100 … ✗ swath overlaps bbox but all pixels cloud/land masked (raw_valid_in_bbox=0, ql_dist=None)
  npp 20260921_2110 … ✗ swath overlaps bbox but all pixels cloud/land masked (raw_valid_in_bbox=0, ql_dist=None)
  npp 20260921_2150 … ✗ swath overlaps bbox but all pixels cloud/land masked (raw_valid_in_bbox=0, ql_dist=None)
  npp 20260921_2200 … ✗ swath overlaps bbox but all pixels cloud/land masked (raw_valid_in_bbox=0, ql_dist=None)
  npp 20260921_2210 … ✗ swath overlaps bbox but all pixels cloud/land masked (raw_valid_in_bbox=0, ql_dist=None)
  npp 20260921_2250 … ✗ swath overlaps bbox but all pixels cloud/land masked (raw_valid_in_bbox=0, ql_dist=None)
  npp 20260921_2300 … ✗ swath overlaps bbox but all pixels cloud/land masked (raw_valid_in_bbox=0, ql_dist=None)
  npp 20260921_2310 … ✗ swath overlaps bbox but all pixels cloud/land masked (raw_valid_in_bbox=0, ql_dist=None)
  npp 20260921_2350 … ✗ swath overlaps bbox but all pixels cloud/land masked (raw_valid_in_bbox=0, ql_dist=None)
  npp 20260922_0000 … ✗ swath overlaps bbox but all pixels cloud/land masked (raw_valid_in_bbox=0, ql_dist=None)
  npp 20260922_0010 … ✗ swath overlaps bbox but all pixels cloud/land masked (raw_valid_in_bbox=0, ql_dist=None)
  npp 20260922_0050 … ✗ swath overlaps bbox but all pixels cloud/land masked (raw_valid_in_bbox=0, ql_dist=None)
  npp 20260922_0100 … ✗ swath overlaps bbox but all pixels cloud/land masked (raw_valid_in_bbox=0, ql_dist=None)
  npp 20260922_0110 … ✗ swath overlaps bbox but all pixels cloud/land masked (raw_valid_in_bbox=0, ql_dist=None)
  npp 20260922_0150 … ✗ swath overlaps bbox but all pixels cloud/land masked (raw_valid_in_bbox=0, ql_dist=None)
  npp 20260922_0200 … ✗ swath overlaps bbox but all pixels cloud/land masked (raw_valid_in_bbox=0, ql_dist=None)
  npp 20260922_0210 … ✗ swath overlaps bbox but all pixels cloud/land masked (raw_valid_in_bbox=0, ql_dist=None)
  npp 20260922_0250 … ✗ swath overlaps bbox but all pixels cloud/land masked (raw_valid_in_bbox=0, ql_dist=None)
  npp 20260922_0300 … ✗ swath overlaps bbox but all pixels cloud/land masked (raw_valid_in_bbox=0, ql_dist=None)
  npp 20260922_0310 … ✗ swath overlaps bbox but all pixels cloud/land masked (raw_valid_in_bbox=0, ql_dist=None)
  npp 20260922_0350 … ✗ swath overlaps bbox but all pixels cloud/land masked (raw_valid_in_bbox=0, ql_dist=None)
  npp 20260922_0400 … ✗ swath overlaps bbox but all pixels cloud/land masked (raw_valid_in_bbox=0, ql_dist=None)
  npp 20260922_0410 … ✗ swath overlaps bbox but all pixels cloud/land masked (raw_valid_in_bbox=0, ql_dist=None)
  npp 20260922_0450 … ✗ swath overlaps bbox but all pixels cloud/land masked (raw_valid_in_bbox=0, ql_dist=None)
  npp 20260922_0500 … ✗ swath overlaps bbox but all pixels cloud/land masked (raw_valid_in_bbox=0, ql_dist=None)
  npp 20260922_0510 … ✗ swath overlaps bbox but all pixels cloud/land masked (raw_valid_in_bbox=0, ql_dist=None)
  npp 20260922_0550 … ✗ swath overlaps bbox but all pixels cloud/land masked (raw_valid_in_bbox=0, ql_dist=None)
  npp 20260922_0600 … ✗ swath overlaps bbox but all pixels cloud/land masked (raw_valid_in_bbox=0, ql_dist=None)
  npp 20260922_0610 … ✗ swath overlaps bbox but all pixels cloud/land masked (raw_valid_in_bbox=0, ql_dist=None)
  npp 20260922_0650 ✓ (cached)
  npp 20260922_0700 … ✗ swath overlaps bbox but all pixels cloud/land masked (raw_valid_in_bbox=0, ql_dist=None)
  npp 20260922_0710 … ✗ swath overlaps bbox but all pixels cloud/land masked (raw_valid_in_bbox=0, ql_dist=None)
  npp 20260922_0750 … ✗ swath overlaps bbox but all pixels cloud/land masked (raw_valid_in_bbox=0, ql_dist=None)
  npp 20260922_0800 … ✗ swath overlaps bbox but all pixels cloud/land masked (raw_valid_in_bbox=0, ql_dist=None)
  npp 20260922_0810 … ✗ swath overlaps bbox but all pixels cloud/land masked (raw_valid_in_bbox=0, ql_dist=None)
  npp 20260922_0850 … ✗ swath overlaps bbox but all pixels cloud/land masked (raw_valid_in_bbox=0, ql_dist=None)
  npp 20260922_0900 … ✗ swath overlaps bbox but all pixels cloud/land masked (raw_valid_in_bbox=0, ql_dist=None)
  npp 20260922_0910 … ✗ swath overlaps bbox but all pixels cloud/land masked (raw_valid_in_bbox=0, ql_dist=None)
  npp 20260922_0950 … ✗ swath overlaps bbox but all pixels cloud/land masked (raw_valid_in_bbox=0, ql_dist=None)
  npp 20260922_1000 … ✗ swath overlaps bbox but all pixels cloud/land masked (raw_valid_in_bbox=0, ql_dist=None)
  npp 20260922_1010 … ✗ swath overlaps bbox but all pixels cloud/land masked (raw_valid_in_bbox=0, ql_dist=None)
  npp 20260922_1050 … ✗ swath overlaps bbox but all pixels cloud/land masked (raw_valid_in_bbox=0, ql_dist=None)
  npp 20260922_1100 … ✗ swath overlaps bbox but all pixels cloud/land masked (raw_valid_in_bbox=0, ql_dist=None)
  npp 20260922_1110 … ✗ swath overlaps bbox but all pixels cloud/land masked (raw_valid_in_bbox=0, ql_dist=None)
  npp 20260922_1150 … ✗ swath overlaps bbox but all pixels cloud/land masked (raw_valid_in_bbox=0, ql_dist=None)
  npp 20260922_1200 … ✗ swath overlaps bbox but all pixels cloud/land masked (raw_valid_in_bbox=0, ql_dist=None)
  npp 20260922_1210 … ✗ swath overlaps bbox but all pixels cloud/land masked (raw_valid_in_bbox=0, ql_dist=None)
  npp 20260922_1250 … ✗ swath overlaps bbox but all pixels cloud/land masked (raw_valid_in_bbox=0, ql_dist=None)
  npp 20260922_1300 … ✗ swath overlaps bbox but all pixels cloud/land masked (raw_valid_in_bbox=0, ql_dist=None)
  npp 20260922_1310 … ✗ swath overlaps bbox but all pixels cloud/land masked (raw_valid_in_bbox=0, ql_dist=None)
  npp 20260922_1450 … ✗ swath overlaps bbox but all pixels cloud/land masked (raw_valid_in_bbox=0, ql_dist=None)
  npp 20260922_1500 … ✗ swath overlaps bbox but all pixels cloud/land masked (raw_valid_in_bbox=0, ql_dist=None)
  npp 20260922_1510 … ✗ swath overlaps bbox but all pixels cloud/land masked (raw_valid_in_bbox=0, ql_dist=None)
  npp 20260922_1550 … ✗ swath overlaps bbox but all pixels cloud/land masked (raw_valid_in_bbox=0, ql_dist=None)
  npp 20260922_1600 … ✗ swath overlaps bbox but all pixels cloud/land masked (raw_valid_in_bbox=0, ql_dist=None)
  npp 20260922_1610 … ✗ swath overlaps bbox but all pixels cloud/land masked (raw_valid_in_bbox=0, ql_dist=None)
  npp 20260922_1650 … ✗ swath overlaps bbox but all pixels cloud/land masked (raw_valid_in_bbox=0, ql_dist=None)
  npp 20260922_1700 … ✗ swath overlaps bbox but all pixels cloud/land masked (raw_valid_in_bbox=0, ql_dist=None)
  npp 20260922_1710 … ✗ swath overlaps bbox but all pixels cloud/land masked (raw_valid_in_bbox=0, ql_dist=None)
  npp 20260922_1750 … ✗ swath overlaps bbox but all pixels cloud/land masked (raw_valid_in_bbox=0, ql_dist=None)
  npp 20260922_1800 … ✗ swath overlaps bbox but all pixels cloud/land masked (raw_valid_in_bbox=0, ql_dist=None)
  npp 20260922_1810 ✓ (cached)
  npp 20260922_1850 … ✗ swath overlaps bbox but all pixels cloud/land masked (raw_valid_in_bbox=0, ql_dist=None)
  npp 20260922_1900 … ✗ swath overlaps bbox but all pixels cloud/land masked (raw_valid_in_bbox=0, ql_dist=None)
  npp 20260922_1910 … ✗ swath overlaps bbox but all pixels cloud/land masked (raw_valid_in_bbox=0, ql_dist=None)
  npp 20260922_1950 … ✗ swath overlaps bbox but all pixels cloud/land masked (raw_valid_in_bbox=0, ql_dist=None)
  npp 20260922_2000 … ✗ swath overlaps bbox but all pixels cloud/land masked (raw_valid_in_bbox=0, ql_dist=None)
  npp 20260922_2010 … ✗ swath overlaps bbox but all pixels cloud/land masked (raw_valid_in_bbox=0, ql_dist=None)
  npp 20260922_2050 … ✗ swath overlaps bbox but all pixels cloud/land masked (raw_valid_in_bbox=0, ql_dist=None)
  npp 20260922_2100 … ✗ swath overlaps bbox but all pixels cloud/land masked (raw_valid_in_bbox=0, ql_dist=None)
  npp 20260922_2110 … ✗ swath overlaps bbox but all pixels cloud/land masked (raw_valid_in_bbox=0, ql_dist=None)
  npp 20260922_2150 … ✗ swath overlaps bbox but all pixels cloud/land masked (raw_valid_in_bbox=0, ql_dist=None)
  npp 20260922_2200 … ✗ swath overlaps bbox but all pixels cloud/land masked (raw_valid_in_bbox=0, ql_dist=None)
  npp 20260922_2210 … ✗ swath overlaps bbox but all pixels cloud/land masked (raw_valid_in_bbox=0, ql_dist=None)
  npp 20260922_2250 … ✗ swath overlaps bbox but all pixels cloud/land masked (raw_valid_in_bbox=0, ql_dist=None)
  npp 20260922_2300 … ✗ swath overlaps bbox but all pixels cloud/land masked (raw_valid_in_bbox=0, ql_dist=None)
  npp 20260922_2310 … ✗ swath overlaps bbox but all pixels cloud/land masked (raw_valid_in_bbox=0, ql_dist=None)
  npp 20260922_2350 … ✗ swath overlaps bbox but all pixels cloud/land masked (raw_valid_in_bbox=0, ql_dist=None)
  npp 20260923_0000 … ✗ swath overlaps bbox but all pixels cloud/land masked (raw_valid_in_bbox=0, ql_dist=None)
  npp 20260923_0010 … ✗ swath overlaps bbox but all pixels cloud/land masked (raw_valid_in_bbox=0, ql_dist=None)
  npp 20260923_0050 … ✗ swath overlaps bbox but all pixels cloud/land masked (raw_valid_in_bbox=0, ql_dist=None)
  npp 20260923_0100 … ✗ swath overlaps bbox but all pixels cloud/land masked (raw_valid_in_bbox=0, ql_dist=None)
  npp 20260923_0110 … ✗ swath overlaps bbox but all pixels cloud/land masked (raw_valid_in_bbox=0, ql_dist=None)
  npp 20260923_0150 … ✗ swath overlaps bbox but all pixels cloud/land masked (raw_valid_in_bbox=0, ql_dist=None)
  npp 20260923_0200 … ✗ swath overlaps bbox but all pixels cloud/land masked (raw_valid_in_bbox=0, ql_dist=None)
  npp 20260923_0210 … ✗ swath overlaps bbox but all pixels cloud/land masked (raw_valid_in_bbox=0, ql_dist=None)
  npp 20260923_0250 … ✗ swath overlaps bbox but all pixels cloud/land masked (raw_valid_in_bbox=0, ql_dist=None)
  npp 20260923_0300 … ✗ swath overlaps bbox but all pixels cloud/land masked (raw_valid_in_bbox=0, ql_dist=None)
  npp 20260923_0310 … ✗ swath overlaps bbox but all pixels cloud/land masked (raw_valid_in_bbox=0, ql_dist=None)
  npp 20260923_0350 … ✗ swath overlaps bbox but all pixels cloud/land masked (raw_valid_in_bbox=0, ql_dist=None)
  npp 20260923_0400 … ✗ swath overlaps bbox but all pixels cloud/land masked (raw_valid_in_bbox=0, ql_dist=None)
  npp 20260923_0410 … ✗ swath overlaps bbox but all pixels cloud/land masked (raw_valid_in_bbox=0, ql_dist=None)
  npp 20260923_0450 … ✗ swath overlaps bbox but all pixels cloud/land masked (raw_valid_in_bbox=0, ql_dist=None)
  npp 20260923_0500 … ✗ swath overlaps bbox but all pixels cloud/land masked (raw_valid_in_bbox=0, ql_dist=None)
  npp 20260923_0510 … ✗ swath overlaps bbox but all pixels cloud/land masked (raw_valid_in_bbox=0, ql_dist=None)
  npp 20260923_0550 … ✗ swath overlaps bbox but all pixels cloud/land masked (raw_valid_in_bbox=0, ql_dist=None)
  npp 20260923_0600 … ✗ swath overlaps bbox but all pixels cloud/land masked (raw_valid_in_bbox=0, ql_dist=None)
  npp 20260923_0610 … ✗ swath overlaps bbox but all pixels cloud/land masked (raw_valid_in_bbox=0, ql_dist=None)
  npp 20260923_0650 … ✗ swath overlaps bbox but all pixels cloud/land masked (raw_valid_in_bbox=0, ql_dist=None)
  npp 20260923_0700 … ✗ swath overlaps bbox but all pixels cloud/land masked (raw_valid_in_bbox=0, ql_dist=None)
  npp 20260923_0710 … ✗ swath overlaps bbox but all pixels cloud/land masked (raw_valid_in_bbox=0, ql_dist=None)
  npp 20260923_0750 … ✗ swath overlaps bbox but all pixels cloud/land masked (raw_valid_in_bbox=0, ql_dist=None)
  npp 20260923_0800 … ✗ swath overlaps bbox but all pixels cloud/land masked (raw_valid_in_bbox=0, ql_dist=None)
  npp 20260923_0810 ✓ (cached)
  npp 20260923_0850 … ✗ swath overlaps bbox but all pixels cloud/land masked (raw_valid_in_bbox=0, ql_dist=None)
  npp 20260923_0900 … ✗ swath overlaps bbox but all pixels cloud/land masked (raw_valid_in_bbox=0, ql_dist=None)
  npp 20260923_0910 … ✗ swath overlaps bbox but all pixels cloud/land masked (raw_valid_in_bbox=0, ql_dist=None)
  npp 20260923_0950 … ✗ swath overlaps bbox but all pixels cloud/land masked (raw_valid_in_bbox=0, ql_dist=None)
  npp 20260923_1000 … ✗ swath overlaps bbox but all pixels cloud/land masked (raw_valid_in_bbox=0, ql_dist=None)
  npp 20260923_1010 … ✗ swath overlaps bbox but all pixels cloud/land masked (raw_valid_in_bbox=0, ql_dist=None)
  npp 20260923_1050 … ✗ swath overlaps bbox but all pixels cloud/land masked (raw_valid_in_bbox=0, ql_dist=None)
  npp 20260923_1100 … ✗ swath overlaps bbox but all pixels cloud/land masked (raw_valid_in_bbox=0, ql_dist=None)
  npp 20260923_1110 … ✗ swath overlaps bbox but all pixels cloud/land masked (raw_valid_in_bbox=0, ql_dist=None)
  npp 20260923_1150 … ✗ swath overlaps bbox but all pixels cloud/land masked (raw_valid_in_bbox=0, ql_dist=None)
  npp 20260923_1200 … ✗ swath overlaps bbox but all pixels cloud/land masked (raw_valid_in_bbox=0, ql_dist=None)
  npp 20260923_1210 … ✗ swath overlaps bbox but all pixels cloud/land masked (raw_valid_in_bbox=0, ql_dist=None)
  npp 20260923_1250 … ✗ swath overlaps bbox but all pixels cloud/land masked (raw_valid_in_bbox=0, ql_dist=None)
  npp 20260923_1300 … ✗ swath overlaps bbox but all pixels cloud/land masked (raw_valid_in_bbox=0, ql_dist=None)
  npp 20260923_1310 … ✗ swath overlaps bbox but all pixels cloud/land masked (raw_valid_in_bbox=0, ql_dist=None)
  npp 20260923_1350 … ✗ swath overlaps bbox but all pixels cloud/land masked (raw_valid_in_bbox=0, ql_dist=None)
  npp 20260923_1400 … ✗ swath overlaps bbox but all pixels cloud/land masked (raw_valid_in_bbox=0, ql_dist=None)
  npp 20260923_1410 … ✗ swath overlaps bbox but all pixels cloud/land masked (raw_valid_in_bbox=0, ql_dist=None)
  npp 20260923_1450 … ✗ swath overlaps bbox but all pixels cloud/land masked (raw_valid_in_bbox=0, ql_dist=None)
  npp 20260923_1500 … ✗ swath overlaps bbox but all pixels cloud/land masked (raw_valid_in_bbox=0, ql_dist=None)
  npp 20260923_1510 … ✗ swath overlaps bbox but all pixels cloud/land masked (raw_valid_in_bbox=0, ql_dist=None)
  npp 20260923_1550 … ✗ swath overlaps bbox but all pixels cloud/land masked (raw_valid_in_bbox=0, ql_dist=None)
  npp 20260923_1600 … ✗ swath overlaps bbox but all pixels cloud/land masked (raw_valid_in_bbox=0, ql_dist=None)
  npp 20260923_1610 … ✗ swath overlaps bbox but all pixels cloud/land masked (raw_valid_in_bbox=0, ql_dist=None)
  npp 20260923_1650 … ✗ swath overlaps bbox but all pixels cloud/land masked (raw_valid_in_bbox=0, ql_dist=None)
  npp 20260923_1700 … ✗ swath overlaps bbox but all pixels cloud/land masked (raw_valid_in_bbox=0, ql_dist=None)
  npp 20260923_1710 … ✗ swath overlaps bbox but all pixels cloud/land masked (raw_valid_in_bbox=0, ql_dist=None)
  npp 20260923_1750 …   ⚠ VIIRS npp 20260923_1750: only 24 pts — skipping write.
✗ ok
  npp 20260923_1800 … ✗ swath overlaps bbox but all pixels cloud/land masked (raw_valid_in_bbox=0, ql_dist=None)
  npp 20260923_1810 … ✗ swath overlaps bbox but all pixels cloud/land masked (raw_valid_in_bbox=0, ql_dist=None)
  npp 20260923_1850 … ✗ swath overlaps bbox but all pixels cloud/land masked (raw_valid_in_bbox=0, ql_dist=None)
  npp 20260923_1900 … ✗ swath overlaps bbox but all pixels cloud/land masked (raw_valid_in_bbox=0, ql_dist=None)
  npp 20260923_1910 … ✗ swath overlaps bbox but all pixels cloud/land masked (raw_valid_in_bbox=0, ql_dist=None)
  n20 20260921_2050 … ✗ swath overlaps bbox but all pixels cloud/land masked (raw_valid_in_bbox=0, ql_dist=None)
  n20 20260921_2100 … ✗ swath overlaps bbox but all pixels cloud/land masked (raw_valid_in_bbox=0, ql_dist=None)
  n20 20260921_2110 … ✗ swath overlaps bbox but all pixels cloud/land masked (raw_valid_in_bbox=0, ql_dist=None)
  n20 20260921_2150 … ✗ swath overlaps bbox but all pixels cloud/land masked (raw_valid_in_bbox=0, ql_dist=None)
  n20 20260921_2200 … ✗ swath overlaps bbox but all pixels cloud/land masked (raw_valid_in_bbox=0, ql_dist=None)
  n20 20260921_2210 … ✗ swath overlaps bbox but all pixels cloud/land masked (raw_valid_in_bbox=0, ql_dist=None)
  n20 20260921_2250 … ✗ swath overlaps bbox but all pixels cloud/land masked (raw_valid_in_bbox=0, ql_dist=None)
  n20 20260921_2300 … ✗ swath overlaps bbox but all pixels cloud/land masked (raw_valid_in_bbox=0, ql_dist=None)
  n20 20260921_2310 … ✗ swath overlaps bbox but all pixels cloud/land masked (raw_valid_in_bbox=0, ql_dist=None)
  n20 20260921_2350 … ✗ swath overlaps bbox but all pixels cloud/land masked (raw_valid_in_bbox=0, ql_dist=None)
  n20 20260922_0000 … ✗ swath overlaps bbox but all pixels cloud/land masked (raw_valid_in_bbox=0, ql_dist=None)
  n20 20260922_0010 … ✗ swath overlaps bbox but all pixels cloud/land masked (raw_valid_in_bbox=0, ql_dist=None)
  n20 20260922_0050 … ✗ swath overlaps bbox but all pixels cloud/land masked (raw_valid_in_bbox=0, ql_dist=None)
  n20 20260922_0100 … ✗ swath overlaps bbox but all pixels cloud/land masked (raw_valid_in_bbox=0, ql_dist=None)
  n20 20260922_0110 … ✗ swath overlaps bbox but all pixels cloud/land masked (raw_valid_in_bbox=0, ql_dist=None)
  n20 20260922_0150 … ✗ swath overlaps bbox but all pixels cloud/land masked (raw_valid_in_bbox=0, ql_dist=None)
  n20 20260922_0200 … ✗ swath overlaps bbox but all pixels cloud/land masked (raw_valid_in_bbox=0, ql_dist=None)
  n20 20260922_0210 … ✗ swath overlaps bbox but all pixels cloud/land masked (raw_valid_in_bbox=0, ql_dist=None)
  n20 20260922_0250 … ✗ swath overlaps bbox but all pixels cloud/land masked (raw_valid_in_bbox=0, ql_dist=None)
  n20 20260922_0300 … ✗ swath overlaps bbox but all pixels cloud/land masked (raw_valid_in_bbox=0, ql_dist=None)
  n20 20260922_0310 … ✗ swath overlaps bbox but all pixels cloud/land masked (raw_valid_in_bbox=0, ql_dist=None)
  n20 20260922_0350 … ✗ swath overlaps bbox but all pixels cloud/land masked (raw_valid_in_bbox=0, ql_dist=None)
  n20 20260922_0400 … ✗ swath overlaps bbox but all pixels cloud/land masked (raw_valid_in_bbox=0, ql_dist=None)
  n20 20260922_0410 … ✗ swath overlaps bbox but all pixels cloud/land masked (raw_valid_in_bbox=0, ql_dist=None)
  n20 20260922_0450 … ✗ swath overlaps bbox but all pixels cloud/land masked (raw_valid_in_bbox=0, ql_dist=None)
  n20 20260922_0500 … ✗ swath overlaps bbox but all pixels cloud/land masked (raw_valid_in_bbox=0, ql_dist=None)
  n20 20260922_0510 … ✗ swath overlaps bbox but all pixels cloud/land masked (raw_valid_in_bbox=0, ql_dist=None)
  n20 20260922_0550 … ✗ swath overlaps bbox but all pixels cloud/land masked (raw_valid_in_bbox=0, ql_dist=None)
  n20 20260922_0600 … ✗ swath overlaps bbox but all pixels cloud/land masked (raw_valid_in_bbox=0, ql_dist=None)
  n20 20260922_0610 … ✗ swath overlaps bbox but all pixels cloud/land masked (raw_valid_in_bbox=0, ql_dist=None)
  n20 20260922_0650 … ✗ swath overlaps bbox but all pixels cloud/land masked (raw_valid_in_bbox=0, ql_dist=None)
  n20 20260922_0700 … ✗ swath overlaps bbox but all pixels cloud/land masked (raw_valid_in_bbox=0, ql_dist=None)
  n20 20260922_0710 ✓ (cached)
  n20 20260922_0750 … ✗ swath overlaps bbox but all pixels cloud/land masked (raw_valid_in_bbox=0, ql_dist=None)
  n20 20260922_0800 … ✗ swath overlaps bbox but all pixels cloud/land masked (raw_valid_in_bbox=0, ql_dist=None)
  n20 20260922_0810 … ✗ swath overlaps bbox but all pixels cloud/land masked (raw_valid_in_bbox=0, ql_dist=None)
  n20 20260922_0850 … ✗ swath overlaps bbox but all pixels cloud/land masked (raw_valid_in_bbox=0, ql_dist=None)
  n20 20260922_0900 … ✗ swath overlaps bbox but all pixels cloud/land masked (raw_valid_in_bbox=0, ql_dist=None)
  n20 20260922_0910 … ✗ swath overlaps bbox but all pixels cloud/land masked (raw_valid_in_bbox=0, ql_dist=None)
  n20 20260922_0950 … ✗ swath overlaps bbox but all pixels cloud/land masked (raw_valid_in_bbox=0, ql_dist=None)
  n20 20260922_1000 … ✗ swath overlaps bbox but all pixels cloud/land masked (raw_valid_in_bbox=0, ql_dist=None)
  n20 20260922_1010 … ✗ swath overlaps bbox but all pixels cloud/land masked (raw_valid_in_bbox=0, ql_dist=None)
  n20 20260922_1050 … ✗ swath overlaps bbox but all pixels cloud/land masked (raw_valid_in_bbox=0, ql_dist=None)
  n20 20260922_1100 … ✗ swath overlaps bbox but all pixels cloud/land masked (raw_valid_in_bbox=0, ql_dist=None)
  n20 20260922_1110 … ✗ swath overlaps bbox but all pixels cloud/land masked (raw_valid_in_bbox=0, ql_dist=None)
  n20 20260922_1150 … ✗ swath overlaps bbox but all pixels cloud/land masked (raw_valid_in_bbox=0, ql_dist=None)
  n20 20260922_1200 … ✗ swath overlaps bbox but all pixels cloud/land masked (raw_valid_in_bbox=0, ql_dist=None)
  n20 20260922_1210 … ✗ swath overlaps bbox but all pixels cloud/land masked (raw_valid_in_bbox=0, ql_dist=None)
  n20 20260922_1250 … ✗ swath overlaps bbox but all pixels cloud/land masked (raw_valid_in_bbox=0, ql_dist=None)
  n20 20260922_1300 … ✗ swath overlaps bbox but all pixels cloud/land masked (raw_valid_in_bbox=0, ql_dist=None)
  n20 20260922_1310 … ✗ swath overlaps bbox but all pixels cloud/land masked (raw_valid_in_bbox=0, ql_dist=None)
  n20 20260922_1350 … ✗ swath overlaps bbox but all pixels cloud/land masked (raw_valid_in_bbox=0, ql_dist=None)
  n20 20260922_1400 … ✗ swath overlaps bbox but all pixels cloud/land masked (raw_valid_in_bbox=0, ql_dist=None)
  n20 20260922_1410 … ✗ swath overlaps bbox but all pixels cloud/land masked (raw_valid_in_bbox=0, ql_dist=None)
  n20 20260922_1450 … ✗ swath overlaps bbox but all pixels cloud/land masked (raw_valid_in_bbox=0, ql_dist=None)
  n20 20260922_1500 … ✗ swath overlaps bbox but all pixels cloud/land masked (raw_valid_in_bbox=0, ql_dist=None)
  n20 20260922_1510 … ✗ swath overlaps bbox but all pixels cloud/land masked (raw_valid_in_bbox=0, ql_dist=None)
  n20 20260922_1550 … ✗ swath overlaps bbox but all pixels cloud/land masked (raw_valid_in_bbox=0, ql_dist=None)
  n20 20260922_1600 … ✗ swath overlaps bbox but all pixels cloud/land masked (raw_valid_in_bbox=0, ql_dist=None)
  n20 20260922_1610 … ✗ swath overlaps bbox but all pixels cloud/land masked (raw_valid_in_bbox=0, ql_dist=None)
  n20 20260922_1650 … ✗ swath overlaps bbox but all pixels cloud/land masked (raw_valid_in_bbox=0, ql_dist=None)
  n20 20260922_1700 … ✗ swath overlaps bbox but all pixels cloud/land masked (raw_valid_in_bbox=0, ql_dist=None)
  n20 20260922_1710 … ✗ swath overlaps bbox but all pixels cloud/land masked (raw_valid_in_bbox=0, ql_dist=None)
  n20 20260922_1750 … ✗ swath overlaps bbox but all pixels cloud/land masked (raw_valid_in_bbox=0, ql_dist=None)
  n20 20260922_1800 … ✗ swath overlaps bbox but all pixels cloud/land masked (raw_valid_in_bbox=0, ql_dist=None)
  n20 20260922_1810 … ✗ swath overlaps bbox but all pixels cloud/land masked (raw_valid_in_bbox=0, ql_dist=None)
  n20 20260922_1850 … ✗ swath overlaps bbox but all pixels cloud/land masked (raw_valid_in_bbox=0, ql_dist=None)
  n20 20260922_1900 … ✗ swath overlaps bbox but all pixels cloud/land masked (raw_valid_in_bbox=0, ql_dist=None)
  n20 20260922_1910 … ✗ swath overlaps bbox but all pixels cloud/land masked (raw_valid_in_bbox=0, ql_dist=None)
  n20 20260922_1950 … ✗ swath overlaps bbox but all pixels cloud/land masked (raw_valid_in_bbox=0, ql_dist=None)
  n20 20260922_2000 … ✗ swath overlaps bbox but all pixels cloud/land masked (raw_valid_in_bbox=0, ql_dist=None)
  n20 20260922_2010 … ✗ swath overlaps bbox but all pixels cloud/land masked (raw_valid_in_bbox=0, ql_dist=None)
  n20 20260922_2050 … ✗ swath overlaps bbox but all pixels cloud/land masked (raw_valid_in_bbox=0, ql_dist=None)
  n20 20260922_2100 … ✗ swath overlaps bbox but all pixels cloud/land masked (raw_valid_in_bbox=0, ql_dist=None)
  n20 20260922_2110 … ✗ swath overlaps bbox but all pixels cloud/land masked (raw_valid_in_bbox=0, ql_dist=None)
  n20 20260922_2150 … ✗ swath overlaps bbox but all pixels cloud/land masked (raw_valid_in_bbox=0, ql_dist=None)
  n20 20260922_2200 … ✗ swath overlaps bbox but all pixels cloud/land masked (raw_valid_in_bbox=0, ql_dist=None)
  n20 20260922_2210 … ✗ swath overlaps bbox but all pixels cloud/land masked (raw_valid_in_bbox=0, ql_dist=None)
  n20 20260922_2250 … ✗ swath overlaps bbox but all pixels cloud/land masked (raw_valid_in_bbox=0, ql_dist=None)
  n20 20260922_2300 … ✗ swath overlaps bbox but all pixels cloud/land masked (raw_valid_in_bbox=0, ql_dist=None)
  n20 20260922_2310 … ✗ swath overlaps bbox but all pixels cloud/land masked (raw_valid_in_bbox=0, ql_dist=None)
  n20 20260922_2350 … ✗ swath overlaps bbox but all pixels cloud/land masked (raw_valid_in_bbox=0, ql_dist=None)
  n20 20260923_0000 … ✗ swath overlaps bbox but all pixels cloud/land masked (raw_valid_in_bbox=0, ql_dist=None)
  n20 20260923_0010 … ✗ swath overlaps bbox but all pixels cloud/land masked (raw_valid_in_bbox=0, ql_dist=None)
  n20 20260923_0050 … ✗ swath overlaps bbox but all pixels cloud/land masked (raw_valid_in_bbox=0, ql_dist=None)
  n20 20260923_0100 … ✗ swath overlaps bbox but all pixels cloud/land masked (raw_valid_in_bbox=0, ql_dist=None)
  n20 20260923_0110 … ✗ swath overlaps bbox but all pixels cloud/land masked (raw_valid_in_bbox=0, ql_dist=None)
  n20 20260923_0150 … ✗ swath overlaps bbox but all pixels cloud/land masked (raw_valid_in_bbox=0, ql_dist=None)
  n20 20260923_0200 … ✗ swath overlaps bbox but all pixels cloud/land masked (raw_valid_in_bbox=0, ql_dist=None)
  n20 20260923_0210 … ✗ swath overlaps bbox but all pixels cloud/land masked (raw_valid_in_bbox=0, ql_dist=None)
  n20 20260923_0250 … ✗ swath overlaps bbox but all pixels cloud/land masked (raw_valid_in_bbox=0, ql_dist=None)
  n20 20260923_0300 … ✗ swath overlaps bbox but all pixels cloud/land masked (raw_valid_in_bbox=0, ql_dist=None)
  n20 20260923_0310 … ✗ swath overlaps bbox but all pixels cloud/land masked (raw_valid_in_bbox=0, ql_dist=None)
  n20 20260923_0350 … ✗ swath overlaps bbox but all pixels cloud/land masked (raw_valid_in_bbox=0, ql_dist=None)
  n20 20260923_0400 … ✗ swath overlaps bbox but all pixels cloud/land masked (raw_valid_in_bbox=0, ql_dist=None)
  n20 20260923_0410 … ✗ swath overlaps bbox but all pixels cloud/land masked (raw_valid_in_bbox=0, ql_dist=None)
  n20 20260923_0450 … ✗ swath overlaps bbox but all pixels cloud/land masked (raw_valid_in_bbox=0, ql_dist=None)
  n20 20260923_0500 … ✗ swath overlaps bbox but all pixels cloud/land masked (raw_valid_in_bbox=0, ql_dist=None)
  n20 20260923_0510 … ✗ swath overlaps bbox but all pixels cloud/land masked (raw_valid_in_bbox=0, ql_dist=None)
  n20 20260923_0550 … ✗ swath overlaps bbox but all pixels cloud/land masked (raw_valid_in_bbox=0, ql_dist=None)
  n20 20260923_0600 … ✗ swath overlaps bbox but all pixels cloud/land masked (raw_valid_in_bbox=0, ql_dist=None)
  n20 20260923_0610 … ✗ swath overlaps bbox but all pixels cloud/land masked (raw_valid_in_bbox=0, ql_dist=None)
  n20 20260923_0650 ✓ (cached)
  n20 20260923_0700 … ✗ swath overlaps bbox but all pixels cloud/land masked (raw_valid_in_bbox=0, ql_dist=None)
  n20 20260923_0710 … ✗ swath overlaps bbox but all pixels cloud/land masked (raw_valid_in_bbox=0, ql_dist=None)
  n20 20260923_0750 … ✗ swath overlaps bbox but all pixels cloud/land masked (raw_valid_in_bbox=0, ql_dist=None)
  n20 20260923_0800 … ✗ swath overlaps bbox but all pixels cloud/land masked (raw_valid_in_bbox=0, ql_dist=None)
  n20 20260923_0810 … ✗ swath overlaps bbox but all pixels cloud/land masked (raw_valid_in_bbox=0, ql_dist=None)
  n20 20260923_0850 … ✗ swath overlaps bbox but all pixels cloud/land masked (raw_valid_in_bbox=0, ql_dist=None)
  n20 20260923_0900 … ✗ swath overlaps bbox but all pixels cloud/land masked (raw_valid_in_bbox=0, ql_dist=None)
  n20 20260923_0910 … ✗ swath overlaps bbox but all pixels cloud/land masked (raw_valid_in_bbox=0, ql_dist=None)
  n20 20260923_0950 … ✗ swath overlaps bbox but all pixels cloud/land masked (raw_valid_in_bbox=0, ql_dist=None)
  n20 20260923_1000 … ✗ swath overlaps bbox but all pixels cloud/land masked (raw_valid_in_bbox=0, ql_dist=None)
  n20 20260923_1010 … ✗ swath overlaps bbox but all pixels cloud/land masked (raw_valid_in_bbox=0, ql_dist=None)
  n20 20260923_1050 … ✗ swath overlaps bbox but all pixels cloud/land masked (raw_valid_in_bbox=0, ql_dist=None)
  n20 20260923_1100 … ✗ swath overlaps bbox but all pixels cloud/land masked (raw_valid_in_bbox=0, ql_dist=None)
  n20 20260923_1110 … ✗ swath overlaps bbox but all pixels cloud/land masked (raw_valid_in_bbox=0, ql_dist=None)
  n20 20260923_1150 … ✗ swath overlaps bbox but all pixels cloud/land masked (raw_valid_in_bbox=0, ql_dist=None)
  n20 20260923_1200 … ✗ swath overlaps bbox but all pixels cloud/land masked (raw_valid_in_bbox=0, ql_dist=None)
  n20 20260923_1210 … ✗ swath overlaps bbox but all pixels cloud/land masked (raw_valid_in_bbox=0, ql_dist=None)
  n20 20260923_1250 … ✗ swath overlaps bbox but all pixels cloud/land masked (raw_valid_in_bbox=0, ql_dist=None)
  n20 20260923_1300 … ✗ swath overlaps bbox but all pixels cloud/land masked (raw_valid_in_bbox=0, ql_dist=None)
  n20 20260923_1310 … ✗ swath overlaps bbox but all pixels cloud/land masked (raw_valid_in_bbox=0, ql_dist=None)
  n20 20260923_1350 … ✗ swath overlaps bbox but all pixels cloud/land masked (raw_valid_in_bbox=0, ql_dist=None)
  n20 20260923_1400 … ✗ swath overlaps bbox but all pixels cloud/land masked (raw_valid_in_bbox=0, ql_dist=None)
  n20 20260923_1410 … ✗ swath overlaps bbox but all pixels cloud/land masked (raw_valid_in_bbox=0, ql_dist=None)
  n20 20260923_1450 … ✗ swath overlaps bbox but all pixels cloud/land masked (raw_valid_in_bbox=0, ql_dist=None)
  n20 20260923_1500 … ✗ swath overlaps bbox but all pixels cloud/land masked (raw_valid_in_bbox=0, ql_dist=None)
  n20 20260923_1510 … ✗ swath overlaps bbox but all pixels cloud/land masked (raw_valid_in_bbox=0, ql_dist=None)
  n20 20260923_1550 … ✗ swath overlaps bbox but all pixels cloud/land masked (raw_valid_in_bbox=0, ql_dist=None)
  n20 20260923_1600 … ✗ swath overlaps bbox but all pixels cloud/land masked (raw_valid_in_bbox=0, ql_dist=None)
  n20 20260923_1610 … ✗ swath overlaps bbox but all pixels cloud/land masked (raw_valid_in_bbox=0, ql_dist=None)
  n20 20260923_1650 … ✗ swath overlaps bbox but all pixels cloud/land masked (raw_valid_in_bbox=0, ql_dist=None)
  n20 20260923_1700 … ✗ swath overlaps bbox but all pixels cloud/land masked (raw_valid_in_bbox=0, ql_dist=None)
  n20 20260923_1710 … ✗ swath overlaps bbox but all pixels cloud/land masked (raw_valid_in_bbox=0, ql_dist=None)
  n20 20260923_1750 … ✗ swath overlaps bbox but all pixels cloud/land masked (raw_valid_in_bbox=0, ql_dist=None)
  n20 20260923_1800 … ✗ swath overlaps bbox but all pixels cloud/land masked (raw_valid_in_bbox=0, ql_dist=None)
  n20 20260923_1810 …   → DailySSTData/VIIRS/Passes/ga_sc/viirs_n20_20260923_1810.csv  (114 pts, 39 lats × 48 lons)
  n20 20260923_1850 … ✗ swath overlaps bbox but all pixels cloud/land masked (raw_valid_in_bbox=0, ql_dist=None)
  n20 20260923_1900 … ✗ swath overlaps bbox but all pixels cloud/land masked (raw_valid_in_bbox=0, ql_dist=None)
  n20 20260923_1910 … ✗ swath overlaps bbox but all pixels cloud/land masked (raw_valid_in_bbox=0, ql_dist=None)
  n21 20260921_2050 … ✗ swath overlaps bbox but all pixels cloud/land masked (raw_valid_in_bbox=0, ql_dist=None)
  n21 20260921_2100 … ✗ swath overlaps bbox but all pixels cloud/land masked (raw_valid_in_bbox=0, ql_dist=None)
  n21 20260921_2110 … ✗ swath overlaps bbox but all pixels cloud/land masked (raw_valid_in_bbox=0, ql_dist=None)
  n21 20260921_2150 … ✗ swath overlaps bbox but all pixels cloud/land masked (raw_valid_in_bbox=0, ql_dist=None)
  n21 20260921_2200 … ✗ swath overlaps bbox but all pixels cloud/land masked (raw_valid_in_bbox=0, ql_dist=None)
  n21 20260921_2210 … ✗ swath overlaps bbox but all pixels cloud/land masked (raw_valid_in_bbox=0, ql_dist=None)
  n21 20260921_2250 … ✗ swath overlaps bbox but all pixels cloud/land masked (raw_valid_in_bbox=0, ql_dist=None)
  n21 20260921_2300 … ✗ swath overlaps bbox but all pixels cloud/land masked (raw_valid_in_bbox=0, ql_dist=None)
  n21 20260921_2310 … ✗ swath overlaps bbox but all pixels cloud/land masked (raw_valid_in_bbox=0, ql_dist=None)
  n21 20260921_2350 … ✗ swath overlaps bbox but all pixels cloud/land masked (raw_valid_in_bbox=0, ql_dist=None)
  n21 20260922_0000 … ✗ swath overlaps bbox but all pixels cloud/land masked (raw_valid_in_bbox=0, ql_dist=None)
  n21 20260922_0010 … ✗ swath overlaps bbox but all pixels cloud/land masked (raw_valid_in_bbox=0, ql_dist=None)
  n21 20260922_0050 … ✗ swath overlaps bbox but all pixels cloud/land masked (raw_valid_in_bbox=0, ql_dist=None)
  n21 20260922_0100 … ✗ swath overlaps bbox but all pixels cloud/land masked (raw_valid_in_bbox=0, ql_dist=None)
  n21 20260922_0110 … ✗ swath overlaps bbox but all pixels cloud/land masked (raw_valid_in_bbox=0, ql_dist=None)
  n21 20260922_0150 … ✗ swath overlaps bbox but all pixels cloud/land masked (raw_valid_in_bbox=0, ql_dist=None)
  n21 20260922_0200 … ✗ swath overlaps bbox but all pixels cloud/land masked (raw_valid_in_bbox=0, ql_dist=None)
  n21 20260922_0210 … ✗ swath overlaps bbox but all pixels cloud/land masked (raw_valid_in_bbox=0, ql_dist=None)
  n21 20260922_0250 … ✗ swath overlaps bbox but all pixels cloud/land masked (raw_valid_in_bbox=0, ql_dist=None)
  n21 20260922_0300 … ✗ swath overlaps bbox but all pixels cloud/land masked (raw_valid_in_bbox=0, ql_dist=None)
  n21 20260922_0310 … ✗ swath overlaps bbox but all pixels cloud/land masked (raw_valid_in_bbox=0, ql_dist=None)
  n21 20260922_0350 … ✗ swath overlaps bbox but all pixels cloud/land masked (raw_valid_in_bbox=0, ql_dist=None)
  n21 20260922_0400 … ✗ swath overlaps bbox but all pixels cloud/land masked (raw_valid_in_bbox=0, ql_dist=None)
  n21 20260922_0410 … ✗ swath overlaps bbox but all pixels cloud/land masked (raw_valid_in_bbox=0, ql_dist=None)
  n21 20260922_0450 … ✗ swath overlaps bbox but all pixels cloud/land masked (raw_valid_in_bbox=0, ql_dist=None)
  n21 20260922_0500 … ✗ swath overlaps bbox but all pixels cloud/land masked (raw_valid_in_bbox=0, ql_dist=None)
  n21 20260922_0510 … ✗ swath overlaps bbox but all pixels cloud/land masked (raw_valid_in_bbox=0, ql_dist=None)
  n21 20260922_0550 … ✗ swath overlaps bbox but all pixels cloud/land masked (raw_valid_in_bbox=0, ql_dist=None)
  n21 20260922_0600 … ✗ swath overlaps bbox but all pixels cloud/land masked (raw_valid_in_bbox=0, ql_dist=None)
  n21 20260922_0610 ✓ (cached)
  n21 20260922_0650 … ✗ swath overlaps bbox but all pixels cloud/land masked (raw_valid_in_bbox=0, ql_dist=None)
  n21 20260922_0700 … ✗ swath overlaps bbox but all pixels cloud/land masked (raw_valid_in_bbox=0, ql_dist=None)
  n21 20260922_0710 … ✗ swath overlaps bbox but all pixels cloud/land masked (raw_valid_in_bbox=0, ql_dist=None)
  n21 20260922_0750 ✓ (cached)
  n21 20260922_0800 … ✗ swath overlaps bbox but all pixels cloud/land masked (raw_valid_in_bbox=0, ql_dist=None)
  n21 20260922_0810 … ✗ swath overlaps bbox but all pixels cloud/land masked (raw_valid_in_bbox=0, ql_dist=None)
  n21 20260922_0850 … ✗ swath overlaps bbox but all pixels cloud/land masked (raw_valid_in_bbox=0, ql_dist=None)
  n21 20260922_0900 … ✗ swath overlaps bbox but all pixels cloud/land masked (raw_valid_in_bbox=0, ql_dist=None)
  n21 20260922_0910 … ✗ swath overlaps bbox but all pixels cloud/land masked (raw_valid_in_bbox=0, ql_dist=None)
  n21 20260922_0950 … ✗ swath overlaps bbox but all pixels cloud/land masked (raw_valid_in_bbox=0, ql_dist=None)
  n21 20260922_1000 … ✗ swath overlaps bbox but all pixels cloud/land masked (raw_valid_in_bbox=0, ql_dist=None)
  n21 20260922_1010 … ✗ swath overlaps bbox but all pixels cloud/land masked (raw_valid_in_bbox=0, ql_dist=None)
  n21 20260922_1050 … ✗ swath overlaps bbox but all pixels cloud/land masked (raw_valid_in_bbox=0, ql_dist=None)
  n21 20260922_1100 … ✗ swath overlaps bbox but all pixels cloud/land masked (raw_valid_in_bbox=0, ql_dist=None)
  n21 20260922_1110 … ✗ swath overlaps bbox but all pixels cloud/land masked (raw_valid_in_bbox=0, ql_dist=None)
  n21 20260922_1150 … ✗ swath overlaps bbox but all pixels cloud/land masked (raw_valid_in_bbox=0, ql_dist=None)
  n21 20260922_1200 … ✗ swath overlaps bbox but all pixels cloud/land masked (raw_valid_in_bbox=0, ql_dist=None)
  n21 20260922_1210 … ✗ swath overlaps bbox but all pixels cloud/land masked (raw_valid_in_bbox=0, ql_dist=None)
  n21 20260922_1250 … ✗ swath overlaps bbox but all pixels cloud/land masked (raw_valid_in_bbox=0, ql_dist=None)
  n21 20260922_1300 … ✗ swath overlaps bbox but all pixels cloud/land masked (raw_valid_in_bbox=0, ql_dist=None)
  n21 20260922_1310 … ✗ swath overlaps bbox but all pixels cloud/land masked (raw_valid_in_bbox=0, ql_dist=None)
  n21 20260922_1350 … ✗ swath overlaps bbox but all pixels cloud/land masked (raw_valid_in_bbox=0, ql_dist=None)
  n21 20260922_1400 … ✗ swath overlaps bbox but all pixels cloud/land masked (raw_valid_in_bbox=0, ql_dist=None)
  n21 20260922_1410 … ✗ swath overlaps bbox but all pixels cloud/land masked (raw_valid_in_bbox=0, ql_dist=None)
  n21 20260922_1450 … ✗ swath overlaps bbox but all pixels cloud/land masked (raw_valid_in_bbox=0, ql_dist=None)
  n21 20260922_1500 … ✗ swath overlaps bbox but all pixels cloud/land masked (raw_valid_in_bbox=0, ql_dist=None)
  n21 20260922_1510 … ✗ swath overlaps bbox but all pixels cloud/land masked (raw_valid_in_bbox=0, ql_dist=None)
  n21 20260922_1550 … ✗ swath overlaps bbox but all pixels cloud/land masked (raw_valid_in_bbox=0, ql_dist=None)
  n21 20260922_1600 … ✗ swath overlaps bbox but all pixels cloud/land masked (raw_valid_in_bbox=0, ql_dist=None)
  n21 20260922_1610 … ✗ swath overlaps bbox but all pixels cloud/land masked (raw_valid_in_bbox=0, ql_dist=None)
  n21 20260922_1650 … ✗ swath overlaps bbox but all pixels cloud/land masked (raw_valid_in_bbox=0, ql_dist=None)
  n21 20260922_1700 … ✗ swath overlaps bbox but all pixels cloud/land masked (raw_valid_in_bbox=0, ql_dist=None)
  n21 20260922_1710 … ✗ swath overlaps bbox but all pixels cloud/land masked (raw_valid_in_bbox=0, ql_dist=None)
  n21 20260922_1750 … ✗ swath overlaps bbox but all pixels cloud/land masked (raw_valid_in_bbox=0, ql_dist=None)
  n21 20260922_1800 … ✗ swath overlaps bbox but all pixels cloud/land masked (raw_valid_in_bbox=0, ql_dist=None)
  n21 20260922_1810 … ✗ swath overlaps bbox but all pixels cloud/land masked (raw_valid_in_bbox=0, ql_dist=None)
  n21 20260922_1850 … ✗ swath overlaps bbox but all pixels cloud/land masked (raw_valid_in_bbox=0, ql_dist=None)
  n21 20260922_1900 … ✗ swath overlaps bbox but all pixels cloud/land masked (raw_valid_in_bbox=0, ql_dist=None)
  n21 20260922_1910 ✓ (cached)
  n21 20260922_1950 … ✗ swath overlaps bbox but all pixels cloud/land masked (raw_valid_in_bbox=0, ql_dist=None)
  n21 20260922_2000 … ✗ swath overlaps bbox but all pixels cloud/land masked (raw_valid_in_bbox=0, ql_dist=None)
  n21 20260922_2010 … ✗ swath overlaps bbox but all pixels cloud/land masked (raw_valid_in_bbox=0, ql_dist=None)
  n21 20260922_2050 … ✗ swath overlaps bbox but all pixels cloud/land masked (raw_valid_in_bbox=0, ql_dist=None)
  n21 20260922_2100 … ✗ swath overlaps bbox but all pixels cloud/land masked (raw_valid_in_bbox=0, ql_dist=None)
  n21 20260922_2110 … ✗ swath overlaps bbox but all pixels cloud/land masked (raw_valid_in_bbox=0, ql_dist=None)
  n21 20260922_2150 … ✗ swath overlaps bbox but all pixels cloud/land masked (raw_valid_in_bbox=0, ql_dist=None)
  n21 20260922_2200 … ✗ swath overlaps bbox but all pixels cloud/land masked (raw_valid_in_bbox=0, ql_dist=None)
  n21 20260922_2210 … ✗ swath overlaps bbox but all pixels cloud/land masked (raw_valid_in_bbox=0, ql_dist=None)
  n21 20260922_2250 … ✗ swath overlaps bbox but all pixels cloud/land masked (raw_valid_in_bbox=0, ql_dist=None)
  n21 20260922_2300 … ✗ swath overlaps bbox but all pixels cloud/land masked (raw_valid_in_bbox=0, ql_dist=None)
  n21 20260922_2310 … ✗ swath overlaps bbox but all pixels cloud/land masked (raw_valid_in_bbox=0, ql_dist=None)
  n21 20260922_2350 … ✗ swath overlaps bbox but all pixels cloud/land masked (raw_valid_in_bbox=0, ql_dist=None)
  n21 20260923_0000 … ✗ swath overlaps bbox but all pixels cloud/land masked (raw_valid_in_bbox=0, ql_dist=None)
  n21 20260923_0010 … ✗ swath overlaps bbox but all pixels cloud/land masked (raw_valid_in_bbox=0, ql_dist=None)
  n21 20260923_0050 … ✗ swath overlaps bbox but all pixels cloud/land masked (raw_valid_in_bbox=0, ql_dist=None)
  n21 20260923_0100 … ✗ swath overlaps bbox but all pixels cloud/land masked (raw_valid_in_bbox=0, ql_dist=None)
  n21 20260923_0110 … ✗ swath overlaps bbox but all pixels cloud/land masked (raw_valid_in_bbox=0, ql_dist=None)
  n21 20260923_0150 … ✗ swath overlaps bbox but all pixels cloud/land masked (raw_valid_in_bbox=0, ql_dist=None)
  n21 20260923_0200 … ✗ swath overlaps bbox but all pixels cloud/land masked (raw_valid_in_bbox=0, ql_dist=None)
  n21 20260923_0210 … ✗ swath overlaps bbox but all pixels cloud/land masked (raw_valid_in_bbox=0, ql_dist=None)
  n21 20260923_0250 … ✗ swath overlaps bbox but all pixels cloud/land masked (raw_valid_in_bbox=0, ql_dist=None)
  n21 20260923_0300 … ✗ swath overlaps bbox but all pixels cloud/land masked (raw_valid_in_bbox=0, ql_dist=None)
  n21 20260923_0310 … ✗ swath overlaps bbox but all pixels cloud/land masked (raw_valid_in_bbox=0, ql_dist=None)
  n21 20260923_0350 … ✗ swath overlaps bbox but all pixels cloud/land masked (raw_valid_in_bbox=0, ql_dist=None)
  n21 20260923_0400 … ✗ swath overlaps bbox but all pixels cloud/land masked (raw_valid_in_bbox=0, ql_dist=None)
  n21 20260923_0410 … ✗ swath overlaps bbox but all pixels cloud/land masked (raw_valid_in_bbox=0, ql_dist=None)
  n21 20260923_0450 … ✗ swath overlaps bbox but all pixels cloud/land masked (raw_valid_in_bbox=0, ql_dist=None)
  n21 20260923_0500 … ✗ swath overlaps bbox but all pixels cloud/land masked (raw_valid_in_bbox=0, ql_dist=None)
  n21 20260923_0510 … ✗ swath overlaps bbox but all pixels cloud/land masked (raw_valid_in_bbox=0, ql_dist=None)
  n21 20260923_0550 ✓ (cached)
  n21 20260923_0600 … ✗ swath overlaps bbox but all pixels cloud/land masked (raw_valid_in_bbox=0, ql_dist=None)
  n21 20260923_0610 … ✗ swath overlaps bbox but all pixels cloud/land masked (raw_valid_in_bbox=0, ql_dist=None)
  n21 20260923_0650 … ✗ swath overlaps bbox but all pixels cloud/land masked (raw_valid_in_bbox=0, ql_dist=None)
  n21 20260923_0700 … ✗ swath overlaps bbox but all pixels cloud/land masked (raw_valid_in_bbox=0, ql_dist=None)
  n21 20260923_0710 … ✗ swath overlaps bbox but all pixels cloud/land masked (raw_valid_in_bbox=0, ql_dist=None)
  n21 20260923_0750 … ✗ swath overlaps bbox but all pixels cloud/land masked (raw_valid_in_bbox=0, ql_dist=None)
  n21 20260923_0800 … ✗ swath overlaps bbox but all pixels cloud/land masked (raw_valid_in_bbox=0, ql_dist=None)
  n21 20260923_0810 … ✗ swath overlaps bbox but all pixels cloud/land masked (raw_valid_in_bbox=0, ql_dist=None)
  n21 20260923_0850 … ✗ swath overlaps bbox but all pixels cloud/land masked (raw_valid_in_bbox=0, ql_dist=None)
  n21 20260923_0900 … ✗ swath overlaps bbox but all pixels cloud/land masked (raw_valid_in_bbox=0, ql_dist=None)
  n21 20260923_0910 … ✗ swath overlaps bbox but all pixels cloud/land masked (raw_valid_in_bbox=0, ql_dist=None)
  n21 20260923_0950 … ✗ swath overlaps bbox but all pixels cloud/land masked (raw_valid_in_bbox=0, ql_dist=None)
  n21 20260923_1000 … ✗ swath overlaps bbox but all pixels cloud/land masked (raw_valid_in_bbox=0, ql_dist=None)
  n21 20260923_1010 … ✗ swath overlaps bbox but all pixels cloud/land masked (raw_valid_in_bbox=0, ql_dist=None)
  n21 20260923_1050 … ✗ swath overlaps bbox but all pixels cloud/land masked (raw_valid_in_bbox=0, ql_dist=None)
  n21 20260923_1100 … ✗ swath overlaps bbox but all pixels cloud/land masked (raw_valid_in_bbox=0, ql_dist=None)
  n21 20260923_1110 … ✗ swath overlaps bbox but all pixels cloud/land masked (raw_valid_in_bbox=0, ql_dist=None)
  n21 20260923_1150 … ✗ swath overlaps bbox but all pixels cloud/land masked (raw_valid_in_bbox=0, ql_dist=None)
  n21 20260923_1200 … ✗ swath overlaps bbox but all pixels cloud/land masked (raw_valid_in_bbox=0, ql_dist=None)
  n21 20260923_1210 … ✗ swath overlaps bbox but all pixels cloud/land masked (raw_valid_in_bbox=0, ql_dist=None)
  n21 20260923_1250 … ✗ swath overlaps bbox but all pixels cloud/land masked (raw_valid_in_bbox=0, ql_dist=None)
  n21 20260923_1300 … ✗ swath overlaps bbox but all pixels cloud/land masked (raw_valid_in_bbox=0, ql_dist=None)
  n21 20260923_1310 … ✗ swath overlaps bbox but all pixels cloud/land masked (raw_valid_in_bbox=0, ql_dist=None)
  n21 20260923_1350 … ✗ swath overlaps bbox but all pixels cloud/land masked (raw_valid_in_bbox=0, ql_dist=None)
  n21 20260923_1400 … ✗ swath overlaps bbox but all pixels cloud/land masked (raw_valid_in_bbox=0, ql_dist=None)
  n21 20260923_1410 … ✗ swath overlaps bbox but all pixels cloud/land masked (raw_valid_in_bbox=0, ql_dist=None)
  n21 20260923_1450 … ✗ swath overlaps bbox but all pixels cloud/land masked (raw_valid_in_bbox=0, ql_dist=None)
  n21 20260923_1650 … ✗ swath overlaps bbox but all pixels cloud/land masked (raw_valid_in_bbox=0, ql_dist=None)
  n21 20260923_1700 … ✗ swath overlaps bbox but all pixels cloud/land masked (raw_valid_in_bbox=0, ql_dist=None)
  n21 20260923_1710 … ✗ swath overlaps bbox but all pixels cloud/land masked (raw_valid_in_bbox=0, ql_dist=None)
  n21 20260923_1750 … ✗ swath overlaps bbox but all pixels cloud/land masked (raw_valid_in_bbox=0, ql_dist=None)
  n21 20260923_1800 … ✗ swath overlaps bbox but all pixels cloud/land masked (raw_valid_in_bbox=0, ql_dist=None)
  n21 20260923_1810 … ✗ swath overlaps bbox but all pixels cloud/land masked (raw_valid_in_bbox=0, ql_dist=None)
  n21 20260923_1850 …   ⚠ VIIRS n21 20260923_1850: only 51 pts — skipping write.
✗ ok
  n21 20260923_1900 … ✗ swath overlaps bbox but all pixels cloud/land masked (raw_valid_in_bbox=0, ql_dist=None)
  n21 20260923_1910 … ✗ swath overlaps bbox but all pixels cloud/land masked (raw_valid_in_bbox=0, ql_dist=None)
  n21 20260923_1950 … ✗ swath overlaps bbox but all pixels cloud/land masked (raw_valid_in_bbox=0, ql_dist=None)

  VIIRS summary: 1 written, 9 cached, 406 miss/cloud, 780 outside windows.

=========================================================
✓ Pipeline complete
=========================================================
========================================
RUNNING REGION: ne_fl
========================================
=========================================================
SST PIPELINE
  UTC    : 2026-09-23 20:38:14
  Region : ne_fl
  Bbox   : 26.0–30.5°N  -81.97–-76.14°E
  Output : DailySSTData/MUR/ne_fl  (and siblings)
=========================================================

── MUR daily composite (last 5 days) ──
  ✓ MUR 20260922 (cached)
  ✓ MUR 20260921 (cached)
  ✓ MUR 20260920 (cached)
  ✓ MUR 20260919 (cached)
  ✓ MUR 20260918 (cached)

── GOES-19 geo-polar blended daily composite ──
  Candidates: 4 (2 hosts × 2 dataset IDs)
  GOES 20260923 [noaa/noaacwBLENDEDsstDLDaily] … ✗ RuntimeError: HTTP 503: <!DOCTYPE HTML PUBLIC "-//IETF//DTD HTML 2.0//EN">
<html><head>
<title
  GOES 20260923 [noaa/noaacwBLENDEDsstDaily] … ✗ RuntimeError: HTTP 502: <!DOCTYPE HTML PUBLIC "-//IETF//DTD HTML 2.0//EN">
<html><head>
<title
  GOES 20260923 [pfeg/noaacwBLENDEDsstDLDaily] … ✗ RuntimeError: 403 Forbidden — blacklisted: Error {
    code=403;
    message="Forbidden: Acces
  GOES 20260923 [pfeg/noaacwBLENDEDsstDaily] … skipped (host blacklisted)
  ✓ GOES composite 20260922 (cached)

── VIIRS multi-pass (last 48h — NPP/N20/N21) ──
  ✓ VIIRS NRT base: https://www.star.nesdis.noaa.gov/pub/socd2/coastwatch/sst/nrt/viirs
  Hourly windows : 48
  Window range   : 2026-09-21 20:50Z → 2026-09-23 20:10Z
  Half-width     : ±10 min per bucket
  npp 20260921_2050 … ✗ swath overlaps bbox but all pixels cloud/land masked (raw_valid_in_bbox=0, ql_dist=None)
  npp 20260921_2100 … ✗ swath overlaps bbox but all pixels cloud/land masked (raw_valid_in_bbox=0, ql_dist=None)
  npp 20260921_2110 … ✗ swath overlaps bbox but all pixels cloud/land masked (raw_valid_in_bbox=0, ql_dist=None)
  npp 20260921_2150 … ✗ swath overlaps bbox but all pixels cloud/land masked (raw_valid_in_bbox=0, ql_dist=None)
  npp 20260921_2200 … ✗ swath overlaps bbox but all pixels cloud/land masked (raw_valid_in_bbox=0, ql_dist=None)
  npp 20260921_2210 … ✗ swath overlaps bbox but all pixels cloud/land masked (raw_valid_in_bbox=0, ql_dist=None)
  npp 20260921_2250 … ✗ swath overlaps bbox but all pixels cloud/land masked (raw_valid_in_bbox=0, ql_dist=None)
  npp 20260921_2300 … ✗ swath overlaps bbox but all pixels cloud/land masked (raw_valid_in_bbox=0, ql_dist=None)
  npp 20260921_2310 … ✗ swath overlaps bbox but all pixels cloud/land masked (raw_valid_in_bbox=0, ql_dist=None)
  npp 20260921_2350 … ✗ swath overlaps bbox but all pixels cloud/land masked (raw_valid_in_bbox=0, ql_dist=None)
  npp 20260922_0000 … ✗ swath overlaps bbox but all pixels cloud/land masked (raw_valid_in_bbox=0, ql_dist=None)
  npp 20260922_0010 … ✗ swath overlaps bbox but all pixels cloud/land masked (raw_valid_in_bbox=0, ql_dist=None)
  npp 20260922_0050 … ✗ swath overlaps bbox but all pixels cloud/land masked (raw_valid_in_bbox=0, ql_dist=None)
  npp 20260922_0100 … ✗ swath overlaps bbox but all pixels cloud/land masked (raw_valid_in_bbox=0, ql_dist=None)
  npp 20260922_0110 … ✗ swath overlaps bbox but all pixels cloud/land masked (raw_valid_in_bbox=0, ql_dist=None)
  npp 20260922_0150 … ✗ swath overlaps bbox but all pixels cloud/land masked (raw_valid_in_bbox=0, ql_dist=None)
  npp 20260922_0200 … ✗ swath overlaps bbox but all pixels cloud/land masked (raw_valid_in_bbox=0, ql_dist=None)
  npp 20260922_0210 … ✗ swath overlaps bbox but all pixels cloud/land masked (raw_valid_in_bbox=0, ql_dist=None)
  npp 20260922_0250 … ✗ swath overlaps bbox but all pixels cloud/land masked (raw_valid_in_bbox=0, ql_dist=None)
  npp 20260922_0300 … ✗ swath overlaps bbox but all pixels cloud/land masked (raw_valid_in_bbox=0, ql_dist=None)
  npp 20260922_0310 … ✗ swath overlaps bbox but all pixels cloud/land masked (raw_valid_in_bbox=0, ql_dist=None)
  npp 20260922_0350 … ✗ swath overlaps bbox but all pixels cloud/land masked (raw_valid_in_bbox=0, ql_dist=None)
  npp 20260922_0400 … ✗ swath overlaps bbox but all pixels cloud/land masked (raw_valid_in_bbox=0, ql_dist=None)
  npp 20260922_0410 … ✗ swath overlaps bbox but all pixels cloud/land masked (raw_valid_in_bbox=0, ql_dist=None)
  npp 20260922_0450 … ✗ swath overlaps bbox but all pixels cloud/land masked (raw_valid_in_bbox=0, ql_dist=None)
  npp 20260922_0500 … ✗ swath overlaps bbox but all pixels cloud/land masked (raw_valid_in_bbox=0, ql_dist=None)
  npp 20260922_0510 … ✗ swath overlaps bbox but all pixels cloud/land masked (raw_valid_in_bbox=0, ql_dist=None)
  npp 20260922_0550 … ✗ swath overlaps bbox but all pixels cloud/land masked (raw_valid_in_bbox=0, ql_dist=None)
  npp 20260922_0600 … ✗ swath overlaps bbox but all pixels cloud/land masked (raw_valid_in_bbox=0, ql_dist=None)
  npp 20260922_0610 … ✗ swath overlaps bbox but all pixels cloud/land masked (raw_valid_in_bbox=0, ql_dist=None)
  npp 20260922_0650 ✓ (cached)
  npp 20260922_0700 … ✗ swath overlaps bbox but all pixels cloud/land masked (raw_valid_in_bbox=0, ql_dist=None)
  npp 20260922_0710 … ✗ swath overlaps bbox but all pixels cloud/land masked (raw_valid_in_bbox=0, ql_dist=None)
  npp 20260922_0750 … ✗ swath overlaps bbox but all pixels cloud/land masked (raw_valid_in_bbox=0, ql_dist=None)
  npp 20260922_0800 … ✗ swath overlaps bbox but all pixels cloud/land masked (raw_valid_in_bbox=0, ql_dist=None)
  npp 20260922_0810 … ✗ swath overlaps bbox but all pixels cloud/land masked (raw_valid_in_bbox=0, ql_dist=None)
  npp 20260922_0850 … ✗ swath overlaps bbox but all pixels cloud/land masked (raw_valid_in_bbox=0, ql_dist=None)
  npp 20260922_0900 … ✗ swath overlaps bbox but all pixels cloud/land masked (raw_valid_in_bbox=0, ql_dist=None)
  npp 20260922_0910 … ✗ swath overlaps bbox but all pixels cloud/land masked (raw_valid_in_bbox=0, ql_dist=None)
  npp 20260922_0950 … ✗ swath overlaps bbox but all pixels cloud/land masked (raw_valid_in_bbox=0, ql_dist=None)
  npp 20260922_1000 … ✗ swath overlaps bbox but all pixels cloud/land masked (raw_valid_in_bbox=0, ql_dist=None)
  npp 20260922_1010 … ✗ swath overlaps bbox but all pixels cloud/land masked (raw_valid_in_bbox=0, ql_dist=None)
  npp 20260922_1050 … ✗ swath overlaps bbox but all pixels cloud/land masked (raw_valid_in_bbox=0, ql_dist=None)
  npp 20260922_1100 … ✗ swath overlaps bbox but all pixels cloud/land masked (raw_valid_in_bbox=0, ql_dist=None)
  npp 20260922_1110 … ✗ swath overlaps bbox but all pixels cloud/land masked (raw_valid_in_bbox=0, ql_dist=None)
  npp 20260922_1150 … ✗ swath overlaps bbox but all pixels cloud/land masked (raw_valid_in_bbox=0, ql_dist=None)
  npp 20260922_1200 … ✗ swath overlaps bbox but all pixels cloud/land masked (raw_valid_in_bbox=0, ql_dist=None)
  npp 20260922_1210 … ✗ swath overlaps bbox but all pixels cloud/land masked (raw_valid_in_bbox=0, ql_dist=None)
  npp 20260922_1250 … ✗ swath overlaps bbox but all pixels cloud/land masked (raw_valid_in_bbox=0, ql_dist=None)
  npp 20260922_1300 … ✗ swath overlaps bbox but all pixels cloud/land masked (raw_valid_in_bbox=0, ql_dist=None)
  npp 20260922_1310 … ✗ swath overlaps bbox but all pixels cloud/land masked (raw_valid_in_bbox=0, ql_dist=None)
  npp 20260922_1450 … ✗ swath overlaps bbox but all pixels cloud/land masked (raw_valid_in_bbox=0, ql_dist=None)
  npp 20260922_1500 … ✗ swath overlaps bbox but all pixels cloud/land masked (raw_valid_in_bbox=0, ql_dist=None)
  npp 20260922_1510 … ✗ swath overlaps bbox but all pixels cloud/land masked (raw_valid_in_bbox=0, ql_dist=None)
  npp 20260922_1550 … ✗ swath overlaps bbox but all pixels cloud/land masked (raw_valid_in_bbox=0, ql_dist=None)
  npp 20260922_1600 … ✗ swath overlaps bbox but all pixels cloud/land masked (raw_valid_in_bbox=0, ql_dist=None)
  npp 20260922_1610 … ✗ swath overlaps bbox but all pixels cloud/land masked (raw_valid_in_bbox=0, ql_dist=None)
  npp 20260922_1650 … ✗ swath overlaps bbox but all pixels cloud/land masked (raw_valid_in_bbox=0, ql_dist=None)
  npp 20260922_1700 … ✗ swath overlaps bbox but all pixels cloud/land masked (raw_valid_in_bbox=0, ql_dist=None)
  npp 20260922_1710 … ✗ swath overlaps bbox but all pixels cloud/land masked (raw_valid_in_bbox=0, ql_dist=None)
  npp 20260922_1750 … ✗ swath overlaps bbox but all pixels cloud/land masked (raw_valid_in_bbox=0, ql_dist=None)
  npp 20260922_1800 … ✗ swath overlaps bbox but all pixels cloud/land masked (raw_valid_in_bbox=0, ql_dist=None)
  npp 20260922_1810 ✓ (cached)
  npp 20260922_1850 … ✗ swath overlaps bbox but all pixels cloud/land masked (raw_valid_in_bbox=0, ql_dist=None)
  npp 20260922_1900 … ✗ swath overlaps bbox but all pixels cloud/land masked (raw_valid_in_bbox=0, ql_dist=None)
  npp 20260922_1910 … ✗ swath overlaps bbox but all pixels cloud/land masked (raw_valid_in_bbox=0, ql_dist=None)
  npp 20260922_1950 … ✗ swath overlaps bbox but all pixels cloud/land masked (raw_valid_in_bbox=0, ql_dist=None)
  npp 20260922_2000 … ✗ swath overlaps bbox but all pixels cloud/land masked (raw_valid_in_bbox=0, ql_dist=None)
  npp 20260922_2010 … ✗ swath overlaps bbox but all pixels cloud/land masked (raw_valid_in_bbox=0, ql_dist=None)
  npp 20260922_2050 … ✗ swath overlaps bbox but all pixels cloud/land masked (raw_valid_in_bbox=0, ql_dist=None)
  npp 20260922_2100 … ✗ swath overlaps bbox but all pixels cloud/land masked (raw_valid_in_bbox=0, ql_dist=None)
  npp 20260922_2110 … ✗ swath overlaps bbox but all pixels cloud/land masked (raw_valid_in_bbox=0, ql_dist=None)
  npp 20260922_2150 … ✗ swath overlaps bbox but all pixels cloud/land masked (raw_valid_in_bbox=0, ql_dist=None)
  npp 20260922_2200 … ✗ swath overlaps bbox but all pixels cloud/land masked (raw_valid_in_bbox=0, ql_dist=None)
  npp 20260922_2210 … ✗ swath overlaps bbox but all pixels cloud/land masked (raw_valid_in_bbox=0, ql_dist=None)
  npp 20260922_2250 … ✗ swath overlaps bbox but all pixels cloud/land masked (raw_valid_in_bbox=0, ql_dist=None)
  npp 20260922_2300 … ✗ swath overlaps bbox but all pixels cloud/land masked (raw_valid_in_bbox=0, ql_dist=None)
  npp 20260922_2310 … ✗ swath overlaps bbox but all pixels cloud/land masked (raw_valid_in_bbox=0, ql_dist=None)
  npp 20260922_2350 … ✗ swath overlaps bbox but all pixels cloud/land masked (raw_valid_in_bbox=0, ql_dist=None)
  npp 20260923_0000 … ✗ swath overlaps bbox but all pixels cloud/land masked (raw_valid_in_bbox=0, ql_dist=None)
  npp 20260923_0010 … ✗ swath overlaps bbox but all pixels cloud/land masked (raw_valid_in_bbox=0, ql_dist=None)
  npp 20260923_0050 … ✗ swath overlaps bbox but all pixels cloud/land masked (raw_valid_in_bbox=0, ql_dist=None)
  npp 20260923_0100 … ✗ swath overlaps bbox but all pixels cloud/land masked (raw_valid_in_bbox=0, ql_dist=None)
  npp 20260923_0110 … ✗ swath overlaps bbox but all pixels cloud/land masked (raw_valid_in_bbox=0, ql_dist=None)
  npp 20260923_0150 … ✗ swath overlaps bbox but all pixels cloud/land masked (raw_valid_in_bbox=0, ql_dist=None)
  npp 20260923_0200 … ✗ swath overlaps bbox but all pixels cloud/land masked (raw_valid_in_bbox=0, ql_dist=None)
  npp 20260923_0210 … ✗ swath overlaps bbox but all pixels cloud/land masked (raw_valid_in_bbox=0, ql_dist=None)
  npp 20260923_0250 … ✗ swath overlaps bbox but all pixels cloud/land masked (raw_valid_in_bbox=0, ql_dist=None)
  npp 20260923_0300 … ✗ swath overlaps bbox but all pixels cloud/land masked (raw_valid_in_bbox=0, ql_dist=None)
  npp 20260923_0310 … ✗ swath overlaps bbox but all pixels cloud/land masked (raw_valid_in_bbox=0, ql_dist=None)
  npp 20260923_0350 … ✗ swath overlaps bbox but all pixels cloud/land masked (raw_valid_in_bbox=0, ql_dist=None)
  npp 20260923_0400 … ✗ swath overlaps bbox but all pixels cloud/land masked (raw_valid_in_bbox=0, ql_dist=None)
  npp 20260923_0410 … ✗ swath overlaps bbox but all pixels cloud/land masked (raw_valid_in_bbox=0, ql_dist=None)
  npp 20260923_0450 … ✗ swath overlaps bbox but all pixels cloud/land masked (raw_valid_in_bbox=0, ql_dist=None)
  npp 20260923_0500 … ✗ swath overlaps bbox but all pixels cloud/land masked (raw_valid_in_bbox=0, ql_dist=None)
  npp 20260923_0510 … ✗ swath overlaps bbox but all pixels cloud/land masked (raw_valid_in_bbox=0, ql_dist=None)
  npp 20260923_0550 … ✗ swath overlaps bbox but all pixels cloud/land masked (raw_valid_in_bbox=0, ql_dist=None)
  npp 20260923_0600 … ✗ swath overlaps bbox but all pixels cloud/land masked (raw_valid_in_bbox=0, ql_dist=None)
  npp 20260923_0610 … ✗ swath overlaps bbox but all pixels cloud/land masked (raw_valid_in_bbox=0, ql_dist=None)
  npp 20260923_0650 … ✗ swath overlaps bbox but all pixels cloud/land masked (raw_valid_in_bbox=0, ql_dist=None)
  npp 20260923_0700 … ✗ swath overlaps bbox but all pixels cloud/land masked (raw_valid_in_bbox=0, ql_dist=None)
  npp 20260923_0710 … ✗ swath overlaps bbox but all pixels cloud/land masked (raw_valid_in_bbox=0, ql_dist=None)
  npp 20260923_0750 … ✗ swath overlaps bbox but all pixels cloud/land masked (raw_valid_in_bbox=0, ql_dist=None)
  npp 20260923_0800 … ✗ swath overlaps bbox but all pixels cloud/land masked (raw_valid_in_bbox=0, ql_dist=None)
  npp 20260923_0810 ✓ (cached)
  npp 20260923_0850 … ✗ swath overlaps bbox but all pixels cloud/land masked (raw_valid_in_bbox=0, ql_dist=None)
  npp 20260923_0900 … ✗ swath overlaps bbox but all pixels cloud/land masked (raw_valid_in_bbox=0, ql_dist=None)
  npp 20260923_0910 … ✗ swath overlaps bbox but all pixels cloud/land masked (raw_valid_in_bbox=0, ql_dist=None)
  npp 20260923_0950 … ✗ swath overlaps bbox but all pixels cloud/land masked (raw_valid_in_bbox=0, ql_dist=None)
  npp 20260923_1000 … ✗ swath overlaps bbox but all pixels cloud/land masked (raw_valid_in_bbox=0, ql_dist=None)
  npp 20260923_1010 … ✗ swath overlaps bbox but all pixels cloud/land masked (raw_valid_in_bbox=0, ql_dist=None)
  npp 20260923_1050 … ✗ swath overlaps bbox but all pixels cloud/land masked (raw_valid_in_bbox=0, ql_dist=None)
  npp 20260923_1100 … ✗ swath overlaps bbox but all pixels cloud/land masked (raw_valid_in_bbox=0, ql_dist=None)
  npp 20260923_1110 … ✗ swath overlaps bbox but all pixels cloud/land masked (raw_valid_in_bbox=0, ql_dist=None)
  npp 20260923_1150 … ✗ swath overlaps bbox but all pixels cloud/land masked (raw_valid_in_bbox=0, ql_dist=None)
  npp 20260923_1200 … ✗ swath overlaps bbox but all pixels cloud/land masked (raw_valid_in_bbox=0, ql_dist=None)
  npp 20260923_1210 … ✗ swath overlaps bbox but all pixels cloud/land masked (raw_valid_in_bbox=0, ql_dist=None)
  npp 20260923_1250 … ✗ swath overlaps bbox but all pixels cloud/land masked (raw_valid_in_bbox=0, ql_dist=None)
  npp 20260923_1300 … ✗ swath overlaps bbox but all pixels cloud/land masked (raw_valid_in_bbox=0, ql_dist=None)
  npp 20260923_1310 … ✗ swath overlaps bbox but all pixels cloud/land masked (raw_valid_in_bbox=0, ql_dist=None)
  npp 20260923_1350 … ✗ swath overlaps bbox but all pixels cloud/land masked (raw_valid_in_bbox=0, ql_dist=None)
  npp 20260923_1400 … ✗ swath overlaps bbox but all pixels cloud/land masked (raw_valid_in_bbox=0, ql_dist=None)
  npp 20260923_1410 … ✗ swath overlaps bbox but all pixels cloud/land masked (raw_valid_in_bbox=0, ql_dist=None)
  npp 20260923_1450 … ✗ swath overlaps bbox but all pixels cloud/land masked (raw_valid_in_bbox=0, ql_dist=None)
  npp 20260923_1500 … ✗ swath overlaps bbox but all pixels cloud/land masked (raw_valid_in_bbox=0, ql_dist=None)
  npp 20260923_1510 … ✗ swath overlaps bbox but all pixels cloud/land masked (raw_valid_in_bbox=0, ql_dist=None)
  npp 20260923_1550 … ✗ swath overlaps bbox but all pixels cloud/land masked (raw_valid_in_bbox=0, ql_dist=None)
  npp 20260923_1600 … ✗ swath overlaps bbox but all pixels cloud/land masked (raw_valid_in_bbox=0, ql_dist=None)
  npp 20260923_1610 … ✗ swath overlaps bbox but all pixels cloud/land masked (raw_valid_in_bbox=0, ql_dist=None)
  npp 20260923_1650 … ✗ swath overlaps bbox but all pixels cloud/land masked (raw_valid_in_bbox=0, ql_dist=None)
  npp 20260923_1700 … ✗ swath overlaps bbox but all pixels cloud/land masked (raw_valid_in_bbox=0, ql_dist=None)
  npp 20260923_1710 … ✗ swath overlaps bbox but all pixels cloud/land masked (raw_valid_in_bbox=0, ql_dist=None)
  npp 20260923_1750 …   → DailySSTData/VIIRS/Passes/ne_fl/viirs_npp_20260923_1750.csv  (228 pts, 42 lats × 37 lons)
  npp 20260923_1800 … ✗ swath overlaps bbox but all pixels cloud/land masked (raw_valid_in_bbox=0, ql_dist=None)
  npp 20260923_1810 … ✗ swath overlaps bbox but all pixels cloud/land masked (raw_valid_in_bbox=0, ql_dist=None)
  npp 20260923_1850 … ✗ swath overlaps bbox but all pixels cloud/land masked (raw_valid_in_bbox=0, ql_dist=None)
  npp 20260923_1900 … ✗ swath overlaps bbox but all pixels cloud/land masked (raw_valid_in_bbox=0, ql_dist=None)
  npp 20260923_1910 … ✗ swath overlaps bbox but all pixels cloud/land masked (raw_valid_in_bbox=0, ql_dist=None)
  n20 20260921_2050 … ✗ swath overlaps bbox but all pixels cloud/land masked (raw_valid_in_bbox=0, ql_dist=None)
  n20 20260921_2100 … ✗ swath overlaps bbox but all pixels cloud/land masked (raw_valid_in_bbox=0, ql_dist=None)
  n20 20260921_2110 … ✗ swath overlaps bbox but all pixels cloud/land masked (raw_valid_in_bbox=0, ql_dist=None)
  n20 20260921_2150 … ✗ swath overlaps bbox but all pixels cloud/land masked (raw_valid_in_bbox=0, ql_dist=None)
  n20 20260921_2200 … ✗ swath overlaps bbox but all pixels cloud/land masked (raw_valid_in_bbox=0, ql_dist=None)
  n20 20260921_2210 … ✗ swath overlaps bbox but all pixels cloud/land masked (raw_valid_in_bbox=0, ql_dist=None)
  n20 20260921_2250 … ✗ swath overlaps bbox but all pixels cloud/land masked (raw_valid_in_bbox=0, ql_dist=None)
  n20 20260921_2300 … ✗ swath overlaps bbox but all pixels cloud/land masked (raw_valid_in_bbox=0, ql_dist=None)
  n20 20260921_2310 … ✗ swath overlaps bbox but all pixels cloud/land masked (raw_valid_in_bbox=0, ql_dist=None)
  n20 20260921_2350 … ✗ swath overlaps bbox but all pixels cloud/land masked (raw_valid_in_bbox=0, ql_dist=None)
  n20 20260922_0000 … ✗ swath overlaps bbox but all pixels cloud/land masked (raw_valid_in_bbox=0, ql_dist=None)
  n20 20260922_0010 … ✗ swath overlaps bbox but all pixels cloud/land masked (raw_valid_in_bbox=0, ql_dist=None)
  n20 20260922_0050 … ✗ swath overlaps bbox but all pixels cloud/land masked (raw_valid_in_bbox=0, ql_dist=None)
  n20 20260922_0100 … ✗ swath overlaps bbox but all pixels cloud/land masked (raw_valid_in_bbox=0, ql_dist=None)
  n20 20260922_0110 … ✗ swath overlaps bbox but all pixels cloud/land masked (raw_valid_in_bbox=0, ql_dist=None)
  n20 20260922_0150 … ✗ swath overlaps bbox but all pixels cloud/land masked (raw_valid_in_bbox=0, ql_dist=None)
  n20 20260922_0200 … ✗ swath overlaps bbox but all pixels cloud/land masked (raw_valid_in_bbox=0, ql_dist=None)
  n20 20260922_0210 … ✗ swath overlaps bbox but all pixels cloud/land masked (raw_valid_in_bbox=0, ql_dist=None)
  n20 20260922_0250 … ✗ swath overlaps bbox but all pixels cloud/land masked (raw_valid_in_bbox=0, ql_dist=None)
  n20 20260922_0300 … ✗ swath overlaps bbox but all pixels cloud/land masked (raw_valid_in_bbox=0, ql_dist=None)
  n20 20260922_0310 … ✗ swath overlaps bbox but all pixels cloud/land masked (raw_valid_in_bbox=0, ql_dist=None)
  n20 20260922_0350 … ✗ swath overlaps bbox but all pixels cloud/land masked (raw_valid_in_bbox=0, ql_dist=None)
  n20 20260922_0400 … ✗ swath overlaps bbox but all pixels cloud/land masked (raw_valid_in_bbox=0, ql_dist=None)
  n20 20260922_0410 … ✗ swath overlaps bbox but all pixels cloud/land masked (raw_valid_in_bbox=0, ql_dist=None)
  n20 20260922_0450 … ✗ swath overlaps bbox but all pixels cloud/land masked (raw_valid_in_bbox=0, ql_dist=None)
  n20 20260922_0500 … ✗ swath overlaps bbox but all pixels cloud/land masked (raw_valid_in_bbox=0, ql_dist=None)
  n20 20260922_0510 … ✗ swath overlaps bbox but all pixels cloud/land masked (raw_valid_in_bbox=0, ql_dist=None)
  n20 20260922_0550 … ✗ swath overlaps bbox but all pixels cloud/land masked (raw_valid_in_bbox=0, ql_dist=None)
  n20 20260922_0600 … ✗ swath overlaps bbox but all pixels cloud/land masked (raw_valid_in_bbox=0, ql_dist=None)
  n20 20260922_0610 … ✗ swath overlaps bbox but all pixels cloud/land masked (raw_valid_in_bbox=0, ql_dist=None)
  n20 20260922_0650 … ✗ swath overlaps bbox but all pixels cloud/land masked (raw_valid_in_bbox=0, ql_dist=None)
  n20 20260922_0700 … ✗ swath overlaps bbox but all pixels cloud/land masked (raw_valid_in_bbox=0, ql_dist=None)
  n20 20260922_0710 ✓ (cached)
  n20 20260922_0750 … ✗ swath overlaps bbox but all pixels cloud/land masked (raw_valid_in_bbox=0, ql_dist=None)
  n20 20260922_0800 … ✗ swath overlaps bbox but all pixels cloud/land masked (raw_valid_in_bbox=0, ql_dist=None)
  n20 20260922_0810 … ✗ swath overlaps bbox but all pixels cloud/land masked (raw_valid_in_bbox=0, ql_dist=None)
  n20 20260922_0850 … ✗ swath overlaps bbox but all pixels cloud/land masked (raw_valid_in_bbox=0, ql_dist=None)
  n20 20260922_0900 … ✗ swath overlaps bbox but all pixels cloud/land masked (raw_valid_in_bbox=0, ql_dist=None)
  n20 20260922_0910 … ✗ swath overlaps bbox but all pixels cloud/land masked (raw_valid_in_bbox=0, ql_dist=None)
  n20 20260922_0950 … ✗ swath overlaps bbox but all pixels cloud/land masked (raw_valid_in_bbox=0, ql_dist=None)
  n20 20260922_1000 … ✗ swath overlaps bbox but all pixels cloud/land masked (raw_valid_in_bbox=0, ql_dist=None)
  n20 20260922_1010 … ✗ swath overlaps bbox but all pixels cloud/land masked (raw_valid_in_bbox=0, ql_dist=None)
  n20 20260922_1050 … ✗ swath overlaps bbox but all pixels cloud/land masked (raw_valid_in_bbox=0, ql_dist=None)
  n20 20260922_1100 … ✗ swath overlaps bbox but all pixels cloud/land masked (raw_valid_in_bbox=0, ql_dist=None)
  n20 20260922_1110 … ✗ swath overlaps bbox but all pixels cloud/land masked (raw_valid_in_bbox=0, ql_dist=None)
  n20 20260922_1150 … ✗ swath overlaps bbox but all pixels cloud/land masked (raw_valid_in_bbox=0, ql_dist=None)
  n20 20260922_1200 … ✗ swath overlaps bbox but all pixels cloud/land masked (raw_valid_in_bbox=0, ql_dist=None)
  n20 20260922_1210 … ✗ swath overlaps bbox but all pixels cloud/land masked (raw_valid_in_bbox=0, ql_dist=None)
  n20 20260922_1250 … ✗ swath overlaps bbox but all pixels cloud/land masked (raw_valid_in_bbox=0, ql_dist=None)
  n20 20260922_1300 … ✗ swath overlaps bbox but all pixels cloud/land masked (raw_valid_in_bbox=0, ql_dist=None)
  n20 20260922_1310 … ✗ swath overlaps bbox but all pixels cloud/land masked (raw_valid_in_bbox=0, ql_dist=None)
  n20 20260922_1350 … ✗ swath overlaps bbox but all pixels cloud/land masked (raw_valid_in_bbox=0, ql_dist=None)
  n20 20260922_1400 … ✗ swath overlaps bbox but all pixels cloud/land masked (raw_valid_in_bbox=0, ql_dist=None)
  n20 20260922_1410 … ✗ swath overlaps bbox but all pixels cloud/land masked (raw_valid_in_bbox=0, ql_dist=None)
  n20 20260922_1450 … ✗ swath overlaps bbox but all pixels cloud/land masked (raw_valid_in_bbox=0, ql_dist=None)
  n20 20260922_1500 … ✗ swath overlaps bbox but all pixels cloud/land masked (raw_valid_in_bbox=0, ql_dist=None)
  n20 20260922_1510 … ✗ swath overlaps bbox but all pixels cloud/land masked (raw_valid_in_bbox=0, ql_dist=None)
  n20 20260922_1550 … ✗ swath overlaps bbox but all pixels cloud/land masked (raw_valid_in_bbox=0, ql_dist=None)
  n20 20260922_1600 … ✗ swath overlaps bbox but all pixels cloud/land masked (raw_valid_in_bbox=0, ql_dist=None)
  n20 20260922_1610 … ✗ swath overlaps bbox but all pixels cloud/land masked (raw_valid_in_bbox=0, ql_dist=None)
  n20 20260922_1650 … ✗ swath overlaps bbox but all pixels cloud/land masked (raw_valid_in_bbox=0, ql_dist=None)
  n20 20260922_1700 … ✗ swath overlaps bbox but all pixels cloud/land masked (raw_valid_in_bbox=0, ql_dist=None)
  n20 20260922_1710 … ✗ swath overlaps bbox but all pixels cloud/land masked (raw_valid_in_bbox=0, ql_dist=None)
  n20 20260922_1750 … ✗ swath overlaps bbox but all pixels cloud/land masked (raw_valid_in_bbox=0, ql_dist=None)
  n20 20260922_1800 … ✗ swath overlaps bbox but all pixels cloud/land masked (raw_valid_in_bbox=0, ql_dist=None)
  n20 20260922_1810 … ✗ swath overlaps bbox but all pixels cloud/land masked (raw_valid_in_bbox=0, ql_dist=None)
  n20 20260922_1850 … ✗ swath overlaps bbox but all pixels cloud/land masked (raw_valid_in_bbox=0, ql_dist=None)
  n20 20260922_1900 … ✗ swath overlaps bbox but all pixels cloud/land masked (raw_valid_in_bbox=0, ql_dist=None)
  n20 20260922_1910 … ✗ swath overlaps bbox but all pixels cloud/land masked (raw_valid_in_bbox=0, ql_dist=None)
  n20 20260922_1950 … ✗ swath overlaps bbox but all pixels cloud/land masked (raw_valid_in_bbox=0, ql_dist=None)
  n20 20260922_2000 … ✗ swath overlaps bbox but all pixels cloud/land masked (raw_valid_in_bbox=0, ql_dist=None)
  n20 20260922_2010 … ✗ swath overlaps bbox but all pixels cloud/land masked (raw_valid_in_bbox=0, ql_dist=None)
  n20 20260922_2050 … ✗ swath overlaps bbox but all pixels cloud/land masked (raw_valid_in_bbox=0, ql_dist=None)
  n20 20260922_2100 … ✗ swath overlaps bbox but all pixels cloud/land masked (raw_valid_in_bbox=0, ql_dist=None)
  n20 20260922_2110 … ✗ swath overlaps bbox but all pixels cloud/land masked (raw_valid_in_bbox=0, ql_dist=None)
  n20 20260922_2150 … ✗ swath overlaps bbox but all pixels cloud/land masked (raw_valid_in_bbox=0, ql_dist=None)
  n20 20260922_2200 … ✗ swath overlaps bbox but all pixels cloud/land masked (raw_valid_in_bbox=0, ql_dist=None)
  n20 20260922_2210 … ✗ swath overlaps bbox but all pixels cloud/land masked (raw_valid_in_bbox=0, ql_dist=None)
  n20 20260922_2250 … ✗ swath overlaps bbox but all pixels cloud/land masked (raw_valid_in_bbox=0, ql_dist=None)
  n20 20260922_2300 … ✗ swath overlaps bbox but all pixels cloud/land masked (raw_valid_in_bbox=0, ql_dist=None)
  n20 20260922_2310 … ✗ swath overlaps bbox but all pixels cloud/land masked (raw_valid_in_bbox=0, ql_dist=None)
  n20 20260922_2350 … ✗ swath overlaps bbox but all pixels cloud/land masked (raw_valid_in_bbox=0, ql_dist=None)
  n20 20260923_0000 … ✗ swath overlaps bbox but all pixels cloud/land masked (raw_valid_in_bbox=0, ql_dist=None)
  n20 20260923_0010 … ✗ swath overlaps bbox but all pixels cloud/land masked (raw_valid_in_bbox=0, ql_dist=None)
  n20 20260923_0050 … ✗ swath overlaps bbox but all pixels cloud/land masked (raw_valid_in_bbox=0, ql_dist=None)
  n20 20260923_0100 … ✗ swath overlaps bbox but all pixels cloud/land masked (raw_valid_in_bbox=0, ql_dist=None)
  n20 20260923_0110 … ✗ swath overlaps bbox but all pixels cloud/land masked (raw_valid_in_bbox=0, ql_dist=None)
  n20 20260923_0150 … ✗ swath overlaps bbox but all pixels cloud/land masked (raw_valid_in_bbox=0, ql_dist=None)
  n20 20260923_0200 … ✗ swath overlaps bbox but all pixels cloud/land masked (raw_valid_in_bbox=0, ql_dist=None)
  n20 20260923_0210 … ✗ swath overlaps bbox but all pixels cloud/land masked (raw_valid_in_bbox=0, ql_dist=None)
  n20 20260923_0250 … ✗ swath overlaps bbox but all pixels cloud/land masked (raw_valid_in_bbox=0, ql_dist=None)
  n20 20260923_0300 … ✗ swath overlaps bbox but all pixels cloud/land masked (raw_valid_in_bbox=0, ql_dist=None)
  n20 20260923_0310 … ✗ swath overlaps bbox but all pixels cloud/land masked (raw_valid_in_bbox=0, ql_dist=None)
  n20 20260923_0350 … ✗ swath overlaps bbox but all pixels cloud/land masked (raw_valid_in_bbox=0, ql_dist=None)
  n20 20260923_0400 … ✗ swath overlaps bbox but all pixels cloud/land masked (raw_valid_in_bbox=0, ql_dist=None)
  n20 20260923_0410 … ✗ swath overlaps bbox but all pixels cloud/land masked (raw_valid_in_bbox=0, ql_dist=None)
  n20 20260923_0450 … ✗ swath overlaps bbox but all pixels cloud/land masked (raw_valid_in_bbox=0, ql_dist=None)
  n20 20260923_0500 … ✗ swath overlaps bbox but all pixels cloud/land masked (raw_valid_in_bbox=0, ql_dist=None)
  n20 20260923_0510 … ✗ swath overlaps bbox but all pixels cloud/land masked (raw_valid_in_bbox=0, ql_dist=None)
  n20 20260923_0550 … ✗ swath overlaps bbox but all pixels cloud/land masked (raw_valid_in_bbox=0, ql_dist=None)
  n20 20260923_0600 … ✗ swath overlaps bbox but all pixels cloud/land masked (raw_valid_in_bbox=0, ql_dist=None)
  n20 20260923_0610 … ✗ swath overlaps bbox but all pixels cloud/land masked (raw_valid_in_bbox=0, ql_dist=None)
  n20 20260923_0650 ✓ (cached)
  n20 20260923_0700 … ✗ swath overlaps bbox but all pixels cloud/land masked (raw_valid_in_bbox=0, ql_dist=None)
  n20 20260923_0710 … ✗ swath overlaps bbox but all pixels cloud/land masked (raw_valid_in_bbox=0, ql_dist=None)
  n20 20260923_0750 … ✗ swath overlaps bbox but all pixels cloud/land masked (raw_valid_in_bbox=0, ql_dist=None)
  n20 20260923_0800 … ✗ swath overlaps bbox but all pixels cloud/land masked (raw_valid_in_bbox=0, ql_dist=None)
  n20 20260923_0810 … ✗ swath overlaps bbox but all pixels cloud/land masked (raw_valid_in_bbox=0, ql_dist=None)
  n20 20260923_0850 … ✗ swath overlaps bbox but all pixels cloud/land masked (raw_valid_in_bbox=0, ql_dist=None)
  n20 20260923_0900 … ✗ swath overlaps bbox but all pixels cloud/land masked (raw_valid_in_bbox=0, ql_dist=None)
  n20 20260923_0910 … ✗ swath overlaps bbox but all pixels cloud/land masked (raw_valid_in_bbox=0, ql_dist=None)
  n20 20260923_0950 … ✗ swath overlaps bbox but all pixels cloud/land masked (raw_valid_in_bbox=0, ql_dist=None)
  n20 20260923_1000 … ✗ swath overlaps bbox but all pixels cloud/land masked (raw_valid_in_bbox=0, ql_dist=None)
  n20 20260923_1010 … ✗ swath overlaps bbox but all pixels cloud/land masked (raw_valid_in_bbox=0, ql_dist=None)
  n20 20260923_1050 … ✗ swath overlaps bbox but all pixels cloud/land masked (raw_valid_in_bbox=0, ql_dist=None)
  n20 20260923_1100 … ✗ swath overlaps bbox but all pixels cloud/land masked (raw_valid_in_bbox=0, ql_dist=None)
  n20 20260923_1110 … ✗ swath overlaps bbox but all pixels cloud/land masked (raw_valid_in_bbox=0, ql_dist=None)
  n20 20260923_1150 … ✗ swath overlaps bbox but all pixels cloud/land masked (raw_valid_in_bbox=0, ql_dist=None)
  n20 20260923_1200 … ✗ swath overlaps bbox but all pixels cloud/land masked (raw_valid_in_bbox=0, ql_dist=None)
  n20 20260923_1210 … ✗ swath overlaps bbox but all pixels cloud/land masked (raw_valid_in_bbox=0, ql_dist=None)
  n20 20260923_1250 … ✗ swath overlaps bbox but all pixels cloud/land masked (raw_valid_in_bbox=0, ql_dist=None)
  n20 20260923_1300 … ✗ swath overlaps bbox but all pixels cloud/land masked (raw_valid_in_bbox=0, ql_dist=None)
  n20 20260923_1310 … ✗ swath overlaps bbox but all pixels cloud/land masked (raw_valid_in_bbox=0, ql_dist=None)
  n20 20260923_1350 … ✗ swath overlaps bbox but all pixels cloud/land masked (raw_valid_in_bbox=0, ql_dist=None)
  n20 20260923_1400 … ✗ swath overlaps bbox but all pixels cloud/land masked (raw_valid_in_bbox=0, ql_dist=None)
  n20 20260923_1410 … ✗ swath overlaps bbox but all pixels cloud/land masked (raw_valid_in_bbox=0, ql_dist=None)
  n20 20260923_1450 … ✗ swath overlaps bbox but all pixels cloud/land masked (raw_valid_in_bbox=0, ql_dist=None)
  n20 20260923_1500 … ✗ swath overlaps bbox but all pixels cloud/land masked (raw_valid_in_bbox=0, ql_dist=None)
  n20 20260923_1510 … ✗ swath overlaps bbox but all pixels cloud/land masked (raw_valid_in_bbox=0, ql_dist=None)
  n20 20260923_1550 … ✗ swath overlaps bbox but all pixels cloud/land masked (raw_valid_in_bbox=0, ql_dist=None)
  n20 20260923_1600 … ✗ swath overlaps bbox but all pixels cloud/land masked (raw_valid_in_bbox=0, ql_dist=None)
  n20 20260923_1610 … ✗ swath overlaps bbox but all pixels cloud/land masked (raw_valid_in_bbox=0, ql_dist=None)
  n20 20260923_1650 … ✗ swath overlaps bbox but all pixels cloud/land masked (raw_valid_in_bbox=0, ql_dist=None)
  n20 20260923_1700 … ✗ swath overlaps bbox but all pixels cloud/land masked (raw_valid_in_bbox=0, ql_dist=None)
  n20 20260923_1710 … ✗ swath overlaps bbox but all pixels cloud/land masked (raw_valid_in_bbox=0, ql_dist=None)
  n20 20260923_1750 … ✗ swath overlaps bbox but all pixels cloud/land masked (raw_valid_in_bbox=0, ql_dist=None)
  n20 20260923_1800 … ✗ swath overlaps bbox but all pixels cloud/land masked (raw_valid_in_bbox=0, ql_dist=None)
  n20 20260923_1810 …   → DailySSTData/VIIRS/Passes/ne_fl/viirs_n20_20260923_1810.csv  (273 pts, 66 lats × 68 lons)
  n20 20260923_1850 … ✗ swath overlaps bbox but all pixels cloud/land masked (raw_valid_in_bbox=0, ql_dist=None)
  n20 20260923_1900 … ✗ swath overlaps bbox but all pixels cloud/land masked (raw_valid_in_bbox=0, ql_dist=None)
  n20 20260923_1910 … ✗ swath overlaps bbox but all pixels cloud/land masked (raw_valid_in_bbox=0, ql_dist=None)
  n20 20260923_1950 … ✗ swath overlaps bbox but all pixels cloud/land masked (raw_valid_in_bbox=0, ql_dist=None)
  n20 20260923_2000 … ✗ swath overlaps bbox but all pixels cloud/land masked (raw_valid_in_bbox=0, ql_dist=None)
  n21 20260921_2050 … ✗ swath overlaps bbox but all pixels cloud/land masked (raw_valid_in_bbox=0, ql_dist=None)
  n21 20260921_2100 … ✗ swath overlaps bbox but all pixels cloud/land masked (raw_valid_in_bbox=0, ql_dist=None)
  n21 20260921_2110 … ✗ swath overlaps bbox but all pixels cloud/land masked (raw_valid_in_bbox=0, ql_dist=None)
  n21 20260921_2150 … ✗ swath overlaps bbox but all pixels cloud/land masked (raw_valid_in_bbox=0, ql_dist=None)
  n21 20260921_2200 … ✗ swath overlaps bbox but all pixels cloud/land masked (raw_valid_in_bbox=0, ql_dist=None)
  n21 20260921_2210 … ✗ swath overlaps bbox but all pixels cloud/land masked (raw_valid_in_bbox=0, ql_dist=None)
  n21 20260921_2250 … ✗ swath overlaps bbox but all pixels cloud/land masked (raw_valid_in_bbox=0, ql_dist=None)
  n21 20260921_2300 … ✗ swath overlaps bbox but all pixels cloud/land masked (raw_valid_in_bbox=0, ql_dist=None)
  n21 20260921_2310 … ✗ swath overlaps bbox but all pixels cloud/land masked (raw_valid_in_bbox=0, ql_dist=None)
  n21 20260921_2350 … ✗ swath overlaps bbox but all pixels cloud/land masked (raw_valid_in_bbox=0, ql_dist=None)
  n21 20260922_0000 … ✗ swath overlaps bbox but all pixels cloud/land masked (raw_valid_in_bbox=0, ql_dist=None)
  n21 20260922_0010 … ✗ swath overlaps bbox but all pixels cloud/land masked (raw_valid_in_bbox=0, ql_dist=None)
  n21 20260922_0050 … ✗ swath overlaps bbox but all pixels cloud/land masked (raw_valid_in_bbox=0, ql_dist=None)
  n21 20260922_0100 … ✗ swath overlaps bbox but all pixels cloud/land masked (raw_valid_in_bbox=0, ql_dist=None)
  n21 20260922_0110 … ✗ swath overlaps bbox but all pixels cloud/land masked (raw_valid_in_bbox=0, ql_dist=None)
  n21 20260922_0150 … ✗ swath overlaps bbox but all pixels cloud/land masked (raw_valid_in_bbox=0, ql_dist=None)
  n21 20260922_0200 … ✗ swath overlaps bbox but all pixels cloud/land masked (raw_valid_in_bbox=0, ql_dist=None)
  n21 20260922_0210 … ✗ swath overlaps bbox but all pixels cloud/land masked (raw_valid_in_bbox=0, ql_dist=None)
  n21 20260922_0250 … ✗ swath overlaps bbox but all pixels cloud/land masked (raw_valid_in_bbox=0, ql_dist=None)
  n21 20260922_0300 … ✗ swath overlaps bbox but all pixels cloud/land masked (raw_valid_in_bbox=0, ql_dist=None)
  n21 20260922_0310 … ✗ swath overlaps bbox but all pixels cloud/land masked (raw_valid_in_bbox=0, ql_dist=None)
  n21 20260922_0350 … ✗ swath overlaps bbox but all pixels cloud/land masked (raw_valid_in_bbox=0, ql_dist=None)
  n21 20260922_0400 … ✗ swath overlaps bbox but all pixels cloud/land masked (raw_valid_in_bbox=0, ql_dist=None)
  n21 20260922_0410 … ✗ swath overlaps bbox but all pixels cloud/land masked (raw_valid_in_bbox=0, ql_dist=None)
  n21 20260922_0450 … ✗ swath overlaps bbox but all pixels cloud/land masked (raw_valid_in_bbox=0, ql_dist=None)
  n21 20260922_0500 … ✗ swath overlaps bbox but all pixels cloud/land masked (raw_valid_in_bbox=0, ql_dist=None)
  n21 20260922_0510 … ✗ swath overlaps bbox but all pixels cloud/land masked (raw_valid_in_bbox=0, ql_dist=None)
  n21 20260922_0550 … ✗ swath overlaps bbox but all pixels cloud/land masked (raw_valid_in_bbox=0, ql_dist=None)
  n21 20260922_0600 … ✗ swath overlaps bbox but all pixels cloud/land masked (raw_valid_in_bbox=0, ql_dist=None)
  n21 20260922_0610 ✓ (cached)
  n21 20260922_0650 … ✗ swath overlaps bbox but all pixels cloud/land masked (raw_valid_in_bbox=0, ql_dist=None)
  n21 20260922_0700 … ✗ swath overlaps bbox but all pixels cloud/land masked (raw_valid_in_bbox=0, ql_dist=None)
  n21 20260922_0710 … ✗ swath overlaps bbox but all pixels cloud/land masked (raw_valid_in_bbox=0, ql_dist=None)
  n21 20260922_0750 ✓ (cached)
  n21 20260922_0800 … ✗ swath overlaps bbox but all pixels cloud/land masked (raw_valid_in_bbox=0, ql_dist=None)
  n21 20260922_0810 … ✗ swath overlaps bbox but all pixels cloud/land masked (raw_valid_in_bbox=0, ql_dist=None)
  n21 20260922_0850 … ✗ swath overlaps bbox but all pixels cloud/land masked (raw_valid_in_bbox=0, ql_dist=None)
  n21 20260922_0900 … ✗ swath overlaps bbox but all pixels cloud/land masked (raw_valid_in_bbox=0, ql_dist=None)
  n21 20260922_0910 … ✗ swath overlaps bbox but all pixels cloud/land masked (raw_valid_in_bbox=0, ql_dist=None)
  n21 20260922_0950 … ✗ swath overlaps bbox but all pixels cloud/land masked (raw_valid_in_bbox=0, ql_dist=None)
  n21 20260922_1000 … ✗ swath overlaps bbox but all pixels cloud/land masked (raw_valid_in_bbox=0, ql_dist=None)
  n21 20260922_1010 … ✗ swath overlaps bbox but all pixels cloud/land masked (raw_valid_in_bbox=0, ql_dist=None)
  n21 20260922_1050 … ✗ swath overlaps bbox but all pixels cloud/land masked (raw_valid_in_bbox=0, ql_dist=None)
  n21 20260922_1100 … ✗ swath overlaps bbox but all pixels cloud/land masked (raw_valid_in_bbox=0, ql_dist=None)
  n21 20260922_1110 … ✗ swath overlaps bbox but all pixels cloud/land masked (raw_valid_in_bbox=0, ql_dist=None)
  n21 20260922_1150 … ✗ swath overlaps bbox but all pixels cloud/land masked (raw_valid_in_bbox=0, ql_dist=None)
  n21 20260922_1200 … ✗ swath overlaps bbox but all pixels cloud/land masked (raw_valid_in_bbox=0, ql_dist=None)
  n21 20260922_1210 … ✗ swath overlaps bbox but all pixels cloud/land masked (raw_valid_in_bbox=0, ql_dist=None)
  n21 20260922_1250 … ✗ swath overlaps bbox but all pixels cloud/land masked (raw_valid_in_bbox=0, ql_dist=None)
  n21 20260922_1300 … ✗ swath overlaps bbox but all pixels cloud/land masked (raw_valid_in_bbox=0, ql_dist=None)
  n21 20260922_1310 … ✗ swath overlaps bbox but all pixels cloud/land masked (raw_valid_in_bbox=0, ql_dist=None)
  n21 20260922_1350 … ✗ swath overlaps bbox but all pixels cloud/land masked (raw_valid_in_bbox=0, ql_dist=None)
  n21 20260922_1400 … ✗ swath overlaps bbox but all pixels cloud/land masked (raw_valid_in_bbox=0, ql_dist=None)
  n21 20260922_1410 … ✗ swath overlaps bbox but all pixels cloud/land masked (raw_valid_in_bbox=0, ql_dist=None)
  n21 20260922_1450 … ✗ swath overlaps bbox but all pixels cloud/land masked (raw_valid_in_bbox=0, ql_dist=None)
  n21 20260922_1500 … ✗ swath overlaps bbox but all pixels cloud/land masked (raw_valid_in_bbox=0, ql_dist=None)
  n21 20260922_1510 … ✗ swath overlaps bbox but all pixels cloud/land masked (raw_valid_in_bbox=0, ql_dist=None)
  n21 20260922_1550 … ✗ swath overlaps bbox but all pixels cloud/land masked (raw_valid_in_bbox=0, ql_dist=None)
  n21 20260922_1600 … ✗ swath overlaps bbox but all pixels cloud/land masked (raw_valid_in_bbox=0, ql_dist=None)
  n21 20260922_1610 … ✗ swath overlaps bbox but all pixels cloud/land masked (raw_valid_in_bbox=0, ql_dist=None)
  n21 20260922_1650 … ✗ swath overlaps bbox but all pixels cloud/land masked (raw_valid_in_bbox=0, ql_dist=None)
  n21 20260922_1700 … ✗ swath overlaps bbox but all pixels cloud/land masked (raw_valid_in_bbox=0, ql_dist=None)
  n21 20260922_1710 … ✗ swath overlaps bbox but all pixels cloud/land masked (raw_valid_in_bbox=0, ql_dist=None)
  n21 20260922_1750 … ✗ swath overlaps bbox but all pixels cloud/land masked (raw_valid_in_bbox=0, ql_dist=None)
  n21 20260922_1800 … ✗ swath overlaps bbox but all pixels cloud/land masked (raw_valid_in_bbox=0, ql_dist=None)
  n21 20260922_1810 … ✗ swath overlaps bbox but all pixels cloud/land masked (raw_valid_in_bbox=0, ql_dist=None)
  n21 20260922_1850 … ✗ swath overlaps bbox but all pixels cloud/land masked (raw_valid_in_bbox=0, ql_dist=None)
  n21 20260922_1900 … ✗ swath overlaps bbox but all pixels cloud/land masked (raw_valid_in_bbox=0, ql_dist=None)
  n21 20260922_1910 ✓ (cached)
  n21 20260922_1950 … ✗ swath overlaps bbox but all pixels cloud/land masked (raw_valid_in_bbox=0, ql_dist=None)
  n21 20260922_2000 … ✗ swath overlaps bbox but all pixels cloud/land masked (raw_valid_in_bbox=0, ql_dist=None)
  n21 20260922_2010 … ✗ swath overlaps bbox but all pixels cloud/land masked (raw_valid_in_bbox=0, ql_dist=None)
  n21 20260922_2050 … ✗ swath overlaps bbox but all pixels cloud/land masked (raw_valid_in_bbox=0, ql_dist=None)
  n21 20260922_2100 … ✗ swath overlaps bbox but all pixels cloud/land masked (raw_valid_in_bbox=0, ql_dist=None)
  n21 20260922_2110 … ✗ swath overlaps bbox but all pixels cloud/land masked (raw_valid_in_bbox=0, ql_dist=None)
  n21 20260922_2150 … ✗ swath overlaps bbox but all pixels cloud/land masked (raw_valid_in_bbox=0, ql_dist=None)
  n21 20260922_2200 … ✗ swath overlaps bbox but all pixels cloud/land masked (raw_valid_in_bbox=0, ql_dist=None)
  n21 20260922_2210 … ✗ swath overlaps bbox but all pixels cloud/land masked (raw_valid_in_bbox=0, ql_dist=None)
  n21 20260922_2250 … ✗ swath overlaps bbox but all pixels cloud/land masked (raw_valid_in_bbox=0, ql_dist=None)
  n21 20260922_2300 … ✗ swath overlaps bbox but all pixels cloud/land masked (raw_valid_in_bbox=0, ql_dist=None)
  n21 20260922_2310 … ✗ swath overlaps bbox but all pixels cloud/land masked (raw_valid_in_bbox=0, ql_dist=None)
  n21 20260922_2350 … ✗ swath overlaps bbox but all pixels cloud/land masked (raw_valid_in_bbox=0, ql_dist=None)
  n21 20260923_0000 … ✗ swath overlaps bbox but all pixels cloud/land masked (raw_valid_in_bbox=0, ql_dist=None)
  n21 20260923_0010 … ✗ swath overlaps bbox but all pixels cloud/land masked (raw_valid_in_bbox=0, ql_dist=None)
  n21 20260923_0050 … ✗ swath overlaps bbox but all pixels cloud/land masked (raw_valid_in_bbox=0, ql_dist=None)
  n21 20260923_0100 … ✗ swath overlaps bbox but all pixels cloud/land masked (raw_valid_in_bbox=0, ql_dist=None)
  n21 20260923_0110 … ✗ swath overlaps bbox but all pixels cloud/land masked (raw_valid_in_bbox=0, ql_dist=None)
  n21 20260923_0150 … ✗ swath overlaps bbox but all pixels cloud/land masked (raw_valid_in_bbox=0, ql_dist=None)
  n21 20260923_0200 … ✗ swath overlaps bbox but all pixels cloud/land masked (raw_valid_in_bbox=0, ql_dist=None)
  n21 20260923_0210 … ✗ swath overlaps bbox but all pixels cloud/land masked (raw_valid_in_bbox=0, ql_dist=None)
  n21 20260923_0250 … ✗ swath overlaps bbox but all pixels cloud/land masked (raw_valid_in_bbox=0, ql_dist=None)
  n21 20260923_0300 … ✗ swath overlaps bbox but all pixels cloud/land masked (raw_valid_in_bbox=0, ql_dist=None)
  n21 20260923_0310 … ✗ swath overlaps bbox but all pixels cloud/land masked (raw_valid_in_bbox=0, ql_dist=None)
  n21 20260923_0350 … ✗ swath overlaps bbox but all pixels cloud/land masked (raw_valid_in_bbox=0, ql_dist=None)
  n21 20260923_0400 … ✗ swath overlaps bbox but all pixels cloud/land masked (raw_valid_in_bbox=0, ql_dist=None)
  n21 20260923_0410 … ✗ swath overlaps bbox but all pixels cloud/land masked (raw_valid_in_bbox=0, ql_dist=None)
  n21 20260923_0450 … ✗ swath overlaps bbox but all pixels cloud/land masked (raw_valid_in_bbox=0, ql_dist=None)
  n21 20260923_0500 … ✗ swath overlaps bbox but all pixels cloud/land masked (raw_valid_in_bbox=0, ql_dist=None)
  n21 20260923_0510 … ✗ swath overlaps bbox but all pixels cloud/land masked (raw_valid_in_bbox=0, ql_dist=None)
  n21 20260923_0550 ✓ (cached)
  n21 20260923_0600 … ✗ swath overlaps bbox but all pixels cloud/land masked (raw_valid_in_bbox=0, ql_dist=None)
  n21 20260923_0610 … ✗ swath overlaps bbox but all pixels cloud/land masked (raw_valid_in_bbox=0, ql_dist=None)
  n21 20260923_0650 … ✗ swath overlaps bbox but all pixels cloud/land masked (raw_valid_in_bbox=0, ql_dist=None)
  n21 20260923_0700 … ✗ swath overlaps bbox but all pixels cloud/land masked (raw_valid_in_bbox=0, ql_dist=None)
  n21 20260923_0710 … ✗ swath overlaps bbox but all pixels cloud/land masked (raw_valid_in_bbox=0, ql_dist=None)
  n21 20260923_0750 … ✗ swath overlaps bbox but all pixels cloud/land masked (raw_valid_in_bbox=0, ql_dist=None)
  n21 20260923_0800 … ✗ swath overlaps bbox but all pixels cloud/land masked (raw_valid_in_bbox=0, ql_dist=None)
  n21 20260923_0810 … ✗ swath overlaps bbox but all pixels cloud/land masked (raw_valid_in_bbox=0, ql_dist=None)
  n21 20260923_0850 … ✗ swath overlaps bbox but all pixels cloud/land masked (raw_valid_in_bbox=0, ql_dist=None)
  n21 20260923_0900 … ✗ swath overlaps bbox but all pixels cloud/land masked (raw_valid_in_bbox=0, ql_dist=None)
  n21 20260923_0910 … ✗ swath overlaps bbox but all pixels cloud/land masked (raw_valid_in_bbox=0, ql_dist=None)
  n21 20260923_0950 … ✗ swath overlaps bbox but all pixels cloud/land masked (raw_valid_in_bbox=0, ql_dist=None)
  n21 20260923_1000 … ✗ swath overlaps bbox but all pixels cloud/land masked (raw_valid_in_bbox=0, ql_dist=None)
  n21 20260923_1010 … ✗ swath overlaps bbox but all pixels cloud/land masked (raw_valid_in_bbox=0, ql_dist=None)
  n21 20260923_1050 … ✗ swath overlaps bbox but all pixels cloud/land masked (raw_valid_in_bbox=0, ql_dist=None)
  n21 20260923_1100 … ✗ swath overlaps bbox but all pixels cloud/land masked (raw_valid_in_bbox=0, ql_dist=None)
  n21 20260923_1110 … ✗ swath overlaps bbox but all pixels cloud/land masked (raw_valid_in_bbox=0, ql_dist=None)
  n21 20260923_1150 … ✗ swath overlaps bbox but all pixels cloud/land masked (raw_valid_in_bbox=0, ql_dist=None)
  n21 20260923_1200 … ✗ swath overlaps bbox but all pixels cloud/land masked (raw_valid_in_bbox=0, ql_dist=None)
  n21 20260923_1210 … ✗ swath overlaps bbox but all pixels cloud/land masked (raw_valid_in_bbox=0, ql_dist=None)
  n21 20260923_1250 … ✗ swath overlaps bbox but all pixels cloud/land masked (raw_valid_in_bbox=0, ql_dist=None)
  n21 20260923_1300 … ✗ swath overlaps bbox but all pixels cloud/land masked (raw_valid_in_bbox=0, ql_dist=None)
  n21 20260923_1310 … ✗ swath overlaps bbox but all pixels cloud/land masked (raw_valid_in_bbox=0, ql_dist=None)
  n21 20260923_1350 … ✗ swath overlaps bbox but all pixels cloud/land masked (raw_valid_in_bbox=0, ql_dist=None)
  n21 20260923_1400 … ✗ swath overlaps bbox but all pixels cloud/land masked (raw_valid_in_bbox=0, ql_dist=None)
  n21 20260923_1410 … ✗ swath overlaps bbox but all pixels cloud/land masked (raw_valid_in_bbox=0, ql_dist=None)
  n21 20260923_1450 … ✗ swath overlaps bbox but all pixels cloud/land masked (raw_valid_in_bbox=0, ql_dist=None)
  n21 20260923_1650 … ✗ swath overlaps bbox but all pixels cloud/land masked (raw_valid_in_bbox=0, ql_dist=None)
  n21 20260923_1700 … ✗ swath overlaps bbox but all pixels cloud/land masked (raw_valid_in_bbox=0, ql_dist=None)
  n21 20260923_1710 …   ⚠ VIIRS n21 20260923_1710: only 5 pts — skipping write.
✗ ok
  n21 20260923_1750 … ✗ swath overlaps bbox but all pixels cloud/land masked (raw_valid_in_bbox=0, ql_dist=None)
  n21 20260923_1800 … ✗ swath overlaps bbox but all pixels cloud/land masked (raw_valid_in_bbox=0, ql_dist=None)
  n21 20260923_1810 … ✗ swath overlaps bbox but all pixels cloud/land masked (raw_valid_in_bbox=0, ql_dist=None)
  n21 20260923_1850 …   ⚠ VIIRS n21 20260923_1850: only 14 pts — skipping write.
✗ ok
  n21 20260923_1900 … ✗ swath overlaps bbox but all pixels cloud/land masked (raw_valid_in_bbox=0, ql_dist=None)
  n21 20260923_1910 … ✗ swath overlaps bbox but all pixels cloud/land masked (raw_valid_in_bbox=0, ql_dist=None)
  n21 20260923_1950 … ✗ swath overlaps bbox but all pixels cloud/land masked (raw_valid_in_bbox=0, ql_dist=None)

  VIIRS summary: 2 written, 9 cached, 407 miss/cloud, 785 outside windows.

=========================================================
✓ Pipeline complete
=========================================================
========================================
RUNNING REGION: va_ri
========================================
=========================================================
SST PIPELINE
  UTC    : 2026-09-23 20:54:25
  Region : va_ri
  Bbox   : 37.26–41.51°N  -77.46–-68.97°E
  Output : DailySSTData/MUR/va_ri  (and siblings)
=========================================================

── MUR daily composite (last 5 days) ──
  ✓ MUR 20260922 (cached)
  ✓ MUR 20260921 (cached)
  ✓ MUR 20260920 (cached)
  ✓ MUR 20260919 (cached)
  ✓ MUR 20260918 (cached)

── GOES-19 geo-polar blended daily composite ──
  Candidates: 4 (2 hosts × 2 dataset IDs)
  GOES 20260923 [noaa/noaacwBLENDEDsstDLDaily] … ✗ RuntimeError: HTTP 502: <!DOCTYPE HTML PUBLIC "-//IETF//DTD HTML 2.0//EN">
<html><head>
<title
  GOES 20260923 [noaa/noaacwBLENDEDsstDaily] … ✗ RuntimeError: HTTP 502: <!DOCTYPE HTML PUBLIC "-//IETF//DTD HTML 2.0//EN">
<html><head>
<title
  GOES 20260923 [pfeg/noaacwBLENDEDsstDLDaily] … ✗ RuntimeError: 403 Forbidden — blacklisted: Error {
    code=403;
    message="Forbidden: Acces
  GOES 20260923 [pfeg/noaacwBLENDEDsstDaily] … skipped (host blacklisted)
  ✓ GOES composite 20260922 (cached)

── VIIRS multi-pass (last 48h — NPP/N20/N21) ──
  ✓ VIIRS NRT base: https://www.star.nesdis.noaa.gov/pub/socd2/coastwatch/sst/nrt/viirs
  Hourly windows : 48
  Window range   : 2026-09-21 20:50Z → 2026-09-23 20:10Z
  Half-width     : ±10 min per bucket
  npp 20260921_2050 … ✗ swath overlaps bbox but all pixels cloud/land masked (raw_valid_in_bbox=0, ql_dist=None)
  npp 20260921_2100 … ✗ swath overlaps bbox but all pixels cloud/land masked (raw_valid_in_bbox=0, ql_dist=None)
  npp 20260921_2110 … ✗ swath overlaps bbox but all pixels cloud/land masked (raw_valid_in_bbox=0, ql_dist=None)
  npp 20260921_2150 … ✗ swath overlaps bbox but all pixels cloud/land masked (raw_valid_in_bbox=0, ql_dist=None)
  npp 20260921_2200 … ✗ swath overlaps bbox but all pixels cloud/land masked (raw_valid_in_bbox=0, ql_dist=None)
  npp 20260921_2210 … ✗ swath overlaps bbox but all pixels cloud/land masked (raw_valid_in_bbox=0, ql_dist=None)
  npp 20260921_2250 … ✗ swath overlaps bbox but all pixels cloud/land masked (raw_valid_in_bbox=0, ql_dist=None)
  npp 20260921_2300 … ✗ swath overlaps bbox but all pixels cloud/land masked (raw_valid_in_bbox=0, ql_dist=None)
  npp 20260921_2310 … ✗ swath overlaps bbox but all pixels cloud/land masked (raw_valid_in_bbox=0, ql_dist=None)
  npp 20260921_2350 … ✗ swath overlaps bbox but all pixels cloud/land masked (raw_valid_in_bbox=0, ql_dist=None)
  npp 20260922_0000 … ✗ swath overlaps bbox but all pixels cloud/land masked (raw_valid_in_bbox=0, ql_dist=None)
  npp 20260922_0010 … ✗ swath overlaps bbox but all pixels cloud/land masked (raw_valid_in_bbox=0, ql_dist=None)
  npp 20260922_0050 … ✗ swath overlaps bbox but all pixels cloud/land masked (raw_valid_in_bbox=0, ql_dist=None)
  npp 20260922_0100 … ✗ swath overlaps bbox but all pixels cloud/land masked (raw_valid_in_bbox=0, ql_dist=None)
  npp 20260922_0110 … ✗ swath overlaps bbox but all pixels cloud/land masked (raw_valid_in_bbox=0, ql_dist=None)
  npp 20260922_0150 … ✗ swath overlaps bbox but all pixels cloud/land masked (raw_valid_in_bbox=0, ql_dist=None)
  npp 20260922_0200 … ✗ swath overlaps bbox but all pixels cloud/land masked (raw_valid_in_bbox=0, ql_dist=None)
  npp 20260922_0210 … ✗ swath overlaps bbox but all pixels cloud/land masked (raw_valid_in_bbox=0, ql_dist=None)
  npp 20260922_0250 … ✗ swath overlaps bbox but all pixels cloud/land masked (raw_valid_in_bbox=0, ql_dist=None)
  npp 20260922_0300 … ✗ swath overlaps bbox but all pixels cloud/land masked (raw_valid_in_bbox=0, ql_dist=None)
  npp 20260922_0310 … ✗ swath overlaps bbox but all pixels cloud/land masked (raw_valid_in_bbox=0, ql_dist=None)
  npp 20260922_0350 … ✗ swath overlaps bbox but all pixels cloud/land masked (raw_valid_in_bbox=0, ql_dist=None)
  npp 20260922_0400 … ✗ swath overlaps bbox but all pixels cloud/land masked (raw_valid_in_bbox=0, ql_dist=None)
  npp 20260922_0410 … ✗ swath overlaps bbox but all pixels cloud/land masked (raw_valid_in_bbox=0, ql_dist=None)
  npp 20260922_0450 … ✗ swath overlaps bbox but all pixels cloud/land masked (raw_valid_in_bbox=0, ql_dist=None)
  npp 20260922_0500 … ✗ swath overlaps bbox but all pixels cloud/land masked (raw_valid_in_bbox=0, ql_dist=None)
  npp 20260922_0510 … ✗ swath overlaps bbox but all pixels cloud/land masked (raw_valid_in_bbox=0, ql_dist=None)
  npp 20260922_0550 … ✗ swath overlaps bbox but all pixels cloud/land masked (raw_valid_in_bbox=0, ql_dist=None)
  npp 20260922_0600 … ✗ swath overlaps bbox but all pixels cloud/land masked (raw_valid_in_bbox=0, ql_dist=None)
  npp 20260922_0610 … ✗ swath overlaps bbox but all pixels cloud/land masked (raw_valid_in_bbox=0, ql_dist=None)
  npp 20260922_0650 ✓ (cached)
  npp 20260922_0700 … ✗ swath overlaps bbox but all pixels cloud/land masked (raw_valid_in_bbox=0, ql_dist=None)
  npp 20260922_0710 … ✗ swath overlaps bbox but all pixels cloud/land masked (raw_valid_in_bbox=0, ql_dist=None)
  npp 20260922_0750 … ✗ swath overlaps bbox but all pixels cloud/land masked (raw_valid_in_bbox=0, ql_dist=None)
  npp 20260922_0800 … ✗ swath overlaps bbox but all pixels cloud/land masked (raw_valid_in_bbox=0, ql_dist=None)
  npp 20260922_0810 … ✗ swath overlaps bbox but all pixels cloud/land masked (raw_valid_in_bbox=0, ql_dist=None)
  npp 20260922_0850 … ✗ swath overlaps bbox but all pixels cloud/land masked (raw_valid_in_bbox=0, ql_dist=None)
  npp 20260922_0900 … ✗ swath overlaps bbox but all pixels cloud/land masked (raw_valid_in_bbox=0, ql_dist=None)
  npp 20260922_0910 … ✗ swath overlaps bbox but all pixels cloud/land masked (raw_valid_in_bbox=0, ql_dist=None)
  npp 20260922_0950 … ✗ swath overlaps bbox but all pixels cloud/land masked (raw_valid_in_bbox=0, ql_dist=None)
  npp 20260922_1000 … ✗ swath overlaps bbox but all pixels cloud/land masked (raw_valid_in_bbox=0, ql_dist=None)
  npp 20260922_1010 … ✗ swath overlaps bbox but all pixels cloud/land masked (raw_valid_in_bbox=0, ql_dist=None)
  npp 20260922_1050 … ✗ swath overlaps bbox but all pixels cloud/land masked (raw_valid_in_bbox=0, ql_dist=None)
  npp 20260922_1100 … ✗ swath overlaps bbox but all pixels cloud/land masked (raw_valid_in_bbox=0, ql_dist=None)
  npp 20260922_1110 … ✗ swath overlaps bbox but all pixels cloud/land masked (raw_valid_in_bbox=0, ql_dist=None)
  npp 20260922_1150 … ✗ swath overlaps bbox but all pixels cloud/land masked (raw_valid_in_bbox=0, ql_dist=None)
  npp 20260922_1200 … ✗ swath overlaps bbox but all pixels cloud/land masked (raw_valid_in_bbox=0, ql_dist=None)
  npp 20260922_1210 … ✗ swath overlaps bbox but all pixels cloud/land masked (raw_valid_in_bbox=0, ql_dist=None)
  npp 20260922_1250 … ✗ swath overlaps bbox but all pixels cloud/land masked (raw_valid_in_bbox=0, ql_dist=None)
  npp 20260922_1300 … ✗ swath overlaps bbox but all pixels cloud/land masked (raw_valid_in_bbox=0, ql_dist=None)
  npp 20260922_1310 … ✗ swath overlaps bbox but all pixels cloud/land masked (raw_valid_in_bbox=0, ql_dist=None)
  npp 20260922_1450 … ✗ swath overlaps bbox but all pixels cloud/land masked (raw_valid_in_bbox=0, ql_dist=None)
  npp 20260922_1500 … ✗ swath overlaps bbox but all pixels cloud/land masked (raw_valid_in_bbox=0, ql_dist=None)
  npp 20260922_1510 … ✗ swath overlaps bbox but all pixels cloud/land masked (raw_valid_in_bbox=0, ql_dist=None)
  npp 20260922_1550 … ✗ swath overlaps bbox but all pixels cloud/land masked (raw_valid_in_bbox=0, ql_dist=None)
  npp 20260922_1600 … ✗ swath overlaps bbox but all pixels cloud/land masked (raw_valid_in_bbox=0, ql_dist=None)
  npp 20260922_1610 … ✗ swath overlaps bbox but all pixels cloud/land masked (raw_valid_in_bbox=0, ql_dist=None)
  npp 20260922_1650 … ✗ swath overlaps bbox but all pixels cloud/land masked (raw_valid_in_bbox=0, ql_dist=None)
  npp 20260922_1700 … ✗ swath overlaps bbox but all pixels cloud/land masked (raw_valid_in_bbox=0, ql_dist=None)
  npp 20260922_1710 … ✗ swath overlaps bbox but all pixels cloud/land masked (raw_valid_in_bbox=0, ql_dist=None)
  npp 20260922_1750 … ✗ swath overlaps bbox but all pixels cloud/land masked (raw_valid_in_bbox=0, ql_dist=None)
  npp 20260922_1800 … ✗ swath overlaps bbox but all pixels cloud/land masked (raw_valid_in_bbox=0, ql_dist=None)
  npp 20260922_1810 ✓ (cached)
  npp 20260922_1850 … ✗ swath overlaps bbox but all pixels cloud/land masked (raw_valid_in_bbox=0, ql_dist=None)
  npp 20260922_1900 … ✗ swath overlaps bbox but all pixels cloud/land masked (raw_valid_in_bbox=0, ql_dist=None)
  npp 20260922_1910 … ✗ swath overlaps bbox but all pixels cloud/land masked (raw_valid_in_bbox=0, ql_dist=None)
  npp 20260922_1950 … ✗ swath overlaps bbox but all pixels cloud/land masked (raw_valid_in_bbox=0, ql_dist=None)
  npp 20260922_2000 … ✗ swath overlaps bbox but all pixels cloud/land masked (raw_valid_in_bbox=0, ql_dist=None)
  npp 20260922_2010 … ✗ swath overlaps bbox but all pixels cloud/land masked (raw_valid_in_bbox=0, ql_dist=None)
  npp 20260922_2050 … ✗ swath overlaps bbox but all pixels cloud/land masked (raw_valid_in_bbox=0, ql_dist=None)
  npp 20260922_2100 … ✗ swath overlaps bbox but all pixels cloud/land masked (raw_valid_in_bbox=0, ql_dist=None)
  npp 20260922_2110 … ✗ swath overlaps bbox but all pixels cloud/land masked (raw_valid_in_bbox=0, ql_dist=None)
  npp 20260922_2150 … ✗ swath overlaps bbox but all pixels cloud/land masked (raw_valid_in_bbox=0, ql_dist=None)
  npp 20260922_2200 … ✗ swath overlaps bbox but all pixels cloud/land masked (raw_valid_in_bbox=0, ql_dist=None)
  npp 20260922_2210 … ✗ swath overlaps bbox but all pixels cloud/land masked (raw_valid_in_bbox=0, ql_dist=None)
  npp 20260922_2250 … ✗ swath overlaps bbox but all pixels cloud/land masked (raw_valid_in_bbox=0, ql_dist=None)
  npp 20260922_2300 … ✗ swath overlaps bbox but all pixels cloud/land masked (raw_valid_in_bbox=0, ql_dist=None)
  npp 20260922_2310 … ✗ swath overlaps bbox but all pixels cloud/land masked (raw_valid_in_bbox=0, ql_dist=None)
  npp 20260922_2350 … ✗ swath overlaps bbox but all pixels cloud/land masked (raw_valid_in_bbox=0, ql_dist=None)
  npp 20260923_0000 … ✗ swath overlaps bbox but all pixels cloud/land masked (raw_valid_in_bbox=0, ql_dist=None)
  npp 20260923_0010 … ✗ swath overlaps bbox but all pixels cloud/land masked (raw_valid_in_bbox=0, ql_dist=None)
  npp 20260923_0050 … ✗ swath overlaps bbox but all pixels cloud/land masked (raw_valid_in_bbox=0, ql_dist=None)
  npp 20260923_0100 … ✗ swath overlaps bbox but all pixels cloud/land masked (raw_valid_in_bbox=0, ql_dist=None)
  npp 20260923_0110 … ✗ swath overlaps bbox but all pixels cloud/land masked (raw_valid_in_bbox=0, ql_dist=None)
  npp 20260923_0150 … ✗ swath overlaps bbox but all pixels cloud/land masked (raw_valid_in_bbox=0, ql_dist=None)
  npp 20260923_0200 … ✗ swath overlaps bbox but all pixels cloud/land masked (raw_valid_in_bbox=0, ql_dist=None)
  npp 20260923_0210 … ✗ swath overlaps bbox but all pixels cloud/land masked (raw_valid_in_bbox=0, ql_dist=None)
  npp 20260923_0250 … ✗ swath overlaps bbox but all pixels cloud/land masked (raw_valid_in_bbox=0, ql_dist=None)
  npp 20260923_0300 … ✗ swath overlaps bbox but all pixels cloud/land masked (raw_valid_in_bbox=0, ql_dist=None)
  npp 20260923_0310 … ✗ swath overlaps bbox but all pixels cloud/land masked (raw_valid_in_bbox=0, ql_dist=None)
  npp 20260923_0350 … ✗ swath overlaps bbox but all pixels cloud/land masked (raw_valid_in_bbox=0, ql_dist=None)
  npp 20260923_0400 … ✗ swath overlaps bbox but all pixels cloud/land masked (raw_valid_in_bbox=0, ql_dist=None)
  npp 20260923_0410 … ✗ swath overlaps bbox but all pixels cloud/land masked (raw_valid_in_bbox=0, ql_dist=None)
  npp 20260923_0450 … ✗ swath overlaps bbox but all pixels cloud/land masked (raw_valid_in_bbox=0, ql_dist=None)
  npp 20260923_0500 … ✗ swath overlaps bbox but all pixels cloud/land masked (raw_valid_in_bbox=0, ql_dist=None)
  npp 20260923_0510 … ✗ swath overlaps bbox but all pixels cloud/land masked (raw_valid_in_bbox=0, ql_dist=None)
  npp 20260923_0550 … ✗ swath overlaps bbox but all pixels cloud/land masked (raw_valid_in_bbox=0, ql_dist=None)
  npp 20260923_0600 … ✗ swath overlaps bbox but all pixels cloud/land masked (raw_valid_in_bbox=0, ql_dist=None)
  npp 20260923_0610 … ✗ swath overlaps bbox but all pixels cloud/land masked (raw_valid_in_bbox=0, ql_dist=None)
  npp 20260923_0650 … ✗ swath overlaps bbox but all pixels cloud/land masked (raw_valid_in_bbox=0, ql_dist=None)
  npp 20260923_0700 … ✗ swath overlaps bbox but all pixels cloud/land masked (raw_valid_in_bbox=0, ql_dist=None)
  npp 20260923_0710 … ✗ swath overlaps bbox but all pixels cloud/land masked (raw_valid_in_bbox=0, ql_dist=None)
  npp 20260923_0750 … ✗ swath overlaps bbox but all pixels cloud/land masked (raw_valid_in_bbox=0, ql_dist=None)
  npp 20260923_0800 … ✗ swath overlaps bbox but all pixels cloud/land masked (raw_valid_in_bbox=0, ql_dist=None)
  npp 20260923_0810 … ✗ swath overlaps bbox but all pixels cloud/land masked (raw_valid_in_bbox=0, ql_dist=None)
  npp 20260923_0850 … ✗ swath overlaps bbox but all pixels cloud/land masked (raw_valid_in_bbox=0, ql_dist=None)
  npp 20260923_0900 … ✗ swath overlaps bbox but all pixels cloud/land masked (raw_valid_in_bbox=0, ql_dist=None)
  npp 20260923_0910 … ✗ swath overlaps bbox but all pixels cloud/land masked (raw_valid_in_bbox=0, ql_dist=None)
  npp 20260923_0950 … ✗ swath overlaps bbox but all pixels cloud/land masked (raw_valid_in_bbox=0, ql_dist=None)
  npp 20260923_1000 … ✗ swath overlaps bbox but all pixels cloud/land masked (raw_valid_in_bbox=0, ql_dist=None)
  npp 20260923_1010 … ✗ swath overlaps bbox but all pixels cloud/land masked (raw_valid_in_bbox=0, ql_dist=None)
  npp 20260923_1050 … ✗ swath overlaps bbox but all pixels cloud/land masked (raw_valid_in_bbox=0, ql_dist=None)
  npp 20260923_1100 … ✗ swath overlaps bbox but all pixels cloud/land masked (raw_valid_in_bbox=0, ql_dist=None)
  npp 20260923_1110 … ✗ swath overlaps bbox but all pixels cloud/land masked (raw_valid_in_bbox=0, ql_dist=None)
  npp 20260923_1150 … ✗ swath overlaps bbox but all pixels cloud/land masked (raw_valid_in_bbox=0, ql_dist=None)
  npp 20260923_1200 … ✗ swath overlaps bbox but all pixels cloud/land masked (raw_valid_in_bbox=0, ql_dist=None)
  npp 20260923_1210 … ✗ swath overlaps bbox but all pixels cloud/land masked (raw_valid_in_bbox=0, ql_dist=None)
  npp 20260923_1250 … ✗ swath overlaps bbox but all pixels cloud/land masked (raw_valid_in_bbox=0, ql_dist=None)
  npp 20260923_1300 … ✗ swath overlaps bbox but all pixels cloud/land masked (raw_valid_in_bbox=0, ql_dist=None)
  npp 20260923_1310 … ✗ swath overlaps bbox but all pixels cloud/land masked (raw_valid_in_bbox=0, ql_dist=None)
  npp 20260923_1350 … ✗ swath overlaps bbox but all pixels cloud/land masked (raw_valid_in_bbox=0, ql_dist=None)
  npp 20260923_1400 … ✗ swath overlaps bbox but all pixels cloud/land masked (raw_valid_in_bbox=0, ql_dist=None)
  npp 20260923_1410 … ✗ swath overlaps bbox but all pixels cloud/land masked (raw_valid_in_bbox=0, ql_dist=None)
  npp 20260923_1450 … ✗ swath overlaps bbox but all pixels cloud/land masked (raw_valid_in_bbox=0, ql_dist=None)
  npp 20260923_1500 … ✗ swath overlaps bbox but all pixels cloud/land masked (raw_valid_in_bbox=0, ql_dist=None)
  npp 20260923_1510 … ✗ swath overlaps bbox but all pixels cloud/land masked (raw_valid_in_bbox=0, ql_dist=None)
  npp 20260923_1550 … ✗ swath overlaps bbox but all pixels cloud/land masked (raw_valid_in_bbox=0, ql_dist=None)
  npp 20260923_1600 … ✗ swath overlaps bbox but all pixels cloud/land masked (raw_valid_in_bbox=0, ql_dist=None)
  npp 20260923_1610 … ✗ swath overlaps bbox but all pixels cloud/land masked (raw_valid_in_bbox=0, ql_dist=None)
  npp 20260923_1650 … ✗ swath overlaps bbox but all pixels cloud/land masked (raw_valid_in_bbox=0, ql_dist=None)
  npp 20260923_1700 … ✗ swath overlaps bbox but all pixels cloud/land masked (raw_valid_in_bbox=0, ql_dist=None)
  npp 20260923_1710 … ✗ swath overlaps bbox but all pixels cloud/land masked (raw_valid_in_bbox=0, ql_dist=None)
  npp 20260923_1750 …   → DailySSTData/VIIRS/Passes/va_ri/viirs_npp_20260923_1750.csv  (338 pts, 50 lats × 97 lons)
  npp 20260923_1800 … ✗ swath overlaps bbox but all pixels cloud/land masked (raw_valid_in_bbox=0, ql_dist=None)
  npp 20260923_1810 … ✗ swath overlaps bbox but all pixels cloud/land masked (raw_valid_in_bbox=0, ql_dist=None)
  npp 20260923_1850 … ✗ swath overlaps bbox but all pixels cloud/land masked (raw_valid_in_bbox=0, ql_dist=None)
  npp 20260923_1900 … ✗ swath overlaps bbox but all pixels cloud/land masked (raw_valid_in_bbox=0, ql_dist=None)
  npp 20260923_1910 … ✗ swath overlaps bbox but all pixels cloud/land masked (raw_valid_in_bbox=0, ql_dist=None)
  n20 20260921_2050 … ✗ swath overlaps bbox but all pixels cloud/land masked (raw_valid_in_bbox=0, ql_dist=None)
  n20 20260921_2100 … ✗ swath overlaps bbox but all pixels cloud/land masked (raw_valid_in_bbox=0, ql_dist=None)
  n20 20260921_2110 … ✗ swath overlaps bbox but all pixels cloud/land masked (raw_valid_in_bbox=0, ql_dist=None)
  n20 20260921_2150 … ✗ swath overlaps bbox but all pixels cloud/land masked (raw_valid_in_bbox=0, ql_dist=None)
  n20 20260921_2200 … ✗ swath overlaps bbox but all pixels cloud/land masked (raw_valid_in_bbox=0, ql_dist=None)
  n20 20260921_2210 … ✗ swath overlaps bbox but all pixels cloud/land masked (raw_valid_in_bbox=0, ql_dist=None)
  n20 20260921_2250 … ✗ swath overlaps bbox but all pixels cloud/land masked (raw_valid_in_bbox=0, ql_dist=None)
  n20 20260921_2300 … ✗ swath overlaps bbox but all pixels cloud/land masked (raw_valid_in_bbox=0, ql_dist=None)
  n20 20260921_2310 … ✗ swath overlaps bbox but all pixels cloud/land masked (raw_valid_in_bbox=0, ql_dist=None)
  n20 20260921_2350 … ✗ swath overlaps bbox but all pixels cloud/land masked (raw_valid_in_bbox=0, ql_dist=None)
  n20 20260922_0000 … ✗ swath overlaps bbox but all pixels cloud/land masked (raw_valid_in_bbox=0, ql_dist=None)
  n20 20260922_0010 … ✗ swath overlaps bbox but all pixels cloud/land masked (raw_valid_in_bbox=0, ql_dist=None)
  n20 20260922_0050 … ✗ swath overlaps bbox but all pixels cloud/land masked (raw_valid_in_bbox=0, ql_dist=None)
  n20 20260922_0100 … ✗ swath overlaps bbox but all pixels cloud/land masked (raw_valid_in_bbox=0, ql_dist=None)
  n20 20260922_0110 … ✗ swath overlaps bbox but all pixels cloud/land masked (raw_valid_in_bbox=0, ql_dist=None)
  n20 20260922_0150 … ✗ swath overlaps bbox but all pixels cloud/land masked (raw_valid_in_bbox=0, ql_dist=None)
  n20 20260922_0200 … ✗ swath overlaps bbox but all pixels cloud/land masked (raw_valid_in_bbox=0, ql_dist=None)
  n20 20260922_0210 … ✗ swath overlaps bbox but all pixels cloud/land masked (raw_valid_in_bbox=0, ql_dist=None)
  n20 20260922_0250 … ✗ swath overlaps bbox but all pixels cloud/land masked (raw_valid_in_bbox=0, ql_dist=None)
  n20 20260922_0300 … ✗ swath overlaps bbox but all pixels cloud/land masked (raw_valid_in_bbox=0, ql_dist=None)
  n20 20260922_0310 … ✗ swath overlaps bbox but all pixels cloud/land masked (raw_valid_in_bbox=0, ql_dist=None)
  n20 20260922_0350 … ✗ swath overlaps bbox but all pixels cloud/land masked (raw_valid_in_bbox=0, ql_dist=None)
  n20 20260922_0400 … ✗ swath overlaps bbox but all pixels cloud/land masked (raw_valid_in_bbox=0, ql_dist=None)
  n20 20260922_0410 … ✗ swath overlaps bbox but all pixels cloud/land masked (raw_valid_in_bbox=0, ql_dist=None)
  n20 20260922_0450 … ✗ swath overlaps bbox but all pixels cloud/land masked (raw_valid_in_bbox=0, ql_dist=None)
  n20 20260922_0500 … ✗ swath overlaps bbox but all pixels cloud/land masked (raw_valid_in_bbox=0, ql_dist=None)
  n20 20260922_0510 … ✗ swath overlaps bbox but all pixels cloud/land masked (raw_valid_in_bbox=0, ql_dist=None)
  n20 20260922_0550 … ✗ swath overlaps bbox but all pixels cloud/land masked (raw_valid_in_bbox=0, ql_dist=None)
  n20 20260922_0600 … ✗ swath overlaps bbox but all pixels cloud/land masked (raw_valid_in_bbox=0, ql_dist=None)
  n20 20260922_0610 … ✗ swath overlaps bbox but all pixels cloud/land masked (raw_valid_in_bbox=0, ql_dist=None)
  n20 20260922_0650 … ✗ swath overlaps bbox but all pixels cloud/land masked (raw_valid_in_bbox=0, ql_dist=None)
  n20 20260922_0700 … ✗ swath overlaps bbox but all pixels cloud/land masked (raw_valid_in_bbox=0, ql_dist=None)
  n20 20260922_0710 ✓ (cached)
  n20 20260922_0750 … ✗ swath overlaps bbox but all pixels cloud/land masked (raw_valid_in_bbox=0, ql_dist=None)
  n20 20260922_0800 … ✗ swath overlaps bbox but all pixels cloud/land masked (raw_valid_in_bbox=0, ql_dist=None)
  n20 20260922_0810 … ✗ swath overlaps bbox but all pixels cloud/land masked (raw_valid_in_bbox=0, ql_dist=None)
  n20 20260922_0850 … ✗ swath overlaps bbox but all pixels cloud/land masked (raw_valid_in_bbox=0, ql_dist=None)
  n20 20260922_0900 … ✗ swath overlaps bbox but all pixels cloud/land masked (raw_valid_in_bbox=0, ql_dist=None)
  n20 20260922_0910 … ✗ swath overlaps bbox but all pixels cloud/land masked (raw_valid_in_bbox=0, ql_dist=None)
  n20 20260922_0950 … ✗ swath overlaps bbox but all pixels cloud/land masked (raw_valid_in_bbox=0, ql_dist=None)
  n20 20260922_1000 … ✗ swath overlaps bbox but all pixels cloud/land masked (raw_valid_in_bbox=0, ql_dist=None)
  n20 20260922_1010 … ✗ swath overlaps bbox but all pixels cloud/land masked (raw_valid_in_bbox=0, ql_dist=None)
  n20 20260922_1050 … ✗ swath overlaps bbox but all pixels cloud/land masked (raw_valid_in_bbox=0, ql_dist=None)
  n20 20260922_1100 … ✗ swath overlaps bbox but all pixels cloud/land masked (raw_valid_in_bbox=0, ql_dist=None)
  n20 20260922_1110 … ✗ swath overlaps bbox but all pixels cloud/land masked (raw_valid_in_bbox=0, ql_dist=None)
  n20 20260922_1150 … ✗ swath overlaps bbox but all pixels cloud/land masked (raw_valid_in_bbox=0, ql_dist=None)
  n20 20260922_1200 … ✗ swath overlaps bbox but all pixels cloud/land masked (raw_valid_in_bbox=0, ql_dist=None)
  n20 20260922_1210 … ✗ swath overlaps bbox but all pixels cloud/land masked (raw_valid_in_bbox=0, ql_dist=None)
  n20 20260922_1250 … ✗ swath overlaps bbox but all pixels cloud/land masked (raw_valid_in_bbox=0, ql_dist=None)
  n20 20260922_1300 … ✗ swath overlaps bbox but all pixels cloud/land masked (raw_valid_in_bbox=0, ql_dist=None)
  n20 20260922_1310 … ✗ swath overlaps bbox but all pixels cloud/land masked (raw_valid_in_bbox=0, ql_dist=None)
  n20 20260922_1350 … ✗ swath overlaps bbox but all pixels cloud/land masked (raw_valid_in_bbox=0, ql_dist=None)
  n20 20260922_1400 … ✗ swath overlaps bbox but all pixels cloud/land masked (raw_valid_in_bbox=0, ql_dist=None)
  n20 20260922_1410 … ✗ swath overlaps bbox but all pixels cloud/land masked (raw_valid_in_bbox=0, ql_dist=None)
  n20 20260922_1450 … ✗ swath overlaps bbox but all pixels cloud/land masked (raw_valid_in_bbox=0, ql_dist=None)
  n20 20260922_1500 … ✗ swath overlaps bbox but all pixels cloud/land masked (raw_valid_in_bbox=0, ql_dist=None)
  n20 20260922_1510 … ✗ swath overlaps bbox but all pixels cloud/land masked (raw_valid_in_bbox=0, ql_dist=None)
  n20 20260922_1550 … ✗ swath overlaps bbox but all pixels cloud/land masked (raw_valid_in_bbox=0, ql_dist=None)
  n20 20260922_1600 … ✗ swath overlaps bbox but all pixels cloud/land masked (raw_valid_in_bbox=0, ql_dist=None)
  n20 20260922_1610 … ✗ swath overlaps bbox but all pixels cloud/land masked (raw_valid_in_bbox=0, ql_dist=None)
  n20 20260922_1650 ✓ (cached)
  n20 20260922_1700 … ✗ swath overlaps bbox but all pixels cloud/land masked (raw_valid_in_bbox=0, ql_dist=None)
  n20 20260922_1710 … ✗ swath overlaps bbox but all pixels cloud/land masked (raw_valid_in_bbox=0, ql_dist=None)
  n20 20260922_1750 … ✗ swath overlaps bbox but all pixels cloud/land masked (raw_valid_in_bbox=0, ql_dist=None)
  n20 20260922_1800 … ✗ swath overlaps bbox but all pixels cloud/land masked (raw_valid_in_bbox=0, ql_dist=None)
  n20 20260922_1810 … ✗ swath overlaps bbox but all pixels cloud/land masked (raw_valid_in_bbox=0, ql_dist=None)
  n20 20260922_1850 … ✗ swath overlaps bbox but all pixels cloud/land masked (raw_valid_in_bbox=0, ql_dist=None)
  n20 20260922_1900 … ✗ swath overlaps bbox but all pixels cloud/land masked (raw_valid_in_bbox=0, ql_dist=None)
  n20 20260922_1910 … ✗ swath overlaps bbox but all pixels cloud/land masked (raw_valid_in_bbox=0, ql_dist=None)
  n20 20260922_1950 … ✗ swath overlaps bbox but all pixels cloud/land masked (raw_valid_in_bbox=0, ql_dist=None)
  n20 20260922_2000 … ✗ swath overlaps bbox but all pixels cloud/land masked (raw_valid_in_bbox=0, ql_dist=None)
  n20 20260922_2010 … ✗ swath overlaps bbox but all pixels cloud/land masked (raw_valid_in_bbox=0, ql_dist=None)
  n20 20260922_2050 … ✗ swath overlaps bbox but all pixels cloud/land masked (raw_valid_in_bbox=0, ql_dist=None)
  n20 20260922_2100 … ✗ swath overlaps bbox but all pixels cloud/land masked (raw_valid_in_bbox=0, ql_dist=None)
  n20 20260922_2110 … ✗ swath overlaps bbox but all pixels cloud/land masked (raw_valid_in_bbox=0, ql_dist=None)
  n20 20260922_2150 … ✗ swath overlaps bbox but all pixels cloud/land masked (raw_valid_in_bbox=0, ql_dist=None)
  n20 20260922_2200 … ✗ swath overlaps bbox but all pixels cloud/land masked (raw_valid_in_bbox=0, ql_dist=None)
  n20 20260922_2210 … ✗ swath overlaps bbox but all pixels cloud/land masked (raw_valid_in_bbox=0, ql_dist=None)
  n20 20260922_2250 … ✗ swath overlaps bbox but all pixels cloud/land masked (raw_valid_in_bbox=0, ql_dist=None)
  n20 20260922_2300 … ✗ swath overlaps bbox but all pixels cloud/land masked (raw_valid_in_bbox=0, ql_dist=None)
  n20 20260922_2310 … ✗ swath overlaps bbox but all pixels cloud/land masked (raw_valid_in_bbox=0, ql_dist=None)
  n20 20260922_2350 … ✗ swath overlaps bbox but all pixels cloud/land masked (raw_valid_in_bbox=0, ql_dist=None)
  n20 20260923_0000 … ✗ swath overlaps bbox but all pixels cloud/land masked (raw_valid_in_bbox=0, ql_dist=None)
  n20 20260923_0010 … ✗ swath overlaps bbox but all pixels cloud/land masked (raw_valid_in_bbox=0, ql_dist=None)
  n20 20260923_0050 … ✗ swath overlaps bbox but all pixels cloud/land masked (raw_valid_in_bbox=0, ql_dist=None)
  n20 20260923_0100 … ✗ swath overlaps bbox but all pixels cloud/land masked (raw_valid_in_bbox=0, ql_dist=None)
  n20 20260923_0110 … ✗ swath overlaps bbox but all pixels cloud/land masked (raw_valid_in_bbox=0, ql_dist=None)
  n20 20260923_0150 … ✗ swath overlaps bbox but all pixels cloud/land masked (raw_valid_in_bbox=0, ql_dist=None)
  n20 20260923_0200 … ✗ swath overlaps bbox but all pixels cloud/land masked (raw_valid_in_bbox=0, ql_dist=None)
  n20 20260923_0210 … ✗ swath overlaps bbox but all pixels cloud/land masked (raw_valid_in_bbox=0, ql_dist=None)
  n20 20260923_0250 … ✗ swath overlaps bbox but all pixels cloud/land masked (raw_valid_in_bbox=0, ql_dist=None)
  n20 20260923_0300 … ✗ swath overlaps bbox but all pixels cloud/land masked (raw_valid_in_bbox=0, ql_dist=None)
  n20 20260923_0310 … ✗ swath overlaps bbox but all pixels cloud/land masked (raw_valid_in_bbox=0, ql_dist=None)
  n20 20260923_0350 … ✗ swath overlaps bbox but all pixels cloud/land masked (raw_valid_in_bbox=0, ql_dist=None)
  n20 20260923_0400 … ✗ swath overlaps bbox but all pixels cloud/land masked (raw_valid_in_bbox=0, ql_dist=None)
  n20 20260923_0410 … ✗ swath overlaps bbox but all pixels cloud/land masked (raw_valid_in_bbox=0, ql_dist=None)
  n20 20260923_0450 … ✗ swath overlaps bbox but all pixels cloud/land masked (raw_valid_in_bbox=0, ql_dist=None)
  n20 20260923_0500 … ✗ swath overlaps bbox but all pixels cloud/land masked (raw_valid_in_bbox=0, ql_dist=None)
  n20 20260923_0510 … ✗ swath overlaps bbox but all pixels cloud/land masked (raw_valid_in_bbox=0, ql_dist=None)
  n20 20260923_0550 … ✗ swath overlaps bbox but all pixels cloud/land masked (raw_valid_in_bbox=0, ql_dist=None)
  n20 20260923_0600 … ✗ swath overlaps bbox but all pixels cloud/land masked (raw_valid_in_bbox=0, ql_dist=None)
  n20 20260923_0610 … ✗ swath overlaps bbox but all pixels cloud/land masked (raw_valid_in_bbox=0, ql_dist=None)
  n20 20260923_0650 …   ⚠ VIIRS n20 20260923_0650: only 11 pts — skipping write.
✗ ok
  n20 20260923_0700 … ✗ swath overlaps bbox but all pixels cloud/land masked (raw_valid_in_bbox=0, ql_dist=None)
  n20 20260923_0710 … ✗ swath overlaps bbox but all pixels cloud/land masked (raw_valid_in_bbox=0, ql_dist=None)
  n20 20260923_0750 … ✗ swath overlaps bbox but all pixels cloud/land masked (raw_valid_in_bbox=0, ql_dist=None)
  n20 20260923_0800 … ✗ swath overlaps bbox but all pixels cloud/land masked (raw_valid_in_bbox=0, ql_dist=None)
  n20 20260923_0810 … ✗ swath overlaps bbox but all pixels cloud/land masked (raw_valid_in_bbox=0, ql_dist=None)
  n20 20260923_0850 … ✗ swath overlaps bbox but all pixels cloud/land masked (raw_valid_in_bbox=0, ql_dist=None)
  n20 20260923_0900 … ✗ swath overlaps bbox but all pixels cloud/land masked (raw_valid_in_bbox=0, ql_dist=None)
  n20 20260923_0910 … ✗ swath overlaps bbox but all pixels cloud/land masked (raw_valid_in_bbox=0, ql_dist=None)
  n20 20260923_0950 … ✗ swath overlaps bbox but all pixels cloud/land masked (raw_valid_in_bbox=0, ql_dist=None)
  n20 20260923_1000 … ✗ swath overlaps bbox but all pixels cloud/land masked (raw_valid_in_bbox=0, ql_dist=None)
  n20 20260923_1010 … ✗ swath overlaps bbox but all pixels cloud/land masked (raw_valid_in_bbox=0, ql_dist=None)
  n20 20260923_1050 … ✗ swath overlaps bbox but all pixels cloud/land masked (raw_valid_in_bbox=0, ql_dist=None)
  n20 20260923_1100 … ✗ swath overlaps bbox but all pixels cloud/land masked (raw_valid_in_bbox=0, ql_dist=None)
  n20 20260923_1110 … ✗ swath overlaps bbox but all pixels cloud/land masked (raw_valid_in_bbox=0, ql_dist=None)
  n20 20260923_1150 … ✗ swath overlaps bbox but all pixels cloud/land masked (raw_valid_in_bbox=0, ql_dist=None)
  n20 20260923_1200 … ✗ swath overlaps bbox but all pixels cloud/land masked (raw_valid_in_bbox=0, ql_dist=None)
  n20 20260923_1210 … ✗ swath overlaps bbox but all pixels cloud/land masked (raw_valid_in_bbox=0, ql_dist=None)
  n20 20260923_1250 … ✗ swath overlaps bbox but all pixels cloud/land masked (raw_valid_in_bbox=0, ql_dist=None)
  n20 20260923_1300 … ✗ swath overlaps bbox but all pixels cloud/land masked (raw_valid_in_bbox=0, ql_dist=None)
  n20 20260923_1310 … ✗ swath overlaps bbox but all pixels cloud/land masked (raw_valid_in_bbox=0, ql_dist=None)
  n20 20260923_1350 … ✗ swath overlaps bbox but all pixels cloud/land masked (raw_valid_in_bbox=0, ql_dist=None)
  n20 20260923_1400 … ✗ swath overlaps bbox but all pixels cloud/land masked (raw_valid_in_bbox=0, ql_dist=None)
  n20 20260923_1410 … ✗ swath overlaps bbox but all pixels cloud/land masked (raw_valid_in_bbox=0, ql_dist=None)
  n20 20260923_1450 … ✗ swath overlaps bbox but all pixels cloud/land masked (raw_valid_in_bbox=0, ql_dist=None)
  n20 20260923_1500 … ✗ swath overlaps bbox but all pixels cloud/land masked (raw_valid_in_bbox=0, ql_dist=None)
  n20 20260923_1510 … ✗ swath overlaps bbox but all pixels cloud/land masked (raw_valid_in_bbox=0, ql_dist=None)
  n20 20260923_1550 … ✗ swath overlaps bbox but all pixels cloud/land masked (raw_valid_in_bbox=0, ql_dist=None)
  n20 20260923_1600 … ✗ swath overlaps bbox but all pixels cloud/land masked (raw_valid_in_bbox=0, ql_dist=None)
  n20 20260923_1610 … ✗ swath overlaps bbox but all pixels cloud/land masked (raw_valid_in_bbox=0, ql_dist=None)
  n20 20260923_1650 … ✗ swath overlaps bbox but all pixels cloud/land masked (raw_valid_in_bbox=0, ql_dist=None)
  n20 20260923_1700 … ✗ swath overlaps bbox but all pixels cloud/land masked (raw_valid_in_bbox=0, ql_dist=None)
  n20 20260923_1710 … ✗ swath overlaps bbox but all pixels cloud/land masked (raw_valid_in_bbox=0, ql_dist=None)
  n20 20260923_1750 … ✗ swath overlaps bbox but all pixels cloud/land masked (raw_valid_in_bbox=0, ql_dist=None)
  n20 20260923_1800 … ✗ swath overlaps bbox but all pixels cloud/land masked (raw_valid_in_bbox=0, ql_dist=None)
  n20 20260923_1810 …   → DailySSTData/VIIRS/Passes/va_ri/viirs_n20_20260923_1810.csv  (746 pts, 55 lats × 164 lons)
  n20 20260923_1850 … ✗ swath overlaps bbox but all pixels cloud/land masked (raw_valid_in_bbox=0, ql_dist=None)
  n20 20260923_1900 … ✗ swath overlaps bbox but all pixels cloud/land masked (raw_valid_in_bbox=0, ql_dist=None)
  n20 20260923_1910 … ✗ swath overlaps bbox but all pixels cloud/land masked (raw_valid_in_bbox=0, ql_dist=None)
  n20 20260923_1950 … ✗ swath overlaps bbox but all pixels cloud/land masked (raw_valid_in_bbox=0, ql_dist=None)
  n20 20260923_2000 … ✗ swath overlaps bbox but all pixels cloud/land masked (raw_valid_in_bbox=0, ql_dist=None)
  n21 20260921_2050 … ✗ swath overlaps bbox but all pixels cloud/land masked (raw_valid_in_bbox=0, ql_dist=None)
  n21 20260921_2100 … ✗ swath overlaps bbox but all pixels cloud/land masked (raw_valid_in_bbox=0, ql_dist=None)
  n21 20260921_2110 … ✗ swath overlaps bbox but all pixels cloud/land masked (raw_valid_in_bbox=0, ql_dist=None)
  n21 20260921_2150 … ✗ swath overlaps bbox but all pixels cloud/land masked (raw_valid_in_bbox=0, ql_dist=None)
  n21 20260921_2200 … ✗ swath overlaps bbox but all pixels cloud/land masked (raw_valid_in_bbox=0, ql_dist=None)
  n21 20260921_2210 … ✗ swath overlaps bbox but all pixels cloud/land masked (raw_valid_in_bbox=0, ql_dist=None)
  n21 20260921_2250 … ✗ swath overlaps bbox but all pixels cloud/land masked (raw_valid_in_bbox=0, ql_dist=None)
  n21 20260921_2300 … ✗ swath overlaps bbox but all pixels cloud/land masked (raw_valid_in_bbox=0, ql_dist=None)
  n21 20260921_2310 … ✗ swath overlaps bbox but all pixels cloud/land masked (raw_valid_in_bbox=0, ql_dist=None)
  n21 20260921_2350 … ✗ swath overlaps bbox but all pixels cloud/land masked (raw_valid_in_bbox=0, ql_dist=None)
  n21 20260922_0000 … ✗ swath overlaps bbox but all pixels cloud/land masked (raw_valid_in_bbox=0, ql_dist=None)
  n21 20260922_0010 … ✗ swath overlaps bbox but all pixels cloud/land masked (raw_valid_in_bbox=0, ql_dist=None)
  n21 20260922_0050 … ✗ swath overlaps bbox but all pixels cloud/land masked (raw_valid_in_bbox=0, ql_dist=None)
  n21 20260922_0100 … ✗ swath overlaps bbox but all pixels cloud/land masked (raw_valid_in_bbox=0, ql_dist=None)
  n21 20260922_0110 … ✗ swath overlaps bbox but all pixels cloud/land masked (raw_valid_in_bbox=0, ql_dist=None)
  n21 20260922_0150 … ✗ swath overlaps bbox but all pixels cloud/land masked (raw_valid_in_bbox=0, ql_dist=None)
  n21 20260922_0200 … ✗ swath overlaps bbox but all pixels cloud/land masked (raw_valid_in_bbox=0, ql_dist=None)
  n21 20260922_0210 … ✗ swath overlaps bbox but all pixels cloud/land masked (raw_valid_in_bbox=0, ql_dist=None)
  n21 20260922_0250 … ✗ swath overlaps bbox but all pixels cloud/land masked (raw_valid_in_bbox=0, ql_dist=None)
  n21 20260922_0300 … ✗ swath overlaps bbox but all pixels cloud/land masked (raw_valid_in_bbox=0, ql_dist=None)
  n21 20260922_0310 … ✗ swath overlaps bbox but all pixels cloud/land masked (raw_valid_in_bbox=0, ql_dist=None)
  n21 20260922_0350 … ✗ swath overlaps bbox but all pixels cloud/land masked (raw_valid_in_bbox=0, ql_dist=None)
  n21 20260922_0400 … ✗ swath overlaps bbox but all pixels cloud/land masked (raw_valid_in_bbox=0, ql_dist=None)
  n21 20260922_0410 … ✗ swath overlaps bbox but all pixels cloud/land masked (raw_valid_in_bbox=0, ql_dist=None)
  n21 20260922_0450 … ✗ swath overlaps bbox but all pixels cloud/land masked (raw_valid_in_bbox=0, ql_dist=None)
  n21 20260922_0500 … ✗ swath overlaps bbox but all pixels cloud/land masked (raw_valid_in_bbox=0, ql_dist=None)
  n21 20260922_0510 … ✗ swath overlaps bbox but all pixels cloud/land masked (raw_valid_in_bbox=0, ql_dist=None)
  n21 20260922_0550 … ✗ swath overlaps bbox but all pixels cloud/land masked (raw_valid_in_bbox=0, ql_dist=None)
  n21 20260922_0600 … ✗ swath overlaps bbox but all pixels cloud/land masked (raw_valid_in_bbox=0, ql_dist=None)
  n21 20260922_0610 ✓ (cached)
  n21 20260922_0650 … ✗ swath overlaps bbox but all pixels cloud/land masked (raw_valid_in_bbox=0, ql_dist=None)
  n21 20260922_0700 … ✗ swath overlaps bbox but all pixels cloud/land masked (raw_valid_in_bbox=0, ql_dist=None)
  n21 20260922_0710 … ✗ swath overlaps bbox but all pixels cloud/land masked (raw_valid_in_bbox=0, ql_dist=None)
  n21 20260922_0750 …   ⚠ VIIRS n21 20260922_0750: only 10 pts — skipping write.
✗ ok
  n21 20260922_0800 … ✗ swath overlaps bbox but all pixels cloud/land masked (raw_valid_in_bbox=0, ql_dist=None)
  n21 20260922_0810 … ✗ swath overlaps bbox but all pixels cloud/land masked (raw_valid_in_bbox=0, ql_dist=None)
  n21 20260922_0850 … ✗ swath overlaps bbox but all pixels cloud/land masked (raw_valid_in_bbox=0, ql_dist=None)
  n21 20260922_0900 … ✗ swath overlaps bbox but all pixels cloud/land masked (raw_valid_in_bbox=0, ql_dist=None)
  n21 20260922_0910 … ✗ swath overlaps bbox but all pixels cloud/land masked (raw_valid_in_bbox=0, ql_dist=None)
  n21 20260922_0950 … ✗ swath overlaps bbox but all pixels cloud/land masked (raw_valid_in_bbox=0, ql_dist=None)
  n21 20260922_1000 … ✗ swath overlaps bbox but all pixels cloud/land masked (raw_valid_in_bbox=0, ql_dist=None)
  n21 20260922_1010 … ✗ swath overlaps bbox but all pixels cloud/land masked (raw_valid_in_bbox=0, ql_dist=None)
  n21 20260922_1050 … ✗ swath overlaps bbox but all pixels cloud/land masked (raw_valid_in_bbox=0, ql_dist=None)
  n21 20260922_1100 … ✗ swath overlaps bbox but all pixels cloud/land masked (raw_valid_in_bbox=0, ql_dist=None)
  n21 20260922_1110 … ✗ swath overlaps bbox but all pixels cloud/land masked (raw_valid_in_bbox=0, ql_dist=None)
  n21 20260922_1150 … ✗ swath overlaps bbox but all pixels cloud/land masked (raw_valid_in_bbox=0, ql_dist=None)
  n21 20260922_1200 … ✗ swath overlaps bbox but all pixels cloud/land masked (raw_valid_in_bbox=0, ql_dist=None)
  n21 20260922_1210 … ✗ swath overlaps bbox but all pixels cloud/land masked (raw_valid_in_bbox=0, ql_dist=None)
  n21 20260922_1250 … ✗ swath overlaps bbox but all pixels cloud/land masked (raw_valid_in_bbox=0, ql_dist=None)
  n21 20260922_1300 … ✗ swath overlaps bbox but all pixels cloud/land masked (raw_valid_in_bbox=0, ql_dist=None)
  n21 20260922_1310 … ✗ swath overlaps bbox but all pixels cloud/land masked (raw_valid_in_bbox=0, ql_dist=None)
  n21 20260922_1350 … ✗ swath overlaps bbox but all pixels cloud/land masked (raw_valid_in_bbox=0, ql_dist=None)
  n21 20260922_1400 … ✗ swath overlaps bbox but all pixels cloud/land masked (raw_valid_in_bbox=0, ql_dist=None)
  n21 20260922_1410 … ✗ swath overlaps bbox but all pixels cloud/land masked (raw_valid_in_bbox=0, ql_dist=None)
  n21 20260922_1450 … ✗ swath overlaps bbox but all pixels cloud/land masked (raw_valid_in_bbox=0, ql_dist=None)
  n21 20260922_1500 … ✗ swath overlaps bbox but all pixels cloud/land masked (raw_valid_in_bbox=0, ql_dist=None)
  n21 20260922_1510 … ✗ swath overlaps bbox but all pixels cloud/land masked (raw_valid_in_bbox=0, ql_dist=None)
  n21 20260922_1550 … ✗ swath overlaps bbox but all pixels cloud/land masked (raw_valid_in_bbox=0, ql_dist=None)
  n21 20260922_1600 … ✗ swath overlaps bbox but all pixels cloud/land masked (raw_valid_in_bbox=0, ql_dist=None)
  n21 20260922_1610 … ✗ swath overlaps bbox but all pixels cloud/land masked (raw_valid_in_bbox=0, ql_dist=None)
  n21 20260922_1650 … ✗ swath overlaps bbox but all pixels cloud/land masked (raw_valid_in_bbox=0, ql_dist=None)
  n21 20260922_1700 … ✗ swath overlaps bbox but all pixels cloud/land masked (raw_valid_in_bbox=0, ql_dist=None)
  n21 20260922_1710 … ✗ swath overlaps bbox but all pixels cloud/land masked (raw_valid_in_bbox=0, ql_dist=None)
  n21 20260922_1750 … ✗ swath overlaps bbox but all pixels cloud/land masked (raw_valid_in_bbox=0, ql_dist=None)
  n21 20260922_1800 … ✗ swath overlaps bbox but all pixels cloud/land masked (raw_valid_in_bbox=0, ql_dist=None)
  n21 20260922_1810 … ✗ swath overlaps bbox but all pixels cloud/land masked (raw_valid_in_bbox=0, ql_dist=None)
  n21 20260922_1850 … ✗ swath overlaps bbox but all pixels cloud/land masked (raw_valid_in_bbox=0, ql_dist=None)
  n21 20260922_1900 … ✗ swath overlaps bbox but all pixels cloud/land masked (raw_valid_in_bbox=0, ql_dist=None)
  n21 20260922_1910 … ✗ swath overlaps bbox but all pixels cloud/land masked (raw_valid_in_bbox=0, ql_dist=None)
  n21 20260922_1950 … 