lat,lon,u,v,speed_ms,dir_deg,source,date
22.16667,-83.08333,-0.13691,-0.05358,0.147,248.6,CMEMS,2026-09-10
22.16667,-83.0,-0.12972,-0.04277,0.1366,251.8,CMEMS,2026-09-10
22.16667,-82.91666,-0.12752,-0.03577,0.1324,254.3,CMEMS,2026-09-10
22.16667,-82.83333,-0.1315,-0.02892,0.1346,257.6,CMEMS,2026-09-10
22.16667,-82.75,-0.13482,-0.00214,0.1348,269.1,CMEMS,2026-09-10
22.16667,-82.66666,-0.1237,0.03667,0.129,286.5,CMEMS,2026-09-10
22.16667,-82.58333,-0.10632,0.04249,0.1145,291.8,CMEMS,2026-09-10
22.16667,-82.5,-0.09696,0.04806,0.1082,296.4,CMEMS,2026-09-10
22.16667,-82.41666,-0.09357,0.05291,0.1075,299.5,CMEMS,2026-09-10
22.16667,-82.33333,-0.09557,0.05635,0.1109,300.5,CMEMS,2026-09-10
22.16667,-82.25,-0.10186,0.05809,0.1173,299.7,CMEMS,2026-09-10
22.16667,-82.16666,-0.11013,0.05771,0.1243,297.7,CMEMS,2026-09-10
22.16667,-82.08333,-0.11651,0.05323,0.1281,294.6,CMEMS,2026-09-10
22.16667,-82.0,-0.11889,0.04728,0.1279,291.7,CMEMS,2026-09-10
22.16667,-81.91666,-0.11478,0.04148,0.1221,289.9,CMEMS,2026-09-10
22.16667,-81.83333,-0.11581,0.03802,0.1219,288.2,CMEMS,2026-09-10
22.16667,-81.75,-0.1083,0.03363,0.1134,287.3,CMEMS,2026-09-10
22.16667,-81.66666,-0.08425,0.02281,0.0873,285.1,CMEMS,2026-09-10
22.16667,-81.58333,-0.05805,0.02166,0.062,290.5,CMEMS,2026-09-10
22.16667,-81.5,-0.05934,0.02418,0.0641,292.2,CMEMS,2026-09-10
22.16667,-81.41666,-0.07957,0.02586,0.0837,288.0,CMEMS,2026-09-10
22.16667,-78.33333,-0.08493,0.05948,0.1037,305.0,CMEMS,2026-09-10
22.16667,-78.25,-0.08731,0.05282,0.102,301.2,CMEMS,2026-09-10
22.16667,-78.16666,-0.09337,0.04259,0.1026,294.5,CMEMS,2026-09-10
22.16667,-78.08333,-0.0763,0.01481,0.0777,281.0,CMEMS,2026-09-10
22.16667,-78.0,-0.08976,0.02569,0.0934,286.0,CMEMS,2026-09-10
22.16667,-77.91666,-0.1377,0.06423,0.1519,295.0,CMEMS,2026-09-10
22.16667,-77.83333,-0.15006,0.04735,0.1574,287.5,CMEMS,2026-09-10
22.16667,-77.75,-0.11797,0.01055,0.1184,275.1,CMEMS,2026-09-10
22.16667,-77.66666,0.11342,-0.14043,0.1805,141.1,CMEMS,2026-09-10
22.16667,-77.58333,0.35437,-0.41678,0.5471,139.6,CMEMS,2026-09-10
22.16667,-77.5,0.33086,-0.39089,0.5121,139.8,CMEMS,2026-09-10
22.16667,-77.41666,0.12376,-0.15637,0.1994,141.6,CMEMS,2026-09-10
22.16667,-77.33333,-0.09728,-0.00514,0.0974,267.0,CMEMS,2026-09-10
22.16667,-77.25,-0.1845,0.06441,0.1954,289.2,CMEMS,2026-09-10
22.16667,-77.16666,-0.16677,0.00111,0.1668,270.4,CMEMS,2026-09-10
22.16667,-77.08333,-0.15395,0.08195,0.1744,298.0,CMEMS,2026-09-10
22.16667,-77.0,-0.18376,0.08141,0.201,293.9,CMEMS,2026-09-10
22.16667,-76.91666,-0.22203,0.0917,0.2402,292.4,CMEMS,2026-09-10
22.16667,-76.83333,-0.25839,0.11474,0.2827,293.9,CMEMS,2026-09-10
22.16667,-76.75,-0.26662,0.14869,0.3053,299.1,CMEMS,2026-09-10
22.16667,-76.66666,-0.23154,0.16146,0.2823,304.9,CMEMS,2026-09-10
22.16667,-76.58333,-0.18181,0.16246,0.2438,311.8,CMEMS,2026-09-10
22.16667,-76.5,-0.14549,0.09464,0.1736,303.0,CMEMS,2026-09-10
22.16667,-76.41666,-0.13287,0.06215,0.1467,295.1,CMEMS,2026-09-10
22.16667,-76.33333,-0.14566,0.06172,0.1582,293.0,CMEMS,2026-09-10
22.16667,-76.25,-0.12371,0.05928,0.1372,295.6,CMEMS,2026-09-10
22.16667,-76.16666,-0.08861,0.07242,0.1144,309.3,CMEMS,2026-09-10
22.25,-83.08333,-0.13596,-0.06366,0.1501,244.9,CMEMS,2026-09-10
22.25,-83.0,-0.12679,-0.05066,0.1365,248.2,CMEMS,2026-09-10
22.25,-82.91666,-0.12205,-0.03611,0.1273,253.5,CMEMS,2026-09-10
22.25,-82.83333,-0.11892,-0.02779,0.1221,256.8,CMEMS,2026-09-10
22.25,-82.75,-0.11729,-0.002,0.1173,269.0,CMEMS,2026-09-10
22.25,-82.66666,-0.11508,0.01977,0.1168,279.7,CMEMS,2026-09-10
22.25,-82.58333,-0.10796,0.03066,0.1122,285.9,CMEMS,2026-09-10
22.25,-82.5,-0.09962,0.03913,0.107,291.4,CMEMS,2026-09-10
22.25,-82.41666,-0.09255,0.0477,0.1041,297.3,CMEMS,2026-09-10
22.25,-82.33333,-0.08989,0.05689,0.1064,302.3,CMEMS,2026-09-10
22.25,-82.25,-0.09267,0.06481,0.1131,305.0,CMEMS,2026-09-10
22.25,-82.16666,-0.09744,0.06525,0.1173,303.8,CMEMS,2026-09-10
22.25,-82.08333,-0.09365,0.06012,0.1113,302.7,CMEMS,2026-09-10
22.25,-82.0,-0.08885,0.04891,0.1014,298.8,CMEMS,2026-09-10
22.25,-81.91666,-0.09908,0.04526,0.1089,294.5,CMEMS,2026-09-10
22.25,-81.83333,-0.10907,0.04032,0.1163,290.3,CMEMS,2026-09-10
22.25,-78.41666,-0.08486,0.06994,0.11,309.5,CMEMS,2026-09-10
22.25,-78.33333,-0.09227,0.05873,0.1094,302.5,CMEMS,2026-09-10
22.25,-78.25,-0.11179,0.05251,0.1235,295.2,CMEMS,2026-09-10
22.25,-78.16666,-0.10447,0.04837,0.1151,294.8,CMEMS,2026-09-10
22.25,-78.08333,-0.11034,0.03973,0.1173,289.8,CMEMS,2026-09-10
22.25,-78.0,-0.1306,0.04788,0.1391,290.1,CMEMS,2026-09-10
22.25,-77.91666,-0.15413,0.05092,0.1623,288.3,CMEMS,2026-09-10
22.25,-77.83333,-0.16235,0.04855,0.1695,286.6,CMEMS,2026-09-10
22.25,-77.75,0.0655,-0.11616,0.1334,150.6,CMEMS,2026-09-10
22.25,-77.66666,0.36457,-0.37281,0.5214,135.6,CMEMS,2026-09-10
22.25,-77.58333,0.35233,-0.40482,0.5367,139.0,CMEMS,2026-09-10
22.25,-77.5,0.10978,-0.12079,0.1632,137.7,CMEMS,2026-09-10
22.25,-77.41666,-0.08745,0.05942,0.1057,304.2,CMEMS,2026-09-10
22.25,-77.33333,-0.1286,0.06461,0.1439,296.7,CMEMS,2026-09-10
22.25,-77.25,-0.14201,0.05055,0.1507,289.6,CMEMS,2026-09-10
22.25,-77.16666,-0.16205,0.0193,0.1632,276.8,CMEMS,2026-09-10
22.25,-77.08333,-0.17695,0.07013,0.1903,291.6,CMEMS,2026-09-10
22.25,-77.0,-0.19533,0.09117,0.2156,295.0,CMEMS,2026-09-10
22.25,-76.91666,-0.19133,0.08855,0.2108,294.8,CMEMS,2026-09-10
22.25,-76.83333,-0.169,0.0997,0.1962,300.5,CMEMS,2026-09-10
22.25,-76.75,-0.16797,0.10964,0.2006,303.1,CMEMS,2026-09-10
22.25,-76.66666,-0.14589,0.0901,0.1715,301.7,CMEMS,2026-09-10
22.25,-76.58333,-0.1172,0.08051,0.1422,304.5,CMEMS,2026-09-10
22.25,-76.5,-0.12464,0.06452,0.1403,297.4,CMEMS,2026-09-10
22.25,-76.41666,-0.13337,0.07326,0.1522,298.8,CMEMS,2026-09-10
22.25,-76.33333,-0.13951,0.07614,0.1589,298.6,CMEMS,2026-09-10
22.25,-76.25,-0.14544,0.08379,0.1679,299.9,CMEMS,2026-09-10
22.25,-76.16666,-0.12454,0.07321,0.1445,300.5,CMEMS,2026-09-10
22.33334,-83.08333,-0.12892,-0.07833,0.1508,238.7,CMEMS,2026-09-10
22.33334,-83.0,-0.12087,-0.05443,0.1326,245.8,CMEMS,2026-09-10
22.33334,-82.91666,-0.12237,-0.03586,0.1275,253.7,CMEMS,2026-09-10
22.33334,-82.83333,-0.11017,-0.02232,0.1124,258.5,CMEMS,2026-09-10
22.33334,-82.75,-0.09858,0.0011,0.0986,270.6,CMEMS,2026-09-10
22.33334,-82.66666,-0.09785,0.013,0.0987,277.6,CMEMS,2026-09-10
22.33334,-82.58333,-0.09192,0.02221,0.0946,283.6,CMEMS,2026-09-10
22.33334,-82.5,-0.08487,0.02975,0.0899,289.3,CMEMS,2026-09-10
22.33334,-82.41666,-0.07783,0.03933,0.0872,296.8,CMEMS,2026-09-10
22.33334,-82.33333,-0.07305,0.05297,0.0902,305.9,CMEMS,2026-09-10
22.33334,-82.25,-0.07418,0.07093,0.1026,313.7,CMEMS,2026-09-10
22.33334,-82.16666,-0.08976,0.0864,0.1246,313.9,CMEMS,2026-09-10
22.33334,-82.08333,-0.09851,0.07582,0.1243,307.6,CMEMS,2026-09-10
22.33334,-82.0,-0.09109,0.04487,0.1015,296.2,CMEMS,2026-09-10
22.33334,-78.58333,-0.11217,0.04557,0.1211,292.1,CMEMS,2026-09-10
22.33334,-78.5,-0.11037,0.05047,0.1214,294.6,CMEMS,2026-09-10
22.33334,-78.41666,-0.12585,0.06931,0.1437,298.8,CMEMS,2026-09-10
22.33334,-78.33333,-0.11769,0.05461,0.1297,294.9,CMEMS,2026-09-10
22.33334,-78.25,-0.09711,0.04188,0.1058,293.3,CMEMS,2026-09-10
22.33334,-78.16666,-0.09396,0.05176,0.1073,298.9,CMEMS,2026-09-10
22.33334,-78.08333,-0.10979,0.04592,0.119,292.7,CMEMS,2026-09-10
22.33334,-78.0,-0.12336,0.05947,0.137,295.7,CMEMS,2026-09-10
22.33334,-77.91666,-0.13985,0.0753,0.1588,298.3,CMEMS,2026-09-10
22.33334,-77.83333,0.03053,-0.05066,0.0591,148.9,CMEMS,2026-09-10
22.33334,-77.75,0.28742,-0.31226,0.4244,137.4,CMEMS,2026-09-10
22.33334,-77.66666,0.34005,-0.36794,0.501,137.3,CMEMS,2026-09-10
22.33334,-77.58333,0.10692,-0.11666,0.1582,137.5,CMEMS,2026-09-10
22.33334,-77.5,-0.10557,0.05085,0.1172,295.7,CMEMS,2026-09-10
22.33334,-77.41666,-0.11494,0.06321,0.1312,298.8,CMEMS,2026-09-10
22.33334,-77.33333,-0.11766,0.06512,0.1345,299.0,CMEMS,2026-09-10
22.33334,-77.25,-0.12238,0.06767,0.1398,298.9,CMEMS,2026-09-10
22.33334,-77.16666,-0.12477,0.07459,0.1454,300.9,CMEMS,2026-09-10
22.33334,-77.08333,-0.13131,0.06987,0.1487,298.0,CMEMS,2026-09-10
22.33334,-77.0,-0.13357,0.09178,0.1621,304.5,CMEMS,2026-09-10
22.33334,-76.91666,-0.12874,0.07605,0.1495,300.6,CMEMS,2026-09-10
22.33334,-76.83333,-0.12678,0.08051,0.1502,302.4,CMEMS,2026-09-10
22.33334,-76.75,-0.12434,0.08101,0.1484,303.1,CMEMS,2026-09-10
22.33334,-76.66666,-0.1224,0.08066,0.1466,303.4,CMEMS,2026-09-10
22.33334,-76.58333,-0.12215,0.08019,0.1461,303.3,CMEMS,2026-09-10
22.33334,-76.5,-0.12591,0.07762,0.1479,301.7,CMEMS,2026-09-10
22.33334,-76.41666,-0.12996,0.07963,0.1524,301.5,CMEMS,2026-09-10
22.33334,-76.33333,-0.1317,0.08196,0.1551,301.9,CMEMS,2026-09-10
22.33334,-76.25,-0.13198,0.08648,0.1578,303.2,CMEMS,2026-09-10
22.33334,-76.16666,-0.12751,0.09258,0.1576,306.0,CMEMS,2026-09-10
22.41667,-83.08333,-0.07673,-0.07558,0.1077,225.4,CMEMS,2026-09-10
22.41667,-83.0,-0.07876,-0.05256,0.0947,236.3,CMEMS,2026-09-10
22.41667,-82.91666,-0.09169,-0.03762,0.0991,247.7,CMEMS,2026-09-10
22.41667,-82.83333,-0.10176,-0.03314,0.107,252.0,CMEMS,2026-09-10
22.41667,-82.75,-0.10395,-0.00887,0.1043,265.1,CMEMS,2026-09-10
22.41667,-82.66666,-0.09066,0.0028,0.0907,271.8,CMEMS,2026-09-10
22.41667,-82.58333,-0.08177,0.01396,0.083,279.7,CMEMS,2026-09-10
22.41667,-82.5,-0.07509,0.02227,0.0783,286.5,CMEMS,2026-09-10
22.41667,-82.41666,-0.06886,0.03035,0.0752,293.8,CMEMS,2026-09-10
22.41667,-82.33333,-0.06051,0.04174,0.0735,304.6,CMEMS,2026-09-10
22.41667,-82.25,-0.05665,0.05864,0.0815,316.0,CMEMS,2026-09-10
22.41667,-82.16666,-0.05009,0.0811,0.0953,328.3,CMEMS,2026-09-10
22.41667,-79.33333,-0.02888,0.00598,0.0295,281.7,CMEMS,2026-09-10
22.41667,-79.25,-0.03148,0.00205,0.0315,273.7,CMEMS,2026-09-10
22.41667,-79.16666,-0.04387,0.00272,0.044,273.5,CMEMS,2026-09-10
22.41667,-79.08333,-0.06226,0.01385,0.0638,282.5,CMEMS,2026-09-10
22.41667,-79.0,-0.08311,0.02148,0.0858,284.5,CMEMS,2026-09-10
22.41667,-78.91666,-0.10027,0.01825,0.1019,280.3,CMEMS,2026-09-10
22.41667,-78.83333,-0.11205,0.01309,0.1128,276.7,CMEMS,2026-09-10
22.41667,-78.75,-0.12382,0.02661,0.1266,282.1,CMEMS,2026-09-10
22.41667,-78.66666,-0.16238,0.06205,0.1738,290.9,CMEMS,2026-09-10
22.41667,-78.58333,-0.15235,0.04414,0.1586,286.2,CMEMS,2026-09-10
22.41667,-78.5,-0.10531,0.035,0.111,288.4,CMEMS,2026-09-10
22.41667,-78.41666,-0.09339,0.05666,0.1092,301.2,CMEMS,2026-09-10
22.41667,-78.33333,-0.07489,0.04978,0.0899,303.6,CMEMS,2026-09-10
22.41667,-78.25,-0.07058,0.04295,0.0826,301.3,CMEMS,2026-09-10
22.41667,-78.16666,-0.08005,0.05764,0.0986,305.8,CMEMS,2026-09-10
22.41667,-78.08333,-0.08819,0.07013,0.1127,308.5,CMEMS,2026-09-10
22.41667,-78.0,-0.0934,0.07983,0.1229,310.5,CMEMS,2026-09-10
22.41667,-77.91666,0.04233,-0.05546,0.0698,142.6,CMEMS,2026-09-10
22.41667,-77.83333,0.23027,-0.21353,0.314,132.8,CMEMS,2026-09-10
22.41667,-77.75,0.28955,-0.34487,0.4503,140.0,CMEMS,2026-09-10
22.41667,-77.66666,0.10564,-0.15673,0.189,146.0,CMEMS,2026-09-10
22.41667,-77.58333,-0.09845,0.04521,0.1083,294.7,CMEMS,2026-09-10
22.41667,-77.5,-0.11429,0.05832,0.1283,297.0,CMEMS,2026-09-10
22.41667,-77.41666,-0.11489,0.06401,0.1315,299.1,CMEMS,2026-09-10
22.41667,-77.33333,-0.11592,0.06648,0.1336,299.8,CMEMS,2026-09-10
22.41667,-77.25,-0.11682,0.06881,0.1356,300.5,CMEMS,2026-09-10
22.41667,-77.16666,-0.11686,0.07395,0.1383,302.3,CMEMS,2026-09-10
22.41667,-77.08333,-0.11863,0.07752,0.1417,303.2,CMEMS,2026-09-10
22.41667,-77.0,-0.11805,0.08401,0.1449,305.4,CMEMS,2026-09-10
22.41667,-76.91666,-0.11823,0.07702,0.1411,303.1,CMEMS,2026-09-10
22.41667,-76.83333,-0.12114,0.07866,0.1444,303.0,CMEMS,2026-09-10
22.41667,-76.75,-0.12143,0.0807,0.1458,303.6,CMEMS,2026-09-10
22.41667,-76.66666,-0.12203,0.08298,0.1476,304.2,CMEMS,2026-09-10
22.41667,-76.58333,-0.12292,0.08445,0.1491,304.5,CMEMS,2026-09-10
22.41667,-76.5,-0.12382,0.08434,0.1498,304.3,CMEMS,2026-09-10
22.41667,-76.41666,-0.12407,0.08379,0.1497,304.0,CMEMS,2026-09-10
22.41667,-76.33333,-0.12438,0.0844,0.1503,304.2,CMEMS,2026-09-10
22.41667,-76.25,-0.12533,0.08663,0.1524,304.7,CMEMS,2026-09-10
22.41667,-76.16666,-0.12511,0.08919,0.1536,305.5,CMEMS,2026-09-10
22.5,-83.08333,-0.03925,-0.06268,0.074,212.1,CMEMS,2026-09-10
22.5,-83.0,-0.04652,-0.04092,0.062,228.7,CMEMS,2026-09-10
22.5,-82.91666,-0.06621,-0.03403,0.0744,242.8,CMEMS,2026-09-10
22.5,-82.83333,-0.08347,-0.0259,0.0874,252.8,CMEMS,2026-09-10
22.5,-82.75,-0.0944,-0.01583,0.0957,260.5,CMEMS,2026-09-10
22.5,-82.66666,-0.09338,-0.00551,0.0935,266.6,CMEMS,2026-09-10
22.5,-82.58333,-0.08961,0.0062,0.0898,274.0,CMEMS,2026-09-10
22.5,-82.5,-0.08507,0.01515,0.0864,280.1,CMEMS,2026-09-10
22.5,-82.41666,-0.0795,0.02084,0.0822,284.7,CMEMS,2026-09-10
22.5,-82.33333,-0.07095,0.02576,0.0755,290.0,CMEMS,2026-09-10
22.5,-82.25,-0.05479,0.03159,0.0632,300.0,CMEMS,2026-09-10
22.5,-82.16666,-0.02313,0.03569,0.0425,327.1,CMEMS,2026-09-10
22.5,-82.08333,-0.00476,0.00904,0.0102,332.2,CMEMS,2026-09-10
22.5,-82.0,-0.0086,-0.00027,0.0086,268.2,CMEMS,2026-09-10
22.5,-81.91666,-0.01014,-0.00165,0.0103,260.7,CMEMS,2026-09-10
22.5,-81.83333,-0.00669,-0.00465,0.0081,235.2,CMEMS,2026-09-10
22.5,-81.75,-0.00739,0.02661,0.0276,344.5,CMEMS,2026-09-10
22.5,-81.66666,-0.01015,0.05358,0.0545,349.3,CMEMS,2026-09-10
22.5,-79.41666,-0.0429,0.01674,0.046,291.3,CMEMS,2026-09-10
22.5,-79.33333,-0.04293,0.01581,0.0457,290.2,CMEMS,2026-09-10
22.5,-79.25,-0.05489,0.01298,0.0564,283.3,CMEMS,2026-09-10
22.5,-79.16666,-0.06503,0.01076,0.0659,279.4,CMEMS,2026-09-10
22.5,-79.08333,-0.08257,0.0361,0.0901,293.6,CMEMS,2026-09-10
22.5,-79.0,-0.10371,0.04073,0.1114,291.4,CMEMS,2026-09-10
22.5,-78.91666,-0.11899,0.03238,0.1233,285.2,CMEMS,2026-09-10
22.5,-78.83333,-0.13173,0.0193,0.1331,278.3,CMEMS,2026-09-10
22.5,-78.75,-0.14192,0.00544,0.142,272.2,CMEMS,2026-09-10
22.5,-78.66666,-0.14945,-0.01221,0.1499,265.3,CMEMS,2026-09-10
22.5,-78.5,-0.105,0.0854,0.1353,309.1,CMEMS,2026-09-10
22.5,-78.41666,-0.07677,0.06736,0.1021,311.3,CMEMS,2026-09-10
22.5,-78.33333,-0.06249,0.04745,0.0785,307.2,CMEMS,2026-09-10
22.5,-78.25,-0.04779,0.04709,0.0671,314.6,CMEMS,2026-09-10
22.5,-78.16666,-0.04074,0.06853,0.0797,329.3,CMEMS,2026-09-10
22.5,-78.08333,0.01846,0.04132,0.0453,24.1,CMEMS,2026-09-10
22.5,-78.0,0.16703,-0.04925,0.1741,106.4,CMEMS,2026-09-10
22.5,-77.91666,0.29191,-0.21879,0.3648,126.9,CMEMS,2026-09-10
22.5,-77.83333,0.28248,-0.23067,0.3647,129.2,CMEMS,2026-09-10
22.5,-77.75,0.13411,-0.13495,0.1903,135.2,CMEMS,2026-09-10
22.5,-77.66666,-0.03627,0.01538,0.0394,293.0,CMEMS,2026-09-10
22.5,-77.58333,-0.10034,0.05044,0.1123,296.7,CMEMS,2026-09-10
22.5,-77.5,-0.10249,0.05944,0.1185,300.1,CMEMS,2026-09-10
22.5,-77.41666,-0.10715,0.06519,0.1254,301.3,CMEMS,2026-09-10
22.5,-77.33333,-0.10822,0.06537,0.1264,301.1,CMEMS,2026-09-10
22.5,-77.25,-0.10868,0.06872,0.1286,302.3,CMEMS,2026-09-10
22.5,-77.16666,-0.10976,0.07393,0.1323,304.0,CMEMS,2026-09-10
22.5,-77.08333,-0.11148,0.07989,0.1372,305.6,CMEMS,2026-09-10
22.5,-77.0,-0.11385,0.08117,0.1398,305.5,CMEMS,2026-09-10
22.5,-76.91666,-0.11643,0.07864,0.1405,304.0,CMEMS,2026-09-10
22.5,-76.83333,-0.11856,0.07864,0.1423,303.6,CMEMS,2026-09-10
22.5,-76.75,-0.11938,0.08088,0.1442,304.1,CMEMS,2026-09-10
22.5,-76.66666,-0.11937,0.08434,0.1462,305.2,CMEMS,2026-09-10
22.5,-76.58333,-0.11932,0.08701,0.1477,306.1,CMEMS,2026-09-10
22.5,-76.5,-0.11965,0.08823,0.1487,306.4,CMEMS,2026-09-10
22.5,-76.41666,-0.12014,0.08847,0.1492,306.4,CMEMS,2026-09-10
22.5,-76.33333,-0.12184,0.08868,0.1507,306.0,CMEMS,2026-09-10
22.5,-76.25,-0.12488,0.0895,0.1536,305.6,CMEMS,2026-09-10
22.5,-76.16666,-0.1268,0.09025,0.1556,305.4,CMEMS,2026-09-10
22.58334,-82.91666,-0.03811,-0.02395,0.045,237.9,CMEMS,2026-09-10
22.58334,-82.83333,-0.03964,-0.02055,0.0447,242.6,CMEMS,2026-09-10
22.58334,-82.75,-0.05547,-0.01554,0.0576,254.3,CMEMS,2026-09-10
22.58334,-82.66666,-0.06526,-0.00609,0.0655,264.7,CMEMS,2026-09-10
22.58334,-82.58333,-0.06782,0.00432,0.068,273.6,CMEMS,2026-09-10
22.58334,-82.5,-0.06548,0.01304,0.0668,281.3,CMEMS,2026-09-10
22.58334,-82.41666,-0.06026,0.01894,0.0632,287.5,CMEMS,2026-09-10
22.58334,-82.33333,-0.05271,0.02321,0.0576,293.8,CMEMS,2026-09-10
22.58334,-82.25,-0.04182,0.0262,0.0494,302.1,CMEMS,2026-09-10
22.58334,-82.16666,-0.02765,0.02077,0.0346,306.9,CMEMS,2026-09-10
22.58334,-82.08333,-0.0211,0.00847,0.0227,291.9,CMEMS,2026-09-10
22.58334,-82.0,-0.02324,0.00012,0.0232,270.3,CMEMS,2026-09-10
22.58334,-81.91666,-0.0236,-0.00254,0.0237,263.9,CMEMS,2026-09-10
22.58334,-81.83333,-0.02286,0.00373,0.0232,279.3,CMEMS,2026-09-10
22.58334,-81.75,-0.01758,0.0256,0.0311,325.5,CMEMS,2026-09-10
22.58334,-81.66666,-0.01193,0.04474,0.0463,345.1,CMEMS,2026-09-10
22.58334,-79.5,-0.05895,0.03779,0.07,302.7,CMEMS,2026-09-10
22.58334,-79.41666,-0.06513,0.03388,0.0734,297.5,CMEMS,2026-09-10
22.58334,-79.33333,-0.08101,0.03402,0.0879,292.8,CMEMS,2026-09-10
22.58334,-79.25,-0.0927,0.02656,0.0964,286.0,CMEMS,2026-09-10
22.58334,-79.16666,-0.09795,0.02898,0.1022,286.5,CMEMS,2026-09-10
22.58334,-79.08333,-0.1144,0.03692,0.1202,287.9,CMEMS,2026-09-10
22.58334,-79.0,-0.13443,0.05404,0.1449,291.9,CMEMS,2026-09-10
22.58334,-78.91666,-0.14389,0.04496,0.1508,287.4,CMEMS,2026-09-10
22.58334,-78.83333,-0.14836,0.0244,0.1504,279.3,CMEMS,2026-09-10
22.58334,-78.75,-0.14938,0.00269,0.1494,271.0,CMEMS,2026-09-10
22.58334,-78.66666,-0.14753,-0.02211,0.1492,261.5,CMEMS,2026-09-10
22.58334,-78.58333,-0.12435,-0.00439,0.1244,268.0,CMEMS,2026-09-10
22.58334,-78.5,-0.07072,0.07588,0.1037,317.0,CMEMS,2026-09-10
22.58334,-78.41666,0.04297,0.04145,0.0597,46.0,CMEMS,2026-09-10
22.58334,-78.33333,0.16625,0.03358,0.1696,78.6,CMEMS,2026-09-10
22.58334,-78.25,0.24176,0.03187,0.2439,82.5,CMEMS,2026-09-10
22.58334,-78.16666,0.29961,-0.00841,0.2997,91.6,CMEMS,2026-09-10
22.58334,-78.08333,0.34785,-0.09383,0.3603,105.1,CMEMS,2026-09-10
22.58334,-78.0,0.35463,-0.11091,0.3716,107.4,CMEMS,2026-09-10
22.58334,-77.91666,0.29921,-0.16793,0.3431,119.3,CMEMS,2026-09-10
22.58334,-77.83333,0.15405,-0.08294,0.175,118.3,CMEMS,2026-09-10
22.58334,-77.75,-0.00915,0.0813,0.0818,353.6,CMEMS,2026-09-10
22.58334,-77.66666,-0.07872,0.06249,0.1005,308.4,CMEMS,2026-09-10
22.58334,-77.58333,-0.09295,0.06063,0.111,303.1,CMEMS,2026-09-10
22.58334,-77.5,-0.09438,0.0564,0.11,300.9,CMEMS,2026-09-10
22.58334,-77.41666,-0.09475,0.05511,0.1096,300.2,CMEMS,2026-09-10
22.58334,-77.33333,-0.099,0.06589,0.1189,303.6,CMEMS,2026-09-10
22.58334,-77.25,-0.10372,0.07076,0.1256,304.3,CMEMS,2026-09-10
22.58334,-77.16666,-0.10578,0.07314,0.1286,304.7,CMEMS,2026-09-10
22.58334,-77.08333,-0.10398,0.07373,0.1275,305.3,CMEMS,2026-09-10
22.58334,-77.0,-0.10725,0.08056,0.1341,306.9,CMEMS,2026-09-10
22.58334,-76.91666,-0.11531,0.07992,0.1403,304.7,CMEMS,2026-09-10
22.58334,-76.83333,-0.11939,0.0797,0.1435,303.7,CMEMS,2026-09-10
22.58334,-76.75,-0.11912,0.07934,0.1431,303.7,CMEMS,2026-09-10
22.58334,-76.66666,-0.11645,0.08371,0.1434,305.7,CMEMS,2026-09-10
22.58334,-76.58333,-0.115,0.08841,0.1451,307.6,CMEMS,2026-09-10
22.58334,-76.5,-0.11718,0.09137,0.1486,307.9,CMEMS,2026-09-10
22.58334,-76.41666,-0.11996,0.09397,0.1524,308.1,CMEMS,2026-09-10
22.58334,-76.33333,-0.12095,0.09555,0.1541,308.3,CMEMS,2026-09-10
22.58334,-76.25,-0.12414,0.09281,0.155,306.8,CMEMS,2026-09-10
22.58334,-76.16666,-0.12669,0.09195,0.1565,306.0,CMEMS,2026-09-10
22.66667,-82.83333,-0.01445,-0.01972,0.0245,216.2,CMEMS,2026-09-10
22.66667,-82.75,-0.00877,-0.01416,0.0167,211.8,CMEMS,2026-09-10
22.66667,-82.66666,-0.01275,-0.00579,0.014,245.6,CMEMS,2026-09-10
22.66667,-82.58333,-0.01516,0.0038,0.0156,284.1,CMEMS,2026-09-10
22.66667,-82.5,-0.01264,0.01217,0.0175,313.9,CMEMS,2026-09-10
22.66667,-82.41666,-0.00659,0.01844,0.0196,340.3,CMEMS,2026-09-10
22.66667,-82.33333,0.00112,0.02282,0.0228,2.8,CMEMS,2026-09-10
22.66667,-82.25,0.01014,0.02358,0.0257,23.3,CMEMS,2026-09-10
22.66667,-82.16666,0.019,0.01867,0.0266,45.5,CMEMS,2026-09-10
22.66667,-82.08333,0.02372,0.00967,0.0256,67.8,CMEMS,2026-09-10
22.66667,-82.0,0.02289,0.0019,0.023,85.3,CMEMS,2026-09-10
22.66667,-81.91666,0.01738,0.00026,0.0174,89.1,CMEMS,2026-09-10
22.66667,-81.83333,0.00741,0.00854,0.0113,41.0,CMEMS,2026-09-10
22.66667,-81.75,-0.00359,0.02476,0.025,351.7,CMEMS,2026-09-10
22.66667,-81.66666,-0.00826,0.04192,0.0427,348.8,CMEMS,2026-09-10
22.66667,-79.58333,-0.06699,0.05286,0.0853,308.3,CMEMS,2026-09-10
22.66667,-79.5,-0.07134,0.0516,0.088,305.9,CMEMS,2026-09-10
22.66667,-79.41666,-0.08392,0.04898,0.0972,300.3,CMEMS,2026-09-10
22.66667,-79.33333,-0.10433,0.0397,0.1116,290.8,CMEMS,2026-09-10
22.66667,-79.25,-0.12836,0.04028,0.1345,287.4,CMEMS,2026-09-10
22.66667,-79.16666,-0.13964,0.038,0.1447,285.2,CMEMS,2026-09-10
22.66667,-79.08333,-0.13246,0.04467,0.1398,288.6,CMEMS,2026-09-10
22.66667,-79.0,-0.13385,0.07329,0.1526,298.7,CMEMS,2026-09-10
22.66667,-78.91666,-0.1488,0.05815,0.1598,291.3,CMEMS,2026-09-10
22.66667,-78.83333,-0.13137,0.0154,0.1323,276.7,CMEMS,2026-09-10
22.66667,-78.75,-0.09331,0.02521,0.0967,285.1,CMEMS,2026-09-10
22.66667,-78.66666,-0.04529,0.02338,0.051,297.3,CMEMS,2026-09-10
22.66667,-78.58333,0.04209,0.0144,0.0445,71.1,CMEMS,2026-09-10
22.66667,-78.5,0.17366,-0.02652,0.1757,98.7,CMEMS,2026-09-10
22.66667,-78.41666,0.29889,-0.13599,0.3284,114.5,CMEMS,2026-09-10
22.66667,-78.33333,0.34171,-0.06188,0.3473,100.3,CMEMS,2026-09-10
22.66667,-78.25,0.32201,-0.00983,0.3222,91.7,CMEMS,2026-09-10
22.66667,-78.16666,0.28626,-0.02032,0.287,94.1,CMEMS,2026-09-10
22.66667,-78.08333,0.23816,-0.083,0.2522,109.2,CMEMS,2026-09-10
22.66667,-78.0,0.15739,0.02451,0.1593,81.1,CMEMS,2026-09-10
22.66667,-77.91666,0.05794,0.09384,0.1103,31.7,CMEMS,2026-09-10
22.66667,-77.83333,-0.04014,0.04806,0.0626,320.1,CMEMS,2026-09-10
22.66667,-77.75,-0.08777,0.08449,0.1218,313.9,CMEMS,2026-09-10
22.66667,-77.66666,-0.08571,0.07207,0.112,310.1,CMEMS,2026-09-10
22.66667,-77.58333,-0.08521,0.05967,0.104,305.0,CMEMS,2026-09-10
22.66667,-77.5,-0.08614,0.06127,0.1057,305.4,CMEMS,2026-09-10
22.66667,-77.41666,-0.08746,0.07027,0.1122,308.8,CMEMS,2026-09-10
22.66667,-77.33333,-0.09288,0.05426,0.1076,300.3,CMEMS,2026-09-10
22.66667,-77.25,-0.10273,0.07578,0.1277,306.4,CMEMS,2026-09-10
22.66667,-77.16666,-0.10465,0.07407,0.1282,305.3,CMEMS,2026-09-10
22.66667,-77.08333,-0.10783,0.07083,0.129,303.3,CMEMS,2026-09-10
22.66667,-77.0,-0.10735,0.07418,0.1305,304.6,CMEMS,2026-09-10
22.66667,-76.91666,-0.1128,0.08534,0.1414,307.1,CMEMS,2026-09-10
22.66667,-76.83333,-0.12281,0.08102,0.1471,303.4,CMEMS,2026-09-10
22.66667,-76.75,-0.12052,0.07079,0.1398,300.4,CMEMS,2026-09-10
22.66667,-76.66666,-0.11635,0.07992,0.1412,304.5,CMEMS,2026-09-10
22.66667,-76.58333,-0.11515,0.08626,0.1439,306.8,CMEMS,2026-09-10
22.66667,-76.5,-0.11844,0.09991,0.155,310.1,CMEMS,2026-09-10
22.66667,-76.41666,-0.12152,0.07609,0.1434,302.1,CMEMS,2026-09-10
22.66667,-76.33333,-0.11794,0.09016,0.1485,307.4,CMEMS,2026-09-10
22.66667,-76.25,-0.11735,0.09233,0.1493,308.2,CMEMS,2026-09-10
22.66667,-76.16666,-0.12061,0.09275,0.1521,307.6,CMEMS,2026-09-10
22.75,-79.66666,-0.0796,0.06372,0.102,308.7,CMEMS,2026-09-10
22.75,-79.58333,-0.07753,0.05895,0.0974,307.2,CMEMS,2026-09-10
22.75,-79.5,-0.07948,0.06081,0.1001,307.4,CMEMS,2026-09-10
22.75,-79.41666,-0.09258,0.06436,0.1127,304.8,CMEMS,2026-09-10
22.75,-79.33333,-0.13004,0.12459,0.1801,313.8,CMEMS,2026-09-10
22.75,-79.25,-0.17218,0.10053,0.1994,300.3,CMEMS,2026-09-10
22.75,-79.16666,-0.18802,0.06356,0.1985,288.7,CMEMS,2026-09-10
22.75,-79.08333,-0.18801,0.02694,0.1899,278.2,CMEMS,2026-09-10
22.75,-79.0,-0.19272,0.01057,0.193,273.1,CMEMS,2026-09-10
22.75,-78.91666,-0.15875,0.06938,0.1733,293.6,CMEMS,2026-09-10
22.75,-78.83333,-0.05457,0.09131,0.1064,329.1,CMEMS,2026-09-10
22.75,-78.75,0.06519,0.01489,0.0669,77.1,CMEMS,2026-09-10
22.75,-78.66666,0.15768,-0.06238,0.1696,111.6,CMEMS,2026-09-10
22.75,-78.58333,0.21942,-0.10259,0.2422,115.1,CMEMS,2026-09-10
22.75,-78.5,0.26061,-0.15694,0.3042,121.1,CMEMS,2026-09-10
22.75,-78.41666,0.21504,-0.21765,0.306,135.3,CMEMS,2026-09-10
22.75,-78.33333,0.08299,-0.11334,0.1405,143.8,CMEMS,2026-09-10
22.75,-78.25,0.0146,0.13876,0.1395,6.0,CMEMS,2026-09-10
22.75,-78.16666,0.0025,0.10375,0.1038,1.4,CMEMS,2026-09-10
22.75,-78.08333,-0.03475,0.09014,0.0966,338.9,CMEMS,2026-09-10
22.75,-78.0,-0.0764,0.07207,0.105,313.3,CMEMS,2026-09-10
22.75,-77.91666,-0.08599,0.09196,0.1259,316.9,CMEMS,2026-09-10
22.75,-77.83333,-0.08366,0.0809,0.1164,314.0,CMEMS,2026-09-10
22.75,-77.75,-0.08682,0.08166,0.1192,313.2,CMEMS,2026-09-10
22.75,-77.66666,-0.08809,0.07573,0.1162,310.7,CMEMS,2026-09-10
22.75,-77.58333,-0.08579,0.06814,0.1096,308.5,CMEMS,2026-09-10
22.75,-77.5,-0.08681,0.06037,0.1057,304.8,CMEMS,2026-09-10
22.75,-77.41666,-0.09231,0.0651,0.113,305.2,CMEMS,2026-09-10
22.75,-77.33333,-0.08933,0.06372,0.1097,305.5,CMEMS,2026-09-10
22.75,-77.25,-0.09431,0.07272,0.1191,307.6,CMEMS,2026-09-10
22.75,-77.16666,-0.10239,0.07252,0.1255,305.3,CMEMS,2026-09-10
22.75,-77.08333,-0.10647,0.0878,0.138,309.5,CMEMS,2026-09-10
22.75,-77.0,-0.10595,0.07296,0.1286,304.6,CMEMS,2026-09-10
22.75,-76.91666,-0.10888,0.06818,0.1285,302.1,CMEMS,2026-09-10
22.75,-76.83333,-0.11852,0.07778,0.1418,303.3,CMEMS,2026-09-10
22.75,-76.75,-0.1202,0.08316,0.1462,304.7,CMEMS,2026-09-10
22.75,-76.66666,-0.11844,0.06896,0.1371,300.2,CMEMS,2026-09-10
22.75,-76.58333,-0.11867,0.07456,0.1402,302.1,CMEMS,2026-09-10
22.75,-76.5,-0.11873,0.0839,0.1454,305.2,CMEMS,2026-09-10
22.75,-76.41666,-0.11751,0.07929,0.1418,304.0,CMEMS,2026-09-10
22.75,-76.33333,-0.11741,0.08889,0.1473,307.1,CMEMS,2026-09-10
22.75,-76.25,-0.11468,0.0956,0.1493,309.8,CMEMS,2026-09-10
22.75,-76.16666,-0.11443,0.0975,0.1503,310.4,CMEMS,2026-09-10
22.83334,-80.0,-0.08026,0.05058,0.0949,302.2,CMEMS,2026-09-10
22.83334,-79.91666,-0.08187,0.04756,0.0947,300.2,CMEMS,2026-09-10
22.83334,-79.83333,-0.08538,0.05106,0.0995,300.9,CMEMS,2026-09-10
22.83334,-79.75,-0.08802,0.0346,0.0946,291.5,CMEMS,2026-09-10
22.83334,-79.66666,-0.0955,0.0567,0.1111,300.7,CMEMS,2026-09-10
22.83334,-79.58333,-0.08355,0.06107,0.1035,306.2,CMEMS,2026-09-10
22.83334,-79.5,-0.0735,0.08762,0.1144,320.0,CMEMS,2026-09-10
22.83334,-79.41666,-0.0881,0.09883,0.1324,318.3,CMEMS,2026-09-10
22.83334,-79.33333,-0.11282,0.15768,0.1939,324.4,CMEMS,2026-09-10
22.83334,-79.25,-0.12987,0.13032,0.184,315.1,CMEMS,2026-09-10
22.83334,-79.16666,-0.14177,0.09539,0.1709,303.9,CMEMS,2026-09-10
22.83334,-79.08333,-0.15625,0.04953,0.1639,287.6,CMEMS,2026-09-10
22.83334,-79.0,-0.14621,0.00906,0.1465,273.5,CMEMS,2026-09-10
22.83334,-78.91666,-0.06534,-0.02226,0.069,251.2,CMEMS,2026-09-10
22.83334,-78.83333,0.05998,-0.06853,0.0911,138.8,CMEMS,2026-09-10
22.83334,-78.75,0.16064,-0.10815,0.1937,124.0,CMEMS,2026-09-10
22.83334,-78.66666,0.20473,-0.11303,0.2339,118.9,CMEMS,2026-09-10
22.83334,-78.58333,0.1987,-0.1113,0.2277,119.3,CMEMS,2026-09-10
22.83334,-78.5,0.11286,-0.12603,0.1692,138.2,CMEMS,2026-09-10
22.83334,-78.41666,-0.01832,0.05804,0.0609,342.5,CMEMS,2026-09-10
22.83334,-78.33333,-0.10831,0.05182,0.1201,295.6,CMEMS,2026-09-10
22.83334,-78.25,-0.11678,0.09141,0.1483,308.1,CMEMS,2026-09-10
22.83334,-78.16666,-0.08831,0.09555,0.1301,317.3,CMEMS,2026-09-10
22.83334,-78.08333,-0.08631,0.09331,0.1271,317.2,CMEMS,2026-09-10
22.83334,-78.0,-0.09102,0.08709,0.126,313.7,CMEMS,2026-09-10
22.83334,-77.91666,-0.09065,0.08591,0.1249,313.5,CMEMS,2026-09-10
22.83334,-77.83333,-0.08802,0.08201,0.1203,313.0,CMEMS,2026-09-10
22.83334,-77.75,-0.08733,0.08081,0.119,312.8,CMEMS,2026-09-10
22.83334,-77.66666,-0.0883,0.08019,0.1193,312.2,CMEMS,2026-09-10
22.83334,-77.58333,-0.08861,0.08175,0.1206,312.7,CMEMS,2026-09-10
22.83334,-77.5,-0.08968,0.07519,0.117,310.0,CMEMS,2026-09-10
22.83334,-77.41666,-0.09236,0.0704,0.1161,307.3,CMEMS,2026-09-10
22.83334,-77.33333,-0.08917,0.06696,0.1115,306.9,CMEMS,2026-09-10
22.83334,-77.25,-0.09036,0.05817,0.1075,302.8,CMEMS,2026-09-10
22.83334,-77.16666,-0.09813,0.06453,0.1174,303.3,CMEMS,2026-09-10
22.83334,-77.08333,-0.10003,0.08354,0.1303,309.9,CMEMS,2026-09-10
22.83334,-77.0,-0.10276,0.0774,0.1286,307.0,CMEMS,2026-09-10
22.83334,-76.91666,-0.10668,0.08111,0.134,307.2,CMEMS,2026-09-10
22.83334,-76.83333,-0.10945,0.08305,0.1374,307.2,CMEMS,2026-09-10
22.83334,-76.75,-0.11346,0.08823,0.1437,307.9,CMEMS,2026-09-10
22.83334,-76.66666,-0.11221,0.09451,0.1467,310.1,CMEMS,2026-09-10
22.83334,-76.58333,-0.11025,0.08639,0.1401,308.1,CMEMS,2026-09-10
22.83334,-76.5,-0.10772,0.08745,0.1387,309.1,CMEMS,2026-09-10
22.83334,-76.41666,-0.10537,0.07769,0.1309,306.4,CMEMS,2026-09-10
22.83334,-76.33333,-0.10886,0.07602,0.1328,304.9,CMEMS,2026-09-10
22.83334,-76.25,-0.11044,0.09344,0.1447,310.2,CMEMS,2026-09-10
22.83334,-76.16666,-0.10979,0.097,0.1465,311.5,CMEMS,2026-09-10
22.91667,-80.41666,-0.07152,0.03884,0.0814,298.5,CMEMS,2026-09-10
22.91667,-80.33333,-0.06931,0.02608,0.0741,290.6,CMEMS,2026-09-10
22.91667,-80.25,-0.08115,0.01601,0.0827,281.2,CMEMS,2026-09-10
22.91667,-80.16666,-0.09571,0.01723,0.0972,280.2,CMEMS,2026-09-10
22.91667,-80.08333,-0.11081,0.0372,0.1169,288.6,CMEMS,2026-09-10
22.91667,-80.0,-0.10827,0.06272,0.1251,300.1,CMEMS,2026-09-10
22.91667,-79.91666,-0.10548,0.03172,0.1101,286.7,CMEMS,2026-09-10
22.91667,-79.83333,-0.11289,0.05116,0.1239,294.4,CMEMS,2026-09-10
22.91667,-79.75,-0.09804,0.04271,0.1069,293.5,CMEMS,2026-09-10
22.91667,-79.66666,-0.07397,0.05584,0.0927,307.1,CMEMS,2026-09-10
22.91667,-79.58333,-0.05252,0.06452,0.0832,320.9,CMEMS,2026-09-10
22.91667,-79.5,-0.04249,0.09984,0.1085,336.9,CMEMS,2026-09-10
22.91667,-79.41666,-0.0544,0.12678,0.138,336.8,CMEMS,2026-09-10
22.91667,-79.33333,-0.06736,0.16079,0.1743,337.3,CMEMS,2026-09-10
22.91667,-79.25,-0.07222,0.13754,0.1553,332.3,CMEMS,2026-09-10
22.91667,-79.16666,-0.07093,0.10223,0.1244,325.2,CMEMS,2026-09-10
22.91667,-79.08333,-0.05398,0.04119,0.0679,307.3,CMEMS,2026-09-10
22.91667,-79.0,-0.00814,-0.03874,0.0396,191.9,CMEMS,2026-09-10
22.91667,-78.91666,0.05983,-0.12091,0.1349,153.7,CMEMS,2026-09-10
22.91667,-78.83333,0.13489,-0.19494,0.2371,145.3,CMEMS,2026-09-10
22.91667,-78.75,0.17307,-0.18429,0.2528,136.8,CMEMS,2026-09-10
22.91667,-78.66666,0.1414,-0.12128,0.1863,130.6,CMEMS,2026-09-10
22.91667,-78.58333,0.04176,-0.06558,0.0777,147.5,CMEMS,2026-09-10
22.91667,-78.5,-0.05541,0.08599,0.1023,327.2,CMEMS,2026-09-10
22.91667,-78.41666,-0.09149,0.07475,0.1181,309.2,CMEMS,2026-09-10
22.91667,-78.33333,-0.10073,0.06817,0.1216,304.1,CMEMS,2026-09-10
22.91667,-78.25,-0.1042,0.08156,0.1323,308.0,CMEMS,2026-09-10
22.91667,-78.16666,-0.10123,0.08497,0.1322,310.0,CMEMS,2026-09-10
22.91667,-78.08333,-0.09156,0.09734,0.1336,316.8,CMEMS,2026-09-10
22.91667,-78.0,-0.08707,0.07464,0.1147,310.6,CMEMS,2026-09-10
22.91667,-77.91666,-0.08715,0.08216,0.1198,313.3,CMEMS,2026-09-10
22.91667,-77.83333,-0.08554,0.08009,0.1172,313.1,CMEMS,2026-09-10
22.91667,-77.75,-0.08575,0.08027,0.1175,313.1,CMEMS,2026-09-10
22.91667,-77.66666,-0.08633,0.08096,0.1183,313.2,CMEMS,2026-09-10
22.91667,-77.58333,-0.08626,0.08046,0.118,313.0,CMEMS,2026-09-10
22.91667,-77.5,-0.0868,0.07724,0.1162,311.7,CMEMS,2026-09-10
22.91667,-77.41666,-0.09002,0.07358,0.1163,309.3,CMEMS,2026-09-10
22.91667,-77.33333,-0.09616,0.07169,0.1199,306.7,CMEMS,2026-09-10
22.91667,-77.25,-0.09381,0.07375,0.1193,308.2,CMEMS,2026-09-10
22.91667,-77.16666,-0.09374,0.06516,0.1142,304.8,CMEMS,2026-09-10
22.91667,-77.08333,-0.09375,0.07159,0.118,307.4,CMEMS,2026-09-10
22.91667,-77.0,-0.09741,0.08319,0.1281,310.5,CMEMS,2026-09-10
22.91667,-76.91666,-0.10658,0.08125,0.134,307.3,CMEMS,2026-09-10
22.91667,-76.83333,-0.10706,0.08358,0.1358,308.0,CMEMS,2026-09-10
22.91667,-76.75,-0.10822,0.08851,0.1398,309.3,CMEMS,2026-09-10
22.91667,-76.66666,-0.10702,0.09271,0.1416,310.9,CMEMS,2026-09-10
22.91667,-76.58333,-0.10482,0.09152,0.1391,311.1,CMEMS,2026-09-10
22.91667,-76.5,-0.10073,0.09079,0.1356,312.0,CMEMS,2026-09-10
22.91667,-76.41666,-0.09832,0.0846,0.1297,310.7,CMEMS,2026-09-10
22.91667,-76.33333,-0.10132,0.08381,0.1315,309.6,CMEMS,2026-09-10
22.91667,-76.25,-0.10273,0.09037,0.1368,311.3,CMEMS,2026-09-10
22.91667,-76.16666,-0.1011,0.09367,0.1378,312.8,CMEMS,2026-09-10
23.0,-83.08333,0.08229,0.08721,0.1199,43.3,CMEMS,2026-09-10
23.0,-83.0,0.06164,0.09251,0.1112,33.7,CMEMS,2026-09-10
23.0,-82.91666,0.01437,0.08379,0.085,9.7,CMEMS,2026-09-10
23.0,-82.83333,0.03434,0.06101,0.07,29.4,CMEMS,2026-09-10
23.0,-82.75,0.09853,0.02781,0.1024,74.2,CMEMS,2026-09-10
23.0,-80.58333,-0.08515,0.0522,0.0999,301.5,CMEMS,2026-09-10
23.0,-80.5,-0.08975,0.04611,0.1009,297.2,CMEMS,2026-09-10
23.0,-80.41666,-0.09989,0.05115,0.1122,297.1,CMEMS,2026-09-10
23.0,-80.33333,-0.10251,0.02022,0.1045,281.2,CMEMS,2026-09-10
23.0,-80.25,-0.11432,0.01577,0.1154,277.9,CMEMS,2026-09-10
23.0,-80.16666,-0.12421,0.0186,0.1256,278.5,CMEMS,2026-09-10
23.0,-80.08333,-0.12947,0.0197,0.131,278.7,CMEMS,2026-09-10
23.0,-80.0,-0.12942,0.05068,0.139,291.4,CMEMS,2026-09-10
23.0,-79.91666,-0.09804,0.04182,0.1066,293.1,CMEMS,2026-09-10
23.0,-79.83333,-0.06382,0.05664,0.0853,311.6,CMEMS,2026-09-10
23.0,-79.75,-0.04202,0.07112,0.0826,329.4,CMEMS,2026-09-10
23.0,-79.66666,-0.0161,0.02989,0.034,331.7,CMEMS,2026-09-10
23.0,-79.58333,-0.00237,0.03726,0.0373,356.4,CMEMS,2026-09-10
23.0,-79.5,0.00248,0.1038,0.1038,1.4,CMEMS,2026-09-10
23.0,-79.41666,-0.00423,0.14892,0.149,358.4,CMEMS,2026-09-10
23.0,-79.33333,-0.01013,0.16669,0.167,356.5,CMEMS,2026-09-10
23.0,-79.25,-0.01104,0.15025,0.1507,355.8,CMEMS,2026-09-10
23.0,-79.16666,-0.00518,0.10475,0.1049,357.2,CMEMS,2026-09-10
23.0,-79.08333,0.02175,0.01151,0.0246,62.1,CMEMS,2026-09-10
23.0,-79.0,0.07082,-0.10932,0.1303,147.1,CMEMS,2026-09-10
23.0,-78.91666,0.12104,-0.21762,0.249,150.9,CMEMS,2026-09-10
23.0,-78.83333,0.14956,-0.26977,0.3085,151.0,CMEMS,2026-09-10
23.0,-78.75,0.12085,-0.16644,0.2057,144.0,CMEMS,2026-09-10
23.0,-78.66666,0.00705,-0.0226,0.0237,162.7,CMEMS,2026-09-10
23.0,-78.58333,-0.08187,0.09618,0.1263,319.6,CMEMS,2026-09-10
23.0,-78.5,-0.09145,0.0887,0.1274,314.1,CMEMS,2026-09-10
23.0,-78.41666,-0.09191,0.08395,0.1245,312.4,CMEMS,2026-09-10
23.0,-78.33333,-0.09181,0.08636,0.126,313.2,CMEMS,2026-09-10
23.0,-78.25,-0.09036,0.08097,0.1213,311.9,CMEMS,2026-09-10
23.0,-78.16666,-0.08956,0.07847,0.1191,311.2,CMEMS,2026-09-10
23.0,-78.08333,-0.08629,0.08086,0.1183,313.1,CMEMS,2026-09-10
23.0,-78.0,-0.08402,0.08051,0.1164,313.8,CMEMS,2026-09-10
23.0,-77.91666,-0.08462,0.08025,0.1166,313.5,CMEMS,2026-09-10
23.0,-77.83333,-0.08577,0.08053,0.1176,313.2,CMEMS,2026-09-10
23.0,-77.75,-0.0871,0.08109,0.119,313.0,CMEMS,2026-09-10
23.0,-77.66666,-0.08743,0.08083,0.1191,312.8,CMEMS,2026-09-10
23.0,-77.58333,-0.08701,0.07952,0.1179,312.4,CMEMS,2026-09-10
23.0,-77.5,-0.08728,0.0782,0.1172,311.9,CMEMS,2026-09-10
23.0,-77.41666,-0.08936,0.07806,0.1187,311.1,CMEMS,2026-09-10
23.0,-77.33333,-0.09262,0.0802,0.1225,310.9,CMEMS,2026-09-10
23.0,-77.25,-0.09174,0.08528,0.1253,312.9,CMEMS,2026-09-10
23.0,-77.16666,-0.09107,0.0784,0.1202,310.7,CMEMS,2026-09-10
23.0,-77.08333,-0.09074,0.07882,0.1202,311.0,CMEMS,2026-09-10
23.0,-77.0,-0.0939,0.0746,0.1199,308.5,CMEMS,2026-09-10
23.0,-76.91666,-0.10012,0.07716,0.1264,307.6,CMEMS,2026-09-10
23.0,-76.83333,-0.10185,0.08289,0.1313,309.1,CMEMS,2026-09-10
23.0,-76.75,-0.1028,0.0878,0.1352,310.5,CMEMS,2026-09-10
23.0,-76.66666,-0.1021,0.09072,0.1366,311.6,CMEMS,2026-09-10
23.0,-76.58333,-0.10076,0.09105,0.1358,312.1,CMEMS,2026-09-10
23.0,-76.5,-0.09886,0.08969,0.1335,312.2,CMEMS,2026-09-10
23.0,-76.41666,-0.09716,0.08721,0.1306,311.9,CMEMS,2026-09-10
23.0,-76.33333,-0.09752,0.08703,0.1307,311.7,CMEMS,2026-09-10
23.0,-76.25,-0.09785,0.08944,0.1326,312.4,CMEMS,2026-09-10
23.0,-76.16666,-0.09677,0.08974,0.132,312.8,CMEMS,2026-09-10
23.08334,-83.08333,0.27035,0.09629,0.287,70.4,CMEMS,2026-09-10
23.08334,-83.0,0.2424,0.11681,0.2691,64.3,CMEMS,2026-09-10
23.08334,-82.91666,0.20519,0.09143,0.2246,66.0,CMEMS,2026-09-10
23.08334,-82.83333,0.17305,0.10062,0.2002,59.8,CMEMS,2026-09-10
23.08334,-82.75,0.13357,0.02822,0.1365,78.1,CMEMS,2026-09-10
23.08334,-82.66666,0.09846,0.07448,0.1235,52.9,CMEMS,2026-09-10
23.08334,-82.58333,0.07552,0.0921,0.1191,39.4,CMEMS,2026-09-10
23.08334,-82.5,0.10841,0.1046,0.1506,46.0,CMEMS,2026-09-10
23.08334,-82.41666,0.16788,0.12592,0.2099,53.1,CMEMS,2026-09-10
23.08334,-81.25,-0.00962,-0.00153,0.0097,261.0,CMEMS,2026-09-10
23.08334,-81.16666,-0.00714,0.00453,0.0085,302.4,CMEMS,2026-09-10
23.08334,-81.08333,-0.01716,0.01493,0.0227,311.0,CMEMS,2026-09-10
23.08334,-81.0,-0.03912,0.03259,0.0509,309.8,CMEMS,2026-09-10
23.08334,-80.91666,-0.08498,0.0534,0.1004,302.1,CMEMS,2026-09-10
23.08334,-80.83333,-0.11667,0.02579,0.1195,282.5,CMEMS,2026-09-10
23.08334,-80.75,-0.1081,-0.00584,0.1083,266.9,CMEMS,2026-09-10
23.08334,-80.66666,-0.10864,0.02759,0.1121,284.3,CMEMS,2026-09-10
23.08334,-80.58333,-0.11211,0.05832,0.1264,297.5,CMEMS,2026-09-10
23.08334,-80.5,-0.11727,0.04137,0.1244,289.4,CMEMS,2026-09-10
23.08334,-80.41666,-0.13131,0.04929,0.1403,290.6,CMEMS,2026-09-10
23.08334,-80.33333,-0.14096,0.03692,0.1457,284.7,CMEMS,2026-09-10
23.08334,-80.25,-0.1414,0.02035,0.1429,278.2,CMEMS,2026-09-10
23.08334,-80.16666,-0.13798,0.02973,0.1412,282.2,CMEMS,2026-09-10
23.08334,-80.08333,-0.08401,0.02644,0.0881,287.5,CMEMS,2026-09-10
23.08334,-80.0,-0.00361,0.04575,0.0459,355.5,CMEMS,2026-09-10
23.08334,-79.91666,0.04805,0.06544,0.0812,36.3,CMEMS,2026-09-10
23.08334,-79.83333,0.08468,0.04838,0.0975,60.3,CMEMS,2026-09-10
23.08334,-79.75,0.09872,0.04889,0.1102,63.7,CMEMS,2026-09-10
23.08334,-79.66666,0.10006,0.03116,0.1048,72.7,CMEMS,2026-09-10
23.08334,-79.58333,0.08569,0.02482,0.0892,73.8,CMEMS,2026-09-10
23.08334,-79.5,0.06192,0.09735,0.1154,32.5,CMEMS,2026-09-10
23.08334,-79.41666,0.04465,0.16757,0.1734,14.9,CMEMS,2026-09-10
23.08334,-79.33333,0.04267,0.17837,0.1834,13.5,CMEMS,2026-09-10
23.08334,-79.25,0.05007,0.15852,0.1662,17.5,CMEMS,2026-09-10
23.08334,-79.16666,0.06774,0.09255,0.1147,36.2,CMEMS,2026-09-10
23.08334,-79.08333,0.098,-0.0283,0.102,106.1,CMEMS,2026-09-10
23.08334,-79.0,0.13232,-0.15454,0.2034,139.4,CMEMS,2026-09-10
23.08334,-78.91666,0.15451,-0.26616,0.3078,149.9,CMEMS,2026-09-10
23.08334,-78.83333,0.12108,-0.27806,0.3033,156.5,CMEMS,2026-09-10
23.08334,-78.75,-0.00923,-0.0779,0.0784,186.8,CMEMS,2026-09-10
23.08334,-78.66666,-0.10036,0.10035,0.1419,315.0,CMEMS,2026-09-10
23.08334,-78.58333,-0.09615,0.09019,0.1318,313.2,CMEMS,2026-09-10
23.08334,-78.5,-0.09078,0.0861,0.1251,313.5,CMEMS,2026-09-10
23.08334,-78.41666,-0.0882,0.08382,0.1217,313.5,CMEMS,2026-09-10
23.08334,-78.33333,-0.0857,0.08244,0.1189,313.9,CMEMS,2026-09-10
23.08334,-78.25,-0.08443,0.08008,0.1164,313.5,CMEMS,2026-09-10
23.08334,-78.16666,-0.08543,0.0788,0.1162,312.7,CMEMS,2026-09-10
23.08334,-78.08333,-0.08708,0.0799,0.1182,312.5,CMEMS,2026-09-10
23.08334,-78.0,-0.08792,0.08165,0.12,312.9,CMEMS,2026-09-10
23.08334,-77.91666,-0.08799,0.082,0.1203,313.0,CMEMS,2026-09-10
23.08334,-77.83333,-0.08748,0.08213,0.12,313.2,CMEMS,2026-09-10
23.08334,-77.75,-0.08624,0.08161,0.1187,313.4,CMEMS,2026-09-10
23.08334,-77.66666,-0.08492,0.08035,0.1169,313.4,CMEMS,2026-09-10
23.08334,-77.58333,-0.08449,0.07914,0.1158,313.1,CMEMS,2026-09-10
23.08334,-77.5,-0.08515,0.0791,0.1162,312.9,CMEMS,2026-09-10
23.08334,-77.41666,-0.08636,0.08035,0.118,312.9,CMEMS,2026-09-10
23.08334,-77.33333,-0.08713,0.08187,0.1196,313.2,CMEMS,2026-09-10
23.08334,-77.25,-0.0868,0.08281,0.12,313.7,CMEMS,2026-09-10
23.08334,-77.16666,-0.08741,0.08098,0.1192,312.8,CMEMS,2026-09-10
23.08334,-77.08333,-0.09123,0.07939,0.1209,311.0,CMEMS,2026-09-10
23.08334,-77.0,-0.08935,0.07723,0.1181,310.8,CMEMS,2026-09-10
23.08334,-76.91666,-0.08911,0.07982,0.1196,311.9,CMEMS,2026-09-10
23.08334,-76.83333,-0.09487,0.08344,0.1263,311.3,CMEMS,2026-09-10
23.08334,-76.75,-0.09651,0.08677,0.1298,312.0,CMEMS,2026-09-10
23.08334,-76.66666,-0.09655,0.08801,0.1306,312.4,CMEMS,2026-09-10
23.08334,-76.58333,-0.09659,0.08826,0.1308,312.4,CMEMS,2026-09-10
23.08334,-76.5,-0.09674,0.08839,0.131,312.4,CMEMS,2026-09-10
23.08334,-76.41666,-0.09587,0.0886,0.1305,312.7,CMEMS,2026-09-10
23.08334,-76.33333,-0.09422,0.08825,0.1291,313.1,CMEMS,2026-09-10
23.08334,-76.25,-0.09312,0.08857,0.1285,313.6,CMEMS,2026-09-10
23.08334,-76.16666,-0.09253,0.08933,0.1286,314.0,CMEMS,2026-09-10
23.16667,-83.08333,0.44463,0.12637,0.4622,74.1,CMEMS,2026-09-10
23.16667,-83.0,0.44347,0.14183,0.4656,72.3,CMEMS,2026-09-10
23.16667,-82.91666,0.42996,0.14653,0.4542,71.2,CMEMS,2026-09-10
23.16667,-82.83333,0.40175,0.1421,0.4261,70.5,CMEMS,2026-09-10
23.16667,-82.75,0.35524,0.12987,0.3782,69.9,CMEMS,2026-09-10
23.16667,-82.66666,0.3012,0.11662,0.323,68.8,CMEMS,2026-09-10
23.16667,-82.58333,0.25411,0.11497,0.2789,65.7,CMEMS,2026-09-10
23.16667,-82.5,0.20409,0.12681,0.2403,58.1,CMEMS,2026-09-10
23.16667,-82.41666,0.195,0.1523,0.2474,52.0,CMEMS,2026-09-10
23.16667,-82.33333,0.18004,0.12307,0.2181,55.6,CMEMS,2026-09-10
23.16667,-82.25,0.09962,0.09547,0.138,46.2,CMEMS,2026-09-10
23.16667,-82.16666,0.05353,0.09332,0.1076,29.8,CMEMS,2026-09-10
23.16667,-82.08333,0.03819,0.09871,0.1058,21.2,CMEMS,2026-09-10
23.16667,-82.0,0.00596,0.09282,0.093,3.7,CMEMS,2026-09-10
23.16667,-81.91666,-0.02445,0.07674,0.0805,342.3,CMEMS,2026-09-10
23.16667,-81.83333,-0.04206,0.0619,0.0748,325.8,CMEMS,2026-09-10
23.16667,-81.75,-0.0404,0.04421,0.0599,317.6,CMEMS,2026-09-10
23.16667,-81.66666,-0.026,0.0276,0.0379,316.7,CMEMS,2026-09-10
23.16667,-81.58333,-0.01527,0.02581,0.03,329.4,CMEMS,2026-09-10
23.16667,-81.5,-0.00809,0.0333,0.0343,346.3,CMEMS,2026-09-10
23.16667,-81.41666,0.00038,0.0385,0.0385,0.6,CMEMS,2026-09-10
23.16667,-81.33333,-0.00347,0.04042,0.0406,355.1,CMEMS,2026-09-10
23.16667,-81.25,-0.03126,0.01065,0.033,288.8,CMEMS,2026-09-10
23.16667,-81.16666,-0.06504,0.01316,0.0664,281.4,CMEMS,2026-09-10
23.16667,-81.08333,-0.08479,0.01987,0.0871,283.2,CMEMS,2026-09-10
23.16667,-81.0,-0.09211,0.02309,0.095,284.1,CMEMS,2026-09-10
23.16667,-80.91666,-0.10489,0.03662,0.1111,289.2,CMEMS,2026-09-10
23.16667,-80.75,-0.11748,0.02443,0.12,281.7,CMEMS,2026-09-10
23.16667,-80.66666,-0.11841,0.02488,0.121,281.9,CMEMS,2026-09-10
23.16667,-80.58333,-0.12157,0.04881,0.131,291.9,CMEMS,2026-09-10
23.16667,-80.5,-0.12221,0.05978,0.1361,296.1,CMEMS,2026-09-10
23.16667,-80.41666,-0.132,0.06026,0.1451,294.5,CMEMS,2026-09-10
23.16667,-80.33333,-0.14351,0.05219,0.1527,290.0,CMEMS,2026-09-10
23.16667,-80.25,-0.09666,0.03598,0.1031,290.4,CMEMS,2026-09-10
23.16667,-80.16666,0.00383,0.01716,0.0176,12.6,CMEMS,2026-09-10
23.16667,-80.08333,0.10058,0.00916,0.101,84.8,CMEMS,2026-09-10
23.16667,-80.0,0.18032,-0.00384,0.1804,91.2,CMEMS,2026-09-10
23.16667,-79.91666,0.224,0.01514,0.2245,86.1,CMEMS,2026-09-10
23.16667,-79.83333,0.23702,0.03566,0.2397,81.4,CMEMS,2026-09-10
23.16667,-79.75,0.22205,0.05361,0.2284,76.4,CMEMS,2026-09-10
23.16667,-79.66666,0.19187,0.06679,0.2032,70.8,CMEMS,2026-09-10
23.16667,-79.58333,0.15731,0.06544,0.1704,67.4,CMEMS,2026-09-10
23.16667,-79.5,0.11703,0.10187,0.1552,49.0,CMEMS,2026-09-10
23.16667,-79.41666,0.08789,0.17036,0.1917,27.3,CMEMS,2026-09-10
23.16667,-79.33333,0.08565,0.18387,0.2028,25.0,CMEMS,2026-09-10
23.16667,-79.25,0.10129,0.15193,0.1826,33.7,CMEMS,2026-09-10
23.16667,-79.16666,0.12868,0.06184,0.1428,64.3,CMEMS,2026-09-10
23.16667,-79.08333,0.15465,-0.05722,0.1649,110.3,CMEMS,2026-09-10
23.16667,-79.0,0.16558,-0.17041,0.2376,135.8,CMEMS,2026-09-10
23.16667,-78.91666,0.15471,-0.24409,0.289,147.6,CMEMS,2026-09-10
23.16667,-78.83333,0.07236,-0.1916,0.2048,159.3,CMEMS,2026-09-10
23.16667,-78.75,-0.05576,0.00802,0.0563,278.2,CMEMS,2026-09-10
23.16667,-78.66666,-0.10561,0.08306,0.1344,308.2,CMEMS,2026-09-10
23.16667,-78.58333,-0.09326,0.08223,0.1243,311.4,CMEMS,2026-09-10
23.16667,-78.5,-0.08796,0.0829,0.1209,313.3,CMEMS,2026-09-10
23.16667,-78.41666,-0.08507,0.08155,0.1178,313.8,CMEMS,2026-09-10
23.16667,-78.33333,-0.08455,0.08092,0.117,313.7,CMEMS,2026-09-10
23.16667,-78.25,-0.086,0.08116,0.1182,313.3,CMEMS,2026-09-10
23.16667,-78.16666,-0.08798,0.08134,0.1198,312.8,CMEMS,2026-09-10
23.16667,-78.08333,-0.08894,0.08174,0.1208,312.6,CMEMS,2026-09-10
23.16667,-78.0,-0.08792,0.08186,0.1201,313.0,CMEMS,2026-09-10
23.16667,-77.91666,-0.08528,0.08127,0.1178,313.6,CMEMS,2026-09-10
23.16667,-77.83333,-0.08197,0.08058,0.1149,314.5,CMEMS,2026-09-10
23.16667,-77.75,-0.07887,0.0801,0.1124,315.4,CMEMS,2026-09-10
23.16667,-77.66666,-0.07705,0.07996,0.111,316.1,CMEMS,2026-09-10
23.16667,-77.58333,-0.07685,0.08013,0.111,316.2,CMEMS,2026-09-10
23.16667,-77.5,-0.07766,0.0806,0.1119,316.1,CMEMS,2026-09-10
23.16667,-77.41666,-0.07875,0.08151,0.1133,316.0,CMEMS,2026-09-10
23.16667,-77.33333,-0.07995,0.08237,0.1148,315.9,CMEMS,2026-09-10
23.16667,-77.25,-0.08156,0.0832,0.1165,315.6,CMEMS,2026-09-10
23.16667,-77.16666,-0.08411,0.08392,0.1188,314.9,CMEMS,2026-09-10
23.16667,-77.08333,-0.08751,0.08544,0.1223,314.3,CMEMS,2026-09-10
23.16667,-77.0,-0.08893,0.08849,0.1255,314.9,CMEMS,2026-09-10
23.16667,-76.91666,-0.08954,0.08594,0.1241,313.8,CMEMS,2026-09-10
23.16667,-76.83333,-0.09119,0.08507,0.1247,313.0,CMEMS,2026-09-10
23.16667,-76.75,-0.09181,0.08586,0.1257,313.1,CMEMS,2026-09-10
23.16667,-76.66666,-0.09188,0.08559,0.1256,313.0,CMEMS,2026-09-10
23.16667,-76.58333,-0.09242,0.0856,0.126,312.8,CMEMS,2026-09-10
23.16667,-76.5,-0.09251,0.08646,0.1266,313.1,CMEMS,2026-09-10
23.16667,-76.41666,-0.09043,0.08735,0.1257,314.0,CMEMS,2026-09-10
23.16667,-76.33333,-0.08677,0.08727,0.1231,315.2,CMEMS,2026-09-10
23.16667,-76.25,-0.08473,0.08824,0.1223,316.2,CMEMS,2026-09-10
23.16667,-76.16666,-0.08518,0.09073,0.1245,316.8,CMEMS,2026-09-10
23.25,-83.08333,0.52695,0.11083,0.5385,78.1,CMEMS,2026-09-10
23.25,-83.0,0.54159,0.13137,0.5573,76.4,CMEMS,2026-09-10
23.25,-82.91666,0.54897,0.14568,0.568,75.1,CMEMS,2026-09-10
23.25,-82.83333,0.54446,0.15424,0.5659,74.2,CMEMS,2026-09-10
23.25,-82.75,0.52387,0.16393,0.5489,72.6,CMEMS,2026-09-10
23.25,-82.66666,0.49108,0.17185,0.5203,70.7,CMEMS,2026-09-10
23.25,-82.58333,0.46019,0.17343,0.4918,69.3,CMEMS,2026-09-10
23.25,-82.5,0.41694,0.19074,0.4585,65.4,CMEMS,2026-09-10
23.25,-82.41666,0.39051,0.19602,0.4369,63.3,CMEMS,2026-09-10
23.25,-82.33333,0.37334,0.15208,0.4031,67.8,CMEMS,2026-09-10
23.25,-82.25,0.3065,0.13069,0.3332,66.9,CMEMS,2026-09-10
23.25,-82.16666,0.24287,0.12999,0.2755,61.8,CMEMS,2026-09-10
23.25,-82.08333,0.19922,0.12864,0.2371,57.2,CMEMS,2026-09-10
23.25,-82.0,0.14675,0.13101,0.1967,48.2,CMEMS,2026-09-10
23.25,-81.91666,0.0994,0.13015,0.1638,37.4,CMEMS,2026-09-10
23.25,-81.83333,0.0577,0.11889,0.1322,25.9,CMEMS,2026-09-10
23.25,-81.75,0.01511,0.0932,0.0944,9.2,CMEMS,2026-09-10
23.25,-81.66666,-0.02889,0.06833,0.0742,337.1,CMEMS,2026-09-10
23.25,-81.58333,-0.05958,0.04635,0.0755,307.9,CMEMS,2026-09-10
23.25,-81.5,-0.06505,0.0444,0.0788,304.3,CMEMS,2026-09-10
23.25,-81.41666,-0.06516,0.04975,0.082,307.4,CMEMS,2026-09-10
23.25,-81.33333,-0.0621,0.0665,0.091,317.0,CMEMS,2026-09-10
23.25,-81.25,-0.05856,0.04583,0.0744,308.0,CMEMS,2026-09-10
23.25,-81.16666,-0.08252,0.0252,0.0863,287.0,CMEMS,2026-09-10
23.25,-81.08333,-0.10848,0.03171,0.113,286.3,CMEMS,2026-09-10
23.25,-81.0,-0.11627,0.02058,0.1181,280.0,CMEMS,2026-09-10
23.25,-80.91666,-0.12768,0.00468,0.1278,272.1,CMEMS,2026-09-10
23.25,-80.83333,-0.14471,0.02465,0.1468,279.7,CMEMS,2026-09-10
23.25,-80.75,-0.14195,0.07437,0.1602,297.7,CMEMS,2026-09-10
23.25,-80.66666,-0.11005,0.06065,0.1257,298.9,CMEMS,2026-09-10
23.25,-80.58333,-0.08581,0.04835,0.0985,299.4,CMEMS,2026-09-10
23.25,-80.5,-0.10034,0.07163,0.1233,305.5,CMEMS,2026-09-10
23.25,-80.41666,-0.12582,0.07,0.144,299.1,CMEMS,2026-09-10
23.25,-80.33333,-0.09417,0.07541,0.1206,308.7,CMEMS,2026-09-10
23.25,-80.25,0.0067,0.00746,0.01,41.9,CMEMS,2026-09-10
23.25,-80.16666,0.10711,-0.06745,0.1266,122.2,CMEMS,2026-09-10
23.25,-80.08333,0.16631,-0.08233,0.1856,116.3,CMEMS,2026-09-10
23.25,-80.0,0.19787,-0.0629,0.2076,107.6,CMEMS,2026-09-10
23.25,-79.91666,0.20685,-0.01616,0.2075,94.5,CMEMS,2026-09-10
23.25,-79.83333,0.19202,0.03161,0.1946,80.7,CMEMS,2026-09-10
23.25,-79.75,0.163,0.06232,0.1745,69.1,CMEMS,2026-09-10
23.25,-79.66666,0.14159,0.09481,0.1704,56.2,CMEMS,2026-09-10
23.25,-79.58333,0.13279,0.10943,0.1721,50.5,CMEMS,2026-09-10
23.25,-79.5,0.11897,0.12952,0.1759,42.6,CMEMS,2026-09-10
23.25,-79.41666,0.10298,0.17024,0.199,31.2,CMEMS,2026-09-10
23.25,-79.33333,0.10358,0.17733,0.2054,30.3,CMEMS,2026-09-10
23.25,-79.25,0.12275,0.13286,0.1809,42.7,CMEMS,2026-09-10
23.25,-79.16666,0.14957,0.03359,0.1533,77.3,CMEMS,2026-09-10
23.25,-79.08333,0.16093,-0.06347,0.173,111.5,CMEMS,2026-09-10
23.25,-79.0,0.16306,-0.16976,0.2354,136.2,CMEMS,2026-09-10
23.25,-78.91666,0.13459,-0.16208,0.2107,140.3,CMEMS,2026-09-10
23.25,-78.83333,0.00395,-0.01579,0.0163,166.0,CMEMS,2026-09-10
23.25,-78.75,-0.09506,0.0549,0.1098,300.0,CMEMS,2026-09-10
23.25,-78.66666,-0.09477,0.06906,0.1173,306.1,CMEMS,2026-09-10
23.25,-78.58333,-0.09138,0.07628,0.119,309.9,CMEMS,2026-09-10
23.25,-78.5,-0.08802,0.07906,0.1183,311.9,CMEMS,2026-09-10
23.25,-78.41666,-0.086,0.08062,0.1179,313.2,CMEMS,2026-09-10
23.25,-78.33333,-0.08594,0.08176,0.1186,313.6,CMEMS,2026-09-10
23.25,-78.25,-0.08593,0.08239,0.119,313.8,CMEMS,2026-09-10
23.25,-78.16666,-0.08486,0.08179,0.1179,313.9,CMEMS,2026-09-10
23.25,-78.08333,-0.08261,0.08067,0.1155,314.3,CMEMS,2026-09-10
23.25,-78.0,-0.07985,0.07979,0.1129,315.0,CMEMS,2026-09-10
23.25,-77.91666,-0.07748,0.07911,0.1107,315.6,CMEMS,2026-09-10
23.25,-77.83333,-0.07606,0.07884,0.1096,316.0,CMEMS,2026-09-10
23.25,-77.75,-0.07539,0.07905,0.1092,316.4,CMEMS,2026-09-10
23.25,-77.66666,-0.07499,0.07991,0.1096,316.8,CMEMS,2026-09-10
23.25,-77.58333,-0.07452,0.08071,0.1099,317.3,CMEMS,2026-09-10
23.25,-77.5,-0.07409,0.08149,0.1101,317.7,CMEMS,2026-09-10
23.25,-77.41666,-0.07427,0.08262,0.1111,318.0,CMEMS,2026-09-10
23.25,-77.33333,-0.07569,0.08412,0.1132,318.0,CMEMS,2026-09-10
23.25,-77.25,-0.07862,0.08598,0.1165,317.6,CMEMS,2026-09-10
23.25,-77.16666,-0.08244,0.08757,0.1203,316.7,CMEMS,2026-09-10
23.25,-77.08333,-0.08583,0.08868,0.1234,315.9,CMEMS,2026-09-10
23.25,-77.0,-0.08737,0.0887,0.1245,315.4,CMEMS,2026-09-10
23.25,-76.91666,-0.08771,0.08721,0.1237,314.8,CMEMS,2026-09-10
23.25,-76.83333,-0.08879,0.08607,0.1237,314.1,CMEMS,2026-09-10
23.25,-76.75,-0.09019,0.08557,0.1243,313.5,CMEMS,2026-09-10
23.25,-76.66666,-0.09076,0.08479,0.1242,313.1,CMEMS,2026-09-10
23.25,-76.58333,-0.08984,0.08355,0.1227,312.9,CMEMS,2026-09-10
23.25,-76.5,-0.08685,0.08259,0.1198,313.6,CMEMS,2026-09-10
23.25,-76.41666,-0.08287,0.0835,0.1176,315.2,CMEMS,2026-09-10
23.25,-76.33333,-0.07957,0.08514,0.1165,316.9,CMEMS,2026-09-10
23.25,-76.25,-0.07764,0.08745,0.1169,318.4,CMEMS,2026-09-10
23.25,-76.16666,-0.07735,0.09112,0.1195,319.7,CMEMS,2026-09-10
23.33334,-83.08333,0.55576,0.08666,0.5625,81.1,CMEMS,2026-09-10
23.33334,-83.0,0.57497,0.1124,0.5859,78.9,CMEMS,2026-09-10
23.33334,-82.91666,0.59093,0.13425,0.606,77.2,CMEMS,2026-09-10
23.33334,-82.83333,0.60069,0.15316,0.6199,75.7,CMEMS,2026-09-10
23.33334,-82.75,0.60326,0.16982,0.6267,74.3,CMEMS,2026-09-10
23.33334,-82.66666,0.59787,0.19137,0.6278,72.3,CMEMS,2026-09-10
23.33334,-82.58333,0.59385,0.20273,0.6275,71.2,CMEMS,2026-09-10
23.33334,-82.5,0.58003,0.21405,0.6183,69.7,CMEMS,2026-09-10
23.33334,-82.41666,0.5622,0.22753,0.6065,68.0,CMEMS,2026-09-10
23.33334,-82.33333,0.55226,0.21336,0.592,68.9,CMEMS,2026-09-10
23.33334,-82.25,0.51649,0.19363,0.5516,69.4,CMEMS,2026-09-10
23.33334,-82.16666,0.4594,0.19236,0.4981,67.3,CMEMS,2026-09-10
23.33334,-82.08333,0.4061,0.19048,0.4485,64.9,CMEMS,2026-09-10
23.33334,-82.0,0.35803,0.19382,0.4071,61.6,CMEMS,2026-09-10
23.33334,-81.91666,0.31344,0.20272,0.3733,57.1,CMEMS,2026-09-10
23.33334,-81.83333,0.26751,0.20233,0.3354,52.9,CMEMS,2026-09-10
23.33334,-81.75,0.21475,0.18707,0.2848,48.9,CMEMS,2026-09-10
23.33334,-81.66666,0.15154,0.16904,0.227,41.9,CMEMS,2026-09-10
23.33334,-81.58333,0.08276,0.1407,0.1632,30.5,CMEMS,2026-09-10
23.33334,-81.5,0.02286,0.10949,0.1119,11.8,CMEMS,2026-09-10
23.33334,-81.41666,-0.01771,0.09296,0.0946,349.2,CMEMS,2026-09-10
23.33334,-81.33333,-0.03521,0.08826,0.095,338.3,CMEMS,2026-09-10
23.33334,-81.25,-0.04801,0.07391,0.0881,327.0,CMEMS,2026-09-10
23.33334,-81.16666,-0.07146,0.05627,0.091,308.2,CMEMS,2026-09-10
23.33334,-81.08333,-0.09924,0.06113,0.1166,301.6,CMEMS,2026-09-10
23.33334,-81.0,-0.13471,0.06462,0.1494,295.6,CMEMS,2026-09-10
23.33334,-80.91666,-0.16902,0.05898,0.179,289.2,CMEMS,2026-09-10
23.33334,-80.83333,-0.17227,0.04487,0.178,284.6,CMEMS,2026-09-10
23.33334,-80.75,-0.14168,0.0576,0.1529,292.1,CMEMS,2026-09-10
23.33334,-80.66666,-0.11357,0.09356,0.1471,309.5,CMEMS,2026-09-10
23.33334,-80.58333,-0.12427,0.08211,0.1489,303.5,CMEMS,2026-09-10
23.33334,-80.5,-0.15882,0.09422,0.1847,300.7,CMEMS,2026-09-10
23.33334,-80.41666,-0.15707,0.05424,0.1662,289.1,CMEMS,2026-09-10
23.33334,-80.33333,-0.05814,0.0098,0.059,279.6,CMEMS,2026-09-10
23.33334,-80.25,0.05899,-0.08417,0.1028,145.0,CMEMS,2026-09-10
23.33334,-80.16666,0.09691,-0.11164,0.1478,139.0,CMEMS,2026-09-10
23.33334,-80.08333,0.08235,-0.08649,0.1194,136.4,CMEMS,2026-09-10
23.33334,-80.0,0.05197,-0.0577,0.0777,138.0,CMEMS,2026-09-10
23.33334,-79.91666,0.02159,-0.00338,0.0219,98.9,CMEMS,2026-09-10
23.33334,-79.83333,-0.0054,0.06749,0.0677,355.4,CMEMS,2026-09-10
23.33334,-79.75,-0.01389,0.0895,0.0906,351.2,CMEMS,2026-09-10
23.33334,-79.66666,0.00428,0.10129,0.1014,2.4,CMEMS,2026-09-10
23.33334,-79.58333,0.03184,0.10712,0.1117,16.6,CMEMS,2026-09-10
23.33334,-79.5,0.04836,0.12699,0.1359,20.8,CMEMS,2026-09-10
23.33334,-79.41666,0.05919,0.15404,0.165,21.0,CMEMS,2026-09-10
23.33334,-79.33333,0.07728,0.15259,0.171,26.9,CMEMS,2026-09-10
23.33334,-79.25,0.09981,0.10166,0.1425,44.5,CMEMS,2026-09-10
23.33334,-79.16666,0.11091,0.02358,0.1134,78.0,CMEMS,2026-09-10
23.33334,-79.08333,0.11573,-0.06828,0.1344,120.5,CMEMS,2026-09-10
23.33334,-79.0,0.11751,-0.16061,0.199,143.8,CMEMS,2026-09-10
23.33334,-78.91666,0.01218,-0.00849,0.0148,124.9,CMEMS,2026-09-10
23.33334,-78.83333,-0.08874,0.0622,0.1084,305.0,CMEMS,2026-09-10
23.33334,-78.75,-0.08929,0.05851,0.1067,303.2,CMEMS,2026-09-10
23.33334,-78.66666,-0.09049,0.06714,0.1127,306.6,CMEMS,2026-09-10
23.33334,-78.58333,-0.08931,0.07393,0.1159,309.6,CMEMS,2026-09-10
23.33334,-78.5,-0.08819,0.07726,0.1172,311.2,CMEMS,2026-09-10
23.33334,-78.41666,-0.08746,0.08006,0.1186,312.5,CMEMS,2026-09-10
23.33334,-78.33333,-0.08622,0.08086,0.1182,313.2,CMEMS,2026-09-10
23.33334,-78.25,-0.08389,0.0805,0.1163,313.8,CMEMS,2026-09-10
23.33334,-78.16666,-0.08095,0.07925,0.1133,314.4,CMEMS,2026-09-10
23.33334,-78.08333,-0.07862,0.07848,0.1111,314.9,CMEMS,2026-09-10
23.33334,-78.0,-0.07764,0.0788,0.1106,315.4,CMEMS,2026-09-10
23.33334,-77.91666,-0.07796,0.07934,0.1112,315.5,CMEMS,2026-09-10
23.33334,-77.83333,-0.07902,0.0797,0.1122,315.2,CMEMS,2026-09-10
23.33334,-77.75,-0.0798,0.07942,0.1126,314.9,CMEMS,2026-09-10
23.33334,-77.66666,-0.07935,0.07923,0.1121,315.0,CMEMS,2026-09-10
23.33334,-77.58333,-0.07761,0.07929,0.111,315.6,CMEMS,2026-09-10
23.33334,-77.5,-0.07548,0.08037,0.1103,316.8,CMEMS,2026-09-10
23.33334,-77.41666,-0.07401,0.08265,0.1109,318.2,CMEMS,2026-09-10
23.33334,-77.33333,-0.07422,0.08594,0.1136,319.2,CMEMS,2026-09-10
23.33334,-77.25,-0.07553,0.08866,0.1165,319.6,CMEMS,2026-09-10
23.33334,-77.16666,-0.07682,0.09014,0.1184,319.6,CMEMS,2026-09-10
23.33334,-77.08333,-0.07921,0.09228,0.1216,319.4,CMEMS,2026-09-10
23.33334,-77.0,-0.08153,0.08965,0.1212,317.7,CMEMS,2026-09-10
23.33334,-76.91666,-0.08264,0.08758,0.1204,316.7,CMEMS,2026-09-10
23.33334,-76.83333,-0.08511,0.08809,0.1225,316.0,CMEMS,2026-09-10
23.33334,-76.75,-0.08931,0.08698,0.1247,314.2,CMEMS,2026-09-10
23.33334,-76.66666,-0.09199,0.08544,0.1255,312.9,CMEMS,2026-09-10
23.33334,-76.58333,-0.091,0.08122,0.122,311.8,CMEMS,2026-09-10
23.33334,-76.5,-0.08478,0.07555,0.1136,311.7,CMEMS,2026-09-10
23.33334,-76.41666,-0.07699,0.07847,0.1099,315.5,CMEMS,2026-09-10
23.33334,-76.33333,-0.07281,0.08286,0.1103,318.7,CMEMS,2026-09-10
23.33334,-76.25,-0.07079,0.08558,0.1111,320.4,CMEMS,2026-09-10
23.33334,-76.16666,-0.06973,0.09046,0.1142,322.4,CMEMS,2026-09-10
23.41667,-83.08333,0.5805,0.07229,0.585,82.9,CMEMS,2026-09-10
23.41667,-83.0,0.59512,0.10069,0.6036,80.4,CMEMS,2026-09-10
23.41667,-82.91666,0.60755,0.12524,0.6203,78.4,CMEMS,2026-09-10
23.41667,-82.83333,0.61727,0.14703,0.6345,76.6,CMEMS,2026-09-10
23.41667,-82.75,0.62598,0.16673,0.6478,75.1,CMEMS,2026-09-10
23.41667,-82.66666,0.63431,0.18815,0.6616,73.5,CMEMS,2026-09-10
23.41667,-82.58333,0.64536,0.20664,0.6776,72.2,CMEMS,2026-09-10
23.41667,-82.5,0.65342,0.2154,0.688,71.8,CMEMS,2026-09-10
23.41667,-82.41666,0.65634,0.22979,0.6954,70.7,CMEMS,2026-09-10
23.41667,-82.33333,0.66212,0.23392,0.7022,70.5,CMEMS,2026-09-10
23.41667,-82.25,0.65694,0.22331,0.6939,71.2,CMEMS,2026-09-10
23.41667,-82.16666,0.63218,0.21957,0.6692,70.8,CMEMS,2026-09-10
23.41667,-82.08333,0.59874,0.22646,0.6401,69.3,CMEMS,2026-09-10
23.41667,-82.0,0.56509,0.23442,0.6118,67.5,CMEMS,2026-09-10
23.41667,-81.91666,0.53304,0.23987,0.5845,65.8,CMEMS,2026-09-10
23.41667,-81.83333,0.49789,0.24033,0.5529,64.2,CMEMS,2026-09-10
23.41667,-81.75,0.45267,0.2377,0.5113,62.3,CMEMS,2026-09-10
23.41667,-81.66666,0.39742,0.23458,0.4615,59.4,CMEMS,2026-09-10
23.41667,-81.58333,0.33217,0.2269,0.4023,55.7,CMEMS,2026-09-10
23.41667,-81.5,0.2578,0.20698,0.3306,51.2,CMEMS,2026-09-10
23.41667,-81.41666,0.18278,0.18573,0.2606,44.5,CMEMS,2026-09-10
23.41667,-81.33333,0.11821,0.15584,0.1956,37.2,CMEMS,2026-09-10
23.41667,-81.25,0.06148,0.12319,0.1377,26.5,CMEMS,2026-09-10
23.41667,-81.16666,0.01085,0.1112,0.1117,5.6,CMEMS,2026-09-10
23.41667,-81.08333,-0.02588,0.11242,0.1154,347.0,CMEMS,2026-09-10
23.41667,-81.0,-0.05217,0.11461,0.1259,335.5,CMEMS,2026-09-10
23.41667,-80.91666,-0.071,0.10073,0.1232,324.8,CMEMS,2026-09-10
23.41667,-80.83333,-0.07289,0.06228,0.0959,310.5,CMEMS,2026-09-10
23.41667,-80.75,-0.05554,0.0361,0.0662,303.0,CMEMS,2026-09-10
23.41667,-80.66666,-0.0347,0.09458,0.1007,339.9,CMEMS,2026-09-10
23.41667,-80.58333,-0.02529,0.12584,0.1284,348.6,CMEMS,2026-09-10
23.41667,-80.5,-0.01086,0.10924,0.1098,354.3,CMEMS,2026-09-10
23.41667,-80.41666,0.02242,0.02109,0.0308,46.8,CMEMS,2026-09-10
23.41667,-80.33333,0.05965,-0.06479,0.0881,137.4,CMEMS,2026-09-10
23.41667,-80.25,0.06978,-0.08846,0.1127,141.7,CMEMS,2026-09-10
23.41667,-80.16666,0.03457,-0.06169,0.0707,150.7,CMEMS,2026-09-10
23.41667,-80.08333,-0.03485,-0.00767,0.0357,257.6,CMEMS,2026-09-10
23.41667,-80.0,-0.10505,0.0071,0.1053,273.9,CMEMS,2026-09-10
23.41667,-79.91666,-0.14515,0.03873,0.1502,284.9,CMEMS,2026-09-10
23.41667,-79.83333,-0.15876,0.0915,0.1832,300.0,CMEMS,2026-09-10
23.41667,-79.75,-0.14866,0.08925,0.1734,301.0,CMEMS,2026-09-10
23.41667,-79.66666,-0.11265,0.08922,0.1437,308.4,CMEMS,2026-09-10
23.41667,-79.58333,-0.06412,0.06881,0.0941,317.0,CMEMS,2026-09-10
23.41667,-79.5,-0.02983,0.09769,0.1021,343.0,CMEMS,2026-09-10
23.41667,-79.41666,-0.01018,0.11703,0.1175,355.0,CMEMS,2026-09-10
23.41667,-79.33333,0.00788,0.119,0.1193,3.8,CMEMS,2026-09-10
23.41667,-79.25,0.02383,0.07897,0.0825,16.8,CMEMS,2026-09-10
23.41667,-79.16666,0.04229,0.01641,0.0454,68.8,CMEMS,2026-09-10
23.41667,-79.08333,0.06776,-0.08252,0.1068,140.6,CMEMS,2026-09-10
23.41667,-79.0,0.01431,-0.06562,0.0672,167.7,CMEMS,2026-09-10
23.41667,-78.91666,-0.06801,0.06287,0.0926,312.8,CMEMS,2026-09-10
23.41667,-78.83333,-0.08331,0.06529,0.1058,308.1,CMEMS,2026-09-10
23.41667,-78.75,-0.08559,0.0626,0.106,306.2,CMEMS,2026-09-10
23.41667,-78.66666,-0.08691,0.06806,0.1104,308.1,CMEMS,2026-09-10
23.41667,-78.58333,-0.08675,0.07396,0.114,310.5,CMEMS,2026-09-10
23.41667,-78.5,-0.08661,0.07767,0.1163,311.9,CMEMS,2026-09-10
23.41667,-78.41666,-0.08622,0.07907,0.117,312.5,CMEMS,2026-09-10
23.41667,-78.33333,-0.08504,0.07905,0.1161,312.9,CMEMS,2026-09-10
23.41667,-78.25,-0.08374,0.07849,0.1148,313.1,CMEMS,2026-09-10
23.41667,-78.16666,-0.0832,0.07833,0.1143,313.3,CMEMS,2026-09-10
23.41667,-78.08333,-0.08369,0.07876,0.1149,313.3,CMEMS,2026-09-10
23.41667,-78.0,-0.08398,0.07917,0.1154,313.3,CMEMS,2026-09-10
23.41667,-77.91666,-0.08283,0.0789,0.1144,313.6,CMEMS,2026-09-10
23.41667,-77.83333,-0.08057,0.0788,0.1127,314.4,CMEMS,2026-09-10
23.41667,-77.75,-0.07796,0.07788,0.1102,315.0,CMEMS,2026-09-10
23.41667,-77.66666,-0.07514,0.07693,0.1075,315.7,CMEMS,2026-09-10
23.41667,-77.58333,-0.07238,0.07696,0.1056,316.8,CMEMS,2026-09-10
23.41667,-77.5,-0.07018,0.0787,0.1054,318.3,CMEMS,2026-09-10
23.41667,-77.41666,-0.06791,0.0808,0.1055,320.0,CMEMS,2026-09-10
23.41667,-77.33333,-0.0676,0.0819,0.1062,320.5,CMEMS,2026-09-10
23.41667,-77.25,-0.06944,0.08757,0.1118,321.6,CMEMS,2026-09-10
23.41667,-77.16666,-0.0688,0.0951,0.1174,324.1,CMEMS,2026-09-10
23.41667,-77.08333,-0.05772,0.09081,0.1076,327.6,CMEMS,2026-09-10
23.41667,-77.0,-0.04045,0.08649,0.0955,334.9,CMEMS,2026-09-10
23.41667,-76.91666,-0.02681,0.07946,0.0839,341.4,CMEMS,2026-09-10
23.41667,-76.83333,-0.02422,0.08488,0.0883,344.1,CMEMS,2026-09-10
23.41667,-76.75,-0.05381,0.12022,0.1317,335.9,CMEMS,2026-09-10
23.41667,-76.66666,-0.08694,0.08946,0.1248,315.8,CMEMS,2026-09-10
23.41667,-76.58333,-0.09653,0.08284,0.1272,310.6,CMEMS,2026-09-10
23.41667,-76.5,-0.08734,0.07674,0.1163,311.3,CMEMS,2026-09-10
23.41667,-76.41666,-0.07068,0.0701,0.0995,314.8,CMEMS,2026-09-10
23.41667,-76.33333,-0.06565,0.082,0.105,321.3,CMEMS,2026-09-10
23.41667,-76.25,-0.06447,0.08344,0.1054,322.3,CMEMS,2026-09-10
23.41667,-76.16666,-0.06155,0.08867,0.1079,325.2,CMEMS,2026-09-10
23.5,-83.08333,0.62376,0.06293,0.6269,84.2,CMEMS,2026-09-10
23.5,-83.0,0.63331,0.09568,0.6405,81.4,CMEMS,2026-09-10
23.5,-82.91666,0.63919,0.1241,0.6511,79.0,CMEMS,2026-09-10
23.5,-82.83333,0.64242,0.14673,0.659,77.1,CMEMS,2026-09-10
23.5,-82.75,0.64562,0.16686,0.6668,75.5,CMEMS,2026-09-10
23.5,-82.66666,0.65161,0.18491,0.6773,74.2,CMEMS,2026-09-10
23.5,-82.58333,0.66238,0.20157,0.6924,73.1,CMEMS,2026-09-10
23.5,-82.5,0.67553,0.2109,0.7077,72.7,CMEMS,2026-09-10
23.5,-82.41666,0.68852,0.21986,0.7228,72.3,CMEMS,2026-09-10
23.5,-82.33333,0.70366,0.22623,0.7391,72.2,CMEMS,2026-09-10
23.5,-82.25,0.7154,0.22477,0.7499,72.6,CMEMS,2026-09-10
23.5,-82.16666,0.71623,0.22183,0.7498,72.8,CMEMS,2026-09-10
23.5,-82.08333,0.70839,0.227,0.7439,72.2,CMEMS,2026-09-10
23.5,-82.0,0.69697,0.23949,0.737,71.0,CMEMS,2026-09-10
23.5,-81.91666,0.68338,0.25267,0.7286,69.7,CMEMS,2026-09-10
23.5,-81.83333,0.66612,0.2608,0.7154,68.6,CMEMS,2026-09-10
23.5,-81.75,0.63978,0.26331,0.6918,67.6,CMEMS,2026-09-10
23.5,-81.66666,0.60187,0.26713,0.6585,66.1,CMEMS,2026-09-10
23.5,-81.58333,0.55381,0.27265,0.6173,63.8,CMEMS,2026-09-10
23.5,-81.5,0.49626,0.27252,0.5662,61.2,CMEMS,2026-09-10
23.5,-81.41666,0.42748,0.2673,0.5042,58.0,CMEMS,2026-09-10
23.5,-81.33333,0.34797,0.25397,0.4308,53.9,CMEMS,2026-09-10
23.5,-81.25,0.2656,0.23015,0.3514,49.1,CMEMS,2026-09-10
23.5,-81.16666,0.18624,0.19928,0.2728,43.1,CMEMS,2026-09-10
23.5,-81.08333,0.11326,0.18147,0.2139,32.0,CMEMS,2026-09-10
23.5,-81.0,0.05285,0.17726,0.185,16.6,CMEMS,2026-09-10
23.5,-80.91666,0.00456,0.1604,0.1605,1.6,CMEMS,2026-09-10
23.5,-80.83333,-0.03083,0.1063,0.1107,343.8,CMEMS,2026-09-10
23.5,-80.75,-0.03972,0.04317,0.0587,317.4,CMEMS,2026-09-10
23.5,-80.66666,-0.00533,0.04267,0.043,352.9,CMEMS,2026-09-10
23.5,-80.58333,0.05283,0.08592,0.1009,31.6,CMEMS,2026-09-10
23.5,-80.5,0.11648,0.05608,0.1293,64.3,CMEMS,2026-09-10
23.5,-80.41666,0.1496,-0.01711,0.1506,96.5,CMEMS,2026-09-10
23.5,-80.33333,0.11996,-0.05031,0.1301,112.8,CMEMS,2026-09-10
23.5,-80.25,0.05783,-0.01668,0.0602,106.1,CMEMS,2026-09-10
23.5,-80.16666,-0.01212,0.0112,0.0165,312.7,CMEMS,2026-09-10
23.5,-80.08333,-0.05699,0.03214,0.0654,299.4,CMEMS,2026-09-10
23.5,-80.0,-0.07327,0.04565,0.0863,301.9,CMEMS,2026-09-10
23.5,-79.91666,-0.08328,0.06714,0.107,308.9,CMEMS,2026-09-10
23.5,-79.83333,-0.09341,0.08654,0.1273,312.8,CMEMS,2026-09-10
23.5,-79.75,-0.10801,0.09879,0.1464,312.4,CMEMS,2026-09-10
23.5,-79.66666,-0.09749,0.08191,0.1273,310.0,CMEMS,2026-09-10
23.5,-79.58333,-0.07143,0.0548,0.09,307.5,CMEMS,2026-09-10
23.5,-79.5,-0.06085,0.10284,0.1195,329.4,CMEMS,2026-09-10
23.5,-79.41666,-0.05028,0.0977,0.1099,332.8,CMEMS,2026-09-10
23.5,-79.33333,-0.02803,0.09218,0.0963,343.1,CMEMS,2026-09-10
23.5,-79.25,0.00607,0.05094,0.0513,6.8,CMEMS,2026-09-10
23.5,-79.16666,0.03878,-0.01528,0.0417,111.5,CMEMS,2026-09-10
23.5,-79.08333,0.03532,-0.07297,0.0811,154.2,CMEMS,2026-09-10
23.5,-79.0,-0.00423,0.05175,0.0519,355.3,CMEMS,2026-09-10
23.5,-78.91666,-0.05948,0.04192,0.0728,305.2,CMEMS,2026-09-10
23.5,-78.83333,-0.08862,0.05676,0.1052,302.6,CMEMS,2026-09-10
23.5,-78.75,-0.08543,0.06277,0.106,306.3,CMEMS,2026-09-10
23.5,-78.66666,-0.08512,0.0685,0.1093,308.8,CMEMS,2026-09-10
23.5,-78.58333,-0.08485,0.07351,0.1123,310.9,CMEMS,2026-09-10
23.5,-78.5,-0.08446,0.07773,0.1148,312.6,CMEMS,2026-09-10
23.5,-78.41666,-0.08418,0.07878,0.1153,313.1,CMEMS,2026-09-10
23.5,-78.33333,-0.08444,0.07912,0.1157,313.1,CMEMS,2026-09-10
23.5,-78.25,-0.0854,0.07942,0.1166,312.9,CMEMS,2026-09-10
23.5,-78.16666,-0.08671,0.07987,0.1179,312.6,CMEMS,2026-09-10
23.5,-78.08333,-0.08728,0.0792,0.1179,312.2,CMEMS,2026-09-10
23.5,-78.0,-0.08557,0.07677,0.115,311.9,CMEMS,2026-09-10
23.5,-77.91666,-0.08116,0.0738,0.1097,312.3,CMEMS,2026-09-10
23.5,-77.83333,-0.0753,0.0731,0.1049,314.2,CMEMS,2026-09-10
23.5,-77.75,-0.07083,0.0741,0.1025,316.3,CMEMS,2026-09-10
23.5,-77.66666,-0.06761,0.07379,0.1001,317.5,CMEMS,2026-09-10
23.5,-77.58333,-0.06384,0.07451,0.0981,319.4,CMEMS,2026-09-10
23.5,-77.5,-0.0609,0.07817,0.0991,322.1,CMEMS,2026-09-10
23.5,-77.41666,-0.06006,0.08193,0.1016,323.8,CMEMS,2026-09-10
23.5,-77.33333,-0.05658,0.08447,0.1017,326.2,CMEMS,2026-09-10
23.5,-77.25,-0.05486,0.10118,0.1151,331.5,CMEMS,2026-09-10
23.5,-77.16666,-0.02469,0.04653,0.0527,332.1,CMEMS,2026-09-10
23.5,-77.08333,0.02191,0.04799,0.0528,24.5,CMEMS,2026-09-10
23.5,-77.0,0.04125,0.05613,0.0697,36.3,CMEMS,2026-09-10
23.5,-76.91666,0.04224,0.06347,0.0762,33.6,CMEMS,2026-09-10
23.5,-76.83333,0.03359,0.07762,0.0846,23.4,CMEMS,2026-09-10
23.5,-76.75,0.01231,0.13098,0.1316,5.4,CMEMS,2026-09-10
23.5,-76.66666,-0.04378,0.12799,0.1353,341.1,CMEMS,2026-09-10
23.5,-76.58333,-0.10069,0.10551,0.1459,316.3,CMEMS,2026-09-10
23.5,-76.5,-0.09195,0.08201,0.1232,311.7,CMEMS,2026-09-10
23.5,-76.41666,-0.05922,0.05845,0.0832,314.6,CMEMS,2026-09-10
23.5,-76.33333,-0.05572,0.06202,0.0834,318.1,CMEMS,2026-09-10
23.5,-76.25,-0.05934,0.07092,0.0925,320.1,CMEMS,2026-09-10
23.5,-76.16666,-0.0533,0.07753,0.0941,325.5,CMEMS,2026-09-10
23.58334,-83.08333,0.67983,0.05741,0.6823,85.2,CMEMS,2026-09-10
23.58334,-83.0,0.68721,0.09581,0.6939,82.1,CMEMS,2026-09-10
23.58334,-82.91666,0.69018,0.12786,0.7019,79.5,CMEMS,2026-09-10
23.58334,-82.83333,0.68916,0.15389,0.7061,77.4,CMEMS,2026-09-10
23.58334,-82.75,0.68671,0.17452,0.7085,75.7,CMEMS,2026-09-10
23.58334,-82.66666,0.68623,0.18996,0.712,74.5,CMEMS,2026-09-10
23.58334,-82.58333,0.68994,0.20208,0.7189,73.7,CMEMS,2026-09-10
23.58334,-82.5,0.69764,0.20909,0.7283,73.3,CMEMS,2026-09-10
23.58334,-82.41666,0.70753,0.21221,0.7387,73.3,CMEMS,2026-09-10
23.58334,-82.33333,0.71956,0.21399,0.7507,73.4,CMEMS,2026-09-10
23.58334,-82.25,0.73215,0.21343,0.7626,73.7,CMEMS,2026-09-10
23.58334,-82.16666,0.74138,0.21171,0.771,74.1,CMEMS,2026-09-10
23.58334,-82.08333,0.74596,0.21481,0.7763,73.9,CMEMS,2026-09-10
23.58334,-82.0,0.74777,0.22468,0.7808,73.3,CMEMS,2026-09-10
23.58334,-81.91666,0.74821,0.23984,0.7857,72.2,CMEMS,2026-09-10
23.58334,-81.83333,0.74696,0.2562,0.7897,71.1,CMEMS,2026-09-10
23.58334,-81.75,0.74058,0.2701,0.7883,70.0,CMEMS,2026-09-10
23.58334,-81.66666,0.72481,0.28277,0.778,68.7,CMEMS,2026-09-10
23.58334,-81.58333,0.69797,0.29761,0.7588,66.9,CMEMS,2026-09-10
23.58334,-81.5,0.66096,0.31173,0.7308,64.7,CMEMS,2026-09-10
23.58334,-81.41666,0.61484,0.32131,0.6937,62.4,CMEMS,2026-09-10
23.58334,-81.33333,0.55668,0.3247,0.6445,59.7,CMEMS,2026-09-10
23.58334,-81.25,0.48551,0.32434,0.5839,56.3,CMEMS,2026-09-10
23.58334,-81.16666,0.40391,0.31299,0.511,52.2,CMEMS,2026-09-10
23.58334,-81.08333,0.31831,0.28384,0.4265,48.3,CMEMS,2026-09-10
23.58334,-81.0,0.23582,0.25515,0.3474,42.7,CMEMS,2026-09-10
23.58334,-80.91666,0.15644,0.23447,0.2819,33.7,CMEMS,2026-09-10
23.58334,-80.83333,0.07979,0.19257,0.2084,22.5,CMEMS,2026-09-10
23.58334,-80.75,0.01718,0.11209,0.1134,8.7,CMEMS,2026-09-10
23.58334,-80.66666,0.00439,0.02199,0.0224,11.3,CMEMS,2026-09-10
23.58334,-80.58333,0.04939,0.02894,0.0572,59.6,CMEMS,2026-09-10
23.58334,-80.5,0.1127,-0.0433,0.1207,111.0,CMEMS,2026-09-10
23.58334,-80.41666,0.11538,-0.03435,0.1204,106.6,CMEMS,2026-09-10
23.58334,-80.33333,0.05792,0.01617,0.0601,74.4,CMEMS,2026-09-10
23.58334,-80.25,0.01292,0.07634,0.0774,9.6,CMEMS,2026-09-10
23.58334,-80.16666,-0.01255,0.08661,0.0875,351.8,CMEMS,2026-09-10
23.58334,-80.08333,-0.02398,0.08449,0.0878,344.2,CMEMS,2026-09-10
23.58334,-80.0,-0.03464,0.06957,0.0777,333.5,CMEMS,2026-09-10
23.58334,-79.91666,-0.03905,0.08126,0.0902,334.3,CMEMS,2026-09-10
23.58334,-79.83333,-0.04474,0.08456,0.0957,332.1,CMEMS,2026-09-10
23.58334,-79.75,-0.05946,0.08266,0.1018,324.3,CMEMS,2026-09-10
23.58334,-79.58333,-0.07052,0.10714,0.1283,326.6,CMEMS,2026-09-10
23.58334,-79.5,-0.04235,0.11791,0.1253,340.2,CMEMS,2026-09-10
23.58334,-79.41666,-0.01743,0.08369,0.0855,348.2,CMEMS,2026-09-10
23.58334,-79.33333,0.01039,0.05966,0.0606,9.9,CMEMS,2026-09-10
23.58334,-79.25,0.03193,0.02809,0.0425,48.7,CMEMS,2026-09-10
23.58334,-79.16666,0.02971,-0.00524,0.0302,100.0,CMEMS,2026-09-10
23.58334,-79.08333,-0.03003,-0.01044,0.0318,250.8,CMEMS,2026-09-10
23.58334,-79.0,-0.0872,0.06983,0.1117,308.7,CMEMS,2026-09-10
23.58334,-78.91666,-0.08614,0.05964,0.1048,304.7,CMEMS,2026-09-10
23.58334,-78.83333,-0.0794,0.05395,0.096,304.2,CMEMS,2026-09-10
23.58334,-78.75,-0.08069,0.06246,0.102,307.7,CMEMS,2026-09-10
23.58334,-78.66666,-0.08193,0.06903,0.1071,310.1,CMEMS,2026-09-10
23.58334,-78.58333,-0.08263,0.07373,0.1107,311.7,CMEMS,2026-09-10
23.58334,-78.5,-0.08316,0.07802,0.114,313.2,CMEMS,2026-09-10
23.58334,-78.41666,-0.08387,0.08008,0.116,313.7,CMEMS,2026-09-10
23.58334,-78.33333,-0.0853,0.08107,0.1177,313.5,CMEMS,2026-09-10
23.58334,-78.25,-0.08686,0.08116,0.1189,313.1,CMEMS,2026-09-10
23.58334,-78.16666,-0.08735,0.08023,0.1186,312.6,CMEMS,2026-09-10
23.58334,-78.08333,-0.08617,0.07733,0.1158,311.9,CMEMS,2026-09-10
23.58334,-78.0,-0.08413,0.07328,0.1116,311.1,CMEMS,2026-09-10
23.58334,-77.91666,-0.08178,0.06909,0.1071,310.2,CMEMS,2026-09-10
23.58334,-77.83333,-0.07746,0.06787,0.103,311.2,CMEMS,2026-09-10
23.58334,-77.75,-0.07713,0.07581,0.1082,314.5,CMEMS,2026-09-10
23.58334,-77.66666,-0.07704,0.07056,0.1045,312.5,CMEMS,2026-09-10
23.58334,-77.58333,-0.06848,0.0672,0.0959,314.5,CMEMS,2026-09-10
23.58334,-77.5,-0.05911,0.07304,0.094,321.0,CMEMS,2026-09-10
23.58334,-77.41666,-0.05336,0.08064,0.0967,326.5,CMEMS,2026-09-10
23.58334,-77.33333,-0.04091,0.09445,0.1029,336.6,CMEMS,2026-09-10
23.58334,-77.25,0.00137,0.01742,0.0175,4.5,CMEMS,2026-09-10
23.58334,-77.16666,0.04313,0.00588,0.0435,82.2,CMEMS,2026-09-10
23.58334,-77.08333,0.05307,0.0302,0.0611,60.4,CMEMS,2026-09-10
23.58334,-77.0,0.04801,0.05924,0.0762,39.0,CMEMS,2026-09-10
23.58334,-76.91666,0.03658,0.0765,0.0848,25.6,CMEMS,2026-09-10
23.58334,-76.83333,0.02643,0.08833,0.0922,16.7,CMEMS,2026-09-10
23.58334,-76.75,0.02343,0.12587,0.128,10.5,CMEMS,2026-09-10
23.58334,-76.66666,-0.00086,0.13342,0.1334,359.6,CMEMS,2026-09-10
23.58334,-76.58333,-0.05094,0.0815,0.0961,328.0,CMEMS,2026-09-10
23.58334,-76.41666,-0.052,0.09591,0.1091,331.5,CMEMS,2026-09-10
23.58334,-76.33333,-0.04949,0.08966,0.1024,331.1,CMEMS,2026-09-10
23.58334,-76.25,-0.05474,0.07315,0.0914,323.2,CMEMS,2026-09-10
23.58334,-76.16666,-0.0497,0.07348,0.0887,325.9,CMEMS,2026-09-10
23.66667,-83.08333,0.7389,0.05332,0.7408,85.9,CMEMS,2026-09-10
23.66667,-83.0,0.74368,0.09889,0.7502,82.4,CMEMS,2026-09-10
23.66667,-82.91666,0.74485,0.1372,0.7574,79.6,CMEMS,2026-09-10
23.66667,-82.83333,0.74256,0.16829,0.7614,77.2,CMEMS,2026-09-10
23.66667,-82.75,0.73888,0.19106,0.7632,75.5,CMEMS,2026-09-10
23.66667,-82.66666,0.73601,0.20506,0.764,74.4,CMEMS,2026-09-10
23.66667,-82.58333,0.73572,0.21367,0.7661,73.8,CMEMS,2026-09-10
23.66667,-82.5,0.73837,0.21647,0.7695,73.7,CMEMS,2026-09-10
23.66667,-82.41666,0.74277,0.21511,0.7733,73.8,CMEMS,2026-09-10
23.66667,-82.33333,0.74851,0.21176,0.7779,74.2,CMEMS,2026-09-10
23.66667,-82.25,0.75533,0.20806,0.7835,74.6,CMEMS,2026-09-10
23.66667,-82.16666,0.76255,0.20527,0.7897,74.9,CMEMS,2026-09-10
23.66667,-82.08333,0.76882,0.20645,0.7961,75.0,CMEMS,2026-09-10
23.66667,-82.0,0.77374,0.21337,0.8026,74.6,CMEMS,2026-09-10
23.66667,-81.91666,0.77779,0.22573,0.8099,73.8,CMEMS,2026-09-10
23.66667,-81.83333,0.78159,0.24316,0.8185,72.7,CMEMS,2026-09-10
23.66667,-81.75,0.78431,0.26309,0.8273,71.5,CMEMS,2026-09-10
23.66667,-81.66666,0.78249,0.28378,0.8324,70.1,CMEMS,2026-09-10
23.66667,-81.58333,0.77323,0.30503,0.8312,68.5,CMEMS,2026-09-10
23.66667,-81.5,0.75563,0.32838,0.8239,66.5,CMEMS,2026-09-10
23.66667,-81.41666,0.73038,0.35107,0.8104,64.3,CMEMS,2026-09-10
23.66667,-81.33333,0.69667,0.36685,0.7874,62.2,CMEMS,2026-09-10
23.66667,-81.25,0.65319,0.37651,0.7539,60.0,CMEMS,2026-09-10
23.66667,-81.16666,0.59488,0.38246,0.7072,57.3,CMEMS,2026-09-10
23.66667,-81.08333,0.5212,0.38124,0.6458,53.8,CMEMS,2026-09-10
23.66667,-81.0,0.44018,0.35711,0.5668,50.9,CMEMS,2026-09-10
23.66667,-80.91666,0.35503,0.32145,0.4789,47.8,CMEMS,2026-09-10
23.66667,-80.83333,0.26335,0.27873,0.3835,43.4,CMEMS,2026-09-10
23.66667,-80.75,0.16503,0.20927,0.2665,38.3,CMEMS,2026-09-10
23.66667,-80.66666,0.08359,0.09317,0.1252,41.9,CMEMS,2026-09-10
23.66667,-80.58333,0.05098,0.01072,0.0521,78.1,CMEMS,2026-09-10
23.66667,-80.5,0.03062,-0.10548,0.1098,163.8,CMEMS,2026-09-10
23.66667,-80.41666,-0.0103,0.04592,0.0471,347.4,CMEMS,2026-09-10
23.66667,-80.33333,-0.03494,0.07851,0.0859,336.0,CMEMS,2026-09-10
23.66667,-80.25,-0.03786,0.08144,0.0898,335.1,CMEMS,2026-09-10
23.66667,-80.16666,-0.03778,0.08692,0.0948,336.5,CMEMS,2026-09-10
23.66667,-80.08333,-0.0342,0.08491,0.0915,338.1,CMEMS,2026-09-10
23.66667,-80.0,-0.03372,0.07749,0.0845,336.5,CMEMS,2026-09-10
23.66667,-79.91666,-0.03717,0.08175,0.0898,335.5,CMEMS,2026-09-10
23.66667,-79.83333,-0.03645,0.08506,0.0925,336.8,CMEMS,2026-09-10
23.66667,-79.75,-0.03621,0.08094,0.0887,335.9,CMEMS,2026-09-10
23.66667,-79.66666,-0.05951,0.08149,0.1009,323.9,CMEMS,2026-09-10
23.66667,-79.58333,-0.04868,0.1134,0.1234,336.8,CMEMS,2026-09-10
23.66667,-79.5,0.00756,0.0799,0.0803,5.4,CMEMS,2026-09-10
23.66667,-79.41666,0.04462,0.05451,0.0704,39.3,CMEMS,2026-09-10
23.66667,-79.33333,0.06055,0.04181,0.0736,55.4,CMEMS,2026-09-10
23.66667,-79.25,0.05162,0.03852,0.0644,53.3,CMEMS,2026-09-10
23.66667,-79.16666,0.022,0.03753,0.0435,30.4,CMEMS,2026-09-10
23.66667,-79.08333,-0.03123,0.02145,0.0379,304.5,CMEMS,2026-09-10
23.66667,-79.0,-0.08118,0.09238,0.123,318.7,CMEMS,2026-09-10
23.66667,-78.91666,-0.08433,0.07293,0.1115,310.9,CMEMS,2026-09-10
23.66667,-78.83333,-0.06759,0.05585,0.0877,309.6,CMEMS,2026-09-10
23.66667,-78.75,-0.0683,0.06641,0.0953,314.2,CMEMS,2026-09-10
23.66667,-78.66666,-0.07625,0.07215,0.105,313.4,CMEMS,2026-09-10
23.66667,-78.58333,-0.08001,0.07718,0.1112,314.0,CMEMS,2026-09-10
23.66667,-78.5,-0.08247,0.08143,0.1159,314.6,CMEMS,2026-09-10
23.66667,-78.41666,-0.08402,0.08304,0.1181,314.7,CMEMS,2026-09-10
23.66667,-78.33333,-0.08572,0.08356,0.1197,314.3,CMEMS,2026-09-10
23.66667,-78.25,-0.08767,0.08253,0.1204,313.3,CMEMS,2026-09-10
23.66667,-78.16666,-0.08943,0.08006,0.12,311.8,CMEMS,2026-09-10
23.66667,-78.08333,-0.09112,0.07528,0.1182,309.6,CMEMS,2026-09-10
23.66667,-78.0,-0.09185,0.07402,0.118,308.9,CMEMS,2026-09-10
23.66667,-77.91666,-0.09297,0.07063,0.1168,307.2,CMEMS,2026-09-10
23.66667,-77.83333,-0.09954,0.0616,0.1171,301.8,CMEMS,2026-09-10
23.66667,-77.75,-0.10553,0.06889,0.126,303.1,CMEMS,2026-09-10
23.66667,-77.66666,-0.09194,0.07103,0.1162,307.7,CMEMS,2026-09-10
23.66667,-77.58333,-0.06243,0.06949,0.0934,318.1,CMEMS,2026-09-10
23.66667,-77.5,-0.04635,0.06508,0.0799,324.5,CMEMS,2026-09-10
23.66667,-77.41666,-0.04824,0.07411,0.0884,326.9,CMEMS,2026-09-10
23.66667,-77.33333,-0.01487,0.01535,0.0214,315.9,CMEMS,2026-09-10
23.66667,-77.25,0.02964,-0.01673,0.034,119.5,CMEMS,2026-09-10
23.66667,-77.16666,0.03454,0.00629,0.0351,79.7,CMEMS,2026-09-10
23.66667,-77.08333,0.02307,0.04994,0.055,24.8,CMEMS,2026-09-10
23.66667,-77.0,0.01087,0.08328,0.084,7.4,CMEMS,2026-09-10
23.66667,-76.91666,0.00402,0.09483,0.0949,2.4,CMEMS,2026-09-10
23.66667,-76.83333,-0.00338,0.10214,0.1022,358.1,CMEMS,2026-09-10
23.66667,-76.75,-0.00708,0.12583,0.126,356.8,CMEMS,2026-09-10
23.66667,-76.66666,-0.00957,0.13481,0.1352,355.9,CMEMS,2026-09-10
23.66667,-76.58333,-0.01823,0.08697,0.0889,348.2,CMEMS,2026-09-10
23.66667,-76.41666,-0.0632,0.1392,0.1529,335.6,CMEMS,2026-09-10
23.66667,-76.33333,-0.06467,0.11037,0.1279,329.6,CMEMS,2026-09-10
23.66667,-76.25,-0.05515,0.0965,0.1111,330.3,CMEMS,2026-09-10
23.66667,-76.16666,-0.04672,0.07502,0.0884,328.1,CMEMS,2026-09-10
23.75,-83.08333,0.78434,0.04784,0.7858,86.5,CMEMS,2026-09-10
23.75,-83.0,0.78563,0.10045,0.792,82.7,CMEMS,2026-09-10
23.75,-82.91666,0.78451,0.14566,0.7979,79.5,CMEMS,2026-09-10
23.75,-82.83333,0.78214,0.18229,0.8031,76.9,CMEMS,2026-09-10
23.75,-82.75,0.77982,0.2075,0.807,75.1,CMEMS,2026-09-10
23.75,-82.66666,0.77892,0.22208,0.81,74.1,CMEMS,2026-09-10
23.75,-82.58333,0.78062,0.22951,0.8137,73.6,CMEMS,2026-09-10
23.75,-82.5,0.78452,0.23078,0.8178,73.6,CMEMS,2026-09-10
23.75,-82.41666,0.78922,0.22755,0.8214,73.9,CMEMS,2026-09-10
23.75,-82.33333,0.79434,0.22214,0.8248,74.4,CMEMS,2026-09-10
23.75,-82.25,0.80028,0.21657,0.8291,74.9,CMEMS,2026-09-10
23.75,-82.16666,0.80727,0.21286,0.8349,75.2,CMEMS,2026-09-10
23.75,-82.08333,0.81396,0.21145,0.841,75.4,CMEMS,2026-09-10
23.75,-82.0,0.81896,0.21452,0.8466,75.3,CMEMS,2026-09-10
23.75,-81.91666,0.82176,0.22449,0.8519,74.7,CMEMS,2026-09-10
23.75,-81.83333,0.82294,0.24115,0.8575,73.7,CMEMS,2026-09-10
23.75,-81.75,0.82354,0.26183,0.8642,72.4,CMEMS,2026-09-10
23.75,-81.66666,0.82292,0.28424,0.8706,70.9,CMEMS,2026-09-10
23.75,-81.58333,0.81858,0.3086,0.8748,69.3,CMEMS,2026-09-10
23.75,-81.5,0.80916,0.33475,0.8757,67.5,CMEMS,2026-09-10
23.75,-81.41666,0.79507,0.36311,0.8741,65.5,CMEMS,2026-09-10
23.75,-81.33333,0.77563,0.38786,0.8672,63.4,CMEMS,2026-09-10
23.75,-81.25,0.75075,0.40538,0.8532,61.6,CMEMS,2026-09-10
23.75,-81.16666,0.71597,0.41751,0.8288,59.8,CMEMS,2026-09-10
23.75,-81.08333,0.66702,0.42717,0.7921,57.4,CMEMS,2026-09-10
23.75,-81.0,0.6047,0.43064,0.7424,54.5,CMEMS,2026-09-10
23.75,-80.91666,0.53091,0.41241,0.6723,52.2,CMEMS,2026-09-10
23.75,-80.83333,0.44413,0.37463,0.581,49.9,CMEMS,2026-09-10
23.75,-80.75,0.3379,0.316,0.4626,46.9,CMEMS,2026-09-10
23.75,-80.66666,0.22096,0.21072,0.3053,46.4,CMEMS,2026-09-10
23.75,-80.58333,0.11564,0.09382,0.1489,50.9,CMEMS,2026-09-10
23.75,-80.5,0.02834,-0.0425,0.0511,146.3,CMEMS,2026-09-10
23.75,-80.41666,-0.01252,0.03245,0.0348,338.9,CMEMS,2026-09-10
23.75,-80.33333,-0.01629,0.07045,0.0723,347.0,CMEMS,2026-09-10
23.75,-80.25,-0.02367,0.08352,0.0868,344.2,CMEMS,2026-09-10
23.75,-80.16666,-0.03421,0.09133,0.0975,339.5,CMEMS,2026-09-10
23.75,-80.08333,-0.03785,0.09259,0.1,337.8,CMEMS,2026-09-10
23.75,-80.0,-0.03587,0.08731,0.0944,337.7,CMEMS,2026-09-10
23.75,-79.91666,-0.04096,0.09185,0.1006,336.0,CMEMS,2026-09-10
23.75,-79.83333,-0.03978,0.07909,0.0885,333.3,CMEMS,2026-09-10
23.75,-79.75,-0.03865,0.08992,0.0979,336.7,CMEMS,2026-09-10
23.75,-79.66666,-0.02018,0.07631,0.0789,345.2,CMEMS,2026-09-10
23.75,-79.58333,0.03908,0.05854,0.0704,33.7,CMEMS,2026-09-10
23.75,-79.5,0.09379,0.03564,0.1003,69.2,CMEMS,2026-09-10
23.75,-79.41666,0.11525,0.0411,0.1224,70.4,CMEMS,2026-09-10
23.75,-79.33333,0.10593,0.05476,0.1193,62.7,CMEMS,2026-09-10
23.75,-79.25,0.06826,0.07324,0.1001,43.0,CMEMS,2026-09-10
23.75,-79.16666,0.01925,0.08137,0.0836,13.3,CMEMS,2026-09-10
23.75,-79.08333,-0.02663,0.05331,0.0596,333.5,CMEMS,2026-09-10
23.75,-79.0,-0.05541,0.05734,0.0797,316.0,CMEMS,2026-09-10
23.75,-78.91666,-0.07726,0.0711,0.105,312.6,CMEMS,2026-09-10
23.75,-78.83333,-0.07978,0.10657,0.1331,323.2,CMEMS,2026-09-10
23.75,-78.75,-0.07026,0.08361,0.1092,320.0,CMEMS,2026-09-10
23.75,-78.66666,-0.07568,0.07904,0.1094,316.2,CMEMS,2026-09-10
23.75,-78.58333,-0.07964,0.08282,0.1149,316.1,CMEMS,2026-09-10
23.75,-78.5,-0.08146,0.08638,0.1187,316.7,CMEMS,2026-09-10
23.75,-78.41666,-0.08154,0.08622,0.1187,316.6,CMEMS,2026-09-10
23.75,-78.33333,-0.08228,0.08602,0.119,316.3,CMEMS,2026-09-10
23.75,-78.25,-0.08475,0.08551,0.1204,315.3,CMEMS,2026-09-10
23.75,-78.16666,-0.08916,0.08506,0.1232,313.7,CMEMS,2026-09-10
23.75,-78.08333,-0.09709,0.08168,0.1269,310.1,CMEMS,2026-09-10
23.75,-78.0,-0.1008,0.05064,0.1128,296.7,CMEMS,2026-09-10
23.75,-77.91666,-0.1019,0.07302,0.1254,305.6,CMEMS,2026-09-10
23.75,-77.83333,-0.11389,0.07111,0.1343,302.0,CMEMS,2026-09-10
23.75,-77.5,-0.01678,0.07468,0.0765,347.3,CMEMS,2026-09-10
23.75,-77.41666,-0.00513,0.09565,0.0958,356.9,CMEMS,2026-09-10
23.75,-77.33333,0.01129,-0.02694,0.0292,157.3,CMEMS,2026-09-10
23.75,-77.25,0.0174,-0.02128,0.0275,140.7,CMEMS,2026-09-10
23.75,-77.16666,-0.00397,0.03197,0.0322,352.9,CMEMS,2026-09-10
23.75,-77.08333,-0.02601,0.07468,0.0791,340.8,CMEMS,2026-09-10
23.75,-77.0,-0.03478,0.09967,0.1056,340.8,CMEMS,2026-09-10
23.75,-76.91666,-0.03684,0.10952,0.1156,341.4,CMEMS,2026-09-10
23.75,-76.83333,-0.04095,0.11957,0.1264,341.1,CMEMS,2026-09-10
23.75,-76.75,-0.04189,0.13291,0.1394,342.5,CMEMS,2026-09-10
23.75,-76.66666,-0.03995,0.14087,0.1464,344.2,CMEMS,2026-09-10
23.75,-76.58333,-0.02649,0.08544,0.0895,342.8,CMEMS,2026-09-10
23.75,-76.5,-0.03733,0.0536,0.0653,325.1,CMEMS,2026-09-10
23.75,-76.41666,-0.06421,0.10142,0.12,327.7,CMEMS,2026-09-10
23.75,-76.33333,-0.05931,0.11499,0.1294,332.7,CMEMS,2026-09-10
23.75,-76.16666,-0.02805,0.06305,0.069,336.0,CMEMS,2026-09-10
23.83334,-83.08333,0.78187,0.03744,0.7828,87.3,CMEMS,2026-09-10
23.83334,-83.0,0.78107,0.09404,0.7867,83.1,CMEMS,2026-09-10
23.83334,-82.91666,0.77987,0.14377,0.793,79.6,CMEMS,2026-09-10
23.83334,-82.83333,0.78003,0.18325,0.8013,76.8,CMEMS,2026-09-10
23.83334,-82.75,0.78283,0.21171,0.8109,74.9,CMEMS,2026-09-10
23.83334,-82.66666,0.78861,0.22912,0.8212,73.8,CMEMS,2026-09-10
23.83334,-82.58333,0.79704,0.23663,0.8314,73.5,CMEMS,2026-09-10
23.83334,-82.5,0.80707,0.23624,0.8409,73.7,CMEMS,2026-09-10
23.83334,-82.41666,0.81792,0.23074,0.8498,74.2,CMEMS,2026-09-10
23.83334,-82.33333,0.82933,0.2242,0.8591,74.9,CMEMS,2026-09-10
23.83334,-82.25,0.84088,0.21887,0.8689,75.4,CMEMS,2026-09-10
23.83334,-82.16666,0.85196,0.21486,0.8786,75.8,CMEMS,2026-09-10
23.83334,-82.08333,0.86117,0.21334,0.8872,76.1,CMEMS,2026-09-10
23.83334,-82.0,0.86837,0.21603,0.8948,76.0,CMEMS,2026-09-10
23.83334,-81.91666,0.87389,0.22539,0.9025,75.5,CMEMS,2026-09-10
23.83334,-81.83333,0.87677,0.24294,0.9098,74.5,CMEMS,2026-09-10
23.83334,-81.75,0.87694,0.26679,0.9166,73.1,CMEMS,2026-09-10
23.83334,-81.66666,0.87471,0.29376,0.9227,71.4,CMEMS,2026-09-10
23.83334,-81.58333,0.86952,0.32165,0.9271,69.7,CMEMS,2026-09-10
23.83334,-81.5,0.85924,0.35154,0.9284,67.7,CMEMS,2026-09-10
23.83334,-81.41666,0.84415,0.3802,0.9258,65.8,CMEMS,2026-09-10
23.83334,-81.33333,0.82491,0.40841,0.9205,63.7,CMEMS,2026-09-10
23.83334,-81.25,0.80333,0.43153,0.9119,61.8,CMEMS,2026-09-10
23.83334,-81.16666,0.77755,0.44634,0.8965,60.1,CMEMS,2026-09-10
23.83334,-81.08333,0.74501,0.45769,0.8744,58.4,CMEMS,2026-09-10
23.83334,-81.0,0.70442,0.46864,0.8461,56.4,CMEMS,2026-09-10
23.83334,-80.91666,0.65239,0.47455,0.8067,54.0,CMEMS,2026-09-10
23.83334,-80.83333,0.58394,0.46254,0.7449,51.6,CMEMS,2026-09-10
23.83334,-80.75,0.49088,0.42692,0.6506,49.0,CMEMS,2026-09-10
23.83334,-80.66666,0.36992,0.35841,0.5151,45.9,CMEMS,2026-09-10
23.83334,-80.58333,0.22072,0.24601,0.3305,41.9,CMEMS,2026-09-10
23.83334,-80.5,0.12011,0.06025,0.1344,63.4,CMEMS,2026-09-10
23.83334,-80.41666,0.08903,0.05541,0.1049,58.1,CMEMS,2026-09-10
23.83334,-80.33333,0.04668,0.086,0.0979,28.5,CMEMS,2026-09-10
23.83334,-80.25,-0.00035,0.09194,0.0919,359.8,CMEMS,2026-09-10
23.83334,-80.16666,-0.02107,0.09755,0.0998,347.8,CMEMS,2026-09-10
23.83334,-80.08333,-0.03065,0.09363,0.0985,341.9,CMEMS,2026-09-10
23.83334,-80.0,-0.04106,0.09171,0.1005,335.9,CMEMS,2026-09-10
23.83334,-79.91666,-0.04603,0.1034,0.1132,336.0,CMEMS,2026-09-10
23.83334,-79.83333,-0.04376,0.09053,0.1006,334.2,CMEMS,2026-09-10
23.83334,-79.75,-0.04674,0.09897,0.1094,334.7,CMEMS,2026-09-10
23.83334,-79.66666,0.00364,0.02564,0.0259,8.1,CMEMS,2026-09-10
23.83334,-79.58333,0.09188,-0.03452,0.0982,110.6,CMEMS,2026-09-10
23.83334,-79.5,0.13567,-0.00901,0.136,93.8,CMEMS,2026-09-10
23.83334,-79.41666,0.13998,0.04835,0.1481,70.9,CMEMS,2026-09-10
23.83334,-79.33333,0.11313,0.09575,0.1482,49.8,CMEMS,2026-09-10
23.83334,-79.25,0.05919,0.13288,0.1455,24.0,CMEMS,2026-09-10
23.83334,-79.16666,-0.01271,0.1376,0.1382,354.7,CMEMS,2026-09-10
23.83334,-79.08333,-0.04777,0.08428,0.0969,330.5,CMEMS,2026-09-10
23.83334,-79.0,-0.05272,0.06028,0.0801,318.8,CMEMS,2026-09-10
23.83334,-78.91666,-0.07532,0.05119,0.0911,304.2,CMEMS,2026-09-10
23.83334,-78.83333,-0.08542,0.08106,0.1178,313.5,CMEMS,2026-09-10
23.83334,-78.75,-0.07964,0.08119,0.1137,315.6,CMEMS,2026-09-10
23.83334,-78.66666,-0.07903,0.08055,0.1128,315.5,CMEMS,2026-09-10
23.83334,-78.58333,-0.0799,0.08474,0.1165,316.7,CMEMS,2026-09-10
23.83334,-78.5,-0.0791,0.08796,0.1183,318.0,CMEMS,2026-09-10
23.83334,-78.41666,-0.07686,0.08717,0.1162,318.6,CMEMS,2026-09-10
23.83334,-78.33333,-0.07588,0.08761,0.1159,319.1,CMEMS,2026-09-10
23.83334,-78.25,-0.07718,0.08917,0.1179,319.1,CMEMS,2026-09-10
23.83334,-78.16666,-0.07999,0.09115,0.1213,318.7,CMEMS,2026-09-10
23.83334,-78.08333,-0.08442,0.09433,0.1266,318.2,CMEMS,2026-09-10
23.83334,-78.0,-0.0883,0.10257,0.1353,319.3,CMEMS,2026-09-10
23.83334,-77.91666,-0.09573,0.08099,0.1254,310.2,CMEMS,2026-09-10
23.83334,-77.5,-0.0064,0.06379,0.0641,354.3,CMEMS,2026-09-10
23.83334,-77.41666,-0.00587,0.00736,0.0094,321.5,CMEMS,2026-09-10
23.83334,-77.33333,-0.00975,-0.02856,0.0302,198.8,CMEMS,2026-09-10
23.83334,-77.25,-0.02315,0.00981,0.0251,293.0,CMEMS,2026-09-10
23.83334,-77.16666,-0.04949,0.07673,0.0913,327.2,CMEMS,2026-09-10
23.83334,-77.08333,-0.06517,0.09954,0.119,326.8,CMEMS,2026-09-10
23.83334,-77.0,-0.06556,0.11038,0.1284,329.3,CMEMS,2026-09-10
23.83334,-76.91666,-0.06698,0.11868,0.1363,330.6,CMEMS,2026-09-10
23.83334,-76.83333,-0.07313,0.12341,0.1434,329.4,CMEMS,2026-09-10
23.83334,-76.75,-0.06528,0.11865,0.1354,331.2,CMEMS,2026-09-10
23.83334,-76.66666,-0.04199,0.12515,0.132,341.5,CMEMS,2026-09-10
23.83334,-76.58333,-0.0271,0.09917,0.1028,344.7,CMEMS,2026-09-10
23.83334,-76.5,-0.03627,0.09811,0.1046,339.7,CMEMS,2026-09-10
23.83334,-76.41666,-0.04551,0.10567,0.1151,336.7,CMEMS,2026-09-10
23.83334,-76.33333,-0.0432,0.07955,0.0905,331.5,CMEMS,2026-09-10
23.83334,-76.25,-0.02518,0.06506,0.0698,338.8,CMEMS,2026-09-10
23.83334,-76.16666,0.00958,0.05406,0.0549,10.0,CMEMS,2026-09-10
23.91667,-83.08333,0.71292,0.02725,0.7134,87.8,CMEMS,2026-09-10
23.91667,-83.0,0.70865,0.08571,0.7138,83.1,CMEMS,2026-09-10
23.91667,-82.91666,0.70864,0.13718,0.7218,79.0,CMEMS,2026-09-10
23.91667,-82.83333,0.71465,0.17805,0.7365,76.0,CMEMS,2026-09-10
23.91667,-82.75,0.72629,0.20649,0.7551,74.1,CMEMS,2026-09-10
23.91667,-82.66666,0.74132,0.22239,0.774,73.3,CMEMS,2026-09-10
23.91667,-82.58333,0.75825,0.2269,0.7915,73.3,CMEMS,2026-09-10
23.91667,-82.5,0.77664,0.22331,0.8081,74.0,CMEMS,2026-09-10
23.91667,-82.41666,0.79556,0.21606,0.8244,74.8,CMEMS,2026-09-10
23.91667,-82.33333,0.81391,0.20809,0.8401,75.7,CMEMS,2026-09-10
23.91667,-82.25,0.83113,0.20086,0.8551,76.4,CMEMS,2026-09-10
23.91667,-82.16666,0.84704,0.19548,0.8693,77.0,CMEMS,2026-09-10
23.91667,-82.08333,0.86121,0.19515,0.883,77.2,CMEMS,2026-09-10
23.91667,-82.0,0.87424,0.20163,0.8972,77.0,CMEMS,2026-09-10
23.91667,-81.91666,0.88663,0.21482,0.9123,76.4,CMEMS,2026-09-10
23.91667,-81.83333,0.89697,0.23568,0.9274,75.3,CMEMS,2026-09-10
23.91667,-81.75,0.90414,0.26378,0.9418,73.7,CMEMS,2026-09-10
23.91667,-81.66666,0.90803,0.29767,0.9556,71.8,CMEMS,2026-09-10
23.91667,-81.58333,0.90939,0.33413,0.9688,69.8,CMEMS,2026-09-10
23.91667,-81.5,0.90645,0.37006,0.9791,67.8,CMEMS,2026-09-10
23.91667,-81.41666,0.89609,0.4059,0.9837,65.6,CMEMS,2026-09-10
23.91667,-81.33333,0.87893,0.43678,0.9815,63.6,CMEMS,2026-09-10
23.91667,-81.25,0.85755,0.46673,0.9763,61.4,CMEMS,2026-09-10
23.91667,-81.16666,0.83083,0.48943,0.9643,59.5,CMEMS,2026-09-10
23.91667,-81.08333,0.8005,0.50229,0.945,57.9,CMEMS,2026-09-10
23.91667,-81.0,0.76647,0.51142,0.9214,56.3,CMEMS,2026-09-10
23.91667,-80.91666,0.72802,0.51857,0.8938,54.5,CMEMS,2026-09-10
23.91667,-80.83333,0.68025,0.5253,0.8595,52.3,CMEMS,2026-09-10
23.91667,-80.75,0.60852,0.52643,0.8046,49.1,CMEMS,2026-09-10
23.91667,-80.66666,0.49882,0.5031,0.7085,44.8,CMEMS,2026-09-10
23.91667,-80.58333,0.35963,0.43553,0.5648,39.5,CMEMS,2026-09-10
23.91667,-80.5,0.18498,0.29793,0.3507,31.8,CMEMS,2026-09-10
23.91667,-80.41666,0.04785,0.12468,0.1335,21.0,CMEMS,2026-09-10
23.91667,-80.33333,0.01001,0.12633,0.1267,4.5,CMEMS,2026-09-10
23.91667,-80.25,-0.00112,0.11737,0.1174,359.5,CMEMS,2026-09-10
23.91667,-80.16666,-0.02063,0.105,0.107,348.9,CMEMS,2026-09-10
23.91667,-80.08333,-0.03192,0.10179,0.1067,342.6,CMEMS,2026-09-10
23.91667,-80.0,-0.0414,0.09603,0.1046,336.7,CMEMS,2026-09-10
23.91667,-79.91666,-0.05496,0.09939,0.1136,331.1,CMEMS,2026-09-10
23.91667,-79.83333,-0.06571,0.08841,0.1102,323.4,CMEMS,2026-09-10
23.91667,-79.75,-0.04274,0.09448,0.1037,335.7,CMEMS,2026-09-10
23.91667,-79.66666,0.0275,-0.07168,0.0768,159.0,CMEMS,2026-09-10
23.91667,-79.58333,0.09295,-0.11479,0.1477,141.0,CMEMS,2026-09-10
23.91667,-79.5,0.1169,-0.03006,0.1207,104.4,CMEMS,2026-09-10
23.91667,-79.41666,0.10421,0.07444,0.1281,54.5,CMEMS,2026-09-10
23.91667,-79.33333,0.07321,0.15009,0.167,26.0,CMEMS,2026-09-10
23.91667,-79.25,0.03254,0.20383,0.2064,9.1,CMEMS,2026-09-10
23.91667,-79.16666,-0.02539,0.21094,0.2125,353.1,CMEMS,2026-09-10
23.91667,-79.08333,-0.05638,0.09075,0.1068,328.2,CMEMS,2026-09-10
23.91667,-79.0,-0.05923,0.08194,0.1011,324.1,CMEMS,2026-09-10
23.91667,-78.91666,-0.07286,0.07465,0.1043,315.7,CMEMS,2026-09-10
23.91667,-78.83333,-0.08038,0.07719,0.1114,313.8,CMEMS,2026-09-10
23.91667,-78.75,-0.08059,0.07802,0.1122,314.1,CMEMS,2026-09-10
23.91667,-78.66666,-0.07943,0.07913,0.1121,314.9,CMEMS,2026-09-10
23.91667,-78.58333,-0.07879,0.08305,0.1145,316.5,CMEMS,2026-09-10
23.91667,-78.5,-0.07752,0.08638,0.1161,318.1,CMEMS,2026-09-10
23.91667,-78.41666,-0.0752,0.08644,0.1146,319.0,CMEMS,2026-09-10
23.91667,-78.33333,-0.07327,0.08752,0.1141,320.1,CMEMS,2026-09-10
23.91667,-78.25,-0.07136,0.09029,0.1151,321.7,CMEMS,2026-09-10
23.91667,-78.16666,-0.06763,0.09236,0.1145,323.8,CMEMS,2026-09-10
23.91667,-78.08333,-0.06074,0.09458,0.1124,327.3,CMEMS,2026-09-10
23.91667,-78.0,-0.06032,0.09708,0.1143,328.1,CMEMS,2026-09-10
23.91667,-77.91666,-0.07166,0.07058,0.1006,314.6,CMEMS,2026-09-10
23.91667,-77.5,-0.01963,0.06942,0.0721,344.2,CMEMS,2026-09-10
23.91667,-77.41666,-0.02865,0.02932,0.041,315.7,CMEMS,2026-09-10
23.91667,-77.33333,-0.04817,-0.01923,0.0519,248.2,CMEMS,2026-09-10
23.91667,-77.25,-0.07239,0.03919,0.0823,298.4,CMEMS,2026-09-10
23.91667,-77.16666,-0.06858,0.09945,0.1208,325.4,CMEMS,2026-09-10
23.91667,-77.08333,-0.03412,0.10223,0.1078,341.5,CMEMS,2026-09-10
23.91667,-77.0,-0.02885,0.11859,0.1221,346.3,CMEMS,2026-09-10
23.91667,-76.91666,-0.05128,0.13273,0.1423,338.9,CMEMS,2026-09-10
23.91667,-76.83333,-0.06912,0.13314,0.15,332.6,CMEMS,2026-09-10
23.91667,-76.75,-0.05982,0.09735,0.1143,328.4,CMEMS,2026-09-10
23.91667,-76.66666,-0.03124,0.10417,0.1087,343.3,CMEMS,2026-09-10
23.91667,-76.58333,-0.02322,0.09881,0.1015,346.8,CMEMS,2026-09-10
23.91667,-76.5,-0.02996,0.09354,0.0982,342.2,CMEMS,2026-09-10
23.91667,-76.41666,-0.02212,0.09172,0.0943,346.4,CMEMS,2026-09-10
23.91667,-76.33333,-0.0246,0.08978,0.0931,344.7,CMEMS,2026-09-10
23.91667,-76.25,-0.00227,0.03502,0.0351,356.3,CMEMS,2026-09-10
23.91667,-76.16666,0.06694,0.01169,0.0679,80.1,CMEMS,2026-09-10
24.0,-83.08333,0.60439,0.02494,0.6049,87.6,CMEMS,2026-09-10
24.0,-83.0,0.59625,0.08276,0.602,82.1,CMEMS,2026-09-10
24.0,-82.91666,0.59647,0.13196,0.6109,77.5,CMEMS,2026-09-10
24.0,-82.83333,0.60521,0.16931,0.6284,74.4,CMEMS,2026-09-10
24.0,-82.75,0.62142,0.19311,0.6507,72.7,CMEMS,2026-09-10
24.0,-82.66666,0.64346,0.20409,0.6751,72.4,CMEMS,2026-09-10
24.0,-82.58333,0.66859,0.20507,0.6993,72.9,CMEMS,2026-09-10
24.0,-82.5,0.69365,0.19908,0.7217,74.0,CMEMS,2026-09-10
24.0,-82.41666,0.71719,0.18872,0.7416,75.3,CMEMS,2026-09-10
24.0,-82.33333,0.73917,0.17765,0.7602,76.5,CMEMS,2026-09-10
24.0,-82.25,0.75949,0.16851,0.778,77.5,CMEMS,2026-09-10
24.0,-82.16666,0.77781,0.16299,0.7947,78.2,CMEMS,2026-09-10
24.0,-82.08333,0.79427,0.16312,0.8108,78.4,CMEMS,2026-09-10
24.0,-82.0,0.80953,0.17045,0.8273,78.1,CMEMS,2026-09-10
24.0,-81.91666,0.82526,0.18496,0.8457,77.4,CMEMS,2026-09-10
24.0,-81.83333,0.84178,0.20741,0.867,76.2,CMEMS,2026-09-10
24.0,-81.75,0.85816,0.2378,0.8905,74.5,CMEMS,2026-09-10
24.0,-81.66666,0.87359,0.27634,0.9163,72.4,CMEMS,2026-09-10
24.0,-81.58333,0.88679,0.31966,0.9426,70.2,CMEMS,2026-09-10
24.0,-81.5,0.89695,0.36449,0.9682,67.9,CMEMS,2026-09-10
24.0,-81.41666,0.90282,0.40961,0.9914,65.6,CMEMS,2026-09-10
24.0,-81.33333,0.90161,0.45192,1.0085,63.4,CMEMS,2026-09-10
24.0,-81.25,0.89481,0.48938,1.0199,61.3,CMEMS,2026-09-10
24.0,-81.16666,0.8784,0.52257,1.0221,59.3,CMEMS,2026-09-10
24.0,-81.08333,0.85212,0.54414,1.011,57.4,CMEMS,2026-09-10
24.0,-81.0,0.82061,0.5572,0.9919,55.8,CMEMS,2026-09-10
24.0,-80.91666,0.78307,0.56456,0.9654,54.2,CMEMS,2026-09-10
24.0,-80.83333,0.7413,0.5717,0.9361,52.4,CMEMS,2026-09-10
24.0,-80.75,0.69264,0.58379,0.9059,49.9,CMEMS,2026-09-10
24.0,-80.66666,0.61298,0.6132,0.867,45.0,CMEMS,2026-09-10
24.0,-80.58333,0.53089,0.60213,0.8027,41.4,CMEMS,2026-09-10
24.0,-80.5,0.47511,0.63015,0.7892,37.0,CMEMS,2026-09-10
24.0,-80.41666,0.2694,0.26828,0.3802,45.1,CMEMS,2026-09-10
24.0,-80.33333,0.03355,0.16273,0.1661,11.7,CMEMS,2026-09-10
24.0,-80.25,-0.02327,0.11719,0.1195,348.8,CMEMS,2026-09-10
24.0,-80.16666,-0.03076,0.1068,0.1111,343.9,CMEMS,2026-09-10
24.0,-80.08333,-0.03915,0.10862,0.1155,340.2,CMEMS,2026-09-10
24.0,-80.0,-0.04441,0.09864,0.1082,335.8,CMEMS,2026-09-10
24.0,-79.91666,-0.09027,0.11053,0.1427,320.8,CMEMS,2026-09-10
24.0,-79.83333,-0.14292,0.11086,0.1809,307.8,CMEMS,2026-09-10
24.0,-79.75,-0.08706,0.02081,0.0895,283.4,CMEMS,2026-09-10
24.0,-79.66666,0.00131,-0.15274,0.1527,179.5,CMEMS,2026-09-10
24.0,-79.58333,0.03764,-0.16576,0.17,167.2,CMEMS,2026-09-10
24.0,-79.5,0.04633,-0.02979,0.0551,122.7,CMEMS,2026-09-10
24.0,-79.41666,0.03009,0.11207,0.116,15.0,CMEMS,2026-09-10
24.0,-79.33333,0.01052,0.19934,0.1996,3.0,CMEMS,2026-09-10
24.0,-79.25,-0.00562,0.25139,0.2515,358.7,CMEMS,2026-09-10
24.0,-79.16666,-0.00927,0.24864,0.2488,357.9,CMEMS,2026-09-10
24.0,-79.08333,-0.01736,0.08164,0.0835,348.0,CMEMS,2026-09-10
24.0,-79.0,-0.05613,0.07466,0.0934,323.1,CMEMS,2026-09-10
24.0,-78.91666,-0.08296,0.08289,0.1173,315.0,CMEMS,2026-09-10
24.0,-78.83333,-0.08173,0.07909,0.1137,314.1,CMEMS,2026-09-10
24.0,-78.75,-0.0809,0.07724,0.1118,313.7,CMEMS,2026-09-10
24.0,-78.66666,-0.07921,0.07685,0.1104,314.1,CMEMS,2026-09-10
24.0,-78.58333,-0.07868,0.08154,0.1133,316.0,CMEMS,2026-09-10
24.0,-78.5,-0.07819,0.08464,0.1152,317.3,CMEMS,2026-09-10
24.0,-78.41666,-0.07571,0.08507,0.1139,318.3,CMEMS,2026-09-10
24.0,-78.33333,-0.07253,0.08506,0.1118,319.5,CMEMS,2026-09-10
24.0,-78.25,-0.06844,0.08673,0.1105,321.7,CMEMS,2026-09-10
24.0,-78.16666,-0.06159,0.08508,0.105,324.1,CMEMS,2026-09-10
24.0,-78.08333,-0.05463,0.08391,0.1001,326.9,CMEMS,2026-09-10
24.0,-78.0,-0.05241,0.08074,0.0963,327.0,CMEMS,2026-09-10
24.0,-77.91666,-0.05567,0.08218,0.0993,325.9,CMEMS,2026-09-10
24.0,-77.5,-0.03014,0.08906,0.094,341.3,CMEMS,2026-09-10
24.0,-77.41666,-0.03842,0.05561,0.0676,325.4,CMEMS,2026-09-10
24.0,-77.33333,-0.05013,0.00631,0.0505,277.2,CMEMS,2026-09-10
24.0,-77.25,-0.06119,0.05488,0.0822,311.9,CMEMS,2026-09-10
24.0,-77.16666,-0.06022,0.0959,0.1132,327.9,CMEMS,2026-09-10
24.0,-77.08333,-0.04646,0.09575,0.1064,334.1,CMEMS,2026-09-10
24.0,-77.0,-0.02843,0.13277,0.1358,347.9,CMEMS,2026-09-10
24.0,-76.91666,-0.02403,0.1497,0.1516,350.9,CMEMS,2026-09-10
24.0,-76.83333,-0.04449,0.13417,0.1413,341.7,CMEMS,2026-09-10
24.0,-76.75,-0.05393,0.09504,0.1093,330.4,CMEMS,2026-09-10
24.0,-76.66666,-0.04794,0.08664,0.099,331.0,CMEMS,2026-09-10
24.0,-76.58333,-0.04777,0.08045,0.0936,329.3,CMEMS,2026-09-10
24.0,-76.5,-0.02769,0.0971,0.101,344.1,CMEMS,2026-09-10
24.0,-76.41666,-0.00598,0.11484,0.115,357.0,CMEMS,2026-09-10
24.0,-76.33333,0.02391,0.08658,0.0898,15.4,CMEMS,2026-09-10
24.0,-76.25,0.0707,-0.02781,0.076,111.5,CMEMS,2026-09-10
24.0,-76.16666,0.10694,-0.06401,0.1246,120.9,CMEMS,2026-09-10
24.08334,-83.08333,0.4887,0.03916,0.4903,85.4,CMEMS,2026-09-10
24.08334,-83.0,0.47719,0.09296,0.4862,79.0,CMEMS,2026-09-10
24.08334,-82.91666,0.47673,0.13355,0.4951,74.4,CMEMS,2026-09-10
24.08334,-82.83333,0.48612,0.1605,0.5119,71.7,CMEMS,2026-09-10
24.08334,-82.75,0.50354,0.17511,0.5331,70.8,CMEMS,2026-09-10
24.08334,-82.66666,0.52704,0.17972,0.5568,71.2,CMEMS,2026-09-10
24.08334,-82.58333,0.55482,0.17605,0.5821,72.4,CMEMS,2026-09-10
24.08334,-82.5,0.58428,0.16687,0.6076,74.1,CMEMS,2026-09-10
24.08334,-82.41666,0.61189,0.15416,0.631,75.9,CMEMS,2026-09-10
24.08334,-82.33333,0.63474,0.14144,0.6503,77.4,CMEMS,2026-09-10
24.08334,-82.25,0.65262,0.1309,0.6656,78.7,CMEMS,2026-09-10
24.08334,-82.16666,0.66767,0.1246,0.6792,79.4,CMEMS,2026-09-10
24.08334,-82.08333,0.68189,0.12425,0.6931,79.7,CMEMS,2026-09-10
24.08334,-82.0,0.69617,0.13118,0.7084,79.3,CMEMS,2026-09-10
24.08334,-81.91666,0.71156,0.14687,0.7266,78.3,CMEMS,2026-09-10
24.08334,-81.83333,0.72977,0.17147,0.7496,76.8,CMEMS,2026-09-10
24.08334,-81.75,0.75092,0.2045,0.7783,74.8,CMEMS,2026-09-10
24.08334,-81.66666,0.77434,0.24497,0.8122,72.4,CMEMS,2026-09-10
24.08334,-81.58333,0.79868,0.29122,0.8501,70.0,CMEMS,2026-09-10
24.08334,-81.5,0.82224,0.34082,0.8901,67.5,CMEMS,2026-09-10
24.08334,-81.41666,0.84534,0.39179,0.9317,65.1,CMEMS,2026-09-10
24.08334,-81.33333,0.86503,0.44408,0.9724,62.8,CMEMS,2026-09-10
24.08334,-81.25,0.87925,0.49279,1.0079,60.7,CMEMS,2026-09-10
24.08334,-81.16666,0.88391,0.53558,1.0335,58.8,CMEMS,2026-09-10
24.08334,-81.08333,0.87405,0.57013,1.0436,56.9,CMEMS,2026-09-10
24.08334,-81.0,0.85469,0.59353,1.0406,55.2,CMEMS,2026-09-10
24.08334,-80.91666,0.82783,0.60607,1.026,53.8,CMEMS,2026-09-10
24.08334,-80.83333,0.78815,0.61821,1.0017,51.9,CMEMS,2026-09-10
24.08334,-80.75,0.75214,0.62484,0.9778,50.3,CMEMS,2026-09-10
24.08334,-80.66666,0.70101,0.67317,0.9719,46.2,CMEMS,2026-09-10
24.08334,-80.58333,0.64697,0.6971,0.9511,42.9,CMEMS,2026-09-10
24.08334,-80.5,0.64625,0.74355,0.9851,41.0,CMEMS,2026-09-10
24.08334,-80.41666,0.53274,0.52758,0.7498,45.3,CMEMS,2026-09-10
24.08334,-80.33333,0.24812,0.3421,0.4226,36.0,CMEMS,2026-09-10
24.08334,-80.25,0.02849,0.18558,0.1877,8.7,CMEMS,2026-09-10
24.08334,-80.16666,-0.02608,0.13411,0.1366,349.0,CMEMS,2026-09-10
24.08334,-80.08333,-0.03313,0.12271,0.1271,344.9,CMEMS,2026-09-10
24.08334,-80.0,-0.04703,0.08885,0.1005,332.1,CMEMS,2026-09-10
24.08334,-79.91666,-0.10283,0.169,0.1978,328.7,CMEMS,2026-09-10
24.08334,-79.83333,-0.16318,0.17081,0.2362,316.3,CMEMS,2026-09-10
24.08334,-79.75,-0.14028,-0.07007,0.1568,243.5,CMEMS,2026-09-10
24.08334,-79.66666,-0.09321,-0.19781,0.2187,205.2,CMEMS,2026-09-10
24.08334,-79.58333,-0.05668,-0.19765,0.2056,196.0,CMEMS,2026-09-10
24.08334,-79.5,-0.0333,-0.03678,0.0496,222.2,CMEMS,2026-09-10
24.08334,-79.41666,-0.03066,0.13824,0.1416,347.5,CMEMS,2026-09-10
24.08334,-79.33333,-0.04015,0.2294,0.2329,350.1,CMEMS,2026-09-10
24.08334,-79.25,-0.04464,0.2749,0.2785,350.8,CMEMS,2026-09-10
24.08334,-79.16666,-0.02853,0.24614,0.2478,353.4,CMEMS,2026-09-10
24.08334,-79.08333,-0.02515,0.07604,0.0801,341.7,CMEMS,2026-09-10
24.08334,-79.0,-0.06419,0.04543,0.0786,305.3,CMEMS,2026-09-10
24.08334,-78.91666,-0.08824,0.07507,0.1158,310.4,CMEMS,2026-09-10
24.08334,-78.83333,-0.08406,0.07609,0.1134,312.2,CMEMS,2026-09-10
24.08334,-78.75,-0.08137,0.07522,0.1108,312.8,CMEMS,2026-09-10
24.08334,-78.66666,-0.08221,0.07444,0.1109,312.2,CMEMS,2026-09-10
24.08334,-78.58333,-0.08391,0.07384,0.1118,311.3,CMEMS,2026-09-10
24.08334,-78.5,-0.08046,0.08043,0.1138,315.0,CMEMS,2026-09-10
24.08334,-78.41666,-0.0745,0.08066,0.1098,317.3,CMEMS,2026-09-10
24.08334,-78.33333,-0.06823,0.07916,0.1045,319.2,CMEMS,2026-09-10
24.08334,-78.25,-0.06701,0.07931,0.1038,319.8,CMEMS,2026-09-10
24.08334,-78.16666,-0.06266,0.07352,0.0966,319.6,CMEMS,2026-09-10
24.08334,-78.08333,-0.05886,0.07139,0.0925,320.5,CMEMS,2026-09-10
24.08334,-78.0,-0.06181,0.08163,0.1024,322.9,CMEMS,2026-09-10
24.08334,-77.5,-0.02907,0.0918,0.0963,342.4,CMEMS,2026-09-10
24.08334,-77.41666,-0.02781,0.0724,0.0776,339.0,CMEMS,2026-09-10
24.08334,-77.33333,-0.03293,0.02721,0.0427,309.6,CMEMS,2026-09-10
24.08334,-77.25,-0.04924,0.04903,0.0695,314.9,CMEMS,2026-09-10
24.08334,-77.16666,-0.05804,0.08806,0.1055,326.6,CMEMS,2026-09-10
24.08334,-77.08333,-0.05729,0.08934,0.1061,327.3,CMEMS,2026-09-10
24.08334,-77.0,-0.02288,0.10729,0.1097,348.0,CMEMS,2026-09-10
24.08334,-76.91666,0.01652,0.15337,0.1543,6.1,CMEMS,2026-09-10
24.08334,-76.83333,0.01098,0.14132,0.1417,4.4,CMEMS,2026-09-10
24.08334,-76.75,-0.02052,0.09822,0.1003,348.2,CMEMS,2026-09-10
24.08334,-76.66666,-0.04052,0.07216,0.0828,330.7,CMEMS,2026-09-10
24.08334,-76.58333,-0.03223,0.08399,0.09,339.0,CMEMS,2026-09-10
24.08334,-76.5,-0.01698,0.10051,0.1019,350.4,CMEMS,2026-09-10
24.08334,-76.41666,-0.01397,0.09662,0.0976,351.8,CMEMS,2026-09-10
24.08334,-76.33333,0.02323,-0.01976,0.0305,130.4,CMEMS,2026-09-10
24.08334,-76.25,0.08256,-0.07555,0.1119,132.5,CMEMS,2026-09-10
24.08334,-76.16666,0.11072,-0.08938,0.1423,128.9,CMEMS,2026-09-10
24.16667,-83.08333,0.36711,0.06379,0.3726,80.1,CMEMS,2026-09-10
24.16667,-83.0,0.35392,0.10463,0.3691,73.5,CMEMS,2026-09-10
24.16667,-82.91666,0.35513,0.133,0.3792,69.5,CMEMS,2026-09-10
24.16667,-82.83333,0.36889,0.1489,0.3978,68.0,CMEMS,2026-09-10
24.16667,-82.75,0.39194,0.15324,0.4208,68.6,CMEMS,2026-09-10
24.16667,-82.66666,0.42068,0.15065,0.4468,70.3,CMEMS,2026-09-10
24.16667,-82.58333,0.45108,0.14239,0.473,72.5,CMEMS,2026-09-10
24.16667,-82.5,0.47846,0.12892,0.4955,74.9,CMEMS,2026-09-10
24.16667,-82.41666,0.50035,0.11347,0.5131,77.2,CMEMS,2026-09-10
24.16667,-82.33333,0.51841,0.10236,0.5284,78.8,CMEMS,2026-09-10
24.16667,-82.25,0.5354,0.09771,0.5442,79.7,CMEMS,2026-09-10
24.16667,-82.16666,0.55227,0.09909,0.5611,79.8,CMEMS,2026-09-10
24.16667,-82.08333,0.56856,0.10214,0.5777,79.8,CMEMS,2026-09-10
24.16667,-82.0,0.58367,0.10925,0.5938,79.4,CMEMS,2026-09-10
24.16667,-81.91666,0.59844,0.12328,0.611,78.4,CMEMS,2026-09-10
24.16667,-81.83333,0.6158,0.14616,0.6329,76.6,CMEMS,2026-09-10
24.16667,-81.75,0.63713,0.17669,0.6612,74.5,CMEMS,2026-09-10
24.16667,-81.66666,0.66209,0.21491,0.6961,72.0,CMEMS,2026-09-10
24.16667,-81.58333,0.69043,0.25941,0.7376,69.4,CMEMS,2026-09-10
24.16667,-81.5,0.72152,0.30943,0.7851,66.8,CMEMS,2026-09-10
24.16667,-81.41666,0.75607,0.36317,0.8388,64.3,CMEMS,2026-09-10
24.16667,-81.33333,0.79227,0.4206,0.897,62.0,CMEMS,2026-09-10
24.16667,-81.25,0.82736,0.47842,0.9557,60.0,CMEMS,2026-09-10
24.16667,-81.16666,0.85519,0.53208,1.0072,58.1,CMEMS,2026-09-10
24.16667,-81.08333,0.86923,0.57869,1.0442,56.3,CMEMS,2026-09-10
24.16667,-81.0,0.86804,0.61695,1.065,54.6,CMEMS,2026-09-10
24.16667,-80.91666,0.85918,0.63989,1.0713,53.3,CMEMS,2026-09-10
24.16667,-80.83333,0.83733,0.65946,1.0658,51.8,CMEMS,2026-09-10
24.16667,-80.75,0.80728,0.66422,1.0454,50.6,CMEMS,2026-09-10
24.16667,-80.66666,0.7724,0.69553,1.0394,48.0,CMEMS,2026-09-10
24.16667,-80.58333,0.73785,0.73318,1.0402,45.2,CMEMS,2026-09-10
24.16667,-80.5,0.73667,0.78008,1.0729,43.4,CMEMS,2026-09-10
24.16667,-80.41666,0.68501,0.69833,0.9782,44.4,CMEMS,2026-09-10
24.16667,-80.33333,0.49576,0.554,0.7434,41.8,CMEMS,2026-09-10
24.16667,-80.25,0.25538,0.38833,0.4648,33.3,CMEMS,2026-09-10
24.16667,-80.16666,0.08603,0.26093,0.2747,18.2,CMEMS,2026-09-10
24.16667,-80.08333,-0.00405,0.19732,0.1974,358.8,CMEMS,2026-09-10
24.16667,-80.0,-0.0498,0.14284,0.1513,340.8,CMEMS,2026-09-10
24.16667,-79.91666,-0.10984,0.21179,0.2386,332.6,CMEMS,2026-09-10
24.16667,-79.83333,-0.16119,0.1685,0.2332,316.3,CMEMS,2026-09-10
24.16667,-79.75,-0.16814,-0.0779,0.1853,245.1,CMEMS,2026-09-10
24.16667,-79.66666,-0.16609,-0.2217,0.277,216.8,CMEMS,2026-09-10
24.16667,-79.58333,-0.14636,-0.23452,0.2764,212.0,CMEMS,2026-09-10
24.16667,-79.5,-0.10876,-0.08393,0.1374,232.3,CMEMS,2026-09-10
24.16667,-79.41666,-0.07844,0.1347,0.1559,329.8,CMEMS,2026-09-10
24.16667,-79.33333,-0.07119,0.23447,0.245,343.1,CMEMS,2026-09-10
24.16667,-79.25,-0.06889,0.28015,0.2885,346.2,CMEMS,2026-09-10
24.16667,-79.16666,-0.05396,0.2326,0.2388,346.9,CMEMS,2026-09-10
24.16667,-79.08333,-0.04433,0.07343,0.0858,328.9,CMEMS,2026-09-10
24.16667,-79.0,-0.06538,0.05949,0.0884,312.3,CMEMS,2026-09-10
24.16667,-78.91666,-0.08299,0.06892,0.1079,309.7,CMEMS,2026-09-10
24.16667,-78.83333,-0.08289,0.0732,0.1106,311.4,CMEMS,2026-09-10
24.16667,-78.75,-0.08372,0.07435,0.112,311.6,CMEMS,2026-09-10
24.16667,-78.66666,-0.07845,0.07617,0.1093,314.2,CMEMS,2026-09-10
24.16667,-78.58333,-0.07633,0.06889,0.1028,312.1,CMEMS,2026-09-10
24.16667,-78.5,-0.07885,0.07348,0.1078,313.0,CMEMS,2026-09-10
24.16667,-78.41666,-0.07585,0.07402,0.106,314.3,CMEMS,2026-09-10
24.16667,-78.33333,-0.07391,0.07349,0.1042,314.8,CMEMS,2026-09-10
24.16667,-78.25,-0.07267,0.0737,0.1035,315.4,CMEMS,2026-09-10
24.16667,-78.16666,-0.07125,0.06562,0.0969,312.6,CMEMS,2026-09-10
24.16667,-78.08333,-0.07159,0.06295,0.0953,311.3,CMEMS,2026-09-10
24.16667,-78.0,-0.07238,0.06676,0.0985,312.7,CMEMS,2026-09-10
24.16667,-77.91666,-0.06356,0.07922,0.1016,321.3,CMEMS,2026-09-10
24.16667,-77.58333,-0.02972,0.05489,0.0624,331.6,CMEMS,2026-09-10
24.16667,-77.5,-0.01857,0.06958,0.072,345.1,CMEMS,2026-09-10
24.16667,-77.41666,0.00422,0.06846,0.0686,3.5,CMEMS,2026-09-10
24.16667,-77.33333,-0.00663,0.05728,0.0577,353.4,CMEMS,2026-09-10
24.16667,-77.25,-0.03505,0.05865,0.0683,329.1,CMEMS,2026-09-10
24.16667,-77.16666,-0.05529,0.08961,0.1053,328.3,CMEMS,2026-09-10
24.16667,-77.08333,-0.05718,0.09065,0.1072,327.8,CMEMS,2026-09-10
24.16667,-77.0,-0.04568,0.09398,0.1045,334.1,CMEMS,2026-09-10
24.16667,-76.91666,-0.01232,0.13718,0.1377,354.9,CMEMS,2026-09-10
24.16667,-76.83333,0.00925,0.13038,0.1307,4.1,CMEMS,2026-09-10
24.16667,-76.75,-0.00598,0.11956,0.1197,357.1,CMEMS,2026-09-10
24.16667,-76.66666,0.01142,0.04578,0.0472,14.0,CMEMS,2026-09-10
24.16667,-76.58333,0.04957,0.05692,0.0755,41.0,CMEMS,2026-09-10
24.16667,-76.5,0.03762,0.06482,0.0749,30.1,CMEMS,2026-09-10
24.16667,-76.41666,0.06483,0.00545,0.0651,85.2,CMEMS,2026-09-10
24.16667,-76.33333,0.11573,-0.08207,0.1419,125.3,CMEMS,2026-09-10
24.16667,-76.25,0.11883,-0.09225,0.1504,127.8,CMEMS,2026-09-10
24.16667,-76.16666,0.10921,-0.07658,0.1334,125.0,CMEMS,2026-09-10
24.25,-83.08333,0.23245,0.0881,0.2486,69.2,CMEMS,2026-09-10
24.25,-83.0,0.22701,0.11111,0.2527,63.9,CMEMS,2026-09-10
24.25,-82.91666,0.23792,0.12392,0.2683,62.5,CMEMS,2026-09-10
24.25,-82.83333,0.25849,0.12687,0.2879,63.9,CMEMS,2026-09-10
24.25,-82.75,0.28576,0.12279,0.311,66.7,CMEMS,2026-09-10
24.25,-82.66666,0.31596,0.11592,0.3366,69.9,CMEMS,2026-09-10
24.25,-82.58333,0.34291,0.10875,0.3597,72.4,CMEMS,2026-09-10
24.25,-82.5,0.36428,0.10599,0.3794,73.8,CMEMS,2026-09-10
24.25,-82.41666,0.38239,0.10397,0.3963,74.8,CMEMS,2026-09-10
24.25,-82.33333,0.39768,0.09456,0.4088,76.6,CMEMS,2026-09-10
24.25,-82.25,0.40933,0.08602,0.4183,78.1,CMEMS,2026-09-10
24.25,-82.16666,0.41735,0.0819,0.4253,78.9,CMEMS,2026-09-10
24.25,-82.08333,0.42209,0.08128,0.4298,79.1,CMEMS,2026-09-10
24.25,-82.0,0.42602,0.08506,0.4344,78.7,CMEMS,2026-09-10
24.25,-81.91666,0.43345,0.09431,0.4436,77.7,CMEMS,2026-09-10
24.25,-81.83333,0.4481,0.11104,0.4617,76.1,CMEMS,2026-09-10
24.25,-81.75,0.4695,0.13465,0.4884,74.0,CMEMS,2026-09-10
24.25,-81.66666,0.49505,0.16515,0.5219,71.6,CMEMS,2026-09-10
24.25,-81.58333,0.52557,0.20246,0.5632,68.9,CMEMS,2026-09-10
24.25,-81.5,0.56485,0.25119,0.6182,66.0,CMEMS,2026-09-10
24.25,-81.41666,0.61551,0.30696,0.6878,63.5,CMEMS,2026-09-10
24.25,-81.33333,0.67307,0.37059,0.7683,61.2,CMEMS,2026-09-10
24.25,-81.25,0.73276,0.43589,0.8526,59.3,CMEMS,2026-09-10
24.25,-81.16666,0.78653,0.50021,0.9321,57.5,CMEMS,2026-09-10
24.25,-81.08333,0.82895,0.55644,0.9984,56.1,CMEMS,2026-09-10
24.25,-81.0,0.85665,0.61419,1.0541,54.4,CMEMS,2026-09-10
24.25,-80.91666,0.87263,0.6565,1.092,53.0,CMEMS,2026-09-10
24.25,-80.83333,0.87018,0.68558,1.1078,51.8,CMEMS,2026-09-10
24.25,-80.75,0.85232,0.69738,1.1013,50.7,CMEMS,2026-09-10
24.25,-80.66666,0.83126,0.70676,1.0911,49.6,CMEMS,2026-09-10
24.25,-80.58333,0.80481,0.73325,1.0888,47.7,CMEMS,2026-09-10
24.25,-80.5,0.78859,0.77184,1.1035,45.6,CMEMS,2026-09-10
24.25,-80.41666,0.75693,0.76788,1.0782,44.6,CMEMS,2026-09-10
24.25,-80.33333,0.65523,0.71486,0.9697,42.5,CMEMS,2026-09-10
24.25,-80.25,0.48064,0.60905,0.7759,38.3,CMEMS,2026-09-10
24.25,-80.16666,0.27925,0.46298,0.5407,31.1,CMEMS,2026-09-10
24.25,-80.08333,0.10083,0.3472,0.3615,16.2,CMEMS,2026-09-10
24.25,-80.0,-0.01564,0.28339,0.2838,356.8,CMEMS,2026-09-10
24.25,-79.91666,-0.0664,0.27727,0.2851,346.5,CMEMS,2026-09-10
24.25,-79.83333,-0.10007,0.1862,0.2114,331.7,CMEMS,2026-09-10
24.25,-79.75,-0.14872,-0.03203,0.1521,257.8,CMEMS,2026-09-10
24.25,-79.66666,-0.19571,-0.1962,0.2771,224.9,CMEMS,2026-09-10
24.25,-79.58333,-0.21437,-0.25238,0.3311,220.3,CMEMS,2026-09-10
24.25,-79.5,-0.18346,-0.14658,0.2348,231.4,CMEMS,2026-09-10
24.25,-79.41666,-0.12753,0.08198,0.1516,302.7,CMEMS,2026-09-10
24.25,-79.33333,-0.09193,0.21234,0.2314,336.6,CMEMS,2026-09-10
24.25,-79.25,-0.07836,0.26439,0.2758,343.5,CMEMS,2026-09-10
24.25,-79.16666,-0.06454,0.21169,0.2213,343.0,CMEMS,2026-09-10
24.25,-79.08333,-0.05394,0.06696,0.086,321.1,CMEMS,2026-09-10
24.25,-79.0,-0.0629,0.06638,0.0914,316.5,CMEMS,2026-09-10
24.25,-78.91666,-0.07328,0.06839,0.1002,313.0,CMEMS,2026-09-10
24.25,-78.83333,-0.0748,0.07251,0.1042,314.1,CMEMS,2026-09-10
24.25,-78.75,-0.07522,0.07454,0.1059,314.7,CMEMS,2026-09-10
24.25,-78.66666,-0.07475,0.07591,0.1065,315.4,CMEMS,2026-09-10
24.25,-78.58333,-0.07621,0.0726,0.1053,313.6,CMEMS,2026-09-10
24.25,-78.5,-0.07959,0.07167,0.1071,312.0,CMEMS,2026-09-10
24.25,-78.41666,-0.08184,0.07097,0.1083,310.9,CMEMS,2026-09-10
24.25,-78.33333,-0.08343,0.07059,0.1093,310.2,CMEMS,2026-09-10
24.25,-78.25,-0.07833,0.0714,0.106,312.4,CMEMS,2026-09-10
24.25,-78.16666,-0.07217,0.06823,0.0993,313.4,CMEMS,2026-09-10
24.25,-78.08333,-0.07172,0.06472,0.0966,312.1,CMEMS,2026-09-10
24.25,-77.58333,-0.00169,0.05482,0.0548,358.2,CMEMS,2026-09-10
24.25,-77.5,0.01518,0.06174,0.0636,13.8,CMEMS,2026-09-10
24.25,-77.41666,0.00017,0.08025,0.0803,0.1,CMEMS,2026-09-10
24.25,-77.33333,-0.01411,0.08387,0.0851,350.4,CMEMS,2026-09-10
24.25,-77.25,-0.03621,0.07509,0.0834,334.3,CMEMS,2026-09-10
24.25,-77.16666,-0.05255,0.08831,0.1028,329.2,CMEMS,2026-09-10
24.25,-77.08333,-0.05212,0.09217,0.1059,330.5,CMEMS,2026-09-10
24.25,-77.0,-0.05195,0.09315,0.1067,330.9,CMEMS,2026-09-10
24.25,-76.91666,-0.01969,0.108,0.1098,349.7,CMEMS,2026-09-10
24.25,-76.83333,0.02721,0.12611,0.129,12.2,CMEMS,2026-09-10
24.25,-76.75,0.04454,0.12424,0.132,19.7,CMEMS,2026-09-10
24.25,-76.66666,0.05585,0.09569,0.1108,30.3,CMEMS,2026-09-10
24.25,-76.58333,0.0442,0.07498,0.087,30.5,CMEMS,2026-09-10
24.25,-76.5,0.04637,-0.00657,0.0468,98.1,CMEMS,2026-09-10
24.25,-76.41666,0.08709,-0.0548,0.1029,122.2,CMEMS,2026-09-10
24.25,-76.33333,0.09962,-0.07637,0.1255,127.5,CMEMS,2026-09-10
24.25,-76.25,0.09026,-0.07148,0.1151,128.4,CMEMS,2026-09-10
24.25,-76.16666,0.07646,-0.04554,0.089,120.8,CMEMS,2026-09-10
24.33334,-83.08333,0.12179,0.10593,0.1614,49.0,CMEMS,2026-09-10
24.33334,-83.0,0.12557,0.11001,0.1669,48.8,CMEMS,2026-09-10
24.33334,-82.91666,0.1394,0.11717,0.1821,50.0,CMEMS,2026-09-10
24.33334,-82.83333,0.16061,0.12268,0.2021,52.6,CMEMS,2026-09-10
24.33334,-82.75,0.18559,0.12576,0.2242,55.9,CMEMS,2026-09-10
24.33334,-82.66666,0.2092,0.11641,0.2394,60.9,CMEMS,2026-09-10
24.33334,-82.58333,0.22811,0.10145,0.2497,66.0,CMEMS,2026-09-10
24.33334,-82.5,0.24016,0.09266,0.2574,68.9,CMEMS,2026-09-10
24.33334,-82.41666,0.24322,0.0855,0.2578,70.6,CMEMS,2026-09-10
24.33334,-82.33333,0.23745,0.07901,0.2503,71.6,CMEMS,2026-09-10
24.33334,-82.25,0.2273,0.07512,0.2394,71.7,CMEMS,2026-09-10
24.33334,-82.16666,0.21797,0.07419,0.2302,71.2,CMEMS,2026-09-10
24.33334,-82.08333,0.21291,0.07598,0.2261,70.4,CMEMS,2026-09-10
24.33334,-82.0,0.2141,0.07973,0.2285,69.6,CMEMS,2026-09-10
24.33334,-81.91666,0.22378,0.07982,0.2376,70.4,CMEMS,2026-09-10
24.33334,-81.83333,0.24283,0.08209,0.2563,71.3,CMEMS,2026-09-10
24.33334,-81.75,0.26516,0.09354,0.2812,70.6,CMEMS,2026-09-10
24.33334,-81.66666,0.28781,0.11563,0.3102,68.1,CMEMS,2026-09-10
24.33334,-81.58333,0.32025,0.14277,0.3506,66.0,CMEMS,2026-09-10
24.33334,-81.5,0.36996,0.18103,0.4119,63.9,CMEMS,2026-09-10
24.33334,-81.41666,0.43754,0.22811,0.4934,62.5,CMEMS,2026-09-10
24.33334,-81.33333,0.51188,0.28096,0.5839,61.2,CMEMS,2026-09-10
24.33334,-81.25,0.58738,0.33968,0.6785,60.0,CMEMS,2026-09-10
24.33334,-81.16666,0.66086,0.40992,0.7777,58.2,CMEMS,2026-09-10
24.33334,-81.08333,0.73403,0.48636,0.8805,56.5,CMEMS,2026-09-10
24.33334,-81.0,0.80153,0.56233,0.9791,54.9,CMEMS,2026-09-10
24.33334,-80.91666,0.854,0.63316,1.0631,53.4,CMEMS,2026-09-10
24.33334,-80.83333,0.8828,0.68983,1.1204,52.0,CMEMS,2026-09-10
24.33334,-80.75,0.88216,0.72978,1.1449,50.4,CMEMS,2026-09-10
24.33334,-80.66666,0.8732,0.73912,1.144,49.8,CMEMS,2026-09-10
24.33334,-80.58333,0.85574,0.74079,1.1318,49.1,CMEMS,2026-09-10
24.33334,-80.5,0.82877,0.76672,1.129,47.2,CMEMS,2026-09-10
24.33334,-80.41666,0.80045,0.79385,1.1273,45.2,CMEMS,2026-09-10
24.33334,-80.33333,0.74857,0.80613,1.1001,42.9,CMEMS,2026-09-10
24.33334,-80.25,0.64203,0.77393,1.0056,39.7,CMEMS,2026-09-10
24.33334,-80.16666,0.47441,0.67288,0.8233,35.2,CMEMS,2026-09-10
24.33334,-80.08333,0.27912,0.5438,0.6113,27.2,CMEMS,2026-09-10
24.33334,-80.0,0.11332,0.45964,0.4734,13.8,CMEMS,2026-09-10
24.33334,-79.91666,0.04361,0.39995,0.4023,6.2,CMEMS,2026-09-10
24.33334,-79.83333,0.01134,0.26756,0.2678,2.4,CMEMS,2026-09-10
24.33334,-79.75,-0.06687,0.06982,0.0967,316.2,CMEMS,2026-09-10
24.33334,-79.66666,-0.16003,-0.11369,0.1963,234.6,CMEMS,2026-09-10
24.33334,-79.58333,-0.22611,-0.22609,0.3198,225.0,CMEMS,2026-09-10
24.33334,-79.5,-0.22731,-0.2029,0.3047,228.2,CMEMS,2026-09-10
24.33334,-79.41666,-0.16711,-0.02434,0.1689,261.7,CMEMS,2026-09-10
24.33334,-79.33333,-0.10338,0.17262,0.2012,329.1,CMEMS,2026-09-10
24.33334,-79.25,-0.07739,0.23037,0.243,341.4,CMEMS,2026-09-10
24.33334,-79.16666,-0.06183,0.17547,0.186,340.6,CMEMS,2026-09-10
24.33334,-79.08333,-0.05124,0.06992,0.0867,323.8,CMEMS,2026-09-10
24.33334,-79.0,-0.05811,0.07094,0.0917,320.7,CMEMS,2026-09-10
24.33334,-78.91666,-0.06416,0.0686,0.0939,316.9,CMEMS,2026-09-10
24.33334,-78.83333,-0.06609,0.07266,0.0982,317.7,CMEMS,2026-09-10
24.33334,-78.75,-0.0677,0.07527,0.1012,318.0,CMEMS,2026-09-10
24.33334,-78.66666,-0.07007,0.07683,0.104,317.6,CMEMS,2026-09-10
24.33334,-78.58333,-0.07414,0.07612,0.1063,315.8,CMEMS,2026-09-10
24.33334,-78.5,-0.07934,0.07454,0.1089,313.2,CMEMS,2026-09-10
24.33334,-78.41666,-0.08338,0.07103,0.1095,310.4,CMEMS,2026-09-10
24.33334,-78.33333,-0.08441,0.0648,0.1064,307.5,CMEMS,2026-09-10
24.33334,-78.25,-0.0823,0.06846,0.107,309.8,CMEMS,2026-09-10
24.33334,-78.16666,-0.07691,0.07064,0.1044,312.6,CMEMS,2026-09-10
24.33334,-77.75,-0.00689,0.06322,0.0636,353.8,CMEMS,2026-09-10
24.33334,-77.66666,-0.03264,0.06226,0.0703,332.3,CMEMS,2026-09-10
24.33334,-77.58333,-0.03625,0.05813,0.0685,328.1,CMEMS,2026-09-10
24.33334,-77.5,-0.01484,0.05323,0.0553,344.4,CMEMS,2026-09-10
24.33334,-77.41666,-0.01687,0.08869,0.0903,349.2,CMEMS,2026-09-10
24.33334,-77.33333,-0.01878,0.09583,0.0977,348.9,CMEMS,2026-09-10
24.33334,-77.25,-0.03288,0.08581,0.0919,339.0,CMEMS,2026-09-10
24.33334,-77.16666,-0.04719,0.08586,0.098,331.2,CMEMS,2026-09-10
24.33334,-77.08333,-0.04794,0.09366,0.1052,332.9,CMEMS,2026-09-10
24.33334,-77.0,-0.04888,0.0957,0.1075,332.9,CMEMS,2026-09-10
24.33334,-76.91666,-0.03461,0.10094,0.1067,341.1,CMEMS,2026-09-10
24.33334,-76.83333,0.00421,0.10306,0.1031,2.3,CMEMS,2026-09-10
24.33334,-76.75,0.0537,0.10211,0.1154,27.7,CMEMS,2026-09-10
24.33334,-76.66666,0.10428,0.0833,0.1335,51.4,CMEMS,2026-09-10
24.33334,-76.58333,0.11052,0.00022,0.1105,89.9,CMEMS,2026-09-10
24.33334,-76.5,0.07942,-0.04493,0.0912,119.5,CMEMS,2026-09-10
24.33334,-76.41666,0.06231,-0.04569,0.0773,126.2,CMEMS,2026-09-10
24.33334,-76.33333,0.05165,-0.057,0.0769,137.8,CMEMS,2026-09-10
24.33334,-76.25,0.04523,-0.06224,0.0769,144.0,CMEMS,2026-09-10
24.33334,-76.16666,0.03234,-0.01948,0.0378,121.1,CMEMS,2026-09-10
24.41667,-83.08333,0.05867,0.12716,0.14,24.8,CMEMS,2026-09-10
24.41667,-83.0,0.06489,0.13297,0.148,26.0,CMEMS,2026-09-10
24.41667,-82.91666,0.07452,0.13485,0.1541,28.9,CMEMS,2026-09-10
24.41667,-82.83333,0.08869,0.1291,0.1566,34.5,CMEMS,2026-09-10
24.41667,-82.75,0.09262,0.12003,0.1516,37.7,CMEMS,2026-09-10
24.41667,-82.66666,0.08294,0.101,0.1307,39.4,CMEMS,2026-09-10
24.41667,-82.58333,0.06939,0.08554,0.1101,39.0,CMEMS,2026-09-10
24.41667,-82.5,0.05748,0.07793,0.0968,36.4,CMEMS,2026-09-10
24.41667,-82.41666,0.05074,0.06556,0.0829,37.7,CMEMS,2026-09-10
24.41667,-82.33333,0.04947,0.06144,0.0789,38.8,CMEMS,2026-09-10
24.41667,-82.25,0.05278,0.06449,0.0833,39.3,CMEMS,2026-09-10
24.41667,-82.16666,0.05729,0.06725,0.0883,40.4,CMEMS,2026-09-10
24.41667,-82.08333,0.06142,0.06525,0.0896,43.3,CMEMS,2026-09-10
24.41667,-82.0,0.0669,0.06518,0.0934,45.7,CMEMS,2026-09-10
24.41667,-81.91666,0.07737,0.06426,0.1006,50.3,CMEMS,2026-09-10
24.41667,-81.83333,0.09437,0.06872,0.1167,53.9,CMEMS,2026-09-10
24.41667,-81.75,0.10529,0.08213,0.1335,52.0,CMEMS,2026-09-10
24.41667,-81.66666,0.11543,0.09361,0.1486,51.0,CMEMS,2026-09-10
24.41667,-81.58333,0.14943,0.11422,0.1881,52.6,CMEMS,2026-09-10
24.41667,-81.5,0.20944,0.12994,0.2465,58.2,CMEMS,2026-09-10
24.41667,-81.41666,0.27794,0.15508,0.3183,60.8,CMEMS,2026-09-10
24.41667,-81.33333,0.33919,0.18527,0.3865,61.4,CMEMS,2026-09-10
24.41667,-81.25,0.40812,0.22911,0.468,60.7,CMEMS,2026-09-10
24.41667,-81.16666,0.49767,0.29416,0.5781,59.4,CMEMS,2026-09-10
24.41667,-81.08333,0.60131,0.39731,0.7207,56.5,CMEMS,2026-09-10
24.41667,-81.0,0.70141,0.49532,0.8587,54.8,CMEMS,2026-09-10
24.41667,-80.91666,0.78633,0.5742,0.9737,53.9,CMEMS,2026-09-10
24.41667,-80.83333,0.8506,0.63513,1.0616,53.3,CMEMS,2026-09-10
24.41667,-80.75,0.88416,0.69143,1.1224,52.0,CMEMS,2026-09-10
24.41667,-80.66666,0.89573,0.73399,1.158,50.7,CMEMS,2026-09-10
24.41667,-80.58333,0.89252,0.75558,1.1694,49.7,CMEMS,2026-09-10
24.41667,-80.5,0.87183,0.78088,1.1704,48.1,CMEMS,2026-09-10
24.41667,-80.41666,0.84113,0.81065,1.1682,46.1,CMEMS,2026-09-10
24.41667,-80.33333,0.80325,0.83083,1.1556,44.0,CMEMS,2026-09-10
24.41667,-80.25,0.73837,0.84127,1.1193,41.3,CMEMS,2026-09-10
24.41667,-80.16666,0.62552,0.80804,1.0219,37.7,CMEMS,2026-09-10
24.41667,-80.08333,0.4706,0.71544,0.8563,33.3,CMEMS,2026-09-10
24.41667,-80.0,0.30208,0.61685,0.6868,26.1,CMEMS,2026-09-10
24.41667,-79.91666,0.18815,0.5345,0.5666,19.4,CMEMS,2026-09-10
24.41667,-79.83333,0.12721,0.39313,0.4132,17.9,CMEMS,2026-09-10
24.41667,-79.75,0.04024,0.20122,0.2052,11.3,CMEMS,2026-09-10
24.41667,-79.66666,-0.0748,0.00674,0.0751,275.1,CMEMS,2026-09-10
24.41667,-79.58333,-0.16803,-0.15224,0.2267,227.8,CMEMS,2026-09-10
24.41667,-79.5,-0.20113,-0.21772,0.2964,222.7,CMEMS,2026-09-10
24.41667,-79.41666,-0.15996,-0.12953,0.2058,231.0,CMEMS,2026-09-10
24.41667,-79.33333,-0.09491,0.10572,0.1421,318.1,CMEMS,2026-09-10
24.41667,-79.25,-0.07113,0.19825,0.2106,340.3,CMEMS,2026-09-10
24.41667,-79.16666,-0.06022,0.12251,0.1365,333.8,CMEMS,2026-09-10
24.41667,-79.08333,-0.04977,0.07141,0.087,325.1,CMEMS,2026-09-10
24.41667,-79.0,-0.05166,0.07323,0.0896,324.8,CMEMS,2026-09-10
24.41667,-78.91666,-0.05366,0.07054,0.0886,322.7,CMEMS,2026-09-10
24.41667,-78.83333,-0.05691,0.07452,0.0938,322.6,CMEMS,2026-09-10
24.41667,-78.75,-0.05956,0.07794,0.0981,322.6,CMEMS,2026-09-10
24.41667,-78.66666,-0.06238,0.07985,0.1013,322.0,CMEMS,2026-09-10
24.41667,-78.58333,-0.06623,0.07985,0.1037,320.3,CMEMS,2026-09-10
24.41667,-78.5,-0.06973,0.07703,0.1039,317.8,CMEMS,2026-09-10
24.41667,-78.41666,-0.07328,0.07059,0.1018,313.9,CMEMS,2026-09-10
24.41667,-78.33333,-0.07834,0.06815,0.1038,311.0,CMEMS,2026-09-10
24.41667,-78.25,-0.08224,0.06423,0.1043,308.0,CMEMS,2026-09-10
24.41667,-77.75,-0.01062,0.06699,0.0678,351.0,CMEMS,2026-09-10
24.41667,-77.66666,-0.02599,0.06352,0.0686,337.7,CMEMS,2026-09-10
24.41667,-77.58333,-0.02839,0.04798,0.0557,329.4,CMEMS,2026-09-10
24.41667,-77.5,-0.01465,0.03361,0.0367,336.5,CMEMS,2026-09-10
24.41667,-77.41666,-0.01305,0.08897,0.0899,351.7,CMEMS,2026-09-10
24.41667,-77.33333,-0.01891,0.10406,0.1058,349.7,CMEMS,2026-09-10
24.41667,-77.25,-0.0306,0.09589,0.1007,342.3,CMEMS,2026-09-10
24.41667,-77.16666,-0.04011,0.08513,0.0941,334.8,CMEMS,2026-09-10
24.41667,-77.08333,-0.04067,0.09148,0.1001,336.0,CMEMS,2026-09-10
24.41667,-77.0,-0.03911,0.09381,0.1016,337.4,CMEMS,2026-09-10
24.41667,-76.91666,-0.03567,0.09546,0.1019,339.5,CMEMS,2026-09-10
24.41667,-76.83333,-0.03055,0.09393,0.0988,342.0,CMEMS,2026-09-10
24.41667,-76.75,-0.03141,0.09887,0.1037,342.4,CMEMS,2026-09-10
24.41667,-76.66666,-0.03406,0.10627,0.1116,342.2,CMEMS,2026-09-10
24.41667,-76.58333,-0.00562,-0.00498,0.0075,228.5,CMEMS,2026-09-10
24.41667,-76.5,0.01331,-0.02643,0.0296,153.3,CMEMS,2026-09-10
24.41667,-76.41666,-0.01442,-0.01785,0.0229,218.9,CMEMS,2026-09-10
24.41667,-76.33333,-0.03261,-0.05028,0.0599,213.0,CMEMS,2026-09-10
24.41667,-76.25,-0.03061,-0.06359,0.0706,205.7,CMEMS,2026-09-10
24.41667,-76.16666,-0.03767,0.00129,0.0377,272.0,CMEMS,2026-09-10
24.5,-83.08333,0.03185,0.15269,0.156,11.8,CMEMS,2026-09-10
24.5,-83.0,0.02796,0.14548,0.1481,10.9,CMEMS,2026-09-10
24.5,-82.91666,0.02757,0.13152,0.1344,11.8,CMEMS,2026-09-10
24.5,-82.83333,0.0302,0.12286,0.1265,13.8,CMEMS,2026-09-10
24.5,-82.75,0.01383,0.12024,0.121,6.6,CMEMS,2026-09-10
24.5,-82.66666,-0.00417,0.10052,0.1006,357.6,CMEMS,2026-09-10
24.5,-82.58333,-0.01598,0.09572,0.097,350.5,CMEMS,2026-09-10
24.5,-82.5,-0.02558,0.0915,0.095,344.4,CMEMS,2026-09-10
24.5,-82.41666,-0.02888,0.08028,0.0853,340.2,CMEMS,2026-09-10
24.5,-82.33333,-0.03029,0.07938,0.085,339.1,CMEMS,2026-09-10
24.5,-82.25,-0.02965,0.07826,0.0837,339.3,CMEMS,2026-09-10
24.5,-82.16666,-0.02507,0.08418,0.0878,343.4,CMEMS,2026-09-10
24.5,-82.08333,-0.02137,0.08582,0.0884,346.0,CMEMS,2026-09-10
24.5,-82.0,-0.01766,0.08588,0.0877,348.4,CMEMS,2026-09-10
24.5,-81.91666,-0.01592,0.07607,0.0777,348.2,CMEMS,2026-09-10
24.5,-81.83333,-0.01618,0.07821,0.0799,348.3,CMEMS,2026-09-10
24.5,-81.75,-0.02173,0.07817,0.0811,344.5,CMEMS,2026-09-10
24.5,-81.66666,-0.02699,0.08234,0.0867,341.8,CMEMS,2026-09-10
24.5,-81.58333,0.00013,0.09364,0.0936,0.1,CMEMS,2026-09-10
24.5,-81.5,0.05883,0.04797,0.0759,50.8,CMEMS,2026-09-10
24.5,-81.41666,0.11291,0.10482,0.1541,47.1,CMEMS,2026-09-10
24.5,-81.33333,0.17061,0.13908,0.2201,50.8,CMEMS,2026-09-10
24.5,-81.25,0.25896,0.18658,0.3192,54.2,CMEMS,2026-09-10
24.5,-81.16666,0.37338,0.2361,0.4418,57.7,CMEMS,2026-09-10
24.5,-81.08333,0.48247,0.2968,0.5664,58.4,CMEMS,2026-09-10
24.5,-81.0,0.56732,0.35394,0.6687,58.0,CMEMS,2026-09-10
24.5,-80.91666,0.65576,0.41087,0.7738,57.9,CMEMS,2026-09-10
24.5,-80.83333,0.75451,0.50447,0.9076,56.2,CMEMS,2026-09-10
24.5,-80.75,0.83421,0.62613,1.043,53.1,CMEMS,2026-09-10
24.5,-80.66666,0.88479,0.73072,1.1475,50.4,CMEMS,2026-09-10
24.5,-80.58333,0.90889,0.78059,1.1981,49.3,CMEMS,2026-09-10
24.5,-80.5,0.90476,0.80144,1.2087,48.5,CMEMS,2026-09-10
24.5,-80.41666,0.87573,0.82616,1.2039,46.7,CMEMS,2026-09-10
24.5,-80.33333,0.83328,0.85421,1.1933,44.3,CMEMS,2026-09-10
24.5,-80.25,0.7804,0.87257,1.1706,41.8,CMEMS,2026-09-10
24.5,-80.16666,0.71049,0.87249,1.1252,39.2,CMEMS,2026-09-10
24.5,-80.08333,0.61782,0.82751,1.0327,36.7,CMEMS,2026-09-10
24.5,-80.0,0.49389,0.7456,0.8943,33.5,CMEMS,2026-09-10
24.5,-79.91666,0.36484,0.6488,0.7443,29.4,CMEMS,2026-09-10
24.5,-79.83333,0.26068,0.50386,0.5673,27.4,CMEMS,2026-09-10
24.5,-79.75,0.15648,0.31279,0.3497,26.6,CMEMS,2026-09-10
24.5,-79.66666,0.03541,0.12204,0.1271,16.2,CMEMS,2026-09-10
24.5,-79.58333,-0.06879,-0.05765,0.0898,230.0,CMEMS,2026-09-10
24.5,-79.5,-0.12564,-0.18094,0.2203,214.8,CMEMS,2026-09-10
24.5,-79.41666,-0.12008,-0.1798,0.2162,213.7,CMEMS,2026-09-10
24.5,-79.33333,-0.07778,0.02464,0.0816,287.6,CMEMS,2026-09-10
24.5,-79.25,-0.06196,0.16826,0.1793,339.8,CMEMS,2026-09-10
24.5,-79.16666,-0.06106,0.10019,0.1173,328.6,CMEMS,2026-09-10
24.5,-79.08333,-0.05139,0.07491,0.0908,325.5,CMEMS,2026-09-10
24.5,-79.0,-0.04561,0.07549,0.0882,328.9,CMEMS,2026-09-10
24.5,-78.91666,-0.0448,0.0748,0.0872,329.1,CMEMS,2026-09-10
24.5,-78.83333,-0.0462,0.07735,0.0901,329.2,CMEMS,2026-09-10
24.5,-78.75,-0.04706,0.08079,0.0935,329.8,CMEMS,2026-09-10
24.5,-78.66666,-0.04807,0.08248,0.0955,329.8,CMEMS,2026-09-10
24.5,-78.58333,-0.05209,0.08316,0.0981,327.9,CMEMS,2026-09-10
24.5,-78.5,-0.05684,0.07439,0.0936,322.6,CMEMS,2026-09-10
24.5,-78.41666,-0.06192,0.08081,0.1018,322.5,CMEMS,2026-09-10
24.5,-78.33333,-0.06973,0.07057,0.0992,315.3,CMEMS,2026-09-10
24.5,-77.66666,-0.02635,0.07628,0.0807,340.9,CMEMS,2026-09-10
24.5,-77.58333,-0.02353,0.0276,0.0363,319.5,CMEMS,2026-09-10
24.5,-77.5,-0.01605,0.01994,0.0256,321.2,CMEMS,2026-09-10
24.5,-77.41666,-0.01777,0.09743,0.099,349.7,CMEMS,2026-09-10
24.5,-77.33333,-0.03004,0.13101,0.1344,347.1,CMEMS,2026-09-10
24.5,-77.25,-0.03085,0.11271,0.1169,344.7,CMEMS,2026-09-10
24.5,-77.16666,-0.02558,0.09332,0.0968,344.7,CMEMS,2026-09-10
24.5,-77.08333,-0.02934,0.09331,0.0978,342.5,CMEMS,2026-09-10
24.5,-77.0,-0.0306,0.09349,0.0984,341.9,CMEMS,2026-09-10
24.5,-76.91666,-0.02962,0.09326,0.0979,342.4,CMEMS,2026-09-10
24.5,-76.83333,-0.02492,0.09023,0.0936,344.6,CMEMS,2026-09-10
24.5,-76.75,-0.02764,0.10543,0.109,345.3,CMEMS,2026-09-10
24.5,-76.66666,-0.0072,0.02968,0.0305,346.4,CMEMS,2026-09-10
24.5,-76.58333,0.01335,-0.01197,0.0179,131.9,CMEMS,2026-09-10
24.5,-76.5,-0.02653,0.02289,0.035,310.8,CMEMS,2026-09-10
24.5,-76.41666,-0.08245,0.03379,0.0891,292.3,CMEMS,2026-09-10
24.5,-76.33333,-0.10996,-0.03314,0.1148,253.2,CMEMS,2026-09-10
24.5,-76.25,-0.12708,-0.05038,0.1367,248.4,CMEMS,2026-09-10
24.5,-76.16666,-0.13411,0.00244,0.1341,271.0,CMEMS,2026-09-10
24.58334,-83.08333,0.01904,0.17094,0.172,6.4,CMEMS,2026-09-10
24.58334,-83.0,0.00207,0.15936,0.1594,0.7,CMEMS,2026-09-10
24.58334,-82.91666,-0.00581,0.08873,0.0889,356.3,CMEMS,2026-09-10
24.58334,-82.83333,0.01072,0.10814,0.1087,5.7,CMEMS,2026-09-10
24.58334,-82.75,0.01363,0.12533,0.1261,6.2,CMEMS,2026-09-10
24.58334,-82.66666,-0.00183,0.11534,0.1154,359.1,CMEMS,2026-09-10
24.58334,-82.58333,-0.01272,0.10864,0.1094,353.3,CMEMS,2026-09-10
24.58334,-82.5,-0.02316,0.10504,0.1076,347.6,CMEMS,2026-09-10
24.58334,-82.41666,-0.02925,0.08542,0.0903,341.1,CMEMS,2026-09-10
24.58334,-82.33333,-0.02866,0.08897,0.0935,342.1,CMEMS,2026-09-10
24.58334,-82.25,-0.03004,0.0747,0.0805,338.1,CMEMS,2026-09-10
24.58334,-82.16666,-0.03135,0.08366,0.0893,339.5,CMEMS,2026-09-10
24.58334,-82.08333,-0.02888,0.08334,0.0882,340.9,CMEMS,2026-09-10
24.58334,-82.0,-0.02674,0.08456,0.0887,342.5,CMEMS,2026-09-10
24.58334,-81.91666,-0.02904,0.08284,0.0878,340.7,CMEMS,2026-09-10
24.58334,-81.83333,-0.03332,0.08622,0.0924,338.9,CMEMS,2026-09-10
24.58334,-81.75,-0.04223,0.09487,0.1038,336.0,CMEMS,2026-09-10
24.58334,-81.66666,-0.05681,0.11113,0.1248,332.9,CMEMS,2026-09-10
24.58334,-81.5,-0.02213,0.07008,0.0735,342.5,CMEMS,2026-09-10
24.58334,-81.41666,0.00757,0.09669,0.097,4.5,CMEMS,2026-09-10
24.58334,-81.33333,0.04446,0.09482,0.1047,25.1,CMEMS,2026-09-10
24.58334,-81.25,0.09027,0.09119,0.1283,44.7,CMEMS,2026-09-10
24.58334,-81.16666,0.14284,0.07924,0.1633,61.0,CMEMS,2026-09-10
24.58334,-81.08333,0.19816,0.14717,0.2468,53.4,CMEMS,2026-09-10
24.58334,-81.0,0.31512,0.21683,0.3825,55.5,CMEMS,2026-09-10
24.58334,-80.91666,0.49933,0.34155,0.605,55.6,CMEMS,2026-09-10
24.58334,-80.83333,0.6542,0.4721,0.8068,54.2,CMEMS,2026-09-10
24.58334,-80.75,0.75797,0.55416,0.9389,53.8,CMEMS,2026-09-10
24.58334,-80.66666,0.83893,0.64424,1.0578,52.5,CMEMS,2026-09-10
24.58334,-80.58333,0.89105,0.74437,1.1611,50.1,CMEMS,2026-09-10
24.58334,-80.5,0.90543,0.80467,1.2113,48.4,CMEMS,2026-09-10
24.58334,-80.41666,0.88932,0.83242,1.2181,46.9,CMEMS,2026-09-10
24.58334,-80.33333,0.85326,0.8613,1.2124,44.7,CMEMS,2026-09-10
24.58334,-80.25,0.80256,0.90216,1.2075,41.7,CMEMS,2026-09-10
24.58334,-80.16666,0.74842,0.93191,1.1952,38.8,CMEMS,2026-09-10
24.58334,-80.08333,0.69775,0.92171,1.156,37.1,CMEMS,2026-09-10
24.58334,-80.0,0.62787,0.86241,1.0668,36.1,CMEMS,2026-09-10
24.58334,-79.91666,0.52552,0.76644,0.9293,34.4,CMEMS,2026-09-10
24.58334,-79.83333,0.4065,0.63103,0.7506,32.8,CMEMS,2026-09-10
24.58334,-79.75,0.27847,0.445,0.5249,32.0,CMEMS,2026-09-10
24.58334,-79.66666,0.14017,0.23593,0.2744,30.7,CMEMS,2026-09-10
24.58334,-79.58333,0.02782,0.04428,0.0523,32.1,CMEMS,2026-09-10
24.58334,-79.5,-0.04105,-0.1142,0.1214,199.8,CMEMS,2026-09-10
24.58334,-79.41666,-0.0745,-0.18397,0.1985,202.0,CMEMS,2026-09-10
24.58334,-79.33333,-0.06586,-0.03157,0.073,244.4,CMEMS,2026-09-10
24.58334,-79.25,-0.0531,0.11953,0.1308,336.0,CMEMS,2026-09-10
24.58334,-79.16666,-0.0538,0.084,0.0998,327.4,CMEMS,2026-09-10
24.58334,-79.08333,-0.05028,0.06624,0.0832,322.8,CMEMS,2026-09-10
24.58334,-79.0,-0.04488,0.07173,0.0846,328.0,CMEMS,2026-09-10
24.58334,-78.91666,-0.04072,0.07329,0.0838,330.9,CMEMS,2026-09-10
24.58334,-78.83333,-0.03714,0.07676,0.0853,334.2,CMEMS,2026-09-10
24.58334,-78.75,-0.03336,0.0804,0.087,337.5,CMEMS,2026-09-10
24.58334,-78.66666,-0.02966,0.08275,0.0879,340.3,CMEMS,2026-09-10
24.58334,-78.58333,-0.03063,0.09171,0.0967,341.5,CMEMS,2026-09-10
24.58334,-78.5,-0.03449,0.10795,0.1133,342.3,CMEMS,2026-09-10
24.58334,-77.66666,-0.01632,0.07871,0.0804,348.3,CMEMS,2026-09-10
24.58334,-77.58333,-0.01188,0.0257,0.0283,335.2,CMEMS,2026-09-10
24.58334,-77.5,-0.02671,0.02221,0.0347,309.8,CMEMS,2026-09-10
24.58334,-77.41666,-0.04569,0.10211,0.1119,335.9,CMEMS,2026-09-10
24.58334,-77.33333,-0.03571,0.13845,0.143,345.5,CMEMS,2026-09-10
24.58334,-77.25,-0.01726,0.09428,0.0959,349.6,CMEMS,2026-09-10
24.58334,-77.16666,-0.01866,0.09521,0.097,348.9,CMEMS,2026-09-10
24.58334,-77.08333,-0.02347,0.095,0.0979,346.1,CMEMS,2026-09-10
24.58334,-77.0,-0.02747,0.09436,0.0983,343.8,CMEMS,2026-09-10
24.58334,-76.91666,-0.02982,0.09195,0.0967,342.0,CMEMS,2026-09-10
24.58334,-76.83333,-0.02951,0.08354,0.0886,340.5,CMEMS,2026-09-10
24.58334,-76.75,-0.00373,0.06205,0.0622,356.6,CMEMS,2026-09-10
24.58334,-76.66666,0.02315,-0.00418,0.0235,100.2,CMEMS,2026-09-10
24.58334,-76.58333,0.002,0.01529,0.0154,7.5,CMEMS,2026-09-10
24.58334,-76.5,-0.05359,0.09682,0.1107,331.0,CMEMS,2026-09-10
24.58334,-76.41666,-0.10238,0.08819,0.1351,310.7,CMEMS,2026-09-10
24.58334,-76.33333,-0.14246,0.00727,0.1426,272.9,CMEMS,2026-09-10
24.58334,-76.25,-0.19205,-0.02404,0.1935,262.9,CMEMS,2026-09-10
24.58334,-76.16666,-0.22224,-0.02011,0.2231,264.8,CMEMS,2026-09-10
24.66667,-83.08333,0.0128,0.17604,0.1765,4.2,CMEMS,2026-09-10
24.66667,-83.0,-0.0003,0.15544,0.1554,359.9,CMEMS,2026-09-10
24.66667,-82.91666,-0.01413,0.08057,0.0818,350.1,CMEMS,2026-09-10
24.66667,-82.83333,-0.01543,0.07702,0.0786,348.7,CMEMS,2026-09-10
24.66667,-82.75,-0.00546,0.11837,0.1185,357.4,CMEMS,2026-09-10
24.66667,-82.66666,0.00304,0.12194,0.122,1.4,CMEMS,2026-09-10
24.66667,-82.58333,0.00372,0.11297,0.113,1.9,CMEMS,2026-09-10
24.66667,-82.5,0.00048,0.1137,0.1137,0.2,CMEMS,2026-09-10
24.66667,-82.41666,-0.00686,0.08656,0.0868,355.5,CMEMS,2026-09-10
24.66667,-82.33333,-0.01473,0.08369,0.085,350.0,CMEMS,2026-09-10
24.66667,-82.25,-0.01984,0.07421,0.0768,345.0,CMEMS,2026-09-10
24.66667,-82.16666,-0.02418,0.08064,0.0842,343.3,CMEMS,2026-09-10
24.66667,-82.08333,-0.02555,0.07721,0.0813,341.7,CMEMS,2026-09-10
24.66667,-82.0,-0.02792,0.08359,0.0881,341.5,CMEMS,2026-09-10
24.66667,-81.91666,-0.0321,0.08444,0.0903,339.2,CMEMS,2026-09-10
24.66667,-81.83333,-0.0366,0.08663,0.094,337.1,CMEMS,2026-09-10
24.66667,-81.75,-0.03132,0.08606,0.0916,340.0,CMEMS,2026-09-10
24.66667,-81.66666,-0.02993,0.09112,0.0959,341.8,CMEMS,2026-09-10
24.66667,-81.58333,-0.03668,0.0662,0.0757,331.0,CMEMS,2026-09-10
24.66667,-81.33333,-0.01822,0.09566,0.0974,349.2,CMEMS,2026-09-10
24.66667,-81.25,-0.01219,0.08631,0.0872,352.0,CMEMS,2026-09-10
24.66667,-81.16666,-0.01213,0.06946,0.0705,350.1,CMEMS,2026-09-10
24.66667,-81.08333,0.00396,0.10585,0.1059,2.1,CMEMS,2026-09-10
24.66667,-81.0,0.06973,0.11772,0.1368,30.6,CMEMS,2026-09-10
24.66667,-80.91666,0.18673,0.18131,0.2603,45.8,CMEMS,2026-09-10
24.66667,-80.83333,0.32897,0.28042,0.4323,49.6,CMEMS,2026-09-10
24.66667,-80.75,0.523,0.38224,0.6478,53.8,CMEMS,2026-09-10
24.66667,-80.66666,0.70992,0.55305,0.8999,52.1,CMEMS,2026-09-10
24.66667,-80.58333,0.81936,0.67081,1.0589,50.7,CMEMS,2026-09-10
24.66667,-80.5,0.87207,0.76212,1.1582,48.8,CMEMS,2026-09-10
24.66667,-80.41666,0.87596,0.82459,1.203,46.7,CMEMS,2026-09-10
24.66667,-80.33333,0.85531,0.86509,1.2165,44.7,CMEMS,2026-09-10
24.66667,-80.25,0.82131,0.91039,1.2261,42.1,CMEMS,2026-09-10
24.66667,-80.16666,0.77929,0.96721,1.2421,38.9,CMEMS,2026-09-10
24.66667,-80.08333,0.74074,0.98584,1.2331,36.9,CMEMS,2026-09-10
24.66667,-80.0,0.69803,0.9404,1.1711,36.6,CMEMS,2026-09-10
24.66667,-79.91666,0.62885,0.84487,1.0532,36.7,CMEMS,2026-09-10
24.66667,-79.83333,0.52569,0.70895,0.8826,36.6,CMEMS,2026-09-10
24.66667,-79.75,0.39225,0.53132,0.6604,36.4,CMEMS,2026-09-10
24.66667,-79.66666,0.24925,0.33273,0.4157,36.8,CMEMS,2026-09-10
24.66667,-79.58333,0.13201,0.15926,0.2069,39.7,CMEMS,2026-09-10
24.66667,-79.5,0.04411,-0.01961,0.0483,114.0,CMEMS,2026-09-10
24.66667,-79.41666,-0.0206,-0.13838,0.1399,188.5,CMEMS,2026-09-10
24.66667,-79.33333,-0.03556,-0.06844,0.0771,207.5,CMEMS,2026-09-10
24.66667,-79.25,-0.0378,0.07947,0.088,334.6,CMEMS,2026-09-10
24.66667,-79.16666,-0.05264,0.06634,0.0847,321.6,CMEMS,2026-09-10
24.66667,-79.08333,-0.05212,0.05929,0.0789,318.7,CMEMS,2026-09-10
24.66667,-79.0,-0.04472,0.06283,0.0771,324.6,CMEMS,2026-09-10
24.66667,-78.91666,-0.03634,0.06564,0.075,331.0,CMEMS,2026-09-10
24.66667,-78.83333,-0.03536,0.06917,0.0777,332.9,CMEMS,2026-09-10
24.66667,-78.75,-0.0307,0.07299,0.0792,337.2,CMEMS,2026-09-10
24.66667,-78.66666,-0.01804,0.07568,0.0778,346.6,CMEMS,2026-09-10
24.66667,-78.58333,-0.00862,0.08303,0.0835,354.1,CMEMS,2026-09-10
24.66667,-78.5,-0.00242,0.09927,0.0993,358.6,CMEMS,2026-09-10
24.66667,-78.41666,0.00171,0.07517,0.0752,1.3,CMEMS,2026-09-10
24.66667,-77.75,-0.06319,0.08208,0.1036,322.4,CMEMS,2026-09-10
24.66667,-77.66666,-0.03285,0.09374,0.0993,340.7,CMEMS,2026-09-10
24.66667,-77.58333,-0.01479,0.03307,0.0362,335.9,CMEMS,2026-09-10
24.66667,-77.5,-0.04701,0.05262,0.0706,318.2,CMEMS,2026-09-10
24.66667,-77.41666,-0.04732,0.11497,0.1243,337.6,CMEMS,2026-09-10
24.66667,-77.33333,-0.0107,0.11576,0.1163,354.7,CMEMS,2026-09-10
24.66667,-77.25,0.00028,0.10307,0.1031,0.2,CMEMS,2026-09-10
24.66667,-77.16666,-0.01201,0.10303,0.1037,353.4,CMEMS,2026-09-10
24.66667,-77.08333,-0.02257,0.10128,0.1038,347.4,CMEMS,2026-09-10
24.66667,-77.0,-0.02984,0.09889,0.1033,343.2,CMEMS,2026-09-10
24.66667,-76.91666,-0.03449,0.0961,0.1021,340.3,CMEMS,2026-09-10
24.66667,-76.83333,-0.03939,0.08864,0.097,336.0,CMEMS,2026-09-10
24.66667,-76.75,-0.01853,0.01843,0.0261,314.8,CMEMS,2026-09-10
24.66667,-76.66666,-0.00794,0.00191,0.0082,283.5,CMEMS,2026-09-10
24.66667,-76.58333,-0.0318,0.05696,0.0652,330.8,CMEMS,2026-09-10
24.66667,-76.5,-0.04944,0.14458,0.1528,341.1,CMEMS,2026-09-10
24.66667,-76.41666,-0.05558,0.13568,0.1466,337.7,CMEMS,2026-09-10
24.66667,-76.33333,-0.07045,0.07272,0.1012,315.9,CMEMS,2026-09-10
24.66667,-76.25,-0.1022,0.02624,0.1055,284.4,CMEMS,2026-09-10
24.66667,-76.16666,-0.1449,0.00136,0.1449,270.5,CMEMS,2026-09-10
24.75,-83.08333,0.00702,0.16303,0.1632,2.5,CMEMS,2026-09-10
24.75,-83.0,0.00846,0.13005,0.1303,3.7,CMEMS,2026-09-10
24.75,-82.91666,0.00288,0.07997,0.08,2.1,CMEMS,2026-09-10
24.75,-82.83333,-0.01601,0.0748,0.0765,347.9,CMEMS,2026-09-10
24.75,-82.75,-0.02253,0.09497,0.0976,346.7,CMEMS,2026-09-10
24.75,-82.66666,-0.01021,0.1074,0.1079,354.6,CMEMS,2026-09-10
24.75,-82.58333,-0.00195,0.10061,0.1006,358.9,CMEMS,2026-09-10
24.75,-82.5,0.00205,0.09894,0.099,1.2,CMEMS,2026-09-10
24.75,-82.41666,0.00356,0.08113,0.0812,2.5,CMEMS,2026-09-10
24.75,-82.33333,-0.00282,0.06916,0.0692,357.7,CMEMS,2026-09-10
24.75,-82.25,-0.01119,0.05901,0.0601,349.3,CMEMS,2026-09-10
24.75,-82.16666,-0.01677,0.05668,0.0591,343.5,CMEMS,2026-09-10
24.75,-82.08333,-0.02019,0.05795,0.0614,340.8,CMEMS,2026-09-10
24.75,-82.0,-0.02251,0.06346,0.0673,340.5,CMEMS,2026-09-10
24.75,-81.91666,-0.02524,0.06904,0.0735,339.9,CMEMS,2026-09-10
24.75,-81.83333,-0.02946,0.07163,0.0775,337.6,CMEMS,2026-09-10
24.75,-81.75,-0.03382,0.06446,0.0728,332.3,CMEMS,2026-09-10
24.75,-81.66666,-0.03353,0.05855,0.0675,330.2,CMEMS,2026-09-10
24.75,-81.58333,-0.03566,0.02872,0.0458,308.8,CMEMS,2026-09-10
24.75,-81.5,-0.05158,0.02949,0.0594,299.8,CMEMS,2026-09-10
24.75,-81.41666,-0.07624,0.0595,0.0967,308.0,CMEMS,2026-09-10
24.75,-81.33333,-0.07053,0.10153,0.1236,325.2,CMEMS,2026-09-10
24.75,-81.25,-0.04584,0.08441,0.0961,331.5,CMEMS,2026-09-10
24.75,-81.16666,-0.03701,0.07419,0.0829,333.5,CMEMS,2026-09-10
24.75,-81.08333,-0.0259,0.07588,0.0802,341.2,CMEMS,2026-09-10
24.75,-81.0,-0.00895,0.06114,0.0618,351.7,CMEMS,2026-09-10
24.75,-80.91666,0.0027,0.03325,0.0334,4.6,CMEMS,2026-09-10
24.75,-80.83333,0.03708,0.08306,0.091,24.1,CMEMS,2026-09-10
24.75,-80.75,0.13402,0.13838,0.1926,44.1,CMEMS,2026-09-10
24.75,-80.66666,0.3316,0.31742,0.459,46.3,CMEMS,2026-09-10
24.75,-80.58333,0.56593,0.55726,0.7942,45.4,CMEMS,2026-09-10
24.75,-80.5,0.73377,0.70193,1.0154,46.3,CMEMS,2026-09-10
24.75,-80.41666,0.82139,0.80598,1.1508,45.5,CMEMS,2026-09-10
24.75,-80.33333,0.84704,0.88485,1.2249,43.7,CMEMS,2026-09-10
24.75,-80.25,0.83541,0.94764,1.2633,41.4,CMEMS,2026-09-10
24.75,-80.16666,0.79749,1.00453,1.2826,38.4,CMEMS,2026-09-10
24.75,-80.08333,0.75472,1.03173,1.2783,36.2,CMEMS,2026-09-10
24.75,-80.0,0.71434,1.00645,1.2342,35.4,CMEMS,2026-09-10
24.75,-79.91666,0.65988,0.93294,1.1427,35.3,CMEMS,2026-09-10
24.75,-79.83333,0.57788,0.81084,0.9957,35.5,CMEMS,2026-09-10
24.75,-79.75,0.46135,0.64482,0.7929,35.6,CMEMS,2026-09-10
24.75,-79.66666,0.32827,0.45576,0.5617,35.8,CMEMS,2026-09-10
24.75,-79.58333,0.20779,0.27289,0.343,37.3,CMEMS,2026-09-10
24.75,-79.5,0.11224,0.08889,0.1432,51.6,CMEMS,2026-09-10
24.75,-79.41666,0.03961,-0.05244,0.0657,142.9,CMEMS,2026-09-10
24.75,-79.33333,0.0077,-0.059,0.0595,172.6,CMEMS,2026-09-10
24.75,-79.25,-0.01713,0.07299,0.075,346.8,CMEMS,2026-09-10
24.75,-79.16666,-0.04263,0.0434,0.0608,315.5,CMEMS,2026-09-10
24.75,-79.08333,-0.0458,0.04471,0.064,314.3,CMEMS,2026-09-10
24.75,-79.0,-0.04459,0.05305,0.0693,320.0,CMEMS,2026-09-10
24.75,-78.91666,-0.0408,0.05358,0.0673,322.7,CMEMS,2026-09-10
24.75,-78.83333,-0.03,0.04962,0.058,328.8,CMEMS,2026-09-10
24.75,-78.75,-0.01679,0.05401,0.0566,342.7,CMEMS,2026-09-10
24.75,-78.66666,-0.01155,0.0658,0.0668,350.0,CMEMS,2026-09-10
24.75,-78.58333,-0.00518,0.06776,0.068,355.6,CMEMS,2026-09-10
24.75,-78.5,0.00565,0.06412,0.0644,5.0,CMEMS,2026-09-10
24.75,-78.41666,0.01312,0.04153,0.0436,17.5,CMEMS,2026-09-10
24.75,-78.33333,0.01641,0.03731,0.0408,23.7,CMEMS,2026-09-10
24.75,-77.83333,-0.06623,0.07764,0.102,319.5,CMEMS,2026-09-10
24.75,-77.75,-0.04794,0.08188,0.0949,329.7,CMEMS,2026-09-10
24.75,-77.66666,-0.015,0.0751,0.0766,348.7,CMEMS,2026-09-10
24.75,-77.58333,-0.00592,0.04827,0.0486,353.0,CMEMS,2026-09-10
24.75,-77.5,-0.02793,0.09892,0.1028,344.2,CMEMS,2026-09-10
24.75,-77.41666,-0.02467,0.10285,0.1058,346.5,CMEMS,2026-09-10
24.75,-77.33333,0.01246,0.08637,0.0873,8.2,CMEMS,2026-09-10
24.75,-77.25,0.01808,0.10075,0.1024,10.2,CMEMS,2026-09-10
24.75,-77.16666,0.00839,0.10167,0.102,4.7,CMEMS,2026-09-10
24.75,-77.08333,0.00726,0.10054,0.1008,4.1,CMEMS,2026-09-10
24.75,-77.0,-0.00272,0.10009,0.1001,358.4,CMEMS,2026-09-10
24.75,-76.91666,0.00073,0.08985,0.0899,0.5,CMEMS,2026-09-10
24.75,-76.83333,0.0223,0.0809,0.0839,15.4,CMEMS,2026-09-10
24.75,-76.75,0.0073,0.01218,0.0142,31.0,CMEMS,2026-09-10
24.75,-76.66666,-0.03207,0.03977,0.0511,321.1,CMEMS,2026-09-10
24.75,-76.58333,-0.04689,0.08087,0.0935,329.9,CMEMS,2026-09-10
24.75,-76.5,-0.03554,0.14225,0.1466,346.0,CMEMS,2026-09-10
24.75,-76.41666,-0.02579,0.12794,0.1305,348.6,CMEMS,2026-09-10
24.75,-76.33333,-0.03337,0.0792,0.0859,337.2,CMEMS,2026-09-10
24.75,-76.16666,-0.04671,0.06466,0.0798,324.2,CMEMS,2026-09-10
24.83334,-83.08333,0.00086,0.14457,0.1446,0.3,CMEMS,2026-09-10
24.83334,-83.0,-0.00153,0.10645,0.1065,359.2,CMEMS,2026-09-10
24.83334,-82.91666,-0.01444,0.07411,0.0755,349.0,CMEMS,2026-09-10
24.83334,-82.83333,-0.02983,0.07502,0.0807,338.3,CMEMS,2026-09-10
24.83334,-82.75,-0.03368,0.08177,0.0884,337.6,CMEMS,2026-09-10
24.83334,-82.66666,-0.02734,0.08603,0.0903,342.4,CMEMS,2026-09-10
24.83334,-82.58333,-0.0191,0.08917,0.0912,347.9,CMEMS,2026-09-10
24.83334,-82.5,-0.01464,0.08719,0.0884,350.5,CMEMS,2026-09-10
24.83334,-82.41666,-0.01292,0.07744,0.0785,350.5,CMEMS,2026-09-10
24.83334,-82.33333,-0.01559,0.06489,0.0667,346.5,CMEMS,2026-09-10
24.83334,-82.25,-0.02032,0.06134,0.0646,341.7,CMEMS,2026-09-10
24.83334,-82.16666,-0.02346,0.05935,0.0638,338.4,CMEMS,2026-09-10
24.83334,-82.08333,-0.02614,0.05737,0.063,335.5,CMEMS,2026-09-10
24.83334,-82.0,-0.02914,0.05928,0.0661,333.8,CMEMS,2026-09-10
24.83334,-81.91666,-0.03004,0.0611,0.0681,333.8,CMEMS,2026-09-10
24.83334,-81.83333,-0.02933,0.06045,0.0672,334.1,CMEMS,2026-09-10
24.83334,-81.75,-0.03189,0.05397,0.0627,329.4,CMEMS,2026-09-10
24.83334,-81.66666,-0.03727,0.04711,0.0601,321.7,CMEMS,2026-09-10
24.83334,-81.58333,-0.04793,0.03691,0.0605,307.6,CMEMS,2026-09-10
24.83334,-81.5,-0.0618,0.03209,0.0696,297.4,CMEMS,2026-09-10
24.83334,-81.41666,-0.07268,0.03623,0.0812,296.5,CMEMS,2026-09-10
24.83334,-81.33333,-0.06833,0.06521,0.0944,313.7,CMEMS,2026-09-10
24.83334,-81.25,-0.05235,0.06772,0.0856,322.3,CMEMS,2026-09-10
24.83334,-81.16666,-0.0398,0.06407,0.0754,328.2,CMEMS,2026-09-10
24.83334,-81.08333,-0.02846,0.05937,0.0658,334.4,CMEMS,2026-09-10
24.83334,-81.0,-0.01837,0.04971,0.053,339.7,CMEMS,2026-09-10
24.83334,-80.91666,-0.01379,0.03817,0.0406,340.1,CMEMS,2026-09-10
24.83334,-80.83333,-0.00907,0.03961,0.0406,347.1,CMEMS,2026-09-10
24.83334,-80.75,-0.00582,0.02609,0.0267,347.4,CMEMS,2026-09-10
24.83334,-80.66666,0.00821,0.04744,0.0481,9.8,CMEMS,2026-09-10
24.83334,-80.58333,0.20197,0.29286,0.3557,34.6,CMEMS,2026-09-10
24.83334,-80.5,0.51011,0.55526,0.754,42.6,CMEMS,2026-09-10
24.83334,-80.41666,0.71278,0.7317,1.0215,44.2,CMEMS,2026-09-10
24.83334,-80.33333,0.8075,0.87911,1.1937,42.6,CMEMS,2026-09-10
24.83334,-80.25,0.82919,0.96955,1.2758,40.5,CMEMS,2026-09-10
24.83334,-80.16666,0.80268,1.038,1.3122,37.7,CMEMS,2026-09-10
24.83334,-80.08333,0.75039,1.07865,1.314,34.8,CMEMS,2026-09-10
24.83334,-80.0,0.70069,1.0608,1.2713,33.4,CMEMS,2026-09-10
24.83334,-79.91666,0.65211,0.99525,1.1899,33.2,CMEMS,2026-09-10
24.83334,-79.83333,0.58657,0.88668,1.0631,33.5,CMEMS,2026-09-10
24.83334,-79.75,0.49106,0.73916,0.8874,33.6,CMEMS,2026-09-10
24.83334,-79.66666,0.37328,0.56555,0.6776,33.4,CMEMS,2026-09-10
24.83334,-79.58333,0.25749,0.38556,0.4636,33.7,CMEMS,2026-09-10
24.83334,-79.5,0.16255,0.20116,0.2586,38.9,CMEMS,2026-09-10
24.83334,-79.41666,0.09005,0.03352,0.0961,69.6,CMEMS,2026-09-10
24.83334,-79.33333,0.04764,-0.01783,0.0509,110.5,CMEMS,2026-09-10
24.83334,-79.25,0.01064,0.09003,0.0907,6.7,CMEMS,2026-09-10
24.83334,-79.16666,-0.03158,0.0501,0.0592,327.8,CMEMS,2026-09-10
24.83334,-79.08333,-0.04542,0.02447,0.0516,298.3,CMEMS,2026-09-10
24.83334,-79.0,-0.03888,0.04251,0.0576,317.6,CMEMS,2026-09-10
24.83334,-78.91666,-0.03125,0.04859,0.0578,327.3,CMEMS,2026-09-10
24.83334,-78.83333,-0.024,0.05191,0.0572,335.2,CMEMS,2026-09-10
24.83334,-78.75,-0.01648,0.04799,0.0507,341.0,CMEMS,2026-09-10
24.83334,-78.66666,-0.0153,0.05159,0.0538,343.5,CMEMS,2026-09-10
24.83334,-78.58333,-0.00936,0.05428,0.0551,350.2,CMEMS,2026-09-10
24.83334,-78.5,0.00562,0.04842,0.0487,6.6,CMEMS,2026-09-10
24.83334,-78.41666,0.01552,0.03431,0.0377,24.3,CMEMS,2026-09-10
24.83334,-78.33333,0.01357,0.03348,0.0361,22.1,CMEMS,2026-09-10
24.83334,-78.25,0.00255,0.03378,0.0339,4.3,CMEMS,2026-09-10
24.83334,-77.83333,-0.06134,0.08057,0.1013,322.7,CMEMS,2026-09-10
24.83334,-77.75,-0.04135,0.09588,0.1044,336.7,CMEMS,2026-09-10
24.83334,-77.66666,-0.02881,0.05304,0.0604,331.5,CMEMS,2026-09-10
24.83334,-77.58333,-0.05343,0.07018,0.0882,322.7,CMEMS,2026-09-10
24.83334,-77.5,-0.05935,0.11039,0.1253,331.7,CMEMS,2026-09-10
24.83334,-77.41666,-0.03593,0.07672,0.0847,334.9,CMEMS,2026-09-10
24.83334,-77.33333,-0.01199,0.05099,0.0524,346.8,CMEMS,2026-09-10
24.83334,-77.25,-0.00765,0.0361,0.0369,348.0,CMEMS,2026-09-10
24.83334,-77.16666,-0.00763,0.05577,0.0563,352.2,CMEMS,2026-09-10
24.83334,-77.08333,0.00716,0.06075,0.0612,6.7,CMEMS,2026-09-10
24.83334,-77.0,0.01526,0.08265,0.084,10.5,CMEMS,2026-09-10
24.83334,-76.91666,0.0195,0.05143,0.055,20.8,CMEMS,2026-09-10
24.83334,-76.83333,0.00938,0.0435,0.0445,12.2,CMEMS,2026-09-10
24.83334,-76.75,-0.01306,0.04762,0.0494,344.7,CMEMS,2026-09-10
24.83334,-76.66666,-0.02903,0.07246,0.0781,338.2,CMEMS,2026-09-10
24.83334,-76.58333,-0.03473,0.08701,0.0937,338.2,CMEMS,2026-09-10
24.83334,-76.5,-0.02215,0.11126,0.1134,348.7,CMEMS,2026-09-10
24.83334,-76.41666,-0.01531,0.09551,0.0967,350.9,CMEMS,2026-09-10
24.83334,-76.33333,-0.00464,0.07794,0.0781,356.6,CMEMS,2026-09-10
24.83334,-76.25,-0.01204,0.0664,0.0675,349.7,CMEMS,2026-09-10
24.83334,-76.16666,-0.02531,0.08211,0.0859,342.9,CMEMS,2026-09-10
24.91667,-83.08333,-0.00961,0.13442,0.1348,355.9,CMEMS,2026-09-10
24.91667,-83.0,-0.01921,0.10781,0.1095,349.9,CMEMS,2026-09-10
24.91667,-82.91666,-0.02928,0.08589,0.0907,341.2,CMEMS,2026-09-10
24.91667,-82.83333,-0.03342,0.07815,0.085,336.8,CMEMS,2026-09-10
24.91667,-82.75,-0.0351,0.07798,0.0855,335.8,CMEMS,2026-09-10
24.91667,-82.66666,-0.03582,0.0768,0.0847,335.0,CMEMS,2026-09-10
24.91667,-82.58333,-0.03345,0.07991,0.0866,337.3,CMEMS,2026-09-10
24.91667,-82.5,-0.03067,0.08163,0.0872,339.4,CMEMS,2026-09-10
24.91667,-82.41666,-0.02861,0.07529,0.0805,339.2,CMEMS,2026-09-10
24.91667,-82.33333,-0.02808,0.0662,0.0719,337.0,CMEMS,2026-09-10
24.91667,-82.25,-0.02952,0.06144,0.0682,334.3,CMEMS,2026-09-10
24.91667,-82.16666,-0.03127,0.06022,0.0679,332.6,CMEMS,2026-09-10
24.91667,-82.08333,-0.03333,0.05814,0.067,330.2,CMEMS,2026-09-10
24.91667,-82.0,-0.03518,0.0602,0.0697,329.7,CMEMS,2026-09-10
24.91667,-81.91666,-0.03647,0.05942,0.0697,328.5,CMEMS,2026-09-10
24.91667,-81.83333,-0.0367,0.0581,0.0687,327.7,CMEMS,2026-09-10
24.91667,-81.75,-0.03696,0.05338,0.0649,325.3,CMEMS,2026-09-10
24.91667,-81.66666,-0.03876,0.04566,0.0599,319.7,CMEMS,2026-09-10
24.91667,-81.58333,-0.04524,0.04099,0.061,312.2,CMEMS,2026-09-10
24.91667,-81.5,-0.05694,0.04162,0.0705,306.2,CMEMS,2026-09-10
24.91667,-81.41666,-0.06478,0.04291,0.0777,303.5,CMEMS,2026-09-10
24.91667,-81.33333,-0.06266,0.05068,0.0806,309.0,CMEMS,2026-09-10
24.91667,-81.25,-0.05465,0.0537,0.0766,314.5,CMEMS,2026-09-10
24.91667,-81.16666,-0.04566,0.05185,0.0691,318.6,CMEMS,2026-09-10
24.91667,-81.08333,-0.03721,0.04741,0.0603,321.9,CMEMS,2026-09-10
24.91667,-81.0,-0.0296,0.04136,0.0509,324.4,CMEMS,2026-09-10
24.91667,-80.91666,-0.02371,0.03646,0.0435,327.0,CMEMS,2026-09-10
24.91667,-80.83333,-0.01884,0.03374,0.0386,330.8,CMEMS,2026-09-10
24.91667,-80.75,-0.01645,0.03054,0.0347,331.7,CMEMS,2026-09-10
24.91667,-80.66666,-0.0191,0.03515,0.04,331.5,CMEMS,2026-09-10
24.91667,-80.58333,-0.00192,0.07441,0.0744,358.5,CMEMS,2026-09-10
24.91667,-80.5,0.16858,0.25454,0.3053,33.5,CMEMS,2026-09-10
24.91667,-80.41666,0.49856,0.42989,0.6583,49.2,CMEMS,2026-09-10
24.91667,-80.33333,0.74369,0.75414,1.0592,44.6,CMEMS,2026-09-10
24.91667,-80.25,0.81549,0.97205,1.2688,40.0,CMEMS,2026-09-10
24.91667,-80.16666,0.8022,1.06011,1.3294,37.1,CMEMS,2026-09-10
24.91667,-80.08333,0.74609,1.11077,1.3381,33.9,CMEMS,2026-09-10
24.91667,-80.0,0.67362,1.12103,1.3079,31.0,CMEMS,2026-09-10
24.91667,-79.91666,0.60935,1.07515,1.2358,29.5,CMEMS,2026-09-10
24.91667,-79.83333,0.55034,0.97899,1.1231,29.3,CMEMS,2026-09-10
24.91667,-79.75,0.47523,0.84421,0.9688,29.4,CMEMS,2026-09-10
24.91667,-79.66666,0.37791,0.68223,0.7799,29.0,CMEMS,2026-09-10
24.91667,-79.58333,0.27435,0.50616,0.5757,28.5,CMEMS,2026-09-10
24.91667,-79.5,0.18297,0.31421,0.3636,30.2,CMEMS,2026-09-10
24.91667,-79.41666,0.10869,0.12002,0.1619,42.2,CMEMS,2026-09-10
24.91667,-79.33333,0.05861,0.03205,0.0668,61.3,CMEMS,2026-09-10
24.91667,-79.25,0.02669,0.12029,0.1232,12.5,CMEMS,2026-09-10
24.91667,-79.16666,-0.01182,0.09183,0.0926,352.7,CMEMS,2026-09-10
24.91667,-79.08333,-0.03554,0.01309,0.0379,290.2,CMEMS,2026-09-10
24.91667,-79.0,-0.03164,0.02907,0.043,312.6,CMEMS,2026-09-10
24.91667,-78.91666,-0.02511,0.04101,0.0481,328.5,CMEMS,2026-09-10
24.91667,-78.83333,-0.02346,0.04535,0.0511,332.7,CMEMS,2026-09-10
24.91667,-78.75,-0.02641,0.04561,0.0527,329.9,CMEMS,2026-09-10
24.91667,-78.66666,-0.01966,0.04177,0.0462,334.8,CMEMS,2026-09-10
24.91667,-78.58333,-0.00841,0.04187,0.0427,348.6,CMEMS,2026-09-10
24.91667,-78.5,-0.00478,0.03679,0.0371,352.6,CMEMS,2026-09-10
24.91667,-78.41666,-0.0044,0.03052,0.0308,351.8,CMEMS,2026-09-10
24.91667,-78.33333,-0.00855,0.0334,0.0345,345.6,CMEMS,2026-09-10
24.91667,-78.25,-0.01913,0.03836,0.0429,333.5,CMEMS,2026-09-10
24.91667,-77.91666,-0.07486,0.0802,0.1097,317.0,CMEMS,2026-09-10
24.91667,-77.83333,-0.05452,0.09956,0.1135,331.3,CMEMS,2026-09-10
24.91667,-77.75,-0.02345,0.06327,0.0675,339.7,CMEMS,2026-09-10
24.91667,-77.66666,-0.02067,0.05571,0.0594,339.6,CMEMS,2026-09-10
24.91667,-77.58333,-0.04978,0.10644,0.1175,334.9,CMEMS,2026-09-10
24.91667,-77.5,-0.08114,0.10725,0.1345,322.9,CMEMS,2026-09-10
24.91667,-77.41666,-0.05943,0.08317,0.1022,324.5,CMEMS,2026-09-10
24.91667,-77.33333,-0.02782,0.03806,0.0471,323.8,CMEMS,2026-09-10
24.91667,-77.25,-0.03047,0.02934,0.0423,313.9,CMEMS,2026-09-10
24.91667,-77.16666,-0.03448,0.05135,0.0619,326.1,CMEMS,2026-09-10
24.91667,-77.08333,-0.01998,0.04982,0.0537,338.1,CMEMS,2026-09-10
24.91667,-77.0,-0.00778,0.0731,0.0735,353.9,CMEMS,2026-09-10
24.91667,-76.91666,-0.02596,0.06415,0.0692,338.0,CMEMS,2026-09-10
24.91667,-76.83333,-0.04503,0.06947,0.0828,327.0,CMEMS,2026-09-10
24.91667,-76.75,-0.03574,0.06628,0.0753,331.7,CMEMS,2026-09-10
24.91667,-76.66666,-0.02972,0.0867,0.0917,341.1,CMEMS,2026-09-10
24.91667,-76.58333,-0.03083,0.08604,0.0914,340.3,CMEMS,2026-09-10
24.91667,-76.5,-0.0269,0.09022,0.0941,343.4,CMEMS,2026-09-10
24.91667,-76.41666,-0.02844,0.08077,0.0856,340.6,CMEMS,2026-09-10
24.91667,-76.33333,-0.02465,0.08027,0.084,342.9,CMEMS,2026-09-10
24.91667,-76.25,-0.0236,0.06373,0.068,339.7,CMEMS,2026-09-10
24.91667,-76.16666,-0.03301,0.0765,0.0833,336.7,CMEMS,2026-09-10
25.0,-83.08333,-0.02588,0.13076,0.1333,348.8,CMEMS,2026-09-10
25.0,-83.0,-0.03389,0.10489,0.1102,342.1,CMEMS,2026-09-10
25.0,-82.91666,-0.03399,0.08064,0.0875,337.1,CMEMS,2026-09-10
25.0,-82.83333,-0.03093,0.07776,0.0837,338.3,CMEMS,2026-09-10
25.0,-82.75,-0.03292,0.07978,0.0863,337.6,CMEMS,2026-09-10
25.0,-82.66666,-0.03579,0.0784,0.0862,335.5,CMEMS,2026-09-10
25.0,-82.58333,-0.03775,0.07682,0.0856,333.8,CMEMS,2026-09-10
25.0,-82.5,-0.03683,0.07804,0.0863,334.7,CMEMS,2026-09-10
25.0,-82.41666,-0.03474,0.07249,0.0804,334.4,CMEMS,2026-09-10
25.0,-82.33333,-0.03383,0.06657,0.0747,333.1,CMEMS,2026-09-10
25.0,-82.25,-0.03488,0.06089,0.0702,330.2,CMEMS,2026-09-10
25.0,-82.16666,-0.0378,0.0609,0.0717,328.2,CMEMS,2026-09-10
25.0,-82.08333,-0.04078,0.05784,0.0708,324.8,CMEMS,2026-09-10
25.0,-82.0,-0.04267,0.05811,0.0721,323.7,CMEMS,2026-09-10
25.0,-81.91666,-0.04392,0.05674,0.0718,322.3,CMEMS,2026-09-10
25.0,-81.83333,-0.0448,0.05632,0.072,321.5,CMEMS,2026-09-10
25.0,-81.75,-0.04573,0.05334,0.0703,319.4,CMEMS,2026-09-10
25.0,-81.66666,-0.04843,0.04718,0.0676,314.3,CMEMS,2026-09-10
25.0,-81.58333,-0.05375,0.04401,0.0695,309.3,CMEMS,2026-09-10
25.0,-81.5,-0.05998,0.04444,0.0746,306.5,CMEMS,2026-09-10
25.0,-81.41666,-0.06359,0.0447,0.0777,305.1,CMEMS,2026-09-10
25.0,-81.33333,-0.06374,0.04652,0.0789,306.1,CMEMS,2026-09-10
25.0,-81.25,-0.06152,0.04712,0.0775,307.4,CMEMS,2026-09-10
25.0,-81.16666,-0.05745,0.0444,0.0726,307.7,CMEMS,2026-09-10
25.0,-81.08333,-0.05183,0.03922,0.065,307.1,CMEMS,2026-09-10
25.0,-81.0,-0.04471,0.03314,0.0556,306.5,CMEMS,2026-09-10
25.0,-80.91666,-0.03609,0.02882,0.0462,308.6,CMEMS,2026-09-10
25.0,-80.83333,-0.02603,0.02566,0.0366,314.6,CMEMS,2026-09-10
25.0,-80.75,-0.01532,0.02503,0.0293,328.5,CMEMS,2026-09-10
25.0,-80.66666,-0.00544,0.03298,0.0334,350.6,CMEMS,2026-09-10
25.0,-80.58333,0.00363,0.05456,0.0547,3.8,CMEMS,2026-09-10
25.0,-80.5,0.0379,0.0903,0.0979,22.8,CMEMS,2026-09-10
25.0,-80.41666,0.15258,0.1205,0.1944,51.7,CMEMS,2026-09-10
25.0,-80.33333,0.43011,0.33865,0.5474,51.8,CMEMS,2026-09-10
25.0,-80.25,0.69125,0.8741,1.1144,38.3,CMEMS,2026-09-10
25.0,-80.16666,0.76018,1.11843,1.3523,34.2,CMEMS,2026-09-10
25.0,-80.08333,0.72825,1.16574,1.3745,32.0,CMEMS,2026-09-10
25.0,-80.0,0.65687,1.17277,1.3442,29.3,CMEMS,2026-09-10
25.0,-79.91666,0.57922,1.14312,1.2815,26.9,CMEMS,2026-09-10
25.0,-79.83333,0.51195,1.06336,1.1802,25.7,CMEMS,2026-09-10
25.0,-79.75,0.44148,0.94128,1.0397,25.1,CMEMS,2026-09-10
25.0,-79.66666,0.35564,0.79008,0.8664,24.2,CMEMS,2026-09-10
25.0,-79.58333,0.26256,0.61839,0.6718,23.0,CMEMS,2026-09-10
25.0,-79.5,0.17601,0.4227,0.4579,22.6,CMEMS,2026-09-10
25.0,-79.41666,0.09962,0.21124,0.2336,25.2,CMEMS,2026-09-10
25.0,-79.33333,0.05113,0.07032,0.0869,36.0,CMEMS,2026-09-10
25.0,-79.25,0.04297,0.12816,0.1352,18.5,CMEMS,2026-09-10
25.0,-79.16666,0.03599,0.17176,0.1755,11.8,CMEMS,2026-09-10
25.0,-79.08333,0.01119,0.04361,0.045,14.4,CMEMS,2026-09-10
25.0,-79.0,-0.00938,0.03052,0.0319,342.9,CMEMS,2026-09-10
25.0,-78.91666,-0.01788,0.04032,0.0441,336.1,CMEMS,2026-09-10
25.0,-78.83333,-0.02122,0.04504,0.0498,334.8,CMEMS,2026-09-10
25.0,-78.75,-0.02273,0.04705,0.0523,334.2,CMEMS,2026-09-10
25.0,-78.66666,-0.02097,0.0467,0.0512,335.8,CMEMS,2026-09-10
25.0,-78.58333,-0.0193,0.03973,0.0442,334.1,CMEMS,2026-09-10
25.0,-78.5,-0.02103,0.03591,0.0416,329.6,CMEMS,2026-09-10
25.0,-78.41666,-0.02493,0.03347,0.0417,323.3,CMEMS,2026-09-10
25.0,-78.33333,-0.02702,0.03406,0.0435,321.6,CMEMS,2026-09-10
25.0,-78.25,-0.02667,0.03515,0.0441,322.8,CMEMS,2026-09-10
25.0,-78.16666,-0.03527,0.03465,0.0494,314.5,CMEMS,2026-09-10
25.0,-77.91666,-0.04977,0.08616,0.0995,330.0,CMEMS,2026-09-10
25.0,-77.83333,-0.03578,0.07877,0.0865,335.6,CMEMS,2026-09-10
25.0,-77.75,-0.02954,0.04996,0.058,329.4,CMEMS,2026-09-10
25.0,-77.66666,-0.02251,0.04526,0.0505,333.6,CMEMS,2026-09-10
25.0,-77.58333,-0.02282,0.10403,0.1065,347.6,CMEMS,2026-09-10
25.0,-77.5,-0.03933,0.08844,0.0968,336.0,CMEMS,2026-09-10
25.0,-77.33333,-0.00371,0.04876,0.0489,355.6,CMEMS,2026-09-10
25.0,-77.25,0.00363,0.05635,0.0565,3.7,CMEMS,2026-09-10
25.0,-77.16666,-0.01834,0.04874,0.0521,339.4,CMEMS,2026-09-10
25.0,-77.08333,-0.02581,0.04911,0.0555,332.3,CMEMS,2026-09-10
25.0,-77.0,-0.02666,0.06952,0.0745,339.0,CMEMS,2026-09-10
25.0,-76.91666,-0.0342,0.07666,0.0839,336.0,CMEMS,2026-09-10
25.0,-76.83333,-0.02531,0.05025,0.0563,333.3,CMEMS,2026-09-10
25.0,-76.75,-0.02706,0.06028,0.0661,335.8,CMEMS,2026-09-10
25.0,-76.66666,-0.04971,0.09009,0.1029,331.1,CMEMS,2026-09-10
25.0,-76.58333,-0.05573,0.08344,0.1003,326.3,CMEMS,2026-09-10
25.0,-76.5,-0.05132,0.09554,0.1085,331.8,CMEMS,2026-09-10
25.0,-76.41666,-0.0344,0.08753,0.094,338.5,CMEMS,2026-09-10
25.0,-76.33333,-0.02658,0.08176,0.086,342.0,CMEMS,2026-09-10
25.0,-76.25,-0.03854,0.08181,0.0904,334.8,CMEMS,2026-09-10
25.0,-76.16666,-0.04861,0.08757,0.1002,331.0,CMEMS,2026-09-10
25.08334,-83.08333,-0.03889,0.12584,0.1317,342.8,CMEMS,2026-09-10
25.08334,-83.0,-0.04001,0.09199,0.1003,336.5,CMEMS,2026-09-10
25.08334,-82.91666,-0.03357,0.06691,0.0749,333.4,CMEMS,2026-09-10
25.08334,-82.83333,-0.02774,0.07527,0.0802,339.8,CMEMS,2026-09-10
25.08334,-82.75,-0.02951,0.08245,0.0876,340.3,CMEMS,2026-09-10
25.08334,-82.66666,-0.03357,0.08049,0.0872,337.4,CMEMS,2026-09-10
25.08334,-82.58333,-0.03714,0.0771,0.0856,334.3,CMEMS,2026-09-10
25.08334,-82.5,-0.03912,0.07561,0.0851,332.6,CMEMS,2026-09-10
25.08334,-82.41666,-0.03857,0.06942,0.0794,330.9,CMEMS,2026-09-10
25.08334,-82.33333,-0.03657,0.06592,0.0754,331.0,CMEMS,2026-09-10
25.08334,-82.25,-0.0374,0.0631,0.0734,329.3,CMEMS,2026-09-10
25.08334,-82.16666,-0.04044,0.06269,0.0746,327.2,CMEMS,2026-09-10
25.08334,-82.08333,-0.04275,0.05826,0.0723,323.7,CMEMS,2026-09-10
25.08334,-82.0,-0.04387,0.05688,0.0718,322.4,CMEMS,2026-09-10
25.08334,-81.91666,-0.04487,0.05362,0.0699,320.1,CMEMS,2026-09-10
25.08334,-81.83333,-0.0462,0.05367,0.0708,319.3,CMEMS,2026-09-10
25.08334,-81.75,-0.04767,0.05191,0.0705,317.4,CMEMS,2026-09-10
25.08334,-81.66666,-0.05007,0.0479,0.0693,313.7,CMEMS,2026-09-10
25.08334,-81.58333,-0.05382,0.04416,0.0696,309.4,CMEMS,2026-09-10
25.08334,-81.5,-0.05732,0.04394,0.0722,307.5,CMEMS,2026-09-10
25.08334,-81.41666,-0.05886,0.04522,0.0742,307.5,CMEMS,2026-09-10
25.08334,-81.33333,-0.05875,0.04572,0.0744,307.9,CMEMS,2026-09-10
25.08334,-81.25,-0.05698,0.04393,0.0719,307.6,CMEMS,2026-09-10
25.08334,-81.16666,-0.05118,0.03715,0.0632,306.0,CMEMS,2026-09-10
25.08334,-81.08333,-0.04031,0.03436,0.053,310.4,CMEMS,2026-09-10
25.08334,-81.0,-0.02682,0.03145,0.0413,319.5,CMEMS,2026-09-10
25.08334,-80.91666,-0.01296,0.02668,0.0297,334.1,CMEMS,2026-09-10
25.08334,-80.83333,0.0006,0.02366,0.0237,1.5,CMEMS,2026-09-10
25.08334,-80.75,0.01307,0.02465,0.0279,27.9,CMEMS,2026-09-10
25.08334,-80.66666,0.02516,0.03759,0.0452,33.8,CMEMS,2026-09-10
25.08334,-80.58333,0.03272,0.04887,0.0588,33.8,CMEMS,2026-09-10
25.08334,-80.5,0.04644,0.05563,0.0725,39.9,CMEMS,2026-09-10
25.08334,-80.41666,0.0677,0.05299,0.086,51.9,CMEMS,2026-09-10
25.08334,-80.33333,0.1428,0.0351,0.1471,76.2,CMEMS,2026-09-10
25.08334,-80.25,0.38517,0.62077,0.7306,31.8,CMEMS,2026-09-10
25.08334,-80.16666,0.59627,1.10871,1.2589,28.3,CMEMS,2026-09-10
25.08334,-80.08333,0.62411,1.25837,1.4046,26.4,CMEMS,2026-09-10
25.08334,-80.0,0.58553,1.24786,1.3784,25.1,CMEMS,2026-09-10
25.08334,-79.91666,0.52266,1.20674,1.3151,23.4,CMEMS,2026-09-10
25.08334,-79.83333,0.45796,1.13207,1.2212,22.0,CMEMS,2026-09-10
25.08334,-79.75,0.38997,1.01814,1.0903,21.0,CMEMS,2026-09-10
25.08334,-79.66666,0.31197,0.8762,0.9301,19.6,CMEMS,2026-09-10
25.08334,-79.58333,0.22949,0.71371,0.7497,17.8,CMEMS,2026-09-10
25.08334,-79.5,0.15222,0.52026,0.5421,16.3,CMEMS,2026-09-10
25.08334,-79.41666,0.08306,0.29307,0.3046,15.8,CMEMS,2026-09-10
25.08334,-79.33333,0.04006,0.09996,0.1077,21.8,CMEMS,2026-09-10
25.08334,-79.25,0.03256,0.12583,0.13,14.5,CMEMS,2026-09-10
25.08334,-79.16666,0.01203,0.22479,0.2251,3.1,CMEMS,2026-09-10
25.08334,-79.08333,-0.00412,0.06395,0.0641,356.3,CMEMS,2026-09-10
25.08334,-79.0,-0.00305,0.04544,0.0455,356.2,CMEMS,2026-09-10
25.08334,-78.91666,-0.01219,0.04703,0.0486,345.5,CMEMS,2026-09-10
25.08334,-78.83333,-0.01903,0.04783,0.0515,338.3,CMEMS,2026-09-10
25.08334,-78.75,-0.02251,0.04757,0.0526,334.7,CMEMS,2026-09-10
25.08334,-78.66666,-0.0237,0.04456,0.0505,332.0,CMEMS,2026-09-10
25.08334,-78.58333,-0.02476,0.0403,0.0473,328.4,CMEMS,2026-09-10
25.08334,-78.5,-0.02638,0.03752,0.0459,324.9,CMEMS,2026-09-10
25.08334,-78.41666,-0.02645,0.03342,0.0426,321.6,CMEMS,2026-09-10
25.08334,-78.33333,-0.02663,0.02877,0.0392,317.2,CMEMS,2026-09-10
25.08334,-78.25,-0.02902,0.02832,0.0406,314.3,CMEMS,2026-09-10
25.08334,-77.91666,-0.05693,0.13628,0.1477,337.3,CMEMS,2026-09-10
25.08334,-77.83333,-0.05292,0.05795,0.0785,317.6,CMEMS,2026-09-10
25.08334,-77.75,-0.05448,0.0473,0.0722,311.0,CMEMS,2026-09-10
25.08334,-77.66666,-0.04003,0.01809,0.0439,294.3,CMEMS,2026-09-10
25.08334,-77.58333,-0.01049,0.06585,0.0667,351.0,CMEMS,2026-09-10
25.08334,-77.5,0.0119,0.07378,0.0747,9.2,CMEMS,2026-09-10
25.08334,-77.41666,0.01889,0.02859,0.0343,33.5,CMEMS,2026-09-10
25.08334,-77.25,-0.00471,0.07998,0.0801,356.6,CMEMS,2026-09-10
25.08334,-77.16666,-0.03409,0.07079,0.0786,334.3,CMEMS,2026-09-10
25.08334,-77.08333,-0.05203,0.06811,0.0857,322.6,CMEMS,2026-09-10
25.08334,-77.0,-0.05506,0.06321,0.0838,318.9,CMEMS,2026-09-10
25.08334,-76.91666,-0.05002,0.053,0.0729,316.7,CMEMS,2026-09-10
25.08334,-76.83333,-0.03004,0.02248,0.0375,306.8,CMEMS,2026-09-10
25.08334,-76.75,-0.02949,0.05276,0.0604,330.8,CMEMS,2026-09-10
25.08334,-76.66666,-0.04072,0.0824,0.0919,333.7,CMEMS,2026-09-10
25.08334,-76.58333,-0.04733,0.07395,0.0878,327.4,CMEMS,2026-09-10
25.08334,-76.5,-0.04404,0.09875,0.1081,336.0,CMEMS,2026-09-10
25.08334,-76.41666,-0.03395,0.09446,0.1004,340.2,CMEMS,2026-09-10
25.08334,-76.33333,-0.04139,0.09492,0.1035,336.4,CMEMS,2026-09-10
25.08334,-76.25,-0.05122,0.09534,0.1082,331.8,CMEMS,2026-09-10
25.08334,-76.16666,-0.05874,0.10279,0.1184,330.3,CMEMS,2026-09-10
25.16667,-83.08333,-0.04158,0.12046,0.1274,341.0,CMEMS,2026-09-10
25.16667,-83.0,-0.03831,0.08188,0.0904,334.9,CMEMS,2026-09-10
25.16667,-82.91666,-0.03233,0.05681,0.0654,330.4,CMEMS,2026-09-10
25.16667,-82.83333,-0.02763,0.06847,0.0738,338.0,CMEMS,2026-09-10
25.16667,-82.75,-0.02932,0.08263,0.0877,340.5,CMEMS,2026-09-10
25.16667,-82.66666,-0.03472,0.08352,0.0905,337.4,CMEMS,2026-09-10
25.16667,-82.58333,-0.04006,0.07912,0.0887,333.1,CMEMS,2026-09-10
25.16667,-82.5,-0.04457,0.07572,0.0879,329.5,CMEMS,2026-09-10
25.16667,-82.41666,-0.04548,0.0678,0.0816,326.1,CMEMS,2026-09-10
25.16667,-82.33333,-0.04191,0.06369,0.0762,326.7,CMEMS,2026-09-10
25.16667,-82.25,-0.03919,0.0649,0.0758,328.9,CMEMS,2026-09-10
25.16667,-82.16666,-0.03899,0.06412,0.075,328.7,CMEMS,2026-09-10
25.16667,-82.08333,-0.04061,0.05966,0.0722,325.8,CMEMS,2026-09-10
25.16667,-82.0,-0.04145,0.05619,0.0698,323.6,CMEMS,2026-09-10
25.16667,-81.91666,-0.04135,0.05378,0.0678,322.4,CMEMS,2026-09-10
25.16667,-81.83333,-0.04178,0.05375,0.0681,322.1,CMEMS,2026-09-10
25.16667,-81.75,-0.04285,0.05044,0.0662,319.7,CMEMS,2026-09-10
25.16667,-81.66666,-0.04507,0.04648,0.0647,315.9,CMEMS,2026-09-10
25.16667,-81.58333,-0.04786,0.04237,0.0639,311.5,CMEMS,2026-09-10
25.16667,-81.5,-0.0489,0.04072,0.0636,309.8,CMEMS,2026-09-10
25.16667,-81.41666,-0.04625,0.04125,0.062,311.7,CMEMS,2026-09-10
25.16667,-81.33333,-0.04051,0.04006,0.057,314.7,CMEMS,2026-09-10
25.16667,-81.25,-0.03509,0.03559,0.05,315.4,CMEMS,2026-09-10
25.16667,-81.16666,-0.02496,0.01989,0.0319,308.5,CMEMS,2026-09-10
25.16667,-81.08333,-0.00378,0.02426,0.0246,351.1,CMEMS,2026-09-10
25.16667,-81.0,0.01854,0.02727,0.033,34.2,CMEMS,2026-09-10
25.16667,-80.91666,0.03325,0.02726,0.043,50.7,CMEMS,2026-09-10
25.16667,-80.83333,0.04279,0.02497,0.0495,59.7,CMEMS,2026-09-10
25.16667,-80.75,0.05129,0.03393,0.0615,56.5,CMEMS,2026-09-10
25.16667,-80.66666,0.06212,0.04768,0.0783,52.5,CMEMS,2026-09-10
25.16667,-80.58333,0.06044,0.04981,0.0783,50.5,CMEMS,2026-09-10
25.16667,-80.5,0.06414,0.051,0.0819,51.5,CMEMS,2026-09-10
25.16667,-80.41666,0.08896,0.05472,0.1044,58.4,CMEMS,2026-09-10
25.16667,-80.33333,0.07697,0.04998,0.0918,57.0,CMEMS,2026-09-10
25.16667,-80.25,0.19771,0.09075,0.2175,65.3,CMEMS,2026-09-10
25.16667,-80.16666,0.42629,0.79628,0.9032,28.2,CMEMS,2026-09-10
25.16667,-80.08333,0.51568,1.27028,1.371,22.1,CMEMS,2026-09-10
25.16667,-80.0,0.49479,1.3719,1.4584,19.8,CMEMS,2026-09-10
25.16667,-79.91666,0.44191,1.31013,1.3827,18.6,CMEMS,2026-09-10
25.16667,-79.83333,0.38541,1.21081,1.2707,17.7,CMEMS,2026-09-10
25.16667,-79.75,0.32402,1.08989,1.137,16.6,CMEMS,2026-09-10
25.16667,-79.66666,0.25566,0.95259,0.9863,15.0,CMEMS,2026-09-10
25.16667,-79.58333,0.18303,0.79876,0.8195,12.9,CMEMS,2026-09-10
25.16667,-79.5,0.11446,0.60206,0.6128,10.8,CMEMS,2026-09-10
25.16667,-79.41666,0.05483,0.35608,0.3603,8.8,CMEMS,2026-09-10
25.16667,-79.33333,0.00254,0.12676,0.1268,1.1,CMEMS,2026-09-10
25.16667,-79.25,-0.03928,0.15001,0.1551,345.3,CMEMS,2026-09-10
25.16667,-79.16666,-0.03906,0.21321,0.2168,349.6,CMEMS,2026-09-10
25.16667,-79.08333,-0.0109,0.06278,0.0637,350.2,CMEMS,2026-09-10
25.16667,-79.0,-0.00532,0.05746,0.0577,354.7,CMEMS,2026-09-10
25.16667,-78.91666,-0.01362,0.05427,0.056,345.9,CMEMS,2026-09-10
25.16667,-78.83333,-0.01927,0.0522,0.0556,339.7,CMEMS,2026-09-10
25.16667,-78.75,-0.02292,0.0495,0.0545,335.2,CMEMS,2026-09-10
25.16667,-78.66666,-0.02564,0.04547,0.0522,330.6,CMEMS,2026-09-10
25.16667,-78.58333,-0.02861,0.04157,0.0505,325.5,CMEMS,2026-09-10
25.16667,-78.5,-0.03087,0.03686,0.0481,320.1,CMEMS,2026-09-10
25.16667,-78.41666,-0.03017,0.02825,0.0413,313.1,CMEMS,2026-09-10
25.16667,-78.33333,-0.03303,0.01951,0.0384,300.6,CMEMS,2026-09-10
25.16667,-78.25,-0.04348,0.02445,0.0499,299.3,CMEMS,2026-09-10
25.16667,-78.0,-0.09075,0.13668,0.1641,326.4,CMEMS,2026-09-10
25.16667,-77.91666,-0.0686,0.14525,0.1606,334.7,CMEMS,2026-09-10
25.16667,-77.83333,-0.06598,0.06962,0.0959,316.5,CMEMS,2026-09-10
25.16667,-77.75,-0.06392,0.03316,0.072,297.4,CMEMS,2026-09-10
25.16667,-77.66666,-0.05204,-0.01433,0.054,254.6,CMEMS,2026-09-10
25.16667,-77.58333,-0.02924,0.01794,0.0343,301.5,CMEMS,2026-09-10
25.16667,-77.5,0.00931,0.03777,0.0389,13.8,CMEMS,2026-09-10
25.16667,-77.41666,0.0384,0.00663,0.039,80.2,CMEMS,2026-09-10
25.16667,-77.33333,0.0566,0.06433,0.0857,41.3,CMEMS,2026-09-10
25.16667,-77.25,0.05278,0.13803,0.1478,20.9,CMEMS,2026-09-10
25.16667,-77.16666,0.0131,0.13975,0.1404,5.4,CMEMS,2026-09-10
25.16667,-77.08333,-0.0301,0.07625,0.082,338.5,CMEMS,2026-09-10
25.16667,-77.0,-0.03637,0.07318,0.0817,333.6,CMEMS,2026-09-10
25.16667,-76.91666,-0.0267,0.06627,0.0715,338.1,CMEMS,2026-09-10
25.16667,-76.83333,-0.01094,0.02713,0.0293,338.0,CMEMS,2026-09-10
25.16667,-76.75,-0.0123,0.0667,0.0678,349.6,CMEMS,2026-09-10
25.16667,-76.66666,-0.03267,0.09019,0.0959,340.1,CMEMS,2026-09-10
25.16667,-76.58333,-0.0357,0.07116,0.0796,333.4,CMEMS,2026-09-10
25.16667,-76.5,-0.0308,0.08964,0.0948,341.0,CMEMS,2026-09-10
25.16667,-76.41666,-0.02943,0.09751,0.1019,343.2,CMEMS,2026-09-10
25.16667,-76.33333,-0.03953,0.1117,0.1185,340.5,CMEMS,2026-09-10
25.16667,-76.25,-0.05069,0.10594,0.1174,334.4,CMEMS,2026-09-10
25.16667,-76.16666,-0.03188,0.09092,0.0963,340.7,CMEMS,2026-09-10
25.25,-83.08333,-0.03554,0.11607,0.1214,343.0,CMEMS,2026-09-10
25.25,-83.0,-0.0299,0.07849,0.084,339.1,CMEMS,2026-09-10
25.25,-82.91666,-0.02814,0.05564,0.0624,333.2,CMEMS,2026-09-10
25.25,-82.83333,-0.02728,0.06409,0.0697,336.9,CMEMS,2026-09-10
25.25,-82.75,-0.03064,0.08308,0.0885,339.8,CMEMS,2026-09-10
25.25,-82.66666,-0.0371,0.08584,0.0935,336.6,CMEMS,2026-09-10
25.25,-82.58333,-0.04177,0.08308,0.093,333.3,CMEMS,2026-09-10
25.25,-82.5,-0.04527,0.07745,0.0897,329.7,CMEMS,2026-09-10
25.25,-82.41666,-0.04572,0.06629,0.0805,325.4,CMEMS,2026-09-10
25.25,-82.33333,-0.04249,0.06075,0.0741,325.0,CMEMS,2026-09-10
25.25,-82.25,-0.03893,0.06254,0.0737,328.1,CMEMS,2026-09-10
25.25,-82.16666,-0.0373,0.06377,0.0739,329.7,CMEMS,2026-09-10
25.25,-82.08333,-0.0382,0.06025,0.0713,327.6,CMEMS,2026-09-10
25.25,-82.0,-0.04015,0.05615,0.069,324.4,CMEMS,2026-09-10
25.25,-81.91666,-0.04202,0.0554,0.0695,322.8,CMEMS,2026-09-10
25.25,-81.83333,-0.04234,0.05549,0.0698,322.7,CMEMS,2026-09-10
25.25,-81.75,-0.04158,0.05116,0.0659,320.9,CMEMS,2026-09-10
25.25,-81.66666,-0.0417,0.04639,0.0624,318.0,CMEMS,2026-09-10
25.25,-81.58333,-0.04223,0.04061,0.0586,313.9,CMEMS,2026-09-10
25.25,-81.5,-0.04102,0.03585,0.0545,311.1,CMEMS,2026-09-10
25.25,-81.41666,-0.03561,0.03279,0.0484,312.6,CMEMS,2026-09-10
25.25,-81.33333,-0.026,0.02913,0.039,318.3,CMEMS,2026-09-10
25.25,-81.25,-0.02269,0.02494,0.0337,317.7,CMEMS,2026-09-10
25.25,-81.16666,-0.02011,0.01805,0.027,311.9,CMEMS,2026-09-10
25.25,-80.58333,0.06311,0.04969,0.0803,51.8,CMEMS,2026-09-10
25.25,-80.5,0.08104,0.0712,0.1079,48.7,CMEMS,2026-09-10
25.25,-80.41666,0.09571,0.09451,0.1345,45.4,CMEMS,2026-09-10
25.25,-80.33333,0.06484,0.11506,0.1321,29.4,CMEMS,2026-09-10
25.25,-80.25,0.02515,0.07961,0.0835,17.5,CMEMS,2026-09-10
25.25,-80.16666,0.21197,0.7011,0.7324,16.8,CMEMS,2026-09-10
25.25,-80.08333,0.424,1.19665,1.2695,19.5,CMEMS,2026-09-10
25.25,-80.0,0.41434,1.40726,1.467,16.4,CMEMS,2026-09-10
25.25,-79.91666,0.35182,1.39928,1.4428,14.1,CMEMS,2026-09-10
25.25,-79.83333,0.29739,1.29935,1.333,12.9,CMEMS,2026-09-10
25.25,-79.75,0.24917,1.1704,1.1966,12.0,CMEMS,2026-09-10
25.25,-79.66666,0.19388,1.03087,1.0489,10.7,CMEMS,2026-09-10
25.25,-79.58333,0.13102,0.87551,0.8853,8.5,CMEMS,2026-09-10
25.25,-79.5,0.07516,0.68117,0.6853,6.3,CMEMS,2026-09-10
25.25,-79.41666,0.01981,0.42173,0.4222,2.7,CMEMS,2026-09-10
25.25,-79.33333,-0.05047,0.1987,0.205,345.7,CMEMS,2026-09-10
25.25,-79.25,-0.10823,0.20282,0.2299,331.9,CMEMS,2026-09-10
25.25,-79.16666,-0.05843,0.16729,0.1772,340.7,CMEMS,2026-09-10
25.25,-79.08333,0.00071,0.06592,0.0659,0.6,CMEMS,2026-09-10
25.25,-79.0,-0.01085,0.06417,0.0651,350.4,CMEMS,2026-09-10
25.25,-78.91666,-0.0182,0.06104,0.0637,343.4,CMEMS,2026-09-10
25.25,-78.83333,-0.02329,0.05693,0.0615,337.8,CMEMS,2026-09-10
25.25,-78.75,-0.02709,0.05289,0.0594,332.9,CMEMS,2026-09-10
25.25,-78.66666,-0.03074,0.04949,0.0583,328.2,CMEMS,2026-09-10
25.25,-78.58333,-0.03655,0.0457,0.0585,321.3,CMEMS,2026-09-10
25.25,-78.5,-0.0436,0.04012,0.0592,312.6,CMEMS,2026-09-10
25.25,-78.41666,-0.04794,0.02724,0.0551,299.6,CMEMS,2026-09-10
25.25,-78.33333,-0.05001,0.01838,0.0533,290.2,CMEMS,2026-09-10
25.25,-78.25,-0.05332,0.02494,0.0589,295.1,CMEMS,2026-09-10
25.25,-78.16666,-0.0695,0.03615,0.0783,297.5,CMEMS,2026-09-10
25.25,-78.08333,-0.09717,0.06386,0.1163,303.3,CMEMS,2026-09-10
25.25,-78.0,-0.06503,0.20553,0.2156,342.4,CMEMS,2026-09-10
25.25,-77.91666,-0.02564,0.13088,0.1334,348.9,CMEMS,2026-09-10
25.25,-77.83333,-0.033,0.08515,0.0913,338.8,CMEMS,2026-09-10
25.25,-77.75,-0.03082,0.02257,0.0382,306.2,CMEMS,2026-09-10
25.25,-77.66666,-0.0312,-0.02983,0.0432,226.3,CMEMS,2026-09-10
25.25,-77.58333,-0.02262,-0.02289,0.0322,224.7,CMEMS,2026-09-10
25.25,-77.5,0.02484,-0.0443,0.0508,150.7,CMEMS,2026-09-10
25.25,-77.41666,0.07762,-0.07574,0.1085,134.3,CMEMS,2026-09-10
25.25,-77.33333,0.11981,-0.04508,0.128,110.6,CMEMS,2026-09-10
25.25,-77.25,0.14831,0.12448,0.1936,50.0,CMEMS,2026-09-10
25.25,-77.16666,0.1285,0.20847,0.2449,31.6,CMEMS,2026-09-10
25.25,-77.08333,0.05386,0.17474,0.1828,17.1,CMEMS,2026-09-10
25.25,-77.0,-0.01921,0.07824,0.0806,346.2,CMEMS,2026-09-10
25.25,-76.91666,-0.04739,0.07017,0.0847,326.0,CMEMS,2026-09-10
25.25,-76.83333,-0.0372,0.00861,0.0382,283.0,CMEMS,2026-09-10
25.25,-76.75,-0.02666,0.06562,0.0708,337.9,CMEMS,2026-09-10
25.25,-76.66666,-0.0291,0.07078,0.0765,337.6,CMEMS,2026-09-10
25.25,-76.58333,-0.01469,0.08992,0.0911,350.7,CMEMS,2026-09-10
25.25,-76.5,-0.0044,0.08907,0.0892,357.2,CMEMS,2026-09-10
25.25,-76.41666,-0.01432,0.1015,0.1025,352.0,CMEMS,2026-09-10
25.25,-76.33333,-0.0249,0.12003,0.1226,348.3,CMEMS,2026-09-10
25.25,-76.25,-0.01917,0.09055,0.0926,348.0,CMEMS,2026-09-10
25.25,-76.16666,0.03162,0.0014,0.0317,87.5,CMEMS,2026-09-10
25.33334,-83.08333,-0.02496,0.11378,0.1165,347.6,CMEMS,2026-09-10
25.33334,-83.0,-0.0183,0.08128,0.0833,347.3,CMEMS,2026-09-10
25.33334,-82.91666,-0.02015,0.06335,0.0665,342.4,CMEMS,2026-09-10
25.33334,-82.83333,-0.02377,0.06968,0.0736,341.2,CMEMS,2026-09-10
25.33334,-82.75,-0.02951,0.08516,0.0901,340.9,CMEMS,2026-09-10
25.33334,-82.66666,-0.03559,0.0878,0.0947,337.9,CMEMS,2026-09-10
25.33334,-82.58333,-0.03832,0.08533,0.0935,335.8,CMEMS,2026-09-10
25.33334,-82.5,-0.03942,0.07529,0.085,332.4,CMEMS,2026-09-10
25.33334,-82.41666,-0.03947,0.06551,0.0765,328.9,CMEMS,2026-09-10
25.33334,-82.33333,-0.03858,0.06023,0.0715,327.4,CMEMS,2026-09-10
25.33334,-82.25,-0.03785,0.05929,0.0703,327.4,CMEMS,2026-09-10
25.33334,-82.16666,-0.03763,0.06132,0.0719,328.5,CMEMS,2026-09-10
25.33334,-82.08333,-0.03838,0.05939,0.0707,327.1,CMEMS,2026-09-10
25.33334,-82.0,-0.04013,0.05778,0.0703,325.2,CMEMS,2026-09-10
25.33334,-81.91666,-0.04184,0.05925,0.0725,324.8,CMEMS,2026-09-10
25.33334,-81.83333,-0.04185,0.05701,0.0707,323.7,CMEMS,2026-09-10
25.33334,-81.75,-0.04128,0.05102,0.0656,321.0,CMEMS,2026-09-10
25.33334,-81.66666,-0.04089,0.04587,0.0614,318.3,CMEMS,2026-09-10
25.33334,-81.58333,-0.03939,0.04111,0.0569,316.2,CMEMS,2026-09-10
25.33334,-81.5,-0.03704,0.033,0.0496,311.7,CMEMS,2026-09-10
25.33334,-81.41666,-0.03338,0.02552,0.042,307.4,CMEMS,2026-09-10
25.33334,-81.33333,-0.02666,0.02014,0.0334,307.1,CMEMS,2026-09-10
25.33334,-81.25,-0.0225,0.01908,0.0295,310.3,CMEMS,2026-09-10
25.33334,-81.16666,-0.02142,0.01954,0.029,312.4,CMEMS,2026-09-10
25.33334,-80.33333,0.02017,0.10734,0.1092,10.6,CMEMS,2026-09-10
25.33334,-80.25,0.00948,0.10804,0.1085,5.0,CMEMS,2026-09-10
25.33334,-80.16666,0.1389,0.16552,0.2161,40.0,CMEMS,2026-09-10
25.33334,-80.08333,0.28634,1.1816,1.2158,13.6,CMEMS,2026-09-10
25.33334,-80.0,0.30387,1.48511,1.5159,11.6,CMEMS,2026-09-10
25.33334,-79.91666,0.26854,1.48845,1.5125,10.2,CMEMS,2026-09-10
25.33334,-79.83333,0.2166,1.38441,1.4012,8.9,CMEMS,2026-09-10
25.33334,-79.75,0.17689,1.24992,1.2624,8.1,CMEMS,2026-09-10
25.33334,-79.66666,0.13428,1.10682,1.1149,6.9,CMEMS,2026-09-10
25.33334,-79.58333,0.09109,0.95594,0.9603,5.4,CMEMS,2026-09-10
25.33334,-79.5,0.04502,0.76982,0.7711,3.3,CMEMS,2026-09-10
25.33334,-79.41666,-0.00911,0.48824,0.4883,358.9,CMEMS,2026-09-10
25.33334,-79.33333,-0.06699,0.26151,0.27,345.6,CMEMS,2026-09-10
25.33334,-79.25,-0.085,0.18274,0.2015,335.1,CMEMS,2026-09-10
25.33334,-79.16666,-0.03885,0.12769,0.1335,343.1,CMEMS,2026-09-10
25.33334,-79.08333,-0.01048,0.09152,0.0921,353.5,CMEMS,2026-09-10
25.33334,-79.0,-0.0188,0.07705,0.0793,346.3,CMEMS,2026-09-10
25.33334,-78.91666,-0.02402,0.06826,0.0724,340.6,CMEMS,2026-09-10
25.33334,-78.83333,-0.02746,0.06136,0.0672,335.9,CMEMS,2026-09-10
25.33334,-78.75,-0.03071,0.05622,0.0641,331.3,CMEMS,2026-09-10
25.33334,-78.66666,-0.03372,0.05198,0.062,327.0,CMEMS,2026-09-10
25.33334,-78.58333,-0.03884,0.05101,0.0641,322.7,CMEMS,2026-09-10
25.33334,-78.5,-0.04671,0.04308,0.0635,312.7,CMEMS,2026-09-10
25.33334,-78.41666,-0.0541,0.02365,0.059,293.6,CMEMS,2026-09-10
25.33334,-78.33333,-0.0585,0.01611,0.0607,285.4,CMEMS,2026-09-10
25.33334,-78.25,-0.05445,0.03331,0.0638,301.5,CMEMS,2026-09-10
25.33334,-78.16666,-0.05608,0.05865,0.0811,316.3,CMEMS,2026-09-10
25.33334,-78.08333,-0.06323,0.10999,0.1269,330.1,CMEMS,2026-09-10
25.33334,-78.0,-0.04953,0.19416,0.2004,345.7,CMEMS,2026-09-10
25.33334,-77.91666,-0.02285,0.114,0.1163,348.7,CMEMS,2026-09-10
25.33334,-77.83333,0.00298,0.08225,0.0823,2.1,CMEMS,2026-09-10
25.33334,-77.75,0.01501,0.02728,0.0311,28.8,CMEMS,2026-09-10
25.33334,-77.66666,0.00272,-0.01579,0.016,170.2,CMEMS,2026-09-10
25.33334,-77.58333,0.00877,-0.05718,0.0579,171.3,CMEMS,2026-09-10
25.33334,-77.5,0.04647,-0.09969,0.11,155.0,CMEMS,2026-09-10
25.33334,-77.41666,0.07376,-0.09216,0.118,141.3,CMEMS,2026-09-10
25.33334,-77.33333,0.09537,-0.09796,0.1367,135.8,CMEMS,2026-09-10
25.33334,-77.25,0.13002,0.03338,0.1342,75.6,CMEMS,2026-09-10
25.33334,-77.16666,0.15028,0.21269,0.2604,35.2,CMEMS,2026-09-10
25.33334,-77.08333,0.11629,0.24411,0.2704,25.5,CMEMS,2026-09-10
25.33334,-77.0,0.04797,0.16931,0.176,15.8,CMEMS,2026-09-10
25.33334,-76.91666,0.00767,0.0767,0.0771,5.7,CMEMS,2026-09-10
25.33334,-76.83333,-0.01563,0.01697,0.0231,317.4,CMEMS,2026-09-10
25.33334,-76.75,-0.03357,0.06758,0.0755,333.6,CMEMS,2026-09-10
25.33334,-76.66666,-0.0127,0.08247,0.0834,351.2,CMEMS,2026-09-10
25.33334,-76.58333,0.01333,0.09894,0.0998,7.7,CMEMS,2026-09-10
25.33334,-76.5,-0.00134,0.10013,0.1001,359.2,CMEMS,2026-09-10
25.33334,-76.41666,-0.02519,0.08682,0.0904,343.8,CMEMS,2026-09-10
25.33334,-76.33333,-0.00359,0.10123,0.1013,358.0,CMEMS,2026-09-10
25.33334,-76.25,0.05496,0.04991,0.0742,47.8,CMEMS,2026-09-10
25.33334,-76.16666,0.11667,-0.0709,0.1365,121.3,CMEMS,2026-09-10
25.41667,-83.08333,-0.01572,0.11052,0.1116,351.9,CMEMS,2026-09-10
25.41667,-83.0,-0.01135,0.08492,0.0857,352.4,CMEMS,2026-09-10
25.41667,-82.91666,-0.0162,0.07147,0.0733,347.2,CMEMS,2026-09-10
25.41667,-82.83333,-0.02244,0.07972,0.0828,344.3,CMEMS,2026-09-10
25.41667,-82.75,-0.02866,0.08935,0.0938,342.2,CMEMS,2026-09-10
25.41667,-82.66666,-0.03294,0.08944,0.0953,339.8,CMEMS,2026-09-10
25.41667,-82.58333,-0.03403,0.08357,0.0902,337.8,CMEMS,2026-09-10
25.41667,-82.5,-0.03362,0.07277,0.0802,335.2,CMEMS,2026-09-10
25.41667,-82.41666,-0.03402,0.06714,0.0753,333.1,CMEMS,2026-09-10
25.41667,-82.33333,-0.03516,0.06275,0.0719,330.7,CMEMS,2026-09-10
25.41667,-82.25,-0.03723,0.05939,0.0701,327.9,CMEMS,2026-09-10
25.41667,-82.16666,-0.03861,0.05943,0.0709,327.0,CMEMS,2026-09-10
25.41667,-82.08333,-0.0386,0.05779,0.0695,326.3,CMEMS,2026-09-10
25.41667,-82.0,-0.03844,0.05792,0.0695,326.4,CMEMS,2026-09-10
25.41667,-81.91666,-0.03895,0.05963,0.0712,326.8,CMEMS,2026-09-10
25.41667,-81.83333,-0.04033,0.05579,0.0688,324.1,CMEMS,2026-09-10
25.41667,-81.75,-0.04006,0.05005,0.0641,321.3,CMEMS,2026-09-10
25.41667,-81.66666,-0.03878,0.0438,0.0585,318.5,CMEMS,2026-09-10
25.41667,-81.58333,-0.03662,0.03895,0.0535,316.8,CMEMS,2026-09-10
25.41667,-81.5,-0.03348,0.03081,0.0455,312.6,CMEMS,2026-09-10
25.41667,-81.41666,-0.03141,0.02332,0.0391,306.6,CMEMS,2026-09-10
25.41667,-81.33333,-0.0281,0.01628,0.0325,300.1,CMEMS,2026-09-10
25.41667,-81.25,-0.02418,0.01436,0.0281,300.7,CMEMS,2026-09-10
25.41667,-81.16666,-0.02247,0.01502,0.027,303.8,CMEMS,2026-09-10
25.41667,-80.33333,0.02,0.08706,0.0893,12.9,CMEMS,2026-09-10
25.41667,-80.25,0.03442,0.0917,0.0979,20.6,CMEMS,2026-09-10
25.41667,-80.16666,0.079,0.02388,0.0825,73.2,CMEMS,2026-09-10
25.41667,-80.08333,0.11369,1.07732,1.0833,6.0,CMEMS,2026-09-10
25.41667,-80.0,0.15695,1.51194,1.5201,5.9,CMEMS,2026-09-10
25.41667,-79.91666,0.1785,1.55794,1.5681,6.5,CMEMS,2026-09-10
25.41667,-79.83333,0.14792,1.46148,1.4689,5.8,CMEMS,2026-09-10
25.41667,-79.75,0.11941,1.32697,1.3323,5.1,CMEMS,2026-09-10
25.41667,-79.66666,0.09348,1.18423,1.1879,4.5,CMEMS,2026-09-10
25.41667,-79.58333,0.06541,1.03802,1.0401,3.6,CMEMS,2026-09-10
25.41667,-79.5,0.01705,0.84064,0.8408,1.2,CMEMS,2026-09-10
25.41667,-79.41666,-0.02642,0.54527,0.5459,357.2,CMEMS,2026-09-10
25.41667,-79.33333,-0.05142,0.2832,0.2878,349.7,CMEMS,2026-09-10
25.41667,-79.25,-0.05308,0.10569,0.1183,333.3,CMEMS,2026-09-10
25.41667,-79.16666,-0.03722,0.10306,0.1096,340.1,CMEMS,2026-09-10
25.41667,-79.08333,-0.03167,0.09177,0.0971,341.0,CMEMS,2026-09-10
25.41667,-79.0,-0.03057,0.08098,0.0866,339.3,CMEMS,2026-09-10
25.41667,-78.91666,-0.03062,0.0717,0.078,336.9,CMEMS,2026-09-10
25.41667,-78.83333,-0.03077,0.06431,0.0713,334.4,CMEMS,2026-09-10
25.41667,-78.75,-0.03058,0.05958,0.067,332.8,CMEMS,2026-09-10
25.41667,-78.66666,-0.03339,0.05427,0.0637,328.4,CMEMS,2026-09-10
25.41667,-78.58333,-0.0375,0.04976,0.0623,323.0,CMEMS,2026-09-10
25.41667,-78.5,-0.03894,0.04239,0.0576,317.4,CMEMS,2026-09-10
25.41667,-78.41666,-0.04282,0.02787,0.0511,303.1,CMEMS,2026-09-10
25.41667,-78.33333,-0.04388,0.00767,0.0445,279.9,CMEMS,2026-09-10
25.41667,-78.25,-0.02595,0.00755,0.027,286.2,CMEMS,2026-09-10
25.41667,-78.16666,-0.05704,0.05117,0.0766,311.9,CMEMS,2026-09-10
25.41667,-78.08333,-0.10638,0.04414,0.1152,292.5,CMEMS,2026-09-10
25.41667,-78.0,-0.08219,0.11772,0.1436,325.1,CMEMS,2026-09-10
25.41667,-77.91666,-0.04253,0.07827,0.0891,331.5,CMEMS,2026-09-10
25.41667,-77.83333,-0.01764,0.0643,0.0667,344.7,CMEMS,2026-09-10
25.41667,-77.75,0.00516,0.05535,0.0556,5.3,CMEMS,2026-09-10
25.41667,-77.66666,0.01339,0.02717,0.0303,26.2,CMEMS,2026-09-10
25.41667,-77.58333,0.01515,-0.10867,0.1097,172.1,CMEMS,2026-09-10
25.41667,-77.5,0.01785,-0.12939,0.1306,172.1,CMEMS,2026-09-10
25.41667,-77.41666,0.02822,-0.09345,0.0976,163.2,CMEMS,2026-09-10
25.41667,-77.33333,0.04707,-0.08378,0.0961,150.7,CMEMS,2026-09-10
25.41667,-77.25,0.06736,-0.01906,0.07,105.8,CMEMS,2026-09-10
25.41667,-77.16666,0.09976,0.18831,0.2131,27.9,CMEMS,2026-09-10
25.41667,-77.08333,0.11304,0.29836,0.3191,20.8,CMEMS,2026-09-10
25.41667,-77.0,0.07853,0.2388,0.2514,18.2,CMEMS,2026-09-10
25.41667,-76.91666,0.03765,0.11594,0.1219,18.0,CMEMS,2026-09-10
25.41667,-76.83333,0.01007,0.08673,0.0873,6.6,CMEMS,2026-09-10
25.41667,-76.75,-0.00646,0.07956,0.0798,355.4,CMEMS,2026-09-10
25.41667,-76.58333,0.00951,0.10716,0.1076,5.1,CMEMS,2026-09-10
25.41667,-76.5,0.00379,0.08265,0.0827,2.6,CMEMS,2026-09-10
25.41667,-76.41666,0.02764,0.08496,0.0893,18.0,CMEMS,2026-09-10
25.41667,-76.33333,0.08764,0.05281,0.1023,58.9,CMEMS,2026-09-10
25.41667,-76.25,0.15805,-0.02349,0.1598,98.5,CMEMS,2026-09-10
25.41667,-76.16666,0.20331,-0.12635,0.2394,121.9,CMEMS,2026-09-10
25.5,-83.08333,-0.01345,0.10837,0.1092,352.9,CMEMS,2026-09-10
25.5,-83.0,-0.01241,0.08841,0.0893,352.0,CMEMS,2026-09-10
25.5,-82.91666,-0.01934,0.07449,0.077,345.4,CMEMS,2026-09-10
25.5,-82.83333,-0.02551,0.08495,0.0887,343.3,CMEMS,2026-09-10
25.5,-82.75,-0.02992,0.09225,0.097,342.0,CMEMS,2026-09-10
25.5,-82.66666,-0.03183,0.08828,0.0938,340.2,CMEMS,2026-09-10
25.5,-82.58333,-0.03277,0.07925,0.0858,337.5,CMEMS,2026-09-10
25.5,-82.5,-0.03402,0.07209,0.0797,334.7,CMEMS,2026-09-10
25.5,-82.41666,-0.03532,0.06762,0.0763,332.4,CMEMS,2026-09-10
25.5,-82.33333,-0.03575,0.06632,0.0753,331.7,CMEMS,2026-09-10
25.5,-82.25,-0.03641,0.06216,0.072,329.6,CMEMS,2026-09-10
25.5,-82.16666,-0.03723,0.05861,0.0694,327.6,CMEMS,2026-09-10
25.5,-82.08333,-0.03707,0.05684,0.0679,326.9,CMEMS,2026-09-10
25.5,-82.0,-0.03744,0.05617,0.0675,326.3,CMEMS,2026-09-10
25.5,-81.91666,-0.03921,0.05777,0.0698,325.8,CMEMS,2026-09-10
25.5,-81.83333,-0.04128,0.05242,0.0667,321.8,CMEMS,2026-09-10
25.5,-81.75,-0.04107,0.04559,0.0614,318.0,CMEMS,2026-09-10
25.5,-81.66666,-0.03712,0.04148,0.0557,318.2,CMEMS,2026-09-10
25.5,-81.58333,-0.03148,0.03329,0.0458,316.6,CMEMS,2026-09-10
25.5,-81.5,-0.02711,0.02641,0.0378,314.3,CMEMS,2026-09-10
25.5,-81.41666,-0.02414,0.02057,0.0317,310.4,CMEMS,2026-09-10
25.5,-81.33333,-0.01976,0.01484,0.0247,306.9,CMEMS,2026-09-10
25.5,-81.25,-0.01866,0.01036,0.0213,299.1,CMEMS,2026-09-10
25.5,-81.16666,-0.02013,0.01166,0.0233,300.1,CMEMS,2026-09-10
25.5,-80.33333,0.02397,0.06183,0.0663,21.2,CMEMS,2026-09-10
25.5,-80.25,0.0336,0.059,0.0679,29.7,CMEMS,2026-09-10
25.5,-80.16666,0.05338,-0.00383,0.0535,94.1,CMEMS,2026-09-10
25.5,-80.08333,0.03696,1.00138,1.0021,2.1,CMEMS,2026-09-10
25.5,-80.0,0.06529,1.50699,1.5084,2.5,CMEMS,2026-09-10
25.5,-79.91666,0.11354,1.59855,1.6026,4.1,CMEMS,2026-09-10
25.5,-79.83333,0.10071,1.52497,1.5283,3.8,CMEMS,2026-09-10
25.5,-79.75,0.08308,1.39416,1.3966,3.4,CMEMS,2026-09-10
25.5,-79.66666,0.06798,1.2522,1.254,3.1,CMEMS,2026-09-10
25.5,-79.58333,0.03979,1.09888,1.0996,2.1,CMEMS,2026-09-10
25.5,-79.5,0.00333,0.8958,0.8958,0.2,CMEMS,2026-09-10
25.5,-79.41666,-0.03049,0.60804,0.6088,357.1,CMEMS,2026-09-10
25.5,-79.33333,-0.06074,0.27941,0.2859,347.7,CMEMS,2026-09-10
25.5,-79.25,-0.06407,0.10037,0.1191,327.4,CMEMS,2026-09-10
25.5,-79.16666,-0.05102,0.09448,0.1074,331.6,CMEMS,2026-09-10
25.5,-79.08333,-0.04454,0.08795,0.0986,333.1,CMEMS,2026-09-10
25.5,-79.0,-0.04053,0.07991,0.0896,333.1,CMEMS,2026-09-10
25.5,-78.91666,-0.03836,0.07176,0.0814,331.9,CMEMS,2026-09-10
25.5,-78.83333,-0.03732,0.065,0.075,330.1,CMEMS,2026-09-10
25.5,-78.75,-0.0368,0.05972,0.0701,328.4,CMEMS,2026-09-10
25.5,-78.66666,-0.03852,0.05655,0.0684,325.7,CMEMS,2026-09-10
25.5,-78.58333,-0.03917,0.04767,0.0617,320.6,CMEMS,2026-09-10
25.5,-78.5,-0.03466,0.03407,0.0486,314.5,CMEMS,2026-09-10
25.5,-78.41666,-0.03484,0.02889,0.0453,309.7,CMEMS,2026-09-10
25.5,-78.33333,-0.05309,0.01579,0.0554,286.6,CMEMS,2026-09-10
25.5,-78.25,-0.07373,-0.01479,0.0752,258.7,CMEMS,2026-09-10
25.5,-78.16666,-0.08721,0.00566,0.0874,273.7,CMEMS,2026-09-10
25.5,-78.08333,-0.09178,0.07924,0.1212,310.8,CMEMS,2026-09-10
25.5,-78.0,-0.08511,0.08407,0.1196,314.6,CMEMS,2026-09-10
25.5,-77.91666,-0.05435,0.0739,0.0917,323.7,CMEMS,2026-09-10
25.5,-77.83333,-0.03367,0.06375,0.0721,332.2,CMEMS,2026-09-10
25.5,-77.75,-0.03693,0.06446,0.0743,330.2,CMEMS,2026-09-10
25.5,-77.66666,-0.02338,0.05442,0.0592,336.7,CMEMS,2026-09-10
25.5,-77.58333,-0.00741,-0.13732,0.1375,183.1,CMEMS,2026-09-10
25.5,-77.5,-0.0166,-0.12686,0.1279,187.5,CMEMS,2026-09-10
25.5,-77.41666,-0.01071,-0.10058,0.1011,186.1,CMEMS,2026-09-10
25.5,-77.33333,0.01362,-0.09395,0.0949,171.7,CMEMS,2026-09-10
25.5,-77.25,0.0348,-0.03337,0.0482,133.8,CMEMS,2026-09-10
25.5,-77.16666,0.07262,0.14239,0.1598,27.0,CMEMS,2026-09-10
25.5,-77.08333,0.12438,0.29751,0.3225,22.7,CMEMS,2026-09-10
25.5,-77.0,0.1552,0.34827,0.3813,24.0,CMEMS,2026-09-10
25.5,-76.91666,0.07835,0.20139,0.2161,21.3,CMEMS,2026-09-10
25.5,-76.83333,-0.00215,0.1023,0.1023,358.8,CMEMS,2026-09-10
25.5,-76.75,0.00912,0.08398,0.0845,6.2,CMEMS,2026-09-10
25.5,-76.66666,0.00869,0.06256,0.0632,7.9,CMEMS,2026-09-10
25.5,-76.58333,0.03542,0.06478,0.0738,28.7,CMEMS,2026-09-10
25.5,-76.5,0.12115,0.04562,0.1295,69.4,CMEMS,2026-09-10
25.5,-76.41666,0.20433,0.0184,0.2052,84.9,CMEMS,2026-09-10
25.5,-76.33333,0.26567,-0.02861,0.2672,96.1,CMEMS,2026-09-10
25.5,-76.25,0.29254,-0.08641,0.305,106.5,CMEMS,2026-09-10
25.5,-76.16666,0.27819,-0.13797,0.3105,116.4,CMEMS,2026-09-10
25.58334,-83.08333,-0.0116,0.10578,0.1064,353.7,CMEMS,2026-09-10
25.58334,-83.0,-0.01041,0.0887,0.0893,353.3,CMEMS,2026-09-10
25.58334,-82.91666,-0.0173,0.07424,0.0762,346.9,CMEMS,2026-09-10
25.58334,-82.83333,-0.02379,0.08654,0.0897,344.6,CMEMS,2026-09-10
25.58334,-82.75,-0.0274,0.09061,0.0947,343.2,CMEMS,2026-09-10
25.58334,-82.66666,-0.02868,0.08621,0.0909,341.6,CMEMS,2026-09-10
25.58334,-82.58333,-0.03057,0.07666,0.0825,338.3,CMEMS,2026-09-10
25.58334,-82.5,-0.03335,0.07291,0.0802,335.4,CMEMS,2026-09-10
25.58334,-82.41666,-0.03497,0.06806,0.0765,332.8,CMEMS,2026-09-10
25.58334,-82.33333,-0.03474,0.06601,0.0746,332.2,CMEMS,2026-09-10
25.58334,-82.25,-0.03396,0.06396,0.0724,332.0,CMEMS,2026-09-10
25.58334,-82.16666,-0.03449,0.0596,0.0689,329.9,CMEMS,2026-09-10
25.58334,-82.08333,-0.03639,0.05772,0.0682,327.8,CMEMS,2026-09-10
25.58334,-82.0,-0.03964,0.05532,0.0681,324.4,CMEMS,2026-09-10
25.58334,-81.91666,-0.04291,0.05426,0.0692,321.7,CMEMS,2026-09-10
25.58334,-81.83333,-0.04498,0.0471,0.0651,316.3,CMEMS,2026-09-10
25.58334,-81.75,-0.04418,0.0414,0.0606,313.1,CMEMS,2026-09-10
25.58334,-81.66666,-0.03981,0.03556,0.0534,311.8,CMEMS,2026-09-10
25.58334,-81.58333,-0.03524,0.02815,0.0451,308.6,CMEMS,2026-09-10
25.58334,-81.5,-0.03013,0.02102,0.0367,304.9,CMEMS,2026-09-10
25.58334,-81.41666,-0.02258,0.01613,0.0277,305.5,CMEMS,2026-09-10
25.58334,-81.33333,-0.01841,0.01153,0.0217,302.1,CMEMS,2026-09-10
25.58334,-81.25,-0.01729,0.00787,0.019,294.5,CMEMS,2026-09-10
25.58334,-80.33333,0.02926,0.05124,0.059,29.7,CMEMS,2026-09-10
25.58334,-80.25,0.03447,0.02482,0.0425,54.2,CMEMS,2026-09-10
25.58334,-80.16666,0.04668,-0.01633,0.0495,109.3,CMEMS,2026-09-10
25.58334,-80.08333,0.00303,0.9873,0.9873,0.2,CMEMS,2026-09-10
25.58334,-80.0,0.01399,1.51189,1.512,0.5,CMEMS,2026-09-10
25.58334,-79.91666,0.07998,1.62321,1.6252,2.8,CMEMS,2026-09-10
25.58334,-79.83333,0.07692,1.56888,1.5708,2.8,CMEMS,2026-09-10
25.58334,-79.75,0.06334,1.44267,1.4441,2.5,CMEMS,2026-09-10
25.58334,-79.66666,0.05017,1.29806,1.299,2.2,CMEMS,2026-09-10
25.58334,-79.58333,0.02599,1.14304,1.1433,1.3,CMEMS,2026-09-10
25.58334,-79.5,0.00387,0.95079,0.9508,0.2,CMEMS,2026-09-10
25.58334,-79.41666,-0.03101,0.65154,0.6523,357.3,CMEMS,2026-09-10
25.58334,-79.33333,-0.07261,0.29862,0.3073,346.3,CMEMS,2026-09-10
25.58334,-79.25,-0.07576,0.12354,0.1449,328.5,CMEMS,2026-09-10
25.58334,-79.16666,-0.05929,0.0835,0.1024,324.6,CMEMS,2026-09-10
25.58334,-79.08333,-0.05168,0.08124,0.0963,327.5,CMEMS,2026-09-10
25.58334,-79.0,-0.04735,0.07678,0.0902,328.3,CMEMS,2026-09-10
25.58334,-78.91666,-0.0452,0.07089,0.0841,327.5,CMEMS,2026-09-10
25.58334,-78.83333,-0.04432,0.06537,0.079,325.9,CMEMS,2026-09-10
25.58334,-78.75,-0.04371,0.06096,0.075,324.4,CMEMS,2026-09-10
25.58334,-78.66666,-0.04198,0.05897,0.0724,324.6,CMEMS,2026-09-10
25.58334,-78.58333,-0.04196,0.04468,0.0613,316.8,CMEMS,2026-09-10
25.58334,-78.5,-0.04435,0.02424,0.0505,298.7,CMEMS,2026-09-10
25.58334,-78.41666,-0.05102,0.02765,0.058,298.5,CMEMS,2026-09-10
25.58334,-78.33333,-0.07135,0.04067,0.0821,299.7,CMEMS,2026-09-10
25.58334,-78.25,-0.08978,0.01667,0.0913,280.5,CMEMS,2026-09-10
25.58334,-78.16666,-0.08991,0.01559,0.0913,279.8,CMEMS,2026-09-10
25.58334,-78.08333,-0.08263,0.06727,0.1066,309.2,CMEMS,2026-09-10
25.58334,-78.0,-0.0681,0.0775,0.1032,318.7,CMEMS,2026-09-10
25.58334,-77.91666,-0.05019,0.09398,0.1065,331.9,CMEMS,2026-09-10
25.58334,-77.83333,-0.04617,0.07777,0.0904,329.3,CMEMS,2026-09-10
25.58334,-77.75,-0.0539,0.07052,0.0888,322.6,CMEMS,2026-09-10
25.58334,-77.66666,-0.03472,0.01465,0.0377,292.9,CMEMS,2026-09-10
25.58334,-77.58333,-0.01243,-0.14105,0.1416,185.0,CMEMS,2026-09-10
25.58334,-77.5,-0.02379,-0.10393,0.1066,192.9,CMEMS,2026-09-10
25.58334,-77.41666,-0.02328,-0.10439,0.107,192.6,CMEMS,2026-09-10
25.58334,-77.33333,-0.01137,-0.12344,0.124,185.3,CMEMS,2026-09-10
25.58334,-77.25,0.02764,-0.06778,0.0732,157.8,CMEMS,2026-09-10
25.58334,-77.16666,0.0954,0.0972,0.1362,44.5,CMEMS,2026-09-10
25.58334,-77.08333,0.16127,0.25071,0.2981,32.8,CMEMS,2026-09-10
25.58334,-77.0,0.24038,0.32463,0.4039,36.5,CMEMS,2026-09-10
25.58334,-76.91666,0.28674,0.30518,0.4188,43.2,CMEMS,2026-09-10
25.58334,-76.83333,0.25669,0.13351,0.2893,62.5,CMEMS,2026-09-10
25.58334,-76.75,0.23771,0.07503,0.2493,72.5,CMEMS,2026-09-10
25.58334,-76.66666,0.28042,0.03187,0.2822,83.5,CMEMS,2026-09-10
25.58334,-76.58333,0.32536,-0.01644,0.3258,92.9,CMEMS,2026-09-10
25.58334,-76.5,0.35474,-0.03953,0.3569,96.4,CMEMS,2026-09-10
25.58334,-76.41666,0.37606,-0.05512,0.3801,98.3,CMEMS,2026-09-10
25.58334,-76.33333,0.37555,-0.07055,0.3821,100.6,CMEMS,2026-09-10
25.58334,-76.25,0.34191,-0.07957,0.3511,103.1,CMEMS,2026-09-10
25.58334,-76.16666,0.27553,-0.07611,0.2858,105.4,CMEMS,2026-09-10
25.66667,-83.08333,-0.00883,0.10132,0.1017,355.0,CMEMS,2026-09-10
25.66667,-83.0,-0.00526,0.08431,0.0845,356.4,CMEMS,2026-09-10
25.66667,-82.91666,-0.01138,0.07425,0.0751,351.3,CMEMS,2026-09-10
25.66667,-82.83333,-0.01999,0.08728,0.0895,347.1,CMEMS,2026-09-10
25.66667,-82.75,-0.02593,0.08854,0.0923,343.7,CMEMS,2026-09-10
25.66667,-82.66666,-0.02799,0.08131,0.086,341.0,CMEMS,2026-09-10
25.66667,-82.58333,-0.02982,0.07477,0.0805,338.3,CMEMS,2026-09-10
25.66667,-82.5,-0.0326,0.07276,0.0797,335.9,CMEMS,2026-09-10
25.66667,-82.41666,-0.03369,0.0679,0.0758,333.6,CMEMS,2026-09-10
25.66667,-82.33333,-0.03332,0.06539,0.0734,333.0,CMEMS,2026-09-10
25.66667,-82.25,-0.03304,0.06511,0.073,333.1,CMEMS,2026-09-10
25.66667,-82.16666,-0.03424,0.06223,0.071,331.2,CMEMS,2026-09-10
25.66667,-82.08333,-0.03694,0.0604,0.0708,328.5,CMEMS,2026-09-10
25.66667,-82.0,-0.04131,0.05601,0.0696,323.6,CMEMS,2026-09-10
25.66667,-81.91666,-0.0445,0.04952,0.0666,318.1,CMEMS,2026-09-10
25.66667,-81.83333,-0.04535,0.04164,0.0616,312.6,CMEMS,2026-09-10
25.66667,-81.75,-0.04399,0.03831,0.0583,311.0,CMEMS,2026-09-10
25.66667,-81.66666,-0.04188,0.03166,0.0525,307.1,CMEMS,2026-09-10
25.66667,-81.58333,-0.03986,0.02256,0.0458,299.5,CMEMS,2026-09-10
25.66667,-81.5,-0.03463,0.01269,0.0369,290.1,CMEMS,2026-09-10
25.66667,-81.41666,-0.02454,0.00844,0.026,289.0,CMEMS,2026-09-10
25.66667,-81.33333,-0.01838,0.00407,0.0188,282.5,CMEMS,2026-09-10
25.66667,-81.25,-0.01805,0.00568,0.0189,287.5,CMEMS,2026-09-10
25.66667,-80.25,0.03001,-0.01592,0.034,117.9,CMEMS,2026-09-10
25.66667,-80.16666,0.0332,-0.02531,0.0417,127.3,CMEMS,2026-09-10
25.66667,-80.08333,-0.01545,0.95673,0.9569,359.1,CMEMS,2026-09-10
25.66667,-80.0,-0.00406,1.51758,1.5176,359.8,CMEMS,2026-09-10
25.66667,-79.91666,0.06646,1.63601,1.6374,2.3,CMEMS,2026-09-10
25.66667,-79.83333,0.0676,1.59181,1.5932,2.4,CMEMS,2026-09-10
25.66667,-79.75,0.05315,1.47215,1.4731,2.1,CMEMS,2026-09-10
25.66667,-79.66666,0.03834,1.3247,1.3253,1.7,CMEMS,2026-09-10
25.66667,-79.58333,0.02369,1.1731,1.1733,1.2,CMEMS,2026-09-10
25.66667,-79.5,0.00052,0.98548,0.9855,0.0,CMEMS,2026-09-10
25.66667,-79.41666,-0.02938,0.6774,0.678,357.5,CMEMS,2026-09-10
25.66667,-79.33333,-0.08051,0.31779,0.3278,345.8,CMEMS,2026-09-10
25.66667,-79.25,-0.08476,0.19189,0.2098,336.2,CMEMS,2026-09-10
25.66667,-79.16666,-0.05235,0.07594,0.0922,325.4,CMEMS,2026-09-10
25.66667,-79.08333,-0.05086,0.07696,0.0922,326.5,CMEMS,2026-09-10
25.66667,-79.0,-0.04954,0.07471,0.0896,326.5,CMEMS,2026-09-10
25.66667,-78.91666,-0.04828,0.07011,0.0851,325.4,CMEMS,2026-09-10
25.66667,-78.83333,-0.04721,0.06514,0.0805,324.1,CMEMS,2026-09-10
25.66667,-78.75,-0.0457,0.06046,0.0758,322.9,CMEMS,2026-09-10
25.66667,-78.66666,-0.04316,0.0587,0.0729,323.7,CMEMS,2026-09-10
25.66667,-78.58333,-0.04705,0.04995,0.0686,316.7,CMEMS,2026-09-10
25.66667,-78.5,-0.06047,0.03599,0.0704,300.8,CMEMS,2026-09-10
25.66667,-78.41666,-0.07712,0.04171,0.0877,298.4,CMEMS,2026-09-10
25.66667,-78.33333,-0.08354,0.03184,0.0894,290.9,CMEMS,2026-09-10
25.66667,-78.25,-0.07529,0.00327,0.0754,272.5,CMEMS,2026-09-10
25.66667,-78.16666,-0.07053,0.00886,0.0711,277.2,CMEMS,2026-09-10
25.66667,-78.08333,-0.06939,0.0455,0.083,303.3,CMEMS,2026-09-10
25.66667,-78.0,-0.07992,0.07468,0.1094,313.1,CMEMS,2026-09-10
25.66667,-77.91666,-0.0904,0.0698,0.1142,307.7,CMEMS,2026-09-10
25.66667,-77.83333,-0.06674,0.05375,0.0857,308.8,CMEMS,2026-09-10
25.66667,-77.75,-0.07495,0.06829,0.1014,312.3,CMEMS,2026-09-10
25.66667,-77.66666,-0.0423,-0.04741,0.0635,221.7,CMEMS,2026-09-10
25.66667,-77.58333,-0.00052,-0.13828,0.1383,180.2,CMEMS,2026-09-10
25.66667,-77.5,-0.04366,-0.06179,0.0757,215.2,CMEMS,2026-09-10
25.66667,-77.41666,-0.09219,-0.07825,0.1209,229.7,CMEMS,2026-09-10
25.66667,-77.33333,-0.12162,-0.15425,0.1964,218.3,CMEMS,2026-09-10
25.66667,-77.25,-0.08663,-0.16071,0.1826,208.3,CMEMS,2026-09-10
25.66667,-77.16666,0.01674,-0.03483,0.0386,154.3,CMEMS,2026-09-10
25.66667,-77.08333,0.1302,0.16074,0.2069,39.0,CMEMS,2026-09-10
25.66667,-77.0,0.23678,0.23254,0.3319,45.5,CMEMS,2026-09-10
25.66667,-76.91666,0.34096,0.24185,0.418,54.7,CMEMS,2026-09-10
25.66667,-76.83333,0.40733,0.1471,0.4331,70.1,CMEMS,2026-09-10
25.66667,-76.75,0.43356,0.06717,0.4387,81.2,CMEMS,2026-09-10
25.66667,-76.66666,0.44594,-0.01137,0.4461,91.5,CMEMS,2026-09-10
25.66667,-76.58333,0.43821,-0.0693,0.4437,99.0,CMEMS,2026-09-10
25.66667,-76.5,0.41109,-0.08086,0.419,101.1,CMEMS,2026-09-10
25.66667,-76.41666,0.3733,-0.06108,0.3783,99.3,CMEMS,2026-09-10
25.66667,-76.33333,0.32578,-0.03176,0.3273,95.6,CMEMS,2026-09-10
25.66667,-76.25,0.26215,-0.00241,0.2622,90.5,CMEMS,2026-09-10
25.66667,-76.16666,0.18222,0.02591,0.1841,81.9,CMEMS,2026-09-10
25.75,-83.08333,-0.00331,0.09696,0.097,358.0,CMEMS,2026-09-10
25.75,-83.0,8e-05,0.0774,0.0774,0.1,CMEMS,2026-09-10
25.75,-82.91666,-0.00817,0.07585,0.0763,353.9,CMEMS,2026-09-10
25.75,-82.83333,-0.02007,0.08811,0.0904,347.2,CMEMS,2026-09-10
25.75,-82.75,-0.02778,0.08741,0.0917,342.4,CMEMS,2026-09-10
25.75,-82.66666,-0.03204,0.07879,0.0851,337.9,CMEMS,2026-09-10
25.75,-82.58333,-0.035,0.07246,0.0805,334.2,CMEMS,2026-09-10
25.75,-82.5,-0.03619,0.07177,0.0804,333.2,CMEMS,2026-09-10
25.75,-82.41666,-0.03537,0.06907,0.0776,332.9,CMEMS,2026-09-10
25.75,-82.33333,-0.03463,0.06578,0.0743,332.2,CMEMS,2026-09-10
25.75,-82.25,-0.03462,0.06484,0.0735,331.9,CMEMS,2026-09-10
25.75,-82.16666,-0.0359,0.0631,0.0726,330.4,CMEMS,2026-09-10
25.75,-82.08333,-0.03803,0.06083,0.0717,328.0,CMEMS,2026-09-10
25.75,-82.0,-0.03978,0.05577,0.0685,324.5,CMEMS,2026-09-10
25.75,-81.91666,-0.04107,0.04531,0.0612,317.8,CMEMS,2026-09-10
25.75,-81.83333,-0.04342,0.03738,0.0573,310.7,CMEMS,2026-09-10
25.75,-81.75,-0.04384,0.0357,0.0565,309.2,CMEMS,2026-09-10
25.75,-81.66666,-0.03959,0.02709,0.048,304.4,CMEMS,2026-09-10
25.75,-81.58333,-0.03265,0.01534,0.0361,295.2,CMEMS,2026-09-10
25.75,-81.5,-0.02287,0.00303,0.0231,277.5,CMEMS,2026-09-10
25.75,-81.41666,-0.01612,0.00442,0.0167,285.3,CMEMS,2026-09-10
25.75,-81.33333,-0.01632,0.00223,0.0165,277.8,CMEMS,2026-09-10
25.75,-80.16666,-0.00161,0.44581,0.4458,359.8,CMEMS,2026-09-10
25.75,-80.08333,-0.02066,0.88203,0.8823,358.7,CMEMS,2026-09-10
25.75,-80.0,0.01213,1.49876,1.4988,0.5,CMEMS,2026-09-10
25.75,-79.91666,0.06463,1.6365,1.6378,2.3,CMEMS,2026-09-10
25.75,-79.83333,0.06707,1.59967,1.6011,2.4,CMEMS,2026-09-10
25.75,-79.75,0.04951,1.48553,1.4864,1.9,CMEMS,2026-09-10
25.75,-79.66666,0.03217,1.34154,1.3419,1.4,CMEMS,2026-09-10
25.75,-79.58333,0.0244,1.19359,1.1938,1.2,CMEMS,2026-09-10
25.75,-79.5,0.00086,1.00787,1.0079,0.0,CMEMS,2026-09-10
25.75,-79.41666,-0.02728,0.71414,0.7147,357.8,CMEMS,2026-09-10
25.75,-79.33333,-0.04517,0.32815,0.3312,352.2,CMEMS,2026-09-10
25.75,-79.16666,-0.05282,0.1006,0.1136,332.3,CMEMS,2026-09-10
25.75,-79.08333,-0.04638,0.0818,0.094,330.4,CMEMS,2026-09-10
25.75,-79.0,-0.0498,0.07497,0.09,326.4,CMEMS,2026-09-10
25.75,-78.91666,-0.04936,0.0693,0.0851,324.5,CMEMS,2026-09-10
25.75,-78.83333,-0.04813,0.06371,0.0798,322.9,CMEMS,2026-09-10
25.75,-78.75,-0.04637,0.05858,0.0747,321.6,CMEMS,2026-09-10
25.75,-78.66666,-0.04391,0.0571,0.072,322.4,CMEMS,2026-09-10
25.75,-78.58333,-0.04364,0.05238,0.0682,320.2,CMEMS,2026-09-10
25.75,-78.5,-0.05063,0.05617,0.0756,318.0,CMEMS,2026-09-10
25.75,-78.41666,-0.0768,0.07795,0.1094,315.4,CMEMS,2026-09-10
25.75,-78.33333,-0.08893,0.0241,0.0921,285.2,CMEMS,2026-09-10
25.75,-78.25,-0.05022,-0.03864,0.0634,232.4,CMEMS,2026-09-10
25.75,-78.16666,-0.01206,0.0022,0.0123,280.3,CMEMS,2026-09-10
25.75,-78.08333,-0.01782,0.0501,0.0532,340.4,CMEMS,2026-09-10
25.75,-78.0,-0.06305,0.09514,0.1141,326.5,CMEMS,2026-09-10
25.75,-77.91666,-0.09216,0.05509,0.1074,300.9,CMEMS,2026-09-10
25.75,-77.83333,-0.10452,0.02826,0.1083,285.1,CMEMS,2026-09-10
25.75,-77.75,-0.08617,-0.00808,0.0865,264.6,CMEMS,2026-09-10
25.75,-77.66666,-0.02012,-0.09878,0.1008,191.5,CMEMS,2026-09-10
25.75,-77.58333,-0.00567,-0.10558,0.1057,183.1,CMEMS,2026-09-10
25.75,-77.5,-0.07129,0.02136,0.0744,286.7,CMEMS,2026-09-10
25.75,-77.41666,-0.15762,-0.00271,0.1576,269.0,CMEMS,2026-09-10
25.75,-77.33333,-0.22042,-0.11917,0.2506,241.6,CMEMS,2026-09-10
25.75,-77.25,-0.23358,-0.19047,0.3014,230.8,CMEMS,2026-09-10
25.75,-77.16666,-0.17795,-0.17934,0.2526,224.8,CMEMS,2026-09-10
25.75,-77.08333,-0.0519,-0.00906,0.0527,260.1,CMEMS,2026-09-10
25.75,-77.0,0.09859,0.08801,0.1322,48.2,CMEMS,2026-09-10
25.75,-76.91666,0.22901,0.12223,0.2596,61.9,CMEMS,2026-09-10
25.75,-76.83333,0.31773,0.07404,0.3262,76.9,CMEMS,2026-09-10
25.75,-76.75,0.35349,0.00981,0.3536,88.4,CMEMS,2026-09-10
25.75,-76.66666,0.34762,-0.0349,0.3494,95.7,CMEMS,2026-09-10
25.75,-76.58333,0.31337,-0.04982,0.3173,99.0,CMEMS,2026-09-10
25.75,-76.5,0.26375,-0.04172,0.267,99.0,CMEMS,2026-09-10
25.75,-76.41666,0.20969,-0.01464,0.2102,94.0,CMEMS,2026-09-10
25.75,-76.33333,0.15765,0.02405,0.1595,81.3,CMEMS,2026-09-10
25.75,-76.25,0.10846,0.06188,0.1249,60.3,CMEMS,2026-09-10
25.75,-76.16666,0.05762,0.09677,0.1126,30.8,CMEMS,2026-09-10
25.83334,-83.08333,0.00205,0.09451,0.0945,1.2,CMEMS,2026-09-10
25.83334,-83.0,0.00119,0.07359,0.0736,0.9,CMEMS,2026-09-10
25.83334,-82.91666,-0.01084,0.07948,0.0802,352.2,CMEMS,2026-09-10
25.83334,-82.83333,-0.02366,0.08855,0.0917,345.0,CMEMS,2026-09-10
25.83334,-82.75,-0.03171,0.08784,0.0934,340.1,CMEMS,2026-09-10
25.83334,-82.66666,-0.03669,0.08131,0.0892,335.7,CMEMS,2026-09-10
25.83334,-82.58333,-0.0391,0.07244,0.0823,331.6,CMEMS,2026-09-10
25.83334,-82.5,-0.03763,0.07031,0.0797,331.8,CMEMS,2026-09-10
25.83334,-82.41666,-0.03468,0.06942,0.0776,333.5,CMEMS,2026-09-10
25.83334,-82.33333,-0.0338,0.06661,0.0747,333.1,CMEMS,2026-09-10
25.83334,-82.25,-0.03463,0.06448,0.0732,331.8,CMEMS,2026-09-10
25.83334,-82.16666,-0.03573,0.06192,0.0715,330.0,CMEMS,2026-09-10
25.83334,-82.08333,-0.03719,0.05885,0.0696,327.7,CMEMS,2026-09-10
25.83334,-82.0,-0.03841,0.05462,0.0668,324.9,CMEMS,2026-09-10
25.83334,-81.91666,-0.0396,0.04271,0.0582,317.2,CMEMS,2026-09-10
25.83334,-81.83333,-0.04104,0.03611,0.0547,311.3,CMEMS,2026-09-10
25.83334,-81.75,-0.03636,0.02762,0.0457,307.2,CMEMS,2026-09-10
25.83334,-81.66666,-0.0233,0.01318,0.0268,299.5,CMEMS,2026-09-10
25.83334,-81.58333,-0.01028,0.01315,0.0167,322.0,CMEMS,2026-09-10
25.83334,-81.5,0.00032,0.00579,0.0058,3.2,CMEMS,2026-09-10
25.83334,-81.41666,0.00185,0.00133,0.0023,54.4,CMEMS,2026-09-10
25.83334,-81.33333,-0.00397,0.00215,0.0045,298.4,CMEMS,2026-09-10
25.83334,-80.16666,-0.02211,0.73367,0.734,358.3,CMEMS,2026-09-10
25.83334,-80.08333,0.01145,0.76116,0.7612,0.9,CMEMS,2026-09-10
25.83334,-80.0,0.0644,1.44081,1.4422,2.6,CMEMS,2026-09-10
25.83334,-79.91666,0.08104,1.63158,1.6336,2.8,CMEMS,2026-09-10
25.83334,-79.83333,0.06961,1.60733,1.6088,2.5,CMEMS,2026-09-10
25.83334,-79.75,0.05173,1.49458,1.4955,2.0,CMEMS,2026-09-10
25.83334,-79.66666,0.03541,1.35539,1.3558,1.5,CMEMS,2026-09-10
25.83334,-79.58333,0.02877,1.2094,1.2097,1.4,CMEMS,2026-09-10
25.83334,-79.5,0.014,1.02701,1.0271,0.8,CMEMS,2026-09-10
25.83334,-79.41666,-0.01355,0.75173,0.7518,359.0,CMEMS,2026-09-10
25.83334,-79.33333,-0.02521,0.36302,0.3639,356.0,CMEMS,2026-09-10
25.83334,-79.25,-0.05314,0.07381,0.091,324.2,CMEMS,2026-09-10
25.83334,-79.16666,-0.07353,0.08987,0.1161,320.7,CMEMS,2026-09-10
25.83334,-79.08333,-0.05992,0.07765,0.0981,322.3,CMEMS,2026-09-10
25.83334,-79.0,-0.05431,0.07308,0.0911,323.4,CMEMS,2026-09-10
25.83334,-78.91666,-0.05235,0.06774,0.0856,322.3,CMEMS,2026-09-10
25.83334,-78.83333,-0.05071,0.06133,0.0796,320.4,CMEMS,2026-09-10
25.83334,-78.75,-0.04969,0.05748,0.076,319.2,CMEMS,2026-09-10
25.83334,-78.66666,-0.04584,0.05607,0.0724,320.7,CMEMS,2026-09-10
25.83334,-78.58333,-0.03306,0.02926,0.0441,311.5,CMEMS,2026-09-10
25.83334,-78.5,-0.00802,0.01181,0.0143,325.8,CMEMS,2026-09-10
25.83334,-78.41666,-0.00446,0.05633,0.0565,355.5,CMEMS,2026-09-10
25.83334,-78.33333,-0.01917,0.0409,0.0452,334.9,CMEMS,2026-09-10
25.83334,-78.25,-0.03239,-0.0166,0.0364,242.9,CMEMS,2026-09-10
25.83334,-78.16666,-0.05515,-0.02545,0.0607,245.2,CMEMS,2026-09-10
25.83334,-78.08333,-0.07611,0.01221,0.0771,279.1,CMEMS,2026-09-10
25.83334,-78.0,-0.10238,0.09207,0.1377,312.0,CMEMS,2026-09-10
25.83334,-77.91666,-0.11952,0.04537,0.1278,290.8,CMEMS,2026-09-10
25.83334,-77.83333,-0.09824,-0.0097,0.0987,264.4,CMEMS,2026-09-10
25.83334,-77.75,-0.02681,-0.08653,0.0906,197.2,CMEMS,2026-09-10
25.83334,-77.66666,0.03425,-0.12329,0.128,164.5,CMEMS,2026-09-10
25.83334,-77.58333,0.01791,-0.06941,0.0717,165.5,CMEMS,2026-09-10
25.83334,-77.5,-0.0397,0.08518,0.094,335.0,CMEMS,2026-09-10
25.83334,-77.41666,-0.10319,0.08559,0.1341,309.7,CMEMS,2026-09-10
25.83334,-77.33333,-0.18292,-0.03389,0.186,259.5,CMEMS,2026-09-10
25.83334,-77.25,-0.27682,-0.18167,0.3311,236.7,CMEMS,2026-09-10
25.83334,-77.16666,-0.296,-0.27565,0.4045,227.0,CMEMS,2026-09-10
25.83334,-77.08333,-0.20108,-0.18612,0.274,227.2,CMEMS,2026-09-10
25.83334,-77.0,-0.07158,-0.0736,0.1027,224.2,CMEMS,2026-09-10
25.83334,-76.91666,0.03268,0.01108,0.0345,71.3,CMEMS,2026-09-10
25.83334,-76.83333,0.09204,0.00204,0.0921,88.7,CMEMS,2026-09-10
25.83334,-76.75,0.10926,-0.01776,0.1107,99.2,CMEMS,2026-09-10
25.83334,-76.66666,0.09716,-0.02712,0.1009,105.6,CMEMS,2026-09-10
25.83334,-76.58333,0.06859,-0.02617,0.0734,110.9,CMEMS,2026-09-10
25.83334,-76.5,0.03874,-0.01392,0.0412,109.8,CMEMS,2026-09-10
25.83334,-76.41666,0.0129,0.01285,0.0182,45.1,CMEMS,2026-09-10
25.83334,-76.33333,-0.01249,0.05379,0.0552,346.9,CMEMS,2026-09-10
25.83334,-76.25,-0.0367,0.09211,0.0991,338.3,CMEMS,2026-09-10
25.83334,-76.16666,-0.05643,0.12685,0.1388,336.0,CMEMS,2026-09-10
25.91667,-83.08333,0.00671,0.09036,0.0906,4.2,CMEMS,2026-09-10
25.91667,-83.0,0.00299,0.07503,0.0751,2.3,CMEMS,2026-09-10
25.91667,-82.91666,-0.00943,0.08602,0.0865,353.7,CMEMS,2026-09-10
25.91667,-82.83333,-0.02118,0.09002,0.0925,346.8,CMEMS,2026-09-10
25.91667,-82.75,-0.0301,0.09039,0.0953,341.6,CMEMS,2026-09-10
25.91667,-82.66666,-0.03559,0.08468,0.0919,337.2,CMEMS,2026-09-10
25.91667,-82.58333,-0.03718,0.07248,0.0815,332.8,CMEMS,2026-09-10
25.91667,-82.5,-0.03476,0.06822,0.0766,333.0,CMEMS,2026-09-10
25.91667,-82.41666,-0.03118,0.06726,0.0741,335.1,CMEMS,2026-09-10
25.91667,-82.33333,-0.03005,0.06691,0.0733,335.8,CMEMS,2026-09-10
25.91667,-82.25,-0.0312,0.06455,0.0717,334.2,CMEMS,2026-09-10
25.91667,-82.16666,-0.03244,0.06178,0.0698,332.3,CMEMS,2026-09-10
25.91667,-82.08333,-0.03391,0.05883,0.0679,330.0,CMEMS,2026-09-10
25.91667,-82.0,-0.03477,0.0532,0.0636,326.8,CMEMS,2026-09-10
25.91667,-81.91666,-0.03443,0.04135,0.0538,320.2,CMEMS,2026-09-10
25.91667,-81.83333,-0.02973,0.02904,0.0416,314.3,CMEMS,2026-09-10
25.91667,-81.75,-0.01991,0.01182,0.0232,300.7,CMEMS,2026-09-10
25.91667,-81.66666,-0.00746,0.01566,0.0173,334.5,CMEMS,2026-09-10
25.91667,-81.58333,-0.00106,0.0119,0.0119,354.9,CMEMS,2026-09-10
25.91667,-81.5,0.00013,0.00822,0.0082,0.9,CMEMS,2026-09-10
25.91667,-80.08333,0.08964,0.63738,0.6437,8.0,CMEMS,2026-09-10
25.91667,-80.0,0.12239,1.35661,1.3621,5.2,CMEMS,2026-09-10
25.91667,-79.91666,0.11229,1.61011,1.614,4.0,CMEMS,2026-09-10
25.91667,-79.83333,0.07618,1.61292,1.6147,2.7,CMEMS,2026-09-10
25.91667,-79.75,0.05469,1.50239,1.5034,2.1,CMEMS,2026-09-10
25.91667,-79.66666,0.04301,1.36382,1.3645,1.8,CMEMS,2026-09-10
25.91667,-79.58333,0.03558,1.21726,1.2178,1.7,CMEMS,2026-09-10
25.91667,-79.5,0.03232,1.03837,1.0389,1.8,CMEMS,2026-09-10
25.91667,-79.41666,-0.00373,0.77325,0.7733,359.7,CMEMS,2026-09-10
25.91667,-79.33333,-0.03384,0.39756,0.399,355.1,CMEMS,2026-09-10
25.91667,-79.25,-0.05486,0.07402,0.0921,323.5,CMEMS,2026-09-10
25.91667,-79.16666,-0.08143,0.08274,0.1161,315.5,CMEMS,2026-09-10
25.91667,-79.08333,-0.06648,0.07987,0.1039,320.2,CMEMS,2026-09-10
25.91667,-79.0,-0.05253,0.0704,0.0878,323.3,CMEMS,2026-09-10
25.91667,-78.91666,-0.05359,0.0671,0.0859,321.4,CMEMS,2026-09-10
25.91667,-78.83333,-0.03365,0.05876,0.0677,330.2,CMEMS,2026-09-10
25.91667,-78.75,-0.00213,0.06025,0.0603,358.0,CMEMS,2026-09-10
25.91667,-78.66666,0.04222,-0.00044,0.0422,90.6,CMEMS,2026-09-10
25.91667,-78.58333,0.09498,-0.00375,0.0951,92.3,CMEMS,2026-09-10
25.91667,-78.5,0.13627,0.00925,0.1366,86.1,CMEMS,2026-09-10
25.91667,-78.41666,0.16205,0.03853,0.1666,76.6,CMEMS,2026-09-10
25.91667,-78.33333,0.1529,0.06603,0.1665,66.6,CMEMS,2026-09-10
25.91667,-78.25,0.10916,0.07597,0.133,55.2,CMEMS,2026-09-10
25.91667,-78.16666,0.04684,0.07718,0.0903,31.3,CMEMS,2026-09-10
25.91667,-78.08333,0.00642,0.05817,0.0585,6.3,CMEMS,2026-09-10
25.91667,-78.0,-0.01439,0.04632,0.0485,342.7,CMEMS,2026-09-10
25.91667,-77.91666,-0.01601,0.00846,0.0181,297.8,CMEMS,2026-09-10
25.91667,-77.83333,0.02539,-0.04182,0.0489,148.7,CMEMS,2026-09-10
25.91667,-77.75,0.07877,-0.11836,0.1422,146.4,CMEMS,2026-09-10
25.91667,-77.66666,0.08487,-0.0995,0.1308,139.5,CMEMS,2026-09-10
25.91667,-77.58333,0.0322,0.00024,0.0322,89.6,CMEMS,2026-09-10
25.91667,-77.5,-0.01563,0.11389,0.115,352.2,CMEMS,2026-09-10
25.91667,-77.41666,-0.03848,0.09696,0.1043,338.4,CMEMS,2026-09-10
25.91667,-77.33333,-0.09465,0.05472,0.1093,300.0,CMEMS,2026-09-10
25.91667,-77.25,-0.21207,-0.2086,0.2975,225.5,CMEMS,2026-09-10
25.91667,-77.16666,-0.28165,-0.28697,0.4021,224.5,CMEMS,2026-09-10
25.91667,-77.08333,-0.2457,-0.28878,0.3792,220.4,CMEMS,2026-09-10
25.91667,-77.0,-0.16297,-0.19896,0.2572,219.3,CMEMS,2026-09-10
25.91667,-76.91666,-0.0841,-0.06105,0.1039,234.0,CMEMS,2026-09-10
25.91667,-76.83333,-0.04391,-0.02529,0.0507,240.1,CMEMS,2026-09-10
25.91667,-76.75,-0.03371,-0.02885,0.0444,229.4,CMEMS,2026-09-10
25.91667,-76.66666,-0.03819,-0.0143,0.0408,249.5,CMEMS,2026-09-10
25.91667,-76.58333,-0.05309,-0.0057,0.0534,263.9,CMEMS,2026-09-10
25.91667,-76.5,-0.07265,0.01129,0.0735,278.8,CMEMS,2026-09-10
25.91667,-76.41666,-0.0942,0.036,0.1008,290.9,CMEMS,2026-09-10
25.91667,-76.33333,-0.11222,0.06964,0.1321,301.8,CMEMS,2026-09-10
25.91667,-76.25,-0.1214,0.10087,0.1578,309.7,CMEMS,2026-09-10
25.91667,-76.16666,-0.1215,0.12734,0.176,316.3,CMEMS,2026-09-10
26.0,-83.08333,0.00745,0.08707,0.0874,4.9,CMEMS,2026-09-10
26.0,-83.0,0.00157,0.08394,0.084,1.1,CMEMS,2026-09-10
26.0,-82.91666,-0.00786,0.0934,0.0937,355.2,CMEMS,2026-09-10
26.0,-82.83333,-0.01648,0.09213,0.0936,349.9,CMEMS,2026-09-10
26.0,-82.75,-0.02524,0.09277,0.0961,344.8,CMEMS,2026-09-10
26.0,-82.66666,-0.03094,0.08386,0.0894,339.8,CMEMS,2026-09-10
26.0,-82.58333,-0.0321,0.07348,0.0802,336.4,CMEMS,2026-09-10
26.0,-82.5,-0.03014,0.06718,0.0736,335.8,CMEMS,2026-09-10
26.0,-82.41666,-0.0278,0.06361,0.0694,336.4,CMEMS,2026-09-10
26.0,-82.33333,-0.02709,0.06438,0.0699,337.2,CMEMS,2026-09-10
26.0,-82.25,-0.02791,0.06413,0.0699,336.5,CMEMS,2026-09-10
26.0,-82.16666,-0.0297,0.06208,0.0688,334.4,CMEMS,2026-09-10
26.0,-82.08333,-0.0307,0.05923,0.0667,332.6,CMEMS,2026-09-10
26.0,-82.0,-0.02963,0.05095,0.0589,329.8,CMEMS,2026-09-10
26.0,-81.91666,-0.02534,0.03924,0.0467,327.2,CMEMS,2026-09-10
26.0,-81.83333,-0.02001,0.02257,0.0302,318.4,CMEMS,2026-09-10
26.0,-81.75,-0.01655,0.01962,0.0257,319.9,CMEMS,2026-09-10
26.0,-80.08333,0.10811,0.5255,0.5365,11.6,CMEMS,2026-09-10
26.0,-80.0,0.13874,1.25951,1.2671,6.3,CMEMS,2026-09-10
26.0,-79.91666,0.13445,1.57931,1.585,4.9,CMEMS,2026-09-10
26.0,-79.83333,0.08693,1.60936,1.6117,3.1,CMEMS,2026-09-10
26.0,-79.75,0.05774,1.5068,1.5079,2.2,CMEMS,2026-09-10
26.0,-79.66666,0.04936,1.36569,1.3666,2.1,CMEMS,2026-09-10
26.0,-79.58333,0.04346,1.21693,1.2177,2.0,CMEMS,2026-09-10
26.0,-79.5,0.04565,1.0398,1.0408,2.5,CMEMS,2026-09-10
26.0,-79.41666,0.00587,0.7801,0.7801,0.4,CMEMS,2026-09-10
26.0,-79.33333,-0.03803,0.42568,0.4274,354.9,CMEMS,2026-09-10
26.0,-79.25,-0.06595,0.09221,0.1134,324.4,CMEMS,2026-09-10
26.0,-79.16666,-0.11066,0.09089,0.1432,309.4,CMEMS,2026-09-10
26.0,-79.0,-0.06024,0.08232,0.102,323.8,CMEMS,2026-09-10
26.0,-78.91666,0.00139,0.06716,0.0672,1.2,CMEMS,2026-09-10
26.0,-78.83333,0.10333,-0.04975,0.1147,115.7,CMEMS,2026-09-10
26.0,-78.75,0.18409,-0.06552,0.1954,109.6,CMEMS,2026-09-10
26.0,-78.66666,0.23773,-0.02463,0.239,95.9,CMEMS,2026-09-10
26.0,-78.58333,0.27383,0.00106,0.2738,89.8,CMEMS,2026-09-10
26.0,-78.5,0.2928,0.01983,0.2935,86.1,CMEMS,2026-09-10
26.0,-78.41666,0.29508,0.04036,0.2978,82.2,CMEMS,2026-09-10
26.0,-78.33333,0.27435,0.07808,0.2852,74.1,CMEMS,2026-09-10
26.0,-78.25,0.23963,0.12863,0.272,61.8,CMEMS,2026-09-10
26.0,-78.16666,0.2007,0.14794,0.2493,53.6,CMEMS,2026-09-10
26.0,-78.08333,0.17116,0.11554,0.2065,56.0,CMEMS,2026-09-10
26.0,-78.0,0.1339,0.08249,0.1573,58.4,CMEMS,2026-09-10
26.0,-77.91666,0.10223,0.0248,0.1052,76.4,CMEMS,2026-09-10
26.0,-77.83333,0.11273,-0.05472,0.1253,115.9,CMEMS,2026-09-10
26.0,-77.75,0.11489,-0.11108,0.1598,134.0,CMEMS,2026-09-10
26.0,-77.66666,0.0454,-0.04857,0.0665,136.9,CMEMS,2026-09-10
26.0,-77.58333,-0.03445,0.07736,0.0847,336.0,CMEMS,2026-09-10
26.0,-77.5,-0.04803,0.12852,0.1372,339.5,CMEMS,2026-09-10
26.0,-77.41666,-0.03888,0.07721,0.0864,333.3,CMEMS,2026-09-10
26.0,-77.16666,-0.20781,-0.26022,0.333,218.6,CMEMS,2026-09-10
26.0,-77.08333,-0.21635,-0.27234,0.3478,218.5,CMEMS,2026-09-10
26.0,-77.0,-0.20107,-0.2827,0.3469,215.4,CMEMS,2026-09-10
26.0,-76.91666,-0.13626,-0.14756,0.2008,222.7,CMEMS,2026-09-10
26.0,-76.83333,-0.09439,-0.03016,0.0991,252.3,CMEMS,2026-09-10
26.0,-76.75,-0.087,-0.03115,0.0924,250.3,CMEMS,2026-09-10
26.0,-76.66666,-0.0902,-7e-05,0.0902,270.0,CMEMS,2026-09-10
26.0,-76.58333,-0.10054,0.01363,0.1015,277.7,CMEMS,2026-09-10
26.0,-76.5,-0.1157,0.03271,0.1202,285.8,CMEMS,2026-09-10
26.0,-76.41666,-0.13277,0.05605,0.1441,292.9,CMEMS,2026-09-10
26.0,-76.33333,-0.14567,0.08105,0.1667,299.1,CMEMS,2026-09-10
26.0,-76.25,-0.15035,0.10191,0.1816,304.1,CMEMS,2026-09-10
26.0,-76.16666,-0.14773,0.11688,0.1884,308.3,CMEMS,2026-09-10
26.08334,-83.08333,0.00263,0.08938,0.0894,1.7,CMEMS,2026-09-10
26.08334,-83.0,-0.00551,0.09572,0.0959,356.7,CMEMS,2026-09-10
26.08334,-82.91666,-0.0112,0.10008,0.1007,353.6,CMEMS,2026-09-10
26.08334,-82.83333,-0.01561,0.09446,0.0957,350.6,CMEMS,2026-09-10
26.08334,-82.75,-0.0221,0.09522,0.0977,346.9,CMEMS,2026-09-10
26.08334,-82.66666,-0.02544,0.08321,0.087,343.0,CMEMS,2026-09-10
26.08334,-82.58333,-0.02496,0.07435,0.0784,341.4,CMEMS,2026-09-10
26.08334,-82.5,-0.02429,0.0676,0.0718,340.2,CMEMS,2026-09-10
26.08334,-82.41666,-0.02449,0.06447,0.069,339.2,CMEMS,2026-09-10
26.08334,-82.33333,-0.0258,0.06197,0.0671,337.4,CMEMS,2026-09-10
26.08334,-82.25,-0.02669,0.0618,0.0673,336.6,CMEMS,2026-09-10
26.08334,-82.16666,-0.02779,0.06054,0.0666,335.3,CMEMS,2026-09-10
26.08334,-82.08333,-0.02823,0.05483,0.0617,332.8,CMEMS,2026-09-10
26.08334,-82.0,-0.0265,0.04557,0.0527,329.8,CMEMS,2026-09-10
26.08334,-81.91666,-0.02315,0.03502,0.042,326.5,CMEMS,2026-09-10
26.08334,-81.83333,-0.02005,0.01753,0.0266,311.2,CMEMS,2026-09-10
26.08334,-80.08333,0.05515,0.47796,0.4811,6.6,CMEMS,2026-09-10
26.08334,-80.0,0.09529,1.15747,1.1614,4.7,CMEMS,2026-09-10
26.08334,-79.91666,0.12699,1.53684,1.5421,4.7,CMEMS,2026-09-10
26.08334,-79.83333,0.0944,1.59951,1.6023,3.4,CMEMS,2026-09-10
26.08334,-79.75,0.06319,1.51142,1.5127,2.4,CMEMS,2026-09-10
26.08334,-79.66666,0.0526,1.36904,1.37,2.2,CMEMS,2026-09-10
26.08334,-79.58333,0.04999,1.21619,1.2172,2.4,CMEMS,2026-09-10
26.08334,-79.5,0.05002,1.03703,1.0382,2.8,CMEMS,2026-09-10
26.08334,-79.41666,0.01159,0.78332,0.7834,0.8,CMEMS,2026-09-10
26.08334,-79.33333,-0.03893,0.44917,0.4509,355.0,CMEMS,2026-09-10
26.08334,-79.25,-0.07689,0.08872,0.1174,319.1,CMEMS,2026-09-10
26.08334,-79.16666,-0.18344,0.09339,0.2058,297.0,CMEMS,2026-09-10
26.08334,-79.08333,-0.23804,0.04471,0.2422,280.6,CMEMS,2026-09-10
26.08334,-79.0,-0.05164,0.06137,0.0802,319.9,CMEMS,2026-09-10
26.08334,-78.91666,0.16647,-0.0932,0.1908,119.2,CMEMS,2026-09-10
26.08334,-78.83333,0.2413,-0.10297,0.2624,113.1,CMEMS,2026-09-10
26.08334,-78.75,0.25131,-0.07337,0.2618,106.3,CMEMS,2026-09-10
26.08334,-78.66666,0.2403,-0.05999,0.2477,104.0,CMEMS,2026-09-10
26.08334,-78.58333,0.21483,-0.05476,0.2217,104.3,CMEMS,2026-09-10
26.08334,-78.5,0.18322,-0.00978,0.1835,93.1,CMEMS,2026-09-10
26.08334,-78.41666,0.1701,0.05732,0.1795,71.4,CMEMS,2026-09-10
26.08334,-78.33333,0.16951,0.11855,0.2069,55.0,CMEMS,2026-09-10
26.08334,-78.25,0.16759,0.17079,0.2393,44.5,CMEMS,2026-09-10
26.08334,-78.16666,0.16717,0.19742,0.2587,40.3,CMEMS,2026-09-10
26.08334,-78.08333,0.15072,0.17671,0.2323,40.5,CMEMS,2026-09-10
26.08334,-78.0,0.11244,0.10501,0.1539,47.0,CMEMS,2026-09-10
26.08334,-77.91666,0.10244,0.05285,0.1153,62.7,CMEMS,2026-09-10
26.08334,-77.83333,0.11856,-0.03135,0.1226,104.8,CMEMS,2026-09-10
26.08334,-77.75,0.05187,-0.05526,0.0758,136.8,CMEMS,2026-09-10
26.08334,-77.66666,-0.05431,0.04698,0.0718,310.9,CMEMS,2026-09-10
26.08334,-77.58333,-0.07297,0.09896,0.123,323.6,CMEMS,2026-09-10
26.08334,-77.5,-0.04147,0.1117,0.1191,339.6,CMEMS,2026-09-10
26.08334,-77.41666,-0.02598,0.06087,0.0662,336.9,CMEMS,2026-09-10
26.08334,-77.33333,-0.06263,0.04771,0.0787,307.3,CMEMS,2026-09-10
26.08334,-77.08333,-0.18621,-0.16507,0.2488,228.4,CMEMS,2026-09-10
26.08334,-77.0,-0.20404,-0.28978,0.3544,215.2,CMEMS,2026-09-10
26.08334,-76.91666,-0.17366,-0.23314,0.2907,216.7,CMEMS,2026-09-10
26.08334,-76.83333,-0.12723,-0.06012,0.1407,244.7,CMEMS,2026-09-10
26.08334,-76.75,-0.11277,-0.0364,0.1185,252.1,CMEMS,2026-09-10
26.08334,-76.66666,-0.11428,0.00781,0.1145,273.9,CMEMS,2026-09-10
26.08334,-76.58333,-0.12235,0.03033,0.1261,283.9,CMEMS,2026-09-10
26.08334,-76.5,-0.1341,0.05201,0.1438,291.2,CMEMS,2026-09-10
26.08334,-76.41666,-0.14769,0.0726,0.1646,296.2,CMEMS,2026-09-10
26.08334,-76.33333,-0.15881,0.09131,0.1832,299.9,CMEMS,2026-09-10
26.08334,-76.25,-0.16483,0.10456,0.1952,302.4,CMEMS,2026-09-10
26.08334,-76.16666,-0.16684,0.11122,0.2005,303.7,CMEMS,2026-09-10
26.16667,-83.08333,-0.00116,0.09534,0.0953,359.3,CMEMS,2026-09-10
26.16667,-83.0,-0.00928,0.10202,0.1024,354.8,CMEMS,2026-09-10
26.16667,-82.91666,-0.01186,0.10189,0.1026,353.4,CMEMS,2026-09-10
26.16667,-82.83333,-0.01329,0.09531,0.0962,352.1,CMEMS,2026-09-10
26.16667,-82.75,-0.01628,0.09478,0.0962,350.3,CMEMS,2026-09-10
26.16667,-82.66666,-0.01744,0.08186,0.0837,348.0,CMEMS,2026-09-10
26.16667,-82.58333,-0.01751,0.07546,0.0775,346.9,CMEMS,2026-09-10
26.16667,-82.5,-0.01855,0.0709,0.0733,345.3,CMEMS,2026-09-10
26.16667,-82.41666,-0.02062,0.06539,0.0686,342.5,CMEMS,2026-09-10
26.16667,-82.33333,-0.02196,0.06121,0.065,340.3,CMEMS,2026-09-10
26.16667,-82.25,-0.02149,0.058,0.0619,339.7,CMEMS,2026-09-10
26.16667,-82.16666,-0.01991,0.05575,0.0592,340.4,CMEMS,2026-09-10
26.16667,-82.08333,-0.01936,0.04885,0.0526,338.4,CMEMS,2026-09-10
26.16667,-82.0,-0.0188,0.04004,0.0442,334.9,CMEMS,2026-09-10
26.16667,-81.91666,-0.01775,0.02831,0.0334,327.9,CMEMS,2026-09-10
26.16667,-81.83333,-0.01783,0.01821,0.0255,315.6,CMEMS,2026-09-10
26.16667,-80.08333,0.01911,0.46574,0.4661,2.3,CMEMS,2026-09-10
26.16667,-80.0,0.04304,1.12537,1.1262,2.2,CMEMS,2026-09-10
26.16667,-79.91666,0.09144,1.51161,1.5144,3.5,CMEMS,2026-09-10
26.16667,-79.83333,0.0953,1.60141,1.6042,3.4,CMEMS,2026-09-10
26.16667,-79.75,0.07052,1.52299,1.5246,2.7,CMEMS,2026-09-10
26.16667,-79.66666,0.05492,1.37986,1.381,2.3,CMEMS,2026-09-10
26.16667,-79.58333,0.0526,1.2212,1.2223,2.5,CMEMS,2026-09-10
26.16667,-79.5,0.04696,1.03745,1.0385,2.6,CMEMS,2026-09-10
26.16667,-79.41666,0.01246,0.79447,0.7946,0.9,CMEMS,2026-09-10
26.16667,-79.33333,-0.04143,0.48116,0.4829,355.1,CMEMS,2026-09-10
26.16667,-79.25,-0.09111,0.16997,0.1929,331.8,CMEMS,2026-09-10
26.16667,-79.16666,-0.14077,0.13809,0.1972,314.4,CMEMS,2026-09-10
26.16667,-79.08333,-0.1106,0.00176,0.1106,270.9,CMEMS,2026-09-10
26.16667,-79.0,0.04781,-0.20117,0.2068,166.6,CMEMS,2026-09-10
26.16667,-78.91666,0.15152,-0.22073,0.2677,145.5,CMEMS,2026-09-10
26.16667,-78.83333,0.12394,-0.11738,0.1707,133.4,CMEMS,2026-09-10
26.16667,-78.75,0.06611,-0.02204,0.0697,108.4,CMEMS,2026-09-10
26.16667,-78.66666,0.03766,0.02944,0.0478,52.0,CMEMS,2026-09-10
26.16667,-78.58333,0.02375,0.02444,0.0341,44.2,CMEMS,2026-09-10
26.16667,-78.5,-0.00334,0.02467,0.0249,352.3,CMEMS,2026-09-10
26.16667,-78.41666,-0.02353,0.05497,0.0598,336.8,CMEMS,2026-09-10
26.16667,-78.33333,-0.02356,0.10143,0.1041,346.9,CMEMS,2026-09-10
26.16667,-78.25,-0.0111,0.14929,0.1497,355.7,CMEMS,2026-09-10
26.16667,-78.16666,0.00638,0.17477,0.1749,2.1,CMEMS,2026-09-10
26.16667,-78.08333,0.01876,0.17169,0.1727,6.2,CMEMS,2026-09-10
26.16667,-78.0,0.03882,0.14853,0.1535,14.6,CMEMS,2026-09-10
26.16667,-77.91666,0.08337,0.07272,0.1106,48.9,CMEMS,2026-09-10
26.16667,-77.83333,0.05663,0.00668,0.057,83.3,CMEMS,2026-09-10
26.16667,-77.75,-0.01926,0.04492,0.0489,336.8,CMEMS,2026-09-10
26.16667,-77.66666,-0.04688,0.09041,0.1018,332.6,CMEMS,2026-09-10
26.16667,-77.58333,-0.04586,0.07094,0.0845,327.1,CMEMS,2026-09-10
26.16667,-77.5,-0.03409,0.09596,0.1018,340.4,CMEMS,2026-09-10
26.16667,-77.41666,-0.02333,0.03249,0.04,324.3,CMEMS,2026-09-10
26.16667,-77.33333,-0.04001,0.02552,0.0475,302.5,CMEMS,2026-09-10
26.16667,-77.08333,-0.12382,-0.02447,0.1262,258.8,CMEMS,2026-09-10
26.16667,-77.0,-0.17297,-0.21379,0.275,219.0,CMEMS,2026-09-10
26.16667,-76.91666,-0.19637,-0.28507,0.3462,214.6,CMEMS,2026-09-10
26.16667,-76.83333,-0.15182,-0.11205,0.1887,233.6,CMEMS,2026-09-10
26.16667,-76.75,-0.13367,-0.04259,0.1403,252.3,CMEMS,2026-09-10
26.16667,-76.66666,-0.13971,0.01116,0.1402,274.6,CMEMS,2026-09-10
26.16667,-76.58333,-0.14743,0.0426,0.1535,286.1,CMEMS,2026-09-10
26.16667,-76.5,-0.15924,0.06675,0.1727,292.7,CMEMS,2026-09-10
26.16667,-76.41666,-0.17065,0.0858,0.191,296.7,CMEMS,2026-09-10
26.16667,-76.33333,-0.18246,0.10046,0.2083,298.8,CMEMS,2026-09-10
26.16667,-76.25,-0.19588,0.11018,0.2247,299.4,CMEMS,2026-09-10
26.16667,-76.16666,-0.21245,0.11388,0.241,298.2,CMEMS,2026-09-10
26.25,-83.08333,-0.0018,0.10001,0.1,359.0,CMEMS,2026-09-10
26.25,-83.0,-0.00891,0.1022,0.1026,355.0,CMEMS,2026-09-10
26.25,-82.91666,-0.01015,0.09991,0.1004,354.2,CMEMS,2026-09-10
26.25,-82.83333,-0.00933,0.09308,0.0935,354.3,CMEMS,2026-09-10
26.25,-82.75,-0.00924,0.08854,0.089,354.0,CMEMS,2026-09-10
26.25,-82.66666,-0.00946,0.08077,0.0813,353.3,CMEMS,2026-09-10
26.25,-82.58333,-0.01103,0.07548,0.0763,351.7,CMEMS,2026-09-10
26.25,-82.5,-0.01329,0.07383,0.075,349.8,CMEMS,2026-09-10
26.25,-82.41666,-0.01546,0.06861,0.0703,347.3,CMEMS,2026-09-10
26.25,-82.33333,-0.01714,0.06286,0.0652,344.8,CMEMS,2026-09-10
26.25,-82.25,-0.01717,0.05589,0.0585,342.9,CMEMS,2026-09-10
26.25,-82.16666,-0.0154,0.05095,0.0532,343.2,CMEMS,2026-09-10
26.25,-82.08333,-0.0135,0.04435,0.0464,343.1,CMEMS,2026-09-10
26.25,-82.0,-0.01139,0.03575,0.0375,342.3,CMEMS,2026-09-10
26.25,-81.91666,-0.01179,0.02659,0.0291,336.1,CMEMS,2026-09-10
26.25,-81.83333,-0.01366,0.01592,0.021,319.4,CMEMS,2026-09-10
26.25,-80.08333,0.02985,0.39652,0.3976,4.3,CMEMS,2026-09-10
26.25,-80.0,0.03237,1.09608,1.0966,1.7,CMEMS,2026-09-10
26.25,-79.91666,0.05897,1.51478,1.5159,2.2,CMEMS,2026-09-10
26.25,-79.83333,0.0813,1.6159,1.6179,2.9,CMEMS,2026-09-10
26.25,-79.75,0.07285,1.5406,1.5423,2.7,CMEMS,2026-09-10
26.25,-79.66666,0.05837,1.39564,1.3969,2.4,CMEMS,2026-09-10
26.25,-79.58333,0.05308,1.23314,1.2343,2.5,CMEMS,2026-09-10
26.25,-79.5,0.04297,1.04715,1.048,2.3,CMEMS,2026-09-10
26.25,-79.41666,0.01582,0.8197,0.8199,1.1,CMEMS,2026-09-10
26.25,-79.33333,-0.02577,0.53178,0.5324,357.2,CMEMS,2026-09-10
26.25,-79.25,-0.06235,0.25767,0.2651,346.4,CMEMS,2026-09-10
26.25,-79.16666,-0.05889,0.15945,0.17,339.7,CMEMS,2026-09-10
26.25,-79.08333,0.01205,-0.07013,0.0712,170.2,CMEMS,2026-09-10
26.25,-79.0,0.04635,-0.3218,0.3251,171.8,CMEMS,2026-09-10
26.25,-78.91666,-0.00753,-0.19172,0.1919,182.3,CMEMS,2026-09-10
26.25,-78.83333,-0.06751,-0.01036,0.0683,261.3,CMEMS,2026-09-10
26.25,-78.75,-0.10416,0.02644,0.1075,284.2,CMEMS,2026-09-10
26.25,-78.66666,-0.11257,0.02286,0.1149,281.5,CMEMS,2026-09-10
26.25,-78.58333,-0.10565,0.01529,0.1068,278.2,CMEMS,2026-09-10
26.25,-78.5,-0.10497,0.02557,0.108,283.7,CMEMS,2026-09-10
26.25,-78.41666,-0.10791,0.06097,0.1239,299.5,CMEMS,2026-09-10
26.25,-78.33333,-0.1048,0.10143,0.1458,314.1,CMEMS,2026-09-10
26.25,-78.25,-0.09249,0.13837,0.1664,326.2,CMEMS,2026-09-10
26.25,-78.16666,-0.06848,0.16878,0.1821,337.9,CMEMS,2026-09-10
26.25,-78.08333,-0.03076,0.17178,0.1745,349.8,CMEMS,2026-09-10
26.25,-78.0,0.02493,0.14012,0.1423,10.1,CMEMS,2026-09-10
26.25,-77.91666,0.03088,0.07309,0.0793,22.9,CMEMS,2026-09-10
26.25,-77.83333,-0.0248,0.0621,0.0669,338.2,CMEMS,2026-09-10
26.25,-77.75,-0.06256,0.06201,0.0881,314.7,CMEMS,2026-09-10
26.25,-77.66666,-0.06366,0.09103,0.1111,325.0,CMEMS,2026-09-10
26.25,-77.58333,-0.06924,0.07139,0.0994,315.9,CMEMS,2026-09-10
26.25,-77.5,-0.04273,0.09141,0.1009,334.9,CMEMS,2026-09-10
26.25,-77.41666,-0.01432,0.02945,0.0327,334.1,CMEMS,2026-09-10
26.25,-77.33333,-0.02226,0.02102,0.0306,313.4,CMEMS,2026-09-10
26.25,-77.08333,-0.05741,-0.09153,0.108,212.1,CMEMS,2026-09-10
26.25,-77.0,-0.11789,-0.10985,0.1611,227.0,CMEMS,2026-09-10
26.25,-76.91666,-0.19003,-0.30121,0.3561,212.2,CMEMS,2026-09-10
26.25,-76.83333,-0.1722,-0.14864,0.2275,229.2,CMEMS,2026-09-10
26.25,-76.75,-0.16183,-0.04757,0.1687,253.6,CMEMS,2026-09-10
26.25,-76.66666,-0.17327,0.01914,0.1743,276.3,CMEMS,2026-09-10
26.25,-76.58333,-0.18603,0.05738,0.1947,287.1,CMEMS,2026-09-10
26.25,-76.5,-0.2048,0.08279,0.2209,292.0,CMEMS,2026-09-10
26.25,-76.41666,-0.2264,0.10041,0.2477,293.9,CMEMS,2026-09-10
26.25,-76.33333,-0.25222,0.1134,0.2765,294.2,CMEMS,2026-09-10
26.25,-76.25,-0.27975,0.12236,0.3053,293.6,CMEMS,2026-09-10
26.25,-76.16666,-0.30308,0.12599,0.3282,292.6,CMEMS,2026-09-10
26.33334,-83.08333,-0.00361,0.10134,0.1014,358.0,CMEMS,2026-09-10
26.33334,-83.0,-0.0092,0.09987,0.1003,354.7,CMEMS,2026-09-10
26.33334,-82.91666,-0.00837,0.0977,0.0981,355.1,CMEMS,2026-09-10
26.33334,-82.83333,-0.00633,0.09251,0.0927,356.1,CMEMS,2026-09-10
26.33334,-82.75,-0.00481,0.08573,0.0859,356.8,CMEMS,2026-09-10
26.33334,-82.66666,-0.00505,0.07919,0.0794,356.3,CMEMS,2026-09-10
26.33334,-82.58333,-0.00734,0.07429,0.0746,354.4,CMEMS,2026-09-10
26.33334,-82.5,-0.01049,0.07255,0.0733,351.8,CMEMS,2026-09-10
26.33334,-82.41666,-0.01478,0.07042,0.072,348.1,CMEMS,2026-09-10
26.33334,-82.33333,-0.01916,0.06447,0.0673,343.4,CMEMS,2026-09-10
26.33334,-82.25,-0.02292,0.05466,0.0593,337.3,CMEMS,2026-09-10
26.33334,-82.16666,-0.02432,0.04674,0.0527,332.5,CMEMS,2026-09-10
26.33334,-82.08333,-0.02347,0.03777,0.0445,328.1,CMEMS,2026-09-10
26.33334,-82.0,-0.01875,0.02879,0.0344,326.9,CMEMS,2026-09-10
26.33334,-81.91666,-0.01265,0.02591,0.0288,334.0,CMEMS,2026-09-10
26.33334,-81.83333,-0.0108,0.0175,0.0206,328.3,CMEMS,2026-09-10
26.33334,-80.08333,0.04506,0.33273,0.3358,7.7,CMEMS,2026-09-10
26.33334,-80.0,0.0382,1.06151,1.0622,2.1,CMEMS,2026-09-10
26.33334,-79.91666,0.05143,1.51749,1.5184,1.9,CMEMS,2026-09-10
26.33334,-79.83333,0.07343,1.63311,1.6348,2.6,CMEMS,2026-09-10
26.33334,-79.75,0.07453,1.56459,1.5664,2.7,CMEMS,2026-09-10
26.33334,-79.66666,0.0629,1.41683,1.4182,2.5,CMEMS,2026-09-10
26.33334,-79.58333,0.05469,1.25098,1.2522,2.5,CMEMS,2026-09-10
26.33334,-79.5,0.04294,1.06627,1.0671,2.3,CMEMS,2026-09-10
26.33334,-79.41666,0.02561,0.8503,0.8507,1.7,CMEMS,2026-09-10
26.33334,-79.33333,0.00367,0.57931,0.5793,0.4,CMEMS,2026-09-10
26.33334,-79.25,-0.02641,0.30199,0.3031,355.0,CMEMS,2026-09-10
26.33334,-79.16666,-0.03898,0.16248,0.1671,346.5,CMEMS,2026-09-10
26.33334,-79.08333,-0.01579,-0.13354,0.1345,186.7,CMEMS,2026-09-10
26.33334,-79.0,-0.02284,-0.33821,0.339,183.9,CMEMS,2026-09-10
26.33334,-78.91666,-0.06787,-0.16545,0.1788,202.3,CMEMS,2026-09-10
26.33334,-78.83333,-0.10663,0.02943,0.1106,285.4,CMEMS,2026-09-10
26.33334,-78.75,-0.12797,0.03715,0.1332,286.2,CMEMS,2026-09-10
26.33334,-78.66666,-0.13391,0.01485,0.1347,276.3,CMEMS,2026-09-10
26.33334,-78.58333,-0.1406,0.01818,0.1418,277.4,CMEMS,2026-09-10
26.33334,-78.5,-0.14234,0.0282,0.1451,281.2,CMEMS,2026-09-10
26.33334,-78.41666,-0.13312,0.06477,0.148,295.9,CMEMS,2026-09-10
26.33334,-78.33333,-0.11674,0.10305,0.1557,311.4,CMEMS,2026-09-10
26.33334,-78.25,-0.09313,0.12725,0.1577,323.8,CMEMS,2026-09-10
26.33334,-78.16666,-0.05867,0.14534,0.1567,338.0,CMEMS,2026-09-10
26.33334,-78.08333,-0.01839,0.14127,0.1425,352.6,CMEMS,2026-09-10
26.33334,-78.0,0.00293,0.11217,0.1122,1.5,CMEMS,2026-09-10
26.33334,-77.91666,-0.01694,0.08649,0.0881,348.9,CMEMS,2026-09-10
26.33334,-77.83333,-0.05295,0.0876,0.1024,328.9,CMEMS,2026-09-10
26.33334,-77.75,-0.08236,0.06641,0.1058,308.9,CMEMS,2026-09-10
26.33334,-77.66666,-0.07201,0.04496,0.0849,302.0,CMEMS,2026-09-10
26.33334,-77.58333,-0.05755,0.05317,0.0784,312.7,CMEMS,2026-09-10
26.33334,-77.5,-0.04582,0.06638,0.0807,325.4,CMEMS,2026-09-10
26.33334,-77.41666,-0.03128,0.02865,0.0424,312.5,CMEMS,2026-09-10
26.33334,-77.33333,-0.03393,0.01869,0.0387,298.8,CMEMS,2026-09-10
26.33334,-77.0,-0.07293,-0.03834,0.0824,242.3,CMEMS,2026-09-10
26.33334,-76.91666,-0.11068,-0.22624,0.2519,206.1,CMEMS,2026-09-10
26.33334,-76.83333,-0.16935,-0.15051,0.2266,228.4,CMEMS,2026-09-10
26.33334,-76.75,-0.19933,-0.03275,0.202,260.7,CMEMS,2026-09-10
26.33334,-76.66666,-0.23049,0.03903,0.2338,279.6,CMEMS,2026-09-10
26.33334,-76.58333,-0.26303,0.0827,0.2757,287.5,CMEMS,2026-09-10
26.33334,-76.5,-0.29579,0.10888,0.3152,290.2,CMEMS,2026-09-10
26.33334,-76.41666,-0.32487,0.12401,0.3477,290.9,CMEMS,2026-09-10
26.33334,-76.33333,-0.34792,0.13276,0.3724,290.9,CMEMS,2026-09-10
26.33334,-76.25,-0.36192,0.13714,0.387,290.8,CMEMS,2026-09-10
26.33334,-76.16666,-0.36381,0.13534,0.3882,290.4,CMEMS,2026-09-10
26.41667,-83.08333,-0.00335,0.10169,0.1017,358.1,CMEMS,2026-09-10
26.41667,-83.0,-0.00754,0.09684,0.0971,355.5,CMEMS,2026-09-10
26.41667,-82.91666,-0.00535,0.09472,0.0949,356.8,CMEMS,2026-09-10
26.41667,-82.83333,-0.00163,0.0916,0.0916,359.0,CMEMS,2026-09-10
26.41667,-82.75,0.00061,0.08675,0.0867,0.4,CMEMS,2026-09-10
26.41667,-82.66666,-4e-05,0.07974,0.0797,360.0,CMEMS,2026-09-10
26.41667,-82.58333,-0.00249,0.07422,0.0743,358.1,CMEMS,2026-09-10
26.41667,-82.5,-0.00642,0.07015,0.0704,354.8,CMEMS,2026-09-10
26.41667,-82.41666,-0.01399,0.07104,0.0724,348.9,CMEMS,2026-09-10
26.41667,-82.33333,-0.02267,0.06659,0.0703,341.2,CMEMS,2026-09-10
26.41667,-82.25,-0.02736,0.05294,0.0596,332.7,CMEMS,2026-09-10
26.41667,-82.16666,-0.02794,0.04153,0.05,326.1,CMEMS,2026-09-10
26.41667,-82.08333,-0.02453,0.02754,0.0369,318.3,CMEMS,2026-09-10
26.41667,-82.0,-0.0135,0.02535,0.0287,332.0,CMEMS,2026-09-10
26.41667,-81.91666,-0.00741,0.02531,0.0264,343.7,CMEMS,2026-09-10
26.41667,-81.83333,-0.00855,0.02096,0.0226,337.8,CMEMS,2026-09-10
26.41667,-80.08333,0.09228,0.71885,0.7247,7.3,CMEMS,2026-09-10
26.41667,-80.0,0.0641,1.06072,1.0627,3.5,CMEMS,2026-09-10
26.41667,-79.91666,0.05238,1.54949,1.5504,1.9,CMEMS,2026-09-10
26.41667,-79.83333,0.07096,1.66908,1.6706,2.4,CMEMS,2026-09-10
26.41667,-79.75,0.08004,1.59806,1.6001,2.9,CMEMS,2026-09-10
26.41667,-79.66666,0.06981,1.44472,1.4464,2.8,CMEMS,2026-09-10
26.41667,-79.58333,0.06011,1.27317,1.2746,2.7,CMEMS,2026-09-10
26.41667,-79.5,0.04657,1.09002,1.091,2.4,CMEMS,2026-09-10
26.41667,-79.41666,0.03733,0.87687,0.8777,2.4,CMEMS,2026-09-10
26.41667,-79.33333,0.0266,0.61081,0.6114,2.5,CMEMS,2026-09-10
26.41667,-79.25,-0.00281,0.3084,0.3084,359.5,CMEMS,2026-09-10
26.41667,-79.16666,-0.02042,0.14825,0.1496,352.2,CMEMS,2026-09-10
26.41667,-79.08333,0.00428,-0.18739,0.1874,178.7,CMEMS,2026-09-10
26.41667,-79.0,-0.00494,-0.31444,0.3145,180.9,CMEMS,2026-09-10
26.41667,-78.91666,-0.06001,-0.12874,0.142,205.0,CMEMS,2026-09-10
26.41667,-78.83333,-0.1043,0.03824,0.1111,290.1,CMEMS,2026-09-10
26.41667,-78.75,-0.1323,0.03686,0.1373,285.6,CMEMS,2026-09-10
26.41667,-78.66666,-0.14415,0.01522,0.1449,276.0,CMEMS,2026-09-10
26.41667,-78.58333,-0.15297,0.00977,0.1533,273.7,CMEMS,2026-09-10
26.41667,-78.5,-0.14858,0.0057,0.1487,272.2,CMEMS,2026-09-10
26.41667,-78.41666,-0.13151,0.03814,0.1369,286.2,CMEMS,2026-09-10
26.41667,-78.33333,-0.1136,0.0773,0.1374,304.2,CMEMS,2026-09-10
26.41667,-78.25,-0.08911,0.09864,0.1329,317.9,CMEMS,2026-09-10
26.41667,-78.16666,-0.06281,0.10938,0.1261,330.1,CMEMS,2026-09-10
26.41667,-78.08333,-0.04739,0.10564,0.1158,335.8,CMEMS,2026-09-10
26.41667,-78.0,-0.0432,0.08663,0.0968,333.5,CMEMS,2026-09-10
26.41667,-77.91666,-0.05505,0.07782,0.0953,324.7,CMEMS,2026-09-10
26.41667,-77.83333,-0.07919,0.0674,0.104,310.4,CMEMS,2026-09-10
26.41667,-77.66666,-0.05935,0.04941,0.0772,309.8,CMEMS,2026-09-10
26.41667,-77.58333,-0.05151,0.04531,0.0686,311.3,CMEMS,2026-09-10
26.41667,-77.5,-0.06114,0.05699,0.0836,313.0,CMEMS,2026-09-10
26.41667,-77.41666,-0.05628,0.00333,0.0564,273.4,CMEMS,2026-09-10
26.41667,-77.33333,-0.04369,0.01258,0.0455,286.1,CMEMS,2026-09-10
26.41667,-77.0,-0.07347,0.0422,0.0847,299.9,CMEMS,2026-09-10
26.41667,-76.91666,-0.10195,-0.07513,0.1266,233.6,CMEMS,2026-09-10
26.41667,-76.83333,-0.17299,-0.08178,0.1914,244.7,CMEMS,2026-09-10
26.41667,-76.75,-0.24491,0.01589,0.2454,273.7,CMEMS,2026-09-10
26.41667,-76.66666,-0.29871,0.0803,0.3093,285.0,CMEMS,2026-09-10
26.41667,-76.58333,-0.34193,0.11787,0.3617,289.0,CMEMS,2026-09-10
26.41667,-76.5,-0.37261,0.13829,0.3974,290.4,CMEMS,2026-09-10
26.41667,-76.41666,-0.38962,0.14666,0.4163,290.6,CMEMS,2026-09-10
26.41667,-76.33333,-0.39506,0.14714,0.4216,290.4,CMEMS,2026-09-10
26.41667,-76.25,-0.39063,0.14191,0.4156,290.0,CMEMS,2026-09-10
26.41667,-76.16666,-0.3785,0.13189,0.4008,289.2,CMEMS,2026-09-10
26.5,-83.08333,0.00113,0.09945,0.0995,0.6,CMEMS,2026-09-10
26.5,-83.0,-0.00103,0.09231,0.0923,359.4,CMEMS,2026-09-10
26.5,-82.91666,0.00029,0.0906,0.0906,0.2,CMEMS,2026-09-10
26.5,-82.83333,0.00284,0.08822,0.0883,1.8,CMEMS,2026-09-10
26.5,-82.75,0.00506,0.08823,0.0884,3.3,CMEMS,2026-09-10
26.5,-82.66666,0.00491,0.08164,0.0818,3.4,CMEMS,2026-09-10
26.5,-82.58333,0.00295,0.07539,0.0755,2.2,CMEMS,2026-09-10
26.5,-82.5,-0.0012,0.06994,0.0699,359.0,CMEMS,2026-09-10
26.5,-82.41666,-0.01075,0.07057,0.0714,351.3,CMEMS,2026-09-10
26.5,-82.33333,-0.02107,0.06483,0.0682,342.0,CMEMS,2026-09-10
26.5,-82.25,-0.02243,0.0467,0.0518,334.3,CMEMS,2026-09-10
26.5,-82.16666,-0.01681,0.03239,0.0365,332.6,CMEMS,2026-09-10
26.5,-82.08333,-0.01511,0.01645,0.0223,317.4,CMEMS,2026-09-10
26.5,-82.0,-0.01429,0.01917,0.0239,323.3,CMEMS,2026-09-10
26.5,-80.08333,0.16711,1.03657,1.0499,9.2,CMEMS,2026-09-10
26.5,-80.0,0.11255,1.06935,1.0753,6.0,CMEMS,2026-09-10
26.5,-79.91666,0.05628,1.56797,1.569,2.1,CMEMS,2026-09-10
26.5,-79.83333,0.07143,1.70146,1.703,2.4,CMEMS,2026-09-10
26.5,-79.75,0.08105,1.62935,1.6314,2.8,CMEMS,2026-09-10
26.5,-79.66666,0.07492,1.46983,1.4717,2.9,CMEMS,2026-09-10
26.5,-79.58333,0.06671,1.29176,1.2935,3.0,CMEMS,2026-09-10
26.5,-79.5,0.0509,1.10965,1.1108,2.6,CMEMS,2026-09-10
26.5,-79.41666,0.04386,0.89689,0.898,2.8,CMEMS,2026-09-10
26.5,-79.33333,0.03617,0.6271,0.6281,3.3,CMEMS,2026-09-10
26.5,-79.25,0.01841,0.30411,0.3047,3.5,CMEMS,2026-09-10
26.5,-79.16666,0.03712,0.1197,0.1253,17.2,CMEMS,2026-09-10
26.5,-79.08333,0.07917,-0.22353,0.2371,160.5,CMEMS,2026-09-10
26.5,-79.0,0.05577,-0.2642,0.27,168.1,CMEMS,2026-09-10
26.5,-78.91666,-0.02452,-0.0522,0.0577,205.2,CMEMS,2026-09-10
26.5,-78.83333,-0.08678,0.05533,0.1029,302.5,CMEMS,2026-09-10
26.5,-78.75,-0.11118,0.05036,0.1221,294.4,CMEMS,2026-09-10
26.5,-78.66666,-0.12029,0.00823,0.1206,273.9,CMEMS,2026-09-10
26.5,-78.58333,-0.11924,0.00402,0.1193,271.9,CMEMS,2026-09-10
26.5,-78.5,-0.10766,0.00888,0.108,274.7,CMEMS,2026-09-10
26.5,-78.41666,-0.10642,0.03156,0.111,286.5,CMEMS,2026-09-10
26.5,-78.33333,-0.10797,0.06017,0.1236,299.1,CMEMS,2026-09-10
26.5,-78.25,-0.09665,0.05328,0.1104,298.9,CMEMS,2026-09-10
26.5,-78.16666,-0.08354,0.06975,0.1088,309.9,CMEMS,2026-09-10
26.5,-78.08333,-0.07524,0.06955,0.1025,312.7,CMEMS,2026-09-10
26.5,-78.0,-0.05831,0.05121,0.0776,311.3,CMEMS,2026-09-10
26.5,-77.91666,-0.085,0.03673,0.0926,293.4,CMEMS,2026-09-10
26.5,-77.83333,-0.11439,0.02305,0.1167,281.4,CMEMS,2026-09-10
26.5,-77.75,-0.09276,-0.01571,0.0941,260.4,CMEMS,2026-09-10
26.5,-77.66666,-0.05871,0.0266,0.0645,294.4,CMEMS,2026-09-10
26.5,-77.58333,-0.03389,0.04021,0.0526,319.9,CMEMS,2026-09-10
26.5,-77.5,-0.03035,0.07436,0.0803,337.8,CMEMS,2026-09-10
26.5,-77.41666,-0.0299,0.03965,0.0497,323.0,CMEMS,2026-09-10
26.5,-77.33333,-0.03062,0.01882,0.0359,301.6,CMEMS,2026-09-10
26.5,-77.0,-0.07619,0.11883,0.1412,327.3,CMEMS,2026-09-10
26.5,-76.91666,-0.11608,0.06835,0.1347,300.5,CMEMS,2026-09-10
26.5,-76.83333,-0.18868,0.03044,0.1911,279.2,CMEMS,2026-09-10
26.5,-76.75,-0.26983,0.08652,0.2834,287.8,CMEMS,2026-09-10
26.5,-76.66666,-0.33129,0.13184,0.3566,291.7,CMEMS,2026-09-10
26.5,-76.58333,-0.37268,0.15278,0.4028,292.3,CMEMS,2026-09-10
26.5,-76.5,-0.39525,0.16043,0.4266,292.1,CMEMS,2026-09-10
26.5,-76.41666,-0.40171,0.15853,0.4319,291.5,CMEMS,2026-09-10
26.5,-76.33333,-0.39929,0.15041,0.4267,290.6,CMEMS,2026-09-10
26.5,-76.25,-0.39161,0.13818,0.4153,289.4,CMEMS,2026-09-10
26.5,-76.16666,-0.3806,0.12453,0.4005,288.1,CMEMS,2026-09-10
26.58334,-83.08333,0.0036,0.09712,0.0972,2.1,CMEMS,2026-09-10
26.58334,-83.0,0.00277,0.0906,0.0906,1.8,CMEMS,2026-09-10
26.58334,-82.91666,0.0028,0.08873,0.0888,1.8,CMEMS,2026-09-10
26.58334,-82.83333,0.00379,0.08705,0.0871,2.5,CMEMS,2026-09-10
26.58334,-82.75,0.00467,0.08842,0.0885,3.0,CMEMS,2026-09-10
26.58334,-82.66666,0.00422,0.08316,0.0833,2.9,CMEMS,2026-09-10
26.58334,-82.58333,0.00241,0.07673,0.0768,1.8,CMEMS,2026-09-10
26.58334,-82.5,-0.00202,0.0712,0.0712,358.4,CMEMS,2026-09-10
26.58334,-82.41666,-0.01079,0.07132,0.0721,351.4,CMEMS,2026-09-10
26.58334,-82.33333,-0.01796,0.05734,0.0601,342.6,CMEMS,2026-09-10
26.58334,-82.25,-0.01435,0.03669,0.0394,338.6,CMEMS,2026-09-10
26.58334,-82.16666,-0.0105,0.02648,0.0285,338.4,CMEMS,2026-09-10
26.58334,-82.08333,-0.01185,0.01595,0.0199,323.4,CMEMS,2026-09-10
26.58334,-80.0,0.05807,1.0338,1.0354,3.2,CMEMS,2026-09-10
26.58334,-79.91666,0.05832,1.55553,1.5566,2.1,CMEMS,2026-09-10
26.58334,-79.83333,0.08261,1.70459,1.7066,2.8,CMEMS,2026-09-10
26.58334,-79.75,0.08341,1.64015,1.6423,2.9,CMEMS,2026-09-10
26.58334,-79.66666,0.07704,1.48005,1.4821,3.0,CMEMS,2026-09-10
26.58334,-79.58333,0.07204,1.29776,1.2998,3.2,CMEMS,2026-09-10
26.58334,-79.5,0.05526,1.11813,1.1195,2.8,CMEMS,2026-09-10
26.58334,-79.41666,0.04456,0.90674,0.9078,2.8,CMEMS,2026-09-10
26.58334,-79.33333,0.03708,0.6386,0.6397,3.3,CMEMS,2026-09-10
26.58334,-79.25,0.03616,0.29997,0.3021,6.9,CMEMS,2026-09-10
26.58334,-79.16666,0.09001,0.08401,0.1231,47.0,CMEMS,2026-09-10
26.58334,-79.08333,0.13962,-0.23928,0.277,149.7,CMEMS,2026-09-10
26.58334,-79.0,0.0779,-0.16762,0.1848,155.1,CMEMS,2026-09-10
26.58334,-78.91666,-0.00802,0.07648,0.0769,354.0,CMEMS,2026-09-10
26.58334,-78.83333,-0.05281,0.05768,0.0782,317.5,CMEMS,2026-09-10
26.58334,-78.58333,-0.07294,0.00571,0.0732,274.5,CMEMS,2026-09-10
26.58334,-78.5,-0.0623,0.01107,0.0633,280.1,CMEMS,2026-09-10
26.58334,-78.41666,-0.07061,0.02914,0.0764,292.4,CMEMS,2026-09-10
26.58334,-78.33333,-0.07485,0.0488,0.0893,303.1,CMEMS,2026-09-10
26.58334,-78.25,-0.06768,0.0556,0.0876,309.4,CMEMS,2026-09-10
26.58334,-78.16666,-0.06172,0.06089,0.0867,314.6,CMEMS,2026-09-10
26.58334,-78.08333,-0.0574,0.06056,0.0834,316.5,CMEMS,2026-09-10
26.58334,-78.0,-0.05686,0.04832,0.0746,310.4,CMEMS,2026-09-10
26.58334,-77.91666,-0.07105,0.03827,0.0807,298.3,CMEMS,2026-09-10
26.58334,-77.75,-0.04506,0.00188,0.0451,272.4,CMEMS,2026-09-10
26.58334,-77.66666,-0.02771,0.01486,0.0314,298.2,CMEMS,2026-09-10
26.58334,-77.58333,-0.01389,0.0179,0.0227,322.2,CMEMS,2026-09-10
26.58334,-77.5,0.00483,0.00975,0.0109,26.4,CMEMS,2026-09-10
26.58334,-77.41666,0.00926,0.04006,0.0411,13.0,CMEMS,2026-09-10
26.58334,-77.33333,-0.01494,0.04498,0.0474,341.6,CMEMS,2026-09-10
26.58334,-77.08333,-0.04136,0.09532,0.1039,336.5,CMEMS,2026-09-10
26.58334,-77.0,-0.0664,0.14395,0.1585,335.2,CMEMS,2026-09-10
26.58334,-76.91666,-0.13116,0.1554,0.2034,319.8,CMEMS,2026-09-10
26.58334,-76.83333,-0.20824,0.14492,0.2537,304.8,CMEMS,2026-09-10
26.58334,-76.75,-0.28311,0.16244,0.3264,299.8,CMEMS,2026-09-10
26.58334,-76.66666,-0.33707,0.17425,0.3794,297.3,CMEMS,2026-09-10
26.58334,-76.58333,-0.37116,0.17812,0.4117,295.6,CMEMS,2026-09-10
26.58334,-76.5,-0.39075,0.17357,0.4276,294.0,CMEMS,2026-09-10
26.58334,-76.41666,-0.3978,0.16332,0.43,292.3,CMEMS,2026-09-10
26.58334,-76.33333,-0.39853,0.14941,0.4256,290.6,CMEMS,2026-09-10
26.58334,-76.25,-0.39461,0.13454,0.4169,288.8,CMEMS,2026-09-10
26.58334,-76.16666,-0.38694,0.11966,0.405,287.2,CMEMS,2026-09-10
26.66667,-83.08333,0.00176,0.09725,0.0973,1.0,CMEMS,2026-09-10
26.66667,-83.0,-0.00039,0.09184,0.0918,359.8,CMEMS,2026-09-10
26.66667,-82.91666,-0.0019,0.0877,0.0877,358.8,CMEMS,2026-09-10
26.66667,-82.83333,-0.00132,0.08694,0.0869,359.1,CMEMS,2026-09-10
26.66667,-82.75,-0.00086,0.08789,0.0879,359.4,CMEMS,2026-09-10
26.66667,-82.66666,-0.00097,0.08273,0.0827,359.3,CMEMS,2026-09-10
26.66667,-82.58333,-0.00345,0.07656,0.0766,357.4,CMEMS,2026-09-10
26.66667,-82.5,-0.00991,0.07295,0.0736,352.3,CMEMS,2026-09-10
26.66667,-82.41666,-0.01827,0.06829,0.0707,345.0,CMEMS,2026-09-10
26.66667,-82.33333,-0.02172,0.04979,0.0543,336.4,CMEMS,2026-09-10
26.66667,-82.25,-0.01412,0.02911,0.0324,334.1,CMEMS,2026-09-10
26.66667,-82.16666,-0.00746,0.02051,0.0218,340.0,CMEMS,2026-09-10
26.66667,-82.08333,-0.00781,0.01848,0.0201,337.1,CMEMS,2026-09-10
26.66667,-80.0,0.08217,0.9656,0.9691,4.9,CMEMS,2026-09-10
26.66667,-79.91666,0.08895,1.51417,1.5168,3.4,CMEMS,2026-09-10
26.66667,-79.83333,0.10009,1.69159,1.6945,3.4,CMEMS,2026-09-10
26.66667,-79.75,0.0902,1.63882,1.6413,3.2,CMEMS,2026-09-10
26.66667,-79.66666,0.07823,1.4847,1.4868,3.0,CMEMS,2026-09-10
26.66667,-79.58333,0.07387,1.29848,1.3006,3.3,CMEMS,2026-09-10
26.66667,-79.5,0.05977,1.11928,1.1209,3.1,CMEMS,2026-09-10
26.66667,-79.41666,0.04555,0.91302,0.9142,2.9,CMEMS,2026-09-10
26.66667,-79.33333,0.03736,0.65026,0.6513,3.3,CMEMS,2026-09-10
26.66667,-79.25,0.03588,0.3125,0.3146,6.5,CMEMS,2026-09-10
26.66667,-79.16666,0.08792,0.00928,0.0884,84.0,CMEMS,2026-09-10
26.66667,-79.08333,0.09536,-0.24313,0.2612,158.6,CMEMS,2026-09-10
26.66667,-79.0,-0.00832,-0.0736,0.0741,186.5,CMEMS,2026-09-10
26.66667,-78.91666,-0.05647,0.06872,0.0889,320.6,CMEMS,2026-09-10
26.66667,-78.83333,-0.03257,0.04031,0.0518,321.1,CMEMS,2026-09-10
26.66667,-78.75,-0.02294,0.01905,0.0298,309.7,CMEMS,2026-09-10
26.66667,-78.66666,-0.0286,0.00577,0.0292,281.4,CMEMS,2026-09-10
26.66667,-78.33333,-0.04244,0.01155,0.044,285.2,CMEMS,2026-09-10
26.66667,-77.75,-0.01809,0.00871,0.0201,295.7,CMEMS,2026-09-10
26.66667,-77.66666,-0.01861,0.01085,0.0215,300.2,CMEMS,2026-09-10
26.66667,-77.58333,-0.02045,0.01714,0.0267,310.0,CMEMS,2026-09-10
26.66667,-77.5,-0.01543,0.014,0.0208,312.2,CMEMS,2026-09-10
26.66667,-77.25,-0.04185,0.0605,0.0736,325.3,CMEMS,2026-09-10
26.66667,-77.16666,-0.0506,0.05975,0.0783,319.7,CMEMS,2026-09-10
26.66667,-77.08333,-0.06658,0.1176,0.1351,330.5,CMEMS,2026-09-10
26.66667,-77.0,-0.11406,0.18371,0.2162,328.2,CMEMS,2026-09-10
26.66667,-76.91666,-0.18125,0.20373,0.2727,318.3,CMEMS,2026-09-10
26.66667,-76.83333,-0.24441,0.21119,0.323,310.8,CMEMS,2026-09-10
26.66667,-76.75,-0.30157,0.21222,0.3688,305.1,CMEMS,2026-09-10
26.66667,-76.66666,-0.34038,0.20255,0.3961,300.8,CMEMS,2026-09-10
26.66667,-76.58333,-0.3684,0.19477,0.4167,297.9,CMEMS,2026-09-10
26.66667,-76.5,-0.38995,0.18289,0.4307,295.1,CMEMS,2026-09-10
26.66667,-76.41666,-0.40172,0.16835,0.4356,292.7,CMEMS,2026-09-10
26.66667,-76.33333,-0.40768,0.15161,0.435,290.4,CMEMS,2026-09-10
26.66667,-76.25,-0.40847,0.13475,0.4301,288.3,CMEMS,2026-09-10
26.66667,-76.16666,-0.40558,0.11659,0.422,286.0,CMEMS,2026-09-10
26.75,-83.08333,0.00031,0.09765,0.0976,0.2,CMEMS,2026-09-10
26.75,-83.0,-0.00277,0.09214,0.0922,358.3,CMEMS,2026-09-10
26.75,-82.91666,-0.00557,0.08491,0.0851,356.2,CMEMS,2026-09-10
26.75,-82.83333,-0.00595,0.08437,0.0846,356.0,CMEMS,2026-09-10
26.75,-82.75,-0.0058,0.08437,0.0846,356.1,CMEMS,2026-09-10
26.75,-82.66666,-0.00653,0.08119,0.0815,355.4,CMEMS,2026-09-10
26.75,-82.58333,-0.01156,0.07702,0.0779,351.5,CMEMS,2026-09-10
26.75,-82.5,-0.01868,0.0747,0.077,346.0,CMEMS,2026-09-10
26.75,-82.41666,-0.02114,0.06232,0.0658,341.3,CMEMS,2026-09-10
26.75,-82.33333,-0.01924,0.0419,0.0461,335.3,CMEMS,2026-09-10
26.75,-82.25,-0.01103,0.02836,0.0304,338.8,CMEMS,2026-09-10
26.75,-82.16666,-0.00538,0.01225,0.0134,336.3,CMEMS,2026-09-10
26.75,-82.08333,-0.00582,0.01666,0.0176,340.7,CMEMS,2026-09-10
26.75,-80.0,0.16359,0.86469,0.88,10.7,CMEMS,2026-09-10
26.75,-79.91666,0.1462,1.47085,1.4781,5.7,CMEMS,2026-09-10
26.75,-79.83333,0.11876,1.68863,1.6928,4.0,CMEMS,2026-09-10
26.75,-79.75,0.10054,1.648,1.6511,3.5,CMEMS,2026-09-10
26.75,-79.66666,0.07986,1.49708,1.4992,3.1,CMEMS,2026-09-10
26.75,-79.58333,0.07131,1.30566,1.3076,3.1,CMEMS,2026-09-10
26.75,-79.5,0.06368,1.12286,1.1247,3.2,CMEMS,2026-09-10
26.75,-79.41666,0.04715,0.92195,0.9232,2.9,CMEMS,2026-09-10
26.75,-79.33333,0.04184,0.6611,0.6624,3.6,CMEMS,2026-09-10
26.75,-79.25,0.03811,0.33618,0.3383,6.5,CMEMS,2026-09-10
26.75,-79.16666,0.03293,-0.01532,0.0363,114.9,CMEMS,2026-09-10
26.75,-79.08333,-0.0258,-0.17106,0.173,188.6,CMEMS,2026-09-10
26.75,-79.0,-0.0899,-0.0603,0.1082,236.1,CMEMS,2026-09-10
26.75,-78.91666,-0.07904,0.02613,0.0833,288.3,CMEMS,2026-09-10
26.75,-78.83333,-0.04566,0.00832,0.0464,280.3,CMEMS,2026-09-10
26.75,-78.75,-0.02921,-0.00165,0.0293,266.8,CMEMS,2026-09-10
26.75,-78.66666,-0.02116,0.00552,0.0219,284.6,CMEMS,2026-09-10
26.75,-78.58333,-0.01312,0.00356,0.0136,285.2,CMEMS,2026-09-10
26.75,-78.5,-0.00924,0.00836,0.0125,312.1,CMEMS,2026-09-10
26.75,-78.41666,-0.01149,0.01437,0.0184,321.4,CMEMS,2026-09-10
26.75,-78.33333,-0.02092,0.01258,0.0244,301.0,CMEMS,2026-09-10
26.75,-78.25,-0.02982,0.01054,0.0316,289.5,CMEMS,2026-09-10
26.75,-78.16666,-0.02637,0.00217,0.0265,274.7,CMEMS,2026-09-10
26.75,-78.08333,-0.02104,0.00488,0.0216,283.1,CMEMS,2026-09-10
26.75,-78.0,-0.02791,0.00757,0.0289,285.2,CMEMS,2026-09-10
26.75,-77.66666,-0.01613,0.01485,0.0219,312.6,CMEMS,2026-09-10
26.75,-77.58333,-0.02521,0.01749,0.0307,304.8,CMEMS,2026-09-10
26.75,-77.25,-0.04581,0.05123,0.0687,318.2,CMEMS,2026-09-10
26.75,-77.16666,-0.08121,0.0864,0.1186,316.8,CMEMS,2026-09-10
26.75,-77.08333,-0.15916,0.17502,0.2366,317.7,CMEMS,2026-09-10
26.75,-77.0,-0.21763,0.21972,0.3093,315.3,CMEMS,2026-09-10
26.75,-76.91666,-0.24982,0.24192,0.3478,314.1,CMEMS,2026-09-10
26.75,-76.83333,-0.28185,0.24827,0.3756,311.4,CMEMS,2026-09-10
26.75,-76.75,-0.32036,0.24374,0.4025,307.3,CMEMS,2026-09-10
26.75,-76.66666,-0.35119,0.229,0.4193,303.1,CMEMS,2026-09-10
26.75,-76.58333,-0.38058,0.21433,0.4368,299.4,CMEMS,2026-09-10
26.75,-76.5,-0.40603,0.19828,0.4519,296.0,CMEMS,2026-09-10
26.75,-76.41666,-0.42347,0.18013,0.4602,293.0,CMEMS,2026-09-10
26.75,-76.33333,-0.43541,0.16115,0.4643,290.3,CMEMS,2026-09-10
26.75,-76.25,-0.44264,0.14101,0.4646,287.7,CMEMS,2026-09-10
26.75,-76.16666,-0.44576,0.11645,0.4607,284.6,CMEMS,2026-09-10
26.83334,-83.08333,0.00189,0.09717,0.0972,1.1,CMEMS,2026-09-10
26.83334,-83.0,-0.00148,0.09147,0.0915,359.1,CMEMS,2026-09-10
26.83334,-82.91666,-0.00501,0.08458,0.0847,356.6,CMEMS,2026-09-10
26.83334,-82.83333,-0.00686,0.08222,0.0825,355.2,CMEMS,2026-09-10
26.83334,-82.75,-0.00815,0.08162,0.082,354.3,CMEMS,2026-09-10
26.83334,-82.66666,-0.01108,0.08009,0.0808,352.1,CMEMS,2026-09-10
26.83334,-82.58333,-0.01717,0.07832,0.0802,347.6,CMEMS,2026-09-10
26.83334,-82.5,-0.02083,0.07008,0.0731,343.4,CMEMS,2026-09-10
26.83334,-82.41666,-0.02004,0.05094,0.0547,338.5,CMEMS,2026-09-10
26.83334,-82.33333,-0.01657,0.04016,0.0434,337.6,CMEMS,2026-09-10
26.83334,-82.16666,-0.00648,0.00987,0.0118,326.7,CMEMS,2026-09-10
26.83334,-82.08333,-0.0045,0.01415,0.0149,342.3,CMEMS,2026-09-10
26.83334,-80.0,0.20674,0.87677,0.9008,13.3,CMEMS,2026-09-10
26.83334,-79.91666,0.1718,1.4436,1.4538,6.8,CMEMS,2026-09-10
26.83334,-79.83333,0.1161,1.70179,1.7057,3.9,CMEMS,2026-09-10
26.83334,-79.75,0.1022,1.66997,1.6731,3.5,CMEMS,2026-09-10
26.83334,-79.66666,0.08047,1.51651,1.5186,3.0,CMEMS,2026-09-10
26.83334,-79.58333,0.06771,1.32535,1.3271,2.9,CMEMS,2026-09-10
26.83334,-79.5,0.06322,1.13591,1.1377,3.2,CMEMS,2026-09-10
26.83334,-79.41666,0.05418,0.93608,0.9376,3.3,CMEMS,2026-09-10
26.83334,-79.33333,0.04927,0.68781,0.6896,4.1,CMEMS,2026-09-10
26.83334,-79.25,0.03983,0.36579,0.368,6.2,CMEMS,2026-09-10
26.83334,-79.16666,-0.03214,0.03703,0.049,319.0,CMEMS,2026-09-10
26.83334,-79.08333,-0.10799,-0.12647,0.1663,220.5,CMEMS,2026-09-10
26.83334,-79.0,-0.09955,-0.09209,0.1356,227.2,CMEMS,2026-09-10
26.83334,-78.91666,-0.05923,-0.01398,0.0609,256.7,CMEMS,2026-09-10
26.83334,-78.83333,-0.03227,-0.01521,0.0357,244.8,CMEMS,2026-09-10
26.83334,-78.75,-0.02588,-0.00872,0.0273,251.4,CMEMS,2026-09-10
26.83334,-78.66666,-0.03217,-0.0022,0.0322,266.1,CMEMS,2026-09-10
26.83334,-78.58333,-0.03817,0.00271,0.0383,274.1,CMEMS,2026-09-10
26.83334,-78.5,-0.04471,0.00885,0.0456,281.2,CMEMS,2026-09-10
26.83334,-78.41666,-0.05156,0.0164,0.0541,287.6,CMEMS,2026-09-10
26.83334,-78.33333,-0.06542,0.02563,0.0703,291.4,CMEMS,2026-09-10
26.83334,-78.25,-0.07541,0.00786,0.0758,276.0,CMEMS,2026-09-10
26.83334,-78.16666,-0.06126,-0.0087,0.0619,261.9,CMEMS,2026-09-10
26.83334,-78.08333,-0.04451,0.00014,0.0445,270.2,CMEMS,2026-09-10
26.83334,-77.5,-0.04863,0.05353,0.0723,317.7,CMEMS,2026-09-10
26.83334,-77.41666,-0.07671,0.06284,0.0992,309.3,CMEMS,2026-09-10
26.83334,-77.33333,-0.06717,0.08221,0.1062,320.7,CMEMS,2026-09-10
26.83334,-77.25,-0.07228,0.10243,0.1254,324.8,CMEMS,2026-09-10
26.83334,-77.16666,-0.16432,0.17744,0.2418,317.2,CMEMS,2026-09-10
26.83334,-77.08333,-0.25091,0.25307,0.3564,315.2,CMEMS,2026-09-10
26.83334,-77.0,-0.28198,0.27497,0.3938,314.3,CMEMS,2026-09-10
26.83334,-76.91666,-0.29108,0.27888,0.4031,313.8,CMEMS,2026-09-10
26.83334,-76.83333,-0.31276,0.27509,0.4165,311.3,CMEMS,2026-09-10
26.83334,-76.75,-0.34599,0.27181,0.44,308.2,CMEMS,2026-09-10
26.83334,-76.66666,-0.38107,0.26023,0.4614,304.3,CMEMS,2026-09-10
26.83334,-76.58333,-0.4153,0.24282,0.4811,300.3,CMEMS,2026-09-10
26.83334,-76.5,-0.44262,0.22334,0.4958,296.8,CMEMS,2026-09-10
26.83334,-76.41666,-0.46263,0.20164,0.5047,293.6,CMEMS,2026-09-10
26.83334,-76.33333,-0.47704,0.17939,0.5097,290.6,CMEMS,2026-09-10
26.83334,-76.25,-0.48644,0.15364,0.5101,287.5,CMEMS,2026-09-10
26.83334,-76.16666,-0.48998,0.12316,0.5052,284.1,CMEMS,2026-09-10
26.91667,-83.08333,0.00223,0.09397,0.094,1.4,CMEMS,2026-09-10
26.91667,-83.0,-0.00228,0.09163,0.0917,358.6,CMEMS,2026-09-10
26.91667,-82.91666,-0.00635,0.08636,0.0866,355.8,CMEMS,2026-09-10
26.91667,-82.83333,-0.00924,0.08253,0.083,353.6,CMEMS,2026-09-10
26.91667,-82.75,-0.012,0.08161,0.0825,351.6,CMEMS,2026-09-10
26.91667,-82.66666,-0.0159,0.08076,0.0823,348.9,CMEMS,2026-09-10
26.91667,-82.58333,-0.02066,0.07782,0.0805,345.1,CMEMS,2026-09-10
26.91667,-82.5,-0.01878,0.05997,0.0628,342.6,CMEMS,2026-09-10
26.91667,-82.41666,-0.01646,0.04674,0.0496,340.6,CMEMS,2026-09-10
26.91667,-82.33333,-0.01629,0.04276,0.0458,339.1,CMEMS,2026-09-10
26.91667,-82.16666,-0.00762,0.01344,0.0155,330.5,CMEMS,2026-09-10
26.91667,-82.08333,-0.0051,0.0127,0.0137,338.1,CMEMS,2026-09-10
26.91667,-80.08333,0.09388,0.22026,0.2394,23.1,CMEMS,2026-09-10
26.91667,-80.0,0.16148,0.75897,0.776,12.0,CMEMS,2026-09-10
26.91667,-79.91666,0.15376,1.35684,1.3655,6.5,CMEMS,2026-09-10
26.91667,-79.83333,0.10737,1.70225,1.7056,3.6,CMEMS,2026-09-10
26.91667,-79.75,0.10005,1.69093,1.6939,3.4,CMEMS,2026-09-10
26.91667,-79.66666,0.08637,1.54121,1.5436,3.2,CMEMS,2026-09-10
26.91667,-79.58333,0.06809,1.35238,1.3541,2.9,CMEMS,2026-09-10
26.91667,-79.5,0.06376,1.1585,1.1602,3.2,CMEMS,2026-09-10
26.91667,-79.41666,0.06791,0.95854,0.9609,4.1,CMEMS,2026-09-10
26.91667,-79.33333,0.06228,0.71373,0.7164,5.0,CMEMS,2026-09-10
26.91667,-79.25,0.04362,0.40802,0.4103,6.1,CMEMS,2026-09-10
26.91667,-79.16666,0.00223,0.10578,0.1058,1.2,CMEMS,2026-09-10
26.91667,-79.08333,-0.00964,-0.09236,0.0929,186.0,CMEMS,2026-09-10
26.91667,-79.0,-0.00165,-0.09413,0.0941,181.0,CMEMS,2026-09-10
26.91667,-78.91666,-0.01179,-0.00246,0.012,258.2,CMEMS,2026-09-10
26.91667,-78.83333,-0.01253,-0.00333,0.013,255.1,CMEMS,2026-09-10
26.91667,-78.75,-0.01419,0.00343,0.0146,283.6,CMEMS,2026-09-10
26.91667,-78.66666,-0.02688,0.00715,0.0278,284.9,CMEMS,2026-09-10
26.91667,-78.58333,-0.03932,0.00989,0.0405,284.1,CMEMS,2026-09-10
26.91667,-78.5,-0.04826,0.01245,0.0498,284.5,CMEMS,2026-09-10
26.91667,-78.41666,-0.05481,0.01581,0.057,286.1,CMEMS,2026-09-10
26.91667,-78.33333,-0.06544,0.02016,0.0685,287.1,CMEMS,2026-09-10
26.91667,-78.16666,-0.07468,-0.00642,0.075,265.1,CMEMS,2026-09-10
26.91667,-78.08333,-0.0844,-0.02616,0.0884,252.8,CMEMS,2026-09-10
26.91667,-78.0,-0.11071,-0.03733,0.1168,251.4,CMEMS,2026-09-10
26.91667,-77.5,-0.04204,0.05997,0.0732,325.0,CMEMS,2026-09-10
26.91667,-77.41666,-0.03397,0.06889,0.0768,333.8,CMEMS,2026-09-10
26.91667,-77.33333,-0.06389,0.09627,0.1155,326.4,CMEMS,2026-09-10
26.91667,-77.25,-0.14713,0.18909,0.2396,322.1,CMEMS,2026-09-10
26.91667,-77.16666,-0.24192,0.27236,0.3643,318.4,CMEMS,2026-09-10
26.91667,-77.08333,-0.29084,0.3112,0.4259,316.9,CMEMS,2026-09-10
26.91667,-77.0,-0.30447,0.31442,0.4377,315.9,CMEMS,2026-09-10
26.91667,-76.91666,-0.32062,0.31021,0.4461,314.1,CMEMS,2026-09-10
26.91667,-76.83333,-0.3494,0.30709,0.4652,311.3,CMEMS,2026-09-10
26.91667,-76.75,-0.38391,0.30538,0.4905,308.5,CMEMS,2026-09-10
26.91667,-76.66666,-0.42037,0.29632,0.5143,305.2,CMEMS,2026-09-10
26.91667,-76.58333,-0.45184,0.27806,0.5305,301.6,CMEMS,2026-09-10
26.91667,-76.5,-0.47371,0.25706,0.539,298.5,CMEMS,2026-09-10
26.91667,-76.41666,-0.48884,0.23139,0.5408,295.3,CMEMS,2026-09-10
26.91667,-76.33333,-0.49737,0.20235,0.537,292.1,CMEMS,2026-09-10
26.91667,-76.25,-0.49964,0.16975,0.5277,288.8,CMEMS,2026-09-10
26.91667,-76.16666,-0.49648,0.13418,0.5143,285.1,CMEMS,2026-09-10
27.0,-83.08333,-0.00373,0.09124,0.0913,357.7,CMEMS,2026-09-10
27.0,-83.0,-0.01067,0.08954,0.0902,353.2,CMEMS,2026-09-10
27.0,-82.91666,-0.01521,0.087,0.0883,350.1,CMEMS,2026-09-10
27.0,-82.83333,-0.01719,0.08266,0.0844,348.2,CMEMS,2026-09-10
27.0,-82.75,-0.01762,0.08106,0.083,347.7,CMEMS,2026-09-10
27.0,-82.66666,-0.02055,0.08044,0.083,345.7,CMEMS,2026-09-10
27.0,-82.58333,-0.0223,0.07321,0.0765,343.1,CMEMS,2026-09-10
27.0,-82.5,-0.02057,0.05087,0.0549,338.0,CMEMS,2026-09-10
27.0,-82.41666,-0.01741,0.04857,0.0516,340.3,CMEMS,2026-09-10
27.0,-80.08333,0.0079,-0.16381,0.164,177.2,CMEMS,2026-09-10
27.0,-80.0,0.04594,0.60716,0.6089,4.3,CMEMS,2026-09-10
27.0,-79.91666,0.08751,1.27604,1.279,3.9,CMEMS,2026-09-10
27.0,-79.83333,0.09808,1.68903,1.6919,3.3,CMEMS,2026-09-10
27.0,-79.75,0.09998,1.70844,1.7114,3.3,CMEMS,2026-09-10
27.0,-79.66666,0.09331,1.56196,1.5647,3.4,CMEMS,2026-09-10
27.0,-79.58333,0.0737,1.36964,1.3716,3.1,CMEMS,2026-09-10
27.0,-79.5,0.06919,1.17726,1.1793,3.4,CMEMS,2026-09-10
27.0,-79.41666,0.07202,0.96738,0.9701,4.3,CMEMS,2026-09-10
27.0,-79.33333,0.0742,0.71491,0.7187,5.9,CMEMS,2026-09-10
27.0,-79.25,0.05795,0.42738,0.4313,7.7,CMEMS,2026-09-10
27.0,-79.16666,0.031,0.13887,0.1423,12.6,CMEMS,2026-09-10
27.0,-79.08333,0.03375,-0.08815,0.0944,159.1,CMEMS,2026-09-10
27.0,-79.0,0.02266,-0.09447,0.0972,166.5,CMEMS,2026-09-10
27.0,-78.91666,0.0018,0.00613,0.0064,16.4,CMEMS,2026-09-10
27.0,-78.83333,-0.00612,0.02157,0.0224,344.2,CMEMS,2026-09-10
27.0,-78.75,-0.01547,0.02095,0.026,323.6,CMEMS,2026-09-10
27.0,-78.66666,-0.02532,0.02,0.0323,308.3,CMEMS,2026-09-10
27.0,-78.58333,-0.0336,0.01895,0.0386,299.4,CMEMS,2026-09-10
27.0,-78.5,-0.04006,0.01787,0.0439,294.0,CMEMS,2026-09-10
27.0,-78.41666,-0.04802,0.01614,0.0507,288.6,CMEMS,2026-09-10
27.0,-78.33333,-0.06288,0.01223,0.0641,281.0,CMEMS,2026-09-10
27.0,-78.25,-0.08072,0.01966,0.0831,283.7,CMEMS,2026-09-10
27.0,-78.16666,-0.08766,0.02259,0.0905,284.4,CMEMS,2026-09-10
27.0,-78.08333,-0.09633,-0.01425,0.0974,261.6,CMEMS,2026-09-10
27.0,-78.0,-0.12052,-0.03208,0.1247,255.1,CMEMS,2026-09-10
27.0,-77.91666,-0.1297,-0.00449,0.1298,268.0,CMEMS,2026-09-10
27.0,-77.83333,-0.13197,0.01717,0.1331,277.4,CMEMS,2026-09-10
27.0,-77.75,-0.13727,0.01113,0.1377,274.6,CMEMS,2026-09-10
27.0,-77.66666,-0.14324,0.02747,0.1458,280.9,CMEMS,2026-09-10
27.0,-77.58333,-0.08406,0.06367,0.1055,307.1,CMEMS,2026-09-10
27.0,-77.5,-0.02519,0.06266,0.0675,338.1,CMEMS,2026-09-10
27.0,-77.41666,-0.04638,0.10354,0.1134,335.9,CMEMS,2026-09-10
27.0,-77.33333,-0.12512,0.18812,0.2259,326.4,CMEMS,2026-09-10
27.0,-77.25,-0.22539,0.29005,0.3673,322.1,CMEMS,2026-09-10
27.0,-77.16666,-0.28617,0.33666,0.4419,319.6,CMEMS,2026-09-10
27.0,-77.08333,-0.30704,0.34608,0.4626,318.4,CMEMS,2026-09-10
27.0,-77.0,-0.32248,0.34317,0.4709,316.8,CMEMS,2026-09-10
27.0,-76.91666,-0.35042,0.34447,0.4914,314.5,CMEMS,2026-09-10
27.0,-76.83333,-0.38155,0.34575,0.5149,312.2,CMEMS,2026-09-10
27.0,-76.75,-0.41092,0.34369,0.5357,309.9,CMEMS,2026-09-10
27.0,-76.66666,-0.44002,0.3333,0.552,307.1,CMEMS,2026-09-10
27.0,-76.58333,-0.46023,0.31315,0.5567,304.2,CMEMS,2026-09-10
27.0,-76.5,-0.47092,0.28728,0.5516,301.4,CMEMS,2026-09-10
27.0,-76.41666,-0.47572,0.25483,0.5397,298.2,CMEMS,2026-09-10
27.0,-76.33333,-0.47386,0.21819,0.5217,294.7,CMEMS,2026-09-10
27.0,-76.25,-0.46959,0.1813,0.5034,291.1,CMEMS,2026-09-10
27.0,-76.16666,-0.46588,0.14151,0.4869,286.9,CMEMS,2026-09-10
27.08334,-83.08333,-0.00761,0.09422,0.0945,355.4,CMEMS,2026-09-10
27.08334,-83.0,-0.01519,0.08783,0.0891,350.2,CMEMS,2026-09-10
27.08334,-82.91666,-0.0189,0.08224,0.0844,347.1,CMEMS,2026-09-10
27.08334,-82.83333,-0.02013,0.07919,0.0817,345.7,CMEMS,2026-09-10
27.08334,-82.75,-0.01958,0.0764,0.0789,345.6,CMEMS,2026-09-10
27.08334,-82.66666,-0.02017,0.07586,0.0785,345.1,CMEMS,2026-09-10
27.08334,-82.58333,-0.02032,0.05966,0.063,341.2,CMEMS,2026-09-10
27.08334,-82.5,-0.02063,0.03802,0.0433,331.5,CMEMS,2026-09-10
27.08334,-80.08333,-0.08201,-0.08138,0.1155,225.2,CMEMS,2026-09-10
27.08334,-80.0,-0.08534,0.53523,0.542,350.9,CMEMS,2026-09-10
27.08334,-79.91666,0.00793,1.26103,1.2611,0.4,CMEMS,2026-09-10
27.08334,-79.83333,0.09441,1.66896,1.6716,3.2,CMEMS,2026-09-10
27.08334,-79.75,0.10621,1.71339,1.7167,3.5,CMEMS,2026-09-10
27.08334,-79.66666,0.09635,1.57306,1.576,3.5,CMEMS,2026-09-10
27.08334,-79.58333,0.08119,1.37535,1.3777,3.4,CMEMS,2026-09-10
27.08334,-79.5,0.07287,1.179,1.1813,3.5,CMEMS,2026-09-10
27.08334,-79.41666,0.06903,0.96026,0.9627,4.1,CMEMS,2026-09-10
27.08334,-79.33333,0.08031,0.71429,0.7188,6.4,CMEMS,2026-09-10
27.08334,-79.25,0.07574,0.42022,0.427,10.2,CMEMS,2026-09-10
27.08334,-79.16666,0.06905,0.13269,0.1496,27.5,CMEMS,2026-09-10
27.08334,-79.08333,0.07476,-0.10251,0.1269,143.9,CMEMS,2026-09-10
27.08334,-79.0,0.04573,-0.0804,0.0925,150.4,CMEMS,2026-09-10
27.08334,-78.91666,0.01232,0.02952,0.032,22.7,CMEMS,2026-09-10
27.08334,-78.83333,-0.00646,0.04708,0.0475,352.2,CMEMS,2026-09-10
27.08334,-78.75,-0.023,0.04018,0.0463,330.2,CMEMS,2026-09-10
27.08334,-78.66666,-0.03277,0.02962,0.0442,312.1,CMEMS,2026-09-10
27.08334,-78.58333,-0.03862,0.02596,0.0465,303.9,CMEMS,2026-09-10
27.08334,-78.5,-0.04406,0.02506,0.0507,299.6,CMEMS,2026-09-10
27.08334,-78.41666,-0.05195,0.02771,0.0589,298.1,CMEMS,2026-09-10
27.08334,-78.33333,-0.06435,0.03125,0.0715,295.9,CMEMS,2026-09-10
27.08334,-78.25,-0.0788,0.03499,0.0862,293.9,CMEMS,2026-09-10
27.08334,-78.16666,-0.09394,0.03344,0.0997,289.6,CMEMS,2026-09-10
27.08334,-78.08333,-0.10678,0.00132,0.1068,270.7,CMEMS,2026-09-10
27.08334,-78.0,-0.11356,-0.01342,0.1143,263.3,CMEMS,2026-09-10
27.08334,-77.91666,-0.11136,-0.00154,0.1114,269.2,CMEMS,2026-09-10
27.08334,-77.83333,-0.11314,0.03466,0.1183,287.0,CMEMS,2026-09-10
27.08334,-77.75,-0.11303,0.09073,0.1449,308.8,CMEMS,2026-09-10
27.08334,-77.66666,-0.07596,0.0677,0.1017,311.7,CMEMS,2026-09-10
27.08334,-77.58333,-0.02915,0.03555,0.046,320.7,CMEMS,2026-09-10
27.08334,-77.5,-0.03389,0.078,0.085,336.5,CMEMS,2026-09-10
27.08334,-77.41666,-0.10496,0.19168,0.2185,331.3,CMEMS,2026-09-10
27.08334,-77.33333,-0.20743,0.29904,0.3639,325.3,CMEMS,2026-09-10
27.08334,-77.25,-0.2817,0.36273,0.4593,322.2,CMEMS,2026-09-10
27.08334,-77.16666,-0.30891,0.37578,0.4865,320.6,CMEMS,2026-09-10
27.08334,-77.08333,-0.32097,0.3722,0.4915,319.2,CMEMS,2026-09-10
27.08334,-77.0,-0.34216,0.37386,0.5068,317.5,CMEMS,2026-09-10
27.08334,-76.91666,-0.37,0.3802,0.5305,315.8,CMEMS,2026-09-10
27.08334,-76.83333,-0.39217,0.38192,0.5474,314.2,CMEMS,2026-09-10
27.08334,-76.75,-0.41029,0.37569,0.5563,312.5,CMEMS,2026-09-10
27.08334,-76.66666,-0.42594,0.35798,0.5564,310.0,CMEMS,2026-09-10
27.08334,-76.58333,-0.43194,0.33063,0.544,307.4,CMEMS,2026-09-10
27.08334,-76.5,-0.43245,0.29812,0.5253,304.6,CMEMS,2026-09-10
27.08334,-76.41666,-0.43227,0.2637,0.5064,301.4,CMEMS,2026-09-10
27.08334,-76.33333,-0.43188,0.22591,0.4874,297.6,CMEMS,2026-09-10
27.08334,-76.25,-0.43377,0.18807,0.4728,293.4,CMEMS,2026-09-10
27.08334,-76.16666,-0.43544,0.14477,0.4589,288.4,CMEMS,2026-09-10
27.16667,-83.08333,-0.00443,0.0954,0.0955,357.3,CMEMS,2026-09-10
27.16667,-83.0,-0.01247,0.08778,0.0887,351.9,CMEMS,2026-09-10
27.16667,-82.91666,-0.01696,0.07875,0.0806,347.8,CMEMS,2026-09-10
27.16667,-82.83333,-0.01874,0.07509,0.0774,346.0,CMEMS,2026-09-10
27.16667,-82.75,-0.01899,0.07145,0.0739,345.1,CMEMS,2026-09-10
27.16667,-82.66666,-0.01726,0.06756,0.0697,345.7,CMEMS,2026-09-10
27.16667,-82.58333,-0.01594,0.04755,0.0502,341.5,CMEMS,2026-09-10
27.16667,-82.5,-0.01698,0.04556,0.0486,339.6,CMEMS,2026-09-10
27.16667,-80.16666,-0.03905,0.03991,0.0558,315.6,CMEMS,2026-09-10
27.16667,-80.08333,-0.09031,0.08088,0.1212,311.8,CMEMS,2026-09-10
27.16667,-80.0,-0.08936,0.52456,0.5321,350.3,CMEMS,2026-09-10
27.16667,-79.91666,0.00906,1.26987,1.2699,0.4,CMEMS,2026-09-10
27.16667,-79.83333,0.08779,1.66123,1.6635,3.0,CMEMS,2026-09-10
27.16667,-79.75,0.111,1.71385,1.7174,3.7,CMEMS,2026-09-10
27.16667,-79.66666,0.09628,1.5798,1.5827,3.5,CMEMS,2026-09-10
27.16667,-79.58333,0.07872,1.38082,1.3831,3.3,CMEMS,2026-09-10
27.16667,-79.5,0.06905,1.17412,1.1761,3.4,CMEMS,2026-09-10
27.16667,-79.41666,0.07151,0.95675,0.9594,4.3,CMEMS,2026-09-10
27.16667,-79.33333,0.07548,0.71211,0.7161,6.1,CMEMS,2026-09-10
27.16667,-79.25,0.07229,0.41529,0.4215,9.9,CMEMS,2026-09-10
27.16667,-79.16666,0.09447,0.10774,0.1433,41.2,CMEMS,2026-09-10
27.16667,-79.08333,0.08273,-0.08947,0.1219,137.2,CMEMS,2026-09-10
27.16667,-79.0,0.01717,-0.03641,0.0403,154.7,CMEMS,2026-09-10
27.16667,-78.91666,-0.01711,0.04672,0.0498,339.9,CMEMS,2026-09-10
27.16667,-78.83333,-0.01995,0.0613,0.0645,342.0,CMEMS,2026-09-10
27.16667,-78.75,-0.02415,0.05455,0.0597,336.1,CMEMS,2026-09-10
27.16667,-78.66666,-0.02986,0.04414,0.0533,325.9,CMEMS,2026-09-10
27.16667,-78.58333,-0.03502,0.03525,0.0497,315.2,CMEMS,2026-09-10
27.16667,-78.5,-0.04027,0.03257,0.0518,309.0,CMEMS,2026-09-10
27.16667,-78.41666,-0.04837,0.04001,0.0628,309.6,CMEMS,2026-09-10
27.16667,-78.33333,-0.06077,0.04809,0.0775,308.4,CMEMS,2026-09-10
27.16667,-78.25,-0.07327,0.04959,0.0885,304.1,CMEMS,2026-09-10
27.16667,-78.16666,-0.07974,0.05518,0.097,304.7,CMEMS,2026-09-10
27.16667,-78.08333,-0.0765,0.0832,0.113,317.4,CMEMS,2026-09-10
27.16667,-78.0,-0.06216,0.06688,0.0913,317.1,CMEMS,2026-09-10
27.16667,-77.91666,-0.04813,0.05175,0.0707,317.1,CMEMS,2026-09-10
27.16667,-77.83333,-0.03299,0.04869,0.0588,325.9,CMEMS,2026-09-10
27.16667,-77.75,-0.00899,0.05764,0.0583,351.1,CMEMS,2026-09-10
27.16667,-77.66666,0.01097,0.04377,0.0451,14.1,CMEMS,2026-09-10
27.16667,-77.58333,-0.01015,0.06919,0.0699,351.7,CMEMS,2026-09-10
27.16667,-77.5,-0.08689,0.16502,0.1865,332.2,CMEMS,2026-09-10
27.16667,-77.41666,-0.18785,0.29436,0.3492,327.5,CMEMS,2026-09-10
27.16667,-77.33333,-0.26778,0.37407,0.46,324.4,CMEMS,2026-09-10
27.16667,-77.25,-0.30332,0.40345,0.5047,323.1,CMEMS,2026-09-10
27.16667,-77.16666,-0.31423,0.40028,0.5089,321.9,CMEMS,2026-09-10
27.16667,-77.08333,-0.3272,0.39765,0.515,320.6,CMEMS,2026-09-10
27.16667,-77.0,-0.34611,0.40308,0.5313,319.3,CMEMS,2026-09-10
27.16667,-76.91666,-0.36278,0.4096,0.5472,318.5,CMEMS,2026-09-10
27.16667,-76.83333,-0.37217,0.40787,0.5522,317.6,CMEMS,2026-09-10
27.16667,-76.75,-0.37901,0.39317,0.5461,316.1,CMEMS,2026-09-10
27.16667,-76.66666,-0.38228,0.36682,0.5298,313.8,CMEMS,2026-09-10
27.16667,-76.58333,-0.37922,0.33411,0.5054,311.4,CMEMS,2026-09-10
27.16667,-76.5,-0.37733,0.2998,0.4819,308.5,CMEMS,2026-09-10
27.16667,-76.41666,-0.37833,0.2659,0.4624,305.1,CMEMS,2026-09-10
27.16667,-76.33333,-0.37878,0.23103,0.4437,301.4,CMEMS,2026-09-10
27.16667,-76.25,-0.37739,0.19239,0.4236,297.0,CMEMS,2026-09-10
27.16667,-76.16666,-0.37056,0.14697,0.3986,291.6,CMEMS,2026-09-10
27.25,-83.08333,-0.00318,0.09587,0.0959,358.1,CMEMS,2026-09-10
27.25,-83.0,-0.01063,0.08648,0.0871,353.0,CMEMS,2026-09-10
27.25,-82.91666,-0.01606,0.07754,0.0792,348.3,CMEMS,2026-09-10
27.25,-82.83333,-0.01919,0.07228,0.0748,345.1,CMEMS,2026-09-10
27.25,-82.75,-0.01969,0.06819,0.071,343.9,CMEMS,2026-09-10
27.25,-82.66666,-0.01747,0.05943,0.0619,343.6,CMEMS,2026-09-10
27.25,-82.58333,-0.01521,0.04458,0.0471,341.2,CMEMS,2026-09-10
27.25,-80.25,-0.04312,0.07656,0.0879,330.6,CMEMS,2026-09-10
27.25,-80.16666,-0.0407,0.09457,0.103,336.7,CMEMS,2026-09-10
27.25,-80.08333,-0.05189,0.15212,0.1607,341.2,CMEMS,2026-09-10
27.25,-80.0,-0.00742,0.54474,0.5448,359.2,CMEMS,2026-09-10
27.25,-79.91666,0.06319,1.23672,1.2383,2.9,CMEMS,2026-09-10
27.25,-79.83333,0.0933,1.64913,1.6518,3.2,CMEMS,2026-09-10
27.25,-79.75,0.10399,1.71471,1.7179,3.5,CMEMS,2026-09-10
27.25,-79.66666,0.09113,1.58171,1.5843,3.3,CMEMS,2026-09-10
27.25,-79.58333,0.07051,1.39035,1.3921,2.9,CMEMS,2026-09-10
27.25,-79.5,0.0631,1.18417,1.1859,3.1,CMEMS,2026-09-10
27.25,-79.41666,0.06969,0.96574,0.9683,4.1,CMEMS,2026-09-10
27.25,-79.33333,0.06924,0.70837,0.7117,5.6,CMEMS,2026-09-10
27.25,-79.25,0.06136,0.43065,0.435,8.1,CMEMS,2026-09-10
27.25,-79.16666,0.06912,0.09131,0.1145,37.1,CMEMS,2026-09-10
27.25,-79.08333,0.01422,-0.03309,0.036,156.7,CMEMS,2026-09-10
27.25,-79.0,-0.06589,0.00277,0.066,272.4,CMEMS,2026-09-10
27.25,-78.91666,-0.07488,0.04095,0.0853,298.7,CMEMS,2026-09-10
27.25,-78.83333,-0.0517,0.04736,0.0701,312.5,CMEMS,2026-09-10
27.25,-78.75,-0.03202,0.05104,0.0603,327.9,CMEMS,2026-09-10
27.25,-78.66666,-0.02063,0.04788,0.0521,336.7,CMEMS,2026-09-10
27.25,-78.58333,-0.01625,0.04149,0.0446,338.6,CMEMS,2026-09-10
27.25,-78.5,-0.01785,0.03886,0.0428,335.3,CMEMS,2026-09-10
27.25,-78.41666,-0.02412,0.04962,0.0552,334.1,CMEMS,2026-09-10
27.25,-78.33333,-0.02861,0.0662,0.0721,336.6,CMEMS,2026-09-10
27.25,-78.25,-0.02144,0.09349,0.0959,347.1,CMEMS,2026-09-10
27.25,-78.16666,0.0047,0.06533,0.0655,4.1,CMEMS,2026-09-10
27.25,-78.08333,0.03663,0.04395,0.0572,39.8,CMEMS,2026-09-10
27.25,-78.0,0.05627,0.04726,0.0735,50.0,CMEMS,2026-09-10
27.25,-77.91666,0.0567,0.05154,0.0766,47.7,CMEMS,2026-09-10
27.25,-77.83333,0.04773,0.05612,0.0737,40.4,CMEMS,2026-09-10
27.25,-77.75,0.03656,0.05614,0.067,33.1,CMEMS,2026-09-10
27.25,-77.66666,0.00126,0.07992,0.0799,0.9,CMEMS,2026-09-10
27.25,-77.58333,-0.07236,0.15527,0.1713,335.0,CMEMS,2026-09-10
27.25,-77.5,-0.16805,0.26776,0.3161,327.9,CMEMS,2026-09-10
27.25,-77.41666,-0.24883,0.36838,0.4445,326.0,CMEMS,2026-09-10
27.25,-77.33333,-0.28914,0.4149,0.5057,325.1,CMEMS,2026-09-10
27.25,-77.25,-0.30006,0.42181,0.5176,324.6,CMEMS,2026-09-10
27.25,-77.16666,-0.30681,0.41739,0.518,323.7,CMEMS,2026-09-10
27.25,-77.08333,-0.3185,0.41776,0.5253,322.7,CMEMS,2026-09-10
27.25,-77.0,-0.32764,0.42121,0.5336,322.1,CMEMS,2026-09-10
27.25,-76.91666,-0.33024,0.42329,0.5369,322.0,CMEMS,2026-09-10
27.25,-76.83333,-0.32812,0.41398,0.5282,321.6,CMEMS,2026-09-10
27.25,-76.75,-0.3239,0.39368,0.5098,320.6,CMEMS,2026-09-10
27.25,-76.66666,-0.31745,0.36416,0.4831,318.9,CMEMS,2026-09-10
27.25,-76.58333,-0.30921,0.33188,0.4536,317.0,CMEMS,2026-09-10
27.25,-76.5,-0.30125,0.29998,0.4251,314.9,CMEMS,2026-09-10
27.25,-76.41666,-0.29266,0.26677,0.396,312.4,CMEMS,2026-09-10
27.25,-76.33333,-0.2821,0.23073,0.3644,309.3,CMEMS,2026-09-10
27.25,-76.25,-0.26773,0.18877,0.3276,305.2,CMEMS,2026-09-10
27.25,-76.16666,-0.247,0.14036,0.2841,299.6,CMEMS,2026-09-10
27.33334,-83.08333,-0.00635,0.09749,0.0977,356.3,CMEMS,2026-09-10
27.33334,-83.0,-0.01403,0.08786,0.089,350.9,CMEMS,2026-09-10
27.33334,-82.91666,-0.01908,0.07401,0.0764,345.5,CMEMS,2026-09-10
27.33334,-82.83333,-0.02025,0.06732,0.0703,343.3,CMEMS,2026-09-10
27.33334,-82.75,-0.01868,0.06069,0.0635,342.9,CMEMS,2026-09-10
27.33334,-82.66666,-0.01772,0.04841,0.0516,339.9,CMEMS,2026-09-10
27.33334,-82.58333,-0.0169,0.04921,0.052,341.0,CMEMS,2026-09-10
27.33334,-80.25,-0.02697,0.05387,0.0602,333.4,CMEMS,2026-09-10
27.33334,-80.16666,-0.01752,0.12142,0.1227,351.8,CMEMS,2026-09-10
27.33334,-80.08333,0.01217,0.05614,0.0574,12.2,CMEMS,2026-09-10
27.33334,-80.0,0.05855,0.49508,0.4985,6.7,CMEMS,2026-09-10
27.33334,-79.91666,0.09668,1.18937,1.1933,4.6,CMEMS,2026-09-10
27.33334,-79.83333,0.09982,1.62617,1.6292,3.5,CMEMS,2026-09-10
27.33334,-79.75,0.09164,1.71347,1.7159,3.1,CMEMS,2026-09-10
27.33334,-79.66666,0.08351,1.59113,1.5933,3.0,CMEMS,2026-09-10
27.33334,-79.58333,0.06678,1.4028,1.4044,2.7,CMEMS,2026-09-10
27.33334,-79.5,0.05979,1.20108,1.2026,2.8,CMEMS,2026-09-10
27.33334,-79.41666,0.0559,0.97656,0.9782,3.3,CMEMS,2026-09-10
27.33334,-79.33333,0.05485,0.70892,0.711,4.4,CMEMS,2026-09-10
27.33334,-79.25,0.04595,0.42761,0.4301,6.1,CMEMS,2026-09-10
27.33334,-79.16666,0.02497,0.10679,0.1097,13.2,CMEMS,2026-09-10
27.33334,-79.08333,-0.0324,0.0401,0.0516,321.1,CMEMS,2026-09-10
27.33334,-79.0,-0.07777,0.03718,0.0862,295.6,CMEMS,2026-09-10
27.33334,-78.91666,-0.03278,-0.00522,0.0332,260.9,CMEMS,2026-09-10
27.33334,-78.83333,0.04003,0.02303,0.0462,60.1,CMEMS,2026-09-10
27.33334,-78.75,0.08334,0.04369,0.0941,62.3,CMEMS,2026-09-10
27.33334,-78.66666,0.10362,0.06011,0.1198,59.9,CMEMS,2026-09-10
27.33334,-78.58333,0.10922,0.06812,0.1287,58.0,CMEMS,2026-09-10
27.33334,-78.5,0.10442,0.06358,0.1223,58.7,CMEMS,2026-09-10
27.33334,-78.41666,0.09735,0.05455,0.1116,60.7,CMEMS,2026-09-10
27.33334,-78.33333,0.09507,0.05025,0.1075,62.1,CMEMS,2026-09-10
27.33334,-78.25,0.10064,0.05807,0.1162,60.0,CMEMS,2026-09-10
27.33334,-78.16666,0.10521,0.03913,0.1123,69.6,CMEMS,2026-09-10
27.33334,-78.08333,0.09995,0.03119,0.1047,72.7,CMEMS,2026-09-10
27.33334,-78.0,0.08619,0.04963,0.0995,60.1,CMEMS,2026-09-10
27.33334,-77.91666,0.06655,0.07302,0.0988,42.3,CMEMS,2026-09-10
27.33334,-77.83333,0.04279,0.0796,0.0904,28.3,CMEMS,2026-09-10
27.33334,-77.75,-0.00062,0.09395,0.094,359.6,CMEMS,2026-09-10
27.33334,-77.66666,-0.07414,0.16095,0.1772,335.3,CMEMS,2026-09-10
27.33334,-77.58333,-0.15781,0.25397,0.299,328.1,CMEMS,2026-09-10
27.33334,-77.5,-0.23009,0.34872,0.4178,326.6,CMEMS,2026-09-10
27.33334,-77.41666,-0.27248,0.41204,0.494,326.5,CMEMS,2026-09-10
27.33334,-77.33333,-0.28334,0.4334,0.5178,326.8,CMEMS,2026-09-10
27.33334,-77.25,-0.28252,0.43102,0.5154,326.8,CMEMS,2026-09-10
27.33334,-77.16666,-0.28642,0.42857,0.5155,326.2,CMEMS,2026-09-10
27.33334,-77.08333,-0.29126,0.42929,0.5188,325.8,CMEMS,2026-09-10
27.33334,-77.0,-0.28738,0.42754,0.5151,326.1,CMEMS,2026-09-10
27.33334,-76.91666,-0.27733,0.41991,0.5032,326.6,CMEMS,2026-09-10
27.33334,-76.83333,-0.26351,0.40395,0.4823,326.9,CMEMS,2026-09-10
27.33334,-76.75,-0.24772,0.38115,0.4546,327.0,CMEMS,2026-09-10
27.33334,-76.66666,-0.23122,0.35489,0.4236,326.9,CMEMS,2026-09-10
27.33334,-76.58333,-0.21383,0.3273,0.391,326.8,CMEMS,2026-09-10
27.33334,-76.5,-0.19461,0.2967,0.3548,326.7,CMEMS,2026-09-10
27.33334,-76.41666,-0.17325,0.26111,0.3134,326.4,CMEMS,2026-09-10
27.33334,-76.33333,-0.15088,0.22092,0.2675,325.7,CMEMS,2026-09-10
27.33334,-76.25,-0.12599,0.17375,0.2146,324.1,CMEMS,2026-09-10
27.33334,-76.16666,-0.09783,0.12183,0.1562,321.2,CMEMS,2026-09-10
27.41667,-83.08333,-0.01033,0.09961,0.1001,354.1,CMEMS,2026-09-10
27.41667,-83.0,-0.01559,0.08581,0.0872,349.7,CMEMS,2026-09-10
27.41667,-82.91666,-0.01588,0.06904,0.0708,347.0,CMEMS,2026-09-10
27.41667,-82.83333,-0.01497,0.06113,0.0629,346.2,CMEMS,2026-09-10
27.41667,-82.75,-0.01486,0.05518,0.0571,344.9,CMEMS,2026-09-10
27.41667,-82.66666,-0.016,0.04633,0.049,340.9,CMEMS,2026-09-10
27.41667,-80.33333,-0.0226,0.04787,0.0529,334.7,CMEMS,2026-09-10
27.41667,-80.25,-0.01515,0.06823,0.0699,347.5,CMEMS,2026-09-10
27.41667,-80.16666,0.01806,0.12503,0.1263,8.2,CMEMS,2026-09-10
27.41667,-80.08333,0.05192,-0.02887,0.0594,119.1,CMEMS,2026-09-10
27.41667,-80.0,0.06218,0.36543,0.3707,9.7,CMEMS,2026-09-10
27.41667,-79.91666,0.08598,1.13657,1.1398,4.3,CMEMS,2026-09-10
27.41667,-79.83333,0.09348,1.60488,1.6076,3.3,CMEMS,2026-09-10
27.41667,-79.75,0.08317,1.72093,1.7229,2.8,CMEMS,2026-09-10
27.41667,-79.66666,0.07244,1.60882,1.6105,2.6,CMEMS,2026-09-10
27.41667,-79.58333,0.05791,1.41467,1.4159,2.3,CMEMS,2026-09-10
27.41667,-79.5,0.05225,1.20832,1.2095,2.5,CMEMS,2026-09-10
27.41667,-79.41666,0.03648,0.98031,0.981,2.1,CMEMS,2026-09-10
27.41667,-79.33333,0.02199,0.71408,0.7144,1.8,CMEMS,2026-09-10
27.41667,-79.25,0.01995,0.41783,0.4183,2.7,CMEMS,2026-09-10
27.41667,-79.16666,-0.00817,0.14999,0.1502,356.9,CMEMS,2026-09-10
27.41667,-79.08333,-0.0453,0.08561,0.0969,332.1,CMEMS,2026-09-10
27.41667,-79.0,-0.03755,0.01613,0.0409,293.2,CMEMS,2026-09-10
27.41667,-78.91666,0.03976,-0.10309,0.1105,158.9,CMEMS,2026-09-10
27.41667,-78.83333,0.13579,-0.04842,0.1442,109.6,CMEMS,2026-09-10
27.41667,-78.75,0.19641,0.0092,0.1966,87.3,CMEMS,2026-09-10
27.41667,-78.66666,0.2187,0.04952,0.2242,77.2,CMEMS,2026-09-10
27.41667,-78.58333,0.21364,0.07224,0.2255,71.3,CMEMS,2026-09-10
27.41667,-78.5,0.19824,0.07744,0.2128,68.7,CMEMS,2026-09-10
27.41667,-78.41666,0.18074,0.0727,0.1948,68.1,CMEMS,2026-09-10
27.41667,-78.33333,0.15507,0.06311,0.1674,67.9,CMEMS,2026-09-10
27.41667,-78.25,0.12556,0.05854,0.1385,65.0,CMEMS,2026-09-10
27.41667,-78.16666,0.10514,0.05132,0.117,64.0,CMEMS,2026-09-10
27.41667,-78.08333,0.08602,0.05659,0.103,56.7,CMEMS,2026-09-10
27.41667,-78.0,0.0589,0.07795,0.0977,37.1,CMEMS,2026-09-10
27.41667,-77.91666,0.02806,0.10185,0.1056,15.4,CMEMS,2026-09-10
27.41667,-77.83333,-0.01646,0.12772,0.1288,352.7,CMEMS,2026-09-10
27.41667,-77.75,-0.08328,0.17688,0.1955,334.8,CMEMS,2026-09-10
27.41667,-77.66666,-0.15515,0.25472,0.2983,328.7,CMEMS,2026-09-10
27.41667,-77.58333,-0.21388,0.33306,0.3958,327.3,CMEMS,2026-09-10
27.41667,-77.5,-0.2525,0.39622,0.4698,327.5,CMEMS,2026-09-10
27.41667,-77.41666,-0.26472,0.43008,0.505,328.4,CMEMS,2026-09-10
27.41667,-77.33333,-0.25912,0.43676,0.5078,329.3,CMEMS,2026-09-10
27.41667,-77.25,-0.25207,0.4334,0.5014,329.8,CMEMS,2026-09-10
27.41667,-77.16666,-0.24896,0.43188,0.4985,330.0,CMEMS,2026-09-10
27.41667,-77.08333,-0.24167,0.42893,0.4923,330.6,CMEMS,2026-09-10
27.41667,-77.0,-0.22563,0.42001,0.4768,331.8,CMEMS,2026-09-10
27.41667,-76.91666,-0.20571,0.40588,0.455,333.1,CMEMS,2026-09-10
27.41667,-76.83333,-0.18264,0.38599,0.427,334.7,CMEMS,2026-09-10
27.41667,-76.75,-0.15779,0.36056,0.3936,336.4,CMEMS,2026-09-10
27.41667,-76.66666,-0.13174,0.33378,0.3588,338.5,CMEMS,2026-09-10
27.41667,-76.58333,-0.10443,0.30617,0.3235,341.2,CMEMS,2026-09-10
27.41667,-76.5,-0.07532,0.27484,0.285,344.7,CMEMS,2026-09-10
27.41667,-76.41666,-0.04408,0.23804,0.2421,349.5,CMEMS,2026-09-10
27.41667,-76.33333,-0.01249,0.1945,0.1949,356.3,CMEMS,2026-09-10
27.41667,-76.25,0.01949,0.14431,0.1456,7.7,CMEMS,2026-09-10
27.41667,-76.16666,0.05077,0.09286,0.1058,28.7,CMEMS,2026-09-10
