lat,lon,sst
41.49,-70.39,23.26
41.47,-70.41,23.25
41.47,-70.39,23.31
41.47,-70.37,23.33
41.47,-70.35,23.2
41.47,-70.33,23.14
41.47,-70.31,23.19
41.45,-70.45,22.91
41.45,-70.43,22.9
41.45,-70.41,22.96
41.45,-70.39,23.58
41.45,-70.37,23.86
41.45,-70.35,23.87
41.43,-70.47,22.9
41.43,-70.45,22.92
41.43,-70.43,22.88
41.43,-70.41,22.91
41.43,-70.39,23.55
41.43,-70.37,23.85
41.41,-71.45,21.71
41.41,-71.43,21.74
41.41,-71.41,22.04
41.41,-71.23,21.93
41.41,-70.51,22.9
41.39,-71.45,21.59
41.39,-71.43,21.7
41.39,-71.41,22.08
41.39,-71.39,22.05
41.39,-71.27,21.45
41.39,-70.21,22.3
41.39,-70.19,22.37
41.39,-70.17,22.58
41.39,-70.15,22.52
41.39,-70.13,22.5
41.37,-71.55,21.7
41.37,-71.53,21.69
41.37,-71.51,21.77
41.37,-71.47,21.65
41.37,-71.45,21.65
41.37,-71.43,21.65
41.37,-71.41,21.69
41.37,-71.39,21.76
41.37,-71.37,21.78
41.37,-71.33,21.88
41.37,-71.31,21.87
41.37,-71.29,21.38
41.37,-71.27,21.4
41.37,-71.25,21.45
41.37,-70.79,20.94
41.37,-70.77,20.99
41.37,-70.17,22.86
41.37,-70.15,22.83
41.37,-70.13,22.46
41.37,-70.11,22.12
41.37,-68.97,21.28
41.35,-71.65,21.12
41.35,-71.63,21.11
41.35,-71.61,21.54
41.35,-71.59,21.42
41.35,-71.57,21.39
41.35,-71.55,21.52
41.35,-71.53,21.59
41.35,-71.51,21.68
41.35,-71.49,21.69
41.35,-71.47,21.65
41.35,-71.45,21.57
41.35,-71.43,21.53
41.35,-71.41,21.52
41.35,-71.39,21.56
41.35,-71.37,21.73
41.35,-71.35,21.84
41.35,-71.33,21.88
41.35,-71.31,21.88
41.35,-71.21,21.14
41.35,-71.19,21.0
41.35,-71.17,20.92
41.35,-70.49,21.87
41.35,-70.19,22.4
41.35,-70.17,22.26
41.35,-70.15,22.3
41.35,-70.13,21.9
41.35,-70.11,21.99
41.35,-70.09,22.67
41.35,-69.01,20.93
41.35,-68.99,21.1
41.35,-68.97,21.29
41.33,-71.91,21.14
41.33,-71.89,21.14
41.33,-71.87,20.59
41.33,-71.69,20.71
41.33,-71.67,20.76
41.33,-71.65,20.82
41.33,-71.63,21.11
41.33,-71.61,21.22
41.33,-71.59,21.29
41.33,-71.57,21.28
41.33,-71.55,21.26
41.33,-71.53,21.52
41.33,-71.51,21.92
41.33,-71.49,21.89
41.33,-71.47,21.85
41.33,-71.45,21.76
41.33,-71.43,21.65
41.33,-71.41,21.51
41.33,-71.39,21.48
41.33,-71.37,21.52
41.33,-71.35,21.83
41.33,-71.33,21.85
41.33,-71.31,21.79
41.33,-71.29,21.74
41.33,-71.27,21.69
41.33,-71.25,21.47
41.33,-71.23,21.26
41.33,-71.21,21.15
41.33,-71.19,20.97
41.33,-71.17,20.9
41.33,-71.15,20.77
41.33,-71.13,20.78
41.33,-71.11,20.73
41.33,-71.09,20.71
41.33,-71.07,20.72
41.33,-71.05,20.72
41.33,-70.73,20.99
41.33,-70.71,20.97
41.33,-70.69,20.97
41.33,-70.67,20.98
41.33,-70.65,20.83
41.33,-70.59,21.19
41.33,-70.21,21.9
41.33,-70.19,21.98
41.33,-70.17,22.12
41.33,-70.15,21.72
41.33,-70.13,22.23
41.33,-70.11,23.04
41.33,-70.09,23.25
41.33,-70.07,23.23
41.33,-69.05,20.59
41.33,-69.03,20.62
41.33,-69.01,20.84
41.33,-68.99,21.0
41.33,-68.97,21.27
41.31,-71.67,20.66
41.31,-71.65,20.67
41.31,-71.63,20.88
41.31,-71.61,21.05
41.31,-71.59,21.27
41.31,-71.57,21.33
41.31,-71.55,21.3
41.31,-71.53,21.31
41.31,-71.51,21.32
41.31,-71.49,21.39
41.31,-71.47,21.71
41.31,-71.45,21.85
41.31,-71.43,21.75
41.31,-71.41,21.62
41.31,-71.39,21.49
41.31,-71.37,21.56
41.31,-71.35,21.72
41.31,-71.33,21.7
41.31,-71.31,21.69
41.31,-71.29,21.73
41.31,-71.27,21.68
41.31,-71.25,21.49
41.31,-71.23,21.33
41.31,-71.21,21.19
41.31,-71.19,20.98
41.31,-71.17,20.91
41.31,-71.15,20.84
41.31,-71.13,20.8
41.31,-71.11,20.73
41.31,-71.09,20.7
41.31,-71.07,20.75
41.31,-71.05,20.82
41.31,-70.75,21.15
41.31,-70.73,21.16
41.31,-70.71,21.17
41.31,-70.69,21.24
41.31,-70.67,21.04
41.31,-70.65,21.02
41.31,-70.59,21.17
41.31,-70.23,21.71
41.31,-70.21,21.73
41.31,-70.19,21.72
41.31,-70.17,21.76
41.31,-70.15,22.45
41.31,-70.13,22.71
41.31,-70.11,22.97
41.31,-70.09,23.22
41.31,-69.07,20.69
41.31,-69.05,20.64
41.31,-69.03,20.82
41.31,-69.01,20.92
41.31,-68.99,20.96
41.31,-68.97,21.28
41.29,-71.65,20.48
41.29,-71.63,20.65
41.29,-71.61,20.87
41.29,-71.59,21.13
41.29,-71.57,21.28
41.29,-71.55,21.38
41.29,-71.53,21.41
41.29,-71.51,21.38
41.29,-71.49,21.3
41.29,-71.47,21.34
41.29,-71.45,21.62
41.29,-71.43,21.81
41.29,-71.41,21.66
41.29,-71.39,21.57
41.29,-71.37,21.64
41.29,-71.35,21.73
41.29,-71.33,21.7
41.29,-71.31,21.7
41.29,-71.29,21.68
41.29,-71.27,21.62
41.29,-71.25,21.54
41.29,-71.23,21.42
41.29,-71.21,21.28
41.29,-71.19,21.02
41.29,-71.17,21.04
41.29,-71.15,21.07
41.29,-71.13,20.89
41.29,-71.11,21.02
41.29,-71.09,21.05
41.29,-71.07,20.99
41.29,-71.05,21.06
41.29,-71.03,21.19
41.29,-71.01,21.23
41.29,-70.99,21.25
41.29,-70.93,21.04
41.29,-70.91,20.95
41.29,-70.71,22.77
41.29,-70.69,22.27
41.29,-70.67,21.43
41.29,-70.65,21.21
41.29,-70.63,21.28
41.29,-70.61,21.27
41.29,-70.59,21.15
41.29,-69.17,20.63
41.29,-69.15,20.66
41.29,-69.13,20.68
41.29,-69.11,20.94
41.29,-69.09,20.93
41.29,-69.07,20.98
41.29,-69.05,21.08
41.29,-69.03,21.04
41.29,-69.01,21.02
41.29,-68.99,21.27
41.29,-68.97,21.37
41.27,-71.79,21.34
41.27,-71.77,20.62
41.27,-71.75,20.64
41.27,-71.69,20.34
41.27,-71.67,20.35
41.27,-71.65,20.34
41.27,-71.63,20.5
41.27,-71.59,20.94
41.27,-71.57,21.15
41.27,-71.55,21.28
41.27,-71.53,21.39
41.27,-71.51,21.38
41.27,-71.49,21.38
41.27,-71.47,21.45
41.27,-71.45,21.63
41.27,-71.43,21.74
41.27,-71.41,21.71
41.27,-71.39,21.66
41.27,-71.37,21.72
41.27,-71.35,21.74
41.27,-71.33,21.71
41.27,-71.31,21.69
41.27,-71.29,21.65
41.27,-71.27,21.62
41.27,-71.25,21.56
41.27,-71.23,21.43
41.27,-71.21,21.34
41.27,-71.19,21.23
41.27,-71.17,21.21
41.27,-71.15,21.17
41.27,-71.13,21.1
41.27,-71.11,21.14
41.27,-71.09,21.11
41.27,-71.07,21.14
41.27,-71.05,21.18
41.27,-71.03,21.17
41.27,-71.01,21.21
41.27,-70.99,21.3
41.27,-70.97,21.32
41.27,-70.93,20.97
41.27,-70.91,20.92
41.27,-70.89,20.92
41.27,-70.87,21.05
41.27,-70.75,21.4
41.27,-70.73,21.73
41.27,-70.71,21.72
41.27,-70.69,21.77
41.27,-70.67,21.59
41.27,-70.65,21.51
41.27,-70.63,21.45
41.27,-70.61,21.25
41.27,-70.59,21.17
41.27,-70.57,21.1
41.27,-70.55,20.98
41.27,-70.43,20.56
41.27,-70.41,20.51
41.27,-70.39,20.53
41.27,-70.37,20.56
41.27,-69.95,21.22
41.27,-69.89,19.47
41.27,-69.87,19.44
41.27,-69.85,19.42
41.27,-69.83,19.55
41.27,-69.19,20.62
41.27,-69.17,20.65
41.27,-69.15,20.65
41.27,-69.13,20.71
41.27,-69.11,21.02
41.27,-69.09,21.01
41.27,-69.07,21.08
41.27,-69.05,21.07
41.27,-69.03,21.09
41.27,-69.01,21.25
41.27,-68.99,21.34
41.27,-68.97,21.36
41.25,-71.81,21.21
41.25,-71.79,20.91
41.25,-71.77,20.66
41.25,-71.75,20.64
41.25,-71.73,20.55
41.25,-71.57,20.84
41.25,-71.55,20.88
41.25,-71.53,20.92
41.25,-71.51,21.13
41.25,-71.49,21.48
41.25,-71.47,21.55
41.25,-71.45,21.68
41.25,-71.43,21.76
41.25,-71.41,21.76
41.25,-71.39,21.75
41.25,-71.37,21.77
41.25,-71.35,21.76
41.25,-71.33,21.7
41.25,-71.31,21.66
41.25,-71.29,21.66
41.25,-71.27,21.61
41.25,-71.25,21.52
41.25,-71.23,21.46
41.25,-71.21,21.42
41.25,-71.19,21.34
41.25,-71.17,21.25
41.25,-71.15,21.19
41.25,-71.13,21.13
41.25,-71.11,21.1
41.25,-71.07,21.22
41.25,-71.05,21.2
41.25,-71.03,21.18
41.25,-71.01,21.19
41.25,-70.99,21.25
41.25,-70.97,21.23
41.25,-70.95,21.01
41.25,-70.93,20.93
41.25,-70.89,21.12
41.25,-70.87,21.47
41.25,-70.85,21.48
41.25,-70.79,21.33
41.25,-70.77,21.37
41.25,-70.75,21.4
41.25,-70.73,21.57
41.25,-70.71,21.58
41.25,-70.67,21.59
41.25,-70.65,21.5
41.25,-70.63,21.25
41.25,-70.61,21.16
41.25,-70.59,21.12
41.25,-70.57,20.82
41.25,-70.55,20.66
41.25,-70.53,20.86
41.25,-70.51,20.83
41.25,-70.49,20.75
41.25,-70.47,20.65
41.25,-70.45,20.59
41.25,-70.43,20.51
41.25,-70.41,20.5
41.25,-70.39,20.48
41.25,-70.37,20.48
41.25,-70.25,20.95
41.25,-70.23,20.97
41.25,-70.21,21.03
41.25,-70.19,21.13
41.25,-70.17,21.12
41.25,-69.97,21.7
41.25,-69.95,21.23
41.25,-69.93,20.59
41.25,-69.89,20.23
41.25,-69.87,19.83
41.25,-69.85,19.99
41.25,-69.83,20.06
41.25,-69.19,20.51
41.25,-69.17,20.54
41.25,-69.15,20.73
41.25,-69.13,20.95
41.25,-69.11,21.06
41.25,-69.09,21.06
41.25,-69.07,21.09
41.25,-69.05,21.12
41.25,-69.03,21.22
41.25,-69.01,21.29
41.25,-68.99,21.3
41.25,-68.97,21.18
41.23,-71.81,20.82
41.23,-71.79,20.63
41.23,-71.77,20.69
41.23,-71.75,20.67
41.23,-71.73,20.5
41.23,-71.57,20.99
41.23,-71.55,21.04
41.23,-71.53,21.14
41.23,-71.51,21.17
41.23,-71.49,21.47
41.23,-71.47,21.64
41.23,-71.45,21.7
41.23,-71.43,21.78
41.23,-71.41,21.75
41.23,-71.39,21.76
41.23,-71.37,21.75
41.23,-71.35,21.73
41.23,-71.33,21.74
41.23,-71.31,21.73
41.23,-71.29,21.71
41.23,-71.27,21.6
41.23,-71.25,21.53
41.23,-71.23,21.55
41.23,-71.21,21.6
41.23,-71.19,21.57
41.23,-71.17,21.36
41.23,-71.15,21.24
41.23,-71.13,21.16
41.23,-71.11,21.13
41.23,-71.05,21.2
41.23,-71.03,21.18
41.23,-71.01,21.16
41.23,-70.99,21.11
41.23,-70.97,20.99
41.23,-70.95,20.93
41.23,-70.93,20.87
41.23,-70.89,21.23
41.23,-70.87,21.48
41.23,-70.85,21.48
41.23,-70.83,21.0
41.23,-70.81,21.01
41.23,-70.79,21.0
41.23,-70.77,20.85
41.23,-70.75,21.3
41.23,-70.73,21.46
41.23,-70.71,21.43
41.23,-70.69,21.38
41.23,-70.65,21.07
41.23,-70.63,20.95
41.23,-70.61,20.94
41.23,-70.59,20.78
41.23,-70.57,20.63
41.23,-70.55,20.55
41.23,-70.53,20.57
41.23,-70.51,20.56
41.23,-70.49,20.58
41.23,-70.47,20.56
41.23,-70.45,20.49
41.23,-70.43,20.47
41.23,-70.41,20.47
41.23,-70.39,20.45
41.23,-70.23,20.97
41.23,-70.21,21.02
41.23,-70.19,21.08
41.23,-70.17,21.14
41.23,-70.15,21.14
41.23,-70.13,21.06
41.23,-70.11,21.02
41.23,-70.09,21.18
41.23,-70.07,21.38
41.23,-70.05,21.42
41.23,-70.03,21.39
41.23,-70.01,21.36
41.23,-69.99,21.41
41.23,-69.97,21.27
41.23,-69.95,20.91
41.23,-69.93,20.61
41.23,-69.91,20.29
41.23,-69.89,20.26
41.23,-69.87,20.28
41.23,-69.85,19.75
41.23,-69.83,19.66
41.23,-69.81,19.62
41.23,-69.79,19.58
41.23,-69.77,17.66
41.23,-69.75,17.22
41.23,-69.73,17.18
41.23,-69.23,20.53
41.23,-69.21,20.54
41.23,-69.19,20.53
41.23,-69.17,20.62
41.23,-69.15,20.88
41.23,-69.13,21.02
41.23,-69.11,21.08
41.23,-69.09,21.11
41.23,-69.07,21.14
41.23,-69.05,21.16
41.23,-69.03,21.2
41.23,-69.01,21.21
41.23,-68.99,20.97
41.23,-68.97,21.0
41.21,-71.79,20.49
41.21,-71.77,20.47
41.21,-71.75,20.42
41.21,-71.73,20.43
41.21,-71.71,20.43
41.21,-71.69,20.33
41.21,-71.55,21.05
41.21,-71.53,21.06
41.21,-71.51,21.43
41.21,-71.49,21.65
41.21,-71.47,21.71
41.21,-71.45,21.77
41.21,-71.43,21.77
41.21,-71.41,21.77
41.21,-71.39,21.75
41.21,-71.37,21.73
41.21,-71.35,21.76
41.21,-71.33,21.77
41.21,-71.31,21.76
41.21,-71.29,21.69
41.21,-71.27,21.65
41.21,-71.25,21.69
41.21,-71.23,21.95
41.21,-71.21,22.03
41.21,-71.19,21.8
41.21,-71.17,21.46
41.21,-71.15,21.25
41.21,-71.13,21.14
41.21,-71.11,21.17
41.21,-71.09,21.2
41.21,-71.03,21.11
41.21,-71.01,21.05
41.21,-70.99,20.96
41.21,-70.97,20.9
41.21,-70.83,20.84
41.21,-70.81,20.89
41.21,-70.79,20.89
41.21,-70.77,20.74
41.21,-70.75,20.7
41.21,-70.73,20.98
41.21,-70.71,21.2
41.21,-70.69,21.25
41.21,-70.67,20.69
41.21,-70.65,20.57
41.21,-70.63,20.69
41.21,-70.61,20.75
41.21,-70.59,20.74
41.21,-70.57,20.64
41.21,-70.55,20.56
41.21,-70.53,20.56
41.21,-70.51,20.58
41.21,-70.49,20.57
41.21,-70.47,20.53
41.21,-70.45,20.48
41.21,-70.43,20.45
41.21,-70.41,20.39
41.21,-70.39,20.33
41.21,-70.19,21.0
41.21,-70.17,21.02
41.21,-70.15,21.02
41.21,-70.13,21.06
41.21,-70.11,21.07
41.21,-70.09,21.05
41.21,-70.07,21.15
41.21,-70.05,21.12
41.21,-70.03,20.89
41.21,-70.01,21.04
41.21,-69.99,21.12
41.21,-69.97,21.15
41.21,-69.95,20.68
41.21,-69.93,20.65
41.21,-69.91,20.64
41.21,-69.89,20.2
41.21,-69.87,19.99
41.21,-69.85,19.8
41.21,-69.83,19.7
41.21,-69.81,19.71
41.21,-69.79,19.7
41.21,-69.73,17.15
41.21,-69.71,16.57
41.21,-69.59,16.28
41.21,-69.27,20.03
41.21,-69.25,20.08
41.21,-69.23,20.38
41.21,-69.21,20.68
41.21,-69.19,20.66
41.21,-69.17,20.77
41.21,-69.15,20.97
41.21,-69.13,21.04
41.21,-69.11,21.1
41.21,-69.09,21.17
41.21,-69.07,21.01
41.21,-69.05,21.01
41.21,-69.03,21.01
41.21,-69.01,21.01
41.21,-68.99,20.98
41.21,-68.97,20.94
41.19,-71.81,20.38
41.19,-71.79,20.48
41.19,-71.77,20.47
41.19,-71.75,20.44
41.19,-71.73,20.51
41.19,-71.71,20.54
41.19,-71.61,20.63
41.19,-71.55,21.04
41.19,-71.53,21.05
41.19,-71.51,21.42
41.19,-71.49,21.66
41.19,-71.47,21.7
41.19,-71.45,21.72
41.19,-71.43,21.74
41.19,-71.41,21.74
41.19,-71.39,21.7
41.19,-71.37,21.7
41.19,-71.35,21.76
41.19,-71.33,21.8
41.19,-71.31,21.86
41.19,-71.29,21.97
41.19,-71.27,22.05
41.19,-71.25,22.06
41.19,-71.23,22.19
41.19,-71.21,22.19
41.19,-71.19,21.93
41.19,-71.17,21.8
41.19,-71.15,21.53
41.19,-71.13,21.17
41.19,-71.11,21.19
41.19,-71.09,21.21
41.19,-71.07,21.25
41.19,-71.05,21.22
41.19,-71.03,21.1
41.19,-71.01,21.03
41.19,-70.79,20.82
41.19,-70.77,20.76
41.19,-70.73,20.8
41.19,-70.71,20.81
41.19,-70.69,20.83
41.19,-70.67,20.68
41.19,-70.63,20.54
41.19,-70.61,20.56
41.19,-70.59,20.54
41.19,-70.57,20.54
41.19,-70.55,20.57
41.19,-70.53,20.57
41.19,-70.51,20.58
41.19,-70.49,20.54
41.19,-70.47,20.53
41.19,-70.45,20.47
41.19,-70.43,20.4
41.19,-70.41,20.32
41.19,-70.39,20.28
41.19,-70.27,19.87
41.19,-70.25,19.87
41.19,-70.23,19.89
41.19,-70.13,21.02
41.19,-70.11,21.1
41.19,-70.09,21.07
41.19,-70.07,20.85
41.19,-70.05,20.74
41.19,-70.03,20.39
41.19,-70.01,20.64
41.19,-69.99,20.95
41.19,-69.97,20.99
41.19,-69.95,20.85
41.19,-69.93,20.69
41.19,-69.91,20.59
41.19,-69.89,20.15
41.19,-69.87,20.08
41.19,-69.85,19.94
41.19,-69.83,19.78
41.19,-69.81,19.75
41.19,-69.71,16.53
41.19,-69.69,16.49
41.19,-69.67,16.11
41.19,-69.61,16.2
41.19,-69.59,16.27
41.19,-69.57,16.13
41.19,-69.55,16.09
41.19,-69.27,20.22
41.19,-69.25,20.49
41.19,-69.23,20.81
41.19,-69.21,21.0
41.19,-69.19,20.98
41.19,-69.17,20.81
41.19,-69.15,20.8
41.19,-69.13,20.74
41.19,-69.11,20.8
41.19,-69.09,20.82
41.19,-69.07,20.81
41.19,-69.05,20.7
41.19,-69.03,20.72
41.17,-71.79,20.4
41.17,-71.77,20.46
41.17,-71.75,20.48
41.17,-71.65,20.74
41.17,-71.63,20.83
41.17,-71.55,21.21
41.17,-71.53,21.34
41.17,-71.51,21.42
41.17,-71.49,21.52
41.17,-71.47,21.58
41.17,-71.45,21.63
41.17,-71.43,21.68
41.17,-71.41,21.65
41.17,-71.39,21.6
41.17,-71.37,21.67
41.17,-71.35,21.73
41.17,-71.33,21.81
41.17,-71.31,21.97
41.17,-71.29,22.15
41.17,-71.27,22.29
41.17,-71.25,22.43
41.17,-71.23,22.45
41.17,-71.21,22.22
41.17,-71.19,21.87
41.17,-71.17,21.65
41.17,-71.15,21.49
41.17,-70.63,20.5
41.17,-70.61,20.5
41.17,-70.59,20.44
41.17,-70.57,20.38
41.17,-70.55,20.39
41.17,-70.53,20.44
41.17,-70.51,20.48
41.17,-70.49,20.46
41.17,-70.47,20.48
41.17,-70.45,20.45
41.17,-70.43,20.37
41.17,-70.33,19.53
41.17,-70.31,19.72
41.17,-70.29,19.84
41.17,-70.27,19.9
41.17,-70.25,19.88
41.17,-70.23,19.91
41.17,-70.21,19.91
41.17,-70.05,20.16
41.17,-70.03,20.22
41.17,-70.01,20.39
41.17,-69.99,20.62
41.17,-69.97,20.75
41.17,-69.95,20.86
41.17,-69.93,20.65
41.17,-69.91,20.22
41.17,-69.89,20.18
41.17,-69.87,20.16
41.17,-69.85,20.1
41.17,-69.83,20.03
41.17,-69.81,19.97
41.17,-69.79,19.91
41.17,-69.67,16.17
41.17,-69.65,16.0
41.17,-69.63,15.95
41.17,-69.61,15.99
41.17,-69.59,16.14
41.17,-69.57,16.05
41.17,-69.55,15.91
41.17,-69.25,20.79
41.17,-69.23,20.9
41.17,-69.21,20.92
41.17,-69.19,20.94
41.17,-69.17,20.94
41.17,-69.15,20.94
41.17,-69.13,20.87
41.17,-69.11,20.82
41.17,-69.09,20.79
41.17,-69.07,20.73
41.17,-69.05,20.57
41.15,-71.69,21.09
41.15,-71.67,21.11
41.15,-71.65,20.98
41.15,-71.63,20.95
41.15,-71.61,21.0
41.15,-71.55,21.58
41.15,-71.53,21.48
41.15,-71.51,21.45
41.15,-71.49,21.49
41.15,-71.47,21.52
41.15,-71.45,21.53
41.15,-71.43,21.5
41.15,-71.41,21.48
41.15,-71.39,21.53
41.15,-71.37,21.59
41.15,-71.35,21.68
41.15,-71.33,21.83
41.15,-71.31,21.98
41.15,-71.29,22.2
41.15,-71.27,22.45
41.15,-71.25,22.52
41.15,-71.23,22.59
41.15,-71.21,22.46
41.15,-71.19,22.12
41.15,-71.17,21.37
41.15,-71.15,21.24
41.15,-70.73,20.42
41.15,-70.71,20.47
41.15,-70.69,20.55
41.15,-70.67,20.55
41.15,-70.65,20.44
41.15,-70.63,20.42
41.15,-70.61,20.38
41.15,-70.59,20.29
41.15,-70.57,20.27
41.15,-70.55,20.28
41.15,-70.53,20.26
41.15,-70.51,20.27
41.15,-70.49,20.29
41.15,-70.47,20.3
41.15,-70.39,19.45
41.15,-70.37,19.17
41.15,-70.35,19.16
41.15,-70.33,19.17
41.15,-70.31,19.46
41.15,-70.29,19.69
41.15,-70.27,19.79
41.15,-70.25,19.85
41.15,-70.23,19.85
41.15,-70.21,19.84
41.15,-70.19,19.52
41.15,-70.17,19.36
41.15,-70.15,19.43
41.15,-70.13,19.53
41.15,-70.03,19.87
41.15,-70.01,20.0
41.15,-69.99,20.19
41.15,-69.97,20.53
41.15,-69.95,20.57
41.15,-69.93,20.29
41.15,-69.91,20.24
41.15,-69.89,20.18
41.15,-69.87,20.12
41.15,-69.85,19.99
41.15,-69.83,19.69
41.15,-69.81,19.53
41.15,-69.67,16.19
41.15,-69.65,16.19
41.15,-69.63,15.91
41.15,-69.61,15.88
41.15,-69.59,15.88
41.15,-69.57,15.78
41.15,-69.55,15.76
41.15,-69.21,20.76
41.15,-69.19,20.76
41.15,-69.17,20.77
41.15,-69.15,20.8
41.15,-69.13,20.72
41.15,-69.11,20.65
41.15,-69.09,20.59
41.13,-72.31,21.85
41.13,-71.71,21.01
41.13,-71.69,21.12
41.13,-71.67,21.18
41.13,-71.65,21.21
41.13,-71.63,21.18
41.13,-71.61,21.3
41.13,-71.59,21.37
41.13,-71.57,21.48
41.13,-71.55,21.49
41.13,-71.53,21.46
41.13,-71.51,21.44
41.13,-71.49,21.42
41.13,-71.47,21.4
41.13,-71.45,21.41
41.13,-71.43,21.39
41.13,-71.41,21.42
41.13,-71.39,21.46
41.13,-71.37,21.48
41.13,-71.35,21.54
41.13,-71.33,21.76
41.13,-71.31,21.91
41.13,-71.29,22.26
41.13,-71.27,22.34
41.13,-71.25,22.29
41.13,-71.23,22.46
41.13,-71.21,22.5
41.13,-71.19,22.11
41.13,-71.17,21.31
41.13,-71.15,21.22
41.13,-71.13,21.24
41.13,-71.11,21.23
41.13,-70.71,20.42
41.13,-70.69,20.44
41.13,-70.67,20.44
41.13,-70.65,20.4
41.13,-70.63,20.35
41.13,-70.55,19.94
41.13,-70.53,19.84
41.13,-70.51,19.75
41.13,-70.49,19.74
41.13,-70.47,19.53
41.13,-70.45,19.45
41.13,-70.43,19.39
41.13,-70.41,19.58
41.13,-70.39,19.5
41.13,-70.37,19.41
41.13,-70.35,19.15
41.13,-70.33,19.0
41.13,-70.31,18.97
41.13,-70.29,19.17
41.13,-70.27,19.58
41.13,-70.25,19.71
41.13,-70.23,19.62
41.13,-70.21,19.49
41.13,-70.19,19.23
41.13,-70.17,19.25
41.13,-70.15,19.39
41.13,-70.13,19.51
41.13,-70.11,19.61
41.13,-70.09,19.76
41.13,-70.07,19.97
41.13,-70.05,19.85
41.13,-70.03,19.86
41.13,-70.01,20.03
41.13,-69.99,20.29
41.13,-69.97,20.41
41.13,-69.95,20.36
41.13,-69.93,20.3
41.13,-69.91,20.17
41.13,-69.89,19.84
41.13,-69.87,19.56
41.13,-69.85,19.61
41.13,-69.83,19.59
41.13,-69.81,19.48
41.13,-69.79,19.47
41.13,-69.67,15.98
41.13,-69.65,15.97
41.13,-69.57,15.68
41.13,-69.19,20.58
41.13,-69.17,20.47
41.13,-69.15,20.44
41.13,-69.13,20.44
41.11,-72.33,21.8
41.11,-72.31,21.78
41.11,-72.05,20.91
41.11,-72.03,20.79
41.11,-72.01,20.8
41.11,-71.99,20.6
41.11,-71.77,20.47
41.11,-71.75,20.51
41.11,-71.73,20.73
41.11,-71.71,21.1
41.11,-71.69,21.09
41.11,-71.67,21.07
41.11,-71.65,21.22
41.11,-71.63,21.3
41.11,-71.61,21.37
41.11,-71.59,21.39
41.11,-71.57,21.45
41.11,-71.55,21.44
41.11,-71.53,21.41
41.11,-71.51,21.42
41.11,-71.49,21.4
41.11,-71.47,21.38
41.11,-71.45,21.38
41.11,-71.43,21.4
41.11,-71.41,21.44
41.11,-71.39,21.45
41.11,-71.37,21.44
41.11,-71.35,21.53
41.11,-71.33,21.6
41.11,-71.31,21.84
41.11,-71.29,22.15
41.11,-71.27,22.28
41.11,-71.25,22.38
41.11,-71.23,22.45
41.11,-71.21,22.51
41.11,-71.19,22.22
41.11,-71.17,21.83
41.11,-71.15,21.35
41.11,-71.13,21.3
41.11,-71.11,21.24
41.11,-71.09,21.17
41.11,-71.07,21.13
41.11,-71.05,21.11
41.11,-70.57,19.82
41.11,-70.55,19.86
41.11,-70.53,19.81
41.11,-70.51,19.76
41.11,-70.49,19.67
41.11,-70.47,19.52
41.11,-70.45,19.36
41.11,-70.43,19.68
41.11,-70.41,19.97
41.11,-70.39,20.01
41.11,-70.37,19.47
41.11,-70.35,19.26
41.11,-70.33,19.11
41.11,-70.31,19.11
41.11,-70.29,19.11
41.11,-70.27,19.13
41.11,-70.25,19.2
41.11,-70.23,19.27
41.11,-70.21,19.13
41.11,-70.19,19.18
41.11,-70.17,19.28
41.11,-70.15,19.45
41.11,-70.13,19.66
41.11,-70.11,19.71
41.11,-70.09,19.76
41.11,-70.07,19.83
41.11,-70.05,19.86
41.11,-70.03,19.9
41.11,-70.01,20.07
41.11,-69.99,20.23
41.11,-69.97,20.36
41.11,-69.95,20.43
41.11,-69.93,20.39
41.11,-69.91,19.7
41.11,-69.89,19.39
41.11,-69.87,19.35
41.11,-69.85,19.28
41.11,-69.83,19.24
41.11,-69.81,19.28
41.11,-69.79,19.31
41.11,-69.67,15.96
41.11,-69.65,15.96
41.11,-69.59,15.28
41.09,-72.31,21.81
41.09,-72.29,21.82
41.09,-72.27,21.83
41.09,-72.25,21.8
41.09,-72.23,21.76
41.09,-72.17,21.31
41.09,-72.15,21.65
41.09,-72.13,22.04
41.09,-72.05,20.85
41.09,-72.03,20.99
41.09,-72.01,20.96
41.09,-71.99,20.59
41.09,-71.89,20.96
41.09,-71.87,20.95
41.09,-71.85,20.9
41.09,-71.83,20.62
41.09,-71.81,20.51
41.09,-71.79,20.42
41.09,-71.77,20.36
41.09,-71.73,20.81
41.09,-71.71,21.11
41.09,-71.69,21.14
41.09,-71.67,21.1
41.09,-71.65,21.14
41.09,-71.63,21.2
41.09,-71.61,21.25
41.09,-71.59,21.28
41.09,-71.57,21.32
41.09,-71.55,21.38
41.09,-71.53,21.39
41.09,-71.51,21.4
41.09,-71.49,21.41
41.09,-71.47,21.4
41.09,-71.45,21.39
41.09,-71.43,21.4
41.09,-71.41,21.41
41.09,-71.39,21.43
41.09,-71.37,21.46
41.09,-71.35,21.51
41.09,-71.33,21.6
41.09,-71.31,21.69
41.09,-71.29,21.89
41.09,-71.27,22.31
41.09,-71.25,22.34
41.09,-71.23,22.24
41.09,-71.21,22.34
41.09,-71.19,22.48
41.09,-71.17,22.41
41.09,-71.15,22.05
41.09,-71.13,21.66
41.09,-71.11,21.37
41.09,-70.53,19.87
41.09,-70.51,19.84
41.09,-70.49,19.71
41.09,-70.47,19.54
41.09,-70.45,19.51
41.09,-70.43,19.69
41.09,-70.41,19.94
41.09,-70.39,20.35
41.09,-70.37,20.88
41.09,-70.35,19.82
41.09,-70.33,19.18
41.09,-70.31,19.14
41.09,-70.29,19.11
41.09,-70.27,19.13
41.09,-70.25,19.13
41.09,-70.23,19.11
41.09,-70.21,19.13
41.09,-70.19,19.09
41.09,-70.17,19.17
41.09,-70.15,19.41
41.09,-70.13,19.71
41.09,-70.11,19.88
41.09,-70.09,19.92
41.09,-70.07,20.0
41.09,-70.05,19.83
41.09,-70.03,19.96
41.09,-70.01,20.11
41.09,-69.99,20.28
41.09,-69.97,20.37
41.09,-69.95,20.43
41.09,-69.93,20.11
41.09,-69.91,19.74
41.09,-69.89,19.31
41.09,-69.87,19.17
41.09,-69.85,19.05
41.09,-69.83,19.09
41.09,-69.81,19.1
41.09,-69.79,19.1
41.09,-69.61,15.33
41.09,-69.59,15.23
41.09,-69.49,14.47
41.09,-69.47,14.53
41.07,-72.91,22.94
41.07,-72.39,23.33
41.07,-72.27,22.37
41.07,-72.25,22.11
41.07,-72.23,21.7
41.07,-72.21,21.47
41.07,-72.19,21.9
41.07,-72.17,21.63
41.07,-72.15,21.66
41.07,-72.13,22.36
41.07,-72.11,22.37
41.07,-72.07,21.6
41.07,-72.05,21.18
41.07,-72.03,21.14
41.07,-72.01,21.05
41.07,-71.99,21.04
41.07,-71.97,21.04
41.07,-71.85,20.81
41.07,-71.83,20.62
41.07,-71.81,20.58
41.07,-71.79,20.43
41.07,-71.77,20.35
41.07,-71.75,20.33
41.07,-71.73,20.46
41.07,-71.71,20.89
41.07,-71.69,21.16
41.07,-71.67,21.13
41.07,-71.65,21.15
41.07,-71.63,21.18
41.07,-71.61,21.2
41.07,-71.59,21.25
41.07,-71.57,21.27
41.07,-71.55,21.33
41.07,-71.53,21.37
41.07,-71.51,21.39
41.07,-71.49,21.4
41.07,-71.47,21.39
41.07,-71.45,21.39
41.07,-71.43,21.42
41.07,-71.41,21.45
41.07,-71.39,21.48
41.07,-71.37,21.5
41.07,-71.35,21.54
41.07,-71.33,21.63
41.07,-71.31,21.73
41.07,-71.29,22.18
41.07,-71.27,22.34
41.07,-71.25,22.34
41.07,-71.23,22.24
41.07,-71.21,22.29
41.07,-71.19,22.47
41.07,-71.17,22.65
41.07,-71.15,22.57
41.07,-71.13,22.09
41.07,-71.11,22.01
41.07,-71.09,21.81
41.07,-70.59,21.21
41.07,-70.57,21.42
41.07,-70.51,20.35
41.07,-70.49,19.85
41.07,-70.47,19.76
41.07,-70.45,19.68
41.07,-70.43,19.81
41.07,-70.41,20.18
41.07,-70.39,20.81
41.07,-70.37,21.4
41.07,-70.35,21.15
41.07,-70.33,20.03
41.07,-70.31,19.06
41.07,-70.29,18.97
41.07,-70.27,18.96
41.07,-70.25,19.12
41.07,-70.23,19.2
41.07,-70.21,19.22
41.07,-70.19,19.21
41.07,-70.17,19.17
41.07,-70.15,19.18
41.07,-70.13,19.5
41.07,-70.11,19.69
41.07,-70.09,19.8
41.07,-70.07,19.98
41.07,-70.05,20.0
41.07,-70.03,20.01
41.07,-70.01,20.08
41.07,-69.99,20.29
41.07,-69.97,20.28
41.07,-69.95,20.17
41.07,-69.93,19.95
41.07,-69.91,19.66
41.07,-69.89,19.18
41.07,-69.87,18.98
41.07,-69.85,18.8
41.07,-69.83,18.72
41.07,-69.81,18.91
41.07,-69.79,18.71
41.07,-69.77,18.7
41.07,-69.75,18.39
41.07,-69.73,17.66
41.07,-69.71,17.34
41.07,-69.69,17.53
41.07,-69.67,17.32
41.07,-69.63,15.64
41.07,-69.61,15.33
41.07,-69.59,14.98
41.07,-69.57,14.51
41.07,-69.55,14.48
41.07,-69.53,14.5
41.07,-69.51,14.46
41.07,-69.49,14.4
41.07,-69.47,14.33
41.07,-69.45,14.26
41.05,-72.39,23.39
41.05,-72.27,22.48
41.05,-72.25,22.21
41.05,-72.23,22.02
41.05,-72.21,22.27
41.05,-72.19,22.24
41.05,-72.15,22.31
41.05,-72.13,22.52
41.05,-72.11,22.76
41.05,-72.07,21.76
41.05,-72.05,22.07
41.05,-72.03,22.07
41.05,-72.01,22.09
41.05,-71.99,21.73
41.05,-71.97,21.74
41.05,-71.87,20.63
41.05,-71.85,20.65
41.05,-71.83,20.56
41.05,-71.81,20.51
41.05,-71.79,20.51
41.05,-71.77,20.49
41.05,-71.75,20.4
41.05,-71.73,20.43
41.05,-71.71,20.63
41.05,-71.69,21.14
41.05,-71.67,21.15
41.05,-71.65,21.13
41.05,-71.63,21.19
41.05,-71.61,21.23
41.05,-71.59,21.29
41.05,-71.57,21.33
41.05,-71.55,21.37
41.05,-71.53,21.4
41.05,-71.51,21.43
41.05,-71.49,21.48
41.05,-71.47,21.48
41.05,-71.45,21.46
41.05,-71.43,21.46
41.05,-71.41,21.5
41.05,-71.39,21.53
41.05,-71.37,21.6
41.05,-71.35,21.64
41.05,-71.33,21.71
41.05,-71.31,22.06
41.05,-71.29,22.28
41.05,-71.27,22.34
41.05,-71.25,22.36
41.05,-71.23,22.27
41.05,-71.21,22.33
41.05,-71.19,22.49
41.05,-71.17,22.55
41.05,-71.15,22.64
41.05,-71.13,22.64
41.05,-71.11,22.55
41.05,-71.09,22.14
41.05,-71.07,21.98
41.05,-71.05,21.89
41.05,-70.65,21.36
41.05,-70.61,21.43
41.05,-70.59,21.54
41.05,-70.57,21.61
41.05,-70.55,21.77
41.05,-70.53,21.69
41.05,-70.51,21.49
41.05,-70.49,21.26
41.05,-70.47,20.97
41.05,-70.45,20.5
41.05,-70.43,20.38
41.05,-70.41,20.44
41.05,-70.39,20.87
41.05,-70.37,21.39
41.05,-70.35,21.33
41.05,-70.33,19.69
41.05,-70.31,19.16
41.05,-70.29,19.05
41.05,-70.27,19.04
41.05,-70.25,19.05
41.05,-70.23,19.12
41.05,-70.21,19.13
41.05,-70.19,19.16
41.05,-70.17,19.22
41.05,-70.15,19.21
41.05,-70.13,19.16
41.05,-70.11,19.25
41.05,-70.09,19.43
41.05,-70.07,19.77
41.05,-70.05,19.87
41.05,-70.03,20.01
41.05,-70.01,20.15
41.05,-69.99,20.17
41.05,-69.97,20.15
41.05,-69.95,20.07
41.05,-69.93,19.87
41.05,-69.91,19.52
41.05,-69.89,19.15
41.05,-69.87,18.96
41.05,-69.85,18.66
41.05,-69.83,18.59
41.05,-69.81,18.56
41.05,-69.79,18.44
41.05,-69.77,18.33
41.05,-69.75,17.9
41.05,-69.73,17.69
41.05,-69.71,17.88
41.05,-69.69,17.65
41.05,-69.67,17.0
41.05,-69.65,16.23
41.05,-69.63,15.88
41.05,-69.61,15.21
41.05,-69.59,15.06
41.05,-69.57,14.77
41.05,-69.55,14.54
41.05,-69.53,14.42
41.05,-69.51,14.35
41.05,-69.49,14.32
41.05,-69.47,14.3
41.05,-69.45,14.25
41.05,-69.05,18.4
41.05,-69.03,18.56
41.05,-69.01,18.69
41.05,-68.99,18.5
41.05,-68.97,18.36
41.03,-72.37,24.02
41.03,-72.35,24.05
41.03,-72.29,22.54
41.03,-72.27,22.31
41.03,-72.25,22.29
41.03,-72.13,23.09
41.03,-72.11,23.08
41.03,-71.87,20.58
41.03,-71.85,20.59
41.03,-71.83,20.56
41.03,-71.81,20.53
41.03,-71.79,20.55
41.03,-71.77,20.53
41.03,-71.73,20.51
41.03,-71.71,20.55
41.03,-71.69,20.61
41.03,-71.67,21.17
41.03,-71.65,21.23
41.03,-71.63,21.3
41.03,-71.61,21.34
41.03,-71.59,21.46
41.03,-71.57,21.51
41.03,-71.55,21.5
41.03,-71.53,21.52
41.03,-71.51,21.53
41.03,-71.49,21.53
41.03,-71.47,21.57
41.03,-71.45,21.59
41.03,-71.43,21.6
41.03,-71.41,21.63
41.03,-71.39,21.67
41.03,-71.37,21.7
41.03,-71.35,21.89
41.03,-71.33,22.17
41.03,-71.31,22.31
41.03,-71.29,22.4
41.03,-71.27,22.5
41.03,-71.25,22.52
41.03,-71.23,22.56
41.03,-71.21,22.63
41.03,-71.19,22.63
41.03,-71.17,22.62
41.03,-71.15,22.69
41.03,-71.13,22.74
41.03,-71.11,22.75
41.03,-71.09,22.65
41.03,-71.07,22.42
41.03,-71.05,22.05
41.03,-71.03,22.02
41.03,-71.01,22.0
41.03,-70.99,21.94
41.03,-70.97,21.85
41.03,-70.95,21.83
41.03,-70.69,21.43
41.03,-70.67,21.53
41.03,-70.65,21.54
41.03,-70.63,21.57
41.03,-70.61,21.54
41.03,-70.59,21.89
41.03,-70.57,22.09
41.03,-70.55,22.13
41.03,-70.53,22.22
41.03,-70.51,22.22
41.03,-70.49,21.89
41.03,-70.47,21.65
41.03,-70.45,21.24
41.03,-70.43,20.88
41.03,-70.41,20.89
41.03,-70.39,20.99
41.03,-70.37,21.15
41.03,-70.35,20.53
41.03,-70.33,19.24
41.03,-70.31,19.25
41.03,-70.29,19.31
41.03,-70.27,19.31
41.03,-70.25,19.32
41.03,-70.23,19.28
41.03,-70.21,19.33
41.03,-70.19,19.4
41.03,-70.17,19.4
41.03,-70.15,19.43
41.03,-70.13,19.4
41.03,-70.11,19.25
41.03,-70.09,19.18
41.03,-70.07,19.38
41.03,-70.05,19.59
41.03,-70.03,19.8
41.03,-70.01,19.91
41.03,-69.99,19.9
41.03,-69.97,19.98
41.03,-69.95,19.84
41.03,-69.93,19.74
41.03,-69.91,19.37
41.03,-69.89,19.2
41.03,-69.87,18.98
41.03,-69.85,18.62
41.03,-69.83,18.45
41.03,-69.81,18.27
41.03,-69.79,18.23
41.03,-69.77,18.21
41.03,-69.75,17.94
41.03,-69.73,17.99
41.03,-69.71,17.94
41.03,-69.69,17.58
41.03,-69.67,16.91
41.03,-69.65,16.29
41.03,-69.63,15.82
41.03,-69.61,15.69
41.03,-69.59,15.35
41.03,-69.57,15.22
41.03,-69.55,15.0
41.03,-69.53,14.48
41.03,-69.51,14.45
41.03,-69.49,14.43
41.03,-69.47,14.35
41.03,-69.45,14.29
41.03,-69.43,14.25
41.03,-69.41,14.31
41.03,-69.11,18.59
41.03,-69.09,18.49
41.03,-69.07,18.38
41.03,-69.05,18.39
41.03,-69.03,18.65
41.03,-69.01,18.67
41.03,-68.99,18.22
41.03,-68.97,18.05
41.01,-72.35,24.02
41.01,-72.33,24.01
41.01,-72.29,22.64
41.01,-72.27,22.34
41.01,-72.11,23.12
41.01,-71.87,20.8
41.01,-71.85,20.7
41.01,-71.83,20.61
41.01,-71.81,20.57
41.01,-71.79,20.57
41.01,-71.77,20.55
41.01,-71.75,20.56
41.01,-71.73,20.56
41.01,-71.71,20.58
41.01,-71.69,20.73
41.01,-71.67,21.16
41.01,-71.65,21.32
41.01,-71.63,21.42
41.01,-71.61,21.52
41.01,-71.59,21.59
41.01,-71.57,21.69
41.01,-71.55,21.71
41.01,-71.53,21.7
41.01,-71.51,21.65
41.01,-71.49,21.67
41.01,-71.47,21.71
41.01,-71.45,21.7
41.01,-71.43,21.82
41.01,-71.41,21.94
41.01,-71.39,22.08
41.01,-71.37,22.25
41.01,-71.35,22.29
41.01,-71.33,22.44
41.01,-71.31,22.55
41.01,-71.29,22.6
41.01,-71.27,22.68
41.01,-71.25,22.76
41.01,-71.23,22.9
41.01,-71.21,22.91
41.01,-71.19,22.9
41.01,-71.17,22.82
41.01,-71.15,22.78
41.01,-71.13,22.78
41.01,-71.11,22.81
41.01,-71.09,22.84
41.01,-71.07,22.72
41.01,-71.05,22.23
41.01,-71.03,22.1
41.01,-71.01,22.08
41.01,-70.99,22.12
41.01,-70.97,22.09
41.01,-70.95,21.99
41.01,-70.75,21.68
41.01,-70.73,21.66
41.01,-70.71,21.46
41.01,-70.69,21.53
41.01,-70.67,21.59
41.01,-70.65,21.62
41.01,-70.63,21.8
41.01,-70.61,21.94
41.01,-70.59,22.15
41.01,-70.57,22.16
41.01,-70.55,22.21
41.01,-70.53,22.37
41.01,-70.51,22.43
41.01,-70.49,22.19
41.01,-70.47,22.09
41.01,-70.45,21.98
41.01,-70.43,21.73
41.01,-70.41,21.11
41.01,-70.39,20.98
41.01,-70.37,20.92
41.01,-70.35,19.95
41.01,-70.33,19.11
41.01,-70.31,19.09
41.01,-70.29,19.13
41.01,-70.27,19.17
41.01,-70.25,19.15
41.01,-70.23,19.06
41.01,-70.21,19.04
41.01,-70.19,19.15
41.01,-70.17,19.17
41.01,-70.15,19.27
41.01,-70.13,19.3
41.01,-70.11,19.31
41.01,-70.09,19.31
41.01,-70.07,19.35
41.01,-70.05,19.57
41.01,-70.03,19.62
41.01,-70.01,19.62
41.01,-69.99,19.62
41.01,-69.97,19.59
41.01,-69.95,19.44
41.01,-69.93,19.24
41.01,-69.91,19.18
41.01,-69.89,19.12
41.01,-69.87,18.94
41.01,-69.85,18.36
41.01,-69.83,18.15
41.01,-69.81,18.05
41.01,-69.79,18.09
41.01,-69.77,18.16
41.01,-69.75,18.01
41.01,-69.73,17.96
41.01,-69.71,17.77
41.01,-69.69,17.53
41.01,-69.67,16.98
41.01,-69.65,16.89
41.01,-69.63,16.31
41.01,-69.61,15.87
41.01,-69.59,15.74
41.01,-69.57,15.56
41.01,-69.55,15.18
41.01,-69.53,14.8
41.01,-69.51,14.73
41.01,-69.49,14.48
41.01,-69.47,14.34
41.01,-69.45,14.25
41.01,-69.43,14.3
41.01,-69.41,14.36
41.01,-69.39,14.38
41.01,-69.25,17.66
41.01,-69.23,18.03
41.01,-69.21,18.0
41.01,-69.19,17.71
41.01,-69.17,17.89
41.01,-69.15,18.28
41.01,-69.13,18.65
41.01,-69.11,18.64
41.01,-69.09,18.5
41.01,-69.07,18.37
41.01,-69.05,18.32
41.01,-69.03,18.24
41.01,-69.01,18.41
41.01,-68.99,18.03
41.01,-68.97,17.58
40.99,-72.49,22.77
40.99,-72.47,22.8
40.99,-72.05,21.06
40.99,-72.03,21.06
40.99,-72.01,21.08
40.99,-71.89,20.86
40.99,-71.87,20.86
40.99,-71.85,20.74
40.99,-71.83,20.65
40.99,-71.81,20.63
40.99,-71.79,20.51
40.99,-71.77,20.56
40.99,-71.75,20.6
40.99,-71.73,20.63
40.99,-71.71,20.81
40.99,-71.69,21.02
40.99,-71.67,21.36
40.99,-71.65,21.5
40.99,-71.63,21.57
40.99,-71.61,21.75
40.99,-71.59,21.85
40.99,-71.57,21.96
40.99,-71.55,21.93
40.99,-71.53,21.84
40.99,-71.51,21.81
40.99,-71.49,21.79
40.99,-71.47,21.85
40.99,-71.45,21.88
40.99,-71.43,21.92
40.99,-71.41,22.11
40.99,-71.39,22.28
40.99,-71.37,22.37
40.99,-71.35,22.48
40.99,-71.33,22.6
40.99,-71.31,22.63
40.99,-71.29,22.69
40.99,-71.27,22.83
40.99,-71.25,23.02
40.99,-71.23,23.11
40.99,-71.21,23.12
40.99,-71.19,23.06
40.99,-71.17,22.87
40.99,-71.15,22.83
40.99,-71.13,22.76
40.99,-71.11,22.75
40.99,-71.09,22.8
40.99,-71.07,22.87
40.99,-71.05,22.72
40.99,-71.03,22.27
40.99,-71.01,22.3
40.99,-70.99,22.35
40.99,-70.97,22.23
40.99,-70.77,21.67
40.99,-70.75,21.81
40.99,-70.73,21.84
40.99,-70.71,21.71
40.99,-70.69,21.7
40.99,-70.67,21.74
40.99,-70.65,21.99
40.99,-70.63,22.21
40.99,-70.61,22.28
40.99,-70.59,22.31
40.99,-70.57,22.4
40.99,-70.55,22.43
40.99,-70.53,22.53
40.99,-70.51,22.59
40.99,-70.49,22.56
40.99,-70.47,22.27
40.99,-70.45,22.15
40.99,-70.43,21.74
40.99,-70.41,21.32
40.99,-70.39,21.05
40.99,-70.37,21.17
40.99,-70.35,18.97
40.99,-70.33,18.75
40.99,-70.31,18.71
40.99,-70.29,18.74
40.99,-70.27,18.75
40.99,-70.25,18.66
40.99,-70.23,18.75
40.99,-70.21,18.8
40.99,-70.19,18.92
40.99,-70.17,19.0
40.99,-70.15,19.19
40.99,-70.13,19.2
40.99,-70.11,19.17
40.99,-70.09,19.15
40.99,-70.07,19.27
40.99,-70.05,19.44
40.99,-70.03,19.53
40.99,-70.01,19.49
40.99,-69.99,19.49
40.99,-69.97,19.44
40.99,-69.95,19.24
40.99,-69.93,19.14
40.99,-69.91,19.07
40.99,-69.89,18.92
40.99,-69.87,18.43
40.99,-69.85,18.04
40.99,-69.83,18.07
40.99,-69.81,17.87
40.99,-69.79,17.78
40.99,-69.77,18.08
40.99,-69.75,18.04
40.99,-69.73,17.77
40.99,-69.71,17.56
40.99,-69.69,17.16
40.99,-69.67,16.51
40.99,-69.65,16.06
40.99,-69.63,16.04
40.99,-69.61,16.0
40.99,-69.59,15.84
40.99,-69.57,15.64
40.99,-69.55,15.38
40.99,-69.53,15.28
40.99,-69.51,15.01
40.99,-69.49,14.61
40.99,-69.47,14.48
40.99,-69.45,14.43
40.99,-69.43,14.43
40.99,-69.41,14.22
40.99,-69.39,14.22
40.99,-69.25,17.7
40.99,-69.23,18.63
40.99,-69.21,18.52
40.99,-69.19,18.27
40.99,-69.17,18.41
40.99,-69.15,18.73
40.99,-69.13,18.65
40.99,-69.11,18.63
40.99,-69.09,18.51
40.99,-69.07,17.96
40.99,-69.05,18.03
40.99,-69.03,17.96
40.99,-69.01,18.01
40.99,-68.99,18.0
40.99,-68.97,18.15
40.97,-72.53,23.27
40.97,-72.51,22.73
40.97,-72.49,22.74
40.97,-72.45,24.58
40.97,-72.09,20.98
40.97,-72.07,20.97
40.97,-72.05,21.0
40.97,-72.03,20.97
40.97,-72.01,20.95
40.97,-71.93,20.85
40.97,-71.91,20.96
40.97,-71.89,20.97
40.97,-71.87,20.87
40.97,-71.85,20.77
40.97,-71.83,20.72
40.97,-71.81,20.7
40.97,-71.79,20.67
40.97,-71.77,20.69
40.97,-71.75,20.7
40.97,-71.73,21.07
40.97,-71.71,21.44
40.97,-71.69,21.5
40.97,-71.67,21.56
40.97,-71.65,21.62
40.97,-71.63,21.83
40.97,-71.61,22.06
40.97,-71.59,22.19
40.97,-71.57,22.23
40.97,-71.55,22.13
40.97,-71.53,22.09
40.97,-71.51,22.04
40.97,-71.49,22.07
40.97,-71.47,22.15
40.97,-71.45,22.23
40.97,-71.43,22.34
40.97,-71.41,22.46
40.97,-71.39,22.53
40.97,-71.37,22.57
40.97,-71.35,22.66
40.97,-71.33,22.73
40.97,-71.31,22.82
40.97,-71.29,22.95
40.97,-71.27,23.09
40.97,-71.25,23.26
40.97,-71.23,23.35
40.97,-71.21,23.36
40.97,-71.19,23.31
40.97,-71.17,23.07
40.97,-71.15,22.92
40.97,-71.13,22.82
40.97,-71.11,22.78
40.97,-71.09,22.82
40.97,-71.07,22.87
40.97,-71.05,22.79
40.97,-71.03,22.67
40.97,-71.01,22.57
40.97,-70.99,22.64
40.97,-70.97,22.82
40.97,-70.77,21.73
40.97,-70.75,21.93
40.97,-70.73,22.04
40.97,-70.71,21.95
40.97,-70.69,22.1
40.97,-70.67,22.37
40.97,-70.65,22.37
40.97,-70.63,22.41
40.97,-70.61,22.43
40.97,-70.59,22.58
40.97,-70.57,22.66
40.97,-70.55,22.8
40.97,-70.53,22.92
40.97,-70.51,22.89
40.97,-70.49,22.85
40.97,-70.47,22.77
40.97,-70.45,22.47
40.97,-70.43,21.78
40.97,-70.41,21.29
40.97,-70.39,21.32
40.97,-70.37,21.42
40.97,-70.35,19.41
40.97,-70.33,18.51
40.97,-70.31,18.39
40.97,-70.29,18.46
40.97,-70.27,18.57
40.97,-70.25,18.46
40.97,-70.23,18.43
40.97,-70.21,18.5
40.97,-70.19,18.65
40.97,-70.17,18.58
40.97,-70.15,18.7
40.97,-70.13,19.06
40.97,-70.11,19.14
40.97,-70.09,19.23
40.97,-70.07,19.29
40.97,-70.05,19.34
40.97,-70.03,19.4
40.97,-70.01,19.41
40.97,-69.99,19.17
40.97,-69.97,19.07
40.97,-69.95,19.07
40.97,-69.93,18.86
40.97,-69.91,18.62
40.97,-69.89,18.38
40.97,-69.87,17.95
40.97,-69.85,18.07
40.97,-69.83,18.16
40.97,-69.81,17.83
40.97,-69.79,17.67
40.97,-69.77,17.94
40.97,-69.75,17.62
40.97,-69.73,17.29
40.97,-69.71,17.16
40.97,-69.69,16.41
40.97,-69.67,16.19
40.97,-69.65,16.15
40.97,-69.63,16.24
40.97,-69.61,16.22
40.97,-69.59,16.04
40.97,-69.57,15.91
40.97,-69.55,15.62
40.97,-69.53,15.16
40.97,-69.51,14.96
40.97,-69.49,14.89
40.97,-69.47,14.97
40.97,-69.45,14.82
40.97,-69.43,14.35
40.97,-69.41,14.27
40.97,-69.39,14.24
40.97,-69.37,14.24
40.97,-69.35,14.36
40.97,-69.33,14.38
40.97,-69.31,14.36
40.97,-69.29,14.31
40.97,-69.27,14.58
40.97,-69.25,17.74
40.97,-69.23,18.73
40.97,-69.21,18.72
40.97,-69.19,18.71
40.97,-69.17,18.84
40.97,-69.15,18.83
40.97,-69.13,18.54
40.97,-69.11,18.47
40.97,-69.09,18.32
40.97,-69.07,18.07
40.97,-69.05,18.1
40.97,-69.03,18.07
40.97,-69.01,18.34
40.97,-68.99,19.22
40.97,-68.97,19.31
40.95,-72.55,24.27
40.95,-72.53,23.64
40.95,-72.51,23.33
40.95,-72.49,23.95
40.95,-72.47,24.5
40.95,-72.45,24.57
40.95,-72.43,24.6
40.95,-72.09,21.11
40.95,-72.07,21.08
40.95,-72.05,21.02
40.95,-72.03,20.93
40.95,-72.01,20.86
40.95,-71.95,20.88
40.95,-71.93,20.88
40.95,-71.91,20.93
40.95,-71.89,20.93
40.95,-71.87,20.84
40.95,-71.85,20.76
40.95,-71.83,20.76
40.95,-71.81,20.76
40.95,-71.79,20.76
40.95,-71.77,20.72
40.95,-71.75,21.15
40.95,-71.73,21.49
40.95,-71.71,21.59
40.95,-71.69,21.61
40.95,-71.67,21.74
40.95,-71.65,21.88
40.95,-71.63,22.1
40.95,-71.61,22.24
40.95,-71.59,22.46
40.95,-71.57,22.45
40.95,-71.55,22.38
40.95,-71.53,22.32
40.95,-71.51,22.28
40.95,-71.49,22.23
40.95,-71.47,22.32
40.95,-71.45,22.51
40.95,-71.43,22.71
40.95,-71.41,22.79
40.95,-71.39,22.75
40.95,-71.37,22.78
40.95,-71.35,22.85
40.95,-71.33,22.98
40.95,-71.31,23.05
40.95,-71.29,23.15
40.95,-71.27,23.32
40.95,-71.25,23.44
40.95,-71.23,23.6
40.95,-71.21,23.6
40.95,-71.19,23.54
40.95,-71.17,23.11
40.95,-71.15,22.97
40.95,-71.13,22.95
40.95,-71.11,22.95
40.95,-71.09,22.91
40.95,-71.07,22.85
40.95,-71.05,22.78
40.95,-71.03,22.76
40.95,-71.01,22.78
40.95,-70.99,22.86
40.95,-70.97,22.88
40.95,-70.95,22.78
40.95,-70.77,21.77
40.95,-70.75,21.86
40.95,-70.73,21.9
40.95,-70.71,21.94
40.95,-70.69,22.28
40.95,-70.67,22.41
40.95,-70.65,22.39
40.95,-70.63,22.45
40.95,-70.61,22.55
40.95,-70.59,22.64
40.95,-70.57,22.74
40.95,-70.55,22.92
40.95,-70.53,23.07
40.95,-70.51,23.12
40.95,-70.49,23.07
40.95,-70.47,23.0
40.95,-70.45,22.94
40.95,-70.43,22.68
40.95,-70.41,22.07
40.95,-70.39,21.81
40.95,-70.37,21.76
40.95,-70.35,20.84
40.95,-70.33,19.17
40.95,-70.31,18.88
40.95,-70.29,19.49
40.95,-70.27,19.49
40.95,-70.25,18.55
40.95,-70.23,18.43
40.95,-70.21,18.41
40.95,-70.19,18.37
40.95,-70.17,18.25
40.95,-70.15,18.2
40.95,-70.13,18.15
40.95,-70.11,18.08
40.95,-70.09,17.97
40.95,-70.07,17.96
40.95,-70.05,18.24
40.95,-70.03,18.25
40.95,-70.01,18.35
40.95,-69.99,18.51
40.95,-69.97,18.75
40.95,-69.95,18.38
40.95,-69.93,18.37
40.95,-69.91,18.3
40.95,-69.89,18.11
40.95,-69.87,17.89
40.95,-69.85,17.99
40.95,-69.83,18.08
40.95,-69.81,18.16
40.95,-69.79,18.16
40.95,-69.77,17.49
40.95,-69.75,17.34
40.95,-69.73,17.04
40.95,-69.71,16.71
40.95,-69.69,16.29
40.95,-69.67,16.09
40.95,-69.65,16.13
40.95,-69.63,16.29
40.95,-69.61,16.37
40.95,-69.59,16.13
40.95,-69.57,16.26
40.95,-69.55,16.17
40.95,-69.53,15.05
40.95,-69.51,15.05
40.95,-69.49,15.21
40.95,-69.47,15.2
40.95,-69.45,14.74
40.95,-69.43,14.29
40.95,-69.41,14.27
40.95,-69.39,14.17
40.95,-69.37,14.15
40.95,-69.35,14.31
40.95,-69.33,14.35
40.95,-69.31,14.14
40.95,-69.29,14.14
40.95,-69.27,14.64
40.95,-69.25,18.67
40.95,-69.23,18.79
40.95,-69.21,18.86
40.95,-69.19,18.84
40.95,-69.17,19.07
40.95,-69.15,18.84
40.95,-69.13,18.43
40.95,-69.11,18.39
40.95,-69.09,18.77
40.95,-69.07,18.94
40.95,-69.05,19.21
40.95,-69.03,18.3
40.95,-69.01,18.75
40.95,-68.99,19.49
40.95,-68.97,19.67
40.93,-72.57,24.49
40.93,-72.55,24.52
40.93,-72.53,24.85
40.93,-72.51,24.72
40.93,-72.49,24.69
40.93,-72.47,24.65
40.93,-72.45,24.61
40.93,-72.09,21.28
40.93,-72.07,21.25
40.93,-72.05,21.17
40.93,-72.03,21.06
40.93,-72.01,20.93
40.93,-71.99,20.97
40.93,-71.97,20.95
40.93,-71.95,20.96
40.93,-71.93,21.02
40.93,-71.91,20.96
40.93,-71.85,20.74
40.93,-71.83,20.76
40.93,-71.81,20.82
40.93,-71.79,20.97
40.93,-71.77,21.22
40.93,-71.75,21.52
40.93,-71.73,21.65
40.93,-71.71,21.74
40.93,-71.69,21.86
40.93,-71.67,21.95
40.93,-71.65,22.11
40.93,-71.63,22.3
40.93,-71.61,22.54
40.93,-71.59,22.69
40.93,-71.57,22.67
40.93,-71.55,22.54
40.93,-71.53,22.55
40.93,-71.51,22.55
40.93,-71.49,22.51
40.93,-71.47,22.53
40.93,-71.45,22.73
40.93,-71.43,22.93
40.93,-71.41,23.03
40.93,-71.39,22.96
40.93,-71.37,22.97
40.93,-71.35,23.05
40.93,-71.33,23.13
40.93,-71.31,23.29
40.93,-71.29,23.38
40.93,-71.27,23.49
40.93,-71.25,23.77
40.93,-71.23,23.72
40.93,-71.21,23.7
40.93,-71.19,23.71
40.93,-71.17,23.56
40.93,-71.15,23.4
40.93,-71.13,23.26
40.93,-71.11,23.23
40.93,-71.09,23.19
40.93,-71.07,23.06
40.93,-71.05,23.0
40.93,-71.03,22.98
40.93,-71.01,23.06
40.93,-70.99,23.09
40.93,-70.97,23.09
40.93,-70.95,23.12
40.93,-70.75,21.79
40.93,-70.73,21.82
40.93,-70.71,22.04
40.93,-70.69,22.14
40.93,-70.67,22.34
40.93,-70.65,22.43
40.93,-70.63,22.54
40.93,-70.61,22.63
40.93,-70.59,22.68
40.93,-70.57,22.85
40.93,-70.55,22.91
40.93,-70.53,23.02
40.93,-70.51,23.09
40.93,-70.49,23.05
40.93,-70.47,23.05
40.93,-70.45,22.99
40.93,-70.43,22.9
40.93,-70.41,22.82
40.93,-70.39,22.5
40.93,-70.37,22.14
40.93,-70.35,20.73
40.93,-70.33,20.29
40.93,-70.31,20.21
40.93,-70.29,20.24
40.93,-70.27,20.48
40.93,-70.25,18.48
40.93,-70.23,18.32
40.93,-70.21,18.34
40.93,-70.19,18.32
40.93,-70.17,18.31
40.93,-70.15,18.2
40.93,-70.13,18.14
40.93,-70.11,18.12
40.93,-70.09,18.02
40.93,-70.07,17.93
40.93,-70.05,17.78
40.93,-70.03,17.87
40.93,-70.01,17.96
40.93,-69.99,17.98
40.93,-69.97,18.0
40.93,-69.95,17.97
40.93,-69.93,17.98
40.93,-69.91,17.92
40.93,-69.89,17.98
40.93,-69.87,17.91
40.93,-69.85,17.72
40.93,-69.83,17.76
40.93,-69.81,17.89
40.93,-69.79,17.79
40.93,-69.77,17.31
40.93,-69.75,17.09
40.93,-69.73,16.82
40.93,-69.71,16.36
40.93,-69.69,16.22
40.93,-69.67,16.25
40.93,-69.65,16.42
40.93,-69.63,16.5
40.93,-69.61,16.21
40.93,-69.59,16.17
40.93,-69.57,16.47
40.93,-69.55,16.21
40.93,-69.53,15.54
40.93,-69.51,15.31
40.93,-69.49,15.38
40.93,-69.47,15.32
40.93,-69.45,14.96
40.93,-69.43,14.63
40.93,-69.41,14.21
40.93,-69.39,14.15
40.93,-69.37,14.08
40.93,-69.35,14.36
40.93,-69.33,14.44
40.93,-69.31,14.12
40.93,-69.29,14.13
40.93,-69.27,16.92
40.93,-69.25,18.95
40.93,-69.23,19.0
40.93,-69.21,19.14
40.93,-69.19,19.14
40.93,-69.17,19.09
40.93,-69.15,18.51
40.93,-69.13,18.43
40.93,-69.11,19.09
40.93,-69.09,19.28
40.93,-69.07,19.7
40.93,-69.05,19.98
40.93,-69.03,19.95
40.93,-69.01,19.94
40.93,-68.99,20.18
40.93,-68.97,20.22
40.91,-72.53,24.7
40.91,-72.51,24.86
40.91,-72.49,24.89
40.91,-72.47,24.77
40.91,-72.27,21.49
40.91,-72.25,21.44
40.91,-72.23,21.28
40.91,-72.21,21.51
40.91,-72.19,21.64
40.91,-72.17,21.7
40.91,-72.15,21.71
40.91,-72.07,21.27
40.91,-72.05,21.32
40.91,-72.03,21.52
40.91,-72.01,21.18
40.91,-71.99,21.11
40.91,-71.97,20.98
40.91,-71.95,20.93
40.91,-71.93,20.95
40.91,-71.87,20.72
40.91,-71.85,20.72
40.91,-71.83,20.81
40.91,-71.81,21.27
40.91,-71.79,21.38
40.91,-71.77,21.58
40.91,-71.75,21.7
40.91,-71.73,21.89
40.91,-71.71,21.99
40.91,-71.69,22.07
40.91,-71.67,22.38
40.91,-71.65,22.44
40.91,-71.63,22.51
40.91,-71.61,22.74
40.91,-71.59,22.86
40.91,-71.57,22.9
40.91,-71.55,22.84
40.91,-71.53,22.77
40.91,-71.51,22.68
40.91,-71.49,22.61
40.91,-71.47,22.77
40.91,-71.45,22.92
40.91,-71.43,23.05
40.91,-71.41,23.09
40.91,-71.39,23.1
40.91,-71.37,23.1
40.91,-71.35,23.15
40.91,-71.33,23.31
40.91,-71.31,23.51
40.91,-71.29,23.62
40.91,-71.27,23.73
40.91,-71.25,23.85
40.91,-71.23,23.82
40.91,-71.21,23.76
40.91,-71.19,23.72
40.91,-71.17,23.69
40.91,-71.15,23.67
40.91,-71.13,23.62
40.91,-71.11,23.53
40.91,-71.09,23.4
40.91,-71.07,23.36
40.91,-71.05,23.26
40.91,-71.03,23.24
40.91,-71.01,23.2
40.91,-70.99,23.2
40.91,-70.97,23.19
40.91,-70.95,23.17
40.91,-70.93,23.16
40.91,-70.69,21.69
40.91,-70.67,21.76
40.91,-70.65,21.98
40.91,-70.63,22.42
40.91,-70.61,22.54
40.91,-70.59,22.65
40.91,-70.57,22.74
40.91,-70.55,22.82
40.91,-70.53,22.97
40.91,-70.51,23.07
40.91,-70.49,23.05
40.91,-70.47,23.0
40.91,-70.45,22.98
40.91,-70.43,22.91
40.91,-70.41,22.87
40.91,-70.39,22.86
40.91,-70.37,22.42
40.91,-70.35,20.69
40.91,-70.33,20.59
40.91,-70.31,20.41
40.91,-70.29,20.63
40.91,-70.27,19.64
40.91,-70.25,18.34
40.91,-70.23,18.22
40.91,-70.21,18.21
40.91,-70.19,18.2
40.91,-70.17,18.22
40.91,-70.15,18.17
40.91,-70.13,18.1
40.91,-70.11,18.07
40.91,-70.09,18.1
40.91,-70.07,18.1
40.91,-70.05,17.99
40.91,-70.03,17.9
40.91,-70.01,17.93
40.91,-69.99,17.9
40.91,-69.97,17.86
40.91,-69.95,17.86
40.91,-69.93,17.84
40.91,-69.91,17.74
40.91,-69.89,17.62
40.91,-69.87,17.33
40.91,-69.85,17.54
40.91,-69.83,17.67
40.91,-69.81,17.71
40.91,-69.79,17.3
40.91,-69.77,17.17
40.91,-69.75,16.63
40.91,-69.73,16.41
40.91,-69.71,16.38
40.91,-69.69,16.36
40.91,-69.67,16.52
40.91,-69.65,16.52
40.91,-69.63,16.28
40.91,-69.61,16.29
40.91,-69.59,16.54
40.91,-69.57,16.59
40.91,-69.55,16.19
40.91,-69.53,15.85
40.91,-69.51,15.59
40.91,-69.49,15.43
40.91,-69.47,15.31
40.91,-69.45,15.15
40.91,-69.43,15.06
40.91,-69.41,14.75
40.91,-69.39,14.18
40.91,-69.37,14.08
40.91,-69.35,14.87
40.91,-69.33,14.42
40.91,-69.31,14.24
40.91,-69.29,14.83
40.91,-69.27,19.02
40.91,-69.25,19.23
40.91,-69.23,19.32
40.91,-69.21,19.4
40.91,-69.19,19.48
40.91,-69.17,19.49
40.91,-69.15,18.77
40.91,-69.13,18.79
40.91,-69.11,19.03
40.91,-69.09,20.03
40.91,-69.07,20.87
40.91,-69.05,20.87
40.91,-69.03,20.89
40.91,-69.01,20.53
40.91,-68.99,20.85
40.91,-68.97,20.56
40.89,-72.33,21.6
40.89,-72.31,21.43
40.89,-72.29,21.41
40.89,-72.27,21.59
40.89,-72.25,21.49
40.89,-72.23,21.5
40.89,-72.21,21.63
40.89,-72.19,21.68
40.89,-72.17,21.69
40.89,-72.15,21.66
40.89,-72.13,21.59
40.89,-72.11,21.44
40.89,-72.03,21.49
40.89,-72.01,21.4
40.89,-71.99,21.11
40.89,-71.87,20.84
40.89,-71.85,20.88
40.89,-71.83,21.33
40.89,-71.81,21.43
40.89,-71.79,21.56
40.89,-71.77,21.73
40.89,-71.75,21.96
40.89,-71.73,22.14
40.89,-71.71,22.25
40.89,-71.69,22.49
40.89,-71.67,22.68
40.89,-71.65,22.71
40.89,-71.63,22.73
40.89,-71.61,22.81
40.89,-71.59,22.93
40.89,-71.57,23.06
40.89,-71.55,23.14
40.89,-71.53,23.14
40.89,-71.51,23.02
40.89,-71.49,22.85
40.89,-71.47,22.97
40.89,-71.45,23.08
40.89,-71.43,23.17
40.89,-71.41,23.21
40.89,-71.39,23.12
40.89,-71.37,23.19
40.89,-71.35,23.33
40.89,-71.33,23.42
40.89,-71.31,23.67
40.89,-71.29,23.75
40.89,-71.27,23.84
40.89,-71.25,23.9
40.89,-71.23,23.91
40.89,-71.21,23.87
40.89,-71.19,23.84
40.89,-71.17,23.78
40.89,-71.15,23.76
40.89,-71.13,23.68
40.89,-71.11,23.62
40.89,-71.09,23.57
40.89,-71.07,23.47
40.89,-71.05,23.42
40.89,-71.03,23.38
40.89,-71.01,23.38
40.89,-70.99,23.35
40.89,-70.97,23.22
40.89,-70.95,23.17
40.89,-70.93,23.14
40.89,-70.91,23.06
40.89,-70.89,23.02
40.89,-70.73,21.61
40.89,-70.71,21.66
40.89,-70.69,21.66
40.89,-70.67,21.71
40.89,-70.65,21.89
40.89,-70.63,22.19
40.89,-70.61,22.54
40.89,-70.59,22.66
40.89,-70.57,22.65
40.89,-70.55,22.73
40.89,-70.53,22.85
40.89,-70.51,23.02
40.89,-70.49,23.04
40.89,-70.47,23.0
40.89,-70.45,22.93
40.89,-70.43,22.93
40.89,-70.41,22.95
40.89,-70.39,22.96
40.89,-70.37,22.81
40.89,-70.35,21.64
40.89,-70.33,21.25
40.89,-70.31,21.2
40.89,-70.29,21.93
40.89,-70.27,20.35
40.89,-70.25,18.26
40.89,-70.23,18.25
40.89,-70.21,18.26
40.89,-70.19,18.19
40.89,-70.17,18.14
40.89,-70.15,18.11
40.89,-70.13,18.01
40.89,-70.11,17.96
40.89,-70.09,18.0
40.89,-70.07,17.97
40.89,-70.05,17.91
40.89,-70.03,17.95
40.89,-70.01,17.97
40.89,-69.99,17.94
40.89,-69.97,17.94
40.89,-69.95,17.95
40.89,-69.93,17.95
40.89,-69.91,17.65
40.89,-69.89,17.17
40.89,-69.87,17.12
40.89,-69.85,17.23
40.89,-69.83,17.36
40.89,-69.81,16.72
40.89,-69.79,16.76
40.89,-69.77,16.79
40.89,-69.75,16.38
40.89,-69.73,16.3
40.89,-69.71,16.29
40.89,-69.69,16.47
40.89,-69.67,16.66
40.89,-69.65,16.59
40.89,-69.63,16.52
40.89,-69.61,16.56
40.89,-69.59,16.55
40.89,-69.57,16.34
40.89,-69.55,16.15
40.89,-69.53,16.09
40.89,-69.51,15.71
40.89,-69.49,15.57
40.89,-69.47,15.32
40.89,-69.45,14.93
40.89,-69.43,14.96
40.89,-69.41,14.94
40.89,-69.39,14.9
40.89,-69.37,14.84
40.89,-69.35,14.71
40.89,-69.33,14.54
40.89,-69.31,14.4
40.89,-69.29,14.94
40.89,-69.27,19.38
40.89,-69.25,19.3
40.89,-69.23,19.33
40.89,-69.21,19.6
40.89,-69.19,19.99
40.89,-69.17,19.96
40.89,-69.15,19.41
40.89,-69.13,18.71
40.89,-69.11,18.74
40.89,-69.09,20.63
40.89,-69.07,21.68
40.89,-69.05,21.72
40.89,-69.03,21.62
40.89,-69.01,21.43
40.89,-68.99,21.24
40.89,-68.97,21.01
40.87,-73.77,23.43
40.87,-72.49,23.37
40.87,-72.47,23.64
40.87,-72.45,23.68
40.87,-72.37,21.88
40.87,-72.35,21.48
40.87,-72.33,21.55
40.87,-72.31,21.51
40.87,-72.29,21.5
40.87,-72.27,21.51
40.87,-72.25,21.45
40.87,-72.23,21.57
40.87,-72.21,21.58
40.87,-72.19,21.59
40.87,-72.17,21.67
40.87,-72.15,21.65
40.87,-72.13,21.57
40.87,-72.11,21.33
40.87,-72.09,21.25
40.87,-72.03,21.09
40.87,-72.01,21.09
40.87,-71.91,20.84
40.87,-71.89,20.9
40.87,-71.87,21.0
40.87,-71.85,21.24
40.87,-71.83,21.43
40.87,-71.81,21.49
40.87,-71.79,21.68
40.87,-71.77,21.88
40.87,-71.75,22.09
40.87,-71.73,22.23
40.87,-71.71,22.49
40.87,-71.69,22.81
40.87,-71.67,22.99
40.87,-71.65,22.91
40.87,-71.63,22.9
40.87,-71.61,22.94
40.87,-71.59,23.07
40.87,-71.57,23.13
40.87,-71.55,23.14
40.87,-71.53,23.1
40.87,-71.51,23.12
40.87,-71.49,23.13
40.87,-71.47,23.16
40.87,-71.45,23.2
40.87,-71.43,23.25
40.87,-71.41,23.23
40.87,-71.39,23.17
40.87,-71.37,23.22
40.87,-71.35,23.38
40.87,-71.33,23.58
40.87,-71.31,23.72
40.87,-71.29,23.82
40.87,-71.27,23.89
40.87,-71.25,23.99
40.87,-71.23,24.1
40.87,-71.21,24.02
40.87,-71.19,23.86
40.87,-71.17,23.79
40.87,-71.15,23.8
40.87,-71.13,23.73
40.87,-71.11,23.65
40.87,-71.09,23.61
40.87,-71.07,23.61
40.87,-71.05,23.61
40.87,-71.03,23.51
40.87,-71.01,23.51
40.87,-70.99,23.51
40.87,-70.97,23.31
40.87,-70.95,23.33
40.87,-70.93,23.28
40.87,-70.91,23.19
40.87,-70.89,23.16
40.87,-70.87,23.03
40.87,-70.85,22.92
40.87,-70.83,22.92
40.87,-70.81,22.24
40.87,-70.79,22.01
40.87,-70.77,21.88
40.87,-70.75,21.77
40.87,-70.73,21.83
40.87,-70.71,21.84
40.87,-70.69,21.85
40.87,-70.67,21.87
40.87,-70.65,22.13
40.87,-70.63,22.45
40.87,-70.61,22.7
40.87,-70.59,22.68
40.87,-70.57,22.59
40.87,-70.55,22.64
40.87,-70.53,22.84
40.87,-70.51,22.95
40.87,-70.49,22.96
40.87,-70.47,22.79
40.87,-70.45,22.61
40.87,-70.43,22.69
40.87,-70.41,22.95
40.87,-70.39,23.01
40.87,-70.37,22.91
40.87,-70.35,22.23
40.87,-70.33,21.71
40.87,-70.31,22.28
40.87,-70.29,22.29
40.87,-70.27,19.45
40.87,-70.25,18.34
40.87,-70.23,18.33
40.87,-70.21,18.28
40.87,-70.19,18.14
40.87,-70.17,18.11
40.87,-70.15,18.06
40.87,-70.13,18.08
40.87,-70.11,18.11
40.87,-70.09,18.11
40.87,-70.07,18.08
40.87,-70.05,18.01
40.87,-70.03,17.95
40.87,-70.01,18.05
40.87,-69.99,18.03
40.87,-69.97,17.96
40.87,-69.95,17.95
40.87,-69.93,17.82
40.87,-69.91,17.59
40.87,-69.89,16.97
40.87,-69.87,17.2
40.87,-69.85,17.27
40.87,-69.83,16.92
40.87,-69.81,16.75
40.87,-69.79,16.76
40.87,-69.77,16.6
40.87,-69.75,16.43
40.87,-69.73,16.36
40.87,-69.71,16.43
40.87,-69.69,16.6
40.87,-69.67,16.79
40.87,-69.65,16.83
40.87,-69.63,16.7
40.87,-69.61,16.63
40.87,-69.59,16.48
40.87,-69.57,16.17
40.87,-69.55,16.07
40.87,-69.53,16.1
40.87,-69.51,16.04
40.87,-69.49,15.63
40.87,-69.47,15.54
40.87,-69.45,14.83
40.87,-69.43,14.62
40.87,-69.41,14.61
40.87,-69.39,14.64
40.87,-69.37,14.63
40.87,-69.35,14.52
40.87,-69.33,14.4
40.87,-69.31,14.38
40.87,-69.29,17.17
40.87,-69.27,19.52
40.87,-69.25,19.47
40.87,-69.23,19.38
40.87,-69.21,19.7
40.87,-69.19,20.17
40.87,-69.17,20.46
40.87,-69.15,20.64
40.87,-69.13,20.82
40.87,-69.11,21.22
40.87,-69.09,21.72
40.87,-69.07,21.99
40.87,-69.05,21.93
40.87,-69.03,21.93
40.87,-69.01,21.75
40.87,-68.99,21.62
40.87,-68.97,21.38
40.85,-73.75,23.46
40.85,-72.51,22.79
40.85,-72.49,22.79
40.85,-72.47,22.77
40.85,-72.43,21.69
40.85,-72.41,21.7
40.85,-72.39,21.78
40.85,-72.37,21.63
40.85,-72.35,21.64
40.85,-72.33,21.53
40.85,-72.31,21.55
40.85,-72.29,21.49
40.85,-72.27,21.46
40.85,-72.25,21.49
40.85,-72.23,21.48
40.85,-72.21,21.52
40.85,-72.19,21.53
40.85,-72.17,21.55
40.85,-72.15,21.51
40.85,-72.13,21.39
40.85,-72.11,21.06
40.85,-72.09,21.04
40.85,-72.07,21.05
40.85,-72.05,21.08
40.85,-72.03,21.06
40.85,-72.01,21.05
40.85,-71.99,21.06
40.85,-71.93,20.87
40.85,-71.91,20.88
40.85,-71.89,20.95
40.85,-71.87,21.06
40.85,-71.85,21.16
40.85,-71.83,21.26
40.85,-71.81,21.47
40.85,-71.79,21.76
40.85,-71.77,22.02
40.85,-71.75,22.19
40.85,-71.73,22.36
40.85,-71.71,22.6
40.85,-71.69,22.98
40.85,-71.67,23.09
40.85,-71.65,23.08
40.85,-71.63,23.12
40.85,-71.61,23.16
40.85,-71.59,23.18
40.85,-71.57,23.21
40.85,-71.55,23.21
40.85,-71.53,23.2
40.85,-71.51,23.2
40.85,-71.49,23.18
40.85,-71.47,23.19
40.85,-71.45,23.23
40.85,-71.43,23.26
40.85,-71.41,23.2
40.85,-71.39,23.14
40.85,-71.37,23.18
40.85,-71.35,23.42
40.85,-71.33,23.57
40.85,-71.31,23.72
40.85,-71.29,23.79
40.85,-71.27,23.96
40.85,-71.25,24.07
40.85,-71.23,24.11
40.85,-71.21,23.95
40.85,-71.19,23.66
40.85,-71.17,23.6
40.85,-71.15,23.6
40.85,-71.13,23.69
40.85,-71.11,23.68
40.85,-71.09,23.66
40.85,-71.07,23.67
40.85,-71.05,23.68
40.85,-71.03,23.64
40.85,-71.01,23.61
40.85,-70.99,23.53
40.85,-70.97,23.48
40.85,-70.95,23.43
40.85,-70.93,23.4
40.85,-70.91,23.38
40.85,-70.89,23.37
40.85,-70.87,23.32
40.85,-70.85,23.16
40.85,-70.83,23.09
40.85,-70.81,22.72
40.85,-70.79,22.66
40.85,-70.77,22.59
40.85,-70.75,22.35
40.85,-70.73,22.29
40.85,-70.71,22.21
40.85,-70.69,22.11
40.85,-70.67,22.29
40.85,-70.65,22.45
40.85,-70.63,22.64
40.85,-70.61,22.77
40.85,-70.59,22.7
40.85,-70.57,22.68
40.85,-70.55,22.75
40.85,-70.53,22.82
40.85,-70.51,22.81
40.85,-70.49,22.78
40.85,-70.47,22.63
40.85,-70.45,22.47
40.85,-70.43,22.49
40.85,-70.41,22.75
40.85,-70.39,22.96
40.85,-70.37,22.99
40.85,-70.35,22.92
40.85,-70.33,22.5
40.85,-70.31,22.77
40.85,-70.29,22.71
40.85,-70.27,18.77
40.85,-70.25,18.44
40.85,-70.23,18.48
40.85,-70.21,18.35
40.85,-70.19,18.04
40.85,-70.17,18.01
40.85,-70.15,18.13
40.85,-70.13,18.27
40.85,-70.11,18.26
40.85,-70.09,18.25
40.85,-70.07,18.21
40.85,-70.05,18.08
40.85,-70.03,18.07
40.85,-70.01,18.07
40.85,-69.99,17.9
40.85,-69.97,17.78
40.85,-69.95,17.78
40.85,-69.93,17.62
40.85,-69.91,17.32
40.85,-69.89,17.23
40.85,-69.87,17.29
40.85,-69.85,17.29
40.85,-69.83,17.04
40.85,-69.81,16.86
40.85,-69.79,16.75
40.85,-69.77,16.62
40.85,-69.75,16.56
40.85,-69.73,16.57
40.85,-69.71,16.62
40.85,-69.69,16.65
40.85,-69.67,16.78
40.85,-69.65,16.71
40.85,-69.63,16.67
40.85,-69.61,16.66
40.85,-69.59,16.56
40.85,-69.57,16.4
40.85,-69.55,16.36
40.85,-69.53,16.32
40.85,-69.51,16.21
40.85,-69.49,16.21
40.85,-69.47,16.37
40.85,-69.45,16.08
40.85,-69.43,14.84
40.85,-69.41,14.48
40.85,-69.39,14.49
40.85,-69.37,14.45
40.85,-69.35,14.32
40.85,-69.33,14.17
40.85,-69.31,14.26
40.85,-69.29,19.23
40.85,-69.27,19.49
40.85,-69.25,19.58
40.85,-69.23,19.65
40.85,-69.21,19.65
40.85,-69.19,19.6
40.85,-69.17,20.58
40.85,-69.15,20.76
40.85,-69.13,21.0
40.85,-69.11,21.31
40.85,-69.09,21.62
40.85,-69.07,22.21
40.85,-69.05,22.48
40.85,-69.03,22.45
40.85,-69.01,21.99
40.85,-68.99,21.85
40.85,-68.97,21.67
40.83,-73.81,23.8
40.83,-73.79,23.34
40.83,-73.77,23.2
40.83,-73.73,23.4
40.83,-72.53,22.16
40.83,-72.51,22.12
40.83,-72.49,22.19
40.83,-72.47,21.91
40.83,-72.45,21.83
40.83,-72.43,21.71
40.83,-72.41,21.69
40.83,-72.39,21.58
40.83,-72.37,21.62
40.83,-72.35,21.72
40.83,-72.33,21.61
40.83,-72.31,21.54
40.83,-72.29,21.48
40.83,-72.27,21.5
40.83,-72.25,21.52
40.83,-72.23,21.42
40.83,-72.21,21.44
40.83,-72.19,21.47
40.83,-72.17,21.47
40.83,-72.15,21.36
40.83,-72.13,21.21
40.83,-72.11,21.14
40.83,-72.09,21.17
40.83,-72.07,21.2
40.83,-71.99,21.29
40.83,-71.97,21.24
40.83,-71.95,21.25
40.83,-71.93,21.07
40.83,-71.91,20.98
40.83,-71.89,21.06
40.83,-71.87,21.17
40.83,-71.85,21.17
40.83,-71.83,21.24
40.83,-71.81,21.4
40.83,-71.79,21.7
40.83,-71.77,21.98
40.83,-71.75,22.25
40.83,-71.73,22.54
40.83,-71.71,22.88
40.83,-71.69,23.06
40.83,-71.67,23.21
40.83,-71.65,23.3
40.83,-71.63,23.33
40.83,-71.61,23.33
40.83,-71.59,23.42
40.83,-71.57,23.47
40.83,-71.55,23.45
40.83,-71.53,23.44
40.83,-71.51,23.43
40.83,-71.49,23.36
40.83,-71.47,23.28
40.83,-71.45,23.25
40.83,-71.43,23.24
40.83,-71.41,23.2
40.83,-71.39,23.13
40.83,-71.37,23.16
40.83,-71.35,23.42
40.83,-71.33,23.64
40.83,-71.31,23.73
40.83,-71.29,23.86
40.83,-71.27,24.01
40.83,-71.25,24.11
40.83,-71.23,24.02
40.83,-71.21,23.83
40.83,-71.19,23.49
40.83,-71.17,23.38
40.83,-71.15,23.31
40.83,-71.13,23.38
40.83,-71.11,23.44
40.83,-71.09,23.67
40.83,-71.07,23.68
40.83,-71.05,23.69
40.83,-71.03,23.71
40.83,-71.01,23.68
40.83,-70.99,23.55
40.83,-70.97,23.49
40.83,-70.95,23.47
40.83,-70.93,23.47
40.83,-70.91,23.41
40.83,-70.89,23.39
40.83,-70.87,23.39
40.83,-70.85,23.33
40.83,-70.83,23.28
40.83,-70.81,23.16
40.83,-70.79,23.07
40.83,-70.77,23.07
40.83,-70.75,23.06
40.83,-70.73,22.8
40.83,-70.71,22.7
40.83,-70.69,22.74
40.83,-70.67,22.8
40.83,-70.65,22.83
40.83,-70.63,22.83
40.83,-70.61,22.82
40.83,-70.59,22.81
40.83,-70.57,22.84
40.83,-70.55,22.87
40.83,-70.53,22.85
40.83,-70.51,22.81
40.83,-70.49,22.67
40.83,-70.47,22.54
40.83,-70.45,22.41
40.83,-70.43,22.41
40.83,-70.41,22.5
40.83,-70.39,22.82
40.83,-70.37,22.93
40.83,-70.35,22.93
40.83,-70.33,22.9
40.83,-70.31,22.98
40.83,-70.29,22.96
40.83,-70.27,18.59
40.83,-70.25,18.43
40.83,-70.23,18.45
40.83,-70.21,18.4
40.83,-70.19,18.2
40.83,-70.17,18.15
40.83,-70.15,18.06
40.83,-70.13,18.17
40.83,-70.11,18.28
40.83,-70.09,18.28
40.83,-70.07,18.25
40.83,-70.05,18.08
40.83,-70.03,18.09
40.83,-70.01,18.02
40.83,-69.99,17.93
40.83,-69.97,17.8
40.83,-69.95,17.68
40.83,-69.93,17.59
40.83,-69.91,17.47
40.83,-69.89,17.23
40.83,-69.87,17.22
40.83,-69.85,17.15
40.83,-69.83,17.05
40.83,-69.81,16.92
40.83,-69.79,16.82
40.83,-69.77,16.87
40.83,-69.75,16.82
40.83,-69.73,16.77
40.83,-69.71,16.75
40.83,-69.69,16.73
40.83,-69.67,16.71
40.83,-69.65,16.66
40.83,-69.63,16.63
40.83,-69.61,16.65
40.83,-69.59,16.48
40.83,-69.57,16.37
40.83,-69.55,16.39
40.83,-69.53,16.43
40.83,-69.51,16.39
40.83,-69.49,16.39
40.83,-69.47,16.51
40.83,-69.45,16.6
40.83,-69.43,15.55
40.83,-69.41,14.81
40.83,-69.39,15.63
40.83,-69.37,15.64
40.83,-69.35,15.05
40.83,-69.33,14.4
40.83,-69.31,16.26
40.83,-69.29,19.18
40.83,-69.27,19.37
40.83,-69.25,19.62
40.83,-69.23,20.04
40.83,-69.21,20.22
40.83,-69.19,20.0
40.83,-69.17,20.17
40.83,-69.15,20.62
40.83,-69.13,21.08
40.83,-69.11,21.05
40.83,-69.09,21.32
40.83,-69.07,21.54
40.83,-69.05,22.68
40.83,-69.03,22.87
40.83,-69.01,22.67
40.83,-68.99,22.23
40.83,-68.97,21.83
40.81,-73.81,23.79
40.81,-73.79,23.39
40.81,-73.77,23.21
40.81,-72.53,21.55
40.81,-72.51,21.86
40.81,-72.49,21.93
40.81,-72.47,21.77
40.81,-72.45,21.85
40.81,-72.43,21.9
40.81,-72.41,21.66
40.81,-72.39,21.61
40.81,-72.37,21.63
40.81,-72.35,21.57
40.81,-72.33,21.5
40.81,-72.31,21.43
40.81,-72.29,21.21
40.81,-72.27,21.21
40.81,-72.25,21.0
40.81,-72.23,21.26
40.81,-72.21,21.38
40.81,-72.19,21.38
40.81,-72.17,21.38
40.81,-72.15,21.33
40.81,-72.13,21.27
40.81,-72.11,21.3
40.81,-72.09,21.33
40.81,-72.07,21.33
40.81,-72.05,21.33
40.81,-72.03,21.31
40.81,-72.01,21.29
40.81,-71.99,21.28
40.81,-71.97,21.32
40.81,-71.95,21.39
40.81,-71.93,21.46
40.81,-71.91,21.55
40.81,-71.89,21.48
40.81,-71.87,21.43
40.81,-71.85,21.34
40.81,-71.83,21.34
40.81,-71.81,21.44
40.81,-71.79,21.68
40.81,-71.77,21.98
40.81,-71.75,22.34
40.81,-71.73,22.71
40.81,-71.71,22.95
40.81,-71.69,23.11
40.81,-71.67,23.33
40.81,-71.65,23.38
40.81,-71.63,23.4
40.81,-71.61,23.44
40.81,-71.59,23.49
40.81,-71.57,23.5
40.81,-71.55,23.47
40.81,-71.53,23.48
40.81,-71.51,23.47
40.81,-71.49,23.44
40.81,-71.47,23.39
40.81,-71.45,23.32
40.81,-71.43,23.27
40.81,-71.41,23.22
40.81,-71.39,23.19
40.81,-71.37,23.23
40.81,-71.35,23.48
40.81,-71.33,23.69
40.81,-71.31,23.77
40.81,-71.29,23.91
40.81,-71.27,24.04
40.81,-71.25,24.06
40.81,-71.23,23.92
40.81,-71.21,23.65
40.81,-71.19,23.37
40.81,-71.17,23.27
40.81,-71.15,23.22
40.81,-71.13,23.24
40.81,-71.11,23.34
40.81,-71.09,23.4
40.81,-71.07,23.49
40.81,-71.05,23.56
40.81,-71.03,23.68
40.81,-71.01,23.52
40.81,-70.99,23.42
40.81,-70.97,23.47
40.81,-70.95,23.5
40.81,-70.93,23.48
40.81,-70.91,23.45
40.81,-70.89,23.44
40.81,-70.87,23.39
40.81,-70.85,23.33
40.81,-70.83,23.28
40.81,-70.81,23.29
40.81,-70.79,23.31
40.81,-70.77,23.23
40.81,-70.75,23.18
40.81,-70.73,23.05
40.81,-70.71,23.0
40.81,-70.69,23.01
40.81,-70.67,23.0
40.81,-70.65,22.98
40.81,-70.63,22.96
40.81,-70.61,22.95
40.81,-70.59,22.96
40.81,-70.57,23.01
40.81,-70.55,23.04
40.81,-70.53,23.02
40.81,-70.51,22.82
40.81,-70.49,22.62
40.81,-70.47,22.48
40.81,-70.45,22.41
40.81,-70.43,22.45
40.81,-70.41,22.55
40.81,-70.39,22.79
40.81,-70.37,22.91
40.81,-70.35,22.91
40.81,-70.33,22.95
40.81,-70.31,23.09
40.81,-70.29,22.9
40.81,-70.27,19.05
40.81,-70.25,18.91
40.81,-70.23,19.14
40.81,-70.21,18.84
40.81,-70.19,18.56
40.81,-70.17,18.47
40.81,-70.15,18.19
40.81,-70.13,18.07
40.81,-70.11,18.06
40.81,-70.09,18.14
40.81,-70.07,17.99
40.81,-70.05,17.88
40.81,-70.03,17.85
40.81,-70.01,17.83
40.81,-69.99,17.75
40.81,-69.97,17.76
40.81,-69.95,17.76
40.81,-69.93,17.73
40.81,-69.91,17.28
40.81,-69.89,17.22
40.81,-69.87,17.2
40.81,-69.85,17.23
40.81,-69.83,17.16
40.81,-69.81,17.08
40.81,-69.79,17.02
40.81,-69.77,17.03
40.81,-69.75,17.92
40.81,-69.73,18.34
40.81,-69.71,17.18
40.81,-69.69,16.82
40.81,-69.67,16.82
40.81,-69.65,16.76
40.81,-69.63,16.66
40.81,-69.61,16.65
40.81,-69.59,16.56
40.81,-69.57,16.47
40.81,-69.55,16.42
40.81,-69.53,16.44
40.81,-69.51,16.43
40.81,-69.49,16.42
40.81,-69.47,16.56
40.81,-69.45,16.12
40.81,-69.43,15.57
40.81,-69.41,15.5
40.81,-69.39,15.62
40.81,-69.37,15.74
40.81,-69.35,15.23
40.81,-69.33,14.55
40.81,-69.31,16.55
40.81,-69.29,18.99
40.81,-69.27,19.37
40.81,-69.25,19.85
40.81,-69.23,20.55
40.81,-69.21,20.69
40.81,-69.19,20.55
40.81,-69.17,20.56
40.81,-69.15,21.02
40.81,-69.13,21.42
40.81,-69.11,21.62
40.81,-69.09,21.44
40.81,-69.07,21.9
40.81,-69.05,22.76
40.81,-69.03,22.86
40.81,-69.01,22.69
40.81,-68.99,22.37
40.81,-68.97,21.82
40.79,-73.87,24.73
40.79,-72.53,21.5
40.79,-72.51,21.61
40.79,-72.49,21.44
40.79,-72.47,21.34
40.79,-72.45,21.69
40.79,-72.43,21.73
40.79,-72.41,21.64
40.79,-72.39,21.6
40.79,-72.37,21.5
40.79,-72.35,21.45
40.79,-72.33,21.36
40.79,-72.31,21.27
40.79,-72.29,20.96
40.79,-72.27,20.95
40.79,-72.25,21.13
40.79,-72.23,21.24
40.79,-72.21,21.29
40.79,-72.19,21.36
40.79,-72.17,21.43
40.79,-72.15,21.37
40.79,-72.13,21.37
40.79,-72.11,21.44
40.79,-72.09,21.52
40.79,-72.07,21.52
40.79,-72.05,21.43
40.79,-72.03,21.33
40.79,-72.01,21.25
40.79,-71.99,21.24
40.79,-71.97,21.56
40.79,-71.95,21.7
40.79,-71.93,21.7
40.79,-71.91,21.69
40.79,-71.89,21.66
40.79,-71.87,21.64
40.79,-71.85,21.62
40.79,-71.83,21.64
40.79,-71.81,21.7
40.79,-71.79,21.92
40.79,-71.77,22.22
40.79,-71.75,22.54
40.79,-71.73,22.91
40.79,-71.71,23.1
40.79,-71.69,23.28
40.79,-71.67,23.43
40.79,-71.65,23.46
40.79,-71.63,23.52
40.79,-71.61,23.57
40.79,-71.59,23.57
40.79,-71.57,23.53
40.79,-71.55,23.48
40.79,-71.53,23.46
40.79,-71.51,23.45
40.79,-71.49,23.44
40.79,-71.47,23.45
40.79,-71.45,23.4
40.79,-71.43,23.33
40.79,-71.41,23.28
40.79,-71.39,23.28
40.79,-71.37,23.37
40.79,-71.35,23.63
40.79,-71.33,23.73
40.79,-71.31,23.87
40.79,-71.29,24.01
40.79,-71.27,24.06
40.79,-71.25,23.96
40.79,-71.23,23.84
40.79,-71.21,23.46
40.79,-71.19,23.28
40.79,-71.17,23.27
40.79,-71.15,23.27
40.79,-71.13,23.26
40.79,-71.11,23.31
40.79,-71.09,23.37
40.79,-71.07,23.44
40.79,-71.05,23.47
40.79,-71.03,23.44
40.79,-71.01,23.38
40.79,-70.99,23.42
40.79,-70.97,23.45
40.79,-70.95,23.47
40.79,-70.93,23.52
40.79,-70.91,23.57
40.79,-70.89,23.56
40.79,-70.87,23.45
40.79,-70.85,23.37
40.79,-70.83,23.31
40.79,-70.81,23.33
40.79,-70.79,23.31
40.79,-70.77,23.27
40.79,-70.75,23.2
40.79,-70.73,23.15
40.79,-70.71,23.07
40.79,-70.69,23.04
40.79,-70.67,22.96
40.79,-70.65,22.69
40.79,-70.63,22.65
40.79,-70.61,22.81
40.79,-70.59,22.73
40.79,-70.57,22.98
40.79,-70.55,22.83
40.79,-70.53,22.79
40.79,-70.51,22.6
40.79,-70.49,22.44
40.79,-70.47,22.3
40.79,-70.45,22.31
40.79,-70.43,22.41
40.79,-70.41,22.54
40.79,-70.39,22.65
40.79,-70.37,22.76
40.79,-70.35,22.75
40.79,-70.33,22.82
40.79,-70.31,22.86
40.79,-70.29,22.65
40.79,-70.27,22.02
40.79,-70.25,19.0
40.79,-70.23,19.02
40.79,-70.21,19.13
40.79,-70.19,18.87
40.79,-70.17,18.47
40.79,-70.15,18.21
40.79,-70.13,18.11
40.79,-70.11,18.16
40.79,-70.09,18.23
40.79,-70.07,18.22
40.79,-70.05,18.07
40.79,-70.03,17.98
40.79,-70.01,17.94
40.79,-69.99,17.79
40.79,-69.97,17.94
40.79,-69.95,17.96
40.79,-69.93,17.67
40.79,-69.91,17.4
40.79,-69.89,17.4
40.79,-69.87,17.61
40.79,-69.85,19.36
40.79,-69.83,19.3
40.79,-69.81,21.32
40.79,-69.79,23.17
40.79,-69.77,22.93
40.79,-69.75,22.39
40.79,-69.73,21.85
40.79,-69.71,22.42
40.79,-69.69,21.6
40.79,-69.67,20.74
40.79,-69.65,20.78
40.79,-69.63,19.59
40.79,-69.61,17.36
40.79,-69.59,16.85
40.79,-69.57,16.55
40.79,-69.55,16.46
40.79,-69.53,16.5
40.79,-69.51,16.46
40.79,-69.49,16.41
40.79,-69.47,16.27
40.79,-69.45,16.18
40.79,-69.43,16.17
40.79,-69.41,16.16
40.79,-69.39,15.82
40.79,-69.37,15.28
40.79,-69.35,15.85
40.79,-69.33,15.84
40.79,-69.31,16.48
40.79,-69.29,18.63
40.79,-69.27,19.3
40.79,-69.25,19.94
40.79,-69.23,20.61
40.79,-69.21,20.83
40.79,-69.19,20.85
40.79,-69.17,21.58
40.79,-69.15,21.7
40.79,-69.13,22.14
40.79,-69.11,22.35
40.79,-69.09,22.53
40.79,-69.07,22.72
40.79,-69.05,22.74
40.79,-69.03,22.63
40.79,-69.01,22.61
40.79,-68.99,22.51
40.79,-68.97,22.18
40.77,-72.47,21.42
40.77,-72.45,21.41
40.77,-72.43,21.33
40.77,-72.41,21.18
40.77,-72.39,21.03
40.77,-72.37,21.07
40.77,-72.35,21.28
40.77,-72.31,21.23
40.77,-72.29,21.23
40.77,-72.27,21.2
40.77,-72.25,21.25
40.77,-72.23,21.34
40.77,-72.21,21.32
40.77,-72.19,21.26
40.77,-72.17,21.27
40.77,-72.15,21.35
40.77,-72.13,21.39
40.77,-72.11,21.41
40.77,-72.09,21.44
40.77,-72.07,21.5
40.77,-72.05,21.71
40.77,-72.03,21.72
40.77,-72.01,21.66
40.77,-71.99,21.76
40.77,-71.97,21.81
40.77,-71.95,21.85
40.77,-71.93,21.95
40.77,-71.91,21.94
40.77,-71.89,21.89
40.77,-71.87,21.86
40.77,-71.85,21.83
40.77,-71.83,21.75
40.77,-71.81,21.96
40.77,-71.79,22.23
40.77,-71.77,22.62
40.77,-71.75,22.86
40.77,-71.73,23.05
40.77,-71.71,23.3
40.77,-71.69,23.41
40.77,-71.67,23.49
40.77,-71.65,23.54
40.77,-71.63,23.59
40.77,-71.61,23.59
40.77,-71.59,23.56
40.77,-71.57,23.51
40.77,-71.55,23.46
40.77,-71.53,23.44
40.77,-71.51,23.41
40.77,-71.49,23.39
40.77,-71.47,23.39
40.77,-71.45,23.38
40.77,-71.43,23.36
40.77,-71.41,23.29
40.77,-71.39,23.29
40.77,-71.37,23.43
40.77,-71.35,23.63
40.77,-71.33,23.75
40.77,-71.31,23.86
40.77,-71.29,23.95
40.77,-71.27,23.97
40.77,-71.25,23.91
40.77,-71.23,23.61
40.77,-71.21,23.27
40.77,-71.19,23.28
40.77,-71.17,23.31
40.77,-71.15,23.3
40.77,-71.13,23.3
40.77,-71.11,23.38
40.77,-71.09,23.43
40.77,-71.07,23.46
40.77,-71.05,23.45
40.77,-71.03,23.41
40.77,-71.01,23.41
40.77,-70.99,23.42
40.77,-70.97,23.45
40.77,-70.95,23.55
40.77,-70.93,23.61
40.77,-70.91,23.62
40.77,-70.89,23.54
40.77,-70.87,23.5
40.77,-70.85,23.44
40.77,-70.83,23.44
40.77,-70.81,23.42
40.77,-70.79,23.26
40.77,-70.77,23.18
40.77,-70.75,23.03
40.77,-70.73,22.85
40.77,-70.71,22.64
40.77,-70.69,22.52
40.77,-70.67,22.41
40.77,-70.65,22.33
40.77,-70.63,22.4
40.77,-70.61,22.37
40.77,-70.59,22.33
40.77,-70.57,22.34
40.77,-70.55,22.31
40.77,-70.53,22.34
40.77,-70.51,22.32
40.77,-70.49,22.16
40.77,-70.47,22.03
40.77,-70.45,22.18
40.77,-70.43,22.29
40.77,-70.41,22.4
40.77,-70.39,22.46
40.77,-70.37,22.47
40.77,-70.35,22.41
40.77,-70.33,22.27
40.77,-70.31,22.29
40.77,-70.29,22.37
40.77,-70.27,22.24
40.77,-70.25,21.1
40.77,-70.23,20.66
40.77,-70.21,20.33
40.77,-70.19,21.59
40.77,-70.17,20.76
40.77,-70.15,18.33
40.77,-70.13,18.1
40.77,-70.11,18.12
40.77,-70.09,18.47
40.77,-70.07,19.52
40.77,-70.05,19.96
40.77,-70.03,20.1
40.77,-70.01,19.78
40.77,-69.99,19.94
40.77,-69.97,18.91
40.77,-69.95,18.12
40.77,-69.93,17.69
40.77,-69.91,17.68
40.77,-69.89,18.94
40.77,-69.87,20.97
40.77,-69.85,22.54
40.77,-69.83,22.79
40.77,-69.81,22.88
40.77,-69.79,22.94
40.77,-69.77,22.37
40.77,-69.75,22.95
40.77,-69.73,23.18
40.77,-69.71,23.28
40.77,-69.69,23.3
40.77,-69.67,22.42
40.77,-69.65,21.88
40.77,-69.63,21.02
40.77,-69.61,18.26
40.77,-69.59,17.44
40.77,-69.57,17.02
40.77,-69.55,16.62
40.77,-69.53,16.61
40.77,-69.51,16.48
40.77,-69.49,16.3
40.77,-69.47,16.08
40.77,-69.45,16.06
40.77,-69.43,16.06
40.77,-69.41,16.08
40.77,-69.39,16.23
40.77,-69.37,16.28
40.77,-69.35,16.06
40.77,-69.33,16.02
40.77,-69.31,16.02
40.77,-69.29,16.8
40.77,-69.27,19.22
40.77,-69.25,19.96
40.77,-69.23,20.4
40.77,-69.21,20.99
40.77,-69.19,21.59
40.77,-69.17,21.95
40.77,-69.15,22.48
40.77,-69.13,22.58
40.77,-69.11,22.63
40.77,-69.09,22.65
40.77,-69.07,22.53
40.77,-69.05,22.5
40.77,-69.03,22.51
40.77,-69.01,22.55
40.77,-68.99,22.46
40.77,-68.97,22.19
40.75,-72.47,21.09
40.75,-72.45,21.12
40.75,-72.43,21.11
40.75,-72.41,21.07
40.75,-72.39,21.14
40.75,-72.33,21.27
40.75,-72.31,21.27
40.75,-72.29,21.2
40.75,-72.27,21.17
40.75,-72.25,21.2
40.75,-72.23,21.34
40.75,-72.21,21.29
40.75,-72.19,21.06
40.75,-72.17,21.27
40.75,-72.15,21.39
40.75,-72.13,21.41
40.75,-72.11,21.39
40.75,-72.09,21.45
40.75,-72.07,21.71
40.75,-72.05,21.8
40.75,-72.03,21.86
40.75,-72.01,22.0
40.75,-71.99,22.05
40.75,-71.97,22.16
40.75,-71.95,22.3
40.75,-71.93,22.32
40.75,-71.91,22.23
40.75,-71.89,22.18
40.75,-71.87,22.19
40.75,-71.85,22.14
40.75,-71.83,22.11
40.75,-71.81,22.18
40.75,-71.79,22.59
40.75,-71.77,22.82
40.75,-71.75,23.04
40.75,-71.73,23.28
40.75,-71.71,23.4
40.75,-71.69,23.57
40.75,-71.67,23.62
40.75,-71.65,23.63
40.75,-71.63,23.65
40.75,-71.61,23.64
40.75,-71.59,23.51
40.75,-71.57,23.42
40.75,-71.55,23.43
40.75,-71.53,23.42
40.75,-71.51,23.38
40.75,-71.49,23.38
40.75,-71.47,23.37
40.75,-71.45,23.37
40.75,-71.43,23.35
40.75,-71.41,23.32
40.75,-71.39,23.4
40.75,-71.37,23.64
40.75,-71.35,23.71
40.75,-71.33,23.81
40.75,-71.31,23.87
40.75,-71.29,23.95
40.75,-71.27,24.01
40.75,-71.25,23.89
40.75,-71.23,23.26
40.75,-71.21,23.19
40.75,-71.19,23.21
40.75,-71.17,23.26
40.75,-71.15,23.33
40.75,-71.13,23.42
40.75,-71.11,23.45
40.75,-71.09,23.5
40.75,-71.07,23.52
40.75,-71.05,23.55
40.75,-71.03,23.52
40.75,-71.01,23.49
40.75,-70.99,23.51
40.75,-70.97,23.67
40.75,-70.95,23.93
40.75,-70.93,24.15
40.75,-70.91,24.25
40.75,-70.89,24.09
40.75,-70.87,23.82
40.75,-70.85,23.71
40.75,-70.83,23.84
40.75,-70.81,23.59
40.75,-70.79,23.16
40.75,-70.77,22.98
40.75,-70.75,22.81
40.75,-70.73,22.37
40.75,-70.71,22.39
40.75,-70.69,22.42
40.75,-70.67,22.49
40.75,-70.65,23.02
40.75,-70.63,22.22
40.75,-70.61,22.3
40.75,-70.59,22.01
40.75,-70.57,21.98
40.75,-70.55,22.02
40.75,-70.53,22.03
40.75,-70.51,21.98
40.75,-70.49,21.9
40.75,-70.47,22.06
40.75,-70.45,22.08
40.75,-70.43,22.06
40.75,-70.41,22.11
40.75,-70.39,22.15
40.75,-70.37,22.14
40.75,-70.35,22.08
40.75,-70.33,22.06
40.75,-70.31,22.06
40.75,-70.29,22.06
40.75,-70.27,22.22
40.75,-70.25,22.24
40.75,-70.23,21.88
40.75,-70.21,21.95
40.75,-70.19,22.2
40.75,-70.17,22.46
40.75,-70.15,20.24
40.75,-70.13,18.84
40.75,-70.11,18.11
40.75,-70.09,18.26
40.75,-70.07,18.68
40.75,-70.05,20.72
40.75,-70.03,21.76
40.75,-70.01,22.31
40.75,-69.99,22.81
40.75,-69.97,22.8
40.75,-69.95,21.42
40.75,-69.93,19.2
40.75,-69.91,18.98
40.75,-69.89,19.67
40.75,-69.87,21.57
40.75,-69.85,22.14
40.75,-69.83,22.13
40.75,-69.81,21.38
40.75,-69.79,20.87
40.75,-69.77,20.99
40.75,-69.75,22.29
40.75,-69.73,23.37
40.75,-69.71,23.75
40.75,-69.69,23.37
40.75,-69.67,22.92
40.75,-69.65,22.44
40.75,-69.63,22.18
40.75,-69.61,21.06
40.75,-69.59,19.57
40.75,-69.57,18.78
40.75,-69.55,17.41
40.75,-69.53,16.81
40.75,-69.51,16.6
40.75,-69.49,16.42
40.75,-69.47,16.22
40.75,-69.45,15.95
40.75,-69.43,15.8
40.75,-69.41,15.77
40.75,-69.39,16.02
40.75,-69.37,15.99
40.75,-69.35,15.89
40.75,-69.33,15.67
40.75,-69.31,15.59
40.75,-69.29,16.79
40.75,-69.27,18.76
40.75,-69.25,19.93
40.75,-69.23,20.49
40.75,-69.21,21.03
40.75,-69.19,22.2
40.75,-69.17,22.38
40.75,-69.15,22.6
40.75,-69.13,22.86
40.75,-69.11,22.55
40.75,-69.09,22.28
40.75,-69.07,22.19
40.75,-69.05,22.34
40.75,-69.03,22.3
40.75,-69.01,22.26
40.75,-68.99,22.21
40.75,-68.97,22.14
40.73,-74.03,24.03
40.73,-72.39,21.34
40.73,-72.37,21.27
40.73,-72.35,21.38
40.73,-72.33,21.41
40.73,-72.31,21.33
40.73,-72.29,21.21
40.73,-72.27,21.27
40.73,-72.25,21.27
40.73,-72.23,21.32
40.73,-72.21,21.44
40.73,-72.19,21.41
40.73,-72.17,21.35
40.73,-72.15,21.41
40.73,-72.13,21.55
40.73,-72.11,21.67
40.73,-72.09,21.78
40.73,-72.07,21.64
40.73,-72.05,21.75
40.73,-72.03,21.92
40.73,-72.01,21.99
40.73,-71.99,22.17
40.73,-71.97,22.54
40.73,-71.95,22.49
40.73,-71.93,22.36
40.73,-71.91,22.32
40.73,-71.89,22.35
40.73,-71.87,22.35
40.73,-71.85,22.33
40.73,-71.83,22.36
40.73,-71.81,22.52
40.73,-71.79,22.71
40.73,-71.77,22.93
40.73,-71.75,23.18
40.73,-71.73,23.38
40.73,-71.71,23.52
40.73,-71.69,23.63
40.73,-71.67,23.67
40.73,-71.65,23.67
40.73,-71.63,23.72
40.73,-71.61,23.63
40.73,-71.59,23.48
40.73,-71.57,23.44
40.73,-71.55,23.44
40.73,-71.53,23.41
40.73,-71.51,23.4
40.73,-71.49,23.39
40.73,-71.47,23.39
40.73,-71.45,23.39
40.73,-71.43,23.42
40.73,-71.41,23.46
40.73,-71.39,23.57
40.73,-71.37,23.66
40.73,-71.35,23.74
40.73,-71.33,23.84
40.73,-71.31,23.86
40.73,-71.29,23.86
40.73,-71.27,23.87
40.73,-71.25,23.46
40.73,-71.23,23.21
40.73,-71.21,23.21
40.73,-71.19,23.21
40.73,-71.17,23.21
40.73,-71.15,23.33
40.73,-71.13,23.41
40.73,-71.11,23.48
40.73,-71.09,23.55
40.73,-71.07,23.64
40.73,-71.05,23.72
40.73,-71.03,23.8
40.73,-71.01,24.01
40.73,-70.99,24.1
40.73,-70.97,24.2
40.73,-70.95,24.25
40.73,-70.93,24.34
40.73,-70.91,24.41
40.73,-70.89,24.42
40.73,-70.87,24.39
40.73,-70.85,24.05
40.73,-70.83,24.01
40.73,-70.81,23.95
40.73,-70.79,23.19
40.73,-70.77,22.91
40.73,-70.75,22.82
40.73,-70.73,22.73
40.73,-70.71,23.23
40.73,-70.69,23.84
40.73,-70.67,23.77
40.73,-70.65,23.95
40.73,-70.63,24.16
40.73,-70.61,23.92
40.73,-70.59,22.78
40.73,-70.57,22.42
40.73,-70.55,22.37
40.73,-70.53,22.35
40.73,-70.51,22.04
40.73,-70.49,22.62
40.73,-70.47,22.53
40.73,-70.45,22.14
40.73,-70.43,22.01
40.73,-70.41,21.95
40.73,-70.39,22.04
40.73,-70.37,22.08
40.73,-70.35,22.07
40.73,-70.33,22.1
40.73,-70.31,22.11
40.73,-70.29,22.17
40.73,-70.27,22.17
40.73,-70.25,22.17
40.73,-70.23,22.14
40.73,-70.21,22.21
40.73,-70.19,22.56
40.73,-70.17,22.88
40.73,-70.15,23.26
40.73,-70.13,21.12
40.73,-70.11,21.01
40.73,-70.09,19.92
40.73,-70.05,18.81
40.73,-70.03,20.69
40.73,-70.01,21.79
40.73,-69.99,22.76
40.73,-69.97,23.19
40.73,-69.95,23.32
40.73,-69.93,23.41
40.73,-69.91,23.11
40.73,-69.89,21.3
40.73,-69.87,21.35
40.73,-69.85,21.4
40.73,-69.83,21.41
40.73,-69.81,21.27
40.73,-69.79,21.03
40.73,-69.77,21.05
40.73,-69.75,23.17
40.73,-69.73,23.6
40.73,-69.71,23.7
40.73,-69.69,23.56
40.73,-69.67,23.42
40.73,-69.65,23.22
40.73,-69.63,22.95
40.73,-69.61,22.66
40.73,-69.59,21.2
40.73,-69.57,20.2
40.73,-69.55,18.92
40.73,-69.53,16.64
40.73,-69.51,16.55
40.73,-69.49,16.52
40.73,-69.47,16.33
40.73,-69.45,16.22
40.73,-69.43,16.07
40.73,-69.41,15.81
40.73,-69.39,15.61
40.73,-69.37,15.51
40.73,-69.35,15.7
40.73,-69.33,15.69
40.73,-69.31,15.75
40.73,-69.29,17.59
40.73,-69.27,18.71
40.73,-69.25,19.91
40.73,-69.23,20.83
40.73,-69.21,21.72
40.73,-69.19,22.04
40.73,-69.17,22.27
40.73,-69.15,22.68
40.73,-69.13,22.82
40.73,-69.11,22.46
40.73,-69.09,22.2
40.73,-69.07,22.16
40.73,-69.05,22.22
40.73,-69.03,22.13
40.73,-69.01,22.1
40.73,-68.99,22.09
40.73,-68.97,22.02
40.71,-74.11,24.03
40.71,-74.03,24.03
40.71,-72.45,21.2
40.71,-72.43,21.22
40.71,-72.41,21.38
40.71,-72.39,21.53
40.71,-72.37,21.75
40.71,-72.35,21.76
40.71,-72.33,21.88
40.71,-72.29,21.82
40.71,-72.27,21.74
40.71,-72.25,21.63
40.71,-72.23,21.36
40.71,-72.21,21.46
40.71,-72.19,21.46
40.71,-72.17,21.44
40.71,-72.15,21.48
40.71,-72.13,21.6
40.71,-72.11,21.79
40.71,-72.09,21.75
40.71,-72.07,21.75
40.71,-72.05,21.92
40.71,-72.03,22.07
40.71,-72.01,22.22
40.71,-71.99,22.66
40.71,-71.97,22.7
40.71,-71.95,22.64
40.71,-71.93,22.44
40.71,-71.91,22.48
40.71,-71.89,22.55
40.71,-71.87,22.56
40.71,-71.85,22.55
40.71,-71.83,22.59
40.71,-71.81,22.67
40.71,-71.79,22.84
40.71,-71.77,23.05
40.71,-71.75,23.28
40.71,-71.73,23.46
40.71,-71.71,23.6
40.71,-71.69,23.7
40.71,-71.67,23.68
40.71,-71.65,23.69
40.71,-71.63,23.74
40.71,-71.61,23.67
40.71,-71.59,23.51
40.71,-71.57,23.47
40.71,-71.55,23.51
40.71,-71.53,23.54
40.71,-71.51,23.48
40.71,-71.49,23.42
40.71,-71.47,23.36
40.71,-71.45,23.33
40.71,-71.43,23.43
40.71,-71.41,23.59
40.71,-71.39,23.67
40.71,-71.37,23.75
40.71,-71.35,23.81
40.71,-71.33,23.84
40.71,-71.31,23.81
40.71,-71.29,23.86
40.71,-71.27,23.89
40.71,-71.25,23.26
40.71,-71.23,23.3
40.71,-71.21,23.2
40.71,-71.19,23.21
40.71,-71.17,23.36
40.71,-71.15,23.4
40.71,-71.13,23.39
40.71,-71.11,23.38
40.71,-71.09,23.54
40.71,-71.07,23.66
40.71,-71.05,23.87
40.71,-71.03,24.07
40.71,-71.01,24.23
40.71,-70.99,24.24
40.71,-70.97,24.26
40.71,-70.95,24.29
40.71,-70.93,24.3
40.71,-70.91,24.31
40.71,-70.89,24.34
40.71,-70.87,24.31
40.71,-70.85,24.3
40.71,-70.83,24.12
40.71,-70.81,23.98
40.71,-70.79,23.28
40.71,-70.77,23.06
40.71,-70.75,23.06
40.71,-70.73,23.17
40.71,-70.71,23.37
40.71,-70.69,23.78
40.71,-70.67,23.88
40.71,-70.65,23.8
40.71,-70.63,23.73
40.71,-70.61,23.54
40.71,-70.59,23.53
40.71,-70.57,23.89
40.71,-70.55,23.85
40.71,-70.53,24.01
40.71,-70.51,23.96
40.71,-70.49,24.08
40.71,-70.47,24.13
40.71,-70.45,24.3
40.71,-70.43,24.12
40.71,-70.41,22.31
40.71,-70.39,22.18
40.71,-70.37,22.19
40.71,-70.35,22.17
40.71,-70.33,22.19
40.71,-70.31,22.29
40.71,-70.29,22.35
40.71,-70.27,22.45
40.71,-70.25,22.45
40.71,-70.23,22.61
40.71,-70.21,22.66
40.71,-70.19,22.9
40.71,-70.17,23.26
40.71,-70.15,23.37
40.71,-70.13,23.33
40.71,-70.11,23.21
40.71,-70.09,22.36
40.71,-70.07,22.32
40.71,-70.05,21.85
40.71,-70.03,19.5
40.71,-70.01,20.29
40.71,-69.99,20.34
40.71,-69.97,23.32
40.71,-69.95,23.55
40.71,-69.93,23.73
40.71,-69.91,23.83
40.71,-69.89,23.78
40.71,-69.87,23.0
40.71,-69.85,22.67
40.71,-69.83,22.42
40.71,-69.81,22.5
40.71,-69.79,22.51
40.71,-69.77,22.91
40.71,-69.75,23.48
40.71,-69.73,23.64
40.71,-69.71,23.63
40.71,-69.69,23.63
40.71,-69.67,23.62
40.71,-69.65,23.65
40.71,-69.63,23.48
40.71,-69.61,22.93
40.71,-69.59,22.47
40.71,-69.57,20.38
40.71,-69.55,18.84
40.71,-69.53,17.33
40.71,-69.51,16.93
40.71,-69.49,16.89
40.71,-69.47,16.81
40.71,-69.45,16.64
40.71,-69.43,16.15
40.71,-69.41,15.98
40.71,-69.39,15.73
40.71,-69.35,15.69
40.71,-69.33,15.78
40.71,-69.31,17.69
40.71,-69.29,18.14
40.71,-69.27,18.84
40.71,-69.25,19.91
40.71,-69.23,20.95
40.71,-69.21,21.56
40.71,-69.19,21.97
40.71,-69.17,22.26
40.71,-69.15,22.64
40.71,-69.13,22.79
40.71,-69.11,22.09
40.71,-69.09,22.0
40.71,-69.07,22.04
40.71,-69.05,22.08
40.71,-69.03,22.09
40.71,-69.01,22.06
40.71,-68.99,22.02
40.71,-68.97,21.93
40.69,-74.11,24.03
40.69,-72.43,21.43
40.69,-72.41,21.7
40.69,-72.39,21.74
40.69,-72.37,21.75
40.69,-72.35,21.84
40.69,-72.33,21.95
40.69,-72.31,21.97
40.69,-72.29,21.93
40.69,-72.27,21.9
40.69,-72.25,21.77
40.69,-72.23,21.52
40.69,-72.21,21.57
40.69,-72.19,21.61
40.69,-72.17,21.59
40.69,-72.15,21.62
40.69,-72.13,21.74
40.69,-72.11,21.9
40.69,-72.09,21.87
40.69,-72.07,21.96
40.69,-72.05,22.1
40.69,-72.03,22.24
40.69,-72.01,22.53
40.69,-71.99,22.74
40.69,-71.97,22.86
40.69,-71.95,22.99
40.69,-71.93,22.98
40.69,-71.91,22.59
40.69,-71.89,22.7
40.69,-71.87,22.88
40.69,-71.85,22.87
40.69,-71.83,22.83
40.69,-71.81,22.92
40.69,-71.79,23.08
40.69,-71.77,23.29
40.69,-71.75,23.39
40.69,-71.73,23.5
40.69,-71.71,23.7
40.69,-71.69,23.72
40.69,-71.67,23.73
40.69,-71.65,23.73
40.69,-71.63,23.76
40.69,-71.61,23.76
40.69,-71.59,23.78
40.69,-71.57,23.73
40.69,-71.55,23.66
40.69,-71.53,23.67
40.69,-71.51,23.66
40.69,-71.49,23.6
40.69,-71.47,23.52
40.69,-71.45,23.45
40.69,-71.43,23.5
40.69,-71.41,23.6
40.69,-71.39,23.74
40.69,-71.37,23.81
40.69,-71.35,23.82
40.69,-71.33,23.83
40.69,-71.31,23.84
40.69,-71.29,23.94
40.69,-71.27,23.62
40.69,-71.25,23.28
40.69,-71.23,23.27
40.69,-71.21,23.14
40.69,-71.19,23.36
40.69,-71.17,23.42
40.69,-71.15,23.44
40.69,-71.13,23.32
40.69,-71.11,23.38
40.69,-71.09,23.53
40.69,-71.07,23.68
40.69,-71.05,24.04
40.69,-71.03,24.16
40.69,-71.01,24.24
40.69,-70.99,24.26
40.69,-70.97,24.26
40.69,-70.95,24.27
40.69,-70.93,24.27
40.69,-70.91,24.24
40.69,-70.89,24.16
40.69,-70.87,24.11
40.69,-70.85,24.06
40.69,-70.83,24.07
40.69,-70.81,24.09
40.69,-70.79,24.08
40.69,-70.77,24.02
40.69,-70.75,23.22
40.69,-70.73,23.26
40.69,-70.71,23.3
40.69,-70.69,23.34
40.69,-70.67,23.4
40.69,-70.65,23.78
40.69,-70.63,23.5
40.69,-70.61,23.41
40.69,-70.59,23.48
40.69,-70.57,23.63
40.69,-70.55,24.01
40.69,-70.53,24.09
40.69,-70.51,24.11
40.69,-70.49,24.42
40.69,-70.47,24.57
40.69,-70.45,24.84
40.69,-70.43,24.9
40.69,-70.41,24.79
40.69,-70.39,24.39
40.69,-70.37,22.95
40.69,-70.35,22.55
40.69,-70.33,22.54
40.69,-70.31,22.87
40.69,-70.29,22.94
40.69,-70.27,22.91
40.69,-70.25,23.3
40.69,-70.23,23.57
40.69,-70.21,23.69
40.69,-70.19,23.73
40.69,-70.17,23.75
40.69,-70.15,23.78
40.69,-70.13,23.8
40.69,-70.11,23.9
40.69,-70.09,23.86
40.69,-70.07,23.28
40.69,-70.05,22.8
40.69,-70.03,23.5
40.69,-70.01,23.48
40.69,-69.99,23.68
40.69,-69.97,23.41
40.69,-69.95,23.45
40.69,-69.93,23.7
40.69,-69.91,23.96
40.69,-69.89,24.04
40.69,-69.87,23.95
40.69,-69.85,23.7
40.69,-69.83,23.1
40.69,-69.81,23.14
40.69,-69.79,23.41
40.69,-69.77,23.62
40.69,-69.75,23.74
40.69,-69.73,23.79
40.69,-69.71,23.71
40.69,-69.69,23.71
40.69,-69.67,23.77
40.69,-69.65,23.74
40.69,-69.63,23.57
40.69,-69.61,23.19
40.69,-69.59,22.1
40.69,-69.57,20.43
40.69,-69.55,18.53
40.69,-69.53,18.01
40.69,-69.51,17.62
40.69,-69.49,17.31
40.69,-69.47,17.2
40.69,-69.45,16.96
40.69,-69.43,16.48
40.69,-69.41,16.06
40.69,-69.39,15.91
40.69,-69.33,17.59
40.69,-69.31,18.14
40.69,-69.29,18.59
40.69,-69.27,19.51
40.69,-69.25,20.35
40.69,-69.23,21.37
40.69,-69.21,21.4
40.69,-69.19,21.61
40.69,-69.17,22.45
40.69,-69.15,22.66
40.69,-69.13,22.28
40.69,-69.11,22.0
40.69,-69.09,21.96
40.69,-69.07,22.04
40.69,-69.05,22.07
40.69,-69.03,22.08
40.69,-69.01,22.0
40.69,-68.99,21.9
40.69,-68.97,21.8
40.67,-72.39,21.8
40.67,-72.37,21.83
40.67,-72.35,21.86
40.67,-72.33,22.0
40.67,-72.31,22.06
40.67,-72.29,22.02
40.67,-72.27,21.98
40.67,-72.25,21.81
40.67,-72.23,21.61
40.67,-72.21,21.68
40.67,-72.19,21.82
40.67,-72.17,21.68
40.67,-72.15,21.7
40.67,-72.13,21.87
40.67,-72.11,22.03
40.67,-72.09,22.08
40.67,-72.07,22.15
40.67,-72.05,22.27
40.67,-72.03,22.38
40.67,-72.01,22.55
40.67,-71.99,22.77
40.67,-71.97,23.0
40.67,-71.95,23.16
40.67,-71.93,23.19
40.67,-71.91,23.09
40.67,-71.89,22.87
40.67,-71.87,22.96
40.67,-71.85,23.07
40.67,-71.83,23.13
40.67,-71.81,23.17
40.67,-71.79,23.27
40.67,-71.77,23.35
40.67,-71.75,23.44
40.67,-71.73,23.65
40.67,-71.71,23.73
40.67,-71.69,23.76
40.67,-71.67,23.77
40.67,-71.65,23.78
40.67,-71.63,23.78
40.67,-71.61,23.78
40.67,-71.59,23.81
40.67,-71.57,23.82
40.67,-71.55,23.8
40.67,-71.53,23.8
40.67,-71.51,23.82
40.67,-71.49,23.83
40.67,-71.47,23.73
40.67,-71.45,23.7
40.67,-71.43,23.69
40.67,-71.41,23.75
40.67,-71.39,23.79
40.67,-71.37,23.79
40.67,-71.35,23.78
40.67,-71.33,23.82
40.67,-71.31,23.87
40.67,-71.29,24.05
40.67,-71.27,24.02
40.67,-71.25,23.35
40.67,-71.23,23.32
40.67,-71.21,23.31
40.67,-71.19,23.4
40.67,-71.17,23.5
40.67,-71.15,23.5
40.67,-71.13,23.4
40.67,-71.11,23.5
40.67,-71.09,23.66
40.67,-71.07,23.89
40.67,-71.05,24.2
40.67,-71.03,24.27
40.67,-71.01,24.24
40.67,-70.99,24.22
40.67,-70.97,24.22
40.67,-70.95,24.2
40.67,-70.93,24.19
40.67,-70.91,24.18
40.67,-70.89,24.14
40.67,-70.87,24.11
40.67,-70.85,24.08
40.67,-70.83,24.07
40.67,-70.81,24.17
40.67,-70.79,24.19
40.67,-70.77,24.23
40.67,-70.75,24.48
40.67,-70.73,24.54
40.67,-70.71,23.91
40.67,-70.69,23.52
40.67,-70.67,23.41
40.67,-70.65,23.41
40.67,-70.63,23.4
40.67,-70.61,23.4
40.67,-70.59,23.56
40.67,-70.57,23.61
40.67,-70.55,24.04
40.67,-70.53,24.29
40.67,-70.51,24.75
40.67,-70.49,24.93
40.67,-70.47,24.93
40.67,-70.45,24.91
40.67,-70.43,24.88
40.67,-70.41,24.85
40.67,-70.39,24.87
40.67,-70.37,24.88
40.67,-70.35,24.47
40.67,-70.33,23.75
40.67,-70.31,23.67
40.67,-70.29,24.16
40.67,-70.27,24.08
40.67,-70.25,23.91
40.67,-70.23,23.83
40.67,-70.21,23.97
40.67,-70.19,23.92
40.67,-70.17,23.9
40.67,-70.15,23.92
40.67,-70.13,23.99
40.67,-70.11,24.1
40.67,-70.09,24.21
40.67,-70.07,24.3
40.67,-70.05,24.3
40.67,-70.03,24.33
40.67,-70.01,24.09
40.67,-69.99,24.09
40.67,-69.97,23.73
40.67,-69.95,23.51
40.67,-69.93,23.53
40.67,-69.91,23.83
40.67,-69.89,24.15
40.67,-69.87,24.28
40.67,-69.85,24.23
40.67,-69.83,23.94
40.67,-69.81,23.79
40.67,-69.79,23.76
40.67,-69.77,23.75
40.67,-69.75,23.83
40.67,-69.73,23.86
40.67,-69.71,23.94
40.67,-69.69,24.0
40.67,-69.67,23.99
40.67,-69.65,23.79
40.67,-69.63,23.54
40.67,-69.61,22.19
40.67,-69.59,20.91
40.67,-69.57,19.9
40.67,-69.55,18.96
40.67,-69.53,18.64
40.67,-69.51,18.33
40.67,-69.49,17.76
40.67,-69.47,17.43
40.67,-69.45,17.31
40.67,-69.43,16.99
40.67,-69.41,16.19
40.67,-69.35,16.71
40.67,-69.33,17.04
40.67,-69.31,18.52
40.67,-69.29,19.51
40.67,-69.27,19.96
40.67,-69.25,20.79
40.67,-69.23,21.13
40.67,-69.21,21.19
40.67,-69.19,21.53
40.67,-69.17,22.36
40.67,-69.15,22.55
40.67,-69.13,22.17
40.67,-69.11,22.07
40.67,-69.09,22.02
40.67,-69.07,22.02
40.67,-69.05,22.04
40.67,-69.03,22.06
40.67,-69.01,21.92
40.67,-68.99,21.83
40.67,-68.97,21.77
40.65,-72.31,22.13
40.65,-72.29,22.18
40.65,-72.27,22.26
40.65,-72.25,22.34
40.65,-72.23,22.07
40.65,-72.21,21.76
40.65,-72.19,21.92
40.65,-72.17,21.94
40.65,-72.15,21.79
40.65,-72.13,21.88
40.65,-72.11,22.17
40.65,-72.09,22.32
40.65,-72.07,22.52
40.65,-72.05,22.54
40.65,-72.03,22.6
40.65,-72.01,22.69
40.65,-71.99,22.86
40.65,-71.97,23.11
40.65,-71.95,23.23
40.65,-71.93,23.29
40.65,-71.91,23.26
40.65,-71.89,23.14
40.65,-71.87,23.15
40.65,-71.85,23.27
40.65,-71.83,23.28
40.65,-71.81,23.28
40.65,-71.79,23.33
40.65,-71.77,23.39
40.65,-71.75,23.63
40.65,-71.73,23.67
40.65,-71.71,23.69
40.65,-71.69,23.75
40.65,-71.67,23.79
40.65,-71.65,23.82
40.65,-71.63,23.81
40.65,-71.61,23.82
40.65,-71.59,23.79
40.65,-71.57,23.8
40.65,-71.55,23.82
40.65,-71.53,23.8
40.65,-71.51,23.76
40.65,-71.49,23.72
40.65,-71.47,23.71
40.65,-71.45,23.72
40.65,-71.43,23.73
40.65,-71.41,23.75
40.65,-71.39,23.79
40.65,-71.37,23.77
40.65,-71.35,23.75
40.65,-71.33,23.8
40.65,-71.31,23.91
40.65,-71.29,24.07
40.65,-71.27,24.12
40.65,-71.25,23.31
40.65,-71.23,23.29
40.65,-71.21,23.27
40.65,-71.19,23.44
40.65,-71.17,23.5
40.65,-71.15,23.48
40.65,-71.13,23.59
40.65,-71.11,23.64
40.65,-71.09,24.06
40.65,-71.07,24.27
40.65,-71.05,24.33
40.65,-71.03,24.28
40.65,-71.01,24.17
40.65,-70.99,24.14
40.65,-70.97,24.16
40.65,-70.95,24.16
40.65,-70.93,24.17
40.65,-70.91,24.15
40.65,-70.89,24.14
40.65,-70.87,24.13
40.65,-70.85,24.15
40.65,-70.83,24.18
40.65,-70.81,24.25
40.65,-70.79,24.31
40.65,-70.77,24.52
40.65,-70.75,24.59
40.65,-70.73,24.64
40.65,-70.71,24.55
40.65,-70.69,24.26
40.65,-70.67,24.05
40.65,-70.65,23.71
40.65,-70.63,23.52
40.65,-70.61,23.68
40.65,-70.59,23.99
40.65,-70.57,24.34
40.65,-70.55,24.32
40.65,-70.53,24.71
40.65,-70.51,24.86
40.65,-70.49,24.89
40.65,-70.47,24.84
40.65,-70.45,24.82
40.65,-70.43,24.75
40.65,-70.41,24.75
40.65,-70.39,24.85
40.65,-70.37,24.92
40.65,-70.35,25.01
40.65,-70.33,24.92
40.65,-70.31,24.81
40.65,-70.29,24.77
40.65,-70.27,24.62
40.65,-70.25,24.42
40.65,-70.23,24.19
40.65,-70.21,24.03
40.65,-70.19,23.92
40.65,-70.17,23.74
40.65,-70.15,23.78
40.65,-70.13,23.96
40.65,-70.11,24.08
40.65,-70.09,24.2
40.65,-70.07,24.28
40.65,-70.05,24.35
40.65,-70.03,24.46
40.65,-70.01,24.48
40.65,-69.99,24.36
40.65,-69.97,24.02
40.65,-69.95,23.68
40.65,-69.93,23.7
40.65,-69.91,23.87
40.65,-69.89,24.13
40.65,-69.87,24.34
40.65,-69.85,24.3
40.65,-69.83,24.1
40.65,-69.81,23.92
40.65,-69.79,23.94
40.65,-69.77,23.94
40.65,-69.75,23.85
40.65,-69.73,23.88
40.65,-69.71,24.09
40.65,-69.69,24.08
40.65,-69.67,23.99
40.65,-69.65,23.6
40.65,-69.63,22.92
40.65,-69.61,22.08
40.65,-69.59,20.9
40.65,-69.57,19.95
40.65,-69.55,19.12
40.65,-69.53,18.74
40.65,-69.51,18.36
40.65,-69.49,17.93
40.65,-69.47,17.63
40.65,-69.45,17.7
40.65,-69.43,17.37
40.65,-69.41,16.53
40.65,-69.39,16.46
40.65,-69.37,16.56
40.65,-69.35,16.67
40.65,-69.33,17.15
40.65,-69.31,18.88
40.65,-69.29,19.89
40.65,-69.27,20.29
40.65,-69.25,20.89
40.65,-69.23,21.02
40.65,-69.21,21.19
40.65,-69.19,21.87
40.65,-69.17,22.43
40.65,-69.15,22.3
40.65,-69.13,22.15
40.65,-69.11,22.12
40.65,-69.09,22.07
40.65,-69.07,22.05
40.65,-69.05,21.96
40.65,-69.03,21.88
40.65,-69.01,21.7
40.65,-68.99,21.61
40.65,-68.97,21.56
40.63,-73.81,24.44
40.63,-72.25,22.44
40.63,-72.23,22.34
40.63,-72.21,21.94
40.63,-72.19,22.14
40.63,-72.17,22.2
40.63,-72.15,22.06
40.63,-72.13,22.02
40.63,-72.11,22.16
40.63,-72.09,22.48
40.63,-72.07,22.53
40.63,-72.05,22.64
40.63,-72.03,22.7
40.63,-72.01,22.79
40.63,-71.99,22.91
40.63,-71.97,23.17
40.63,-71.95,23.29
40.63,-71.93,23.37
40.63,-71.91,23.37
40.63,-71.89,23.33
40.63,-71.87,23.27
40.63,-71.85,23.36
40.63,-71.83,23.42
40.63,-71.81,23.45
40.63,-71.79,23.46
40.63,-71.77,23.58
40.63,-71.75,23.68
40.63,-71.73,23.65
40.63,-71.71,23.63
40.63,-71.69,23.71
40.63,-71.67,23.79
40.63,-71.65,23.84
40.63,-71.63,23.87
40.63,-71.61,23.87
40.63,-71.59,23.86
40.63,-71.57,23.84
40.63,-71.55,23.83
40.63,-71.53,23.82
40.63,-71.51,23.75
40.63,-71.49,23.73
40.63,-71.47,23.68
40.63,-71.45,23.63
40.63,-71.43,23.61
40.63,-71.41,23.62
40.63,-71.39,23.62
40.63,-71.37,23.62
40.63,-71.35,23.66
40.63,-71.33,23.73
40.63,-71.31,23.9
40.63,-71.29,24.1
40.63,-71.27,24.09
40.63,-71.25,23.35
40.63,-71.23,23.31
40.63,-71.21,23.31
40.63,-71.19,23.38
40.63,-71.17,23.4
40.63,-71.15,23.53
40.63,-71.13,23.74
40.63,-71.11,24.13
40.63,-71.09,24.24
40.63,-71.07,24.36
40.63,-71.05,24.39
40.63,-71.03,24.31
40.63,-71.01,24.26
40.63,-70.99,24.19
40.63,-70.97,24.16
40.63,-70.95,24.19
40.63,-70.93,24.22
40.63,-70.91,24.27
40.63,-70.89,24.19
40.63,-70.87,24.18
40.63,-70.85,24.2
40.63,-70.83,24.24
40.63,-70.81,24.32
40.63,-70.79,24.6
40.63,-70.77,24.62
40.63,-70.75,24.64
40.63,-70.73,24.56
40.63,-70.71,24.38
40.63,-70.69,24.35
40.63,-70.67,24.45
40.63,-70.65,24.4
40.63,-70.63,24.34
40.63,-70.61,24.27
40.63,-70.59,24.79
40.63,-70.57,24.89
40.63,-70.55,24.9
40.63,-70.53,24.89
40.63,-70.51,24.86
40.63,-70.49,24.72
40.63,-70.47,24.6
40.63,-70.45,24.63
40.63,-70.43,24.58
40.63,-70.41,24.57
40.63,-70.39,24.61
40.63,-70.37,24.7
40.63,-70.35,24.68
40.63,-70.33,24.65
40.63,-70.31,24.63
40.63,-70.29,24.67
40.63,-70.27,24.29
40.63,-70.25,24.14
40.63,-70.23,23.59
40.63,-70.21,23.05
40.63,-70.19,22.81
40.63,-70.17,23.15
40.63,-70.15,22.51
40.63,-70.13,23.41
40.63,-70.11,23.56
40.63,-70.09,23.88
40.63,-70.07,24.16
40.63,-70.05,24.16
40.63,-70.03,24.21
40.63,-70.01,24.12
40.63,-69.99,24.02
40.63,-69.97,23.88
40.63,-69.95,23.7
40.63,-69.93,23.71
40.63,-69.91,23.81
40.63,-69.89,24.17
40.63,-69.87,24.21
40.63,-69.85,24.1
40.63,-69.83,23.97
40.63,-69.81,23.8
40.63,-69.79,23.16
40.63,-69.77,23.13
40.63,-69.75,23.79
40.63,-69.73,24.0
40.63,-69.71,24.05
40.63,-69.69,23.92
40.63,-69.67,23.75
40.63,-69.65,23.33
40.63,-69.63,22.65
40.63,-69.61,21.83
40.63,-69.59,19.96
40.63,-69.57,18.82
40.63,-69.55,18.66
40.63,-69.53,18.43
40.63,-69.51,17.92
40.63,-69.49,17.79
40.63,-69.47,18.17
40.63,-69.45,18.03
40.63,-69.43,17.6
40.63,-69.41,16.94
40.63,-69.39,16.81
40.63,-69.37,16.77
40.63,-69.35,17.23
40.63,-69.33,18.17
40.63,-69.31,19.43
40.63,-69.29,20.4
40.63,-69.27,20.66
40.63,-69.25,20.88
40.63,-69.23,21.0
40.63,-69.21,21.24
40.63,-69.19,22.0
40.63,-69.17,22.44
40.63,-69.15,22.23
40.63,-69.13,22.19
40.63,-69.11,22.16
40.63,-69.09,22.13
40.63,-69.07,22.06
40.63,-69.05,21.91
40.63,-69.03,21.64
40.63,-69.01,21.59
40.63,-68.99,21.58
40.63,-68.97,21.44
40.61,-74.05,23.86
40.61,-73.89,22.65
40.61,-73.87,22.94
40.61,-73.83,22.99
40.61,-73.81,23.12
40.61,-72.25,22.44
40.61,-72.23,22.32
40.61,-72.21,22.15
40.61,-72.19,22.16
40.61,-72.17,22.36
40.61,-72.15,22.21
40.61,-72.13,22.01
40.61,-72.11,22.09
40.61,-72.07,22.52
40.61,-72.05,22.58
40.61,-72.03,22.7
40.61,-72.01,22.88
40.61,-71.99,23.02
40.61,-71.97,23.13
40.61,-71.95,23.33
40.61,-71.93,23.4
40.61,-71.91,23.41
40.61,-71.89,23.38
40.61,-71.87,23.38
40.61,-71.85,23.41
40.61,-71.83,23.51
40.61,-71.81,23.57
40.61,-71.79,23.59
40.61,-71.77,23.62
40.61,-71.75,23.67
40.61,-71.73,23.64
40.61,-71.71,23.59
40.61,-71.69,23.65
40.61,-71.67,23.78
40.61,-71.65,23.86
40.61,-71.63,23.92
40.61,-71.61,23.95
40.61,-71.59,23.97
40.61,-71.57,23.98
40.61,-71.55,23.97
40.61,-71.53,23.92
40.61,-71.51,23.93
40.61,-71.49,23.99
40.61,-71.47,23.95
40.61,-71.45,23.71
40.61,-71.43,23.66
40.61,-71.41,23.41
40.61,-71.39,23.33
40.61,-71.37,23.3
40.61,-71.35,23.54
40.61,-71.33,23.66
40.61,-71.31,23.8
40.61,-71.29,24.14
40.61,-71.27,23.86
40.61,-71.25,23.41
40.61,-71.23,23.34
40.61,-71.21,23.34
40.61,-71.19,23.33
40.61,-71.17,23.44
40.61,-71.15,23.69
40.61,-71.13,23.97
40.61,-71.11,24.21
40.61,-71.09,24.24
40.61,-71.07,24.27
40.61,-71.05,24.37
40.61,-71.03,24.35
40.61,-71.01,24.24
40.61,-70.99,24.19
40.61,-70.97,24.2
40.61,-70.95,24.23
40.61,-70.93,24.33
40.61,-70.91,24.45
40.61,-70.89,24.47
40.61,-70.87,24.48
40.61,-70.85,24.53
40.61,-70.83,24.61
40.61,-70.81,24.61
40.61,-70.79,24.63
40.61,-70.77,24.66
40.61,-70.75,24.66
40.61,-70.73,24.59
40.61,-70.71,24.51
40.61,-70.69,24.58
40.61,-70.67,24.63
40.61,-70.65,24.74
40.61,-70.63,24.85
40.61,-70.61,24.91
40.61,-70.59,24.97
40.61,-70.57,25.03
40.61,-70.55,24.99
40.61,-70.53,24.88
40.61,-70.51,24.71
40.61,-70.49,24.51
40.61,-70.47,24.44
40.61,-70.45,24.4
40.61,-70.43,24.36
40.61,-70.41,24.37
40.61,-70.39,24.42
40.61,-70.37,24.5
40.61,-70.35,24.48
40.61,-70.33,24.4
40.61,-70.31,24.32
40.61,-70.29,24.21
40.61,-70.27,23.54
40.61,-70.25,22.38
40.61,-70.23,22.03
40.61,-70.21,21.52
40.61,-70.19,21.44
40.61,-70.17,21.41
40.61,-70.15,21.62
40.61,-70.13,22.06
40.61,-70.11,22.24
40.61,-70.09,22.33
40.61,-70.07,22.87
40.61,-70.05,23.24
40.61,-70.03,23.56
40.61,-70.01,23.71
40.61,-69.99,23.59
40.61,-69.97,23.58
40.61,-69.95,23.6
40.61,-69.93,23.66
40.61,-69.91,23.95
40.61,-69.89,24.02
40.61,-69.87,23.94
40.61,-69.85,23.85
40.61,-69.83,21.28
40.61,-69.81,21.3
40.61,-69.79,22.25
40.61,-69.77,23.08
40.61,-69.75,23.58
40.61,-69.73,23.76
40.61,-69.71,23.72
40.61,-69.69,23.49
40.61,-69.67,23.32
40.61,-69.65,23.12
40.61,-69.63,21.79
40.61,-69.61,19.21
40.61,-69.59,19.24
40.61,-69.57,19.17
40.61,-69.55,19.19
40.61,-69.53,19.15
40.61,-69.51,18.54
40.61,-69.49,18.08
40.61,-69.47,17.85
40.61,-69.45,17.82
40.61,-69.43,17.63
40.61,-69.41,17.35
40.61,-69.39,17.2
40.61,-69.37,17.45
40.61,-69.35,18.57
40.61,-69.33,19.1
40.61,-69.31,20.18
40.61,-69.29,20.59
40.61,-69.27,20.69
40.61,-69.25,20.8
40.61,-69.23,21.01
40.61,-69.21,21.34
40.61,-69.19,22.01
40.61,-69.17,22.48
40.61,-69.15,22.55
40.61,-69.13,22.17
40.61,-69.11,22.14
40.61,-69.09,22.1
40.61,-69.07,22.03
40.61,-69.05,21.81
40.61,-69.03,21.55
40.61,-69.01,21.57
40.61,-68.99,21.57
40.61,-68.97,21.44
40.59,-74.05,23.18
40.59,-74.03,23.19
40.59,-74.01,23.35
40.59,-73.87,22.67
40.59,-73.85,22.7
40.59,-73.77,23.04
40.59,-73.75,22.9
40.59,-72.25,22.38
40.59,-72.23,22.3
40.59,-72.21,22.17
40.59,-72.19,22.16
40.59,-72.17,22.36
40.59,-72.15,22.34
40.59,-72.13,22.37
40.59,-72.11,22.4
40.59,-72.09,22.53
40.59,-72.07,22.65
40.59,-72.05,22.66
40.59,-72.03,22.86
40.59,-72.01,23.12
40.59,-71.99,23.12
40.59,-71.95,23.38
40.59,-71.93,23.39
40.59,-71.91,23.41
40.59,-71.89,23.43
40.59,-71.87,23.45
40.59,-71.85,23.5
40.59,-71.83,23.57
40.59,-71.81,23.61
40.59,-71.79,23.63
40.59,-71.77,23.64
40.59,-71.75,23.68
40.59,-71.73,23.64
40.59,-71.71,23.57
40.59,-71.69,23.57
40.59,-71.67,23.63
40.59,-71.65,23.78
40.59,-71.63,23.87
40.59,-71.61,24.0
40.59,-71.59,24.0
40.59,-71.57,24.02
40.59,-71.55,24.05
40.59,-71.53,24.07
40.59,-71.51,24.17
40.59,-71.49,24.19
40.59,-71.47,24.2
40.59,-71.45,24.19
40.59,-71.43,24.14
40.59,-71.41,23.88
40.59,-71.39,23.42
40.59,-71.37,23.3
40.59,-71.35,23.42
40.59,-71.33,23.63
40.59,-71.31,23.88
40.59,-71.29,24.16
40.59,-71.27,24.18
40.59,-71.25,23.66
40.59,-71.23,23.61
40.59,-71.21,23.59
40.59,-71.19,23.61
40.59,-71.17,23.69
40.59,-71.15,23.81
40.59,-71.13,24.21
40.59,-71.11,24.21
40.59,-71.09,24.16
40.59,-71.07,24.13
40.59,-71.05,24.13
40.59,-71.03,24.27
40.59,-71.01,24.28
40.59,-70.99,24.21
40.59,-70.97,24.18
40.59,-70.95,24.21
40.59,-70.93,24.28
40.59,-70.91,24.51
40.59,-70.89,24.59
40.59,-70.87,24.65
40.59,-70.85,24.63
40.59,-70.83,24.61
40.59,-70.81,24.61
40.59,-70.79,24.62
40.59,-70.77,24.66
40.59,-70.75,24.69
40.59,-70.73,24.65
40.59,-70.71,24.62
40.59,-70.69,24.68
40.59,-70.67,24.74
40.59,-70.65,24.78
40.59,-70.63,24.8
40.59,-70.61,24.84
40.59,-70.59,24.9
40.59,-70.57,24.95
40.59,-70.55,24.87
40.59,-70.53,24.73
40.59,-70.51,24.49
40.59,-70.49,24.3
40.59,-70.47,24.17
40.59,-70.45,23.97
40.59,-70.43,24.13
40.59,-70.41,24.22
40.59,-70.39,24.34
40.59,-70.37,24.34
40.59,-70.35,24.22
40.59,-70.33,24.16
40.59,-70.31,24.19
40.59,-70.29,22.1
40.59,-70.27,22.21
40.59,-70.25,22.22
40.59,-70.23,21.49
40.59,-70.21,21.29
40.59,-70.19,21.06
40.59,-70.17,20.91
40.59,-70.15,21.01
40.59,-70.13,21.33
40.59,-70.11,21.84
40.59,-70.09,22.03
40.59,-70.07,22.38
40.59,-70.05,22.74
40.59,-70.03,22.87
40.59,-70.01,23.05
40.59,-69.99,23.23
40.59,-69.97,23.36
40.59,-69.95,23.56
40.59,-69.93,23.79
40.59,-69.91,23.91
40.59,-69.89,23.91
40.59,-69.87,23.88
40.59,-69.85,21.14
40.59,-69.83,20.62
40.59,-69.81,20.59
40.59,-69.79,21.09
40.59,-69.77,23.06
40.59,-69.75,23.27
40.59,-69.73,23.31
40.59,-69.71,23.19
40.59,-69.69,23.06
40.59,-69.67,23.02
40.59,-69.65,22.85
40.59,-69.63,19.65
40.59,-69.61,19.51
40.59,-69.59,19.91
40.59,-69.57,19.98
40.59,-69.55,19.94
40.59,-69.53,19.85
40.59,-69.51,19.43
40.59,-69.49,18.21
40.59,-69.47,17.59
40.59,-69.45,17.34
40.59,-69.43,17.37
40.59,-69.41,17.39
40.59,-69.39,17.45
40.59,-69.37,18.61
40.59,-69.35,19.12
40.59,-69.33,19.78
40.59,-69.31,20.82
40.59,-69.29,20.75
40.59,-69.27,20.69
40.59,-69.25,20.83
40.59,-69.23,21.02
40.59,-69.21,21.51
40.59,-69.19,22.13
40.59,-69.17,22.48
40.59,-69.15,22.56
40.59,-69.13,22.1
40.59,-69.11,22.09
40.59,-69.09,22.07
40.59,-69.07,21.92
40.59,-69.05,21.71
40.59,-69.03,21.53
40.59,-69.01,21.53
40.59,-68.99,21.52
40.59,-68.97,21.49
40.57,-74.05,23.1
40.57,-74.03,23.04
40.57,-74.01,23.03
40.57,-73.99,22.68
40.57,-73.97,22.65
40.57,-73.95,22.66
40.57,-73.93,22.71
40.57,-73.91,22.74
40.57,-73.85,22.66
40.57,-73.83,22.65
40.57,-73.81,22.76
40.57,-73.79,22.73
40.57,-73.77,22.72
40.57,-73.75,22.53
40.57,-73.73,22.51
40.57,-72.23,22.41
40.57,-72.21,22.21
40.57,-72.19,22.21
40.57,-72.17,22.19
40.57,-72.15,22.45
40.57,-72.13,22.55
40.57,-72.11,22.67
40.57,-72.09,22.72
40.57,-72.07,22.86
40.57,-72.05,22.89
40.57,-72.03,23.08
40.57,-72.01,23.15
40.57,-71.99,23.17
40.57,-71.97,23.15
40.57,-71.95,23.19
40.57,-71.93,23.3
40.57,-71.91,23.34
40.57,-71.89,23.43
40.57,-71.87,23.51
40.57,-71.85,23.55
40.57,-71.83,23.62
40.57,-71.81,23.66
40.57,-71.79,23.68
40.57,-71.77,23.67
40.57,-71.75,23.67
40.57,-71.73,23.62
40.57,-71.71,23.57
40.57,-71.69,23.36
40.57,-71.67,23.38
40.57,-71.65,23.54
40.57,-71.63,23.62
40.57,-71.61,23.67
40.57,-71.59,23.71
40.57,-71.57,23.73
40.57,-71.55,23.84
40.57,-71.53,23.98
40.57,-71.51,24.08
40.57,-71.49,24.16
40.57,-71.47,24.19
40.57,-71.45,24.18
40.57,-71.43,24.18
40.57,-71.41,24.12
40.57,-71.39,24.03
40.57,-71.37,23.4
40.57,-71.35,23.45
40.57,-71.33,23.64
40.57,-71.31,23.89
40.57,-71.29,24.03
40.57,-71.27,24.22
40.57,-71.25,24.23
40.57,-71.23,24.1
40.57,-71.21,24.01
40.57,-71.19,23.99
40.57,-71.17,24.22
40.57,-71.15,24.17
40.57,-71.13,24.2
40.57,-71.11,24.23
40.57,-71.09,24.18
40.57,-71.07,24.11
40.57,-71.05,24.07
40.57,-71.03,24.11
40.57,-71.01,24.26
40.57,-70.99,24.24
40.57,-70.97,24.17
40.57,-70.95,24.18
40.57,-70.93,24.2
40.57,-70.85,24.35
40.57,-70.83,24.44
40.57,-70.81,24.51
40.57,-70.79,24.54
40.57,-70.77,24.59
40.57,-70.75,24.76
40.57,-70.73,24.84
40.57,-70.71,24.83
40.57,-70.69,24.74
40.57,-70.67,24.68
40.57,-70.65,24.72
40.57,-70.63,24.73
40.57,-70.61,24.7
40.57,-70.59,24.73
40.57,-70.57,24.73
40.57,-70.55,24.52
40.57,-70.53,24.33
40.57,-70.51,23.69
40.57,-70.49,23.78
40.57,-70.47,23.88
40.57,-70.45,24.01
40.57,-70.43,24.18
40.57,-70.41,24.31
40.57,-70.39,24.32
40.57,-70.37,24.21
40.57,-70.35,23.68
40.57,-70.33,22.12
40.57,-70.31,21.91
40.57,-70.29,22.05
40.57,-70.27,22.18
40.57,-70.25,22.3
40.57,-70.23,22.28
40.57,-70.21,22.05
40.57,-70.19,21.66
40.57,-70.17,20.88
40.57,-70.15,20.91
40.57,-70.13,21.28
40.57,-70.11,21.38
40.57,-70.09,21.82
40.57,-70.07,22.43
40.57,-70.05,22.94
40.57,-70.03,22.98
40.57,-70.01,23.03
40.57,-69.99,23.38
40.57,-69.97,23.48
40.57,-69.95,23.75
40.57,-69.93,23.83
40.57,-69.91,23.91
40.57,-69.89,22.61
40.57,-69.87,20.61
40.57,-69.85,20.74
40.57,-69.83,21.06
40.57,-69.81,20.94
40.57,-69.79,20.52
40.57,-69.77,20.45
40.57,-69.75,20.65
40.57,-69.73,21.47
40.57,-69.71,22.59
40.57,-69.69,22.36
40.57,-69.67,21.66
40.57,-69.65,20.5
40.57,-69.63,20.34
40.57,-69.61,20.34
40.57,-69.59,20.4
40.57,-69.57,20.43
40.57,-69.55,20.42
40.57,-69.53,20.3
40.57,-69.51,20.19
40.57,-69.49,18.79
40.57,-69.47,17.79
40.57,-69.45,17.56
40.57,-69.43,17.81
40.57,-69.41,18.49
40.57,-69.39,18.93
40.57,-69.37,19.28
40.57,-69.35,19.97
40.57,-69.33,21.2
40.57,-69.31,21.43
40.57,-69.29,21.29
40.57,-69.27,20.98
40.57,-69.25,21.07
40.57,-69.23,21.32
40.57,-69.21,21.56
40.57,-69.19,21.98
40.57,-69.17,22.42
40.57,-69.15,22.52
40.57,-69.13,22.16
40.57,-69.11,22.04
40.57,-69.09,21.87
40.57,-69.07,21.83
40.57,-69.05,21.66
40.57,-69.03,21.54
40.57,-69.01,21.54
40.57,-68.99,21.46
40.57,-68.97,21.41
40.55,-74.03,22.93
40.55,-74.01,22.93
40.55,-73.99,22.78
40.55,-73.97,22.62
40.55,-73.95,22.59
40.55,-73.91,22.77
40.55,-73.89,22.78
40.55,-73.87,22.71
40.55,-73.85,22.63
40.55,-73.83,22.6
40.55,-73.81,22.53
40.55,-73.79,22.57
40.55,-73.77,22.61
40.55,-73.75,22.5
40.55,-73.73,22.49
40.55,-73.61,22.42
40.55,-73.59,22.43
40.55,-72.23,22.42
40.55,-72.21,22.27
40.55,-72.19,22.26
40.55,-72.11,22.68
40.55,-72.09,22.8
40.55,-72.07,22.87
40.55,-72.05,23.07
40.55,-72.03,23.19
40.55,-72.01,23.2
40.55,-71.99,23.19
40.55,-71.97,23.25
40.55,-71.95,23.24
40.55,-71.93,23.33
40.55,-71.91,23.38
40.55,-71.89,23.44
40.55,-71.87,23.5
40.55,-71.85,23.55
40.55,-71.83,23.6
40.55,-71.81,23.67
40.55,-71.79,23.68
40.55,-71.77,23.66
40.55,-71.75,23.65
40.55,-71.73,23.62
40.55,-71.71,23.56
40.55,-71.69,23.44
40.55,-71.67,23.43
40.55,-71.65,23.45
40.55,-71.63,23.47
40.55,-71.61,23.49
40.55,-71.59,23.54
40.55,-71.57,23.58
40.55,-71.55,23.64
40.55,-71.53,23.75
40.55,-71.51,23.84
40.55,-71.49,23.98
40.55,-71.47,24.06
40.55,-71.45,24.14
40.55,-71.43,24.14
40.55,-71.41,24.16
40.55,-71.39,24.2
40.55,-71.37,23.75
40.55,-71.35,23.51
40.55,-71.33,23.62
40.55,-71.31,23.76
40.55,-71.29,23.89
40.55,-71.27,24.09
40.55,-71.25,24.15
40.55,-71.23,24.18
40.55,-71.21,24.2
40.55,-71.19,24.23
40.55,-71.17,24.26
40.55,-71.15,24.24
40.55,-71.13,24.22
40.55,-71.11,24.19
40.55,-71.09,24.14
40.55,-71.07,24.05
40.55,-71.05,24.0
40.55,-71.03,24.05
40.55,-71.01,24.26
40.55,-70.99,24.31
40.55,-70.97,24.25
40.55,-70.95,24.13
40.55,-70.93,24.11
40.55,-70.91,24.17
40.55,-70.89,24.19
40.55,-70.87,24.22
40.55,-70.85,24.25
40.55,-70.83,24.29
40.55,-70.81,24.39
40.55,-70.79,24.43
40.55,-70.77,24.58
40.55,-70.75,24.9
40.55,-70.73,25.0
40.55,-70.71,24.93
40.55,-70.69,24.84
40.55,-70.67,24.72
40.55,-70.65,24.66
40.55,-70.63,24.56
40.55,-70.61,24.54
40.55,-70.59,24.51
40.55,-70.57,24.27
40.55,-70.55,24.07
40.55,-70.53,23.53
40.55,-70.51,23.63
40.55,-70.49,23.84
40.55,-70.47,24.0
40.55,-70.45,24.13
40.55,-70.43,24.18
40.55,-70.41,24.16
40.55,-70.39,24.0
40.55,-70.37,23.28
40.55,-70.35,22.36
40.55,-70.33,22.5
40.55,-70.31,23.18
40.55,-70.29,23.17
40.55,-70.27,23.19
40.55,-70.25,22.94
40.55,-70.23,22.7
40.55,-70.21,22.48
40.55,-70.19,22.24
40.55,-70.17,20.86
40.55,-70.15,20.9
40.55,-70.13,21.21
40.55,-70.11,21.31
40.55,-70.09,22.08
40.55,-70.07,22.62
40.55,-70.05,22.95
40.55,-70.03,23.05
40.55,-70.01,23.07
40.55,-69.99,23.34
40.55,-69.97,23.55
40.55,-69.95,23.72
40.55,-69.93,23.71
40.55,-69.91,21.18
40.55,-69.89,20.96
40.55,-69.87,21.14
40.55,-69.85,21.56
40.55,-69.83,21.61
40.55,-69.81,21.45
40.55,-69.79,21.22
40.55,-69.77,21.0
40.55,-69.75,20.71
40.55,-69.73,20.62
40.55,-69.71,20.6
40.55,-69.69,20.66
40.55,-69.67,20.76
40.55,-69.65,20.66
40.55,-69.63,20.81
40.55,-69.61,20.96
40.55,-69.59,20.85
40.55,-69.57,20.8
40.55,-69.55,20.76
40.55,-69.53,20.68
40.55,-69.51,20.51
40.55,-69.49,19.33
40.55,-69.47,18.65
40.55,-69.45,17.94
40.55,-69.43,18.4
40.55,-69.41,18.82
40.55,-69.39,20.75
40.55,-69.37,20.9
40.55,-69.35,21.6
40.55,-69.33,21.8
40.55,-69.31,21.79
40.55,-69.29,21.71
40.55,-69.27,21.59
40.55,-69.25,21.47
40.55,-69.23,21.59
40.55,-69.21,22.0
40.55,-69.19,22.1
40.55,-69.17,22.55
40.55,-69.15,22.56
40.55,-69.13,22.07
40.55,-69.11,21.87
40.55,-69.09,21.8
40.55,-69.07,21.83
40.55,-69.05,21.71
40.55,-69.03,21.52
40.55,-69.01,21.5
40.55,-68.99,21.48
40.55,-68.97,21.27
40.53,-74.03,23.01
40.53,-74.01,23.03
40.53,-73.99,22.87
40.53,-73.97,22.92
40.53,-73.91,22.77
40.53,-73.89,22.79
40.53,-73.87,22.91
40.53,-73.85,22.85
40.53,-73.83,22.67
40.53,-73.81,22.62
40.53,-73.79,22.62
40.53,-73.77,22.62
40.53,-73.75,22.59
40.53,-73.61,22.41
40.53,-73.59,22.4
40.53,-72.23,22.57
40.53,-72.21,22.39
40.53,-72.19,22.33
40.53,-72.07,22.95
40.53,-72.05,23.16
40.53,-72.03,23.27
40.53,-72.01,23.32
40.53,-71.99,23.37
40.53,-71.97,23.39
40.53,-71.95,23.48
40.53,-71.93,23.47
40.53,-71.91,23.46
40.53,-71.89,23.48
40.53,-71.87,23.49
40.53,-71.85,23.48
40.53,-71.83,23.52
40.53,-71.81,23.54
40.53,-71.79,23.59
40.53,-71.77,23.59
40.53,-71.75,23.56
40.53,-71.73,23.53
40.53,-71.71,23.5
40.53,-71.69,23.47
40.53,-71.67,23.48
40.53,-71.65,23.48
40.53,-71.63,23.44
40.53,-71.61,23.44
40.53,-71.59,23.44
40.53,-71.57,23.47
40.53,-71.55,23.57
40.53,-71.53,23.59
40.53,-71.51,23.63
40.53,-71.49,23.77
40.53,-71.47,23.86
40.53,-71.45,23.98
40.53,-71.43,24.04
40.53,-71.41,24.08
40.53,-71.39,24.14
40.53,-71.37,24.14
40.53,-71.35,23.5
40.53,-71.33,23.48
40.53,-71.31,23.59
40.53,-71.29,23.77
40.53,-71.27,23.91
40.53,-71.25,24.08
40.53,-71.23,24.14
40.53,-71.21,24.18
40.53,-71.19,24.19
40.53,-71.17,24.19
40.53,-71.15,24.23
40.53,-71.13,24.23
40.53,-71.11,24.15
40.53,-71.09,24.07
40.53,-71.07,23.93
40.53,-71.05,23.92
40.53,-71.03,23.99
40.53,-71.01,24.24
40.53,-70.99,24.33
40.53,-70.97,24.33
40.53,-70.95,24.2
40.53,-70.93,24.13
40.53,-70.91,24.11
40.53,-70.89,24.06
40.53,-70.87,24.16
40.53,-70.85,24.19
40.53,-70.83,24.23
40.53,-70.81,24.3
40.53,-70.79,24.35
40.53,-70.77,24.68
40.53,-70.75,24.91
40.53,-70.73,25.03
40.53,-70.71,24.92
40.53,-70.69,24.8
40.53,-70.67,24.7
40.53,-70.65,24.41
40.53,-70.63,24.32
40.53,-70.61,24.23
40.53,-70.59,24.19
40.53,-70.57,23.42
40.53,-70.55,23.41
40.53,-70.53,23.63
40.53,-70.51,23.72
40.53,-70.49,23.85
40.53,-70.47,23.98
40.53,-70.45,24.13
40.53,-70.43,22.87
40.53,-70.41,22.96
40.53,-70.39,23.16
40.53,-70.37,23.3
40.53,-70.35,23.36
40.53,-70.33,23.48
40.53,-70.31,23.67
40.53,-70.29,23.89
40.53,-70.27,23.97
40.53,-70.25,23.89
40.53,-70.23,23.4
40.53,-70.21,23.03
40.53,-70.19,22.58
40.53,-70.17,20.62
40.53,-70.15,20.59
40.53,-70.13,20.86
40.53,-70.11,21.42
40.53,-70.09,22.16
40.53,-70.07,22.34
40.53,-70.05,22.89
40.53,-70.03,23.21
40.53,-70.01,23.18
40.53,-69.99,22.99
40.53,-69.97,23.31
40.53,-69.95,23.1
40.53,-69.93,21.84
40.53,-69.91,21.27
40.53,-69.89,21.66
40.53,-69.87,21.84
40.53,-69.85,21.9
40.53,-69.83,21.87
40.53,-69.81,21.78
40.53,-69.79,21.62
40.53,-69.77,21.34
40.53,-69.75,21.12
40.53,-69.73,20.98
40.53,-69.71,20.95
40.53,-69.69,21.22
40.53,-69.67,21.28
40.53,-69.65,21.33
40.53,-69.63,21.47
40.53,-69.61,21.5
40.53,-69.59,21.49
40.53,-69.57,21.55
40.53,-69.55,21.4
40.53,-69.53,21.11
40.53,-69.51,20.87
40.53,-69.49,19.34
40.53,-69.47,18.78
40.53,-69.39,20.84
40.53,-69.37,21.44
40.53,-69.35,21.96
40.53,-69.33,22.1
40.53,-69.31,22.13
40.53,-69.29,22.04
40.53,-69.27,21.87
40.53,-69.25,22.04
40.53,-69.23,22.35
40.53,-69.21,22.59
40.53,-69.19,22.57
40.53,-69.17,22.62
40.53,-69.15,22.48
40.53,-69.13,21.88
40.53,-69.11,21.83
40.53,-69.09,21.81
40.53,-69.07,21.87
40.53,-69.05,21.75
40.53,-69.03,21.53
40.53,-69.01,21.51
40.53,-68.99,21.42
40.53,-68.97,21.16
40.51,-74.21,24.17
40.51,-74.11,23.76
40.51,-74.01,22.94
40.51,-73.99,22.86
40.51,-73.97,22.95
40.51,-73.95,22.99
40.51,-73.93,22.61
40.51,-73.87,22.81
40.51,-73.85,22.84
40.51,-73.83,22.76
40.51,-73.81,22.75
40.51,-73.79,22.76
40.51,-73.77,22.67
40.51,-73.75,22.59
40.51,-72.21,22.4
40.51,-72.03,23.28
40.51,-72.01,23.4
40.51,-71.99,23.56
40.51,-71.97,23.52
40.51,-71.95,23.56
40.51,-71.93,23.54
40.51,-71.91,23.53
40.51,-71.89,23.52
40.51,-71.87,23.53
40.51,-71.85,23.52
40.51,-71.83,23.48
40.51,-71.81,23.42
40.51,-71.79,23.41
40.51,-71.77,23.42
40.51,-71.75,23.45
40.51,-71.73,23.46
40.51,-71.71,23.44
40.51,-71.69,23.43
40.51,-71.67,23.43
40.51,-71.65,23.42
40.51,-71.63,23.43
40.51,-71.61,23.44
40.51,-71.59,23.43
40.51,-71.57,23.47
40.51,-71.55,23.54
40.51,-71.53,23.55
40.51,-71.51,23.57
40.51,-71.49,23.58
40.51,-71.47,23.62
40.51,-71.45,23.76
40.51,-71.43,23.92
40.51,-71.41,24.07
40.51,-71.39,24.23
40.51,-71.37,24.25
40.51,-71.35,23.93
40.51,-71.27,23.8
40.51,-71.25,23.89
40.51,-71.23,24.04
40.51,-71.21,24.12
40.51,-71.19,24.11
40.51,-71.17,24.08
40.51,-71.15,24.05
40.51,-71.13,24.02
40.51,-71.11,23.95
40.51,-71.09,23.88
40.51,-71.07,23.87
40.51,-71.05,23.89
40.51,-71.03,23.97
40.51,-71.01,24.18
40.51,-70.99,24.31
40.51,-70.97,24.37
40.51,-70.95,24.37
40.51,-70.93,24.38
40.51,-70.91,24.27
40.51,-70.89,24.21
40.51,-70.87,24.25
40.51,-70.85,24.22
40.51,-70.81,24.29
40.51,-70.79,24.65
40.51,-70.77,24.73
40.51,-70.75,24.91
40.51,-70.73,24.9
40.51,-70.71,24.8
40.51,-70.69,24.68
40.51,-70.67,24.41
40.51,-70.65,24.19
40.51,-70.63,24.13
40.51,-70.55,23.5
40.51,-70.53,23.55
40.51,-70.51,23.3
40.51,-70.49,23.64
40.51,-70.47,23.6
40.51,-70.45,23.13
40.51,-70.43,22.89
40.51,-70.41,23.34
40.51,-70.39,23.37
40.51,-70.37,23.3
40.51,-70.35,23.41
40.51,-70.33,23.72
40.51,-70.31,24.22
40.51,-70.29,24.37
40.51,-70.27,24.54
40.51,-70.25,24.52
40.51,-70.23,24.18
40.51,-70.21,23.58
40.51,-70.19,22.54
40.51,-70.17,21.17
40.51,-70.15,20.74
40.51,-70.13,20.85
40.51,-70.11,21.38
40.51,-70.09,21.99
40.51,-70.07,22.07
40.51,-70.05,22.06
40.51,-70.03,22.39
40.51,-70.01,22.06
40.51,-69.99,21.89
40.51,-69.97,21.83
40.51,-69.95,22.02
40.51,-69.93,22.08
40.51,-69.91,22.14
40.51,-69.89,22.13
40.51,-69.87,22.17
40.51,-69.85,22.07
40.51,-69.83,22.15
40.51,-69.81,22.16
40.51,-69.79,21.98
40.51,-69.77,21.51
40.51,-69.75,21.47
40.51,-69.73,21.25
40.51,-69.71,21.61
40.51,-69.69,21.82
40.51,-69.67,21.87
40.51,-69.65,21.86
40.51,-69.63,21.8
40.51,-69.61,21.78
40.51,-69.59,21.7
40.51,-69.57,21.7
40.51,-69.37,21.48
40.51,-69.35,22.04
40.51,-69.33,22.36
40.51,-69.31,22.48
40.51,-69.29,22.62
40.51,-69.27,22.62
40.51,-69.25,22.63
40.51,-69.23,23.0
40.51,-69.21,22.94
40.51,-69.19,22.79
40.51,-69.17,22.48
40.51,-69.15,22.35
40.51,-69.13,21.87
40.51,-69.11,21.71
40.51,-69.09,21.81
40.51,-69.07,21.92
40.51,-69.05,21.74
40.51,-69.03,21.52
40.51,-69.01,21.49
40.51,-68.99,21.27
40.51,-68.97,20.98
40.49,-74.11,23.75
40.49,-74.01,23.26
40.49,-73.99,23.22
40.49,-73.97,23.19
40.49,-73.95,22.99
40.49,-73.93,22.68
40.49,-73.91,22.71
40.49,-73.89,22.75
40.49,-73.87,22.83
40.49,-73.85,22.84
40.49,-73.83,22.82
40.49,-73.81,22.84
40.49,-73.79,22.87
40.49,-73.77,22.83
40.49,-73.59,22.66
40.49,-71.99,23.52
40.49,-71.97,23.54
40.49,-71.95,23.55
40.49,-71.93,23.55
40.49,-71.91,23.54
40.49,-71.89,23.51
40.49,-71.87,23.49
40.49,-71.85,23.52
40.49,-71.83,23.47
40.49,-71.81,23.45
40.49,-71.79,23.42
40.49,-71.77,23.37
40.49,-71.75,23.39
40.49,-71.73,23.38
40.49,-71.71,23.39
40.49,-71.69,23.4
40.49,-71.67,23.41
40.49,-71.65,23.43
40.49,-71.63,23.44
40.49,-71.61,23.44
40.49,-71.59,23.43
40.49,-71.57,23.49
40.49,-71.55,23.53
40.49,-71.53,23.55
40.49,-71.51,23.57
40.49,-71.49,23.56
40.49,-71.45,23.68
40.49,-71.43,23.75
40.49,-71.41,23.85
40.49,-71.39,24.24
40.49,-71.37,24.34
40.49,-71.35,24.28
40.49,-71.33,24.0
40.49,-71.25,23.83
40.49,-71.23,23.9
40.49,-71.21,23.95
40.49,-71.19,24.02
40.49,-71.17,24.05
40.49,-71.15,24.04
40.49,-71.13,23.83
40.49,-71.11,23.77
40.49,-71.09,23.68
40.49,-71.07,23.7
40.49,-71.05,23.82
40.49,-71.03,23.92
40.49,-71.01,24.04
40.49,-70.99,24.25
40.49,-70.97,24.33
40.49,-70.95,24.37
40.49,-70.93,24.41
40.49,-70.91,24.43
40.49,-70.89,24.39
40.49,-70.87,24.3
40.49,-70.85,24.25
40.49,-70.83,24.35
40.49,-70.81,24.62
40.49,-70.79,24.72
40.49,-70.77,24.79
40.49,-70.75,24.83
40.49,-70.73,24.77
40.49,-70.71,24.65
40.49,-70.69,24.46
40.49,-70.67,24.22
40.49,-70.57,23.17
40.49,-70.55,23.18
40.49,-70.53,23.19
40.49,-70.51,23.35
40.49,-70.49,23.64
40.49,-70.47,23.73
40.49,-70.45,23.73
40.49,-70.43,23.75
40.49,-70.41,23.74
40.49,-70.39,23.47
40.49,-70.37,23.44
40.49,-70.35,23.75
40.49,-70.33,24.1
40.49,-70.31,24.66
40.49,-70.29,24.76
40.49,-70.27,24.9
40.49,-70.25,24.77
40.49,-70.23,24.54
40.49,-70.21,24.27
40.49,-70.19,23.79
40.49,-70.17,22.62
40.49,-70.15,21.32
40.49,-70.13,21.41
40.49,-70.11,21.72
40.49,-70.09,22.02
40.49,-70.07,22.09
40.49,-70.05,22.1
40.49,-70.03,22.19
40.49,-70.01,21.9
40.49,-69.99,22.04
40.49,-69.97,22.2
40.49,-69.95,22.34
40.49,-69.93,22.31
40.49,-69.91,22.28
40.49,-69.89,22.32
40.49,-69.87,22.4
40.49,-69.85,22.2
40.49,-69.83,22.31
40.49,-69.81,22.3
40.49,-69.79,22.18
40.49,-69.77,22.22
40.49,-69.75,22.16
40.49,-69.73,22.12
40.49,-69.71,22.09
40.49,-69.69,22.1
40.49,-69.67,22.15
40.49,-69.65,22.14
40.49,-69.63,21.99
40.49,-69.35,22.07
40.49,-69.33,22.44
40.49,-69.31,22.69
40.49,-69.29,22.79
40.49,-69.27,23.1
40.49,-69.25,23.19
40.49,-69.23,23.2
40.49,-69.21,22.99
40.49,-69.19,22.59
40.49,-69.17,22.34
40.49,-69.15,22.37
40.49,-69.13,22.04
40.49,-69.11,21.6
40.49,-69.09,21.66
40.49,-69.07,21.78
40.49,-69.05,21.61
40.49,-69.03,21.5
40.49,-69.01,21.38
40.49,-68.99,21.22
40.49,-68.97,20.93
40.47,-73.99,23.14
40.47,-73.97,23.12
40.47,-73.95,22.91
40.47,-73.93,22.84
40.47,-73.91,22.76
40.47,-73.89,22.79
40.47,-73.87,22.85
40.47,-73.85,22.85
40.47,-73.83,22.82
40.47,-73.81,22.9
40.47,-73.79,22.92
40.47,-73.77,22.86
40.47,-73.59,22.61
40.47,-73.57,22.62
40.47,-72.19,22.48
40.47,-72.13,22.89
40.47,-72.11,22.86
40.47,-71.99,23.5
40.47,-71.97,23.46
40.47,-71.95,23.5
40.47,-71.93,23.49
40.47,-71.91,23.5
40.47,-71.89,23.5
40.47,-71.87,23.51
40.47,-71.85,23.5
40.47,-71.83,23.45
40.47,-71.81,23.42
40.47,-71.79,23.39
40.47,-71.77,23.36
40.47,-71.75,23.34
40.47,-71.73,23.36
40.47,-71.71,23.37
40.47,-71.69,23.38
40.47,-71.67,23.4
40.47,-71.65,23.44
40.47,-71.63,23.46
40.47,-71.61,23.49
40.47,-71.59,23.51
40.47,-71.57,23.54
40.47,-71.55,23.59
40.47,-71.53,23.6
40.47,-71.51,23.6
40.47,-71.49,23.59
40.47,-71.47,23.6
40.47,-71.41,24.08
40.47,-71.39,24.25
40.47,-71.37,24.34
40.47,-71.35,24.29
40.47,-71.33,23.97
40.47,-71.21,23.87
40.47,-71.19,23.9
40.47,-71.17,23.93
40.47,-71.15,23.92
40.47,-71.13,23.84
40.47,-71.05,23.73
40.47,-71.03,23.85
40.47,-71.01,24.0
40.47,-70.99,24.09
40.47,-70.97,24.28
40.47,-70.95,24.35
40.47,-70.93,24.4
40.47,-70.91,24.46
40.47,-70.89,24.53
40.47,-70.87,24.44
40.47,-70.85,24.52
40.47,-70.83,24.63
40.47,-70.81,24.71
40.47,-70.79,24.77
40.47,-70.77,24.83
40.47,-70.75,24.84
40.47,-70.73,24.73
40.47,-70.71,24.57
40.47,-70.69,24.39
40.47,-70.53,23.22
40.47,-70.51,23.36
40.47,-70.49,23.54
40.47,-70.47,23.7
40.47,-70.45,23.82
40.47,-70.43,23.68
40.47,-70.41,23.65
40.47,-70.39,23.81
40.47,-70.37,23.85
40.47,-70.35,23.94
40.47,-70.33,25.3
40.47,-70.31,25.23
40.47,-70.29,25.11
40.47,-70.27,25.09
40.47,-70.25,24.98
40.47,-70.23,24.88
40.47,-70.21,24.64
40.47,-70.19,24.49
40.47,-70.17,24.09
40.47,-70.15,23.2
40.47,-70.13,21.79
40.47,-70.11,22.03
40.47,-70.09,22.19
40.47,-70.07,22.24
40.47,-70.05,22.29
40.47,-70.03,22.31
40.47,-70.01,22.31
40.47,-69.99,22.46
40.47,-69.97,22.53
40.47,-69.95,22.51
40.47,-69.93,22.4
40.47,-69.91,22.39
40.47,-69.89,22.39
40.47,-69.87,22.39
40.47,-69.85,22.38
40.47,-69.83,22.34
40.47,-69.81,22.19
40.47,-69.79,22.21
40.47,-69.77,22.27
40.47,-69.75,22.29
40.47,-69.73,22.25
40.47,-69.71,22.24
40.47,-69.69,22.21
40.47,-69.35,22.26
40.47,-69.33,22.63
40.47,-69.31,22.82
40.47,-69.29,23.09
40.47,-69.27,23.39
40.47,-69.25,23.42
40.47,-69.23,23.05
40.47,-69.21,22.53
40.47,-69.19,22.3
40.47,-69.17,22.29
40.47,-69.15,22.28
40.47,-69.13,21.74
40.47,-69.11,21.56
40.47,-69.09,21.63
40.47,-69.07,21.67
40.47,-69.05,21.49
40.47,-69.03,21.36
40.47,-69.01,21.22
40.47,-68.99,21.1
40.47,-68.97,20.88
40.45,-74.03,23.59
40.45,-74.01,23.64
40.45,-73.97,22.89
40.45,-73.95,22.86
40.45,-73.93,22.83
40.45,-73.91,22.77
40.45,-73.89,22.96
40.45,-73.87,23.0
40.45,-73.85,22.91
40.45,-73.83,22.94
40.45,-73.81,23.0
40.45,-73.79,22.88
40.45,-73.77,22.84
40.45,-73.59,22.56
40.45,-73.57,22.65
40.45,-73.55,22.7
40.45,-72.19,22.7
40.45,-72.17,22.76
40.45,-72.13,23.01
40.45,-72.11,23.04
40.45,-72.09,23.03
40.45,-71.99,23.54
40.45,-71.97,23.49
40.45,-71.95,23.38
40.45,-71.93,23.37
40.45,-71.91,23.42
40.45,-71.89,23.48
40.45,-71.87,23.54
40.45,-71.85,23.54
40.45,-71.83,23.51
40.45,-71.81,23.45
40.45,-71.79,23.41
40.45,-71.77,23.41
40.45,-71.75,23.35
40.45,-71.73,23.31
40.45,-71.71,23.33
40.45,-71.69,23.38
40.45,-71.67,23.41
40.45,-71.65,23.48
40.45,-71.63,23.56
40.45,-71.61,23.59
40.45,-71.59,23.6
40.45,-71.57,23.62
40.45,-71.55,23.63
40.45,-71.53,23.65
40.45,-71.51,23.62
40.45,-71.49,23.64
40.45,-71.47,23.63
40.45,-71.45,23.63
40.45,-71.41,24.06
40.45,-71.39,24.26
40.45,-71.37,24.38
40.45,-71.35,24.37
40.45,-71.33,24.19
40.45,-71.31,23.95
40.45,-71.03,23.66
40.45,-71.01,23.73
40.45,-70.99,24.06
40.45,-70.97,24.21
40.45,-70.95,24.29
40.45,-70.93,24.35
40.45,-70.91,24.46
40.45,-70.89,24.52
40.45,-70.87,24.58
40.45,-70.85,24.61
40.45,-70.83,24.67
40.45,-70.81,24.75
40.45,-70.79,24.82
40.45,-70.77,24.96
40.45,-70.75,24.93
40.45,-70.73,24.71
40.45,-70.71,24.55
40.45,-70.59,23.28
40.45,-70.57,23.32
40.45,-70.53,23.48
40.45,-70.51,23.48
40.45,-70.49,24.68
40.45,-70.47,24.26
40.45,-70.45,24.2
40.45,-70.43,24.19
40.45,-70.41,24.78
40.45,-70.39,25.37
40.45,-70.37,25.36
40.45,-70.35,25.38
40.45,-70.33,25.35
40.45,-70.31,25.27
40.45,-70.29,25.22
40.45,-70.27,25.19
40.45,-70.25,25.13
40.45,-70.23,24.97
40.45,-70.21,24.93
40.45,-70.19,24.85
40.45,-70.17,24.72
40.45,-70.15,24.33
40.45,-70.13,24.05
40.45,-70.05,22.47
40.45,-70.03,22.55
40.45,-70.01,22.72
40.45,-69.99,22.67
40.45,-69.97,22.67
40.45,-69.95,22.56
40.45,-69.93,22.43
40.45,-69.91,22.37
40.45,-69.89,22.32
40.45,-69.87,22.43
40.45,-69.85,22.43
40.45,-69.83,22.4
40.45,-69.81,22.37
40.45,-69.79,22.28
40.45,-69.37,22.18
40.45,-69.35,22.45
40.45,-69.33,22.67
40.45,-69.31,22.9
40.45,-69.29,23.3
40.45,-69.27,23.46
40.45,-69.25,23.34
40.45,-69.23,22.83
40.45,-69.21,22.33
40.45,-69.19,22.28
40.45,-69.17,22.28
40.45,-69.15,22.1
40.45,-69.13,21.64
40.45,-69.11,21.59
40.45,-69.09,21.58
40.45,-69.07,21.63
40.45,-69.05,21.46
40.45,-69.03,21.26
40.45,-69.01,21.17
40.45,-68.99,21.07
40.45,-68.97,20.91
40.43,-74.05,23.73
40.43,-74.03,23.71
40.43,-74.01,23.68
40.43,-73.99,23.69
40.43,-73.97,22.88
40.43,-73.95,22.78
40.43,-73.93,22.8
40.43,-73.91,22.82
40.43,-73.89,22.78
40.43,-73.83,23.04
40.43,-73.81,22.9
40.43,-73.79,22.7
40.43,-73.77,22.69
40.43,-73.59,22.58
40.43,-73.57,22.81
40.43,-73.55,22.78
40.43,-73.53,22.75
40.43,-73.51,22.72
40.43,-73.41,22.53
40.43,-73.39,22.59
40.43,-73.37,22.62
40.43,-72.19,22.79
40.43,-72.17,22.81
40.43,-72.15,22.76
40.43,-72.13,22.89
40.43,-72.11,23.08
40.43,-72.09,23.24
40.43,-72.07,23.25
40.43,-71.97,23.24
40.43,-71.95,23.24
40.43,-71.93,23.26
40.43,-71.91,23.29
40.43,-71.89,23.34
40.43,-71.87,23.45
40.43,-71.85,23.52
40.43,-71.83,23.52
40.43,-71.77,23.42
40.43,-71.75,23.34
40.43,-71.73,23.3
40.43,-71.71,23.32
40.43,-71.69,23.41
40.43,-71.67,23.43
40.43,-71.65,23.5
40.43,-71.63,23.58
40.43,-71.61,23.63
40.43,-71.59,23.7
40.43,-71.57,23.7
40.43,-71.55,23.69
40.43,-71.53,23.67
40.43,-71.51,23.65
40.43,-71.49,23.64
40.43,-71.47,23.66
40.43,-71.45,23.66
40.43,-71.41,24.04
40.43,-71.39,24.22
40.43,-71.37,24.37
40.43,-71.35,24.37
40.43,-71.33,24.18
40.43,-71.31,24.01
40.43,-71.29,23.96
40.43,-71.01,23.73
40.43,-70.99,24.06
40.43,-70.97,24.15
40.43,-70.95,24.26
40.43,-70.93,24.34
40.43,-70.91,24.45
40.43,-70.89,24.5
40.43,-70.87,24.55
40.43,-70.85,24.59
40.43,-70.83,24.65
40.43,-70.81,24.73
40.43,-70.79,24.84
40.43,-70.77,25.01
40.43,-70.75,24.97
40.43,-70.73,24.56
40.43,-70.71,24.44
40.43,-70.61,23.32
40.43,-70.59,23.35
40.43,-70.57,23.52
40.43,-70.55,23.73
40.43,-70.53,24.31
40.43,-70.51,24.71
40.43,-70.49,25.22
40.43,-70.47,25.25
40.43,-70.45,25.35
40.43,-70.43,25.4
40.43,-70.41,25.38
40.43,-70.39,25.42
40.43,-70.37,25.46
40.43,-70.35,25.42
40.43,-70.33,25.39
40.43,-70.31,25.3
40.43,-70.29,25.35
40.43,-70.27,25.41
40.43,-70.25,25.38
40.43,-70.23,25.35
40.43,-70.21,25.41
40.43,-70.19,25.36
40.43,-70.17,25.34
40.43,-70.15,24.86
40.43,-70.13,24.77
40.43,-70.03,23.52
40.43,-70.01,23.54
40.43,-69.99,23.19
40.43,-69.97,22.82
40.43,-69.95,22.64
40.43,-69.93,22.44
40.43,-69.91,22.43
40.43,-69.89,22.45
40.43,-69.87,22.43
40.43,-69.85,22.45
40.43,-69.39,22.2
40.43,-69.37,22.2
40.43,-69.35,22.7
40.43,-69.33,22.83
40.43,-69.31,22.96
40.43,-69.29,23.37
40.43,-69.27,23.39
40.43,-69.25,23.26
40.43,-69.23,22.61
40.43,-69.21,22.24
40.43,-69.19,22.17
40.43,-69.17,22.07
40.43,-69.15,21.7
40.43,-69.13,21.63
40.43,-69.11,21.6
40.43,-69.09,21.6
40.43,-69.07,21.59
40.43,-69.05,21.06
40.43,-69.03,20.9
40.43,-69.01,20.93
40.43,-68.99,21.0
40.43,-68.97,20.92
40.41,-73.99,23.81
40.41,-73.93,22.81
40.41,-73.91,22.81
40.41,-73.89,22.74
40.41,-73.87,22.69
40.41,-73.83,22.72
40.41,-73.81,22.69
40.41,-73.79,22.51
40.41,-73.59,22.68
40.41,-73.57,22.76
40.41,-73.55,22.83
40.41,-73.53,22.81
40.41,-73.51,22.78
40.41,-73.49,22.73
40.41,-73.47,22.73
40.41,-73.43,22.42
40.41,-73.41,22.49
40.41,-73.39,22.51
40.41,-73.37,22.51
40.41,-73.35,22.52
40.41,-72.11,23.12
40.41,-72.09,23.17
40.41,-72.07,23.16
40.41,-72.05,23.17
40.41,-71.97,23.21
40.41,-71.95,23.19
40.41,-71.93,23.07
40.41,-71.91,23.12
40.41,-71.89,23.32
40.41,-71.87,23.37
40.41,-71.85,23.42
40.41,-71.83,23.42
40.41,-71.81,23.45
40.41,-71.79,23.44
40.41,-71.71,23.35
40.41,-71.69,23.43
40.41,-71.63,23.6
40.41,-71.61,23.62
40.41,-71.59,23.67
40.41,-71.57,23.69
40.41,-71.55,23.72
40.41,-71.53,23.7
40.41,-71.51,23.66
40.41,-71.49,23.64
40.41,-71.47,23.66
40.41,-71.45,23.76
40.41,-71.43,23.78
40.41,-71.41,23.81
40.41,-71.39,24.0
40.41,-71.37,24.39
40.41,-71.35,24.44
40.41,-71.33,24.37
40.41,-71.31,24.32
40.41,-71.29,24.14
40.41,-71.27,23.97
40.41,-71.25,23.93
40.41,-71.09,23.94
40.41,-71.07,23.93
40.41,-70.99,24.08
40.41,-70.97,24.13
40.41,-70.95,24.26
40.41,-70.93,24.34
40.41,-70.91,24.4
40.41,-70.89,24.45
40.41,-70.87,24.48
40.41,-70.85,24.54
40.41,-70.83,24.58
40.41,-70.81,24.68
40.41,-70.79,24.8
40.41,-70.77,24.93
40.41,-70.75,24.93
40.41,-70.73,24.83
40.41,-70.71,24.42
40.41,-70.61,23.47
40.41,-70.59,23.62
40.41,-70.57,24.02
40.41,-70.55,24.28
40.41,-70.53,24.92
40.41,-70.51,25.07
40.41,-70.49,25.18
40.41,-70.47,25.25
40.41,-70.45,25.37
40.41,-70.43,25.39
40.41,-70.41,25.39
40.41,-70.39,25.42
40.41,-70.37,25.44
40.41,-70.33,25.31
40.41,-70.31,25.36
40.41,-70.29,25.5
40.41,-70.27,25.4
40.41,-70.25,25.36
40.41,-70.23,25.43
40.41,-70.21,25.48
40.41,-70.19,25.53
40.41,-70.17,25.53
40.41,-70.15,25.22
40.41,-70.13,24.98
40.41,-70.11,24.71
40.41,-70.09,24.58
40.41,-70.01,23.62
40.41,-69.99,23.63
40.41,-69.97,23.33
40.41,-69.95,22.72
40.41,-69.93,22.58
40.41,-69.91,22.49
40.41,-69.89,22.48
40.41,-69.87,22.47
40.41,-69.41,22.78
40.41,-69.39,22.85
40.41,-69.37,22.88
40.41,-69.35,22.9
40.41,-69.33,23.0
40.41,-69.31,23.15
40.41,-69.29,23.36
40.41,-69.27,23.3
40.41,-69.25,23.18
40.41,-69.23,23.11
40.41,-69.21,22.34
40.41,-69.19,22.15
40.41,-69.17,21.9
40.41,-69.15,21.69
40.41,-69.13,21.59
40.41,-69.11,21.58
40.41,-69.09,21.68
40.41,-69.07,21.74
40.41,-69.05,21.45
40.41,-69.03,21.1
40.41,-69.01,20.88
40.41,-68.99,20.82
40.41,-68.97,20.87
40.39,-73.87,22.68
40.39,-73.85,22.66
40.39,-73.83,22.68
40.39,-73.81,22.64
40.39,-73.79,22.57
40.39,-73.59,22.68
40.39,-73.57,22.83
40.39,-73.55,22.81
40.39,-73.53,22.74
40.39,-73.51,22.7
40.39,-73.49,22.49
40.39,-73.47,22.46
40.39,-73.43,22.36
40.39,-73.41,22.42
40.39,-73.39,22.39
40.39,-73.37,22.44
40.39,-72.17,23.02
40.39,-72.15,23.02
40.39,-72.13,23.02
40.39,-72.09,23.03
40.39,-72.07,23.06
40.39,-72.05,23.1
40.39,-71.97,23.16
40.39,-71.95,23.13
40.39,-71.93,23.16
40.39,-71.91,23.2
40.39,-71.89,23.21
40.39,-71.81,23.48
40.39,-71.51,23.75
40.39,-71.49,23.74
40.39,-71.47,23.72
40.39,-71.45,23.74
40.39,-71.43,23.73
40.39,-71.41,23.82
40.39,-71.39,24.02
40.39,-71.35,24.39
40.39,-71.33,24.39
40.39,-71.31,24.42
40.39,-71.29,24.33
40.39,-71.27,24.13
40.39,-71.25,24.03
40.39,-71.23,23.99
40.39,-71.21,23.95
40.39,-71.15,23.98
40.39,-71.13,24.05
40.39,-71.11,24.09
40.39,-71.09,24.0
40.39,-71.07,23.98
40.39,-71.05,24.01
40.39,-71.03,24.08
40.39,-71.01,24.14
40.39,-70.99,24.17
40.39,-70.97,24.17
40.39,-70.95,24.22
40.39,-70.93,24.31
40.39,-70.91,24.34
40.39,-70.89,24.38
40.39,-70.87,24.43
40.39,-70.85,24.45
40.39,-70.83,24.51
40.39,-70.81,24.59
40.39,-70.79,24.69
40.39,-70.77,24.86
40.39,-70.75,24.91
40.39,-70.73,24.98
40.39,-70.71,24.97
40.39,-70.69,24.73
40.39,-70.57,24.52
40.39,-70.55,24.94
40.39,-70.53,25.13
40.39,-70.51,25.21
40.39,-70.49,25.23
40.39,-70.47,25.25
40.39,-70.45,25.26
40.39,-70.43,25.3
40.39,-70.41,25.38
40.39,-70.39,25.42
40.39,-70.37,25.4
40.39,-70.33,25.17
40.39,-70.31,25.16
40.39,-70.29,25.27
40.39,-70.25,25.42
40.39,-70.23,25.49
40.39,-70.21,25.5
40.39,-70.19,25.48
40.39,-70.17,25.48
40.39,-70.15,25.4
40.39,-70.13,25.29
40.39,-70.11,25.09
40.39,-70.09,24.85
40.39,-70.07,24.65
40.39,-70.05,24.65
40.39,-69.99,23.63
40.39,-69.97,23.4
40.39,-69.95,23.26
40.39,-69.93,22.7
40.39,-69.41,22.87
40.39,-69.39,22.92
40.39,-69.37,23.0
40.39,-69.35,23.08
40.39,-69.33,23.16
40.39,-69.31,23.25
40.39,-69.29,23.24
40.39,-69.27,23.09
40.39,-69.25,23.03
40.39,-69.23,23.05
40.39,-69.21,23.0
40.39,-69.19,22.24
40.39,-69.17,21.79
40.39,-69.15,21.67
40.39,-69.13,21.53
40.39,-69.11,21.56
40.39,-69.09,21.8
40.39,-69.07,21.76
40.39,-69.05,21.72
40.39,-69.03,21.32
40.39,-69.01,21.02
40.39,-68.99,21.02
40.39,-68.97,21.01
40.37,-74.05,24.09
40.37,-73.87,22.69
40.37,-73.85,22.7
40.37,-73.83,22.74
40.37,-73.81,22.76
40.37,-73.79,22.74
40.37,-73.77,22.62
40.37,-73.59,22.57
40.37,-73.57,22.54
40.37,-73.55,22.75
40.37,-73.53,22.68
40.37,-73.51,22.57
40.37,-73.49,22.52
40.37,-72.15,22.98
40.37,-72.07,23.05
40.37,-72.05,23.08
40.37,-72.03,23.13
40.37,-72.01,23.12
40.37,-71.97,23.32
40.37,-71.95,23.37
40.37,-71.93,23.34
40.37,-71.91,23.29
40.37,-71.89,23.24
40.37,-71.33,24.38
40.37,-71.31,24.39
40.37,-71.29,24.33
40.37,-71.27,24.29
40.37,-71.25,24.22
40.37,-71.23,24.16
40.37,-71.21,24.05
40.37,-71.19,24.02
40.37,-71.17,24.01
40.37,-71.15,24.06
40.37,-71.13,24.12
40.37,-71.11,24.2
40.37,-71.09,24.29
40.37,-71.07,24.22
40.37,-71.05,24.08
40.37,-71.03,24.13
40.37,-71.01,24.2
40.37,-70.99,24.26
40.37,-70.97,24.25
40.37,-70.95,24.24
40.37,-70.93,24.28
40.37,-70.91,24.3
40.37,-70.81,24.51
40.37,-70.79,24.63
40.37,-70.77,24.71
40.37,-70.75,24.91
40.37,-70.73,24.98
40.37,-70.71,25.04
40.37,-70.69,24.78
40.37,-70.67,24.72
40.37,-70.65,24.15
40.37,-70.59,24.65
40.37,-70.57,24.66
40.37,-70.55,25.13
40.37,-70.53,25.18
40.37,-70.51,25.22
40.37,-70.49,25.23
40.37,-70.47,25.21
40.37,-70.45,25.25
40.37,-70.43,25.32
40.37,-70.41,25.33
40.37,-70.39,25.17
40.37,-70.37,25.17
40.37,-70.35,25.15
40.37,-70.33,25.33
40.37,-70.31,25.35
40.37,-70.23,25.41
40.37,-70.21,25.41
40.37,-70.19,25.39
40.37,-70.17,25.37
40.37,-70.15,25.41
40.37,-70.13,25.34
40.37,-70.11,25.23
40.37,-70.09,25.11
40.37,-70.07,25.12
40.37,-70.05,25.11
40.37,-70.03,24.97
40.37,-69.41,22.9
40.37,-69.39,22.91
40.37,-69.37,22.97
40.37,-69.35,23.0
40.37,-69.33,22.99
40.37,-69.31,22.99
40.37,-69.29,23.0
40.37,-69.27,22.99
40.37,-69.25,22.99
40.37,-69.23,23.01
40.37,-69.21,22.66
40.37,-69.19,22.06
40.37,-69.17,21.78
40.37,-69.15,21.48
40.37,-69.13,21.44
40.37,-69.11,21.5
40.37,-69.09,21.76
40.37,-69.07,21.79
40.37,-69.05,21.74
40.37,-69.03,21.52
40.37,-69.01,21.34
40.37,-68.99,21.28
40.37,-68.97,21.17
40.35,-73.97,23.01
40.35,-73.95,23.01
40.35,-73.91,22.93
40.35,-73.89,22.96
40.35,-73.85,22.72
40.35,-73.83,22.91
40.35,-73.81,22.93
40.35,-73.79,22.86
40.35,-73.77,22.71
40.35,-72.05,23.17
40.35,-72.03,23.16
40.35,-72.01,23.13
40.35,-71.99,23.26
40.35,-71.95,23.38
40.35,-71.93,23.35
40.35,-71.91,23.31
40.35,-71.27,24.31
40.35,-71.21,24.18
40.35,-71.19,24.14
40.35,-71.15,24.3
40.35,-71.13,24.33
40.35,-71.11,24.35
40.35,-71.09,24.41
40.35,-71.07,24.37
40.35,-71.05,24.32
40.35,-71.03,24.34
40.35,-71.01,24.31
40.35,-70.99,24.31
40.35,-70.97,24.3
40.35,-70.95,24.29
40.35,-70.93,24.32
40.35,-70.91,24.33
40.35,-70.79,24.54
40.35,-70.77,24.62
40.35,-70.75,24.79
40.35,-70.73,24.89
40.35,-70.71,25.06
40.35,-70.69,25.13
40.35,-70.67,24.95
40.35,-70.65,24.13
40.35,-70.63,24.12
40.35,-70.59,24.95
40.35,-70.57,25.23
40.35,-70.55,25.3
40.35,-70.53,25.24
40.35,-70.51,25.2
40.35,-70.49,25.17
40.35,-70.47,25.18
40.35,-70.45,25.23
40.35,-70.43,25.3
40.35,-70.41,25.25
40.35,-70.39,25.14
40.35,-70.37,25.17
40.35,-70.35,25.11
40.35,-70.33,25.08
40.35,-70.31,25.09
40.35,-70.23,25.18
40.35,-70.21,25.19
40.35,-70.19,25.21
40.35,-70.17,25.24
40.35,-70.15,25.26
40.35,-70.13,25.31
40.35,-70.11,25.31
40.35,-70.09,25.29
40.35,-70.07,25.18
40.35,-70.05,25.16
40.35,-70.03,25.14
40.35,-70.01,25.07
40.35,-69.35,22.92
40.35,-69.33,22.89
40.35,-69.31,22.86
40.35,-69.29,23.01
40.35,-69.27,22.8
40.35,-69.25,22.63
40.35,-69.23,22.65
40.35,-69.21,22.54
40.35,-69.19,22.37
40.35,-69.11,21.58
40.35,-69.09,21.65
40.35,-69.07,21.91
40.35,-69.05,21.92
40.35,-69.03,21.69
40.35,-69.01,21.55
40.35,-68.99,21.41
40.35,-68.97,21.32
40.33,-73.97,22.96
40.33,-73.95,22.95
40.33,-73.93,22.96
40.33,-73.91,22.98
40.33,-73.89,22.99
40.33,-73.87,22.97
40.33,-73.85,22.99
40.33,-73.83,22.9
40.33,-73.81,22.81
40.33,-73.79,22.83
40.33,-73.77,22.73
40.33,-71.95,23.48
40.33,-71.93,23.4
40.33,-71.91,23.33
40.33,-71.11,24.51
40.33,-71.09,24.51
40.33,-71.07,24.44
40.33,-71.05,24.39
40.33,-71.03,24.38
40.33,-71.01,24.35
40.33,-70.99,24.35
40.33,-70.97,24.35
40.33,-70.95,24.33
40.33,-70.93,24.32
40.33,-70.91,24.32
40.33,-70.89,24.32
40.33,-70.77,24.6
40.33,-70.75,24.7
40.33,-70.73,24.86
40.33,-70.71,24.96
40.33,-70.69,25.0
40.33,-70.67,25.11
40.33,-70.65,25.07
40.33,-70.63,24.95
40.33,-70.61,24.87
40.33,-70.59,25.03
40.33,-70.57,25.12
40.33,-70.55,25.17
40.33,-70.53,25.22
40.33,-70.51,25.19
40.33,-70.49,25.17
40.33,-70.47,25.17
40.33,-70.45,25.17
40.33,-70.43,25.17
40.33,-70.41,25.15
40.33,-70.39,25.17
40.33,-70.37,25.19
40.33,-70.35,25.15
40.33,-70.23,25.11
40.33,-70.21,25.14
40.33,-70.19,25.15
40.33,-70.17,25.14
40.33,-70.15,25.13
40.33,-70.13,25.15
40.33,-70.11,25.18
40.33,-70.09,25.26
40.33,-70.07,25.43
40.33,-70.05,25.5
40.33,-70.03,25.26
40.33,-70.01,25.14
40.33,-69.29,22.9
40.33,-69.11,21.64
40.33,-69.09,21.69
40.33,-69.07,21.86
40.33,-69.05,21.89
40.33,-69.03,21.73
40.33,-69.01,21.57
40.33,-68.99,21.49
40.33,-68.97,21.4
40.31,-73.95,22.96
40.31,-73.93,22.99
40.31,-73.91,22.98
40.31,-73.89,22.97
40.31,-73.87,22.94
40.31,-73.85,22.99
40.31,-73.83,22.99
40.31,-73.81,22.74
40.31,-73.79,22.69
40.31,-73.77,22.7
40.31,-71.95,23.55
40.31,-71.93,23.48
40.31,-71.91,23.44
40.31,-71.89,23.46
40.31,-71.77,23.47
40.31,-71.75,23.47
40.31,-71.73,23.5
40.31,-71.09,24.38
40.31,-71.07,24.32
40.31,-71.05,24.3
40.31,-71.03,24.32
40.31,-71.01,24.31
40.31,-70.99,24.32
40.31,-70.97,24.33
40.31,-70.95,24.33
40.31,-70.93,24.41
40.31,-70.91,24.46
40.31,-70.89,24.3
40.31,-70.87,24.31
40.31,-70.75,24.61
40.31,-70.73,24.67
40.31,-70.71,24.87
40.31,-70.69,24.9
40.31,-70.67,24.91
40.31,-70.65,25.0
40.31,-70.63,25.05
40.31,-70.61,25.07
40.31,-70.59,25.11
40.31,-70.57,25.13
40.31,-70.55,25.13
40.31,-70.53,25.16
40.31,-70.51,25.16
40.31,-70.49,25.19
40.31,-70.47,25.18
40.31,-70.45,25.16
40.31,-70.43,25.12
40.31,-70.41,25.13
40.31,-70.39,25.19
40.31,-70.37,25.11
40.31,-70.35,24.97
40.31,-70.29,25.05
40.31,-70.27,25.06
40.31,-70.25,25.04
40.31,-70.23,25.08
40.31,-70.21,25.12
40.31,-70.19,25.12
40.31,-70.17,25.1
40.31,-70.15,25.08
40.31,-70.11,25.13
40.31,-70.09,25.18
40.31,-70.07,25.32
40.31,-70.05,25.55
40.31,-70.03,25.64
40.31,-70.01,25.31
40.31,-69.99,25.34
40.31,-69.97,25.04
40.31,-69.95,25.13
40.31,-69.93,25.23
40.31,-69.91,25.23
40.31,-69.89,25.28
40.31,-69.87,25.32
40.31,-69.85,25.33
40.31,-69.83,25.29
40.31,-69.81,25.18
40.31,-69.79,25.09
40.31,-69.77,25.13
40.31,-69.75,25.05
40.31,-69.11,21.62
40.31,-69.09,21.68
40.31,-69.07,21.81
40.31,-69.05,21.87
40.31,-69.03,21.72
40.31,-69.01,21.6
40.31,-68.99,21.48
40.31,-68.97,21.41
40.29,-73.93,22.99
40.29,-73.91,23.01
40.29,-73.89,22.93
40.29,-73.87,22.93
40.29,-73.85,22.93
40.29,-73.83,22.86
40.29,-73.81,22.81
40.29,-73.79,22.7
40.29,-73.77,22.56
40.29,-71.89,23.56
40.29,-71.87,23.61
40.29,-71.09,24.15
40.29,-71.07,24.14
40.29,-71.05,24.19
40.29,-71.03,24.22
40.29,-71.01,24.22
40.29,-70.99,24.24
40.29,-70.97,24.26
40.29,-70.95,24.28
40.29,-70.93,24.29
40.29,-70.91,24.33
40.29,-70.89,24.33
40.29,-70.87,24.34
40.29,-70.85,24.36
40.29,-70.73,24.59
40.29,-70.71,24.65
40.29,-70.69,24.8
40.29,-70.67,24.85
40.29,-70.65,24.92
40.29,-70.63,24.99
40.29,-70.61,25.04
40.29,-70.59,25.06
40.29,-70.57,25.08
40.29,-70.55,25.09
40.29,-70.53,25.1
40.29,-70.51,25.11
40.29,-70.49,25.1
40.29,-70.47,25.11
40.29,-70.45,25.09
40.29,-70.43,25.02
40.29,-70.41,25.02
40.29,-70.39,25.01
40.29,-70.37,24.63
40.29,-70.35,24.61
40.29,-70.33,24.69
40.29,-70.31,25.07
40.29,-70.29,25.08
40.29,-70.27,25.05
40.29,-70.25,25.03
40.29,-70.23,25.05
40.29,-70.21,25.02
40.29,-70.19,24.99
40.29,-70.15,25.0
40.29,-70.13,25.0
40.29,-70.09,25.18
40.29,-70.07,25.27
40.29,-70.05,25.38
40.29,-70.03,25.59
40.29,-70.01,25.57
40.29,-69.99,25.44
40.29,-69.97,25.34
40.29,-69.95,25.3
40.29,-69.93,25.25
40.29,-69.91,25.17
40.29,-69.89,25.2
40.29,-69.87,25.27
40.29,-69.85,25.32
40.29,-69.83,25.31
40.29,-69.81,25.26
40.29,-69.79,25.2
40.29,-69.77,25.14
40.29,-69.75,25.11
40.29,-69.09,21.7
40.29,-69.07,21.75
40.29,-69.05,21.75
40.29,-69.03,21.65
40.29,-69.01,21.52
40.29,-68.99,21.34
40.29,-68.97,21.39
40.27,-73.93,23.04
40.27,-73.91,23.07
40.27,-73.89,22.93
40.27,-73.87,22.85
40.27,-73.85,22.86
40.27,-73.83,22.85
40.27,-73.81,22.74
40.27,-73.79,22.64
40.27,-73.77,22.55
40.27,-71.25,24.38
40.27,-71.23,24.31
40.27,-71.21,24.29
40.27,-70.97,24.2
40.27,-70.95,24.21
40.27,-70.93,24.21
40.27,-70.91,24.26
40.27,-70.89,24.3
40.27,-70.87,24.33
40.27,-70.85,24.39
40.27,-70.71,24.59
40.27,-70.69,24.64
40.27,-70.67,24.77
40.27,-70.65,24.83
40.27,-70.63,24.9
40.27,-70.61,24.96
40.27,-70.59,24.99
40.27,-70.57,25.01
40.27,-70.55,25.02
40.27,-70.53,25.03
40.27,-70.51,25.03
40.27,-70.49,25.03
40.27,-70.47,25.06
40.27,-70.45,25.03
40.27,-70.43,24.92
40.27,-70.41,24.89
40.27,-70.39,24.84
40.27,-70.37,24.55
40.27,-70.35,24.58
40.27,-70.33,24.72
40.27,-70.31,24.81
40.27,-70.29,24.8
40.27,-70.27,24.87
40.27,-70.25,24.92
40.27,-70.23,24.95
40.27,-70.21,24.95
40.27,-70.15,24.94
40.27,-70.13,24.93
40.27,-70.11,24.92
40.27,-70.09,24.96
40.27,-70.07,25.1
40.27,-70.05,25.25
40.27,-70.03,25.49
40.27,-70.01,25.55
40.27,-69.99,25.4
40.27,-69.97,25.29
40.27,-69.95,25.27
40.27,-69.85,25.22
40.27,-69.83,25.23
40.27,-69.81,25.26
40.27,-69.79,25.25
40.27,-69.77,25.18
40.27,-69.75,25.15
40.27,-69.07,21.7
40.27,-69.05,21.64
40.27,-69.03,21.54
40.27,-69.01,21.41
40.27,-68.99,21.22
40.27,-68.97,21.52
40.25,-73.91,22.89
40.25,-73.89,22.81
40.25,-73.87,22.82
40.25,-73.85,22.78
40.25,-73.83,22.88
40.25,-73.81,22.85
40.25,-73.79,22.73
40.25,-71.23,24.26
40.25,-71.21,24.25
40.25,-71.19,24.22
40.25,-70.87,24.32
40.25,-70.85,24.37
40.25,-70.83,24.4
40.25,-70.81,24.42
40.25,-70.79,24.46
40.25,-70.77,24.49
40.25,-70.71,24.54
40.25,-70.69,24.56
40.25,-70.67,24.62
40.25,-70.65,24.71
40.25,-70.63,24.77
40.25,-70.61,24.81
40.25,-70.59,24.88
40.25,-70.57,24.89
40.25,-70.55,24.92
40.25,-70.53,24.9
40.25,-70.51,24.86
40.25,-70.49,24.83
40.25,-70.47,24.78
40.25,-70.45,24.91
40.25,-70.43,24.87
40.25,-70.41,24.77
40.25,-70.39,24.53
40.25,-70.37,24.61
40.25,-70.35,24.71
40.25,-70.33,24.78
40.25,-70.31,24.75
40.25,-70.29,24.73
40.25,-70.27,24.84
40.25,-70.25,24.8
40.25,-70.23,24.91
40.25,-70.21,24.89
40.25,-70.17,24.86
40.25,-70.15,24.89
40.25,-70.13,24.91
40.25,-70.11,24.91
40.25,-70.09,24.95
40.25,-70.07,25.01
40.25,-70.05,25.09
40.25,-70.03,25.27
40.25,-70.01,25.55
40.25,-69.99,25.56
40.25,-69.01,21.64
40.25,-68.99,21.73
40.25,-68.97,21.84
40.23,-73.89,22.87
40.23,-73.87,23.0
40.23,-73.85,22.96
40.23,-73.83,22.92
40.23,-73.81,22.88
40.23,-73.79,22.71
40.23,-73.77,22.61
40.23,-73.75,22.56
40.23,-71.25,24.27
40.23,-71.23,24.27
40.23,-71.21,24.22
40.23,-71.19,24.21
40.23,-70.85,24.35
40.23,-70.83,24.45
40.23,-70.81,24.52
40.23,-70.79,24.49
40.23,-70.77,24.5
40.23,-70.75,24.53
40.23,-70.73,24.54
40.23,-70.71,24.55
40.23,-70.69,24.54
40.23,-70.67,24.55
40.23,-70.65,24.6
40.23,-70.63,24.66
40.23,-70.61,24.7
40.23,-70.59,24.72
40.23,-70.57,24.74
40.23,-70.55,24.78
40.23,-70.53,24.76
40.23,-70.51,24.73
40.23,-70.49,24.69
40.23,-70.47,24.65
40.23,-70.45,24.62
40.23,-70.43,24.39
40.23,-70.41,24.43
40.23,-70.39,24.55
40.23,-70.37,24.64
40.23,-70.35,24.75
40.23,-70.33,24.76
40.23,-70.31,24.73
40.23,-70.29,24.8
40.23,-70.27,24.86
40.23,-70.25,24.86
40.23,-70.23,24.91
40.23,-70.21,24.88
40.23,-70.17,24.87
40.23,-70.15,24.91
40.23,-70.13,24.93
40.23,-70.11,24.97
40.23,-70.09,24.98
40.23,-70.07,24.96
40.23,-70.05,24.94
40.23,-70.03,24.99
40.23,-70.01,25.01
40.23,-69.01,21.73
40.23,-68.99,21.78
40.23,-68.97,22.02
40.21,-73.85,22.96
40.21,-73.83,22.98
40.21,-73.81,22.98
40.21,-73.79,22.73
40.21,-73.77,22.6
40.21,-73.37,22.55
40.21,-73.35,22.53
40.21,-72.27,23.52
40.21,-72.25,23.57
40.21,-71.23,24.24
40.21,-71.21,24.2
40.21,-70.87,24.35
40.21,-70.85,24.37
40.21,-70.83,24.4
40.21,-70.81,24.45
40.21,-70.79,24.5
40.21,-70.77,24.54
40.21,-70.75,24.54
40.21,-70.73,24.54
40.21,-70.71,24.55
40.21,-70.69,24.55
40.21,-70.67,24.56
40.21,-70.65,24.56
40.21,-70.63,24.58
40.21,-70.61,24.62
40.21,-70.59,24.64
40.21,-70.57,24.64
40.21,-70.55,24.64
40.21,-70.53,24.64
40.21,-70.51,24.67
40.21,-70.49,24.58
40.21,-70.47,24.53
40.21,-70.45,24.51
40.21,-70.43,24.44
40.21,-70.41,24.47
40.21,-70.39,24.55
40.21,-70.37,24.64
40.21,-70.35,24.66
40.21,-70.33,24.66
40.21,-70.31,24.67
40.21,-70.29,24.77
40.21,-70.27,24.83
40.21,-70.25,24.8
40.21,-70.23,24.82
40.21,-70.21,24.83
40.21,-70.19,24.9
40.21,-70.17,24.96
40.21,-70.15,25.0
40.21,-70.13,25.0
40.21,-70.11,24.98
40.21,-70.09,25.0
40.21,-70.07,25.01
40.21,-70.05,25.03
40.21,-70.03,25.04
40.21,-70.01,25.03
40.21,-68.99,21.82
40.21,-68.97,22.15
40.19,-73.83,22.95
40.19,-73.81,22.91
40.19,-73.79,22.74
40.19,-73.77,22.59
40.19,-73.37,22.49
40.19,-73.35,22.51
40.19,-73.33,22.5
40.19,-71.23,24.23
40.19,-71.19,24.14
40.19,-70.89,24.49
40.19,-70.87,24.46
40.19,-70.85,24.46
40.19,-70.83,24.4
40.19,-70.81,24.39
40.19,-70.79,24.48
40.19,-70.77,24.51
40.19,-70.75,24.55
40.19,-70.73,24.56
40.19,-70.71,24.55
40.19,-70.69,24.56
40.19,-70.67,24.58
40.19,-70.65,24.56
40.19,-70.63,24.55
40.19,-70.61,24.56
40.19,-70.59,24.58
40.19,-70.57,24.58
40.19,-70.55,24.56
40.19,-70.53,24.55
40.19,-70.51,24.53
40.19,-70.49,24.5
40.19,-70.47,24.48
40.19,-70.45,24.48
40.19,-70.43,24.49
40.19,-70.41,24.49
40.19,-70.39,24.51
40.19,-70.37,24.58
40.19,-70.35,24.65
40.19,-70.33,24.71
40.19,-70.31,24.81
40.19,-70.29,24.86
40.19,-70.27,24.84
40.19,-70.25,24.79
40.19,-70.23,24.75
40.19,-70.19,24.94
40.19,-70.17,24.96
40.19,-70.15,25.02
40.19,-70.13,25.02
40.19,-70.11,25.02
40.19,-70.09,25.08
40.19,-70.07,25.13
40.19,-70.05,25.13
40.19,-70.03,25.11
40.19,-70.01,25.12
40.17,-73.85,22.95
40.17,-73.83,22.94
40.17,-73.81,22.83
40.17,-73.79,22.78
40.17,-73.39,22.48
40.17,-73.37,22.48
40.17,-73.35,22.48
40.17,-70.89,24.57
40.17,-70.87,24.59
40.17,-70.85,24.56
40.17,-70.83,24.45
40.17,-70.81,24.44
40.17,-70.77,24.45
40.17,-70.75,24.51
40.17,-70.73,24.54
40.17,-70.71,24.54
40.17,-70.63,24.52
40.17,-70.61,24.52
40.17,-70.59,24.52
40.17,-70.57,24.5
40.17,-70.55,24.5
40.17,-70.53,24.5
40.17,-70.51,24.48
40.17,-70.49,24.5
40.17,-70.47,24.5
40.17,-70.45,24.51
40.17,-70.43,24.52
40.17,-70.41,24.54
40.17,-70.39,24.54
40.17,-70.37,24.55
40.17,-70.35,24.62
40.17,-70.33,24.68
40.17,-70.31,24.73
40.17,-70.29,24.79
40.17,-70.27,24.81
40.17,-70.25,24.81
40.17,-70.23,24.81
40.17,-70.21,24.99
40.17,-70.19,25.06
40.17,-70.17,25.05
40.17,-70.15,25.02
40.17,-70.13,25.03
40.17,-70.11,25.02
40.17,-70.09,25.11
40.17,-70.07,25.19
40.17,-70.05,25.27
40.17,-70.03,25.29
40.17,-70.01,25.19
40.17,-69.99,25.14
40.15,-73.83,22.71
40.15,-73.81,22.73
40.15,-73.37,22.5
40.15,-73.35,22.54
40.15,-70.89,24.6
40.15,-70.87,24.67
40.15,-70.85,24.7
40.15,-70.83,24.67
40.15,-70.81,24.52
40.15,-70.59,24.51
40.15,-70.57,24.49
40.15,-70.55,24.48
40.15,-70.53,24.48
40.15,-70.51,24.46
40.15,-70.49,24.47
40.15,-70.47,24.5
40.15,-70.45,24.53
40.15,-70.43,24.6
40.15,-70.41,24.64
40.15,-70.39,24.63
40.15,-70.37,24.59
40.15,-70.35,24.6
40.15,-70.33,24.62
40.15,-70.31,24.68
40.15,-70.29,24.74
40.15,-70.27,24.75
40.15,-70.25,24.75
40.15,-70.23,24.83
40.15,-70.21,24.98
40.15,-70.19,25.11
40.15,-70.17,25.16
40.15,-70.15,25.16
40.15,-70.13,25.13
40.15,-70.11,25.1
40.15,-70.09,25.13
40.15,-70.07,25.22
40.15,-70.05,25.3
40.15,-70.03,25.32
40.15,-70.01,25.36
40.15,-69.99,25.34
40.13,-73.81,22.73
40.13,-73.75,22.6
40.13,-70.87,24.66
40.13,-70.85,24.8
40.13,-70.83,24.89
40.13,-70.81,24.93
40.13,-70.79,24.88
40.13,-70.53,24.46
40.13,-70.51,24.46
40.13,-70.49,24.49
40.13,-70.47,24.54
40.13,-70.45,24.7
40.13,-70.43,24.83
40.13,-70.41,24.9
40.13,-70.39,24.84
40.13,-70.37,24.85
40.13,-70.35,24.73
40.13,-70.33,24.74
40.13,-70.31,24.73
40.13,-70.29,24.71
40.13,-70.27,24.71
40.13,-70.25,24.74
40.13,-70.23,24.83
40.13,-70.21,24.89
40.13,-70.19,24.97
40.13,-70.17,25.09
40.13,-70.15,25.14
40.13,-70.13,25.17
40.13,-70.11,25.18
40.13,-70.09,25.2
40.13,-70.07,25.24
40.13,-70.05,25.29
40.13,-70.03,25.34
40.13,-70.01,25.42
40.13,-69.99,25.44
40.13,-69.97,25.47
40.13,-69.95,25.52
40.11,-70.85,24.78
40.11,-70.83,24.89
40.11,-70.81,24.93
40.11,-70.79,24.9
40.11,-70.77,24.91
40.11,-70.75,24.91
40.11,-70.49,24.56
40.11,-70.47,24.68
40.11,-70.45,24.89
40.11,-70.43,25.02
40.11,-70.41,25.13
40.11,-70.39,25.19
40.11,-70.37,25.18
40.11,-70.35,25.11
40.11,-70.33,25.09
40.11,-70.31,24.92
40.11,-70.29,24.77
40.11,-70.27,24.75
40.11,-70.25,24.75
40.11,-70.23,24.79
40.11,-70.21,24.83
40.11,-70.19,24.95
40.11,-70.17,24.96
40.11,-70.15,25.14
40.11,-70.13,25.16
40.11,-70.11,25.2
40.11,-70.09,25.21
40.11,-70.07,25.23
40.11,-70.05,25.29
40.11,-70.03,25.36
40.11,-70.01,25.46
40.11,-69.99,25.5
40.11,-69.97,25.53
40.11,-69.95,25.54
40.11,-69.93,25.46
40.09,-70.85,24.77
40.09,-70.83,24.88
40.09,-70.81,24.95
40.09,-70.79,24.94
40.09,-70.77,24.97
40.09,-70.75,24.95
40.09,-70.73,24.91
40.09,-70.47,24.81
40.09,-70.45,24.93
40.09,-70.43,25.14
40.09,-70.41,25.27
40.09,-70.39,25.33
40.09,-70.37,25.33
40.09,-70.35,25.43
40.09,-70.33,25.41
40.09,-70.31,25.34
40.09,-70.29,25.2
40.09,-70.27,25.04
40.09,-70.25,24.98
40.09,-70.23,25.0
40.09,-70.21,24.91
40.09,-70.19,24.91
40.09,-70.17,24.93
40.09,-70.13,25.2
40.09,-70.11,25.24
40.09,-70.09,25.28
40.09,-70.07,25.3
40.09,-70.05,25.29
40.09,-70.03,25.35
40.09,-70.01,25.47
40.09,-69.99,25.53
40.09,-69.97,25.56
40.09,-69.95,25.54
40.09,-69.93,25.53
40.09,-69.91,25.62
40.09,-69.89,25.63
40.09,-69.87,25.48
40.09,-69.85,25.43
40.09,-69.83,25.42
40.07,-70.85,24.87
40.07,-70.83,24.9
40.07,-70.81,24.93
40.07,-70.79,24.94
40.07,-70.71,24.87
40.07,-70.69,24.87
40.07,-70.45,25.03
40.07,-70.43,25.28
40.07,-70.41,25.47
40.07,-70.39,25.48
40.07,-70.37,25.49
40.07,-70.35,25.48
40.07,-70.33,25.52
40.07,-70.31,25.54
40.07,-70.29,25.45
40.07,-70.27,25.36
40.07,-70.25,25.3
40.07,-70.23,25.3
40.07,-70.21,25.34
40.07,-70.19,25.24
40.07,-70.17,25.14
40.07,-70.15,25.39
40.07,-70.13,25.44
40.07,-70.11,25.4
40.07,-70.09,25.33
40.07,-70.05,25.37
40.07,-70.03,25.4
40.07,-70.01,25.47
40.07,-69.99,25.56
40.07,-69.97,25.61
40.07,-69.95,25.57
40.07,-69.93,25.61
40.07,-69.91,25.67
40.07,-69.89,25.7
40.07,-69.87,25.58
40.07,-69.85,25.54
40.07,-69.83,25.48
40.05,-70.71,24.94
40.05,-70.69,24.93
40.05,-70.45,25.34
40.05,-70.43,25.42
40.05,-70.41,25.51
40.05,-70.39,25.57
40.05,-70.37,25.6
40.05,-70.35,25.6
40.05,-70.33,25.6
40.05,-70.31,25.61
40.05,-70.29,25.6
40.05,-70.27,25.6
40.05,-70.25,25.64
40.05,-70.23,25.59
40.05,-70.21,25.52
40.05,-70.19,25.46
40.05,-70.17,25.53
40.05,-70.15,25.53
40.05,-70.13,25.53
40.05,-70.11,25.51
40.05,-70.09,25.46
40.05,-70.07,25.45
40.05,-70.05,25.45
40.05,-70.03,25.45
40.05,-70.01,25.5
40.05,-69.99,25.57
40.05,-69.97,25.63
40.05,-69.95,25.69
40.05,-69.93,25.78
40.05,-69.91,25.88
40.05,-69.89,25.84
40.05,-69.87,25.85
40.05,-69.85,25.81
40.05,-69.83,25.54
40.03,-71.67,24.41
40.03,-71.65,24.44
40.03,-70.69,24.95
40.03,-70.47,25.38
40.03,-70.45,25.44
40.03,-70.43,25.5
40.03,-70.41,25.55
40.03,-70.39,25.59
40.03,-70.37,25.64
40.03,-70.35,25.67
40.03,-70.33,25.82
40.03,-70.31,25.83
40.03,-70.29,25.75
40.03,-70.27,25.82
40.03,-70.25,25.78
40.03,-70.23,25.73
40.03,-70.21,25.69
40.03,-70.19,25.7
40.03,-70.17,25.69
40.03,-70.15,25.63
40.03,-70.13,25.62
40.03,-70.11,25.61
40.03,-70.09,25.55
40.03,-70.07,25.54
40.03,-70.05,25.52
40.03,-70.03,25.53
40.03,-69.99,25.61
40.03,-69.97,25.64
40.03,-69.95,25.71
40.03,-69.93,26.05
40.03,-69.91,26.21
40.03,-69.89,26.27
40.03,-69.87,26.09
40.03,-69.85,25.89
40.03,-69.83,25.58
40.03,-69.81,25.61
40.03,-69.79,25.65
40.03,-69.23,26.42
40.03,-69.21,26.42
40.03,-69.19,26.03
40.03,-69.17,26.01
40.01,-71.59,24.9
40.01,-70.47,25.44
40.01,-70.45,25.45
40.01,-70.43,25.46
40.01,-70.41,25.46
40.01,-70.39,25.6
40.01,-70.37,25.72
40.01,-70.35,25.82
40.01,-70.33,25.85
40.01,-70.31,25.83
40.01,-70.29,25.96
40.01,-70.27,26.19
40.01,-70.25,26.2
40.01,-70.23,25.97
40.01,-70.21,25.84
40.01,-70.19,25.75
40.01,-70.17,25.67
40.01,-70.15,25.65
40.01,-70.13,25.65
40.01,-70.11,25.61
40.01,-70.09,25.58
40.01,-70.07,25.61
40.01,-70.05,25.6
40.01,-70.01,25.67
40.01,-69.99,25.7
40.01,-69.97,25.76
40.01,-69.95,25.98
40.01,-69.93,26.26
40.01,-69.91,26.4
40.01,-69.89,26.4
40.01,-69.87,26.31
40.01,-69.85,26.19
40.01,-69.83,25.85
40.01,-69.81,25.82
40.01,-69.79,25.79
40.01,-69.75,26.08
40.01,-69.73,26.16
40.01,-69.71,26.22
40.01,-69.69,26.14
40.01,-69.21,26.49
40.01,-69.19,26.46
40.01,-69.17,26.06
40.01,-69.15,26.02
40.01,-69.11,26.05
40.01,-69.09,26.05
39.99,-70.65,25.43
39.99,-70.55,25.38
39.99,-70.53,25.41
39.99,-70.47,25.47
39.99,-70.45,25.48
39.99,-70.43,25.5
39.99,-70.41,25.57
39.99,-70.39,25.75
39.99,-70.37,25.76
39.99,-70.35,25.81
39.99,-70.33,25.87
39.99,-70.31,25.91
39.99,-70.29,26.21
39.99,-70.27,26.37
39.99,-70.25,26.29
39.99,-70.23,26.17
39.99,-70.21,26.02
39.99,-70.19,25.79
39.99,-70.17,25.69
39.99,-70.15,25.61
39.99,-70.13,25.6
39.99,-70.11,25.62
39.99,-70.09,25.65
39.99,-70.07,25.63
39.99,-70.05,25.66
39.99,-70.03,25.82
39.99,-70.01,25.87
39.99,-69.99,25.96
39.99,-69.97,26.08
39.99,-69.95,26.34
39.99,-69.93,26.54
39.99,-69.91,26.57
39.99,-69.89,26.53
39.99,-69.87,26.5
39.99,-69.85,26.45
39.99,-69.83,26.32
39.99,-69.81,26.17
39.99,-69.79,26.33
39.99,-69.77,26.4
39.99,-69.75,26.44
39.99,-69.73,26.44
39.99,-69.71,26.43
39.99,-69.69,26.29
39.99,-69.67,26.2
39.99,-69.65,26.18
39.99,-69.15,26.03
39.99,-69.13,26.36
39.99,-69.11,26.31
39.99,-69.09,26.35
39.99,-69.07,26.43
39.99,-69.05,26.44
39.99,-69.03,26.43
39.97,-70.57,25.48
39.97,-70.55,25.51
39.97,-70.53,25.5
39.97,-70.51,25.52
39.97,-70.49,25.62
39.97,-70.39,25.85
39.97,-70.37,25.88
39.97,-70.35,25.89
39.97,-70.33,26.09
39.97,-70.31,26.48
39.97,-70.29,26.45
39.97,-70.27,26.4
39.97,-70.19,25.85
39.97,-70.17,25.72
39.97,-70.15,25.62
39.97,-70.13,25.68
39.97,-70.11,25.67
39.97,-70.09,25.67
39.97,-70.07,25.74
39.97,-70.05,25.93
39.97,-70.03,26.09
39.97,-70.01,26.17
39.97,-69.99,26.28
39.97,-69.97,26.48
39.97,-69.95,26.59
39.97,-69.93,26.6
39.97,-69.91,26.56
39.97,-69.89,26.57
39.97,-69.87,26.59
39.97,-69.85,26.58
39.97,-69.83,26.55
39.97,-69.81,26.48
39.97,-69.79,26.45
39.97,-69.77,26.43
39.97,-69.75,26.44
39.97,-69.73,26.46
39.97,-69.71,26.49
39.97,-69.69,26.51
39.97,-69.67,26.49
39.97,-69.65,26.32
39.97,-69.13,26.41
39.97,-69.11,26.34
39.97,-69.09,26.38
39.97,-69.07,26.44
39.97,-69.05,26.47
39.97,-69.03,26.48
39.97,-69.01,26.59
39.97,-68.99,26.62
39.97,-68.97,26.62
39.95,-70.61,25.47
39.95,-70.59,25.52
39.95,-70.57,25.51
39.95,-70.55,25.53
39.95,-70.53,25.57
39.95,-70.51,25.63
39.95,-70.49,25.63
39.95,-70.47,25.64
39.95,-70.37,26.01
39.95,-70.35,26.23
39.95,-70.33,26.57
39.95,-70.31,26.56
39.95,-70.29,26.42
39.95,-70.27,26.36
39.95,-70.25,26.26
39.95,-70.23,26.09
39.95,-70.21,26.01
39.95,-70.19,25.97
39.95,-70.17,25.85
39.95,-70.15,25.79
39.95,-70.13,25.82
39.95,-70.11,25.83
39.95,-70.09,26.06
39.95,-70.07,26.4
39.95,-70.05,26.47
39.95,-70.03,26.51
39.95,-70.01,26.56
39.95,-69.99,26.58
39.95,-69.97,26.7
39.95,-69.95,26.75
39.95,-69.93,26.71
39.95,-69.91,26.59
39.95,-69.89,26.58
39.95,-69.87,26.59
39.95,-69.85,26.59
39.95,-69.83,26.66
39.95,-69.81,26.64
39.95,-69.79,26.55
39.95,-69.77,26.52
39.95,-69.75,26.46
39.95,-69.73,26.49
39.95,-69.71,26.51
39.95,-69.69,26.54
39.95,-69.67,26.52
39.95,-69.65,26.44
39.95,-69.15,26.48
39.95,-69.13,26.5
39.95,-69.11,26.47
39.95,-69.09,26.39
39.95,-69.07,26.3
39.95,-69.05,26.28
39.95,-69.03,26.33
39.95,-69.01,26.62
39.95,-68.99,26.62
39.95,-68.97,26.53
39.93,-70.63,25.5
39.93,-70.61,25.54
39.93,-70.59,25.59
39.93,-70.57,25.58
39.93,-70.55,25.55
39.93,-70.53,25.65
39.93,-70.51,25.65
39.93,-70.41,26.43
39.93,-70.35,26.49
39.93,-70.33,26.56
39.93,-70.31,26.54
39.93,-70.29,26.34
39.93,-70.25,26.29
39.93,-70.09,26.39
39.93,-70.07,26.5
39.93,-70.05,26.52
39.93,-70.03,26.78
39.93,-70.01,26.79
39.93,-69.99,26.66
39.93,-69.97,26.71
39.93,-69.95,26.69
39.93,-69.93,26.66
39.93,-69.91,26.63
39.93,-69.89,26.56
39.93,-69.87,26.6
39.93,-69.85,26.62
39.93,-69.83,26.6
39.93,-69.81,26.64
39.93,-69.79,26.62
39.93,-69.77,26.66
39.93,-69.75,26.69
39.93,-69.73,26.68
39.93,-69.71,26.67
39.93,-69.69,26.7
39.93,-69.67,26.72
39.93,-69.65,26.72
39.93,-69.63,26.72
39.93,-69.11,26.46
39.93,-69.09,26.45
39.93,-69.07,26.38
39.93,-69.03,26.32
39.93,-69.01,26.36
39.93,-68.99,26.4
39.93,-68.97,26.32
39.91,-70.63,25.52
39.91,-70.61,25.53
39.91,-70.59,25.56
39.91,-70.57,25.58
39.91,-70.55,25.64
39.91,-70.35,26.48
39.91,-70.33,26.49
39.91,-70.31,26.49
39.91,-70.29,26.46
39.91,-70.27,26.45
39.91,-70.03,26.78
39.91,-70.01,26.73
39.91,-69.99,26.66
39.91,-69.97,26.67
39.91,-69.95,26.64
39.91,-69.93,26.62
39.91,-69.91,26.63
39.91,-69.89,26.58
39.91,-69.87,26.61
39.91,-69.85,26.61
39.91,-69.83,26.59
39.91,-69.81,26.59
39.91,-69.79,26.61
39.91,-69.77,26.62
39.91,-69.75,26.62
39.91,-69.73,26.64
39.91,-69.71,26.67
39.91,-69.69,26.68
39.91,-69.67,26.71
39.91,-69.65,26.74
39.91,-69.63,26.72
39.89,-70.55,25.68
39.89,-70.53,25.74
39.89,-70.51,25.83
39.89,-70.37,26.46
39.89,-70.35,26.49
39.89,-70.33,26.53
39.89,-70.31,26.5
39.89,-70.29,26.49
39.89,-70.27,26.48
39.89,-69.99,26.61
39.89,-69.97,26.61
39.89,-69.95,26.56
39.89,-69.93,26.52
39.89,-69.91,26.53
39.89,-69.89,26.53
39.89,-69.87,26.52
39.89,-69.85,26.5
39.89,-69.83,26.51
39.89,-69.81,26.49
39.89,-69.79,26.46
39.89,-69.77,26.48
39.89,-69.75,26.49
39.89,-69.73,26.54
39.89,-69.71,26.59
39.89,-69.69,26.63
39.89,-69.67,26.65
39.89,-69.65,26.67
39.87,-70.99,25.63
39.87,-70.97,25.57
39.87,-70.95,25.53
39.87,-70.93,25.59
39.87,-70.57,25.75
39.87,-70.55,25.78
39.87,-70.53,25.91
39.87,-70.51,25.96
39.87,-70.49,25.94
39.87,-70.47,25.95
39.87,-70.45,26.04
39.87,-70.43,26.1
39.87,-70.41,26.67
39.87,-70.39,26.66
39.87,-70.37,26.67
39.87,-70.35,26.72
39.87,-70.33,26.63
39.87,-70.31,26.62
39.87,-70.27,26.44
39.87,-70.25,26.46
39.87,-69.93,26.49
39.87,-69.91,26.43
39.87,-69.89,26.42
39.87,-69.87,26.37
39.87,-69.85,26.36
39.87,-69.83,26.35
39.87,-69.81,26.34
39.87,-69.79,26.33
39.87,-69.77,26.36
39.87,-69.75,26.41
39.85,-71.03,25.56
39.85,-71.01,25.6
39.85,-70.99,25.66
39.85,-70.97,25.68
39.85,-70.95,25.73
39.85,-70.93,25.72
39.85,-70.91,25.74
39.85,-70.57,25.78
39.85,-70.55,25.85
39.85,-70.53,25.96
39.85,-70.51,26.11
39.85,-70.49,26.09
39.85,-70.47,26.12
39.85,-70.45,26.16
39.85,-70.43,26.6
39.85,-70.41,26.7
39.85,-70.39,26.68
39.85,-70.37,26.68
39.85,-70.35,26.69
39.85,-70.33,26.67
39.85,-70.31,26.69
39.85,-70.29,26.63
39.85,-70.27,26.61
39.85,-70.25,26.59
39.85,-70.23,26.58
39.85,-70.21,26.38
39.85,-69.91,26.36
39.85,-69.89,26.19
39.85,-69.87,26.19
39.85,-69.85,26.17
39.85,-69.83,26.18
39.85,-69.81,26.21
39.85,-69.79,26.22
39.83,-71.03,25.56
39.83,-71.01,25.57
39.83,-70.99,25.64
39.83,-70.97,25.7
39.83,-70.95,25.77
39.83,-70.93,25.77
39.83,-70.91,25.68
39.83,-70.89,25.61
39.83,-70.61,25.97
39.83,-70.59,25.92
39.83,-70.57,25.96
39.83,-70.55,26.08
39.83,-70.53,26.2
39.83,-70.51,26.17
39.83,-70.49,26.07
39.83,-70.47,26.28
39.83,-70.45,26.41
39.83,-70.43,26.69
39.83,-70.41,26.65
39.83,-70.39,26.61
39.83,-70.37,26.62
39.83,-70.35,26.62
39.83,-70.33,26.61
39.83,-70.31,26.6
39.83,-70.29,26.58
39.83,-70.27,26.63
39.83,-70.25,26.62
39.83,-70.23,26.35
39.83,-70.21,26.37
39.83,-70.19,26.36
39.83,-70.17,26.37
39.83,-69.87,26.15
39.83,-69.85,26.17
39.83,-69.83,26.17
39.83,-69.81,26.17
39.81,-71.01,25.59
39.81,-70.99,25.64
39.81,-70.97,25.68
39.81,-70.95,25.73
39.81,-70.93,25.72
39.81,-70.91,25.62
39.81,-70.89,25.55
39.81,-70.87,25.52
39.81,-70.59,26.08
39.81,-70.57,26.05
39.81,-70.55,26.06
39.81,-70.53,26.18
39.81,-70.51,26.15
39.81,-70.41,26.56
39.81,-70.39,26.56
39.81,-70.37,26.58
39.81,-70.35,26.54
39.81,-70.33,26.54
39.81,-70.31,26.36
39.81,-70.29,26.42
39.81,-70.27,26.44
39.81,-70.25,26.39
39.81,-70.23,26.41
39.81,-70.21,26.45
39.81,-70.19,26.38
39.81,-70.17,26.36
39.81,-70.15,26.25
39.81,-70.13,26.22
39.79,-70.91,25.57
39.79,-70.89,25.55
39.79,-70.87,25.53
39.79,-70.39,26.49
39.79,-70.37,26.54
39.79,-70.31,26.37
39.79,-70.29,26.38
39.79,-70.27,26.42
39.79,-70.25,26.43
39.79,-70.23,26.55
39.79,-70.21,26.48
39.79,-70.19,26.37
39.79,-70.17,26.33
39.79,-70.15,26.29
39.79,-70.13,26.26
39.77,-70.89,25.58
39.77,-70.81,25.58
39.77,-70.51,26.15
39.77,-70.29,26.41
39.77,-70.27,26.4
39.77,-70.25,26.44
39.77,-70.23,26.47
39.77,-70.21,26.45
39.77,-70.19,26.37
39.77,-70.17,26.31
39.77,-70.15,26.25
39.77,-70.13,26.17
39.77,-70.11,26.13
39.77,-69.73,26.84
39.77,-69.71,26.87
39.77,-69.69,26.92
39.77,-69.67,26.94
39.77,-69.39,26.77
39.77,-69.27,26.76
39.77,-69.25,26.7
39.77,-69.23,26.63
39.77,-69.21,26.63
39.77,-69.19,26.65
39.77,-69.07,26.52
39.77,-69.05,26.52
39.75,-70.51,26.22
39.75,-70.49,26.26
39.75,-70.29,26.28
39.75,-70.19,26.32
39.75,-70.17,26.31
39.75,-70.15,26.18
39.75,-70.13,26.14
39.75,-70.11,26.14
39.75,-69.71,26.88
39.75,-69.69,26.92
39.75,-69.67,26.94
39.75,-69.65,26.97
39.75,-69.63,26.99
39.75,-69.61,27.03
39.75,-69.59,26.98
39.75,-69.57,26.96
39.75,-69.45,26.82
39.75,-69.43,26.84
39.75,-69.41,26.88
39.75,-69.39,26.87
39.75,-69.37,26.85
39.75,-69.35,26.96
39.75,-69.33,26.98
39.75,-69.31,26.84
39.75,-69.29,26.83
39.75,-69.27,26.85
39.75,-69.25,26.81
39.75,-69.23,26.83
39.75,-69.21,26.77
39.75,-69.19,26.77
39.75,-69.17,26.81
39.75,-69.15,26.75
39.73,-70.45,26.17
39.73,-69.61,27.12
39.73,-69.59,27.1
39.73,-69.57,27.01
39.73,-69.55,26.99
39.73,-69.43,26.9
39.73,-69.41,26.98
39.73,-69.39,26.96
39.73,-69.37,26.96
39.73,-69.35,27.01
39.73,-69.33,27.01
39.73,-69.31,26.96
39.73,-69.29,26.97
39.73,-69.27,26.99
39.73,-69.25,26.95
39.73,-69.23,26.95
39.73,-69.21,26.94
39.73,-69.19,26.97
39.73,-69.17,26.99
39.73,-69.15,26.96
39.73,-69.13,26.81
39.73,-69.11,26.97
39.71,-71.81,25.51
39.71,-71.79,25.53
39.71,-69.43,26.99
39.71,-69.41,27.01
39.71,-69.39,27.01
39.71,-69.37,27.0
39.71,-69.35,27.07
39.71,-69.33,27.09
39.71,-69.31,27.06
39.71,-69.29,27.09
39.71,-69.27,27.09
39.71,-69.25,27.01
39.71,-69.23,27.01
39.71,-69.21,27.07
39.71,-69.19,27.1
39.71,-69.17,27.09
39.71,-69.15,27.18
39.71,-69.13,27.11
39.71,-69.11,26.95
39.71,-69.09,26.89
39.69,-69.45,27.08
39.69,-69.43,27.06
39.69,-69.41,27.11
39.69,-69.39,27.1
39.69,-69.37,27.05
39.69,-69.35,27.1
39.69,-69.33,27.11
39.69,-69.31,27.16
39.69,-69.29,27.13
39.69,-69.27,27.1
39.69,-69.25,27.1
39.69,-69.23,27.11
39.69,-69.21,27.18
39.69,-69.19,27.18
39.69,-69.17,27.21
39.69,-69.15,27.26
39.69,-69.13,27.18
39.69,-69.11,27.09
39.69,-69.09,26.8
39.69,-69.07,26.74
39.67,-70.03,26.38
39.67,-70.01,26.39
39.67,-69.45,27.02
39.67,-69.43,27.0
39.67,-69.41,27.0
39.67,-69.39,26.98
39.67,-69.37,27.03
39.67,-69.35,27.05
39.67,-69.33,27.08
39.67,-69.31,27.09
39.67,-69.29,27.09
39.67,-69.27,27.09
39.67,-69.25,27.1
39.67,-69.23,27.11
39.67,-69.21,27.12
39.67,-69.19,27.15
39.67,-69.17,27.16
39.67,-69.15,27.18
39.67,-69.13,27.17
39.67,-69.11,26.97
39.67,-69.09,26.74
39.67,-69.07,26.71
39.67,-69.05,26.69
39.67,-68.97,26.52
39.65,-71.91,25.45
39.65,-70.05,26.44
39.65,-70.03,26.43
39.65,-70.01,26.43
39.65,-69.99,26.43
39.65,-69.41,27.0
39.65,-69.39,26.91
39.65,-69.37,26.95
39.65,-69.35,26.97
39.65,-69.33,27.01
39.65,-69.31,27.07
39.65,-69.29,27.07
39.65,-69.27,27.06
39.65,-69.25,27.07
39.65,-69.23,27.07
39.65,-69.21,27.06
39.65,-69.19,27.09
39.65,-69.17,27.09
39.65,-69.15,27.07
39.65,-69.13,27.02
39.65,-69.11,26.91
39.65,-69.09,26.67
39.65,-69.07,26.67
39.65,-69.05,26.66
39.63,-69.37,26.79
39.63,-69.35,26.85
39.63,-69.33,26.87
39.63,-69.31,26.87
39.63,-69.29,26.87
39.63,-69.27,26.9
39.63,-69.25,26.88
39.63,-69.23,26.87
39.63,-69.21,26.89
39.63,-69.19,26.77
39.63,-69.17,26.88
39.63,-69.15,26.9
39.63,-69.13,26.83
39.63,-69.11,26.79
39.63,-69.09,26.69
39.63,-69.07,26.63
39.63,-69.05,26.63
39.61,-71.51,26.27
39.61,-69.31,26.8
39.61,-69.29,26.77
39.61,-69.27,26.51
39.61,-69.25,26.56
39.61,-69.23,26.58
39.61,-69.21,26.59
39.61,-69.19,26.59
39.61,-69.17,26.57
39.61,-69.15,26.58
39.61,-69.13,26.66
39.61,-69.11,26.65
39.61,-69.09,26.63
39.61,-69.07,26.59
39.61,-69.05,26.6
39.61,-69.03,26.55
39.61,-69.01,26.55
39.61,-68.97,26.47
39.59,-71.51,26.29
39.59,-69.29,26.46
39.59,-69.27,26.51
39.59,-69.25,26.56
39.59,-69.23,26.49
39.59,-69.21,26.49
39.59,-69.19,26.52
39.59,-69.17,26.54
39.59,-69.01,26.56
39.59,-68.99,26.51
39.59,-68.97,26.46
39.57,-69.21,26.45
39.57,-69.19,26.47
39.57,-69.17,26.5
39.57,-69.15,26.51
39.57,-69.13,26.53
39.57,-69.07,26.42
39.57,-69.05,26.47
39.57,-69.03,26.5
39.57,-69.01,26.5
39.57,-68.99,26.45
39.57,-68.97,26.42
39.55,-69.07,26.39
39.55,-69.05,26.37
39.55,-69.03,26.38
39.55,-69.01,26.4
39.55,-68.99,26.38
39.55,-68.97,26.41
39.53,-69.03,26.33
39.53,-69.01,26.3
39.53,-68.99,26.24
39.53,-68.97,26.27
39.49,-69.99,26.98
39.49,-69.97,27.04
39.47,-69.99,27.05
39.47,-69.97,27.03
39.47,-69.95,27.06
39.47,-69.87,27.76
39.47,-69.85,27.75
39.47,-69.83,27.67
39.47,-69.81,27.58
39.47,-69.79,27.53
39.47,-69.77,27.19
39.47,-68.99,26.25
39.47,-68.97,26.27
39.45,-69.87,27.79
39.45,-69.85,27.76
39.45,-69.83,27.66
39.45,-69.81,27.57
39.45,-69.79,27.44
39.45,-69.13,26.33
39.45,-69.11,26.36
39.45,-69.09,26.36
39.45,-69.07,26.33
39.45,-69.05,26.31
39.45,-69.03,26.33
39.45,-69.01,26.33
39.45,-68.99,26.29
39.45,-68.97,26.28
39.43,-73.51,23.83
39.43,-70.07,27.92
39.43,-70.05,27.91
39.43,-70.03,27.89
39.43,-70.01,27.88
39.43,-69.77,26.96
39.43,-69.11,26.45
39.43,-69.09,26.42
39.43,-69.07,26.38
39.41,-70.09,27.67
39.41,-70.07,27.68
39.41,-70.05,27.89
39.41,-69.95,28.05
39.41,-69.93,28.14
39.41,-69.91,28.14
39.41,-69.79,26.93
39.41,-69.21,26.55
39.41,-69.19,26.52
39.39,-70.09,27.68
39.39,-70.07,27.69
39.39,-69.97,27.81
39.39,-69.95,28.02
39.39,-69.93,28.09
39.39,-69.91,27.69
39.39,-69.87,27.84
39.39,-69.85,27.6
39.39,-69.83,27.49
39.39,-69.81,27.26
39.39,-69.19,26.63
39.39,-69.17,26.72
39.39,-69.15,26.73
39.39,-69.05,26.54
39.39,-69.03,26.77
39.39,-69.01,26.64
39.37,-69.97,27.72
39.37,-69.95,27.69
39.37,-69.93,27.69
39.37,-69.91,27.78
39.37,-69.89,27.86
39.37,-69.87,27.86
39.37,-69.85,27.83
39.37,-69.83,27.57
39.37,-69.25,26.56
39.37,-69.19,26.62
39.37,-69.17,26.61
39.37,-69.15,26.65
39.37,-69.07,26.52
39.37,-69.05,26.51
39.37,-69.03,26.47
39.37,-69.01,26.47
39.37,-68.99,26.49
39.37,-68.97,26.59
39.35,-69.93,27.77
39.35,-69.91,27.93
39.35,-69.89,27.98
39.35,-69.87,27.96
39.35,-69.85,27.88
39.35,-69.27,26.55
39.35,-69.25,26.6
39.35,-69.23,26.67
39.35,-69.21,26.65
39.35,-69.19,26.65
39.35,-69.17,26.6
39.35,-69.15,26.48
39.35,-69.13,26.44
39.35,-69.11,26.49
39.35,-69.09,26.53
39.35,-69.07,26.56
39.35,-69.05,26.54
39.35,-69.03,26.51
39.35,-69.01,26.54
39.35,-68.99,26.6
39.35,-68.97,26.64
39.33,-69.15,26.51
39.33,-69.13,26.54
39.33,-69.11,26.55
39.33,-69.09,26.58
39.33,-69.07,26.59
39.33,-69.05,26.6
39.33,-69.03,26.61
39.33,-69.01,26.64
39.33,-68.99,26.71
39.33,-68.97,26.7
39.31,-70.35,27.06
39.31,-70.17,27.53
39.31,-70.11,27.43
39.31,-70.09,27.39
39.31,-69.17,26.5
39.31,-69.15,26.49
39.31,-69.13,26.53
39.31,-69.11,26.59
39.31,-69.09,26.6
39.31,-69.07,26.59
39.31,-69.05,26.62
39.31,-69.03,26.65
39.31,-69.01,26.66
39.31,-68.99,26.67
39.31,-68.97,26.67
39.29,-70.21,27.59
39.29,-70.13,27.44
39.29,-70.11,27.45
39.29,-69.17,26.53
39.29,-69.15,26.5
39.29,-69.13,26.51
39.29,-69.11,26.56
39.29,-69.09,26.63
39.29,-69.07,26.62
39.29,-69.05,26.63
39.29,-69.03,26.67
39.29,-69.01,26.78
39.29,-68.99,26.79
39.29,-68.97,26.72
39.27,-70.21,27.56
39.27,-69.13,26.57
39.27,-69.11,26.59
39.27,-69.09,26.68
39.27,-69.07,26.73
39.27,-69.05,26.73
39.23,-70.21,27.21
39.23,-70.19,27.26
39.19,-74.33,25.02
39.17,-70.25,26.9
39.17,-70.23,26.85
39.15,-70.25,26.9
39.15,-70.23,26.89
39.15,-69.85,27.55
39.15,-69.83,27.56
39.13,-69.95,26.93
39.13,-69.93,26.97
39.13,-69.89,27.59
39.13,-69.87,27.57
39.13,-69.85,27.54
39.11,-69.95,26.94
39.11,-69.93,26.94
39.11,-69.91,27.39
39.11,-69.89,27.55
39.11,-69.87,27.51
39.11,-69.85,27.48
39.11,-69.09,26.52
39.11,-69.07,26.53
39.11,-69.05,26.61
39.09,-69.09,26.56
39.09,-69.07,26.6
39.09,-69.05,26.63
39.09,-68.97,26.61
39.07,-73.87,24.24
39.07,-73.85,24.24
39.07,-68.99,26.57
39.07,-68.97,26.58
39.05,-73.89,24.77
39.05,-73.87,24.74
39.05,-73.85,24.6
39.05,-68.99,26.47
39.05,-68.97,26.43
39.03,-73.69,24.36
39.03,-73.67,24.32
39.03,-68.99,26.47
39.03,-68.97,26.47
39.01,-73.87,24.44
39.01,-73.85,24.46
39.01,-73.71,24.53
39.01,-73.69,24.44
39.01,-73.67,24.35
39.01,-73.65,24.34
39.01,-73.63,24.45
39.01,-68.99,26.54
39.01,-68.97,26.54
38.99,-73.69,24.42
38.99,-73.67,24.4
38.99,-73.65,24.44
38.99,-73.63,24.57
38.99,-73.61,24.58
38.99,-73.59,24.57
38.99,-68.99,26.57
38.99,-68.97,26.58
38.97,-73.61,24.52
38.97,-73.59,24.49
38.97,-68.99,26.43
38.97,-68.97,26.38
38.95,-73.61,24.58
38.95,-73.37,24.76
38.95,-73.35,24.76
38.95,-73.31,24.54
38.95,-73.29,24.56
38.95,-68.97,26.39
38.93,-74.65,24.67
38.93,-73.91,25.16
38.93,-73.89,25.16
38.93,-73.39,24.75
38.93,-73.37,24.73
38.93,-73.35,24.64
38.93,-73.33,24.56
38.93,-73.31,24.54
38.91,-74.65,24.58
38.91,-74.63,24.54
38.91,-73.93,25.21
38.91,-73.91,25.23
38.91,-73.89,25.21
38.91,-73.85,25.13
38.91,-73.83,24.96
38.91,-73.81,24.86
38.91,-73.79,24.85
38.91,-73.77,24.83
38.91,-73.75,24.92
38.91,-73.41,24.7
38.91,-73.39,24.75
38.91,-73.37,24.8
38.91,-73.35,24.69
38.91,-73.33,24.7
38.91,-73.31,24.71
38.89,-73.93,25.22
38.89,-73.91,25.23
38.89,-73.79,24.84
38.89,-73.77,24.83
38.89,-73.75,25.0
38.89,-73.73,25.16
38.89,-73.71,25.13
38.87,-74.73,25.23
38.87,-74.71,25.21
38.87,-74.69,25.2
38.87,-74.67,25.09
38.87,-74.65,24.96
38.87,-74.63,24.66
38.87,-74.61,24.85
38.87,-74.59,25.09
38.87,-74.57,25.18
38.87,-73.91,25.29
38.87,-73.89,25.24
38.87,-73.87,25.23
38.87,-73.85,25.28
38.87,-73.79,24.82
38.87,-73.77,24.8
38.87,-73.75,24.98
38.87,-73.73,25.11
38.87,-73.65,24.72
38.87,-73.63,24.66
38.85,-74.73,25.31
38.85,-74.71,25.27
38.85,-74.69,25.23
38.85,-74.67,25.13
38.85,-74.65,24.99
38.85,-74.63,24.95
38.85,-74.61,25.05
38.85,-74.59,25.1
38.85,-73.91,25.28
38.85,-73.89,25.23
38.85,-73.87,25.26
38.85,-73.85,25.31
38.85,-73.83,25.27
38.85,-73.79,25.24
38.85,-73.77,25.19
38.85,-73.75,25.18
38.85,-73.73,25.15
38.85,-73.61,24.58
38.85,-73.59,24.58
38.85,-73.57,24.51
38.85,-73.55,24.49
38.83,-74.67,25.04
38.83,-74.65,24.95
38.83,-74.63,24.91
38.83,-74.61,25.05
38.83,-73.87,25.49
38.83,-73.85,25.47
38.83,-73.81,25.4
38.83,-73.79,25.4
38.83,-73.77,25.38
38.83,-73.75,25.37
38.81,-74.67,25.04
38.81,-74.65,24.99
38.81,-74.63,24.94
38.81,-73.87,25.56
38.81,-73.83,25.39
38.81,-73.81,25.34
38.81,-73.79,25.27
38.81,-73.77,25.21
38.81,-73.75,25.15
38.81,-73.41,25.0
38.81,-73.39,25.01
38.79,-74.69,25.25
38.79,-74.67,24.96
38.79,-74.65,24.94
38.79,-74.23,25.68
38.79,-74.21,25.6
38.79,-73.87,25.65
38.79,-73.85,25.58
38.79,-73.83,25.4
38.79,-73.81,25.34
38.79,-73.79,24.98
38.79,-73.77,24.91
38.79,-73.75,24.85
38.79,-73.41,24.99
38.79,-73.39,25.01
38.79,-73.37,25.06
38.77,-74.69,25.24
38.77,-74.67,25.26
38.77,-74.65,25.23
38.77,-74.25,25.71
38.77,-74.23,25.72
38.77,-74.21,25.6
38.77,-73.89,25.62
38.77,-73.87,25.78
38.77,-73.85,25.79
38.75,-74.71,25.44
38.75,-74.69,25.47
38.75,-74.67,25.48
38.75,-74.65,25.67
38.75,-74.53,25.26
38.75,-74.27,25.74
38.75,-74.25,25.74
38.75,-73.93,24.89
38.73,-74.73,25.33
38.73,-74.71,25.63
38.73,-74.69,25.63
38.73,-74.67,25.64
38.73,-74.65,25.64
38.73,-74.29,25.62
38.73,-74.27,25.66
38.73,-74.25,25.66
38.71,-74.85,25.01
38.71,-74.83,24.93
38.71,-74.81,24.91
38.71,-74.79,25.35
38.71,-74.77,25.35
38.71,-74.75,25.44
38.71,-74.73,25.44
38.71,-74.71,25.51
38.71,-74.69,25.53
38.71,-74.67,25.51
38.71,-74.65,25.52
38.71,-74.31,25.65
38.71,-74.29,25.64
38.71,-74.27,25.61
38.71,-74.25,25.57
38.71,-73.91,25.17
38.71,-73.89,25.37
38.71,-73.87,25.37
38.71,-73.85,25.3
38.71,-73.83,25.3
38.71,-69.83,28.13
38.71,-69.81,28.09
38.69,-74.89,25.16
38.69,-74.87,25.09
38.69,-74.85,25.06
38.69,-74.83,24.99
38.69,-74.81,25.06
38.69,-74.79,25.19
38.69,-74.77,25.31
38.69,-74.75,25.5
38.69,-74.73,25.45
38.69,-74.71,25.46
38.69,-74.69,25.49
38.69,-74.67,25.49
38.69,-74.65,25.52
38.69,-74.53,25.92
38.69,-74.51,25.95
38.69,-74.49,25.93
38.69,-74.41,25.69
38.69,-74.33,25.64
38.69,-74.31,25.71
38.69,-74.29,25.79
38.69,-73.91,25.26
38.69,-73.89,25.29
38.69,-73.87,25.35
38.69,-73.85,25.3
38.69,-73.83,25.29
38.69,-69.89,27.99
38.69,-69.87,28.0
38.69,-69.85,28.0
38.69,-69.83,28.11
38.69,-69.81,28.12
38.67,-74.91,25.17
38.67,-74.89,25.16
38.67,-74.87,25.15
38.67,-74.85,25.06
38.67,-74.83,24.93
38.67,-74.81,24.93
38.67,-74.79,25.09
38.67,-74.77,25.18
38.67,-74.75,25.42
38.67,-74.73,25.48
38.67,-74.71,25.46
38.67,-74.69,25.46
38.67,-74.67,25.5
38.67,-74.59,25.73
38.67,-74.57,25.7
38.67,-74.55,25.75
38.67,-74.53,25.87
38.67,-74.51,25.98
38.67,-74.49,25.96
38.67,-74.45,25.81
38.67,-74.43,25.77
38.67,-74.41,25.71
38.67,-74.33,25.6
38.67,-74.31,25.66
38.67,-74.29,25.73
38.67,-74.27,25.43
38.67,-74.25,25.35
38.67,-73.91,25.44
38.67,-73.89,25.43
38.67,-73.87,25.36
38.67,-73.85,25.34
38.67,-73.83,25.35
38.67,-73.41,25.41
38.67,-73.39,25.49
38.67,-73.37,25.48
38.67,-69.89,28.0
38.67,-69.87,28.01
38.67,-69.85,27.98
38.65,-74.95,24.95
38.65,-74.93,25.07
38.65,-74.91,25.13
38.65,-74.89,25.19
38.65,-74.87,25.16
38.65,-74.85,25.09
38.65,-74.83,25.01
38.65,-74.81,24.97
38.65,-74.79,25.12
38.65,-74.77,25.21
38.65,-74.75,25.39
38.65,-74.73,25.47
38.65,-74.71,25.5
38.65,-74.69,25.5
38.65,-74.67,25.53
38.65,-74.65,25.53
38.65,-74.63,25.64
38.65,-74.61,25.82
38.65,-74.59,25.81
38.65,-74.57,25.61
38.65,-74.55,25.67
38.65,-74.53,25.84
38.65,-74.49,25.66
38.65,-74.47,25.59
38.65,-74.45,25.8
38.65,-74.43,25.82
38.65,-74.35,25.55
38.65,-73.89,25.49
38.65,-73.87,25.48
38.65,-73.41,25.42
38.65,-73.39,25.43
38.63,-74.99,24.94
38.63,-74.97,24.89
38.63,-74.95,24.98
38.63,-74.93,25.06
38.63,-74.91,25.1
38.63,-74.89,25.24
38.63,-74.87,25.3
38.63,-74.85,25.28
38.63,-74.83,25.22
38.63,-74.81,25.21
38.63,-74.79,25.31
38.63,-74.77,25.36
38.63,-74.75,25.43
38.63,-74.73,25.48
38.63,-74.71,25.41
38.63,-74.69,25.45
38.63,-74.67,25.55
38.63,-74.65,25.62
38.63,-74.63,25.71
38.63,-74.61,25.73
38.63,-74.59,25.72
38.63,-74.57,25.63
38.63,-74.55,25.8
38.63,-74.53,25.85
38.63,-74.51,25.72
38.63,-74.49,25.68
38.63,-74.47,25.75
38.63,-74.45,25.83
38.63,-74.43,25.86
38.63,-74.35,25.88
38.63,-73.93,25.42
38.61,-75.03,25.14
38.61,-75.01,25.15
38.61,-74.99,25.09
38.61,-74.97,25.03
38.61,-74.95,24.92
38.61,-74.93,25.03
38.61,-74.91,25.17
38.61,-74.89,25.27
38.61,-74.87,25.28
38.61,-74.85,25.23
38.61,-74.83,25.25
38.61,-74.81,25.32
38.61,-74.79,25.37
38.61,-74.77,25.38
38.61,-74.75,25.5
38.61,-74.73,25.54
38.61,-74.71,25.58
38.61,-74.69,25.62
38.61,-74.67,25.66
38.61,-74.65,25.72
38.61,-74.63,25.77
38.61,-74.61,25.74
38.61,-74.59,25.71
38.61,-74.57,25.66
38.61,-74.55,25.65
38.61,-74.53,25.52
38.61,-74.51,25.46
38.61,-74.49,25.66
38.61,-74.47,25.84
38.61,-74.45,25.83
38.61,-74.37,25.97
38.61,-74.35,25.97
38.61,-73.95,25.42
38.61,-73.93,25.46
38.61,-73.91,25.43
38.59,-75.03,25.09
38.59,-75.01,25.1
38.59,-74.99,25.24
38.59,-74.97,25.27
38.59,-74.95,25.14
38.59,-74.93,25.02
38.59,-74.91,25.23
38.59,-74.89,25.29
38.59,-74.87,25.27
38.59,-74.85,25.27
38.59,-74.83,25.37
38.59,-74.81,25.39
38.59,-74.79,25.48
38.59,-74.77,25.62
38.59,-74.75,25.66
38.59,-74.73,25.75
38.59,-74.71,25.81
38.59,-74.69,25.8
38.59,-74.67,25.84
38.59,-74.65,25.83
38.59,-74.63,25.78
38.59,-74.61,25.76
38.59,-74.59,25.73
38.59,-74.57,25.72
38.59,-74.55,25.72
38.59,-74.53,25.57
38.59,-74.51,25.69
38.59,-74.49,25.82
38.59,-74.47,25.82
38.59,-74.39,25.64
38.59,-74.37,25.64
38.59,-74.35,25.63
38.59,-74.33,25.62
38.59,-70.51,26.47
38.59,-70.43,26.62
38.59,-70.41,26.63
38.57,-75.03,25.06
38.57,-75.01,25.2
38.57,-74.99,25.28
38.57,-74.97,25.52
38.57,-74.95,25.56
38.57,-74.93,25.58
38.57,-74.91,25.58
38.57,-74.89,25.67
38.57,-74.87,25.77
38.57,-74.85,25.75
38.57,-74.83,25.73
38.57,-74.81,25.79
38.57,-74.79,25.71
38.57,-74.77,25.7
38.57,-74.75,25.67
38.57,-74.73,25.75
38.57,-74.71,25.81
38.57,-74.69,25.86
38.57,-74.67,25.88
38.57,-74.65,25.9
38.57,-74.63,25.82
38.57,-74.61,25.82
38.57,-74.59,25.82
38.57,-74.57,25.74
38.57,-74.55,25.7
38.57,-74.53,25.86
38.57,-74.51,25.96
38.57,-74.49,25.91
38.57,-74.47,25.83
38.57,-74.39,25.62
38.57,-74.37,25.63
38.57,-74.35,25.63
38.57,-74.33,25.66
38.55,-75.05,25.05
38.55,-75.03,25.06
38.55,-75.01,25.26
38.55,-74.99,25.37
38.55,-74.97,25.63
38.55,-74.95,25.6
38.55,-74.93,25.59
38.55,-74.91,25.58
38.55,-74.89,25.67
38.55,-74.87,25.76
38.55,-74.85,25.83
38.55,-74.83,25.79
38.55,-74.81,25.85
38.55,-74.79,25.86
38.55,-74.77,25.9
38.55,-74.75,25.86
38.55,-74.73,25.85
38.55,-74.71,25.83
38.55,-74.69,25.85
38.55,-74.67,25.9
38.55,-74.65,25.89
38.55,-74.63,25.92
38.55,-74.61,25.95
38.55,-74.59,25.92
38.55,-74.57,25.79
38.55,-74.55,25.83
38.55,-74.53,25.9
38.55,-74.51,25.95
38.55,-74.49,25.91
38.55,-74.41,25.7
38.53,-75.05,25.08
38.53,-75.03,25.1
38.53,-75.01,25.24
38.53,-74.99,25.47
38.53,-74.97,25.55
38.53,-74.95,25.55
38.53,-74.93,25.57
38.53,-74.91,25.58
38.53,-74.89,25.64
38.53,-74.87,25.75
38.53,-74.85,25.94
38.53,-74.83,25.95
38.53,-74.81,25.93
38.53,-74.79,25.9
38.53,-74.77,25.96
38.53,-74.75,25.95
38.53,-74.73,25.91
38.53,-74.71,25.88
38.53,-74.69,25.92
38.53,-74.67,26.04
38.53,-74.65,25.88
38.53,-74.63,25.92
38.53,-74.61,25.96
38.53,-74.59,25.93
38.53,-74.57,25.84
38.53,-74.55,25.85
38.53,-74.53,26.01
38.53,-74.51,26.01
38.53,-72.69,25.65
38.53,-72.67,25.67
38.51,-75.03,25.19
38.51,-75.01,25.33
38.51,-74.99,25.42
38.51,-74.97,25.48
38.51,-74.95,25.49
38.51,-74.93,25.51
38.51,-74.91,25.53
38.51,-74.89,25.65
38.51,-74.87,25.75
38.51,-74.85,25.93
38.51,-74.83,25.97
38.51,-74.81,25.95
38.51,-74.79,25.94
38.51,-74.77,25.97
38.51,-74.75,25.97
38.51,-74.73,25.94
38.51,-74.71,25.87
38.51,-74.69,25.91
38.51,-74.67,25.88
38.51,-74.65,25.89
38.51,-74.63,25.9
38.51,-74.61,25.89
38.51,-74.59,25.92
38.51,-74.57,25.84
38.51,-74.55,25.82
38.51,-72.85,25.59
38.51,-72.77,25.77
38.51,-72.75,25.88
38.51,-72.73,25.95
38.51,-72.71,25.89
38.51,-72.67,25.84
38.51,-72.65,25.85
38.51,-71.31,26.53
38.51,-71.29,26.55
38.49,-75.03,25.38
38.49,-75.01,25.37
38.49,-74.99,25.47
38.49,-74.97,25.53
38.49,-74.95,25.53
38.49,-74.93,25.51
38.49,-74.91,25.48
38.49,-74.89,25.59
38.49,-74.87,25.82
38.49,-74.85,25.95
38.49,-74.83,25.94
38.49,-74.81,25.95
38.49,-74.79,25.94
38.49,-74.77,26.01
38.49,-74.75,26.02
38.49,-74.73,25.97
38.49,-74.71,25.93
38.49,-74.69,25.96
38.49,-74.67,25.93
38.49,-74.65,25.86
38.49,-74.63,25.78
38.49,-74.61,25.75
38.49,-74.59,25.75
38.49,-74.57,25.79
38.49,-74.55,25.82
38.49,-73.41,25.44
38.49,-73.39,25.37
38.49,-72.91,25.38
38.49,-72.89,25.49
38.49,-72.87,25.54
38.49,-72.85,25.59
38.49,-72.83,25.73
38.49,-72.81,25.83
38.49,-72.79,25.61
38.49,-72.77,25.8
38.49,-72.75,25.95
38.49,-72.73,26.04
38.49,-72.71,25.96
38.49,-72.67,25.87
38.49,-72.65,25.87
38.49,-71.33,26.47
38.49,-71.31,26.61
38.49,-71.29,26.64
38.47,-75.03,25.22
38.47,-75.01,25.22
38.47,-74.99,25.52
38.47,-74.97,25.62
38.47,-74.95,25.64
38.47,-74.93,25.61
38.47,-74.91,25.64
38.47,-74.89,25.72
38.47,-74.87,25.79
38.47,-74.85,26.01
38.47,-74.83,25.96
38.47,-74.81,25.92
38.47,-74.79,25.98
38.47,-74.77,26.03
38.47,-74.75,26.0
38.47,-74.73,26.0
38.47,-74.71,26.05
38.47,-74.69,26.04
38.47,-74.67,25.95
38.47,-74.65,25.89
38.47,-74.63,25.91
38.47,-74.61,25.85
38.47,-74.59,25.78
38.47,-74.57,25.77
38.47,-74.41,26.1
38.47,-74.35,26.03
38.47,-73.53,26.02
38.47,-73.51,26.02
38.47,-73.49,25.96
38.47,-72.97,25.39
38.47,-72.93,25.36
38.47,-72.91,25.37
38.47,-72.89,25.45
38.47,-72.87,25.5
38.47,-72.85,25.58
38.47,-72.83,25.7
38.47,-72.81,25.78
38.47,-72.79,25.68
38.47,-72.77,25.66
38.47,-72.75,25.98
38.47,-72.73,26.05
38.47,-72.71,26.01
38.47,-71.35,26.53
38.47,-71.33,26.59
38.47,-71.31,26.66
38.45,-76.39,27.41
38.45,-75.03,25.34
38.45,-75.01,25.28
38.45,-74.99,25.39
38.45,-74.97,25.59
38.45,-74.95,25.69
38.45,-74.93,25.83
38.45,-74.91,26.0
38.45,-74.89,26.2
38.45,-74.87,26.11
38.45,-74.85,26.03
38.45,-74.83,26.01
38.45,-74.81,26.03
38.45,-74.79,26.04
38.45,-74.77,26.05
38.45,-74.75,26.08
38.45,-74.73,26.07
38.45,-74.71,26.05
38.45,-74.69,25.94
38.45,-74.67,25.88
38.45,-74.65,25.9
38.45,-74.63,25.87
38.45,-74.61,25.79
38.45,-74.59,25.83
38.45,-74.57,25.82
38.45,-74.55,25.8
38.45,-74.51,25.8
38.45,-74.49,25.78
38.45,-74.47,25.79
38.45,-74.45,25.74
38.45,-74.43,26.05
38.45,-74.41,26.14
38.45,-74.39,26.14
38.45,-74.37,26.08
38.45,-74.21,25.52
38.45,-74.19,25.59
38.45,-73.51,26.13
38.45,-73.49,26.01
38.45,-73.41,25.66
38.45,-72.97,25.41
38.45,-72.95,25.39
38.45,-72.93,25.39
38.45,-72.91,25.51
38.45,-72.89,25.58
38.45,-72.87,25.59
38.45,-72.85,25.71
38.45,-72.83,25.73
38.45,-72.81,25.75
38.45,-72.79,25.77
38.45,-72.77,25.67
38.45,-72.75,25.95
38.45,-72.73,26.05
38.45,-72.71,25.91
38.45,-71.35,26.66
38.45,-71.33,26.67
38.45,-71.31,26.64
38.45,-71.11,26.6
38.43,-76.41,27.45
38.43,-76.39,27.37
38.43,-76.37,27.29
38.43,-76.35,27.27
38.43,-75.09,26.92
38.43,-75.07,26.95
38.43,-75.05,25.5
38.43,-75.03,25.3
38.43,-75.01,25.4
38.43,-74.99,25.46
38.43,-74.97,25.66
38.43,-74.95,25.65
38.43,-74.93,25.91
38.43,-74.91,26.03
38.43,-74.89,26.25
38.43,-74.87,26.26
38.43,-74.85,26.18
38.43,-74.83,26.12
38.43,-74.81,26.06
38.43,-74.79,26.04
38.43,-74.77,26.04
38.43,-74.75,26.06
38.43,-74.73,26.07
38.43,-74.71,26.06
38.43,-74.69,26.02
38.43,-74.67,26.09
38.43,-74.65,26.07
38.43,-74.63,25.99
38.43,-74.61,26.04
38.43,-74.59,25.99
38.43,-74.57,25.86
38.43,-74.53,25.78
38.43,-74.51,25.84
38.43,-74.49,25.93
38.43,-74.47,25.9
38.43,-74.45,25.67
38.43,-74.43,25.66
38.43,-74.41,25.99
38.43,-74.23,25.44
38.43,-74.21,25.56
38.43,-74.19,25.63
38.43,-74.17,25.94
38.43,-74.15,26.01
38.43,-74.13,26.03
38.43,-74.11,26.0
38.43,-73.61,26.15
38.43,-73.59,26.16
38.43,-73.55,26.21
38.43,-73.53,26.21
38.43,-73.51,26.16
38.43,-73.49,26.02
38.43,-73.47,25.93
38.43,-73.41,25.68
38.43,-73.39,25.63
38.43,-73.37,25.51
38.43,-73.05,25.62
38.43,-73.03,25.59
38.43,-72.99,25.58
38.43,-72.97,25.59
38.43,-72.95,25.56
38.43,-72.93,25.55
38.43,-72.89,25.65
38.43,-72.87,25.74
38.43,-72.85,25.75
38.43,-72.83,25.85
38.43,-72.81,25.83
38.43,-72.79,25.76
38.43,-72.77,25.71
38.43,-72.75,25.83
38.43,-72.73,25.87
38.43,-72.71,25.86
38.43,-72.63,25.88
38.43,-72.61,25.93
38.43,-72.59,26.06
38.43,-72.57,26.05
38.43,-72.55,26.07
38.43,-71.37,26.9
38.43,-71.35,26.73
38.43,-71.33,26.56
38.43,-71.25,26.62
38.43,-71.13,26.58
38.43,-71.11,26.6
38.41,-76.41,27.39
38.41,-76.39,27.34
38.41,-76.37,27.27
38.41,-76.35,27.33
38.41,-76.33,27.31
38.41,-75.09,26.73
38.41,-75.05,25.44
38.41,-75.03,25.38
38.41,-75.01,25.41
38.41,-74.99,25.62
38.41,-74.97,25.86
38.41,-74.95,26.0
38.41,-74.93,26.13
38.41,-74.91,26.17
38.41,-74.89,26.21
38.41,-74.87,26.36
38.41,-74.85,26.4
38.41,-74.83,26.31
38.41,-74.81,26.2
38.41,-74.79,26.05
38.41,-74.77,26.07
38.41,-74.75,26.1
38.41,-74.73,26.14
38.41,-74.71,26.03
38.41,-74.69,26.03
38.41,-74.67,26.25
38.41,-74.65,26.29
38.41,-74.63,26.28
38.41,-74.61,26.28
38.41,-74.59,26.11
38.41,-74.53,25.82
38.41,-74.51,25.85
38.41,-74.49,25.89
38.41,-74.47,25.67
38.41,-74.45,25.67
38.41,-74.43,25.71
38.41,-74.27,25.53
38.41,-74.25,25.47
38.41,-74.23,25.49
38.41,-74.21,25.71
38.41,-74.19,25.9
38.41,-74.17,25.97
38.41,-74.15,26.01
38.41,-74.13,26.0
38.41,-74.11,25.97
38.41,-74.09,25.92
38.41,-74.07,25.9
38.41,-74.05,25.85
38.41,-74.03,25.79
38.41,-73.63,26.09
38.41,-73.61,26.1
38.41,-73.59,26.09
38.41,-73.57,26.12
38.41,-73.55,26.18
38.41,-73.53,26.19
38.41,-73.51,26.09
38.41,-73.49,25.97
38.41,-73.47,25.92
38.41,-73.43,25.62
38.41,-73.41,25.62
38.41,-73.39,25.6
38.41,-73.37,25.5
38.41,-73.35,25.45
38.41,-73.03,25.61
38.41,-73.01,25.47
38.41,-72.99,25.44
38.41,-72.97,25.53
38.41,-72.95,25.55
38.41,-72.93,25.55
38.41,-72.85,25.72
38.41,-72.83,25.81
38.41,-72.81,25.84
38.41,-72.79,25.83
38.41,-72.71,25.82
38.41,-72.63,25.9
38.41,-72.61,25.97
38.41,-72.59,26.13
38.41,-72.57,26.16
38.41,-72.55,26.12
38.41,-71.45,26.58
38.41,-71.43,26.61
38.41,-71.39,26.93
38.41,-71.37,26.93
38.41,-71.35,26.84
38.41,-71.13,26.54
38.39,-76.37,27.52
38.39,-76.35,27.44
38.39,-76.33,27.4
38.39,-76.31,27.31
38.39,-75.09,26.63
38.39,-75.05,25.4
38.39,-75.03,25.39
38.39,-75.01,25.41
38.39,-74.99,26.08
38.39,-74.97,26.07
38.39,-74.95,26.05
38.39,-74.93,26.21
38.39,-74.91,26.28
38.39,-74.89,26.3
38.39,-74.87,26.52
38.39,-74.85,26.65
38.39,-74.83,26.59
38.39,-74.81,26.51
38.39,-74.79,26.43
38.39,-74.77,26.29
38.39,-74.75,26.24
38.39,-74.73,26.12
38.39,-74.71,26.11
38.39,-74.69,26.17
38.39,-74.67,26.28
38.39,-74.65,26.34
38.39,-74.63,26.29
38.39,-74.61,26.05
38.39,-74.59,26.04
38.39,-74.57,25.93
38.39,-74.55,25.97
38.39,-74.53,25.96
38.39,-74.51,25.8
38.39,-74.49,25.67
38.39,-74.47,25.51
38.39,-74.45,25.54
38.39,-74.27,25.69
38.39,-74.25,25.58
38.39,-74.23,25.57
38.39,-74.21,25.74
38.39,-74.19,25.91
38.39,-74.17,26.0
38.39,-74.15,26.12
38.39,-74.13,26.06
38.39,-74.11,26.09
38.39,-74.09,26.12
38.39,-74.07,26.09
38.39,-74.05,25.96
38.39,-74.03,25.8
38.39,-74.01,25.42
38.39,-73.99,25.37
38.39,-73.97,25.31
38.39,-73.63,25.98
38.39,-73.61,25.99
38.39,-73.59,25.99
38.39,-73.57,25.98
38.39,-73.55,25.96
38.39,-73.53,25.99
38.39,-73.51,25.94
38.39,-73.49,25.93
38.39,-73.47,25.72
38.39,-73.45,25.54
38.39,-73.43,25.59
38.39,-73.41,25.56
38.39,-73.39,25.54
38.39,-73.37,25.51
38.39,-73.35,25.48
38.39,-73.07,25.35
38.39,-73.05,25.34
38.39,-73.03,25.35
38.39,-73.01,25.35
38.39,-72.99,25.4
38.39,-72.97,25.51
38.39,-72.95,25.62
38.39,-72.93,25.7
38.39,-72.91,25.87
38.39,-72.89,25.88
38.39,-72.85,25.81
38.39,-72.83,25.83
38.39,-72.81,25.83
38.39,-72.79,25.95
38.39,-72.71,25.81
38.39,-71.45,26.69
38.39,-71.43,26.77
38.39,-71.41,26.68
38.39,-71.39,26.94
38.39,-71.37,26.95
38.39,-71.23,26.55
38.39,-71.21,26.56
38.39,-71.19,26.56
38.37,-76.37,27.78
38.37,-76.35,27.72
38.37,-76.33,27.53
38.37,-76.31,27.33
38.37,-76.29,27.32
38.37,-76.27,27.29
38.37,-75.11,26.25
38.37,-75.09,26.22
38.37,-75.05,25.7
38.37,-75.03,25.56
38.37,-75.01,25.58
38.37,-74.99,26.07
38.37,-74.97,26.27
38.37,-74.95,26.26
38.37,-74.93,26.29
38.37,-74.91,26.38
38.37,-74.89,26.47
38.37,-74.87,26.67
38.37,-74.85,26.75
38.37,-74.83,26.81
38.37,-74.81,26.86
38.37,-74.79,26.9
38.37,-74.77,26.71
38.37,-74.75,26.49
38.37,-74.73,26.37
38.37,-74.71,26.18
38.37,-74.69,26.21
38.37,-74.67,26.31
38.37,-74.65,26.34
38.37,-74.63,26.18
38.37,-74.61,26.07
38.37,-74.59,26.12
38.37,-74.57,26.08
38.37,-74.55,26.06
38.37,-74.53,26.08
38.37,-74.51,26.09
38.37,-74.49,25.67
38.37,-74.47,25.64
38.37,-74.45,25.71
38.37,-74.37,25.48
38.37,-74.35,25.45
38.37,-74.29,25.77
38.37,-74.27,25.81
38.37,-74.25,25.82
38.37,-74.23,25.74
38.37,-74.21,25.85
38.37,-74.19,25.91
38.37,-74.17,25.95
38.37,-74.15,26.1
38.37,-74.13,26.14
38.37,-74.11,26.27
38.37,-74.09,26.23
38.37,-74.07,26.07
38.37,-74.05,25.88
38.37,-74.03,25.63
38.37,-74.01,25.58
38.37,-73.99,25.94
38.37,-73.97,25.5
38.37,-73.65,26.01
38.37,-73.63,26.0
38.37,-73.61,26.07
38.37,-73.59,25.94
38.37,-73.57,25.9
38.37,-73.55,25.9
38.37,-73.53,25.84
38.37,-73.51,25.64
38.37,-73.49,25.59
38.37,-73.47,25.67
38.37,-73.45,25.56
38.37,-73.43,25.53
38.37,-73.41,25.49
38.37,-73.39,25.49
38.37,-73.37,25.5
38.37,-73.35,25.51
38.37,-73.05,25.33
38.37,-72.95,25.65
38.37,-72.93,25.79
38.37,-72.91,25.85
38.37,-72.83,25.94
38.37,-72.81,26.02
38.37,-72.79,26.02
38.37,-72.71,25.84
38.37,-71.57,26.64
38.37,-71.55,26.62
38.37,-71.45,26.93
38.37,-71.43,26.94
38.37,-71.41,26.94
38.37,-71.39,26.97
38.37,-71.25,26.5
38.37,-71.23,26.54
38.35,-76.39,28.41
38.35,-76.37,28.39
38.35,-76.35,28.11
38.35,-76.33,28.06
38.35,-76.31,27.57
38.35,-76.29,27.45
38.35,-76.27,27.55
38.35,-76.25,27.65
38.35,-75.07,25.71
38.35,-75.05,25.63
38.35,-75.03,25.56
38.35,-75.01,25.63
38.35,-74.99,26.27
38.35,-74.97,26.37
38.35,-74.95,26.33
38.35,-74.93,26.38
38.35,-74.91,26.41
38.35,-74.89,26.51
38.35,-74.87,26.61
38.35,-74.85,26.67
38.35,-74.83,26.65
38.35,-74.81,26.79
38.35,-74.79,26.78
38.35,-74.77,26.65
38.35,-74.75,26.85
38.35,-74.73,26.56
38.35,-74.71,26.17
38.35,-74.69,26.22
38.35,-74.67,26.28
38.35,-74.65,26.35
38.35,-74.63,26.29
38.35,-74.61,26.25
38.35,-74.59,26.25
38.35,-74.57,26.25
38.35,-74.55,26.21
38.35,-74.53,26.25
38.35,-74.51,26.17
38.35,-74.49,25.95
38.35,-74.47,25.97
38.35,-74.45,26.05
38.35,-74.37,25.53
38.35,-74.35,25.49
38.35,-74.33,25.46
38.35,-74.31,25.48
38.35,-74.29,25.86
38.35,-74.27,25.88
38.35,-74.25,25.88
38.35,-74.23,25.83
38.35,-74.21,25.88
38.35,-74.19,25.91
38.35,-74.17,26.02
38.35,-74.15,26.2
38.35,-74.13,26.24
38.35,-74.11,26.24
38.35,-74.09,26.24
38.35,-74.07,26.19
38.35,-74.05,25.95
38.35,-74.03,25.98
38.35,-74.01,25.72
38.35,-73.99,25.96
38.35,-73.97,25.68
38.35,-73.95,25.6
38.35,-73.69,26.08
38.35,-73.67,26.05
38.35,-73.65,26.01
38.35,-73.63,26.07
38.35,-73.61,26.18
38.35,-73.59,26.04
38.35,-73.57,25.93
38.35,-73.55,25.88
38.35,-73.53,25.79
38.35,-73.51,25.62
38.35,-73.49,25.57
38.35,-73.47,25.58
38.35,-73.45,25.57
38.35,-73.43,25.58
38.35,-73.41,25.55
38.35,-73.39,25.5
38.35,-73.37,25.46
38.35,-73.31,25.29
38.35,-72.93,25.84
38.35,-72.83,26.4
38.35,-72.81,26.21
38.35,-72.79,26.06
38.35,-72.77,26.05
38.35,-72.75,26.0
38.35,-72.73,25.71
38.35,-72.71,25.8
38.35,-72.69,25.87
38.35,-72.67,26.15
38.35,-72.65,26.23
38.35,-72.63,26.23
38.35,-72.61,26.33
38.35,-72.59,26.31
38.35,-72.57,26.19
38.35,-71.59,26.85
38.35,-71.57,26.85
38.35,-71.55,26.44
38.35,-71.51,26.53
38.35,-71.49,26.52
38.35,-71.47,26.97
38.35,-71.45,27.03
38.35,-71.43,27.13
38.35,-71.41,27.12
38.35,-71.31,26.65
38.35,-71.27,26.4
38.35,-71.25,26.44
38.33,-76.41,28.4
38.33,-76.39,28.43
38.33,-76.37,28.47
38.33,-76.35,28.34
38.33,-76.33,28.12
38.33,-76.31,27.95
38.33,-76.29,27.68
38.33,-75.07,25.57
38.33,-75.05,25.48
38.33,-75.03,25.47
38.33,-75.01,25.74
38.33,-74.99,26.04
38.33,-74.97,26.17
38.33,-74.95,26.13
38.33,-74.93,26.33
38.33,-74.91,26.46
38.33,-74.89,26.57
38.33,-74.87,26.68
38.33,-74.85,26.69
38.33,-74.83,26.6
38.33,-74.81,26.63
38.33,-74.79,26.62
38.33,-74.77,26.66
38.33,-74.75,26.73
38.33,-74.73,26.57
38.33,-74.71,26.45
38.33,-74.69,26.47
38.33,-74.67,26.54
38.33,-74.65,26.52
38.33,-74.63,26.41
38.33,-74.61,26.42
38.33,-74.59,26.49
38.33,-74.57,26.52
38.33,-74.55,26.57
38.33,-74.53,26.53
38.33,-74.51,26.39
38.33,-74.49,25.98
38.33,-74.47,25.9
38.33,-74.45,25.95
38.33,-74.37,25.67
38.33,-74.35,25.76
38.33,-74.33,25.83
38.33,-74.31,25.81
38.33,-74.29,25.96
38.33,-74.27,25.93
38.33,-74.25,25.84
38.33,-74.23,25.8
38.33,-74.21,25.92
38.33,-74.19,26.1
38.33,-74.17,26.34
38.33,-74.15,26.43
38.33,-74.13,26.48
38.33,-74.11,26.35
38.33,-74.09,26.3
38.33,-74.07,26.08
38.33,-74.05,26.06
38.33,-74.03,26.17
38.33,-74.01,26.16
38.33,-73.99,26.28
38.33,-73.97,25.91
38.33,-73.79,25.79
38.33,-73.77,25.84
38.33,-73.75,25.9
38.33,-73.71,26.14
38.33,-73.69,26.14
38.33,-73.67,26.14
38.33,-73.65,26.07
38.33,-73.63,26.18
38.33,-73.61,26.17
38.33,-73.59,26.1
38.33,-73.57,26.14
38.33,-73.55,26.13
38.33,-73.53,25.94
38.33,-73.51,25.66
38.33,-73.49,25.59
38.33,-73.47,25.56
38.33,-73.45,25.58
38.33,-73.43,25.6
38.33,-73.41,25.6
38.33,-73.39,25.52
38.33,-73.37,25.43
38.33,-73.35,25.19
38.33,-73.33,25.19
38.33,-73.31,25.27
38.33,-72.83,26.44
38.33,-72.81,26.11
38.33,-72.79,26.02
38.33,-72.77,25.92
38.33,-72.75,25.86
38.33,-72.73,25.65
38.33,-72.71,26.01
38.33,-72.69,26.07
38.33,-72.67,26.12
38.33,-72.65,26.14
38.33,-72.63,26.18
38.33,-72.61,26.28
38.33,-72.59,26.25
38.33,-72.57,26.17
38.33,-72.55,26.13
38.33,-71.67,26.45
38.33,-71.65,26.6
38.33,-71.63,27.01
38.33,-71.61,26.83
38.33,-71.59,26.9
38.33,-71.57,26.72
38.33,-71.55,26.46
38.33,-71.53,26.42
38.33,-71.51,26.5
38.33,-71.47,26.92
38.33,-71.45,27.06
38.33,-71.43,27.08
38.33,-71.41,27.06
38.33,-71.35,26.75
38.33,-71.33,26.69
38.33,-71.31,26.71
38.33,-71.29,26.93
38.33,-71.27,26.8
38.33,-71.25,26.52
38.31,-76.45,28.24
38.31,-76.43,28.38
38.31,-76.41,28.36
38.31,-76.39,28.48
38.31,-76.37,28.56
38.31,-76.35,28.32
38.31,-76.33,28.1
38.31,-76.31,27.97
38.31,-76.03,29.55
38.31,-75.11,25.41
38.31,-75.09,25.37
38.31,-75.07,25.33
38.31,-75.05,25.3
38.31,-75.03,25.48
38.31,-75.01,25.73
38.31,-74.99,25.79
38.31,-74.97,25.9
38.31,-74.95,25.86
38.31,-74.93,25.93
38.31,-74.91,26.14
38.31,-74.89,26.48
38.31,-74.87,26.63
38.31,-74.85,26.53
38.31,-74.83,26.61
38.31,-74.81,26.66
38.31,-74.79,26.74
38.31,-74.77,26.81
38.31,-74.75,26.78
38.31,-74.73,26.7
38.31,-74.71,26.64
38.31,-74.69,26.63
38.31,-74.67,26.67
38.31,-74.65,26.9
38.31,-74.63,26.82
38.31,-74.61,26.92
38.31,-74.59,26.96
38.31,-74.57,26.87
38.31,-74.55,26.7
38.31,-74.53,26.63
38.31,-74.51,26.53
38.31,-74.49,26.3
38.31,-74.47,26.24
38.31,-74.45,25.78
38.31,-74.43,25.67
38.31,-74.41,25.59
38.31,-74.39,25.7
38.31,-74.37,25.99
38.31,-74.35,26.07
38.31,-74.33,26.1
38.31,-74.31,25.99
38.31,-74.29,25.98
38.31,-74.27,26.01
38.31,-74.25,26.01
38.31,-74.23,26.0
38.31,-74.21,25.94
38.31,-74.19,26.08
38.31,-74.17,26.41
38.31,-74.15,26.5
38.31,-74.13,26.5
38.31,-74.11,26.4
38.31,-74.09,26.42
38.31,-74.07,26.23
38.31,-74.05,26.09
38.31,-74.03,26.11
38.31,-74.01,26.15
38.31,-73.99,26.24
38.31,-73.83,25.87
38.31,-73.81,25.85
38.31,-73.79,25.8
38.31,-73.77,25.8
38.31,-73.75,25.9
38.31,-73.73,26.21
38.31,-73.71,26.28
38.31,-73.69,26.27
38.31,-73.67,26.15
38.31,-73.65,26.14
38.31,-73.63,26.14
38.31,-73.61,26.18
38.31,-73.59,26.2
38.31,-73.57,26.25
38.31,-73.55,26.27
38.31,-73.53,26.16
38.31,-73.51,25.74
38.31,-73.49,25.53
38.31,-73.47,25.59
38.31,-73.45,25.63
38.31,-73.43,25.63
38.31,-73.41,25.58
38.31,-73.39,25.59
38.31,-73.37,25.5
38.31,-73.35,25.42
38.31,-73.33,25.51
38.31,-73.31,25.65
38.31,-73.29,25.67
38.31,-73.25,25.6
38.31,-73.23,25.61
38.31,-73.21,25.57
38.31,-72.73,26.03
38.31,-72.71,26.31
38.31,-72.69,26.32
38.31,-72.67,26.21
38.31,-72.65,26.22
38.31,-71.67,26.65
38.31,-71.65,27.01
38.31,-71.63,27.13
38.31,-71.61,27.05
38.31,-71.59,27.03
38.31,-71.57,26.74
38.31,-71.55,26.59
38.31,-71.49,26.95
38.31,-71.47,26.89
38.31,-71.45,27.01
38.31,-71.43,26.97
38.31,-71.39,27.02
38.31,-71.37,27.03
38.31,-71.35,26.87
38.31,-71.33,26.84
38.31,-71.31,26.81
38.31,-71.29,26.82
38.29,-76.37,28.27
38.29,-76.35,28.25
38.29,-76.33,28.08
38.29,-76.31,27.87
38.29,-75.09,25.35
38.29,-75.07,25.32
38.29,-75.05,25.28
38.29,-75.03,25.34
38.29,-75.01,25.5
38.29,-74.99,25.6
38.29,-74.97,25.7
38.29,-74.95,25.68
38.29,-74.93,25.62
38.29,-74.91,25.7
38.29,-74.89,25.81
38.29,-74.87,26.06
38.29,-74.85,26.15
38.29,-74.83,26.13
38.29,-74.81,26.21
38.29,-74.79,26.72
38.29,-74.77,26.72
38.29,-74.75,26.74
38.29,-74.73,26.8
38.29,-74.71,26.78
38.29,-74.69,26.77
38.29,-74.67,26.78
38.29,-74.65,26.9
38.29,-74.63,26.88
38.29,-74.61,27.32
38.29,-74.59,27.1
38.29,-74.57,26.96
38.29,-74.53,26.73
38.29,-74.51,26.65
38.29,-74.49,26.39
38.29,-74.47,26.28
38.29,-74.45,26.11
38.29,-74.43,25.75
38.29,-74.41,25.75
38.29,-74.39,25.8
38.29,-74.37,26.25
38.29,-74.35,26.13
38.29,-74.33,26.14
38.29,-74.31,26.08
38.29,-74.29,26.04
38.29,-74.27,26.11
38.29,-74.25,26.09
38.29,-74.23,25.98
38.29,-74.21,26.04
38.29,-74.19,26.17
38.29,-74.17,26.25
38.29,-74.15,26.41
38.29,-74.13,26.43
38.29,-74.11,26.45
38.29,-74.09,26.41
38.29,-74.07,26.22
38.29,-74.05,26.06
38.29,-74.03,26.13
38.29,-73.77,25.76
38.29,-73.75,26.21
38.29,-73.73,26.23
38.29,-73.71,26.27
38.29,-73.69,26.27
38.29,-73.67,26.34
38.29,-73.65,26.24
38.29,-73.63,26.15
38.29,-73.61,26.19
38.29,-73.59,26.26
38.29,-73.57,26.29
38.29,-73.55,26.31
38.29,-73.53,26.2
38.29,-73.51,25.88
38.29,-73.49,25.72
38.29,-73.47,25.65
38.29,-73.45,25.62
38.29,-73.43,25.58
38.29,-73.41,25.52
38.29,-73.39,25.51
38.29,-73.37,25.45
38.29,-73.35,25.47
38.29,-73.33,25.47
38.29,-73.31,25.47
38.29,-73.29,25.57
38.29,-73.27,25.58
38.29,-73.25,25.6
38.29,-73.23,25.53
38.29,-73.21,25.53
38.29,-73.17,25.45
38.29,-73.15,25.5
38.29,-73.13,25.45
38.29,-73.11,25.37
38.29,-73.07,25.57
38.29,-73.05,25.58
38.29,-73.03,25.51
38.29,-72.73,26.12
38.29,-72.71,26.33
38.29,-72.69,26.31
38.29,-72.67,26.32
38.29,-72.65,26.28
38.29,-71.69,26.96
38.29,-71.67,27.07
38.29,-71.65,27.16
38.29,-71.63,27.13
38.29,-71.61,27.13
38.29,-71.59,27.07
38.29,-71.57,26.77
38.29,-71.51,27.0
38.29,-71.49,27.05
38.29,-71.47,27.05
38.29,-71.45,27.02
38.29,-71.41,27.01
38.29,-71.39,27.03
38.29,-71.37,27.02
38.29,-71.35,26.94
38.29,-71.33,26.93
38.29,-71.31,26.78
38.27,-76.39,28.51
38.27,-76.37,28.48
38.27,-76.35,28.13
38.27,-76.33,28.0
38.27,-76.31,27.85
38.27,-76.29,27.87
38.27,-75.11,25.32
38.27,-75.09,25.32
38.27,-75.07,25.43
38.27,-75.05,25.36
38.27,-75.03,25.27
38.27,-75.01,25.38
38.27,-74.99,25.36
38.27,-74.97,25.34
38.27,-74.95,25.42
38.27,-74.93,25.52
38.27,-74.91,25.52
38.27,-74.89,25.54
38.27,-74.87,25.6
38.27,-74.85,25.58
38.27,-74.83,25.6
38.27,-74.81,26.03
38.27,-74.79,26.13
38.27,-74.77,26.26
38.27,-74.75,26.25
38.27,-74.73,26.76
38.27,-74.67,26.69
38.27,-74.65,26.89
38.27,-74.63,27.11
38.27,-74.61,27.3
38.27,-74.59,27.34
38.27,-74.57,27.22
38.27,-74.55,26.93
38.27,-74.53,26.89
38.27,-74.51,26.88
38.27,-74.49,26.6
38.27,-74.47,26.55
38.27,-74.45,26.48
38.27,-74.43,26.07
38.27,-74.41,26.07
38.27,-74.39,26.23
38.27,-74.37,26.28
38.27,-74.35,26.11
38.27,-74.33,26.21
38.27,-74.31,26.14
38.27,-74.29,26.11
38.27,-74.27,26.16
38.27,-74.25,26.08
38.27,-74.23,26.07
38.27,-74.21,26.09
38.27,-74.19,26.19
38.27,-74.17,26.33
38.27,-74.15,26.4
38.27,-74.13,26.41
38.27,-74.11,26.35
38.27,-74.09,26.32
38.27,-74.07,26.27
38.27,-73.69,26.29
38.27,-73.67,26.28
38.27,-73.65,26.17
38.27,-73.63,26.14
38.27,-73.61,26.18
38.27,-73.59,26.24
38.27,-73.57,26.32
38.27,-73.55,26.36
38.27,-73.53,26.28
38.27,-73.51,26.05
38.27,-73.49,25.75
38.27,-73.47,25.68
38.27,-73.45,25.6
38.27,-73.43,25.49
38.27,-73.41,25.41
38.27,-73.39,25.43
38.27,-73.37,25.33
38.27,-73.35,25.36
38.27,-73.33,25.41
38.27,-73.31,25.42
38.27,-73.29,25.46
38.27,-73.27,25.57
38.27,-73.19,25.8
38.27,-73.17,25.78
38.27,-73.15,25.89
38.27,-73.13,25.79
38.27,-73.11,25.39
38.27,-72.75,26.15
38.27,-72.73,26.31
38.27,-72.71,26.35
38.27,-72.69,26.34
38.27,-72.67,26.51
38.27,-72.65,26.26
38.27,-72.31,26.28
38.27,-72.29,26.23
38.27,-71.71,26.96
38.27,-71.69,27.03
38.27,-71.67,27.16
38.27,-71.65,27.16
38.27,-71.63,27.18
38.27,-71.61,27.15
38.27,-71.59,27.05
38.27,-71.57,26.89
38.27,-71.53,27.01
38.27,-71.51,27.03
38.27,-71.49,27.07
38.27,-71.47,27.01
38.27,-71.45,26.75
38.27,-71.43,27.02
38.27,-71.41,27.0
38.27,-71.39,27.01
38.27,-71.37,26.94
38.27,-71.35,26.88
38.27,-71.33,26.83
38.25,-76.39,28.48
38.25,-76.37,28.46
38.25,-76.35,28.43
38.25,-76.33,28.3
38.25,-76.31,28.12
38.25,-76.29,28.08
38.25,-76.21,27.87
38.25,-76.19,27.98
38.25,-76.05,28.69
38.25,-76.03,28.62
38.25,-76.01,28.52
38.25,-75.99,28.36
38.25,-75.11,25.33
38.25,-75.09,25.36
38.25,-75.07,25.42
38.25,-75.05,25.46
38.25,-75.03,25.41
38.25,-75.01,25.35
38.25,-74.99,25.35
38.25,-74.97,25.36
38.25,-74.95,25.37
38.25,-74.93,25.37
38.25,-74.91,25.4
38.25,-74.89,25.44
38.25,-74.87,25.42
38.25,-74.85,25.39
38.25,-74.83,25.51
38.25,-74.81,25.74
38.25,-74.79,25.73
38.25,-74.65,26.97
38.25,-74.63,27.04
38.25,-74.61,27.21
38.25,-74.59,27.3
38.25,-74.57,27.29
38.25,-74.55,27.18
38.25,-74.53,27.04
38.25,-74.51,27.05
38.25,-74.49,27.05
38.25,-74.47,26.9
38.25,-74.45,26.77
38.25,-74.43,26.69
38.25,-74.41,26.53
38.25,-74.39,26.59
38.25,-74.37,26.57
38.25,-74.35,26.42
38.25,-74.33,26.33
38.25,-74.31,26.09
38.25,-74.29,26.18
38.25,-74.27,26.23
38.25,-74.25,26.19
38.25,-74.23,26.14
38.25,-74.21,26.03
38.25,-74.19,26.12
38.25,-74.17,26.32
38.25,-74.13,26.39
38.25,-74.11,26.29
38.25,-74.09,26.3
38.25,-73.67,26.09
38.25,-73.65,26.13
38.25,-73.63,26.14
38.25,-73.61,26.14
38.25,-73.59,26.16
38.25,-73.57,26.24
38.25,-73.55,26.29
38.25,-73.53,26.22
38.25,-73.51,26.1
38.25,-73.49,25.84
38.25,-73.47,25.72
38.25,-73.45,25.59
38.25,-73.43,25.39
38.25,-73.41,25.33
38.25,-73.39,25.35
38.25,-73.37,25.31
38.25,-73.35,25.35
38.25,-73.33,25.39
38.25,-73.31,25.36
38.25,-73.29,25.37
38.25,-73.27,25.45
38.25,-73.25,25.63
38.25,-73.23,25.72
38.25,-73.21,25.82
38.25,-73.19,25.83
38.25,-73.17,25.85
38.25,-73.15,25.98
38.25,-73.13,25.95
38.25,-72.75,26.06
38.25,-72.73,26.38
38.25,-72.71,26.46
38.25,-72.69,26.35
38.25,-72.67,26.29
38.25,-72.65,26.07
38.25,-72.63,26.06
38.25,-72.61,26.26
38.25,-72.59,26.32
38.25,-72.57,26.08
38.25,-72.39,26.31
38.25,-72.37,26.37
38.25,-72.35,26.39
38.25,-72.31,26.33
38.25,-72.29,26.27
38.25,-71.73,26.84
38.25,-71.71,26.9
38.25,-71.69,27.03
38.25,-71.67,27.15
38.25,-71.65,27.17
38.25,-71.63,27.14
38.25,-71.61,27.09
38.25,-71.59,27.07
38.25,-71.55,26.98
38.25,-71.53,27.0
38.25,-71.51,27.01
38.25,-71.49,26.96
38.25,-71.47,26.76
38.25,-71.45,26.78
38.25,-71.43,27.03
38.25,-71.41,26.97
38.25,-71.39,26.97
38.25,-71.37,26.97
38.23,-76.93,29.32
38.23,-76.79,28.79
38.23,-76.71,28.39
38.23,-76.69,28.31
38.23,-76.37,28.49
38.23,-76.35,28.42
38.23,-76.33,28.37
38.23,-76.31,28.33
38.23,-76.29,28.23
38.23,-76.27,28.15
38.23,-76.25,27.98
38.23,-76.23,27.92
38.23,-76.21,28.04
38.23,-76.19,28.09
38.23,-76.17,28.19
38.23,-76.15,28.23
38.23,-76.13,28.14
38.23,-76.11,28.11
38.23,-76.09,28.2
38.23,-76.07,28.25
38.23,-76.03,28.62
38.23,-76.01,28.09
38.23,-75.99,28.39
38.23,-75.97,28.3
38.23,-75.95,28.3
38.23,-75.23,26.49
38.23,-75.21,26.49
38.23,-75.17,26.89
38.23,-75.15,25.8
38.23,-75.13,25.29
38.23,-75.11,25.22
38.23,-75.09,25.25
38.23,-75.07,25.44
38.23,-75.05,25.45
38.23,-75.03,25.4
38.23,-75.01,25.38
38.23,-74.99,25.39
38.23,-74.97,25.42
38.23,-74.95,25.41
38.23,-74.93,25.41
38.23,-74.91,25.41
38.23,-74.89,25.38
38.23,-74.87,25.3
38.23,-74.85,25.21
38.23,-74.83,25.09
38.23,-74.81,25.43
38.23,-74.63,27.09
38.23,-74.61,27.16
38.23,-74.59,27.14
38.23,-74.57,27.08
38.23,-74.55,27.21
38.23,-74.53,27.3
38.23,-74.51,27.16
38.23,-74.49,27.16
38.23,-74.47,27.02
38.23,-74.45,26.91
38.23,-74.43,26.94
38.23,-74.41,26.96
38.23,-74.39,26.74
38.23,-74.37,26.67
38.23,-74.35,26.53
38.23,-74.33,26.41
38.23,-74.31,26.24
38.23,-74.29,26.22
38.23,-74.27,26.29
38.23,-74.25,26.21
38.23,-74.23,26.14
38.23,-74.21,26.18
38.23,-74.19,26.31
38.23,-74.17,26.46
38.23,-73.63,26.12
38.23,-73.61,26.04
38.23,-73.59,26.06
38.23,-73.57,26.13
38.23,-73.55,26.16
38.23,-73.53,26.13
38.23,-73.51,26.07
38.23,-73.49,25.95
38.23,-73.47,25.76
38.23,-73.45,25.66
38.23,-73.43,25.47
38.23,-73.35,25.27
38.23,-73.33,25.4
38.23,-73.31,25.39
38.23,-73.29,25.3
38.23,-73.27,25.47
38.23,-73.25,25.68
38.23,-73.23,25.73
38.23,-73.21,25.77
38.23,-73.19,25.79
38.23,-73.17,25.81
38.23,-73.15,25.85
38.23,-72.75,26.33
38.23,-72.73,26.36
38.23,-72.71,26.42
38.23,-72.69,26.39
38.23,-72.67,26.35
38.23,-72.65,26.19
38.23,-72.63,26.16
38.23,-72.61,26.25
38.23,-72.59,26.26
38.23,-72.57,26.13
38.23,-72.39,26.34
38.23,-72.37,26.37
38.23,-72.31,26.39
38.23,-71.75,26.75
38.23,-71.73,26.85
38.23,-71.71,27.0
38.23,-71.69,27.05
38.23,-71.67,27.09
38.23,-71.65,27.07
38.23,-71.63,27.01
38.23,-71.61,26.87
38.23,-71.59,26.46
38.23,-71.57,26.78
38.23,-71.55,26.99
38.23,-71.53,27.04
38.23,-71.51,26.97
38.23,-71.49,26.92
38.23,-71.47,26.69
38.23,-71.45,26.8
38.23,-71.43,26.94
38.23,-71.41,26.9
38.21,-76.93,29.44
38.21,-76.91,29.47
38.21,-76.89,29.2
38.21,-76.87,29.25
38.21,-76.85,29.21
38.21,-76.83,29.03
38.21,-76.81,28.81
38.21,-76.79,28.82
38.21,-76.77,28.82
38.21,-76.75,28.81
38.21,-76.73,28.61
38.21,-76.71,28.43
38.21,-76.69,28.29
38.21,-76.67,28.16
38.21,-76.37,28.48
38.21,-76.35,28.48
38.21,-76.33,28.46
38.21,-76.31,28.48
38.21,-76.29,28.43
38.21,-76.27,28.24
38.21,-76.25,28.16
38.21,-76.23,28.18
38.21,-76.21,28.23
38.21,-76.19,28.28
38.21,-76.17,28.29
38.21,-76.15,28.42
38.21,-76.13,28.39
38.21,-76.11,28.3
38.21,-76.09,28.22
38.21,-76.07,28.1
38.21,-76.05,28.12
38.21,-76.03,28.04
38.21,-76.01,28.09
38.21,-75.99,28.23
38.21,-75.97,28.24
38.21,-75.95,28.19
38.21,-75.23,26.54
38.21,-75.21,26.52
38.21,-75.17,26.94
38.21,-75.13,25.47
38.21,-75.11,25.28
38.21,-75.09,25.29
38.21,-75.07,25.44
38.21,-75.05,25.48
38.21,-75.03,25.46
38.21,-75.01,25.46
38.21,-74.99,25.44
38.21,-74.97,25.45
38.21,-74.95,25.45
38.21,-74.93,25.48
38.21,-74.91,25.49
38.21,-74.89,25.3
38.21,-74.87,25.27
38.21,-74.85,25.25
38.21,-74.83,25.29
38.21,-74.59,26.74
38.21,-74.57,26.77
38.21,-74.55,26.9
38.21,-74.53,27.21
38.21,-74.51,27.37
38.21,-74.49,27.44
38.21,-74.47,27.43
38.21,-74.41,27.01
38.21,-74.39,26.81
38.21,-74.35,26.49
38.21,-74.33,26.46
38.21,-74.31,26.49
38.21,-74.21,26.63
38.21,-74.19,26.84
38.21,-74.13,27.19
38.21,-74.11,27.12
38.21,-73.65,26.03
38.21,-73.63,25.92
38.21,-73.61,25.93
38.21,-73.59,26.05
38.21,-73.57,26.07
38.21,-73.55,26.14
38.21,-73.53,26.09
38.21,-73.51,26.01
38.21,-73.49,25.95
38.21,-73.47,25.9
38.21,-73.45,25.85
38.21,-73.43,25.77
38.21,-73.37,25.33
38.21,-73.35,25.62
38.21,-73.33,25.64
38.21,-73.31,25.69
38.21,-73.29,25.73
38.21,-73.27,25.67
38.21,-73.25,25.64
38.21,-73.23,25.66
38.21,-73.21,25.65
38.21,-73.19,25.65
38.21,-73.17,25.61
38.21,-73.15,25.61
38.21,-72.67,26.33
38.21,-72.65,26.31
38.21,-72.63,26.25
38.21,-72.61,26.3
38.21,-72.59,26.29
38.21,-71.73,26.9
38.21,-71.71,27.06
38.21,-71.69,27.04
38.21,-71.67,27.0
38.21,-71.65,26.99
38.21,-71.63,26.92
38.21,-71.61,26.69
38.21,-71.59,26.68
38.21,-71.57,26.79
38.21,-71.53,26.91
38.21,-71.51,26.86
38.21,-71.49,26.69
38.21,-71.47,26.69
38.21,-71.45,26.74
38.21,-70.37,26.87
38.19,-76.89,29.37
38.19,-76.87,29.51
38.19,-76.85,29.59
38.19,-76.83,29.5
38.19,-76.81,29.28
38.19,-76.79,29.03
38.19,-76.77,28.93
38.19,-76.75,28.91
38.19,-76.73,28.83
38.19,-76.71,28.65
38.19,-76.69,28.44
38.19,-76.67,28.17
38.19,-76.65,28.09
38.19,-76.63,28.53
38.19,-76.35,28.69
38.19,-76.33,28.71
38.19,-76.31,28.72
38.19,-76.29,28.65
38.19,-76.27,28.44
38.19,-76.25,28.34
38.19,-76.23,28.4
38.19,-76.21,28.53
38.19,-76.19,28.55
38.19,-76.17,28.43
38.19,-76.15,28.57
38.19,-76.13,28.55
38.19,-76.11,28.73
38.19,-76.03,28.48
38.19,-76.01,28.59
38.19,-75.99,28.51
38.19,-75.97,28.22
38.19,-75.95,28.14
38.19,-75.25,26.54
38.19,-75.23,26.53
38.19,-75.21,26.54
38.19,-75.19,26.99
38.19,-75.15,25.53
38.19,-75.13,25.55
38.19,-75.11,25.45
38.19,-75.09,25.47
38.19,-75.07,25.46
38.19,-75.05,25.47
38.19,-75.03,25.45
38.19,-75.01,25.46
38.19,-74.99,25.48
38.19,-74.97,25.47
38.19,-74.95,25.45
38.19,-74.93,25.5
38.19,-74.91,25.43
38.19,-74.79,25.23
38.19,-74.75,25.59
38.19,-74.73,25.6
38.19,-74.57,26.79
38.19,-74.55,26.83
38.19,-74.53,26.87
38.19,-74.51,27.15
38.19,-74.45,27.4
38.19,-73.79,26.8
38.19,-73.75,26.42
38.19,-73.67,26.17
38.19,-73.65,26.2
38.19,-73.63,26.05
38.19,-73.61,25.95
38.19,-73.59,25.98
38.19,-73.57,26.09
38.19,-73.55,26.11
38.19,-73.53,26.06
38.19,-73.51,26.03
38.19,-73.49,25.89
38.19,-73.47,25.82
38.19,-73.45,25.77
38.19,-73.43,25.76
38.19,-73.35,25.57
38.19,-73.33,25.61
38.19,-73.31,25.56
38.19,-73.29,25.57
38.19,-73.27,25.57
38.19,-73.25,25.59
38.19,-73.23,25.69
38.19,-73.21,25.68
38.19,-73.19,25.65
38.19,-73.17,25.57
38.19,-73.15,25.48
38.19,-73.05,25.4
38.19,-71.89,26.68
38.19,-71.73,26.69
38.19,-71.71,26.85
38.19,-71.69,26.95
38.19,-71.67,26.87
38.19,-71.65,26.83
38.19,-71.63,26.86
38.19,-71.61,26.67
38.17,-76.85,29.59
38.17,-76.83,29.47
38.17,-76.81,29.38
38.17,-76.77,28.97
38.17,-76.75,28.95
38.17,-76.73,28.73
38.17,-76.71,28.56
38.17,-76.69,28.37
38.17,-76.67,28.13
38.17,-76.65,28.08
38.17,-76.63,28.56
38.17,-76.61,28.56
38.17,-76.59,28.28
38.17,-76.57,28.22
38.17,-76.33,28.88
38.17,-76.31,28.88
38.17,-76.29,28.86
38.17,-76.27,28.6
38.17,-76.25,28.56
38.17,-76.23,28.58
38.17,-76.21,28.67
38.17,-76.19,28.71
38.17,-76.17,28.74
38.17,-76.15,28.8
38.17,-76.13,28.67
38.17,-76.11,28.57
38.17,-76.01,28.65
38.17,-75.99,28.53
38.17,-75.97,28.43
38.17,-75.25,26.54
38.17,-75.23,26.53
38.17,-75.21,26.63
38.17,-75.19,26.99
38.17,-75.15,25.31
38.17,-75.13,25.35
38.17,-75.11,25.42
38.17,-75.09,25.48
38.17,-75.07,25.55
38.17,-75.05,25.55
38.17,-75.03,25.47
38.17,-75.01,25.43
38.17,-74.99,25.25
38.17,-74.97,25.18
38.17,-74.95,25.24
38.17,-74.79,25.15
38.17,-74.77,25.21
38.17,-74.75,25.6
38.17,-74.73,25.6
38.17,-74.71,25.53
38.17,-74.69,25.54
38.17,-74.59,26.16
38.17,-74.57,26.38
38.17,-74.55,26.72
38.17,-74.53,26.63
38.17,-74.51,26.93
38.17,-74.49,27.28
38.17,-74.47,27.41
38.17,-74.45,27.41
38.17,-74.43,27.33
38.17,-74.41,27.23
38.17,-74.17,26.95
38.17,-74.15,26.92
38.17,-74.13,27.38
38.17,-74.11,27.39
38.17,-73.83,26.86
38.17,-73.81,26.79
38.17,-73.79,26.78
38.17,-73.77,26.56
38.17,-73.75,26.54
38.17,-73.73,26.45
38.17,-73.71,26.4
38.17,-73.69,26.34
38.17,-73.67,26.21
38.17,-73.65,26.26
38.17,-73.63,26.38
38.17,-73.61,26.18
38.17,-73.59,26.07
38.17,-73.57,26.12
38.17,-73.55,26.13
38.17,-73.53,26.13
38.17,-73.51,26.1
38.17,-73.49,25.94
38.17,-73.47,25.85
38.17,-73.35,25.51
38.17,-73.33,25.48
38.17,-73.31,25.41
38.17,-73.29,25.35
38.17,-73.23,25.69
38.17,-73.21,25.79
38.17,-73.19,25.89
38.17,-73.17,25.92
38.17,-73.15,25.86
38.17,-73.05,25.4
38.17,-71.81,26.72
38.17,-71.79,26.7
38.17,-71.73,26.78
38.17,-71.71,26.89
38.17,-71.69,26.89
38.17,-71.67,26.85
38.17,-71.65,26.82
38.15,-76.75,28.7
38.15,-76.73,28.64
38.15,-76.71,28.63
38.15,-76.59,28.1
38.15,-76.57,28.14
38.15,-76.55,28.22
38.15,-76.31,28.98
38.15,-76.29,28.92
38.15,-76.27,28.85
38.15,-76.25,28.77
38.15,-76.23,28.72
38.15,-76.21,28.71
38.15,-76.19,28.74
38.15,-76.17,28.76
38.15,-76.15,28.76
38.15,-76.13,28.67
38.15,-76.11,28.53
38.15,-76.07,28.52
38.15,-76.01,28.65
38.15,-75.99,28.53
38.15,-75.97,28.48
38.15,-75.27,26.62
38.15,-75.25,26.62
38.15,-75.23,26.56
38.15,-75.21,26.47
38.15,-75.15,25.52
38.15,-75.13,25.5
38.15,-75.11,25.49
38.15,-75.09,25.44
38.15,-75.07,25.44
38.15,-75.05,25.49
38.15,-75.03,25.44
38.15,-75.01,25.4
38.15,-74.99,25.33
38.15,-74.95,25.21
38.15,-74.93,25.21
38.15,-74.77,25.24
38.15,-74.75,25.46
38.15,-74.73,25.56
38.15,-74.71,25.53
38.15,-74.69,25.68
38.15,-74.67,25.7
38.15,-74.65,25.78
38.15,-74.63,25.96
38.15,-74.61,25.93
38.15,-74.59,26.06
38.15,-74.57,26.15
38.15,-74.55,26.2
38.15,-74.53,26.32
38.15,-74.51,26.62
38.15,-74.49,26.99
38.15,-74.47,27.31
38.15,-74.45,27.34
38.15,-74.43,27.32
38.15,-74.41,27.35
38.15,-74.39,27.34
38.15,-74.37,27.28
38.15,-74.35,27.2
38.15,-74.23,26.59
38.15,-74.21,26.77
38.15,-74.19,27.05
38.15,-74.17,27.13
38.15,-74.15,27.26
38.15,-74.13,27.39
38.15,-73.93,26.71
38.15,-73.91,26.85
38.15,-73.81,26.67
38.15,-73.79,26.65
38.15,-73.77,26.56
38.15,-73.75,26.57
38.15,-73.73,26.48
38.15,-73.71,26.41
38.15,-73.69,26.36
38.15,-73.67,26.28
38.15,-73.65,26.31
38.15,-73.63,26.46
38.15,-73.57,26.15
38.15,-73.55,26.19
38.15,-73.53,26.22
38.15,-73.51,26.14
38.15,-73.49,25.97
38.15,-73.47,25.89
38.15,-73.41,25.55
38.15,-73.39,25.73
38.15,-73.37,25.72
38.15,-73.35,25.54
38.15,-73.33,25.67
38.15,-73.31,25.68
38.15,-73.29,25.38
38.15,-73.27,25.39
38.15,-73.25,25.44
38.15,-73.23,25.47
38.15,-73.21,25.57
38.15,-73.19,25.97
38.15,-73.17,25.92
38.15,-71.83,26.77
38.15,-71.81,26.8
38.15,-71.71,26.9
38.15,-71.69,27.05
38.13,-76.59,27.71
38.13,-76.57,27.88
38.13,-76.55,28.26
38.13,-76.53,28.29
38.13,-76.51,28.18
38.13,-76.31,28.81
38.13,-76.29,28.76
38.13,-76.27,28.8
38.13,-76.25,28.81
38.13,-76.23,28.73
38.13,-76.21,28.74
38.13,-76.19,28.88
38.13,-76.17,28.89
38.13,-76.15,28.77
38.13,-76.13,28.65
38.13,-76.11,28.57
38.13,-76.07,28.18
38.13,-76.01,28.88
38.13,-75.99,28.63
38.13,-75.97,28.57
38.13,-75.29,26.65
38.13,-75.27,26.65
38.13,-75.25,26.63
38.13,-75.23,26.61
38.13,-75.21,26.6
38.13,-75.17,25.59
38.13,-75.15,25.53
38.13,-75.13,25.43
38.13,-75.11,25.47
38.13,-75.09,25.47
38.13,-75.07,25.4
38.13,-75.05,25.51
38.13,-75.03,25.47
38.13,-75.01,25.38
38.13,-74.95,25.17
38.13,-74.93,25.19
38.13,-74.91,25.23
38.13,-74.75,25.51
38.13,-74.73,25.6
38.13,-74.71,25.63
38.13,-74.69,25.67
38.13,-74.67,25.69
38.13,-74.65,25.75
38.13,-74.63,25.87
38.13,-74.61,25.86
38.13,-74.59,25.88
38.13,-74.57,25.91
38.13,-74.55,26.14
38.13,-74.53,26.29
38.13,-74.51,26.57
38.13,-74.49,26.72
38.13,-74.47,26.9
38.13,-74.45,27.01
38.13,-74.43,27.21
38.13,-74.41,27.38
38.13,-74.39,27.4
38.13,-74.37,27.25
38.13,-74.35,27.22
38.13,-74.33,26.87
38.13,-74.31,26.32
38.13,-74.29,26.08
38.13,-74.27,26.02
38.13,-74.25,26.13
38.13,-74.23,26.46
38.13,-74.21,26.62
38.13,-74.19,26.94
38.13,-74.17,27.06
38.13,-74.15,27.14
38.13,-74.13,27.21
38.13,-74.11,27.2
38.13,-73.97,27.14
38.13,-73.95,26.87
38.13,-73.93,26.68
38.13,-73.91,26.82
38.13,-73.89,26.91
38.13,-73.87,27.08
38.13,-73.55,26.19
38.13,-73.53,26.11
38.13,-73.51,26.06
38.13,-73.43,25.53
38.13,-73.41,25.54
38.13,-73.39,25.67
38.13,-73.37,25.64
38.13,-73.35,25.56
38.13,-73.33,25.69
38.13,-73.31,25.7
38.13,-73.29,25.63
38.13,-73.27,25.74
38.13,-73.25,25.95
38.13,-73.23,25.77
38.13,-73.21,25.41
38.13,-73.19,25.46
38.13,-73.17,25.54
38.13,-72.17,26.16
38.11,-76.57,28.47
38.11,-76.55,28.44
38.11,-76.53,28.22
38.11,-76.51,28.18
38.11,-76.49,28.66
38.11,-76.45,28.41
38.11,-76.43,28.38
38.11,-76.41,28.37
38.11,-76.33,28.88
38.11,-76.31,28.85
38.11,-76.29,28.76
38.11,-76.27,28.86
38.11,-76.25,28.9
38.11,-76.23,28.81
38.11,-76.21,28.76
38.11,-76.19,28.79
38.11,-76.17,28.89
38.11,-76.15,28.9
38.11,-76.13,28.63
38.11,-76.11,28.46
38.11,-76.09,28.31
38.11,-76.07,28.02
38.11,-76.01,28.95
38.11,-75.99,28.8
38.11,-75.97,28.55
38.11,-75.95,28.49
38.11,-75.29,26.87
38.11,-75.27,26.86
38.11,-75.25,26.91
38.11,-75.23,26.98
38.11,-75.21,27.0
38.11,-75.17,25.49
38.11,-75.15,25.42
38.11,-75.13,25.38
38.11,-75.11,25.5
38.11,-75.09,25.44
38.11,-75.07,25.4
38.11,-75.05,25.43
38.11,-75.03,25.4
38.11,-75.01,25.4
38.11,-74.99,25.38
38.11,-74.95,25.47
38.11,-74.93,25.53
38.11,-74.91,25.49
38.11,-74.75,25.48
38.11,-74.73,25.52
38.11,-74.71,25.62
38.11,-74.69,25.7
38.11,-74.67,25.74
38.11,-74.65,25.81
38.11,-74.63,25.89
38.11,-74.61,25.92
38.11,-74.59,25.91
38.11,-74.57,25.91
38.11,-74.55,26.2
38.11,-74.53,26.29
38.11,-74.51,26.6
38.11,-74.49,26.74
38.11,-74.47,26.78
38.11,-74.45,26.98
38.11,-74.43,27.14
38.11,-74.41,27.19
38.11,-74.37,27.07
38.11,-74.35,27.05
38.11,-74.33,26.75
38.11,-74.31,26.53
38.11,-74.29,26.37
38.11,-74.27,26.15
38.11,-74.25,26.24
38.11,-74.23,26.42
38.11,-74.21,26.48
38.11,-74.19,26.58
38.11,-74.17,26.91
38.11,-74.15,26.97
38.11,-74.13,27.06
38.11,-74.11,27.16
38.11,-74.09,27.11
38.11,-74.07,27.1
38.11,-73.99,27.39
38.11,-73.97,27.36
38.11,-73.91,26.88
38.11,-73.89,26.86
38.11,-73.87,26.86
38.11,-73.27,25.81
38.11,-73.25,25.8
38.11,-73.23,25.77
38.11,-73.21,25.44
38.11,-73.19,25.46
38.11,-73.17,25.43
38.11,-72.19,26.33
38.11,-72.17,26.29
38.09,-76.55,28.63
38.09,-76.53,28.72
38.09,-76.51,28.8
38.09,-76.49,28.72
38.09,-76.47,28.47
38.09,-76.45,28.45
38.09,-76.43,28.43
38.09,-76.41,28.47
38.09,-76.39,28.53
38.09,-76.33,28.89
38.09,-76.31,28.9
38.09,-76.29,28.87
38.09,-76.27,28.97
38.09,-76.25,29.01
38.09,-76.23,28.93
38.09,-76.21,28.9
38.09,-76.19,28.96
38.09,-76.17,28.98
38.09,-76.15,28.97
38.09,-76.13,28.93
38.09,-76.11,28.51
38.09,-76.09,28.27
38.09,-76.07,28.12
38.09,-75.99,28.69
38.09,-75.97,28.58
38.09,-75.95,28.46
38.09,-75.93,28.36
38.09,-75.91,28.29
38.09,-75.89,28.29
38.09,-75.33,27.13
38.09,-75.31,27.05
38.09,-75.29,26.95
38.09,-75.27,26.94
38.09,-75.25,26.94
38.09,-75.23,27.44
38.09,-75.19,25.58
38.09,-75.17,25.52
38.09,-75.15,25.51
38.09,-75.13,25.47
38.09,-75.11,25.51
38.09,-75.09,25.46
38.09,-75.07,25.43
38.09,-75.05,25.43
38.09,-75.03,25.45
38.09,-75.01,25.46
38.09,-74.99,25.47
38.09,-74.97,25.44
38.09,-74.95,25.53
38.09,-74.93,25.67
38.09,-74.91,25.65
38.09,-74.89,25.65
38.09,-74.87,25.68
38.09,-74.85,25.76
38.09,-74.83,25.75
38.09,-74.81,25.69
38.09,-74.79,25.58
38.09,-74.77,25.5
38.09,-74.75,25.52
38.09,-74.73,25.63
38.09,-74.71,25.67
38.09,-74.69,25.72
38.09,-74.67,25.76
38.09,-74.65,25.8
38.09,-74.63,25.85
38.09,-74.61,25.91
38.09,-74.59,25.97
38.09,-74.57,26.02
38.09,-74.55,26.17
38.09,-74.53,26.4
38.09,-74.51,26.57
38.09,-74.49,26.69
38.09,-74.47,26.77
38.09,-74.45,26.91
38.09,-74.43,27.08
38.09,-74.41,27.1
38.09,-74.39,27.06
38.09,-74.37,27.04
38.09,-74.35,26.98
38.09,-74.33,26.8
38.09,-74.31,26.55
38.09,-74.29,26.33
38.09,-74.27,26.24
38.09,-74.25,26.29
38.09,-74.23,26.37
38.09,-74.21,26.45
38.09,-74.19,26.61
38.09,-74.17,26.69
38.09,-74.15,26.78
38.09,-74.13,26.91
38.09,-74.11,27.12
38.09,-74.09,27.11
38.09,-74.07,27.09
38.09,-73.21,25.47
38.09,-73.19,25.49
38.09,-72.21,27.05
38.09,-72.19,26.76
38.09,-72.17,26.67
38.07,-76.53,28.84
38.07,-76.51,28.84
38.07,-76.49,28.64
38.07,-76.47,28.55
38.07,-76.45,28.69
38.07,-76.43,28.7
38.07,-76.41,28.62
38.07,-76.39,28.54
38.07,-76.37,28.53
38.07,-76.31,29.02
38.07,-76.29,29.01
38.07,-76.27,29.02
38.07,-76.25,29.05
38.07,-76.23,29.03
38.07,-76.21,29.0
38.07,-76.19,28.99
38.07,-76.17,28.96
38.07,-76.15,28.9
38.07,-76.13,28.77
38.07,-76.11,28.54
38.07,-76.09,28.44
38.07,-76.07,28.28
38.07,-76.05,28.45
38.07,-76.03,28.44
38.07,-76.01,28.25
38.07,-75.99,28.43
38.07,-75.97,28.57
38.07,-75.95,28.56
38.07,-75.93,28.5
38.07,-75.91,28.43
38.07,-75.89,28.26
38.07,-75.33,27.18
38.07,-75.31,27.0
38.07,-75.29,26.93
38.07,-75.27,27.02
38.07,-75.25,27.39
38.07,-75.19,25.71
38.07,-75.17,25.54
38.07,-75.15,25.18
38.07,-75.13,25.43
38.07,-75.11,25.53
38.07,-75.09,25.47
38.07,-75.07,25.44
38.07,-75.05,25.45
38.07,-75.03,25.47
38.07,-75.01,25.45
38.07,-74.99,25.5
38.07,-74.97,25.6
38.07,-74.95,25.64
38.07,-74.93,25.71
38.07,-74.91,25.7
38.07,-74.89,25.71
38.07,-74.87,25.71
38.07,-74.85,25.76
38.07,-74.83,25.75
38.07,-74.81,25.68
38.07,-74.79,25.6
38.07,-74.77,25.63
38.07,-74.75,25.67
38.07,-74.73,25.82
38.07,-74.71,25.88
38.07,-74.69,25.91
38.07,-74.67,25.96
38.07,-74.65,25.98
38.07,-74.63,25.92
38.07,-74.61,25.89
38.07,-74.59,25.96
38.07,-74.57,26.02
38.07,-74.55,25.97
38.07,-74.53,26.34
38.07,-74.51,26.65
38.07,-74.49,26.67
38.07,-74.47,26.73
38.07,-74.45,26.75
38.07,-74.43,26.82
38.07,-74.41,26.96
38.07,-74.39,26.95
38.07,-74.37,26.9
38.07,-74.35,26.78
38.07,-74.33,26.71
38.07,-74.31,26.69
38.07,-74.19,26.58
38.07,-74.17,26.6
38.07,-74.15,26.67
38.07,-74.13,26.78
38.07,-74.11,26.99
38.07,-72.91,26.0
38.07,-72.71,26.9
38.07,-72.69,26.92
38.07,-72.67,27.02
38.07,-72.21,26.97
38.07,-72.19,26.82
38.07,-72.09,26.23
38.05,-76.51,28.93
38.05,-76.49,28.9
38.05,-76.47,28.87
38.05,-76.45,28.91
38.05,-76.43,28.9
38.05,-76.41,28.71
38.05,-76.39,28.58
38.05,-76.37,28.65
38.05,-76.35,28.8
38.05,-76.31,29.12
38.05,-76.29,29.13
38.05,-76.27,29.12
38.05,-76.25,29.11
38.05,-76.23,29.1
38.05,-76.21,29.07
38.05,-76.19,29.05
38.05,-76.17,28.95
38.05,-76.15,28.89
38.05,-76.13,28.8
38.05,-76.11,28.68
38.05,-76.09,28.67
38.05,-76.07,28.63
38.05,-76.05,28.53
38.05,-76.03,28.43
38.05,-76.01,28.29
38.05,-75.99,28.47
38.05,-75.97,28.69
38.05,-75.95,28.7
38.05,-75.93,28.65
38.05,-75.91,28.39
38.05,-75.89,28.32
38.05,-75.87,28.51
38.05,-75.85,28.46
38.05,-75.83,28.54
38.05,-75.31,26.96
38.05,-75.29,27.0
38.05,-75.27,27.11
38.05,-75.21,25.51
38.05,-75.19,25.56
38.05,-75.17,25.5
38.05,-75.15,25.47
38.05,-75.13,25.47
38.05,-75.11,25.51
38.05,-75.09,25.52
38.05,-75.07,25.57
38.05,-75.05,25.51
38.05,-75.03,25.46
38.05,-75.01,25.52
38.05,-74.99,25.58
38.05,-74.97,25.63
38.05,-74.95,25.69
38.05,-74.93,25.71
38.05,-74.91,25.68
38.05,-74.89,25.65
38.05,-74.87,25.66
38.05,-74.85,25.71
38.05,-74.83,25.7
38.05,-74.81,25.64
38.05,-74.79,25.6
38.05,-74.77,25.55
38.05,-74.75,25.68
38.05,-74.73,25.84
38.05,-74.71,26.07
38.05,-74.69,26.09
38.05,-74.67,26.07
38.05,-74.65,26.08
38.05,-74.63,26.13
38.05,-74.61,25.99
38.05,-74.59,25.98
38.05,-74.57,26.07
38.05,-74.55,26.22
38.05,-74.53,26.48
38.05,-74.51,26.7
38.05,-74.49,26.69
38.05,-74.47,26.72
38.05,-74.45,26.74
38.05,-74.43,26.81
38.05,-74.41,26.89
38.05,-74.39,26.89
38.05,-74.37,26.8
38.05,-74.35,26.75
38.05,-74.33,26.73
38.05,-74.05,27.33
38.05,-72.73,26.86
38.05,-72.71,26.89
38.05,-72.69,26.9
38.05,-72.67,27.0
38.05,-72.65,27.05
38.05,-72.61,26.84
38.05,-72.47,26.26
38.05,-72.45,26.31
38.05,-72.43,26.35
38.05,-72.21,26.67
38.05,-72.19,26.42
38.05,-72.13,26.48
38.05,-72.11,26.44
38.05,-72.09,26.32
38.03,-76.51,28.99
38.03,-76.49,28.98
38.03,-76.47,28.98
38.03,-76.45,28.97
38.03,-76.43,28.95
38.03,-76.41,28.95
38.03,-76.39,28.91
38.03,-76.37,28.86
38.03,-76.35,28.86
38.03,-76.33,29.08
38.03,-76.31,29.29
38.03,-76.29,29.25
38.03,-76.27,29.16
38.03,-76.25,29.13
38.03,-76.23,29.15
38.03,-76.21,29.19
38.03,-76.19,29.18
38.03,-76.17,29.28
38.03,-76.15,29.0
38.03,-76.13,28.97
38.03,-76.11,28.88
38.03,-76.09,28.74
38.03,-76.07,28.67
38.03,-76.05,28.63
38.03,-76.01,28.62
38.03,-75.99,28.64
38.03,-75.97,28.87
38.03,-75.95,28.69
38.03,-75.93,28.6
38.03,-75.91,28.53
38.03,-75.89,28.41
38.03,-75.37,26.96
38.03,-75.35,26.96
38.03,-75.33,26.94
38.03,-75.31,26.99
38.03,-75.29,27.03
38.03,-75.27,27.13
38.03,-75.23,25.6
38.03,-75.21,25.55
38.03,-75.19,25.5
38.03,-75.17,25.51
38.03,-75.15,25.56
38.03,-75.13,25.57
38.03,-75.11,25.57
38.03,-75.09,25.63
38.03,-75.07,25.66
38.03,-75.05,25.63
38.03,-75.03,25.6
38.03,-75.01,25.59
38.03,-74.99,25.62
38.03,-74.97,25.68
38.03,-74.95,25.74
38.03,-74.93,25.74
38.03,-74.91,25.7
38.03,-74.89,25.64
38.03,-74.87,25.62
38.03,-74.85,25.69
38.03,-74.83,25.71
38.03,-74.81,25.67
38.03,-74.79,25.65
38.03,-74.77,25.77
38.03,-74.75,25.78
38.03,-74.73,25.89
38.03,-74.71,26.05
38.03,-74.69,26.07
38.03,-74.67,26.08
38.03,-74.63,26.11
38.03,-74.61,26.1
38.03,-74.59,26.01
38.03,-74.57,26.4
38.03,-74.55,26.53
38.03,-74.53,26.73
38.03,-74.51,26.71
38.03,-74.49,26.7
38.03,-74.47,26.78
38.03,-74.45,26.83
38.03,-74.43,26.92
38.03,-74.41,26.96
38.03,-74.39,26.92
38.03,-74.37,26.87
38.03,-74.35,26.89
38.03,-74.33,26.93
38.03,-74.19,26.52
38.03,-74.17,26.45
38.03,-74.15,26.5
38.03,-74.13,26.54
38.03,-74.09,27.15
38.03,-72.73,26.81
38.03,-72.71,26.87
38.03,-72.69,26.94
38.03,-72.67,27.0
38.03,-72.65,27.12
38.03,-72.63,27.08
38.03,-72.61,26.86
38.03,-72.49,26.21
38.03,-72.47,26.22
38.03,-72.45,26.29
38.03,-72.43,26.35
38.03,-72.19,26.29
38.03,-72.15,26.43
38.03,-72.13,26.46
38.03,-72.11,26.43
38.01,-76.47,28.95
38.01,-76.45,28.9
38.01,-76.43,28.86
38.01,-76.41,28.95
38.01,-76.39,28.99
38.01,-76.37,28.97
38.01,-76.35,29.1
38.01,-76.33,29.15
38.01,-76.31,29.09
38.01,-76.29,29.33
38.01,-76.27,29.21
38.01,-76.25,29.17
38.01,-76.23,29.19
38.01,-76.21,29.28
38.01,-76.19,29.35
38.01,-76.17,29.3
38.01,-76.15,29.23
38.01,-76.13,29.17
38.01,-76.11,29.01
38.01,-76.09,28.69
38.01,-76.07,28.68
38.01,-75.95,28.6
38.01,-75.93,28.57
38.01,-75.91,28.52
38.01,-75.89,28.56
38.01,-75.37,26.89
38.01,-75.35,26.84
38.01,-75.33,26.89
38.01,-75.31,27.16
38.01,-75.29,27.16
38.01,-75.25,25.86
38.01,-75.23,25.71
38.01,-75.21,25.67
38.01,-75.19,25.71
38.01,-75.17,25.65
38.01,-75.15,25.63
38.01,-75.13,25.65
38.01,-75.11,25.65
38.01,-75.09,25.68
38.01,-75.07,25.69
38.01,-75.05,25.71
38.01,-75.03,25.69
38.01,-75.01,25.69
38.01,-74.99,25.71
38.01,-74.97,25.75
38.01,-74.95,25.78
38.01,-74.93,25.76
38.01,-74.91,25.7
38.01,-74.89,25.67
38.01,-74.87,25.62
38.01,-74.85,25.63
38.01,-74.83,25.67
38.01,-74.81,25.68
38.01,-74.79,25.71
38.01,-74.77,25.71
38.01,-74.75,25.77
38.01,-74.73,25.8
38.01,-74.71,25.93
38.01,-74.69,25.97
38.01,-74.61,26.36
38.01,-74.59,26.45
38.01,-74.57,26.65
38.01,-74.55,26.78
38.01,-74.53,26.85
38.01,-74.51,26.77
38.01,-74.49,26.76
38.01,-74.47,26.84
38.01,-74.45,26.93
38.01,-74.43,26.92
38.01,-74.41,26.96
38.01,-74.39,26.87
38.01,-74.37,26.91
38.01,-74.35,26.97
38.01,-74.33,27.02
38.01,-74.31,27.03
38.01,-74.21,26.79
38.01,-74.19,26.65
38.01,-74.17,26.5
38.01,-73.87,27.03
38.01,-73.85,27.06
38.01,-73.83,27.15
38.01,-73.77,27.55
38.01,-73.75,27.67
38.01,-73.73,27.65
38.01,-73.71,27.38
38.01,-73.69,27.35
38.01,-73.65,27.07
38.01,-72.95,25.64
38.01,-72.93,25.64
38.01,-72.75,26.71
38.01,-72.73,26.78
38.01,-72.71,26.82
38.01,-72.69,26.76
38.01,-72.67,26.89
38.01,-72.65,26.94
38.01,-72.63,27.1
38.01,-72.61,27.01
38.01,-72.51,26.59
38.01,-72.49,26.61
38.01,-72.47,26.28
38.01,-72.45,26.25
38.01,-72.25,26.3
38.01,-72.23,26.29
38.01,-72.21,26.16
38.01,-72.13,26.31
38.01,-72.11,26.31
38.01,-72.09,26.34
38.01,-71.91,26.11
38.01,-71.89,26.07
38.01,-71.87,26.1
37.99,-76.47,29.01
37.99,-76.45,28.97
37.99,-76.41,28.9
37.99,-76.39,28.93
37.99,-76.37,28.89
37.99,-76.35,28.98
37.99,-76.33,28.95
37.99,-76.31,28.88
37.99,-76.29,28.96
37.99,-76.27,29.04
37.99,-76.25,29.12
37.99,-76.23,29.12
37.99,-76.21,29.15
37.99,-76.19,29.33
37.99,-76.17,29.43
37.99,-76.15,29.25
37.99,-76.13,29.22
37.99,-76.11,29.13
37.99,-76.09,28.98
37.99,-76.07,28.74
37.99,-75.97,28.17
37.99,-75.95,28.18
37.99,-75.93,28.54
37.99,-75.91,28.59
37.99,-75.89,28.6
37.99,-75.39,26.82
37.99,-75.37,26.82
37.99,-75.35,26.84
37.99,-75.33,26.87
37.99,-75.31,27.19
37.99,-75.25,25.89
37.99,-75.23,25.84
37.99,-75.21,25.87
37.99,-75.19,25.82
37.99,-75.17,25.8
37.99,-75.15,25.74
37.99,-75.13,25.74
37.99,-75.11,25.72
37.99,-75.09,25.72
37.99,-75.07,25.76
37.99,-75.05,25.77
37.99,-75.03,25.82
37.99,-75.01,25.83
37.99,-74.99,25.82
37.99,-74.97,25.85
37.99,-74.95,25.82
37.99,-74.93,25.75
37.99,-74.91,25.68
37.99,-74.89,25.7
37.99,-74.87,25.72
37.99,-74.85,25.72
37.99,-74.83,25.71
37.99,-74.81,25.76
37.99,-74.79,25.8
37.99,-74.77,25.86
37.99,-74.75,25.86
37.99,-74.73,25.79
37.99,-74.71,25.85
37.99,-74.69,25.83
37.99,-74.61,26.48
37.99,-74.59,26.51
37.99,-74.57,26.61
37.99,-74.55,26.74
37.99,-74.53,26.85
37.99,-74.51,26.85
37.99,-74.49,26.77
37.99,-74.47,26.87
37.99,-74.45,26.98
37.99,-74.43,26.97
37.99,-74.41,27.01
37.99,-74.39,27.02
37.99,-74.37,26.99
37.99,-74.35,26.97
37.99,-74.33,27.04
37.99,-74.31,26.99
37.99,-74.29,26.94
37.99,-74.27,26.95
37.99,-74.25,27.01
37.99,-74.23,26.93
37.99,-74.21,26.9
37.99,-74.19,26.86
37.99,-74.17,26.84
37.99,-74.01,27.11
37.99,-73.99,27.01
37.99,-73.97,27.03
37.99,-73.89,27.0
37.99,-73.87,26.83
37.99,-73.85,26.86
37.99,-73.83,27.09
37.99,-73.81,27.32
37.99,-73.79,27.41
37.99,-73.77,27.44
37.99,-73.75,27.59
37.99,-73.73,27.72
37.99,-73.71,27.27
37.99,-73.69,27.26
37.99,-73.03,25.61
37.99,-73.01,25.6
37.99,-72.97,25.63
37.99,-72.95,25.64
37.99,-72.77,26.42
37.99,-72.75,26.69
37.99,-72.73,26.78
37.99,-72.71,26.67
37.99,-72.69,26.57
37.99,-72.67,26.61
37.99,-72.65,26.72
37.99,-72.63,26.76
37.99,-72.49,26.69
37.99,-72.47,26.69
37.99,-72.45,26.63
37.99,-72.27,26.33
37.99,-72.25,26.3
37.99,-72.23,26.16
37.99,-72.21,26.09
37.99,-72.19,26.13
37.99,-71.83,26.8
37.99,-71.71,27.31
37.99,-71.69,27.18
37.99,-71.67,27.07
37.99,-71.65,26.97
37.99,-71.63,26.87
37.97,-76.37,28.74
37.97,-76.35,28.8
37.97,-76.33,28.79
37.97,-76.31,28.86
37.97,-76.29,28.88
37.97,-76.27,28.86
37.97,-76.25,28.89
37.97,-76.23,28.96
37.97,-76.21,29.02
37.97,-76.19,29.29
37.97,-76.17,29.4
37.97,-76.15,29.36
37.97,-76.13,29.24
37.97,-76.11,29.12
37.97,-76.09,28.91
37.97,-76.07,28.74
37.97,-76.05,28.74
37.97,-75.99,28.33
37.97,-75.97,28.26
37.97,-75.95,28.29
37.97,-75.93,28.35
37.97,-75.91,28.52
37.97,-75.77,28.3
37.97,-75.71,27.95
37.97,-75.43,26.85
37.97,-75.41,26.81
37.97,-75.39,26.76
37.97,-75.37,26.76
37.97,-75.35,26.86
37.97,-75.27,26.03
37.97,-75.25,25.97
37.97,-75.23,25.94
37.97,-75.21,25.89
37.97,-75.19,25.86
37.97,-75.17,25.81
37.97,-75.15,25.8
37.97,-75.13,25.82
37.97,-75.11,25.75
37.97,-75.09,25.72
37.97,-75.07,25.8
37.97,-75.05,25.87
37.97,-75.03,25.86
37.97,-75.01,25.81
37.97,-74.99,25.85
37.97,-74.97,25.9
37.97,-74.95,25.88
37.97,-74.93,25.8
37.97,-74.91,25.72
37.97,-74.89,25.7
37.97,-74.87,25.67
37.97,-74.85,25.76
37.97,-74.83,25.91
37.97,-74.81,25.98
37.97,-74.79,26.02
37.97,-74.77,26.01
37.97,-74.75,26.01
37.97,-74.73,25.99
37.97,-74.71,26.03
37.97,-74.69,25.96
37.97,-74.67,26.01
37.97,-74.65,26.34
37.97,-74.63,26.33
37.97,-74.61,26.5
37.97,-74.59,26.65
37.97,-74.57,26.7
37.97,-74.55,26.77
37.97,-74.53,26.89
37.97,-74.51,26.89
37.97,-74.49,26.8
37.97,-74.47,26.89
37.97,-74.45,26.91
37.97,-74.43,26.93
37.97,-74.41,27.04
37.97,-74.39,27.08
37.97,-74.37,27.1
37.97,-74.35,27.1
37.97,-74.33,27.09
37.97,-74.31,27.09
37.97,-74.29,27.01
37.97,-74.27,27.01
37.97,-74.25,27.0
37.97,-74.23,26.86
37.97,-74.21,26.88
37.97,-74.19,26.9
37.97,-74.17,26.97
37.97,-74.15,26.98
37.97,-74.01,27.15
37.97,-73.99,27.15
37.97,-73.97,27.12
37.97,-73.83,27.14
37.97,-73.81,27.24
37.97,-73.79,27.34
37.97,-73.77,27.09
37.97,-73.75,27.07
37.97,-73.73,27.53
37.97,-73.71,27.27
37.97,-73.69,27.24
37.97,-73.17,26.02
37.97,-73.15,26.05
37.97,-73.13,26.05
37.97,-73.11,25.68
37.97,-73.09,25.5
37.97,-73.03,25.66
37.97,-73.01,25.62
37.97,-72.99,25.68
37.97,-72.97,25.73
37.97,-72.95,25.84
37.97,-72.79,26.33
37.97,-72.77,26.43
37.97,-72.75,26.53
37.97,-72.73,26.48
37.97,-72.71,26.4
37.97,-72.69,26.47
37.97,-72.67,26.51
37.97,-72.65,26.58
37.97,-72.63,26.58
37.97,-72.27,26.29
37.97,-72.23,26.18
37.97,-72.21,26.13
37.97,-71.85,26.81
37.97,-71.79,27.04
37.97,-71.73,27.31
37.97,-71.71,27.27
37.97,-71.69,27.12
37.97,-71.67,27.06
37.97,-71.65,27.08
37.95,-76.33,28.85
37.95,-76.31,28.87
37.95,-76.29,28.91
37.95,-76.27,28.89
37.95,-76.25,28.9
37.95,-76.23,28.99
37.95,-76.21,29.03
37.95,-76.19,29.11
37.95,-76.17,29.32
37.95,-76.15,29.36
37.95,-76.13,29.28
37.95,-76.11,29.12
37.95,-76.09,28.93
37.95,-76.07,28.82
37.95,-76.05,28.78
37.95,-76.01,28.42
37.95,-75.99,28.36
37.95,-75.97,28.32
37.95,-75.95,28.36
37.95,-75.93,28.52
37.95,-75.91,28.53
37.95,-75.81,28.23
37.95,-75.79,28.26
37.95,-75.77,28.3
37.95,-75.75,28.24
37.95,-75.73,28.07
37.95,-75.71,27.99
37.95,-75.69,28.0
37.95,-75.67,27.97
37.95,-75.39,26.65
37.95,-75.37,26.61
37.95,-75.29,25.86
37.95,-75.27,25.9
37.95,-75.25,25.98
37.95,-75.23,25.98
37.95,-75.21,25.89
37.95,-75.19,25.85
37.95,-75.17,25.83
37.95,-75.15,25.81
37.95,-75.13,25.82
37.95,-75.11,25.77
37.95,-75.09,25.76
37.95,-75.07,25.86
37.95,-75.05,25.9
37.95,-75.03,25.86
37.95,-75.01,25.86
37.95,-74.99,25.91
37.95,-74.97,25.85
37.95,-74.95,25.85
37.95,-74.93,25.85
37.95,-74.91,25.79
37.95,-74.89,25.7
37.95,-74.87,25.81
37.95,-74.85,26.03
37.95,-74.83,26.1
37.95,-74.81,26.15
37.95,-74.79,26.17
37.95,-74.77,26.18
37.95,-74.75,26.2
37.95,-74.73,26.2
37.95,-74.71,26.22
37.95,-74.69,26.24
37.95,-74.67,26.38
37.95,-74.65,26.39
37.95,-74.63,26.38
37.95,-74.61,26.55
37.95,-74.59,26.68
37.95,-74.57,26.77
37.95,-74.55,26.8
37.95,-74.53,26.94
37.95,-74.51,26.91
37.95,-74.49,26.86
37.95,-74.47,26.87
37.95,-74.45,26.89
37.95,-74.43,26.97
37.95,-74.41,27.0
37.95,-74.39,27.06
37.95,-74.37,27.09
37.95,-74.35,27.08
37.95,-74.33,27.06
37.95,-74.31,27.1
37.95,-74.29,27.14
37.95,-74.27,27.1
37.95,-74.25,27.01
37.95,-74.23,26.9
37.95,-74.21,26.9
37.95,-74.19,27.01
37.95,-74.17,27.04
37.95,-74.07,27.26
37.95,-74.05,27.31
37.95,-74.03,27.24
37.95,-74.01,27.17
37.95,-73.99,27.14
37.95,-73.97,26.95
37.95,-73.95,26.77
37.95,-73.93,26.8
37.95,-73.81,26.8
37.95,-73.79,26.8
37.95,-73.77,26.81
37.95,-73.75,26.87
37.95,-73.23,26.18
37.95,-73.21,26.18
37.95,-73.19,26.09
37.95,-73.17,26.02
37.95,-73.15,26.05
37.95,-73.13,25.99
37.95,-73.11,25.6
37.95,-73.09,25.52
37.95,-73.07,25.49
37.95,-73.03,25.62
37.95,-73.01,25.73
37.95,-72.99,25.85
37.95,-72.97,25.87
37.95,-72.95,25.94
37.95,-72.77,26.49
37.95,-72.75,26.57
37.95,-72.73,26.6
37.95,-72.69,26.67
37.95,-72.67,26.65
37.95,-72.57,25.9
37.95,-71.83,26.83
37.95,-71.81,26.84
37.95,-71.79,27.02
37.95,-71.77,26.99
37.95,-71.75,27.0
37.95,-71.73,27.01
37.95,-71.71,27.01
37.93,-76.29,28.8
37.93,-76.27,28.81
37.93,-76.25,28.87
37.93,-76.23,29.01
37.93,-76.21,29.06
37.93,-76.19,29.07
37.93,-76.17,29.15
37.93,-76.15,29.27
37.93,-76.13,29.31
37.93,-76.11,29.19
37.93,-76.09,28.94
37.93,-76.07,28.82
37.93,-76.05,28.79
37.93,-75.99,28.53
37.93,-75.97,28.46
37.93,-75.95,28.42
37.93,-75.93,28.37
37.93,-75.91,28.37
37.93,-75.83,28.08
37.93,-75.81,28.1
37.93,-75.79,28.16
37.93,-75.77,28.28
37.93,-75.75,28.27
37.93,-75.73,28.27
37.93,-75.31,25.87
37.93,-75.29,25.83
37.93,-75.27,25.83
37.93,-75.25,25.88
37.93,-75.23,25.82
37.93,-75.21,25.83
37.93,-75.19,25.83
37.93,-75.17,25.82
37.93,-75.15,25.79
37.93,-75.13,25.76
37.93,-75.11,25.78
37.93,-75.09,25.83
37.93,-75.07,25.82
37.93,-75.05,25.86
37.93,-75.03,25.89
37.93,-75.01,25.89
37.93,-74.99,25.9
37.93,-74.97,25.86
37.93,-74.95,25.8
37.93,-74.93,25.78
37.93,-74.91,25.78
37.93,-74.89,25.79
37.93,-74.87,25.95
37.93,-74.85,26.11
37.93,-74.83,26.18
37.93,-74.81,26.22
37.93,-74.79,26.24
37.93,-74.77,26.25
37.93,-74.75,26.29
37.93,-74.73,26.33
37.93,-74.71,26.34
37.93,-74.69,26.35
37.93,-74.67,26.42
37.93,-74.65,26.46
37.93,-74.63,26.52
37.93,-74.61,26.57
37.93,-74.59,26.66
37.93,-74.57,26.8
37.93,-74.55,26.84
37.93,-74.53,26.88
37.93,-74.51,26.86
37.93,-74.49,26.87
37.93,-74.47,26.83
37.93,-74.45,26.8
37.93,-74.43,26.89
37.93,-74.41,26.95
37.93,-74.39,27.03
37.93,-74.37,27.04
37.93,-74.35,26.98
37.93,-74.33,27.04
37.93,-74.31,27.03
37.93,-74.29,27.12
37.93,-74.27,27.23
37.93,-74.25,27.05
37.93,-74.23,26.99
37.93,-74.21,26.9
37.93,-74.19,26.91
37.93,-74.07,27.28
37.93,-74.05,27.34
37.93,-74.03,27.35
37.93,-74.01,27.25
37.93,-73.99,27.2
37.93,-73.97,27.1
37.93,-73.95,26.84
37.93,-73.93,26.82
37.93,-73.91,26.75
37.93,-73.89,26.58
37.93,-73.87,26.32
37.93,-73.85,26.17
37.93,-73.21,26.1
37.93,-73.19,26.06
37.93,-73.15,26.01
37.93,-73.13,25.88
37.93,-73.11,25.6
37.93,-73.09,25.57
37.93,-73.03,25.53
37.93,-73.01,25.61
37.93,-72.99,25.93
37.93,-72.97,25.89
37.93,-72.95,25.89
37.93,-72.69,26.66
37.93,-72.67,26.67
37.93,-71.91,27.17
37.93,-71.89,27.17
37.93,-71.87,27.1
37.93,-71.83,26.78
37.93,-71.81,26.64
37.93,-71.79,26.89
37.93,-71.77,27.0
37.93,-71.75,27.1
37.93,-71.73,27.07
37.91,-76.25,28.64
37.91,-76.23,28.98
37.91,-76.21,28.98
37.91,-76.19,29.06
37.91,-76.17,29.15
37.91,-76.15,29.23
37.91,-76.13,29.34
37.91,-76.11,29.29
37.91,-76.09,28.93
37.91,-76.07,28.78
37.91,-76.05,28.77
37.91,-76.01,28.35
37.91,-75.99,28.52
37.91,-75.97,28.66
37.91,-75.95,28.83
37.91,-75.93,28.84
37.91,-75.91,28.42
37.91,-75.89,28.54
37.91,-75.87,28.57
37.91,-75.85,28.15
37.91,-75.83,28.05
37.91,-75.81,28.08
37.91,-75.79,28.23
37.91,-75.77,28.27
37.91,-75.75,28.31
37.91,-75.31,25.93
37.91,-75.29,25.91
37.91,-75.27,25.81
37.91,-75.25,25.81
37.91,-75.23,25.86
37.91,-75.21,25.83
37.91,-75.19,25.79
37.91,-75.17,25.81
37.91,-75.15,25.8
37.91,-75.13,25.78
37.91,-75.11,25.82
37.91,-75.09,25.84
37.91,-75.07,25.83
37.91,-75.05,25.9
37.91,-75.03,25.94
37.91,-75.01,25.94
37.91,-74.99,25.94
37.91,-74.97,25.93
37.91,-74.95,25.84
37.91,-74.93,25.82
37.91,-74.91,25.87
37.91,-74.89,26.16
37.91,-74.87,26.09
37.91,-74.85,26.23
37.91,-74.83,26.23
37.91,-74.81,26.23
37.91,-74.79,26.29
37.91,-74.77,26.3
37.91,-74.75,26.32
37.91,-74.73,26.34
37.91,-74.71,26.42
37.91,-74.69,26.48
37.91,-74.67,26.51
37.91,-74.65,26.56
37.91,-74.63,26.6
37.91,-74.61,26.67
37.91,-74.59,26.72
37.91,-74.57,26.79
37.91,-74.55,26.81
37.91,-74.53,26.86
37.91,-74.51,26.94
37.91,-74.49,26.91
37.91,-74.47,26.42
37.91,-74.45,26.52
37.91,-74.43,26.86
37.91,-74.41,26.96
37.91,-74.39,26.98
37.91,-74.37,26.97
37.91,-74.35,27.05
37.91,-74.33,27.08
37.91,-74.31,26.98
37.91,-74.29,26.99
37.91,-74.27,27.13
37.91,-74.25,27.06
37.91,-74.23,26.9
37.91,-74.21,26.85
37.91,-74.19,26.78
37.91,-74.03,27.36
37.91,-74.01,27.24
37.91,-73.99,27.27
37.91,-73.97,27.17
37.91,-73.95,26.83
37.91,-73.93,26.75
37.91,-73.91,26.68
37.91,-73.89,26.56
37.91,-73.87,26.42
37.91,-73.85,26.36
37.91,-73.83,26.25
37.91,-73.81,26.29
37.91,-73.29,25.94
37.91,-73.25,26.1
37.91,-73.23,26.12
37.91,-73.21,26.22
37.91,-73.01,25.82
37.91,-72.99,25.82
37.91,-72.97,25.84
37.91,-72.83,26.0
37.91,-71.93,26.96
37.91,-71.91,26.96
37.91,-71.89,27.04
37.91,-71.87,27.07
37.91,-71.85,26.84
37.91,-71.83,26.83
37.91,-71.81,26.73
37.91,-71.79,26.85
37.91,-71.77,26.95
37.89,-76.23,28.56
37.89,-76.21,28.68
37.89,-76.19,28.83
37.89,-76.17,29.05
37.89,-76.15,29.25
37.89,-76.13,29.38
37.89,-76.11,29.29
37.89,-76.09,29.06
37.89,-76.07,28.9
37.89,-76.05,28.87
37.89,-76.03,28.64
37.89,-76.01,28.58
37.89,-75.99,28.67
37.89,-75.97,28.79
37.89,-75.95,28.94
37.89,-75.93,28.91
37.89,-75.91,28.72
37.89,-75.89,28.49
37.89,-75.87,28.18
37.89,-75.85,28.21
37.89,-75.83,28.35
37.89,-75.81,28.36
37.89,-75.79,28.24
37.89,-75.77,28.31
37.89,-75.75,28.35
37.89,-75.73,28.27
37.89,-75.71,28.27
37.89,-75.41,26.72
37.89,-75.39,26.75
37.89,-75.37,27.02
37.89,-75.35,26.92
37.89,-75.33,26.16
37.89,-75.31,25.95
37.89,-75.29,25.99
37.89,-75.27,25.94
37.89,-75.25,25.84
37.89,-75.23,25.84
37.89,-75.21,25.82
37.89,-75.19,25.78
37.89,-75.17,25.76
37.89,-75.15,25.76
37.89,-75.13,25.81
37.89,-75.11,25.84
37.89,-75.09,25.89
37.89,-75.07,25.95
37.89,-75.05,25.98
37.89,-75.03,25.95
37.89,-75.01,26.0
37.89,-74.99,26.02
37.89,-74.97,25.95
37.89,-74.95,25.86
37.89,-74.93,25.97
37.89,-74.91,26.12
37.89,-74.89,26.15
37.89,-74.87,26.16
37.89,-74.85,26.21
37.89,-74.83,26.19
37.89,-74.81,26.19
37.89,-74.79,26.2
37.89,-74.77,26.16
37.89,-74.75,26.22
37.89,-74.73,26.26
37.89,-74.71,26.44
37.89,-74.69,26.46
37.89,-74.67,26.48
37.89,-74.65,26.53
37.89,-74.63,26.64
37.89,-74.61,26.74
37.89,-74.59,26.82
37.89,-74.57,26.83
37.89,-74.55,26.81
37.89,-74.53,26.67
37.89,-74.51,26.64
37.89,-74.49,26.46
37.89,-74.47,26.43
37.89,-74.45,26.61
37.89,-74.43,26.84
37.89,-74.41,26.95
37.89,-74.39,26.94
37.89,-74.37,26.92
37.89,-74.35,27.02
37.89,-74.33,27.03
37.89,-73.99,27.15
37.89,-73.97,27.02
37.89,-73.95,26.94
37.89,-73.93,26.63
37.89,-73.91,26.54
37.89,-73.89,26.43
37.89,-73.87,26.36
37.89,-73.85,26.27
37.89,-73.83,26.23
37.89,-73.77,26.4
37.89,-73.75,26.46
37.89,-73.69,26.82
37.89,-73.65,26.78
37.89,-73.63,26.8
37.89,-73.61,26.81
37.89,-73.59,26.79
37.89,-73.57,26.73
37.89,-73.31,25.93
37.89,-73.29,25.92
37.89,-73.25,26.16
37.89,-73.23,26.19
37.89,-73.21,26.25
37.89,-73.19,26.4
37.89,-73.17,26.46
37.89,-73.15,26.1
37.89,-73.13,26.13
37.89,-73.03,25.96
37.89,-73.01,26.04
37.89,-72.99,26.12
37.89,-72.89,26.01
37.89,-72.83,26.06
37.89,-72.81,26.16
37.89,-72.79,26.5
37.89,-72.77,26.55
37.89,-71.91,26.88
37.89,-71.89,26.9
37.89,-71.87,26.97
37.87,-76.23,28.59
37.87,-76.21,28.71
37.87,-76.19,28.93
37.87,-76.17,29.19
37.87,-76.15,29.23
37.87,-76.13,29.44
37.87,-76.11,29.34
37.87,-76.09,29.3
37.87,-76.07,29.09
37.87,-76.05,29.02
37.87,-76.03,28.88
37.87,-75.99,28.56
37.87,-75.97,28.51
37.87,-75.95,28.77
37.87,-75.93,28.88
37.87,-75.91,28.86
37.87,-75.89,28.16
37.87,-75.87,28.14
37.87,-75.85,28.41
37.87,-75.83,28.45
37.87,-75.81,28.43
37.87,-75.79,28.31
37.87,-75.77,28.38
37.87,-75.75,28.36
37.87,-75.73,28.23
37.87,-75.71,28.37
37.87,-75.69,28.49
37.87,-75.43,27.12
37.87,-75.41,27.05
37.87,-75.37,26.67
37.87,-75.35,26.42
37.87,-75.33,26.13
37.87,-75.31,26.07
37.87,-75.29,26.08
37.87,-75.27,25.93
37.87,-75.25,25.89
37.87,-75.23,25.86
37.87,-75.21,25.86
37.87,-75.19,25.81
37.87,-75.17,25.79
37.87,-75.15,25.79
37.87,-75.13,25.82
37.87,-75.11,25.8
37.87,-75.09,25.84
37.87,-75.07,25.96
37.87,-75.05,25.99
37.87,-75.03,25.99
37.87,-75.01,26.04
37.87,-74.99,26.06
37.87,-74.97,26.05
37.87,-74.95,26.03
37.87,-74.93,26.17
37.87,-74.91,26.16
37.87,-74.89,26.23
37.87,-74.87,26.22
37.87,-74.85,26.22
37.87,-74.83,26.25
37.87,-74.81,26.32
37.87,-74.79,26.22
37.87,-74.77,26.12
37.87,-74.75,26.18
37.87,-74.61,26.78
37.87,-74.59,26.84
37.87,-74.57,26.82
37.87,-74.55,26.81
37.87,-74.53,26.64
37.87,-74.51,26.63
37.87,-74.49,26.68
37.87,-74.47,26.64
37.87,-74.45,26.63
37.87,-74.41,26.94
37.87,-74.39,26.97
37.87,-74.37,27.1
37.87,-74.07,26.89
37.87,-74.05,26.89
37.87,-74.03,26.89
37.87,-74.01,26.92
37.87,-73.99,26.86
37.87,-73.97,26.8
37.87,-73.95,26.73
37.87,-73.93,26.52
37.87,-73.91,26.41
37.87,-73.89,26.36
37.87,-73.87,26.33
37.87,-73.85,26.25
37.87,-73.83,26.29
37.87,-73.81,26.4
37.87,-73.79,26.35
37.87,-73.77,26.4
37.87,-73.75,26.51
37.87,-73.73,26.64
37.87,-73.71,26.69
37.87,-73.69,26.74
37.87,-73.67,26.74
37.87,-73.65,26.76
37.87,-73.63,26.78
37.87,-73.61,26.78
37.87,-73.59,26.7
37.87,-73.57,26.69
37.87,-73.55,26.72
37.87,-73.23,26.27
37.87,-73.21,26.3
37.87,-73.19,26.49
37.87,-73.17,26.5
37.87,-73.15,26.33
37.87,-73.13,26.17
37.87,-73.11,25.76
37.87,-73.07,25.83
37.87,-73.05,25.92
37.87,-73.03,26.11
37.87,-73.01,26.47
37.87,-72.99,26.44
37.87,-72.83,26.5
37.87,-72.81,26.57
37.87,-72.79,26.68
37.87,-72.77,26.74
37.87,-72.73,26.33
37.87,-72.55,26.12
37.87,-72.53,26.09
37.87,-72.03,26.33
37.87,-72.01,26.44
37.87,-71.91,26.76
37.87,-71.89,26.72
37.85,-76.23,28.63
37.85,-76.21,29.0
37.85,-76.19,29.18
37.85,-76.17,29.28
37.85,-76.15,29.52
37.85,-76.13,29.54
37.85,-76.11,29.48
37.85,-76.09,29.47
37.85,-76.07,29.34
37.85,-76.05,29.16
37.85,-76.03,29.13
37.85,-76.01,28.88
37.85,-75.99,28.7
37.85,-75.97,28.48
37.85,-75.95,28.79
37.85,-75.93,28.97
37.85,-75.91,28.93
37.85,-75.89,28.2
37.85,-75.87,28.18
37.85,-75.85,28.31
37.85,-75.83,28.61
37.85,-75.81,28.59
37.85,-75.79,28.61
37.85,-75.77,28.51
37.85,-75.75,28.37
37.85,-75.73,28.63
37.85,-75.71,28.62
37.85,-75.45,27.2
37.85,-75.43,27.24
37.85,-75.41,27.04
37.85,-75.37,26.6
37.85,-75.35,26.56
37.85,-75.33,26.26
37.85,-75.31,26.08
37.85,-75.29,25.97
37.85,-75.27,26.0
37.85,-75.25,25.98
37.85,-75.23,25.99
37.85,-75.21,25.96
37.85,-75.19,25.95
37.85,-75.17,25.98
37.85,-75.15,25.97
37.85,-75.13,25.9
37.85,-75.11,25.89
37.85,-75.09,25.9
37.85,-75.07,25.92
37.85,-75.05,26.04
37.85,-75.03,26.1
37.85,-75.01,26.09
37.85,-74.99,26.11
37.85,-74.97,26.1
37.85,-74.95,26.14
37.85,-74.93,26.24
37.85,-74.91,26.25
37.85,-74.89,26.27
37.85,-74.87,26.21
37.85,-74.85,26.22
37.85,-74.83,26.28
37.85,-74.81,26.35
37.85,-74.47,27.08
37.85,-74.45,26.92
37.85,-74.43,26.9
37.85,-74.41,26.96
37.85,-74.39,27.0
37.85,-74.37,27.12
37.85,-74.05,26.89
37.85,-74.03,26.9
37.85,-74.01,26.9
37.85,-73.99,26.84
37.85,-73.97,26.7
37.85,-73.95,26.6
37.85,-73.93,26.5
37.85,-73.91,26.44
37.85,-73.83,26.57
37.85,-73.81,26.5
37.85,-73.79,26.4
37.85,-73.77,26.34
37.85,-73.75,26.38
37.85,-73.73,26.61
37.85,-73.71,26.65
37.85,-73.69,26.67
37.85,-73.67,26.64
37.85,-73.65,26.65
37.85,-73.63,26.74
37.85,-73.61,26.81
37.85,-73.59,26.76
37.85,-73.57,26.73
37.85,-73.19,26.76
37.85,-73.17,26.73
37.85,-73.15,26.37
37.85,-73.13,26.17
37.85,-73.11,25.77
37.85,-73.05,26.0
37.85,-73.03,26.56
37.85,-73.01,26.45
37.85,-72.99,26.41
37.85,-72.97,26.39
37.85,-72.89,26.65
37.85,-72.87,26.58
37.85,-72.85,26.53
37.85,-72.83,26.52
37.85,-72.81,26.59
37.85,-72.79,26.77
37.85,-72.77,26.81
37.85,-72.75,26.32
37.85,-72.73,26.3
37.85,-72.71,26.25
37.85,-72.57,26.04
37.85,-72.55,26.03
37.85,-72.53,26.01
37.85,-72.05,26.2
37.85,-72.03,26.23
37.85,-72.01,26.21
37.85,-71.99,26.27
37.85,-71.97,26.27
37.85,-71.93,26.73
37.85,-71.91,26.85
37.85,-71.89,26.94
37.83,-76.25,28.59
37.83,-76.23,28.64
37.83,-76.21,28.98
37.83,-76.19,29.03
37.83,-76.17,29.29
37.83,-76.15,29.46
37.83,-76.13,29.59
37.83,-76.11,29.55
37.83,-76.09,29.5
37.83,-76.07,29.27
37.83,-76.05,29.16
37.83,-76.03,29.06
37.83,-75.97,28.76
37.83,-75.95,28.81
37.83,-75.93,29.12
37.83,-75.91,28.89
37.83,-75.89,28.82
37.83,-75.87,28.27
37.83,-75.85,28.28
37.83,-75.83,28.33
37.83,-75.81,28.52
37.83,-75.79,28.51
37.83,-75.77,28.4
37.83,-75.75,28.49
37.83,-75.73,28.65
37.83,-75.71,28.7
37.83,-75.47,27.02
37.83,-75.45,27.05
37.83,-75.43,27.01
37.83,-75.41,26.93
37.83,-75.39,26.96
37.83,-75.37,26.99
37.83,-75.35,26.74
37.83,-75.33,26.53
37.83,-75.31,26.23
37.83,-75.29,26.15
37.83,-75.27,26.14
37.83,-75.25,26.16
37.83,-75.23,26.22
37.83,-75.21,26.15
37.83,-75.19,26.11
37.83,-75.17,26.12
37.83,-75.15,26.16
37.83,-75.13,26.14
37.83,-75.11,26.14
37.83,-75.09,26.07
37.83,-75.07,26.16
37.83,-75.05,26.16
37.83,-75.03,26.2
37.83,-75.01,26.21
37.83,-74.99,26.2
37.83,-74.97,26.17
37.83,-74.95,26.19
37.83,-74.93,26.21
37.83,-74.91,26.27
37.83,-74.89,26.28
37.83,-74.87,26.26
37.83,-74.85,26.32
37.83,-74.83,26.34
37.83,-74.57,26.72
37.83,-74.55,26.67
37.83,-74.53,26.65
37.83,-74.51,26.61
37.83,-74.49,26.69
37.83,-74.47,26.84
37.83,-74.45,26.96
37.83,-74.43,26.94
37.83,-74.41,26.93
37.83,-73.67,26.67
37.83,-73.65,26.64
37.83,-73.63,26.7
37.83,-73.15,26.58
37.83,-73.13,26.49
37.83,-73.03,26.57
37.83,-73.01,26.42
37.83,-72.99,26.2
37.83,-72.95,25.85
37.83,-72.93,26.61
37.83,-72.91,26.92
37.83,-72.89,27.04
37.83,-72.87,26.66
37.83,-72.85,26.99
37.83,-72.83,26.57
37.83,-72.81,26.57
37.83,-72.79,26.77
37.83,-72.77,26.76
37.83,-72.75,26.42
37.83,-72.73,26.18
37.83,-72.71,26.05
37.83,-72.69,25.94
37.83,-72.59,25.96
37.83,-72.57,25.98
37.83,-72.55,25.95
37.83,-72.05,26.06
37.83,-72.03,26.07
37.83,-72.01,26.15
37.83,-71.99,26.28
37.83,-71.93,26.69
37.81,-76.71,29.28
37.81,-76.69,29.26
37.81,-76.67,29.21
37.81,-76.29,28.77
37.81,-76.27,28.56
37.81,-76.25,28.56
37.81,-76.23,28.66
37.81,-76.21,28.8
37.81,-76.19,28.92
37.81,-76.17,29.3
37.81,-76.15,29.53
37.81,-76.13,29.58
37.81,-76.11,29.55
37.81,-76.09,29.39
37.81,-76.07,29.22
37.81,-76.05,29.12
37.81,-76.03,29.01
37.81,-76.01,29.05
37.81,-75.99,29.03
37.81,-75.97,28.72
37.81,-75.95,28.8
37.81,-75.93,28.68
37.81,-75.91,28.51
37.81,-75.89,28.43
37.81,-75.87,28.4
37.81,-75.85,28.26
37.81,-75.83,28.42
37.81,-75.81,28.41
37.81,-75.79,28.41
37.81,-75.77,28.47
37.81,-75.75,28.57
37.81,-75.73,28.61
37.81,-75.49,27.02
37.81,-75.47,26.87
37.81,-75.45,26.79
37.81,-75.43,26.89
37.81,-75.41,26.96
37.81,-75.39,26.98
37.81,-75.37,27.04
37.81,-75.35,27.06
37.81,-75.33,26.7
37.81,-75.31,26.42
37.81,-75.29,26.38
37.81,-75.27,26.31
37.81,-75.25,26.62
37.81,-75.23,26.62
37.81,-75.21,26.45
37.81,-75.19,26.35
37.81,-75.17,26.24
37.81,-75.15,26.25
37.81,-75.13,26.19
37.81,-75.11,26.23
37.81,-75.09,26.26
37.81,-75.07,26.3
37.81,-75.05,26.29
37.81,-75.03,26.34
37.81,-75.01,26.31
37.81,-74.99,26.34
37.81,-74.97,26.31
37.81,-74.95,26.26
37.81,-74.93,26.29
37.81,-74.91,26.29
37.81,-74.89,26.26
37.81,-74.87,26.27
37.81,-74.55,26.63
37.81,-74.53,26.65
37.81,-74.51,26.64
37.81,-74.49,26.69
37.81,-74.47,26.72
37.81,-72.99,26.0
37.81,-72.95,26.43
37.81,-72.93,26.49
37.81,-72.91,27.19
37.81,-72.89,27.15
37.81,-72.87,27.09
37.81,-72.85,27.09
37.81,-72.83,27.08
37.81,-72.81,26.78
37.81,-72.71,26.0
37.81,-72.69,25.96
37.81,-72.67,25.86
37.81,-72.65,25.94
37.81,-72.59,26.03
37.79,-76.71,29.33
37.79,-76.69,29.33
37.79,-76.67,29.32
37.79,-76.65,29.33
37.79,-76.29,28.62
37.79,-76.27,28.58
37.79,-76.25,28.63
37.79,-76.23,28.75
37.79,-76.21,28.86
37.79,-76.19,29.3
37.79,-76.17,29.4
37.79,-76.15,29.62
37.79,-76.13,29.65
37.79,-76.11,29.65
37.79,-76.09,29.46
37.79,-76.07,29.29
37.79,-76.05,29.18
37.79,-76.03,29.15
37.79,-76.01,29.12
37.79,-75.99,29.1
37.79,-75.97,28.81
37.79,-75.95,28.88
37.79,-75.93,28.86
37.79,-75.91,28.26
37.79,-75.89,28.2
37.79,-75.87,28.36
37.79,-75.85,28.54
37.79,-75.83,28.44
37.79,-75.81,28.49
37.79,-75.51,27.49
37.79,-75.49,27.18
37.79,-75.47,26.92
37.79,-75.45,26.84
37.79,-75.43,26.88
37.79,-75.41,26.91
37.79,-75.39,26.94
37.79,-75.37,27.0
37.79,-75.35,27.02
37.79,-75.33,26.96
37.79,-75.31,26.86
37.79,-75.29,26.89
37.79,-75.27,26.87
37.79,-75.25,26.94
37.79,-75.23,26.81
37.79,-75.21,26.7
37.79,-75.19,26.56
37.79,-75.17,26.49
37.79,-75.15,26.35
37.79,-75.13,26.35
37.79,-75.11,26.41
37.79,-75.09,26.44
37.79,-75.07,26.45
37.79,-75.05,26.42
37.79,-75.03,26.42
37.79,-75.01,26.39
37.79,-74.99,26.32
37.79,-74.97,26.33
37.79,-74.95,26.29
37.79,-74.93,26.23
37.79,-74.91,26.12
37.79,-74.89,26.17
37.79,-74.87,26.21
37.79,-72.95,26.48
37.79,-72.93,26.63
37.79,-72.91,27.28
37.79,-72.89,27.18
37.79,-72.87,27.07
37.79,-72.85,27.23
37.79,-72.83,27.25
37.79,-72.81,27.23
37.79,-72.69,25.89
37.79,-72.67,25.84
37.79,-72.65,25.97
37.79,-72.63,26.01
37.77,-76.67,29.36
37.77,-76.65,29.29
37.77,-76.63,29.21
37.77,-76.61,29.23
37.77,-76.59,29.2
37.77,-76.29,28.68
37.77,-76.27,28.63
37.77,-76.25,28.88
37.77,-76.23,28.97
37.77,-76.21,29.12
37.77,-76.19,29.25
37.77,-76.17,29.39
37.77,-76.15,29.63
37.77,-76.13,29.67
37.77,-76.11,29.69
37.77,-76.09,29.48
37.77,-76.07,29.36
37.77,-76.05,29.38
37.77,-76.03,29.36
37.77,-76.01,29.19
37.77,-75.99,29.06
37.77,-75.97,29.0
37.77,-75.95,28.97
37.77,-75.93,28.83
37.77,-75.91,28.32
37.77,-75.89,28.22
37.77,-75.87,28.57
37.77,-75.85,28.53
37.77,-75.83,28.43
37.77,-75.81,28.52
37.77,-75.53,27.49
37.77,-75.51,27.38
37.77,-75.49,27.08
37.77,-75.47,27.04
37.77,-75.45,27.0
37.77,-75.43,26.92
37.77,-75.41,26.92
37.77,-75.39,26.9
37.77,-75.37,26.92
37.77,-75.35,27.06
37.77,-75.33,27.16
37.77,-75.31,27.2
37.77,-75.29,27.22
37.77,-75.27,27.29
37.77,-75.25,27.26
37.77,-75.23,27.11
37.77,-75.21,26.86
37.77,-75.19,26.7
37.77,-75.17,26.63
37.77,-75.15,26.55
37.77,-75.13,26.54
37.77,-75.11,26.56
37.77,-75.09,26.56
37.77,-75.07,26.59
37.77,-75.05,26.62
37.77,-75.03,26.55
37.77,-75.01,26.48
37.77,-74.99,26.35
37.77,-74.97,26.37
37.77,-74.95,26.36
37.77,-74.93,26.27
37.77,-74.91,26.18
37.77,-74.89,26.12
37.77,-73.71,26.8
37.77,-72.95,27.0
37.77,-72.93,27.13
37.77,-72.91,27.36
37.77,-72.89,26.99
37.77,-72.87,27.19
37.77,-72.83,27.19
37.77,-72.67,25.82
37.75,-76.63,29.24
37.75,-76.61,29.26
37.75,-76.59,29.19
37.75,-76.31,28.73
37.75,-76.29,28.72
37.75,-76.27,28.93
37.75,-76.25,29.02
37.75,-76.23,29.21
37.75,-76.21,29.2
37.75,-76.19,29.24
37.75,-76.17,29.45
37.75,-76.15,29.7
37.75,-76.13,29.77
37.75,-76.11,29.75
37.75,-76.09,29.63
37.75,-76.07,29.62
37.75,-76.05,29.63
37.75,-76.03,29.55
37.75,-76.01,29.23
37.75,-75.99,29.08
37.75,-75.97,29.04
37.75,-75.95,28.94
37.75,-75.93,28.8
37.75,-75.91,28.72
37.75,-75.89,28.61
37.75,-75.87,28.72
37.75,-75.85,28.59
37.75,-75.83,28.52
37.75,-75.53,27.36
37.75,-75.51,27.01
37.75,-75.49,26.99
37.75,-75.47,27.06
37.75,-75.45,27.03
37.75,-75.43,26.91
37.75,-75.41,26.88
37.75,-75.39,26.9
37.75,-75.37,26.97
37.75,-75.35,27.11
37.75,-75.33,27.34
37.75,-75.31,27.4
37.75,-75.29,27.58
37.75,-75.27,27.57
37.75,-75.25,27.47
37.75,-75.23,27.56
37.75,-75.21,27.26
37.75,-75.19,27.04
37.75,-75.17,26.82
37.75,-75.15,26.89
37.75,-75.13,26.81
37.75,-75.11,26.78
37.75,-75.09,26.74
37.75,-75.07,26.73
37.75,-75.05,26.71
37.75,-75.03,26.63
37.75,-75.01,26.55
37.75,-74.99,26.61
37.75,-74.97,27.06
37.75,-74.95,26.93
37.75,-73.63,26.77
37.75,-73.61,26.7
37.75,-72.91,26.8
37.75,-72.89,26.7
37.75,-72.87,26.7
37.75,-72.85,26.65
37.73,-76.61,29.3
37.73,-76.59,29.25
37.73,-76.57,29.25
37.73,-76.33,28.9
37.73,-76.31,28.87
37.73,-76.29,28.87
37.73,-76.27,29.13
37.73,-76.25,29.23
37.73,-76.23,29.34
37.73,-76.21,29.36
37.73,-76.19,29.35
37.73,-76.17,29.45
37.73,-76.15,29.62
37.73,-76.13,29.7
37.73,-76.11,29.68
37.73,-76.09,29.71
37.73,-76.07,29.77
37.73,-76.05,29.78
37.73,-76.03,29.49
37.73,-76.01,29.25
37.73,-75.99,29.09
37.73,-75.97,28.91
37.73,-75.95,28.83
37.73,-75.93,28.71
37.73,-75.91,28.62
37.73,-75.89,28.26
37.73,-75.87,28.5
37.73,-75.85,28.54
37.73,-75.55,27.38
37.73,-75.53,27.28
37.73,-75.51,27.05
37.73,-75.49,27.02
37.73,-75.47,27.08
37.73,-75.45,27.09
37.73,-75.43,27.06
37.73,-75.41,26.91
37.73,-75.39,26.99
37.73,-75.37,27.07
37.73,-75.35,27.14
37.73,-75.33,27.32
37.73,-75.31,27.39
37.73,-75.29,27.42
37.73,-75.27,27.5
37.73,-75.25,27.54
37.73,-75.23,27.52
37.73,-75.21,27.39
37.73,-75.19,27.34
37.73,-75.17,27.18
37.73,-75.15,27.01
37.73,-75.13,27.0
37.73,-75.11,27.38
37.73,-75.09,27.44
37.73,-75.07,27.39
37.73,-75.05,27.0
37.73,-75.03,27.04
37.73,-75.01,27.29
37.73,-74.99,27.31
37.73,-74.97,27.12
37.73,-74.95,27.1
37.73,-74.83,27.17
37.73,-74.81,27.1
37.73,-74.79,27.04
37.73,-74.77,26.99
37.73,-74.75,27.0
37.73,-74.73,26.99
37.73,-73.65,26.77
37.73,-73.63,26.75
37.73,-73.61,26.61
37.73,-73.59,26.51
37.73,-73.57,26.61
37.73,-73.55,26.65
37.73,-73.29,26.82
37.73,-73.27,26.8
37.73,-73.23,26.35
37.73,-73.21,26.31
37.73,-72.95,26.34
37.73,-72.93,26.35
37.73,-72.91,26.2
37.73,-72.89,26.25
37.73,-72.87,26.43
37.73,-72.85,26.52
37.71,-76.59,29.33
37.71,-76.57,29.71
37.71,-76.55,29.71
37.71,-76.29,29.1
37.71,-76.27,29.15
37.71,-76.25,29.34
37.71,-76.23,29.45
37.71,-76.21,29.38
37.71,-76.19,29.38
37.71,-76.17,29.47
37.71,-76.15,29.56
37.71,-76.13,29.56
37.71,-76.11,29.53
37.71,-76.09,29.55
37.71,-76.07,29.52
37.71,-76.05,29.48
37.71,-76.03,29.43
37.71,-76.01,29.28
37.71,-75.99,29.1
37.71,-75.97,29.05
37.71,-75.95,29.02
37.71,-75.93,28.78
37.71,-75.91,28.46
37.71,-75.89,28.27
37.71,-75.87,28.51
37.71,-75.85,28.62
37.71,-75.57,27.46
37.71,-75.55,27.36
37.71,-75.53,27.26
37.71,-75.51,27.07
37.71,-75.49,27.11
37.71,-75.47,27.19
37.71,-75.45,27.24
37.71,-75.43,27.16
37.71,-75.41,27.03
37.71,-75.39,27.04
37.71,-75.37,27.39
37.71,-75.35,27.41
37.71,-75.33,27.43
37.71,-75.31,27.46
37.71,-75.29,27.51
37.71,-75.27,27.56
37.71,-75.25,27.51
37.71,-75.23,27.42
37.71,-75.21,27.39
37.71,-75.19,27.37
37.71,-75.17,27.23
37.71,-75.15,27.15
37.71,-75.13,27.16
37.71,-75.11,27.33
37.71,-75.09,27.47
37.71,-75.07,27.91
37.71,-75.05,27.93
37.71,-75.01,27.33
37.71,-74.99,27.31
37.71,-74.97,27.21
37.71,-74.95,27.22
37.71,-74.89,27.9
37.71,-74.87,27.89
37.71,-74.85,27.37
37.71,-74.83,27.22
37.71,-74.81,27.16
37.71,-74.79,27.18
37.71,-74.77,27.1
37.71,-74.75,27.04
37.71,-74.73,27.05
37.71,-74.71,27.06
37.71,-74.69,26.97
37.71,-73.97,26.9
37.71,-73.95,26.93
37.71,-73.81,26.87
37.71,-73.79,26.85
37.71,-73.77,26.91
37.71,-73.75,26.99
37.71,-73.67,26.8
37.71,-73.65,26.67
37.71,-73.63,26.61
37.71,-73.61,26.56
37.71,-73.59,26.54
37.71,-73.57,26.58
37.71,-73.53,26.43
37.71,-73.51,26.38
37.71,-73.49,26.24
37.71,-73.47,26.3
37.71,-73.45,26.3
37.71,-73.43,26.23
37.71,-73.35,26.73
37.71,-73.33,26.86
37.71,-73.31,26.87
37.71,-73.29,26.87
37.71,-73.27,26.8
37.71,-73.25,26.72
37.71,-73.23,26.55
37.71,-73.21,26.31
37.71,-73.19,26.34
37.71,-72.97,26.03
37.71,-72.93,26.39
37.71,-72.91,26.22
37.71,-72.89,26.22
37.71,-72.87,26.37
37.69,-76.57,29.59
37.69,-76.55,29.56
37.69,-76.29,29.11
37.69,-76.27,29.24
37.69,-76.25,29.38
37.69,-76.23,29.5
37.69,-76.21,29.37
37.69,-76.19,29.35
37.69,-76.17,29.54
37.69,-76.15,29.56
37.69,-76.13,29.46
37.69,-76.11,29.38
37.69,-76.09,29.43
37.69,-76.07,29.44
37.69,-76.05,29.42
37.69,-76.03,29.27
37.69,-76.01,29.07
37.69,-75.99,28.95
37.69,-75.97,28.99
37.69,-75.95,29.04
37.69,-75.93,28.83
37.69,-75.91,28.44
37.69,-75.89,28.32
37.69,-75.87,28.48
37.69,-75.85,28.6
37.69,-75.57,27.41
37.69,-75.55,27.32
37.69,-75.53,27.01
37.69,-75.51,26.97
37.69,-75.49,27.09
37.69,-75.47,27.25
37.69,-75.45,27.23
37.69,-75.43,27.17
37.69,-75.41,27.08
37.69,-75.39,27.16
37.69,-75.37,27.3
37.69,-75.35,27.38
37.69,-75.33,27.41
37.69,-75.31,27.46
37.69,-75.29,27.62
37.69,-75.27,27.6
37.69,-75.25,27.54
37.69,-75.23,27.47
37.69,-75.21,27.45
37.69,-75.19,27.37
37.69,-75.17,27.28
37.69,-75.15,27.24
37.69,-75.13,27.16
37.69,-75.11,27.16
37.69,-75.09,27.28
37.69,-75.07,27.67
37.69,-75.05,28.02
37.69,-75.03,27.96
37.69,-75.01,27.79
37.69,-74.99,27.62
37.69,-74.97,27.25
37.69,-74.95,27.28
37.69,-74.93,27.49
37.69,-74.91,27.64
37.69,-74.89,27.97
37.69,-74.87,27.93
37.69,-74.85,27.6
37.69,-74.83,27.4
37.69,-74.81,27.35
37.69,-74.79,27.21
37.69,-74.77,27.23
37.69,-74.75,27.17
37.69,-74.73,27.11
37.69,-74.71,26.95
37.69,-74.69,26.97
37.69,-74.67,26.98
37.69,-74.65,26.8
37.69,-74.63,26.78
37.69,-73.99,26.76
37.69,-73.97,26.8
37.69,-73.95,26.9
37.69,-73.93,26.86
37.69,-73.91,26.93
37.69,-73.89,26.95
37.69,-73.85,26.81
37.69,-73.83,26.85
37.69,-73.81,26.89
37.69,-73.79,26.81
37.69,-73.77,26.79
37.69,-73.75,26.81
37.69,-73.73,26.76
37.69,-73.71,26.79
37.69,-73.65,26.56
37.69,-73.63,26.59
37.69,-73.61,26.59
37.69,-73.59,26.64
37.69,-73.57,26.64
37.69,-73.55,26.56
37.69,-73.53,26.29
37.69,-73.51,26.22
37.69,-73.49,26.24
37.69,-73.47,26.24
37.69,-73.45,26.24
37.69,-73.43,26.14
37.69,-73.41,26.05
37.69,-73.39,26.15
37.69,-73.37,26.33
37.69,-73.35,26.44
37.69,-73.33,26.71
37.69,-73.31,26.85
37.69,-73.29,26.87
37.69,-73.27,26.87
37.69,-73.25,26.78
37.69,-73.23,26.69
37.69,-73.21,26.7
37.69,-73.19,26.74
37.69,-73.05,26.09
37.69,-73.03,26.09
37.69,-73.01,26.07
37.69,-72.99,26.13
37.69,-72.97,26.1
37.69,-72.95,26.05
37.69,-72.71,26.02
37.69,-72.69,26.04
37.69,-72.67,25.98
37.67,-76.57,29.42
37.67,-76.55,29.44
37.67,-76.35,29.2
37.67,-76.33,29.2
37.67,-76.31,29.08
37.67,-76.29,29.0
37.67,-76.27,29.17
37.67,-76.25,29.25
37.67,-76.23,29.41
37.67,-76.21,29.36
37.67,-76.19,29.53
37.67,-76.17,29.52
37.67,-76.15,29.41
37.67,-76.13,29.29
37.67,-76.11,29.29
37.67,-76.09,29.3
37.67,-76.07,29.31
37.67,-76.05,29.25
37.67,-76.03,29.16
37.67,-76.01,28.86
37.67,-75.99,28.76
37.67,-75.97,28.79
37.67,-75.95,28.81
37.67,-75.93,28.78
37.67,-75.91,28.37
37.67,-75.89,28.37
37.67,-75.87,28.51
37.67,-75.57,27.72
37.67,-75.55,27.44
37.67,-75.53,27.22
37.67,-75.51,27.23
37.67,-75.49,27.22
37.67,-75.47,27.25
37.67,-75.45,27.22
37.67,-75.43,27.09
37.67,-75.41,27.11
37.67,-75.39,27.2
37.67,-75.37,27.23
37.67,-75.35,27.26
37.67,-75.33,27.37
37.67,-75.31,27.47
37.67,-75.29,27.48
37.67,-75.27,27.53
37.67,-75.25,27.54
37.67,-75.23,27.53
37.67,-75.21,27.53
37.67,-75.19,27.5
37.67,-75.17,27.38
37.67,-75.15,27.32
37.67,-75.13,27.23
37.67,-75.11,27.11
37.67,-75.09,27.11
37.67,-75.07,27.41
37.67,-75.05,27.91
37.67,-75.03,28.05
37.67,-75.01,28.27
37.67,-74.99,28.32
37.67,-74.97,28.44
37.67,-74.95,28.55
37.67,-74.93,27.99
37.67,-74.91,28.01
37.67,-74.89,28.03
37.67,-74.87,27.85
37.67,-74.85,27.61
37.67,-74.83,27.48
37.67,-74.81,27.43
37.67,-74.79,27.29
37.67,-74.77,27.21
37.67,-74.75,27.19
37.67,-74.73,27.1
37.67,-74.71,26.99
37.67,-74.69,26.99
37.67,-74.67,26.89
37.67,-74.65,26.85
37.67,-74.63,26.82
37.67,-74.61,26.79
37.67,-74.59,26.84
37.67,-74.57,26.79
37.67,-74.55,26.7
37.67,-74.53,26.74
37.67,-74.51,26.82
37.67,-74.49,26.86
37.67,-73.99,26.71
37.67,-73.97,26.76
37.67,-73.95,26.85
37.67,-73.93,26.86
37.67,-73.91,27.0
37.67,-73.89,26.98
37.67,-73.87,26.9
37.67,-73.85,26.84
37.67,-73.83,26.78
37.67,-73.81,26.75
37.67,-73.79,26.68
37.67,-73.77,26.69
37.67,-73.75,26.71
37.67,-73.73,26.74
37.67,-73.71,26.75
37.67,-73.69,26.73
37.67,-73.67,26.77
37.67,-73.63,26.49
37.67,-73.61,26.38
37.67,-73.59,26.39
37.67,-73.57,26.48
37.67,-73.55,26.38
37.67,-73.53,26.32
37.67,-73.51,26.22
37.67,-73.49,26.27
37.67,-73.47,26.23
37.67,-73.45,26.21
37.67,-73.43,26.08
37.67,-73.41,25.98
37.67,-73.39,26.14
37.67,-73.37,26.23
37.67,-73.35,26.38
37.67,-73.33,26.56
37.67,-73.31,26.58
37.67,-73.29,26.57
37.67,-73.27,26.65
37.67,-73.25,26.66
37.67,-73.23,26.66
37.67,-73.21,26.68
37.67,-73.19,26.69
37.67,-73.05,26.14
37.67,-73.03,26.18
37.67,-73.01,26.21
37.67,-72.99,26.18
37.67,-72.97,26.13
37.67,-72.71,26.04
37.67,-72.69,26.05
37.67,-72.67,25.96
37.65,-76.57,29.37
37.65,-76.55,29.42
37.65,-76.53,29.47
37.65,-76.49,29.59
37.65,-76.47,29.55
37.65,-76.33,29.15
37.65,-76.31,29.0
37.65,-76.29,28.98
37.65,-76.27,29.03
37.65,-76.25,29.35
37.65,-76.23,29.45
37.65,-76.21,29.51
37.65,-76.19,29.64
37.65,-76.17,29.61
37.65,-76.15,29.42
37.65,-76.13,29.24
37.65,-76.11,29.24
37.65,-76.09,29.23
37.65,-76.07,29.2
37.65,-76.05,29.22
37.65,-76.03,29.22
37.65,-76.01,29.01
37.65,-75.99,28.75
37.65,-75.97,28.66
37.65,-75.95,28.59
37.65,-75.93,28.35
37.65,-75.91,28.31
37.65,-75.59,27.75
37.65,-75.57,27.55
37.65,-75.55,27.29
37.65,-75.53,27.26
37.65,-75.51,27.28
37.65,-75.49,27.21
37.65,-75.47,27.21
37.65,-75.45,27.18
37.65,-75.43,27.14
37.65,-75.41,27.16
37.65,-75.39,27.16
37.65,-75.37,27.21
37.65,-75.35,27.31
37.65,-75.33,27.3
37.65,-75.31,27.31
37.65,-75.29,27.36
37.65,-75.27,27.5
37.65,-75.25,27.64
37.65,-75.23,27.64
37.65,-75.21,27.54
37.65,-75.19,27.48
37.65,-75.17,27.44
37.65,-75.15,27.3
37.65,-75.13,27.24
37.65,-75.11,27.2
37.65,-75.09,27.27
37.65,-75.07,27.56
37.65,-75.05,27.74
37.65,-75.03,28.14
37.65,-75.01,28.24
37.65,-74.99,28.37
37.65,-74.97,28.59
37.65,-74.95,28.61
37.65,-74.93,28.23
37.65,-74.91,28.04
37.65,-74.89,28.01
37.65,-74.87,27.74
37.65,-74.85,27.59
37.65,-74.83,27.58
37.65,-74.81,27.43
37.65,-74.79,27.37
37.65,-74.77,27.24
37.65,-74.75,27.16
37.65,-74.73,27.13
37.65,-74.71,27.04
37.65,-74.69,26.98
37.65,-74.67,26.91
37.65,-74.65,26.87
37.65,-74.63,26.81
37.65,-74.61,26.8
37.65,-74.59,26.86
37.65,-74.57,26.83
37.65,-74.55,26.7
37.65,-74.53,26.72
37.65,-74.51,26.74
37.65,-74.49,26.76
37.65,-74.47,26.66
37.65,-74.45,26.47
37.65,-74.43,26.48
37.65,-73.97,26.78
37.65,-73.95,26.81
37.65,-73.93,26.87
37.65,-73.91,26.92
37.65,-73.89,26.92
37.65,-73.87,26.88
37.65,-73.85,26.85
37.65,-73.83,26.8
37.65,-73.79,26.81
37.65,-73.77,26.87
37.65,-73.75,26.75
37.65,-73.73,26.73
37.65,-73.71,26.69
37.65,-73.69,26.73
37.65,-73.67,26.82
37.65,-73.65,26.79
37.65,-73.63,26.67
37.65,-73.61,26.48
37.65,-73.59,26.5
37.65,-73.57,26.57
37.65,-73.55,26.47
37.65,-73.53,26.45
37.65,-73.35,26.45
37.65,-73.33,26.48
37.65,-73.31,26.47
37.65,-73.29,26.41
37.65,-73.25,26.61
37.65,-72.71,26.16
37.65,-72.69,26.17
37.63,-76.55,29.45
37.63,-76.53,29.47
37.63,-76.51,29.78
37.63,-76.49,29.72
37.63,-76.47,29.56
37.63,-76.45,29.4
37.63,-76.43,29.38
37.63,-76.41,29.39
37.63,-76.27,29.27
37.63,-76.25,29.36
37.63,-76.23,29.48
37.63,-76.21,29.52
37.63,-76.19,29.55
37.63,-76.17,29.51
37.63,-76.15,29.45
37.63,-76.13,29.34
37.63,-76.11,29.22
37.63,-76.09,29.09
37.63,-76.07,29.14
37.63,-76.05,29.14
37.63,-76.03,29.04
37.63,-76.01,28.86
37.63,-75.99,28.58
37.63,-75.97,28.57
37.63,-75.95,28.58
37.63,-75.93,28.49
37.63,-75.91,28.35
37.63,-75.89,28.32
37.63,-75.65,27.71
37.63,-75.59,27.36
37.63,-75.57,27.4
37.63,-75.55,27.34
37.63,-75.53,27.31
37.63,-75.51,27.29
37.63,-75.49,27.21
37.63,-75.47,27.16
37.63,-75.45,27.14
37.63,-75.43,27.17
37.63,-75.41,27.2
37.63,-75.39,27.13
37.63,-75.37,27.16
37.63,-75.35,27.26
37.63,-75.33,27.28
37.63,-75.31,27.31
37.63,-75.29,27.34
37.63,-75.27,27.46
37.63,-75.25,27.62
37.63,-75.23,27.58
37.63,-75.21,27.37
37.63,-75.19,27.33
37.63,-75.17,27.36
37.63,-75.15,27.39
37.63,-75.13,27.31
37.63,-75.11,27.36
37.63,-75.09,27.6
37.63,-75.07,27.73
37.63,-75.05,27.95
37.63,-75.03,28.19
37.63,-75.01,28.14
37.63,-74.99,28.32
37.63,-74.97,28.4
37.63,-74.95,28.57
37.63,-74.93,28.49
37.63,-74.91,28.44
37.63,-74.87,27.56
37.63,-74.85,27.5
37.63,-74.83,27.51
37.63,-74.81,27.43
37.63,-74.79,27.37
37.63,-74.77,27.27
37.63,-74.75,27.19
37.63,-74.73,27.15
37.63,-74.71,27.08
37.63,-74.69,26.96
37.63,-74.67,26.91
37.63,-74.65,26.9
37.63,-74.63,26.88
37.63,-74.61,26.88
37.63,-74.59,26.9
37.63,-74.57,26.82
37.63,-74.55,26.8
37.63,-74.53,26.72
37.63,-74.51,26.75
37.63,-74.49,26.8
37.63,-74.47,26.82
37.63,-74.45,26.56
37.63,-74.43,26.52
37.63,-74.41,26.51
37.63,-74.39,26.49
37.63,-73.95,26.8
37.63,-73.91,26.92
37.63,-73.89,26.93
37.63,-73.79,26.83
37.63,-73.77,26.86
37.63,-73.75,26.8
37.63,-73.73,26.7
37.63,-73.71,26.66
37.63,-73.69,26.68
37.63,-73.67,26.77
37.63,-73.65,26.74
37.61,-76.43,29.34
37.61,-76.41,29.29
37.61,-76.39,29.28
37.61,-76.37,29.12
37.61,-76.35,28.85
37.61,-76.33,28.93
37.61,-76.31,28.99
37.61,-76.29,28.94
37.61,-76.27,28.86
37.61,-76.25,29.17
37.61,-76.23,29.43
37.61,-76.21,29.57
37.61,-76.19,29.56
37.61,-76.17,29.54
37.61,-76.15,29.47
37.61,-76.13,29.45
37.61,-76.11,29.07
37.61,-76.09,28.88
37.61,-76.07,28.78
37.61,-76.05,28.73
37.61,-76.03,28.84
37.61,-76.01,28.77
37.61,-75.99,28.38
37.61,-75.97,28.42
37.61,-75.95,28.46
37.61,-75.93,28.55
37.61,-75.89,28.61
37.61,-75.63,27.67
37.61,-75.61,27.33
37.61,-75.59,27.24
37.61,-75.57,27.31
37.61,-75.55,27.36
37.61,-75.53,27.37
37.61,-75.51,27.37
37.61,-75.49,27.35
37.61,-75.47,27.28
37.61,-75.45,27.27
37.61,-75.43,27.28
37.61,-75.41,27.23
37.61,-75.39,27.23
37.61,-75.37,27.27
37.61,-75.35,27.24
37.61,-75.33,27.23
37.61,-75.31,27.27
37.61,-75.29,27.27
37.61,-75.27,27.3
37.61,-75.25,27.35
37.61,-75.23,27.39
37.61,-75.21,27.34
37.61,-75.19,27.25
37.61,-75.17,27.15
37.61,-75.15,27.2
37.61,-75.13,27.48
37.61,-75.11,27.7
37.61,-75.09,27.79
37.61,-75.07,27.98
37.61,-75.05,28.26
37.61,-75.03,28.36
37.61,-75.01,28.3
37.61,-74.99,28.17
37.61,-74.97,28.15
37.61,-74.95,28.23
37.61,-74.93,28.41
37.61,-74.91,28.56
37.61,-74.89,28.25
37.61,-74.87,27.63
37.61,-74.85,27.42
37.61,-74.83,27.31
37.61,-74.81,27.34
37.61,-74.79,27.31
37.61,-74.77,27.2
37.61,-74.75,27.15
37.61,-74.73,27.11
37.61,-74.71,27.0
37.61,-74.69,26.89
37.61,-74.67,26.86
37.61,-74.65,26.87
37.61,-74.63,26.84
37.61,-74.61,26.86
37.61,-74.59,26.81
37.61,-74.57,26.79
37.61,-74.55,26.77
37.61,-74.53,26.67
37.61,-74.51,26.72
37.61,-74.49,26.76
37.61,-74.47,26.72
37.61,-74.45,26.58
37.61,-74.43,26.57
37.61,-74.41,26.55
37.61,-74.39,26.54
37.61,-74.37,26.54
37.59,-76.41,29.18
37.59,-76.39,29.16
37.59,-76.37,28.98
37.59,-76.35,28.92
37.59,-76.33,28.96
37.59,-76.31,28.98
37.59,-76.29,28.92
37.59,-76.27,28.9
37.59,-76.25,29.01
37.59,-76.23,29.1
37.59,-76.21,29.47
37.59,-76.19,29.49
37.59,-76.17,29.56
37.59,-76.15,29.53
37.59,-76.13,29.41
37.59,-76.11,29.13
37.59,-76.09,28.95
37.59,-76.07,28.83
37.59,-76.05,28.72
37.59,-76.03,28.68
37.59,-76.01,28.61
37.59,-75.99,28.5
37.59,-75.97,28.42
37.59,-75.95,28.38
37.59,-75.93,28.37
37.59,-75.69,28.45
37.59,-75.67,28.43
37.59,-75.61,27.27
37.59,-75.59,26.81
37.59,-75.57,27.25
37.59,-75.55,27.43
37.59,-75.53,27.32
37.59,-75.51,27.25
37.59,-75.49,27.27
37.59,-75.47,27.28
37.59,-75.45,27.27
37.59,-75.43,27.28
37.59,-75.41,27.23
37.59,-75.39,27.21
37.59,-75.37,27.21
37.59,-75.35,27.21
37.59,-75.33,27.21
37.59,-75.31,27.22
37.59,-75.29,27.23
37.59,-75.27,27.2
37.59,-75.25,27.17
37.59,-75.23,27.16
37.59,-75.21,27.09
37.59,-75.19,27.05
37.59,-75.17,27.06
37.59,-75.15,27.2
37.59,-75.13,27.49
37.59,-75.11,27.86
37.59,-75.09,28.03
37.59,-75.07,28.08
37.59,-75.05,28.36
37.59,-75.03,28.51
37.59,-75.01,28.44
37.59,-74.99,28.25
37.59,-74.97,28.17
37.59,-74.95,28.25
37.59,-74.93,28.48
37.59,-74.91,28.58
37.59,-74.89,28.48
37.59,-74.87,27.65
37.59,-74.85,27.37
37.59,-74.83,27.34
37.59,-74.81,27.31
37.59,-74.79,27.28
37.59,-74.77,27.08
37.59,-74.75,27.03
37.59,-74.73,26.97
37.59,-74.71,26.92
37.59,-74.69,26.87
37.59,-74.67,26.83
37.59,-74.65,26.75
37.59,-74.63,26.72
37.59,-74.61,26.72
37.59,-74.59,26.68
37.59,-74.57,26.72
37.59,-74.55,26.72
37.59,-74.53,26.66
37.59,-74.51,26.69
37.59,-74.49,26.74
37.59,-74.47,26.66
37.59,-74.45,26.61
37.59,-74.43,26.58
37.59,-74.41,26.57
37.59,-74.39,26.58
37.59,-74.37,26.63
37.59,-74.35,26.65
37.59,-74.33,26.71
37.59,-74.31,26.73
37.59,-74.29,26.71
37.59,-74.27,26.63
37.57,-76.33,28.91
37.57,-76.31,28.87
37.57,-76.29,28.71
37.57,-76.27,29.01
37.57,-76.25,29.04
37.57,-76.23,29.09
37.57,-76.21,29.13
37.57,-76.19,29.21
37.57,-76.17,29.46
37.57,-76.15,29.4
37.57,-76.13,29.28
37.57,-76.11,29.17
37.57,-76.09,29.1
37.57,-76.07,28.98
37.57,-76.05,28.85
37.57,-76.03,28.69
37.57,-76.01,28.68
37.57,-75.99,28.6
37.57,-75.97,28.54
37.57,-75.95,28.52
37.57,-75.59,27.05
37.57,-75.57,27.14
37.57,-75.55,27.33
37.57,-75.53,27.13
37.57,-75.51,27.1
37.57,-75.49,27.23
37.57,-75.47,27.29
37.57,-75.45,27.28
37.57,-75.43,27.26
37.57,-75.41,27.23
37.57,-75.39,27.16
37.57,-75.37,27.18
37.57,-75.35,27.28
37.57,-75.33,27.4
37.57,-75.31,27.26
37.57,-75.29,27.19
37.57,-75.27,27.16
37.57,-75.25,27.19
37.57,-75.23,27.29
37.57,-75.21,27.3
37.57,-75.19,26.96
37.57,-75.17,26.98
37.57,-75.15,27.15
37.57,-75.13,27.43
37.57,-75.11,27.84
37.57,-75.09,28.11
37.57,-75.07,28.19
37.57,-75.05,28.42
37.57,-75.03,28.48
37.57,-75.01,28.45
37.57,-74.99,28.41
37.57,-74.97,28.37
37.57,-74.95,28.33
37.57,-74.93,28.42
37.57,-74.91,28.46
37.57,-74.89,28.4
37.57,-74.87,27.91
37.57,-74.85,27.36
37.57,-74.83,27.25
37.57,-74.81,27.22
37.57,-74.79,27.17
37.57,-74.77,27.03
37.57,-74.75,26.98
37.57,-74.73,26.98
37.57,-74.71,26.92
37.57,-74.69,26.82
37.57,-74.67,26.78
37.57,-74.65,26.75
37.57,-74.63,26.69
37.57,-74.61,26.68
37.57,-74.59,26.65
37.57,-74.57,26.67
37.57,-74.55,26.71
37.57,-74.53,26.75
37.57,-74.51,26.7
37.57,-74.49,26.68
37.57,-74.47,26.58
37.57,-74.45,26.59
37.57,-74.43,26.58
37.57,-74.41,26.61
37.57,-74.39,26.58
37.57,-74.37,26.62
37.57,-74.35,26.58
37.57,-74.33,26.62
37.57,-74.31,26.66
37.57,-74.29,26.67
37.57,-74.27,26.67
37.57,-74.25,26.68
37.57,-74.23,26.68
37.57,-74.21,26.64
37.57,-73.11,26.44
37.57,-73.09,26.46
37.57,-73.07,26.54
37.57,-72.81,26.47
37.55,-76.29,28.72
37.55,-76.27,28.94
37.55,-76.25,29.08
37.55,-76.23,29.11
37.55,-76.21,29.14
37.55,-76.19,29.2
37.55,-76.17,29.18
37.55,-76.15,29.22
37.55,-76.13,29.25
37.55,-76.11,29.24
37.55,-76.09,29.2
37.55,-76.07,29.18
37.55,-76.05,29.09
37.55,-76.03,28.77
37.55,-76.01,28.73
37.55,-75.99,28.66
37.55,-75.97,28.57
37.55,-75.95,28.54
37.55,-75.67,28.09
37.55,-75.61,27.37
37.55,-75.59,27.06
37.55,-75.57,26.93
37.55,-75.55,26.9
37.55,-75.53,26.88
37.55,-75.51,26.94
37.55,-75.49,27.02
37.55,-75.47,27.11
37.55,-75.45,27.17
37.55,-75.43,27.16
37.55,-75.41,27.16
37.55,-75.39,27.14
37.55,-75.37,27.25
37.55,-75.35,27.31
37.55,-75.33,27.36
37.55,-75.29,27.34
37.55,-75.27,27.3
37.55,-75.25,27.27
37.55,-75.23,27.14
37.55,-75.21,27.16
37.55,-75.19,27.21
37.55,-75.17,27.35
37.55,-75.15,27.43
37.55,-75.13,27.65
37.55,-75.11,27.75
37.55,-74.95,28.45
37.55,-74.93,28.71
37.55,-74.91,28.66
37.55,-74.89,28.4
37.55,-74.83,27.34
37.55,-74.81,27.19
37.55,-74.79,27.15
37.55,-74.77,27.01
37.55,-74.75,26.97
37.55,-74.73,26.91
37.55,-74.71,26.81
37.55,-74.69,26.76
37.55,-74.67,26.77
37.55,-74.65,26.75
37.55,-74.63,26.7
37.55,-74.61,26.7
37.55,-74.59,26.7
37.55,-74.57,26.68
37.55,-74.55,26.75
37.55,-74.53,26.75
37.55,-74.51,26.67
37.55,-74.49,26.68
37.55,-74.47,26.64
37.55,-74.45,26.7
37.55,-74.43,26.68
37.55,-74.41,26.61
37.55,-74.39,26.55
37.55,-74.37,26.54
37.55,-74.35,26.58
37.55,-74.33,26.63
37.55,-74.31,26.65
37.55,-74.29,26.65
37.55,-74.27,26.66
37.55,-74.25,26.67
37.55,-74.23,26.69
37.55,-74.21,26.61
37.55,-74.01,26.65
37.55,-73.99,26.67
37.55,-73.97,26.7
37.55,-73.95,26.69
37.55,-73.93,26.68
37.55,-73.91,26.71
37.55,-73.11,26.43
37.55,-73.09,26.47
37.55,-73.07,26.49
37.55,-72.83,26.39
37.53,-76.35,29.36
37.53,-76.31,28.98
37.53,-76.29,28.72
37.53,-76.27,28.62
37.53,-76.25,28.96
37.53,-76.23,29.02
37.53,-76.21,29.1
37.53,-76.19,29.11
37.53,-76.17,29.16
37.53,-76.15,29.27
37.53,-76.13,29.27
37.53,-76.11,29.3
37.53,-76.09,29.26
37.53,-76.07,29.24
37.53,-76.05,29.08
37.53,-76.03,28.8
37.53,-76.01,28.67
37.53,-75.99,28.55
37.53,-75.97,28.4
37.53,-75.95,28.37
37.53,-75.73,28.29
37.53,-75.71,28.36
37.53,-75.67,28.13
37.53,-75.61,27.38
37.53,-75.59,27.09
37.53,-75.57,26.89
37.53,-75.55,26.85
37.53,-75.53,26.85
37.53,-75.51,26.84
37.53,-75.49,26.88
37.53,-75.47,26.96
37.53,-75.45,27.03
37.53,-75.43,27.08
37.53,-75.41,27.09
37.53,-75.39,27.19
37.53,-75.37,27.51
37.53,-75.35,27.59
37.53,-75.33,27.58
37.53,-75.31,27.27
37.53,-75.29,27.28
37.53,-75.27,27.24
37.53,-75.25,27.15
37.53,-75.23,27.01
37.53,-75.21,27.27
37.53,-75.19,27.3
37.53,-75.17,27.58
37.53,-75.15,27.67
37.53,-75.13,28.02
37.53,-75.11,28.11
37.53,-74.95,28.51
37.53,-74.93,28.64
37.53,-74.91,28.58
37.53,-74.89,28.41
37.53,-74.83,27.15
37.53,-74.81,27.15
37.53,-74.79,27.14
37.53,-74.77,27.0
37.53,-74.75,26.99
37.53,-74.73,26.91
37.53,-74.71,26.82
37.53,-74.69,26.77
37.53,-74.67,26.71
37.53,-74.65,26.74
37.53,-74.63,26.73
37.53,-74.61,26.73
37.53,-74.59,26.72
37.53,-74.57,26.76
37.53,-74.55,26.79
37.53,-74.53,26.75
37.53,-74.51,26.72
37.53,-74.49,26.72
37.53,-74.47,26.7
37.53,-74.45,26.75
37.53,-74.43,26.78
37.53,-74.41,26.66
37.53,-74.39,26.57
37.53,-74.37,26.5
37.53,-74.35,26.63
37.53,-74.33,26.65
37.53,-74.31,26.64
37.53,-74.29,26.64
37.53,-74.27,26.65
37.53,-74.25,26.63
37.53,-74.23,26.63
37.53,-74.21,26.58
37.53,-74.19,26.59
37.53,-74.17,26.7
37.53,-74.15,26.74
37.53,-74.13,26.71
37.53,-74.11,26.68
37.53,-74.09,26.66
37.53,-74.07,26.64
37.53,-74.05,26.69
37.53,-74.03,26.66
37.53,-74.01,26.59
37.53,-73.99,26.65
37.53,-73.97,26.73
37.53,-73.95,26.73
37.53,-73.93,26.73
37.53,-73.91,26.69
37.53,-73.89,26.85
37.53,-73.87,26.89
37.53,-73.85,27.07
37.53,-73.83,26.91
37.53,-73.81,26.97
37.53,-73.79,27.06
37.53,-73.77,27.05
37.53,-73.09,26.39
37.53,-73.07,26.42
37.53,-73.05,26.59
37.53,-73.03,26.6
37.53,-73.01,26.63
37.53,-72.99,26.7
37.53,-72.97,26.67
37.53,-72.95,26.62
37.53,-72.85,26.43
37.53,-72.83,26.43
37.51,-76.79,29.65
37.51,-76.33,29.34
37.51,-76.31,28.95
37.51,-76.27,28.7
37.51,-76.25,28.73
37.51,-76.23,28.76
37.51,-76.21,28.83
37.51,-76.19,28.89
37.51,-76.17,29.14
37.51,-76.15,29.41
37.51,-76.13,29.57
37.51,-76.11,29.53
37.51,-76.09,29.29
37.51,-76.07,29.24
37.51,-76.05,28.85
37.51,-76.03,28.83
37.51,-76.01,28.73
37.51,-75.99,28.53
37.51,-75.97,28.48
37.51,-75.75,28.39
37.51,-75.69,28.39
37.51,-75.63,27.74
37.51,-75.61,27.45
37.51,-75.59,27.18
37.51,-75.57,27.02
37.51,-75.55,26.93
37.51,-75.53,26.91
37.51,-75.51,26.88
37.51,-75.49,26.91
37.51,-75.47,27.02
37.51,-75.45,27.14
37.51,-75.43,27.15
37.51,-75.41,27.07
37.51,-75.39,27.2
37.51,-75.37,27.43
37.51,-75.35,27.49
37.51,-75.33,27.53
37.51,-75.31,27.27
37.51,-75.29,27.3
37.51,-75.27,27.25
37.51,-75.25,27.04
37.51,-75.23,26.95
37.51,-75.21,27.14
37.51,-75.19,27.27
37.51,-75.17,27.6
37.51,-75.15,27.83
37.51,-75.13,28.04
37.51,-75.11,28.07
37.51,-75.07,28.08
37.51,-75.05,28.09
37.51,-75.03,27.36
37.51,-75.01,26.98
37.51,-74.95,28.51
37.51,-74.93,28.56
37.51,-74.91,28.55
37.51,-74.89,28.37
37.51,-74.87,28.26
37.51,-74.83,27.31
37.51,-74.81,27.14
37.51,-74.79,27.0
37.51,-74.77,26.99
37.51,-74.75,27.01
37.51,-74.73,26.93
37.51,-74.71,26.83
37.51,-74.69,26.79
37.51,-74.67,26.8
37.51,-74.65,26.83
37.51,-74.63,26.83
37.51,-74.61,26.77
37.51,-74.59,26.77
37.51,-74.57,26.81
37.51,-74.55,26.79
37.51,-74.53,26.78
37.51,-74.51,26.8
37.51,-74.49,26.8
37.51,-74.47,26.81
37.51,-74.45,26.81
37.51,-74.43,26.87
37.51,-74.41,26.79
37.51,-74.39,26.77
37.51,-74.37,26.73
37.51,-74.35,26.66
37.51,-74.33,26.64
37.51,-74.31,26.65
37.51,-74.29,26.67
37.51,-74.27,26.67
37.51,-74.25,26.63
37.51,-74.23,26.6
37.51,-74.21,26.6
37.51,-74.19,26.61
37.51,-74.17,26.65
37.51,-74.15,26.6
37.51,-74.13,26.62
37.51,-74.11,26.66
37.51,-74.09,26.63
37.51,-74.07,26.6
37.51,-74.05,26.65
37.51,-74.03,26.63
37.51,-74.01,26.64
37.51,-73.99,26.66
37.51,-73.97,26.72
37.51,-73.95,26.72
37.51,-73.93,26.73
37.51,-73.91,26.7
37.51,-73.89,26.83
37.51,-73.87,26.93
37.51,-73.85,27.15
37.51,-73.83,27.0
37.51,-73.81,27.02
37.51,-73.79,27.1
37.51,-73.77,27.14
37.51,-73.75,26.85
37.51,-73.69,26.97
37.51,-73.67,26.88
37.51,-73.65,26.82
37.51,-73.63,26.81
37.51,-73.13,26.18
37.51,-73.11,26.16
37.51,-73.09,26.46
37.51,-73.07,26.49
37.51,-73.05,26.51
37.51,-73.03,26.51
37.51,-73.01,26.52
37.51,-72.99,26.6
37.51,-72.97,26.78
37.51,-72.95,26.69
37.51,-72.93,26.73
37.51,-72.91,26.64
37.51,-72.89,26.51
37.51,-72.87,26.4
37.51,-72.85,26.45
37.51,-72.83,26.42
37.49,-76.27,28.86
37.49,-76.25,28.83
37.49,-76.23,28.77
37.49,-76.21,28.76
37.49,-76.19,28.9
37.49,-76.17,29.17
37.49,-76.15,29.29
37.49,-76.13,29.36
37.49,-76.11,29.54
37.49,-76.09,29.35
37.49,-76.07,29.09
37.49,-76.05,28.87
37.49,-76.03,28.86
37.49,-76.01,28.62
37.49,-75.99,28.63
37.49,-75.97,28.58
37.49,-75.77,28.55
37.49,-75.75,28.52
37.49,-75.69,28.38
37.49,-75.65,27.56
37.49,-75.63,27.51
37.49,-75.61,27.41
37.49,-75.59,27.12
37.49,-75.57,27.0
37.49,-75.55,26.97
37.49,-75.53,26.94
37.49,-75.51,26.87
37.49,-75.49,26.96
37.49,-75.47,27.01
37.49,-75.45,27.12
37.49,-75.43,27.09
37.49,-75.41,27.1
37.49,-75.39,27.25
37.49,-75.37,27.34
37.49,-75.35,27.34
37.49,-75.33,27.21
37.49,-75.31,27.24
37.49,-75.29,27.32
37.49,-75.27,27.3
37.49,-75.25,27.04
37.49,-75.23,27.01
37.49,-75.21,27.14
37.49,-75.19,27.43
37.49,-75.17,27.63
37.49,-75.15,27.76
37.49,-75.13,27.83
37.49,-75.11,27.93
37.49,-75.09,27.97
37.49,-75.07,28.07
37.49,-75.05,28.1
37.49,-75.03,27.74
37.49,-75.01,26.94
37.49,-74.99,27.44
37.49,-74.95,28.3
37.49,-74.93,28.31
37.49,-74.91,28.33
37.49,-74.89,28.3
37.49,-74.87,28.25
37.49,-74.83,27.47
37.49,-74.81,27.07
37.49,-74.79,26.95
37.49,-74.77,26.96
37.49,-74.75,26.97
37.49,-74.73,26.93
37.49,-74.71,26.84
37.49,-74.69,26.81
37.49,-74.67,26.83
37.49,-74.65,26.87
37.49,-74.63,26.88
37.49,-74.61,26.84
37.49,-74.59,26.76
37.49,-74.57,26.78
37.49,-74.55,26.83
37.49,-74.53,26.79
37.49,-74.51,26.86
37.49,-74.49,26.88
37.49,-74.47,26.83
37.49,-74.45,26.84
37.49,-74.43,26.94
37.49,-74.41,27.02
37.49,-74.39,27.0
37.49,-74.37,26.72
37.49,-74.35,26.67
37.49,-74.33,26.63
37.49,-74.31,26.62
37.49,-74.29,26.66
37.49,-74.27,26.64
37.49,-74.25,26.63
37.49,-74.23,26.6
37.49,-74.21,26.61
37.49,-74.19,26.58
37.49,-74.17,26.53
37.49,-74.15,26.55
37.49,-74.13,26.6
37.49,-74.11,26.59
37.49,-74.09,26.6
37.49,-74.07,26.61
37.49,-74.05,26.65
37.49,-74.03,26.65
37.49,-74.01,26.68
37.49,-73.99,26.71
37.49,-73.97,26.79
37.49,-73.95,26.77
37.49,-73.93,26.74
37.49,-73.91,26.72
37.49,-73.89,26.75
37.49,-73.87,26.93
37.49,-73.85,26.99
37.49,-73.83,26.96
37.49,-73.81,27.02
37.49,-73.79,27.09
37.49,-73.77,27.04
37.49,-73.75,26.88
37.49,-73.73,26.95
37.49,-73.71,26.97
37.49,-73.69,26.96
37.49,-73.67,26.9
37.49,-73.65,26.88
37.49,-73.63,26.88
37.49,-73.61,26.85
37.49,-73.59,26.88
37.49,-73.57,26.87
37.49,-73.55,26.93
37.49,-73.13,26.16
37.49,-73.11,26.11
37.49,-73.09,26.18
37.49,-73.07,26.44
37.49,-73.05,26.42
37.49,-73.03,26.35
37.49,-73.01,26.26
37.49,-72.99,26.38
37.49,-72.97,26.56
37.49,-72.95,26.62
37.49,-72.93,26.57
37.49,-72.91,26.6
37.49,-72.89,26.56
37.49,-72.87,26.54
37.49,-72.85,26.52
37.49,-72.83,26.47
37.49,-72.59,26.23
37.49,-72.57,26.26
37.49,-72.55,26.31
37.49,-71.89,27.7
37.49,-69.27,27.53
37.49,-69.25,27.53
37.47,-76.75,29.78
37.47,-76.27,28.83
37.47,-76.25,28.78
37.47,-76.23,28.79
37.47,-76.21,28.81
37.47,-76.19,28.83
37.47,-76.17,29.13
37.47,-76.15,29.27
37.47,-76.13,29.31
37.47,-76.11,29.34
37.47,-76.09,29.18
37.47,-76.07,29.14
37.47,-76.05,29.08
37.47,-76.03,28.98
37.47,-76.01,28.75
37.47,-75.99,28.71
37.47,-75.97,28.66
37.47,-75.79,28.19
37.47,-75.77,28.36
37.47,-75.75,28.32
37.47,-75.73,28.3
37.47,-75.67,27.65
37.47,-75.65,27.22
37.47,-75.63,27.18
37.47,-75.61,27.13
37.47,-75.59,26.95
37.47,-75.57,26.9
37.47,-75.55,26.88
37.47,-75.53,26.88
37.47,-75.51,26.93
37.47,-75.49,26.99
37.47,-75.47,26.93
37.47,-75.45,27.02
37.47,-75.43,27.06
37.47,-75.41,27.09
37.47,-75.39,27.15
37.47,-75.37,27.2
37.47,-75.35,27.17
37.47,-75.33,27.17
37.47,-75.31,27.26
37.47,-75.29,27.33
37.47,-75.27,27.3
37.47,-75.25,27.12
37.47,-75.23,27.18
37.47,-75.21,27.29
37.47,-75.19,27.37
37.47,-75.17,27.45
37.47,-75.11,28.03
37.47,-75.09,28.01
37.47,-75.07,28.06
37.47,-75.05,28.12
37.47,-75.03,27.96
37.47,-75.01,28.02
37.47,-74.99,27.79
37.47,-74.97,27.8
37.47,-74.93,28.34
37.47,-74.91,28.39
37.47,-74.89,28.4
37.47,-74.83,27.53
37.47,-74.81,27.17
37.47,-74.79,27.04
37.47,-74.77,26.95
37.47,-74.75,26.96
37.47,-74.73,26.95
37.47,-74.71,26.86
37.47,-74.69,26.77
37.47,-74.67,26.8
37.47,-74.65,26.9
37.47,-74.63,26.9
37.47,-74.61,26.85
37.47,-74.59,26.8
37.47,-74.57,26.81
37.47,-74.55,26.8
37.47,-74.53,26.79
37.47,-74.51,26.86
37.47,-74.49,26.89
37.47,-74.47,26.89
37.47,-74.45,26.89
37.47,-74.43,26.95
37.47,-74.41,26.97
37.47,-74.39,27.16
37.47,-74.37,26.75
37.47,-74.35,26.73
37.47,-74.33,26.67
37.47,-74.31,26.65
37.47,-74.29,26.71
37.47,-74.27,26.64
37.47,-74.25,26.64
37.47,-74.23,26.64
37.47,-74.21,26.63
37.47,-74.19,26.62
37.47,-74.17,26.59
37.47,-74.15,26.59
37.47,-74.13,26.59
37.47,-74.11,26.56
37.47,-74.09,26.54
37.47,-74.07,26.59
37.47,-74.05,26.63
37.47,-74.03,26.63
37.47,-74.01,26.73
37.47,-73.99,26.75
37.47,-73.97,26.77
37.47,-73.95,26.81
37.47,-73.93,26.85
37.47,-73.91,26.82
37.47,-73.89,26.81
37.47,-73.87,26.95
37.47,-73.85,26.98
37.47,-73.83,26.93
37.47,-73.81,26.96
37.47,-73.79,26.95
37.47,-73.77,26.88
37.47,-73.75,26.95
37.47,-73.73,26.96
37.47,-73.71,26.96
37.47,-73.69,26.95
37.47,-73.67,26.99
37.47,-73.65,26.98
37.47,-73.63,27.0
37.47,-73.61,26.98
37.47,-73.59,26.92
37.47,-73.57,26.89
37.47,-73.55,27.02
37.47,-73.53,27.07
37.47,-73.51,26.92
37.47,-73.49,26.81
37.47,-73.47,26.77
37.47,-73.05,26.39
37.47,-73.03,26.32
37.47,-73.01,26.27
37.47,-72.99,26.41
37.47,-72.97,26.45
37.47,-72.95,26.44
37.47,-72.93,26.5
37.47,-72.91,26.56
37.47,-72.89,26.57
37.47,-72.87,26.52
37.47,-72.85,26.45
37.47,-72.83,26.42
37.47,-72.81,26.38
37.47,-72.79,26.42
37.47,-72.77,26.43
37.47,-72.59,26.25
37.47,-72.57,26.28
37.47,-72.55,26.29
37.47,-72.53,26.25
37.47,-72.51,26.27
37.47,-71.93,27.82
37.47,-71.91,27.78
37.47,-71.89,27.78
37.47,-69.29,27.53
37.47,-69.27,27.53
37.45,-76.25,28.7
37.45,-76.23,28.7
37.45,-76.21,28.72
37.45,-76.19,28.83
37.45,-76.17,29.04
37.45,-76.15,29.1
37.45,-76.13,29.45
37.45,-76.11,29.48
37.45,-76.09,29.14
37.45,-76.07,29.06
37.45,-76.05,28.95
37.45,-76.03,28.87
37.45,-76.01,28.6
37.45,-75.99,28.54
37.45,-75.81,28.22
37.45,-75.79,28.22
37.45,-75.77,28.16
37.45,-75.75,28.1
37.45,-75.73,28.01
37.45,-75.71,28.16
37.45,-75.65,27.6
37.45,-75.63,27.09
37.45,-75.61,26.97
37.45,-75.59,26.92
37.45,-75.57,26.88
37.45,-75.55,26.85
37.45,-75.53,26.85
37.45,-75.51,26.86
37.45,-75.49,26.94
37.45,-75.47,26.98
37.45,-75.45,27.07
37.45,-75.43,27.1
37.45,-75.41,27.08
37.45,-75.39,27.09
37.45,-75.35,27.14
37.45,-75.33,27.12
37.45,-75.31,27.17
37.45,-75.29,27.37
37.45,-75.27,27.55
37.45,-75.25,27.28
37.45,-75.23,27.22
37.45,-75.21,27.27
37.45,-75.19,27.35
37.45,-75.11,28.03
37.45,-75.09,28.02
37.45,-75.07,27.96
37.45,-75.05,27.95
37.45,-75.03,27.99
37.45,-75.01,28.06
37.45,-74.99,28.09
37.45,-74.97,28.09
37.45,-74.93,28.46
37.45,-74.91,28.47
37.45,-74.89,28.47
37.45,-74.83,27.53
37.45,-74.81,27.29
37.45,-74.79,27.12
37.45,-74.77,27.1
37.45,-74.75,27.03
37.45,-74.73,26.93
37.45,-74.71,26.86
37.45,-74.69,26.86
37.45,-74.67,26.86
37.45,-74.65,26.86
37.45,-74.63,26.87
37.45,-74.61,26.83
37.45,-74.59,26.79
37.45,-74.57,26.78
37.45,-74.55,26.82
37.45,-74.53,26.87
37.45,-74.51,26.88
37.45,-74.49,26.89
37.45,-74.47,26.88
37.45,-74.45,27.0
37.45,-74.43,27.04
37.45,-74.41,27.21
37.45,-74.39,27.24
37.45,-74.37,26.84
37.45,-74.35,26.81
37.45,-74.33,26.85
37.45,-74.31,26.77
37.45,-74.29,26.71
37.45,-74.27,26.7
37.45,-74.25,26.66
37.45,-74.23,26.59
37.45,-74.21,26.6
37.45,-74.19,26.59
37.45,-74.17,26.6
37.45,-74.15,26.62
37.45,-74.13,26.62
37.45,-74.11,26.6
37.45,-74.09,26.6
37.45,-74.07,26.62
37.45,-74.05,26.63
37.45,-74.03,26.67
37.45,-74.01,26.68
37.45,-73.99,26.66
37.45,-73.97,26.7
37.45,-73.95,26.78
37.45,-73.93,26.87
37.45,-73.91,26.86
37.45,-73.89,26.81
37.45,-73.87,26.86
37.45,-73.85,26.92
37.45,-73.83,26.92
37.45,-73.81,26.9
37.45,-73.79,26.85
37.45,-73.77,26.89
37.45,-73.75,26.9
37.45,-73.73,26.89
37.45,-73.71,26.92
37.45,-73.69,26.93
37.45,-73.67,26.97
37.45,-73.65,27.0
37.45,-73.63,27.02
37.45,-73.61,27.02
37.45,-73.59,26.95
37.45,-73.57,27.05
37.45,-73.55,26.93
37.45,-73.53,26.88
37.45,-73.51,26.83
37.45,-73.49,26.75
37.45,-73.47,26.8
37.45,-73.45,26.88
37.45,-73.43,26.79
37.45,-73.41,26.73
37.45,-73.39,26.73
37.45,-73.37,26.68
37.45,-73.35,26.55
37.45,-73.33,26.6
37.45,-73.31,26.5
37.45,-73.29,26.53
37.45,-72.99,26.36
37.45,-72.97,26.33
37.45,-72.95,26.34
37.45,-72.93,26.37
37.45,-72.91,26.56
37.45,-72.89,26.59
37.45,-72.87,26.53
37.45,-72.85,26.55
37.45,-72.83,26.4
37.45,-72.81,26.34
37.45,-72.79,26.3
37.45,-72.77,26.14
37.45,-72.75,26.15
37.45,-72.73,26.06
37.45,-72.71,26.04
37.45,-72.61,26.15
37.45,-72.59,26.13
37.45,-72.57,26.2
37.45,-72.55,26.29
37.45,-72.53,26.31
37.45,-72.51,26.35
37.45,-72.49,26.31
37.45,-72.47,26.35
37.45,-72.45,26.38
37.45,-72.19,26.74
37.45,-72.17,26.73
37.45,-72.15,26.73
37.45,-71.93,27.85
37.45,-71.91,27.87
37.45,-71.89,28.0
37.45,-71.87,28.08
37.45,-69.19,28.37
37.43,-76.45,29.33
37.43,-76.25,28.59
37.43,-76.23,28.59
37.43,-76.21,28.61
37.43,-76.19,28.91
37.43,-76.17,28.94
37.43,-76.15,28.91
37.43,-76.13,28.97
37.43,-76.11,28.95
37.43,-76.09,28.98
37.43,-76.07,28.95
37.43,-76.05,28.87
37.43,-76.03,28.69
37.43,-76.01,28.58
37.43,-75.99,28.45
37.43,-75.81,28.32
37.43,-75.79,28.34
37.43,-75.77,28.2
37.43,-75.75,28.25
37.43,-75.71,28.39
37.43,-75.67,27.68
37.43,-75.65,27.62
37.43,-75.63,27.08
37.43,-75.61,26.89
37.43,-75.59,26.9
37.43,-75.57,26.89
37.43,-75.55,26.87
37.43,-75.53,26.86
37.43,-75.51,26.82
37.43,-75.49,26.9
37.43,-75.47,26.97
37.43,-75.45,27.03
37.43,-75.43,27.01
37.43,-75.41,27.04
37.43,-75.39,27.1
37.43,-75.37,27.1
37.43,-75.35,27.12
37.43,-75.33,27.14
37.43,-75.31,27.16
37.43,-75.29,27.67
37.43,-75.27,27.64
37.43,-75.25,27.37
37.43,-75.23,27.28
37.43,-75.21,27.35
37.43,-75.19,27.41
37.43,-75.15,27.53
37.43,-75.13,27.58
37.43,-75.11,27.63
37.43,-75.09,27.74
37.43,-75.07,27.95
37.43,-75.05,27.99
37.43,-75.03,27.99
37.43,-75.01,27.96
37.43,-74.99,28.06
37.43,-74.97,28.09
37.43,-74.95,28.24
37.43,-74.93,28.26
37.43,-74.91,28.46
37.43,-74.89,28.52
37.43,-74.87,28.51
37.43,-74.81,27.2
37.43,-74.79,27.08
37.43,-74.77,27.03
37.43,-74.75,26.99
37.43,-74.73,27.0
37.43,-74.71,26.96
37.43,-74.69,26.86
37.43,-74.67,26.88
37.43,-74.65,26.9
37.43,-74.63,26.9
37.43,-74.61,26.84
37.43,-74.59,26.83
37.43,-74.57,26.83
37.43,-74.55,26.83
37.43,-74.53,26.84
37.43,-74.51,26.89
37.43,-74.49,26.9
37.43,-74.47,26.95
37.43,-74.45,27.02
37.43,-74.43,27.08
37.43,-74.41,27.27
37.43,-74.39,27.34
37.43,-74.37,26.97
37.43,-74.35,26.88
37.43,-74.33,26.89
37.43,-74.31,26.83
37.43,-74.29,26.71
37.43,-74.27,26.77
37.43,-74.25,26.7
37.43,-74.23,26.63
37.43,-74.21,26.64
37.43,-74.19,26.6
37.43,-74.17,26.61
37.43,-74.15,26.64
37.43,-74.13,26.63
37.43,-74.11,26.62
37.43,-74.09,26.64
37.43,-74.07,26.64
37.43,-74.05,26.65
37.43,-74.03,26.69
37.43,-74.01,26.64
37.43,-73.99,26.61
37.43,-73.97,26.69
37.43,-73.95,26.8
37.43,-73.93,26.77
37.43,-73.91,26.82
37.43,-73.89,26.8
37.43,-73.87,26.79
37.43,-73.85,26.85
37.43,-73.83,26.9
37.43,-73.81,26.9
37.43,-73.79,26.86
37.43,-73.77,26.87
37.43,-73.75,26.87
37.43,-73.73,26.86
37.43,-73.71,26.88
37.43,-73.69,26.89
37.43,-73.67,26.93
37.43,-73.65,26.98
37.43,-73.63,27.07
37.43,-73.61,27.1
37.43,-73.59,27.21
37.43,-73.57,27.08
37.43,-73.55,27.01
37.43,-73.53,26.88
37.43,-73.51,26.84
37.43,-73.49,26.87
37.43,-73.47,26.87
37.43,-73.45,26.85
37.43,-73.43,26.81
37.43,-73.41,26.77
37.43,-73.39,26.75
37.43,-73.37,26.68
37.43,-73.35,26.61
37.43,-73.33,26.59
37.43,-73.31,26.48
37.43,-73.29,26.57
37.43,-73.27,26.56
37.43,-73.25,26.51
37.43,-73.19,26.29
37.43,-72.99,26.37
37.43,-72.97,26.43
37.43,-72.95,26.44
37.43,-72.91,26.49
37.43,-72.89,26.43
37.43,-72.87,26.39
37.43,-72.85,26.38
37.43,-72.83,26.33
37.43,-72.81,26.22
37.43,-72.79,26.13
37.43,-72.77,26.12
37.43,-72.75,26.18
37.43,-72.73,26.19
37.43,-72.71,26.13
37.43,-72.69,26.05
37.43,-72.67,26.02
37.43,-72.65,26.1
37.43,-72.63,26.17
37.43,-72.61,26.15
37.43,-72.59,26.18
37.43,-72.57,26.28
37.43,-72.55,26.28
37.43,-72.53,26.35
37.43,-72.51,26.34
37.43,-72.49,26.45
37.43,-72.47,26.32
37.43,-72.45,26.24
37.43,-72.35,26.58
37.43,-72.33,26.54
37.43,-72.31,26.55
37.43,-72.29,26.63
37.43,-72.27,26.68
37.43,-72.25,26.68
37.43,-72.21,26.79
37.43,-72.19,26.86
37.43,-72.17,26.86
37.43,-72.15,26.81
37.43,-72.13,26.85
37.43,-72.11,26.91
37.43,-72.07,27.0
37.43,-71.97,27.45
37.43,-71.91,27.86
37.43,-71.89,27.92
37.43,-71.87,28.07
37.43,-71.85,28.16
37.43,-71.83,28.26
37.43,-69.27,27.87
37.43,-69.25,27.92
37.43,-69.23,27.97
37.43,-69.21,28.07
37.43,-69.19,28.38
37.43,-69.17,28.41
37.43,-69.15,28.42
37.41,-76.23,28.21
37.41,-76.21,28.17
37.41,-76.19,28.53
37.41,-76.17,28.94
37.41,-76.15,28.84
37.41,-76.13,28.76
37.41,-76.11,28.77
37.41,-76.09,28.83
37.41,-76.07,28.85
37.41,-76.05,28.75
37.41,-76.03,28.64
37.41,-76.01,28.46
37.41,-75.99,28.36
37.41,-75.79,28.37
37.41,-75.77,28.06
37.41,-75.75,28.02
37.41,-75.73,28.17
37.41,-75.71,28.39
37.41,-75.69,28.54
37.41,-75.67,27.56
37.41,-75.65,27.3
37.41,-75.63,26.96
37.41,-75.61,26.9
37.41,-75.59,26.95
37.41,-75.57,26.86
37.41,-75.55,26.84
37.41,-75.53,26.85
37.41,-75.51,26.87
37.41,-75.49,26.92
37.41,-75.47,27.01
37.41,-75.45,27.01
37.41,-75.43,26.94
37.41,-75.41,26.94
37.41,-75.39,26.97
37.41,-75.37,27.13
37.41,-75.35,27.15
37.41,-75.33,27.35
37.41,-75.31,27.48
37.41,-75.29,27.7
37.41,-75.27,27.64
37.41,-75.25,27.39
37.41,-75.23,27.39
37.41,-75.21,27.39
37.41,-75.19,27.32
37.41,-75.17,27.46
37.41,-75.15,27.54
37.41,-75.13,27.51
37.41,-75.11,27.41
37.41,-75.09,27.67
37.41,-75.07,27.87
37.41,-75.05,27.89
37.41,-75.03,27.91
37.41,-75.01,27.8
37.41,-74.99,27.94
37.41,-74.97,28.14
37.41,-74.95,28.39
37.41,-74.93,28.38
37.41,-74.91,28.44
37.41,-74.89,28.41
37.41,-74.87,28.4
37.41,-74.81,27.21
37.41,-74.79,27.11
37.41,-74.77,27.0
37.41,-74.75,26.97
37.41,-74.73,27.02
37.41,-74.71,26.97
37.41,-74.69,26.92
37.41,-74.67,26.89
37.41,-74.65,26.89
37.41,-74.63,26.87
37.41,-74.61,26.85
37.41,-74.59,26.89
37.41,-74.57,26.86
37.41,-74.55,26.83
37.41,-74.53,26.84
37.41,-74.51,26.84
37.41,-74.49,26.82
37.41,-74.47,26.86
37.41,-74.45,27.1
37.41,-74.43,27.21
37.41,-74.41,27.23
37.41,-74.39,27.25
37.41,-74.37,27.06
37.41,-74.35,27.06
37.41,-74.33,27.07
37.41,-74.31,27.0
37.41,-74.29,26.72
37.41,-74.27,26.74
37.41,-74.25,26.8
37.41,-74.23,26.69
37.41,-74.21,26.67
37.41,-74.19,26.61
37.41,-74.17,26.6
37.41,-74.15,26.65
37.41,-74.13,26.64
37.41,-74.11,26.66
37.41,-74.09,26.66
37.41,-74.07,26.68
37.41,-74.05,26.66
37.41,-74.03,26.65
37.41,-74.01,26.63
37.41,-73.99,26.65
37.41,-73.97,26.73
37.41,-73.95,26.78
37.41,-73.93,26.73
37.41,-73.91,26.74
37.41,-73.89,26.75
37.41,-73.87,26.73
37.41,-73.85,26.76
37.41,-73.83,26.8
37.41,-73.81,26.83
37.41,-73.79,26.83
37.41,-73.77,26.81
37.41,-73.75,26.81
37.41,-73.73,26.82
37.41,-73.71,26.84
37.41,-73.69,26.9
37.41,-73.67,26.95
37.41,-73.65,26.98
37.41,-73.63,27.05
37.41,-73.61,27.1
37.41,-73.59,27.23
37.41,-73.57,27.18
37.41,-73.55,27.14
37.41,-73.53,27.0
37.41,-73.51,26.9
37.41,-73.49,26.94
37.41,-73.47,26.99
37.41,-73.45,26.88
37.41,-73.43,26.84
37.41,-73.41,26.79
37.41,-73.39,26.75
37.41,-73.37,26.71
37.41,-73.35,26.65
37.41,-73.33,26.56
37.41,-73.31,26.47
37.41,-73.29,26.42
37.41,-73.27,26.44
37.41,-73.25,26.43
37.41,-73.23,26.45
37.41,-73.21,26.4
37.41,-73.19,26.34
37.41,-73.17,26.38
37.41,-72.99,26.38
37.41,-72.97,26.31
37.41,-72.95,26.32
37.41,-72.93,26.35
37.41,-72.91,26.28
37.41,-72.89,26.29
37.41,-72.87,26.24
37.41,-72.85,26.22
37.41,-72.83,26.17
37.41,-72.81,26.14
37.41,-72.79,26.2
37.41,-72.77,26.21
37.41,-72.75,26.19
37.41,-72.73,26.16
37.41,-72.71,26.13
37.41,-72.67,26.1
37.41,-72.65,26.13
37.41,-72.63,26.17
37.41,-72.57,26.22
37.41,-72.55,26.22
37.41,-72.41,26.33
37.41,-72.39,26.39
37.41,-72.37,26.44
37.41,-72.35,26.43
37.41,-72.33,26.5
37.41,-72.31,26.59
37.41,-72.29,26.75
37.41,-72.27,26.78
37.41,-72.25,26.71
37.41,-72.23,26.81
37.41,-72.21,26.85
37.41,-72.19,26.84
37.41,-72.17,26.79
37.41,-72.15,26.88
37.41,-72.13,26.89
37.41,-72.11,26.98
37.41,-72.09,27.03
37.41,-72.07,27.06
37.41,-72.05,27.06
37.41,-72.01,27.54
37.41,-71.99,27.5
37.41,-71.97,27.4
37.41,-71.95,27.55
37.41,-71.93,27.66
37.41,-71.91,27.8
37.41,-71.89,28.06
37.41,-71.87,28.18
37.41,-71.85,28.19
37.41,-71.83,28.27
37.41,-71.81,28.32
37.41,-69.25,27.91
37.41,-69.23,28.02
37.41,-69.21,28.06
37.39,-76.41,29.37
37.39,-76.23,28.59
37.39,-76.21,28.35
37.39,-76.19,28.38
37.39,-76.17,28.42
37.39,-76.15,28.45
37.39,-76.13,28.55
37.39,-76.11,28.72
37.39,-76.09,28.81
37.39,-76.07,28.84
37.39,-76.05,28.78
37.39,-76.03,28.61
37.39,-76.01,28.49
37.39,-75.99,28.41
37.39,-75.81,28.32
37.39,-75.79,28.4
37.39,-75.77,27.94
37.39,-75.75,27.81
37.39,-75.69,27.56
37.39,-75.67,27.35
37.39,-75.65,27.19
37.39,-75.63,27.1
37.39,-75.61,27.03
37.39,-75.59,26.95
37.39,-75.57,26.87
37.39,-75.55,26.84
37.39,-75.53,26.81
37.39,-75.51,26.9
37.39,-75.49,26.95
37.39,-75.47,26.99
37.39,-75.45,27.0
37.39,-75.43,27.02
37.39,-75.41,27.03
37.39,-75.39,26.96
37.39,-75.37,27.03
37.39,-75.35,27.17
37.39,-75.33,27.4
37.39,-75.31,27.49
37.39,-75.29,27.62
37.39,-75.27,27.48
37.39,-75.25,27.29
37.39,-75.23,27.27
37.39,-75.21,27.2
37.39,-75.19,27.28
37.39,-75.17,27.35
37.39,-75.15,27.41
37.39,-75.13,27.44
37.39,-75.11,27.49
37.39,-75.09,27.58
37.39,-75.07,27.67
37.39,-75.05,27.79
37.39,-75.03,27.82
37.39,-75.01,27.86
37.39,-74.99,27.95
37.39,-74.97,28.16
37.39,-74.95,28.24
37.39,-74.93,28.34
37.39,-74.91,28.38
37.39,-74.89,28.39
37.39,-74.87,28.34
37.39,-74.79,27.14
37.39,-74.77,27.02
37.39,-74.75,26.97
37.39,-74.73,26.97
37.39,-74.71,26.97
37.39,-74.69,27.01
37.39,-74.67,26.96
37.39,-74.65,26.82
37.39,-74.63,26.9
37.39,-74.61,26.88
37.39,-74.59,26.92
37.39,-74.57,26.91
37.39,-74.55,26.83
37.39,-74.53,26.82
37.39,-74.51,26.79
37.39,-74.49,26.79
37.39,-74.47,26.88
37.39,-74.45,26.96
37.39,-74.43,27.19
37.39,-74.41,27.19
37.39,-74.39,27.25
37.39,-74.37,27.19
37.39,-74.35,27.0
37.39,-74.33,26.93
37.39,-74.31,26.92
37.39,-74.29,26.81
37.39,-74.27,26.73
37.39,-74.25,26.78
37.39,-74.23,26.77
37.39,-74.21,26.68
37.39,-74.19,26.62
37.39,-74.17,26.61
37.39,-74.15,26.63
37.39,-74.13,26.61
37.39,-74.11,26.64
37.39,-74.09,26.67
37.39,-74.07,26.69
37.39,-74.05,26.67
37.39,-74.03,26.63
37.39,-74.01,26.6
37.39,-73.99,26.61
37.39,-73.97,26.63
37.39,-73.95,26.75
37.39,-73.93,26.8
37.39,-73.91,26.78
37.39,-73.89,26.71
37.39,-73.87,26.7
37.39,-73.85,26.7
37.39,-73.83,26.72
37.39,-73.81,26.75
37.39,-73.79,26.72
37.39,-73.77,26.73
37.39,-73.75,26.77
37.39,-73.73,26.8
37.39,-73.71,26.82
37.39,-73.69,26.84
37.39,-73.67,26.9
37.39,-73.65,26.99
37.39,-73.63,27.05
37.39,-73.61,27.09
37.39,-73.59,27.08
37.39,-73.57,27.08
37.39,-73.55,27.13
37.39,-73.53,27.03
37.39,-73.51,27.05
37.39,-73.49,27.0
37.39,-73.47,26.96
37.39,-73.45,26.88
37.39,-73.43,26.86
37.39,-73.41,26.81
37.39,-73.39,26.77
37.39,-73.37,26.71
37.39,-73.35,26.63
37.39,-73.33,26.55
37.39,-73.31,26.47
37.39,-73.29,26.42
37.39,-73.27,26.37
37.39,-73.25,26.29
37.39,-73.23,26.29
37.39,-73.21,26.24
37.39,-73.19,26.29
37.39,-73.17,26.32
37.39,-73.15,26.25
37.39,-73.13,26.29
37.39,-73.11,26.3
37.39,-73.09,26.3
37.39,-73.03,26.15
37.39,-73.01,26.11
37.39,-72.99,26.27
37.39,-72.97,26.26
37.39,-72.95,26.28
37.39,-72.93,26.32
37.39,-72.91,26.19
37.39,-72.89,26.08
37.39,-72.87,26.09
37.39,-72.85,25.98
37.39,-72.83,25.98
37.39,-72.81,26.08
37.39,-72.79,26.17
37.39,-72.77,26.19
37.39,-72.75,26.18
37.39,-72.73,26.2
37.39,-72.71,26.16
37.39,-72.33,26.53
37.39,-72.31,26.58
37.39,-72.29,26.83
37.39,-72.27,26.85
37.39,-72.25,26.85
37.39,-72.23,26.85
37.39,-72.21,26.84
37.39,-72.19,26.85
37.39,-72.17,26.87
37.39,-72.15,27.25
37.39,-72.13,27.23
37.39,-72.11,27.36
37.39,-72.09,27.37
37.39,-72.07,27.31
37.39,-72.05,27.56
37.39,-72.03,27.56
37.39,-72.01,27.54
37.39,-71.99,27.45
37.39,-71.97,27.42
37.39,-71.95,27.38
37.39,-71.93,27.48
37.39,-71.91,27.75
37.39,-71.89,27.97
37.39,-71.87,28.22
37.39,-71.85,28.19
37.39,-71.83,28.26
37.39,-71.81,28.43
37.39,-71.79,28.48
37.39,-71.77,28.46
37.39,-69.23,28.07
37.39,-69.21,28.08
37.39,-69.19,28.07
37.37,-76.45,29.09
37.37,-76.39,29.39
37.37,-76.37,29.35
37.37,-76.35,29.3
37.37,-76.25,28.65
37.37,-76.23,28.53
37.37,-76.21,28.46
37.37,-76.19,28.41
37.37,-76.17,28.45
37.37,-76.15,28.49
37.37,-76.13,28.49
37.37,-76.11,28.53
37.37,-76.09,28.53
37.37,-76.07,28.54
37.37,-76.05,28.57
37.37,-76.03,28.6
37.37,-76.01,28.53
37.37,-75.87,28.83
37.37,-75.85,28.54
37.37,-75.83,28.13
37.37,-75.81,28.12
37.37,-75.79,28.36
37.37,-75.77,28.26
37.37,-75.75,27.4
37.37,-75.73,27.34
37.37,-75.71,27.25
37.37,-75.69,27.12
37.37,-75.67,27.23
37.37,-75.65,27.25
37.37,-75.63,27.22
37.37,-75.61,27.08
37.37,-75.59,27.01
37.37,-75.57,26.97
37.37,-75.55,26.88
37.37,-75.53,26.84
37.37,-75.51,26.84
37.37,-75.49,26.96
37.37,-75.47,27.04
37.37,-75.45,27.04
37.37,-75.43,27.06
37.37,-75.41,27.03
37.37,-75.39,27.06
37.37,-75.37,27.12
37.37,-75.35,27.23
37.37,-75.33,27.27
37.37,-75.31,27.29
37.37,-75.29,27.46
37.37,-75.27,27.28
37.37,-75.25,27.19
37.37,-75.23,27.15
37.37,-75.21,27.13
37.37,-75.19,27.28
37.37,-75.17,27.36
37.37,-75.15,27.38
37.37,-75.13,27.41
37.37,-75.11,27.55
37.37,-75.09,27.59
37.37,-75.07,27.61
37.37,-75.05,27.68
37.37,-75.03,27.78
37.37,-75.01,27.9
37.37,-74.99,27.95
37.37,-74.97,28.1
37.37,-74.95,28.12
37.37,-74.93,28.18
37.37,-74.91,28.18
37.37,-74.89,28.11
37.37,-74.87,28.1
37.37,-74.79,27.2
37.37,-74.77,27.08
37.37,-74.75,27.04
37.37,-74.73,26.98
37.37,-74.71,26.96
37.37,-74.69,27.01
37.37,-74.67,27.0
37.37,-74.65,26.89
37.37,-74.63,26.95
37.37,-74.61,26.87
37.37,-74.59,26.87
37.37,-74.57,26.89
37.37,-74.55,26.88
37.37,-74.53,26.86
37.37,-74.51,26.88
37.37,-74.49,26.87
37.37,-74.47,26.94
37.37,-74.45,26.98
37.37,-74.43,27.17
37.37,-74.41,27.24
37.37,-74.39,27.28
37.37,-74.37,26.98
37.37,-74.35,26.91
37.37,-74.33,26.88
37.37,-74.31,26.9
37.37,-74.29,26.84
37.37,-74.27,26.82
37.37,-74.25,26.85
37.37,-74.23,26.86
37.37,-74.21,26.74
37.37,-74.19,26.62
37.37,-74.17,26.63
37.37,-74.15,26.62
37.37,-74.13,26.66
37.37,-74.11,26.68
37.37,-74.09,26.7
37.37,-74.07,26.68
37.37,-74.05,26.64
37.37,-74.03,26.62
37.37,-74.01,26.59
37.37,-73.99,26.62
37.37,-73.97,26.64
37.37,-73.95,26.59
37.37,-73.93,26.66
37.37,-73.91,26.68
37.37,-73.89,26.68
37.37,-73.87,26.71
37.37,-73.85,26.72
37.37,-73.83,26.7
37.37,-73.81,26.69
37.37,-73.79,26.69
37.37,-73.77,26.67
37.37,-73.75,26.7
37.37,-73.73,26.76
37.37,-73.71,26.81
37.37,-73.69,26.83
37.37,-73.67,26.89
37.37,-73.65,26.96
37.37,-73.63,27.0
37.37,-73.61,27.03
37.37,-73.59,27.05
37.37,-73.57,27.05
37.37,-73.55,27.05
37.37,-73.53,27.04
37.37,-73.51,27.03
37.37,-73.49,26.99
37.37,-73.47,26.97
37.37,-73.45,26.9
37.37,-73.43,26.84
37.37,-73.41,26.8
37.37,-73.39,26.74
37.37,-73.37,26.67
37.37,-73.35,26.59
37.37,-73.33,26.51
37.37,-73.31,26.44
37.37,-73.29,26.36
37.37,-73.27,26.29
37.37,-73.25,26.22
37.37,-73.23,26.24
37.37,-73.21,26.23
37.37,-73.19,26.21
37.37,-73.17,26.22
37.37,-73.15,26.25
37.37,-73.13,26.28
37.37,-73.11,26.22
37.37,-73.09,26.23
37.37,-73.07,26.28
37.37,-73.05,26.19
37.37,-73.03,26.2
37.37,-73.01,26.11
37.37,-72.99,26.1
37.37,-72.97,26.15
37.37,-72.95,26.12
37.37,-72.93,26.13
37.37,-72.91,26.14
37.37,-72.89,26.12
37.37,-72.87,26.13
37.37,-72.85,26.15
37.37,-72.83,26.16
37.37,-72.81,26.11
37.37,-72.79,26.14
37.37,-72.77,26.15
37.37,-72.75,26.16
37.37,-72.73,26.11
37.37,-72.71,26.08
37.37,-72.33,26.67
37.37,-72.25,26.96
37.37,-72.23,26.98
37.37,-72.21,27.09
37.37,-72.19,27.23
37.37,-72.17,27.39
37.37,-72.15,27.43
37.37,-72.13,27.53
37.37,-72.11,27.59
37.37,-72.09,27.49
37.37,-72.07,27.51
37.37,-72.05,27.53
37.37,-72.03,27.55
37.37,-72.01,27.49
37.37,-71.99,27.36
37.37,-71.97,27.33
37.37,-71.95,27.24
37.37,-71.93,27.67
37.37,-71.91,27.86
37.37,-71.89,28.0
37.37,-71.87,28.04
37.37,-71.85,28.09
37.37,-71.79,28.49
37.35,-76.41,29.34
37.35,-76.39,29.33
37.35,-76.37,29.28
37.35,-76.35,29.25
37.35,-76.33,29.24
37.35,-76.27,28.79
37.35,-76.25,28.31
37.35,-76.23,28.37
37.35,-76.21,28.39
37.35,-76.19,28.31
37.35,-76.17,28.37
37.35,-76.15,28.47
37.35,-76.13,28.48
37.35,-76.11,28.42
37.35,-76.09,28.36
37.35,-76.07,28.4
37.35,-76.05,28.31
37.35,-76.03,28.27
37.35,-76.01,28.39
37.35,-75.89,29.04
37.35,-75.85,28.5
37.35,-75.83,28.03
37.35,-75.81,28.07
37.35,-75.79,28.12
37.35,-75.77,28.15
37.35,-75.75,27.93
37.35,-75.71,27.32
37.35,-75.69,27.3
37.35,-75.67,27.34
37.35,-75.65,27.27
37.35,-75.63,27.18
37.35,-75.61,27.11
37.35,-75.59,27.16
37.35,-75.57,27.16
37.35,-75.55,27.01
37.35,-75.53,27.0
37.35,-75.51,26.93
37.35,-75.49,26.95
37.35,-75.47,26.95
37.35,-75.45,26.95
37.35,-75.43,26.97
37.35,-75.41,27.04
37.35,-75.39,27.09
37.35,-75.37,27.13
37.35,-75.35,27.16
37.35,-75.33,27.33
37.35,-75.31,27.53
37.35,-75.29,27.49
37.35,-75.27,27.21
37.35,-75.25,27.19
37.35,-75.23,27.26
37.35,-75.21,27.25
37.35,-75.19,27.22
37.35,-75.17,27.3
37.35,-75.15,27.38
37.35,-75.13,27.41
37.35,-75.11,27.5
37.35,-75.09,27.57
37.35,-75.07,27.67
37.35,-75.05,27.65
37.35,-75.03,27.75
37.35,-75.01,27.92
37.35,-74.99,27.93
37.35,-74.97,28.01
37.35,-74.95,28.06
37.35,-74.93,28.05
37.35,-74.91,28.18
37.35,-74.89,28.2
37.35,-74.87,28.15
37.35,-74.79,27.25
37.35,-74.77,27.1
37.35,-74.75,26.99
37.35,-74.73,26.91
37.35,-74.71,26.85
37.35,-74.69,26.92
37.35,-74.67,26.9
37.35,-74.65,26.9
37.35,-74.63,26.93
37.35,-74.61,26.84
37.35,-74.59,26.83
37.35,-74.57,26.87
37.35,-74.55,26.88
37.35,-74.53,26.89
37.35,-74.51,26.89
37.35,-74.49,26.89
37.35,-74.47,26.92
37.35,-74.45,26.96
37.35,-74.43,27.05
37.35,-74.41,26.99
37.35,-74.39,26.97
37.35,-74.37,26.9
37.35,-74.35,26.85
37.35,-74.33,26.87
37.35,-74.31,26.83
37.35,-74.29,26.84
37.35,-74.27,26.85
37.35,-74.25,26.91
37.35,-74.23,26.78
37.35,-74.21,26.76
37.35,-74.19,26.66
37.35,-74.17,26.61
37.35,-74.15,26.65
37.35,-74.13,26.7
37.35,-74.11,26.68
37.35,-74.09,26.66
37.35,-74.07,26.64
37.35,-74.05,26.63
37.35,-74.03,26.64
37.35,-74.01,26.63
37.35,-73.99,26.62
37.35,-73.97,26.68
37.35,-73.95,26.72
37.35,-73.93,26.78
37.35,-73.91,26.72
37.35,-73.89,26.71
37.35,-73.87,26.72
37.35,-73.85,26.73
37.35,-73.83,26.72
37.35,-73.81,26.69
37.35,-73.79,26.73
37.35,-73.77,26.74
37.35,-73.75,26.74
37.35,-73.73,26.73
37.35,-73.71,26.82
37.35,-73.69,26.85
37.35,-73.67,26.9
37.35,-73.65,26.96
37.35,-73.63,27.0
37.35,-73.61,27.03
37.35,-73.59,27.04
37.35,-73.57,27.05
37.35,-73.55,27.0
37.35,-73.53,26.98
37.35,-73.51,26.98
37.35,-73.49,26.97
37.35,-73.47,26.93
37.35,-73.45,26.88
37.35,-73.43,26.83
37.35,-73.41,26.79
37.35,-73.39,26.69
37.35,-73.37,26.64
37.35,-73.35,26.52
37.35,-73.33,26.41
37.35,-73.31,26.4
37.35,-73.29,26.32
37.35,-73.27,26.23
37.35,-73.25,26.19
37.35,-73.23,26.15
37.35,-73.21,26.18
37.35,-73.19,26.19
37.35,-73.17,26.25
37.35,-73.15,26.22
37.35,-73.13,26.22
37.35,-73.11,26.15
37.35,-73.09,26.17
37.35,-73.07,26.23
37.35,-73.05,26.24
37.35,-73.03,26.18
37.35,-73.01,26.17
37.35,-72.99,26.14
37.35,-72.97,26.12
37.35,-72.95,25.98
37.35,-72.93,25.97
37.35,-72.91,26.08
37.35,-72.89,26.08
37.35,-72.87,26.1
37.35,-72.85,26.14
37.35,-72.83,26.09
37.35,-72.81,26.08
37.35,-72.79,26.08
37.35,-72.77,26.1
37.35,-72.75,26.14
37.35,-72.73,26.1
37.35,-72.39,26.88
37.35,-72.37,26.88
37.35,-72.35,26.93
37.35,-72.33,27.06
37.35,-72.31,26.92
37.35,-72.29,26.97
37.35,-72.27,27.35
37.35,-72.25,27.43
37.35,-72.23,27.41
37.35,-72.21,27.4
37.35,-72.19,27.44
37.35,-72.17,27.41
37.35,-72.15,27.46
37.35,-72.13,27.51
37.35,-72.11,27.43
37.35,-72.09,27.35
37.35,-72.07,27.32
37.35,-72.05,27.28
37.35,-72.03,27.3
37.35,-72.01,27.4
37.35,-71.99,27.39
37.35,-71.95,27.25
37.35,-71.93,27.29
37.35,-71.91,28.07
37.35,-71.89,28.08
37.35,-71.87,28.01
37.35,-71.85,28.03
37.35,-71.83,28.06
37.35,-69.25,29.2
37.35,-69.23,29.79
37.35,-69.21,29.83
37.35,-69.19,29.81
37.33,-76.41,29.14
37.33,-76.39,29.09
37.33,-76.37,29.04
37.33,-76.35,29.0
37.33,-76.33,28.9
37.33,-76.31,28.86
37.33,-76.27,28.54
37.33,-76.25,28.31
37.33,-76.23,28.33
37.33,-76.21,28.37
37.33,-76.19,28.37
37.33,-76.17,28.39
37.33,-76.15,28.46
37.33,-76.13,28.47
37.33,-76.11,28.39
37.33,-76.09,28.34
37.33,-76.07,28.3
37.33,-76.05,28.27
37.33,-76.03,28.67
37.33,-75.89,29.04
37.33,-75.83,28.53
37.33,-75.81,28.2
37.33,-75.77,28.46
37.33,-75.73,27.44
37.33,-75.71,27.29
37.33,-75.69,27.38
37.33,-75.67,27.36
37.33,-75.65,27.21
37.33,-75.63,27.09
37.33,-75.61,27.12
37.33,-75.59,27.13
37.33,-75.57,27.19
37.33,-75.55,27.16
37.33,-75.53,27.13
37.33,-75.51,27.1
37.33,-75.49,27.04
37.33,-75.47,26.97
37.33,-75.45,26.94
37.33,-75.43,26.92
37.33,-75.41,26.98
37.33,-75.39,27.11
37.33,-75.37,27.19
37.33,-75.35,27.68
37.33,-75.33,27.89
37.33,-75.31,27.79
37.33,-75.29,27.34
37.33,-75.27,27.28
37.33,-75.25,27.19
37.33,-75.23,27.21
37.33,-75.21,27.21
37.33,-75.19,27.16
37.33,-75.17,27.27
37.33,-75.15,27.35
37.33,-75.13,27.49
37.33,-75.11,27.59
37.33,-75.09,27.67
37.33,-75.07,27.72
37.33,-75.05,27.66
37.33,-75.03,27.72
37.33,-75.01,27.87
37.33,-74.99,28.0
37.33,-74.97,27.99
37.33,-74.95,27.98
37.33,-74.93,28.01
37.33,-74.91,28.06
37.33,-74.89,28.15
37.33,-74.87,28.13
37.33,-74.81,27.46
37.33,-74.79,27.43
37.33,-74.77,27.09
37.33,-74.75,26.98
37.33,-74.73,26.92
37.33,-74.71,26.86
37.33,-74.69,26.87
37.33,-74.67,26.75
37.33,-74.65,26.76
37.33,-74.63,26.79
37.33,-74.61,26.81
37.33,-74.59,26.79
37.33,-74.57,26.78
37.33,-74.55,26.84
37.33,-74.53,26.8
37.33,-74.51,26.76
37.33,-74.49,26.84
37.33,-74.47,26.89
37.33,-74.45,26.95
37.33,-74.43,27.03
37.33,-74.41,27.05
37.33,-74.39,26.9
37.33,-74.37,26.85
37.33,-74.35,26.85
37.33,-74.33,26.83
37.33,-74.31,26.78
37.33,-74.29,26.74
37.33,-74.27,26.81
37.33,-74.25,26.85
37.33,-74.23,26.76
37.33,-74.21,26.78
37.33,-74.19,26.64
37.33,-74.17,26.61
37.33,-74.15,26.67
37.33,-74.13,26.67
37.33,-74.11,26.67
37.33,-74.09,26.64
37.33,-74.07,26.6
37.33,-74.05,26.58
37.33,-74.03,26.57
37.33,-74.01,26.55
37.33,-73.99,26.56
37.33,-73.97,26.58
37.33,-73.95,26.59
37.33,-73.93,26.62
37.33,-73.91,26.61
37.33,-73.89,26.64
37.33,-73.87,26.62
37.33,-73.85,26.65
37.33,-73.83,26.71
37.33,-73.81,26.71
37.33,-73.79,26.74
37.33,-73.77,26.83
37.33,-73.75,26.88
37.33,-73.73,26.85
37.33,-73.71,26.84
37.33,-73.69,26.88
37.33,-73.67,26.9
37.33,-73.65,26.98
37.33,-73.63,27.02
37.33,-73.61,27.08
37.33,-73.59,27.08
37.33,-73.57,27.03
37.33,-73.55,26.93
37.33,-73.53,26.85
37.33,-73.51,26.87
37.33,-73.49,26.89
37.33,-73.47,26.88
37.33,-73.45,26.83
37.33,-73.43,26.78
37.33,-73.41,26.73
37.33,-73.39,26.68
37.33,-73.37,26.62
37.33,-73.35,26.5
37.33,-73.33,26.46
37.33,-73.31,26.37
37.33,-73.29,26.29
37.33,-73.27,26.21
37.33,-73.25,26.15
37.33,-73.23,26.13
37.33,-73.21,26.14
37.33,-73.19,26.12
37.33,-73.17,26.16
37.33,-73.15,26.12
37.33,-73.13,26.13
37.33,-73.11,26.08
37.33,-73.09,26.09
37.33,-73.07,26.15
37.33,-73.05,26.2
37.33,-73.03,26.12
37.33,-73.01,26.12
37.33,-72.99,26.14
37.33,-72.97,26.15
37.33,-72.95,26.11
37.33,-72.93,26.08
37.33,-72.91,26.14
37.33,-72.89,26.15
37.33,-72.87,26.11
37.33,-72.85,26.07
37.33,-72.83,26.04
37.33,-72.79,25.96
37.33,-72.73,25.98
37.33,-72.71,25.99
37.33,-72.69,26.04
37.33,-72.67,26.09
37.33,-72.65,26.13
37.33,-72.63,26.2
37.33,-72.61,26.25
37.33,-72.59,26.24
37.33,-72.57,26.26
37.33,-72.41,26.94
37.33,-72.39,26.95
37.33,-72.37,27.05
37.33,-72.35,27.03
37.33,-72.33,27.1
37.33,-72.27,27.5
37.33,-72.25,27.53
37.33,-72.23,27.52
37.33,-72.21,27.46
37.33,-72.19,27.41
37.33,-72.17,27.42
37.33,-72.15,27.42
37.33,-72.13,27.32
37.33,-72.11,27.1
37.33,-72.09,27.02
37.33,-72.07,27.05
37.33,-72.05,27.0
37.33,-72.03,27.06
37.33,-72.01,27.14
37.33,-71.99,27.04
37.33,-71.89,28.2
37.33,-71.87,28.16
37.33,-71.85,27.52
37.33,-71.83,27.51
37.33,-69.25,29.42
37.33,-69.23,29.73
37.33,-69.21,29.72
37.33,-69.19,29.68
37.31,-76.37,28.97
37.31,-76.35,28.87
37.31,-76.33,28.79
37.31,-76.31,28.63
37.31,-76.29,28.54
37.31,-76.27,28.07
37.31,-76.25,28.31
37.31,-76.23,28.44
37.31,-76.21,28.47
37.31,-76.19,28.48
37.31,-76.17,28.48
37.31,-76.15,28.49
37.31,-76.13,28.45
37.31,-76.11,28.4
37.31,-76.09,28.43
37.31,-76.07,28.47
37.31,-76.05,28.94
37.31,-76.03,29.11
37.31,-75.85,28.98
37.31,-75.83,28.21
37.31,-75.81,27.78
37.31,-75.79,27.85
37.31,-75.77,28.06
37.31,-75.75,27.91
37.31,-75.73,27.7
37.31,-75.71,27.56
37.31,-75.69,27.76
37.31,-75.67,27.33
37.31,-75.65,27.28
37.31,-75.63,27.21
37.31,-75.61,27.15
37.31,-75.59,27.12
37.31,-75.57,27.13
37.31,-75.55,27.2
37.31,-75.53,27.13
37.31,-75.51,27.11
37.31,-75.49,27.07
37.31,-75.47,27.06
37.31,-75.45,27.07
37.31,-75.43,27.03
37.31,-75.41,27.13
37.31,-75.39,27.16
37.31,-75.37,27.23
37.31,-75.35,27.91
37.31,-75.33,28.01
37.31,-75.31,27.77
37.31,-75.29,27.35
37.31,-75.27,27.32
37.31,-75.25,27.29
37.31,-75.23,27.17
37.31,-75.21,27.17
37.31,-75.19,27.24
37.31,-75.17,27.39
37.31,-75.15,27.43
37.31,-75.13,27.48
37.31,-75.11,27.65
37.31,-75.09,27.71
37.31,-75.07,27.71
37.31,-75.05,27.63
37.31,-75.03,27.66
37.31,-75.01,27.86
37.31,-74.99,27.97
37.31,-74.97,27.96
37.31,-74.95,27.97
37.31,-74.93,27.97
37.31,-74.91,28.02
37.31,-74.89,28.02
37.31,-74.87,28.01
37.31,-74.81,27.26
37.31,-74.79,27.18
37.31,-74.77,27.0
37.31,-74.75,26.96
37.31,-74.73,26.94
37.31,-74.71,26.91
37.31,-74.69,26.81
37.31,-74.67,26.65
37.31,-74.65,26.65
37.31,-74.63,26.71
37.31,-74.61,26.78
37.31,-74.59,26.67
37.31,-74.57,26.67
37.31,-74.55,26.79
37.31,-74.53,26.8
37.31,-74.51,26.81
37.31,-74.49,26.78
37.31,-74.47,26.83
37.31,-74.45,26.96
37.31,-74.43,26.9
37.31,-74.41,27.11
37.31,-74.39,26.86
37.31,-74.37,26.75
37.31,-74.35,26.86
37.31,-74.33,26.83
37.31,-74.31,26.81
37.31,-74.29,26.76
37.31,-74.27,26.79
37.31,-74.25,26.8
37.31,-74.23,26.81
37.31,-74.21,26.75
37.31,-74.19,26.66
37.31,-74.17,26.68
37.31,-74.15,26.71
37.31,-74.13,26.7
37.31,-74.11,26.68
37.31,-74.09,26.64
37.31,-74.07,26.54
37.31,-74.05,26.53
37.31,-74.03,26.52
37.31,-74.01,26.55
37.31,-73.99,26.54
37.31,-73.97,26.53
37.31,-73.95,26.57
37.31,-73.93,26.57
37.31,-73.91,26.55
37.31,-73.89,26.57
37.31,-73.87,26.64
37.31,-73.85,26.65
37.31,-73.83,26.66
37.31,-73.81,26.74
37.31,-73.79,26.81
37.31,-73.77,26.84
37.31,-73.75,26.84
37.31,-73.73,26.89
37.31,-73.71,26.9
37.31,-73.69,26.93
37.31,-73.67,26.97
37.31,-73.65,27.02
37.31,-73.63,27.04
37.31,-73.61,27.09
37.31,-73.59,27.08
37.31,-73.57,26.98
37.31,-73.55,26.87
37.31,-73.53,26.79
37.31,-73.51,26.8
37.31,-73.49,26.8
37.31,-73.47,26.79
37.31,-73.45,26.76
37.31,-73.43,26.7
37.31,-73.41,26.66
37.31,-73.39,26.59
37.31,-73.37,26.73
37.31,-73.35,26.66
37.31,-73.33,26.48
37.31,-73.31,26.32
37.31,-73.29,26.27
37.31,-73.27,26.17
37.31,-73.25,26.12
37.31,-73.23,26.07
37.31,-73.21,25.96
37.31,-73.19,25.94
37.31,-73.17,25.97
37.31,-73.15,26.01
37.31,-73.13,26.03
37.31,-73.11,26.04
37.31,-73.09,26.04
37.31,-73.07,26.06
37.31,-73.05,26.05
37.31,-73.03,26.1
37.31,-73.01,26.11
37.31,-72.99,26.1
37.31,-72.97,26.11
37.31,-72.95,26.22
37.31,-72.93,26.14
37.31,-72.91,26.18
37.31,-72.89,26.18
37.31,-72.87,26.1
37.31,-72.85,26.04
37.31,-72.83,25.99
37.31,-72.81,25.93
37.31,-72.79,25.92
37.31,-72.77,25.9
37.31,-72.75,25.93
37.31,-72.73,25.97
37.31,-72.71,25.98
37.31,-72.69,26.03
37.31,-72.67,26.14
37.31,-72.65,26.18
37.31,-72.63,26.27
37.31,-72.61,26.29
37.31,-72.59,26.27
37.31,-72.57,26.28
37.31,-72.55,26.23
37.31,-72.53,26.26
37.31,-72.51,26.68
37.31,-72.41,27.07
37.31,-72.37,27.05
37.31,-72.35,27.29
37.31,-72.33,27.34
37.31,-72.27,27.47
37.31,-72.25,27.47
37.31,-72.23,27.41
37.31,-72.21,27.31
37.31,-72.19,27.26
37.31,-72.17,27.22
37.31,-72.15,27.28
37.31,-72.11,26.99
37.31,-71.87,27.64
37.31,-71.85,27.59
37.31,-71.83,27.96
37.31,-69.21,29.72
37.29,-76.37,28.74
37.29,-76.35,28.6
37.29,-76.33,28.5
37.29,-76.31,28.5
37.29,-76.29,28.48
37.29,-76.27,28.42
37.29,-76.25,28.39
37.29,-76.23,28.49
37.29,-76.21,28.71
37.29,-76.19,28.72
37.29,-76.17,28.57
37.29,-76.15,28.5
37.29,-76.13,28.51
37.29,-76.11,28.32
37.29,-76.09,28.35
37.29,-76.07,28.89
37.29,-76.05,28.93
37.29,-76.03,28.97
37.29,-75.85,29.04
37.29,-75.83,28.2
37.29,-75.81,28.13
37.29,-75.79,28.12
37.29,-75.77,27.31
37.29,-75.75,27.33
37.29,-75.73,27.54
37.29,-75.71,27.51
37.29,-75.69,27.41
37.29,-75.67,27.37
37.29,-75.65,27.38
37.29,-75.63,27.29
37.29,-75.61,27.21
37.29,-75.59,27.14
37.29,-75.57,27.11
37.29,-75.55,27.27
37.29,-75.53,27.21
37.29,-75.51,27.19
37.29,-75.49,27.14
37.29,-75.47,27.15
37.29,-75.45,27.13
37.29,-75.43,27.15
37.29,-75.41,27.2
37.29,-75.39,27.15
37.29,-75.37,27.41
37.29,-75.35,27.79
37.29,-75.33,27.92
37.29,-75.31,27.87
37.29,-75.29,27.3
37.29,-75.27,27.22
37.29,-75.25,27.11
37.29,-75.23,27.12
37.29,-75.21,27.18
37.29,-75.19,27.27
37.29,-75.17,27.42
37.29,-75.15,27.56
37.29,-75.13,27.66
37.29,-75.11,27.73
37.29,-75.09,27.65
37.29,-75.07,27.63
37.29,-75.05,27.61
37.29,-75.03,27.7
37.29,-75.01,27.79
37.29,-74.99,27.85
37.29,-74.97,27.91
37.29,-74.95,27.88
37.29,-74.93,27.9
37.29,-74.91,27.97
37.29,-74.89,27.96
37.29,-74.87,27.78
37.29,-74.79,27.26
37.29,-74.77,27.06
37.29,-74.75,26.96
37.29,-74.73,26.9
37.29,-74.71,26.9
37.29,-74.69,26.75
37.29,-74.67,26.67
37.29,-74.65,26.67
37.29,-74.63,26.7
37.29,-74.61,26.73
37.29,-74.59,26.68
37.29,-74.57,26.72
37.29,-74.55,26.81
37.29,-74.53,26.82
37.29,-74.51,26.88
37.29,-74.49,26.86
37.29,-74.47,26.79
37.29,-74.45,26.65
37.29,-74.43,26.64
37.29,-74.41,26.79
37.29,-74.39,26.82
37.29,-74.37,26.76
37.29,-74.35,26.84
37.29,-74.33,26.84
37.29,-74.31,26.8
37.29,-74.29,26.7
37.29,-74.27,26.82
37.29,-74.25,26.88
37.29,-74.23,26.88
37.29,-74.21,26.84
37.29,-74.19,26.77
37.29,-74.17,26.74
37.29,-74.15,26.77
37.29,-74.13,26.76
37.29,-74.11,26.7
37.29,-74.09,26.59
37.29,-74.07,26.54
37.29,-74.05,26.58
37.29,-74.03,26.55
37.29,-74.01,26.5
37.29,-73.99,26.52
37.29,-73.97,26.49
37.29,-73.95,26.55
37.29,-73.93,26.63
37.29,-73.91,26.56
37.29,-73.89,26.67
37.29,-73.87,26.63
37.29,-73.85,26.72
37.29,-73.83,26.76
37.29,-73.81,26.78
37.29,-73.79,26.81
37.29,-73.77,26.81
37.29,-73.75,26.84
37.29,-73.73,26.85
37.29,-73.71,26.88
37.29,-73.69,26.93
37.29,-73.67,26.99
37.29,-73.65,27.01
37.29,-73.63,27.07
37.29,-73.61,27.05
37.29,-73.59,26.97
37.29,-73.57,26.9
37.29,-73.55,26.82
37.29,-73.53,26.78
37.29,-73.51,26.78
37.29,-73.49,26.74
37.29,-73.47,26.71
37.29,-73.45,26.67
37.29,-73.43,26.63
37.29,-73.41,26.59
37.29,-73.39,26.52
37.29,-73.37,26.52
37.29,-73.35,26.51
37.29,-73.33,26.34
37.29,-73.31,26.21
37.29,-73.29,26.21
37.29,-73.27,26.11
37.29,-73.25,25.93
37.29,-73.23,25.75
37.29,-73.21,25.78
37.29,-73.19,25.82
37.29,-73.17,25.85
37.29,-73.15,25.94
37.29,-73.13,26.02
37.29,-73.11,26.06
37.29,-73.09,25.98
37.29,-73.07,26.01
37.29,-73.05,26.15
37.29,-73.03,26.04
37.29,-73.01,26.03
37.29,-72.99,26.04
37.29,-72.97,26.05
37.29,-72.95,26.08
37.29,-72.93,26.07
37.29,-72.91,26.13
37.29,-72.89,26.16
37.29,-72.87,26.1
37.29,-72.85,26.09
37.29,-72.83,25.96
37.29,-72.81,25.9
37.29,-72.79,25.92
37.29,-72.77,25.95
37.29,-72.75,25.96
37.29,-72.73,25.98
37.29,-72.71,26.03
37.29,-72.69,26.08
37.29,-72.67,26.22
37.29,-72.65,26.25
37.29,-72.63,26.26
37.29,-72.61,26.28
37.29,-72.59,26.38
37.29,-72.57,26.37
37.29,-72.55,26.41
37.29,-72.53,26.75
37.29,-72.51,26.95
37.29,-72.49,27.04
37.29,-72.47,27.06
37.29,-72.43,27.1
37.29,-72.41,27.13
37.29,-72.39,27.14
37.29,-72.37,27.38
37.29,-72.35,27.43
37.29,-72.33,27.64
37.29,-72.31,27.78
37.29,-72.29,27.64
37.29,-72.27,27.6
37.29,-72.25,27.5
37.29,-72.23,27.36
37.29,-72.21,27.27
37.29,-72.19,27.23
37.29,-72.17,27.15
37.29,-71.85,28.13
37.29,-71.83,28.15
37.27,-76.37,28.67
37.27,-76.35,28.49
37.27,-76.33,28.5
37.27,-76.31,28.55
37.27,-76.29,28.51
37.27,-76.27,28.55
37.27,-76.25,28.63
37.27,-76.23,28.65
37.27,-76.21,28.83
37.27,-76.19,28.81
37.27,-76.17,28.7
37.27,-76.15,28.74
37.27,-76.13,28.69
37.27,-76.11,28.57
37.27,-76.09,28.8
37.27,-76.07,28.8
37.27,-76.05,28.16
37.27,-76.03,28.03
37.27,-75.91,29.16
37.27,-75.81,28.31
37.27,-75.79,27.84
37.27,-75.77,27.51
37.27,-75.75,27.18
37.27,-75.73,27.23
37.27,-75.71,27.4
37.27,-75.69,27.35
37.27,-75.67,27.32
37.27,-75.65,27.3
37.27,-75.63,27.29
37.27,-75.61,27.26
37.27,-75.59,27.26
37.27,-75.57,27.3
37.27,-75.55,27.31
37.27,-75.53,27.28
37.27,-75.51,27.21
37.27,-75.49,27.2
37.27,-75.47,27.22
37.27,-75.45,27.27
37.27,-75.43,27.36
37.27,-75.41,27.39
37.27,-75.39,27.39
37.27,-75.37,27.38
37.27,-75.35,27.69
37.27,-75.33,28.24
37.27,-75.31,27.96
37.27,-75.29,27.32
37.27,-75.27,27.26
37.27,-75.25,27.29
37.27,-75.23,27.28
37.27,-75.21,27.28
37.27,-75.19,27.35
37.27,-75.17,27.44
37.27,-75.15,27.59
37.27,-75.13,27.59
37.27,-75.11,27.66
37.27,-75.09,27.63
37.27,-75.07,27.65
37.27,-75.05,27.69
37.27,-75.03,27.69
37.27,-75.01,27.73
37.27,-74.99,27.75
37.27,-74.97,27.82
37.27,-74.95,27.79
37.27,-74.93,27.74
37.27,-74.91,27.71
37.27,-74.89,27.68
37.27,-74.87,27.62
37.27,-74.85,27.61
37.27,-74.79,27.25
37.27,-74.77,26.97
37.27,-74.75,26.87
37.27,-74.73,26.88
37.27,-74.71,26.85
37.27,-74.69,26.8
37.27,-74.67,26.73
37.27,-74.65,26.65
37.27,-74.63,26.64
37.27,-74.61,26.65
37.27,-74.59,26.68
37.27,-74.57,26.82
37.27,-74.55,26.88
37.27,-74.53,26.9
37.27,-74.51,26.89
37.27,-74.49,26.78
37.27,-74.47,26.65
37.27,-74.45,26.6
37.27,-74.43,26.62
37.27,-74.41,26.72
37.27,-74.39,26.85
37.27,-74.37,26.87
37.27,-74.35,26.89
37.27,-74.33,26.87
37.27,-74.31,26.81
37.27,-74.29,26.77
37.27,-74.27,26.84
37.27,-74.25,26.92
37.27,-74.23,27.03
37.27,-74.21,26.94
37.27,-74.19,26.8
37.27,-74.17,26.82
37.27,-74.15,26.83
37.27,-74.13,26.8
37.27,-74.11,26.79
37.27,-74.09,26.62
37.27,-74.07,26.48
37.27,-74.05,26.53
37.27,-74.03,26.52
37.27,-74.01,26.49
37.27,-73.99,26.48
37.27,-73.97,26.5
37.27,-73.95,26.51
37.27,-73.93,26.56
37.27,-73.91,26.65
37.27,-73.89,26.69
37.27,-73.87,26.69
37.27,-73.85,26.77
37.27,-73.83,26.79
37.27,-73.81,26.77
37.27,-73.79,26.79
37.27,-73.77,26.78
37.27,-73.75,26.82
37.27,-73.73,26.82
37.27,-73.71,26.86
37.27,-73.69,26.92
37.27,-73.67,26.97
37.27,-73.65,27.03
37.27,-73.63,27.04
37.27,-73.61,26.9
37.27,-73.59,26.87
37.27,-73.57,26.83
37.27,-73.55,26.8
37.27,-73.53,26.74
37.27,-73.51,26.72
37.27,-73.49,26.66
37.27,-73.47,26.65
37.27,-73.45,26.59
37.27,-73.43,26.56
37.27,-73.41,26.55
37.27,-73.39,26.55
37.27,-73.37,26.49
37.27,-73.35,26.44
37.27,-73.33,26.24
37.27,-73.31,26.11
37.27,-73.29,26.06
37.27,-73.27,25.71
37.27,-73.25,25.66
37.27,-73.23,25.66
37.27,-73.21,25.69
37.27,-73.19,25.89
37.27,-73.17,25.88
37.27,-73.15,25.85
37.27,-73.13,26.02
37.27,-73.11,25.95
37.27,-73.09,25.9
37.27,-73.07,25.91
37.27,-73.05,25.96
37.27,-73.03,25.93
37.27,-73.01,25.92
37.27,-72.99,25.94
37.27,-72.97,25.95
37.27,-72.95,25.99
37.27,-72.93,26.02
37.27,-72.91,26.08
37.27,-72.89,26.11
37.27,-72.87,26.19
37.27,-72.85,26.02
37.27,-72.83,26.01
37.27,-72.81,25.98
37.27,-72.79,25.99
37.27,-72.77,26.02
37.27,-72.75,25.98
37.27,-72.73,26.04
37.27,-72.71,26.12
37.27,-72.69,26.22
37.27,-72.67,26.3
37.27,-72.65,26.29
37.27,-72.63,26.32
37.27,-72.61,26.4
37.27,-72.59,26.57
37.27,-72.57,26.57
37.27,-72.55,26.72
37.27,-72.53,26.9
37.27,-72.51,26.99
37.27,-72.49,27.06
37.27,-72.47,27.11
37.27,-72.45,27.13
37.27,-72.43,27.2
37.27,-72.41,27.29
37.27,-72.39,27.4
37.27,-72.37,27.52
37.27,-72.35,27.69
37.27,-72.33,27.75
37.27,-72.31,27.72
37.27,-72.29,27.78
37.27,-72.27,27.84
37.27,-72.25,27.83
37.27,-72.23,27.76
37.27,-72.21,27.36
37.27,-72.19,27.29
